STATE,ST_CASE,VE_TOTAL,VE_FORMS,PVH_INVL,PEDS,PERNOTMVIT,PERMVIT,PERSONS,COUNTY,CITY,DAY,MONTH,YEAR,DAY_WEEK,HOUR,MINUTE,NHS,ROAD_FNC,ROUTE,TWAY_ID,TWAY_ID2,MILEPT,LATITUDE,LONGITUD,SP_JUR,HARM_EV,MAN_COLL,RELJCT1,RELJCT2,TYP_INT,WRK_ZONE,REL_ROAD,LGT_COND,WEATHER1,WEATHER2,WEATHER,SCH_BUS,RAIL,NOT_HOUR,NOT_MIN,ARR_HOUR,ARR_MIN,HOSP_HR,HOSP_MN,CF1,CF2,CF3,FATALS,DRUNK_DR
1,10237,1,1,0,0,0,1,1,97,2100,30,4,2012,2,2,20,0,14,6,7101,,0,30.71145833,-88.16396111,0,1,0,0,1,1,0,4,3,1,0,1,0,0000000,99,99,2,30,99,99,0,0,0,1,0
1,10238,1,1,0,0,0,3,3,73,330,28,4,2012,7,17,52,1,11,1,I-59,,1125,33.41581389,-86.96353889,0,59,0,0,1,1,4,4,5,1,0,1,0,0000000,99,99,17,56,99,99,0,0,0,1,1
1,10239,1,1,0,0,0,1,1,73,1750,15,4,2012,1,10,21,0,15,6,FLOYD BRADFOD ROAD,,0,33.56290556,-86.61146944,0,59,0,0,1,1,0,4,1,1,0,1,0,0000000,10,26,10,38,11,5,0,0,0,1,0
1,10240,2,2,0,0,0,2,2,89,0,23,4,2012,2,10,45,1,2,2,US-SR 1,,3499,34.94562222,-86.57176667,0,12,1,0,1,1,0,1,1,1,0,1,0,0000000,99,99,11,24,88,88,0,0,0,1,0
1,10241,1,1,0,0,0,1,1,81,0,27,4,2012,6,22,26,1,2,2,US-SR 1,,1423,32.71205278,-85.37487222,0,1,0,0,1,1,0,4,2,1,0,1,0,0000000,99,99,22,40,88,88,0,0,0,1,1
1,10242,1,1,0,0,0,1,1,73,0,2,5,2012,4,12,15,0,15,4,CR-ACTON ROAD,,0,33.41204444,-86.75793889,0,35,0,0,1,1,0,4,1,1,0,1,0,0000000,99,99,12,22,99,99,0,0,0,1,0
1,10243,1,1,0,0,0,1,1,97,2100,3,5,2012,5,7,12,1,11,1,I-65,,20,30.65261667,-88.12038333,0,52,0,1,5,1,0,4,1,10,0,10,0,0000000,99,99,7,10,88,88,0,0,0,1,0
1,10244,1,1,0,1,1,3,3,125,3050,5,5,2012,7,20,7,0,14,5,1185,,0,33.19434722,-87.59840556,0,8,0,0,1,1,0,1,3,1,0,1,0,0000000,99,99,20,11,88,88,0,0,0,1,0
1,10245,2,2,0,0,0,3,3,7,620,7,5,2012,2,8,0,0,15,2,US-SR 6,BIRMINGHAM ROAD,830,32.95874444,-87.14762778,0,12,6,0,2,2,0,1,1,1,0,1,0,0000000,99,99,8,5,99,99,0,0,0,1,0
1,10246,1,1,0,0,0,1,1,51,970,11,5,2012,6,21,10,0,4,6,5008,,0,32.63194167,-86.03436111,0,34,0,0,1,1,0,4,3,10,0,10,0,0000000,99,99,21,14,99,99,0,0,0,1,0
1,10247,1,1,0,1,1,1,1,89,1730,12,5,2012,7,23,34,1,12,3,SR-53,,0,34.72011944,-86.61517778,0,8,0,0,1,1,0,1,3,2,0,2,0,0000000,99,99,23,40,99,99,19,0,0,1,0
1,10248,1,1,0,0,0,1,1,89,2368,12,5,2012,7,3,0,0,4,6,OLD HWY 431,,0,34.56493333,-86.45394167,0,30,0,0,1,1,0,4,2,10,0,10,0,0000000,99,99,3,40,88,88,0,0,0,1,0
1,10249,1,1,0,0,0,1,1,103,0,1,5,2012,3,20,35,1,1,1,I-65,,3340,34.54608611,-86.90628333,0,1,0,0,1,1,0,4,2,1,0,1,0,0000000,99,99,20,50,88,88,0,0,0,1,0
1,10250,1,1,0,0,0,1,1,21,0,1,5,2012,3,15,28,0,6,4,CR-612,,0,32.72965556,-86.81389444,0,35,0,0,1,1,0,4,1,1,0,1,0,0000000,99,99,15,31,88,88,20,0,0,1,1
1,10251,2,2,0,0,0,3,3,89,0,3,5,2012,5,12,20,0,3,4,CR-WALL TRIANA HWY,,0,34.76481667,-86.74949444,0,12,2,0,1,1,0,1,1,2,0,2,0,0000000,99,99,12,31,99,99,0,0,0,1,0
1,10252,3,3,0,0,0,3,3,73,1750,4,5,2012,6,15,35,1,11,1,I-459,,270,33.52895833,-86.65622222,0,12,6,0,1,1,0,1,1,1,0,1,0,0000000,99,99,15,50,88,88,0,0,0,1,0
1,10253,1,1,0,0,0,1,1,121,0,5,5,2012,7,13,30,0,4,4,CR-PRIEBES MILL ROAD,,0,33.55332222,-85.9404,0,42,0,0,1,1,0,4,1,1,0,1,0,0000000,99,99,13,40,88,88,0,0,0,1,1
1,10254,2,2,0,0,0,3,3,125,0,7,5,2012,2,14,46,0,5,4,CR-NORTHSIDE ROAD,,0,33.45931944,-87.70105556,0,12,2,0,1,1,0,1,1,2,0,2,0,0000000,99,99,15,4,99,99,0,0,0,1,0
1,10255,1,1,0,0,0,1,1,117,0,7,5,2012,2,12,55,1,1,1,I-65,,2295,33.12057222,-86.74163333,0,24,0,0,1,1,0,3,1,1,0,1,0,0000000,99,99,13,11,88,88,0,0,0,1,0
1,10257,2,1,1,0,0,1,1,51,0,7,5,2012,2,6,50,0,3,3,SR-170,,101,32.63127778,-86.06923889,0,34,0,0,1,1,0,4,1,10,0,10,0,0000000,99,99,7,10,99,99,0,0,0,1,0
1,10258,1,1,0,0,0,1,1,113,2440,8,5,2012,3,2,30,1,12,2,US-SR 8,,2166,32.49883889,-85.01859167,0,42,0,0,1,1,0,4,2,10,0,10,0,0000000,99,99,2,49,88,88,0,0,0,1,1
1,10259,1,1,0,0,0,1,1,37,0,16,5,2012,4,13,30,0,4,4,CR-55,,0,32.94983611,-86.44012778,0,42,0,0,1,1,0,4,1,10,0,10,0,0000000,99,99,13,59,88,88,0,0,0,1,0
1,10260,1,1,0,1,1,2,2,97,0,17,5,2012,5,18,40,0,5,4,CR-WUFF ROAD,,0,30.76506389,-88.259725,0,8,0,0,1,1,0,2,1,1,0,1,0,0000000,99,99,18,51,88,88,0,0,0,1,0
1,10261,2,2,0,0,0,2,2,49,2904,17,5,2012,5,12,19,0,4,4,CR-27,,0,34.53891111,-85.76353056,0,12,6,0,8,1,0,1,1,1,0,1,0,0000000,99,99,12,35,88,88,0,0,0,1,0
1,10262,1,1,0,0,0,4,4,29,0,18,5,2012,6,22,20,0,3,2,US-SR 4,,1862,33.72772222,-85.45393333,0,35,0,0,1,1,0,4,2,1,0,1,0,0000000,99,99,22,36,88,88,0,0,0,1,1
1,10263,2,2,0,0,0,5,5,45,2380,18,5,2012,6,13,28,1,12,2,US-SR 53,,421,31.43579722,-85.63545,0,43,0,0,1,1,0,3,1,1,0,1,0,0000000,99,99,13,35,99,99,0,0,0,1,0
1,10264,1,1,0,1,1,4,4,101,2130,19,5,2012,7,13,42,0,16,6,CLARKE ST,,0,32.35601667,-86.31960278,0,8,0,0,8,1,0,1,1,1,0,1,0,0000000,99,99,13,48,99,99,0,0,0,1,0
1,10265,1,1,0,0,0,2,2,113,0,20,5,2012,1,20,37,0,4,4,CR-77,,0,32.46135833,-85.22575,0,1,0,0,1,1,0,4,2,1,0,1,0,0000000,99,99,20,50,88,88,0,0,0,2,0
1,10266,1,1,0,0,0,1,1,111,0,20,5,2012,1,3,45,0,3,3,SR-48,,203,33.33438889,-85.42708611,0,30,0,0,1,1,0,4,2,1,0,1,0,0000000,99,99,4,10,88,88,0,0,0,1,0
1,10267,3,3,0,0,0,5,5,55,0,20,5,2012,1,16,20,0,4,4,CR-71,,0,34.02489444,-85.83030278,0,12,8,0,1,1,0,1,1,1,0,1,0,0000000,99,99,16,33,99,99,0,0,0,1,0
1,10268,2,2,0,0,0,2,2,11,3090,23,3,2012,6,7,45,0,16,6,BASKIN ST,GREENWOOD ST,0,32.13754722,-85.72633333,0,12,6,0,2,3,0,1,1,2,0,2,0,0000000,99,99,7,55,88,88,0,0,0,1,0
1,10269,2,2,0,0,0,2,2,125,0,12,4,2012,5,11,45,1,2,2,US-SR 6,JUG FACTORY ROAD,556,33.14181944,-87.51375278,0,12,6,1,2,2,0,1,1,1,0,1,0,0000000,99,99,11,55,99,99,0,0,0,1,0
1,10270,1,1,0,0,0,1,1,73,350,13,4,2012,6,22,40,0,15,6,PRATT HIGHWAY,,0,33.54756389,-86.90003056,0,1,0,0,1,1,0,4,2,1,0,1,0,0000000,99,99,22,42,99,99,0,0,0,1,0
1,10271,1,1,0,0,0,2,2,73,0,16,4,2012,2,22,30,0,15,6,FOREST ROAD,,0,33.466325,-86.979975,0,42,0,0,1,1,0,4,2,2,0,2,0,0000000,99,99,23,45,99,99,20,0,0,2,0
1,10272,4,4,0,0,0,4,4,7,0,8,5,2012,3,6,55,1,2,2,US-SR 6,,885,32.93984722,-87.074075,0,12,1,0,1,1,0,1,1,10,0,10,0,0000000,99,99,7,1,99,99,14,0,0,1,0
1,10273,2,2,0,0,0,4,4,81,0,12,5,2012,7,8,30,0,3,3,SR-169,,211,32.57121944,-85.31163611,0,12,2,0,1,1,0,1,1,10,0,10,0,0000000,99,99,8,40,99,99,0,0,0,1,1
1,10274,3,3,0,0,0,3,3,73,1716,13,5,2012,1,7,54,0,14,4,CR-LORNA ROAD,,0,33.40918611,-86.80595556,0,12,2,0,1,1,0,1,1,1,0,1,0,0000000,99,99,7,59,99,99,0,0,0,1,1
1,10275,1,1,0,1,1,1,1,77,0,15,5,2012,3,3,40,0,4,3,SR-157,,757,34.90358056,-87.74066389,0,8,0,0,1,1,0,1,2,1,0,1,0,0000000,99,99,3,50,88,88,0,0,0,1,0
1,10276,2,2,0,0,0,2,2,53,0,16,5,2012,4,5,55,0,3,3,SR-21,,108,31.14759167,-87.46355,0,12,2,0,1,1,0,1,4,1,0,1,0,0000000,99,99,6,6,99,99,0,0,0,1,0
1,10277,3,3,0,0,0,3,3,9,0,19,5,2012,7,22,30,0,3,3,SR-75,WOODHAVEN BLVD,135,33.77130278,-86.63075278,0,12,1,0,3,3,0,1,2,1,0,1,0,0000000,99,99,22,40,99,99,0,0,0,1,0
1,10278,2,2,0,0,0,3,3,81,0,19,5,2012,7,18,46,0,6,4,CR-242,CR-239,0,32.5181,-85.14592778,0,12,6,0,2,2,0,1,1,1,0,1,0,0000000,99,99,18,56,99,99,0,0,0,1,0
1,10279,1,1,0,0,0,1,1,97,2100,20,5,2012,1,6,5,0,16,6,OAK KNOLL DR,,0,30.69530833,-88.08458333,0,42,0,0,1,1,0,4,4,1,0,1,0,0000000,99,99,6,10,99,99,0,0,0,1,0
1,10280,1,1,0,0,0,1,1,89,1970,20,5,2012,1,1,50,0,5,6,PALMER ROAD,,0,34.69220556,-86.77181389,0,42,0,0,1,1,0,4,2,1,0,1,0,0000000,99,99,2,1,99,99,0,0,0,1,0
1,10281,2,2,0,0,0,4,4,99,0,21,5,2012,2,13,35,0,4,3,SR-21,,315,31.40931389,-87.42890278,0,12,2,0,1,1,0,1,1,10,0,10,0,0000000,99,99,13,44,99,99,0,0,0,1,0
1,10282,1,1,0,1,1,1,1,97,2100,23,5,2012,4,0,51,0,15,6,SHELTON BEACH ROAD,,0,30.74016111,-88.14900833,0,8,0,0,1,1,0,1,2,10,0,10,0,0000000,99,99,0,59,99,99,0,0,0,1,0
1,10283,1,1,0,0,0,1,1,109,0,24,5,2012,5,12,45,1,6,4,CR-7718,,0,32.00039167,-85.92708333,0,34,0,0,1,1,0,4,1,1,0,1,0,0000000,99,99,14,12,88,88,0,0,0,1,0
1,10284,1,1,0,0,0,1,1,127,0,25,5,2012,6,23,58,1,2,1,I-22,,610,33.81381111,-87.30766111,0,52,0,0,1,1,0,4,2,1,0,1,0,0000000,99,99,0,10,88,88,0,0,0,1,1
1,10285,1,1,0,0,0,1,1,133,0,26,5,2012,7,14,5,0,4,4,CR-29,,0,34.06806111,-87.454075,0,42,0,0,1,1,0,4,1,1,0,1,0,0000000,88,88,88,88,88,88,0,0,0,1,0
1,10286,1,1,0,0,0,1,1,89,1970,27,5,2012,1,2,30,1,11,1,I-565,,95,34.67298889,-86.75370278,0,1,0,0,1,1,0,1,3,1,0,1,0,0000000,99,99,2,39,88,88,0,0,0,1,0
1,10287,1,1,0,0,0,1,1,49,0,31,5,2012,5,7,55,0,6,4,CR-44,,0,34.42985833,-85.85525278,0,34,0,0,1,1,0,4,1,10,0,10,0,0000000,99,99,8,15,88,88,0,0,0,1,0
1,10288,1,1,0,0,0,1,1,89,1730,24,5,2012,5,12,20,0,15,6,AIRPORT ROAD,,0,34.68943333,-86.5842,0,33,0,0,1,1,0,4,1,1,0,1,0,0000000,99,99,12,27,99,99,0,0,0,1,0
1,10289,1,1,0,0,0,1,1,43,0,1,5,2012,3,17,10,1,1,1,I-65,,2954,34.00269444,-86.86179444,0,42,0,0,1,1,0,4,1,1,0,1,0,0000000,99,99,17,27,88,88,0,0,0,1,0
1,10290,1,1,0,0,0,1,1,73,0,20,5,2012,1,16,40,0,4,4,CR-WARRIOR JASPER ROAD,,0,33.7888,-86.89093611,0,35,0,0,1,1,0,4,1,1,0,1,0,0000000,99,99,17,10,99,99,0,0,0,1,0
1,10291,3,3,0,0,0,4,4,117,2405,30,5,2012,4,16,12,0,14,4,CR-11,OAK FOREST WAY,0,33.29616111,-86.74943333,0,12,1,0,3,3,0,1,1,1,0,1,0,0000000,99,99,16,19,99,99,0,0,0,2,0
1,10292,1,1,0,0,0,1,1,85,0,30,5,2012,4,18,5,1,1,1,I-65,,1480,32.05218333,-86.49695556,0,42,0,0,1,1,0,4,1,1,0,1,0,0000000,99,99,18,45,88,88,0,0,0,1,0
1,10293,1,1,0,0,0,1,1,103,0,30,5,2012,4,11,40,0,6,4,CR-SE MORRIS ROAD,,0,34.44203889,-86.65057222,0,32,0,0,1,1,0,4,1,1,0,1,0,0000000,99,99,11,55,99,99,0,0,0,1,1
1,10294,2,2,0,0,0,3,3,73,1315,31,5,2012,5,14,30,0,14,3,SR-31,PAYNE ROAD,2850,33.65722778,-86.81163889,0,12,1,0,3,2,0,1,1,1,0,1,0,0000000,99,99,14,33,88,88,0,0,0,1,0
1,10295,2,2,0,0,0,2,2,121,0,31,5,2012,5,8,50,1,2,2,US-SR 38,,449,33.134575,-86.24748056,0,12,1,0,1,1,0,1,1,1,0,1,0,0000000,99,99,9,5,88,88,0,0,0,1,0
1,10296,1,1,0,0,0,3,3,73,350,27,5,2012,1,5,0,0,14,6,JEFFERSON AVE SW,,0,33.48088889,-86.86058333,0,19,0,0,1,1,0,4,3,1,0,1,0,0000000,99,99,4,58,99,99,0,0,0,1,1
1,10297,1,1,0,0,0,1,1,103,1590,28,5,2012,2,15,52,0,12,2,US-SR 3,,3495,34.48772222,-86.9642,0,1,0,0,1,1,0,4,1,1,0,1,0,0000000,99,99,15,54,99,99,0,0,0,1,0
1,10298,2,2,0,0,0,2,2,97,0,2,6,2012,7,0,25,0,4,4,CR-FOWL RIVER ROAD,WINDSOR RD,0,30.46248889,-88.16121111,0,12,1,0,2,3,0,1,2,1,0,1,0,0000000,99,99,0,35,99,99,0,0,0,1,2
1,10299,1,1,0,0,0,1,1,23,0,3,6,2012,1,16,45,0,6,4,CR-WILDFLOWER ROAD,HWY 84,0,31.78228611,-88.45488056,0,42,0,0,3,3,0,4,1,1,0,1,0,0000000,99,99,17,15,99,99,0,0,0,1,0
1,10300,1,1,0,0,0,1,1,43,0,3,6,2012,1,21,0,0,5,4,CR-649,,0,34.09324444,-86.67796944,0,34,0,0,1,1,0,4,3,10,0,10,0,0000000,99,99,21,33,88,88,0,0,0,1,1
1,10301,1,1,0,0,0,1,1,127,0,4,6,2012,2,0,10,0,3,3,SR-69,,2148,33.90301389,-87.14253611,0,42,0,0,1,1,0,4,2,10,0,10,0,0000000,99,99,0,52,99,99,0,0,0,1,0
1,10302,2,2,0,0,0,3,3,59,0,5,6,2012,3,12,38,1,2,3,SR-13,CR-20,2860,34.38775278,-87.73696389,0,12,6,0,2,2,0,1,1,1,0,1,0,0000000,99,99,12,44,99,99,0,0,0,1,0
1,10303,1,1,0,0,0,1,1,97,2100,9,6,2012,7,23,45,0,12,6,UNIVERSITY BLVD,,0,30.64066111,-88.15826667,0,33,0,0,1,1,0,4,3,10,0,10,0,0000000,99,99,23,52,99,99,0,0,0,1,1
1,10304,2,2,0,0,0,5,5,89,1730,10,6,2012,1,15,12,0,16,6,CECIL ASHBURN DR,,0,34.66648056,-86.53055833,0,12,6,0,1,1,0,1,1,2,0,2,0,0000000,99,99,15,19,99,99,0,0,0,1,0
1,10305,1,1,0,0,0,1,1,115,2410,2,6,2012,7,7,10,0,3,6,19TH ST,,0,33.58101111,-86.28382778,0,34,0,0,1,1,0,4,1,1,0,1,0,0000000,99,99,7,15,88,88,0,0,0,1,0
1,10306,1,1,0,0,0,2,2,73,1710,3,6,2012,1,1,54,1,11,1,I-65,,2560,33.46909722,-86.82783611,0,30,0,0,1,1,0,4,3,1,0,1,0,0000000,99,99,2,0,99,99,0,0,0,1,0
1,10307,2,2,0,0,0,4,4,131,2490,7,6,2012,5,10,43,1,2,3,SR-5,HWY 10,120,31.99498611,-87.57510278,0,12,6,0,2,2,0,1,1,1,0,1,0,0000000,99,99,11,0,99,99,0,0,0,1,0
1,10308,1,1,0,0,0,1,1,89,1730,9,6,2012,7,2,17,0,15,6,HOMER NANCE ROAD,,0,34.78806944,-86.49182222,0,34,0,0,1,1,0,4,2,1,0,1,0,0000000,99,99,2,27,99,99,0,0,0,1,0
1,10309,1,1,0,0,0,1,1,73,350,4,6,2012,2,11,15,1,15,6,LAWSON ROAD,,0,33.59959167,-86.73323611,0,1,0,0,1,1,0,4,1,2,0,2,0,0000000,99,99,11,22,99,99,0,0,0,1,0
1,10310,3,3,0,0,0,3,3,25,1760,9,4,2012,2,12,5,1,12,2,US-SR 13,,619,31.53186389,-87.89634444,0,12,1,0,1,1,0,1,1,1,0,1,0,0000000,99,99,12,11,99,99,0,0,0,1,0
1,10311,1,1,0,0,0,1,1,79,0,8,6,2012,6,17,30,0,6,4,CR-254,,0,34.59240833,-87.36736667,0,38,0,0,1,1,0,4,1,1,0,1,0,0000000,99,99,17,50,88,88,0,0,0,1,1
1,10312,1,1,0,0,0,1,1,3,1493,6,5,2012,1,1,30,0,16,6,W COMMERCE AVE,,0,30.26811944,-87.69014722,0,33,0,0,1,1,0,4,3,1,0,1,0,0000000,88,88,88,88,88,88,0,0,0,1,1
1,10313,2,2,0,0,0,4,4,89,0,26,5,2012,7,9,55,0,3,4,CR-OLD RXR BED ROAD,,0,34.77459167,-86.785825,0,12,2,0,1,1,0,1,1,1,0,1,0,0000000,99,99,10,6,99,99,0,0,0,1,0
1,10314,1,1,0,0,0,4,4,77,0,30,5,2012,4,17,30,0,6,4,CR-PARADISE DR,,0,34.90945,-88.06526944,0,35,0,0,1,1,0,4,1,1,0,1,0,0000000,99,99,18,0,99,99,0,0,0,1,1
1,10315,1,1,0,0,0,3,3,9,0,1,6,2012,6,23,30,0,6,4,CR-20,,0,33.90281111,-86.38958889,0,34,0,0,1,1,0,4,2,10,0,10,0,0000000,99,99,23,50,99,99,0,0,0,1,0
1,10316,2,2,0,0,0,2,2,53,0,4,6,2012,2,8,8,0,3,3,SR-41,,202,31.21393611,-87.18083333,0,12,1,0,1,1,1,1,1,1,0,1,0,0000000,99,99,8,38,88,88,0,0,0,1,0
1,10317,2,2,0,0,0,5,5,101,2465,5,6,2012,3,14,0,0,14,3,SR-110,,112,32.30213056,-86.00758333,1,12,6,0,1,1,0,1,1,1,0,1,0,0000000,99,99,14,8,99,99,0,0,0,2,1
1,10318,1,1,0,0,0,2,2,9,0,9,6,2012,7,19,25,0,6,4,CR-SKYLINE DR,,0,33.85048889,-86.88096944,0,34,0,0,1,1,0,4,5,10,0,10,0,0000000,99,99,19,40,99,99,0,0,0,1,1
1,10319,1,1,0,0,0,1,1,11,0,10,6,2012,1,2,30,0,4,4,CR-14,,0,32.02046667,-85.75124722,0,35,0,0,1,1,0,4,2,10,0,10,0,0000000,99,99,3,4,88,88,0,0,0,1,1
1,10320,3,3,0,0,0,6,6,55,0,10,6,2012,1,11,55,1,2,2,US-SR 278,,1198,34.05686667,-86.21594167,0,12,1,0,1,1,0,1,1,2,0,2,0,0000000,99,99,12,2,99,99,0,0,0,1,0
1,10321,1,1,0,0,0,5,5,49,0,10,6,2012,1,13,30,1,1,1,I-59,,2100,34.33256389,-85.83346389,0,35,0,0,1,1,0,3,1,2,0,2,0,0000000,99,99,13,49,88,88,0,0,0,1,0
1,10322,1,1,0,0,0,2,2,101,2130,10,6,2012,1,3,0,0,14,6,FISK ROAD,,0,32.32851389,-86.26461667,0,33,0,0,1,1,0,4,3,2,0,2,0,0000000,99,99,3,4,99,99,0,0,0,1,1
1,10323,2,2,0,0,0,3,3,9,715,12,6,2012,3,21,28,1,12,3,SR-79,JORDAN ROAD,350,33.99262778,-86.58657778,0,12,2,0,2,3,0,1,2,1,0,1,0,0000000,99,99,21,45,99,99,0,0,0,1,0
1,10324,2,2,0,2,2,2,2,3,0,13,6,2012,4,10,40,1,1,1,I-10,,462,30.64921389,-87.71974722,0,12,1,0,1,1,2,1,1,1,0,1,0,0000000,99,99,10,55,99,99,0,0,0,1,0
1,10325,1,1,0,0,0,4,4,125,0,13,6,2012,4,22,23,0,6,4,CR-SKELTON ROAD,,0,33.095025,-87.46289722,0,35,0,0,1,1,0,4,2,1,0,1,0,0000000,99,99,22,40,99,99,0,0,0,1,0
1,10326,1,1,0,0,0,1,1,95,0,13,6,2012,4,6,30,0,6,4,CR-FOSSETT ROAD,,0,34.30696944,-86.272375,0,53,0,0,1,1,0,4,4,1,0,1,0,0000000,99,99,6,43,99,99,0,0,0,1,0
1,10327,4,4,0,0,0,6,6,95,110,14,6,2012,5,15,58,0,3,3,SR-69,MAY APPLE ROAD,0,34.3158,-86.52223889,0,12,1,0,3,3,0,1,1,10,0,10,0,0000000,99,99,16,1,99,99,0,0,0,1,0
1,10328,1,1,0,1,1,1,1,15,100,14,6,2012,5,6,30,1,12,3,SR-21,,0,33.640275,-85.78591389,0,9,0,0,1,1,0,1,1,10,0,10,0,0000000,99,99,6,34,88,88,0,0,0,1,0
1,10329,2,2,0,0,0,4,4,97,0,14,6,2012,5,20,10,0,3,4,CR-DAWES ROAD,,0,30.59851944,-88.26520556,0,12,6,0,1,1,0,1,2,2,0,2,0,0000000,99,99,20,17,99,99,0,0,0,1,1
1,10330,2,2,0,0,0,3,3,71,0,15,6,2012,6,10,0,0,4,3,SR-65,,91,34.769225,-86.24519722,0,12,2,0,1,1,0,1,1,1,0,1,0,0000000,99,99,10,20,99,99,0,0,0,1,0
1,10331,2,2,0,0,0,5,5,5,0,16,6,2012,7,22,15,0,3,3,SR-51,,480,31.86129722,-85.471275,0,12,2,0,1,1,0,1,2,1,0,1,0,0000000,99,99,22,23,99,99,0,0,0,1,1
1,10332,1,1,0,0,0,1,1,93,0,16,6,2012,7,17,15,0,6,4,CR-325,,0,34.26123333,-88.00610556,0,1,0,0,1,1,0,1,1,1,0,1,0,0000000,88,88,88,88,88,88,0,0,0,1,0
1,10333,2,2,0,0,0,3,3,115,2620,16,6,2012,7,8,10,0,14,2,US-SR 4,,1358,33.58963333,-86.23941944,0,12,6,0,1,1,0,1,1,1,0,1,0,0000000,99,99,8,20,99,99,0,0,0,1,1
1,10334,2,2,0,0,0,2,2,83,9997,18,6,2012,2,12,30,1,2,2,US-SR 2,,840,34.75196389,-86.8229,0,23,0,0,1,1,0,4,1,10,0,10,0,0000000,99,99,12,45,99,99,0,0,0,1,0
1,10335,1,1,0,0,0,1,1,99,0,19,6,2012,3,7,30,0,4,4,CR-56,,0,31.79293056,-87.25988333,0,42,0,0,1,1,0,4,1,1,0,1,0,0000000,99,99,8,0,99,99,0,0,0,1,0
1,10336,1,1,0,0,0,1,1,103,0,20,6,2012,4,7,5,0,4,4,CR-OLD MOULTON ROAD,,0,34.53026389,-87.08181667,0,42,0,0,1,1,0,4,1,1,0,1,0,0000000,99,99,7,25,99,99,0,0,0,1,0
1,10337,1,1,0,0,0,1,1,79,0,20,6,2012,4,5,5,0,6,4,CR-284,,0,34.62335278,-87.31759444,0,32,0,0,1,1,0,4,1,1,0,1,0,0000000,99,99,5,30,88,88,0,0,0,1,0
1,10338,2,2,0,0,0,2,2,41,0,21,6,2012,5,17,10,0,5,4,CR-35,,0,31.69532222,-86.31031944,0,12,2,0,1,1,0,1,1,10,0,10,0,0000000,99,99,17,30,99,99,0,0,0,1,0
1,10339,2,2,0,0,0,2,2,97,2100,22,6,2012,6,13,44,0,14,6,COTTAGE HILL ROAD,,0,30.656825,-88.1334,0,12,7,0,1,1,0,1,1,1,0,1,0,0000000,99,99,13,47,99,99,23,0,0,1,0
1,10340,1,1,0,0,0,4,4,73,0,23,6,2012,7,1,35,0,4,4,CR-MORRIS MAJESTIC ROAD,,0,33.75293889,-86.77498333,0,35,0,0,1,1,0,4,2,10,0,10,0,0000000,99,99,1,51,99,99,0,0,0,2,1
1,10341,1,1,0,1,1,1,1,123,840,25,6,2012,2,21,12,1,2,2,US-SR 280,,830,32.81848611,-85.72620833,0,8,0,0,1,1,0,1,2,10,0,10,0,0000000,88,88,88,88,88,88,0,0,0,1,0
1,10342,1,1,0,1,1,1,1,73,350,7,6,2012,5,5,37,1,12,3,SR-79,37TH AVE NORTH,0,33.55839444,-86.78322222,0,9,0,0,2,3,0,1,4,1,0,1,0,0000000,99,99,5,48,88,88,0,0,0,1,0
1,10343,1,1,0,0,0,1,1,73,330,17,5,2012,5,20,45,0,16,6,15TH AVENUE,,0,33.40530556,-86.97334722,0,34,0,0,1,1,0,4,2,1,0,1,0,0000000,99,99,20,49,99,99,0,0,0,1,0
1,10344,1,1,0,0,0,1,1,73,350,9,6,2012,7,21,21,1,11,1,I-59,,1241,33.52048056,-86.83610278,0,21,0,0,1,1,0,3,3,1,0,1,0,0000000,99,99,21,40,88,88,0,0,0,1,0
1,10345,1,1,0,0,0,2,2,115,2136,18,5,2012,6,23,26,0,15,6,M.A LEE ROAD,,0,33.58944167,-86.52518056,0,1,0,0,1,1,0,1,3,1,0,1,0,0000000,99,99,23,36,99,99,0,0,0,1,1
1,10346,2,2,0,0,0,2,2,97,0,3,6,2012,1,13,25,0,12,4,CR-SCHILLINGER ROAD S,,0,30.63929444,-88.22472222,0,12,6,0,8,1,0,1,1,1,0,1,0,0000000,99,99,13,35,99,99,0,0,0,1,0
1,10347,2,2,0,0,0,5,5,91,900,7,6,2012,5,13,13,1,12,2,US-SR 8,CR-2,0,32.50825556,-87.76388333,0,12,6,0,2,3,0,1,1,1,0,1,0,0000000,99,99,99,99,99,99,0,0,0,1,0
1,10348,2,1,1,0,0,1,1,73,350,10,6,2012,1,21,18,0,16,6,AVENUE E ENSLEY,,0,33.50392778,-86.90414722,0,33,0,0,1,1,0,4,3,1,0,1,0,0000000,99,99,21,24,88,88,0,0,0,1,0
1,10349,2,2,0,0,0,2,2,73,3080,16,6,2012,7,16,44,0,15,4,CR-ROPER ROAD,,0,33.60216667,-86.56009167,0,12,8,0,1,1,0,1,1,1,0,1,0,0000000,99,99,16,52,88,88,0,0,0,1,0
1,10350,1,1,0,0,0,1,1,17,1830,23,6,2012,7,4,15,0,16,6,17TH AVE SW,,0,32.84348333,-85.20686667,0,1,0,0,1,1,0,1,2,1,0,1,0,0000000,99,99,4,35,99,99,0,0,0,1,1
1,10351,1,1,0,0,0,1,1,21,2000,27,6,2012,4,4,15,0,3,3,SR-139,,20,32.81706667,-86.88063056,0,1,0,0,1,1,0,4,2,1,0,1,0,0000000,99,99,4,40,88,88,0,0,0,1,0
1,10352,1,1,0,0,0,1,1,3,2355,30,6,2012,7,5,0,0,4,6,PERDIDO GATE DRIVE,,320,30.305775,-87.51953333,0,42,0,0,1,1,0,4,2,1,0,1,0,0000000,99,99,5,15,88,88,0,0,0,1,1
1,10353,2,2,0,0,0,7,7,39,0,2,6,2012,7,12,15,0,3,3,SR-55,COUNTY ROAD 107,338,31.37402222,-86.56472222,0,12,6,0,2,2,0,1,1,1,0,1,0,0000000,99,99,12,30,99,99,0,0,0,1,0