STATE,ST_CASE,VE_TOTAL,VE_FORMS,PVH_INVL,PEDS,PERNOTMVIT,PERMVIT,PERSONS,COUNTY,CITY,DAY,MONTH,YEAR,DAY_WEEK,HOUR,MINUTE,NHS,ROAD_FNC,ROUTE,TWAY_ID,TWAY_ID2,MILEPT,LATITUDE,LONGITUD,SP_JUR,HARM_EV,MAN_COLL,RELJCT1,RELJCT2,TYP_INT,WRK_ZONE,REL_ROAD,LGT_COND,WEATHER1,WEATHER2,WEATHER,SCH_BUS,RAIL,NOT_HOUR,NOT_MIN,ARR_HOUR,ARR_MIN,HOSP_HR,HOSP_MN,CF1,CF2,CF3,FATALS,DRUNK_DR
1,10354,1,1,0,0,0,1,1,125,0,13,6,2012,4,1,30,0,3,4,CR-HARGROVE ROAD E,,0,33.13778889,-87.46446111,0,53,0,0,1,1,0,4,2,1,0,1,0,0000000,99,99,2,45,99,99,0,0,0,1,1
1,10355,1,1,0,1,1,1,1,89,0,17,6,2012,1,1,10,1,2,2,US-SR 231,,3486,34.91814167,-86.57200833,0,8,0,0,1,1,0,1,2,1,0,1,0,0000000,99,99,1,20,99,99,0,0,0,1,0
1,10356,1,1,0,0,0,1,1,77,0,21,6,2012,5,0,50,0,4,4,CR-14,,0,34.82359167,-87.75669167,0,1,0,0,1,1,0,4,2,1,0,1,0,0000000,99,99,1,30,88,88,0,0,0,1,1
1,10357,1,1,0,0,0,1,1,101,0,22,6,2012,6,3,0,0,4,4,CR-MT ZION ROAD,,0,32.21165,-86.18194444,0,42,0,0,1,1,0,4,2,1,0,1,0,0000000,99,99,4,5,99,99,0,0,0,1,1
1,10358,1,1,0,0,0,1,1,39,0,23,6,2012,7,21,25,0,6,4,CR-75,,0,31.41833333,-86.46449444,0,1,0,0,1,1,0,4,2,1,0,1,0,0000000,99,99,21,55,88,88,0,0,0,1,1
1,10359,1,1,0,0,0,3,3,129,0,23,6,2012,7,4,20,0,4,4,CR-31,,0,31.68758611,-88.18090278,0,34,0,0,1,1,0,4,2,1,0,1,0,0000000,99,99,4,46,99,99,0,0,0,1,1
1,10360,2,2,0,0,0,2,2,53,0,24,6,2012,1,2,10,0,3,3,SR-41,,131,31.14228889,-87.13091389,0,12,2,0,1,1,0,1,2,1,0,1,0,0000000,99,99,99,99,88,88,0,0,0,1,1
1,10361,2,2,0,0,0,2,2,3,1210,24,6,2012,1,0,45,0,16,6,CYPRESS ST,,0,30.40310278,-87.68073889,0,12,1,0,1,1,0,1,3,1,0,1,0,0000000,99,99,99,99,99,99,0,0,0,1,2
1,10362,1,1,0,0,0,1,1,85,0,26,6,2012,3,21,50,0,4,4,CR-40,,0,32.33178056,-86.65030833,0,1,0,0,1,1,0,4,2,1,0,1,0,0000000,88,88,88,88,88,88,0,0,0,1,1
1,10363,2,2,0,0,0,2,2,33,0,27,6,2012,4,15,44,1,2,2,US-SR 2,HWY 247,178,34.72211667,-87.81220556,0,12,6,0,2,2,0,1,1,1,0,1,0,0000000,99,99,15,55,99,99,0,0,0,1,0
1,10364,2,2,0,0,0,3,3,53,0,27,6,2012,4,12,3,0,6,4,CR-BELL CREEK ROAD,,0,31.13867778,-87.51423611,0,12,2,0,1,1,0,1,1,1,0,1,0,0000000,99,99,12,26,99,99,0,0,0,1,0
1,10365,1,1,0,0,0,1,1,79,0,30,6,2012,7,4,20,1,2,2,US-SR 20,,516,34.65786389,-87.27014722,0,35,0,0,1,1,0,4,2,1,0,1,0,0000000,99,99,4,50,88,88,0,0,0,1,1
1,10366,1,1,0,0,0,2,2,49,0,28,6,2012,5,0,31,0,5,4,CR-3,,0,34.33046944,-86.08549167,0,34,0,0,1,1,0,4,2,1,0,1,0,0000000,99,99,0,44,88,88,0,0,0,1,1
1,10367,3,3,0,0,0,9,9,39,0,29,6,2012,6,19,35,0,3,3,SR-55,,420,31.44689444,-86.61976389,0,12,8,0,1,1,0,1,1,1,0,1,0,0000000,99,99,19,55,99,99,0,0,0,1,0
1,10368,2,2,0,0,0,2,2,127,1780,28,6,2012,5,18,36,1,2,3,SR-5,,1780,33.83742778,-87.22719167,0,12,6,0,8,1,0,1,1,1,0,1,0,0000000,99,99,18,43,99,99,0,0,0,1,0
1,10369,2,2,0,0,0,3,3,31,1030,28,6,2012,5,15,12,0,14,3,SR-88,GEORGE WALLACE DR,30,31.30373333,-85.83726389,0,12,6,0,2,2,0,1,1,1,0,1,0,0000000,99,99,15,18,99,99,0,0,0,1,0
1,10370,1,1,0,0,0,3,3,121,1870,30,6,2012,7,17,0,0,16,6,HAYNES ROAD,,0,33.59251667,-86.07571667,0,42,0,0,1,1,0,4,1,1,0,1,0,0000000,99,99,17,5,99,99,0,0,0,1,1
1,10371,1,1,0,0,0,1,1,63,1070,4,7,2012,4,16,29,0,16,6,WOODFIELD AVE,ABRAMS,0,32.84205278,-87.90373333,0,34,0,0,1,1,0,4,1,1,0,1,0,0000000,99,99,16,35,88,88,0,0,0,1,0
1,10372,1,1,0,0,0,1,1,55,190,7,7,2012,7,1,22,1,12,3,SR-77,,1080,33.99825833,-86.10638056,0,43,0,0,1,1,0,4,3,1,0,1,0,0000000,99,99,1,24,88,88,0,0,0,1,0
1,10373,2,2,0,0,0,4,4,53,0,2,7,2012,2,6,40,0,3,2,US-SR 3,,486,31.02790833,-87.37271389,0,12,2,0,1,1,0,1,1,1,0,1,0,0000000,99,99,6,55,99,99,0,0,0,1,0
1,10374,1,1,0,0,0,1,1,73,1716,3,7,2012,3,21,56,1,11,1,I-459,,80,33.34144167,-86.89193889,0,42,0,0,1,1,0,4,2,1,0,1,0,0000000,99,99,23,0,88,88,0,0,0,1,0
1,10376,2,2,0,0,0,3,3,51,3270,3,7,2012,3,13,59,1,12,2,US-SR 231,,0,32.51015556,-86.21366944,0,12,6,0,8,1,0,1,1,1,0,1,0,0000000,99,99,14,0,99,99,0,0,0,1,0
1,10377,1,1,0,0,0,3,3,115,0,4,7,2012,4,16,40,0,4,4,CR-24,,0,33.851275,-86.08783611,0,42,0,0,1,1,0,4,1,10,0,10,0,0000000,99,99,17,2,99,99,0,0,0,1,0
1,10378,1,1,0,0,0,1,1,73,1440,8,7,2012,1,5,15,0,16,4,CR-BROOKEVILLE SCHOOL ROAD,,0,33.63115556,-86.95890556,0,1,0,0,1,1,0,1,1,1,0,1,0,0000000,88,88,88,88,88,88,0,0,0,1,0
1,10379,1,1,0,0,0,1,1,3,2650,6,7,2012,6,1,30,0,3,2,US-SR 16,CR-83,630,30.56746389,-87.66601944,0,59,0,0,2,3,0,4,2,1,0,1,0,0000000,99,99,1,44,88,88,0,0,0,1,1
1,10380,3,3,0,0,0,6,6,117,0,5,7,2012,5,12,40,1,1,1,I-65,,2280,33.10708611,-86.73956111,0,12,6,1,5,1,0,1,1,1,0,1,0,0000000,99,99,12,54,99,99,0,0,0,2,0
1,10381,3,3,0,0,0,4,4,73,350,6,7,2012,6,15,40,0,14,6,SPRINGVILLE ROAD,,0,33.61391111,-86.67815278,0,12,8,0,1,1,0,1,1,1,0,1,0,0000000,99,99,15,48,99,99,0,0,0,1,0
1,10382,1,1,0,1,1,1,1,97,2100,3,7,2012,3,21,16,0,14,6,OVERLOOK ROAD,,0,30.71973611,-88.17250278,0,8,0,0,1,1,0,1,3,10,0,10,0,0000000,99,99,21,23,99,99,0,0,0,1,0
1,10383,1,1,0,1,1,1,1,121,2900,5,7,2012,5,0,1,1,12,2,US-SR 21,N HELEN ST,0,33.182875,-86.24831111,0,8,0,0,3,3,0,1,3,1,0,1,0,0000000,99,99,0,7,88,88,0,0,0,1,0
1,10384,1,1,0,0,0,2,2,89,1730,6,7,2012,6,19,52,1,11,1,I-565,,160,34.71484444,-86.64334167,0,25,0,0,1,1,0,4,5,1,0,1,0,0000000,99,99,19,58,99,99,0,0,0,1,0
1,10385,1,1,0,0,0,1,1,71,2850,17,7,2012,3,16,51,1,2,2,US-SR 2,,1530,34.81420278,-85.85418889,0,34,0,0,1,1,0,4,1,1,0,1,0,0000000,99,99,17,0,88,88,0,0,0,1,1
1,10386,2,2,0,0,0,3,3,89,2225,5,4,2012,5,17,45,1,2,2,US-SR 1,,3160,34.54550278,-86.42836667,0,12,6,0,8,1,0,1,1,10,0,10,0,0000000,99,99,17,52,99,99,0,0,0,1,0
1,10387,1,1,0,0,0,1,1,75,0,8,8,2012,4,13,25,0,4,4,CR-9,,0,33.713125,-88.15248611,0,30,0,0,1,1,0,4,1,1,0,1,0,0000000,13,28,13,34,14,43,0,0,0,1,0
1,10388,2,2,0,0,0,2,2,51,9997,19,6,2012,3,13,50,1,12,2,US-SR 6,HIGHLAND RIDGE DR,0,32.46028333,-86.39176944,0,12,6,0,2,2,0,1,1,1,0,1,0,0000000,99,99,13,58,99,99,0,0,0,1,0
1,10389,3,3,0,0,0,6,6,115,0,19,6,2012,3,11,25,0,3,2,US-SR 53,CR-70,2130,33.51091389,-86.30654167,0,12,1,0,3,3,0,1,1,1,0,1,0,0000000,99,99,11,30,99,99,0,0,0,2,0
1,10390,2,2,0,0,0,2,2,115,2136,27,6,2012,4,8,47,0,14,2,US-SR 25,,1776,33.62624167,-86.45247222,0,12,2,0,1,1,0,2,1,1,0,1,0,0000000,99,99,8,55,99,99,0,0,0,1,0
1,10391,2,2,0,0,0,3,3,115,160,27,6,2012,4,15,50,0,14,2,US-SR 53,US 411,2300,33.78182222,-86.27861111,0,12,6,0,2,2,0,1,1,1,0,1,0,0000000,99,99,16,5,99,99,0,0,0,1,0
1,10392,1,1,0,1,1,1,1,89,1730,26,6,2012,3,4,48,0,14,6,MOORES MILL ROAD,,0,34.76137778,-86.56080833,0,8,0,0,1,1,0,1,3,1,0,1,0,0000000,99,99,4,52,99,99,0,0,0,1,0
1,10393,2,2,0,0,0,3,3,73,350,27,6,2012,4,21,15,0,14,6,VALLEY AVE,PALISADES DR,0,33.47215556,-86.82131389,0,12,6,0,2,2,0,1,3,1,0,1,0,0000000,99,99,21,27,99,99,0,0,0,1,0
1,10394,1,1,0,0,0,2,2,127,0,30,6,2012,7,18,0,0,4,4,CR-63,,0,33.87920833,-87.55660556,0,34,0,0,1,1,0,4,1,1,0,1,0,0000000,99,99,18,15,99,99,0,0,0,1,1
1,10395,1,1,0,0,0,4,4,33,1915,19,6,2012,3,1,46,0,16,6,OSBURNE HILL ROAD,,0,34.58822778,-87.67199444,0,32,0,0,1,1,0,4,6,1,0,1,0,0000000,99,99,2,6,99,99,0,0,0,1,0
1,10396,4,4,0,0,0,5,5,87,0,3,7,2012,3,15,30,1,1,1,I-85,,350,32.44779722,-85.75531667,0,12,7,0,1,1,0,1,1,1,0,1,0,0000000,99,99,15,55,99,99,0,0,0,1,0
1,10397,2,2,0,0,0,3,3,13,1460,6,7,2012,6,21,5,0,14,3,SR-185,,70,31.87259167,-86.64912778,0,12,6,0,1,1,0,1,2,1,0,1,0,0000000,99,99,21,12,99,99,20,0,0,1,1
1,10398,2,2,0,0,0,3,3,49,0,6,7,2012,6,11,25,0,3,3,SR-40,,210,34.61043611,-85.65561944,0,12,2,0,1,1,0,1,1,1,0,1,0,0000000,99,99,11,48,88,88,0,0,0,1,0
1,10399,1,1,0,0,0,1,1,17,0,7,7,2012,7,6,3,1,2,2,US-SR 1,,1537,32.821225,-85.445975,0,42,0,0,1,1,0,4,1,10,0,10,0,0000000,99,99,6,10,99,99,0,0,0,1,1
1,10400,2,2,0,0,0,4,4,93,0,7,7,2012,7,9,35,1,2,2,US-SR 4,,315,33.98484444,-87.76226944,0,32,0,0,1,1,0,3,1,1,0,1,0,0000000,99,99,9,50,99,99,0,0,0,2,0
1,10401,1,1,0,0,0,2,2,29,0,8,7,2012,1,12,30,0,4,3,SR-281,,4845,33.52425833,-85.74882778,0,24,0,0,1,1,0,4,1,1,0,1,0,0000000,99,99,12,59,88,88,0,0,0,1,0
1,10402,1,1,0,1,1,3,3,33,3060,9,7,2012,2,2,52,1,12,2,US-SR 2,,255,34.71484167,-87.67831389,0,8,0,0,1,1,0,1,2,10,0,10,0,0000000,99,99,2,55,88,88,0,0,0,1,0
1,10403,1,1,0,0,0,2,2,69,0,9,7,2012,2,9,10,1,2,2,US-SR 12,,2186,31.18403333,-85.25881944,0,1,0,0,1,1,0,3,1,1,0,1,0,0000000,99,99,9,22,99,99,0,0,0,1,0
1,10404,2,2,0,0,0,2,2,23,0,11,7,2012,4,17,52,0,3,3,SR-17,,960,31.93773889,-88.30204167,0,12,6,0,1,1,0,1,1,2,0,2,0,0000000,99,99,18,2,99,99,0,0,0,1,0
1,10405,1,1,0,0,0,3,3,127,0,15,7,2012,1,22,45,1,4,3,SR-269,,390,33.80112778,-87.27653333,0,18,0,0,1,1,0,4,2,1,0,1,0,0000000,99,99,23,10,99,99,0,0,0,1,1
1,10406,2,2,0,0,0,2,2,125,0,12,7,2012,5,5,20,0,6,4,CR-MERCEDES DR,,0,33.19003056,-87.25709722,0,12,6,0,8,1,0,1,4,10,0,10,0,0000000,99,99,5,31,88,88,0,0,0,1,0
1,10407,2,2,0,0,0,3,3,43,0,15,7,2012,1,13,53,0,4,4,CR-222,,0,34.03172222,-87.05673611,0,12,6,0,8,1,0,1,1,1,0,1,0,0000000,99,99,14,1,99,99,0,0,0,1,0
1,10408,1,1,0,0,0,1,1,115,0,17,7,2012,3,13,28,0,4,4,CR-27,,0,33.54508333,-86.35775,0,42,0,0,1,1,0,4,1,2,0,2,0,0000000,99,99,13,42,88,88,0,0,0,1,0
1,10409,1,1,0,0,0,2,2,73,330,17,7,2012,3,11,6,1,11,1,I-59,,1110,33.38214722,-86.99009444,0,24,0,0,1,1,0,3,1,1,0,1,0,0000000,99,99,11,14,99,99,0,0,0,1,0
1,10410,1,1,0,1,1,1,1,73,350,14,7,2012,7,22,25,0,16,6,66TH ST S,JOPPA CT,0,33.54299167,-86.72334722,0,8,0,0,2,3,0,1,2,10,0,10,0,0000000,99,99,22,40,99,99,0,0,0,1,0
1,10411,1,1,0,0,0,1,1,95,943,30,6,2012,7,22,23,0,16,6,MOON ROAD,,0,34.16855556,-86.32048611,0,32,0,0,1,1,0,4,1,10,0,10,0,0000000,99,99,22,29,88,88,0,0,0,1,1
1,10412,1,1,0,0,0,1,1,103,890,18,7,2012,4,7,40,0,12,2,US-SR 3,,0,34.55920833,-86.97355278,0,32,0,0,1,1,0,4,1,1,0,1,0,0000000,99,99,7,42,99,99,0,0,0,1,0
1,10413,2,2,0,0,0,2,2,125,0,29,6,2012,6,5,40,0,6,4,CR-PROGRESS DR,,0,33.18377222,-87.31480556,0,12,2,0,1,1,0,1,2,1,0,1,0,0000000,99,99,5,56,99,99,0,0,0,1,0
1,10414,1,1,0,0,0,3,3,43,0,3,7,2012,3,15,21,0,4,4,CR-1834,,0,34.291925,-86.5115,0,42,0,0,1,1,0,4,1,1,0,1,0,0000000,99,99,15,51,99,99,0,0,0,2,1
1,10415,1,1,0,0,0,1,1,3,1493,12,7,2012,5,3,12,0,4,3,SR-180,,0,30.27913056,-87.67698333,0,18,0,0,1,1,0,4,3,1,0,1,0,0000000,99,99,3,16,88,88,0,0,0,1,1
1,10416,2,2,0,0,0,4,4,73,1270,12,7,2012,5,12,20,0,14,2,US-SR 3,HONEYSUCKLE DR,2830,33.62858611,-86.80517778,0,12,8,0,7,1,0,1,1,2,0,2,0,0000000,99,99,12,26,99,99,0,0,0,1,0
1,10417,1,1,0,1,1,1,1,89,1730,12,7,2012,5,21,44,0,14,6,MADISON BLVD,,0,34.694875,-86.70645,0,8,0,0,1,1,0,1,3,2,0,2,0,0000000,99,99,21,56,99,99,0,0,0,1,0
1,10418,1,1,0,0,0,3,3,97,2100,13,7,2012,6,7,7,1,11,1,I-65,,16,30.64647778,-88.11968056,0,34,0,0,1,1,0,4,1,1,0,1,0,0000000,99,99,7,25,99,99,0,0,0,1,1
1,10419,1,1,0,0,0,2,2,59,0,14,7,2012,7,17,0,0,6,4,CR-60,,0,34.55853056,-87.70088889,0,53,0,0,1,1,0,4,1,10,0,10,0,0000000,99,99,17,10,99,99,0,0,0,1,0
1,10420,1,1,0,0,0,4,4,97,0,15,7,2012,1,11,45,1,2,2,US-SR 43,,186,30.99000833,-88.02587222,0,1,0,0,1,1,0,4,1,1,0,1,0,0000000,99,99,11,50,99,99,0,0,0,1,0
1,10421,2,2,0,0,0,2,2,33,0,16,7,2012,2,6,30,1,2,3,SR-20,SOCKWELL LANE,341,34.68462778,-87.56409722,0,12,6,0,2,2,0,1,1,10,0,10,0,0000000,99,99,6,45,99,99,0,0,0,1,0
1,10422,2,2,0,0,0,3,3,133,0,16,7,2012,2,16,50,1,2,3,SR-13,,2623,34.11888333,-87.60710278,0,12,6,0,1,1,0,1,1,2,0,2,0,0000000,99,99,17,15,99,99,0,0,0,2,0
1,10423,1,1,0,0,0,1,1,21,0,19,7,2012,5,18,25,0,6,4,CR-232,,0,32.83179444,-86.68542222,0,32,0,0,1,1,0,4,1,10,0,10,0,0000000,99,99,18,34,88,88,0,0,0,1,1
1,10424,1,1,0,0,0,1,1,133,0,20,7,2012,6,17,20,0,6,4,CR-105,,0,34.19441111,-87.48190833,0,42,0,0,1,1,0,4,1,10,0,10,0,0000000,88,88,88,88,88,88,0,0,0,1,1
1,10425,2,2,0,0,0,2,2,89,1730,20,7,2012,6,2,25,1,12,2,US-SR 2,,1010,34.76176667,-86.56023056,0,12,1,0,1,1,0,1,3,10,0,10,0,0000000,99,99,2,29,88,88,0,0,0,1,0
1,10426,2,2,0,0,0,5,5,89,0,20,7,2012,6,20,15,0,5,4,CR-READY SECTION ROAD,WALL TRIANA HWY,0,34.9333,-86.74833611,0,12,1,0,2,2,0,1,1,10,0,10,0,0000000,99,99,20,23,99,99,0,0,0,1,1
1,10427,1,1,0,0,0,2,2,33,0,21,7,2012,7,5,45,0,4,4,CR-GNAT POND ROAD,,0,34.74160833,-87.58243889,0,42,0,0,1,1,0,4,2,1,0,1,0,0000000,99,99,6,5,99,99,0,0,0,1,0
1,10428,4,4,0,0,0,5,5,81,200,22,7,2012,1,0,1,0,12,6,S COLLEGE ST,E UNIVERSITY DR,0,32.63643611,-85.48171667,0,12,7,0,3,2,0,1,3,1,0,1,0,0000000,99,99,0,9,99,99,0,0,0,1,1
1,10429,1,1,0,0,0,1,1,17,0,22,7,2012,1,1,15,0,4,3,SR-50,,315,32.84663056,-85.546475,0,34,0,0,1,1,0,4,2,1,0,1,0,0000000,99,99,6,40,88,88,0,0,0,1,0
1,10430,2,2,0,0,0,2,2,41,0,23,7,2012,2,16,44,0,3,2,US-SR 10,,1525,31.73429444,-86.19333611,0,12,2,0,1,1,0,1,1,10,0,10,0,0000000,99,99,16,55,88,88,0,0,0,1,0
1,10431,1,1,0,0,0,1,1,83,0,24,7,2012,3,23,50,0,5,4,CR-EASTERFERRY ROAD,,0,34.90963611,-87.03015556,0,59,0,0,1,1,0,4,2,1,0,1,0,0000000,99,99,0,5,88,88,0,0,0,1,0
1,10432,2,2,0,0,0,2,2,73,330,26,7,2012,5,4,45,1,11,1,I-59,,1040,33.32115278,-87.05132778,0,12,7,0,1,1,0,1,2,1,0,1,0,0000000,99,99,4,47,88,88,0,0,0,1,0
1,10433,2,2,0,0,0,2,2,77,1200,14,7,2012,7,11,36,1,12,2,US-SR 2,ARLINGTON BLVD,349,34.82345,-87.64872222,0,12,6,0,2,2,0,1,1,1,0,1,0,0000000,99,99,11,47,88,88,0,0,0,1,0
1,10434,2,2,0,0,0,2,2,17,3111,25,7,2012,4,8,55,0,16,6,BOULEVARD,,0,32.79302778,-85.18631389,0,12,2,0,1,1,0,1,1,1,0,1,0,0000000,99,99,8,58,99,99,0,0,0,1,0
1,10435,1,1,0,0,0,1,1,17,3111,4,8,2012,7,17,2,0,14,6,WHITESMILL ROAD,,0,32.78703611,-85.17898889,0,42,0,0,1,1,0,4,1,2,0,2,0,0000000,99,99,17,12,99,99,0,0,0,1,0
1,10436,2,2,0,0,0,3,3,115,2136,27,6,2012,4,17,45,0,14,2,US-SR 411,,1773,33.62123889,-86.45452778,0,12,2,0,1,1,0,1,1,1,0,1,0,0000000,99,99,17,53,99,99,0,0,0,2,0
1,10437,1,1,0,0,0,1,1,47,0,28,6,2012,5,2,0,0,3,3,SR-41,,1180,32.30358889,-86.98325278,0,42,0,0,1,1,0,4,2,1,0,1,0,0000000,88,88,88,88,88,88,0,0,0,1,1
1,10438,1,1,0,1,1,1,1,73,350,30,7,2012,2,21,0,1,12,6,BANKHEAD HWY,,0,33.54092222,-86.87133056,0,8,0,0,1,1,0,1,3,10,0,10,0,0000000,99,99,21,7,88,88,0,0,0,1,0
1,10439,2,2,0,0,0,2,2,91,9997,22,7,2012,1,17,0,0,3,3,SR-69,,804,32.36251667,-87.74959722,0,12,2,0,1,1,0,1,1,2,0,2,0,0000000,88,88,88,88,88,88,0,0,0,2,0
1,10440,2,2,0,0,0,4,4,61,0,23,7,2012,2,17,10,0,3,3,SR-52,,448,31.10697778,-85.64679167,0,12,2,0,1,1,0,1,1,1,0,1,0,0000000,99,99,17,28,99,99,0,0,0,1,0
1,10441,1,1,0,1,1,1,1,97,2100,24,7,2012,3,3,20,0,12,6,SCHILLINGER ROAD N,,0,30.70631389,-88.22543889,0,8,0,0,1,1,0,1,2,1,0,1,0,0000000,99,99,3,28,88,88,0,0,0,1,0
1,10442,2,2,0,0,0,2,2,3,0,25,7,2012,4,5,30,0,3,2,US-SR 3,,89,30.72107222,-87.80086389,0,12,2,0,1,1,0,1,4,1,0,1,0,0000000,99,99,5,46,99,99,0,0,0,1,0
1,10443,2,2,0,0,0,4,4,63,0,24,7,2012,3,10,30,1,1,1,I-59,,277,32.74410833,-88.09037222,0,12,6,0,1,1,0,1,1,1,0,1,0,0000000,99,99,10,45,99,99,0,0,0,1,0
1,10444,2,1,1,0,1,1,2,97,2100,27,7,2012,6,13,5,1,1,1,I-10,,146,30.57098889,-88.18666389,0,14,0,0,1,1,0,2,1,10,0,10,0,0000000,99,99,13,14,99,99,0,0,0,1,0
1,10445,1,1,0,0,0,1,1,131,0,28,7,2012,7,2,0,0,5,4,CR-8,,0,32.21761944,-86.97628611,0,1,0,0,1,1,0,4,2,10,0,10,0,0000000,99,99,4,10,88,88,0,0,0,1,1
1,10446,1,1,0,0,0,1,1,51,0,28,7,2012,7,20,35,0,4,4,CR-WILLOW SPRINGS ROAD,,0,32.47715833,-86.1693,0,1,0,0,1,1,0,1,2,1,0,1,0,0000000,99,99,20,53,88,88,0,0,0,1,1
1,10447,2,2,0,0,0,2,2,1,0,30,7,2012,2,12,5,0,3,3,SR-143,,249,32.67515833,-86.45134167,0,12,6,0,8,1,0,1,1,1,0,1,0,0000000,99,99,12,28,88,88,0,0,0,1,0
1,10448,1,1,0,0,0,1,1,111,0,31,7,2012,3,19,36,0,4,4,CR-56,,0,33.32379167,-85.38881389,0,1,0,0,1,1,0,1,1,10,0,10,0,0000000,99,99,19,53,99,99,0,0,0,1,0
1,10449,1,1,0,0,0,1,1,33,0,2,8,2012,5,4,40,0,3,3,SR-184,,69,34.75677222,-87.53549167,0,1,0,0,1,1,0,1,2,10,0,10,0,0000000,99,99,5,5,99,99,0,0,0,1,0
1,10450,1,1,0,0,0,1,1,53,0,3,8,2012,6,14,45,0,4,4,CR-55,,0,31.02198889,-87.10961389,0,42,0,0,1,1,0,4,1,2,0,2,0,0000000,99,99,15,3,88,88,0,0,0,1,1
1,10451,2,2,0,0,0,4,4,127,0,4,8,2012,7,9,10,0,3,3,SR-69,,2141,33.90131667,-87.15001111,0,12,2,0,1,1,0,1,1,1,0,1,0,0000000,99,99,9,26,99,99,0,0,0,1,0
1,10452,1,1,0,0,0,2,2,17,3111,8,8,2012,4,11,20,1,11,1,I-85,,745,32.79474167,-85.23684444,0,42,0,0,1,1,0,4,1,1,0,1,0,0000000,99,99,11,29,99,99,0,0,0,1,0
1,10453,2,2,0,0,0,3,3,31,1010,10,8,2012,6,10,17,1,12,2,US-SR 12,,0,31.40471111,-86.024575,0,12,6,0,1,1,0,1,1,2,0,2,0,0000000,99,99,10,20,99,99,0,0,0,1,0
1,10454,1,1,0,1,1,1,1,73,350,21,7,2012,7,23,1,0,15,6,PRATT HWY,,0,33.5527,-86.90242222,0,8,0,0,1,1,0,1,2,1,0,1,0,0000000,99,99,23,10,88,88,0,0,0,1,0
1,10455,2,2,0,0,0,7,7,105,0,21,7,2012,7,17,30,0,4,4,CR-29,,0,32.77901389,-87.39807222,0,12,2,0,1,1,0,1,1,1,0,1,0,0000000,99,99,18,5,99,99,0,0,0,2,1
1,10456,2,2,0,0,0,4,4,29,0,26,7,2012,5,14,0,1,1,1,I-20,CR-49,2100,33.65498889,-85.40928611,0,12,1,0,1,1,1,1,1,1,0,1,0,0000000,99,99,14,26,99,99,0,0,0,2,0
1,10457,1,1,0,0,0,5,5,69,0,28,7,2012,7,18,40,0,6,4,CR-PANSEY ROAD,,0,31.17521944,-85.20379722,0,34,0,0,1,1,0,4,1,1,0,1,0,0000000,99,99,18,55,99,99,0,0,0,1,1
1,10458,1,1,0,0,0,2,2,73,350,4,8,2012,7,4,35,0,12,6,PARKWAY EAST,,0,33.58615278,-86.70182778,0,33,0,0,1,1,0,4,3,1,0,1,0,0000000,99,99,4,43,99,99,0,0,0,1,1
1,10459,2,2,0,0,0,2,2,53,0,3,8,2012,6,22,20,0,3,3,SR-21,,93,31.14355,-87.46351389,0,12,2,0,1,1,0,1,2,10,0,10,0,0000000,99,99,22,38,99,99,0,0,0,1,0
1,10460,2,2,0,0,0,3,3,31,0,3,8,2012,6,9,55,0,3,3,SR-167,CR-259,335,31.41575,-85.88504722,0,12,6,0,2,2,0,1,1,1,0,1,0,0000000,99,99,10,15,99,99,0,0,0,1,1
1,10461,2,2,0,1,1,4,4,125,2260,5,8,2012,1,22,56,1,12,2,US-SR 6,,470,33.23713889,-87.56592222,0,8,0,0,1,1,0,1,2,1,0,1,0,0000000,99,99,23,0,88,88,0,0,0,1,0
1,10462,1,1,0,0,0,2,2,35,0,5,8,2012,1,19,22,1,2,2,US-SR 12,,885,31.4211,-87.16767222,0,1,0,0,1,1,0,4,5,2,0,2,0,0000000,99,99,19,40,99,99,0,0,0,1,1
1,10463,1,1,0,0,0,1,1,3,0,5,8,2012,1,0,1,0,5,4,CR-65,,0,30.43161111,-87.71712778,0,32,0,0,1,1,0,4,2,1,0,1,0,0000000,99,99,0,10,99,99,0,0,0,1,1
1,10464,3,3,0,0,0,6,6,101,0,5,8,2012,1,12,5,0,3,2,US-SR 3,WINDHAM ROAD,1680,32.18581667,-86.36375,0,12,1,0,3,3,0,1,1,10,0,10,0,0000000,99,99,12,25,99,99,0,0,0,1,1
1,10465,1,1,0,0,0,1,1,113,2440,7,8,2012,3,2,0,1,13,2,US-SR 8,,2166,32.49956944,-85.01707222,0,52,0,0,1,1,0,4,3,2,0,2,0,0000000,99,99,4,23,88,88,0,0,0,1,1
1,10466,2,2,0,0,0,2,2,73,0,8,8,2012,4,20,0,1,1,1,I-65,,2787,33.76892778,-86.82950278,0,24,0,0,1,1,0,4,2,10,0,10,0,0000000,99,99,20,10,88,88,0,0,0,1,0
1,10467,2,2,0,0,0,3,3,83,0,9,8,2012,5,23,35,1,1,1,I-65,,3480,34.72720556,-86.9352,0,12,1,0,1,1,0,1,2,1,0,1,0,0000000,23,42,0,8,0,32,0,0,0,1,0
1,10468,2,2,0,0,0,3,3,69,930,9,8,2012,5,12,38,0,12,3,SR-210,,0,31.22357778,-85.4323,0,12,6,0,8,1,0,1,1,2,0,2,0,0000000,12,45,12,47,12,47,0,0,0,1,0
1,10469,1,1,0,0,0,4,4,99,0,11,8,2012,7,22,15,0,5,4,CR-EUREKA LANDING ROAD,,0,31.36402222,-87.68576389,0,1,0,0,1,1,0,4,2,1,0,1,0,0000000,22,26,22,51,0,47,0,0,0,1,1
1,10470,1,1,0,0,0,1,1,33,0,12,8,2012,1,0,5,1,2,4,CR-OLD HWY 20,,0,34.69293889,-87.46338889,0,1,0,0,1,1,0,4,2,1,0,1,0,0000000,0,5,0,19,88,88,0,0,0,1,1
1,10471,1,1,0,0,0,1,1,115,0,12,8,2012,1,11,50,1,1,1,I-59,,1669,33.86872222,-86.27458889,0,42,0,0,1,1,0,4,1,1,0,1,0,0000000,11,57,12,0,14,16,0,0,0,1,0