STATE,ST_CASE,VE_TOTAL,VE_FORMS,PVH_INVL,PEDS,PERNOTMVIT,PERMVIT,PERSONS,COUNTY,CITY,DAY,MONTH,YEAR,DAY_WEEK,HOUR,MINUTE,NHS,ROAD_FNC,ROUTE,TWAY_ID,TWAY_ID2,MILEPT,LATITUDE,LONGITUD,SP_JUR,HARM_EV,MAN_COLL,RELJCT1,RELJCT2,TYP_INT,WRK_ZONE,REL_ROAD,LGT_COND,WEATHER1,WEATHER2,WEATHER,SCH_BUS,RAIL,NOT_HOUR,NOT_MIN,ARR_HOUR,ARR_MIN,HOSP_HR,HOSP_MN,CF1,CF2,CF3,FATALS,DRUNK_DR
1,10472,2,2,0,0,0,2,2,101,2130,12,8,2012,1,3,59,1,12,2,US-SR 6,,0,32.32226389,-86.23678333,0,12,6,0,8,1,0,1,3,1,0,1,0,0000000,99,99,4,3,99,99,0,0,0,1,0
1,10473,3,1,2,0,0,4,4,109,0,14,8,2012,3,18,10,0,4,4,CR-2243,,0,31.71770833,-86.10132222,0,33,0,0,1,1,0,4,1,1,0,1,0,0000000,18,16,18,28,18,47,0,0,0,1,1
1,10474,2,2,0,0,0,2,2,125,3050,10,8,2012,6,23,27,1,12,2,US-SR 7,I-59,0,33.17345278,-87.47536944,0,12,6,0,5,1,0,1,3,1,0,1,0,0000000,23,32,23,35,88,88,0,0,0,1,0
1,10475,1,1,0,0,0,1,1,101,2130,19,8,2012,1,7,2,1,12,2,US-SR 6,PROVOST AVE,0,32.31161667,-86.22273889,0,30,0,0,2,2,0,4,1,2,0,2,0,0000000,99,99,7,9,88,88,0,0,0,1,0
1,10476,2,2,0,0,0,3,3,101,2130,12,8,2012,1,10,44,0,16,6,WEST FAIRVIE AVE,HILL ST,0,32.351325,-86.32911389,0,12,2,0,2,2,0,1,1,1,0,1,0,0000000,10,47,10,55,11,7,0,0,0,1,0
1,10477,2,2,0,0,0,2,2,57,0,13,8,2012,2,16,30,0,4,4,CR-59,,0,33.52542778,-87.9076,0,12,2,0,1,1,0,1,1,10,0,10,0,0000000,16,34,16,56,17,35,0,0,0,1,0
1,10478,2,2,0,0,0,3,3,19,0,16,8,2012,5,11,0,0,6,4,CR-78,,0,34.17061944,-85.46784167,0,12,2,0,1,1,0,1,1,1,0,1,0,0000000,99,99,11,28,88,88,0,0,0,1,1
1,10479,1,1,0,0,0,1,1,97,0,17,8,2012,6,0,35,0,6,4,CR-ARGYLE ROAD,,0,30.45231944,-88.25899722,0,32,0,0,1,1,0,4,2,10,0,10,0,0000000,0,44,1,3,88,88,0,0,0,1,1
1,10480,2,2,0,0,0,3,3,83,9997,19,8,2012,1,4,20,0,4,6,HUNTSVILLE BROWNSFERRY ROAD,,0,34.72966111,-86.85993056,0,12,2,0,1,1,0,1,8,2,0,2,0,0000000,99,99,4,40,88,88,0,0,0,1,1
1,10481,1,1,0,1,1,1,1,113,2440,20,8,2012,2,6,25,1,12,2,US-SR 1,3RD ST S,1110,32.44236389,-85.02049444,0,8,0,0,3,2,0,1,3,10,0,10,0,0000000,99,99,6,38,99,99,0,0,0,1,0
1,10482,1,1,0,0,0,1,1,75,0,20,8,2012,2,23,45,0,3,3,SR-19,,1,34.05371667,-88.13831667,0,59,0,0,1,1,0,4,2,1,0,1,0,0000000,23,47,0,27,88,88,0,0,0,1,1
1,10483,2,2,0,0,0,2,2,103,890,19,5,2012,7,13,27,0,15,6,CEDAR ST SW,SRING AVENUE SW,0,34.56996667,-86.999925,0,12,6,0,2,2,0,1,1,10,0,10,0,0000000,99,99,13,32,88,88,0,0,0,1,0
1,10484,1,1,0,0,0,1,1,73,350,4,6,2012,2,13,15,0,14,3,SR-119,,0,33.47760833,-86.62330833,0,34,0,0,1,1,0,4,1,10,0,10,0,0000000,13,9,13,18,14,0,0,0,0,1,0
1,10485,2,2,0,0,0,2,2,73,350,11,6,2012,2,5,10,1,12,3,SR-79,,0,33.63593889,-86.72775,0,12,6,0,8,1,0,1,2,2,0,2,0,0000000,99,99,5,15,88,88,0,0,0,1,0
1,10486,2,2,0,0,0,4,4,15,2370,5,8,2012,1,11,10,0,14,2,US-SR 4,,1510,33.60395556,-86.02141389,0,12,2,0,1,1,0,1,1,1,0,1,0,0000000,11,16,11,24,11,55,0,0,0,1,0
1,10487,2,2,0,0,0,2,2,81,2340,28,8,2012,3,16,5,0,12,2,US-SR 14,COMMERCE DR,0,32.62878889,-85.43903056,0,12,6,0,2,3,0,1,1,10,0,10,0,0000000,16,13,16,19,16,35,0,0,0,1,0
1,10488,1,1,0,0,0,4,4,73,330,29,8,2012,4,3,5,0,14,6,18TH ST N,,0,33.41069167,-86.97168056,0,1,0,0,1,1,0,4,3,10,0,10,0,0000000,3,11,3,14,99,99,0,0,0,1,0
1,10489,1,1,0,0,0,1,1,125,3050,2,9,2012,1,5,0,0,14,3,SR-216,,0,33.200775,-87.46969444,0,42,0,0,1,1,0,4,2,10,0,10,0,0000000,5,2,5,11,88,88,0,0,0,1,1
1,10490,4,4,0,0,0,6,6,45,2050,4,9,2012,3,19,23,1,12,2,US-SR 53,,279,31.31453056,-85.50756944,0,12,1,0,7,1,0,1,5,1,0,1,0,0000000,19,23,19,30,21,9,0,0,0,1,0
1,10491,2,2,0,2,2,1,1,127,1780,6,9,2012,5,22,41,0,15,6,INDUSTRIAL PKWY,,0,33.813825,-87.23308889,0,8,0,0,1,1,0,1,2,1,0,1,0,0000000,99,99,22,52,99,99,23,0,0,1,0
1,10492,2,2,0,0,0,2,2,61,0,20,8,2012,2,14,15,0,4,4,CR-41,CR-45,0,31.14504722,-85.76187778,0,12,6,0,2,2,0,1,1,1,0,1,0,0000000,99,99,14,27,99,99,0,0,0,1,0
1,10493,2,2,0,0,0,2,2,33,0,24,8,2012,6,15,5,1,2,3,SR-20,,320,34.685325,-87.60028611,0,12,1,0,1,1,0,1,1,10,0,10,0,0000000,15,8,15,15,88,88,0,0,0,1,1
1,10494,1,1,0,2,2,1,1,121,0,24,8,2012,6,17,50,0,5,4,CR-SYCAMORE CEMETERY ROAD,,0,33.25470833,-86.19851944,0,8,0,0,1,1,0,4,1,10,0,10,0,0000000,18,1,18,16,18,55,0,0,0,1,1
1,10495,1,1,0,0,0,1,1,107,0,24,8,2012,6,5,40,0,3,3,SR-17,,1918,33.14820278,-88.11788056,0,11,0,0,1,1,0,1,2,1,0,1,0,0000000,99,99,6,5,88,88,0,0,0,1,0
1,10496,2,2,0,0,0,2,2,103,0,24,8,2012,6,20,50,1,2,3,SR-157,DANVILLE ROAD,246,34.37938889,-87.09288333,0,12,6,0,2,2,0,1,2,1,0,1,0,0000000,99,99,21,4,99,99,0,0,0,1,1
1,10497,1,1,0,0,0,2,2,117,0,25,8,2012,7,2,50,0,3,4,CR-73,,0,33.07441389,-86.87110278,0,42,0,0,1,1,0,4,2,1,0,1,0,0000000,99,99,3,0,99,99,0,0,0,1,0
1,10498,1,1,0,0,0,1,1,123,0,25,8,2012,7,7,45,0,4,3,SR-63,,388,33.04796944,-85.93613889,0,32,0,0,1,1,0,4,1,1,0,1,0,0000000,8,10,8,18,88,88,0,0,0,1,0
1,10499,1,1,0,0,0,1,1,133,0,25,8,2012,7,1,50,0,3,4,CR-66,,0,34.16904444,-87.12668889,0,38,0,0,1,1,0,4,2,1,0,1,0,0000000,99,99,3,0,88,88,0,0,0,1,1
1,10500,2,2,0,0,0,2,2,125,0,28,8,2012,3,9,50,1,1,1,I-59,,601,33.06743611,-87.69512778,0,12,2,0,1,1,0,1,1,2,0,2,0,0000000,9,52,10,9,88,88,0,0,0,1,0
1,10501,2,2,0,0,0,2,2,19,0,28,8,2012,3,7,20,0,3,3,SR-9,,2463,34.0031,-85.61405556,0,12,2,0,1,1,0,1,1,10,0,10,0,0000000,99,99,7,30,88,88,0,0,0,1,0
1,10502,3,3,0,0,0,4,4,15,0,30,8,2012,5,15,50,1,2,2,US-SR 1,TERESA CHEATHAM DR,2445,33.81823889,-85.90672222,0,12,6,0,2,2,0,1,1,1,0,1,0,0000000,99,99,15,57,99,99,0,0,0,1,0
1,10503,1,1,0,0,0,3,3,111,0,31,8,2012,6,16,30,0,9,4,CR-256,,0,33.42668056,-85.65520833,0,1,0,0,1,1,0,1,1,1,0,1,0,0000000,16,41,16,54,17,19,0,0,0,1,0
1,10504,3,3,0,0,0,8,8,131,0,31,8,2012,6,17,25,0,3,3,SR-28,,940,31.98646389,-87.11712222,0,12,8,0,1,1,0,1,1,2,0,2,0,0000000,17,28,17,39,18,23,0,0,0,1,1
1,10505,2,2,0,0,0,3,3,125,0,31,8,2012,6,23,35,1,2,3,SR-69,,1367,33.07757778,-87.563375,0,12,2,0,1,1,0,1,2,10,0,10,0,0000000,99,99,23,49,99,99,0,0,0,2,1
1,10506,1,1,0,0,0,2,2,31,0,31,8,2012,6,23,15,0,3,4,CR-138,,0,31.52788611,-85.89711944,0,42,0,0,1,1,0,4,2,10,0,10,0,0000000,99,99,23,45,99,99,0,0,0,1,1
1,10507,2,2,0,1,1,3,3,73,350,17,8,2012,6,3,17,1,11,1,I-59,,1337,33.54439167,-86.75285,0,8,0,0,1,1,0,1,2,10,0,10,0,0000000,3,12,3,15,3,27,23,0,0,1,0
1,10508,1,1,0,0,0,1,1,13,0,1,9,2012,7,18,37,0,6,4,CR-MCCARTER ROAD,,0,31.56208056,-86.63196944,0,42,0,0,1,1,0,4,5,1,0,1,0,0000000,99,99,18,52,88,88,0,0,0,1,1
1,10509,2,2,0,0,0,2,2,73,1270,3,9,2012,2,5,0,0,14,6,REPUBLIC AVE,,0,33.61517222,-86.79469167,0,12,2,0,1,1,0,1,2,2,0,2,0,0000000,5,8,5,20,5,58,0,0,0,1,0
1,10510,2,2,0,0,0,3,3,73,0,3,9,2012,2,9,50,0,6,3,SR-79,BRADFORD HOPEWELL RD,165,33.75515833,-86.68465,0,12,6,0,2,2,0,1,1,2,0,2,0,0000000,9,53,9,59,10,36,0,0,0,1,0
1,10511,2,2,0,0,0,3,3,89,1730,3,9,2012,2,10,52,1,11,1,I-565,,70,34.66183056,-86.78615556,0,12,2,0,1,1,0,1,1,2,0,2,0,0000000,10,52,11,0,11,22,0,0,0,1,0
1,10512,1,1,0,0,0,1,1,97,0,3,9,2012,2,18,50,0,4,4,CR-FORT LAKE ROAD,,0,30.54820278,-88.38504722,0,32,0,0,1,1,0,4,1,1,0,1,0,0000000,18,48,19,4,19,38,0,0,0,1,0
1,10513,2,2,0,0,0,2,2,125,0,4,9,2012,3,7,0,0,3,2,US-SR 7,,989,33.17334722,-87.25223611,0,12,6,0,1,1,0,1,1,2,0,2,0,0000000,7,11,7,20,99,99,0,0,0,1,0
1,10514,2,2,0,0,0,2,2,1,0,7,9,2012,6,16,0,0,3,2,US-SR 3,,2042,32.64635833,-86.48723333,0,12,6,0,1,1,0,1,1,10,0,10,0,0000000,16,0,16,14,16,56,0,0,0,1,0
1,10515,2,2,0,0,0,4,4,127,1780,10,9,2012,2,15,6,0,14,3,SR-269,OLD PARRISH HWY,240,33.79601389,-87.27461667,0,12,6,0,2,3,0,1,1,1,0,1,0,0000000,15,6,15,25,15,38,0,0,0,1,0
1,10516,2,2,0,0,0,4,4,123,840,10,9,2012,2,20,47,1,12,2,US-SR 280,,793,32.85435556,-85.78802222,0,12,2,0,1,1,0,1,2,1,0,1,0,0000000,99,99,20,54,88,88,0,0,0,1,0
1,10517,2,2,0,0,0,3,3,101,0,28,6,2012,5,12,40,1,1,1,I-85,,175,32.374375,-86.03355,0,52,0,0,1,1,0,4,1,1,0,1,0,0000000,12,51,12,51,13,26,14,0,0,1,0
1,10518,1,1,0,1,1,1,1,87,0,25,8,2012,7,2,10,1,3,2,US-SR 80,,1640,32.37632222,-85.83443611,0,8,0,0,1,1,0,1,2,1,0,1,0,0000000,99,99,2,50,88,88,0,0,0,1,0
1,10519,1,1,0,1,1,1,1,89,0,25,8,2012,7,7,20,0,5,4,CR-OLD MONROVIA RD,,0,34.76993611,-86.70646667,0,32,0,0,1,1,0,4,1,10,0,10,0,0000000,7,26,7,34,8,0,0,0,0,1,0
1,10520,1,1,0,0,0,4,4,19,0,1,9,2012,7,22,55,0,6,4,CR-123,,0,34.25552778,-85.46728333,0,34,0,0,1,1,0,4,2,1,0,1,0,0000000,23,3,23,20,23,22,0,0,0,1,1
1,10521,1,1,0,0,0,2,2,63,0,7,9,2012,6,23,17,0,4,3,SR-14,,429,32.871,-87.92763056,0,34,0,0,1,1,0,4,2,1,0,1,0,0000000,23,42,23,55,23,59,0,0,0,1,1
1,10522,1,1,0,0,0,2,2,77,0,8,9,2012,7,15,30,1,2,2,US-SR 2,,484,34.85894167,-87.41829722,0,34,0,0,1,1,0,4,1,1,0,1,0,0000000,15,33,15,41,99,99,0,0,0,1,0
1,10523,1,1,0,0,0,2,2,3,1493,9,9,2012,1,18,5,0,5,3,SR-180,,61,30.23526389,-87.92433611,0,1,0,0,1,1,0,1,1,1,0,1,0,0000000,18,5,18,27,19,5,0,0,0,1,0
1,10524,1,1,0,0,0,1,1,121,0,9,9,2012,1,21,0,1,5,4,CR-PAPERTOWN ROAD,,0,33.27660556,-86.21607778,0,42,0,0,1,1,0,4,2,1,0,1,0,0000000,99,99,21,30,88,88,0,0,0,1,1
1,10525,2,2,0,0,0,3,3,101,0,9,9,2012,1,16,25,0,3,3,SR-110,,96,32.30968333,-86.03400556,0,12,2,0,1,1,0,1,1,1,0,1,0,0000000,16,59,17,16,17,37,0,0,0,1,0
1,10526,1,1,0,0,0,1,1,73,0,9,9,2012,1,1,5,0,4,2,US-SR 7,,1570,33.69256111,-86.52641389,0,42,0,0,1,1,0,4,2,1,0,1,0,0000000,1,13,1,20,88,88,0,0,0,1,1
1,10527,1,1,0,0,0,1,1,13,1460,10,9,2012,2,22,30,0,14,3,SR-10,,0,31.83431389,-86.59745556,0,42,0,0,1,1,0,4,2,1,0,1,0,0000000,22,39,22,45,0,25,0,0,0,1,1
1,10528,1,1,0,1,1,1,1,97,2100,10,9,2012,2,21,0,0,12,2,US-SR 16,,0,30.55523056,-88.17199444,0,8,0,0,1,1,0,1,2,10,0,10,0,0000000,21,4,21,10,88,88,0,0,0,1,1
1,10529,4,4,0,0,0,5,5,89,1730,13,9,2012,5,14,17,1,13,3,SR-1,WINCHESTER ROAD,3390,34.79283889,-86.57731111,0,12,6,0,2,2,0,1,1,1,0,1,0,0000000,14,18,14,25,14,46,14,0,0,2,0
1,10530,1,1,0,0,0,1,1,93,0,14,9,2012,6,4,30,0,4,4,CR-133,,0,34.14332778,-87.91296944,0,43,0,0,1,1,0,4,2,1,0,1,0,0000000,99,99,5,15,88,88,0,0,0,1,0
1,10531,1,1,0,1,1,2,2,125,3050,14,9,2012,6,18,35,1,12,2,US-SR 7,33RD AVE,0,33.20067222,-87.57941389,0,8,0,0,2,3,0,1,5,1,0,1,0,0000000,18,35,18,38,88,88,0,0,0,1,0
1,10532,1,1,0,0,0,1,1,133,1530,14,4,2012,7,18,30,0,16,6,CR-NEWBURG ROAD,,0,34.25214722,-87.60891389,0,32,0,0,1,1,0,4,1,1,0,1,0,0000000,18,30,18,33,19,10,0,0,0,1,1
1,10533,1,1,0,0,0,1,1,127,780,8,5,2012,3,11,19,0,5,4,CR-GARDNERS GIN ROAD,,0,33.77810556,-87.19555556,0,42,0,0,1,1,0,4,1,1,0,1,0,0000000,11,19,11,25,11,49,0,0,0,1,0
1,10534,2,2,0,0,0,2,2,107,1400,23,7,2012,2,21,0,1,12,2,US-SR 6,,242,33.33151944,-87.91496389,0,12,2,0,1,1,0,1,2,1,0,1,0,0000000,99,99,21,20,99,99,0,0,0,1,1
1,10535,1,1,0,1,1,2,2,125,3050,24,8,2012,6,23,53,1,12,2,US-SR 6,,0,33.14903611,-87.5238,0,8,0,0,1,1,0,1,2,1,0,1,0,0000000,99,99,23,58,99,99,0,0,0,1,0
1,10536,1,1,0,0,0,2,2,95,110,15,9,2012,7,17,42,0,5,6,MT OAK DRIVE NE,,0,34.33576111,-86.4881,0,34,0,0,1,1,0,4,1,1,0,1,0,0000000,17,47,18,13,18,41,0,0,0,1,0
1,10537,2,2,0,0,0,3,3,33,0,15,9,2012,7,11,15,1,2,2,US-SR 13,SPRING VALLEY ROAD,3061,34.64287222,-87.651425,0,12,6,0,2,2,0,1,1,1,0,1,0,0000000,11,17,11,24,11,42,0,0,0,1,0
1,10538,1,1,0,0,0,1,1,113,0,15,9,2012,7,14,24,0,3,3,SR-26,,30,32.25222222,-85.36800556,0,42,0,0,1,1,0,4,1,1,0,1,0,0000000,99,99,14,45,88,88,0,0,0,1,0
1,10539,2,2,0,0,0,4,4,3,1210,16,9,2012,1,10,20,0,15,4,CR-65,LITTLE ROAD ROAD,0,30.42124167,-87.71714722,0,12,2,0,2,2,0,1,1,1,0,1,0,0000000,10,30,10,39,11,5,0,0,0,1,1
1,10540,1,1,0,0,0,1,1,3,0,16,9,2012,1,2,40,0,15,4,CR-65,,0,30.41411111,-87.71718333,0,32,0,0,1,1,0,4,2,1,0,1,0,0000000,2,41,2,50,88,88,0,0,0,1,1
1,10541,1,1,0,1,1,1,1,101,2130,16,9,2012,1,3,21,1,3,6,SELMA HWY,,0,32.30373889,-86.41818056,0,8,0,0,1,1,0,1,2,1,0,1,0,0000000,99,99,3,24,88,88,0,0,0,1,1
1,10542,1,1,0,0,0,3,3,125,0,17,9,2012,2,16,5,0,4,4,CR-WOODLAND LAKE ROAD,,0,33.25521389,-87.16071111,0,52,0,0,1,1,0,4,1,2,0,2,0,0000000,16,19,16,37,17,10,0,0,0,1,0
1,10543,3,3,0,0,0,3,3,51,0,18,9,2012,3,10,15,0,3,3,SR-9,,1338,32.68130278,-86.09761667,0,12,1,0,1,1,0,1,1,2,0,2,0,0000000,10,34,10,45,11,17,0,0,0,1,0
1,10544,2,2,0,0,0,3,3,9,0,19,9,2012,4,7,25,0,4,4,CR-39,,0,34.02533056,-86.36581389,0,12,2,0,1,1,0,1,1,1,0,1,0,0000000,7,29,7,39,8,21,0,0,0,3,0
1,10545,1,1,0,0,0,1,1,25,0,20,9,2012,5,19,45,0,6,4,CR-CHOCTAW BLUFF ROAD,,0,31.40334167,-87.74491111,0,1,0,0,1,1,0,4,2,1,0,1,0,0000000,99,99,20,29,88,88,0,0,0,1,1
1,10546,2,2,0,0,0,3,3,89,1730,21,9,2012,6,16,46,0,16,6,FAIRACRES ROAD,THURMAN ROAD,0,34.70684167,-86.61864444,0,12,2,0,3,3,0,1,1,1,0,1,0,0000000,99,99,16,50,99,99,0,0,0,1,0
1,10547,1,1,0,0,0,1,1,47,0,21,9,2012,6,2,40,1,3,2,US-SR 8,,870,32.37780556,-87.00951944,0,23,0,0,1,1,0,4,3,1,0,1,0,0000000,99,99,2,55,88,88,0,0,0,1,1
1,10548,2,2,0,0,0,2,2,95,1500,10,8,2012,6,7,48,1,12,2,US-SR 1,,3060,34.38708333,-86.28111667,0,12,6,0,1,1,0,1,1,10,0,10,0,0000000,7,47,7,53,8,40,0,0,0,1,0
1,10549,3,3,0,0,0,3,3,97,2100,7,9,2012,6,14,50,0,12,2,US-SR 16,EAST RITE ROAD,0,30.55833611,-88.17272222,0,12,6,0,2,2,0,1,1,1,0,1,0,0000000,14,50,15,4,15,6,0,0,0,1,0
1,10550,1,1,0,0,0,1,1,17,3111,25,9,2012,3,19,4,0,15,6,MARTIN LUTHER KING DR,,0,32.79371944,-85.16105833,0,1,0,0,1,1,0,4,1,1,0,1,0,0000000,19,5,19,11,88,88,0,0,0,1,0
1,10551,1,1,0,0,0,1,1,55,1280,2,10,2012,3,14,52,0,14,6,WHORTON BEND ROAD,,0,33.96878333,-85.99270278,0,42,0,0,1,1,0,4,1,10,0,10,0,0000000,99,99,14,57,88,88,0,0,0,1,0
1,10552,1,1,0,1,1,1,1,127,1780,3,10,2012,4,4,50,1,14,3,SR-5,,0,33.87109444,-87.31056944,0,8,0,0,1,1,0,1,9,5,0,5,0,0000000,99,99,4,58,88,88,0,0,0,1,0
1,10553,2,2,0,0,0,3,3,55,1370,6,10,2012,7,15,9,1,12,2,US-SR 431,EAST MAIN ST,2557,33.96687778,-85.944,0,12,6,0,2,2,0,1,1,10,0,10,0,0000000,99,99,15,18,99,99,0,0,0,1,0
1,10554,2,2,0,0,0,3,3,123,60,7,10,2012,1,0,18,0,14,3,SR-22,,1180,32.95586944,-85.925775,0,12,2,0,1,1,0,1,6,1,0,1,0,0000000,0,19,0,24,0,41,0,0,0,1,1
1,10555,2,2,0,0,0,2,2,73,350,21,9,2012,6,16,50,1,14,6,FINLEY BLVD,3RD PLACE WEST,0,33.53333889,-86.84221667,0,12,1,0,3,1,0,1,1,1,0,1,0,0000000,17,7,17,12,17,39,0,0,0,1,0
1,10556,4,4,0,0,0,5,5,73,350,15,9,2012,7,22,32,1,11,1,I-65,,2620,33.408175,-86.97304444,0,12,1,0,1,1,0,1,3,1,0,1,0,0000000,22,40,22,43,99,99,0,0,0,1,1
1,10557,2,2,0,1,1,2,2,73,350,18,9,2012,3,23,3,1,11,1,I-59,,2622,33.50910833,-86.88026111,0,8,0,0,1,1,0,1,6,1,0,1,0,0000000,99,99,23,6,88,88,19,0,0,1,0
1,10558,2,2,0,0,0,2,2,73,350,22,9,2012,7,21,9,1,11,1,I-65,,2596,33.51001389,-86.82016111,0,12,1,0,1,1,0,1,3,1,0,1,0,0000000,21,17,21,26,88,88,19,0,0,1,0
1,10559,2,2,0,0,0,2,2,73,350,24,9,2012,2,1,30,1,11,1,I-59,,1240,33.521025,-86.84054722,0,12,2,0,1,1,0,1,3,1,0,1,0,0000000,1,32,1,40,88,88,0,0,0,1,0
1,10560,1,1,0,1,1,1,1,91,0,2,9,2012,1,2,30,0,3,3,SR-28,,601,32.25305556,-87.52576111,0,8,0,0,1,1,0,1,2,1,0,1,0,0000000,88,88,88,88,88,88,0,0,0,1,0
1,10561,1,1,0,0,0,1,1,71,0,13,9,2012,5,5,25,0,4,3,SR-73,,33,34.90473889,-85.63141944,0,32,0,0,1,1,0,4,2,1,0,1,0,0000000,5,38,6,11,6,42,0,0,0,1,0
1,10562,1,1,0,0,0,1,1,69,0,16,9,2012,1,22,25,0,3,3,SR-109,,6,31.00603056,-85.47710556,0,1,0,0,1,1,0,4,2,10,0,10,0,0000000,99,99,22,29,88,88,0,0,0,1,0
1,10563,1,1,0,0,0,3,3,71,0,18,9,2012,3,13,35,0,5,4,CR-93,,0,34.97369444,-85.6713,0,5,0,0,6,1,0,1,1,10,0,10,0,349977W,13,38,13,50,99,99,0,0,0,1,0
1,10564,1,1,0,0,0,2,2,9,0,19,9,2012,4,20,40,0,6,4,CR-OLD HAYDEN ROAD,,0,33.85661389,-86.80594167,0,42,0,0,1,1,0,4,3,1,0,1,0,0000000,20,47,21,9,22,3,0,0,0,1,1
1,10565,2,2,0,0,0,3,3,43,1680,20,9,2012,5,21,30,1,12,2,US-SR 74,,917,34.17456944,-86.63220833,0,12,6,0,8,1,0,1,2,1,0,1,0,0000000,21,39,21,50,22,18,0,0,0,1,1
1,10566,2,2,0,0,0,2,2,89,0,22,9,2012,7,3,50,1,2,3,SR-53,,3288,34.83998333,-86.70758889,0,12,2,0,1,1,1,1,2,1,0,1,0,0000000,99,99,4,6,99,99,0,0,0,1,1
1,10567,2,2,0,0,0,2,2,115,2620,22,9,2012,7,15,55,1,1,1,I-20,,1647,33.59339722,-86.18104444,0,12,1,0,1,1,0,1,1,1,0,1,0,0000000,15,56,16,7,16,28,0,0,0,1,0
1,10568,1,1,0,0,0,1,1,111,0,24,9,2012,2,3,0,1,2,2,US-SR 1,,1866,33.21534722,-85.41880833,0,42,0,0,1,1,0,4,2,1,0,1,0,0000000,3,29,3,39,4,45,0,0,0,1,0
1,10569,1,1,0,0,0,1,1,73,3180,24,9,2012,2,4,30,1,1,1,I-65,,2800,33.79003333,-86.82447222,0,42,0,0,1,1,0,4,2,1,0,1,0,0000000,88,88,88,88,88,88,0,0,0,1,0
1,10570,2,2,0,0,0,5,5,73,1270,25,9,2012,3,17,40,1,11,1,I-65,,2679,33.600975,-86.8076,0,52,0,0,1,1,0,3,1,1,0,1,0,0000000,99,99,18,10,88,88,14,0,0,2,0
1,10571,1,1,0,0,0,2,2,55,0,26,9,2012,4,18,35,0,4,2,US-SR 7,,1981,34.08424444,-86.02549444,0,32,0,0,1,1,0,4,1,1,0,1,0,0000000,18,35,18,43,19,2,0,0,0,1,0
1,10572,1,1,0,0,0,1,1,117,530,26,9,2012,4,4,0,0,14,3,SR-25,,1220,33.12487222,-86.70361944,0,34,0,0,1,1,0,4,2,1,0,1,0,0000000,99,99,4,24,88,88,0,0,0,1,1
1,10573,1,1,0,0,0,1,1,101,2130,28,9,2012,6,0,4,0,16,6,CLOVERDALE ROAD,,0,32.35418056,-86.29394444,0,33,0,0,1,1,0,4,3,1,0,1,0,0000000,0,7,0,14,0,28,0,0,0,1,1
1,10574,1,1,0,0,0,1,1,101,0,28,9,2012,6,3,0,1,1,1,I-65,,1625,32.25491667,-86.364125,0,34,0,0,1,1,0,4,2,1,0,1,0,0000000,99,99,7,8,88,88,0,0,0,1,0
1,10575,1,1,0,0,0,1,1,103,0,28,9,2012,6,11,30,1,2,3,SR-67,,120,34.32728333,-86.60486667,0,38,0,0,1,1,0,4,1,1,0,1,0,0000000,99,99,11,45,88,88,0,0,0,1,0
1,10576,1,1,0,0,0,2,2,47,0,29,9,2012,7,23,0,0,3,3,SR-22,,91,32.31239167,-87.228025,0,42,0,0,1,1,0,4,2,2,0,2,0,0000000,88,88,88,88,88,88,0,0,0,2,1
1,10577,2,2,0,0,0,3,3,129,0,29,9,2012,7,10,20,0,4,4,CR-20,,0,31.35535556,-88.21524722,0,12,2,0,1,1,0,1,1,10,0,10,0,0000000,10,40,11,12,11,42,0,0,0,1,0
1,10578,1,1,0,0,0,1,1,117,0,30,9,2012,1,17,28,0,4,4,CR-55,,0,33.26073333,-86.55336111,0,42,0,0,1,1,0,4,1,2,0,2,0,0000000,17,28,17,38,18,20,0,0,0,1,0
1,10579,1,1,0,0,0,1,1,27,0,1,10,2012,2,12,50,0,3,3,SR-9,,1991,33.45142778,-85.69615,0,34,0,0,1,1,0,4,1,10,0,10,0,0000000,13,24,14,3,14,49,0,0,0,1,0
1,10580,1,1,0,0,0,1,1,49,0,28,9,2012,6,14,10,1,1,1,I-59,,2362,34.656725,-85.60400833,0,21,0,0,1,1,0,4,1,1,0,1,0,0000000,99,99,14,18,88,88,0,0,0,1,0
1,10581,2,2,0,0,0,5,5,73,350,1,10,2012,2,20,8,1,14,3,SR-269,LEXINGTON ST,0,33.51985278,-86.9156,0,12,6,0,2,2,0,1,3,1,0,1,0,0000000,20,10,20,13,88,88,20,0,0,3,0
1,10582,2,2,0,0,0,2,2,73,0,10,10,2012,4,20,0,0,4,4,CR-ARCHER ROAD,,0,33.62354167,-86.88393889,0,12,2,0,1,1,0,1,1,1,0,1,0,0000000,18,11,18,17,18,21,0,0,0,1,1
1,10583,1,1,0,0,0,1,1,73,1717,30,8,2012,5,20,26,0,15,4,CR-15TH ST,,0,33.43255833,-87.04948333,0,24,0,0,1,1,0,4,2,1,0,1,0,0000000,20,26,20,28,88,88,0,0,0,1,0
1,10584,1,1,0,0,0,3,3,115,160,8,10,2012,2,21,59,0,3,2,US-SR 53,,2395,33.85771667,-86.28381389,0,1,0,0,1,1,0,4,2,1,0,1,0,0000000,22,34,22,35,99,99,0,0,0,1,0
1,10585,2,2,0,0,0,2,2,3,1210,10,10,2012,4,13,47,1,13,3,SR-59,CR-12,0,30.35688889,-87.68325278,0,12,1,0,3,1,0,1,1,1,0,1,0,0000000,99,99,99,99,99,99,0,0,0,1,0
1,10586,1,1,0,0,0,6,6,73,3080,14,10,2012,1,15,30,1,11,1,I-59,,1407,33.63907778,-86.61888889,0,32,0,0,1,1,0,3,1,1,0,1,0,0000000,99,99,15,38,99,99,0,0,0,1,0
1,10587,2,2,0,0,0,4,4,55,1280,21,10,2012,1,12,8,1,13,2,US-SR 1,N 29TH ST,0,34.02255556,-86.050375,0,12,6,0,2,2,0,1,1,1,0,1,0,0000000,12,9,12,16,99,99,0,0,0,1,0