STATE,ST_CASE,VE_TOTAL,VE_FORMS,PVH_INVL,PEDS,PERNOTMVIT,PERMVIT,PERSONS,COUNTY,CITY,DAY,MONTH,YEAR,DAY_WEEK,HOUR,MINUTE,NHS,ROAD_FNC,ROUTE,TWAY_ID,TWAY_ID2,MILEPT,LATITUDE,LONGITUD,SP_JUR,HARM_EV,MAN_COLL,RELJCT1,RELJCT2,TYP_INT,WRK_ZONE,REL_ROAD,LGT_COND,WEATHER1,WEATHER2,WEATHER,SCH_BUS,RAIL,NOT_HOUR,NOT_MIN,ARR_HOUR,ARR_MIN,HOSP_HR,HOSP_MN,CF1,CF2,CF3,FATALS,DRUNK_DR
1,10588,2,2,0,0,0,2,2,125,3050,22,10,2012,2,15,29,0,14,3,SR-215,,0,33.16146944,-87.54285278,0,12,7,0,7,1,0,1,1,1,0,1,0,0000000,15,30,15,34,99,99,0,0,0,1,0
1,10589,2,2,0,0,0,2,2,97,2100,25,10,2012,5,17,0,1,13,2,US-SR 16,,0,30.55537222,-88.17229722,0,12,6,0,8,1,0,1,1,1,0,1,0,0000000,17,6,17,10,99,99,0,0,0,1,0
1,10590,1,1,0,0,0,2,2,89,1730,28,10,2012,1,16,15,1,13,2,US-SR 1,,0,34.71181389,-86.53623611,0,32,0,0,1,1,0,4,1,1,0,1,0,0000000,16,19,16,27,16,37,0,0,0,1,0
1,10591,1,1,0,1,1,1,1,89,0,20,9,2012,5,6,3,0,6,4,CR-SHARPS COVE ROAD,,0,34.79896111,-86.39865278,0,8,0,0,1,1,0,1,4,5,0,5,0,0000000,99,99,6,17,99,99,0,0,0,1,0
1,10592,2,2,0,0,0,2,2,103,890,21,9,2012,6,18,59,0,4,6,2ND ST SW,4TH AVE SW,0,34.60040833,-86.99273333,0,12,8,0,2,2,0,1,3,1,0,1,0,0000000,99,99,19,7,99,99,0,0,0,1,0
1,10593,3,3,0,0,0,5,5,9,0,26,9,2012,4,20,10,1,2,2,US-SR 74,,1110,34.07655278,-86.33457778,0,12,2,0,1,1,0,1,2,1,0,1,0,0000000,99,99,20,15,99,99,0,0,0,1,0
1,10594,2,1,1,0,0,5,5,125,0,30,9,2012,1,1,0,0,4,4,CR-JACKSON TRACE ROAD,,0,33.32115,-87.71799167,0,1,0,0,1,1,0,4,2,99,0,99,0,0000000,99,99,1,35,99,99,0,0,0,1,1
1,10595,2,2,0,0,0,2,2,19,0,1,10,2012,2,21,0,0,4,3,SR-273,,22,34.20615556,-85.73349167,0,12,1,0,1,1,0,1,2,2,0,2,0,0000000,99,99,21,5,99,99,0,0,0,1,0
1,10596,2,2,0,0,0,3,3,121,0,4,10,2012,5,13,0,0,4,4,CR-PRIEBES MILL ROAD,,0,33.56521667,-85.94016111,0,12,6,0,8,1,0,1,1,1,0,1,0,0000000,99,99,13,12,88,88,0,0,0,2,0
1,10597,1,1,0,0,0,1,1,45,2380,5,10,2012,6,0,1,0,14,3,SR-27,,480,31.45129444,-85.61385833,0,33,0,0,1,1,0,4,3,5,0,5,0,0000000,99,99,0,27,88,88,0,0,0,1,1
1,10598,1,1,0,0,0,1,1,45,0,5,10,2012,6,11,53,1,2,2,US-SR 53,,508,31.5318,-85.72437778,0,1,0,0,1,1,0,3,1,1,0,1,0,0000000,99,99,12,12,99,99,0,0,0,1,0
1,10599,1,1,0,0,0,1,1,65,0,6,10,2012,7,23,45,0,3,3,SR-14,,702,32.699575,-87.56335556,0,42,0,0,1,1,0,4,2,1,0,1,0,0000000,99,99,23,55,88,88,0,0,0,1,0
1,10600,1,1,0,0,0,1,1,17,0,7,10,2012,1,9,5,1,2,2,US-SR 1,,1495,32.76760833,-85.46334167,0,32,0,0,1,1,0,4,1,10,0,10,0,0000000,99,99,9,10,88,88,0,0,0,1,0
1,10601,4,1,3,0,0,5,5,5,0,7,10,2012,1,1,27,0,6,4,CR-WILLIAMS MILL ROAD,,0,31.83641389,-85.37321667,0,14,0,0,1,1,0,4,2,1,0,1,0,0000000,99,99,1,44,99,99,0,0,0,1,0
1,10602,1,1,0,0,0,2,2,101,0,7,10,2012,1,5,0,0,14,4,CR-VAUGHN ROAD,,0,32.34301944,-86.12034444,0,42,0,0,1,1,0,4,2,1,0,1,0,0000000,99,99,5,40,99,99,0,0,0,1,1
1,10603,1,1,0,0,0,2,2,1,2540,8,10,2012,2,2,47,0,13,3,SR-14,SOUTH MEMORIAL DR,0,32.46033056,-86.45094167,0,41,0,0,2,2,0,3,3,10,0,10,0,0000000,99,99,2,51,99,99,0,0,0,1,1
1,10604,1,1,0,1,1,1,1,77,0,8,10,2012,2,19,30,0,16,4,CR-457,,0,34.86597778,-87.69649444,0,18,0,0,1,1,0,4,2,1,0,1,0,0000000,99,99,19,50,99,99,0,0,0,1,1
1,10605,1,1,0,0,0,1,1,89,0,10,10,2012,4,2,15,0,6,4,CR-MITCHELL MOORE ROAD,,0,34.96047778,-86.63283333,0,32,0,0,1,1,0,4,2,1,0,1,0,0000000,99,99,2,27,88,88,0,0,0,1,0
1,10606,1,1,0,0,0,1,1,95,0,11,10,2012,5,11,15,1,2,2,US-SR 231,,2907,34.37851389,-86.51393333,0,34,0,0,1,1,0,4,1,1,0,1,0,0000000,99,99,11,38,88,88,0,0,0,1,0
1,10607,1,1,0,0,0,2,2,89,0,12,10,2012,6,22,33,0,6,4,CR-HOLLY LYNN LANE,,0,34.94425833,-86.68654167,0,42,0,0,1,1,0,4,3,10,0,10,0,0000000,99,99,22,40,99,99,0,0,0,1,0
1,10608,1,1,0,0,0,1,1,45,0,13,10,2012,7,10,20,0,4,4,CR-20,,0,31.39590833,-85.56543611,0,32,0,0,1,1,0,4,1,1,0,1,0,0000000,99,99,10,26,88,88,0,0,0,1,0
1,10609,2,2,0,0,0,3,3,93,0,14,10,2012,1,16,15,0,4,3,SR-19,CR-457,91,34.142625,-88.06872222,0,12,6,0,2,3,0,1,1,1,0,1,0,0000000,99,99,16,25,99,99,0,0,0,1,0
1,10610,1,1,0,1,1,1,1,3,0,14,10,2012,1,21,30,0,6,4,CR-28,,0,30.45772222,-87.82169444,0,9,0,0,1,1,0,1,2,1,0,1,0,0000000,88,88,88,88,88,88,0,0,0,1,0
1,10611,1,1,0,0,0,1,1,105,0,14,10,2012,1,2,40,0,5,4,CR-48,,0,32.62065,-87.42351389,0,35,0,0,1,1,0,4,2,1,0,1,0,0000000,88,88,88,88,88,88,0,0,0,1,1
1,10612,1,1,0,0,0,1,1,125,0,15,10,2012,2,0,15,0,4,4,CR-OLD MARION RD,,0,33.12030278,-87.53014167,0,34,0,0,1,1,0,4,2,2,0,2,0,0000000,88,88,88,88,88,88,0,0,0,1,1
1,10613,2,1,1,0,0,1,1,3,1943,16,10,2012,3,16,6,1,13,3,SR-59,,319,30.68745833,-87.76677778,0,1,0,0,1,1,0,4,1,1,0,1,0,0000000,99,99,16,19,88,88,20,0,0,1,1
1,10614,2,2,0,0,0,4,4,1,2540,16,10,2012,3,13,6,1,15,2,US-SR 6,MCQUEEN SMITH RD,0,32.43997778,-86.41835833,0,1,0,0,2,2,0,1,1,1,0,1,0,0000000,99,99,13,12,88,88,14,0,0,1,0
1,10615,2,2,0,0,0,2,2,49,0,16,10,2012,3,9,25,1,1,1,I-59,,2088,34.31808056,-85.84801389,0,12,6,0,1,1,1,1,1,1,0,1,0,0000000,99,99,9,43,99,99,0,0,0,1,0
1,10616,2,2,0,0,0,4,4,113,0,17,10,2012,4,11,32,1,13,2,US-SR 1,,1162,32.502375,-85.04870278,0,12,6,0,8,1,0,1,1,1,0,1,0,0000000,99,99,11,43,99,99,0,0,0,1,0
1,10617,2,2,0,0,0,2,2,69,930,17,10,2012,4,20,44,1,13,2,US-SR 53,NAPIER FIELD RD,0,31.27043889,-85.447625,0,12,1,0,2,2,0,1,3,1,0,1,0,0000000,99,99,20,52,99,99,0,0,0,1,0
1,10618,1,1,0,0,0,1,1,73,0,18,10,2012,5,6,20,1,11,1,I-459,,309,33.56851944,-86.63848333,0,18,0,1,5,1,0,1,2,10,0,10,0,0000000,99,99,6,50,99,99,19,0,0,1,0
1,10619,3,3,0,0,0,6,6,125,0,18,10,2012,5,5,45,1,1,1,I-59,,677,33.15208056,-87.60153333,0,12,6,0,5,1,0,1,2,10,0,10,0,0000000,99,99,6,0,99,99,0,0,0,2,0
1,10620,1,1,0,0,0,1,1,21,0,19,10,2012,6,2,30,0,6,4,CR-49,,0,32.74407778,-86.62037222,0,11,0,0,1,1,0,1,2,1,0,1,0,0000000,99,99,3,0,88,88,0,0,0,1,0
1,10621,1,1,0,0,0,2,2,49,0,20,10,2012,7,19,54,0,4,4,CR-44,,0,34.44484444,-85.80575833,0,53,0,0,1,1,0,4,2,1,0,1,0,0000000,99,99,20,8,88,88,0,0,0,2,1
1,10622,2,2,0,0,0,2,2,107,0,20,10,2012,7,10,15,0,3,3,SR-17,,2041,33.31002222,-88.057825,0,12,6,0,8,1,0,1,1,1,0,1,0,0000000,99,99,10,45,99,99,0,0,0,1,0
1,10623,1,1,0,2,2,2,2,73,0,20,10,2012,7,22,40,1,13,3,SR-79,,99,33.66525278,-86.703925,0,8,0,0,1,1,0,1,2,1,0,1,0,0000000,99,99,22,45,99,99,0,0,0,1,0
1,10624,1,1,0,0,0,1,1,127,0,20,10,2012,7,22,30,0,3,3,SR-124,,90,33.81549167,-87.35814167,0,42,0,0,1,1,0,4,2,1,0,1,0,0000000,22,37,22,51,23,16,0,0,0,1,1
1,10625,4,4,0,1,1,5,5,115,0,20,10,2012,7,5,40,0,3,2,US-SR 53,SAVAGE TOWN RD,2233,33.64831389,-86.27739722,0,8,0,0,2,4,0,1,2,1,0,1,0,0000000,6,11,6,12,6,23,0,0,0,1,0
1,10626,1,1,0,1,1,1,1,125,3050,21,10,2012,1,21,7,0,14,3,SR-215,,0,33.18976389,-87.558475,0,8,0,0,1,1,0,1,3,10,0,10,0,0000000,21,7,21,10,21,34,0,0,0,1,0
1,10627,1,1,0,0,0,3,3,115,2560,22,10,2012,2,19,30,0,3,6,PROVIDENCE ROAD,,0,33.75090278,-86.13149167,0,42,0,0,1,1,0,4,3,1,0,1,0,0000000,19,32,19,50,20,42,0,0,0,1,0
1,10628,2,2,0,0,0,3,3,69,930,23,10,2012,3,15,15,1,13,2,US-SR 1,W SAUNDERS ROAD,0,31.16056944,-85.40239167,0,12,6,0,2,2,0,1,1,1,0,1,0,0000000,15,21,15,28,15,40,0,0,0,1,0
1,10629,1,1,0,0,0,1,1,125,0,24,10,2012,4,5,30,1,2,2,US-SR 6,,627,33.06078889,-87.44482222,0,1,0,0,1,1,0,4,2,1,0,1,0,0000000,99,99,6,15,88,88,0,0,0,1,0
1,10630,2,2,0,0,0,5,5,95,1500,25,10,2012,5,10,24,1,13,2,US-SR 1,,2920,34.30396667,-86.28443889,0,12,6,0,8,1,0,1,1,1,0,1,0,0000000,10,23,10,36,11,2,0,0,0,1,0
1,10631,2,2,0,0,0,3,3,97,0,26,10,2012,6,7,30,1,1,1,I-65,,256,30.917225,-87.95828333,0,12,1,0,1,1,0,1,1,1,0,1,0,0000000,7,34,7,47,88,88,0,0,0,2,0
1,10632,1,1,0,0,0,1,1,115,0,27,10,2012,7,22,40,0,6,4,CR-SPRAYBERRY ROAD,,0,33.61884167,-86.233475,0,42,0,0,1,1,0,4,2,1,0,1,0,0000000,99,99,22,59,88,88,0,0,0,1,1
1,10633,1,1,0,0,0,1,1,47,0,28,10,2012,1,0,55,0,3,3,SR-14,,1230,32.45506111,-86.91540833,0,1,0,0,1,1,0,4,2,1,0,1,0,0000000,99,99,1,20,88,88,0,0,0,1,1
1,10634,2,2,0,0,0,4,4,101,2130,29,10,2012,2,18,26,1,13,6,DAY ST,,0,32.36921944,-86.34420278,0,12,2,0,1,1,0,1,3,10,0,10,0,0000000,18,28,18,32,88,88,0,0,0,1,0
1,10635,1,1,0,0,0,1,1,81,2340,4,11,2012,1,1,58,1,11,1,I-85,,638,32.66810278,-85.33521667,0,57,0,0,1,1,0,3,2,1,0,1,0,0000000,2,14,2,25,3,5,0,0,0,1,0
1,10636,2,2,0,0,0,4,4,99,2110,23,9,2012,1,16,30,0,4,6,DREWRY RD,MAYFIELD RD,0,31.50509722,-87.30581111,0,12,6,0,2,3,0,1,1,1,0,1,0,0000000,99,99,16,49,99,99,0,0,0,1,0
1,10637,2,2,0,0,0,5,5,33,2780,26,10,2012,6,20,34,0,14,6,S MONTGOMERY AVE,S JACKSON HWY,0,34.74948333,-87.69886389,0,12,2,0,2,2,0,1,3,10,0,10,0,0000000,99,99,20,42,99,99,0,0,0,3,0
1,10638,1,1,0,1,1,2,2,73,350,31,10,2012,4,20,48,0,14,6,2 AVE N,,0,33.61254444,-86.74991111,0,9,0,0,1,1,0,1,2,1,0,1,0,0000000,20,50,20,54,21,12,0,0,0,1,0
1,10639,1,1,0,0,0,4,4,73,350,31,10,2012,4,0,35,0,14,6,CARSON RD,,0,33.61990556,-86.70062222,0,42,0,0,1,1,0,4,3,1,0,1,0,0000000,1,4,1,5,1,39,0,0,0,1,0
1,10640,2,1,1,0,1,1,2,73,3125,27,10,2012,7,7,51,1,11,1,I-65,,2537,33.43229167,-86.82369167,0,14,0,0,1,1,0,4,1,10,0,10,0,0000000,7,53,8,0,8,15,0,0,0,1,0
1,10641,1,1,0,0,0,3,3,101,2130,18,10,2012,5,23,50,1,11,1,I-85,,30,32.35922778,-86.24438056,0,25,0,0,1,1,0,3,3,1,0,1,0,0000000,99,99,23,58,99,99,0,0,0,1,1
1,10642,2,2,0,0,0,2,2,29,0,18,10,2012,5,11,55,0,4,4,CR-49,,0,33.94854167,-85.40339167,0,12,1,0,1,1,0,1,1,1,0,1,0,0000000,99,99,12,20,99,99,0,0,0,1,0
1,10643,2,2,0,0,0,4,4,121,0,28,10,2012,1,0,1,0,4,4,CR-OLD BIRMINGHAM HWY,,0,33.18437222,-86.28321944,0,12,2,0,1,1,0,1,2,1,0,1,0,0000000,99,99,0,7,99,99,20,0,0,1,0
1,10644,2,2,0,0,0,6,6,13,0,30,10,2012,3,16,45,0,4,2,US-SR 3,,1465,31.93106667,-86.536375,0,12,6,0,8,1,0,1,1,1,0,1,0,0000000,16,52,17,6,17,30,0,0,0,1,0
1,10645,1,1,0,0,0,1,1,95,0,31,10,2012,4,22,15,0,6,4,CR-MCVILLE ROAD,,0,34.29048611,-86.1252,0,33,0,0,1,1,0,4,2,1,0,1,0,0000000,22,18,22,25,88,88,0,0,0,1,1
1,10646,1,1,0,0,0,1,1,63,0,31,10,2012,4,15,0,1,1,1,I-59,,345,32.81223611,-88.00859444,0,1,0,0,1,1,0,3,1,1,0,1,0,0000000,15,7,15,21,88,88,0,0,0,1,0
1,10647,2,2,0,0,0,3,3,33,0,31,10,2012,4,5,3,1,2,2,US-SR 2,,180,34.72056667,-87.80498611,0,12,1,0,1,1,0,1,2,1,0,1,0,0000000,5,9,5,26,5,49,0,0,0,1,0
1,10648,3,3,0,0,0,4,4,79,0,26,10,2012,6,14,30,1,2,3,SR-157,,439,34.55845,-87.33833611,0,12,1,0,1,1,0,1,1,1,0,1,0,0000000,14,27,14,34,14,53,14,0,0,2,0
1,10649,1,1,0,0,0,1,1,73,1850,6,11,2012,3,12,54,0,14,3,SR-119,,361,33.51119167,-86.589,0,42,0,0,1,1,0,4,1,10,0,10,0,0000000,12,55,13,2,99,99,0,0,0,1,0
1,10650,1,1,0,0,0,2,2,93,270,15,11,2012,5,14,5,1,13,3,SR-13,,2754,34.25843889,-87.69478333,0,1,0,0,1,1,0,4,1,1,0,1,0,0000000,99,99,14,15,99,99,0,0,0,1,0
1,10651,2,2,0,0,0,4,4,21,0,1,11,2012,5,16,0,0,3,3,SR-22,COUNTY ROAD 59,762,32.77144444,-86.51381667,0,12,6,0,2,2,0,1,1,1,0,1,0,0000000,16,14,16,34,17,12,0,0,0,1,0
1,10652,1,1,0,0,0,3,3,89,1730,3,11,2012,7,1,5,0,15,6,MOUNTAIN GAP ROAD,,0,34.62796111,-86.55403889,0,42,0,0,1,1,0,4,2,1,0,1,0,0000000,1,10,1,20,1,46,0,0,0,1,1
1,10653,1,1,0,0,0,1,1,97,0,3,11,2012,7,16,0,0,6,4,CR-CLEVELAND AVE,,0,30.48620278,-88.20850833,0,59,0,0,1,1,0,4,1,1,0,1,0,0000000,99,99,16,10,88,88,0,0,0,1,1
1,10654,2,2,0,0,0,2,2,73,350,3,11,2012,7,12,22,1,11,1,I-459,,258,33.50680833,-86.69321944,0,12,1,0,1,1,0,1,1,1,0,1,0,0000000,12,23,12,31,88,88,14,0,0,1,0
1,10655,1,1,0,0,0,1,1,17,0,3,11,2012,7,23,47,0,4,4,CR-299,,0,32.827275,-85.23556389,0,40,0,0,1,1,0,4,2,1,0,1,0,0000000,99,99,0,0,99,99,0,0,0,1,0
1,10656,1,1,0,1,1,1,1,69,802,5,11,2012,2,19,10,1,13,2,US-SR 84,,2159,31.19165833,-85.29896667,0,8,0,0,8,1,0,1,2,2,0,2,0,0000000,99,99,19,13,88,88,0,0,0,1,0
1,10657,2,2,0,0,0,2,2,69,930,7,11,2012,4,23,7,1,13,2,US-SR 53,NAPIER FIELD ROAD,0,31.27028611,-85.44777778,0,12,6,0,2,2,0,1,3,1,0,1,0,0000000,23,7,23,16,23,35,0,0,0,1,1
1,10658,1,1,0,0,0,2,2,111,0,8,11,2012,5,9,55,0,4,4,CR-65,,0,33.281225,-85.33162778,0,34,0,0,1,1,0,4,1,1,0,1,0,0000000,10,0,10,34,11,10,0,0,0,1,0
1,10659,1,1,0,0,0,1,1,19,0,9,11,2012,6,5,15,0,4,4,CR-41,,0,34.33523611,-85.54551111,0,42,0,0,1,1,0,4,2,1,0,1,0,0000000,99,99,6,20,99,99,0,0,0,1,0
1,10660,1,1,0,0,0,4,4,97,2100,9,11,2012,6,9,0,1,11,1,I-10,,173,30.61434722,-88.13963056,0,1,0,0,1,1,0,4,1,1,0,1,0,0000000,99,99,9,10,99,99,0,0,0,1,0
1,10661,2,2,0,0,0,2,2,89,1730,10,11,2012,7,21,10,1,13,3,SR-53,STRINGFIELD RD,3234,34.77878889,-86.65703889,0,12,6,0,2,2,0,1,3,1,0,1,0,0000000,99,99,21,16,88,88,0,0,0,1,1
1,10662,2,2,0,0,0,3,3,43,0,10,11,2012,7,8,0,0,3,3,SR-69,,2210,33.93729444,-87.06105278,0,12,2,0,1,1,0,1,1,1,0,1,0,0000000,99,99,8,25,99,99,0,0,0,2,0
1,10663,1,1,0,0,0,1,1,17,0,11,11,2012,1,4,5,1,2,2,US-SR 1,,1531,32.81274722,-85.44789167,0,38,0,0,1,1,0,4,2,1,0,1,0,0000000,4,8,4,15,5,0,0,0,0,1,0
1,10664,1,1,0,0,0,4,4,99,0,4,11,2012,1,1,14,0,4,3,SR-265,,30,31.76985833,-87.2165,0,35,0,0,1,1,0,4,2,5,0,5,0,0000000,1,27,1,46,1,53,0,0,0,1,1
1,10665,2,2,0,0,0,2,2,131,0,7,11,2012,4,13,0,0,3,3,SR-10,,1010,31.85949167,-86.98484167,0,12,6,0,1,1,0,1,1,1,0,1,0,0000000,88,88,88,88,88,88,0,0,0,1,0
1,10666,1,1,0,0,0,1,1,89,0,7,11,2012,4,11,23,0,4,4,CR-CAVE SPRINGS ROAD,,0,34.6033,-86.40690278,0,53,0,0,1,1,0,4,1,10,0,10,0,0000000,99,99,11,31,88,88,0,0,0,1,0
1,10667,1,1,0,0,0,1,1,91,0,6,11,2012,3,22,30,0,3,3,SR-10,,327,32.11285,-87.98009167,0,42,0,0,1,1,0,4,2,1,0,1,0,0000000,88,88,88,88,88,88,20,0,0,1,0
1,10668,1,1,0,0,0,1,1,53,0,10,11,2012,7,4,45,0,3,2,US-SR 3,,469,31.02518056,-87.39829722,0,1,0,0,1,1,0,4,2,1,0,1,0,0000000,99,99,5,28,88,88,0,0,0,1,1
1,10669,1,1,0,1,1,1,1,97,0,15,11,2012,5,2,35,1,13,4,CR-THEODORE DAWES ROAD,,0,30.56758889,-88.218725,0,8,0,0,1,1,1,2,3,1,0,1,0,0000000,99,99,2,46,99,99,0,0,0,1,1
1,10670,2,2,0,0,0,3,3,99,0,16,11,2012,6,14,45,1,13,2,US-SR 12,,810,31.42408889,-87.28540278,0,12,7,0,8,1,0,1,1,1,0,1,0,0000000,99,99,14,55,99,99,0,0,0,2,1
1,10671,1,1,0,0,0,1,1,123,0,16,11,2012,6,17,1,0,4,4,CR-75,,0,32.96148889,-85.64996389,0,11,0,0,1,1,0,1,2,1,0,1,0,0000000,99,99,17,25,99,99,0,0,0,1,0
1,10672,2,2,0,0,0,7,7,125,3050,16,11,2012,6,20,38,0,13,6,JACK WARNER PARKWAY,,0,33.21976389,-87.52101667,0,12,1,0,1,1,0,1,2,1,0,1,0,0000000,99,99,20,42,99,99,0,0,0,1,1
1,10673,1,1,0,0,0,1,1,103,0,18,11,2012,1,14,20,1,1,1,I-65,,3190,34.32902778,-86.90026667,0,42,0,0,1,1,0,4,1,1,0,1,0,0000000,99,99,14,40,88,88,0,0,0,1,0
1,10674,2,2,0,0,0,3,3,39,0,21,11,2012,4,17,0,0,3,3,SR-55,,450,31.48298333,-86.67810556,0,12,1,0,8,1,0,1,3,1,0,1,0,0000000,99,99,17,20,99,99,0,0,0,1,0
1,10675,1,1,0,0,0,1,1,21,0,22,11,2012,5,0,35,1,1,1,I-65,,2165,32.94446667,-86.66566944,0,24,0,0,1,1,0,3,2,1,0,1,0,0000000,99,99,0,40,88,88,0,0,0,1,1
1,10676,2,2,0,0,0,2,2,115,1850,9,11,2012,6,12,40,0,3,3,SR-25,DRIVEWAY CONTROLLED BY SIGN,1712,33.55913333,-86.52350833,0,12,6,0,2,3,0,1,1,1,0,1,0,0000000,99,99,12,42,99,99,0,0,0,1,0
1,10677,1,1,0,2,2,1,1,97,2100,24,11,2012,7,18,6,1,13,2,US-SR 16,,0,30.67971944,-88.07490556,0,8,0,0,1,1,0,1,3,1,0,1,0,0000000,99,99,18,9,99,99,0,0,0,1,0
1,10678,2,2,0,0,0,2,2,59,0,14,11,2012,4,2,25,1,2,2,US-SR 13,,2901,34.44100278,-87.75404444,0,12,2,0,1,1,0,1,2,1,0,1,0,0000000,99,99,2,40,99,99,0,0,0,1,0
1,10679,2,2,0,0,0,6,6,121,0,16,11,2012,6,17,40,0,15,4,CR-SYLACAUGA FAYETTEVILLE HWY,HILL RD,0,33.16216111,-86.30600833,0,12,6,0,2,3,0,1,2,1,0,1,0,0000000,99,99,17,55,99,99,0,0,0,1,1
1,10680,2,2,0,0,0,6,6,103,0,21,11,2012,4,12,37,1,2,2,US-SR 53,APPLE GROVE RD,3008,34.50074722,-86.60113611,0,12,6,0,2,2,0,1,1,1,0,1,0,0000000,99,99,12,45,99,99,0,0,0,1,0
1,10681,2,2,0,0,0,3,3,97,0,22,11,2012,5,15,2,0,15,4,CR-IRVINGTON BAYOU LABATRE HWY,HALF MILE ROAD,0,30.49448056,-88.23391667,0,12,6,0,2,2,0,1,1,1,0,1,0,0000000,99,99,15,20,99,99,0,0,0,1,0
1,10682,2,1,1,0,0,1,1,83,0,24,11,2012,7,13,40,0,6,4,CR-HOLT ROAD,,0,34.85158333,-86.89393889,0,32,0,0,1,1,0,4,1,1,0,1,0,0000000,99,99,13,56,88,88,14,0,0,1,1
1,10683,1,1,0,0,0,1,1,103,0,26,11,2012,2,18,0,1,1,1,I-65,,3180,34.32849444,-86.90017778,0,24,0,0,1,1,0,4,2,2,0,2,0,0000000,88,88,88,88,88,88,0,0,0,1,0
1,10684,1,1,0,0,0,1,1,3,0,24,11,2012,7,2,0,1,2,4,CR-49,,0,30.39825556,-87.769925,0,53,0,0,1,1,0,4,2,1,0,1,0,0000000,99,99,6,55,88,88,0,0,0,1,1
1,10685,2,2,0,0,0,2,2,35,0,25,11,2012,1,5,45,1,1,1,I-65,,860,31.34874444,-87.08745833,0,12,2,0,1,1,0,1,2,1,0,1,0,0000000,99,99,6,15,99,99,0,0,0,1,0
1,10686,2,2,0,0,0,5,5,89,0,18,11,2012,1,23,24,0,5,4,CR-MULBERRY ROAD,,0,34.98168611,-86.55459444,0,12,2,0,1,1,0,1,2,1,0,1,0,0000000,99,99,23,34,99,99,0,0,0,3,1
1,10687,1,1,0,0,0,3,3,127,0,1,12,2012,7,2,30,0,4,4,CR-NAUVOO RD,,0,33.92529722,-87.49693889,0,42,0,0,1,1,0,4,2,1,0,1,0,0000000,99,99,3,0,99,99,0,0,0,1,0
1,10688,1,1,0,0,0,1,1,127,0,1,12,2012,7,4,0,0,4,4,CR-RIVER RD,,0,33.77502222,-87.15303333,0,42,0,0,1,1,0,4,2,1,0,1,0,0000000,88,88,88,88,88,88,0,0,0,1,0
1,10689,2,2,0,0,0,2,2,115,0,3,12,2012,2,6,10,1,11,1,I-59,,1553,33.77377222,-86.44228333,0,12,2,0,1,1,0,1,1,1,0,1,0,0000000,99,99,6,20,99,99,0,0,0,1,0
1,10690,3,3,0,0,0,4,4,101,0,3,12,2012,2,10,48,1,2,2,US-SR 231,,1690,32.21175,-86.11788889,0,12,6,0,1,1,0,1,1,1,0,1,0,0000000,99,99,11,11,99,99,14,0,0,1,1
1,10691,1,1,0,0,0,1,1,73,350,2,12,2012,1,16,48,1,11,1,I-59,,1330,33.57511111,-86.71623333,0,1,0,0,1,1,0,4,2,1,0,1,0,0000000,99,99,16,52,88,88,0,0,0,1,0
1,10692,1,1,0,0,0,4,4,73,350,4,12,2012,3,20,56,0,15,6,CENTER ST,,0,33.5059,-86.83644167,0,10,0,0,6,1,0,1,3,2,0,2,0,728027Y,99,99,21,6,99,99,0,0,0,1,0
1,10693,1,1,0,0,0,1,1,95,0,1,12,2012,7,0,5,0,3,3,SR-79,,579,34.26079444,-86.38221389,0,11,0,0,1,1,0,1,2,1,0,1,0,0000000,99,99,0,37,99,99,0,0,0,1,0
1,10694,2,2,0,0,0,2,2,89,0,1,12,2012,7,12,40,1,2,2,US-SR 1,,3445,34.86942778,-86.57138889,0,12,6,0,8,1,0,1,1,1,0,1,0,0000000,99,99,12,50,99,99,0,0,0,1,0
1,10695,1,1,0,0,0,1,1,5,0,2,12,2012,1,0,15,0,4,3,SR-131,,112,31.74476389,-85.3899,0,30,0,0,1,1,0,4,2,1,0,1,0,0000000,99,99,1,10,88,88,0,0,0,1,1
1,10696,1,1,0,1,1,1,1,89,0,2,12,2012,1,21,35,0,15,4,CR-JEFF ROAD,KELLY DR,0,34.82026111,-86.71361389,0,8,0,0,2,3,0,1,2,1,0,1,0,0000000,99,99,21,38,88,88,0,0,0,1,0
1,10697,2,2,0,0,0,4,4,23,0,3,12,2012,2,7,25,1,2,2,US-SR 12,CR-6,132,31.78065556,-88.24766389,0,12,6,0,2,3,0,1,1,5,0,5,0,0000000,99,99,7,50,99,99,0,0,0,1,0
1,10698,1,1,0,0,0,1,1,97,0,3,12,2012,2,8,40,1,2,2,US-SR 17,,220,30.94489167,-88.21702778,0,1,0,0,1,1,0,4,1,1,0,1,0,0000000,99,99,8,45,88,88,0,0,0,1,0
1,10699,2,1,1,0,1,2,3,13,1460,3,12,2012,2,12,56,0,15,6,N CONECUH ST,,0,31.83274444,-86.61750556,0,14,0,0,1,1,0,7,1,1,0,1,0,0000000,99,99,13,1,99,99,0,0,0,1,0
1,10700,2,2,0,0,0,3,3,103,1818,4,12,2012,3,14,50,1,2,2,US-SR 53,STAID RD,3028,34.52506944,-86.58883889,0,12,6,0,2,2,0,1,1,2,0,2,0,0000000,99,99,15,5,99,99,0,0,0,1,0
1,10701,1,1,0,1,1,1,1,113,2440,4,12,2012,3,17,51,0,14,6,SANDFORT ROAD,,0,32.44797778,-85.03074722,0,8,0,0,1,1,0,1,2,10,0,10,0,0000000,99,99,18,2,99,99,0,0,0,1,0
1,10702,2,2,0,0,0,4,4,31,0,5,12,2012,4,11,0,1,2,2,US-SR 12,CR-515,1716,31.39052222,-85.9601,0,12,6,0,2,2,0,1,1,1,0,1,0,0000000,99,99,11,15,99,99,0,0,0,1,0
1,10703,2,2,0,0,0,2,2,125,0,6,12,2012,5,6,39,1,2,2,US-SR 43,TIERCE PATTON RD,2064,33.35443333,-87.61185,0,12,6,0,2,2,0,1,1,1,0,1,0,0000000,99,99,6,55,99,99,0,0,0,1,0