STATE,ST_CASE,VE_TOTAL,VE_FORMS,PVH_INVL,PEDS,PERNOTMVIT,PERMVIT,PERSONS,COUNTY,CITY,DAY,MONTH,YEAR,DAY_WEEK,HOUR,MINUTE,NHS,ROAD_FNC,ROUTE,TWAY_ID,TWAY_ID2,MILEPT,LATITUDE,LONGITUD,SP_JUR,HARM_EV,MAN_COLL,RELJCT1,RELJCT2,TYP_INT,WRK_ZONE,REL_ROAD,LGT_COND,WEATHER1,WEATHER2,WEATHER,SCH_BUS,RAIL,NOT_HOUR,NOT_MIN,ARR_HOUR,ARR_MIN,HOSP_HR,HOSP_MN,CF1,CF2,CF3,FATALS,DRUNK_DR
1,10704,1,1,0,0,0,1,1,83,0,7,12,2012,6,0,33,1,2,3,SR-53,,3381,34.95903333,-86.79251944,0,32,0,0,1,1,0,4,2,1,0,1,0,0000000,99,99,0,42,88,88,0,0,0,1,1
1,10705,1,1,0,0,0,1,1,51,0,9,12,2012,1,3,20,0,4,4,CR-CENTRAL ROAD,,0,32.66602778,-86.07333889,0,34,0,0,1,1,0,4,2,5,0,5,0,0000000,99,99,3,34,88,88,0,0,0,1,1
1,10706,1,1,0,0,0,3,3,123,0,9,12,2012,1,14,10,0,4,4,CR-LOVELADY ROAD,,0,32.64868056,-85.851575,0,1,0,0,1,1,0,1,1,1,0,1,0,0000000,99,99,14,37,88,88,0,0,0,1,0
1,10707,1,1,0,0,0,1,1,91,0,10,12,2012,2,1,0,0,4,3,SR-69,,560,32.14084444,-87.99570556,0,32,0,0,1,1,0,4,2,10,0,10,0,0000000,88,88,88,88,88,88,0,0,0,1,0
1,10708,1,1,0,0,0,1,1,63,0,10,12,2012,2,7,55,1,2,2,US-SR 13,,1518,32.71801667,-87.905025,0,38,0,0,1,1,0,4,1,2,0,2,0,0000000,99,99,8,45,99,99,0,0,0,1,0
1,10709,2,2,0,0,0,2,2,77,0,10,12,2012,2,15,53,1,13,2,US-SR 13,HWY 64,3307,34.92843889,-87.53144444,0,12,6,0,2,2,0,1,1,10,0,10,0,0000000,99,99,16,15,99,99,0,0,0,1,0
1,10710,2,2,0,0,0,2,2,129,0,12,12,2012,4,9,40,0,3,3,SR-56,,114,31.46649444,-88.28425556,0,12,2,0,1,1,0,1,1,1,0,1,0,0000000,99,99,9,52,88,88,0,0,0,1,0
1,10711,1,1,0,0,0,1,1,103,0,13,12,2012,5,8,15,0,3,3,SR-36,,253,34.44819167,-86.87125556,0,35,0,0,1,1,0,4,1,1,0,1,0,0000000,99,99,8,25,88,88,0,0,0,1,0
1,10712,2,2,0,0,0,2,2,51,0,14,12,2012,6,0,35,0,3,3,SR-11,,72,32.61149167,-86.26776389,0,12,2,0,1,1,0,1,2,1,0,1,0,0000000,99,99,0,47,99,99,0,0,0,1,1
1,10713,1,1,0,0,0,1,1,121,0,15,12,2012,7,13,0,0,5,4,CR-MCELDERRY RD,,0,33.49074167,-85.98582222,0,32,0,0,1,1,0,4,1,1,0,1,0,0000000,99,99,13,20,88,88,0,0,0,1,1
1,10714,1,1,0,0,0,1,1,31,0,18,12,2012,3,2,15,0,4,4,CR-156,,0,31.407625,-85.84215556,0,42,0,0,1,1,0,4,2,10,0,10,0,0000000,99,99,6,50,88,88,0,0,0,1,0
1,10715,2,2,0,0,0,3,3,5,1050,12,11,2012,2,18,10,1,13,2,US-SR 1,PAUL LEE PKWY,650,31.86931111,-85.15783611,0,12,6,0,2,3,0,1,3,2,0,2,0,0000000,99,99,18,20,99,99,0,0,0,2,1
1,10716,1,1,0,0,0,1,1,101,2130,21,11,2012,4,16,24,0,16,6,THOMASON AVE,,0,32.35240833,-86.35415,0,30,0,0,1,1,0,4,1,1,0,1,0,0000000,99,99,16,30,99,99,0,0,0,1,1
1,10717,2,2,0,0,0,3,3,73,1716,24,11,2012,7,19,21,1,13,3,SR-150,DRIVEWAY CONTROLLED BY SIGN,90,33.35423889,-86.84292778,0,12,6,0,8,1,0,1,3,1,0,1,0,0000000,99,99,19,23,99,99,0,0,0,1,1
1,10718,3,1,2,0,0,1,1,55,190,27,11,2012,3,20,19,0,16,4,CR-HIGHLAND AVE,,0,34.02590833,-86.09164444,0,14,0,0,1,1,0,4,2,1,0,1,0,0000000,99,99,20,24,88,88,0,0,0,1,0
1,10719,2,2,0,0,0,2,2,95,1500,2,12,2012,1,17,12,1,13,2,US-SR 1,,2997,34.38243611,-86.28592222,0,12,2,0,1,1,0,1,2,1,0,1,0,0000000,99,99,17,15,99,99,0,0,0,1,0
1,10720,1,1,0,0,0,1,1,89,2368,4,12,2012,3,10,44,0,15,6,OLD HWY 431,,0,34.59378056,-86.45888611,0,30,0,0,1,1,0,4,1,10,0,10,0,0000000,99,99,10,50,99,99,0,0,0,1,0
1,10721,1,1,0,1,1,1,1,31,1030,15,12,2012,7,22,24,1,14,2,US-SR 12,,0,31.30580278,-85.82185,0,8,0,0,1,1,0,1,3,10,0,10,0,0000000,99,99,22,32,99,99,0,0,0,1,0
1,10722,2,2,0,0,0,3,3,17,3111,16,12,2012,1,14,25,0,14,2,US-SR 15,,2060,32.80064722,-85.18159167,0,12,6,0,8,1,0,1,1,1,0,1,0,0000000,99,99,14,34,99,99,0,0,0,1,0
1,10723,2,2,0,0,0,2,2,115,2410,16,12,2012,1,23,17,0,14,3,SR-54,19TH ST S,2170,33.56058056,-86.27120833,0,12,6,0,2,2,0,1,3,1,0,1,0,0000000,99,99,23,40,99,99,0,0,0,1,0
1,10724,2,2,0,0,0,2,2,17,3111,18,12,2012,3,8,46,0,4,4,CR-FAIRFAX BYPASS,TOWEL AVENUE,0,32.77744167,-85.18046667,0,12,2,0,1,1,0,1,1,1,0,1,0,0000000,99,99,8,54,99,99,0,0,0,1,0
1,10725,2,2,0,0,0,2,2,121,680,1,12,2012,7,20,42,1,13,2,US-SR 38,,0,33.24156111,-86.33415833,0,54,11,0,1,1,0,1,2,10,0,10,0,0000000,99,99,20,55,88,88,14,0,0,1,1
1,10727,2,2,0,0,0,4,4,47,2760,31,12,2012,2,19,55,1,13,2,US-SR 8,,0,32.43270556,-87.04553056,0,12,2,0,1,1,0,1,3,10,0,10,0,0000000,99,99,20,5,99,99,0,0,0,1,0
1,10728,1,1,0,1,1,1,1,101,2130,25,9,2012,3,19,20,1,12,6,NORTHERN BLVD,COLISEUM BLVD,0,32.42258056,-86.26850556,0,8,0,0,2,2,0,1,3,1,0,1,0,0000000,99,99,19,28,88,88,0,0,0,1,0
1,10729,2,2,0,0,0,2,2,89,1730,7,12,2012,6,10,50,0,15,6,OAKWOOD AVE,,0,34.74949444,-86.62706111,0,12,2,0,1,1,0,1,1,1,0,1,0,0000000,99,99,11,0,99,99,0,0,0,1,0
1,10730,1,1,0,1,1,2,2,117,0,7,12,2012,6,17,25,0,3,3,SR-25,,1255,33.15271667,-86.66179167,0,8,0,0,1,1,0,1,2,1,0,1,0,0000000,99,99,17,40,88,88,0,0,0,1,0
1,10731,2,2,0,0,0,3,3,121,0,8,12,2012,7,0,4,0,99,4,CR-MCINTOSH ROAD,,0,33.57228056,-85.79649444,0,12,6,0,1,1,0,1,2,10,0,10,0,0000000,99,99,1,0,99,99,0,0,0,2,0
1,10732,2,2,0,0,0,2,2,97,2100,11,12,2012,3,5,43,1,13,3,SR-16,,344,30.71683333,-88.03434167,0,12,1,0,8,1,0,1,4,10,0,10,0,0000000,99,99,5,53,88,88,0,0,0,1,0
1,10733,1,1,0,0,0,1,1,39,2712,15,12,2012,7,3,15,1,13,2,US-SR 12,,1395,31.29490833,-86.38596111,0,32,0,0,1,1,0,4,2,1,0,1,0,0000000,99,99,3,29,88,88,0,0,0,1,1
1,10734,2,2,0,0,0,5,5,15,0,15,12,2012,7,14,45,1,2,3,SR-21,,2723,33.87790278,-85.71502222,0,12,6,0,8,1,0,1,1,1,0,1,0,0000000,99,99,14,55,88,88,0,0,0,1,0
1,10735,5,5,0,0,0,5,5,55,0,14,12,2012,6,14,29,1,1,1,I-59,,1810,33.99186111,-86.09149722,0,12,1,0,1,1,0,1,1,1,0,1,0,0000000,99,99,14,35,99,99,19,0,0,1,0
1,10736,1,1,0,0,0,2,2,97,0,15,12,2012,7,3,0,0,14,4,CR-COTTAGE HILL ROAD,,0,30.63644444,-88.21850556,0,30,0,0,1,1,0,4,2,1,0,1,0,0000000,99,99,4,8,99,99,0,0,0,1,0
1,10737,1,1,0,0,0,2,2,59,0,15,12,2012,7,23,9,0,6,4,CR-60,,0,34.55864722,-87.70119722,0,42,0,0,1,1,0,4,2,2,0,2,0,0000000,99,99,23,16,99,99,0,0,0,1,0
1,10738,1,1,0,0,0,3,3,113,0,16,12,2012,1,14,59,0,5,4,CR-63,,0,32.45200556,-85.33019444,0,1,0,0,1,1,0,4,1,2,0,2,0,0000000,99,99,15,21,99,99,0,0,0,2,0
1,10739,1,1,0,0,0,1,1,83,0,17,12,2012,2,20,25,0,5,3,SR-127,,85,34.92590556,-86.98860833,0,32,0,0,1,1,0,4,2,10,0,10,0,0000000,99,99,20,29,88,88,0,0,0,1,1
1,10740,1,1,0,0,0,2,2,25,0,18,12,2012,3,17,25,0,4,3,SR-69,,370,31.90681667,-88.000825,0,42,0,0,1,1,0,4,2,1,0,1,0,0000000,99,99,20,0,99,99,0,0,0,2,0
1,10741,1,1,0,0,0,1,1,125,0,19,12,2012,4,0,5,0,5,4,CR-ROCKHOUSE ROAD,,0,33.28289444,-87.15116667,0,34,0,0,1,1,0,4,2,1,0,1,0,0000000,99,99,0,35,99,99,0,0,0,1,0
1,10742,2,2,0,0,0,2,2,61,0,18,12,2012,3,15,20,0,3,3,SR-52,,333,31.0533,-85.83067778,0,12,1,0,1,1,0,1,1,1,0,1,0,0000000,99,99,15,30,99,99,0,0,0,1,0
1,10743,2,2,0,0,0,2,2,21,0,18,12,2012,3,16,15,0,4,4,CR-37,CR-16,0,32.74894444,-86.71939722,0,12,6,0,2,2,0,1,1,1,0,1,0,0000000,99,99,16,35,99,99,0,0,0,1,0
1,10744,8,8,0,0,0,9,9,101,2130,20,12,2012,5,6,25,1,12,3,SR-152,,0,32.42216111,-86.251775,0,12,6,0,1,1,0,1,4,2,0,2,0,0000000,99,99,6,34,99,99,0,0,0,1,1
1,10745,1,1,0,1,1,1,1,89,1730,20,12,2012,5,10,0,1,11,1,I-565,,80,34.68014722,-86.736275,0,8,0,0,1,1,0,1,1,2,0,2,0,0000000,99,99,10,3,88,88,0,0,0,1,0
1,10746,1,1,0,0,0,1,1,19,0,21,12,2012,6,6,10,0,6,4,CR-219,,0,34.109375,-85.54329722,0,34,0,0,1,1,0,4,4,1,0,1,0,0000000,99,99,9,38,88,88,0,0,0,1,0
1,10747,1,1,0,0,0,1,1,17,0,23,12,2012,1,1,10,0,5,4,CR-32,,0,32.89120556,-85.43319444,0,38,0,0,1,1,0,4,2,1,0,1,0,0000000,99,99,1,20,88,88,0,0,0,1,1
1,10748,1,1,0,0,0,1,1,127,0,23,12,2012,1,1,20,1,3,3,SR-118,,565,33.86365278,-87.39618611,0,35,0,0,1,1,0,4,2,1,0,1,0,0000000,99,99,1,42,99,99,0,0,0,1,0
1,10749,1,1,0,0,0,1,1,9,0,24,12,2012,2,21,30,1,3,3,SR-79,,390,34.04935278,-86.57693333,0,42,0,0,1,1,0,4,2,1,0,1,0,0000000,99,99,23,41,88,88,0,0,0,1,0
1,10750,1,1,0,0,0,1,1,99,0,25,12,2012,3,7,30,0,6,4,CR-OLD STAGE ROAD,,0,31.40040833,-87.29725278,0,1,0,0,1,1,0,4,4,2,0,2,0,0000000,99,99,8,6,88,88,0,0,0,1,0
1,10751,1,1,0,0,0,1,1,95,0,27,12,2012,5,4,0,0,6,4,CR-GEORGIA MOUNTAIN RD,,0,34.38135556,-86.36518889,0,53,0,0,1,1,0,4,2,10,0,10,0,0000000,88,88,88,88,88,88,0,0,0,1,1
1,10752,1,1,0,1,1,0,0,49,0,25,12,2012,3,10,15,0,6,4,CR-432,,0,34.40384167,-85.958875,0,8,0,0,1,1,0,1,1,10,0,10,0,0000000,99,99,11,25,88,88,23,0,0,1,0
1,10753,2,2,0,0,0,3,3,15,0,26,12,2012,4,23,10,1,2,2,US-SR 1,,2366,33.71556667,-85.85681667,0,12,1,0,1,1,0,1,2,1,0,1,0,0000000,99,99,23,12,88,88,0,0,0,1,1
1,10754,1,1,0,1,1,1,1,97,2100,27,12,2012,5,13,58,1,13,2,US-SR 16,DEARBORN ST,0,30.68750833,-88.04956944,0,8,0,0,3,1,0,1,1,10,0,10,0,0000000,99,99,14,4,99,99,0,0,0,1,0
1,10755,1,1,0,0,0,1,1,97,2100,27,12,2012,5,3,50,0,14,6,AZALEA RD,,0,30.67115833,-88.14950833,0,42,0,0,1,1,0,4,3,10,0,10,0,0000000,99,99,4,0,99,99,0,0,0,1,0
1,10756,1,1,0,0,0,1,1,97,0,29,12,2012,7,23,20,0,3,4,CR-BELLINGRATH RD,COUNTRY CLUB BLVD,0,30.53193056,-88.17051944,0,1,0,0,3,2,0,1,3,1,0,1,0,0000000,99,99,23,28,88,88,0,0,0,1,0
1,10757,5,5,0,0,0,9,9,97,2100,29,12,2012,7,0,5,1,11,1,I-10,,268,30.68936944,-88.03815833,0,25,0,0,1,1,0,4,3,2,0,2,0,0000000,99,99,0,18,99,99,0,0,0,1,0
1,10758,1,1,0,0,0,1,1,75,0,29,12,2012,7,10,20,0,4,4,CR-RIVER ROAD,,0,33.98352778,-88.08694444,0,42,0,0,1,1,0,4,1,10,0,10,0,0000000,99,99,10,35,99,99,0,0,0,1,0
1,10759,1,1,0,0,0,1,1,55,0,29,12,2012,7,21,30,0,3,3,SR-132,,135,34.02799444,-86.27668611,0,34,0,0,1,1,0,4,2,1,0,1,0,0000000,99,99,9,15,88,88,18,0,0,1,1
1,10760,2,2,0,0,0,2,2,101,2130,7,12,2012,6,8,20,1,13,2,US-SR 3,,0,32.34133056,-86.369625,0,12,6,0,8,1,0,1,1,10,0,10,0,0000000,99,99,8,40,99,99,0,0,0,1,0
1,10761,1,1,0,0,0,1,1,55,2822,21,12,2012,6,14,25,0,16,6,GREEN VALLEY ROAD,,0,33.88908611,-86.00353333,0,42,0,0,1,1,0,4,1,1,0,1,0,0000000,99,99,14,36,99,99,0,0,0,1,0
1,10762,1,1,0,0,0,1,1,103,890,19,12,2012,4,0,52,1,13,3,SR-67,SPRING AVE SW,400,34.56011667,-86.99974722,0,33,0,0,3,2,0,3,3,1,0,1,0,0000000,99,99,0,55,99,99,0,0,0,1,1
1,10763,2,2,0,0,0,3,3,13,1960,25,12,2012,3,18,53,0,14,2,US-SR 3,S GARLAND ROAD,1157,31.53801667,-86.726575,0,12,6,0,2,2,0,1,3,10,0,10,0,0000000,99,99,19,12,99,99,0,0,0,1,1
1,10764,2,2,0,0,0,2,2,89,0,29,12,2012,7,22,35,1,2,3,SR-53,,3302,34.86018611,-86.72283056,0,12,2,0,1,1,0,1,2,10,0,10,0,0000000,99,99,22,43,99,99,0,0,0,1,0
1,10765,2,2,0,0,0,7,7,107,0,29,12,2012,7,18,39,0,3,3,SR-17,,2070,33.34250556,-88.02650833,0,12,2,0,1,1,0,1,2,1,0,1,0,0000000,99,99,19,5,99,99,20,0,0,2,0
1,10766,2,2,0,0,0,4,4,21,0,23,8,2012,5,17,45,1,3,2,US-SR 3,,2262,32.88724722,-86.67160278,0,12,2,0,1,1,0,1,1,1,0,1,0,0000000,99,99,18,5,99,99,0,0,0,1,0
1,10767,1,1,0,0,0,2,2,73,0,19,12,2012,4,20,50,0,4,4,CR-MORRIS MAJESTIC RD,,0,33.75127778,-86.764175,0,34,0,0,1,1,0,4,2,1,0,1,0,0000000,99,99,21,10,88,88,0,0,0,1,0
1,10768,2,2,0,0,0,2,2,97,2100,4,8,2012,7,22,51,1,13,6,AIRPORT BLVD,WESTWOOD ST,0,30.67647778,-88.09372778,0,12,6,0,2,2,0,1,3,10,0,10,0,0000000,99,99,23,2,99,99,0,0,0,1,0
1,10769,2,2,0,0,0,2,2,105,2020,17,12,2012,2,17,20,0,3,3,SR-14,HWY 5,890,32.63986389,-87.29503889,0,12,6,0,8,1,0,1,5,10,0,10,0,0000000,99,99,17,46,99,99,0,0,0,1,1
1,10770,1,1,0,0,0,2,2,73,350,18,9,2012,3,13,55,1,11,1,I-59,,1282,33.54670833,-86.78238056,0,24,0,0,1,1,0,4,1,1,0,1,0,0000000,99,99,14,0,99,99,0,0,0,1,0
1,10771,1,1,0,0,0,1,1,73,3080,5,2,2012,1,4,30,9,99,9,DEERFOOT PARKWAY,,0,33.63874444,-86.58095556,0,3,0,0,1,1,0,4,9,99,0,99,0,0000000,88,88,88,88,88,88,0,0,0,1,0
1,10772,1,1,0,0,0,1,1,73,350,26,4,2012,5,0,20,1,11,1,I-65,,2580,33.41418611,-86.81020556,0,42,0,0,1,1,0,4,3,1,0,1,0,0000000,99,99,0,33,88,88,0,0,0,1,0
1,10773,3,3,0,0,0,6,6,73,350,17,2,2012,6,13,15,1,11,1,I-65,,2626,33.54190556,-86.826,0,12,1,0,1,1,0,1,1,1,0,1,0,0000000,99,99,13,35,99,99,0,0,0,1,0
1,10774,2,2,0,0,0,6,6,73,350,13,9,2012,5,6,30,1,13,6,LAKESHORE PARKWAY,SYDNEY DR,0,33.43387778,-86.87486389,0,12,6,0,2,2,0,1,1,1,0,1,0,0000000,99,99,6,46,99,99,0,0,0,1,0
1,10775,2,2,0,0,0,2,2,73,2960,25,7,2012,4,17,42,1,13,3,SR-79,THOMPSON TRACTOR ROAD,0,33.59795556,-86.75801667,0,12,6,0,3,2,0,1,1,1,0,1,0,0000000,99,99,17,47,99,99,0,0,0,1,0
1,10776,1,1,0,1,1,1,1,73,350,5,11,2012,2,19,45,0,15,6,SPAULDING ROAD,,0,33.44798333,-86.89587778,0,8,0,0,1,1,0,1,3,2,0,2,0,0000000,99,99,19,30,99,99,0,0,0,1,0
1,10777,3,3,0,0,0,5,5,73,350,22,12,2012,7,7,10,1,13,2,US-SR 4,,0,33.55211389,-86.88400278,0,12,6,0,1,1,0,1,1,1,0,1,0,0000000,99,99,7,18,88,88,0,0,0,1,0
1,10778,1,1,0,0,0,1,1,73,350,25,1,2012,4,10,45,1,13,3,SR-4,,0,33.39717778,-86.95790556,0,1,0,0,1,1,0,1,1,1,0,1,0,0000000,99,99,10,47,99,99,19,0,0,1,0
1,10779,3,3,0,0,0,6,6,89,1730,25,8,2012,7,13,53,0,15,6,OAKWOOD AVE,,0,34.74958889,-86.63343889,0,12,2,0,1,1,0,1,1,1,0,1,0,0000000,99,99,13,59,99,99,20,0,0,1,0
1,10780,3,3,0,0,0,4,4,73,350,5,4,2012,5,23,20,1,11,1,I-59,,1262,33.52841944,-86.80443056,0,12,2,0,1,1,0,1,3,1,0,1,0,0000000,99,99,23,26,99,99,14,0,0,1,1
1,10781,1,1,0,0,0,1,1,73,1315,31,5,2012,5,19,55,0,14,2,US-SR 3,,2880,33.69240278,-86.81910556,0,42,0,0,1,1,0,3,2,1,0,1,0,0000000,99,99,20,6,99,99,0,0,0,1,0
1,10782,6,6,0,0,0,9,9,73,350,30,5,2012,4,15,37,1,11,1,I-65,,2580,33.49990278,-86.81413889,0,12,7,0,1,1,0,1,1,1,0,1,0,0000000,99,99,15,44,99,99,14,0,0,2,1
1,10783,2,2,0,0,0,4,4,81,200,7,12,2012,6,13,39,1,11,1,I-85,,549,32.58845278,-85.45901944,0,12,1,0,1,1,0,1,1,1,0,1,0,0000000,99,99,13,47,99,99,19,0,0,1,0
1,10784,3,3,0,0,0,5,5,81,200,19,12,2012,4,17,5,0,14,2,US-SR 15,LEE ROAD 10,0,32.54073333,-85.51630556,0,12,6,0,2,2,0,1,2,1,0,1,0,0000000,99,99,17,19,99,99,0,0,0,1,0
1,10785,4,4,0,0,0,9,9,73,350,9,6,2012,7,23,20,1,11,1,I-59,,1235,33.52091111,-86.84914444,0,12,7,0,1,1,0,1,3,10,0,10,0,0000000,99,99,23,24,99,99,0,0,0,1,0
1,10786,1,1,0,0,0,2,2,73,1270,20,12,2012,5,99,99,0,14,4,CR-NEW CASTLE ROAD,CARSON ROAD N,0,33.62145278,-86.78774167,0,1,0,0,3,3,0,4,9,99,0,99,0,0000000,99,99,0,50,88,88,0,0,0,2,0
1,10787,1,1,0,2,2,1,1,73,0,9,11,2012,6,21,10,1,13,3,SR-75,,88,33.70677778,-86.66771667,0,8,0,0,1,1,0,1,2,1,0,1,0,0000000,99,99,21,16,99,99,0,0,0,2,0
1,10788,1,1,0,0,0,1,1,97,2550,14,1,2012,7,1,17,0,16,6,N FAIRPORT ROAD,,0,30.75521111,-88.08026667,0,19,0,0,1,1,0,4,3,1,0,1,0,0000000,99,99,1,22,99,99,0,0,0,1,1
1,10789,1,1,0,0,0,1,1,73,350,22,3,2012,5,16,20,0,16,6,ALTAMONT ROAD,,0,33.50971944,-86.76557222,0,33,0,0,1,1,0,4,1,2,0,2,0,0000000,99,99,16,18,99,99,0,0,0,1,0
1,10790,1,1,0,0,0,1,1,121,680,29,6,2012,6,12,55,0,15,4,CR-FYTUL HWY,,0,33.2682,-86.37586667,0,34,0,0,1,1,0,4,1,1,0,1,0,0000000,99,99,13,5,99,99,0,0,0,1,0
1,10791,1,1,0,1,1,1,1,97,2550,28,6,2012,5,0,5,1,13,2,US-SR 17,,0,30.79746389,-88.15138889,0,8,0,0,1,1,0,1,2,1,0,1,0,0000000,99,99,0,5,88,88,0,0,0,1,0
1,10792,3,3,0,0,0,3,3,103,890,1,6,2012,6,9,52,0,4,6,SPRING AVE SE,,0,34.52590278,-87.00060278,0,12,6,0,1,1,0,1,1,1,0,1,0,0000000,99,99,10,1,99,99,0,0,0,1,0
1,10793,2,2,0,0,0,2,2,73,350,5,7,2012,5,0,20,1,11,1,I-59,,1310,33.54666111,-86.76301111,0,12,99,0,1,1,0,1,2,1,0,1,0,0000000,99,99,0,25,99,99,0,0,0,1,0
1,10794,1,1,0,0,0,2,2,121,680,18,8,2012,7,13,50,0,6,6,8TH AVE SW,,0,33.27318611,-86.35334722,0,32,0,0,1,1,0,4,1,10,0,10,0,0000000,99,99,13,57,99,99,0,0,0,1,1
1,10795,2,1,1,0,1,3,4,123,60,2,11,2012,6,9,25,0,16,3,SR-63,,320,32.9559,-85.944325,0,14,0,0,1,1,0,4,1,1,0,1,0,0000000,99,99,99,99,99,99,0,0,0,2,0
1,10796,1,1,0,0,0,1,1,73,330,11,11,2012,1,0,48,0,14,6,4TH AVE SW,,0,33.37531111,-86.97677222,0,30,0,0,1,1,0,4,2,10,0,10,0,0000000,99,99,1,1,99,99,0,0,0,1,0
1,10797,2,2,0,0,0,2,2,25,2980,9,2,2012,5,6,5,1,2,2,US-SR 13,SOUTH PARK INDUSTRIAL DR,884,31.87417222,-87.74561944,0,12,6,0,3,3,0,1,2,10,0,10,0,0000000,99,99,6,19,99,99,0,0,0,1,0
1,10798,2,2,0,0,0,3,3,115,2136,25,3,2012,1,0,37,0,14,2,US-SR 25,,1755,33.60304444,-86.47734722,0,12,2,0,1,1,0,1,2,10,0,10,0,0000000,99,99,0,47,99,99,0,0,0,1,1
1,10799,1,1,0,0,0,1,1,73,1717,1,6,2012,6,22,36,0,5,4,CR-JOHNS RD,,0,33.39215,-87.05305,0,30,0,0,1,1,0,4,2,10,0,10,0,0000000,99,99,22,41,99,99,0,0,0,1,0
1,10800,1,1,0,0,0,1,1,77,0,13,6,2012,4,19,25,0,4,4,CR-14,,0,34.86967778,-87.78997222,0,1,0,0,1,1,0,1,1,1,0,1,0,0000000,99,99,19,35,99,99,0,0,0,1,0
1,10801,1,1,0,0,0,1,1,73,330,20,10,2012,7,15,35,1,11,1,I-59,,1140,33.44040833,-86.95684444,0,34,0,0,1,1,0,4,1,1,0,1,0,0000000,99,99,15,39,99,99,0,0,0,1,0
1,10802,2,2,0,0,0,3,3,91,1880,6,10,2012,7,8,9,1,2,2,US-SR 13,HWY 28,0,32.31220278,-87.79806389,0,12,6,0,2,2,0,1,1,1,0,1,0,0000000,99,99,8,10,99,99,0,0,0,1,0
1,10803,2,2,0,0,0,2,2,69,0,10,11,2012,7,15,39,1,2,2,US-SR 12,,1967,31.24196111,-85.61298056,0,12,2,0,1,1,0,1,1,1,0,1,0,0000000,99,99,15,48,99,99,0,0,0,1,0
1,10804,1,1,0,1,1,3,3,95,110,1,12,2012,7,2,0,0,6,6,FAIRVIEW DR NE,,0,34.33111667,-86.47885556,0,8,0,0,1,1,0,1,2,1,0,1,0,0000000,88,88,88,88,88,88,0,0,0,1,1
1,10805,1,1,0,0,0,1,1,105,2020,15,2,2012,4,11,30,0,5,6,FIKES AND FERRY ROAD,,0,32.61705556,-87.30626944,0,42,0,0,1,1,0,4,1,1,0,1,0,0000000,99,99,12,6,88,88,0,0,0,1,0
1,10806,1,1,0,0,0,1,1,33,1860,10,3,2012,7,16,17,0,14,4,CR-RIVER ROAD,FORD ROAD,0,34.787375,-87.60329444,0,1,0,0,1,1,0,4,1,1,0,1,0,0000000,99,99,99,99,99,99,0,0,0,1,0
1,10807,1,1,0,0,0,1,1,87,3070,17,3,2012,7,21,30,0,6,6,PRESTWOOD CIRCLE,,0,32.42528611,-85.67842778,0,3,0,0,1,1,0,4,2,1,0,1,0,0000000,88,88,88,88,88,88,0,0,0,1,0
1,10808,1,1,0,0,0,1,1,49,1230,19,3,2012,2,3,0,0,16,6,CHISENHALL ROAD SW,,0,34.44763889,-85.75258889,0,42,0,0,1,1,0,4,2,1,0,1,0,0000000,99,99,99,99,88,88,0,0,0,1,0
1,10809,2,2,0,0,0,5,5,49,1230,15,6,2012,6,17,47,0,15,4,CR-DESOTO PKWY,,0,34.45996111,-85.6784,0,12,2,0,1,1,0,1,1,1,0,1,0,0000000,99,99,17,51,99,99,0,0,0,1,0
1,10810,1,1,0,0,0,1,1,73,350,13,11,2012,3,12,0,0,99,9,BREWER DR,,0,33.43261111,-86.92438611,0,5,0,0,1,1,0,1,1,98,0,98,0,0000000,99,99,99,99,99,99,0,0,0,1,0
1,10811,2,2,0,0,0,3,3,85,2147,16,10,2012,3,15,45,0,5,4,CR-13,MULBERRY ST,0,32.18726944,-86.71332778,0,12,6,0,2,3,0,1,1,1,0,1,0,0000000,99,99,15,37,88,88,0,0,0,1,1
1,10812,1,1,0,0,0,1,1,33,2190,27,11,2012,3,6,44,1,13,6,SIXTH ST,,0,34.75763611,-87.57671667,0,32,0,0,1,1,0,4,1,10,0,10,0,0000000,99,99,6,50,99,99,0,0,0,1,0
1,10813,1,1,0,0,0,2,2,71,0,23,3,2012,6,14,35,1,2,2,US-SR 2,,1166,34.67285,-86.32941111,0,34,0,0,1,1,0,4,1,1,0,1,0,0000000,99,99,14,52,99,99,0,0,0,1,0
1,10814,2,2,0,0,0,2,2,45,2050,2,10,2012,3,19,9,0,14,3,SR-134,COUNTY ROAD 59,368,31.31529722,-85.50016667,0,12,6,0,2,2,0,1,3,10,0,10,0,0000000,99,99,19,19,99,99,0,0,0,1,0
2,20002,2,2,0,0,0,3,3,90,770,9,1,2012,2,12,8,0,14,5,PEGER ROAD,DAVIS ROAD,16,64.82738611,-147.7785111,0,12,6,0,2,2,0,1,1,1,0,1,0,0000000,99,99,99,99,99,99,0,0,0,1,0
2,20003,2,2,0,0,0,6,6,261,0,9,3,2012,6,14,23,1,2,3,SR-4 RICHARDSON HIGHWAY,,582,61.35549167,-145.2922361,0,12,6,0,1,1,0,1,1,1,0,1,0,0000000,14,23,15,27,99,99,0,0,0,1,0
2,20004,1,1,0,1,1,2,2,20,130,25,3,2012,1,21,48,0,15,6,DENALI STREET,,3,61.19379444,-149.8766972,0,8,0,0,1,1,0,1,3,1,0,1,0,0000000,21,49,21,55,88,88,0,0,0,1,0
2,20005,1,1,0,0,0,2,2,122,0,30,3,2012,6,16,25,0,6,5,NIKISKI EMERGENCY ESCAPE ROUTE,,7,60.65686944,-151.2293306,0,1,0,0,1,1,0,2,1,1,0,1,0,0000000,16,37,16,48,99,96,0,0,0,1,0