STATE,ST_CASE,VE_TOTAL,VE_FORMS,PVH_INVL,PEDS,PERNOTMVIT,PERMVIT,PERSONS,COUNTY,CITY,DAY,MONTH,YEAR,DAY_WEEK,HOUR,MINUTE,NHS,ROAD_FNC,ROUTE,TWAY_ID,TWAY_ID2,MILEPT,LATITUDE,LONGITUD,SP_JUR,HARM_EV,MAN_COLL,RELJCT1,RELJCT2,TYP_INT,WRK_ZONE,REL_ROAD,LGT_COND,WEATHER1,WEATHER2,WEATHER,SCH_BUS,RAIL,NOT_HOUR,NOT_MIN,ARR_HOUR,ARR_MIN,HOSP_HR,HOSP_MN,CF1,CF2,CF3,FATALS,DRUNK_DR
2,20006,2,2,0,0,0,5,5,90,0,7,4,2012,7,0,4,0,4,5,NORDALE ROAD,,29,64.85481667,-147.4053389,0,12,2,0,1,1,0,1,2,1,0,1,0,0000000,0,5,0,14,0,53,0,0,0,2,1
2,20007,2,2,0,0,0,2,2,90,0,19,4,2012,5,7,48,0,4,6,CHENA RIDGE ROAD,,32,64.83158889,-147.9609111,0,12,2,0,1,1,0,1,1,1,0,1,0,0000000,7,51,7,54,8,31,0,0,0,1,1
2,20008,1,1,0,0,0,1,1,188,1380,25,5,2012,6,23,35,0,6,5,SIXTH STREET,ADAMS STREET,4,66.900925,-162.5690972,0,31,0,0,2,2,0,4,1,1,0,1,0,0000000,23,38,23,45,0,0,0,0,0,1,1
2,20009,2,2,0,0,0,2,2,170,0,16,5,2012,4,12,16,0,4,5,OLD GLENN HIGHWAY,BODENBURG LOOP,126,61.55600833,-149.0400222,0,12,6,0,2,4,0,1,1,1,0,1,0,0000000,12,16,12,22,99,99,0,0,0,1,0
2,20010,1,1,0,0,0,1,1,122,0,12,6,2012,3,3,30,1,1,3,SR-1 SEWARD HIGHWAY,,380,60.54791111,-149.5777889,0,1,0,0,1,1,0,4,2,2,0,2,0,0000000,99,99,99,99,88,88,20,0,0,1,1
2,20011,2,2,0,0,0,4,4,122,0,9,1,2012,2,19,58,1,1,3,SR-1 STERLING HIGHWAY,ROBINSON LANE,503,60.52323333,-150.8783361,0,12,2,0,2,3,0,1,3,10,0,10,0,0000000,19,59,20,5,99,99,0,0,0,2,0
2,20012,1,1,0,0,0,4,4,70,0,29,7,2012,1,2,32,0,4,5,ALEKNAGIK LAKE ROAD,,138,59.20590556,-158.6713444,0,1,0,0,1,1,0,4,2,10,2,2,0,0000000,99,99,99,99,99,99,0,0,0,1,1
2,20013,1,1,0,0,0,1,1,170,0,22,7,2012,1,16,37,0,14,5,BOGARD ROAD,,39,61.60518889,-149.3494083,0,1,0,0,1,1,0,4,1,1,0,1,0,0000000,16,38,16,43,88,88,0,0,0,1,0
2,20014,2,2,0,0,0,2,2,122,0,30,5,2012,4,15,55,1,1,1,I-1A/SR-1 STERLING HIGHWAY,,542,60.50175556,-150.9791694,0,12,6,0,4,1,0,1,1,10,0,10,0,0000000,15,57,16,2,16,40,0,0,0,1,0
2,20015,1,1,0,1,1,3,3,20,130,25,5,2012,6,5,36,1,11,3,SR-1 GLENN HIGHWAY,MULDOON ROAD,2,61.22593333,-149.7315028,0,8,0,1,5,1,0,1,4,10,0,10,0,0000000,5,36,5,43,88,88,0,0,0,1,0
2,20016,3,3,0,0,0,3,3,20,130,1,7,2012,1,23,32,0,14,6,LAKE OTIS PARKWAY,OMALLEY DRIVE,59,61.12308889,-149.8340583,0,12,6,0,2,2,0,1,1,1,0,1,0,0000000,23,32,23,39,88,88,0,0,0,1,0
2,20017,1,1,0,0,0,1,1,240,0,5,7,2012,5,10,45,1,1,1,I-A2/SR-2 ALASKA HIGHWAY,,1562,63.70191389,-144.6384917,0,58,0,0,1,1,0,4,1,1,0,1,0,0000000,99,99,99,99,88,88,0,0,0,1,0
2,20018,1,1,0,0,0,1,1,240,0,15,7,2012,1,4,38,1,1,3,SR-2 RICHARDSON HIGHWAY,,2823,64.18508611,-145.8871583,0,11,0,0,1,1,0,1,1,1,0,1,0,0000000,99,99,99,99,88,88,0,0,0,1,1
2,20019,1,1,0,0,0,1,1,170,0,26,5,2012,7,17,48,0,15,5,BLUE LUPINE DRIVE,VICKI WAY,34,61.57145833,-149.353,0,34,0,0,2,3,0,4,1,1,0,1,0,0000000,17,49,17,56,18,12,0,0,0,1,0
2,20020,3,3,0,0,0,6,6,170,0,1,8,2012,4,13,10,1,1,3,SR-1 GLENN HIGHWAY,,571,61.730425,-148.7991028,0,12,2,0,1,1,0,1,1,10,0,10,0,0000000,12,59,13,19,14,10,0,0,0,1,1
2,20021,1,1,0,0,0,1,1,20,130,7,8,2012,3,21,20,1,1,3,SR-1 SEWARD HIGHWAY,,1118,61.026775,-149.75265,0,24,0,0,1,1,0,4,1,1,0,1,0,0000000,21,20,21,30,88,88,0,0,0,1,1
2,20022,1,1,0,0,0,4,4,201,0,11,8,2012,7,17,30,0,4,5,COFFMAN COVE ROAD,FS 3030-300 ROAD,95,55.91043056,-132.9231583,0,35,0,0,2,3,0,4,1,10,0,10,0,0000000,99,99,99,99,99,99,0,0,0,1,1
2,20023,2,2,0,0,0,2,2,110,1130,14,8,2012,3,13,20,1,13,3,SR-7 EGAN DRIVE,12TH STREET,8,58.30223333,-134.4259,0,12,6,0,2,3,0,1,1,1,0,1,0,0000000,13,23,13,24,88,88,0,0,0,1,0
2,20024,3,3,0,0,0,3,3,90,770,21,8,2012,3,18,54,0,14,6,COLLEGE ROAD,,7,64.85371944,-147.7134333,0,12,6,0,4,1,0,1,1,10,0,10,0,0000000,18,54,19,2,19,8,0,0,0,1,0
2,20025,1,1,0,0,0,2,2,50,0,2,9,2012,1,21,30,0,4,5,AIRPORT ROAD,,0,61.10316389,-160.9689361,0,1,0,0,1,1,0,4,5,10,0,10,0,0000000,99,99,99,99,99,99,13,0,0,1,1
2,20026,2,2,0,0,0,4,4,170,0,19,7,2012,5,13,15,1,1,3,SR-3 PARKS HIGHWAY,,283,61.67083611,-149.9587861,0,12,2,0,1,1,0,1,1,1,0,1,0,0000000,13,28,13,45,14,24,0,0,0,1,0
2,20027,2,2,0,0,0,3,3,122,0,2,10,2012,3,14,48,1,2,6,KENAI SPUR HIGHWAY,,155,60.59717222,-151.3340889,0,12,7,0,8,1,0,1,1,10,0,10,0,0000000,14,50,14,58,15,20,0,0,0,1,0
2,20028,1,1,0,0,0,1,1,170,0,6,10,2012,7,17,43,1,1,3,SR-1 GLENN HIGHWAY,,472,61.68138333,-149.0506667,0,24,0,0,1,1,0,4,1,2,0,2,0,0000000,17,45,18,2,88,88,0,0,0,1,1
2,20029,2,2,0,0,0,2,2,170,0,7,10,2012,1,16,33,1,1,3,SR-3 PARKS HIGHWAY,,309,61.70354444,-149.9999972,0,12,2,0,1,1,0,1,1,2,0,2,0,0000000,16,37,17,0,17,45,0,0,0,1,0
2,20030,2,2,0,0,0,2,2,20,130,21,9,2012,6,8,39,1,12,6,DIMOND BLVD,NOBLEWOOD ST,28,61.13741944,-149.9369222,0,12,6,0,2,2,0,1,1,1,0,1,0,0000000,8,39,8,43,9,1,0,0,0,1,0
2,20031,1,1,0,0,0,1,1,170,0,7,8,2012,3,12,54,0,15,6,FAIRVIEW LOOP ROAD,,84,61.52723056,-149.5288417,0,11,0,0,1,1,0,1,1,1,0,1,0,0000000,12,55,13,10,88,88,0,0,0,1,0
2,20032,1,1,0,0,0,2,2,122,0,11,11,2012,1,13,29,1,1,3,SR-1 SEWARD HIGHWAY,,384,60.55255833,-149.585675,0,35,0,0,1,1,0,4,1,10,0,10,0,0000000,99,99,99,99,99,99,0,0,0,1,0
2,20033,1,1,0,0,0,4,4,130,0,19,11,2012,2,21,5,0,14,6,STEDMAN STREET,,34,55.332,-131.6229611,0,39,0,0,1,1,0,4,2,10,0,10,0,0000000,99,99,99,99,99,99,0,0,0,2,1
2,20034,2,2,0,0,0,5,5,90,0,30,11,2012,6,15,27,1,1,3,SR-3 PARKS HIGHWAY,,2999,64.757125,-148.3660528,0,12,6,0,1,1,0,1,5,1,0,1,0,0000000,99,99,99,99,99,99,0,0,0,2,0
2,20035,3,3,0,0,0,6,6,122,0,7,12,2012,6,16,40,1,1,3,SR-1 SEWARD HIGHWAY,,484,60.70688611,-149.4708472,0,12,2,0,1,1,0,1,3,1,0,1,0,0000000,16,40,17,15,99,99,0,0,0,2,0
2,20036,2,2,0,0,0,4,4,170,0,14,12,2012,6,20,24,1,1,3,SR-3 PARKS HIGHWAY,,563,62.03167222,-150.0747111,0,12,6,0,1,1,0,1,2,10,0,10,0,0000000,20,40,21,20,22,45,0,0,0,1,0
2,20037,2,2,0,0,0,2,2,220,2360,23,12,2012,1,23,18,1,14,6,HALIBUT POINT ROAD,,65,57.12676389,-135.382375,0,12,6,0,1,1,0,1,3,10,0,10,0,0000000,99,99,99,99,99,99,20,13,0,1,1
2,20038,3,3,0,0,0,4,4,122,0,21,4,2012,7,13,26,1,2,6,KENAI SPUR HIGHWAY,LOIS DRIVE,249,60.71641111,-151.3447472,0,12,9,0,2,3,0,1,1,1,0,1,0,0000000,13,29,13,33,88,88,0,0,0,1,0
2,20039,1,1,0,1,1,1,1,90,0,21,8,2012,3,14,55,0,14,6,BADGER ROAD,,7,64.81711944,-147.5685389,0,9,0,0,4,1,0,1,1,2,0,2,0,0000000,14,57,15,1,88,88,0,0,0,1,0
2,20040,2,2,0,0,0,4,4,122,0,16,11,2012,6,12,4,1,2,3,SR-1 STERLING HIGHWAY,,698,60.33527778,-151.2389917,0,12,2,0,1,1,0,1,1,1,0,1,0,0000000,99,99,99,99,99,99,0,0,0,1,0
2,20041,3,1,2,1,1,2,2,20,130,24,11,2012,7,14,13,1,1,3,SR-1 SEWARD HIGHWAY,,871,60.91299167,-149.0961944,0,14,0,0,1,1,0,2,1,1,0,1,0,0000000,99,99,99,99,99,99,19,0,0,1,0
2,20042,1,1,0,0,0,1,1,170,0,22,10,2012,2,8,48,1,1,3,SR-3 PARKS HIGHWAY,,409,61.82530278,-150.073425,0,1,0,0,1,1,0,4,1,1,0,1,0,0000000,8,54,9,30,88,88,0,0,0,1,0
2,20043,1,1,0,0,0,1,1,170,0,17,10,2012,4,21,26,0,6,5,POND LILLY STREET,,2,61.53740278,-149.7524861,0,11,0,0,1,1,0,1,2,1,0,1,0,0000000,21,20,21,27,21,57,0,0,0,1,0
2,20044,2,2,0,0,0,4,4,122,0,11,6,2012,2,20,44,1,1,3,SR-1 STERLING HIGHWAY,,362,60.535,-150.4947917,0,12,2,0,1,1,0,1,1,10,0,10,0,0000000,20,45,20,58,99,99,0,0,0,1,0
2,20045,1,1,0,0,0,2,2,90,0,7,7,2012,7,17,53,1,2,3,SR-2 ELLIOTT HIGHWAY,,193,65.15917778,-147.9155167,0,34,0,0,1,1,0,4,1,10,0,10,0,0000000,17,57,18,31,99,99,0,0,0,1,1
2,20046,2,2,0,0,0,2,2,68,0,25,7,2012,4,1,21,1,1,3,SR-3 PARKS HIGHWAY,,2512,64.32290278,-149.0402917,0,11,0,0,1,1,0,1,5,10,0,10,0,0000000,1,42,2,0,88,88,0,0,0,1,0
2,20047,1,1,0,1,1,7,7,20,130,31,8,2012,6,23,32,1,12,6,TUDOR ROAD,WRIGHT STREET,31,61.18094444,-149.8272806,0,8,0,0,1,1,0,1,3,2,0,2,0,0000000,99,99,99,99,99,99,0,0,0,1,0
2,20048,1,1,0,1,1,1,1,20,130,11,9,2012,3,21,19,0,16,6,BOUNDARY AVENUE,,1,61.22420833,-149.7731917,0,15,0,0,1,1,0,1,2,1,0,1,0,0000000,99,99,99,99,99,99,0,0,0,1,0
2,20049,1,1,0,1,1,1,1,20,130,12,9,2012,4,1,44,0,12,6,BONIFACE PARKWAY,,26,61.21844444,-149.7785861,0,8,0,0,1,1,0,1,3,2,0,2,0,0000000,99,99,99,99,99,99,0,0,0,1,0
2,20050,2,2,0,0,0,2,2,90,0,20,9,2012,5,8,28,0,3,6,CHENA HOT SPRINGS ROAD,,60,64.89235833,-147.4392472,0,12,2,0,1,1,0,1,1,5,0,5,0,0000000,8,28,8,37,9,17,0,0,0,1,0
2,20051,1,1,0,1,1,1,1,90,0,21,9,2012,6,23,45,1,11,3,SR-2 RICHARDSON HIGHWAY,,3558,64.76930278,-147.4207889,0,8,0,0,1,1,0,1,2,1,0,1,0,0000000,99,99,99,99,99,99,0,0,0,1,0
2,20052,1,1,0,0,0,1,1,90,0,3,10,2012,4,20,16,0,4,6,OLD STEESE @ FOX,,84,64.95706667,-147.6220639,0,1,0,0,1,1,0,4,3,1,0,1,0,0000000,20,16,20,25,20,50,0,0,0,1,1
2,20053,1,1,0,1,1,1,1,20,130,20,10,2012,7,1,28,1,12,6,TUDOR ROAD,ARCTIC BOULEVARD,7,61.18078333,-149.8978667,0,8,0,0,2,2,0,1,3,1,0,1,0,0000000,99,99,99,99,88,88,0,0,0,1,0
2,20054,1,1,0,1,1,1,1,20,130,10,12,2012,2,18,22,0,12,6,TUDOR ROAD,WRIGHT STREET,31,61.18078056,-149.8270667,0,8,0,0,3,3,0,1,3,4,0,4,0,0000000,99,99,99,99,88,88,0,0,0,1,0
2,20055,1,1,0,0,0,1,1,20,130,26,7,2012,5,11,13,0,4,6,HILAND ROAD,,28,61.28766667,-149.509525,0,1,0,0,1,1,0,4,1,1,0,1,0,0000000,99,99,99,99,88,88,0,0,0,1,0
4,40001,1,1,0,0,0,1,1,19,0,1,1,2012,1,2,13,0,16,6,CLAUDE ST,JEROME ST,0,32.18285833,-111.1651778,0,1,0,0,2,3,0,1,2,1,0,1,0,0000000,99,99,99,99,88,88,0,0,0,1,1
4,40002,1,1,0,0,0,2,2,25,90,1,1,2012,1,16,33,0,4,3,SR-89A,VALLEY VIEW RD,99999,34.75831667,-112.0585944,0,33,0,0,3,5,0,4,1,10,0,10,0,0000000,16,15,16,19,16,41,0,0,0,1,1
4,40003,1,1,0,1,1,0,0,13,370,1,1,2012,1,18,4,0,15,6,69TH AVE,,0,33.50790833,-112.2075806,0,8,0,0,1,1,0,4,3,1,0,1,0,0000000,18,5,18,10,18,42,0,0,0,1,0
4,40004,2,2,0,0,0,2,2,13,190,1,1,2012,1,20,3,0,15,6,ELLIOT RD,GREENFIELD RD,0,33.35022222,-111.7383667,0,12,6,0,2,2,0,1,3,1,0,1,0,0000000,20,3,99,99,20,50,0,0,0,1,0
4,40005,2,2,0,0,0,4,4,19,530,4,1,2012,4,0,17,0,4,3,SR-83,,508,31.90023889,-110.6646333,0,24,0,0,1,1,0,4,2,1,0,1,0,0000000,0,18,0,33,99,99,0,0,0,1,0
4,40006,1,1,0,1,1,1,1,13,290,4,1,2012,4,9,46,0,14,6,SOUTHERN AVE,,0,33.39298889,-111.8656972,0,15,0,0,1,1,0,1,1,1,0,1,0,0000000,9,46,9,50,99,99,0,0,0,1,0
4,40007,1,1,0,0,0,2,2,13,370,4,1,2012,4,21,54,1,12,3,SR-101,,271,33.66890278,-112.0489,0,25,0,0,1,1,0,4,3,1,0,1,0,0000000,21,54,22,1,22,30,0,0,0,1,0
4,40008,3,3,0,1,1,6,6,17,565,5,1,2012,5,18,17,0,15,3,SR-73,,3393,33.84031944,-109.9642667,3,8,0,0,1,1,0,1,2,1,0,1,0,0000000,18,18,18,22,18,39,14,0,0,1,0
4,40009,1,1,0,0,0,4,4,23,392,6,1,2012,6,14,54,1,11,1,I-19,,94,31.45153333,-110.9750167,0,1,0,0,1,1,0,1,1,1,0,1,0,0000000,14,54,15,0,99,99,0,0,0,1,0
4,40010,1,1,0,0,0,1,1,25,0,6,1,2012,6,17,24,0,3,3,SR-89A,,3622,34.78898611,-111.9196333,0,1,0,0,1,1,0,3,1,1,0,1,0,0000000,17,25,17,41,18,47,0,0,0,1,0
4,40011,1,1,0,0,0,1,1,13,370,7,1,2012,7,23,49,1,12,3,SR-101 RAMP,,235,33.668925,-112.112625,0,25,0,1,5,1,0,4,3,1,0,1,0,0000000,23,55,0,9,88,88,0,0,0,1,1
4,40012,2,2,0,0,0,2,2,13,80,9,1,2012,2,9,52,0,13,6,PRICE RD,CURRY ST,0,33.35425278,-111.8938639,0,12,1,0,3,3,0,1,1,1,0,1,0,0000000,9,53,10,0,99,99,0,0,0,1,0
4,40013,1,1,0,0,0,2,2,13,290,9,1,2012,2,15,10,0,14,6,GUADALUPE RD,EXTENSION RD,0,33.36423333,-111.8514972,0,1,0,0,2,2,0,1,1,1,0,1,0,0000000,15,10,15,15,15,47,0,0,0,1,0
4,40014,1,1,0,1,1,1,1,9,0,9,1,2012,2,20,11,0,3,2,US-191,,1198,32.81645833,-109.7076306,0,8,0,0,1,1,0,1,2,1,0,1,0,0000000,20,12,20,16,88,88,0,0,0,1,0
4,40015,1,1,0,0,0,3,3,25,0,10,1,2012,3,13,53,1,1,1,I-40,,1015,35.23548333,-113.2102278,0,1,0,0,1,1,0,3,1,1,0,1,0,0000000,13,55,14,18,99,99,0,0,0,2,0
4,40016,1,1,0,0,0,1,1,13,0,10,1,2012,3,16,52,0,13,9,MC 85,,0,33.37031667,-112.6082861,0,42,0,0,1,1,0,4,1,1,0,1,0,0000000,16,52,16,58,88,88,0,0,0,1,0
4,40017,2,2,0,0,0,2,2,21,0,11,1,2012,4,6,20,0,3,2,US-60,,2232,33.280875,-111.1583889,0,12,1,0,1,1,0,1,2,10,0,10,0,0000000,6,21,6,25,99,99,0,0,0,1,0
4,40018,1,1,0,1,1,1,1,13,370,11,1,2012,4,22,16,0,15,6,27TH AVE,MISSOURI AVE,0,33.5169,-112.1169528,0,8,0,0,3,2,0,1,3,1,0,1,0,0000000,22,17,22,20,22,35,0,0,0,1,1
4,40019,1,1,0,2,2,1,1,9,410,12,1,2012,5,18,49,0,13,2,US-70,14TH AVE,99999,32.83487222,-109.7247417,0,8,0,0,3,2,0,1,3,1,0,1,0,0000000,18,49,18,53,19,14,0,0,0,1,0
4,40020,2,2,0,0,0,5,5,13,80,15,1,2012,1,11,23,0,15,6,RIGGS RD,COOPER RD,0,33.21895,-111.8065611,0,12,6,0,2,2,0,1,1,1,0,1,0,0000000,11,29,11,35,12,15,0,0,0,1,0
4,40021,2,2,0,0,0,3,3,5,0,14,1,2012,7,15,28,1,1,1,I-40,,1554,35.22178333,-112.3174917,0,12,1,0,1,1,0,1,1,1,0,1,0,0000000,15,30,15,40,99,99,0,0,0,1,0
4,40023,3,3,0,0,0,5,5,13,290,15,1,2012,1,19,29,0,14,6,BROWN RD,GREENFIELD RD,0,33.43722222,-111.7363639,0,12,6,0,2,2,0,1,3,10,0,10,0,0000000,19,30,19,33,99,99,0,0,0,1,0
4,40024,1,1,0,0,0,1,1,13,368,16,1,2012,2,2,12,1,12,3,SR-101 RAMP,,80,33.550275,-112.2659,0,41,0,1,5,1,0,4,3,2,0,2,0,0000000,2,13,2,19,88,88,0,0,0,1,1
4,40025,1,1,0,1,1,1,1,19,530,17,1,2012,3,22,24,1,11,1,I-10,,2627,32.17625278,-110.9423278,0,8,0,1,18,1,0,1,2,1,0,1,0,0000000,22,24,22,27,88,88,19,0,0,1,0
4,40027,3,3,0,0,0,6,6,19,0,19,1,2012,5,17,33,0,4,9,PICTURE ROCKS RD,,0,32.32568056,-111.1211389,0,12,8,0,1,1,0,1,1,1,0,1,0,0000000,17,36,17,42,99,99,0,0,0,1,0
4,40028,1,1,0,0,0,1,1,15,0,20,1,2012,6,99,99,1,1,1,I-15,,159,36.93153611,-113.8276583,0,25,0,0,1,1,0,5,5,1,0,1,0,0000000,7,38,7,57,88,88,0,0,0,1,0
4,40029,1,1,0,0,0,1,1,13,370,20,1,2012,6,15,30,1,12,3,SR-51,,67,33.55419167,-112.0377278,0,38,0,0,1,1,0,5,1,1,0,1,0,0000000,15,30,15,37,99,99,0,0,0,1,0
4,40030,1,1,0,0,0,2,2,21,22,21,1,2012,7,9,37,1,12,2,US-60 RAMP,,1972,33.38615556,-111.5267944,0,1,0,1,5,1,0,4,1,1,0,1,0,0000000,9,37,9,44,99,99,0,0,0,1,0
4,40031,1,1,0,0,0,1,1,17,0,21,1,2012,7,15,46,1,2,3,SR-260,,2958,34.36710278,-110.687575,0,42,0,0,1,1,0,4,1,6,0,6,0,0000000,15,50,16,2,17,2,0,0,0,1,1
4,40032,1,1,0,1,1,1,1,13,290,21,1,2012,7,23,9,0,13,6,ALMA SCHOOL RD,GUADALUPE RD,0,33.36423333,-111.8591194,0,9,0,0,3,2,0,1,3,1,0,1,0,0000000,23,9,23,12,88,88,0,0,0,1,0
4,40033,3,3,0,0,0,5,5,21,0,22,1,2012,1,16,54,1,1,1,I-10,,2243,32.59849167,-111.3443056,0,12,8,0,1,1,0,1,1,1,0,1,0,0000000,16,54,17,0,99,99,0,0,0,1,0
4,40034,3,3,0,0,0,3,3,13,370,23,1,2012,2,4,17,1,11,1,I-17,,2177,33.70905278,-112.1167778,0,12,99,1,5,1,0,1,3,1,0,1,0,0000000,4,17,4,24,88,88,0,0,0,1,0
4,40035,1,1,0,0,0,2,2,5,0,24,1,2012,3,15,56,1,1,1,I-40,,2339,35.11005556,-111.0304556,0,21,0,1,18,1,0,5,1,1,0,1,0,0000000,15,56,16,19,17,0,0,0,0,1,0
4,40037,4,4,0,0,0,8,8,7,365,27,1,2012,6,12,47,0,14,3,SR-87,MALIBU DR,2529,34.24483889,-111.3228083,0,12,7,0,3,2,0,1,1,1,0,1,0,0000000,12,50,12,55,13,10,0,0,0,1,0
4,40038,1,1,0,1,1,3,3,17,0,29,1,2012,1,4,45,0,4,9,BOURDON RANCH RD,,0,34.31554722,-109.9542417,0,8,0,0,1,1,0,1,2,1,0,1,0,0000000,4,54,5,6,88,88,0,0,0,1,0
4,40039,2,2,0,0,0,2,2,13,200,3,1,2012,3,18,37,0,14,6,75TH AVE,MISSOURI AVE,0,33.51626667,-112.2204639,0,12,99,0,2,2,0,1,3,1,0,1,0,0000000,18,37,18,42,19,9,0,0,0,1,0
4,40040,1,1,0,0,0,1,1,17,0,3,1,2012,3,99,99,0,16,9,TEXAS LN,,0,34.39983056,-109.8998389,0,42,0,0,8,1,0,6,3,1,0,1,0,0000000,99,99,99,97,99,97,18,0,0,1,1
4,40041,1,1,0,1,1,1,1,13,370,2,1,2012,2,6,46,0,13,6,INDIAN SCHOOL RD,19TH ST,0,33.49475833,-112.0411944,0,8,0,0,3,2,0,1,3,1,0,1,0,0000000,6,46,6,53,7,3,0,0,0,1,0
4,40042,1,1,0,0,0,1,1,15,0,2,1,2012,2,2,32,0,4,3,SR-66,,975,35.50425833,-113.5232722,3,1,0,0,1,1,0,4,2,1,0,1,0,0000000,2,33,2,43,88,88,0,0,0,1,1
4,40043,2,2,0,0,0,2,2,19,530,3,1,2012,3,9,42,0,14,6,ROGER RD,1ST AVE,0,32.27933889,-110.96115,0,12,1,0,3,2,0,1,1,1,0,1,0,0000000,9,41,9,47,10,15,0,0,0,1,0
4,40044,2,2,0,0,0,2,2,23,0,3,1,2012,3,15,27,1,11,1,I-19,,10,31.33914167,-110.9542222,0,12,1,1,18,1,0,1,1,1,0,1,0,0000000,15,13,15,19,88,88,0,0,0,1,0
4,40045,1,1,0,0,0,1,1,19,530,5,1,2012,5,17,50,1,13,6,ALVERNON WAY,,0,32.19452778,-110.9100806,0,24,0,0,1,1,0,3,5,1,0,1,0,0000000,17,48,17,53,18,9,0,0,0,1,1
4,40047,2,2,0,0,0,2,2,13,370,12,1,2012,5,6,25,0,13,6,CAVE CREEK RD,SR-101 FRONTAGE RD,0,33.67185,-112.0309694,0,12,6,1,2,2,0,1,4,1,0,1,0,0000000,6,26,6,30,88,88,0,0,0,1,0
4,40048,1,1,0,1,1,1,1,13,420,13,1,2012,6,15,1,0,16,6,VIA DE VENTURE,VIA DE NEGOCIO,0,33.55339444,-111.8938167,0,9,0,0,3,2,0,1,1,1,0,1,0,0000000,15,2,15,7,15,28,0,0,0,1,1
4,40049,2,2,0,1,1,2,2,13,370,14,1,2012,7,2,25,0,13,6,51ST AVE,CLARENDON AVE,0,33.49157778,-112.1689528,0,8,0,0,3,3,0,1,2,10,0,10,0,0000000,99,99,99,99,88,88,0,0,0,1,0
4,40050,1,1,0,1,1,1,1,13,200,14,1,2012,7,18,0,0,14,6,BETHANY HOME RD,,0,33.52393889,-112.1598389,0,8,0,0,1,1,0,1,3,1,0,1,0,0000000,18,1,18,6,18,31,0,0,0,1,0
4,40051,2,2,0,0,0,3,3,19,530,15,1,2012,1,1,4,1,13,6,TUCSON BLVD,IRVINGTON RD,0,32.16313611,-110.9353722,0,33,0,0,3,2,0,4,6,1,0,1,0,0000000,1,7,1,12,1,40,0,0,0,1,2
4,40052,2,2,0,0,0,2,2,13,388,20,1,2012,6,15,55,0,15,9,OCOTILLO RD,RITTENHOUSE RD,0,33.24869444,-111.6263806,0,12,6,1,2,2,0,1,1,1,0,1,0,0000000,15,55,15,58,88,88,0,0,0,1,1
4,40053,1,1,0,1,1,1,1,13,370,20,1,2012,6,15,48,0,19,6,19TH AVE,HIDALGO ST,0,33.39585,-112.0992194,0,9,0,0,2,2,0,1,1,1,0,1,0,0000000,15,50,15,54,16,13,0,0,0,1,0
4,40054,1,1,0,0,0,2,2,19,0,22,1,2012,1,99,99,0,9,9,UNKNOWN RD,,0,99.99990000,999.99990000,3,99,0,0,1,1,0,5,9,99,0,99,0,0000000,99,99,99,99,99,99,0,0,0,1,0
4,40055,2,2,0,0,0,2,2,19,530,22,1,2012,1,18,51,1,13,6,VALENCIA RD,COUNTRY CLUB RD,0,32.13408056,-110.9260889,0,12,6,0,2,2,0,1,3,1,0,1,0,0000000,18,50,18,55,19,15,0,0,0,1,1
4,40056,1,1,0,0,0,1,1,19,530,23,1,2012,2,1,47,1,13,6,BROADWAY BLVD,,0,32.221375,-110.8572,0,30,0,0,1,1,0,5,3,1,0,1,0,0000000,1,45,1,50,88,88,0,0,0,1,1
4,40057,2,2,0,0,0,2,2,7,210,24,1,2012,3,12,44,0,3,3,SR-77,,1699,33.35861944,-110.735625,0,12,2,0,1,1,0,1,1,1,0,1,0,0000000,12,44,12,47,99,99,0,0,0,1,0
4,40058,1,1,0,1,1,2,2,13,370,26,1,2012,5,18,35,0,14,6,VAN BUREN ST,,0,33.45131667,-112.0960306,0,8,0,0,1,1,0,1,3,1,0,1,0,0000000,18,35,18,39,88,88,0,0,0,1,0
4,40059,1,1,0,1,1,1,1,19,355,26,1,2012,5,19,53,0,13,6,ORACLE RD,LA RESERVE DR,0,32.40281111,-110.9518361,0,8,0,0,3,2,0,1,3,1,0,1,0,0000000,19,54,19,59,20,31,0,0,0,1,0
4,40060,1,1,0,0,0,1,1,13,370,28,1,2012,7,10,31,0,13,6,75TH AVE,,0,33.47869167,-112.2206556,0,33,0,0,1,1,0,3,1,1,0,1,0,0000000,10,32,10,37,10,57,0,0,0,1,0
4,40061,1,1,0,1,1,2,2,13,420,28,1,2012,7,20,1,0,16,6,MCKELLIPS RD,,0,33.45131389,-111.8999111,0,8,0,0,1,1,0,1,2,1,0,1,0,0000000,99,99,99,99,88,88,0,0,0,1,0
4,40062,2,2,0,0,0,5,5,13,370,29,1,2012,1,18,36,0,13,6,THUNDERBIRD RD,48TH AVE,0,33.610775,-112.1621222,0,12,6,0,2,3,0,1,1,1,0,1,0,0000000,99,99,99,99,99,99,0,0,0,1,0
4,40063,1,1,0,1,1,1,1,13,370,30,1,2012,2,18,48,0,14,6,BROADWAY RD,,0,33.40732222,-111.98085,0,8,0,0,1,1,0,1,5,1,0,1,0,0000000,18,49,18,59,19,9,0,0,0,1,0
4,40064,1,1,0,1,1,2,2,5,0,31,1,2012,3,23,27,1,1,1,I-40,,2045,35.21039722,-111.5233917,0,8,0,0,1,1,0,1,2,10,0,10,0,0000000,23,29,99,99,88,88,0,0,0,1,0
4,40066,1,1,0,0,0,1,1,25,0,2,2,2012,5,16,4,0,6,9,FORT ROCK RD,,0,35.33119444,-112.9271333,0,43,0,0,1,1,0,5,1,1,0,1,0,0000000,16,4,17,5,88,88,0,0,0,1,1
4,40067,1,1,0,1,1,2,2,19,530,2,2,2012,5,19,51,1,13,3,SR-77,,731,32.3125,-110.978175,0,8,0,0,1,1,0,1,2,1,0,1,0,0000000,19,52,19,55,20,10,0,0,0,1,0