STATE,ST_CASE,VE_TOTAL,VE_FORMS,PVH_INVL,PEDS,PERNOTMVIT,PERMVIT,PERSONS,COUNTY,CITY,DAY,MONTH,YEAR,DAY_WEEK,HOUR,MINUTE,NHS,ROAD_FNC,ROUTE,TWAY_ID,TWAY_ID2,MILEPT,LATITUDE,LONGITUD,SP_JUR,HARM_EV,MAN_COLL,RELJCT1,RELJCT2,TYP_INT,WRK_ZONE,REL_ROAD,LGT_COND,WEATHER1,WEATHER2,WEATHER,SCH_BUS,RAIL,NOT_HOUR,NOT_MIN,ARR_HOUR,ARR_MIN,HOSP_HR,HOSP_MN,CF1,CF2,CF3,FATALS,DRUNK_DR
4,40068,3,3,0,0,0,3,3,13,290,3,2,2012,6,1,56,1,12,2,US-60,,1829,33.386225,-111.77975,0,12,6,0,1,1,0,1,3,1,0,1,0,0000000,1,58,2,9,88,88,0,0,0,1,1
4,40069,1,1,0,0,0,1,1,25,0,3,2,2012,6,14,24,1,1,1,I-17,,3002,34.70878611,-111.7397361,0,1,0,0,1,1,0,3,1,10,0,10,0,0000000,14,22,14,36,88,88,0,0,0,1,0
4,40070,1,1,0,2,2,1,1,13,158,3,2,2012,6,18,41,0,15,6,THUNDERBIRD RD,LUNA ST,0,33.60891944,-112.3177889,0,8,0,0,3,3,0,1,3,1,0,1,0,0000000,18,44,18,47,19,15,0,0,0,1,0
4,40071,1,1,0,0,0,1,1,13,370,4,2,2012,7,16,27,0,13,6,INDIAN SCHOOL RD,,0,33.49025278,-111.9567333,0,1,0,0,1,1,0,1,1,1,0,1,0,0000000,16,28,16,32,16,45,0,0,0,1,1
4,40072,1,1,0,0,0,4,4,13,370,4,2,2012,7,22,5,0,13,6,INDIAN SCHOOL RD,SR-101 RAMP,0,33.49399167,-112.2632833,0,33,0,1,2,2,0,4,3,1,0,1,0,0000000,22,8,22,15,99,99,20,0,0,2,1
4,40073,4,4,0,0,0,10,10,13,370,8,2,2012,4,18,8,1,11,1,I-17,,2071,33.555875,-112.1127028,0,12,1,0,1,1,0,1,5,1,0,1,0,0000000,99,99,99,99,99,99,14,0,0,1,0
4,40074,1,1,0,0,0,1,1,13,0,10,2,2012,6,1,16,0,5,6,NORTHERN AVE,,0,33.55165833,-112.434825,0,18,0,0,1,1,0,4,2,1,0,1,0,0000000,1,16,1,26,99,99,0,0,0,1,1
4,40075,2,2,0,0,0,3,3,19,0,10,2,2012,6,17,27,0,4,9,SANDARIO RD,,0,32.27372222,-111.2188361,0,12,2,0,1,1,0,1,1,1,0,1,0,0000000,17,29,17,37,99,99,0,0,0,1,0
4,40076,1,1,0,0,0,1,1,19,0,11,2,2012,7,99,99,0,4,9,AVRA VALLEY RD,,0,32.40115556,-111.1398917,0,24,0,0,1,1,0,4,2,1,0,1,0,0000000,4,0,4,9,88,88,0,0,0,1,1
4,40078,2,2,0,0,0,2,2,13,190,15,2,2012,4,13,27,1,12,3,SR-202,,439,33.28298889,-111.7774361,0,12,7,0,1,1,0,1,1,1,0,1,0,0000000,13,32,13,35,14,55,0,0,0,1,0
4,40079,1,1,0,0,0,2,2,25,0,18,2,2012,7,17,56,0,6,9,CASTLE HOT SPRINGS RD,,0,33.94327778,-112.327075,0,34,0,0,1,1,0,4,1,1,0,1,0,0000000,17,49,17,54,18,52,0,0,0,1,0
4,40081,1,1,0,0,0,2,2,21,70,19,2,2012,1,8,59,1,1,1,I-10,,1892,32.95574167,-111.7151556,0,1,0,0,1,1,0,3,1,1,0,1,0,0000000,9,1,9,12,99,99,0,0,0,1,0
4,40083,1,1,0,0,0,1,1,23,330,22,2,2012,4,9,56,1,11,1,I-19,,18,31.34983611,-110.9492361,0,42,0,0,1,1,0,3,1,1,0,1,0,0000000,9,45,9,50,88,88,0,0,0,1,0
4,40084,1,1,0,1,1,1,1,13,30,22,2,2012,4,20,18,0,15,6,107TH AVE,,0,33.44669722,-112.2897778,0,8,0,0,1,1,0,1,3,1,0,1,0,0000000,20,19,20,24,20,46,0,0,0,1,0
4,40086,2,2,0,0,0,4,4,1,0,24,2,2012,6,16,57,1,2,2,US-160,,4352,36.92397778,-109.6086333,3,12,7,0,1,1,0,1,1,1,0,1,0,0000000,16,57,17,20,99,99,20,0,0,1,1
4,40087,1,1,0,0,0,1,1,25,0,24,2,2012,6,17,28,0,4,3,SR-89,,3508,35.04720556,-112.3960111,0,1,0,0,1,1,0,5,1,1,0,1,0,0000000,17,31,17,55,88,88,0,0,0,1,0
4,40088,3,3,0,0,0,4,4,3,0,25,2,2012,7,0,30,1,1,1,I-10,,3015,31.9631,-110.3611778,0,12,1,0,1,1,1,1,2,1,0,1,0,0000000,0,34,0,34,2,0,0,0,0,1,1
4,40089,2,2,0,0,0,3,3,19,0,25,2,2012,7,15,3,0,4,9,PICTURE ROCKS RD,,0,32.32650278,-111.1337528,0,12,2,0,1,1,0,1,1,1,0,1,0,0000000,15,5,15,12,16,0,0,0,0,1,0
4,40090,1,1,0,0,0,2,2,1,0,27,2,2012,2,4,25,1,2,2,US-160,,4455,36.96249167,-109.43255,3,43,0,0,1,1,0,4,1,1,0,1,0,0000000,99,99,99,99,99,99,0,0,0,1,1
4,40093,2,2,0,0,0,3,3,13,370,29,2,2012,4,9,10,0,13,6,24TH ST,ROESER RD,0,33.39964444,-112.0299361,0,12,6,0,2,2,0,1,1,1,0,1,0,0000000,9,32,9,51,10,0,0,0,0,1,0
4,40094,2,2,0,0,0,2,2,19,530,13,2,2012,2,1,54,1,11,1,I-19,,629,32.18895,-110.9821556,0,12,1,1,18,1,0,1,3,1,0,1,0,0000000,1,56,2,5,99,99,0,0,0,1,1
4,40095,1,1,0,0,0,2,2,5,0,13,2,2012,2,5,50,1,2,2,US-89,,4391,35.49465556,-111.5536556,0,1,0,0,1,1,0,4,2,1,0,1,0,0000000,5,52,6,16,88,88,0,0,0,2,1
4,40096,1,1,0,0,0,2,2,25,0,26,2,2012,1,20,33,0,4,3,SR-89,,2616,34.07258889,-112.8220861,0,38,0,0,1,1,0,5,2,1,0,1,0,0000000,20,35,20,46,21,46,0,0,0,1,0
4,40097,2,2,0,0,0,3,3,19,530,29,2,2012,4,19,17,1,1,1,I-10,,2755,32.0614,-110.7736611,0,42,0,1,18,1,0,3,2,1,0,1,0,0000000,19,18,19,31,20,5,0,0,0,1,0
4,40099,2,2,0,0,0,3,3,13,370,3,2,2012,6,18,17,0,13,6,19TH AVE,BUCKEYE RD,0,33.43673333,-112.0999972,0,1,0,0,2,2,0,1,3,1,0,1,0,0000000,18,18,18,22,88,88,0,0,0,1,0
4,40100,3,3,0,0,0,3,3,13,370,7,2,2012,3,7,29,0,14,6,NORTHERN AVE,31ST AVE,0,33.55306389,-112.1255972,0,12,6,0,2,2,0,1,1,10,0,10,0,0000000,99,99,99,99,99,99,0,0,0,1,0
4,40101,4,4,0,0,0,10,10,13,370,9,2,2012,5,15,6,0,14,6,MCDOWELL RD,,0,33.46594722,-112.142375,0,12,6,0,1,1,0,1,1,1,0,1,0,0000000,15,7,15,10,15,26,0,0,0,2,0
4,40102,2,2,0,0,0,4,4,13,370,10,2,2012,6,3,5,0,13,6,7TH ST,BROADWAY RD,0,33.40670833,-112.0645556,0,12,6,0,2,2,0,1,3,1,0,1,0,0000000,99,99,99,99,99,99,0,0,0,1,0
4,40103,1,1,0,0,0,1,1,13,200,10,2,2012,6,3,15,0,16,6,67TH AVE,MELINDA LN,0,33.68066389,-112.2031639,0,33,0,0,3,1,0,3,3,1,0,1,0,0000000,3,15,3,18,3,52,0,0,0,1,1
4,40104,1,1,0,1,1,4,4,13,370,11,2,2012,7,20,49,0,14,6,SOUTHERN AVE,,0,33.39228333,-112.0574,0,8,0,0,1,1,0,1,3,1,0,1,0,0000000,99,99,99,99,99,99,0,0,0,1,0
4,40105,1,1,0,1,1,1,1,5,528,12,2,2012,1,99,99,1,2,2,US-160,,99999,99.99990000,999.99990000,3,8,0,0,99,9,0,99,9,99,0,99,0,0000000,99,99,99,99,99,99,0,0,0,1,0
4,40106,1,1,0,0,0,1,1,19,530,14,2,2012,3,23,13,0,16,6,12TH AVE,,0,32.13270278,-110.9776806,0,33,0,0,8,1,0,3,3,1,0,1,0,0000000,23,12,23,16,88,88,0,0,0,1,1
4,40107,1,1,0,1,1,1,1,13,60,18,2,2012,7,21,28,0,16,6,WATSON RD,ROESER RD,0,33.39928056,-112.5563444,0,8,0,0,3,3,0,1,3,10,0,10,0,0000000,99,99,99,99,99,99,0,0,0,1,0
4,40108,1,1,0,0,0,1,1,13,370,19,2,2012,1,0,37,0,6,6,ANTHEM WAY,,0,33.87071389,-112.1610139,0,25,0,0,1,1,0,5,3,1,0,1,0,0000000,0,37,0,54,1,20,0,0,0,1,1
4,40109,2,2,0,1,1,2,2,13,290,20,2,2012,2,22,8,0,13,6,STAPLEY DR,,0,33.4009,-111.805325,0,8,0,0,1,1,0,1,3,1,0,1,0,0000000,22,8,22,11,88,88,0,0,0,1,1
4,40110,2,2,0,0,0,2,2,19,530,21,2,2012,3,20,9,0,13,6,SPEEDWAY BLVD,,0,32.23563611,-110.8282333,0,12,1,0,1,1,0,1,3,1,0,1,0,0000000,20,10,20,12,20,35,0,0,0,1,2
4,40111,4,4,0,0,0,12,12,1,0,24,2,2012,6,7,6,0,3,3,SR-264,,4516,35.71747778,-109.4601667,3,12,1,0,1,1,0,1,1,1,0,1,1,0000000,99,99,99,99,99,99,0,0,0,1,0
4,40112,1,1,0,0,0,1,1,21,0,25,2,2012,7,19,40,0,6,6,PORTER RD,,0,33.00415556,-112.01385,0,1,0,0,1,1,0,6,6,1,0,1,0,0000000,99,99,99,99,99,99,0,0,0,1,1
4,40113,1,1,0,0,0,4,4,13,370,25,2,2012,7,4,59,0,13,6,GRAND AVE,39TH AVE,0,33.50205833,-112.1429333,0,33,0,0,3,4,0,5,3,1,0,1,0,0000000,5,5,5,8,5,25,20,0,0,1,1
4,40115,2,2,0,0,0,3,3,19,0,25,2,2012,7,10,3,0,15,6,ROLLER COASTER RD,,0,32.30116944,-111.0006389,0,12,6,0,1,1,0,1,1,1,0,1,0,0000000,10,3,10,9,99,99,0,0,0,1,1
4,40116,3,1,2,1,1,1,1,13,370,28,2,2012,3,13,3,0,16,6,CAMBRIDGE AVE,,0,33.47731389,-112.21065,0,8,0,0,1,1,0,1,1,1,0,1,0,0000000,99,99,99,99,99,99,0,0,0,1,0
4,40117,1,1,0,1,1,2,2,23,330,1,3,2012,5,20,24,0,16,6,BECK ST,,0,31.33668333,-110.9344056,0,8,0,0,1,1,0,1,2,1,0,1,0,0000000,20,24,20,25,20,45,0,0,0,1,0
4,40118,1,1,0,1,1,1,1,13,370,29,2,2012,4,16,41,0,16,6,HUNTINGTON AVE,38TH AVE,0,33.39284167,-112.1408694,0,33,0,0,3,3,0,4,1,1,0,1,0,0000000,16,42,16,48,17,13,0,0,0,1,0
4,40119,2,2,0,1,1,2,2,13,370,3,3,2012,7,0,12,1,11,1,I-10,,1446,33.46111944,-112.0840083,0,8,0,1,18,1,0,1,3,1,0,1,0,0000000,0,14,0,21,88,88,0,0,0,1,0
4,40120,1,1,0,0,0,1,1,13,370,3,3,2012,7,21,20,1,11,1,I-17,,1957,33.42883611,-112.0613778,0,24,0,1,18,1,0,4,3,1,0,1,0,0000000,21,20,21,30,21,50,0,0,0,1,0
4,40121,1,1,0,0,0,2,2,25,90,4,3,2012,1,18,10,0,4,3,SR-89A,,3477,34.75978889,-112.0718278,0,32,0,0,1,1,0,4,5,1,0,1,0,0000000,18,13,18,19,18,35,0,0,0,1,1
4,40122,1,1,0,1,1,1,1,13,370,6,3,2012,3,14,48,0,13,6,DUNLAP AVE,7TH ST,0,33.56784444,-112.0652694,0,9,0,0,3,7,0,1,1,1,0,1,0,0000000,14,51,14,53,15,8,16,0,0,1,0
4,40123,1,1,0,0,0,6,6,15,0,6,3,2012,3,23,0,0,6,8,BLM ROAD 1068,,0,36.75068889,-113.0281667,0,35,0,0,1,1,0,4,2,10,0,10,0,0000000,17,0,17,34,99,99,18,0,0,5,1
4,40124,1,1,0,2,2,1,1,13,290,8,3,2012,5,14,10,0,16,6,LONGMORE ST,PUEBLO AVE,0,33.40079167,-111.8657833,0,15,0,0,3,2,0,1,1,1,0,1,0,0000000,99,99,99,99,99,99,0,0,0,1,0
4,40125,2,2,0,0,0,8,8,12,0,8,3,2012,5,15,55,1,1,1,I-10,,419,33.63925,-113.8264639,0,12,1,0,1,1,0,1,1,1,0,1,0,0000000,15,55,16,15,99,99,0,0,0,1,0
4,40126,1,1,0,0,0,1,1,13,290,9,3,2012,6,15,32,0,16,6,BROWN RD,,0,33.43510556,-111.8433278,0,33,0,0,1,1,0,4,1,1,0,1,0,0000000,15,38,99,99,88,88,20,0,0,1,0
4,40127,1,1,0,1,1,1,1,19,0,9,3,2012,6,23,25,0,16,9,ROGER RD,PALM GROVE DR,0,32.27933611,-110.9896278,0,8,0,0,3,2,0,1,2,1,0,1,0,0000000,23,25,23,25,88,88,0,0,0,1,0
4,40128,2,2,0,0,0,4,4,13,200,9,3,2012,6,23,50,0,13,6,BELL RD,83RD AVE,0,33.63807222,-112.2335306,0,12,6,0,2,2,0,1,3,1,0,1,0,0000000,23,50,23,56,99,99,0,0,0,1,1
4,40129,2,2,0,0,0,2,2,13,370,10,3,2012,7,3,8,1,12,3,SR-101,,340,33.65729444,-111.9205528,0,12,1,1,18,1,0,1,3,1,0,1,0,0000000,3,9,3,19,88,88,0,0,0,1,1
4,40130,1,1,0,1,1,1,1,13,420,10,3,2012,7,7,27,0,13,6,SCOTTSDALE RD,OSBORN RD,0,33.48761667,-111.9260806,0,8,0,0,3,2,0,1,1,1,0,1,0,0000000,7,27,7,27,88,88,0,0,0,1,0
4,40131,2,2,0,0,0,3,3,13,341,10,3,2012,7,18,41,1,1,1,I-17 RAMP,,2320,33.91129444,-112.1453222,0,12,1,1,5,1,0,1,5,1,0,1,0,0000000,18,41,18,48,99,99,23,0,0,1,0
4,40132,1,1,0,1,1,3,3,13,420,11,3,2012,1,16,36,0,16,6,THOMPSON PEAK PKWY,,0,33.62544722,-111.8686556,0,9,0,0,1,1,0,1,1,1,0,1,0,0000000,16,36,16,38,17,12,0,0,0,1,0
4,40133,2,2,0,0,0,3,3,13,0,12,3,2012,2,18,42,1,13,3,SR-303,OLIVE AVE,112,33.56623333,-112.4179056,0,12,6,0,2,2,0,1,1,1,0,1,0,0000000,18,44,18,49,99,99,0,0,0,2,0
4,40135,2,2,0,0,0,2,2,13,290,16,3,2012,6,11,6,0,14,6,SOUTHERN AVE,,0,33.39396111,-111.7043194,0,12,6,0,8,1,0,1,1,1,0,1,0,0000000,11,6,11,7,88,88,0,0,0,1,0
4,40136,2,2,0,0,0,3,3,13,220,16,3,2012,6,18,47,0,15,6,LITCHFIELD RD,WIGWAM BLVD,0,33.49338611,-112.3625194,0,1,0,0,2,2,0,1,3,1,0,1,0,0000000,18,48,18,55,19,33,0,0,0,1,1
4,40138,1,1,0,0,0,4,4,19,530,20,3,2012,3,2,22,1,13,6,AJO WAY,I-19 RAMP,0,32.17778889,-110.9834917,0,33,0,1,3,2,0,3,3,1,0,1,0,0000000,2,22,2,30,99,99,20,0,0,2,1
4,40142,2,2,0,0,0,7,7,13,0,25,3,2012,1,11,1,1,1,1,I-10,,718,33.56310278,-113.3158056,0,12,99,0,1,1,0,1,1,10,0,10,0,0000000,11,1,11,23,99,99,0,0,0,2,0
4,40144,2,2,0,0,0,6,6,19,295,28,3,2012,4,20,29,1,1,1,I-10,,2395,32.43278056,-111.1750389,0,1,0,0,1,1,0,1,2,1,0,1,0,0000000,20,29,20,39,99,99,0,0,0,1,0
4,40146,1,1,0,0,0,1,1,25,0,29,3,2012,5,14,42,1,1,1,I-17,,2479,34.13010278,-112.1500028,0,24,0,0,1,1,0,3,1,1,0,1,0,0000000,14,42,14,51,15,42,0,0,0,1,0
4,40147,3,3,0,0,0,3,3,13,475,30,3,2012,6,9,5,1,13,2,US-60,107TH AVE,1471,33.60278056,-112.2900278,0,12,6,0,2,2,0,1,1,1,0,1,0,0000000,9,4,9,8,9,53,0,0,0,1,0
4,40148,2,2,0,0,0,2,2,19,530,31,3,2012,7,1,15,0,14,6,RUTHRAUFF RD,RUTH ST,0,32.29339722,-111.0049389,0,12,1,0,2,3,0,1,3,1,0,1,0,0000000,1,15,1,18,88,88,0,0,0,1,1
4,40149,1,1,0,0,0,2,2,7,0,31,3,2012,7,10,24,0,3,2,US-60,,2391,33.36322778,-110.9419889,0,31,0,0,1,1,0,4,1,1,0,1,0,0000000,10,24,10,34,11,10,0,0,0,1,0
4,40150,1,1,0,0,0,1,1,5,0,31,3,2012,7,12,53,1,1,1,I-17,,3123,34.80956389,-111.6050583,0,58,0,0,1,1,0,5,9,99,0,99,0,0000000,12,57,13,8,88,88,0,0,0,1,0
4,40153,1,1,0,1,1,1,1,19,530,7,3,2012,4,8,40,1,13,6,ALVERNON WAY,BROADWAY RD,0,32.22121944,-110.9095222,0,8,0,0,3,2,0,1,1,1,0,1,0,0000000,8,38,8,42,8,55,0,0,0,1,0
4,40154,1,1,0,1,1,1,1,19,530,20,3,2012,3,12,7,1,13,6,ALVERNON WAY,,0,32.23215833,-110.909675,0,8,0,0,4,1,0,4,1,1,0,1,0,0000000,12,6,12,9,12,22,0,0,0,1,0
4,40155,2,2,0,0,0,4,4,13,80,22,3,2012,5,18,36,0,15,6,PECOS RD,EMMETT DR,0,33.29178889,-111.7983389,0,12,6,0,2,2,0,1,1,1,0,1,0,0000000,99,99,99,99,99,99,0,0,0,1,0
4,40156,1,1,0,0,0,1,1,19,530,24,3,2012,7,20,0,0,14,6,CAMINO SECO,PLACITA DEL ESCHELA,0,32.22591667,-110.806725,0,33,0,0,3,3,0,4,3,1,0,1,0,0000000,20,0,20,4,20,29,0,0,0,1,0
4,40157,1,1,0,1,1,2,2,13,420,23,3,2012,6,18,52,0,15,6,VIA LINDA,96TH ST,0,33.571725,-111.8740889,0,8,0,0,3,2,0,1,5,1,0,1,0,0000000,18,53,18,56,19,19,0,0,0,1,0
4,40158,1,1,0,0,0,4,4,13,420,25,3,2012,1,0,10,1,12,3,SR-101,,372,33.63840556,-111.8901389,0,25,0,0,1,1,0,3,3,1,0,1,0,0000000,0,8,0,12,0,40,19,0,0,1,0
4,40159,1,1,0,0,0,1,1,13,189,23,2,2012,5,99,99,0,4,9,OLD US 80,,0,32.95382222,-112.6996139,0,43,0,0,1,1,0,6,6,99,0,99,0,0000000,88,88,88,88,88,88,0,0,0,1,1
4,40160,2,2,0,0,0,6,6,3,0,7,3,2012,4,7,25,1,1,1,I-10,,3545,32.36238333,-109.645925,0,12,7,0,1,1,0,1,1,1,0,1,0,0000000,7,30,7,45,99,99,0,0,0,1,0
4,40161,3,3,0,0,0,3,3,19,530,13,3,2012,3,15,44,1,11,1,I-10,,2685,32.121925,-110.86955,0,12,99,0,1,1,0,1,1,1,0,1,0,0000000,15,44,15,52,99,99,0,0,0,2,0
4,40162,1,1,0,0,0,1,1,3,0,14,3,2012,4,99,99,1,1,1,I-10,,3524,32.358875,-109.6816861,0,35,0,1,19,1,0,4,2,1,0,1,0,0000000,5,59,6,15,88,88,0,0,0,1,0
4,40163,2,2,0,0,0,3,3,13,200,18,3,2012,1,16,46,0,15,6,MISSOURI AVE,57TH AVE,0,33.51677222,-112.1819,0,12,6,0,2,2,0,1,5,10,0,10,0,0000000,99,99,99,99,99,99,0,0,0,1,0
4,40165,4,4,0,0,0,6,6,21,0,30,3,2012,6,15,2,0,4,3,SR-177,,1637,33.23341667,-111.0922167,0,1,0,0,1,1,0,1,1,1,0,1,0,0000000,15,2,15,20,99,99,0,0,0,2,0
4,40168,1,1,0,4,4,1,1,13,200,10,3,2012,7,20,9,0,14,6,NORTHERN AVE,,0,33.55307778,-112.155225,0,33,0,0,1,1,0,4,3,1,0,1,0,0000000,20,9,20,13,20,41,0,0,0,1,0
4,40169,2,2,0,0,0,2,2,19,0,12,3,2012,2,14,12,0,14,9,CAMPBELL AVE,CAMINO MIRAVAL,0,32.306625,-110.9366917,0,12,1,0,2,2,0,1,1,1,0,1,0,0000000,99,99,99,99,99,99,0,0,0,1,0
4,40170,1,1,0,0,0,2,2,1,183,13,3,2012,3,1,34,0,14,8,BIA 12,,0,99.99990000,999.99990000,3,38,0,0,1,1,0,5,6,99,0,99,0,0000000,1,34,1,40,99,99,0,0,0,1,1
4,40171,1,1,0,0,0,1,1,17,0,13,3,2012,3,16,33,0,6,8,BIA 65,,0,99.99990000,999.99990000,3,35,0,0,1,1,0,4,1,99,0,99,0,0000000,99,99,99,99,99,99,0,0,0,1,0
4,40172,1,1,0,1,1,2,2,13,370,14,3,2012,4,19,6,0,13,6,35TH AVE,GEORGIA AVE,0,33.51451944,-112.1342278,0,9,0,0,2,2,0,1,3,1,0,1,0,0000000,19,6,19,8,99,99,0,0,0,1,0
4,40173,1,1,0,1,1,1,1,3,431,15,3,2012,5,2,33,1,13,3,SR-90,,3150,31.60358611,-110.3288056,0,8,0,0,1,1,0,1,6,99,0,99,0,0000000,99,99,99,99,99,99,0,0,0,1,1
4,40174,1,1,0,1,1,1,1,13,370,17,3,2012,7,4,19,0,13,6,24TH ST,,0,33.42150833,-112.0303667,0,8,0,0,1,1,0,1,3,1,0,1,0,0000000,4,21,4,27,88,88,0,0,0,1,0
4,40175,1,1,0,0,0,8,8,13,370,18,3,2012,1,2,58,1,11,1,I-17 RAMP,,2000,33.46369722,-112.1098556,0,43,0,1,5,1,0,4,3,2,0,2,0,0000000,3,3,3,9,99,99,0,0,0,1,1
4,40176,2,2,0,0,0,5,5,13,420,18,3,2012,1,19,19,0,15,9,CHAPARRAL RD,DOBSON RD,0,33.50946111,-111.8740417,3,12,99,0,99,9,0,99,9,99,0,99,0,0000000,99,99,99,99,99,99,0,0,0,2,1
4,40177,2,2,0,0,0,4,4,13,370,21,3,2012,4,20,34,0,13,6,SHEA BLVD,40TH ST,0,33.58273333,-111.9957056,0,12,6,0,2,2,0,1,3,1,0,1,0,0000000,20,34,20,37,99,99,0,0,0,1,0
4,40179,1,1,0,1,1,1,1,13,370,22,3,2012,5,19,34,0,14,6,27TH AVE,,0,33.49190556,-112.1170278,0,8,0,0,1,1,0,1,3,1,0,1,0,0000000,19,38,19,41,19,57,0,0,0,1,0
4,40180,1,1,0,1,1,1,1,13,290,23,3,2012,6,19,23,0,13,6,STAPLEY RD,,0,33.42550556,-111.8053,0,8,0,0,1,1,0,1,9,99,0,99,0,0000000,99,99,99,99,99,99,0,0,0,1,0
4,40181,1,1,0,1,1,1,1,5,0,23,3,2012,6,20,27,0,6,8,BIA 2,,0,35.64206667,-110.7585389,3,8,0,0,1,1,0,1,2,1,0,1,0,0000000,20,28,21,4,88,88,0,0,0,1,0
4,40182,3,3,0,0,0,7,7,13,370,24,3,2012,7,10,7,0,13,6,THUNDERBIRD RD,,0,33.61065,-112.1488972,0,12,6,0,1,1,0,1,1,1,0,1,0,0000000,10,6,10,10,10,32,0,0,0,1,0
4,40183,1,1,0,0,0,3,3,1,0,25,3,2012,1,13,55,0,6,8,BIA 6460,,0,36.77855556,-110.0328528,3,1,0,0,1,1,0,4,1,1,0,1,0,0000000,99,99,99,99,99,99,6,0,0,2,0
4,40184,1,1,0,0,0,1,1,13,370,25,3,2012,1,17,46,0,15,6,HAPPY VALLEY RD,,0,99.99990000,999.99990000,0,33,0,0,1,1,0,3,9,99,0,99,0,0000000,99,99,99,99,99,99,0,0,0,1,1
4,40185,1,1,0,0,0,5,5,1,0,26,3,2012,2,2,40,0,4,2,US-191,,4585,36.30983333,-109.6101778,3,1,0,0,1,1,0,4,2,1,0,1,0,0000000,2,55,3,45,4,5,0,0,0,2,1
4,40186,2,2,0,0,0,2,2,13,290,27,3,2012,3,23,8,0,13,6,MAIN ST,,0,33.41477778,-111.8675556,0,12,7,0,1,1,0,1,3,1,0,1,0,0000000,23,9,23,15,88,88,0,0,0,1,1
4,40187,2,2,0,0,0,2,2,13,80,27,3,2012,3,15,56,0,13,6,WARNER RD,,0,33.33510556,-111.8601278,0,12,6,0,8,1,0,1,1,1,0,1,0,0000000,15,56,15,59,16,28,0,0,0,1,0
4,40188,2,2,0,0,0,2,2,13,290,27,3,2012,3,20,5,0,13,6,BASELINE RD,EXTENSION RD,0,33.37876111,-111.8487194,0,12,6,0,2,2,0,1,3,1,0,1,0,0000000,99,99,99,99,99,99,0,0,0,1,0
4,40189,2,2,0,0,0,3,3,13,370,28,3,2012,4,12,50,0,13,6,7TH ST,NORTHERN AVE,0,33.55274444,-112.0652167,0,12,6,0,2,2,0,1,1,1,0,1,0,0000000,12,51,12,55,13,23,0,0,0,1,0
4,40191,1,1,0,0,0,2,2,19,0,30,3,2012,6,21,36,1,1,1,I-19,,336,31.77348056,-111.0316639,0,38,0,0,1,1,0,10,2,1,0,1,0,0000000,21,36,21,49,99,99,0,0,0,1,0
4,40192,1,1,0,0,0,5,5,19,530,31,3,2012,7,2,37,0,14,6,STARR PASS BLVD,,0,32.20690556,-111.0061111,0,1,0,0,1,1,0,4,2,1,0,1,0,0000000,2,36,2,38,99,99,0,0,0,1,1
4,40193,3,3,0,0,0,3,3,13,370,31,3,2012,7,6,42,0,13,6,51ST AVE,,0,33.41117778,-112.1692,0,33,0,0,1,1,0,3,4,1,0,1,0,0000000,6,44,6,49,7,23,0,0,0,1,1
4,40194,1,1,0,1,1,1,1,21,70,31,3,2012,7,19,17,0,13,6,FLORENCE BLVD,,0,32.87963056,-111.6958861,0,8,0,0,1,1,0,1,3,1,0,1,0,0000000,19,17,19,25,20,0,0,0,0,1,0
4,40195,2,2,0,0,0,3,3,13,368,31,3,2012,7,21,33,0,14,6,75TH AVE,PARADISE LN,0,33.63416389,-112.2200444,0,1,0,0,2,3,0,1,3,1,0,1,0,0000000,21,34,21,37,88,88,0,0,0,1,0
4,40196,2,2,0,0,0,4,4,11,140,31,3,2012,7,99,99,0,6,2,US-70,HIGH AVE,3792,32.71755,-109.1028861,0,12,99,0,2,4,0,1,6,99,0,99,0,0000000,99,99,99,99,99,99,0,0,0,1,1
4,40197,1,1,0,1,1,1,1,19,0,1,4,2012,1,5,25,0,14,3,SR-86,,1690,32.17645278,-111.0260611,0,8,0,0,1,1,0,1,2,1,0,1,0,0000000,5,25,5,33,5,53,0,0,0,1,0
4,40198,1,1,0,1,1,1,1,13,290,2,4,2012,2,6,26,0,14,6,SOUTHERN AVE,POWER RD,0,33.39395556,-111.6846167,0,8,0,0,3,2,0,1,4,1,0,1,0,0000000,6,26,6,28,8,4,0,0,0,1,0
4,40200,1,1,0,0,0,2,2,21,0,7,4,2012,7,4,12,1,1,1,I-10,,1839,33.01919444,-111.7665472,3,31,0,0,1,1,0,4,2,1,0,1,0,0000000,4,14,4,25,99,99,0,0,0,1,0
4,40201,1,1,0,0,0,1,1,13,370,7,4,2012,7,9,45,0,13,6,51ST AVE,,0,33.62002222,-112.1684222,0,1,0,0,1,1,0,1,1,1,0,1,0,0000000,99,99,99,99,99,99,0,0,0,1,0
4,40202,1,1,0,0,0,1,1,17,0,7,4,2012,7,19,30,1,2,3,SR-77,,3478,34.33399444,-110.0482056,0,42,0,0,1,1,0,4,5,1,0,1,0,0000000,18,55,19,12,19,50,0,0,0,1,0
4,40203,1,1,0,0,0,1,1,25,0,8,4,2012,1,19,18,0,4,9,WILLIAMSON VALLEY RD,,0,34.62431111,-112.4937833,0,1,0,0,1,1,0,4,5,1,0,1,0,0000000,19,18,19,29,20,22,0,0,0,1,1
4,40205,2,2,0,0,0,2,2,13,368,13,4,2012,6,7,18,0,14,6,OLIVE AVE,95TH AVE,0,33.56604444,-112.2637889,0,12,6,0,2,2,0,1,1,1,0,1,0,0000000,7,18,7,22,88,88,0,0,0,1,0
4,40206,3,3,0,0,0,6,6,13,290,15,4,2012,1,3,18,1,12,2,US-60,,1779,33.38572778,-111.86665,0,12,1,0,1,1,0,1,3,1,0,1,0,0000000,3,16,3,21,3,51,0,0,0,2,1
4,40207,1,1,0,0,0,2,2,13,190,15,4,2012,1,10,19,0,15,6,PECOS RD,,0,33.28875833,-111.6920361,0,33,0,0,1,1,0,4,1,1,0,1,0,0000000,10,19,99,99,11,10,0,0,0,1,0