STATE,ST_CASE,VE_TOTAL,VE_FORMS,PVH_INVL,PEDS,PERNOTMVIT,PERMVIT,PERSONS,COUNTY,CITY,DAY,MONTH,YEAR,DAY_WEEK,HOUR,MINUTE,NHS,ROAD_FNC,ROUTE,TWAY_ID,TWAY_ID2,MILEPT,LATITUDE,LONGITUD,SP_JUR,HARM_EV,MAN_COLL,RELJCT1,RELJCT2,TYP_INT,WRK_ZONE,REL_ROAD,LGT_COND,WEATHER1,WEATHER2,WEATHER,SCH_BUS,RAIL,NOT_HOUR,NOT_MIN,ARR_HOUR,ARR_MIN,HOSP_HR,HOSP_MN,CF1,CF2,CF3,FATALS,DRUNK_DR
4,40464,4,4,0,0,0,8,8,21,0,28,7,2012,7,7,20,0,3,3,SR-77,,1197,32.79291944,-110.6741972,0,12,2,0,1,1,0,1,1,10,0,10,0,0000000,7,31,7,38,99,99,0,0,0,1,1
4,40465,1,1,0,0,0,1,1,5,428,15,8,2012,4,15,29,0,13,3,SR-89A,,3760,34.88488611,-111.7444361,0,1,0,0,1,1,0,1,1,1,0,1,0,0000000,15,29,15,35,88,88,0,0,0,1,1
4,40466,1,1,0,0,0,1,1,5,0,15,8,2012,4,22,50,1,1,1,I-40,,1590,35.22321111,-112.2562083,0,1,0,0,1,1,0,4,2,10,0,10,0,0000000,22,52,23,7,88,88,0,0,0,1,1
4,40467,1,1,0,0,0,1,1,19,530,22,8,2012,4,9,29,1,1,1,I-10 RAMP,,2753,32.06356111,-110.7760667,0,1,0,1,5,1,0,4,1,2,0,2,0,0000000,9,29,9,43,10,17,0,0,0,1,0
4,40468,6,6,0,0,0,7,7,19,530,31,8,2012,6,21,31,1,11,1,I-19,,616,32.17417222,-110.9857833,0,12,7,0,1,1,0,1,3,1,0,1,0,0000000,21,31,21,50,88,88,14,0,0,1,2
4,40469,1,1,0,0,0,6,6,5,0,31,8,2012,6,23,50,0,3,3,SR-264,,3332,36.01980833,-111.1181111,3,1,0,0,1,1,0,1,2,1,0,1,0,0000000,0,3,0,17,99,99,0,0,0,2,0
4,40470,1,1,0,0,0,2,2,7,0,18,7,2012,4,9,25,0,4,3,SR-87,,2563,34.28596111,-111.3384667,0,35,0,0,1,1,0,6,1,1,0,1,0,0000000,99,99,99,99,99,99,0,0,0,1,0
4,40471,1,1,0,0,0,1,1,13,370,23,8,2012,5,5,33,1,12,3,SR-51 RAMP,,100,33.59581667,-112.0100194,0,33,0,1,5,1,0,4,4,10,0,10,0,0000000,5,33,5,50,6,2,0,0,0,1,0
4,40472,4,4,0,0,0,10,10,19,355,11,8,2012,7,16,5,0,13,6,ORACLE RD,FIRST AVE,0,32.39958889,-110.9556778,0,12,1,0,3,2,0,1,1,1,0,1,0,0000000,16,5,16,33,17,15,0,0,0,1,0
4,40473,1,1,0,1,1,1,1,13,370,21,8,2012,3,20,9,0,13,6,GREENWAY RD,,0,33.62529722,-112.1131417,0,8,0,0,1,1,0,1,3,10,0,10,0,0000000,99,99,99,99,99,99,0,0,0,1,1
4,40474,1,1,0,0,0,1,1,19,0,12,8,2012,1,5,0,0,16,9,HIGHWAY DR,,0,32.30257222,-111.0350194,0,43,0,0,1,1,0,6,2,1,0,1,0,0000000,99,99,99,99,99,99,0,0,0,1,1
4,40475,2,2,0,0,0,4,4,13,486,1,8,2012,4,18,52,0,16,6,REEMS RD,WADDELL RD,0,33.60958056,-112.3938083,0,12,6,0,2,2,0,1,1,1,0,1,0,0000000,18,53,18,55,19,55,0,0,0,1,1
4,40476,1,1,0,1,1,1,1,13,370,2,8,2012,5,1,28,0,13,6,BELL RD,,0,33.64057222,-111.9909444,0,8,0,0,1,1,0,1,3,1,0,1,0,0000000,99,99,99,99,99,99,0,0,0,1,0
4,40477,2,2,0,0,0,3,3,19,530,3,8,2012,6,5,23,0,15,6,COUNTRY CLUB RD,,0,32.1833,-110.9264194,0,12,6,0,8,1,0,1,4,1,0,1,0,0000000,99,99,99,99,88,88,0,0,0,1,1
4,40478,2,2,0,0,0,2,2,13,370,3,8,2012,6,9,11,0,13,6,19TH AVE,PARKSIDE LN,0,33.69498889,-112.0999,0,12,2,0,3,3,0,1,1,1,0,1,0,0000000,9,13,9,17,99,99,0,0,0,1,0
4,40479,1,1,0,0,0,2,2,13,80,4,8,2012,7,9,41,0,16,6,TEMPLE ST,,0,33.33286111,-111.8562917,0,5,0,0,1,1,0,1,1,1,0,1,0,0000000,9,33,9,34,10,6,0,0,0,1,0
4,40480,1,1,0,0,0,4,4,7,0,4,8,2012,7,10,1,0,4,8,BIA 6,,0,33.35785833,-110.6369222,3,1,0,0,1,1,0,4,1,1,0,1,0,0000000,99,99,99,99,99,99,0,0,0,1,1
4,40481,1,1,0,0,0,1,1,1,0,7,8,2012,3,17,0,0,4,2,US-191,,4656,36.40795556,-109.6079917,3,1,0,0,1,1,0,4,1,1,0,1,0,0000000,99,99,99,99,88,88,0,0,0,1,1
4,40482,1,1,0,0,0,1,1,13,420,7,8,2012,3,22,52,0,13,6,MCDOWELL RD,,0,33.46582778,-111.8863306,3,33,0,0,1,1,0,3,3,1,0,1,0,0000000,99,99,23,6,88,88,0,0,0,1,1
4,40483,1,1,0,0,0,1,1,19,530,9,8,2012,5,1,39,1,13,3,SR-77,RIVER RD,721,32.29721389,-110.9784778,0,33,0,0,2,2,0,4,3,1,0,1,0,0000000,1,39,1,45,2,25,0,0,0,1,1
4,40484,1,1,0,1,1,1,1,13,370,10,8,2012,6,13,31,0,13,6,32ND ST,PARADISE LN,0,33.6335,-112.0134528,0,8,0,0,3,2,0,1,1,1,0,1,0,0000000,99,99,99,99,99,99,0,0,0,1,0
4,40485,1,1,0,0,0,2,2,25,0,11,8,2012,7,3,30,0,6,9,MOUNT TRITTLE RD,,0,34.45072222,-112.4440278,0,5,0,0,1,1,0,1,6,99,0,99,0,0000000,99,99,99,99,88,88,0,0,0,1,1
4,40486,2,1,1,0,0,3,3,19,530,12,8,2012,1,3,27,0,14,6,FLOWING WELLS RD,,0,32.27448333,-110.9950389,0,30,0,0,1,1,0,6,3,1,0,1,0,0000000,99,99,99,99,99,99,0,0,0,1,1
4,40487,1,1,0,1,1,1,1,19,530,13,8,2012,2,22,32,0,14,6,1ST AVE,,0,32.27943056,-110.9610778,0,8,0,0,1,1,0,1,3,1,0,1,0,0000000,22,33,22,37,88,88,0,0,0,1,0
4,40488,2,2,0,0,0,2,2,13,370,15,8,2012,4,10,8,0,14,6,GREENWAY RD,56TH ST,0,33.62606944,-111.9603361,0,12,6,0,2,2,0,1,1,1,0,1,0,0000000,10,8,10,9,99,99,0,0,0,1,0
4,40489,1,1,0,0,0,3,3,13,370,15,8,2012,4,18,25,0,13,6,35TH AVE,,0,33.38616944,-112.1337167,0,42,0,0,1,1,0,6,1,1,0,1,0,0000000,18,27,18,31,18,51,0,0,0,1,1
4,40490,1,1,0,1,1,1,1,19,530,20,8,2012,2,1,52,0,13,6,SPEEDWAY BLVD,,0,32.23610556,-110.8863444,0,8,0,0,1,1,0,1,3,10,0,10,0,0000000,1,54,2,0,88,88,0,0,0,1,0
4,40491,1,1,0,0,0,1,1,13,370,21,8,2012,3,9,35,0,14,6,CENTRAL AVE,,0,33.55476944,-112.0739139,0,42,0,0,1,1,0,4,1,1,0,1,0,0000000,9,38,9,40,10,0,0,0,0,1,0
4,40492,1,1,0,0,0,1,1,19,0,22,8,2012,4,17,59,0,3,3,SR-85,,758,31.945825,-112.7991944,0,1,0,0,1,1,0,6,5,10,0,10,0,0000000,18,0,18,46,88,88,0,0,0,1,0
4,40493,1,1,0,0,0,1,1,13,490,25,8,2012,7,22,38,0,13,6,PRIEST DR,,0,33.43985278,-111.9606861,0,25,0,0,1,1,0,4,3,1,0,1,0,0000000,22,39,22,45,88,88,0,0,0,1,1
4,40494,3,3,0,0,0,3,3,13,370,26,8,2012,1,15,34,1,12,3,SR-101,,295,33.67270278,-112.0087611,0,12,6,0,1,1,0,1,1,1,0,1,0,0000000,15,37,15,42,16,6,0,0,0,1,0
4,40495,3,3,0,0,0,6,6,13,370,26,8,2012,1,23,52,0,13,6,INDIAN SCHOOL RD,51ST AVE,0,33.49494444,-112.1688917,0,12,6,0,2,2,0,1,3,1,0,1,0,0000000,23,54,23,57,0,20,14,0,0,1,1
4,40496,2,2,0,0,0,2,2,19,530,27,8,2012,2,17,26,0,13,6,SPEEDWAY BLVD,HOUGHTON RD,0,32.23545,-110.7726694,0,12,2,0,2,2,0,1,1,1,0,1,0,0000000,17,23,17,31,99,99,0,0,0,1,0
4,40497,1,1,0,0,0,1,1,13,370,27,8,2012,2,0,26,0,14,6,PINNACLE PEAK RD,,0,33.69972222,-112.1201056,0,33,0,0,1,1,0,4,3,1,0,1,0,0000000,0,30,0,36,88,88,20,0,0,1,1
4,40498,1,1,0,0,0,1,1,19,530,29,8,2012,4,13,1,1,13,6,ALVERNON WAY,,0,32.19138889,-110.9062278,0,33,0,0,1,1,0,4,1,1,0,1,0,0000000,99,99,99,99,99,99,0,0,0,1,0
4,40499,2,2,0,0,0,2,2,21,0,30,8,2012,5,21,41,0,3,2,US-60,EL CAMINO VIEJO RD,2084,33.29454444,-111.3884083,0,12,6,0,2,3,0,1,2,1,0,1,0,0000000,21,45,21,53,99,99,0,0,0,1,1
4,40500,2,2,0,0,0,4,4,21,70,16,8,2012,5,13,14,0,13,6,FLORENCE BLVD,MARSHALL ST,0,32.87954167,-111.7509139,0,12,2,0,2,2,0,1,1,1,0,1,0,0000000,99,99,99,99,99,99,0,0,0,1,0
4,40501,1,1,0,1,1,1,1,19,530,20,8,2012,2,23,30,1,11,1,I-10,,2640,32.166025,-110.9241417,0,8,0,0,1,1,0,1,3,1,0,1,0,0000000,99,99,99,99,99,99,0,0,0,1,0
4,40502,1,1,0,0,0,1,1,27,0,23,8,2012,5,99,99,9,99,9,UNKNOWN RD,,0,99.99990000,999.99990000,0,99,0,0,99,9,0,99,9,99,0,99,0,0000000,99,99,99,99,99,99,0,0,0,1,0
4,40504,1,1,0,0,0,1,1,13,370,1,9,2012,7,13,20,1,11,1,I-17,,2283,33.85973333,-112.1447028,0,1,0,0,1,1,0,1,1,1,0,1,0,0000000,13,24,13,34,99,99,0,0,0,1,0
4,40505,1,1,0,0,0,1,1,19,407,1,9,2012,7,13,20,1,1,1,I-19,,482,31.97986667,-110.9908556,0,42,0,0,1,1,0,4,1,10,0,10,0,0000000,13,24,13,27,14,17,0,0,0,1,0
4,40506,1,1,0,0,0,1,1,13,200,1,9,2012,7,17,2,0,16,6,JOHN CABOT RD,58TH LN,0,33.64925556,-112.185725,0,43,0,0,3,9,0,4,1,1,0,1,0,0000000,17,2,17,7,17,36,0,0,0,1,0
4,40507,2,2,0,0,0,4,4,13,368,6,9,2012,5,11,4,0,14,6,THUNDERBIRD RD,91ST AVE,0,33.60970278,-112.254875,0,12,6,0,2,3,0,1,1,1,0,1,0,0000000,11,6,11,11,11,46,0,0,0,1,0
4,40508,1,1,0,0,0,1,1,13,0,7,9,2012,6,2,36,1,1,1,I-10,,1070,33.44945556,-112.7221528,0,1,0,0,1,1,0,3,2,1,0,1,0,0000000,2,39,2,51,3,36,0,0,0,1,1
4,40509,1,1,0,0,0,1,1,13,290,9,9,2012,1,9,16,0,14,6,DOBSON RD,,0,33.38948889,-111.8746583,0,1,0,0,1,1,0,4,1,10,0,10,0,0000000,9,16,9,18,9,35,0,0,0,1,0
4,40510,3,3,0,0,0,4,4,3,0,11,9,2012,3,14,40,1,1,1,I-10,,2991,31.96322222,-110.401825,0,12,9,0,1,1,0,2,1,2,0,2,0,0000000,14,40,14,44,15,20,0,0,0,2,0
4,40511,2,2,0,0,0,4,4,23,392,9,9,2012,1,8,24,1,11,7,I-19 FRONTAGE RD,,0,31.48040556,-111.0053139,0,12,6,0,1,1,0,4,1,1,0,1,0,0000000,8,24,8,29,99,99,0,0,0,1,1
4,40512,1,1,0,0,0,1,1,25,0,14,9,2012,6,15,57,1,1,1,I-17,,2959,34.66417778,-111.7848667,0,17,0,0,1,1,0,4,1,1,0,1,0,0000000,15,58,16,6,88,88,0,0,0,1,0
4,40513,2,2,0,0,0,4,4,25,0,15,9,2012,7,9,30,0,4,9,HISTORIC US 66,,1475,35.299425,-112.7577889,0,18,0,0,1,1,0,1,1,1,0,1,0,0000000,9,32,9,55,99,99,0,0,0,1,0
4,40514,2,2,0,0,0,2,2,13,0,18,9,2012,3,3,15,1,1,1,I-10,,1056,33.45479167,-112.7459056,0,1,0,0,1,1,0,1,2,1,0,1,0,0000000,3,15,3,31,88,88,14,0,0,1,1
4,40515,1,1,0,0,0,1,1,19,0,19,9,2012,4,16,10,1,1,1,I-10,,2459,32.36789722,-111.0994194,0,1,0,0,1,1,0,1,1,1,0,1,0,0000000,16,10,99,99,99,99,0,0,0,1,0
4,40516,1,1,0,0,0,1,1,25,0,22,9,2012,7,0,49,0,6,9,MUD SPRINGS RD,,0,34.07422222,-112.1315278,0,59,0,0,1,1,0,4,2,1,0,1,0,0000000,0,49,0,55,99,96,0,0,0,1,1
4,40517,1,1,0,0,0,1,1,1,0,22,9,2012,7,17,35,0,4,2,US-191,,2477,33.78133333,-109.1802556,3,17,0,0,1,1,0,4,1,1,0,1,0,0000000,17,40,17,50,88,88,0,0,0,1,0
4,40518,1,1,0,0,0,1,1,13,370,23,9,2012,1,17,52,1,11,1,I-17 RAMP,,2171,33.70933889,-112.1163278,0,30,0,1,5,1,0,4,5,1,0,1,0,0000000,17,45,17,53,88,88,0,0,0,1,1
4,40519,1,1,0,0,0,1,1,13,200,25,9,2012,3,16,44,1,13,2,US-60,,1567,33.51838611,-112.1621139,0,33,0,0,1,1,0,4,1,1,0,1,0,0000000,16,45,16,49,17,6,0,0,0,1,0
4,40520,1,1,0,1,1,1,1,3,0,30,9,2012,1,10,14,0,2,3,SR-90,,3260,31.55030556,-110.1816889,0,9,0,0,1,1,0,2,1,1,0,1,0,0000000,10,16,10,25,88,88,0,0,0,1,0
4,40521,2,1,1,0,0,1,1,19,530,30,9,2012,1,12,13,1,1,1,I-10,,2757,32.05988056,-110.7707444,0,14,0,1,18,1,0,2,1,1,0,1,0,0000000,12,15,12,17,88,88,0,0,0,1,0
4,40522,1,1,0,0,0,2,2,21,0,1,9,2012,7,2,32,0,3,3,SR-87,,1430,33.035775,-111.6549861,3,1,0,0,1,1,0,4,2,1,0,1,0,0000000,99,99,99,99,99,99,0,0,0,1,1
4,40523,1,1,0,0,0,1,1,5,0,2,9,2012,1,15,10,0,6,4,CR-141,,0,35.19874444,-111.9277306,0,42,0,0,1,1,0,4,1,10,0,10,0,0000000,15,10,15,40,88,88,0,0,0,1,0
4,40524,1,1,0,1,1,1,1,5,170,8,9,2012,7,19,58,1,11,1,I-40,,1991,35.20002222,-111.611175,0,8,0,0,1,1,0,1,2,1,0,1,0,0000000,20,1,20,3,88,88,0,0,0,1,0
4,40525,5,5,0,0,0,19,19,1,0,8,9,2012,7,99,99,0,3,3,SR-264,,4603,35.70535278,-109.3089667,3,12,7,0,1,1,0,1,2,1,0,1,0,0000000,21,0,21,10,99,99,0,0,0,4,2
4,40526,1,1,0,0,0,2,2,5,0,12,9,2012,4,12,49,0,6,9,AA RANCH RD,,0,35.30246111,-112.4817194,0,1,0,0,1,1,0,6,1,1,0,1,0,0000000,12,49,13,15,99,99,0,0,0,1,0
4,40527,2,2,0,0,0,3,3,13,80,14,9,2012,6,18,45,0,16,6,PALOMINO DR,NEVADA ST,0,33.34390556,-111.8363278,0,12,2,0,3,9,0,1,1,1,0,1,0,0000000,18,45,18,51,19,21,0,0,0,1,0
4,40528,1,1,0,0,0,7,7,19,0,16,9,2012,1,20,20,1,11,1,I-19,,418,31.88518056,-110.9878194,0,1,0,0,1,1,0,3,2,1,0,1,0,0000000,20,28,20,36,21,36,0,0,0,1,0
4,40529,2,2,0,0,0,7,7,13,370,17,9,2012,2,14,8,0,14,6,27TH AVE,,0,33.54235,-112.1169306,0,12,1,0,1,1,0,1,1,1,0,1,0,0000000,99,99,99,99,99,99,0,0,0,1,1
4,40530,1,1,0,0,0,1,1,5,0,18,9,2012,3,18,38,0,6,8,FOREST SERVICE RD 109,,0,35.14289722,-112.0310778,0,1,0,0,1,1,0,4,5,1,0,1,0,0000000,18,38,19,15,88,88,0,0,0,1,1
4,40531,3,3,0,0,0,3,3,21,22,19,9,2012,4,5,28,1,12,2,US-60,,1971,33.38673333,-111.5343333,0,12,1,1,18,1,0,1,4,1,0,1,0,0000000,5,28,5,28,88,88,19,14,0,1,0
4,40532,2,2,0,0,0,2,2,21,22,19,9,2012,4,5,28,1,12,2,US-60,,1971,33.38673333,-111.5346806,0,12,1,1,18,1,0,1,3,1,0,1,0,0000000,5,30,5,45,88,88,0,0,0,1,1
4,40533,1,1,0,0,0,1,1,5,0,22,9,2012,7,14,55,0,6,8,FOREST ROAD 89,FOREST ROAD 300,0,34.37675278,-111.0235694,0,34,0,0,3,3,0,4,1,10,0,10,0,0000000,99,99,99,99,99,99,0,0,0,1,1
4,40534,1,1,0,0,0,1,1,19,0,22,9,2012,7,22,41,1,1,1,I-19,,478,31.97472222,-110.9901528,0,1,0,0,1,1,0,3,2,1,0,1,0,0000000,22,44,22,58,88,88,0,0,0,1,0
4,40535,2,2,0,0,0,2,2,19,530,23,9,2012,1,1,34,1,11,1,I-10,,2627,32.17625278,-110.9423278,0,12,1,1,18,1,0,1,3,1,0,1,0,0000000,1,34,1,34,2,3,0,0,0,1,1
4,40536,2,1,1,0,0,1,1,13,370,24,9,2012,2,17,58,0,16,6,11TH AVE,,0,33.57080278,-112.08715,0,38,0,0,1,1,0,4,3,1,0,1,0,0000000,17,58,18,2,88,88,19,0,0,1,1
4,40537,1,1,0,0,0,7,7,3,580,29,9,2012,7,17,3,1,1,1,I-10,,3391,32.24905556,-109.8576139,0,1,0,0,1,1,0,3,1,1,0,1,0,0000000,17,6,17,11,18,5,0,0,0,4,0
4,40538,2,2,0,0,0,2,2,13,60,2,10,2012,3,14,25,1,11,1,I-10,,1162,33.44033889,-112.5694222,0,12,6,0,1,1,0,1,1,1,0,1,0,0000000,14,27,14,40,99,99,0,0,0,1,0
4,40539,2,2,0,0,0,2,2,19,0,5,10,2012,6,8,8,0,15,9,LAMBERT LN,THORNYDALE RD,0,32.39526111,-111.0469056,0,12,6,0,2,2,0,1,1,1,0,1,0,0000000,8,10,8,15,8,41,0,0,0,1,0
4,40540,1,1,0,0,0,5,5,19,0,7,10,2012,1,1,36,0,15,9,SPEEDWAY BLVD,,0,32.23610556,-111.0615444,0,1,0,0,1,1,0,4,2,1,0,1,0,0000000,1,32,1,39,2,10,0,0,0,1,1
4,40541,1,1,0,0,0,1,1,11,0,7,10,2012,1,13,3,0,4,3,SR-75,,3877,32.81276111,-109.1692417,0,1,0,0,1,1,0,4,1,1,0,1,0,0000000,13,13,13,25,88,88,0,0,0,1,0
4,40543,1,1,0,0,0,3,3,19,0,12,10,2012,6,21,8,0,5,9,PISTOL HILL RD,OLD SPANISH TRL,0,32.07705278,-110.6484639,0,42,0,0,2,2,0,4,2,1,0,1,0,0000000,21,11,21,18,21,54,0,0,0,1,0
4,40544,1,1,0,1,1,2,2,5,0,13,10,2012,7,19,0,1,1,1,I-40,,2493,35.04848611,-110.7701611,0,8,0,0,1,1,0,1,2,1,0,1,0,0000000,19,3,19,17,88,88,16,0,0,1,0
4,40546,1,1,0,1,1,3,3,23,330,14,10,2012,1,21,34,1,11,1,I-19,,55,31.39821111,-110.9601972,0,8,0,1,18,1,0,1,2,1,0,1,0,0000000,21,32,21,39,22,10,0,0,0,1,0
4,40547,3,3,0,0,0,3,3,25,0,20,10,2012,7,15,8,0,4,3,SR-89,,3082,34.50276389,-112.4804083,0,12,8,0,1,1,0,1,1,1,0,1,0,0000000,15,11,15,19,16,4,0,0,0,1,0
4,40548,4,4,0,0,0,5,5,13,370,24,10,2012,4,10,30,1,11,1,I-10,,1419,33.46248333,-112.130875,0,54,11,1,18,1,0,1,1,1,0,1,0,0000000,10,30,10,38,10,57,14,0,0,1,0
4,40549,2,2,0,0,0,3,3,12,0,4,10,2012,5,14,17,0,4,2,US-60,,593,33.80484722,-113.5730028,0,12,2,0,1,1,0,1,1,1,0,1,0,0000000,14,17,14,27,16,36,0,0,0,1,0
4,40551,2,2,0,0,0,3,3,12,0,13,10,2012,7,16,11,1,1,1,I-10,,605,33.59220556,-113.5087583,0,12,1,0,1,1,0,1,1,1,0,1,0,0000000,16,12,16,48,18,12,0,0,0,1,0
4,40552,1,1,0,1,1,1,1,13,192,14,10,2012,1,12,25,0,13,6,SHEA BLVD,,0,33.580975,-111.7539639,0,9,0,0,1,1,0,1,1,1,0,1,0,0000000,12,25,12,37,88,88,0,0,0,1,0
4,40553,2,2,0,0,0,3,3,12,0,15,10,2012,2,11,35,1,1,1,I-10,,581,33.59884722,-113.54975,0,12,7,0,1,1,0,1,1,1,0,1,0,0000000,11,36,12,6,13,21,0,0,0,1,0
4,40554,1,1,0,0,0,19,19,13,290,19,10,2012,6,0,57,1,13,3,SR-87,BASELINE RD,1717,33.37862222,-111.8413556,0,46,0,0,3,2,0,4,3,1,0,1,0,0000000,0,58,1,4,99,99,20,0,0,1,0
4,40556,2,2,0,0,0,3,3,13,486,20,10,2012,7,14,17,1,13,2,US-60,,1387,33.67836944,-112.4013,0,12,6,0,1,1,0,1,1,1,0,1,0,0000000,14,20,14,26,99,99,0,0,0,1,0
4,40557,2,2,0,0,0,3,3,13,0,21,10,2012,1,8,50,1,1,1,I-17,,2341,33.94408333,-112.1407194,0,12,1,0,1,1,0,1,1,1,0,1,0,0000000,8,50,9,1,9,45,0,0,0,1,0
4,40558,1,1,0,1,1,2,2,21,22,23,10,2012,3,18,51,0,13,6,APACHE TRL,,0,33.41535833,-111.5724972,0,8,0,0,1,1,0,1,3,1,0,1,0,0000000,18,52,18,57,19,14,0,0,0,1,0
4,40559,1,1,0,0,0,1,1,12,0,23,10,2012,3,19,55,0,6,9,ALAMO LAKE RD,,0,34.22464167,-113.5371111,0,1,0,0,1,1,0,1,2,1,0,1,0,0000000,19,58,20,52,88,88,0,0,0,1,0
4,40561,2,2,0,0,0,4,4,5,0,25,10,2012,5,18,55,1,2,2,US-89,,5346,36.75323333,-111.5732639,0,12,2,0,1,1,0,1,2,1,0,1,0,0000000,18,57,19,23,99,99,0,0,0,1,0
4,40562,1,1,0,0,0,1,1,25,0,28,10,2012,1,13,10,0,4,9,WILLIAMSON VALLEY RD,,0,34.77462778,-112.6209528,0,41,0,0,1,1,0,4,1,1,0,1,0,0000000,13,11,13,17,88,88,0,0,0,1,0
4,40563,1,1,0,0,0,1,1,25,386,28,10,2012,1,12,46,0,14,3,SR-89,,3183,34.61975833,-112.4245889,0,5,0,0,1,1,0,4,1,1,0,1,0,0000000,12,46,12,55,13,38,0,0,0,1,0
4,40564,2,2,0,0,0,4,4,21,0,28,10,2012,1,22,45,0,3,3,SR-77,,1075,32.65156667,-110.7058417,0,31,0,0,1,1,0,4,2,1,0,1,0,0000000,22,47,23,2,99,99,0,0,0,1,1
4,40566,1,1,0,0,0,1,1,25,0,31,10,2012,4,11,58,0,3,3,SR-89A,,3629,34.79811944,-111.9145694,0,1,0,0,1,1,0,3,1,1,0,1,0,0000000,12,0,12,11,88,88,0,0,0,1,1
4,40567,2,2,0,0,0,2,2,5,0,31,10,2012,4,14,3,1,2,3,SR-64,,2079,35.57261389,-112.1545361,0,12,2,0,1,1,0,1,1,1,0,1,0,0000000,14,11,14,40,15,25,0,0,0,1,0
4,40568,2,2,0,0,0,4,4,13,370,22,9,2012,7,7,1,0,15,6,91ST AVE,LOWER BUCKEYE RD,0,33.42118333,-112.2556472,0,12,6,0,2,2,0,1,1,1,0,1,0,0000000,7,3,7,8,7,37,0,0,0,1,1
4,40569,2,2,0,0,0,4,4,13,80,28,9,2012,6,9,54,0,13,6,WARNER RD,HARTFORD ST,0,33.33510833,-111.8471833,0,12,6,0,2,2,0,1,1,1,0,1,0,0000000,9,52,9,55,10,28,0,0,0,1,0
4,40570,2,2,0,0,0,6,6,13,370,13,10,2012,7,5,12,0,15,6,67TH AVE,,0,33.42764444,-112.2038917,0,12,1,0,1,1,0,1,3,1,0,1,0,0000000,5,12,5,13,5,36,0,0,0,1,1
4,40571,1,1,0,0,0,1,1,13,370,27,10,2012,7,23,27,0,16,6,PECOS RD,,0,33.29101111,-112.1002972,0,17,0,0,1,1,0,3,2,1,0,1,0,0000000,23,29,23,35,0,18,0,0,0,1,1
4,40572,1,1,0,0,0,1,1,21,110,31,10,2012,4,8,3,0,3,3,SR-87,,1374,33.00245278,-111.5716361,0,1,0,0,1,1,0,6,1,1,0,1,0,0000000,8,4,8,10,8,54,0,0,0,1,0
4,40573,1,1,0,0,0,1,1,13,200,28,8,2012,3,19,48,1,13,2,US-60,NORTHERN AVE,1535,33.55258889,-112.2025694,0,33,0,1,3,5,0,3,3,1,0,1,0,0000000,19,51,19,56,20,31,0,0,0,1,0
4,40574,1,1,0,0,0,2,2,19,295,23,10,2012,3,4,43,1,1,1,I-10,,2493,32.33204722,-111.0607306,0,1,0,0,1,1,0,1,3,1,0,1,0,0000000,4,44,4,50,5,18,0,0,0,1,0
4,40575,1,1,0,0,0,1,1,21,426,30,6,2012,7,14,50,0,6,6,MAIN ST,,0,32.59965278,-110.6315333,0,30,0,0,1,1,0,5,1,99,0,99,0,0000000,99,99,99,99,99,99,0,0,0,1,0
4,40576,1,1,0,0,0,1,1,13,486,11,7,2012,4,14,58,0,16,6,PORTICO WAY,,0,33.66741111,-112.4207139,0,41,0,0,1,1,0,5,1,1,0,1,0,0000000,99,99,99,99,99,99,0,0,0,1,0
4,40577,2,2,0,0,0,5,5,13,486,24,8,2012,6,16,36,0,15,6,BELL RD,SR-303 RAMP,0,33.63890278,-112.4185333,0,12,2,1,2,2,0,1,1,1,0,1,0,0000000,16,37,16,40,17,11,0,0,0,1,0
4,40578,1,1,0,0,0,2,2,1,0,30,6,2012,7,6,29,0,3,2,US-160,,4684,36.88653056,-109.0556278,3,42,0,0,1,1,0,5,2,1,0,1,0,0000000,99,99,99,99,99,99,0,0,0,1,1
4,40579,2,2,0,0,0,4,4,13,158,4,9,2012,3,14,0,0,16,6,CACTUS RD,127TH AVE,0,33.59451389,-112.333275,0,12,6,0,2,2,0,1,1,1,0,1,0,0000000,99,99,99,99,99,99,0,0,0,1,0
4,40580,1,1,0,1,1,1,1,19,530,18,9,2012,3,18,14,0,14,6,PRINCED RD,,0,32.272175,-110.9482389,0,9,0,0,1,1,0,1,5,1,0,1,0,0000000,18,14,18,24,18,30,0,0,0,1,0
4,40581,1,1,0,1,1,1,1,19,530,27,9,2012,5,18,48,0,14,6,CAMPBELL AVE,,0,32.163125,-110.9434389,0,8,0,0,1,1,0,1,3,1,0,1,0,0000000,99,99,99,99,99,99,0,0,0,1,0
4,40582,1,1,0,0,0,1,1,19,530,11,10,2012,5,3,46,0,14,6,TANQUE VERDE RD,,0,32.25810278,-110.8176611,0,1,0,0,1,1,0,3,2,1,0,1,0,0000000,88,88,88,88,88,88,0,0,0,1,1
4,40584,1,1,0,1,1,1,1,17,240,22,10,2012,2,18,25,0,6,6,NAVAJO BLVD,ERIE ST,0,34.90596111,-110.1580583,0,8,0,0,2,2,0,1,3,1,0,1,0,0000000,99,99,99,99,99,99,0,0,0,1,0
4,40585,2,1,1,0,0,1,1,17,489,27,10,2012,7,5,12,0,6,9,500 W,,0,34.46724167,-110.0997111,0,14,0,0,1,1,0,7,2,1,0,1,0,0000000,5,35,5,39,88,88,0,0,0,1,1
4,40586,1,1,0,0,0,3,3,5,0,1,9,2012,7,99,99,0,3,3,SR-264,,3332,36.01980833,-111.1181111,3,1,0,0,99,9,0,99,9,99,0,99,0,0000000,99,99,99,99,99,99,0,0,0,2,0
4,40587,2,2,0,0,0,5,5,1,0,4,9,2012,3,19,12,0,6,8,BIA 12,,0,99.99990000,999.99990000,3,12,99,0,1,1,0,1,8,98,0,98,0,0000000,99,99,19,25,99,99,20,0,0,1,1