STATE,ST_CASE,VE_TOTAL,VE_FORMS,PVH_INVL,PEDS,PERNOTMVIT,PERMVIT,PERSONS,COUNTY,CITY,DAY,MONTH,YEAR,DAY_WEEK,HOUR,MINUTE,NHS,ROAD_FNC,ROUTE,TWAY_ID,TWAY_ID2,MILEPT,LATITUDE,LONGITUD,SP_JUR,HARM_EV,MAN_COLL,RELJCT1,RELJCT2,TYP_INT,WRK_ZONE,REL_ROAD,LGT_COND,WEATHER1,WEATHER2,WEATHER,SCH_BUS,RAIL,NOT_HOUR,NOT_MIN,ARR_HOUR,ARR_MIN,HOSP_HR,HOSP_MN,CF1,CF2,CF3,FATALS,DRUNK_DR
4,40588,1,1,0,0,0,1,1,21,0,1,9,2012,7,21,23,0,16,9,IRONWOOD RD,,0,33.31673889,-111.5634333,0,1,0,0,1,1,0,1,2,10,0,10,0,0000000,21,25,21,35,22,54,0,0,0,1,1
4,40589,1,1,0,1,1,1,1,1,0,2,9,2012,1,99,99,0,9,9,UNKNOWN RD,,0,99.99990000,999.99990000,3,99,0,0,99,9,0,99,9,99,0,99,0,0000000,99,99,99,99,88,88,0,0,0,1,0
4,40590,1,1,0,0,0,3,3,21,0,2,9,2012,1,2,12,0,6,9,CACTUS FOREST RD,,0,32.95827778,-111.3547333,0,42,0,0,1,1,0,4,6,99,0,99,0,0000000,99,99,99,99,99,99,0,0,0,1,1
4,40591,1,1,0,1,1,1,1,13,370,2,9,2012,1,22,41,0,13,6,DUNLAP AVE,,0,99.99990000,999.99990000,0,8,0,0,1,1,0,1,6,99,0,99,0,0000000,99,99,99,99,99,99,0,0,0,1,0
4,40592,1,1,0,0,0,2,2,17,0,3,9,2012,2,99,99,0,6,8,BIA 41,,0,99.99990000,999.99990000,3,1,0,0,99,9,0,99,9,99,0,99,0,0000000,99,99,99,99,99,99,0,0,0,1,0
4,40593,1,1,0,1,1,3,3,13,227,5,9,2012,4,18,27,0,16,6,CALLE CARLOS,,0,33.3647,-111.9607694,0,8,0,0,1,1,0,1,1,1,0,1,0,0000000,18,27,18,30,18,46,0,0,0,1,0
4,40594,1,1,0,0,0,1,1,1,0,5,9,2012,4,18,59,0,4,8,BIA 64,,0,36.17583889,-109.4760083,0,1,0,0,1,1,0,4,5,1,0,1,0,0000000,99,99,99,99,88,88,0,0,0,1,0
4,40595,1,1,0,0,0,5,5,1,0,8,9,2012,7,21,48,0,6,8,BIA 12,,0,99.99990000,999.99990000,3,5,0,0,1,1,0,1,6,98,0,98,0,0000000,99,99,99,99,88,88,0,0,0,1,0
4,40596,1,1,0,0,0,1,1,3,0,8,9,2012,7,99,99,0,6,9,GOLD MINE HILL RD,,0,32.23333333,-110.3333333,0,1,0,0,1,1,0,4,1,98,0,98,0,0000000,99,99,99,99,88,88,0,0,0,1,0
4,40597,1,1,0,1,1,1,1,5,170,9,9,2012,1,22,3,0,16,6,WALAPAI DR,,0,35.16165278,-111.6597639,0,9,0,0,1,1,0,1,3,1,0,1,0,0000000,22,3,22,6,22,26,0,0,0,1,1
4,40598,2,2,0,0,0,2,2,21,0,14,9,2012,6,18,44,0,4,9,CHUICHU RD,PETERS RD,0,32.8649,-111.7573361,0,12,6,0,2,2,0,1,5,1,0,1,0,0000000,99,99,99,99,99,99,0,0,0,1,0
4,40599,2,2,0,0,0,2,2,13,0,18,9,2012,3,10,13,0,14,6,UNIVERSITY DR,SIGNAL BUTTE RD,0,33.42228889,-111.5979722,0,12,6,0,2,2,0,1,1,1,0,1,0,0000000,10,22,10,26,11,4,0,0,0,1,0
4,40600,1,1,0,0,0,2,2,3,580,19,9,2012,4,99,99,0,16,6,COCHISE ST,PARKER ST,0,99.99990000,999.99990000,0,5,0,0,99,9,0,99,9,99,0,99,0,0000000,99,99,99,99,99,99,0,0,0,1,0
4,40601,1,1,0,0,0,1,1,5,0,20,9,2012,5,16,49,0,9,8,RIFLE RANGE RD,,0,36.07124167,-111.3114056,3,35,0,0,1,1,0,4,1,1,0,1,0,0000000,16,51,17,4,88,88,0,0,0,1,1
4,40602,1,1,0,1,1,1,1,13,370,21,9,2012,6,21,32,0,13,6,24TH ST,,0,33.49821944,-112.0301861,0,8,0,0,1,1,0,1,3,1,0,1,0,0000000,99,99,99,99,99,99,0,0,0,1,0
4,40603,1,1,0,1,1,2,2,1,0,22,9,2012,7,20,15,0,4,2,US-191,,4483,36.16675,-109.5855,3,8,0,0,1,1,0,1,2,1,0,1,0,0000000,20,17,20,22,99,99,0,0,0,1,0
4,40604,1,1,0,0,0,1,1,1,0,23,9,2012,1,11,0,0,3,3,SR-264,,4598,35.70795278,-109.3170722,3,1,0,0,99,9,0,99,1,99,0,99,0,0000000,99,99,99,99,99,99,0,0,0,1,0
4,40605,2,2,0,0,0,3,3,1,0,27,9,2012,5,16,58,0,3,3,SR-264,,4560,35.71884444,-109.3826333,3,12,99,0,99,9,0,99,1,99,0,99,0,0000000,99,99,99,99,99,99,0,0,0,2,0
4,40606,3,3,0,0,0,3,3,13,0,8,5,2012,3,13,50,0,4,8,RIO VERDE DR,156TH ST,0,33.74133889,-111.7437056,0,12,1,0,3,2,0,1,1,1,0,1,0,0000000,13,50,14,0,99,99,3,0,0,1,1
4,40607,1,1,0,0,0,2,2,17,0,14,1,2012,7,16,37,0,9,9,UNKNOWN RD,,0,99.99990000,999.99990000,3,35,0,0,1,1,0,4,1,99,0,99,0,0000000,99,99,99,99,99,99,0,0,0,1,0
4,40608,1,1,0,0,0,2,2,13,486,26,5,2012,7,9,3,0,16,6,MORNING STAR TRL,SHAWNEE TRL,0,33.6457,-112.3664194,0,5,0,0,2,3,0,1,1,1,0,1,0,0000000,99,99,99,99,99,99,0,0,0,1,0
4,40609,2,2,0,0,0,2,2,13,420,12,10,2012,6,9,1,0,13,6,SCOTTSDALE RD,MESCAL ST,0,33.58670833,-111.9259333,0,12,6,0,2,2,0,1,1,10,0,10,0,0000000,9,5,9,10,9,39,0,0,0,1,0
4,40610,1,1,0,0,0,1,1,3,0,12,10,2012,6,12,29,0,3,2,US-191,,911,32.40695556,-109.6619861,0,1,0,0,1,1,0,3,1,1,0,1,0,0000000,12,35,99,99,88,88,0,0,0,1,0
4,40611,1,1,0,1,1,1,1,13,370,17,10,2012,4,18,22,0,13,6,THOMAS RD,,0,33.48025278,-112.0432778,0,8,0,0,1,1,0,1,3,1,0,1,0,0000000,99,99,99,99,99,99,0,0,0,1,0
4,40612,1,1,0,0,0,1,1,13,475,19,10,2012,6,8,7,0,16,6,BOSWELL BLVD,,0,33.64751944,-112.2863639,0,33,0,0,1,1,0,4,4,1,0,1,0,0000000,99,99,99,99,99,99,0,0,0,1,0
4,40613,1,1,0,0,0,1,1,5,0,1,10,2012,2,99,99,1,2,2,US-160,,3480,36.369625,-110.8961417,3,99,99,0,99,9,0,99,9,99,0,99,0,0000000,99,99,99,99,88,88,0,0,0,1,0
4,40614,1,1,0,1,1,1,1,13,420,2,10,2012,3,6,49,0,13,6,MCKELLIPS RD,SR-101 RAMP,0,33.45133611,-111.8910778,3,9,0,1,2,2,0,1,4,1,0,1,0,0000000,99,99,99,99,88,88,0,0,0,1,0
4,40615,2,2,0,0,0,4,4,13,370,2,10,2012,3,16,26,0,15,6,DEER VALLEY RD,,0,33.68384722,-112.0623972,0,12,6,0,8,1,0,1,1,1,0,1,0,0000000,16,28,16,34,16,56,0,0,0,1,0
4,40616,2,2,0,0,0,2,2,13,370,8,10,2012,2,18,18,0,15,6,ROOSEVELT ST,75TH AVE,0,33.45876389,-112.2208694,0,1,0,0,2,2,0,1,5,1,0,1,0,0000000,18,19,18,22,18,43,14,0,0,1,0
4,40617,1,1,0,0,0,1,1,15,0,10,10,2012,4,13,16,0,6,9,BUCK AND DOE RD,,0,99.99990000,999.99990000,3,1,0,0,99,9,0,99,1,99,0,99,0,0000000,99,99,99,99,88,88,0,0,0,1,1
4,40618,2,2,0,0,0,2,2,13,370,12,10,2012,6,17,42,0,15,6,DEER VALLEY RD,22ND AVE,0,33.68377222,-112.1064778,0,12,11,0,2,3,0,1,1,1,0,1,0,0000000,17,43,17,48,18,18,0,0,0,1,0
4,40619,1,1,0,0,0,2,2,21,0,12,10,2012,6,16,8,0,6,9,SEED FARM RD,,0,99.99990000,999.99990000,3,99,99,0,99,9,0,99,1,99,0,99,0,0000000,99,99,99,99,99,99,0,0,0,1,0
4,40620,1,1,0,1,1,1,1,13,370,12,10,2012,6,20,45,0,15,6,91ST AVE,,0,33.38084722,-112.254275,0,8,0,0,1,1,0,1,2,1,0,1,0,0000000,99,99,99,99,99,99,0,0,0,1,0
4,40621,1,1,0,0,0,1,1,13,370,13,10,2012,7,1,6,0,14,6,MCDOWELL RD,39TH AVE,0,33.46594722,-112.1431333,0,46,0,0,2,2,0,4,3,1,0,1,0,0000000,1,8,1,12,1,32,0,0,0,1,1
4,40622,1,1,0,1,1,2,2,13,368,14,10,2012,1,12,56,0,14,6,75TH AVE,ALEXANDRIA WAY,0,33.60730278,-112.2200972,0,8,0,0,3,2,1,1,1,1,0,1,0,0000000,99,99,99,99,99,99,0,0,0,1,0
4,40623,2,2,0,0,0,4,4,13,370,15,10,2012,2,7,19,0,13,6,BUCKEYE RD,49TH AVE,0,33.43677222,-112.1649111,0,1,0,0,2,3,0,1,1,1,0,1,0,0000000,7,28,7,32,7,56,14,0,0,1,0
4,40624,1,1,0,0,0,1,1,13,370,16,10,2012,3,99,99,0,14,6,MCDOWELL RD,,0,99.99990000,999.99990000,0,3,0,0,99,9,0,5,9,99,0,99,0,0000000,99,99,99,99,88,88,0,0,0,1,0
4,40625,1,1,0,0,0,1,1,13,80,20,10,2012,7,4,7,0,16,6,ERIE RD,CALIFORNIA ST,0,33.31038333,-111.8445083,0,33,0,0,3,9,0,4,3,1,0,1,0,0000000,4,12,4,15,88,88,0,0,0,1,0
4,40626,2,2,0,0,0,2,2,13,368,24,10,2012,4,17,57,0,14,6,PEORIA AVE,90TH AVE,0,33.58082222,-112.2539083,0,12,2,0,2,2,0,1,1,99,0,99,0,0000000,99,99,99,99,99,99,0,0,0,1,0
4,40627,1,1,0,0,0,1,1,17,0,25,10,2012,5,12,31,0,4,8,BIA 15,,0,99.99990000,999.99990000,3,99,99,0,99,9,0,99,1,99,0,99,0,0000000,99,99,99,99,88,88,0,0,0,1,0
4,40628,1,1,0,1,1,2,2,13,370,25,10,2012,5,18,11,0,13,6,19TH AVE,PIMA ST,0,33.43318056,-112.0999167,0,8,0,0,3,2,0,1,6,1,0,1,0,0000000,18,12,18,15,18,33,0,0,0,1,0
4,40629,2,2,0,0,0,3,3,13,370,25,10,2012,5,20,27,0,15,6,107TH AVE,CAMPBELL AVE,0,33.50080278,-112.2901083,0,12,2,0,3,2,0,1,2,1,0,1,0,0000000,20,30,20,36,21,8,0,0,0,2,1
4,40630,1,1,0,0,0,2,2,13,0,26,10,2012,6,0,56,0,5,6,ESTRELLA PKWY,,0,33.37839722,-112.3972889,0,17,0,0,1,1,0,3,2,1,0,1,0,0000000,0,58,1,5,99,99,0,0,0,1,1
4,40631,2,2,0,0,0,2,2,13,370,29,10,2012,2,23,24,0,14,6,CAMELBACK RD,107TH AVE,0,33.508175,-112.2899917,0,12,6,0,2,2,0,1,3,1,0,1,0,0000000,23,40,23,44,0,5,0,0,0,1,1
4,40632,2,2,0,0,0,2,2,13,80,30,10,2012,3,16,22,0,13,6,WARNER RD,,0,33.33516389,-111.8731583,0,12,2,0,8,1,0,1,1,1,0,1,0,0000000,16,24,16,26,99,99,0,0,0,1,0
4,40633,3,3,0,0,0,3,3,13,420,31,10,2012,4,8,57,0,13,6,SCOTTSDALE RD,GOLD DUST AVE,0,33.57841944,-111.9261556,0,12,6,0,2,2,0,1,1,1,0,1,0,0000000,99,99,99,99,99,99,0,0,0,1,0
4,40634,2,2,0,1,1,3,3,13,370,31,10,2012,4,14,40,0,13,6,INDIAN SCHOOL RD,,0,33.49501667,-112.1016333,0,9,0,0,1,1,0,1,1,1,0,1,0,0000000,14,41,14,45,15,1,0,0,0,1,0
4,40635,1,1,0,1,1,3,3,13,290,12,10,2012,6,21,47,0,13,6,MCKELLIPS RD,,0,33.45153056,-111.8044583,0,8,0,0,1,1,0,1,3,1,0,1,0,0000000,21,47,21,50,21,59,0,0,0,1,0
4,40636,2,2,0,0,0,3,3,25,386,1,11,2012,5,11,18,0,14,6,WHIPPLE ST,AUDREY LN,0,34.55689167,-112.4751194,0,12,2,0,3,3,0,1,1,1,0,1,0,0000000,11,19,11,20,12,25,0,0,0,1,0
4,40637,1,1,0,1,1,1,1,13,80,2,11,2012,6,19,12,0,14,6,PECOS RD,,0,33.29151389,-111.8377222,0,8,0,0,1,1,0,1,3,1,0,1,0,0000000,19,12,19,16,19,53,0,0,0,1,0
4,40638,1,1,0,0,0,3,3,21,0,4,11,2012,1,16,43,1,1,1,I-10,,2043,32.77354167,-111.6132556,0,1,0,0,1,1,0,3,1,1,0,1,0,0000000,16,43,16,48,17,20,0,0,0,1,0
4,40642,1,1,0,1,1,1,1,5,336,9,11,2012,6,17,38,0,14,9,COPPERMINE RD,,0,36.90765278,-111.4551694,3,8,0,0,1,1,0,1,5,1,0,1,0,0000000,99,99,99,99,99,99,0,0,0,1,0
4,40643,1,1,0,1,1,1,1,13,200,11,11,2012,1,3,20,0,13,6,CAMELBACK RD,,0,33.50881667,-112.2480028,0,8,0,0,1,1,0,1,2,1,0,1,0,0000000,99,99,99,99,88,88,0,0,0,1,0
4,40644,2,2,0,0,0,3,3,13,0,11,11,2012,1,19,25,1,13,3,SR-85,HAZEN RD,1495,33.35570278,-112.6261806,0,12,6,0,2,2,0,1,2,1,0,1,0,0000000,19,23,19,29,20,23,0,0,0,1,0
4,40645,1,1,0,1,1,1,1,13,370,12,11,2012,2,7,47,0,13,6,PEORIA AVE,28TH DR,0,33.58183611,-112.1220972,0,8,0,0,3,2,0,1,1,1,0,1,0,0000000,7,47,7,52,8,5,0,0,0,1,0
4,40646,1,1,0,0,0,1,1,3,0,12,11,2012,2,99,99,0,4,3,SR-80,,3808,31.483725,-109.4130306,0,38,0,0,1,1,0,5,1,10,0,10,0,0000000,15,48,16,2,88,88,0,0,0,1,1
4,40647,1,1,0,1,1,1,1,21,487,12,11,2012,2,19,46,0,3,2,US-60,,2263,33.28726667,-111.1057444,0,8,0,0,1,1,0,1,3,1,0,1,0,0000000,19,46,19,50,88,88,0,0,0,1,0
4,40648,1,1,0,0,0,1,1,13,200,12,11,2012,2,20,37,0,13,6,BELL RD,,0,33.63818056,-112.209375,0,33,0,0,1,1,0,3,3,1,0,1,0,0000000,20,38,20,42,88,88,0,0,0,1,0
4,40649,2,2,0,0,0,1,1,13,370,13,11,2012,3,23,25,1,11,1,I-10,,1533,33.41080556,-111.9800944,0,12,1,1,18,1,0,1,3,1,0,1,0,0000000,23,30,23,48,88,88,0,0,0,1,0
4,40650,2,1,1,0,0,1,1,1,0,14,11,2012,4,10,49,0,3,3,SR-264,,4720,35.65916667,-109.1168389,3,18,0,0,1,1,2,3,1,1,0,1,0,0000000,10,50,11,4,11,23,3,0,0,1,0
4,40651,1,1,0,1,1,1,1,13,370,15,11,2012,5,4,47,1,11,1,I-10,,1464,33.46214722,-112.0528583,0,8,0,1,18,1,0,1,3,1,0,1,0,0000000,4,48,4,52,88,88,0,0,0,1,0
4,40652,2,2,0,0,0,2,2,13,190,16,11,2012,6,17,40,0,16,6,PARK VILLAGE DR,ROCK ST,0,33.36725833,-111.7613111,0,12,6,0,2,3,0,1,5,1,0,1,0,0000000,17,41,17,45,18,25,0,0,0,1,0
4,40653,1,1,0,1,1,1,1,25,386,17,11,2012,7,17,57,0,14,9,IRON SPRINGS RD,KILE ST,0,34.56775556,-112.4945944,0,8,0,0,2,3,0,1,3,10,0,10,0,0000000,17,57,18,2,18,10,0,0,0,1,0
4,40654,3,3,0,0,0,6,6,19,295,17,11,2012,7,18,41,1,11,1,I-10,,2487,32.33752222,-111.0665944,0,12,1,1,18,1,0,1,2,10,0,10,0,0000000,18,43,18,59,20,0,19,0,0,1,0
4,40655,2,2,0,0,0,4,4,12,0,18,11,2012,1,9,20,0,4,2,US-60,,593,33.80484722,-113.5730028,0,12,2,0,1,1,0,1,1,1,0,1,0,0000000,9,19,9,35,99,99,0,0,0,1,0
4,40656,2,2,0,0,0,4,4,13,0,19,11,2012,2,18,42,1,2,2,US-60,,1140,33.93473333,-112.6920444,0,12,1,0,1,1,0,1,2,1,0,1,0,0000000,18,45,18,55,88,88,0,0,0,1,0
4,40657,1,1,0,0,0,1,1,1,0,20,11,2012,3,3,3,1,1,1,I-40,,3308,35.171425,-109.4757444,0,1,0,0,1,1,0,4,2,1,0,1,0,0000000,3,3,3,23,88,88,0,0,0,1,0
4,40658,3,3,0,0,0,12,12,21,0,20,11,2012,3,14,16,1,1,1,I-10,,1965,32.85654444,-111.6869917,0,12,2,0,1,1,0,1,1,1,0,1,0,0000000,14,16,14,24,99,99,0,0,0,1,0
4,40659,2,2,0,0,0,2,2,5,0,21,11,2012,4,5,54,1,2,2,US-89,,5318,36.71561667,-111.5922417,3,12,2,0,1,1,0,1,3,1,0,1,0,0000000,5,55,6,14,6,58,0,0,0,1,1
4,40660,1,1,0,0,0,1,1,12,0,21,11,2012,4,99,99,0,6,9,GAS COMPANY RD,,0,33.53543333,-113.4396611,0,23,0,0,1,1,0,4,2,1,0,1,0,0000000,99,99,99,99,88,88,18,0,0,1,1
4,40661,4,4,0,0,0,6,6,13,370,22,11,2012,5,16,1,0,14,6,BASELINE RD,43RD AVE,0,33.37761389,-112.15105,0,12,6,0,2,2,0,1,1,1,0,1,0,0000000,16,2,16,9,16,32,0,0,0,1,0
4,40662,1,1,0,0,0,3,3,19,0,23,11,2012,6,8,59,0,3,3,SR-86,,670,32.20456944,-112.5314028,3,42,0,0,1,1,0,4,1,1,0,1,0,0000000,99,99,99,99,88,88,0,0,0,1,0
4,40663,2,2,0,0,0,3,3,19,530,23,11,2012,6,11,49,1,13,6,VALENCIA RD,,0,32.141675,-110.8665444,0,12,1,0,1,1,0,1,1,1,0,1,0,0000000,99,99,99,99,99,99,0,0,0,1,0
4,40664,4,4,0,0,0,6,6,13,0,23,11,2012,6,18,42,0,3,3,SR-347,,1885,33.252175,-111.9604083,3,12,7,0,1,1,0,1,2,1,0,1,0,0000000,18,40,18,44,99,99,14,0,0,1,1
4,40665,2,2,0,0,0,2,2,13,190,23,11,2012,6,20,48,0,14,6,WARNER RD,LINDSAY RD,0,33.33558611,-111.7729083,0,12,6,0,2,2,0,1,3,1,0,1,0,0000000,20,49,20,52,21,31,0,0,0,1,0
4,40666,2,2,0,0,0,4,4,21,0,24,11,2012,7,14,13,0,6,9,MOUNT LEMMON RD,,0,32.56197778,-110.7068778,0,12,6,0,1,1,0,1,1,1,0,1,0,0000000,14,13,14,29,15,30,6,0,0,1,0
4,40667,3,3,0,0,0,3,3,21,0,27,11,2012,3,21,31,0,3,3,SR-287,SIGNAL PEAK RD,1198,32.87968333,-111.6191389,0,12,6,0,2,2,0,1,2,1,0,1,0,0000000,21,33,21,43,22,45,19,0,0,2,0
4,40668,1,1,0,0,0,2,2,13,0,28,11,2012,4,14,0,1,2,2,US-60,,1141,33.93363056,-112.6908111,0,42,0,0,1,1,0,3,1,1,0,1,0,0000000,14,4,14,12,15,21,0,0,0,1,0
4,40669,1,1,0,1,1,3,3,13,290,29,11,2012,5,11,36,0,13,6,MAIN ST,56TH ST,0,33.41565,-111.7104806,0,15,0,0,3,2,0,1,1,10,0,10,0,0000000,11,36,11,40,88,88,0,0,0,1,0
4,40670,1,1,0,1,1,1,1,19,530,30,11,2012,6,0,3,1,13,6,ALVERNON WAY,,0,32.20287778,-110.9094389,0,8,0,0,1,1,0,1,3,1,0,1,0,0000000,99,99,99,99,88,88,0,0,0,1,0
4,40671,1,1,0,0,0,1,1,25,82,1,12,2012,7,0,42,0,4,3,SR-89,,3252,34.71593056,-112.4532444,0,33,0,0,1,1,0,4,3,1,0,1,0,0000000,0,43,0,47,1,45,0,0,0,1,1
4,40672,1,1,0,0,0,1,1,19,0,1,12,2012,7,7,18,0,3,3,SR-86,,1383,32.03753889,-111.5124833,3,35,0,0,1,1,0,4,1,1,0,1,0,0000000,99,99,99,99,88,88,0,0,0,1,1
4,40673,2,2,0,0,0,3,3,13,0,1,12,2012,7,12,25,0,4,3,SR-74,DIRT RD,117,33.830275,-112.4366083,0,12,6,0,2,2,0,1,1,10,0,10,0,0000000,12,27,12,43,88,88,0,0,0,1,0
4,40674,2,2,0,0,0,3,3,13,290,2,12,2012,1,16,43,0,14,6,HIGLEY RD,,0,33.40768056,-111.7191639,0,12,6,0,8,1,0,1,1,1,0,1,0,0000000,16,43,16,48,17,26,0,0,0,1,0
4,40675,3,3,0,0,0,4,4,13,490,3,12,2012,2,15,2,1,12,3,SR-101,,554,33.38076944,-111.8922472,0,12,7,1,18,1,0,1,1,1,0,1,0,0000000,15,3,15,10,15,28,14,0,0,1,0
4,40676,2,2,0,0,0,5,5,7,0,4,12,2012,3,4,7,1,2,3,SR-260,,2600,34.26713611,-111.1908111,0,12,2,0,1,1,0,1,3,1,0,1,0,0000000,4,15,4,21,88,88,0,0,0,1,0
4,40677,1,1,0,0,0,1,1,13,370,4,12,2012,3,5,51,1,11,1,I-17,,2135,33.64701667,-112.1152361,0,30,0,0,1,1,0,4,3,1,0,1,0,0000000,5,54,5,58,88,88,0,0,0,1,0
4,40678,1,1,0,1,1,1,1,5,170,6,12,2012,5,17,52,1,13,2,US-89,,4190,35.22311389,-111.5850222,0,8,0,0,1,1,0,1,2,1,0,1,0,0000000,17,52,17,55,18,12,0,0,0,1,0
4,40679,2,2,0,0,0,4,4,13,370,8,12,2012,7,2,21,1,12,3,SR-51,,9,33.46281667,-112.0377083,0,12,11,1,18,1,0,1,3,1,0,1,0,0000000,2,23,2,33,88,88,19,0,0,1,1
4,40680,1,1,0,0,0,2,2,13,80,8,12,2012,7,8,13,1,11,1,I-10,,1610,33.30218333,-111.9724528,0,1,0,1,18,1,0,1,1,1,0,1,0,0000000,8,14,8,25,99,99,0,0,0,1,0
4,40681,2,2,0,0,0,5,5,13,370,8,12,2012,7,12,41,0,13,6,19TH AVE,,0,33.55149444,-112.0996583,0,12,2,0,1,1,0,1,1,1,0,1,0,0000000,12,42,12,45,13,15,19,0,0,1,1
4,40682,1,1,0,0,0,1,1,25,373,9,12,2012,1,9,5,1,13,3,SR-69,,2859,34.578725,-112.2955389,0,35,0,0,1,1,0,5,1,1,0,1,0,0000000,9,5,9,11,88,88,0,0,0,1,0
4,40683,2,2,0,0,0,2,2,13,200,9,12,2012,1,13,25,0,15,6,LITCHFIELD RD,LIGHTNING ST,0,33.54494167,-112.3586222,0,12,1,0,3,2,0,1,1,1,0,1,0,0000000,13,24,13,26,14,6,0,0,0,1,0
4,40684,1,1,0,1,1,1,1,13,370,10,12,2012,2,14,51,0,14,6,27TH AVE,MISSOURI AVE,0,33.51657222,-112.1169361,0,9,0,0,3,2,0,1,1,1,0,1,0,0000000,99,99,99,99,99,99,0,0,0,1,0
4,40685,1,1,0,0,0,1,1,19,530,10,12,2012,2,15,42,0,14,6,29TH ST,COLUMBUS BLVD,0,32.19978056,-110.9008944,0,33,0,0,3,2,0,4,1,1,0,1,0,0000000,99,99,99,99,99,99,0,0,0,1,0
4,40686,1,1,0,0,0,2,2,1,0,15,12,2012,7,0,55,1,2,2,US-60,,3565,34.27500278,-109.775825,0,42,0,0,1,1,0,5,2,4,0,4,0,0000000,1,4,1,6,99,99,0,0,0,1,0
4,40687,2,2,0,0,0,3,3,19,530,15,12,2012,7,2,45,0,16,6,LA CHOLLA BLVD,SAN MARCOS BLVD,0,32.20315556,-111.01175,0,12,2,0,2,2,0,1,3,10,0,10,0,0000000,2,45,2,53,99,99,0,0,0,1,2
4,40688,1,1,0,0,0,1,1,13,370,15,12,2012,7,12,11,1,11,1,I-10,,1474,33.459975,-112.0373639,0,1,0,0,1,1,0,4,1,2,0,2,0,0000000,12,13,12,20,12,46,0,0,0,1,0
4,40689,2,2,0,0,0,3,3,13,290,17,12,2012,2,16,12,0,15,6,RECKER RD,,0,33.45440278,-111.7014722,0,12,2,0,1,1,0,1,1,1,0,1,0,0000000,16,12,16,15,99,99,0,0,0,1,0
4,40690,1,1,0,1,1,2,2,21,70,18,12,2012,3,9,13,0,14,6,COTTONWOOD LN,KADOTA AVE,0,32.89413333,-111.7442694,0,8,0,0,3,2,0,1,1,1,0,1,0,0000000,9,13,9,22,88,88,0,0,0,1,0
4,40693,1,1,0,1,1,5,5,13,370,26,12,2012,4,19,45,0,13,6,BASELINE RD,,0,33.3776,-112.1334639,0,8,0,0,1,1,0,1,3,1,0,1,0,0000000,99,99,99,99,99,99,0,0,0,1,0
4,40694,3,3,0,0,0,9,9,7,0,29,12,2012,7,16,30,1,2,3,SR-260,,2711,34.31603333,-111.0580417,0,12,2,0,1,1,1,1,1,1,0,1,0,0000000,17,5,17,50,19,5,0,0,0,1,0
4,40695,2,2,0,0,0,7,7,13,0,23,11,2012,6,22,51,1,1,1,I-10,,748,33.55585833,-113.2648,0,12,1,0,1,1,0,1,2,1,0,1,0,0000000,23,7,23,30,99,99,0,0,0,1,0
4,40696,1,1,0,0,0,1,1,13,290,4,11,2012,1,11,0,0,16,6,MOUNTAIN RD,,0,33.34771944,-111.5924417,0,41,0,0,1,1,0,4,1,1,0,1,0,0000000,99,99,99,99,99,99,0,0,0,1,0
4,40697,1,1,0,1,1,1,1,13,370,1,11,2012,5,20,33,0,13,6,99TH AVE,,0,33.49430833,-112.2724583,0,9,0,0,1,1,0,1,2,1,0,1,0,0000000,20,34,20,37,21,21,0,0,0,1,0
4,40698,1,1,0,1,1,1,1,13,370,5,11,2012,2,18,2,0,13,6,19TH AVE,,0,33.59415278,-112.0996083,0,8,0,0,1,1,0,1,3,1,0,1,0,0000000,99,99,99,99,99,99,0,0,0,1,0
4,40699,1,1,0,0,0,2,2,5,0,10,11,2012,7,7,0,0,3,3,SR-264,,3540,35.96032778,-110.8516722,3,1,0,0,99,9,0,99,9,99,0,99,0,0000000,99,99,99,99,99,99,0,0,0,1,0
4,40700,2,2,0,0,0,2,2,13,370,14,11,2012,4,0,13,0,13,6,PEORIA AVE,,0,99.99990000,999.99990000,0,12,6,0,99,9,0,1,6,99,0,99,0,0000000,99,99,99,99,99,99,0,0,0,1,0
4,40702,1,1,0,1,1,1,1,13,370,15,11,2012,5,18,37,0,13,6,19TH AVE,,0,33.57425556,-112.0996278,0,8,0,0,1,1,0,1,3,10,0,10,0,0000000,99,99,99,99,99,99,0,0,0,1,0
4,40703,1,1,0,1,1,1,1,13,370,18,11,2012,1,19,16,0,13,6,35TH AVE,,0,99.99990000,999.99990000,0,8,0,0,1,1,0,1,9,99,0,99,0,0000000,99,99,99,99,99,99,0,0,0,1,0
4,40704,1,1,0,0,0,2,2,1,0,19,11,2012,2,99,99,0,6,8,BIA 67,BIA 673,0,99.99990000,999.99990000,3,35,0,0,2,3,0,4,9,99,0,99,0,0000000,99,99,99,99,99,99,0,0,0,1,0
4,40705,1,1,0,0,0,2,2,17,0,21,11,2012,4,99,99,0,6,9,BIA 41,,0,99.99990000,999.99990000,3,99,99,0,99,9,0,99,9,99,0,99,0,0000000,99,99,99,99,99,99,0,0,0,1,0
4,40706,2,2,0,0,0,2,2,13,80,24,11,2012,7,17,7,0,16,6,OCOTILLO RD,SALT CEDAR ST,0,33.24806389,-111.8047,0,1,0,0,2,3,0,1,1,1,0,1,0,0000000,17,9,17,13,17,44,14,0,0,1,0
4,40707,7,7,0,0,0,11,11,13,60,20,11,2012,3,23,44,1,11,1,I-10,,1170,33.44450556,-112.5565194,0,12,1,1,18,1,0,1,2,1,0,1,0,0000000,23,47,23,54,99,99,14,19,0,1,0
4,40708,2,2,0,0,0,4,4,21,160,6,12,2012,5,11,50,0,4,3,SR-87,MILLIGAN RD,1158,32.734125,-111.5157972,0,12,6,0,2,7,0,1,1,1,0,1,0,0000000,11,50,11,57,88,88,0,0,0,2,0