STATE,ST_CASE,VE_TOTAL,VE_FORMS,PVH_INVL,PEDS,PERNOTMVIT,PERMVIT,PERSONS,COUNTY,CITY,DAY,MONTH,YEAR,DAY_WEEK,HOUR,MINUTE,NHS,ROAD_FNC,ROUTE,TWAY_ID,TWAY_ID2,MILEPT,LATITUDE,LONGITUD,SP_JUR,HARM_EV,MAN_COLL,RELJCT1,RELJCT2,TYP_INT,WRK_ZONE,REL_ROAD,LGT_COND,WEATHER1,WEATHER2,WEATHER,SCH_BUS,RAIL,NOT_HOUR,NOT_MIN,ARR_HOUR,ARR_MIN,HOSP_HR,HOSP_MN,CF1,CF2,CF3,FATALS,DRUNK_DR
4,40709,1,1,0,0,0,1,1,19,530,9,11,2012,6,19,49,0,16,9,CAMINTO CALLADO,,0,32.29005833,-110.9370056,0,2,0,0,4,1,0,4,6,98,0,98,0,0000000,99,99,99,99,88,88,0,0,0,1,1
4,40710,1,1,0,0,0,1,1,1,470,12,12,2012,4,4,40,0,3,2,US-180,,3932,34.19008611,-109.3209139,0,17,0,0,1,1,0,4,2,1,0,1,0,0000000,99,99,99,99,5,0,0,0,0,1,1
4,40711,1,1,0,0,0,2,2,1,0,2,12,2012,1,22,18,1,1,1,I-40,,3223,35.10736111,-109.6022222,0,42,0,0,1,1,0,4,2,10,0,10,0,0000000,22,21,22,40,99,99,0,0,0,1,0
4,40712,1,1,0,0,0,2,2,13,200,9,12,2012,1,6,49,0,14,6,67TH AVE,,0,33.52146944,-112.2031222,0,30,0,0,1,1,0,4,1,1,0,1,0,0000000,6,49,6,54,88,88,0,0,0,2,1
4,40713,2,1,1,0,0,1,1,5,0,12,12,2012,4,7,9,0,4,9,TOWNSEND WINONA RD,,0,35.20968611,-111.4166,0,53,0,0,1,1,0,4,4,1,0,1,0,0000000,7,10,7,23,7,54,0,0,0,1,0
4,40714,1,1,0,1,1,1,1,13,200,15,12,2012,7,3,31,1,12,3,SR-101 RAMP,,181,33.66844444,-112.1990056,0,8,0,1,5,1,0,1,3,2,0,2,0,0000000,3,31,3,33,4,4,19,0,0,1,0
4,40715,2,2,0,0,0,3,3,5,0,15,12,2012,7,12,44,0,3,9,OLD ROUTE 66,,0,35.24661111,-111.8440667,0,12,2,0,1,1,0,1,1,11,0,11,0,0000000,12,44,12,44,13,0,4,0,0,1,0
4,40716,2,2,0,0,0,7,7,19,0,16,12,2012,1,0,8,1,1,1,I-10,,2856,31.99808056,-110.6262917,0,1,0,0,1,1,0,3,2,1,0,1,0,0000000,0,13,0,38,99,99,14,0,0,1,1
4,40717,2,2,0,0,0,2,2,19,0,18,12,2012,3,5,16,0,4,9,SANDARIO RD,PARK RD,0,32.14745278,-111.2177389,0,1,0,0,3,2,0,1,2,1,0,1,0,0000000,5,20,5,27,88,88,14,0,0,1,0
4,40718,1,1,0,2,2,3,3,13,420,19,12,2012,4,12,3,0,13,6,FRANK LLOYD WRIGHT BLVD,DESERT COVE AVE,0,33.58625833,-111.8351194,0,8,0,0,3,2,0,1,1,1,0,1,0,0000000,12,5,12,10,12,41,0,0,0,1,0
4,40719,1,1,0,0,0,2,2,21,0,22,12,2012,7,15,22,1,1,1,I-10,,2268,32.569125,-111.3192167,0,1,0,0,1,1,0,10,1,1,0,1,0,0000000,15,22,15,38,99,99,0,0,0,1,0
4,40720,1,1,0,0,0,1,1,13,370,1,12,2012,7,11,54,0,13,6,DUNLAP AVE,,0,33.56754722,-112.09265,0,33,0,0,1,1,0,4,1,1,0,1,0,0000000,11,54,11,56,12,14,0,0,0,1,0
4,40721,1,1,0,0,0,1,1,13,200,2,12,2012,1,0,6,0,14,6,91ST AVE,,0,33.54450556,-112.2551667,0,1,0,0,1,1,0,1,3,1,0,1,0,0000000,0,6,0,12,88,88,0,0,0,1,1
4,40722,2,2,0,0,0,2,2,13,370,4,12,2012,3,18,21,0,14,6,MCDOWELL RD,26TH ST,0,33.46578611,-112.0258167,0,12,6,0,3,3,0,1,3,1,0,1,0,0000000,18,23,18,29,18,46,0,0,0,1,0
4,40723,1,1,0,0,0,2,2,21,0,8,12,2012,7,99,99,0,9,9,UNKNOWN RD,,0,99.99990000,999.99990000,3,3,0,0,99,9,0,6,9,99,0,99,0,0000000,99,99,99,99,99,99,0,0,0,1,0
4,40724,1,1,0,1,1,2,2,13,370,11,12,2012,3,18,26,0,14,6,43RD AVE,,0,33.46822222,-112.1517361,0,8,0,0,1,1,0,1,3,1,0,1,0,0000000,18,28,18,31,88,88,0,0,0,1,0
4,40725,1,1,0,1,1,1,1,13,370,12,12,2012,4,4,57,0,14,6,59TH AVE,,0,33.46555,-112.1865194,0,8,0,0,1,1,0,1,3,1,0,1,0,0000000,4,57,99,99,99,99,0,0,0,1,0
4,40726,1,1,0,0,0,1,1,12,0,13,12,2012,5,17,5,0,6,9,SCOTT RD,,0,99.99990000,999.99990000,0,3,0,0,1,1,0,6,1,99,0,99,0,0000000,99,99,99,99,99,99,0,0,0,1,0
4,40727,2,2,0,0,0,2,2,13,0,15,12,2012,7,2,14,0,13,9,MC-85,,0,33.40308056,-112.4334833,0,12,2,0,1,1,0,1,2,10,0,10,0,0000000,2,14,2,24,99,99,0,0,0,1,1
4,40728,2,2,0,0,0,2,2,13,0,16,12,2012,1,4,48,0,15,6,BROADWAY RD,,0,33.40849444,-112.2162167,0,12,2,0,1,1,0,1,2,10,0,10,0,0000000,4,48,4,57,99,99,0,0,0,1,1
4,40729,2,2,0,0,0,2,2,13,370,18,12,2012,3,12,53,0,16,6,PIMA ST,13TH AVE,0,33.43308889,-112.089025,0,12,6,0,2,2,0,1,1,1,0,1,0,0000000,12,54,12,57,88,88,0,0,0,1,0
4,40730,2,2,0,0,0,6,6,21,0,22,12,2012,7,14,16,0,6,9,COMBS RD,GANTZEL RD,0,33.21993333,-111.5632611,0,12,2,0,2,2,0,1,1,1,0,1,0,0000000,99,99,99,99,99,99,0,0,0,1,0
4,40731,2,2,0,0,0,3,3,13,370,21,12,2012,6,13,30,0,13,6,51ST AVE,,0,33.61012222,-112.1684667,0,1,0,0,8,1,0,1,1,1,0,1,0,0000000,13,30,13,35,13,57,0,0,0,1,0
4,40732,1,1,0,1,1,1,1,13,370,23,12,2012,1,3,25,0,13,6,19TH AVE,,0,33.54640833,-112.0995806,0,8,0,0,1,1,0,1,3,1,0,1,0,0000000,3,25,3,30,3,56,0,0,0,1,0
4,40733,1,1,0,0,0,1,1,21,0,25,12,2012,3,13,33,0,6,9,DOVE RD,,0,33.01666667,-111.5833333,3,99,99,0,99,9,0,99,1,99,0,99,0,0000000,99,99,99,99,99,99,0,0,0,1,1
4,40734,2,2,0,0,0,5,5,13,80,26,12,2012,4,12,33,0,15,6,GILBERT RD,OCOTILLO RD,0,33.24830556,-111.7894667,0,12,6,0,2,2,0,1,1,1,0,1,0,0000000,99,99,99,99,99,99,0,0,0,1,0
4,40735,2,2,0,0,0,2,2,13,370,26,12,2012,4,16,52,0,13,6,GREENWAY RD,40TH ST,0,33.62631667,-111.9960583,0,12,6,0,2,2,0,1,1,1,0,1,0,0000000,16,52,16,53,99,99,0,0,0,1,0
4,40736,1,1,0,0,0,1,1,13,370,27,12,2012,5,10,36,0,15,6,42ND ST,BLOOMFIELD RD,0,33.59988056,-111.9924444,0,33,0,0,3,3,0,4,1,1,0,1,0,0000000,10,38,10,42,11,2,0,0,0,1,0
4,40737,1,1,0,1,1,1,1,13,370,28,12,2012,6,6,58,0,13,6,THOMAS RD,36TH ST,0,33.48045278,-112.0041833,0,8,0,0,3,2,0,1,4,1,0,1,0,0000000,7,0,7,5,7,17,0,0,0,1,0
4,40738,1,1,0,0,0,3,3,13,200,30,12,2012,1,23,56,0,15,6,83RD AVE,,0,33.63979167,-112.2334444,0,33,0,0,1,1,0,3,3,1,0,1,0,0000000,23,56,0,1,0,39,0,0,0,2,1
4,40739,1,1,0,1,1,0,0,21,0,14,7,2012,7,16,18,0,16,9,CHARLOU GAP RD,,0,32.55448333,-110.7838667,0,8,0,0,1,1,0,1,1,99,0,99,0,0000000,99,99,99,99,99,99,0,0,0,1,0
4,40740,1,1,0,0,0,6,6,1,0,4,12,2012,3,1,3,0,3,3,SR-264,,4630,35.6928,-109.2635222,3,99,99,0,99,9,0,99,6,99,0,99,0,0000000,99,99,99,99,99,99,0,0,0,3,0
4,40741,1,1,0,1,1,1,1,13,60,21,12,2012,6,13,0,0,15,6,YUMA RD,WATSON RD,0,33.43554722,-112.5561,0,8,0,0,3,2,0,1,1,10,0,10,0,0000000,13,1,13,5,13,48,0,0,0,1,0
4,40742,1,1,0,0,0,1,1,17,0,8,9,2012,7,99,99,0,4,3,SR-87,,3961,35.65561944,-110.4911722,3,99,0,0,99,9,0,99,9,99,0,99,0,0000000,99,99,99,99,88,88,0,0,0,1,0
4,40743,1,1,0,0,0,2,2,5,0,9,10,2012,3,11,25,0,4,3,SR-87,,99999,99.99990000,999.99990000,1,42,0,0,1,1,0,6,1,99,0,99,0,0000000,99,99,99,99,99,99,0,0,0,1,0
4,40744,2,2,0,0,0,4,4,13,490,14,12,2012,6,3,32,1,12,3,SR-101,,566,33.36367222,-111.8940861,0,12,1,1,18,1,0,1,3,2,0,2,0,0000000,3,32,3,45,99,99,0,0,0,1,0
4,40745,2,2,0,0,0,4,4,21,22,22,11,2012,5,16,50,0,13,3,SR-88,TOMAHAWK RD,1975,33.43151667,-111.52875,0,12,6,0,2,2,0,1,1,1,0,1,0,0000000,16,40,16,50,99,99,0,0,0,1,0
4,40746,2,2,0,0,0,2,2,3,0,3,12,2012,2,16,11,0,6,9,DESERT RD,EASTLAND RD,0,31.96326111,-109.8982722,0,12,99,0,2,2,0,1,1,1,0,1,0,0000000,99,99,99,99,99,99,0,0,0,1,0
4,40747,2,2,0,0,0,2,2,21,0,14,12,2012,6,16,30,0,5,9,COMBS RD,,0,33.21994167,-111.5667361,0,12,6,0,8,1,0,1,1,2,0,2,0,0000000,99,99,99,99,88,88,0,0,0,1,0
4,40748,1,1,0,1,1,1,1,13,370,31,12,2012,2,19,30,0,14,6,MCDOWELL RD,,0,33.46568056,-111.992125,0,15,0,0,1,1,0,1,3,1,0,1,0,0000000,19,31,19,37,19,47,0,0,0,1,0
4,40749,1,1,0,0,0,2,2,13,370,26,11,2012,2,0,53,0,16,6,39TH AVE,,0,33.68194722,-112.1433333,0,1,0,0,1,1,0,4,3,1,0,1,0,0000000,0,50,0,56,1,16,0,0,0,1,1
4,40750,1,1,0,0,0,1,1,999,9999,31,10,2012,4,99,99,0,99,9,UNKNOWN RD,,0,99.99990000,999.99990000,9,34,0,0,99,9,0,6,9,99,0,99,0,0000000,99,99,99,99,99,99,0,0,0,1,0
4,40751,1,1,0,2,2,1,1,1,0,21,5,2012,2,5,22,0,4,8,BIA 12,,0,99.99990000,999.99990000,3,8,0,0,1,1,0,1,3,1,0,1,0,0000000,5,14,5,40,88,88,23,0,0,1,0
4,40752,1,1,0,0,0,2,2,1,0,2,9,2012,1,99,99,0,5,8,BIA 112,,0,99.99990000,999.99990000,3,5,0,0,99,9,0,99,9,99,0,99,0,0000000,99,99,99,99,88,88,0,0,0,1,0
4,40753,1,1,0,0,0,2,2,17,0,7,2,2012,3,99,99,0,9,9,UNKNOWN RD,,0,99.99990000,999.99990000,3,5,0,0,1,1,0,1,9,99,0,99,0,0000000,99,99,99,99,88,88,0,0,0,1,0
4,40754,1,1,0,1,1,1,1,1,0,8,12,2012,7,99,99,0,6,9,NAVAJO ROUTE 64,,0,99.99990000,999.99990000,3,8,0,0,99,9,0,99,9,99,0,99,0,0000000,99,98,99,98,88,88,0,0,0,1,0
5,50001,1,1,0,0,0,1,1,29,0,1,1,2012,1,0,30,0,3,3,SR-9-08,,121,35.27313056,-92.62520278,0,42,0,0,1,1,0,5,2,1,0,1,0,0000000,0,38,0,51,88,88,0,0,0,1,0
5,50002,1,1,0,1,1,1,1,51,0,2,1,2012,2,16,35,1,2,2,US-270-05,,135,34.50727222,-93.18355,0,8,0,0,1,1,0,1,1,1,0,1,0,0000000,16,43,16,58,99,99,0,0,0,1,0
5,50003,1,1,0,0,0,2,2,29,0,3,1,2012,3,0,17,0,3,3,SR-9-08,,54,35.21583056,-92.69947222,0,31,0,0,1,1,0,4,2,1,0,1,0,0000000,0,21,0,27,99,99,0,0,0,1,1
5,50004,2,2,0,0,0,2,2,53,2260,3,1,2012,3,15,45,0,4,3,SR-46-02,,72,34.20602778,-92.55082222,0,12,8,0,1,1,0,1,1,1,0,1,0,0000000,88,88,88,88,88,88,0,0,0,1,0
5,50005,2,2,0,0,0,2,2,81,0,4,1,2012,4,11,45,0,4,3,SR-32-03,,79,33.68003889,-94.00741111,0,12,6,0,1,1,0,1,1,1,0,1,0,0000000,88,88,88,88,88,88,0,0,0,1,0
5,50006,1,1,0,0,0,1,1,15,0,5,1,2012,5,14,38,0,3,3,SR-221-01,,20,36.41828611,-93.55875,0,42,0,0,1,1,0,4,1,1,0,1,0,0000000,88,88,88,88,88,88,0,0,0,1,0
5,50007,1,1,0,0,0,1,1,107,0,5,1,2012,5,18,5,0,4,3,SR-44-03,SR-242,0,34.49278333,-90.66316667,0,24,0,0,3,3,0,4,2,1,0,1,0,0000000,18,28,18,43,99,99,0,0,0,1,0
5,50008,1,1,0,0,0,3,3,33,0,6,1,2012,6,7,0,0,9,3,SR-162-01,MAYS BRANCH,43,35.43498333,-94.26693611,0,21,0,0,3,3,0,4,1,1,0,1,0,0000000,7,22,7,31,99,99,0,0,0,1,0
5,50009,2,2,0,0,0,4,4,63,2335,7,1,2012,7,18,53,0,3,3,SR-25 HEBERS SPRING ROAD,SR-14 MOUNTAIN VIEW,40,35.71838611,-91.74382778,0,12,6,0,2,3,0,1,2,1,0,1,0,0000000,18,53,19,2,99,99,0,0,0,1,0
5,50010,2,2,0,0,0,2,2,135,0,8,1,2012,1,18,30,1,2,2,US-167-19,CORINTH ROAD,208,36.20761389,-91.61153611,0,12,6,0,2,3,0,1,2,2,0,2,0,0000000,88,88,88,88,88,88,0,0,0,1,0
5,50011,3,3,0,0,0,7,7,9,342,11,1,2012,4,7,21,0,9,3,SR-7,LEROY LANE,91,36.30908889,-93.01709444,0,12,1,0,3,3,0,1,1,1,0,1,0,0000000,7,27,7,37,99,99,0,0,0,1,0
5,50012,1,1,0,0,0,1,1,59,0,11,1,2012,4,19,5,1,1,1,I-30-21,,855,34.26834167,-92.97335833,0,1,0,0,1,1,0,4,2,1,0,1,0,0000000,88,88,88,88,88,88,0,0,0,1,0
5,50013,1,1,0,0,0,1,1,119,2320,11,1,2012,4,21,11,0,16,6,MARYLAND AVENUE,ABIGAIL STREET,0,34.74338611,-92.32141389,0,42,0,0,3,2,0,5,3,1,0,1,0,0000000,21,12,21,16,99,99,20,0,0,1,0
5,50014,1,1,0,0,0,1,1,55,0,12,1,2012,5,15,5,0,9,3,SR-304-02,,15,36.232975,-90.793575,0,42,0,0,1,1,0,5,1,1,0,1,0,0000000,15,27,15,50,88,88,0,0,0,1,0
5,50015,1,1,0,0,0,1,1,49,3500,12,1,2012,5,16,56,0,6,6,ROSS LANE,LOCUST STREET,0,36.37027222,-91.82475556,0,31,0,0,3,3,0,4,1,10,0,10,0,0000000,16,46,16,59,99,99,0,0,0,1,0
5,50016,2,2,0,0,0,4,4,45,0,16,1,2012,2,21,50,0,9,3,SR-36-01,,212,35.28708611,-92.12630833,0,12,2,0,1,1,0,1,2,10,0,10,0,0000000,21,51,22,36,99,99,0,0,0,1,0
5,50017,1,1,0,0,0,1,1,71,9997,20,1,2012,6,17,29,0,9,4,CR-4400,,99998,35.55888611,-93.43747778,0,42,0,0,1,1,0,4,1,1,0,1,0,0000000,88,88,88,88,88,88,0,0,0,1,1
5,50018,2,2,0,0,0,3,3,119,2320,23,1,2012,2,14,40,0,13,3,SR-5 COLONEL GLENN ROAD,36TH STREET,0,34.71799722,-92.35243889,0,12,6,0,2,3,0,1,1,1,0,1,0,0000000,14,42,14,48,99,99,0,0,0,1,0
5,50019,1,1,0,0,0,1,1,117,0,24,1,2012,3,14,30,0,9,3,SR-33-05,,14,34.68261667,-91.454825,0,35,0,0,1,1,0,4,1,1,0,1,0,0000000,14,30,14,35,88,88,0,0,0,1,0
5,50020,5,5,0,0,0,8,8,119,2320,24,1,2012,3,15,5,0,13,2,US-67 S UNIVERSITY AVENUE,,99998,34.6776,-92.35531389,0,12,7,1,18,1,0,1,1,1,0,1,1,0000000,15,9,15,15,99,99,0,0,0,2,1
5,50021,1,1,0,0,0,2,2,71,800,26,1,2012,5,1,33,1,11,1,I-40-21,,579,35.45788333,-93.48075833,0,42,0,0,1,1,0,5,2,2,0,2,0,0000000,1,58,2,4,99,99,0,0,0,1,1
5,50022,2,2,0,0,0,3,3,119,3570,26,1,2012,5,16,42,0,13,3,SR-107-10,JOHNSON AVENUE,59,34.85120556,-92.22676111,0,12,6,0,2,3,0,1,1,2,0,2,0,0000000,16,42,16,44,99,99,0,0,0,1,0
5,50023,1,1,0,0,0,1,1,9,0,27,1,2012,6,10,50,0,9,3,SR-14-01,,146,36.43891944,-93.03729167,0,42,0,0,1,1,0,4,1,1,0,1,0,0000000,88,88,88,88,88,88,0,0,0,1,1
5,50024,1,1,0,0,0,1,1,131,1370,27,1,2012,6,17,7,0,9,3,SR-22-01 ROGERS AVENUE,,18,35.37282778,-94.39332778,0,33,0,0,1,1,0,4,1,1,0,1,0,0000000,17,6,17,15,99,99,0,0,0,1,1
5,50025,2,2,0,0,0,6,6,53,0,27,1,2012,6,20,36,0,9,4,CR-GRANT 7,,0,34.24148056,-92.46110278,0,12,7,0,1,1,0,1,2,1,0,1,0,0000000,21,6,21,25,88,88,0,0,0,1,1
5,50026,2,2,0,1,1,1,1,29,0,28,1,2012,7,6,37,0,3,3,SR-9-08,,150,35.30606111,-92.60294722,0,12,8,0,1,1,0,1,4,1,0,1,0,0000000,88,88,88,88,88,88,15,23,0,1,0
5,50027,1,1,0,0,0,1,1,45,0,28,1,2012,7,18,10,0,9,4,CR-ACKLIN GAP ROAD,,70,35.13230278,-92.32971667,0,42,0,0,1,1,0,4,2,1,0,1,0,0000000,18,16,18,31,99,99,0,0,0,1,0
5,50028,1,1,0,1,1,1,1,69,80,28,1,2012,7,18,51,1,2,2,US-79-10,CANTRELL ROAD,14,34.32973611,-91.85423611,0,8,0,0,2,3,0,1,2,1,0,1,0,0000000,18,51,19,20,99,99,0,0,0,1,1
5,50029,1,1,0,0,0,4,4,17,0,29,1,2012,1,14,48,1,1,2,US-65-20,,33,33.51810833,-91.36658889,0,25,0,0,1,1,0,3,1,1,0,1,0,0000000,14,53,15,1,99,99,0,0,0,2,0
5,50030,1,1,0,1,1,1,1,51,1907,29,1,2012,1,21,41,0,16,6,GOLF LINKS ROAD,,0,34.47790833,-93.05885833,0,8,0,0,1,1,0,1,5,1,0,1,0,0000000,21,45,21,48,99,99,0,0,0,1,0
5,50031,2,2,0,0,0,2,2,143,1310,31,1,2012,3,18,6,1,11,1,I-540-04,,639,36.07423333,-94.20241944,0,12,6,1,18,1,0,1,5,1,0,1,0,0000000,18,6,18,8,99,99,0,0,0,1,0
5,50032,2,2,0,0,0,2,2,119,0,17,1,2012,3,17,54,0,6,4,CR-46TH STREET,FREDA ROAD,0,34.79553611,-92.18655833,0,12,6,0,2,3,0,1,2,1,0,1,0,0000000,17,57,18,4,99,99,0,0,0,1,2
5,50033,1,1,0,0,0,1,1,3,0,4,2,2012,7,4,50,0,9,3,SR-160-11,,11,33.270725,-91.58808889,0,1,0,0,1,1,0,1,2,2,0,2,0,0000000,88,88,88,88,88,88,0,0,0,1,1
5,50034,1,1,0,0,0,1,1,75,0,5,2,2012,1,10,45,0,4,3,SR-117-01,,14,35.98125278,-91.33504167,0,52,0,0,1,1,0,4,1,1,0,1,0,0000000,10,46,11,50,88,88,0,0,0,1,0
5,50035,2,2,0,0,0,8,8,149,743,5,2,2012,1,15,43,0,2,3,SR-7,,64,35.10698056,-93.16918889,0,12,2,0,1,1,0,1,1,1,0,1,0,0000000,16,5,16,40,99,99,0,0,0,5,0
5,50036,2,2,0,0,0,2,2,125,330,6,2,2012,2,12,58,0,6,4,CR-CONGO RD,,0,34.61118333,-92.56983889,0,12,2,0,1,1,0,1,1,1,0,1,0,0000000,13,2,13,8,99,99,0,0,0,1,0
5,50037,1,1,0,0,0,1,1,59,0,9,2,2012,5,5,49,0,2,2,US-270,US-67,44,34.36503889,-92.766475,0,1,0,0,3,2,0,1,6,1,0,1,0,0000000,88,88,88,88,88,88,0,0,0,1,0
5,50038,2,2,0,0,0,2,2,119,2320,10,2,2012,6,10,40,0,16,6,MARKHAM STREET,,0,34.75229444,-92.34261944,0,12,6,0,4,1,0,1,1,2,0,2,0,0000000,10,53,10,58,99,99,0,0,0,1,0
5,50039,1,1,0,0,0,2,2,139,0,12,2,2012,1,13,45,1,2,3,SR-167,,59,33.08810556,-92.68035556,0,1,0,0,1,1,0,4,1,1,0,1,0,0000000,13,58,14,5,99,99,0,0,0,2,0
5,50040,1,1,0,0,0,1,1,31,0,13,2,2012,2,13,7,1,2,3,SR-63-06,CR-355,76,35.87671944,-90.78341389,0,42,0,0,1,1,0,5,1,4,0,4,0,0000000,99,99,99,99,88,88,0,0,0,1,0
5,50041,2,2,0,0,0,3,3,29,9999,13,2,2012,2,13,20,0,3,3,SR-9-08,GRANDVIEW RD,149,35.30578333,-92.60509167,0,12,6,0,1,1,0,1,1,2,0,2,0,0000000,13,22,13,26,99,99,0,0,0,2,0
5,50042,2,2,0,0,0,3,3,97,0,14,2,2012,3,7,28,0,4,3,SR-88-03,,5,34.63499722,-93.73593611,0,12,6,0,1,1,0,1,1,5,0,5,0,0000000,7,36,7,57,99,99,0,0,0,2,0
5,50043,2,2,0,0,0,5,5,143,3250,14,2,2012,3,16,18,0,3,2,US-62-01,,134,35.98583333,-94.29914167,0,12,1,0,1,1,0,1,1,1,0,1,0,0000000,16,19,16,22,99,99,0,0,0,1,0
5,50044,2,2,0,0,0,4,4,35,2550,15,2,2012,4,21,33,1,1,3,SR-55-11,,1160,35.14360278,-90.11683056,0,12,2,0,1,1,0,1,2,2,0,2,0,0000000,9,55,10,13,99,99,0,0,0,2,0
5,50045,1,1,0,1,1,1,1,119,2320,16,2,2012,5,18,32,1,11,1,I-630-21,,31,34.74491667,-92.316475,0,8,0,1,5,1,0,1,2,1,0,1,0,0000000,18,33,18,35,99,99,0,0,0,1,0
5,50046,2,2,0,0,0,5,5,91,0,17,2,2012,6,6,20,1,2,3,SR-82-01,,193,33.409525,-93.74566389,0,12,6,0,1,1,0,1,2,1,0,1,0,0000000,6,32,6,43,99,99,0,0,0,1,0
5,50047,1,1,0,0,0,1,1,65,2763,17,2,2012,6,6,56,0,3,3,SR-69-01,,79,35.98844444,-91.78542222,0,35,0,0,1,1,0,4,2,10,0,10,0,0000000,99,99,99,99,88,88,0,0,0,1,0
5,50048,1,1,0,0,0,3,3,139,0,18,2,2012,7,14,0,0,4,3,SR-275-02,,870,33.25198056,-92.36995,0,42,0,0,1,1,0,5,1,1,0,1,0,0000000,14,2,14,33,99,99,0,0,0,1,0
5,50049,2,2,0,0,0,2,2,145,290,18,2,2012,7,17,50,1,2,3,SR-67-12,,41,35.0825,-91.89596944,0,12,1,0,1,1,0,1,2,1,0,1,0,0000000,17,52,17,57,99,99,0,0,0,1,0
5,50050,1,1,0,0,0,3,3,119,2320,18,2,2012,7,20,31,0,13,3,SR-365-11,,86,34.85446944,-92.34348056,0,32,0,0,1,1,0,5,6,1,0,1,0,0000000,20,31,20,42,99,99,0,0,0,1,1
5,50051,3,3,0,1,1,4,4,119,2320,18,2,2012,7,23,24,1,11,1,I-630-21,,10,34.74110556,-92.28189722,0,8,0,0,1,1,0,1,3,1,0,1,0,0000000,88,88,88,88,88,88,0,0,0,1,0
5,50052,1,1,0,0,0,1,1,99,0,20,2,2012,2,9,20,0,3,3,SR-278-07,,194,33.57443611,-93.18258889,0,1,0,0,1,1,0,2,1,1,0,1,0,0000000,9,26,9,50,99,99,0,0,0,1,0
5,50053,2,2,0,0,0,2,2,143,9997,20,2,2012,2,17,40,1,2,3,SR-412-02,CR-93,170,36.16533056,-94.04543889,0,12,6,0,2,2,0,1,1,1,0,1,0,0000000,88,88,88,88,88,88,0,0,0,1,0
5,50054,2,2,0,0,0,2,2,133,1060,21,2,2012,3,13,35,0,14,3,SR-41-01,STILLWELL AVE.,0,34.03731944,-94.32997222,0,12,6,0,2,2,0,1,1,1,0,1,0,0000000,88,88,88,88,88,88,0,0,0,1,0
5,50055,2,2,0,0,0,2,2,27,1230,21,2,2012,3,18,40,0,2,3,SR-79-01,,53,33.03310833,-93.15868056,0,12,8,0,1,1,0,1,2,1,0,1,0,0000000,18,46,19,1,88,88,0,0,0,1,1
5,50056,1,1,0,1,1,1,1,51,1907,22,2,2012,4,18,29,0,13,3,SR-7-09,RAVINE,118,34.52463056,-93.053225,0,8,0,0,3,3,0,1,6,1,0,1,0,0000000,18,49,18,57,99,99,0,0,0,1,1
5,50057,1,1,0,1,1,2,2,35,0,22,2,2012,4,21,15,1,11,1,I-40-52,,2832,35.15315833,-90.09246389,0,8,0,0,1,1,0,1,3,1,0,1,0,0000000,88,88,88,88,88,88,0,0,0,1,0
5,50058,1,1,0,0,0,1,1,119,9997,25,2,2012,7,2,56,1,1,1,I-40-33,,1388,34.92886667,-92.41088611,0,35,0,0,1,1,0,4,2,1,0,1,0,0000000,88,88,88,88,88,88,0,0,0,1,1
5,50059,1,1,0,0,0,3,3,21,0,25,2,2012,7,4,41,0,2,3,SR-135-06,US-62,100,36.39949444,-90.51593333,0,31,0,0,3,4,0,4,2,1,0,1,0,0000000,4,53,5,29,99,99,0,0,0,1,1
5,50060,2,2,0,0,0,2,2,91,0,25,2,2012,7,6,58,1,2,3,SR-71-01,,17,33.044225,-93.89552778,0,12,2,0,1,1,0,1,1,1,0,1,0,0000000,88,88,88,88,88,88,0,0,0,1,1
5,50061,1,1,0,1,1,1,1,125,0,26,2,2012,1,0,25,0,6,4,CR-ATWOOD RD,,0,34.61175556,-92.34925278,0,9,0,0,1,1,0,1,6,1,0,1,0,0000000,0,30,0,46,88,88,0,0,0,1,1
5,50062,2,2,0,0,0,2,2,145,0,28,2,2012,3,13,50,0,4,3,SR-31-04,,53,35.09956389,-91.88307222,0,12,2,0,1,1,0,1,1,1,0,1,0,0000000,88,88,88,88,88,88,0,0,0,1,0
5,50063,2,2,0,0,0,3,3,85,0,29,2,2012,4,9,20,0,13,3,SR-89-01,,123,34.898125,-91.99608056,0,12,98,0,8,1,0,1,1,10,0,10,0,0000000,9,23,9,37,99,99,0,0,0,1,0
5,50064,1,1,0,0,0,1,1,85,600,21,1,2012,7,4,25,0,6,4,CR-S. ROCKWOOD,,0,34.97411111,-92.03975833,0,24,0,0,1,1,0,4,2,1,0,1,0,0000000,5,33,5,38,99,99,0,0,0,1,1
5,50065,2,2,0,0,0,2,2,55,3030,1,3,2012,5,17,7,1,13,2,US-49-02,MUELLER STREET,173,36.04876389,-90.50702222,0,12,6,0,2,2,0,1,1,1,0,1,0,0000000,17,7,17,9,99,99,0,0,0,1,0
5,50066,1,1,0,0,0,1,1,41,0,1,3,2012,5,22,15,0,4,3,SR-54-02,,31,33.89383056,-91.53051389,0,32,0,0,1,1,0,4,2,1,0,1,0,0000000,22,26,22,27,99,99,0,0,0,1,0
5,50067,1,1,0,0,0,1,1,23,0,1,3,2012,5,22,45,0,4,3,SR-25-02,BEDDIT LANE,122,35.45927778,-92.05949722,0,1,0,0,2,3,0,4,2,1,0,1,0,0000000,22,48,22,56,99,99,0,0,0,1,1
5,50068,1,1,0,0,0,1,1,5,0,2,3,2012,6,2,38,0,4,3,SR-342-01,OAK SUMMIT DRIVE,2,36.28974722,-92.30271389,0,35,0,0,1,1,0,4,2,1,0,1,0,0000000,88,88,88,88,88,88,0,0,0,1,1
5,50069,1,1,0,0,0,3,3,35,910,3,3,2012,7,0,30,0,9,4,CR-BING STORE ROAD,SR-306 BUCKLAKE ROAD,99998,35.20686944,-90.39912778,0,1,0,0,2,2,0,4,2,1,0,1,0,0000000,0,53,1,9,99,99,0,0,0,1,1