STATE,ST_CASE,VE_TOTAL,VE_FORMS,PVH_INVL,PEDS,PERNOTMVIT,PERMVIT,PERSONS,COUNTY,CITY,DAY,MONTH,YEAR,DAY_WEEK,HOUR,MINUTE,NHS,ROAD_FNC,ROUTE,TWAY_ID,TWAY_ID2,MILEPT,LATITUDE,LONGITUD,SP_JUR,HARM_EV,MAN_COLL,RELJCT1,RELJCT2,TYP_INT,WRK_ZONE,REL_ROAD,LGT_COND,WEATHER1,WEATHER2,WEATHER,SCH_BUS,RAIL,NOT_HOUR,NOT_MIN,ARR_HOUR,ARR_MIN,HOSP_HR,HOSP_MN,CF1,CF2,CF3,FATALS,DRUNK_DR
5,50070,1,1,0,0,0,1,1,63,250,3,3,2012,7,1,43,0,13,3,SR-69-03,,17,35.76505833,-91.61356944,0,59,0,0,1,1,0,2,3,1,0,1,0,0000000,1,43,1,50,88,88,0,0,0,1,1
5,50071,1,1,0,0,0,3,3,33,2799,4,3,2012,1,17,15,0,3,3,SR-59-05,,56,35.68458333,-94.46228333,0,42,0,0,1,1,0,4,1,1,0,1,0,0000000,17,20,17,42,99,99,0,0,0,1,1
5,50072,1,1,0,0,0,1,1,23,0,5,3,2012,2,16,18,0,9,4,CR-FOXCHASE ROAD,,0,35.58472222,-92.12738333,0,1,0,0,1,1,0,1,1,1,0,1,0,0000000,16,26,16,40,99,99,0,0,0,1,0
5,50073,1,1,0,1,1,1,1,5,0,5,3,2012,2,20,2,0,4,3,SR-201-00,,83,36.28842778,-92.38973611,0,8,0,0,1,1,0,1,2,1,0,1,0,0000000,19,53,20,1,99,99,0,0,0,1,0
5,50074,1,1,0,0,0,2,2,115,3450,5,3,2012,2,23,40,1,1,1,I-40-22,,803,35.30921111,-93.15086111,0,3,0,0,1,1,0,5,2,1,0,1,0,0000000,88,88,88,88,88,88,0,0,0,1,0
5,50075,1,1,0,0,0,5,5,31,2070,6,3,2012,3,1,0,1,2,2,US-63-07,,63,35.78075278,-90.594625,0,35,0,0,1,1,0,3,2,1,0,1,0,0000000,1,15,1,33,99,99,0,0,0,3,1
5,50076,2,2,0,0,0,3,3,115,3230,7,3,2012,4,6,45,1,3,3,SR-247-00,,29,35.22350833,-93.095675,0,12,6,0,1,1,4,1,4,1,0,1,0,0000000,6,45,6,54,99,99,0,0,0,1,0
5,50077,1,1,0,0,0,2,2,119,0,8,3,2012,5,11,45,0,9,4,CR-689 PETERS ROAD,,99998,34.95437778,-92.09873056,0,30,0,0,1,1,0,4,1,2,6,2,0,0000000,11,47,11,55,99,99,0,0,0,1,0
5,50078,2,2,0,1,1,2,2,93,450,9,3,2012,6,8,22,0,4,2,US-61-03,,185,35.95045278,-89.91008333,0,12,1,0,8,1,0,1,1,1,0,1,0,0000000,8,25,8,30,99,99,0,0,0,1,0
5,50079,3,3,0,0,0,6,6,45,860,9,3,2012,6,17,50,1,11,1,I-40-32,,1297,35.05134722,-92.41460278,0,12,1,0,1,1,4,1,1,1,0,1,0,0000000,17,54,18,2,99,99,0,0,0,1,1
5,50080,1,1,0,0,0,1,1,59,0,10,3,2012,7,8,28,0,4,2,US-67,,59,34.40560556,-92.74088611,0,23,0,0,1,1,0,4,1,1,0,1,0,0000000,88,88,88,88,88,88,0,0,0,1,1
5,50081,1,1,0,0,0,2,2,33,0,10,3,2012,7,11,55,0,3,2,US-71-15,,53,35.56343611,-94.22024444,0,1,0,0,1,1,0,1,1,1,0,1,0,0000000,11,57,12,4,99,99,0,0,0,1,1
5,50082,1,1,0,0,0,1,1,125,0,11,3,2012,1,1,34,0,4,3,SR-5-07,,83,34.61161111,-92.69691389,0,53,0,0,1,1,0,4,2,2,0,2,0,0000000,1,37,1,53,88,88,0,0,0,1,1
5,50083,2,2,0,0,0,6,6,113,0,11,3,2012,1,15,54,0,3,3,SR-8-01,,43,34.54180556,-94.17734167,0,12,6,0,1,1,0,1,1,2,0,2,0,0000000,15,57,16,5,99,99,0,0,0,2,0
5,50084,2,2,0,0,0,7,7,99,0,11,3,2012,1,20,12,0,3,2,US-371-05,,187,33.57313056,-93.27563889,0,12,2,0,1,1,0,1,2,2,0,2,0,0000000,20,12,20,26,99,99,0,0,0,1,1
5,50086,2,2,0,0,0,2,2,45,3676,12,3,2012,2,17,0,1,2,2,US-65-09,BRANNON ROAD,127,35.19215833,-92.39177222,0,12,6,0,2,2,0,1,1,1,0,1,0,0000000,17,10,17,37,99,99,0,0,0,1,0
5,50087,2,2,0,0,0,2,2,119,2320,11,3,2012,1,20,45,0,16,6,MABLEVALE PIKE,33RD STREET,0,34.718675,-92.33349444,0,12,6,0,2,2,0,1,3,2,0,2,0,0000000,20,46,20,51,99,99,0,0,0,1,1
5,50088,2,1,1,1,1,2,2,7,0,15,3,2012,5,13,7,1,2,2,US-412-01,,120,36.17695,-94.35302222,0,14,0,0,1,1,0,2,1,1,0,1,0,0000000,13,8,13,15,99,99,0,0,0,1,0
5,50089,1,1,0,0,0,1,1,61,0,16,3,2012,6,19,15,0,3,3,SR-27-02,,99,77.77770000,777.77770000,0,1,0,0,1,1,0,4,1,1,0,1,0,0000000,88,88,88,88,88,88,0,0,0,1,0
5,50090,1,1,0,0,0,2,2,115,0,19,3,2012,2,11,33,0,9,4,CR-CROW MOUNTAIN ROAD,,0,77.77770000,777.77770000,0,32,0,0,1,1,0,4,1,1,0,1,0,0000000,11,33,11,42,99,99,0,0,0,1,0
5,50091,1,1,0,0,0,1,1,5,2850,20,3,2012,3,10,20,0,3,3,SR-5-18,,53,36.20667778,-92.27058056,0,1,0,0,1,1,0,4,1,1,0,1,0,0000000,10,20,10,40,99,99,0,0,0,1,0
5,50092,2,2,0,0,0,2,2,9,0,30,3,2012,6,11,45,0,6,4,CR-DENVER RD,,0,36.37478889,-93.25436111,0,12,2,0,1,1,0,1,1,1,0,1,0,0000000,11,49,12,6,99,99,0,0,0,1,1
5,50093,2,2,0,0,0,5,5,119,2320,20,3,2012,3,16,50,0,16,6,COCHRANE STREET,,0,34.65212222,-92.38416111,0,12,2,0,1,1,0,1,1,2,0,2,0,0000000,15,51,16,3,99,99,0,0,0,1,0
5,50094,2,2,0,0,0,4,4,139,0,23,3,2012,6,16,8,1,2,2,US-82-05,,135,33.20838056,-92.74934722,0,12,2,0,1,1,0,2,1,1,0,1,0,0000000,16,11,16,20,99,99,0,0,0,1,0
5,50095,2,2,0,0,0,2,2,27,0,24,3,2012,7,7,10,1,2,2,US-82-03,,7,33.35258611,-93.39779167,0,12,2,0,1,1,0,1,4,10,0,10,0,0000000,7,14,7,26,99,99,0,0,0,1,1
5,50096,1,1,0,0,0,1,1,63,0,24,3,2012,7,16,51,1,2,2,US-167-17,,154,35.73964167,-91.63863889,0,58,0,0,1,1,0,4,1,1,0,1,0,0000000,16,51,16,53,99,99,0,0,0,1,1
5,50097,1,1,0,2,2,1,1,17,0,25,3,2012,1,1,25,1,2,2,US-82-11,,12,33.27048889,-91.23197778,0,8,0,0,1,1,1,1,2,1,0,1,0,0000000,88,88,88,88,88,88,3,0,0,2,0
5,50098,1,1,0,1,1,1,1,143,1310,25,3,2012,1,20,5,1,11,1,I-540-04,,659,36.10530833,-94.18051389,0,8,0,1,18,1,0,1,2,10,0,10,0,0000000,88,88,88,88,88,88,0,0,0,1,0
5,50099,1,1,0,0,0,1,1,9,0,27,3,2012,3,15,50,0,4,3,SR-14-01,,114,36.45683611,-93.07907222,0,43,0,0,1,1,0,4,1,1,0,1,0,0000000,15,51,16,6,99,99,0,0,0,1,0
5,50100,1,1,0,1,1,7,7,37,4260,28,3,2012,4,17,59,0,16,6,ADA STREET,,0,35.20781944,-90.79232222,0,9,0,0,8,1,0,1,1,1,0,1,0,0000000,18,2,18,6,99,99,0,0,0,1,0
5,50101,2,2,0,0,0,2,2,145,290,29,3,2012,5,10,44,0,4,3,SR-367-15,NORTH APPLE STREET,48,35.08113056,-91.87282778,0,12,6,0,2,2,0,1,1,1,0,1,0,0000000,88,88,88,88,88,88,0,0,0,1,0
5,50102,2,2,0,0,0,2,2,137,2750,30,3,2012,6,9,40,0,4,3,SR-9-11,,179,35.86723056,-92.1179,0,12,1,0,1,1,0,1,1,1,0,1,0,0000000,9,40,9,45,99,99,0,0,0,1,0
5,50103,2,2,0,0,0,5,5,95,0,30,3,2012,6,14,48,0,4,2,US-70-17,,34,34.83853333,-91.30635278,0,12,6,0,1,1,0,1,1,1,0,1,0,0000000,14,51,15,18,99,99,0,0,0,2,1
5,50104,1,1,0,0,0,1,1,51,0,31,3,2012,7,13,37,0,4,3,SR-227-01,,42,34.55132222,-93.15556389,0,42,0,0,1,1,0,4,1,1,0,1,0,0000000,88,88,88,88,88,88,0,0,0,1,0
5,50105,1,1,0,0,0,1,1,27,2490,31,3,2012,7,1,42,0,16,6,CALHOUN ROAD,,0,33.25644444,-93.23298056,0,31,0,0,1,1,0,4,2,1,0,1,0,0000000,1,46,1,51,99,99,0,0,0,1,1
5,50106,1,1,0,0,0,3,3,31,2070,31,3,2012,7,21,50,1,12,2,US-63-06,,149,35.80730556,-90.70506389,0,1,0,0,1,1,0,3,3,1,0,1,0,0000000,21,53,21,55,99,99,0,0,0,2,0
5,50107,4,4,0,0,0,9,9,7,340,3,4,2012,3,14,54,1,1,3,SR-71-19,,59,36.41907778,-94.22258333,0,12,1,0,1,1,0,1,1,1,0,1,0,0000000,14,54,15,0,99,99,0,0,0,1,0
5,50108,1,1,0,0,0,1,1,149,0,4,4,2012,4,12,57,0,4,3,SR-80-02,,72,34.97136667,-93.678125,0,1,0,0,1,1,0,4,1,1,0,1,0,0000000,88,88,88,88,88,88,0,0,0,1,0
5,50109,2,2,0,0,0,2,2,119,2320,5,4,2012,5,0,17,1,11,1,I-30-23,,1292,34.66109722,-92.40353611,0,12,1,0,1,1,0,1,3,1,0,1,0,0000000,88,88,88,88,88,88,0,0,0,1,1
5,50110,3,3,0,0,0,3,3,1,0,5,4,2012,5,5,35,0,2,3,SR-165-06,,90,34.52695278,-91.5398,0,12,6,0,1,1,0,1,2,1,0,1,0,0000000,5,37,5,44,99,99,0,0,0,1,0
5,50111,1,1,0,0,0,1,1,139,0,5,4,2012,5,8,5,0,6,4,CR-MORNING STAR RD.,,0,33.23668611,-92.67618889,0,42,0,0,1,1,0,4,1,1,0,1,0,0000000,8,10,8,16,99,99,0,0,0,1,0
5,50112,3,3,0,0,0,7,7,35,0,6,4,2012,6,7,20,1,11,1,I-40-52,,2727,35.14958056,-90.261025,0,12,6,0,1,1,0,1,1,1,0,1,0,0000000,8,0,8,20,99,99,14,0,0,2,0
5,50113,1,1,0,0,0,1,1,45,0,6,4,2012,6,15,0,1,2,2,US-64-09,,171,35.08756389,-92.187625,0,1,0,0,1,1,0,2,1,1,0,1,0,0000000,88,88,88,88,88,88,0,0,0,1,1
5,50114,1,1,0,0,0,1,1,51,1907,7,4,2012,7,1,36,0,16,5,LAKESHORE DR.,LAKESHORE TER.,0,34.46877778,-93.09403056,0,32,0,0,1,1,0,5,2,1,0,1,0,0000000,1,36,1,42,99,99,0,0,0,1,1
5,50115,1,1,0,0,0,1,1,85,0,7,4,2012,7,5,2,0,4,3,SR-367-14,,65,35.00579444,-91.97487222,0,24,0,0,1,1,0,4,2,1,0,1,0,0000000,5,2,5,7,99,99,0,0,0,1,0
5,50116,1,1,0,1,1,1,1,143,3670,7,4,2012,7,5,8,0,14,3,SR-264-01,,16,36.224275,-94.10963333,0,8,0,0,1,1,0,1,2,1,0,1,0,0000000,5,10,5,18,99,99,0,0,0,1,0
5,50117,1,1,0,1,1,4,4,55,0,8,4,2012,1,14,51,0,4,3,SR-358-01,,42,36.01668889,-90.58863611,0,8,0,0,1,1,0,1,1,1,0,1,0,0000000,14,59,16,13,99,99,0,0,0,1,0
5,50118,1,1,0,0,0,1,1,109,0,8,4,2012,1,16,35,0,3,3,SR-19-06,,23,33.988525,-93.457175,0,42,0,0,1,1,0,4,1,2,0,2,0,0000000,16,38,16,48,99,99,0,0,0,1,1
5,50119,1,1,0,0,0,2,2,15,0,13,4,2012,6,16,57,1,2,2,US-412-05,,151,36.205,-93.35597778,0,1,0,0,1,1,0,4,1,1,0,1,0,0000000,16,44,16,57,99,99,0,0,0,1,0
5,50120,1,1,0,0,0,1,1,91,3810,14,4,2012,7,5,55,1,2,3,SR-82-01,,30,33.43,-93.9768,0,1,0,0,1,1,0,4,1,1,0,1,0,0000000,5,57,6,3,88,88,0,0,0,1,1
5,50121,1,1,0,0,0,1,1,145,0,15,4,2012,1,1,10,0,4,4,CR-HONEYSUCKLE RD.,,0,35.37683056,-91.6082,0,1,0,0,1,1,0,5,2,1,0,1,0,0000000,1,19,1,38,99,99,0,0,0,1,0
5,50122,1,1,0,0,0,1,1,145,0,15,4,2012,1,13,23,1,2,2,US-67-12,,52,35.09292778,-91.88042778,0,42,0,0,1,1,0,4,1,1,0,1,0,0000000,88,88,88,88,88,88,0,0,0,1,0
5,50123,1,1,0,0,0,1,1,31,0,16,4,2012,2,16,10,1,2,2,US-63-06,,28,35.93838611,-90.81701111,0,43,0,0,1,1,0,4,1,1,0,1,0,0000000,16,16,16,29,99,99,0,0,0,1,0
5,50124,2,2,0,0,0,3,3,45,0,18,4,2012,4,23,10,1,2,3,SR-65-09,,55,35.29059444,-92.39957222,0,12,2,0,1,1,0,1,2,1,0,1,0,0000000,23,25,23,48,99,99,0,0,0,1,0
5,50125,2,2,0,0,0,2,2,115,1130,19,4,2012,5,6,15,0,14,3,SR-7-15,,57,35.35642222,-93.12321944,0,12,2,0,1,1,0,1,1,1,0,1,0,0000000,6,20,6,23,99,99,0,0,0,1,0
5,50126,1,1,0,0,0,1,1,75,0,19,4,2012,5,22,6,0,3,3,SR-25-06,,46,35.95098056,-91.30521389,0,42,0,0,1,1,0,4,2,1,0,1,0,0000000,22,6,22,31,99,99,0,0,0,1,0
5,50127,1,1,0,0,0,1,1,73,0,19,4,2012,5,23,30,0,4,3,SR-53-05,,34,33.06576111,-93.51626111,0,1,0,0,1,1,0,4,2,1,0,1,0,0000000,88,88,88,88,88,88,0,0,0,1,1
5,50128,1,1,0,0,0,1,1,67,2820,20,4,2012,6,1,47,0,14,3,SR-18-01S,,60,35.65254722,-91.14173611,0,1,0,0,1,1,0,4,6,1,0,1,0,0000000,1,53,2,1,88,88,0,0,0,1,1
5,50129,2,2,0,0,0,2,2,51,0,20,4,2012,6,9,20,0,4,3,SR-5-06,,31,34.60051111,-92.93580278,0,12,2,0,1,1,0,1,1,2,0,2,0,0000000,9,21,9,29,99,99,0,0,0,1,0
5,50130,1,1,0,0,0,1,1,31,2070,21,4,2012,7,22,0,0,16,5,HENSON RD.,,0,35.85335,-90.75251389,0,10,0,0,6,1,0,1,1,1,0,1,0,668075W,88,88,88,88,88,88,0,0,0,1,0
5,50131,2,2,0,0,0,2,2,121,0,21,4,2012,7,17,59,0,4,3,SR-166-00,,52,36.19907222,-91.04865556,0,12,2,0,1,1,0,1,1,1,0,1,0,0000000,17,59,18,10,99,99,0,0,0,1,1
5,50132,1,1,0,0,0,2,2,147,9997,22,4,2012,1,3,15,0,4,3,SR-284-00,,2,35.19253333,-91.04700833,0,1,0,0,6,1,0,1,2,1,0,1,0,787508C,3,15,3,35,99,99,0,0,0,1,1
5,50133,1,1,0,0,0,1,1,7,340,22,4,2012,1,17,47,1,11,1,I-540-05,,857,36.35298333,-94.17853889,0,5,0,0,1,1,4,1,1,1,0,1,0,0000000,17,56,17,57,99,99,0,0,0,1,1
5,50134,1,1,0,0,0,1,1,119,2320,23,4,2012,2,0,50,0,16,5,SHACKLEFORD RD.,I-430 SB OFF RAMP,0,34.74874722,-92.39401111,0,25,0,1,3,1,0,3,3,1,0,1,0,0000000,88,88,88,88,88,88,0,0,0,1,1
5,50135,2,2,0,0,0,2,2,85,2350,23,4,2012,2,15,32,1,1,3,SR-40-41,,1748,34.80415,-91.87294722,0,12,1,0,1,1,0,1,1,1,0,1,0,0000000,88,88,88,88,88,88,0,0,0,1,0
5,50136,4,4,0,0,0,4,4,85,2350,23,4,2012,2,17,6,1,1,1,I-40-41,,1734,34.80358889,-91.89491944,0,12,1,0,1,1,0,1,1,1,0,1,0,0000000,17,6,17,20,99,99,0,0,0,1,0
5,50137,2,2,0,0,0,2,2,7,0,25,4,2012,4,16,7,0,4,3,SR-12-03,,135,36.28954722,-93.94908333,0,12,2,0,1,1,0,1,1,1,0,1,0,0000000,15,56,16,14,99,99,0,0,0,1,1
5,50138,1,1,0,0,0,1,1,21,3200,27,4,2012,6,9,40,0,6,4,CR- 320,,0,36.49778889,-90.266425,0,1,0,0,1,1,0,5,1,1,0,1,0,0000000,88,88,88,88,88,88,0,0,0,1,0
5,50139,2,2,0,0,0,3,3,81,0,27,4,2012,6,21,16,0,3,3,SR-41-02,,104,33.81287778,-94.38977778,0,12,2,0,1,1,0,1,2,1,0,1,0,0000000,21,24,21,47,99,99,0,0,0,1,0
5,50140,1,1,0,0,0,4,4,111,0,28,4,2012,7,4,10,0,6,4,CR-OLD MILITARY LANE,,0,35.50345278,-90.71715556,0,1,0,0,1,1,0,1,2,1,0,1,0,0000000,4,10,4,20,99,99,0,0,0,1,1
5,50141,4,4,0,0,0,6,6,149,970,28,4,2012,7,10,51,0,3,3,SR-10-03,,193,35.05401111,-93.39334722,0,12,6,0,1,1,0,1,1,1,0,1,0,0000000,10,52,10,56,99,99,0,0,0,1,0
5,50142,1,1,0,0,0,1,1,19,0,28,4,2012,7,12,56,0,6,4,CR-HELMS RD.,,0,34.07101389,-93.15627222,0,38,0,0,1,1,0,5,1,1,0,1,0,0000000,88,88,88,88,88,88,0,0,0,1,1
5,50143,2,2,0,0,0,2,2,47,3000,28,4,2012,7,20,50,0,3,3,SR-23-07,PUDDIN RIDGE RD,28,35.51603889,-93.86367222,0,12,8,0,2,3,0,1,2,1,0,1,0,0000000,20,47,20,56,99,99,0,0,0,1,1
5,50144,1,1,0,0,0,1,1,23,0,29,4,2012,1,7,35,0,4,3,SR-25-02,,50,35.40615833,-92.16526944,0,1,0,0,1,1,1,4,1,1,0,1,0,0000000,88,88,88,88,88,88,0,0,0,1,0
5,50145,1,1,0,0,0,1,1,149,0,29,4,2012,1,12,20,0,2,3,SR-7-13,,76,35.12504444,-93.16712778,0,34,0,0,1,1,0,5,1,1,0,1,0,0000000,12,21,12,31,99,99,0,0,0,1,0
5,50146,1,1,0,0,0,1,1,129,0,30,4,2012,2,9,30,0,3,3,SR-27-17,,51,35.974375,-92.58981944,0,30,0,0,1,1,0,4,1,1,0,1,0,0000000,10,9,10,50,88,88,0,0,0,1,0
5,50147,2,2,0,0,0,3,3,109,1530,30,4,2012,2,13,15,0,3,3,SR-70-05,ELM STREET,89,34.32456389,-93.55186111,0,12,6,0,2,3,0,1,1,2,0,2,0,0000000,13,46,14,21,99,99,0,0,0,1,0
5,50148,2,2,0,0,0,3,3,19,0,30,4,2012,2,18,12,0,3,3,SR-26-04,,82,34.07473611,-93.35842778,0,12,1,0,1,1,0,1,1,2,0,2,0,0000000,18,12,18,30,99,99,0,0,0,1,0
5,50149,2,2,0,0,0,2,2,135,9997,2,5,2012,4,10,38,1,2,2,US-62-17,ARKANSAS TRAVELER RD.,51,36.31560556,-91.48274444,0,12,2,0,2,3,0,1,1,1,0,1,0,0000000,10,38,10,43,99,99,0,0,0,1,0
5,50150,1,1,0,1,1,1,1,69,3150,4,5,2012,6,2,30,1,2,2,US-65-14B,,46,34.22941667,-92.02174722,0,8,0,0,1,1,0,1,2,1,0,1,0,0000000,88,88,88,88,88,88,0,0,0,1,0
5,50151,1,1,0,0,0,2,2,135,9997,4,5,2012,6,8,6,1,2,2,US-62-17,,29,36.26421389,-91.51829167,0,33,0,0,1,1,0,4,1,1,0,1,0,0000000,8,6,8,10,99,99,0,0,0,1,0
5,50152,1,1,0,0,0,1,1,23,0,4,5,2012,6,20,58,0,6,4,CR-TIGER B RD.,,0,35.65236667,-91.84552778,0,42,0,0,1,1,0,4,2,1,0,1,0,0000000,88,88,88,88,88,88,0,0,0,1,0
5,50153,1,1,0,0,0,2,2,7,0,5,5,2012,7,3,9,0,6,4,CR-8TH AVE,,0,36.44541944,-94.44138611,0,42,0,0,1,1,0,5,2,1,0,1,0,0000000,3,16,3,25,99,99,0,0,0,1,0
5,50154,1,1,0,1,1,1,1,119,2320,5,5,2012,7,2,16,1,11,1,I-630-21,,8,34.739125,-92.27700833,0,8,0,0,1,1,0,1,2,1,0,1,0,0000000,88,88,88,88,88,88,0,0,0,1,0
5,50155,2,2,0,0,0,4,4,53,0,5,5,2012,7,7,5,0,3,3,SR-35-02,,50,34.39703056,-92.48218056,0,12,2,0,1,1,0,1,1,1,0,1,0,0000000,7,1,7,12,99,99,0,0,0,1,0
5,50156,1,1,0,1,1,2,2,71,800,5,5,2012,7,13,16,0,13,2,US-64-05,,2,35.471175,-93.461625,0,8,0,0,1,1,0,1,1,1,0,1,0,0000000,13,16,13,21,99,99,0,0,0,1,0
5,50157,2,2,0,0,0,5,5,51,9997,5,5,2012,7,23,40,0,4,3,SR-5,,74,34.66065,-92.88884444,0,12,6,0,1,1,0,1,2,1,0,1,0,0000000,23,44,23,58,99,99,0,0,0,1,1
5,50158,1,1,0,1,1,2,2,63,0,6,5,2012,1,2,30,1,2,2,US-167-18,,61,35.84015833,-91.58505556,0,8,0,0,1,1,0,1,6,1,0,1,0,0000000,88,88,88,88,88,88,0,0,0,1,0
5,50159,2,2,0,0,0,2,2,131,1370,6,5,2012,1,19,54,0,6,5,GRAND AVE.,NORTH 12TH,0,35.38343611,-94.41964167,0,12,2,0,2,2,0,1,1,1,0,1,0,0000000,19,54,19,59,99,99,0,0,0,1,0
5,50160,2,2,0,0,0,3,3,59,0,12,5,2012,7,10,47,0,3,3,SR-7-08,,50,34.27481667,-93.18386944,0,12,6,0,1,1,0,1,1,2,0,2,0,0000000,10,50,10,56,99,99,0,0,0,1,0
5,50161,1,1,0,0,0,1,1,47,3000,12,5,2012,7,11,57,0,4,3,SR-219-01,,21,35.48985556,-93.84959444,0,58,0,0,1,1,0,3,1,1,0,1,0,0000000,88,88,88,88,88,88,0,0,0,1,0
5,50162,1,1,0,0,0,1,1,31,2070,12,5,2012,7,22,56,0,6,6,LACY DRIVE,,0,35.84128056,-90.7485,0,35,0,0,1,1,0,4,6,1,0,1,0,0000000,23,8,23,13,88,88,0,0,0,1,0
5,50163,3,3,0,0,0,5,5,35,0,14,5,2012,2,17,40,0,3,2,US-64-17,CYPRESS CREEK RD,175,35.20362222,-90.23418333,0,12,2,0,2,3,0,1,1,1,0,1,0,0000000,17,54,18,33,99,99,0,0,0,2,0
5,50164,1,1,0,0,0,2,2,119,2320,15,5,2012,3,19,50,0,13,3,SR-338-01,,59,34.66775833,-92.31560833,0,34,0,0,1,1,0,4,2,1,0,1,0,0000000,20,53,21,4,99,99,0,0,0,1,0
5,50165,3,3,0,0,0,4,4,91,3810,16,5,2012,4,11,35,0,6,5,FERGUSON ST,HAYS ST,0,33.41448889,-94.02585833,0,12,6,0,2,2,0,1,1,1,0,1,0,0000000,11,56,12,6,99,99,0,0,0,1,0
5,50166,2,2,0,0,0,3,3,139,0,16,5,2012,4,12,10,1,2,2,US-167-02,,29,33.28868889,-92.60479167,0,12,2,0,1,1,0,1,1,1,0,1,0,0000000,12,18,12,27,99,99,0,0,0,1,0
5,50167,2,2,0,0,0,2,2,43,4190,16,5,2012,4,12,17,0,3,2,US-278-14,,25,33.62802778,-91.93965278,0,33,0,0,1,1,0,4,1,1,0,1,0,0000000,12,20,12,27,99,99,20,0,0,1,0
5,50168,1,1,0,0,0,1,1,95,0,16,5,2012,4,13,45,1,1,1,I-40-43,,2164,34.90858611,-91.20493611,0,1,0,0,1,1,1,3,1,1,0,1,0,0000000,13,55,14,5,99,99,0,0,0,1,0
5,50169,3,3,0,0,0,4,4,35,4120,16,5,2012,4,17,20,0,13,3,SR-70-20,SR-118,100,35.14665556,-90.224525,0,12,6,0,2,2,0,1,1,1,0,1,0,0000000,17,29,17,35,99,99,0,0,0,1,0
5,50170,2,2,0,0,0,2,2,135,0,17,5,2012,5,16,2,0,6,4,CR-GRANGE,,0,35.95055556,-91.48465278,0,12,8,0,1,1,0,1,1,1,0,1,0,0000000,16,3,16,10,99,99,20,0,0,1,1
5,50171,1,1,0,0,0,1,1,31,2070,17,5,2012,5,19,41,1,12,2,US-63-06,,117,35.82941389,-90.74714444,0,1,0,0,1,1,0,4,1,1,0,1,0,0000000,88,88,88,88,88,88,0,0,0,1,1
5,50172,1,1,0,0,0,2,2,119,2880,18,5,2012,6,2,20,1,11,1,I-00040-517,,2,34.77185278,-92.26154722,0,52,0,1,5,1,0,4,2,1,0,1,0,0000000,2,41,2,44,99,99,0,0,0,1,1
5,50173,1,1,0,0,0,1,1,119,2320,18,5,2012,6,12,0,1,11,1,I-430-21,,76,34.76785833,-92.39019722,0,18,0,0,1,1,0,2,1,1,0,1,0,0000000,12,4,12,7,99,99,0,0,0,1,0
5,50174,1,1,0,1,1,6,6,111,0,18,5,2012,6,17,30,1,2,2,US-63-08,,134,35.54031389,-90.49198889,0,8,0,0,1,1,0,1,1,1,0,1,0,0000000,17,34,17,40,99,99,0,0,0,1,0
5,50175,2,2,0,0,0,3,3,147,0,18,5,2012,6,17,31,0,3,2,US-64-13,,34,35.28522778,-91.30265833,0,12,6,0,8,1,0,1,1,1,0,1,0,0000000,17,42,18,0,99,99,0,0,0,1,0
5,50176,1,1,0,0,0,1,1,149,0,18,5,2012,6,17,33,0,2,3,SR-7-13,,50,35.08803889,-93.18147778,0,35,0,0,1,1,0,5,1,1,0,1,0,0000000,17,34,17,51,99,99,0,0,0,1,1
5,50177,1,1,0,0,0,1,1,117,0,18,5,2012,6,22,15,0,4,3,SR-249-01,,76,34.85816944,-91.60338333,0,1,0,0,1,1,0,4,6,1,0,1,0,0000000,88,88,88,88,88,88,20,0,0,1,1
5,50178,1,1,0,0,0,1,1,129,0,19,5,2012,7,10,41,0,4,3,SR-16-08A,,4,35.73201944,-92.9148,0,42,0,0,1,1,0,4,1,1,0,1,0,0000000,10,42,11,33,88,88,0,0,0,1,0
5,50179,1,1,0,0,0,1,1,29,0,19,5,2012,7,11,27,1,1,1,I-40-31,,1147,35.16129167,-92.603075,0,1,0,0,1,1,0,3,1,1,0,1,0,0000000,11,27,11,34,99,99,0,0,0,1,1
5,50180,1,1,0,0,0,2,2,3,0,19,5,2012,7,21,25,0,6,4,CR-135,,0,33.34784167,-91.72803611,0,1,0,0,1,1,0,5,5,1,0,1,0,0000000,88,88,88,88,88,88,3,0,0,1,1
5,50181,1,1,0,0,0,1,1,53,0,19,5,2012,7,99,99,0,6,4,CR-29,,0,34.22090278,-92.23864444,0,42,0,0,1,1,0,5,2,1,0,1,0,0000000,88,88,88,88,88,88,0,0,0,1,1
5,50182,1,1,0,0,0,1,1,139,0,20,5,2012,1,1,39,0,4,3,SR-7-01,,49,33.08077222,-92.60626667,0,42,0,0,8,1,0,4,6,1,0,1,0,0000000,99,99,99,99,88,88,0,0,0,1,1
5,50183,2,2,0,0,0,3,3,141,0,20,5,2012,1,13,42,1,2,2,US-65-07,,111,35.66331667,-92.47633333,0,12,2,0,1,1,0,1,1,1,0,1,0,0000000,13,58,14,41,99,99,0,0,0,1,1
5,50184,1,1,0,0,0,1,1,149,0,21,5,2012,2,0,16,0,3,3,SR-27-10,COWGER LN.,106,35.16450833,-93.27924167,0,42,0,0,2,3,0,5,6,1,0,1,0,0000000,0,27,0,36,88,88,0,0,0,1,0
5,50185,4,4,0,0,0,6,6,119,2320,23,5,2012,4,14,23,0,13,3,SR-10-08,,24,34.75515,-92.29775556,0,12,2,0,8,1,0,1,1,1,0,1,0,0000000,14,23,14,29,99,99,21,0,0,1,1
5,50186,1,1,0,0,0,1,1,59,0,24,5,2012,5,6,7,0,3,3,SR-7-08,,19,34.26408611,-93.13128611,0,5,0,0,1,1,0,4,1,1,0,1,0,0000000,0,17,0,20,99,99,0,0,0,1,0