STATE,ST_CASE,VE_TOTAL,VE_FORMS,PVH_INVL,PEDS,PERNOTMVIT,PERMVIT,PERSONS,COUNTY,CITY,DAY,MONTH,YEAR,DAY_WEEK,HOUR,MINUTE,NHS,ROAD_FNC,ROUTE,TWAY_ID,TWAY_ID2,MILEPT,LATITUDE,LONGITUD,SP_JUR,HARM_EV,MAN_COLL,RELJCT1,RELJCT2,TYP_INT,WRK_ZONE,REL_ROAD,LGT_COND,WEATHER1,WEATHER2,WEATHER,SCH_BUS,RAIL,NOT_HOUR,NOT_MIN,ARR_HOUR,ARR_MIN,HOSP_HR,HOSP_MN,CF1,CF2,CF3,FATALS,DRUNK_DR
5,50187,1,1,0,0,0,1,1,125,0,24,5,2012,5,14,35,0,3,3,SR-35-01,,68,34.50619722,-92.53665,0,35,0,0,1,1,0,4,1,1,0,1,0,0000000,2,55,3,10,88,88,0,0,0,1,1
5,50188,1,1,0,1,1,3,3,33,0,25,5,2012,6,1,10,0,3,3,SR-59-05,,120,35.63467222,-94.38375278,0,8,0,0,1,1,0,1,2,1,0,1,0,0000000,88,88,88,88,88,88,0,0,0,1,0
5,50189,2,2,0,0,0,3,3,71,800,25,5,2012,6,20,59,0,13,3,SR-103-00,,19,35.45581389,-93.46404444,0,12,2,0,4,1,0,1,3,1,0,1,0,0000000,88,88,88,88,88,88,0,0,0,1,0
5,50190,3,3,0,0,0,3,3,15,0,26,5,2012,7,16,5,0,3,2,US-62-05,,148,36.29611111,-93.31781389,0,12,1,0,8,1,0,1,1,1,0,1,0,0000000,16,6,16,20,99,99,0,0,0,1,0
5,50191,1,1,0,0,0,1,1,45,0,26,5,2012,7,19,47,0,6,4,CR-SUMMERHILL DR,CR-SLATELY FORD RD,0,35.18078333,-92.48534444,0,5,0,0,2,3,0,1,1,1,0,1,0,0000000,19,53,20,0,99,99,0,0,0,1,0
5,50192,1,1,0,0,0,3,3,13,0,27,5,2012,1,13,5,0,3,2,US-278-10,,9,33.57844722,-92.69838056,0,34,0,0,1,1,0,4,1,1,0,1,0,0000000,13,30,13,30,99,99,0,0,0,1,0
5,50193,1,1,0,0,0,1,1,7,3770,27,5,2012,1,20,37,0,3,3,SR-59-01,RED BIRD LN.,7,36.49285833,-94.47208333,0,52,0,0,1,1,0,4,2,1,0,1,0,0000000,20,42,20,44,99,99,0,0,0,1,1
5,50194,1,1,0,0,0,2,2,7,740,27,5,2012,1,23,17,0,3,3,SR-102-02,REBEL RD.,79,36.35691944,-94.34451111,0,5,0,0,2,4,0,1,2,1,0,1,0,0000000,23,19,23,21,99,99,0,0,0,1,1
5,50195,1,1,0,0,0,1,1,115,0,28,5,2012,2,14,48,0,6,6,AVENUE 4 SE,,0,35.24176667,-92.93260278,0,10,0,0,6,1,0,1,1,1,0,1,0,434305X,14,48,15,7,99,99,0,0,0,1,1
5,50196,1,1,0,0,0,3,3,59,2500,28,5,2012,2,17,58,0,6,4,CR-THUNDERBIRD LP0,CR-BALDING RD.,0,34.47,-92.70136944,0,1,0,0,2,3,0,4,1,1,0,1,0,0000000,17,1,17,19,99,99,0,0,0,1,0
5,50197,2,2,0,0,0,2,2,149,0,29,5,2012,3,15,10,0,3,3,SR-27-10,,158,35.210075,-93.19844722,0,12,6,0,1,1,0,1,1,1,0,1,0,0000000,15,16,15,22,88,88,0,0,0,1,0
5,50198,2,2,0,0,0,3,3,23,0,29,5,2012,3,21,25,0,3,3,SR-25-02,MOUNTAIN AIRE RD.,137,35.45914167,-92.03991944,0,12,1,0,2,3,0,1,2,1,0,1,0,0000000,21,28,21,37,99,99,0,0,0,1,1
5,50199,1,1,0,0,0,1,1,119,2880,31,5,2012,5,0,44,1,11,1,I-00430-181,,0,34.80959722,-92.35832778,0,31,0,1,5,1,0,3,2,1,0,1,0,0000000,0,46,0,56,88,88,0,0,0,1,1
5,50200,2,2,0,0,0,2,2,99,0,1,6,2012,6,9,10,0,3,3,SR-19-05,,98,33.93252222,-93.44416111,0,12,11,0,1,1,0,1,1,1,0,1,0,0000000,9,15,9,28,99,99,0,0,0,1,1
5,50201,1,1,0,0,0,1,1,51,0,1,6,2012,6,12,5,0,2,3,SR-07-10,DUNN  RD.,30,34.59970278,-93.02092222,0,35,0,0,2,3,0,4,1,1,0,1,0,0000000,88,88,88,88,88,88,0,0,0,1,0
5,50202,1,1,0,0,0,2,2,145,0,1,6,2012,6,21,9,0,9,4,CR-PEANUT RIDGE ROAD,,0,35.20555833,-91.94791389,0,1,0,0,1,1,0,1,2,1,0,1,0,0000000,88,88,88,88,88,88,0,0,0,2,0
5,50203,1,1,0,0,0,3,3,127,0,2,6,2012,7,17,27,1,2,2,US-71-10,,132,34.92444444,-94.09834167,0,1,0,0,1,1,0,4,1,1,0,1,0,0000000,17,23,17,35,99,99,0,0,0,1,0
5,50204,2,2,0,0,0,3,3,67,2820,2,6,2012,7,17,37,0,3,3,SR-69-05,,33,35.62473611,-91.28138889,0,12,6,0,8,1,0,1,1,1,0,1,0,0000000,17,38,17,45,99,99,0,0,0,1,0
5,50205,1,1,0,0,0,4,4,93,0,3,6,2012,1,5,2,0,4,4,CR-230,CR-647,0,35.90785556,-89.93643611,0,34,0,0,2,3,0,4,1,1,0,1,0,0000000,99,99,99,99,99,99,0,0,0,2,1
5,50206,1,1,0,1,1,1,1,41,2420,5,6,2012,3,20,45,1,2,3,SR-65-19,,74,33.60969722,-91.38323889,0,8,0,0,8,1,0,1,6,1,0,1,0,0000000,20,48,20,51,99,99,0,0,0,1,0
5,50207,2,2,0,0,0,3,3,31,2070,5,6,2012,3,22,6,0,16,6,WEST PARKER RD,,0,35.84819444,-90.76728889,0,12,6,0,1,1,0,1,3,1,0,1,0,0000000,22,12,22,21,99,99,0,0,0,1,0
5,50208,2,2,0,0,0,2,2,73,2300,5,6,2012,3,22,20,1,2,3,SR-82-02,SR-29,7310,33.35523611,-93.57640278,0,12,6,0,2,2,0,1,3,1,0,1,0,0000000,22,27,22,31,99,99,0,0,0,1,1
5,50209,1,1,0,0,0,8,8,115,0,6,6,2012,4,16,0,1,1,1,I-40-22,,890,35.24813889,-93.02889167,0,1,0,0,1,1,0,4,1,1,0,1,0,0000000,16,2,16,10,99,99,0,0,0,2,0
5,50210,2,2,0,0,0,2,2,93,0,6,6,2012,4,18,52,0,6,3,SR-137-01,,30,35.944975,-89.80585,0,12,6,0,1,1,0,1,1,1,0,1,0,0000000,19,4,19,27,99,99,0,0,0,1,1
5,50211,1,1,0,0,0,2,2,7,315,7,6,2012,5,15,10,0,6,4,CR-LITTLE BOROUGH LN.,,0,36.43683611,-94.25217778,0,1,0,0,1,1,0,4,1,1,0,1,0,0000000,15,28,16,33,99,99,0,0,0,1,0
5,50212,2,2,0,0,0,3,3,91,0,7,6,2012,5,15,15,0,6,4,CR-MILLER 15,,0,33.40286667,-93.89183889,0,12,8,0,1,1,0,1,1,1,0,1,0,0000000,16,0,16,35,99,99,0,0,0,1,1
5,50213,2,2,0,0,0,2,2,87,0,8,6,2012,6,10,22,0,5,2,US-412-03B,,88,36.08935,-93.742325,0,12,2,0,1,1,0,1,1,1,0,1,0,0000000,10,24,10,28,99,99,0,0,0,1,0
5,50214,1,1,0,0,0,1,1,27,0,9,6,2012,7,1,40,0,4,3,SR-57-02,,1,33.37640833,-93.068325,0,1,0,0,1,1,0,5,6,1,0,1,0,0000000,88,88,88,88,88,88,0,0,0,1,1
5,50215,1,1,0,0,0,1,1,83,3740,9,6,2012,7,5,23,0,4,3,SR-197-00,,9,35.30566389,-93.63316111,0,35,0,0,1,1,0,4,2,1,0,1,0,0000000,5,23,5,33,88,88,0,0,0,1,1
5,50216,2,2,0,0,0,2,2,47,0,9,6,2012,7,13,30,0,6,3,SR-23-07,,113,35.62708611,-93.83496389,0,12,6,0,1,1,0,1,1,1,0,1,0,0000000,13,35,13,51,99,99,0,0,0,1,0
5,50217,1,1,0,0,0,1,1,7,315,9,6,2012,7,14,22,0,4,3,SR-340-01,OAK KNOLL LN.,17,36.45861944,-94.28065278,0,35,0,0,1,1,0,4,1,1,0,1,0,0000000,14,27,14,31,99,99,0,0,0,1,1
5,50218,1,1,0,0,0,1,1,51,0,9,6,2012,7,20,36,0,3,2,US-70-08,,18,34.44631667,-93.21916389,0,52,0,0,1,1,0,4,2,1,0,1,0,0000000,88,88,88,88,88,88,0,0,0,1,0
5,50219,1,1,0,0,0,1,1,149,0,9,6,2012,7,21,43,0,4,3,SR-154-02,,109,35.11008333,-93.19421944,0,42,0,0,1,1,0,4,2,1,0,1,0,0000000,21,49,21,53,99,99,0,0,0,1,0
5,50220,2,2,0,0,0,2,2,139,1210,11,6,2012,2,15,50,1,2,2,US-82-05,HOPEWELL,73,33.219875,-92.86985556,0,12,6,0,2,3,0,1,1,1,0,1,0,0000000,15,54,16,4,99,99,0,0,0,1,0
5,50221,2,2,0,0,0,4,4,15,0,11,6,2012,2,16,29,0,3,2,US-62-04,,90,36.42180278,-93.77017778,0,12,2,0,1,1,0,1,1,1,0,1,0,0000000,16,25,16,33,99,99,0,0,0,1,0
5,50222,2,2,0,0,0,3,3,143,1310,12,6,2012,3,16,30,0,13,2,US-62-01,,230,36.04946667,-94.21284722,0,1,0,0,8,1,0,1,1,1,0,1,0,0000000,16,27,16,29,99,99,0,0,0,1,0
5,50223,1,1,0,0,0,1,1,143,1310,15,6,2012,6,18,6,0,16,6,N. RUPPLE RD.,,0,36.08890278,-94.21548056,0,18,0,0,1,1,0,4,1,1,0,1,0,0000000,18,7,18,11,99,99,0,0,0,1,1
5,50224,2,2,0,0,0,2,2,45,2600,16,6,2012,7,4,38,1,1,1,I-40-32,,1361,34.95372222,-92.42248611,0,12,2,0,1,1,0,1,2,1,0,1,0,0000000,4,40,4,51,99,99,0,0,0,1,1
5,50225,1,1,0,0,0,4,4,67,0,16,6,2012,7,12,20,1,2,2,US-67-15,,282,35.80376667,-91.14736944,0,1,0,0,1,1,0,4,1,1,0,1,0,0000000,12,35,12,51,99,99,0,0,0,2,0
5,50226,1,1,0,0,0,1,1,85,0,16,6,2012,7,12,23,1,1,1,I-40-41,,1669,34.79945556,-92.01971667,0,42,0,0,1,1,0,3,1,1,0,1,0,0000000,88,88,88,88,88,88,0,0,0,1,0
5,50227,1,1,0,0,0,3,3,11,0,16,6,2012,7,22,20,0,9,4,CR-34,,0,33.53826667,-92.17230833,0,42,0,0,1,1,0,4,2,1,0,1,0,0000000,23,0,23,40,99,99,0,0,0,1,1
5,50228,1,1,0,0,0,2,2,33,0,17,6,2012,1,16,28,0,4,3,SR-282-01,,78,35.53572778,-94.25861389,0,17,0,0,1,1,0,4,1,1,0,1,0,0000000,16,27,16,35,99,99,0,0,0,1,0
5,50229,1,1,0,0,0,1,1,113,0,17,6,2012,1,18,0,0,4,3,SR-88-01,,118,34.65240278,-94.27109167,0,24,0,0,1,1,0,4,1,1,0,1,0,0000000,18,18,18,31,99,99,0,0,0,1,0
5,50230,2,2,0,0,0,2,2,119,2320,18,6,2012,2,16,25,0,16,6,DAVID O. DODD,SHADY BROOK,0,34.69237778,-92.39665,0,12,6,0,2,2,0,1,1,1,0,1,0,0000000,14,28,14,34,99,99,0,0,0,1,0
5,50231,2,2,0,0,0,2,2,117,1090,20,6,2012,4,13,45,0,4,2,US-70-16,,136,34.78037778,-91.45901389,0,12,8,0,1,1,0,1,1,1,0,1,0,0000000,13,45,13,55,99,99,0,0,0,1,0
5,50232,1,1,0,0,0,1,1,45,4257,21,6,2012,5,19,33,0,4,3,SR-285-01,,6,35.21186389,-92.45710833,0,1,0,0,1,1,0,4,1,1,0,1,0,0000000,19,36,19,45,88,88,0,0,0,1,1
5,50233,1,1,0,0,0,2,2,129,0,21,6,2012,5,20,9,1,2,2,US-65-06,,102,35.79660556,-92.53738333,0,42,0,0,1,1,0,4,5,1,0,1,0,0000000,20,11,20,28,99,99,0,0,0,1,1
5,50234,2,2,0,0,0,3,3,69,3150,21,6,2012,5,21,56,1,13,2,US-65-15,,0,34.19915556,-91.96274167,0,12,6,1,18,1,0,1,2,1,0,1,0,0000000,22,0,22,20,99,99,0,0,0,2,0
5,50235,2,2,0,0,0,2,2,87,0,24,6,2012,1,11,44,0,4,3,SR-127-02,,55,35.97291389,-93.66777778,0,12,6,0,8,1,0,1,1,1,0,1,0,0000000,88,88,88,88,88,88,0,0,0,1,0
5,50236,1,1,0,0,0,1,1,145,0,24,6,2012,1,15,45,0,4,3,SR-267-01,,76,35.18109167,-91.81792778,0,35,0,0,1,1,0,4,1,1,0,1,0,0000000,15,48,15,59,99,99,0,0,0,1,0
5,50237,1,1,0,0,0,2,2,7,0,25,6,2012,2,20,42,0,6,4,CR-PLEASURE HEIGHTS RD.,,0,36.22265833,-94.02785556,0,30,0,0,1,1,0,5,2,1,0,1,0,0000000,20,43,20,49,99,99,0,0,0,1,1
5,50238,2,2,0,0,0,2,2,7,0,25,6,2012,2,23,51,0,4,3,SR-43-00,SR-12,121,36.27651111,-94.57367222,0,12,6,0,2,2,0,1,2,1,0,1,0,0000000,23,54,23,55,99,99,0,0,0,2,1
5,50239,2,2,0,0,0,4,4,61,2790,27,6,2012,4,9,16,0,3,3,SR-27-02,SR-27 BYPASS,113,33.9198,-93.861425,0,12,6,0,5,1,0,1,1,1,0,1,0,0000000,9,17,9,22,99,99,0,0,0,2,0
5,50240,1,1,0,0,0,1,1,11,0,27,6,2012,4,15,30,0,3,2,US-278-12,,75,33.60334444,-92.21549722,0,42,0,0,1,1,0,4,1,1,0,1,0,0000000,88,88,88,88,88,88,0,0,0,1,0
5,50241,2,2,0,0,0,2,2,79,1540,28,6,2012,5,13,15,1,2,2,US-65-16,,121,33.98804722,-91.5626,0,12,6,0,8,1,0,1,1,1,0,1,0,0000000,13,26,13,34,99,99,0,0,0,1,0
5,50242,1,1,0,0,0,1,1,9,0,28,6,2012,5,13,28,0,4,3,SR-14-01,,82,36.46962778,-93.12222778,0,42,0,0,1,1,0,4,1,1,0,1,0,0000000,13,28,13,55,88,88,0,0,0,1,0
5,50243,1,1,0,0,0,3,3,31,0,28,6,2012,5,23,35,1,2,3,SR-1-17,,0,35.713825,-90.69303889,0,1,0,0,1,1,0,4,2,1,0,1,0,0000000,11,45,11,57,99,99,0,0,0,2,1
5,50244,2,2,0,0,0,2,2,55,3030,29,6,2012,6,13,48,0,2,3,SR-135-05/SR-34,,35,36.11268333,-90.50696111,0,12,2,0,1,1,0,1,1,1,0,1,0,0000000,13,40,13,47,99,99,0,0,0,1,0
5,50245,1,1,0,0,0,5,5,85,0,30,6,2012,7,0,11,1,1,1,I-40 EAST,,1720,34.80361944,-91.94611944,0,1,0,0,1,1,0,1,2,1,0,1,0,0000000,88,88,88,88,88,88,0,0,0,1,0
5,50246,2,2,0,0,0,2,2,143,3670,30,6,2012,7,10,4,0,9,6,DON TYSON PARKWAY,POWELL ROAD,0,36.15256944,-94.12623056,0,12,6,0,2,2,0,1,1,1,0,1,0,0000000,10,6,10,11,88,88,0,0,0,1,0
5,50247,2,2,0,0,0,4,4,89,0,30,6,2012,7,12,0,0,4,3,SR-14-02,,103,36.33485833,-92.77211667,0,12,6,0,8,1,0,1,1,1,0,1,0,0000000,12,0,12,18,99,99,0,0,0,1,0
5,50248,1,1,0,0,0,1,1,119,0,30,6,2012,7,21,25,0,6,4,CR-9 HILARO SPRINGS ROAD,,0,34.63603333,-92.33099444,0,42,0,0,1,1,0,4,2,1,0,1,0,0000000,88,88,88,88,88,88,0,0,0,1,0
5,50249,1,1,0,1,1,1,1,31,560,30,6,2012,7,21,28,1,2,2,US-49,,42,35.89051944,-90.58929444,0,8,0,0,1,1,0,1,2,1,0,1,0,0000000,21,27,21,39,88,88,0,0,0,1,0
5,50250,2,2,0,0,0,2,2,115,3450,24,4,2012,3,13,21,0,14,2,US-64-06,S. JONESBORO AVE.,108,35.28048889,-93.14204444,0,12,6,0,2,2,0,1,1,1,0,1,0,0000000,13,23,13,28,99,99,0,0,0,1,0
5,50251,1,1,0,0,0,1,1,75,0,1,4,2012,1,12,54,0,6,3,SR-25-06,,12,35.89519444,-91.29203333,0,58,0,0,1,1,0,4,1,1,0,1,0,0000000,12,54,13,12,99,99,0,0,0,1,0
5,50252,1,1,0,0,0,1,1,119,2880,12,6,2012,3,21,55,0,16,6,BATESVILLE PK.,,0,34.86063889,-92.2414,0,42,0,0,1,1,0,5,2,1,0,1,0,0000000,22,2,22,8,99,99,0,0,0,1,0
5,50253,2,1,1,0,0,1,1,65,0,1,7,2012,1,19,25,0,3,3,SR-9-12,,8,35.97733333,-92.05066389,0,5,0,0,1,1,0,1,1,1,0,1,0,0000000,18,41,19,4,99,99,19,0,0,1,0
5,50254,1,1,0,0,0,1,1,31,0,4,7,2012,4,16,24,0,2,3,SR-18-04,,218,35.85068889,-90.36798333,0,1,0,0,1,1,1,4,1,1,0,1,0,0000000,88,88,88,88,88,88,0,0,0,1,0
5,50255,2,2,0,0,0,3,3,47,0,5,7,2012,5,5,57,0,4,3,SR-96-04,,129,35.44011944,-93.86084167,0,12,2,0,1,1,0,1,1,1,0,1,0,0000000,5,58,6,8,99,99,0,0,0,1,0
5,50256,1,1,0,0,0,1,1,119,2320,6,7,2012,6,6,15,0,16,6,SAM PECK,,0,34.79407778,-92.41445278,0,1,0,0,1,1,0,4,1,1,0,1,0,0000000,6,19,6,25,99,99,0,0,0,1,1
5,50257,2,1,1,0,0,1,1,77,540,6,7,2012,6,21,38,0,4,3,SR-131-01,,71,34.83133333,-90.52549722,0,14,0,0,8,1,0,5,2,1,0,1,0,0000000,21,38,22,1,99,99,0,0,0,1,1
5,50258,1,1,0,0,0,2,2,113,0,7,7,2012,7,5,0,0,6,4,CR-65,,0,34.53906667,-94.00265833,0,53,0,0,1,1,0,4,4,1,0,1,0,0000000,6,0,6,20,99,99,0,0,0,1,1
5,50259,1,1,0,1,1,1,1,119,2320,7,7,2012,7,20,45,0,16,6,PINE ST.,PLATEAU ST.,0,34.750025,-92.31640278,0,9,0,0,2,2,0,1,2,1,0,1,0,0000000,20,48,20,53,99,99,0,0,0,1,0
5,50260,1,1,0,0,0,1,1,125,0,7,7,2012,7,23,15,0,3,3,SR-35-01,,95,34.46874444,-92.53243056,0,59,0,0,1,1,0,4,2,1,0,1,0,0000000,23,20,23,30,88,88,0,0,0,1,0
5,50261,1,1,0,0,0,1,1,115,190,8,7,2012,1,15,50,0,16,6,AVENUE FOUR SOUTH EAST,,0,35.24173611,-92.93258611,0,10,0,0,6,1,0,1,1,8,0,8,0,434309A,15,52,15,53,99,99,0,0,0,1,0
5,50262,2,2,0,0,0,3,3,125,0,10,7,2012,3,12,37,1,2,2,US-70-10,,30,34.54036667,-92.75073611,0,12,2,0,1,1,0,2,1,1,0,1,0,0000000,12,41,12,43,99,99,0,0,0,1,0
5,50263,1,1,0,0,0,2,2,23,0,11,7,2012,4,17,12,0,3,3,SR-16-12,,22,35.45361944,-91.99958056,0,42,0,0,1,1,0,4,1,1,0,1,0,0000000,17,13,17,22,99,99,0,0,0,1,0
5,50264,2,2,0,0,0,7,7,115,2340,12,7,2012,5,17,4,0,4,3,SR-333-01,OLD WIRE RD,2,35.33471389,-93.25501667,0,12,6,0,2,3,0,2,1,1,0,1,0,0000000,17,6,17,15,99,99,0,0,0,1,0
5,50265,1,1,0,0,0,1,1,113,0,13,7,2012,6,19,50,0,4,3,SR-88-02,,57,34.58355278,-94.155725,0,38,0,0,1,1,0,4,6,1,0,1,0,0000000,88,88,88,88,88,88,0,0,0,1,0
5,50266,1,1,0,0,0,1,1,103,0,13,7,2012,6,20,39,1,2,2,US-79-04,AIRPORT DRIVE,54,33.61741944,-92.77105,0,59,0,0,2,3,0,4,6,1,0,1,0,0000000,20,40,20,47,99,99,0,0,0,1,1
5,50267,1,1,0,0,0,1,1,113,0,14,7,2012,7,19,0,0,4,3,SR-375-00,,40,34.51949722,-94.21758333,0,35,0,0,1,1,0,4,1,1,0,1,0,0000000,19,7,19,20,99,99,0,0,0,1,0
5,50268,1,1,0,0,0,1,1,7,0,15,7,2012,1,15,20,0,4,3,SR-72-03,,35,36.42246667,-94.15837222,0,1,0,0,1,1,0,1,1,1,0,1,0,0000000,15,26,15,32,99,99,0,0,0,1,1
5,50269,1,1,0,0,0,1,1,17,0,16,7,2012,2,20,13,0,3,3,SR-35-09,,35,33.53088889,-91.39460556,0,42,0,0,1,1,0,4,6,1,0,1,0,0000000,20,16,20,22,99,99,0,0,0,1,1
5,50270,1,1,0,0,0,2,2,51,1907,18,7,2012,4,18,15,0,13,3,SR-00270-169,,2,34.46601667,-93.06198056,0,1,0,1,5,1,0,4,1,1,0,1,0,0000000,18,18,18,22,99,99,0,0,0,1,1
5,50271,1,1,0,0,0,1,1,119,0,20,7,2012,6,8,55,0,13,3,SR-365-11,,81,34.86035,-92.34483611,0,42,0,0,1,1,0,4,1,1,0,1,0,0000000,88,88,88,88,88,88,0,0,0,1,0
5,50272,1,1,0,0,0,1,1,23,0,20,7,2012,6,10,40,0,4,3,SR-225-02,,31,35.45316667,-92.21968333,0,35,0,0,1,1,0,4,1,1,0,1,0,0000000,10,45,10,58,99,99,0,0,0,1,0
5,50273,1,1,0,0,0,1,1,143,0,21,7,2012,7,10,50,0,6,4,CR-JACKSON HIGHWAY CR 669,,0,36.05323333,-94.42672778,0,1,0,0,1,1,0,4,1,1,0,1,0,0000000,10,51,11,5,99,99,0,0,0,1,0
5,50274,2,2,0,0,0,5,5,91,3810,21,7,2012,7,16,47,0,13,3,SR-82-01,,13,33.43061944,-94.00598611,0,12,6,0,1,1,0,1,1,1,0,1,0,0000000,18,45,18,59,99,99,0,0,0,1,0
5,50275,1,1,0,0,0,1,1,93,0,21,7,2012,7,18,46,0,6,4,CR-599,SR-158,0,35.75593333,-89.96403889,0,59,0,0,2,3,0,5,1,1,0,1,0,0000000,18,56,19,25,99,99,20,0,0,1,1
5,50276,1,1,0,0,0,1,1,93,0,22,7,2012,1,19,25,0,4,3,SR-77-02,,36,35.82108889,-90.178,0,7,0,0,1,1,0,5,1,1,0,1,0,0000000,19,30,19,40,99,99,0,0,0,1,0
5,50277,2,2,0,0,0,2,2,67,0,24,7,2012,3,13,40,0,14,3,SR-224-01,,22,35.53216389,-91.26692778,0,16,0,0,1,1,0,1,1,1,0,1,0,0000000,88,88,88,88,88,88,14,0,0,1,0
5,50278,1,1,0,0,0,1,1,141,0,24,7,2012,3,13,44,0,4,3,SR-92-03,,79,35.43916944,-92.41843333,0,35,0,0,1,1,0,4,1,1,0,1,0,0000000,13,46,14,5,88,88,0,0,0,1,0
5,50279,1,1,0,0,0,1,1,69,0,25,7,2012,4,99,99,0,6,4,CR-ISLAND HARBOR MARINA RD,,0,34.27200833,-91.98053056,0,1,0,0,1,1,0,5,1,1,0,1,0,0000000,13,1,13,13,99,99,0,0,0,1,0
5,50280,2,2,0,0,0,3,3,135,9997,25,7,2012,4,14,33,1,2,3,SR-62-17,JIMMIE CHERRY DR.,8,36.26014444,-91.55198056,0,12,2,0,2,3,0,1,1,1,0,1,0,0000000,14,33,14,36,99,99,0,0,0,1,0
5,50281,1,1,0,0,0,1,1,115,0,25,7,2012,4,18,26,0,6,4,CR-OLD HIGHWAY 7,,0,35.50153611,-93.17363333,0,1,0,0,1,1,0,1,1,1,0,1,0,0000000,18,28,18,39,99,99,0,0,0,1,1
5,50282,2,2,0,0,0,4,4,85,0,25,7,2012,4,21,6,0,2,2,US-165-08,,266,34.64179167,-92.0451,0,12,2,0,1,1,0,1,6,1,0,1,0,0000000,88,88,88,88,88,88,0,0,0,4,1
5,50283,1,1,0,0,0,1,1,85,600,27,7,2012,6,11,47,0,2,5,JOHN HARDEN DR,,0,34.94774167,-92.06704167,0,42,0,0,1,1,0,4,1,1,0,1,0,0000000,88,88,88,88,88,88,0,0,0,1,0
5,50284,1,1,0,0,0,1,1,69,0,27,7,2012,6,23,30,1,2,2,US-65-15,,16,34.19457222,-91.954325,0,38,0,0,1,1,0,4,3,1,0,1,0,0000000,23,44,23,49,99,99,0,0,0,1,1
5,50285,2,2,0,0,0,3,3,125,330,28,7,2012,7,19,36,0,13,3,SR-35-01,SOUTH CARPENTER ST.,3,34.56954167,-92.58597778,0,12,6,0,2,3,0,1,1,1,0,1,0,0000000,19,37,19,40,99,99,0,0,0,1,0
5,50286,1,1,0,0,0,1,1,129,0,29,7,2012,1,0,30,0,4,3,SR-235-02,,0,36.06580833,-92.85750278,0,1,0,0,1,1,0,5,6,1,0,1,0,0000000,0,34,0,56,99,99,0,0,0,1,1
5,50288,1,1,0,0,0,1,1,83,3050,31,7,2012,3,20,52,0,4,3,SR-109-02,,137,35.27788611,-93.73027222,0,39,0,0,1,1,0,5,6,1,0,1,0,0000000,20,54,20,56,88,88,0,0,0,1,0
5,50289,1,1,0,0,0,2,2,15,350,20,6,2012,4,15,59,0,6,4,CR-535,,0,36.25426944,-93.59858611,0,42,0,0,1,1,0,5,1,1,0,1,0,0000000,88,88,88,88,88,88,0,0,0,1,0
5,50290,1,1,0,0,0,3,3,47,0,1,8,2012,4,17,19,0,5,3,SR-219-01,,38,35.536825,-93.804375,0,34,0,0,1,1,0,4,1,1,0,1,0,0000000,17,17,17,19,99,99,0,0,0,1,1
5,50291,1,1,0,0,0,3,3,103,0,2,8,2012,5,15,5,0,3,2,US-278-08,,99,33.55895556,-92.92486389,0,42,0,0,1,1,0,4,1,1,0,1,0,0000000,15,8,15,18,99,99,0,0,0,1,0
5,50292,1,1,0,0,0,1,1,119,4256,2,8,2012,5,16,58,0,15,3,SR-365-12,,88,34.62755278,-92.22180556,0,42,0,0,8,1,0,4,1,1,0,1,0,0000000,88,88,88,88,88,88,0,0,0,1,0
5,50293,1,1,0,0,0,1,1,71,0,3,8,2012,6,15,42,1,1,1,I-40-21,,488,35.48222222,-93.57135278,0,24,0,0,1,1,0,4,1,1,0,1,0,0000000,88,88,88,88,88,88,0,0,0,1,0
5,50294,1,1,0,0,0,1,1,143,0,3,8,2012,6,17,47,0,4,3,SR-170-01,,29,35.90314444,-94.20416944,0,42,0,0,1,1,0,4,1,1,0,1,0,0000000,17,39,17,47,88,88,0,0,0,1,1
5,50295,1,1,0,0,0,1,1,125,0,4,8,2012,7,19,22,1,2,2,US-70-10,,18,34.55005,-92.78580556,0,42,0,0,1,1,0,4,1,1,0,1,0,0000000,19,35,19,50,99,99,0,0,0,1,0
5,50296,1,1,0,0,0,3,3,121,0,5,8,2012,1,22,5,1,2,2,US-67-18,,43,36.25972778,-90.96986389,0,42,0,0,1,1,0,4,2,1,0,1,0,0000000,22,10,22,45,99,99,0,0,0,2,0
5,50297,1,1,0,0,0,7,7,145,290,6,8,2012,2,17,37,1,2,2,US-67-12,,36,35.07378611,-91.90834167,0,1,0,0,1,1,0,1,1,1,0,1,0,0000000,17,41,17,57,99,99,0,0,0,1,0
5,50298,1,1,0,0,0,2,2,141,0,6,8,2012,2,18,40,0,5,3,SR-92-03,,66,35.44018333,-92.41388889,0,32,0,0,1,1,0,4,1,1,0,1,0,0000000,18,40,18,46,99,99,0,0,0,1,1
5,50299,2,2,0,0,0,4,4,25,0,7,8,2012,3,16,50,0,4,3,SR-133-05,,85,34.04386389,-92.10134167,0,12,2,0,1,1,0,1,1,1,0,1,0,0000000,16,52,17,2,99,99,0,0,0,1,0
5,50300,6,1,5,0,0,3,3,7,340,8,8,2012,4,2,24,0,16,6,N MAIN STREET,,0,36.38370833,-94.20861944,0,14,0,0,8,1,0,5,2,1,0,1,0,0000000,88,88,88,88,88,88,14,0,0,1,0
5,50301,2,2,0,0,0,2,2,25,0,8,8,2012,4,19,20,1,2,2,US-79-07,,105,33.88334444,-92.24941944,0,12,2,0,1,1,0,1,5,2,0,2,0,0000000,88,88,88,88,88,88,0,0,0,1,0
5,50302,2,2,0,0,0,2,2,33,50,9,8,2012,5,13,50,0,4,2,US-64-02,MOUTAIN GROVE RD,85,35.48524444,-94.22103333,0,12,6,0,2,2,0,1,1,1,0,1,0,0000000,13,57,13,59,99,99,0,0,0,1,0
5,50303,2,2,0,0,0,2,2,45,0,9,8,2012,5,17,40,1,2,2,US-65-09,,52,35.29408056,-92.40278889,0,12,1,0,1,1,0,1,1,1,0,1,0,0000000,17,41,17,52,99,99,0,0,0,1,0