STATE,ST_CASE,VE_TOTAL,VE_FORMS,PVH_INVL,PEDS,PERNOTMVIT,PERMVIT,PERSONS,COUNTY,CITY,DAY,MONTH,YEAR,DAY_WEEK,HOUR,MINUTE,NHS,ROAD_FNC,ROUTE,TWAY_ID,TWAY_ID2,MILEPT,LATITUDE,LONGITUD,SP_JUR,HARM_EV,MAN_COLL,RELJCT1,RELJCT2,TYP_INT,WRK_ZONE,REL_ROAD,LGT_COND,WEATHER1,WEATHER2,WEATHER,SCH_BUS,RAIL,NOT_HOUR,NOT_MIN,ARR_HOUR,ARR_MIN,HOSP_HR,HOSP_MN,CF1,CF2,CF3,FATALS,DRUNK_DR
5,50305,1,1,0,0,0,1,1,5,0,11,8,2012,7,17,7,0,13,3,SR-5-19,,46,36.379,-92.44451944,0,33,0,0,1,1,0,4,1,1,0,1,0,0000000,99,99,99,99,88,88,0,0,0,1,1
5,50306,1,1,0,1,1,1,1,143,3670,11,8,2012,7,21,24,0,13,3,SR-71-17B,,33,36.14040278,-94.14416944,0,8,0,0,1,1,0,1,2,1,0,1,0,0000000,21,26,21,32,99,99,0,0,0,1,0
5,50307,1,1,0,0,0,1,1,35,0,12,8,2012,1,1,45,0,4,3,SR-149-05,,40,35.32486389,-90.45270278,0,30,0,0,1,1,0,4,2,1,0,1,0,0000000,1,45,2,0,88,88,0,0,0,1,1
5,50308,1,1,0,0,0,2,2,77,0,12,8,2012,1,4,47,1,2,2,US-79-15,,95,34.77535,-90.95686667,0,11,0,0,1,1,0,1,2,1,0,1,0,0000000,4,47,5,0,99,99,0,0,0,1,0
5,50309,1,1,0,0,0,1,1,7,0,12,8,2012,1,4,58,1,12,2,US-71-19,,35,36.411175,-94.21043889,0,21,0,0,1,1,0,4,6,1,0,1,0,0000000,88,88,88,88,88,88,0,0,0,1,0
5,50310,1,1,0,1,1,1,1,35,4120,12,8,2012,1,5,15,1,11,1,I-55-11,,25,35.14507222,-90.12063333,0,9,0,0,1,1,0,1,3,1,0,1,0,0000000,88,88,88,88,88,88,0,0,0,1,0
5,50311,3,3,0,0,0,6,6,149,0,13,8,2012,2,7,22,0,3,3,SR-27-10,,74,35.14221111,-93.32036944,0,12,1,0,1,1,0,1,1,1,0,1,0,0000000,7,22,7,35,99,99,0,0,0,1,0
5,50312,1,1,0,0,0,1,1,83,0,15,8,2012,4,14,44,0,4,4,CR-PATTERSON BLUFF RD,,0,35.3679,-93.58887222,0,31,0,0,1,1,0,4,1,1,0,1,0,0000000,14,44,15,0,99,99,0,0,0,1,0
5,50313,2,2,0,0,0,4,4,45,0,15,8,2012,4,17,25,0,6,4,CR-BURGESS RD.,,0,35.22346667,-92.48756389,0,12,99,0,1,1,0,1,1,1,0,1,0,0000000,88,88,88,88,88,88,0,0,0,1,1
5,50314,1,1,0,0,0,2,2,69,0,16,8,2012,5,13,47,0,3,2,US-63-13,,91,34.2149,-91.9392,0,1,0,0,1,1,1,5,1,1,0,1,0,0000000,13,58,14,1,99,99,0,0,0,1,0
5,50315,1,1,0,0,0,2,2,119,2880,16,8,2012,5,17,54,1,11,1,I-40-33,NORTH HILLS BLVD OVERPASS,1543,34.77744167,-92.24228333,0,25,0,0,1,1,0,4,1,1,0,1,0,0000000,17,55,17,59,99,99,0,0,0,1,0
5,50316,1,1,0,0,0,1,1,99,0,16,8,2012,5,22,30,0,4,3,SR-53-03,SR-73,38,33.65333333,-93.37338333,0,59,0,0,2,3,0,4,2,1,0,1,0,0000000,23,5,23,26,99,99,0,0,0,1,1
5,50317,3,3,0,0,0,5,5,69,0,17,8,2012,6,14,54,1,2,2,US-79-10,,48,34.35093611,-91.81564167,0,12,8,0,1,1,0,1,1,1,0,1,0,0000000,15,30,16,8,99,99,0,0,0,1,0
5,50318,2,2,0,0,0,6,6,15,0,18,8,2012,7,19,37,0,3,3,SR-21-06,,163,36.49534167,-93.40311944,0,1,0,0,1,1,0,1,1,1,0,1,0,0000000,19,32,19,54,99,99,0,0,0,1,0
5,50319,1,1,0,0,0,2,2,51,1912,18,8,2012,7,20,49,0,4,3,SR-227-01,,3,34.50750833,-93.12676667,0,35,0,0,1,1,0,4,1,1,0,1,0,0000000,20,50,20,57,99,99,0,0,0,1,1
5,50320,2,2,0,0,0,3,3,71,0,19,8,2012,1,14,56,0,4,3,SR-103-01,,55,35.5269,-93.52581944,0,12,1,0,4,1,0,1,1,8,0,8,0,0000000,14,56,15,7,88,88,0,0,0,1,0
5,50321,2,2,0,0,0,3,3,149,0,20,8,2012,2,6,15,0,3,3,SR-10-03,,41,35.12585278,-93.63706389,0,12,2,0,1,1,0,1,1,5,0,5,0,0000000,6,14,6,34,99,99,0,0,0,1,0
5,50322,1,1,0,0,0,1,1,119,0,24,8,2012,6,1,37,0,3,3,SR-89-02,TADPOLE,34,34.97745833,-92.12846944,0,32,0,0,3,3,0,4,2,1,0,1,0,0000000,88,88,88,88,88,88,0,0,0,1,1
5,50323,1,1,0,1,1,1,1,85,0,24,8,2012,6,21,43,0,4,2,US-70-14,CYPRESS CREEK RD.,20,34.76421111,-92.04240833,0,8,0,0,3,3,0,1,2,1,0,1,0,0000000,88,88,88,88,88,88,0,0,0,1,0
5,50324,1,1,0,0,0,5,5,119,0,26,8,2012,1,3,40,0,6,4,CR-KANIS RD.,CR-STRIPER LN.,0,34.78475,-92.58290833,0,30,0,0,2,3,0,4,2,1,0,1,0,0000000,3,42,3,50,99,99,0,0,0,1,1
5,50325,1,1,0,0,0,1,1,83,0,25,8,2012,7,13,20,0,3,3,SR-10-02,,78,35.14548056,-93.88931111,0,32,0,0,1,1,0,4,1,1,0,1,0,0000000,12,52,13,2,99,99,0,0,0,1,0
5,50326,1,1,0,0,0,1,1,57,0,25,8,2012,7,17,21,0,3,3,SR-29-03,,112,33.63115833,-93.59410833,0,42,0,0,1,1,0,4,1,1,0,1,0,0000000,17,99,17,99,88,88,0,0,0,1,0
5,50327,2,2,0,0,0,2,2,37,0,25,8,2012,7,17,51,0,6,4,CR-367,,0,35.26280278,-90.76983056,0,35,0,0,4,1,0,5,1,1,0,1,0,0000000,17,53,18,3,99,99,0,0,0,1,0
5,50328,2,2,0,0,0,5,5,143,1310,26,8,2012,1,13,49,0,13,3,SR-16-03,,44,36.05474722,-94.10798333,0,12,2,0,1,1,0,1,7,2,0,2,0,0000000,13,49,13,56,99,99,0,0,0,1,0
5,50329,5,5,0,0,0,7,7,35,4120,26,8,2012,1,19,15,1,11,1,I-40-52,,2834,35.15280278,-90.07731944,0,12,7,0,1,1,1,1,1,1,0,1,0,0000000,88,88,88,88,88,88,0,0,0,1,0
5,50330,2,2,0,0,0,2,2,121,380,27,8,2012,2,1,56,1,2,2,US-67-19,,128,36.35628056,-90.75610833,0,12,2,0,1,1,0,1,6,1,0,1,0,0000000,2,1,2,18,99,99,0,0,0,1,0
5,50331,1,1,0,0,0,1,1,65,0,27,8,2012,2,4,53,0,3,3,SR-5-17,,9,36.125275,-92.14628889,0,42,0,0,1,1,0,4,6,1,0,1,0,0000000,4,31,4,33,99,99,0,0,0,1,1
5,50332,2,2,0,0,0,3,3,143,3670,27,8,2012,2,16,19,0,13,2,US-71-17B,,48,36.16252778,-94.1437,0,12,2,0,1,1,0,1,1,1,0,1,0,0000000,16,21,16,25,99,99,0,0,0,1,0
5,50333,2,2,0,0,0,2,2,31,0,27,8,2012,2,16,30,1,2,3,SR-1-17,,28,35.70904167,-90.69358889,0,12,6,0,8,1,0,1,1,2,0,2,0,0000000,16,39,16,48,99,99,0,0,0,1,0
5,50334,1,1,0,0,0,1,1,51,0,27,8,2012,2,21,38,0,4,3,SR-298-02,,204,34.67705,-93.08073611,0,42,0,0,1,1,0,5,6,1,0,1,0,0000000,88,88,88,88,88,88,0,0,0,1,0
5,50335,1,1,0,0,0,1,1,149,0,28,8,2012,3,13,49,0,4,3,SR-154-02,,174,35.10376111,-93.32178889,0,1,0,0,1,1,0,1,1,1,0,1,0,0000000,13,50,14,0,88,88,0,0,0,1,0
5,50336,4,4,0,0,0,4,4,29,2710,28,8,2012,3,17,32,0,13,3,SR-95-01,ARROW DR,14,35.17284167,-92.74445,0,12,6,0,8,1,0,1,1,1,0,1,0,0000000,88,88,88,88,88,88,14,0,0,1,0
5,50337,4,4,0,0,0,5,5,19,0,29,8,2012,4,15,59,0,3,3,SR-7-06,,64,34.05241389,-92.95321111,0,12,11,0,1,1,0,1,1,1,0,1,0,0000000,17,26,17,36,99,99,14,0,0,1,0
5,50338,1,1,0,1,1,1,1,85,0,15,4,2012,1,3,58,0,6,4,CR-SANDHILL RD.,,0,34.88245278,-91.95703333,0,8,0,0,1,1,0,1,2,1,0,1,0,0000000,4,1,4,15,88,88,0,0,0,1,0
5,50339,1,1,0,1,1,2,2,85,2350,28,4,2012,7,19,0,0,6,4,CR-MT. TABOR,CR-JOYNER LP,0,34.90784722,-91.88006667,0,9,0,0,2,3,0,1,1,1,0,1,0,0000000,19,3,19,3,99,99,0,0,0,1,0
5,50340,1,1,0,1,1,1,1,119,2320,1,9,2012,7,3,50,1,11,1,I-440-01,,57,34.71686667,-92.24773333,0,8,0,0,1,1,0,1,2,1,0,1,0,0000000,88,88,88,88,88,88,0,0,0,1,0
5,50341,2,2,0,0,0,2,2,145,290,1,9,2012,7,21,30,1,2,2,US-67-12,,22,35.06553889,-91.92097222,0,12,1,0,1,1,0,1,2,1,0,1,0,0000000,21,32,21,42,99,99,0,0,0,1,1
5,50342,1,1,0,0,0,2,2,15,0,2,9,2012,1,11,22,0,3,2,US-62-03,,23,36.46966111,-93.83763889,0,1,0,0,1,1,0,4,1,1,0,1,0,0000000,11,29,11,39,99,99,0,0,0,1,0
5,50343,1,1,0,0,0,1,1,89,0,3,9,2012,2,18,20,0,4,3,SR-235-01,,67,36.15974444,-92.75275556,0,59,0,0,1,1,0,4,2,1,0,1,0,0000000,88,88,88,88,88,88,0,0,0,1,0
5,50344,1,1,0,0,0,2,2,35,0,5,9,2012,4,13,55,0,4,3,SR-149-05,,112,35.41415833,-90.41268611,0,1,0,0,1,1,0,4,1,1,0,1,0,0000000,14,7,14,27,99,99,0,0,0,1,0
5,50345,2,2,0,0,0,2,2,7,3390,9,9,2012,1,11,20,0,14,3,SR-12-03,N. F ST,15,36.33808611,-94.10917778,0,12,6,0,2,3,0,1,1,1,0,1,0,0000000,11,20,11,20,99,99,0,0,0,1,1
5,50346,1,1,0,0,0,2,2,55,0,10,9,2012,2,5,0,0,4,3,SR-69-10,CR-914,32,35.98716944,-90.48843889,0,59,0,0,1,1,0,2,6,1,0,1,0,0000000,5,6,5,19,99,99,0,0,0,2,1
5,50347,2,2,0,0,0,2,2,51,0,10,9,2012,2,7,27,0,14,3,SR-88-04,,10,34.45977222,-93.07700278,0,12,6,0,1,1,0,1,1,1,0,1,0,0000000,88,88,88,88,88,88,0,0,0,1,0
5,50348,2,2,0,0,0,3,3,119,0,11,9,2012,3,6,55,1,11,1,I-630-21,,53,34.745,-92.354,0,54,11,0,1,1,0,1,1,1,0,1,0,0000000,7,3,7,11,88,88,14,0,0,1,0
5,50349,1,1,0,0,0,1,1,39,0,11,9,2012,3,16,39,0,4,3,SR-229-00,,74,33.93206944,-92.4708,0,21,0,0,1,1,0,4,1,1,0,1,0,0000000,88,88,88,88,88,88,0,0,0,1,0
5,50350,1,1,0,0,0,1,1,85,600,13,9,2012,5,11,25,1,12,2,US-67-11,,6,34.95031667,-92.06199722,0,24,0,0,1,1,0,4,1,1,0,1,0,0000000,88,88,88,88,88,88,0,0,0,1,0
5,50351,1,1,0,0,0,1,1,63,0,13,9,2012,5,13,45,0,4,3,SR-230-00,,70,35.69591389,-91.64878333,0,25,0,0,1,1,0,3,1,1,0,1,0,0000000,88,88,88,88,88,88,0,0,0,1,0
5,50352,2,2,0,0,0,2,2,111,0,14,9,2012,6,5,21,1,2,3,SR-1-16,,78,35.67194722,-90.70343333,0,12,1,0,1,1,0,1,2,1,0,1,0,0000000,88,88,88,88,88,88,0,0,0,1,0
5,50353,3,3,0,0,0,3,3,15,0,14,9,2012,6,14,18,0,4,3,SR-221-01,,21,36.41938889,-93.55722222,0,12,6,0,1,1,0,1,1,2,0,2,0,0000000,14,15,14,56,99,99,0,0,0,1,1
5,50354,2,2,0,0,0,5,5,7,2380,14,9,2012,6,18,41,0,13,2,US-71-18B,N. BLOOMINGTON,39,36.26709444,-94.13652222,0,12,6,0,1,1,0,1,1,2,0,2,0,0000000,18,43,99,99,99,99,0,0,0,1,1
5,50355,1,1,0,0,0,1,1,59,0,15,9,2012,7,4,59,1,1,1,I-30-21,,834,34.24258056,-92.99973056,0,42,0,0,1,1,0,5,2,1,0,1,0,0000000,88,88,88,88,88,88,0,0,0,1,0
5,50356,2,2,0,0,0,2,2,51,0,15,9,2012,7,8,8,1,2,2,US-70-09,,85,34.54324722,-92.88356667,0,12,2,0,1,1,0,1,1,2,0,2,0,0000000,8,7,8,20,99,99,0,0,0,1,0
5,50357,1,1,0,0,0,1,1,47,0,18,9,2012,3,14,16,1,1,1,I-40-12,,425,35.50209444,-93.72691944,0,42,0,0,1,1,0,4,1,1,0,1,0,0000000,13,19,13,30,99,99,0,0,0,1,0
5,50358,1,1,0,0,0,1,1,113,2630,18,9,2012,3,17,56,0,16,6,S. MENA ST.,,0,34.57041111,-94.23194167,0,53,0,0,1,1,0,4,1,1,0,1,0,0000000,17,56,18,2,99,99,0,0,0,1,0
5,50359,1,1,0,0,0,1,1,119,2320,20,9,2012,5,7,50,0,16,6,LINDSEY RD,,0,34.71231944,-92.20763333,0,42,0,0,1,1,0,4,1,1,0,1,0,0000000,8,10,8,17,99,99,0,0,0,1,0
5,50360,2,2,0,0,0,3,3,7,0,20,9,2012,5,14,20,0,4,3,SR-94-03,,35,36.46648333,-94.14015278,0,7,0,0,8,1,0,4,1,1,0,1,0,0000000,14,27,14,32,99,99,0,0,0,1,0
5,50361,2,2,0,0,0,4,4,29,735,20,9,2012,5,17,35,0,3,3,SR-9-08,,234,35.39036667,-92.55478611,0,12,6,0,1,1,0,1,1,1,0,1,0,0000000,17,35,17,58,99,99,0,0,0,1,1
5,50362,1,1,0,1,1,1,1,51,0,21,9,2012,6,6,14,0,6,4,CR-OLD DALLAS,,0,34.459275,-93.35467222,0,8,0,0,4,1,0,1,2,1,0,1,1,0000000,6,32,6,53,99,99,0,0,0,1,0
5,50364,1,1,0,0,0,1,1,23,0,21,9,2012,6,22,33,0,6,3,SR-16-12,,95,35.43566111,-91.892275,0,35,0,0,1,1,0,4,2,1,0,1,0,0000000,88,88,88,88,88,88,0,0,0,1,1
5,50365,2,2,0,0,0,3,3,93,0,24,9,2012,2,7,58,0,4,3,SR-158-02,CR-69,43,35.77935278,-90.24996944,0,12,2,0,2,3,0,1,1,1,0,1,0,0000000,8,1,8,20,99,99,0,0,0,1,1
5,50366,2,2,0,0,0,2,2,141,820,25,9,2012,3,6,10,1,2,2,US-65-08,,43,35.56499167,-92.45155278,0,12,2,0,1,1,0,1,2,1,0,1,0,0000000,88,88,88,88,88,88,0,0,0,1,0
5,50367,2,2,0,1,1,3,3,35,4120,25,9,2012,3,23,23,1,11,1,I-40-52,,2767,35.16743333,-90.20150833,0,8,0,0,1,1,0,1,6,1,0,1,0,0000000,23,24,23,30,99,99,14,0,0,1,0
5,50368,1,1,0,0,0,1,1,145,0,28,9,2012,6,8,46,0,4,3,SR-305-01,,13,35.20373056,-91.95083611,0,42,0,0,1,1,0,4,1,1,0,1,0,0000000,9,5,9,58,99,99,0,0,0,1,0
5,50369,1,1,0,0,0,1,1,19,2940,29,9,2012,7,16,45,0,6,5,EAST 1ST ST.,EAST 2ND ST.,0,34.00298611,-93.33244722,0,1,0,0,2,3,0,4,1,2,0,2,0,0000000,88,88,88,88,88,88,0,0,0,1,1
5,50370,1,1,0,0,0,1,1,59,394,3,10,2012,4,9,44,0,4,3,SR-84-06,,75,34.33152778,-93.04646111,0,42,0,0,1,1,0,4,1,1,0,1,0,0000000,88,88,88,88,88,88,0,0,0,1,0
5,50371,1,1,0,0,0,1,1,135,0,3,10,2012,4,19,22,0,4,3,SR-56-04,,35,36.06322778,-91.55047222,0,1,0,0,1,1,0,4,2,1,0,1,0,0000000,88,88,88,88,88,88,0,0,0,1,0
5,50372,1,1,0,1,1,1,1,145,3530,4,10,2012,5,8,28,0,14,3,SR-267-01,,134,35.23951944,-91.73900833,0,15,0,0,1,1,0,1,1,1,0,1,0,0000000,8,29,8,35,99,99,0,0,0,1,0
5,50373,3,3,0,0,0,5,5,87,0,5,10,2012,6,12,51,1,2,2,US-412-03,,73,36.12478611,-93.82146111,0,12,2,0,1,1,0,1,1,2,0,2,0,0000000,12,44,13,2,99,99,14,0,0,1,0
5,50374,1,1,0,0,0,1,1,125,570,5,10,2012,6,13,0,0,14,3,SR-183-01,WILKERSON RD.,60,34.58438889,-92.49326389,0,7,0,0,3,2,0,1,1,1,0,1,0,0000000,13,1,13,2,99,99,0,0,0,1,0
5,50375,1,1,0,2,2,1,1,69,3150,5,10,2012,6,23,55,0,15,3,SR-190-05,,21,34.22378889,-92.06111667,0,8,0,0,1,1,0,1,2,1,0,1,0,0000000,0,5,0,9,99,99,0,0,0,1,0
5,50376,1,1,0,0,0,1,1,75,0,6,10,2012,7,13,50,0,3,3,SR-25-06,,1580,36.05684167,-91.19362778,0,35,0,0,1,1,0,4,1,1,0,1,0,0000000,13,50,14,9,99,99,0,0,0,1,0
5,50377,1,1,0,0,0,1,1,125,0,6,10,2012,7,19,28,1,1,1,I-30-23,,1111,34.53667222,-92.67387778,0,59,0,0,1,1,0,4,2,2,0,2,0,0000000,19,33,19,42,99,99,0,0,0,1,0
5,50378,1,1,0,0,0,1,1,93,450,7,10,2012,1,5,10,0,6,6,MAIN ST.,5TH ST.,0,35.92745,-89.90796111,0,33,0,0,2,2,0,4,3,1,0,1,0,0000000,5,16,5,26,99,99,0,0,0,1,1
5,50379,1,1,0,0,0,1,1,71,0,8,10,2012,2,0,15,0,4,3,SR-164-00,,95,35.55161667,-93.64032222,0,52,0,0,1,1,0,4,2,1,0,1,0,0000000,99,99,99,99,88,88,0,0,0,1,0
5,50380,1,1,0,0,0,2,2,99,0,8,10,2012,2,0,30,0,3,3,SR-19-05,,62,33.88605278,-93.44348056,0,32,0,0,8,1,0,4,2,1,0,1,0,0000000,88,88,88,88,88,88,0,0,0,2,1
5,50381,2,2,0,0,0,2,2,5,2730,8,10,2012,2,18,50,1,13,2,US-62-10,ROSSI RD,99,36.32127778,-92.36280833,0,12,6,0,2,2,0,1,2,1,0,1,0,0000000,18,51,18,58,99,99,0,0,0,1,0
5,50382,3,3,0,0,0,3,3,149,390,9,10,2012,3,15,58,0,3,3,SR-10-04,,167,35.01723611,-93.13331667,0,12,1,0,1,1,0,1,1,1,0,1,0,0000000,15,58,16,14,99,99,0,0,0,1,0
5,50383,2,2,0,0,0,2,2,85,0,10,10,2012,4,15,50,0,3,3,SR-31-03,INDIAN POINT RD,141,34.97843611,-91.873775,0,12,6,0,2,3,0,1,1,1,0,1,0,0000000,88,88,88,88,88,88,0,0,0,1,0
5,50384,2,2,0,0,0,4,4,139,1210,12,10,2012,6,13,11,0,16,5,E. MAIN ST.,,0,33.21219444,-92.64491389,0,12,1,0,4,1,0,1,1,1,0,1,0,0000000,13,12,13,14,99,99,0,0,0,1,0
5,50385,2,2,0,0,0,6,6,31,0,13,10,2012,7,19,40,0,3,3,SR-141-01,CR-780,86,35.95832778,-90.71333056,0,12,6,0,2,3,0,1,6,1,0,1,0,0000000,19,40,19,56,99,99,0,0,0,1,0
5,50386,1,1,0,0,0,1,1,115,0,13,10,2012,7,21,24,0,6,4,CR-QUAIL HOLLOW RD.,CR-QUAIL RIDGE RD.,0,35.36306667,-93.13603611,0,35,0,0,3,3,0,4,2,1,0,1,0,0000000,21,18,21,24,99,99,0,0,0,1,1
5,50387,1,1,0,0,0,1,1,115,3450,14,10,2012,1,0,52,0,6,5,E. 8TH ST.,SO. ITHACA AVE.,0,35.27113889,-93.12318333,0,19,0,0,2,2,0,5,6,2,0,2,0,0000000,1,0,1,6,88,88,0,0,0,1,1
5,50388,1,1,0,0,0,1,1,131,1370,14,10,2012,1,20,43,0,6,5,SO. ALBERT PIKE AVE.,SO. S ST.,0,35.36418333,-94.38618056,0,53,0,0,2,3,0,4,3,1,0,1,0,0000000,20,45,20,53,88,88,0,0,0,1,1
5,50389,2,2,0,0,0,2,2,31,2070,16,10,2012,3,6,20,1,2,2,US-63-07,,60,35.78598056,-90.60229444,0,12,1,0,1,1,0,1,2,1,0,1,0,0000000,88,88,88,88,88,88,0,0,0,1,0
5,50390,1,1,0,0,0,2,2,85,0,16,10,2012,3,14,0,0,3,3,SR-15-09,,17,34.51343889,-91.94838611,0,34,0,0,1,1,0,4,1,1,0,1,0,0000000,15,29,15,30,99,99,0,0,0,1,0
5,50391,2,2,0,0,0,2,2,41,0,17,10,2012,4,6,50,0,4,3,SR-4-17,,83,33.61589444,-91.39053611,0,12,2,0,1,1,0,1,4,1,0,1,0,0000000,6,55,7,4,99,99,0,0,0,2,0
5,50392,1,1,0,0,0,1,1,119,2880,17,10,2012,4,16,36,1,1,1,I-440-171,,3,34.781975,-92.16437222,0,1,0,1,5,1,0,4,1,2,0,2,0,0000000,88,88,88,88,88,88,0,0,0,1,0
5,50393,2,2,0,0,0,2,2,135,0,17,10,2012,4,16,48,1,2,2,US-167-19,,142,36.11884722,-91.60546389,0,12,2,0,1,1,0,1,1,2,0,2,0,0000000,16,48,17,4,99,99,0,0,0,1,0
5,50394,1,1,0,0,0,1,1,105,0,17,10,2012,4,22,50,0,3,3,SR-60-01,,126,35.03528611,-92.71551389,0,38,0,0,1,1,0,4,2,1,0,1,0,0000000,22,9,22,22,99,99,0,0,0,1,0
5,50395,2,2,0,0,0,6,6,133,0,19,10,2012,6,19,2,0,4,3,SR-24-01,CR-RED BRIDGE RD.,28,33.95951111,-94.29258056,0,12,6,0,2,2,0,1,2,1,0,1,0,0000000,19,15,19,33,99,99,0,0,0,1,0
5,50396,1,1,0,0,0,2,2,115,0,20,10,2012,7,1,18,0,6,4,CR-NATL FOREST SER RD/CR-1310,,0,35.57370833,-93.02225833,0,42,0,0,1,1,0,4,2,1,0,1,0,0000000,88,88,88,88,88,88,0,0,0,2,1
5,50397,1,1,0,0,0,1,1,143,0,20,10,2012,7,2,21,1,2,2,US-412-02,NOB HILL LOOP/CR-389,197,36.17523611,-93.99888333,0,59,0,1,2,2,0,4,2,1,0,1,0,0000000,88,88,88,88,88,88,0,0,0,1,1
5,50398,2,2,0,0,0,6,6,53,0,20,10,2012,7,11,36,1,2,2,US-167-11,,106,34.38189167,-92.37893333,0,12,2,0,1,1,0,1,1,1,0,1,0,0000000,11,49,12,0,99,99,0,0,0,4,0
5,50399,2,2,0,0,0,3,3,3,0,20,10,2012,7,19,30,1,2,2,US-82-09,,159,33.30252222,-91.55310833,0,12,8,0,1,1,0,1,2,1,0,1,0,0000000,88,88,88,88,88,88,0,0,0,2,1
5,50400,3,3,0,0,0,3,3,119,2320,21,10,2012,1,19,0,0,13,3,SR-10-08,,63,34.79873056,-92.41719722,0,33,0,0,1,1,0,4,3,1,0,1,0,0000000,19,0,19,6,99,99,0,0,0,1,1
5,50401,2,2,0,0,0,2,2,143,3670,21,10,2012,1,20,26,1,13,2,US-412-02,56TH ST.,81,36.17540556,-94.19200833,0,12,1,0,2,2,0,1,2,1,0,1,0,0000000,20,29,20,32,88,88,0,0,0,1,1
5,50402,2,2,0,0,0,3,3,119,2036,21,10,2012,1,22,48,1,12,2,US-67-10,,88,34.86755556,-92.12761667,0,25,0,0,1,1,0,3,3,1,0,1,0,0000000,22,50,22,57,88,88,0,0,0,1,0
5,50403,2,2,0,0,0,2,2,51,1907,22,10,2012,2,21,7,0,13,3,SR-7-09,ORANGE,104,34.50516389,-93.05518333,0,12,6,0,2,2,0,1,1,1,0,1,0,0000000,9,8,9,11,99,99,0,0,0,1,0
5,50404,2,2,0,0,0,5,5,67,0,23,10,2012,3,13,13,0,3,3,SR-226-01,,57,35.79708611,-91.04958333,0,12,2,0,1,1,0,1,1,1,0,1,0,0000000,13,28,13,59,99,99,0,0,0,2,0
5,50405,1,1,0,0,0,1,1,119,2320,24,10,2012,4,20,45,0,6,6,E. ROOSEVELT,,0,34.72075,-92.24028889,0,43,0,0,1,1,0,3,3,1,0,1,0,0000000,20,45,20,50,99,99,0,0,0,1,0
5,50406,1,1,0,0,0,1,1,91,0,26,10,2012,6,6,20,1,1,1,I-30-11,,138,33.56492778,-93.85551389,0,35,0,0,1,1,0,3,2,2,0,2,0,0000000,88,88,88,88,88,88,0,0,0,1,0
5,50407,1,1,0,0,0,1,1,119,0,26,10,2012,6,9,54,0,13,2,US-70-13,,108,34.76477778,-92.09710278,0,42,0,0,1,1,0,4,1,1,0,1,0,0000000,88,88,88,88,88,88,0,0,0,1,0
5,50408,2,2,0,0,0,8,8,27,2490,26,10,2012,6,15,45,1,13,2,US-82-04,E. UNIVERSITY ST,5,33.28928333,-93.21385278,0,12,2,0,2,2,0,1,1,2,0,2,0,0000000,15,39,15,42,88,88,0,0,0,1,0
5,50409,1,1,0,0,0,1,1,139,0,28,10,2012,1,21,0,0,4,3,SR-129-02,,34,33.22829444,-92.51958056,0,1,0,0,1,1,0,4,2,1,0,1,0,0000000,21,4,21,12,88,88,0,0,0,1,1
5,50410,6,6,0,0,0,8,8,43,4190,29,10,2012,2,12,0,0,3,2,US-278-14,,24,33.62698333,-91.94063611,0,12,1,0,1,1,0,1,1,1,0,1,0,441446Y,12,1,12,13,99,99,0,0,0,1,0
5,50411,3,3,0,0,0,6,6,31,0,30,10,2012,3,13,15,0,3,3,SR-226-02,CR-237,71,35.79405,-90.91083889,0,12,1,0,2,3,0,1,1,1,0,1,0,0000000,13,20,13,36,99,99,0,0,0,2,0
5,50412,2,2,0,0,0,2,2,119,2880,31,10,2012,4,8,41,0,14,3,SR-161-03,,108,34.77380556,-92.19924722,0,12,1,0,1,1,0,1,1,1,0,1,0,0000000,8,43,8,55,88,88,0,0,0,1,0
5,50413,3,3,0,0,0,22,22,129,0,1,11,2012,5,11,18,1,2,2,US-65-04,,68,36.05184167,-92.84816389,0,12,1,0,4,1,0,1,1,1,0,1,0,0000000,11,17,11,22,99,99,0,0,0,1,0
5,50414,1,1,0,0,0,2,2,85,0,2,11,2012,6,5,45,1,1,1,I-40-41,,1801,34.79875833,-91.79247778,0,1,0,0,1,1,0,4,2,1,0,1,0,0000000,5,47,5,55,99,99,0,0,0,1,0
5,50415,1,1,0,1,1,1,1,7,3390,2,11,2012,6,23,24,1,13,2,US-62-02,,25,36.35544722,-94.13608889,0,9,0,0,1,1,0,1,2,1,0,1,0,0000000,23,25,23,27,99,99,0,0,0,1,0
5,50416,2,2,0,0,0,3,3,31,0,3,11,2012,7,20,28,1,2,2,US-49-03,US-49B,56,35.89207778,-90.58860833,0,12,6,0,2,4,0,1,3,1,0,1,0,0000000,20,41,20,51,99,99,0,0,0,1,1
5,50417,1,1,0,0,0,1,1,49,0,4,11,2012,1,7,55,1,2,2,US-62-12,,82,36.39776389,-92.026475,0,42,0,0,1,1,0,4,1,10,0,10,0,0000000,8,0,8,20,99,99,0,0,0,1,0
5,50418,1,1,0,0,0,2,2,119,2320,5,11,2012,2,0,56,1,1,1,I-630-159,,1,34.74525833,-92.33293889,0,1,0,1,5,1,0,1,2,1,0,1,0,0000000,88,88,88,88,88,88,0,0,0,2,1
5,50419,2,2,0,0,0,2,2,49,0,6,11,2012,3,7,41,1,2,2,US-62-12,,162,36.39227222,-91.89268889,0,24,0,0,1,1,0,4,1,10,5,5,0,0000000,7,42,7,47,99,99,0,0,0,1,0
5,50420,1,1,0,0,0,1,1,145,0,6,11,2012,3,12,40,1,2,2,US-67-12,,67,35.10658889,-91.85868056,0,42,0,0,1,1,0,4,1,1,0,1,0,0000000,12,52,13,9,99,99,0,0,0,1,0