STATE,ST_CASE,VE_TOTAL,VE_FORMS,PVH_INVL,PEDS,PERNOTMVIT,PERMVIT,PERSONS,COUNTY,CITY,DAY,MONTH,YEAR,DAY_WEEK,HOUR,MINUTE,NHS,ROAD_FNC,ROUTE,TWAY_ID,TWAY_ID2,MILEPT,LATITUDE,LONGITUD,SP_JUR,HARM_EV,MAN_COLL,RELJCT1,RELJCT2,TYP_INT,WRK_ZONE,REL_ROAD,LGT_COND,WEATHER1,WEATHER2,WEATHER,SCH_BUS,RAIL,NOT_HOUR,NOT_MIN,ARR_HOUR,ARR_MIN,HOSP_HR,HOSP_MN,CF1,CF2,CF3,FATALS,DRUNK_DR
5,50421,1,1,0,0,0,1,1,71,0,7,11,2012,4,15,0,0,6,4,CR-4540,,0,35.58247778,-93.38174444,0,42,0,0,1,1,0,4,1,1,0,1,0,0000000,88,88,88,88,88,88,0,0,0,1,0
5,50422,2,2,0,0,0,5,5,61,2790,8,11,2012,5,7,27,0,3,3,SR-27-02,,108,33.91627222,-93.86503333,0,11,0,0,1,1,0,1,1,1,0,1,0,0000000,7,33,7,37,99,99,14,19,0,2,0
5,50423,2,2,0,0,0,4,4,17,0,8,11,2012,5,11,40,1,2,2,US-65-21,SR-160,99,33.20300278,-91.25997222,0,12,6,0,2,2,0,1,1,1,0,1,0,0000000,11,44,11,53,99,99,0,0,0,1,0
5,50424,2,2,0,0,0,5,5,3,2875,8,11,2012,5,16,28,0,4,3,SR-133-01,,23,33.16449444,-91.94228611,0,12,2,0,1,1,0,1,1,1,0,1,0,0000000,16,30,16,37,99,99,0,0,0,1,0
5,50425,1,1,0,0,0,2,2,69,80,9,11,2012,6,0,45,0,6,4,CR-BLUE ROCK RD.,,0,34.33791944,-91.82291944,0,34,0,0,1,1,0,4,2,1,0,1,0,0000000,88,88,88,88,88,88,0,0,0,1,1
5,50426,3,3,0,1,1,8,8,51,1907,9,11,2012,6,23,49,1,12,2,US-270-05,US-70,192,34.47784444,-93.11485,0,12,2,0,2,2,0,1,2,1,0,1,0,0000000,23,51,23,55,99,99,19,0,0,2,0
5,50427,1,1,0,0,0,2,2,93,0,10,11,2012,7,6,5,1,11,1,I-55-12,,643,35.90533889,-89.89101111,0,34,0,0,1,1,0,4,1,1,0,1,0,0000000,6,20,6,35,99,99,0,0,0,1,0
5,50428,1,1,0,0,0,1,1,33,770,11,11,2012,1,11,36,1,1,1,I-540-03,,400,35.75061111,-94.19875556,0,35,0,0,1,1,0,4,1,2,0,2,0,0000000,11,34,11,57,99,99,0,0,0,1,0
5,50429,1,1,0,0,0,2,2,19,0,11,11,2012,1,14,57,1,1,1,I-30-14,,590,33.95559722,-93.22662778,0,1,0,0,1,1,0,4,1,2,0,2,0,0000000,15,7,15,20,99,99,0,0,0,1,0
5,50430,2,2,0,0,0,3,3,7,3390,11,11,2012,1,9,33,0,4,3,SR-12-03,,27,36.34403333,-94.09276389,0,12,8,0,1,1,0,1,1,1,0,1,0,0000000,9,35,9,39,99,99,0,0,0,1,1
5,50431,2,2,0,0,0,2,2,55,3030,13,11,2012,3,5,32,1,13,2,US-49-02,,181,36.03836111,-90.51251667,0,12,2,0,1,1,0,1,6,1,0,1,0,0000000,99,99,99,99,99,99,0,0,0,1,0
5,50432,1,1,0,0,0,1,1,75,0,13,11,2012,3,8,55,1,2,2,US-63-04,,372,36.02021667,-90.92244444,0,35,0,0,1,1,0,4,1,1,0,1,0,0000000,88,88,88,88,88,88,0,0,0,1,0
5,50433,2,2,0,0,0,2,2,31,2070,13,11,2012,3,18,40,1,12,2,US-63-06,,107,35.857225,-90.77635833,0,12,2,0,1,1,0,1,3,1,0,1,0,0000000,18,43,18,43,99,99,0,0,0,1,0
5,50434,3,3,0,0,0,7,7,59,0,15,11,2012,5,19,11,0,3,3,SR-7-08,,134,34.37735,-93.14571944,0,12,2,0,1,1,0,1,2,1,0,1,0,0000000,19,25,19,35,99,99,0,0,0,5,0
5,50435,1,1,0,0,0,1,1,93,0,16,11,2012,6,9,15,0,6,4,CR-175,,0,35.90392778,-90.19538889,0,34,0,0,1,1,0,5,1,1,0,1,0,0000000,88,88,88,88,88,88,0,0,0,1,1
5,50436,2,2,0,0,0,7,7,57,0,16,11,2012,6,20,57,1,1,1,I-30-12,,330,33.71069722,-93.57104444,0,12,7,0,1,1,0,1,6,1,0,1,0,0000000,20,57,21,7,99,99,0,0,0,1,1
5,50437,1,1,0,0,0,2,2,119,2320,17,11,2012,7,0,26,1,11,1,I-430-21,,19,34.68776389,-92.40533333,0,42,0,0,1,1,0,5,3,1,0,1,0,0000000,0,26,0,29,99,99,0,0,0,1,0
5,50438,1,1,0,1,1,2,2,115,190,18,11,2012,1,17,50,0,4,3,SR-105-01,NE 2ND,155,35.244025,-92.937475,0,8,0,1,2,2,0,1,3,1,0,1,0,0000000,17,55,18,6,99,99,0,0,0,1,0
5,50439,1,1,0,0,0,1,1,31,0,20,11,2012,3,11,34,0,4,3,SR-163-05,,23,35.73686111,-90.66445556,0,1,0,0,1,1,0,4,1,1,0,1,0,0000000,11,40,11,47,99,99,0,0,0,1,0
5,50440,2,2,0,0,0,4,4,145,3530,20,11,2012,3,14,54,0,14,3,SR-36-03,SHERWOOD LN.,196,35.24698889,-91.81018333,0,12,6,0,2,2,0,1,1,1,0,1,0,0000000,14,55,15,2,99,99,0,0,0,2,0
5,50441,1,1,0,0,0,2,2,97,0,20,11,2012,3,15,2,0,3,3,SR-27-07,,60,34.60777222,-93.55773889,0,35,0,0,1,1,0,4,1,1,0,1,0,0000000,15,5,15,35,99,99,0,0,0,1,0
5,50442,1,1,0,0,0,1,1,119,2320,20,11,2012,3,16,35,0,16,6,TEMPLE,,0,34.73900556,-92.21415833,0,24,0,0,1,1,0,4,5,1,0,1,0,0000000,16,48,17,0,99,99,0,0,0,1,0
5,50443,2,2,0,0,0,2,2,55,9997,20,11,2012,3,17,56,0,2,3,SR-135-05,,38,36.11742222,-90.50965278,0,12,2,0,1,1,0,1,6,1,0,1,0,0000000,17,56,18,4,99,99,0,0,0,1,0
5,50444,1,1,0,0,0,5,5,125,570,21,11,2012,4,0,45,0,6,6,NORTHLAKE RD.,,0,34.65014444,-92.52088611,0,31,0,0,1,1,0,4,6,1,0,1,0,0000000,0,50,1,5,99,99,0,0,0,1,0
5,50445,2,2,0,0,0,2,2,25,0,21,11,2012,4,23,40,0,3,2,US-63-15,,20,34.03439167,-92.04111944,0,12,6,0,1,1,0,1,3,1,0,1,0,0000000,88,88,88,88,88,88,0,0,0,1,1
5,50446,1,1,0,0,0,2,2,115,0,22,11,2012,5,0,50,0,4,3,SR-27-12,,13,35.50993611,-92.96854722,0,42,0,0,1,1,0,4,6,1,0,1,0,0000000,88,88,88,88,88,88,0,0,0,2,1
5,50447,1,1,0,1,1,1,1,143,3670,22,11,2012,5,17,54,0,13,2,US-71-17B,,62,36.18068889,-94.13874444,0,8,0,0,8,1,0,1,2,2,0,2,0,0000000,17,54,17,57,99,99,0,0,0,1,0
5,50448,2,2,0,0,0,2,2,141,0,22,11,2012,5,19,40,0,4,3,SR-254-00,,50,35.71344444,-92.71693056,0,12,2,0,1,1,0,1,2,1,0,1,0,0000000,88,88,88,88,88,88,0,0,0,1,1
5,50449,2,2,0,0,0,4,4,69,3150,23,11,2012,6,1,50,0,14,3,SR-365-14,NORMAN ST.,190,34.247075,-92.06676944,0,12,6,1,3,2,0,1,3,2,0,2,0,0000000,2,6,2,10,99,99,0,0,0,1,2
5,50450,2,2,0,0,0,6,6,57,0,23,11,2012,6,18,15,0,3,2,US-278-05,CR-21,224,33.69006667,-93.63303056,0,12,6,0,2,3,0,1,2,1,0,1,0,0000000,18,15,18,21,99,99,0,0,0,1,0
5,50451,1,1,0,0,0,2,2,115,0,23,11,2012,6,15,40,0,4,3,SR-326-03,,25,35.32731667,-93.009025,0,59,0,0,1,1,0,4,1,1,0,1,0,0000000,15,43,15,56,99,99,0,0,0,1,0
5,50452,1,1,0,1,1,2,2,49,0,23,11,2012,6,16,30,1,2,2,US-62-12,HORSESHOE TRAIL,16,36.37748056,-92.13184167,0,8,0,0,3,4,0,4,1,1,0,1,0,0000000,4,39,4,57,99,99,0,0,0,1,1
5,50453,2,2,0,0,0,2,2,131,0,24,11,2012,7,2,29,1,2,2,US-71-13,,10,35.07533889,-94.25926389,0,12,2,0,1,1,0,1,2,1,0,1,0,0000000,2,29,2,43,99,99,0,0,0,1,1
5,50454,1,1,0,0,0,1,1,55,3030,26,11,2012,2,10,13,0,14,2,US-69-10,GRANT LN.,60,36.03111944,-90.48591111,0,32,0,0,2,3,0,4,1,1,0,1,0,0000000,10,13,10,15,99,99,0,0,0,1,0
5,50455,3,3,0,0,0,6,6,83,0,26,11,2012,2,17,5,0,3,3,SR-22-03,,5,35.30905556,-93.90921667,0,12,8,0,1,1,0,1,2,8,0,8,0,0000000,88,88,88,88,88,88,14,0,0,1,0
5,50456,2,2,0,0,0,2,2,119,2320,27,11,2012,3,9,31,0,16,6,MISSISSIPPI ST.,PATRICIA LN.,0,34.756925,-92.35872778,0,12,6,0,2,4,0,1,1,1,0,1,0,0000000,9,32,9,38,99,99,0,0,0,1,0
5,50457,1,1,0,1,1,1,1,125,0,27,11,2012,3,19,35,1,2,1,I-00030-325,,1,34.48189167,-92.72670556,0,8,0,1,5,1,0,1,2,1,0,1,0,0000000,19,45,20,15,88,88,0,0,0,1,0
5,50458,2,2,0,1,1,2,2,143,0,28,11,2012,4,7,20,0,4,3,SR-170-01,,38,35.90120278,-94.21612778,0,12,1,0,1,1,0,1,1,1,0,1,0,0000000,7,21,7,29,99,99,0,0,0,1,0
5,50459,2,2,0,0,0,4,4,23,0,30,11,2012,6,6,6,0,4,3,SR-92-05,,64,35.61028611,-92.07491944,0,12,8,0,1,1,0,1,2,1,0,1,0,0000000,6,6,6,24,99,99,0,0,0,1,0
5,50460,1,1,0,0,0,2,2,119,0,20,4,2012,6,18,33,0,6,4,CR-145TH ST.,,0,34.61761389,-92.26420278,0,42,0,0,1,1,0,5,1,2,0,2,0,0000000,18,34,18,44,99,99,0,0,0,1,1
5,50461,1,1,0,0,0,3,3,29,3645,13,8,2012,2,13,50,0,6,4,CR-TUCKER MOUNTAIN RD,,0,35.27225278,-92.64825556,0,34,0,0,1,1,0,5,1,1,0,1,0,0000000,13,50,14,1,99,99,0,0,0,1,0
5,50462,1,1,0,1,1,2,2,7,1490,1,12,2012,7,3,53,0,16,6,MAIN ST.,PLEASANT ST.,0,36.26765,-94.49166111,0,8,0,0,3,3,0,1,3,8,0,8,0,0000000,3,55,3,59,99,99,0,0,0,1,0
5,50463,1,1,0,0,0,1,1,111,0,1,12,2012,7,19,35,1,2,2,US-63-09,,18,35.51856667,-90.40168333,0,1,0,0,1,1,0,3,2,1,0,1,0,0000000,88,88,88,88,88,88,0,0,0,1,1
5,50464,1,1,0,0,0,2,2,113,0,1,12,2012,7,22,40,0,6,4,CR-95,,0,34.61792778,-94.39926389,0,42,0,0,1,1,0,4,2,1,0,1,0,0000000,22,40,23,15,99,99,20,0,0,1,0
5,50465,1,1,0,0,0,1,1,39,0,2,12,2012,1,4,40,0,4,3,SR-229-00,,28,33.87486389,-92.43466944,0,21,0,0,1,1,0,4,2,1,0,1,0,0000000,88,88,88,88,88,88,0,0,0,1,1
5,50466,1,1,0,0,0,1,1,115,0,2,12,2012,1,16,35,0,4,3,SR-27-11,,125,35.479675,-92.97171389,0,38,0,0,1,1,0,5,1,1,0,1,0,0000000,16,35,16,50,99,99,0,0,0,1,0
5,50467,1,1,0,0,0,1,1,127,0,3,12,2012,2,13,45,1,2,2,US-71-10,JOHNSON CREEK RD,14,34.70721111,-94.17831944,0,1,0,0,2,3,0,4,1,1,0,1,0,0000000,88,88,88,88,88,88,0,0,0,1,1
5,50468,1,1,0,0,0,2,2,3,0,3,12,2012,2,16,45,0,4,3,SR-8-14,,1293,33.17418889,-91.60615833,0,1,0,0,1,1,0,1,1,1,0,1,0,0000000,16,49,17,3,99,99,0,0,0,1,1
5,50469,1,1,0,1,1,2,2,139,3620,3,12,2012,2,18,18,1,2,3,SR-7-02,SUMAC ST.,82,33.34441111,-92.73065,0,8,0,0,2,2,0,1,6,2,0,2,0,0000000,88,88,88,88,88,88,0,0,0,1,0
5,50470,1,1,0,0,0,1,1,85,600,3,12,2012,2,18,52,1,2,2,US-67-203 SERVICE RD.,,5,34.94685556,-92.06743611,0,59,0,0,1,1,0,4,3,1,0,1,0,0000000,18,54,18,59,99,99,0,0,0,1,1
5,50471,1,1,0,0,0,2,2,67,1105,4,12,2012,3,19,30,0,14,3,SR-17-07,,10,35.65275,-91.26517222,0,32,0,0,8,1,0,4,6,1,0,1,0,0000000,19,40,19,47,99,99,0,0,0,1,1
5,50472,1,1,0,0,0,1,1,13,0,6,12,2012,5,23,25,0,4,3,SR-274-02,,121,33.61429722,-92.55379167,0,32,0,0,8,1,0,4,2,1,0,1,0,0000000,23,28,23,48,88,88,0,0,0,1,1
5,50473,1,1,0,0,0,1,1,35,9997,6,12,2012,5,17,35,0,4,3,SR-131-02,,62,34.93881111,-90.32845,0,32,0,0,1,1,0,4,6,5,0,5,0,0000000,88,88,88,88,88,88,0,0,0,1,1
5,50474,1,1,0,1,1,1,1,119,3570,6,12,2012,5,18,5,0,13,3,SR-107-01,,48,34.83544722,-92.23165833,0,8,0,0,1,1,0,1,3,99,0,99,0,0000000,99,99,99,99,18,31,0,0,0,1,1
5,50475,2,2,0,0,0,2,2,69,0,8,12,2012,7,12,58,1,2,2,US-270-11,,38,34.28224444,-92.15268611,0,12,2,0,1,1,0,1,1,1,0,1,0,0000000,13,4,13,14,88,88,0,0,0,2,0
5,50476,1,1,0,1,1,1,1,119,2880,10,12,2012,2,23,30,0,14,3,SR-5-10,,3,34.7535,-92.26796944,0,21,0,0,1,1,0,4,3,1,0,1,0,0000000,23,35,23,40,99,99,0,0,0,1,0
5,50477,4,4,0,0,0,6,6,117,0,11,12,2012,3,12,28,1,1,1,I-40-42,,2001,34.84123889,-91.45045,0,12,1,0,1,1,1,1,1,1,0,1,0,0000000,12,40,12,47,99,99,0,0,0,1,0
5,50478,1,1,0,0,0,1,1,41,2420,14,12,2012,6,6,37,0,4,2,US-278-16,HOLLY ST.,33,33.63024722,-91.396875,0,30,0,0,2,2,0,4,4,1,0,1,0,0000000,6,40,6,48,99,99,0,0,0,1,0
5,50479,2,2,0,0,0,4,4,7,0,14,12,2012,6,19,30,0,4,3,SR-279-01,,77,36.44414444,-94.30012222,0,12,6,0,1,1,0,1,2,2,0,2,0,0000000,19,32,19,50,99,99,0,0,0,1,1
5,50480,3,3,0,0,0,6,6,57,1890,15,12,2012,7,16,26,0,13,2,US-278-05B,,4,33.67632222,-93.60033056,0,12,1,0,8,1,0,1,1,1,0,1,0,0000000,16,28,16,31,99,99,0,0,0,2,0
5,50481,1,1,0,0,0,1,1,119,2320,17,12,2012,2,1,39,0,14,3,SR-365-12,,30,34.70461389,-92.24361944,0,30,0,0,1,1,0,5,2,5,0,5,0,0000000,1,36,1,45,99,99,0,0,0,1,0
5,50482,3,3,0,0,0,3,3,29,0,17,12,2012,2,6,40,0,4,3,SR-95-01,,22,35.18470278,-92.74118889,0,72,0,0,1,1,0,1,4,1,0,1,0,0000000,88,88,88,88,88,88,14,0,0,2,0
5,50483,2,2,0,0,0,2,2,149,0,18,12,2012,3,14,58,0,3,3,SR-10-04,,70,35.06641667,-93.27799444,0,12,2,0,1,1,0,1,1,1,0,1,0,0000000,14,59,15,8,99,99,0,0,0,1,0
5,50485,1,1,0,1,1,1,1,119,2880,20,12,2012,5,2,56,0,14,3,SR-161-03,,111,34.77004722,-92.19938889,0,8,0,0,1,1,0,1,3,2,0,2,0,0000000,3,3,3,4,88,88,0,0,0,1,0
5,50486,1,1,0,0,0,2,2,41,0,20,12,2012,5,7,32,0,6,4,CR-STATE POLICE RD,,0,33.93054722,-91.51814167,0,10,0,0,6,1,0,1,1,6,0,6,0,425280F,7,36,7,41,99,99,0,0,0,2,0
5,50487,1,1,0,1,1,1,1,121,0,20,12,2012,5,10,53,0,3,2,US-62-19,,86,36.25872222,-91.04000556,0,8,0,0,8,1,0,1,1,6,0,6,0,0000000,88,88,88,88,88,88,0,0,0,1,0
5,50488,2,2,0,0,0,2,2,103,0,20,12,2012,5,12,15,1,2,2,US-79-04,CR-96,124,33.69330833,-92.70145278,0,12,6,0,7,1,0,1,1,1,0,1,0,0000000,12,17,12,30,99,99,0,0,0,1,0
5,50489,1,1,0,0,0,2,2,13,0,20,12,2012,5,16,0,0,3,2,US-278-10,,50,33.559525,-92.63672778,0,34,0,0,1,1,0,4,1,1,0,1,0,0000000,16,4,16,10,99,99,0,0,0,1,0
5,50490,1,1,0,0,0,1,1,43,0,22,12,2012,7,20,32,0,6,4,CR-GREENHILL-NEW HOPE RD.,CR-GREEN HILL RD.,0,33.56488611,-91.89780556,0,42,0,0,2,2,0,4,2,1,0,1,0,0000000,20,32,20,42,99,99,0,0,0,1,0
5,50491,1,1,0,0,0,5,5,139,0,24,12,2012,2,1,6,0,6,4,CR-SOUTHFIELD CTF,,0,33.11445278,-92.66634167,0,35,0,0,1,1,0,4,6,1,0,1,0,0000000,1,6,1,16,99,99,0,0,0,1,0
5,50492,1,1,0,2,2,2,2,69,3150,25,12,2012,3,2,33,0,13,2,US-63-13B,31ST AVE,27,34.19736667,-92.00682222,0,8,0,0,3,3,0,1,2,1,0,1,0,0000000,2,41,2,47,99,99,0,0,0,2,1
5,50493,2,2,0,0,0,6,6,45,0,25,12,2012,3,15,0,0,4,3,SR-36-01,,212,35.28723056,-92.12595278,0,12,2,0,1,1,0,1,1,3,0,3,0,0000000,15,5,15,53,99,99,0,0,0,2,0
5,50494,3,1,2,1,1,1,1,45,0,27,12,2012,5,12,25,1,2,2,US-65-09,,165,35.13594444,-92.40144167,0,8,0,0,1,1,0,5,1,1,0,1,0,0000000,12,30,12,45,99,99,0,0,0,1,0
5,50495,1,1,0,1,1,1,1,35,4120,27,12,2012,5,17,25,0,13,2,US-70-20,,144,35.14632778,-90.14761667,0,8,0,0,1,1,0,1,2,1,0,1,0,0000000,88,88,88,88,88,88,0,0,0,1,0
5,50496,2,2,0,0,0,2,2,59,0,29,12,2012,7,7,57,0,2,2,US-270-07,,55,34.42499444,-92.84015278,0,12,6,0,1,1,0,1,1,1,0,1,0,0000000,7,59,8,4,99,99,0,0,0,1,0
5,50497,2,2,0,0,0,6,6,95,0,29,12,2012,7,13,15,1,2,2,US-49-09,,99,34.74409167,-91.14688056,0,12,8,0,1,1,0,1,1,1,0,1,0,0000000,13,16,13,28,99,99,0,0,0,1,0
5,50498,2,2,0,0,0,2,2,119,2036,29,12,2012,7,13,57,0,3,3,SR-107-01,,149,34.93691111,-92.16716944,0,12,2,0,1,1,0,1,1,1,0,1,0,0000000,13,56,14,3,99,99,0,0,0,1,1
5,50499,1,1,0,0,0,2,2,143,3670,30,12,2012,1,18,13,0,14,3,SR-265-02,,110,36.20948056,-94.11347222,0,32,0,0,1,1,0,4,2,1,0,1,0,0000000,18,15,18,20,99,99,0,0,0,1,0
5,50500,1,1,0,0,0,1,1,99,0,30,12,2012,1,22,45,0,6,4,CR-48,,0,33.7847,-93.40276389,0,10,0,0,6,1,0,1,2,1,0,1,0,439833R,88,88,88,88,88,88,0,0,0,1,0
5,50501,1,1,0,0,0,1,1,123,1360,26,9,2012,4,15,50,1,11,1,I-40-51,N. WASHINGTON,2747,35.03382778,-90.78964167,0,33,0,1,5,1,0,4,1,1,0,1,0,0000000,15,55,99,99,99,99,0,0,0,1,0
5,50502,1,1,0,1,1,1,1,119,2320,10,4,2012,3,23,37,0,13,3,SR-5-09,BRYANT ST.,78,34.71802778,-92.35115556,0,8,0,0,1,1,0,1,3,1,0,1,0,0000000,23,38,23,42,99,99,0,0,0,1,0
5,50503,1,1,0,0,0,2,2,119,2320,29,4,2012,1,1,0,0,16,6,PINNACLE VALLEY,,0,34.813325,-92.44314444,0,42,0,0,1,1,0,4,2,1,0,1,0,0000000,88,88,88,88,88,88,0,0,0,1,1
5,50504,2,2,0,0,0,4,4,125,260,23,5,2012,4,13,5,0,6,5,W. SARDIS RD.,,0,34.559125,-92.44454167,0,12,2,0,1,1,0,1,1,1,0,1,0,0000000,13,4,13,13,99,99,0,0,0,1,0
5,50505,1,1,0,0,0,5,5,149,0,10,11,2012,7,16,10,0,4,3,SR-60-03,,5,34.96715833,-93.18915556,0,1,0,0,1,1,0,4,1,1,0,1,0,0000000,16,12,16,32,99,99,0,0,0,1,1
5,50507,1,1,0,0,0,2,2,1,0,19,1,2012,5,19,0,0,4,3,SR-276-01,,83,34.22135,-91.47029167,0,30,0,0,1,1,0,4,2,1,0,1,0,0000000,19,5,19,15,99,99,0,0,0,1,0
5,50508,3,3,0,0,0,5,5,145,0,20,5,2012,1,4,20,0,3,3,SR-16-13,,107,35.29963056,-91.77008333,0,12,6,0,1,1,0,1,2,1,0,1,0,0000000,4,20,4,30,99,99,0,0,0,1,0
5,50509,3,1,2,2,2,1,1,119,2320,1,6,2012,6,16,20,0,13,2,US-70-12,,56,34.72468889,-92.28563333,0,8,0,0,1,1,0,4,1,1,0,1,0,0000000,16,22,16,30,99,99,20,0,0,2,1
5,50510,2,2,0,0,0,2,2,115,0,27,9,2012,5,13,57,0,3,3,SR-7-16,,180,35.72141389,-93.09678611,0,1,0,0,1,1,0,1,1,2,0,2,0,0000000,13,57,14,39,88,88,0,0,0,1,0
8,80001,1,1,0,1,1,1,1,97,0,1,1,2012,1,2,25,1,13,3,SR-82,,382,39.21193056,-106.8618028,0,8,0,0,1,1,0,1,2,1,0,1,0,0000000,99,99,99,99,88,88,0,0,0,1,0
8,80002,2,2,0,0,0,2,2,75,0,4,1,2012,4,7,36,0,6,4,CR-32,CR-35.7,0,40.65378889,-103.2448139,0,12,6,0,2,2,0,1,1,1,0,1,0,0000000,7,36,99,99,99,99,0,0,0,1,0
8,80003,1,1,0,0,0,1,1,93,0,4,1,2012,4,20,45,0,4,4,CR-43,,49,39.48746389,-105.5017222,0,1,0,0,1,1,0,4,2,1,0,1,0,0000000,99,99,99,99,88,88,0,0,0,1,1
8,80005,1,1,0,0,0,1,1,125,0,6,1,2012,6,15,20,0,6,4,CR-PP,,0,40.08421389,-102.1139056,0,10,0,0,6,1,0,1,1,1,0,1,0,057349H,15,29,16,25,88,88,0,0,0,1,0
8,80006,1,1,0,0,0,1,1,5,110,7,1,2012,7,1,37,1,13,2,US-40  E COLFAX AVE,N XANADU ST,3060,39.74010833,-104.8314056,0,46,0,0,3,2,0,4,3,1,0,1,0,0000000,1,37,1,42,88,88,0,0,0,1,1
8,80007,3,1,2,0,0,2,2,99,1170,9,1,2012,2,21,40,1,2,2,US-50  COLORADO ST,,4631,38.05334444,-102.1262556,0,14,0,0,1,1,0,2,3,1,0,1,0,0000000,99,99,99,99,99,99,20,0,0,1,0
8,80008,1,1,0,0,0,1,1,69,860,10,1,2012,3,3,11,0,14,6,S SHIELDS ST,,0,40.49756111,-105.0963111,0,1,0,0,1,1,0,4,2,1,0,1,0,0000000,3,13,3,17,88,88,0,0,0,1,1
8,80009,1,1,0,0,0,1,1,59,1435,7,1,2012,7,2,29,0,16,6,S PIERCE ST,,0,39.71311944,-105.0721333,0,33,0,0,1,1,0,4,3,1,0,1,0,0000000,2,29,99,99,88,88,0,0,0,1,1
8,80010,1,1,0,1,1,1,1,41,430,9,1,2012,2,12,37,0,14,6,W COLORADO AVE,25TH ST,0,38.84716111,-104.86265,0,8,0,0,3,2,0,1,1,1,0,1,0,0000000,12,47,12,49,13,22,0,0,0,1,0
8,80011,2,2,0,0,0,4,4,13,0,11,1,2012,4,12,19,1,2,2,US-287,SR-52,3104,40.087325,-105.1028861,0,59,0,0,3,2,0,3,1,4,10,4,0,0000000,99,99,99,99,99,99,0,0,0,1,0
8,80012,2,2,0,1,1,2,2,5,110,13,1,2012,6,17,39,1,13,2,US-40  E COLFAX AVE,N PEORIA ST,3056,39.74002778,-104.8471056,0,8,0,0,3,2,0,1,3,1,0,1,0,0000000,17,39,17,42,88,88,0,0,0,1,0
8,80013,2,2,0,0,0,3,3,1,2550,14,1,2012,7,3,25,0,13,6,SHERIDAN BLVD,W 118TH PL,0,39.91166944,-105.0528111,0,12,6,0,2,2,0,1,3,1,0,1,0,0000000,3,25,3,31,88,88,0,0,0,1,1
8,80014,2,2,0,0,0,3,3,125,0,15,1,2012,1,6,40,0,2,2,US-385,,2225,39.78972222,-102.2615694,0,12,2,0,1,1,0,1,1,1,0,1,0,0000000,99,99,99,99,99,99,0,0,0,1,0
8,80015,1,1,0,0,0,2,2,63,0,18,1,2012,4,0,30,0,5,4,CR-U,,0,39.28694444,-102.9913389,0,35,0,0,1,1,0,5,2,1,0,1,0,0000000,2,10,2,38,99,99,0,0,0,1,1
8,80016,2,2,0,0,0,3,3,123,0,18,1,2012,4,7,45,0,14,3,SR-257,,64,40.42388889,-104.8708333,0,12,8,0,1,1,0,1,1,1,0,1,0,0000000,99,99,99,99,99,99,0,0,0,1,0
8,80017,2,2,0,0,0,2,2,101,2050,21,1,2012,7,16,31,0,15,6,W 18TH ST,,0,38.28353333,-104.6323139,0,1,0,0,1,1,0,1,1,1,0,1,0,0000000,16,31,16,36,88,88,0,0,0,1,1
8,80018,4,4,0,0,0,4,4,31,600,28,1,2012,7,11,25,1,13,3,SR-30  E HAMPDEN AVE,S YOSEMITE ST,19,39.65307778,-104.8847639,0,12,6,0,2,2,0,1,1,1,0,1,0,0000000,99,99,99,99,99,99,0,0,0,1,0
8,80019,1,1,0,1,1,1,1,101,2050,26,1,2012,5,19,55,0,13,2,US-50 BYPASS,,3166,38.28661389,-104.597,0,8,0,0,1,1,0,1,3,1,0,1,0,0000000,99,99,99,99,99,99,0,0,0,1,0
8,80020,2,2,0,0,0,3,3,87,0,31,1,2012,3,14,50,0,6,4,CR-T,CR-6,0,40.27640833,-104.0366222,0,12,6,0,2,2,0,1,1,1,0,1,0,0000000,99,99,99,99,99,99,0,0,0,1,0
8,80021,4,4,0,0,0,4,4,13,0,31,1,2012,3,16,0,0,2,3,SR-52  MINERAL RD,,60,40.08733056,-105.0771194,0,12,8,0,1,1,0,1,1,1,0,1,0,0000000,16,2,99,99,99,99,0,0,0,1,0
8,80022,1,1,0,1,1,1,1,59,1435,31,1,2012,3,22,14,0,15,6,W 10TH AVE,,0,39.73308889,-105.0545833,0,8,0,0,1,1,0,1,2,1,0,1,0,0000000,22,15,22,20,22,36,0,0,0,1,0
8,80023,2,2,0,0,0,7,7,41,0,26,1,2012,5,12,0,0,13,3,SR-83,COUNTY LINE RD,302,39.12966389,-104.7666111,0,12,6,0,2,2,0,1,1,1,0,1,0,0000000,99,99,99,99,99,99,0,0,0,1,0
8,80024,1,1,0,1,1,1,1,31,600,15,1,2012,1,21,37,1,13,3,SR-88  S FEDERAL BLVD,,27,39.70053333,-105.0250778,0,8,0,0,1,1,0,1,3,1,0,1,0,0000000,99,99,99,99,99,99,0,0,0,1,0
8,80025,1,1,0,0,0,3,3,1,2427,28,1,2012,7,12,44,1,11,1,I-25,,2239,39.92550833,-104.9875056,0,52,0,0,1,1,0,4,1,1,0,1,0,0000000,12,44,12,52,13,35,0,0,0,1,1
8,80026,1,1,0,0,0,2,2,101,0,1,2,2012,4,14,45,1,2,2,US-50,,3258,38.272,-104.4288056,0,1,0,0,1,1,0,1,1,1,0,1,0,0000000,99,99,99,99,99,99,0,0,0,1,0
8,80027,2,2,0,0,0,3,3,3,0,2,2,2012,5,16,42,1,2,2,US-160,,2274,37.50283889,-105.9599639,0,12,6,0,1,1,0,2,1,4,10,4,0,0000000,99,99,99,99,88,88,0,0,0,2,0
8,80028,3,3,0,0,0,4,4,51,0,6,2,2012,2,7,45,0,14,3,SR-135,,39,38.59543889,-106.9113944,0,12,7,0,1,1,0,1,1,4,10,4,0,0000000,7,47,7,56,8,39,0,0,0,1,0