STATE,ST_CASE,VE_TOTAL,VE_FORMS,PVH_INVL,PEDS,PERNOTMVIT,PERMVIT,PERSONS,COUNTY,CITY,DAY,MONTH,YEAR,DAY_WEEK,HOUR,MINUTE,NHS,ROAD_FNC,ROUTE,TWAY_ID,TWAY_ID2,MILEPT,LATITUDE,LONGITUD,SP_JUR,HARM_EV,MAN_COLL,RELJCT1,RELJCT2,TYP_INT,WRK_ZONE,REL_ROAD,LGT_COND,WEATHER1,WEATHER2,WEATHER,SCH_BUS,RAIL,NOT_HOUR,NOT_MIN,ARR_HOUR,ARR_MIN,HOSP_HR,HOSP_MN,CF1,CF2,CF3,FATALS,DRUNK_DR
8,80029,1,1,0,0,0,2,2,31,600,7,2,2012,3,11,46,0,13,2,US-40  W COLFAX AVE,,2974,39.74000833,-105.0024472,0,5,0,0,1,1,0,1,1,1,0,1,0,0000000,11,45,11,48,12,9,0,0,0,1,0
8,80030,2,2,0,0,0,3,3,123,0,10,2,2012,6,16,25,1,1,1,I-25,,2928,40.91336944,-104.9366222,0,12,6,1,18,1,0,1,2,4,10,4,0,0000000,99,99,99,99,99,99,0,0,0,1,0
8,80031,1,1,0,0,0,1,1,77,0,12,2,2012,1,1,0,1,13,3,SR-70 BUSN RT,,74,39.06939167,-108.5326944,0,5,0,0,1,1,0,1,2,1,0,1,0,0000000,1,0,1,6,88,88,0,0,0,1,1
8,80032,1,1,0,0,0,1,1,99,0,14,2,2012,3,16,50,0,3,2,US-385,,1027,38.17430556,-102.3114722,0,1,0,0,1,1,0,4,5,1,0,1,0,0000000,99,99,99,99,99,99,0,0,0,1,0
8,80033,2,2,0,0,0,3,3,35,0,5,2,2012,1,11,36,0,13,4,CR-UNIVERSITY BLVD,CR-CRESTHILL LN,0,39.542675,-104.9309472,0,12,6,0,2,2,0,1,1,1,0,1,0,0000000,11,36,11,38,12,26,0,0,0,1,0
8,80034,2,2,0,0,0,2,2,101,2050,17,2,2012,6,7,23,0,13,2,US-50  SANTA FE DR,NORTHERN AVE,21,38.24707778,-104.5937639,0,12,1,0,3,3,0,1,1,1,0,1,0,0000000,7,24,7,30,7,57,0,0,0,1,1
8,80035,2,2,0,0,0,3,3,5,110,18,2,2012,7,17,10,0,13,6,E ILIFF AVE,,0,39.67506944,-104.8376056,0,1,0,0,1,1,0,1,1,1,0,1,0,0000000,17,10,17,14,17,30,0,0,0,1,1
8,80036,1,1,0,0,0,1,1,19,0,19,2,2012,1,14,57,1,2,2,US-40,,2449,39.78598056,-105.7907944,0,48,0,0,1,1,0,2,1,1,0,1,0,0000000,99,99,99,99,88,88,0,0,0,1,1
8,80037,1,1,0,1,1,1,1,31,600,20,2,2012,2,19,20,0,13,2,US-40  W COLFAX AVE,SR-95  N SHERIDAN BLVD,2943,39.74045833,-105.0531861,0,8,0,0,3,2,0,1,3,1,0,1,0,0000000,19,20,19,24,20,5,0,0,0,1,0
8,80038,2,2,0,0,0,3,3,73,0,21,2,2012,3,9,25,0,3,3,SR-71,SR-94,726,38.85198611,-103.7004583,0,12,6,0,2,2,0,1,1,1,0,1,0,0000000,9,25,99,99,99,99,0,0,0,1,0
8,80039,3,3,0,0,0,5,5,31,600,11,2,2012,7,0,38,1,13,3,SR-88  S FEDERAL BLVD,,20,39.71087778,-105.0250833,0,12,1,0,1,1,0,1,3,4,10,4,0,0000000,99,99,99,99,99,99,0,0,0,1,0
8,80040,1,1,0,0,0,4,4,9,0,20,2,2012,2,10,20,1,2,2,US-287,,318,37.42712222,-102.6166917,0,31,0,0,1,1,0,4,1,4,10,4,0,0000000,99,99,99,99,99,99,0,0,0,1,0
8,80041,4,1,3,2,2,2,2,41,430,13,2,2012,2,9,1,0,13,6,N NEVADA AVE,,0,38.85493611,-104.8206972,0,14,0,0,1,1,0,7,1,1,0,1,0,0000000,9,1,99,99,99,99,0,0,0,1,0
8,80042,1,1,0,0,0,1,1,123,0,25,2,2012,7,1,45,0,15,4,CR-E 18TH ST,,0,40.40974167,-104.6455306,0,42,0,0,1,1,0,5,2,1,0,1,0,0000000,99,99,99,99,88,88,0,0,0,1,1
8,80043,1,1,0,0,0,3,3,13,0,25,2,2012,7,2,0,0,6,4,CR-SAINT VRAIN RD,,0,40.17444444,-105.1858333,0,38,0,0,1,1,0,4,2,1,0,1,0,0000000,4,58,5,30,99,99,0,0,0,2,1
8,80044,2,2,0,0,0,8,8,101,0,23,2,2012,5,14,0,1,2,2,US-50,,3404,38.18659722,-104.1982778,0,12,2,0,1,1,0,1,1,1,0,1,0,0000000,99,99,99,99,99,99,0,0,0,1,0
8,80045,3,3,0,0,0,4,4,93,0,23,2,2012,5,10,0,0,3,3,SR-93,,737,39.32527778,-106.0529583,0,12,6,0,1,1,0,1,1,4,10,4,0,0000000,99,99,99,99,99,99,0,0,0,1,0
8,80046,1,1,0,1,1,1,1,13,1530,27,2,2012,2,15,48,1,13,2,US-287  MAIN ST,,3180,40.19712778,-105.10245,0,8,0,0,8,1,0,1,1,1,0,1,0,0000000,15,47,15,47,16,7,0,0,0,1,0
8,80047,3,3,0,0,0,6,6,101,0,1,3,2012,5,11,55,1,2,2,US-50,CR-51 LN,3327,38.23245278,-104.3182972,0,12,1,0,3,3,0,1,1,1,0,1,0,0000000,99,99,99,99,99,99,0,0,0,1,0
8,80048,1,1,0,0,0,2,2,85,0,1,3,2012,5,10,30,0,4,3,SR-347,,22,38.51212222,-107.7254861,0,31,0,0,1,1,0,4,1,1,0,1,0,0000000,99,99,99,99,99,99,0,0,0,1,0
8,80049,1,1,0,0,0,5,5,123,0,4,3,2012,1,0,28,0,6,4,CR-43,,0,40.66722222,-104.6583139,0,1,0,0,1,1,0,1,2,1,0,1,0,0000000,99,99,99,99,99,99,0,0,0,1,0
8,80050,1,1,0,0,0,1,1,31,600,4,3,2012,1,22,46,0,16,6,PENA CIR,,0,39.83444444,-104.6754833,0,1,0,0,1,1,0,5,3,1,0,1,0,0000000,99,99,99,99,88,88,0,0,0,1,0
8,80051,1,1,0,0,0,1,1,69,0,5,3,2012,2,18,50,1,11,1,I-25,,2572,40.40432778,-104.9935861,0,30,0,1,19,1,0,4,3,1,0,1,0,0000000,99,99,99,99,88,88,0,0,0,1,0
8,80052,2,2,0,0,0,2,2,123,1070,5,3,2012,2,14,2,0,14,6,11TH AVE,23RD ST,0,40.40118056,-104.6969,0,1,0,0,2,2,0,1,1,1,0,1,0,0000000,14,2,14,11,88,88,0,0,0,1,0
8,80054,1,1,0,0,0,1,1,77,0,7,3,2012,4,18,0,0,3,3,SR-141,,1046,38.60616111,-108.9335,0,1,0,0,1,1,0,4,2,1,0,1,0,0000000,99,99,99,99,88,88,0,0,0,1,1
8,80055,1,1,0,0,0,1,1,41,0,12,3,2012,2,15,0,1,2,2,US-24,,2944,38.88849722,-104.9626889,0,42,0,0,1,1,0,4,1,1,0,1,0,0000000,99,99,99,99,88,88,18,0,0,1,0
8,80056,1,1,0,0,0,5,5,109,0,11,3,2012,1,0,45,0,6,4,CR-CAMINO DEL REY RD,,0,37.93285556,-105.6717889,0,1,0,0,1,1,0,4,2,1,0,1,0,0000000,0,48,1,12,3,42,0,0,0,1,1
8,80057,2,2,0,0,0,2,2,87,0,16,3,2012,6,12,32,0,4,4,CR-Q,CR-11,0,40.23256667,-103.9431528,0,1,0,0,2,2,0,1,1,1,0,1,0,0000000,99,99,99,99,88,88,0,0,0,1,0
8,80058,1,1,0,0,0,1,1,123,0,17,3,2012,7,17,31,1,2,2,US-34,,1337,40.29954722,-104.331475,0,1,0,0,1,1,0,4,1,1,0,1,0,0000000,17,35,17,59,88,88,0,0,0,1,0
8,80059,1,1,0,1,1,3,3,117,0,17,3,2012,7,18,47,0,3,2,US-6,CR-RASOR DR,2161,39.608325,-105.9544167,0,8,0,0,3,2,0,1,5,1,0,1,0,0000000,99,99,99,99,99,99,0,0,0,1,1
8,80060,1,1,0,0,0,3,3,45,0,18,3,2012,1,2,40,1,1,1,I-70,,656,39.36944444,-108.1692444,0,31,0,0,1,1,0,3,2,1,0,1,0,0000000,2,41,2,52,99,99,0,0,0,1,1
8,80061,2,2,0,0,0,4,4,59,1435,15,3,2012,5,12,48,1,13,3,SR-121  WADSWORTH BLVD,,144,39.75218889,-105.0814,0,12,2,0,1,1,0,1,1,1,0,1,0,0000000,12,49,12,54,13,16,0,0,0,1,0
8,80062,1,1,0,1,1,2,2,5,110,16,3,2012,6,7,32,0,13,6,E QUINCY AVE,18200 BLOCK,0,39.63845833,-104.7766472,0,9,0,0,3,3,0,1,1,1,0,1,0,0000000,7,32,7,37,8,11,0,0,0,1,0
8,80063,1,1,0,1,1,1,1,1,2550,17,3,2012,7,23,0,1,13,2,US-287  FEDERAL BLVD,,2887,39.82501111,-105.0249444,0,8,0,0,1,1,0,1,3,1,0,1,0,0000000,23,3,23,5,88,88,0,0,0,1,0
8,80064,1,1,0,0,0,2,2,5,0,21,3,2012,4,2,35,1,11,1,I-225,,27,39.64912222,-104.8632306,0,25,0,0,1,1,0,3,3,1,0,1,0,0000000,2,32,2,43,3,8,0,0,0,1,1
8,80065,1,1,0,1,1,1,1,87,0,18,3,2012,1,14,47,0,14,4,CR-19,,0,40.23583333,-103.792075,0,9,0,0,8,1,0,1,1,1,0,1,0,0000000,14,49,14,58,15,12,0,0,0,1,0
8,80066,1,1,0,0,0,2,2,3,0,24,3,2012,7,23,45,0,2,3,SR-17,,740,37.54527222,-105.8582833,0,42,0,0,1,1,0,4,2,1,0,1,0,0000000,99,99,99,99,99,99,0,0,0,1,0
8,80067,1,1,0,0,0,1,1,59,0,24,3,2012,7,3,0,0,6,4,CR-ARMADILLO TRL,,0,39.57391111,-105.3050833,0,42,0,0,1,1,0,5,2,1,0,1,0,0000000,9,22,99,99,88,88,0,0,0,1,0
8,80068,2,2,0,0,0,3,3,95,0,24,3,2012,7,18,55,0,6,4,CR-43,CR-18,0,40.55648056,-102.2634361,0,12,6,0,2,2,0,1,5,1,0,1,0,0000000,99,99,99,99,99,99,0,0,0,2,2
8,80069,1,1,0,0,0,5,5,117,0,26,3,2012,2,10,34,1,1,1,I-70,,2011,39.57972222,-106.1113889,0,1,0,0,1,1,0,3,1,1,0,1,0,0000000,99,99,99,99,99,99,0,0,0,2,0
8,80070,2,2,0,0,0,2,2,123,0,27,3,2012,3,17,20,0,15,4,CR-N 35TH AVE,,0,40.46310833,-104.7302778,0,12,2,0,1,1,0,1,1,1,0,1,0,0000000,99,99,99,99,99,99,0,0,0,1,1
8,80071,1,1,0,3,3,1,1,1,2427,31,3,2012,7,12,10,0,4,6,E 168TH AVE,,0,40.00028889,-104.9475389,0,8,0,0,1,1,0,4,1,1,0,1,0,0000000,12,15,12,25,99,99,0,0,0,2,0
8,80072,2,2,0,0,0,2,2,29,0,31,3,2012,7,14,0,0,6,4,CR-2100,,0,38.70482222,-107.9714,0,1,0,0,8,1,0,1,1,1,0,1,0,0000000,14,6,14,17,88,88,14,0,0,1,0
8,80073,2,2,0,0,0,2,2,69,0,31,3,2012,7,16,55,0,3,3,SR-14,,1095,40.69016389,-105.3419306,0,12,2,0,1,1,0,1,1,1,0,1,0,0000000,99,99,99,99,88,88,0,0,0,1,0
8,80074,2,2,0,0,0,3,3,67,0,31,3,2012,7,17,35,0,4,4,CR-250,,20,37.32212778,-107.8380222,0,1,0,0,1,1,0,1,1,1,0,1,0,0000000,17,35,17,43,18,15,14,0,0,1,0
8,80075,1,1,0,0,0,2,2,13,0,31,3,2012,7,21,0,0,5,4,CR-N 95TH ST,,0,40.23262222,-105.1309889,0,1,0,0,1,1,0,1,2,1,0,1,0,0000000,21,2,21,9,88,88,0,0,0,2,1
8,80076,1,1,0,0,0,2,2,59,2555,30,3,2012,6,20,20,0,15,6,W 48TH AVE,,0,39.78429444,-105.1048417,0,24,0,0,1,1,0,4,3,1,0,1,0,0000000,20,24,99,99,99,99,0,0,0,1,1
8,80077,3,3,0,0,0,8,8,1,0,30,3,2012,6,16,30,0,2,3,SR-7,,755,39.98689444,-104.85405,0,12,7,0,1,1,0,1,1,1,0,1,0,0000000,16,33,16,37,88,88,0,0,0,1,0
8,80078,2,2,0,0,0,3,3,41,0,26,3,2012,2,11,5,0,14,4,CR-MILAM RD,CR-SHOUP RD,0,39.01280556,-104.7382889,0,12,6,0,2,2,0,1,1,1,0,1,0,0000000,99,99,99,99,99,99,0,0,0,1,0
8,80079,2,2,0,0,0,2,2,5,110,24,3,2012,7,17,15,1,13,6,E ALAMEDA AVE,,0,39.71101389,-104.8650028,0,12,1,0,1,1,0,1,1,1,0,1,0,0000000,17,17,17,21,17,41,0,0,0,1,0
8,80080,1,1,0,1,1,2,2,101,2050,19,3,2012,2,22,33,0,14,6,N PORTLAND AVE,,0,38.27031667,-104.5806556,0,15,0,0,1,1,0,1,3,1,0,1,0,0000000,22,33,22,35,22,47,0,0,0,1,0
8,80081,1,1,0,0,0,2,2,59,0,28,2,2012,3,14,10,0,3,2,US-6,,2654,39.73670278,-105.3173111,0,35,0,0,1,1,0,4,1,1,0,1,0,0000000,14,29,14,41,15,25,0,0,0,1,0
8,80082,2,2,0,1,1,2,2,35,330,25,2,2012,7,2,0,1,11,1,I-25,,1833,39.40067778,-104.8620111,0,12,1,0,1,1,0,1,2,1,0,1,0,0000000,2,1,2,4,99,99,0,0,0,1,1
8,80083,2,2,0,0,0,2,2,55,0,1,4,2012,1,14,5,0,3,3,SR-69,,235,37.77455556,-105.1388167,0,12,6,0,8,1,0,1,1,1,0,1,0,0000000,99,99,99,99,88,88,0,0,0,1,0
8,80084,1,1,0,0,0,1,1,87,0,1,4,2012,1,15,52,0,4,3,SR-52,,948,40.37277778,-103.8039056,0,1,0,0,1,1,0,4,1,1,0,1,0,0000000,15,52,16,1,88,88,0,0,0,1,0
8,80085,1,1,0,0,0,2,2,123,0,1,4,2012,1,17,15,0,3,3,SR-52,,268,40.080525,-104.6908333,0,38,0,0,1,1,0,4,1,1,0,1,0,0000000,99,99,99,99,99,99,0,0,0,1,0
8,80086,1,1,0,0,0,3,3,13,0,3,4,2012,3,16,0,0,3,3,SR-119,,358,40.00333333,-105.3655556,0,35,0,0,1,1,0,4,1,4,0,4,0,0000000,99,99,99,99,99,99,0,0,0,1,0
8,80087,2,2,0,0,0,2,2,123,0,1,4,2012,1,14,55,0,2,3,SR-52,,169,40.08001944,-104.8780528,0,12,2,0,1,1,0,1,1,1,0,1,0,0000000,99,99,99,99,99,99,0,0,0,1,0
8,80088,2,2,0,0,0,4,4,77,0,7,4,2012,7,0,10,1,13,3,SR-70 BUSN LOOP,US-6    F RD,122,39.09176944,-108.4532722,0,12,6,0,2,2,0,1,3,1,0,1,0,0000000,99,99,99,99,99,99,0,0,0,1,0
8,80089,1,1,0,0,0,2,2,41,0,8,4,2012,1,1,40,0,12,4,CR-ACADEMY BLVD RAMP D,,0,38.76613333,-104.8008056,0,1,0,1,5,1,0,8,2,1,0,1,0,0000000,99,99,99,99,99,99,0,0,0,1,1
8,80090,1,1,0,0,0,1,1,85,0,8,4,2012,1,2,0,0,5,3,SR-97,,29,38.24763889,-108.5460306,0,1,0,0,1,1,0,4,2,1,0,1,0,0000000,99,99,99,99,88,88,0,0,0,1,1
8,80091,1,1,0,0,0,1,1,67,0,8,4,2012,1,6,59,0,4,3,SR-172,,123,37.16595556,-107.636675,0,1,0,0,1,1,0,1,2,1,0,1,0,0000000,99,99,99,99,88,88,0,0,0,1,1
8,80092,1,1,0,2,2,1,1,31,600,8,4,2012,1,11,54,0,16,6,W HAMPDEN AVE SERVICE RD,,0,39.65291667,-105.0644611,0,33,0,0,1,1,0,4,1,1,0,1,0,0000000,99,99,99,99,99,99,0,0,0,1,0
8,80093,2,2,0,0,0,2,2,63,0,15,4,2012,1,1,15,1,1,1,I-70,,4241,39.29476667,-102.5152778,0,12,2,0,1,1,0,1,2,1,0,1,0,0000000,99,99,99,99,88,88,0,0,0,1,1
8,80094,3,2,1,0,0,2,2,123,1070,10,4,2012,3,16,31,1,13,2,US-34 BYPASS,71ST AVE,1071,40.39202222,-104.7942806,0,12,6,0,2,2,0,1,1,1,0,1,0,0000000,99,99,99,99,99,99,0,0,0,1,1
8,80095,1,1,0,0,0,1,1,123,0,16,4,2012,2,4,50,0,16,4,CR-46 1/2,,0,40.32688333,-104.8761111,0,1,0,0,1,1,0,5,2,1,0,1,0,0000000,99,99,99,99,88,88,0,0,0,1,1
8,80096,2,2,0,0,0,3,3,73,0,17,4,2012,3,3,40,1,2,2,US-40,,4111,39.01792222,-103.3080556,0,12,8,0,1,1,0,1,2,1,0,1,0,0000000,99,99,99,99,99,99,0,0,0,1,0
8,80097,1,1,0,0,0,1,1,123,0,20,4,2012,6,0,0,0,5,4,CR-5,,0,40.20288333,-105.0173361,0,42,0,0,1,1,0,4,2,1,0,1,0,0000000,99,99,99,99,99,99,0,0,0,1,1
8,80098,2,1,1,0,0,4,4,31,600,22,4,2012,1,1,37,0,15,6,S PERRY ST,,0,39.71515278,-105.0395667,0,42,0,0,1,1,0,5,3,1,0,1,0,0000000,99,99,99,99,99,99,0,0,0,3,1
8,80099,2,2,0,1,1,6,6,31,600,22,4,2012,1,3,15,1,11,1,I-25,,2124,39.76400833,-105.001425,0,8,0,0,1,1,0,1,3,1,0,1,0,0000000,3,15,3,17,88,88,0,0,0,1,1
8,80100,1,1,0,1,1,2,2,35,0,22,4,2012,1,20,14,0,2,3,SR-83,,323,39.15523889,-104.7521278,0,9,0,0,1,1,0,1,2,1,0,1,0,0000000,20,17,20,34,88,88,0,0,0,1,1
8,80101,1,1,0,1,1,1,1,5,110,22,4,2012,1,20,17,0,13,6,N CHAMBERS RD,,0,39.72469444,-104.8102889,0,8,0,0,1,1,0,1,3,1,0,1,0,0000000,20,17,20,21,20,33,0,0,0,1,0
8,80102,1,1,0,0,0,1,1,41,430,19,4,2012,5,18,5,0,13,6,S HANCOCK EXPY,,0,38.80643611,-104.7901222,0,33,0,0,1,1,0,5,1,2,10,2,0,0000000,18,5,99,99,88,88,0,0,0,1,1
8,80103,1,1,0,0,0,3,3,45,0,23,4,2012,2,14,51,1,1,1,I-70,,966,39.54509722,-107.6683333,0,31,0,0,1,1,0,3,1,1,0,1,0,0000000,99,99,99,99,99,99,20,0,0,2,0
8,80104,1,1,0,0,0,1,1,89,0,16,4,2012,2,18,45,0,4,4,CR-31,CR-KK,0,38.11449722,-103.5091222,0,59,0,0,3,2,0,4,1,1,0,1,0,0000000,18,49,19,0,19,27,0,0,0,1,0
8,80105,1,1,0,1,1,1,1,121,0,24,4,2012,3,17,0,0,6,4,CR-DD,,0,40.11781944,-103.1908944,0,15,0,0,8,1,0,1,1,1,0,1,0,0000000,99,99,99,99,88,88,0,0,0,1,0
8,80106,2,2,0,0,0,2,2,31,600,24,4,2012,3,23,45,1,11,1,I-70,,2806,39.77556667,-104.8654194,0,12,1,1,18,1,0,1,3,1,0,1,0,0000000,23,46,23,48,99,99,0,0,0,1,1
8,80107,1,1,0,0,0,1,1,77,0,22,4,2012,1,14,50,0,3,3,SR-141,,1240,38.77083889,-108.8183,0,24,0,0,1,1,0,4,1,1,0,1,0,0000000,99,99,99,99,88,88,0,0,0,1,0
8,80108,1,1,0,0,0,1,1,13,200,23,4,2012,2,8,26,0,13,6,TABLE MESA DR,,0,39.98583333,-105.2480333,0,1,0,0,1,1,0,1,1,1,0,1,0,0000000,8,26,8,30,8,45,0,0,0,1,1
8,80109,1,1,0,0,0,1,1,5,110,25,4,2012,4,7,30,1,12,3,SR-470  TOLLWAY,,95,39.58513889,-104.7184806,0,24,0,0,1,1,0,3,1,1,0,1,0,0000000,7,32,7,38,7,52,0,0,0,1,0
8,80110,1,1,0,0,0,1,1,67,0,24,4,2012,3,13,1,1,2,2,US-550,,403,37.50846389,-107.8191417,0,31,0,0,1,1,0,4,1,1,0,1,0,0000000,99,99,99,99,99,99,0,0,0,1,0
8,80111,2,2,0,0,0,3,3,15,0,28,4,2012,7,14,10,1,2,2,US-50,,2246,38.50473333,-105.9552778,0,12,2,0,1,1,0,1,1,1,0,1,0,0000000,99,99,99,99,99,99,0,0,0,2,0
8,80112,3,3,0,0,0,11,11,101,2050,28,4,2012,7,20,56,1,13,3,SR-45  S PUEBLO BLVD,SR-78  W NORTHERN AVE,31,38.23552222,-104.6624,0,12,6,0,2,2,0,1,3,1,0,1,0,0000000,20,56,99,99,99,99,14,0,0,3,1
8,80113,1,1,0,1,1,1,1,59,2550,29,4,2012,1,22,54,1,12,2,US-36,,527,39.85805833,-105.0538778,0,8,0,1,18,1,0,1,3,1,0,1,0,0000000,22,54,22,58,23,28,0,0,0,1,0
8,80114,2,2,0,0,0,2,2,41,430,25,4,2012,4,14,15,0,13,6,GARDEN OF THE GODS RD,FORGE RD,0,38.89674444,-104.8409972,0,12,6,0,2,3,0,1,1,1,0,1,0,0000000,14,15,15,18,99,99,0,0,0,1,0
8,80115,3,3,0,0,0,3,3,59,1000,5,4,2012,5,15,17,1,13,3,SR-93,,9,39.76916944,-105.2360389,0,12,7,0,1,1,0,1,1,1,0,1,0,0000000,15,24,15,28,15,46,0,0,0,1,0
8,80116,2,2,0,0,0,2,2,101,2050,12,4,2012,5,15,28,0,14,6,PINES ST,INDIANA AVE,0,38.23141667,-104.6183083,0,12,6,0,2,2,0,1,1,1,0,1,0,0000000,99,99,99,99,99,99,0,0,0,1,0
8,80117,1,1,0,0,0,1,1,109,0,5,4,2012,5,5,15,0,5,4,CR-T,,0,37.98777778,-105.8266667,0,31,0,0,1,1,0,4,2,1,0,1,0,0000000,5,38,6,51,6,54,0,0,0,1,0
8,80118,1,1,0,0,0,1,1,67,0,22,4,2012,1,18,20,0,6,4,CR-125,,24,37.253475,-108.0053167,0,1,0,0,1,1,0,1,1,1,0,1,0,0000000,99,99,99,99,99,99,0,0,0,1,0
8,80119,4,4,0,1,1,8,8,35,0,28,4,2012,7,10,12,0,14,4,CR-S BROADWAY ST,CR-CENTENNIAL BLVD,0,39.56251111,-104.9868806,0,12,6,0,2,2,0,1,1,1,0,1,0,0000000,10,13,10,19,10,27,14,0,0,1,0
8,80120,2,2,0,0,0,2,2,123,750,24,1,2012,3,21,11,0,2,3,SR-52,CR-5,92,40.08728056,-105.0176806,0,12,6,0,2,2,0,1,2,1,0,1,0,0000000,99,99,99,99,99,99,0,0,0,1,1
8,80121,1,1,0,0,0,2,2,69,0,1,5,2012,3,0,30,0,3,3,SR-14,,1179,40.68398333,-105.2361583,0,1,0,0,1,1,0,4,2,1,0,1,0,0000000,99,99,99,99,99,99,0,0,0,1,1
8,80122,2,2,0,0,0,2,2,101,2050,3,5,2012,5,10,51,0,14,3,SR-227  S JOPLIN AVE,BEECH ST,15,38.26544722,-104.5919667,0,12,6,0,2,2,0,1,1,1,0,1,0,0000000,10,51,10,54,11,20,0,0,0,1,0
8,80123,1,1,0,0,0,1,1,29,0,5,5,2012,7,18,10,0,4,3,SR-92,,306,38.71125278,-107.6195833,0,1,0,0,1,1,0,4,1,1,0,1,0,0000000,18,10,18,16,18,55,0,0,0,1,1
8,80124,1,1,0,0,0,1,1,31,600,6,5,2012,1,9,6,1,11,1,I-25 RAMP E,,2092,39.72471667,-105.0154306,0,20,0,1,5,1,0,8,1,1,0,1,0,0000000,99,99,99,99,88,88,0,0,0,1,0
8,80125,1,1,0,0,0,1,1,67,0,8,5,2012,3,19,25,0,4,4,CR-318,,71,37.09556389,-107.7822583,0,35,0,0,1,1,0,4,1,1,0,1,0,0000000,99,99,99,99,88,88,20,0,0,1,1
8,80126,2,2,0,1,1,2,2,5,0,9,5,2012,4,17,0,1,1,1,I-70,,3101,39.73444722,-104.3271056,0,12,7,1,18,1,0,1,1,1,0,1,0,0000000,99,99,99,99,88,88,23,0,0,1,0
8,80127,1,1,0,0,0,1,1,103,0,8,5,2012,3,18,30,0,4,4,CR-1,,44,40.16222222,-108.8810111,0,1,0,0,1,1,0,1,1,1,0,1,0,0000000,18,43,18,58,88,88,0,0,0,1,1
8,80128,2,2,0,0,0,2,2,13,200,9,5,2012,4,11,16,0,13,6,S BOULDER RD,MANHATTEN CR,0,39.98588611,-105.2274944,0,12,6,0,2,2,0,1,1,1,0,1,0,0000000,11,17,11,22,11,34,0,0,0,1,0
8,80129,2,2,0,0,0,4,4,101,0,13,5,2012,1,11,52,0,13,6,CR-JOE MARTINEZ BLVD,CR-HAHNS PEAK AVE,0,38.32223889,-104.7392944,0,12,6,0,2,2,0,1,1,1,0,1,0,0000000,99,99,99,99,99,99,0,0,0,1,0
8,80130,2,2,0,0,0,3,3,77,0,13,5,2012,1,18,41,1,1,1,I-70,,425,39.11836111,-108.3433333,0,12,7,0,1,1,0,1,1,1,0,1,0,0000000,99,99,99,99,99,99,0,0,0,1,1
8,80131,2,2,0,0,0,2,2,35,0,15,5,2012,3,7,50,1,12,3,SR-470   C-470,,205,39.56472222,-104.9719444,0,12,1,0,1,1,0,1,1,1,0,1,0,0000000,99,99,99,99,99,99,0,0,0,1,0
8,80132,1,1,0,0,0,2,2,67,0,12,5,2012,7,19,54,0,6,4,CR-243,,58,37.43624167,-107.6785167,0,1,0,0,1,1,0,4,5,1,0,1,0,0000000,99,99,99,99,99,99,0,0,0,1,0
8,80133,1,1,0,0,0,1,1,77,0,16,5,2012,4,6,30,1,1,1,I-70,,400,39.11786944,-108.3873889,0,24,0,0,1,1,0,4,1,1,0,1,0,0000000,6,29,6,43,7,4,0,0,0,1,0
8,80134,2,2,0,0,0,2,2,29,0,12,5,2012,7,18,5,0,14,3,SR-65,,625,38.85700556,-107.9526806,0,12,2,0,1,1,0,1,1,1,0,1,0,0000000,99,99,99,99,99,99,0,0,0,1,0
8,80135,1,1,0,0,0,1,1,43,0,18,5,2012,6,18,35,0,3,3,SR-115,,219,38.50045,-104.9564611,0,35,0,0,1,1,0,4,1,1,0,1,0,0000000,99,99,99,99,88,88,0,0,0,1,1
8,80136,1,1,0,0,0,1,1,5,0,19,5,2012,7,1,0,0,5,2,US-36   E COLFAX AVE,,781,39.73948056,-104.6330861,0,1,0,0,1,1,0,4,2,1,0,1,0,0000000,99,99,99,99,88,88,0,0,0,1,1
8,80137,1,1,0,0,0,1,1,41,430,20,5,2012,1,0,46,0,14,6,CASCADE AVE,CHEYENNE BLVD,0,38.80915556,-104.8266444,0,33,0,0,3,7,0,4,3,1,0,1,0,0000000,0,46,0,51,88,88,0,0,0,1,1
8,80138,2,2,0,0,0,5,5,41,0,21,5,2012,2,13,35,1,12,2,US-24,SR-21 RAMP,3109,38.83893056,-104.7184278,0,12,6,1,2,3,0,1,1,1,0,1,0,0000000,99,99,99,99,99,99,0,0,0,1,0
8,80139,2,2,0,0,0,2,2,67,0,18,5,2012,6,10,0,1,2,2,US-550,,127,37.17721111,-107.8578417,0,12,2,0,1,1,0,1,1,1,0,1,0,0000000,99,99,99,99,99,99,0,0,0,1,0
8,80140,1,1,0,0,0,1,1,123,1070,20,5,2012,1,21,56,0,13,2,US-34   9TH ST,,12,40.424,-104.7149139,0,59,0,0,1,1,0,4,3,1,0,1,0,0000000,21,56,22,1,22,12,0,0,0,1,1
8,80141,2,2,0,0,0,3,3,67,0,22,5,2012,3,16,42,1,2,2,US-160,,691,37.32060278,-108.0894861,0,12,8,0,1,1,0,1,1,1,0,1,0,0000000,99,99,99,99,99,99,0,0,0,2,1
8,80142,2,2,0,0,0,4,4,59,0,25,5,2012,6,2,30,0,14,4,CR-W BELLEVIEW AVE,CR-S KLINE ST,0,39.62414444,-105.1119111,0,12,6,0,3,3,0,1,3,1,0,1,0,0000000,99,99,99,99,99,99,0,0,0,1,1
8,80143,2,2,0,0,0,2,2,123,0,26,5,2012,7,22,35,0,3,3,SR-66,,509,40.20599722,-104.8321222,0,12,2,0,1,1,0,1,2,1,0,1,0,0000000,99,99,99,99,88,88,0,0,0,2,1
8,80144,2,2,0,2,2,1,1,5,740,28,5,2012,2,0,6,0,13,6,S BROADWAY ST,,0,39.62148333,-104.9880083,0,12,7,0,1,1,0,1,3,1,0,1,0,0000000,99,99,99,99,99,99,0,0,0,1,1
8,80145,1,1,0,0,0,5,5,101,0,27,5,2012,1,1,50,0,15,4,CR-WILDHORSE RD,,0,38.31873889,-104.6610722,0,1,0,0,1,1,0,1,2,1,0,1,0,0000000,1,52,1,59,2,19,20,0,0,2,1