STATE,ST_CASE,VE_TOTAL,VE_FORMS,PVH_INVL,PEDS,PERNOTMVIT,PERMVIT,PERSONS,COUNTY,CITY,DAY,MONTH,YEAR,DAY_WEEK,HOUR,MINUTE,NHS,ROAD_FNC,ROUTE,TWAY_ID,TWAY_ID2,MILEPT,LATITUDE,LONGITUD,SP_JUR,HARM_EV,MAN_COLL,RELJCT1,RELJCT2,TYP_INT,WRK_ZONE,REL_ROAD,LGT_COND,WEATHER1,WEATHER2,WEATHER,SCH_BUS,RAIL,NOT_HOUR,NOT_MIN,ARR_HOUR,ARR_MIN,HOSP_HR,HOSP_MN,CF1,CF2,CF3,FATALS,DRUNK_DR
8,80146,1,1,0,1,1,1,1,1,1771,31,5,2012,5,10,15,1,13,6,E 104TH AVE,MARION ST,0,39.88523333,-104.9705083,0,8,0,0,3,2,0,1,1,1,0,1,0,0000000,10,15,10,18,10,24,0,0,0,1,0
8,80147,1,1,0,1,1,1,1,31,600,31,5,2012,5,20,41,1,13,6,E EVANS AVE,S UNIVERSITY BLVD,0,39.678375,-104.9593583,0,8,0,0,3,2,0,1,3,1,0,1,0,0000000,20,42,20,49,21,1,0,0,0,1,0
8,80148,1,1,0,0,0,2,2,41,430,25,5,2012,6,21,26,0,16,6,E KIOWA ST,,0,38.83498889,-104.8109028,0,33,0,0,1,1,0,4,3,1,0,1,0,0000000,21,26,99,99,99,99,0,0,0,1,0
8,80149,2,2,0,0,0,2,2,69,1550,13,5,2012,1,11,41,1,13,2,US-34  W EISENHOWER BLVD,CASCADE AVE,888,40.40732778,-105.1314778,0,12,1,0,3,3,0,1,1,1,0,1,0,0000000,11,42,11,46,12,46,0,0,0,1,0
8,80150,2,2,0,0,0,4,4,37,114,13,5,2012,1,9,55,1,11,1,I-70,,1667,39.6373,-106.5209611,0,24,0,1,19,1,0,3,1,1,10,10,0,0000000,9,55,9,57,99,99,0,0,0,1,0
8,80151,1,1,0,0,0,1,1,123,2260,30,5,2012,4,6,20,0,4,5,CR-23,,0,40.56779167,-104.8507694,0,38,0,0,1,1,0,4,4,1,0,1,0,0000000,6,25,6,45,88,88,0,0,0,1,0
8,80152,2,2,0,0,0,2,2,35,0,25,5,2012,6,10,59,0,3,4,CR-TITAN RD,CR-MOORE RD,0,39.50728333,-105.0267472,0,12,6,0,3,3,0,1,1,1,0,1,0,0000000,10,59,11,5,11,29,0,0,0,1,0
8,80153,1,1,0,1,1,1,1,41,430,3,5,2012,5,20,20,0,14,6,S CIRCLE DR,,0,38.82505556,-104.7805389,0,8,0,0,1,1,0,1,3,1,0,1,0,0000000,99,99,99,99,99,99,0,0,0,1,0
8,80154,1,1,0,0,0,1,1,41,430,16,5,2012,4,3,27,1,13,3,SR-21  POWERS BLVD,OLD RANCH RD,1528,38.9852,-104.7641028,0,33,0,0,3,2,0,8,3,1,0,1,0,0000000,99,99,99,99,99,99,0,0,0,1,1
8,80155,1,1,0,0,0,1,1,63,0,1,6,2012,6,10,20,1,1,1,I-70,,4070,39.29370278,-102.8382306,0,31,0,0,1,1,0,4,1,1,0,1,0,0000000,10,23,10,27,88,88,0,0,0,1,0
8,80156,2,2,0,0,0,2,2,3,0,1,6,2012,6,14,7,0,4,4,CR-8 SOUTH,,0,37.45840833,-105.9422222,0,12,2,0,1,1,0,1,1,1,0,1,0,0000000,14,10,14,15,88,88,0,0,0,1,0
8,80157,2,2,0,0,0,2,2,69,0,2,6,2012,7,10,35,1,1,1,I-25,,2895,40.86918056,-104.9571194,0,12,6,0,1,1,0,1,1,1,0,1,0,0000000,99,99,99,99,88,88,0,0,0,1,0
8,80158,1,1,0,0,0,2,2,123,1070,2,6,2012,7,20,39,1,12,2,US-34 BYPASS,,1106,40.392125,-104.7289028,0,1,0,0,1,1,0,1,2,1,0,1,0,0000000,20,39,99,99,99,99,0,0,0,1,0
8,80159,1,1,0,0,0,1,1,1,0,6,6,2012,4,16,9,1,12,3,SR-470  E-470 TOLLWAY,,396,39.95202778,-104.8675,0,57,0,0,1,1,0,3,1,1,0,1,0,0000000,16,9,99,99,88,88,0,0,0,1,0
8,80160,4,4,0,0,0,10,10,101,2050,9,6,2012,7,4,48,1,11,1,I-25,,954,38.2248,-104.6139167,0,30,0,0,1,1,0,4,4,1,0,1,0,0000000,4,55,5,5,5,28,0,0,0,1,0
8,80161,1,1,0,0,0,1,1,77,1040,7,6,2012,5,2,30,0,16,6,27 1/4 RD,,0,39.14147222,-108.5476139,0,38,0,0,1,1,0,5,2,1,0,1,0,0000000,5,45,5,51,88,88,0,0,0,1,1
8,80162,2,2,0,0,0,2,2,14,253,15,6,2012,6,8,32,0,13,3,SR-470  NORTHWEST PKWY,96TH ST,545,39.94897222,-105.1253028,0,12,6,0,2,2,0,1,1,1,0,1,0,0000000,8,32,8,34,88,88,0,0,0,1,0
8,80163,1,1,0,0,0,2,2,63,0,17,6,2012,1,17,0,1,1,1,I-70,,3914,39.28710556,-103.1197222,0,1,0,0,1,1,0,10,1,1,0,1,0,0000000,99,99,99,99,99,99,0,0,0,1,0
8,80164,1,1,0,1,1,1,1,77,1040,10,6,2012,1,21,22,0,13,6,HORIZON DR,,0,39.10813333,-108.5431833,0,8,0,0,1,1,0,1,3,1,0,1,0,0000000,21,22,21,27,21,37,0,0,0,1,1
8,80165,2,2,0,0,0,2,2,13,0,18,6,2012,2,14,50,0,3,3,SR-72,,447,40.08194444,-105.4966111,0,1,0,0,1,1,0,1,1,1,0,1,0,0000000,99,99,99,99,99,99,0,0,0,1,0
8,80166,1,1,0,0,0,1,1,41,430,19,6,2012,3,16,23,0,13,6,N UNION BLVD,,0,38.90176111,-104.7781472,0,33,0,0,1,1,0,3,1,1,0,1,0,0000000,16,23,99,99,88,88,23,0,0,1,0
8,80167,1,1,0,0,0,4,4,105,0,23,6,2012,7,9,0,1,2,2,US-160,,1892,37.67611111,-106.5855556,0,58,0,0,1,1,0,4,1,1,0,1,0,0000000,9,5,9,10,9,45,0,0,0,2,0
8,80168,1,1,0,0,0,2,2,87,0,23,6,2012,7,22,0,0,3,3,SR-52,CR-F,609,40.07370833,-104.0568333,0,1,0,0,3,4,0,8,2,1,0,1,0,0000000,99,99,99,99,88,88,0,0,0,1,1
8,80170,1,1,0,0,0,2,2,67,0,20,6,2012,4,9,15,0,5,4,CR-213,,98,37.1864,-107.8799361,0,1,0,0,1,1,0,1,1,1,0,1,0,0000000,99,99,99,99,99,99,0,0,0,1,0
8,80171,2,2,0,0,0,2,2,1,110,25,6,2012,2,19,21,1,11,1,I-70,,2863,39.75547778,-104.7616278,0,12,1,0,1,1,0,1,1,1,0,1,0,0000000,19,21,19,26,88,88,0,0,0,1,1
8,80172,2,2,0,0,0,5,5,123,0,23,6,2012,7,10,45,0,14,3,SR-392,,1028,40.47934167,-104.9384778,0,12,6,0,1,1,0,2,1,1,0,1,0,0000000,99,99,99,99,99,99,0,0,0,1,0
8,80173,1,1,0,1,1,1,1,31,600,26,6,2012,3,18,23,0,16,6,W NEVADA PL,,0,39.71052778,-105.0445278,0,8,0,0,1,1,0,1,1,1,0,1,0,0000000,18,19,18,23,18,47,0,0,0,1,0
8,80174,2,2,0,0,0,4,4,13,1540,27,6,2012,4,8,4,0,14,6,DILLON RD,,0,39.95775278,-105.14375,0,12,2,0,1,1,0,1,1,1,0,1,0,0000000,8,4,8,4,99,99,0,0,0,2,0
8,80175,2,2,0,0,0,2,2,31,600,26,6,2012,3,9,21,0,13,6,E EVANS AVE,,0,39.67841944,-104.9382056,0,12,6,0,8,1,0,1,1,1,0,1,0,0000000,99,99,99,99,88,88,0,0,0,1,0
8,80176,1,1,0,0,0,1,1,7,0,27,6,2012,4,16,10,1,2,2,US-160,,1282,37.2091,-107.2417056,0,1,0,0,1,1,0,1,1,1,0,1,0,0000000,99,99,99,99,88,88,0,0,0,1,0
8,80177,1,1,0,0,0,1,1,69,860,25,6,2012,2,19,12,0,14,6,SHIELDS ST,TRUXTON DR,0,40.49252778,-105.0963167,0,1,0,0,3,3,0,1,1,1,0,1,0,0000000,19,12,19,19,19,50,0,0,0,1,0
8,80178,1,1,0,0,0,1,1,123,0,28,6,2012,5,10,30,0,5,4,CR-19,CR-34,0,40.23303056,-104.88625,0,1,0,0,3,3,0,4,1,1,0,1,0,0000000,99,99,99,99,88,88,0,0,0,1,1
8,80179,1,1,0,3,3,2,2,1,2550,27,6,2012,4,16,10,0,14,6,W 72ND AVE,,0,39.82725833,-105.0496806,0,33,0,0,1,1,0,4,1,1,0,1,0,0000000,16,10,16,12,16,47,0,0,0,1,0
8,80180,1,1,0,0,0,1,1,41,0,30,6,2012,7,0,16,0,3,4,CR-105,,16,39.09936944,-104.7999889,0,31,0,0,1,1,0,4,2,1,0,1,0,0000000,99,99,99,99,88,88,0,0,0,1,1
8,80181,1,1,0,0,0,5,5,1,2427,30,6,2012,7,0,31,0,14,6,E 100TH AVE,,0,39.87781111,-104.9705833,0,53,0,0,1,1,0,4,3,1,0,1,0,0000000,0,31,0,38,1,15,0,0,0,2,1
8,80182,1,1,0,2,2,1,1,59,1435,29,6,2012,6,16,52,0,14,6,S GARRISON ST,,0,39.67715833,-105.1022306,0,8,0,0,1,1,0,4,1,1,0,1,0,0000000,16,52,16,56,17,12,0,0,0,1,0
8,80183,2,2,0,0,0,2,2,15,0,28,6,2012,5,16,45,0,5,4,CR-319,CR-STEELE DR,0,38.82618611,-106.1278333,0,12,6,0,2,2,0,1,1,1,0,1,0,0000000,99,99,99,99,88,88,0,0,0,1,1
8,80184,1,1,0,0,0,1,1,41,0,29,6,2012,6,19,6,1,1,1,I-25,,1187,38.55083333,-104.6468444,0,1,0,1,18,1,1,1,1,1,0,1,0,0000000,19,8,99,99,99,99,0,0,0,1,0
8,80185,1,1,0,1,1,1,1,51,1100,27,6,2012,4,12,4,0,15,6,S 11TH ST,W NEW YORK AVE,0,38.54327222,-106.9360556,0,9,0,0,2,2,0,1,1,1,0,1,0,0000000,12,0,99,99,99,99,0,0,0,1,0
8,80186,2,2,0,0,0,3,3,31,600,14,6,2012,5,16,44,1,13,3,SR-121  S WADSWORTH BLVD,W STANFORD AVE,62,39.63524167,-105.0823222,0,12,6,0,2,2,0,1,1,1,0,1,0,0000000,99,99,99,99,99,99,0,0,0,1,0
8,80187,1,1,0,0,0,3,3,69,1550,29,6,2012,6,1,55,1,13,2,US-287  N GARFIELD AVE,,3373,40.45318056,-105.0774778,0,24,0,0,1,1,0,4,3,1,0,1,0,0000000,1,56,1,58,2,36,0,0,0,1,1
8,80188,1,1,0,0,0,1,1,59,2555,23,6,2012,7,5,18,0,12,3,SR-58,,45,39.77435,-105.1619889,0,38,0,0,1,1,0,5,1,1,0,1,0,0000000,5,18,5,20,88,88,0,0,0,1,1
8,80189,1,1,0,0,0,1,1,41,430,1,7,2012,1,1,23,0,14,6,S 21ST ST,,0,38.84256944,-104.8576806,0,33,0,0,1,1,0,3,3,1,0,1,0,0000000,1,24,1,30,88,88,0,0,0,1,1
8,80190,2,2,0,0,0,2,2,59,1435,1,7,2012,1,6,46,0,14,6,W YALE AVE,,0,39.66778333,-105.0615889,0,12,1,0,1,1,0,1,1,1,0,1,0,0000000,6,46,6,54,7,12,0,0,0,1,0
8,80191,1,1,0,0,0,1,1,29,0,4,7,2012,4,2,30,0,4,4,CR-CRAWFORD RD,,0,38.79243611,-107.6419806,0,58,0,0,1,1,0,5,2,1,0,1,0,0000000,2,47,2,54,88,88,0,0,0,1,1
8,80192,1,1,0,0,0,1,1,45,0,4,7,2012,4,4,35,1,1,1,I-70,,725,39.43116111,-108.0728861,0,31,0,0,1,1,0,3,2,1,0,1,0,0000000,4,35,4,37,88,88,0,0,0,1,1
8,80193,1,1,0,0,0,2,2,39,2320,10,7,2012,3,1,25,1,2,2,US-24  CARIBOU ST,,3533,39.14255556,-104.0925,0,1,0,0,1,1,0,4,3,1,0,1,0,0000000,99,99,99,99,99,99,0,0,0,1,1
8,80194,1,1,0,0,0,2,2,107,0,7,7,2012,7,13,34,1,2,2,US-40,,1484,40.38131944,-106.7130389,0,42,0,0,1,1,0,4,1,1,0,1,0,0000000,99,99,99,99,99,99,0,0,0,1,0
8,80195,1,1,0,0,0,2,2,99,0,7,7,2012,7,13,35,0,3,2,US-385,,1031,38.17966111,-102.3115083,0,31,0,0,1,1,0,4,1,1,0,1,0,0000000,99,99,99,99,99,99,0,0,0,1,0
8,80196,1,1,0,0,0,1,1,59,2550,7,7,2012,7,20,52,1,13,3,SR-121  WADSWORTH PKWY,W 92ND AVE,221,39.86328889,-105.0835056,0,33,0,0,3,2,0,4,3,2,10,2,0,0000000,20,52,20,55,21,20,0,0,0,1,0
8,80197,1,1,0,0,0,1,1,123,0,8,7,2012,1,21,45,0,6,4,CR-15,,0,40.52666667,-104.9270889,0,38,0,0,1,1,0,4,2,1,0,1,0,0000000,99,99,99,99,99,99,0,0,0,1,1
8,80198,1,1,0,0,0,1,1,67,0,13,7,2012,6,13,25,0,4,4,CR-141,,90,37.19662222,-108.0344889,0,38,0,0,1,1,0,4,1,1,0,1,0,0000000,99,99,99,99,88,88,0,0,0,1,1
8,80199,1,1,0,0,0,1,1,87,0,13,7,2012,6,18,30,0,4,4,CR-19,,0,40.06083333,-103.7925,0,1,0,0,1,1,0,4,1,1,0,1,0,0000000,99,99,99,99,88,88,0,0,0,1,1
8,80200,1,1,0,2,2,3,3,73,0,14,7,2012,7,6,20,1,1,1,I-70,,3643,39.26797222,-103.62415,0,8,0,0,1,1,0,2,1,1,0,1,0,0000000,6,23,6,32,7,31,23,0,0,2,0
8,80201,1,1,0,1,1,5,5,101,0,14,7,2012,7,21,41,0,13,2,US-50 BUSN RT,,35,38.24552778,-104.5678361,0,8,0,0,1,1,0,1,2,1,0,1,0,0000000,21,48,99,99,99,99,0,0,0,1,0
8,80202,3,3,0,1,1,6,6,35,330,14,7,2012,7,22,0,1,11,1,I-25,,1806,39.36268333,-104.8666917,0,8,0,1,18,1,0,1,3,1,0,1,0,0000000,99,99,99,99,88,88,0,0,0,1,0
8,80203,2,2,0,0,0,3,3,1,2550,5,7,2012,5,16,20,1,13,2,US-287  FEDERAL BLVD,SR-128  W 120TH AVE,2947,39.91410833,-105.0249861,0,1,0,0,3,2,0,1,1,1,0,1,0,0000000,16,20,16,27,88,88,14,0,0,1,0
8,80204,2,2,0,0,0,5,5,13,0,16,7,2012,2,18,14,0,14,3,SR-72,SR-7,541,40.16692778,-105.4606472,0,12,6,0,2,3,0,1,1,1,0,1,0,0000000,99,99,99,99,99,99,0,0,0,1,0
8,80205,2,2,0,0,0,6,6,41,0,14,7,2012,7,18,30,1,13,2,US-24,US-24 BUSN  31ST ST,3004,38.85166111,-104.8731528,0,12,1,0,3,2,0,1,1,1,0,1,0,0000000,99,99,99,99,99,99,0,0,0,1,0
8,80206,2,2,0,0,0,2,2,101,0,17,7,2012,3,9,35,0,13,4,CR-E MCCULLOCH BLVD,,0,38.34313889,-104.7258361,0,12,6,0,8,1,0,1,1,1,0,1,0,0000000,9,35,9,39,88,88,20,0,0,1,0
8,80207,1,1,0,1,1,2,2,14,253,17,7,2012,3,20,57,0,14,6,W 144TH AVE,,0,39.95771389,-105.0179306,0,8,0,0,1,1,0,1,2,1,0,1,0,0000000,20,57,21,1,88,88,0,0,0,1,0
8,80208,2,2,0,0,0,2,2,1,80,13,7,2012,6,13,48,0,13,3,SR-95  SHERIDAN BLVD,,112,39.81513056,-105.0532694,0,12,2,0,1,1,0,1,1,1,0,1,0,0000000,13,49,13,55,14,35,0,0,0,1,0
8,80209,1,1,0,0,0,2,2,63,0,18,7,2012,4,15,0,1,1,1,I-70,,4242,39.29480833,-102.513875,0,1,0,0,1,1,0,4,1,1,0,1,0,0000000,99,99,99,99,99,99,0,0,0,1,0
8,80210,2,2,0,0,0,2,2,123,1070,19,7,2012,5,3,56,0,15,6,1ST AVE,28TH ST,0,40.39193056,-104.6777861,0,12,6,0,2,3,0,1,2,1,0,1,0,0000000,3,57,4,10,4,19,0,0,0,1,0
8,80211,1,1,0,0,0,2,2,69,0,19,7,2012,5,20,0,0,3,3,SR-14,,1099,40.69340278,-105.336025,0,42,0,0,1,1,0,4,5,1,0,1,0,0000000,99,99,99,99,99,99,18,0,0,1,0
8,80212,1,1,0,0,0,1,1,59,0,20,7,2012,6,0,35,0,15,4,CR-KEN CARYL AVE,CR-VALLEY RD,0,39.57734722,-105.1474528,0,33,0,0,3,4,0,8,3,1,0,1,0,0000000,99,99,99,99,99,99,0,0,0,1,1
8,80213,2,2,0,0,0,3,3,83,0,20,7,2012,6,13,20,1,2,2,US-491,,451,37.57377778,-108.7557972,0,12,6,0,1,1,0,1,1,1,0,1,0,0000000,99,99,99,99,99,99,0,0,0,1,0
8,80214,1,1,0,1,1,1,1,31,600,20,7,2012,6,20,50,1,13,2,US-287  N FEDERAL BLVD,,2862,39.79039167,-105.0251694,0,8,0,0,1,1,0,1,3,1,0,1,0,0000000,20,51,20,58,21,15,0,0,0,1,0
8,80215,1,1,0,0,0,2,2,45,0,20,7,2012,6,21,3,1,1,1,I-70,,942,39.53191667,-107.7083861,0,1,0,1,19,1,0,3,3,1,0,1,0,0000000,21,4,99,99,99,99,0,0,0,1,1
8,80216,1,1,0,1,1,1,1,31,600,22,7,2012,1,2,20,1,13,6,LINCOLN ST,SPEER BLVD,0,39.72655278,-104.9861861,0,9,0,0,3,2,0,1,3,1,0,1,0,0000000,99,99,99,99,99,99,0,0,0,1,0
8,80217,1,1,0,0,0,1,1,35,0,11,7,2012,4,15,17,0,5,4,CR-TOMAH RD,,0,39.29337778,-104.9186333,0,59,0,0,1,1,0,4,1,1,0,1,0,0000000,15,15,15,25,88,88,0,0,0,1,0
8,80218,1,1,0,1,1,1,1,13,0,22,7,2012,1,17,18,0,13,2,US-36  28TH ST,CR-VIOLET AVE,336,40.05470556,-105.2651056,0,9,0,0,2,2,0,1,1,1,0,1,0,0000000,17,18,17,23,17,46,0,0,0,1,0
8,80219,1,1,0,0,0,2,2,71,0,24,7,2012,3,8,35,1,1,1,I-25,,214,37.275,-104.5091083,0,31,0,0,1,1,0,4,1,1,0,1,0,0000000,99,99,99,99,99,99,0,0,0,2,0
8,80220,1,1,0,0,0,1,1,59,0,26,7,2012,5,2,39,1,12,3,SR-470,,78,39.61127778,-105.1517639,0,31,0,1,19,1,0,4,3,1,0,1,0,0000000,99,99,2,48,99,99,0,0,0,1,0
8,80221,1,1,0,0,0,1,1,9,0,26,7,2012,5,18,31,1,2,2,US-287,,96,37.11367222,-102.5794778,0,38,0,0,1,1,0,4,1,1,0,1,0,0000000,18,31,18,36,19,20,0,0,0,1,0
8,80222,3,3,0,0,0,7,7,31,600,20,7,2012,6,12,0,1,12,2,US-6   W 6TH AVE,,2842,39.72530833,-105.0186611,0,12,1,1,18,1,0,1,1,1,0,1,0,0000000,88,88,88,88,88,88,0,0,0,1,0
8,80223,1,1,0,0,0,1,1,59,1435,26,7,2012,5,16,39,1,13,3,SR-121  WADSWORTH BLVD,W 10TH AVE,131,39.73273333,-105.0814472,0,1,0,0,3,2,0,1,1,1,0,1,0,0000000,16,40,16,44,16,57,0,0,0,1,0
8,80224,1,1,0,1,1,1,1,31,600,27,7,2012,6,21,11,1,13,3,SR-95  N SHERIDAN BLVD,,64,39.74497222,-105.053225,0,8,0,0,1,1,0,1,3,1,0,1,0,0000000,21,12,21,19,21,31,0,0,0,1,0
8,80225,2,2,0,0,0,4,4,81,0,28,7,2012,7,2,30,1,2,2,US-40,,653,40.51333333,-108.0008333,0,4,0,0,1,1,0,1,2,1,0,1,0,0000000,99,99,99,99,99,99,0,0,0,3,0
8,80226,1,1,0,0,0,3,3,13,0,28,7,2012,7,2,49,1,12,3,SR-119,,470,40.06072778,-105.2212778,0,1,0,0,1,1,0,3,2,1,0,1,0,0000000,99,99,99,99,99,99,0,0,0,1,1
8,80227,2,2,0,0,0,4,4,31,600,28,7,2012,7,23,8,0,14,6,E 13TH AVE,N PONTIAC ST,0,39.73724722,-104.9057944,0,12,6,0,2,2,0,1,3,1,0,1,0,0000000,23,13,23,21,23,35,20,0,0,1,0
8,80228,5,5,0,1,1,7,7,27,0,31,7,2012,3,13,19,0,3,3,SR-69,,574,38.11777778,-105.4611111,0,12,1,0,1,1,1,1,1,1,0,1,0,0000000,99,99,99,99,99,99,0,0,0,2,0
8,80229,2,2,0,0,0,2,2,35,0,31,7,2012,3,19,50,1,12,3,SR-470  C-470,,226,39.56068056,-104.9319056,0,31,0,0,1,1,0,3,5,1,0,1,0,0000000,99,99,99,99,88,88,0,0,0,1,0
8,80230,2,2,0,0,0,4,4,77,0,28,7,2012,7,12,32,0,2,3,SR-141,CR-C,1595,39.04851111,-108.4596167,0,12,6,0,2,2,0,1,1,1,0,1,0,0000000,99,99,99,99,99,99,0,0,0,1,0
8,80231,1,1,0,0,0,1,1,111,0,1,8,2012,4,15,20,1,2,2,US-550,,643,37.74214722,-107.700225,0,31,0,0,1,1,0,4,1,1,0,1,0,0000000,99,99,99,99,88,88,0,0,0,1,1
8,80232,2,2,0,0,0,2,2,5,0,1,8,2012,4,22,20,1,1,1,I-70,,3066,39.73539722,-104.3922917,0,12,1,0,1,1,0,1,2,1,0,1,0,0000000,22,28,22,36,0,27,0,0,0,1,0
8,80233,2,2,0,0,0,4,4,17,0,2,8,2012,5,18,5,0,3,2,US-385,CR-C,1374,38.64400556,-102.3275972,0,12,7,0,3,3,0,1,1,1,0,1,0,0000000,99,99,99,99,99,99,0,0,0,1,0
8,80234,1,1,0,0,0,2,2,39,0,4,8,2012,7,5,33,0,3,3,SR-86,,148,39.36156389,-104.6164417,0,1,0,0,1,1,0,1,4,1,0,1,0,0000000,5,33,5,37,6,18,0,0,0,1,0
8,80235,2,2,0,0,0,3,3,67,0,6,8,2012,2,16,27,0,4,3,SR-140,,32,37.04377778,-108.1827389,0,12,2,0,1,1,0,1,1,1,0,1,0,0000000,99,99,99,99,99,99,0,0,0,1,1
8,80236,1,1,0,0,0,2,2,121,0,6,8,2012,2,18,30,1,1,1,I-76,,997,40.33955556,-103.4626389,0,1,0,0,1,1,0,4,1,1,0,1,0,0000000,99,99,99,99,99,99,0,0,0,2,0
8,80237,1,1,0,0,0,2,2,41,0,6,8,2012,2,21,30,0,3,3,SR-94,,312,38.83978611,-104.1261111,0,11,0,0,1,1,0,1,2,1,0,1,0,0000000,21,27,22,3,23,1,0,0,0,1,0
8,80238,1,1,0,0,0,1,1,1,0,10,8,2012,6,0,3,1,13,7,US-6 FRONTAGE / BRIGHTON RD,,2946,39.82618611,-104.9277889,0,1,0,0,1,1,0,4,2,1,0,1,0,0000000,0,3,0,7,99,99,0,0,0,1,1
8,80239,2,2,0,0,0,2,2,69,0,10,8,2012,6,13,55,0,2,2,US-36,,128,40.26706944,-105.3525556,0,12,2,0,1,1,0,1,1,1,0,1,0,0000000,99,99,99,99,99,99,0,0,0,1,1
8,80240,3,3,0,0,0,9,9,1,434,10,8,2012,6,17,57,1,13,3,SR-44  E 104TH AVE,HAVANA ST,9,39.88524167,-104.8652944,0,12,6,0,3,3,0,1,1,1,0,1,0,0000000,17,57,17,58,99,99,0,0,0,1,1
8,80241,1,1,0,0,0,1,1,59,0,10,8,2012,6,19,30,0,3,4,CR-126,,0,39.399775,-105.2973306,0,17,0,0,1,1,0,4,5,1,0,1,0,0000000,19,45,19,57,88,88,0,0,0,1,1
8,80242,2,2,0,0,0,2,2,77,0,10,8,2012,6,20,27,1,13,3,SR-70 BUSN LOOP,SR-141  32 RD LOOP,117,39.08807778,-108.458,0,12,6,0,2,2,0,1,3,1,0,1,0,0000000,20,28,20,31,20,52,0,0,0,1,0
8,80243,2,2,0,0,0,3,3,51,0,11,8,2012,7,15,22,1,2,2,US-50,,1530,38.52128333,-106.9975583,0,12,6,0,1,1,0,1,1,1,0,1,0,0000000,15,24,15,37,15,50,0,0,0,1,0
8,80244,1,1,0,1,1,1,1,31,600,11,8,2012,7,21,13,0,14,6,N PEORIA ST,E 37TH AVE,0,39.76809444,-104.8470306,0,8,0,0,3,2,0,1,3,1,0,1,0,0000000,99,99,99,99,99,99,0,0,0,1,0
8,80245,1,1,0,0,0,1,1,81,0,12,8,2012,1,15,52,0,5,4,CR-112,,0,40.53165556,-107.5274028,0,35,0,0,1,1,0,4,1,1,0,1,0,0000000,15,58,16,1,16,26,0,0,0,1,0
8,80246,1,1,0,0,0,2,2,5,0,13,8,2012,2,0,40,1,1,1,I-70,,3175,39.70581389,-104.1951833,0,31,0,0,1,1,0,3,2,1,0,1,0,0000000,0,43,1,14,99,99,0,0,0,2,0
8,80247,4,4,0,0,0,11,11,5,0,13,8,2012,2,1,50,1,1,1,I-70,,3181,39.70342778,-104.1843444,0,12,1,0,1,1,0,1,2,1,0,1,0,0000000,99,99,99,99,99,99,19,0,0,2,0
8,80248,1,1,0,0,0,1,1,123,1070,13,8,2012,2,7,55,0,15,3,SR-257,,32,40.37871111,-104.8699167,0,58,0,0,1,1,0,4,1,1,0,1,0,0000000,7,55,8,4,88,88,0,0,0,1,1
8,80249,1,1,0,0,0,1,1,5,345,5,8,2012,1,0,0,0,15,6,S LIMA ST,,0,39.59236111,-104.8575139,0,33,0,0,1,1,0,4,2,1,0,1,0,0000000,16,52,16,58,88,88,18,0,0,1,1
8,80250,2,2,0,0,0,2,2,41,0,13,8,2012,2,17,22,0,14,4,CR-GOLDFIELD DR,,0,38.74115833,-104.6933389,0,12,2,0,1,1,0,1,1,1,0,1,0,0000000,99,99,99,99,99,99,0,0,0,1,0
8,80251,1,1,0,0,0,2,2,1,2427,15,8,2012,4,14,15,1,11,1,I-25,,2259,39.95449167,-104.9876778,0,39,0,1,19,1,0,8,1,1,0,1,0,0000000,14,17,14,26,88,88,0,0,0,2,0
8,80252,2,2,0,0,0,2,2,43,0,16,8,2012,5,12,15,1,2,2,US-50,,2316,38.46465833,-105.8613889,0,12,2,0,1,1,0,1,1,1,0,1,0,0000000,99,99,99,99,99,99,0,0,0,1,0
8,80253,1,1,0,0,0,1,1,109,0,20,8,2012,2,4,0,0,4,3,SR-114,,470,38.12708889,-106.3527778,0,31,0,0,1,1,0,4,2,1,0,1,0,0000000,99,99,99,99,88,88,0,0,0,1,0
8,80254,1,1,0,0,0,2,2,45,0,20,8,2012,2,15,35,0,5,4,CR-108,,35,39.39779722,-107.2675139,0,1,0,0,1,1,0,1,1,1,0,1,0,0000000,15,40,15,48,16,15,0,0,0,1,1
8,80255,1,1,0,1,1,1,1,59,80,21,8,2012,3,21,52,1,13,3,SR-121  WADSWORTH BLVD,,208,39.84404167,-105.0817778,0,9,0,0,1,1,0,1,3,1,0,1,0,0000000,21,52,21,55,88,88,0,0,0,1,0
8,80256,1,1,0,0,0,1,1,123,0,22,8,2012,4,19,45,1,1,1,I-25,,2956,40.953075,-104.9235667,0,17,0,0,1,1,0,4,2,1,0,1,0,0000000,99,99,99,99,88,88,0,0,0,1,1
8,80257,2,2,0,0,0,3,3,59,1435,9,8,2012,5,21,1,0,13,6,W ALAMEDA AVE,S BENTON ST,0,39.71119722,-105.0556194,0,12,6,0,8,1,0,1,3,1,0,1,0,0000000,21,2,21,6,21,22,0,0,0,1,0
8,80258,2,2,0,0,0,2,2,13,200,21,8,2012,3,16,53,0,14,6,30TH ST,O'NEAL PKWY,0,40.03380278,-105.2536778,0,1,0,0,8,1,0,1,1,1,0,1,0,0000000,16,53,16,58,17,12,0,0,0,1,0
8,80259,2,2,0,0,0,2,2,105,0,24,8,2012,6,12,15,0,4,4,CR-5 NORTH,CR-3 EAST,0,37.64741111,-106.093925,0,12,6,0,2,2,0,1,1,1,0,1,0,0000000,12,19,12,30,13,35,0,0,0,1,0
8,80260,1,1,0,1,1,1,1,31,600,26,8,2012,1,20,40,0,15,6,E 17TH AVE,,0,39.74374167,-104.9437222,0,8,0,0,1,1,0,1,3,1,0,1,0,0000000,99,99,99,99,99,99,0,0,0,1,0