STATE,ST_CASE,VE_TOTAL,VE_FORMS,PVH_INVL,PEDS,PERNOTMVIT,PERMVIT,PERSONS,COUNTY,CITY,DAY,MONTH,YEAR,DAY_WEEK,HOUR,MINUTE,NHS,ROAD_FNC,ROUTE,TWAY_ID,TWAY_ID2,MILEPT,LATITUDE,LONGITUD,SP_JUR,HARM_EV,MAN_COLL,RELJCT1,RELJCT2,TYP_INT,WRK_ZONE,REL_ROAD,LGT_COND,WEATHER1,WEATHER2,WEATHER,SCH_BUS,RAIL,NOT_HOUR,NOT_MIN,ARR_HOUR,ARR_MIN,HOSP_HR,HOSP_MN,CF1,CF2,CF3,FATALS,DRUNK_DR
8,80261,2,2,0,0,0,3,3,59,2550,27,8,2012,2,21,14,0,14,6,W 72ND AVE,,0,39.82730556,-105.0555028,0,12,2,0,8,1,0,1,3,1,0,1,0,0000000,21,14,21,18,21,42,0,0,0,1,1
8,80262,1,1,0,1,1,2,2,59,1435,22,8,2012,4,4,44,1,13,3,SR-121  S WADSWORTH BLVD,,109,39.70324167,-105.0815083,0,9,0,0,1,1,0,1,3,1,0,1,0,0000000,4,46,4,51,5,7,0,0,0,1,1
8,80263,1,1,0,2,2,1,1,5,110,26,8,2012,1,21,52,0,16,6,N HELENA ST,E 14TH PL,0,39.73876944,-104.8077667,0,8,0,0,2,3,0,1,3,1,0,1,0,0000000,21,52,21,59,22,9,0,0,0,1,1
8,80264,1,1,0,0,0,1,1,69,860,18,8,2012,7,2,40,0,3,4,CR-5,,0,40.56665556,-104.9820611,0,23,0,0,1,1,0,4,2,1,0,1,0,0000000,2,40,2,43,3,18,0,0,0,1,1
8,80265,1,1,0,0,0,1,1,27,0,30,8,2012,5,17,54,0,3,3,SR-96,,130,38.16077222,-105.2540361,0,42,0,0,1,1,0,4,1,1,0,1,0,0000000,99,99,99,99,88,88,0,0,0,1,0
8,80266,3,3,0,0,0,3,3,59,2550,22,8,2012,4,20,24,1,12,2,US-36  BOULDER TURNPIKE,,518,39.86940556,-105.0591833,0,1,0,0,1,1,0,1,2,1,0,1,0,0000000,20,24,20,31,88,88,0,0,0,1,3
8,80267,1,1,0,1,1,1,1,123,2580,30,8,2012,5,9,20,0,14,3,SR-257,KODAK DR,88,40.45422222,-104.8891611,0,9,0,0,3,3,0,1,1,1,0,1,0,0000000,9,24,9,32,9,52,0,0,0,1,0
8,80268,1,1,0,0,0,2,2,111,0,31,8,2012,6,19,59,0,5,4,CR-2,,25,37.83125556,-107.6070667,0,31,0,0,1,1,0,4,5,1,0,1,0,0000000,99,99,99,99,99,99,0,0,0,1,0
8,80269,2,2,0,0,0,2,2,77,940,21,8,2012,3,15,54,0,14,2,US-6/50,,208,39.15179722,-108.7261806,0,12,6,0,1,1,0,1,1,1,0,1,0,0000000,15,56,16,0,16,44,0,0,0,1,0
8,80270,3,2,1,0,0,3,3,41,430,12,8,2012,1,10,45,0,14,6,N MURRAY BLVD,SAWYER WAY,0,38.85736389,-104.7479361,0,12,6,0,2,2,0,1,1,1,0,1,0,0000000,10,45,99,99,99,99,0,0,0,2,0
8,80271,1,1,0,1,1,1,1,41,430,19,8,2012,1,22,2,0,13,6,S 8TH ST,LOWER GULCH RD,0,38.82463889,-104.8401278,0,8,0,0,3,2,0,1,3,1,0,1,0,0000000,99,99,99,99,99,99,0,0,0,1,0
8,80272,1,1,0,0,0,1,1,69,1550,19,8,2012,1,22,6,0,15,6,W 8TH ST,,0,40.40248611,-105.1093389,0,33,0,0,1,1,0,4,3,1,0,1,0,0000000,22,6,22,10,22,32,0,0,0,1,1
8,80273,2,2,0,0,0,2,2,59,1000,26,8,2012,1,18,19,0,16,6,W 6TH AVE,MCINTYRE ST,0,39.72503333,-105.1748861,0,12,6,0,2,3,0,1,1,1,0,1,0,0000000,18,19,18,19,88,88,0,0,0,1,0
8,80274,1,1,0,1,1,1,1,41,430,10,4,2012,3,6,17,1,13,6,S ACADEMY BLVD,,0,38.80411389,-104.7576361,0,8,0,0,1,1,0,1,3,5,0,5,0,0000000,99,99,99,99,88,88,0,0,0,1,0
8,80275,3,3,0,0,0,3,3,13,0,21,6,2012,5,7,25,0,13,3,SR-7  ARAPAHOE RD,,602,40.01470833,-105.1134,0,12,2,0,1,1,0,1,1,1,0,1,0,0000000,99,99,99,99,99,99,0,0,0,1,1
8,80276,1,1,0,1,1,1,1,31,600,16,6,2012,7,8,27,1,13,6,E SPEER BLVD,N DOWNING ST,0,39.71868889,-104.9732389,0,8,0,0,3,2,0,1,1,1,0,1,0,0000000,99,99,99,99,99,99,0,0,0,1,0
8,80277,2,2,0,0,0,2,2,41,430,24,7,2012,3,14,32,0,13,6,AUSTIN BLUFFS PKWY,SILVER DR,0,38.90361667,-104.7398583,0,12,6,0,8,1,0,1,1,1,0,1,0,0000000,99,99,99,99,99,99,0,0,0,1,0
8,80278,1,1,0,1,1,0,0,101,2050,28,7,2012,7,12,24,0,16,6,ALLEY  LOGAN AVE,,0,38.23561944,-104.6166639,0,38,0,0,1,1,0,4,1,1,0,1,0,0000000,12,24,12,26,99,99,0,0,0,1,0
8,80279,2,2,0,0,0,3,3,93,0,3,9,2012,2,21,54,1,2,2,US-85,,2267,39.45359722,-105.4327778,0,12,2,0,1,1,0,1,2,1,0,1,0,0000000,99,99,99,99,99,99,0,0,0,1,1
8,80280,1,1,0,0,0,1,1,69,0,4,9,2012,3,7,15,0,3,3,SR-14,,1059,40.68441667,-105.3886139,0,31,0,0,1,1,0,4,4,1,0,1,0,0000000,99,99,99,99,88,88,0,0,0,1,1
8,80281,1,1,0,1,1,1,1,59,1435,1,9,2012,7,20,52,0,13,2,US-40  W COLFAX AVE,,2936,39.74039167,-105.0666944,0,8,0,0,1,1,0,1,3,1,0,1,0,0000000,20,52,20,54,21,6,0,0,0,1,0
8,80282,2,2,0,0,0,3,3,41,0,5,9,2012,4,15,30,0,13,3,SR-83,CR-NORTHGATE BLVD,227,39.02861111,-104.7782167,0,12,6,0,2,2,0,1,1,1,0,1,0,0000000,99,99,99,99,99,99,0,0,0,1,1
8,80283,2,2,0,0,0,3,3,101,0,3,9,2012,2,14,56,0,13,4,CR-N PURCELL BLVD,CR-E INDUSTRIAL BLVD,0,38.32720833,-104.7000056,0,12,6,0,2,2,0,1,1,1,0,1,0,0000000,99,99,99,99,99,99,0,0,0,1,0
8,80284,1,1,0,1,1,1,1,5,110,6,9,2012,5,8,40,1,13,2,US-40  E COLFAX AVE,N LAREDO ST,3081,39.74010278,-104.8006333,0,8,0,0,3,2,0,1,1,1,0,1,0,0000000,8,40,8,43,9,4,0,0,0,1,0
8,80285,1,1,0,0,0,1,1,77,0,8,9,2012,7,21,25,1,11,1,I-70,,343,39.10638889,-108.4897222,0,1,0,0,1,1,0,10,2,1,0,1,0,0000000,21,29,21,41,88,88,0,0,0,1,1
8,80286,1,1,0,0,0,3,3,51,0,9,9,2012,1,18,43,0,5,4,CR-730,,0,38.72911667,-107.021175,0,1,0,0,1,1,0,1,1,1,0,1,0,0000000,18,45,19,7,99,99,0,0,0,1,0
8,80287,1,1,0,0,0,1,1,111,0,10,9,2012,2,5,30,1,2,2,US-550,,727,37.81989167,-107.7076194,0,42,0,0,1,1,0,4,4,1,0,1,0,0000000,99,99,99,99,88,88,0,0,0,1,0
8,80288,2,2,0,0,0,2,2,29,0,11,9,2012,3,14,25,1,2,2,US-50,,545,38.83525833,-108.297675,0,12,6,0,1,1,0,1,1,2,1,2,0,0000000,99,99,99,99,88,88,0,0,0,1,0
8,80289,3,3,0,0,0,3,3,123,1070,12,9,2012,4,6,3,1,12,2,US-34  BYPASS,,1046,40.40636944,-104.8361111,0,12,7,0,1,1,0,1,2,1,0,1,0,0000000,6,8,6,10,88,88,0,0,0,1,1
8,80290,1,1,0,0,0,3,3,83,0,15,9,2012,7,11,15,0,3,4,CR-G,,47,37.32297222,-108.6947222,0,1,0,0,1,1,0,4,1,1,0,1,0,0000000,99,99,99,99,99,99,0,0,0,1,1
8,80291,1,1,0,0,0,1,1,31,600,16,9,2012,1,9,32,0,14,6,S MONACO ST,,0,39.65101667,-104.9131167,0,33,0,0,1,1,0,4,1,1,0,1,0,0000000,99,99,99,99,99,99,0,0,0,1,0
8,80292,1,1,0,0,0,1,1,123,0,16,9,2012,1,16,36,0,4,4,CR-TWO RIVERS PKWY,,0,40.33094444,-104.8072222,0,1,0,0,1,1,0,4,1,1,0,1,0,0000000,16,36,16,39,17,50,0,0,0,1,1
8,80293,1,1,0,0,0,1,1,35,0,8,9,2012,7,15,7,0,5,4,CR-PERRY PARK RD,,0,39.13385278,-104.9095667,0,1,0,0,1,1,0,5,1,1,0,1,0,0000000,14,59,15,9,88,88,0,0,0,1,0
8,80294,1,1,0,0,0,1,1,5,0,11,9,2012,3,19,43,0,6,4,CR-6,,0,39.72361111,-104.4769444,0,1,0,0,1,1,0,5,2,1,0,1,0,0000000,99,99,99,99,88,88,0,0,0,1,1
8,80295,1,1,0,0,0,1,1,69,0,11,9,2012,3,18,50,0,2,2,US-36,,92,40.30611111,-105.3880556,0,42,0,0,1,1,0,4,2,2,10,2,0,0000000,7,41,99,99,88,88,18,0,0,1,0
8,80296,1,1,0,0,0,1,1,5,110,16,9,2012,1,17,53,0,13,6,S CHAMBERS RD,,0,39.71523889,-104.80995,0,23,0,0,1,1,0,4,1,1,0,1,0,0000000,17,53,17,54,88,88,0,0,0,1,0
8,80297,3,3,0,1,1,3,3,69,860,12,9,2012,4,23,19,1,13,2,US-287  COLLEGE AVE,,3408,40.50331944,-105.0774528,0,8,0,0,1,1,0,1,2,1,0,1,0,0000000,23,19,23,20,88,88,23,0,0,1,1
8,80298,1,1,0,0,0,2,2,19,0,21,9,2012,6,22,15,0,4,4,CR-FALL RIVER RD,,5,39.76205,-105.5575889,0,38,0,0,1,1,0,4,2,1,0,1,0,0000000,99,99,99,99,99,99,0,0,0,1,1
8,80299,1,1,0,0,0,1,1,109,0,22,9,2012,7,12,10,1,2,2,US-285,,1187,38.41931667,-106.0816028,0,31,0,0,1,1,0,4,1,1,0,1,0,0000000,99,99,99,99,88,88,0,0,0,1,0
8,80300,2,2,0,0,0,5,5,5,110,22,9,2012,7,19,10,0,13,6,E QUINCY AVE,S RESERVOIR RD,0,39.63848889,-104.7631778,0,12,2,0,2,2,0,1,3,1,0,1,0,0000000,19,9,19,13,19,29,0,0,0,1,1
8,80301,1,1,0,0,0,1,1,77,0,23,9,2012,1,0,5,1,1,1,I-70,,228,39.12875556,-108.6845694,0,1,0,0,1,1,0,3,2,1,0,1,0,0000000,0,8,99,99,88,88,0,0,0,1,1
8,80302,1,1,0,1,1,3,3,31,600,23,9,2012,1,0,59,1,13,6,S BROADWAY ST,W CEDAR AVE,0,39.71302778,-104.9875778,0,8,0,0,3,2,0,1,3,1,0,1,0,0000000,1,0,1,3,1,11,0,0,0,1,0
8,80303,1,1,0,0,0,3,3,87,0,23,9,2012,1,16,45,1,1,1,I-76,,851,40.26788333,-103.7089806,0,1,0,0,1,1,0,3,1,1,0,1,0,0000000,99,99,99,99,99,99,0,0,0,1,0
8,80304,2,2,0,0,0,7,7,23,0,14,9,2012,6,19,14,1,2,2,US-160,CR-SOUDER RD,2622,37.45175,-105.3696083,0,12,1,0,3,3,0,1,5,1,0,1,0,0000000,88,88,88,88,88,88,0,0,0,1,0
8,80305,1,1,0,0,0,1,1,113,0,25,9,2012,3,13,40,0,3,3,SR-145,,681,37.91083333,-107.8872222,0,11,0,0,1,1,0,1,1,2,10,2,0,0000000,13,43,13,54,88,88,0,0,0,1,0
8,80306,1,1,0,1,1,1,1,13,1390,10,9,2012,2,22,31,1,13,2,US-287  107TH ST,DIAMOND CIR,3046,40.00378611,-105.1029306,0,8,0,0,3,2,0,1,3,1,0,1,0,0000000,22,31,99,99,99,99,0,0,0,1,0
8,80307,2,2,0,0,0,2,2,13,0,26,9,2012,4,9,45,1,2,2,US-287,,3085,40.05973056,-105.1026639,0,12,2,0,1,1,0,1,1,1,0,1,0,0000000,99,99,99,99,99,99,0,0,0,1,0
8,80308,2,2,0,0,0,2,2,123,0,27,9,2012,5,10,10,0,14,3,SR-392,CR-37,1146,40.481,-104.7158806,0,12,6,0,2,2,0,1,1,1,0,1,0,0000000,10,11,10,14,99,99,0,0,0,1,1
8,80309,1,1,0,0,0,2,2,41,0,27,9,2012,5,19,27,0,6,4,CR-HIGH PLAINS VIEW,,0,38.57305556,-104.6957028,0,43,0,0,1,1,0,5,2,1,0,1,0,0000000,19,32,20,2,88,88,0,0,0,1,1
8,80310,1,1,0,0,0,1,1,5,0,30,9,2012,1,2,4,0,15,4,CR-S POTOMAC ST,,0,39.57374722,-104.827575,0,33,0,0,1,1,0,3,2,1,0,1,0,0000000,99,99,99,99,88,88,0,0,0,1,1
8,80311,2,2,0,0,0,2,2,35,0,20,9,2012,5,20,30,0,14,4,CR-S BROADWAY RD,,0,39.55680556,-104.9895,0,12,1,0,8,1,0,1,3,1,0,1,0,0000000,99,99,99,99,99,99,0,0,0,1,0
8,80312,1,1,0,0,0,1,1,123,1620,1,9,2012,7,19,17,0,3,3,SR-66,,401,40.20388889,-105.02105,0,1,0,0,1,1,0,1,5,1,0,1,0,0000000,19,19,19,26,19,40,0,0,0,1,0
8,80313,2,2,0,0,0,3,3,123,780,7,9,2012,6,19,50,0,14,6,47TH AVE,TUSCANY ST,0,40.38250833,-104.7561611,0,12,2,0,2,3,0,1,2,1,0,1,0,0000000,19,51,99,99,99,99,0,0,0,1,1
8,80314,1,1,0,0,0,1,1,123,0,9,9,2012,1,16,47,1,13,2,US-85 RAMP,CR-N 6TH AVE,2701,40.44950556,-104.6915361,0,24,0,1,3,3,0,4,1,1,0,1,0,0000000,99,99,99,99,99,99,0,0,0,1,0
8,80315,2,2,0,0,0,3,3,59,1000,19,9,2012,4,19,20,0,14,2,US-40    W COLFAX AVE,,2871,39.72668611,-105.1858444,0,12,2,0,1,1,0,1,2,1,0,1,0,0000000,19,21,19,25,99,99,0,0,0,1,1
8,80316,1,1,0,1,1,1,1,1,230,26,8,2012,1,0,0,0,16,6,PEORIA ST,,0,39.90916111,-104.84665,0,8,0,0,1,1,0,1,2,1,0,1,0,0000000,0,0,0,41,1,0,0,0,0,1,0
8,80317,2,2,0,0,0,2,2,69,0,2,10,2012,3,10,55,0,14,3,SR-392  MAIN ST,,1010,40.47945833,-104.9736833,0,12,2,0,1,1,1,1,1,1,0,1,0,0000000,99,99,99,99,88,88,0,0,0,1,1
8,80318,1,1,0,1,1,1,1,101,2050,2,10,2012,3,11,1,1,11,1,I-25,,998,38.28401944,-104.6051889,0,8,0,0,1,1,0,1,1,1,0,1,0,0000000,11,2,11,5,88,88,0,0,0,1,0
8,80319,1,1,0,0,0,2,2,67,0,3,10,2012,4,11,0,0,4,4,CR-250,,43,37.35511667,-107.8416111,0,1,0,0,1,1,0,5,1,1,0,1,0,0000000,99,99,99,99,88,88,0,0,0,2,0
8,80320,1,1,0,0,0,1,1,13,0,3,10,2012,4,13,40,0,4,4,CR-LEFT HAND CANYON DR,,43,40.10711667,-105.3323194,0,18,0,0,1,1,0,5,1,1,0,1,0,0000000,99,99,99,99,88,88,0,0,0,1,0
8,80321,1,1,0,0,0,2,2,107,0,4,10,2012,5,20,10,0,3,3,SR-131,,282,40.00477778,-106.7925833,0,1,0,0,1,1,0,4,2,1,0,1,0,0000000,20,19,20,41,99,99,0,0,0,1,1
8,80322,3,3,0,0,0,3,3,123,0,8,10,2012,2,7,55,1,2,2,US-34,,1374,40.2912,-104.2591667,0,12,8,0,1,1,0,1,1,1,0,1,0,0000000,99,99,99,99,99,99,0,0,0,1,0
8,80323,3,3,0,0,0,3,3,31,600,8,10,2012,2,12,39,1,11,1,I-25,,2105,39.74306389,-105.0156194,0,12,7,1,18,1,1,1,1,1,0,1,0,0000000,99,99,99,99,99,99,0,0,0,1,0
8,80324,1,1,0,0,0,3,3,81,0,8,10,2012,2,12,5,0,3,3,SR-13,,608,40.25194444,-107.7869444,0,17,0,0,1,1,0,4,1,1,0,1,0,0000000,12,13,99,99,99,99,0,0,0,1,0
8,80325,2,2,0,0,0,2,2,45,0,10,10,2012,4,6,26,0,6,4,CR-319,,20,39.49394722,-107.7410278,0,12,6,0,1,1,0,1,2,1,0,1,0,0000000,6,30,99,99,99,99,0,0,0,1,0
8,80326,1,1,0,0,0,1,1,41,0,11,10,2012,5,18,14,1,11,1,I-25 RAMP E,,1625,39.08861111,-104.8650361,0,1,0,1,5,1,0,4,5,1,0,1,0,0000000,99,99,99,99,88,88,0,0,0,1,1
8,80327,1,1,0,0,0,1,1,13,0,11,10,2012,5,21,5,1,12,2,US-36,,416,39.96825278,-105.1920806,0,24,0,0,1,1,0,4,2,1,0,1,0,0000000,99,99,99,99,88,88,0,0,0,1,1
8,80328,2,2,0,0,0,2,2,77,0,12,10,2012,6,7,28,1,2,2,US-50,,404,38.99361111,-108.4525,0,59,0,0,1,1,1,4,1,1,0,1,0,0000000,7,31,7,44,99,99,0,0,0,1,0
8,80329,2,2,0,0,0,5,5,123,0,13,10,2012,7,10,45,0,4,4,CR-54,CR-49,0,40.37598889,-104.6019444,0,12,6,0,2,2,0,1,1,1,0,1,0,0000000,99,99,99,99,99,99,0,0,0,4,1
8,80330,1,1,0,0,0,3,3,51,0,14,10,2012,1,13,0,1,2,2,US-50,,1967,38.47046389,-106.3348361,0,31,0,0,1,1,0,4,1,1,0,1,0,0000000,13,3,99,99,99,99,0,0,0,1,0
8,80331,1,1,0,0,0,5,5,71,0,14,10,2012,1,17,20,1,1,1,I-25,,213,37.27343889,-104.5085694,0,24,0,0,1,1,0,4,1,1,0,1,0,0000000,99,99,99,99,99,99,0,0,0,2,0
8,80332,1,1,0,0,0,2,2,83,0,12,10,2012,6,11,20,0,3,3,SR-145,,308,37.57496389,-108.2417111,0,17,0,0,1,1,0,4,1,1,0,1,0,0000000,99,99,99,99,99,99,0,0,0,1,0
8,80333,1,1,0,0,0,2,2,69,0,16,10,2012,3,15,45,1,11,1,I-25,,2709,40.60305556,-105.0016667,0,1,0,0,1,1,0,4,1,1,10,10,0,0000000,99,99,99,99,99,99,0,0,0,1,0
8,80334,2,2,0,0,0,4,4,101,2050,12,10,2012,6,1,49,1,13,3,SR-47 RAMP,JERRY MURPHY RD,8,38.30719722,-104.5984611,0,12,1,1,3,2,0,1,3,1,0,1,0,0000000,1,49,2,0,99,99,0,0,0,1,1
8,80335,4,4,0,0,0,8,8,14,253,14,10,2012,1,12,20,1,13,2,US-287,,2997,39.94168889,-105.0904639,0,12,1,0,1,1,0,1,1,1,0,1,0,0000000,12,20,12,25,12,30,0,0,0,1,0
8,80336,2,2,0,0,0,2,2,39,0,17,10,2012,4,19,24,0,6,4,CR-CHEROKEE TRL,,0,39.37888889,-104.6424417,0,12,2,0,1,1,0,1,2,1,0,1,0,0000000,99,99,99,99,99,99,0,0,0,1,0
8,80337,1,1,0,0,0,1,1,31,600,15,10,2012,2,15,0,0,14,6,N SANTA FE DR,,0,39.71800556,-104.9986111,0,33,0,0,6,1,0,4,1,1,0,1,0,245392G,15,1,15,3,15,15,0,0,0,1,1
8,80338,3,3,0,0,0,7,7,13,0,20,10,2012,7,15,40,0,13,3,SR-119,,326,39.99861111,-105.413425,0,12,1,0,1,1,0,1,1,1,0,1,0,0000000,99,99,99,99,88,88,14,0,0,1,1
8,80339,1,1,0,0,0,1,1,109,0,21,10,2012,1,7,25,1,2,2,US-285,,755,37.93027778,-106.1449444,0,31,0,0,1,1,0,4,4,1,0,1,0,0000000,7,34,7,49,88,88,0,0,0,1,1
8,80340,2,2,0,0,0,4,4,51,0,21,10,2012,1,13,28,0,3,3,SR-135,,257,38.85295,-106.9553694,0,12,6,0,1,1,0,1,1,1,0,1,0,0000000,99,99,99,99,99,99,0,0,0,1,0
8,80341,2,2,0,0,0,2,2,123,0,25,10,2012,5,8,30,0,4,4,CR-39,CR-44,0,40.30514167,-104.6963306,0,12,6,0,2,2,0,1,1,1,0,1,0,0000000,99,99,99,99,99,99,0,0,0,1,0
8,80342,1,1,0,0,0,1,1,17,0,9,10,2012,3,11,30,0,2,2,US-40,,4644,38.80896944,-102.4511111,0,31,0,0,1,1,0,4,1,6,0,6,0,0000000,11,42,11,51,12,22,0,0,0,1,0
8,80343,2,2,0,0,0,3,3,17,0,25,10,2012,5,15,17,1,2,2,US-40,,4290,38.83589722,-103.0722222,0,12,2,0,1,1,0,1,1,1,0,1,0,0000000,99,99,99,99,99,99,0,0,0,1,0
8,80344,1,1,0,0,0,1,1,15,0,25,10,2012,5,22,21,1,2,2,US-24,,2172,38.82785556,-106.0416667,0,17,0,0,1,1,0,4,2,2,10,2,0,0000000,99,99,99,99,88,88,0,0,0,1,0
8,80345,2,2,0,0,0,3,3,59,2550,13,10,2012,7,19,24,1,13,3,SR-121  WADSWORTH PKWY,W 92ND AVE,221,39.86296667,-105.0836861,0,12,2,0,2,2,0,1,3,1,0,1,0,0000000,19,25,19,28,19,53,0,0,0,1,1
8,80346,2,2,0,0,0,2,2,75,1260,27,10,2012,7,9,35,0,4,2,US-138  RAILROAD AVE,S 2ND ST,121,40.75757222,-103.0632444,0,12,6,0,2,3,0,1,1,1,0,1,0,0000000,9,39,9,50,10,38,0,0,0,1,1
8,80347,2,2,0,0,0,4,4,37,0,25,10,2012,5,17,31,1,1,1,I-70,,1841,39.59635833,-106.2669444,0,12,7,0,1,1,0,1,2,4,10,4,0,0000000,99,99,99,99,99,99,0,0,0,1,0
8,80348,1,1,0,1,1,1,1,1,0,27,10,2012,7,1,4,1,13,2,US-287  N FEDERAL BLVD,,2882,39.81737778,-105.0251861,0,8,0,0,1,1,0,1,2,1,0,1,0,0000000,1,4,1,8,88,88,0,0,0,1,0
8,80349,1,1,0,1,1,1,1,1,0,30,10,2012,3,6,55,0,14,3,SR-224   70TH AVE,,8,39.82357778,-104.9772167,0,8,0,0,1,1,0,1,1,1,0,1,0,0000000,6,57,7,2,7,26,0,0,0,1,0
8,80350,1,1,0,1,1,1,1,77,1040,7,10,2012,1,2,36,0,15,6,MAIN ST,,0,39.06730278,-108.5573444,0,8,0,0,1,1,0,1,2,1,0,1,0,0000000,2,36,2,40,2,54,0,0,0,1,0
8,80351,1,1,0,0,0,1,1,41,0,31,10,2012,4,9,25,0,4,4,CR-N RUSH RD,,0,38.86383889,-104.0924583,0,1,0,0,1,1,0,1,1,1,0,1,0,0000000,99,99,99,99,88,88,0,0,0,1,0
8,80352,1,1,0,1,1,1,1,41,430,24,10,2012,4,23,7,1,13,6,ACADEMY BLVD,MAIZELAND RD,0,38.86788333,-104.7571,0,8,0,0,3,2,0,1,3,1,0,1,0,0000000,23,7,23,11,23,25,0,0,0,1,0
8,80353,1,1,0,1,1,1,1,41,430,28,10,2012,1,3,41,0,13,6,HANCOCK EXPY,,0,38.79128056,-104.7636306,0,8,0,0,1,1,0,1,3,1,0,1,0,0000000,3,41,99,99,88,88,0,0,0,1,0
8,80354,2,2,0,0,0,3,3,35,0,25,10,2012,5,12,26,0,13,3,SR-83,CR-N PINERY PKWY,554,39.456475,-104.7590833,0,12,1,0,3,2,0,1,1,1,0,1,0,0000000,12,26,12,30,12,52,0,0,0,1,0
8,80355,2,2,0,0,0,5,5,101,0,28,10,2012,1,16,39,1,13,2,US-50,CR-PURCELL BLVD,3098,38.32392778,-104.7016361,0,12,1,0,3,2,0,1,1,1,0,1,0,0000000,99,99,99,99,99,99,0,0,0,1,0
8,80356,1,1,0,1,1,1,1,69,1550,17,10,2012,4,8,51,0,15,6,E 1ST ST,N DENVER AVE,0,40.39280278,-105.0450417,0,8,0,0,3,3,0,1,1,1,0,1,1,0000000,8,51,8,55,9,12,21,0,0,1,0
8,80357,1,1,0,0,0,1,1,59,1720,30,10,2012,3,15,36,1,2,2,US-285,,2470,39.61770833,-105.2153306,0,24,0,0,1,1,0,4,1,1,0,1,0,0000000,15,36,15,41,88,88,0,0,0,1,1
8,80358,1,1,0,1,1,1,1,5,110,23,10,2012,3,20,58,1,13,2,US-40  E COLFAX AVE,N DAYTON ST,3041,39.74010556,-104.8751278,0,9,0,0,3,2,0,1,3,1,0,1,0,0000000,20,58,21,0,21,12,0,0,0,1,0
8,80359,2,2,0,0,0,3,3,69,760,18,10,2012,5,21,18,1,13,2,US-34  BIG THOMPSON AVE,LONE PINE DR,640,40.38125833,-105.4948722,0,12,2,0,2,3,0,1,3,6,0,6,0,0000000,21,18,21,24,21,42,0,0,0,1,0
8,80360,1,1,0,0,0,1,1,37,114,28,10,2012,1,11,6,0,6,5,WILDWOOD RD,,0,39.65308056,-106.5330278,0,1,0,0,1,1,0,5,1,1,0,1,0,0000000,11,8,11,18,88,88,0,0,0,1,0
8,80361,1,1,0,0,0,2,2,41,430,13,10,2012,7,17,50,1,2,2,US-24,,3180,38.90613333,-104.6319139,0,59,0,0,1,1,0,4,1,1,0,1,0,0000000,99,99,99,99,99,99,0,0,0,1,1
8,80362,1,1,0,3,3,2,2,41,430,15,10,2012,2,7,54,0,13,6,CAREFREE CIR NORTH,PICTURESQUE CIR,0,38.88641944,-104.74085,0,8,0,0,3,2,0,1,1,1,0,1,0,0000000,99,99,99,99,99,99,0,0,0,2,0
8,80363,2,2,0,0,0,3,3,41,430,20,9,2012,5,11,19,0,13,6,LAKE AVE,E CHEYENNE RD,0,38.79579444,-104.8035056,0,12,6,0,2,2,0,1,1,1,0,1,0,0000000,99,99,99,99,88,88,0,0,0,1,0
8,80364,1,1,0,0,0,1,1,41,430,29,9,2012,7,2,33,0,16,6,TECH CENTER DR,,0,38.90965278,-104.8254306,0,33,0,0,1,1,0,4,3,1,0,1,0,0000000,99,99,99,99,88,88,0,0,0,1,1
8,80365,2,2,0,0,0,2,2,35,1529,1,11,2012,5,3,5,1,12,3,SR-470   C-470,,258,39.55677778,-104.8785,0,24,0,1,19,1,0,3,3,1,0,1,0,0000000,3,5,3,8,88,88,0,0,0,1,0
8,80366,2,2,0,0,0,4,4,59,0,1,11,2012,5,19,30,1,13,3,SR-93,,94,39.89246111,-105.2410889,0,12,6,0,1,1,0,1,2,1,0,1,0,0000000,19,30,19,41,99,99,0,0,0,1,0
8,80367,2,2,0,0,0,8,8,5,110,2,11,2012,6,16,5,0,14,6,N PEORIA ST,E 11TH AVE,0,39.73298889,-104.8471861,0,12,6,0,2,2,0,1,1,1,0,1,0,0000000,16,5,16,9,16,16,0,0,0,1,1
8,80368,2,2,0,0,0,3,3,1,0,3,11,2012,7,18,53,1,13,2,US-287  N FEDERAL BLVD,,2867,39.79758333,-105.02525,0,12,6,0,8,1,0,1,3,1,0,1,0,0000000,18,52,18,58,88,88,0,0,0,1,0
8,80369,1,1,0,1,1,1,1,69,0,4,11,2012,1,18,40,1,1,7,I-25   E  FRONTAGE RD,,2788,40.71638889,-104.9934667,0,8,0,0,1,1,0,1,2,1,0,1,0,0000000,99,99,99,99,88,88,0,0,0,1,0
8,80370,1,1,0,1,1,1,1,1,434,5,11,2012,2,4,52,0,14,3,SR-265   BRIGHTON BLVD,,27,39.81094167,-104.9381944,0,8,0,0,6,1,0,1,2,1,0,1,0,253278C,4,52,5,0,5,22,0,0,0,1,0
8,80371,1,1,0,1,1,2,2,5,110,4,11,2012,1,21,30,1,13,2,US-40  E COLFAX AVE,,3051,39.74008333,-104.8567861,0,8,0,0,1,1,0,1,3,1,0,1,0,0000000,21,30,21,35,21,53,0,0,0,1,0
8,80372,2,2,0,0,0,2,2,29,0,6,11,2012,3,9,24,0,3,3,SR-65,,48,38.82395278,-107.9753833,0,12,2,0,1,1,0,1,1,1,0,1,0,0000000,9,28,9,31,9,55,0,0,0,1,0
8,80373,2,2,0,0,0,4,4,43,0,6,11,2012,3,10,11,0,4,4,CR-67,CR-123,16,38.46112778,-105.1132333,0,12,6,0,2,2,0,1,1,1,0,1,0,0000000,99,99,99,99,99,99,0,0,0,1,1
8,80374,1,1,0,0,0,4,4,55,0,9,11,2012,6,17,55,1,1,1,I-25,,463,37.5825,-104.7372222,0,1,0,0,1,1,0,4,2,1,0,1,0,0000000,99,99,99,99,99,99,0,0,0,1,0