STATE,ST_CASE,VE_TOTAL,VE_FORMS,PVH_INVL,PEDS,PERNOTMVIT,PERMVIT,PERSONS,COUNTY,CITY,DAY,MONTH,YEAR,DAY_WEEK,HOUR,MINUTE,NHS,ROAD_FNC,ROUTE,TWAY_ID,TWAY_ID2,MILEPT,LATITUDE,LONGITUD,SP_JUR,HARM_EV,MAN_COLL,RELJCT1,RELJCT2,TYP_INT,WRK_ZONE,REL_ROAD,LGT_COND,WEATHER1,WEATHER2,WEATHER,SCH_BUS,RAIL,NOT_HOUR,NOT_MIN,ARR_HOUR,ARR_MIN,HOSP_HR,HOSP_MN,CF1,CF2,CF3,FATALS,DRUNK_DR
8,80375,1,1,0,0,0,2,2,123,0,10,11,2012,7,12,55,0,5,4,CR-41,,0,40.16027778,-104.6783333,0,1,0,0,1,1,0,4,1,4,10,4,0,0000000,99,99,99,99,88,88,0,0,0,1,0
8,80376,1,1,0,0,0,1,1,59,0,10,11,2012,7,17,0,1,2,2,US-285,,2437,39.58671667,-105.2209889,0,35,0,0,1,1,0,4,5,4,10,4,0,0000000,17,13,17,25,88,88,0,0,0,1,0
8,80377,2,2,0,0,0,4,4,13,1540,7,11,2012,4,15,43,0,14,3,SR-42   COURTESY RD,,21,39.98442222,-105.1279056,0,12,2,0,1,1,0,1,1,1,0,1,0,0000000,99,99,99,99,99,99,0,0,0,1,0
8,80378,1,1,0,0,0,2,2,71,0,13,11,2012,3,14,0,1,1,1,I-25,,227,37.28990278,-104.52345,0,32,0,0,1,1,0,10,1,1,0,1,0,0000000,99,99,99,99,99,99,0,0,0,1,0
8,80379,1,1,0,0,0,1,1,89,0,15,11,2012,5,15,7,1,2,2,US-50,,3849,38.00957222,-103.4556083,0,1,0,0,1,1,0,4,1,1,0,1,0,0000000,99,99,99,99,88,88,0,0,0,1,0
8,80380,1,1,0,0,0,1,1,39,0,17,11,2012,7,4,0,0,4,4,CR-ELBERT RD,,0,39.15505833,-104.5380444,0,38,0,0,1,1,0,4,2,1,0,1,0,0000000,4,3,4,14,88,88,0,0,0,1,1
8,80381,1,1,0,0,0,4,4,37,0,17,11,2012,7,15,0,1,1,1,I-70,,1461,39.65488333,-106.8355556,0,1,0,0,1,1,0,3,1,1,0,1,0,0000000,15,0,99,99,99,99,0,0,0,1,0
8,80382,1,1,0,1,1,1,1,31,600,17,11,2012,7,22,6,0,13,6,E EVANS AVE,S PONTIAC WAY,0,39.67825833,-104.9055667,0,8,0,0,2,3,0,1,3,1,0,1,0,0000000,99,99,99,99,99,99,0,0,0,1,0
8,80383,1,1,0,0,0,2,2,37,0,19,11,2012,2,3,30,1,1,1,I-70,,1557,39.70125,-106.6869444,0,1,0,0,1,1,0,3,2,1,0,1,0,0000000,3,46,3,58,5,3,0,0,0,1,0
8,80384,3,2,1,2,2,3,3,35,0,20,11,2012,3,11,52,1,12,3,SR-470 RAMP D,,196,39.56473889,-104.9878972,0,8,0,1,5,1,1,8,1,1,0,1,0,0000000,99,99,99,99,99,99,0,0,0,2,0
8,80385,1,1,0,0,0,3,3,37,0,21,11,2012,4,10,5,1,1,1,I-70,,1525,39.69927222,-106.734675,0,1,0,0,1,1,0,4,1,1,0,1,0,0000000,10,13,10,19,99,99,0,0,0,1,0
8,80386,2,2,0,0,0,2,2,101,2052,21,11,2012,4,11,24,0,13,6,N PURCELL BLVD,E PLATTEVILLE BLVD,0,38.356475,-104.6942583,0,12,6,0,2,2,0,1,1,1,0,1,0,0000000,99,99,99,99,99,99,0,0,0,1,0
8,80387,1,1,0,1,1,1,1,31,600,6,11,2012,3,11,4,0,13,6,E 1ST AVE,N CLAYTON LN,0,39.71821389,-104.9556333,0,9,0,0,3,1,0,1,1,1,0,1,0,0000000,11,5,11,10,11,46,0,0,0,1,0
8,80388,1,1,0,0,0,1,1,119,0,24,11,2012,7,7,0,0,6,4,CR-PATHFINDER RD,,0,38.98694444,-105.2637722,0,38,0,0,1,1,0,4,1,1,0,1,0,0000000,99,99,99,99,88,88,0,0,0,1,1
8,80389,1,1,0,0,0,1,1,87,0,24,11,2012,7,8,5,0,6,4,CR-21,,0,40.34027778,-103.7536111,0,1,0,0,1,1,0,4,1,1,0,1,0,0000000,99,99,99,99,88,88,0,0,0,1,1
8,80390,1,1,0,0,0,7,7,1,0,24,11,2012,7,20,30,0,15,4,CR-COLORADO BLVD,,0,39.82520556,-104.9404778,0,30,0,0,1,1,0,4,3,1,0,1,0,0000000,20,30,20,34,21,0,0,0,0,2,1
8,80391,1,1,0,0,0,1,1,45,0,25,11,2012,1,0,5,1,1,1,I-70,,671,39.38433333,-108.1497222,0,1,0,0,1,1,0,3,2,1,0,1,0,0000000,99,99,99,99,88,88,0,0,0,1,1
8,80392,1,1,0,0,0,2,2,69,150,9,11,2012,6,13,57,1,13,2,US-287,,3276,40.33111111,-105.101,0,31,0,0,1,1,0,4,1,1,0,1,0,0000000,99,99,99,99,88,88,0,0,0,1,0
8,80393,1,1,0,0,0,1,1,89,0,26,11,2012,2,20,15,0,6,4,CR-JJ.5,CR-808,0,38.10722222,-103.5513889,0,35,0,0,3,3,0,4,2,1,0,1,0,0000000,20,17,20,30,21,9,0,0,0,1,0
8,80394,1,1,0,0,0,2,2,5,345,28,11,2012,4,23,57,0,16,6,S HOMESTEAD PKWY,,0,39.58625,-104.9109583,0,33,0,0,1,1,0,4,3,1,0,1,0,0000000,23,58,0,3,88,88,0,0,0,1,1
8,80395,1,1,0,1,1,1,1,37,2457,14,11,2012,4,1,24,1,11,7,I-70 S FRONTAGE RD,,1732,39.62672778,-106.4213028,0,8,0,0,1,1,0,1,2,1,0,1,0,0000000,1,24,1,27,1,48,0,0,0,1,0
8,80396,1,1,0,0,0,6,6,59,80,1,11,2012,5,1,46,1,11,1,I-70 RAMP B,,2690,39.78511667,-105.0823972,0,24,0,1,5,1,0,4,3,1,0,1,0,0000000,1,50,1,57,2,22,0,0,0,1,1
8,80397,2,2,0,0,0,5,5,1,230,6,11,2012,3,11,55,1,12,2,US-85,,2329,39.95615833,-104.8332611,0,1,0,0,1,1,0,3,1,1,0,1,0,0000000,11,55,12,1,12,54,14,0,0,1,0
8,80398,2,2,0,3,3,4,4,41,430,26,11,2012,2,16,3,0,13,6,E PIKES PEAK AVE,,0,38.83261667,-104.7843583,0,8,0,0,1,1,0,1,1,1,0,1,0,0000000,99,99,99,99,99,99,0,0,0,2,0
8,80399,1,1,0,0,0,1,1,101,0,3,11,2012,7,19,50,0,16,4,CR-AVENIDA DEL ORO,,0,38.32212222,-104.7994444,0,1,0,0,1,1,0,4,2,1,0,1,0,0000000,19,52,19,58,20,31,0,0,0,1,1
8,80400,1,1,0,0,0,2,2,57,0,2,12,2012,1,16,10,0,3,3,SR-127,,76,40.98166667,-106.2229611,0,58,0,0,1,1,0,4,1,1,0,1,0,0000000,16,15,16,35,88,88,0,0,0,1,0
8,80401,1,1,0,0,0,1,1,89,0,2,12,2012,1,12,29,0,6,4,CR-KK.75,,0,38.12361111,-104.0055556,0,1,0,0,1,1,0,4,1,1,0,1,0,0000000,12,30,12,53,88,88,0,0,0,1,0
8,80402,2,2,0,0,0,2,2,17,0,3,12,2012,2,1,42,1,2,2,US-40,,4382,38.78605,-102.92,0,12,8,0,1,1,0,1,2,1,0,1,0,0000000,99,99,99,99,99,99,0,0,0,1,1
8,80403,1,1,0,2,2,1,1,14,253,1,12,2012,7,16,6,0,13,3,SR-7  BASELINE RD,MOUNTAIN VIEW BLVD,664,40.00031667,-105.0178806,0,8,0,0,3,3,0,1,5,1,0,1,0,0000000,16,6,16,14,16,36,0,0,0,1,0
8,80404,1,1,0,1,1,2,2,1,2427,2,12,2012,1,17,56,0,13,6,WASHINGTON ST,,0,39.84761111,-104.9779056,0,8,0,0,1,1,0,1,3,1,0,1,0,0000000,17,56,17,59,18,22,0,0,0,1,0
8,80405,1,1,0,0,0,2,2,63,0,4,12,2012,3,9,50,1,1,1,I-70,,4059,39.29344444,-102.8575,0,1,0,0,1,1,0,3,1,1,0,1,0,0000000,99,99,99,99,99,99,0,0,0,1,0
8,80406,1,1,0,0,0,1,1,85,0,4,12,2012,3,20,0,0,6,4,CR-AMBER RD,,0,38.66444444,-108.0988889,0,1,0,0,1,1,0,4,2,1,0,1,0,0000000,20,18,20,25,21,8,0,0,0,1,0
8,80407,1,1,0,1,1,1,1,31,600,6,12,2012,5,18,8,1,13,3,SR-83   S PARKER RD,,747,39.69741111,-104.9005,0,8,0,0,1,1,0,1,3,1,0,1,0,0000000,18,9,18,15,88,88,0,0,0,1,0
8,80408,1,1,0,1,1,1,1,31,600,8,12,2012,7,13,1,1,13,3,SR-88  S FEDERAL BLVD,,20,39.71074722,-105.0250556,0,8,0,0,1,1,0,1,1,1,0,1,0,0000000,13,16,13,19,13,41,16,0,0,1,0
8,80409,1,1,0,0,0,1,1,71,0,8,12,2012,7,13,52,1,1,1,I-25,,359,37.44888889,-104.6516667,0,35,0,0,1,1,0,4,1,1,0,1,0,0000000,99,99,99,99,99,99,0,0,0,1,0
8,80410,1,1,0,0,0,1,1,69,0,10,12,2012,2,23,35,1,2,2,US-287,,3637,40.76447222,-105.1836167,0,1,0,0,1,1,0,4,2,4,10,4,0,0000000,99,99,99,99,88,88,0,0,0,1,0
8,80411,1,1,0,0,0,1,1,43,0,9,12,2012,1,6,0,0,4,3,SR-115,,121,38.39833333,-105.0608333,0,1,0,0,1,1,0,4,2,4,10,4,0,0000000,11,2,11,31,88,88,0,0,0,1,0
8,80412,1,1,0,0,0,1,1,59,1720,14,12,2012,6,11,31,0,14,3,SR-8,,4,39.628075,-105.1935833,0,1,0,0,1,1,0,4,1,1,0,1,0,0000000,11,32,11,40,88,88,20,0,0,1,1
8,80413,2,2,0,0,0,2,2,41,430,12,12,2012,4,1,8,0,13,6,FILLMORE ST,I-25 NB RAMP,0,38.87638611,-104.8339778,0,12,1,1,3,2,0,1,3,1,0,1,0,0000000,99,99,99,99,99,99,0,0,0,1,0
8,80414,1,1,0,1,1,1,1,31,600,12,12,2012,4,16,24,1,13,3,SR-88  S FEDERAL BLVD,,17,39.71578333,-105.0250972,0,8,0,0,1,1,0,1,5,1,0,1,0,0000000,16,24,16,29,88,88,0,0,0,1,0
8,80415,2,2,0,0,0,2,2,67,0,15,12,2012,7,11,6,0,4,3,SR-151,,23,37.11473611,-107.5946833,0,12,6,0,1,1,0,1,1,4,10,4,0,0000000,99,99,99,99,88,88,4,0,0,1,0
8,80416,2,2,0,0,0,7,7,13,0,15,12,2012,7,17,35,0,14,3,SR-66  UTE HWY,CR-PACE ST,379,40.20331389,-105.0741667,0,12,6,0,2,3,0,1,3,1,0,1,0,0000000,99,99,99,99,99,99,0,0,0,1,1
8,80417,1,1,0,0,0,2,2,69,0,16,12,2012,1,6,5,1,1,1,I-25,,2852,40.80833333,-104.9766667,0,31,0,0,1,1,0,10,4,5,10,5,0,0000000,99,99,99,99,99,99,0,0,0,1,0
8,80418,2,2,0,1,1,2,2,31,600,16,12,2012,1,17,28,1,13,3,SR-95  S SHERIDAN BLVD,,8,39.66408889,-105.0532361,0,8,0,0,1,1,0,1,3,1,0,1,0,0000000,17,31,17,34,88,88,0,0,0,1,0
8,80419,2,2,0,0,0,5,5,123,0,17,12,2012,2,20,4,0,4,3,SR-392,CR-51,1216,40.47870833,-104.5837667,0,12,6,0,2,2,0,1,2,1,0,1,0,0000000,99,99,99,99,99,99,0,0,0,1,0
8,80420,2,2,0,0,0,3,3,95,0,19,12,2012,4,10,50,1,2,2,US-385,,2841,40.65361111,-102.3003,0,12,2,0,1,1,0,1,1,4,10,4,0,0000000,99,99,99,99,99,99,4,0,0,2,0
8,80421,2,2,0,0,0,3,3,5,0,20,12,2012,5,8,30,1,1,1,I-70,,3318,39.56984444,-104.0161528,0,12,6,0,1,1,0,1,1,1,0,1,0,0000000,8,35,8,50,88,88,0,0,0,2,0
8,80422,4,4,0,0,0,6,6,41,430,20,12,2012,5,7,23,1,13,6,AIRPORT RD,S ACADEMY BLVD,0,38.82536389,-104.7574139,0,12,6,0,2,2,0,1,1,1,0,1,0,0000000,99,99,99,99,99,99,20,0,0,1,0
8,80423,2,2,0,0,0,2,2,67,0,24,12,2012,2,10,59,0,4,4,CR-141,,29,37.238375,-107.9536861,0,12,2,0,1,1,0,1,1,1,0,1,0,0000000,99,99,99,99,99,99,0,0,0,1,0
8,80424,2,2,0,0,0,3,3,67,0,29,12,2012,7,14,20,1,2,2,US-160,,924,37.22975556,-107.7780639,0,12,2,0,1,1,0,1,1,1,0,1,0,0000000,99,99,99,99,99,99,0,0,0,1,0
8,80425,1,1,0,0,0,1,1,101,0,23,12,2012,1,21,4,0,16,4,CR-N PLATTEVILLE BLVD,,0,38.37551389,-104.7230611,0,1,0,0,1,1,0,4,2,1,0,1,0,0000000,21,4,21,10,88,88,0,0,0,1,1
8,80426,2,2,0,0,0,2,2,87,0,20,12,2012,5,19,20,0,4,2,US-6,,3722,40.27853611,-103.5805083,0,12,1,0,1,1,0,1,2,1,0,1,0,0000000,99,99,99,99,99,99,0,0,0,1,1
8,80427,1,1,0,1,1,1,1,31,600,23,12,2012,1,22,59,1,13,3,SR-83  LEETSDALE DR,S QUEBEC ST,749,39.69852222,-104.9035722,0,8,0,0,3,2,0,1,3,1,0,1,0,0000000,23,0,23,3,23,25,16,0,0,1,0
8,80428,1,1,0,1,1,1,1,13,1530,31,12,2012,2,22,4,1,13,2,US-287  MAIN ST,,3180,40.19772778,-105.1024722,0,8,0,0,1,1,0,1,3,1,0,1,0,0000000,22,7,22,12,22,23,0,0,0,1,0
8,80429,1,1,0,0,0,1,1,41,430,2,12,2012,1,19,26,1,12,2,US-24  N POWERS BLVD,,3100,38.83151389,-104.7212222,0,1,0,0,1,1,0,4,3,1,0,1,0,0000000,99,99,99,99,88,88,0,0,0,1,1
8,80430,1,1,0,1,1,1,1,29,590,5,12,2012,4,19,58,1,13,3,SR-92,,4,38.74817778,-108.0651528,0,9,0,0,8,1,0,1,2,1,0,1,0,0000000,20,1,20,9,20,23,0,0,0,1,0
8,80431,3,1,2,0,0,1,1,43,310,24,11,2012,7,15,45,0,15,6,N 5TH ST,,0,38.4584,-105.2452694,0,14,0,0,1,1,0,7,1,1,0,1,0,0000000,13,46,15,51,99,99,14,0,0,1,0
8,80432,2,2,0,0,0,2,2,59,1000,9,6,2012,7,11,50,0,16,6,W 16TH AVE,,0,39.74235833,-105.1988722,0,12,6,0,8,1,0,1,1,1,0,1,0,0000000,11,53,11,58,12,25,0,0,0,1,0
8,80433,1,1,0,0,0,1,1,29,1950,17,8,2012,6,13,45,0,5,5,DELTA AVE,,0,38.86956111,-107.5896389,0,10,0,0,6,1,0,1,1,1,0,1,0,254065V,13,46,13,58,88,88,0,0,0,1,0
8,80434,1,1,0,1,1,0,0,41,430,20,11,2012,3,9,31,0,16,6,BRIGHTON WAY,,0,38.78616389,-104.8117528,0,8,0,0,4,1,0,4,1,1,0,1,0,0000000,99,99,99,99,99,99,0,0,0,1,0
8,80435,1,1,0,0,0,3,3,41,430,21,12,2012,6,1,37,0,4,6,GOLD CAMP RD,,0,38.79216944,-104.8969861,0,1,0,0,1,1,0,1,2,1,0,1,0,0000000,99,99,99,99,99,99,0,0,0,1,1
8,80436,1,1,0,1,1,1,1,43,310,25,9,2012,3,13,54,0,14,6,FIELD AVE,LESLIE LN,0,38.46168611,-105.2086806,0,9,0,0,3,3,0,1,1,1,0,1,0,0000000,99,99,99,99,99,99,0,0,0,1,0
8,80437,2,2,0,0,0,6,6,49,1380,21,11,2012,4,18,12,0,3,3,SR-9,,1377,40.05113056,-106.3719167,0,12,2,0,1,1,0,1,2,1,0,1,0,0000000,18,15,18,18,99,99,0,0,0,2,1
9,90001,1,1,0,0,0,1,1,3,214,17,1,2012,3,11,22,0,3,3,SR-20,,242,41.94950556,-72.75101111,0,31,0,0,1,1,0,4,1,2,0,2,0,0000000,11,23,11,36,12,8,0,0,0,1,0
9,90002,1,1,0,0,0,1,1,9,538,15,1,2012,1,22,22,0,16,6,CHESTNUT RIDGE ROAD,,4,41.295325,-72.99350278,0,42,0,0,1,1,0,4,2,1,0,1,0,0000000,22,22,22,34,22,51,0,0,0,1,1
9,90003,1,1,0,0,0,1,1,7,295,13,1,2012,6,22,23,0,6,6,PARKER HILL RD SOUTH,PARKER HILL ROAD,0,41.42608889,-72.55159722,0,39,0,0,3,3,0,4,2,1,0,1,0,0000000,99,99,99,99,99,99,0,0,0,1,0
9,90004,1,1,0,1,1,3,3,3,365,5,1,2012,5,20,20,0,6,3,SR-83,PEARL STREET,74,41.77390556,-72.52152778,0,8,0,0,3,3,0,1,3,1,0,1,0,0000000,20,20,99,99,99,99,0,0,0,1,0
9,90005,1,1,0,0,0,1,1,13,293,27,1,2012,6,0,5,0,4,3,SR-85,SR-94,303,41.69241389,-72.43811389,0,35,0,0,3,3,0,4,2,2,0,2,0,0000000,99,99,99,99,99,99,0,0,0,1,1
9,90006,1,1,0,0,0,2,2,1,765,15,1,2012,1,19,47,1,12,3,SR-15,,305,41.23169167,-73.21391944,0,5,0,1,18,1,0,1,2,1,0,1,0,0000000,19,49,19,53,20,13,0,0,0,1,0
9,90007,1,1,0,0,0,1,1,3,369,30,1,2012,2,14,58,0,6,6,SANER ROAD,,6,41.62018333,-72.47882222,0,42,0,0,1,1,0,4,1,1,0,1,0,0000000,14,58,15,2,88,88,0,0,0,1,0
9,90008,2,2,0,0,0,2,2,5,760,13,2,2012,2,21,6,0,15,3,SR-800,,72,41.85883889,-73.09125,0,12,2,0,1,1,0,1,3,1,0,1,0,0000000,21,7,21,13,99,99,0,0,0,1,1
9,90009,2,2,0,0,0,5,5,3,290,14,2,2012,3,1,3,0,14,3,SR-191,,72,41.95780833,-72.52777222,0,12,1,0,1,1,0,1,3,1,0,1,0,0000000,1,4,1,7,1,50,0,0,0,2,0
9,90010,2,2,0,0,0,2,2,7,230,19,2,2012,1,4,47,1,12,3,SR-9,,32,41.34110556,-72.39735833,0,12,2,0,1,1,0,1,2,1,0,1,0,0000000,4,47,4,55,88,88,0,0,0,2,1
9,90011,1,1,0,0,0,1,1,11,338,24,2,2012,6,21,2,0,6,6,GATES ROAD,,5,41.68347222,-72.21633056,0,30,0,0,1,1,0,4,2,2,0,2,0,0000000,21,3,21,26,21,55,0,0,0,1,0
9,90012,1,1,0,0,0,2,2,3,60,18,2,2012,7,9,28,0,16,6,TERRY PLAINS ROAD,,13,41.85133056,-72.75219722,0,42,0,0,1,1,0,4,3,1,0,1,0,0000000,9,30,9,59,99,99,0,0,0,2,1
9,90013,1,1,0,1,1,1,1,3,237,7,3,2012,4,5,45,1,13,2,US-6,HYDE ROAD,524,41.70390833,-72.85309722,0,8,0,0,3,2,0,1,3,1,0,1,0,0000000,5,48,5,52,6,16,0,0,0,1,0
9,90014,2,2,0,0,0,2,2,13,367,14,3,2012,4,14,59,0,13,2,US-44 @ CDR TO GAS STATION,,765,41.82648611,-72.26906944,0,12,6,0,8,1,0,1,1,1,0,1,0,0000000,14,59,15,4,15,38,0,0,0,1,0
9,90015,1,1,0,0,0,2,2,1,235,17,3,2012,7,6,22,1,12,3,SR-15,,237,41.17496667,-73.31930556,0,42,0,0,1,1,0,4,2,1,0,1,0,0000000,6,30,6,34,88,88,0,0,0,2,1
9,90016,3,3,0,1,1,5,5,9,825,18,3,2012,1,21,11,1,11,1,I-95,,436,41.26911944,-72.97351667,0,8,0,1,18,1,0,1,3,1,0,1,0,0000000,21,16,21,22,88,88,0,0,0,1,0
9,90017,2,2,0,0,0,2,2,3,224,17,2,2012,6,13,47,0,13,2,US-5,PROSPECT HILL DRIVE,473,41.92408333,-72.60622222,0,12,6,0,2,3,0,1,1,1,0,1,0,0000000,13,48,13,51,14,27,0,0,0,1,0
9,90018,1,1,0,0,0,1,1,1,715,24,4,2012,3,20,43,0,16,6,MOUNT CARMEL BLVD,,1,41.18275,-73.14113333,0,38,0,0,1,1,0,4,2,1,0,1,0,0000000,99,99,99,99,88,88,0,0,0,1,0
9,90019,3,3,0,0,0,4,4,9,825,25,4,2012,4,17,23,0,14,3,SR-705,,4,41.23505556,-72.97887222,0,12,1,0,1,1,0,1,1,1,0,1,0,0000000,17,21,17,25,99,99,0,0,0,1,0
9,90020,1,1,0,1,1,1,1,9,810,1,2,2012,4,17,59,0,13,3,SR-69,,153,41.53686389,-73.01696667,0,8,0,0,1,1,0,1,3,1,0,1,0,0000000,17,59,99,99,99,99,0,0,0,1,0
9,90021,1,1,0,0,0,1,1,13,368,5,2,2012,1,2,57,0,4,3,SR-89,,54,41.83378056,-72.16965278,0,24,0,0,1,1,0,4,2,1,0,1,0,0000000,2,57,3,6,88,88,0,0,0,1,1
9,90022,2,2,0,0,0,3,3,9,810,20,2,2012,2,23,2,1,11,1,I-84,,352,41.53810556,-73.00295,0,12,2,1,18,1,0,1,3,1,0,1,0,0000000,23,5,23,14,23,51,0,0,0,1,1
9,90023,1,1,0,0,0,1,1,5,33,12,2,2012,1,18,10,0,6,6,WARNER ROAD,,1,41.90423056,-72.93676389,0,42,0,0,1,1,0,4,2,1,0,1,0,0000000,99,99,99,99,99,99,0,0,0,1,0
9,90024,1,1,0,0,0,1,1,9,110,28,2,2012,3,15,10,0,16,6,OAK AVENUE,,7,41.49924167,-72.92144167,0,33,0,0,1,1,0,4,1,1,0,1,0,0000000,15,10,99,99,88,88,0,0,0,1,0
9,90025,4,4,0,0,0,6,6,11,386,9,3,2012,6,21,17,1,11,1,I-395,,84,41.48108333,-72.11625556,0,12,7,1,7,1,0,1,3,1,0,1,0,0000000,21,17,21,22,21,50,0,0,0,1,1
9,90026,3,3,0,0,0,5,5,3,90,16,2,2012,5,17,26,0,13,3,SR-229,MTN RD & PINE ST,42,41.66658889,-72.92208056,0,12,6,0,2,2,0,1,3,2,0,2,0,0000000,17,28,17,35,18,19,0,0,0,1,0
9,90027,1,1,0,0,0,1,1,1,170,18,3,2012,1,21,21,0,16,6,UNIVERSITY BLVD (WCSU),,0,41.38931667,-73.48775833,4,17,0,0,1,1,0,4,3,1,0,1,0,0000000,21,20,21,29,21,47,0,0,0,1,0
9,90028,1,1,0,0,0,4,4,13,775,7,4,2012,7,3,23,1,1,1,I-84,,941,41.98472222,-72.17703333,0,24,0,0,1,1,0,3,3,1,0,1,0,0000000,3,23,99,99,99,99,0,0,0,2,1
9,90029,2,2,0,1,1,3,3,13,785,9,4,2012,2,21,28,1,11,1,I-84,,742,41.82885,-72.47794167,0,8,0,0,1,1,0,1,2,1,0,1,0,0000000,21,28,21,40,99,99,19,0,0,1,0
9,90030,2,2,0,0,0,3,3,11,260,14,4,2012,7,23,34,0,12,3,SR-184,,1,41.36474167,-72.07122222,0,12,7,1,18,1,0,1,3,1,0,1,0,0000000,99,99,99,99,99,99,0,0,0,1,1
9,90031,3,3,0,0,0,3,3,9,502,18,4,2012,4,4,51,1,11,1,I-91,,69,41.38027222,-72.86781944,0,12,1,1,18,1,0,1,3,1,0,1,0,0000000,4,53,5,3,6,6,0,0,0,1,0
9,90032,1,1,0,0,0,1,1,9,502,20,4,2012,6,16,20,1,11,1,I-91,,53,41.35772778,-72.86815833,0,24,0,0,1,1,0,3,1,1,0,1,0,0000000,16,21,99,97,99,97,0,0,0,1,0
9,90033,2,2,0,0,0,2,2,13,785,12,1,2012,5,5,13,1,11,1,I-84,,767,41.84905,-72.43834167,0,12,6,0,1,1,0,1,2,4,0,4,0,0000000,5,19,5,38,88,88,0,0,0,1,0
9,90034,1,1,0,0,0,1,1,1,235,7,3,2012,4,17,22,0,16,6,MIRO STREET,BURROUGHS ROAD,3,41.18694167,-73.24365556,0,53,0,0,3,4,0,4,1,1,0,1,0,0000000,17,22,17,26,99,99,0,0,0,1,0
9,90035,1,1,0,0,0,3,3,9,541,9,3,2012,6,23,47,0,6,6,OLD STATE ROAD 67,,1,41.420475,-73.10445833,0,35,0,0,1,1,0,4,2,1,0,1,0,0000000,23,48,23,54,99,99,20,0,0,1,0
9,90036,1,1,0,0,0,1,1,3,90,21,4,2012,7,8,37,0,15,6,SOUTH STREET,MTN ROAD & DOWNS ST,11,41.66820833,-72.927525,0,33,0,0,3,3,0,4,1,1,0,1,0,0000000,8,38,8,44,8,55,0,0,0,1,0
9,90037,2,1,1,0,0,1,1,1,50,24,4,2012,3,10,39,0,14,2,US-6,,100,41.41483611,-73.38243889,0,14,0,0,1,1,0,2,1,1,0,1,0,0000000,99,99,99,99,88,88,0,0,0,1,0
9,90038,2,2,0,0,0,2,2,1,510,19,4,2012,5,15,36,1,13,2,US-7,,43,41.15759722,-73.42143333,0,12,6,0,4,1,0,1,1,1,0,1,0,0000000,15,36,99,99,99,99,0,0,0,1,0
9,90039,2,2,0,0,0,3,3,3,838,6,4,2012,6,14,38,0,14,3,SR-287,DUNHAM STREET PVT,20,41.69040833,-72.684925,0,12,6,0,4,1,0,1,1,1,0,1,0,0000000,14,38,14,41,15,5,0,0,0,1,0
9,90040,2,2,0,0,0,3,3,9,410,28,4,2012,7,21,56,1,12,3,SR-8,,258,41.49356944,-73.050925,0,12,2,0,1,1,0,1,3,1,0,1,0,0000000,21,58,22,5,99,99,0,0,0,1,1
9,90041,1,1,0,0,0,1,1,11,386,9,5,2012,4,12,23,1,11,1,I-395,@ SB X 79A,99,41.49270833,-72.11473889,0,31,0,1,19,1,0,3,1,2,0,2,0,0000000,12,23,12,27,12,51,0,0,0,1,0
9,90042,2,2,0,0,0,2,2,5,634,7,5,2012,2,16,25,0,4,3,SR-41,COBBLE ROAD,135,41.99064444,-73.42484722,0,12,6,0,2,2,0,1,1,1,0,1,0,0000000,16,26,99,99,99,99,0,0,0,1,0
9,90043,1,1,0,0,0,2,2,11,66,17,5,2012,5,15,6,0,14,3,SR-82,,250,41.50611667,-72.14071389,0,30,0,0,1,1,0,4,1,1,0,1,0,0000000,15,9,15,10,99,99,0,0,0,1,1
9,90044,3,3,0,0,0,4,4,13,228,20,5,2012,1,20,50,0,15,3,SR-140,TOMOKA AVENUE,124,41.90618889,-72.47719167,0,12,6,0,2,2,0,1,3,1,0,1,0,0000000,20,50,20,59,99,99,0,0,0,1,0
9,90045,1,1,0,0,0,1,1,3,229,13,5,2012,1,11,26,0,14,3,SR-220,SR-192,29,42.00971667,-72.54245,0,1,0,0,3,2,0,4,1,1,0,1,0,0000000,11,26,11,28,11,53,0,0,0,1,0
9,90046,1,1,0,1,1,1,1,1,715,5,5,2012,7,22,2,0,13,2,US-1,SR-113,342,41.19902222,-73.13163056,0,8,0,0,3,2,0,1,3,1,0,1,0,0000000,99,99,99,99,99,99,0,0,0,1,0
9,90047,2,2,0,0,0,2,2,1,650,29,5,2012,3,16,20,0,14,3,SR-110,,66,41.28740833,-73.080525,0,12,6,0,4,1,0,1,1,1,0,1,0,0000000,16,20,16,26,16,45,0,0,0,1,0
9,90048,1,1,0,2,2,1,1,3,630,24,5,2012,5,13,1,0,16,6,S & S PKG LOT ACCESS RD,,0,41.68185556,-72.65690833,0,8,0,0,1,1,0,1,1,1,0,1,0,0000000,13,1,99,99,99,99,0,0,0,1,0
9,90049,1,1,0,0,0,1,1,5,760,19,5,2012,7,10,55,0,16,6,LEDGE DRIVE,BURR MTN ROAD,0,41.87705556,-73.09791667,0,42,0,0,3,3,0,4,1,1,0,1,0,0000000,10,55,99,99,99,99,0,0,0,1,0
9,90050,1,1,0,0,0,1,1,13,151,1,6,2012,6,11,48,0,6,6,CARDS MILL ROAD,,5,41.71274167,-72.25212222,0,35,0,0,1,1,0,4,1,1,0,1,0,0000000,11,48,11,58,88,88,0,0,0,1,1
9,90051,2,2,0,0,0,2,2,11,219,5,6,2012,3,2,20,1,11,1,I-95,,873,41.3613,-72.20920556,0,12,2,0,1,1,1,1,3,1,0,1,0,0000000,2,21,2,35,3,10,0,0,0,1,1
9,90052,1,1,0,1,1,1,1,7,536,1,6,2012,6,22,35,0,13,2,US-1,SR-154,805,41.30297778,-72.37624167,0,8,0,0,3,2,0,1,3,10,0,10,0,0000000,22,40,22,43,99,99,0,0,0,1,0