STATE,ST_CASE,VE_TOTAL,VE_FORMS,PVH_INVL,PEDS,PERNOTMVIT,PERMVIT,PERSONS,COUNTY,CITY,DAY,MONTH,YEAR,DAY_WEEK,HOUR,MINUTE,NHS,ROAD_FNC,ROUTE,TWAY_ID,TWAY_ID2,MILEPT,LATITUDE,LONGITUD,SP_JUR,HARM_EV,MAN_COLL,RELJCT1,RELJCT2,TYP_INT,WRK_ZONE,REL_ROAD,LGT_COND,WEATHER1,WEATHER2,WEATHER,SCH_BUS,RAIL,NOT_HOUR,NOT_MIN,ARR_HOUR,ARR_MIN,HOSP_HR,HOSP_MN,CF1,CF2,CF3,FATALS,DRUNK_DR
9,90053,1,1,0,0,0,1,1,11,520,16,6,2012,7,15,8,0,15,6,HUNTERS ROAD,OAKLAND DRIVE PVT,5,41.56023056,-72.05977222,0,1,0,0,3,3,0,1,1,1,0,1,0,0000000,15,9,15,14,88,88,0,0,0,1,1
9,90054,1,1,0,0,0,4,4,3,60,4,7,2012,4,20,16,0,13,3,SR-189,,23,41.81429444,-72.73673056,0,42,0,0,1,1,0,4,1,1,0,1,0,0000000,20,18,20,25,21,6,0,0,0,1,1
9,90055,1,1,0,0,0,2,2,5,760,8,7,2012,1,10,44,0,13,3,SR-4,BOROUGH STREET,227,41.81446667,-73.13749444,0,40,0,0,3,3,0,4,1,1,0,1,0,0000000,10,45,10,45,99,99,0,0,0,2,0
9,90056,1,1,0,0,0,1,1,5,326,8,7,2012,1,13,24,0,3,2,US-7,,478,41.687325,-73.50551111,0,1,0,0,1,1,0,1,1,1,0,1,0,0000000,13,17,13,18,14,14,0,0,0,1,0
9,90057,1,1,0,1,1,1,1,3,237,9,7,2012,2,12,32,0,13,3,SR-4,FARM GLEN BLVD PVT,444,41.73047222,-72.80001944,0,8,0,0,3,1,0,1,1,1,0,1,0,0000000,12,32,12,35,13,3,0,0,0,1,0
9,90058,3,3,0,0,0,5,5,1,510,15,7,2012,1,3,40,1,11,1,I-95,,169,41.11231389,-73.39517222,0,12,1,0,1,1,0,1,3,1,0,1,0,0000000,3,40,3,47,88,88,0,0,0,1,0
9,90059,2,2,0,0,0,4,4,9,825,17,7,2012,3,15,12,0,14,6,CAPTN THOMAS BLVD,DYKE STREET,0,41.25575,-72.95563056,0,12,6,0,2,3,0,1,1,1,0,1,0,0000000,15,12,15,14,99,99,0,0,0,1,0
9,90060,2,2,0,0,0,2,2,1,650,8,7,2012,1,19,12,0,14,3,SR-110,@ CDR TO GS,122,41.33268889,-73.13853056,0,12,6,0,2,3,0,1,1,1,0,1,0,0000000,19,14,19,17,19,43,0,0,0,1,0
9,90061,2,2,0,0,0,3,3,9,495,22,7,2012,1,11,14,0,13,3,SR-80,WHITEWOOD LANE,77,41.34093333,-72.75000278,0,12,6,0,2,3,0,1,1,1,0,1,0,0000000,11,18,11,21,11,48,0,0,0,1,0
9,90062,1,1,0,1,1,2,2,9,265,28,7,2012,7,3,58,0,13,2,US-1,FLAG MARSH ROAD,610,41.305075,-72.71218056,0,8,0,0,3,3,0,1,3,2,0,2,0,0000000,3,51,3,56,88,88,0,0,0,1,0
9,90063,1,1,0,0,0,1,1,1,650,28,7,2012,7,16,51,1,12,3,SR-8,,95,41.27791667,-73.114325,0,42,0,1,19,1,0,3,1,2,0,2,0,0000000,16,51,17,4,88,88,0,0,0,1,1
9,90064,1,1,0,0,0,2,2,9,825,29,7,2012,1,17,10,0,14,6,CAPTN THOMAS BLVD,DYKE STREET,0,41.25575,-72.95561111,0,1,0,0,2,3,0,1,1,1,0,1,0,0000000,17,4,17,5,17,30,0,0,0,1,0
9,90065,1,1,0,0,0,3,3,3,229,30,7,2012,2,0,8,1,11,1,I-91,,520,41.94302778,-72.60644722,0,1,0,0,1,1,0,4,3,1,0,1,0,0000000,0,25,0,30,1,13,0,0,0,1,1
9,90066,1,1,0,0,0,1,1,3,838,28,7,2012,7,9,44,0,16,6,MIDDLETOWN AVENUE,,9,41.68699167,-72.64985278,0,21,0,0,1,1,0,4,1,1,0,1,0,0000000,99,99,99,99,88,88,0,0,0,1,0
9,90067,1,1,0,0,0,3,3,15,550,1,1,2012,1,2,12,0,6,6,SPAULDING ROAD,,16,41.65774722,-71.88608611,0,1,0,0,1,1,0,1,2,1,0,1,0,0000000,2,12,2,20,3,26,0,0,0,1,1
9,90068,2,2,0,0,0,3,3,15,550,23,1,2012,2,12,9,0,6,6,STARKWEATHER ROAD,,12,41.69511667,-71.89132778,0,12,6,0,1,1,0,1,1,99,0,99,1,0000000,12,22,12,30,13,5,0,0,0,1,0
9,90069,1,1,0,0,0,2,2,3,420,7,2,2012,3,1,4,0,16,6,VINE STREET,,1,41.660475,-72.79581944,0,33,0,0,1,1,0,4,3,1,0,1,0,0000000,1,4,1,10,99,99,0,0,0,1,1
9,90070,1,1,0,0,0,2,2,1,700,23,2,2012,5,7,36,0,16,6,HALLOWEEN BOULEVARD,,0,41.0498,-73.52784444,0,33,0,0,1,1,0,4,1,1,0,1,0,0000000,7,36,7,43,8,8,0,0,0,1,0
9,90071,2,2,0,0,0,3,3,1,765,15,2,2012,4,15,19,0,14,3,SR-108,,28,41.23277778,-73.15753056,0,12,2,0,1,1,0,1,1,1,0,1,0,0000000,99,99,99,99,99,99,0,0,0,1,0
9,90072,1,1,0,0,0,4,4,1,835,1,1,2012,1,3,23,1,11,1,I-95,,216,41.12478889,-73.30866944,0,24,0,0,1,1,0,4,3,1,0,1,0,0000000,3,31,3,38,4,41,0,0,0,2,1
9,90073,1,1,0,1,1,3,3,7,380,28,3,2012,4,20,5,0,13,3,SR-66,,49,41.55395,-72.68437222,0,8,0,0,1,1,0,1,3,1,0,1,0,0000000,99,99,99,99,99,99,0,0,0,1,0
9,90074,2,2,0,0,0,3,3,1,425,6,4,2012,6,19,2,1,12,3,SR-15,,127,41.11855833,-73.51073056,0,24,0,0,1,1,0,3,1,1,0,1,0,0000000,19,2,99,99,99,99,0,0,0,1,0
9,90075,1,1,0,1,1,1,1,3,420,7,4,2012,7,20,13,0,14,6,SLATER ROAD,,12,41.68449722,-72.80885833,0,8,0,0,1,1,0,1,3,1,0,1,0,0000000,20,13,20,16,20,33,0,0,0,1,0
9,90076,2,2,0,0,0,2,2,9,430,16,4,2012,2,14,26,0,16,6,CEDAR STREET,,0,41.29205833,-72.93033611,0,12,6,0,4,1,0,1,1,1,0,1,0,0000000,14,26,99,99,14,52,0,0,0,1,0
9,90077,2,2,0,0,0,2,2,9,854,26,4,2012,5,16,36,0,13,3,SR-69,,15,41.35465833,-72.984025,0,12,2,0,1,1,0,1,1,2,10,2,0,0000000,99,99,99,99,99,99,0,0,0,1,0
9,90078,1,1,0,0,0,1,1,3,214,14,4,2012,7,18,27,0,4,3,SR-187,,116,41.93097222,-72.73190278,0,30,0,0,1,1,0,4,1,1,0,1,0,0000000,18,27,18,30,88,88,0,0,0,1,1
9,90079,1,1,0,0,0,1,1,7,160,12,2,2012,1,15,16,1,11,1,I-91,,4,41.60925833,-72.70048056,0,30,0,0,1,1,0,4,1,1,0,1,0,0000000,15,16,15,24,16,11,0,0,0,1,0
9,90080,2,2,0,0,0,3,3,11,400,20,8,2012,2,17,52,0,15,3,SR-184,SR-614,53,41.38934167,-71.97961389,0,12,6,1,2,2,0,1,1,1,0,1,0,0000000,17,52,17,54,88,88,0,0,0,1,0
9,90081,2,2,0,1,1,2,2,9,810,27,5,2012,1,4,5,0,2,3,SR-8,,286,41.53167222,-73.04415278,0,8,0,0,1,1,0,1,3,1,0,1,0,0000000,4,5,4,11,88,88,0,0,0,1,0
9,90082,1,1,0,0,0,1,1,9,370,26,5,2012,7,1,54,0,14,5,COLUMBIA STREET,,2,41.54574167,-72.80253889,0,33,0,0,1,1,0,4,3,1,0,1,0,0000000,1,56,2,1,88,88,0,0,0,1,1
9,90083,1,1,0,1,1,1,1,11,140,19,3,2012,2,11,16,0,6,6,MELANIE LANE,,2,41.53391944,-72.318075,0,53,0,0,1,1,0,4,1,1,0,1,0,0000000,11,17,11,24,12,12,0,0,0,1,0
9,90084,3,3,0,0,0,4,4,3,369,28,4,2012,7,16,15,1,12,3,SR-2,,128,41.65269167,-72.49987222,0,12,8,0,1,1,0,1,1,1,0,1,0,0000000,16,15,16,20,17,10,0,0,0,1,0
9,90085,1,1,0,0,0,1,1,9,430,9,5,2012,4,3,39,1,11,1,I-95,,477,41.30084444,-72.91365833,0,23,0,0,1,1,0,4,3,2,0,2,0,0000000,3,41,3,50,88,88,0,0,0,1,0
9,90086,2,2,0,0,0,3,3,7,332,13,5,2012,1,3,58,0,3,3,SR-81,,77,41.38183889,-72.56568333,0,12,6,0,1,1,0,1,2,1,0,1,0,0000000,3,59,4,5,5,10,0,0,0,1,1
9,90087,1,1,0,0,0,1,1,5,817,3,6,2012,1,16,25,0,13,3,SR-63,,259,41.62634722,-73.13613611,0,24,0,0,1,1,0,4,1,1,0,1,0,0000000,16,25,16,27,88,88,0,0,0,1,1
9,90088,1,1,0,0,0,1,1,5,535,7,6,2012,5,23,37,0,14,3,SR-855,,5,41.59380278,-73.08313333,0,43,0,0,1,1,0,4,2,1,0,1,0,0000000,99,99,99,99,88,88,0,0,0,1,1
9,90089,2,2,0,0,0,4,4,3,280,12,6,2012,3,22,59,1,11,1,I-91,,363,41.75116389,-72.65795833,0,12,1,0,1,1,0,1,3,2,0,2,0,0000000,22,58,23,7,23,33,0,0,0,1,1
9,90090,3,3,0,0,0,4,4,1,835,7,6,2012,5,23,43,1,11,1,I-95,,180,41.12041111,-73.37592222,0,12,1,1,18,1,0,1,3,1,0,1,0,0000000,23,45,23,55,0,7,0,0,0,1,1
9,90091,2,2,0,0,0,3,3,3,630,11,6,2012,2,21,26,1,11,1,I-91,,301,41.66055,-72.67041667,0,12,7,0,1,1,0,1,2,1,0,1,0,0000000,21,26,99,99,99,99,0,0,0,1,0
9,90092,1,1,0,1,1,1,1,3,420,2,7,2012,2,22,12,0,16,6,NORTH STREET,TRERMONT STREET,2,41.67378056,-72.77758056,0,8,0,0,3,3,0,1,3,1,0,1,0,0000000,22,13,22,15,22,26,0,0,0,1,0
9,90093,1,1,0,0,0,3,3,3,225,7,7,2012,7,0,59,1,11,1,I-84,,648,41.76313889,-72.63565833,0,24,0,1,18,1,0,4,3,1,0,1,0,0000000,0,59,1,12,1,32,0,0,0,1,0
9,90094,2,2,0,0,0,2,2,15,99,9,7,2012,2,6,32,0,13,2,US-6,,1066,41.78403333,-71.96405556,0,12,2,0,1,1,0,1,4,1,0,1,0,0000000,6,33,6,35,7,15,0,0,0,1,1
9,90095,1,1,0,0,0,1,1,3,237,14,7,2012,7,17,50,1,11,1,I-84,,558,41.72724167,-72.76690833,0,24,0,0,1,1,0,3,1,1,0,1,0,0000000,17,52,17,55,88,88,0,0,0,1,0
9,90096,1,1,0,0,0,1,1,3,435,5,7,2012,5,13,24,0,14,3,SR-173,STANWELL ROAD PVT,6,41.66749167,-72.72756389,0,30,0,0,3,3,0,4,1,1,0,1,0,0000000,13,24,13,31,99,99,0,0,0,1,0
9,90097,2,2,0,0,0,2,2,1,835,4,8,2012,7,4,49,1,11,1,I-95,,202,41.12261944,-73.33487778,0,12,1,0,1,1,0,1,3,1,0,1,0,0000000,4,53,5,4,88,88,0,0,0,1,1
9,90098,1,1,0,1,1,1,1,9,810,15,6,2012,6,9,40,0,16,6,SPRING LAKE ROAD,,4,41.52279722,-73.02752222,0,8,0,0,4,1,0,1,1,1,0,1,0,0000000,9,40,9,51,10,8,0,0,0,1,0
9,90099,3,3,0,0,0,6,6,1,765,7,8,2012,3,0,36,1,12,3,SR-8,,65,41.24575833,-73.15004722,0,12,1,0,1,1,0,1,2,1,0,1,0,0000000,0,36,0,42,99,99,0,0,0,1,0
9,90100,2,2,0,0,0,2,2,3,420,21,6,2012,5,15,44,0,6,5,WHITING ST,JOHN ST,4,41.66208611,-72.77156389,0,12,6,0,2,3,0,1,1,1,0,1,0,0000000,15,45,15,51,16,12,0,0,0,1,1
9,90101,2,2,0,0,0,2,2,1,700,4,8,2012,7,15,20,0,6,5,CANAL STREET,,2,41.04578333,-73.53313611,0,12,6,0,8,1,0,1,1,1,0,1,0,0000000,15,20,15,23,15,44,0,0,0,1,0
9,90102,2,2,0,0,0,6,6,3,365,14,8,2012,3,11,30,0,6,2,US-6,US-44,697,41.78,-72.568125,0,12,6,1,3,3,0,1,1,1,0,1,0,0000000,11,30,11,35,12,3,0,0,0,1,0
9,90103,3,3,0,0,0,4,4,9,810,22,1,2012,1,13,26,0,13,3,SR-73,MEDIA AVE,24,41.57535556,-73.06922222,0,12,8,0,1,1,0,1,1,1,0,1,0,0000000,13,26,13,31,13,50,0,0,0,1,1
9,90104,1,1,0,0,0,1,1,1,610,13,8,2012,2,23,30,0,6,5,FARMINGVILLE RD,,3,41.29574167,-73.47084444,0,42,0,0,1,1,0,4,2,1,0,1,0,0000000,23,30,23,35,0,15,0,0,0,1,1
9,90105,3,3,0,0,0,4,4,1,605,17,8,2012,6,15,32,0,2,3,SR-7,,134,41.27938611,-73.44512778,0,12,7,0,1,1,0,1,1,1,0,1,0,0000000,15,32,15,38,16,17,0,0,0,1,0
9,90106,2,2,0,0,0,2,2,3,237,18,1,2012,4,9,39,0,13,3,SR-4,,414,41.739375,-72.84593056,0,12,2,0,1,1,0,1,1,1,0,1,0,0000000,9,45,9,49,10,29,0,0,0,1,0
9,90107,2,2,0,0,0,2,2,13,785,2,9,2012,1,2,35,1,11,1,I-84,,731,41.82410833,-72.49738056,0,12,2,0,1,1,0,1,3,1,0,1,0,0000000,2,46,2,49,3,21,0,0,0,1,1
9,90108,1,1,0,0,0,1,1,3,229,2,9,2012,1,2,27,0,14,6,NORTH STREET,,5,41.99171389,-72.53800833,0,42,0,0,1,1,0,4,3,1,0,1,0,0000000,2,32,2,32,88,88,0,0,0,1,1
9,90109,1,1,0,1,1,1,1,3,225,30,8,2012,5,23,25,0,6,5,PLAIN DRIVE,JAIDEE DRIVE,1,41.75833333,-72.64097222,0,9,0,0,1,1,0,1,3,1,0,1,0,0000000,99,99,99,99,99,99,0,0,0,1,0
9,90110,1,1,0,1,1,0,0,9,502,22,3,2012,5,12,5,0,16,6,NORTH FRONTAGE ROAD,,3,41.35509167,-72.86739722,0,8,0,0,8,1,0,1,1,1,0,1,0,0000000,12,5,12,9,88,88,19,0,0,1,0
9,90111,1,1,0,0,0,4,4,3,842,7,9,2012,6,0,46,0,14,3,SR-159,FORD RD,17,41.82536389,-72.65632778,0,33,0,1,3,3,0,4,3,1,0,1,0,0000000,99,99,99,99,99,99,0,0,0,1,0
9,90112,1,1,0,0,0,1,1,9,222,2,4,2012,2,12,14,0,14,3,SR-142,,5,41.27364444,-72.86971389,0,19,0,0,1,1,0,4,1,1,0,1,0,0000000,99,99,99,99,99,99,0,0,0,1,0
9,90113,1,1,0,1,1,1,1,9,502,29,8,2012,4,17,12,0,14,3,SR-22,COUNTRY WAY,35,41.38965,-72.84565,0,9,0,0,1,1,0,1,1,1,0,1,0,0000000,17,14,17,16,99,99,0,0,0,1,0
9,90114,2,2,0,0,0,2,2,3,229,2,9,2012,1,18,20,0,13,2,US-5,BROAD LEAF LANE,506,41.96888889,-72.59282778,0,12,2,0,1,1,0,1,1,1,0,1,0,0000000,18,20,18,23,19,5,0,0,0,2,0
9,90115,3,3,0,0,0,3,3,9,825,3,9,2012,2,18,26,0,6,5,CAPTAIN THOMAS BLVD,DYKE STREET,0,41.25575,-72.95563056,0,12,6,0,2,3,0,1,5,1,0,1,0,0000000,18,26,18,27,99,99,0,0,0,1,0
9,90116,1,1,0,0,0,1,1,1,387,10,9,2012,2,9,39,0,14,3,SR-110,SR-111,160,41.32814444,-73.20853611,0,33,0,0,2,4,0,4,1,99,0,99,0,0000000,9,39,9,42,88,88,0,0,0,1,1
9,90117,1,1,0,0,0,1,1,1,256,26,9,2012,4,7,28,1,2,3,SR-15,,33,41.08135278,-73.66607778,0,25,0,0,1,1,0,3,1,1,0,1,0,0000000,7,39,7,59,99,99,0,0,0,1,0
9,90118,1,1,0,0,0,1,1,9,538,30,9,2012,1,14,27,0,6,5,MARSH HILL ROAD,INDIAN RIVER ROAD,9,41.25856944,-73.00058889,0,1,0,0,1,1,0,4,1,1,0,1,0,0000000,14,27,14,31,14,59,0,0,0,1,0
9,90119,1,1,0,0,0,1,1,13,756,15,10,2012,2,4,46,0,15,3,SR-31,,25,41.83983611,-72.41380833,0,30,0,0,1,1,0,4,3,1,0,1,0,0000000,4,46,99,99,88,88,0,0,0,1,1
9,90120,1,1,0,1,1,2,2,3,838,9,10,2012,3,18,39,0,6,6,WOLCOTT HILL ROAD,BEVERLY ROAD,3,41.69866389,-72.66822222,0,8,0,0,3,3,0,1,3,1,0,1,0,0000000,18,40,18,42,18,59,0,0,0,1,0
9,90121,2,2,0,0,0,3,3,9,430,21,10,2012,1,23,5,1,11,1,I-95,,473,41.29073611,-72.92174167,0,12,2,0,1,1,0,1,3,1,0,1,0,0000000,23,5,23,15,23,25,0,0,0,1,1
9,90122,1,1,0,0,0,1,1,1,387,20,4,2012,6,12,0,0,6,6,OLD NEWTOWN ROAD,,0,41.32361944,-73.25518611,0,30,0,0,1,1,0,4,1,1,0,1,0,0000000,12,0,12,9,12,47,0,0,0,1,0
9,90123,3,3,0,0,0,4,4,9,502,31,7,2012,3,14,30,0,6,5,SPRING ROAD,POTTER ROAD,7,41.36253333,-72.8464,0,59,0,0,1,1,1,4,1,1,0,1,0,0000000,14,39,14,42,99,99,0,0,0,1,0
9,90124,1,1,0,0,0,2,2,9,430,13,10,2012,7,1,17,0,14,3,SR-122,,32,41.32481111,-72.96874722,0,42,0,0,1,1,0,4,3,1,0,1,0,0000000,1,17,1,21,1,50,0,0,0,1,1
9,90125,1,1,0,0,0,2,2,3,280,9,2,2012,5,5,49,0,14,6,SIGOURNEY STREET,,9,41.77498333,-72.69225,0,30,0,0,1,1,0,4,3,1,0,1,0,0000000,5,29,5,37,6,0,0,0,0,1,1
9,90126,3,3,0,0,0,8,8,3,280,26,2,2012,1,2,11,0,14,6,ZION STREET#1,,10,41.74330833,-72.69418611,0,12,2,0,1,1,0,1,3,1,0,1,0,0000000,2,11,2,16,2,40,0,0,0,1,1
9,90127,1,1,0,1,1,1,1,3,280,15,2,2012,4,0,23,0,16,6,PLAINFIELD STREET,,7,41.79147778,-72.70864722,0,8,0,0,1,1,0,1,3,99,0,99,0,0000000,0,23,0,30,0,45,0,0,0,1,0
9,90128,4,1,3,0,0,2,2,3,280,17,3,2012,7,4,39,0,16,6,BARBOUR STREET,,8,41.79624722,-72.67638889,0,14,0,0,1,1,0,7,3,1,0,1,0,0000000,4,39,4,44,99,99,0,0,0,1,1
9,90129,1,1,0,0,0,1,1,3,46,23,3,2012,6,8,37,1,12,3,SR-9,,333,41.63665556,-72.7532,0,24,0,1,18,1,0,3,1,1,0,1,0,0000000,99,99,99,99,99,99,0,0,0,1,0
9,90130,2,2,0,0,0,2,2,3,718,28,3,2012,4,7,55,0,15,3,SR-168,,5,42.02118889,-72.75651944,0,12,2,0,1,1,0,1,1,1,0,1,0,0000000,7,57,8,11,8,43,0,0,0,1,0
9,90131,1,1,0,1,1,1,1,1,510,24,3,2012,7,9,32,0,14,3,SR-123,,20,41.13226111,-73.44764167,0,8,0,0,1,1,0,2,1,1,0,1,0,0000000,9,33,9,38,10,12,0,0,0,1,0
9,90132,2,2,0,0,0,2,2,3,280,11,4,2012,4,13,24,0,15,6,PRESTON STREET,@ DWY TO #97,5,41.73955556,-72.67616944,0,12,6,0,2,3,0,1,1,1,0,1,0,0000000,13,24,13,30,13,50,0,0,0,1,0
9,90133,1,1,0,1,1,1,1,1,510,5,2,2012,1,18,13,0,13,2,US-1,,135,41.097675,-73.44474722,0,8,0,0,1,1,0,1,3,1,0,1,0,0000000,18,13,18,17,18,33,0,0,0,1,0
9,90134,2,1,1,1,1,1,1,9,810,22,3,2012,5,14,28,1,12,3,SR-8,,276,41.51695278,-73.049275,0,8,0,0,1,1,0,2,1,1,0,1,0,0000000,14,29,14,35,14,47,19,0,0,1,0
9,90135,3,3,0,0,0,5,5,11,219,8,7,2012,1,1,10,1,11,3,SR-449,,10,41.32425556,-72.25391667,0,24,0,1,5,1,0,4,2,1,0,1,0,0000000,1,8,1,21,99,99,0,0,0,1,1
9,90136,2,2,0,0,0,3,3,11,520,21,7,2012,7,10,17,1,11,1,I-395,,130,41.53721667,-72.11277222,0,12,7,0,1,1,0,1,1,1,0,1,0,0000000,10,17,10,22,99,99,0,0,0,1,0
9,90137,1,1,0,0,0,2,2,1,765,26,10,2012,6,1,49,0,13,3,SR-25,,60,41.25648056,-73.20513889,0,1,0,0,1,1,0,3,2,1,0,1,0,0000000,1,55,2,15,2,32,0,0,0,1,1
9,90138,2,2,0,0,0,2,2,3,280,13,7,2012,6,0,46,0,13,2,US-44,WOODLAND STREET,520,41.78215,-72.69618056,0,12,6,0,2,2,0,1,3,1,0,1,0,0000000,0,46,0,50,1,4,0,0,0,1,1
9,90139,1,1,0,0,0,2,2,1,510,27,10,2012,7,16,51,0,6,6,SEAVIEW AVENUE,VETERANS PARK,0,41.09825556,-73.40775556,8,35,0,0,1,1,0,5,1,1,0,1,0,0000000,16,52,16,57,99,99,0,0,0,1,0
9,90140,1,1,0,0,0,1,1,9,385,31,5,2012,5,1,28,0,16,6,PEPES FARM ROAD,,9,41.23626389,-73.01310556,0,53,0,0,1,1,0,4,3,1,0,1,0,0000000,1,27,1,34,2,10,0,0,0,1,1
9,90141,1,1,0,1,1,2,2,3,224,30,6,2012,7,23,18,0,16,3,SR-510,@ CDR TO STONEWORKS,1,41.91540833,-72.61408611,0,9,0,0,1,1,0,2,3,1,0,1,0,0000000,99,99,99,99,99,99,0,0,0,1,1
9,90142,1,1,0,0,0,1,1,13,756,30,7,2012,2,3,28,0,15,3,SR-30,,162,41.90738611,-72.39316389,0,33,0,0,1,1,0,4,2,1,0,1,0,0000000,3,28,3,35,88,88,0,0,0,1,1
9,90143,6,2,4,0,0,3,3,3,280,28,7,2012,7,2,26,0,16,6,BROAD STREET,ALLEN PLACE,11,41.75231944,-72.68709167,0,12,99,0,2,2,0,1,9,98,0,98,0,0000000,2,26,2,30,2,41,0,0,0,1,2
9,90144,1,1,0,0,0,2,2,1,170,10,8,2012,6,2,32,0,6,6,LEE HARTTELL DR,,1,41.39772222,-73.45315,0,33,0,0,1,1,0,4,3,1,0,1,0,0000000,2,32,99,99,99,99,0,0,0,1,1
9,90145,2,1,1,1,1,2,2,1,80,26,8,2012,1,5,22,1,12,3,SR-8,,15,41.18780278,-73.19276111,0,14,0,0,1,1,0,4,3,1,0,1,0,0000000,5,23,5,43,99,99,15,0,0,2,1
9,90146,2,2,0,0,0,2,2,9,385,28,8,2012,3,23,33,1,1,1,I-95,,389,41.23624444,-73.04942222,0,12,1,0,1,1,0,1,3,1,0,1,0,0000000,23,33,23,43,0,9,0,0,0,1,0
9,90147,1,1,0,1,1,2,2,9,810,18,8,2012,7,1,26,0,6,5,HIGHLAND AVE,AVON AVE,16,41.53563889,-73.05165556,0,8,0,0,3,3,0,1,3,2,0,2,0,0000000,1,23,1,26,99,99,0,0,0,1,0
9,90148,1,1,0,0,0,3,3,7,376,23,7,2012,2,10,42,0,3,3,SR-147,,18,41.49795833,-72.71216667,0,1,0,0,1,1,0,1,1,1,0,1,0,0000000,10,46,10,52,99,99,0,0,0,1,0
9,90149,2,2,0,0,0,3,3,3,90,30,11,2012,6,10,18,0,6,5,WILLIS STREET,SOUTH STREET,1,41.66804722,-72.93923056,0,12,6,0,2,2,0,1,1,1,0,1,0,0000000,10,18,10,22,99,99,0,0,0,1,0
9,90150,2,2,0,0,0,7,7,3,280,1,9,2012,7,2,29,0,16,5,NEW BRITAIN AVE,ANSONIA ST,5,41.73681111,-72.69965278,0,12,2,0,2,3,0,1,3,99,0,99,0,0000000,99,99,99,99,99,99,0,0,0,1,1
9,90151,1,1,0,0,0,2,2,3,225,19,9,2012,4,22,47,1,11,1,I-84,,633,41.76579167,-72.65611389,0,24,0,1,18,1,0,3,3,1,0,1,0,0000000,22,47,22,51,99,99,0,0,0,2,0
9,90152,1,1,0,0,0,1,1,13,663,15,9,2012,7,18,45,0,6,6,PIONEER HEIGHTS,,4,41.95111667,-72.48554722,0,30,0,0,1,1,0,4,5,1,0,1,0,0000000,18,42,18,48,19,16,0,0,0,1,0
9,90153,1,1,0,0,0,1,1,11,140,20,9,2012,5,18,59,0,4,3,SR-149,,75,41.53663333,-72.41051389,0,43,0,0,1,1,0,4,5,1,0,1,0,0000000,18,59,19,6,88,88,0,0,0,1,1
9,90154,2,2,0,0,0,3,3,1,235,22,9,2012,7,0,0,1,12,3,SR-15,,263,41.19551944,-73.28120833,0,12,1,0,1,1,0,1,2,1,0,1,0,0000000,0,3,0,15,0,50,0,0,0,1,1
9,90155,2,1,1,0,0,1,1,13,663,10,9,2012,2,23,50,0,6,6,FOUR BRIDGES ROAD,,0,42.01145278,-72.48190556,0,42,0,0,8,1,0,4,2,1,0,1,0,0000000,23,49,23,56,88,88,0,0,0,1,0
9,90156,2,2,0,0,0,2,2,3,842,27,9,2012,5,8,55,1,11,1,I-91,,462,41.87613333,-72.66263056,0,12,7,1,18,1,0,1,1,1,0,1,0,0000000,8,56,9,2,9,24,0,0,0,1,0
9,90157,2,2,0,0,0,3,3,9,810,28,9,2012,6,16,54,1,11,1,I-84,SR-64,305,41.54030556,-73.08416389,0,12,6,1,2,7,0,1,1,1,0,1,0,0000000,16,54,17,0,17,27,0,0,0,1,0
9,90158,2,1,1,1,1,4,4,9,810,17,9,2012,2,12,23,0,6,6,LESTER DRIVE,,1,41.58676944,-73.06293611,0,33,0,0,8,1,0,4,1,1,0,1,0,0000000,12,23,12,30,99,99,15,0,0,1,0
9,90159,1,1,0,1,1,0,0,13,368,3,10,2012,4,7,11,0,16,6,STEARNS ROAD,,17,41.74564722,-72.25685833,0,8,0,0,1,1,0,1,1,1,0,1,0,0000000,99,99,99,99,99,99,0,0,0,1,0
9,90160,2,2,0,0,0,3,3,9,370,13,10,2012,7,16,58,1,11,1,I-691,@ TR 813,1,41.53793056,-72.76220833,0,12,6,1,17,1,0,1,1,1,0,1,0,0000000,16,59,17,5,88,88,0,0,0,1,1
9,90161,1,1,0,0,0,1,1,5,492,13,10,2012,7,3,8,0,6,5,DAISY HILL ROAD,,12,42.02725833,-73.30486944,0,42,0,0,1,1,0,5,3,1,0,1,0,0000000,3,8,3,16,88,88,0,0,0,1,1
9,90162,1,1,0,0,0,1,1,3,280,18,10,2012,5,6,14,1,11,1,I-91,,377,41.7649,-72.66741389,0,25,0,0,1,1,0,3,4,1,0,1,0,0000000,6,14,6,25,6,37,0,0,0,1,0
9,90163,1,1,0,0,0,1,1,5,817,28,10,2012,1,16,18,0,13,3,SR-63,,264,41.63275278,-73.13960556,0,30,0,0,1,1,0,4,1,1,0,1,0,0000000,99,99,99,99,99,99,0,0,0,1,0
9,90164,2,2,0,0,0,2,2,9,640,25,10,2012,5,19,35,0,14,6,BUNGAY ROAD,CANFIELD ROAD,14,41.37724722,-73.09723056,0,12,1,0,2,3,0,1,1,1,0,1,0,0000000,19,41,19,47,20,26,0,0,0,1,1
9,90165,1,1,0,0,0,1,1,11,632,21,10,2012,1,20,16,1,2,3,SR-11,,127,41.49437222,-72.302,0,42,0,0,1,1,0,3,2,1,0,1,0,0000000,20,14,20,16,88,88,0,0,0,1,0
9,90166,4,4,0,0,0,5,5,11,811,2,11,2012,6,18,11,1,11,1,I-95,,908,41.368125,-72.15248889,0,12,8,1,18,1,0,1,2,1,0,1,0,0000000,18,15,18,28,99,99,0,0,0,1,0
9,90167,2,2,0,0,0,3,3,13,785,21,10,2012,1,18,11,0,4,3,SR-527,OGDEN VIEW DRIVE,6,41.84718333,-72.4663,0,12,6,0,2,3,0,1,5,1,0,1,0,0000000,18,13,18,14,18,48,0,0,0,1,0
9,90168,1,1,0,0,0,3,3,7,380,11,11,2012,1,16,34,1,11,1,I-91,,225,41.56332222,-72.73386389,0,1,0,0,1,1,0,1,1,1,0,1,0,0000000,16,34,99,99,99,99,0,0,0,1,0