STATE,ST_CASE,VE_TOTAL,VE_FORMS,PVH_INVL,PEDS,PERNOTMVIT,PERMVIT,PERSONS,COUNTY,CITY,DAY,MONTH,YEAR,DAY_WEEK,HOUR,MINUTE,NHS,ROAD_FNC,ROUTE,TWAY_ID,TWAY_ID2,MILEPT,LATITUDE,LONGITUD,SP_JUR,HARM_EV,MAN_COLL,RELJCT1,RELJCT2,TYP_INT,WRK_ZONE,REL_ROAD,LGT_COND,WEATHER1,WEATHER2,WEATHER,SCH_BUS,RAIL,NOT_HOUR,NOT_MIN,ARR_HOUR,ARR_MIN,HOSP_HR,HOSP_MN,CF1,CF2,CF3,FATALS,DRUNK_DR
9,90169,1,1,0,1,1,1,1,7,205,14,11,2012,4,17,58,0,14,3,SR-79,,137,41.45750278,-72.67413611,0,8,0,0,1,1,0,1,2,1,0,1,0,0000000,18,0,18,2,18,36,0,0,0,1,0
9,90170,2,1,1,0,1,1,2,9,502,3,11,2012,7,2,21,1,1,1,I-91,,46,41.34916111,-72.86707222,0,14,0,0,5,1,0,2,3,1,0,1,0,0000000,99,99,99,99,99,99,0,0,0,1,1
9,90171,2,2,0,0,0,3,3,9,810,2,5,2012,4,11,22,1,11,1,I-84 OFF RMP# 050,SR-64 AND SR-845,305,41.54031111,-73.08416389,0,12,6,1,2,7,0,1,1,1,0,1,0,0000000,11,20,11,24,12,15,0,0,0,1,0
9,90172,2,2,0,0,0,2,2,7,380,3,11,2012,7,18,22,0,3,3,SR-3,,13,41.57428056,-72.67189444,0,12,6,0,4,1,0,1,3,1,0,1,0,0000000,18,22,18,29,99,99,0,0,0,1,0
9,90173,1,1,0,0,0,1,1,11,338,7,11,2012,4,12,5,0,6,5,CLUBHOUSE ROAD,,14,41.63783056,-72.27775556,0,42,0,0,1,1,0,4,1,4,0,4,0,0000000,12,4,12,15,88,88,0,0,0,1,0
9,90174,2,2,0,0,0,2,2,3,214,7,11,2012,4,15,41,0,6,3,SR-20,,235,41.95270278,-72.76340278,0,12,2,0,1,1,0,1,1,4,0,4,0,0000000,99,99,99,99,99,99,0,0,0,1,0
9,90175,1,1,0,0,0,2,2,3,46,16,4,2012,2,7,25,0,14,3,SR-372,,108,41.60904722,-72.71879722,0,1,0,0,1,1,0,1,1,1,0,1,0,0000000,99,99,99,99,99,99,0,0,0,1,0
9,90176,1,1,0,0,0,1,1,3,46,7,7,2012,7,22,52,0,14,3,SR-372,,95,41.62274722,-72.73476389,0,35,0,1,18,1,0,4,3,1,0,1,0,0000000,22,54,22,58,88,88,0,0,0,1,1
9,90177,3,3,0,0,0,4,4,3,225,16,11,2012,6,18,8,1,11,1,I-84,,657,41.76968333,-72.61118889,0,12,1,0,1,1,0,1,3,1,0,1,0,0000000,18,11,18,11,18,48,0,0,0,1,0
9,90178,2,2,0,0,0,2,2,11,310,17,11,2012,7,17,3,0,3,3,SR-138,PINE ROAD,83,41.58836667,-71.952325,0,12,6,0,2,2,0,1,3,1,0,1,0,0000000,17,10,17,15,17,45,0,0,0,1,1
9,90179,1,1,0,0,0,2,2,3,842,17,11,2012,7,2,43,1,11,1,I-91,ON NB X38 OFF RMP# 170,460,41.875725,-72.66158889,0,41,0,1,5,1,0,4,3,1,0,1,0,0000000,2,39,2,44,3,17,0,0,0,1,1
9,90180,1,1,0,0,0,2,2,5,286,5,10,2012,6,17,17,0,16,6,CLEARVIEW AVENUE,,14,41.77716111,-73.09484444,0,1,0,0,1,1,0,1,1,1,0,1,0,0000000,17,17,17,21,17,46,0,0,0,1,0
9,90181,1,1,0,1,1,2,2,3,225,3,10,2012,4,20,10,0,14,2,US-44,,576,41.781175,-72.60018611,0,8,0,0,1,1,0,1,3,2,0,2,0,0000000,20,7,20,11,20,29,16,0,0,1,0
9,90182,6,6,0,0,0,9,9,9,375,20,11,2012,3,16,12,1,11,1,I-84,,268,41.51093889,-73.13113056,0,12,1,0,1,1,0,1,1,1,0,1,0,0000000,99,99,99,99,99,99,0,0,0,1,0
9,90183,1,1,0,0,0,1,1,15,104,10,11,2012,7,6,51,0,6,3,SR-169,.90 MILES SOUTH OF ELMDALE RD,130,41.68147222,-71.96665,0,24,0,0,1,1,0,4,2,1,0,1,0,0000000,6,51,6,59,99,99,0,0,0,1,1
9,90184,2,2,0,0,0,3,3,3,680,24,11,2012,7,14,15,1,1,1,I-691,,52,41.55374722,-72.85598889,0,17,0,0,1,1,0,4,1,1,0,1,0,0000000,14,15,14,17,99,99,0,0,0,1,1
9,90185,3,3,0,0,0,3,3,3,255,27,11,2012,3,10,8,0,13,3,SR-94,,29,41.71593889,-72.54869444,0,12,8,0,1,1,0,1,1,4,0,4,0,0000000,10,8,10,14,99,99,0,0,0,1,0
9,90186,1,1,0,0,0,1,1,9,38,25,11,2012,1,2,23,1,12,3,SR-8 N,SR-8 EXIT 24 ON RAMP,222,41.44645556,-73.06694444,0,57,0,0,5,1,0,4,2,1,0,1,0,0000000,2,25,2,28,88,88,0,0,0,1,0
9,90187,1,1,0,0,0,1,1,1,98,27,11,2012,3,17,7,0,16,6,IRONWORKS HILL ROAD,,1,41.482575,-73.40558611,0,42,0,0,1,1,0,4,2,4,0,4,0,0000000,17,9,17,15,17,57,0,0,0,1,0
9,90188,1,1,0,0,0,2,2,9,502,25,11,2012,1,22,2,1,1,1,I-91,,68,41.37886111,-72.86838333,0,24,0,0,5,1,0,4,3,1,0,1,0,0000000,22,2,22,5,22,28,0,0,0,1,1
9,90189,2,2,0,0,0,3,3,5,817,21,11,2012,4,16,33,0,99,2,US-6,SR-262,358,41.62182222,-73.10785278,0,12,98,0,2,2,0,1,3,1,0,1,0,0000000,16,33,16,41,99,99,0,0,0,1,0
9,90190,1,1,0,2,2,4,4,9,810,22,10,2012,2,23,28,1,13,3,SR-73,EAST AURORA STREET,30,41.57015,-73.06131944,0,8,0,0,2,2,0,1,3,1,0,1,0,0000000,23,28,23,33,99,99,0,0,0,1,1
9,90191,3,3,0,0,0,3,3,3,435,1,12,2012,7,0,23,1,12,3,SR-9 S/B,,388,41.70505278,-72.75776111,0,12,2,0,1,1,0,1,3,1,0,1,0,0000000,0,25,0,31,0,58,0,0,0,1,1
9,90192,1,1,0,1,1,1,1,11,386,5,12,2012,4,15,4,0,16,6,SANDY DESERT ROAD,TRADING COVE RD PVT,0,41.49264444,-72.097225,3,8,0,0,3,2,0,1,1,1,0,1,0,0000000,15,4,15,5,99,99,0,0,0,1,0
9,90193,2,1,1,0,1,2,3,1,235,1,12,2012,7,2,17,1,1,1,I-95 NORTH,,247,41.14672222,-73.25682222,0,30,0,1,19,1,0,4,3,1,0,1,0,0000000,2,17,2,24,3,30,0,0,0,1,1
9,90194,2,2,0,0,0,3,3,11,244,9,12,2012,1,7,35,0,2,3,SR-32,,236,41.65436111,-72.158475,0,12,2,0,1,1,0,1,1,1,0,1,0,0000000,7,35,7,40,99,99,0,0,0,1,0
9,90195,2,2,0,0,0,2,2,11,244,18,10,2012,5,17,12,0,2,3,SR-32,,174,41.57427778,-72.13186111,0,12,2,0,1,1,0,1,1,1,0,1,0,0000000,17,9,17,21,18,5,0,0,0,1,0
9,90196,1,1,0,1,1,1,1,1,80,7,12,2012,6,20,37,0,14,6,PARK AVENUE,WASHINGTON TERRACE,29,41.17718889,-73.20061389,0,15,0,0,2,3,0,1,3,2,0,2,0,0000000,20,38,20,43,20,57,0,0,0,1,0
9,90197,1,1,0,3,3,1,1,1,80,7,12,2012,6,17,0,1,13,2,US-1,DOVER STREET,321,41.19338333,-73.16876389,0,8,0,0,2,3,0,3,9,99,0,99,0,0000000,99,99,99,99,99,99,0,0,0,1,0
9,90198,2,2,0,0,0,4,4,11,539,11,12,2012,3,21,8,1,1,1,I-95,,803,41.32348333,-72.33053333,0,12,2,0,1,1,0,1,2,1,0,1,0,0000000,21,8,21,15,22,22,0,0,0,3,0
9,90199,3,2,1,0,1,2,3,1,235,12,12,2012,4,22,45,1,1,1,I-95 (S/B REST AREA),,251,41.14805278,-73.25439722,0,14,0,1,5,1,0,4,3,1,0,1,0,0000000,22,44,22,50,88,88,0,0,0,1,1
9,90200,1,1,0,0,0,2,2,3,630,16,12,2012,1,3,32,1,11,1,I-91,,281,41.63500556,-72.68503056,0,24,0,0,1,1,0,4,3,1,0,1,0,0000000,3,41,3,57,88,88,0,0,0,2,1
9,90201,1,1,0,1,1,1,1,3,420,12,12,2012,4,7,36,0,16,6,NORTH STREET,CLARK STREET,3,41.67348056,-72.77965278,0,8,0,0,3,2,0,1,1,1,0,1,1,0000000,7,37,7,40,99,99,0,0,0,1,0
9,90202,1,1,0,0,0,4,4,1,837,30,12,2012,1,13,21,0,15,6,LONG RIDGE ROAD,@ RR XING,0,41.32551389,-73.43382778,0,10,0,0,6,1,0,1,1,1,0,1,0,500593A,99,99,99,99,99,99,0,0,0,2,0
9,90203,1,1,0,0,0,2,2,3,280,15,12,2012,7,12,42,0,16,6,GARDEN STREET,,13,41.78631667,-72.68273611,0,33,0,0,1,1,0,4,1,1,0,1,0,0000000,12,42,12,48,13,5,20,0,0,1,0
9,90204,1,1,0,1,1,1,1,13,691,17,12,2012,2,22,27,0,4,3,SR-30,W SHORE ROAD PVT,187,41.94779444,-72.372425,0,8,0,0,3,1,0,1,2,2,0,2,0,0000000,22,24,22,28,23,10,0,0,0,1,0
9,90205,1,1,0,0,0,1,1,1,765,25,12,2012,3,0,23,1,2,3,SR-25,,89,41.28267778,-73.21879444,0,17,0,0,1,1,0,4,2,4,0,4,0,0000000,0,23,0,30,99,99,0,0,0,1,1
9,90206,2,2,0,0,0,2,2,3,680,22,12,2012,7,23,26,1,1,1,I-84,,436,41.60057222,-72.90263889,0,12,2,0,1,1,0,1,2,1,0,1,0,0000000,99,99,99,99,99,99,0,0,0,1,1
9,90207,2,2,0,0,0,3,3,3,718,22,7,2012,1,12,51,0,4,3,SR-187,,163,41.98886667,-72.70376111,0,12,6,0,4,1,0,1,1,1,0,1,0,0000000,12,51,13,5,13,47,0,0,0,1,0
9,90208,2,2,0,0,0,4,4,9,370,26,12,2012,4,2,10,1,2,3,SR-15,,619,41.49896667,-72.79910833,0,12,2,0,1,1,0,1,3,1,0,1,0,0000000,2,13,2,23,99,99,0,0,0,2,1
9,90209,1,1,0,0,0,1,1,9,430,8,9,2012,7,1,35,0,13,3,SR-17,,1,41.32415833,-72.88406389,0,1,0,1,18,1,0,4,3,1,0,1,0,0000000,1,35,99,99,99,99,0,0,0,1,0
9,90210,1,1,0,1,1,1,1,1,256,20,12,2012,5,23,0,1,1,1,I-95,,6,41.00203611,-73.65116944,0,8,0,0,1,1,0,1,3,2,0,2,0,0000000,23,1,23,7,88,88,0,0,0,1,0
9,90211,1,1,0,1,1,3,3,9,222,30,7,2012,2,11,49,0,16,6,COE AVENUE,WILKENDA AVENUE,8,41.24881944,-72.87094167,0,9,0,0,3,3,0,1,1,1,0,1,0,0000000,11,48,11,53,12,19,0,0,0,1,0
9,90212,1,1,0,1,1,2,2,7,380,24,12,2012,2,23,14,1,1,1,I-91,,228,41.56691944,-72.72791389,0,8,0,0,1,1,0,1,2,4,0,4,0,0000000,23,15,23,38,99,99,0,0,0,1,0
9,90213,1,1,0,0,0,3,3,3,237,12,8,2012,1,17,54,0,6,5,1371 FARMINGTON AVE,,0,41.73893333,-72.85370556,0,42,0,0,1,1,0,4,1,1,0,1,0,0000000,17,59,18,6,18,47,0,0,0,1,1
9,90214,1,1,0,0,0,1,1,3,280,17,12,2012,2,22,34,0,14,6,TOWER AVENUE,,4,41.79758889,-72.67021111,0,33,0,0,1,1,0,4,2,2,0,2,0,0000000,22,34,22,44,23,1,0,0,0,1,1
9,90215,2,2,0,0,0,3,3,11,811,24,10,2012,4,1,0,1,1,1,I-95,,884,41.37331667,-72.19700278,0,12,1,0,1,1,0,1,3,1,0,1,0,0000000,1,20,1,26,2,8,0,0,0,1,0
9,90216,1,1,0,0,0,1,1,1,841,23,12,2012,1,8,41,0,15,6,GRUMMAN HILL ROAD,,10,41.17053333,-73.41238889,0,53,0,0,1,1,0,4,1,1,0,1,0,0000000,8,42,8,46,9,8,0,0,0,1,0
9,90217,2,2,0,0,0,2,2,1,841,26,12,2012,4,18,44,0,14,3,SR-33,,53,41.17887222,-73.40495833,0,12,2,0,8,1,0,1,2,4,3,4,0,0000000,18,44,99,99,99,99,0,0,0,1,1
9,90218,1,1,0,0,0,1,1,11,688,27,11,2012,3,0,47,0,4,3,SR-138,,6,41.61513056,-72.07308611,0,24,0,0,1,1,0,4,2,1,0,1,0,0000000,0,45,0,52,1,30,0,0,0,1,0
9,90219,2,2,0,0,0,3,3,3,237,29,12,2012,7,14,14,0,3,3,SR-177,,69,41.74433333,-72.88906111,0,12,6,0,1,1,0,1,1,4,0,4,0,0000000,14,15,14,24,14,55,0,0,0,1,0
9,90220,1,1,0,1,1,4,4,9,810,21,12,2012,6,8,19,0,16,6,BRASS MILL SC ACCESS RD,,0,41.54846389,-73.02582778,0,8,0,0,1,1,0,1,1,2,0,2,0,0000000,8,19,8,21,8,34,0,0,0,1,0
9,90221,1,1,0,1,1,1,1,9,267,17,11,2012,7,21,42,1,2,3,SR-10,,105,41.40615556,-72.89914444,0,8,0,0,1,1,0,1,3,1,0,1,0,0000000,21,43,21,49,22,15,0,0,0,1,0
9,90222,1,1,0,1,1,1,1,3,718,5,4,2012,5,16,37,0,4,3,SR-513,,1,41.98093056,-72.64937778,0,8,0,0,1,1,0,1,1,1,0,1,0,0000000,16,37,16,39,17,3,0,0,0,1,0
9,90223,2,2,0,0,0,5,5,9,810,2,12,2012,1,19,0,0,6,5,SCOTT ROAD,,11,41.53328056,-72.98002222,0,12,2,0,1,1,0,1,3,2,0,2,0,0000000,19,5,19,30,99,99,0,0,0,1,0
9,90224,1,1,0,1,1,2,2,1,700,28,12,2012,6,23,8,0,13,2,US-1,,66,41.05015556,-73.54798056,0,8,0,0,1,1,0,1,3,1,0,1,0,0000000,99,99,99,99,99,99,0,0,0,1,0
9,90225,1,1,0,0,0,2,2,9,265,22,12,2012,7,15,38,1,11,1,I-95,@ X57 NB,591,41.29698611,-72.70815556,0,24,0,1,5,1,0,8,9,1,0,1,0,0000000,15,39,99,99,99,99,0,0,0,2,0
9,90226,2,2,0,0,0,5,5,9,502,8,4,2012,1,99,99,0,14,3,SR-103,,11,41.33583333,-72.8663,0,12,6,0,1,1,0,1,3,1,0,1,0,0000000,21,28,21,32,99,99,20,0,0,1,1
9,90227,2,2,0,0,0,4,4,5,802,17,11,2012,7,14,46,0,4,3,SR-47,SR-199,82,41.62841667,-73.30931389,0,12,2,0,2,3,0,1,1,1,0,1,0,0000000,99,99,99,99,99,99,0,0,0,1,0
9,90228,1,1,0,0,0,2,2,1,460,17,11,2012,7,13,14,1,11,1,I-84,,118,41.42599167,-73.34916389,0,24,0,1,19,1,0,4,1,1,0,1,0,0000000,13,14,13,17,14,9,0,0,0,1,0
9,90229,1,1,0,1,1,1,1,1,460,28,11,2012,4,19,21,0,13,3,SR-25,BUTTONSHOP ROAD,163,41.36868611,-73.27086111,0,8,0,0,2,2,0,1,1,1,0,1,0,0000000,17,23,17,32,88,88,0,0,0,1,0
9,90230,1,1,0,0,0,1,1,5,760,12,4,2012,5,0,52,0,16,6,BUENA VISTA AVENUE,,1,41.81086111,-73.09528889,0,53,0,0,1,1,0,4,3,1,0,1,0,0000000,0,53,0,56,88,88,0,0,0,1,1
9,90231,2,2,0,0,0,2,2,5,760,27,6,2012,4,18,27,0,15,3,SR-800,,91,41.88321111,-73.07533889,0,12,7,0,8,1,0,1,1,1,0,1,0,0000000,18,28,18,32,88,88,0,0,0,1,0
9,90232,2,2,0,0,0,3,3,1,832,6,5,2012,1,16,38,0,4,3,SR-53,,112,41.26645556,-73.37429167,0,12,2,0,1,1,0,1,1,1,0,1,0,0000000,99,99,99,99,99,99,0,0,0,1,0
9,90233,2,2,0,0,0,2,2,9,810,16,8,2012,5,12,57,0,14,3,SR-844,@CDR TO MOBIL GS,4,41.55268056,-72.99996944,0,12,2,0,8,1,0,1,1,1,0,1,0,0000000,12,55,12,57,99,99,0,0,0,1,0
9,90234,1,1,0,0,0,4,4,9,640,31,10,2012,4,1,7,0,13,3,SR-115,,51,41.38863611,-73.07371111,0,30,0,0,1,1,0,4,2,1,0,1,0,0000000,1,8,1,16,1,59,0,0,0,1,1
9,90235,1,1,0,1,1,1,1,1,510,22,10,2012,2,19,39,0,13,3,SR-136,ROWAN STREET,61,41.10289167,-73.40406667,0,8,0,0,3,3,0,1,3,1,0,1,0,0000000,99,99,99,99,99,99,0,0,0,1,0
9,90236,2,2,0,0,0,2,2,9,200,24,10,2012,4,14,45,0,13,3,SR-34,,123,41.33232222,-73.11373611,0,12,2,0,1,1,0,1,1,1,0,1,0,0000000,14,46,14,47,15,20,0,0,0,1,0
9,90237,1,1,0,1,1,1,1,9,370,4,9,2012,3,20,22,0,14,2,US-5,,191,41.55969444,-72.775375,0,8,0,0,1,1,0,1,2,1,0,1,0,0000000,99,99,99,99,99,99,0,0,0,1,0
9,90238,1,1,0,0,0,1,1,5,450,23,2,2012,5,15,40,0,13,2,US-202,,232,41.62413056,-73.39441111,0,42,0,0,1,1,0,4,1,1,0,1,0,0000000,99,99,99,99,99,99,0,0,0,1,1
9,90239,2,2,0,0,0,2,2,5,450,2,7,2012,2,15,25,0,13,2,US-202,PARK LANE EAST,212,41.59674167,-73.406675,0,12,6,0,2,3,0,1,1,1,0,1,0,0000000,99,99,99,99,99,99,0,0,0,1,0
9,90240,2,2,0,0,0,2,2,5,450,24,9,2012,2,15,4,0,14,6,PICKETT DISTRICT ROAD,@ DWY TO PKG LOT,18,41.56471111,-73.41353611,0,12,2,0,2,3,0,1,1,1,0,1,1,0000000,99,99,99,99,99,99,0,0,0,1,0
9,90241,2,2,0,0,0,2,2,7,220,27,10,2012,7,17,41,0,13,3,SR-66,,133,41.56180833,-72.55084167,0,12,2,0,1,1,0,1,1,1,0,1,0,0000000,17,41,17,46,99,99,0,0,0,1,1
9,90242,2,2,0,0,0,2,2,7,380,18,12,2012,3,13,39,0,13,3,SR-66,CAMP ST & CDR,48,41.55339167,-72.68604722,0,12,11,0,2,2,0,1,1,1,0,1,0,0000000,13,39,13,44,99,99,0,0,0,1,0
9,90243,1,1,0,1,1,1,1,1,235,11,10,2012,5,14,0,0,16,6,FAIRLAND DRIVE,,3,41.18612778,-73.24459444,0,8,0,0,1,1,0,1,1,1,0,1,0,0000000,14,2,14,7,14,33,0,0,0,1,0
9,90244,1,1,0,0,0,1,1,9,385,9,12,2012,1,0,57,0,13,2,US-1,,412,41.24655833,-73.02643056,0,42,0,0,1,1,0,4,3,1,0,1,0,0000000,0,56,1,3,1,35,0,0,0,1,0
9,90245,1,1,0,1,1,1,1,7,380,7,12,2012,6,17,45,0,14,6,SAYBROOK ROAD,COE AVENUE,13,41.53811944,-72.61816389,0,8,0,0,3,2,0,1,3,2,0,2,0,0000000,17,45,99,99,99,99,0,0,0,1,0
9,90246,2,2,0,0,0,2,2,9,385,15,12,2012,7,21,59,0,14,3,SR-162,OSBORNE STREET,7,41.21774167,-73.06474444,0,12,6,0,2,2,0,1,3,1,0,1,0,0000000,21,57,22,1,22,39,0,0,0,1,1
9,90247,1,1,0,0,0,1,1,9,810,16,9,2012,1,20,15,0,16,6,CHASE RIVER ROAD,,1,41.58593333,-73.05376111,0,35,0,0,1,1,0,4,3,1,0,1,0,0000000,20,10,20,15,99,99,0,0,0,1,0
9,90248,2,2,0,0,0,2,2,1,80,30,7,2012,2,14,37,0,16,6,RIDGEFIELD AVENUE,CLERMONT AVENUE,1,41.19194167,-73.16394167,0,12,6,0,2,2,0,1,1,1,0,1,0,0000000,14,36,14,38,14,55,0,0,0,1,0
10,100001,3,3,0,1,1,3,3,3,0,3,1,2012,3,18,34,1,13,2,US-13 SOUTH WALNUT ST,,1,39.7242,-75.55582222,0,15,0,0,1,1,0,1,3,1,0,1,0,0000000,18,35,18,39,88,88,0,0,0,1,0
10,100002,1,1,0,0,0,2,2,1,0,5,1,2012,5,2,15,1,2,2,US-113,,54,38.98515556,-75.44137778,0,53,0,0,1,1,0,4,2,10,0,10,0,0000000,2,21,2,31,3,0,0,0,0,1,1
10,100003,1,1,0,0,0,1,1,3,0,12,1,2012,5,10,50,0,16,5,CHURCH ROAD,,3,39.60903333,-75.66876667,0,34,0,0,1,1,0,6,1,10,0,10,0,0000000,99,99,10,55,99,99,0,0,0,1,0
10,100004,1,1,0,0,0,3,3,3,0,14,1,2012,7,0,4,1,11,1,I-95,,6,39.70059167,-75.60128333,0,25,0,1,19,1,0,4,3,1,0,1,0,0000000,99,99,99,99,99,99,0,0,0,1,0
10,100005,2,1,1,1,1,3,3,0,0,21,1,2012,7,8,23,0,14,2,US-202,,28,39.2775,-75.86416667,0,42,0,0,1,1,0,3,1,3,0,3,0,0000000,8,25,8,28,9,0,0,0,0,1,1
10,100006,1,1,0,1,1,1,1,3,0,2,2,2012,5,21,58,0,14,5,OLD BALTIMORE PIKE,,68,39.65925,-75.6699,0,8,0,0,1,1,0,1,2,1,0,1,0,0000000,21,59,22,1,22,16,0,0,0,1,0
10,100007,3,3,0,0,0,4,4,5,0,3,2,2012,6,21,2,1,2,2,US-9,,212,38.7307,-75.13251944,0,12,2,0,1,1,0,1,2,1,0,1,0,0000000,21,4,21,7,99,99,0,0,0,1,1
10,100008,1,1,0,1,1,1,1,3,0,7,2,2012,3,19,29,0,13,3,SR-4,PEARSON DRIVE,38,39.67043611,-75.71042778,0,8,0,0,2,2,0,1,2,1,0,1,0,0000000,19,27,19,34,19,44,0,0,0,1,0
10,100009,2,2,0,0,0,3,3,3,0,11,2,2012,7,14,38,0,3,2,US-13,EXIT 119,91,39.335225,-75.62938611,0,12,6,0,2,3,0,1,1,1,0,1,0,0000000,14,38,14,47,15,21,0,0,0,1,0
10,100010,2,2,0,0,0,3,3,5,0,11,2,2012,7,19,50,1,2,2,US-9,,242,38.72102778,-75.30178333,0,12,2,0,1,1,0,1,2,4,0,4,0,0000000,19,54,19,58,20,39,0,0,0,1,1
10,100011,1,1,0,0,0,2,2,3,0,14,2,2012,3,19,17,1,11,1,I-495,SR-141,111,39.7146,-75.58036944,0,42,0,1,5,1,0,3,2,10,0,10,0,0000000,19,22,19,27,19,53,0,0,0,1,0
10,100012,2,2,0,0,0,3,3,1,0,20,2,2012,2,1,0,1,2,2,US-13,,68,39.06843611,-75.553725,0,12,1,0,1,1,0,1,2,1,0,1,0,0000000,1,6,1,18,1,31,0,0,0,1,0
10,100013,1,1,0,0,0,1,1,3,0,25,2,2012,7,5,32,1,13,2,US-13,,26,39.68980556,-75.58208056,0,33,0,0,1,1,0,4,6,1,0,1,0,0000000,5,33,5,40,88,88,0,0,0,1,1
10,100014,1,1,0,1,1,1,1,3,0,1,3,2012,5,14,7,1,13,2,US-13,,50,39.66323611,-75.65350833,0,8,0,0,1,1,0,1,1,1,0,1,0,0000000,14,8,14,11,14,27,0,0,0,1,0
10,100015,2,2,0,0,0,2,2,3,0,4,3,2012,1,20,51,0,6,5,CEDAR LANE ROAD,,28,39.49141667,-75.69151944,0,12,2,0,1,1,0,1,2,1,0,1,0,0000000,20,53,20,59,21,51,0,0,0,1,1
10,100016,2,2,0,0,0,3,3,1,0,7,3,2012,4,19,25,1,2,2,US-13,,9,38.850025,-75.57920833,0,54,11,0,1,1,0,1,2,1,0,1,0,0000000,19,19,19,24,99,99,14,0,0,1,0
10,100017,1,1,0,0,0,1,1,1,130,2,4,2012,2,21,5,0,16,5,EAST LOOCKERMAN STREET,,0,39.16514722,-75.50810833,0,43,0,0,1,1,0,5,3,1,0,1,0,0000000,21,7,21,11,21,26,13,20,0,1,0
10,100018,1,1,0,1,1,1,1,3,0,3,4,2012,3,17,24,1,2,3,SR-1,,92,39.42263889,-75.65815,0,8,0,0,1,1,0,3,1,1,0,1,0,0000000,17,25,17,26,99,99,0,0,0,1,0
10,100019,2,2,0,0,0,5,5,3,0,4,4,2012,4,21,35,0,14,3,SR-72,PORTER ROAD,25,39.59387778,-75.70010556,0,12,6,0,2,2,0,1,2,1,0,1,0,0000000,21,35,21,38,22,34,0,0,0,2,0
10,100020,2,2,0,0,0,5,5,5,0,5,4,2012,5,7,9,0,4,3,SR-24,,295,38.60365833,-75.22955278,1,12,1,0,1,1,0,1,1,1,0,1,1,0000000,7,11,7,17,8,39,0,0,0,1,0
10,100021,2,2,0,0,0,3,3,3,0,7,4,2012,7,9,53,0,13,3,SR-2,WOODHAVEN DRIVE,99,39.73098611,-75.64434722,0,12,6,0,2,2,0,1,1,1,0,1,0,0000000,9,53,9,55,10,12,0,0,0,1,0
10,100022,2,2,0,0,0,4,4,1,0,11,4,2012,4,20,5,0,5,4,CR-206,CR-208,11,39.09075278,-75.728125,0,12,6,0,2,2,0,1,2,1,0,1,0,0000000,20,13,20,18,20,30,0,0,0,2,0
10,100023,2,2,0,0,0,5,5,3,0,12,4,2012,5,18,18,1,2,2,US-301,,20,39.53033333,-75.73701944,0,12,6,0,1,1,0,1,1,1,0,1,0,0000000,18,20,18,31,18,54,0,0,0,1,0
10,100024,2,2,0,0,0,2,2,3,0,13,4,2012,6,14,2,0,15,6,AIRPORT ROAD,ALLEGRETTO RD,17,39.682875,-75.62039722,0,12,6,0,2,3,0,1,1,1,0,1,0,0000000,14,3,14,9,14,20,0,0,0,1,0
10,100025,1,1,0,1,1,1,1,3,150,5,4,2012,5,17,47,0,16,5,LOCUST STREET,,0,39.73750833,-75.59925,0,15,0,0,1,1,0,1,1,1,0,1,0,0000000,99,99,99,99,99,99,0,0,0,1,0
10,100026,2,2,0,0,0,2,2,3,0,17,4,2012,3,8,34,0,13,3,SR-273,EDINBURGH DRIVE,14,39.66371111,-75.62983889,0,12,6,0,2,2,0,1,1,1,0,1,0,0000000,8,34,8,39,8,53,0,0,0,1,0
10,100027,1,1,0,0,0,1,1,3,0,13,4,2012,6,21,21,0,6,3,SR-15,LLOYD GUESSFORD RD,27,39.36204722,-75.71259444,0,42,0,0,3,4,0,5,2,1,0,1,0,0000000,21,22,21,32,22,11,0,0,0,1,0
10,100028,2,2,0,0,0,3,3,5,0,16,4,2012,2,17,48,0,5,3,SR-46,REMENTER RD,72,38.66404722,-75.49144722,0,12,6,0,2,3,0,1,1,1,0,1,0,0000000,17,51,18,5,18,32,0,0,0,1,0
10,100029,1,1,0,0,0,1,1,3,0,23,4,2012,2,11,43,1,11,1,I-95,SR-896,2,39.64801111,-75.74869444,0,24,0,1,5,1,0,4,1,10,0,10,0,0000000,11,45,11,52,88,88,0,0,0,1,0
10,100030,1,1,0,1,1,1,1,3,360,30,4,2012,2,20,38,0,16,6,LIBRARY AVENUE,,0,39.68551111,-75.73682222,0,8,0,0,1,1,0,1,3,1,0,1,0,0000000,99,99,99,99,88,88,0,0,0,1,0
10,100031,1,1,0,1,1,1,1,5,0,18,5,2012,6,9,2,0,6,4,CR-476,,2,38.597275,-75.49352778,0,8,0,0,1,1,0,1,1,1,0,1,0,0000000,9,5,9,11,99,99,21,0,0,1,0
10,100032,1,1,0,0,0,1,1,1,0,19,5,2012,7,17,1,0,15,3,SR-10A,,28,39.08016667,-75.525225,0,1,0,0,1,1,0,4,1,1,0,1,0,0000000,17,4,17,13,99,99,0,0,0,1,1
10,100033,1,1,0,0,0,1,1,5,0,21,5,2012,2,5,5,0,6,4,CR-305,,41,38.64545,-75.25976111,0,53,0,0,1,1,0,5,2,10,0,10,0,0000000,5,12,5,20,88,88,0,0,0,1,1
10,100034,2,2,0,1,1,2,2,1,320,31,5,2012,5,4,20,1,13,2,US-13,,160,38.90184167,-75.57361667,0,8,0,0,1,1,0,1,3,5,0,5,0,0000000,4,24,4,29,88,88,0,0,0,1,0
10,100035,1,1,0,0,0,2,2,3,0,2,6,2012,7,1,1,0,13,3,SR-2,POPLAR AVENUE,24,39.739325,-75.60193333,0,33,0,0,1,1,0,3,3,2,0,2,0,0000000,1,3,1,7,1,31,0,0,0,1,1