STATE,ST_CASE,VE_TOTAL,VE_FORMS,PVH_INVL,PEDS,PERNOTMVIT,PERMVIT,PERSONS,COUNTY,CITY,DAY,MONTH,YEAR,DAY_WEEK,HOUR,MINUTE,NHS,ROAD_FNC,ROUTE,TWAY_ID,TWAY_ID2,MILEPT,LATITUDE,LONGITUD,SP_JUR,HARM_EV,MAN_COLL,RELJCT1,RELJCT2,TYP_INT,WRK_ZONE,REL_ROAD,LGT_COND,WEATHER1,WEATHER2,WEATHER,SCH_BUS,RAIL,NOT_HOUR,NOT_MIN,ARR_HOUR,ARR_MIN,HOSP_HR,HOSP_MN,CF1,CF2,CF3,FATALS,DRUNK_DR
10,100036,1,1,0,0,0,1,1,5,0,3,6,2012,1,0,3,0,6,3,SR-66,,14,38.45479444,-75.50983889,0,42,0,0,1,1,0,6,2,1,0,1,0,0000000,0,10,0,17,0,45,0,0,0,1,0
10,100037,1,1,0,1,1,1,1,1,0,4,6,2012,2,4,6,0,14,2,US-13,,64,39.20884167,-75.56789444,0,9,0,0,1,1,0,1,2,1,0,1,0,0000000,4,12,4,27,88,88,0,0,0,1,1
10,100038,1,1,0,0,0,1,1,1,0,8,6,2012,6,5,13,0,9,4,CR-380,,99998,39.02418333,-75.50906667,0,34,0,0,1,1,0,4,2,10,0,10,0,0000000,99,99,99,99,88,88,0,0,0,1,1
10,100039,2,2,0,0,0,2,2,3,0,18,6,2012,2,9,27,1,13,2,US-40,FRENCHTOWN MANOR SPUR,15,39.6033,-75.75818889,0,12,1,0,3,2,0,1,1,1,0,1,0,0000000,9,28,9,37,9,45,0,0,0,1,1
10,100040,1,1,0,0,0,1,1,3,0,19,6,2012,3,12,51,0,6,6,PENCADER DRIVE,,0,39.61250278,-75.75859167,0,33,0,0,1,1,0,4,1,1,0,1,0,0000000,12,53,12,58,88,88,0,0,0,1,0
10,100041,2,2,0,0,0,3,3,5,0,26,6,2012,3,15,13,0,6,3,SR-3,CR-365,16,38.52353333,-75.14673333,0,12,6,0,2,2,0,1,1,1,0,1,0,0000000,15,15,15,21,15,51,0,0,0,1,1
10,100042,1,1,0,1,1,1,1,3,0,28,6,2012,5,10,29,0,15,3,SR-3  MARSH ROAD,BAYNARD BLVD,7,39.78520833,-75.50616389,0,9,0,0,2,2,0,1,1,1,0,1,0,0000000,10,27,10,31,10,52,0,0,0,1,0
10,100043,1,1,0,1,1,1,1,5,0,1,7,2012,1,2,8,1,2,3,SR-1,,19,38.71378056,-75.10466111,0,9,0,1,17,1,0,1,3,1,0,1,0,0000000,2,11,2,16,88,88,0,0,0,1,1
10,100044,1,1,0,1,1,3,3,1,0,7,7,2012,7,21,58,0,6,8,JACKSON DITCH RD,,4,38.93337778,-75.56302222,0,9,0,0,1,1,0,1,2,1,0,1,0,0000000,21,58,22,6,22,36,0,0,0,1,0
10,100045,1,1,0,0,0,1,1,1,0,8,7,2012,1,22,25,0,6,8,MAHAN CORNER RD,,43,39.09228056,-75.73113056,0,42,0,0,1,1,0,6,2,1,0,1,0,0000000,22,28,22,32,88,88,0,0,0,1,1
10,100046,1,1,0,1,1,1,1,1,0,10,7,2012,3,0,20,0,13,2,US-13,,28,39.08566944,-75.55013056,0,8,0,0,1,1,0,1,2,1,0,1,0,0000000,0,34,0,42,0,48,0,0,0,1,0
10,100047,2,2,0,0,0,3,3,3,0,14,7,2012,7,1,5,1,11,1,I-95,,73,39.69239722,-75.63005278,0,12,1,0,1,1,0,1,2,1,0,1,0,0000000,1,9,1,12,1,26,0,0,0,1,0
10,100048,2,2,0,0,0,2,2,3,0,15,7,2012,1,3,58,0,13,2,US-13,SAEINNI BLVD,11,39.64443333,-75.62498611,0,12,6,0,2,2,0,1,3,1,0,1,0,0000000,3,57,4,4,88,88,0,0,0,1,1
10,100049,1,1,0,0,0,4,4,1,130,29,5,2012,3,13,45,0,15,3,SR-15,,42,39.18657222,-75.57936667,0,40,0,0,1,1,0,4,1,1,0,1,0,0000000,99,99,99,99,99,99,0,0,0,1,0
10,100050,1,1,0,0,0,1,1,5,0,18,7,2012,4,21,28,0,6,4,CR-392,,7,38.50743333,-75.21531944,0,30,0,0,1,1,0,4,2,1,0,1,0,0000000,21,29,21,37,88,88,0,0,0,1,1
10,100051,1,1,0,1,1,1,1,3,0,25,7,2012,4,3,12,0,16,5,GLASGOW AVENUE,,7,39.59795556,-75.74256667,0,8,0,0,1,1,0,1,2,1,0,1,0,0000000,3,11,3,14,88,88,0,0,0,1,0
10,100052,1,1,0,0,0,1,1,3,0,25,7,2012,4,22,53,1,11,1,I-95,,131,39.65275833,-75.71394167,0,1,0,0,1,1,0,1,2,1,0,1,0,0000000,22,53,23,3,88,88,0,0,0,1,0
10,100053,1,1,0,0,0,1,1,3,0,28,7,2012,7,1,35,0,16,6,CHILDRENS DRIVE,,1,39.78318889,-75.55438056,0,25,0,0,8,1,0,3,3,1,0,1,0,0000000,99,99,99,99,88,88,0,0,0,1,1
10,100054,2,2,0,0,0,4,4,5,0,13,8,2012,2,20,19,0,2,3,SR-1,,50,38.74392222,-75.151825,0,12,6,0,7,1,0,1,3,1,0,1,0,0000000,20,22,20,29,20,56,0,0,0,1,0
10,100055,2,2,0,0,0,2,2,3,0,16,8,2012,5,3,23,1,11,1,I-95,,164,39.63962222,-75.78318611,0,12,1,0,7,1,0,1,2,1,0,1,0,0000000,3,31,3,40,88,88,0,0,0,1,0
10,100056,1,1,0,1,1,1,1,3,490,17,8,2012,6,20,47,0,13,3,SR-52,WOODLAWN,62,39.75823333,-75.57163333,0,8,0,0,3,3,0,1,3,1,0,1,0,0000000,99,99,99,99,99,99,0,0,0,1,0
10,100057,1,1,0,0,0,1,1,5,0,22,8,2012,4,20,57,0,4,3,SR-20,,50,38.51423889,-75.17912222,0,59,0,0,1,1,0,2,2,1,0,1,0,0000000,20,59,21,6,21,34,0,0,0,1,1
10,100058,2,2,0,0,0,2,2,5,0,24,8,2012,6,13,0,0,6,8,CONRAIL ROAD,HEARNS POND ROAD,15,38.68443611,-75.61828611,0,12,6,0,2,2,0,1,1,10,0,10,0,0000000,13,9,13,11,13,14,0,0,0,1,0
10,100059,1,1,0,0,0,2,2,5,0,25,8,2012,7,20,42,0,4,3,SR-20,,6,38.63785278,-75.59768889,0,42,0,0,1,1,0,5,2,1,0,1,0,0000000,20,46,20,46,21,3,0,0,0,1,0
10,100060,1,1,0,2,2,1,1,3,0,25,8,2012,7,20,42,1,13,2,US-40,,13,39.64548056,-75.63767222,0,8,0,0,1,1,0,1,3,1,0,1,0,0000000,20,42,20,48,21,2,0,0,0,1,0
10,100061,1,1,0,0,0,2,2,5,0,26,8,2012,1,1,10,0,4,3,SR-16,,118,38.80761389,-75.47445556,0,43,0,0,1,1,0,4,2,2,0,2,0,0000000,0,24,0,27,99,99,20,0,0,1,1
10,100062,2,2,0,0,0,4,4,3,0,20,8,2012,2,6,9,0,15,6,HARVEY ROAD,,42,39.802525,-75.47908611,0,12,7,1,5,1,0,1,4,10,0,10,0,0000000,6,9,6,11,6,48,0,0,0,1,0
10,100063,1,1,0,0,0,2,2,5,0,26,8,2012,1,22,50,0,6,4,CR-54,,43,38.54377222,-75.17584167,0,42,0,0,1,1,2,4,2,2,0,2,0,0000000,99,99,22,57,99,99,3,0,0,1,0
10,100064,2,2,0,0,0,2,2,5,0,27,8,2012,2,7,30,0,4,3,SR-20,,63,38.62655,-75.50421944,0,12,6,0,1,1,0,1,1,1,0,1,0,0000000,7,36,7,47,8,54,0,0,0,1,0
10,100065,1,1,0,0,0,1,1,5,0,30,8,2012,5,21,24,1,2,3,SR-404,,60,38.79385556,-75.69283611,0,24,0,0,1,1,0,4,2,1,0,1,0,0000000,21,25,21,34,88,88,0,0,0,1,1
10,100066,1,1,0,1,1,1,1,3,0,17,8,2012,6,21,25,0,14,8,RIDGE ROAD,,2,39.81412778,-75.44256111,0,8,0,0,1,1,0,1,3,10,0,10,0,0000000,21,25,21,29,21,54,0,0,0,1,0
10,100067,1,1,0,2,2,1,1,5,0,2,9,2012,1,2,18,1,2,3,SR-1,,21,38.73167222,-75.13365556,0,8,0,0,1,1,0,1,2,1,0,1,0,0000000,2,20,2,26,88,88,0,0,0,2,1
10,100068,1,1,0,0,0,1,1,1,0,31,8,2012,6,22,25,0,6,8,WALNUT SHADE RD,,23,39.08048056,-75.52518889,0,30,0,0,1,1,0,5,2,10,0,10,0,0000000,22,40,22,51,23,2,0,0,0,1,1
10,100069,2,2,0,0,0,2,2,5,0,3,9,2012,2,17,34,0,5,8,SHILOH CHURCH ROAD,,9,38.55969444,-75.51839167,0,12,6,0,8,1,0,1,1,1,0,1,0,0000000,17,37,17,41,18,0,0,0,0,1,0
10,100070,1,1,0,0,0,1,1,5,0,5,9,2012,4,17,50,0,5,8,LITTLE HILL RD,,2,38.52189722,-75.45446389,0,34,0,0,1,1,0,5,1,1,0,1,0,0000000,17,52,18,3,18,17,0,0,0,1,1
10,100071,1,1,0,0,0,2,2,5,0,19,9,2012,4,2,19,0,6,8,HASTINGS FARM RD,,3,38.66815278,-75.55676944,0,53,0,0,1,1,0,6,2,10,0,10,0,0000000,2,24,2,28,3,3,0,0,0,1,0
10,100072,1,1,0,0,0,2,2,5,0,27,9,2012,5,17,16,0,6,3,SR-54,,19,38.48635556,-75.22781944,0,30,0,0,1,1,0,4,1,1,0,1,0,0000000,17,19,17,26,18,23,0,0,0,1,0
10,100073,1,1,0,2,2,1,1,3,0,25,9,2012,3,7,32,0,6,8,CORPORATE BLVD,,0,39.61685278,-75.75413333,0,8,0,0,1,1,0,1,1,1,0,1,0,0000000,7,31,7,34,8,6,0,0,0,1,0
10,100074,1,1,0,0,0,1,1,5,0,8,9,2012,7,19,0,0,4,3,SR-30,,48,38.66345,-75.29933056,0,30,0,0,1,1,0,5,1,10,0,10,0,0000000,19,8,19,17,19,49,0,0,0,1,0
10,100075,2,2,0,0,0,4,4,3,0,16,9,2012,1,9,52,1,13,2,US-40,,44,39.66832222,-75.60191944,0,12,6,0,1,1,0,1,1,1,0,1,0,0000000,10,5,10,9,10,25,0,0,0,1,0
10,100076,2,2,0,0,0,4,4,1,0,29,9,2012,7,14,38,0,6,8,LEWIS DRIVE,DYKE BRANCH ROAD,11,39.209175,-75.54843056,0,12,6,0,2,2,0,1,1,10,0,10,0,0000000,14,40,14,48,99,99,0,0,0,1,0
10,100077,1,1,0,0,0,1,1,5,0,1,10,2012,2,11,8,0,4,3,SR-36,,20,38.82614722,-75.55194722,0,42,0,0,1,1,0,4,1,1,0,1,0,0000000,11,9,11,11,99,99,0,0,0,1,0
10,100078,1,1,0,1,1,1,1,3,0,5,10,2012,6,23,40,0,13,3,SR-4,,27,39.71456944,-75.62137778,0,8,0,0,1,1,0,1,2,1,0,1,0,0000000,23,40,23,41,88,88,0,0,0,1,0
10,100079,1,1,0,0,0,6,6,3,0,6,10,2012,7,12,17,1,11,1,I-95,,86,39.78755,-75.49551111,0,35,0,0,1,1,0,3,1,1,0,1,0,0000000,12,19,12,20,13,6,0,0,0,1,0
10,100080,2,1,1,0,1,2,3,3,0,8,10,2012,2,11,48,1,2,3,SR-1,,99998,39.31114444,-75.59811111,0,14,0,0,1,1,0,2,1,10,0,10,0,0000000,11,50,11,52,88,88,0,0,0,1,0
10,100081,1,1,0,0,0,1,1,5,0,8,10,2012,2,22,6,0,5,4,CR-261,,23,38.74789167,-75.22641667,0,42,0,0,1,1,0,4,2,2,4,4,0,0000000,22,9,22,12,22,38,0,0,0,1,1
10,100082,1,1,0,0,0,2,2,5,340,4,10,2012,5,14,10,0,4,3,SR-17,,69,38.54629722,-75.13164722,0,43,0,0,1,1,0,5,1,1,0,1,0,0000000,14,16,14,22,15,31,0,0,0,1,0
10,100083,2,2,0,0,0,2,2,1,130,26,9,2012,4,23,19,0,14,3,SR-8,BENNINGTON STREET,53,39.15874167,-75.54927778,0,12,6,0,2,2,2,1,2,10,0,10,0,0000000,99,99,99,99,99,99,3,0,0,1,0
10,100084,3,3,0,0,0,6,6,3,0,24,10,2012,4,17,36,1,11,1,I-95,,145,39.64996944,-75.72761111,0,12,7,0,1,1,0,1,1,1,0,1,0,0000000,17,39,17,48,17,57,14,0,0,1,0
10,100085,1,1,0,1,1,1,1,3,0,24,10,2012,4,21,27,1,13,2,US-40,,32,39.63013333,-75.66563889,0,8,0,0,1,1,0,1,2,1,0,1,0,0000000,21,26,21,30,21,50,0,0,0,1,0
10,100086,1,1,0,1,1,1,1,3,0,1,11,2012,5,1,8,0,13,3,SR-1,LANCASTER PIKE,14,39.78691667,-75.68957778,0,8,0,0,1,1,0,1,2,1,0,1,0,0000000,1,7,1,11,88,88,0,0,0,1,1
10,100087,2,2,0,0,0,3,3,1,0,3,11,2012,7,23,15,1,13,3,SR-1. BAY ROAD,,11147,39.10945,-75.45941667,0,12,2,0,1,1,0,1,2,1,0,1,0,0000000,99,99,23,31,99,99,0,0,0,2,1
10,100088,1,1,0,0,0,1,1,3,0,3,11,2012,7,23,59,0,14,3,SR-58,,20,39.6858,-75.63451944,0,42,0,0,1,1,0,6,2,10,0,10,0,0000000,0,1,0,13,88,88,0,0,0,1,1
10,100089,2,1,1,1,1,1,1,3,0,8,11,2012,5,11,48,0,13,3,SR-141,,28,39.70025833,-75.60403333,0,14,0,0,1,1,0,2,1,10,0,10,0,0000000,11,51,11,58,88,88,0,0,0,1,1
10,100090,3,3,0,0,0,6,6,3,0,8,11,2012,5,14,54,0,13,3,SR-273,APPLEBY ROAD,19,39.66276944,-75.6423,0,12,1,0,2,2,0,1,1,1,0,1,0,0000000,14,58,14,59,15,20,0,0,0,2,0
10,100091,1,1,0,0,0,1,1,5,0,9,11,2012,6,2,22,0,4,8,BETHEL ROAD,,53,38.58416111,-75.60786944,0,42,0,0,1,1,0,5,2,1,0,1,0,0000000,2,26,2,32,88,88,0,0,0,1,1
10,100092,1,1,0,0,0,2,2,5,0,13,11,2012,3,14,15,0,4,3,SR-30,WHITESVILLE RD,80,38.46903333,-75.42998889,0,1,0,0,1,1,0,5,1,2,0,2,0,0000000,14,21,14,27,99,99,0,0,0,1,1
10,100093,1,1,0,0,0,2,2,5,0,14,11,2012,4,15,32,0,6,4,CR-446,,96,38.67749167,-75.42968611,0,30,0,0,1,1,0,5,1,1,0,1,0,0000000,15,43,15,47,16,18,0,0,0,1,0
10,100094,1,1,0,1,1,1,1,3,0,15,11,2012,5,15,59,0,13,3,SR-92,,53,39.82976944,-75.53538056,0,8,0,0,1,1,0,1,1,10,0,10,0,0000000,15,59,16,4,99,99,0,0,0,1,0
10,100095,1,1,0,1,1,2,2,3,0,22,11,2012,5,19,51,0,13,2,US-202,,24,39.78680556,-75.54597778,0,8,0,0,1,1,0,1,2,10,0,10,0,0000000,19,51,19,58,20,28,0,0,0,1,0
10,100096,1,1,0,1,1,1,1,3,0,1,12,2012,7,17,10,0,13,3,SR-92,NAAMANS RD,56,39.82936944,-75.54124167,0,8,0,0,1,1,0,1,2,1,0,1,0,0000000,17,10,17,28,17,44,0,0,0,1,0
10,100097,1,1,0,1,1,1,1,3,0,1,12,2012,7,5,52,1,2,2,US-301,,25,39.48322222,-75.71949722,0,8,0,0,1,1,0,1,2,1,0,1,0,0000000,5,50,6,4,6,28,0,0,0,1,0
10,100098,1,1,0,0,0,1,1,5,0,4,12,2012,3,20,37,0,6,4,CR-413,,25,38.49030833,-75.36161111,0,1,0,0,1,1,0,4,2,1,0,1,0,0000000,1,16,1,21,99,99,0,0,0,1,1
10,100099,1,1,0,0,0,1,1,1,0,5,12,2012,4,0,31,0,4,2,US-13A,,15,39.06828333,-75.56256111,0,53,0,0,1,1,0,4,2,1,0,1,0,0000000,0,34,0,41,99,99,0,0,0,1,1
10,100100,1,1,0,1,1,2,2,3,0,17,11,2012,7,15,44,0,6,8,HOWELL SCHOOL ROAD,,22,39.57090556,-75.69848889,0,8,0,0,1,1,0,1,1,1,0,1,0,0000000,15,45,15,49,16,20,0,0,0,1,0
10,100101,1,1,0,1,1,1,1,1,0,15,12,2012,7,17,25,0,3,6,STATE STREET,,25,39.07823889,-75.48233889,0,8,0,0,1,1,0,1,2,1,0,1,0,0000000,17,29,17,38,17,58,0,0,0,1,0
10,100102,1,1,0,0,0,1,1,5,0,17,12,2012,2,0,26,0,4,3,SR-1,,380,38.70648889,-75.15853056,0,30,0,0,1,1,0,4,3,2,0,2,0,0000000,0,29,0,35,88,88,0,0,0,1,1
10,100103,2,2,0,0,0,3,3,5,0,12,12,2012,4,18,18,1,2,2,US-13,,4,38.64595556,-75.59333333,0,12,1,0,1,1,0,1,3,1,0,1,0,0000000,18,19,18,24,18,39,0,0,0,1,0
10,100104,1,1,0,0,0,1,1,3,380,22,12,2012,7,20,1,0,16,3,SR-4 EAST MARKET ST,,99998,39.71408889,-75.60653056,0,33,0,0,1,1,0,4,3,10,0,10,0,0000000,20,2,20,5,88,88,0,0,0,1,1
10,100105,2,2,0,0,0,3,3,1,0,24,12,2012,2,18,34,0,14,3,SR-10A S STATE ST,,55,39.111675,-75.51453889,0,12,6,0,1,1,0,1,3,2,0,2,0,0000000,18,37,18,49,19,2,0,0,0,2,1
10,100106,1,1,0,0,0,2,2,3,0,25,12,2012,3,1,15,1,11,1,I-495,,94,39.79556944,-75.45628889,0,24,0,0,1,1,0,3,2,10,0,10,0,0000000,1,16,1,26,1,58,0,0,0,1,1
10,100107,1,1,0,1,1,2,2,3,0,26,12,2012,4,5,26,1,13,3,SR-7 LIMESTONE ROAD,HENDRY DRIVE,62,39.72079722,-75.65474167,0,8,0,0,2,2,0,1,2,10,0,10,0,0000000,5,26,5,30,88,88,0,0,0,1,0
10,100108,1,1,0,0,0,1,1,1,0,27,12,2012,5,19,15,0,6,8,DAISEY ROAD,,11,39.26989722,-75.72395833,0,34,0,0,1,1,0,4,2,10,0,10,0,0000000,5,26,5,27,88,88,0,0,0,1,1
11,110001,3,2,1,0,0,2,2,1,10,9,1,2012,2,19,52,0,16,6,EASTERN AVE NE,,0,38.95798056,-76.99283889,0,12,2,0,1,1,0,1,3,1,0,1,0,0000000,99,99,99,99,99,99,0,0,0,1,1
11,110002,2,2,0,0,0,5,5,1,10,29,1,2012,1,3,15,0,16,6,400 TAYLOR ST NE,,99999,38.94071389,-77.00030556,0,33,0,0,1,1,0,4,3,1,0,1,0,0000000,99,99,99,99,99,99,0,0,0,2,0
11,110003,1,1,0,1,1,1,1,1,10,26,1,2012,5,19,42,0,16,6,17TH ST NW,CONSTITUTION AVE NW,99999,38.89206944,-77.03946111,1,8,0,0,2,2,0,1,3,1,0,1,0,0000000,99,99,99,99,99,99,0,0,0,1,0
11,110004,2,2,0,0,0,3,3,1,10,17,2,2012,6,13,10,0,16,6,12TH ST NE,FRANKLIN ST NE,0,38.92552222,-76.99039722,0,12,2,0,2,2,0,1,1,1,0,1,0,0000000,99,99,99,99,99,99,0,0,0,1,0
11,110005,1,1,0,1,1,1,1,1,10,2,4,2012,2,13,55,0,16,6,2900 HARVARD CT NW,,0,38.92736111,-77.03316667,0,8,0,0,1,1,0,1,1,1,0,1,0,0000000,99,99,99,99,99,99,0,0,0,1,0
11,110006,2,2,0,0,0,3,3,1,10,23,6,2012,7,19,20,0,16,6,2200 HUNTER PL SE,,0,38.86046944,-76.98365556,0,12,2,0,1,1,0,1,1,1,0,1,0,0000000,99,99,99,99,99,99,0,0,0,1,0
11,110007,2,2,0,1,1,4,4,1,10,23,6,2012,7,10,58,0,16,6,NEW YORK AVE NW,NEW JERSEY AVE NW,0,38.90541389,-77.01478056,0,12,6,1,2,2,0,1,1,1,0,1,0,0000000,99,99,99,99,99,99,0,0,0,1,0
11,110008,1,1,0,0,0,2,2,1,10,4,8,2012,7,1,35,0,16,6,DIVISION ST NE,AMES ST NE,0,38.8908,-76.92795,0,33,0,0,2,2,0,4,3,1,0,1,0,0000000,99,99,99,99,99,99,0,0,0,1,0
11,110009,1,1,0,1,1,1,1,1,10,27,9,2012,5,22,56,0,16,6,14TH ST NW,PARKWOOD PL NW,0,38.93556944,-77.03271111,0,8,0,0,3,3,0,1,3,1,0,1,0,0000000,99,99,99,99,99,99,0,0,0,1,0
11,110010,1,1,0,0,0,1,1,1,10,29,9,2012,7,17,33,1,11,1,I-395 SOUTH,,0,38.88443889,-77.01245,0,25,0,0,1,1,0,3,1,1,0,1,0,0000000,99,99,99,99,99,99,0,0,0,1,0
11,110011,1,1,0,1,1,2,2,1,10,1,10,2012,2,9,0,0,16,6,500 6TH ST NW,,0,38.89530833,-77.01978056,0,33,0,0,1,1,0,4,1,1,0,1,0,0000000,99,99,99,99,99,99,0,0,0,1,0
11,110012,2,2,0,0,0,2,2,1,10,4,10,2012,5,17,49,0,16,6,NAYLOR RD SE,,99999,38.86345278,-76.970225,0,5,0,0,1,1,0,1,1,1,0,1,0,0000000,99,99,99,99,99,99,14,0,0,1,0
11,110013,1,1,0,1,1,1,1,1,10,18,12,2012,3,23,5,0,16,6,3000 20TH ST NE,,0,38.92851111,-76.97625833,0,8,0,0,1,1,0,1,3,1,0,1,0,0000000,99,99,99,99,99,99,0,0,0,1,0
11,110014,2,2,0,1,1,2,2,1,10,28,12,2012,6,18,6,0,16,6,NEW YORK AVE NW,1ST ST NW,99999,38.90627778,-77.01208333,0,8,0,0,3,2,0,1,3,1,0,1,0,0000000,99,99,99,99,99,99,0,0,0,1,0
12,120001,2,2,0,0,0,2,2,11,2260,1,1,2012,1,12,30,0,13,3,SR-870,3RD AVENUE,99998,26.1886,-80.14301389,0,12,6,0,2,3,0,1,1,1,0,1,0,0000000,99,99,99,99,88,88,0,0,0,1,0
12,120002,2,2,0,0,0,2,2,71,0,1,1,2012,1,6,1,0,6,6,SUNSHINE BLVD,,0,26.64371389,-81.66470833,0,12,6,0,1,1,0,1,3,1,0,1,0,0000000,99,99,99,99,99,99,0,0,0,1,1
12,120003,2,2,0,0,0,2,2,95,0,1,1,2012,1,2,45,0,6,5,POWERS DR,,0,28.56098056,-81.46766944,0,12,2,0,1,1,0,1,3,1,0,1,0,0000000,99,99,99,99,88,88,0,0,0,1,1
12,120004,1,1,0,0,0,2,2,69,1820,1,1,2012,1,14,6,0,13,2,US-441,,99998,28.84196389,-81.89544167,0,33,0,0,1,1,0,4,1,1,0,1,0,0000000,99,99,99,99,99,99,0,0,0,1,0
12,120005,1,1,0,1,1,1,1,99,330,2,1,2012,2,13,17,1,11,1,I-95,,99998,26.5145,-80.06983889,0,8,0,0,1,1,0,1,1,10,0,10,0,0000000,99,99,99,99,99,99,0,0,0,1,0
12,120006,1,1,0,1,1,1,1,105,0,2,1,2012,2,14,39,1,2,2,US-27,,99998,27.68974167,-81.56241667,0,9,0,0,1,1,0,1,1,1,0,1,0,0000000,99,99,99,99,99,99,0,0,0,1,0
12,120007,1,1,0,0,0,1,1,41,0,3,1,2012,3,10,0,0,6,5,11TH AVENUE,US-129,0,29.62071111,-82.81696944,0,30,0,0,3,2,0,4,1,1,0,1,0,0000000,99,99,99,99,99,99,0,0,0,1,0
12,120008,1,1,0,0,0,1,1,73,0,3,1,2012,3,6,55,0,3,2,US-90,,99998,30.50554722,-84.09253611,0,42,0,0,1,1,0,4,2,1,0,1,0,0000000,99,99,99,99,88,88,0,0,0,1,0
12,120009,2,2,0,1,1,4,4,31,1510,4,1,2012,4,18,55,0,12,3,SR-821,,99998,30.32764444,-81.57262778,0,8,0,0,1,1,0,1,3,1,0,1,0,0000000,99,99,99,99,88,88,0,0,0,1,0
12,120010,2,2,0,0,0,3,3,81,0,4,1,2012,4,11,40,1,13,2,US-41 RAMP,,99998,27.58630833,-82.54017778,0,12,6,1,5,1,0,1,1,1,0,1,0,0000000,11,44,11,53,88,88,0,0,0,1,0
12,120011,2,2,0,0,0,3,3,103,0,4,1,2012,4,9,4,0,16,6,113TH ST,110TH AVE,0,27.87284444,-82.79520278,0,12,6,0,2,2,0,1,1,1,0,1,0,0000000,99,99,99,99,99,99,0,0,0,1,0
12,120012,1,1,0,0,0,2,2,127,2520,4,1,2012,4,18,30,0,6,5,NINE MILE POINT RD,,0,29.27250278,-81.52241111,0,59,0,0,1,1,0,4,2,1,0,1,0,0000000,99,99,99,99,88,88,0,0,0,2,1
12,120013,1,1,0,1,1,3,3,86,0,5,1,2012,5,18,33,1,12,3,SR-821,,99998,25.54693889,-80.36271111,0,8,0,0,1,1,0,1,3,1,0,1,0,0000000,99,99,99,99,88,88,0,0,0,1,0
12,120014,3,3,0,0,0,3,3,86,0,5,1,2012,5,19,50,1,11,1,I-95,,99998,25.91156944,-80.21000556,0,12,7,0,1,1,0,1,3,1,0,1,0,0000000,99,99,99,99,99,99,0,0,0,1,0
12,120015,1,1,0,1,1,1,1,93,0,5,1,2012,5,16,1,0,3,3,SR-70,,99998,27.25095,-80.78539444,0,9,0,0,1,1,0,1,1,1,0,1,0,0000000,99,99,99,99,99,99,0,0,0,1,0
12,120016,1,1,0,0,0,1,1,127,0,5,1,2012,5,2,25,0,2,3,SR-44,I-4,99998,29.01792778,-81.22793889,0,30,0,0,3,3,0,4,2,1,0,1,0,0000000,99,99,99,99,99,99,0,0,0,1,1
12,120017,1,1,0,0,0,1,1,5,0,6,1,2012,6,8,15,1,2,2,US-231,,99998,30.31605556,-85.46226944,0,1,0,0,1,1,0,3,1,5,0,5,0,0000000,99,99,99,99,99,99,0,0,0,1,0
12,120018,1,1,0,0,0,3,3,13,0,6,1,2012,6,20,55,0,6,8,NEWSOME ROAD,,0,30.45219444,-85.21204722,0,1,0,0,1,1,0,4,2,1,0,1,0,0000000,99,99,99,99,99,99,0,0,0,1,0
12,120019,1,1,0,1,1,2,2,33,2490,6,1,2012,6,17,33,0,16,6,9TH AVENUE,,0,30.49237222,-87.19256389,0,8,0,0,1,1,0,1,3,10,0,10,0,0000000,99,99,99,99,99,99,0,0,0,1,0
12,120020,2,2,0,0,0,6,6,85,0,6,1,2012,6,20,10,1,2,3,SR-91,,99998,27.02115,-80.22608333,0,12,7,0,1,1,0,1,2,1,0,1,0,0000000,99,99,99,99,88,88,0,0,0,1,0
12,120021,1,1,0,0,0,1,1,86,0,6,1,2012,6,14,7,0,6,8,NW 25TH STREET,,0,25.79686389,-80.38623611,0,42,0,0,1,1,0,3,1,1,0,1,0,0000000,99,99,99,99,88,88,0,0,0,1,0
12,120022,1,1,0,1,1,3,3,95,0,6,1,2012,6,18,56,0,13,3,SR-435,,99998,28.53932778,-81.45815278,0,8,0,0,1,1,0,1,3,1,0,1,0,0000000,99,99,99,99,99,99,0,0,0,1,0
12,120023,2,2,0,1,1,6,6,111,0,6,1,2012,6,18,27,0,13,2,US-1,SR-608,99998,27.48439444,-80.34070833,0,8,0,0,3,2,0,1,2,1,0,1,0,0000000,99,99,99,99,99,99,0,0,0,1,0
12,120025,2,2,0,1,1,3,3,115,0,7,1,2012,7,13,10,0,15,3,SR-758,,99998,27.27371667,-82.5466,0,59,0,0,1,1,0,4,1,10,0,10,0,0000000,99,99,99,99,99,99,0,0,0,1,1
12,120026,1,1,0,0,0,1,1,99,0,7,1,2012,7,14,32,1,11,1,I-95,,99998,26.51306111,-80.07268611,0,1,0,0,1,1,0,4,1,1,0,1,0,0000000,99,99,99,99,99,99,0,0,0,1,0
12,120027,2,2,0,0,0,4,4,127,0,7,1,2012,7,15,13,1,11,1,I-4,,99998,29.02159722,-81.22771667,0,12,6,0,1,1,0,1,1,1,0,1,0,0000000,99,99,99,99,99,99,0,0,0,1,1
12,120028,1,1,0,0,0,1,1,9,0,8,1,2012,1,15,20,0,16,6,PALM BROOK DR,,0,28.21280278,-80.69672778,0,38,0,0,1,1,0,5,1,1,0,1,0,0000000,99,99,99,99,99,99,0,0,0,1,0
12,120029,1,1,0,0,0,1,1,11,2570,8,1,2012,1,23,25,0,14,3,SR-811,,99998,26.22253333,-80.129025,0,42,0,0,1,1,0,4,3,1,0,1,0,0000000,99,99,99,99,99,99,0,0,0,1,0