STATE,ST_CASE,VE_TOTAL,VE_FORMS,PVH_INVL,PEDS,PERNOTMVIT,PERMVIT,PERSONS,COUNTY,CITY,DAY,MONTH,YEAR,DAY_WEEK,HOUR,MINUTE,NHS,ROAD_FNC,ROUTE,TWAY_ID,TWAY_ID2,MILEPT,LATITUDE,LONGITUD,SP_JUR,HARM_EV,MAN_COLL,RELJCT1,RELJCT2,TYP_INT,WRK_ZONE,REL_ROAD,LGT_COND,WEATHER1,WEATHER2,WEATHER,SCH_BUS,RAIL,NOT_HOUR,NOT_MIN,ARR_HOUR,ARR_MIN,HOSP_HR,HOSP_MN,CF1,CF2,CF3,FATALS,DRUNK_DR
12,120030,1,1,0,0,0,1,1,75,0,8,1,2012,1,2,0,0,6,8,NE 115TH AVENUE,,0,29.44165556,-82.58138056,0,35,0,0,1,1,0,4,2,1,0,1,0,0000000,99,99,99,99,88,88,0,0,0,1,1
12,120031,2,2,0,0,0,5,5,81,0,8,1,2012,1,20,25,0,3,3,SR-62,,99998,27.59553056,-82.27321111,0,12,6,0,1,1,0,1,2,1,0,1,0,0000000,99,99,99,99,99,99,0,0,0,2,2
12,120032,1,1,0,0,0,3,3,99,1560,8,1,2012,1,14,1,1,11,1,I-95,,99998,26.89181944,-80.13383611,0,30,0,0,1,1,1,4,1,1,0,1,0,0000000,99,99,99,99,99,99,0,0,0,3,0
12,120033,1,1,0,1,1,1,1,103,570,9,1,2012,2,18,14,0,14,3,SR-590,ORANGEVIEW AVENUE,99998,27.96811111,-82.7784,0,8,0,1,2,2,0,1,3,1,0,1,0,0000000,99,99,99,99,88,88,0,0,0,1,0
12,120034,1,1,0,0,0,1,1,121,0,8,1,2012,1,16,5,0,6,8,BASS ROAD,,0,30.26815556,-82.99821389,0,31,0,0,1,1,0,4,1,1,0,1,0,0000000,99,99,99,99,99,99,0,0,0,1,0
12,120035,1,1,0,0,0,1,1,11,663,9,1,2012,2,4,5,0,13,3,SR-823,,99998,26.06189444,-80.31358889,0,42,0,0,1,1,0,4,3,1,0,1,0,0000000,99,99,99,99,99,99,0,0,0,1,0
12,120036,1,1,0,1,1,1,1,101,0,9,1,2012,2,23,55,0,13,3,SR-56,SILVER MAPLE PARKWAY,99998,28.18708056,-82.37458889,0,8,0,0,2,2,0,1,2,1,0,1,0,0000000,0,1,0,8,88,88,0,0,0,1,0
12,120037,1,1,0,1,1,2,2,103,0,9,1,2012,2,5,58,0,13,3,SR-694,54TH AVE,99998,27.82091389,-82.72893611,0,8,0,0,3,2,0,1,3,1,0,1,0,0000000,99,99,99,99,99,99,0,0,0,1,0
12,120038,1,1,0,0,0,3,3,53,0,10,1,2012,3,18,58,0,6,4,CR-597,,0,28.5269,-82.63360556,0,42,0,0,1,1,0,5,2,1,0,1,0,0000000,99,99,99,99,99,99,0,0,0,2,0
12,120039,1,1,0,0,0,1,1,15,0,2,1,2012,2,5,0,0,3,3,SR-31,,99998,27.01838889,-81.76067222,0,32,0,0,1,1,0,4,2,5,0,5,0,0000000,99,99,99,99,88,88,0,0,0,1,1
12,120040,1,1,0,0,0,1,1,33,0,10,1,2012,3,20,7,1,11,1,I-10,,99998,30.51703611,-87.30572222,0,42,0,0,1,1,0,5,2,1,0,1,0,0000000,99,99,99,99,99,99,0,0,0,1,0
12,120041,1,1,0,1,1,3,3,57,0,10,1,2012,3,20,44,0,13,3,SR-574,,99998,27.99782778,-82.20597778,0,9,0,0,8,1,0,1,2,1,0,1,0,0000000,99,99,99,99,88,88,0,0,0,1,0
12,120042,2,2,0,0,0,2,2,99,290,10,1,2012,3,12,15,1,11,1,I-95,,99998,26.33863889,-80.11770556,0,25,0,0,1,1,0,3,1,1,0,1,0,0000000,99,99,99,99,99,99,0,0,0,1,0
12,120043,1,1,0,0,0,2,2,57,0,11,1,2012,4,13,38,0,13,2,US-301,,99998,27.86699167,-82.32647778,0,43,0,0,1,1,0,4,1,2,0,2,0,0000000,99,99,99,99,99,99,0,0,0,1,0
12,120044,1,1,0,0,0,1,1,99,290,11,1,2012,4,2,18,1,11,1,I-95,SR-807 RAMP,99998,26.42096389,-80.09040556,0,25,0,1,5,1,0,4,3,1,0,1,0,0000000,99,99,99,99,88,88,0,0,0,1,1
12,120045,1,1,0,1,1,1,1,101,0,11,1,2012,4,23,35,0,3,2,US-41,,99998,28.27051389,-82.48053611,0,8,0,0,1,1,0,1,3,10,0,10,0,0000000,23,36,23,44,88,88,0,0,0,1,0
12,120046,2,2,0,0,0,2,2,15,0,12,1,2012,5,14,29,0,3,3,SR-31,,99998,26.95936389,-81.76073611,0,12,2,0,1,1,0,1,1,1,0,1,0,0000000,99,99,99,99,88,88,0,0,0,1,0
12,120047,1,1,0,1,1,1,1,86,0,12,1,2012,5,23,11,1,13,3,SR-826,,99998,25.74491944,-80.32001389,0,8,0,0,1,1,4,1,3,1,0,1,0,0000000,99,99,99,99,99,99,0,0,0,1,0
12,120048,1,1,0,1,1,1,1,86,2010,12,1,2012,5,20,20,0,13,3,SR-976,,99998,25.73282222,-80.34536944,0,8,0,0,1,1,0,4,3,1,0,1,0,0000000,99,99,99,99,88,88,0,0,0,1,0
12,120049,1,1,0,0,0,1,1,27,0,12,1,2012,5,3,30,0,6,7,SW WELLS AVENUE,,0,27.15845556,-81.88181389,0,42,0,0,1,1,0,4,3,1,0,1,0,0000000,99,99,99,99,88,88,0,0,0,1,1
12,120050,3,3,0,0,0,3,3,85,0,12,1,2012,5,9,11,0,13,2,US-1,,99998,26.98839167,-80.09365556,0,12,6,0,8,1,0,1,1,1,0,1,0,0000000,99,99,99,99,99,99,0,0,0,1,0
12,120051,1,1,0,1,1,1,1,89,0,12,1,2012,5,6,55,0,6,8,CR-108,OWENS FARM RD,0,30.69609722,-81.72801111,0,8,0,0,2,3,0,1,2,1,0,1,0,0000000,99,99,99,99,88,88,0,0,0,1,0
12,120052,1,1,0,2,2,1,1,95,0,12,1,2012,5,13,10,0,13,3,SR-50,,99998,28.55263889,-81.44922222,0,8,0,0,1,1,0,4,1,1,0,1,0,0000000,99,99,99,99,99,99,0,0,0,1,0
12,120053,2,2,0,0,0,2,2,95,0,12,1,2012,5,13,36,0,6,5,ORANGEWOOD BLVD,SILENT BROCK DR,0,28.40089167,-81.44515556,0,12,6,0,2,2,0,1,1,1,0,1,0,0000000,99,99,99,99,99,99,0,0,0,1,0
12,120054,1,1,0,1,1,1,1,95,0,12,1,2012,5,18,51,0,13,2,US-441,,99998,28.45989444,-81.39809722,0,8,0,0,1,1,0,1,3,1,0,1,0,0000000,99,99,99,99,99,99,0,0,0,1,0
12,120055,2,2,0,0,0,3,3,103,570,12,1,2012,5,9,45,0,13,3,SR-60,BELCHER ROAD,99998,27.96046111,-82.74613333,0,12,6,0,2,2,0,1,1,1,0,1,0,0000000,99,99,99,99,99,99,0,0,0,1,0
12,120056,2,2,0,0,0,3,3,127,0,12,1,2012,5,21,5,0,2,3,SR-44,,99998,29.02447222,-81.12288611,0,12,2,0,1,1,0,1,2,1,0,1,0,0000000,99,99,99,99,99,99,0,0,0,2,1
12,120057,2,2,0,0,0,5,5,11,3193,13,1,2012,6,16,27,0,15,5,LAKE VIEW DRIVE,,99998,26.12285556,-80.38524444,0,12,2,0,1,1,0,1,1,1,0,1,0,0000000,99,99,99,99,99,99,0,0,0,1,0
12,120058,1,1,0,0,0,1,1,75,0,13,1,2012,6,0,0,0,6,8,CR-241,,0,29.47653611,-82.52326389,0,1,0,0,1,1,0,4,2,1,0,1,0,0000000,99,99,99,99,88,88,0,0,0,1,1
12,120059,4,4,0,0,0,6,6,81,0,13,1,2012,6,13,36,0,16,9,53RD AVENUE WEST,34TH STREET WEST,0,27.44780556,-82.59586667,0,12,6,0,2,2,0,1,1,1,0,1,0,0000000,99,99,99,99,99,99,0,0,0,1,0
12,120060,2,2,0,0,0,4,4,83,0,13,1,2012,6,21,45,0,6,8,CR-464,,0,29.11944722,-82.02848056,0,12,2,0,1,1,0,1,3,1,0,1,0,0000000,99,99,99,99,99,99,0,0,0,1,0
12,120061,2,2,0,0,0,2,2,87,1925,13,1,2012,6,11,35,1,13,2,US-1,,99998,24.73455833,-81.01417778,0,33,0,0,1,1,0,3,1,1,0,1,0,0000000,99,99,99,99,99,99,0,0,0,1,0
12,120062,1,1,0,1,1,1,1,101,0,13,1,2012,6,22,20,0,6,4,CR-41,,0,28.27017778,-82.20433889,0,9,0,0,1,1,0,1,2,1,0,1,0,0000000,22,24,22,34,88,88,0,0,0,1,0
12,120063,2,2,0,0,0,2,2,9,0,14,1,2012,7,12,30,1,11,1,I-95,,99998,28.33925556,-80.78106389,0,12,1,0,1,1,0,1,1,1,0,1,0,0000000,99,99,99,99,99,99,0,0,0,1,1
12,120064,1,1,0,1,1,1,1,11,2541,14,1,2012,7,23,47,0,6,8,N PINE ISLAND RD,,0,26.14938889,-80.26781389,0,8,0,0,1,1,0,1,3,1,0,1,0,0000000,99,99,99,99,99,99,0,0,0,1,0
12,120065,2,2,0,0,0,2,2,86,0,14,1,2012,7,6,40,1,2,3,SR-997,,99998,25.67011111,-80.48124167,0,12,1,0,1,1,0,1,4,10,0,10,0,0000000,99,99,99,99,88,88,0,0,0,1,0
12,120066,2,2,0,0,0,5,5,71,0,14,1,2012,7,19,15,0,13,2,US-41,LAKE FAIRWAYS BLVD,99998,26.74589722,-81.91820556,0,12,6,0,2,2,0,1,3,1,0,1,0,0000000,99,99,99,99,99,99,0,0,0,1,0
12,120067,1,1,0,0,0,1,1,89,0,14,1,2012,7,21,7,0,6,8,CR-108,,0,30.55909167,-81.91579444,0,34,0,0,1,1,0,4,2,10,0,10,0,0000000,99,99,99,99,88,88,0,0,0,1,1
12,120068,1,1,0,0,0,1,1,109,0,14,1,2012,7,17,10,0,6,8,BELMONT DR,,0,30.02680556,-81.60465833,0,1,0,0,1,1,0,4,1,1,0,1,0,0000000,99,99,99,99,99,99,0,0,0,1,1
12,120069,1,1,0,1,1,3,3,39,0,15,1,2012,1,22,0,0,14,2,US-90,,99998,30.58438333,-84.61365278,0,8,0,0,1,1,0,1,3,1,0,1,0,0000000,99,99,99,99,88,88,0,0,0,1,0
12,120070,2,2,0,1,1,2,2,57,0,15,1,2012,1,4,15,1,11,1,I-75,,99998,28.03783056,-82.34929444,0,12,6,0,1,1,0,1,3,5,0,5,0,0000000,99,99,99,99,99,99,19,0,0,1,0
12,120071,1,1,0,0,0,1,1,83,0,15,1,2012,1,2,0,0,6,8,SW 60 AVENUE,,0,29.12408889,-82.21840278,0,43,0,0,1,1,0,4,2,1,0,1,0,0000000,99,99,99,99,88,88,0,0,0,1,0
12,120072,1,1,0,0,0,1,1,95,0,15,1,2012,1,1,21,0,6,5,WEKIWA SPRINGS ROAD,,0,28.69843056,-81.46791944,0,35,0,0,1,1,0,4,3,1,0,1,0,0000000,99,99,99,99,88,88,0,0,0,1,1
12,120073,1,1,0,0,0,1,1,95,0,15,1,2012,1,3,20,0,6,4,CR-535,,0,28.391125,-81.51969167,0,42,0,0,1,1,0,3,2,1,0,1,0,0000000,99,99,99,99,99,99,0,0,0,1,1
12,120074,1,1,0,1,1,4,4,95,0,15,1,2012,1,19,10,0,13,3,SR-50,,99998,28.55516944,-81.31522222,0,9,0,0,1,1,0,1,3,1,0,1,0,0000000,99,99,99,99,99,99,0,0,0,1,0
12,120075,1,1,0,0,0,1,1,103,2730,15,1,2012,1,1,0,1,11,1,I-275,,99998,27.87229167,-82.66451667,0,24,0,0,1,1,0,4,3,1,0,1,0,0000000,99,99,99,99,99,99,0,0,0,1,1
12,120076,2,2,0,0,0,3,3,115,0,15,1,2012,1,9,57,0,13,2,US-41,,99998,27.05987222,-82.41482222,0,42,0,0,1,1,0,3,1,1,0,1,0,0000000,99,99,99,99,99,99,14,0,0,1,0
12,120077,1,1,0,0,0,1,1,57,0,16,1,2012,2,2,52,1,11,1,I-75,,99998,27.65407222,-82.43959444,0,1,0,0,1,1,0,3,2,1,0,1,0,0000000,99,99,99,99,99,99,0,0,0,1,0
12,120078,2,2,0,0,0,3,3,69,0,16,1,2012,2,8,58,1,13,2,US-27,CR-561,99998,28.62061389,-81.76025278,0,12,1,0,3,2,0,1,1,1,0,1,0,0000000,99,99,99,99,99,99,0,0,0,1,0
12,120079,1,1,0,1,1,1,1,107,2420,16,1,2012,2,18,15,0,16,6,WASHINGTON STREET,18TH STREET,0,29.65684167,-81.64612222,0,9,0,0,2,2,0,1,5,1,0,1,0,0000000,99,99,99,99,99,99,0,0,0,1,1
12,120080,1,1,0,0,0,3,3,127,0,16,1,2012,2,20,45,1,11,1,I-95,,99998,29.37816944,-81.14429444,0,18,0,0,1,1,0,1,2,1,0,1,0,0000000,99,99,99,99,99,99,0,0,0,1,0
12,120081,1,1,0,0,0,1,1,86,2010,17,1,2012,3,1,10,1,12,3,SR-836,,99998,25.78274167,-80.23164722,0,25,0,0,1,1,0,3,3,1,0,1,0,0000000,99,99,99,99,99,99,0,0,0,1,0
12,120082,1,1,0,1,1,1,1,105,1690,17,1,2012,3,12,0,0,16,6,W BEACON ROAD,EDEN PKWY,0,28.01861389,-81.963325,0,8,0,0,2,2,0,1,1,1,0,1,1,0000000,99,99,99,99,99,99,0,0,0,1,0
12,120084,1,1,0,0,0,2,2,1,0,18,1,2012,4,15,30,1,11,1,I-75,,99998,29.67063056,-82.42836944,0,34,0,0,1,1,0,4,1,2,0,2,0,0000000,99,99,99,99,99,99,0,0,0,1,0
12,120085,2,2,0,0,0,2,2,33,0,18,1,2012,4,16,20,0,13,3,SR-295,MARTHA AVENUE,99998,30.42385278,-87.27464444,0,12,6,0,2,2,0,1,1,1,0,1,0,0000000,99,99,99,99,99,99,0,0,0,1,0
12,120086,1,1,0,0,0,1,1,9,0,18,1,2012,4,1,1,1,11,1,I-95,,99998,28.14904444,-80.70594722,0,24,0,0,1,1,4,4,2,1,0,1,0,0000000,99,99,99,99,88,88,0,0,0,1,0
12,120087,2,2,0,0,0,2,2,57,0,18,1,2012,4,6,8,0,13,2,US-41,34TH STREET,99998,27.91732778,-82.40188611,0,12,6,0,2,3,0,1,4,1,0,1,0,0000000,99,99,99,99,88,88,0,0,0,1,0
12,120088,1,1,0,1,1,1,1,21,0,19,1,2012,5,11,0,0,13,2,US-41,WHISTLERS COVE CIR,99998,26.07788056,-81.72124722,0,8,0,0,3,2,0,1,1,1,0,1,0,0000000,99,99,99,99,99,99,0,0,0,1,0
12,120090,1,1,0,1,1,4,4,95,0,19,1,2012,5,8,29,9,6,9,DANIEL MASON AVE,GEORGE MASON AVE,0,28.58370556,-81.28815278,0,8,0,0,3,2,0,1,1,1,0,1,0,0000000,99,99,99,99,99,99,0,0,0,1,0
12,120091,1,1,0,1,1,1,1,31,110,20,1,2012,6,2,5,1,13,3,SR-A1A,,99998,30.35378056,-81.41363889,0,8,0,0,1,1,0,1,3,1,0,1,0,0000000,99,99,99,99,88,88,0,0,0,1,0
12,120092,1,1,0,1,1,1,1,5,2451,20,1,2012,6,4,5,0,16,6,SOUTH THOMAS DRIVE,,0,30.17290556,-85.79883056,0,8,0,0,1,1,1,1,2,1,0,1,0,0000000,99,99,99,99,88,88,0,0,0,1,0
12,120093,1,1,0,0,0,1,1,99,0,21,1,2012,7,0,40,0,6,5,81ST LANE,16218 81ST LANE NORTH,0,26.79654167,-80.29788333,0,1,0,0,1,1,0,5,2,1,0,1,0,0000000,99,99,99,99,88,88,0,0,0,1,1
12,120094,1,1,0,0,0,1,1,86,0,21,1,2012,7,3,48,1,13,3,SR-826 RAMP,,99998,25.82753889,-80.32243333,0,24,0,1,5,1,0,4,3,1,0,1,0,0000000,99,99,99,99,88,88,0,0,0,1,0
12,120095,2,2,0,0,0,3,3,29,0,21,1,2012,7,7,0,0,3,3,SR-349,,99998,29.76264444,-82.98149722,0,12,2,0,1,1,0,1,1,1,0,1,0,0000000,99,99,99,99,99,99,0,0,0,1,1
12,120096,1,1,0,2,2,1,1,73,0,21,1,2012,7,22,44,0,2,3,SR-20,,99998,30.43707778,-84.51430556,0,8,0,0,1,1,0,1,2,10,0,10,0,0000000,99,99,99,99,88,88,0,0,0,2,0
12,120097,1,1,0,0,0,4,4,79,0,21,1,2012,7,23,54,1,1,1,I-10,,99998,30.40543333,-83.3982,0,42,0,0,1,1,0,4,2,10,0,10,0,0000000,99,99,99,99,99,99,0,0,0,1,0
12,120099,2,2,0,0,0,2,2,95,0,21,1,2012,7,13,30,0,6,4,CR-423,,0,28.401625,-81.42498333,0,1,0,0,1,1,0,3,1,1,0,1,0,0000000,99,99,99,99,99,99,0,0,0,1,0
12,120100,1,1,0,0,0,1,1,95,0,21,1,2012,7,14,55,0,6,5,LAKE UNDERHILL ROAD,,0,28.52961667,-81.57943056,0,42,0,0,1,1,0,4,1,1,0,1,0,0000000,99,99,99,99,99,99,0,0,0,1,0
12,120101,1,1,0,0,0,1,1,107,0,21,1,2012,7,21,50,0,3,3,SR-19,,99998,29.45442778,-81.73818889,0,42,0,0,1,1,0,4,2,1,0,1,0,0000000,99,99,99,99,88,88,0,0,0,1,1
12,120102,1,1,0,0,0,4,4,109,0,21,1,2012,7,2,50,0,3,3,SR-A1A,,99998,30.15706944,-81.35583056,0,42,0,0,1,1,0,4,2,1,0,1,0,0000000,2,54,3,3,99,99,0,0,0,2,1
12,120103,2,2,0,0,0,7,7,9,0,22,1,2012,1,15,43,0,13,3,SR-520,FRIDAY ROAD,99998,28.36001944,-80.80475833,0,12,6,0,2,2,0,1,1,1,0,1,0,0000000,99,99,99,99,99,99,0,0,0,1,0
12,120104,1,1,0,1,1,1,1,23,0,22,1,2012,1,19,55,1,13,2,US-441,,99998,30.24718333,-82.63826667,0,8,0,0,1,1,0,1,2,10,0,10,0,0000000,99,99,99,99,88,88,0,0,0,1,0
12,120105,2,2,0,0,0,2,2,87,1568,22,1,2012,1,18,25,1,13,2,US-1,,99998,25.16636389,-80.37833611,0,12,2,0,1,1,0,1,5,1,0,1,0,0000000,99,99,99,99,99,99,0,0,0,2,1
12,120106,1,1,0,0,0,1,1,33,0,22,1,2012,1,9,0,0,14,2,US-90,US-90,99998,30.50586111,-87.16376111,0,42,0,0,3,3,0,5,1,5,0,5,0,0000000,99,99,99,99,99,99,0,0,0,1,0
12,120108,3,3,0,0,0,3,3,65,0,22,1,2012,1,20,18,1,1,1,I-10,,99998,30.48841389,-84.02276111,0,12,1,0,1,1,0,1,2,1,0,1,0,0000000,99,99,99,99,99,99,0,0,0,1,1
12,120109,3,1,2,0,0,1,1,95,0,22,1,2012,1,10,59,0,6,5,ANTIGUA BAY DRIVE,,0,28.36618333,-81.350975,0,14,0,0,8,1,0,2,1,1,0,1,0,0000000,99,99,99,99,99,99,0,0,0,1,0
12,120110,1,1,0,0,0,1,1,101,0,22,1,2012,1,18,10,0,6,5,CONNERTON BLVD,PARK BENCH COURT,0,28.28710278,-82.46746667,0,33,0,0,3,6,0,3,3,1,0,1,0,0000000,18,11,18,18,99,99,0,0,0,1,1
12,120111,1,1,0,0,0,2,2,123,0,22,1,2012,1,23,11,1,13,2,US-98,,99998,30.142875,-83.82786111,0,1,0,0,1,1,0,4,2,5,0,5,0,0000000,99,99,99,99,99,99,0,0,0,1,1
12,120112,2,2,0,0,0,4,4,86,2010,23,1,2012,2,6,17,0,16,6,NW 12TH AVENUE,NW 46TH STREET,0,25.81725556,-80.217025,0,12,6,0,2,2,0,1,3,1,0,1,0,0000000,99,99,99,99,99,99,0,0,0,1,0
12,120113,2,2,0,0,0,4,4,11,2570,24,1,2012,3,0,35,0,13,3,SR-814,I-95 RAMP,99998,26.23142222,-80.13539167,0,12,6,1,2,3,0,1,3,10,0,10,0,0000000,99,99,99,99,99,99,0,0,0,1,2
12,120114,1,1,0,0,0,2,2,45,0,24,1,2012,3,2,0,0,6,8,CR-30,,0,29.71475833,-85.30271667,0,1,0,0,1,1,0,4,2,10,0,10,0,0000000,99,99,99,99,88,88,0,0,0,2,1
12,120116,2,2,0,0,0,2,2,101,0,24,1,2012,3,18,49,0,14,2,US-19,CARILLON STREET,99998,28.18061944,-82.74229444,0,12,6,0,2,3,0,1,2,1,0,1,0,0000000,18,49,18,54,99,99,0,0,0,1,0
12,120117,2,2,0,0,0,2,2,115,0,24,1,2012,3,10,15,0,6,8,17TH STREET,,0,27.35236111,-82.50567222,0,12,6,0,8,1,0,1,1,1,0,1,0,0000000,99,99,99,99,99,99,0,0,0,1,0
12,120118,2,2,0,0,0,3,3,97,0,25,1,2012,4,12,53,1,2,2,US-192,CR-532,99998,28.24391111,-81.22263611,0,12,6,0,2,3,0,1,1,1,0,1,0,0000000,99,99,99,99,99,99,0,0,0,1,0
12,120119,1,1,0,1,1,1,1,127,780,25,1,2012,4,18,49,1,13,2,US-92,THAMES AVE,99998,29.17907778,-81.08053889,0,8,0,0,3,3,0,1,3,1,0,1,0,0000000,99,99,99,99,88,88,0,0,0,1,0
12,120120,2,2,0,0,0,3,3,103,0,25,1,2012,4,22,35,0,15,6,CR-694 (PARK BLVD),,99998,27.83902222,-82.74324444,0,1,0,0,1,1,0,1,3,1,0,1,0,0000000,99,99,99,99,88,88,0,0,0,1,1
12,120121,2,2,0,0,0,3,3,101,0,25,1,2012,4,17,30,1,11,1,I-275,,99998,28.17415556,-82.39237222,0,18,0,1,5,1,0,8,1,1,0,1,0,0000000,17,34,17,54,99,99,14,0,0,1,0
12,120122,1,1,0,1,1,1,1,3,0,26,1,2012,5,18,25,0,6,4,CR-127,,0,30.38286944,-82.23221389,0,8,0,0,8,1,0,1,5,1,0,1,0,0000000,99,99,99,99,88,88,0,0,0,1,0
12,120123,2,2,0,0,0,2,2,57,0,26,1,2012,5,9,47,0,6,5,SHELDON ROAD,SHELDON WEST DRIVE,0,28.05632222,-82.58272778,0,12,6,0,2,3,0,1,1,1,0,1,0,0000000,99,99,99,99,99,99,0,0,0,1,0
12,120124,2,2,0,0,0,2,2,71,0,26,1,2012,5,14,0,0,3,2,US-41,AVENIDA DEL VERA,99998,26.76692778,-81.92941111,0,12,6,1,2,3,0,1,1,1,0,1,0,0000000,13,56,14,2,99,99,0,0,0,1,0
12,120125,3,1,2,1,2,1,2,127,0,26,1,2012,5,4,10,1,11,1,I-4,,99998,28.9619,-81.25536111,0,14,0,0,1,1,0,4,2,5,0,5,0,0000000,99,99,99,99,99,99,23,0,0,1,0
12,120126,1,1,0,2,2,1,1,127,0,26,1,2012,5,19,3,0,6,8,GRAND AVENUE,,0,29.11812778,-81.35393333,0,8,0,0,1,1,0,1,2,1,0,1,0,0000000,99,99,99,99,99,99,0,0,0,1,0
12,120128,2,2,0,0,0,2,2,86,0,27,1,2012,6,16,13,1,11,1,I-75,,99998,25.92009444,-80.35030556,0,12,2,0,1,1,0,1,1,10,0,10,0,0000000,99,99,99,99,99,99,0,0,0,1,0
12,120129,2,2,0,0,0,4,4,21,0,27,1,2012,6,5,18,1,11,1,I-75,,99998,26.29398056,-81.74313611,0,12,1,0,1,1,0,1,2,1,0,1,0,0000000,99,99,99,99,99,99,0,0,0,1,0
12,120130,1,1,0,0,0,2,2,21,0,27,1,2012,6,13,45,0,13,2,US-41,,99998,25.85679444,-81.03261111,0,41,0,0,1,1,0,4,1,1,0,1,0,0000000,99,99,99,99,99,99,0,0,0,1,0
12,120131,2,2,0,0,0,3,3,83,0,27,1,2012,6,19,0,1,2,3,SR-40,183RD AVE RD,99998,29.17191111,-81.85019444,0,12,2,0,2,3,0,1,2,1,0,1,0,0000000,99,99,99,99,99,99,0,0,0,1,0
12,120132,1,1,0,1,1,1,1,99,2446,27,1,2012,6,9,0,0,13,3,SR-807,,99998,26.620075,-80.08904722,0,8,0,0,1,1,0,1,1,10,0,10,0,0000000,99,99,99,99,99,99,0,0,0,1,0
12,120133,1,1,0,1,1,2,2,33,0,28,1,2012,7,21,25,1,13,2,US-29,,99998,30.52794167,-87.27536389,0,8,0,0,1,1,0,1,2,1,0,1,0,0000000,99,99,99,99,88,88,0,0,0,1,0
12,120134,1,1,0,0,0,1,1,1,0,28,1,2012,7,14,55,1,1,1,I-75,,99998,29.8428,-82.60121389,0,42,0,0,1,1,0,5,1,1,0,1,0,0000000,99,99,99,99,88,88,0,0,0,1,0
12,120135,6,6,0,0,0,10,10,1,0,29,1,2012,1,4,1,1,1,1,I-75,,99998,29.52238889,-82.30963056,0,12,1,0,1,1,0,1,2,5,0,5,0,0000000,99,99,99,99,99,99,0,0,0,4,1
12,120136,1,1,0,0,0,1,1,127,0,29,1,2012,1,1,50,1,11,1,I-4,,99998,29.01440833,-81.23511389,0,1,0,1,5,1,0,4,2,1,0,1,0,0000000,99,99,99,99,88,88,0,0,0,1,1
12,120137,2,2,0,0,0,2,2,9,2005,29,1,2012,1,2,32,1,12,3,SR-528,,99998,28.40542222,-80.69306944,0,12,2,0,1,1,0,1,2,1,0,1,0,0000000,99,99,99,99,99,99,0,0,0,1,1
12,120138,1,1,0,0,0,1,1,19,0,29,1,2012,1,13,47,0,6,5,OLD HARD ROAD,,0,30.10118333,-81.73823889,0,42,0,0,1,1,0,5,1,10,0,10,0,0000000,99,99,99,99,99,99,0,0,0,1,0
12,120139,1,1,0,1,1,1,1,86,125,30,1,2012,2,18,34,0,16,6,YACHT CLUB WAY,,0,25.95600278,-80.12947778,0,9,0,0,1,1,0,1,5,1,0,1,0,0000000,99,99,99,99,99,99,0,0,0,1,0
12,120140,1,1,0,0,0,1,1,99,2446,30,1,2012,2,0,18,0,13,3,SR-882 (FOREST HILL BLVD),,99998,26.65154167,-80.10580278,0,30,0,0,1,1,0,4,3,1,0,1,0,0000000,99,99,99,99,99,99,0,0,0,1,1
12,120141,1,1,0,0,0,1,1,103,0,30,1,2012,2,10,12,0,6,5,LAKEVIEW ROAD,,0,27.94971111,-82.75946944,0,42,0,0,1,1,0,4,1,10,0,10,0,0000000,99,99,99,99,88,88,0,0,0,1,0
12,120142,1,1,0,0,0,3,3,11,2468,31,1,2012,3,0,54,1,13,2,US-27,,99998,26.01566667,-80.432575,0,5,0,0,1,1,0,1,3,1,0,1,0,0000000,99,99,99,99,88,88,0,0,0,1,1
12,120143,2,2,0,0,0,4,4,31,0,31,1,2012,3,21,40,1,13,2,US-301,SR-228,99998,30.20348056,-82.01385,0,12,6,0,2,3,0,1,3,1,0,1,0,0000000,99,99,99,99,99,99,0,0,0,3,0
12,120144,2,2,0,0,0,2,2,75,540,31,1,2012,3,5,19,1,2,2,US-19,,99998,29.51608056,-82.87897778,0,12,2,0,1,1,0,1,2,1,0,1,0,0000000,99,99,99,99,99,99,0,0,0,1,1
12,120145,1,1,0,1,1,1,1,75,0,31,1,2012,3,22,19,0,3,2,US-41,,99998,29.23121944,-82.44101389,0,8,0,0,1,1,0,1,2,10,0,10,0,0000000,99,99,99,99,88,88,0,0,0,1,0
12,120146,1,1,0,0,0,1,1,115,0,1,2,2012,4,2,50,0,6,8,WEBBER ST,,0,27.30834722,-82.50162222,0,42,0,0,1,1,0,3,3,1,0,1,0,0000000,99,99,99,99,88,88,0,0,0,1,1
12,120147,1,1,0,1,1,2,2,69,0,1,2,2012,4,19,30,0,6,4,CR-473,,0,28.83571667,-81.773375,0,9,0,0,1,1,0,1,2,1,0,1,0,0000000,99,99,99,99,99,99,0,0,0,1,0
12,120148,1,1,0,1,1,2,2,5,0,1,2,2012,4,22,25,1,2,2,US-231,,99998,30.43563056,-85.42723056,0,9,0,0,1,1,0,1,2,2,0,2,0,0000000,99,99,99,99,88,88,0,0,0,1,1
12,120149,1,1,0,1,1,1,1,57,0,2,2,2012,5,22,2,0,13,3,SR-574,,99998,27.98116944,-82.32003889,0,8,0,0,1,1,0,1,2,1,0,1,0,0000000,99,99,99,99,88,88,0,0,0,1,0