STATE,ST_CASE,VE_TOTAL,VE_FORMS,PVH_INVL,PEDS,PERNOTMVIT,PERMVIT,PERSONS,COUNTY,CITY,DAY,MONTH,YEAR,DAY_WEEK,HOUR,MINUTE,NHS,ROAD_FNC,ROUTE,TWAY_ID,TWAY_ID2,MILEPT,LATITUDE,LONGITUD,SP_JUR,HARM_EV,MAN_COLL,RELJCT1,RELJCT2,TYP_INT,WRK_ZONE,REL_ROAD,LGT_COND,WEATHER1,WEATHER2,WEATHER,SCH_BUS,RAIL,NOT_HOUR,NOT_MIN,ARR_HOUR,ARR_MIN,HOSP_HR,HOSP_MN,CF1,CF2,CF3,FATALS,DRUNK_DR
12,120150,1,1,0,0,0,1,1,101,0,2,2,2012,5,3,29,1,12,3,SR-589,,99998,28.17926111,-82.53759167,0,23,0,0,1,1,0,4,2,1,0,1,0,0000000,99,99,99,99,99,99,0,0,0,1,1
12,120151,1,1,0,1,1,1,1,127,2340,2,2,2012,5,6,45,0,13,2,US-17,OHIO AVE,99998,28.93944444,-81.29888889,0,8,0,0,3,2,0,1,2,1,0,1,0,0000000,99,99,99,99,88,88,0,0,0,1,0
12,120152,1,1,0,0,0,1,1,45,0,2,2,2012,5,22,55,0,3,3,SR-71,,99998,30.05268056,-85.18804444,0,30,0,0,1,1,0,4,2,10,0,10,0,0000000,99,99,99,99,88,88,0,0,0,1,1
12,120153,1,1,0,0,0,1,1,86,0,4,2,2012,7,19,1,0,6,8,WB IVES DAIRY ROAD,,0,25.96496111,-80.17441667,0,25,0,0,1,1,0,3,5,1,0,1,0,0000000,99,99,99,99,88,88,0,0,0,1,0
12,120154,2,2,0,0,0,5,5,57,0,4,2,2012,7,18,27,0,6,5,WEST LAKE DRIVE,,0,27.68758611,-82.31871111,0,12,2,0,1,1,0,1,5,1,0,1,0,0000000,99,99,99,99,99,99,0,0,0,1,1
12,120155,3,3,0,0,0,10,10,101,0,5,2,2012,1,10,50,0,13,3,SR-54,,99998,28.21910556,-82.26165833,0,12,1,0,1,1,0,1,1,10,0,10,0,0000000,10,53,10,58,99,99,0,0,0,3,0
12,120156,1,1,0,0,0,1,1,85,0,5,2,2012,1,2,48,0,13,2,US-1,,99998,27.04196944,-80.11480833,0,1,0,0,1,1,0,3,2,10,0,10,0,0000000,99,99,99,99,88,88,0,0,0,1,1
12,120157,1,1,0,0,0,1,1,86,0,5,2,2012,1,4,50,1,12,3,SR-836,,99998,25.76683889,-80.3854,0,24,0,1,5,1,0,4,3,10,0,10,0,0000000,99,99,99,99,88,88,0,0,0,1,0
12,120158,1,1,0,0,0,1,1,86,2025,3,1,2012,3,23,25,0,16,6,NW 67TH AVENUE,,0,25.93245,-80.30954167,0,42,0,0,1,1,0,4,3,1,0,1,0,0000000,99,99,99,99,88,88,0,0,0,1,0
12,120159,1,1,0,0,0,2,2,101,0,5,2,2012,1,20,6,0,13,2,US-98,,99998,28.43655556,-82.190975,0,1,0,0,1,1,0,3,2,1,0,1,0,0000000,99,99,99,99,99,99,0,0,0,1,0
12,120160,1,1,0,1,1,2,2,55,0,6,2,2012,2,18,35,0,6,6,HIGHLANDS BLVD,,0,27.22478056,-81.30808611,0,8,0,0,1,1,0,1,2,1,0,1,0,0000000,99,99,99,99,99,99,0,0,0,1,0
12,120161,2,2,0,0,0,3,3,111,0,6,2,2012,2,13,45,0,14,5,INDIAN RIVER DRIVE,,99998,27.30499167,-80.25768333,0,31,0,0,1,1,0,4,1,10,0,10,0,0000000,99,99,99,99,99,99,0,0,0,1,1
12,120162,2,2,0,0,0,3,3,107,0,7,2,2012,3,9,28,1,2,3,SR-20,,99998,29.60688611,-82.029225,0,12,2,0,1,1,0,1,1,10,0,10,0,0000000,99,99,99,99,99,99,0,0,0,1,1
12,120163,1,1,0,1,1,1,1,71,0,7,2,2012,3,19,27,0,14,3,SR-865,,99998,26.51148611,-81.9437,0,8,0,0,1,1,0,1,2,1,0,1,0,0000000,99,99,99,99,99,99,0,0,0,1,0
12,120164,3,3,0,0,0,3,3,15,0,7,2,2012,3,16,29,0,13,2,US-41,PORT CHARLOTTE BLVD,99998,26.987625,-82.10619722,0,59,0,0,3,2,0,4,1,10,0,10,0,0000000,99,99,99,99,99,99,14,0,0,1,1
12,120165,2,2,0,0,0,2,2,11,2570,7,2,2012,3,21,15,0,13,3,SR-814,21ST AVE,99998,26.23129444,-80.15664444,0,12,6,0,2,2,0,1,3,10,0,10,0,0000000,99,99,99,99,99,99,0,0,0,1,0
12,120166,1,1,0,0,0,1,1,1,0,7,2,2012,3,7,50,1,1,1,I-75,,99998,29.55860556,-82.34517778,0,42,0,0,1,1,0,5,2,1,0,1,0,0000000,99,99,99,99,88,88,0,0,0,1,0
12,120167,2,2,0,0,0,2,2,17,0,8,2,2012,4,6,15,0,2,3,SR-200,CR-39,99998,28.98704722,-82.35128333,0,12,6,0,2,3,0,1,3,10,0,10,0,0000000,99,99,99,99,88,88,0,0,0,1,0
12,120168,2,2,0,0,0,6,6,21,0,8,2,2012,4,15,45,0,13,2,US-41,SR-29,99998,25.91094722,-81.36473056,0,12,6,0,2,2,0,1,1,1,0,1,0,0000000,99,99,99,99,99,99,0,0,0,4,0
12,120169,2,2,0,0,0,2,2,85,0,8,2,2012,4,6,13,1,2,3,SR-710,SR-76,99998,27.00828056,-80.44912222,0,12,6,1,2,3,0,1,2,1,0,1,0,0000000,99,99,99,99,88,88,0,0,0,1,0
12,120170,1,1,0,0,0,1,1,51,0,9,2,2012,5,16,55,0,6,6,ARKANSAS AVENUE,,0,26.72984167,-80.94790556,0,18,0,0,1,1,0,1,1,1,0,1,0,0000000,99,99,99,99,99,99,0,0,0,1,0
12,120171,1,1,0,1,1,1,1,21,0,9,2,2012,5,5,43,0,6,8,WHITE BLVD,,0,26.21258889,-81.66891111,0,8,0,0,1,1,0,1,2,1,0,1,0,0000000,99,99,99,99,88,88,0,0,0,1,0
12,120172,2,2,0,0,0,2,2,11,3193,9,2,2012,5,2,6,1,11,1,I-75,,99998,26.12068889,-80.35185556,0,12,1,0,1,1,0,1,3,1,0,1,0,0000000,99,99,99,99,99,99,0,0,0,1,0
12,120173,2,2,0,0,0,4,4,39,0,10,2,2012,6,17,5,0,6,8,CR-268,,0,30.54686111,-84.56319167,0,12,6,0,1,1,0,1,1,10,0,10,0,0000000,99,99,99,99,99,99,0,0,0,1,1
12,120174,1,1,0,0,0,5,5,127,780,10,2,2012,6,8,32,0,16,6,MARTIN LUTHER KING BLVD,,0,29.20416667,-81.02615833,0,30,0,0,1,1,0,4,1,1,0,1,0,0000000,99,99,99,99,99,99,0,0,0,1,0
12,120175,1,1,0,1,1,2,2,71,0,10,2,2012,6,12,59,0,13,2,US-41,JAMAICA BAY BLVD,99998,26.52172222,-81.869625,0,8,0,0,3,2,0,1,1,1,0,1,0,0000000,99,99,99,99,88,88,0,0,0,1,0
12,120176,3,3,0,0,0,4,4,33,0,10,2,2012,6,19,15,1,11,1,I-10,,99998,30.51339444,-87.29850278,0,12,7,0,1,1,0,1,2,10,0,10,0,0000000,99,99,99,99,99,99,0,0,0,1,0
12,120177,2,2,0,1,1,2,2,103,0,10,2,2012,6,2,57,0,13,2,US-92,BRIGHTON BAY BLVD,99998,27.86706111,-82.62720833,0,8,0,0,3,2,0,1,3,1,0,1,0,0000000,99,99,99,99,99,99,0,0,0,1,0
12,120178,3,3,0,0,0,6,6,95,2360,11,2,2012,7,19,25,0,6,5,KIRKMAN ROAD,MAJOR BLVD,0,28.47795833,-81.45893611,0,12,6,0,2,2,0,1,3,1,0,1,0,0000000,99,99,99,99,99,99,0,0,0,1,0
12,120179,1,1,0,0,0,1,1,103,0,11,2,2012,7,21,18,0,6,6,16TH AVENUE SE,,0,27.90195278,-82.78155833,0,1,0,0,1,1,0,4,2,1,0,1,0,0000000,99,99,99,99,88,88,0,0,0,1,1
12,120181,1,1,0,0,0,5,5,83,0,11,2,2012,7,2,19,0,6,5,MARICAMP ROAD,MIDWAY ROAD,0,29.11831111,-82.02736944,0,42,0,0,3,2,0,4,3,2,0,2,0,0000000,99,99,99,99,99,99,0,0,0,3,1
12,120182,2,2,0,0,0,5,5,95,2360,11,2,2012,7,22,59,0,16,6,BUMBY AVE,SR-552,0,28.52416944,-81.35167778,0,12,2,0,2,2,0,1,3,1,0,1,0,0000000,99,99,99,99,99,99,0,0,0,1,0
12,120183,1,1,0,0,0,2,2,111,0,11,2,2012,7,19,59,0,14,3,SR-A1A,,99998,27.35891389,-80.24732778,0,42,0,0,1,1,0,4,2,1,0,1,0,0000000,99,99,99,99,99,99,0,0,0,1,1
12,120184,1,1,0,0,0,2,2,115,2235,11,2,2012,7,12,25,1,11,1,I-75,,99998,27.09886944,-82.14774722,0,42,0,0,1,1,0,3,1,10,0,10,0,0000000,99,99,99,99,99,99,0,0,0,2,0
12,120185,1,1,0,0,0,1,1,117,0,11,2,2012,7,0,40,0,2,3,SR-46,,99998,28.76839444,-81.15422222,0,42,0,0,1,1,0,4,2,2,0,2,0,0000000,99,99,99,99,88,88,0,0,0,1,1
12,120186,2,2,0,0,0,3,3,121,0,11,2,2012,7,16,30,0,3,2,US-129,110TH STREET,99998,30.25013333,-82.98805556,0,12,6,0,2,3,0,1,1,1,0,1,0,0000000,99,99,99,99,88,88,0,0,0,1,2
12,120187,1,1,0,0,0,1,1,11,0,12,2,2012,1,16,30,0,13,3,SR-838,FLORIDAS,99998,26.15728333,-80.19011944,0,35,0,1,5,1,0,4,1,1,0,1,0,0000000,99,99,99,99,99,99,0,0,0,1,0
12,120188,2,2,0,0,0,3,3,86,0,12,2,2012,1,3,45,0,14,3,SR-860,NE 6TH AVENUE,99998,25.94144167,-80.18859444,0,12,6,1,2,2,0,1,3,1,0,1,0,0000000,99,99,99,99,88,88,0,0,0,2,1
12,120189,2,2,0,0,0,2,2,5,2450,13,2,2012,2,0,38,0,13,2,US-98,,99998,30.18825833,-85.74423611,0,12,2,0,1,1,1,1,3,1,0,1,0,0000000,99,99,99,99,99,99,0,0,0,1,2
12,120190,1,1,0,1,1,1,1,57,0,13,2,2012,2,13,59,0,13,2,US-41,14TH AVENUE,99998,27.70602778,-82.43587778,0,9,0,0,2,2,0,1,1,1,0,1,0,0000000,99,99,99,99,88,88,0,0,0,1,0
12,120191,1,1,0,0,0,1,1,121,0,13,2,2012,2,10,30,1,1,1,I-75,,99998,30.33260278,-82.82159722,0,35,0,0,1,1,0,4,1,1,0,1,0,0000000,99,99,99,99,88,88,0,0,0,1,0
12,120192,1,1,0,1,1,1,1,86,2010,16,2,2012,5,11,27,0,14,2,US-27,NW 36TH STREET,99998,25.80953611,-80.22388056,0,8,0,0,2,2,0,1,1,1,0,1,0,0000000,99,99,99,99,99,99,0,0,0,1,0
12,120193,2,1,1,3,3,1,1,9,0,16,2,2012,5,11,40,0,13,2,US-1,SR-404,99998,28.20266944,-80.66100278,0,14,0,1,19,1,4,2,1,1,0,1,0,0000000,99,99,99,99,99,99,0,0,0,1,0
12,120194,1,1,0,1,1,1,1,57,0,16,2,2012,5,22,0,0,13,2,US-92,,99998,28.02016667,-82.17141944,0,8,0,0,1,1,0,1,2,1,0,1,0,0000000,99,99,99,99,88,88,0,0,0,1,0
12,120195,2,1,1,1,1,1,1,83,0,16,2,2012,5,15,35,1,11,1,I-75,,99998,29.17155278,-82.18510556,0,8,0,0,1,1,0,2,1,1,0,1,0,0000000,99,99,99,99,99,99,23,0,0,1,0
12,120196,1,1,0,0,0,2,2,113,0,16,2,2012,5,1,24,0,6,8,BELL LANE,,0,30.58375278,-87.11160556,0,42,0,0,1,1,0,4,2,2,0,2,0,0000000,99,99,99,99,88,88,0,0,0,2,1
12,120197,3,3,0,0,0,4,4,5,0,17,2,2012,6,13,19,0,6,4,CR-3031,CR-3030,0,30.17471944,-85.67569167,0,12,2,0,2,2,0,1,1,1,0,1,0,0000000,99,99,99,99,99,99,0,0,0,1,0
12,120198,1,1,0,1,1,2,2,51,0,17,2,2012,6,19,9,0,6,8,AVENIDA DEL CLUB,,0,26.64161389,-81.12568889,0,8,0,0,1,1,0,1,2,1,0,1,0,0000000,99,99,99,99,88,88,0,0,0,1,0
12,120199,2,2,0,0,0,4,4,89,0,17,2,2012,6,19,10,0,6,4,CR-121,RIVER ROAD,0,30.58740833,-81.99938611,0,12,6,0,2,2,0,1,2,10,0,10,0,0000000,99,99,99,99,99,99,0,0,0,1,0
12,120200,1,1,0,1,1,1,1,11,790,17,2,2012,6,23,20,0,13,3,SR-810,,99998,26.31850833,-80.10753056,0,8,0,0,1,1,0,1,3,1,0,1,0,0000000,99,99,99,99,99,99,0,0,0,1,0
12,120201,1,1,0,1,1,2,2,65,0,18,2,2012,7,19,15,1,2,2,US-19,,99998,30.56582778,-83.86982222,0,8,0,0,1,1,0,1,2,10,0,10,0,0000000,99,99,99,99,88,88,0,0,0,1,0
12,120202,1,1,0,0,0,1,1,61,0,18,2,2012,7,2,38,0,13,2,US-1,,99998,27.63749167,-80.38909722,0,24,0,0,1,1,0,4,2,10,0,10,0,0000000,99,99,99,99,88,88,0,0,0,1,1
12,120203,1,1,0,1,1,2,2,57,0,18,2,2012,7,3,7,0,13,2,US-41,,99998,27.81214722,-82.38409722,0,9,0,0,1,1,0,1,2,1,0,1,0,0000000,99,99,99,99,88,88,0,0,0,1,0
12,120204,2,2,0,0,0,2,2,127,780,22,2,2012,4,6,14,0,14,3,SR-430 (MASON AVENUE),DERBYSHIRE ROAD,99998,29.21626667,-81.05550556,0,12,6,0,2,2,0,1,4,1,0,1,0,0000000,99,99,99,99,99,99,0,0,0,1,0
12,120205,2,2,0,0,0,4,4,57,0,25,2,2012,7,14,45,0,13,2,US-41,138TH AVENUE,99998,28.07294444,-82.45126944,0,12,6,0,2,3,0,1,1,1,0,1,0,0000000,99,99,99,99,99,99,0,0,0,1,1
12,120206,1,1,0,0,0,1,1,71,312,25,2,2012,7,9,5,1,11,1,I-75,,99998,26.35542778,-81.75783056,0,59,0,0,1,1,0,4,1,10,0,10,0,0000000,99,99,99,99,88,88,0,0,0,1,1
12,120208,2,2,0,0,0,2,2,107,0,27,2,2012,2,14,20,0,14,3,SR-19,TIMBER LN,99998,29.62455556,-81.69608056,0,1,0,0,2,3,0,1,1,1,0,1,0,0000000,99,99,99,99,99,99,0,0,0,1,0
12,120209,1,1,0,0,0,1,1,31,1510,8,1,2012,1,2,13,0,14,3,SR-A1A,,99998,30.38571389,-81.43501389,0,34,0,0,1,1,0,4,2,1,0,1,0,0000000,99,99,99,99,88,88,0,0,0,1,1
12,120210,2,2,0,3,3,1,1,11,2541,21,1,2012,7,4,28,0,13,3,SR-842,,99998,26.12079167,-80.23739722,0,12,6,0,1,1,0,1,3,1,0,1,0,0000000,99,99,99,99,99,99,19,0,0,3,1
12,120211,1,1,0,0,0,3,3,11,771,22,1,2012,1,12,50,0,13,2,US-441,4500 S SR-7,99998,26.06276389,-80.20795278,0,33,0,0,2,3,0,3,1,1,0,1,0,0000000,99,99,99,99,99,99,0,0,0,1,0
12,120212,1,1,0,1,1,2,2,27,80,23,1,2012,2,18,28,1,13,3,SR-70,,99998,27.21536667,-81.86375,0,8,0,0,1,1,0,1,2,1,0,1,0,0000000,99,99,99,99,88,88,0,0,0,1,0
12,120213,4,4,0,0,0,6,6,5,2450,25,1,2012,4,10,39,1,13,2,US-98,MOATES AVENUE,99998,30.18074444,-85.71911389,0,12,1,0,2,3,0,1,1,1,0,1,0,0000000,99,99,99,99,99,99,0,0,0,1,0
12,120214,2,1,1,0,0,2,2,86,2010,29,1,2012,1,22,58,0,16,6,4289 NW 4TH STREET,,0,25.77634167,-80.265875,0,5,0,0,1,1,0,4,3,10,0,10,0,0000000,99,99,99,99,99,99,0,0,0,1,0
12,120215,2,2,0,0,0,4,4,31,1510,29,1,2012,1,0,27,1,13,3,SR-111,NORMAN THAGARD BLVD,99998,30.34385833,-81.73103056,0,12,6,0,2,2,0,1,3,1,0,1,0,0000000,99,99,99,99,99,99,0,0,0,1,2
12,120216,2,2,0,0,0,3,3,99,0,4,1,2012,4,18,32,0,13,3,SR-804,EL CLAIR RANCH,99998,26.52815556,-80.13907222,0,12,6,0,2,2,0,1,3,1,0,1,0,0000000,99,99,99,99,99,99,0,0,0,1,1
12,120217,2,2,0,0,0,2,2,103,2530,9,1,2012,2,16,0,0,6,4,CR-694,,0,27.83906111,-82.73405556,0,12,2,0,8,1,0,1,1,1,0,1,0,0000000,99,99,99,99,99,99,0,0,0,1,0
12,120218,2,2,0,0,0,2,2,103,2530,11,1,2012,4,15,32,1,13,3,SR-694,35TH ST W,99998,27.84169444,-82.68108056,0,12,6,0,2,3,0,1,1,10,0,10,0,0000000,99,99,99,99,99,99,0,0,0,1,1
12,120219,2,1,1,1,2,6,7,86,2020,19,1,2012,5,1,21,0,13,3,SR-A1A,39TH STREET,99998,25.81175278,-80.12320833,0,33,0,0,1,1,0,4,3,1,0,1,0,0000000,99,99,99,99,88,88,0,0,0,1,1
12,120220,10,10,0,0,0,33,33,1,0,29,1,2012,1,4,0,1,1,1,I-75,,99998,29.52238889,-82.30963056,0,12,1,0,1,1,0,1,2,5,0,5,0,0000000,99,99,99,99,99,99,0,0,0,7,3
12,120221,1,1,0,1,1,1,1,71,0,30,1,2012,2,17,5,0,16,8,GASPARILLA ROAD,,0,26.75517778,-82.263075,0,8,0,0,1,1,0,1,1,1,0,1,0,0000000,99,99,99,99,99,99,0,0,0,1,0
12,120222,2,2,0,0,0,4,4,99,0,14,2,2012,3,20,49,0,13,2,US-441,PALMETTO PARK BLVD SOUTH,99998,26.349725,-80.20340833,0,12,6,1,2,3,0,1,3,1,0,1,0,0000000,99,99,99,99,88,88,0,0,0,1,0
12,120223,2,2,0,0,0,3,3,99,0,15,2,2012,4,15,7,0,13,3,SR-806,EL CLAIR RANCH RD,99998,26.45378056,-80.14245833,0,12,6,0,2,2,0,1,1,1,0,1,0,0000000,99,99,99,99,99,99,0,0,0,2,0
12,120225,1,1,0,0,0,2,2,115,2235,18,2,2012,7,19,10,1,11,1,I-75,,99998,27.09974444,-82.23131389,0,1,0,0,1,1,0,3,2,1,0,1,0,0000000,99,99,99,99,99,99,0,0,0,1,0
12,120226,1,1,0,0,0,1,1,129,0,18,2,2012,7,16,25,0,6,4,CR-373,,0,30.29378056,-84.39976944,0,1,0,0,1,1,0,4,1,10,0,10,0,0000000,99,99,99,99,99,99,0,0,0,1,1
12,120227,1,1,0,1,1,1,1,91,0,19,2,2012,1,22,20,1,13,2,US-98,,99998,30.38926111,-86.53489444,0,8,0,0,1,1,0,1,2,1,0,1,0,0000000,99,99,99,99,99,99,0,0,0,1,0
12,120228,1,1,0,0,0,2,2,95,0,19,2,2012,1,2,12,0,13,3,SR-50,,99998,28.55201667,-81.47280556,0,33,0,0,1,1,0,3,3,10,0,10,0,0000000,99,99,99,99,99,99,0,0,0,1,1
12,120229,4,4,0,0,0,7,7,99,330,19,2,2012,1,5,25,1,11,1,I-95,,99998,26.5289,-80.07263056,0,25,0,0,1,1,0,3,4,10,0,10,0,0000000,99,99,99,99,99,99,0,0,0,1,1
12,120230,2,2,0,0,0,3,3,83,0,20,2,2012,2,20,35,0,6,5,NW 27TH AVENUE,NW 42ND STREET,0,29.23074722,-82.16882778,0,12,6,0,3,1,0,1,2,1,0,1,0,0000000,99,99,99,99,99,99,0,0,0,1,1
12,120231,2,2,0,0,0,3,3,95,0,20,2,2012,2,19,7,0,14,3,SR-15,MARILYN AVENUE,99998,28.50028056,-81.33087778,0,12,6,0,2,3,0,1,3,1,0,1,0,0000000,99,99,99,99,99,99,0,0,0,1,2
12,120232,1,1,0,0,0,5,5,97,0,20,2,2012,2,3,5,1,11,1,I-4 RAMP,,99998,28.33134444,-81.54728056,0,24,0,1,5,1,0,4,3,1,0,1,0,0000000,99,99,99,99,99,99,0,0,0,1,1
12,120233,1,1,0,0,0,5,5,103,0,20,2,2012,2,19,30,9,99,9,DRIVEWAY OF 31480,,99998,28.05744722,-82.74030556,0,5,0,0,4,1,0,1,5,1,0,1,0,0000000,99,99,99,99,99,99,0,0,0,1,0
12,120234,1,1,0,0,0,1,1,63,0,21,2,2012,3,8,43,0,4,3,SR-2,,99998,30.97673056,-85.01016667,0,59,0,0,1,1,0,4,1,10,0,10,0,0000000,99,99,99,99,99,99,0,0,0,1,0
12,120235,2,2,0,0,0,4,4,87,0,22,2,2012,4,11,4,1,13,2,US-1,CRANE BLVD,99998,24.65751111,-81.53071944,0,12,1,0,2,3,0,1,1,1,0,1,0,0000000,99,99,99,99,99,99,0,0,0,2,0
12,120236,1,1,0,1,1,1,1,113,0,22,2,2012,4,20,0,0,14,3,SR-87,,99998,30.65645,-87.04725556,0,9,0,0,1,1,0,1,2,10,0,10,0,0000000,99,99,99,99,99,99,0,0,0,1,0
12,120237,1,1,0,0,0,1,1,107,0,23,2,2012,5,9,43,0,13,2,US-17,,99998,29.81512778,-81.65999444,0,1,0,0,1,1,0,4,1,10,0,10,0,0000000,99,99,99,99,99,99,0,0,0,1,0
12,120238,1,1,0,0,0,1,1,13,0,23,2,2012,5,22,10,0,6,4,CR-69A,,0,30.60690278,-85.09052222,0,42,0,0,1,1,0,4,2,1,0,1,0,0000000,99,99,99,99,88,88,0,0,0,1,1
12,120239,1,1,0,0,0,1,1,33,0,23,2,2012,5,18,0,0,6,5,OLD FLOMATON ROAD,,0,30.98503611,-87.24811389,0,42,0,0,1,1,0,4,1,1,0,1,0,0000000,99,99,99,99,88,88,0,0,0,1,0
12,120240,2,2,0,0,0,2,2,61,0,23,2,2012,5,11,0,0,15,5,CR-607 (27TH AVENUE),CR-612 8TH STREET,99998,27.61611944,-80.41382778,0,12,6,0,2,2,0,1,1,1,0,1,0,0000000,99,99,99,99,99,99,0,0,0,1,0
12,120241,2,2,0,0,0,3,3,11,672,24,2,2012,6,22,19,0,13,3,SR-834 (WEST SAMPLE ROAD),HOLIDAY SPRINGS BLVD,99998,26.27209722,-80.22975278,0,12,6,0,2,2,0,1,3,1,0,1,0,0000000,99,99,99,99,99,99,0,0,0,1,1
12,120242,2,2,0,0,0,2,2,86,0,24,2,2012,6,4,40,0,14,3,SR-973,SW 48TH STREET,99998,25.72393056,-80.33525278,0,12,6,0,2,2,0,1,3,10,0,10,0,0000000,99,99,99,99,88,88,0,0,0,1,1
12,120243,1,1,0,0,0,1,1,57,0,24,2,2012,6,11,26,0,3,3,SR-674,,99998,27.70517222,-82.25828611,0,1,0,0,1,1,0,1,1,1,0,1,0,0000000,99,99,99,99,99,99,0,0,0,1,0
12,120244,2,2,0,0,0,5,5,95,0,24,2,2012,6,16,45,0,6,5,TURKEY LAKE ROAD,SR-482,0,28.44816389,-81.47759722,0,12,6,0,8,1,0,1,1,1,0,1,0,0000000,99,99,99,99,99,99,0,0,0,1,0
12,120245,1,1,0,1,1,1,1,81,340,25,2,2012,7,2,5,0,16,6,17TH AVE,,0,27.48414722,-82.62576111,0,8,0,0,1,1,0,1,3,10,0,10,0,0000000,99,99,99,99,99,99,0,0,0,1,0
12,120246,1,1,0,1,1,1,1,11,790,25,2,2012,7,20,15,0,14,6,9TH AVENUE,,99998,26.27585833,-80.13568056,0,8,0,0,1,1,0,1,3,1,0,1,0,0000000,99,99,99,99,99,99,0,0,0,1,0
12,120247,1,1,0,1,1,1,1,86,0,25,2,2012,7,6,10,1,11,1,I-95,,99998,25.81107778,-80.14022222,0,8,0,0,1,1,0,1,4,1,0,1,0,0000000,99,99,99,99,88,88,0,0,0,1,0
12,120248,1,1,0,1,1,1,1,127,780,1,3,2012,5,19,22,0,16,6,N NOVA ROAD,,0,29.22204167,-81.048575,0,8,0,0,1,1,0,1,3,1,0,1,0,0000000,99,99,99,99,99,99,0,0,0,1,0
12,120249,2,2,0,0,0,3,3,99,0,18,2,2012,7,4,24,0,13,2,US-441,,99998,26.45014444,-80.20459167,0,12,1,0,1,1,0,1,2,1,0,1,0,0000000,99,99,99,99,99,99,0,0,0,1,1
12,120250,1,1,0,0,0,1,1,99,0,22,2,2012,4,8,31,0,13,3,SR-882 FOREST HILL BLVD,PINEHURST DRIVE,99998,26.65113611,-80.16026111,0,38,0,0,1,1,0,5,1,1,0,1,0,0000000,99,99,99,99,99,99,0,0,0,1,0
12,120251,1,1,0,1,1,2,2,99,1750,25,2,2012,7,0,36,0,14,2,US-1 (DIXIE HIGHWAY),5TH AVENUE NORTH,99998,26.64424444,-80.05628889,0,8,0,0,1,1,0,1,3,10,0,10,0,0000000,99,99,99,99,88,88,0,0,0,1,0
12,120252,2,2,0,0,0,2,2,1,1130,4,1,2012,4,18,22,1,13,3,SR-222 NE 39TH AVENUE,NE11TH TERRACE,99998,29.67861111,-82.27671944,0,12,6,0,2,3,0,1,3,1,0,1,0,0000000,99,99,99,99,99,99,0,0,0,1,0
12,120253,1,1,0,1,1,1,1,103,570,4,1,2012,4,13,58,0,15,2,US-19 RAMP,,99998,27.96820278,-82.72977222,0,8,0,1,5,1,0,1,1,1,0,1,0,0000000,99,99,99,99,99,99,0,0,0,1,0
12,120254,1,1,0,0,0,1,1,31,1510,6,1,2012,6,9,3,0,16,6,OLD ST AUGUSTINE RD,,0,30.188325,-81.60801667,0,31,0,0,1,1,0,4,1,1,0,1,0,0000000,99,99,99,99,99,99,0,0,0,1,0
12,120255,1,1,0,1,1,1,1,73,0,8,1,2012,1,18,51,0,14,2,US-90,,99998,30.47046667,-84.19922778,0,8,0,0,1,1,0,1,2,1,0,1,0,0000000,99,99,99,99,99,99,0,0,0,1,0
12,120256,1,1,0,1,1,1,1,11,1050,8,1,2012,1,18,24,1,11,1,I-95,,99998,26.12216389,-80.16805,0,1,0,1,5,1,0,1,3,1,0,1,0,0000000,99,99,99,99,99,99,0,0,0,1,0
12,120257,1,1,0,0,0,1,1,103,2730,12,1,2012,5,3,58,0,16,6,31ST ST,,0,27.77109722,-82.675325,0,59,0,0,1,1,0,4,3,1,0,1,0,0000000,99,99,99,99,99,99,24,0,0,1,1
12,120258,2,2,0,0,0,4,4,99,0,16,1,2012,2,6,30,0,3,3,SR-80,JOG ROAD,99998,26.36866667,-80.14577778,0,12,6,1,2,2,0,1,3,1,0,1,0,0000000,99,99,99,99,99,99,0,0,0,1,0
12,120259,1,1,0,0,0,3,3,9,620,17,1,2012,3,17,8,1,13,3,SR-528,,99998,28.39911389,-80.760575,0,1,0,0,5,1,0,5,1,1,0,1,0,0000000,99,99,99,99,99,99,0,0,0,1,0
12,120260,1,1,0,1,1,2,2,11,0,20,1,2012,6,18,46,0,16,6,N DIXIE HWY,,0,26.14926667,-80.14494722,0,8,0,0,1,1,0,1,3,1,0,1,0,0000000,99,99,99,99,99,99,0,0,0,1,0
12,120262,1,1,0,1,1,1,1,11,633,22,1,2012,1,10,20,0,16,6,WYNMOOR CIR,NASSAU BEND,0,26.24753889,-80.1808,0,9,0,0,2,3,0,1,1,1,0,1,0,0000000,99,99,99,99,99,99,0,0,0,1,0
12,120263,1,1,0,0,0,1,1,31,1510,22,1,2012,1,7,42,0,16,6,BROWNWOOD ROAD,,0,30.26288056,-81.635,0,42,0,0,1,1,0,5,1,1,0,1,0,0000000,99,99,99,99,99,99,0,0,0,1,0
12,120264,2,2,0,1,1,2,2,9,620,23,1,2012,2,6,40,1,13,3,SR-524,,99998,28.40141111,-80.7635,0,8,0,0,1,1,0,1,2,5,0,5,0,0000000,99,99,99,99,99,99,0,0,0,1,2