STATE,ST_CASE,VE_TOTAL,VE_FORMS,PVH_INVL,PEDS,PERNOTMVIT,PERMVIT,PERSONS,COUNTY,CITY,DAY,MONTH,YEAR,DAY_WEEK,HOUR,MINUTE,NHS,ROAD_FNC,ROUTE,TWAY_ID,TWAY_ID2,MILEPT,LATITUDE,LONGITUD,SP_JUR,HARM_EV,MAN_COLL,RELJCT1,RELJCT2,TYP_INT,WRK_ZONE,REL_ROAD,LGT_COND,WEATHER1,WEATHER2,WEATHER,SCH_BUS,RAIL,NOT_HOUR,NOT_MIN,ARR_HOUR,ARR_MIN,HOSP_HR,HOSP_MN,CF1,CF2,CF3,FATALS,DRUNK_DR
12,120265,1,1,0,3,3,3,3,86,0,24,1,2012,3,18,41,0,16,6,268TH ST,,0,25.51815556,-80.40988056,0,8,0,0,1,1,0,1,3,1,0,1,0,0000000,99,99,99,99,99,99,0,0,0,1,0
12,120266,1,1,0,1,1,1,1,11,663,25,1,2012,4,23,30,0,16,6,52ND ST,,0,26.05429722,-80.27873333,0,8,0,0,1,1,0,1,3,1,0,1,0,0000000,99,99,99,99,99,99,0,0,0,1,0
12,120267,1,1,0,0,0,1,1,99,0,25,1,2012,4,5,7,0,14,6,AUSTRALIAN AVENUE,,99998,26.69090833,-80.07488333,0,59,0,0,1,1,0,4,3,1,0,1,0,0000000,99,99,99,99,88,88,0,0,0,1,1
12,120268,1,1,0,1,1,1,1,103,1770,25,1,2012,4,20,51,1,12,2,US-19,,99998,27.90927778,-82.72943333,0,8,0,0,1,1,0,1,3,1,0,1,0,0000000,99,99,99,99,99,99,0,0,0,1,0
12,120269,2,2,0,0,0,6,6,86,0,29,1,2012,1,18,27,0,14,3,SR-9336,360TH ST,99998,25.43306944,-80.50143056,0,12,6,0,2,2,0,1,2,10,0,10,0,0000000,99,99,99,99,99,99,0,0,0,1,0
12,120270,1,1,0,1,1,1,1,31,1510,3,2,2012,6,23,33,0,16,6,AVENUE B,BROOKLYN ROAD,0,30.37481111,-81.69906111,0,8,0,0,2,2,0,1,3,1,0,1,0,0000000,99,99,99,99,88,88,0,0,0,1,1
12,120272,2,2,0,0,0,3,3,71,1070,7,2,2012,3,13,17,0,6,5,SUMMERLIN ROAD,ROYAL PALM AVE,0,26.59421944,-81.88363611,0,12,6,0,2,2,0,1,1,1,0,1,0,0000000,99,99,99,99,99,99,0,0,0,1,0
12,120273,1,1,0,0,0,2,2,127,810,10,2,2012,6,3,57,0,13,3,SR-44,,99998,29.01639722,-81.24949722,0,1,0,0,1,1,0,4,2,1,0,1,0,0000000,99,99,99,99,99,99,0,0,0,1,0
12,120274,2,2,0,0,0,4,4,103,2730,11,2,2012,7,14,19,0,16,6,CENTRAL AVE,PARK ST N,0,27.77080278,-82.74100278,0,12,6,0,2,2,0,1,1,1,0,1,0,0000000,99,99,99,99,99,99,0,0,0,1,0
12,120275,1,1,0,0,0,1,1,105,0,15,2,2012,4,18,20,0,13,2,US-17/92,,99998,28.138625,-81.61262222,0,42,0,0,1,1,0,4,3,1,0,1,0,0000000,99,99,99,99,88,88,0,0,0,1,0
12,120276,4,4,0,1,1,4,4,11,771,16,2,2012,5,21,22,1,11,1,I-595,,99998,26.09208056,-80.22098889,0,8,0,0,1,1,0,1,3,1,0,1,0,0000000,99,99,99,99,88,88,0,0,0,1,0
12,120277,1,1,0,1,1,1,1,33,0,26,2,2012,1,19,0,0,13,2,US-90 (MOBILE HWY),,99998,30.49604444,-87.32981389,0,8,0,0,1,1,0,1,2,10,0,10,0,0000000,99,99,99,99,99,99,19,0,0,1,0
12,120278,3,3,0,0,0,4,4,57,0,26,2,2012,1,18,38,0,6,5,MEMORIAL HWY,CLUB CAPTIVA DR,0,27.98227778,-82.56630278,0,12,6,0,2,3,0,1,5,10,0,10,0,0000000,99,99,99,99,99,99,0,0,0,1,1
12,120279,3,3,0,0,0,3,3,83,0,29,2,2012,4,16,20,1,2,3,SR-40,183RD AVE RD,99998,29.17206944,-81.85020278,0,12,1,0,2,3,0,1,1,1,0,1,0,0000000,99,99,99,99,99,99,0,0,0,1,0
12,120280,2,2,0,0,0,2,2,107,0,29,2,2012,4,15,30,0,3,3,SR-19,,99998,29.38348611,-81.736175,0,12,6,0,1,1,0,1,1,1,0,1,0,0000000,99,99,99,99,99,99,0,0,0,1,0
12,120282,1,1,0,0,0,1,1,131,0,29,2,2012,4,16,50,0,6,4,CR-3280,,0,30.44124722,-85.96931389,0,43,0,0,1,1,0,5,1,10,0,10,0,0000000,99,99,99,99,99,99,0,0,0,1,0
12,120283,1,1,0,0,0,3,3,57,0,5,2,2012,1,3,6,1,2,2,US-41,,99998,27.67200278,-82.48440278,0,1,0,0,1,1,0,3,2,1,0,1,0,0000000,99,99,99,99,88,88,0,0,0,3,0
12,120284,3,3,0,0,0,5,5,57,2950,8,2,2012,4,16,18,0,13,2,US-92,LOIS AVENUE,99998,27.89368333,-82.51543333,0,12,6,1,2,2,0,1,1,1,0,1,0,0000000,99,99,99,99,99,99,0,0,0,1,0
12,120285,1,1,0,0,0,1,1,31,1510,23,2,2012,5,99,99,0,14,3,SR-104,,99998,30.43731111,-81.67568333,0,33,0,0,1,1,0,4,6,1,0,1,0,0000000,99,99,99,99,99,99,0,0,0,1,1
12,120286,2,2,0,0,0,3,3,71,1070,22,2,2012,4,7,49,0,13,3,SR-739,MARKET ST,99998,26.63675278,-81.86227222,0,12,1,0,3,2,0,1,1,1,0,1,0,0000000,99,99,99,99,99,99,0,0,0,1,0
12,120287,1,1,0,0,0,1,1,127,0,23,2,2012,5,18,5,0,2,3,SR-44,,99998,29.02913333,-81.15890278,0,1,0,0,1,1,0,4,1,1,0,1,0,0000000,99,99,99,99,88,88,0,0,0,1,0
12,120288,2,2,0,1,1,7,7,127,0,26,2,2012,1,18,59,0,3,3,SR-415,,99998,28.98861389,-81.07243056,0,8,0,0,1,1,0,1,2,2,0,2,0,0000000,99,99,99,99,88,88,19,0,0,1,1
12,120289,2,2,0,0,0,3,3,69,0,26,2,2012,1,4,9,1,2,3,SR-91,,99998,28.55346389,-81.65959444,0,12,2,0,1,1,0,1,4,1,0,1,0,0000000,99,99,99,99,99,99,0,0,0,1,1
12,120290,2,2,0,0,0,3,3,9,2005,26,2,2012,1,0,39,1,13,3,SR-520,,99998,28.35670556,-80.71750556,0,12,2,0,1,1,0,1,3,10,0,10,0,0000000,99,99,99,99,99,99,0,0,0,1,1
12,120291,1,1,0,0,0,1,1,9,0,27,2,2012,2,0,0,0,16,6,NORTH TROPICAL TRAIL,,0,28.364,-80.7085,0,30,0,0,1,1,0,4,2,10,0,10,0,0000000,99,99,99,99,88,88,0,0,0,1,1
12,120292,3,3,0,0,0,3,3,31,1510,1,3,2012,5,21,55,1,11,1,I-295,,99998,30.392175,-81.75791944,0,12,1,0,1,1,0,1,3,10,0,10,0,0000000,99,99,99,99,99,99,0,0,0,1,1
12,120293,1,1,0,1,1,1,1,33,0,1,3,2012,5,6,0,0,14,3,SR-289,UNDERWOOD AVENUE,99998,30.41702222,-87.20595556,0,8,0,1,2,2,0,1,4,5,0,5,0,0000000,99,99,99,99,88,88,0,0,0,1,0
12,120294,1,1,0,0,0,1,1,57,0,1,3,2012,5,23,53,0,13,2,US-301,,99998,27.71341111,-82.33699722,0,34,0,0,1,1,0,5,2,5,0,5,0,0000000,99,99,99,99,88,88,0,0,0,1,0
12,120295,3,3,0,0,0,4,4,103,570,1,3,2012,5,10,12,0,16,6,S FT. HARRISON AVENUE,PINELLAS STREET,0,27.95180278,-82.79996944,0,12,1,0,2,2,0,1,1,1,0,1,0,0000000,99,99,99,99,99,99,0,0,0,1,0
12,120296,1,1,0,0,0,1,1,127,0,1,3,2012,5,18,55,0,6,5,EDGEWATER CANAL ROAD,,0,28.99033056,-80.93164722,0,5,0,0,1,1,0,1,2,1,0,1,0,0000000,99,99,99,99,88,88,0,0,0,1,1
12,120297,2,2,0,0,0,2,2,19,0,2,3,2012,6,18,25,0,6,4,CR-217,,0,30.18485,-81.99153889,0,12,2,0,1,1,0,1,5,1,0,1,0,0000000,99,99,99,99,99,99,0,0,0,1,1
12,120298,1,1,0,0,0,1,1,31,1510,2,3,2012,6,10,0,1,11,1,I-295,,99998,30.44172778,-81.59133611,0,42,0,0,1,1,0,5,1,10,0,10,0,0000000,99,99,99,99,99,99,0,0,0,1,0
12,120299,1,1,0,0,0,1,1,93,0,2,3,2012,6,17,20,0,13,2,US-98,,99998,27.25160278,-80.85230278,0,46,0,0,6,1,0,1,1,1,0,1,0,628054U,99,99,99,99,88,88,0,0,0,1,0
12,120300,1,1,0,0,0,1,1,9,0,3,3,2012,7,10,45,0,16,6,MERRITT AVE,,0,28.36126944,-80.68810278,0,1,0,0,1,1,0,1,1,1,0,1,0,0000000,99,99,99,99,99,99,0,0,0,1,0
12,120301,1,1,0,0,0,1,1,53,0,3,3,2012,7,11,9,0,6,4,CR-581,,0,28.51626944,-82.37096389,0,43,0,0,1,1,0,4,1,10,0,10,0,0000000,99,99,99,99,99,99,0,0,0,1,0
12,120302,1,1,0,1,1,1,1,81,0,3,3,2012,7,2,35,0,16,6,15TH ST,,0,27.43623889,-82.54682222,0,8,0,0,1,1,0,1,2,10,0,10,0,0000000,2,40,2,44,99,99,0,0,0,1,0
12,120303,2,2,0,0,0,2,2,101,0,3,3,2012,7,17,24,0,6,4,CR-1,EASTHAVEN CT,0,28.23836111,-82.67284167,0,12,6,0,2,3,0,1,1,1,0,1,0,0000000,17,24,17,32,88,88,0,0,0,1,0
12,120304,1,1,0,0,0,3,3,113,0,3,3,2012,7,13,55,0,3,3,SR-87,,99998,30.50283333,-86.90594167,0,42,0,0,1,1,0,5,1,2,0,2,0,0000000,99,99,99,99,99,99,0,0,0,1,0
12,120305,1,1,0,1,1,4,4,115,0,3,3,2012,7,21,16,0,6,8,DEBBIE ST,,0,27.22646111,-82.49758889,0,8,0,0,1,1,0,1,2,10,0,10,0,0000000,21,17,21,24,99,99,0,0,0,1,0
12,120306,2,2,0,0,0,2,2,83,0,4,3,2012,1,5,58,0,6,4,CR-484,,0,29.02543056,-82.13973333,0,12,2,0,1,1,0,1,2,10,0,10,0,0000000,99,99,99,99,99,99,0,0,0,1,0
12,120307,1,1,0,0,0,1,1,85,0,4,3,2012,1,3,40,0,14,8,MARTIN HWY SW,,99998,27.16216944,-80.63153611,0,42,0,0,1,1,0,5,2,10,0,10,0,0000000,99,99,99,99,88,88,0,0,0,1,1
12,120308,2,2,0,0,0,3,3,105,0,4,3,2012,1,99,99,0,3,3,SR-33,,99998,28.36178333,-81.81891111,0,12,2,0,1,1,0,1,1,1,0,1,0,0000000,99,99,99,99,99,99,0,0,0,3,1
12,120309,2,2,0,0,0,6,6,133,0,4,3,2012,1,11,55,1,11,1,I-10,,99998,30.74683889,-85.54648056,0,12,6,0,1,1,0,1,1,1,0,1,0,0000000,99,99,99,99,99,99,0,0,0,1,0
12,120310,2,2,0,0,0,2,2,15,0,5,3,2012,2,7,0,0,14,3,SR-776,REGINA DRIVE,99998,26.93267222,-82.27955,0,12,6,0,2,2,0,1,1,1,0,1,0,0000000,99,99,99,99,99,99,0,0,0,1,1
12,120311,1,1,0,1,1,1,1,95,0,4,3,2012,1,19,51,0,13,3,SR-424 (FOREST CITY ROAD),,99998,28.63852778,-81.41539444,0,8,0,0,1,1,0,1,2,1,0,1,0,0000000,99,99,99,99,99,99,0,0,0,1,0
12,120312,2,2,0,0,0,5,5,71,0,5,3,2012,2,15,41,0,6,5,SALTER ROAD,,0,26.74596389,-81.85033889,0,12,2,0,1,1,0,1,1,1,0,1,0,0000000,99,99,99,99,99,99,0,0,0,2,1
12,120313,1,1,0,0,0,1,1,83,0,5,3,2012,2,3,0,0,2,3,SR-40,,99998,29.18696111,-82.26284444,0,42,0,0,1,1,0,5,2,1,0,1,0,0000000,99,99,99,99,99,99,0,0,0,1,0
12,120314,3,3,0,0,0,5,5,95,0,5,3,2012,2,22,28,1,11,1,I-4,,99998,28.45911944,-81.47238889,0,24,0,0,1,1,0,4,3,10,0,10,0,0000000,99,99,99,99,99,99,14,0,0,1,0
12,120315,2,2,0,0,0,3,3,101,0,5,3,2012,2,19,0,1,13,2,US-19,,99998,28.29174722,-82.71053889,0,12,6,0,1,1,0,1,3,1,0,1,0,0000000,19,1,19,2,88,88,0,0,0,2,0
12,120316,1,1,0,1,1,1,1,11,2468,6,3,2012,3,20,40,0,13,3,SR-817,,99998,26.03045278,-80.24895833,0,8,0,0,1,1,0,1,3,10,0,10,0,0000000,99,99,99,99,88,88,0,0,0,1,0
12,120317,2,2,0,0,0,2,2,67,0,8,3,2012,5,14,0,0,3,3,SR-51,,99998,30.09846944,-83.17173889,0,12,8,0,1,1,0,1,1,1,0,1,0,0000000,99,99,99,99,88,88,0,0,0,1,0
12,120318,2,2,0,0,0,3,3,86,0,8,1,2012,1,4,14,0,6,8,SW 104 STREET,SW 122 AVENUE,0,25.67157778,-80.39214444,0,12,6,0,2,2,0,1,3,1,0,1,0,0000000,99,99,99,99,99,99,0,0,0,1,0
12,120319,1,1,0,1,1,2,2,99,0,18,2,2012,7,20,38,1,13,2,US-98,,99998,26.68345,-80.30090278,0,8,0,0,1,1,0,1,2,1,0,1,0,0000000,99,99,99,99,88,88,0,0,0,1,0
12,120320,1,1,0,1,1,2,2,103,1770,13,1,2012,6,21,21,0,13,2,US-19,,99998,27.88904444,-82.78704722,0,8,0,0,1,1,0,1,2,1,0,1,0,0000000,99,99,99,99,99,99,0,0,0,1,0
12,120321,1,1,0,1,1,1,1,71,0,1,2,2012,4,19,31,0,13,2,US-41 (SOUTH TAMIAMI TRAIL),SWEETWATER RANCH BLVD,99998,26.41098611,-81.81168611,0,8,0,0,2,2,0,1,2,1,0,1,0,0000000,99,99,99,99,99,99,0,0,0,1,0
12,120322,1,1,0,1,1,1,1,103,1770,1,2,2012,4,16,45,0,16,6,CR-1 (KEENE ROAD),ROBERTA STREET,0,27.92411667,-82.76242778,0,8,0,0,1,1,0,1,3,1,0,1,0,0000000,99,99,99,99,99,99,0,0,0,1,0
12,120323,2,2,0,0,0,2,2,71,0,4,2,2012,7,14,35,0,6,5,LEE BLVD,4203 LEE BLVD,0,26.61702222,-81.70891389,0,12,1,0,1,1,0,1,1,1,0,1,0,0000000,99,99,99,99,99,99,0,0,0,1,0
12,120324,2,2,0,1,1,3,3,71,457,8,2,2012,4,16,10,0,16,6,CAPE CORAL PARKWAY EAST,SE 17TH AVENUE,0,26.56275833,-81.94172222,0,12,6,0,2,3,0,1,1,1,0,1,0,0000000,99,99,99,99,88,88,0,0,0,1,0
12,120325,1,1,0,2,2,1,1,19,0,17,2,2012,6,22,30,0,14,3,SR-100,8TH STREET,99998,29.73280833,-81.86924444,0,8,0,0,1,1,0,1,3,10,0,10,0,0000000,99,99,99,99,99,99,0,0,0,1,0
12,120326,1,1,0,0,0,1,1,57,0,20,2,2012,2,19,39,1,2,2,US-301,,99998,28.10683611,-82.24905556,0,1,0,0,1,1,0,1,2,1,0,1,0,0000000,99,99,99,99,99,99,0,0,0,1,0
12,120327,2,2,0,0,0,3,3,86,2020,20,2,2012,2,11,34,0,13,3,SR-A1A,42ND STREET,99998,25.81374444,-80.12293056,0,12,6,0,2,2,0,1,1,1,0,1,0,0000000,99,99,99,99,99,99,0,0,0,1,0
12,120328,1,1,0,0,0,1,1,99,0,23,2,2012,5,4,12,0,14,5,PALMETTO PARK RD,,99998,26.35042222,-80.15303611,0,33,0,0,1,1,0,3,3,1,0,1,0,0000000,99,99,99,99,99,99,0,0,0,1,1
12,120329,2,2,0,0,0,2,2,11,2916,23,2,2012,5,9,28,0,16,6,SILVER PALM BLVD,126TH AVE,0,26.14137778,-80.31799167,0,12,6,0,2,2,0,1,1,1,0,1,0,0000000,99,99,99,99,99,99,0,0,0,1,0
12,120330,1,1,0,2,2,1,1,11,1050,25,2,2012,7,20,1,0,16,6,26TH AVE,,0,26.13681389,-80.11076944,0,8,0,0,1,1,0,1,3,1,0,1,0,0000000,99,99,99,99,99,99,0,0,0,1,0
12,120331,1,1,0,1,1,1,1,71,0,24,2,2012,6,23,50,0,6,8,TAMIAMI TRL,SIX MILE CYPRESS PKWY,0,26.52798056,-81.87128611,0,8,0,0,3,2,0,1,3,1,0,1,0,0000000,99,99,99,99,99,99,0,0,0,1,0
12,120332,1,1,0,1,1,1,1,11,2916,28,2,2012,3,23,23,0,14,5,SUNRISE BLVD,,99998,26.14590833,-80.31663611,0,8,0,0,1,1,0,1,3,1,0,1,0,0000000,99,99,99,99,99,99,0,0,0,1,0
12,120333,3,3,0,0,0,3,3,86,2010,3,3,2012,7,23,49,0,13,3,SR-817,210TH ST,99998,25.96716944,-80.24665556,0,12,6,0,2,3,0,1,3,1,0,1,0,0000000,99,99,99,99,99,99,0,0,0,1,1
12,120334,1,1,0,1,1,1,1,119,0,6,3,2012,3,10,17,0,6,4,CR-470,,0,28.74878611,-82.07088333,0,9,0,0,1,1,0,2,1,1,0,1,0,0000000,10,18,10,25,99,99,0,0,0,1,0
12,120335,1,1,0,0,0,1,1,57,0,11,3,2012,1,15,16,0,6,6,GORNTO LAKE ROAD,,0,27.90247778,-82.33066111,0,33,0,0,1,1,0,4,1,10,0,10,0,0000000,99,99,99,99,99,99,0,0,0,1,0
12,120336,1,1,0,0,0,2,2,77,365,11,3,2012,1,20,10,0,6,5,RIVER ROAD,NORTH CENTRAL STREET,0,30.43976944,-84.98543889,0,30,0,0,3,4,0,4,2,10,0,10,0,0000000,99,99,99,99,99,99,0,0,0,1,0
12,120337,1,1,0,1,1,2,2,101,0,16,3,2012,6,20,17,0,6,5,EMBASSY BLVD,,0,28.29113611,-82.68826667,0,8,0,0,1,1,0,1,2,10,0,10,0,0000000,99,99,99,99,99,99,0,0,0,1,0
12,120338,1,1,0,1,1,1,1,11,2948,17,3,2012,7,21,44,0,16,5,W MCNAB ROAD,N PINE ISLAND ROAD,0,26.20836389,-80.2684,0,15,0,0,2,2,0,1,3,1,0,1,0,0000000,99,99,99,99,99,99,0,0,0,1,0
12,120339,2,2,0,0,0,3,3,127,0,17,3,2012,7,21,20,0,13,2,US-1,AIRPORT ROAD,99998,29.30969722,-81.09887222,0,12,6,0,2,3,0,1,3,1,0,1,0,0000000,99,99,99,99,99,99,0,0,0,1,0
12,120341,1,1,0,1,1,2,2,33,0,20,3,2012,3,19,54,0,14,3,SR-173,,99998,30.36921944,-87.35916389,0,8,0,0,1,1,0,1,2,1,0,1,0,0000000,99,99,99,99,88,88,0,0,0,1,0
12,120342,2,2,0,0,0,3,3,105,0,20,3,2012,3,14,15,1,13,3,SR-60,WILLOW OAK ROAD,99998,27.91629167,-82.02221389,0,12,6,0,2,2,0,1,1,1,0,1,0,0000000,99,99,99,99,99,99,0,0,0,1,0
12,120343,2,2,0,1,1,2,2,113,0,20,3,2012,3,21,0,1,13,2,US-98,,99998,30.38733056,-87.08293611,0,8,0,0,1,1,0,1,2,1,0,1,0,0000000,99,99,99,99,88,88,0,0,0,1,0
12,120344,1,1,0,0,0,2,2,127,780,20,3,2012,3,2,48,0,16,6,CLEARWATER ROAD,,0,29.18005278,-81.03341667,0,5,0,0,1,1,0,1,2,1,0,1,0,0000000,99,99,99,99,99,99,0,0,0,1,1
12,120345,1,1,0,1,1,1,1,11,2948,22,3,2012,5,20,56,0,13,3,SR-870,NW 31ST AVENUE,99998,26.18643889,-80.18743333,0,8,0,0,1,1,0,1,3,1,0,1,0,0000000,99,99,99,99,99,99,0,0,0,1,0
12,120346,3,3,0,0,0,3,3,31,1510,23,3,2012,6,0,59,0,12,3,SR-10A (ARLINGTON EXPRESSWAY),,99998,30.32719722,-81.62214722,0,12,1,0,1,1,0,1,3,1,0,1,0,0000000,99,99,99,99,99,99,0,0,0,1,0
12,120347,5,4,1,0,0,4,4,69,0,24,3,2012,7,18,4,0,6,4,CR-44,,0,28.87296389,-81.75956389,0,12,1,0,1,1,0,1,1,1,0,1,0,0000000,99,99,99,99,99,99,0,0,0,1,0
12,120348,1,1,0,2,2,1,1,95,0,26,3,2012,2,21,48,0,13,2,US-17,,99998,28.48505556,-81.39667778,0,8,0,0,1,1,1,1,3,1,0,1,0,0000000,99,99,99,99,99,99,0,0,0,1,0
12,120349,2,2,0,0,0,4,4,81,0,27,3,2012,3,22,57,0,13,2,US-41,61ST ST,99998,27.57088889,-82.54311944,0,12,6,0,2,3,0,1,2,1,0,1,0,0000000,99,99,99,99,99,99,0,0,0,1,1
12,120350,3,3,0,0,0,4,4,55,2800,28,3,2012,4,18,28,1,13,2,US-27,,99998,27.47133611,-81.45648889,0,43,0,0,1,1,0,3,1,1,0,1,0,0000000,99,99,99,99,99,99,0,0,0,1,1
12,120351,2,2,0,0,0,2,2,15,0,29,3,2012,5,2,45,0,13,2,US-41,,99998,26.80550278,-81.95423333,0,12,1,0,1,1,0,1,2,1,0,1,0,0000000,99,99,99,99,99,99,0,0,0,1,0
12,120352,1,1,0,0,0,2,2,111,0,29,3,2012,5,13,50,1,2,3,SR-91 (FL TURNPIKE),,99998,27.48476111,-80.507375,0,24,0,0,1,1,0,4,1,1,0,1,0,0000000,99,99,99,99,99,99,0,0,0,1,0
12,120353,1,1,0,0,0,1,1,131,0,29,3,2012,5,99,99,0,4,3,SR-81,,99998,30.60068889,-85.94181111,0,1,0,0,1,1,0,4,2,5,0,5,0,0000000,99,99,99,99,88,88,0,0,0,1,0
12,120354,3,3,0,0,0,4,4,15,0,30,3,2012,6,12,55,1,11,1,I-75,,99998,26.93951944,-82.01894444,0,12,7,1,18,1,0,1,1,1,0,1,0,0000000,99,99,99,99,99,99,0,0,0,1,0
12,120357,1,1,0,0,0,1,1,47,0,10,2,2012,6,0,1,0,6,4,CR-145,,0,30.5813,-83.22423056,0,42,0,0,1,1,0,5,2,10,0,10,0,0000000,99,99,99,99,88,88,0,0,0,1,1
12,120358,1,1,0,0,0,1,1,103,1770,15,2,2012,4,23,55,0,15,6,INDIAN ROCKS ROAD,,99998,27.89145833,-82.83225278,0,42,0,0,1,1,0,5,3,1,0,1,0,0000000,99,99,99,99,99,99,0,0,0,1,1
12,120360,2,2,0,0,0,5,5,86,0,2,3,2012,6,5,40,0,13,2,US-41,,99998,25.76105,-80.516175,0,12,2,0,1,1,4,1,2,1,0,1,0,0000000,99,99,99,99,99,99,0,0,0,1,0
12,120361,2,2,0,0,0,4,4,11,771,4,3,2012,1,10,49,0,15,6,6100 SW 45TH STREET,ORANGE DRIVE,99998,26.06578611,-80.22813056,0,12,6,0,2,2,0,1,1,10,0,10,0,0000000,99,99,99,99,99,99,0,0,0,1,0
12,120362,1,1,0,1,1,1,1,57,0,6,3,2012,3,19,28,0,13,3,SR-574,WILLIAMS ROAD,99998,27.98133611,-82.31894444,0,8,0,0,2,2,0,1,3,1,0,1,0,0000000,99,99,99,99,99,99,0,0,0,1,0
12,120363,2,2,0,0,0,2,2,97,0,7,3,2012,4,6,38,0,6,5,BOGGY CREEK ROAD,4001 BOGGY CREEK ROAD,0,28.33351389,-81.280625,0,12,6,0,4,1,0,1,1,1,0,1,0,0000000,99,99,99,99,99,99,0,0,0,1,0
12,120364,1,1,0,0,0,1,1,105,0,7,3,2012,4,10,13,1,2,3,SR-60,ARMOUR RD,99998,27.89794167,-81.87098611,0,10,0,0,6,1,0,1,1,1,0,1,0,624510D,99,99,99,99,88,88,0,0,0,1,0
12,120365,1,1,0,0,0,2,2,17,0,8,3,2012,5,1,28,0,6,4,CR-495,,0,28.94905,-82.58166389,0,30,0,0,1,1,0,4,2,1,0,1,0,0000000,99,99,99,99,99,99,0,0,0,1,1
12,120366,1,1,0,0,0,1,1,86,0,8,3,2012,5,4,55,1,13,3,SR-821 RAMP,,99998,25.81447778,-80.38738611,0,30,0,1,5,1,0,4,4,10,0,10,0,0000000,99,99,99,99,99,99,0,0,0,1,0
12,120367,2,2,0,0,0,2,2,31,1510,8,3,2012,5,13,5,0,6,6,LANE AVE,12TH ST,0,30.35036944,-81.75208056,0,12,6,0,2,2,0,1,1,1,0,1,0,0000000,99,99,99,99,99,99,0,0,0,1,0
12,120368,1,1,0,0,0,1,1,57,0,8,3,2012,5,19,31,0,14,3,SR-676 (CAUSEWAY BLVD),,99998,27.9229,-82.40178889,0,33,0,0,1,1,0,3,3,1,0,1,0,0000000,99,99,99,99,88,88,0,0,0,1,0
12,120369,1,1,0,1,1,2,2,71,0,9,3,2012,6,19,44,0,6,4,CR-865,,0,26.41251111,-81.89988333,0,8,0,0,1,1,0,1,3,1,0,1,0,0000000,99,99,99,99,88,88,0,0,0,1,1
12,120370,1,1,0,0,0,2,2,97,0,9,3,2012,6,23,25,0,3,2,US-192,,99998,28.33267222,-81.56998611,0,59,0,0,1,1,0,4,3,1,0,1,0,0000000,23,28,23,37,99,99,0,0,0,1,1
12,120371,1,1,0,1,1,1,1,113,0,9,3,2012,6,18,35,1,13,2,US-98,,99998,30.40975556,-86.81991389,0,8,0,0,1,1,0,1,2,10,0,10,0,0000000,99,99,99,99,99,99,0,0,0,1,0
12,120372,1,1,0,0,0,1,1,131,0,9,3,2012,6,1,35,0,6,4,CR-83A (WEST BAYLOOP ROAD),,0,30.48687778,-86.18989167,0,34,0,0,1,1,0,4,2,5,0,5,0,0000000,99,99,99,99,88,88,0,0,0,1,1
12,120373,2,2,0,0,0,2,2,86,0,10,3,2012,7,7,35,0,13,2,US-41,,99998,25.76091111,-80.44827778,0,12,1,0,1,1,0,1,1,1,0,1,0,0000000,99,99,99,99,99,99,0,0,0,1,0
12,120374,1,1,0,1,1,1,1,31,1510,10,3,2012,7,20,48,0,16,6,OLD ST AUGUSTINE ROAD,,0,30.20034167,-81.61567222,0,8,0,0,1,1,0,1,3,1,0,1,0,0000000,99,99,99,99,99,99,0,0,0,1,0
12,120375,1,1,0,0,0,1,1,81,0,10,3,2012,7,22,45,1,2,3,SR-70,,99998,27.41954444,-82.36448611,0,1,0,0,1,1,0,1,2,1,0,1,0,0000000,22,46,22,52,88,88,0,0,0,1,1
12,120376,3,3,0,0,0,4,4,95,0,10,3,2012,7,21,4,0,13,3,SR-50,CHULUOTA ROAD,99998,28.56076667,-81.12965,0,12,6,0,2,2,0,1,2,1,0,1,0,0000000,99,99,99,99,99,99,0,0,0,1,1
12,120377,1,1,0,0,0,3,3,105,0,10,3,2012,7,4,5,0,6,5,OLD BARTOW/EAGLE LAKE ROAD,,0,27.91155278,-81.83811111,0,42,0,0,1,1,0,5,2,10,0,10,0,0000000,99,99,99,99,99,99,0,0,0,1,1
12,120378,2,2,0,0,0,3,3,86,0,10,3,2012,7,21,27,0,14,3,SR-973 (24TH STREET),SR-973,99998,25.74796944,-80.33540278,0,12,6,0,2,2,0,1,3,1,0,1,0,0000000,99,99,99,99,99,99,0,0,0,2,0
12,120379,1,1,0,0,0,1,1,11,771,10,3,2012,7,19,23,1,13,1,I-595 RAMP,SR-84 MARINA MILE,99998,26.08305278,-80.19835278,0,21,0,1,5,1,0,4,3,1,0,1,0,0000000,99,99,99,99,88,88,0,0,0,1,1
12,120380,1,1,0,1,1,1,1,1,1130,10,3,2012,7,9,12,0,15,3,SR-329 (NORTH MAIN STREET),,99998,29.65381111,-82.32500278,0,9,0,0,1,1,0,1,1,10,0,10,0,0000000,99,99,99,99,99,99,0,0,0,1,0
12,120381,1,1,0,0,0,2,2,86,0,11,3,2012,1,5,45,1,13,3,SR-821 FLORIDA TURNPIKE RAMP,NW 41ST STREET,99998,25.81524444,-80.387,0,30,0,1,5,1,0,4,3,10,0,10,0,0000000,99,99,99,99,88,88,0,0,0,2,0