STATE,ST_CASE,VE_TOTAL,VE_FORMS,PVH_INVL,PEDS,PERNOTMVIT,PERMVIT,PERSONS,COUNTY,CITY,DAY,MONTH,YEAR,DAY_WEEK,HOUR,MINUTE,NHS,ROAD_FNC,ROUTE,TWAY_ID,TWAY_ID2,MILEPT,LATITUDE,LONGITUD,SP_JUR,HARM_EV,MAN_COLL,RELJCT1,RELJCT2,TYP_INT,WRK_ZONE,REL_ROAD,LGT_COND,WEATHER1,WEATHER2,WEATHER,SCH_BUS,RAIL,NOT_HOUR,NOT_MIN,ARR_HOUR,ARR_MIN,HOSP_HR,HOSP_MN,CF1,CF2,CF3,FATALS,DRUNK_DR
12,120382,1,1,0,0,0,1,1,53,0,11,3,2012,1,0,40,0,6,5,DEMPSEY ROAD,MALVERN STREET,0,28.60123611,-82.31786111,0,1,0,0,3,1,0,1,2,1,0,1,0,0000000,99,99,99,99,88,88,0,0,0,1,1
12,120383,2,2,0,0,0,2,2,53,0,11,3,2012,1,21,40,0,6,4,CR-597 (SHOAL LINE BLVD),JEWFISH DRIVE,0,28.47075556,-82.65030556,0,12,6,0,2,3,0,1,3,1,0,1,0,0000000,99,99,99,99,88,88,0,0,0,1,0
12,120384,2,2,0,0,0,2,2,87,0,11,3,2012,1,7,47,1,13,2,US-1,ED SWIFT RD,99998,24.59617778,-81.65882778,0,12,1,0,2,3,0,1,1,1,0,1,0,0000000,99,99,99,99,88,88,0,0,0,1,0
12,120385,1,1,0,0,0,1,1,131,0,11,3,2012,1,17,57,0,6,4,CR-3280,,0,30.42102222,-86.01616667,0,32,0,0,1,1,0,4,1,10,0,10,0,0000000,99,99,99,99,88,88,0,0,0,1,1
12,120386,2,2,0,0,0,4,4,19,0,12,3,2012,2,14,48,0,6,3,SR-23,,0,30.10365833,-81.83080833,0,12,6,0,1,1,0,1,1,1,0,1,0,0000000,99,99,99,99,99,99,0,0,0,1,0
12,120388,1,1,0,1,1,1,1,101,0,12,3,2012,2,6,22,0,13,3,SR-54,CR-589,99998,28.18928889,-82.54450278,0,9,0,0,3,2,0,1,3,10,0,10,0,0000000,99,99,99,99,88,88,0,0,0,1,0
12,120389,3,3,0,0,0,6,6,35,0,12,3,2012,2,13,0,0,3,3,SR-A1A,WASHINGTON OAKS GARDENS,99998,29.63466944,-81.20423056,0,12,7,0,3,2,0,1,1,1,0,1,0,0000000,99,99,99,99,99,99,0,0,0,1,0
12,120390,3,3,0,0,0,4,4,69,0,13,3,2012,3,8,52,0,6,4,CR-437,,0,28.86226111,-81.55139722,0,12,2,0,1,1,0,1,1,1,0,1,0,0000000,99,99,99,99,99,99,0,0,0,1,0
12,120391,1,1,0,0,0,3,3,111,0,13,3,2012,3,15,29,0,13,3,SR-614,,99998,27.52187222,-80.44481389,0,1,0,0,1,1,0,4,1,1,0,1,0,0000000,99,99,99,99,99,99,0,0,0,1,1
12,120392,3,2,1,0,0,6,6,15,0,14,3,2012,4,16,17,1,11,1,I-75,,99998,27.02124167,-82.04746389,0,14,0,1,5,1,0,4,1,1,0,1,0,0000000,99,99,99,99,99,99,14,0,0,1,0
12,120394,1,1,0,1,1,1,1,87,1568,14,3,2012,4,6,59,1,13,2,US-1,SUNSET BLVD,99998,25.09842778,-80.43646944,0,8,0,0,3,2,0,1,4,1,0,1,0,0000000,99,99,99,99,88,88,0,0,0,1,0
12,120395,1,1,0,0,0,3,3,95,0,15,3,2012,5,8,19,0,6,5,CYPRESS SPRINGS PARKWAY,,0,28.51614722,-81.22995556,0,33,0,0,1,1,0,3,1,1,0,1,0,0000000,99,99,99,99,99,99,0,0,0,1,0
12,120397,2,2,0,0,0,2,2,95,0,16,3,2012,6,18,50,0,6,4,CR-431,,0,28.55946111,-81.44965278,0,12,7,0,1,1,0,1,1,1,0,1,0,0000000,18,56,18,57,19,2,0,0,0,1,1
12,120398,2,2,0,0,0,2,2,99,2431,16,3,2012,6,10,55,1,11,1,I-95,,99998,26.88303056,-80.12921111,0,1,0,0,1,1,0,4,1,1,0,1,0,0000000,99,99,99,99,99,99,0,0,0,1,0
12,120399,2,2,0,0,0,2,2,127,0,16,3,2012,6,7,0,0,13,2,US-1,CR-2813,99998,29.30969167,-81.09898889,0,12,6,1,2,3,0,1,1,1,0,1,0,0000000,99,99,99,99,88,88,0,0,0,1,1
12,120401,2,2,0,0,0,3,3,9,2005,16,3,2012,6,21,20,0,16,5,NORTH BANANA RIVER DRIVE,,0,28.37477222,-80.66936944,0,11,0,0,1,1,0,1,3,1,0,1,0,0000000,99,99,99,99,99,99,0,0,0,1,0
12,120402,1,1,0,0,0,1,1,81,0,16,3,2012,6,0,40,1,11,1,I-75,,99998,27.48540278,-82.46892778,0,1,0,0,1,1,0,4,2,1,0,1,0,0000000,99,99,99,99,88,88,0,0,0,1,0
12,120403,3,3,0,0,0,5,5,83,0,16,3,2012,6,15,53,0,13,3,SR-40,,99998,29.21866944,-82.04725278,0,12,1,0,1,1,0,1,1,1,0,1,0,0000000,99,99,99,99,99,99,0,0,0,2,0
12,120404,1,1,0,1,1,1,1,17,0,17,3,2012,7,0,3,0,13,3,SR-200,EAST WAGON TRAIL,99998,28.92874444,-82.37671667,0,8,0,0,3,3,0,1,2,1,0,1,0,0000000,99,99,99,99,88,88,0,0,0,1,0
12,120405,1,1,0,1,1,8,8,21,0,17,3,2012,7,20,19,0,3,3,SR-82,,99998,26.49295556,-81.46337778,0,8,0,0,1,1,0,1,3,1,0,1,0,0000000,99,99,99,99,99,99,0,0,0,1,0
12,120406,1,1,0,0,0,2,2,95,2360,17,3,2012,7,2,26,0,6,5,S HIAWASSEE ROAD,,0,28.51885,-81.47953889,0,42,0,0,1,1,0,3,3,1,0,1,0,0000000,99,99,99,99,99,99,0,0,0,1,1
12,120407,1,1,0,0,0,1,1,95,0,17,3,2012,7,16,43,0,6,4,CR-526,,0,28.53917222,-81.28461944,0,18,0,0,1,1,0,4,1,1,0,1,0,0000000,99,99,99,99,88,88,0,0,0,1,0
12,120408,1,1,0,1,1,1,1,101,0,17,3,2012,7,23,50,0,13,2,US-98 (LOCK STREET),US-301,99998,28.37608889,-82.19234167,0,8,0,0,3,1,0,1,2,1,0,1,0,0000000,23,47,23,51,99,99,0,0,0,1,1
12,120409,2,1,1,2,3,1,2,86,0,18,3,2012,1,1,54,1,12,3,SR-821,,99998,25.4838,-80.42980278,0,8,0,0,1,1,0,4,2,10,0,10,0,0000000,99,99,99,99,88,88,23,0,0,2,0
12,120410,2,2,0,0,0,4,4,86,1340,18,3,2012,1,3,30,1,12,3,SR-924,,99998,25.88259722,-80.25071944,0,12,2,0,1,1,0,1,3,1,0,1,0,0000000,99,99,99,99,88,88,0,0,0,4,1
12,120411,2,2,0,0,0,2,2,71,0,12,3,2012,2,15,52,1,11,1,I-75,,99998,26.57185278,-81.79198611,0,12,7,0,1,1,0,1,1,1,0,1,0,0000000,99,99,99,99,88,88,0,0,0,1,0
12,120412,2,2,0,0,0,4,4,5,0,19,3,2012,2,13,43,1,2,2,US-98,CROOKED ISLAND BEACH RD,99998,29.95366111,-85.42743889,0,12,1,0,2,3,0,1,1,1,0,1,0,0000000,99,99,99,99,99,99,0,0,0,1,0
12,120413,2,2,0,0,0,3,3,71,0,19,3,2012,2,13,51,0,14,3,SR-865,HEITMAN ST,99998,26.64076944,-81.87140833,0,12,6,0,2,3,0,1,1,1,0,1,0,0000000,99,99,99,99,99,99,0,0,0,1,0
12,120414,2,2,0,0,0,2,2,69,0,25,3,2012,1,13,5,0,6,4,CR-44,,0,28.873425,-81.76448889,0,12,1,0,1,1,0,1,1,1,0,1,0,0000000,99,99,99,99,99,99,0,0,0,1,0
12,120415,2,2,0,0,0,4,4,95,0,17,3,2012,7,19,34,0,13,3,SR-434,PASTEUR DR,99998,28.59656944,-81.20784722,0,12,7,0,2,3,0,1,5,1,0,1,0,0000000,99,99,99,99,99,99,0,0,0,1,1
12,120416,3,3,0,0,0,5,5,9,0,10,3,2012,7,2,18,1,11,1,I-95,,99998,27.93095833,-80.60404722,0,12,1,0,1,1,0,1,2,10,0,10,0,0000000,99,99,99,99,99,99,0,0,0,2,1
12,120417,2,2,0,0,0,2,2,57,2950,27,2,2012,2,19,36,0,13,2,US-92 (HILLSBOROUGH AVE),,99998,27.99628056,-82.49376111,0,12,1,0,1,1,0,4,3,1,0,1,0,0000000,99,99,99,99,99,99,0,0,0,1,1
12,120418,1,1,0,1,1,1,1,57,2950,11,3,2012,1,20,48,0,13,3,SR-580 (BUSCH BLVD),NORTH BLVD,99998,28.03322222,-82.46778611,0,8,0,0,3,2,0,1,3,1,0,1,0,0000000,99,99,99,99,99,99,0,0,0,1,0
12,120419,1,1,0,1,1,1,1,99,0,14,1,2012,7,6,51,0,13,3,SR-809,,99998,26.70321944,-80.11111111,0,8,0,0,1,1,0,1,4,10,0,10,0,0000000,99,99,99,99,88,88,0,0,0,1,0
12,120420,1,1,0,0,0,1,1,99,0,2,3,2012,6,18,54,0,6,8,158TH DRIVE,,0,26.91000556,-80.19856389,0,53,0,0,1,1,0,4,2,1,0,1,0,0000000,99,99,99,99,88,88,0,0,0,1,1
12,120421,2,2,0,0,0,3,3,101,0,4,1,2012,4,13,57,0,6,4,CR-535(CHANCEY ROAD),CR-54,0,28.25183056,-82.14696944,0,12,6,1,2,2,0,1,1,10,0,10,0,0000000,13,57,14,7,99,99,0,0,0,1,0
12,120422,2,2,0,0,0,5,5,57,0,5,1,2012,5,6,15,0,13,2,US-301,WALKER ROAD,99998,28.04903056,-82.33888611,0,12,6,1,2,2,0,1,3,10,0,10,0,0000000,99,99,99,99,99,99,0,0,0,1,0
12,120423,1,1,0,1,1,1,1,101,0,6,1,2012,6,19,0,0,6,4,CR-577,,0,28.31786944,-82.27436111,0,8,0,0,1,1,0,1,2,1,0,1,0,0000000,8,45,8,51,88,88,18,0,0,1,0
12,120424,1,1,0,0,0,1,1,107,0,10,1,2012,3,22,15,1,2,3,SR-20,,99998,29.628025,-81.80628889,0,33,0,0,1,1,0,3,2,1,0,1,0,0000000,99,99,99,99,99,99,0,0,0,1,1
12,120425,2,2,0,0,0,3,3,5,0,21,1,2012,7,22,45,1,13,2,US-98,EAST LAKE SHORE DRIVE,99998,30.24375,-85.91975,0,12,6,0,2,2,0,1,3,1,0,1,0,0000000,99,99,99,99,88,88,0,0,0,1,1
12,120426,1,1,0,1,1,1,1,99,0,21,4,2012,7,23,48,0,16,8,OVERLOOK ROAD,,0,26.56824444,-80.05808056,0,8,0,0,1,1,0,1,3,1,0,1,0,0000000,99,99,99,99,99,99,0,0,0,1,0
12,120427,1,1,0,1,1,1,1,95,0,29,1,2012,1,22,45,0,13,3,SR-436,HANGING MOSS ROAD,99998,28.57893333,-81.308975,0,9,0,0,3,3,0,1,2,1,0,1,0,0000000,99,99,99,99,99,99,0,0,0,1,0
12,120428,2,2,0,0,0,4,4,86,1345,1,2,2012,4,0,10,1,13,2,US-27,,99998,25.90163889,-80.38632222,0,12,7,0,1,1,0,1,3,1,0,1,0,0000000,99,99,99,99,99,99,0,0,0,1,0
12,120429,2,2,0,0,0,3,3,99,0,10,2,2012,6,18,2,0,13,3,SR-809,CLEMENS ST,99998,26.62537222,-80.11330833,0,12,6,0,2,3,0,1,5,2,0,2,0,0000000,99,99,99,99,99,99,0,0,0,2,1
12,120430,2,2,0,0,0,3,3,95,0,18,2,2012,7,14,37,1,2,3,SR-528,,99998,28.45235,-81.00682222,0,24,0,0,1,1,0,3,1,10,0,10,0,0000000,99,99,99,99,99,99,0,0,0,1,0
12,120431,2,1,1,2,2,2,2,31,1510,25,2,2012,7,18,25,9,99,9,ARGYLE FOREST BLVD,,99998,30.2235,-81.7617,0,14,0,0,1,1,0,5,5,1,0,1,0,0000000,99,99,99,99,99,99,0,0,0,1,0
12,120432,1,1,0,0,0,1,1,21,0,26,2,2012,1,3,2,0,6,8,LELY RESORT BLVD,,0,26.07269722,-81.70554722,0,42,0,0,1,1,0,5,3,1,0,1,0,0000000,99,99,99,99,88,88,0,0,0,1,1
12,120433,1,1,0,1,1,3,3,95,0,27,2,2012,2,19,34,0,14,3,SR-423 (JOHN YOUNG PKWY),,99998,28.54068889,-81.41359444,0,8,0,0,1,1,0,1,3,1,0,1,0,0000000,99,99,99,99,99,99,0,0,0,1,0
12,120434,2,2,0,0,0,2,2,99,0,2,3,2012,6,14,12,0,13,3,SR-7,BOCA CHASE DR,99998,26.40634722,-80.20391667,0,12,6,0,2,2,0,1,1,1,0,1,0,0000000,99,99,99,99,99,99,0,0,0,1,0
12,120435,1,1,0,1,1,1,1,71,0,10,3,2012,7,21,8,0,6,8,CLEVELAND AVE,PALM DR,0,26.5706,-81.87181111,0,9,0,0,3,2,0,1,3,10,0,10,0,0000000,99,99,99,99,99,99,0,0,0,1,0
12,120436,1,1,0,0,0,1,1,127,2810,11,3,2012,1,16,35,0,6,4,CR-305,,0,29.32368333,-81.45703333,0,59,0,0,1,1,0,4,1,10,0,10,0,0000000,99,99,99,99,99,99,0,0,0,1,1
12,120437,1,1,0,0,0,2,2,71,0,11,3,2012,1,16,59,1,11,1,I-75 RAMP,,99998,26.71466667,-81.812725,0,33,0,1,5,1,0,10,5,10,0,10,0,0000000,99,99,99,99,99,99,0,0,0,1,1
12,120438,1,1,0,0,0,1,1,81,0,12,3,2012,2,3,13,0,13,2,US-301,,99998,27.42056944,-82.53289167,0,1,0,0,1,1,0,3,3,10,0,10,0,0000000,3,15,3,23,88,88,0,0,0,1,1
12,120440,1,1,0,0,0,4,4,87,0,13,3,2012,3,17,43,1,2,2,US-1,,99998,25.01129444,-80.51536944,0,31,0,0,1,1,0,4,1,1,0,1,0,0000000,99,99,99,99,99,99,0,0,0,1,1
12,120442,4,4,0,0,0,9,9,73,2940,17,3,2012,7,22,6,0,13,2,US-27 MONROE STREET,US-90 TENNESSEE STREET,99998,30.44469444,-84.280675,0,12,1,0,2,2,0,1,3,1,0,1,0,0000000,99,99,99,99,99,99,0,0,0,3,0
12,120443,1,1,0,0,0,1,1,19,0,21,3,2012,4,1,50,0,6,4,CR-217,,0,30.16131944,-81.99933333,0,1,0,0,1,1,0,4,3,1,0,1,0,0000000,99,99,99,99,88,88,0,0,0,1,1
12,120444,1,1,0,0,0,2,2,65,0,23,3,2012,6,15,9,1,11,1,I-10,,99998,30.472925,-83.84146944,0,1,0,0,1,1,0,3,1,10,0,10,0,0000000,99,99,99,99,99,99,0,0,0,1,0
12,120445,1,1,0,0,0,1,1,21,0,24,3,2012,7,17,25,0,13,2,US-41,,99998,26.05409722,-81.68486111,0,1,0,0,1,1,0,4,1,1,0,1,0,0000000,99,99,99,99,99,99,0,0,0,1,0
12,120446,4,4,0,0,0,6,6,73,2940,24,3,2012,7,15,17,0,16,6,ORANGE AVENUE EAST,,0,30.41067222,-84.24331389,0,12,2,0,1,1,0,1,1,1,0,1,0,0000000,99,99,99,99,99,99,14,0,0,1,0
12,120447,1,1,0,0,0,6,6,109,0,24,3,2012,7,15,45,1,1,1,I-95,,99998,29.93446389,-81.42398056,0,1,0,0,1,1,0,5,1,10,0,10,0,0000000,99,99,99,99,99,99,0,0,0,1,0
12,120448,1,1,0,0,0,2,2,29,0,25,3,2012,1,2,0,0,6,8,SW 466TH AVENUE,,0,29.47946944,-83.182425,0,43,0,0,1,1,0,5,2,10,0,10,0,0000000,99,99,99,99,88,88,0,0,0,1,1
12,120449,2,2,0,0,0,2,2,95,0,25,3,2012,1,19,0,0,6,5,INTERNATIONAL DRIVE,WORKD GATE DRIVE,0,28.35552222,-81.50509722,0,12,6,1,2,3,0,1,1,1,0,1,0,0000000,99,99,99,99,99,99,0,0,0,1,1
12,120450,1,1,0,0,0,1,1,49,0,26,3,2012,2,12,40,0,6,4,CR-664A,,0,27.58655278,-81.79410833,0,32,0,0,1,1,0,5,1,1,0,1,0,0000000,99,99,99,99,88,88,0,0,0,1,0
12,120451,1,1,0,0,0,1,1,115,0,26,3,2012,2,9,30,0,16,5,WILKINSON ROAD,,0,27.28953889,-82.45656111,0,42,0,0,1,1,0,5,1,1,0,1,0,0000000,99,99,99,99,99,99,0,0,0,1,0
12,120452,1,1,0,0,0,2,2,63,0,27,3,2012,3,14,17,1,11,1,I-10,,99998,30.74553611,-85.25653333,0,1,0,0,1,1,0,1,1,1,0,1,0,0000000,99,99,99,99,99,99,0,0,0,1,0
12,120453,2,2,0,0,0,3,3,3,1153,29,3,2012,5,23,40,0,6,4,CR-125,ANDREWS ST,0,30.27377222,-82.16041944,0,12,6,0,2,2,0,1,3,1,0,1,0,0000000,99,99,99,99,99,99,0,0,0,1,1
12,120454,2,2,0,0,0,3,3,31,1510,30,3,2012,6,17,13,0,14,3,SR-104,REGENCY DR,99998,30.42983889,-81.66389722,0,12,6,0,2,2,0,1,1,1,0,1,0,0000000,99,99,99,99,99,99,0,0,0,1,1
12,120455,1,1,0,0,0,1,1,99,0,30,3,2012,6,7,39,1,2,2,US-98,,99998,26.72606667,-80.61145278,0,46,0,0,6,1,0,1,1,1,0,1,0,853357B,99,99,99,99,88,88,0,0,0,1,0
12,120456,1,1,0,0,0,1,1,11,672,31,3,2012,7,1,28,0,16,6,ROCK ISLAND RD,,0,26.27854444,-80.22154722,0,42,0,0,1,1,0,3,3,1,0,1,0,0000000,99,99,99,99,99,99,0,0,0,1,0
12,120457,1,1,0,0,0,1,1,31,1510,2,4,2012,2,20,5,0,6,6,SAN PABLO RD,,0,30.2405,-81.4424,0,42,0,0,1,1,0,5,3,1,0,1,0,0000000,99,99,99,99,88,88,0,0,0,1,1
12,120458,2,2,0,0,0,2,2,119,0,3,4,2012,3,18,49,1,11,1,I-75,,99998,28.64316944,-82.16,0,12,9,0,1,1,0,1,1,1,0,1,0,0000000,99,99,99,99,88,88,0,0,0,1,0
12,120459,2,2,0,0,0,2,2,81,0,3,4,2012,3,23,35,0,13,2,US-41B,,99998,27.54193611,-82.56358611,0,12,2,0,1,1,0,1,3,1,0,1,0,0000000,99,99,99,99,99,99,0,0,0,1,0
12,120460,1,1,0,0,0,1,1,103,0,4,4,2012,4,20,40,1,11,1,I-275 RAMP,,99998,27.89343889,-82.644875,0,25,0,1,5,1,0,4,3,10,0,10,0,0000000,99,99,99,99,88,88,0,0,0,1,0
12,120461,2,2,0,0,0,2,2,57,0,5,4,2012,5,6,18,1,2,2,US-301,,99998,28.09895278,-82.25433611,0,12,2,0,1,1,0,1,2,1,0,1,0,0000000,99,99,99,99,99,99,0,0,0,1,0
12,120462,2,2,0,0,0,2,2,83,0,5,4,2012,5,8,38,0,6,5,SE 112TH ST ROAD,,0,29.04980833,-82.06291944,0,12,6,0,8,1,0,1,1,1,0,1,0,0000000,99,99,99,99,99,99,0,0,0,1,0
12,120463,2,2,0,0,0,2,2,129,0,5,4,2012,5,14,20,1,2,2,US-319,EMMETT WHALEY RD,99998,30.12424444,-84.38578333,0,12,6,0,2,3,0,1,1,10,0,10,0,0000000,99,99,99,99,99,99,0,0,0,1,2
12,120464,1,1,0,0,0,2,2,86,0,6,4,2012,6,5,18,1,12,3,SR-836,,99998,25.7813,-80.36730278,0,24,0,0,1,1,0,4,3,1,0,1,0,0000000,99,99,99,99,99,99,0,0,0,1,0
12,120465,1,1,0,0,0,1,1,65,0,6,4,2012,6,11,15,0,6,4,CR-158B,,0,30.4711,-83.91062222,0,32,0,0,1,1,0,4,1,1,0,1,0,0000000,99,99,99,99,88,88,0,0,0,1,0
12,120466,1,1,0,0,0,1,1,105,1690,6,4,2012,6,14,30,0,13,3,SR-400 RAMP,SR-546,99998,28.05122222,-82.01254167,0,24,0,1,5,1,0,4,1,1,0,1,0,0000000,99,99,99,99,88,88,0,0,0,1,0
12,120467,2,2,0,0,0,3,3,105,0,6,4,2012,6,23,45,0,13,2,US-98,,99998,28.17588056,-81.98709722,0,12,1,0,1,1,0,1,2,1,0,1,0,0000000,99,99,99,99,99,99,0,0,0,1,0
12,120469,1,1,0,0,0,2,2,35,0,7,4,2012,7,2,30,0,6,5,MATANZAS WOODS PARKWAY,,0,29.60309444,-81.27591389,0,42,0,0,1,1,0,5,3,1,0,1,0,0000000,99,99,99,99,99,99,0,0,0,1,1
12,120470,2,2,0,0,0,4,4,71,0,7,4,2012,7,3,38,0,6,4,CR-876 DANIELS PARKWAY,RIVERSIDE CENTER COURT,0,26.54708611,-81.81238611,0,12,6,0,2,2,0,1,3,1,0,1,0,0000000,99,99,99,99,99,99,0,0,0,1,1
12,120471,1,1,0,0,0,1,1,113,0,7,4,2012,7,1,0,1,13,2,US-98,,99998,30.37605278,-87.11682222,0,30,0,0,1,1,0,4,2,1,0,1,0,0000000,99,99,99,99,88,88,0,0,0,1,0
12,120472,2,2,0,0,0,2,2,53,0,24,2,2012,6,19,7,1,13,2,US-19,BALM STREET,99998,28.50371111,-82.588025,0,12,6,0,8,1,0,1,5,1,0,1,0,0000000,99,99,99,99,99,99,0,0,0,1,0
12,120473,1,1,0,0,0,2,2,57,0,26,2,2012,1,11,0,0,6,8,LITHIA PINE CREST ROAD,,0,27.85063889,-82.11280556,0,31,0,0,1,1,0,5,1,1,0,1,0,0000000,99,99,99,99,88,88,0,0,0,1,0
12,120474,1,1,0,0,0,1,1,127,2190,13,3,2012,3,4,35,1,11,1,I-95,,99998,28.99675833,-80.97700833,0,1,0,0,1,1,0,4,2,1,0,1,0,0000000,99,99,99,99,88,88,0,0,0,1,0
12,120475,2,2,0,0,0,19,19,111,0,26,3,2012,2,15,45,1,2,3,SR-70,CR-712,99998,27.37555,-80.48560278,0,12,6,1,2,3,0,1,1,1,0,1,1,0000000,99,99,99,99,99,99,0,0,0,1,0
12,120477,1,1,0,0,0,1,1,83,0,4,4,2012,4,21,40,0,14,3,SR-35,,99998,29.13946111,-82.05361111,0,1,0,0,1,1,0,3,2,1,0,1,0,0000000,99,99,99,99,88,88,0,0,0,1,0
12,120478,2,2,0,0,0,2,2,103,0,4,4,2012,4,4,44,0,14,3,SR-686,28TH STREET NORTH,99998,27.88598056,-82.66898611,0,12,6,1,2,2,0,1,3,10,0,10,0,0000000,4,45,4,50,88,88,0,0,0,1,0
12,120480,1,1,0,0,0,1,1,103,2740,7,4,2012,7,3,45,1,11,1,I-275,,99998,27.79302778,-82.660775,0,24,0,0,1,1,0,4,3,10,0,10,0,0000000,3,46,3,49,88,88,0,0,0,1,0
12,120481,1,1,0,1,1,1,1,91,0,8,4,2012,1,5,0,1,13,2,US-98,,99998,30.39535556,-86.57738889,0,9,0,0,1,1,4,1,2,1,0,1,0,0000000,99,99,99,99,88,88,0,0,0,1,0
12,120482,2,2,0,0,0,7,7,97,0,8,4,2012,1,13,3,0,6,5,BOGGY CREEK ROAD,,0,28.32448889,-81.33513056,0,12,1,0,1,1,0,1,1,1,0,1,0,0000000,99,99,99,99,99,99,0,0,0,1,0
12,120484,3,3,0,0,0,5,5,117,0,9,4,2012,2,6,55,0,14,3,SR-415,,99998,28.79799722,-81.21262222,0,12,8,0,1,1,0,1,4,1,0,1,0,0000000,99,99,99,99,99,99,0,0,0,1,0
12,120485,3,3,0,0,0,3,3,111,0,10,4,2012,3,0,1,1,12,3,SR-91 FLORIDAS,,99998,27.22274444,-80.33986389,0,12,1,0,1,1,0,1,2,1,0,1,0,0000000,99,99,99,99,99,99,0,0,0,1,0
12,120486,1,1,0,1,1,1,1,63,0,7,4,2012,7,23,45,0,3,2,US-90,,99998,30.74386667,-85.15894722,0,8,0,0,1,1,0,1,2,1,0,1,0,0000000,99,99,99,99,88,88,0,0,0,1,0
12,120487,2,2,0,0,0,2,2,57,2950,4,3,2012,1,3,31,1,13,3,SR-60,FRONTAGE ROAD,99998,27.95806667,-82.538075,0,12,6,0,2,2,0,1,3,10,0,10,0,0000000,99,99,99,99,99,99,0,0,0,1,0
12,120488,2,2,0,0,0,2,2,105,1740,6,2,2012,2,1,42,1,13,2,US-27,,99998,27.94395,-81.61479444,0,12,1,0,1,1,0,1,2,10,0,10,0,0000000,99,99,99,99,88,88,0,0,0,1,1
12,120489,2,2,0,0,0,5,5,1,1130,12,2,2012,1,11,10,0,13,3,SR-222,52ND ST,99998,29.67360278,-82.26183889,0,12,2,0,2,3,0,1,1,1,0,1,0,0000000,99,99,99,99,99,99,0,0,0,1,0
12,120490,1,1,0,0,0,1,1,21,0,23,2,2012,5,4,0,0,6,8,GRAND LELY DR,,0,26.08735833,-81.69118056,0,1,0,0,1,1,0,4,3,1,0,1,0,0000000,99,99,99,99,88,88,0,0,0,1,1
12,120491,1,1,0,0,0,1,1,86,0,26,2,2012,1,6,30,0,6,8,147TH AVE,,0,25.55303611,-80.42920833,0,42,0,0,1,1,0,5,1,10,0,10,0,0000000,99,99,99,99,99,99,0,0,0,1,0
12,120492,1,1,0,1,1,1,1,105,0,5,3,2012,2,0,0,0,6,5,COUNTRY CLUB ROAD,,0,28.12719444,-81.45922222,0,9,0,0,1,1,0,4,2,1,0,1,0,0000000,99,99,99,99,99,99,0,0,0,1,0
12,120493,2,2,0,0,0,2,2,86,0,8,3,2012,5,23,32,1,12,3,SR-826,,99998,25.71515278,-80.31794444,0,12,1,0,1,1,0,1,2,10,0,10,0,0000000,99,99,99,99,88,88,0,0,0,1,1
12,120494,1,1,0,1,1,1,1,11,0,12,3,2012,2,7,55,1,11,1,I-595,,99998,26.08376944,-80.20265278,0,8,0,0,5,1,2,1,1,10,0,10,0,0000000,99,99,99,99,88,88,0,0,0,1,0
12,120495,3,3,0,0,0,3,3,107,0,12,3,2012,2,22,15,0,13,2,US-17,,99998,29.58106111,-81.61878889,0,12,1,0,1,1,0,1,2,10,0,10,0,0000000,99,99,22,17,99,99,0,0,0,2,0
12,120496,2,2,0,0,0,2,2,35,1020,16,3,2012,6,12,48,0,13,3,SR-A1A,,99998,29.50778056,-81.14034167,0,12,6,0,1,1,0,1,1,1,0,1,0,0000000,99,99,99,99,99,99,0,0,0,1,0
12,120497,4,4,0,0,0,4,4,127,0,17,3,2012,7,20,45,0,14,3,SR-A1A,,99998,29.41230278,-81.09575,0,1,0,0,1,1,0,1,2,1,0,1,0,0000000,99,99,99,99,99,99,0,0,0,1,1
12,120498,2,2,0,0,0,2,2,99,820,17,3,2012,7,17,1,0,16,6,LINTON BLVD,S MILITARY TRAIL,0,26.43928056,-80.12214167,0,12,6,0,2,2,0,1,1,1,0,1,0,0000000,99,99,99,99,99,99,0,0,0,1,0
12,120499,2,2,0,0,0,4,4,89,0,22,3,2012,5,7,0,1,2,3,SR-200,I-95,99998,30.61898889,-81.65081944,0,12,6,1,2,2,0,1,1,1,0,1,0,0000000,99,99,99,99,99,99,0,0,0,1,0
12,120500,2,2,0,0,0,2,2,11,2083,24,3,2012,7,12,37,0,14,3,SR-852,,99998,25.97230278,-80.22430556,0,12,6,0,1,1,0,1,1,1,0,1,0,0000000,99,99,99,99,88,88,0,0,0,1,0
12,120502,3,3,0,0,0,10,10,15,0,26,3,2012,2,8,40,1,11,1,I-75,,99998,26.89907778,-82.00625278,0,12,7,0,1,1,0,1,1,1,0,1,0,0000000,99,99,99,99,99,99,0,0,0,1,0
12,120503,1,1,0,1,1,1,1,127,780,26,3,2012,2,23,6,0,6,4,CR-4009,,0,29.24989722,-81.10904167,0,8,0,0,1,1,0,1,2,1,0,1,0,0000000,99,99,99,99,88,88,0,0,0,1,0
12,120504,2,2,0,0,0,3,3,103,0,3,4,2012,3,3,3,0,13,3,SR-688,66TH ST,99998,27.89381389,-82.72858889,0,12,1,0,2,2,0,1,3,1,0,1,0,0000000,99,99,99,99,99,99,0,0,0,1,1