STATE,ST_CASE,VE_TOTAL,VE_FORMS,PVH_INVL,PEDS,PERNOTMVIT,PERMVIT,PERSONS,COUNTY,CITY,DAY,MONTH,YEAR,DAY_WEEK,HOUR,MINUTE,NHS,ROAD_FNC,ROUTE,TWAY_ID,TWAY_ID2,MILEPT,LATITUDE,LONGITUD,SP_JUR,HARM_EV,MAN_COLL,RELJCT1,RELJCT2,TYP_INT,WRK_ZONE,REL_ROAD,LGT_COND,WEATHER1,WEATHER2,WEATHER,SCH_BUS,RAIL,NOT_HOUR,NOT_MIN,ARR_HOUR,ARR_MIN,HOSP_HR,HOSP_MN,CF1,CF2,CF3,FATALS,DRUNK_DR
12,120505,2,2,0,1,1,5,5,55,0,3,4,2012,3,10,34,1,2,3,SR-70,,99998,27.23638056,-80.99088889,0,12,6,0,8,1,0,1,1,1,0,1,0,0000000,99,99,99,99,88,88,0,0,0,1,0
12,120506,2,2,0,0,0,2,2,117,2770,5,4,2012,5,16,40,0,13,3,SR-46,ROSS LAKE LANE,99998,28.814625,-81.40021944,0,12,6,0,2,3,4,1,1,1,0,1,0,0000000,99,99,99,99,99,99,0,0,0,1,0
12,120507,2,2,0,0,0,7,7,99,0,9,3,2012,6,20,5,0,13,2,US-441,SANDALFOOT BLVD,99998,26.33578056,-80.2032,0,12,6,0,2,2,0,1,3,1,0,1,0,0000000,99,99,99,99,99,99,0,0,0,2,0
12,120508,2,2,0,0,0,4,4,99,0,13,3,2012,3,19,32,0,14,5,BELVEDERE RD,PIKE RD,99998,26.69206111,-80.16579444,0,12,6,0,2,2,0,1,2,1,0,1,0,0000000,99,99,99,99,99,99,0,0,0,2,0
12,120509,1,1,0,0,0,3,3,99,0,13,3,2012,3,0,27,0,13,3,SR-882,,99998,26.65158889,-80.14126111,0,39,0,0,1,1,0,4,3,10,0,10,0,0000000,99,99,99,99,99,99,0,0,0,1,1
12,120510,1,1,0,1,1,1,1,49,0,7,4,2012,7,12,10,1,13,2,US-17,BOSTICK RD,99998,27.60221389,-81.82368611,0,9,0,0,2,3,0,1,1,1,0,1,0,0000000,99,99,99,99,88,88,0,0,0,1,0
12,120511,3,3,0,0,0,4,4,85,0,7,4,2012,7,16,48,1,11,1,I-95,,99998,27.16238889,-80.38986111,0,12,1,0,1,1,0,1,1,1,0,1,0,0000000,99,99,99,99,99,99,0,0,0,1,1
12,120512,2,2,0,0,0,9,9,111,0,7,4,2012,7,11,45,1,11,1,I-95,,99998,27.33025833,-80.41449722,0,12,7,0,1,1,0,1,1,1,0,1,0,0000000,99,99,99,99,99,99,0,0,0,1,0
12,120513,2,2,0,0,0,2,2,81,0,8,4,2012,1,20,17,0,13,2,US-41,60TH AVE,99998,27.468475,-82.59375556,0,12,6,0,2,2,0,1,3,1,0,1,0,0000000,99,99,99,99,88,88,0,0,0,1,0
12,120514,1,1,0,0,0,1,1,87,1505,8,4,2012,1,6,49,1,13,2,US-1,,99998,24.87797778,-80.69738889,0,42,0,0,1,1,0,5,2,1,0,1,0,0000000,99,99,99,99,88,88,0,0,0,1,0
12,120515,2,2,0,0,0,3,3,31,1510,9,4,2012,2,15,21,0,6,6,OLD ST AUGUSTINE RD,GREENLAND RD,0,30.1607,-81.5995,0,12,2,0,2,2,0,1,1,1,0,1,0,0000000,99,99,99,99,99,99,0,0,0,1,0
12,120516,5,5,0,0,0,5,5,83,0,9,4,2012,2,16,0,0,14,3,SR-35,,99998,29.08282778,-82.05354444,0,12,6,0,8,1,0,1,1,1,0,1,0,0000000,99,99,99,99,99,99,14,0,0,1,0
12,120517,2,2,0,1,1,3,3,101,0,10,4,2012,3,20,59,1,13,2,US-19,,99998,28.20736111,-82.73995278,0,8,0,0,1,1,0,1,3,1,0,1,0,0000000,99,99,99,99,99,99,0,0,0,1,0
12,120518,2,1,1,2,2,1,1,57,0,10,4,2012,3,14,21,0,6,8,PENINSULAR DRIVE,,0,27.85244167,-82.367,0,14,0,0,8,1,0,5,1,1,0,1,0,0000000,99,99,99,99,99,99,0,0,0,1,0
12,120519,2,2,0,0,0,2,2,57,0,10,4,2012,3,16,25,0,13,3,SR-574,,99998,27.98471111,-82.27239444,0,12,6,0,8,1,0,1,1,1,0,1,0,0000000,99,99,99,99,88,88,0,0,0,1,1
12,120520,1,1,0,1,1,2,2,71,0,11,4,2012,4,17,0,0,13,2,US-41,,99998,26.72144444,-81.90508889,0,9,0,0,1,1,0,1,1,1,0,1,0,0000000,99,99,99,99,88,88,0,0,0,1,0
12,120521,2,2,0,0,0,2,2,115,0,12,4,2012,5,21,12,0,6,8,NORTH RIVER ROAD,,0,27.10244167,-82.34516944,0,12,2,0,1,1,0,1,2,1,0,1,0,0000000,99,99,99,99,99,99,0,0,0,2,1
12,120522,2,2,0,0,0,8,8,57,0,12,4,2012,5,6,24,0,13,3,SR-597,,99998,28.06069167,-82.50374444,0,1,0,0,1,1,0,1,4,1,0,1,0,0000000,99,99,99,99,99,99,0,0,0,2,0
12,120523,2,2,0,0,0,2,2,75,3240,12,4,2012,5,6,30,0,16,6,12TH AVE,MAIN ST,0,29.37407778,-82.44962222,0,1,0,0,2,3,0,1,3,1,0,1,0,0000000,99,99,99,99,88,88,0,0,0,1,0
12,120524,2,2,0,0,0,2,2,127,780,13,4,2012,6,14,40,0,13,3,SR-A1A,MAIN ST,99998,29.22670556,-81.008075,0,12,6,0,2,2,0,1,1,1,0,1,0,0000000,99,99,99,99,88,88,0,0,0,1,0
12,120525,2,2,0,0,0,2,2,95,0,13,4,2012,6,8,47,0,13,3,SR-423,EDGEWATER DR,99998,28.60361111,-81.40693611,0,12,6,0,2,2,0,1,1,1,0,1,0,0000000,99,99,99,99,99,99,0,0,0,1,0
12,120526,1,1,0,0,0,1,1,21,0,14,4,2012,7,12,45,0,13,2,US-41,,99998,25.95941389,-81.50914722,0,24,0,0,1,1,0,3,1,10,0,10,0,0000000,99,99,99,99,99,99,0,0,0,1,0
12,120527,2,2,0,0,0,2,2,31,1510,15,4,2012,1,18,45,0,14,3,SR-116,KERNAN BLVD,99998,30.359675,-81.48932778,0,12,1,0,3,1,0,1,1,1,0,1,0,0000000,99,99,99,99,99,99,0,0,0,1,2
12,120529,1,1,0,0,0,1,1,57,0,15,4,2012,1,2,20,0,6,5,VAN DYKE ROAD,,0,28.12776944,-82.49441111,0,42,0,0,1,1,0,5,2,1,0,1,0,0000000,99,99,99,99,88,88,0,0,0,1,1
12,120530,1,1,0,1,1,1,1,95,0,16,4,2012,2,7,36,0,14,3,SR-438,HIAWASSEE ROAD,99998,28.57773056,-81.47621389,0,8,0,0,3,2,0,1,1,1,0,1,0,0000000,99,99,99,99,99,99,0,0,0,1,0
12,120532,1,1,0,1,1,1,1,111,0,18,4,2012,4,10,3,0,14,3,SR-A1A,,99998,27.54776389,-80.31963056,0,9,0,0,1,1,0,4,1,1,0,1,0,0000000,99,99,99,99,99,99,0,0,0,1,0
12,120533,2,2,0,0,0,5,5,105,2550,11,1,2012,4,18,35,0,3,3,SR-33,,99998,28.19129444,-81.82042222,0,12,2,0,1,1,0,1,2,1,0,1,0,0000000,99,99,99,99,99,99,0,0,0,2,0
12,120534,1,1,0,0,0,1,1,86,0,3,2,2012,6,3,35,0,6,5,SW 56TH ST,SW 117TH AVE,0,25.714925,-80.38278333,0,24,0,0,3,2,0,3,3,1,0,1,0,0000000,99,99,99,99,88,88,0,0,0,1,0
12,120535,2,2,0,0,0,2,2,53,0,9,2,2012,5,18,13,0,6,5,WPA RD,,0,28.53998611,-82.31759444,0,12,7,0,1,1,0,1,2,1,0,1,0,0000000,99,99,99,99,88,88,0,0,0,1,0
12,120536,2,2,0,0,0,2,2,86,0,16,2,2012,5,19,6,0,6,8,SW 107TH AVE,SW 80TH ST,0,25.69293056,-80.36595278,0,12,6,0,2,3,0,1,3,1,0,1,0,0000000,99,99,99,99,99,99,0,0,0,1,0
12,120537,1,1,0,0,0,1,1,127,0,17,3,2012,7,18,25,0,6,4,CR-305,,0,29.32323611,-81.45811667,0,1,0,0,1,1,0,4,2,1,0,1,0,0000000,99,99,99,99,88,88,0,0,0,1,1
12,120538,1,1,0,0,0,1,1,127,0,25,3,2012,1,20,42,0,13,2,US-17,,99998,29.10623889,-81.34356389,0,30,0,0,1,1,0,4,2,10,0,10,0,0000000,99,99,99,99,88,88,0,0,0,1,1
12,120539,2,2,0,0,0,8,8,9,0,25,3,2012,1,23,40,1,11,1,I-95,,99998,28.16705556,-80.70604722,0,12,7,0,1,1,0,1,2,1,0,1,0,0000000,99,99,99,99,99,99,0,0,0,1,0
12,120540,1,1,0,1,1,1,1,86,0,31,3,2012,7,22,21,0,14,2,US-441,,99998,25.90733611,-80.21167222,0,8,0,0,1,1,0,1,3,1,0,1,0,0000000,99,99,99,99,99,99,0,0,0,1,0
12,120541,1,1,0,0,0,2,2,119,0,7,4,2012,7,22,40,0,6,4,CR-48,,0,28.70870833,-82.22739444,0,35,0,0,1,1,0,4,2,10,0,10,0,0000000,99,99,99,99,99,99,0,0,0,1,1
12,120542,1,1,0,0,0,6,6,89,0,7,4,2012,7,12,0,1,11,1,I-95,,99998,30.61955,-81.64905,0,1,0,0,1,1,0,4,1,1,0,1,0,0000000,99,99,99,99,99,99,0,0,0,2,0
12,120543,1,1,0,0,0,1,1,101,0,13,4,2012,6,10,34,1,11,1,I-75,,99998,28.42432778,-82.28360556,0,42,0,0,1,1,0,5,1,1,0,1,0,0000000,99,99,99,99,88,88,0,0,0,1,0
12,120544,3,3,0,0,0,5,5,105,0,17,4,2012,3,9,55,1,11,1,I-4,,99998,28.04636944,-82.02334722,0,12,1,0,1,1,0,1,1,10,0,10,0,0000000,99,99,99,99,88,88,14,0,0,1,0
12,120546,1,1,0,0,0,1,1,47,0,17,4,2012,3,10,27,1,11,1,I-75,,99998,30.42372222,-82.90360278,0,34,0,0,1,1,4,4,1,1,0,1,0,0000000,99,99,99,99,88,88,0,0,0,1,0
12,120547,1,1,0,0,0,1,1,57,0,4,3,2012,1,2,16,0,6,5,CRAWLEY ROAD,,0,28.10963889,-82.59148056,0,32,0,0,1,1,0,5,3,10,0,10,0,0000000,99,99,99,99,88,88,0,0,0,1,0
12,120548,1,1,0,1,1,1,1,31,1510,10,4,2012,3,20,58,0,14,3,SR-228,,99998,30.30038889,-81.76513889,0,8,0,0,1,1,0,1,3,1,0,1,0,0000000,99,99,99,99,88,88,0,0,0,1,0
12,120549,1,1,0,1,1,1,1,31,1510,12,4,2012,5,22,10,0,13,3,SR-21 (BLANDING BLVD),ARGYLE FOREST BLVD,99998,30.19209444,-81.73939722,0,8,0,0,3,3,1,1,3,1,0,1,0,0000000,99,99,99,99,88,88,0,0,0,1,0
12,120550,1,1,0,0,0,1,1,9,0,12,4,2012,5,21,20,0,6,4,CR-509,SHOPPES DR,0,28.23018611,-80.72188056,0,1,0,0,2,2,0,1,2,10,0,10,0,0000000,99,99,99,99,99,99,0,0,0,1,0
12,120551,1,1,0,0,0,3,3,101,0,14,4,2012,7,2,31,0,6,8,HUDSON AVE,,0,28.35640556,-82.67698889,0,1,0,0,1,1,0,4,2,1,0,1,0,0000000,99,99,99,99,99,99,0,0,0,1,1
12,120552,2,2,0,0,0,4,4,81,0,15,4,2012,1,2,15,1,11,1,I-275,,99998,27.58001944,-82.56907778,0,12,2,0,1,1,0,1,2,1,0,1,0,0000000,99,99,99,99,99,99,0,0,0,1,2
12,120553,1,1,0,0,0,1,1,119,0,15,4,2012,1,0,39,0,3,3,SR-471,,99998,28.58786944,-82.05476944,0,34,0,0,1,1,0,4,2,1,0,1,0,0000000,99,99,99,99,99,99,0,0,0,1,0
12,120554,1,1,0,1,1,1,1,95,0,17,4,2012,3,23,11,0,14,3,SR-535,MEADOW CREEK DR,99998,28.37076944,-81.50338611,0,8,0,0,3,2,0,1,2,1,0,1,0,0000000,99,99,99,99,99,99,0,0,0,1,0
12,120555,1,1,0,1,1,2,2,103,0,18,4,2012,4,8,35,0,6,8,GLEN MORE CT,HIGHLANDS BLVD,0,28.072825,-82.72475833,0,8,0,0,3,3,0,1,1,10,0,10,0,0000000,99,99,99,99,88,88,0,0,0,1,0
12,120556,2,2,0,1,1,2,2,31,1510,18,4,2012,4,21,29,0,14,3,SR-115 (LEM TURNER RD),ASHTON ST,99998,30.38457778,-81.67453611,0,8,0,0,2,3,0,1,3,1,0,1,0,0000000,99,99,99,99,88,88,0,0,0,1,0
12,120557,1,1,0,0,0,1,1,33,0,20,4,2012,6,1,25,1,11,1,I-10,,99998,30.50319722,-87.22845556,0,1,0,0,1,1,0,1,3,1,0,1,0,0000000,99,99,99,99,88,88,0,0,0,1,1
12,120558,2,2,0,0,0,2,2,127,0,21,4,2012,7,21,40,0,6,4,CR-415,LUDLOW BLVD,0,29.06625,-81.06795278,0,12,2,0,2,3,0,1,2,10,0,10,0,0000000,99,99,99,99,88,88,0,0,0,1,1
12,120559,1,1,0,0,0,2,2,81,340,22,4,2012,1,2,47,0,13,3,SR-64,,99998,27.49398611,-82.55348611,0,43,0,0,1,1,0,5,3,2,0,2,0,0000000,99,99,99,99,99,99,0,0,0,1,0
12,120560,2,2,0,0,0,2,2,71,0,3,3,2012,7,21,28,0,6,4,CR-867,KAPOK CT,0,26.51413611,-81.94907222,0,12,6,0,2,2,0,1,2,1,0,1,0,0000000,99,99,99,99,88,88,0,0,0,1,0
12,120561,2,2,0,0,0,2,2,99,0,9,3,2012,6,12,15,0,16,6,LAKE WORTH ROAD,WYCLIFFE COUNTRY CLUB BLVD,0,26.61705278,-80.21146389,0,12,6,0,2,2,0,1,1,1,0,1,0,0000000,99,99,99,99,99,99,0,0,0,1,0
12,120562,2,2,0,0,0,2,2,127,787,9,3,2012,6,21,19,0,16,6,SAXON/17-92,SAXON,0,28.912125,-81.30271944,0,12,6,0,2,3,0,1,3,10,0,10,0,0000000,99,99,99,99,99,99,0,0,0,1,0
12,120563,1,1,0,1,1,1,1,11,1050,18,3,2012,1,16,30,0,16,5,143 67TH STREET,,0,26.20927222,-80.14588056,0,9,0,0,1,1,0,1,1,10,0,10,0,0000000,99,99,99,99,99,99,0,0,0,1,0
12,120564,1,1,0,1,1,2,2,103,2730,31,3,2012,7,22,40,0,14,2,US-92 (4TH STREET NORTH),,99998,27.88738889,-82.63876111,0,8,0,0,1,1,0,1,3,1,0,1,0,0000000,99,99,99,99,99,99,0,0,0,1,0
12,120565,2,2,0,0,0,4,4,101,0,7,4,2012,7,12,40,0,6,4,CR-41 BLANTON ROAD,,0,28.40996111,-82.23671944,0,12,2,0,1,1,0,1,1,1,0,1,0,0000000,99,99,99,99,99,99,0,0,0,1,0
12,120566,1,1,0,0,0,1,1,1,1130,12,4,2012,5,7,1,0,16,6,NW 23RD BLVD,NW 16TH TERRACE,0,29.674475,-82.34651389,0,33,0,0,1,1,0,4,3,1,0,1,0,0000000,99,99,99,99,99,99,0,0,0,1,1
12,120567,1,1,0,1,1,1,1,127,0,14,4,2012,7,21,17,0,6,4,CR-415,,0,29.07187778,-81.06817778,0,8,0,0,1,1,0,1,3,1,0,1,0,0000000,99,99,99,99,88,88,19,0,0,1,0
12,120568,1,1,0,0,0,4,4,95,0,15,4,2012,1,2,0,0,6,5,OCOEE APOPKA RD,,0,28.64016667,-81.53947778,0,30,0,0,1,1,0,4,2,1,0,1,0,0000000,99,99,99,99,99,99,0,0,0,1,0
12,120569,1,1,0,0,0,1,1,11,2570,19,4,2012,5,13,46,0,16,6,5TH AVE,,0,26.25672222,-80.11800556,0,1,0,0,1,1,0,4,1,1,0,1,0,0000000,99,99,99,99,99,99,0,0,0,1,0
12,120570,1,1,0,0,0,1,1,31,1510,21,4,2012,7,20,22,0,13,2,US-90 (BEACH BLVD),SILVER PALM DR,99998,30.28788611,-81.42830556,0,33,0,0,2,3,0,3,3,2,0,2,0,0000000,99,99,99,99,99,99,0,0,0,1,0
12,120571,1,1,0,0,0,1,1,31,1510,20,4,2012,6,15,25,0,6,6,CR-210,,0,30.3339,-81.6706,0,31,0,1,18,1,0,4,1,1,0,1,0,0000000,99,99,99,99,88,88,0,0,0,1,0
12,120572,3,3,0,0,0,3,3,1,0,20,4,2012,6,6,45,0,3,3,SR-24,,99998,29.56992778,-82.47003056,0,12,2,0,1,1,0,1,4,5,0,5,0,0000000,99,99,99,99,99,99,0,0,0,1,1
12,120573,1,1,0,0,0,1,1,31,1510,23,4,2012,2,23,6,0,14,3,SR-103 (LANE AVENUE SOUTH),,99998,30.31433889,-81.75197222,0,39,0,0,1,1,0,3,3,1,0,1,0,0000000,99,99,99,99,88,88,0,0,0,1,1
12,120574,1,1,0,0,0,1,1,91,0,24,4,2012,3,12,40,0,6,6,EGLIN STREET,,0,30.49722222,-86.54418333,0,59,0,0,1,1,4,5,1,1,0,1,0,0000000,99,99,99,99,88,88,0,0,0,1,1
12,120575,2,2,0,0,0,3,3,86,2020,19,2,2012,1,23,40,1,11,1,I-95,ALTON ROAD,99998,25.81296389,-80.13578333,0,12,1,1,2,2,0,1,3,1,0,1,0,0000000,99,99,99,99,99,99,0,0,0,1,0
12,120576,2,2,0,0,0,3,3,71,457,15,3,2012,5,1,28,0,16,5,DEL PRADO BLVD SOUTH,,0,26.5914,-81.94180833,0,12,1,0,1,1,0,1,3,1,0,1,0,0000000,99,99,99,99,88,88,0,0,0,1,1
12,120577,2,2,0,0,0,2,2,61,3070,29,3,2012,5,10,13,0,14,3,SR-A1A,DATE PALM ROAD,99998,27.65700556,-80.36041389,0,12,6,0,2,2,0,1,1,1,0,1,0,0000000,99,99,99,99,99,99,0,0,0,1,0
12,120578,1,1,0,0,0,1,1,17,0,13,4,2012,6,15,20,0,6,4,CR-488 WEST DUNNELLON ROAD,,0,28.97063889,-82.62189722,0,42,0,0,1,1,0,5,1,1,0,1,0,0000000,99,99,99,99,88,88,0,0,0,1,0
12,120579,2,2,0,0,0,2,2,11,771,13,4,2012,6,13,29,0,16,6,2601 REESE ROAD,,0,26.08990833,-80.21713056,0,12,2,0,1,1,0,1,1,10,0,10,0,0000000,99,99,99,99,99,99,0,0,0,1,0
12,120580,1,1,0,1,1,1,1,31,1520,15,4,2012,1,2,43,0,13,2,US-90,2ND AVENUE SOUTH,99998,30.28625278,-81.39144722,0,8,0,0,2,2,0,1,3,1,0,1,0,0000000,99,99,99,99,88,88,0,0,0,1,1
12,120581,1,1,0,0,0,3,3,37,0,17,4,2012,3,21,10,1,13,2,US-98,,99998,29.86753056,-84.61565,0,43,0,0,1,1,0,5,2,1,0,1,0,0000000,99,99,99,99,99,99,0,0,0,1,1
12,120582,1,1,0,1,1,2,2,19,2470,19,4,2012,5,6,0,0,2,3,SR-16,,99998,29.98218333,-81.83148889,0,9,0,0,1,1,0,1,2,5,0,5,0,0000000,99,99,99,99,88,88,0,0,0,1,0
12,120583,1,1,0,1,1,1,1,33,0,20,4,2012,6,1,20,0,6,4,CR-453,W LA RUA STREET,0,30.41833333,-87.25044444,0,9,0,0,2,3,0,4,2,1,0,1,0,0000000,99,99,99,99,99,99,0,0,0,1,0
12,120584,2,2,0,0,0,3,3,11,2948,20,4,2012,6,6,53,0,15,6,PROSPECT ROAD,NW 21ST AVENUE,99998,26.18339444,-80.17098056,0,12,6,0,2,2,0,1,1,1,0,1,0,0000000,99,99,99,99,99,99,0,0,0,1,0
12,120585,2,2,0,0,0,3,3,109,0,21,4,2012,7,16,40,0,14,3,SR-13,140 SR-13,99998,30.12534167,-81.62505278,0,12,6,0,2,2,0,1,1,10,0,10,0,0000000,99,99,99,99,99,99,0,0,0,1,0
12,120586,2,2,0,0,0,2,2,95,0,22,4,2012,1,20,24,0,13,3,SR-434,COLLEGE PARK TRAIL,99998,28.57952222,-81.20781944,0,12,6,0,2,2,0,1,3,1,0,1,0,0000000,99,99,99,99,99,99,0,0,0,1,0
12,120587,2,2,0,0,0,3,3,115,0,22,4,2012,1,20,37,0,6,5,HONORE AVE,CR-72A,0,27.28371111,-82.46450556,0,12,6,0,2,2,0,1,3,1,0,1,0,0000000,20,37,20,44,99,99,0,0,0,1,0
12,120588,1,1,0,1,1,1,1,11,2260,22,4,2012,1,21,15,0,16,6,COMMERCIAL BLVD,NE 6TH AVE,0,26.18886389,-80.13893889,0,8,0,0,2,3,0,1,1,1,0,1,0,0000000,99,99,99,99,99,99,0,0,0,1,0
12,120589,1,1,0,1,1,2,2,31,1510,24,4,2012,3,17,20,0,16,6,FIRESTONE RD,,0,30.2411,-81.7645,0,8,0,0,1,1,0,1,1,1,0,1,0,0000000,99,99,99,99,99,99,0,0,0,1,0
12,120591,1,1,0,2,2,1,1,83,0,25,4,2012,4,9,39,0,13,3,SR-40,,99998,29.214275,-82.06028333,0,8,0,0,1,1,0,4,1,1,0,1,0,0000000,99,99,99,99,99,99,0,0,0,2,0
12,120592,1,1,0,2,2,1,1,69,1820,1,3,2012,5,20,24,0,13,2,US-441 NORTH BLVD,MILLS ST,0,28.81334167,-81.86053889,0,8,0,0,2,2,0,1,3,1,0,1,0,0000000,99,99,99,99,88,88,0,0,0,2,0
12,120594,2,2,0,0,0,2,2,99,0,13,3,2012,3,12,7,0,4,5,HAGEN RANCH RD,,99998,26.52838056,-80.16395833,0,12,2,0,1,1,0,1,1,1,0,1,0,0000000,99,99,99,99,99,99,0,0,0,2,0
12,120595,2,2,0,0,0,2,2,99,0,25,3,2012,1,11,43,0,13,3,SR-809,,99998,26.62775556,-80.11318333,0,12,1,0,1,1,0,1,1,1,0,1,0,0000000,99,99,99,99,88,88,0,0,0,1,0
12,120596,2,2,0,0,0,2,2,99,0,27,3,2012,3,20,50,0,15,6,JOG RD,6614 JOG RD,99998,26.59139722,-80.14733611,0,1,0,0,2,3,0,1,3,1,0,1,0,0000000,99,99,99,99,88,88,0,0,0,1,1
12,120598,2,2,0,2,2,1,1,83,2270,27,4,2012,6,7,34,0,6,4,CR-200A,,0,29.2079,-82.13401111,0,8,0,0,1,1,0,1,1,1,0,1,0,0000000,99,99,99,99,99,99,23,0,0,1,0
12,120599,2,2,0,0,0,2,2,99,1190,25,3,2012,1,18,39,0,13,3,SR-882,,99998,26.65110833,-80.14405,0,12,2,0,1,1,0,1,5,1,0,1,0,0000000,99,99,99,99,99,99,0,0,0,1,1
12,120600,1,1,0,1,1,5,5,99,210,8,1,2012,1,19,49,1,13,3,SR-80 (MAIN ST),1ST ST,99998,26.66389722,-80.67798333,0,8,0,0,2,2,0,1,2,1,0,1,0,0000000,99,99,99,99,99,99,0,0,0,1,0
12,120601,1,1,0,0,0,1,1,9,1896,16,3,2012,6,8,31,1,11,1,I-95,,99998,27.95062778,-80.60887778,0,1,0,0,1,1,0,1,1,1,0,1,0,0000000,99,99,99,99,88,88,0,0,0,1,0
12,120602,1,1,0,2,2,1,1,127,0,17,3,2012,7,20,40,0,16,5,SOUTH SPRING GARDEN AVE,JEANETTE DR,0,29.01194167,-81.32375,0,8,0,0,1,1,0,1,2,1,0,1,0,0000000,99,99,99,99,99,99,0,0,0,1,0
12,120603,1,1,0,0,0,1,1,86,0,3,4,2012,3,1,45,1,2,3,SR-997,,99998,25.70138889,-80.47887222,0,42,0,0,1,1,0,4,2,1,0,1,0,0000000,99,99,99,99,99,99,0,0,0,1,0
12,120604,1,1,0,0,0,1,1,127,0,12,4,2012,5,9,37,1,11,1,I-95,,99998,28.86533056,-80.91825,0,42,0,0,1,1,0,3,1,1,0,1,0,0000000,99,99,99,99,88,88,0,0,0,1,0
12,120605,2,2,0,0,0,5,5,57,0,16,4,2012,2,0,36,0,13,2,US-92,HARNEY RD,99998,27.9962,-82.38524722,0,1,0,0,2,2,0,1,2,1,0,1,0,0000000,99,99,99,99,88,88,0,0,0,1,1
12,120606,1,1,0,1,1,1,1,57,0,17,4,2012,3,11,44,0,6,8,DORMANY ROAD,,0,28.09169167,-82.20495833,0,9,0,0,1,1,0,1,1,1,0,1,0,0000000,99,99,99,99,88,88,0,0,0,1,0
12,120607,1,1,0,0,0,1,1,31,1510,19,4,2012,5,0,55,0,16,6,KERNAN BLVD NORTH,,0,30.3495,-81.5894,0,1,0,0,1,1,0,4,3,1,0,1,0,0000000,99,99,99,99,88,88,0,0,0,1,1
12,120608,2,2,0,0,0,2,2,81,0,19,4,2012,5,9,12,0,13,2,US-301,I-95,99998,27.530025,-82.50640278,0,12,1,0,3,1,0,1,1,10,0,10,0,0000000,99,99,99,99,88,88,0,0,0,1,0
12,120609,2,1,1,0,0,1,1,57,0,21,4,2012,7,3,11,0,13,3,SR-60,,99998,27.95188056,-82.37651111,0,59,0,0,1,1,0,4,2,10,0,10,0,0000000,99,99,99,99,88,88,0,0,0,1,1
12,120610,1,1,0,0,0,1,1,11,2260,21,4,2012,7,4,50,0,16,6,WEST OAKLAND PARK BLVD,,0,26.16536111,-80.17835556,0,42,0,0,1,1,0,3,3,2,0,2,0,0000000,99,99,99,99,99,99,0,0,0,1,0
12,120611,1,1,0,0,0,2,2,119,3230,21,4,2012,7,16,35,0,2,3,SR-44 GULF ATLANTIC HIGHWAY,,99998,28.84709444,-82.05273611,0,23,0,0,1,1,0,4,1,2,0,2,0,0000000,99,99,99,99,99,99,0,0,0,1,0
12,120612,1,1,0,0,0,1,1,31,1510,21,4,2012,7,13,13,0,13,2,US-1 (NB PHILLIPS HWY),,99998,30.11562222,-81.49004444,0,1,0,0,1,1,0,5,1,10,0,10,0,0000000,99,99,99,99,99,99,0,0,0,1,1
12,120613,1,1,0,0,0,1,1,73,0,22,4,2012,1,0,15,1,2,2,US-27,,99998,30.41304722,-84.08090278,0,42,0,0,1,1,0,5,2,10,0,10,0,0000000,99,99,99,99,88,88,0,0,0,1,1
12,120614,1,1,0,0,0,2,2,86,1566,22,4,2012,1,21,20,0,13,3,SR-94,,99998,25.68433889,-80.45060556,0,30,0,0,1,1,0,5,3,10,0,10,0,0000000,99,99,99,99,99,99,0,0,0,1,0
12,120616,2,2,0,0,0,3,3,86,0,26,4,2012,5,1,4,1,12,3,SR-826,,99998,25.80942222,-80.32143056,0,12,1,0,1,1,0,1,3,10,0,10,0,0000000,99,99,99,99,88,88,0,0,0,2,0
12,120617,2,2,0,0,0,3,3,1,0,26,4,2012,5,11,50,1,2,3,SR-20,,99998,29.59786944,-82.17533056,0,12,1,0,1,1,0,1,1,1,0,1,0,0000000,99,99,99,99,99,99,0,0,0,1,0
12,120618,1,1,0,0,0,1,1,11,771,26,4,2012,5,1,38,1,11,1,I-595 RAMP,,99998,26.08970833,-80.21212222,0,25,0,1,5,1,0,4,3,1,0,1,0,0000000,99,99,99,99,99,99,0,0,0,1,1
12,120619,2,2,0,0,0,2,2,11,771,26,4,2012,5,3,52,1,11,1,I-595,,99998,26.10563056,-80.27765278,0,25,0,0,1,1,4,3,2,1,0,1,0,0000000,99,99,99,99,99,99,0,0,0,1,1
12,120620,1,1,0,0,0,3,3,79,0,27,4,2012,6,3,5,1,11,1,I-10,,99998,30.43176944,-83.61526389,0,34,0,0,1,1,0,4,2,1,0,1,0,0000000,99,99,99,99,99,99,0,0,0,2,0
12,120621,1,1,0,0,0,3,3,101,0,28,4,2012,7,1,9,0,3,2,US-41,,99998,28.35954167,-82.50329167,0,1,0,0,1,1,0,4,2,1,0,1,0,0000000,99,99,99,99,99,99,0,0,0,1,0
12,120622,1,1,0,0,0,3,3,73,0,28,4,2012,7,12,50,1,11,1,I-10,,99998,30.56868611,-84.66686667,0,24,0,0,1,1,0,3,1,1,0,1,0,0000000,99,99,99,99,99,99,0,0,0,1,0