STATE,ST_CASE,VE_TOTAL,VE_FORMS,PVH_INVL,PEDS,PERNOTMVIT,PERMVIT,PERSONS,COUNTY,CITY,DAY,MONTH,YEAR,DAY_WEEK,HOUR,MINUTE,NHS,ROAD_FNC,ROUTE,TWAY_ID,TWAY_ID2,MILEPT,LATITUDE,LONGITUD,SP_JUR,HARM_EV,MAN_COLL,RELJCT1,RELJCT2,TYP_INT,WRK_ZONE,REL_ROAD,LGT_COND,WEATHER1,WEATHER2,WEATHER,SCH_BUS,RAIL,NOT_HOUR,NOT_MIN,ARR_HOUR,ARR_MIN,HOSP_HR,HOSP_MN,CF1,CF2,CF3,FATALS,DRUNK_DR
12,120623,2,2,0,0,0,3,3,69,0,28,4,2012,7,10,20,0,3,3,SR-19,,99998,29.05610833,-81.63534722,0,11,0,0,1,1,0,1,1,1,0,1,0,0000000,99,99,99,99,99,99,0,0,0,1,0
12,120624,1,1,0,0,0,2,2,31,1510,28,4,2012,7,21,2,0,16,6,NOROAD RD,,0,30.25508056,-81.78613889,0,53,0,0,1,1,0,4,3,1,0,1,0,0000000,99,99,99,99,99,99,0,0,0,1,1
12,120625,1,1,0,1,1,2,2,87,0,28,4,2012,7,2,17,1,13,2,US-1,,99998,24.58657778,-81.69653333,0,8,0,0,1,1,0,1,2,1,0,1,0,0000000,99,99,99,99,99,99,0,0,0,1,0
12,120626,1,1,0,0,0,1,1,39,0,28,4,2012,7,21,10,0,6,5,COOKS LANDING RD,,0,30.43632778,-84.61664444,0,42,0,0,1,1,0,5,2,1,0,1,0,0000000,99,99,99,99,88,88,0,0,0,1,1
12,120627,1,1,0,0,0,1,1,73,0,29,4,2012,1,3,50,0,6,4,CR-151,,0,30.49551111,-84.20731111,0,42,0,0,1,1,0,5,2,1,0,1,0,0000000,99,99,99,99,88,88,0,0,0,1,1
12,120628,1,1,0,0,0,2,2,83,0,29,4,2012,1,2,25,0,6,8,VILLAGES BUENA VISTA BLVD,,0,28.98201111,-81.9873,0,30,0,0,1,1,0,3,3,1,0,1,0,0000000,99,99,99,99,99,99,0,0,0,1,1
12,120629,1,1,0,1,1,1,1,57,0,30,4,2012,2,16,25,1,13,2,US-41,MOTTIE ROAD,99998,27.84385556,-82.38163611,0,9,0,1,2,2,0,1,1,1,0,1,0,0000000,99,99,99,99,99,99,0,0,0,1,0
12,120630,2,2,0,0,0,4,4,101,0,30,4,2012,2,16,36,0,13,2,US-301,PALM GROVE DRIVE,99998,28.21747222,-82.17975556,0,12,6,1,2,2,0,1,1,10,0,10,0,0000000,16,37,16,43,99,99,0,0,0,1,0
12,120631,1,1,0,2,2,1,1,105,0,30,4,2012,2,21,46,0,13,2,US-92,SR-559,99998,28.05879167,-81.78866389,0,8,0,0,2,2,0,1,3,1,0,1,0,0000000,99,99,99,99,99,99,0,0,0,1,0
12,120632,2,1,1,0,0,1,1,57,0,30,4,2012,2,13,52,1,11,1,I-75,,99998,27.75781944,-82.37284167,0,14,0,0,1,1,0,2,1,1,0,1,0,0000000,99,99,99,99,88,88,19,0,0,1,0
12,120633,1,1,0,1,1,1,1,127,2580,30,4,2012,2,20,25,0,13,3,SR-5A,MADELINE AVENUE,99998,29.14456389,-81.01406389,0,8,0,1,2,2,0,1,3,1,0,1,0,0000000,99,99,99,99,99,99,0,0,0,1,0
12,120634,3,3,0,0,0,3,3,133,0,30,4,2012,2,5,15,1,11,1,I-10,,99998,30.75400833,-85.60131944,0,12,2,0,1,1,0,1,2,1,0,1,0,0000000,99,99,99,99,88,88,0,0,0,2,0
12,120635,1,1,0,1,1,1,1,57,0,30,4,2012,2,5,56,0,13,2,US-92,,99998,27.99636944,-82.38388889,0,8,0,0,1,1,0,1,2,1,0,1,0,0000000,99,99,99,99,88,88,0,0,0,1,0
12,120636,2,2,0,1,1,3,3,33,0,30,4,2012,2,5,40,0,13,3,SR-295 (W FAIRFIELD DRIVE),,99998,30.44505,-87.23390556,0,8,0,0,1,1,0,1,4,1,0,1,0,0000000,99,99,99,99,88,88,19,0,0,1,0
12,120637,2,2,0,0,0,3,3,21,0,1,5,2012,3,23,40,0,6,4,CR-846,,0,26.36619444,-81.55478056,0,12,2,0,1,1,0,1,2,1,0,1,0,0000000,99,99,99,99,99,99,0,0,0,3,1
12,120638,2,2,0,0,0,3,3,37,0,2,5,2012,4,21,20,1,2,2,US-98,,99998,29.73563056,-84.89938889,0,12,2,0,1,1,0,1,2,1,0,1,0,0000000,99,99,99,99,99,99,0,0,0,1,0
12,120639,1,1,0,1,1,1,1,91,0,4,5,2012,6,20,34,0,14,3,SR-188,,99998,30.44958333,-86.63663333,0,8,0,0,1,1,0,1,2,1,0,1,0,0000000,99,99,99,99,99,99,0,0,0,1,0
12,120640,1,1,0,2,2,1,1,31,1510,5,5,2012,7,0,41,0,16,6,SHINDLER DR,,0,30.20893056,-81.79794722,0,8,0,0,1,1,0,1,3,1,0,1,0,0000000,99,99,99,99,88,88,0,0,0,1,1
12,120641,1,1,0,0,0,2,2,31,1510,30,4,2012,2,11,3,0,16,6,COLLINS RD,,0,30.194,-81.7181,0,30,0,0,1,1,0,4,1,1,0,1,0,0000000,99,99,99,99,99,99,0,0,0,2,0
12,120642,2,2,0,0,0,3,3,57,2950,28,3,2012,4,21,24,0,16,5,BAYSHORE BLVD,ROME AVENUE SOUTH,0,27.92919722,-82.47643889,0,12,6,0,2,3,0,1,3,1,0,1,0,0000000,99,99,99,99,88,88,0,0,0,1,0
12,120643,1,1,0,0,0,1,1,57,0,28,4,2012,7,23,27,0,6,8,BOY SCOUT ROAD,ECHO LAKE DRIVE,0,28.11095833,-82.60353611,0,42,0,0,1,1,0,5,2,2,0,2,0,0000000,99,99,99,99,99,99,0,0,0,1,1
12,120644,1,1,0,0,0,1,1,89,0,31,1,2012,3,20,3,0,6,5,SEMPER FI DRIVE,JOHNSON LAKE ROAD,0,30.60317222,-81.646925,0,5,0,0,1,1,0,4,2,1,0,1,0,0000000,99,99,99,99,99,99,0,0,0,1,0
12,120645,2,2,0,0,0,4,4,101,0,3,4,2012,3,14,55,0,6,4,CR-1,EASTHAVEN COURT,0,28.23823333,-82.67263889,0,12,6,0,2,3,0,1,1,1,0,1,0,0000000,99,99,99,99,99,99,0,0,0,1,0
12,120646,1,1,0,1,1,2,2,95,0,24,2,2012,6,23,14,0,13,3,SR-50,,99998,28.55106944,-81.58351111,0,8,0,0,1,1,0,1,3,1,0,1,0,0000000,99,99,99,99,99,99,0,0,0,1,0
12,120647,2,2,0,0,0,2,2,5,0,27,4,2012,6,20,27,0,16,6,CR-392,QUARTS ST,0,30.151825,-85.76594167,0,12,6,0,2,3,0,1,3,1,0,1,0,0000000,99,99,99,99,99,99,0,0,0,1,1
12,120648,1,1,0,0,0,2,2,113,0,25,4,2012,4,2,4,0,6,8,SANDY LANDING RD,,0,30.82847778,-87.29368611,0,35,0,0,1,1,0,4,2,1,0,1,0,0000000,99,99,99,99,99,99,0,0,0,1,1
12,120649,1,1,0,0,0,1,1,127,0,29,4,2012,1,19,43,1,11,1,I-4,,99998,28.85623611,-81.29818889,0,38,0,0,1,1,0,5,1,1,0,1,0,0000000,99,99,99,99,88,88,0,0,0,1,0
12,120650,2,2,0,0,0,3,3,109,0,3,5,2012,5,10,42,0,14,3,SR-13,,99998,30.07091111,-81.65408333,0,12,6,0,1,1,0,1,1,1,0,1,0,0000000,99,99,99,99,99,99,0,0,0,1,0
12,120652,1,1,0,0,0,1,1,95,2360,21,1,2012,7,15,46,0,16,6,6150 EDGEWATER DRIVE,,0,28.61315278,-81.41920833,0,42,0,0,1,1,0,5,1,10,0,10,0,0000000,99,99,99,99,88,88,0,0,0,1,0
12,120653,4,4,0,1,1,4,4,95,2360,24,1,2012,3,19,40,1,11,1,I-4,,99998,28.49413611,-81.43257222,0,8,0,0,1,1,0,1,2,1,0,1,0,0000000,99,99,99,99,88,88,0,0,0,1,0
12,120654,1,1,0,1,1,1,1,57,0,20,2,2012,2,20,55,0,6,5,79TH STREET,FIR DRIVE,0,27.90198611,-82.36795556,0,8,0,0,3,4,0,1,3,1,0,1,0,0000000,99,99,99,99,88,88,0,0,0,1,0
12,120655,2,2,0,0,0,3,3,81,0,29,2,2012,4,14,0,0,14,3,SR-684,20TH STREET WEST,99998,27.46255833,-82.58385833,0,12,6,0,2,3,0,1,1,1,0,1,0,0000000,99,99,99,99,99,99,0,0,0,2,0
12,120656,1,1,0,1,1,1,1,99,0,16,3,2012,6,21,2,0,13,3,SR-802 (LAKE WORTH ROAD),PRICE STREET,99998,26.61846667,-80.11201389,0,8,0,0,2,3,0,1,3,1,0,1,0,0000000,99,99,99,99,88,88,0,0,0,1,1
12,120657,1,1,0,1,1,1,1,57,0,18,3,2012,1,20,35,0,6,4,CR-579,SR-574 DR MARTIN LUTHER KING B,0,27.98411944,-82.30228056,0,8,0,0,1,1,0,1,3,1,0,1,0,0000000,99,99,99,99,99,99,0,0,0,1,0
12,120658,1,1,0,1,1,2,2,99,0,18,3,2012,1,6,23,0,6,8,ROYAL PALM BEACH BLVD,59TH STREET NORTH,0,26.70666389,-80.22912222,0,9,0,0,8,1,0,1,1,10,0,10,0,0000000,99,99,99,99,99,99,0,0,0,1,0
12,120659,1,1,0,1,1,6,6,99,0,23,3,2012,6,18,25,0,16,5,ARDELL WAY,PURDY LANE,0,26.64426667,-80.11193056,0,15,0,0,3,3,0,1,2,1,0,1,0,0000000,99,99,99,99,99,99,0,0,0,1,0
12,120660,3,3,0,0,0,3,3,1,1130,26,3,2012,2,16,50,1,13,3,SR-331,4TH ST,99998,29.63535,-82.31688889,0,12,1,0,3,2,0,1,1,1,0,1,0,0000000,99,99,99,99,99,99,0,0,0,1,0
12,120661,1,1,0,0,0,1,1,71,0,27,3,2012,3,22,8,0,16,5,GUNNERY RD,,0,26.63196111,-81.71734722,0,44,0,0,1,1,4,1,2,1,0,1,0,0000000,99,99,99,99,99,99,3,0,0,1,1
12,120662,1,1,0,0,0,1,1,11,1280,27,3,2012,3,22,35,0,16,6,6TH AVE,,0,25.97856389,-80.15430278,0,5,0,0,1,1,0,1,3,1,0,1,0,0000000,99,99,99,99,99,99,0,0,0,1,0
12,120663,2,2,0,0,0,2,2,99,3147,31,3,2012,7,16,39,0,15,8,WELLINGTON TRACE,GOLD PIECE TRAIL,99998,26.67258889,-80.25130556,0,12,6,0,2,2,0,1,1,10,0,10,0,0000000,99,99,99,99,88,88,0,0,0,1,1
12,120664,1,1,0,2,2,1,1,117,0,31,3,2012,7,21,36,0,13,3,SR-46,I-4,99998,28.81133056,-81.33688333,0,8,0,1,2,2,0,1,2,10,0,10,0,0000000,99,99,99,99,99,99,0,0,0,1,0
12,120665,1,1,0,0,0,1,1,99,3147,1,4,2012,1,4,28,0,6,8,AERO CLUB DR,,0,26.641725,-80.29121667,0,42,0,0,1,1,0,5,2,1,0,1,0,0000000,99,99,99,99,88,88,0,0,0,1,1
12,120666,1,1,0,1,1,1,1,99,0,8,4,2012,1,2,0,0,14,6,LYONS RD,,99998,26.37164444,-80.186475,0,8,0,0,1,1,0,1,3,1,0,1,0,0000000,99,99,99,99,88,88,0,0,0,1,0
12,120667,2,2,0,0,0,4,4,86,0,9,4,2012,2,19,5,0,6,8,17TH AVE,83RD ST,0,25.85016389,-80.22546667,0,12,6,0,2,2,0,1,1,1,0,1,0,0000000,99,99,99,99,99,99,0,0,0,2,0
12,120668,2,2,0,0,0,3,3,85,0,12,4,2012,5,17,27,0,13,2,US-1,SE EAGLEWOOD WAY,99998,27.05148333,-80.12965556,0,1,0,0,2,2,0,1,1,1,0,1,0,0000000,99,99,99,99,99,99,0,0,0,1,0
12,120669,1,1,0,0,0,1,1,95,70,16,4,2012,2,12,54,0,6,4,CR-437,,0,28.68299722,-81.54617222,0,51,0,0,1,1,0,4,1,1,0,1,0,0000000,99,99,99,99,88,88,0,0,0,1,0
12,120670,1,1,0,0,0,1,1,11,1050,17,4,2012,3,19,58,0,13,3,SR-842,,99998,26.121825,-80.16735278,0,33,0,1,19,1,0,4,5,1,0,1,0,0000000,99,99,99,99,99,99,0,0,0,1,0
12,120671,1,1,0,0,0,3,3,73,0,20,4,2012,6,3,45,0,13,2,US-27,,99998,30.42000556,-84.15934722,0,34,0,0,1,1,0,4,2,5,0,5,0,0000000,99,99,99,99,99,99,0,0,0,1,0
12,120672,2,2,0,0,0,2,2,79,0,20,4,2012,6,1,21,0,6,4,CR-53,,0,30.28423611,-83.30029444,0,12,2,0,1,1,0,1,2,1,0,1,0,0000000,99,99,99,99,99,99,0,0,0,1,0
12,120673,1,1,0,0,0,2,2,53,0,23,4,2012,2,20,55,0,6,8,FOREST OAKS BLVD,,0,28.49029444,-82.58759722,0,1,0,0,1,1,0,4,3,10,0,10,0,0000000,99,99,99,99,99,99,0,0,0,1,1
12,120674,2,2,0,0,0,2,2,21,0,25,4,2012,4,8,58,1,11,1,I-75,,99998,26.16801389,-81.09973333,0,12,1,0,1,1,0,1,1,1,0,1,0,0000000,99,99,99,99,99,99,0,0,0,1,0
12,120675,2,2,0,0,0,2,2,71,0,25,4,2012,4,14,30,0,6,4,CR-869,KELLY COVE DR,0,26.49421944,-81.9515,0,12,6,0,2,2,0,1,1,1,0,1,0,0000000,99,99,99,99,88,88,0,0,0,1,0
12,120676,2,2,0,0,0,2,2,101,0,27,4,2012,6,12,20,0,6,4,CR-77,,0,28.19438889,-82.69912778,0,1,0,0,8,1,0,1,1,1,0,1,0,0000000,12,25,12,34,99,99,0,0,0,1,0
12,120677,1,1,0,1,1,1,1,31,1510,27,4,2012,6,21,33,0,13,3,SR-228,,99998,30.26711111,-81.84875,0,9,0,0,1,1,0,1,3,1,0,1,0,0000000,99,99,99,99,88,88,0,0,0,1,0
12,120678,1,1,0,1,1,2,2,31,1510,29,4,2012,1,2,6,0,13,2,US-90,,99998,30.28755556,-81.46221389,0,8,0,0,1,1,0,1,3,1,0,1,0,0000000,99,99,99,99,99,99,0,0,0,1,0
12,120679,1,1,0,1,1,2,2,99,2446,1,5,2012,3,7,35,0,13,3,SR-807 (2ND AVE),CONGRESS AVE,99998,26.61755,-80.08904167,0,9,0,0,3,2,0,1,1,10,0,10,0,0000000,99,99,99,99,99,99,0,0,0,1,0
12,120680,2,2,0,0,0,2,2,11,2948,4,5,2012,6,9,33,0,13,3,SR-87 (COMMERCIAL BLVD),,99998,26.18650556,-80.20084722,0,12,6,0,8,1,0,1,1,1,0,1,0,0000000,99,99,99,99,88,88,0,0,0,1,0
12,120681,1,1,0,1,1,1,1,11,2541,4,5,2012,6,11,45,0,14,6,W SUNRISE BLVD,,99998,26.14845,-80.25920833,0,8,0,0,8,1,0,1,1,1,0,1,0,0000000,99,99,99,99,99,99,0,0,0,1,0
12,120682,2,2,0,1,1,2,2,57,0,5,5,2012,7,21,44,0,6,5,FLETCHER AVE,,0,28.0692,-82.44545278,0,8,0,0,1,1,0,1,3,1,0,1,0,0000000,99,99,99,99,88,88,0,0,0,1,0
12,120683,2,2,0,0,0,4,4,53,0,5,5,2012,7,15,45,0,6,8,FOREST OAKS BLVD,HARROW RD,0,28.48737222,-82.58290278,0,12,2,0,2,3,0,1,1,1,0,1,0,0000000,99,99,99,99,99,99,0,0,0,1,1
12,120684,1,1,0,0,0,1,1,109,0,5,5,2012,7,19,8,0,6,8,GREEN ACRES RD,,0,29.90245556,-81.403275,0,53,0,0,1,1,0,4,1,1,0,1,0,0000000,99,99,99,99,88,88,0,0,0,1,1
12,120685,2,2,0,0,0,6,6,47,0,6,5,2012,1,11,0,0,3,3,SR-6,,99998,30.49197778,-83.07976667,0,12,2,0,1,1,0,1,1,1,0,1,0,0000000,99,99,99,99,99,99,0,0,0,1,1
12,120686,1,1,0,1,1,1,1,11,1420,7,5,2012,2,12,23,1,11,1,I-9,,99998,26.01978333,-80.16721944,0,8,0,0,1,1,0,1,1,10,0,10,0,0000000,99,99,99,99,99,99,0,0,0,1,0
12,120687,1,1,0,1,1,1,1,31,1510,7,5,2012,2,17,20,0,14,3,SR-134 (JAMMES STREET),,99998,30.24799167,-81.74724722,0,8,0,0,1,1,0,4,1,2,0,2,0,0000000,99,99,99,99,99,99,0,0,0,1,0
12,120688,2,2,0,0,0,2,2,131,0,8,5,2012,3,21,10,0,3,2,US-90,CR-183,99998,30.72720556,-86.07148889,0,12,6,0,2,3,0,1,2,10,0,10,0,0000000,99,99,99,99,99,99,0,0,0,1,0
12,120689,1,1,0,0,0,2,2,63,0,8,5,2012,3,18,32,1,11,1,I-10,,99998,30.67896944,-85.08513889,0,1,0,0,1,1,0,4,1,10,0,10,0,0000000,99,99,99,99,99,99,0,0,0,1,0
12,120690,1,1,0,1,1,1,1,31,1510,9,5,2012,4,5,25,0,16,6,5TH STREET WEST,LANE AVENUE,0,30.34302222,-81.752725,0,9,0,0,1,1,0,1,2,1,0,1,0,0000000,99,99,99,99,99,99,0,0,0,1,0
12,120691,1,1,0,1,1,2,2,91,1091,21,1,2012,7,20,52,0,13,3,SR-30 (MIRACLE STRIP PARKWAY),,99998,30.40440278,-86.61718333,0,8,0,0,1,1,0,1,3,1,0,1,0,0000000,99,99,99,99,99,99,0,0,0,1,0
12,120692,1,1,0,1,1,2,2,57,0,28,1,2012,7,19,19,0,6,5,CASEY ROAD,CR-587 (GUNN HIGHWAY),0,28.04846667,-82.51713333,0,9,0,0,1,1,0,1,2,1,0,1,0,0000000,99,99,99,99,88,88,0,0,0,1,0
12,120693,2,2,0,0,0,2,2,86,0,2,2,2012,5,10,25,0,6,8,SW 139TH AVENUE,SW 28TH STREET,0,25.74158333,-80.42018889,0,12,6,0,2,2,0,1,1,1,0,1,0,0000000,99,99,99,99,99,99,0,0,0,1,0
12,120694,1,1,0,0,0,1,1,86,0,6,2,2012,2,5,19,0,14,3,SR-934 (NW 79TH STREET),,99998,25.846875,-80.21445278,0,30,0,0,1,1,0,4,3,2,0,2,0,0000000,99,99,99,99,88,88,0,0,0,1,0
12,120695,1,1,0,0,0,5,5,105,0,14,2,2012,3,0,0,1,13,2,US-27,,99998,27.74290278,-81.57921944,0,1,0,0,1,1,0,3,2,1,0,1,0,0000000,99,99,99,99,99,99,0,0,0,1,1
12,120696,1,1,0,0,0,1,1,86,0,24,2,2012,6,4,54,0,6,8,SW 26TH STREET,SW 157TH AVENUE,0,25.74254722,-80.44818333,0,24,0,0,3,3,0,4,3,1,0,1,0,0000000,99,99,99,99,88,88,0,0,0,1,0
12,120697,1,1,0,1,1,1,1,86,0,25,2,2012,7,18,50,0,6,8,NW 7TH STREET,,0,25.77674722,-80.32980833,0,8,0,0,1,1,0,1,5,1,0,1,0,0000000,99,99,99,99,88,88,0,0,0,1,0
12,120698,1,1,0,0,0,1,1,99,290,26,2,2012,1,8,3,0,16,6,N DIXIE HIGHWAY,IPSWICH STREET,0,26.40281944,-80.07938333,0,30,0,0,2,3,0,5,1,10,0,10,0,0000000,99,99,99,99,88,88,0,0,0,1,0
12,120699,2,2,0,0,0,3,3,86,0,29,2,2012,4,10,36,0,14,3,SR-934,SR-9,99998,25.84595278,-80.24165833,0,12,6,0,2,2,0,1,1,1,0,1,0,0000000,99,99,99,99,99,99,0,0,0,1,0
12,120700,2,2,0,1,1,2,2,11,1050,3,3,2012,7,6,59,0,14,3,SR-736,,99998,26.10626111,-80.21015556,0,8,0,0,1,1,0,1,1,1,0,1,0,0000000,99,99,99,99,88,88,0,0,0,1,0
12,120701,1,1,0,1,1,1,1,11,672,3,3,2012,7,19,7,0,13,3,SR-834 (W SAMPLE ROAD),,99998,26.27219722,-80.24264722,0,8,0,0,1,1,0,1,3,1,0,1,0,0000000,19,20,19,56,99,99,0,0,0,1,0
12,120702,1,1,0,1,1,1,1,11,2570,7,3,2012,4,17,25,0,16,6,SW 46TH AVENUE,,0,26.21095556,-80.18801944,0,8,0,0,1,1,0,1,5,10,0,10,0,0000000,99,99,99,99,99,99,0,0,0,1,0
12,120703,1,1,0,1,1,3,3,11,1050,19,3,2012,2,10,21,0,13,3,SR-838,NE 18TH AVENUE,99998,26.13735,-80.12194722,0,8,0,0,2,3,0,1,1,1,0,1,0,0000000,99,99,99,99,99,99,0,0,0,1,0
12,120704,2,2,0,0,0,2,2,57,0,8,5,2012,3,7,20,0,6,8,30TH ST,21ST AVE,0,27.69473056,-82.39400833,0,12,6,0,2,2,0,1,1,1,0,1,0,0000000,99,99,99,99,99,99,0,0,0,1,0
12,120705,1,1,0,0,0,4,4,31,1510,8,4,2012,1,2,47,1,11,1,I-295,,99998,30.18021667,-81.51442222,0,1,0,0,1,1,4,3,3,1,0,1,0,0000000,99,99,99,99,99,99,0,0,0,1,1
12,120706,1,1,0,0,0,3,3,31,1510,8,4,2012,1,0,0,0,16,6,MONCRIEF RD,,0,30.38305556,-81.69972222,0,39,0,0,1,1,0,4,3,1,0,1,0,0000000,99,99,99,99,99,99,0,0,0,1,1
12,120707,2,2,0,0,0,2,2,125,0,5,5,2012,7,10,35,0,3,3,SR-121,,99998,30.02972778,-82.31856944,0,12,6,0,1,1,0,1,1,10,0,10,0,0000000,99,99,99,99,88,88,0,0,0,1,0
12,120708,3,3,0,0,0,4,4,86,0,6,5,2012,1,17,53,1,12,3,SR-821,,99998,25.85966944,-80.38756944,0,12,1,0,1,1,0,1,1,1,0,1,0,0000000,99,99,99,99,88,88,14,0,0,1,0
12,120709,1,1,0,0,0,2,2,81,0,6,5,2012,1,20,35,0,13,2,US-19,,99998,27.56296944,-82.56471111,0,30,0,0,1,1,0,4,5,1,0,1,0,0000000,99,99,99,99,99,99,0,0,0,1,0
12,120710,1,1,0,1,1,1,1,75,0,6,5,2012,1,18,55,0,6,8,108TH LANE,87TH TERRACE,0,29.49118056,-82.62715556,0,9,0,0,3,3,0,1,1,1,0,1,0,0000000,99,99,99,99,99,99,0,0,0,1,0
12,120711,1,1,0,0,0,1,1,101,0,8,5,2012,3,4,15,0,6,8,COLLIER PARKWAY,,0,28.17756389,-82.43970833,0,42,0,0,1,1,0,4,3,1,0,1,0,0000000,4,21,4,28,88,88,0,0,0,1,0
12,120712,1,1,0,0,0,1,1,57,0,9,5,2012,4,18,52,1,12,3,SR-589,,99998,28.02011111,-82.54496944,0,24,0,0,1,1,0,3,1,10,0,10,0,0000000,99,99,99,99,88,88,0,0,0,1,0
12,120713,1,1,0,0,0,2,2,83,0,9,5,2012,4,23,50,0,6,8,NW 115TH AVENUE,,0,29.29953889,-82.30896944,0,1,0,0,1,1,0,4,2,10,0,10,0,0000000,99,99,99,99,99,99,0,0,0,1,1
12,120714,2,2,0,0,0,8,8,95,0,9,5,2012,4,18,31,0,6,5,UNIVERSITY BLVD,FORAYTH ROAD,0,28.59740278,-81.29835833,0,12,1,0,2,2,0,1,1,1,0,1,0,0000000,99,99,99,99,99,99,0,0,0,1,1
12,120715,1,1,0,1,1,1,1,97,0,9,5,2012,4,22,57,0,6,6,OSCEOLA PARKWAY,CORAL REEF CIRCLE,0,28.34429167,-81.3731,0,8,0,0,2,2,0,1,3,1,0,1,0,0000000,99,99,23,0,99,99,0,0,0,1,0
12,120716,1,1,0,0,0,1,1,83,0,10,5,2012,5,0,0,0,6,8,NE 226TH AVENUE ROAD,,0,29.34918611,-81.78788056,0,1,0,0,1,1,0,4,2,1,0,1,0,0000000,99,99,99,99,88,88,0,0,0,1,1
12,120717,2,2,0,0,0,2,2,131,0,10,5,2012,5,14,10,0,6,8,RICHARDSON ROAD,,0,30.80895278,-86.365725,0,12,2,0,1,1,0,1,1,1,0,1,0,0000000,99,99,99,99,99,99,0,0,0,1,1
12,120718,1,1,0,0,0,6,6,47,0,11,5,2012,6,18,10,1,11,1,I-75,CR-136,99998,30.34611111,-82.83225278,0,1,0,0,1,1,0,1,1,1,0,1,0,0000000,99,99,99,99,99,99,0,0,0,3,0
12,120719,1,1,0,1,1,3,3,57,0,11,5,2012,6,21,1,0,13,3,SR-39,,99998,27.95382222,-82.12140556,0,8,0,0,1,1,0,1,2,1,0,1,0,0000000,99,99,99,99,99,99,0,0,0,1,0
12,120720,1,1,0,0,0,1,1,11,790,12,5,2012,7,8,26,1,11,1,I-95,,99998,26.29372778,-80.12266111,0,1,0,0,1,1,0,1,1,1,0,1,0,0000000,99,99,99,99,88,88,0,0,0,1,1
12,120721,1,1,0,1,1,2,2,11,3193,12,5,2012,7,11,59,0,6,8,PROVENCE CIRCLE,PROVENCE LANE,0,26.10773889,-80.40569722,0,8,0,0,4,1,0,1,1,1,0,1,0,0000000,99,99,99,99,99,99,0,0,0,1,0
12,120722,1,1,0,0,0,2,2,33,0,13,5,2012,1,20,25,1,2,2,US-29,,99998,30.6763,-87.35125,0,11,0,0,1,1,0,1,2,1,0,1,0,0000000,99,99,99,99,99,99,0,0,0,1,0
12,120723,3,3,0,0,0,8,8,57,0,13,5,2012,1,20,10,0,6,8,CR-582B (50TH STREET NORTH),KIRBY STREET,0,28.01628611,-82.40188889,0,12,6,0,8,1,0,1,5,1,0,1,0,0000000,99,99,99,99,99,99,0,0,0,1,0
12,120724,2,2,0,0,0,3,3,21,0,14,5,2012,2,19,2,0,6,5,CAMP KEAIS ROAD,,0,26.37193333,-81.41450833,0,12,6,0,1,1,0,4,1,2,0,2,0,0000000,99,99,99,99,99,99,0,0,0,2,0
12,120725,1,1,0,0,0,1,1,23,0,14,5,2012,2,17,30,0,3,2,US-41,,99998,30.29895556,-82.70851389,0,53,0,0,1,1,0,5,1,10,0,10,0,0000000,99,99,99,99,88,88,0,0,0,1,0
12,120726,1,1,0,0,0,2,2,15,0,15,5,2012,3,2,50,0,6,8,TARALANE DR,,0,26.98586111,-81.96607222,0,5,0,0,1,1,0,1,2,1,0,1,0,0000000,99,99,99,99,99,99,0,0,0,1,1
12,120727,2,2,0,0,0,3,3,83,2270,19,1,2012,5,22,15,0,16,6,36TH AVE,,0,29.13116944,-82.05126944,0,12,2,0,8,1,0,1,3,1,0,1,0,0000000,99,99,99,99,99,99,0,0,0,1,2
12,120728,3,3,0,0,0,4,4,71,1070,16,3,2012,6,8,47,0,13,2,US-41 (CLEVELAND AVE),,99998,26.62683333,-81.87224444,0,12,6,0,1,1,0,1,1,1,0,1,0,0000000,99,99,99,99,99,99,0,0,0,1,0
12,120729,1,1,0,1,1,1,1,107,0,24,3,2012,7,1,15,0,6,4,CR-308B,,0,29.48280278,-81.64520556,0,8,0,0,1,1,0,1,6,99,0,99,0,0000000,99,99,99,99,88,88,0,0,0,1,1
12,120730,1,1,0,0,0,5,5,83,0,31,3,2012,7,2,45,0,6,5,292ND AVE RD,,0,28.99843889,-81.66888611,0,42,0,0,1,1,0,5,2,1,0,1,0,0000000,99,99,99,99,99,99,0,0,0,1,1
12,120731,2,2,0,0,0,3,3,86,1340,2,4,2012,2,16,55,1,13,2,US-27,5TH ST,99998,25.82605833,-80.28478333,0,12,2,0,2,4,0,1,1,1,0,1,0,0000000,99,99,99,99,99,99,0,0,0,1,0
12,120732,1,1,0,0,0,1,1,9,3000,3,4,2012,3,21,50,1,11,1,I-95,,99998,28.62461667,-80.85243889,0,1,0,0,1,1,0,4,2,1,0,1,0,0000000,99,99,99,99,88,88,0,0,0,1,0
12,120733,1,1,0,0,0,2,2,57,0,7,4,2012,7,0,0,0,6,8,HARVEST HOME CT,,0,27.71752778,-82.41708889,0,5,0,0,1,1,0,1,3,1,0,1,0,0000000,99,99,99,99,99,99,0,0,0,1,0
12,120734,1,1,0,0,0,1,1,109,0,11,4,2012,4,5,54,0,6,6,POMONT AVE,,0,29.91107778,-81.34405833,0,34,0,0,1,1,0,4,2,1,0,1,0,0000000,99,99,99,99,88,88,0,0,0,1,1