STATE,ST_CASE,VE_TOTAL,VE_FORMS,PVH_INVL,PEDS,PERNOTMVIT,PERMVIT,PERSONS,COUNTY,CITY,DAY,MONTH,YEAR,DAY_WEEK,HOUR,MINUTE,NHS,ROAD_FNC,ROUTE,TWAY_ID,TWAY_ID2,MILEPT,LATITUDE,LONGITUD,SP_JUR,HARM_EV,MAN_COLL,RELJCT1,RELJCT2,TYP_INT,WRK_ZONE,REL_ROAD,LGT_COND,WEATHER1,WEATHER2,WEATHER,SCH_BUS,RAIL,NOT_HOUR,NOT_MIN,ARR_HOUR,ARR_MIN,HOSP_HR,HOSP_MN,CF1,CF2,CF3,FATALS,DRUNK_DR
12,120735,1,1,0,0,0,1,1,31,1510,15,4,2012,1,1,35,0,13,3,SR-21 (I-295),,99998,30.19656667,-81.73913611,0,25,0,1,19,1,0,4,3,1,0,1,0,0000000,99,99,99,99,99,99,0,0,0,1,1
12,120736,1,1,0,0,0,1,1,49,0,18,4,2012,4,23,55,0,6,8,GRIFFIN RD,,0,27.54271111,-81.77696111,0,1,0,0,1,1,0,4,2,10,0,10,0,0000000,99,99,99,99,88,88,0,0,0,1,1
12,120737,1,1,0,0,0,2,2,121,0,19,4,2012,5,18,30,0,6,4,CR-417,,0,30.31333056,-82.90391111,0,34,0,0,1,1,0,4,1,1,0,1,0,0000000,99,99,99,99,99,99,0,0,0,1,0
12,120738,1,1,0,1,1,1,1,86,2020,21,4,2012,7,3,39,1,11,1,I-95,,99998,25.81063611,-80.15696667,0,8,0,0,1,1,0,1,3,2,0,2,0,0000000,99,99,99,99,88,88,0,0,0,1,0
12,120739,4,4,0,0,0,4,4,55,0,21,4,2012,7,22,29,1,2,3,SR-70,,99998,27.23628056,-81.01437778,0,12,1,0,1,1,0,1,2,1,0,1,0,0000000,99,99,99,99,99,99,0,0,0,1,1
12,120740,2,2,0,0,0,2,2,57,0,26,4,2012,5,23,30,0,6,6,GIBSONTON DRIVE,10425 GIBSONTON DRIVE,0,27.85711667,-82.32833889,0,12,1,0,2,3,0,1,2,1,0,1,0,0000000,99,99,99,99,99,99,0,0,0,1,0
12,120741,2,2,0,0,0,5,5,99,0,29,4,2012,1,22,23,0,15,6,LYONS ROAD,ROYAL COBBLESTONE WAY,99998,26.53374167,-80.18861389,0,12,6,0,2,3,0,1,3,2,0,2,0,0000000,99,99,99,99,99,99,0,0,0,1,0
12,120742,1,1,0,0,0,2,2,31,1510,30,4,2012,2,0,45,0,13,2,US-90,SR-115,99998,30.32030278,-81.55209167,0,1,0,0,1,1,0,5,3,1,0,1,0,0000000,99,99,99,99,99,99,0,0,0,1,1
12,120743,1,1,0,0,0,1,1,115,0,1,5,2012,3,3,15,0,6,8,DE LEON DRIVE,,0,27.05115,-82.27435556,0,59,0,0,1,1,0,5,2,1,0,1,0,0000000,99,99,99,99,88,88,0,0,0,1,1
12,120744,2,2,0,0,0,3,3,107,0,2,5,2012,4,16,55,1,2,2,US-17,KIRKWOOD AVENUE,99998,29.48786667,-81.574675,0,12,6,0,2,2,0,1,1,1,0,1,0,0000000,99,99,99,99,99,99,0,0,0,1,0
12,120745,2,2,0,0,0,2,2,83,2270,2,5,2012,4,17,39,0,16,6,SW 19TH AVENUE ROAD,,0,28.98548611,-82.16286667,0,12,7,0,1,1,0,1,1,10,0,10,0,0000000,99,99,99,99,99,99,0,0,0,1,0
12,120746,1,1,0,0,0,1,1,119,0,2,5,2012,4,6,46,0,2,3,SR-50,,99998,28.55499444,-82.08554444,0,1,0,0,1,1,2,5,4,1,0,1,0,0000000,99,99,99,99,88,88,0,0,0,1,1
12,120747,2,2,0,0,0,3,3,57,2540,2,5,2012,4,6,10,1,11,1,I-4,,99998,28.03270556,-82.13309722,0,12,6,0,1,1,0,1,3,1,0,1,0,0000000,99,99,99,99,99,99,0,0,0,2,0
12,120748,2,2,0,0,0,2,2,95,2360,2,5,2012,4,23,4,0,13,3,SR-435,,99998,28.54150556,-81.45819167,0,12,6,0,4,1,0,1,3,1,0,1,0,0000000,99,99,99,99,99,99,0,0,0,1,0
12,120749,2,2,0,0,0,3,3,35,0,3,5,2012,5,16,57,1,2,2,US-1,PLANTATION BAY DR,99998,29.35716944,-81.16011111,0,12,6,0,2,3,0,1,1,1,0,1,0,0000000,99,99,99,99,99,99,0,0,0,2,0
12,120750,1,1,0,0,0,1,1,109,0,3,5,2012,5,0,20,0,2,3,SR-16,,99998,29.91458333,-81.38435278,0,1,0,0,1,1,0,1,2,1,0,1,0,0000000,99,99,99,99,99,99,0,0,0,1,0
12,120751,1,1,0,0,0,2,2,31,1520,4,5,2012,6,6,25,0,13,2,US-90,,99998,30.28830278,-81.418575,0,5,0,0,1,1,0,1,4,10,0,10,1,0000000,99,99,99,99,99,99,0,0,0,1,0
12,120752,1,1,0,0,0,1,1,105,0,4,5,2012,6,2,4,1,11,1,I-4,,99998,28.25075556,-81.62456667,0,1,0,0,1,1,0,4,2,1,0,1,0,0000000,99,99,99,99,88,88,0,0,0,1,0
12,120753,2,2,0,1,1,2,2,57,0,5,5,2012,7,22,50,0,6,5,WATERS AVE,,0,28.0256,-82.51425556,0,8,0,0,1,1,0,1,3,1,0,1,0,0000000,99,99,99,99,88,88,0,0,0,1,1
12,120754,1,1,0,0,0,1,1,133,0,5,5,2012,7,17,15,0,13,3,SR-79,,99998,30.42568611,-85.87535278,0,1,0,0,1,1,0,3,1,1,0,1,0,0000000,99,99,99,99,88,88,0,0,0,1,1
12,120755,1,1,0,0,0,1,1,105,0,5,5,2012,7,23,39,1,11,1,I-4 RAMP,,99998,28.10335556,-81.94842222,0,39,0,1,5,1,0,4,3,1,0,1,0,0000000,99,99,99,99,99,99,0,0,0,1,1
12,120756,2,2,0,0,0,2,2,83,0,10,5,2012,5,9,8,1,2,2,US-27,,99998,29.23144722,-82.26808889,0,59,0,0,1,1,0,4,1,1,0,1,0,0000000,99,99,99,99,99,99,0,0,0,1,0
12,120757,2,2,0,0,0,2,2,97,1590,17,2,2012,6,2,49,0,16,6,VINE ST,,0,28.30439444,-81.41972222,0,1,0,0,1,1,0,1,3,1,0,1,0,0000000,99,99,99,99,99,99,0,0,0,1,1
12,120758,2,2,0,0,0,2,2,49,3120,14,2,2012,3,11,1,0,16,6,FLORIDA AVE,,0,27.53887222,-81.81760556,0,12,2,0,1,1,0,1,1,1,0,1,0,0000000,99,99,99,99,99,99,0,0,0,1,1
12,120760,1,1,0,0,0,1,1,97,2700,21,1,2012,7,2,25,0,16,6,OLD CANE CREEK ROAD,,0,28.19833611,-81.29527222,0,43,0,0,1,1,0,4,2,1,0,1,0,0000000,99,99,99,99,88,88,0,0,0,1,1
12,120761,1,1,0,1,1,1,1,115,2780,8,1,2012,1,18,36,0,13,2,US-41,,99998,27.29859167,-82.53056389,0,8,0,0,1,1,0,1,3,1,0,1,0,0000000,99,99,99,99,88,88,0,0,0,1,1
12,120762,2,2,0,0,0,2,2,115,2780,14,1,2012,7,11,18,0,16,6,29TH STREET,DIXIE AVENUE,0,27.36149167,-82.532325,0,12,6,0,2,2,0,1,1,1,0,1,0,0000000,99,99,99,99,99,99,0,0,0,1,0
12,120763,1,1,0,1,1,1,1,115,1835,27,1,2012,6,18,32,0,15,3,SR-789 (GULF OF MEXICO DRIVE),,99998,27.36238889,-82.62051389,0,8,0,0,1,1,0,1,5,1,0,1,0,0000000,99,99,99,99,99,99,0,0,0,1,0
12,120764,3,3,0,0,0,3,3,86,2010,7,4,2012,7,11,31,0,16,5,NW 37TH AVENUE,NW 195TH TERRACE,0,25.95156389,-80.26189167,0,12,6,0,3,3,0,1,1,1,0,1,0,0000000,99,99,99,99,88,88,0,0,0,1,0
12,120765,2,2,0,0,0,2,2,103,2530,24,4,2012,3,20,17,0,16,6,CR-501,124 AVENUE,0,27.883125,-82.74578333,0,12,2,0,2,3,0,1,3,1,0,1,0,0000000,99,99,99,99,99,99,0,0,0,1,0
12,120766,2,2,0,0,0,2,2,86,0,27,4,2012,6,23,50,1,12,3,SR-836,,99998,25.78121389,-80.33273889,0,12,1,0,1,1,1,1,3,10,0,10,0,0000000,99,99,99,99,99,99,0,0,0,1,1
12,120767,1,1,0,0,0,1,1,103,570,6,5,2012,1,19,10,0,13,3,SR-60,,99998,27.965325,-82.80411111,0,33,0,0,1,1,0,3,1,1,0,1,0,0000000,99,99,99,99,88,88,0,0,0,1,1
12,120768,2,2,0,0,0,4,4,119,3230,9,5,2012,4,17,40,0,13,2,US-301,SR-91 (FLORIDA),99998,28.83721667,-82.04554722,0,12,6,1,5,1,0,1,1,1,0,1,0,0000000,99,99,99,99,99,99,0,0,0,2,0
12,120769,1,1,0,0,0,2,2,105,0,9,5,2012,4,21,19,0,6,4,CR-580,,0,28.13806667,-81.51273333,0,30,0,0,1,1,0,4,2,2,0,2,0,0000000,99,99,99,99,99,99,0,0,0,1,0
12,120770,1,1,0,1,1,1,1,11,2468,9,5,2012,4,14,3,0,16,6,PINES BLVD,68TH AVE,0,26.00980278,-80.22320278,0,8,0,0,3,2,0,1,1,10,0,10,0,0000000,99,99,99,99,99,99,0,0,0,1,0
12,120771,2,2,0,0,0,3,3,105,1690,9,5,2012,4,13,16,0,13,3,SR-563,,99998,28.01427222,-81.9749,0,12,6,0,8,1,0,1,1,1,0,1,0,0000000,99,99,99,99,99,99,0,0,0,1,0
12,120772,2,2,0,1,1,3,3,101,0,12,5,2012,7,20,7,1,13,2,US-19,SALTWATER BLVD,99998,28.34968333,-82.69896111,0,9,0,0,3,3,0,1,5,1,0,1,0,0000000,99,99,99,99,88,88,0,0,0,1,0
12,120773,2,2,0,0,0,2,2,59,0,13,5,2012,1,22,20,1,11,1,I-10,,99998,30.74691389,-85.86725833,0,12,2,0,1,1,0,1,2,1,0,1,0,0000000,99,99,99,99,88,88,0,0,0,2,0
12,120774,6,6,0,0,0,6,6,1,0,15,5,2012,3,8,20,0,6,4,CR-232,SR-24,0,29.70246111,-82.27751111,0,12,1,0,2,3,0,1,1,1,0,1,0,0000000,99,99,99,99,99,99,0,0,0,1,0
12,120775,2,2,0,0,0,2,2,71,0,18,5,2012,6,18,59,0,6,4,CR-767,EASTLING DR,0,26.62487778,-82.12151389,0,12,6,0,2,3,0,1,1,1,0,1,0,0000000,99,99,99,99,88,88,0,0,0,1,0
12,120776,1,1,0,0,0,2,2,51,0,19,5,2012,7,0,59,0,6,8,SAN DIEGO ST,EL PASO AVE,0,26.74852778,-80.92016667,0,1,0,0,3,3,0,4,3,1,0,1,0,0000000,99,99,99,99,99,99,0,0,0,1,1
12,120777,1,1,0,1,1,2,2,91,0,21,5,2012,2,12,30,0,6,8,APLIN RD,,0,30.74459722,-86.54861111,0,15,0,0,1,1,0,1,1,1,0,1,0,0000000,99,99,99,99,99,99,0,0,0,1,0
12,120778,1,1,0,1,1,3,3,57,0,21,5,2012,2,23,8,0,13,3,SR-574,LAKEWOOD DR,99998,27.98202778,-82.31050556,0,8,0,0,2,2,0,1,2,1,0,1,0,0000000,99,99,99,99,88,88,0,0,0,1,0
12,120779,1,1,0,1,1,1,1,131,0,21,5,2012,2,21,40,1,13,2,US-98,,99998,30.37715278,-86.33929722,0,9,0,0,1,1,0,4,2,1,0,1,0,0000000,99,99,99,99,99,99,0,0,0,1,1
12,120780,1,1,0,0,0,1,1,31,1510,21,5,2012,2,2,16,1,11,1,I-95,,99998,30.28659444,-81.62527778,0,25,0,0,1,1,0,3,3,1,0,1,0,0000000,99,99,99,99,88,88,0,0,0,1,1
12,120781,2,2,0,0,0,4,4,131,800,23,2,2012,5,5,36,1,2,2,US-331 RAMP,,99998,30.73415556,-86.14858889,0,12,6,1,5,1,1,1,3,10,0,10,0,0000000,99,99,99,99,99,99,0,0,0,2,0
12,120782,1,1,0,0,0,1,1,57,0,17,4,2012,3,2,20,0,13,3,SR-574,MOORES LAKE ROAD,99998,27.99440556,-82.21967222,0,19,0,0,3,1,0,5,3,1,0,1,0,0000000,99,99,99,99,88,88,0,0,0,1,0
12,120783,1,1,0,0,0,1,1,109,0,6,5,2012,1,4,0,0,6,5,RACETRACK ROAD,,0,30.10406667,-81.47886944,0,10,0,0,6,1,0,1,2,1,0,1,0,271831G,99,99,99,99,88,88,0,0,0,1,1
12,120784,2,2,0,0,0,3,3,115,0,9,5,2012,4,9,8,0,6,8,MCINTOSH ROAD,PALMER RANCH PARKWAY,0,27.25427778,-82.48103889,0,12,6,1,2,3,0,1,1,1,0,1,0,0000000,99,99,99,99,99,99,0,0,0,1,0
12,120785,1,1,0,1,1,1,1,57,0,18,3,2012,1,3,17,0,13,2,US-41,CRYSTAL LAKE DRIVE,99998,28.135625,-82.46329444,0,9,0,0,2,3,0,1,2,1,0,1,0,0000000,99,99,99,99,88,88,0,0,0,1,1
12,120786,1,1,0,0,0,2,2,83,0,8,4,2012,1,19,20,0,6,4,CR-315,,99998,29.49529167,-81.95196944,0,42,0,0,8,1,0,5,5,1,0,1,0,0000000,99,99,99,99,99,99,0,0,0,1,0
12,120787,1,1,0,0,0,1,1,73,0,3,5,2012,5,21,50,0,6,8,WHIRL A WAY TRAIL,,0,30.54247778,-84.21043611,0,53,0,0,1,1,0,4,2,1,0,1,0,0000000,99,99,99,99,88,88,0,0,0,1,1
12,120790,1,1,0,1,1,1,1,35,2439,10,5,2012,5,21,35,0,13,3,SR-100,,99998,29.47568333,-81.18568056,0,8,0,0,1,1,0,1,2,1,0,1,0,0000000,99,99,99,99,88,88,0,0,0,1,0
12,120791,1,1,0,0,0,1,1,81,0,13,5,2012,1,11,57,0,6,8,26TH AVE,,0,27.47663889,-82.50563056,0,42,0,0,1,1,0,4,1,1,0,1,0,0000000,99,99,99,99,99,99,0,0,0,1,0
12,120792,1,1,0,0,0,5,5,123,0,13,5,2012,1,1,5,0,6,5,COW CREEK RD,,0,30.01442222,-83.85278056,0,42,0,0,1,1,0,4,2,1,0,1,0,0000000,99,99,99,99,99,99,0,0,0,1,1
12,120793,3,3,0,0,0,3,3,57,0,18,5,2012,6,14,43,0,14,3,SR-676,,99998,27.92266389,-82.36577778,0,12,2,0,1,1,0,1,1,1,0,1,1,0000000,99,99,99,99,99,99,0,0,0,1,0
12,120794,1,1,0,0,0,1,1,86,844,19,5,2012,7,4,4,1,12,3,SR-826,,99998,25.80577778,-80.321025,0,25,0,1,18,1,0,4,3,1,0,1,0,0000000,99,99,99,99,99,99,0,0,0,1,0
12,120795,2,2,0,0,0,4,4,1,0,21,5,2012,2,21,20,1,2,2,US-301,24TH AVE,99998,29.63000556,-82.10137222,0,12,6,0,2,3,0,1,2,1,0,1,0,0000000,99,99,99,99,99,99,0,0,0,1,0
12,120796,1,1,0,1,1,1,1,31,1510,21,5,2012,2,22,17,0,14,3,SR-128,,99998,30.28221944,-81.72388056,0,8,0,0,1,1,0,1,3,1,0,1,0,0000000,99,99,99,99,99,99,0,0,0,1,0
12,120797,1,1,0,2,2,1,1,11,1050,18,3,2012,1,13,25,0,16,5,4TH ST,,0,26.11867778,-80.13710833,0,19,0,0,1,1,0,4,1,1,0,1,0,0000000,99,99,99,99,99,99,0,0,0,1,1
12,120798,2,2,0,0,0,2,2,127,780,14,3,2012,4,20,0,1,13,2,US-92,,99998,29.18252778,-81.07880556,0,12,1,0,1,1,0,1,3,1,0,1,0,0000000,99,99,99,99,99,99,0,0,0,1,0
12,120799,1,1,0,1,1,2,2,99,0,21,4,2012,7,21,28,0,13,2,US-441,,99998,26.50588333,-80.205075,0,8,0,0,1,1,0,1,2,10,0,10,0,0000000,99,99,99,99,88,88,0,0,0,1,0
12,120800,2,2,0,0,0,3,3,99,0,23,4,2012,2,13,40,0,15,8,LAWRENCE RD,OLD BOYNTON RD,99998,26.53181111,-80.10655833,0,12,6,0,2,2,0,1,1,10,0,10,0,0000000,99,99,99,99,99,99,0,0,0,1,0
12,120801,1,1,0,0,0,1,1,99,0,27,4,2012,6,1,15,0,6,8,EAST DR,,0,26.71353333,-80.12352222,0,59,0,0,1,1,0,4,3,1,0,1,0,0000000,99,99,99,99,88,88,0,0,0,1,1
12,120802,2,2,0,0,0,3,3,87,0,15,5,2012,3,14,39,1,13,2,US-1,US-1,99998,24.57235833,-81.74910278,0,12,1,0,2,3,0,1,1,10,0,10,0,0000000,99,99,99,99,99,99,0,0,0,1,0
12,120803,2,2,0,0,0,3,3,57,0,24,5,2012,5,17,30,0,6,8,PARSONS AVE,VALLEY DR,0,27.96179722,-82.28583611,0,12,6,0,2,3,0,1,1,1,0,1,0,0000000,99,99,99,99,99,99,0,0,0,1,0
12,120804,2,2,0,0,0,2,2,86,0,6,1,2012,6,1,45,0,6,8,SW 104TH ST,SW 122ND AVE,0,25.67151389,-80.39212222,0,12,6,0,2,2,0,1,3,1,0,1,0,0000000,99,99,99,99,88,88,0,0,0,1,2
12,120805,4,4,0,0,0,7,7,103,2730,10,1,2012,3,17,22,0,16,6,49TH ST,,0,27.77846111,-82.69986667,0,12,2,0,1,1,0,1,1,1,0,1,0,0000000,99,99,99,99,99,99,14,20,0,1,0
12,120806,2,2,0,0,0,4,4,115,2235,12,2,2012,1,16,57,0,16,6,EAST PRICE BLVD,NORTH YORKSHIRE STREET,0,27.05365833,-82.08975556,0,12,6,0,2,2,0,1,1,1,0,1,0,0000000,99,99,99,99,99,99,0,0,0,1,1
12,120807,1,1,0,0,0,1,1,105,1640,3,3,2012,7,18,55,0,16,6,OLD HAINES CITY LAKE ALFRED RD,,0,28.1062,-81.69492222,0,5,0,0,1,1,0,4,2,1,0,1,0,0000000,99,99,99,99,99,99,0,0,0,1,0
12,120808,3,2,1,0,0,3,3,11,1420,9,3,2012,6,19,28,0,6,8,NORTH 70TH AVENUE,MCKINLEY STREET,0,26.02238611,-80.22921944,0,12,6,0,2,2,0,1,3,1,0,1,0,0000000,99,99,99,99,99,99,0,0,0,2,0
12,120809,2,2,0,1,1,2,2,105,160,5,5,2012,7,2,5,1,13,2,US-98/ 700 N BROADWAY AVENUE,,99998,27.90477222,-81.84333056,0,8,0,0,1,1,4,1,3,1,0,1,0,0000000,99,99,99,99,99,99,0,0,0,1,0
12,120810,2,2,0,0,0,2,2,109,0,11,5,2012,6,0,50,1,2,3,SR-207,MAIN STREET,99998,29.71443611,-81.50791667,0,12,1,0,2,2,0,1,3,1,0,1,0,0000000,99,99,99,99,88,88,0,0,0,1,1
12,120811,1,1,0,1,1,1,1,31,1510,11,5,2012,6,6,12,1,13,2,US-90,SUTTON LAKES BLVD,99998,30.3239,-81.5074,0,9,0,0,2,2,0,1,4,1,0,1,1,0000000,99,99,99,99,88,88,0,0,0,1,0
12,120812,1,1,0,0,0,5,5,115,0,14,5,2012,2,8,0,1,11,1,I-75,,99998,27.11930278,-82.39437222,0,1,0,0,1,1,4,1,1,10,0,10,0,0000000,99,99,99,99,99,99,0,0,0,1,0
12,120813,1,1,0,0,0,1,1,57,0,17,2,2012,6,23,41,0,6,5,PROGRESS BLVD,MAGNOLIA PARK AVE,0,27.89900556,-82.35433611,0,25,0,0,2,3,0,3,3,1,0,1,0,0000000,99,99,99,99,99,99,0,0,0,1,1
12,120814,2,2,0,0,0,3,3,11,790,18,5,2012,6,13,21,0,15,6,3RD AVE,40TH ST,99998,26.27982778,-80.11944167,0,12,8,0,2,3,0,1,1,2,0,2,0,0000000,99,99,99,99,88,88,0,0,0,1,0
12,120815,1,1,0,0,0,1,1,95,0,19,5,2012,7,15,10,0,16,6,NOVA RD,,0,28.35928611,-80.93194167,0,42,0,0,1,1,0,5,1,1,0,1,0,0000000,99,99,99,99,88,88,0,0,0,1,1
12,120816,2,2,0,0,0,3,3,119,0,20,5,2012,1,10,20,1,11,1,I-75,,99998,28.841975,-82.09031111,0,12,1,0,1,1,0,1,1,1,0,1,0,0000000,99,99,99,99,99,99,0,0,0,1,0
12,120817,1,1,0,0,0,4,4,85,0,20,5,2012,1,13,45,1,11,1,I-95,,99998,26.97503056,-80.17916944,0,1,0,0,1,1,0,3,1,1,0,1,0,0000000,99,99,99,99,99,99,0,0,0,1,1
12,120818,1,1,0,1,1,1,1,83,0,21,5,2012,2,20,53,0,6,5,183RD AVE RD,,0,29.16061111,-81.84475278,0,9,0,0,1,1,0,1,2,1,0,1,0,0000000,99,99,99,99,88,88,0,0,0,1,1
12,120819,1,1,0,0,0,1,1,21,0,22,5,2012,3,21,44,1,11,1,I-75,,99998,26.16323056,-81.71884167,0,21,0,1,18,1,0,4,2,1,0,1,0,0000000,99,99,99,99,99,99,0,0,0,1,0
12,120820,1,1,0,0,0,2,2,11,2541,24,5,2012,5,99,99,0,15,8,OLD HIATUS RD,TARA DR,99998,26.11251389,-80.29810278,0,3,0,0,3,3,0,5,3,10,0,10,0,0000000,99,99,99,99,88,88,0,0,0,2,1
12,120821,2,2,0,0,0,2,2,15,0,24,5,2012,5,7,20,0,6,5,VETERANS BLVD,HARBOR BLVD,0,27.03091389,-82.09396389,0,12,6,0,2,3,0,1,1,1,0,1,0,0000000,99,99,99,99,99,99,0,0,0,1,0
12,120822,2,2,0,0,0,4,4,95,0,24,5,2012,5,8,17,0,2,3,SR-520,TAYLOR CREEK RD,99998,28.46313889,-80.99345,0,12,6,0,2,3,0,1,1,1,0,1,0,0000000,99,99,99,99,99,99,0,0,0,2,0
12,120823,2,2,0,0,0,2,2,31,1510,25,5,2012,6,7,10,0,13,2,US-17,PLYMOUTH ST,99998,30.3021,-81.7201,0,12,6,0,2,2,0,1,1,1,0,1,0,0000000,99,99,99,99,99,99,0,0,0,1,0
12,120824,1,1,0,1,1,2,2,9,2005,26,5,2012,7,21,12,0,13,3,SR-520,,99998,28.35756944,-80.66315556,0,8,0,0,1,1,0,1,3,1,0,1,0,0000000,99,99,99,99,88,88,0,0,0,1,0
12,120825,1,1,0,1,1,1,1,17,0,26,5,2012,7,5,30,0,6,8,CROFT AVE,,0,28.88344444,-82.38606944,0,8,0,0,1,1,0,1,2,1,0,1,0,0000000,99,99,99,99,88,88,0,0,0,1,0
12,120826,2,2,0,0,0,7,7,86,2010,26,5,2012,7,15,48,1,11,1,I-395 RAMP,,99998,25.78916111,-80.20424167,0,12,7,1,5,1,0,1,1,10,0,10,0,0000000,15,52,16,1,99,99,0,0,0,1,0
12,120827,1,1,0,0,0,1,1,61,0,26,5,2012,7,19,59,0,6,4,CR-505,,0,27.82478889,-80.50423889,0,30,0,0,1,1,0,4,5,1,0,1,0,0000000,99,99,99,99,99,99,0,0,0,1,1
12,120828,2,2,0,0,0,2,2,11,2948,26,5,2012,7,10,39,0,16,6,ROCK ISLAND RD,50TH ST,0,26.18720278,-80.21961944,0,12,6,0,2,3,0,1,1,1,0,1,0,0000000,99,99,99,99,99,99,0,0,0,1,0
12,120829,2,2,0,0,0,2,2,123,0,28,5,2012,2,12,50,1,2,2,US-27,,99998,30.14903056,-83.61371111,0,12,6,0,1,1,0,1,1,2,0,2,0,0000000,99,99,99,99,99,99,0,0,0,1,0
12,120830,1,1,0,0,0,2,2,57,0,28,5,2012,2,23,5,0,6,8,QUAIL MEADOW ROAD,,0,28.11255556,-82.2262,0,38,0,0,1,1,0,5,2,1,0,1,0,0000000,99,99,99,99,99,99,0,0,0,1,1
12,120831,2,2,0,0,0,3,3,95,0,30,5,2012,4,4,25,1,2,3,SR-528,,99998,28.45246111,-80.96296667,0,12,1,0,1,1,0,1,2,1,0,1,0,0000000,99,99,99,99,99,99,0,0,0,1,0
12,120832,3,3,0,0,0,6,6,113,0,31,5,2012,5,18,32,1,13,2,US-98,EDGEWOOD DRIVE,99998,30.40231944,-86.94813333,0,12,6,1,2,3,0,1,1,10,0,10,0,0000000,99,99,99,99,99,99,0,0,0,1,0
12,120833,1,1,0,0,0,4,4,71,0,31,5,2012,5,9,20,1,11,1,I-75,,99998,26.37706667,-81.77186111,0,1,0,0,1,1,0,3,1,1,0,1,0,0000000,99,99,99,99,99,99,0,0,0,1,0
12,120835,1,1,0,1,1,3,3,11,1050,12,1,2012,5,21,44,0,13,2,US-1,,99998,26.10142222,-80.13686944,0,8,0,0,1,1,0,1,3,1,0,1,0,0000000,99,99,99,99,99,99,0,0,0,1,0
12,120836,1,1,0,1,1,1,1,86,0,15,1,2012,1,6,34,0,13,3,SR-453 (NW 42ND AVENUE),,99998,25.80150278,-80.26431667,0,8,0,0,1,1,0,1,3,1,0,1,0,0000000,99,99,99,99,88,88,0,0,0,1,0
12,120837,1,1,0,1,1,2,2,57,0,26,1,2012,5,23,4,0,6,5,BIG BEND ROAD,,0,27.79239722,-82.38099722,0,8,0,0,1,1,0,1,2,10,0,10,0,0000000,99,99,99,99,88,88,0,0,0,1,0
12,120838,1,1,0,1,1,1,1,133,550,28,1,2012,7,17,30,0,16,6,CR-273,,0,30.771825,-85.54134722,0,8,0,0,1,1,0,1,5,1,0,1,0,0000000,99,99,99,99,99,99,0,0,0,1,0
12,120840,2,2,0,0,0,4,4,86,0,13,4,2012,6,5,7,0,15,5,SW 184TH ST,BUSWAY,99998,25.59851944,-80.35548611,0,12,6,0,2,2,0,1,3,1,0,1,0,0000000,99,99,99,99,99,99,0,0,0,1,0
12,120841,1,1,0,0,0,1,1,86,0,15,4,2012,1,10,28,0,6,5,CARD SOUND RD,,0,25.29652222,-80.38525833,0,24,0,0,1,1,0,4,1,1,0,1,0,0000000,99,99,99,99,88,88,0,0,0,1,0
12,120842,2,2,0,0,0,2,2,99,2660,13,5,2012,1,1,30,1,13,3,SR-708 (BLUE HERON BLVD),SB ENTRANCE RAMP,99998,26.78320278,-80.1005,0,12,6,1,5,1,0,1,3,10,0,10,0,0000000,99,99,99,99,88,88,0,0,0,1,1
12,120843,2,2,0,0,0,2,2,57,0,21,5,2012,2,15,20,1,2,2,US-301,,99998,28.12024444,-82.24023611,0,12,2,0,1,1,0,1,1,10,0,10,0,0000000,99,99,99,99,99,99,0,0,0,1,1
12,120844,1,1,0,0,0,1,1,131,0,29,5,2012,3,23,32,0,6,4,CR-30A,,0,30.33772222,-86.18705556,0,24,0,0,1,1,0,4,3,10,0,10,0,0000000,99,99,99,99,99,99,0,0,0,1,1
12,120845,3,3,0,0,0,7,7,21,0,29,5,2012,3,14,55,0,13,2,US-41,MANATEE ROAD,99998,26.04913611,-81.67715278,0,12,6,0,2,3,0,1,1,1,0,1,0,0000000,99,99,99,99,99,99,0,0,0,1,0
12,120846,1,1,0,0,0,1,1,83,220,27,2,2012,2,21,35,0,13,2,US-27,102ND PL,99998,29.07338611,-82.07276944,0,5,0,0,3,1,0,3,3,2,0,2,0,0000000,99,99,99,99,99,99,0,0,0,1,1
12,120847,1,1,0,1,1,1,1,11,1050,3,3,2012,7,0,18,0,16,6,NE 14TH ST,NE 17TH AVE,0,26.1444,-80.12605278,0,9,0,0,3,2,0,1,3,1,0,1,0,0000000,99,99,99,99,99,99,0,0,0,1,0
12,120848,2,2,0,0,0,2,2,85,0,21,3,2012,4,14,4,0,14,3,SR-A1A (NE OCEAN BLVD),,99998,27.25865833,-80.19927222,0,12,7,0,1,1,0,1,1,1,0,1,0,0000000,99,99,99,99,99,99,0,0,0,1,0
12,120849,1,1,0,1,1,1,1,86,0,25,3,2012,1,21,0,0,6,8,SW 192ND ST,,0,25.58864444,-80.503325,0,9,0,0,1,1,0,1,9,1,0,1,0,0000000,99,99,99,99,88,88,0,0,0,1,0
12,120850,1,1,0,1,1,1,1,11,2570,29,3,2012,5,11,46,1,13,6,CYPRESS RD,,99998,26.21060833,-80.12310278,0,8,0,0,1,1,0,1,1,1,0,1,0,0000000,99,99,99,99,99,99,0,0,0,1,0
12,120851,1,1,0,1,1,1,1,11,1050,8,4,2012,1,20,40,0,14,3,SR-A1A,,99998,26.10076667,-80.11665833,0,9,0,0,1,1,0,1,3,1,0,1,0,0000000,99,99,99,99,99,99,0,0,0,1,0