STATE,ST_CASE,VE_TOTAL,VE_FORMS,PVH_INVL,PEDS,PERNOTMVIT,PERMVIT,PERSONS,COUNTY,CITY,DAY,MONTH,YEAR,DAY_WEEK,HOUR,MINUTE,NHS,ROAD_FNC,ROUTE,TWAY_ID,TWAY_ID2,MILEPT,LATITUDE,LONGITUD,SP_JUR,HARM_EV,MAN_COLL,RELJCT1,RELJCT2,TYP_INT,WRK_ZONE,REL_ROAD,LGT_COND,WEATHER1,WEATHER2,WEATHER,SCH_BUS,RAIL,NOT_HOUR,NOT_MIN,ARR_HOUR,ARR_MIN,HOSP_HR,HOSP_MN,CF1,CF2,CF3,FATALS,DRUNK_DR
12,120852,1,1,0,1,1,1,1,11,1782,8,4,2012,1,23,40,0,14,6,31ST AVE,,99998,26.13820833,-80.18653333,0,8,0,0,1,1,0,1,3,1,0,1,0,0000000,99,99,99,99,88,88,0,0,0,1,0
12,120853,1,1,0,0,0,1,1,105,160,13,4,2012,6,15,18,0,6,8,HIGHLAND BLVD,,0,27.90949444,-81.87025278,0,42,0,0,1,1,0,5,1,1,0,1,0,0000000,99,99,99,99,99,99,0,0,0,1,0
12,120854,1,1,0,0,0,1,1,19,0,14,4,2012,7,21,26,0,6,4,CR-218,,0,30.02846111,-81.80734722,0,1,0,0,1,1,4,4,2,1,0,1,0,0000000,99,99,99,99,88,88,0,0,0,1,1
12,120855,1,1,0,1,1,1,1,17,1500,17,4,2012,3,8,10,1,13,3,SR-44,,99998,28.83864722,-82.35735278,0,8,0,0,1,1,0,1,1,1,0,1,0,0000000,99,99,99,99,99,99,0,0,0,1,0
12,120856,1,1,0,1,1,1,1,127,2580,19,4,2012,5,20,24,0,13,3,SR-5A,,99998,29.12393889,-81.00313889,0,9,0,0,1,1,0,1,3,1,0,1,0,0000000,99,99,99,99,88,88,0,0,0,1,0
12,120857,1,1,0,0,0,1,1,57,0,18,5,2012,6,22,15,0,6,8,SAUNDERS ST,,0,28.02338889,-82.12580278,0,43,0,0,1,1,0,5,2,1,0,1,0,0000000,99,99,99,99,88,88,0,0,0,1,1
12,120858,1,1,0,0,0,3,3,57,0,25,5,2012,6,0,43,0,6,8,BONITA DRIVE,,0,27.67938611,-82.31949444,0,34,0,0,1,1,0,5,2,1,0,1,0,0000000,99,99,99,99,99,99,0,0,0,1,1
12,120859,1,1,0,1,1,1,1,5,0,26,5,2012,7,22,55,0,14,2,US-98,SPRING AVENUE,99998,30.17495278,-85.62900833,0,8,0,0,2,3,0,1,2,1,0,1,0,0000000,99,99,99,99,88,88,0,0,0,1,0
12,120860,2,2,0,0,0,2,2,89,0,11,5,2012,6,5,10,1,2,2,US-1,,99998,30.72785,-81.94354722,0,12,1,0,1,1,0,1,2,1,0,1,0,0000000,99,99,99,99,88,88,0,0,0,1,0
12,120861,2,2,0,0,0,4,4,9,1990,11,4,2012,4,20,31,0,13,2,US-1,MASTERSON STREET,99998,28.13965833,-80.63423056,0,12,6,0,2,2,0,1,3,1,0,1,0,0000000,99,99,99,99,99,99,0,0,0,1,0
12,120862,1,1,0,1,1,1,1,86,2010,22,2,2012,4,21,28,0,16,6,NW 62ND ST,NW 4TH AVE,0,25.83248333,-80.20336111,0,15,0,0,3,3,0,1,2,1,0,1,0,0000000,99,99,99,99,99,99,0,0,0,1,0
12,120863,4,4,0,0,0,5,5,11,1420,28,2,2012,3,18,38,0,14,5,SHERIDAN ST,N 74TH AVE,99998,26.03133889,-80.23660556,0,12,2,0,2,3,0,1,5,1,0,1,0,0000000,99,99,99,99,88,88,0,0,0,1,0
12,120864,1,1,0,1,1,1,1,55,130,18,3,2012,1,15,30,0,6,6,SOUTH FLORIDA AVE,WEST STATE ST,0,27.59014167,-81.51026667,0,9,0,0,2,2,0,1,1,1,0,1,0,0000000,99,99,99,99,88,88,0,0,0,1,0
12,120865,1,1,0,0,0,1,1,21,0,26,4,2012,5,18,15,0,6,5,EVERGLADES BLVD,,0,26.21274167,-81.54425278,0,43,0,0,1,1,0,5,1,1,0,1,0,0000000,99,99,99,99,99,99,0,0,0,1,0
12,120866,1,1,0,0,0,1,1,15,0,27,4,2012,6,9,26,0,6,8,COCHRAN BLVD,,0,27.01074167,-82.13243056,0,30,0,0,1,1,0,4,1,1,0,1,0,0000000,99,99,99,99,99,99,0,0,0,1,0
12,120867,1,1,0,2,2,2,2,86,1340,29,4,2012,1,4,17,0,16,6,16TH AVE,,0,25.85003889,-80.31438611,0,8,0,0,1,1,0,1,3,2,0,2,0,0000000,99,99,99,99,99,99,0,0,0,1,0
12,120868,1,1,0,0,0,1,1,31,1510,8,5,2012,3,15,5,1,11,1,I-10,,99998,30.2992,-81.933275,0,1,0,0,1,1,0,3,1,10,0,10,0,0000000,99,99,99,99,99,99,0,0,0,1,0
12,120869,2,2,0,0,0,5,5,85,0,13,5,2012,1,2,19,1,11,1,I-95,,99998,27.16728056,-80.391625,0,12,2,1,18,1,0,1,3,1,0,1,0,0000000,99,99,99,99,99,99,0,0,0,4,2
12,120870,3,3,0,0,0,4,4,11,633,18,5,2012,6,20,29,0,14,6,LYONS ROAD,JOHNSON ROAD,99998,26.31195556,-80.18640278,0,12,2,0,2,2,0,1,3,1,0,1,0,0000000,99,99,99,99,99,99,0,0,0,1,0
12,120871,1,1,0,0,0,2,2,95,0,20,5,2012,1,2,15,0,6,8,LAKE PRICE DRIVE,,0,28.59741667,-81.17844722,0,42,0,0,1,1,0,5,7,1,0,1,0,0000000,99,99,99,99,99,99,0,0,0,1,1
12,120872,2,2,0,0,0,2,2,33,2490,21,5,2012,2,9,15,0,13,2,US-90 (EAST STREET),CERVANTES STREET,99998,30.42017778,-87.23006667,0,12,6,0,2,2,0,1,1,1,0,1,0,0000000,99,99,99,99,99,99,0,0,0,1,0
12,120873,3,3,0,0,0,3,3,115,0,24,5,2012,5,15,21,0,14,3,SR-72 (CLARK RD),SAWYER RD,99998,27.26925833,-82.48931389,0,12,1,0,2,2,0,1,1,1,0,1,0,0000000,99,99,99,99,99,99,0,0,0,1,0
12,120874,2,2,0,0,0,4,4,99,0,4,5,2012,6,13,10,0,6,5,SEMINOLE PRATT WHITNEY ROAD,ORAGNE BLVD,0,26.77978333,-80.29455556,0,12,2,1,2,4,0,1,1,1,0,1,0,0000000,99,99,99,99,99,99,0,0,0,1,0
12,120875,2,2,0,0,0,4,4,86,0,28,1,2012,7,17,48,0,6,8,NW 22ND AVENUE,NW 66TH STREET,0,25.83468889,-80.23304444,0,12,6,0,2,2,0,1,5,1,0,1,0,0000000,99,99,99,99,99,99,0,0,0,1,2
12,120876,1,1,0,0,0,5,5,95,2360,24,5,2012,5,19,10,0,14,3,SR-438,,99998,28.56978056,-81.42071111,0,34,0,0,1,1,0,5,6,1,0,1,0,0000000,99,99,99,99,99,99,0,0,0,4,0
12,120877,1,1,0,0,0,2,2,127,0,6,6,2012,4,15,43,1,11,1,I-95,,99998,29.15805278,-81.07693889,0,1,0,1,5,1,0,5,1,2,0,2,0,0000000,99,99,99,99,99,99,0,0,0,1,0
12,120878,3,3,0,0,0,3,3,95,2360,7,6,2012,5,12,43,0,14,3,SR-423,,99998,28.55611667,-81.41380556,0,12,2,0,1,1,0,1,1,10,0,10,0,0000000,99,99,99,99,88,88,0,0,0,1,0
12,120880,4,4,0,0,0,5,5,86,1030,19,5,2012,7,18,38,0,16,6,33RD ST S DIXIE HWY,S DIXIE HWY,0,25.45525,-80.47514167,0,12,6,0,2,2,0,1,1,2,0,2,0,0000000,99,99,99,99,99,99,0,0,0,1,0
12,120881,2,2,0,0,0,2,2,95,0,23,5,2012,4,15,30,0,5,3,SR-414,N. HIAWASSEE RD,99998,28.63322778,-81.47637222,0,12,1,0,3,2,0,1,1,1,0,1,0,0000000,99,99,99,99,99,99,0,0,0,1,0
12,120882,2,2,0,0,0,4,4,57,0,26,5,2012,7,23,38,1,13,3,SR-60,GRAND REGENCY BLVD,99998,27.93945278,-82.32370278,0,12,6,0,2,2,0,1,3,1,0,1,0,0000000,23,41,23,44,99,99,0,0,0,1,0
12,120883,1,1,0,1,1,1,1,115,0,26,5,2012,7,20,53,0,6,8,CR-72A,,0,27.28396111,-82.47300556,0,9,0,0,1,1,0,1,2,1,0,1,0,0000000,99,99,99,99,99,99,0,0,0,1,0
12,120884,5,5,0,0,0,8,8,11,2570,27,5,2012,1,23,11,1,11,1,I-95,,99998,26.277575,-80.12498333,0,12,1,0,1,1,0,1,3,1,0,1,0,0000000,99,99,99,99,99,99,14,19,0,1,0
12,120885,1,1,0,0,0,1,1,59,0,27,5,2012,1,18,0,0,3,2,US-90,,99998,30.77242222,-85.84999722,0,1,0,0,1,1,0,4,1,1,0,1,0,0000000,99,99,99,99,99,99,0,0,0,1,1
12,120886,1,1,0,0,0,1,1,101,0,27,5,2012,1,15,20,1,11,1,I-75,,99998,28.38016389,-82.31922778,0,42,0,0,1,1,0,5,1,10,0,10,0,0000000,99,99,99,99,99,99,0,0,0,1,1
12,120887,1,1,0,0,0,1,1,107,0,27,5,2012,1,21,13,0,6,8,DOG BRANCH RD,,0,29.67751389,-81.61242222,0,34,0,0,1,1,0,4,2,2,0,2,0,0000000,99,99,99,99,88,88,0,0,0,1,1
12,120888,1,1,0,0,0,2,2,57,0,27,5,2012,1,14,19,1,11,1,I-4,,99998,28.00346111,-82.31522222,0,52,0,1,18,1,0,4,1,1,0,1,0,0000000,99,99,99,99,99,99,0,0,0,1,0
12,120889,2,2,0,0,0,3,3,9,0,27,5,2012,1,16,32,0,13,3,SR-520,NEWFOUND HARBOR DR,99998,28.3573,-80.66908333,0,12,6,0,2,2,0,1,1,1,0,1,0,0000000,99,99,99,99,99,99,0,0,0,1,0
12,120890,1,1,0,0,0,1,1,95,0,31,5,2012,5,23,52,0,6,4,CR-527,,0,28.40732222,-81.37477222,0,23,0,0,1,1,0,4,2,10,0,10,0,0000000,99,99,99,99,88,88,0,0,0,1,0
12,120891,2,2,0,0,0,3,3,9,2424,1,6,2012,6,4,40,1,11,1,I-95,,99998,28.00756389,-80.63712778,0,12,1,0,1,1,0,1,3,10,0,10,0,0000000,99,99,99,99,88,88,0,0,0,2,1
12,120892,1,1,0,0,0,1,1,83,0,1,6,2012,6,23,24,0,13,2,US-27/441,,99998,29.10077778,-82.08956944,0,42,0,0,1,1,0,4,2,10,0,10,0,0000000,99,99,99,99,88,88,0,0,0,1,0
12,120893,2,2,0,0,0,7,7,95,0,1,6,2012,6,21,55,0,6,4,CR-552,,0,28.510175,-81.21948056,0,12,6,0,1,1,0,1,3,1,0,1,0,0000000,99,99,99,99,99,99,0,0,0,1,0
12,120894,1,1,0,0,0,2,2,133,0,1,6,2012,6,21,45,0,6,8,CLEMMONS ROAD,,0,30.59499444,-85.80605556,0,35,0,0,1,1,0,4,2,1,0,1,0,0000000,99,99,99,99,99,99,0,0,0,1,1
12,120896,3,3,0,0,0,4,4,105,0,1,6,2012,6,14,16,0,13,2,US-98,,99998,28.17450556,-81.98555278,0,12,8,0,1,1,0,1,1,10,0,10,0,0000000,99,99,99,99,99,99,0,0,0,1,1
12,120897,1,1,0,1,1,1,1,131,0,1,6,2012,6,7,5,0,3,3,SR-83,,99998,30.75948611,-86.11279722,0,9,0,0,1,1,0,2,1,10,0,10,0,0000000,99,99,99,99,99,99,0,0,0,1,0
12,120898,2,2,0,0,0,2,2,127,2580,2,6,2012,7,3,15,1,11,1,I-95,,99998,29.09248889,-81.02114722,0,12,1,0,1,1,0,2,2,10,0,10,0,0000000,99,99,99,99,88,88,0,0,0,1,1
12,120900,2,2,0,0,0,2,2,51,0,3,6,2012,1,14,50,1,2,3,SR-80,,99998,26.75501667,-81.14991111,0,12,98,0,1,1,0,1,1,1,0,1,0,0000000,99,99,99,99,99,99,0,0,0,1,2
12,120901,1,1,0,1,1,2,2,19,0,3,6,2012,1,4,41,0,6,8,ALLIGATOR BLVD,,0,30.04072222,-81.91268333,0,8,0,0,1,1,0,1,2,1,0,1,0,0000000,99,99,99,99,99,99,0,0,0,1,1
12,120902,2,2,0,0,0,2,2,127,0,4,6,2012,2,1,20,1,11,1,I-4,,99998,28.92434167,-81.2677,0,12,1,0,1,1,0,1,3,10,0,10,0,0000000,99,99,99,99,88,88,0,0,0,1,1
12,120903,3,3,0,0,0,3,3,103,1770,4,6,2012,2,20,28,1,12,2,US-19,,99998,27.89232222,-82.72144444,0,12,2,0,1,1,0,1,5,1,0,1,0,0000000,99,99,99,99,99,99,0,0,0,1,1
12,120904,1,1,0,0,0,1,1,105,0,6,6,2012,4,19,20,0,6,5,LAKE MARION CREEK ROAD,,0,28.11849722,-81.54765278,0,38,0,0,1,1,0,5,5,2,0,2,0,0000000,99,99,99,99,88,88,0,0,0,1,0
12,120905,3,3,0,0,0,3,3,43,0,6,6,2012,4,4,57,0,3,3,SR-78,,99998,27.06299722,-80.97946389,0,11,0,0,1,1,0,1,2,1,0,1,0,0000000,99,99,99,99,88,88,0,0,0,1,0
12,120906,1,1,0,0,0,1,1,11,3193,6,6,2012,4,4,50,0,14,8,GRIFFIN ROAD,,99998,26.0624,-80.37143056,0,32,0,0,1,1,0,3,2,2,0,2,0,0000000,99,99,99,99,88,88,0,0,0,1,0
12,120907,2,2,0,0,0,4,4,103,0,17,5,2012,5,9,47,0,16,6,BELLAIR ROAD,BELCHER ROAD,0,27.93878056,-82.74595833,0,12,6,1,2,2,0,1,1,1,0,1,0,0000000,99,99,99,99,99,99,0,0,0,2,0
12,120908,1,1,0,1,1,2,2,105,0,18,5,2012,6,19,23,0,6,4,CR-559,,0,27.95708056,-81.73101944,0,9,0,0,1,1,0,1,2,1,0,1,0,0000000,99,99,99,99,99,99,0,0,0,1,0
12,120909,1,1,0,1,1,2,2,99,0,19,5,2012,7,0,40,0,16,8,HYPOLUXO ROAD,,0,26.57253889,-80.14430556,0,9,0,0,1,1,0,1,3,10,0,10,0,0000000,99,99,99,99,88,88,0,0,0,1,0
12,120910,2,2,0,0,0,2,2,86,2010,12,6,2012,3,9,50,0,16,6,NW 61ST AVE,NW 5TH ST,0,25.77595833,-80.29542222,0,12,6,0,2,2,0,1,1,1,0,1,0,0000000,99,99,99,99,99,99,0,0,0,1,0
12,120911,1,1,0,0,0,2,2,57,2950,7,1,2012,7,4,32,0,16,6,INDEPENDENCE PKWY,,0,27.9814,-82.55631111,0,42,0,0,1,1,0,3,3,5,0,5,0,0000000,99,99,99,99,99,99,0,0,0,1,1
12,120912,1,1,0,0,0,3,3,127,2580,3,1,2012,3,6,46,0,13,2,US-1,,99998,29.13055833,-80.981975,0,24,0,0,1,1,0,4,6,1,0,1,0,0000000,99,99,99,99,99,99,0,0,0,2,1
12,120913,1,1,0,1,1,2,2,105,0,2,1,2012,2,23,36,1,2,2,US-92,,99998,28.069425,-81.74702222,0,8,0,0,1,1,0,1,2,1,0,1,0,0000000,99,99,99,99,99,99,0,0,0,1,0
12,120914,1,1,0,0,0,3,3,95,0,8,6,2012,6,16,47,0,2,3,SR-520,,99998,28.46383889,-80.99425,0,32,0,0,1,1,0,3,1,10,0,10,0,0000000,99,99,99,99,99,99,0,0,0,1,0
12,120915,2,2,0,0,0,3,3,55,0,9,6,2012,7,10,2,0,4,3,SR-17,MANATEE DRIVE,99998,27.52939722,-81.45348611,0,12,6,0,2,2,0,1,1,1,0,1,0,0000000,99,99,99,99,99,99,0,0,0,1,1
12,120917,2,2,0,0,0,4,4,11,1826,9,6,2012,7,3,49,0,13,2,US-1 (NORTH FEDERAL HIGHWAY),NE 33RD STREET,99998,26.27216389,-80.09778889,0,12,1,0,2,3,0,1,3,10,0,10,0,0000000,99,99,99,99,99,99,0,0,0,1,1
12,120918,2,2,0,0,0,2,2,95,2360,10,6,2012,1,16,26,1,11,1,I-4,,99998,28.50859167,-81.41902222,0,12,7,0,1,1,0,1,1,1,0,1,0,0000000,99,99,99,99,99,99,0,0,0,1,0
12,120919,2,2,0,0,0,5,5,107,0,27,5,2012,1,10,0,1,13,2,US-17,MASTERS RD,99998,29.64373333,-81.60652778,0,12,6,0,2,3,0,1,1,10,0,10,0,0000000,99,99,99,99,99,99,0,0,0,1,0
12,120920,1,1,0,1,1,1,1,31,1510,6,6,2012,4,20,50,0,14,3,SR-228,,99998,30.2873,-81.7363,0,8,0,0,1,1,0,1,3,2,0,2,0,0000000,99,99,99,99,99,99,0,0,0,1,0
12,120921,2,2,0,0,0,3,3,57,2950,12,4,2012,5,15,28,0,13,3,SR-60,39TH ST,99998,27.95531944,-82.41550833,0,12,6,0,2,3,4,1,1,1,0,1,0,0000000,99,99,99,99,99,99,0,0,0,1,1
12,120922,1,1,0,0,0,1,1,57,2950,1,5,2012,3,20,4,0,16,6,SANCHEZ STREET N,,0,27.970725,-82.44221944,0,31,0,0,1,1,0,4,1,1,0,1,0,0000000,99,99,99,99,99,99,0,0,0,1,1
12,120923,2,2,0,0,0,2,2,57,2950,7,5,2012,2,7,0,0,14,2,US-41 FLORIDA AVENUE NORTH,LAMBRIGHT STREET EAST,99998,28.00660833,-82.45948889,0,12,6,0,2,2,0,1,1,1,0,1,0,0000000,99,99,99,99,99,99,0,0,0,1,0
12,120924,1,1,0,1,1,1,1,9,0,8,6,2012,6,21,5,0,13,3,SR-3,,99998,28.40274444,-80.70553056,0,8,0,0,1,1,0,1,2,2,0,2,0,0000000,99,99,99,99,88,88,0,0,0,1,0
12,120925,1,1,0,2,2,1,1,57,2540,22,1,2012,1,19,50,0,16,6,TURKEY CREEK RD,,0,28.00806389,-82.17055556,0,8,0,0,1,1,0,4,2,1,0,1,0,0000000,99,99,99,99,99,99,0,0,0,1,0
12,120926,1,1,0,0,0,2,2,57,2540,10,3,2012,7,21,14,0,16,6,WALDEN WOODS DRIVE,,0,27.99076667,-82.11651944,0,33,0,0,1,1,0,5,3,1,0,1,0,0000000,99,99,99,99,99,99,0,0,0,1,1
12,120927,1,1,0,0,0,3,3,57,2950,5,6,2012,3,0,2,0,16,6,WILD TAMARIND LANE,,0,28.16059167,-82.31423056,0,33,0,0,1,1,0,4,3,1,0,1,0,0000000,99,99,99,99,99,99,0,0,0,1,1
12,120928,1,1,0,0,0,5,5,113,0,7,6,2012,5,11,25,1,11,1,I-10,,99998,30.53397222,-87.10419444,0,1,0,0,1,1,0,3,1,10,0,10,0,0000000,99,99,99,99,99,99,0,0,0,1,0
12,120929,2,2,0,0,0,2,2,127,2190,9,1,2012,2,8,42,0,13,3,SR-44,WILLIAMSON BLVD,99998,29.01270278,-80.99473056,0,12,1,0,3,3,0,1,1,1,0,1,0,0000000,99,99,99,99,99,99,0,0,0,1,0
12,120930,1,1,0,1,1,1,1,86,2220,6,5,2012,1,1,20,1,11,1,I-95,,99998,25.90156667,-80.21032778,0,8,0,1,5,1,0,1,3,1,0,1,0,0000000,1,31,1,34,88,88,0,0,0,1,0
12,120931,1,1,0,0,0,1,1,57,2950,11,5,2012,6,19,58,0,16,6,BAYSHORE BLVD,BOULEVARD S,0,27.93302222,-82.46864444,0,39,0,0,3,3,0,5,5,1,0,1,0,0000000,99,99,99,99,99,99,0,0,0,1,0
12,120932,1,1,0,0,0,1,1,9,0,26,5,2012,7,16,10,0,2,3,SR-50,,99998,28.55048056,-80.80018333,0,1,0,0,1,1,0,4,1,1,0,1,0,0000000,99,99,99,99,99,99,0,0,0,1,1
12,120933,2,2,0,0,0,3,3,86,0,31,5,2012,5,22,25,1,12,3,SR-826,,99998,25.69671389,-80.31714444,0,12,1,0,1,1,0,1,3,10,0,10,0,0000000,99,99,99,99,88,88,0,0,0,1,0
12,120934,1,1,0,0,0,1,1,53,0,1,6,2012,6,17,4,1,13,2,US-19,,99998,28.51351111,-82.57557222,0,1,0,0,1,1,0,5,1,10,0,10,0,0000000,99,99,99,99,99,99,0,0,0,1,0
12,120935,1,1,0,0,0,1,1,17,0,3,6,2012,1,14,10,0,6,8,WEST DUNKLIN STREET,,0,28.97856111,-82.55182222,0,1,0,0,1,1,0,4,1,10,0,10,0,0000000,14,14,14,22,99,99,0,0,0,1,1
12,120936,1,1,0,1,1,1,1,101,0,6,6,2012,4,1,25,1,13,2,US-19,,99998,28.18017778,-82.74030278,0,8,0,0,1,1,0,1,3,1,0,1,0,0000000,1,28,1,32,88,88,0,0,0,1,0
12,120937,1,1,0,0,0,4,4,11,0,7,6,2012,5,14,15,0,6,8,DANELL AVENUE,,0,25.94284444,-80.44037778,0,1,0,0,1,1,0,2,1,10,0,10,0,0000000,99,99,99,99,99,99,0,0,0,1,0
12,120938,1,1,0,0,0,1,1,61,0,7,6,2012,5,22,40,1,11,1,I-95,,99998,27.69161389,-80.53695,0,1,0,0,1,1,0,3,2,10,0,10,0,0000000,99,99,99,99,99,99,0,0,0,1,0
12,120939,1,1,0,0,0,1,1,109,0,8,6,2012,6,2,50,0,2,3,SR-206,,99998,29.72733611,-81.39745556,0,42,0,0,1,1,0,5,2,1,0,1,0,0000000,99,99,99,99,88,88,0,0,0,1,1
12,120940,3,3,0,0,0,4,4,83,0,10,6,2012,1,20,32,0,6,4,CR-318,,0,29.41043333,-82.20814722,0,12,7,0,1,1,0,1,5,1,0,1,0,0000000,99,99,99,99,99,99,0,0,0,1,2
12,120941,2,2,0,0,0,5,5,131,0,13,6,2012,4,16,40,0,4,3,SR-81,CR-181,99998,30.66013611,-85.93665556,0,12,6,0,2,3,0,1,1,1,0,1,0,0000000,99,99,99,99,99,99,0,0,0,1,0
12,120942,1,1,0,1,1,1,1,103,2806,18,3,2012,1,23,27,0,16,6,PARK ST N,BURNING TREE DR,0,27.83667778,-82.75881111,0,9,0,0,3,2,0,1,2,1,0,1,0,0000000,99,99,99,99,99,99,0,0,0,1,0
12,120943,1,1,0,1,1,2,2,5,431,26,4,2012,5,20,34,0,14,3,SR-22,,99998,30.15297222,-85.59405278,0,8,0,0,1,1,0,4,3,1,0,1,0,0000000,99,99,99,99,99,99,0,0,0,1,1
12,120944,1,1,0,1,1,1,1,5,431,26,4,2012,5,19,23,1,13,2,US-98,,99998,30.15494722,-85.59121111,0,9,0,0,8,1,0,1,1,1,0,1,0,0000000,99,99,99,99,99,99,16,0,0,1,0
12,120945,1,1,0,1,1,1,1,127,920,4,5,2012,6,0,3,0,13,2,US-1 (RIDGEWOOD AVE),RIVERVIEW DR,99998,28.99770833,-80.91068889,0,8,0,0,3,3,0,1,3,1,0,1,0,0000000,99,99,99,99,88,88,0,0,0,1,0
12,120946,1,1,0,1,1,1,1,103,570,16,5,2012,4,22,25,0,16,6,BELCHER RD,CLEVELAND ST,0,27.96535,-82.74614444,0,8,0,0,3,2,0,1,3,2,0,2,0,0000000,99,99,99,99,99,99,0,0,0,1,1
12,120947,1,1,0,2,2,1,1,127,782,19,5,2012,7,12,10,0,13,3,SR-A1A (ATLANTIC AVE),ATARES AVE,99998,29.16024444,-80.97424444,0,8,0,0,3,3,0,1,1,1,0,1,0,0000000,99,99,99,99,99,99,0,0,0,1,0
12,120948,1,1,0,1,1,2,2,5,431,30,5,2012,4,21,8,0,6,5,HWY-22A,BEAVER ST,0,30.150725,-85.59949167,0,15,0,0,3,3,0,1,3,1,0,1,0,0000000,99,99,99,99,99,99,0,0,0,1,0
12,120949,1,1,0,0,0,4,4,39,0,1,6,2012,6,16,25,0,6,4,CR-268,,0,30.61741389,-84.64421111,0,34,0,0,1,1,0,4,1,2,0,2,0,0000000,99,99,99,99,99,99,0,0,0,1,0
12,120950,1,1,0,1,1,1,1,11,1782,7,6,2012,5,6,10,0,13,3,SR-838 (SUNRISE BLVD),34TH AVE,99998,26.13600833,-80.19259167,0,8,0,0,3,2,0,1,3,1,0,1,0,0000000,99,99,99,99,88,88,0,0,0,1,0
12,120951,1,1,0,1,1,1,1,71,1070,8,6,2012,6,21,45,0,13,3,SR-739 (FOWLER ST),MORADO ST,99998,26.62328056,-81.86201111,0,8,0,0,3,3,0,1,2,10,0,10,0,0000000,99,99,99,99,88,88,0,0,0,1,0
12,120952,1,1,0,0,0,1,1,11,790,11,6,2012,2,5,35,1,12,3,SR-91,,99998,26.27688889,-80.16786389,0,34,0,0,1,1,0,4,3,1,0,1,0,0000000,99,99,99,99,88,88,0,0,0,1,1
12,120953,1,1,0,0,0,2,2,103,2730,12,6,2012,3,19,56,1,11,1,I-275 RAMP,,99998,27.76016389,-82.67585,0,24,0,1,5,1,0,3,5,1,0,1,0,0000000,99,99,99,99,99,99,0,0,0,1,1
12,120954,1,1,0,1,1,1,1,31,1510,13,6,2012,4,10,5,0,16,6,EASTPOINT RD,,0,30.44784167,-81.63842222,0,8,0,0,1,1,0,1,1,1,0,1,0,0000000,99,99,99,99,99,99,0,0,0,1,0
12,120955,1,1,0,0,0,7,7,57,0,15,6,2012,6,14,50,0,6,8,KINGS AVE,COPPERTREE CIR,0,27.88955278,-82.29395833,0,1,0,0,2,3,0,4,1,10,0,10,0,0000000,99,99,99,99,88,88,0,0,0,1,0
12,120956,1,1,0,0,0,2,2,101,0,16,6,2012,7,21,38,0,6,8,SHEFFIELD RD,,0,28.22288889,-82.43159722,0,5,0,0,8,1,0,1,2,1,0,1,0,0000000,21,39,21,44,99,99,0,0,0,1,1
12,120957,1,1,0,0,0,1,1,31,1510,17,6,2012,1,5,0,0,16,6,DEVAN LEE DR,SESSKIN RD,0,30.4875,-81.57083333,0,42,0,0,2,6,0,3,3,1,0,1,0,0000000,99,99,99,99,88,88,0,0,0,1,1
12,120958,1,1,0,0,0,1,1,31,1520,7,1,2012,7,22,25,0,13,3,SR-202,,99998,30.2578,-81.40394722,0,25,0,0,1,1,0,3,3,1,0,1,0,0000000,99,99,99,99,88,88,0,0,0,1,1
12,120959,2,2,0,0,0,4,4,127,2375,11,1,2012,4,14,49,0,16,6,LINDENWOOD CIRCLE,,0,29.30566944,-81.07061667,0,12,7,0,1,1,0,1,1,10,0,10,0,0000000,99,99,99,99,99,99,0,0,0,1,0
12,120960,1,1,0,0,0,2,2,127,2375,12,2,2012,1,3,44,0,13,2,US-1,,99998,29.28746944,-81.06444722,0,31,0,0,1,1,0,5,3,1,0,1,0,0000000,99,99,99,99,88,88,0,0,0,1,1
12,120961,1,1,0,1,1,1,1,86,2010,13,5,2012,1,0,0,0,14,3,SR-7,,99998,25.92276389,-80.21393889,0,8,0,0,1,1,0,1,3,10,0,10,0,0000000,99,99,99,99,99,99,0,0,0,1,0
12,120962,2,2,0,0,0,2,2,11,2541,18,5,2012,6,13,3,0,13,3,SR-838,43RD AVENUE,99998,26.13595556,-80.20741111,0,12,6,0,2,3,0,1,1,1,0,1,0,0000000,99,99,99,99,99,99,0,0,0,1,0
12,120963,1,1,0,0,0,1,1,21,0,26,5,2012,7,16,10,0,6,6,DOVE STREET,,0,26.20498889,-81.58837222,0,44,0,0,1,1,0,1,1,1,0,1,0,0000000,99,99,99,99,99,99,0,0,0,1,0
12,120964,1,1,0,0,0,15,15,127,0,3,6,2012,1,7,40,1,11,1,I-95,,99998,29.39128333,-81.14966944,0,1,0,0,1,1,0,4,1,1,0,1,0,0000000,99,99,99,99,99,99,0,0,0,3,0
12,120965,5,5,0,0,0,5,5,55,0,11,6,2012,2,7,52,1,13,2,US-27,VALERIE BLVD,99998,27.53918889,-81.50405556,0,12,1,0,3,2,0,1,1,1,0,1,0,0000000,99,99,99,99,99,99,0,0,0,1,0
12,120967,2,2,0,0,0,6,6,1,0,15,6,2012,6,0,0,1,1,1,I-75,,99998,29.72221111,-82.46935833,0,12,1,0,1,1,0,1,2,10,0,10,0,0000000,99,99,99,99,99,99,0,0,0,1,0