STATE,ST_CASE,VE_TOTAL,VE_FORMS,PVH_INVL,PEDS,PERNOTMVIT,PERMVIT,PERSONS,COUNTY,CITY,DAY,MONTH,YEAR,DAY_WEEK,HOUR,MINUTE,NHS,ROAD_FNC,ROUTE,TWAY_ID,TWAY_ID2,MILEPT,LATITUDE,LONGITUD,SP_JUR,HARM_EV,MAN_COLL,RELJCT1,RELJCT2,TYP_INT,WRK_ZONE,REL_ROAD,LGT_COND,WEATHER1,WEATHER2,WEATHER,SCH_BUS,RAIL,NOT_HOUR,NOT_MIN,ARR_HOUR,ARR_MIN,HOSP_HR,HOSP_MN,CF1,CF2,CF3,FATALS,DRUNK_DR
12,120968,1,1,0,0,0,1,1,31,1510,19,6,2012,3,2,17,0,13,2,US-17,,99998,30.33584167,-81.66710833,0,33,0,0,1,1,0,4,3,1,0,1,0,0000000,99,99,99,99,99,99,0,0,0,1,1
12,120969,1,1,0,1,1,1,1,117,1705,29,1,2012,1,21,55,0,16,6,LAKE MARY BLVD,,0,28.75630278,-81.32705833,0,8,0,0,1,1,0,1,3,1,0,1,0,0000000,99,99,99,99,99,99,0,0,0,1,0
12,120970,2,2,0,0,0,2,2,99,290,13,4,2012,6,22,48,0,14,2,US-1,NE 70TH ST,99998,26.41224722,-80.07580278,0,12,6,0,3,3,0,1,3,10,0,10,0,0000000,99,99,99,99,88,88,0,0,0,1,2
12,120971,2,1,1,1,1,2,2,103,2730,14,4,2012,7,17,7,0,16,6,1ST AVE,,0,27.77179444,-82.70445,0,9,0,0,1,1,0,4,1,1,0,1,0,0000000,99,99,99,99,99,99,0,0,0,1,0
12,120972,1,1,0,0,0,2,2,99,290,7,5,2012,2,15,15,0,14,2,US-1,,99998,26.39741667,-80.07626389,0,42,0,0,1,1,0,3,1,10,0,10,0,0000000,99,99,99,99,99,99,0,0,0,1,1
12,120973,1,1,0,0,0,3,3,97,0,10,6,2012,1,22,50,0,6,8,BUENAVENTURA BLVD,,0,28.33388056,-81.35543611,0,42,0,0,1,1,0,4,3,2,0,2,0,0000000,99,99,99,99,99,99,0,0,0,1,0
12,120974,1,1,0,0,0,1,1,95,2360,20,6,2012,4,2,40,1,13,3,SR-528 RAMP,,99998,28.45153889,-81.31049167,0,42,0,1,5,1,0,8,3,1,0,1,0,0000000,99,99,99,99,88,88,0,0,0,1,1
12,120977,1,1,0,0,0,2,2,86,0,3,5,2012,5,14,26,0,6,8,36TH ST,,0,25.73248333,-80.41858333,0,42,0,0,1,1,0,5,1,1,0,1,0,0000000,99,99,99,99,99,99,0,0,0,1,0
12,120978,1,1,0,0,0,1,1,61,0,29,5,2012,3,11,20,1,13,3,SR-60,CR-613,99998,27.63862778,-80.446475,0,46,0,0,3,2,0,4,1,1,0,1,0,0000000,99,99,99,99,99,99,0,0,0,1,0
12,120979,1,1,0,0,0,2,2,99,0,10,6,2012,1,3,30,0,6,8,HAVERHILL RD,,0,26.65498611,-80.12064722,0,3,0,0,1,1,0,5,3,10,0,10,0,0000000,99,99,99,99,99,99,0,0,0,1,1
12,120980,1,1,0,0,0,1,1,69,960,10,6,2012,1,0,0,0,16,6,CR-452,,0,28.88001389,-81.70267222,0,42,0,0,1,1,0,5,2,10,0,10,0,0000000,99,99,99,99,99,99,0,0,0,1,1
12,120981,2,2,0,0,0,2,2,95,0,13,6,2012,4,5,50,0,14,3,SR-536,INTERNATIONAL DR,99998,28.35808889,-81.48720278,0,12,6,0,2,2,0,1,4,1,0,1,0,0000000,99,99,99,99,99,99,0,0,0,1,0
12,120982,1,1,0,0,0,1,1,121,0,13,6,2012,4,14,10,0,6,4,CR-136,,0,30.31608333,-82.84773333,0,42,0,0,1,1,0,5,1,1,0,1,0,0000000,99,99,99,99,88,88,0,0,0,1,0
12,120983,1,1,0,0,0,1,1,107,0,15,6,2012,6,14,39,0,6,4,CR-309,,0,29.38984722,-81.63771111,0,42,0,0,1,1,0,5,1,10,0,10,0,0000000,99,99,99,99,99,99,0,0,0,1,0
12,120984,2,2,0,0,0,2,2,97,0,16,6,2012,7,21,36,0,6,6,BOGGY CREEK ROAD,TURNBERRY BLVD,0,28.33356111,-81.27876944,0,12,6,0,2,3,0,1,3,1,0,1,0,0000000,99,99,99,99,99,99,0,0,0,1,0
12,120985,2,2,0,0,0,2,2,105,0,18,6,2012,2,12,25,1,11,1,I-4,,99998,28.14586667,-81.87809167,0,12,1,0,1,1,0,1,1,1,0,1,0,0000000,99,99,99,99,99,99,0,0,0,1,0
12,120986,1,1,0,0,0,1,1,39,0,20,6,2012,4,3,12,1,11,1,I-10,,99998,30.53348611,-84.57786944,0,42,0,0,1,1,0,4,2,1,0,1,0,0000000,99,99,99,99,88,88,0,0,0,1,0
12,120987,2,2,0,0,0,2,2,113,0,21,6,2012,5,15,21,0,3,3,SR-89,,99998,30.80666389,-87.11281667,0,12,1,0,1,1,0,1,1,10,0,10,0,0000000,99,99,99,99,99,99,0,0,0,1,0
12,120988,1,1,0,0,0,1,1,123,0,21,6,2012,5,22,15,0,6,4,CR-361,,0,29.93290556,-83.58738889,0,59,0,0,1,1,0,4,2,2,0,2,0,0000000,99,99,99,99,88,88,0,0,0,1,1
12,120989,2,2,0,0,0,2,2,86,0,1,1,2012,1,1,3,0,6,8,SW 48TH ST,104TH CT,0,25.72286667,-80.364275,0,12,6,0,2,3,0,1,3,1,0,1,0,0000000,99,99,99,99,99,99,0,0,0,1,1
12,120991,1,1,0,0,0,1,1,71,0,27,1,2012,6,4,31,0,6,8,SIX MILE CYPRESS PARKWAY,,0,26.58700278,-81.81861944,0,1,0,0,1,1,4,4,1,1,0,1,0,0000000,99,99,99,99,99,99,99,99,99,1,0
12,120992,1,1,0,0,0,1,1,11,1050,7,2,2012,3,4,4,0,13,3,SR-84,,99998,26.09256667,-80.14813333,0,33,0,0,1,1,0,4,1,1,0,1,0,0000000,99,99,99,99,99,99,0,0,0,1,0
12,120993,2,2,0,0,0,2,2,21,1926,10,3,2012,7,14,54,0,6,5,GOODLAND DRIVE,,0,25.92601389,-81.65225,0,12,6,0,1,1,0,1,1,1,0,1,0,0000000,99,99,99,99,99,99,0,0,0,1,1
12,120994,2,1,1,0,0,1,1,11,1050,22,4,2012,1,18,13,0,16,6,24TH ST,29TH AVE,0,26.1559,-80.18286389,0,14,0,0,2,3,0,4,1,1,0,1,0,0000000,99,99,99,99,99,99,0,0,0,1,0
12,120995,2,2,0,0,0,4,4,11,1050,22,4,2012,1,20,5,0,14,3,SR-736,17TH AVE,99998,26.10705833,-80.16369722,0,12,6,0,2,3,0,1,5,1,0,1,0,0000000,99,99,99,99,99,99,0,0,0,1,0
12,120996,2,2,0,0,0,2,2,127,780,6,6,2012,4,21,10,0,16,6,CLYDE MORRIS BLVD,GEORGETOWNE BLVD,0,29.16283611,-81.03870833,0,12,11,0,2,3,0,1,3,1,0,1,0,0000000,99,99,99,99,99,99,14,0,0,1,0
12,120997,2,2,0,0,0,2,2,117,2770,11,2,2012,7,12,6,0,13,3,SR-46,RAND YARD RD,99998,28.81151389,-81.30312222,0,12,1,0,3,2,0,1,1,1,0,1,0,0000000,99,99,99,99,88,88,0,0,0,1,0
12,120998,2,2,0,0,0,5,5,11,633,25,5,2012,6,2,42,0,13,3,SR-834,42ND AVE,99998,26.27379444,-80.18225556,0,1,0,0,2,2,0,1,3,1,0,1,0,0000000,99,99,99,99,99,99,0,0,0,1,1
12,120999,2,2,0,0,0,2,2,99,3147,26,5,2012,7,17,56,0,15,6,GREENVIEW SHORES BLVD,CARLTON ST,99998,26.64641111,-80.26280833,0,12,6,0,2,2,0,1,1,1,0,1,0,0000000,99,99,99,99,88,88,0,0,0,1,0
12,121000,2,2,0,0,0,5,5,9,3000,31,5,2012,5,13,20,0,16,6,COLUMBIA BLVD,BARNA AVE,0,28.53684722,-80.82628889,0,12,1,0,2,2,0,1,1,1,0,1,0,0000000,99,99,99,99,99,99,0,0,0,1,0
12,121001,2,2,0,0,0,3,3,5,2451,9,6,2012,7,6,44,1,13,2,US-98,SR-79,99998,30.23006667,-85.88765556,0,12,1,0,3,2,0,1,1,10,0,10,0,0000000,99,99,99,99,99,99,0,0,0,2,1
12,121002,1,1,0,0,0,1,1,31,1510,10,6,2012,1,15,28,0,16,6,SUTTON PARK DR,,0,30.26589444,-81.46383056,0,42,0,0,1,1,0,4,1,2,0,2,0,0000000,99,99,99,99,88,88,0,0,0,1,0
12,121003,1,1,0,0,0,1,1,99,2431,11,6,2012,2,15,55,1,12,3,SR-91 FLORIDAS RAMP,,99998,26.80794444,-80.13101389,0,31,0,1,5,1,0,4,1,1,0,1,0,0000000,99,99,99,99,88,88,0,0,0,1,0
12,121004,1,1,0,0,0,4,4,83,2270,13,6,2012,4,12,36,0,16,6,SW 20TH ST,27TH AVE,0,29.16816944,-82.16866944,0,59,0,0,3,2,0,4,1,10,0,10,0,0000000,99,99,99,99,99,99,0,0,0,1,0
12,121005,1,1,0,0,0,3,3,31,1510,15,6,2012,6,0,50,1,11,1,I-95,,99998,30.52594167,-81.63620556,0,52,0,0,1,1,0,4,2,10,0,10,0,0000000,99,99,99,99,99,99,0,0,0,1,0
12,121006,1,1,0,1,1,1,1,11,1050,20,6,2012,4,3,10,1,11,1,I-95,,99998,26.10706944,-80.16831389,0,8,0,0,1,1,0,1,3,2,0,2,0,0000000,99,99,99,99,88,88,0,0,0,1,0
12,121007,1,1,0,1,1,1,1,117,0,20,6,2012,4,3,30,0,6,8,NEIL RD,,0,28.654825,-81.45909722,0,8,0,0,1,1,0,1,2,1,0,1,0,0000000,99,99,99,99,88,88,0,0,0,1,0
12,121008,2,2,0,0,0,2,2,57,0,21,6,2012,5,19,35,0,14,3,SR-583,PURITAN RD,99998,28.02023056,-82.39326944,0,12,6,0,2,2,0,1,6,10,0,10,0,0000000,99,99,99,99,99,99,0,0,0,1,0
12,121009,3,3,0,0,0,4,4,5,0,22,6,2012,6,18,15,1,2,3,SR-77,,99998,30.41730278,-85.69046944,0,12,6,0,1,1,0,1,1,1,0,1,0,0000000,99,99,99,99,99,99,0,0,0,1,0
12,121010,3,3,0,0,0,5,5,127,0,23,6,2012,7,12,26,0,3,3,SR-415,,99998,28.95836389,-81.09191111,0,12,1,0,1,1,0,1,1,1,0,1,0,0000000,99,99,99,99,99,99,0,0,0,1,0
12,121011,2,2,0,0,0,2,2,95,0,24,6,2012,1,2,50,0,6,6,JOHN YOUNG PKWY,,0,28.47251111,-81.41746389,0,12,1,0,1,1,0,1,3,2,0,2,0,0000000,99,99,99,99,88,88,0,0,0,1,2
12,121012,1,1,0,0,0,1,1,33,0,25,6,2012,2,1,10,0,6,8,INNERARITY POINT RD,,0,30.31531944,-87.44358056,0,59,0,0,1,1,0,4,2,10,0,10,0,0000000,99,99,99,99,99,99,0,0,0,1,1
12,121013,1,1,0,0,0,1,1,57,0,25,6,2012,2,1,50,0,13,2,US-301,,99998,27.89395,-82.33813056,0,20,0,1,19,1,0,3,3,2,0,2,0,0000000,99,99,99,99,88,88,0,0,0,1,1
12,121014,2,2,0,0,0,3,3,57,2540,19,6,2012,3,20,54,0,13,2,US-92,,99998,28.01719444,-82.11839722,0,12,7,0,1,1,0,1,3,1,0,1,0,0000000,99,99,99,99,99,99,0,0,0,1,0
12,121015,2,2,0,0,0,2,2,31,1510,2,6,2012,7,2,5,1,13,2,US-301,MAXVILE MACCLENNY HWY,99998,30.2014,-82.01483611,0,12,6,0,2,3,0,1,3,10,0,10,0,0000000,99,99,2,18,88,88,0,0,0,1,1
12,121016,1,1,0,0,0,6,6,95,0,9,6,2012,7,6,16,0,12,3,SR-429,,99998,28.37502778,-81.61048333,0,24,0,1,18,1,0,4,1,1,0,1,0,0000000,99,99,99,99,99,99,0,0,0,1,0
12,121017,1,1,0,1,1,1,1,11,2260,14,6,2012,5,21,41,0,13,3,SR-845 POWERLINE ROAD,PROSPECT ROAD,99998,26.181125,-80.15473056,0,9,0,0,3,2,0,1,3,2,0,2,0,0000000,99,99,99,99,99,99,0,0,0,1,0
12,121018,1,1,0,0,0,3,3,101,0,18,6,2012,2,17,50,1,11,1,I-75,,99998,28.36963889,-82.31974167,0,42,0,0,1,1,0,5,1,1,0,1,0,0000000,99,99,99,99,99,99,0,0,0,1,0
12,121019,1,1,0,0,0,1,1,13,0,21,6,2012,5,6,19,0,6,4,CR-69A,,0,30.53497222,-85.05550556,0,1,0,0,1,1,0,1,1,1,0,1,0,0000000,99,99,99,99,88,88,0,0,0,1,1
12,121020,1,1,0,1,1,1,1,95,0,21,6,2012,5,18,15,0,13,2,US-17,,99998,28.50718889,-81.39693889,0,8,0,0,1,1,0,1,1,1,0,1,0,0000000,99,99,99,99,99,99,0,0,0,1,0
12,121021,1,1,0,0,0,6,6,81,0,23,6,2012,7,4,20,0,6,8,BISHOP HARBOR ROAD,,0,27.57918611,-82.55468056,0,38,0,0,1,1,0,5,2,10,0,10,0,0000000,99,99,99,99,99,99,0,0,0,2,0
12,121022,2,2,0,0,0,3,3,103,0,26,6,2012,3,17,14,0,6,8,54TH AVENUE,,0,27.82120833,-82.68974444,0,12,2,0,1,1,0,1,1,10,0,10,0,0000000,99,99,99,99,99,99,0,0,0,1,0
12,121023,2,2,0,0,0,2,2,105,3300,23,1,2012,2,6,44,0,16,6,DUNDEE RD,19TH AVE,0,28.02243333,-81.69496667,0,12,1,0,3,3,0,1,2,1,0,1,0,0000000,99,99,99,99,99,99,0,0,0,1,1
12,121024,2,2,0,0,0,3,3,73,0,2,3,2012,6,19,14,0,13,3,SR-263,TOWER RD,99998,30.52875,-84.36244444,0,12,6,0,2,2,0,1,2,1,0,1,0,0000000,99,99,99,99,99,99,0,0,0,1,1
12,121025,2,2,0,0,0,3,3,91,1091,27,4,2012,6,0,47,1,13,3,SR-85,,99998,30.41769167,-86.60817778,0,12,1,0,1,1,0,1,3,1,0,1,0,0000000,99,99,99,99,99,99,0,0,0,1,1
12,121026,1,1,0,0,0,4,4,73,0,18,4,2012,4,16,25,0,6,8,WILLIAMS RD,,0,30.38534722,-84.15527222,0,42,0,0,1,1,0,5,1,2,0,2,0,0000000,99,99,99,99,99,99,0,0,0,1,0
12,121027,2,2,0,0,0,8,8,127,2190,3,3,2012,7,20,57,0,13,2,US-1 NORTH DIXIE FREEWAY,,99998,29.06293056,-80.94444167,0,5,0,0,1,1,0,1,2,1,0,1,0,0000000,99,99,99,99,88,88,14,0,0,1,0
12,121028,2,2,0,0,0,3,3,86,0,10,5,2012,5,10,4,0,13,3,SR-932,NW 29TH COURT,99998,25.86809722,-80.24586944,0,12,6,0,2,2,0,1,1,1,0,1,0,0000000,99,99,99,99,88,88,0,0,0,2,0
12,121029,4,4,0,1,1,6,6,86,0,22,6,2012,6,2,0,1,12,3,SR-821,,99998,25.70606667,-80.38332222,0,8,0,0,1,1,0,1,2,10,0,10,0,0000000,99,99,99,99,88,88,0,0,0,1,0
12,121030,1,1,0,0,0,2,2,79,0,25,6,2012,2,12,25,1,11,1,I-10,,99998,30.39380833,-83.34472778,0,1,0,0,1,1,0,5,1,2,0,2,0,0000000,99,99,99,99,99,99,0,0,0,1,0
12,121031,1,1,0,0,0,2,2,5,0,26,6,2012,3,3,25,1,2,2,US-231,,99998,30.35773333,-85.43884444,0,1,0,0,1,1,0,1,2,1,0,1,0,0000000,99,99,99,99,99,99,0,0,0,1,1
12,121032,1,1,0,0,0,1,1,13,0,26,6,2012,3,20,15,0,6,4,CR-69A,,0,30.547625,-85.064225,0,32,0,0,1,1,0,4,2,1,0,1,0,0000000,99,99,99,99,99,99,0,0,0,1,1
12,121033,3,3,0,1,1,3,3,86,2010,21,5,2012,2,9,50,0,16,6,37TH AVE,,0,25.74305556,-80.25427222,0,8,0,0,1,1,0,1,1,1,0,1,0,0000000,99,99,99,99,99,99,0,0,0,1,0
12,121034,5,5,0,0,0,7,7,105,1270,25,6,2012,2,13,14,1,13,2,US-27,JONES AVE,99998,28.12129722,-81.63961944,0,12,1,0,3,2,0,1,1,10,0,10,0,0000000,99,99,99,99,99,99,0,0,0,1,0
12,121035,1,1,0,1,1,1,1,57,0,16,1,2012,2,23,16,0,6,8,FRANKLIN RD,,0,28.08355,-82.243625,0,8,0,0,1,1,0,1,2,1,0,1,0,0000000,99,99,99,99,99,99,0,0,0,1,0
12,121036,1,1,0,0,0,1,1,86,2010,13,4,2012,6,3,1,0,16,6,NW 6TH STREET,,0,25.77041944,-80.38722222,0,30,0,0,1,1,0,4,3,1,0,1,0,0000000,99,99,99,99,99,99,0,0,0,1,0
12,121037,2,2,0,0,0,2,2,86,0,19,5,2012,7,1,40,0,13,3,SR-934,NW 2ND COURT,99998,25.84941944,-80.20168056,0,12,6,1,2,2,0,1,3,1,0,1,0,0000000,99,99,99,99,99,98,0,0,0,1,0
12,121038,1,1,0,0,0,1,1,86,0,29,5,2012,3,9,0,0,6,8,NW 182ND STREET,,0,25.93876667,-80.41813333,0,38,0,0,1,1,0,5,1,1,0,1,0,0000000,99,99,99,99,88,88,0,0,0,1,0
12,121039,1,1,0,0,0,2,2,27,0,6,6,2012,4,18,15,0,6,4,CR-761,,0,27.08633333,-81.99095833,0,42,0,0,1,1,0,4,1,10,0,10,0,0000000,99,99,99,99,99,99,0,0,0,1,1
12,121040,2,2,0,0,0,2,2,93,0,16,6,2012,7,15,38,1,2,2,US-441,,99998,27.30900556,-80.82596667,0,12,1,0,8,1,0,1,1,1,0,1,0,0000000,99,99,99,99,99,99,0,0,0,1,0
12,121041,1,1,0,0,0,3,3,9,0,16,6,2012,7,18,0,0,6,8,GRISSOM PARKWAY,,0,28.44677778,-80.79526111,0,1,0,0,1,1,0,4,1,1,0,1,0,0000000,99,99,99,99,99,99,0,0,0,1,1
12,121042,1,1,0,0,0,1,1,31,1510,17,6,2012,1,12,10,0,16,6,NEW BERLIN RD,,0,30.46628611,-81.62771667,0,33,0,0,1,1,0,4,1,1,0,1,0,0000000,99,99,99,99,99,99,0,0,0,1,0
12,121043,3,3,0,0,0,6,6,53,0,17,6,2012,1,17,25,0,3,2,US-41 BRAOD ST,LAKE LINSEY RD,99998,28.63718333,-82.33935,0,12,6,0,2,2,0,1,1,1,0,1,0,0000000,99,99,99,99,99,99,0,0,0,1,0
12,121045,5,5,0,0,0,9,9,101,0,22,6,2012,6,21,30,0,13,3,SR-54,,99998,28.18558889,-82.56199167,0,12,6,0,1,1,0,1,2,2,0,2,0,0000000,21,32,21,39,99,99,14,0,0,2,1
12,121046,2,2,0,0,0,2,2,49,0,22,6,2012,6,1,5,1,13,2,US-17,REA RD,99998,27.56936944,-81.81572222,0,12,6,0,2,2,0,1,2,1,0,1,0,0000000,99,99,99,99,99,99,0,0,0,1,0
12,121047,2,2,0,0,0,3,3,73,2940,23,6,2012,7,15,42,0,13,3,SR-263,CR-158,99998,30.463225,-84.36128333,0,12,6,1,2,2,0,1,1,1,0,1,0,0000000,99,99,99,99,99,99,0,0,0,1,0
12,121048,2,2,0,0,0,2,2,57,0,23,6,2012,7,20,2,0,13,2,US-301,,99998,27.76268889,-82.33509722,0,12,2,0,1,1,0,1,2,10,0,10,0,0000000,99,99,99,99,99,99,0,0,0,2,1
12,121049,1,1,0,0,0,2,2,95,0,23,6,2012,7,23,55,0,6,8,OBERLY PKWY,,0,28.49617222,-81.06205833,0,42,0,0,1,1,0,5,2,10,0,10,0,0000000,99,99,99,99,99,99,0,0,0,1,1
12,121050,1,1,0,0,0,1,1,31,1510,25,6,2012,2,3,30,1,11,1,I-295,,99998,30.43356111,-81.57993056,0,42,0,0,1,1,0,5,3,2,0,2,0,0000000,99,99,99,99,88,88,0,0,0,1,0
12,121051,1,1,0,0,0,2,2,115,0,25,6,2012,2,22,56,1,11,1,I-75,,99998,27.31214167,-82.4478,0,1,0,0,1,1,0,4,2,10,0,10,0,0000000,99,99,99,99,88,88,0,0,0,2,1
12,121052,2,2,0,0,0,2,2,86,0,28,6,2012,5,14,29,0,13,3,SR-94,SW 158TH PL,99998,25.68421667,-80.44928611,0,12,6,1,2,3,0,1,1,1,0,1,0,0000000,99,99,99,99,99,99,0,0,0,1,0
12,121053,1,1,0,0,0,3,3,11,0,28,6,2012,5,2,22,0,14,6,GRIFFIN RD,,99998,26.06169167,-80.39857222,0,30,0,0,1,1,0,4,2,1,0,1,0,0000000,99,99,99,99,99,99,0,0,0,1,0
12,121054,1,1,0,1,1,3,3,69,0,29,6,2012,6,22,49,0,13,2,US-27,CR-48,99998,28.74603611,-81.876525,0,9,0,0,8,1,0,1,2,1,0,1,0,0000000,99,99,99,99,99,99,0,0,0,1,0
12,121056,1,1,0,0,0,1,1,57,0,1,7,2012,1,99,99,0,6,6,OLD HOPE WELL RD,,0,27.92675278,-82.09975556,0,34,0,0,1,1,0,4,9,99,0,99,0,0000000,99,99,99,99,88,88,18,0,0,1,0
12,121057,1,1,0,0,0,1,1,73,0,3,7,2012,3,21,55,0,2,3,SR-20,,99998,30.40365278,-84.584775,0,52,0,0,1,1,0,4,2,10,0,10,0,0000000,99,99,99,99,88,88,0,0,0,1,1
12,121058,2,2,0,0,0,2,2,113,0,3,7,2012,3,15,30,0,6,4,CR-197,,0,30.72675,-87.19610556,0,12,2,0,1,1,0,1,1,2,0,2,0,0000000,99,99,99,99,88,88,0,0,0,1,0
12,121059,1,1,0,0,0,5,5,86,0,3,7,2012,3,11,55,1,12,3,SR-821,,99998,25.73878333,-80.38470833,0,1,0,0,1,1,0,1,1,1,0,1,0,0000000,99,99,99,99,99,99,0,0,0,1,0
12,121060,2,2,0,0,0,6,6,86,0,4,7,2012,4,1,17,0,14,3,SR-973,SW 52ND ST,99998,25.72061667,-80.33498333,0,12,6,0,2,3,0,1,3,1,0,1,0,0000000,99,99,99,99,99,99,0,0,0,1,0
12,121061,3,3,0,0,0,5,5,117,2770,11,2,2012,7,14,12,1,13,2,US-17-92,,99998,28.75775833,-81.29051389,0,12,1,0,4,1,0,1,1,1,0,1,0,0000000,99,99,99,99,99,99,0,0,0,1,0
12,121062,1,1,0,0,0,2,2,9,0,28,6,2012,5,23,45,1,12,3,SR-528,,99998,28.41153056,-80.83003056,0,1,0,0,1,1,0,1,2,1,0,1,0,0000000,99,99,99,99,99,99,0,0,0,1,1
12,121063,1,1,0,0,0,1,1,107,3140,28,6,2012,5,20,19,0,6,4,CR-309,,0,29.47596944,-81.67128889,0,38,0,0,1,1,0,5,2,1,0,1,0,0000000,99,99,99,99,88,88,0,0,0,1,1
12,121064,1,1,0,0,0,2,2,83,0,29,6,2012,6,20,0,0,6,8,SW 95 LOOP,,0,29.08546111,-82.27921944,0,33,0,0,1,1,0,4,1,1,0,1,0,0000000,99,99,99,99,99,99,0,0,0,1,0
12,121065,1,1,0,4,4,1,1,86,2010,30,6,2012,7,19,29,0,16,6,7TH STREET,,0,25.77991944,-80.22453889,0,8,0,0,1,1,0,4,1,1,0,1,0,0000000,99,99,99,99,99,99,0,0,0,3,0
12,121066,4,1,3,2,2,1,1,86,2010,30,6,2012,7,20,17,0,14,2,US-441,NW 75TH STREET,99998,25.84328056,-80.20896667,0,14,0,0,3,2,0,5,1,1,0,1,0,0000000,99,99,99,99,99,99,0,0,0,2,1
12,121067,1,1,0,0,0,2,2,69,1630,1,7,2012,1,2,10,0,16,6,AVENIDA CENTRAL,,0,28.93684722,-81.94800833,0,33,0,0,1,1,0,4,3,1,0,1,0,0000000,99,99,99,99,99,99,0,0,0,1,0
12,121068,2,2,0,0,0,3,3,37,0,5,7,2012,5,11,40,1,2,2,US-98,,99998,29.73310833,-84.91759722,0,12,2,0,1,1,0,1,1,1,0,1,0,0000000,99,99,99,99,99,99,0,0,0,2,0
12,121069,2,2,0,0,0,2,2,95,0,6,7,2012,6,23,45,0,6,6,BOGGY CREEK RD,,0,28.36354444,-81.309925,0,12,2,0,1,1,0,1,2,1,0,1,0,0000000,99,99,99,99,99,99,0,0,0,1,1
12,121070,1,1,0,1,1,2,2,83,0,7,6,2012,5,22,0,0,6,8,NE 148TH TERR RD,,0,29.37612222,-81.91123889,0,8,0,0,1,1,0,1,2,1,0,1,0,0000000,99,99,99,99,99,99,0,0,0,1,0
12,121072,2,2,0,0,0,4,4,105,0,30,6,2012,7,5,50,1,2,3,SR-60,WEST LAKE WALES RD SOUTH,99998,27.90013611,-81.64919444,0,12,6,0,2,2,0,1,2,1,0,1,0,0000000,99,99,99,99,99,99,0,0,0,2,1
12,121073,2,2,0,0,0,3,3,39,0,30,6,2012,7,22,15,1,2,2,US-27 NORTH,,99998,30.55476667,-84.38467222,0,25,0,0,1,1,0,3,2,1,0,1,0,0000000,99,99,99,99,99,99,14,0,0,1,1
12,121074,2,2,0,0,0,3,3,33,0,30,6,2012,7,10,30,0,6,4,CR-297A,,0,30.53876389,-87.32041667,0,12,2,0,1,1,0,1,1,1,0,1,0,0000000,99,99,99,99,99,99,0,0,0,1,0
12,121075,2,2,0,0,0,3,3,57,0,30,6,2012,7,3,20,1,11,1,I-75,,99998,28.14901389,-82.38642222,0,12,1,0,1,1,0,1,2,1,0,1,0,0000000,3,28,3,37,99,99,0,0,0,1,2
12,121076,1,1,0,0,0,2,2,11,2468,1,7,2012,1,1,40,0,16,6,145TH AVE,,0,26.00202778,-80.33515,0,33,0,0,1,1,0,4,3,1,0,1,0,0000000,99,99,99,99,99,99,0,0,0,1,1
12,121077,2,1,1,2,3,1,2,11,1050,1,7,2012,1,16,5,1,11,1,I-95,,99998,26.08605,-80.16866389,0,25,0,1,19,1,0,4,1,1,0,1,0,0000000,99,99,99,99,99,99,0,0,0,1,0
12,121078,1,1,0,1,1,1,1,103,0,1,7,2012,1,19,46,0,13,2,US-19,110TH AVE,99998,27.87291944,-82.78709722,0,8,0,0,3,2,0,1,5,1,0,1,0,0000000,99,99,99,99,99,99,0,0,0,1,0
12,121079,6,6,0,1,1,6,6,95,0,2,7,2012,2,4,51,0,6,3,SR-423,,0,28.50516389,-81.41767222,0,8,0,0,1,1,0,1,2,1,0,1,0,0000000,99,99,99,99,88,88,0,0,0,1,0
12,121080,1,1,0,0,0,2,2,103,0,2,7,2012,2,11,55,0,6,8,BEVERLY DR,,0,27.93890833,-82.74955,0,38,0,0,1,1,0,5,1,1,0,1,0,0000000,99,99,99,99,99,99,0,0,0,1,0
12,121081,1,1,0,0,0,1,1,11,3193,3,7,2012,3,23,36,0,15,6,BONAVENTURE BLVD,,99998,26.124975,-80.37131389,0,42,0,0,1,1,0,3,3,1,0,1,0,0000000,99,99,99,99,99,99,0,0,0,1,0
12,121082,1,1,0,1,1,1,1,57,0,3,7,2012,3,19,28,0,16,6,CR-582 A,,0,28.06918611,-82.43678056,0,43,0,0,1,1,0,5,1,1,0,1,0,0000000,99,99,99,99,99,99,0,0,0,1,1
12,121083,1,1,0,1,1,1,1,31,1510,6,7,2012,6,1,20,0,14,3,SR-A1A,,99998,30.37101111,-81.43180833,0,9,0,0,1,1,0,1,2,1,0,1,0,0000000,99,99,99,99,99,99,0,0,0,1,0
12,121084,2,2,0,0,0,3,3,33,2490,7,7,2012,7,20,33,1,11,1,I-110,,99998,30.41808889,-87.21284167,0,12,2,0,1,1,0,1,3,1,0,1,0,0000000,99,99,99,99,99,99,0,0,0,1,0
12,121085,3,3,0,0,0,5,5,57,0,2,7,2012,2,16,0,0,13,2,US-301,FALKENBURG ROAD,99998,27.91518611,-82.34840278,0,12,6,1,2,2,0,1,1,1,0,1,0,0000000,99,99,99,99,99,99,0,0,0,1,0