STATE,ST_CASE,VE_TOTAL,VE_FORMS,PVH_INVL,PEDS,PERNOTMVIT,PERMVIT,PERSONS,COUNTY,CITY,DAY,MONTH,YEAR,DAY_WEEK,HOUR,MINUTE,NHS,ROAD_FNC,ROUTE,TWAY_ID,TWAY_ID2,MILEPT,LATITUDE,LONGITUD,SP_JUR,HARM_EV,MAN_COLL,RELJCT1,RELJCT2,TYP_INT,WRK_ZONE,REL_ROAD,LGT_COND,WEATHER1,WEATHER2,WEATHER,SCH_BUS,RAIL,NOT_HOUR,NOT_MIN,ARR_HOUR,ARR_MIN,HOSP_HR,HOSP_MN,CF1,CF2,CF3,FATALS,DRUNK_DR
12,121086,1,1,0,1,1,1,1,95,0,3,7,2012,3,0,20,0,6,6,HIAWASSEE ROAD,SR-483,0,28.57963889,-81.47603611,0,8,0,0,2,2,0,1,3,1,0,1,0,0000000,99,99,99,99,99,99,0,0,0,1,0
12,121087,1,1,0,1,1,2,2,57,2950,6,7,2012,6,14,20,1,13,2,US-92,FIG ST W,99998,27.947625,-82.50565556,0,9,0,0,2,3,0,1,1,1,0,1,0,0000000,99,99,99,99,99,99,0,0,0,1,0
12,121088,1,1,0,1,1,1,1,86,2010,7,7,2012,7,5,18,0,13,3,SR-934,,99998,25.84742222,-80.19661667,0,8,0,0,1,1,0,1,2,2,0,2,0,0000000,99,99,99,99,99,99,0,0,0,1,0
12,121089,1,1,0,0,0,1,1,57,2950,8,7,2012,1,9,29,1,11,1,I-95,,99998,28.12238611,-82.37451944,0,25,0,0,1,1,4,3,1,1,0,1,0,0000000,99,99,99,99,99,99,0,0,0,1,0
12,121090,2,2,0,0,0,3,3,57,0,9,7,2012,2,19,35,0,6,8,MOORES LAKE RD,,0,28.00649444,-82.22348611,0,12,6,0,1,1,0,1,1,1,0,1,0,0000000,99,99,99,99,88,88,0,0,0,1,1
12,121091,1,1,0,0,0,2,2,91,0,10,7,2012,3,5,0,1,11,1,I-10,,99998,30.71799722,-86.449875,0,1,0,0,1,1,0,3,4,1,0,1,0,0000000,99,99,99,99,99,99,0,0,0,1,0
12,121092,1,1,0,0,0,1,1,33,0,4,7,2012,4,23,7,0,6,8,MULDOON RD,,0,30.44643889,-87.31609444,0,42,0,0,1,1,0,4,2,10,0,10,0,0000000,99,99,99,99,88,88,0,0,0,1,1
12,121093,2,2,0,0,0,3,3,105,0,27,1,2012,6,10,0,0,3,3,SR-35,HANCOCK AVE,99998,27.96030278,-81.87473611,0,12,6,0,2,2,0,1,1,2,0,2,0,0000000,99,99,99,99,99,99,0,0,0,1,0
12,121094,1,1,0,0,0,1,1,105,0,14,2,2012,3,11,22,1,2,2,US-27,,99998,28.29211111,-81.66472778,0,59,0,0,1,1,0,4,1,1,0,1,0,0000000,99,99,99,99,99,99,0,0,0,1,0
12,121095,1,1,0,1,1,1,1,103,2730,19,2,2012,1,4,20,0,16,6,38TH AVE,64TH ST,0,27.80633056,-82.72452778,0,15,0,0,3,2,0,1,2,98,0,98,0,0000000,99,99,99,99,99,99,0,0,0,1,0
12,121096,2,2,0,0,0,2,2,103,2730,4,3,2012,1,20,5,0,16,6,DR MARTIN LUTHER KING JR ST,26TH AVE,0,27.74480278,-82.64658889,0,12,6,0,2,2,0,1,3,1,0,1,0,0000000,99,99,99,99,99,99,0,0,0,1,1
12,121097,2,2,0,0,0,4,4,117,1705,4,3,2012,1,15,26,0,16,6,LAKE MARY BLVD,RINEHART RD,0,28.75625833,-81.34716111,0,12,6,0,2,2,0,1,1,1,0,1,0,0000000,99,99,99,99,99,99,0,0,0,1,1
12,121098,3,3,0,0,0,5,5,105,0,6,3,2012,3,4,53,1,2,2,US-27,,99998,27.80835,-81.59713056,0,12,2,0,1,1,0,1,2,5,0,5,0,0000000,99,99,99,99,99,99,19,0,0,1,0
12,121099,2,2,0,0,0,3,3,105,0,21,3,2012,4,15,35,1,2,2,US-98,,99998,27.73346389,-81.69423889,0,12,2,0,1,1,0,4,1,1,0,1,0,0000000,99,99,99,99,99,99,0,0,0,2,0
12,121100,1,1,0,1,1,1,1,101,3330,27,3,2012,3,6,30,0,13,2,US-301,TOWNVIEW SQUARE,99998,28.263225,-82.18805556,0,8,0,0,3,2,0,1,6,1,0,1,0,0000000,99,99,99,99,88,88,0,0,0,1,0
12,121101,1,1,0,2,2,1,1,105,0,30,3,2012,6,20,30,0,6,8,ALTURAS BABSON PARK CUT OFF RD,,0,27.85714444,-81.72125,0,8,0,0,1,1,0,1,2,1,0,1,0,0000000,99,99,99,99,88,88,0,0,0,1,0
12,121102,2,2,0,0,0,2,2,105,0,2,4,2012,2,10,55,1,2,2,US-27,PRESIDENTS DRIVE,99998,27.82584444,-81.59323889,0,12,6,0,2,3,0,1,1,1,0,1,0,0000000,99,99,99,99,88,88,0,0,0,1,0
12,121103,3,3,0,0,0,4,4,86,1440,23,4,2012,2,7,40,0,16,6,NE 8TH STREET,NE 28TH AVENUE,0,25.47753889,-80.43568333,0,12,6,0,2,3,0,1,1,1,0,1,0,0000000,99,99,99,99,99,99,0,0,0,1,0
12,121104,1,1,0,0,0,1,1,71,0,29,5,2012,3,2,35,0,6,8,CAPE CORAL PARKWAY,,0,26.55691111,-81.910975,0,26,0,0,1,1,4,5,3,10,0,10,0,0000000,99,99,99,99,88,88,25,24,0,1,1
12,121105,3,3,0,0,0,6,6,11,1050,8,6,2012,6,14,40,0,16,6,NW 62ND STREET,,0,26.20229167,-80.19743056,0,12,6,0,1,1,0,1,1,10,0,10,0,0000000,99,99,99,99,99,99,0,0,0,1,0
12,121106,2,2,0,0,0,2,2,105,0,16,6,2012,7,16,45,1,2,3,SR-60,SADDLEBAG LAKE ROAD,99998,27.89057778,-81.4757,0,12,6,0,2,3,0,1,1,1,0,1,0,0000000,99,99,99,99,99,99,0,0,0,1,0
12,121107,2,2,0,0,0,2,2,101,0,18,6,2012,2,6,5,1,13,2,US-19,COVENTRY DR,99998,28.31370556,-82.69919444,0,12,2,0,2,3,0,1,3,10,0,10,0,0000000,6,5,6,12,99,99,0,0,0,1,0
12,121108,2,2,0,0,0,5,5,31,1510,21,6,2012,5,21,32,1,11,1,I-295,,99998,30.19168889,-81.69411944,0,12,1,0,1,1,0,1,3,1,0,1,0,0000000,99,99,99,99,99,99,0,0,0,1,0
12,121109,1,1,0,0,0,1,1,11,771,23,6,2012,7,21,44,0,13,3,SR-7,,99998,26.08508889,-80.20268889,0,21,0,0,1,1,0,3,3,2,0,2,0,0000000,99,99,99,99,99,99,0,0,0,1,0
12,121110,3,3,0,0,0,6,6,105,0,24,6,2012,1,18,41,0,15,3,SR-655,,99998,27.99822222,-81.74667778,0,12,6,0,1,1,0,1,1,2,0,2,0,0000000,99,99,99,99,99,99,5,0,0,1,0
12,121111,4,4,0,0,0,5,5,31,1510,28,6,2012,5,17,55,0,13,2,US-1,,99998,30.41404722,-81.74838056,0,12,2,1,8,1,0,1,1,1,0,1,0,0000000,99,99,99,99,99,99,0,0,0,1,0
12,121112,1,1,0,0,0,3,3,19,0,30,6,2012,7,2,12,0,6,8,TOWN CENTER BLVD,EAST WEST PARKWAY,0,30.09259167,-81.71167222,0,59,0,0,3,6,0,4,2,1,0,1,0,0000000,99,99,99,99,88,88,0,0,0,1,1
12,121113,1,1,0,0,0,1,1,86,0,30,6,2012,7,1,35,1,12,3,SR-826,,99998,25.92750556,-80.21406389,0,30,0,1,19,1,0,4,3,1,0,1,0,0000000,99,99,99,99,99,99,0,0,0,1,0
12,121114,1,1,0,0,0,1,1,69,0,30,6,2012,7,2,20,0,6,6,TURNPIKE RD,,0,28.62976111,-81.76570278,0,38,0,0,1,1,0,5,2,1,0,1,0,0000000,99,99,99,99,99,99,0,0,0,1,1
12,121115,1,1,0,0,0,1,1,23,0,1,7,2012,1,1,15,1,11,1,I-10,,99998,30.24962778,-82.53818889,0,42,0,0,1,1,0,5,2,1,0,1,0,0000000,99,99,99,99,99,99,0,0,0,1,0
12,121116,2,2,0,0,0,2,2,53,0,1,7,2012,1,5,0,1,13,2,US-19,SPRING HILL DR,99998,28.45971944,-82.62693611,0,12,1,0,2,2,4,1,3,1,0,1,0,0000000,99,99,99,99,99,99,0,0,0,1,1
12,121117,1,1,0,0,0,5,5,85,0,1,7,2012,1,7,13,1,11,1,I-95,,99998,27.12696111,-80.29373611,0,1,0,0,1,1,0,3,1,1,0,1,0,0000000,99,99,99,99,99,99,0,0,0,1,0
12,121118,2,2,0,0,0,3,3,117,0,1,7,2012,1,9,27,0,6,8,DODD RD,,0,28.62629722,-81.27975,0,12,2,0,1,1,0,1,1,1,0,1,0,0000000,99,99,99,99,99,99,0,0,0,2,1
12,121119,2,2,0,0,0,2,2,86,2023,1,7,2012,1,2,1,0,13,3,SR-826 RAMP,,99998,25.92701111,-80.21222222,0,12,7,1,5,1,0,1,3,1,0,1,0,0000000,99,99,99,99,88,88,0,0,0,1,0
12,121121,1,1,0,0,0,1,1,43,0,4,7,2012,4,22,2,0,6,4,CR-721,,0,27.14475,-81.09428333,0,42,0,0,1,1,0,4,2,2,0,2,0,0000000,99,99,99,99,88,88,0,0,0,1,1
12,121122,1,1,0,0,0,1,1,86,2010,5,7,2012,5,4,20,0,14,2,US-27,,99998,25.81004444,-80.20856944,0,33,0,0,1,1,0,4,3,8,0,8,0,0000000,99,99,99,99,88,88,0,0,0,1,0
12,121123,1,1,0,1,1,1,1,127,0,11,7,2012,4,21,10,0,13,2,US-17,,99998,29.26055278,-81.47105278,0,8,0,0,1,1,0,1,2,1,0,1,0,0000000,99,99,99,99,99,99,0,0,0,1,0
12,121124,1,1,0,2,2,1,1,11,0,29,4,2012,1,3,18,0,13,2,US-441,SW 16TH ST,99998,25.99486667,-80.20701667,0,8,0,0,3,1,0,1,3,10,0,10,0,0000000,99,99,99,99,99,99,0,0,0,1,0
12,121125,1,1,0,1,1,1,1,99,1750,28,6,2012,5,22,38,0,16,3,SR-9 RAMP,10TH AVE,0,26.62807222,-80.06638889,0,9,0,1,3,3,0,1,2,1,0,1,0,0000000,99,99,99,99,99,99,0,0,0,1,0
12,121126,1,1,0,1,1,1,1,83,2270,30,6,2012,7,2,20,0,16,6,20TH ST,,0,29.10051944,-82.10183056,0,8,0,0,1,1,0,2,3,1,0,1,0,0000000,99,99,99,99,88,88,0,0,0,1,0
12,121127,3,3,0,0,0,3,3,11,1050,3,7,2012,3,23,3,0,16,6,15TH AVE,,0,26.14772778,-80.16236944,0,12,6,0,4,1,0,1,2,1,0,1,0,0000000,99,99,99,99,88,88,0,0,0,1,1
12,121128,1,1,0,0,0,2,2,11,2083,5,7,2012,5,2,9,0,13,3,SR-824,,99998,25.99512778,-80.22469722,0,24,0,0,1,1,0,3,3,1,0,1,0,0000000,99,99,99,99,99,99,0,0,0,1,1
12,121129,1,1,0,0,0,2,2,31,1510,5,7,2012,5,3,9,0,14,2,US-90,,99998,30.31533056,-81.843,0,1,0,0,1,1,0,4,2,1,0,1,0,0000000,99,99,99,99,99,99,0,0,0,1,1
12,121130,1,1,0,1,1,1,1,109,2571,6,7,2012,6,8,20,0,14,3,SR-A1A,DOLPHIN BOULEVARD,99998,30.23296111,-81.38556944,0,9,0,0,2,3,0,1,1,1,0,1,0,0000000,99,99,99,99,99,99,0,0,0,1,0
12,121131,2,2,0,0,0,4,4,95,0,6,7,2012,6,18,35,0,6,8,OVERSTREET ROAD,,0,28.46047778,-81.56631111,0,12,2,0,1,1,0,1,1,1,0,1,0,0000000,99,99,99,99,99,99,0,0,0,1,0
12,121132,1,1,0,0,0,1,1,57,0,11,7,2012,4,23,22,0,6,8,BEARSS AVE,,0,28.08491111,-82.44501944,0,1,0,0,1,1,0,5,2,10,0,10,0,0000000,99,99,99,99,88,88,0,0,0,1,1
12,121133,2,2,0,0,0,2,2,1,0,12,7,2012,5,16,54,0,6,8,23RD AVENUE,63RD TERRACE,0,29.67416667,-82.40998611,0,12,6,0,2,2,0,1,1,10,0,10,0,0000000,99,99,99,99,99,99,0,0,0,1,0
12,121134,1,1,0,0,0,1,1,1,0,14,7,2012,7,6,38,0,13,2,US-27,,99998,29.56269167,-82.53696111,0,38,0,0,1,1,0,5,1,1,0,1,0,0000000,99,99,99,99,99,99,0,0,0,1,0
12,121135,4,4,0,0,0,7,7,33,0,23,6,2012,7,11,30,0,14,2,US-90,N PALAFOX STREET,99998,30.53321944,-87.27443889,0,12,1,0,3,2,0,1,1,1,0,1,0,0000000,99,99,99,99,99,99,0,0,0,1,0
12,121136,3,3,0,0,0,4,4,86,0,22,6,2012,6,22,9,1,12,3,SR-821,,99998,25.58165556,-80.36579722,0,12,7,1,5,1,0,1,3,10,0,10,0,0000000,99,99,99,99,99,99,0,0,0,1,0
12,121137,1,1,0,1,1,1,1,31,1510,3,7,2012,3,23,50,0,14,3,SR-111,VERNON RD,99998,30.374275,-81.71421389,0,8,0,0,3,3,0,1,3,1,0,1,0,0000000,99,99,99,99,99,99,0,0,0,1,0
12,121138,1,1,0,0,0,2,2,57,0,13,7,2012,6,23,8,0,6,8,33RD ST,,0,27.70586111,-82.38868056,0,34,0,0,1,1,0,4,3,10,0,10,0,0000000,99,99,99,99,99,99,0,0,0,1,1
12,121139,1,1,0,1,1,1,1,9,2424,5,3,2012,2,6,53,0,6,8,PALM BAY RD,CLEARMONT ST,0,28.03475278,-80.60539444,0,9,0,0,3,2,0,1,4,1,0,1,0,0000000,99,99,99,99,88,88,0,0,0,1,0
12,121140,2,2,0,0,0,2,2,69,580,10,3,2012,7,19,12,1,13,2,US-27,,99998,28.55615,-81.74291944,0,12,2,0,1,1,0,1,2,2,0,2,0,0000000,99,99,99,99,99,99,0,0,0,1,0
12,121141,3,3,0,0,0,11,11,86,2025,4,4,2012,4,8,54,0,16,5,MIAMI LAKES DR,NW 57 CT,0,25.90973333,-80.29703889,0,12,2,0,3,1,0,1,1,1,0,1,0,0000000,99,99,99,99,99,99,0,0,0,1,0
12,121142,2,2,0,0,0,2,2,9,2424,5,4,2012,5,19,19,0,16,6,N HOLLYWOOD BLVD,NE PALM BAY RD,0,28.03536389,-80.64990556,0,12,6,0,2,2,0,1,5,1,0,1,0,0000000,99,99,99,99,99,99,0,0,0,1,0
12,121143,2,2,0,0,0,4,4,86,2441,6,4,2012,6,10,16,0,6,6,SW 90 AVE,SW 164 ST,0,25.61785556,-80.33907778,0,12,98,0,2,2,0,1,1,10,0,10,0,0000000,99,99,99,99,99,99,0,0,0,1,0
12,121144,2,2,0,0,0,2,2,86,0,25,4,2012,4,14,25,0,6,8,FLAGLER ST,102ND AVE,0,25.76876389,-80.36098333,0,12,2,0,2,2,0,1,1,1,0,1,0,0000000,99,99,99,99,99,99,0,0,0,1,0
12,121145,1,1,0,0,0,1,1,91,3040,14,5,2012,2,21,57,0,16,6,WEST COLLEGE,,0,30.52138889,-86.51030556,0,24,0,0,1,1,0,4,2,1,0,1,0,0000000,99,99,99,99,88,88,0,0,0,1,0
12,121146,1,1,0,0,0,1,1,99,3190,21,5,2012,2,21,46,0,16,6,WASHINGTON RD,,0,26.68301667,-80.04930556,0,39,0,0,1,1,0,4,3,10,0,10,0,0000000,99,99,99,99,99,99,0,0,0,1,1
12,121147,3,3,0,0,0,8,8,81,0,9,6,2012,7,19,2,1,13,3,SR-70,,99998,27.43203333,-82.42335556,0,12,2,0,1,1,0,1,1,10,0,10,0,0000000,99,99,99,99,99,99,14,0,0,3,1
12,121148,2,2,0,0,0,5,5,71,1070,30,6,2012,7,12,7,0,13,3,SR-739,MARKET ST,99998,26.63675833,-81.862275,0,12,6,0,2,2,0,1,1,1,0,1,0,0000000,99,99,99,99,88,88,0,0,0,1,0
12,121149,1,1,0,0,0,1,1,99,0,30,6,2012,7,1,1,1,11,1,I-95,,99998,26.58414722,-80.06896667,0,25,0,1,5,1,0,4,3,1,0,1,0,0000000,99,99,99,99,88,88,20,0,0,1,0
12,121150,1,1,0,0,0,1,1,39,0,1,7,2012,1,3,40,0,3,3,SR-65,,99998,30.56277778,-84.67678611,0,34,0,0,1,1,0,4,2,1,0,1,0,0000000,99,99,99,99,99,99,0,0,0,1,1
12,121151,1,1,0,0,0,1,1,55,0,1,7,2012,1,18,45,0,6,4,CR-29,,0,27.23416389,-81.28376389,0,42,0,0,1,1,0,4,1,1,0,1,0,0000000,99,99,99,99,88,88,0,0,0,1,0
12,121152,2,2,0,0,0,3,3,103,570,4,7,2012,4,2,7,0,13,3,SR-60,,99998,27.96074722,-82.77595833,0,12,1,0,1,1,0,1,3,1,0,1,0,0000000,99,99,99,99,99,99,0,0,0,1,1
12,121153,1,1,0,1,1,1,1,11,672,6,7,2012,6,21,59,0,16,6,ROYAL PALM,,0,26.25888056,-80.26929167,0,9,0,0,1,1,0,1,3,1,0,1,0,0000000,99,99,99,99,99,99,0,0,0,1,0
12,121154,5,5,0,0,0,5,5,86,0,14,3,2012,4,12,33,0,6,8,SW 72 ST,SW 147 AVE,0,25.69950833,-80.43048333,0,12,6,0,2,2,0,1,1,1,0,1,0,0000000,99,99,99,99,99,99,0,0,0,1,0
12,121155,2,2,0,0,0,4,4,71,1070,17,3,2012,7,23,22,0,16,6,DR MARTIN LUTHER KING BLVD,VERONICA S SHOEMAKER BLVD,0,26.64104444,-81.84075278,0,1,0,0,3,2,0,1,3,1,0,1,0,0000000,99,99,99,99,99,99,0,0,0,1,1
12,121156,1,1,0,0,0,1,1,121,0,7,7,2012,7,23,45,0,6,4,CR-137,,0,30.18411944,-82.82627222,0,42,0,0,1,1,0,5,2,1,0,1,0,0000000,99,99,99,99,99,99,0,0,0,1,1
12,121157,2,2,0,0,0,3,3,99,0,7,7,2012,7,20,51,0,3,3,SR-808,SHADOW WOOD SQ,99998,26.36787222,-80.19829722,0,12,6,0,2,2,0,1,3,1,0,1,0,0000000,99,99,99,99,99,99,0,0,0,1,0
12,121158,2,2,0,0,0,2,2,123,0,8,7,2012,1,9,5,1,2,2,US-19,,99998,30.18006944,-83.63758056,0,12,6,0,8,1,0,1,1,1,0,1,0,0000000,99,99,99,99,99,99,0,0,0,1,0
12,121159,1,1,0,0,0,1,1,109,0,8,7,2012,1,16,40,0,6,8,HEFFERON DR,,0,29.93023889,-81.35093056,0,42,0,0,1,1,0,3,1,1,0,1,0,0000000,99,99,99,99,99,99,0,0,0,1,0
12,121161,1,1,0,0,0,1,1,133,0,11,7,2012,4,4,15,0,6,4,CR-284,,0,30.60185278,-85.87956111,0,42,0,0,1,1,0,5,2,1,0,1,0,0000000,99,99,99,99,88,88,0,0,0,1,1
12,121162,2,2,0,1,1,2,2,95,0,11,7,2012,4,22,10,0,14,3,SR-438,ORLANDO WEST DR,99998,28.57801111,-81.44118056,0,8,0,1,2,3,0,1,3,1,0,1,0,0000000,99,99,99,99,99,99,14,0,0,1,0
12,121163,1,1,0,1,1,1,1,11,1420,12,7,2012,5,21,29,0,14,3,SR-822,,99998,26.03331667,-80.15953611,0,8,0,0,1,1,0,1,3,1,0,1,0,0000000,99,99,99,99,99,99,0,0,0,1,0
12,121164,1,1,0,1,1,1,1,9,0,14,7,2012,7,4,10,1,12,3,SR-528,,99998,28.40501944,-80.63513889,0,8,0,0,1,1,0,1,2,1,0,1,0,0000000,99,99,99,99,88,88,0,0,0,1,0
12,121165,2,2,0,0,0,3,3,39,0,14,7,2012,7,21,34,1,11,1,I-10,,99998,30.52294444,-84.49133611,0,12,2,0,1,1,0,1,2,1,0,1,0,0000000,99,99,99,99,99,99,0,0,0,2,1
12,121166,3,3,0,0,0,9,9,91,0,14,7,2012,7,6,27,0,3,3,SR-4,,99998,30.79095556,-86.68316944,0,12,2,0,1,1,0,1,1,1,0,1,0,0000000,99,99,99,99,99,99,0,0,0,2,0
12,121167,2,2,0,0,0,4,4,97,0,16,7,2012,2,13,52,1,2,3,SR-60,,99998,27.72848056,-81.01036111,0,12,6,0,1,1,0,1,1,2,0,2,0,0000000,99,99,99,99,99,99,0,0,0,2,0
12,121168,1,1,0,0,0,1,1,99,0,26,6,2012,3,10,26,0,14,3,SR-785 PGA BLVD,,99998,26.84088056,-80.198825,0,42,0,0,1,1,0,4,1,99,0,99,0,0000000,99,99,99,99,88,88,0,0,0,1,1
12,121169,1,1,0,0,0,2,2,99,0,17,3,2012,7,16,58,1,13,3,SR-80 SOUTHERN BLVD,,99998,26.6784,-80.12043611,0,42,0,0,1,1,0,3,1,1,0,1,0,0000000,99,99,99,99,88,88,0,0,0,2,0
12,121170,1,1,0,1,1,1,1,57,0,24,4,2012,3,22,10,0,6,4,CR-582A,,0,28.06919167,-82.43408333,0,8,0,0,1,1,0,1,3,1,0,1,0,0000000,99,99,99,99,88,88,0,0,0,1,0
12,121171,2,2,0,0,0,2,2,105,120,29,6,2012,6,7,55,0,16,6,BRIDGERS AVE,DAIRY RD,0,28.063275,-81.77624722,0,12,6,0,2,2,0,1,1,1,0,1,0,0000000,99,99,99,99,99,99,0,0,0,1,0
12,121172,2,2,0,0,0,4,4,86,0,6,5,2012,1,12,0,0,6,8,CORAL WAY,84TH AVE,0,25.74772778,-80.33148333,0,12,6,0,2,2,0,1,1,1,0,1,0,0000000,99,99,99,99,99,99,0,0,0,1,0
12,121173,2,2,0,0,0,2,2,113,2070,16,5,2012,4,19,40,1,13,2,US-90,DOGWOOD DR,99998,30.61671111,-87.05185278,0,12,6,0,2,2,0,1,3,1,0,1,0,0000000,99,99,99,99,99,99,0,0,0,1,0
12,121174,2,1,1,0,0,1,1,11,1826,27,6,2012,4,4,28,0,16,6,NE 45TH ST,NE 27TH AVE,0,26.28732222,-80.08714722,0,31,0,0,3,1,0,4,1,1,0,1,0,0000000,99,99,99,99,99,99,0,0,0,1,0
12,121175,2,2,0,0,0,5,5,53,0,4,7,2012,4,3,52,1,13,3,SR-50,,99998,28.53356944,-82.52576667,0,12,2,0,1,1,0,1,2,1,0,1,0,0000000,99,99,99,99,99,99,0,0,0,2,0
12,121176,1,1,0,0,0,1,1,81,2440,9,7,2012,2,15,10,1,11,1,I-75,,99998,27.52554722,-82.52968889,0,35,0,0,1,1,0,5,1,10,0,10,0,0000000,99,99,99,99,88,88,0,0,0,1,0
12,121177,1,1,0,0,0,1,1,57,0,13,7,2012,6,2,33,0,14,3,SR-583,,99998,27.98728056,-82.39406389,0,30,0,0,1,1,0,4,3,1,0,1,0,0000000,99,99,99,99,99,99,0,0,0,1,0
12,121178,2,2,0,0,0,2,2,57,0,14,7,2012,7,2,20,0,13,3,SR-39,TRAPNELL RD,99998,27.96717222,-82.12149444,0,12,6,0,2,2,0,1,2,1,0,1,0,0000000,99,99,99,99,99,99,0,0,0,1,2
12,121179,2,2,0,0,0,4,4,55,0,15,7,2012,1,10,26,0,6,8,MILLER AVE,LARKSPUR ST,0,27.32569444,-81.429225,0,12,6,0,2,2,0,1,1,1,0,1,0,0000000,99,99,99,99,99,99,0,0,0,1,0
12,121180,3,3,0,0,0,4,4,127,2520,18,7,2012,4,16,44,1,2,2,US-17,,99998,29.23193889,-81.46263611,0,12,1,0,8,1,0,1,1,10,0,10,0,0000000,99,99,99,99,99,99,0,0,0,1,0
12,121181,2,2,0,0,0,3,3,57,0,18,7,2012,4,16,18,0,2,3,SR-39,KINGHTS GRIFFIN RD,99998,28.07639444,-82.137725,0,12,6,0,2,2,0,1,1,10,0,10,0,0000000,99,99,99,99,99,99,0,0,0,1,0
12,121182,1,1,0,1,1,1,1,15,0,18,7,2012,4,21,47,0,6,8,RIVERSIDE DR,MORNINGSTAR DR,0,26.94501389,-82.01418056,0,8,0,0,1,1,0,1,3,1,0,1,0,0000000,99,99,99,99,99,99,0,0,0,1,0
12,121183,1,1,0,1,1,1,1,47,1550,19,7,2012,5,6,14,0,3,2,US-41,,99998,30.60321111,-83.09981944,0,8,0,0,1,1,0,1,3,10,0,10,0,0000000,99,99,99,99,88,88,0,0,0,1,0
12,121184,2,2,0,0,0,3,3,31,1510,20,7,2012,6,12,46,0,14,3,SR-13,VENTURE PL,99998,30.2493,-81.6135,0,12,6,0,2,2,0,1,1,10,0,10,0,0000000,99,99,99,99,99,99,0,0,0,1,0
12,121185,1,1,0,0,0,4,4,73,0,21,7,2012,7,8,10,1,11,1,I-10,,99998,30.48368611,-84.15582222,0,1,0,0,1,1,0,1,1,10,0,10,0,0000000,99,99,99,99,99,99,0,0,0,1,0
12,121186,2,2,0,0,0,4,4,5,2451,22,7,2012,1,3,18,1,13,2,US-98,,99998,30.17526389,-85.68166389,0,12,1,0,1,1,0,1,2,1,0,1,0,0000000,99,99,99,99,99,99,0,0,0,1,1
12,121187,2,2,0,1,1,3,3,93,2300,23,3,2012,6,21,21,1,13,2,US-98,11TH AVE,99998,27.243625,-80.84314167,0,8,0,0,2,2,0,1,3,1,0,1,0,0000000,99,99,99,99,88,88,0,0,0,1,0
12,121188,2,2,0,0,0,2,2,127,825,1,7,2012,1,19,6,0,16,6,NORMANDY BLVD,,0,28.90264722,-81.26340833,0,12,1,0,8,1,0,1,1,1,0,1,0,0000000,99,99,99,99,99,99,0,0,0,1,0
12,121189,1,1,0,1,1,1,1,111,0,17,6,2012,1,21,46,0,16,6,PALM DR,,0,27.36594722,-80.30708056,0,8,0,0,1,1,0,2,2,1,0,1,0,0000000,99,99,99,99,99,99,0,0,0,1,1
12,121190,2,2,0,0,0,3,3,9,0,23,6,2012,7,18,42,0,16,6,BABCOCK ST,,0,27.92448889,-80.62286944,0,12,2,0,1,1,0,1,1,1,0,1,0,0000000,99,99,99,99,99,99,0,0,0,1,0
12,121191,1,1,0,0,0,1,1,105,0,7,7,2012,7,16,21,0,6,6,THOMAS RD,,0,27.897425,-81.32721667,0,35,0,0,1,1,0,4,1,1,0,1,0,0000000,99,99,99,99,88,88,0,0,0,1,0
12,121192,3,3,0,0,0,4,4,11,1050,14,7,2012,7,18,28,1,11,1,I-95,,99998,26.13529722,-80.16962778,0,12,7,1,18,1,0,1,1,1,0,1,0,0000000,99,99,99,99,99,99,0,0,0,1,1
12,121193,1,1,0,0,0,1,1,73,0,14,7,2012,7,7,4,0,6,6,FAIRBANKS FERRY ROAD,SILVER BRANCH RD,0,30.66841944,-84.27866944,0,38,0,0,2,3,0,5,4,1,0,1,0,0000000,99,99,99,99,99,99,0,0,0,1,0
12,121194,2,2,0,0,0,4,4,57,0,19,7,2012,5,1,22,0,13,3,SR-574,MCINTOSH RD,99998,27.98952222,-82.24431389,0,12,6,1,2,2,0,1,3,1,0,1,0,0000000,99,99,99,99,88,88,0,0,0,2,1
12,121195,2,2,0,0,0,2,2,69,0,21,7,2012,7,18,3,0,6,4,CR-48,,0,28.74819444,-81.87449722,0,12,7,0,1,1,0,1,1,1,0,1,0,0000000,18,4,18,9,99,99,0,0,0,1,1
12,121196,1,1,0,0,0,1,1,15,2620,9,7,2012,2,14,10,0,16,6,W OLYMPIA AVE,,0,26.92799444,-82.05796111,0,42,0,0,1,1,0,5,1,1,0,1,0,0000000,99,99,99,99,99,99,0,0,0,1,0
12,121197,2,2,0,0,0,2,2,3,0,11,7,2012,4,0,35,0,3,2,US-90,,99998,30.28920833,-82.08135556,0,12,2,0,1,1,0,1,2,10,0,10,0,0000000,99,99,99,99,88,88,0,0,0,2,1
12,121198,2,2,0,0,0,3,3,127,780,12,7,2012,5,15,41,0,14,3,SR-430,WASHINGTON ST,99998,29.22406389,-81.03681944,0,12,6,0,2,3,0,1,1,1,0,1,0,0000000,99,99,99,99,99,99,0,0,0,1,0
12,121199,1,1,0,1,1,1,1,105,1270,15,7,2012,1,3,2,0,13,2,US-17,,99998,28.11481944,-81.61800833,0,8,0,0,1,1,0,1,2,1,0,1,0,0000000,99,99,99,99,88,88,0,0,0,1,0