STATE,ST_CASE,VE_TOTAL,VE_FORMS,PVH_INVL,PEDS,PERNOTMVIT,PERMVIT,PERSONS,COUNTY,CITY,DAY,MONTH,YEAR,DAY_WEEK,HOUR,MINUTE,NHS,ROAD_FNC,ROUTE,TWAY_ID,TWAY_ID2,MILEPT,LATITUDE,LONGITUD,SP_JUR,HARM_EV,MAN_COLL,RELJCT1,RELJCT2,TYP_INT,WRK_ZONE,REL_ROAD,LGT_COND,WEATHER1,WEATHER2,WEATHER,SCH_BUS,RAIL,NOT_HOUR,NOT_MIN,ARR_HOUR,ARR_MIN,HOSP_HR,HOSP_MN,CF1,CF2,CF3,FATALS,DRUNK_DR
12,121200,1,1,0,0,0,1,1,87,1568,15,7,2012,1,18,59,1,2,2,US-1,,99998,25.22249167,-80.42995,0,42,0,0,1,1,0,4,5,10,0,10,0,0000000,99,99,99,99,88,88,0,0,0,1,1
12,121201,2,2,0,0,0,2,2,95,70,16,7,2012,2,23,48,0,16,6,MOUNT PLYMOUTH,,0,28.77646944,-81.52635833,0,24,0,0,1,1,0,4,2,1,0,1,0,0000000,99,99,99,99,99,99,0,0,0,1,1
12,121202,2,2,0,0,0,2,2,109,0,17,7,2012,3,11,50,1,2,2,US-1,,99998,30.03369444,-81.41106944,0,12,1,0,1,1,0,1,1,1,0,1,0,0000000,99,99,99,99,88,88,0,0,0,1,0
12,121203,2,2,0,0,0,3,3,11,2570,17,7,2012,3,18,28,0,13,3,SR-845,4TH ST,99998,26.23490833,-80.155525,0,12,6,0,2,3,0,1,1,10,0,10,0,0000000,99,99,99,99,99,99,0,0,0,1,1
12,121205,1,1,0,0,0,2,2,95,0,18,7,2012,4,19,31,1,12,3,SR-91,,99998,28.40673056,-81.39166111,0,24,0,0,1,1,0,4,5,10,0,10,0,0000000,99,99,99,99,99,99,0,0,0,1,0
12,121206,1,1,0,0,0,1,1,69,0,20,7,2012,6,4,15,0,13,2,US-27,,99998,28.89254444,-81.90753056,0,59,0,0,1,1,4,4,3,1,0,1,0,0000000,99,99,99,99,99,99,0,0,0,1,0
12,121207,1,1,0,0,0,2,2,73,0,21,7,2012,7,2,15,1,11,1,I-10,,99998,30.48233889,-84.37504722,0,1,0,0,1,1,0,5,2,1,0,1,0,0000000,99,99,99,99,99,99,0,0,0,1,1
12,121208,1,1,0,0,0,2,2,39,0,21,7,2012,7,16,37,1,11,1,I-10,,99998,30.63311389,-84.87691389,0,1,0,0,1,1,0,1,1,1,0,1,0,0000000,99,99,99,99,99,99,0,0,0,1,0
12,121209,1,1,0,0,0,1,1,71,0,21,7,2012,7,20,18,0,6,8,SLATER RD,,0,26.71425,-81.85468889,0,30,0,0,1,1,0,4,3,1,0,1,0,0000000,99,99,99,99,99,99,0,0,0,1,0
12,121210,1,1,0,0,0,1,1,31,1510,22,7,2012,1,6,25,0,16,6,YELLOW WATER RD,,0,30.22808889,-81.94113889,0,34,0,0,1,1,0,4,1,1,0,1,0,0000000,99,99,99,99,88,88,0,0,0,1,1
12,121211,2,2,0,0,0,2,2,86,2010,14,5,2012,2,9,53,0,14,3,SR-968,38TH AVE,99998,25.77181111,-80.25700556,0,12,2,0,2,3,0,1,1,1,0,1,0,0000000,99,99,99,99,99,99,0,0,0,1,0
12,121212,5,5,0,0,0,7,7,99,330,1,6,2012,6,14,35,0,13,3,SR-804,OLD BOYNTON RD,99998,26.52878889,-80.07938611,0,12,1,0,2,2,0,1,1,10,0,10,0,0000000,99,99,99,99,99,99,0,0,0,1,0
12,121213,2,2,0,0,0,4,4,86,0,3,6,2012,1,8,17,0,16,6,N MIAMI AVE,NW 159 ST,0,25.92078333,-80.20000556,0,12,6,0,2,2,0,1,1,1,0,1,0,0000000,99,99,99,99,99,99,0,0,0,1,1
12,121215,2,2,0,0,0,4,4,53,0,1,7,2012,1,17,27,1,2,2,US-19,SPRING HILL DR,99998,28.45946944,-82.62714722,0,12,6,0,2,2,0,1,1,1,0,1,0,0000000,99,99,99,99,99,99,0,0,0,1,0
12,121216,2,2,0,1,1,3,3,57,0,4,7,2012,4,21,17,0,6,8,NORTH BLVD,PATRIOT CT,0,28.0724,-82.467525,0,12,6,0,2,3,0,1,2,1,0,1,0,0000000,99,99,99,99,99,99,0,0,0,1,1
12,121217,1,1,0,0,0,2,2,11,2916,9,7,2012,2,19,54,0,16,6,136TH AVE,,0,26.14303333,-80.33009444,0,30,0,0,1,1,0,4,1,1,0,1,0,0000000,99,99,99,99,99,99,0,0,0,1,0
12,121218,1,1,0,1,1,2,2,11,1420,17,7,2012,3,5,1,0,16,6,JOHNSON ST,,0,26.01848056,-80.16201389,0,9,0,0,1,1,0,1,3,1,0,1,0,0000000,99,99,99,99,99,99,0,0,0,1,0
12,121219,1,1,0,0,0,1,1,71,0,12,7,2012,5,4,46,0,6,8,PARKDALE BLV,HOMESTEAD RD,0,26.55755,-81.62125556,0,19,0,0,2,2,0,4,3,10,0,10,0,0000000,99,99,99,99,99,99,0,0,0,1,1
12,121220,2,2,0,0,0,4,4,57,2950,19,7,2012,5,2,49,1,11,1,I-275,,99998,27.96,-82.45433333,0,12,2,0,1,1,0,1,3,1,0,1,0,0000000,99,99,99,99,99,99,0,0,0,1,1
12,121221,1,1,0,1,1,4,4,11,790,20,7,2012,6,22,20,0,15,6,SE 10TH ST,,99998,26.30491944,-80.10091389,0,8,0,0,1,1,0,1,3,10,0,10,0,0000000,99,99,99,99,88,88,0,0,0,1,0
12,121222,1,1,0,1,1,1,1,95,0,21,7,2012,7,2,10,0,6,6,LANDSTAR BLVD,MISLEY DR,0,28.35362222,-81.36117778,0,8,0,0,2,2,0,1,3,1,0,1,0,0000000,99,99,99,99,88,88,0,0,0,1,0
12,121223,2,1,1,1,1,1,1,95,0,21,7,2012,7,23,13,1,12,3,SR-408,,99998,28.548875,-81.47982778,0,8,0,0,1,1,0,2,3,1,0,1,0,0000000,99,99,99,99,88,88,23,0,0,1,1
12,121224,2,2,0,1,1,1,1,99,2431,22,7,2012,1,21,24,1,11,1,I-95,,99998,26.87620556,-80.12428611,0,8,0,0,1,1,0,1,3,10,0,10,0,0000000,99,99,99,99,88,88,23,0,0,1,1
12,121225,1,1,0,0,0,1,1,73,2940,23,7,2012,2,4,20,0,13,2,US-319,CARE DR,99998,30.47485556,-84.23491667,0,41,0,0,3,2,0,4,2,1,0,1,0,0000000,99,99,99,99,88,88,0,0,0,1,1
12,121226,1,1,0,0,0,1,1,123,0,23,7,2012,2,17,40,1,2,2,US-19,,99998,29.83135,-83.36216944,0,42,0,0,1,1,0,5,1,2,0,2,0,0000000,99,99,99,99,88,88,0,0,0,1,0
12,121227,2,2,0,0,0,2,2,95,0,27,7,2012,6,14,55,0,6,4,CR-423,TAFT VINELAND RD,0,28.41636667,-81.42271111,0,12,2,1,2,2,0,1,1,1,0,1,0,0000000,99,99,99,99,99,99,0,0,0,1,0
12,121228,3,3,0,0,0,3,3,91,0,29,7,2012,1,23,25,0,3,3,SR-285,,99998,30.62823889,-86.41303889,0,12,2,0,1,1,0,1,2,1,0,1,0,0000000,99,99,99,99,88,88,14,0,0,2,0
12,121229,3,3,0,0,0,4,4,99,0,14,7,2012,7,20,24,0,13,3,SR-808,GOLF COURSE RD,99998,26.36784444,-80.178425,0,12,6,0,2,2,0,1,3,1,0,1,0,0000000,99,99,99,99,99,99,14,0,0,1,0
12,121231,1,1,0,1,1,1,1,55,2800,26,6,2012,3,11,0,1,13,3,SR-25,,99998,27.51486389,-81.49495278,0,8,0,0,1,1,0,1,1,10,0,10,0,0000000,99,99,99,99,99,99,0,0,0,1,0
12,121232,1,1,0,0,0,2,2,11,2570,9,7,2012,2,21,40,1,11,1,I-95,,99998,26.23921111,-80.13624444,0,1,0,0,1,1,0,4,3,1,0,1,0,0000000,99,99,99,99,88,88,0,0,0,1,0
12,121233,1,1,0,0,0,3,3,75,0,19,7,2012,5,16,50,1,2,2,US-19,,99998,29.29985,-82.75203056,0,42,0,0,1,1,0,5,1,2,0,2,0,0000000,99,99,99,99,99,99,0,0,0,1,0
12,121234,4,4,0,0,0,5,5,31,1510,21,7,2012,7,0,14,1,11,1,I-95,,99998,30.10439444,-81.50421667,0,26,0,0,1,1,0,3,2,1,0,1,0,0000000,99,99,99,99,88,88,14,0,0,1,0
12,121235,2,2,0,0,0,3,3,95,2360,22,7,2012,1,3,5,0,13,3,SR-50,,99998,28.55281389,-81.40746944,0,12,1,0,1,1,0,1,3,1,0,1,0,0000000,99,99,99,99,88,88,0,0,0,1,1
12,121236,2,2,0,0,0,2,2,49,0,25,7,2012,4,6,0,1,2,2,US-17,,99998,27.43346389,-81.79610556,0,12,2,0,1,1,4,1,2,1,0,1,0,0000000,99,99,99,99,99,99,0,0,0,1,0
12,121237,1,1,0,1,1,1,1,81,0,28,7,2012,7,22,59,0,13,2,US-41,,99998,27.45241389,-82.57523056,0,8,0,0,1,1,0,1,2,1,0,1,0,0000000,99,99,99,99,99,99,0,0,0,1,0
12,121239,2,2,0,0,0,2,2,86,0,19,5,2012,7,5,20,0,6,8,SW 127TH AVE,SW 42ND ST,0,25.72959444,-80.39961667,0,12,6,0,2,2,0,1,3,1,0,1,0,0000000,99,99,99,99,99,99,0,0,0,1,0
12,121240,1,1,0,2,2,1,1,86,2010,24,6,2012,1,10,30,0,13,2,US-41,SW 67TH AVE,99998,25.76309167,-80.303825,0,8,0,0,3,2,0,4,1,10,0,10,0,0000000,99,99,99,99,99,99,0,0,0,1,0
12,121241,1,1,0,0,0,1,1,117,0,1,7,2012,1,3,10,0,6,8,BEAR LAKE RD,,0,28.64721111,-81.44356389,0,59,0,0,1,1,0,5,3,1,0,1,0,0000000,99,99,99,99,88,88,0,0,0,1,1
12,121242,2,2,0,0,0,8,8,105,0,14,7,2012,7,18,58,0,14,3,SR-659,CIVITAN AVE E,99998,28.01902778,-81.90781389,0,12,6,0,2,3,0,1,1,1,0,1,0,0000000,99,99,99,99,99,99,0,0,0,1,1
12,121243,2,2,0,0,0,3,3,9,0,21,7,2012,7,4,55,0,6,8,FAY BLV,GRISSOM PKWY,0,28.468525,-80.80423611,0,12,6,0,2,2,0,1,1,1,0,1,0,0000000,99,99,99,99,99,99,0,0,0,1,0
12,121244,1,1,0,1,1,1,1,127,0,22,7,2012,1,6,3,0,13,2,US-92,,99998,29.06929444,-81.25486111,0,8,0,0,1,1,0,1,2,1,0,1,0,0000000,99,99,99,99,88,88,0,0,0,1,0
12,121245,2,2,0,0,0,2,2,83,0,22,7,2012,1,21,34,1,2,3,SR-40,,99998,29.21851111,-82.020575,0,12,6,0,1,1,0,1,3,10,0,10,0,0000000,99,99,99,99,99,99,0,0,0,1,0
12,121246,1,1,0,1,1,1,1,95,2360,22,7,2012,1,10,39,0,16,6,MCLEOD RD,BRUTON BLVD,0,28.50874444,-81.42586111,0,15,0,0,3,2,0,1,1,1,0,1,0,0000000,99,99,99,99,99,99,0,0,0,1,0
12,121247,1,1,0,1,1,1,1,9,1567,24,7,2012,3,8,40,0,16,8,CR-3,,0,28.48881667,-80.67564722,0,9,0,0,1,1,0,1,1,1,0,1,0,0000000,99,99,99,99,88,88,0,0,0,1,0
12,121248,2,2,0,0,0,2,2,115,0,24,7,2012,3,17,50,0,6,8,17TH AVE,TUTTLE AVE,0,27.35235278,-82.51358611,0,12,2,0,2,2,0,1,1,1,0,1,0,0000000,99,99,99,99,99,99,0,0,0,1,0
12,121249,2,2,0,0,0,4,4,69,0,26,7,2012,5,12,30,0,3,3,SR-44,,99998,29.00746111,-81.38364722,0,12,2,0,1,1,0,1,1,1,0,1,0,0000000,99,99,99,99,99,99,0,0,0,1,0
12,121250,1,1,0,0,0,8,8,97,0,27,7,2012,6,8,50,1,2,3,SR-91,,99998,27.96151944,-81.100775,0,1,0,0,1,1,0,5,1,1,0,1,0,0000000,99,99,99,99,99,99,0,0,0,1,0
12,121251,1,1,0,0,0,2,2,1,0,27,7,2012,6,9,22,0,6,4,CR-241,,0,29.67717778,-82.49585278,0,42,0,0,1,1,0,5,1,1,0,1,0,0000000,99,99,99,99,99,99,0,0,0,1,0
12,121252,2,2,0,0,0,3,3,1,0,28,7,2012,7,7,50,0,6,4,CR-225,,0,29.83788333,-82.228075,0,12,2,0,1,1,0,1,1,10,0,10,0,0000000,99,99,99,99,99,99,0,0,0,1,0
12,121253,1,1,0,1,1,1,1,9,2005,28,7,2012,7,20,50,0,13,3,SR-3,,99998,28.39164444,-80.70378889,0,8,0,0,1,1,0,1,2,1,0,1,0,0000000,99,99,99,99,88,88,0,0,0,1,0
12,121254,1,1,0,0,0,1,1,133,0,29,7,2012,1,8,15,1,2,3,SR-77,,99998,30.44676944,-85.68894444,0,30,0,0,1,1,0,4,1,1,0,1,0,0000000,99,99,99,99,88,88,0,0,0,1,1
12,121255,1,1,0,1,1,2,2,31,1510,31,7,2012,3,22,20,0,16,6,ST JOHNS BLUFF RD S,ALDEN RD,0,30.301125,-81.52588333,0,9,0,0,2,2,0,1,3,10,0,10,0,0000000,99,99,99,99,88,88,0,0,0,1,0
12,121256,2,2,0,0,0,2,2,103,860,1,6,2012,6,20,45,0,14,2,US-19,BAYWOOD DR N,99998,28.04775278,-82.78103889,0,12,6,0,2,3,0,1,3,10,0,10,0,0000000,99,99,99,99,99,99,0,0,0,1,0
12,121257,1,1,0,0,0,1,1,99,1560,22,7,2012,1,1,40,0,15,6,CENTER ST,,99998,26.94056667,-80.12010278,0,53,0,0,1,1,0,4,3,1,0,1,0,0000000,99,99,99,99,88,88,0,0,0,1,1
12,121258,4,4,0,0,0,7,7,95,0,23,7,2012,2,7,45,1,11,1,I-4,,99998,28.37103056,-81.51011944,0,12,1,1,17,1,0,1,1,2,0,2,0,0000000,99,99,99,99,99,99,0,0,0,1,0
12,121259,1,1,0,0,0,2,2,95,0,31,7,2012,3,12,0,0,6,8,YATES RD,,0,28.45498889,-80.97825278,0,42,0,0,1,1,0,5,1,10,0,10,0,0000000,99,99,99,99,99,99,0,0,0,1,1
12,121260,2,2,0,0,0,2,2,35,2439,1,8,2012,4,22,9,0,16,8,WHITEVIEW PKWY,ROLLING SAND DR,0,29.52293056,-81.25650278,0,12,6,0,2,3,0,1,3,1,0,1,0,0000000,99,99,99,99,99,99,0,0,0,1,0
12,121261,1,1,0,1,1,1,1,105,0,17,7,2012,3,1,15,0,6,8,DEESON RD,,0,28.11326667,-82.05161389,0,8,0,0,1,1,0,1,2,2,0,2,0,0000000,99,99,99,99,88,88,0,0,0,1,1
12,121262,2,2,0,0,0,4,4,109,0,25,7,2012,4,21,45,0,2,3,SR-16,INTL GOLF PKWY,99998,29.96359167,-81.49132222,0,12,2,0,2,2,0,1,2,1,0,1,0,0000000,99,99,99,99,88,88,0,0,0,1,0
12,121263,2,2,0,0,0,2,2,11,1420,27,7,2012,6,19,21,0,13,3,SR-822,52ND AVE,99998,26.03249167,-80.19619167,0,12,2,0,2,2,0,1,5,1,0,1,0,0000000,99,99,99,99,99,99,0,0,0,1,0
12,121264,1,1,0,1,1,1,1,95,0,28,7,2012,7,4,15,0,14,3,SR-434,,99998,28.62791944,-81.41515833,0,8,0,0,1,1,0,1,2,1,0,1,0,0000000,99,99,99,99,99,99,0,0,0,1,0
12,121265,1,1,0,1,1,1,1,83,0,31,7,2012,3,23,2,0,6,8,MIDWAY RD,,0,29.11982222,-82.02164444,0,8,0,0,1,1,0,1,2,10,0,10,0,0000000,99,99,99,99,88,88,0,0,0,1,0
12,121266,1,1,0,0,0,1,1,79,0,1,8,2012,4,5,38,1,11,1,I-10,,99998,30.42999722,-83.56084444,0,42,0,0,1,1,0,4,1,1,0,1,0,0000000,99,99,99,99,99,99,0,0,0,1,0
12,121267,1,1,0,1,1,1,1,57,0,2,8,2012,5,6,18,0,6,6,GIBSONTON DR,,0,27.84976111,-82.37206667,0,8,0,0,1,1,0,1,2,1,0,1,0,0000000,99,99,99,99,88,88,0,0,0,1,0
12,121268,2,2,0,0,0,3,3,129,0,2,8,2012,5,5,10,0,13,2,US-319,CR-299,99998,30.00227778,-84.50396389,0,12,6,0,2,3,0,1,2,1,0,1,0,0000000,99,99,99,99,99,99,0,0,0,1,0
12,121269,1,1,0,0,0,1,1,107,0,3,8,2012,6,2,20,0,6,8,CORAL FARMS RD,,0,29.73915,-81.88788611,0,42,0,0,1,1,0,4,2,1,0,1,0,0000000,99,99,99,99,99,99,0,0,0,1,1
12,121270,1,1,0,1,1,1,1,5,2450,3,8,2012,6,12,9,0,16,6,REDWOOD AVE,,0,30.16770278,-85.63761389,0,8,0,0,8,1,0,5,1,10,0,10,0,0000000,99,99,99,99,99,99,0,0,0,1,0
12,121271,1,1,0,0,0,2,2,117,0,3,8,2012,6,3,27,0,6,6,FLORIDA AVE,VAN ARSDALE ST,0,28.69242222,-81.16705833,0,41,0,0,3,3,0,4,2,1,0,1,0,0000000,99,99,99,99,99,99,0,0,0,1,1
12,121272,2,2,0,0,0,2,2,69,0,4,8,2012,7,2,30,0,6,4,CR-42,,0,29.00863333,-81.40817778,0,12,2,0,1,1,0,1,2,1,0,1,0,0000000,99,99,99,99,99,99,19,0,0,1,2
12,121273,1,1,0,0,0,2,2,91,0,5,8,2012,1,16,30,1,11,1,I-10,,99998,30.71928611,-86.46513333,0,1,0,0,1,1,0,3,1,2,0,2,0,0000000,99,99,99,99,99,99,0,0,0,1,0
12,121274,2,1,1,0,0,2,2,31,1510,5,8,2012,1,3,20,0,16,6,JULINGTON CREEK RD,,0,30.13958889,-81.6268,0,53,0,0,1,1,0,4,3,2,0,2,0,0000000,99,99,99,99,99,99,0,0,0,1,1
12,121275,3,3,0,0,0,3,3,113,0,5,8,2012,1,4,15,0,14,2,US-90,,99998,30.56351944,-87.18855556,0,1,0,0,1,1,0,1,3,1,0,1,0,0000000,99,99,99,99,88,88,0,0,0,1,1
12,121277,1,1,0,1,1,1,1,31,1510,7,8,2012,3,8,46,0,14,3,SR-116,KERNAN BLVD,99998,30.3597,-81.49,0,9,0,0,2,3,0,1,1,1,0,1,0,0000000,99,99,99,99,99,99,0,0,0,1,0
12,121278,1,1,0,1,1,1,1,11,1420,6,1,2012,6,18,37,0,16,6,N 46TH AVE,,0,26.03090556,-80.19006944,0,8,0,0,1,1,0,1,2,1,0,1,0,0000000,99,99,99,99,99,99,0,0,0,1,0
12,121279,1,1,0,1,1,1,1,11,1050,13,1,2012,6,6,25,0,13,3,SR-A1A,BAYSHORE DR,99998,26.12801111,-80.10346944,0,8,0,0,2,3,0,1,3,1,0,1,0,0000000,99,99,99,99,99,99,0,0,0,1,0
12,121282,1,1,0,1,1,2,2,115,2780,22,2,2012,4,22,22,0,13,3,SR-45,HILLVIEW ST,99998,27.31638333,-82.52971389,0,9,0,0,3,2,0,1,3,10,0,10,0,0000000,99,99,99,99,99,99,0,0,0,1,0
12,121283,2,2,0,0,0,2,2,95,2360,7,3,2012,4,18,25,0,16,6,RIO GRANDE AVE,CARTER ST,0,28.53470278,-81.40132222,0,12,6,0,2,2,0,1,5,1,0,1,0,0000000,99,99,99,99,99,99,0,0,0,1,0
12,121284,1,1,0,0,0,1,1,86,2010,10,3,2012,7,8,37,0,16,6,NW 4TH AVE,NW 67TH ST,0,25.83602778,-80.20353333,0,19,0,0,2,3,0,5,1,1,0,1,0,0000000,99,99,99,99,88,88,0,0,0,1,0
12,121285,1,1,0,0,0,1,1,111,1080,15,3,2012,5,23,44,0,13,3,SR-68,,99998,27.44714444,-80.33823333,0,33,0,0,1,1,0,5,3,1,0,1,0,0000000,99,99,99,99,99,99,0,0,0,1,1
12,121286,2,2,0,0,0,2,2,87,1580,18,3,2012,1,19,5,0,16,6,FLAGLER AVE,5TH ST,0,24.55752222,-81.77624722,0,12,7,0,2,2,0,1,1,1,0,1,0,0000000,99,99,99,99,99,99,0,0,0,1,0
12,121287,2,2,0,0,0,3,3,103,2730,27,3,2012,3,9,27,0,16,6,49TH ST,9TH AVE,0,27.78085556,-82.69991944,0,12,6,0,2,2,0,1,1,1,0,1,0,0000000,99,99,99,99,99,99,0,0,0,1,0
12,121288,1,1,0,0,0,1,1,95,2360,31,3,2012,7,20,16,0,16,6,BENT PINE DR,,0,28.47266111,-81.30416111,0,33,0,0,1,1,0,4,3,1,0,1,0,0000000,99,99,99,99,88,88,0,0,0,1,0
12,121289,1,1,0,1,1,3,3,11,3250,7,4,2012,7,20,26,0,13,2,US-441,,99998,26.23673611,-80.20478056,0,8,0,0,1,1,0,1,3,1,0,1,0,0000000,99,99,99,99,88,88,0,0,0,1,0
12,121290,2,2,0,0,0,2,2,103,2730,11,4,2012,4,6,37,0,14,2,US-92,,99998,27.83224444,-82.638675,0,12,6,0,1,1,0,1,3,1,0,1,0,0000000,99,99,99,99,99,99,0,0,0,1,1
12,121291,1,1,0,0,0,1,1,86,0,22,4,2012,1,18,51,0,6,8,7TH AVE NW,,0,25.858175,-80.20953889,0,40,0,0,1,1,0,4,1,1,0,1,0,0000000,99,99,99,99,99,99,0,0,0,1,0
12,121292,2,2,0,0,0,3,3,86,0,23,4,2012,2,13,38,0,6,6,42ND ST,122ND AVE,0,25.72987778,-80.39155,0,12,6,1,2,2,0,1,1,1,0,1,0,0000000,99,99,99,99,99,99,0,0,0,1,0
12,121293,1,1,0,1,1,1,1,1,1130,23,6,2012,7,0,51,0,14,3,SR-24A,2173 16TH AVE,99998,29.634975,-82.354625,0,9,0,0,2,4,0,1,3,1,0,1,0,0000000,99,99,99,99,99,99,0,0,0,1,0
12,121294,3,3,0,1,1,6,6,105,0,20,7,2012,6,22,15,1,11,1,I-4,,99998,28.03645278,-82.05500833,0,8,0,0,1,1,0,1,3,1,0,1,0,0000000,99,99,99,99,88,88,0,0,0,1,0
12,121296,2,2,0,0,0,3,3,105,0,28,7,2012,7,13,30,0,3,3,SR-33,DEEN STILL RD,99998,28.25843611,-81.82459722,0,12,6,0,2,2,0,1,1,1,0,1,0,0000000,99,99,99,99,99,99,0,0,0,1,0
12,121297,1,1,0,0,0,2,2,11,2541,28,7,2012,7,13,33,0,16,6,PINE ISLAND RD,,0,26.13501944,-80.26932778,0,42,0,0,1,1,0,3,1,2,0,2,0,0000000,99,99,99,99,99,99,0,0,0,1,0
12,121298,1,1,0,0,0,1,1,11,633,29,7,2012,1,8,35,0,16,6,WYNMOOR CIR,VICTORIA PL,0,26.24850278,-80.18196944,0,42,0,0,3,6,0,3,1,1,0,1,0,0000000,99,99,99,99,99,99,0,0,0,1,0
12,121299,1,1,0,0,0,1,1,95,0,31,7,2012,3,2,24,1,2,3,SR-528,,99998,28.45251111,-81.01038611,0,42,0,0,1,1,0,4,2,1,0,1,0,0000000,99,99,99,99,88,88,0,0,0,1,1
12,121300,2,2,0,0,0,3,3,83,0,3,8,2012,6,15,55,0,6,4,CR-464,,0,29.11263611,-82.02139722,0,12,2,0,1,1,0,1,1,10,0,10,0,0000000,99,99,99,99,99,99,0,0,0,1,0
12,121301,1,1,0,1,1,1,1,95,0,3,8,2012,6,21,10,0,13,3,SR-50 E COLONIAL DR,,99998,28.56890833,-81.246775,0,8,0,0,1,1,0,1,2,10,0,10,0,0000000,99,99,99,99,99,99,0,0,0,1,0
12,121302,1,1,0,0,0,2,2,86,2010,4,8,2012,7,4,15,1,11,1,I-195,,99998,25.81151944,-80.18946111,0,25,0,0,1,1,4,5,3,1,0,1,0,0000000,4,18,4,31,99,99,0,0,0,1,1
12,121303,1,1,0,0,0,1,1,31,1510,4,8,2012,7,15,0,1,11,1,I-95,,99998,30.462275,-81.64881944,0,25,0,0,1,1,0,4,1,1,0,1,0,0000000,99,99,99,99,88,88,0,0,0,1,0
12,121304,1,1,0,1,1,1,1,1,0,4,8,2012,7,21,15,0,6,8,SW 75TH ST,,0,29.58965556,-82.42281389,0,8,0,0,1,1,0,1,2,1,0,1,0,0000000,99,99,99,99,99,99,0,0,0,1,0
12,121305,2,2,0,0,0,4,4,55,0,5,8,2012,1,8,54,0,13,2,US-98,CR-721,99998,27.36255278,-81.05372222,0,12,6,1,2,3,0,1,1,1,0,1,0,0000000,99,99,99,99,99,99,0,0,0,1,0
12,121306,3,3,0,0,0,4,4,71,0,5,8,2012,1,17,35,0,3,3,SR-82,,99998,26.54581944,-81.63794444,0,12,8,0,1,1,0,1,1,10,0,10,0,0000000,99,99,99,99,88,88,0,0,0,1,0
12,121307,1,1,0,0,0,4,4,115,0,5,8,2012,1,7,55,1,11,1,I-75,,99998,27.09272222,-82.12203056,0,57,0,0,1,1,0,3,1,1,0,1,0,0000000,99,99,99,99,99,99,0,0,0,1,1
12,121308,1,1,0,1,1,1,1,87,2975,6,8,2012,2,12,35,9,99,9,OVERSEAS HWY,,99998,25.00379444,-80.52356667,0,8,0,0,1,1,0,1,1,1,0,1,0,0000000,99,99,99,99,99,99,0,0,0,1,0
12,121309,1,1,0,1,1,1,1,95,0,7,8,2012,3,21,38,0,13,2,US-17,,99998,28.39563611,-81.4046,0,8,0,0,1,1,0,1,2,10,0,10,0,0000000,21,41,21,46,99,99,0,0,0,1,0
12,121310,1,1,0,0,0,5,5,63,0,7,8,2012,3,23,43,0,6,4,CR-167,,0,30.73673056,-85.28618889,0,53,0,0,1,1,0,4,2,1,0,1,0,0000000,99,99,99,99,99,99,0,0,0,1,0
12,121311,1,1,0,1,1,1,1,31,1510,7,8,2012,3,21,30,0,16,6,MERRILL RD,,0,30.4606,-81.572,0,15,0,0,1,1,0,1,2,2,0,2,0,0000000,99,99,99,99,99,99,0,0,0,1,0
12,121312,1,1,0,1,1,1,1,95,0,10,8,2012,6,22,30,0,13,3,SR-50,,99998,28.55223056,-81.46260833,0,8,0,0,1,1,0,1,2,1,0,1,0,0000000,99,99,99,99,88,88,0,0,0,1,0
12,121313,2,2,0,0,0,3,3,31,1510,12,8,2012,1,2,19,1,13,2,US-1,,99998,30.38305556,-81.73305556,0,12,1,0,1,1,0,1,3,1,0,1,0,0000000,99,99,99,99,99,99,0,0,0,1,2
12,121314,2,2,0,0,0,3,3,99,330,15,4,2012,1,6,36,0,6,4,CR-807,MINER RD,0,26.55710556,-80.09042778,0,12,6,0,2,2,0,1,4,1,0,1,0,0000000,99,99,99,99,88,88,0,0,0,2,1
12,121315,2,2,0,0,0,2,2,5,2450,20,6,2012,4,21,13,0,16,6,HWY-98,,0,30.18694167,-85.735025,0,12,1,0,1,1,0,1,3,10,0,10,0,0000000,99,99,99,99,99,99,0,0,0,1,0
12,121316,1,1,0,1,1,1,1,61,3070,27,6,2012,4,6,39,0,13,3,SR-60,19TH PL,99998,27.63763889,-80.40241944,0,9,0,0,2,3,0,1,4,10,0,10,0,0000000,99,99,99,99,99,99,16,0,0,1,0
12,121318,2,2,0,0,0,4,4,86,670,14,7,2012,7,19,4,0,16,6,PONCE DE LEON BLVD,ORDUNA DR,0,25.723125,-80.26721667,0,12,6,0,2,2,0,1,1,1,0,1,0,0000000,99,99,99,99,99,99,0,0,0,1,0
12,121320,1,1,0,1,1,2,2,87,0,28,7,2012,7,21,5,1,13,2,US-1,HORACE ST,99998,24.66123889,-81.44264444,0,8,0,1,2,3,0,1,3,1,0,1,0,0000000,99,99,99,99,99,99,0,0,0,1,0
12,121321,1,1,0,1,1,1,1,99,0,28,7,2012,7,22,42,0,15,8,PURDY LN,,99998,26.64433611,-80.11653056,0,9,0,0,1,1,0,1,3,1,0,1,0,0000000,99,99,99,99,99,99,0,0,0,1,0
12,121322,1,1,0,0,0,1,1,11,1781,4,8,2012,7,22,58,0,13,3,SR-816,,99998,26.16486389,-80.21511667,0,1,0,0,1,1,0,1,3,1,0,1,0,0000000,99,99,99,99,99,99,0,0,0,1,1