STATE,ST_CASE,VE_TOTAL,VE_FORMS,PVH_INVL,PEDS,PERNOTMVIT,PERMVIT,PERSONS,COUNTY,CITY,DAY,MONTH,YEAR,DAY_WEEK,HOUR,MINUTE,NHS,ROAD_FNC,ROUTE,TWAY_ID,TWAY_ID2,MILEPT,LATITUDE,LONGITUD,SP_JUR,HARM_EV,MAN_COLL,RELJCT1,RELJCT2,TYP_INT,WRK_ZONE,REL_ROAD,LGT_COND,WEATHER1,WEATHER2,WEATHER,SCH_BUS,RAIL,NOT_HOUR,NOT_MIN,ARR_HOUR,ARR_MIN,HOSP_HR,HOSP_MN,CF1,CF2,CF3,FATALS,DRUNK_DR
12,121323,2,2,0,0,0,3,3,99,820,5,8,2012,1,5,11,1,11,1,I-95,,99998,26.42548056,-80.09024444,0,12,1,0,1,1,0,1,3,10,0,10,0,0000000,99,99,99,99,99,99,0,0,0,1,1
12,121324,2,2,0,2,2,3,3,11,663,5,8,2012,1,7,18,0,14,6,PALM AVE,SHERIDAN ST,99998,26.03008333,-80.2806,0,12,6,0,2,2,0,1,4,10,0,10,0,0000000,99,99,99,99,99,99,0,0,0,2,0
12,121325,1,1,0,0,0,1,1,19,0,9,8,2012,5,5,21,0,6,8,CR-209,,0,30.03714722,-81.73021111,0,42,0,0,1,1,0,4,6,10,0,10,0,0000000,99,99,99,99,99,99,0,0,0,1,0
12,121326,2,2,0,0,0,2,2,57,0,12,8,2012,1,14,7,0,13,2,US-41,,99998,27.68714444,-82.46998056,0,12,6,0,8,1,0,1,1,10,0,10,0,0000000,99,99,99,99,99,99,0,0,0,1,0
12,121327,1,1,0,1,1,2,2,73,2940,8,4,2012,1,1,17,0,16,6,OCALA RD,HERITAGE GROVE CIR,0,30.44543056,-84.31707778,0,8,0,0,1,1,0,1,3,1,0,1,0,0000000,99,99,99,99,88,88,0,0,0,1,0
12,121328,1,1,0,1,1,1,1,111,2601,26,5,2012,7,22,47,0,16,6,SW CHAPMAN AVE,,0,27.274825,-80.34873889,0,8,0,0,1,1,0,1,3,1,0,1,0,0000000,99,99,99,99,99,99,0,0,0,1,0
12,121329,1,1,0,0,0,1,1,103,2730,9,6,2012,7,13,40,0,16,6,30TH AV N,,0,27.79921667,-82.68328611,0,33,0,0,1,1,0,4,1,1,0,1,0,0000000,99,99,99,99,99,99,0,0,0,1,1
12,121330,1,1,0,0,0,1,1,57,2950,16,6,2012,7,3,7,0,16,6,ASHWORTH DR,LOCKWOOD RIDGE DR,0,28.12338333,-82.36155556,0,53,0,0,1,1,0,4,3,1,0,1,0,0000000,99,99,99,99,88,88,0,0,0,1,1
12,121331,2,2,0,0,0,3,3,57,2950,30,6,2012,7,20,5,0,13,3,SR-574,12TH ST N,99998,27.9815,-82.447075,0,12,6,0,2,2,0,1,1,1,0,1,0,0000000,99,99,99,99,99,99,0,0,0,1,1
12,121332,2,2,0,0,0,5,5,86,2010,1,7,2012,1,21,42,0,14,3,SR-972,25TH AVE,99998,25.75039722,-80.23619722,0,12,6,0,2,2,0,1,3,1,0,1,0,0000000,99,99,99,99,99,99,0,0,0,1,0
12,121333,2,2,0,0,0,2,2,31,1510,22,7,2012,1,0,13,0,14,3,SR-134,LAMBING RD,99998,30.24781111,-81.79614444,0,12,6,0,2,3,0,1,3,1,0,1,0,0000000,99,99,99,99,88,88,0,0,0,1,1
12,121334,1,1,0,1,1,1,1,1,1130,25,7,2012,4,21,12,0,13,2,US-441,,99998,29.68793889,-82.33905278,0,8,0,0,1,1,0,1,3,1,0,1,0,0000000,99,99,99,99,88,88,0,0,0,1,0
12,121335,1,1,0,0,0,1,1,57,2950,25,7,2012,4,12,13,1,13,2,US-92,,99998,27.995925,-82.48219444,0,5,0,0,1,1,0,1,1,10,0,10,0,0000000,99,99,99,99,99,99,0,0,0,1,0
12,121336,3,3,0,0,0,5,5,127,0,26,7,2012,5,22,15,1,11,1,I-95,,99998,29.23863611,-81.10969722,0,12,1,0,1,1,0,1,2,1,0,1,0,0000000,99,99,99,99,99,99,0,0,0,2,0
12,121338,2,2,0,0,0,6,6,5,2450,28,7,2012,7,8,19,1,13,2,US-98,FORTUNE AVE,99998,30.175325,-85.68794444,0,12,6,0,2,2,0,1,1,2,0,2,0,0000000,99,99,99,99,99,99,0,0,0,2,1
12,121339,2,2,0,0,0,4,4,101,0,5,8,2012,1,22,5,0,13,2,US-301,,99998,28.47449444,-82.19556389,0,12,2,0,1,1,0,1,2,1,0,1,0,0000000,99,99,99,99,88,88,0,0,0,3,0
12,121340,1,1,0,0,0,6,6,97,0,6,8,2012,2,9,29,1,2,3,SR-91,,99998,27.72497222,-80.91017222,0,1,0,0,1,1,0,3,1,1,0,1,0,0000000,99,99,99,99,99,99,0,0,0,1,0
12,121341,2,2,0,0,0,6,6,23,0,6,8,2012,2,5,0,0,3,3,SR-247,CALLAHAN RD,99998,30.14850278,-82.69750833,0,12,6,0,2,2,0,1,1,10,0,10,0,0000000,99,99,99,99,99,99,0,0,0,1,0
12,121342,1,1,0,0,0,1,1,83,0,9,8,2012,5,12,18,0,6,4,CR-467,,0,29.05516111,-82.08631944,0,43,0,0,1,1,0,4,1,1,0,1,0,0000000,99,99,99,99,88,88,0,0,0,1,0
12,121343,1,1,0,0,0,5,5,97,0,9,8,2012,5,14,45,1,2,3,SR-91,,99998,27.989175,-81.12714722,0,1,0,0,1,1,0,3,1,1,0,1,0,0000000,99,99,99,99,99,99,0,0,0,1,0
12,121344,1,1,0,1,1,2,2,29,720,9,8,2012,5,0,57,0,16,6,106TH ST,,0,29.63842222,-83.12847778,0,8,0,0,1,1,0,1,3,1,0,1,0,0000000,99,99,99,99,99,99,0,0,0,1,0
12,121345,1,1,0,0,0,1,1,73,0,10,8,2012,6,6,46,0,14,2,US-90,,99998,30.45655556,-84.37646944,0,30,0,0,1,1,0,4,4,10,0,10,0,0000000,99,99,99,99,88,88,0,0,0,1,0
12,121346,2,2,0,0,0,2,2,57,0,10,8,2012,6,17,46,0,13,3,SR-674,SUN CITY CENTER PLAZA,99998,27.71246944,-82.35528056,0,12,1,0,2,2,0,1,1,10,0,10,0,0000000,99,99,99,99,88,88,0,0,0,1,0
12,121347,2,2,0,0,0,2,2,9,0,10,8,2012,6,15,17,0,13,3,SR-A1A,JUPITER AVE,99998,28.26048056,-80.60509444,0,12,9,0,2,3,0,1,1,1,0,1,0,0000000,99,99,99,99,99,99,0,0,0,1,0
12,121348,1,1,0,1,1,1,1,95,0,12,8,2012,1,22,8,0,6,6,ECONLOCKHATCHEE TRAIL,,0,28.56720556,-81.25311389,0,8,0,0,1,1,0,1,2,1,0,1,0,0000000,21,9,22,15,99,99,0,0,0,1,0
12,121349,2,2,0,0,0,3,3,71,0,15,8,2012,4,16,33,0,13,3,SR-739,,99998,26.56121944,-81.85290556,0,12,6,0,8,1,0,1,1,10,0,10,0,0000000,99,99,99,99,99,99,0,0,0,1,0
12,121350,2,2,0,0,0,5,5,15,0,15,8,2012,4,17,22,1,13,2,US-17,,99998,26.96325278,-81.98055278,0,12,1,0,1,1,0,1,1,1,0,1,0,0000000,99,99,99,99,99,99,23,0,0,1,0
12,121351,1,1,0,1,1,1,1,69,0,15,8,2012,4,10,30,0,6,4,CR-44A,,0,28.87690556,-81.58796944,0,8,0,0,1,1,0,2,1,1,0,1,0,0000000,99,99,99,99,88,88,0,0,0,1,0
12,121352,1,1,0,1,1,1,1,11,1781,20,2,2012,2,20,21,0,13,2,US-441,44TH ST,99998,26.179675,-80.20355556,0,8,0,0,3,2,0,1,3,1,0,1,0,0000000,99,99,99,99,99,99,0,0,0,1,0
12,121353,3,3,0,0,0,9,9,99,2660,31,3,2012,7,17,0,0,16,6,MILITARY TRAIL,DYER RD,0,26.77800556,-80.1074,0,12,1,0,3,3,0,1,1,10,0,10,0,0000000,99,99,99,99,99,99,0,0,0,1,0
12,121354,1,1,0,0,0,3,3,95,2360,28,5,2012,2,3,5,1,13,3,SR-50,,99998,28.55323056,-81.32856389,0,30,0,0,1,1,0,4,3,1,0,1,0,0000000,99,99,99,99,99,99,0,0,0,2,1
12,121355,1,1,0,1,1,2,2,5,2450,8,6,2012,6,16,41,1,13,2,US-98,MOUND AVE,99998,30.18074722,-85.71507222,0,8,0,0,3,2,0,1,1,2,0,2,0,0000000,99,99,99,99,99,99,0,0,0,1,0
12,121356,2,2,0,0,0,3,3,105,1740,8,6,2012,6,8,49,1,13,3,SR-60,11TH ST,99998,27.893925,-81.56466944,0,12,6,0,2,2,0,1,1,10,0,10,0,0000000,99,99,99,99,99,99,0,0,0,1,0
12,121357,1,1,0,1,1,1,1,95,70,7,7,2012,7,13,13,0,13,3,SR-436,LAKE CORTEZ DR,99998,28.672975,-81.46144167,0,9,0,0,3,3,0,1,1,1,0,1,0,0000000,99,99,99,99,99,99,0,0,0,1,0
12,121358,1,1,0,0,0,1,1,21,0,13,7,2012,6,6,12,0,6,6,CAMP KEAIS RD,,0,26.34970833,-81.41672778,0,42,0,0,1,1,0,4,2,10,0,10,0,0000000,99,99,99,99,88,88,0,0,0,1,1
12,121359,1,1,0,0,0,1,1,81,0,31,7,2012,3,23,45,0,15,3,SR-70,,99998,27.447,-82.49768056,0,21,0,0,1,1,0,4,2,1,0,1,0,0000000,99,99,99,99,88,88,0,0,0,1,1
12,121360,1,1,0,0,0,2,2,11,1420,2,8,2012,5,1,50,0,14,3,SR-820,S 17TH AVE,99998,26.01066944,-80.14097222,0,33,0,0,3,3,0,4,3,1,0,1,0,0000000,99,99,99,99,99,99,0,0,0,1,0
12,121361,1,1,0,0,0,3,3,101,0,2,8,2012,5,21,50,1,1,1,I-75,,99998,28.23583333,-82.35538889,0,5,0,0,1,1,0,1,3,1,0,1,0,0000000,99,99,99,99,99,99,0,0,0,1,1
12,121362,2,2,0,0,0,3,3,101,0,5,8,2012,1,20,35,1,13,2,US-19,,99998,28.39114444,-82.66759167,0,12,1,0,1,1,0,1,5,1,0,1,0,0000000,20,38,20,43,99,99,0,0,0,2,1
12,121363,2,2,0,0,0,3,3,105,0,24,1,2012,3,5,55,0,3,3,SR-25,JACKSON ST,99998,27.83235278,-81.59021111,0,12,6,0,2,3,0,1,2,1,0,1,0,0000000,99,99,99,99,99,99,0,0,0,1,0
12,121364,1,1,0,0,0,1,1,57,0,5,8,2012,1,1,41,1,13,3,SR-60,,99998,27.93796944,-82.24818333,0,1,0,0,1,1,0,4,3,1,0,1,0,0000000,99,99,1,43,99,99,0,0,0,1,0
12,121365,1,1,0,0,0,2,2,57,0,5,8,2012,1,3,6,1,11,1,I-4,,99998,28.00668056,-82.29900556,0,1,0,1,18,1,0,3,3,1,0,1,0,0000000,99,99,99,99,99,99,0,0,0,1,1
12,121366,1,1,0,0,0,1,1,86,2230,8,8,2012,4,1,48,0,16,6,DIXIE HWY,,0,25.92964444,-80.15606389,0,38,0,0,1,1,0,4,3,1,0,1,0,0000000,99,99,99,99,88,88,0,0,0,1,0
12,121367,2,2,0,1,1,4,4,11,1280,11,8,2012,7,10,5,0,13,3,SR-A1A,COUNTY LINE RD,99998,25.97551944,-80.11958333,0,39,0,0,3,9,0,4,1,1,0,1,0,0000000,99,99,99,99,99,99,0,0,0,1,0
12,121368,2,2,0,0,0,4,4,103,0,13,8,2012,2,13,40,0,13,2,US-92,SAN FERNANDO DR,99998,27.87521944,-82.59751667,0,12,6,0,2,3,0,1,1,2,0,2,0,0000000,99,99,99,99,99,99,0,0,0,1,0
12,121369,2,2,0,0,0,3,3,127,2580,7,3,2012,4,20,15,0,13,3,SR-5,HERBERT ST,99998,29.14483333,-80.98824722,0,12,1,0,3,1,0,1,3,1,0,1,0,0000000,99,99,99,99,99,99,0,0,0,1,0
12,121370,1,1,0,1,1,1,1,95,0,14,8,2012,3,16,52,0,6,8,5836 YUCATAN DR,,0,28.54175833,-81.30459722,0,8,0,0,1,1,0,1,1,10,0,10,0,0000000,99,99,99,99,99,99,0,0,0,1,0
12,121371,2,1,1,1,1,1,1,91,0,14,8,2012,3,23,50,1,13,3,SR-85,,99998,30.43975556,-86.60004444,0,18,0,0,1,1,4,11,3,10,0,10,0,0000000,99,99,99,99,99,99,0,0,0,1,0
12,121372,1,1,0,0,0,2,2,113,0,14,8,2012,3,11,20,0,14,3,SR-281,,99998,30.56001389,-87.08721944,0,34,0,0,1,1,4,4,1,2,0,2,0,0000000,99,99,99,99,99,99,0,0,0,1,0
12,121373,1,1,0,0,0,1,1,103,2730,15,8,2012,4,21,10,1,11,1,I-75 RAMP,,99998,27.87795556,-82.66325556,0,39,0,1,5,1,0,4,3,1,0,1,0,0000000,99,99,99,99,99,99,0,0,0,1,0
12,121374,1,1,0,0,0,2,2,103,860,16,8,2012,5,9,9,0,14,3,SR-586,,99998,28.04876389,-82.76354722,0,38,0,0,1,1,0,4,1,1,0,1,0,0000000,99,99,99,99,99,99,0,0,0,1,0
12,121375,1,1,0,1,1,1,1,31,1510,16,8,2012,5,18,50,0,16,6,BLK MERRILL RD,SEARCHWOOD DR,0,30.35173333,-81.59446111,0,9,0,0,2,3,0,1,1,1,0,1,0,0000000,99,99,99,99,99,99,0,0,0,1,0
12,121376,1,1,0,0,0,2,2,127,0,17,8,2012,6,3,30,0,6,4,CR-201,WALTER BOARDMAN LN,0,29.40951944,-81.11781389,0,59,0,0,3,3,0,4,2,1,0,1,0,0000000,99,99,99,99,88,88,0,0,0,2,1
12,121377,2,2,0,0,0,3,3,83,0,17,8,2012,6,6,35,0,13,2,US-27,,99998,29.00221389,-82.00221944,0,12,1,0,1,1,0,1,1,10,0,10,0,0000000,99,99,99,99,99,99,0,0,0,1,0
12,121378,1,1,0,0,0,1,1,31,1510,17,8,2012,6,8,0,0,16,6,LAKESHORE BLV,,0,30.26901944,-81.72758333,0,53,0,0,1,1,0,4,1,1,0,1,0,0000000,99,99,99,99,99,99,0,0,0,1,0
12,121379,3,3,0,0,0,4,4,91,0,17,8,2012,6,15,40,0,3,3,SR-123,,99998,30.53009444,-86.54562222,0,12,6,0,1,1,0,1,1,10,0,10,0,0000000,99,99,99,99,99,99,14,0,0,1,1
12,121380,2,2,0,0,0,3,3,33,0,18,8,2012,7,1,10,1,2,2,US-90,NORTHMINSTER LANE,99998,30.53267778,-87.24145278,0,12,2,0,3,2,0,1,2,10,0,10,0,0000000,99,99,99,99,99,99,0,0,0,1,1
12,121381,2,2,0,0,0,2,2,127,2580,12,3,2012,2,20,28,0,13,3,SR-421,SWALLOWTAIL DR,99998,29.12347222,-81.01222778,0,1,0,0,2,2,0,1,3,1,0,1,0,0000000,99,99,99,99,99,99,0,0,0,1,0
12,121382,1,1,0,0,0,1,1,95,2360,5,4,2012,5,7,53,0,16,6,AIRPORT BLVD,,0,28.43127222,-81.30514444,0,30,0,0,1,1,0,4,1,2,0,2,0,0000000,99,99,99,99,88,88,0,0,0,1,0
12,121383,2,2,0,0,0,2,2,105,0,11,4,2012,4,13,30,0,3,3,SR-60,,99998,27.89436667,-81.91873611,0,12,6,0,1,1,0,1,1,1,0,1,0,0000000,99,99,99,99,99,99,0,0,0,1,0
12,121384,1,1,0,1,1,1,1,95,2360,23,4,2012,2,8,45,0,16,6,MILLS AVE,BRIERCLIFF DR,0,28.52767222,-81.36406944,0,8,0,0,3,3,0,1,1,1,0,1,0,0000000,99,99,99,99,99,99,0,0,0,1,0
12,121385,1,1,0,1,1,1,1,11,1050,29,4,2012,1,1,29,0,16,6,SEABREEZE BLVD,,0,26.121375,-80.10582778,0,8,0,0,1,1,0,1,3,10,0,10,0,0000000,99,99,99,99,99,99,0,0,0,1,0
12,121386,2,2,0,0,0,4,4,86,2010,1,5,2012,3,12,22,0,16,6,SW 27TH AVE,SW 6TH ST,0,25.76693333,-80.23897222,0,12,6,0,2,2,0,1,1,1,0,1,0,0000000,99,99,99,99,99,99,0,0,0,1,0
12,121388,2,2,0,1,1,2,2,103,2730,29,5,2012,3,10,6,0,13,2,US-19,13TH STREET,99998,27.78455833,-82.67948333,0,12,6,0,2,2,0,1,1,10,0,10,0,0000000,99,99,99,99,99,99,0,0,0,1,0
12,121389,1,1,0,0,0,1,1,55,130,3,6,2012,1,2,10,0,16,6,TULANE AVE,,0,27.61405278,-81.51448056,0,42,0,0,1,1,0,5,3,1,0,1,0,0000000,99,99,99,99,99,99,0,0,0,1,1
12,121390,1,1,0,0,0,1,1,105,0,6,6,2012,4,12,0,0,6,8,LAKE BUFFUM RD,,0,27.80748333,-81.63583333,0,1,0,0,1,1,0,5,1,10,0,10,0,0000000,99,99,99,99,99,99,0,0,0,1,0
12,121391,1,1,0,0,0,1,1,11,1782,9,6,2012,7,18,30,0,16,6,NW 5TH PL,NW 35TH TERR,0,26.12763056,-80.19565556,0,30,0,0,2,3,0,4,1,1,0,1,0,0000000,99,99,99,99,88,88,0,0,0,1,0
12,121392,2,2,0,0,0,2,2,103,2730,2,7,2012,2,12,41,0,14,3,SR-686,DR MARTIN LUTHER KING JR BLVD,99998,27.869925,-82.64688333,0,12,6,0,2,3,0,1,1,1,0,1,0,0000000,99,99,99,99,99,99,0,0,0,1,0
12,121393,2,2,0,0,0,3,3,111,1080,6,7,2012,6,13,47,0,13,3,SR-5,SR-A1A,99998,27.469975,-80.33369722,0,12,6,0,2,2,0,1,1,1,0,1,0,0000000,99,99,99,99,99,99,0,0,0,2,0
12,121394,3,3,0,0,0,3,3,101,0,20,7,2012,6,17,35,1,11,1,I-75,,99998,28.23179722,-82.35827778,0,12,6,0,1,1,4,1,1,1,0,1,0,0000000,99,99,99,99,99,99,0,0,0,1,0
12,121395,2,2,0,0,0,2,2,53,0,22,7,2012,1,13,5,0,6,8,POWELL RD,EMERSON RD,0,28.49814444,-82.37035278,0,12,2,0,2,3,0,1,1,1,0,1,0,0000000,99,99,99,99,99,99,0,0,0,1,0
12,121396,2,2,0,0,0,4,4,31,1510,4,8,2012,7,1,25,0,13,3,SR-A1A,,99998,30.38158611,-81.43843056,0,12,6,0,1,1,0,1,2,10,0,10,0,0000000,99,99,99,99,99,99,0,0,0,2,0
12,121397,3,1,2,0,0,1,1,17,0,5,8,2012,1,2,23,1,13,3,SR-44,,99998,28.87888611,-82.53893333,0,35,0,0,1,1,0,4,2,1,0,1,0,0000000,2,24,2,31,88,88,0,0,0,1,1
12,121398,1,1,0,1,1,1,1,86,2020,5,8,2012,1,20,58,0,16,6,WASHINGTON AVE,,0,25.78435278,-80.13201111,0,8,0,0,1,1,0,1,3,1,0,1,0,0000000,99,99,99,99,99,99,0,0,0,1,0
12,121399,1,1,0,0,0,1,1,17,0,9,8,2012,5,2,20,0,6,8,OLD FLORAL CITY RD,,0,28.81033889,-82.29588889,0,42,0,0,1,1,0,5,2,1,0,1,0,0000000,99,99,99,99,88,88,0,0,0,1,1
12,121400,1,1,0,0,0,5,5,69,1630,10,8,2012,6,0,27,0,16,6,DEL MAR DR,,0,28.935675,-81.9523,0,5,0,0,1,1,0,1,3,1,0,1,0,0000000,99,99,99,99,99,99,0,0,0,1,1
12,121401,1,1,0,0,0,1,1,101,0,10,8,2012,6,7,57,1,11,1,I-75,,99998,28.26866111,-82.32881944,0,42,0,0,1,1,0,5,1,1,0,1,0,0000000,7,58,8,8,88,88,0,0,0,1,0
12,121402,2,2,0,0,0,2,2,33,2490,23,8,2012,5,16,25,1,11,1,I-110,,99998,30.41581111,-87.2132,0,25,0,1,5,1,0,4,1,1,0,1,0,0000000,99,99,99,99,99,99,0,0,0,1,0
12,121403,2,2,0,0,0,3,3,5,0,12,8,2012,1,3,0,1,13,2,US-98,,99998,30.18968889,-85.78834722,0,12,1,0,1,1,0,1,2,1,0,1,0,0000000,99,99,99,99,99,99,0,0,0,1,1
12,121404,2,2,0,0,0,2,2,95,0,13,8,2012,2,2,30,0,13,3,SR-408,SR-551,99998,28.54003889,-81.28591111,0,59,0,0,3,1,0,3,3,1,0,1,0,0000000,99,99,99,99,99,99,0,0,0,1,1
12,121405,1,1,0,1,1,1,1,105,0,13,8,2012,2,5,27,0,13,3,SR-540,,99998,27.99748889,-81.69005278,0,8,0,0,1,1,0,1,2,1,0,1,0,0000000,99,99,99,99,99,99,0,0,0,1,0
12,121406,5,5,0,0,0,10,10,1,0,14,8,2012,3,17,8,1,13,3,SR-20,SE 43RD ST,99998,29.63563889,-82.27329167,0,12,1,0,3,1,0,1,1,1,0,1,0,0000000,99,99,99,99,99,99,0,0,0,2,0
12,121407,2,2,0,0,0,2,2,83,0,17,8,2012,6,20,51,0,6,8,CR-42,,0,28.97946389,-81.86982222,0,12,2,0,1,1,0,1,2,1,0,1,0,0000000,99,99,99,99,99,99,0,0,0,1,1
12,121408,2,2,0,0,0,3,3,95,0,17,8,2012,6,22,40,0,6,8,ALAFAYA TR,,0,28.544975,-81.203975,0,33,0,0,1,1,0,4,2,1,0,1,0,0000000,99,99,99,99,99,99,0,0,0,1,1
12,121409,1,1,0,1,1,1,1,95,0,17,8,2012,6,23,29,0,14,3,SR-424,,99998,28.60853056,-81.41325833,0,9,0,0,1,1,0,1,2,1,0,1,0,0000000,99,99,99,99,88,88,0,0,0,1,0
12,121410,1,1,0,1,1,4,4,95,0,18,8,2012,7,1,45,0,6,8,MCCULLOCH RD,,0,28.61183611,-81.19224167,0,8,0,0,1,1,0,1,2,1,0,1,0,0000000,99,99,99,99,99,99,0,0,0,1,0
12,121411,1,1,0,0,0,5,5,103,0,21,8,2012,3,14,51,0,6,4,CR-611,,0,28.1112,-82.69459722,0,1,0,0,1,1,0,1,1,10,0,10,0,0000000,99,99,99,99,99,99,0,0,0,1,0
12,121413,1,1,0,1,1,1,1,103,2730,16,6,2012,7,2,44,0,13,3,SR-694,,99998,27.85215833,-82.66465278,0,8,0,0,1,1,0,1,3,1,0,1,0,0000000,99,99,99,99,88,88,0,0,0,1,0
12,121414,4,4,0,0,0,8,8,31,1510,5,8,2012,1,9,48,0,16,6,CHAFFEE RD,,0,30.26151389,-81.84879444,0,12,2,0,1,1,0,1,1,2,0,2,0,0000000,99,99,99,99,99,99,0,0,0,1,0
12,121415,1,1,0,0,0,1,1,55,0,5,8,2012,1,23,5,0,6,8,ORANGE BLOSSOM BLVD,,0,27.38742778,-81.46847222,0,53,0,0,1,1,0,4,2,10,0,10,0,0000000,99,99,99,99,99,99,0,0,0,1,0
12,121416,1,1,0,0,0,1,1,115,0,8,8,2012,4,12,36,0,6,8,CONSTITUTION BLVD,,0,27.27281944,-82.51772778,0,33,0,0,1,1,0,4,1,1,0,1,0,0000000,99,99,99,99,99,99,0,0,0,1,1
12,121417,2,2,0,0,0,2,2,19,0,9,8,2012,5,23,18,0,14,3,SR-100,,99998,29.77767778,-82.01794167,0,12,2,0,1,1,0,1,2,1,0,1,0,0000000,99,99,99,99,99,99,0,0,0,1,1
12,121418,2,2,0,0,0,2,2,95,0,17,8,2012,6,3,9,1,11,1,I-4,,99998,28.60115556,-81.38649722,0,12,7,0,1,1,0,1,3,1,0,1,0,0000000,99,99,99,99,99,99,0,0,0,1,1
12,121419,1,1,0,1,1,1,1,105,1690,17,8,2012,6,22,35,0,13,3,SR-37,,99998,28.00468611,-81.95692222,0,8,0,0,1,1,0,1,3,1,0,1,0,0000000,99,99,99,99,99,99,0,0,0,1,1
12,121420,1,1,0,1,1,1,1,31,1510,25,8,2012,7,16,33,0,13,2,US-23,,99998,30.3443,-81.6699,0,9,0,0,1,1,0,1,1,1,0,1,0,0000000,99,99,99,99,99,99,0,0,0,1,0
12,121421,2,2,0,0,0,5,5,9,1990,26,8,2012,1,1,58,0,16,6,DAIRY RD,SNICOLE AVE,0,28.04247222,-80.63808056,0,12,6,0,2,2,0,1,3,1,0,1,0,0000000,99,99,99,99,99,99,0,0,0,1,1
12,121422,1,1,0,1,1,1,1,95,3310,26,8,2012,1,20,41,0,13,3,SR-426,,99998,28.59314722,-81.37792778,0,8,0,0,1,1,0,1,2,2,0,2,0,0000000,99,99,99,99,88,88,0,0,0,1,0
12,121423,1,1,0,1,1,1,1,31,1510,28,8,2012,3,2,40,0,16,6,BARNES RD,KENNERLY RD,0,30.28447778,-81.60925278,0,19,0,0,3,3,0,5,3,10,0,10,0,0000000,99,99,99,99,99,99,0,0,0,1,0
12,121424,2,2,0,0,0,2,2,11,2916,17,8,2012,6,3,1,0,16,6,N UNIVERSITY DR,,0,26.17728611,-80.25196111,0,12,2,0,1,1,0,1,6,1,0,1,0,0000000,99,99,99,99,99,99,0,0,0,1,2
12,121425,1,1,0,0,0,2,2,39,0,19,8,2012,1,3,30,0,6,4,CR-12,,0,30.65733611,-84.38075,0,34,0,0,1,1,0,4,2,10,0,10,0,0000000,99,99,99,99,99,99,0,0,0,1,1
12,121426,3,3,0,0,0,5,5,31,1510,20,8,2012,2,4,44,1,11,1,I-95,,99998,30.11818056,-81.51801944,0,12,7,0,1,1,0,1,2,1,0,1,0,0000000,99,99,99,99,99,99,0,0,0,1,0
12,121427,1,1,0,0,0,1,1,133,0,25,8,2012,7,1,55,1,2,3,SR-77,,99998,30.44698889,-85.68850278,0,30,0,0,1,1,0,4,2,1,0,1,0,0000000,99,99,99,99,88,88,0,0,0,1,1
12,121428,1,1,0,1,1,2,2,11,1420,25,8,2012,7,8,43,0,16,6,DAVIE RD,,0,26.04045278,-80.23463611,0,8,0,0,1,1,0,1,2,10,0,10,0,0000000,99,99,99,99,99,99,0,0,0,1,0
12,121429,1,1,0,0,0,2,2,83,2270,25,8,2012,7,3,42,0,16,6,NE 7TH ST,NE 41ST AVE,0,29.19371111,-82.07686944,0,5,0,0,2,3,0,1,3,1,0,1,0,0000000,99,99,99,99,99,99,0,0,0,1,0
12,121430,1,1,0,0,0,1,1,33,2490,25,8,2012,7,23,56,1,13,2,US-98,,99998,30.41806667,-87.19476111,0,31,0,0,1,1,0,4,3,1,0,1,0,0000000,99,99,99,99,88,88,0,0,0,1,1
12,121431,1,1,0,0,0,2,2,11,1927,13,3,2012,3,16,23,0,13,3,SR-7,,99998,26.24359444,-80.20137222,0,59,0,0,1,1,0,4,1,1,0,1,0,0000000,99,99,99,99,99,99,0,0,0,1,0
12,121432,3,3,0,0,0,5,5,86,0,19,5,2012,7,1,9,0,14,3,SR-944,NW 54TH ST,99998,25.82415833,-80.23262222,0,12,2,0,2,2,0,1,3,1,0,1,0,0000000,99,99,99,99,99,99,0,0,0,1,0
12,121433,1,1,0,0,0,1,1,95,0,20,8,2012,2,2,20,0,14,3,SR-536,,99998,28.35923056,-81.51921944,0,21,0,0,1,1,0,4,2,1,0,1,0,0000000,99,99,99,99,88,88,0,0,0,1,1
12,121434,1,1,0,0,0,1,1,99,3190,27,8,2012,2,0,45,1,11,1,I-95,,99998,26.65364167,-80.06916944,0,25,0,0,1,1,0,4,3,2,0,2,0,0000000,99,99,99,99,88,88,0,0,0,1,1
12,121435,2,2,0,0,0,7,7,99,2446,26,8,2012,1,21,29,0,16,6,10TH AVE N,,0,26.62884167,-80.09515,0,12,6,0,1,1,0,1,3,2,0,2,0,0000000,99,99,99,99,99,99,0,0,0,1,1
12,121436,2,2,0,0,0,3,3,127,0,27,8,2012,2,1,0,1,11,1,I-4,,99998,29.04132778,-81.20956111,0,12,1,0,1,1,0,1,3,2,0,2,0,0000000,99,99,99,99,99,99,0,0,0,1,0
12,121437,1,1,0,0,0,1,1,99,0,11,8,2012,7,19,34,1,13,3,SR-802,,99998,26.61681667,-80.06901944,0,30,0,0,1,1,0,4,1,2,0,2,0,0000000,99,99,99,99,99,99,0,0,0,1,1
12,121438,2,2,0,0,0,3,3,86,0,12,8,2012,1,5,0,0,13,2,US-41,,99998,25.76109444,-80.44671667,0,12,2,0,1,1,0,1,3,1,0,1,0,0000000,99,99,99,99,99,99,0,0,0,1,1