STATE,ST_CASE,VE_TOTAL,VE_FORMS,PVH_INVL,PEDS,PERNOTMVIT,PERMVIT,PERSONS,COUNTY,CITY,DAY,MONTH,YEAR,DAY_WEEK,HOUR,MINUTE,NHS,ROAD_FNC,ROUTE,TWAY_ID,TWAY_ID2,MILEPT,LATITUDE,LONGITUD,SP_JUR,HARM_EV,MAN_COLL,RELJCT1,RELJCT2,TYP_INT,WRK_ZONE,REL_ROAD,LGT_COND,WEATHER1,WEATHER2,WEATHER,SCH_BUS,RAIL,NOT_HOUR,NOT_MIN,ARR_HOUR,ARR_MIN,HOSP_HR,HOSP_MN,CF1,CF2,CF3,FATALS,DRUNK_DR
12,121439,1,1,0,0,0,1,1,86,2020,16,8,2012,5,16,52,0,13,3,SR-112,,99998,25.813625,-80.12654444,0,42,0,0,1,1,0,4,1,1,0,1,0,0000000,99,99,99,99,88,88,0,0,0,1,0
12,121440,1,1,0,0,0,2,2,127,2572,18,8,2012,7,2,1,0,6,8,4800 S ATLANTIC AVE,,0,29.08400278,-80.92588889,0,31,0,0,1,1,0,4,3,1,0,1,0,0000000,99,99,99,99,99,99,0,0,0,1,1
12,121441,1,1,0,1,1,1,1,101,0,21,8,2012,3,1,1,0,6,8,COUNTY LINE RD,,0,28.43378889,-82.53735833,0,8,0,0,1,1,0,1,2,10,0,10,0,0000000,99,99,99,99,99,99,0,0,0,1,1
12,121442,2,2,0,0,0,4,4,109,0,24,8,2012,6,21,6,0,14,3,SR-A1A,BUTLER PARK EAST RD,99998,29.78671667,-81.25948889,0,12,7,0,2,3,0,1,2,1,0,1,0,0000000,99,99,99,99,99,99,0,0,0,1,0
12,121443,1,1,0,0,0,1,1,99,820,26,8,2012,1,6,26,0,14,2,US-1,,99998,26.48793056,-80.06453333,0,42,0,0,1,1,0,3,3,2,0,2,0,0000000,99,99,99,99,88,88,0,0,0,1,0
12,121444,2,2,0,0,0,2,2,83,0,28,8,2012,3,10,24,1,13,3,SR-326,WEST ANTHONY RD,99998,29.25939722,-82.13302222,0,12,6,0,2,2,0,1,1,1,0,1,0,0000000,99,99,99,99,88,88,0,0,0,1,0
12,121445,1,1,0,1,1,1,1,86,0,29,8,2012,4,16,34,0,13,3,SR-823,,99998,25.92548889,-80.29315,0,8,0,0,1,1,0,1,1,1,0,1,0,0000000,99,99,99,99,99,99,0,0,0,1,0
12,121446,1,1,0,0,0,1,1,33,0,29,8,2012,4,23,0,0,13,3,SR-298,,99998,30.42375556,-87.34476111,0,1,0,0,1,1,0,4,3,10,0,10,0,0000000,99,99,99,99,88,88,0,0,0,1,0
12,121447,2,2,0,0,0,3,3,101,0,29,8,2012,4,20,49,0,6,4,CR-595,,0,28.196825,-82.72363611,0,12,2,0,1,1,0,1,2,10,0,10,0,0000000,20,49,20,54,99,99,0,0,0,1,1
12,121448,1,1,0,0,0,3,3,86,0,2,9,2012,1,13,59,1,2,3,SR-997,,99998,25.86826389,-80.4839,0,1,0,0,1,1,0,4,1,1,0,1,0,0000000,99,99,99,99,99,99,0,0,0,1,1
12,121449,1,1,0,0,0,1,1,33,0,3,9,2012,2,16,0,1,2,2,US-90,,99998,30.532025,-87.39570556,0,42,0,0,1,1,0,4,1,1,0,1,0,0000000,99,99,99,99,88,88,0,0,0,1,1
12,121450,1,1,0,0,0,1,1,86,2023,19,8,2012,1,16,35,0,12,3,SR-826,,99998,25.92665,-80.22853056,0,59,0,0,1,1,0,5,1,1,0,1,0,0000000,99,99,99,99,88,88,0,0,0,1,1
12,121451,2,2,0,0,0,2,2,103,2310,24,8,2012,6,18,50,0,13,3,SR-580,BURBANK RD,99998,28.03521111,-82.65278056,0,12,6,0,2,2,0,1,1,1,0,1,0,0000000,99,99,99,99,99,99,0,0,0,1,0
12,121452,2,2,0,0,0,3,3,75,0,28,8,2012,3,15,20,1,2,2,US-19,NW 160TH ST,99998,29.56164722,-82.90676111,0,12,6,1,2,2,0,1,1,1,0,1,0,0000000,99,99,99,99,99,99,0,0,0,1,0
12,121453,5,5,0,1,1,7,7,15,0,30,8,2012,5,4,32,1,11,1,I-75,,99998,26.97057222,-82.01946111,0,8,0,0,1,1,0,1,2,1,0,1,0,0000000,99,99,99,99,88,88,19,0,0,1,0
12,121454,2,2,0,0,0,2,2,109,0,31,8,2012,6,10,56,0,6,8,LEWIS POINT RD,US-1,0,29.85106111,-81.32513056,0,1,0,0,2,2,0,1,1,1,0,1,0,0000000,99,99,99,99,99,99,0,0,0,1,0
12,121455,2,2,0,0,0,3,3,57,0,6,9,2012,5,13,13,0,6,8,SYMMES RD,NORTH ST,0,27.83514444,-82.36923889,0,12,6,0,2,2,0,1,1,2,0,2,1,0000000,99,99,99,99,99,99,0,0,0,1,0
12,121456,1,1,0,1,1,1,1,86,1340,18,1,2012,4,23,15,0,16,6,122ND ST,,0,25.88452222,-80.32031111,0,8,0,0,1,1,0,1,3,10,0,10,0,0000000,99,99,99,99,99,99,0,0,0,1,0
12,121457,1,1,0,1,1,1,1,81,2440,19,2,2012,1,4,27,1,13,2,US-19,,99998,27.50533611,-82.56300278,0,9,0,0,1,1,0,1,3,10,0,10,0,0000000,99,99,99,99,88,88,0,0,0,1,0
12,121458,2,2,0,0,0,3,3,86,0,25,4,2012,4,9,19,0,6,8,56TH ST,29TH AVE,0,25.82565833,-80.24290556,0,12,6,0,2,2,0,1,1,1,0,1,0,0000000,99,99,99,99,99,99,0,0,0,1,0
12,121459,2,2,0,1,1,1,1,99,0,18,7,2012,4,0,12,0,6,6,JOG RD,,0,26.37360556,-80.14546667,0,8,0,0,1,1,0,1,2,10,0,10,0,0000000,99,99,99,99,99,99,23,0,0,1,0
12,121460,1,1,0,1,1,2,2,55,1730,2,8,2012,5,20,38,0,16,4,CR-621 E,,0,27.29916944,-81.35388056,0,8,0,0,1,1,0,1,5,10,0,10,0,0000000,99,99,99,99,99,99,19,0,0,1,0
12,121461,1,1,0,0,0,1,1,57,2950,6,8,2012,2,1,56,0,16,6,N NEBRASKA AVE,,0,27.97453611,-82.45115556,0,33,0,0,1,1,0,3,3,1,0,1,0,0000000,99,99,99,99,99,99,0,0,0,1,0
12,121462,2,2,0,0,0,2,2,86,2010,6,8,2012,2,22,33,0,16,6,NW 47TH AVE,NW 7TH ST,0,25.77870556,-80.27186944,0,12,6,0,2,2,0,1,3,1,0,1,0,0000000,99,99,99,99,99,99,0,0,0,1,0
12,121463,3,3,0,0,0,8,8,86,2010,19,8,2012,1,17,58,0,16,6,NW 37TH AVE,,0,25.78177778,-80.25571667,0,12,6,0,8,1,0,1,1,1,0,1,0,0000000,99,99,99,99,99,99,0,0,0,1,0
12,121464,2,2,0,0,0,3,3,105,0,22,8,2012,4,13,24,0,6,4,CR-540A,PIER PLACE,0,27.95301667,-81.93865,0,12,6,0,2,3,0,1,1,1,0,1,0,0000000,99,99,99,99,99,99,0,0,0,1,1
12,121465,1,1,0,1,1,2,2,86,0,28,8,2012,3,22,15,1,13,2,US-1,SW 264TH ST,99998,25.50080833,-80.44474167,0,8,0,0,3,1,0,1,3,1,0,1,0,0000000,99,99,99,99,88,88,0,0,0,1,0
12,121467,1,1,0,2,2,1,1,33,0,10,9,2012,2,4,10,0,13,2,US-90,,99998,30.42875,-87.27061111,0,8,0,0,1,1,0,1,2,1,0,1,0,0000000,99,99,99,99,99,99,0,0,0,1,0
12,121468,2,2,0,0,0,6,6,105,0,14,3,2012,4,17,6,1,1,1,I-4,,99998,28.21423056,-81.67269444,0,12,1,0,1,1,0,1,1,1,0,1,0,0000000,99,99,99,99,88,88,0,0,0,1,1
12,121470,1,1,0,0,0,1,1,99,1846,11,8,2012,7,17,34,0,16,6,FOLSOM RD,COMPTON RD,0,26.70869167,-80.24556389,0,3,0,0,3,3,0,4,1,10,0,10,0,0000000,99,99,99,99,99,99,0,0,0,1,1
12,121471,2,2,0,0,0,3,3,86,2020,11,6,2012,2,23,1,0,16,6,19TH ST,JAMES AVE,0,25.79503889,-80.13085278,0,18,0,0,2,3,0,1,3,1,0,1,0,0000000,99,99,99,99,99,99,0,0,0,1,0
12,121472,1,1,0,1,1,1,1,11,1781,12,6,2012,3,21,21,0,13,3,SR-7,,99998,26.15534722,-80.20283889,0,8,0,0,1,1,0,1,3,1,0,1,0,0000000,99,99,99,99,99,99,0,0,0,1,1
12,121473,2,2,0,0,0,2,2,63,1930,27,6,2012,4,23,1,0,16,6,PENN AVE,DISTRIBUTION DR,0,30.74951944,-85.28033333,0,12,6,0,2,3,0,1,3,1,0,1,0,0000000,99,99,99,99,99,99,0,0,0,1,0
12,121474,3,3,0,0,0,4,4,91,710,11,7,2012,4,13,19,0,13,3,SR-85,REDSTONE AVE,99998,30.737,-86.56511944,0,12,6,0,2,2,0,1,1,2,0,2,0,0000000,99,99,99,99,99,99,0,0,0,1,0
12,121475,1,1,0,1,1,1,1,23,1660,13,7,2012,6,21,21,1,13,2,US-41,ALAMO DR,99998,30.17984167,-82.63925278,0,15,0,0,2,3,0,1,3,1,0,1,0,0000000,99,99,99,99,88,88,0,0,0,1,0
12,121476,3,3,0,0,0,4,4,71,0,6,8,2012,2,16,42,0,3,3,SR-82,,99998,26.554875,-81.65191111,0,12,6,0,1,1,0,1,1,2,0,2,0,0000000,99,99,99,99,99,99,0,0,0,1,0
12,121477,1,1,0,0,0,1,1,83,0,14,8,2012,3,19,0,1,11,1,I-75,,99998,28.98191944,-82.13628333,0,30,0,0,1,1,0,3,1,1,0,1,0,0000000,99,99,99,99,88,88,0,0,0,1,0
12,121478,2,2,0,1,1,3,3,95,70,18,8,2012,7,20,59,0,16,6,CR-435,,0,28.69794167,-81.50922222,0,9,0,0,1,1,0,1,2,1,0,1,0,0000000,99,99,99,99,88,88,0,0,0,1,0
12,121479,1,1,0,1,1,1,1,9,620,22,8,2012,4,7,0,0,14,3,SR-524,,99998,28.39032778,-80.78025278,0,8,0,0,1,1,0,1,4,10,0,10,0,0000000,99,99,99,99,88,88,0,0,0,1,1
12,121480,2,2,0,0,0,5,5,95,0,25,8,2012,7,14,5,0,6,4,CR-435,,0,28.77732222,-81.52646389,0,12,1,0,1,1,0,1,1,2,0,2,0,0000000,99,99,99,99,99,99,0,0,0,1,0
12,121481,2,2,0,0,0,2,2,86,0,26,8,2012,1,6,40,1,12,3,SR-821,,99998,25.84498611,-80.38706111,0,12,2,0,1,1,0,1,4,2,0,2,0,0000000,99,99,99,99,88,88,0,0,0,2,1
12,121482,2,2,0,0,0,3,3,85,0,27,8,2012,2,15,34,0,6,8,NE DIXIE HWY,NE SHARP ST,0,27.23223889,-80.21897778,0,12,6,0,2,3,0,1,1,2,0,2,0,0000000,99,99,99,99,99,99,0,0,0,1,0
12,121483,2,1,1,1,2,1,2,31,1510,27,8,2012,2,23,20,1,11,1,I-295,,99998,30.16897222,-81.59876667,0,8,0,0,1,1,0,1,3,10,0,10,0,0000000,99,99,99,99,88,88,19,0,0,1,0
12,121484,2,2,0,0,0,2,2,99,1560,28,8,2012,3,17,15,0,14,3,SR-811,OLD DIXIE HWY,99998,26.95496111,-80.08500278,0,33,0,0,2,3,0,3,1,1,0,1,0,0000000,99,99,99,99,99,99,0,0,0,1,1
12,121485,1,1,0,1,1,1,1,99,2431,28,8,2012,3,23,6,0,13,3,SR-786,,99998,26.83895,-80.12459167,0,9,0,0,1,1,0,1,2,1,0,1,0,0000000,99,99,99,99,88,88,0,0,0,1,0
12,121486,2,2,0,0,0,2,2,86,2230,29,8,2012,4,15,51,0,13,2,US-1,163RD ST,99998,25.92676389,-80.15343056,0,12,1,0,3,2,0,1,1,1,0,1,0,0000000,99,99,99,99,99,99,0,0,0,1,0
12,121487,1,1,0,0,0,1,1,105,0,30,8,2012,5,3,35,0,6,8,SOUTH BLVD,,0,27.65719444,-81.39261944,0,1,0,0,1,1,0,4,3,1,0,1,0,0000000,99,99,99,99,88,88,0,0,0,1,1
12,121488,1,1,0,1,1,1,1,71,1070,2,9,2012,1,1,14,0,16,6,SHOEMAKER BLVD,MADISON AVE,0,26.65995556,-81.84056667,0,8,0,0,3,3,0,1,3,1,0,1,0,0000000,99,99,99,99,99,99,0,0,0,1,0
12,121489,1,1,0,0,0,1,1,133,0,3,9,2012,2,99,99,1,2,3,SR-20,,99998,30.44771389,-85.84216944,0,24,0,0,1,1,0,4,9,99,0,99,0,0000000,99,99,99,99,88,88,0,0,0,1,0
12,121491,1,1,0,1,1,1,1,11,771,3,9,2012,2,10,23,0,16,6,5241 SW 33RD ST,,0,26.08046667,-80.22011111,0,8,0,0,1,1,0,1,1,1,0,1,0,0000000,99,99,99,99,99,99,0,0,0,1,0
12,121492,1,1,0,0,0,1,1,115,0,3,9,2012,2,20,15,0,14,3,SR-776,,99998,27.02750278,-82.39768889,0,33,0,0,1,1,0,3,5,1,0,1,0,0000000,99,99,99,99,99,99,0,0,0,1,0
12,121493,1,1,0,0,0,1,1,95,0,4,9,2012,3,3,55,1,12,3,SR-91,,99998,28.43013889,-81.40475556,0,24,0,0,1,1,0,4,3,1,0,1,0,0000000,99,99,99,99,88,88,0,0,0,1,1
12,121494,2,2,0,0,0,3,3,121,0,5,9,2012,4,13,35,0,6,4,CR-49,216TH ST,0,30.05831389,-82.87845,0,12,6,0,2,2,0,1,1,1,0,1,0,0000000,99,99,99,99,99,99,0,0,0,1,0
12,121496,1,1,0,1,1,2,2,31,1510,6,9,2012,5,4,3,0,13,3,SR-21,YOUNGEMAN CIR,99998,30.19400833,-81.73927778,0,8,0,0,2,2,0,1,3,1,0,1,0,0000000,99,99,99,99,88,88,3,0,0,1,0
12,121497,1,1,0,0,0,3,3,63,0,6,9,2012,5,15,5,0,6,8,SANDRIDGE CHURCH RD,,0,30.73368889,-85.00081111,0,42,0,0,1,1,0,5,1,1,0,1,0,0000000,99,99,99,99,99,99,0,0,0,3,0
12,121498,1,1,0,1,1,2,2,115,0,6,9,2012,5,20,13,0,14,3,SR-758,STRATHMORE BLVD,99998,27.29875,-82.48410278,0,9,0,1,2,3,0,1,3,1,0,1,0,0000000,99,99,99,99,99,99,0,0,0,1,1
12,121499,1,1,0,1,1,1,1,95,0,7,9,2012,6,4,3,0,13,3,SR-50,,99998,28.55248056,-81.46780556,0,8,0,0,1,1,0,1,2,1,0,1,0,0000000,99,99,99,99,99,99,0,0,0,1,0
12,121500,2,2,0,0,0,2,2,71,0,7,9,2012,6,6,10,1,11,1,I-75,,99998,26.59800278,-81.79913056,0,12,7,0,1,1,0,1,4,1,0,1,0,0000000,99,99,99,99,99,99,0,0,0,1,0
12,121501,1,1,0,1,1,1,1,11,790,7,9,2012,6,21,6,0,13,3,SR-810,3RD AVE,99998,26.318375,-80.09866944,0,8,0,0,3,3,0,1,3,1,0,1,0,0000000,99,99,99,99,99,99,0,0,0,1,0
12,121502,1,1,0,0,0,1,1,109,0,8,9,2012,7,11,3,0,6,6,INTERNATIONAL GOLF PKWY,,0,29.98838611,-81.43492778,0,1,0,0,1,1,0,4,1,10,0,10,0,0000000,99,99,99,99,88,88,0,0,0,1,0
12,121503,2,2,0,0,0,2,2,99,3190,9,9,2012,1,16,44,1,11,1,I-95 RAMP,,99998,26.75598333,-80.09053333,0,12,1,1,17,1,0,1,1,1,0,1,0,0000000,99,99,99,99,99,99,0,0,0,1,0
12,121504,2,2,0,0,0,3,3,33,0,11,9,2012,3,15,32,0,13,2,US-90,WABASH AVE,99998,30.43799722,-87.27980556,0,1,0,0,2,3,0,1,1,1,0,1,0,0000000,99,99,99,99,99,99,0,0,0,1,0
12,121505,1,1,0,0,0,1,1,113,0,12,9,2012,4,13,16,1,13,2,US-98,CRESCENT WOOD RD,99998,30.40943611,-86.80779444,0,1,0,0,1,1,0,3,1,1,0,1,0,0000000,99,99,99,99,88,88,0,0,0,1,0
12,121506,1,1,0,1,1,2,2,33,0,13,9,2012,5,22,30,1,13,2,US-29,BARBER ST,99998,30.52455833,-87.27434167,0,8,0,0,3,2,0,1,2,1,0,1,0,0000000,99,99,99,99,99,99,0,0,0,1,0
12,121507,1,1,0,0,0,2,2,99,0,17,8,2012,6,12,45,0,6,8,91ST PL N,,0,26.81214167,-80.33235556,0,1,0,0,1,1,0,2,1,1,0,1,0,0000000,99,99,99,99,88,88,0,0,0,1,0
12,121508,1,1,0,0,0,1,1,9,0,21,7,2012,7,14,15,1,11,1,I-95 RAMP,,99998,28.29403889,-80.74484167,0,1,0,1,5,1,0,1,1,1,0,1,0,0000000,99,99,99,99,99,99,0,0,0,1,0
12,121509,1,1,0,0,0,3,3,17,0,31,7,2012,3,19,47,0,6,8,MICHIGAN BLVD,,0,28.81561389,-82.57495556,0,5,0,0,1,1,0,1,5,1,0,1,0,0000000,99,99,99,99,99,99,0,0,0,1,0
12,121510,1,1,0,0,0,1,1,99,290,2,8,2012,5,1,14,0,16,6,ST ANDREWS BLVD,,0,26.35881944,-80.13729722,0,30,0,0,1,1,0,4,3,1,0,1,0,0000000,99,99,99,99,88,88,0,0,0,1,1
12,121511,1,1,0,0,0,1,1,127,0,6,8,2012,2,4,30,0,6,4,CR-4137,,0,28.98611111,-80.94431389,0,42,0,0,1,1,0,5,2,1,0,1,0,0000000,99,99,99,99,88,88,0,0,0,1,1
12,121512,2,2,0,0,0,5,5,127,0,11,8,2012,7,22,33,0,13,2,US-1,SEVILLE ST,99998,29.26512778,-81.05197222,0,12,6,0,2,2,0,1,3,1,0,1,0,0000000,99,99,99,99,99,99,0,0,0,1,1
12,121513,1,1,0,1,1,1,1,57,0,21,8,2012,3,0,41,1,13,2,US-41,,99998,28.05949444,-82.46776667,0,15,0,0,1,1,0,1,2,10,0,10,0,0000000,99,99,99,99,99,99,0,0,0,1,0
12,121514,1,1,0,0,0,1,1,31,1510,23,8,2012,5,6,9,0,16,6,HUFFMAN BLVD,WALLE DR,0,30.29084444,-81.50490278,0,1,0,0,2,6,0,1,1,1,0,1,0,0000000,99,99,99,99,99,99,0,0,0,1,0
12,121515,2,2,0,0,0,3,3,31,1510,25,8,2012,7,1,20,0,14,3,SR-13,LORETTO RD,99998,30.16043611,-81.63275,0,12,6,0,8,1,0,1,3,1,0,1,0,0000000,99,99,99,99,99,99,0,0,0,1,2
12,121517,2,2,0,0,0,2,2,31,1510,28,8,2012,3,5,40,0,14,3,SR-105,2817 ZOO PKWY,99998,30.41709722,-81.59654444,0,12,6,0,8,1,0,1,4,10,0,10,0,0000000,99,99,99,99,88,88,0,0,0,1,0
12,121518,2,2,0,0,0,2,2,69,0,4,9,2012,3,14,56,0,3,3,SR-33,GROVELAND AIRPORT RD,99998,28.53623056,-81.85140556,0,12,2,0,2,3,0,1,1,1,0,1,0,0000000,99,99,99,99,99,99,0,0,0,1,1
12,121519,3,3,0,0,0,4,4,11,2260,6,9,2012,5,4,20,0,16,6,W COMMERCIAL BLVD,I-95,0,26.19369722,-80.26271389,0,12,6,0,2,3,0,1,1,2,0,2,0,0000000,99,99,99,99,99,99,0,0,0,1,0
12,121520,2,2,0,0,0,6,6,47,0,8,9,2012,7,19,5,1,11,1,I-75,,99998,30.59970556,-83.12482778,0,52,0,1,18,1,0,3,1,2,0,2,0,0000000,99,99,99,99,99,99,0,0,0,1,0
12,121521,1,1,0,1,1,1,1,117,1705,9,9,2012,1,21,10,1,11,1,I-4,,99998,28.76996944,-81.35852222,0,8,0,0,1,1,4,1,3,2,0,2,0,0000000,99,99,99,99,88,88,19,0,0,1,0
12,121522,2,2,0,0,0,2,2,1,10,9,9,2012,1,23,15,1,11,1,I-75,,99998,29.69765,-82.45471944,0,12,1,0,1,1,0,1,2,10,0,10,0,0000000,99,99,99,99,88,88,0,0,0,1,0
12,121523,2,2,0,0,0,3,3,129,0,11,9,2012,3,10,25,1,2,2,US-319,,99998,30.22466944,-84.36238611,0,12,6,0,8,1,0,1,1,1,0,1,0,0000000,99,99,99,99,99,99,0,0,0,2,0
12,121524,1,1,0,0,0,3,3,45,3210,14,9,2012,6,2,50,0,6,4,CR-22,,0,30.112775,-85.19080556,0,30,0,0,1,1,0,5,2,1,0,1,0,0000000,99,99,99,99,99,99,0,0,0,1,1
12,121527,1,1,0,2,2,1,1,86,2010,15,2,2012,4,5,45,0,16,6,RICKENBACKER CAUSEWAY,,0,25.74145,-80.17123333,0,9,0,0,1,1,0,4,4,1,0,1,0,0000000,99,99,99,99,99,99,0,0,0,1,0
12,121528,2,2,0,0,0,3,3,119,0,18,4,2012,4,14,11,0,6,8,MORSE BLVD,NAVARRO CT,0,28.93281111,-81.95911111,0,12,6,0,2,2,0,1,1,10,0,10,0,0000000,99,99,99,99,99,99,0,0,0,1,0
12,121529,2,2,0,0,0,3,3,71,457,1,8,2012,4,16,57,0,16,6,SW 13TH ST,CHIQUITA BLVD,0,26.62816389,-82.00711667,0,12,6,0,2,2,0,1,1,1,0,1,0,0000000,99,99,99,99,99,99,0,0,0,1,1
12,121530,1,1,0,0,0,1,1,86,0,1,8,2012,4,5,0,0,6,8,SW 100TH ST,,0,25.67686944,-80.34338333,0,38,0,0,1,1,0,4,2,1,0,1,0,0000000,99,99,99,99,88,88,0,0,0,1,0
12,121531,2,2,0,0,0,3,3,86,0,3,8,2012,6,10,45,0,6,8,SW 56TH ST,SW 117TH AVE,0,25.71492222,-80.38266389,0,12,6,0,2,2,0,1,1,1,0,1,0,0000000,99,99,99,99,99,99,0,0,0,1,0
12,121534,1,1,0,0,0,1,1,127,2340,10,8,2012,6,14,12,0,16,6,LEAVITT AVE,PINEAPPLE AVE,0,28.95416389,-81.2905,0,34,0,0,3,3,0,4,1,1,0,1,0,0000000,99,99,99,99,88,88,0,0,0,1,0
12,121535,1,1,0,0,0,2,2,73,0,12,8,2012,1,23,41,0,6,8,ELENA DR,,0,30.31468611,-84.27108889,0,42,0,0,1,1,0,5,3,1,0,1,0,0000000,99,99,99,99,88,88,0,0,0,1,1
12,121536,3,3,0,0,0,3,3,127,0,1,9,2012,7,14,55,0,3,3,SR-415,,99998,28.82327222,-81.182875,0,12,2,0,1,1,0,1,1,10,0,10,0,0000000,99,99,99,99,99,99,14,0,0,2,1
12,121537,1,1,0,0,0,1,1,73,0,16,4,2012,2,21,53,0,6,8,CAPITAL CIRCLE NW,,0,30.53058889,-84.36213611,0,42,0,0,1,1,0,4,2,1,0,1,0,0000000,99,99,99,99,99,99,0,0,0,1,0
12,121538,1,1,0,0,0,1,1,69,960,7,9,2012,6,1,15,0,14,3,SR-19,HERRICK AVE,99998,28.84465556,-81.68556111,0,24,0,0,2,3,0,3,3,10,0,10,0,0000000,99,99,99,99,88,88,0,0,0,1,1
12,121539,1,1,0,0,0,4,4,57,0,8,9,2012,7,21,33,0,13,3,SR-674,,99998,27.71244722,-82.384475,0,24,0,1,18,1,0,3,3,10,0,10,0,0000000,99,99,99,99,99,99,0,0,0,2,1
12,121540,1,1,0,1,1,1,1,101,0,8,9,2012,7,21,45,0,6,8,MILE STRETCH DR,DIXIE DR,0,28.18799167,-82.73050278,0,8,0,0,3,3,0,1,2,1,0,1,0,0000000,99,99,99,99,99,99,0,0,0,1,0
12,121541,1,1,0,0,0,1,1,95,0,9,9,2012,1,3,4,0,6,4,CR-530,,0,28.36380833,-81.309875,0,24,0,0,1,1,0,4,2,1,0,1,0,0000000,99,99,99,99,88,88,0,0,0,1,1
12,121542,1,1,0,0,0,1,1,131,0,9,9,2012,1,18,40,0,6,4,CR-3280,,0,30.42101111,-86.01657222,0,32,0,0,1,1,0,4,5,1,0,1,0,0000000,99,99,99,99,99,99,0,0,0,1,0
12,121543,2,2,0,0,0,2,2,73,0,10,9,2012,2,13,57,1,2,2,US-27,,99998,30.53346667,-84.362875,0,12,6,0,4,1,0,1,1,1,0,1,0,0000000,99,99,99,99,99,99,0,0,0,1,0
12,121544,2,2,0,0,0,2,2,31,1510,11,9,2012,3,6,15,1,11,1,I-10,,99998,30.289975,-81.96685278,0,12,1,0,1,1,0,1,2,10,0,10,0,0000000,99,99,99,99,88,88,0,0,0,1,0
12,121545,2,2,0,0,0,2,2,95,0,13,9,2012,5,6,5,0,6,8,PRINCIPAL ROW,,0,28.42616389,-81.40722222,0,12,6,0,8,1,0,1,2,1,0,1,0,0000000,99,99,99,99,88,88,0,0,0,1,1
12,121546,1,1,0,0,0,1,1,117,0,14,9,2012,6,7,55,0,13,3,SR-417,INTERNATIONAL PKWY,99998,28.79548056,-81.35023611,0,21,0,1,5,1,0,4,3,10,0,10,0,0000000,99,99,99,99,99,99,0,0,0,1,1
12,121548,1,1,0,0,0,1,1,65,0,16,9,2012,1,1,50,0,6,4,CR-146,,0,30.5708,-83.79666944,0,35,0,0,1,1,0,4,2,1,0,1,0,0000000,99,99,99,99,88,88,20,0,0,1,1
12,121549,3,3,0,0,0,5,5,95,0,16,9,2012,1,22,10,0,6,8,ORANGE AVE,FAIRWAY WOODS BLVD,0,28.38696944,-81.37519444,0,12,6,0,2,3,0,1,3,1,0,1,0,0000000,99,99,99,99,99,99,14,0,0,1,0
12,121550,1,1,0,0,0,1,1,99,2430,18,1,2012,4,13,59,0,16,6,SUMMIT DR,,0,26.48766667,-80.10299722,0,42,0,0,1,1,0,3,1,1,0,1,0,0000000,99,99,99,99,99,99,0,0,0,1,0
12,121551,1,1,0,1,1,1,1,11,2260,8,5,2012,3,6,46,0,16,6,NE 45TH ST,,0,26.18330556,-80.12685556,0,8,0,0,1,1,0,4,1,1,0,1,0,0000000,99,99,99,99,99,99,0,0,0,1,0
12,121552,2,2,0,0,0,3,3,115,2780,21,7,2012,7,2,22,1,13,2,US-41,WALDEMERE ST,99998,27.31915556,-82.529725,0,12,1,0,3,2,0,1,3,1,0,1,0,0000000,99,99,99,99,88,88,0,0,0,1,1
12,121553,2,2,0,0,0,4,4,105,0,31,8,2012,6,19,7,0,13,2,US-92,,99998,28.06773333,-81.75134722,0,12,2,0,1,1,0,1,1,1,0,1,0,0000000,99,99,99,99,99,99,0,0,0,1,1
12,121554,2,2,0,0,0,2,2,117,0,1,9,2012,7,2,45,0,6,8,SNOW HILL RD,SNOW QUEEN DR,0,28.65941667,-81.1137,0,12,6,0,2,3,0,1,2,1,0,1,0,0000000,99,99,99,99,99,99,0,0,0,1,0
12,121555,1,1,0,0,0,1,1,105,0,5,9,2012,4,13,56,0,13,2,US-92,,99998,28.06088889,-81.80218333,0,38,0,0,1,1,0,5,1,1,0,1,0,0000000,99,99,99,99,99,99,0,0,0,1,0
12,121556,1,1,0,1,1,1,1,117,0,6,9,2012,5,20,40,0,6,8,RED BUG LAKE RD,WILLOW RUN LN,0,28.64752778,-81.27339167,0,8,0,0,2,3,0,1,2,1,0,1,0,0000000,99,99,99,99,99,99,0,0,0,1,0
12,121557,2,2,0,0,0,2,2,73,2940,8,9,2012,7,14,0,1,11,1,I-10,,99998,30.47812778,-84.35006944,0,12,6,0,1,1,0,1,1,2,0,2,0,0000000,99,99,99,99,88,88,0,0,0,1,0
12,121558,1,1,0,0,0,7,7,105,0,8,9,2012,7,12,10,1,1,1,I-4,,99998,28.21815556,-81.66921389,0,1,0,0,1,1,0,3,1,1,0,1,0,0000000,99,99,99,99,99,99,0,0,0,1,0
12,121559,2,2,0,0,0,3,3,101,0,9,9,2012,1,8,35,1,13,3,SR-54,CR-1 LITTLE RD,99998,28.20591944,-82.66623611,0,12,6,0,2,2,0,1,1,2,0,2,0,0000000,99,99,99,99,99,99,0,0,0,1,0
12,121560,2,2,0,0,0,3,3,9,0,17,9,2012,2,11,37,0,6,8,S TROPICAL TRL,,0,28.22083056,-80.64505,0,12,2,0,1,1,0,1,1,1,0,1,0,0000000,99,99,99,99,99,99,0,0,0,1,0