STATE,ST_CASE,VE_TOTAL,VE_FORMS,PVH_INVL,PEDS,PERNOTMVIT,PERMVIT,PERSONS,COUNTY,CITY,DAY,MONTH,YEAR,DAY_WEEK,HOUR,MINUTE,NHS,ROAD_FNC,ROUTE,TWAY_ID,TWAY_ID2,MILEPT,LATITUDE,LONGITUD,SP_JUR,HARM_EV,MAN_COLL,RELJCT1,RELJCT2,TYP_INT,WRK_ZONE,REL_ROAD,LGT_COND,WEATHER1,WEATHER2,WEATHER,SCH_BUS,RAIL,NOT_HOUR,NOT_MIN,ARR_HOUR,ARR_MIN,HOSP_HR,HOSP_MN,CF1,CF2,CF3,FATALS,DRUNK_DR
12,121561,1,1,0,1,1,1,1,29,0,19,9,2012,4,21,41,0,3,3,SR-349,,99998,29.69819167,-82.98436667,0,8,0,0,1,1,0,1,2,1,0,1,0,0000000,99,99,99,99,99,99,0,0,0,1,0
12,121562,1,1,0,0,0,1,1,71,0,11,1,2012,4,17,35,0,6,8,BRENTWOOD CT,,0,26.47866944,-81.82054722,0,19,0,0,1,1,0,5,2,1,0,1,0,0000000,99,99,99,99,99,99,0,0,0,1,0
12,121563,1,1,0,1,1,3,3,86,2010,4,8,2012,7,3,59,1,13,2,US-41,,99998,25.76541667,-80.22241111,0,8,0,0,1,1,0,1,3,1,0,1,0,0000000,99,99,99,99,99,99,0,0,0,1,1
12,121564,1,1,0,1,1,1,1,86,2010,29,8,2012,4,6,44,1,13,3,SR-934,,99998,25.8476,-80.19123889,0,15,0,0,1,1,0,1,4,10,0,10,0,0000000,99,99,99,99,88,88,0,0,0,1,0
12,121565,2,2,0,0,0,2,2,9,2670,31,8,2012,6,1,39,0,16,6,MURRELL RD,,0,28.30258889,-80.72205,0,12,1,0,1,1,0,1,3,1,0,1,0,0000000,99,99,99,99,99,99,0,0,0,1,0
12,121566,2,2,0,0,0,2,2,115,0,7,9,2012,6,8,27,0,14,3,SR-72,CR-773,99998,27.26925278,-82.49761944,0,12,6,0,2,2,0,1,1,1,0,1,0,0000000,99,99,99,99,99,99,0,0,0,1,0
12,121567,2,2,0,0,0,5,5,57,0,8,9,2012,7,1,39,1,11,1,I-4,,99998,28.02739167,-82.19720833,0,12,1,0,1,1,0,1,3,1,0,1,0,0000000,99,99,99,99,99,99,0,0,0,1,2
12,121568,1,1,0,1,1,1,1,57,2950,10,9,2012,2,12,28,0,16,6,BRUCE B DOWNS BLVD,,0,28.11830556,-82.37774444,0,8,0,0,1,1,4,1,1,1,0,1,0,0000000,99,99,99,99,99,99,0,0,0,1,0
12,121569,2,2,0,0,0,3,3,86,0,12,9,2012,4,23,35,1,13,2,US-41,SW 94TH AVE,99998,25.76180833,-80.34826667,0,12,6,0,2,2,0,1,3,10,0,10,0,0000000,99,99,99,99,99,99,0,0,0,1,1
12,121570,2,2,0,0,0,2,2,9,1990,12,9,2012,4,9,28,0,16,6,FEE AVE,PEACHTREE ST,0,28.08216111,-80.62243611,0,12,6,0,2,2,0,1,1,2,0,2,0,0000000,99,99,99,99,99,99,0,0,0,1,0
12,121571,4,2,2,5,5,5,5,99,330,14,9,2012,6,10,15,1,11,1,I-95,,99998,26.51678333,-80.07229722,0,14,0,0,1,1,0,3,1,1,0,1,0,0000000,99,99,99,99,99,99,14,23,0,3,0
12,121573,1,1,0,0,0,1,1,111,0,15,9,2012,7,0,2,0,6,8,BUCHANAN DR,,0,27.37235278,-80.31662222,0,53,0,0,1,1,0,4,2,10,0,10,0,0000000,99,99,99,99,99,99,0,0,0,1,1
12,121574,1,1,0,0,0,1,1,95,0,15,9,2012,7,2,50,0,6,8,TOWN CENTER BLVD,,0,28.36379444,-81.42555278,0,33,0,0,1,1,0,4,6,1,0,1,0,0000000,99,99,99,99,88,88,0,0,0,1,1
12,121575,2,1,1,1,2,1,2,73,2940,17,9,2012,2,5,10,1,11,1,I-10,,99998,30.49893611,-84.21465833,0,14,0,0,1,1,0,4,2,1,0,1,0,0000000,99,99,99,99,99,99,0,0,0,1,1
12,121576,1,1,0,0,0,1,1,91,0,20,9,2012,5,23,15,0,3,3,SR-123,,99998,30.52125,-86.54851667,0,32,0,0,1,1,0,4,2,1,0,1,0,0000000,99,99,99,99,88,88,0,0,0,1,0
12,121577,1,1,0,1,1,1,1,31,1510,20,9,2012,5,20,55,0,16,6,CHAFFEE RD,,0,30.27896667,-81.84864167,0,9,0,0,1,1,0,1,2,10,0,10,0,0000000,99,99,99,99,88,88,0,0,0,1,0
12,121578,1,1,0,1,1,1,1,5,2450,22,9,2012,7,6,0,0,13,2,US-98,MARTIN LUTHER KING JR BLVD,99998,30.17506667,-85.65010278,0,8,0,0,3,2,0,1,3,1,0,1,0,0000000,99,99,99,99,99,99,0,0,0,1,0
12,121579,1,1,0,0,0,1,1,86,844,20,3,2012,3,23,59,0,16,6,NW 33RD ST,,0,25.80484444,-80.34233056,0,30,0,0,1,1,0,4,3,1,0,1,0,0000000,99,99,99,99,88,88,0,0,0,1,0
12,121581,1,1,0,1,1,1,1,86,0,25,3,2012,1,21,0,0,6,8,SW 192ND ST,,0,25.58788056,-80.50687222,0,9,0,0,1,1,0,1,2,1,0,1,0,0000000,99,99,99,99,88,88,0,0,0,1,0
12,121582,1,1,0,1,1,1,1,86,0,31,3,2012,7,6,52,0,6,8,SW 137TH AVE,,0,25.595075,-80.41308056,0,9,0,0,1,1,0,1,4,1,0,1,0,0000000,99,99,99,99,99,99,0,0,0,1,0
12,121583,1,1,0,0,0,2,2,73,0,3,4,2012,3,21,45,0,6,8,SPRINGHILL RD,,0,30.37975278,-84.34878889,0,38,0,0,1,1,0,5,2,2,0,2,0,0000000,99,99,99,99,99,99,0,0,0,1,0
12,121584,1,1,0,1,1,1,1,86,0,8,5,2012,3,9,25,1,2,2,US-1,MARLIN RD,99998,25.58897778,-80.359575,0,9,0,0,2,2,0,1,1,1,0,1,0,0000000,99,99,99,99,99,99,0,0,0,1,0
12,121585,2,2,0,0,0,3,3,99,1560,12,5,2012,7,0,30,0,13,3,SR-706,INDIANTOWN RD,99998,26.93457222,-80.13418889,0,12,6,0,2,2,0,1,3,1,0,1,0,0000000,99,99,99,99,99,99,20,0,0,1,0
12,121586,1,1,0,1,1,1,1,86,0,13,5,2012,1,22,32,0,14,3,SR-990,99TH CT,99998,25.66541111,-80.35687222,0,8,0,0,3,4,0,4,2,1,0,1,0,0000000,99,99,99,99,88,88,0,0,0,1,0
12,121587,2,2,0,0,0,2,2,86,0,13,6,2012,4,5,47,0,6,8,186TH ST,,0,25.94228333,-80.30594167,0,12,1,0,1,1,0,1,3,1,0,1,0,0000000,99,99,99,99,88,88,0,0,0,1,1
12,121588,3,3,0,0,0,4,4,57,2950,9,6,2012,7,15,13,1,11,1,I-4 RAMP,COLUMBUS DR,99998,27.96580556,-82.40541389,0,12,6,1,2,2,0,1,1,1,0,1,0,0000000,99,99,99,99,88,88,0,0,0,1,0
12,121589,1,1,0,0,0,1,1,57,2950,21,6,2012,5,5,53,0,16,6,SLIGH AVE,,0,28.01068056,-82.46410833,0,33,0,0,1,1,0,4,3,1,0,1,0,0000000,99,99,99,99,88,88,0,0,0,1,0
12,121590,2,2,0,0,0,6,6,11,1781,21,6,2012,5,15,4,0,13,3,SR-816,36TH TERR,99998,26.16520278,-80.19821389,0,12,6,0,2,2,0,1,1,1,0,1,0,0000000,99,99,99,99,99,99,0,0,0,1,0
12,121592,1,1,0,0,0,3,3,99,0,27,8,2012,2,4,30,0,13,3,SR-806,LAKES OF DELRAY,99998,26.45441944,-80.138575,0,20,0,0,2,2,0,3,3,10,0,10,0,0000000,99,99,99,99,99,99,0,0,0,2,1
12,121593,2,2,0,0,0,2,2,99,290,31,8,2012,6,17,12,0,16,6,CONGRESS AVE,,0,26.394825,-80.10223889,0,12,1,0,1,1,0,1,1,1,0,1,0,0000000,99,99,99,99,99,99,0,0,0,1,0
12,121594,1,1,0,0,0,1,1,35,0,3,9,2012,2,17,11,1,2,2,US-1,,99998,29.408425,-81.19927778,0,1,0,0,1,1,0,4,1,1,0,1,0,0000000,17,11,17,18,88,88,0,0,0,1,1
12,121595,2,2,0,1,1,4,4,31,1510,3,9,2012,2,5,38,1,11,1,I-95,,99998,30.44333333,-81.64027778,0,8,0,0,1,1,0,1,3,1,0,1,0,0000000,99,99,99,99,88,88,0,0,0,1,0
12,121596,1,1,0,1,1,1,1,101,0,3,9,2012,2,21,10,0,6,8,WIRE RD,,0,28.27233333,-82.17981111,0,8,0,0,1,1,0,1,2,1,0,1,0,0000000,99,99,99,99,99,99,0,0,0,1,0
12,121597,2,2,0,0,0,3,3,99,0,4,9,2012,3,7,32,0,6,8,MILITARY TRL,,0,26.64201389,-80.11261944,0,12,2,0,1,1,0,1,1,1,0,1,0,0000000,99,99,99,99,99,99,0,0,0,1,0
12,121599,1,1,0,0,0,1,1,17,0,9,9,2012,1,5,43,0,6,8,GREAT OAKS DR,,0,28.74632778,-82.29581667,0,42,0,0,1,1,0,4,2,2,0,2,0,0000000,99,99,99,99,88,88,0,0,0,1,1
12,121600,1,1,0,1,1,2,2,31,1510,10,9,2012,2,20,20,1,13,3,SR-A1A,BUCCANEER TRAIL,99998,30.34691667,-81.41344444,0,8,0,0,2,2,0,1,3,1,0,1,0,0000000,99,99,99,99,88,88,0,0,0,1,1
12,121601,1,1,0,0,0,1,1,99,0,12,9,2012,4,2,56,1,13,3,SR-91,,99998,26.78868056,-80.13201111,0,1,0,1,5,1,0,4,3,1,0,1,0,0000000,99,99,99,99,88,88,0,0,0,1,0
12,121602,3,3,0,0,0,4,4,95,0,12,9,2012,4,7,5,0,6,3,SR-15,WELLER BLV,0,28.38355556,-81.24450556,0,12,6,0,2,3,0,1,1,10,0,10,1,0000000,99,99,99,99,88,88,0,0,0,1,0
12,121603,2,2,0,0,0,3,3,111,2601,14,9,2012,6,21,33,0,16,6,SAINT LUCIE WEST BLVD,CALIFORNIA BLVD,0,27.31230833,-80.4,0,12,2,0,2,2,0,1,3,1,0,1,0,0000000,99,99,99,99,99,99,0,0,0,1,0
12,121604,1,1,0,0,0,3,3,81,0,16,9,2012,1,11,30,1,11,1,I-75,,99998,27.60311389,-82.50142222,0,1,0,0,1,1,0,1,1,10,0,10,0,0000000,99,99,99,99,99,99,0,0,0,1,0
12,121605,2,2,0,0,0,2,2,53,0,18,9,2012,3,4,25,1,2,2,US-19,HEXAM RD,99998,28.58525,-82.55466389,0,12,6,0,3,2,0,1,1,2,0,2,0,0000000,99,99,99,99,99,99,0,0,0,1,0
12,121606,1,1,0,0,0,1,1,115,0,19,9,2012,4,17,55,1,11,1,I-75,,99998,27.03483056,-82.05810278,0,42,0,0,1,1,0,4,1,1,0,1,0,0000000,99,99,99,99,88,88,0,0,0,1,0
12,121607,1,1,0,1,1,1,1,5,0,21,9,2012,6,3,25,0,14,3,SR-30,,99998,30.18038889,-85.79280278,0,9,0,0,1,1,0,1,3,5,0,5,0,0000000,99,99,99,99,99,99,0,0,0,1,0
12,121608,2,2,0,0,0,3,3,97,0,21,9,2012,6,8,15,1,2,3,SR-91,,99998,27.67883056,-80.89011944,0,12,1,0,1,1,0,1,1,10,0,10,0,0000000,99,99,99,99,99,99,0,0,0,2,0
12,121609,2,2,0,0,0,4,4,21,0,22,9,2012,7,21,30,1,2,3,SR-29,,99998,26.17397778,-81.34551389,0,12,2,0,1,1,0,1,2,10,0,10,0,0000000,99,99,99,99,99,99,0,0,0,1,1
12,121610,2,2,0,0,0,2,2,103,0,23,9,2012,1,2,29,0,6,4,CR-752,CR-501,0,28.06735,-82.74739444,0,12,6,0,2,2,0,1,3,10,0,10,0,0000000,99,99,99,99,99,99,0,0,0,1,1
12,121611,3,3,0,0,0,4,4,91,0,23,9,2012,1,17,45,1,13,2,US-98,SANTA ROSA BLVD,99998,30.39793333,-86.59787222,0,12,6,0,2,2,0,1,1,1,0,1,0,0000000,99,99,99,99,99,99,0,0,0,1,0
12,121612,1,1,0,1,1,1,1,99,0,24,9,2012,2,9,58,1,13,3,SR-80,CUSTARD APPLE BLVD,99998,26.70636944,-80.66798889,0,8,0,0,2,3,0,1,1,10,0,10,0,0000000,99,99,99,99,88,88,0,0,0,1,0
12,121613,2,2,0,0,0,3,3,113,0,24,9,2012,2,20,30,0,3,3,SR-4,GORDON LAND RD,99998,30.89948611,-87.00543611,0,12,6,0,2,2,0,1,3,1,0,1,0,0000000,99,99,99,99,99,99,0,0,0,1,1
12,121614,2,2,0,0,0,2,2,11,2570,26,9,2012,4,14,22,0,16,6,MCNAB RD,ANDREWS AVE,0,26.21083056,-80.14142222,0,12,2,0,2,2,0,1,1,10,0,10,0,0000000,99,99,99,99,99,99,0,0,0,1,0
12,121615,2,2,0,0,0,2,2,9,1990,27,9,2012,5,12,5,0,16,6,HIBISCUS BLVD,GLENDON DR,0,28.08520833,-80.62603333,0,12,6,0,2,3,0,1,1,1,0,1,0,0000000,99,99,99,99,99,99,0,0,0,1,0
12,121616,2,2,0,0,0,3,3,99,2234,4,1,2012,4,15,3,1,13,2,US-1,ANCHORAGE DR,99998,26.82123056,-80.05925278,0,12,2,0,2,2,0,1,1,1,0,1,0,0000000,99,99,99,99,99,99,0,0,0,1,0
12,121617,1,1,0,0,0,1,1,99,2234,22,1,2012,1,1,34,0,16,6,SHORE CT,,0,26.80756944,-80.05363889,0,42,0,0,1,1,0,5,3,1,0,1,0,0000000,99,99,99,99,88,88,0,0,0,1,1
12,121618,2,2,0,0,0,4,4,86,1340,8,4,2012,1,1,30,0,13,3,SR-823,29TH ST,99998,25.84801389,-80.29016111,0,12,6,0,2,2,0,1,3,1,0,1,0,0000000,99,99,99,99,99,99,0,0,0,1,1
12,121619,2,2,0,0,0,5,5,86,0,17,6,2012,1,10,32,0,6,8,SW 72ND AVE,SR-878,0,25.69559722,-80.30928889,0,12,6,0,2,2,0,1,1,1,0,1,0,0000000,99,99,99,99,99,99,0,0,0,1,0
12,121622,2,2,0,0,0,3,3,127,0,4,9,2012,3,12,49,1,13,2,US-17,,99998,29.07946944,-81.31561389,0,12,6,0,1,1,0,1,1,1,0,1,0,0000000,99,99,99,99,99,99,0,0,0,1,1
12,121623,1,1,0,0,0,1,1,107,0,9,9,2012,1,0,20,0,6,8,DENVER RD,CARRIER RD,0,29.41523056,-81.52943056,0,42,0,0,2,3,0,5,2,10,0,10,0,0000000,99,99,99,99,88,88,0,0,0,1,1
12,121624,2,2,0,0,0,3,3,105,0,14,9,2012,6,14,11,1,2,2,US-27,,99998,27.95756667,-81.62225,0,12,1,0,1,1,0,1,1,2,0,2,0,0000000,99,99,99,99,99,99,5,0,0,1,0
12,121625,2,2,0,0,0,8,8,123,0,16,9,2012,1,21,20,0,6,8,JOHNSON STRIPLING RD,MORGAN WHIDDON RD,0,30.13930556,-83.57081389,0,12,6,0,2,3,0,1,2,10,0,10,0,0000000,99,99,99,99,99,99,0,0,0,1,1
12,121626,1,1,0,0,0,1,1,115,2235,17,9,2012,2,18,24,0,16,6,PANACEA BLVD,,0,27.07941944,-82.11747778,0,33,0,0,1,1,0,4,1,10,0,10,0,0000000,99,99,99,99,88,88,0,0,0,1,1
12,121627,1,1,0,0,0,1,1,41,0,18,9,2012,3,10,20,0,3,2,US-129,,99998,29.67306111,-82.85508611,0,42,0,0,1,1,0,5,1,2,0,2,0,0000000,99,99,99,99,88,88,0,0,0,1,0
12,121628,1,1,0,0,0,1,1,21,0,20,9,2012,5,8,55,0,3,3,SR-82,,99998,26.51061389,-81.53315556,0,1,0,0,1,1,0,4,1,1,0,1,0,0000000,99,99,99,99,88,88,0,0,0,1,0
12,121629,1,1,0,0,0,1,1,95,0,20,9,2012,5,0,25,0,6,8,CR-439,SR-482,0,28.45908333,-81.47486667,0,33,0,0,3,2,0,3,3,1,0,1,0,0000000,99,99,99,99,99,99,0,0,0,1,0
12,121630,4,4,0,0,0,4,4,63,0,26,9,2012,4,18,45,0,3,3,SR-73,LANCER RD,99998,30.811675,-85.30013056,0,12,1,0,3,3,0,1,2,1,0,1,0,0000000,99,99,99,99,99,99,0,0,0,1,0
12,121632,1,1,0,0,0,2,2,85,2900,11,6,2012,2,2,36,0,16,6,SE PALM BEACH RD,,0,27.18217778,-80.23655556,0,59,0,0,1,1,0,4,3,1,0,1,0,0000000,99,99,99,99,99,99,0,0,0,1,1
12,121633,1,1,0,1,1,2,2,115,2780,15,8,2012,4,20,39,0,13,2,US-41,18TH ST,99998,27.35315,-82.5305,0,8,0,0,3,1,0,1,3,1,0,1,0,0000000,99,99,99,99,88,88,0,0,0,1,0
12,121634,2,2,0,0,0,3,3,31,1510,7,9,2012,6,16,5,1,13,2,US-90,,99998,30.31400278,-81.57024722,0,12,1,0,1,1,0,1,1,1,0,1,0,0000000,99,99,99,99,99,99,0,0,0,1,0
12,121635,4,3,1,0,0,3,3,111,0,19,9,2012,4,15,10,0,13,3,SR-713,,99998,27.45376944,-80.39903889,0,12,6,0,1,1,4,1,1,1,0,1,0,0000000,99,99,99,99,88,88,0,0,0,1,0
12,121636,2,1,1,0,0,1,1,127,0,19,9,2012,4,15,40,0,6,8,S ADELLE AVE,,0,29.00453056,-81.31111111,0,14,0,0,1,1,0,4,1,10,0,10,0,0000000,99,99,99,99,88,88,0,0,0,1,0
12,121637,1,1,0,1,1,1,1,83,0,22,9,2012,7,0,51,0,2,3,SR-25,,99998,29.34603889,-82.15490833,0,8,0,0,1,1,0,1,2,1,0,1,0,0000000,99,99,99,99,88,88,0,0,0,1,0
12,121638,3,3,0,0,0,6,6,69,0,22,9,2012,7,11,35,0,3,3,SR-44,,99998,28.86821111,-81.49998889,0,12,1,0,1,1,0,1,1,1,0,1,0,0000000,99,99,99,99,99,99,0,0,0,1,0
12,121639,1,1,0,0,0,2,2,103,0,23,9,2012,1,0,40,1,11,1,I-275,,99998,27.80023611,-82.662625,0,1,0,0,1,1,0,3,3,10,0,10,0,0000000,99,99,99,99,99,99,0,0,0,2,0
12,121640,1,1,0,0,0,2,2,11,1420,26,9,2012,4,4,30,0,16,6,MAYO ST,S 57TH AVE,0,25.99743889,-80.20121389,0,42,0,0,3,1,0,4,1,10,0,10,0,0000000,99,99,99,99,99,99,0,0,0,1,0
12,121641,1,1,0,0,0,1,1,115,2235,28,9,2012,6,2,40,1,11,1,I-75,,99998,27.09980556,-82.27307222,0,24,0,0,1,1,0,4,2,1,0,1,0,0000000,99,99,99,99,88,88,0,0,0,1,1
12,121642,1,1,0,0,0,2,2,99,290,28,9,2012,6,3,40,1,11,1,I-75,,99998,26.36793056,-80.11831389,0,30,0,1,5,1,0,4,3,10,0,10,0,0000000,99,99,99,99,99,99,0,0,0,1,1
12,121643,3,3,0,0,0,3,3,101,0,29,9,2012,7,21,13,0,13,2,US-41,BELL LAKE RD,99998,28.21871944,-82.45822778,0,12,1,0,3,3,0,1,3,1,0,1,0,0000000,99,99,99,99,99,99,0,0,0,1,0
12,121644,1,1,0,0,0,2,2,91,0,1,10,2012,2,17,32,0,3,3,SR-189,,99998,30.80363889,-86.68005,0,32,0,0,1,1,0,4,1,10,0,10,0,0000000,99,99,99,99,99,99,0,0,0,1,0
12,121645,1,1,0,0,0,1,1,11,2083,3,9,2012,2,2,30,0,13,3,SR-823,,99998,25.98818611,-80.30844167,0,30,0,0,1,1,0,4,3,1,0,1,0,0000000,99,99,99,99,99,99,0,0,0,1,0
12,121646,1,1,0,0,0,1,1,73,0,22,9,2012,7,4,30,0,6,4,CR-1451,,0,30.49873611,-84.08438611,0,34,0,0,1,1,0,5,2,1,0,1,0,0000000,99,99,99,99,88,88,0,0,0,1,1
12,121647,1,1,0,0,0,2,2,11,2541,23,9,2012,1,16,40,0,3,3,SR-91,,99998,26.12491667,-80.21773611,0,24,0,0,1,1,0,5,1,10,0,10,0,0000000,99,99,99,99,99,99,0,0,0,1,0
12,121648,1,1,0,0,0,1,1,11,2541,24,9,2012,2,21,33,0,16,6,14TH ST,,0,26.10474444,-80.23074444,0,3,0,0,1,1,0,4,3,1,0,1,0,0000000,99,99,99,99,99,99,0,0,0,1,0
12,121649,3,3,0,0,0,9,9,95,0,25,9,2012,3,18,4,0,6,8,JONES AVE,,0,28.73060278,-81.64345,0,12,2,0,1,1,0,1,1,1,0,1,0,0000000,99,99,99,99,99,99,0,0,0,1,0
12,121650,1,1,0,1,1,1,1,11,1420,27,9,2012,5,20,35,0,13,2,US-441,POLK ST,99998,26.01199444,-80.20770556,0,8,0,0,2,3,0,1,2,1,0,1,0,0000000,99,99,99,99,99,99,0,0,0,1,0
12,121651,2,2,0,0,0,2,2,101,3330,28,9,2012,6,7,47,0,13,2,US-301,PRETTY POND RD,99998,28.26612222,-82.18811389,0,12,6,0,2,3,0,1,1,5,0,5,0,0000000,7,48,7,56,88,88,0,0,0,1,0
12,121652,1,1,0,0,0,1,1,127,0,2,10,2012,3,6,41,1,1,1,I-95,,99998,29.37672222,-81.14321389,0,24,0,0,1,1,0,3,1,1,0,1,0,0000000,99,99,99,99,99,99,0,0,0,1,0
12,121653,1,1,0,1,1,1,1,99,290,3,10,2012,4,22,30,1,11,1,I-95,,99998,26.39828056,-80.09061944,0,8,0,0,1,1,0,1,3,1,0,1,0,0000000,99,99,99,99,88,88,0,0,0,1,0
12,121654,1,1,0,1,1,1,1,33,0,2,10,2012,3,18,50,0,13,3,SR-295,JACKSON ST,99998,30.41772778,-87.27578889,0,8,0,0,2,2,0,1,2,1,0,1,0,0000000,99,99,99,99,88,88,0,0,0,1,0
12,121655,1,1,0,1,1,1,1,101,0,22,9,2012,7,22,47,0,13,3,SR-35,,99998,28.31451111,-82.15389167,0,9,0,0,1,1,0,1,2,1,0,1,0,0000000,99,99,99,99,88,88,0,0,0,1,0
12,121656,2,2,0,0,0,2,2,129,0,26,9,2012,4,16,51,0,6,9,CR-61,CAJER POSEY RD,0,30.1893,-84.34158611,0,12,2,0,2,2,0,1,1,1,0,1,0,0000000,99,99,99,99,99,99,0,0,0,1,0
12,121657,4,4,0,0,0,7,7,35,2439,28,9,2012,6,21,4,0,16,6,BELLE TERRE PKWY,,0,29.52018056,-81.22515833,0,12,1,0,1,1,0,1,2,1,0,1,0,0000000,99,99,99,99,99,99,0,0,0,1,1
12,121658,2,2,0,0,0,2,2,57,0,29,9,2012,7,13,58,1,13,3,SR-59,,99998,28.14171667,-82.49868056,0,12,2,0,1,1,0,1,1,10,0,10,0,0000000,99,99,99,99,99,99,0,0,0,1,0
12,121659,2,2,0,0,0,2,2,57,2950,26,7,2012,5,14,28,1,13,2,US-41,HANNA AVE,99998,28.00333333,-82.45129444,0,12,2,0,2,2,0,1,1,1,0,1,0,0000000,99,99,99,99,99,99,0,0,0,1,0
12,121660,1,1,0,1,1,1,1,115,0,6,8,2012,2,9,30,0,6,8,MAUNA LOA BLVD,,0,27.29731389,-82.44032778,0,8,0,0,1,1,0,3,1,1,0,1,0,0000000,99,99,99,99,99,99,0,0,0,1,0
12,121661,1,1,0,1,1,1,1,81,0,23,8,2012,5,3,5,1,11,1,I-75,,99998,27.39978611,-82.45216389,0,8,0,0,1,1,0,2,2,10,0,10,0,0000000,99,99,99,99,88,88,23,0,0,1,0
12,121662,2,2,0,1,1,3,3,113,0,7,9,2012,6,20,10,0,6,8,FARM LIFE RD,,0,30.60320556,-86.92999722,0,8,0,0,1,1,0,1,2,1,0,1,0,0000000,99,99,99,99,88,88,0,0,0,1,0
12,121663,2,1,1,0,0,1,1,95,0,7,9,2012,6,11,39,0,6,8,5100 FIGWOOD LANE,,0,28.57516111,-81.45168056,0,14,0,0,1,1,0,7,1,1,0,1,0,0000000,99,99,99,99,88,88,0,0,0,1,0
12,121664,1,1,0,1,1,1,1,123,0,11,9,2012,3,7,0,0,13,2,US-27,HENRY GIBSON RD,99998,30.08883056,-83.53271944,0,8,0,0,2,3,0,1,2,10,0,10,0,0000000,99,99,99,99,99,99,0,0,0,1,0
12,121665,2,2,0,0,0,4,4,109,0,14,9,2012,6,16,0,0,6,8,RACE TRACK RD,4100 RACE TRACK RD,0,30.10570556,-81.54832778,0,12,6,0,2,3,0,1,1,1,0,1,0,0000000,99,99,99,99,99,99,0,0,0,1,0
12,121666,3,3,0,0,0,6,6,105,0,17,9,2012,2,16,41,1,2,2,US-17,CR-640,99998,27.84279167,-81.57250556,0,12,6,0,2,2,0,1,1,10,0,10,0,0000000,99,99,99,99,99,99,0,0,0,2,0
12,121667,3,3,0,0,0,4,4,86,1030,20,9,2012,5,2,27,0,16,6,1ST AVE,,0,25.46207222,-80.47526667,0,12,2,0,1,1,0,1,3,1,0,1,0,0000000,99,99,99,99,99,99,0,0,0,1,0
12,121668,1,1,0,1,1,1,1,95,0,22,9,2012,7,8,13,1,13,2,US-441,,99998,28.71359444,-81.58563611,0,9,0,0,1,1,0,2,1,1,0,1,0,0000000,99,99,99,99,88,88,0,0,0,1,0
12,121669,1,1,0,0,0,1,1,57,0,22,9,2012,7,12,26,1,11,1,I-75,,99998,28.158725,-82.39356944,0,42,0,0,1,1,0,5,1,10,0,10,0,0000000,99,99,99,99,88,88,0,0,0,1,0
12,121670,1,1,0,0,0,1,1,35,410,23,9,2012,1,1,14,1,2,2,US-1,,99998,29.49116111,-81.26530833,0,1,0,0,1,1,0,4,2,10,0,10,0,0000000,99,99,99,99,88,88,0,0,0,1,1
12,121671,2,2,0,0,0,2,2,57,0,25,9,2012,3,22,13,0,6,4,CR-587,CASEY RD,0,28.04724444,-82.51723056,0,12,1,0,2,3,0,1,3,1,0,1,0,0000000,99,99,99,99,99,99,0,0,0,1,0
12,121672,1,1,0,1,1,1,1,121,0,27,9,2012,5,21,35,0,6,8,198TH ST,,0,30.07651111,-82.81975,0,8,0,0,1,1,0,1,2,1,0,1,0,0000000,99,99,99,99,88,88,23,0,0,1,0
12,121673,1,1,0,1,1,1,1,21,0,29,9,2012,7,11,26,0,6,8,ESTEY AVE,,0,26.142,-81.77556667,0,9,0,0,1,1,0,1,1,1,0,1,0,0000000,99,99,99,99,88,88,0,0,0,1,0
12,121674,1,1,0,1,1,1,1,95,0,30,9,2012,1,0,45,0,6,8,HIAWASSEE RD,,0,28.58590833,-81.47608056,0,8,0,0,1,1,0,1,3,1,0,1,0,0000000,99,99,99,99,88,88,0,0,0,1,0
12,121675,4,4,0,0,0,6,6,83,0,1,10,2012,2,11,50,1,2,3,SR-40,,99998,29.21265556,-81.956775,0,12,7,0,1,1,0,1,1,10,0,10,0,0000000,99,99,99,99,99,99,0,0,0,1,0
12,121676,1,1,0,0,0,1,1,83,0,2,10,2012,3,18,43,0,6,4,CR-42,,0,28.98566667,-81.73621944,0,30,0,0,1,1,0,4,5,10,0,10,0,0000000,99,99,99,99,99,99,0,0,0,1,0
12,121677,2,2,0,0,0,3,3,29,0,2,10,2012,3,16,56,0,3,3,SR-349,,99998,29.65141111,-82.98396667,0,12,1,0,1,1,0,1,1,10,0,10,0,0000000,99,99,99,99,99,99,0,0,0,1,1
12,121678,2,2,0,0,0,2,2,95,0,5,10,2012,6,17,50,0,3,3,SR-417,,99998,28.37327778,-81.40663333,0,30,0,1,5,1,0,8,1,2,0,2,0,0000000,99,99,99,99,99,99,0,0,0,1,0
12,121679,1,1,0,0,0,2,2,33,0,7,10,2012,1,1,30,0,14,3,SR-173,,99998,30.36403889,-87.36010833,0,42,0,0,1,1,0,5,2,10,0,10,0,0000000,99,99,99,99,99,99,0,0,0,2,1
12,121680,1,1,0,0,0,1,1,123,0,8,10,2012,2,12,10,1,2,2,US-98,,99998,30.10280278,-83.70046944,0,1,0,0,1,1,0,4,1,10,0,10,0,0000000,99,99,99,99,99,99,0,0,0,1,0