STATE,ST_CASE,VE_TOTAL,VE_FORMS,PVH_INVL,PEDS,PERNOTMVIT,PERMVIT,PERSONS,COUNTY,CITY,DAY,MONTH,YEAR,DAY_WEEK,HOUR,MINUTE,NHS,ROAD_FNC,ROUTE,TWAY_ID,TWAY_ID2,MILEPT,LATITUDE,LONGITUD,SP_JUR,HARM_EV,MAN_COLL,RELJCT1,RELJCT2,TYP_INT,WRK_ZONE,REL_ROAD,LGT_COND,WEATHER1,WEATHER2,WEATHER,SCH_BUS,RAIL,NOT_HOUR,NOT_MIN,ARR_HOUR,ARR_MIN,HOSP_HR,HOSP_MN,CF1,CF2,CF3,FATALS,DRUNK_DR
12,121681,2,2,0,0,0,3,3,57,2950,26,9,2012,4,20,46,1,13,3,SR-580,HESPERIDES ST N,99998,27.996075,-82.51948611,0,12,6,0,2,2,0,1,2,1,0,1,0,0000000,99,99,99,99,99,99,0,0,0,1,0
12,121682,3,3,0,0,0,9,9,101,0,22,7,2012,1,17,40,0,3,2,US-41,,99998,28.35655556,-82.50396667,0,12,6,0,1,1,0,1,1,2,0,2,0,0000000,99,99,99,99,99,99,0,0,0,4,0
12,121683,1,1,0,0,0,1,1,85,0,19,8,2012,1,17,20,1,11,1,I-95,,99998,27.1453,-80.37575,0,1,0,0,1,1,0,4,1,1,0,1,0,0000000,99,99,99,99,88,88,0,0,0,1,1
12,121684,2,2,0,0,0,3,3,11,1420,12,9,2012,4,23,59,1,13,2,US-441,,99998,26.00928333,-80.20758056,0,12,6,0,8,1,0,1,2,1,0,1,0,0000000,99,99,99,99,99,99,0,0,0,1,0
12,121685,1,1,0,0,0,1,1,115,0,27,9,2012,5,20,26,0,6,8,PALMER BLVD,,0,27.31908611,-82.40528889,0,53,0,0,1,1,0,4,2,1,0,1,0,0000000,99,99,99,99,88,88,0,0,0,1,1
12,121686,1,1,0,0,0,1,1,95,2360,1,10,2012,2,18,57,0,16,6,E SOUTH ST,,0,28.53849167,-81.36821944,0,59,0,0,1,1,0,4,5,1,0,1,0,0000000,99,99,99,99,99,99,0,0,0,1,0
12,121687,3,3,0,0,0,6,6,27,0,4,10,2012,5,16,33,1,13,2,US-17,SW WISTERIA ST,99998,27.19497778,-81.86614722,0,12,1,0,3,3,0,1,1,10,0,10,0,0000000,99,99,99,99,99,99,0,0,0,2,0
12,121688,2,2,0,0,0,2,2,103,0,6,10,2012,7,3,3,1,13,3,SR-55,REPUBLIC DR,99998,28.02766667,-82.73824167,0,12,6,0,3,2,0,1,2,10,0,10,0,0000000,99,99,99,99,99,99,0,0,0,1,2
12,121689,2,2,0,0,0,2,2,33,0,10,10,2012,4,7,41,1,2,2,US-29,,99998,30.96392778,-87.27184444,0,12,1,0,1,1,0,1,1,1,0,1,1,0000000,99,99,99,99,99,99,0,0,0,1,0
12,121690,2,2,0,0,0,2,2,127,920,17,7,2012,3,13,2,0,13,3,SR-5,WEST MARION AVE,99998,28.97760278,-80.89905833,0,12,6,0,2,2,0,1,1,1,0,1,0,0000000,99,99,99,99,99,99,0,0,0,1,1
12,121691,1,1,0,0,0,1,1,57,2950,20,7,2012,6,23,28,0,14,3,SR-616,GRADY AVE,99998,27.96668333,-82.509875,0,33,0,0,2,3,0,4,3,1,0,1,0,0000000,99,99,99,99,99,99,0,0,0,1,1
12,121692,1,1,0,1,1,1,1,101,2180,28,7,2012,7,22,52,1,13,2,US-19,LIMIT DR,99998,28.26587222,-82.72751389,0,8,0,0,3,3,0,1,3,1,0,1,0,0000000,99,99,99,99,99,99,0,0,0,1,0
12,121693,2,2,0,0,0,5,5,86,0,15,8,2012,4,19,37,0,6,8,NW 31ST AVE,NW 52ND ST,0,25.82187222,-80.24679167,0,12,6,0,2,2,0,1,1,98,0,98,0,0000000,99,99,99,99,99,99,0,0,0,2,0
12,121694,2,2,0,0,0,3,3,11,1050,16,8,2012,5,10,11,1,13,2,US-1,NE 14TH CT,99998,26.14541944,-80.12006111,0,12,6,0,2,3,0,1,1,10,0,10,0,0000000,99,99,99,99,99,99,0,0,0,1,0
12,121695,2,2,0,0,0,2,2,71,457,17,8,2012,6,9,22,0,16,4,CR-765,TROPICANA PKWY,0,26.66706944,-82.039975,0,12,6,0,2,2,0,1,1,1,0,1,0,0000000,99,99,99,99,99,99,0,0,0,1,0
12,121696,1,1,0,0,0,1,1,86,0,17,8,2012,6,19,26,0,6,8,N MIAMI AVE,,0,25.9097,-80.20052222,0,24,0,0,1,1,0,4,5,10,0,10,0,0000000,99,99,99,99,99,99,0,0,0,1,0
12,121697,2,2,0,0,0,3,3,101,0,23,8,2012,5,19,14,1,13,2,US-301,US-98,99998,28.32405833,-82.18757222,0,12,6,1,3,4,0,1,1,1,0,1,0,0000000,99,99,99,99,99,99,0,0,0,1,0
12,121698,1,1,0,0,0,1,1,86,844,27,8,2012,2,1,34,0,16,6,87TH AVE,,0,25.79423056,-80.33686111,0,42,0,0,1,1,0,3,3,2,0,2,0,0000000,99,99,99,99,99,99,0,0,0,1,1
12,121699,1,1,0,0,0,1,1,35,0,14,9,2012,6,0,25,1,2,2,US-1,,99998,29.44788056,-81.24203056,0,1,0,0,1,1,0,3,2,10,0,10,0,0000000,0,29,0,38,99,99,0,0,0,1,1
12,121700,2,2,0,0,0,4,4,105,0,22,9,2012,7,20,14,0,6,8,KATHLEEN RD,SLEEPY HILL RD,0,28.09143889,-81.99644444,0,12,2,0,2,2,0,1,3,1,0,1,0,0000000,99,99,99,99,99,99,0,0,0,1,0
12,121701,2,2,0,0,0,2,2,11,1420,28,9,2012,6,17,42,1,11,1,I-95,,0,26.00625278,-80.16655833,0,12,1,1,17,1,0,1,1,1,0,1,0,0000000,99,99,99,99,99,99,0,0,0,1,1
12,121702,1,1,0,0,0,1,1,17,0,28,9,2012,6,22,46,0,6,4,CR-491,,0,28.72396111,-82.45158056,0,32,0,0,1,1,0,4,2,1,0,1,0,0000000,99,99,99,99,88,88,0,0,0,1,0
12,121703,1,1,0,1,1,1,1,57,0,1,10,2012,2,2,25,1,13,3,SR-60,,99998,27.93763889,-82.12108056,0,8,0,0,1,1,0,1,2,10,0,10,0,0000000,99,99,99,99,99,99,0,0,0,1,0
12,121704,1,1,0,1,1,1,1,81,0,1,10,2012,2,23,4,1,13,2,US-301,36TH AVE,99998,27.52168889,-82.52829444,0,8,0,0,3,2,0,1,2,2,0,2,0,0000000,99,99,99,99,99,99,0,0,0,1,0
12,121705,2,1,1,2,2,1,1,109,0,1,10,2012,2,2,8,0,6,8,HYDRANGEA ST,,0,29.8517,-81.27940278,0,43,0,0,1,1,0,5,2,1,0,1,0,0000000,99,99,99,99,99,99,0,0,0,1,1
12,121706,2,2,0,0,0,3,3,7,0,3,10,2012,4,0,57,1,2,2,US-301,48TH AVE,99998,29.92049722,-82.12835556,0,12,9,0,3,2,0,1,2,10,0,10,0,0000000,99,99,99,99,99,99,0,0,0,1,0
12,121707,1,1,0,0,0,1,1,31,1510,4,10,2012,5,14,30,1,11,1,I-295,,99998,30.388175,-81.55848333,0,30,0,0,1,1,0,4,1,10,0,10,0,0000000,99,99,99,99,99,99,0,0,0,1,0
12,121708,2,2,0,0,0,5,5,81,0,7,10,2012,1,2,38,1,13,2,US-301,US-301,99998,27.47531111,-82.5466,0,12,2,0,2,2,0,1,3,1,0,1,0,0000000,99,99,99,99,99,99,0,0,0,1,0
12,121709,2,2,0,0,0,3,3,86,0,10,10,2012,4,12,45,1,13,2,US-41,SW 79TH AVE,99998,25.762175,-80.32435,0,12,6,0,2,3,0,1,1,1,0,1,0,0000000,99,99,99,99,99,99,0,0,0,1,0
12,121710,2,2,0,0,0,2,2,57,0,10,10,2012,4,11,40,1,11,1,I-4 RAMP,I-75,99998,28.00348333,-82.323025,0,12,7,1,5,1,0,1,1,10,0,10,0,0000000,99,99,99,99,88,88,0,0,0,1,0
12,121711,2,2,0,0,0,2,2,1,0,11,10,2012,5,9,28,0,6,6,SW 75TH ST,SW 36TH AVE,0,29.62115556,-82.422525,0,12,6,0,2,2,0,1,1,1,0,1,0,0000000,99,99,99,99,99,99,0,0,0,1,0
12,121712,1,1,0,1,1,1,1,29,0,11,10,2012,5,14,13,1,2,2,US-19,,99998,29.66939722,-83.22414444,0,8,0,0,1,1,0,4,1,1,0,1,0,0000000,99,99,99,99,99,99,0,0,0,1,0
12,121713,2,2,0,0,0,11,11,3,1860,12,10,2012,6,2,23,1,11,1,I-10,,99998,30.25863889,-82.12184444,0,12,2,0,1,1,0,1,2,1,0,1,0,0000000,99,99,99,99,99,99,0,0,0,2,1
12,121714,2,2,0,0,0,2,2,31,1510,12,10,2012,6,4,52,0,14,3,SR-152,I-95,99998,30.22053889,-81.57023889,0,12,6,1,2,2,0,1,3,1,0,1,0,0000000,99,99,99,99,99,99,0,0,0,1,0
12,121715,1,1,0,1,1,1,1,127,2580,13,10,2012,7,2,28,1,11,1,I-95,,99998,29.11451111,-81.03551111,0,8,0,0,1,1,0,1,2,1,0,1,0,0000000,99,99,99,99,88,88,23,0,0,1,0
12,121716,1,1,0,2,2,1,1,86,2010,30,7,2012,2,22,11,0,16,6,NW 12TH AVE,,0,25.83422222,-80.21667222,0,11,0,0,1,1,0,1,3,1,0,1,0,0000000,99,99,99,99,99,99,0,0,0,1,0
12,121717,1,1,0,1,1,1,1,97,1590,1,8,2012,4,11,25,0,13,3,SR-600,SR-441,99998,28.30453333,-81.40368611,0,9,0,0,2,2,0,1,1,1,0,1,0,0000000,99,99,99,99,99,99,0,0,0,1,0
12,121720,1,1,0,1,1,1,1,86,2010,24,8,2012,6,8,18,0,14,3,SR-968,,99998,25.77273611,-80.22537222,0,8,0,0,1,1,0,1,3,10,0,10,0,0000000,99,99,99,99,99,99,0,0,0,1,0
12,121721,1,1,0,0,0,1,1,93,0,26,8,2012,1,18,3,0,14,3,SR-78,,99998,27.19712222,-80.83201667,0,38,0,0,1,1,0,4,1,2,0,2,0,0000000,99,99,99,99,88,88,0,0,0,1,0
12,121723,2,2,0,0,0,2,2,99,0,27,9,2012,5,6,56,1,13,3,SR-802,,99998,26.61718333,-80.19542778,0,12,1,0,1,1,0,1,1,1,0,1,0,0000000,99,99,99,99,99,99,0,0,0,1,0
12,121724,1,1,0,1,1,3,3,101,0,1,10,2012,2,9,30,0,6,8,FOX HOLLOW DR,CR-77,0,28.30222778,-82.69581111,0,9,0,0,2,2,0,1,1,1,0,1,0,0000000,9,22,9,26,99,99,0,0,0,1,0
12,121725,3,3,0,0,0,4,4,99,0,2,10,2012,3,8,0,1,12,3,SR-91,,99998,26.37579444,-80.17084444,0,12,6,1,18,1,0,1,1,2,0,2,0,0000000,99,99,99,99,99,99,0,0,0,1,0
12,121726,4,4,0,0,0,4,4,95,0,7,10,2012,1,23,30,1,13,3,SR-527,,99998,28.458925,-81.36587778,0,12,1,0,1,1,0,1,3,1,0,1,0,0000000,99,99,99,99,88,88,0,0,0,1,1
12,121727,2,2,0,0,0,2,2,5,0,12,10,2012,6,7,35,0,6,4,CR-2315,,0,30.21770556,-85.87260556,0,12,2,0,1,1,0,1,1,1,0,1,0,0000000,99,99,99,99,99,99,0,0,0,1,0
12,121728,2,2,0,0,0,3,3,133,0,14,10,2012,1,11,0,1,2,3,SR-79,HOLMES VALLEY RD,99998,30.57193333,-85.80708611,0,12,1,0,3,3,0,1,1,1,0,1,0,0000000,99,99,99,99,99,99,0,0,0,1,0
12,121729,1,1,0,0,0,1,1,105,0,2,10,2012,3,17,29,1,11,1,I-4,,99998,28.23160278,-81.65153333,0,30,0,0,1,1,0,4,1,2,0,2,0,0000000,99,99,99,99,99,99,0,0,0,1,0
12,121730,2,2,0,0,0,2,2,85,0,5,10,2012,6,22,17,1,13,2,US-1,,99998,27.15082222,-80.21758611,0,12,2,0,1,1,0,1,3,2,0,2,0,0000000,99,99,99,99,99,99,0,0,0,1,1
12,121731,2,2,0,0,0,3,3,95,0,5,10,2012,6,21,23,0,6,8,BUMBY AVE,PERSHING AVE,0,28.49858333,-81.35147778,0,12,6,0,2,2,0,1,3,10,0,10,0,0000000,21,24,21,30,99,99,0,0,0,1,1
12,121732,4,4,0,0,0,5,5,117,1705,6,10,2012,7,22,21,0,16,6,W LAKE MARY BLVD,SIR LAWRENCE DR,0,28.75629444,-81.31039167,0,12,8,0,1,1,0,1,2,1,0,1,0,0000000,99,99,99,99,99,99,0,0,0,1,0
12,121733,1,1,0,0,0,1,1,119,0,6,10,2012,7,4,30,1,11,1,I-75,,99998,28.74707222,-82.10651389,0,42,0,0,1,1,0,4,2,5,0,5,0,0000000,99,99,99,99,99,99,0,0,0,1,1
12,121734,1,1,0,0,0,1,1,83,0,7,10,2012,1,1,15,1,2,2,US-441,,99998,29.46829167,-82.22333056,0,42,0,0,1,1,0,4,2,10,0,10,0,0000000,99,99,99,99,99,99,0,0,0,1,1
12,121735,1,1,0,0,0,1,1,57,0,7,10,2012,1,3,20,1,1,1,I-4 RAMP,I-275,99998,27.96400278,-82.45333611,0,1,0,1,5,1,0,4,3,1,0,1,0,0000000,4,33,4,37,99,99,0,0,0,1,1
12,121736,1,1,0,2,2,1,1,111,0,8,10,2012,2,0,44,0,6,4,CR-615,,0,27.32348333,-80.34965278,0,8,0,0,1,1,0,1,2,1,0,1,0,0000000,99,99,99,99,99,99,0,0,0,1,0
12,121737,2,2,0,0,0,3,3,93,0,8,10,2012,2,6,25,1,2,3,SR-710,SE 126TH BLVD,99998,27.16188889,-80.68164722,0,12,6,0,2,3,0,1,6,1,0,1,0,0000000,99,99,99,99,99,99,0,0,0,2,1
12,121739,1,1,0,0,0,5,5,39,0,12,10,2012,6,2,25,0,6,4,CR-268,,0,30.50103333,-84.49130833,0,42,0,0,1,1,0,5,2,1,0,1,0,0000000,99,99,99,99,99,99,0,0,0,4,0
12,121740,1,1,0,0,0,2,2,83,0,13,10,2012,7,12,31,1,11,1,I-75,,99998,29.38647778,-82.23561389,0,18,0,0,1,1,0,1,1,1,0,1,0,0000000,99,99,99,99,99,99,0,0,0,1,0
12,121741,1,1,0,1,1,1,1,83,0,14,10,2012,1,10,0,1,2,2,US-41,,99998,29.16596389,-82.440075,0,8,0,0,1,1,0,4,1,1,0,1,0,0000000,99,99,99,99,99,99,0,0,0,1,0
12,121742,1,1,0,1,1,1,1,95,0,14,10,2012,1,14,44,0,6,8,S AVALON PARK BLVD,TEA ROSE DR,0,28.51894722,-81.15226944,0,9,0,0,1,1,0,4,1,1,0,1,0,0000000,99,99,99,99,99,99,0,0,0,1,0
12,121743,1,1,0,1,1,1,1,11,2916,17,10,2012,4,6,0,0,16,6,NW 136TH AVE,NW 12TH ST,0,26.13726111,-80.32997222,0,9,0,0,2,2,0,1,6,1,0,1,0,0000000,99,99,99,99,88,88,0,0,0,1,0
12,121744,2,2,0,0,0,3,3,73,2940,4,8,2012,7,15,39,0,16,6,W THARPE ST,,0,30.46336111,-84.36084722,0,12,6,0,1,1,0,1,1,1,0,1,0,0000000,99,99,99,99,99,99,0,0,0,1,0
12,121745,1,1,0,0,0,1,1,19,0,29,9,2012,7,17,18,0,6,8,OAKLEAF VILLAGE PARKWAY,PARKVIEW DR,0,30.18286944,-81.82194167,0,33,0,0,3,2,0,3,1,10,0,10,0,0000000,99,99,99,99,99,99,0,0,0,1,1
12,121746,1,1,0,1,1,1,1,86,0,4,10,2012,5,9,30,0,14,3,SR-968,74TH AVE,99998,25.77014167,-80.31590556,0,8,0,0,2,2,0,1,1,10,0,10,0,0000000,99,99,99,99,99,99,0,0,0,1,0
12,121747,2,2,0,1,1,2,2,95,0,7,10,2012,1,4,2,0,14,3,SR-426,,99998,28.60664167,-81.29806389,0,8,0,0,1,1,0,1,2,1,0,1,0,0000000,99,99,99,99,88,88,0,0,0,1,0
12,121748,1,1,0,0,0,2,2,97,0,11,10,2012,5,18,58,0,6,8,FAIRWEATHER WAY,,0,28.20593056,-81.468325,0,34,0,0,1,1,0,4,5,1,0,1,0,0000000,99,99,99,99,99,99,0,0,0,2,0
12,121749,1,1,0,1,1,3,3,101,0,12,10,2012,6,20,12,0,6,8,MOON LAKE RD,,0,28.281425,-82.61828611,0,8,0,0,1,1,0,1,2,1,0,1,0,0000000,99,99,99,99,88,88,0,0,0,1,0
12,121750,2,2,0,0,0,3,3,127,780,13,10,2012,7,0,28,0,14,3,SR-430,WILD OLIVE AVE,99998,29.23315556,-81.01371111,0,12,6,0,2,2,0,1,3,1,0,1,0,0000000,99,99,99,99,99,99,0,0,0,1,0
12,121751,1,1,0,1,1,1,1,95,2360,13,10,2012,7,7,3,1,13,3,SR-436,SR-552,99998,28.5234,-81.31025,0,8,0,0,3,2,0,1,4,1,0,1,0,0000000,99,99,99,99,99,99,0,0,0,1,0
12,121752,1,1,0,1,1,1,1,95,0,13,10,2012,7,13,2,1,13,3,SR-50,OLD CHENEY HWY,99998,28.56234444,-81.302925,0,9,0,0,3,3,0,3,1,1,0,1,0,0000000,99,99,99,99,99,99,0,0,0,1,0
12,121753,1,1,0,0,0,1,1,57,0,13,10,2012,7,22,44,1,12,3,SR-618,,99998,27.96638889,-82.43305556,0,20,0,1,5,1,4,4,2,1,0,1,0,0000000,99,99,99,99,88,88,0,0,0,1,1
12,121754,2,2,0,0,0,3,3,81,0,14,10,2012,1,12,5,1,2,2,US-301,MOCCASIN WALLOW RD,99998,27.59421667,-82.42550556,0,12,6,0,2,2,0,1,1,1,0,1,0,0000000,99,99,99,99,99,99,0,0,0,2,0
12,121755,1,1,0,1,1,1,1,127,0,14,10,2012,1,19,38,0,6,8,REYNOLDS RD,,0,29.11844167,-81.34368056,0,8,0,0,1,1,0,1,2,1,0,1,0,0000000,99,99,99,99,99,99,0,0,0,1,0
12,121756,1,1,0,0,0,2,2,83,0,15,10,2012,2,21,45,1,2,2,US-441,,99998,29.37481389,-82.17533611,0,1,0,0,1,1,0,1,2,1,0,1,0,0000000,99,99,99,99,99,99,0,0,0,1,1
12,121757,1,1,0,1,1,2,2,31,1510,20,10,2012,7,21,39,1,13,3,SR-21,CONFEDERATE POINT RD,99998,30.2669,-81.7377,0,8,0,0,3,2,0,1,3,1,0,1,0,0000000,99,99,99,99,99,99,0,0,0,1,0
12,121758,1,1,0,1,1,2,2,99,820,24,5,2012,5,23,7,0,16,6,MILITARY TRL S,,0,26.43591667,-80.12205,0,8,0,0,1,1,0,1,3,1,0,1,0,0000000,99,99,99,99,88,88,0,0,0,1,0
12,121759,1,1,0,0,0,1,1,97,0,30,9,2012,1,4,6,1,13,3,SR-91,CR-522,99998,28.34316667,-81.38177778,0,24,0,0,3,2,0,4,3,1,0,1,0,0000000,99,99,99,99,88,88,0,0,0,1,1
12,121760,1,1,0,0,0,2,2,121,0,3,10,2012,4,0,45,0,6,4,CR-249,,0,30.38752778,-83.06222222,0,1,0,0,1,1,0,5,2,10,0,10,0,0000000,99,99,99,99,99,99,0,0,0,1,1
12,121761,1,1,0,1,1,1,1,101,2180,8,10,2012,2,11,45,0,16,6,WINDING WILLOW,,0,28.17812222,-82.62229722,0,30,0,0,1,1,0,4,1,10,0,10,0,0000000,99,99,99,99,99,99,0,0,0,1,0
12,121762,1,1,0,1,1,1,1,95,0,11,10,2012,5,12,30,0,14,3,SR-551,,99998,28.54428333,-81.28586944,0,8,0,0,1,1,0,1,1,1,0,1,0,0000000,99,99,99,99,88,88,0,0,0,1,0
12,121763,1,1,0,0,0,3,3,31,1510,14,10,2012,1,1,10,1,11,1,I-295,,99998,30.18598333,-81.62647778,0,24,0,0,1,1,0,3,3,1,0,1,0,0000000,99,99,99,99,88,88,0,0,0,1,1
12,121764,1,1,0,1,1,2,2,103,0,14,10,2012,1,15,31,0,14,3,SR-686,BRADFORD ST,99998,27.91634444,-82.71645278,0,9,0,0,3,2,0,1,1,1,0,1,0,0000000,99,99,99,99,99,99,0,0,0,1,0
12,121765,2,2,0,0,0,2,2,131,0,18,10,2012,5,12,14,1,11,1,I-10,,99998,30.69667222,-86.15049444,0,12,6,0,1,1,0,1,1,2,0,2,0,0000000,99,99,99,99,88,88,0,0,0,1,0
12,121766,1,1,0,0,0,1,1,57,0,18,10,2012,5,6,25,0,6,6,KNIGHTS GRIFFIN RD,FIVE ACRE RD,0,28.07627222,-82.226475,0,1,0,0,2,3,0,1,2,5,0,5,0,0000000,99,99,99,99,88,88,0,0,0,1,0
12,121767,1,1,0,1,1,3,3,81,0,20,10,2012,7,21,7,1,13,2,US-301,30TH AVE,99998,27.47338333,-82.54323333,0,8,0,0,3,2,0,1,3,1,0,1,0,0000000,21,9,21,14,88,88,0,0,0,1,0
12,121768,2,2,0,0,0,5,5,95,0,20,10,2012,7,21,5,1,13,3,SR-50,ROUSE LAKE RD,99998,28.56796944,-81.21683889,0,12,6,0,2,2,0,1,3,1,0,1,0,0000000,99,99,99,99,99,99,0,0,0,1,1
12,121769,2,2,0,0,0,2,2,69,0,20,10,2012,7,20,3,0,6,4,CR-33,,99998,28.49101667,-81.83708611,0,12,6,0,8,1,0,1,2,1,0,1,0,0000000,99,99,99,99,99,99,0,0,0,1,1
12,121770,1,1,0,1,1,1,1,86,2010,19,10,2012,6,2,9,0,16,6,SW 12TH ST,,0,25.76240833,-80.19789167,0,8,0,0,1,1,0,1,3,1,0,1,0,0000000,99,99,99,99,99,99,0,0,0,1,0
12,121771,1,1,0,1,1,1,1,81,340,22,10,2012,2,17,14,1,13,2,US-41,10TH AVE,99998,27.490775,-82.56277222,0,9,0,0,3,3,0,1,1,1,0,1,0,0000000,99,99,99,99,99,99,0,0,0,1,0
12,121772,1,1,0,1,1,1,1,57,0,7,9,2012,6,2,42,0,6,8,15TH ST,,0,28.05838611,-82.44285278,0,15,0,0,1,1,0,1,3,10,0,10,0,0000000,99,99,99,99,99,99,0,0,0,1,0
12,121774,1,1,0,0,0,1,1,95,0,30,9,2012,1,18,34,0,6,6,OLD WINTER GARDEN RD,,0,28.53978333,-81.48284444,0,59,0,0,1,1,0,4,1,10,0,10,0,0000000,18,34,18,38,88,88,0,0,0,1,0
12,121775,1,1,0,0,0,1,1,11,0,2,10,2012,3,19,13,1,11,1,I-95,,99998,26.14645556,-80.341575,0,30,0,0,1,1,0,3,3,10,0,10,0,0000000,99,99,99,99,99,99,0,0,0,1,0
12,121776,5,5,0,0,0,8,8,103,570,2,10,2012,3,15,15,0,16,6,BELCHER RD,,0,27.94018333,-82.74590556,0,12,1,0,1,1,0,1,1,10,0,10,0,0000000,99,99,99,99,99,99,0,0,0,1,0
12,121777,1,1,0,0,0,1,1,99,820,3,10,2012,4,7,42,0,16,6,W LINTON BLVD,CSX RAILROAD,0,26.439275,-80.09075278,0,26,0,0,5,1,0,5,1,1,0,1,0,628160C,99,99,99,99,88,88,0,0,0,1,0
12,121778,2,2,0,0,0,3,3,9,0,7,10,2012,1,11,33,0,6,8,EBER BLVD,COVENTRY CIR,0,28.04978056,-80.64270278,0,12,2,0,2,3,0,1,1,1,0,1,0,0000000,99,99,99,99,99,99,0,0,0,1,1
12,121779,1,1,0,0,0,2,2,21,1926,8,10,2012,2,2,23,0,16,6,JAMAICA CT,,0,25.94218333,-81.71088611,0,1,0,0,1,1,0,4,3,1,0,1,0,0000000,99,99,99,99,99,99,0,0,0,1,0
12,121781,2,2,0,0,0,3,3,61,0,12,10,2012,6,13,20,1,11,1,I-95,,99998,27.82035833,-80.55250556,0,12,1,0,1,1,4,1,1,1,0,1,0,0000000,99,99,99,99,99,99,0,0,0,1,0
12,121782,2,2,0,0,0,3,3,109,0,13,10,2012,7,3,25,1,13,2,US-1,,99998,29.81493056,-81.32291944,0,12,1,0,1,1,0,1,3,1,0,1,0,0000000,99,99,99,99,99,99,0,0,0,1,2
12,121783,1,1,0,2,2,1,1,81,340,14,10,2012,1,2,38,1,13,2,US-41,51ST AVE,99998,27.45018611,-82.57526667,0,8,0,0,1,1,0,1,2,1,0,1,0,0000000,99,99,99,99,99,99,0,0,0,1,0
12,121784,1,1,0,0,0,1,1,119,0,14,10,2012,1,22,10,1,11,1,I-75,,99998,28.92193333,-82.11215833,0,1,0,0,1,1,0,1,2,10,0,10,0,0000000,99,99,99,99,99,99,0,0,0,1,1
12,121786,2,2,0,0,0,2,2,101,0,15,10,2012,2,15,40,1,13,2,US-19,BARTELT RD,99998,28.18478056,-82.74000556,0,12,6,0,2,3,0,1,1,10,0,10,0,0000000,99,99,99,99,99,99,0,0,0,1,0
12,121787,1,1,0,0,0,7,7,71,0,16,10,2012,3,5,39,1,13,2,US-41,,99998,26.40286667,-81.81091111,0,5,0,0,1,1,0,4,1,1,0,1,0,0000000,99,99,99,99,99,99,0,0,0,1,0
12,121788,1,1,0,1,1,1,1,81,0,18,10,2012,5,6,17,0,16,6,15TH ST,,0,27.42303056,-82.54681111,0,8,0,0,1,1,0,1,2,1,0,1,0,0000000,99,99,99,99,99,99,0,0,0,1,0
12,121789,2,2,0,0,0,2,2,11,0,20,10,2012,7,1,41,1,13,2,US-27,SHERIDAN ST,99998,26.02951389,-80.43295,0,12,6,0,2,3,4,1,2,1,0,1,0,0000000,99,99,99,99,88,88,0,0,0,1,0
12,121790,2,2,0,0,0,3,3,57,0,21,10,2012,1,3,45,1,11,1,I-75,,99998,28.09883056,-82.36396111,0,12,7,0,1,1,4,1,2,1,0,1,0,0000000,99,99,99,99,88,88,0,0,0,1,1
12,121791,4,4,0,0,0,7,7,113,0,21,10,2012,1,9,54,0,14,2,US-90,CR-197A,99998,30.59149167,-87.17509722,0,12,6,0,2,3,0,1,1,1,0,1,0,0000000,99,99,99,99,99,99,0,0,0,1,1
12,121792,1,1,0,1,1,1,1,11,2948,23,10,2012,3,21,35,1,13,3,SR-870,,99998,26.1864,-80.18358611,0,8,0,0,1,1,0,1,2,1,0,1,0,0000000,99,99,99,99,88,88,0,0,0,1,0
12,121793,2,2,0,0,0,2,2,11,2260,29,9,2012,7,10,10,0,16,6,OAKLAND PARK BLVD,I-95,0,26.16604167,-80.16040556,0,12,1,0,3,3,0,1,1,1,0,1,0,0000000,99,99,99,99,99,99,0,0,0,1,0
12,121794,1,1,0,0,0,1,1,71,0,7,10,2012,1,18,50,0,16,8,PLANTATION RD,,0,26.57348611,-81.84711667,0,32,0,0,1,1,0,4,3,2,0,2,0,0000000,99,99,99,99,99,99,0,0,0,1,1
12,121796,1,1,0,1,1,2,2,117,480,25,10,2012,5,23,25,1,13,2,US-17-92,,99998,28.66459444,-81.3401,0,8,0,0,1,1,0,1,3,1,0,1,0,0000000,99,99,99,99,88,88,19,0,0,1,1
12,121797,1,1,0,1,1,1,1,86,1340,8,4,2012,1,16,20,1,13,2,US-27,SE 4TH AVE,99998,25.81707778,-80.27295,0,8,0,1,3,7,0,1,1,1,0,1,0,0000000,99,99,99,99,99,99,0,0,0,1,0
12,121798,1,1,0,0,0,4,4,109,0,30,9,2012,1,19,54,1,11,1,I-95,,99998,29.90293889,-81.40751111,0,42,0,0,1,1,0,4,2,2,0,2,0,0000000,99,99,99,99,99,99,0,0,0,2,1
12,121800,1,1,0,1,1,3,3,53,0,14,10,2012,1,19,55,0,6,8,ANDERSON SNOW RD,,0,28.46641389,-82.48587778,0,8,0,0,1,1,0,1,2,1,0,1,0,0000000,99,99,99,99,88,88,0,0,0,1,0
12,121801,1,1,0,1,1,1,1,31,1510,16,10,2012,3,19,55,0,14,3,SR-105,,99998,30.39486667,-81.43762222,0,8,0,0,1,1,0,1,3,10,0,10,0,0000000,99,99,99,99,99,99,0,0,0,1,0