STATE,ST_CASE,VE_TOTAL,VE_FORMS,PVH_INVL,PEDS,PERNOTMVIT,PERMVIT,PERSONS,COUNTY,CITY,DAY,MONTH,YEAR,DAY_WEEK,HOUR,MINUTE,NHS,ROAD_FNC,ROUTE,TWAY_ID,TWAY_ID2,MILEPT,LATITUDE,LONGITUD,SP_JUR,HARM_EV,MAN_COLL,RELJCT1,RELJCT2,TYP_INT,WRK_ZONE,REL_ROAD,LGT_COND,WEATHER1,WEATHER2,WEATHER,SCH_BUS,RAIL,NOT_HOUR,NOT_MIN,ARR_HOUR,ARR_MIN,HOSP_HR,HOSP_MN,CF1,CF2,CF3,FATALS,DRUNK_DR
12,121802,1,1,0,0,0,1,1,73,0,19,10,2012,6,13,36,0,6,8,PICKWICK RD,,0,30.54181389,-84.14909167,0,42,0,0,1,1,0,5,1,1,0,1,0,0000000,99,99,99,99,99,99,0,0,0,1,0
12,121803,2,2,0,0,0,2,2,57,0,19,10,2012,6,17,51,1,13,3,SR-580,,99998,27.99693333,-82.570425,0,12,6,0,8,1,0,1,1,1,0,1,0,0000000,99,99,99,99,99,99,0,0,0,1,0
12,121804,1,1,0,0,0,5,5,109,0,26,10,2012,6,23,5,1,11,1,I-95,,99998,29.83492778,-81.38405,0,42,0,0,1,1,0,4,2,10,0,10,0,0000000,99,99,99,99,99,99,0,0,0,1,0
12,121805,1,1,0,0,0,2,2,103,0,27,10,2012,7,3,10,0,6,4,CR-611,,0,27.92004444,-82.69865556,0,42,0,0,1,1,0,3,3,1,0,1,0,0000000,99,99,99,99,99,99,0,0,0,1,1
12,121806,1,1,0,0,0,1,1,57,0,28,10,2012,1,18,15,0,6,8,NIXON RD,,0,28.04460833,-82.53343333,0,1,0,0,1,1,0,4,5,1,0,1,0,0000000,99,99,99,99,99,99,0,0,0,1,0
12,121807,2,2,0,0,0,2,2,99,820,26,5,2012,7,17,9,0,14,3,SR-806,PALM SQUARE,99998,26.46164722,-80.065275,0,1,0,0,2,3,0,1,1,1,0,1,0,0000000,99,99,99,99,88,88,0,0,0,1,0
12,121808,1,1,0,0,0,1,1,9,0,14,9,2012,6,5,50,1,11,1,I-95,,99998,28.64406111,-80.86085556,0,1,0,0,1,1,0,4,2,1,0,1,0,0000000,99,99,99,99,88,88,0,0,0,1,0
12,121809,1,1,0,0,0,1,1,71,457,22,9,2012,7,10,13,0,16,6,BEACH PARKWAY,SURFSIDE BLVD,0,26.57371111,-82.0382,0,31,0,0,3,9,0,4,1,98,0,98,0,0000000,99,99,99,99,88,88,0,0,0,1,1
12,121810,2,2,0,0,0,2,2,71,457,9,10,2012,3,7,57,0,16,4,CR-867A,SE 44TH ST,0,26.57060556,-81.94388056,0,12,6,0,2,2,0,1,3,1,0,1,0,0000000,99,99,99,99,99,99,0,0,0,1,0
12,121811,2,2,0,0,0,2,2,103,1770,18,10,2012,5,13,14,0,16,4,CR-1,,0,27.92773611,-82.7624,0,12,2,0,1,1,0,1,1,1,0,1,0,0000000,99,99,99,99,99,99,0,0,0,1,0
12,121812,2,2,0,0,0,2,2,11,2541,18,10,2012,5,23,50,0,16,6,PETERS RD,SW 59TH AVE,0,26.10584722,-80.226875,0,12,6,0,2,3,0,1,2,1,0,1,0,0000000,99,99,99,99,99,99,0,0,0,1,0
12,121813,2,2,0,0,0,4,4,57,2540,22,10,2012,2,10,40,0,6,8,AIRPORT RD,,0,28.00333611,-82.16125,0,12,2,0,8,1,0,1,1,1,0,1,0,0000000,99,99,99,99,99,99,0,0,0,1,0
12,121814,1,1,0,1,1,1,1,55,0,27,10,2012,7,23,5,1,13,2,US-27,,99998,27.27289167,-81.35110556,0,8,0,0,1,1,0,1,2,1,0,1,0,0000000,99,99,99,99,99,99,0,0,0,1,0
12,121815,1,1,0,1,1,1,1,71,1070,30,10,2012,3,14,38,0,16,6,PROSPERITY WAY,TURTLE HILL DR,0,26.60683611,-81.78903889,0,8,0,0,2,3,0,1,1,1,0,1,0,0000000,99,99,99,99,88,88,0,0,0,1,0
12,121816,3,3,0,0,0,3,3,86,0,30,9,2012,1,1,11,1,11,1,I-95,,99998,25.86575556,-80.20869167,0,12,1,0,1,1,0,1,3,1,0,1,0,0000000,99,99,99,99,99,99,0,0,0,1,0
12,121817,2,2,0,0,0,8,8,11,1050,21,10,2012,1,23,36,1,13,2,US-1,,99998,26.08744722,-80.13605,0,1,0,0,1,1,0,3,3,1,0,1,0,0000000,99,99,99,99,99,99,14,0,0,1,1
12,121818,1,1,0,0,0,1,1,19,0,27,10,2012,7,2,10,0,6,8,ARORA BLVD,,0,30.17948056,-81.75188889,0,1,0,0,1,1,0,4,3,10,0,10,0,0000000,99,99,99,99,99,99,20,0,0,1,1
12,121819,1,1,0,0,0,1,1,71,0,27,10,2012,7,23,17,0,16,6,GISH LANE,TOLLES DR,0,26.71302778,-81.86862222,0,38,0,0,3,1,0,5,2,1,0,1,0,0000000,99,99,99,99,99,99,0,0,0,1,1
12,121820,1,1,0,0,0,2,2,21,0,29,10,2012,2,4,18,1,13,2,US-41,,99998,25.81160833,-80.88026111,0,1,0,0,1,1,0,1,3,1,0,1,0,0000000,99,99,99,99,99,99,0,0,0,1,0
12,121821,1,1,0,1,1,1,1,81,0,30,10,2012,3,0,18,1,13,2,US-41,,99998,27.41249444,-82.57240278,0,8,0,0,1,1,0,1,3,1,0,1,0,0000000,0,21,0,23,99,99,0,0,0,1,0
12,121823,1,1,0,0,0,1,1,86,2010,30,9,2012,1,2,10,1,11,1,I-395,,99998,25.78678889,-80.18625278,0,25,0,0,1,1,0,4,3,10,0,10,0,0000000,99,99,99,99,99,99,0,0,0,1,0
12,121824,2,2,0,0,0,2,2,9,3175,1,10,2012,2,11,24,0,16,6,ELLIS RD,,0,28.09899444,-80.69428056,0,12,2,0,1,1,0,1,1,10,0,10,0,0000000,99,99,99,99,99,99,0,0,0,1,0
12,121825,1,1,0,0,0,2,2,91,0,8,10,2012,2,16,30,0,6,8,HOSPITAL RD,MARWALT DR,0,30.45588611,-86.63416667,0,38,0,0,3,3,0,4,1,1,0,1,0,0000000,99,99,99,99,99,99,0,0,0,1,0
12,121827,2,2,0,0,0,5,5,57,0,13,10,2012,7,10,1,1,11,1,I-275,,99998,27.95153611,-82.51112222,0,12,1,0,1,1,0,1,1,1,0,1,0,0000000,99,99,99,99,99,99,0,0,0,1,0
12,121828,1,1,0,0,0,1,1,86,2010,13,10,2012,7,3,51,0,16,6,36TH ST,,0,25.80978889,-80.21628056,0,43,0,0,1,1,0,4,3,10,0,10,0,0000000,99,99,99,99,99,99,0,0,0,1,0
12,121829,1,1,0,1,1,2,2,11,2916,14,10,2012,1,20,23,0,16,6,OAKLAND PARK BLVD,PINE ISLAND RD,0,26.16838333,-80.26771111,0,8,0,0,3,2,0,1,3,1,0,1,0,0000000,99,99,99,99,99,99,0,0,0,1,0
12,121830,1,1,0,0,0,2,2,127,0,19,10,2012,6,18,30,1,11,1,I-95,,99998,29.16424444,-81.08104167,0,1,0,0,1,1,0,1,5,10,0,10,0,0000000,99,99,99,99,99,99,0,0,0,1,0
12,121831,1,1,0,1,1,1,1,103,0,22,10,2012,2,12,7,0,6,4,CR-296,CR-1,0,27.87242222,-82.7624,0,9,0,0,3,2,0,1,1,1,0,1,0,0000000,99,99,99,99,99,99,0,0,0,1,0
12,121832,1,1,0,1,1,1,1,121,0,23,10,2012,3,6,0,0,6,8,CR-137,,0,29.97019167,-82.81041111,0,8,0,0,1,1,0,1,2,1,0,1,0,0000000,99,99,99,99,88,88,0,0,0,1,0
12,121833,2,2,0,0,0,2,2,107,0,23,10,2012,3,11,18,1,2,2,US-17,SANTA BARBARA ST,99998,29.63716944,-81.58909444,0,12,6,0,2,2,0,1,1,1,0,1,0,0000000,99,99,99,99,99,99,0,0,0,1,0
12,121834,1,1,0,1,1,1,1,61,0,25,10,2012,5,20,26,1,13,2,US-1,,99998,27.67392778,-80.40741944,0,8,0,0,1,1,0,1,3,10,0,10,0,0000000,99,99,99,99,88,88,0,0,0,1,0
12,121835,2,2,0,0,0,2,2,105,0,26,10,2012,6,0,0,1,2,2,US-27,,99998,27.83847778,-81.58658889,0,12,6,0,7,1,0,1,2,1,0,1,0,0000000,99,99,99,99,99,99,0,0,0,1,0
12,121836,1,1,0,0,0,1,1,95,0,28,10,2012,1,1,42,0,6,8,WATERFORD CHASE PKWY,,0,28.54780833,-81.17929722,0,33,0,0,1,1,0,4,3,10,0,10,0,0000000,1,43,1,49,99,99,0,0,0,1,1
12,121837,3,3,0,0,0,4,4,121,0,29,10,2012,2,7,5,0,3,2,US-90,159TH RD,99998,30.34326111,-83.07688056,0,12,1,0,2,3,0,1,4,1,0,1,0,0000000,99,99,99,99,99,99,0,0,0,1,0
12,121838,2,2,0,1,1,2,2,95,0,29,10,2012,2,21,35,1,13,3,SR-50,FORSYTH RD,99998,28.56701111,-81.29433056,0,9,0,0,2,2,0,1,3,1,0,1,0,0000000,99,99,99,99,99,99,14,0,0,1,0
12,121839,4,4,0,1,1,6,6,95,2360,1,11,2012,5,2,42,1,11,1,I-4,,99998,28.48666111,-81.43965833,0,8,0,0,1,1,0,1,2,1,0,1,0,0000000,99,99,99,99,88,88,14,0,0,1,0
12,121840,1,1,0,0,0,1,1,31,1510,2,11,2012,6,3,19,0,16,6,FORT CAROLINE RD,,0,30.35456389,-81.54458333,0,30,0,0,1,1,0,4,3,1,0,1,0,0000000,99,99,99,99,88,88,0,0,0,1,1
12,121841,1,1,0,0,0,1,1,83,0,2,11,2012,6,12,40,0,6,4,CR-314,,0,29.191825,-82.02120833,0,1,0,0,1,1,0,1,1,1,0,1,0,0000000,99,99,99,99,99,99,0,0,0,1,0
12,121842,1,1,0,0,0,1,1,57,0,3,11,2012,7,13,10,1,1,1,I-4,,99998,28.03628333,-82.061475,0,25,0,0,5,1,0,4,1,1,0,1,0,0000000,99,99,99,99,88,88,0,0,0,1,0
12,121843,2,2,0,0,0,3,3,83,0,3,11,2012,7,19,40,1,13,3,SR-326,,99998,29.25938611,-82.09625,0,12,2,0,1,1,0,1,3,1,0,1,0,0000000,99,99,99,99,99,99,0,0,0,1,0
12,121844,1,1,0,1,1,3,3,81,0,4,11,2012,1,1,34,0,3,3,SR-684,,99998,27.46246944,-82.60343611,0,8,0,0,1,1,0,1,3,1,0,1,0,0000000,99,99,99,99,88,88,19,0,0,1,0
12,121845,3,3,0,1,1,2,2,69,0,4,11,2012,1,17,53,0,3,3,SR-33,,99998,28.40963889,-81.83018889,0,12,1,0,1,1,0,1,5,1,0,1,0,0000000,17,58,18,13,99,99,19,0,0,1,1
12,121846,1,1,0,0,0,2,2,31,1510,4,11,2012,1,22,58,0,16,6,MAYAPPLE RD,,0,30.34801111,-81.57621111,0,33,0,0,1,1,0,4,3,1,0,1,0,0000000,99,99,99,99,99,99,0,0,0,1,1
12,121847,2,2,0,0,0,2,2,105,0,4,11,2012,1,18,33,0,14,3,SR-33,VOYLES LOOP,99998,28.16701389,-81.85630278,0,12,6,0,2,4,0,1,2,1,0,1,0,0000000,99,99,99,99,88,88,0,0,0,1,0
12,121848,1,1,0,1,1,1,1,51,0,5,11,2012,2,18,15,1,2,3,SR-29,,99998,26.68232778,-81.43672222,0,8,0,0,1,1,0,1,2,10,0,10,0,0000000,99,99,99,99,88,88,0,0,0,1,0
12,121849,2,2,0,0,0,3,3,7,0,5,11,2012,2,16,15,0,3,3,SR-100,109TH ST SE,99998,29.87529167,-82.07897778,0,12,2,0,3,3,0,1,1,1,0,1,0,0000000,16,17,16,24,99,99,0,0,0,1,0
12,121850,2,2,0,0,0,2,2,95,0,7,11,2012,4,17,1,0,6,8,LANSTREET RD,,0,28.43595278,-81.39689722,0,12,6,0,8,1,0,1,1,1,0,1,0,0000000,99,99,99,99,99,99,0,0,0,1,0
12,121851,2,2,0,0,0,2,2,91,835,10,11,2012,7,11,10,1,13,2,US-98,TRIUMPH DR,99998,30.38696944,-86.44258333,0,12,6,0,2,3,0,1,1,1,0,1,0,0000000,99,99,99,99,99,99,0,0,0,1,0
12,121852,1,1,0,0,0,4,4,103,2730,22,9,2012,7,0,51,0,16,6,25TH ST,,0,27.78251389,-82.66719444,0,42,0,0,1,1,0,4,3,1,0,1,0,0000000,99,99,99,99,99,99,20,0,0,1,0
12,121853,2,2,0,0,0,2,2,107,0,11,10,2012,5,15,30,1,2,3,SR-20,LAKE GALILEE DR,99998,29.62421111,-81.95133889,0,12,1,0,3,3,4,1,1,1,0,1,0,0000000,15,32,15,38,88,88,0,0,0,1,0
12,121854,1,1,0,0,0,1,1,121,0,26,10,2012,6,7,5,0,6,6,68TH ST,,0,30.32733889,-83.16930833,0,1,0,0,1,1,0,4,1,1,0,1,0,0000000,99,99,99,99,99,99,0,0,0,1,1
12,121855,1,1,0,0,0,2,2,95,2360,27,10,2012,7,3,19,1,13,3,SR-50,,99998,28.55253333,-81.43422222,0,42,0,0,1,1,0,3,3,1,0,1,0,0000000,99,99,99,99,88,88,0,0,0,2,1
12,121856,1,1,0,0,0,1,1,99,0,27,10,2012,7,13,59,0,6,8,CORNWALL DR,,0,26.38497222,-80.18123611,0,42,0,0,1,1,0,5,1,1,0,1,0,0000000,99,99,99,99,99,99,0,0,0,1,0
12,121857,3,3,0,0,0,6,6,87,0,27,10,2012,7,16,15,1,13,2,US-1,,99998,24.66985,-81.36819722,0,12,1,0,1,1,0,1,1,1,0,1,0,0000000,99,99,99,99,99,99,0,0,0,1,0
12,121858,1,1,0,0,0,1,1,123,0,1,11,2012,5,15,36,0,6,4,CR-545,,0,29.89600833,-83.62380833,0,1,0,0,1,1,0,5,1,1,0,1,0,0000000,99,99,99,99,88,88,0,0,0,1,1
12,121859,3,3,0,0,0,4,4,53,0,1,11,2012,5,19,20,1,13,3,SR-50,WEEPING WILLOW ST,99998,28.53356667,-82.51646944,0,12,6,0,2,2,0,1,2,1,0,1,0,0000000,99,99,99,99,99,99,0,0,0,1,0
12,121860,5,5,0,1,1,7,7,105,0,1,11,2012,5,21,15,1,11,1,I-40,,99998,28.06392222,-81.99896944,0,8,0,0,1,1,0,1,2,1,0,1,0,0000000,99,99,99,99,99,99,0,0,0,1,1
12,121861,4,4,0,0,0,5,5,5,0,3,11,2012,7,23,20,1,13,3,SR-75,,99998,30.27828333,-85.515175,0,12,2,0,1,1,0,1,2,5,0,5,0,0000000,99,99,99,99,99,99,14,0,0,2,0
12,121862,1,1,0,0,0,1,1,95,0,4,11,2012,1,2,0,0,6,4,CR-423,,0,28.41156111,-81.42385278,0,42,0,0,1,1,0,3,3,1,0,1,0,0000000,99,99,99,99,88,88,0,0,0,1,1
12,121863,2,2,0,0,0,2,2,81,0,6,11,2012,3,1,46,1,11,1,I-75,,99998,27.61445,-82.48903333,0,12,6,0,1,1,0,1,2,1,0,1,0,0000000,99,99,99,99,99,99,19,0,0,1,0
12,121864,1,1,0,0,0,2,2,31,1510,10,11,2012,7,20,42,1,11,1,I-295,,99998,30.41355278,-81.56459722,0,1,0,0,1,1,0,4,3,1,0,1,0,0000000,99,99,99,99,99,99,0,0,0,1,1
12,121865,2,2,0,0,0,3,3,43,0,11,11,2012,1,15,22,1,2,2,US-27,SR-78,99998,26.83401389,-81.12251111,0,12,6,0,2,3,0,1,1,1,0,1,0,0000000,99,99,99,99,99,99,0,0,0,2,0
12,121866,1,1,0,0,0,1,1,33,0,11,11,2012,1,20,55,0,6,4,CR-4,,0,30.96836111,-87.35848611,0,1,0,0,1,1,0,4,2,10,0,10,0,0000000,99,99,99,99,88,88,0,0,0,1,1
12,121867,2,2,0,0,0,5,5,115,2780,29,9,2012,7,1,32,0,13,3,SR-789,,99998,27.33321944,-82.55506389,0,12,1,0,1,1,0,1,3,1,0,1,0,0000000,99,99,99,99,99,99,0,0,0,1,1
12,121868,2,2,0,0,0,3,3,85,0,30,10,2012,3,14,0,0,3,3,SR-76,SW GROVESIDE DR,99998,27.04534722,-80.35223611,0,12,2,0,2,3,0,1,1,1,0,1,0,0000000,99,99,99,99,99,99,0,0,0,1,0
12,121869,2,2,0,0,0,2,2,81,0,31,10,2012,4,8,7,0,3,3,SR-62,CR-39,99998,27.588825,-82.15340556,0,12,6,0,2,3,0,1,1,1,0,1,0,0000000,99,99,99,99,88,88,0,0,0,1,1
12,121870,1,1,0,1,1,2,2,11,2083,2,11,2012,6,18,45,0,16,6,LAKESIDE DR,UNKNOWN,0,25.973925,-80.34838333,0,8,0,0,2,2,0,4,5,1,0,1,0,0000000,99,99,99,99,88,88,0,0,0,1,0
12,121871,3,3,0,0,0,4,4,57,0,2,11,2012,6,13,49,1,11,1,I-75,,99998,28.05583611,-82.35361944,0,12,7,0,1,1,4,1,1,1,0,1,0,0000000,99,99,99,99,88,88,14,0,0,1,0
12,121872,2,2,0,0,0,2,2,105,1690,4,11,2012,1,9,32,0,16,6,SOCRUM LOOP RD,DAUGHTERY RD,0,28.113775,-81.94651667,0,12,6,0,2,2,0,1,1,1,0,1,0,0000000,99,99,99,99,88,88,0,0,0,1,0
12,121873,1,1,0,1,1,2,2,127,0,4,11,2012,1,20,0,1,13,2,US-1,,99998,29.33468611,-81.12921111,0,8,0,0,1,1,0,1,2,1,0,1,0,0000000,99,99,99,99,88,88,0,0,0,1,0
12,121874,2,2,0,0,0,2,2,11,0,6,11,2012,3,13,27,1,11,1,I-75,,99998,26.14630278,-80.46594722,0,12,1,0,1,1,0,1,1,1,0,1,0,0000000,99,99,99,99,88,88,25,0,0,1,0
12,121875,2,2,0,0,0,5,5,57,0,11,11,2012,1,2,25,1,11,1,I-4,,99998,27.979825,-82.38596667,0,12,1,0,1,1,0,1,3,1,0,1,0,0000000,99,99,99,99,99,99,0,0,0,1,1
12,121876,1,1,0,0,0,3,3,11,2570,11,11,2012,1,13,13,1,11,1,I-95,,99998,26.25723056,-80.13488611,0,30,0,1,5,1,0,4,1,1,0,1,0,0000000,99,99,99,99,99,99,0,0,0,1,0
12,121877,2,2,0,0,0,3,3,31,1510,13,11,2012,3,18,7,1,11,1,I-295,DUNN AVE,99998,30.43834444,-81.72299444,0,12,2,1,2,3,0,1,3,10,0,10,0,0000000,99,99,99,99,99,99,0,0,0,1,0
12,121878,2,2,0,0,0,4,4,101,0,6,10,2012,7,22,50,1,13,3,SR-54,SR-54,99998,28.18849444,-82.40002778,0,12,6,1,2,3,0,1,2,10,0,10,0,0000000,99,99,99,99,99,99,0,0,0,1,0
12,121879,1,1,0,1,1,1,1,7,0,6,10,2012,7,23,40,1,2,2,US-301,,99998,29.98918889,-82.09536111,0,8,0,0,1,1,0,1,2,1,0,1,0,0000000,99,99,99,99,88,88,0,0,0,1,0
12,121880,2,2,0,0,0,3,3,57,0,4,11,2012,1,1,52,1,13,2,US-301,,99998,27.66918333,-82.35566111,0,12,8,0,1,1,0,1,2,5,0,5,0,0000000,1,53,1,57,99,99,0,0,0,1,0
12,121881,1,1,0,0,0,2,2,75,0,11,11,2012,1,12,40,1,2,2,US-27,,99998,29.40569722,-82.52085833,0,30,0,0,1,1,0,4,1,1,0,1,0,0000000,99,99,99,99,99,99,0,0,0,2,0
12,121882,1,1,0,0,0,1,1,99,0,17,11,2012,7,1,0,0,6,4,CR-717,,0,26.81263889,-80.59179167,0,1,0,0,1,1,0,5,2,10,0,10,0,0000000,99,99,99,99,88,88,0,0,0,1,1
12,121884,2,2,0,0,0,1,1,105,0,3,10,2012,4,21,23,1,13,2,US-17,FLETCHER TRAILER PARK RD,99998,28.10765833,-81.66547222,0,12,6,0,2,3,0,1,2,1,0,1,0,0000000,99,99,99,99,99,99,0,0,0,1,0
12,121885,2,2,0,0,0,4,4,86,0,20,10,2012,7,2,18,1,13,3,SR-94,,99998,25.68708056,-80.36294722,0,12,1,0,1,1,0,1,3,1,0,1,0,0000000,99,99,99,99,99,99,0,0,0,1,0
12,121886,1,1,0,1,1,1,1,105,1060,1,11,2012,5,19,35,1,13,2,US-17,,99998,27.74586389,-81.80142222,0,8,0,0,1,1,0,1,3,1,0,1,0,0000000,99,99,99,99,99,99,0,0,0,1,0
12,121887,2,2,0,0,0,4,4,131,0,4,11,2012,1,13,40,1,2,2,US-331,SR-20,99998,30.49153056,-86.12135278,0,12,2,0,2,2,0,1,1,1,0,1,0,0000000,99,99,99,99,99,99,0,0,0,1,0
12,121888,1,1,0,1,1,1,1,11,2541,7,11,2012,4,19,19,0,16,6,PINE ISLAND RD,,0,26.14815278,-80.26792778,0,8,0,0,1,1,0,1,2,1,0,1,0,0000000,99,99,99,99,99,99,0,0,0,1,0
12,121889,1,1,0,1,1,1,1,85,1562,8,11,2012,5,21,37,0,16,8,SOUTH BEACH RD,,0,26.97536944,-80.08259722,0,9,0,0,1,1,0,1,2,1,0,1,0,0000000,99,99,99,99,88,88,0,0,0,1,0
12,121891,1,1,0,0,0,1,1,23,0,10,11,2012,7,7,9,0,14,3,SR-47,,99998,30.13176111,-82.65178889,0,42,0,0,1,1,0,5,1,1,0,1,0,0000000,99,99,99,99,99,99,0,0,0,1,0
12,121892,2,2,0,0,0,2,2,95,0,10,11,2012,7,16,22,0,3,3,SR-552,HIDDEN RIVER DR,99998,28.51008889,-81.24271389,0,12,6,0,2,2,0,1,1,10,0,10,0,0000000,99,99,99,99,99,99,0,0,0,1,0
12,121893,1,1,0,0,0,4,4,83,0,12,11,2012,2,5,5,1,11,1,I-75,,99998,29.42032222,-82.25748333,0,1,0,0,1,1,0,3,2,10,0,10,0,0000000,99,99,99,99,99,99,0,0,0,1,0
12,121895,2,2,0,0,0,4,4,69,0,18,11,2012,1,16,26,0,6,6,RADIO RD,POE ST,0,28.86263056,-81.79102778,0,12,6,0,2,2,0,1,1,1,0,1,0,0000000,99,99,99,99,99,99,0,0,0,1,0
12,121896,2,2,0,0,0,2,2,11,2570,19,11,2012,2,4,25,1,13,3,SR-834,FLORIDAS RAMP,99998,26.27418611,-80.16899722,0,12,1,1,5,1,0,1,3,1,0,1,0,0000000,99,99,99,99,99,99,0,0,0,1,0
12,121897,1,1,0,0,0,1,1,86,0,28,10,2012,1,11,15,1,11,1,I-75,,99998,25.94238056,-80.35141111,0,24,0,0,1,1,0,3,1,1,0,1,0,0000000,99,99,99,99,88,88,0,0,0,1,0
12,121898,1,1,0,1,1,1,1,31,1510,2,11,2012,6,20,50,0,14,3,SR-115,,99998,30.38444444,-81.67422222,0,8,0,0,1,1,0,1,3,1,0,1,0,0000000,99,99,99,99,99,99,0,0,0,1,0
12,121899,2,2,0,0,0,2,2,71,0,5,11,2012,2,6,17,0,14,3,SR-31,SR-78,99998,26.72187778,-81.76106111,0,12,2,0,2,3,0,1,4,1,0,1,0,0000000,99,99,99,99,99,99,0,0,0,1,0
12,121900,3,3,0,0,0,5,5,71,0,15,11,2012,5,21,11,1,13,3,SR-78,EUCLID AVE,99998,26.68591389,-81.86855833,0,12,2,0,2,3,0,1,3,1,0,1,0,0000000,99,99,99,99,99,99,0,0,0,1,0
12,121901,1,1,0,1,1,3,3,57,0,16,11,2012,6,8,31,0,6,8,BLOOMINGDALE AVE,LAS BRISAS DR,0,27.89361944,-82.30264444,0,8,0,0,2,3,0,1,1,10,0,10,0,0000000,99,99,99,99,99,99,0,0,0,1,0
12,121902,1,1,0,1,1,4,4,33,0,16,11,2012,6,19,39,0,14,3,SR-291,,99998,30.50693611,-87.22144444,0,8,0,0,1,1,0,1,3,1,0,1,0,0000000,99,99,99,99,99,99,0,0,0,1,0
12,121903,1,1,0,1,1,2,2,103,0,17,11,2012,7,14,41,0,6,3,SR-694,US-92,0,27.85045556,-82.66891389,0,9,0,1,5,1,0,1,1,1,0,1,0,0000000,99,99,99,99,88,88,0,0,0,1,1
12,121904,1,1,0,0,0,1,1,9,0,17,11,2012,7,23,39,1,2,2,US-1,,99998,28.77229444,-80.87920278,0,1,0,0,1,1,0,4,2,1,0,1,0,0000000,99,99,99,99,99,99,0,0,0,1,1
12,121905,2,2,0,0,0,2,2,57,0,20,11,2012,3,18,58,0,6,4,CR-39,,0,27.89898056,-82.12723333,0,12,2,0,1,1,0,1,2,1,0,1,0,0000000,99,99,99,99,88,88,0,0,0,1,0
12,121906,1,1,0,1,1,4,4,83,0,22,11,2012,5,19,45,1,13,2,US-301,,99998,28.97661944,-82.04119444,0,8,0,0,1,1,0,1,3,1,0,1,0,0000000,99,99,99,99,88,88,0,0,0,1,0
12,121907,2,2,0,0,0,2,2,85,0,23,11,2012,6,5,25,1,11,1,I-95,,99998,26.96990833,-80.17535,0,12,1,0,1,1,0,1,3,1,0,1,0,0000000,99,99,99,99,88,88,0,0,0,1,0
12,121908,1,1,0,1,1,1,1,87,2975,2,11,2012,6,19,40,1,13,2,US-1,,99998,24.99783889,-80.53793889,0,8,0,0,1,1,0,1,3,1,0,1,0,0000000,99,99,99,99,99,99,0,0,0,1,0
12,121909,1,1,0,0,0,1,1,11,790,11,11,2012,1,1,45,1,11,1,I-95,,99998,26.30463889,-80.11806944,0,1,0,0,1,1,0,5,3,1,0,1,0,0000000,99,99,99,99,99,99,0,0,0,1,1
12,121910,1,1,0,1,1,2,2,57,2540,11,11,2012,1,12,52,1,13,3,SR-39,ALEXANDER ST,99998,27.98892222,-82.12168611,0,8,0,0,3,2,0,1,1,1,0,1,0,0000000,99,99,99,99,99,99,0,0,0,1,0
12,121911,1,1,0,1,1,1,1,11,2260,14,11,2012,4,15,40,1,13,3,SR-816,,99998,26.1677,-80.31320278,0,9,0,0,1,1,0,1,1,1,0,1,0,0000000,99,99,99,99,99,99,0,0,0,1,0
12,121912,1,1,0,0,0,1,1,29,0,16,11,2012,6,17,10,0,6,4,CR-351,,0,29.49922778,-83.26273056,0,42,0,0,1,1,0,4,5,10,0,10,0,0000000,99,99,99,99,88,88,0,0,0,1,1
12,121913,2,2,0,0,0,2,2,31,1510,21,11,2012,4,6,30,0,14,3,SR-208,I-95 RAMP,99998,30.26976944,-81.76791667,0,12,6,1,5,1,0,1,1,1,0,1,0,0000000,99,99,99,99,99,99,0,0,0,1,0
12,121914,1,1,0,0,0,2,2,69,0,24,11,2012,7,4,35,0,6,6,BAY LAKE LOOP,,0,28.47755,-81.90729444,0,42,0,0,1,1,0,4,2,1,0,1,0,0000000,99,99,99,99,99,99,0,0,0,1,1
12,121915,2,2,0,0,0,2,2,11,790,25,11,2012,1,9,52,0,16,6,POWERLINE RD,HILLSBORO BLVD,0,26.3178,-80.15266667,0,12,6,0,2,2,0,1,1,1,0,1,0,0000000,99,99,99,99,99,99,0,0,0,1,0
12,121916,2,2,0,0,0,2,2,57,2950,20,7,2012,6,16,3,1,13,2,US-41,HEMLOCK STREET,99998,27.93826111,-82.43630278,0,12,6,0,2,2,0,1,1,1,0,1,0,0000000,99,99,99,99,99,99,0,0,0,1,0
12,121917,1,1,0,0,0,1,1,86,0,26,8,2012,1,0,40,1,2,2,US-41,SR-997,99998,25.76116667,-80.472,0,33,0,0,1,1,0,3,2,10,0,10,0,0000000,99,99,99,99,88,88,0,0,0,1,1
12,121918,1,1,0,0,0,2,2,127,0,27,8,2012,2,9,20,1,11,1,I-95,,99998,29.16774444,-81.08278889,0,24,0,0,1,1,0,3,1,2,0,2,0,0000000,99,99,99,99,99,99,0,0,0,1,0
12,121919,2,2,0,0,0,2,2,57,2950,7,9,2012,6,20,49,1,13,2,US-41,113TH AVE,99998,28.05083056,-82.45111667,0,12,1,0,3,3,0,1,2,1,0,1,0,0000000,99,99,99,99,88,88,0,0,0,1,1