STATE,ST_CASE,VE_TOTAL,VE_FORMS,PVH_INVL,PEDS,PERNOTMVIT,PERMVIT,PERSONS,COUNTY,CITY,DAY,MONTH,YEAR,DAY_WEEK,HOUR,MINUTE,NHS,ROAD_FNC,ROUTE,TWAY_ID,TWAY_ID2,MILEPT,LATITUDE,LONGITUD,SP_JUR,HARM_EV,MAN_COLL,RELJCT1,RELJCT2,TYP_INT,WRK_ZONE,REL_ROAD,LGT_COND,WEATHER1,WEATHER2,WEATHER,SCH_BUS,RAIL,NOT_HOUR,NOT_MIN,ARR_HOUR,ARR_MIN,HOSP_HR,HOSP_MN,CF1,CF2,CF3,FATALS,DRUNK_DR
12,121920,2,1,1,0,0,1,1,57,2950,8,9,2012,7,17,14,0,16,6,15TH ST,,0,27.961125,-82.44295556,0,33,0,0,1,1,0,4,1,1,0,1,0,0000000,99,99,99,99,99,99,0,0,0,1,1
12,121922,2,2,0,0,0,2,2,11,1050,15,9,2012,7,20,54,0,13,2,US-1,SE 20TH STREET,99998,26.09654444,-80.13658056,0,12,6,0,2,3,0,1,3,1,0,1,0,0000000,99,99,99,99,99,99,0,0,0,1,1
12,121923,1,1,0,1,1,1,1,73,2940,19,9,2012,4,19,50,1,13,2,US-27,,99998,30.42725556,-84.22855,0,8,0,0,1,1,0,1,3,1,0,1,0,0000000,99,99,99,99,99,99,0,0,0,1,0
12,121924,2,2,0,0,0,3,3,17,730,27,9,2012,5,11,8,1,13,2,US-19,19TH STREET,99998,28.913175,-82.60732222,0,1,0,0,2,2,0,1,1,1,0,1,0,0000000,99,99,99,99,99,99,0,0,0,1,0
12,121925,1,1,0,0,0,1,1,57,0,29,9,2012,7,11,30,1,11,1,I-75,,99998,27.65263056,-82.44085,0,42,0,0,1,1,0,5,1,1,0,1,0,0000000,99,99,99,99,99,99,0,0,0,1,0
12,121926,1,1,0,0,0,1,1,103,0,7,10,2012,1,23,5,0,6,8,BELCHER ROAD,,0,28.03087222,-82.74704167,0,33,0,0,1,1,0,3,2,1,0,1,0,0000000,99,99,99,99,99,99,0,0,0,1,1
12,121929,1,1,0,0,0,1,1,27,0,14,10,2012,1,7,33,0,6,4,CR-69/760,,0,27.16917222,-81.96006944,0,42,0,0,1,1,0,5,2,1,0,1,0,0000000,99,99,99,99,88,88,0,0,0,1,1
12,121930,2,2,0,0,0,2,2,97,1590,23,10,2012,3,19,12,0,16,6,MICHIGAN AVE,MILL SLOUGH RD,0,28.31528889,-81.39126667,0,12,6,0,2,3,0,1,2,1,0,1,0,0000000,99,99,99,99,99,99,0,0,0,1,1
12,121931,1,1,0,0,0,1,1,99,0,27,10,2012,7,4,37,0,6,8,SOUTH MILITARY TRAIL,MIRROR LAKES BLVD,0,26.53654167,-80.12281389,0,32,0,0,2,2,0,3,3,99,0,99,0,0000000,99,99,99,99,88,88,0,0,0,1,1
12,121932,1,1,0,1,1,3,3,55,1730,27,10,2012,7,15,19,0,16,6,PLAZA AVE,,0,27.29856944,-81.35713056,0,8,0,0,1,1,0,1,1,10,0,10,0,0000000,99,99,99,99,99,99,0,0,0,1,0
12,121933,2,2,0,0,0,2,2,73,0,27,10,2012,7,16,50,0,6,4,CR-361,,0,30.57767222,-84.35930556,0,12,2,0,1,1,0,1,1,1,0,1,0,0000000,99,99,99,99,88,88,0,0,0,1,1
12,121934,1,1,0,0,0,2,2,57,0,1,11,2012,5,2,9,0,3,3,SR-674,,99998,27.7054,-82.258925,0,42,0,0,1,1,0,5,2,1,0,1,0,0000000,99,99,99,99,99,99,0,0,0,1,1
12,121935,1,1,0,1,1,1,1,11,1420,2,11,2012,6,15,44,0,14,3,SR-822,,99998,26.0335,-80.15230556,0,8,0,0,1,1,0,1,1,1,0,1,0,0000000,99,99,99,99,99,99,0,0,0,1,0
12,121936,2,2,0,0,0,2,2,35,0,3,11,2012,7,20,17,1,2,2,US-1,,99998,29.39256944,-81.19108056,0,12,1,0,1,1,0,1,2,1,0,1,0,0000000,99,99,99,99,99,99,0,0,0,1,1
12,121939,1,1,0,0,0,1,1,71,0,6,11,2012,3,12,30,0,16,6,JAGUAR BLVD,,0,26.547675,-81.61024722,0,1,0,0,1,1,0,4,1,1,0,1,0,0000000,99,99,99,99,99,99,0,0,0,1,0
12,121940,2,2,0,0,0,4,4,85,0,6,11,2012,3,15,45,1,13,2,US-1,CR-706,99998,27.051275,-80.12912778,0,12,6,0,2,3,0,1,1,1,0,1,0,0000000,99,99,99,99,99,99,0,0,0,1,0
12,121941,2,2,0,0,0,3,3,53,0,9,11,2012,6,16,30,1,1,1,I-75,,99998,28.53449167,-82.23733889,0,12,1,0,1,1,0,1,1,1,0,1,0,0000000,99,99,99,99,99,99,0,0,0,1,0
12,121942,1,1,0,1,1,2,2,31,1510,10,11,2012,7,19,30,0,14,3,SR-134,NORDE DRIVE,99998,30.24836944,-81.752225,0,8,0,0,3,3,0,1,3,1,0,1,0,0000000,99,99,99,99,99,99,0,0,0,1,0
12,121943,1,1,0,1,1,1,1,11,1050,10,11,2012,7,18,55,0,16,6,NW 31ST AVE,,0,26.14214167,-80.18659167,0,8,0,0,1,1,0,1,3,1,0,1,0,0000000,99,99,99,99,99,99,0,0,0,1,0
12,121944,1,1,0,0,0,2,2,119,0,11,11,2012,1,15,40,1,11,1,I-75,,99998,28.64196111,-82.16088056,0,42,0,0,1,1,0,5,1,1,0,1,0,0000000,99,99,99,99,99,99,0,0,0,1,0
12,121945,2,2,0,0,0,3,3,11,2570,11,11,2012,1,16,21,0,13,3,SR-845,SR-834,99998,26.27436667,-80.15204167,0,12,6,0,2,2,0,1,1,1,0,1,0,0000000,99,99,99,99,99,99,0,0,0,1,0
12,121946,1,1,0,0,0,1,1,105,0,14,11,2012,4,13,5,0,6,8,DEEN STILL RD,,0,28.25871667,-81.90313333,0,38,0,0,1,1,0,4,1,10,0,10,0,0000000,99,99,99,99,88,88,0,0,0,1,0
12,121947,2,2,0,0,0,3,3,105,850,14,11,2012,4,6,8,1,13,2,US-27,,99998,28.02108056,-81.63284722,0,12,1,0,1,1,0,1,2,1,0,1,0,0000000,99,99,99,99,99,99,0,0,0,1,0
12,121948,1,1,0,1,1,1,1,31,1510,14,11,2012,4,18,43,0,16,6,S EDGEWOOD AVE,TRASK ST,0,30.31001667,-81.715575,0,15,0,0,2,3,0,1,3,2,0,2,0,0000000,99,99,99,99,99,99,0,0,0,1,0
12,121949,4,4,0,0,0,4,4,83,0,15,11,2012,5,14,0,0,6,4,CR-464,67TH AVE,0,29.13157778,-82.04134722,0,12,2,0,3,3,0,1,1,10,0,10,0,0000000,99,99,99,99,99,99,14,0,0,1,0
12,121950,1,1,0,1,1,1,1,103,570,15,11,2012,5,18,37,0,14,3,SR-590,,99998,27.96813611,-82.78119722,0,9,0,0,1,1,0,1,3,10,0,10,0,0000000,99,99,99,99,88,88,0,0,0,1,1
12,121951,2,2,0,0,0,2,2,103,2530,15,11,2012,5,3,0,1,12,2,US-19,,99998,27.87473611,-82.72895833,0,12,1,0,1,1,0,1,3,1,0,1,0,0000000,99,99,99,99,88,88,0,0,0,1,1
12,121952,1,1,0,0,0,1,1,5,0,16,11,2012,6,23,40,0,6,4,CR-396,DELWOOD DRIVE,0,30.14499722,-85.71306111,0,42,0,0,2,3,0,5,2,1,0,1,0,0000000,99,99,99,99,88,88,0,0,0,1,0
12,121953,1,1,0,1,1,1,1,11,2260,16,11,2012,6,18,36,0,16,6,E COMMERCIAL BLVD,,0,26.1888,-80.13954167,0,9,0,0,1,1,0,1,3,1,0,1,0,0000000,99,99,99,99,99,99,0,0,0,1,0
12,121954,1,1,0,1,1,1,1,11,1420,16,11,2012,6,22,43,1,13,3,SR-822,,99998,26.03221944,-80.20684444,0,9,0,0,1,1,0,1,3,10,0,10,0,0000000,99,99,99,99,99,99,0,0,0,1,0
12,121955,1,1,0,1,1,1,1,57,0,16,11,2012,6,22,23,0,6,8,ANDERSON RD,CORPORATE LAKE DR,0,28.03526111,-82.54146944,0,8,0,0,2,2,0,1,3,10,0,10,0,0000000,99,99,99,99,88,88,0,0,0,1,0
12,121956,1,1,0,0,0,1,1,89,0,17,11,2012,7,2,35,0,6,8,BARNWELL ROAD,,0,30.63326111,-81.51628889,0,33,0,0,1,1,0,4,2,1,0,1,0,0000000,99,99,99,99,88,88,0,0,0,1,1
12,121957,2,2,0,0,0,2,2,95,0,18,11,2012,1,9,23,0,6,8,CURRY FORD RD,PINE BRANCH DR,0,28.51181944,-81.2833,0,12,6,0,2,3,0,1,1,10,0,10,0,0000000,99,99,99,99,99,99,0,0,0,1,0
12,121958,1,1,0,0,0,1,1,97,0,18,11,2012,1,17,39,0,6,8,BOGGY CREEK RD,,0,28.33098056,-81.33113333,0,1,0,0,1,1,0,4,1,1,0,1,0,0000000,99,99,99,99,99,99,0,0,0,1,1
12,121959,1,1,0,1,1,1,1,57,2540,19,11,2012,2,14,26,1,13,3,SR-39,,99998,27.97047222,-82.12169444,0,9,0,0,1,1,0,1,1,10,0,10,0,0000000,99,99,99,99,99,99,0,0,0,1,0
12,121960,3,3,0,0,0,3,3,33,2490,19,11,2012,2,11,18,0,16,6,GARDEN ST,A ST,0,30.41123056,-87.22616944,0,12,6,0,2,2,0,1,1,1,0,1,0,0000000,99,99,99,99,99,99,0,0,0,1,0
12,121961,1,1,0,1,1,1,1,11,760,21,11,2012,4,4,0,1,11,1,I-95,,99998,26.04265556,-80.16292778,0,8,0,0,1,1,0,1,3,1,0,1,0,0000000,99,99,99,99,88,88,0,0,0,1,0
12,121962,1,1,0,0,0,1,1,85,0,21,11,2012,4,12,10,1,11,1,I-95,,99998,27.12377778,-80.27731667,0,24,0,0,1,1,0,4,1,1,0,1,0,0000000,99,99,99,99,88,88,0,0,0,1,0
12,121964,1,1,0,0,0,1,1,129,0,21,11,2012,4,0,40,1,2,2,US-319,,99998,30.14971389,-84.385675,0,42,0,0,1,1,0,5,2,1,0,1,0,0000000,99,99,99,99,88,88,0,0,0,1,1
12,121965,2,2,0,0,0,3,3,57,0,21,11,2012,4,15,42,1,13,2,US-92,BETHLEHEM RD,99998,28.02184444,-82.20359167,0,12,6,0,2,2,0,1,1,1,0,1,0,0000000,99,99,99,99,99,99,0,0,0,1,0
12,121966,1,1,0,0,0,1,1,19,0,21,11,2012,4,23,39,0,16,6,CR-209,,0,30.04724722,-81.80801111,0,1,0,0,1,1,0,1,2,1,0,1,0,0000000,99,99,99,99,88,88,0,0,0,1,1
12,121967,1,1,0,0,0,1,1,95,0,22,11,2012,5,1,35,0,6,8,WEWAHOOTEE RD,,0,28.42235556,-81.17346389,0,42,0,0,1,1,0,4,2,1,0,1,0,0000000,99,99,99,99,88,88,0,0,0,1,1
12,121968,1,1,0,0,0,3,3,119,0,22,11,2012,5,3,19,0,6,4,CR-462,,0,28.88363611,-82.02308889,0,1,0,0,1,1,0,4,2,1,0,1,0,0000000,99,99,99,99,99,99,0,0,0,1,1
12,121969,1,1,0,0,0,2,2,21,0,22,11,2012,5,16,7,1,11,1,I-75,,99998,26.15515278,-81.27738611,0,1,0,0,1,1,0,4,1,1,0,1,0,0000000,99,99,99,99,99,99,0,0,0,1,0
12,121970,1,1,0,0,0,1,1,85,2811,22,11,2012,5,16,14,0,14,3,SR-A1A,,99998,27.20119444,-80.20383889,0,2,0,0,1,1,1,1,1,1,0,1,0,0000000,99,99,99,99,88,88,0,0,0,1,1
12,121971,1,1,0,1,1,1,1,83,2270,22,11,2012,5,1,10,1,13,2,US-441,SR-200,99998,29.17918056,-82.14063889,0,8,0,0,3,2,0,1,3,1,0,1,0,0000000,99,99,99,99,88,88,0,0,0,1,0
12,121972,1,1,0,0,0,1,1,119,0,22,11,2012,5,10,50,1,11,1,I-75,,99998,28.69976111,-82.12586389,0,24,0,0,1,1,0,3,1,1,0,1,0,0000000,99,99,99,99,99,99,0,0,0,1,0
12,121973,1,1,0,1,1,2,2,105,0,25,11,2012,1,1,40,0,6,4,CR-540A,,0,27.95296111,-81.93542778,0,8,0,0,1,1,0,2,2,1,0,1,0,0000000,99,99,99,99,88,88,0,0,0,1,1
12,121974,1,1,0,0,0,1,1,127,2375,26,11,2012,2,0,37,0,16,4,CR-2813,,0,29.27491944,-81.14870833,0,33,0,0,1,1,0,4,3,1,0,1,0,0000000,99,99,99,99,88,88,0,0,0,1,0
12,121975,2,2,0,0,0,3,3,69,0,26,11,2012,2,14,43,0,6,8,CR-561,LAKESHORE DR,0,28.59043333,-81.76190833,0,12,6,0,2,2,0,1,1,1,0,1,0,0000000,99,99,99,99,99,99,0,0,0,1,0
12,121976,3,3,0,0,0,3,3,95,0,26,11,2012,2,18,10,0,14,3,SR-424,WEBSTER AVE,99998,28.58698056,-81.39383333,0,12,6,0,2,3,0,1,3,1,0,1,0,0000000,18,12,18,17,99,99,0,0,0,1,0
12,121977,3,3,0,0,0,4,4,89,0,26,11,2012,2,18,28,1,2,2,US-301,,99998,30.37082222,-81.94400278,0,12,2,0,1,1,4,1,2,1,0,1,0,0000000,99,99,99,99,99,99,14,0,0,1,0
12,121978,1,1,0,1,1,1,1,69,0,26,11,2012,2,21,0,1,2,2,US-192,,99998,28.34691111,-81.658025,0,8,0,0,1,1,0,1,2,1,0,1,0,0000000,99,99,99,99,88,88,0,0,0,1,0
12,121979,1,1,0,1,1,2,2,11,2541,26,11,2012,2,21,9,1,13,3,SR-842,,99998,26.1209,-80.23818056,0,8,0,0,1,1,0,1,3,1,0,1,0,0000000,99,99,99,99,88,88,0,0,0,1,0
12,121980,2,2,0,0,0,2,2,83,2270,26,11,2012,2,16,20,0,16,6,36TH AVE,7TH ST,0,29.19366111,-82.08675,0,12,6,0,2,2,0,1,1,1,0,1,0,0000000,99,99,99,99,99,99,0,0,0,1,0
12,121981,2,2,0,0,0,3,3,95,0,27,11,2012,3,8,22,0,14,3,SR-551,CHARLIN PKWY,99998,28.48818611,-81.28538611,0,12,6,0,2,2,0,1,1,1,0,1,0,0000000,99,99,99,99,99,99,0,0,0,1,0
12,121982,1,1,0,0,0,1,1,103,0,27,11,2012,3,19,39,1,13,2,US-92,,99998,27.87585556,-82.59596111,0,30,0,0,1,1,0,4,3,1,0,1,0,0000000,99,99,99,99,88,88,0,0,0,1,1
12,121983,1,1,0,1,1,1,1,103,0,27,11,2012,3,12,25,0,6,8,DUHME RD,51ST AVE,0,27.81819722,-82.79526667,0,9,0,0,2,3,0,1,1,1,0,1,0,0000000,99,99,99,99,88,88,0,0,0,1,0
12,121984,11,11,0,0,0,12,12,85,0,29,11,2012,5,7,57,1,11,1,I-95,,99998,27.11730278,-80.26673889,0,12,1,0,1,1,0,1,1,1,0,1,0,0000000,99,99,99,99,99,99,0,0,0,1,0
12,121985,10,1,9,0,0,1,1,95,0,29,11,2012,5,11,4,1,13,3,SR-527,,99998,28.46186111,-81.36714167,0,10,0,0,6,1,0,1,1,1,0,1,0,622318S,99,99,99,99,88,88,14,0,0,1,0
12,121986,2,2,0,0,0,3,3,29,0,29,11,2012,5,14,30,1,2,2,US-19,,99998,29.60305,-83.02341667,0,12,6,0,4,1,0,1,1,1,0,1,0,0000000,99,99,99,99,88,88,0,0,0,1,0
12,121987,1,1,0,2,2,1,1,95,0,30,11,2012,6,19,49,0,6,8,LANDSTAR BLVD,ISLAND COVE DR,0,28.36155,-81.36498889,0,8,0,0,2,2,0,1,5,1,0,1,0,0000000,99,99,99,99,88,88,0,0,0,2,0
12,121988,1,1,0,0,0,1,1,57,0,30,11,2012,6,23,27,1,13,3,SR-580,,99998,28.00671111,-82.60256111,0,33,0,0,1,1,0,4,2,1,0,1,0,0000000,99,99,99,99,99,99,0,0,0,1,1
12,121989,1,1,0,0,0,1,1,73,2940,30,11,2012,6,16,42,0,16,6,ALABAMA ST,,0,30.456375,-84.29677778,0,19,0,0,1,1,0,4,1,1,0,1,0,0000000,99,99,99,99,88,88,20,0,0,1,0
12,121990,1,1,0,0,0,1,1,63,0,1,12,2012,7,11,45,0,6,8,CR-69A,,0,30.68601944,-85.00886944,0,32,0,0,1,1,0,4,1,1,0,1,0,0000000,99,99,99,99,88,88,0,0,0,1,1
12,121991,1,1,0,0,0,2,2,9,0,1,12,2012,7,17,5,0,6,4,CR-513,,0,28.13639444,-80.59822222,0,53,0,0,1,1,0,4,1,1,0,1,0,0000000,99,99,99,99,88,88,0,0,0,2,0
12,121992,1,1,0,0,0,1,1,33,0,1,12,2012,7,19,35,1,11,1,I-10,,99998,30.50437778,-87.27714444,0,42,0,0,1,1,0,4,2,1,0,1,0,0000000,99,99,99,99,99,99,0,0,0,1,0
12,121993,1,1,0,1,1,2,2,103,570,1,12,2012,7,19,42,1,13,2,US-19,,99998,27.95915833,-82.78761389,0,8,0,0,1,1,0,1,3,1,0,1,0,0000000,99,99,99,99,99,99,0,0,0,1,0
12,121994,1,1,0,0,0,1,1,79,0,1,12,2012,7,21,27,0,6,8,CR-253,,0,30.60971111,-83.43408889,0,32,0,0,1,1,0,4,2,1,0,1,0,0000000,99,99,99,99,88,88,0,0,0,1,1
12,121995,2,2,0,0,0,2,2,86,2010,1,12,2012,7,8,6,1,2,3,SR-821,,99998,25.93757222,-80.36509444,0,12,7,0,1,1,0,1,1,1,0,1,0,0000000,99,99,99,99,99,99,0,0,0,1,0
12,121996,1,1,0,1,1,1,1,95,0,2,12,2012,1,2,18,0,6,8,INTERNATIONAL DR,,0,28.43757222,-81.47210278,0,8,0,0,1,1,0,1,2,1,0,1,0,0000000,99,99,99,99,88,88,0,0,0,1,0
12,121997,1,1,0,0,0,3,3,103,0,2,12,2012,1,14,33,1,11,1,I-275,,99998,27.76123611,-82.66963056,0,1,0,0,1,1,0,3,1,1,0,1,0,0000000,99,99,99,99,99,99,0,0,0,1,1
12,121998,4,4,0,0,0,5,5,101,0,3,12,2012,2,7,26,0,3,2,US-41,,99998,28.29356111,-82.49100556,0,43,0,0,1,1,0,4,1,10,0,10,0,0000000,7,28,7,32,99,99,0,0,0,2,1
12,121999,1,1,0,0,0,1,1,129,2836,3,12,2012,2,15,15,0,16,4,CR-372,,0,30.05849167,-84.47435833,0,53,0,0,1,1,0,4,1,1,0,1,0,0000000,99,99,99,99,99,99,0,0,0,1,1
12,122000,2,2,0,0,0,3,3,15,0,3,12,2012,2,16,37,0,14,3,SR-776,BIGGS ST,99998,26.93458056,-82.29658611,0,12,6,0,2,2,0,1,1,1,0,1,0,0000000,99,99,99,99,99,99,0,0,0,2,0
12,122001,1,1,0,1,1,1,1,71,0,4,12,2012,3,6,28,0,16,6,SUNSHINE BLVD,7TH ST,0,26.60683889,-81.67930278,0,8,0,0,3,3,0,1,2,1,0,1,0,0000000,99,99,99,99,88,88,0,0,0,1,0
12,122002,1,1,0,1,1,1,1,111,0,4,12,2012,3,21,57,0,6,8,NW PRIMA VISTA BLVD,,0,27.32283056,-80.33654167,0,8,0,0,1,1,0,1,3,1,0,1,0,0000000,99,99,99,99,88,88,0,0,0,1,0
12,122004,1,1,0,1,1,1,1,97,0,5,12,2012,4,10,3,1,13,2,US-441,DONEGAN AVE,99998,28.31851944,-81.40369722,0,8,0,0,3,1,0,1,1,10,0,10,0,0000000,99,99,99,99,99,99,0,0,0,1,0
12,122005,1,1,0,1,1,2,2,109,0,5,12,2012,4,18,45,1,11,1,I-95,,99998,29.92248889,-81.41418889,0,8,0,0,1,1,0,1,2,1,0,1,0,0000000,99,99,99,99,88,88,0,0,0,1,0
12,122006,1,1,0,1,1,1,1,103,0,6,12,2012,5,5,25,0,6,4,CR-611,48TH AVE N,0,27.81568889,-82.69988889,0,8,0,0,2,3,0,1,3,10,0,10,0,0000000,99,99,99,99,99,99,0,0,0,1,0
12,122007,2,2,0,0,0,2,2,69,1820,6,12,2012,5,12,2,1,13,2,US-27,,99998,28.78323056,-81.88760833,0,12,6,0,1,1,0,1,1,10,0,10,0,0000000,99,99,99,99,88,88,0,0,0,1,0
12,122008,2,2,0,0,0,2,2,115,0,7,12,2012,6,0,55,1,13,2,US-301,47TH STREET,99998,27.37488611,-82.53073889,0,12,6,1,2,2,0,1,3,1,0,1,0,0000000,99,99,99,99,99,99,0,0,0,1,1
12,122009,1,1,0,1,1,1,1,5,2450,7,12,2012,6,17,15,1,13,2,US-98,,99998,30.17518889,-85.66548889,0,8,0,0,1,1,0,1,3,1,0,1,0,0000000,99,99,99,99,99,99,0,0,0,1,0
12,122010,1,1,0,0,0,1,1,39,0,8,12,2012,7,3,20,1,11,1,I-10,,99998,30.62942222,-84.88351111,0,1,0,0,1,1,0,4,2,5,0,5,0,0000000,99,99,99,99,88,88,0,0,0,1,1
12,122011,1,1,0,0,0,1,1,79,0,8,12,2012,7,13,0,1,11,1,I-10,,99998,30.444975,-83.693675,0,42,0,0,1,1,0,4,1,1,0,1,0,0000000,99,99,99,99,88,88,0,0,0,1,0
12,122012,2,2,0,0,0,2,2,121,0,8,12,2012,7,14,40,0,6,8,CR-49,180TH ST,0,30.120175,-82.87893056,0,12,6,0,2,2,0,1,1,10,0,10,0,0000000,99,99,99,99,99,99,0,0,0,1,1
12,122013,6,6,0,0,0,12,12,11,2570,8,12,2012,7,7,55,1,13,3,SR-834,POWERLINE RD,99998,26.27445278,-80.152125,0,12,6,0,2,2,0,1,1,1,0,1,0,0000000,99,99,99,99,99,99,0,0,0,1,0
12,122014,1,1,0,0,0,1,1,11,633,6,6,2012,4,21,56,0,16,6,W COPANS RD,,0,26.25985833,-80.17911667,0,59,0,0,1,1,0,4,2,1,0,1,0,0000000,99,99,99,99,99,99,0,0,0,1,0
12,122015,2,2,0,0,0,3,3,86,735,10,7,2012,3,8,40,1,13,2,US-1,SW 20400 DIXIE HWY,99998,25.61472222,-80.34653611,0,12,6,0,2,3,0,1,3,1,0,1,0,0000000,99,99,99,99,99,99,0,0,0,1,0
12,122016,1,1,0,1,1,1,1,86,2023,23,7,2012,2,6,44,0,16,6,18700 NW 17TH AVE,18701 17TH AVE,0,25.94516667,-80.229425,0,15,0,0,8,1,0,1,1,1,0,1,0,0000000,99,99,99,99,99,99,0,0,0,1,0
12,122017,1,1,0,0,0,2,2,119,0,11,8,2012,7,20,31,0,6,8,BUENA VISTA BLVD,,0,28.95295556,-82.00103611,0,5,0,0,1,1,0,1,5,1,0,1,0,0000000,20,4,20,8,99,99,0,0,0,1,1
12,122018,2,2,0,0,0,15,15,99,290,24,9,2012,2,15,8,1,13,2,US-1,,99998,26.37265278,-80.07654444,0,12,1,0,1,1,0,1,1,10,0,10,0,0000000,99,99,99,99,99,99,0,0,0,1,1
12,122019,2,2,0,0,0,2,2,86,0,6,10,2012,7,13,45,0,14,3,SR-915,NE 150TH ST,99998,25.91290833,-80.18749444,0,12,6,0,2,3,0,1,1,1,0,1,0,0000000,99,99,99,99,88,88,0,0,0,1,0
12,122020,2,2,0,0,0,3,3,115,0,2,11,2012,6,15,50,1,13,2,US-41,,99998,27.08982222,-82.43150278,0,12,6,0,8,1,0,1,1,1,0,1,0,0000000,99,99,99,99,99,99,0,0,0,1,0
12,122021,1,1,0,1,1,3,3,57,0,15,11,2012,5,17,5,0,6,8,LIVINGSTON AVE,,0,28.17063056,-82.42824722,0,9,0,0,1,1,0,1,5,10,0,10,0,0000000,99,99,99,99,99,99,0,0,0,1,0
12,122022,1,1,0,1,1,1,1,71,0,23,11,2012,6,5,43,1,13,3,SR-78,DANIELS DR,99998,26.6829,-81.87727222,0,8,0,0,3,2,0,1,3,1,0,1,0,0000000,99,99,99,99,99,99,0,0,0,1,0
12,122023,2,2,0,0,0,3,3,83,2270,28,11,2012,4,16,33,0,13,3,SR-200,SW 46TH CT,99998,29.13921389,-82.1961,0,12,6,0,2,2,0,1,1,1,0,1,0,0000000,99,99,99,99,99,99,0,0,0,1,0
12,122024,1,1,0,0,0,1,1,11,2570,1,12,2012,7,20,45,0,16,6,W MCNAB RD,,0,26.21082222,-80.13283611,0,33,0,0,1,1,0,3,3,10,0,10,0,0000000,99,99,99,99,99,99,0,0,0,1,1
12,122025,1,1,0,0,0,1,1,35,410,3,12,2012,2,21,55,1,2,2,US-1,,99998,29.43237222,-81.23146389,0,1,0,0,1,1,0,5,2,1,0,1,0,0000000,99,99,99,99,88,88,0,0,0,1,1
12,122026,1,1,0,0,0,1,1,57,0,3,12,2012,2,11,5,1,11,1,I-4,,99998,28.01296389,-82.27561111,0,52,0,0,1,1,0,4,1,10,0,10,0,0000000,99,99,99,99,99,99,0,0,0,1,0
12,122027,1,1,0,1,1,1,1,57,0,6,12,2012,5,6,42,1,13,2,US-41,,99998,27.846325,-82.38169444,0,8,0,0,1,1,0,1,3,1,0,1,0,0000000,99,99,99,99,88,88,0,0,0,1,0
12,122028,1,1,0,1,1,1,1,103,0,7,12,2012,6,19,28,1,13,2,US-19,HIGHLANDS BLVD,99998,28.08183056,-82.73901389,0,8,0,0,3,2,0,1,3,1,0,1,0,0000000,99,99,99,99,88,88,19,0,0,1,0
12,122029,2,2,0,0,0,2,2,33,0,10,12,2012,2,5,50,0,3,3,SR-97,,99998,30.78584722,-87.40771667,0,12,2,0,1,1,0,1,4,10,0,10,0,0000000,99,99,99,99,88,88,0,0,0,1,0
12,122030,2,2,0,0,0,2,2,11,2468,10,12,2012,2,12,53,1,13,3,SR-820,PALM AVE S,99998,26.00844444,-80.26891389,0,12,6,0,2,3,0,1,1,1,0,1,0,0000000,99,99,99,99,99,99,0,0,0,1,0
12,122031,1,1,0,0,0,1,1,31,1510,12,12,2012,4,15,45,0,16,6,NEW BERLIN RD,,0,30.45662778,-81.55833056,0,30,0,0,1,1,0,4,1,2,0,2,0,0000000,99,99,99,99,88,88,0,0,0,1,1
12,122032,2,2,0,1,1,2,2,57,2950,5,12,2012,4,17,55,1,13,3,SR-580,,99998,28.03258056,-82.41839167,0,8,0,0,1,1,0,1,3,1,0,1,0,0000000,99,99,99,99,88,88,0,0,0,1,0
12,122033,2,2,0,0,0,2,2,86,1340,5,10,2012,6,22,34,0,16,6,HIALEAH GARDENS BLVD,84TH ST,0,25.89850278,-80.35145,0,12,1,0,3,2,0,1,3,1,0,1,0,0000000,99,99,99,99,99,99,0,0,0,1,0
12,122034,2,2,0,0,0,3,3,103,0,27,10,2012,7,22,45,1,13,2,US-19,,99998,27.80998889,-82.75337222,0,12,7,0,1,1,0,1,3,10,0,10,0,0000000,99,99,99,99,99,99,0,0,0,1,0
12,122035,2,2,0,0,0,2,2,127,920,26,11,2012,2,12,46,1,13,2,US-1,INDIAN RIVER BLVD,99998,28.97180556,-80.89538333,0,12,6,0,2,3,0,1,1,1,0,1,0,0000000,99,99,99,99,99,99,0,0,0,1,1
12,122036,1,1,0,0,0,1,1,95,0,30,11,2012,6,7,10,1,13,3,SR-408,,99998,28.53543611,-81.52960556,0,1,0,1,5,1,0,1,1,1,0,1,0,0000000,99,99,99,99,99,99,0,0,0,1,0
12,122037,2,2,0,0,0,3,3,83,0,2,12,2012,1,2,38,1,11,1,I-75,,99998,29.04905278,-82.16704167,0,12,1,0,1,1,0,1,2,10,0,10,0,0000000,99,99,99,99,88,88,19,0,0,2,0
12,122038,1,1,0,0,0,2,2,101,0,2,12,2012,1,3,7,0,6,8,HILLTOP DR,,0,28.30773889,-82.65991111,0,30,0,0,1,1,0,4,2,1,0,1,0,0000000,99,99,99,99,99,99,0,0,0,1,1