STATE,ST_CASE,VE_TOTAL,VE_FORMS,PVH_INVL,PEDS,PERNOTMVIT,PERMVIT,PERSONS,COUNTY,CITY,DAY,MONTH,YEAR,DAY_WEEK,HOUR,MINUTE,NHS,ROAD_FNC,ROUTE,TWAY_ID,TWAY_ID2,MILEPT,LATITUDE,LONGITUD,SP_JUR,HARM_EV,MAN_COLL,RELJCT1,RELJCT2,TYP_INT,WRK_ZONE,REL_ROAD,LGT_COND,WEATHER1,WEATHER2,WEATHER,SCH_BUS,RAIL,NOT_HOUR,NOT_MIN,ARR_HOUR,ARR_MIN,HOSP_HR,HOSP_MN,CF1,CF2,CF3,FATALS,DRUNK_DR
12,122039,1,1,0,2,2,1,1,29,0,4,12,2012,3,18,8,0,6,8,CR-55A,,0,29.59112222,-83.05662222,0,49,0,0,1,1,0,1,2,1,0,1,0,0000000,99,99,99,99,99,99,0,0,0,2,0
12,122040,2,2,0,0,0,2,2,95,0,7,12,2012,6,1,35,0,14,3,SR-551,,99998,28.55576944,-81.28596389,0,12,2,0,8,1,0,1,3,10,0,10,0,0000000,99,99,99,99,99,99,0,0,0,1,0
12,122041,1,1,0,1,1,1,1,103,0,10,12,2012,2,18,30,0,6,8,113TH ST,,0,27.83608611,-82.79545833,0,8,0,0,1,1,0,1,3,2,0,2,0,0000000,99,99,99,99,88,88,0,0,0,1,0
12,122042,1,1,0,1,1,1,1,86,0,2,7,2012,2,21,7,0,14,3,SR-860,,99998,25.94231389,-80.31008611,0,8,0,0,1,1,0,1,3,1,0,1,0,0000000,99,99,99,99,88,88,0,0,0,1,0
12,122043,2,2,0,1,1,2,2,103,2806,8,7,2012,1,1,7,0,16,6,CR-694,,0,27.83975833,-82.79166389,0,8,0,0,1,1,0,1,3,1,0,1,0,0000000,99,99,99,99,99,99,0,0,0,1,1
12,122044,1,1,0,1,1,1,1,115,3050,24,7,2012,3,7,5,0,16,6,E VENICE AVE,SR-45A,0,27.09971667,-82.43348889,0,9,0,0,2,2,0,1,1,1,0,1,0,0000000,99,99,99,99,99,99,0,0,0,1,0
12,122045,2,2,0,0,0,2,2,86,2023,5,8,2012,1,15,23,0,14,3,SR-847,,99998,25.94675556,-80.27778611,0,12,1,0,1,1,0,1,1,1,0,1,0,0000000,99,99,99,99,99,99,0,0,0,1,1
12,122046,2,2,0,0,0,2,2,69,1820,25,8,2012,7,14,27,1,13,2,US-441,CR-449,99998,28.82879722,-81.80625556,0,12,6,0,2,2,0,1,1,2,0,2,0,0000000,99,99,99,99,88,88,0,0,0,1,0
12,122047,2,2,0,0,0,2,2,71,457,11,10,2012,5,7,52,0,16,6,ANDALUSIA BLVD,NE 12TH ST,0,26.674725,-81.95707222,0,12,7,0,3,3,0,1,1,1,0,1,0,0000000,99,99,99,99,99,99,0,0,0,1,1
12,122048,1,1,0,1,1,1,1,111,1080,19,10,2012,6,11,33,0,16,6,N 25TH ST,AVE Q,0,27.4657,-80.34973611,0,15,0,0,2,2,0,1,1,1,0,1,0,0000000,99,99,99,99,99,99,0,0,0,1,0
12,122049,1,1,0,0,0,1,1,17,0,25,10,2012,5,10,50,0,6,4,CR-480,,0,28.69993611,-82.43037222,0,42,0,0,1,1,0,4,1,1,0,1,0,0000000,99,99,99,99,88,88,0,0,0,1,0
12,122050,1,1,0,0,0,1,1,101,0,1,11,2012,5,0,50,1,11,1,I-75,,99998,28.27618889,-82.3263,0,42,0,0,1,1,0,5,2,1,0,1,0,0000000,99,99,99,99,88,88,0,0,0,1,1
12,122051,1,1,0,0,0,1,1,107,0,10,11,2012,7,12,50,0,6,6,SALT SPRINGS ROAD,,0,29.40666667,-81.70237222,0,1,0,0,1,1,0,1,1,1,0,1,0,0000000,99,99,99,99,99,99,0,0,0,1,0
12,122052,1,1,0,1,1,1,1,71,0,21,11,2012,4,19,5,1,13,2,US-41,,99998,26.42833611,-81.81101667,0,8,0,0,1,1,0,1,2,1,0,1,0,0000000,99,99,99,99,99,99,0,0,0,1,0
12,122053,1,1,0,0,0,1,1,83,0,31,10,2012,4,16,18,0,6,8,SW 19TH AVENUE RD,,0,28.988575,-82.16057222,0,42,0,0,1,1,0,4,1,1,0,1,0,0000000,99,99,99,99,99,99,0,0,0,1,1
12,122054,1,1,0,0,0,1,1,119,0,25,11,2012,1,10,10,1,2,3,SR-50,,99998,28.56401111,-82.02683056,0,42,0,0,1,1,0,5,1,1,0,1,0,0000000,99,99,99,99,88,88,0,0,0,1,0
12,122055,2,2,0,0,0,5,5,53,0,30,11,2012,6,17,55,0,6,8,MARINER BLVD,LANDOVER BLVD,0,28.53038056,-82.51151389,0,12,6,0,2,2,0,1,3,1,0,1,0,0000000,99,99,99,99,99,99,0,0,0,1,0
12,122056,1,1,0,0,0,1,1,99,0,30,11,2012,6,16,3,0,6,8,PALMETTO PARK RD,,0,26.35023056,-80.15824444,0,1,0,0,1,1,0,1,1,1,0,1,0,0000000,99,99,99,99,99,99,0,0,0,1,0
12,122057,1,1,0,1,1,3,3,103,1770,2,12,2012,1,13,52,0,16,6,PARK VIEW LN,,0,27.905925,-82.80007222,0,15,0,0,8,1,0,1,1,1,0,1,0,0000000,99,99,99,99,99,99,0,0,0,1,0
12,122059,2,2,0,0,0,5,5,1,0,4,12,2012,3,12,45,0,16,5,CR-235,NW 6TH LN,0,29.66463056,-82.59308056,0,12,2,0,1,1,0,1,1,1,0,1,0,0000000,99,99,99,99,99,99,0,0,0,1,0
12,122060,1,1,0,0,0,1,1,23,0,7,12,2012,6,23,34,1,11,1,I-10,,99998,30.25548611,-82.71882222,0,1,0,0,1,1,0,3,2,10,0,10,0,0000000,99,99,99,99,88,88,0,0,0,1,1
12,122061,1,1,0,1,1,4,4,57,0,8,12,2012,7,4,46,1,11,1,I-275,,99998,27.93769167,-82.55947222,0,8,0,0,1,1,0,1,3,10,0,10,0,0000000,99,99,99,99,88,88,0,0,0,1,0
12,122062,3,3,0,0,0,4,4,103,2530,9,12,2012,1,13,39,0,16,6,49TH ST,62ND AVE,0,27.82834444,-82.69999444,0,12,6,0,2,2,0,1,1,1,0,1,0,0000000,99,99,99,99,99,99,0,0,0,1,1
12,122063,2,2,0,0,0,3,3,99,2431,11,12,2012,3,5,5,1,12,3,SR-91,,99998,26.82187778,-80.13052778,0,12,11,0,1,1,0,1,3,2,0,2,0,0000000,99,99,99,99,99,99,23,19,0,2,1
12,122064,2,2,0,0,0,4,4,111,0,11,12,2012,3,17,54,0,6,8,25TH ST,CANOE CREEK LN,0,27.36899444,-80.35036944,0,12,6,0,2,3,0,1,2,1,0,1,0,0000000,99,99,99,99,99,99,0,0,0,1,0
12,122065,3,3,0,0,0,3,3,71,0,13,12,2012,5,19,49,1,13,2,US-41,,99998,26.70976667,-81.89962778,0,12,2,0,1,1,0,1,3,1,0,1,0,0000000,99,99,99,99,99,99,0,0,0,1,1
12,122066,3,3,0,0,0,3,3,99,0,14,12,2012,6,5,9,1,12,3,SR-91,,99998,26.72278889,-80.13558056,0,12,1,0,1,1,0,1,2,2,0,2,0,0000000,99,99,99,99,99,99,19,21,23,1,0
12,122067,1,1,0,0,0,2,2,127,0,15,12,2012,7,21,47,0,6,8,LEATHER FERN LN,,0,28.737875,-81.02290833,0,42,0,0,1,1,0,4,2,1,0,1,0,0000000,99,99,99,99,99,99,0,0,0,1,1
12,122069,1,1,0,1,1,1,1,99,1920,3,8,2012,6,21,25,0,16,6,45TH ST,,0,26.75331667,-80.07244167,0,9,0,0,1,1,0,1,3,1,0,1,0,0000000,99,99,99,99,99,99,0,0,0,1,0
12,122070,2,2,0,0,0,3,3,111,2601,9,8,2012,5,20,2,0,16,6,SW ROSSER BLVD,SW MERIDIAN AVE,0,27.25179167,-80.39968056,0,12,8,0,3,3,0,1,5,1,0,1,0,0000000,99,99,99,99,88,88,0,0,0,1,1
12,122071,3,3,0,0,0,5,5,86,0,5,10,2012,6,22,35,0,6,8,SW 56 ST,SW 154 CT,0,25.7136,-80.44363056,0,12,1,0,3,3,0,1,3,1,0,1,0,0000000,99,99,99,99,99,99,14,0,0,1,2
12,122072,3,3,0,0,0,3,3,71,457,9,11,2012,6,11,7,0,16,4,CR-765,SW 4TH LN,0,26.64351667,-82.040075,0,12,6,0,1,1,0,1,1,1,0,1,0,0000000,99,99,99,99,99,99,0,0,0,1,0
12,122073,1,1,0,0,0,2,2,5,2456,23,11,2012,6,21,14,0,14,2,US-98,ALFORD ST,99998,30.13399167,-85.61480556,0,1,0,0,3,3,0,5,6,10,0,10,0,0000000,99,99,99,99,99,99,0,0,0,1,1
12,122074,1,1,0,1,1,1,1,9,0,28,11,2012,4,19,30,1,13,3,SR-A1A,,99998,28.27370833,-80.60888056,0,8,0,0,1,1,0,1,2,1,0,1,0,0000000,99,99,99,99,88,88,0,0,0,1,0
12,122075,1,1,0,1,1,1,1,57,2950,1,12,2012,7,3,0,1,13,2,US-92,LINCOLN AVE N,99998,27.99598611,-82.49678889,0,8,0,0,2,2,0,1,3,1,0,1,0,0000000,99,99,99,99,88,88,0,0,0,1,0
12,122076,2,2,0,0,0,3,3,65,0,3,12,2012,2,14,20,1,2,2,US-19,,99998,30.38887222,-83.85729167,0,12,1,0,1,1,0,1,1,1,0,1,0,0000000,99,99,99,99,88,88,0,0,0,1,0
12,122077,1,1,0,0,0,1,1,115,0,3,12,2012,2,21,4,1,11,1,I-75,,99998,27.1,-82.27633333,0,42,0,0,1,1,0,3,2,1,0,1,0,0000000,99,99,99,99,88,88,0,0,0,1,0
12,122078,2,2,0,0,0,4,4,127,2375,8,12,2012,7,1,10,1,11,1,I-95,,99998,29.28352222,-81.12488611,0,12,1,0,1,1,0,1,2,5,0,5,0,0000000,99,99,99,99,88,88,0,0,0,2,0
12,122079,1,1,0,0,0,4,4,31,1510,10,12,2012,2,4,29,1,11,1,I-295,,99998,30.18056389,-81.626775,0,24,0,1,18,1,0,3,3,5,0,5,0,0000000,99,99,99,99,99,99,0,0,0,1,1
12,122080,3,3,0,0,0,3,3,103,0,12,12,2012,4,5,30,0,14,3,SR-586,CR-611,99998,28.04889444,-82.70908056,0,12,6,1,2,2,0,1,3,10,0,10,0,0000000,99,99,99,99,99,99,0,0,0,1,1
12,122081,3,1,2,0,0,3,3,81,0,13,12,2012,5,2,46,0,16,6,34TH ST,,0,27.45518056,-82.59579167,0,30,0,0,1,1,0,4,3,10,0,10,0,0000000,99,99,99,99,99,99,0,0,0,1,1
12,122082,4,4,0,0,0,4,4,31,1510,13,12,2012,5,17,17,1,12,3,SR-202,,99998,30.25128056,-81.47486111,0,12,1,0,1,1,0,1,1,10,0,10,0,0000000,99,99,99,99,88,88,0,0,0,1,1
12,122083,2,2,0,0,0,2,2,117,0,14,12,2012,6,2,45,1,11,1,I-4,,99998,28.77875,-81.35469722,0,12,1,0,1,1,0,1,3,1,0,1,0,0000000,99,99,99,99,99,99,0,0,0,1,1
12,122084,1,1,0,1,1,5,5,9,0,14,12,2012,6,19,30,1,13,3,SR-520,,99998,28.3574,-80.66458056,0,9,0,0,1,1,0,1,2,1,0,1,0,0000000,99,99,99,99,99,99,0,0,0,1,0
12,122085,2,2,0,0,0,3,3,17,0,17,3,2012,7,10,24,0,6,8,LIMA AVE,,0,28.77121944,-82.52839167,0,12,6,0,8,1,0,1,1,1,0,1,0,0000000,99,99,99,99,99,99,0,0,0,1,0
12,122086,1,1,0,0,0,1,1,53,390,22,4,2012,1,7,10,0,13,3,SR-50,,99998,28.53891111,-82.39919167,0,39,0,0,1,1,0,4,3,2,0,2,0,0000000,99,99,99,99,88,88,0,0,0,1,0
12,122087,4,4,0,0,0,4,4,99,0,11,10,2012,5,22,19,1,13,3,SR-809,,99998,26.68678333,-80.11182222,0,12,1,0,1,1,0,1,3,1,0,1,0,0000000,99,99,99,99,99,99,0,0,0,1,0
12,122089,2,2,0,0,0,2,2,11,672,19,11,2012,2,3,48,1,13,2,US-441,,99998,26.28024167,-80.20192778,0,12,1,0,1,1,0,1,3,1,0,1,0,0000000,99,99,99,99,88,88,0,0,0,1,1
12,122090,1,1,0,0,0,1,1,57,0,26,11,2012,2,20,26,1,2,2,US-41,,99998,27.64700556,-82.52260556,0,42,0,0,1,1,0,4,2,1,0,1,0,0000000,99,99,99,99,99,99,0,0,0,1,1
12,122091,2,2,0,0,0,6,6,83,2270,30,11,2012,6,17,36,0,15,3,SR-40A,SW 7TH AVE,99998,29.18653056,-82.14484167,0,12,6,0,2,3,0,1,5,1,0,1,0,0000000,99,99,99,99,99,99,0,0,0,1,0
12,122093,1,1,0,0,0,3,3,3,0,1,12,2012,7,21,45,0,16,6,CLAUDE HARVEY RD,,0,30.29120833,-82.19438889,0,34,0,0,1,1,0,4,2,10,0,10,0,0000000,99,99,99,99,99,99,0,0,0,1,0
12,122094,2,2,0,0,0,2,2,86,2023,2,12,2012,1,6,20,1,13,3,SR-823,NW 186 ST,99998,25.94241389,-80.29408889,0,12,6,0,2,3,0,1,4,10,0,10,0,0000000,99,99,99,99,99,99,0,0,0,1,1
12,122095,1,1,0,0,0,2,2,127,0,3,12,2012,2,10,0,1,11,1,I-4,,99998,28.99053611,-81.24620556,0,1,0,0,1,1,0,1,1,10,0,10,0,0000000,99,99,99,99,99,99,0,0,0,1,0
12,122096,4,4,0,0,0,5,5,57,0,5,12,2012,4,14,15,0,6,8,LIVINGSTON AVE,,0,28.09182778,-82.43075,0,12,1,0,1,1,0,1,1,1,0,1,0,0000000,99,99,99,99,99,99,0,0,0,1,0
12,122097,1,1,0,1,1,1,1,57,0,6,12,2012,5,0,10,0,6,8,PROVIDENCE RD,,0,27.90823056,-82.31848056,0,8,0,0,1,1,0,1,2,1,0,1,0,0000000,99,99,99,99,99,99,0,0,0,1,0
12,122098,2,2,0,0,0,3,3,127,2580,7,12,2012,6,18,8,0,16,6,CLYDE MORRIS BLVD,CR-4078,0,29.15021389,-81.03500278,0,12,6,0,2,3,0,1,2,1,0,1,0,0000000,99,99,99,99,99,99,0,0,0,1,0
12,122099,2,2,0,0,0,2,2,57,2950,7,12,2012,6,17,25,1,13,3,SR-580,ANDERSON RD,99998,27.99626944,-82.52367778,0,12,6,0,8,1,0,1,1,1,0,1,0,0000000,99,99,99,99,99,99,0,0,0,1,1
12,122100,2,2,0,0,0,2,2,123,0,8,12,2012,7,14,20,0,3,2,US-221,,99998,30.23178611,-83.61741389,0,12,6,0,1,1,0,1,1,1,0,1,0,0000000,99,99,99,99,99,99,0,0,0,1,1
12,122101,3,3,0,0,0,3,3,17,0,8,12,2012,7,12,10,0,6,8,W GROVER CLEVELAND BLVD,,0,28.80380278,-82.55566667,0,12,6,0,8,1,0,1,1,1,0,1,0,0000000,99,99,99,99,99,99,0,0,0,1,0
12,122102,1,1,0,1,1,2,2,11,771,9,12,2012,1,5,25,1,11,1,I-595,,99998,26.08372778,-80.19100278,0,8,0,1,17,1,0,1,2,2,0,2,0,0000000,99,99,99,99,88,88,0,0,0,1,0
12,122103,1,1,0,1,1,1,1,81,0,10,12,2012,2,0,14,0,16,6,51ST AVE,,0,27.45126389,-82.55109167,0,8,0,0,1,1,0,1,2,1,0,1,0,0000000,99,99,99,99,88,88,0,0,0,1,1
12,122104,2,2,0,1,1,2,2,17,0,10,12,2012,2,19,10,0,14,2,US-41,INVERNESS BLVD,99998,28.81855278,-82.31625556,0,15,0,0,2,3,0,1,2,2,0,2,0,0000000,99,99,99,99,99,99,0,0,0,1,0
12,122105,1,1,0,1,1,1,1,57,0,10,12,2012,2,18,41,1,13,2,US-41,CR-582A,99998,28.06925,-82.45116111,0,9,0,1,2,2,0,1,3,2,0,2,0,0000000,99,99,99,99,88,88,0,0,0,1,0
12,122106,1,1,0,1,1,1,1,81,0,11,12,2012,3,2,55,1,2,2,US-41,,99998,27.59388056,-82.53967778,0,8,0,0,1,1,0,1,2,10,0,10,0,0000000,99,99,99,99,88,88,0,0,0,1,0
12,122107,2,2,0,0,0,4,4,11,2541,11,12,2012,3,6,24,0,16,6,W BROWARD BLVD,,0,26.12061667,-80.29176944,0,12,1,0,1,1,0,1,4,10,0,10,0,0000000,99,99,99,99,99,99,0,0,0,1,1
12,122108,1,1,0,1,1,1,1,95,2360,11,12,2012,3,18,36,1,13,3,SR-423,,99998,28.60009167,-81.4123,0,8,0,0,1,1,0,1,3,1,0,1,0,0000000,99,99,99,99,99,99,23,0,0,1,0
12,122109,1,1,0,0,0,1,1,23,0,12,12,2012,4,0,30,0,6,8,NW WHITE SPRINGS AVE,,0,30.32386111,-82.76348056,0,42,0,0,1,1,0,4,2,2,0,2,0,0000000,99,99,99,99,88,88,0,0,0,1,1
12,122110,2,2,0,0,0,3,3,103,570,13,12,2012,5,15,23,0,16,6,BELCHER RD,,0,27.96755556,-82.74617778,0,12,6,0,8,1,0,1,1,1,0,1,0,0000000,99,99,99,99,88,88,0,0,0,1,0
12,122111,1,1,0,0,0,1,1,115,0,14,12,2012,6,7,20,0,6,8,PALMER BLVD,NANDINA DR,0,27.31482222,-82.40015,0,43,0,0,1,1,0,4,4,1,0,1,0,0000000,99,99,99,99,88,88,0,0,0,1,0
12,122112,2,2,0,0,0,2,2,85,0,14,12,2012,6,21,36,1,2,3,SR-710,,99998,27.08066389,-80.55906111,0,12,2,0,1,1,0,1,2,2,0,2,0,0000000,99,99,99,99,88,88,0,0,0,2,1
12,122114,1,1,0,0,0,2,2,103,0,14,12,2012,6,15,47,0,6,8,MCMULLEN BOOTH RD,,0,28.07008611,-82.70495,0,1,0,0,1,1,0,4,1,10,0,10,0,0000000,99,99,99,99,99,99,0,0,0,1,0
12,122115,2,2,0,0,0,2,2,101,0,15,12,2012,7,13,50,1,13,2,US-19,TAHITIAN GARDENS CIR,99998,28.19374444,-82.739975,0,12,6,0,2,3,0,1,1,1,0,1,0,0000000,13,52,13,56,99,99,0,0,0,1,0
12,122116,1,1,0,1,1,1,1,57,0,16,12,2012,1,22,1,1,13,3,SR-60,,99998,27.93773611,-82.28778333,0,8,0,0,1,1,0,1,3,1,0,1,0,0000000,99,99,99,99,99,99,0,0,0,1,0
12,122117,2,2,0,0,0,2,2,89,3326,16,12,2012,1,15,15,0,6,4,CR-107,,0,30.57354722,-81.51858333,0,12,2,0,1,1,0,1,1,10,0,10,0,0000000,99,99,99,99,88,88,0,0,0,1,2
12,122118,1,1,0,0,0,1,1,97,0,17,12,2012,2,2,5,0,6,8,POINCIANA BLVD,,0,28.21982778,-81.48036667,0,42,0,0,1,1,0,5,3,1,0,1,0,0000000,2,7,2,17,88,88,0,0,0,1,0
12,122119,2,2,0,0,0,3,3,31,1510,17,12,2012,2,7,43,0,16,6,GREENLAND RD,,0,30.16152778,-81.57125556,0,53,0,0,1,1,0,4,1,1,0,1,0,0000000,99,99,99,99,99,99,14,0,0,1,1
12,122120,1,1,0,0,0,1,1,33,2490,18,12,2012,3,22,35,1,11,1,I-110,,99998,30.41594167,-87.20809167,0,25,0,1,5,1,0,4,3,1,0,1,0,0000000,99,99,99,99,88,88,0,0,0,1,1
12,122121,1,1,0,1,1,3,3,95,0,18,12,2012,3,18,12,0,14,3,SR-434,WESTON LN,99998,28.61291944,-81.41498056,0,8,0,0,3,3,0,1,3,1,0,1,0,0000000,99,99,99,99,99,99,0,0,0,1,0
12,122122,1,1,0,0,0,1,1,21,0,18,12,2012,3,20,47,0,16,6,CR-856,,0,26.15414722,-81.726075,0,33,0,0,1,1,0,4,2,1,0,1,0,0000000,99,99,99,99,99,99,0,0,0,1,0
12,122123,2,2,0,0,0,2,2,71,312,19,12,2012,4,16,57,0,16,4,CR-885,MICHIGAN ST,0,26.33100833,-81.78788056,0,12,6,0,2,3,0,1,1,1,0,1,0,0000000,99,99,99,99,99,99,0,0,0,1,0
12,122124,2,2,0,0,0,2,2,31,1510,19,12,2012,4,8,14,0,16,6,OLD KINGS RD,MONCRIEF RD,0,30.394,-81.7519,0,12,2,0,2,2,0,1,1,1,0,1,0,0000000,99,99,99,99,88,88,0,0,0,1,0
12,122125,1,1,0,1,1,1,1,69,0,20,12,2012,5,2,30,1,2,2,US-192,,99998,28.34708056,-81.66334722,0,8,0,0,1,1,0,2,2,1,0,1,0,0000000,99,99,99,99,88,88,0,0,0,1,0
12,122126,1,1,0,1,1,2,2,103,0,22,12,2012,7,3,24,1,13,2,US-92,,99998,27.87664722,-82.59224444,0,8,0,0,1,1,0,1,3,1,0,1,0,0000000,99,99,99,99,88,88,0,0,0,1,0
12,122127,2,2,0,0,0,2,2,127,0,22,12,2012,7,18,35,1,13,2,US-17,POINSETTIA DR,99998,29.08054722,-81.31661944,0,12,6,1,2,3,0,1,2,1,0,1,0,0000000,99,99,99,99,99,99,0,0,0,1,0
12,122128,1,1,0,0,0,2,2,55,0,23,12,2012,1,0,53,0,16,6,MARTIN RD,,0,27.57383056,-81.51131111,0,3,0,0,1,1,0,5,2,1,0,1,0,0000000,99,99,99,99,99,99,0,0,0,1,1
12,122129,1,1,0,0,0,1,1,81,0,23,12,2012,1,6,25,0,3,3,SR-62,,99998,27.60235278,-82.31853889,0,42,0,0,1,1,0,4,4,1,0,1,0,0000000,6,54,7,4,88,88,0,0,0,1,0
12,122130,1,1,0,0,0,1,1,31,1510,24,12,2012,2,5,27,0,16,6,GIRVIN RD,,0,30.34556389,-81.46100556,0,42,0,0,1,1,0,4,3,1,0,1,0,0000000,99,99,99,99,88,88,0,0,0,1,0
12,122131,1,1,0,0,0,2,2,21,0,25,12,2012,3,4,12,1,2,3,SR-29,,99998,26.30803056,-81.34274444,0,42,0,0,1,1,0,4,2,1,0,1,0,0000000,99,99,99,99,99,99,0,0,0,1,1
12,122132,1,1,0,0,0,1,1,81,0,26,12,2012,4,23,7,0,6,8,53RD AVE,,0,27.44780833,-82.59583056,0,33,0,0,1,1,0,4,3,1,0,1,0,0000000,99,99,99,99,99,99,0,0,0,1,0
12,122133,1,1,0,0,0,1,1,125,1650,27,12,2012,5,16,41,0,3,3,SR-121 RAMP,,99998,30.02375,-82.32451944,0,1,0,1,5,1,0,3,1,1,0,1,0,0000000,99,99,99,99,88,88,0,0,0,1,0
12,122134,1,1,0,1,1,1,1,35,0,29,12,2012,7,0,42,1,2,2,US-1,,99998,29.35473056,-81.15646111,0,8,0,0,1,1,0,1,2,2,0,2,0,0000000,99,99,99,99,88,88,0,0,0,1,0
12,122135,2,2,0,0,0,4,4,99,1190,27,9,2012,5,7,29,0,16,6,JOG RD,,0,26.64071111,-80.14559722,0,12,2,0,1,1,0,1,1,1,0,1,0,0000000,99,99,99,99,99,99,13,0,0,1,0
12,122136,2,2,0,0,0,3,3,31,1510,28,12,2012,6,14,40,0,16,6,46TH ST,SUNNY ACRES DR,0,30.37109722,-81.70744722,0,12,6,0,2,2,0,1,1,1,0,1,0,0000000,99,99,99,99,99,99,0,0,0,1,1
12,122137,2,2,0,0,0,4,4,105,0,4,11,2012,1,22,19,1,13,2,US-27,SR-540,99998,27.97873333,-81.630925,0,12,1,0,2,2,0,1,3,1,0,1,0,0000000,99,99,99,99,99,99,0,0,0,1,1
12,122138,2,2,0,0,0,2,2,86,0,4,11,2012,1,17,11,0,6,8,SW 179TH ST,SW 104TH AVE,0,25.60304722,-80.36079167,0,12,6,0,2,2,0,1,1,1,0,1,0,0000000,99,99,99,99,88,88,0,0,0,2,0
12,122139,2,2,0,0,0,9,9,86,2230,14,11,2012,4,18,57,1,13,3,SR-826,NE 3RD CT,99998,25.928325,-80.19324444,0,12,6,0,2,3,0,1,3,1,0,1,0,0000000,99,99,99,99,99,99,0,0,0,1,0
12,122140,1,1,0,0,0,1,1,57,2950,17,11,2012,7,17,57,1,13,3,SR-60,,99998,27.94487222,-82.52815556,0,33,0,0,1,1,0,4,5,1,0,1,0,0000000,99,99,99,99,88,88,0,0,0,1,1
12,122141,1,1,0,0,0,1,1,57,2950,25,11,2012,1,3,8,0,16,6,2223 N WESTSHORE BLVD,MANHATTAN AVE N,0,27.96274444,-82.52411111,0,33,0,0,2,3,0,4,3,1,0,1,0,0000000,99,99,99,99,99,99,0,0,0,1,1
12,122142,1,1,0,0,0,1,1,57,2950,30,11,2012,6,2,3,0,16,6,E COUNTY LINE RD,,0,28.17028056,-82.375875,0,31,0,0,1,1,0,4,2,1,0,1,0,0000000,99,99,99,99,99,99,0,0,0,1,0
12,122143,1,1,0,0,0,2,2,47,0,15,12,2012,7,21,5,0,6,8,SE 62ND DR,,0,30.48566111,-82.75737778,0,5,0,0,1,1,0,1,2,1,0,1,0,0000000,99,99,99,99,88,88,0,0,0,1,0
12,122144,1,1,0,0,0,1,1,95,0,20,12,2012,5,23,36,0,6,8,LANSDTAR BLVD,BORG STREET,0,28.37613333,-81.36475556,0,1,0,1,3,3,0,4,3,2,0,2,0,0000000,99,99,99,99,88,88,0,0,0,1,1
12,122145,1,1,0,1,1,1,1,107,0,21,12,2012,6,23,29,1,13,2,US-17,,99998,29.63506111,-81.58888889,0,8,0,0,1,1,0,1,2,1,0,1,0,0000000,99,99,99,99,88,88,0,0,0,1,0
12,122147,1,1,0,1,1,1,1,95,0,22,12,2012,7,21,28,1,13,3,SR-434,,99998,28.59178333,-81.20900556,0,43,0,0,1,1,0,5,3,1,0,1,0,0000000,99,99,99,99,99,99,0,0,0,1,0
12,122148,2,2,0,0,0,2,2,53,0,23,12,2012,1,13,47,0,6,8,MARINER BLVD,LANDOVER BLVD,0,28.48327778,-82.54353889,0,12,6,0,2,2,0,1,1,1,0,1,0,0000000,99,99,99,99,88,88,0,0,0,1,0
12,122149,1,1,0,0,0,3,3,105,0,24,12,2012,2,0,51,1,13,3,SR-546,,99998,28.05143056,-82.01418889,0,24,0,0,1,1,0,4,3,1,0,1,0,0000000,99,99,99,99,99,99,0,0,0,2,1
12,122150,1,1,0,0,0,4,4,47,0,24,12,2012,2,23,45,0,3,2,US-41,,99998,30.33974167,-82.76095833,0,59,0,0,1,1,0,4,2,1,0,1,0,0000000,99,99,99,99,99,99,0,0,0,2,1
12,122151,1,1,0,0,0,2,2,86,0,30,12,2012,1,4,51,1,11,1,I-95,,99998,25.95266111,-80.17948056,0,24,0,0,1,1,0,4,3,1,0,1,0,0000000,99,99,99,99,99,99,0,0,0,1,1
12,122152,1,1,0,0,0,2,2,91,0,30,12,2012,1,4,1,1,13,2,US-98,,99998,30.39385278,-86.55499722,0,1,0,0,1,1,0,4,2,1,0,1,0,0000000,99,99,99,99,99,99,0,0,0,1,0
12,122153,1,1,0,1,1,1,1,31,1510,31,12,2012,2,6,32,1,12,2,US-1,,99998,30.29421111,-81.615275,0,8,0,0,1,1,0,1,2,1,0,1,0,0000000,99,99,99,99,99,99,0,0,0,1,0
12,122154,1,1,0,1,1,1,1,99,1750,11,11,2012,1,15,11,0,16,6,6TH AVE,,0,26.60866111,-80.06179167,0,9,0,0,1,1,0,1,1,1,0,1,0,0000000,99,99,99,99,88,88,0,0,0,1,0
12,122155,3,3,0,0,0,5,5,51,0,20,11,2012,3,6,8,1,2,3,SR-29,,99998,26.67599444,-81.43652222,0,12,6,0,8,1,0,1,4,5,0,5,0,0000000,99,99,99,99,99,99,0,0,0,1,0
12,122156,2,2,0,0,0,2,2,117,0,4,12,2012,3,9,30,1,13,3,SR-434,BEASLEY RD,99998,28.63741667,-81.20807778,0,5,0,0,2,2,0,1,1,1,0,1,0,0000000,99,99,99,99,99,99,0,0,0,1,0
12,122157,1,1,0,1,1,1,1,31,1510,15,12,2012,7,9,20,0,14,3,SR-134,RICKER RD,99998,30.24834167,-81.77303056,0,8,0,0,2,2,0,1,1,1,0,1,0,0000000,99,99,99,99,99,99,0,0,0,1,0