STATE,ST_CASE,VE_TOTAL,VE_FORMS,PVH_INVL,PEDS,PERNOTMVIT,PERMVIT,PERSONS,COUNTY,CITY,DAY,MONTH,YEAR,DAY_WEEK,HOUR,MINUTE,NHS,ROAD_FNC,ROUTE,TWAY_ID,TWAY_ID2,MILEPT,LATITUDE,LONGITUD,SP_JUR,HARM_EV,MAN_COLL,RELJCT1,RELJCT2,TYP_INT,WRK_ZONE,REL_ROAD,LGT_COND,WEATHER1,WEATHER2,WEATHER,SCH_BUS,RAIL,NOT_HOUR,NOT_MIN,ARR_HOUR,ARR_MIN,HOSP_HR,HOSP_MN,CF1,CF2,CF3,FATALS,DRUNK_DR
12,122158,1,1,0,1,1,1,1,86,2023,21,12,2012,6,18,35,1,11,1,I-75,,99998,25.938075,-80.35107778,0,8,0,0,1,1,0,1,3,1,0,1,0,0000000,18,52,19,1,88,88,0,0,0,1,0
12,122159,2,2,0,0,0,3,3,11,2916,25,12,2012,3,20,24,1,13,3,SR-817,NW 27 PL,99998,26.15905278,-80.25739444,0,12,6,0,2,2,0,1,2,1,0,1,0,0000000,99,99,99,99,99,99,0,0,0,1,1
12,122160,2,2,0,0,0,2,2,95,0,27,12,2012,5,15,19,0,6,8,HIAWASSEE RD,KREIDT DR,0,28.56578056,-81.47592778,0,12,6,0,2,3,0,1,1,1,0,1,0,0000000,99,99,99,99,99,99,0,0,0,1,0
12,122161,2,2,0,0,0,4,4,125,0,28,12,2012,6,16,50,0,3,3,SR-121,CR-239A,99998,29.96653889,-82.40739444,0,12,6,0,2,2,0,1,1,10,0,10,0,0000000,99,99,99,99,99,99,0,0,0,1,0
12,122162,3,3,0,0,0,5,5,101,0,28,12,2012,6,19,30,1,13,2,US-19,CONTINENTAL DR,99998,28.19518889,-82.73973611,0,12,1,0,2,2,0,1,3,2,0,2,0,0000000,19,29,19,39,99,99,0,0,0,2,0
12,122163,1,1,0,1,1,1,1,7,2890,29,12,2012,7,18,13,1,13,2,US-301,,99998,29.95650278,-82.106975,0,8,0,0,1,1,0,1,2,10,0,10,0,0000000,99,99,99,99,99,99,0,0,0,1,0
12,122164,1,1,0,0,0,1,1,109,0,29,12,2012,7,1,22,1,1,1,I-95 RAMP,,99998,29.98350556,-81.4599,0,42,0,1,18,1,0,5,3,10,0,10,0,0000000,99,99,99,99,99,99,0,0,0,1,0
12,122165,1,1,0,1,1,2,2,95,0,30,12,2012,1,9,5,0,6,8,AMYRIS CT,,0,28.72000278,-81.57451667,0,8,0,0,1,1,0,1,1,1,0,1,0,0000000,99,99,99,99,99,99,0,0,0,1,0
12,122166,1,1,0,1,1,1,1,103,2730,4,11,2012,1,22,18,1,13,2,US-19,1ST AVE,99998,27.77001389,-82.67950556,0,8,0,0,3,2,0,1,3,1,0,1,0,0000000,99,99,99,99,99,99,0,0,0,1,0
12,122167,1,1,0,0,0,1,1,127,0,2,12,2012,1,20,55,1,11,1,I-95,,99998,28.88266111,-80.92388333,0,1,0,0,1,1,0,3,2,1,0,1,0,0000000,99,99,99,99,88,88,0,0,0,1,0
12,122168,1,1,0,1,1,1,1,99,0,8,12,2012,7,23,23,1,13,3,SR-809,CANAL DR,99998,26.56388611,-80.11418889,0,8,0,0,2,3,0,1,3,10,0,10,0,0000000,99,99,99,99,88,88,19,0,0,1,0
12,122169,3,2,1,0,1,3,4,31,1510,16,12,2012,1,18,13,1,11,1,I-295,,99998,30.18998889,-81.66233056,0,12,1,0,1,1,0,2,3,1,0,1,0,0000000,99,99,99,99,99,99,0,0,0,1,0
12,122170,1,1,0,0,0,1,1,103,0,21,12,2012,6,13,25,0,6,8,AVALON AVE,,0,27.90990278,-82.70985278,0,18,0,0,1,1,0,4,1,1,0,1,0,0000000,99,99,99,99,99,99,0,0,0,1,0
12,122171,2,2,0,0,0,4,4,31,1510,24,12,2012,2,19,40,1,13,3,SR-228,,99998,30.28283611,-81.81165,0,12,1,0,1,1,0,1,2,2,0,2,0,0000000,99,99,99,99,99,99,0,0,0,1,0
12,122172,1,1,0,0,0,1,1,79,0,25,12,2012,3,17,35,1,11,1,I-10,,99998,30.43276667,-83.54382222,0,42,0,0,1,1,0,4,1,10,0,10,0,0000000,99,99,99,99,99,99,0,0,0,1,1
12,122173,1,1,0,1,1,1,1,57,2950,18,11,2012,1,18,15,1,13,3,SR-574,RIVER VIEW AVE,99998,27.98151389,-82.47582222,0,9,0,0,2,2,0,1,3,1,0,1,0,0000000,99,99,99,99,99,99,0,0,0,1,0
12,122174,1,1,0,0,0,1,1,3,0,29,12,2012,7,12,50,1,11,1,I-10,,99998,30.25373056,-82.41558056,0,34,0,0,1,1,0,4,1,1,0,1,0,0000000,99,99,99,99,88,88,0,0,0,1,0
12,122175,1,1,0,0,0,1,1,83,0,29,12,2012,7,11,36,0,6,8,69 CEDAR RD,PINE RD,0,29.11610833,-82.03317222,0,19,0,0,3,3,0,4,1,1,0,1,0,0000000,12,45,13,51,99,99,0,0,0,1,0
12,122176,2,2,0,0,0,5,5,103,2730,31,12,2012,2,6,26,1,11,1,I-275,,99998,27.71540833,-82.67956667,0,12,2,0,1,1,0,1,3,10,0,10,0,0000000,6,26,6,35,99,99,0,0,0,1,0
12,122177,4,4,0,0,0,4,4,99,0,1,10,2012,2,15,3,0,6,8,S MILITARY TRL,,0,26.60669722,-80.11413056,0,12,2,0,1,1,0,1,1,10,0,10,0,0000000,99,99,99,99,99,99,0,0,0,1,1
12,122178,3,3,0,0,0,6,6,97,0,29,12,2012,7,15,33,0,3,3,SR-417,,99998,28.32671111,-81.54171667,0,12,1,0,1,1,0,1,1,1,0,1,0,0000000,99,99,99,99,99,99,0,0,0,1,0
12,122179,1,1,0,0,0,1,1,73,0,13,10,2012,7,0,26,0,6,8,OLD BAINBRIDGE RD,6260 OLD BAINBRIDGE RD,0,30.53968333,-84.36111667,0,42,0,0,1,1,0,4,2,1,0,1,0,0000000,99,99,99,99,88,88,0,0,0,1,0
12,122180,1,1,0,1,1,1,1,86,1340,15,10,2012,2,6,33,0,16,6,60TH ST,,0,25.87701111,-80.32186667,0,8,0,0,1,1,0,1,3,10,0,10,0,0000000,99,99,99,99,99,99,0,0,0,1,0
12,122181,1,1,0,1,1,1,1,11,1050,24,7,2012,3,20,58,0,13,3,SR-838,NW 3RD AVE,99998,26.13665833,-80.14700556,0,8,0,0,2,3,0,1,3,1,0,1,0,0000000,99,99,99,99,88,88,0,0,0,1,0
12,122182,1,1,0,1,1,1,1,105,0,30,10,2012,3,15,48,0,3,3,SR-37,,99998,27.83906389,-81.97943611,0,8,0,0,1,1,0,1,1,1,0,1,0,0000000,99,99,99,99,99,99,0,0,0,1,0
12,122183,1,1,0,1,1,1,1,99,330,7,11,2012,4,20,17,0,14,3,SR-804,,99998,26.52890278,-80.06867778,0,8,0,0,1,1,0,1,2,1,0,1,0,0000000,99,99,99,99,99,99,0,0,0,1,0
12,122184,1,1,0,0,0,1,1,107,0,18,11,2012,1,19,12,0,3,3,SR-26,,99998,29.73828056,-81.96283056,0,1,0,0,8,1,0,1,2,1,0,1,0,0000000,99,99,99,99,99,99,0,0,0,1,1
12,122185,1,1,0,0,0,2,2,86,2023,24,11,2012,7,4,5,1,13,3,SR-817,,99998,25.95763889,-80.24627778,0,41,0,0,1,1,0,3,3,1,0,1,0,0000000,99,99,99,99,99,99,0,0,0,1,1
12,122186,1,1,0,0,0,1,1,103,2806,2,12,2012,1,0,43,1,13,2,US-19,,99998,27.81470556,-82.78461944,0,24,0,1,18,1,0,4,3,1,0,1,0,0000000,99,99,99,99,88,88,0,0,0,1,1
12,122187,1,1,0,1,1,1,1,103,2530,8,12,2012,7,18,2,1,13,2,US-19,,99998,27.85438056,-82.69453056,0,8,0,0,1,1,0,1,5,1,0,1,0,0000000,99,99,99,99,88,88,0,0,0,1,0
12,122189,1,1,0,0,0,1,1,127,0,12,12,2012,4,4,45,1,11,1,I-95,,99998,28.87035,-80.91926111,0,42,0,0,1,1,0,3,2,2,0,2,0,0000000,99,99,99,99,88,88,0,0,0,1,0
12,122190,2,2,0,0,0,2,2,11,2083,14,12,2012,6,21,30,0,16,6,PEMBROKE RD,97TH AVE,0,25.99392222,-80.2737,0,1,0,0,3,2,0,1,3,10,0,10,0,0000000,99,99,99,99,99,99,0,0,0,1,0
12,122191,1,1,0,1,1,1,1,11,1420,15,12,2012,7,2,24,1,13,2,US-441,LINCOLN ST,99998,26.01671389,-80.20788611,0,8,0,0,2,3,0,1,3,1,0,1,0,0000000,99,99,99,99,99,99,0,0,0,1,0
12,122192,2,2,0,0,0,2,2,95,0,21,12,2012,6,6,55,0,6,8,BEAR ISLAND ROAD,,0,28.38438889,-81.59105556,0,12,2,0,1,1,0,1,4,1,0,1,0,0000000,99,99,99,99,88,88,0,0,0,1,0
12,122193,1,1,0,0,0,1,1,115,0,26,12,2012,4,10,35,1,11,1,I-75,,99998,27.05251667,-82.07691944,0,1,0,0,1,1,0,4,1,1,0,1,0,0000000,99,99,99,99,88,88,0,0,0,1,0
12,122194,2,2,0,0,0,6,6,57,2950,28,12,2012,6,4,50,1,11,1,I-275,,99998,27.95055556,-82.51885278,0,12,7,0,1,1,0,1,3,1,0,1,0,0000000,99,99,99,99,99,99,0,0,0,2,1
12,122195,1,1,0,1,1,1,1,95,2360,30,12,2012,1,1,5,1,13,3,SR-435,VALENCIA COLLEGE DR,99998,28.52419167,-81.45907222,0,9,0,0,2,2,0,1,3,1,0,1,0,0000000,99,99,99,99,99,99,0,0,0,1,0
12,122196,1,1,0,0,0,1,1,105,1690,3,4,2012,3,21,38,0,16,6,COMBEE RD,,0,28.11771389,-81.90774444,0,1,0,0,1,1,0,1,3,1,0,1,0,0000000,99,99,99,99,99,99,0,0,0,1,1
12,122197,1,1,0,1,1,1,1,103,0,16,6,2012,7,5,44,0,14,3,SR-699,,99998,27.73322222,-82.74544444,0,8,0,0,1,1,0,1,3,1,0,1,0,0000000,99,99,99,99,99,99,0,0,0,1,0
12,122198,1,1,0,1,1,1,1,86,2020,17,7,2012,3,8,16,1,13,2,US-41,,99998,25.77810278,-80.16501389,0,8,0,0,1,1,0,4,1,1,0,1,0,0000000,88,88,88,88,88,88,0,0,0,1,0
12,122199,2,2,0,0,0,2,2,11,2468,19,8,2012,1,17,49,0,13,3,SR-823,SR-820,99998,26.00784444,-80.31176111,0,12,6,0,2,2,0,1,1,1,0,1,0,0000000,99,99,99,99,99,99,0,0,0,1,0
12,122200,1,1,0,0,0,1,1,86,0,25,8,2012,7,8,8,0,6,8,SW 200 STREET,,0,25.57950833,-80.49112222,0,31,0,0,1,1,0,4,4,2,0,2,0,0000000,99,99,99,99,99,99,0,0,0,1,0
12,122201,1,1,0,0,0,3,3,91,710,7,9,2012,6,15,1,0,13,3,SR-85,E BROCK AVE,99998,30.74965,-86.563775,0,5,0,0,2,2,0,1,1,1,0,1,0,0000000,99,99,99,99,99,99,0,0,0,1,1
12,122202,3,1,2,0,0,1,1,57,2950,24,9,2012,2,16,55,1,13,3,SR-574,,99998,27.98177778,-82.41674444,0,53,0,0,1,1,0,4,1,1,0,1,0,0000000,99,99,99,99,88,88,0,0,0,1,0
12,122203,1,1,0,0,0,1,1,86,0,30,9,2012,1,6,0,0,6,8,SW 167 AVE,,0,25.67705833,-80.46546111,0,42,0,0,1,1,0,4,2,1,0,1,0,0000000,99,99,99,99,88,88,0,0,0,1,0
12,122204,2,2,0,0,0,3,3,71,0,2,10,2012,3,10,25,0,6,8,COCONUT RD,VIA VILLAGIO,0,26.39792222,-81.80809167,0,12,6,0,2,2,0,1,1,10,0,10,0,0000000,99,99,99,99,99,99,0,0,0,1,0
12,122205,1,1,0,1,1,1,1,109,0,7,10,2012,1,7,35,0,6,8,NOCATEE PKWY,,0,30.11446389,-81.41897222,0,9,0,0,1,1,0,1,1,1,0,1,0,0000000,99,99,99,99,88,88,0,0,0,1,1
12,122206,1,1,0,0,0,2,2,17,1500,8,10,2012,2,19,20,0,16,6,TOMPKINS ST,CHERRY AVE,0,28.83690833,-82.3379,0,1,0,0,2,2,0,1,3,1,0,1,0,0000000,99,99,99,99,99,99,0,0,0,1,0
12,122207,1,1,0,1,1,1,1,86,0,10,10,2012,4,8,46,0,14,3,SR-969,,99998,25.77345833,-80.31235,0,8,0,0,1,1,0,4,1,10,0,10,0,0000000,99,99,99,99,99,99,0,0,0,1,0
12,122208,1,1,0,2,2,1,1,86,0,13,10,2012,7,0,8,0,6,8,OLD DIXIE HWY,SW 264TH ST,0,25.52163889,-80.42555833,0,8,0,0,3,2,0,1,3,1,0,1,0,0000000,99,99,99,99,88,88,0,0,0,1,0
12,122209,2,2,0,0,0,2,2,5,2451,14,10,2012,1,19,50,1,13,2,US-98,SOUTH VESTAVIA ST,99998,30.23984722,-85.91189444,0,12,6,0,2,2,0,1,2,1,0,1,0,0000000,99,99,99,99,99,99,0,0,0,1,0
12,122210,1,1,0,1,1,1,1,86,0,16,10,2012,3,19,49,0,6,8,104TH ST,108TH AVE,0,25.67223611,-80.36985,0,8,0,0,3,3,0,1,3,1,0,1,0,0000000,99,99,99,99,99,99,0,0,0,1,0
12,122211,1,1,0,1,1,1,1,95,2360,10,12,2012,2,0,0,1,13,3,SR-436,,99998,28.534225,-81.31041944,0,8,0,0,1,1,0,1,3,1,0,1,0,0000000,99,99,99,99,88,88,0,0,0,1,0
12,122212,2,2,0,0,0,3,3,101,0,17,12,2012,2,17,27,1,13,2,US-19,,99998,28.19877778,-82.73965556,0,12,6,0,1,1,0,1,5,1,0,1,0,0000000,99,99,99,99,99,99,0,0,0,1,0
12,122213,1,1,0,0,0,1,1,101,0,25,12,2012,3,0,56,1,2,3,SR-52,,99998,28.32463889,-82.46806111,0,1,0,0,1,1,0,4,2,1,0,1,0,0000000,0,56,1,1,88,88,0,0,0,1,0
12,122214,2,2,0,0,0,2,2,11,1050,25,12,2012,3,13,30,0,16,6,NW 5TH STREET,NW 8TH AVENUE,0,26.12758333,-80.15253889,0,12,6,0,2,2,0,1,1,1,0,1,0,0000000,99,99,99,99,99,99,0,0,0,1,1
12,122215,1,1,0,1,1,1,1,99,2674,26,12,2012,4,19,49,0,16,6,OKEECHOBEE BLVD,ROYAL PALM BEACH BLVD,0,26.70610833,-80.22914167,0,8,0,0,3,2,0,1,3,10,0,10,0,0000000,99,99,99,99,99,99,0,0,0,1,0
12,122216,2,2,0,0,0,2,2,11,771,29,12,2012,7,14,1,1,13,3,SR-818,GRIFFIN ROAD,99998,26.0627,-80.2105,0,12,6,0,2,3,0,1,1,10,0,10,0,0000000,99,99,99,99,99,99,0,0,0,1,0
12,122217,1,1,0,0,0,1,1,57,0,29,12,2012,7,17,15,0,14,2,US-41,,99998,27.92292778,-82.41550833,0,1,0,0,1,1,0,5,1,1,0,1,0,0000000,99,99,99,99,88,88,0,0,0,1,1
12,122218,1,1,0,0,0,1,1,127,780,29,12,2012,7,3,57,1,13,3,SR-5A,,99998,29.21543889,-81.04585,0,42,0,0,1,1,0,4,3,2,0,2,0,0000000,99,99,99,99,88,88,0,0,0,1,1
12,122219,2,2,0,0,0,1,1,86,0,30,12,2012,1,5,2,1,12,3,SR-821,,99998,25.55708333,-80.36268889,0,12,1,0,1,1,0,1,2,1,0,1,0,0000000,99,99,99,99,88,88,0,0,0,1,1
12,122220,1,1,0,1,1,1,1,9,0,30,12,2012,1,7,55,0,16,6,HOLDER RD,,0,28.65827778,-80.86525,0,8,0,0,1,1,0,4,1,1,0,1,0,0000000,99,99,99,99,99,99,0,0,0,1,1
12,122221,1,1,0,0,0,1,1,57,0,30,12,2012,1,3,24,0,6,8,WILLIAMS RD,,0,28.03224722,-82.33534444,0,1,0,0,1,1,0,1,3,1,0,1,0,0000000,99,99,99,99,99,99,0,0,0,1,1
12,122222,3,3,0,0,0,6,6,11,1280,15,9,2012,7,19,45,0,13,3,SR-824,,99998,25.99629722,-80.15791667,0,12,6,0,1,1,0,1,3,1,0,1,0,0000000,99,99,99,99,99,99,0,0,0,1,0
12,122223,1,1,0,1,1,1,1,105,0,27,9,2012,5,6,20,1,13,2,US-27,,99998,28.249875,-81.65795833,0,8,0,0,1,1,4,1,2,1,0,1,0,0000000,99,99,99,99,88,88,0,0,0,1,0
12,122224,1,1,0,0,0,6,6,23,0,29,9,2012,7,21,20,1,2,2,US-90,,99998,30.18013056,-82.66170278,0,38,0,0,1,1,0,5,3,1,0,1,0,0000000,99,99,99,99,99,99,0,0,0,1,1
12,122225,1,1,0,1,1,1,1,105,0,28,11,2012,4,20,31,0,6,8,DENTON AVE,,0,28.08436667,-81.81429722,0,8,0,0,1,1,0,1,2,1,0,1,0,0000000,99,99,99,99,88,88,0,0,0,1,0
12,122226,1,1,0,0,0,1,1,115,2235,23,12,2012,1,20,8,0,16,6,PARLAY LN,PARADE TERR,0,27.04623889,-82.18774722,0,35,0,0,3,3,0,4,2,1,0,1,0,0000000,99,99,99,99,99,99,0,0,0,1,1
12,122227,2,2,0,0,0,6,6,105,0,24,12,2012,2,23,10,0,3,3,SR-60,,99998,27.88298889,-81.44704722,0,12,2,0,1,1,0,1,2,1,0,1,0,0000000,99,99,99,99,99,99,0,0,0,1,1
12,122228,3,3,0,0,0,4,4,31,1510,26,12,2012,4,1,40,1,11,1,I-95,,99998,30.29062778,-81.6297,0,12,6,0,1,1,0,1,2,1,0,1,0,0000000,99,99,99,99,99,99,0,0,0,1,1
12,122229,1,1,0,1,1,2,2,105,1690,28,10,2012,1,19,26,1,13,2,US-92,N NEW YORK AVE,99998,28.05503056,-81.95897778,0,8,0,0,3,3,0,1,3,1,0,1,0,0000000,99,99,99,99,99,99,0,0,0,1,0
12,122230,2,2,0,0,0,5,5,105,0,29,10,2012,2,13,28,1,2,2,US-27,,99998,27.76186944,-81.5925,0,12,1,0,1,1,0,1,1,1,0,1,0,0000000,99,99,99,99,99,99,0,0,0,2,0
12,122231,2,2,0,0,0,4,4,71,0,1,12,2012,7,21,25,1,2,3,SR-80,HICKEY CREEK RD,99998,26.71535278,-81.67988889,0,12,1,0,3,3,0,1,2,1,0,1,0,0000000,99,99,99,99,88,88,0,0,0,1,2
12,122232,2,2,0,0,0,3,3,15,0,13,12,2012,5,10,31,0,6,8,MURDOCK CIR,,0,27.00784167,-82.14376667,0,12,6,0,8,1,0,1,1,1,0,1,0,0000000,99,99,99,99,99,99,0,0,0,1,0
12,122233,2,2,0,0,0,2,2,127,780,23,12,2012,1,15,34,0,16,6,CLYDE MORRIS BLVD,,0,29.18126389,-81.04229167,0,12,2,0,1,1,0,1,1,1,0,1,0,0000000,99,99,99,99,99,99,0,0,0,1,0
12,122234,2,2,0,0,0,2,2,11,1050,28,12,2012,6,10,2,0,16,6,14TH AVE,6TH ST,0,26.12928333,-80.16129167,0,12,6,0,2,3,0,1,1,1,0,1,0,0000000,99,99,99,99,99,99,0,0,0,1,0
12,122236,1,1,0,0,0,1,1,11,2083,30,12,2012,1,23,55,0,16,6,MIRAMAR PKWY,,0,25.97863333,-80.38906667,0,33,0,0,1,1,0,3,3,10,0,10,0,0000000,99,99,99,99,88,88,0,0,0,1,0
12,122237,1,1,0,1,1,2,2,31,1510,31,12,2012,2,21,40,0,14,3,SR-128,,99998,30.28215,-81.746975,0,8,0,0,1,1,0,1,3,1,0,1,0,0000000,99,99,99,99,99,99,0,0,0,1,0
12,122238,1,1,0,1,1,1,1,17,0,31,12,2012,2,18,12,0,6,8,ROSEDALE DR,,0,28.80948889,-82.55389444,0,8,0,0,1,1,0,1,2,1,0,1,0,0000000,99,99,99,99,88,88,0,0,0,1,0
12,122239,1,1,0,0,0,1,1,103,2730,26,10,2012,6,23,25,0,16,6,62ND AVE NE,,0,27.82881111,-82.61627222,0,35,0,0,1,1,0,4,3,1,0,1,0,0000000,99,99,99,99,99,99,0,0,0,1,1
12,122240,2,1,1,0,0,1,1,86,0,22,11,2012,5,2,53,0,6,8,15490 SW 148TH TER,,0,25.62823611,-80.4449,0,19,0,0,1,1,0,4,3,1,0,1,0,0000000,99,99,99,99,88,88,0,0,0,1,0
12,122241,1,1,0,1,1,1,1,86,2230,6,12,2012,5,22,0,0,13,3,SR-826,,99998,25.92601944,-80.15518611,0,8,0,0,1,1,0,1,3,1,0,1,0,0000000,99,99,99,99,88,88,0,0,0,1,0
12,122242,1,1,0,1,1,4,4,101,0,18,12,2012,3,19,20,0,6,8,LITTLE RD,CRICKET ST,0,28.33558333,-82.66636944,0,8,0,0,2,2,0,1,2,1,0,1,0,0000000,99,99,99,99,88,88,0,0,0,1,0
12,122244,1,1,0,1,1,1,1,99,0,20,12,2012,5,8,50,0,6,8,S JOG RD,,0,26.49740833,-80.14722778,0,9,0,0,1,1,0,4,1,1,0,1,0,0000000,99,99,99,99,99,99,0,0,0,1,0
12,122245,2,2,0,0,0,6,6,99,0,30,12,2012,1,22,57,0,3,3,SR-809A,HALL BLVD,99998,26.81206944,-80.27736944,0,12,6,0,2,2,0,1,3,1,0,1,0,0000000,99,99,99,99,99,99,0,0,0,1,1
12,122246,2,2,0,0,0,2,2,86,2230,31,12,2012,2,8,48,0,13,3,SR-826,NE 19TH AVE,99998,25.92588889,-80.16190278,0,12,6,0,2,2,0,1,1,1,0,1,0,0000000,99,99,99,99,99,99,0,0,0,1,0
12,122247,1,1,0,0,0,1,1,86,0,2,6,2012,7,2,40,0,13,3,SR-9,NW 75TH ST,99998,25.84303056,-80.24153333,0,21,0,0,3,2,0,4,3,1,0,1,0,0000000,99,99,99,99,99,99,0,0,0,1,0
12,122248,1,1,0,0,0,2,2,73,0,8,7,2012,1,19,2,0,6,4,CR-12,,0,30.66045556,-84.21506389,0,24,0,0,1,1,0,4,1,1,0,1,0,0000000,99,99,99,99,99,99,0,0,0,2,1
12,122249,1,1,0,0,0,3,3,73,2940,24,9,2012,2,0,8,0,16,6,BLOUNTSTOWN HWY,,0,30.44441111,-84.34715278,0,42,0,0,1,1,0,4,2,1,0,1,0,0000000,99,99,99,99,99,99,0,0,0,2,1
12,122250,2,2,0,0,0,4,4,86,0,30,10,2012,3,5,34,1,13,2,US-27,NW 138TH STREET,99998,25.86986111,-80.34388889,0,12,6,1,2,2,0,1,3,1,0,1,0,0000000,99,99,99,99,99,99,0,0,0,1,0
12,122251,1,1,0,1,1,1,1,11,1781,17,11,2012,7,18,35,1,13,3,SR-816,SOMERSET DR,99998,26.16521111,-80.18971389,0,8,0,0,3,2,0,1,3,1,0,1,0,0000000,99,99,99,99,99,99,0,0,0,1,0
12,122252,2,2,0,1,1,2,2,86,0,4,12,2012,3,20,0,1,12,3,SR-821,,99998,25.75034444,-80.38516667,0,8,0,0,1,1,0,1,3,10,0,10,0,0000000,99,99,99,99,88,88,0,0,0,1,0
12,122253,1,1,0,0,0,1,1,127,0,21,12,2012,6,10,26,1,1,1,I-95,,99998,29.32932778,-81.13105,0,30,0,0,1,1,0,4,1,1,0,1,0,0000000,99,99,99,99,88,88,0,0,0,1,0
12,122254,2,2,0,0,0,3,3,71,0,27,12,2012,5,12,56,0,3,3,SR-867,CR-867,99998,26.51550278,-81.94396111,0,12,6,0,2,2,0,1,1,1,0,1,0,0000000,99,99,99,99,99,99,0,0,0,1,0
12,122255,1,1,0,1,1,1,1,99,330,30,11,2012,6,16,23,0,16,6,CONGRESS AVE,,0,26.56488611,-80.09018889,0,8,0,0,1,1,0,1,1,1,0,1,0,0000000,99,99,99,99,99,99,0,0,0,1,0
12,122256,1,1,0,0,0,1,1,99,0,20,12,2012,5,22,0,0,6,8,MANDARIN BLVD,50TH ST,0,26.75261667,-80.32099722,0,35,0,0,3,3,0,4,9,99,0,99,0,0000000,99,99,99,99,88,88,0,0,0,1,0
12,122257,1,1,0,1,1,1,1,86,2010,1,9,2012,7,6,19,0,16,6,12TH AVE,60TH ST,0,25.8305,-80.21651667,0,8,0,0,3,2,0,1,4,1,0,1,0,0000000,99,99,99,99,88,88,0,0,0,1,1
12,122258,1,1,0,1,1,2,2,99,290,14,11,2012,4,19,24,1,13,3,SR-808,GLADES RD,99998,26.3618,-80.08595,0,8,0,0,3,2,0,1,3,10,0,10,0,0000000,99,99,99,99,88,88,0,0,0,1,0
12,122259,1,1,0,0,0,1,1,99,0,25,12,2012,3,8,4,0,6,8,S CANAL ST,S. MAIN ST,0,26.68617222,-80.66723056,0,24,0,0,3,3,0,4,1,1,0,1,0,0000000,99,99,99,99,99,99,0,0,0,1,0
12,122260,3,3,0,0,0,4,4,85,2900,8,8,2012,4,12,43,1,13,2,US-1,NW WINDEMERE DR,99998,27.22910833,-80.26602222,0,12,1,0,3,2,0,1,1,1,0,1,0,0000000,99,99,99,99,99,99,0,0,0,1,0
12,122261,1,1,0,1,1,1,1,99,290,22,10,2012,2,22,51,0,16,6,E PALMETTO PARK RD,US-1,0,26.35051667,-80.08636389,0,8,0,0,2,2,0,1,3,1,0,1,0,0000000,99,99,99,99,99,99,0,0,0,1,0
12,122262,1,1,0,1,1,1,1,103,2873,17,12,2012,2,10,50,0,14,3,SR-693,MAJESTIC WAY S,99998,27.75719444,-82.73690556,0,8,0,0,2,3,0,1,1,1,0,1,0,0000000,99,99,99,99,99,99,0,0,0,1,0
12,122263,2,2,0,0,0,5,5,103,2730,7,11,2012,4,19,5,0,14,3,SR-682,,99998,27.71900278,-82.68859722,0,12,6,0,8,1,0,1,3,1,0,1,0,0000000,99,99,99,99,99,99,0,0,0,1,0
12,122264,1,1,0,1,1,1,1,85,0,5,10,2012,6,22,35,1,13,2,US-1,,99998,27.00833333,-80.101975,0,8,0,0,1,1,0,1,2,10,0,10,0,0000000,99,99,99,99,99,99,0,0,0,1,0
12,122265,1,1,0,1,1,1,1,86,0,8,10,2012,2,15,32,0,14,3,SR-969,NW 2ND TERRACE,99998,25.77296389,-80.31234167,0,8,0,0,1,1,0,1,1,1,0,1,0,0000000,99,99,99,99,88,88,0,0,0,1,0
12,122266,1,1,0,2,2,2,2,111,2601,12,10,2012,6,20,15,0,16,6,PORT ST LUCIE PLVD,,0,27.27110556,-80.30571944,0,8,0,0,1,1,0,1,3,1,0,1,0,0000000,99,99,99,99,99,99,0,0,0,1,0
12,122267,2,2,0,0,0,6,6,57,2950,12,11,2012,2,19,5,0,14,2,US-41,INDIANA AVE,99998,27.97803056,-82.46105556,0,12,6,0,2,2,0,1,3,2,0,2,0,0000000,99,99,99,99,99,99,0,0,0,1,0
12,122268,2,2,0,0,0,2,2,111,1080,7,12,2012,6,10,7,1,13,2,US-1,CITRUS AVE,99998,27.37415,-80.33798611,0,12,6,1,2,2,0,1,1,1,0,1,1,0000000,99,99,99,99,99,99,0,0,0,1,0
12,122269,2,1,1,0,0,1,1,71,457,19,12,2012,4,23,59,0,16,6,GLEASON PKWY,7TH PL,0,26.592475,-81.98981944,0,42,0,0,3,3,0,3,3,1,0,1,0,0000000,99,99,99,99,99,99,14,0,0,1,1
12,122270,1,1,0,0,0,1,1,119,0,28,12,2012,6,22,1,0,6,4,CR-48,,0,28.69091944,-82.19673889,0,42,0,0,1,1,0,5,2,2,0,2,0,0000000,99,99,99,99,88,88,0,0,0,1,0
12,122271,1,1,0,0,0,1,1,86,0,3,12,2012,2,23,15,1,2,2,US-27,,99998,25.89812778,-80.382075,0,43,0,0,1,1,0,5,3,1,0,1,0,0000000,99,99,99,99,99,99,0,0,0,1,0