STATE,ST_CASE,VE_TOTAL,VE_FORMS,PVH_INVL,PEDS,PERNOTMVIT,PERMVIT,PERSONS,COUNTY,CITY,DAY,MONTH,YEAR,DAY_WEEK,HOUR,MINUTE,NHS,ROAD_FNC,ROUTE,TWAY_ID,TWAY_ID2,MILEPT,LATITUDE,LONGITUD,SP_JUR,HARM_EV,MAN_COLL,RELJCT1,RELJCT2,TYP_INT,WRK_ZONE,REL_ROAD,LGT_COND,WEATHER1,WEATHER2,WEATHER,SCH_BUS,RAIL,NOT_HOUR,NOT_MIN,ARR_HOUR,ARR_MIN,HOSP_HR,HOSP_MN,CF1,CF2,CF3,FATALS,DRUNK_DR
12,122272,2,2,0,0,0,3,3,105,1690,18,12,2012,3,11,15,0,16,6,SOCRUM LOOP RD,LAKELAND PARK BLVD,0,28.10064722,-81.95073056,0,12,6,0,2,3,0,1,1,1,0,1,0,0000000,99,99,99,99,99,99,0,0,0,1,0
12,122273,3,3,0,0,0,4,4,11,771,2,3,2012,6,17,36,1,11,1,I-595,,99998,26.09095278,-80.21793889,0,12,9,0,1,1,4,1,1,1,0,1,0,0000000,99,99,99,99,99,99,0,0,0,1,0
12,122274,2,2,0,0,0,2,2,103,2730,30,6,2012,7,22,37,0,14,3,SR-686,MLK STREET,99998,27.86997222,-82.64723056,0,12,1,0,3,1,0,1,3,1,0,1,0,0000000,99,99,99,99,99,99,0,0,0,1,1
12,122275,4,4,0,0,0,6,6,97,2700,15,10,2012,2,15,20,1,13,2,US-192,OREGON AVE,99998,28.24585556,-81.27019167,0,12,2,1,2,3,4,1,1,1,0,1,0,0000000,99,99,99,99,99,99,0,0,0,1,4
12,122276,1,1,0,1,1,1,1,115,2780,25,10,2012,5,11,5,1,13,2,US-301,10TH STREET,99998,27.34445833,-82.53098056,0,9,0,0,2,2,0,1,1,1,0,1,0,0000000,99,99,99,99,99,99,0,0,0,1,0
12,122277,2,2,0,0,0,2,2,86,0,27,10,2012,7,5,59,0,6,8,SW 117TH AVE,SW 176TH TERRACE,0,25.60490833,-80.38151667,0,12,6,0,2,3,0,1,3,1,0,1,0,0000000,99,99,99,99,99,99,0,0,0,1,1
12,122278,2,1,1,0,0,2,2,69,1820,29,10,2012,2,15,23,0,16,6,CITRUL BLVD,,0,28.83784444,-81.8919,0,14,0,0,1,1,0,5,1,1,0,1,0,0000000,99,99,99,99,99,99,0,0,0,1,0
12,122279,1,1,0,1,1,1,1,99,1190,30,10,2012,3,17,9,0,16,6,JOG RD,PURDY LN,0,26.64526389,-80.14544167,0,8,0,0,3,2,0,1,1,1,0,1,0,0000000,99,99,99,99,99,99,0,0,0,1,0
12,122280,3,2,1,0,1,3,4,93,2300,1,11,2012,5,17,12,0,13,3,SR-70,SE 6TH AVE,99998,27.24373056,-80.824075,0,12,6,0,2,2,0,1,1,1,0,1,0,0000000,99,99,99,99,99,99,0,0,0,1,0
12,122281,1,1,0,1,1,1,1,111,1080,3,11,2012,7,22,12,1,13,2,US-1,,99998,27.42212778,-80.32589444,0,8,0,0,1,1,0,1,3,1,0,1,0,0000000,99,99,99,99,88,88,0,0,0,1,0
12,122282,2,2,0,0,0,2,2,11,1050,4,11,2012,1,7,50,0,13,3,SR-842,7TH AVE,99998,26.1221,-80.15048333,0,12,6,0,2,2,0,1,1,1,0,1,0,0000000,99,99,99,99,99,99,0,0,0,1,0
12,122283,1,1,0,1,1,1,1,86,2030,15,11,2012,5,18,22,0,16,6,NE 2ND AVE,NE 99TH ST,0,25.86618611,-80.19351389,0,8,0,0,3,2,0,1,3,1,0,1,0,0000000,99,99,99,99,99,99,0,0,0,1,0
12,122284,1,1,0,1,1,1,1,109,2690,18,11,2012,1,0,9,0,13,3,SR-A1A,ARREDONDO AVE,99998,29.89143056,-81.29930278,0,8,0,0,3,3,0,1,3,10,0,10,0,0000000,99,99,99,99,88,88,0,0,0,1,0
12,122285,1,1,0,1,1,1,1,86,1340,16,11,2012,6,19,35,0,16,6,EAST 4TH AVE,EAST 2ND ST,0,25.82376667,-80.27336111,0,8,0,0,2,3,0,1,3,10,0,10,0,0000000,99,99,99,99,99,99,0,0,0,1,0
12,122286,1,1,0,0,0,1,1,99,3190,23,12,2012,1,6,25,0,16,6,45TH ST,,0,26.75301667,-80.05985278,0,59,0,0,1,1,0,5,4,10,0,10,0,0000000,99,99,99,99,99,99,0,0,0,1,1
12,122287,1,1,0,1,1,1,1,57,2950,16,10,2012,3,6,24,0,16,6,E HILLSBOROUGH AVE,,0,27.99601944,-82.41520556,0,8,0,0,1,1,0,1,3,1,0,1,0,0000000,99,99,99,99,99,99,0,0,0,1,0
12,122288,2,2,0,5,5,2,2,86,2023,23,10,2012,3,16,11,0,13,3,SR-854,US-441,99998,25.95703889,-80.20622222,0,12,1,0,3,1,0,1,1,1,0,1,0,0000000,99,99,99,99,99,99,0,0,0,1,1
12,122289,2,2,0,0,0,2,2,31,1510,19,12,2012,4,15,47,1,11,1,I-95,,99998,30.35305556,-81.66805556,0,12,1,0,1,1,0,1,1,1,0,1,0,0000000,99,99,99,99,99,99,0,0,0,1,0
12,122290,1,1,0,0,0,1,1,86,2010,3,11,2012,7,4,50,0,16,6,N BAYSHORE DR,79 ST,0,25.84814722,-80.17347222,0,1,0,0,1,1,0,1,4,1,0,1,0,0000000,99,99,99,99,99,99,0,0,0,1,0
12,122291,1,1,0,1,1,1,1,103,2730,2,12,2012,1,3,29,0,16,6,4TH ST N,1 AVE N,0,27.77202778,-82.63847778,0,8,0,0,3,1,0,1,3,1,0,1,0,0000000,99,99,99,99,99,99,0,0,0,1,0
12,122292,1,1,0,1,1,1,1,86,2023,20,12,2012,5,19,6,0,16,6,NE 2ND AVE,,0,25.96286111,-80.20591944,0,9,0,0,1,1,0,1,3,1,0,1,0,0000000,99,99,99,99,99,99,0,0,0,1,0
12,122293,1,1,0,1,1,1,1,86,2023,28,12,2012,6,22,44,0,16,6,37TH AVE,159TH ST,0,25.91897778,-80.26034444,0,8,0,0,2,3,0,1,3,1,0,1,0,0000000,99,99,99,99,99,99,0,0,0,1,0
12,122294,2,2,0,1,1,2,2,103,1770,4,11,2012,1,19,18,0,16,6,SEMINOLE BLVD,,0,27.88999722,-82.78715833,0,8,0,0,1,1,0,1,2,1,0,1,0,0000000,99,99,99,99,88,88,0,0,0,1,0
12,122295,1,1,0,0,0,1,1,53,0,25,11,2012,1,8,45,0,6,8,MARINER BLVD,,0,28.52029722,-82.51388333,0,59,0,0,1,1,0,4,1,1,0,1,0,0000000,99,99,99,99,99,99,0,0,0,1,0
12,122296,1,1,0,0,0,1,1,11,1782,25,11,2012,1,19,0,0,16,6,COMMERCIAL BLVD,,0,26.19368056,-80.25370278,0,33,0,0,1,1,0,3,3,1,0,1,0,0000000,99,99,99,99,88,88,0,0,0,1,0
12,122297,2,2,0,0,0,4,4,86,1340,20,12,2012,5,19,47,1,13,2,US-27,W 11TH ST,99998,25.83110833,-80.29158333,0,1,0,1,3,3,0,1,3,10,0,10,0,0000000,99,99,99,99,99,99,0,0,0,1,0
12,122298,2,2,0,0,0,4,4,86,2230,27,12,2012,5,22,41,0,13,3,SR-5,NE 143RD ST,99998,25.90782222,-80.158225,0,12,99,0,3,2,0,1,3,1,0,1,0,0000000,99,99,99,99,99,99,0,0,0,1,0
12,122300,2,2,0,0,0,4,4,86,0,31,5,2012,5,16,0,0,6,8,NW 7TH AVE,NW 107TH ST,0,25.87283889,-80.21007222,0,12,6,0,2,2,0,1,1,1,0,1,0,0000000,99,99,99,99,99,99,0,0,0,1,0
12,122301,1,1,0,1,1,10,10,103,1770,31,10,2012,4,22,41,0,16,6,WALSINGHAM RD,137TH ST,0,27.88041389,-82.82825833,0,9,0,0,2,2,0,1,3,1,0,1,0,0000000,99,99,99,99,99,99,0,0,0,1,0
12,122302,2,2,0,0,0,2,2,127,780,10,11,2012,7,3,12,0,13,3,SR-400,NOVA RD,99998,29.17526944,-81.02837222,0,12,1,0,3,2,0,1,2,1,0,1,0,0000000,99,99,99,99,88,88,0,0,0,1,2
12,122303,2,2,0,0,0,2,2,35,0,2,8,2012,5,12,30,0,3,3,SR-A1A,OSPREY POINT DR,99998,29.51529444,-81.14480556,0,12,6,0,2,3,0,1,1,1,0,1,0,0000000,99,99,99,99,99,99,0,0,0,1,1
12,122304,1,1,0,1,1,1,1,86,2010,22,10,2012,2,14,17,0,16,6,NW 7TH AVENUE,NW 22ND STREET,0,25.798,-80.20707778,0,8,0,0,2,2,0,1,1,1,0,1,0,0000000,99,99,99,99,99,99,0,0,0,1,0
12,122305,2,2,0,0,0,2,2,86,2010,3,11,2012,7,19,20,0,16,6,NW 12TH AVE,NW 67TH STREET,0,25.83566111,-80.21695,0,12,6,0,2,2,0,1,3,1,0,1,0,0000000,99,99,99,99,99,99,0,0,0,1,0
12,122306,1,1,0,1,1,1,1,69,1820,4,12,2012,3,17,55,1,13,2,US-441,,99998,28.82128056,-81.78084444,0,8,0,0,1,1,0,1,3,1,0,1,0,0000000,99,99,99,99,99,99,0,0,0,1,0
12,122307,1,1,0,0,0,1,1,11,2570,12,12,2012,4,17,41,0,16,6,W SAMPLE RD,,0,26.274775,-80.13429722,0,10,0,0,6,1,0,1,5,10,0,10,0,628168G,99,99,99,99,88,88,0,0,0,1,0
12,122308,1,1,0,1,1,2,2,86,2906,27,12,2012,5,18,2,0,13,3,SR-A1A,158 ST,99998,25.92234167,-80.1225,0,8,0,0,3,1,0,1,3,1,0,1,0,0000000,99,99,99,99,88,88,0,0,0,1,0
12,122309,1,1,0,0,0,1,1,86,2441,28,12,2012,6,14,22,0,16,6,157TH ST,,0,25.62443333,-80.34113056,0,30,0,0,1,1,0,4,1,1,0,1,0,0000000,99,99,99,99,99,99,0,0,0,1,0
12,122310,1,1,0,1,1,2,2,49,320,30,12,2012,1,18,52,1,13,2,US-17,DOC COIL RD,99998,27.63124722,-81.82497778,0,8,0,0,3,2,0,1,3,1,0,1,0,0000000,99,99,99,99,88,88,0,0,0,1,0
12,122311,3,3,0,0,0,3,3,86,0,29,9,2012,7,6,19,0,3,3,SR-826,,99998,25.85632222,-80.32235,0,12,1,0,1,1,0,1,4,1,0,1,0,0000000,99,99,99,99,99,99,0,0,0,1,0
12,122312,1,1,0,1,1,1,1,86,0,23,10,2012,3,6,41,0,6,8,SW 200TH ST,,0,25.58083889,-80.39082778,0,9,0,0,1,1,0,1,4,1,0,1,0,0000000,99,99,99,99,88,88,0,0,0,1,0
12,122313,1,1,0,0,0,1,1,127,0,13,11,2012,3,19,23,1,1,1,I-4,,99998,28.87426944,-81.28573889,0,42,0,0,1,1,0,3,2,1,0,1,0,0000000,99,99,99,99,88,88,0,0,0,1,0
12,122314,2,2,0,0,0,1,1,11,1781,15,12,2012,7,4,10,0,16,6,NW 39TH ST,,0,26.17385278,-80.19264722,0,12,6,0,8,1,0,1,3,1,0,1,0,0000000,99,99,99,99,99,99,0,0,0,1,0
12,122316,1,1,0,0,0,2,2,117,2770,21,12,2012,6,9,58,0,16,6,SANFORD AVE,,0,28.79647222,-81.26483611,0,53,0,0,1,1,0,4,1,1,0,1,0,0000000,99,99,99,99,99,99,0,0,0,1,0
12,122317,2,2,0,0,0,6,6,86,2010,20,10,2012,7,1,58,0,16,6,FLAGLER ST,,0,25.77076111,-80.29017778,0,12,2,0,1,1,0,1,3,1,0,1,0,0000000,99,99,99,99,99,99,0,0,0,3,0
12,122318,2,2,0,1,1,6,6,86,2010,16,11,2012,6,13,20,0,16,6,NW 79TH ST,1ST AVE,0,25.84747778,-80.19536111,0,8,0,0,3,2,0,1,1,1,0,1,0,0000000,99,99,99,99,88,88,0,0,0,1,0
12,122319,1,1,0,0,0,1,1,127,0,16,11,2012,6,0,18,0,3,3,SR-415,,99998,28.94601667,-81.10049444,0,53,0,0,1,1,0,4,3,1,0,1,0,0000000,99,99,99,99,88,88,0,0,0,1,0
12,122320,1,1,0,0,0,1,1,57,2950,9,12,2012,1,15,43,0,16,6,BAY TO BAY BLVD,WESTSHORE BLVD,0,27.91878056,-82.52406944,0,33,0,0,2,4,0,4,1,1,0,1,0,0000000,99,99,99,99,88,88,0,0,0,1,1
12,122321,1,1,0,0,0,1,1,11,2219,15,12,2012,7,6,20,0,16,6,MCNAB RD,,0,26.20635278,-80.20314167,0,30,0,1,5,1,0,4,3,1,0,1,0,0000000,99,99,99,99,99,99,0,0,0,1,1
12,122322,1,1,0,0,0,1,1,57,2950,26,12,2012,4,19,22,1,11,1,I-275,,99998,27.94795833,-82.53264722,0,42,0,1,5,1,0,3,3,1,0,1,0,0000000,99,99,99,99,88,88,0,0,0,1,1
12,122323,1,1,0,0,0,1,1,86,2023,24,11,2012,7,6,3,0,16,6,12TH AVE,202ND ST,0,25.95973056,-80.22191667,0,25,0,0,2,3,0,4,2,1,0,1,0,0000000,99,99,99,99,88,88,0,0,0,1,1
12,122324,3,3,0,0,0,10,10,119,0,2,12,2012,1,17,40,0,6,4,CR-466,BUNEA VISTA BLVD,0,28.9272,-82.00411944,0,12,6,0,2,2,0,1,1,1,0,1,0,0000000,99,99,99,99,99,99,0,0,0,1,0
12,122325,2,2,0,0,0,2,2,91,1091,5,12,2012,4,13,24,0,13,3,SR-393,MARILYN AVE,99998,30.42541667,-86.64313056,0,12,6,0,2,2,0,1,1,1,0,1,0,0000000,99,99,99,99,99,99,0,0,0,1,0
12,122326,2,2,0,0,0,2,2,95,0,26,9,2012,4,8,45,0,6,8,MALARKEY ST,4812 MALARKEY ST,0,28.58864444,-81.44614167,0,12,2,1,8,1,0,1,1,1,0,1,0,0000000,99,99,99,99,99,99,0,0,0,1,0
12,122327,1,1,0,0,0,3,3,86,0,18,11,2012,1,18,51,0,6,8,SW 137TH AVE,,0,25.69336667,-80.415675,0,42,0,0,1,1,0,3,5,1,0,1,0,0000000,99,99,99,99,99,99,0,0,0,1,0
12,122328,2,2,0,0,0,6,6,99,0,20,11,2012,3,15,15,1,1,1,I-95,,99998,26.81379444,-80.09829444,0,12,6,0,1,1,0,1,1,1,0,1,0,0000000,99,99,99,99,99,99,0,0,0,1,0
12,122329,1,1,0,0,0,1,1,86,2010,26,11,2012,2,18,36,0,16,6,247 NW 51ST ST,NW 51ST AVE,0,25.77826111,-80.27804167,0,31,0,0,2,3,0,5,5,1,0,1,0,0000000,99,99,99,99,99,99,0,0,0,1,0
12,122330,2,2,0,0,0,2,2,86,0,27,11,2012,3,18,5,0,6,8,SW 160TH ST,SW 102ND PL,0,25.62085,-80.35942222,0,12,6,0,2,3,0,1,3,1,0,1,0,0000000,99,99,99,99,99,99,0,0,0,1,0
12,122331,2,2,0,0,0,2,2,11,1050,28,11,2012,4,19,8,0,16,6,FRONTAGE RD,,0,26.10692778,-80.17151944,0,12,1,0,1,1,0,1,3,1,0,1,0,0000000,99,99,99,99,99,99,0,0,0,1,0
12,122332,1,1,0,1,1,1,1,86,125,29,11,2012,5,18,11,0,16,6,NE 29TH PLACE,NE 199TH ST,0,25.96138889,-80.14183889,0,8,0,0,3,2,0,1,3,1,0,1,0,0000000,99,99,99,99,99,99,0,0,0,1,0
12,122333,2,2,0,1,1,3,3,86,735,8,12,2012,7,10,14,0,16,6,S DIXIE HWY,SW 112 AVE,0,25.57586944,-80.37221111,0,8,0,0,1,1,0,1,1,1,0,1,0,0000000,99,99,99,99,99,99,23,0,0,1,0
12,122334,1,1,0,1,1,2,2,57,2540,9,12,2012,1,19,7,0,16,6,CALHOUN ST,,0,28.02211667,-82.10752222,0,8,0,0,1,1,0,1,2,1,0,1,0,0000000,99,99,99,99,99,99,0,0,0,1,0
12,122335,1,1,0,1,1,1,1,11,1782,15,12,2012,7,18,45,0,16,6,NW 27TH CT,,0,26.16093611,-80.23006389,0,8,0,0,1,1,0,1,3,1,0,1,0,0000000,99,99,99,99,99,99,0,0,0,1,0
12,122336,2,2,0,0,0,3,3,103,2960,16,12,2012,1,19,52,0,16,6,PINESSAS AVE,MERES BLVD,0,28.13761944,-82.75672222,0,33,0,0,3,2,0,4,3,1,0,1,0,0000000,99,99,99,99,99,99,14,0,0,1,1
12,122337,2,2,0,0,0,2,2,27,80,17,12,2012,2,8,20,0,16,6,HILLSBOROUGH AVE,OAK ST,0,27.21423056,-81.85691389,0,12,6,0,2,3,0,1,1,1,0,1,0,0000000,99,99,99,99,99,99,0,0,0,1,0
12,122338,2,2,0,0,0,2,2,86,844,13,3,2012,3,19,13,0,16,6,3800 NW 115TH AVE,NW 38TH ST,0,25.80863333,-80.38383333,0,12,6,0,8,1,0,1,5,1,0,1,0,0000000,99,99,99,99,99,99,0,0,0,1,0
12,122339,1,1,0,1,1,1,1,103,2730,30,11,2012,6,1,31,0,16,6,4TH ST N,,0,27.86851944,-82.63872222,0,8,0,0,1,1,0,1,3,1,0,1,0,0000000,99,99,99,99,99,99,0,0,0,1,0
12,122340,1,1,0,0,0,1,1,111,2601,1,10,2012,2,0,15,0,16,6,NW PEACOCK BLVD,,0,27.33458889,-80.39963333,0,1,0,0,1,1,0,4,2,1,0,1,0,0000000,99,99,99,99,99,99,0,0,0,1,1
12,122341,2,2,0,0,0,3,3,81,340,25,8,2012,7,1,25,1,13,2,US-19,,99998,27.50451111,-82.56296667,0,12,1,0,1,1,0,1,3,1,0,1,0,0000000,99,99,99,99,99,99,23,0,0,1,1
12,122342,2,2,0,0,0,2,2,83,2270,13,10,2012,7,2,3,1,13,2,US-441,,99998,29.09546111,-82.08093056,0,12,1,0,1,1,0,1,3,1,0,1,0,0000000,99,99,99,99,99,99,0,0,0,1,0
12,122343,2,2,0,1,1,2,2,11,1927,27,10,2012,7,22,41,0,13,3,SR-7,SOUTHGATE BLVD,99998,26.22806944,-80.20449167,0,8,0,0,3,2,0,1,3,1,0,1,0,0000000,99,99,99,99,88,88,0,0,0,1,0
12,122344,1,1,0,0,0,2,2,73,0,31,10,2012,4,19,25,0,6,6,MERIDIAN RD,,0,30.57171667,-84.27571944,0,42,0,0,1,1,0,5,2,1,0,1,0,0000000,99,99,99,99,99,99,0,0,0,2,1
12,122345,2,2,0,0,0,2,2,123,2510,5,11,2012,2,10,50,1,13,2,US-19,,99998,29.74522778,-83.32034444,0,12,6,0,8,1,0,1,1,1,0,1,0,0000000,99,99,99,99,99,99,0,0,0,1,0
12,122346,1,1,0,1,1,2,2,86,1340,26,11,2012,2,19,15,0,16,6,PALM AVE,,0,25.82853611,-80.28154722,0,8,0,0,1,1,0,1,2,10,0,10,0,0000000,99,99,99,99,99,99,0,0,0,1,0
12,122347,1,1,0,1,1,1,1,11,1420,30,12,2012,1,7,38,0,16,6,TAFT ST,66TH AVE,0,26.02458611,-80.22055556,0,9,0,0,2,2,0,1,4,1,0,1,0,0000000,99,99,99,99,88,88,0,0,0,1,0
12,122348,1,1,0,1,1,1,1,103,1770,7,9,2012,6,23,46,0,13,3,SR-686,FULTON DR,99998,27.91649167,-82.754175,0,8,0,0,3,2,0,1,3,1,0,1,0,0000000,99,99,99,99,99,99,0,0,0,1,0
12,122349,1,1,0,1,1,1,1,115,3050,23,12,2012,1,23,20,1,13,2,US-41,,99998,27.10027222,-82.44428333,0,9,0,0,1,1,0,1,3,1,0,1,0,0000000,99,99,99,99,99,99,0,0,0,1,0
12,122350,1,1,0,1,1,1,1,86,1340,30,11,2012,6,21,40,0,16,6,24TH AVE,,0,25.87105833,-80.33106944,0,8,0,0,1,1,0,1,3,2,0,2,0,0000000,99,99,99,99,99,99,0,0,0,1,0
12,122351,1,1,0,0,0,1,1,99,2660,11,10,2012,5,6,53,0,13,3,SR-708,SR-807,99998,26.78223333,-80.06691111,0,5,0,0,3,3,0,1,1,1,0,1,0,0000000,99,99,99,99,99,99,0,0,0,1,0
12,122352,1,1,0,0,0,5,5,86,1340,24,10,2012,4,14,22,0,16,6,W 43RD ST,,0,25.86123056,-80.28569167,0,1,0,0,1,1,0,4,1,1,0,1,0,0000000,99,99,99,99,99,99,0,0,0,1,0
12,122353,1,1,0,1,1,1,1,86,1340,28,10,2012,1,17,0,0,16,6,PALM AVE,,0,25.86038056,-80.28280278,0,9,0,0,1,1,0,1,1,1,0,1,0,0000000,99,99,99,99,99,99,0,0,0,1,0
12,122354,2,2,0,1,1,2,2,86,1340,18,12,2012,3,7,30,0,16,6,16TH AVE,,0,25.87171389,-80.315025,0,8,0,0,1,1,0,4,1,1,0,1,1,0000000,99,99,99,99,88,88,0,0,0,1,0
12,122355,2,2,0,1,1,4,4,33,2490,15,12,2012,7,18,17,0,16,6,CERVANTES ST,,0,30.42015,-87.22958056,0,8,0,0,1,1,0,1,2,1,0,1,0,0000000,99,99,99,99,88,88,0,0,0,1,0
12,122356,1,1,0,0,0,1,1,97,2700,22,11,2012,5,15,15,0,16,6,NARCOOSSEE RD,,0,28.25013889,-81.24371389,0,33,0,0,1,1,0,4,1,1,0,1,0,0000000,99,99,99,99,88,88,0,0,0,1,0
12,122357,1,1,0,1,1,1,1,57,2950,16,11,2012,6,23,38,0,13,2,US-92,ARMENIA AVE,99998,27.99602222,-82.48404444,0,9,0,0,3,3,0,1,3,1,0,1,0,0000000,99,99,99,99,99,99,0,0,0,1,0
12,122358,1,1,0,0,0,1,1,111,2601,16,12,2012,1,7,37,0,6,8,GLADES CUT OFF RD,,0,27.35495556,-80.41448889,0,21,0,0,1,1,0,4,1,2,0,2,0,0000000,99,99,99,99,88,88,0,0,0,1,0
12,122359,2,2,0,0,0,2,2,111,2601,21,12,2012,6,20,14,0,16,6,PORT ST LUCIE BLVD,MORNINGSIDE BLVD,0,27.27109444,-80.29751667,0,12,6,0,2,2,0,1,3,1,0,1,0,0000000,99,99,99,99,99,99,0,0,0,1,0
12,122360,2,1,1,0,0,1,1,86,1340,10,12,2012,2,4,30,0,16,6,4TH AVE,21ST ST,0,25.84105,-80.27401944,0,40,0,0,3,2,0,4,3,1,0,1,0,0000000,99,99,99,99,88,88,0,0,0,1,1
12,122361,8,2,6,0,0,3,3,86,1340,19,10,2012,6,21,42,0,16,6,9TH CT,49TH ST,0,25.86733611,-80.26444167,0,12,6,0,2,2,0,1,3,1,0,1,0,0000000,99,99,99,99,99,99,0,0,0,1,1
12,122362,2,2,0,0,0,2,2,19,0,21,9,2012,6,21,55,0,6,6,BLANDING BLVD,OAK LN,0,30.12373333,-81.79756944,0,12,1,0,2,2,0,1,3,1,0,1,0,0000000,99,99,99,99,99,99,0,0,0,1,0
12,122363,1,1,0,0,0,2,2,109,2690,25,12,2012,3,17,32,0,16,6,RED COX RD,,0,29.884125,-81.28718889,0,18,0,0,1,1,0,5,1,1,0,1,0,0000000,99,99,99,99,88,88,0,0,0,2,0
12,122364,1,1,0,1,1,1,1,86,2020,2,9,2012,1,20,0,0,16,6,COLLINS AVE,15TH ST,0,25.78760833,-80.13045278,0,8,0,0,3,3,0,1,3,1,0,1,0,0000000,99,99,99,99,99,99,0,0,0,1,0
12,122365,1,1,0,1,1,1,1,11,1782,26,11,2012,2,19,41,0,6,6,31ST AVE,,0,26.14954444,-80.18674722,0,9,0,0,1,1,0,1,3,1,0,1,0,0000000,99,99,99,99,99,99,0,0,0,1,0
12,122366,2,2,0,1,1,2,2,11,1782,7,12,2012,6,15,41,0,6,6,UNIVERSITY DR,44TH ST,0,26.17916667,-80.25179722,0,9,0,0,3,2,0,1,1,1,0,1,0,0000000,99,99,99,99,99,99,0,0,0,1,0
12,122367,6,6,0,0,0,8,8,86,0,28,11,2012,4,16,4,0,16,6,72ND ST,72ND AVE,0,25.703325,-80.30960833,0,12,6,0,2,2,0,1,1,1,0,1,0,0000000,99,99,99,99,99,99,0,0,0,1,0
12,122368,1,1,0,0,0,1,1,86,0,8,12,2012,7,8,28,0,16,6,10TH ST,152ND AVE,0,25.75730556,-80.44044167,0,39,0,0,3,2,0,5,1,1,0,1,0,0000000,99,99,99,99,99,99,0,0,0,1,0
12,122369,1,1,0,1,1,1,1,86,0,23,8,2012,5,99,99,0,16,6,SW 139TH AVE,,0,25.53030833,-80.41678056,0,8,0,0,1,1,0,1,2,1,0,1,0,0000000,99,99,99,99,88,88,0,0,0,1,0
13,130001,1,1,0,0,0,1,1,21,3390,1,1,2012,1,17,41,0,16,6,WHITFIELD ST,,2,32.81696389,-83.68764444,0,38,0,0,1,1,0,4,5,1,0,1,0,0000000,17,35,17,48,18,16,0,0,0,1,0
13,130002,1,1,0,0,0,1,1,121,280,1,1,2012,1,8,7,0,16,6,MARIETTA BLVD,,0,33.78498333,-84.42783611,0,33,0,0,1,1,0,4,1,1,0,1,0,0000000,88,88,88,88,88,88,0,0,0,1,1
13,130003,1,1,0,0,0,1,1,275,5460,1,1,2012,1,16,55,0,14,4,CR-441 / S PINETREE BLVD,,3,30.81358889,-83.99586944,0,59,0,0,1,1,0,4,1,1,0,1,0,0000000,16,49,16,55,17,9,0,0,0,1,1
13,130004,2,2,0,0,0,4,4,103,4670,3,1,2012,3,16,40,0,3,3,SR-21,TOWN PARK DR,27,32.2685,-81.22473333,0,12,1,0,3,2,0,1,1,1,0,1,0,0000000,16,41,16,44,17,12,0,0,0,1,0
13,130005,2,2,0,0,0,3,3,193,0,3,1,2012,3,10,30,0,6,4,CR-24 / MENNONITE SCHOOL RD,STANLEY YODER RD,74,32.3096,-83.99241111,0,12,6,0,2,2,0,1,1,1,0,1,0,0000000,99,99,99,99,99,99,0,0,0,1,0
13,130006,1,1,0,0,0,1,1,249,0,3,1,2012,3,7,10,0,4,4,CR-126 / BUMPHEAD RD,,7,32.16978611,-84.21435556,0,42,0,0,1,1,0,4,1,1,0,1,0,0000000,88,88,88,88,88,88,0,0,0,1,0
13,130007,1,1,0,0,0,1,1,287,0,3,1,2012,3,6,22,0,6,4,CR-163 / HAW POND RD,,37,31.80434444,-83.60500556,0,18,0,0,1,1,0,4,2,1,0,1,0,0000000,88,88,88,88,88,88,0,0,0,1,0
13,130008,1,1,0,0,0,1,1,15,0,4,1,2012,4,10,51,0,3,4,CR-630 /CASSVILLE WHITE RD,,77,34.272,-84.75426667,0,10,0,0,6,1,0,1,1,1,0,1,0,340724H,88,88,88,88,88,88,0,0,0,1,0
13,130009,1,1,0,0,0,1,1,47,0,4,1,2012,4,7,42,0,5,4,CR-152 / THREE NOTCH RD,,31,34.90490556,-85.17865278,0,11,0,0,1,1,0,1,1,1,0,1,0,0000000,99,99,99,99,99,99,0,0,0,1,0
13,130010,1,1,0,0,0,7,7,191,0,5,1,2012,5,15,18,1,1,1,I-95,,144,31.54999722,-81.44434444,0,1,0,0,1,1,0,1,1,1,0,1,0,0000000,15,18,15,26,16,28,0,0,0,1,0
13,130011,3,3,0,0,0,4,4,285,2760,5,1,2012,5,12,35,0,3,2,US-29 / SR-14,W BOYD RD,292,33.16487778,-84.91462778,0,12,1,0,3,2,0,1,1,1,0,1,0,0000000,12,36,12,55,14,6,0,0,0,1,0
13,130012,1,1,0,0,0,1,1,103,2520,6,1,2012,6,12,57,0,3,3,SR-119,,170,32.45553333,-81.27308889,0,38,0,0,1,1,0,4,1,1,0,1,0,0000000,99,99,99,99,99,99,0,0,0,1,0
13,130013,2,2,0,0,0,3,3,183,3280,6,1,2012,6,0,34,0,4,4,CR-113 / ELIM CHURCH RD,,99999,31.76306944,-81.69864444,0,12,1,0,1,1,0,1,2,1,0,1,0,0000000,99,99,99,99,99,99,0,0,0,1,2
13,130014,1,1,0,0,0,1,1,113,0,7,1,2012,7,5,6,0,14,3,SR-279,,19,33.52891667,-84.44946944,0,59,0,0,1,1,0,4,2,10,0,10,0,0000000,5,6,5,9,5,37,0,0,0,1,1