STATE,ST_CASE,VE_TOTAL,VE_FORMS,PVH_INVL,PEDS,PERNOTMVIT,PERMVIT,PERSONS,COUNTY,CITY,DAY,MONTH,YEAR,DAY_WEEK,HOUR,MINUTE,NHS,ROAD_FNC,ROUTE,TWAY_ID,TWAY_ID2,MILEPT,LATITUDE,LONGITUD,SP_JUR,HARM_EV,MAN_COLL,RELJCT1,RELJCT2,TYP_INT,WRK_ZONE,REL_ROAD,LGT_COND,WEATHER1,WEATHER2,WEATHER,SCH_BUS,RAIL,NOT_HOUR,NOT_MIN,ARR_HOUR,ARR_MIN,HOSP_HR,HOSP_MN,CF1,CF2,CF3,FATALS,DRUNK_DR
13,130015,3,3,0,0,0,7,7,135,3100,7,1,2012,7,22,10,0,16,4,CR-335 / WEBB GIN HOUSE RD,,9,33.9056,-83.99058056,0,12,8,0,1,1,0,1,2,10,0,10,0,0000000,22,10,22,16,22,36,0,0,0,2,2
13,130016,3,3,0,0,0,5,5,223,0,7,1,2012,7,18,48,0,13,3,SR-120,SR-92,204,33.92603611,-84.74795278,0,12,6,0,2,2,0,1,2,2,0,2,0,0000000,18,45,18,49,19,15,0,0,0,1,0
13,130017,2,2,0,0,0,3,3,313,1225,7,1,2012,7,12,15,0,14,3,SR-2,COUNTRY WAY,33,34.89866111,-84.96406111,0,12,6,0,2,3,0,1,1,2,0,2,0,0000000,12,18,12,30,12,58,0,0,0,1,0
13,130018,1,1,0,0,0,1,1,297,3710,8,1,2012,1,16,57,0,5,4,CR-292 / WALTON RD,,2,33.83551389,-83.71640278,0,42,0,0,1,1,0,4,1,2,0,2,0,0000000,88,88,88,88,88,88,0,0,0,1,1
13,130019,1,1,0,1,1,1,1,119,0,9,1,2012,2,17,16,1,2,3,SR-17,,24,34.33136667,-83.10953611,0,8,0,0,1,1,0,1,1,10,0,10,0,0000000,99,99,99,99,99,99,0,0,0,1,0
13,130020,2,2,0,0,0,2,2,135,3100,9,1,2012,2,13,57,0,15,4,CR-378700 / RIVERSIDE PKWY,WHEATFIELD DR,5,33.97823611,-84.02725556,0,12,6,0,2,3,0,1,1,10,0,10,0,0000000,13,52,14,5,14,22,0,0,0,1,0
13,130021,1,1,0,1,1,1,1,35,0,10,1,2012,3,18,23,0,4,6,BROWNLEE RD,,9,33.281975,-83.96517778,0,8,0,0,1,1,0,1,2,2,0,2,0,0000000,99,99,99,99,99,99,0,0,0,1,0
13,130022,1,1,0,0,0,1,1,189,0,11,1,2012,4,23,10,1,1,1,I-20,,5,33.49606111,-82.60242222,0,1,0,0,1,1,0,1,3,1,0,1,0,0000000,23,16,23,27,0,48,0,0,0,1,1
13,130023,1,1,0,0,0,1,1,1,0,12,1,2012,5,17,0,0,6,4,CR-368 / IRA EASON RD,,15,31.88781667,-82.18730833,0,34,0,0,1,1,0,4,1,1,0,1,0,0000000,16,45,16,56,17,36,0,0,0,1,0
13,130024,1,1,0,0,0,1,1,71,0,12,1,2012,5,10,4,0,16,4,CR-114 / SARDIS CHURCH RD,,63,31.15227778,-83.70680278,0,34,0,0,1,1,0,4,1,1,0,1,0,0000000,88,88,88,88,88,88,0,0,0,1,0
13,130025,2,2,0,0,0,4,4,175,4600,13,1,2012,6,18,40,0,3,3,SR-117,,69,32.37665278,-82.99442778,0,12,6,0,8,1,0,1,2,1,0,1,0,0000000,18,42,18,50,19,22,0,0,0,1,1
13,130026,2,2,0,0,0,5,5,245,310,13,1,2012,6,1,22,0,16,4,CR-122100 / OLD MCDUFFIE RD,AMSTERDAM DR,10,33.43159444,-82.086875,0,12,6,0,3,3,0,1,2,1,0,1,0,0000000,1,30,1,37,2,17,0,0,0,1,0
13,130027,1,1,0,0,0,3,3,33,0,15,1,2012,1,0,50,0,3,3,SR-80,,203,33.10147222,-82.13131667,0,35,0,0,1,1,0,4,2,1,0,1,0,0000000,88,88,88,88,88,88,0,0,0,1,1
13,130028,1,1,0,1,1,0,0,145,0,16,1,2012,2,10,35,0,6,4,CR-590 / OLD BRIDGE RD,,0,32.68207778,-85.01306111,0,8,0,0,1,1,0,1,1,10,0,10,0,0000000,88,88,88,88,88,88,15,0,0,1,0
13,130029,2,1,1,0,1,1,2,135,1810,17,1,2012,3,17,40,1,11,1,I-85,,87,33.96226111,-84.10699722,0,14,0,1,5,1,0,8,5,10,0,10,0,0000000,88,88,88,88,88,88,0,0,0,1,0
13,130030,1,1,0,0,0,1,1,39,6010,18,1,2012,4,10,51,0,4,4,CR-144 / REFUGE RD,,13,30.98482778,-81.73405,0,42,0,0,1,1,0,4,1,10,0,10,0,0000000,88,88,88,88,88,88,0,0,0,1,0
13,130031,1,1,0,0,0,1,1,97,1770,18,1,2012,4,10,38,1,11,1,I-20,,154,33.76745833,-84.65695833,0,42,0,0,1,1,0,4,1,1,0,1,0,0000000,88,88,88,88,88,88,0,0,0,1,0
13,130032,1,1,0,1,1,1,1,315,0,19,1,2012,5,7,57,0,5,4,CR-253 / CANNONVILLE RD,,71,32.03702778,-83.399375,0,8,0,0,1,1,0,1,2,1,0,1,0,0000000,88,88,88,88,88,88,0,0,0,1,0
13,130033,1,1,0,0,0,1,1,213,0,20,1,2012,6,10,45,0,6,4,CR-23 / RED CUT RD,,45,34.84864722,-84.76562778,0,35,0,0,1,1,0,4,1,10,0,10,0,0000000,10,44,10,52,11,19,0,0,0,1,0
13,130034,1,1,0,0,0,2,2,39,0,21,1,2012,7,22,9,0,16,6,SCRUBBY BLUFF RD,,30,30.76563333,-81.66063333,0,1,0,0,1,1,0,1,2,1,0,1,0,0000000,99,99,99,99,99,99,0,0,0,1,0
13,130035,3,3,0,0,0,6,6,191,1560,1,1,2012,1,14,49,0,4,4,CR-134 / COX RD,POSSUM POINT RD,83,31.45524167,-81.56342222,0,12,6,0,2,3,0,1,1,1,0,1,0,0000000,14,44,15,3,15,45,0,0,0,1,0
13,130036,2,2,0,0,0,3,3,215,1280,6,1,2012,6,21,40,1,13,3,SR-22 SP / MACON RD,MALL ENT DR,30,32.48082222,-84.94263611,0,12,6,0,2,2,0,1,3,1,0,1,0,0000000,21,40,21,40,22,2,0,0,0,1,1
13,130037,1,1,0,1,1,2,2,63,0,7,1,2012,7,23,10,1,13,2,US-19/41,,18,33.453925,-84.32644167,0,8,0,0,1,1,0,1,2,1,0,1,0,0000000,23,12,23,12,23,54,0,0,0,1,0
13,130038,1,1,0,0,0,1,1,225,0,12,1,2012,5,9,7,0,5,4,CR-184 / CAMP JOHN HOPE RD,,29,32.51896944,-83.86326667,0,59,0,0,1,1,0,5,1,10,0,10,0,733435U,88,88,88,88,88,88,0,0,0,1,0
13,130039,1,1,0,0,0,1,1,63,0,13,1,2012,6,13,47,0,16,4,CR-639 / SLATE RD,,4,33.63228056,-84.32815833,0,42,0,0,1,1,0,4,1,1,0,1,0,0000000,13,49,13,49,15,6,0,0,0,1,0
13,130040,1,1,0,0,0,1,1,147,0,20,1,2012,6,17,56,0,3,3,SR-8,,143,34.34839167,-82.89835556,0,42,0,0,1,1,0,4,2,2,0,2,0,0000000,17,51,17,55,18,48,0,0,0,1,1
13,130041,1,1,0,0,0,2,2,49,0,23,1,2012,2,15,16,0,3,2,US-301 / SR-23,,388,30.87301111,-82.01291389,0,59,0,0,1,1,0,3,1,1,0,1,0,0000000,99,99,99,99,99,99,0,0,0,1,0
13,130042,1,1,0,1,1,1,1,89,0,1,1,2012,1,18,1,0,14,3,SR-155,,68,33.69006667,-84.25732222,0,8,0,0,1,1,0,1,5,1,0,1,0,0000000,18,1,18,4,18,27,0,0,0,1,0
13,130043,1,1,0,1,1,3,3,121,280,1,1,2012,1,20,51,0,15,6,MACON DR,,10,33.68768889,-84.38996389,0,8,0,0,1,1,0,1,2,1,0,1,0,0000000,20,3,20,18,20,30,0,0,0,1,0
13,130044,2,1,1,3,3,2,2,185,5680,1,1,2012,1,2,33,0,16,6,WILLOW WAY,CONTINENTAL DR,0,30.82629722,-83.25685278,0,14,0,0,3,3,0,5,2,5,0,5,0,0000000,2,40,2,49,3,18,0,0,0,1,0
13,130045,1,1,0,0,0,1,1,121,5640,2,1,2012,2,12,56,0,16,6,OAKLEY RD,,7,33.57639444,-84.53056944,0,42,0,0,1,1,0,4,1,1,0,1,0,0000000,12,45,12,52,14,0,0,0,0,1,0
13,130046,1,1,0,0,0,1,1,145,0,28,1,2012,7,23,22,0,6,4,CR-229 / MANN RD,,28,32.83097778,-84.73410556,0,32,0,0,1,1,0,4,2,1,0,1,0,0000000,99,99,99,99,99,99,0,0,0,1,1
13,130047,2,2,0,0,0,2,2,117,0,5,1,2012,5,18,5,0,14,3,SR-141,DIPLOMAT DRIVE,50,34.13194167,-84.17215,0,12,6,0,2,3,0,1,2,1,0,1,0,0000000,18,10,18,16,19,0,0,0,0,1,0
13,130048,2,2,0,0,0,4,4,121,280,6,1,2012,6,18,33,0,14,6,CAMPBELLTON ROAD,FAIRBURN ROAD,239,33.69062222,-84.51144167,0,12,1,0,8,1,0,1,5,1,0,1,0,0000000,18,35,18,40,19,0,0,0,0,1,0
13,130049,1,1,0,0,0,1,1,89,1610,7,1,2012,7,3,21,0,15,6,RAINBOW DRIVE,,22,33.70826111,-84.23462778,0,53,0,0,1,1,0,5,3,1,0,1,0,0000000,3,30,3,32,88,88,0,0,0,1,1
13,130050,2,2,0,1,1,2,2,89,0,9,1,2012,2,19,0,0,14,3,SR-155,,20,33.68386389,-84.19863333,0,8,0,0,1,1,0,1,2,10,0,10,0,0000000,88,88,88,88,88,88,0,0,0,1,0
13,130051,2,2,0,0,0,2,2,121,280,9,1,2012,2,10,23,1,11,1,I-285,,109,33.78008056,-84.49600556,0,12,1,0,1,1,0,1,1,10,0,10,0,0000000,10,28,10,39,11,5,23,0,0,1,0
13,130052,2,2,0,0,0,3,3,237,0,9,1,2012,2,16,35,1,13,3,SR-24,,162,33.37434167,-83.38035,0,12,2,0,1,1,0,1,1,10,0,10,0,0000000,16,49,17,20,17,45,0,0,0,1,0
13,130053,2,2,0,0,0,5,5,153,5790,11,1,2012,4,17,58,0,15,6,WELLBORN ROAD,LINCOLN STREET,4,32.65583611,-83.61967778,0,12,6,0,2,3,0,1,2,1,0,1,0,0000000,17,58,18,4,18,14,0,0,0,1,0
13,130054,2,2,0,0,0,3,3,171,400,11,1,2012,4,16,35,0,14,3,SR-18,TROJAN DRIVE,46,33.04671944,-84.17689167,0,12,6,0,2,2,0,1,1,10,0,10,0,0000000,16,56,17,10,17,47,0,0,0,1,1
13,130055,1,1,0,0,0,1,1,23,0,13,1,2012,6,16,39,0,4,4,CR-225,,55,32.52083889,-83.30656111,0,53,0,0,1,1,0,5,1,1,0,1,0,0000000,16,44,16,56,17,30,0,0,0,1,0
13,130056,1,1,0,1,1,1,1,89,0,14,1,2012,7,4,16,1,11,1,I-285,,123,33.80285278,-84.24983333,0,8,0,0,1,1,0,1,2,1,0,1,0,0000000,4,26,4,30,5,0,0,0,0,1,0
13,130057,2,2,0,0,0,3,3,121,280,18,1,2012,4,14,19,0,13,6,PEACHTREE ROAD,MATHIESON DRIVE,1,33.84046111,-84.377,0,12,6,0,2,3,0,1,1,1,0,1,0,0000000,14,19,14,27,14,55,0,0,0,1,0
13,130058,2,2,0,0,0,3,3,117,0,20,1,2012,6,11,27,0,14,6,BALDRIDGE MARINA ROAD,TURNER ROAD,10,34.20941111,-84.11984722,0,12,6,0,2,3,0,1,1,10,0,10,0,0000000,11,29,11,35,12,7,0,0,0,1,0
13,130059,1,1,0,0,0,1,1,223,0,20,1,2012,6,23,12,0,14,4,CR-283,,99999,33.81516667,-84.72843889,0,53,0,0,1,1,0,5,2,5,0,5,0,0000000,23,9,23,18,23,46,0,0,0,1,0
13,130060,1,1,0,0,0,1,1,89,0,21,1,2012,7,9,17,1,11,1,I-285 (RAMP),,244,33.67080556,-84.32933056,0,42,0,1,5,1,0,5,1,3,0,3,0,0000000,10,25,10,31,11,10,0,0,0,1,0
13,130061,1,1,0,1,1,1,1,89,0,21,1,2012,7,13,17,0,13,3,SR-13,,0,33.84293889,-84.32855278,0,8,0,0,1,1,0,1,1,10,0,10,0,0000000,1,17,1,30,1,55,0,0,0,1,0
13,130062,1,1,0,1,1,2,2,97,0,21,1,2012,7,1,18,0,16,4,CR-99,,99999,33.78395833,-84.64268889,0,8,0,0,1,1,0,1,2,10,0,10,0,0000000,88,88,88,88,88,88,0,0,0,1,0
13,130063,1,1,0,1,1,2,2,51,2290,22,1,2012,1,20,29,0,16,3,SR-25,,71,32.04034722,-81.19981667,0,9,0,0,1,1,0,1,2,1,0,1,0,0000000,88,88,88,88,88,88,0,0,0,1,0
13,130064,1,1,0,0,0,1,1,217,0,22,1,2012,1,20,25,0,16,6,W. MACEDONIA CHURCH ROAD,,20,33.67084444,-83.86683333,0,34,0,0,1,1,0,5,2,2,0,2,0,0000000,20,25,20,37,21,35,0,0,0,1,1
13,130065,2,2,0,0,0,5,5,51,4910,23,1,2012,2,23,17,1,13,1,I-516,,4,32.04339444,-81.14648889,0,12,1,0,1,1,0,1,3,1,0,1,0,0000000,23,20,23,28,23,40,0,0,0,1,0
13,130066,1,1,0,0,0,1,1,81,0,24,1,2012,3,15,44,1,2,2,US-HIGHWAY 280,,166,31.95741667,-83.67119444,0,1,0,0,1,1,0,1,1,10,0,10,0,0000000,99,99,99,99,99,99,0,0,0,1,1
13,130067,2,1,1,1,1,4,4,121,280,24,1,2012,3,23,20,1,11,1,I-75,,28,33.74156111,-84.39186944,0,8,0,0,1,1,0,1,3,1,0,1,0,0000000,23,22,23,33,0,46,19,0,0,1,1
13,130068,2,2,0,0,0,4,4,175,0,24,1,2012,3,19,26,1,1,1,I-16,,23,32.55278056,-83.17908333,0,12,1,0,1,1,0,1,1,1,0,1,0,0000000,20,46,21,0,21,33,0,0,0,1,0
13,130069,2,2,0,0,0,2,2,223,1500,24,1,2012,3,12,35,1,13,3,SR-6,SEABOARD DRIVE,94,33.91194167,-84.84080556,0,12,2,0,1,1,0,1,1,1,0,1,0,0000000,12,36,12,38,13,56,0,0,0,1,0
13,130070,1,1,0,0,0,1,1,251,0,24,1,2012,3,20,47,0,4,3,SR-24,,220,32.73516944,-81.50885,0,42,0,0,1,1,0,5,2,1,0,1,0,0000000,88,88,88,88,88,88,0,0,0,1,1
13,130071,2,2,0,2,2,1,1,275,5460,24,1,2012,3,21,52,1,13,2,US-19/SR-300,,99999,30.93518889,-84.00639167,0,8,0,0,1,1,0,1,2,1,0,1,0,0000000,21,55,22,1,22,53,23,0,0,1,0
13,130072,3,3,0,0,0,3,3,121,280,25,1,2012,4,11,32,0,14,6,MARIETTA STREET,ANDREW YOUNG INTERNATIONAL BLV,14,33.75896667,-84.39433333,0,12,1,0,2,2,0,1,1,10,0,10,0,0000000,99,99,99,99,99,99,0,0,0,1,0
13,130073,1,1,0,1,1,1,1,67,0,26,1,2012,5,5,11,0,16,4,CR-107800,,1,34.04664722,-84.55815278,0,8,0,0,1,1,0,1,2,5,0,5,0,0000000,5,11,5,15,5,41,0,0,0,1,1
13,130074,1,1,0,0,0,1,1,129,0,26,1,2012,5,23,40,0,14,3,SR-156,,151,34.52812222,-84.86083333,0,35,0,0,1,1,0,5,2,2,0,2,0,0000000,23,40,23,56,1,14,0,0,0,1,1
13,130075,1,1,0,2,2,1,1,211,3400,26,1,2012,5,19,3,1,2,6,SOUTH MAIN STREET,BURNETT STREET,119,33.59502778,-83.46856667,0,8,0,0,2,2,0,1,3,2,0,2,0,0000000,19,5,19,7,20,1,0,0,0,1,0
13,130076,1,1,0,0,0,2,2,47,0,27,1,2012,6,16,37,1,11,1,I-75,,125,34.96558333,-85.18778333,0,23,0,0,1,1,0,4,1,1,0,1,0,0000000,99,99,99,99,99,99,0,0,0,1,0
13,130077,1,1,0,1,1,1,1,89,1750,27,1,2012,6,5,6,1,11,1,I-285 (RAMP),,37,33.91238056,-84.287075,0,8,0,0,5,1,0,1,2,2,0,2,0,0000000,5,0,5,9,88,88,0,0,0,1,0
13,130078,2,2,0,0,0,2,2,121,280,27,1,2012,6,14,49,0,14,6,DECATUR STREET,,11,33.75128889,-84.37173611,0,12,7,0,1,1,0,1,1,1,0,1,0,0000000,14,49,14,58,15,15,0,0,0,1,0
13,130079,1,1,0,1,1,1,1,245,310,27,1,2012,6,6,22,0,13,6,WASHINGTON ROAD,,101,33.51272778,-82.04745833,0,8,0,0,1,1,0,1,3,2,0,2,0,0000000,6,22,6,32,88,88,0,0,0,1,0
13,130080,1,1,0,0,0,3,3,285,3050,27,1,2012,6,12,43,1,1,1,I-185,,83,32.98730556,-84.94999167,0,42,0,0,1,1,0,5,1,1,0,1,0,0000000,12,42,12,59,14,3,0,0,0,1,0
13,130081,1,1,0,0,0,1,1,105,1950,28,1,2012,7,15,35,1,2,6,ATHENS HIGHWAY,,12,34.07483056,-82.98311944,0,35,0,0,1,1,0,5,1,1,0,1,0,0000000,88,88,88,88,88,88,0,0,0,1,1
13,130082,1,1,0,0,0,1,1,139,3290,28,1,2012,7,16,15,0,5,6,BRYANT QUARTER ROAD,,24,34.26805833,-83.66089167,0,34,0,0,1,1,0,5,1,1,0,1,0,0000000,16,24,16,51,17,42,0,0,0,1,1
13,130083,2,2,0,0,0,2,2,217,0,28,1,2012,7,2,25,0,15,6,COOK ROAD,,42,33.62775833,-83.90510278,0,12,2,0,1,1,0,1,2,1,0,1,0,0000000,2,47,3,17,3,47,0,0,0,1,1
13,130084,1,1,0,0,0,3,3,229,0,28,1,2012,7,2,30,0,6,6,CLAUDE ROAD,TIMBER ROAD,38,31.41493611,-82.07954167,0,1,0,0,3,2,0,5,2,1,0,1,0,0000000,3,26,3,42,4,16,0,0,0,1,1
13,130085,1,1,0,0,0,1,1,257,0,28,1,2012,7,3,30,0,6,6,SILVER SHOALS ROAD,,99999,99.99990000,999.99990000,0,53,0,0,1,1,0,5,2,1,0,1,0,0000000,88,88,88,88,88,88,0,0,0,1,1
13,130086,1,1,0,0,0,2,2,67,0,29,1,2012,1,13,33,1,11,1,I-75,,160,34.07587222,-84.62046389,0,42,0,0,1,1,0,3,1,1,0,1,0,0000000,13,33,13,39,14,12,0,0,0,1,0
13,130087,2,2,0,0,0,2,2,33,5710,1,2,2012,4,7,55,0,4,3,SR-24,DRONE RD,297,33.05495833,-82.16015278,0,12,6,0,2,3,0,1,1,1,0,1,0,0000000,88,88,88,88,88,88,0,0,0,1,0
13,130088,1,1,0,0,0,1,1,121,120,1,2,2012,4,23,39,0,16,6,CUMMING ST,,9,34.08027222,-84.28483889,0,30,0,0,1,1,0,4,3,10,0,10,0,0000000,23,40,23,41,23,57,0,0,0,1,0
13,130089,2,2,0,0,0,2,2,135,0,1,2,2012,4,9,6,0,13,4,CR-86 / PEACHTREE IND BLVD,SHADBURN FERRY RD,198,34.134225,-84.00381389,0,12,6,0,2,2,0,1,1,1,0,1,0,0000000,9,5,9,13,88,88,0,0,0,1,0
13,130090,2,2,0,0,0,5,5,183,0,1,2,2012,4,21,20,0,4,4,CR-113 / ELIM CHURCH RD,LEE PLACE RD,72,31.79491389,-81.67420556,0,12,6,0,2,2,0,1,2,1,0,1,0,0000000,88,88,88,88,88,88,0,0,0,1,1
13,130092,1,1,0,0,0,1,1,119,0,3,2,2012,6,15,15,1,1,1,I-85,,15,34.32628889,-83.36048611,0,1,0,0,1,1,0,3,1,10,0,10,0,0000000,99,99,99,99,99,99,0,0,0,1,0
13,130093,2,2,0,0,0,2,2,275,0,3,2,2012,6,19,4,1,2,2,US-19 / SR-300,MOCKINGBIRD RD,220,30.94965556,-84.02394722,0,12,6,0,2,2,0,1,2,1,0,1,0,0000000,19,6,19,12,99,99,0,0,0,1,0
13,130094,1,1,0,0,0,1,1,15,3020,4,2,2012,7,8,35,1,2,2,US-411 / SR-20,,55,34.21202222,-84.95200833,0,42,0,0,1,1,0,4,1,10,0,10,0,0000000,88,88,88,88,88,88,0,0,0,1,0
13,130095,1,1,0,0,0,1,1,103,2520,4,2,2012,7,23,38,0,5,4,CR-1 / HONEY RIDGE RD,,23,32.29359167,-81.39683611,0,42,0,0,1,1,0,4,2,10,0,10,0,0000000,88,88,88,88,88,88,20,0,0,1,1
13,130096,6,6,0,0,0,9,9,215,1280,4,2,2012,7,18,45,0,14,6,BUENA VISTA RD,FLOYD RD,57,32.46755833,-84.91135278,0,12,1,0,3,3,0,1,3,10,0,10,0,0000000,18,46,18,46,19,12,14,0,0,1,1
13,130097,2,2,0,0,0,5,5,57,0,5,2,2012,1,11,13,1,2,3,SR-20 / KNOX BRIDGE HWY,,64,34.21247778,-84.55443333,0,12,2,0,1,1,0,1,1,10,0,10,0,0000000,11,7,11,7,12,32,0,0,0,2,1
13,130098,1,1,0,0,0,1,1,89,0,5,2,2012,1,2,50,0,14,4,CR-5158 / HENDERSON MILL RD,HENDERSON MILL CT,16,33.85705556,-84.25599444,0,30,0,0,3,9,0,4,3,1,0,1,0,0000000,3,0,3,3,88,88,0,0,0,1,0
13,130099,2,2,0,0,0,2,2,87,0,6,2,2012,2,5,40,0,4,3,SR-262,,19,30.73108889,-84.40185556,0,12,6,0,8,1,0,1,2,1,0,1,0,0000000,99,99,99,99,99,99,0,0,0,1,0
13,130100,2,2,0,0,0,2,2,89,0,6,2,2012,2,10,13,0,14,2,US-278 / COVINGTON HWY,,105,33.73218333,-84.19691944,0,12,2,0,1,1,0,1,1,1,0,1,0,0000000,10,14,10,24,11,48,0,0,0,1,0
13,130101,2,2,0,0,0,3,3,45,0,7,2,2012,3,11,40,0,14,4,CR-824 / SHADY GROVE RD,,20,33.62883333,-85.03578611,0,12,2,0,1,1,0,1,1,1,0,1,0,0000000,99,99,99,99,99,99,0,0,0,1,0
13,130102,1,1,0,0,0,2,2,89,0,7,2,2012,3,22,29,0,15,4,CR-566 / WALDROP RD,,6,33.68365556,-84.24621389,0,23,0,0,1,1,0,4,2,1,0,1,0,0000000,22,30,22,36,23,30,0,0,0,1,1
13,130103,1,1,0,0,0,1,1,119,0,7,2,2012,3,19,11,0,4,3,SR-327 / NEW FRANKLIN CHURCH R,,60,34.36390278,-83.15277778,0,42,0,0,1,1,0,4,2,1,0,1,0,0000000,88,88,88,88,88,88,0,0,0,1,0
13,130104,2,2,0,0,0,3,3,15,0,8,2,2012,4,11,35,0,3,3,SR-113,OLD STILESBORO RD,37,34.10509444,-84.91708611,0,12,6,0,2,3,0,1,1,1,0,1,0,0000000,11,34,11,44,88,88,0,0,0,2,0
13,130105,1,1,0,0,0,1,1,129,0,8,2,2012,4,4,36,1,11,1,I-75,,127,34.58113889,-84.95203889,0,24,0,0,1,1,0,3,1,1,0,1,0,0000000,88,88,88,88,88,88,0,0,0,1,0
13,130106,1,1,0,1,1,1,1,215,1280,8,2,2012,4,16,40,0,14,4,CR-102 / WARM SPRINGS RD,CLEARWATER DR,22,32.54106389,-84.89699167,0,8,0,0,3,2,0,1,1,1,0,1,0,0000000,16,40,16,40,17,15,0,0,0,1,0
13,130107,2,2,0,0,0,3,3,227,2910,10,2,2012,6,16,24,0,4,3,SR-53,OLD WALESKA RD,185,34.41035556,-84.40892778,0,12,2,0,2,2,0,1,1,10,0,10,0,0000000,16,24,16,31,99,99,0,0,0,1,0
13,130108,2,2,0,0,0,4,4,311,1190,10,2,2012,6,17,11,0,3,3,SR-115,,120,34.58650278,-83.69804722,0,12,2,0,1,1,0,1,5,1,0,1,0,0000000,99,99,99,99,99,99,0,0,0,1,0
13,130109,1,1,0,0,0,2,2,165,0,11,2,2012,7,9,7,0,6,4,CR-48 / OAK HILL CHURCH RD,,43,32.79831389,-81.87329722,0,1,0,0,1,1,0,1,1,1,0,1,0,0000000,9,10,9,13,9,45,0,0,0,1,0
13,130110,1,1,0,1,1,1,1,89,0,14,2,2012,3,4,36,1,11,1,I-20 RAMP,,77,33.71548056,-84.238375,0,8,0,0,5,1,0,1,2,2,0,2,0,0000000,4,13,4,26,4,47,0,0,0,1,0
13,130111,1,1,0,0,0,1,1,153,0,14,2,2012,3,23,14,0,5,4,CR-235 / PITTS RD,,43,32.37759444,-83.62575556,0,43,0,0,1,1,0,4,2,10,0,10,0,0000000,23,14,23,44,88,88,0,0,0,1,1
13,130112,2,2,0,0,0,3,3,179,2730,14,2,2012,3,21,57,1,13,2,US-84 / SR-38,MAPLE DR N,38,31.80856389,-81.60333889,0,12,2,0,3,3,0,1,3,10,0,10,0,0000000,21,57,22,3,22,44,0,0,0,1,0
13,130113,1,1,0,0,0,1,1,15,0,15,2,2012,4,15,47,0,3,4,CR-636 / OLD ALABAMA RD,,4,34.11380833,-84.84760278,0,42,0,0,1,1,0,4,1,1,0,1,0,0000000,99,99,99,99,99,99,0,0,0,1,0
13,130114,1,1,0,0,0,1,1,49,2170,15,2,2012,4,13,2,0,3,3,SR-252,,97,30.95250556,-81.91596944,0,1,0,0,1,1,0,1,1,10,0,10,0,0000000,13,18,13,25,14,38,0,0,0,1,0
13,130115,5,5,0,0,0,8,8,89,0,15,2,2012,4,9,30,0,14,2,US-29 /LAWRENCEVILLE HWY,LYNBURN DR,105,33.85473611,-84.20953889,0,12,1,0,3,2,0,1,1,10,0,10,0,0000000,9,36,9,44,10,6,0,0,0,1,0
13,130116,1,1,0,0,0,1,1,31,0,16,2,2012,5,13,26,0,3,2,US-80 / SR-26,,244,32.40269167,-81.68584167,0,32,0,0,1,1,0,4,1,1,0,1,0,0000000,99,99,99,99,99,99,0,0,0,1,0
13,130117,1,1,0,0,0,1,1,31,0,16,2,2012,5,16,45,0,6,4,CR-716 / KENDRICKS RD,,99999,32.24254167,-81.53126667,0,42,0,0,1,1,0,4,1,10,0,10,0,0000000,88,88,88,88,88,88,0,0,0,1,0
13,130118,2,2,0,0,0,2,2,217,1380,16,2,2012,5,19,48,0,14,2,US-78 / SR-81,COWAN RD,40,33.83380833,-83.88839444,0,12,6,0,2,2,0,1,2,1,0,1,0,0000000,19,48,19,50,20,34,0,0,0,1,0
13,130119,1,1,0,0,0,1,1,121,4230,17,2,2012,6,2,30,0,15,6,JOHNSON RD,,99999,31.70548056,-81.62173056,0,11,0,0,1,1,0,1,2,1,0,1,0,0000000,88,88,88,88,88,88,0,0,0,1,0
13,130120,1,1,0,0,0,1,1,183,3280,17,2,2012,6,5,0,0,6,4,CR-23 / S ARNOLD DR,,26,31.73431944,-81.66115833,0,42,0,0,1,1,0,4,2,1,0,1,0,0000000,88,88,88,88,88,88,0,0,0,1,0
13,130121,1,1,0,0,0,1,1,317,0,17,2,2012,6,12,55,1,2,3,SR-17,,151,33.78016667,-82.75450556,0,42,0,0,1,1,0,4,1,1,0,1,0,0000000,12,56,13,4,13,53,0,0,0,1,1
13,130122,2,2,0,0,0,3,3,199,0,14,1,2012,7,15,45,0,3,3,SR-74,,152,33.01387222,-84.56608611,0,12,6,0,1,1,0,1,1,1,0,1,0,0000000,99,99,99,99,99,99,0,0,0,1,0
13,130123,2,2,0,0,0,3,3,189,5470,5,2,2012,1,14,9,0,4,4,CR-297 / MT PLEASANT RD,OLD MILLEDGEVILLE RD,69,33.41745556,-82.52863056,0,12,6,0,2,2,0,1,1,1,0,1,0,0000000,99,99,99,99,99,99,0,0,0,1,0
13,130124,2,2,0,0,0,3,3,89,0,17,1,2012,3,20,25,0,14,2,US-278 / COVINGTON HWY,,49,33.73125278,-84.19461111,0,12,6,0,8,1,0,1,3,2,0,2,0,0000000,20,31,20,38,99,99,0,0,0,1,0
13,130125,1,1,0,0,0,1,1,21,3390,6,2,2012,2,3,16,1,11,1,I-75,,118,32.84158056,-83.64534444,0,24,0,0,1,1,0,4,2,2,0,2,0,0000000,88,88,88,88,88,88,0,0,0,1,1