STATE,ST_CASE,VE_TOTAL,VE_FORMS,PVH_INVL,PEDS,PERNOTMVIT,PERMVIT,PERSONS,COUNTY,CITY,DAY,MONTH,YEAR,DAY_WEEK,HOUR,MINUTE,NHS,ROAD_FNC,ROUTE,TWAY_ID,TWAY_ID2,MILEPT,LATITUDE,LONGITUD,SP_JUR,HARM_EV,MAN_COLL,RELJCT1,RELJCT2,TYP_INT,WRK_ZONE,REL_ROAD,LGT_COND,WEATHER1,WEATHER2,WEATHER,SCH_BUS,RAIL,NOT_HOUR,NOT_MIN,ARR_HOUR,ARR_MIN,HOSP_HR,HOSP_MN,CF1,CF2,CF3,FATALS,DRUNK_DR
13,130126,1,1,0,0,0,1,1,11,0,18,2,2012,7,20,23,0,6,4,CR-77,,7,34.28112222,-83.36562778,0,1,0,0,1,1,0,5,2,2,0,2,0,0000000,88,88,88,88,88,88,0,0,0,1,1
13,130127,1,1,0,0,0,4,4,45,0,18,2,2012,7,1,5,0,4,4,CR-832/CENTER POINT ROAD,,23,33.71576111,-85.07580833,0,32,0,0,1,1,0,5,2,10,0,10,0,0000000,1,15,1,43,3,7,0,0,0,1,1
13,130128,1,1,0,0,0,3,3,67,0,18,2,2012,7,2,28,1,11,1,I-75/SR-401,CUMBERLAND BLVD.,8,33.88134444,-84.45297778,0,33,0,1,5,1,0,4,2,1,0,1,0,0000000,2,28,2,37,3,2,20,0,0,2,0
13,130129,2,2,0,0,0,3,3,121,280,18,2,2012,7,23,38,0,14,6,MARTIN LUTHER KING DRIVE,,128,33.75172222,-84.46586111,0,12,6,0,1,1,0,1,3,10,0,10,0,0000000,23,39,23,47,0,3,0,0,0,1,1
13,130130,1,1,0,0,0,2,2,147,0,18,2,2012,7,19,9,0,3,3,SR-8,,72,34.32311389,-82.97809722,0,32,0,0,1,1,0,5,2,1,0,1,0,0000000,19,14,19,15,19,58,0,0,0,1,0
13,130131,1,1,0,1,1,1,1,121,5640,19,2,2012,1,2,55,0,13,3,SR-14 ALT,,116,33.60173333,-84.54205556,0,8,0,0,1,1,0,1,2,2,0,2,0,0000000,88,88,88,88,88,88,0,0,0,1,0
13,130132,1,1,0,0,0,2,2,151,3360,19,2,2012,1,3,1,0,14,6,MCGARITY ROAD,,99999,33.45374444,-84.12638056,0,35,0,0,1,1,0,5,2,10,0,10,0,0000000,3,3,3,3,4,37,0,0,0,1,1
13,130133,1,1,0,1,1,1,1,245,310,19,2,2012,1,19,43,1,13,3,SR-121,,87,33.35790556,-82.0438,0,8,0,0,1,1,0,1,2,10,0,10,0,0000000,19,43,19,47,20,7,0,0,0,1,0
13,130134,3,3,0,1,1,3,3,121,0,20,2,2012,2,1,44,1,13,3,SR-6,,11,33.72305556,-84.57310833,0,8,0,0,1,1,0,1,2,10,0,10,0,0000000,1,44,1,52,88,88,0,0,0,1,0
13,130135,2,2,0,0,0,5,5,139,2285,20,2,2012,2,12,49,0,13,3,SR-53,MARTIN LUTHER KING JR. BLVD.,30,34.28728056,-83.82744167,0,12,6,0,2,2,0,1,1,1,0,1,0,0000000,12,49,12,49,13,8,0,0,0,1,1
13,130136,2,2,0,0,0,5,5,175,0,20,2,2012,2,11,0,1,2,3,SR-31,,189,32.451625,-82.94421111,0,12,1,0,1,1,0,1,1,1,0,1,0,0000000,10,59,11,4,11,33,0,0,0,1,0
13,130137,2,2,0,0,0,3,3,139,2285,21,2,2012,3,0,40,0,16,6,PURINA DRIVE,,0,34.294875,-83.80899444,0,12,6,0,8,1,0,1,2,1,0,1,0,0000000,88,88,88,88,88,88,0,0,0,2,0
13,130138,1,1,0,1,1,1,1,89,1610,22,2,2012,4,21,55,0,16,6,GLENWOOD ROAD,,99999,33.73791111,-84.25294722,0,8,0,0,1,1,0,1,2,10,0,10,0,0000000,21,55,22,1,22,58,0,0,0,1,0
13,130139,2,2,0,0,0,2,2,115,4760,22,2,2012,4,18,43,0,13,3,SR-01(LOOP),,101,34.28563611,-85.21846389,0,12,6,0,8,1,0,1,1,1,0,1,0,0000000,18,35,18,38,19,17,0,0,0,1,0
13,130140,2,2,0,0,0,2,2,33,3000,23,2,2012,5,16,31,0,4,6,HEPHZIBAH-KEYSVILLE ROAD,BLYTHE ROAD,22,33.25736944,-82.20951389,0,12,2,0,2,3,0,1,1,1,0,1,0,0000000,16,10,16,13,16,43,0,0,0,1,1
13,130141,1,1,0,1,1,1,1,67,0,23,2,2012,5,18,55,0,15,4,CR-451900,PACES FERRY ROAD,40,33.866025,-84.49313889,0,8,0,0,3,3,0,1,2,10,0,10,0,0000000,18,56,19,0,19,18,0,0,0,1,0
13,130142,1,1,0,0,0,1,1,89,0,23,2,2012,5,11,15,0,15,6,CR-519600,,0,33.65263889,-84.18720278,0,1,0,0,1,1,0,1,1,1,0,1,0,0000000,11,20,11,29,12,0,0,0,0,1,0
13,130143,1,1,0,0,0,1,1,103,0,23,2,2012,5,19,56,0,6,4,CR-183,,99999,32.35299167,-81.26586667,0,42,0,0,1,1,0,5,2,1,0,1,0,0000000,19,55,20,2,20,40,0,0,0,1,0
13,130144,1,1,0,1,1,2,2,117,0,23,2,2012,5,19,2,1,2,3,SR-400,SETTINGDOWN CIRCLE,170,34.29289722,-84.074575,0,8,0,0,3,2,0,1,2,1,0,1,0,0000000,19,3,19,6,88,88,0,0,0,1,0
13,130145,2,2,0,0,0,2,2,139,2285,23,2,2012,5,16,34,1,2,3,SR-11,,32,34.24817222,-83.76543333,0,12,2,0,1,1,0,1,1,1,0,1,0,0000000,88,88,88,88,88,88,0,0,0,1,0
13,130146,2,2,0,0,0,3,3,145,0,23,2,2012,5,19,1,0,3,3,SR-85,,49,32.65635833,-84.77308611,0,12,2,0,1,1,0,1,2,1,0,1,0,0000000,19,5,19,23,19,54,0,0,0,1,0
13,130147,1,1,0,0,0,1,1,1,440,24,2,2012,6,23,3,0,4,6,RED OAK ROAD,,81,31.70340556,-82.33250278,0,42,0,0,1,1,0,5,2,1,0,1,0,0000000,88,88,88,88,88,88,0,0,0,1,1
13,130148,1,1,0,1,1,1,1,67,3440,24,2,2012,6,22,40,0,14,6,AUSTELL ROAD,,53,33.8639,-84.59532222,0,8,0,0,1,1,0,1,2,1,0,1,0,0000000,22,41,22,49,23,13,0,0,0,1,0
13,130149,1,1,0,0,0,1,1,135,3100,24,2,2012,6,14,10,0,14,6,SUGARLOAF PARKWAY,,45,33.94068611,-84.03591667,0,43,0,0,1,1,0,5,1,10,0,10,0,0000000,14,11,14,16,14,32,0,0,0,1,0
13,130150,1,1,0,1,1,1,1,67,3440,25,2,2012,7,22,9,0,14,6,SOUTH MARIETTA PARKWAY,,123,33.94119444,-84.52333333,0,8,0,0,1,1,0,1,3,10,0,10,0,0000000,22,12,22,18,22,37,0,0,0,1,0
13,130151,1,1,0,0,0,1,1,267,0,25,2,2012,7,6,22,0,3,3,SR-292,,3,32.19484444,-82.1869,0,1,0,0,1,1,0,2,2,1,0,1,0,0000000,99,99,99,99,99,99,0,0,0,1,1
13,130152,1,1,0,0,0,4,4,47,4680,26,2,2012,1,16,5,1,1,1,I-75/SR-401,,25,99.99990000,999.99990000,0,24,0,0,1,1,0,3,1,1,0,1,0,0000000,16,9,16,16,17,33,0,0,0,1,0
13,130153,1,1,0,0,0,1,1,313,1510,26,2,2012,1,2,19,1,13,6,CHATTANOOGA ROAD,,205,34.79456667,-84.99764167,0,33,0,0,1,1,0,4,3,1,0,1,0,0000000,2,21,2,28,2,51,0,0,0,1,1
13,130154,1,1,0,0,0,1,1,117,0,27,2,2012,2,22,29,0,14,3,SR-141,,12,34.08455,-84.16171389,0,30,0,0,1,1,0,5,3,1,0,1,0,0000000,23,29,23,36,88,88,0,0,0,1,0
13,130155,1,1,0,0,0,1,1,25,2807,29,2,2012,4,2,49,0,3,3,SR-32,,47,31.33623611,-81.95541944,0,10,0,0,6,1,0,1,2,10,0,10,0,637382K,88,88,88,88,88,88,0,0,0,1,1
13,130156,3,3,0,0,0,3,3,67,3440,29,2,2012,4,19,27,0,13,6,NORTH MARIETTA PARKWAY,,34,33.9652,-84.50794722,0,12,2,0,1,1,0,1,2,10,0,10,0,0000000,19,30,19,39,20,12,0,0,0,1,0
13,130157,1,1,0,1,1,1,1,89,5220,29,2,2012,4,21,51,0,14,6,PANOLA ROAD,,47,33.71677222,-84.16545,0,8,0,0,1,1,0,1,2,2,0,2,0,0000000,21,55,22,1,88,88,0,0,0,1,0
13,130158,2,2,0,0,0,2,2,99,0,29,2,2012,4,12,19,1,3,3,SR-62,,59,31.32439167,-85.02095833,0,12,2,0,1,1,0,1,1,1,0,1,0,0000000,88,88,88,88,88,88,0,0,0,1,0
13,130159,1,1,0,0,0,1,1,107,5310,29,2,2012,4,6,30,0,6,6,EHRLICH FARM ROAD,,12,32.65990278,-82.32617222,0,1,0,0,1,1,0,5,4,10,0,10,0,0000000,6,16,6,27,7,39,0,0,0,1,0
13,130160,2,2,0,0,0,3,3,137,0,29,2,2012,4,11,45,1,2,3,SR-15,HOLLYWOOD HILLS ROAD,133,34.62934722,-83.44425556,0,12,6,0,2,2,0,1,1,10,0,10,0,0000000,99,99,99,99,99,99,0,0,0,1,0
13,130161,3,3,0,0,0,4,4,195,0,29,2,2012,4,13,2,0,3,3,SR-8,IRVIN KIRK ROAD,111,34.14484167,-83.20538611,0,12,1,0,2,2,0,1,1,10,0,10,0,0000000,13,3,13,7,14,0,0,0,0,1,0
13,130162,1,1,0,0,0,2,2,299,0,29,2,2012,4,18,54,0,4,4,CR-466,,99999,31.37946389,-82.585625,0,1,0,0,1,1,0,5,2,1,0,1,0,0000000,99,99,99,99,99,99,0,0,0,1,1
13,130163,1,1,0,1,1,1,1,115,4760,20,2,2012,2,21,7,0,15,4,CR-643 / BURNETT FERRY RD,,21,34.25980556,-85.23148889,0,8,0,0,1,1,0,1,2,1,0,1,0,0000000,21,7,21,7,21,40,0,0,0,1,1
13,130164,3,3,0,0,0,7,7,57,920,1,3,2012,5,15,7,1,11,1,I-575,,1,34.18796111,-84.50429167,0,59,0,1,5,1,0,4,1,1,0,1,0,0000000,15,7,15,12,16,17,0,0,0,1,0
13,130165,2,2,0,0,0,2,2,69,1760,1,3,2012,5,5,56,0,13,3,SR-206,SR-135,153,31.48806389,-82.85941944,0,12,1,0,3,2,0,1,3,1,0,1,0,0000000,5,55,6,5,88,88,0,0,0,1,0
13,130166,2,2,0,0,0,3,3,153,0,1,3,2012,5,13,23,1,13,3,SR-96,COUNTY RD,66,32.55163056,-83.61075833,0,12,6,0,2,2,0,1,1,10,0,10,0,0000000,99,99,99,99,99,99,0,0,0,1,0
13,130167,1,1,0,1,1,1,1,171,0,1,3,2012,5,23,45,0,3,3,SR-36,,9,33.00409722,-84.19378056,0,8,0,0,1,1,0,1,2,1,0,1,0,0000000,88,88,88,88,88,88,0,0,0,1,0
13,130168,2,2,0,0,0,5,5,245,310,1,3,2012,5,17,35,0,15,4,CR-107 / N LEG RD,US-78 / SR-10,0,33.45133889,-82.06425,0,12,8,0,2,2,0,1,1,1,0,1,0,0000000,17,37,17,42,18,0,0,0,0,1,0
13,130169,1,1,0,0,0,1,1,105,1950,2,3,2012,6,18,58,0,4,4,CR-300 / JONES FERRY RD,,12,34.06325278,-82.91283056,0,35,0,0,1,1,0,4,2,1,0,1,0,0000000,19,0,19,10,88,88,0,0,0,1,1
13,130170,1,1,0,0,0,1,1,187,1480,2,3,2012,6,22,28,0,5,4,CR-190 / ROCK HOUSE RD,,2,34.54654722,-83.95398611,0,35,0,0,1,1,0,4,2,2,0,2,0,0000000,22,31,22,36,23,52,0,0,0,1,0
13,130171,1,1,0,0,0,5,5,261,0,3,3,2012,7,17,47,0,4,4,CR-299 / BRADY RD,,44,31.98733333,-84.14789722,0,42,0,0,1,1,0,4,2,2,0,2,0,0000000,17,51,18,2,18,53,0,0,0,1,1
13,130172,2,2,0,0,0,3,3,67,0,4,3,2012,1,15,24,0,15,4,CR-2836 / HURT RD,OLD TENNESSEE RD,11,33.86878611,-84.60808611,0,12,2,0,2,2,0,1,1,1,0,1,0,0000000,15,26,15,38,16,9,0,0,0,1,0
13,130173,2,2,0,0,0,3,3,313,0,5,3,2012,2,1,26,0,14,3,SR-71,ORCHARD WAY,20,34.82289722,-84.94524444,0,12,6,0,2,3,0,1,3,10,0,10,0,0000000,1,27,1,31,3,1,0,0,0,1,0
13,130174,2,2,0,0,0,3,3,87,370,6,3,2012,3,15,45,0,15,3,SR-97 CO / OLD QUINCY HWY,HUBERT DOLLAR RD,4,30.89115,-84.58988611,0,12,1,0,3,3,0,1,1,1,0,1,0,0000000,15,46,15,50,99,99,0,0,0,1,0
13,130175,1,1,0,0,0,2,2,279,0,6,3,2012,3,19,55,0,6,4,CR-59 / GRAYS LANDING RD,JOHN DEES RD,2,31.97015833,-82.42939722,0,1,0,0,1,1,0,4,2,1,0,1,0,0000000,99,99,99,99,99,99,0,0,0,1,0
13,130176,1,1,0,0,0,1,1,285,0,6,3,2012,3,15,32,1,1,1,I-85,,65,32.94408333,-85.10022778,0,1,0,0,1,1,0,1,1,1,0,1,0,0000000,88,88,88,88,88,88,0,0,0,1,0
13,130177,1,1,0,0,0,1,1,21,3390,7,3,2012,4,13,41,1,1,1,I-16,,54,32.8082,-83.57503611,0,30,0,0,1,1,0,4,1,10,0,10,0,0000000,13,40,13,49,88,88,0,0,0,1,0
13,130178,1,1,0,1,1,2,2,43,0,7,3,2012,4,19,29,0,4,4,CR-61 / SALEM CHURCH RD,,49,32.42245,-81.95783333,0,9,0,0,1,1,0,1,2,1,0,1,0,0000000,88,88,88,88,88,88,0,0,0,1,0
13,130179,1,1,0,0,0,1,1,69,0,7,3,2012,4,7,39,0,5,4,CR-143 / MOSELEY RD,,46,31.57798889,-82.91236111,0,35,0,0,1,1,0,4,1,1,0,1,0,0000000,7,36,7,43,8,8,0,0,0,1,0
13,130180,1,1,0,0,0,1,1,139,0,7,3,2012,4,13,20,0,6,4,CR-674 / COOPER BRIDGE RD,,5,34.17860833,-83.77273611,0,42,0,0,1,1,0,4,1,10,0,10,0,0000000,13,5,13,15,14,5,0,0,0,1,0
13,130181,2,2,0,0,0,2,2,139,0,7,3,2012,4,6,46,1,13,2,US-23 / SR-365,RAMSEY RD,186,34.34188333,-83.77266944,0,12,6,0,2,3,0,1,4,10,0,10,0,0000000,6,37,6,46,7,7,0,0,0,1,0
13,130182,1,1,0,0,0,1,1,285,0,7,3,2012,4,19,21,0,14,3,SR-109,PEGASUS PKWY,83,33.03540833,-85.083825,0,35,0,0,3,3,0,4,2,1,0,1,0,0000000,99,99,99,99,99,99,0,0,0,1,0
13,130183,1,1,0,1,1,1,1,33,0,8,3,2012,5,9,10,0,3,3,SR-56,,260,33.10694444,-81.98268611,0,8,0,0,1,1,0,1,1,1,0,1,0,0000000,88,88,88,88,88,88,16,0,0,1,0
13,130184,1,1,0,0,0,1,1,47,0,8,3,2012,5,1,0,1,11,1,I-75,,105,34.95338056,-85.17788333,0,24,0,0,1,1,0,3,2,1,0,1,0,0000000,88,88,88,88,88,88,0,0,0,1,1
13,130185,1,1,0,0,0,2,2,311,0,8,3,2012,5,18,40,0,5,4,CR-147 / SANDY FLATS RD,,0,34.57921389,-83.83398333,0,35,0,0,1,1,0,4,1,1,0,1,0,0000000,18,38,18,47,20,16,0,0,0,1,0
13,130186,2,2,0,0,0,2,2,57,0,9,3,2012,6,2,25,0,4,4,CR-765 / E CHEROKEE DR,UNION HILL RD,92,34.21217778,-84.39656667,0,12,6,0,2,2,0,1,2,2,0,2,0,0000000,2,25,2,25,3,17,0,0,0,1,1
13,130187,1,1,0,0,0,2,2,97,0,9,3,2012,6,5,18,1,11,1,I-20,,150,33.76426389,-84.66855833,0,42,0,0,1,1,0,4,2,2,0,2,0,0000000,5,20,5,41,6,8,0,0,0,1,0
13,130188,1,1,0,0,0,3,3,151,0,9,3,2012,6,23,45,1,11,1,I-75,,192,33.53908611,-84.26449722,0,42,0,0,1,1,0,3,2,1,0,1,0,0000000,23,44,23,44,0,43,0,0,0,2,0
13,130189,2,2,0,0,0,2,2,211,782,9,3,2012,6,19,17,1,1,1,I-20,,211,33.54201667,-83.32318611,0,12,1,0,1,1,0,1,2,10,0,10,0,0000000,88,88,88,88,88,88,0,0,0,1,0
13,130190,2,2,0,0,0,8,8,77,0,10,3,2012,7,13,11,0,14,3,SR-154,,35,33.38449167,-84.67308056,0,12,1,0,1,1,0,1,1,1,0,1,0,0000000,88,88,88,88,88,88,0,0,0,1,0
13,130191,2,2,0,0,0,6,6,177,0,10,3,2012,7,11,0,0,3,3,SR-32,,159,31.72928889,-84.06418889,0,12,6,0,8,1,0,1,1,1,0,1,0,0000000,88,88,88,88,88,88,0,0,0,1,0
13,130192,1,1,0,0,0,4,4,89,0,11,3,2012,1,5,20,0,14,4,CR-5193 / REDAN RD,,31,33.763675,-84.20778889,0,34,0,0,1,1,0,4,2,1,0,1,0,0000000,5,26,5,35,5,47,0,0,0,2,1
13,130193,1,1,0,0,0,2,2,127,0,11,3,2012,1,7,6,1,1,1,I-95,,13,31.14291389,-81.571825,0,24,0,0,1,1,0,3,4,1,0,1,0,0000000,7,24,7,25,7,58,0,0,0,1,0
13,130194,2,2,0,0,0,3,3,127,0,11,3,2012,1,21,52,0,15,4,CR-416 / CANAL RD,,99999,31.23168611,-81.49971944,0,12,6,0,8,1,0,1,2,1,0,1,0,0000000,99,99,99,99,99,99,0,0,0,1,0
13,130195,2,2,0,0,0,4,4,165,3630,11,3,2012,1,16,45,0,3,2,US-25 / SR-121,,72,32.78263611,-81.96917778,0,12,6,0,1,1,0,1,1,1,0,1,0,0000000,16,45,16,57,18,18,0,0,0,1,0
13,130196,1,1,0,0,0,9,9,21,0,12,3,2012,2,14,28,1,11,1,I-75,,31,32.73740833,-83.72225556,0,59,0,0,1,1,0,3,1,1,0,1,0,0000000,14,28,14,32,15,0,0,0,0,1,0
13,130197,1,1,0,0,0,1,1,97,0,12,3,2012,2,23,30,0,5,4,CR-808 / POST RD,,24,33.66268333,-84.86183611,0,53,0,0,1,1,0,4,2,10,0,10,0,0000000,88,88,88,88,88,88,0,0,0,1,0
13,130198,1,1,0,0,0,1,1,187,1480,12,3,2012,2,18,38,0,4,3,SR-52,,19,34.54846944,-84.1439,0,35,0,0,1,1,0,4,2,10,0,10,0,0000000,88,88,88,88,88,88,0,0,0,1,1
13,130199,2,2,0,0,0,2,2,313,0,12,3,2012,2,12,35,0,13,2,US-41 / SR-3,RIDGE RD,115,34.73843611,-84.928325,0,12,6,0,2,2,0,1,1,10,0,10,0,0000000,12,39,12,49,13,57,0,0,0,1,0
13,130200,1,1,0,0,0,1,1,111,560,13,3,2012,3,99,99,0,2,3,SR-5,,105,34.93427222,-84.37330556,0,35,0,0,1,1,0,4,9,1,0,1,0,0000000,88,88,88,88,88,88,0,0,0,1,0
13,130201,1,1,0,1,1,1,1,217,0,13,3,2012,3,2,25,1,11,1,I-20,,44,33.60821667,-83.88083611,0,8,0,0,1,1,0,1,2,2,0,2,0,0000000,88,88,88,88,88,88,19,0,0,1,0
13,130202,1,1,0,0,0,1,1,69,0,14,3,2012,4,12,58,1,2,2,US-441 / SR-31,,130,31.58872778,-82.85880278,0,34,0,0,1,1,0,4,1,1,0,1,0,0000000,12,59,13,5,13,25,0,0,0,1,0
13,130203,1,1,0,0,0,1,1,187,1480,15,3,2012,5,22,38,0,4,4,CR-187 / CAMP WAHSEGA RD,,6,34.62426944,-84.08635,1,42,0,0,1,1,0,4,2,2,0,2,0,0000000,99,99,99,99,99,99,0,0,0,1,0
13,130204,3,3,0,1,1,5,5,191,1560,15,3,2012,5,17,25,0,6,4,CR-91 / BLOUNT CROSSING RD,MORNING GLORY RD,2,31.39343333,-81.42730833,0,12,1,0,3,3,0,1,1,1,0,1,0,0000000,17,31,17,39,18,26,0,0,0,1,0
13,130205,2,2,0,0,0,2,2,245,310,15,3,2012,5,13,58,1,13,2,US-25 / SR-121,,78,33.34722222,-82.05495,0,12,2,0,1,1,0,1,1,1,0,1,0,0000000,14,5,14,12,14,49,0,0,0,1,0
13,130206,3,3,0,0,0,5,5,39,0,16,3,2012,6,6,36,0,4,4,CR-141 / HARRIETTS BLUFF RD,,99999,30.9243,-81.54233056,0,12,1,0,1,1,0,1,2,5,0,5,0,0000000,88,88,88,88,88,88,0,0,0,1,0
13,130207,3,3,0,0,0,5,5,313,5692,16,3,2012,6,15,5,0,4,3,SR-201,NEW HOPE CHURCH RD,135,34.86383333,-85.0197,0,12,1,0,2,3,0,1,1,2,0,2,0,0000000,15,28,15,36,16,7,0,0,0,1,0
13,130208,1,1,0,0,0,3,3,25,0,17,3,2012,7,8,59,0,6,4,CR-38 / OLD RACE POND RD,,5,31.12932222,-82.13292222,0,34,0,0,1,1,0,4,1,1,0,1,0,0000000,9,14,9,23,9,57,20,0,0,1,1
13,130209,1,1,0,0,0,1,1,115,242,30,1,2012,2,12,25,0,15,4,CR-568 / JONES MILL RD,,11,34.36202222,-85.15438889,0,42,0,0,1,1,0,4,1,1,0,1,0,0000000,12,25,12,25,88,88,0,0,0,1,0
13,130210,1,1,0,0,0,1,1,57,0,10,2,2012,6,13,48,0,15,4,CR-388 / TRICKUM RD,,7,34.09586667,-84.47355,0,35,0,0,1,1,0,4,1,10,0,10,0,0000000,13,53,13,53,14,35,0,0,0,1,0
13,130211,2,2,0,0,0,4,4,215,1280,15,2,2012,4,20,11,1,11,1,I-185,,82,32.51952222,-84.95046667,0,12,6,1,5,1,0,1,2,10,0,10,0,0000000,20,11,20,11,20,41,0,0,0,1,0
13,130212,3,3,0,1,1,4,4,115,4760,17,2,2012,6,23,54,0,13,3,SR-20,,130,34.27154167,-85.24857222,0,8,0,0,1,1,0,1,2,1,0,1,0,0000000,23,57,23,57,0,53,0,0,0,1,0
13,130213,1,1,0,0,0,2,2,247,0,18,2,2012,7,3,49,0,15,4,CR-62 / MCDANIEL MILL RD,,21,33.66387222,-84.07252222,0,32,0,0,1,1,0,5,2,1,0,1,0,0000000,3,49,3,49,4,30,0,0,0,1,0
13,130214,2,2,0,0,0,2,2,89,0,23,2,2012,5,18,30,0,14,3,SR-236 / LAVISTA RD,PARK LAKE DR,66,33.84641944,-84.2498,0,12,6,0,2,2,0,1,3,1,0,1,0,0000000,18,33,18,40,18,58,0,0,0,1,0
13,130215,1,1,0,1,1,2,2,127,760,9,3,2012,6,23,9,0,13,3,SR-25 SP / GOLDEN ISLES PKWY,ALTAMA AVE,14,31.20195,-81.48383333,0,8,0,0,3,2,0,1,2,1,0,1,0,0000000,23,9,23,9,23,45,0,0,0,1,0
13,130216,1,1,0,0,0,1,1,79,0,31,3,2012,7,19,15,0,4,3,SR-42,,64,32.67257778,-83.89971944,0,34,0,0,1,1,0,4,1,1,0,1,0,0000000,19,28,19,48,20,15,0,0,0,1,0
13,130217,1,1,0,0,0,2,2,51,4475,22,3,2012,5,22,23,1,11,1,I-95,,166,32.19189722,-81.194275,0,42,0,0,1,1,0,4,3,1,0,1,0,0000000,22,37,22,44,23,38,0,0,0,1,0
13,130218,5,5,0,0,0,8,8,285,0,6,3,2012,3,15,40,1,1,1,I-85/SR-403,,45,32.93360278,-85.10578611,0,12,1,0,1,1,0,1,1,1,0,1,0,0000000,15,56,16,17,17,0,19,14,0,1,0
13,130219,2,2,0,0,0,2,2,121,280,15,3,2012,5,7,46,0,14,6,CAMPBELLTON ROAD,PROMENADE DRIVE,211,33.70619722,-84.55321944,0,12,2,0,1,1,0,1,1,1,0,1,0,0000000,99,99,99,99,99,99,0,0,0,1,0
13,130220,1,1,0,0,0,4,4,33,9997,17,3,2012,7,1,30,0,6,6,MCMANUS ROAD,,28,33.22871667,-82.03561389,0,34,0,0,1,1,0,5,2,10,0,10,0,0000000,1,30,1,44,2,21,0,0,0,1,1
13,130221,1,1,0,0,0,1,1,121,280,17,3,2012,7,6,17,1,11,1,I-20/SR-402,,40,33.75788889,-84.47166111,0,26,0,0,1,1,0,4,4,1,0,1,0,0000000,6,17,6,20,88,88,0,0,0,1,1
13,130222,2,2,0,0,0,4,4,213,0,17,3,2012,7,16,0,0,2,3,SR-282,,99999,34.67620278,-84.673475,0,12,2,0,1,1,0,1,1,1,0,1,0,0000000,16,6,16,21,17,46,0,0,0,2,0
13,130223,2,2,0,0,0,4,4,85,1590,18,3,2012,1,12,44,1,2,2,US-19/SR-400,HENRY GRADY HIGHWAY,58,34.40411667,-84.00371944,0,12,6,0,2,2,0,1,1,1,0,1,0,0000000,12,57,13,15,13,51,0,0,0,1,0
13,130224,2,2,0,0,0,4,4,89,0,18,3,2012,1,15,50,1,12,2,US-78/SR-410,,71,33.82324722,-84.12944167,0,12,1,0,1,1,0,1,1,1,0,1,0,0000000,15,55,16,0,88,88,0,0,0,1,1
13,130225,1,1,0,0,0,1,1,157,0,18,3,2012,1,19,51,0,5,3,SR-217,,21,34.12509167,-83.64970278,0,32,0,0,1,1,0,4,1,1,0,1,0,0000000,88,88,88,88,88,88,0,0,0,1,0
13,130226,3,3,0,0,0,6,6,121,0,19,3,2012,2,16,11,1,13,3,SR-6,ENON ROAD,41,33.68421944,-84.56562778,0,12,6,0,1,1,0,1,1,1,0,1,0,0000000,99,99,99,99,99,99,0,0,0,1,0
13,130227,1,1,0,0,0,1,1,121,280,19,3,2012,2,16,0,0,15,6,ELLIS STREET,,2,33.75834167,-84.38657222,0,42,0,0,1,1,0,5,1,1,0,1,0,0000000,15,45,16,5,16,10,0,0,0,1,0
13,130228,2,2,0,0,0,4,4,247,0,19,3,2012,2,17,12,0,15,4,CR-22,,5,33.60253889,-84.08758611,0,12,2,0,1,1,0,1,1,1,0,1,0,0000000,17,11,17,11,18,0,0,0,0,1,0
13,130229,2,2,0,0,0,2,2,15,980,21,3,2012,4,6,43,0,14,3,SR-61,FELTON ROAD,99,34.19676111,-84.79815556,0,12,6,0,2,2,0,1,3,1,0,1,0,0000000,6,45,6,48,88,88,0,0,0,1,0
13,130230,2,2,0,0,0,5,5,121,1250,21,3,2012,4,17,14,0,14,3,SR-279,,49,33.61955833,-84.47305,0,12,6,0,1,1,0,1,1,1,0,1,0,0000000,17,40,17,51,18,3,0,0,0,1,0
13,130231,1,1,0,0,0,2,2,21,0,22,3,2012,5,22,21,1,11,1,I-475/SR-408 RAMP,,55,32.83032222,-83.73205556,0,42,0,1,5,1,0,5,2,10,0,10,0,0000000,22,25,22,43,23,8,0,0,0,1,1
13,130232,1,1,0,1,1,4,4,81,1340,22,3,2012,5,12,33,0,15,6,11TH STREEET,15TH AVENUE,6,31.96445556,-83.78799722,0,8,0,0,3,2,0,5,1,1,0,1,0,0000000,12,35,12,39,12,49,0,0,0,1,0
13,130233,1,1,0,0,0,1,1,83,0,22,3,2012,5,13,27,0,6,4,CR-104,,9,34.83163889,-85.537875,0,42,0,0,1,1,0,5,1,10,0,10,0,0000000,13,27,13,37,99,99,0,0,0,1,0
13,130234,2,2,0,0,0,2,2,153,4340,22,3,2012,5,17,53,0,14,3,SR-247,SR-247 SPUR,78,32.46650278,-83.61623056,0,12,6,0,2,2,0,1,1,2,0,2,0,0000000,17,52,18,1,18,49,0,0,0,1,0
13,130235,1,1,0,0,0,2,2,179,4640,22,3,2012,5,12,30,1,1,1,I-95/SR-405,,99999,31.70399722,-81.39050556,0,58,0,0,1,1,0,2,1,1,0,1,0,0000000,99,99,99,99,99,99,0,0,0,1,0
13,130236,2,1,1,0,0,3,3,305,2960,22,3,2012,5,12,3,1,2,2,US-301 (SR23),JAYCEE LANDING ROAD,227,31.66322778,-81.84613056,0,14,0,0,1,1,0,2,1,1,0,1,0,0000000,12,3,12,8,99,99,0,0,0,2,0