STATE,ST_CASE,VE_TOTAL,VE_FORMS,PVH_INVL,PEDS,PERNOTMVIT,PERMVIT,PERSONS,COUNTY,CITY,DAY,MONTH,YEAR,DAY_WEEK,HOUR,MINUTE,NHS,ROAD_FNC,ROUTE,TWAY_ID,TWAY_ID2,MILEPT,LATITUDE,LONGITUD,SP_JUR,HARM_EV,MAN_COLL,RELJCT1,RELJCT2,TYP_INT,WRK_ZONE,REL_ROAD,LGT_COND,WEATHER1,WEATHER2,WEATHER,SCH_BUS,RAIL,NOT_HOUR,NOT_MIN,ARR_HOUR,ARR_MIN,HOSP_HR,HOSP_MN,CF1,CF2,CF3,FATALS,DRUNK_DR
13,130237,1,1,0,1,1,2,2,305,2960,22,3,2012,5,22,5,1,13,3,SR-38,MEMORIAL DRIVE,145,31.60345833,-81.90069167,0,9,0,0,2,2,0,1,2,1,0,1,0,0000000,22,2,22,8,22,22,0,0,0,1,0
13,130238,1,1,0,0,0,2,2,25,0,23,3,2012,6,2,11,0,4,3,SR-110,,83,31.17818056,-81.813175,0,1,0,0,1,1,0,5,2,1,0,1,0,0000000,2,20,2,44,3,35,0,0,0,1,1
13,130239,1,1,0,0,0,1,1,93,0,23,3,2012,6,1,0,0,6,4,CR-116,,0,32.15941667,-83.87849167,0,34,0,0,1,1,0,4,2,10,0,10,0,0000000,88,88,88,88,88,88,0,0,0,1,1
13,130240,2,2,0,0,0,2,2,123,2000,23,3,2012,6,10,6,1,4,3,SR-52,CANOE LAUNCH ROAD,144,34.65483056,-84.43780556,0,12,6,0,3,3,0,1,1,2,0,2,0,0000000,10,2,10,7,10,33,0,0,0,1,0
13,130241,1,1,0,0,0,1,1,21,0,24,3,2012,7,19,35,1,11,1,I-75/SR-401,,173,32.90460278,-83.68836944,0,57,0,0,1,1,1,3,1,1,0,1,0,0000000,19,43,19,52,88,88,0,0,0,1,1
13,130242,1,1,0,0,0,1,1,99,550,24,3,2012,7,18,26,0,3,3,SR-370,,99999,31.27228611,-85.06744722,0,42,0,0,1,1,0,5,1,1,0,1,0,0000000,88,88,88,88,88,88,0,0,0,1,1
13,130243,1,1,0,0,0,1,1,87,0,25,3,2012,1,7,30,0,6,4,CR-56,,99999,30.95524722,-84.387025,0,34,0,0,1,1,0,4,1,1,0,1,0,0000000,88,88,88,88,88,88,0,0,0,1,1
13,130244,3,3,0,0,0,3,3,97,0,25,3,2012,1,5,0,1,11,1,I-20/SR-402,,161,33.76961389,-84.6478,0,12,1,0,1,1,0,1,2,1,0,1,0,0000000,88,88,88,88,88,88,0,0,0,1,1
13,130245,2,2,0,0,0,3,3,89,0,25,3,2012,1,1,30,0,15,4,CR-519200,CROOKED CREEK ROAD,34,33.75761944,-84.12239444,0,12,2,0,3,3,0,1,3,10,0,10,0,0000000,1,31,1,38,2,52,0,0,0,1,1
13,130246,2,2,0,0,0,2,2,121,280,25,3,2012,1,18,1,0,13,6,DONALD LEE HOLLOWELL,,63,33.77309167,-84.41057222,0,12,6,0,1,1,0,1,1,1,0,1,0,0000000,18,2,18,7,18,30,0,0,0,1,1
13,130247,2,2,0,0,0,6,6,187,1480,25,3,2012,1,20,50,1,2,3,SR-400,BURNT STAND ROAD,16,34.44478333,-83.98827222,0,12,6,0,2,2,0,1,2,1,0,1,0,0000000,21,2,21,24,22,8,0,0,0,1,0
13,130248,2,2,0,1,1,3,3,191,0,25,3,2012,1,22,59,0,4,3,SR-99,,170,31.50751944,-81.39636111,0,8,0,0,1,1,0,1,2,1,0,1,0,0000000,88,88,88,88,88,88,0,0,0,1,0
13,130249,2,2,0,0,0,4,4,67,0,26,3,2012,2,9,51,0,16,4,CR-236500,,8,33.84163333,-84.62723056,0,12,6,0,8,1,0,1,1,1,0,1,0,0000000,9,51,9,58,10,34,0,0,0,1,0
13,130250,1,1,0,0,0,1,1,77,0,26,3,2012,2,6,25,0,4,4,CR-557,,40,33.44307778,-84.83905833,0,53,0,0,1,1,0,5,2,1,0,1,0,0000000,99,99,99,99,99,99,0,0,0,1,0
13,130251,1,1,0,0,0,2,2,127,0,26,3,2012,2,13,39,1,1,1,I-95/SR-405,,23,31.14956667,-81.56641944,0,24,0,0,1,1,0,4,1,1,0,1,0,0000000,13,44,13,54,14,41,0,0,0,1,0
13,130252,2,2,0,0,0,3,3,163,0,27,3,2012,3,18,30,0,3,3,SR-80,CAMPGROUND ROAD,46,33.19011944,-82.33104167,0,12,6,0,2,2,0,1,1,1,0,1,0,0000000,99,99,99,99,99,99,0,0,0,1,0
13,130253,1,1,0,1,1,2,2,217,1380,27,3,2012,3,0,11,0,13,3,SR-12,,66,33.60271389,-83.84887222,0,15,0,0,1,1,0,1,2,1,0,1,0,0000000,0,12,0,16,0,32,0,0,0,1,0
13,130254,2,2,0,0,0,4,4,313,0,27,3,2012,3,6,28,1,11,1,I-75/SR-401,,111,34.78389722,-85.00063889,0,12,9,0,1,1,0,1,2,1,0,1,0,0000000,6,30,6,36,88,88,0,0,0,1,0
13,130255,1,1,0,0,0,1,1,313,0,28,3,2012,4,7,18,0,16,4,CR-69,WOMACK ROAD,8,34.75761667,-84.89321389,0,32,0,0,1,1,0,4,4,10,0,10,0,0000000,88,88,88,88,88,88,0,0,0,1,0
13,130256,1,1,0,0,0,1,1,31,5170,29,3,2012,5,12,15,0,6,4,CR-468,,17,32.50025,-81.68608333,0,35,0,0,1,1,0,5,1,1,0,1,0,0000000,88,88,88,88,88,88,0,0,0,1,0
13,130257,2,2,0,0,0,2,2,129,0,29,3,2012,5,10,56,1,11,1,I-75/SR-401,,37,34.504375,-84.91950278,0,12,1,0,1,1,0,1,1,1,0,1,0,0000000,10,53,11,1,11,28,0,0,0,1,0
13,130258,1,1,0,0,0,1,1,135,9997,29,3,2012,5,18,53,0,15,6,MOUNT MORIAH ROAD,,12,34.06600278,-83.85307778,0,52,0,0,1,1,0,4,2,8,0,8,0,0000000,18,53,19,0,88,88,0,0,0,1,1
13,130259,2,2,0,0,0,2,2,139,0,29,3,2012,5,7,50,1,2,3,SR-365,ATHENS STREET,254,34.402075,-83.67971944,0,12,6,0,2,3,0,1,1,1,0,1,0,0000000,7,57,8,9,8,39,0,0,0,1,0
13,130260,1,1,0,0,0,5,5,23,0,30,3,2012,6,0,49,0,6,4,CR-63,,7,32.47109444,-83.32133889,0,42,0,0,1,1,0,5,2,1,0,1,0,0000000,0,50,1,25,3,15,0,0,0,1,1
13,130261,2,2,0,0,0,2,2,51,2290,30,3,2012,6,6,10,0,13,3,SR-26,CHATHAM PARKWAY,108,32.08686111,-81.15927222,0,12,1,0,3,2,0,1,2,1,0,1,0,0000000,88,88,88,88,88,88,0,0,0,1,0
13,130262,1,1,0,1,1,1,1,89,0,31,3,2012,7,14,9,0,14,3,SR-12,PHILLIPS ROAD,89,33.71638056,-84.129925,0,8,0,0,3,2,0,1,1,1,0,1,0,0000000,14,9,14,10,14,44,0,0,0,1,0
13,130263,1,1,0,0,0,1,1,91,0,30,3,2012,6,19,0,0,6,4,CR-41,,75,32.12129167,-83.11399722,0,1,0,0,1,1,0,5,1,10,0,10,0,0000000,19,0,19,7,20,5,0,0,0,1,1
13,130264,2,2,0,0,0,3,3,121,280,30,3,2012,6,23,3,0,14,6,LENOX ROAD,,5,33.84378333,-84.35803056,0,12,6,0,1,1,0,1,3,2,0,2,0,0000000,99,99,99,99,99,99,0,0,0,1,0
13,130265,1,1,0,0,0,2,2,211,0,30,3,2012,6,20,3,0,4,4,CR-243,,2,33.68708056,-83.58668889,0,31,0,0,1,1,0,5,5,2,0,2,0,0000000,88,88,88,88,88,88,0,0,0,1,0
13,130266,1,1,0,0,0,1,1,255,0,30,3,2012,6,22,53,0,5,4,CR-503,,19,33.18628056,-84.17589167,0,42,0,0,1,1,0,5,2,10,0,10,0,0000000,23,9,23,33,0,31,0,0,0,1,0
13,130267,1,1,0,0,0,4,4,27,0,31,3,2012,7,8,45,0,4,4,CR-305,,46,30.77766389,-83.67825833,0,21,0,0,1,1,0,4,1,1,0,1,0,0000000,8,43,8,52,10,39,0,0,0,1,0
13,130268,2,2,0,0,0,2,2,51,4450,31,3,2012,7,6,0,1,11,1,I-95/SR-405,,53,32.05925278,-81.25365833,0,12,1,0,1,1,0,1,2,1,0,1,0,0000000,88,88,88,88,88,88,0,0,0,1,1
13,130269,1,1,0,0,0,3,3,109,1160,31,3,2012,7,18,49,0,5,6,BAY BRANCH CHURCH ROAD,,3,32.08603611,-81.97547222,0,53,0,0,1,1,0,4,1,1,0,1,0,0000000,18,50,19,0,20,25,0,0,0,1,1
13,130270,1,1,0,0,0,4,4,173,0,31,3,2012,7,12,49,0,3,3,SR-11,,77,30.97499167,-83.00688056,0,59,0,0,1,1,0,4,1,2,0,2,0,0000000,99,99,99,99,99,99,0,0,0,1,0
13,130271,1,1,0,1,1,1,1,89,0,1,4,2012,1,21,45,0,13,3,SR-13 / BUFORD HWY,,22,33.84955278,-84.32133333,0,8,0,0,1,1,0,1,3,1,0,1,0,0000000,21,45,21,52,88,88,0,0,0,1,0
13,130272,1,1,0,0,0,2,2,233,1010,1,4,2012,1,14,15,0,5,4,CR-44 / OLD JACKSON CHAPEL RD,,19,34.05746389,-85.38569722,0,42,0,0,1,1,0,4,1,1,0,1,0,0000000,14,16,14,55,15,30,0,0,0,1,0
13,130273,2,2,0,0,0,4,4,245,310,1,4,2012,1,11,28,0,13,4,CR-1503 / TOBACCO RD,,41,33.37356389,-82.05029167,0,12,2,0,1,1,0,1,1,1,0,1,0,0000000,11,36,11,46,12,15,0,0,0,2,1
13,130274,1,1,0,0,0,1,1,311,1190,1,4,2012,1,16,4,0,6,4,CR-23 / SAM CRAVEN RD,,13,34.55423889,-83.67328056,0,35,0,0,8,1,0,4,1,1,0,1,0,0000000,88,88,88,88,88,88,0,0,0,1,0
13,130275,1,1,0,0,0,1,1,63,0,2,4,2012,2,11,4,1,11,1,I-675,,63,33.63323333,-84.30370556,0,21,0,0,1,1,0,3,1,1,0,1,0,0000000,88,88,88,88,88,88,0,0,0,1,0
13,130276,2,2,0,0,0,3,3,175,0,2,4,2012,2,11,49,1,1,1,I-16,,289,32.44542222,-82.73173611,0,12,1,0,1,1,0,1,1,1,0,1,0,0000000,11,50,12,4,12,43,0,0,0,1,0
13,130277,1,1,0,0,0,1,1,25,0,3,4,2012,3,8,29,1,2,2,US-82 / SR-520,,183,31.21415833,-81.91165833,0,1,0,0,1,1,0,4,1,1,0,1,0,0000000,88,88,88,88,88,88,0,0,0,1,1
13,130278,1,1,0,0,0,1,1,83,0,3,4,2012,3,14,34,0,3,3,SR-136,,34,34.86415278,-85.54124722,0,17,0,0,1,1,0,4,1,1,0,1,0,0000000,14,40,14,43,15,27,0,0,0,1,0
13,130279,2,2,0,1,1,1,1,127,0,3,4,2012,3,2,35,1,1,1,I-95,,13,31.12872778,-81.58091667,0,8,0,0,1,1,0,1,2,1,0,1,0,0000000,99,99,99,99,99,99,19,14,0,1,0
13,130280,3,3,0,0,0,4,4,77,0,4,4,2012,4,15,50,0,3,2,US-27 ALT / SR-41,,5,33.231675,-84.75016667,0,12,6,0,8,1,0,1,1,1,0,1,0,0000000,99,99,99,99,99,99,0,0,0,1,0
13,130281,2,2,0,0,0,6,6,121,5640,4,4,2012,4,18,27,0,13,2,US-29 / SR-14,RAYMOND DR,82,33.57692222,-84.56065833,0,12,6,0,2,3,0,1,1,1,0,1,0,0000000,18,27,18,45,19,43,0,0,0,1,0
13,130282,2,2,0,0,0,2,2,197,790,4,4,2012,4,14,56,0,16,6,CRAWFORD ST,2ND AVE,0,32.32165278,-84.52281111,0,12,7,0,3,1,0,1,1,10,0,10,0,0000000,88,88,88,88,88,88,0,0,0,1,0
13,130283,1,1,0,0,0,1,1,227,0,4,4,2012,4,0,0,0,4,4,CR-328 / CANTON RD,,12,34.39553056,-84.38152778,0,35,0,0,1,1,0,4,2,1,0,1,0,0000000,88,88,88,88,88,88,0,0,0,1,0
13,130284,2,2,0,0,0,4,4,255,2510,4,4,2012,4,3,3,1,13,2,US-19/41 / SR-3,LAPRADE RD,71,33.28691111,-84.29183333,0,12,1,0,3,2,0,1,2,10,0,10,0,0000000,99,99,99,99,99,99,0,0,0,2,0
13,130285,2,2,0,0,0,2,2,65,2800,5,4,2012,5,13,30,1,2,2,US-84 / SR-38,,147,31.03573889,-82.75266944,0,12,6,0,1,1,0,11,1,1,0,1,0,0000000,13,31,13,32,14,12,0,0,0,1,1
13,130286,1,1,0,0,0,1,1,297,0,5,4,2012,5,4,33,0,14,3,SR-81,,124,33.85547222,-83.87298889,0,32,0,0,1,1,0,4,2,10,0,10,0,0000000,88,88,88,88,88,88,0,0,0,1,1
13,130287,2,2,0,0,0,2,2,311,0,5,4,2012,5,17,0,1,2,2,US-129 / SR-11,,126,34.64792778,-83.84250556,0,12,2,0,1,1,0,1,1,1,0,1,0,0000000,88,88,88,88,88,88,0,0,0,2,0
13,130288,2,2,0,0,0,3,3,117,0,6,4,2012,6,21,1,0,16,4,CR-456 / UNION HILL RD,MCFARLAND PKWY,14,34.13049444,-84.23018889,0,12,6,0,2,3,0,1,2,1,0,1,0,0000000,21,4,21,12,21,32,0,0,0,1,1
13,130289,4,4,0,0,0,9,9,135,0,6,4,2012,6,15,23,1,11,1,I-985,,39,34.089775,-83.99228611,0,12,1,0,1,1,0,1,1,1,0,1,0,0000000,99,99,99,99,99,99,0,0,0,2,0
13,130290,1,1,0,0,0,4,4,179,4640,6,4,2012,6,7,40,1,1,1,I-95,,25,31.68542778,-81.39194167,0,42,0,0,1,1,0,3,1,10,0,10,0,0000000,7,40,8,3,9,2,0,0,0,1,0
13,130291,2,2,0,0,0,3,3,245,310,6,4,2012,6,18,54,1,13,2,US-1 / SR-4,WHEELESS RD,193,33.43037222,-82.04274444,0,12,6,0,2,2,0,1,1,1,0,1,0,0000000,18,54,18,59,19,27,0,0,0,1,0
13,130292,1,1,0,0,0,1,1,245,0,6,4,2012,6,10,19,1,13,2,US-1 / SR-4,,141,33.392775,-82.11773889,0,1,0,0,1,1,0,4,1,10,0,10,0,0000000,88,88,88,88,88,88,0,0,0,1,0
13,130293,1,1,0,0,0,1,1,51,4910,7,4,2012,7,3,38,0,13,3,SR-204 / ABERCORN ST,,205,32.01685,-81.11232222,0,43,0,0,1,1,0,4,3,1,0,1,0,0000000,3,38,3,43,88,88,0,0,0,1,1
13,130294,2,2,0,0,0,2,2,233,0,7,4,2012,7,0,40,0,4,4,CR-442 / TAYLORSVILLE RD,,41,34.07421389,-85.01803611,0,12,6,0,1,1,0,1,2,10,0,10,0,0000000,88,88,88,88,88,88,0,0,0,1,1
13,130295,1,1,0,0,0,1,1,255,0,7,4,2012,7,20,44,0,4,4,CR-134 / JORDAN HILL RD,,36,33.30439444,-84.2623,0,42,0,0,1,1,0,4,2,1,0,1,0,0000000,99,99,99,99,99,99,0,0,0,1,0
13,130296,1,1,0,0,0,2,2,127,0,8,4,2012,1,1,4,1,1,1,I-95 RAMP,,143,31.30581111,-81.48224444,0,1,0,1,5,1,0,4,2,1,0,1,0,0000000,1,13,1,21,1,59,20,0,0,2,1
13,130297,2,2,0,0,0,2,2,139,3290,8,4,2012,1,11,20,1,2,2,US-23 / SR-365,SR-52,245,34.39498889,-83.69102222,0,12,6,0,2,3,0,1,1,1,0,1,0,0000000,11,22,11,26,11,55,0,0,0,1,0
13,130298,2,2,0,0,0,5,5,229,0,8,4,2012,1,10,48,0,6,4,CR-516 / FOREST LANE,,0,31.27598889,-82.30920556,0,12,6,0,1,1,0,1,1,1,0,1,0,0000000,10,49,10,58,11,12,0,0,0,1,0
13,130299,2,2,0,0,0,4,4,85,1590,9,4,2012,2,9,46,0,4,3,SR-9,,43,34.39074722,-84.12635833,0,12,6,0,8,1,0,1,1,1,0,1,0,0000000,9,47,10,0,10,59,0,0,0,1,0
13,130300,1,1,0,0,0,1,1,141,5120,9,4,2012,2,12,58,0,5,4,CR-366,CR-135,29,33.28208333,-83.06238056,0,30,0,0,3,3,0,6,1,1,0,1,0,0000000,88,88,88,88,88,88,0,0,0,1,0
13,130301,1,1,0,0,0,1,1,157,0,9,4,2012,2,8,23,1,1,1,I-85,,47,34.12757222,-83.72870833,0,52,0,0,1,1,0,4,1,1,0,1,0,0000000,88,88,88,88,88,88,0,0,0,1,0
13,130302,2,2,0,0,0,2,2,135,0,10,4,2012,3,12,42,0,14,4,CR-6512 / SUGARLOAF PKWY,LAWRENCEVILLE SUWANEE RD,39,33.93475,-84.02945833,0,12,6,0,2,3,0,1,1,1,0,1,0,0000000,99,99,99,99,99,99,0,0,0,1,0
13,130303,1,1,0,0,0,1,1,259,0,10,4,2012,3,19,30,1,2,2,US-280 / SR-520,,79,32.14710556,-84.68725278,0,35,0,0,1,1,0,5,1,1,0,1,0,0000000,19,30,19,42,20,10,0,0,0,1,0
13,130304,3,3,0,0,0,3,3,121,120,11,4,2012,4,10,21,1,12,2,US-19 / SR-400,,186,34.05335833,-84.28888333,0,12,7,0,1,1,0,1,1,1,0,1,0,0000000,10,24,10,31,11,10,0,0,0,1,0
13,130305,1,1,0,0,0,1,1,121,1900,11,4,2012,4,3,1,1,11,1,I-285 RAMP,,24,33.65901389,-84.49792222,0,30,0,1,5,1,0,4,2,1,0,1,0,0000000,99,99,99,99,99,99,0,0,0,1,1
13,130306,2,2,0,0,0,2,2,3,0,12,4,2012,5,6,13,0,4,3,SR-90,,1,31.34980278,-83.04515833,0,12,2,0,1,1,0,1,2,1,0,1,0,0000000,88,88,88,88,88,88,0,0,0,1,0
13,130307,1,1,0,0,0,1,1,149,0,12,4,2012,5,0,3,0,5,4,CR-213 / CHARLIE B JOHNSTON RD,,40,33.26526944,-84.97506667,0,32,0,0,1,1,0,4,2,1,0,1,0,0000000,88,88,88,88,88,88,0,0,0,1,1
13,130308,1,1,0,1,1,1,1,151,0,12,4,2012,5,7,41,0,4,4,CR-648 / L G GRIFFIN RD,,21,33.32771944,-84.10921944,0,8,0,0,8,1,0,1,1,1,0,1,1,0000000,99,99,99,99,99,99,0,0,0,1,0
13,130309,2,2,0,0,0,4,4,245,310,12,4,2012,5,16,55,0,14,3,SR-56,CLARK RD,32,33.28531389,-81.95848056,0,12,6,0,2,3,0,1,1,1,0,1,0,0000000,16,56,17,7,17,47,0,0,0,1,0
13,130310,1,1,0,0,0,1,1,77,0,13,4,2012,6,19,18,0,6,4,CR-125 / WALTON RD,,10,33.32981111,-84.749375,0,34,0,0,1,1,0,4,1,1,0,1,0,0000000,88,88,88,88,88,88,0,0,0,1,1
13,130311,1,1,0,0,0,3,3,135,0,13,4,2012,6,4,34,1,11,1,I-985 RAMP,,0,34.03841389,-84.037775,0,25,0,1,5,1,0,4,2,1,0,1,0,0000000,4,35,4,45,5,26,0,0,0,1,1
13,130312,1,1,0,0,0,1,1,31,5170,14,4,2012,7,8,21,0,5,4,CR-429 / BURKHALTER RD,,33,32.44302778,-81.66704167,0,34,0,0,1,1,0,4,1,1,0,1,0,0000000,88,88,88,88,88,88,0,0,0,1,1
13,130313,2,2,0,0,0,2,2,59,270,14,4,2012,7,13,1,0,14,4,CR-600 / DANIELSVILLE RD,ILA RD,52,34.02514444,-83.32985,0,12,6,1,2,3,0,1,1,1,0,1,0,0000000,13,2,13,14,99,99,0,0,0,1,0
13,130314,1,1,0,0,0,1,1,139,0,14,4,2012,7,21,32,0,6,4,CR-681 / BENEFIELD RD,,1,34.16266667,-83.81641389,0,38,0,0,1,1,0,4,2,1,0,1,0,0000000,88,88,88,88,88,88,0,0,0,1,1
13,130315,2,2,0,0,0,2,2,15,0,15,4,2012,1,15,13,1,11,1,I-75,,126,34.21738333,-84.75287778,0,57,0,0,1,1,0,3,1,1,0,1,0,0000000,15,10,15,22,15,44,0,0,0,1,0
13,130316,1,1,0,0,0,1,1,89,0,10,3,2012,7,16,45,0,16,4,CR-2688 / PEPPERDINE DR,,1,33.67722222,-84.21974444,0,33,0,0,1,1,0,4,1,1,0,1,0,0000000,99,99,99,99,99,99,0,0,0,1,0
13,130317,1,1,0,0,0,1,1,155,4120,4,4,2012,4,18,15,0,4,4,CR-220 / FRANK RD,,3,31.60615833,-83.24488889,0,34,0,0,1,1,0,4,1,1,0,1,0,0000000,18,16,18,19,18,31,0,0,0,1,1
13,130318,1,1,0,0,0,1,1,151,0,16,4,2012,2,4,5,0,14,4,CR-659 / EAGLES LANDING PKWY,,16,33.51100833,-84.22341111,0,25,0,0,1,1,0,3,1,1,0,1,0,0000000,4,6,4,6,4,33,0,0,0,1,0
13,130319,2,2,0,0,0,3,3,139,2285,24,4,2012,3,10,10,1,13,2,US-23/129 / SR-365 / SR-419,HOWARD RD,176,34.33162222,-83.78240278,0,12,6,0,2,2,0,1,1,1,0,1,0,0000000,10,17,10,17,11,13,0,0,0,1,0
13,130320,2,2,0,0,0,2,2,97,1770,28,4,2012,7,20,38,0,15,4,CR-24 / N BURNT HICKORY RD,,22,33.80081111,-84.72280556,0,12,6,0,1,1,0,1,2,1,0,1,0,0000000,21,7,21,15,21,33,0,0,0,1,1
13,130321,3,2,1,0,1,2,3,255,0,29,2,2012,4,12,25,0,3,3,SR-16,ROVER ZETELLA ROAD,69,33.24094722,-84.38248333,0,12,6,0,2,2,0,1,1,1,0,1,0,0000000,12,31,12,54,14,0,0,0,0,1,0
13,130322,2,2,0,0,0,2,2,67,320,9,4,2012,2,14,29,0,14,6,AUSTELL POWDER SPRING,,46,33.83953889,-84.658975,0,12,2,0,1,1,0,1,1,1,0,1,0,0000000,14,33,14,34,15,13,0,0,0,1,0
13,130323,2,2,0,0,0,3,3,117,0,15,4,2012,1,15,50,0,4,3,SR-369,,72,34.29374444,-84.13966389,0,12,6,0,1,1,0,1,1,1,0,1,0,0000000,15,50,16,1,17,5,0,0,0,1,1
13,130324,1,1,0,0,0,1,1,121,280,15,4,2012,1,1,40,1,11,1,I-85/SR-403,,185,33.68301111,-84.41086944,0,52,0,0,1,1,0,8,3,1,0,1,0,0000000,88,88,88,88,88,88,0,0,0,1,1
13,130325,2,2,0,0,0,2,2,269,0,15,4,2012,1,17,55,0,4,3,SR-137,,206,32.62886389,-84.18228333,0,12,8,0,1,1,0,1,1,1,0,1,0,0000000,88,88,88,88,88,88,0,0,0,1,0
13,130326,2,2,0,0,0,4,4,321,0,15,4,2012,1,14,12,0,4,3,SR-256,SUMNER ROAD,88,31.43354722,-83.750925,0,12,6,0,2,2,0,1,1,1,0,1,0,0000000,99,99,99,99,99,99,0,0,0,1,0
13,130327,1,1,0,0,0,1,1,51,4910,16,4,2012,2,21,2,0,16,6,EISENHOWER DRIVE (RAMP),,22,32.00179167,-81.08287778,0,24,0,1,5,1,0,4,3,1,0,1,0,0000000,21,4,21,11,21,33,0,0,0,1,0
13,130328,2,2,0,1,1,2,2,89,1815,16,4,2012,2,4,38,1,11,1,I-285/SR-407,,15,33.92039444,-84.32181944,0,8,0,0,1,1,0,1,2,1,0,1,0,0000000,88,88,88,88,88,88,19,23,0,1,0
13,130329,3,3,0,0,0,4,4,119,0,16,4,2012,2,15,4,1,2,3,SR-17,,4,34.32296389,-83.11044444,0,12,2,0,1,1,0,1,1,10,1,10,0,0000000,15,11,15,26,16,19,0,0,0,2,1
13,130330,2,2,0,0,0,3,3,233,0,16,4,2012,2,8,45,0,4,4,CR-450,,48,34.04746944,-85.27254167,0,12,6,0,1,1,0,1,1,10,0,10,0,0000000,8,51,9,0,9,24,0,0,0,1,0
13,130331,2,2,0,0,0,2,2,295,0,16,4,2012,2,13,4,0,16,4,CR-704,,70,34.97314722,-85.29331111,0,12,6,0,1,1,0,1,1,2,0,2,0,0000000,88,88,88,88,88,88,0,0,0,1,0
13,130332,1,1,0,0,0,2,2,165,0,17,4,2012,3,12,25,0,5,4,CR-197,,99999,32.81655833,-81.87724167,0,42,0,0,1,1,0,5,1,1,0,1,0,0000000,12,29,12,34,13,3,0,0,0,2,0
13,130333,2,2,0,0,0,2,2,245,310,17,4,2012,3,15,53,0,14,3,SR-56,DOUG BARNARD PARKWAY,67,33.36893889,-81.99699722,0,12,6,0,2,3,0,1,1,10,0,10,0,0000000,88,88,88,88,88,88,0,0,0,1,0
13,130334,1,1,0,0,0,1,1,157,1300,20,4,2012,6,13,27,0,16,6,WATERWORKS ROAD,,2,34.19483333,-83.45929722,0,32,0,0,1,1,0,4,1,1,0,1,0,0000000,13,19,13,29,13,56,0,0,0,1,0
13,130335,1,1,0,1,1,1,1,15,0,21,4,2012,7,1,36,1,11,1,I-75/SR-401,,7,34.08090278,-84.67619722,0,8,0,0,1,1,0,1,2,10,0,10,0,0000000,88,88,88,88,88,88,0,0,0,1,0
13,130336,2,2,0,0,0,4,4,51,4450,21,4,2012,7,22,48,1,11,1,I-16/SR-404,,91,32.07138333,-81.21770556,0,12,7,0,1,1,0,1,2,2,0,2,0,0000000,22,36,22,39,23,16,0,0,0,1,0
13,130337,2,2,0,0,0,2,2,89,0,21,4,2012,7,17,22,0,15,3,SR-260,COLUMBIA PLACE,1,33.73798333,-84.25536944,0,12,7,0,3,2,0,1,1,10,0,10,0,0000000,17,21,17,24,17,50,0,0,0,1,0
13,130338,1,1,0,1,1,1,1,135,3990,21,4,2012,7,23,37,0,14,6,NORCROSS TUCKER ROAD,,11,33.89833056,-84.208125,0,8,0,0,1,1,0,1,2,1,0,1,0,0000000,23,38,23,41,0,7,0,0,0,1,0
13,130339,1,1,0,0,0,3,3,157,0,21,4,2012,7,1,52,1,1,1,I-85/SR-403,,127,34.18276111,-83.59944444,0,34,0,0,1,1,0,5,2,1,0,1,0,0000000,1,53,2,5,3,1,0,0,0,1,0
13,130340,1,1,0,0,0,1,1,89,3210,22,4,2012,1,2,29,0,15,6,MARBUT ROAD,,29,33.72708333,-84.1482,0,53,0,0,1,1,0,5,3,10,0,10,0,0000000,2,30,3,17,3,29,0,0,0,1,1
13,130341,2,2,0,0,0,3,3,115,4760,22,4,2012,1,8,17,0,14,3,SR-53,BURLINGTON ROAD,300,34.34307778,-85.07823056,0,12,1,0,3,2,0,1,1,1,0,1,0,0000000,8,35,8,43,8,59,0,0,0,1,0
13,130342,3,3,0,0,0,4,4,245,310,22,4,2012,1,21,14,0,13,3,SR-10,,49,33.43755,-82.14753889,0,12,2,0,1,1,1,1,2,1,0,1,0,0000000,21,13,21,18,22,6,0,0,0,1,0
13,130343,2,2,0,0,0,2,2,15,980,24,4,2012,3,5,22,0,3,3,SR-113,PICKLESIMER ROAD,58,34.11581389,-84.88275278,0,12,6,0,2,2,0,1,2,1,0,1,0,0000000,88,88,88,88,88,88,0,0,0,1,0
13,130344,2,2,0,0,0,2,2,67,0,24,4,2012,3,23,45,0,14,3,SR-3,,215,34.06165278,-84.72258611,0,12,2,0,1,1,0,1,2,1,0,1,0,0000000,23,46,23,52,0,36,0,0,0,1,0
13,130345,1,1,0,0,0,1,1,77,0,24,4,2012,3,16,17,0,16,4,CR-552,,44,33.45161944,-84.63449167,0,34,0,0,1,1,0,5,1,1,0,1,0,0000000,16,17,16,20,88,88,0,0,0,1,0
13,130346,1,1,0,0,0,1,1,121,4882,24,4,2012,3,22,6,0,16,6,SPALDING DRIVE,,99999,33.97854722,-84.32073056,0,33,0,0,1,1,0,4,3,1,0,1,0,0000000,22,8,22,10,22,20,0,0,0,1,0
13,130347,2,2,0,0,0,2,2,157,1300,24,4,2012,3,9,8,0,14,3,SR-334,,119,34.18922222,-83.44451667,0,12,2,0,8,1,0,1,1,1,0,1,0,0000000,9,9,9,18,9,53,0,0,0,1,0