STATE,ST_CASE,VE_TOTAL,VE_FORMS,PVH_INVL,PEDS,PERNOTMVIT,PERMVIT,PERSONS,COUNTY,CITY,DAY,MONTH,YEAR,DAY_WEEK,HOUR,MINUTE,NHS,ROAD_FNC,ROUTE,TWAY_ID,TWAY_ID2,MILEPT,LATITUDE,LONGITUD,SP_JUR,HARM_EV,MAN_COLL,RELJCT1,RELJCT2,TYP_INT,WRK_ZONE,REL_ROAD,LGT_COND,WEATHER1,WEATHER2,WEATHER,SCH_BUS,RAIL,NOT_HOUR,NOT_MIN,ARR_HOUR,ARR_MIN,HOSP_HR,HOSP_MN,CF1,CF2,CF3,FATALS,DRUNK_DR
13,130348,4,4,0,0,0,5,5,115,990,25,4,2012,4,18,58,0,4,3,SR-100,,29,34.10668611,-85.35226944,0,12,9,0,8,1,0,1,1,1,0,1,0,0000000,18,58,18,58,19,33,0,0,0,1,0
13,130349,1,1,0,1,1,3,3,223,0,25,4,2012,4,11,4,0,16,4,CR-402,,0,33.928275,-84.74302222,0,8,0,0,1,1,0,1,1,1,0,1,0,0000000,10,45,10,56,11,42,0,0,0,1,0
13,130350,1,1,0,0,0,1,1,137,0,25,4,2012,4,23,40,0,3,3,SR-385,,92,34.63158333,-83.48478333,0,34,0,0,1,1,0,5,2,10,0,10,0,0000000,88,88,88,88,88,88,0,0,0,1,0
13,130351,1,1,0,1,1,1,1,191,0,25,4,2012,4,20,45,0,3,3,SR-25,,129,31.50673056,-81.43944444,0,8,0,0,1,1,0,1,2,1,0,1,0,0000000,88,88,88,88,88,88,0,0,0,1,0
13,130352,1,1,0,0,0,1,1,29,0,26,4,2012,5,14,41,1,1,1,I-16/SR-404,,46,32.181175,-81.46031667,0,32,0,0,1,1,0,5,1,1,0,1,0,0000000,88,88,88,88,88,88,0,0,0,1,0
13,130353,2,2,0,0,0,3,3,127,760,26,4,2012,5,10,40,1,2,3,SR-520,,29,31.1349,-81.56805833,0,12,6,0,8,1,0,1,1,1,0,1,0,0000000,10,36,10,40,11,1,0,0,0,1,0
13,130354,1,1,0,0,0,2,2,227,0,26,4,2012,5,23,9,0,3,3,SR-53,,99999,34.42616667,-84.36608611,0,34,0,0,1,1,0,5,2,10,0,10,0,0000000,23,13,23,19,23,46,0,0,0,1,1
13,130355,1,1,0,1,1,1,1,229,530,26,4,2012,5,20,4,1,2,3,SR-38,,49,31.30183611,-82.24617778,0,8,0,0,1,1,0,1,3,1,0,1,0,0000000,20,35,20,40,22,17,0,0,0,1,0
13,130356,2,2,0,0,0,3,3,31,0,27,4,2012,6,9,55,0,14,3,SR-26,,187,32.42824722,-81.74245278,0,12,2,0,1,1,0,1,1,1,0,1,0,0000000,9,59,10,4,10,23,0,0,0,2,0
13,130357,1,1,0,1,1,1,1,67,0,27,4,2012,6,18,2,0,14,3,SR-5,HICKS ROAD,73,33.89125,-84.57842778,0,8,0,0,2,3,0,1,1,1,0,1,0,0000000,18,2,18,8,18,22,0,0,0,1,0
13,130358,1,1,0,0,0,1,1,67,0,27,4,2012,6,21,24,0,14,4,CR-RIVERSIDE PARKWAY,,12,33.76167778,-84.56536667,0,42,0,0,1,1,0,6,2,1,0,1,0,0000000,21,25,21,33,88,88,0,0,0,1,0
13,130359,1,1,0,1,1,1,1,63,0,28,4,2012,7,2,9,1,13,3,SR-3,,110,99.99990000,999.99990000,0,8,0,0,1,1,0,1,2,1,0,1,0,0000000,88,88,88,88,88,88,0,0,0,1,0
13,130360,1,1,0,0,0,2,2,217,0,28,4,2012,7,0,9,0,6,4,CR-231,,16,33.48159722,-83.91518611,0,31,0,0,1,1,0,5,2,1,0,1,0,0000000,88,88,88,88,88,88,0,0,0,1,1
13,130361,2,2,0,0,0,5,5,135,3990,29,4,2012,1,0,24,0,15,6,STEVE REYNOLDS BLVD.,,33,33.93521667,-84.13906111,0,12,6,0,1,1,0,1,2,1,0,1,0,0000000,0,24,0,29,1,9,0,0,0,1,0
13,130362,1,1,0,0,0,2,2,163,0,29,4,2012,1,17,28,0,6,4,CR-43,,3,33.23201111,-82.36613889,0,35,0,0,1,1,0,4,1,1,0,1,0,0000000,88,88,88,88,88,88,0,0,0,1,1
13,130363,2,2,0,0,0,4,4,285,5890,29,4,2012,1,17,43,0,3,3,SR-18,KIA PARKWAY,12,32.879075,-85.15518611,0,12,1,0,2,2,0,1,1,1,0,1,0,0000000,99,99,99,99,99,99,0,0,0,1,0
13,130364,1,1,0,1,1,1,1,89,1610,30,4,2012,2,6,23,0,14,6,NORTH DECATUR ROAD,WILLVEE DRIVE,24,33.79154444,-84.29861111,0,9,0,0,1,1,0,1,4,1,0,1,0,0000000,6,23,6,28,7,5,0,0,0,1,0
13,130365,1,1,0,0,0,1,1,227,0,30,4,2012,2,11,15,0,2,3,SR-53,,130,34.43540278,-84.39621389,0,35,0,0,1,1,0,5,1,1,0,1,0,0000000,11,19,11,24,11,49,0,0,0,1,0
13,130366,1,1,0,0,0,1,1,313,0,30,4,2012,2,8,11,1,1,1,I-75/SR-401 (RAMP),CARBONDALE ROAD,1,34.65336389,-84.984875,0,34,0,1,5,1,0,4,1,1,0,1,0,0000000,8,13,8,25,88,88,0,0,0,1,0
13,130367,2,2,0,0,0,3,3,151,0,26,4,2012,5,14,49,0,14,4,CR-659,,10,33.50496389,-84.23329167,0,12,6,0,8,1,0,1,1,1,0,1,0,0000000,14,49,14,49,15,3,0,0,0,1,0
13,130368,1,1,0,0,0,1,1,121,280,28,4,2012,7,9,34,0,16,6,BOULDER PARK ROAD,,5,33.74619444,-84.52412778,0,53,0,0,1,1,0,5,1,1,0,1,0,0000000,9,30,9,45,99,99,0,0,0,1,0
13,130369,2,2,0,0,0,2,2,89,0,1,5,2012,3,14,50,0,15,4,CR-5192 / S DESHON RD,,47,33.76513889,-84.105,0,12,2,0,1,1,0,1,1,1,0,1,0,0000000,14,51,14,55,15,22,0,0,0,1,0
13,130370,2,2,0,0,0,2,2,137,0,1,5,2012,3,10,4,0,4,4,CR-546 / OLD SR-197 S,,21,34.55732778,-83.49359444,0,12,2,0,1,1,0,1,1,10,0,10,0,0000000,10,4,10,12,10,40,0,0,0,1,0
13,130371,3,3,0,0,0,3,3,31,0,2,5,2012,4,17,49,1,1,1,I-16,,192,32.23076389,-81.63503056,0,12,1,0,1,1,0,1,1,1,0,1,0,0000000,88,88,88,88,88,88,0,0,0,1,0
13,130372,2,2,0,0,0,2,2,57,0,2,5,2012,4,16,52,0,15,4,CR-421 / BASCOMB CARMEL RD,SPRING WAY,23,34.09250833,-84.54747778,0,12,2,0,1,1,0,1,1,1,0,1,0,0000000,16,52,16,52,17,48,0,0,0,1,0
13,130373,2,2,0,0,0,3,3,77,0,2,5,2012,4,21,17,0,4,4,CR-554 / CORINTH RD,,99,33.24784444,-84.93565833,0,12,6,0,1,1,0,2,2,10,0,10,0,0000000,21,6,21,17,21,48,0,0,0,1,0
13,130374,2,2,0,0,0,3,3,97,0,2,5,2012,4,1,57,0,4,4,CR-808 / POST RD,,66,33.71188333,-84.8412,0,12,2,0,1,1,0,1,2,1,0,1,0,0000000,2,12,2,19,3,27,0,0,0,2,1
13,130375,1,1,0,2,2,1,1,63,0,3,5,2012,5,22,48,1,13,2,US-19/41 / SR-3,,15,33.44930278,-84.32515,0,8,0,0,1,1,0,1,2,10,0,10,0,0000000,22,48,22,48,23,27,0,0,0,2,0
13,130376,1,1,0,0,0,1,1,217,3920,3,5,2012,5,8,52,0,4,3,SR-142,,0,33.51343056,-83.69070278,0,42,0,0,1,1,0,5,1,1,0,1,0,0000000,8,52,9,10,9,58,0,0,0,1,0
13,130377,1,1,0,0,0,1,1,301,0,3,5,2012,5,19,24,0,6,4,CR-8 / BETHEL CHURCH RD,,40,33.51061111,-82.66900556,0,35,0,0,1,1,0,4,1,10,0,10,0,0000000,88,88,88,88,88,88,0,0,0,1,1
13,130378,1,1,0,0,0,1,1,285,0,4,5,2012,6,20,25,1,1,1,I-85,,85,32.96541111,-85.07758333,0,32,0,0,1,1,0,3,5,1,0,1,0,0000000,99,99,99,99,99,99,0,0,0,1,0
13,130379,1,1,0,0,0,2,2,33,3580,5,5,2012,7,2,46,0,3,3,SR-56,,69,32.89825,-82.17898611,0,35,0,0,1,1,0,5,2,1,0,1,0,0000000,3,0,3,16,4,15,0,0,0,1,0
13,130380,2,2,0,0,0,3,3,95,90,5,5,2012,7,16,51,1,12,2,US-19/82 / SR-520,,67,31.59325,-84.13045278,0,12,6,0,1,1,0,1,1,1,0,1,0,0000000,99,99,99,99,99,99,0,0,0,1,0
13,130381,2,2,0,0,0,4,4,21,0,6,5,2012,1,11,18,0,14,2,US-23 / RIVERSIDE DR,ARKWRIGHT RD,153,32.93660556,-83.71731667,0,12,6,0,2,3,0,1,1,1,0,1,0,0000000,11,16,11,18,11,25,0,0,0,1,0
13,130382,1,1,0,1,1,1,1,89,0,6,5,2012,1,3,30,0,13,3,SR-13 / BUFORD HWY,,14,33.84145278,-84.33038056,0,8,0,0,1,1,0,1,2,1,0,1,0,0000000,3,42,3,46,4,11,0,0,0,1,0
13,130383,3,3,0,0,0,3,3,115,4760,6,5,2012,1,17,15,0,15,4,CR-268 / HORSELEG CREEK RD,,79,34.21448889,-85.28105278,0,12,6,0,8,1,0,1,1,10,0,10,0,0000000,17,12,17,19,17,42,14,0,0,1,0
13,130384,1,1,0,0,0,1,1,121,280,6,5,2012,1,3,19,0,15,6,E PACES FERRY RD,,6,33.84916111,-84.35315833,0,42,0,0,1,1,0,4,3,1,0,1,0,0000000,88,88,88,88,88,88,0,0,0,1,0
13,130385,1,1,0,0,0,3,3,121,2060,6,5,2012,1,18,35,1,11,1,I-85,,55,33.55610278,-84.553875,0,30,0,0,1,1,0,4,1,2,0,2,0,0000000,18,40,18,54,19,17,0,0,0,2,1
13,130386,2,2,0,0,0,3,3,257,5530,6,5,2012,1,18,5,0,14,2,US-123 / SR-17 ALT,,34,34.54176667,-83.36151944,0,12,6,0,8,1,0,1,1,10,0,10,0,0000000,18,5,18,9,18,29,0,0,0,1,0
13,130387,2,2,0,0,0,4,4,155,4120,7,5,2012,2,14,9,0,3,2,US-129 / SR-11,SR-90,79,31.58644722,-83.25071944,0,12,6,0,2,2,0,1,1,2,0,2,0,0000000,14,9,14,12,14,42,0,0,0,1,0
13,130388,3,3,0,0,0,4,4,229,530,7,5,2012,2,15,11,1,2,2,US-84 / SR-38,,38,31.27606944,-82.27500833,0,12,1,0,1,1,0,1,1,2,0,2,0,0000000,15,14,15,20,15,47,0,0,0,1,1
13,130389,1,1,0,0,0,1,1,73,0,8,5,2012,3,15,3,0,3,2,US-221 / SR-47,,106,33.57334167,-82.29699167,0,34,0,0,1,1,0,4,1,10,0,10,0,0000000,15,15,15,17,15,34,0,0,0,1,0
13,130390,1,1,0,0,0,1,1,77,3950,8,5,2012,3,1,6,0,15,4,CR-466 / JEFFERSON ST,,7,33.38414444,-84.792,0,33,0,0,1,1,0,4,2,1,0,1,0,0000000,1,10,1,17,88,88,0,0,0,1,1
13,130391,1,1,0,0,0,1,1,263,0,8,5,2012,3,1,0,0,2,3,SR-96,,39,32.595325,-84.49375833,0,1,0,0,1,1,0,3,2,1,0,1,0,0000000,88,88,88,88,88,88,0,0,0,1,1
13,130392,2,2,0,0,0,4,4,121,280,9,5,2012,4,12,1,1,11,1,I-285,,46,33.69318889,-84.49988333,0,12,2,0,1,1,0,1,1,2,0,2,0,0000000,99,99,99,99,99,99,0,0,0,1,0
13,130393,2,2,0,0,0,3,3,63,0,10,5,2012,5,13,20,1,13,3,SR-138,,13,33.55066667,-84.43608611,0,12,6,0,1,1,0,1,1,1,0,1,0,0000000,13,25,13,25,13,47,0,0,0,1,0
13,130395,2,2,0,0,0,3,3,165,0,10,5,2012,5,7,7,0,4,4,CR-189 / ELAM RD,THRIFT RD,5,32.66255,-82.06873889,0,12,2,0,2,3,0,1,1,1,0,1,0,0000000,7,4,7,18,7,57,0,0,0,1,0
13,130396,1,1,0,0,0,6,6,75,3130,11,5,2012,6,12,5,0,6,6,E COLLEGE AVE,N RAILROAD RD,0,31.27481667,-83.46485278,0,10,0,0,6,1,0,1,1,1,0,1,0,723176H,12,28,12,39,99,99,0,0,0,2,0
13,130397,2,2,0,0,0,2,2,1,0,11,5,2012,6,17,36,1,2,2,US-1 / SR-4,WAYNE JONES RD,135,31.83026944,-82.34794722,0,12,1,0,3,3,0,1,1,1,0,1,0,0000000,99,99,99,99,99,99,0,0,0,1,0
13,130398,3,3,0,0,0,4,4,89,0,12,5,2012,7,9,30,0,14,4,CR-516 / N DRUID HILLS RD,,16,33.81203333,-84.28497778,0,12,2,0,1,1,0,1,1,10,0,10,0,0000000,9,30,9,30,9,59,0,0,0,1,0
13,130399,2,2,0,1,1,2,2,121,280,12,5,2012,7,22,29,0,14,2,US-29 / LEE ST,,226,33.72448056,-84.42058889,0,8,0,0,1,1,0,1,3,1,0,1,0,0000000,99,99,99,99,99,99,0,0,0,1,0
13,130400,1,1,0,1,1,1,1,67,0,13,5,2012,1,21,59,0,14,3,SR-280,,92,33.93249444,-84.54874722,0,8,0,0,1,1,0,1,2,2,0,2,0,0000000,22,0,22,3,22,16,0,0,0,1,0
13,130401,1,1,0,0,0,3,3,95,90,13,5,2012,1,22,28,0,14,6,W BROAD AVE,,3,31.57681389,-84.18464167,0,42,0,0,1,1,0,4,2,10,0,10,0,0000000,22,31,22,31,23,8,0,0,0,1,1
13,130402,1,1,0,0,0,1,1,115,4760,13,5,2012,1,23,29,0,4,4,CR-635 / FLOYD SPRINGS RD,,40,34.42645833,-85.15562778,0,43,0,0,1,1,0,4,3,10,0,10,0,0000000,23,30,23,30,1,16,0,0,0,1,0
13,130403,1,1,0,0,0,4,4,167,0,13,5,2012,1,17,10,0,6,4,CR-57 / JIM UNDERWOOD RD,CAMPBELL RD,19,32.72917222,-82.81872222,0,1,0,0,3,2,0,1,1,10,0,10,0,0000000,17,24,17,32,18,19,0,0,0,1,0
13,130404,1,1,0,1,1,1,1,89,0,15,5,2012,3,0,31,0,14,3,SR-10 / MEMORIAL DR,MOUNTAIN VIEW DR,111,33.80605556,-84.18701944,0,8,0,0,3,3,0,1,3,1,0,1,0,0000000,0,33,0,33,88,88,0,0,0,1,0
13,130405,1,1,0,0,0,2,2,175,0,15,5,2012,3,0,46,0,6,4,CR-12 / NEW BUCKEYE RD,,28,32.66411944,-82.86956389,0,53,0,0,1,1,0,4,2,1,0,1,0,0000000,99,99,99,99,99,99,0,0,0,1,1
13,130406,1,1,0,0,0,1,1,89,0,16,5,2012,4,16,30,0,15,4,CR-967 / MCLENDON DR,,3,33.80010833,-84.259925,0,1,0,0,1,1,0,5,1,1,0,1,0,0000000,88,88,88,88,88,88,0,0,0,1,1
13,130407,1,1,0,0,0,1,1,69,0,17,5,2012,5,16,45,0,4,3,SR-268,,121,31.64598611,-82.86671389,0,42,0,0,1,1,0,4,1,1,0,1,0,0000000,16,15,16,24,88,88,0,0,0,1,1
13,130408,1,1,0,0,0,1,1,121,0,13,5,2012,1,23,13,0,14,4,CR-1374 / BUTNER RD,,60,33.65204722,-84.58889444,0,42,0,0,1,1,1,4,2,10,0,10,0,0000000,88,88,88,88,88,88,0,0,0,1,0
13,130409,1,1,0,0,0,1,1,21,0,11,5,2012,6,7,59,1,11,1,I-75/SR-401,,16,32.71668889,-83.72949722,0,21,0,0,1,1,0,3,1,1,0,1,0,0000000,7,59,8,5,8,22,0,0,0,1,0
13,130410,3,3,0,0,0,3,3,67,0,16,5,2012,4,7,24,0,13,3,SR-8,POWELL DRIVE,29,33.81518333,-84.59538056,0,12,6,0,2,2,0,1,1,1,0,1,0,0000000,7,25,7,31,7,51,0,0,0,1,0
13,130411,1,1,0,0,0,1,1,271,0,17,5,2012,5,21,8,0,4,4,CR-239,,99999,32.12266389,-82.92320833,0,35,0,0,1,1,0,4,2,1,0,1,0,0000000,88,88,88,88,88,88,0,0,0,1,1
13,130412,1,1,0,0,0,1,1,313,1510,17,5,2012,5,21,51,0,15,6,FOSTER ROAD,,99999,34.73475,-84.983325,0,32,0,0,1,1,0,5,2,1,0,1,0,0000000,88,88,88,88,88,88,0,0,0,1,1
13,130413,1,1,0,0,0,4,4,221,3150,18,5,2012,6,23,35,0,6,6,HARRIS DRIVE,,99999,33.95248611,-83.10686389,0,32,0,0,1,1,0,5,2,1,0,1,0,0000000,23,36,23,44,0,32,0,0,0,1,1
13,130414,1,1,0,1,1,1,1,127,760,18,5,2012,6,23,55,0,14,6,ALTAMA AVENUE,ALTAMA CONNECTOR,39,31.21465833,-81.48038889,0,15,0,0,2,2,0,1,3,2,0,2,0,0000000,23,38,23,44,0,22,0,0,0,1,0
13,130415,2,2,0,0,0,2,2,245,310,18,5,2012,6,7,16,0,13,3,SR-56,,118,33.39531667,-82.005225,0,12,6,0,8,1,0,1,1,10,0,10,0,0000000,7,18,7,24,7,45,0,0,0,1,0
13,130416,1,1,0,0,0,2,2,95,90,19,5,2012,7,3,29,0,16,6,DON CUTLER SR. DRIVE,,10,31.58903611,-84.12616389,0,42,0,0,1,1,0,5,3,1,0,1,0,0000000,3,31,3,31,88,88,0,0,0,2,0
13,130417,1,1,0,0,0,3,3,197,0,20,5,2012,1,1,50,0,4,3,SR-137,,121,32.34339167,-84.48525556,0,42,0,0,1,1,0,5,2,1,0,1,0,0000000,1,53,2,4,3,15,0,0,0,1,1
13,130418,1,1,0,1,1,1,1,261,3140,20,5,2012,1,20,9,0,6,6,PARKER CROSSING,,21,31.993025,-84.11366667,0,8,0,0,1,1,0,1,1,1,0,1,0,0000000,88,88,88,88,88,88,0,0,0,1,1
13,130419,1,1,0,1,1,1,1,21,3390,21,5,2012,2,3,38,1,11,1,I-75/SR-401,,106,32.82142222,-83.65600556,0,8,0,0,1,1,0,1,2,1,0,1,0,0000000,3,38,3,50,88,88,0,0,0,1,0
13,130420,2,2,0,0,0,2,2,117,0,21,5,2012,2,15,48,0,6,4,CR-241,,99999,34.32517778,-84.24876111,0,12,8,0,1,1,0,1,1,1,0,1,0,0000000,88,88,88,88,88,88,0,0,0,1,0
13,130422,2,2,0,0,0,5,5,245,310,22,5,2012,3,8,26,0,13,3,SR-56,OLD SAVANNAH ROAD,142,33.42971667,-82.00629167,0,12,6,0,2,3,0,1,1,1,0,1,0,0000000,8,29,8,32,8,52,0,0,0,1,0
13,130423,2,2,0,0,0,1,1,255,2510,23,5,2012,4,11,30,0,14,3,SR-362,,40,33.22459444,-84.29930556,0,12,1,0,1,1,0,1,1,1,0,1,0,0000000,11,48,12,9,12,38,19,0,0,1,0
13,130424,3,3,0,0,0,4,4,89,0,24,5,2012,5,12,12,1,11,1,I-85/SR-402,,45,33.85318056,-84.29916389,0,12,7,0,1,1,0,1,1,1,0,1,0,0000000,88,88,88,88,88,88,0,0,0,1,0
13,130425,1,1,0,0,0,1,1,89,0,24,5,2012,5,19,24,0,13,4,CR-SOUTH HAIRSTON ROAD,,13,33.78018333,-84.19315556,0,53,0,0,1,1,0,5,1,1,0,1,0,0000000,19,24,19,24,20,6,0,0,0,1,0
13,130426,1,1,0,0,0,1,1,89,0,24,5,2012,5,23,17,0,16,2,US-78/SR-10(RAMP),,148,33.82237222,-84.13523611,0,1,0,0,5,1,0,1,2,1,0,1,0,0000000,23,18,23,27,23,56,20,0,0,1,0
13,130427,1,1,0,0,0,1,1,293,0,24,5,2012,5,21,0,0,6,4,CR-2,,13,32.97552222,-84.34143333,0,35,0,0,1,1,0,5,2,1,0,1,0,0000000,21,6,21,33,22,13,0,0,0,1,1
13,130428,2,2,0,0,0,6,6,215,1280,25,5,2012,6,18,3,0,14,6,DOUBLE CHURCHES ROAD,,10,32.55596667,-84.97965,0,12,2,0,1,1,0,1,1,1,0,1,0,0000000,18,4,18,4,18,39,0,0,0,3,1
13,130429,1,1,0,0,0,1,1,67,0,26,5,2012,7,1,27,0,16,4,CR-274100,ALLEN ROAD,10,33.79710556,-84.55789722,0,58,0,0,2,4,0,1,3,1,0,1,0,0000000,1,28,1,35,1,51,0,0,0,1,1
13,130430,1,1,0,0,0,3,3,69,0,26,5,2012,7,23,10,0,3,3,SR-135,,169,31.75176389,-82.68750833,0,59,0,0,1,1,0,4,2,1,0,1,0,0000000,23,15,23,22,23,53,0,0,0,1,0
13,130431,2,2,0,0,0,4,4,83,4685,26,5,2012,7,1,51,1,1,1,I-59/SR-406,,70,34.80163333,-85.55009167,0,12,1,0,1,1,0,1,2,1,0,1,0,0000000,1,57,2,5,3,31,0,0,0,1,0
13,130432,2,2,0,0,0,3,3,121,1900,26,5,2012,7,23,36,0,14,6,WASHINGTON ROAD,,34,33.64993056,-84.48980278,0,1,0,0,1,1,0,1,3,1,0,1,0,0000000,23,48,23,57,0,22,0,0,0,1,0
13,130433,1,1,0,0,0,1,1,175,3740,26,5,2012,7,23,26,0,3,3,SR-19,,356,32.59058333,-83.22751389,0,1,0,0,1,1,0,5,2,10,0,10,0,0000000,23,29,23,42,88,88,0,0,0,1,0
13,130434,2,2,0,0,0,3,3,241,3810,26,5,2012,7,9,46,1,2,3,SR-15,PAGE STREET,146,34.91951111,-83.38550278,0,12,6,0,2,2,0,1,1,10,0,10,0,0000000,10,5,10,30,10,39,0,0,0,1,0
13,130435,1,1,0,0,0,3,3,153,5790,27,5,2012,1,17,8,0,15,6,IGNICO DRIVE,,6,32.63435278,-83.60445278,0,10,0,0,6,1,0,1,1,1,0,1,0,729216Y,17,8,17,10,99,99,0,0,0,2,0
13,130436,1,1,0,0,0,1,1,215,1280,27,5,2012,1,23,50,1,12,3,SR-22,,8,32.51096944,-84.99173333,0,24,0,1,5,1,0,4,2,1,0,1,0,0000000,23,50,23,50,88,88,0,0,0,1,0
13,130437,2,2,0,0,0,3,3,67,0,28,5,2012,2,23,2,0,14,4,CR-288600,BELLS FERRY ROAD,0,34.01379167,-84.54841389,0,12,6,0,2,2,0,1,2,1,0,1,0,0000000,23,2,23,8,99,99,0,0,0,1,1
13,130438,1,1,0,0,0,1,1,219,0,28,5,2012,2,7,26,0,13,3,SR-8,,7,33.94683056,-83.54589167,0,42,0,0,1,1,0,5,1,1,0,1,0,0000000,88,88,88,88,88,88,0,0,0,1,0
13,130439,1,1,0,0,0,1,1,309,0,28,5,2012,2,10,6,0,6,4,CR-94,,41,32.00968333,-82.64828889,0,42,0,0,1,1,0,5,1,10,0,10,0,0000000,88,88,88,88,88,88,0,0,0,1,0
13,130440,1,1,0,0,0,1,1,13,0,29,5,2012,3,13,30,0,6,4,CR-144,,80,33.95139167,-83.69816111,0,1,0,0,1,1,0,5,1,1,0,1,0,0000000,88,88,88,88,88,88,0,0,0,1,0
13,130441,1,1,0,0,0,1,1,57,920,29,5,2012,3,15,1,0,14,6,EAST MAIN STREET,,19,34.23564444,-84.47065,0,1,0,0,1,1,0,5,1,10,0,10,0,0000000,15,1,15,27,15,30,0,0,0,1,1
13,130442,2,2,0,0,0,5,5,151,5210,29,5,2012,3,12,21,1,13,6,N. HENRY BLVD,FLIPPEN ROAD,212,33.54501667,-84.24476944,0,12,6,0,2,2,0,1,1,10,0,10,0,0000000,12,21,12,21,12,59,0,0,0,1,0
13,130443,1,1,0,0,0,3,3,197,790,30,5,2012,4,9,30,1,3,3,SR-26,,77,32.31829722,-84.531075,0,72,0,0,1,1,0,1,1,1,0,1,0,0000000,9,27,9,31,10,8,0,0,0,1,0
13,130444,1,1,0,1,1,1,1,15,0,31,5,2012,5,22,50,0,3,4,CR-63,,43,34.27313333,-84.8104,0,8,0,0,1,1,0,1,2,10,0,10,0,0000000,99,99,99,99,99,99,0,0,0,1,0
13,130445,2,2,0,0,0,3,3,137,0,31,5,2012,5,11,47,1,2,3,SR-419,MOUNT ZION ROAD,13,34.45861667,-83.60829722,0,12,6,0,2,2,0,1,1,10,0,10,0,0000000,11,37,11,49,13,13,0,0,0,1,0
13,130446,1,1,0,0,0,1,1,115,4760,1,6,2012,6,8,40,0,14,4,CR-652 / WALKER MOUNTAIN RD,,10,34.19639722,-85.20943611,0,34,0,0,1,1,0,4,1,2,0,2,0,0000000,8,40,8,40,9,36,0,0,0,1,0
13,130447,2,2,0,0,0,2,2,117,0,1,6,2012,6,0,11,0,15,4,CR-49 / OLD ALPHARETTA RD,,2,34.10018333,-84.20945278,0,12,2,0,1,1,0,1,2,10,0,10,0,0000000,0,12,0,25,88,88,0,0,0,2,0
13,130448,2,2,0,0,0,6,6,123,2000,1,6,2012,6,23,0,1,2,2,US-76 / SR-282,,73,34.7094,-84.54934722,0,12,2,0,1,1,0,1,2,1,0,1,0,0000000,99,99,99,99,99,99,0,0,0,1,1
13,130449,1,1,0,0,0,1,1,99,0,2,6,2012,7,20,0,0,4,3,SR-39,,34,31.16558889,-84.94240556,0,32,0,0,1,1,0,4,1,1,0,1,0,0000000,88,88,88,88,88,88,0,0,0,1,1
13,130450,1,1,0,0,0,1,1,57,0,3,6,2012,1,9,25,0,16,3,SR-205 / BELLS FERRY RD,,99999,34.14105,-84.58696389,0,35,0,0,1,1,0,4,1,1,0,1,0,0000000,9,24,9,24,9,57,0,0,0,1,0
13,130451,1,1,0,0,0,5,5,89,5220,3,6,2012,1,22,20,1,12,2,US-78 / STONE MTN FREEWAY,,147,33.82248889,-84.13572222,0,42,0,0,1,1,0,4,2,1,0,1,0,0000000,22,35,22,35,23,40,0,0,0,1,1
13,130452,1,1,0,1,1,1,1,245,310,3,6,2012,1,1,14,0,13,3,SR-28,,102,33.51115,-82.03670278,0,8,0,0,1,1,0,1,3,1,0,1,0,0000000,88,88,88,88,88,88,0,0,0,1,0
13,130453,1,1,0,0,0,1,1,121,280,4,6,2012,2,18,22,0,16,6,JONES RD,,6,33.77720278,-84.49198333,0,33,0,0,1,1,0,4,1,1,0,1,0,0000000,88,88,88,88,88,88,0,0,0,1,1
13,130454,1,1,0,0,0,1,1,211,0,4,6,2012,2,2,9,1,1,1,I-20,,148,33.55438333,-83.41715,0,59,0,0,1,1,0,4,2,1,0,1,0,0000000,88,88,88,88,88,88,0,0,0,1,0
13,130455,2,2,0,0,0,3,3,3,4280,5,6,2012,3,22,5,1,2,2,US-82 / SR-520,US-221 / SR-31,155,31.29771944,-82.85261667,0,12,6,0,2,2,0,1,3,10,0,10,0,0000000,99,99,99,99,99,99,0,0,0,1,0
13,130456,2,2,0,0,0,4,4,15,0,5,6,2012,3,13,50,0,16,4,CR-379 / KINGS CAMP RD,ALLATOONA WOODS TRAIL,6,34.11528056,-84.68768611,0,12,1,0,2,3,0,1,1,1,0,1,0,0000000,13,41,99,99,14,49,0,0,0,1,1
13,130457,1,1,0,0,0,1,1,137,0,5,6,2012,3,19,42,1,2,2,US-441 / SR-15,,166,34.66845833,-83.43196944,0,24,0,0,1,1,0,4,1,10,0,10,0,0000000,19,46,19,59,20,28,0,0,0,1,0
13,130458,1,1,0,0,0,1,1,153,0,5,6,2012,3,10,59,0,16,4,CR-177 / WOODARD RD,,11,32.52424722,-83.61612222,0,1,0,0,1,1,0,1,1,10,0,10,0,0000000,11,1,11,12,11,47,0,0,0,1,0
13,130460,2,2,0,0,0,2,2,115,4760,6,6,2012,4,17,14,0,14,3,SR-101 / DEAN AVE,E 17TH STREET,101,34.23246111,-85.15971389,0,12,8,0,3,3,0,11,1,1,0,1,0,0000000,17,14,17,14,17,58,0,0,0,1,0
13,130461,3,3,0,0,0,3,3,15,30,7,6,2012,5,15,24,0,3,3,SR-140,,8,34.37213333,-84.99165278,0,12,6,0,8,1,0,1,1,1,0,1,0,0000000,99,99,99,99,99,99,14,0,0,1,0
13,130462,2,2,0,0,0,2,2,121,0,7,6,2012,5,15,46,0,14,4,CR-4176 / CASCADE RD,WILSON MILL RD,20,33.73568611,-84.53598611,0,12,2,0,3,3,1,1,1,10,0,10,0,0000000,99,99,99,99,99,99,0,0,0,1,0