STATE,ST_CASE,VE_TOTAL,VE_FORMS,PVH_INVL,PEDS,PERNOTMVIT,PERMVIT,PERSONS,COUNTY,CITY,DAY,MONTH,YEAR,DAY_WEEK,HOUR,MINUTE,NHS,ROAD_FNC,ROUTE,TWAY_ID,TWAY_ID2,MILEPT,LATITUDE,LONGITUD,SP_JUR,HARM_EV,MAN_COLL,RELJCT1,RELJCT2,TYP_INT,WRK_ZONE,REL_ROAD,LGT_COND,WEATHER1,WEATHER2,WEATHER,SCH_BUS,RAIL,NOT_HOUR,NOT_MIN,ARR_HOUR,ARR_MIN,HOSP_HR,HOSP_MN,CF1,CF2,CF3,FATALS,DRUNK_DR
13,130463,2,2,0,0,0,5,5,139,0,7,6,2012,5,13,29,1,2,2,US-23 / SR-365,JAEMORE FARM RD,275,34.4217,-83.651675,0,12,6,0,2,9,0,1,1,1,0,1,0,0000000,13,23,13,37,14,16,0,0,0,1,0
13,130464,1,1,0,0,0,1,1,201,0,7,6,2012,5,21,30,0,4,4,CR-193 / PHILLIPSBURG RD,,48,31.22821944,-84.68556944,0,42,0,0,1,1,0,4,2,1,0,1,0,0000000,88,88,88,88,88,88,0,0,0,1,0
13,130465,1,1,0,0,0,1,1,15,0,8,6,2012,6,20,51,0,6,4,CR-178 / SHOTGUN RD,,26,34.27086111,-84.84131111,0,35,0,0,1,1,0,4,5,10,0,10,0,0000000,88,88,88,88,88,88,0,0,0,1,0
13,130466,1,1,0,1,1,1,1,65,2800,8,6,2012,6,21,30,0,6,6,BATTLE ST,REDDICK ST,1,31.03221667,-82.75340833,0,8,0,0,3,3,0,1,2,10,0,10,0,0000000,21,32,21,36,21,45,0,0,0,1,0
13,130467,1,1,0,0,0,1,1,175,0,8,6,2012,6,22,53,1,1,1,I-16,,119,32.50549722,-83.02535833,0,42,0,0,1,1,0,4,2,1,0,1,0,0000000,22,53,22,59,23,26,0,0,0,1,1
13,130468,1,1,0,0,0,1,1,179,0,8,6,2012,6,6,15,1,1,1,I-95,,102,31.79156944,-81.37485833,0,35,0,0,1,1,0,4,1,1,0,1,0,0000000,99,99,99,99,99,99,0,0,0,1,0
13,130469,1,1,0,0,0,3,3,57,0,9,6,2012,7,6,20,1,2,3,SR-20,,31,34.21461111,-84.59827778,0,42,0,0,1,1,0,4,4,1,0,1,0,0000000,6,30,6,40,6,54,0,0,0,1,0
13,130470,2,2,0,0,0,9,9,285,0,9,6,2012,7,13,43,1,2,2,US-27 / SR-1,OLD CHIPLEY RD,48,32.92429167,-84.90604167,0,12,6,0,2,2,0,1,1,10,0,10,0,0000000,99,99,99,99,99,99,0,0,0,2,0
13,130471,1,1,0,0,0,1,1,223,0,10,6,2012,1,3,18,0,6,4,CR-150 / WOODROW KAY RD,,15,33.89416389,-85.01912778,0,32,0,0,1,1,0,4,2,2,0,2,0,0000000,88,88,88,88,88,88,0,0,0,1,1
13,130472,1,1,0,0,0,1,1,255,0,10,6,2012,1,22,15,0,6,4,CR-187 / CHEATHAM RD,W MCINTOSH RD,4,33.27003333,-84.33838056,0,42,0,0,3,2,0,4,2,10,0,10,0,0000000,99,99,99,99,99,99,0,0,0,1,0
13,130473,1,1,0,0,0,1,1,39,0,11,6,2012,2,16,19,1,11,1,I-95,,10,30.76083333,-81.65260556,0,1,0,0,1,1,0,4,1,10,0,10,0,0000000,88,88,88,88,88,88,0,0,0,1,0
13,130474,2,2,0,0,0,2,2,81,0,11,6,2012,2,19,22,1,2,2,US-280 / SR-30,DOROUGH RD,156,31.95714167,-83.679375,0,12,2,0,2,2,0,1,1,10,0,10,0,0000000,19,39,19,46,20,26,0,0,0,1,0
13,130475,1,1,0,0,0,2,2,95,0,11,6,2012,2,18,43,0,6,4,CR-12 / HARDUP RD,,48,31.50240833,-84.21003611,0,42,0,0,1,1,0,4,5,10,0,10,0,0000000,18,45,18,52,19,31,0,0,0,1,1
13,130476,2,2,0,0,0,2,2,151,0,11,6,2012,2,12,56,0,3,3,SR-42,,60,33.37304444,-84.12490278,0,12,11,0,1,1,0,1,1,10,0,10,0,0000000,88,88,88,88,88,88,0,0,0,1,0
13,130477,1,1,0,0,0,1,1,89,0,12,6,2012,3,13,0,0,14,4,CR-515 / PANOLA RD,CEDAR ROCK DR,23,33.68473333,-84.17562778,0,33,0,0,1,1,0,4,1,1,0,1,0,0000000,13,1,13,1,13,27,0,0,0,1,0
13,130478,1,1,0,0,0,1,1,113,0,12,6,2012,3,12,55,0,3,3,SR-92,OLD FARM RD,40,33.36286944,-84.41286111,0,30,0,0,1,1,0,4,1,1,0,1,0,0000000,12,55,13,3,13,46,0,0,0,1,0
13,130479,1,1,0,0,0,2,2,15,980,13,6,2012,4,18,32,1,11,1,I-75,,119,34.19430278,-84.7642,0,24,0,0,1,1,0,4,1,1,0,1,0,0000000,18,49,18,58,99,99,0,0,0,1,0
13,130480,2,2,0,0,0,2,2,129,0,13,6,2012,4,17,13,0,3,3,SR-225,NEWTOWN CHURCH RD,17,34.54261944,-84.91507222,0,12,6,0,2,2,0,1,1,1,0,1,0,0000000,88,88,88,88,88,88,0,0,0,1,1
13,130481,1,1,0,0,0,1,1,223,0,13,6,2012,4,21,13,0,16,4,CR-260 / MARSHALL FULLER RD,,26,33.84054167,-84.86693611,0,42,0,0,1,1,0,4,2,1,0,1,0,0000000,99,99,99,99,99,99,0,0,0,1,0
13,130482,3,3,0,0,0,4,4,275,5460,13,6,2012,4,14,53,1,2,2,US-319 / SR-35,,151,30.88582778,-83.93167222,0,12,6,0,8,1,0,1,1,10,0,10,0,0000000,15,0,15,4,15,26,14,0,0,1,0
13,130483,1,1,0,0,0,1,1,193,4150,14,6,2012,5,7,18,0,6,4,CR-15 / CLIFTON BRADLEY DR,,63,32.28884167,-84.05772778,0,42,0,0,1,1,0,4,1,1,0,1,0,0000000,99,99,99,99,99,99,0,0,0,1,0
13,130484,2,2,0,0,0,2,2,51,4910,15,6,2012,6,2,11,1,11,1,I-95,,42,32.03471944,-81.26571944,0,12,2,0,1,1,0,1,2,1,0,1,0,0000000,99,99,99,99,99,99,0,0,0,1,1
13,130485,2,2,0,0,0,3,3,121,280,15,6,2012,6,16,11,0,15,6,CONTINENTAL COLONY PKWY,GREENBRIAR PKWY,15,33.68631111,-84.49129444,0,12,6,0,2,3,0,1,1,1,0,1,0,0000000,16,11,16,19,16,36,0,0,0,1,0
13,130486,1,1,0,0,0,2,2,215,1280,15,6,2012,6,23,13,0,15,4,CR-40 / COUNTY LINE RD,,34,32.57917222,-84.76635556,0,35,0,0,1,1,0,4,2,1,0,1,0,0000000,23,13,23,13,23,55,0,0,0,1,1
13,130487,1,1,0,0,0,1,1,63,0,16,6,2012,7,10,49,1,11,1,I-75 RAMP,,59,33.58598611,-84.37768056,0,42,0,1,5,1,0,4,1,1,0,1,0,0000000,10,49,10,49,11,58,0,0,0,1,0
13,130488,2,2,0,0,0,2,2,135,3990,16,6,2012,7,15,17,0,14,3,SR-378 / BEAVER RUIN RD,INDIAN TRAIL LILBURN RD,17,33.93269722,-84.17838611,0,12,6,0,2,2,0,1,1,10,0,10,0,0000000,15,19,15,25,16,25,0,0,0,1,0
13,130489,1,1,0,0,0,1,1,139,0,16,6,2012,7,19,38,0,4,3,SR-323,,39,34.28746389,-83.70806111,0,42,0,0,1,1,0,4,1,1,0,1,0,0000000,88,88,88,88,88,88,0,0,0,1,1
13,130490,1,1,0,0,0,1,1,199,0,16,6,2012,7,4,0,0,4,3,SR-109 SP,,55,33.06567778,-84.623225,0,42,0,0,1,1,0,4,2,1,0,1,0,0000000,99,99,99,99,99,99,0,0,0,1,0
13,130491,2,2,0,0,0,4,4,223,0,16,6,2012,7,0,12,1,13,2,US-278 / SR-6,POPLAR SPRINGS RD,162,33.88428333,-84.73217778,0,12,6,0,2,2,0,1,2,1,0,1,0,0000000,99,99,99,99,99,99,0,0,0,1,0
13,130492,1,1,0,0,0,1,1,261,0,16,6,2012,7,16,36,0,4,4,CR-311 / LAMAR RD,,115,32.00816111,-83.98718611,0,34,0,0,1,1,0,4,1,1,0,1,0,0000000,88,88,88,88,88,88,0,0,0,1,1
13,130493,1,1,0,1,1,2,2,89,0,17,6,2012,1,1,50,0,13,3,SR-13,BRAMBLEWOOD RD,13,33.83998333,-84.33198611,0,8,0,0,3,9,0,1,2,1,0,1,0,0000000,2,7,2,12,88,88,0,0,0,1,0
13,130494,3,3,0,0,0,3,3,89,0,17,6,2012,1,1,52,1,11,1,I-285,,256,33.66789444,-84.3406,0,12,2,0,1,1,0,1,2,1,0,1,0,0000000,1,52,2,10,2,30,0,0,0,1,1
13,130495,1,1,0,0,0,1,1,237,0,25,5,2012,6,22,34,0,6,4,CR-89 / PARKS RD,,1,33.28523611,-83.36754167,0,42,0,0,1,1,0,4,2,1,0,1,0,0000000,22,34,22,45,88,88,0,0,0,1,0
13,130496,2,2,0,0,0,4,4,237,0,23,6,2012,7,12,48,0,3,3,SR-44,WESLEY CHAPEL RD,151,33.36360833,-83.33795556,0,12,2,0,2,3,0,1,1,1,0,1,0,0000000,12,48,12,48,14,0,0,0,0,1,0
13,130497,1,1,0,0,0,1,1,89,1750,22,6,2012,6,6,13,0,12,3,SR-141,I-285,55,33.91469722,-84.28483333,0,33,0,1,5,1,0,4,2,1,0,1,0,0000000,6,13,6,21,88,88,0,0,0,1,1
13,130498,2,2,0,0,0,2,2,121,280,2,4,2012,2,5,35,0,16,6,RAWSON STREET,PRYOR STREET,2,33.74453333,-84.39444722,0,12,6,0,2,2,0,1,3,1,0,1,0,0000000,5,43,5,45,5,59,0,0,0,1,0
13,130499,2,2,0,0,0,5,5,63,0,15,4,2012,1,22,40,1,13,3,SR-3,ROBERT E LEE PARKWAY,71,33.5224,-84.36366944,0,12,6,0,2,2,0,1,3,1,0,1,0,0000000,22,40,22,40,23,8,0,0,0,1,0
13,130500,2,2,0,0,0,6,6,135,3100,4,6,2012,2,14,5,1,13,3,SR-124,SR-20,135,33.91745833,-83.99991389,0,12,6,0,2,2,0,1,1,1,0,1,0,0000000,14,5,14,8,14,37,0,0,0,1,0
13,130501,2,2,0,0,0,3,3,85,1590,16,6,2012,7,16,17,0,2,3,SR-53,,176,34.33470556,-84.01934722,0,12,2,0,1,1,0,1,1,1,0,1,0,0000000,99,99,99,99,99,99,0,0,0,1,0
13,130502,1,1,0,0,0,3,3,207,0,17,6,2012,1,2,48,1,1,1,I-75/SR-401,,115,33.02581667,-83.90534444,0,5,0,0,1,1,0,1,6,98,0,98,0,0000000,99,99,99,99,99,99,0,0,0,1,0
13,130503,2,2,0,0,0,4,4,245,310,17,6,2012,1,2,25,0,13,6,WINDSOR SPRING ROAD,NORDAHL DRIVE,28,99.99990000,999.99990000,0,12,6,0,8,1,0,1,3,1,0,1,0,0000000,88,88,88,88,88,88,0,0,0,1,1
13,130504,1,1,0,0,0,2,2,283,0,17,6,2012,1,10,15,1,1,1,I-16/SR-404,,32,32.43459722,-82.63568333,0,1,0,0,1,1,0,1,1,1,0,1,0,0000000,10,18,10,24,11,8,0,0,0,1,1
13,130505,1,1,0,0,0,5,5,65,0,18,6,2012,2,16,32,1,2,3,SR-89,,387,31.11279167,-82.83491944,0,1,0,0,1,1,0,4,1,1,0,1,0,0000000,99,99,99,99,99,99,0,0,0,1,0
13,130506,1,1,0,0,0,1,1,21,3390,19,6,2012,3,20,21,0,15,6,N. MUMFORD ROAD,,14,32.84829167,-83.70647222,0,42,0,0,1,1,0,5,1,1,0,1,0,0000000,20,16,20,28,20,55,0,0,0,1,1
13,130507,2,2,0,0,0,2,2,63,0,19,6,2012,3,23,30,0,13,3,SR-85,,56,33.59919167,-84.40611944,0,12,6,0,8,1,0,1,2,1,0,1,0,0000000,88,88,88,88,88,88,0,0,0,1,0
13,130508,1,1,0,1,1,1,1,73,0,19,6,2012,3,16,0,0,4,4,CR-HEREFORD FARM ROAD,,6,33.51753611,-82.20236944,0,8,0,0,1,1,0,1,1,1,0,1,0,0000000,16,2,16,6,16,34,0,0,0,1,0
13,130509,5,4,1,0,0,6,6,129,0,20,6,2012,4,0,15,1,1,1,I-75/SR-401,,17,34.43426944,-84.92004444,0,7,0,0,1,1,0,1,2,1,0,1,0,0000000,0,15,0,25,99,99,0,0,0,1,1
13,130510,1,1,0,0,0,1,1,151,0,20,6,2012,4,15,56,0,13,3,SR-155,,237,33.64513611,-84.18713611,0,24,0,0,1,1,0,5,1,1,0,1,0,0000000,88,88,88,88,88,88,0,0,0,1,0
13,130511,1,1,0,1,1,1,1,195,1290,20,6,2012,4,8,16,1,2,3,SR-72,,90,34.061875,-83.15449722,0,8,0,0,1,1,0,1,1,1,0,1,0,0000000,8,17,8,23,8,53,0,0,0,1,0
13,130512,2,2,0,0,0,3,3,247,1320,20,6,2012,4,17,12,0,14,3,SR-138,LAKEFIELD DRIVE,128,33.63813056,-84.01437222,0,12,6,0,2,2,0,1,1,1,0,1,0,0000000,17,15,17,18,17,40,0,0,0,1,0
13,130513,4,2,2,0,0,5,5,45,970,21,6,2012,5,1,10,0,15,6,KINGSBRIDGE ROAD,,33,33.59632222,-85.08814444,0,34,0,0,1,1,0,6,2,1,0,1,0,0000000,1,10,1,16,2,24,0,0,0,1,1
13,130514,1,1,0,0,0,1,1,89,0,21,6,2012,5,16,50,1,11,1,I-20/SR-402,,85,33.71176111,-84.21733889,0,24,0,0,1,1,0,5,1,1,0,1,0,0000000,88,88,88,88,88,88,0,0,0,1,0
13,130515,1,1,0,0,0,1,1,139,0,21,6,2012,5,2,0,0,14,3,SR-60,,57,34.24165,-83.79993333,0,35,0,0,1,1,0,5,2,1,0,1,0,0000000,11,35,11,53,12,27,0,0,0,1,0
13,130516,2,2,0,0,0,3,3,163,0,21,6,2012,5,10,54,0,6,4,CR-325,CATFISH LANE,99999,33.08671667,-82.486625,0,12,6,0,2,3,0,1,1,1,0,1,0,0000000,99,99,99,99,99,99,0,0,0,1,0
13,130517,2,2,0,0,0,8,8,223,0,21,6,2012,5,16,52,0,14,3,SR-61,,80,33.88821944,-84.83716389,0,12,2,0,1,1,0,1,1,1,0,1,0,0000000,16,50,16,53,17,32,0,0,0,1,0
13,130518,2,2,0,0,0,2,2,89,0,22,6,2012,6,5,54,0,14,3,SR-8,HEBRON HILLS DRIVE,85,33.84052778,-84.23455833,0,12,2,0,2,3,0,1,2,1,0,1,0,0000000,5,54,5,54,88,88,0,0,0,1,0
13,130519,4,4,0,0,0,6,6,135,0,22,6,2012,6,13,24,1,12,3,SR-316,,19,33.96181111,-84.07358889,0,52,0,0,1,1,0,4,1,1,0,1,0,0000000,13,24,13,31,13,52,0,0,0,1,0
13,130520,1,1,0,0,0,1,1,263,0,22,6,2012,6,2,15,0,3,3,SR-41,,243,32.83333056,-84.6197,0,32,0,0,1,1,0,5,2,1,0,1,0,0000000,2,9,2,29,3,35,0,0,0,1,0
13,130521,1,1,0,0,0,2,2,289,0,22,6,2012,6,16,21,0,4,3,SR-18,,26,32.70236111,-83.34969167,0,1,0,0,1,1,0,5,1,1,0,1,0,0000000,16,13,16,43,17,32,0,0,0,1,0
13,130522,1,1,0,0,0,1,1,67,5070,23,6,2012,7,4,11,0,15,6,ATLANTA ROAD,HAWTHORNE AVENUE,63,33.89057778,-84.51744167,0,59,0,0,3,2,0,4,3,1,0,1,0,0000000,88,88,88,88,88,88,0,0,0,1,0
13,130523,1,1,0,0,0,2,2,185,0,23,6,2012,7,14,27,0,6,4,CR-CYPRESS LAKE TRAIL,,6,30.65956111,-83.25477778,0,5,0,0,1,1,0,1,1,10,0,10,0,0000000,14,23,14,30,15,2,0,0,0,1,0
13,130524,1,1,0,0,0,2,2,235,2620,24,6,2012,1,2,3,0,4,3,SR-247,SR-11,0,32.30389722,-83.49909167,0,35,0,0,2,3,0,5,2,1,0,1,0,0000000,99,99,99,99,99,99,0,0,0,1,1
13,130525,1,1,0,0,0,2,2,89,0,24,6,2012,1,1,24,1,13,3,SR-124,PLEASANT HILL ROAD,26,33.73516111,-84.08831389,0,30,0,0,3,2,0,5,2,1,0,1,0,0000000,1,27,1,27,2,28,0,0,0,2,0
13,130526,1,1,0,0,0,1,1,117,0,24,6,2012,1,17,58,0,6,4,CR-HUBERT MARTIN ROAD,POPULAR WOODS DRIVE,3,34.29575,-84.11826111,0,42,0,0,2,4,0,5,1,1,0,1,0,0000000,18,1,18,6,88,88,0,0,0,1,1
13,130527,1,1,0,0,0,1,1,165,0,24,6,2012,1,1,20,0,6,3,SR-17BY,,18,32.79211944,-81.94053611,0,53,0,0,1,1,0,5,2,1,0,1,0,0000000,1,31,1,39,2,34,0,0,0,1,1
13,130528,1,1,0,0,0,1,1,259,0,24,6,2012,1,12,27,1,2,3,SR-520,,39,32.178025,-84.70398611,0,35,0,0,1,1,0,5,1,10,0,10,0,0000000,12,27,12,39,13,5,0,0,0,1,0
13,130529,2,2,0,0,0,2,2,121,280,25,6,2012,2,17,10,0,14,3,SR-139,,112,33.74811389,-84.44244444,0,12,2,0,1,1,0,1,1,1,0,1,0,0000000,17,12,17,20,17,45,0,0,0,1,0
13,130530,2,2,0,0,0,2,2,135,3100,25,6,2012,2,4,47,0,16,6,OLD NORCROSS ROAAD,HILLANDALE ROAD,54,33.95411944,-84.03210278,0,12,2,0,2,2,0,1,2,1,0,1,0,0000000,88,88,88,88,88,88,0,0,0,2,0
13,130531,2,2,0,0,0,4,4,89,0,25,6,2012,2,4,50,0,14,3,SR-12,,99999,99.99990000,999.99990000,0,12,2,0,1,1,0,1,2,1,0,1,0,0000000,4,55,5,0,6,0,0,0,0,1,0
13,130532,1,1,0,1,1,1,1,121,0,26,6,2012,3,20,0,0,14,3,SR-154,,202,33.70187222,-84.56500556,0,8,0,0,1,1,1,1,1,1,0,1,0,0000000,20,1,20,14,20,37,0,0,0,1,0
13,130533,2,2,0,0,0,3,3,137,0,26,6,2012,3,16,29,0,3,3,SR-17,ANTIOCH CHURCH ROAD,12,34.60805278,-83.47704444,0,12,6,0,2,4,0,1,1,10,0,10,0,0000000,16,32,16,36,16,57,0,0,0,2,0
13,130534,2,2,0,0,0,3,3,255,0,26,6,2012,3,12,53,0,4,4,CR-060600,N. WALKERS MILL ROAD,8,33.28968611,-84.17534444,0,12,6,0,2,2,0,1,1,1,0,1,0,0000000,99,99,99,99,99,99,0,0,0,1,0
13,130535,2,2,0,0,0,2,2,161,0,26,6,2012,3,16,5,0,6,4,CR-LEON A. WILDES ROAD,W.E. COURSON ROAD,99999,31.85970833,-82.4994,0,12,6,0,2,2,0,1,1,10,0,10,0,0000000,16,6,16,12,16,40,0,0,0,1,0
13,130536,1,1,0,0,0,1,1,121,280,27,6,2012,4,1,59,0,15,6,PEACHTREE STREET,,5,33.753625,-84.39041944,0,18,0,0,1,1,0,5,3,1,0,1,0,0000000,1,59,2,7,2,29,0,0,0,1,0
13,130537,1,1,0,0,0,4,4,129,0,27,6,2012,4,11,40,0,6,4,CR-145,,10,34.58646944,-84.9793,0,53,0,0,1,1,0,5,1,1,0,1,0,0000000,11,42,11,53,99,99,0,0,0,1,0
13,130538,1,1,0,0,0,1,1,189,0,27,6,2012,4,13,17,0,6,4,CR-030700,,42,33.62362222,-82.45023333,0,42,0,0,1,1,0,5,1,1,0,1,0,0000000,13,32,13,59,14,10,0,0,0,1,0
13,130539,1,1,0,0,0,1,1,51,4910,28,6,2012,5,3,19,1,11,1,I-16/SR-404,,151,32.07289722,-81.15193889,0,24,0,0,1,1,0,5,2,1,0,1,0,0000000,3,39,3,50,88,88,0,0,0,1,0
13,130540,3,1,2,3,3,1,1,245,310,28,6,2012,5,13,19,1,11,1,I-520/SR-415,,99999,99.99990000,999.99990000,0,14,0,0,1,1,0,2,1,1,0,1,0,0000000,13,21,13,28,13,53,23,0,0,2,0
13,130541,1,1,0,1,1,1,1,57,0,29,6,2012,6,21,30,1,13,3,SR-92,,49,34.08813333,-84.58845833,0,8,0,0,1,1,0,1,2,1,0,1,0,0000000,21,30,21,35,88,88,0,0,0,1,0
13,130542,1,1,0,0,0,2,2,89,0,29,6,2012,6,13,44,1,11,1,I-285/SR-407,,175,33.73568611,-84.23080556,0,42,0,0,1,1,0,5,1,1,0,1,0,0000000,13,44,14,2,14,31,0,0,0,1,0
13,130543,2,2,0,0,0,5,5,139,0,29,6,2012,6,7,40,0,13,3,SR-60,,161,34.37244167,-83.87106111,0,12,6,0,8,1,0,1,1,1,0,1,0,0000000,7,44,8,2,8,24,0,0,0,1,0
13,130544,1,1,0,0,0,1,1,295,0,29,6,2012,6,13,30,0,4,3,SR-157,,99999,34.66799444,-85.47194444,0,42,0,0,1,1,0,5,1,1,0,1,0,0000000,99,99,99,99,99,99,0,0,0,1,1
13,130545,1,1,0,0,0,1,1,297,0,29,6,2012,6,6,40,0,3,3,SR-10,,70,33.80943333,-83.796875,0,34,0,0,1,1,0,5,1,1,0,1,0,0000000,88,88,88,88,88,88,0,0,0,1,0
13,130546,1,1,0,0,0,3,3,45,0,30,6,2012,7,21,10,0,5,4,CR-RAINEY ROAD,,18,33.75950278,-85.01694167,0,32,0,0,1,1,0,5,2,1,0,1,0,0000000,21,14,21,21,22,45,0,0,0,1,1
13,130547,2,2,0,1,1,2,2,89,1610,30,6,2012,7,1,40,1,11,1,I-285/SR-407,,224,33.69283611,-84.29336667,0,8,0,0,1,1,0,1,2,1,0,1,0,0000000,1,40,1,48,88,88,0,0,0,1,0
13,130548,2,2,0,0,0,2,2,71,1730,1,7,2012,1,3,0,0,3,3,SR-133,,243,31.27222222,-83.8709,0,12,6,0,1,1,0,1,2,1,0,1,0,0000000,3,11,3,26,99,99,0,0,0,1,0
13,130549,2,2,0,0,0,3,3,97,0,1,7,2012,1,15,55,0,3,3,SR-61,,12,33.775475,-84.89875278,0,12,2,0,1,1,0,1,1,1,0,1,0,0000000,99,99,99,99,99,99,0,0,0,1,1
13,130550,2,2,0,0,0,4,4,135,0,1,7,2012,1,21,40,0,16,4,CR-338 / LAKEVIEW RD,GRAYSTONE PKWY,0,33.8848,-83.97760556,0,12,6,0,2,2,0,1,2,10,0,10,0,0000000,21,42,21,47,22,19,0,0,0,1,1
13,130551,1,1,0,0,0,1,1,147,0,1,7,2012,1,14,0,1,2,3,SR-17,,117,34.36706111,-83.08859167,0,42,0,0,1,1,0,4,1,1,0,1,0,0000000,88,88,88,88,88,88,0,0,0,1,0
13,130552,1,1,0,0,0,1,1,245,310,1,7,2012,1,2,28,1,11,1,I-520,,50,33.42901667,-82.06451111,0,38,0,0,1,1,0,4,2,1,0,1,0,0000000,88,88,88,88,88,88,0,0,0,1,0
13,130553,1,1,0,0,0,6,6,303,0,1,7,2012,1,2,42,0,3,3,SR-242,,500,32.96275833,-82.78558889,0,34,0,0,1,1,0,4,2,1,0,1,0,0000000,2,42,2,59,3,15,0,0,0,1,0
13,130554,1,1,0,0,0,1,1,71,0,3,7,2012,3,3,31,0,5,4,CR-489 / FRED WEBB RD,,0,31.12696389,-83.83786111,0,53,0,0,1,1,0,4,2,1,0,1,0,0000000,88,88,88,88,88,88,0,0,0,1,1
13,130555,2,2,0,0,0,2,2,97,1770,3,7,2012,3,8,46,0,14,2,US-78 / SR-5,,201,33.78796389,-84.69803889,0,12,2,0,1,1,0,1,1,1,0,1,0,0000000,8,49,9,16,9,52,0,0,0,1,0
13,130556,1,1,0,0,0,2,2,135,9997,3,7,2012,3,0,32,0,15,4,CR-66 / SYCAMORE RD,,31,34.11744167,-84.04393889,0,42,0,0,1,1,0,4,2,1,0,1,0,0000000,88,88,88,88,88,88,0,0,0,2,1
13,130557,1,1,0,0,0,1,1,243,0,4,7,2012,4,21,12,0,4,3,SR-266,,13,31.66638056,-84.9269,0,34,0,0,1,1,0,4,2,1,0,1,0,0000000,21,23,21,37,22,18,0,0,0,1,0
13,130558,1,1,0,0,0,1,1,121,0,5,7,2012,5,2,17,0,14,3,SR-70,,164,33.67025,-84.63662222,0,42,0,0,1,1,1,4,2,1,0,1,0,0000000,88,88,88,88,88,88,0,0,0,1,1
13,130559,1,1,0,1,1,1,1,121,0,5,7,2012,5,5,29,0,4,3,SR-154 / CAMPBELLTON RD,,42,33.69290833,-84.62448333,0,8,0,0,1,1,1,1,2,1,0,1,0,0000000,5,30,5,39,99,99,0,0,0,1,0
13,130560,2,2,0,0,0,2,2,103,0,6,7,2012,6,7,38,0,4,4,CR-310 / OLD RIVER RD,STONEGATE DR,36,32.15531944,-81.38748611,0,12,6,0,3,2,0,1,1,1,0,1,0,0000000,88,88,88,88,88,88,0,0,0,1,0
13,130561,1,1,0,0,0,2,2,135,3100,6,7,2012,6,12,33,0,16,4,CR-335 / WEBB GIN HOUSE RD,,10,33.90690278,-83.98808333,0,33,0,0,1,1,0,4,1,1,0,1,0,0000000,12,42,12,49,13,20,0,0,0,1,1
13,130562,2,2,0,0,0,4,4,169,0,6,7,2012,6,21,25,0,3,3,SR-49,,131,32.97958611,-83.41910278,0,12,2,0,1,1,0,1,2,10,0,10,0,0000000,21,25,21,34,22,30,0,0,0,1,1
13,130563,1,1,0,0,0,2,2,225,2220,6,7,2012,6,20,49,0,16,6,EVERETT SQUARE,COLLEGE ST,0,32.55281667,-83.89285,0,19,0,0,3,3,0,5,2,10,0,10,0,0000000,20,38,20,45,21,35,0,0,0,1,0
13,130564,1,1,0,1,1,1,1,57,0,7,7,2012,7,0,21,0,14,4,CR-772 / KELLOGG CREEK RD,,29,34.12168611,-84.62314722,0,8,0,0,1,1,0,1,2,10,0,10,0,0000000,88,88,88,88,88,88,0,0,0,1,0
13,130565,2,2,0,0,0,4,4,67,0,7,7,2012,7,18,33,0,16,4,CR-523 / TRICKUM RD,,6,34.0657,-84.4848,0,33,0,0,1,1,0,4,1,2,0,2,0,0000000,18,33,18,51,19,1,0,0,0,1,0
13,130566,1,1,0,0,0,1,1,255,0,7,7,2012,7,2,20,0,3,3,SR-16,,54,33.23907778,-84.40715556,0,32,0,0,1,1,0,4,2,10,0,10,0,0000000,99,99,99,99,99,99,0,0,0,1,0
13,130567,1,1,0,0,0,1,1,285,0,7,7,2012,7,23,18,0,16,4,CR-223 / SIVELL RD,LETHEA,3,33.062525,-84.97915278,0,53,0,0,3,3,0,4,2,10,0,10,0,0000000,99,99,99,99,99,99,0,0,0,1,0
13,130568,2,2,0,0,0,6,6,151,0,8,7,2012,1,15,37,1,11,1,I-75,,175,33.51960278,-84.24682778,0,12,1,0,1,1,0,1,1,10,0,10,0,0000000,15,48,15,54,16,41,0,0,0,1,0
13,130569,1,1,0,0,0,1,1,227,2910,8,7,2012,1,23,55,0,6,4,CR-163 / MOORE RD,,4,34.44956667,-84.58135833,0,34,0,0,1,1,0,4,2,1,0,1,0,0000000,23,46,23,56,0,40,0,0,0,1,1
13,130570,1,1,0,0,0,1,1,305,0,8,7,2012,1,13,33,0,6,4,CR-407 / POWER LINE RD,,18,31.62985,-81.94073889,0,35,0,0,1,1,0,4,1,1,0,1,0,0000000,99,99,99,99,99,99,0,0,0,1,0
13,130571,2,2,0,0,0,2,2,299,0,9,7,2012,2,6,44,1,13,2,US-82 / SR-520,SR-4 BYP,162,31.24290278,-82.43119444,0,12,6,0,2,2,0,1,1,1,0,1,0,0000000,6,46,6,54,7,29,0,0,0,1,0
13,130572,1,1,0,0,0,1,1,15,2010,11,7,2012,4,17,19,1,11,1,I-75,,53,34.10741944,-84.727975,0,1,0,0,1,1,0,4,1,1,0,1,0,0000000,88,88,88,88,88,88,0,0,0,1,0
13,130573,5,5,0,0,0,10,10,97,0,11,7,2012,4,10,40,1,13,2,US-278 / SR-6,BLAIRSBRIDGE RD,38,33.779275,-84.60703611,0,12,6,0,2,2,0,1,1,1,0,1,0,0000000,10,44,10,54,12,15,14,0,0,2,0