STATE,ST_CASE,VE_TOTAL,VE_FORMS,PVH_INVL,PEDS,PERNOTMVIT,PERMVIT,PERSONS,COUNTY,CITY,DAY,MONTH,YEAR,DAY_WEEK,HOUR,MINUTE,NHS,ROAD_FNC,ROUTE,TWAY_ID,TWAY_ID2,MILEPT,LATITUDE,LONGITUD,SP_JUR,HARM_EV,MAN_COLL,RELJCT1,RELJCT2,TYP_INT,WRK_ZONE,REL_ROAD,LGT_COND,WEATHER1,WEATHER2,WEATHER,SCH_BUS,RAIL,NOT_HOUR,NOT_MIN,ARR_HOUR,ARR_MIN,HOSP_HR,HOSP_MN,CF1,CF2,CF3,FATALS,DRUNK_DR
13,130574,2,2,0,0,0,4,4,121,280,11,7,2012,4,18,21,1,11,1,I-20,,62,33.74738889,-84.43915278,0,54,11,0,1,1,0,1,1,1,0,1,0,0000000,99,99,99,99,99,99,14,0,0,1,0
13,130575,1,1,0,0,0,1,1,179,105,12,7,2012,5,2,16,0,14,3,SR-119,,107,31.75956111,-81.61366944,0,32,0,0,1,1,0,4,3,1,0,1,0,0000000,88,88,88,88,88,88,0,0,0,1,1
13,130576,1,1,0,0,0,1,1,189,0,12,7,2012,5,8,58,0,3,2,US-278 / SR-10,,192,33.43054167,-82.43968056,0,59,0,0,1,1,0,4,1,10,0,10,0,0000000,8,59,9,6,10,10,0,0,0,1,0
13,130577,1,1,0,0,0,1,1,241,0,12,7,2012,5,0,32,0,6,4,CR-153 / OLD HWY 441,,47,34.84006389,-83.43573889,0,32,0,0,1,1,0,4,2,10,0,10,0,0000000,88,88,88,88,88,88,0,0,0,1,0
13,130578,1,1,0,0,0,1,1,173,0,13,7,2012,6,10,58,0,3,2,US-129 / SR-11,,91,30.99093056,-83.00959722,0,34,0,0,1,1,0,4,1,1,0,1,0,0000000,88,88,88,88,88,88,0,0,0,1,0
13,130579,3,3,0,0,0,4,4,245,310,13,7,2012,6,9,54,1,11,1,I-520 RAMP,,57,33.424,-82.05895278,0,12,2,1,5,1,1,1,1,10,0,10,0,0000000,9,55,9,58,10,29,0,0,0,1,0
13,130580,3,3,0,0,0,7,7,265,0,13,7,2012,6,18,9,1,1,1,I-20,,40,33.52979444,-82.91407778,0,12,6,0,1,1,0,1,1,2,0,2,0,0000000,99,99,99,99,99,99,0,0,0,2,0
13,130581,1,1,0,0,0,1,1,301,0,13,7,2012,6,16,38,1,1,1,I-20,,48,33.50317778,-82.76961667,0,42,0,0,1,1,0,4,1,2,0,2,0,0000000,88,88,88,88,88,88,0,0,0,1,0
13,130582,1,1,0,0,0,1,1,89,0,14,7,2012,7,3,43,1,11,1,I-285,,207,33.69879722,-84.26111667,0,25,0,0,1,1,0,3,2,10,0,10,0,0000000,88,88,88,88,88,88,0,0,0,1,0
13,130583,1,1,0,1,1,1,1,157,0,14,7,2012,7,1,0,1,2,2,US-129 / SR-15 AL,,47,34.04670278,-83.49706111,0,8,0,0,1,1,0,1,2,1,0,1,0,0000000,1,1,1,7,1,31,0,0,0,1,0
13,130584,1,1,0,0,0,4,4,185,0,14,7,2012,7,2,50,0,6,4,CR-390 / TWIN LAKES RD,,6,30.69740833,-83.22805833,0,34,0,0,1,1,0,4,2,1,0,1,0,0000000,99,99,99,99,99,99,0,0,0,1,1
13,130585,1,1,0,1,1,1,1,245,310,14,7,2012,7,2,46,1,13,2,US-1 / SR-4,,111,33.35833056,-82.14246111,0,8,0,0,1,1,0,1,2,1,0,1,0,0000000,88,88,88,88,88,88,0,0,0,1,0
13,130586,4,4,0,0,0,8,8,311,0,14,7,2012,7,21,34,1,2,2,US-129 / SR-11,,41,34.56364722,-83.76338056,0,59,0,0,1,1,0,4,2,1,0,1,0,0000000,99,99,99,99,99,99,0,0,0,1,1
13,130587,2,2,0,0,0,4,4,121,0,15,7,2012,1,10,48,0,14,3,SR-70 / SR-154,CEDAR GROVE RD,141,33.61806389,-84.67131111,0,12,6,0,2,7,0,1,1,10,0,10,0,0000000,10,49,10,57,12,23,0,0,0,1,0
13,130588,1,1,0,0,0,1,1,267,0,15,7,2012,1,8,22,0,4,3,SR-196,,15,31.89548889,-81.92362222,0,1,0,0,1,1,0,4,1,1,0,1,0,0000000,88,88,88,88,88,88,0,0,0,1,1
13,130589,1,1,0,0,0,1,1,305,0,15,7,2012,1,17,56,0,4,4,CR-389 / POST RD,,29,31.36525556,-81.70841389,0,1,0,0,1,1,0,4,1,1,0,1,0,0000000,99,99,99,99,99,99,0,0,0,1,1
13,130590,2,2,0,0,0,3,3,311,0,15,7,2012,1,15,0,0,6,6,WILFORD ASH PKWY,,3,34.59718889,-83.76822222,0,12,6,0,1,1,0,1,1,2,0,2,0,0000000,99,99,99,99,99,99,0,0,0,1,0
13,130591,3,3,0,0,0,5,5,1,0,16,7,2012,2,16,55,0,3,3,SR-144,,93,31.81131944,-82.18404444,0,12,2,0,1,1,0,1,1,10,0,10,0,0000000,17,0,17,14,17,55,0,0,0,1,2
13,130592,1,1,0,1,1,1,1,13,300,25,7,2012,4,8,59,0,6,4,CR-42 / BOSS HARDY RD,,21,34.04491111,-83.78961389,0,9,0,0,1,1,0,1,1,1,0,1,0,0000000,99,99,99,99,99,99,0,0,0,1,0
13,130593,1,1,0,1,1,2,2,63,0,8,4,2012,1,21,30,1,13,2,US-19/41 / SR-3,,115,33.58329722,-84.37701944,0,8,0,0,1,1,0,1,2,1,0,1,0,0000000,21,35,21,35,22,1,0,0,0,1,0
13,130594,2,2,0,0,0,4,4,117,1440,15,6,2012,6,23,40,1,13,3,SR-9 / DAHLONEGA HWY,MAIN ST,113,34.20695833,-84.13913333,0,12,6,0,2,2,0,1,3,1,0,1,0,0000000,23,42,23,59,0,18,0,0,0,1,0
13,130595,2,2,0,0,0,2,2,183,2218,12,1,2012,5,6,38,0,3,3,SR-144,JOE KENNEDY RD,13,31.93020833,-81.86138611,2,12,6,0,2,9,0,1,2,1,0,1,1,0000000,88,88,88,88,88,88,0,0,0,1,0
13,130596,1,1,0,1,1,1,1,127,760,30,1,2012,2,16,54,0,13,2,US-25 / GLOCESTER ST,ELLIST ST,2,31.14979444,-81.49262222,0,8,0,0,3,2,0,1,1,1,0,1,0,0000000,16,55,16,55,17,13,0,0,0,1,0
13,130597,1,1,0,1,1,1,1,185,5680,15,2,2012,4,18,58,0,13,2,US-41 / SR-7 BUS,,21,30.81620556,-83.26755833,0,8,0,0,1,1,0,1,3,10,0,10,0,0000000,18,58,19,4,19,45,0,0,0,1,0
13,130598,1,1,0,0,0,2,2,165,3630,21,3,2012,4,13,0,0,3,3,SR-17 / E WINTHROPE AVE,COTTON AVE,93,32.80364722,-81.93554444,0,46,0,0,3,3,0,4,1,1,0,1,0,0000000,13,0,13,1,13,27,0,0,0,1,0
13,130599,1,1,0,1,1,3,3,31,5170,15,7,2012,1,22,5,1,13,2,US-301 BYP / SR-67 BYP,LANIER DR,11,32.40706944,-81.78147778,0,8,0,0,3,2,0,1,2,1,0,1,0,0000000,22,5,22,11,22,19,0,0,0,1,0
13,130600,2,2,0,0,0,4,4,207,0,25,4,2012,4,18,18,0,4,3,SR-42,,227,33.14888056,-83.95338611,0,12,2,0,1,1,0,1,1,1,0,1,0,0000000,88,88,88,88,88,88,0,0,0,1,0
13,130601,1,1,0,3,3,1,1,191,0,26,4,2012,5,21,50,0,3,3,SR-25,,115,31.48832222,-81.44495833,0,9,0,0,1,1,0,1,2,1,0,1,0,0000000,99,99,99,99,99,99,0,0,0,2,0
13,130602,2,2,0,0,0,5,5,135,5300,4,7,2012,4,17,19,0,15,6,SATELLITE BLVD.,,54,99.99990000,999.99990000,0,12,6,0,8,1,0,1,1,1,0,1,0,0000000,17,19,17,25,17,50,0,0,0,1,0
13,130603,2,2,0,0,0,4,4,67,0,14,7,2012,7,23,20,0,14,4,CR-POWDER SPRINGS ROAD,,77,33.91339444,-84.59283333,0,12,2,0,1,1,0,1,2,10,0,10,0,0000000,23,20,23,26,23,53,0,0,0,1,0
13,130604,2,2,0,0,0,2,2,117,0,16,7,2012,2,16,13,0,13,3,SR-53,,35,34.30698611,-83.96626667,0,12,6,0,1,1,0,1,1,2,0,2,0,0000000,88,88,88,88,88,88,0,0,0,1,0
13,130605,1,1,0,0,0,1,1,263,0,16,7,2012,2,17,30,0,5,4,CR-76,,21,32.67206111,-84.60704167,0,35,0,0,1,1,0,5,1,1,0,1,0,0000000,17,44,17,52,18,48,0,0,0,1,0
13,130606,1,1,0,1,1,2,2,97,1770,17,7,2012,3,13,1,0,16,6,CAROL CIRCLE,CINDY DRIVE,7,33.73874722,-84.7063,0,9,0,0,2,2,0,1,1,1,0,1,0,0000000,13,0,13,8,13,54,0,0,0,1,0
13,130607,2,2,0,1,1,1,1,121,280,17,7,2012,3,2,18,1,11,1,I-75(RAMP),,107,33.791325,-84.39265556,0,8,0,1,5,1,0,1,2,1,0,1,0,0000000,2,18,2,31,3,21,19,0,0,1,1
13,130608,2,2,0,0,0,2,2,121,0,17,7,2012,3,16,52,0,14,4,CR-139100,EL CAUDILLO COURT,8,33.579675,-84.49561389,0,12,2,0,2,3,0,1,1,2,0,2,0,0000000,16,52,16,53,99,99,0,0,0,1,0
13,130609,2,2,0,0,0,2,2,157,1300,17,7,2012,3,14,10,1,13,3,SR-15,SR-98,129,34.19349167,-83.43141667,0,12,6,0,2,2,0,1,1,10,0,10,0,0000000,14,15,14,21,14,37,0,0,0,1,0
13,130610,2,2,0,0,0,2,2,213,1080,17,7,2012,3,7,28,0,6,6,DUVALL ROAD,MAGA LYNN WAY,3,34.79982222,-84.7752,0,12,8,0,1,1,0,1,1,10,0,10,0,0000000,7,29,7,32,88,88,0,0,0,1,0
13,130611,2,2,0,0,0,3,3,205,0,18,7,2012,4,16,0,0,3,3,SR-37,SR-93,205,31.23191389,-84.03270556,0,12,6,0,2,2,0,1,1,1,0,1,0,0000000,99,99,99,99,99,99,0,0,0,1,0
13,130612,2,2,0,0,0,2,2,45,970,19,7,2012,5,10,58,1,13,3,SR-1,,133,33.61003056,-85.08600833,0,12,1,0,1,1,0,1,1,1,0,1,0,0000000,99,99,99,99,99,99,0,0,0,1,0
13,130613,2,2,0,0,0,2,2,133,0,19,7,2012,5,7,38,0,3,3,SR-44,,71,33.524375,-83.221575,0,12,2,0,1,1,0,1,1,1,0,1,0,0000000,7,40,7,49,8,7,0,0,0,1,0
13,130614,2,2,0,0,0,2,2,151,0,19,7,2012,5,16,24,0,6,4,CR-237900,,9,33.38389167,-84.17724444,0,12,6,0,8,1,0,1,1,1,0,1,0,0000000,16,24,16,30,16,54,0,0,0,1,0
13,130615,2,2,0,0,0,2,2,117,0,20,7,2012,6,9,49,0,2,3,SR-53,,44,99.99990000,999.99990000,0,12,2,0,1,1,0,1,1,10,0,10,0,0000000,9,51,10,2,10,40,0,0,0,1,0
13,130616,1,1,0,1,1,1,1,151,0,20,7,2012,6,12,22,0,16,4,CR-087300,,0,33.60861111,-84.25728056,0,19,0,0,1,1,0,5,1,10,0,10,0,0000000,88,88,88,88,88,88,0,0,0,1,0
13,130617,1,1,0,0,0,2,2,279,0,20,7,2012,6,10,33,0,4,4,CR-RESMONDO ROAD,LOOUIS STARRA ROAD,8,32.24900278,-82.31362778,0,34,0,0,1,1,0,5,1,1,0,1,0,0000000,10,37,10,46,11,16,0,0,0,2,0
13,130618,3,3,0,0,0,5,5,121,0,21,7,2012,7,16,13,0,14,4,CR-417600,FAIRBURN ROAD,37,33.7238,-84.51021667,0,12,6,0,2,2,0,1,1,10,0,10,0,0000000,16,15,16,18,16,54,0,0,0,1,0
13,130619,2,2,0,0,0,6,6,187,1480,21,7,2012,7,14,3,1,2,3,SR-115,,68,34.52736389,-83.87539167,0,12,6,0,1,1,0,1,1,2,0,2,0,0000000,99,99,99,99,99,99,0,0,0,1,0
13,130620,1,1,0,0,0,1,1,227,0,21,7,2012,7,6,50,0,2,3,SR-5,,99999,34.51672778,-84.51884444,0,23,0,0,1,1,0,4,1,10,0,10,0,0000000,88,88,88,88,88,88,0,0,0,1,0
13,130621,2,2,0,0,0,4,4,301,0,21,7,2012,7,9,3,1,1,1,I-20,,19,33.50071111,-82.7815,0,12,1,0,1,1,0,1,1,10,0,10,0,0000000,88,88,88,88,88,88,0,0,0,1,0
13,130622,2,2,0,0,0,7,7,47,0,22,7,2012,1,1,35,0,6,4,CR-DOGWOOD VALLEY ROAD,,99999,34.88273333,-85.07169444,0,35,0,0,1,1,0,5,2,1,0,1,0,0000000,1,40,1,51,99,99,0,0,0,1,2
13,130623,2,2,0,0,0,2,2,51,4910,22,7,2012,1,1,32,0,13,6,DEAN FOREST ROAD,US.HIGHWAY 80,41,32.092625,-81.19674444,0,12,6,0,2,2,0,1,3,1,0,1,0,0000000,88,88,88,88,88,88,0,0,0,1,1
13,130624,2,2,0,0,0,6,6,89,3210,22,7,2012,1,4,25,1,11,1,I-20,,118,33.70309167,-84.176775,0,12,1,0,1,1,0,1,3,1,0,1,0,0000000,4,25,4,34,5,22,0,0,0,1,0
13,130625,1,1,0,0,0,2,2,121,4790,22,7,2012,1,23,16,0,16,6,RIVERSIDE ROAD,,5,33.99368889,-84.32234722,0,33,0,0,1,1,0,5,3,10,0,10,0,0000000,23,19,23,26,0,0,0,0,0,1,1
13,130626,1,1,0,1,1,1,1,121,0,23,7,2012,2,2,42,0,14,3,SR-279,,9,33.56296944,-84.46855833,0,8,0,0,1,1,0,1,6,10,0,10,0,0000000,99,99,99,99,99,99,0,0,0,1,0
13,130627,1,1,0,1,1,1,1,63,0,24,7,2012,3,21,23,1,13,3,SR-138,,56,33.53233889,-84.36528333,0,8,0,0,1,1,0,1,2,1,0,1,0,0000000,21,24,21,29,21,44,0,0,0,1,0
13,130628,1,1,0,0,0,2,2,111,560,25,7,2012,4,10,50,1,2,3,SR-5,,79,34.90340833,-84.37314444,0,35,0,0,1,1,0,5,1,1,0,1,0,0000000,10,39,10,46,11,1,0,0,0,1,0
13,130629,1,1,0,1,1,1,1,51,553,26,7,2012,5,11,58,0,14,3,SR-26,,25,32.12943889,-81.29035556,0,9,0,0,1,1,0,1,1,1,0,1,0,0000000,11,55,12,0,12,24,0,0,0,1,0
13,130630,2,2,0,0,0,3,3,73,0,26,7,2012,5,18,1,0,3,3,SR-232,WILLIAM FEW PARKWAY,47,33.51777222,-82.23545278,0,12,6,0,2,2,0,1,1,1,0,1,0,0000000,18,3,18,8,88,88,0,0,0,1,0
13,130631,1,1,0,0,0,1,1,211,0,26,7,2012,5,14,29,0,3,3,SR-24,,2,33.58050556,-83.479025,0,42,0,0,1,1,0,5,1,1,0,1,0,0000000,14,29,14,33,14,43,0,0,0,1,0
13,130632,1,1,0,3,3,1,1,273,1580,26,7,2012,5,5,53,1,2,3,SR-520,,151,31.73559167,-84.40310278,0,9,0,0,1,1,0,1,2,1,0,1,0,0000000,5,58,6,6,6,44,0,0,0,1,0
13,130633,1,1,0,0,0,1,1,67,3440,27,7,2012,6,3,44,1,11,1,I-575,,49,34.05748333,-84.54339167,0,43,0,0,1,1,0,3,2,1,0,1,0,0000000,88,88,88,88,88,88,0,0,0,1,0
13,130634,1,1,0,0,0,1,1,121,0,27,7,2012,6,18,54,1,11,1,I-285(RAMP),,615,99.99990000,999.99990000,0,24,0,1,5,1,0,4,1,10,0,10,0,0000000,88,88,88,88,88,88,20,0,0,1,0
13,130635,1,1,0,0,0,1,1,245,310,27,7,2012,6,23,10,1,13,3,SR-10,,141,33.43744722,-82.00380556,0,33,0,0,1,1,0,6,3,1,0,1,0,0000000,23,10,23,17,23,31,0,0,0,1,0
13,130636,3,3,0,0,0,7,7,47,4680,28,7,2012,7,18,0,1,2,3,SR-1,TWIN CEDARS ROAD,4,34.86124444,-85.25532778,0,12,6,0,2,2,0,1,1,1,0,1,0,0000000,18,19,18,29,19,29,0,0,0,1,0
13,130637,2,2,0,0,0,4,4,51,4910,28,7,2012,7,0,8,0,16,6,STALEY AVENUE,LIBERTY PARKWAY,3,32.04054722,-81.14047778,0,12,6,0,2,2,0,1,3,1,0,1,0,0000000,0,8,0,17,0,36,0,0,0,1,1
13,130638,1,1,0,0,0,2,2,145,0,28,7,2012,7,19,50,0,6,4,CR-196,,14,32.65802778,-84.74207222,0,35,0,0,1,1,0,5,1,1,0,1,0,0000000,19,52,20,0,20,40,0,0,0,2,1
13,130639,2,2,0,0,0,4,4,227,0,28,7,2012,7,21,17,0,4,4,CR-032900,,9,34.477625,-84.44478333,0,12,2,0,1,1,0,1,1,1,0,1,0,0000000,99,99,99,99,99,99,0,0,0,1,0
13,130640,1,1,0,0,0,1,1,313,0,28,7,2012,7,19,20,0,3,3,SR-286,,39,34.82927222,-84.86933333,0,34,0,0,1,1,0,5,1,1,0,1,0,0000000,88,88,88,88,88,88,0,0,0,1,1
13,130641,1,1,0,0,0,2,2,87,0,29,7,2012,1,22,35,0,6,4,CR-017700,,99999,30.72065,-84.70916944,0,1,0,0,1,1,0,1,2,1,0,1,0,0000000,22,37,22,53,99,99,0,0,0,1,1
13,130642,2,2,0,0,0,2,2,235,0,29,7,2012,1,14,17,0,3,3,SR-26,,72,32.28720833,-83.48714722,0,12,2,0,1,1,0,1,1,10,0,10,0,0000000,99,99,99,99,99,99,0,0,0,1,0
13,130643,1,1,0,0,0,1,1,47,0,30,7,2012,2,9,37,0,3,3,SR-3,,99999,34.90266389,-85.07605556,0,32,0,0,1,1,0,5,1,1,0,1,0,0000000,9,37,9,43,10,23,0,0,0,1,0
13,130644,1,1,0,0,0,1,1,101,0,30,7,2012,2,13,40,0,3,3,SR-11,,109,30.77569444,-83.00101389,0,34,0,0,1,1,0,5,1,1,0,1,0,0000000,99,99,99,99,99,99,0,0,0,1,0
13,130645,2,2,0,0,0,2,2,139,2285,31,7,2012,3,17,42,0,14,6,WHITE SULPHUR ROAD,,99999,34.34155833,-83.78187222,0,12,2,0,1,1,0,1,1,1,0,1,0,0000000,17,38,17,45,18,6,0,0,0,1,0
13,130646,3,3,0,0,0,7,7,175,1780,12,1,2012,5,17,58,0,13,2,US- 319 / SR-31,KELLAM RD,238,32.52026667,-82.91975278,0,12,11,0,2,3,0,1,3,10,0,10,0,0000000,17,58,17,58,18,21,0,0,0,1,0
13,130647,1,1,0,0,0,1,1,21,0,26,7,2012,5,13,22,0,14,3,SR-11 / HOUSTON RD,,71,32.77396667,-83.65892222,0,33,0,0,1,1,0,4,1,1,0,1,0,0000000,13,22,13,30,13,50,0,0,0,1,0
13,130648,1,1,0,0,0,2,2,77,0,2,8,2012,5,20,24,0,6,4,CR-261 / OLD CORINTH RD,,12,33.34303889,-84.84133611,0,24,0,0,1,1,0,4,1,1,0,1,0,0000000,20,25,20,33,21,38,0,0,0,1,0
13,130649,1,1,0,0,0,1,1,21,3390,2,8,2012,5,17,19,1,11,1,I-16,,34,32.82925833,-83.60484167,0,24,0,0,1,1,0,3,1,2,0,2,0,0000000,88,88,88,88,88,88,0,0,0,1,0
13,130650,2,2,0,0,0,2,2,287,0,2,8,2012,5,12,15,1,3,3,SR-32,BETHEL RD,162,31.65870278,-83.566225,0,12,6,0,2,2,0,1,1,1,0,1,0,0000000,12,6,12,13,13,0,0,0,0,1,0
13,130651,1,1,0,0,0,1,1,71,3800,4,8,2012,7,7,30,0,5,4,CR-121 / OLD BERLIN RD,,45,31.10092222,-83.72864444,0,18,0,0,1,1,0,4,1,1,0,1,0,0000000,88,88,88,88,88,88,0,0,0,1,0
13,130652,1,1,0,0,0,5,5,313,0,4,8,2012,7,7,15,1,1,1,I-75,,81,34.73488611,-85.00385278,0,24,0,0,1,1,0,3,1,10,0,10,0,0000000,7,21,7,28,8,3,0,0,0,2,0
13,130653,1,1,0,0,0,1,1,39,0,5,8,2012,1,0,34,0,4,4,CR-141 / HARRIETS BLUFF RD,,42,30.87044722,-81.61538056,0,59,0,0,1,1,0,4,2,10,0,10,0,0000000,88,88,88,88,88,88,0,0,0,1,1
13,130654,1,1,0,0,0,2,2,67,2990,5,8,2012,1,99,99,0,15,6,KENNESAW DUE WEST RD,SUMMERS ST,0,34.01829167,-84.61300556,0,39,0,0,1,1,0,6,2,10,0,10,0,0000000,7,37,7,41,8,3,0,0,0,1,1
13,130655,2,2,0,0,0,2,2,89,0,5,8,2012,1,13,45,0,16,4,CR-1302 / UNIVERSITY DR,,1,33.79003056,-84.33930556,0,12,2,0,1,1,0,1,1,1,0,1,0,0000000,13,47,13,53,14,22,0,0,0,1,0
13,130656,1,1,0,0,0,1,1,255,2510,5,8,2012,1,10,12,0,16,6,HALE AVE,,1,33.23199722,-84.25064167,0,33,0,0,1,1,0,4,1,1,0,1,0,0000000,99,99,99,99,99,99,0,0,0,1,0
13,130657,2,2,0,0,0,4,4,187,1480,6,8,2012,2,19,24,0,5,4,CR-190 / CAVENDER CREEK RD,,18,34.55782778,-83.91375556,0,12,6,0,1,1,0,1,1,1,0,1,0,0000000,19,24,19,24,20,0,0,0,0,1,1
13,130658,2,2,0,0,0,3,3,245,310,6,8,2012,2,17,31,0,14,4,CR-200 / WHEELESS RD,MILLEDGEVILLE RD,25,33.44818611,-82.046325,0,1,0,0,2,2,0,1,1,10,0,10,0,0000000,17,32,17,39,17,58,0,0,0,1,0
13,130659,1,1,0,0,0,2,2,23,0,7,8,2012,3,8,45,0,4,3,SR-257,,46,32.33441944,-83.31576667,0,42,0,0,1,1,0,4,1,10,0,10,0,0000000,99,99,99,99,99,99,0,0,0,1,0
13,130660,1,1,0,1,1,1,1,31,0,7,8,2012,3,5,7,1,1,1,I-16,,22,32.31883056,-81.91216944,0,8,0,0,1,1,0,3,2,1,0,1,0,0000000,88,88,88,88,88,88,19,0,0,1,0
13,130661,1,1,0,0,0,2,2,139,0,7,8,2012,3,21,35,0,5,4,CR-1295 / TALMO RD,,21,34.19978333,-83.74905278,0,38,0,0,1,1,0,4,2,2,0,2,0,0000000,21,38,21,51,23,3,0,0,0,1,1
13,130662,2,2,0,0,0,3,3,175,0,7,8,2012,3,18,26,1,2,2,US-319 / SR-31,,170,32.42558889,-82.94141667,0,12,2,0,1,1,0,1,1,2,0,2,0,0000000,18,23,18,35,19,11,0,0,0,2,0
13,130663,1,1,0,0,0,1,1,13,5180,8,8,2012,4,21,50,0,6,4,CR-159 / WALL RD,,1,33.954225,-83.63170278,0,1,0,0,1,1,0,4,2,10,0,10,0,0000000,21,53,21,58,22,27,0,0,0,1,0
13,130664,2,2,0,0,0,4,4,13,0,9,8,2012,5,17,24,0,3,3,SR-11,,16,33.91792222,-83.71630833,0,12,6,0,1,1,0,1,1,2,0,2,0,0000000,17,15,17,17,17,55,0,0,0,1,0
13,130665,2,2,0,0,0,2,2,49,2170,9,8,2012,5,4,26,0,6,3,SR-40 CO,SR-40,13,30.834975,-81.98864167,0,12,1,0,3,3,0,1,2,10,0,10,0,0000000,88,88,88,88,88,88,0,0,0,1,1
13,130666,2,2,0,0,0,2,2,153,0,9,8,2012,5,2,59,0,3,2,US-129 / SR-247,,45,32.42806667,-83.57812778,0,12,7,0,1,1,0,1,2,10,0,10,0,0000000,88,88,88,88,88,88,0,0,0,1,0
13,130667,3,3,0,0,0,6,6,209,2710,9,8,2012,5,14,32,1,3,3,SR-15,SR-292,22,32.22111389,-82.47075278,0,12,6,0,2,2,0,1,1,2,0,2,0,0000000,14,35,14,40,15,10,0,0,0,1,0
13,130668,1,1,0,1,1,1,1,215,1280,9,8,2012,5,6,31,1,13,2,US-27 / VETERANS PKWY,50TH ST,115,32.51257222,-84.97033333,0,8,0,0,3,2,0,1,2,1,0,1,0,0000000,6,33,6,39,88,88,0,0,0,1,0
13,130669,1,1,0,0,0,1,1,215,1280,9,8,2012,5,16,50,0,16,2,US-80,,0,32.55406667,-84.92038889,0,1,0,0,1,1,0,1,1,10,0,10,0,0000000,16,50,16,54,17,15,0,0,0,1,0
13,130670,1,1,0,0,0,3,3,231,0,9,8,2012,5,13,38,0,4,4,CR-253 / REIDSBORO RD,,37,33.15799444,-84.37465,0,43,0,0,1,1,0,4,1,10,0,10,0,0000000,13,38,13,47,14,15,0,0,0,1,0
13,130671,1,1,0,0,0,1,1,15,0,10,8,2012,6,19,37,0,6,4,CR-999 / GREATWOOD DR,BUCKLAND CT,99999,34.23726944,-84.71204444,0,43,0,0,1,1,0,5,1,1,0,1,0,0000000,99,99,99,99,99,99,0,0,0,1,0
13,130672,2,2,0,0,0,3,3,113,0,10,8,2012,6,13,6,0,13,3,SR-54,S SANDY CREEK RD,79,33.44965278,-84.50228611,0,12,6,0,2,2,0,1,1,1,0,1,0,0000000,13,7,13,12,13,32,0,0,0,1,0
13,130673,2,2,0,0,0,3,3,121,280,11,8,2012,7,19,17,1,11,1,I-85,,300,33.82057222,-84.36006667,0,12,7,0,1,1,0,1,1,1,0,1,0,0000000,18,7,18,20,18,40,0,0,0,1,0
13,130674,1,1,0,0,0,1,1,195,0,11,8,2012,7,9,0,0,5,4,CR-398 / JOT EM DOWN RD,,68,34.24208611,-83.27633056,0,42,0,0,1,1,0,4,1,1,0,1,0,0000000,88,88,88,88,88,88,0,0,0,1,0
13,130675,1,1,0,0,0,5,5,289,0,11,8,2012,7,9,15,1,1,1,I-16,,98,32.66414444,-83.45808056,0,42,0,0,1,1,0,4,1,1,0,1,0,0000000,9,10,9,30,10,32,0,0,0,2,0
13,130676,1,1,0,0,0,1,1,179,3590,12,8,2012,1,21,30,0,6,4,CR-168 / SUNBURY RD,,5,31.77150833,-81.29889444,0,53,0,0,1,1,0,4,2,1,0,1,0,0000000,21,27,21,38,22,17,0,0,0,1,1
13,130677,2,2,0,0,0,3,3,245,310,12,8,2012,1,14,3,0,13,2,US-278 / SR-10,ROBINSON AVE,33,33.43629722,-82.17607778,0,12,6,0,2,2,4,1,1,1,0,1,0,0000000,14,15,14,36,14,45,0,0,0,1,0
13,130678,2,2,0,0,0,4,4,55,0,13,8,2012,2,8,25,0,3,3,SR-48,,72,34.48337222,-85.4329,0,12,1,0,1,1,0,1,1,1,0,1,0,0000000,8,29,8,34,9,15,0,0,0,1,0
13,130679,1,1,0,0,0,1,1,63,1250,13,8,2012,2,21,55,1,11,1,I-85 RAMP,,5,33.62669722,-84.45609167,0,42,0,0,5,1,0,4,2,10,0,10,0,0000000,21,55,22,4,88,88,0,0,0,1,0
13,130680,1,1,0,0,0,1,1,89,0,13,8,2012,2,23,15,0,14,3,SR-10 RAMP,,115,33.81098889,-84.18130833,0,1,0,1,5,1,0,4,2,1,0,1,0,0000000,23,19,23,25,23,57,0,0,0,1,0
13,130681,1,1,0,0,0,4,4,123,0,13,8,2012,2,1,0,0,6,4,CR-99 / HILL RD,BLACKBERRY MTN RD,26,34.62478889,-84.41019167,0,42,0,0,3,9,0,4,2,1,0,1,0,0000000,88,88,88,88,88,88,0,0,0,1,0
13,130682,1,1,0,0,0,1,1,145,2550,13,8,2012,2,10,12,1,3,2,US-27 / SR-1,,138,32.792725,-84.87018056,0,42,0,0,1,1,0,4,1,1,0,1,0,0000000,10,40,10,47,11,47,0,0,0,1,0
13,130683,1,1,0,2,2,1,1,159,0,13,8,2012,2,22,26,0,3,3,SR-11,,220,33.41454444,-83.7621,0,8,0,0,1,1,0,1,2,1,0,1,0,0000000,99,99,99,99,99,99,0,0,0,1,0
13,130684,1,1,0,0,0,1,1,45,0,14,8,2012,3,1,2,0,13,2,US-27 / SR-16,,184,33.54823889,-85.026975,0,42,0,0,1,1,0,4,2,1,0,1,0,0000000,1,3,1,9,1,38,0,0,0,1,0