STATE,ST_CASE,VE_TOTAL,VE_FORMS,PVH_INVL,PEDS,PERNOTMVIT,PERMVIT,PERSONS,COUNTY,CITY,DAY,MONTH,YEAR,DAY_WEEK,HOUR,MINUTE,NHS,ROAD_FNC,ROUTE,TWAY_ID,TWAY_ID2,MILEPT,LATITUDE,LONGITUD,SP_JUR,HARM_EV,MAN_COLL,RELJCT1,RELJCT2,TYP_INT,WRK_ZONE,REL_ROAD,LGT_COND,WEATHER1,WEATHER2,WEATHER,SCH_BUS,RAIL,NOT_HOUR,NOT_MIN,ARR_HOUR,ARR_MIN,HOSP_HR,HOSP_MN,CF1,CF2,CF3,FATALS,DRUNK_DR
13,130685,1,1,0,1,1,1,1,63,0,14,8,2012,3,22,21,1,13,2,US-19/41 / SR-3,,107,33.572775,-84.37165556,0,8,0,0,1,1,0,1,3,1,0,1,0,0000000,88,88,88,88,88,88,0,0,0,1,0
13,130686,2,2,0,0,0,2,2,87,1200,14,8,2012,3,3,26,0,3,3,SR-97,,338,31.02175556,-84.46294444,0,12,8,0,1,1,0,1,3,1,0,1,0,0000000,3,34,3,47,4,25,0,0,0,1,0
13,130687,2,2,0,0,0,2,2,255,2510,14,8,2012,3,6,36,0,6,4,CR-119 / BAILEY JESTER RD,,17,33.24734444,-84.12289444,0,12,6,0,1,1,0,1,4,10,0,10,0,0000000,99,99,99,99,99,99,0,0,0,1,0
13,130688,2,2,0,0,0,3,3,121,280,15,8,2012,4,4,17,1,12,3,SR-400,,25,33.84932222,-84.36830556,0,12,2,0,1,1,1,1,3,10,0,10,0,0000000,4,17,99,99,99,99,0,0,0,2,2
13,130689,1,1,0,0,0,1,1,189,0,15,8,2012,4,0,50,0,6,4,CR-22 / GILPIN RD,,28,33.53040556,-82.47422778,0,32,0,0,1,1,0,4,2,1,0,1,0,0000000,99,99,99,99,99,99,0,0,0,1,1
13,130690,2,2,0,0,0,2,2,51,4910,16,8,2012,5,14,37,1,11,1,I-516,,14,32.038575,-81.14193889,0,1,0,0,1,1,0,1,1,2,0,2,0,0000000,14,39,14,52,15,16,0,0,0,1,0
13,130691,1,1,0,1,1,0,0,215,1280,2,8,2012,5,12,2,0,16,6,MELOY DRIV,,7,32.41568611,-84.92979167,0,8,0,0,1,1,0,1,1,1,0,1,0,0000000,12,2,12,20,12,31,0,0,0,1,0
13,130692,3,3,0,0,0,4,4,67,0,16,8,2012,5,16,20,1,11,1,I-285/SR-407,,34,33.89664444,-84.4502,0,12,7,0,1,1,0,1,1,1,0,1,0,0000000,16,21,16,26,17,3,0,0,0,1,1
13,130693,2,2,0,0,0,4,4,67,3440,16,8,2012,5,18,47,0,16,6,SHAWNEE LANE,,2,33.947375,-84.49352778,0,12,8,0,1,1,0,1,1,10,0,10,0,0000000,18,47,18,53,19,30,0,0,0,1,0
13,130694,1,1,0,1,1,2,2,153,4340,16,8,2012,5,21,11,1,11,1,I-75(RAMP),,143,32.48840833,-83.74265,0,8,0,1,5,1,0,1,3,1,0,1,0,0000000,99,99,99,99,99,99,23,0,0,1,0
13,130695,1,1,0,0,0,1,1,45,5935,17,8,2012,6,22,30,0,6,6,OLD DRIVER ROAD,,19,33.53085278,-84.97659722,0,1,0,0,1,1,0,5,2,10,0,10,0,0000000,99,99,99,99,99,99,0,0,0,1,1
13,130696,3,3,0,0,0,4,4,151,0,17,8,2012,6,19,44,0,2,3,SR-81,,186,33.44697778,-84.14335833,0,12,1,0,8,1,0,1,1,1,0,1,0,0000000,19,45,19,58,20,31,0,0,0,1,1
13,130697,1,1,0,0,0,1,1,9,3620,18,8,2012,7,23,50,0,3,3,SR-22,SR-24,158,33.08082778,-83.16136389,0,35,0,0,3,4,0,4,2,10,0,10,0,0000000,99,99,99,99,99,99,0,0,0,1,1
13,130698,3,3,0,0,0,3,3,119,0,18,8,2012,7,4,48,1,1,1,I-85/SR-403,,65,34.36394444,-83.29196944,0,12,8,0,1,1,0,1,2,10,0,10,0,0000000,99,99,99,99,99,99,0,0,0,1,1
13,130699,1,1,0,0,0,1,1,157,2920,18,8,2012,7,14,43,1,2,3,SR-11,,114,34.15137222,-83.63836667,0,1,0,0,1,1,0,3,1,1,0,1,0,0000000,14,48,14,55,15,19,0,0,0,1,0
13,130700,1,1,0,0,0,2,2,257,0,18,8,2012,7,0,0,0,6,4,CR-51,,12,34.56066944,-83.1542,0,1,0,0,1,1,0,1,3,10,0,10,0,0000000,99,99,99,99,99,99,0,0,0,1,0
13,130701,1,1,0,0,0,1,1,13,0,19,8,2012,1,17,56,0,6,4,CR-HARDIGREE ROAD,,8,33.96916111,-83.63343889,0,53,0,0,1,1,0,5,1,1,0,1,0,0000000,88,88,88,88,88,88,0,0,0,1,0
13,130702,1,1,0,1,1,1,1,151,0,19,8,2012,1,6,35,0,6,4,CR-GOLFVIEW CROSSING,,99999,99.99990000,999.99990000,0,8,0,0,1,1,0,1,3,10,0,10,0,0000000,6,35,6,49,7,17,0,0,0,1,1
13,130703,1,1,0,1,1,2,2,57,0,20,8,2012,2,22,30,1,13,3,SR-92,WADE GREEN ROAD,48,34.08812778,-84.58846389,0,8,0,0,2,2,0,1,3,1,0,1,0,0000000,23,24,23,40,0,40,0,0,0,1,0
13,130704,2,2,0,0,0,3,3,63,0,20,8,2012,2,4,58,0,14,4,CR-135000,,44,33.63378611,-84.29608333,0,12,6,0,4,1,0,1,3,1,0,1,0,0000000,4,56,5,1,5,48,0,0,0,1,0
13,130705,2,2,0,0,0,3,3,185,0,20,8,2012,2,12,14,0,4,4,CR-HOWELL ROAD,HUMPHREYS ROAD,66,30.82971944,-83.15236944,0,12,6,0,2,3,0,1,1,2,0,2,0,0000000,12,3,12,11,12,52,0,0,0,1,0
13,130706,1,1,0,0,0,1,1,245,310,20,8,2012,2,3,38,0,14,6,WALTON WAY,MARTN LANE,31,33.48142778,-82.04084722,0,39,0,0,1,1,3,5,2,2,0,2,0,0000000,88,88,88,88,88,88,0,0,0,1,1
13,130707,2,2,0,0,0,5,5,57,0,21,8,2012,3,22,35,0,14,4,CR-BELLS FERRY ROAD,BUTTERWORTH ROAD,112,34.20479722,-84.52312778,0,12,2,0,1,1,0,1,2,1,0,1,0,0000000,22,39,22,51,23,37,0,0,0,1,0
13,130708,2,2,0,0,0,3,3,29,0,24,8,2012,6,14,20,0,3,3,SR-67,,69,32.17405556,-81.66090278,0,12,7,0,8,1,0,1,1,1,0,1,0,0000000,14,31,14,43,15,59,0,0,0,1,0
13,130709,3,3,0,0,0,6,6,109,0,24,8,2012,6,20,30,0,4,3,SR-129,KENNEDY BRIDGE ROAD,150,32.23863333,-81.99812778,0,12,6,0,2,2,0,1,2,1,0,1,0,0000000,20,30,20,40,21,20,0,0,0,1,0
13,130710,2,2,0,0,0,2,2,121,4882,24,8,2012,6,3,8,0,12,3,SR-400,,127,34.04931111,-84.30017778,0,12,2,0,1,1,0,1,2,10,0,10,0,0000000,3,6,3,16,4,13,0,0,0,1,1
13,130711,1,1,0,0,0,5,5,153,5790,24,8,2012,6,23,24,0,16,6,LINWOOD DRIVE,,2,32.60993889,-83.60355,0,1,0,0,1,1,0,5,3,10,0,10,0,0000000,23,25,23,26,23,54,0,0,0,1,1
13,130712,3,3,0,0,0,3,3,59,270,25,8,2012,7,2,25,1,13,2,US-78 (SR10),,42,33.940625,-83.44952778,0,12,1,0,1,1,0,1,3,1,0,1,0,0000000,2,53,3,4,3,28,0,0,0,1,0
13,130713,1,1,0,2,2,3,3,121,280,25,8,2012,7,2,53,0,14,6,MEMORIAL DRIVE,HILL STREET,345,33.746825,-84.37929722,0,8,0,0,2,2,0,1,3,1,0,1,0,0000000,2,53,2,57,3,5,0,0,0,2,0
13,130714,2,2,0,0,0,9,9,321,0,25,8,2012,7,15,54,0,3,3,SR-133,SR-112,67,31.42346389,-83.95403611,0,12,6,0,2,2,0,1,1,1,0,1,0,0000000,15,57,16,41,17,32,0,0,0,2,0
13,130715,1,1,0,0,0,2,2,9,3620,26,8,2012,1,9,12,0,16,6,O'CONNOR DRIVE,,31,33.138825,-83.28388889,0,35,0,0,1,1,0,4,1,1,0,1,0,0000000,9,18,9,28,9,53,0,0,0,1,1
13,130716,3,3,0,0,0,4,4,121,280,26,8,2012,1,18,0,1,11,1,I-285/SR-407,,40,33.68284722,-84.50004444,0,12,1,0,1,1,0,1,1,1,0,1,0,0000000,18,0,18,7,18,56,0,0,0,1,0
13,130717,2,2,0,0,0,8,8,291,540,26,8,2012,1,16,21,0,4,3,SR-180,,78,34.76386944,-83.95230278,0,12,2,0,1,1,0,1,1,1,0,1,0,0000000,16,26,16,45,17,9,0,0,0,1,0
13,130718,1,1,0,0,0,1,1,59,270,27,8,2012,2,21,54,1,13,4,CR-EPPS BRIDGE PARKWAY,,18,33.94633889,-83.42781944,0,23,0,0,1,1,0,4,2,10,0,10,0,0000000,22,0,22,5,88,88,0,0,0,1,1
13,130719,1,1,0,0,0,1,1,187,1480,27,8,2012,2,12,53,0,4,3,SR-60,,237,34.62165833,-83.95916667,0,35,0,0,1,1,0,5,1,1,0,1,0,0000000,88,88,88,88,88,88,0,0,0,1,0
13,130720,1,1,0,0,0,2,2,211,0,27,8,2012,2,19,48,1,1,1,I-20/SR-402,,128,33.55521944,-83.45436944,0,34,0,0,1,1,0,3,1,1,0,1,0,0000000,19,51,19,59,19,59,0,0,0,1,0
13,130721,2,2,0,0,0,2,2,87,0,28,8,2012,3,7,53,0,14,3,SR-253,,106,30.93765,-84.57144444,0,1,0,0,1,1,0,1,1,10,0,10,0,0000000,88,88,88,88,88,88,0,0,0,1,0
13,130722,2,2,0,0,0,3,3,169,0,28,8,2012,3,16,58,0,3,3,SR-49,,78,32.93901389,-83.49496111,0,12,2,0,1,1,0,1,1,10,0,10,0,0000000,16,58,17,14,17,48,0,0,0,1,0
13,130723,2,2,0,0,0,2,2,177,0,28,8,2012,3,22,8,1,2,3,SR-520,STORY LANE,56,31.63446667,-84.24493889,0,12,6,0,2,3,0,1,2,1,0,1,0,0000000,22,11,22,14,23,31,0,0,0,1,0
13,130724,2,2,0,0,0,5,5,199,0,28,8,2012,3,16,15,0,3,3,SR-85AL,,4,32.84500278,-84.69481389,0,12,2,0,1,1,0,1,1,10,0,10,0,0000000,16,28,16,34,17,44,0,0,0,3,0
13,130725,2,1,1,0,0,1,1,215,1280,28,8,2012,3,20,35,0,16,6,CROSS TIE COURT,,99999,32.53601389,-84.88058056,0,1,0,0,1,1,0,1,3,1,0,1,0,0000000,20,37,20,43,21,10,0,0,0,1,1
13,130726,1,1,0,0,0,1,1,113,0,29,8,2012,4,11,51,0,14,3,SR-314,,25,33.50161389,-84.44860833,0,1,0,0,1,1,0,1,1,1,0,1,0,0000000,11,49,11,50,12,22,0,0,0,1,0
13,130727,3,3,0,0,0,8,8,121,0,29,8,2012,4,15,17,1,11,1,I-85/SR-403,,114,33.61868056,-84.48421389,0,12,2,0,1,1,0,1,1,1,0,1,0,0000000,15,35,15,38,16,5,0,0,0,2,2
13,130728,1,1,0,0,0,1,1,313,0,29,8,2012,4,11,0,1,1,1,I-75/SR-401,,21,34.62626389,-84.9709,0,42,0,0,1,1,0,5,1,10,0,10,0,0000000,11,13,11,33,12,24,0,0,0,1,0
13,130729,2,2,0,0,0,3,3,43,0,30,8,2012,5,3,10,1,1,1,I-16/SR-404,,115,32.37276667,-82.02700556,0,12,7,0,1,1,0,1,2,1,0,1,0,0000000,3,11,3,24,3,57,0,0,0,1,1
13,130730,1,1,0,0,0,1,1,67,0,30,8,2012,5,1,32,0,15,4,CR-BLACKWELL ROAD,,4,34.03539444,-84.52021667,0,24,0,0,1,1,0,5,2,10,0,10,0,0000000,88,88,88,88,88,88,0,0,0,1,1
13,130731,2,2,0,0,0,2,2,89,0,30,8,2012,5,7,19,0,14,4,CR-PANTHERSVILLE ROAD,OAKVALE ROAD,14,33.68231944,-84.27270833,0,12,1,0,2,3,0,1,1,10,0,10,1,0000000,88,88,88,88,88,88,0,0,0,1,0
13,130732,1,1,0,0,0,1,1,233,0,30,8,2012,5,13,17,0,4,3,SR-100,,99999,33.95368611,-85.26479167,0,35,0,0,1,1,0,5,1,10,0,10,0,0000000,13,12,13,19,14,21,0,0,0,1,0
13,130733,1,1,0,0,0,1,1,67,0,31,8,2012,6,12,3,0,16,4,CR-HOPKINS ROAD,,4,33.89563611,-84.65691389,0,32,0,0,1,1,0,5,1,1,0,1,0,0000000,12,4,12,10,88,88,0,0,0,1,0
13,130734,1,1,0,1,1,1,1,69,0,31,8,2012,6,22,49,0,3,3,SR-32,,85,31.53981944,-82.92539722,0,8,0,0,1,1,0,1,2,1,0,1,0,0000000,22,50,22,57,23,15,0,0,0,1,0
13,130735,1,1,0,0,0,1,1,121,0,31,8,2012,6,5,28,1,13,3,SR-6,MERK ROAD,53,33.67411944,-84.55223889,0,31,0,0,3,4,1,5,2,10,0,10,0,0000000,88,88,88,88,88,88,0,0,0,1,0
13,130736,3,3,0,0,0,4,4,193,4150,31,8,2012,6,6,45,0,3,3,SR-49,CUTOFF ROAD,24,32.21181111,-84.11503333,0,12,6,0,2,3,0,1,2,1,0,1,0,0000000,6,43,6,55,88,88,0,0,0,2,0
13,130737,2,2,0,0,0,2,2,153,0,20,8,2012,2,18,34,1,13,3,SR-96,THOMPSON MILL ROAD,89,32.54365,-83.57379722,0,12,6,0,2,2,0,1,1,10,0,10,0,0000000,18,36,18,46,88,88,0,0,0,1,0
13,130738,3,3,0,0,0,4,4,29,2218,5,2,2012,1,22,52,1,3,3,SR-119,,20,99.99990000,999.99990000,2,12,2,0,1,1,0,1,2,1,0,1,0,0000000,99,99,99,99,99,99,0,0,0,1,0
13,130739,2,2,0,0,0,2,2,89,0,1,9,2012,7,12,30,0,14,3,SR-236 / LAVISTA RD,,25,33.82008889,-84.309025,0,12,2,0,1,1,0,1,1,10,0,10,0,0000000,12,30,12,38,13,30,0,0,0,1,0
13,130740,1,1,0,0,0,1,1,297,0,1,9,2012,7,1,41,0,14,3,SR-20,,50,33.80155,-83.95520556,0,34,0,0,1,1,0,4,2,10,0,10,0,0000000,99,99,99,99,99,99,0,0,0,1,1
13,130741,2,2,0,0,0,2,2,159,0,2,9,2012,1,23,19,0,4,4,CR-285 / HENDERSON MILL RD,,11,33.44224722,-83.78074722,0,12,6,0,1,1,0,1,2,1,0,1,0,0000000,88,88,88,88,88,88,0,0,0,2,1
13,130742,1,1,0,1,1,2,2,67,0,1,9,2012,7,1,59,0,16,4,CR-1082 / SANDTOWN RD,,7,33.92471944,-84.55493889,0,8,0,0,1,1,0,1,2,1,0,1,0,0000000,2,1,2,7,2,25,0,0,0,1,0
13,130743,1,1,0,0,0,3,3,15,3020,3,9,2012,2,18,53,1,2,2,US-411 / SR-20,,15,34.20348056,-85.01876944,0,42,0,0,1,1,0,4,1,10,0,10,0,0000000,99,99,99,99,99,99,0,0,0,2,0
13,130744,1,1,0,0,0,1,1,135,0,3,9,2012,2,18,1,1,13,2,US-29 / SR-316,,120,33.97383889,-83.91271111,0,42,0,0,1,1,1,4,1,1,0,1,0,0000000,88,88,88,88,88,88,0,0,0,1,0
13,130745,1,1,0,0,0,7,7,151,3360,3,9,2012,2,0,39,1,1,1,I-75,,28,33.33819444,-84.12261111,0,52,0,0,1,1,0,4,2,10,0,10,0,0000000,0,54,1,3,1,36,0,0,0,1,0
13,130746,1,1,0,0,0,4,4,185,0,3,9,2012,2,15,13,1,1,1,I-75,,5,30.63219167,-83.17846389,0,1,0,0,1,1,0,4,1,10,0,10,0,0000000,99,99,99,99,99,99,0,0,0,1,0
13,130747,2,2,0,0,0,2,2,257,0,3,9,2012,2,19,26,0,4,4,CR-538 / BROOKHAVEN CIR,,44,34.56386111,-83.22412778,0,12,2,0,1,1,0,1,1,10,0,10,0,0000000,99,99,99,99,99,99,0,0,0,1,0
13,130748,1,1,0,0,0,1,1,69,0,4,9,2012,3,12,42,1,2,2,US-441 / SR-31,,21,31.43370556,-82.85065556,0,34,0,0,1,1,0,4,1,1,0,1,0,0000000,99,99,99,99,99,99,0,0,0,1,0
13,130749,1,1,0,0,0,2,2,295,0,4,9,2012,3,9,5,0,16,4,CR-721 / N MARBLE TOP RD,,36,34.88168056,-85.333875,0,34,0,0,1,1,0,4,1,2,0,2,0,0000000,99,99,99,99,99,99,0,0,0,1,0
13,130750,1,1,0,0,0,1,1,89,0,5,9,2012,4,14,59,1,12,2,US-78 / STONE MTN PKWY,,47,33.83520833,-84.19898333,0,42,0,0,1,1,0,6,1,1,0,1,0,0000000,15,0,15,8,15,40,0,0,0,1,0
13,130751,2,2,0,0,0,2,2,175,0,5,9,2012,4,12,56,0,4,3,SR-19,,110,32.42124722,-82.85650833,0,12,6,0,1,1,0,1,1,2,0,2,0,0000000,88,88,88,88,88,88,0,0,0,1,0
13,130752,4,4,0,0,0,4,4,115,4760,7,9,2012,6,20,57,1,13,3,SR-20 / SHORTER AVE,PARIS DR,152,34.26838056,-85.21201389,0,12,6,0,2,3,0,1,5,1,0,1,0,0000000,20,57,21,1,21,24,0,0,0,1,1
13,130753,4,4,0,0,0,6,6,121,1900,7,9,2012,6,17,3,1,11,1,I-285,,37,33.65214167,-84.49756111,0,12,1,0,1,1,0,1,1,1,0,1,0,0000000,99,99,99,99,99,99,0,0,0,1,0
13,130754,2,2,0,0,0,3,3,185,5680,7,9,2012,6,12,59,0,14,3,SR-7 ALT,W CRANFORD AVE,15,30.85526389,-83.28873056,0,12,6,0,2,2,0,1,1,10,0,10,0,0000000,12,59,13,4,13,10,0,0,0,1,0
13,130755,3,2,1,0,0,2,2,231,6110,7,9,2012,6,6,5,1,2,2,US-19 / SR-3,,78,33.09649167,-84.3438,0,54,11,0,8,1,0,1,1,1,0,1,0,0000000,88,88,88,88,88,88,14,0,0,1,0
13,130756,2,2,0,0,0,2,2,289,0,7,9,2012,6,19,17,1,2,3,SR-57,RIDGE RD,5,32.85061389,-83.48443056,0,12,6,0,2,2,0,1,1,1,0,1,0,0000000,99,99,99,99,99,99,0,0,0,1,0
13,130757,1,1,0,0,0,1,1,117,0,8,9,2012,7,8,4,0,16,4,CR-276 / SPOT RD,,26,34.25960833,-84.12786667,0,32,0,0,1,1,0,4,1,1,0,1,0,0000000,8,5,8,16,88,88,0,0,0,1,0
13,130758,2,2,0,0,0,4,4,137,0,8,9,2012,7,11,0,1,2,2,US-23 / SR-15,ANTIOCH RD,125,34.61454167,-83.44867778,0,12,6,0,2,2,0,1,1,1,0,1,0,0000000,99,99,99,99,99,99,0,0,0,1,0
13,130759,1,1,0,0,0,1,1,303,0,8,9,2012,7,20,45,0,6,4,CR-358 / NEWS BRIDGE RD,,45,32.89111111,-82.73703056,0,35,0,0,1,1,0,4,2,10,2,2,0,0000000,88,88,88,88,88,88,0,0,0,1,0
13,130760,2,2,0,0,0,4,4,89,280,9,9,2012,1,19,14,0,14,2,US-23 / MORELAND AVE,S RIVER INDUSTRIAL BLVD,26,33.68292778,-84.34745278,0,12,6,0,2,2,0,1,5,1,0,1,0,0000000,99,99,99,99,99,99,0,0,0,1,1
13,130761,1,1,0,0,0,1,1,67,0,10,9,2012,2,16,15,1,1,1,I-75,,118,34.00956389,-84.56726944,0,42,0,0,1,1,0,5,1,1,0,1,0,0000000,88,88,88,88,88,88,0,0,0,1,0
13,130762,1,1,0,0,0,2,2,73,0,10,9,2012,2,19,13,0,3,3,SR-232,,33,33.52554722,-82.25864722,0,1,0,0,1,1,0,4,1,1,0,1,0,0000000,19,15,19,27,20,38,0,0,0,1,1
13,130763,2,2,0,0,0,2,2,91,0,11,9,2012,3,10,50,0,4,3,SR-117,,139,32.11386667,-83.17709167,0,12,2,0,1,1,0,1,1,1,0,1,0,0000000,99,99,99,99,99,99,0,0,0,1,0
13,130764,1,1,0,1,1,6,6,133,5650,11,9,2012,3,17,9,0,3,3,SR-77,,182,33.67791944,-83.10800556,0,8,0,0,1,1,1,1,1,1,0,1,0,0000000,99,99,99,99,99,99,0,0,0,1,0
13,130765,2,2,0,0,0,2,2,199,0,11,9,2012,3,14,25,0,3,2,US-27 ALT / SR-41,,228,33.12092222,-84.72803611,0,12,8,0,1,1,0,1,1,1,0,1,0,0000000,88,88,88,88,88,88,0,0,0,1,0
13,130766,2,2,0,0,0,2,2,275,5460,11,9,2012,3,10,25,1,13,2,US-84 / SR-35,COUNTY LINE RD,115,30.87503889,-83.97678333,0,12,6,0,2,2,0,1,1,1,0,1,0,0000000,88,88,88,88,88,88,0,0,0,1,0
13,130767,3,3,0,0,0,5,5,73,0,12,9,2012,4,23,44,1,13,3,SR-104,RONALD REAGAN DR,50,33.54205278,-82.13592778,0,12,6,0,2,2,0,1,6,1,0,1,0,0000000,23,45,23,49,0,9,0,0,0,1,2
13,130768,2,2,0,0,0,2,2,139,0,12,9,2012,4,20,34,1,13,3,SR-53,,33,34.33348889,-83.90302778,0,12,2,0,1,1,0,1,2,1,0,1,0,0000000,99,99,99,99,99,99,0,0,0,1,1
13,130769,3,3,0,0,0,7,7,167,6080,13,9,2012,5,16,36,0,5,4,CR-198 / IDYLWILD RD,,34,32.68786389,-82.73151111,0,12,8,0,1,1,0,1,1,1,0,1,0,0000000,99,99,99,99,99,99,0,0,0,1,0
13,130770,1,1,0,1,1,2,2,59,270,14,9,2012,6,5,4,1,13,2,US-78 / SR-10,,11,33.94078611,-83.49763889,0,8,0,0,1,1,0,1,2,1,0,1,0,0000000,5,9,5,17,88,88,0,0,0,1,0
13,130771,1,1,0,1,1,1,1,73,0,14,9,2012,6,16,38,1,13,3,SR-104,,56,33.54531389,-82.1443,0,8,0,0,1,1,0,1,1,1,0,1,0,0000000,16,40,16,46,17,28,0,0,0,1,0
13,130772,1,1,0,0,0,1,1,151,0,14,9,2012,6,9,20,0,14,4,CR-672 / PANOLA RD,,29,33.64251389,-84.20508333,0,34,0,0,1,1,0,4,1,10,0,10,0,0000000,99,99,99,99,99,99,0,0,0,1,0
13,130773,1,1,0,0,0,1,1,113,0,15,9,2012,7,18,19,0,14,3,SR-92,,184,33.53122778,-84.51435833,0,1,0,0,1,1,0,4,1,1,0,1,0,0000000,18,20,18,28,18,55,0,0,0,1,0
13,130774,1,1,0,0,0,1,1,233,0,15,9,2012,7,21,10,0,4,4,CR-434 / ANTIOCH RD,,37,33.94854444,-85.21663611,0,42,0,0,1,1,0,4,2,1,0,1,0,0000000,99,99,99,99,99,99,0,0,0,1,1
13,130775,1,1,0,0,0,3,3,121,280,16,9,2012,1,21,44,1,11,1,I-285,,118,33.78962222,-84.49044167,0,52,0,0,1,1,0,4,2,2,0,2,0,0000000,21,44,22,0,22,25,0,0,0,1,0
13,130776,2,2,0,0,0,2,2,129,0,16,9,2012,1,18,19,0,4,4,CR-373 / CASH RD,,87,34.45635278,-84.81285278,0,53,0,0,1,1,0,4,1,1,0,1,0,0000000,99,99,99,99,99,99,0,0,0,1,1
13,130777,1,1,0,1,1,2,2,131,0,16,9,2012,1,13,11,1,2,2,US-319 / SR-35,,66,30.75715833,-84.09481111,0,9,0,0,1,1,0,1,1,1,0,1,0,0000000,99,99,99,99,99,99,0,0,0,1,0
13,130778,1,1,0,0,0,1,1,147,0,16,9,2012,1,0,19,0,6,4,CR-197 / SHOAL CREEK RD,,27,34.43973056,-83.04586667,0,59,0,0,1,1,0,4,2,1,0,1,0,0000000,99,99,99,99,99,99,0,0,0,1,0
13,130779,1,1,0,0,0,1,1,193,0,16,9,2012,1,19,59,0,4,3,SR-127,,67,32.43346944,-84.04879167,0,1,0,0,1,1,0,4,2,1,0,1,0,0000000,99,99,99,99,99,99,0,0,0,1,1
13,130780,1,1,0,1,1,1,1,245,310,17,9,2012,2,6,46,1,13,2,US-1 / SR-4,GOLDEN CAMP RD,189,33.42811944,-82.04799722,0,8,0,0,3,2,0,1,4,10,0,10,0,0000000,88,88,88,88,88,88,0,0,0,1,0
13,130781,1,1,0,0,0,1,1,55,5260,18,9,2012,3,9,51,1,2,2,US-27 / SR-1,,30,34.45275556,-85.25085556,0,32,0,0,1,1,0,4,1,10,0,10,0,0000000,99,99,99,99,99,99,0,0,0,1,0
13,130782,2,2,0,0,0,3,3,89,0,10,6,2012,1,17,56,0,14,4,CR-5185 / EVANS MILL RD,MALL PKWY,0,33.69960278,-84.11792222,0,12,2,0,2,2,0,1,1,2,0,2,0,0000000,17,56,18,4,18,37,0,0,0,1,1
13,130784,2,2,0,0,0,2,2,207,0,14,9,2012,6,15,11,0,3,3,SR-19,SANDERS ROAD,10,32.92607222,-83.78706667,0,12,6,0,3,3,0,1,1,1,0,1,0,0000000,15,10,15,18,16,13,0,0,0,1,0
13,130785,1,1,0,0,0,2,2,89,0,18,9,2012,3,22,30,0,16,4,CR-OSBORNE ROAD,HAVEN BROOK WAY,8,33.87667222,-84.34224444,0,30,0,0,3,2,0,5,3,1,0,1,0,0000000,22,24,22,30,23,49,0,0,0,1,0
13,130786,2,2,0,0,0,3,3,199,0,18,9,2012,3,10,55,0,3,3,SR-41,JUDSON BULLOCH ROAD,34,32.877025,-84.64405278,0,12,6,0,2,2,0,1,1,10,0,10,0,0000000,10,58,11,5,12,12,0,0,0,1,0
13,130787,2,2,0,0,0,2,2,317,0,18,9,2012,3,9,24,1,2,2,US-78,,81,33.78348056,-82.83610278,0,12,1,0,1,1,0,1,1,2,0,2,0,0000000,10,20,10,34,10,53,0,0,0,1,0
13,130788,2,2,0,0,0,2,2,13,0,19,9,2012,4,15,5,1,2,3,SR-316,SMITH ROAD,89,33.95197778,-83.687925,0,12,6,0,2,2,0,1,1,1,0,1,0,0000000,99,99,99,99,99,99,0,0,0,1,0
13,130789,2,2,0,0,0,3,3,67,0,19,9,2012,4,23,30,0,15,4,CR-KENNESAW DUE WEST ROAD,,15,33.99656944,-84.62831111,0,12,1,0,1,1,0,1,2,1,0,1,0,0000000,23,2,23,7,23,35,0,0,0,1,1
13,130790,1,1,0,0,0,2,2,97,1770,19,9,2012,4,17,59,1,11,1,I-20/SR-402,,107,33.73153889,-84.7426,0,24,0,1,18,1,0,4,1,1,0,1,0,0000000,17,59,18,4,19,2,0,0,0,1,0
13,130791,1,1,0,0,0,1,1,159,0,20,9,2012,5,5,4,0,4,4,CR-JACKSON LAKE ROAD,,26,33.34028056,-83.83831111,0,34,0,0,1,1,0,4,2,1,0,1,0,0000000,99,99,99,99,99,99,0,0,0,1,0
13,130792,1,1,0,0,0,1,1,13,0,21,9,2012,6,6,20,0,14,3,SR-8,,99999,33.99259167,-83.75359167,0,53,0,0,1,1,0,5,2,10,0,10,0,0000000,99,99,99,99,99,99,0,0,0,1,0
13,130793,2,2,0,0,0,13,13,25,0,21,9,2012,6,15,36,1,2,3,SR-520,,96,31.20748611,-81.95826944,0,12,1,0,1,1,0,1,1,2,0,2,1,0000000,15,38,15,39,16,33,0,0,0,1,0
13,130794,3,3,0,0,0,5,5,133,0,21,9,2012,6,15,35,0,3,3,SR-44,,70,33.52205556,-83.22231389,0,12,2,0,1,1,0,1,1,1,0,1,0,0000000,15,35,15,40,17,0,0,0,0,1,0
13,130795,3,3,0,1,1,6,6,287,0,21,9,2012,6,6,28,1,1,1,I-75/SR-401,,70,31.6833,-83.62166667,0,8,0,0,1,1,0,1,2,5,0,5,0,0000000,99,99,99,99,99,99,0,0,0,1,0
13,130796,2,2,0,0,0,1,1,45,0,22,9,2012,7,9,5,0,3,3,SR-166,,272,33.60320833,-84.91383333,0,12,6,0,4,1,0,1,1,1,0,1,0,0000000,99,99,99,99,99,99,0,0,0,1,0
13,130797,1,1,0,0,0,2,2,71,3800,22,9,2012,7,13,20,0,5,6,CR-OLD BERLIN ROAD,,17,31.07546389,-83.68533611,0,53,0,0,1,1,0,5,1,1,0,1,0,0000000,99,99,99,99,99,99,0,0,0,2,0