STATE,ST_CASE,VE_TOTAL,VE_FORMS,PVH_INVL,PEDS,PERNOTMVIT,PERMVIT,PERSONS,COUNTY,CITY,DAY,MONTH,YEAR,DAY_WEEK,HOUR,MINUTE,NHS,ROAD_FNC,ROUTE,TWAY_ID,TWAY_ID2,MILEPT,LATITUDE,LONGITUD,SP_JUR,HARM_EV,MAN_COLL,RELJCT1,RELJCT2,TYP_INT,WRK_ZONE,REL_ROAD,LGT_COND,WEATHER1,WEATHER2,WEATHER,SCH_BUS,RAIL,NOT_HOUR,NOT_MIN,ARR_HOUR,ARR_MIN,HOSP_HR,HOSP_MN,CF1,CF2,CF3,FATALS,DRUNK_DR
13,130798,2,2,0,0,0,3,3,181,0,22,9,2012,7,15,19,0,6,4,CR-HEPHZIBAH CHURCH ROAD,,3,33.74568889,-82.52906944,0,12,2,0,1,1,0,1,1,1,0,1,0,0000000,15,20,15,27,16,5,0,0,0,1,0
13,130799,1,1,0,0,0,2,2,31,730,23,9,2012,1,2,32,0,4,6,MUD ROAD,ARCOLA ROAD,64,32.30626389,-81.62138056,0,42,0,0,1,1,0,5,2,5,0,5,0,0000000,99,99,99,99,99,99,0,0,0,1,1
13,130800,1,1,0,0,0,1,1,215,1280,23,9,2012,1,16,39,1,12,6,JR. ALLEN PKWY,BLACKMON ROAD,76,32.55452222,-84.89803889,0,42,0,0,1,1,0,5,1,1,0,1,0,0000000,16,40,16,48,88,88,0,0,0,1,0
13,130801,1,1,0,0,0,1,1,119,0,24,9,2012,2,13,46,0,3,3,SR-320,,99999,34.43335278,-83.32414722,0,35,0,0,1,1,0,4,1,1,0,1,0,0000000,13,47,13,54,14,37,0,0,0,1,0
13,130802,5,5,0,0,0,5,5,135,0,24,9,2012,2,17,9,0,14,3,SR-378,I-85,29,33.93594722,-84.15882222,0,12,1,1,3,3,0,1,1,1,0,1,0,0000000,17,9,17,15,17,49,0,0,0,1,0
13,130803,1,1,0,0,0,1,1,185,0,24,9,2012,2,14,3,0,3,3,SR-7,,65,30.9706,-83.35950556,0,59,0,0,1,1,0,4,1,1,0,1,0,0000000,99,99,99,99,99,99,0,0,0,1,0
13,130804,2,2,0,0,0,2,2,213,0,24,9,2012,2,8,46,1,2,3,SR-52,UNKNOWN ROAD,76,34.77803056,-84.84985,0,12,1,0,2,3,0,1,1,1,0,1,0,0000000,8,46,8,52,99,99,0,0,0,1,0
13,130805,1,1,0,0,0,2,2,319,0,24,9,2012,2,19,13,0,3,3,SR-57,,237,32.80095556,-83.029975,0,1,0,0,1,1,0,1,2,1,0,1,0,0000000,99,99,99,99,99,99,0,0,0,2,1
13,130806,2,2,0,0,0,2,2,241,9997,25,9,2012,3,17,40,0,4,4,CR-WARWOMAN ROAD,,90,34.90991111,-83.25070556,0,12,2,0,1,1,0,1,1,1,0,1,0,0000000,17,46,17,54,18,26,0,0,0,1,0
13,130807,1,1,0,0,0,1,1,295,0,25,9,2012,3,12,52,0,14,3,SR-341,,39,34.80493889,-85.32456389,0,32,0,0,1,1,0,4,1,1,0,1,0,0000000,99,99,99,99,99,99,0,0,0,1,0
13,130808,4,4,0,0,0,4,4,59,270,26,9,2012,4,18,59,1,13,3,SR-10,,75,33.92356389,-83.37370278,0,12,2,0,1,1,0,1,1,1,0,1,0,0000000,19,0,19,3,19,34,0,0,0,1,0
13,130809,2,2,0,0,0,2,2,135,800,26,9,2012,4,14,31,1,13,3,SR-20,GRAVEL SPRINGS ROAD,78,99.99990000,999.99990000,0,12,6,0,2,2,0,1,1,1,0,1,0,0000000,14,29,14,37,15,3,0,0,0,1,0
13,130810,1,1,0,1,1,1,1,171,0,26,9,2012,4,20,45,0,14,3,SR-18,,41,33.04947222,-84.18224722,0,8,0,0,1,1,0,1,2,1,0,1,0,0000000,99,99,99,99,99,99,99,99,99,1,0
13,130811,4,4,0,0,0,7,7,39,0,27,9,2012,5,5,50,1,1,1,I-95/SR-405,,269,31.11133889,-81.59172222,0,24,0,0,1,1,0,3,2,1,0,1,0,0000000,5,55,6,7,6,56,0,0,0,1,0
13,130812,2,2,0,0,0,5,5,25,0,27,9,2012,5,10,0,1,2,3,SR-520,,99999,31.21204722,-81.92549722,0,12,1,0,1,1,0,1,1,1,0,1,0,0000000,99,99,99,99,99,99,0,0,0,2,0
13,130813,2,2,0,0,0,2,2,135,0,27,9,2012,5,6,39,1,13,3,SR-316,HURRICANE TRAIL,81,33.98734722,-83.93825833,0,12,6,0,2,3,0,1,3,1,0,1,0,0000000,6,40,6,45,8,26,0,0,0,1,0
13,130814,1,1,0,1,1,1,1,215,1280,27,9,2012,5,23,33,1,13,3,SR-85,,38,32.50693889,-84.96645556,0,8,0,0,1,1,0,1,3,10,0,10,0,0000000,23,33,23,35,23,50,0,0,0,1,0
13,130815,2,2,0,0,0,8,8,31,730,28,9,2012,6,21,50,0,3,3,SR-67,EMIT GROVE CHURCH ROAD,123,32.34388333,-81.73962222,0,12,6,0,2,2,0,1,2,1,0,1,0,0000000,99,99,99,99,99,99,0,0,0,1,0
13,130816,1,1,0,0,0,1,1,69,0,28,9,2012,6,11,56,0,14,3,SR-135,,51,31.46979167,-82.87857222,0,42,0,0,1,1,0,5,1,1,0,1,0,0000000,11,52,11,57,12,25,0,0,0,1,0
13,130817,1,1,0,0,0,1,1,97,1770,28,9,2012,6,17,9,0,15,6,N. BURNT HICKORY ROAD,,14,33.79483611,-84.72106667,0,34,0,0,1,1,0,4,1,1,0,1,0,0000000,17,17,17,23,17,41,0,0,0,1,1
13,130818,2,2,0,0,0,4,4,121,280,28,9,2012,6,15,48,1,11,1,I-75/85,,35,33.70535278,-84.40344444,0,12,7,0,1,1,0,1,1,1,0,1,0,0000000,99,99,99,99,99,99,0,0,0,1,0
13,130819,1,1,0,0,0,1,1,135,3990,28,9,2012,6,7,51,0,15,6,STEVE REYNOLDS BLVD.,,18,33.93647778,-84.13748056,0,24,0,0,1,1,0,4,2,1,0,1,0,0000000,7,51,7,59,88,88,0,0,0,1,0
13,130820,1,1,0,0,0,1,1,151,0,28,9,2012,6,5,20,0,14,3,SR-42,,156,33.49949167,-84.18263611,0,35,0,0,1,1,0,5,2,1,0,1,0,0000000,88,88,88,88,88,88,0,0,0,1,0
13,130821,2,2,0,0,0,3,3,97,1770,29,9,2012,7,13,50,0,14,3,SR-92,DORRIS ROAD,75,33.75048611,-84.73673611,0,12,6,0,3,3,0,1,1,1,0,1,0,0000000,13,51,13,54,14,53,0,0,0,1,0
13,130822,2,2,0,0,0,3,3,117,0,29,9,2012,7,17,52,1,13,3,SR-53,,43,34.30823611,-83.96313333,0,12,6,0,8,1,0,1,1,1,0,1,0,0000000,17,52,18,2,18,50,0,0,0,1,0
13,130823,1,1,0,0,0,3,3,121,280,29,9,2012,7,4,56,1,11,1,I-75,,28,33.793825,-84.39176389,0,35,0,1,5,1,0,8,3,1,0,1,0,0000000,4,58,5,17,5,56,0,0,0,1,1
13,130824,2,2,0,0,0,7,7,111,560,30,9,2012,1,16,42,1,2,3,SR-5,,88,34.91723889,-84.37703333,0,12,1,0,8,1,0,1,1,1,0,1,0,0000000,99,99,99,99,99,99,0,0,0,1,0
13,130825,2,2,0,0,0,4,4,139,1180,30,9,2012,1,19,29,1,2,6,RANSOM FREE ROAD,SR-283,249,34.47784167,-83.80078889,0,12,6,0,2,2,0,1,2,2,0,2,0,0000000,20,38,20,44,21,36,0,0,0,2,0
13,130826,2,2,0,0,0,2,2,231,0,6,9,2012,5,13,1,1,2,2,US-19 / SR-3,,22,33.02278889,-84.32458056,0,12,6,0,8,1,0,1,1,1,0,1,0,0000000,13,1,13,12,13,40,0,0,0,1,0
13,130827,1,1,0,1,1,1,1,21,3390,1,10,2012,2,21,57,1,13,2,US-129 /SR-22,,161,32.86210833,-83.61330833,0,8,0,0,1,1,0,1,3,10,0,10,0,0000000,21,54,21,58,88,88,0,0,0,1,0
13,130828,1,1,0,0,0,3,3,33,0,1,10,2012,2,8,5,1,2,2,US-25 / SR-121,,78,33.03421944,-81.98713889,0,34,0,0,1,1,0,4,1,10,0,10,0,0000000,8,8,8,12,9,15,0,0,0,1,0
13,130829,1,1,0,0,0,2,2,57,920,1,10,2012,2,18,0,0,4,3,SR-108,,60,34.28215556,-84.56636944,0,42,0,0,1,1,0,4,1,2,0,2,0,0000000,18,12,18,19,18,41,0,0,0,1,0
13,130830,2,2,0,0,0,2,2,93,0,2,10,2012,3,1,55,1,1,1,I-75,,60,32.12483056,-83.76036944,0,12,1,0,1,1,1,1,2,2,0,2,0,0000000,1,53,2,2,2,56,0,0,0,1,0
13,130831,1,1,0,1,1,1,1,121,280,2,10,2012,3,20,7,0,15,6,STONE HOGAN CONN,N CAMP CREEK PKWY,5,33.673525,-84.49704444,0,8,0,0,3,3,0,1,3,2,0,2,0,0000000,20,9,20,23,20,47,0,0,0,1,0
13,130832,1,1,0,0,0,1,1,179,3590,2,10,2012,3,21,42,1,2,2,US-84 / SR-38,GLOUCESTER DR,99999,31.79988333,-81.43633611,0,33,0,0,3,3,0,4,3,1,0,1,0,0000000,88,88,88,88,88,88,0,0,0,1,0
13,130833,2,2,0,0,0,2,2,215,1280,2,10,2012,3,7,15,0,14,6,BUENA VISTA RD,,61,32.4665,-84.90228611,0,12,2,0,1,1,0,1,4,10,0,10,0,0000000,7,15,7,22,7,44,0,0,0,1,0
13,130834,1,1,0,0,0,1,1,215,1280,2,10,2012,3,17,35,1,12,2,US-80 / J R ALLEN PKWY,,9,32.51040278,-84.99222222,0,18,0,0,1,1,0,1,1,1,0,1,0,0000000,17,36,17,45,17,56,0,0,0,1,0
13,130835,2,2,0,0,0,3,3,23,0,4,10,2012,5,7,20,1,3,3,SR-26,,119,32.45388333,-83.26946944,0,12,2,0,1,1,0,1,2,2,0,2,0,0000000,7,25,7,32,88,88,0,0,0,1,0
13,130836,2,2,0,0,0,2,2,121,280,4,10,2012,5,13,17,0,14,6,NORTHSIDE DR,KING RD,22,33.86255556,-84.40440556,0,12,2,0,1,1,0,1,1,1,0,1,0,0000000,13,18,13,32,14,4,0,0,0,1,0
13,130837,1,1,0,0,0,1,1,157,0,4,10,2012,5,17,10,0,4,4,CR-424 / WOODS BRIDGE RD,,10,34.21141667,-83.501525,0,34,0,0,1,1,0,4,1,1,0,1,0,0000000,17,5,17,11,17,55,0,0,0,1,0
13,130838,1,1,0,1,1,1,1,157,3980,4,10,2012,5,20,23,0,5,6,SANFORD DR,QUAIL RIDGE DR,7,34.113125,-83.41858056,0,9,0,0,1,1,0,1,2,1,0,1,0,0000000,20,23,20,26,21,1,0,0,0,1,0
13,130839,1,1,0,0,0,1,1,169,0,4,10,2012,5,14,16,1,3,3,SR-49,,116,32.96695278,-83.42812222,0,34,0,0,1,1,0,4,1,1,0,1,0,0000000,14,24,14,26,15,28,0,0,0,1,0
13,130840,1,1,0,1,1,1,1,215,1280,4,10,2012,5,8,7,1,13,2,US-27 ALT / MANCHESTER EXPY,,45,32.50676389,-84.95555278,0,8,0,0,1,1,0,1,1,1,0,1,0,0000000,8,7,8,13,8,31,0,0,0,1,0
13,130841,2,2,0,0,0,2,2,3,357,5,10,2012,6,10,0,1,2,2,US-82 / SR-520,MINCHEW RD,227,31.27656944,-82.734225,0,12,6,0,2,3,0,1,1,1,0,1,0,0000000,99,99,99,99,99,99,0,0,0,1,0
13,130842,1,1,0,0,0,1,1,129,860,5,10,2012,6,7,34,0,16,6,VICTORY DR,,5,34.49816944,-84.9474,0,35,0,0,1,1,0,4,4,5,0,5,0,0000000,7,35,7,42,88,88,0,0,0,1,0
13,130843,3,3,0,0,0,3,3,185,0,5,10,2012,6,15,0,1,13,2,US-84 / SR-38,,68,30.80686667,-83.34111389,0,12,6,0,1,1,0,1,1,10,0,10,0,0000000,15,2,15,12,15,38,0,0,0,1,0
13,130844,1,1,0,0,0,1,1,207,0,5,10,2012,6,22,30,0,4,3,SR-42,,204,33.118925,-83.94275833,0,35,0,0,1,1,0,4,2,10,0,10,0,0000000,17,8,17,14,18,28,0,0,0,1,0
13,130845,1,1,0,0,0,1,1,15,0,6,10,2012,7,4,13,0,15,4,CR-532 / INDUSTRIAL PARK RD,,10,34.23525833,-84.78448611,0,1,0,0,1,1,0,4,2,1,0,1,0,0000000,88,88,88,88,88,88,0,0,0,1,0
13,130846,2,2,0,0,0,4,4,27,0,6,10,2012,7,22,28,0,4,3,SR-122,SR-333,278,31.00134444,-83.57430833,0,12,6,0,2,2,0,1,2,1,0,1,0,0000000,99,99,99,99,99,99,0,0,0,1,0
13,130847,1,1,0,1,1,1,1,39,0,6,10,2012,7,12,57,0,6,6,HERON RD,,99999,30.803075,-81.56285556,0,9,0,0,8,1,0,1,1,10,0,10,0,0000000,99,99,99,99,99,99,0,0,0,1,0
13,130848,2,2,0,0,0,5,5,225,0,6,10,2012,7,18,6,1,2,3,SR-49 CO,WOOLFOLK RD,32,32.57768333,-83.89312222,0,12,6,0,2,2,0,1,1,1,0,1,0,0000000,18,8,18,30,19,0,0,0,0,2,1
13,130849,2,2,0,0,0,2,2,297,0,6,10,2012,7,14,59,0,4,4,CR-453 / YOUTH MONROE RD,,12,33.80397778,-83.818875,0,12,6,0,8,1,0,1,1,1,0,1,0,0000000,99,99,99,99,99,99,0,0,0,1,0
13,130850,1,1,0,0,0,1,1,305,2960,6,10,2012,7,20,3,1,13,2,US-84 / SR-38,,113,31.59170278,-81.94992778,0,32,0,0,1,1,0,4,2,1,0,1,0,0000000,99,99,99,99,99,99,0,0,0,1,1
13,130851,1,1,0,0,0,3,3,45,5730,7,10,2012,1,18,29,0,6,4,CR-432 / DANIEL RD,,6,33.70071111,-84.922325,0,42,0,0,1,1,0,4,1,1,0,1,0,0000000,18,34,18,41,19,15,0,0,0,1,1
13,130852,1,1,0,1,1,4,4,67,320,7,10,2012,1,18,46,1,13,2,US-278 / C H JAMES PKWY,HUMPHRIES HILL RD,71,33.80795278,-84.65405833,0,9,0,0,2,2,0,1,1,1,0,1,0,0000000,88,88,88,88,88,88,0,0,0,1,0
13,130853,1,1,0,1,1,1,1,73,0,7,10,2012,1,19,29,0,3,2,US-78 / SR-10,,62,33.40693333,-82.23429167,0,8,0,0,1,1,0,1,2,1,0,1,0,0000000,19,31,19,37,88,88,0,0,0,1,0
13,130854,1,1,0,0,0,4,4,89,0,7,10,2012,1,0,37,1,11,1,I-20,,35,33.713075,-84.29359444,0,25,0,0,1,1,0,3,3,1,0,1,0,0000000,99,99,99,99,99,99,0,0,0,1,1
13,130855,1,1,0,0,0,1,1,89,0,7,10,2012,1,1,4,0,15,4,CR-1026 / IDLEWOOD RD,HARBOUR OAKS RD,8,33.83014444,-84.21844167,0,53,0,0,1,1,0,4,2,1,0,1,0,0000000,88,88,88,88,88,88,0,0,0,1,1
13,130856,1,1,0,0,0,1,1,89,1610,7,10,2012,1,7,20,0,15,4,CR-573 / LINECREST RD,,12,33.64823889,-84.25193056,0,31,0,0,1,1,0,4,3,10,0,10,0,0000000,7,20,7,25,8,0,0,0,0,1,1
13,130857,1,1,0,0,0,1,1,59,270,8,10,2012,2,0,18,0,15,4,CR-140 / SPRING VALLEY RD,,18,33.97234722,-83.3116,0,42,0,0,1,1,0,4,2,10,0,10,0,0000000,0,21,0,27,88,88,0,0,0,1,0
13,130858,2,2,0,0,0,4,4,63,9997,8,10,2012,2,9,19,1,13,3,SR-138,EMBASSY TRACE,10,33.55075,-84.44087222,0,12,6,0,3,3,0,1,1,10,0,10,0,0000000,9,22,9,27,9,42,0,0,0,1,0
13,130859,2,2,0,0,0,2,2,67,3440,8,10,2012,2,12,8,1,11,1,I-75,,56,33.96100833,-84.51938333,0,12,7,0,1,1,0,1,1,10,0,10,0,0000000,99,99,99,99,99,99,0,0,0,1,0
13,130860,1,1,0,0,0,1,1,115,4760,8,10,2012,2,6,7,0,4,3,SR-156,OLD DALTON RD,60,34.43823611,-85.10813889,0,34,0,0,1,1,0,4,2,5,0,5,0,0000000,6,7,6,19,88,88,0,0,0,1,0
13,130861,2,2,0,0,0,7,7,245,310,8,10,2012,2,16,7,0,16,4,CR-2310 / MERRY ST,CENTRAL AVE,1,33.46864722,-82.00135,0,12,6,0,2,3,0,1,1,10,0,10,0,0000000,16,6,16,9,16,23,0,0,0,1,0
13,130862,2,2,0,0,0,2,2,305,2960,8,10,2012,2,20,57,0,16,6,E WALNUT ST,N HICKORY ST,3,31.60196111,-81.87657778,0,12,6,0,2,3,0,1,2,10,0,10,0,0000000,20,58,21,1,21,15,20,0,0,1,0
13,130863,2,2,0,0,0,5,5,89,0,9,10,2012,3,7,45,1,13,2,US-78 / PONCE DE LEON AVE,,18,33.77165833,-84.31801944,0,12,6,0,1,1,0,1,1,1,0,1,0,0000000,7,45,7,56,8,43,0,0,0,1,0
13,130864,2,2,0,1,1,2,2,51,4910,10,10,2012,4,23,15,1,13,2,US-17 / SR-25,,43,32.01426111,-81.23278333,0,8,0,0,1,1,0,1,2,1,0,1,0,0000000,99,99,99,99,99,99,0,0,0,1,0
13,130865,1,1,0,1,1,1,1,67,0,10,10,2012,4,17,46,0,14,4,CR-7592  / CANTON RD,,19,34.02915833,-84.52790278,0,8,0,0,1,1,0,11,1,1,0,1,0,0000000,17,46,17,46,18,0,0,0,0,1,0
13,130866,1,1,0,0,0,1,1,213,0,10,10,2012,4,5,59,0,3,2,US-411 / SR-2,,93,34.93433333,-84.74776111,0,53,0,0,1,1,0,4,2,1,0,1,0,0000000,88,88,88,88,88,88,0,0,0,1,0
13,130867,2,1,1,1,1,1,1,295,4780,10,10,2012,4,16,12,0,16,6,W GORDON AVE,CHICKAMAUGA AVE,3,34.98410278,-85.28714167,0,14,0,0,3,3,0,7,1,1,0,1,0,0000000,16,13,16,15,16,38,0,0,0,1,0
13,130868,1,1,0,0,0,1,1,63,0,11,10,2012,5,12,19,1,13,3,SR-54,,12,33.49614722,-84.37944444,0,42,0,0,1,1,0,4,1,1,0,1,0,0000000,88,88,88,88,88,88,0,0,0,1,0
13,130869,2,2,0,0,0,2,2,89,280,11,10,2012,5,22,8,0,14,3,SR-154 / MEMORIAL DR,S HOWARD ST,15,33.74736389,-84.323325,0,12,6,0,2,3,0,1,3,10,0,10,0,0000000,21,28,21,45,22,0,0,0,0,1,0
13,130870,2,2,0,0,0,2,2,245,310,11,10,2012,5,21,55,1,13,2,US-25 / SR-121,SCOTT RD,143,33.431725,-82.01423056,0,12,6,0,2,3,0,1,3,1,0,1,0,0000000,21,55,22,2,22,27,0,0,0,1,1
13,130871,1,1,0,1,1,4,4,233,0,12,10,2012,6,19,54,0,4,4,CR-440 / VINSON MOUNTAIN RD,,6,33.91461111,-85.06087778,0,8,0,0,1,1,0,1,2,1,0,1,0,0000000,19,45,19,46,99,99,0,0,0,1,0
13,130872,1,1,0,0,0,1,1,251,0,12,10,2012,6,6,51,0,6,4,CR-133 / SWEETHEART RD,,11,32.91030278,-81.52875278,0,42,0,0,1,1,0,4,2,1,0,1,0,0000000,6,51,7,13,88,88,0,0,0,1,1
13,130873,1,1,0,1,1,1,1,9,0,13,10,2012,7,16,50,0,15,4,CR-112 / NEW MEXICO AVE,VIRGINIA AVE,18,31.18906111,-82.39566667,0,9,0,0,2,2,0,1,1,1,0,1,0,0000000,16,50,17,2,18,16,0,0,0,1,0
13,130874,1,1,0,0,0,2,2,7,0,14,10,2012,1,1,40,0,4,3,SR-253,,68,31.17761389,-84.51826111,0,42,0,0,1,1,0,4,2,1,0,1,0,0000000,99,99,99,99,99,99,0,0,0,1,1
13,130875,1,1,0,0,0,1,1,145,0,20,9,2012,5,12,20,0,4,4,CR-HAMILTON PLEASANT GROVE RD.,,99999,32.79253056,-84.90780278,0,1,0,0,1,1,0,5,1,1,0,1,0,0000000,12,27,12,32,13,18,0,0,0,1,0
13,130876,3,3,0,0,0,5,5,135,3100,5,10,2012,6,9,3,1,13,3,SR-20,HURRICANE SHOALS ROAD,152,33.97446389,-83.98675556,0,12,6,0,2,2,0,1,1,1,0,1,0,0000000,9,3,9,7,9,26,0,0,0,1,0
13,130877,2,2,0,0,0,2,2,139,2285,9,10,2012,3,19,28,1,13,3,SR-369,CRESSWIND PARKWAY,41,34.28067222,-83.88225833,0,12,6,0,2,2,0,1,2,1,0,1,0,0000000,19,26,19,30,20,9,0,0,0,1,1
13,130878,2,2,0,0,0,2,2,217,0,13,10,2012,7,15,10,0,14,3,SR-36,,88,33.50251944,-83.85419167,0,12,2,0,1,1,0,1,1,1,0,1,0,0000000,15,6,15,16,15,53,0,0,0,1,1
13,130879,1,1,0,0,0,1,1,89,280,14,10,2012,1,3,23,1,11,1,I-285/SR-407,,258,33.66655,-84.34318056,0,1,0,0,1,1,0,1,2,1,0,1,0,0000000,88,88,88,88,88,88,0,0,0,1,0
13,130880,2,2,0,0,0,2,2,179,0,14,10,2012,1,20,5,0,4,3,SR-119,,99999,31.76263611,-81.59566389,0,12,2,0,1,1,0,1,2,1,0,1,0,0000000,88,88,88,88,88,88,0,0,0,1,0
13,130881,1,1,0,1,1,1,1,215,1280,14,10,2012,1,0,42,0,14,6,NORTH LUMPKIN ROAD,,1,32.43210278,-84.9534,0,8,0,0,1,1,0,1,3,1,0,1,0,0000000,0,43,0,46,88,88,0,0,0,1,0
13,130882,1,1,0,0,0,1,1,231,0,14,10,2012,1,99,99,0,6,4,CR-BUFFINGTON ROAD,,6,33.12543333,-84.25075556,0,23,0,0,1,1,0,4,2,1,0,1,0,0000000,22,13,22,23,88,88,0,0,0,1,1
13,130883,1,1,0,1,1,1,1,15,980,15,10,2012,2,1,36,1,13,3,SR-3,,92,34.17468333,-84.78642778,0,8,0,0,1,1,0,1,2,10,0,10,0,0000000,1,38,1,47,2,40,0,0,0,1,0
13,130884,4,4,0,0,0,6,6,121,0,15,10,2012,2,23,20,0,14,4,CR-BUTNER ROAD,CAMPCREEK PARKWAY,92,33.66948611,-84.54753056,0,12,6,0,2,2,1,1,3,1,0,1,0,0000000,23,13,23,25,0,3,0,0,0,1,0
13,130885,1,1,0,0,0,7,7,139,0,16,10,2012,3,13,5,0,5,4,CR-ROY PARKS ROAD,,15,34.21247778,-83.75058889,0,42,0,0,1,1,0,5,1,1,0,1,0,0000000,13,33,13,43,15,24,0,0,0,2,0
13,130886,1,1,0,1,1,1,1,57,6040,17,10,2012,4,21,32,1,11,1,I-575/SR-417,,29,34.11599167,-84.53294444,0,8,0,0,1,1,0,1,2,1,0,1,0,0000000,21,31,21,43,88,88,0,0,0,1,0
13,130887,2,2,0,0,0,3,3,89,3210,18,10,2012,5,8,6,0,16,6,DEKALB MEDICAL PARKWAY,,5,33.72041944,-84.14888056,0,12,6,0,1,1,0,1,4,2,0,2,0,0000000,8,6,8,15,8,47,0,0,0,1,0
13,130888,2,2,0,0,0,2,2,207,0,18,10,2012,5,12,40,0,3,3,SR-87,,30,32.99629444,-83.736325,0,12,1,0,1,1,0,1,1,10,0,10,0,0000000,12,40,12,50,13,43,0,0,0,1,0
13,130889,1,1,0,0,0,1,1,123,2000,19,10,2012,6,12,43,1,3,3,SR-282,,99999,34.68977778,-84.50659722,0,24,0,0,1,1,0,4,1,1,0,1,0,0000000,12,46,12,49,88,88,0,0,0,1,0
13,130890,1,1,0,0,0,4,4,71,0,20,10,2012,7,23,20,1,2,3,SR-35,,143,31.21301667,-83.77416111,0,1,0,0,1,1,0,5,2,1,0,1,0,0000000,99,99,99,99,99,99,0,0,0,1,1
13,130891,1,1,0,0,0,1,1,157,0,20,10,2012,7,17,15,0,6,4,CR-018200,,15,34.13330278,-83.79604722,0,34,0,0,1,1,0,4,1,1,0,1,0,0000000,88,88,88,88,88,88,0,0,0,1,1
13,130892,1,1,0,0,0,4,4,175,0,20,10,2012,7,1,21,0,6,4,CR-217,,22,32.23107778,-82.85851389,0,5,0,0,1,1,0,1,2,1,0,1,0,0000000,1,21,1,46,2,13,0,0,0,1,0
13,130893,1,1,0,0,0,1,1,245,310,20,10,2012,7,0,14,0,15,6,WILLIS FOREMAN ROAD,,30,33.35183333,-82.10315556,0,53,0,0,1,1,0,5,3,1,0,1,0,0000000,0,12,0,18,0,51,0,0,0,1,1
13,130894,1,1,0,0,0,1,1,149,0,21,10,2012,1,16,21,0,3,3,SR-34,,10,33.22334167,-85.24338889,0,1,0,0,1,1,0,2,1,1,0,1,0,0000000,88,88,88,88,88,88,0,0,0,1,0
13,130895,1,1,0,0,0,1,1,175,0,22,10,2012,2,1,34,1,1,1,I-16/SR-404,,149,32.49806944,-82.98217222,0,42,0,0,1,1,0,5,2,1,0,1,0,0000000,99,99,99,99,99,99,0,0,0,1,0
13,130896,2,2,0,0,0,2,2,51,4910,23,10,2012,3,14,7,0,14,6,CHATHAM PARKWAY,,28,32.05671111,-81.16522222,0,33,0,0,1,1,0,4,1,1,0,1,0,0000000,14,10,14,30,15,15,0,0,0,1,0
13,130897,1,1,0,0,0,1,1,121,280,23,10,2012,3,6,10,1,11,1,I-85,,319,33.78429167,-84.39080833,0,25,0,0,1,1,0,3,2,1,0,1,0,0000000,6,13,6,42,7,23,0,0,0,1,0
13,130898,1,1,0,0,0,1,1,275,0,23,10,2012,3,14,28,0,5,4,CR-MADDOX ROAD,,66,30.92736944,-84.08056389,0,34,0,0,1,1,0,4,1,1,0,1,0,0000000,88,88,88,88,88,88,0,0,0,1,0
13,130899,1,1,0,0,0,1,1,77,0,24,10,2012,4,20,0,0,6,4,CR-MOORE ROAD,CHEROKEE FARMS DRIVE,13,33.30788333,-84.71268333,0,42,0,0,3,2,0,5,2,1,0,1,0,0000000,88,88,88,88,88,88,0,0,0,1,1
13,130900,1,1,0,0,0,1,1,91,0,24,10,2012,4,22,35,0,6,4,CR-WPA ROAD,,99999,32.17810556,-83.14056111,0,34,0,0,1,1,0,4,2,1,0,1,0,0000000,88,88,88,88,88,88,20,0,0,1,0
13,130901,1,1,0,1,1,1,1,217,0,24,10,2012,4,7,0,0,14,3,SR-81,,50,33.55005556,-83.93758056,0,8,0,0,1,1,0,1,2,1,0,1,0,0000000,88,88,88,88,88,88,0,0,0,1,0
13,130902,1,1,0,0,0,1,1,121,4790,25,10,2012,5,11,16,0,16,6,EVES ROAD,,99999,33.99197222,-84.31155833,0,31,0,0,1,1,0,5,1,1,0,1,0,0000000,11,18,11,26,88,88,0,0,0,1,0
13,130903,1,1,0,0,0,2,2,205,880,25,10,2012,5,15,0,0,14,3,SR-3,,53,31.28983056,-84.185175,0,30,0,0,1,1,0,5,1,1,0,1,0,0000000,15,9,15,16,16,4,0,0,0,1,1
13,130904,1,1,0,1,1,1,1,89,280,26,10,2012,6,7,24,0,14,3,SR-42,,81,33.79099722,-84.33806389,0,9,0,0,1,1,0,1,3,1,0,1,0,0000000,7,27,7,35,7,50,0,0,0,1,0
13,130905,1,1,0,1,1,1,1,131,850,26,10,2012,6,19,40,1,13,3,SR-38,,118,30.88050556,-84.19753333,0,8,0,0,1,1,0,1,3,1,0,1,0,0000000,19,40,19,44,88,88,0,0,0,1,1
13,130906,1,1,0,1,1,2,2,135,0,26,10,2012,6,22,27,0,14,3,SR-8,HAMILTON ROAD,70,33.91705278,-84.09318611,0,8,0,0,3,3,0,1,2,1,0,1,0,0000000,22,27,22,29,22,46,0,0,0,1,0
13,130907,1,1,0,0,0,1,1,13,0,27,10,2012,7,2,0,0,4,3,SR-82,,62,34.00333333,-83.60465,0,42,0,0,1,1,0,5,2,1,0,1,0,0000000,88,88,88,88,88,88,0,0,0,1,0
13,130908,1,1,0,1,1,1,1,45,970,27,10,2012,7,19,48,0,14,6,NEWNAN STREET,ADAMSON SQUARE,2,33.58008056,-85.07477778,0,8,0,0,2,2,0,1,3,1,0,1,0,0000000,19,48,19,54,20,20,0,0,0,1,0