STATE,ST_CASE,VE_TOTAL,VE_FORMS,PVH_INVL,PEDS,PERNOTMVIT,PERMVIT,PERSONS,COUNTY,CITY,DAY,MONTH,YEAR,DAY_WEEK,HOUR,MINUTE,NHS,ROAD_FNC,ROUTE,TWAY_ID,TWAY_ID2,MILEPT,LATITUDE,LONGITUD,SP_JUR,HARM_EV,MAN_COLL,RELJCT1,RELJCT2,TYP_INT,WRK_ZONE,REL_ROAD,LGT_COND,WEATHER1,WEATHER2,WEATHER,SCH_BUS,RAIL,NOT_HOUR,NOT_MIN,ARR_HOUR,ARR_MIN,HOSP_HR,HOSP_MN,CF1,CF2,CF3,FATALS,DRUNK_DR
13,130909,2,2,0,0,0,2,2,85,1590,27,10,2012,7,9,10,0,6,6,COTHRAN ROAD,,0,34.40659444,-84.038525,0,1,0,0,1,1,0,1,1,1,0,1,0,0000000,88,88,88,88,88,88,0,0,0,1,0
13,130910,1,1,0,0,0,1,1,97,0,27,10,2012,7,3,22,0,15,4,CR-BANKS MILL ROAD,,45,33.66650278,-84.81914722,0,35,0,0,1,1,0,4,2,1,0,1,0,0000000,3,32,3,39,88,88,0,0,0,1,1
13,130911,1,1,0,0,0,1,1,5,0,28,10,2012,1,1,37,1,3,3,SR-3,,179,31.50397778,-82.3148,0,34,0,0,1,1,0,5,2,1,0,1,0,0000000,1,37,1,48,3,47,0,0,0,1,1
13,130912,1,1,0,0,0,1,1,43,0,28,10,2012,1,21,10,0,4,4,CR-ROSEMARY CHURCH ROAD,,99999,32.47305833,-82.02516111,0,1,0,0,1,1,0,4,2,1,0,1,0,0000000,88,88,88,88,88,88,0,0,0,1,0
13,130913,1,1,0,0,0,2,2,45,0,28,10,2012,1,0,34,0,3,3,SR-166,,268,33.60396389,-84.91968889,0,1,0,0,1,1,0,5,2,1,0,1,0,0000000,0,44,0,58,1,46,0,0,0,1,1
13,130914,1,1,0,0,0,1,1,181,3180,29,10,2012,2,13,22,0,6,6,AYCOCK NORMAN ROAD,,2,33.80350833,-82.50379444,0,1,0,0,1,1,0,5,1,1,0,1,0,0000000,88,88,88,88,88,88,0,0,0,1,1
13,130915,2,2,0,0,0,3,3,245,310,29,10,2012,2,8,18,1,13,3,SR-121,WILLIS FOREMAN ROAD,73,33.34149167,-82.05677222,0,12,6,0,2,3,0,1,1,1,0,1,0,0000000,8,20,8,24,8,48,0,0,0,1,0
13,130916,2,2,0,0,0,3,3,285,0,29,10,2012,2,18,10,0,14,3,SR-14SP,,29,33.03310278,-84.98803056,0,12,2,0,1,1,0,1,1,1,0,1,0,0000000,99,99,99,99,99,99,0,0,0,1,0
13,130917,1,1,0,0,0,1,1,33,0,30,10,2012,3,5,38,1,2,3,SR-121,,77,33.05154722,-81.99425278,0,1,0,0,1,1,0,1,2,1,0,1,0,0000000,5,38,5,45,88,88,0,0,0,1,0
13,130918,2,2,0,0,0,3,3,11,0,31,10,2012,4,17,50,1,2,3,SR-15,OLD HIGHWAY 441,122,34.48579722,-83.53003333,0,12,6,0,2,2,0,1,1,1,0,1,0,0000000,17,51,17,56,18,20,0,0,0,1,0
13,130919,1,1,0,0,0,1,1,33,0,31,10,2012,4,4,31,0,4,3,SR-24,,253,33.06341944,-82.088375,0,42,0,0,1,1,0,6,2,1,0,1,0,0000000,4,29,4,37,4,54,0,0,0,1,0
13,130920,1,1,0,0,0,2,2,57,6040,31,10,2012,4,22,34,0,16,6,CHEROKEE LANE,,2,34.07466111,-84.47622778,0,42,0,0,1,1,0,6,2,1,0,1,0,0000000,22,36,22,46,23,23,0,0,0,1,0
13,130921,1,1,0,0,0,2,2,121,120,19,10,2012,6,3,37,0,15,6,WEBB BRIDGE ROAD,,31,34.078875,-84.25286111,0,42,0,0,1,1,0,5,2,1,0,1,0,0000000,3,37,3,39,4,30,0,0,0,1,1
13,130922,2,2,0,0,0,6,6,67,0,27,10,2012,7,16,49,0,15,4,CR-HICKS ROAD,CONCORD ROAD,3,33.84475,-84.57865,0,12,6,0,2,2,0,1,1,1,0,1,0,0000000,16,49,16,54,17,38,0,0,0,1,0
13,130923,2,2,0,0,0,2,2,29,0,1,11,2012,5,1,32,1,1,1,I-16,,72,32.15819444,-81.43138333,0,12,1,0,1,1,0,1,2,1,0,1,0,0000000,1,30,1,39,2,42,0,0,0,1,0
13,130924,1,1,0,1,1,1,1,65,2800,1,11,2012,5,1,21,0,4,4,CR-204 / ANTIOCH CHURCH RD,,93,31.00410556,-82.62216111,0,8,0,0,1,1,0,1,2,1,0,1,0,0000000,88,88,88,88,88,88,0,0,0,1,0
13,130925,1,1,0,0,0,5,5,145,0,1,11,2012,5,7,52,1,1,1,I-185,,184,32.84409167,-84.99505,0,1,0,0,1,1,0,3,1,1,0,1,0,0000000,7,43,8,5,9,2,0,0,0,1,0
13,130926,3,3,0,0,0,3,3,145,0,1,11,2012,5,15,37,0,3,2,US-27 ALT / SR-85,,61,32.62709167,-84.8057,0,12,2,0,1,1,0,1,1,1,0,1,0,0000000,15,37,15,56,16,37,0,0,0,1,0
13,130927,2,1,1,0,0,2,2,155,0,1,11,2012,5,15,36,0,6,4,CR-6 / BRUSHY CREEK RD,,53,31.57188611,-83.24291111,0,34,0,0,1,1,0,6,1,1,0,1,0,0000000,99,99,99,99,99,99,0,0,0,1,0
13,130928,2,2,0,0,0,2,2,157,0,1,11,2012,5,6,23,1,2,2,US-129 / SR-11,,157,34.18713056,-83.71865278,0,12,2,0,1,1,0,1,2,1,0,1,0,0000000,99,99,99,99,99,99,0,0,0,1,1
13,130929,1,1,0,0,0,1,1,219,0,1,11,2012,5,12,1,1,13,3,SR-10 LO RAMP,,70,33.91978611,-83.46177222,0,35,0,0,5,1,0,8,1,1,0,1,0,0000000,88,88,88,88,88,88,0,0,0,1,1
13,130930,1,1,0,0,0,1,1,221,0,1,11,2012,5,11,25,0,5,4,CR-305 / STEPHENS SALEM RD,,15,33.78013889,-83.13525278,0,38,0,0,1,1,0,4,1,1,0,1,0,0000000,99,99,99,99,99,99,0,0,0,1,0
13,130931,2,2,0,0,0,2,2,245,310,1,11,2012,5,10,53,1,13,3,SR-28 / WASHINGTON RD,BERCKMANS RD,86,33.50851667,-82.02263056,0,12,6,0,2,2,0,1,1,1,0,1,0,0000000,10,54,10,58,11,36,0,0,0,1,0
13,130932,1,1,0,1,1,2,2,293,0,1,11,2012,5,19,15,1,13,2,US-19 / SR-3,,183,32.93661389,-84.33393611,0,8,0,0,1,1,0,1,2,1,0,1,0,0000000,99,99,99,99,99,99,0,0,0,1,0
13,130933,6,4,2,1,1,5,5,121,280,2,11,2012,6,15,25,1,13,2,US-19 / SR-9,SR-237,62,33.85433056,-84.38266944,0,12,6,0,2,2,0,1,1,1,0,1,0,0000000,15,25,15,30,15,50,14,0,0,1,0
13,130934,1,1,0,0,0,1,1,145,0,2,11,2012,6,20,40,0,6,4,CR-187 / CENTRAL CHURCH RD,,15,32.60208333,-84.79710556,0,42,0,0,1,1,0,4,2,1,0,1,0,0000000,20,36,20,46,21,21,0,0,0,1,1
13,130935,1,1,0,1,1,1,1,225,2220,2,11,2012,6,19,14,0,15,6,SPRUCE ST,,1,32.545875,-83.88862778,0,8,0,0,1,1,0,1,2,1,0,1,0,0000000,19,14,19,21,20,0,0,0,0,1,0
13,130936,1,1,0,0,0,1,1,67,0,4,11,2012,1,1,15,1,11,1,I-575 RAMP,ERNEST BARRETT PKWY,10,34.01405,-84.56003611,0,33,0,1,5,1,0,3,2,1,0,1,0,0000000,1,16,1,23,88,88,0,0,0,1,0
13,130937,1,1,0,0,0,1,1,137,0,4,11,2012,1,17,17,0,6,4,CR-797 / PREACHER CAMPBELL RD,,9,34.64148889,-83.63291111,0,1,0,0,1,1,0,4,5,1,0,1,0,0000000,88,88,88,88,88,88,0,0,0,1,0
13,130938,2,2,0,0,0,2,2,69,750,5,11,2012,2,16,29,1,2,2,US-441 / SR-31,,153,31.61821111,-82.88058889,0,12,2,0,1,1,0,1,1,1,0,1,0,0000000,16,32,16,48,17,12,0,0,0,1,0
13,130939,3,3,0,0,0,4,4,115,4760,6,11,2012,3,14,35,1,13,3,SR-1 LO,,8,34.22889167,-85.117925,0,12,2,0,1,1,0,1,1,1,0,1,0,0000000,14,35,14,43,15,10,0,0,0,1,1
13,130940,2,2,0,0,0,4,4,151,0,6,11,2012,3,8,1,0,4,4,CR-652 / LOWER WOOLSEY RD,,4,33.369125,-84.34586667,0,12,6,0,1,1,0,1,1,2,0,2,0,0000000,8,13,8,31,9,15,0,0,0,1,0
13,130941,2,2,0,0,0,3,3,295,0,6,11,2012,3,9,59,1,2,2,US-27 / SR-1,,128,34.76789444,-85.25869167,0,24,0,0,1,1,0,4,1,10,0,10,0,0000000,9,45,9,50,10,37,0,0,0,1,0
13,130942,2,2,0,0,0,2,2,149,0,7,11,2012,4,19,30,1,2,2,US-27 / SR-1,FRANKLIN PKWY,63,33.31964167,-85.100375,0,12,11,0,3,3,0,1,2,1,0,1,0,0000000,19,33,20,3,21,9,0,0,0,1,0
13,130943,1,1,0,0,0,1,1,301,4050,7,11,2012,4,6,40,1,1,1,I-20,,9,33.49896111,-82.80456667,0,42,0,0,1,1,0,4,2,1,0,1,0,0000000,6,42,6,59,88,88,0,0,0,1,0
13,130944,1,1,0,0,0,1,1,33,0,8,11,2012,5,12,0,0,4,3,SR-24,,276,33.06529167,-82.1083,0,32,0,0,1,1,0,4,1,1,0,1,0,0000000,12,0,12,10,88,88,0,0,0,1,0
13,130945,2,2,0,0,0,3,3,55,0,8,11,2012,5,16,4,1,2,2,US-27 / SR-1,KLATT BLVD,132,34.52072222,-85.31369444,0,12,6,0,2,3,0,1,1,1,0,1,0,0000000,99,99,99,99,99,99,0,0,0,1,0
13,130946,2,2,0,0,0,6,6,69,0,8,11,2012,5,17,5,0,4,3,SR-206 / OLD FITZGERALD HWY,OLD COFFEE RD,4,31.66108056,-82.99729444,0,12,6,0,2,2,0,1,1,1,0,1,0,0000000,17,6,17,22,18,19,0,0,0,1,0
13,130947,2,2,0,0,0,3,3,69,1760,8,11,2012,5,6,52,1,13,2,US-441 / SR-31,,90,31.53476389,-82.85112778,0,12,6,0,1,1,0,1,1,1,0,1,0,0000000,99,99,99,99,99,99,0,0,0,1,0
13,130948,1,1,0,0,0,1,1,83,0,8,11,2012,5,11,54,0,4,3,SR-136,,64,34.84295556,-85.50208611,0,1,0,0,1,1,0,1,1,1,0,1,0,0000000,88,88,88,88,88,88,0,0,0,1,0
13,130949,1,1,0,0,0,2,2,215,1280,8,11,2012,5,17,0,1,11,1,I-185,,142,32.60336944,-84.95241111,0,42,0,0,1,1,0,8,1,1,0,1,0,0000000,17,9,17,20,17,52,0,0,0,1,0
13,130950,1,1,0,1,1,1,1,219,0,8,11,2012,5,23,15,1,12,2,US-29 / SR-10,,10,33.90969722,-83.44008056,0,8,0,0,1,1,0,1,2,1,0,1,0,0000000,88,88,88,88,88,88,23,0,0,1,0
13,130951,1,1,0,1,1,1,1,245,310,8,11,2012,5,18,22,0,14,3,SR-56 / MIKE PADGETT HWY,,95,33.3646,-81.99426389,0,8,0,0,1,1,0,1,2,1,0,1,0,0000000,18,20,18,24,18,49,19,0,0,1,0
13,130952,1,1,0,1,1,1,1,45,970,9,11,2012,6,21,48,0,14,6,BANKHEAD HWY,,19,33.58965278,-85.04981944,0,8,0,0,1,1,0,4,3,1,0,1,0,0000000,21,48,21,59,22,8,0,0,0,1,1
13,130953,2,2,0,0,0,3,3,217,9997,9,11,2012,6,9,15,0,16,6,WALNUT ST,,0,33.59188889,-83.86779167,0,12,8,0,1,1,0,1,1,5,0,5,0,0000000,9,20,9,27,9,36,0,0,0,1,0
13,130954,2,2,0,1,1,6,6,89,0,10,11,2012,7,3,31,1,11,1,I-20,,90,33.71141667,-84.21658056,0,25,0,0,1,1,0,3,3,1,0,1,0,0000000,99,99,99,99,99,99,19,0,0,1,0
13,130955,1,1,0,0,0,1,1,229,4250,10,11,2012,7,4,14,0,4,4,CR-304 / TRUDIE RD,,63,31.30961111,-82.11209722,0,34,0,0,1,1,0,4,2,1,0,1,0,0000000,4,18,4,32,6,14,0,0,0,1,1
13,130956,1,1,0,1,1,1,1,67,0,11,11,2012,1,19,46,0,14,3,SR-280 / S COBB DR,,74,33.90834444,-84.54377778,0,8,0,0,1,1,0,1,2,10,0,10,0,0000000,19,47,19,51,20,12,0,0,0,1,0
13,130957,1,1,0,1,1,1,1,115,0,11,11,2012,1,13,15,0,15,4,CR-184 / OLD SUMMERVILLE RD,,18,34.32731111,-85.18027222,0,8,0,0,1,1,0,1,1,10,0,10,0,0000000,99,99,99,99,99,99,0,0,0,1,0
13,130958,2,2,0,0,0,2,2,97,0,12,11,2012,2,22,25,1,11,1,I-20,,47,33.719325,-84.834925,0,12,1,0,1,1,0,1,2,1,0,1,0,0000000,88,88,88,88,88,88,19,0,0,1,0
13,130959,1,1,0,0,0,2,2,135,0,12,11,2012,2,3,41,0,16,4,CR-230 / MOBLEY DR,,8,33.98413611,-83.867025,0,35,0,0,1,1,0,4,2,1,0,1,0,0000000,3,43,3,53,4,26,0,0,0,1,1
13,130960,2,2,0,2,2,1,1,151,5210,12,11,2012,2,19,14,1,13,2,US-23 / SR-42/138,,186,33.539975,-84.20466111,0,8,0,0,1,1,0,11,2,2,0,2,0,0000000,99,99,99,99,99,99,14,23,0,1,0
13,130961,2,2,0,0,0,2,2,277,0,12,11,2012,2,15,29,0,6,4,CR-47 / WILLIAM GIBBS RD,,6,31.42861389,-83.62563889,0,12,6,0,8,1,0,1,1,1,0,1,0,0000000,88,88,88,88,88,88,0,0,0,1,1
13,130962,2,2,0,0,0,6,6,127,0,13,11,2012,3,0,58,1,13,3,SR-25 SP,SR-303,7,31.19294722,-81.47665278,0,12,1,0,3,3,0,1,3,1,0,1,0,0000000,1,1,1,6,2,42,20,0,0,3,1
13,130963,3,3,0,0,0,3,3,151,0,13,11,2012,3,6,32,0,4,4,CR-650/HAMPTON LOCUST GROVE RD,SIMPSON MILL RD,28,33.37761111,-84.21935556,0,12,6,0,2,2,0,1,2,1,0,1,0,0000000,6,32,6,42,7,28,0,0,0,1,0
13,130964,1,1,0,0,0,1,1,195,0,13,11,2012,3,22,50,0,5,4,CR-682/COLBERT DANIELSVILLE RD,,42,34.06338333,-83.20490833,0,34,0,0,1,1,0,4,2,1,0,1,0,0000000,99,99,99,99,99,99,0,0,0,1,0
13,130965,1,1,0,0,0,3,3,245,310,13,11,2012,3,6,41,0,16,4,CR-17 / BENNOCK MILL RD,,16,33.30071944,-81.92840556,0,42,0,0,1,1,0,4,1,10,0,10,0,0000000,6,44,7,1,7,30,0,0,0,1,1
13,130966,1,1,0,0,0,1,1,303,0,13,11,2012,3,1,15,0,3,3,SR-242,,163,32.88059167,-82.61845278,0,1,0,0,1,1,0,4,2,1,0,1,0,0000000,88,88,88,88,88,88,0,0,0,1,0
13,130967,2,2,0,0,0,5,5,85,1590,14,11,2012,4,6,46,1,2,3,SR-53,,179,34.33701389,-84.02193611,0,12,2,0,1,1,0,1,4,1,0,1,0,0000000,99,99,99,99,99,99,0,0,0,1,0
13,130968,2,2,0,0,0,2,2,115,4760,14,11,2012,4,14,24,0,4,3,SR-293,,20,34.25062778,-85.04984722,0,1,0,0,1,1,0,1,1,10,0,10,0,0000000,14,25,14,35,14,54,0,0,0,1,0
13,130969,1,1,0,1,1,1,1,219,0,14,11,2012,4,18,8,0,4,4,CR-269 / UNION CHURCH RD,,10,33.85088056,-83.45045,0,8,0,0,1,1,0,1,3,10,0,10,0,0000000,99,99,99,99,99,99,0,0,0,1,0
13,130970,1,1,0,1,1,1,1,63,0,15,11,2012,5,18,32,0,14,2,US-19/41 / SR-3,,120,33.59022222,-84.37722222,0,8,0,0,1,1,0,1,2,1,0,1,0,0000000,88,88,88,88,88,88,0,0,0,1,0
13,130971,2,2,0,0,0,3,3,89,3210,15,11,2012,5,6,41,0,15,4,CR-604 / THOMPSON MILL RD,SNAPFINGER RD,19,33.69803889,-84.20664722,0,12,6,0,2,2,0,1,3,10,0,10,0,0000000,6,41,6,52,7,54,0,0,0,1,0
13,130972,1,1,0,1,1,1,1,217,0,15,11,2012,5,0,0,0,3,3,SR-36,,48,33.44610556,-83.84409444,0,8,0,0,1,1,0,1,2,2,0,2,0,0000000,88,88,88,88,88,88,0,0,0,1,0
13,130973,2,2,0,0,0,2,2,117,0,16,11,2012,6,7,32,0,4,3,SR-369,,81,34.28602778,-84.12819167,0,53,0,0,1,1,0,4,1,5,0,5,0,0000000,99,99,99,99,99,99,0,0,0,1,0
13,130974,1,1,0,1,1,1,1,117,0,16,11,2012,6,19,40,0,14,3,SR-9,,76,34.1685,-84.16499444,0,8,0,0,1,1,0,1,2,1,0,1,0,0000000,19,40,19,53,20,12,0,0,0,1,1
13,130975,1,1,0,0,0,2,2,77,0,17,11,2012,7,17,47,0,16,4,CR-1001 / WILLOW CREEK DR,,1,33.43956667,-84.80875278,0,42,0,0,1,1,0,4,1,1,0,1,0,0000000,17,47,17,55,18,27,0,0,0,1,0
13,130976,1,1,0,0,0,2,2,135,3100,17,11,2012,7,2,37,0,15,4,CR-1946 / NEW HOPE RD,,11,33.94186944,-83.96701389,0,42,0,0,1,1,0,4,3,1,0,1,0,0000000,2,36,2,41,3,17,0,0,0,1,1
13,130977,1,1,0,0,0,1,1,285,3050,19,11,2012,2,6,26,0,4,4,CR-407 / BARTLEY RD,,69,32.94699167,-85.04496667,0,42,0,0,1,1,0,4,4,1,0,1,0,0000000,99,99,99,99,99,99,0,0,0,1,0
13,130979,1,1,0,1,1,2,2,117,0,5,9,2012,4,18,28,0,14,3,SR-9 /ATLANTA HWY,,79,34.17218056,-84.16218889,0,8,0,0,1,1,0,1,1,1,0,1,0,0000000,18,28,18,34,18,55,0,0,0,1,0
13,130980,1,1,0,1,1,1,1,245,310,4,11,2012,1,1,59,1,13,3,SR-28,,95,33.51128611,-82.03746389,0,8,0,0,1,1,0,1,2,1,0,1,0,0000000,1,0,1,0,1,14,0,0,0,1,0
13,130981,2,2,0,0,0,3,3,261,170,10,3,2012,7,19,42,0,16,6,HAMPTON STREET,,5,32.06450278,-84.23647222,0,12,2,0,1,1,0,1,2,1,0,1,0,0000000,19,41,19,47,20,40,0,0,0,1,0
13,130982,3,3,0,0,0,3,3,151,0,11,10,2012,5,19,19,0,3,3,SR-42,TANGER BLVD.,24,33.335275,-84.09066389,0,12,1,0,3,3,0,1,2,1,0,1,0,0000000,19,21,19,33,20,29,0,0,0,1,0
13,130983,2,2,0,0,0,2,2,135,3100,16,11,2012,6,8,52,0,14,3,SR-120,TOWNSHIP DRIVE,87,33.97116667,-84.04769722,0,12,6,0,2,3,0,1,1,1,0,1,0,0000000,8,51,8,59,9,10,0,0,0,1,0
13,130984,2,2,0,0,0,2,2,55,5260,17,11,2012,7,9,0,0,4,6,TRION TELOGA ROAD,,40,34.53905278,-85.34531111,0,12,6,0,1,1,0,1,1,1,0,1,0,0000000,9,1,9,6,10,4,0,0,0,1,0
13,130985,2,2,0,0,0,2,2,153,0,17,11,2012,7,18,6,0,3,3,SR-247,N. DAVIS DRIVE,62,32.65363611,-83.61268333,0,12,1,0,2,2,1,1,5,1,0,1,0,0000000,18,5,18,11,18,39,0,0,0,1,0
13,130986,1,1,0,0,0,1,1,89,0,18,11,2012,1,10,54,1,11,1,I-20,,118,33.70331389,-84.17030556,0,1,0,1,5,1,0,2,1,1,0,1,0,0000000,10,45,10,50,11,21,0,0,0,1,0
13,130987,2,2,0,0,0,5,5,89,0,18,11,2012,1,13,40,0,14,4,CR-PANOLA ROAD,,6,33.73205,-84.16786944,0,12,2,0,1,1,0,1,1,1,0,1,0,0000000,13,43,13,47,13,58,0,0,0,1,1
13,130988,2,2,0,0,0,2,2,83,0,19,11,2012,2,15,55,0,4,3,SR-189,,80,34.82445,-85.46277778,0,12,2,0,1,1,0,1,1,1,0,1,0,0000000,15,57,16,7,17,24,0,0,0,1,0
13,130989,1,1,0,0,0,1,1,229,4250,19,11,2012,2,14,22,0,4,6,TRUDIE ROAD,,60,31.30156944,-82.01721667,0,1,0,0,1,1,0,5,1,1,0,1,0,0000000,14,29,14,41,88,88,0,0,0,1,0
13,130990,2,2,0,0,0,2,2,73,0,20,11,2012,3,18,13,1,13,3,SR-383,WHEELER ROAD,9,33.48711389,-82.13404444,0,12,6,0,2,2,0,1,2,1,0,1,0,0000000,18,14,18,17,18,37,0,0,0,1,0
13,130991,2,2,0,0,0,2,2,135,0,20,11,2012,3,15,3,1,13,3,SR-20,OLD CUMMING ROAD,21,34.114575,-84.07415556,0,12,6,0,2,3,0,1,1,1,0,1,0,0000000,15,5,15,9,15,36,0,0,0,1,0
13,130992,1,1,0,0,0,1,1,179,0,20,11,2012,3,12,34,1,1,1,I-95,,73,31.74975556,-81.38448056,0,42,0,0,1,1,0,3,1,1,0,1,0,0000000,99,99,99,99,99,99,0,0,0,1,0
13,130993,2,2,0,0,0,4,4,191,1412,20,11,2012,3,18,12,0,4,3,SR-99,,184,31.51697778,-81.41642222,0,12,2,0,1,1,0,1,2,1,0,1,0,0000000,99,99,99,99,99,99,0,0,0,1,1
13,130994,1,1,0,1,1,1,1,245,310,20,11,2012,3,23,43,1,13,6,WINDSOR SPRING ROAD,,23,33.39704444,-82.05664167,0,8,0,0,1,1,0,1,2,1,0,1,0,0000000,99,99,99,99,99,99,0,0,0,1,0
13,130995,2,2,0,0,0,2,2,311,1190,20,11,2012,3,12,41,0,3,3,SR-115,,142,34.57576389,-83.66461667,0,12,6,0,8,1,0,1,1,1,0,1,0,0000000,99,99,99,99,99,99,0,0,0,1,0
13,130996,1,1,0,1,1,2,2,15,2010,21,11,2012,4,12,33,0,14,3,SR-3,,44,34.13489167,-84.75135278,0,9,0,0,1,1,0,1,1,1,0,1,0,0000000,12,33,12,35,13,40,0,0,0,1,0
13,130997,2,2,0,0,0,2,2,51,4910,21,11,2012,4,6,6,1,13,3,SR-25,,83,32.04509722,-81.17856111,0,12,1,0,1,1,0,1,2,1,0,1,0,0000000,6,6,6,13,6,40,0,0,0,1,0
13,130998,1,1,0,1,1,1,1,135,0,21,11,2012,4,18,56,0,14,4,CR-ROCKBRIDGE ROAD,,5,33.81460278,-84.10138333,0,8,0,0,1,1,0,1,2,1,0,1,0,0000000,18,56,19,4,19,37,0,0,0,1,0
13,130999,1,1,0,0,0,2,2,107,5310,22,11,2012,5,15,26,0,6,6,GRANDE CREEK ROAD,,47,32.52113333,-82.36868333,0,38,0,0,1,1,0,5,1,1,0,1,0,0000000,15,29,15,36,16,7,0,0,0,1,0
13,131000,1,1,0,0,0,1,1,117,0,22,11,2012,5,3,20,0,3,3,SR-369,,141,34.24601389,-84.035725,0,42,0,0,1,1,0,5,2,1,0,1,0,0000000,88,88,88,88,88,88,0,0,0,1,1
13,131001,1,1,0,0,0,1,1,205,0,22,11,2012,5,22,30,0,5,4,CR-PINECLIFF ROAD,,63,31.24201667,-84.35206944,0,34,0,0,1,1,0,4,2,1,0,1,0,0000000,99,99,99,99,99,99,0,0,0,1,0
13,131002,1,1,0,1,1,2,2,261,0,22,11,2012,5,20,40,0,14,3,SR-27,,157,32.06285556,-84.25998333,0,8,0,0,1,1,0,1,2,1,0,1,0,0000000,88,88,88,88,88,88,0,0,0,1,0
13,131003,1,1,0,1,1,3,3,21,0,23,11,2012,6,20,8,0,14,3,SR-247,,37,32.71179444,-83.64681667,0,8,0,0,1,1,0,1,2,1,0,1,0,0000000,20,11,20,18,99,99,0,0,0,1,0
13,131004,1,1,0,0,0,1,1,57,0,23,11,2012,6,18,40,1,2,3,SR-20,,249,34.23103333,-84.27163611,0,34,0,0,1,1,0,5,2,1,0,1,0,0000000,88,88,88,88,88,88,0,0,0,1,0
13,131005,2,2,0,0,0,2,2,77,5590,23,11,2012,6,10,18,0,3,3,SR-16,TURIN ROAD,216,33.32920278,-84.64334722,0,12,8,0,1,1,0,1,1,1,0,1,0,0000000,10,19,10,29,10,52,0,0,0,1,0
13,131006,1,1,0,0,0,1,1,97,0,23,11,2012,6,20,6,0,4,2,US-78,,25,33.73281111,-84.86921389,0,42,0,0,1,1,0,5,2,1,0,1,0,0000000,88,88,88,88,88,88,0,0,0,1,1
13,131007,1,1,0,0,0,1,1,105,1950,23,11,2012,6,19,47,0,4,6,BREWERS BRIDGE ROAD,,9,34.14331944,-82.87388611,0,42,0,0,1,1,0,5,2,1,0,1,0,0000000,88,88,88,88,88,88,0,0,0,1,0
13,131008,1,1,0,0,0,1,1,1,0,24,11,2012,7,20,20,0,5,4,CR-POOR ROBIN ROAD,HOLMESVILLE ROAD,29,31.64569444,-82.223,0,59,0,0,3,3,0,5,2,1,0,1,0,0000000,20,21,20,32,22,11,0,0,0,1,1
13,131009,2,2,0,0,0,4,4,71,0,24,11,2012,7,19,50,1,4,3,SR-33,WOODMEN ROAD,130,31.21634167,-83.78585278,0,12,6,0,2,2,0,1,2,1,0,1,0,0000000,19,55,20,14,20,44,0,0,0,1,0
13,131010,1,1,0,0,0,2,2,77,0,24,11,2012,7,19,33,0,6,4,CR-MOORE ROAD,,8,33.32114722,-84.71271111,0,1,0,0,1,1,0,5,2,1,0,1,0,0000000,19,38,19,56,21,0,0,0,0,1,1
13,131011,2,2,0,0,0,3,3,153,5790,24,11,2012,7,14,14,1,13,6,RUSSELL PARKWAY,,17,32.59394167,-83.64000556,0,12,6,0,8,1,0,1,1,1,0,1,0,0000000,14,15,14,20,14,52,0,0,0,1,0
13,131012,1,1,0,0,0,1,1,245,310,24,11,2012,7,17,45,0,16,6,BENNOCK MILL ROAD,,23,33.29258056,-81.92232778,0,1,0,0,1,1,0,5,1,1,0,1,0,0000000,17,48,17,59,18,34,0,0,0,1,1
13,131013,1,1,0,0,0,1,1,11,0,25,11,2012,1,2,26,0,4,3,SR-326,,99999,34.23790278,-83.375775,0,32,0,0,1,1,0,5,2,1,0,1,0,0000000,2,19,2,29,2,53,0,0,0,1,1
13,131014,1,1,0,0,0,1,1,71,3800,25,11,2012,1,2,0,0,16,6,5TH STREET,,15,31.151925,-83.77606667,0,34,0,0,1,1,0,5,3,1,0,1,0,0000000,2,6,2,10,2,42,0,0,0,1,1
13,131015,1,1,0,0,0,2,2,111,3350,25,11,2012,1,0,35,0,4,3,SR-60,,260,34.96060833,-84.32186111,0,35,0,0,1,1,0,5,2,1,0,1,0,0000000,99,99,99,99,99,99,0,0,0,1,1
13,131016,3,3,0,0,0,3,3,135,3990,25,11,2012,1,7,45,0,14,6,BEAVER RUIN ROAD,WEXFORD DRIVE,10,33.9381,-84.18882222,0,12,6,0,2,2,0,1,1,1,0,1,0,0000000,7,48,7,53,8,17,0,0,0,1,0
13,131017,1,1,0,0,0,1,1,15,0,26,11,2012,2,21,9,1,1,1,I-75,,237,34.30878056,-84.83650278,0,42,0,0,1,1,0,5,2,1,0,1,0,0000000,21,10,21,21,22,7,0,0,0,1,0
13,131018,1,1,0,0,0,1,1,121,0,26,11,2012,2,8,22,0,15,4,CR-CEDAR GROVE ROAD,FULTON PARKWAY,16,33.59525,-84.64040278,0,53,0,0,3,3,0,5,1,1,0,1,0,0000000,88,88,88,88,88,88,0,0,0,1,0
13,131019,1,1,0,0,0,1,1,257,5530,26,11,2012,2,15,5,0,4,6,CANNON ROAD,,21,34.47651389,-83.41099722,0,34,0,0,1,1,0,5,1,1,0,1,0,0000000,88,88,88,88,88,88,0,0,0,1,1
13,131020,1,1,0,0,0,1,1,281,2690,26,11,2012,2,22,1,0,6,6,TALLULAH RIVER ROAD,,99999,34.973875,-83.55465556,0,1,0,0,1,1,0,5,2,1,0,1,0,0000000,88,88,88,88,88,88,0,0,0,1,0