STATE,ST_CASE,VE_TOTAL,VE_FORMS,PVH_INVL,PEDS,PERNOTMVIT,PERMVIT,PERSONS,COUNTY,CITY,DAY,MONTH,YEAR,DAY_WEEK,HOUR,MINUTE,NHS,ROAD_FNC,ROUTE,TWAY_ID,TWAY_ID2,MILEPT,LATITUDE,LONGITUD,SP_JUR,HARM_EV,MAN_COLL,RELJCT1,RELJCT2,TYP_INT,WRK_ZONE,REL_ROAD,LGT_COND,WEATHER1,WEATHER2,WEATHER,SCH_BUS,RAIL,NOT_HOUR,NOT_MIN,ARR_HOUR,ARR_MIN,HOSP_HR,HOSP_MN,CF1,CF2,CF3,FATALS,DRUNK_DR
13,131021,3,1,2,0,0,1,1,29,4655,27,11,2012,3,14,15,1,1,1,I-95,,59,31.90931111,-81.32490833,0,14,0,0,1,1,0,3,1,10,0,10,0,0000000,14,11,14,18,88,88,0,0,0,1,0
13,131022,1,1,0,1,1,1,1,81,0,27,11,2012,3,6,41,0,3,3,SR-7,,99999,31.99249444,-83.79358611,0,8,0,0,1,1,0,1,2,1,0,1,1,0000000,88,88,88,88,88,88,0,0,0,1,0
13,131023,4,4,0,1,1,4,4,97,1770,27,11,2012,3,18,10,1,13,3,SR-6,I-20(RAMP),35,33.77485,-84.60432778,0,8,0,1,3,1,0,1,2,1,0,1,0,0000000,18,59,19,16,20,1,0,0,0,1,0
13,131024,1,1,0,0,0,1,1,103,2520,27,11,2012,3,22,42,0,5,6,MCCALL ROAD,,99999,32.31230833,-81.29865,0,1,0,0,1,1,0,5,2,10,0,10,0,0000000,22,44,22,49,23,44,0,0,0,1,1
13,131025,1,1,0,1,1,1,1,59,270,28,11,2012,4,19,7,0,14,6,OLD HULL ROAD,,17,33.97558333,-83.353475,0,8,0,0,1,1,0,1,2,1,0,1,0,0000000,19,8,19,15,88,88,0,0,0,1,0
13,131026,1,1,0,0,0,1,1,111,560,28,11,2012,4,13,26,1,2,3,SR-515,,70,34.89195556,-84.27552222,0,42,0,0,1,1,0,5,1,1,0,1,0,0000000,88,88,88,88,88,88,0,0,0,1,0
13,131027,2,2,0,0,0,3,3,135,5300,28,11,2012,4,18,4,0,14,6,MCGINNIS FERRY ROAD,SCALES ROAD,14,34.04490833,-84.08438333,0,12,2,0,2,2,0,1,5,1,0,1,0,0000000,18,5,18,9,19,18,0,0,0,2,0
13,131028,1,1,0,1,1,1,1,149,2230,28,11,2012,4,6,20,0,3,3,SR-34,ENON GROVE ROAD,189,33.32932222,-85.00775,0,8,0,0,3,3,0,1,4,1,0,1,0,0000000,6,10,6,16,6,43,23,0,0,1,0
13,131029,1,1,0,0,0,1,1,279,0,28,11,2012,4,22,47,1,2,3,SR-4,,159,32.15592778,-82.34074167,0,34,0,0,1,1,0,5,2,10,0,10,0,0000000,88,88,88,88,88,88,0,0,0,1,1
13,131030,2,2,0,0,0,3,3,89,0,29,11,2012,5,18,45,0,15,4,CR-NORTHLAKE PARKWAY,ROBINHILL DRIVE,5,33.839675,-84.241075,0,12,6,0,2,2,0,1,3,1,0,1,0,0000000,18,48,18,53,19,45,0,0,0,1,0
13,131031,1,1,0,1,1,1,1,97,0,29,11,2012,5,18,34,1,13,3,SR-6,BLAIRS BRIDGE ROAD,32,33.77170278,-84.60247222,0,8,0,0,3,2,0,1,2,1,0,1,0,0000000,18,36,18,40,88,88,0,0,0,1,0
13,131032,1,1,0,0,0,2,2,135,0,29,11,2012,5,16,15,0,16,4,CR-SPAIN ROAD,,6,33.79608333,-84.06841111,0,42,0,0,1,1,0,5,1,1,0,1,0,0000000,99,99,99,99,99,99,0,0,0,1,0
13,131033,1,1,0,1,1,2,2,139,0,29,11,2012,5,17,46,0,4,4,CR-0LD CORNELIA HIGHWAY,,64,34.35258889,-83.704075,0,8,0,0,1,1,0,1,2,1,0,1,0,0000000,17,52,18,5,18,55,0,0,0,1,0
13,131034,1,1,0,1,1,1,1,217,1380,29,11,2012,5,18,23,0,14,3,SR-36,LASSETER STREET,145,33.581025,-83.85356667,0,8,0,0,2,3,0,1,3,1,0,1,0,0000000,88,88,88,88,88,88,0,0,0,1,0
13,131035,1,1,0,0,0,1,1,69,1760,30,11,2012,6,9,30,0,14,6,WALKER STREET,MCDONALD ROAD,6,31.516725,-82.83829167,0,42,0,0,2,3,0,5,1,1,0,1,0,0000000,99,99,99,99,99,99,0,0,0,1,0
13,131036,1,1,0,1,1,1,1,91,1880,30,11,2012,6,19,7,0,5,6,WILSON WOODARD ROAD,SANDPIT ROAD,35,32.28823889,-83.24475,0,8,0,0,3,3,0,1,2,1,0,1,0,0000000,88,88,88,88,88,88,0,0,0,1,0
13,131037,1,1,0,0,0,1,1,119,0,30,11,2012,6,17,18,1,1,1,I-85,,86,34.37716944,-83.25455,0,42,0,0,1,1,0,8,1,1,0,1,0,0000000,88,88,88,88,88,88,0,0,0,1,0
13,131038,2,2,0,0,0,4,4,139,0,30,11,2012,6,21,51,0,15,4,CR-HOG MOUNTAIN ROAD,,22,34.16362222,-83.92404167,0,12,2,0,1,1,0,1,2,1,0,1,0,0000000,88,88,88,88,88,88,0,0,0,1,1
13,131039,1,1,0,0,0,1,1,13,0,1,12,2012,7,1,42,0,5,4,CR-238 / DUNAHOO RD,,18,34.00611111,-83.67646944,0,35,0,0,1,1,0,4,2,1,0,1,0,0000000,1,34,1,43,2,20,0,0,0,1,0
13,131040,1,1,0,0,0,2,2,67,0,1,12,2012,7,0,37,0,16,4,CR-1139 / PAPER MILL RD,,19,33.94085,-84.43742222,0,42,0,0,1,1,0,4,2,10,0,10,0,0000000,0,37,0,44,88,88,0,0,0,2,1
13,131041,1,1,0,0,0,1,1,211,0,1,12,2012,7,19,20,0,3,3,SR-83,,72,33.53389167,-83.52044444,0,34,0,0,1,1,0,4,2,1,0,1,0,0000000,88,88,88,88,88,88,0,0,0,1,1
13,131042,1,1,0,0,0,1,1,229,710,1,12,2012,7,16,4,0,3,3,SR-15,,195,31.47143889,-82.20642778,0,42,0,0,1,1,0,4,1,10,0,10,0,0000000,16,4,16,16,88,88,0,0,0,1,0
13,131043,1,1,0,0,0,5,5,89,0,2,12,2012,1,6,56,0,14,4,CR-515 / PANOLA RD,,52,33.7227,-84.16694722,0,34,0,0,1,1,0,4,4,1,0,1,0,0000000,6,56,7,20,7,23,0,0,0,1,0
13,131044,1,1,0,1,1,1,1,129,0,2,12,2012,1,19,28,0,3,3,SR-225,,60,34.59198611,-84.87144444,0,8,0,0,1,1,0,1,2,1,0,1,0,0000000,99,99,99,99,99,99,0,0,0,1,0
13,131045,2,2,0,0,0,3,3,135,3158,2,12,2012,1,13,46,0,14,4,CR-417 / KILLIAN HILL RD,LOUIS RD,18,33.881225,-84.11421667,0,12,6,0,2,3,0,1,1,1,0,1,0,0000000,13,47,13,53,14,16,0,0,0,1,0
13,131046,2,1,1,0,0,1,1,37,1940,3,12,2012,2,10,58,0,3,3,SR-37 / HARTFORD ST,,59,31.55824167,-84.73902778,0,14,0,0,1,1,0,7,1,1,0,1,0,0000000,11,2,11,20,12,0,0,0,0,1,0
13,131047,1,1,0,0,0,1,1,83,0,3,12,2012,2,22,25,0,4,4,CR-200 / HALES GAP RD,,56,34.9385,-85.50861944,0,24,0,0,1,1,0,4,2,1,0,1,0,0000000,88,88,88,88,88,88,0,0,0,1,0
13,131048,2,2,0,0,0,3,3,245,310,3,12,2012,2,16,50,1,13,2,US-1 / SR-4,WILLIS FOREMAN RD,128,33.37908056,-82.13117222,0,12,6,0,2,3,0,1,1,1,0,1,0,0000000,17,0,17,19,17,33,0,0,0,1,0
13,131049,1,1,0,0,0,1,1,67,0,4,12,2012,3,22,31,0,16,4,CR-39 / CHEATHAM RD,,0,34.02972778,-84.72513889,0,32,0,0,1,1,0,4,2,1,0,1,0,0000000,22,31,22,40,88,88,0,0,0,1,1
13,131050,1,1,0,1,1,1,1,17,2130,5,12,2012,4,19,9,0,16,4,CR-158 / MERRIMAC DR,,5,31.73095833,-83.26514167,0,8,0,0,1,1,0,1,2,1,0,1,0,0000000,99,99,99,99,99,99,0,0,0,1,0
13,131051,3,1,2,0,0,1,1,21,0,5,12,2012,4,7,29,1,13,2,US-129 ALT / OCMULGEE EAST BLV,,60,32.83766667,-83.57548889,0,14,0,0,1,1,0,6,1,10,0,10,0,0000000,7,33,7,45,8,11,0,0,0,1,0
13,131052,1,1,0,0,0,1,1,157,0,5,12,2012,4,22,21,0,5,4,CR-428 / APPLE VALLEY RD,,50,34.17440278,-83.520575,0,42,0,0,1,1,0,4,2,1,0,1,0,0000000,88,88,88,88,88,88,0,0,0,1,1
13,131053,1,1,0,0,0,1,1,67,5070,6,12,2012,5,18,50,0,14,3,SR-280 / S COBB DR,MCCAULEY RD,42,33.86572778,-84.52320278,0,33,0,0,3,2,0,4,3,1,0,1,0,0000000,18,52,19,8,19,16,0,0,0,1,0
13,131054,1,1,0,0,0,1,1,309,0,6,12,2012,5,12,29,0,5,4,CR-40 / SNOW HILL CHURCH RD,,51,32.22632222,-82.81373056,0,34,0,0,1,1,0,4,1,10,0,10,0,0000000,88,88,88,88,88,88,0,0,0,1,0
13,131055,3,3,0,0,0,3,3,67,0,7,12,2012,6,19,1,1,13,2,US-41 / SR-3,AKERS MILL RD,12,33.88096111,-84.46406667,0,12,6,0,2,2,0,1,3,1,0,1,0,0000000,19,1,19,7,19,48,0,0,0,1,0
13,131056,1,1,0,1,1,1,1,247,1320,7,12,2012,6,14,22,0,14,3,SR-138 / SR-20,S MAIN ST,105,33.65783611,-84.00098611,0,8,0,0,3,9,0,1,1,1,0,1,0,0000000,14,23,14,30,14,42,0,0,0,1,0
13,131057,1,1,0,1,1,1,1,89,0,8,12,2012,7,4,13,1,13,2,US-23 / SR-13,,38,33.86654167,-84.30245556,0,8,0,0,1,1,0,1,3,1,0,1,0,0000000,88,88,88,88,88,88,0,0,0,1,0
13,131058,1,1,0,0,0,1,1,163,6070,8,12,2012,7,23,46,1,2,3,SR-88,,157,33.18148333,-82.41783611,0,1,0,0,1,1,0,3,2,1,0,1,0,0000000,88,88,88,88,88,88,0,0,0,1,1
13,131059,2,2,0,1,1,3,3,89,0,9,12,2012,1,1,33,0,14,2,US-278 / SR-12,,74,33.71981389,-84.15483611,0,8,0,0,1,1,0,1,2,10,0,10,0,0000000,1,37,1,57,88,88,0,0,0,1,0
13,131060,1,1,0,1,1,2,2,151,0,9,12,2012,1,3,24,0,16,4,CR-165 / FLIPPEN RD,,6,33.48786667,-84.24516944,0,8,0,0,1,1,0,1,2,5,0,5,0,0000000,88,88,88,88,88,88,0,0,0,1,0
13,131061,1,1,0,0,0,1,1,263,0,9,12,2012,1,22,15,0,4,3,SR-208,,46,32.67455833,-84.63202222,0,18,0,0,1,1,0,1,2,1,0,1,0,0000000,99,99,99,99,99,99,0,0,0,1,1
13,131062,1,1,0,0,0,2,2,275,0,9,12,2012,1,8,45,1,2,3,SR-3,,230,30.93634167,-84.02803889,0,34,0,0,1,1,0,4,1,1,0,1,0,0000000,8,53,9,2,9,44,0,0,0,1,0
13,131063,3,3,0,0,0,6,6,13,0,10,12,2012,2,14,23,0,14,2,US-29 / SR-8,,2,34.00277778,-83.86559722,0,12,2,0,1,1,0,1,1,2,0,2,0,0000000,14,28,14,36,15,5,0,0,0,2,0
13,131064,2,2,0,0,0,4,4,113,2110,10,12,2012,2,14,19,0,14,3,SR-92,WINONA DR,125,33.46029722,-84.45991389,0,12,1,0,2,3,0,1,1,2,0,2,0,0000000,14,20,14,29,14,51,0,0,0,1,0
13,131065,2,2,0,0,0,6,6,117,0,10,12,2012,2,15,59,0,16,4,CR-234 / HENDRIX RD,,15,34.27983889,-84.12828056,0,12,6,0,1,1,0,1,1,2,0,2,0,0000000,16,1,16,8,17,14,0,0,0,1,0
13,131066,1,1,0,1,1,1,1,135,800,10,12,2012,2,8,2,0,14,2,US-23 / SR-13,,190,34.09237778,-84.01663333,0,8,0,0,1,1,0,1,1,10,0,10,0,0000000,8,2,8,7,8,29,0,0,0,1,0
13,131067,2,2,0,0,0,2,2,51,553,11,12,2012,3,3,34,0,14,2,US-80 / SR-26,,30,32.12681667,-81.28181667,0,12,6,0,8,1,0,1,2,1,0,1,0,0000000,3,32,3,37,4,11,0,0,0,1,1
13,131068,3,3,0,0,0,3,3,83,0,11,12,2012,3,4,10,1,1,1,I-24,,27,34.97048889,-85.42295556,0,12,8,0,1,1,0,1,3,1,0,1,0,0000000,88,88,88,88,88,88,14,0,0,1,0
13,131069,2,2,0,0,0,2,2,29,0,12,12,2012,4,6,39,1,2,2,US-17 / SR-25,,22,31.89834444,-81.37175,0,12,1,0,1,1,0,1,2,10,0,10,0,0000000,88,88,88,88,88,88,0,0,0,1,0
13,131070,2,2,0,0,0,4,4,139,0,12,12,2012,4,12,15,1,13,2,US-129 / SR-11,HONEYSUCKLE RD,180,34.39487222,-83.80343889,0,12,6,0,2,3,0,1,1,10,0,10,0,0000000,12,19,12,27,12,58,0,0,0,1,0
13,131071,3,3,0,0,0,4,4,285,3050,12,12,2012,4,7,37,0,14,3,SR-109 / ROANOKE RD,VERNON ST,95,33.03196667,-85.06813611,0,12,2,0,3,2,0,1,1,1,0,1,0,0000000,7,41,7,45,8,3,0,0,0,1,0
13,131072,1,1,0,0,0,1,1,45,0,13,12,2012,5,4,15,1,1,1,I-20,,99,33.71718333,-85.02024722,0,57,0,0,1,1,0,3,2,1,0,1,0,0000000,4,19,4,35,5,20,0,0,0,1,0
13,131073,2,2,0,0,0,3,3,135,0,13,12,2012,5,22,33,1,13,2,US-78 / SR-10,,22,33.83282778,-84.08540556,0,25,0,0,1,1,0,3,2,1,0,1,0,0000000,22,34,22,39,23,18,0,0,0,1,0
13,131074,1,1,0,1,1,1,1,245,310,13,12,2012,5,7,11,1,13,4,CR-1501 / WRIGHTSBORO RD,,44,33.46975,-82.06077778,0,8,0,0,1,1,0,1,1,10,0,10,0,0000000,7,11,7,18,7,32,0,0,0,1,0
13,131075,4,4,0,0,0,5,5,247,1320,13,12,2012,5,19,3,0,13,4,CR-435 / SIGMAN RD,OLD CAMP TRL,21,33.68939444,-84.013075,0,12,1,0,3,3,0,1,2,1,0,1,0,0000000,19,3,19,13,19,25,0,0,0,1,0
13,131076,1,1,0,0,0,1,1,255,0,13,12,2012,5,2,29,0,6,4,CR-2 / STEELE RD,,8,33.304025,-84.33506111,0,53,0,0,1,1,0,4,2,1,0,1,0,0000000,99,99,99,99,99,99,0,0,0,1,1
13,131077,1,1,0,1,1,1,1,207,0,14,12,2012,6,2,8,1,1,1,I-75,,168,33.07223611,-83.97725833,0,8,0,0,5,1,0,1,2,1,0,1,0,0000000,99,99,99,99,88,88,0,0,0,1,0
13,131078,1,1,0,0,0,1,1,279,0,14,12,2012,6,18,32,0,6,4,CR-427 / SIMPSON RD,,0,32.16324444,-82.32527222,0,35,0,0,1,1,0,4,1,10,0,10,0,0000000,88,88,88,88,88,88,0,0,0,1,1
13,131079,1,1,0,0,0,1,1,117,0,15,12,2012,7,2,1,0,14,4,CR-124 / CHATTAHOOCHEE RD,,0,34.24401944,-84.06551944,0,1,0,0,1,1,2,4,2,10,0,10,0,0000000,2,4,2,11,88,88,0,0,0,1,1
13,131080,1,1,0,0,0,1,1,121,0,15,12,2012,7,2,50,1,13,3,SR-138 / JONESBORO RD,,46,33.56261944,-84.51776111,0,59,0,0,1,1,1,7,2,1,0,1,0,0000000,88,88,88,88,88,88,0,0,0,1,1
13,131081,1,1,0,1,1,2,2,121,120,15,12,2012,7,6,56,0,14,6,RUCKER RD,,5,34.07788889,-84.33811389,0,8,0,0,1,1,0,1,3,1,0,1,0,0000000,6,57,7,3,7,15,0,0,0,1,0
13,131082,1,1,0,1,1,1,1,153,5790,15,12,2012,7,4,59,1,13,3,SR-247 CO / WATSON BLVD,,34,32.618275,-83.65915833,0,8,0,0,1,1,0,1,3,1,0,1,0,0000000,4,59,5,7,88,88,0,0,0,1,0
13,131083,1,1,0,0,0,1,1,163,3250,15,12,2012,7,0,30,0,6,4,CR-326 / OLD US-1,,6,32.98326944,-82.39729444,0,11,0,0,1,1,0,1,2,1,0,1,0,0000000,88,88,88,88,88,88,0,0,0,1,1
13,131084,1,1,0,0,0,2,2,135,0,22,12,2012,7,18,24,0,15,4,CR-104 / ROCK SPRINGS RD,OLD PEACHTREE RD,0,34.03798611,-84.01706944,0,33,0,0,3,3,0,4,2,10,0,10,0,0000000,18,24,18,40,19,1,0,0,0,1,1
13,131085,2,2,0,0,0,6,6,21,3390,3,11,2012,7,3,0,0,14,3,SR-74,,106,32.82125833,-83.69618611,0,12,6,0,8,1,0,1,6,1,0,1,0,0000000,3,0,3,2,99,99,0,0,0,1,0
13,131086,2,2,0,1,1,2,2,121,2060,20,5,2012,1,1,55,0,14,3,SR-92,,71,33.58692222,-84.59330556,0,8,0,0,1,1,0,1,2,1,0,1,0,0000000,99,99,99,99,99,99,0,0,0,1,0
13,131087,1,1,0,0,0,1,1,141,5120,27,10,2012,7,18,2,0,6,6,LAKEVIEW DRIVE,,2,99.99990000,999.99990000,0,1,0,0,1,1,0,4,5,98,0,98,0,0000000,99,99,99,99,99,99,0,0,0,1,0
13,131088,1,1,0,0,0,1,1,247,1320,15,12,2012,7,8,8,0,16,6,DOGWOOD DRIVE,,13,33.66132778,-84.02387778,0,42,0,0,1,1,0,5,1,1,0,1,0,0000000,88,88,88,88,88,88,0,0,0,1,1
13,131089,2,2,0,0,0,2,2,89,1610,16,12,2012,1,0,38,1,11,1,I-85,,47,33.86465,-84.28880278,0,39,0,0,1,1,0,3,2,1,0,1,0,0000000,0,38,0,43,1,34,0,0,0,1,1
13,131090,1,1,0,1,1,1,1,89,0,16,12,2012,1,17,44,0,14,4,CR-PANOLA ROAD,MARBUT ROAD,8,33.73429722,-84.16823889,0,8,0,0,3,3,0,1,3,2,0,2,0,0000000,16,47,17,50,18,8,0,0,0,1,0
13,131091,2,2,0,0,0,3,3,33,0,17,12,2012,2,16,14,1,2,3,SR-121,,181,33.15785556,-82.03809167,0,12,7,0,1,1,0,1,1,2,98,2,0,0000000,16,10,16,17,17,38,0,0,0,1,0
13,131092,2,2,0,0,0,3,3,67,0,17,12,2012,2,13,49,1,11,1,I-75,,31,33.91175833,-84.47940278,0,12,6,0,1,1,0,1,1,10,0,10,0,0000000,88,88,88,88,88,88,0,0,0,1,0
13,131093,1,1,0,2,2,1,1,245,310,17,12,2012,2,19,8,1,13,3,SR-121,BUNGALOW ROAD,142,33.43031667,-82.01504167,0,8,0,0,3,2,0,1,3,10,0,10,0,0000000,19,9,19,12,19,34,0,0,0,1,0
13,131094,2,2,0,0,0,3,3,13,0,18,12,2012,3,14,32,0,4,3,SR-8,JACKSON TRAIL ROAD,129,33.97688333,-83.64353889,0,12,6,0,2,2,0,1,1,1,0,1,0,0000000,14,31,14,33,15,22,0,0,0,1,0
13,131095,1,1,0,1,1,1,1,245,310,18,12,2012,3,20,31,1,13,6,WASHINGTON ROAD,,96,33.51156111,-82.03893056,0,8,0,0,1,1,0,1,3,1,0,1,0,0000000,20,31,20,36,88,88,0,0,0,1,0
13,131096,2,2,0,0,0,3,3,15,0,19,12,2012,4,1,50,1,11,1,I-75,,187,34.20359722,-84.76138056,0,24,0,0,1,1,0,3,2,10,0,10,0,0000000,88,88,88,88,88,88,14,0,0,3,0
13,131097,1,1,0,1,1,2,2,51,4910,20,12,2012,5,20,30,1,13,6,ABERCORN STREET,WILSHIRE BLVD.,177,31.98361667,-81.13268056,0,8,0,0,3,2,0,1,3,2,0,2,0,0000000,20,31,20,32,20,47,0,0,0,1,0
13,131098,1,1,0,0,0,4,4,67,0,20,12,2012,5,5,6,0,16,4,CR-SOUTH GORDON ROAD,,16,33.7948,-84.5946,0,33,0,0,1,1,0,4,2,10,0,10,0,0000000,99,99,99,99,99,99,0,0,0,1,1
13,131099,2,2,0,0,0,2,2,67,0,20,12,2012,5,12,43,1,14,3,SR-92,BRIDGEMONTH PLACE,83,34.05570278,-84.72297222,0,12,2,0,3,3,0,1,1,2,0,2,0,0000000,12,44,12,56,13,27,0,0,0,1,0
13,131100,2,2,0,0,0,2,2,13,0,21,12,2012,6,19,37,0,5,4,CR-ROCKWELL CHURCH ROAD,,45,34.03850556,-83.70098889,0,12,2,0,1,1,0,1,2,1,0,1,0,0000000,19,37,19,44,20,43,0,0,0,1,0
13,131101,2,2,0,0,0,3,3,15,980,21,12,2012,6,13,25,1,1,1,I-75,,157,34.24150278,-84.76435556,0,12,7,0,1,1,0,1,1,1,0,1,0,0000000,99,99,99,99,99,99,0,0,0,2,0
13,131102,1,1,0,1,1,1,1,51,4910,21,12,2012,6,18,14,0,14,6,WATERS AVENUE,CORINTH AVENUE,49,31.99814167,-81.10396667,0,8,0,0,1,1,0,1,3,1,0,1,0,0000000,18,14,18,19,18,46,0,0,0,1,0
13,131103,1,1,0,0,0,1,1,55,0,21,12,2012,6,9,35,1,2,3,SR-1,,115,34.49696389,-85.33388333,0,42,0,0,1,1,0,5,1,1,0,1,0,0000000,88,88,88,88,88,88,0,0,0,1,0
13,131104,2,2,0,0,0,2,2,63,1250,21,12,2012,6,21,25,0,14,3,SR-139,NORTHWEST DRIVE,3,33.64296111,-84.45428889,0,12,1,0,3,3,0,1,3,1,0,1,0,0000000,21,34,21,41,22,0,20,0,0,1,1
13,131105,1,1,0,0,0,1,1,67,0,21,12,2012,6,19,0,0,16,4,CR-MCEACHERN WAY,,0,33.83444167,-84.71135833,0,39,0,0,1,1,0,5,2,1,0,1,0,0000000,19,2,19,6,19,37,0,0,0,1,1
13,131106,2,2,0,1,1,4,4,67,5070,21,12,2012,6,21,50,0,14,6,WINDY HILL ROAD,,55,33.90154167,-84.49006389,0,8,0,0,1,1,0,1,2,1,0,1,0,0000000,88,88,88,88,88,88,0,0,0,1,0
13,131107,1,1,0,1,1,2,2,117,0,21,12,2012,6,21,15,0,14,4,CR-DOC BRAMBLETT ROAD,,12,34.25381944,-84.17009444,0,8,0,0,1,1,0,1,2,1,0,1,0,0000000,21,16,21,21,88,88,0,0,0,1,0
13,131108,1,1,0,1,1,1,1,121,0,21,12,2012,6,3,49,0,14,3,SR-70,INTERCHANGE DRIVE,313,33.76871111,-84.522375,0,8,0,0,3,2,0,1,2,1,0,1,0,0000000,88,88,88,88,88,88,0,0,0,1,0
13,131109,1,1,0,1,1,1,1,131,0,21,12,2012,6,0,36,0,3,3,SR-111,,282,31.013125,-84.14553611,0,8,0,0,1,1,0,1,2,1,0,1,0,0000000,99,99,99,99,99,99,0,0,0,1,1
13,131110,1,1,0,0,0,2,2,137,1150,21,12,2012,6,18,41,0,5,6,NEW LIBERTY ROAD,,99999,34.66849444,-83.49277222,0,42,0,0,1,1,0,5,2,10,0,10,0,0000000,99,99,99,99,99,99,0,0,0,1,1
13,131111,2,2,0,1,1,2,2,11,0,22,12,2012,7,0,40,0,4,3,SR-323,,40,34.34021667,-83.58285833,0,12,7,0,1,1,0,1,2,1,0,1,0,0000000,88,88,88,88,88,88,23,0,0,1,0
13,131112,2,2,0,0,0,7,7,77,3950,22,12,2012,7,20,6,0,14,6,LOWER FAYETTEVILLE ROAD,NEWNAN CROSSING BYPASS,24,33.37353333,-84.763,0,12,6,0,2,2,0,1,2,1,0,1,0,0000000,20,7,20,14,21,9,0,0,0,1,0
13,131113,1,1,0,0,0,1,1,115,0,22,12,2012,7,21,52,0,6,4,CR-ABRAMS ROAD,,6,34.16848333,-85.09562778,0,42,0,0,1,1,0,5,2,10,1,10,0,0000000,21,40,21,52,23,8,0,0,0,1,1
13,131114,1,1,0,0,0,1,1,189,0,22,12,2012,7,19,48,0,3,3,SR-47,,19,33.35307222,-82.32743056,0,32,0,0,1,1,0,5,2,1,0,1,0,0000000,19,50,20,8,88,88,0,0,0,1,1
13,131115,2,2,0,0,0,6,6,67,0,24,12,2012,2,22,38,0,16,4,CR-SMYRNA POWDER SPRINGS,TRELLIS OAKS DRIVE,10,33.8863,-84.55535833,0,12,2,0,1,1,0,1,2,5,0,5,0,0000000,22,38,22,46,23,27,0,0,0,1,1
13,131116,1,1,0,0,0,1,1,247,1320,24,12,2012,2,20,50,0,14,6,OLD COVINGTON ROAD,,99999,99.99990000,999.99990000,0,53,0,0,1,1,0,5,2,5,0,5,0,0000000,20,50,21,8,88,88,0,0,0,1,1
13,131117,1,1,0,0,0,2,2,275,5460,24,12,2012,2,1,5,0,14,6,S. PINETREE BOULEVARD,,15,30.81321667,-83.99016111,0,59,0,0,1,1,0,5,3,1,0,1,0,0000000,1,11,1,14,99,99,20,0,0,2,1
13,131118,1,1,0,0,0,1,1,33,0,25,12,2012,3,1,35,0,4,3,SR-305,CR-19,99999,99.99990000,999.99990000,1,59,0,0,1,1,0,5,2,5,0,5,0,0000000,88,88,88,88,88,88,0,0,0,1,1
13,131119,2,2,0,0,0,7,7,129,0,25,12,2012,3,17,47,1,2,3,SR-53,,211,34.44856944,-84.73678889,0,12,2,0,1,1,0,1,2,10,0,10,0,0000000,17,47,18,7,18,40,0,0,0,3,1
13,131120,1,1,0,0,0,1,1,135,3990,25,12,2012,3,16,18,0,16,6,SIMPSON CIRCLE,,7,33.95773056,-84.17684167,0,39,0,0,1,1,0,5,1,1,0,1,0,0000000,88,88,88,88,88,88,0,0,0,1,0
13,131121,1,1,0,0,0,2,2,111,3770,26,12,2012,4,12,27,0,4,6,SKEENAH GAP ROAD,,34,34.80624444,-84.14096944,0,35,0,0,1,1,0,5,1,10,0,10,0,0000000,12,29,12,47,13,16,0,0,0,1,0
13,131122,1,1,0,0,0,5,5,133,0,26,12,2012,4,3,16,1,1,1,I-20,,95,33.54636389,-83.10096944,0,42,0,0,1,1,0,5,2,10,0,10,0,0000000,3,17,3,47,5,29,0,0,0,1,1
13,131123,2,2,0,0,0,3,3,151,0,26,12,2012,4,15,3,0,14,3,SR-20,,165,33.42591111,-84.18273333,0,12,2,0,1,1,0,1,1,10,0,10,0,0000000,15,5,15,15,16,0,0,0,0,1,0
13,131124,1,1,0,0,0,2,2,285,0,26,12,2012,4,0,50,0,4,3,SR-219,,34,32.91683333,-85.01991944,0,53,0,0,1,1,0,5,2,2,0,2,0,0000000,1,15,1,27,2,5,0,0,0,1,0
13,131125,1,1,0,1,1,1,1,57,0,27,12,2012,5,6,47,0,6,4,CR-EAST CHEROKEE DRIVE,,99999,34.20763889,-84.40630556,0,8,0,0,1,1,0,1,2,10,0,10,0,0000000,88,88,88,88,88,88,0,0,0,1,0
13,131126,1,1,0,0,0,1,1,247,1320,27,12,2012,5,11,41,0,16,6,MAIN STREET,,99999,33.659725,-84.00865833,0,42,0,0,1,1,0,5,1,1,0,1,0,0000000,11,42,11,50,12,31,0,0,0,1,1
13,131127,1,1,0,0,0,1,1,21,3390,30,12,2012,1,5,37,0,5,3,SR-74,COLUMBUS ROAD,99999,32.82544722,-83.6785,0,30,0,0,3,2,0,5,3,10,0,10,0,0000000,5,37,5,43,88,88,0,0,0,1,1
13,131128,3,3,0,0,0,6,6,185,0,30,12,2012,1,18,0,1,1,1,I-75,,99999,31.02230833,-83.39601389,0,1,0,0,1,1,0,1,2,1,0,1,0,0000000,18,4,18,11,18,58,14,0,0,1,0
13,131129,1,1,0,1,1,2,2,135,0,31,12,2012,2,18,8,0,16,4,CR-WHITE PINE ROAD,,3,33.80508889,-84.0162,0,8,0,0,1,1,0,1,3,10,1,10,0,0000000,18,8,18,15,18,37,0,0,0,1,0