STATE,ST_CASE,VE_TOTAL,VE_FORMS,PVH_INVL,PEDS,PERNOTMVIT,PERMVIT,PERSONS,COUNTY,CITY,DAY,MONTH,YEAR,DAY_WEEK,HOUR,MINUTE,NHS,ROAD_FNC,ROUTE,TWAY_ID,TWAY_ID2,MILEPT,LATITUDE,LONGITUD,SP_JUR,HARM_EV,MAN_COLL,RELJCT1,RELJCT2,TYP_INT,WRK_ZONE,REL_ROAD,LGT_COND,WEATHER1,WEATHER2,WEATHER,SCH_BUS,RAIL,NOT_HOUR,NOT_MIN,ARR_HOUR,ARR_MIN,HOSP_HR,HOSP_MN,CF1,CF2,CF3,FATALS,DRUNK_DR
13,131130,1,1,0,1,1,1,1,153,5790,31,12,2012,2,21,44,0,14,6,CORDER ROAD,,2,32.59707778,-83.6571,0,8,0,0,1,1,0,1,2,1,0,1,0,0000000,21,45,21,50,88,88,0,0,0,1,0
13,131131,1,1,0,0,0,2,2,157,0,31,12,2012,2,11,53,0,6,4,CR-BENTON ROAD,,0,34.13590556,-83.628225,0,38,0,0,1,1,0,5,1,1,0,1,0,0000000,99,99,99,99,99,99,0,0,0,1,0
13,131132,2,2,0,0,0,6,6,63,3260,27,8,2012,2,20,29,0,13,6,TARA BLVD,TALMADGE ROAD,3,33.43222778,-84.32052778,0,12,6,0,2,2,0,1,3,10,0,10,0,0000000,20,27,20,34,22,45,0,0,0,1,0
15,150001,1,1,0,1,1,2,2,7,1400,4,1,2012,4,5,45,0,14,3,SR-56,,18,21.99316389,-159.357875,0,8,0,0,1,1,0,1,3,1,0,1,0,0000000,5,47,5,53,6,9,0,0,0,1,0
15,150002,3,3,0,0,0,3,3,3,501,5,1,2012,5,5,25,0,12,3,SR-76,,99999,21.37388611,-158.0259028,0,12,7,0,1,1,0,1,3,1,0,1,0,0000000,5,33,5,46,88,88,14,0,0,1,0
15,150003,1,1,0,1,1,1,1,3,501,16,1,2012,2,9,20,0,14,3,SR-76,EWA BEACH ROAD,99999,21.31230278,-158.0048333,0,8,0,0,2,2,0,1,1,10,0,10,0,0000000,9,25,9,35,10,6,0,0,0,1,0
15,150004,1,1,0,0,0,2,2,9,1200,16,1,2012,2,15,42,0,4,4,CR-360,,274,20.80674444,-156.0927528,0,23,0,0,1,1,0,4,1,1,0,1,0,0000000,15,44,15,58,17,8,2,0,0,1,1
15,150005,1,1,0,0,0,2,2,3,9600,18,1,2012,4,9,0,0,16,4,CR-HOAEAE STREET,,0,21.38453056,-158.02355,0,58,0,0,1,1,0,1,1,1,0,1,0,0000000,9,7,9,17,9,41,0,0,0,1,0
15,150006,3,3,0,0,0,4,4,3,100,21,1,2012,7,19,57,1,11,1,I-H-1,,99999,21.38731667,-157.9376278,0,12,1,0,1,1,0,1,3,1,0,1,0,0000000,20,7,20,20,20,46,14,0,0,1,0
15,150007,1,1,0,0,0,1,1,3,100,24,1,2012,3,14,10,0,15,4,CR-KAONOHI STREET,,0,21.3956,-157.9323889,0,33,0,0,1,1,0,4,1,1,0,1,0,0000000,14,14,14,28,14,48,0,0,0,1,0
15,150008,2,1,1,0,0,1,1,9,2765,24,1,2012,3,15,35,1,3,3,SR-30,,240,20.92220833,-156.6900083,0,14,0,0,1,1,0,4,1,1,0,1,0,0000000,15,35,15,44,88,88,0,0,0,1,0
15,150009,1,1,0,0,0,1,1,9,5350,28,1,2012,7,0,21,0,4,3,SR-377,CR-CRATER ROAD,60,20.76895833,-156.3060194,0,24,0,0,3,3,0,4,3,1,0,1,0,0000000,0,22,0,34,99,99,0,0,0,1,1
15,150010,2,2,0,0,0,3,3,3,2400,1,2,2012,4,17,14,0,15,4,CR-7350,,0,21.35521389,-157.9309722,0,12,2,0,1,1,0,1,1,1,0,1,0,0000000,17,15,17,21,88,88,0,0,0,1,0
15,150011,2,2,0,0,0,3,3,3,3627,5,2,2012,1,19,30,1,11,1,I-H-1,,99999,21.35309722,-158.0661028,0,12,7,0,1,1,0,1,2,1,0,1,0,0000000,19,38,19,58,20,27,0,0,0,1,1
15,150012,1,1,0,1,1,1,1,3,2400,8,2,2012,4,23,40,0,13,4,CR-7402,,0,21.29214444,-157.8225833,0,8,0,0,1,1,0,1,3,1,0,1,0,0000000,23,41,23,45,0,11,0,0,0,1,0
15,150013,2,2,0,0,0,2,2,1,3002,9,2,2012,5,9,30,0,15,4,CR-KAIMINANI DRIVE,,0,99.99990000,999.99990000,0,18,0,0,1,1,4,1,1,1,0,1,0,0000000,9,35,9,45,10,20,14,0,0,1,0
15,150014,1,1,0,0,0,2,2,1,4300,12,2,2012,1,2,20,0,2,3,SR-11,,1140,19.54246944,-155.9289639,0,30,0,0,1,1,0,4,2,1,0,1,0,0000000,2,25,2,40,3,6,0,0,0,1,1
15,150015,1,1,0,1,1,1,1,3,2400,16,2,2012,5,12,30,0,14,4,CR-7612,CR-KEALOHALANI AVENUE,0,21.27391944,-157.8240028,0,8,0,0,2,3,0,1,1,1,0,1,0,0000000,12,33,12,43,12,57,0,0,0,1,0
15,150016,1,1,0,0,0,2,2,3,2760,17,2,2012,6,12,15,1,2,3,SR-83,,99999,21.56013611,-157.8645333,0,24,0,0,1,1,0,4,1,1,0,1,0,0000000,12,17,12,20,13,10,0,0,0,1,0
15,150017,1,1,0,0,0,4,4,3,3500,19,2,2012,1,20,17,1,2,3,SR-83,,99999,21.464425,-157.8434139,0,5,0,0,1,1,0,1,9,99,0,99,0,0000000,99,99,99,99,99,99,0,0,0,1,0
15,150018,2,2,0,0,0,2,2,3,2400,19,2,2012,1,20,50,1,11,1,I-H-1,,99999,21.32399722,-157.8643361,0,12,7,0,1,1,0,1,3,2,0,2,0,0000000,20,51,20,54,88,88,0,0,0,1,1
15,150019,1,1,0,0,0,7,7,1,7600,23,2,2012,5,17,10,0,3,3,SR-11,,477,19.24531389,-155.4452278,0,1,0,0,1,1,0,2,5,10,0,10,0,0000000,17,12,17,29,18,10,2,0,0,1,0
15,150020,1,1,0,1,1,3,3,1,1900,24,2,2012,6,18,57,1,14,3,SR-19,CR-LIHIWAI STREET,99999,19.72252778,-155.0700917,0,8,0,0,3,2,0,1,3,2,0,2,0,0000000,18,59,19,4,19,20,2,0,0,1,0
15,150021,1,1,0,0,0,1,1,1,1900,26,2,2012,1,16,10,0,15,4,CR-1370,,0,19.73267778,-155.0180222,0,39,0,0,1,1,0,4,1,10,0,10,0,0000000,16,10,16,17,16,39,2,0,0,1,0
15,150022,2,2,0,0,0,2,2,3,100,28,2,2012,3,17,32,0,15,4,CR-7244,,0,21.39505833,-157.9334806,0,12,6,0,1,1,0,1,1,1,0,1,0,0000000,17,34,17,40,18,11,0,0,0,1,0
15,150023,3,3,0,0,0,5,5,3,2400,2,3,2012,6,0,31,0,13,4,CR-7503,CR-7511,0,21.29886389,-157.8526917,0,12,6,0,2,2,0,1,3,1,0,1,0,0000000,0,31,0,35,88,88,14,0,0,1,1
15,150024,1,1,0,1,1,1,1,3,9600,2,3,2012,6,5,32,0,14,4,CR-7142,CR-WAIKELE ROAD,0,21.38518611,-158.0168972,0,8,0,0,3,2,0,1,3,1,0,1,0,0000000,5,34,5,40,6,29,0,0,0,1,0
15,150025,1,1,0,0,0,1,1,1,1800,3,3,2012,7,12,43,0,4,3,SR-270,,212,20.238175,-155.82695,0,59,0,0,1,1,0,4,1,1,0,1,0,0000000,12,44,12,50,13,15,0,0,0,1,0
15,150026,1,1,0,0,0,1,1,1,3400,9,3,2012,6,14,35,0,4,3,SR-250,,90,20.085625,-155.7659583,0,42,0,0,1,1,0,4,1,5,0,5,0,0000000,14,39,14,54,88,88,0,0,0,1,1
15,150027,2,2,0,0,0,4,4,3,2400,18,3,2012,1,2,58,1,13,3,SR-92,,99999,21.33202778,-157.8891583,0,12,2,0,1,1,0,1,3,2,0,2,0,0000000,3,2,3,13,3,46,0,0,0,1,1
15,150028,8,8,0,0,0,8,8,9,6260,18,3,2012,1,17,13,0,3,3,SR-310,,1,20.81104167,-156.5056583,0,12,6,0,1,1,0,1,1,1,0,1,0,0000000,17,16,17,21,17,42,0,0,0,2,2
15,150029,2,2,0,0,0,9,9,9,5350,25,3,2012,1,6,36,0,15,3,SR-37,,85,20.81298611,-156.3257167,0,12,6,0,1,1,0,1,4,2,10,2,0,0000000,6,39,6,52,7,17,0,0,0,5,1
15,150030,1,1,0,5,5,1,1,3,9200,28,3,2012,4,22,20,1,13,3,SR-93,,99999,21.47686667,-158.2197472,0,43,0,0,1,1,0,4,3,1,0,1,0,0000000,22,24,22,33,23,54,0,0,0,1,1
15,150031,2,2,0,0,0,5,5,1,4300,4,4,2012,4,11,25,0,3,3,SR-190,,138,19.843925,-155.7495889,0,12,1,0,1,1,0,1,1,1,0,1,0,0000000,11,28,11,40,88,88,0,0,0,1,1
15,150032,2,2,0,0,0,2,2,1,6700,6,4,2012,6,1,27,0,3,3,SR-11,,133,19.55935,-155.0975917,0,12,1,0,1,1,0,1,2,10,0,10,0,0000000,1,27,1,38,2,24,0,0,0,1,1
15,150033,1,1,0,0,0,3,3,3,3627,7,4,2012,7,6,20,1,11,1,I-H-1,,99999,21.36412222,-158.0625278,0,35,0,0,1,1,0,4,1,1,0,1,0,0000000,6,23,6,32,7,17,0,0,0,2,1
15,150034,2,2,0,0,0,3,3,9,5600,8,4,2012,1,11,34,1,14,3,SR-30,CR-WAHIKULI ROAD,223,20.89496667,-156.6848139,0,12,6,0,2,3,0,1,1,1,0,1,0,0000000,11,36,11,39,12,14,0,0,0,1,0
15,150035,1,1,0,1,1,1,1,1,1900,11,4,2012,4,7,29,0,15,4,CR-1930,,0,19.70123056,-155.0735917,0,9,0,0,1,1,0,4,1,1,0,1,0,0000000,7,30,7,36,7,57,0,0,0,1,1
15,150036,1,1,0,0,0,1,1,1,3002,11,4,2012,4,22,20,0,15,4,CR-1830,,0,99.99990000,999.99990000,0,25,0,0,1,1,4,1,3,1,0,1,0,0000000,22,22,22,26,22,55,0,0,0,1,1
15,150037,2,2,0,0,0,4,4,9,5350,20,4,2012,6,18,59,0,4,3,SR-37,,165,20.70610833,-156.3548972,0,12,6,0,8,1,0,1,5,1,0,1,0,0000000,19,2,19,8,99,99,0,0,0,1,0
15,150038,2,2,0,0,0,3,3,1,1900,1,5,2012,3,5,23,0,3,3,SR-200,,194,19.67263889,-155.3451528,0,12,6,0,1,1,0,1,2,10,0,10,0,0000000,99,99,99,99,99,99,0,0,0,1,0
15,150039,2,2,0,0,0,2,2,7,8375,1,5,2012,3,10,12,0,3,3,SR-56,CR-KAPAKA ROAD,272,22.208475,-159.4635722,0,12,1,0,2,2,0,1,1,1,0,1,0,0000000,10,15,10,21,99,99,0,0,0,1,0
15,150041,2,2,0,0,0,4,4,1,3400,6,5,2012,1,0,16,1,2,3,SR-KAWAIHAE ROAD,SR-QUEEN KAAHUMANU HIGHWAY,670,20.02269167,-155.8128667,0,12,6,0,2,3,0,1,3,1,0,1,0,0000000,0,17,0,26,0,59,0,0,0,2,2
15,150042,2,2,0,0,0,3,3,9,2900,8,5,2012,3,14,22,0,15,4,CR-3800,CR-PAKAULA STREET,8,20.87884722,-156.4578694,0,1,0,0,2,3,0,1,1,1,0,1,0,0000000,14,25,14,28,14,44,0,0,0,1,1
15,150043,3,3,0,0,0,4,4,3,3500,17,5,2012,5,22,50,1,2,3,SR-83,,99999,21.47390556,-157.844375,0,12,6,0,1,1,0,1,3,2,10,2,0,0000000,22,51,23,0,88,88,0,0,0,1,1
15,150044,1,1,0,0,0,1,1,7,3600,21,5,2012,2,2,25,1,13,3,SR-56,,70,22.05794167,-159.3244083,0,30,0,0,1,1,0,4,3,1,0,1,0,0000000,2,30,2,35,88,88,0,0,0,1,1
15,150045,2,2,0,0,0,3,3,3,2400,23,5,2012,4,21,27,0,15,4,CR-7643,CR-7641,0,21.29017778,-157.8267444,0,12,6,0,2,7,0,1,3,1,0,1,0,0000000,21,32,21,39,22,0,0,0,0,1,0
15,150046,1,1,0,0,0,1,1,3,2400,31,5,2012,5,22,34,1,13,3,SR-64,,99999,21.31408056,-157.8876917,0,23,0,0,1,1,0,4,2,1,0,1,0,0000000,22,38,22,49,23,16,0,0,0,1,0
15,150047,1,1,0,1,1,2,2,3,3500,2,6,2012,7,2,15,1,13,3,SR-83,CR-6553,99999,21.44306111,-157.8327611,0,8,0,0,3,2,0,1,3,10,0,10,0,0000000,2,25,2,30,88,88,0,0,0,1,0
15,150048,1,1,0,0,0,2,2,9,1200,3,6,2012,1,5,38,0,4,3,SR-31,,487,99.99990000,999.99990000,0,30,0,0,1,1,0,4,6,1,0,1,0,0000000,5,38,6,0,6,30,0,0,0,1,1
15,150049,1,1,0,2,2,1,1,3,8900,9,6,2012,7,23,23,1,11,1,I-H-2 ON RAMP,,99999,21.48977222,-158.0336556,0,8,0,1,5,1,0,1,2,1,0,1,0,0000000,23,23,23,35,23,40,0,0,0,1,0
15,150050,1,1,0,0,0,1,1,3,501,9,6,2012,7,13,41,0,16,4,CR-CORAL SEA ROAD,,0,21.31546389,-158.0562833,0,25,0,0,1,1,0,4,1,1,0,1,0,0000000,13,44,13,51,14,40,0,0,0,1,0
15,150051,1,1,0,1,1,1,1,3,3500,22,6,2012,6,6,12,1,11,1,I-H-3,,99999,21.39801389,-157.7721639,0,8,0,0,1,1,0,1,1,10,0,10,0,0000000,6,26,6,32,6,57,19,0,0,1,0
15,150052,1,1,0,0,0,1,1,9,3900,23,6,2012,7,16,57,0,4,4,CR-450,,186,21.09229722,-156.7657083,0,42,0,0,1,1,0,6,1,10,0,10,0,0000000,16,57,17,23,18,22,0,0,0,1,1
15,150053,2,2,0,0,0,3,3,3,2800,11,4,2012,4,19,4,1,13,3,SR-83,,99999,21.69536944,-158.0124556,0,12,6,0,1,1,0,1,5,1,0,1,0,0000000,19,7,19,15,20,18,0,0,0,1,1
15,150054,1,1,0,1,1,0,0,7,1300,26,6,2012,3,99,99,0,4,3,SR-560,,61,22.045975,-159.3363056,0,8,0,0,1,1,0,1,1,10,6,6,0,0000000,10,54,11,17,88,88,0,0,0,1,0
15,150055,2,2,0,0,0,4,4,3,2760,30,6,2012,7,4,40,1,2,3,SR-83,,99999,21.54291111,-157.8436917,0,12,2,0,1,1,0,1,3,1,0,1,0,0000000,4,43,5,1,5,44,0,0,0,1,1
15,150056,2,2,0,0,0,7,7,3,9600,6,7,2012,6,22,45,1,11,1,I-H-1,,99999,21.39329722,-158.0133889,0,12,1,0,1,1,0,1,3,2,0,2,0,0000000,22,47,22,55,88,88,0,0,0,1,0
15,150057,1,1,0,0,0,1,1,3,2400,11,7,2012,4,13,55,1,13,3,SR-72,,99999,99.99990000,999.99990000,0,24,0,0,1,1,0,4,1,1,0,1,0,0000000,14,4,14,9,14,56,0,0,0,1,0
15,150058,1,1,0,1,1,2,2,1,1800,12,7,2012,5,13,18,0,3,3,SR-270,,190,20.23798056,-155.8645611,0,9,0,0,1,1,0,4,1,1,0,1,0,0000000,13,18,13,27,99,99,0,0,0,1,0
15,150059,3,3,0,0,0,6,6,1,3002,12,7,2012,5,15,45,1,2,3,SR-19,,817,19.84421944,-155.9188806,0,12,6,0,1,1,0,1,1,1,0,1,0,0000000,15,55,16,10,16,46,0,0,0,1,0
15,150060,3,2,1,0,0,2,2,1,300,13,7,2012,6,21,11,0,2,3,SR-11,KALAMALANI PLACE,99999,19.48130278,-155.8985667,0,12,6,0,2,3,0,1,3,1,0,1,0,0000000,21,12,21,17,21,37,0,0,0,2,2
15,150061,2,2,0,0,0,2,2,1,3002,13,7,2012,6,21,47,0,3,3,SR-190,,170,19.83379444,-155.795225,0,12,8,0,1,1,0,1,2,1,0,1,0,0000000,99,99,99,99,99,99,2,0,0,1,1
15,150062,1,1,0,1,1,1,1,3,8200,18,7,2012,4,20,13,0,15,4,CR-7242,CR-LEOMELE STREET,0,21.40450278,-157.9661417,0,8,0,0,3,3,0,1,3,1,0,1,0,0000000,20,13,20,15,21,9,0,0,0,1,0
15,150063,2,2,0,0,0,8,8,1,3002,20,7,2012,6,23,56,1,2,3,SR-19,,910,19.76418333,-156.0239583,0,12,1,0,1,1,0,1,2,1,0,1,0,0000000,23,57,0,9,0,45,2,0,0,1,1
15,150064,2,2,0,0,0,4,4,3,3500,21,7,2012,7,11,5,1,2,3,SR-83,,99999,21.520175,-157.8356056,0,12,6,0,4,1,0,1,1,1,0,1,0,0000000,11,19,11,31,12,21,0,0,0,1,0
15,150065,1,1,0,0,0,1,1,3,6625,23,7,2012,2,11,43,0,15,4,CR-7402,,0,21.44140556,-158.0179222,0,33,0,0,1,1,0,3,1,1,0,1,0,0000000,11,43,11,51,12,24,0,0,0,1,0
15,150066,1,1,0,0,0,1,1,1,6805,23,7,2012,2,8,45,0,5,4,CR-150,,0,18.96046667,-155.6794667,0,30,0,0,1,1,0,4,1,6,0,6,0,0000000,8,46,9,8,9,42,2,0,0,1,0
15,150067,2,2,0,0,0,2,2,3,3000,23,7,2012,2,23,0,1,12,3,SR-61,,99999,21.36574722,-157.7798222,0,25,0,0,1,1,0,3,3,1,0,1,0,0000000,23,7,23,17,88,88,14,0,0,1,1
15,150068,1,1,0,1,1,1,1,3,3500,24,7,2012,3,21,40,1,2,3,SR-83,,99999,21.58733611,-157.8885028,0,8,0,0,1,1,0,1,3,1,0,1,0,0000000,21,49,22,28,88,88,0,0,0,1,0
15,150069,1,1,0,0,0,1,1,3,2400,27,7,2012,6,22,15,1,11,1,I-H-1,,99999,21.33784722,-157.8838083,0,24,0,1,18,1,0,4,3,1,0,1,0,0000000,22,20,22,26,22,46,0,0,0,1,0
15,150070,2,2,0,0,0,2,2,1,3002,30,7,2012,2,10,34,1,2,3,SR-19,,940,19.72479444,-156.0317222,0,12,2,0,1,1,0,1,1,1,0,1,0,0000000,10,35,10,43,11,23,0,0,0,1,0
15,150071,2,2,0,0,0,2,2,1,3002,1,8,2012,4,20,10,0,3,3,SR-197,ANE KEOHOKALOLE HWY,99999,19.67293056,-156.0029278,0,12,1,0,3,2,0,1,3,2,0,2,0,0000000,19,58,20,4,20,38,0,0,0,1,1
15,150072,1,1,0,0,0,1,1,1,7600,2,8,2012,5,0,33,0,3,3,SR-11,,485,19.234825,-155.4503667,0,35,0,0,1,1,0,4,2,1,0,1,0,0000000,0,44,1,5,88,88,0,0,0,1,1
15,150073,1,1,0,1,1,1,1,3,8200,2,8,2012,5,19,27,0,13,3,SR-99,KALUAMOI PLACE,0,21.38781111,-157.9560306,0,8,0,0,3,3,0,1,3,1,0,1,0,0000000,19,28,19,40,99,99,0,0,0,1,0
15,150074,1,1,0,0,0,5,5,7,6200,4,8,2012,7,2,0,1,14,3,SR-51,,99999,21.96486111,-159.3544944,0,24,0,0,1,1,0,4,2,1,0,1,0,0000000,2,9,2,12,99,99,0,0,0,2,1
15,150075,1,1,0,0,0,1,1,3,2400,4,8,2012,7,15,40,1,13,3,SR-64,,99999,21.30836111,-157.8854667,0,33,0,0,1,1,0,4,1,1,0,1,0,0000000,15,43,16,1,16,28,0,0,0,1,0
15,150076,1,1,0,1,1,1,1,3,3500,7,8,2012,3,21,33,0,14,4,CR-6510,PAHIA ROAD,0,21.41667222,-157.8013611,0,8,0,0,2,3,0,1,3,1,0,1,0,0000000,21,34,21,36,22,1,0,0,0,1,0
15,150077,1,1,0,1,1,1,1,9,9300,8,8,2012,4,6,44,0,16,4,CR-EHA STREET,CR-WAENA STREET,0,20.90088611,-156.4920556,0,8,0,0,2,3,0,1,1,1,0,1,0,0000000,6,45,6,54,88,88,0,0,0,1,0
15,150078,4,1,3,1,2,2,3,3,9600,11,8,2012,7,0,45,0,16,4,CR-7180,,0,21.39121944,-158.0300778,0,14,0,0,1,1,0,4,3,10,0,10,0,0000000,0,47,0,56,1,35,0,0,0,1,1
15,150079,1,1,0,1,1,1,1,3,2400,16,8,2012,5,5,55,0,16,4,CR-KUAKINI STREET,CR-BACHELOT STREET,0,21.32173611,-157.8557194,0,8,0,0,2,3,0,1,1,1,0,1,0,0000000,5,55,6,0,6,19,0,0,0,1,0
15,150080,1,1,0,1,1,1,1,9,9300,17,8,2012,6,99,99,0,15,4,CR-3405,,0,20.89505556,-156.5041,0,8,0,0,1,1,0,2,2,1,0,1,0,0000000,5,49,5,56,88,88,0,0,0,1,0
15,150081,1,1,0,0,0,1,1,1,1800,29,8,2012,4,12,33,0,4,3,SR-250,,181,20.19170556,-155.8387694,0,32,0,0,1,1,0,4,1,1,0,1,0,0000000,12,34,12,36,99,99,0,0,0,1,0
15,150082,2,2,0,0,0,3,3,9,5600,30,8,2012,5,13,33,1,2,3,SR-30,,107,20.79190556,-156.5644639,0,12,6,0,1,1,0,1,1,1,0,1,0,0000000,13,39,13,53,14,33,0,0,0,1,0
15,150083,1,1,0,0,0,2,2,1,5000,3,9,2012,2,13,15,0,4,3,SR-270,,285,20.20842222,-155.7381722,0,42,0,0,1,1,0,4,1,1,0,1,0,0000000,13,21,13,40,14,36,0,0,0,1,0
15,150084,1,1,0,1,1,1,1,1,7500,7,9,2012,6,17,30,1,3,3,SR-19,PAAUILO MAKAI ROAD,361,20.03904444,-155.36785,0,8,0,0,3,2,0,1,1,10,0,10,0,0000000,17,32,17,42,18,30,0,0,0,1,0
15,150085,2,2,0,0,0,2,2,3,3627,9,9,2012,1,12,20,0,14,4,CR-8920,,0,21.33547778,-158.0379111,0,33,0,0,1,1,0,3,1,10,0,10,0,0000000,12,23,12,28,88,88,0,0,0,1,0
15,150086,2,2,0,0,0,11,11,1,2200,10,9,2012,2,16,24,1,3,3,SR-19,,388,20.05605,-155.4056556,0,12,6,0,1,1,0,1,1,2,10,2,0,0000000,16,25,16,33,18,12,0,0,0,2,1
15,150087,2,2,0,0,0,2,2,3,2400,13,9,2012,5,9,35,0,14,4,CR-7613,CR-7641,0,21.29258333,-157.83105,0,12,6,0,2,2,0,1,1,1,0,1,0,0000000,9,43,9,47,10,14,0,0,0,1,0
15,150088,1,1,0,1,1,1,1,9,7800,16,9,2012,1,20,16,0,16,4,CR- PAIA MINI BYPASS ROAD,,0,20.91374167,-156.3815639,0,8,0,0,1,1,0,1,2,1,0,1,0,0000000,20,19,20,34,88,88,0,0,0,1,0
15,150089,3,1,2,0,0,1,1,3,501,23,9,2012,1,21,10,0,16,4,CR-IROQUOIS AVENUE,,0,21.32205,-157.9725417,0,30,0,0,1,1,0,4,3,10,0,10,0,0000000,21,17,21,34,88,88,14,0,0,1,1
15,150090,1,1,0,0,0,1,1,3,9600,30,9,2012,1,4,20,0,13,3,SR-7101,,99999,21.39365556,-157.9897472,0,43,0,0,1,1,0,3,2,2,0,2,0,0000000,4,30,4,37,5,28,0,0,0,1,1
15,150091,1,1,0,0,0,2,2,1,3625,8,10,2012,2,10,30,0,4,3,SR-270,,276,20.22024444,-155.7460639,0,34,0,0,1,1,0,4,1,1,0,1,0,0000000,10,33,10,56,11,31,2,0,0,1,0
15,150092,2,2,0,0,0,2,2,1,6700,11,10,2012,5,16,34,0,3,3,SR-11,,184,19.50498889,-155.1420222,0,12,6,0,8,1,0,1,1,1,0,1,0,0000000,16,36,16,48,17,25,0,0,0,1,0
15,150093,2,2,0,0,0,3,3,3,9100,19,10,2012,6,10,28,0,3,4,CR-801,,0,21.55982222,-158.1093417,0,12,2,0,1,1,0,1,1,1,0,1,0,0000000,10,28,10,35,11,24,0,0,0,1,1
15,150094,1,1,0,0,0,1,1,1,300,20,10,2012,7,13,33,0,3,3,SR-11,,1050,19.43115,-155.8810028,0,35,0,0,1,1,0,4,1,2,10,2,0,0000000,13,36,13,44,88,88,2,0,0,1,1
15,150095,2,2,0,0,0,6,6,1,7908,21,10,2012,1,19,19,1,3,3,SR-19,,82,19.80075556,-155.0985111,0,12,2,0,1,1,0,1,2,10,0,10,0,0000000,19,22,19,33,20,8,2,0,0,2,0
15,150096,1,1,0,0,0,1,1,7,3600,24,10,2012,4,23,53,0,16,4,CR-HAUAALA ROAD,CR-5860,0,22.09192778,-159.3160806,0,58,0,0,3,2,0,1,6,10,0,10,0,0000000,23,58,0,3,0,43,0,0,0,1,1
15,150097,3,3,0,0,0,5,5,3,1000,25,10,2012,5,15,30,1,13,3,SR-99,,99999,21.55715278,-158.06505,0,12,6,0,1,1,0,1,1,1,0,1,0,0000000,15,32,15,42,16,47,14,0,0,1,0
15,150098,1,1,0,1,1,1,1,3,9998,26,10,2012,6,6,50,0,15,4,CR-7175,WAIKELE CENTER ENTRANCE,0,21.40051111,-158.0069472,0,8,0,0,2,2,0,1,1,10,0,10,0,0000000,6,54,7,2,7,25,0,0,0,1,0
15,150099,4,4,0,0,0,7,7,3,8900,28,10,2012,1,0,19,0,3,4,CR-803,,0,21.51803333,-158.0680528,0,12,1,0,1,1,0,1,2,1,0,1,0,0000000,0,20,0,30,1,34,14,0,0,1,1
15,150100,1,1,0,2,2,1,1,9,2900,28,10,2012,1,18,52,0,16,4,CR-VEVAU STREET,,0,20.88805833,-156.4728417,0,8,0,0,1,1,0,2,2,1,0,1,0,0000000,18,53,19,0,19,20,3,0,0,1,1
15,150101,1,1,0,0,0,1,1,3,2400,29,10,2012,2,5,3,0,16,4,CR-JUDD STREET,,0,21.32173611,-157.8490278,0,33,0,0,1,1,0,4,3,1,0,1,0,0000000,5,14,5,23,88,88,0,0,0,1,0
15,150102,1,1,0,0,0,4,4,3,2400,30,10,2012,3,1,21,0,15,4,CR-7442,CR-KINO STREET,0,21.34324167,-157.8719528,0,5,0,0,2,3,0,1,3,1,0,1,0,0000000,1,27,1,35,2,1,0,0,0,1,0
15,150103,1,1,0,1,1,1,1,1,300,30,10,2012,3,18,35,0,3,3,SR-11,,1066,19.45430556,-155.8796611,0,8,0,0,1,1,0,1,2,2,0,2,0,0000000,18,39,18,44,19,2,0,0,0,1,0
15,150104,4,2,2,0,0,4,4,3,501,20,11,2012,3,13,33,0,16,4,CR-KAIMAILE STREET,,0,21.31915278,-158.0162167,0,12,6,0,1,1,0,1,1,1,0,1,0,0000000,13,41,13,50,14,16,0,0,0,1,1
15,150105,1,1,0,0,0,2,2,9,600,25,11,2012,1,17,11,0,6,4,CR-PAUWELA LIGHTHOUSE ROAD,,0,99.99990000,999.99990000,0,18,0,0,1,1,0,1,1,1,0,1,0,0000000,17,11,17,39,18,35,0,0,0,1,1
15,150106,2,2,0,0,0,3,3,3,2800,27,11,2012,3,12,47,1,2,3,SR-83,CR-KUILIMA DRIVE,99999,21.69755278,-157.9926806,0,58,0,0,3,3,0,1,1,1,0,1,0,0000000,12,49,12,58,13,59,0,0,0,1,0
15,150107,2,2,0,0,0,3,3,1,7700,29,11,2012,5,15,45,0,4,3,SR-130,CR-LEILANI AVENUE,135,19.46182222,-154.940875,0,12,6,0,2,2,0,1,1,1,0,1,0,0000000,15,46,16,13,88,88,0,0,0,1,0
15,150108,1,1,0,2,2,1,1,3,3627,30,11,2012,6,21,54,1,13,3,SR-93,LAALOA STREET,99999,21.34182778,-158.1067778,0,8,0,0,3,3,0,4,3,1,0,1,0,0000000,21,54,21,59,22,30,0,0,0,1,0
15,150109,2,2,0,0,0,3,3,3,8900,4,12,2012,3,7,10,1,14,3,SR-750,FOOTE AVENUE,99999,21.48481944,-158.0446806,0,12,6,0,2,3,0,1,1,1,0,1,0,0000000,7,11,7,15,7,55,0,0,0,1,0
15,150110,1,1,0,1,1,3,3,9,2900,5,12,2012,4,18,18,1,13,3,SR-32,,5,20.88963056,-156.4711417,0,8,0,0,1,1,0,1,3,10,0,10,0,0000000,18,19,18,24,18,35,0,0,0,1,0
15,150111,1,1,0,0,0,2,2,1,4150,16,12,2012,1,2,30,0,6,4,CR-29TH AVENUE,,0,99.99990000,999.99990000,0,5,0,0,1,1,0,1,2,2,10,2,0,0000000,2,40,2,45,99,99,6,0,0,1,1
15,150112,2,2,0,0,0,2,2,9,5600,19,12,2012,4,6,19,1,2,3,SR-30,,161,20.82305833,-156.6304167,0,12,2,0,1,1,0,1,2,1,0,1,0,0000000,6,20,6,31,7,37,0,0,0,1,1