STATE,ST_CASE,VE_TOTAL,VE_FORMS,PVH_INVL,PEDS,PERNOTMVIT,PERMVIT,PERSONS,COUNTY,CITY,DAY,MONTH,YEAR,DAY_WEEK,HOUR,MINUTE,NHS,ROAD_FNC,ROUTE,TWAY_ID,TWAY_ID2,MILEPT,LATITUDE,LONGITUD,SP_JUR,HARM_EV,MAN_COLL,RELJCT1,RELJCT2,TYP_INT,WRK_ZONE,REL_ROAD,LGT_COND,WEATHER1,WEATHER2,WEATHER,SCH_BUS,RAIL,NOT_HOUR,NOT_MIN,ARR_HOUR,ARR_MIN,HOSP_HR,HOSP_MN,CF1,CF2,CF3,FATALS,DRUNK_DR
15,150113,2,2,0,0,0,11,11,1,7300,19,12,2012,4,15,54,1,3,3,SR-19,,296,20.01053333,-155.2752444,0,12,2,0,1,1,0,1,1,2,10,2,0,0000000,15,56,16,25,17,36,0,0,0,1,0
15,150114,2,2,0,0,0,2,2,7,1500,26,12,2012,4,18,25,0,3,3,SR-50,PUOLO ROAD,167,21.90842222,-159.5926833,0,12,6,0,2,2,0,1,3,1,0,1,0,0000000,18,31,18,41,19,3,0,0,0,1,0
15,150115,2,2,0,0,0,2,2,3,8900,1,7,2012,1,14,45,1,13,3,SR-80,CR-7010,99999,21.49586667,-158.0298556,0,12,6,0,2,2,0,1,1,1,0,1,0,0000000,14,47,14,49,15,13,0,0,0,1,0
16,160001,1,1,0,1,1,1,1,1,0,7,1,2012,7,23,50,1,2,2,US-20,,339,43.66301389,-116.4787667,0,8,0,0,1,1,0,1,2,1,0,1,0,0000000,0,1,0,7,88,88,0,0,0,1,0
16,160002,2,2,0,0,0,5,5,31,0,9,1,2012,2,14,22,1,1,1,I-84,,2472,42.3025,-113.1814417,0,1,0,0,1,1,0,3,1,1,0,1,0,0000000,14,23,14,42,99,99,0,0,0,1,0
16,160003,3,3,0,0,0,3,3,39,656,14,1,2012,7,20,56,1,1,1,I-84,,1083,42.98488889,-115.5173111,0,12,1,0,1,1,0,1,2,1,0,1,0,0000000,20,59,21,11,99,99,0,0,0,1,0
16,160004,2,2,0,0,0,4,4,37,0,15,1,2012,1,14,14,1,2,2,US-93,SR-75,2443,44.47526111,-114.2087222,0,12,6,0,2,3,0,1,1,1,0,1,0,0000000,99,99,99,99,99,99,0,0,0,1,0
16,160005,1,1,0,0,0,2,2,57,1470,16,1,2012,2,20,30,0,4,3,SR-6,,189,47.01873889,-116.6793278,0,42,0,0,1,1,0,4,2,4,11,4,0,0000000,20,35,21,3,88,88,0,0,0,2,0
16,160006,2,2,0,0,0,3,3,53,0,18,1,2012,4,13,17,0,4,4,CR-GOLF COURSE RD,,37,42.63707222,-114.5116194,0,12,2,0,1,1,0,1,1,4,10,4,0,0000000,13,18,13,40,99,99,0,0,0,1,0
16,160007,5,5,0,0,0,5,5,17,0,21,1,2012,7,8,43,1,2,2,US-95,,4599,48.08698333,-116.628475,0,12,2,0,1,1,0,1,1,10,0,10,0,0000000,8,43,8,53,99,99,0,0,0,1,0
16,160008,1,1,0,0,0,2,2,15,0,24,1,2012,3,18,53,1,2,3,SR-55,,781,44.07693333,-116.121025,0,35,0,0,1,1,0,5,2,1,0,1,0,0000000,19,17,19,35,88,88,0,0,0,2,0
16,160009,1,1,0,0,0,1,1,27,0,30,1,2012,2,23,57,0,13,6,FRANKLIN RD,,20,43.60485556,-116.479175,0,38,0,0,1,1,0,4,2,1,0,1,0,0000000,23,57,0,8,88,88,0,0,0,1,1
16,160010,2,2,0,0,0,4,4,55,680,5,1,2012,5,11,25,1,2,3,SR-53,HOLLISTER HILLS RD,24,47.75506667,-116.9968778,0,12,6,0,2,3,0,1,1,1,0,1,0,0000000,11,39,11,46,99,99,0,0,0,1,0
16,160011,1,1,0,0,0,2,2,35,1300,16,1,2012,2,21,27,1,2,2,US-12,,453,46.46587222,-116.2392528,3,42,0,0,1,1,0,5,2,10,4,4,0,0000000,21,39,21,49,99,99,0,0,0,1,0
16,160012,1,1,0,0,0,1,1,5,260,4,2,2012,7,1,33,1,1,1,I-15,,744,42.94657778,-112.4369417,0,1,0,0,1,1,0,1,2,1,0,1,0,0000000,1,37,1,51,88,88,0,0,0,1,1
16,160013,1,1,0,0,0,1,1,5,1000,4,2,2012,7,0,20,0,4,4,CR-OLD US 91,,1035,42.70741667,-112.2064444,0,1,0,0,1,1,0,2,3,99,0,99,0,0000000,11,3,11,17,88,88,0,0,0,1,1
16,160014,1,1,0,0,0,1,1,19,50,11,2,2012,7,12,49,0,5,4,CR-55TH EAST RD,,0,43.60491667,-111.9238333,0,43,0,0,1,1,0,4,1,1,0,1,0,0000000,12,51,13,2,88,88,0,0,0,1,0
16,160015,1,1,0,0,0,1,1,69,0,14,2,2012,3,6,15,0,4,4,CR-SOUTHWICK RD,,89,46.60326944,-116.482,0,31,0,0,1,1,0,4,1,10,0,10,0,0000000,6,24,6,56,88,88,0,0,0,1,0
16,160016,1,1,0,0,0,1,1,31,0,15,2,2012,4,8,5,1,1,1,I-86,,115,42.59236389,-113.293825,0,1,0,0,1,1,0,3,1,10,5,5,0,0000000,88,88,88,88,88,88,0,0,0,1,0
16,160017,2,2,0,0,0,3,3,27,0,17,2,2012,6,4,31,1,2,3,SR-45,,215,43.492625,-116.5730972,0,12,8,0,1,1,0,1,2,1,0,1,0,0000000,4,32,4,39,99,99,0,0,0,1,1
16,160018,1,1,0,0,0,1,1,39,1155,14,2,2012,3,18,31,0,6,4,CR-COLLETT RD,,0,43.03359167,-116.11735,0,18,0,0,1,1,0,5,2,1,0,1,0,0000000,18,32,19,0,88,88,0,0,0,1,1
16,160019,3,3,0,0,0,3,3,55,0,27,2,2012,2,17,45,1,11,1,I-90,,2,47.69748333,-117.0374833,0,12,2,0,1,1,0,1,1,10,0,10,0,0000000,17,49,17,59,99,99,0,0,0,1,0
16,160020,1,1,0,0,0,1,1,37,0,5,3,2012,2,8,30,1,2,2,US-93,,1131,43.9574,-113.6702944,0,35,0,0,1,1,0,4,1,1,0,1,0,0000000,8,36,8,40,88,88,0,0,0,1,0
16,160021,1,1,0,0,0,2,2,39,0,10,3,2012,7,3,17,1,1,1,I-84,,1058,43.01051389,-115.5504278,0,1,0,0,1,1,0,4,2,1,0,1,0,0000000,3,18,3,30,99,99,0,0,0,1,1
16,160022,1,1,0,0,0,1,1,53,0,10,3,2012,7,17,58,0,6,4,CR-600 NORTH RD,,0,42.81090833,-114.4625639,0,23,0,0,1,1,0,4,1,1,0,1,0,0000000,17,58,18,8,99,99,0,0,0,1,1
16,160023,2,2,0,0,0,3,3,17,0,11,3,2012,1,9,38,0,5,4,CR-RIVER RD,,1,48.10959444,-116.1515139,0,12,7,0,1,1,0,1,1,10,0,10,0,0000000,9,30,9,37,88,88,0,0,0,1,1
16,160024,1,1,0,1,1,2,2,69,960,4,3,2012,1,13,43,0,13,2,US-95,31ST NORTH RD,3118,46.431025,-116.9863389,0,8,0,0,2,2,0,1,1,1,0,1,0,0000000,13,45,13,49,99,99,0,0,0,1,0
16,160025,1,1,0,1,1,1,1,31,0,9,3,2012,6,18,22,0,3,2,US-30,,2530,42.53343611,-113.8799861,0,9,0,0,1,1,0,1,1,1,0,1,0,0000000,18,21,18,24,99,99,0,0,0,1,0
16,160026,1,1,0,0,0,2,2,51,0,18,3,2012,1,1,7,0,5,4,CR-4100 EAST RD,,0,43.64529444,-111.88405,0,30,0,0,1,1,0,4,2,10,0,10,0,0000000,1,8,1,22,99,99,3,0,0,1,1
16,160027,1,1,0,1,1,2,2,55,0,22,3,2012,5,21,3,1,2,3,SR-53,,2,47.73738611,-117.0382694,0,8,0,0,1,1,0,1,2,10,0,10,0,0000000,21,15,21,18,88,88,0,0,0,1,0
16,160028,1,1,0,0,0,1,1,19,0,2,3,2012,6,23,20,0,5,4,CR-N 5TH WEST RD,,0,43.56080278,-112.0387306,0,38,0,0,1,1,0,4,2,1,0,1,0,0000000,23,20,23,29,0,0,0,0,0,1,1
16,160029,2,2,0,0,0,3,3,29,0,23,3,2012,6,19,2,0,4,3,SR-34,,881,42.98910833,-111.4543972,0,12,8,0,1,1,0,1,1,1,0,1,0,0000000,19,2,19,50,99,99,0,0,0,1,1
16,160030,1,1,0,0,0,1,1,15,980,24,3,2012,7,16,49,0,3,3,SR-21,,784,44.07081944,-115.5221667,0,1,0,0,1,1,0,4,1,1,0,1,0,0000000,16,50,18,0,88,88,0,0,0,1,0
16,160031,1,1,0,0,0,1,1,39,0,25,3,2012,1,3,36,1,1,1,I-84,,975,43.11146389,-115.6387611,0,1,0,0,1,1,0,3,2,1,0,1,0,0000000,3,41,3,47,88,88,0,0,0,1,1
16,160032,2,2,0,0,0,3,3,1,160,20,3,2012,3,12,24,0,13,6,FEDERAL WAY,TARGEE ST,514,43.58264722,-116.1999667,0,12,6,0,2,3,0,1,1,4,10,4,0,0000000,12,24,12,30,99,99,0,0,0,1,0
16,160033,1,1,0,0,0,5,5,1,160,3,3,2012,7,1,22,0,14,6,CURTIS RD,I-184 IC 2 WB OFF RAMP,19,43.61761667,-116.2536806,0,21,0,0,3,2,0,4,3,10,0,10,0,0000000,1,22,1,27,99,99,0,0,0,2,1
16,160034,1,1,0,0,0,1,1,53,0,5,4,2012,5,23,22,0,4,4,CR-2700 EAST RD,,1110,42.73529722,-113.9908056,0,1,0,0,1,1,0,1,2,1,0,1,0,0000000,23,24,23,51,88,88,0,0,0,1,0
16,160035,1,1,0,0,0,2,2,21,0,7,4,2012,7,18,25,1,2,2,US-2,,761,48.68311389,-116.0901472,0,11,0,0,1,1,0,1,1,1,0,1,0,0000000,18,31,18,37,99,99,0,0,0,1,1
16,160036,1,1,0,0,0,2,2,27,1200,9,4,2012,2,20,9,1,11,1,I-84,,342,43.60388889,-116.5875139,0,1,0,0,1,1,0,4,5,10,0,10,0,0000000,20,8,20,13,99,99,0,0,0,1,1
16,160037,1,1,0,0,0,1,1,11,130,8,4,2012,1,23,43,0,3,3,SR-39,CR-HOFF RD,447,43.19679722,-112.5288222,0,59,0,0,3,3,0,8,2,1,0,1,0,0000000,23,43,23,50,88,88,0,0,0,1,1
16,160038,1,1,0,0,0,1,1,17,0,12,4,2012,5,4,45,1,2,2,US-2,,169,48.19455556,-116.7200917,0,11,0,0,1,1,0,1,2,10,0,10,0,0000000,4,47,5,0,88,88,0,0,0,1,0
16,160039,2,2,0,0,0,2,2,75,0,16,4,2012,2,17,33,0,13,2,US-95,,697,44.09192778,-116.9231722,0,12,2,0,1,1,0,1,1,2,10,2,0,0000000,17,34,17,43,88,88,0,0,0,2,0
16,160040,1,1,0,0,0,1,1,49,630,10,4,2012,3,23,45,0,9,4,CR-ELK CREEK RD,,0,45.84270278,-115.4426083,0,1,0,0,1,1,0,4,2,10,0,10,0,0000000,1,21,1,41,88,88,18,0,0,1,1
16,160041,1,1,0,0,0,2,2,49,0,24,4,2012,3,14,10,1,2,2,US-12,,1074,46.23171944,-115.4905083,0,34,0,0,1,1,0,4,1,10,0,10,0,0000000,14,12,14,38,99,99,0,0,0,1,0
16,160042,1,1,0,0,0,2,2,75,0,28,4,2012,7,19,48,0,9,4,CR-CASSIA RD,,0,43.92363611,-116.7524833,0,42,0,0,1,1,0,4,1,1,0,1,0,0000000,19,49,20,3,88,88,0,0,0,2,0
16,160043,1,1,0,0,0,1,1,39,0,6,4,2012,6,18,32,1,1,1,I-84,,1045,43.0273,-115.5613083,0,1,0,0,1,1,0,3,1,1,0,1,0,0000000,18,36,18,40,99,99,0,0,0,1,0
16,160044,1,1,0,0,0,1,1,55,0,16,4,2012,2,2,0,0,5,4,CR-EAST CANYON RD,,0,47.56813333,-116.3861972,0,42,0,0,1,1,0,4,2,1,0,1,0,0000000,2,20,2,47,88,88,0,0,0,1,1
16,160045,1,1,0,0,0,1,1,71,1020,5,4,2012,5,4,0,0,4,4,CR-ARBON VALLEY RD,,143,42.34658611,-112.5757722,0,1,0,0,1,1,0,4,6,1,0,1,0,0000000,7,31,8,0,88,88,0,0,0,1,0
16,160046,2,2,0,0,0,3,3,69,960,4,7,2012,4,17,15,1,2,2,US-12,,129,46.45369444,-116.8035389,3,12,6,0,4,1,0,1,1,1,0,1,0,0000000,17,19,17,28,99,99,0,0,0,1,0
16,160047,1,1,0,0,0,2,2,5,800,7,6,2012,5,19,27,0,4,9,HOOT OWL RD,RAPID CREEK RD,126,42.85028889,-112.2422139,0,1,0,0,1,1,0,5,1,1,0,1,0,0000000,19,39,19,48,99,99,0,0,0,1,1
16,160048,1,1,0,0,0,2,2,51,1570,25,6,2012,2,12,10,1,1,1,I-15,,1386,43.77141944,-112.1630611,0,1,0,0,1,1,0,3,1,1,0,1,0,0000000,12,19,12,22,99,99,0,0,0,1,0
16,160049,2,2,0,0,0,3,3,5,400,11,5,2012,6,17,30,0,4,2,US-91,LUNDGREN RD,359,42.41689167,-112.1190528,0,12,1,0,2,3,0,1,1,1,0,1,0,0000000,17,23,17,25,99,99,0,0,0,1,0
16,160050,1,1,0,0,0,1,1,67,720,7,5,2012,2,5,30,1,1,1,I-84,,2075,42.56833333,-113.79785,0,1,0,0,99,1,0,3,4,10,0,10,0,0000000,5,34,5,42,99,99,0,0,0,1,0
16,160051,1,1,0,0,0,2,2,43,805,5,7,2012,5,15,9,1,2,2,US-20,,3862,44.41318056,-111.3736,1,42,0,0,1,1,0,4,1,10,2,2,0,0000000,15,11,15,32,99,99,0,0,0,1,0
16,160052,1,1,0,0,0,3,3,33,430,29,5,2012,3,16,56,0,4,5,YALE KILGORE RD,,129,44.46842778,-111.6891583,1,1,0,0,1,1,0,2,1,1,0,1,0,0000000,16,56,17,0,99,99,0,0,0,2,1
16,160053,1,1,0,1,1,1,1,31,200,12,5,2012,7,14,45,0,5,6,200 WEST-RD,100 SOUTH-RD,0,42.78009167,-114.399975,0,8,0,0,1,1,0,1,1,1,0,1,0,0000000,14,50,14,52,99,99,16,0,0,1,0
16,160054,1,1,0,0,0,1,1,19,790,16,5,2012,4,1,3,0,5,6,5 WEST RD,COMMONS RD,0,43.56013889,-112.0387278,0,35,0,0,1,1,0,4,2,1,0,1,0,0000000,1,5,1,14,99,99,0,0,0,1,1
16,160055,1,1,0,0,0,1,1,1,920,21,6,2012,5,15,57,0,15,5,SHORTLINE ST,BRIDGE ST,1000,43.48848611,-116.4210861,0,59,0,0,1,1,0,2,1,1,0,1,0,0000000,15,58,16,0,99,99,0,0,0,1,0
16,160056,1,1,0,0,0,1,1,29,1680,5,5,2012,7,19,34,0,9,8,CROW-CREEK-RD,WELLS-CANYON-RD,0,42.62697778,-111.0744278,0,1,0,0,3,1,0,4,1,10,0,10,0,0000000,19,34,20,30,99,99,0,0,0,1,1
16,160057,2,2,0,0,0,2,2,63,1530,19,5,2012,7,15,51,1,2,2,US-93,,1851,43.074725,-114.1065556,0,12,2,0,1,1,0,1,1,1,0,1,0,0000000,15,51,16,3,99,99,0,0,0,1,0
16,160058,1,1,0,0,0,2,2,77,40,3,7,2012,3,18,26,1,1,1,I-86,,532,42.890875,-112.6189167,3,1,0,0,1,1,0,3,1,1,0,1,0,0000000,18,28,18,46,99,99,0,0,0,1,0
16,160059,1,1,0,0,0,1,1,17,910,16,6,2012,7,19,31,0,3,3,SR-200,,389,48.32326389,-116.3796917,0,24,0,0,1,1,0,4,1,10,0,10,0,0000000,19,33,19,43,99,99,0,0,0,1,1
16,160060,2,2,0,0,0,2,2,83,1830,2,6,2012,7,7,56,0,4,6,E 3900 NORTH RD,N 3600 EAST RD,58,42.56256389,-114.3452639,0,12,6,0,2,2,0,1,1,1,0,1,0,0000000,7,56,8,4,99,99,0,0,0,1,0
16,160061,2,2,0,0,0,2,2,1,1070,16,5,2012,4,8,24,0,4,5,TEN MILE RD,I 84,1099,43.59316667,-116.4338444,0,12,2,1,5,1,0,1,1,1,0,1,0,0000000,8,25,8,29,99,99,0,0,0,1,0
16,160062,2,2,0,0,0,6,6,67,1590,20,5,2012,1,19,16,0,4,3,SR-25,100 EAST RD,533,42.61954444,-113.6482889,0,12,6,0,2,2,0,1,1,1,0,1,0,0000000,19,10,19,15,99,99,0,0,0,1,0
16,160063,3,3,0,0,0,7,7,45,480,24,5,2012,5,16,5,1,2,3,SR-16,OLD FREEZOUT RD,101,43.8328,-116.4736694,0,12,2,0,2,2,0,1,1,1,0,1,0,0000000,16,5,16,8,99,99,0,0,0,1,0
16,160064,2,2,0,0,0,2,2,55,300,25,5,2012,6,14,24,1,2,2,US-95,,4218,47.60426944,-116.8812361,0,12,2,0,1,1,0,1,1,10,0,10,0,0000000,14,25,14,37,99,99,0,0,0,2,0
16,160065,2,2,0,0,0,2,2,27,210,28,5,2012,2,17,45,0,13,6,KARCHER RD,LAKE AVE,136,43.60460556,-116.6529194,0,12,6,0,2,2,0,1,1,1,0,1,0,0000000,17,49,17,55,99,99,0,0,0,1,0
16,160066,2,2,0,0,0,3,3,19,790,26,5,2012,7,17,21,1,2,2,US-26,45 EAST RD,3395,43.55333889,-111.9440306,0,12,6,0,2,2,0,1,1,2,10,2,0,0000000,17,21,17,26,99,99,0,0,0,1,0
16,160067,2,2,0,0,0,2,2,5,1430,31,5,2012,5,16,54,1,13,2,US-30,PHILBIN RD,3328,42.90015833,-112.4956944,0,12,6,0,2,2,0,1,1,1,0,1,0,0000000,16,57,17,1,99,99,0,0,0,1,0
16,160068,2,2,0,0,0,2,2,47,1890,31,5,2012,5,7,37,0,6,6,3200-SOUTH RD,1300-EAST RD,0,42.7394,-114.8215472,0,12,1,0,1,1,0,1,1,1,0,1,0,0000000,7,37,7,57,99,99,0,0,0,1,0
16,160069,2,2,0,0,0,2,2,27,1920,7,6,2012,5,21,0,0,4,5,FARGO RD,PECKHAM RD,1034,43.67594444,-116.9319333,0,12,6,0,2,2,0,1,5,10,0,10,0,0000000,21,1,21,5,99,99,0,0,0,1,1
16,160070,2,2,0,0,0,2,2,3,9997,9,6,2012,7,13,30,0,9,8,HELL'S CANYON RD,FSR 072,0,45.14678611,-116.726925,1,12,8,0,1,1,0,1,1,10,0,10,0,0000000,13,19,14,5,99,99,0,0,0,1,0
16,160071,1,1,0,0,0,1,1,19,790,10,6,2012,1,20,31,1,2,2,US-20,,2866,43.55473889,-112.4216361,0,1,0,0,1,1,0,2,1,1,0,1,0,0000000,20,37,20,55,99,99,99,99,99,1,0
16,160072,2,2,0,0,0,3,3,11,535,15,6,2012,6,18,27,1,2,1,I-15,,837,43.07669444,-112.4004806,3,12,1,0,1,1,0,1,1,1,0,1,0,0000000,18,27,18,35,99,99,0,0,0,1,0
16,160073,1,1,0,0,0,4,4,43,805,13,7,2012,6,17,24,0,4,6,MESA FALLS SCENIC BY WAY,HATCHERY BUTTE RD,196,44.22967222,-111.3757028,1,1,0,0,1,1,0,4,1,10,0,10,0,0000000,17,26,17,55,99,99,0,0,0,1,0
16,160074,2,2,0,0,0,6,6,1,1725,16,6,2012,7,10,51,1,2,3,SR-44,SR-16,715,43.69173889,-116.4587056,0,12,1,0,3,2,0,1,1,1,0,1,0,0000000,10,52,11,0,99,99,0,0,0,1,0
16,160075,1,1,0,0,0,1,1,1,1070,17,6,2012,1,3,30,0,16,5,MEADOWGRASS ST,BOBCAT WAY,0,43.62834722,-116.37815,0,43,0,0,3,2,0,6,3,1,0,1,0,0000000,3,37,3,42,99,99,0,0,0,1,1
16,160076,1,1,0,0,0,1,1,15,780,12,10,2012,6,19,40,0,3,3,SR-21,,300,43.73370833,-115.9395028,1,1,0,0,1,1,0,2,2,1,0,1,0,0000000,19,48,20,5,99,99,0,0,0,1,0
16,160077,1,1,0,0,0,3,3,11,535,30,6,2012,7,1,10,0,6,6,PHILBIN RD,SHEEPSKIN RD,0,43.03554444,-112.49595,3,1,0,0,2,2,0,6,2,1,0,1,0,0000000,1,11,1,19,99,99,0,0,0,1,0
16,160078,1,1,0,0,0,4,4,7,1120,28,6,2012,5,15,20,0,4,3,SR-36,,279,42.34255833,-111.474925,0,35,0,0,1,1,0,4,1,1,0,1,0,0000000,15,28,15,45,99,99,0,0,0,2,0
16,160079,1,1,0,0,0,2,2,75,1230,24,6,2012,1,14,17,1,1,1,I-84,,122,43.87314722,-116.7889167,0,1,0,0,1,1,0,3,1,1,0,1,0,0000000,14,18,14,25,99,99,0,0,0,1,0
16,160080,1,1,0,1,1,1,1,17,270,24,7,2012,3,22,21,0,3,3,SR-200,,537,48.16098889,-116.194625,0,8,0,0,1,1,1,1,2,1,0,1,0,0000000,22,31,22,42,99,99,15,0,0,1,0
16,160081,1,1,0,1,1,1,1,1,1070,5,7,2012,5,11,30,0,15,6,GODDARD CREEK WAY,HORSE LOOP,150,43.65619722,-116.4231111,0,9,0,0,2,6,0,1,1,1,0,1,0,0000000,11,30,11,34,99,99,0,0,0,1,0
16,160082,1,1,0,1,1,1,1,57,1140,2,7,2012,2,12,59,0,9,6,POLK RD,PAVEL CRT,0,46.75168333,-116.9962694,0,8,0,0,1,1,0,1,1,1,0,1,0,0000000,13,1,13,4,99,99,0,0,0,1,0
16,160083,2,2,0,0,0,3,3,1,160,7,7,2012,7,19,12,1,13,2,US-20,FAIRVIEW AVE,473,43.61808611,-116.2330361,0,12,6,0,2,2,0,1,1,1,0,1,0,0000000,19,13,19,14,99,99,0,0,0,1,0
16,160084,1,1,0,0,0,3,3,71,1020,8,7,2012,1,12,21,1,1,1,I-15,,21,42.02936389,-112.2082889,0,1,0,0,1,1,0,2,1,1,0,1,0,0000000,12,26,12,29,99,99,0,0,0,1,0
16,160085,4,4,0,0,0,4,4,27,1200,11,7,2012,4,17,50,1,1,1,I-84,,371,43.59843611,-116.5315528,0,12,1,0,1,1,0,1,1,1,0,1,0,0000000,17,51,17,53,99,99,0,0,0,1,0
16,160086,1,1,0,0,0,1,1,27,1050,14,7,2012,7,4,0,0,6,5,BUTTE RD,POWERLINE RD,0,43.35815278,-116.5470889,0,18,0,0,1,1,0,1,2,1,0,1,0,0000000,5,58,6,17,99,99,7,0,0,1,0
16,160087,2,2,0,0,0,3,3,83,1830,15,7,2012,1,13,48,1,12,2,US-30,,2202,42.54821111,-114.4167278,0,12,2,0,1,1,0,1,1,1,0,1,0,0000000,13,48,13,51,99,99,0,0,0,1,0
16,160088,1,1,0,1,1,1,1,57,870,16,7,2012,2,8,9,0,3,3,SR-3,7TH ST,127,46.61389722,-116.6498056,0,8,0,1,2,2,0,1,1,1,0,1,0,0000000,8,10,8,20,99,99,0,0,0,1,0
16,160089,1,1,0,0,0,1,1,17,1640,16,7,2012,2,10,39,0,6,5,CAMP BAY RD,SAGLE RD,0,48.217725,-116.4140083,0,1,0,0,1,1,0,2,1,1,0,1,0,0000000,10,40,11,0,99,99,0,0,0,1,0
16,160090,1,1,0,0,0,2,2,11,10,21,7,2012,7,3,46,0,3,3,SR-39,,105,42.83705,-112.8948417,0,1,0,0,1,1,0,2,2,10,1,10,0,0000000,3,53,4,7,99,99,0,0,0,2,1
16,160091,2,2,0,0,0,4,4,1,1070,21,7,2012,7,15,40,0,13,6,EAGLE RD,AMITY RD,90,43.56116111,-116.3543333,0,12,6,0,2,2,0,1,1,1,0,1,0,0000000,15,41,15,45,99,99,0,0,0,1,0
16,160092,1,1,0,1,1,1,1,27,1200,21,7,2012,7,15,42,0,16,5,HORTON ST,BRIDGER AVE,0,43.59252222,-116.5881361,0,8,0,0,1,1,0,1,1,1,0,1,0,0000000,15,42,15,45,99,99,0,0,0,1,0
16,160093,1,1,0,0,0,2,2,49,283,26,7,2012,5,2,5,0,5,8,BATTLERIDGE RD,JERICO RD,0,46.04098333,-115.8933722,0,1,0,0,1,1,0,5,2,1,0,1,0,0000000,2,8,2,25,99,99,0,0,0,1,1
16,160094,1,1,0,0,0,2,2,49,1550,26,7,2012,5,5,10,0,6,8,SEVEN DEVILS RD,SQUAW CREEK RD,0,45.38362222,-116.4277417,1,1,0,0,1,1,0,4,4,1,0,1,0,0000000,5,10,5,36,99,99,0,0,0,1,0
16,160095,2,2,0,0,0,3,3,35,1300,26,7,2012,5,13,8,1,2,2,US-12,,382,46.50186389,-116.34575,0,12,8,0,1,1,0,1,1,1,0,1,0,0000000,13,9,13,21,99,99,99,99,99,1,0
16,160096,1,1,0,0,0,1,1,39,501,27,7,2012,6,15,7,0,9,8,ROCKY BAR RD,JAMES CREEK RD,0,43.68430556,-115.2817083,1,1,0,0,1,1,0,2,1,1,0,1,0,0000000,15,7,16,0,99,99,0,0,0,1,1
16,160097,1,1,0,0,0,1,1,57,1470,27,7,2012,6,3,0,1,2,2,US-95,,3559,46.87585833,-117.0053389,0,52,0,0,1,1,0,4,2,1,0,1,0,0000000,6,13,6,24,99,99,0,0,0,1,1
16,160098,1,1,0,0,0,2,2,49,1750,27,7,2012,6,12,53,0,3,3,SR-13,,235,46.10961389,-115.9795556,0,1,0,0,1,1,0,4,1,1,0,1,0,0000000,12,56,13,12,99,99,0,0,0,1,0
16,160099,2,2,0,0,0,2,2,67,1590,30,7,2012,2,9,55,0,4,8,400 WEST RD,1100 NORTH RD,119,42.77873889,-113.7442222,0,12,6,0,2,2,0,1,1,1,0,1,0,0000000,10,0,10,12,99,99,0,0,0,1,0
16,160100,1,1,0,0,0,1,1,81,1850,26,7,2012,5,23,0,0,4,3,SR-31,,179,43.59262222,-111.1659417,0,1,0,0,1,1,0,4,2,1,0,1,0,0000000,23,0,23,20,99,99,0,0,0,1,1
16,160101,1,1,0,0,0,1,1,31,1270,29,7,2012,1,17,39,0,9,8,TRAPPER CREEK RD,600 WEST RD,0,42.20164444,-113.9192444,0,1,0,0,1,1,0,2,1,1,0,1,0,0000000,17,54,18,23,99,99,0,0,0,1,0
16,160102,2,2,0,0,0,3,3,11,130,2,8,2012,5,21,40,0,14,6,RICH LN,DANIELLE WAY,8,43.19632222,-112.3195139,0,12,6,0,2,2,0,1,3,1,0,1,0,0000000,21,42,21,45,99,99,0,0,0,1,1
16,160103,2,2,0,0,0,2,2,63,390,7,8,2012,3,14,45,0,4,3,SR-24,,345,42.83654444,-113.7945833,0,12,2,0,1,1,0,1,1,1,0,1,0,0000000,14,44,15,12,99,99,0,0,0,2,0
16,160104,1,1,0,0,0,5,5,15,780,9,8,2012,5,18,30,0,9,8,ARROW ROCK RD,DEER CREEK RD,1059,43.59784444,-115.9263611,1,43,0,0,1,1,0,6,1,1,0,1,0,0000000,18,55,19,4,99,99,0,0,0,1,1
16,160105,1,1,0,0,0,1,1,49,900,17,8,2012,6,7,34,0,9,8,CLEAR CREEK RD,BROADWAY AVE,1119,46.13593889,-115.9658528,0,1,0,0,1,1,0,4,1,1,0,1,0,0000000,0,0,0,0,99,99,0,0,0,1,0
16,160106,1,1,0,0,0,1,1,59,1630,17,8,2012,6,11,20,1,2,2,US-93,,3195,45.35570278,-113.9353694,0,1,0,0,1,1,0,5,1,5,0,5,0,0000000,11,33,11,46,99,99,0,0,0,1,0
16,160107,1,1,0,0,0,1,1,83,1190,19,8,2012,1,14,31,0,9,8,4625 EAST RD,US-30,0,42.48480556,-114.1423278,0,1,0,0,1,1,0,1,1,1,0,1,0,0000000,14,32,14,58,99,99,0,0,0,1,0
16,160108,2,2,0,0,0,2,2,17,1280,20,8,2012,2,23,50,0,4,8,OLD PRIEST RIVER RD,SR-41,3,48.16648611,-117.0140278,0,12,2,0,1,1,0,1,2,10,0,10,0,0000000,23,58,0,7,99,99,0,0,0,1,1
16,160109,2,2,0,0,0,2,2,83,520,20,8,2012,2,17,30,0,9,8,1900 EAST RD,4200 NORTH RD,0,42.608,-114.6740917,0,12,6,0,2,2,0,1,1,1,0,1,0,0000000,17,31,17,46,99,99,0,0,0,1,2