STATE,ST_CASE,VE_TOTAL,VE_FORMS,PVH_INVL,PEDS,PERNOTMVIT,PERMVIT,PERSONS,COUNTY,CITY,DAY,MONTH,YEAR,DAY_WEEK,HOUR,MINUTE,NHS,ROAD_FNC,ROUTE,TWAY_ID,TWAY_ID2,MILEPT,LATITUDE,LONGITUD,SP_JUR,HARM_EV,MAN_COLL,RELJCT1,RELJCT2,TYP_INT,WRK_ZONE,REL_ROAD,LGT_COND,WEATHER1,WEATHER2,WEATHER,SCH_BUS,RAIL,NOT_HOUR,NOT_MIN,ARR_HOUR,ARR_MIN,HOSP_HR,HOSP_MN,CF1,CF2,CF3,FATALS,DRUNK_DR
16,160110,1,1,0,0,0,1,1,17,270,24,8,2012,6,21,34,0,9,8,MOUNTAIN VIEW RD,SPRING CREEK RD,0,48.18251389,-116.1777583,0,1,0,0,1,1,0,1,2,1,0,1,0,0000000,21,21,21,26,99,99,0,0,0,1,1
16,160111,2,2,0,0,0,2,2,1,435,27,8,2012,2,7,23,1,13,3,SR-44,PARK LN,0,43.69498889,-116.4064861,0,12,2,0,4,1,0,1,1,1,0,1,0,0000000,7,24,7,29,99,99,0,0,0,1,0
16,160112,2,2,0,0,0,3,3,29,620,29,8,2012,4,22,15,0,3,3,SR-34,FISH HATCHERY RD,394,42.48883889,-111.7307,0,12,1,0,2,2,0,1,2,1,0,1,0,0000000,22,22,22,28,99,99,0,0,0,1,2
16,160113,2,2,0,0,0,2,2,11,130,29,8,2012,4,17,48,0,3,3,SR-39,300 SOUTH RD,410,43.153775,-112.5713472,0,12,7,0,2,3,0,1,1,1,0,1,0,0000000,17,51,17,54,99,99,0,0,0,1,0
16,160114,2,1,1,0,5,1,6,47,140,30,8,2012,5,15,30,1,1,1,I-84,,1345,42.93773056,-115.0456944,0,14,0,0,1,1,0,2,1,1,0,1,0,0000000,15,32,15,48,99,99,0,0,0,2,0
16,160115,1,1,0,0,0,2,2,55,1460,29,8,2012,4,0,15,0,4,8,POLELINE AVE,MEYER RD,100,47.730175,-116.8718722,0,42,0,0,1,1,0,4,3,10,0,10,0,0000000,0,21,0,39,99,99,0,0,0,1,1
16,160116,1,1,0,0,0,1,1,7,1120,30,8,2012,5,18,30,0,4,8,BENCH RD,AIRPORT RD,187,42.27061667,-111.2871056,0,1,0,0,1,1,0,2,1,1,0,1,0,0000000,18,34,18,36,99,99,0,0,0,1,1
16,160117,1,1,0,0,0,1,1,27,1200,30,8,2012,5,22,12,0,4,8,SOUTHSIDE BLVD,LOLA LN,22,43.46295,-116.5332694,0,53,0,0,1,1,0,4,2,1,0,1,0,0000000,22,13,22,23,99,99,0,0,0,1,0
16,160118,2,2,0,0,0,3,3,1,160,28,8,2012,3,19,17,0,14,6,ROSE HILL ST,ROOSEVELT ST,51,43.60061111,-116.2334,0,12,2,0,8,1,0,1,1,1,0,1,0,0000000,19,17,19,19,99,99,0,0,0,1,0
16,160119,1,1,0,0,0,2,2,31,380,1,9,2012,7,17,15,1,1,1,I-84,,2249,42.54255278,-113.4678056,0,1,0,0,1,1,0,2,1,2,8,2,0,0000000,17,17,17,31,99,99,5,0,0,1,0
16,160120,1,1,0,0,0,1,1,19,790,2,9,2012,1,22,37,0,9,8,BONE RD,BLACKFOOT RESERVOIR RD,227,43.31303333,-111.7937,0,1,0,0,1,1,0,5,2,1,0,1,0,0000000,22,37,22,59,99,99,0,0,0,1,1
16,160121,1,1,0,0,0,6,6,51,1060,2,9,2012,1,23,36,0,4,8,MENAN LORENZO HWY,620 NORTH RD,29,43.7209,-111.9475944,0,32,0,0,1,1,0,6,2,1,0,1,0,0000000,23,38,23,43,99,99,0,0,0,1,0
16,160122,1,1,0,1,1,1,1,1,1070,3,9,2012,2,23,11,1,12,2,US-20,,378,43.66293611,-116.4024417,0,8,0,0,1,1,0,1,3,1,0,1,0,0000000,23,13,23,17,99,99,16,0,0,1,0
16,160123,1,1,0,0,0,1,1,73,1187,5,9,2012,4,16,50,0,5,8,SILVER CITY RD,SR-78,0,43.03743333,-116.6645472,0,1,0,0,1,1,0,4,1,1,0,1,0,0000000,17,19,18,6,99,99,0,0,0,1,0
16,160124,2,2,0,0,0,3,3,39,600,8,9,2012,7,8,57,0,4,8,OLD US-30,MONTGOMEREY RD,1553,42.99683333,-115.2235139,0,12,6,0,2,3,0,1,1,1,0,1,0,0000000,8,57,9,5,99,99,0,0,0,1,0
16,160125,1,1,0,0,0,2,2,47,640,26,8,2012,1,1,0,0,6,5,ORCHARD ST,2ND SOUTH AVE,0,42.81465278,-114.9007694,0,34,0,0,1,1,0,6,2,1,0,1,0,0000000,99,99,99,99,99,99,0,0,0,1,1
16,160126,1,1,0,0,0,1,1,55,688,13,9,2012,5,7,40,0,4,8,RAMSEY RD,BOEKEL RD,192,47.80652778,-116.8078861,0,10,0,0,6,1,0,1,1,1,0,1,0,662631D,7,41,7,50,99,99,0,0,0,1,0
16,160127,1,1,0,0,0,1,1,11,530,14,9,2012,6,21,8,0,4,2,US-91,,1131,43.31568611,-112.1739083,0,11,0,0,1,1,0,1,2,1,0,1,0,0000000,21,9,21,10,99,99,0,0,0,1,0
16,160128,1,1,0,1,1,1,1,11,530,15,9,2012,7,21,13,0,4,2,US-91,,1131,43.31493611,-112.1744861,0,8,0,0,1,1,0,1,2,1,0,1,0,0000000,21,2,21,7,99,99,16,0,0,1,0
16,160129,1,1,0,0,0,5,5,77,1580,16,9,2012,1,19,27,0,4,3,SR-37,,653,42.69928056,-112.8783417,0,1,0,0,1,1,0,4,5,1,0,1,0,0000000,19,28,19,42,99,99,0,0,0,2,1
16,160130,1,1,0,0,0,2,2,47,140,16,9,2012,1,21,24,1,1,1,I-84,,1378,42.93832778,-114.9872889,0,1,0,0,1,1,0,1,2,1,0,1,0,0000000,21,24,21,53,99,99,0,0,0,2,1
16,160131,3,3,0,0,0,4,4,19,1560,20,9,2012,5,18,45,1,2,2,US-26,,3611,43.573675,-111.5605833,0,12,8,0,1,1,0,1,1,1,0,1,0,0000000,18,45,19,6,99,99,14,0,0,1,0
16,160132,1,1,0,0,0,1,1,57,580,29,9,2012,7,22,20,0,4,8,GENESSE-JULIAETTE RD,STOUT RD,34,46.56467222,-116.8556083,0,1,0,0,1,1,0,6,2,1,0,1,0,0000000,22,27,22,34,99,99,0,0,0,1,1
16,160133,1,1,0,0,0,1,1,11,530,2,10,2012,3,16,36,0,4,8,600 NORTH RD,800 EAST RD,1036,43.28245278,-112.1360778,0,38,0,0,1,1,0,6,1,1,0,1,0,0000000,16,39,16,48,99,99,0,0,0,1,1
16,160134,1,1,0,0,0,1,1,31,200,2,10,2012,3,20,23,0,4,3,SR-27,600 SOUTH RD,151,42.44578611,-113.8034667,0,1,0,0,1,1,0,2,2,1,0,1,0,0000000,20,23,20,30,99,99,0,0,0,1,0
16,160135,1,1,0,0,0,1,1,59,1630,4,10,2012,5,16,55,1,2,2,US-93,,3169,45.33344444,-113.9152611,0,35,0,0,1,1,0,6,1,1,0,1,0,0000000,16,53,17,4,99,99,0,0,0,1,1
16,160136,1,1,0,0,0,1,1,33,430,9,10,2012,3,15,20,0,3,3,SR-28,,409,44.09747778,-112.8678278,0,1,0,0,1,1,0,1,1,1,0,1,0,0000000,15,30,16,13,99,99,0,0,0,1,0
16,160137,1,1,0,0,0,1,1,83,190,14,10,2012,1,5,0,0,9,8,3700 NORTH RD,1700 EAST RD,0,42.534775,-114.6991528,0,1,0,0,1,1,0,5,2,1,0,1,0,0000000,5,1,5,22,99,99,0,0,0,1,1
16,160138,2,2,0,0,0,4,4,5,260,14,10,2012,1,17,50,0,4,8,SIMPLOT RD,MISSION RD,5,43.02201667,-112.427,3,12,6,0,2,2,0,1,1,1,0,1,0,0000000,17,52,17,56,99,99,0,0,0,1,0
16,160139,1,1,0,0,0,2,2,1,1070,16,10,2012,3,12,11,1,11,1,I-84 IC 42 EB OFF RAMP,,100,43.59240833,-116.4337861,0,33,0,1,5,1,0,6,1,1,0,1,0,0000000,12,12,12,19,99,99,99,99,99,2,0
16,160140,1,1,0,0,0,3,3,9,1620,22,10,2012,2,11,19,0,4,8,BENEWAH CREEK RD,BAUNE RD,36,47.22133056,-116.8661333,0,42,0,0,1,1,0,6,1,10,0,10,0,0000000,11,21,11,38,99,99,0,0,0,1,0
16,160141,1,1,0,1,1,1,1,19,790,22,10,2012,2,20,9,0,13,6,HOLMES AVE,ELVA ST,44,43.50398889,-112.0237694,0,8,0,0,2,2,0,1,3,10,0,10,0,0000000,20,9,20,12,99,99,16,0,0,1,0
16,160142,2,2,0,0,0,2,2,55,300,24,10,2012,4,7,20,1,2,2,US-95,CARRIE RD,4232,47.62106111,-116.8719583,0,12,6,0,2,2,0,1,1,5,0,5,0,0000000,7,26,7,35,99,99,0,0,0,1,0
16,160143,4,4,0,0,0,4,4,77,40,26,10,2012,6,7,16,0,3,3,SR-39,,1011,42.79485,-112.8528083,0,12,2,0,1,1,0,1,2,5,0,5,0,0000000,7,17,7,25,99,99,0,0,0,1,0
16,160144,1,1,0,0,0,4,4,49,900,5,11,2012,2,23,30,0,4,8,LEITCH CREEK RD,CLEAR CREEK RD,1014,46.112675,-115.9197361,0,1,0,0,1,1,0,5,2,1,0,1,0,0000000,23,40,23,55,99,99,0,0,0,1,0
16,160145,1,1,0,0,0,1,1,17,1640,3,11,2012,7,15,53,0,5,8,KELSO LAKE RD,BEAVER LAKE RD,0,48.01204722,-116.7241583,0,17,0,0,1,1,0,5,1,10,0,10,0,0000000,15,55,16,16,99,99,0,0,0,1,0
16,160146,2,2,0,0,0,2,2,83,730,6,11,2012,3,21,20,1,2,2,US-93,2900 NORTH RD,194,42.41851389,-114.5746556,0,12,8,0,2,2,0,1,2,1,0,1,0,0000000,21,21,21,35,99,99,0,0,0,1,0
16,160147,1,1,0,1,1,1,1,47,640,12,11,2012,2,16,10,0,3,2,US-30,BRUNEAU ST,1811,42.81418333,-114.89855,0,8,0,0,1,1,0,1,1,1,0,1,0,0000000,16,10,16,15,99,99,0,0,0,1,0
16,160148,1,1,0,0,0,2,2,17,1490,8,11,2012,5,10,2,0,6,8,REEDER CREEK RD,SH-57,0,48.63482222,-116.9529167,1,35,0,0,1,1,0,4,1,10,0,10,0,0000000,9,59,10,7,99,99,0,0,0,1,0
16,160149,1,1,0,0,0,1,1,37,240,8,11,2012,5,6,52,1,2,2,US-93,,1381,44.25340556,-114.0089472,0,1,0,0,1,1,0,5,2,10,0,10,0,0000000,7,19,7,41,99,99,0,0,0,1,1
16,160150,1,1,0,1,1,1,1,27,210,9,11,2012,6,18,16,0,14,6,OLD HWY 30,HELEN LN,13,43.69363889,-116.6917667,0,8,0,0,1,1,0,1,2,10,0,10,0,0000000,18,19,18,25,99,99,16,0,0,1,0
16,160151,2,2,0,0,0,7,7,53,830,10,11,2012,7,13,2,1,1,1,I-84,,1786,42.60449444,-114.3488139,0,12,7,0,1,1,0,1,1,1,0,1,0,0000000,13,2,13,15,99,99,0,0,0,1,0
16,160152,1,1,0,0,0,1,1,83,520,11,11,2012,1,7,5,1,2,2,US-93,,348,42.46738056,-114.5745694,0,38,0,0,1,1,0,6,4,1,0,1,0,0000000,7,5,7,15,99,99,0,0,0,1,1
16,160153,6,6,0,0,0,8,8,5,1430,12,11,2012,2,16,57,0,13,6,BENTON ST,5TH AVE,32,42.86324444,-112.4403972,0,12,1,0,3,2,0,1,1,10,1,10,0,0000000,16,59,17,1,99,99,0,0,0,1,1
16,160154,2,2,0,0,0,3,3,55,1710,12,11,2012,2,7,20,0,3,8,SH-41,,176,47.94715278,-116.8642972,0,12,8,0,1,1,0,1,1,10,4,4,0,0000000,7,24,7,29,99,99,0,0,0,1,0
16,160155,1,1,0,0,0,1,1,15,760,19,11,2012,2,19,19,0,2,3,SR-55,,672,43.94953611,-116.192575,0,1,0,0,1,1,0,5,2,2,0,2,0,0000000,19,20,19,30,99,99,0,0,0,1,0
16,160156,3,3,0,0,0,7,7,19,790,20,11,2012,3,17,28,0,4,2,US-91,65 SOUTH RD,1228,43.43947778,-112.0786472,0,12,6,0,2,2,0,1,3,1,0,1,0,0000000,17,28,17,37,99,99,0,0,0,1,0
16,160157,3,3,0,0,0,4,4,11,130,20,11,2012,3,17,57,0,13,3,SR-39,500 WEST RD,514,43.19647778,-112.3953722,0,12,1,0,3,3,0,1,2,10,2,2,0,0000000,17,57,17,57,99,99,0,0,0,1,0
16,160158,2,2,0,0,0,5,5,53,830,25,11,2012,1,17,24,0,4,3,SR-50,I-84,33,42.56664167,-114.2995694,0,12,6,0,1,1,0,1,5,1,0,1,0,0000000,17,31,17,39,99,99,0,0,0,1,0
16,160159,2,2,0,0,0,2,2,1,1070,1,12,2012,7,6,15,1,11,1,I-84,,464,43.59716667,-116.3443333,0,12,1,0,1,1,0,1,3,1,0,1,0,0000000,6,17,6,24,99,99,0,0,0,1,0
16,160160,1,1,0,0,0,1,1,69,1390,1,12,2012,7,19,37,0,4,8,BIG CANYON RD,SH 12,204,46.49669444,-116.4357667,3,46,0,0,2,3,0,6,3,10,2,2,0,0000000,19,44,19,47,99,99,0,0,0,1,1
16,160161,1,1,0,0,0,6,6,71,725,8,12,2012,7,8,16,1,1,1,I-84,,2654,42.065225,-112.9000139,0,1,0,0,1,1,0,3,4,11,10,11,0,0000000,8,32,8,49,99,99,0,0,0,1,0
16,160162,2,2,0,0,0,3,3,1,1725,10,12,2012,2,18,56,0,2,3,SR-16,FLOATING FEATHER RD,12,43.70991944,-116.4582111,0,12,6,0,2,2,0,1,2,10,0,10,0,0000000,18,57,19,2,99,99,0,0,0,1,0
16,160163,1,1,0,0,0,1,1,53,830,12,12,2012,4,14,30,1,2,2,US-93,,560,42.67899722,-114.4432917,0,10,0,0,6,1,0,1,1,1,0,1,0,818935F,14,31,14,38,99,99,0,0,0,1,0
16,160164,1,1,0,0,0,9,9,27,1200,15,12,2012,7,5,4,0,14,8,ORCHARD AVE,LAKE AVE,36,43.59013611,-116.6506111,0,43,0,0,1,1,0,6,2,10,0,10,0,0000000,5,8,5,13,99,99,0,0,0,1,0
16,160165,1,1,0,0,0,1,1,19,1560,13,12,2012,5,16,12,0,6,8,115 EAST RD,US-26,1103,43.60868611,-111.8045194,0,34,0,0,3,1,0,6,1,1,0,1,0,0000000,16,13,16,20,99,99,0,0,0,1,0
16,160166,1,1,0,0,0,3,3,11,130,14,12,2012,6,22,49,0,6,8,SANDY RD,DIGGIE RD,0,43.15246111,-112.3478889,3,1,0,0,1,1,0,4,2,10,11,11,0,0000000,22,54,23,0,99,99,0,0,0,1,1
16,160167,1,1,0,0,0,1,1,27,210,21,12,2012,6,5,13,1,13,3,SR-55,,141,43.60476111,-116.6443222,0,24,0,0,1,1,0,4,2,10,0,10,0,0000000,5,20,5,24,99,99,0,0,0,1,0
16,160168,2,2,0,0,0,5,5,47,140,21,12,2012,6,18,58,1,1,1,I-84,,1343,42.937825,-115.0483556,0,12,8,0,1,1,0,1,2,1,0,1,0,0000000,18,47,19,4,99,99,0,0,0,2,0
16,160169,3,2,1,0,0,4,4,27,1200,25,12,2012,3,18,34,1,12,1,I-84,,369,43.59841944,-116.5343861,0,12,9,0,1,1,0,1,3,11,10,11,0,0000000,18,38,18,42,99,99,19,0,0,1,0
17,170001,1,1,0,0,0,5,5,31,1992,1,1,2012,1,4,55,1,11,1,I-57,,3438,41.55173333,-87.74287778,0,35,0,0,1,1,0,4,3,1,0,1,0,0000000,4,57,99,99,99,99,0,0,0,2,1
17,170002,1,1,0,0,0,1,1,89,0,9,1,2012,2,20,31,0,6,5,LASHER ROAD,,0,41.8086,-88.48846111,0,34,0,0,1,1,0,4,2,1,0,1,0,0000000,20,24,99,99,99,99,0,0,0,1,1
17,170003,2,2,0,0,0,2,2,23,5310,2,1,2012,2,17,38,1,2,3,SR-1,,1559,39.42993333,-87.69089444,0,12,6,0,1,1,0,1,2,4,0,4,0,0000000,17,49,99,99,99,99,0,0,0,1,0
17,170004,2,2,0,0,0,2,2,183,0,4,1,2012,4,21,12,0,14,4,CR-29,BOWMAN AVE,0,40.19030833,-87.60329167,0,12,6,0,2,2,0,1,2,1,0,1,0,0000000,21,12,99,99,99,99,0,0,0,1,0
17,170005,2,2,0,0,0,2,2,123,0,12,1,2012,5,11,23,0,3,3,SR-17,,964,41.02750556,-89.42706667,0,12,6,0,1,1,0,1,1,4,0,4,0,0000000,11,23,99,99,99,99,0,0,0,1,0
17,170006,2,2,0,0,0,3,3,55,0,5,1,2012,5,20,27,0,3,3,SR-148,PARK STREET,300,38.02365,-89.05357778,0,12,6,0,2,2,0,1,3,1,0,1,0,0000000,20,27,99,99,99,99,0,0,0,1,0
17,170007,1,1,0,0,0,2,2,135,0,14,1,2012,7,23,18,0,6,4,CR- 100 EAST !ST ROAD,,0,39.20475556,-89.67939444,0,34,0,0,1,1,0,4,2,1,0,1,0,0000000,23,18,99,99,99,99,0,0,0,1,1
17,170008,2,2,0,0,0,2,2,21,0,19,1,2012,5,12,45,0,3,3,SR-29,,111,39.50125833,-89.21610556,0,12,2,0,1,1,0,1,1,1,0,1,0,0000000,12,48,99,99,99,99,0,0,0,1,1
17,170009,2,2,0,0,0,3,3,157,2880,20,1,2012,6,20,47,1,2,3,SR-3   GREAT RIVER ROAD,,988,38.08905278,-89.94413611,0,12,2,0,1,1,2,1,2,8,0,8,0,0000000,8,47,99,99,99,99,0,0,0,1,0
17,170010,3,3,0,0,0,7,7,27,0,20,1,2012,6,19,56,1,1,1,I-64,,329,38.50925833,-89.63564722,0,12,6,0,1,1,0,1,2,2,0,2,0,0000000,20,1,99,99,99,99,23,0,0,1,0
17,170011,1,1,0,1,1,1,1,19,0,1,1,2012,1,2,39,0,15,5,COUNTRY FAIR ROAD,,0,40.11281667,-88.28282778,0,9,0,0,1,1,0,1,3,1,0,1,0,0000000,2,39,99,99,99,99,0,0,0,1,0
17,170012,1,1,0,0,0,1,1,119,7580,12,1,2012,5,17,12,0,14,6,MADISON AVE,,0,38.83328056,-90.04340278,0,21,0,0,1,1,0,4,3,4,0,4,0,0000000,17,13,99,99,88,88,0,0,0,1,0
17,170013,1,1,0,0,0,1,1,41,0,17,1,2012,3,21,42,0,4,4,CR-6,,0,39.86562778,-88.12475,0,34,0,0,1,1,0,4,2,1,0,1,0,0000000,21,44,99,99,99,99,0,0,0,1,1
17,170014,2,2,0,0,0,5,5,17,0,1,1,2012,1,18,43,0,14,4,CR-8,,0,39.98422222,-90.39841389,0,12,1,0,1,1,0,1,2,1,0,1,0,0000000,18,43,99,99,99,99,0,0,0,1,0
17,170015,1,1,0,0,0,4,4,31,1670,3,1,2012,3,20,25,0,15,6,75TH STREET,SOUTH DOBSON STREET,0,41.75863056,-87.5993,0,30,0,0,2,3,0,4,3,1,0,1,0,0000000,20,28,99,99,99,99,0,0,0,1,1
17,170016,1,1,0,0,0,1,1,75,0,22,1,2012,1,4,31,0,4,4,CR-37,,0,41.00323333,-87.89229444,0,53,0,0,1,1,0,4,2,4,0,4,0,0000000,4,31,99,99,88,88,0,0,0,1,1
17,170017,1,1,0,0,0,1,1,31,1670,5,1,2012,5,0,45,1,13,3,SR-50,CORNELIA,602,41.94465,-87.74700833,0,30,0,0,3,3,0,4,3,1,0,1,0,0000000,0,45,99,99,99,99,0,0,0,1,0
17,170018,1,1,0,0,0,1,1,159,0,7,1,2012,7,3,20,0,4,3,SR-250,,62,38.72138333,-88.14896667,0,35,0,0,1,1,0,4,2,1,0,1,0,0000000,3,27,99,99,99,99,0,0,0,1,1
17,170019,1,1,0,0,0,1,1,143,6850,6,1,2012,6,5,32,1,11,1,I-74,,914,40.70715278,-89.61304444,0,50,0,0,1,1,0,4,3,1,0,1,0,0000000,5,35,99,99,99,99,0,0,0,1,0
17,170020,1,1,0,1,1,1,1,127,5530,7,1,2012,7,17,38,0,3,8,OHIO RIVER SCENIC HIGHWAY,,98,37.15960278,-88.73533889,0,8,0,0,1,1,0,1,2,1,0,1,0,0000000,17,40,99,99,99,99,0,0,0,1,0
17,170021,1,1,0,0,0,1,1,57,0,12,1,2012,5,6,22,0,4,4,CR-2,,0,40.60399722,-90.27105556,0,35,0,0,1,1,0,4,1,4,0,4,0,0000000,6,22,99,99,99,99,0,0,0,1,0
17,170022,2,2,0,0,0,2,2,119,0,12,1,2012,5,14,40,1,2,3,SR-4,,895,38.82194444,-89.80143333,0,12,2,0,1,1,0,1,1,4,0,4,0,0000000,14,40,99,99,88,88,0,0,0,1,0
17,170023,1,1,0,0,0,6,6,17,590,22,1,2012,1,3,4,0,14,6,8TH ST,BEARD ST,0,40.01088056,-90.43572222,0,32,0,0,3,2,0,4,3,1,0,1,0,0000000,3,4,99,99,99,99,0,0,0,1,1
17,170025,5,5,0,0,0,8,8,97,4620,12,1,2012,5,12,48,1,11,1,I-94,,215,42.20485833,-87.89084167,0,12,1,0,1,1,0,1,1,4,0,4,0,0000000,12,52,99,99,99,99,0,0,0,1,0
17,170026,1,1,0,0,0,1,1,187,0,27,1,2012,6,1,0,0,6,5,40TH AVE,,0,40.69156667,-90.72055833,0,34,0,0,1,1,0,4,2,3,0,3,0,0000000,88,88,88,88,88,88,0,0,0,1,0
17,170027,2,2,0,0,0,3,3,119,0,20,1,2012,6,18,31,0,13,3,SR-111,,139,38.78958056,-90.06685,0,12,2,0,1,1,0,1,2,5,0,5,0,0000000,18,31,99,99,99,99,0,0,0,1,0
17,170028,3,3,0,0,0,6,6,39,0,24,1,2012,3,17,43,1,2,2,US-51,,2359,40.10320278,-88.96546944,0,12,1,0,1,1,0,1,2,1,0,1,0,0000000,17,44,99,99,99,99,0,0,0,1,0
17,170029,2,2,0,0,0,2,2,21,0,28,1,2012,7,1,10,0,13,3,SR-29,,143,39.53514722,-89.25499444,0,12,2,0,1,1,0,1,2,4,0,4,0,0000000,1,12,99,99,99,99,0,0,0,1,1
17,170030,1,1,0,0,0,3,3,19,0,27,1,2012,6,20,39,0,6,6,GOLF DRIVE,,0,40.20736944,-88.37210556,0,42,0,0,1,1,0,4,2,1,0,1,0,0000000,20,39,99,99,99,99,0,0,0,1,0
17,170031,2,2,0,0,0,2,2,25,0,30,1,2012,2,15,47,1,13,2,US-50,STANDFORD RD,1392,38.67933889,-88.4703,0,12,6,0,2,2,0,1,1,1,0,1,0,0000000,15,47,99,99,88,88,0,0,0,1,0
17,170032,1,1,0,1,1,1,1,187,5700,1,2,2012,4,17,30,0,14,6,MAIN ST,JACKSON AVE,0,40.92325,-90.64797778,0,15,0,0,1,1,0,1,5,1,0,1,0,0000000,17,30,99,99,99,99,0,0,0,1,0
17,170033,1,1,0,0,0,2,2,119,0,1,2,2012,4,17,42,0,15,5,OLD ALTON RD,,0,38.76063056,-90.09447778,0,30,0,0,1,1,0,4,3,1,0,1,0,0000000,17,42,99,99,99,99,0,0,0,1,1
17,170034,1,1,0,0,0,1,1,81,0,12,1,2012,5,10,10,0,4,4,CR-9    WOODLAWN LANE,,0,38.35385556,-89.03469444,0,35,0,0,1,1,0,4,1,1,0,1,0,0000000,10,12,99,99,99,99,0,0,0,1,0
17,170035,1,1,0,0,0,2,2,189,0,14,1,2012,7,2,6,0,4,4,CR-23,,0,38.29881111,-89.182675,0,32,0,0,1,1,0,4,2,1,0,1,0,0000000,2,6,99,99,99,99,0,0,0,1,1
17,170036,1,1,0,0,0,1,1,163,0,2,2,2012,5,1,46,1,11,1,I-55,,9,38.61846944,-90.16623056,0,34,0,0,1,1,0,3,3,1,0,1,0,0000000,1,46,99,99,88,88,0,0,0,1,1
17,170037,1,1,0,0,0,1,1,167,8220,21,1,2012,7,23,32,0,15,6,6TH ST FRONTAGE RD,,0,39.73153611,-89.64383889,0,38,0,0,1,1,0,4,2,1,0,1,0,0000000,23,32,99,99,88,88,0,0,0,1,1
17,170038,2,1,1,0,0,1,1,199,3870,29,1,2012,1,20,37,0,16,6,9TH STREET,,0,37.80597222,-89.02070278,0,14,0,0,1,1,0,7,3,1,0,1,0,0000000,20,37,99,99,99,99,0,0,0,1,1
17,170039,1,1,0,0,0,2,2,109,0,27,1,2012,6,18,45,0,6,5,CR-1700N,,0,40.52938056,-90.52371111,0,34,0,0,1,1,0,4,2,4,0,4,0,0000000,18,50,99,99,99,99,0,0,0,1,0
17,170040,1,1,0,0,0,1,1,31,2330,20,1,2012,6,6,8,1,13,3,SR-72 (TOUHY AVENUE),,1041,42.00866389,-87.91451667,0,33,0,0,1,1,0,4,3,1,0,1,0,0000000,6,8,99,99,99,99,0,0,0,1,0
17,170041,1,1,0,0,0,1,1,19,0,3,2,2012,6,22,20,0,4,4,CR-15,,0,40.02575833,-88.10790833,0,30,0,0,1,1,0,4,3,2,0,2,0,0000000,22,20,99,99,99,99,0,0,0,1,1
17,170042,3,3,0,0,0,6,6,31,1670,5,2,2012,1,3,18,1,12,1,I-57,,3553,41.69369444,-87.65957222,0,12,7,0,1,1,0,1,3,1,0,1,0,0000000,3,20,99,99,99,99,0,0,0,1,1
17,170043,2,1,1,1,1,1,1,51,0,30,1,2012,2,5,40,1,1,1,I-70 MP 73,,774,38.995375,-88.91362222,0,8,0,0,1,1,0,1,2,1,0,1,0,0000000,5,44,99,99,99,99,23,0,0,1,0
17,170044,1,1,0,0,0,2,2,201,7460,5,2,2012,1,0,49,0,15,6,WEST JEFFERSON,,0,42.27630278,-89.10097778,0,1,0,0,1,1,0,4,3,1,0,1,0,0000000,0,49,99,99,99,99,0,0,0,1,1
17,170045,2,2,0,0,0,4,4,145,0,4,2,2012,7,19,10,0,15,4,CR-2,,0,37.99552222,-89.19671944,0,12,2,0,1,1,0,1,2,1,0,1,0,0000000,19,16,99,99,99,99,0,0,0,1,0
17,170046,1,1,0,0,0,2,2,31,6410,5,2,2012,1,2,34,1,11,1,I-290 RAMP,AUSTIN BLVD,0,41.87126667,-87.7743,0,25,0,1,2,2,0,3,3,1,0,1,0,0000000,2,34,3,0,99,99,0,0,0,1,1
17,170047,2,2,0,0,0,2,2,29,0,7,2,2012,3,15,42,0,3,3,SR-130,,824,39.4038,-88.13483056,0,12,2,0,1,1,0,1,1,1,0,1,0,0000000,15,42,99,99,99,99,0,0,0,1,0
17,170048,1,1,0,0,0,1,1,31,0,1,2,2012,4,20,12,1,11,1,I-290,,37,42.0036,-88.02696111,0,21,0,0,1,1,0,4,2,1,0,1,0,0000000,20,12,99,99,99,99,0,0,0,1,1
17,170049,1,1,0,1,1,1,1,31,0,10,1,2012,3,6,14,0,15,6,115TH STREET,,0,41.68428056,-87.7,0,8,0,0,1,1,0,1,3,1,0,1,0,0000000,6,14,99,99,99,99,0,0,0,1,0
17,170050,2,2,0,0,0,5,5,31,5280,6,2,2012,2,2,15,1,11,1,I-80,,1551,41.5836,-87.68410278,0,12,2,0,1,1,0,1,3,1,0,1,0,0000000,2,18,99,99,99,99,0,0,0,4,2
17,170051,2,2,0,0,0,3,3,43,0,11,2,2012,7,1,22,1,11,1,I-290,,82,41.94861944,-88.00302222,0,12,1,0,1,1,0,1,3,1,0,1,0,0000000,1,22,99,99,99,99,0,0,0,1,1
17,170052,2,2,0,0,0,2,2,177,0,12,2,2012,1,15,38,1,2,2,US-20,,534,42.34499167,-89.78235556,0,12,2,0,1,1,0,1,1,1,0,1,0,0000000,15,38,99,99,99,99,0,0,0,1,0
17,170053,3,3,0,0,0,4,4,97,4858,13,1,2012,6,20,50,1,13,2,US-45,,4010,42.1776,-87.92477222,0,12,2,0,1,1,0,1,2,1,0,1,0,0000000,20,50,99,99,99,99,0,0,0,1,1
17,170054,1,1,0,1,1,1,1,43,2225,15,2,2012,4,9,44,0,16,6,ROBERT ROAD,,0,41.72796944,-87.99811111,0,8,0,0,1,1,0,1,1,1,0,1,0,0000000,9,44,99,99,99,99,0,0,0,1,0