STATE,ST_CASE,VE_TOTAL,VE_FORMS,PVH_INVL,PEDS,PERNOTMVIT,PERMVIT,PERSONS,COUNTY,CITY,DAY,MONTH,YEAR,DAY_WEEK,HOUR,MINUTE,NHS,ROAD_FNC,ROUTE,TWAY_ID,TWAY_ID2,MILEPT,LATITUDE,LONGITUD,SP_JUR,HARM_EV,MAN_COLL,RELJCT1,RELJCT2,TYP_INT,WRK_ZONE,REL_ROAD,LGT_COND,WEATHER1,WEATHER2,WEATHER,SCH_BUS,RAIL,NOT_HOUR,NOT_MIN,ARR_HOUR,ARR_MIN,HOSP_HR,HOSP_MN,CF1,CF2,CF3,FATALS,DRUNK_DR
17,170055,1,1,0,0,0,1,1,51,0,20,1,2012,6,10,40,0,16,5,CR-2000E,,0,39.08965833,-88.88023056,0,34,0,0,1,1,0,4,1,1,0,1,0,0000000,10,43,99,99,99,99,0,0,0,1,0
17,170056,1,1,0,1,1,1,1,31,8120,15,1,2012,1,5,55,1,13,2,US-83,,113,41.62263056,-87.61201111,0,8,0,0,1,1,0,1,2,1,0,1,0,0000000,5,55,99,99,88,88,0,0,0,1,1
17,170057,1,1,0,0,0,1,1,101,0,1,2,2012,4,20,38,0,6,5,1300 NORTH (PETROLIA),,0,38.76071111,-87.76918333,0,42,0,0,1,1,0,4,2,1,0,1,0,0000000,99,99,99,99,99,99,0,0,0,1,0
17,170059,1,1,0,0,0,4,4,133,0,14,2,2012,3,21,41,0,3,3,SR-159,,9,38.22533611,-89.99325278,0,31,0,0,1,1,0,4,2,1,0,1,0,0000000,21,43,99,99,99,99,0,0,0,2,1
17,170060,1,1,0,1,1,2,2,31,540,4,2,2012,7,17,45,1,13,2,US-20,VALLEY LN,1502,42.00246111,-88.17906944,0,8,0,0,2,3,0,1,3,1,0,1,0,0000000,17,45,99,99,99,99,0,0,0,1,0
17,170061,1,1,0,0,0,2,2,201,7460,17,2,2012,6,21,0,0,16,6,SOUTH PIERPONT AVENUE,,0,42.25132778,-89.13453056,0,1,0,0,1,1,0,4,2,1,0,1,0,0000000,21,2,99,99,99,99,0,0,0,1,1
17,170062,4,4,0,0,0,6,6,97,4472,6,2,2012,2,14,37,1,13,2,US-12,,302,42.16669722,-88.06382222,0,12,2,0,1,1,0,1,1,1,0,1,0,0000000,14,37,99,99,99,99,0,0,0,1,1
17,170063,1,1,0,0,0,2,2,91,0,12,2,2012,1,6,13,1,1,1,I-057,,3026,41.01353889,-87.90418333,0,34,0,0,1,1,0,4,1,1,0,1,0,0000000,6,13,99,99,99,99,0,0,0,1,1
17,170064,1,1,0,0,0,1,1,167,0,17,2,2012,6,6,25,0,3,3,SR-125,,316,39.86413611,-89.88624167,0,34,0,0,1,1,0,5,4,1,0,1,0,0000000,6,30,99,99,99,99,0,0,0,1,0
17,170066,1,1,0,0,0,4,4,113,0,15,2,2012,4,1,12,0,2,3,SR-09,,1238,40.51995278,-89.17721111,0,34,0,0,1,1,0,4,2,1,0,1,0,0000000,1,12,99,99,99,99,0,0,0,1,1
17,170067,2,2,0,0,0,3,3,51,0,19,2,2012,1,3,12,1,2,2,US-51,,1430,38.90705833,-89.08564722,0,12,2,0,1,1,0,1,2,1,0,1,0,0000000,3,12,99,99,99,99,0,0,0,1,0
17,170068,2,2,0,0,0,3,3,91,0,21,2,2012,3,15,37,0,3,3,SR-17,,1764,41.11811111,-87.99223611,0,12,6,0,1,1,0,1,1,1,0,1,0,0000000,15,37,99,99,99,99,0,0,0,1,1
17,170069,1,1,0,0,0,4,4,111,0,22,2,2012,4,20,6,0,5,5,MARENGO ROAD,,0,42.20148056,-88.53868333,0,1,0,0,1,1,0,4,2,1,0,1,0,0000000,20,6,99,99,99,99,0,0,0,1,1
17,170070,1,1,0,0,0,5,5,23,0,22,2,2012,4,15,20,0,6,5,FERN LAKE RD,,0,39.46246667,-87.57266944,0,10,0,0,6,1,0,1,1,1,0,1,0,546327H,15,25,99,99,99,99,0,0,0,4,0
17,170071,1,1,0,0,0,1,1,41,0,11,2,2012,7,23,15,0,6,5,CR-100,,0,39.66658611,-88.16257222,0,34,0,0,1,1,0,4,2,1,0,1,0,0000000,11,22,99,99,99,99,0,0,0,1,1
17,170072,2,2,0,0,0,4,4,31,1670,9,2,2012,5,3,11,0,14,3,SR-43 (HARLEM AVENUE),63RD ST,189,41.77728889,-87.80091944,0,12,6,0,2,2,0,1,3,1,0,1,0,0000000,3,11,3,17,3,47,20,0,0,1,1
17,170073,1,1,0,2,2,1,1,31,1670,9,2,2012,5,2,45,0,15,2,US-012,,0,41.72217778,-87.60092778,0,8,0,0,1,1,0,1,3,1,0,1,0,0000000,2,48,99,99,99,99,0,0,0,2,1
17,170075,6,6,0,0,0,9,9,31,1670,23,2,2012,5,23,10,1,11,1,I-094,,984,41.80857778,-87.63217778,0,12,7,0,1,1,0,1,3,2,0,2,0,0000000,23,13,99,99,99,99,0,0,0,2,1
17,170076,2,1,1,0,1,2,3,31,1670,12,2,2012,1,7,20,0,14,6,HALSTED STREET,67THJ,0,41.77245833,-87.64458889,0,14,0,0,1,1,0,7,1,1,0,1,0,0000000,7,25,99,99,99,99,0,0,0,1,1
17,170077,1,1,0,1,1,1,1,41,0,24,2,2012,6,13,24,0,3,3,SR-130,,1089,39.76351389,-88.17628056,0,8,0,0,1,1,0,1,1,1,0,1,0,0000000,13,25,99,99,88,88,0,0,0,1,0
17,170078,1,1,0,0,0,1,1,163,0,13,2,2012,2,14,8,0,15,5,TOWN HALL RD,NOEL LN,0,38.52791667,-90.05319722,0,41,0,0,2,4,0,4,1,1,0,1,0,0000000,14,9,99,99,99,99,0,0,0,1,1
17,170079,1,1,0,0,0,1,1,51,0,26,2,2012,1,11,13,1,2,2,US-51,,1638,39.19158889,-89.10082222,0,34,0,0,1,1,0,4,1,1,0,1,0,0000000,11,13,99,99,99,99,0,0,0,1,0
17,170080,3,3,0,0,0,4,4,97,0,29,2,2012,4,19,0,1,11,1,I-94,,2,42.49128333,-87.94867778,0,12,6,0,1,1,0,1,2,1,0,1,0,0000000,19,8,99,99,99,99,0,0,0,1,1
17,170081,1,1,0,1,1,1,1,31,3100,26,1,2012,5,12,5,1,13,3,SR-43,MADISON ST,260,41.87966111,-87.80472778,0,8,0,0,2,2,0,1,1,1,0,1,0,0000000,12,8,99,99,99,99,0,0,0,1,0
17,170082,1,1,0,0,0,1,1,157,0,16,2,2012,5,22,52,0,4,4,CR-1 (PALESTINE RD.),,0,37.95788333,-89.82143333,0,31,0,0,1,1,0,4,2,1,0,1,0,0000000,22,53,99,99,99,99,0,0,0,1,1
17,170083,1,1,0,0,0,1,1,75,0,25,2,2012,7,19,30,0,4,4,CR-44 (600 NORTH),100 E,0,40.57249167,-87.93734722,0,34,0,0,1,1,0,4,2,1,0,1,0,0000000,19,31,99,99,99,99,0,0,0,1,1
17,170084,1,1,0,1,1,1,1,31,6650,2,2,2012,5,17,36,0,13,6,QUENTIN,PEDER,0,42.1225,-88.0631,0,8,0,0,1,1,0,1,3,1,0,1,0,0000000,17,37,99,99,99,99,0,0,0,1,0
17,170085,1,1,0,0,0,1,1,111,0,29,2,2012,4,16,53,0,13,2,US-20,,1271,42.15819444,-88.52351111,0,34,0,0,1,1,0,4,1,2,0,2,0,0000000,16,54,99,99,99,99,0,0,0,1,0
17,170086,1,1,0,0,0,1,1,119,0,1,3,2012,5,19,18,1,1,1,I-270,,47,38.75771111,-90.083875,0,57,0,0,1,1,0,3,2,1,0,1,0,0000000,19,18,99,99,99,99,0,0,0,1,1
17,170087,2,2,0,0,0,3,3,31,6410,23,2,2012,5,18,14,0,14,6,RIDGELAND AVE,CHICAGO AVE,0,41.89456111,-87.78486111,0,12,6,0,2,2,0,1,3,2,0,2,0,0000000,18,14,99,99,99,99,0,0,0,1,0
17,170088,1,1,0,1,1,2,2,31,2719,22,2,2012,4,22,10,1,13,3,SR-083,,544,42.02089722,-87.95984444,0,8,0,0,1,1,0,1,2,1,0,1,0,0000000,22,11,0,0,0,0,0,0,0,1,0
17,170089,2,2,0,0,0,6,6,7,0,24,2,2012,6,17,30,0,13,3,SR-76,,18,42.30256667,-88.85522222,0,12,6,0,1,1,0,1,1,6,0,6,0,0000000,17,30,99,99,99,99,0,0,0,2,0
17,170090,1,1,0,0,0,1,1,119,8820,28,2,2012,3,12,0,0,15,6,BISSELL,,0,38.68016944,-90.17287222,0,10,0,0,6,1,0,1,1,1,0,1,0,294473P,12,0,99,99,99,99,0,0,0,1,0
17,170091,1,1,0,1,1,1,1,31,1670,17,1,2012,3,16,32,0,14,6,63RD ST,CARPENTER,0,41.77965,-87.65085833,0,8,0,0,2,2,0,1,1,4,0,4,0,0000000,16,36,99,99,99,99,0,0,0,1,0
17,170092,2,2,0,0,0,4,4,37,2280,19,2,2012,1,4,1,0,13,3,SR-38,NORMAL RD,420,41.93109167,-88.7657,0,12,1,0,2,3,0,1,3,1,0,1,0,0000000,4,1,99,99,99,99,0,0,0,1,1
17,170093,1,1,0,0,0,1,1,31,3430,27,2,2012,2,6,1,1,13,3,SR-21,,52,42.08068056,-87.86395278,0,42,0,0,1,1,0,4,2,1,0,1,0,0000000,6,1,99,99,99,99,0,0,0,1,0
17,170094,1,1,0,1,1,1,1,101,0,6,3,2012,3,8,22,0,4,4,CR-8,,0,38.68416667,-87.75942778,0,9,0,0,1,1,0,1,1,1,0,1,0,0000000,8,46,99,99,99,99,0,0,0,1,0
17,170095,1,1,0,0,0,2,2,31,1670,5,2,2012,1,4,45,1,13,2,US-41,,115,41.84162222,-87.60991944,0,42,0,0,1,1,0,4,3,1,0,1,0,0000000,4,45,4,56,5,18,0,0,0,1,1
17,170096,1,1,0,0,0,1,1,163,1460,2,3,2012,6,1,27,1,13,3,SR-157,HARBOR ST,131,38.64028333,-90.02131111,0,30,0,0,3,3,0,4,3,1,0,1,0,0000000,1,27,99,99,88,88,0,0,0,1,1
17,170097,1,1,0,0,0,3,3,31,1670,4,3,2012,1,0,1,1,13,6,STONY ISLAND,,0,41.75221667,-87.58578056,0,1,0,0,1,1,0,1,3,1,0,1,0,0000000,0,1,99,99,99,99,0,0,0,1,1
17,170098,1,1,0,0,0,3,3,51,0,4,3,2012,1,3,13,0,4,2,US-40,,834,39.03008056,-88.82865556,0,35,0,0,1,1,0,4,2,1,0,1,0,0000000,3,42,99,99,99,99,0,0,0,1,1
17,170099,1,1,0,0,0,1,1,143,0,4,3,2012,1,21,42,0,4,3,SR-8,,203,40.75565,-89.79650278,0,1,0,0,1,1,0,5,2,4,0,4,0,0000000,21,42,99,99,88,88,0,0,0,1,0
17,170100,1,1,0,1,1,1,1,167,8220,5,3,2012,2,20,24,0,14,6,N GRAND AVE,FRANKLIN AVE,0,39.81616111,-89.65889722,0,8,0,0,2,2,0,1,3,1,0,1,0,0000000,20,24,99,99,99,99,0,0,0,1,0
17,170101,2,2,0,0,0,2,2,53,0,7,1,2012,7,8,6,0,4,3,SR-115,CR-1400N,106,40.60404167,-88.17643889,0,12,6,0,2,2,0,1,1,1,0,1,0,0000000,8,6,99,99,99,99,0,0,0,1,0
17,170102,1,1,0,0,0,2,2,43,5980,16,1,2012,2,12,10,0,15,6,ROYAL SAINT GEORGE,,0,41.78775833,-88.16773333,0,42,0,0,1,1,0,4,1,1,0,1,0,0000000,12,11,99,99,99,99,0,0,0,1,1
17,170103,1,1,0,1,1,2,2,89,2690,22,1,2012,1,18,9,0,14,6,SUMMIT,,0,42.04619722,-88.27128611,0,8,0,0,1,1,0,1,2,2,0,2,0,0000000,18,9,99,99,99,99,0,0,0,1,0
17,170104,2,2,0,0,0,2,2,93,6620,12,1,2012,5,14,30,1,13,2,US-30,,1034,41.71836944,-88.29713611,0,24,0,0,1,1,0,4,1,4,0,4,0,0000000,14,31,99,99,99,99,0,0,0,1,0
17,170105,1,1,0,0,0,1,1,31,0,31,1,2012,3,15,4,1,1,1,I-57,,0,41.58687778,-87.72798056,0,24,0,1,5,1,0,8,1,1,0,1,0,0000000,15,5,99,99,99,99,0,0,0,1,0
17,170106,1,1,0,0,0,1,1,43,460,28,2,2012,3,16,8,0,15,6,LIBERTY,ENTERPRISE,0,41.768325,-88.22537222,0,33,0,0,3,2,0,3,1,1,0,1,0,0000000,16,8,99,99,99,99,0,0,0,1,0
17,170107,1,1,0,1,1,1,1,43,9510,30,1,2012,2,18,24,0,14,4,CR-28,,0,41.96550556,-87.97881944,0,8,0,0,1,1,0,1,3,1,0,1,0,0000000,18,24,99,99,99,99,0,0,0,1,0
17,170108,1,1,0,0,0,1,1,157,0,3,3,2012,7,5,31,0,6,5,MOFFAT,,0,38.11805,-89.66252222,0,34,0,0,1,1,0,4,2,1,0,1,0,0000000,5,31,99,99,99,99,0,0,0,1,1
17,170109,1,1,0,1,1,2,2,31,1670,12,2,2012,1,10,0,0,14,6,63RD ST,TROY ST,0,41.77898056,-87.70186111,0,8,0,0,3,2,0,1,1,1,0,1,0,0000000,10,1,99,99,99,99,0,0,0,1,0
17,170110,1,1,0,0,0,1,1,167,8220,15,3,2012,5,1,4,0,16,6,PASFIELD,,0,39.80018056,-89.65851389,0,33,0,0,1,1,0,4,3,1,0,1,0,0000000,1,8,99,99,99,99,0,0,0,1,1
17,170111,2,2,0,0,0,2,2,111,0,10,3,2012,7,14,36,0,15,5,FOX LAKE RD,,0,42.41265833,-88.20643889,0,12,2,0,1,1,0,1,1,1,0,1,0,0000000,14,36,99,99,99,99,0,0,0,1,1
17,170112,1,1,0,1,1,1,1,31,5870,31,1,2012,3,20,23,1,13,2,US-12,PROSPECT MANOR AVE,385,42.08631944,-87.94320278,0,8,0,0,3,3,0,1,3,1,0,1,0,0000000,20,24,99,99,99,99,0,0,0,1,0
17,170114,1,1,0,0,0,1,1,163,670,27,2,2012,2,13,20,0,14,6,LEBANON,,0,38.53453889,-89.9636,0,35,0,0,1,1,0,5,1,1,0,1,0,0000000,13,20,99,99,99,99,0,0,0,1,0
17,170116,2,2,0,0,0,3,3,99,0,14,3,2012,4,7,35,0,3,3,SR-170,,204,41.255075,-88.60739167,0,12,6,0,1,1,0,1,1,1,0,1,0,0000000,7,35,99,99,99,99,0,0,0,2,0
17,170117,1,1,0,0,0,1,1,113,0,18,3,2012,1,3,0,0,3,3,SR-9,,1501,40.48650278,-88.72634167,0,1,0,0,1,1,0,1,2,1,0,1,0,0000000,3,0,99,99,88,88,0,0,0,1,1
17,170118,2,2,0,0,0,5,5,27,0,19,2,2012,1,14,42,1,2,2,US-50,HUEY RD,623,38.61103056,-89.29093056,0,12,6,0,2,2,0,1,1,1,0,1,0,0000000,14,42,99,99,99,99,0,0,0,1,0
17,170119,2,2,0,0,0,2,2,167,2240,18,3,2012,1,15,27,0,4,3,SR-36,DAWSON ROAD,0,39.85266944,-89.46335833,0,12,6,0,2,2,0,1,1,1,0,1,0,0000000,15,27,99,99,99,99,0,0,0,1,1
17,170120,1,1,0,0,0,1,1,149,7020,15,2,2012,4,5,30,0,16,6,SARAH JANE,,0,39.45156944,-90.86723056,0,42,0,0,1,1,0,5,2,1,0,1,0,0000000,7,19,99,99,99,99,0,0,0,1,0
17,170122,2,2,0,0,0,2,2,71,0,14,3,2012,4,12,5,1,2,2,US-34,,29,40.81509444,-91.04353056,0,12,8,0,1,1,0,1,1,1,0,1,0,0000000,12,11,99,99,99,99,0,0,0,1,0
17,170123,1,1,0,0,0,1,1,31,1670,12,3,2012,2,3,30,0,14,6,PERSHING ROAD,,0,41.82383889,-87.61586667,0,33,0,0,1,1,0,4,3,2,0,2,0,0000000,3,35,99,99,99,99,0,0,0,1,0
17,170124,1,1,0,1,1,4,4,43,9180,9,3,2012,6,21,10,1,13,3,SR-59,S NELTNOR,265,41.86197222,-88.19481389,0,8,0,0,1,1,0,1,2,1,0,1,0,0000000,21,11,99,99,99,99,0,0,0,1,0
17,170125,2,2,0,0,0,8,8,55,0,13,3,2012,3,18,36,0,4,3,SR-148,PARK STREET,0,38.02365,-89.05357778,0,12,6,0,2,2,0,1,1,1,0,1,0,0000000,18,36,99,99,99,99,0,0,0,1,0
17,170126,2,2,0,0,0,2,2,201,0,18,3,2012,1,21,25,0,4,5,KELLEY RD,,0,42.24725,-89.22016667,0,12,2,0,1,1,0,1,1,1,0,1,0,0000000,21,30,99,99,99,99,0,0,0,1,1
17,170127,1,1,0,0,0,2,2,71,0,10,3,2012,7,12,39,0,3,3,SR-96,,1318,40.6447,-91.14263889,0,35,0,0,1,1,0,5,1,1,0,1,0,0000000,12,56,99,99,99,99,0,0,0,1,1
17,170128,2,2,0,0,0,2,2,51,0,17,3,2012,7,1,50,1,1,1,I-70,,724,38.97434722,-89.00009722,0,12,1,0,1,1,0,1,2,1,0,1,0,0000000,1,58,99,99,99,99,0,0,0,1,1
17,170129,4,4,0,0,0,4,4,99,0,23,3,2012,6,6,59,1,1,1,I-80,,1025,41.37628889,-88.60296667,0,12,1,0,1,1,0,1,1,1,0,1,0,0000000,6,59,99,99,99,99,0,0,0,1,0
17,170130,2,2,0,0,0,2,2,119,0,25,3,2012,1,4,14,1,2,3,SR-4,,921,38.85916944,-89.80099722,0,12,2,0,1,1,0,1,2,1,0,1,0,0000000,4,14,99,99,99,99,0,0,0,1,1
17,170131,1,1,0,0,0,1,1,97,0,25,3,2012,1,17,18,0,14,5,RIVER RD,,0,42.22331944,-88.17007778,1,42,0,0,1,1,0,5,1,1,0,1,0,0000000,17,18,99,99,99,99,0,0,0,1,1
17,170132,1,1,0,0,0,1,1,121,0,13,3,2012,3,13,10,0,14,5,GREEN ST,,0,38.54885278,-89.10627222,0,34,0,0,1,1,0,5,1,1,0,1,0,0000000,13,10,99,99,99,99,0,0,0,1,0
17,170133,1,1,0,0,0,1,1,119,0,15,3,2012,5,17,55,0,6,5,BUCHTA RD,,0,38.87655833,-89.97388889,0,34,0,0,1,1,0,5,1,1,0,1,0,0000000,17,55,99,99,99,99,0,0,0,1,0
17,170134,1,1,0,1,1,1,1,49,0,16,3,2012,6,7,1,1,1,1,I-57,,1574,39.09671389,-88.57962778,0,8,0,0,1,1,1,1,4,1,0,1,0,0000000,7,4,99,99,99,99,0,0,0,1,0
17,170135,1,1,0,1,1,1,1,49,0,17,3,2012,7,15,5,0,4,2,US-40,,1102,39.16764167,-88.37306389,0,8,0,0,1,1,0,1,1,1,0,1,0,0000000,15,5,99,99,99,99,0,0,0,1,0
17,170136,1,1,0,0,0,1,1,31,1670,18,3,2012,1,12,12,1,12,1,I-55,,2924,41.84645556,-87.644575,0,25,0,0,1,1,0,3,1,1,0,1,0,0000000,12,12,99,99,99,99,0,0,0,1,1
17,170137,1,1,0,1,1,1,1,31,1670,28,2,2012,3,21,10,0,14,6,ASHLAND AVE.,,0,41.74794167,-87.663375,0,8,0,0,1,1,0,1,3,2,0,2,0,0000000,21,10,99,99,99,99,0,0,0,1,0
17,170138,1,1,0,1,1,1,1,103,0,20,3,2012,3,11,6,1,1,1,I-39,,811,41.67458333,-89.05459444,0,8,0,0,1,1,2,1,1,1,0,1,0,0000000,11,6,99,99,99,99,0,0,0,1,0
17,170139,2,2,0,0,0,5,5,197,0,3,3,2012,7,2,5,0,16,6,CENTER ST,MONI DR,0,41.49244167,-87.91794722,0,38,0,0,2,3,0,5,2,1,0,1,0,0000000,2,5,99,99,99,99,0,0,0,2,2
17,170141,1,1,0,0,0,2,2,197,0,11,3,2012,1,16,29,0,16,5,FRONT ST,FRONTAGE ROAD WEST,0,41.42559444,-88.19518333,0,32,0,0,1,1,0,5,1,1,0,1,0,0000000,16,33,99,99,99,99,0,0,0,1,1
17,170142,1,1,0,0,0,1,1,167,7420,26,3,2012,2,10,15,0,16,6,CARDINAL HILL RD,DROEGE ST,0,39.67375278,-89.53553056,0,32,0,0,1,1,0,5,1,1,0,1,0,0000000,10,15,99,99,99,99,0,0,0,1,1
17,170143,1,1,0,0,0,2,2,147,0,22,3,2012,5,20,19,0,4,4,CR-6 (ALLERTON ROAD),,0,39.98948056,-88.64348889,0,34,0,0,1,1,0,5,2,1,0,1,0,0000000,20,19,99,99,99,99,0,0,0,1,1
17,170144,1,1,0,0,0,2,2,81,0,24,3,2012,7,4,25,0,4,4,CR-2150 (E DIX-TEXICO ROAD),,0,38.43809167,-89.07841944,0,42,0,0,1,1,0,4,2,2,0,2,0,0000000,4,26,99,99,99,99,0,0,0,1,1
17,170145,1,1,0,0,0,1,1,81,0,26,3,2012,2,18,20,0,6,5,AUBURN LANE,,0,38.32452778,-88.75651944,0,10,0,0,6,1,0,1,1,1,0,1,0,724755V,18,20,99,99,99,99,0,0,0,1,0
17,170147,1,1,0,0,0,4,4,63,0,30,3,2012,6,8,10,0,6,5,W MINOOKA ROAD,,0,41.44396111,-88.461675,0,34,0,0,1,1,0,4,1,1,0,1,0,0000000,8,10,99,99,99,99,0,0,0,1,1
17,170148,1,1,0,0,0,2,2,39,0,28,3,2012,4,8,12,0,4,4,CR-9,,0,40.23157778,-89.06172222,0,34,0,0,1,1,0,4,1,1,0,1,0,0000000,8,16,99,99,99,99,0,0,0,1,0
17,170149,1,1,0,0,0,1,1,89,9997,15,3,2012,5,16,29,0,4,5,CAMPTON HILLS ROAD,,0,41.91461111,-88.389225,0,42,0,0,1,1,0,4,1,1,0,1,0,0000000,16,32,99,99,99,99,0,0,0,1,0
17,170150,1,1,0,0,0,1,1,129,0,7,4,2012,7,8,55,0,4,3,SR-123,,0,39.93412222,-89.94731111,0,1,0,0,1,1,0,4,2,1,0,1,0,0000000,8,57,99,99,99,99,0,0,0,1,1
17,170151,2,2,0,0,0,2,2,31,1670,9,3,2012,6,11,27,0,16,6,WEST SCHOOL STREET,PAULINA STREET,0,41.941475,-87.67114167,0,12,7,0,2,2,0,1,1,1,0,1,0,0000000,11,29,99,99,99,99,0,0,0,1,0
17,170152,1,1,0,0,0,1,1,55,3210,25,3,2012,1,1,54,0,4,4,CR-6,,0,37.86578333,-88.99622222,0,1,0,0,1,1,0,1,2,1,0,1,0,0000000,1,54,99,99,99,99,0,0,0,1,1
17,170154,3,3,0,0,0,10,10,99,0,30,3,2012,6,22,11,1,1,1,I-39,,612,41.38969444,-89.05840278,0,12,2,0,1,1,0,1,2,1,0,1,0,0000000,22,11,99,99,99,99,0,0,0,1,0
17,170155,2,2,0,0,0,5,5,163,0,21,3,2012,4,10,28,0,14,6,SCOTT TROY RD,,0,38.64502222,-89.87399722,0,12,2,0,1,1,0,1,1,1,0,1,0,0000000,10,28,99,99,99,99,0,0,0,1,0
17,170156,1,1,0,1,1,3,3,31,1670,24,3,2012,7,2,28,1,13,6,LASALLE ST,DIVISION ST,0,41.90385833,-87.63291111,0,8,0,0,2,2,0,1,3,1,0,1,0,0000000,2,29,99,99,99,99,0,0,0,1,1
17,170157,2,1,1,1,1,1,1,7,0,2,4,2012,2,6,46,1,1,1,I-90 (NORTHWEST TOLLWAY),,257,42.23369167,-88.80386667,0,8,0,0,1,1,0,2,1,1,0,1,0,0000000,6,46,99,99,99,99,0,0,0,1,0
17,170158,3,3,0,0,0,7,7,31,1670,24,3,2012,7,18,30,0,15,6,WESTERN,45TH,0,41.81567778,-87.68405,0,12,8,0,2,2,0,1,1,1,0,1,0,0000000,18,38,18,52,19,13,0,0,0,2,1
17,170159,1,1,0,0,0,4,4,33,0,30,3,2012,6,22,3,0,6,5,N 1500TH,,0,39.14564722,-87.66863889,0,42,0,0,1,1,0,4,2,1,0,1,0,0000000,22,49,99,99,99,99,0,0,0,1,0
17,170160,1,1,0,0,0,7,7,31,1670,25,3,2012,1,1,30,0,15,6,GARFIELD STREET,,0,41.79355833,-87.67796389,0,42,0,0,1,1,0,4,3,5,0,5,0,0000000,1,33,99,99,99,99,0,0,0,1,1
17,170161,1,1,0,1,1,1,1,31,5550,3,2,2012,6,18,4,0,14,3,SR-83,,168,41.62562222,-87.71471944,0,8,0,0,1,1,0,1,2,1,0,1,0,0000000,18,4,99,99,99,99,0,0,0,1,0
17,170162,2,2,0,0,0,5,5,31,1670,1,4,2012,1,2,0,1,13,3,SR-8212,SAWYER AVE,57,41.813575,-87.70510833,0,12,2,0,2,3,0,1,3,1,0,1,0,0000000,2,5,2,11,2,38,0,0,0,1,1
17,170163,1,1,0,1,1,2,2,41,0,2,4,2012,2,16,56,0,3,3,SR-133,CR-200,107,39.7103,-88.43294722,0,9,0,0,2,2,0,1,1,1,0,1,0,0000000,16,58,99,99,99,99,0,0,0,1,0
17,170164,1,1,0,0,0,1,1,75,0,1,4,2012,1,16,34,0,6,5,1980E,1300N,0,40.6998,-87.74971944,0,11,0,0,2,3,0,1,1,1,0,1,0,0000000,16,34,99,99,99,99,0,0,0,1,0
17,170166,1,1,0,0,0,1,1,117,0,8,4,2012,1,2,14,0,4,4,CR-15,,0,39.05016111,-89.88536944,0,34,0,0,1,1,0,5,2,1,0,1,0,0000000,2,14,99,99,99,99,0,0,0,1,0
17,170167,6,6,0,0,0,14,14,145,0,1,4,2012,1,17,30,1,13,2,US-051,,0,38.11834722,-89.23507222,0,12,8,0,1,1,0,1,1,1,0,1,0,0000000,17,30,99,99,99,99,0,0,0,1,1
17,170168,1,1,0,1,1,1,1,1,7180,11,4,2012,4,19,12,0,15,6,BROADWAY STREET (SR-104),,0,39.93527222,-91.33413611,0,8,0,0,1,1,0,1,1,1,0,1,0,0000000,19,12,99,99,99,99,0,0,0,1,0
17,170169,2,2,0,0,0,5,5,201,0,31,3,2012,7,16,13,1,12,1,I-090 (NORTHWEST TOLLWAY),,1312,42.37266389,-88.96730833,0,12,7,0,1,1,0,1,1,1,0,1,0,0000000,16,13,99,99,99,99,0,0,0,1,0
17,170170,1,1,0,1,1,1,1,49,2650,29,3,2012,5,0,0,0,15,6,KELLER AVENUE,AVENUE MID AMERICA,0,39.13899167,-88.56585,0,8,0,0,2,2,0,1,3,1,0,1,0,0000000,99,99,99,99,99,99,0,0,0,1,0
17,170171,2,2,0,0,0,3,3,163,5340,28,3,2012,4,12,8,1,13,3,SR-4,SR-161,0,38.55185556,-89.80707222,0,12,6,1,2,2,0,1,1,1,0,1,0,0000000,12,8,99,99,99,99,0,0,0,2,0
17,170172,2,2,0,0,0,4,4,23,0,6,4,2012,6,23,21,1,1,1,I-70,,0,39.34563889,-87.62552778,0,12,1,0,1,1,0,1,2,1,0,1,0,0000000,23,21,99,99,99,99,0,0,0,1,0
17,170173,1,1,0,0,0,1,1,115,0,27,3,2012,3,15,50,0,5,5,NEVADA RD.,,0,39.79018333,-89.06614167,0,32,0,0,1,1,0,4,1,6,0,6,0,0000000,12,3,99,99,99,99,0,0,0,1,0
17,170174,3,3,0,0,0,7,7,31,6610,15,4,2012,1,20,38,1,13,2,US-45,171ST ST,0,41.57950278,-87.85202222,0,12,6,0,2,2,0,1,3,2,0,2,0,0000000,20,38,99,99,99,99,0,0,0,3,0
17,170175,1,1,0,1,1,1,1,77,5950,30,3,2012,6,19,40,0,16,6,BRIDGE ST.,,0,37.76046667,-89.331825,0,8,0,0,1,1,0,1,2,1,0,1,0,0000000,19,40,99,99,99,99,0,0,0,1,0
17,170176,1,1,0,0,0,1,1,197,0,12,4,2012,5,3,22,0,4,3,SR-001 (DIXIE HIGHWAY),,0,41.37603056,-87.62333333,0,30,0,0,1,1,0,4,2,1,0,1,0,0000000,3,22,99,99,99,99,0,0,0,1,1
17,170177,1,1,0,0,0,1,1,99,0,7,4,2012,7,3,48,0,4,5,N30TH ST,,0,41.36895556,-88.64915556,0,32,0,0,1,1,0,4,2,1,0,1,0,0000000,4,38,99,99,99,99,0,0,0,1,1
17,170178,3,2,1,0,2,4,6,43,0,7,4,2012,7,11,33,1,12,1,I-355,,193,41.79716389,-88.0567,0,14,0,0,1,1,0,2,1,1,0,1,0,0000000,11,33,99,99,99,99,0,0,0,1,0
17,170179,2,2,0,0,0,5,5,31,0,10,3,2012,7,1,49,0,4,2,US-45,US-20,664,41.71786944,-87.85188889,0,12,6,0,2,2,0,1,3,1,0,1,0,0000000,1,50,99,99,99,99,0,0,0,1,1