STATE,ST_CASE,VE_TOTAL,VE_FORMS,PVH_INVL,PEDS,PERNOTMVIT,PERMVIT,PERSONS,COUNTY,CITY,DAY,MONTH,YEAR,DAY_WEEK,HOUR,MINUTE,NHS,ROAD_FNC,ROUTE,TWAY_ID,TWAY_ID2,MILEPT,LATITUDE,LONGITUD,SP_JUR,HARM_EV,MAN_COLL,RELJCT1,RELJCT2,TYP_INT,WRK_ZONE,REL_ROAD,LGT_COND,WEATHER1,WEATHER2,WEATHER,SCH_BUS,RAIL,NOT_HOUR,NOT_MIN,ARR_HOUR,ARR_MIN,HOSP_HR,HOSP_MN,CF1,CF2,CF3,FATALS,DRUNK_DR
17,170180,2,2,0,0,0,5,5,31,2050,9,4,2012,2,22,15,0,15,6,CICERO AVE,,0,41.65073889,-87.73819722,0,12,2,0,1,1,0,1,3,1,0,1,0,0000000,22,17,99,99,99,99,0,0,0,1,0
17,170181,2,2,0,0,0,7,7,75,0,1,4,2012,1,10,45,0,6,4,CR-1500E,CR-1800N,0,40.76516667,-88.03106667,0,12,6,0,2,2,0,1,1,1,0,1,0,0000000,10,45,99,99,99,99,0,0,0,1,0
17,170182,1,1,0,0,0,3,3,185,0,7,4,2012,7,13,37,0,5,4,CR-2150N,,0,38.53342222,-87.88458889,0,34,0,0,1,1,0,5,1,1,0,1,0,0000000,13,37,99,99,99,99,0,0,0,1,0
17,170183,2,2,0,0,0,2,2,31,1670,3,4,2012,3,13,48,1,13,2,US-12 (95TH),,845,41.72243889,-87.57913611,0,12,2,0,1,1,0,1,1,1,0,1,0,0000000,13,48,99,99,99,99,0,0,0,1,0
17,170184,2,2,0,0,0,2,2,41,8740,10,4,2012,3,20,18,1,11,1,I-57,,2112,39.78800556,-88.26461111,0,12,1,0,1,1,0,1,2,1,0,1,0,0000000,20,19,99,99,99,99,0,0,0,1,0
17,170185,1,1,0,0,0,1,1,195,0,15,4,2012,1,4,20,0,4,5,CR-7  (LYNDON RD),SPRING VALLEY RD,0,41.89389444,-89.91104444,0,34,0,0,2,4,0,4,2,1,0,1,0,0000000,4,25,99,99,99,99,0,0,0,1,0
17,170186,2,2,0,0,0,2,2,197,887,17,2,2012,6,23,4,0,16,6,ROCKHURST RD,MONTEREY DR,0,41.70585833,-88.06207222,0,12,6,0,2,2,0,1,3,1,0,1,0,0000000,23,4,99,99,99,99,0,0,0,1,1
17,170187,1,1,0,0,0,3,3,201,0,13,4,2012,6,21,13,0,6,5,SOUTH GATE RD,,0,42.43011667,-88.97385833,0,42,0,0,1,1,0,4,2,1,0,1,0,0000000,21,13,99,99,99,99,0,0,0,1,0
17,170188,1,1,0,0,0,2,2,31,2390,19,3,2012,2,16,57,0,16,6,154TH,DORCHESTER,0,41.61429444,-87.58261944,0,5,0,0,2,3,0,1,1,1,0,1,0,0000000,16,57,99,99,99,99,0,0,0,1,0
17,170189,1,1,0,1,1,2,2,197,7491,9,4,2012,2,8,59,0,16,6,SIERRA TRAIL,SRAMFORD LANE,0,41.61536111,-88.1506,0,8,0,0,1,1,0,1,1,1,0,1,0,0000000,8,59,99,99,99,99,0,0,0,1,0
17,170190,2,2,0,0,0,5,5,153,0,13,4,2012,6,13,38,0,4,3,SR-169,,0,37.29381111,-88.98088611,0,12,6,0,1,1,0,1,1,1,0,1,0,0000000,14,9,99,99,99,99,99,99,99,1,0
17,170191,1,1,0,0,0,1,1,149,7477,28,3,2012,4,22,2,0,16,6,BROAD ST,,0,39.53761667,-91.00869444,0,34,0,0,1,1,0,5,2,1,0,1,0,0000000,22,22,99,99,99,99,0,0,0,1,1
17,170192,1,1,0,0,0,1,1,31,6610,2,3,2012,6,0,50,0,14,6,WOLF RD,,0,41.571975,-87.89063889,0,10,0,0,6,1,0,1,2,1,0,1,0,478782N,0,50,99,99,99,99,0,0,0,1,1
17,170193,1,1,0,1,1,1,1,119,0,13,4,2012,6,5,15,0,5,6,COLLINSVILLE RD,,0,38.65915556,-90.04268056,0,8,0,0,1,1,0,1,2,1,0,1,0,0000000,5,15,99,99,99,99,0,0,0,1,0
17,170194,1,1,0,0,0,1,1,137,0,21,4,2012,7,22,18,0,4,4,CR-7 (CONCORD ARENZVLLE RD),,0,39.79185556,-90.37301389,0,32,0,0,1,1,0,4,2,1,0,1,0,0000000,22,18,99,99,99,99,0,0,0,1,0
17,170195,2,2,0,0,0,2,2,31,1670,5,4,2012,5,23,38,1,11,1,I-090,,0,41.98266667,-87.81445,0,12,1,0,1,1,0,1,3,1,0,1,0,0000000,23,40,99,99,99,99,0,0,0,1,1
17,170196,1,1,0,0,0,1,1,7,0,16,4,2012,2,15,53,0,6,5,SLOUGH ROAD,,0,42.22388889,-88.72415833,0,42,0,0,1,1,0,4,1,1,0,1,0,0000000,15,56,99,99,99,99,0,0,0,1,0
17,170197,1,1,0,1,1,1,1,31,1670,9,1,2012,2,16,58,0,16,6,JACKSON BLVD,FRANCISCO AV,0,41.8774,-87.69861111,0,8,0,0,2,2,0,1,5,1,0,1,0,0000000,16,59,99,99,99,99,0,0,0,1,0
17,170198,1,1,0,1,1,1,1,31,1670,6,2,2012,2,19,23,1,13,3,SR-43 (HARLEM AVE),,297,41.93419444,-87.80656111,0,8,0,0,1,1,0,1,3,1,0,1,0,0000000,19,26,99,99,99,99,0,0,0,1,0
17,170199,1,1,0,1,1,0,0,31,1670,25,3,2012,1,16,15,0,16,8,MULLIGAN ALLEY,,0,41.91955,-87.78445556,0,8,0,0,1,1,0,1,1,1,0,1,0,0000000,16,30,99,99,99,99,0,0,0,1,0
17,170200,1,1,0,0,0,1,1,195,0,18,4,2012,4,2,45,0,16,5,HOOVER ROAD,,0,41.8433,-89.68819167,0,31,0,0,1,1,0,4,2,1,0,1,0,0000000,2,47,99,99,99,99,0,0,0,1,0
17,170201,3,2,1,0,0,2,2,31,1670,19,3,2012,2,14,0,0,14,6,63RD STREET,,0,41.77830833,-87.7483,0,12,6,0,8,1,0,1,1,1,0,1,0,0000000,14,2,14,4,14,15,0,0,0,1,0
17,170202,1,1,0,0,0,1,1,119,0,17,4,2012,3,13,30,0,3,3,SR-143 (DIVISION STREET),,234,38.78651667,-89.78369167,0,34,0,0,1,1,0,4,1,1,0,1,0,0000000,99,99,99,99,99,99,0,0,0,1,0
17,170203,1,1,0,0,0,5,5,77,1350,7,4,2012,7,3,16,0,4,4,CR-17 (CEDAR CREEK DR),,0,37.66605,-89.27066944,0,3,0,0,1,1,0,4,2,5,0,5,0,0000000,3,16,99,99,99,99,0,0,0,2,1
17,170204,2,2,0,0,0,4,4,31,1670,20,4,2012,6,2,10,0,14,6,HALSTED STREET,,0,41.76604444,-87.64443889,0,12,6,0,1,1,0,1,2,2,0,2,0,0000000,2,11,2,25,2,56,0,0,0,1,2
17,170205,3,2,1,0,0,5,5,31,1670,23,3,2012,6,3,53,0,15,6,PULASKI ROAD,,0,41.80374167,-87.72342222,0,12,1,0,1,1,0,1,3,2,0,2,0,0000000,3,53,4,5,4,25,0,0,0,1,1
17,170206,1,1,0,0,0,4,4,163,0,11,4,2012,4,0,28,0,4,4,CR-2000N (FUESSER RD),,0,38.51018333,-89.76116944,0,35,0,0,1,1,0,4,2,1,0,1,0,0000000,0,28,99,99,99,99,0,0,0,1,1
17,170207,2,2,0,0,0,2,2,115,2250,6,4,2012,6,22,54,1,13,2,US-036,36TH STREET,1429,39.82559167,-88.89698056,0,12,1,0,2,3,0,1,3,1,0,1,0,0000000,22,54,99,99,99,99,0,0,0,1,1
17,170208,1,1,0,0,0,3,3,31,1670,21,4,2012,7,23,0,1,11,1,I-94 (DAN RYAN EXPRESSWAY),,567,41.80936667,-87.63198611,0,25,0,0,1,1,0,4,3,1,0,1,0,0000000,23,2,99,99,99,99,0,0,0,1,0
17,170209,2,2,0,0,0,2,2,31,850,22,4,2012,1,0,54,1,11,1,I-57,,3528,41.65701667,-87.66223056,0,12,1,0,1,1,0,1,3,1,0,1,0,0000000,0,56,99,99,99,99,0,0,0,1,1
17,170210,1,1,0,0,0,4,4,99,0,16,4,2012,2,14,30,0,3,3,SR-18 (NORTH 13TH ROAD),,215,41.12002222,-88.97968889,0,34,0,0,1,1,0,4,1,6,0,6,0,0000000,14,37,99,99,99,99,0,0,0,1,1
17,170211,1,1,0,0,0,1,1,197,0,29,4,2012,1,2,25,0,4,5,LORENZO ROAD,,0,41.34720833,-88.21250833,0,34,0,0,1,1,0,4,2,1,0,1,0,0000000,2,25,99,99,99,99,99,99,99,1,1
17,170212,2,2,0,0,0,5,5,167,8220,24,4,2012,3,15,53,0,14,6,TAYLOR AVE,STANFORD AVE,0,39.76916667,-89.61776944,0,12,6,1,2,3,0,1,1,1,0,1,0,0000000,15,53,99,99,99,99,0,0,0,1,0
17,170213,3,1,2,0,0,2,2,31,1730,22,4,2012,1,5,39,0,16,6,36TH STREET,,0,41.82721944,-87.76430556,0,14,0,0,1,1,0,2,4,1,0,1,0,0000000,5,39,99,99,99,99,0,0,0,1,1
17,170214,1,1,0,0,0,6,6,203,0,25,3,2012,1,3,41,0,4,3,SR-116,,1087,40.84884444,-89.14241667,0,1,0,0,1,1,0,5,2,1,0,1,0,0000000,3,41,99,99,99,99,0,0,0,1,1
17,170215,3,3,0,0,0,3,3,31,1670,17,4,2012,3,0,54,0,14,6,47TH STREET,KING,0,41.80938056,-87.61656944,0,12,2,0,2,2,0,1,3,1,0,1,0,0000000,0,54,99,99,99,99,0,0,0,1,0
17,170216,2,2,0,0,0,3,3,31,1670,19,4,2012,5,0,54,0,16,6,ROOSEVELT RD,HOMAN AVE,0,41.86638333,-87.71049722,0,12,6,0,2,2,0,1,3,1,0,1,0,0000000,0,56,99,99,99,99,0,0,0,1,2
17,170217,1,1,0,0,0,1,1,199,0,15,4,2012,1,18,35,0,4,3,SR-13,,942,37.74488889,-89.11395,0,35,0,0,1,1,0,5,1,1,0,1,0,0000000,18,35,99,99,99,99,0,0,0,1,0
17,170218,1,1,0,0,0,1,1,111,0,22,4,2012,1,23,23,0,6,5,HICKORY LANE,,0,42.42425,-88.37384444,0,53,0,0,1,1,0,5,2,1,0,1,0,0000000,23,23,99,99,88,88,0,0,0,1,1
17,170219,1,1,0,0,0,2,2,197,0,8,4,2012,1,16,15,0,6,5,SCHEER ROAD,,0,41.43242222,-87.903175,0,34,0,0,1,1,0,4,3,1,0,1,0,0000000,16,13,99,99,99,99,0,0,0,1,0
17,170220,2,2,0,0,0,2,2,95,3260,28,4,2012,7,17,28,0,14,6,STATE ST,,0,40.94301389,-90.30787778,0,12,7,0,1,1,0,1,1,1,0,1,0,0000000,17,28,99,99,99,99,0,0,0,1,1
17,170221,1,1,0,0,0,1,1,125,0,23,4,2012,2,2,58,0,4,4,CR-200  (MANITO RD),,0,40.348825,-89.95126389,0,1,0,0,1,1,0,4,2,1,0,1,0,0000000,2,58,99,99,99,99,0,0,0,1,1
17,170222,1,1,0,0,0,1,1,181,0,24,4,2012,3,18,9,0,4,3,SR-127,,157,37.34795833,-89.25638056,0,32,0,0,1,1,0,4,1,1,0,1,0,0000000,18,24,99,99,99,99,0,0,0,1,1
17,170224,3,3,0,0,0,3,3,31,1670,30,4,2012,2,4,29,1,11,1,I-090,,674,41.67512222,-87.60116389,0,12,2,0,1,1,0,1,3,1,0,1,0,0000000,4,37,99,99,99,99,0,0,0,2,1
17,170225,1,1,0,0,0,1,1,59,7900,2,5,2012,4,8,35,0,13,3,SR-13,,1486,37.70019722,-88.14996111,0,24,0,0,1,1,0,4,1,1,0,1,0,0000000,8,39,99,99,88,88,0,0,0,1,0
17,170226,1,1,0,0,0,2,2,75,0,27,4,2012,6,19,22,0,4,2,US-45,,2763,40.50348056,-88.07773611,0,34,0,0,1,1,0,4,5,1,0,1,0,0000000,19,22,99,99,99,99,0,0,0,1,0
17,170227,2,2,0,0,0,2,2,111,2100,12,4,2012,5,14,57,0,13,3,SR-176,MOUNT HARBOR RD,108,42.24791389,-88.40355833,0,12,6,1,2,3,0,1,1,1,0,1,0,0000000,14,57,99,99,99,99,0,0,0,1,0
17,170228,1,1,0,1,1,1,1,77,1350,26,4,2012,5,18,9,0,3,3,SR-13,MCKINNEY DR,896,37.73063056,-89.19358333,0,15,0,1,2,2,0,1,1,1,0,1,0,0000000,18,9,99,99,99,99,0,0,0,1,0
17,170229,1,1,0,0,0,2,2,31,1670,19,4,2012,5,21,45,0,16,6,ELSTON,,0,41.98139722,-87.76169444,0,30,0,0,1,1,0,5,3,1,0,1,0,0000000,21,50,99,99,99,99,0,0,0,1,0
17,170230,1,1,0,1,1,2,2,31,1670,21,4,2012,7,23,40,0,16,6,WESTERN BLVD,43RD,0,41.95910278,-87.68860556,0,8,0,0,3,3,0,1,2,1,0,1,0,0000000,23,49,23,54,0,11,0,0,0,1,0
17,170231,1,1,0,0,0,4,4,111,0,1,5,2012,3,22,46,0,4,5,MARENGO,,0,42.18913889,-88.482675,0,32,0,0,1,1,0,5,2,1,0,1,0,0000000,22,46,99,99,99,99,0,0,0,1,1
17,170233,1,1,0,0,0,1,1,31,7813,25,4,2012,4,18,35,0,16,6,WISE RD,IRVING PARK RD,0,42.00309444,-88.12703333,0,33,0,1,2,2,0,3,1,1,0,1,0,0000000,18,37,99,99,99,99,0,0,0,1,0
17,170234,2,2,0,0,0,3,3,31,140,5,5,2012,7,15,25,1,2,3,SR-50,123RD ST,411,41.66894722,-87.73887778,0,12,1,0,3,2,0,1,1,1,0,1,0,0000000,15,30,99,99,99,99,0,0,0,1,0
17,170235,2,2,0,0,0,2,2,197,9997,4,5,2012,6,14,40,0,13,6,JOLIET RD,107TH ST,0,41.69228611,-88.04509167,0,12,6,1,2,3,0,1,1,1,0,1,0,0000000,14,47,99,99,99,99,0,0,0,1,0
17,170236,1,1,0,0,0,1,1,31,2390,30,4,2012,2,3,7,1,11,1,I-94 (BISHOP FORD EXPRESSWAY),,716,41.6188,-87.57884444,0,42,0,0,1,1,0,5,3,1,0,1,0,0000000,3,7,99,99,99,99,0,0,0,1,1
17,170237,1,1,0,0,0,1,1,29,0,6,5,2012,1,12,2,0,4,4,CR-9 (LERNA ROAD),,0,39.41799167,-88.29914167,0,32,0,0,1,1,0,4,1,1,0,1,0,0000000,12,4,99,99,99,99,0,0,0,1,0
17,170238,2,2,0,0,0,4,4,105,0,29,4,2012,1,19,0,0,4,3,SR-17,,0,41.11053333,-88.25245,0,12,2,0,1,1,0,1,2,2,0,2,0,0000000,19,1,99,99,99,99,0,0,0,1,2
17,170239,2,2,0,0,0,2,2,31,1185,10,4,2012,3,23,28,0,15,6,WEST 79TH ST,,0,41.74824722,-87.79243889,0,12,2,0,1,1,0,1,3,1,0,1,0,0000000,23,29,99,99,99,99,0,0,0,1,1
17,170240,2,2,0,0,0,2,2,197,8763,7,5,2012,2,14,13,0,16,6,DRALLE ROAD,,0,41.44167778,-87.73883611,0,12,1,0,1,1,0,1,1,1,0,1,0,0000000,14,13,99,99,99,99,0,0,0,1,0
17,170241,2,2,0,0,0,2,2,119,0,5,5,2012,7,11,0,1,2,3,SR-4 (RAMP),SR-143,0,38.78674444,-89.80110556,0,12,6,1,5,1,0,1,1,1,0,1,0,0000000,11,4,99,99,99,99,0,0,0,1,0
17,170242,2,2,0,0,0,3,3,113,5070,3,5,2012,5,23,50,1,12,1,I-55,,1450,40.31663611,-89.15987778,0,12,2,0,1,1,0,1,3,1,0,1,0,0000000,0,0,99,99,99,99,0,0,0,1,1
17,170243,2,2,0,0,0,2,2,107,0,8,5,2012,3,23,18,1,1,1,I-55,,1239,40.13435833,-89.41715278,0,12,1,0,1,1,0,1,2,1,0,1,0,0000000,23,18,99,99,99,99,0,0,0,2,0
17,170244,1,1,0,0,0,1,1,135,0,9,5,2012,4,6,25,0,4,4,CR-17,,0,39.44476389,-89.644025,0,33,0,0,1,1,0,3,1,1,0,1,0,0000000,6,30,99,99,99,99,0,0,0,1,0
17,170245,1,1,0,0,0,1,1,77,0,6,5,2012,1,20,52,0,4,4,CR-9,,0,37.71340833,-89.53299444,0,1,0,0,1,1,0,4,2,1,0,1,0,0000000,20,53,99,99,99,99,0,0,0,1,1
17,170246,1,1,0,1,1,1,1,163,2610,5,1,2012,5,22,48,0,16,6,ST LOUIS AVENUE,,0,38.62033611,-90.14860833,0,8,0,0,1,1,0,1,2,1,0,1,0,0000000,22,48,99,99,99,99,0,0,0,1,0
17,170248,1,1,0,0,0,1,1,43,9000,1,4,2012,1,2,53,0,14,6,DIEHL ROAD,,0,41.80461389,-88.17615556,0,34,0,0,1,1,0,4,3,1,0,1,0,0000000,2,53,99,99,99,99,0,0,0,1,0
17,170249,1,1,0,1,1,1,1,31,1670,3,5,2012,5,20,20,0,16,6,DEVON AVE,WASHTENAW AVE,0,41.99756944,-87.69724167,0,8,0,0,2,2,0,1,2,2,0,2,0,0000000,8,27,99,99,99,99,0,0,0,1,0
17,170250,1,1,0,1,1,1,1,119,0,12,5,2012,7,10,29,0,3,3,SR-111,HORSESHOE LAKE ROAD,82,38.70765,-90.06765556,0,9,0,0,2,3,0,1,1,1,0,1,0,0000000,10,29,99,99,99,99,0,0,0,1,0
17,170251,1,1,0,0,0,3,3,119,3550,12,5,2012,7,3,1,0,15,6,ST CLAIR AVENUE,,0,38.71699722,-90.10952778,0,38,0,0,1,1,0,4,3,1,0,1,0,0000000,3,1,99,99,99,99,0,0,0,3,1
17,170252,2,2,0,0,0,2,2,201,0,8,5,2012,3,19,35,0,3,3,SR-75,,0,42.41851389,-89.39190833,0,12,1,0,1,1,0,2,1,1,0,1,0,0000000,19,43,99,99,99,99,0,0,0,1,0
17,170253,2,2,0,0,0,2,2,159,0,10,5,2012,5,12,36,1,13,2,US-50,RIDGE ROAD,1242,38.69866667,-88.18610833,0,12,6,0,2,2,0,1,1,1,0,1,0,0000000,12,36,99,99,99,99,0,0,0,1,0
17,170254,1,1,0,0,0,2,2,27,0,12,5,2012,7,23,36,0,4,4,CR-14,,0,38.631425,-89.55378333,0,34,0,0,1,1,0,5,2,1,0,1,0,0000000,23,36,99,99,99,99,0,0,0,1,1
17,170255,2,2,0,0,0,2,2,85,0,13,5,2012,1,1,46,1,2,2,US-20,,442,42.35669167,-89.95567778,0,12,2,0,1,1,0,1,2,1,0,1,0,0000000,1,46,99,99,99,99,0,0,0,1,0
17,170256,3,1,2,0,0,2,2,119,160,13,5,2012,1,0,28,0,14,6,ALBY ST,,0,38.90988333,-90.18300278,0,43,0,0,1,1,0,3,2,1,0,1,0,0000000,0,30,99,99,99,99,0,0,0,1,0
17,170257,2,2,0,0,0,2,2,79,0,13,5,2012,1,17,0,0,3,3,SR-130,,480,38.93530556,-88.11388889,0,12,1,0,1,1,0,1,1,1,0,1,0,0000000,17,12,99,99,99,99,0,0,0,1,1
17,170258,1,1,0,0,0,2,2,43,0,17,3,2012,7,9,54,1,13,3,SR-59,LIES ROAD,297,41.92923056,-88.20875556,0,31,0,0,2,3,0,4,1,1,0,1,0,0000000,9,54,99,99,99,99,0,0,0,1,0
17,170259,2,2,0,0,0,2,2,91,0,14,5,2012,2,9,10,0,6,5,COUNTY LINE RD,CRAWFORD RD,0,41.2968,-87.70791111,0,12,6,1,2,3,0,1,1,1,0,1,0,0000000,9,10,99,99,99,99,0,0,0,1,0
17,170260,2,2,0,0,0,2,2,197,0,15,5,2012,3,18,57,1,2,3,SR-25,I-57 RAMP,0,41.32444167,-87.82168889,0,12,6,1,2,2,0,1,1,1,0,1,0,0000000,18,57,99,99,99,99,0,0,0,1,0
17,170261,3,3,0,0,0,7,7,31,1260,26,2,2012,1,18,38,1,13,3,SR-83,,73,41.60342778,-87.55903056,0,12,1,0,1,1,0,1,3,1,0,1,0,0000000,18,38,99,99,99,99,0,0,0,1,0
17,170262,1,1,0,0,0,4,4,21,6700,27,4,2012,6,11,10,0,16,6,VETERANS DR,,0,39.37619722,-89.07768056,0,42,0,0,1,1,0,4,1,1,0,1,0,0000000,11,12,99,99,99,99,0,0,0,3,0
17,170263,1,1,0,0,0,1,1,37,0,6,1,2012,6,16,45,0,6,5,BRICKVILLE RD,,0,42.02670833,-88.70439444,0,42,0,0,1,1,0,5,5,1,0,1,0,0000000,20,1,99,99,99,99,0,0,0,1,0
17,170264,1,1,0,0,0,1,1,199,0,28,4,2012,7,17,48,0,4,5,ROCKY COMFORT RD,,0,37.60325556,-89.11531667,0,41,0,0,1,1,0,4,1,1,0,1,0,0000000,17,48,99,99,99,99,0,0,0,1,1
17,170265,2,2,0,0,0,2,2,91,0,15,5,2012,3,13,43,0,6,6,13000W RD,,0,41.18579444,-88.12828056,0,12,6,0,8,1,0,1,1,1,0,1,0,0000000,13,43,99,99,99,99,0,0,0,1,0
17,170266,2,2,0,0,0,4,4,139,0,30,4,2012,2,13,46,0,2,3,SR-121,1275N,400,39.58975278,-88.53771111,0,12,6,0,2,2,0,1,1,2,0,2,0,0000000,13,46,99,99,99,99,0,0,0,1,0
17,170267,3,2,1,0,0,3,3,201,7460,13,5,2012,1,18,41,0,16,6,YONGE STREET,,0,42.29086667,-89.10075278,0,12,7,0,1,1,0,1,1,1,0,1,0,0000000,12,41,99,99,99,99,0,0,0,1,1
17,170268,1,1,0,0,0,3,3,93,9630,26,4,2012,5,0,40,0,14,6,KENNEDY ROAD,,0,41.669675,-88.43126944,0,30,0,0,1,1,0,4,2,1,0,1,0,0000000,0,40,0,44,1,21,0,0,0,1,1
17,170269,1,1,0,0,0,1,1,183,0,13,5,2012,1,17,10,1,1,1,I-74 RAMP,,0,40.11785833,-87.53496944,0,34,0,1,5,1,0,3,1,1,0,1,0,0000000,17,10,99,99,99,99,0,0,0,1,0
17,170270,3,3,0,0,0,10,10,31,0,13,5,2012,1,11,30,1,1,1,I-294,,185,41.91709722,-87.91986389,0,12,1,0,1,1,1,1,1,1,0,1,0,0000000,11,35,99,99,99,99,0,0,0,1,0
17,170271,1,1,0,0,0,1,1,31,1670,22,5,2012,3,19,23,1,11,1,I-94 RAMP,,516,41.87636111,-87.64550556,0,25,0,1,5,1,0,4,1,1,0,1,0,0000000,19,25,99,99,99,99,0,0,0,1,0
17,170272,2,2,0,0,0,2,2,135,0,15,5,2012,3,11,0,0,2,3,SR-16,,621,39.17370278,-89.5603,0,12,2,0,1,1,0,1,1,1,0,1,0,0000000,11,3,99,99,99,99,0,0,0,1,0
17,170273,2,2,0,0,0,3,3,109,0,16,5,2012,4,23,3,0,6,4,CR-1050,CR-1300,0,40.43326944,-90.6565,0,12,6,1,2,2,0,1,2,1,0,1,0,0000000,23,3,99,99,99,99,0,0,0,1,1
17,170274,2,2,0,0,0,2,2,27,0,18,5,2012,6,21,35,0,3,3,SR-160,,116,38.45318611,-89.63159722,0,12,2,0,1,1,0,1,2,1,0,1,0,0000000,21,36,99,99,99,99,0,0,0,2,0
17,170276,5,5,0,0,0,5,5,31,0,22,5,2012,3,7,54,1,12,1,I-294 (TRI STATE TOLLWAY),,0,41.86891111,-87.91720556,0,12,1,0,1,1,1,1,1,1,0,1,0,0000000,7,54,99,99,99,99,0,0,0,1,0
17,170277,1,1,0,0,0,1,1,197,0,20,5,2012,1,2,0,1,1,1,I-55,,2460,41.42301667,-88.19461944,0,52,0,0,1,1,0,3,2,1,0,1,0,0000000,7,2,99,99,99,99,0,0,0,1,1
17,170278,1,1,0,0,0,1,1,31,1670,20,5,2012,1,3,5,1,12,1,I-290,,291,41.87621389,-87.65813333,0,25,0,0,1,1,0,3,3,1,0,1,0,0000000,3,6,99,99,99,99,0,0,0,1,1
17,170279,2,2,0,0,0,2,2,31,2390,20,5,2012,1,6,50,1,12,1,I-94,,704,41.636925,-87.57858333,0,12,1,0,1,1,0,1,1,1,0,1,0,0000000,6,55,99,99,99,99,0,0,0,1,1
17,170280,1,1,0,0,0,1,1,197,5160,6,5,2012,1,16,39,0,16,6,LAKEVIEW DR,,0,41.43646944,-87.99163056,0,33,0,0,1,1,0,5,1,1,0,1,0,0000000,17,28,99,99,99,99,0,0,0,1,1
17,170281,1,1,0,0,0,1,1,19,0,25,5,2012,6,23,10,0,16,5,2600E,,0,40.04246389,-87.97696389,0,35,0,0,1,1,0,5,2,1,0,1,0,0000000,23,10,99,99,99,99,0,0,0,1,1
17,170282,2,2,0,0,0,5,5,35,0,25,5,2012,6,7,10,1,1,1,I-57,,1720,39.26783333,-88.47018056,0,12,1,0,1,1,1,1,1,1,0,1,0,0000000,7,12,99,99,99,99,0,0,0,1,0
17,170283,2,2,0,0,0,5,5,31,1670,24,5,2012,5,21,50,1,12,1,I-90,,435,41.96058056,-87.74208611,0,52,0,0,1,1,0,5,3,1,0,1,0,0000000,21,55,99,99,99,99,0,0,0,1,0
17,170284,2,2,0,0,0,5,5,27,0,26,5,2012,7,17,58,0,3,3,SR-161,WOODLANE RD,306,38.55295,-89.5722,0,12,6,1,2,2,0,1,1,1,0,1,0,0000000,17,58,99,99,99,99,0,0,0,1,0
17,170285,2,2,0,0,0,2,2,157,0,29,5,2012,3,4,55,0,2,3,SR-154,,47,38.19056667,-89.91311944,0,12,6,0,1,1,0,1,2,2,0,2,0,0000000,5,0,99,99,99,99,0,0,0,1,0
17,170286,3,1,2,4,4,1,1,163,0,22,5,2012,3,9,34,1,11,1,I-64  (US50),,131,38.59873611,-89.96621667,0,14,0,0,1,1,2,2,1,1,0,1,0,0000000,9,34,99,99,99,99,0,0,0,1,0
17,170287,1,1,0,0,0,1,1,55,0,8,5,2012,3,19,57,0,6,5,OLD JOHNSON CITY RD,,0,37.88087778,-88.92235833,0,32,0,0,1,1,0,5,5,1,0,1,0,0000000,19,59,99,99,99,99,0,0,0,1,1
17,170288,2,2,0,0,0,10,10,201,7460,17,5,2012,5,15,5,0,16,6,SPRING BROOK RD,,0,42.306925,-88.98175833,0,12,2,0,1,1,0,1,1,1,0,1,0,0000000,15,5,99,99,99,99,0,0,0,1,0
17,170289,4,2,2,1,1,2,2,31,8030,21,5,2012,2,16,22,0,15,6,MAIN,ST LOUIS,0,42.03358056,-87.7159,0,12,6,1,2,2,0,1,1,1,0,1,0,0000000,16,26,99,99,99,99,0,0,0,1,0
17,170290,1,1,0,0,0,1,1,119,3550,28,4,2012,7,0,56,0,14,6,MISSOURI AVE,,0,38.73593056,-90.13460556,0,34,0,1,5,1,0,5,3,1,0,1,0,0000000,0,58,99,99,99,99,0,0,0,1,0
17,170291,1,1,0,0,0,1,1,131,0,8,5,2012,3,13,29,0,3,3,SR-94,,1048,41.16937222,-90.75311667,0,34,0,0,1,1,0,5,1,1,0,1,0,0000000,13,29,99,99,99,99,0,0,0,1,0
17,170292,2,2,0,0,0,3,3,31,1670,19,5,2012,7,8,29,1,13,2,US-20,PAXTON,809,41.72255278,-87.57048611,0,12,6,1,2,2,0,1,1,1,0,1,0,0000000,8,29,99,99,99,99,0,0,0,1,1
17,170293,1,1,0,0,0,1,1,197,887,13,5,2012,1,17,13,0,16,6,CAMBRIDGE WAY,,0,41.728375,-88.052475,0,42,0,0,1,1,0,5,1,1,0,1,0,0000000,17,13,99,99,99,99,0,0,0,1,1
17,170294,2,2,0,0,0,4,4,143,0,29,5,2012,3,16,0,1,2,2,US-24,BANNER MARCH WILDLIFE PRESERVE,1099,40.53961111,-89.8645,0,12,6,1,2,3,0,1,1,1,0,1,0,0000000,16,3,99,99,99,99,0,0,0,2,0
17,170295,2,2,0,0,0,2,2,163,2610,6,5,2012,1,17,24,0,14,6,RIVER PARK DRIVE,EADS BRIDGE ROAD,0,38.62815278,-90.16991944,0,12,6,1,2,4,0,1,1,1,0,1,0,0000000,17,24,99,99,99,99,0,0,0,1,0
17,170296,2,2,0,0,0,5,5,31,2390,25,2,2012,7,11,0,0,15,6,LINCOLN AVE,BLACKSTONE AVE,0,41.62298056,-87.58258889,0,12,6,1,2,3,0,1,1,1,0,1,0,0000000,11,0,99,99,99,99,0,0,0,1,0