STATE,ST_CASE,VE_TOTAL,VE_FORMS,PVH_INVL,PEDS,PERNOTMVIT,PERMVIT,PERSONS,COUNTY,CITY,DAY,MONTH,YEAR,DAY_WEEK,HOUR,MINUTE,NHS,ROAD_FNC,ROUTE,TWAY_ID,TWAY_ID2,MILEPT,LATITUDE,LONGITUD,SP_JUR,HARM_EV,MAN_COLL,RELJCT1,RELJCT2,TYP_INT,WRK_ZONE,REL_ROAD,LGT_COND,WEATHER1,WEATHER2,WEATHER,SCH_BUS,RAIL,NOT_HOUR,NOT_MIN,ARR_HOUR,ARR_MIN,HOSP_HR,HOSP_MN,CF1,CF2,CF3,FATALS,DRUNK_DR
17,170297,2,2,0,0,0,3,3,183,9280,4,5,2012,6,21,27,1,13,2,US-150,VIRGINIA ST,2257,40.03329167,-87.63828056,0,12,6,1,2,3,0,1,1,1,0,1,0,0000000,21,27,99,99,99,99,0,0,0,1,1
17,170298,3,3,0,0,0,7,7,97,9090,21,3,2012,4,6,20,1,13,2,US-12,CASE RD,189,42.2935,-88.16066111,0,12,6,1,2,3,0,1,4,1,0,1,0,0000000,6,20,99,99,99,99,0,0,0,1,0
17,170299,1,1,0,0,0,1,1,81,0,9,5,2012,4,5,40,0,6,5,MIDDLE RD,,0,38.42495,-88.914125,0,11,0,0,1,1,0,1,2,1,0,1,0,0000000,5,40,99,99,99,99,0,0,0,1,0
17,170300,1,1,0,0,0,1,1,31,1670,14,5,2012,2,12,56,0,15,6,MARQUETTE RD,EVANS AVE,0,41.77493889,-87.60705278,0,33,0,1,2,2,0,5,1,1,0,1,0,0000000,13,35,99,99,99,99,0,0,0,1,0
17,170301,1,1,0,0,0,4,4,31,1670,12,5,2012,7,23,55,0,14,6,LAKE ST.,,0,41.88660833,-87.74605,0,33,0,0,1,1,0,4,3,1,0,1,0,0000000,23,55,99,99,99,99,0,0,0,4,1
17,170302,1,1,0,0,0,2,2,31,1670,13,5,2012,1,3,15,0,16,6,FRANCISCO AVE,,0,41.86914722,-87.69841111,0,21,0,0,1,1,0,5,3,1,0,1,0,0000000,3,20,99,99,99,99,0,0,0,1,0
17,170303,1,1,0,0,0,1,1,31,1670,23,5,2012,4,0,52,1,13,6,WESTERN,,0,41.93548056,-87.68797778,0,30,0,0,1,1,0,5,3,1,0,1,0,0000000,0,52,99,99,99,99,4,0,0,1,0
17,170304,1,1,0,0,0,1,1,119,0,2,6,2012,7,12,55,0,14,6,HORSESHOE LAKE RD,I-255,0,38.69036944,-90.029025,0,46,0,1,2,3,0,4,1,1,0,1,0,0000000,13,5,99,99,99,99,0,0,0,1,1
17,170305,1,1,0,0,0,6,6,31,1670,19,5,2012,7,0,50,0,14,6,KEDZIE AVE,31ST,0,41.83723056,-87.70481944,0,46,0,1,2,2,0,4,3,1,0,1,0,0000000,0,54,99,99,99,99,0,0,0,4,1
17,170306,1,1,0,1,1,0,0,143,0,24,4,2012,3,8,54,0,6,5,MENDELL RD,,0,40.94517222,-89.80236944,0,8,0,0,1,1,0,4,1,1,0,1,0,0000000,8,54,99,99,99,99,0,0,0,1,0
17,170308,1,1,0,0,0,1,1,139,0,12,5,2012,7,4,41,0,2,3,SR-121,,483,39.62012222,-88.67541667,0,7,0,0,1,1,0,1,2,1,0,1,0,0000000,4,41,99,99,99,99,0,0,0,1,0
17,170309,2,2,0,0,0,2,2,55,0,19,5,2012,7,14,29,0,4,5,THOMPSONVILLE RD,AKIN BLACKTOP,0,37.98765,-88.76155,0,12,6,1,2,2,0,1,1,1,0,1,0,0000000,14,44,99,99,99,99,0,0,0,1,0
17,170310,1,1,0,1,1,2,2,113,840,26,5,2012,7,13,38,0,14,2,US-150,JACKSON ST,1361,40.47551111,-88.98443056,0,9,0,0,2,2,0,1,1,1,0,1,0,0000000,13,38,99,99,99,99,0,0,0,1,0
17,170311,3,3,0,0,0,3,3,31,1670,14,5,2012,2,1,30,0,15,6,DAMEN,LAWRENCE,0,41.96876111,-87.67918056,0,12,6,1,2,2,0,1,3,1,0,1,0,0000000,1,34,99,99,99,99,0,0,0,1,3
17,170312,2,2,0,0,0,4,4,93,0,4,6,2012,2,15,15,0,16,6,SCHLAPP RD,SR-126,0,41.60685,-88.3157,0,12,6,0,2,2,0,1,1,1,0,1,0,0000000,17,15,99,99,99,99,0,0,0,3,0
17,170313,1,1,0,0,0,1,1,167,8220,19,5,2012,7,3,53,0,16,6,OLD TORONTO RD,,0,39.71404167,-89.62623611,0,7,0,0,1,1,0,1,3,1,0,1,0,0000000,3,53,99,99,99,99,0,0,0,1,1
17,170314,2,2,0,0,0,3,3,31,1670,23,5,2012,4,19,25,0,15,6,16TH ST,RIDGEWAY,0,41.85893056,-87.71886944,0,12,6,1,2,2,0,1,1,1,0,1,0,0000000,19,25,99,99,99,99,0,0,0,1,1
17,170315,2,2,0,0,0,3,3,179,6840,23,5,2012,4,21,48,0,13,3,SR-9,,1007,40.54528611,-89.60158333,0,12,1,0,1,1,0,1,3,1,0,1,0,0000000,21,48,99,99,99,99,0,0,0,1,0
17,170316,2,2,0,0,0,2,2,197,0,8,6,2012,6,15,31,1,11,1,I-80,,1266,41.48636389,-88.19018056,0,35,0,1,5,1,0,1,1,1,0,1,0,0000000,15,31,99,99,99,99,0,0,0,1,0
17,170317,1,1,0,1,1,1,1,31,1680,29,2,2012,4,19,51,1,13,2,US-30,,1466,41.50615833,-87.63359167,0,8,0,0,1,1,0,1,3,2,0,2,0,0000000,19,51,99,99,99,99,0,0,0,1,0
17,170318,1,1,0,1,1,1,1,89,2690,28,3,2012,4,9,50,0,2,6,BIG TIMBER RD,,0,42.05858333,-88.30616389,0,8,0,0,1,1,0,1,1,1,0,1,0,0000000,9,50,99,99,99,99,0,0,0,1,0
17,170319,1,1,0,0,0,1,1,127,5530,17,5,2012,5,10,50,0,6,4,CR-1170 (OLD MARION RD),CR- 925 (HAYES RD),0,37.20978889,-88.71626111,0,34,0,0,2,3,0,4,1,1,0,1,0,0000000,10,55,99,99,99,99,0,0,0,1,0
17,170320,2,2,0,0,0,2,2,31,1730,15,3,2012,5,16,28,1,13,6,OGDEN AVE,53RD AVE,0,41.83997778,-87.75620556,0,12,6,1,2,3,0,1,1,1,0,1,0,0000000,16,36,99,99,99,99,0,0,0,1,1
17,170321,1,1,0,0,0,1,1,93,6620,7,4,2012,7,6,1,1,13,2,US-30,,1029,41.71941111,-88.30545556,0,32,0,0,1,1,0,5,3,1,0,1,0,0000000,6,5,99,99,99,99,0,0,0,1,1
17,170322,1,1,0,0,0,7,7,95,0,2,6,2012,7,13,27,0,6,5,KNOX ROAD 1000,,0,40.8593,-90.06194722,0,5,0,0,1,1,0,1,1,1,0,1,0,0000000,13,27,99,99,99,99,0,0,0,1,0
17,170323,1,1,0,0,0,1,1,31,0,24,4,2012,3,6,0,0,15,6,THORNTON LANSING RD,,0,41.57030556,-87.59077778,0,42,0,0,1,1,0,5,1,1,0,1,0,0000000,6,2,99,99,99,99,0,0,0,1,1
17,170324,1,1,0,0,0,1,1,63,9997,27,5,2012,1,14,58,0,14,2,US-6,,1131,41.34363333,-88.55690833,0,52,0,0,1,1,0,5,1,1,0,1,0,0000000,14,58,99,99,99,99,0,0,0,1,1
17,170325,4,4,0,0,0,8,8,183,2220,31,5,2012,5,14,35,0,15,6,HAZEL ST,NORTH ST,0,40.12633056,-87.62856944,0,12,6,1,2,2,0,1,1,2,0,2,0,0000000,14,35,99,99,99,99,0,0,0,1,0
17,170326,1,1,0,0,0,1,1,69,0,14,6,2012,5,14,22,0,6,5,LAMB RD,,0,37.54759167,-88.16886667,0,1,0,0,1,1,0,4,1,1,0,1,0,0000000,15,16,99,99,99,99,0,0,0,1,0
17,170328,1,1,0,0,0,1,1,125,0,3,6,2012,1,16,50,0,4,4,CR-2500,,0,40.42028333,-89.85095556,0,34,0,0,1,1,0,5,1,1,0,1,0,0000000,16,54,99,99,99,99,0,0,0,1,1
17,170329,2,2,0,0,0,3,3,125,0,8,6,2012,6,12,0,1,13,2,US-136,,857,40.29745556,-89.94476111,0,12,1,0,1,1,0,1,1,1,0,1,0,0000000,12,5,99,99,99,99,0,0,0,2,0
17,170330,1,1,0,0,0,1,1,179,0,10,6,2012,1,2,17,0,4,4,CR-12 (MINER RD),,0,40.36138333,-89.31185556,0,34,0,0,1,1,0,4,2,1,0,1,0,0000000,2,18,99,99,99,99,0,0,0,1,1
17,170331,1,1,0,0,0,1,1,103,0,8,6,2012,6,20,45,0,6,5,ROCK ISLAND RD,,0,41.81423611,-89.53263056,0,34,0,0,1,1,0,4,5,1,0,1,0,0000000,20,45,99,99,99,99,0,0,0,1,1
17,170332,1,1,0,1,1,1,1,31,8075,28,4,2012,7,1,30,1,13,3,SR-114,,69,42.08626389,-88.14108056,0,8,0,0,1,1,0,1,2,1,0,1,0,0000000,1,30,99,99,99,99,0,0,0,1,0
17,170333,1,1,0,1,1,1,1,91,0,28,5,2012,2,21,8,0,6,5,E 1000 S,,0,41.10911667,-87.67103333,0,8,0,0,1,1,0,1,2,1,0,1,0,0000000,21,8,99,99,99,99,0,0,0,1,0
17,170335,2,2,0,0,0,2,2,201,7460,29,5,2012,3,18,29,0,14,6,N ROCKTON RD,MAPLE ST,0,42.280425,-89.09661944,0,12,6,0,2,2,0,1,1,1,0,1,0,0000000,18,29,99,99,99,99,0,0,0,1,0
17,170336,3,3,0,0,0,6,6,119,2510,15,6,2012,6,10,44,1,13,3,SR-143,,31,38.860825,-90.12743056,0,12,1,0,1,1,0,1,1,1,0,1,0,0000000,10,44,99,99,99,99,0,0,0,2,0
17,170337,1,1,0,0,0,2,2,111,1440,7,4,2012,7,1,5,0,16,6,ELDEN DR,,0,42.21703611,-88.24423056,0,30,0,0,1,1,0,4,2,1,0,1,0,0000000,1,5,99,99,99,99,0,0,0,1,1
17,170338,1,1,0,1,1,1,1,197,0,4,4,2012,4,23,16,0,15,6,BRIGGS ST,,0,41.53281944,-88.04338333,0,8,0,0,1,1,0,1,2,1,0,1,0,0000000,23,16,99,99,99,99,0,0,0,1,0
17,170339,2,2,0,0,0,2,2,89,0,18,4,2012,4,9,5,0,16,3,SR-25 (DUNDEE ROAD),BALMORAL DR,317,42.10143056,-88.25780556,0,12,6,0,2,2,0,1,1,1,0,1,0,0000000,9,9,99,99,99,99,0,0,0,1,0
17,170340,1,1,0,0,0,1,1,109,1215,22,4,2012,1,3,21,0,6,5,1900TH RD,,0,40.55719722,-90.54484444,0,32,0,0,1,1,0,4,2,2,0,2,0,0000000,3,21,99,99,99,99,0,0,0,1,1
17,170341,1,1,0,0,0,3,3,31,8300,4,4,2012,4,13,50,0,16,6,WESLEY AVE,,0,41.81895556,-87.78993611,0,30,0,0,1,1,0,4,1,1,0,1,0,0000000,13,50,99,99,99,99,0,0,0,1,0
17,170342,1,1,0,0,0,1,1,31,6650,9,4,2012,2,14,24,0,16,6,GREELRY ST,,0,42.10811667,-88.04739167,0,42,0,0,1,1,0,4,1,1,0,1,0,0000000,14,24,99,99,99,99,0,0,0,1,0
17,170343,1,1,0,0,0,1,1,105,0,30,5,2012,4,16,48,0,6,5,1000 NORTH,,0,40.77526389,-88.35093333,0,1,0,0,1,1,0,4,1,1,0,1,0,0000000,16,48,99,99,99,99,0,0,0,1,1
17,170344,1,1,0,0,0,1,1,197,887,28,4,2012,7,0,18,0,16,6,ASHBURY AVE,,0,41.70408333,-88.05451111,0,31,0,0,1,1,0,4,3,1,0,1,0,0000000,0,18,99,99,99,99,0,0,0,1,1
17,170345,2,2,0,0,0,2,2,31,1680,7,5,2012,2,14,5,1,13,2,US-30 (EAST 14TH ST),,1475,41.50619722,-87.61545,0,12,2,0,1,1,0,1,1,1,0,1,0,0000000,14,5,99,99,99,99,0,0,0,1,0
17,170346,2,2,0,0,0,4,4,93,0,8,5,2012,3,20,18,0,14,6,ORCHARD RD,US-30,992,41.72263889,-88.37533056,0,12,6,0,2,2,1,1,3,1,0,1,0,0000000,20,18,99,99,99,99,0,0,0,1,0
17,170347,2,2,0,0,0,2,2,31,1260,10,6,2012,1,10,6,0,13,3,SR-83  (SIBLEY BLVD),EAST END AV,95,41.62269167,-87.57598889,0,12,6,0,2,2,0,1,1,1,0,1,0,0000000,10,6,99,99,99,99,0,0,0,1,0
17,170348,2,2,0,0,0,2,2,93,0,14,5,2012,2,21,37,1,13,2,US-30,PRESCOTT DR,977,41.72228056,-88.40443333,0,12,6,0,2,3,0,1,3,1,0,1,0,0000000,21,37,99,99,99,99,0,0,0,1,0
17,170349,2,2,0,0,0,2,2,31,3790,25,4,2012,4,19,50,0,15,3,SR-1 (VINCENNES RD),152ND ST,3163,41.61356389,-87.63679167,0,12,6,0,2,2,0,1,2,1,0,1,0,0000000,19,50,99,99,99,99,0,0,0,1,0
17,170350,1,1,0,0,0,1,1,47,0,1,7,2012,1,7,43,0,4,4,CR-6 (RED HILL RD),,0,38.27305556,-88.07664444,0,34,0,0,1,1,0,4,2,1,0,1,0,0000000,7,43,99,99,99,99,0,0,0,1,1
17,170351,1,1,0,1,1,1,1,163,120,1,5,2012,3,21,5,1,13,3,SR-15 (MISSOURI AVE.),,32,38.59597778,-90.12325,0,8,0,0,1,1,0,1,3,1,0,1,0,0000000,21,9,99,99,99,99,0,0,0,1,0
17,170352,4,1,3,0,0,2,2,31,1670,4,2,2012,7,4,57,0,15,6,LARAMIE AVE,,0,41.9107,-87.75568889,0,14,0,0,1,1,0,2,3,1,0,1,0,0000000,4,57,5,7,5,17,0,0,0,1,1
17,170353,5,4,1,2,2,9,9,31,1670,20,2,2012,2,14,58,0,15,6,115TH,,0,41.68485278,-87.65979167,0,12,7,0,1,1,0,1,1,1,0,1,0,0000000,15,2,15,9,15,36,0,0,0,1,1
17,170354,2,2,0,0,0,4,4,197,9997,23,4,2012,2,9,2,0,16,6,248TH,,0,41.70323056,-88.22495,0,12,2,0,1,1,0,1,1,1,0,1,1,0000000,9,2,99,99,99,99,0,0,0,1,0
17,170355,2,2,0,0,0,2,2,31,1670,23,4,2012,2,13,40,0,14,6,MADISON,,0,41.880875,-87.71431944,0,12,2,0,1,1,0,1,1,1,0,1,0,0000000,13,42,99,99,99,99,0,0,0,1,0
17,170356,2,2,0,0,0,4,4,31,1670,24,4,2012,3,21,13,1,13,6,STONY ISLAND,,0,41.71970556,-87.58511667,0,12,6,0,1,1,0,1,1,1,0,1,0,0000000,21,13,99,99,99,99,0,0,0,1,1
17,170357,1,1,0,1,1,1,1,99,6630,21,4,2012,7,14,16,0,13,3,SR-23,,406,41.33243333,-88.83708611,0,8,0,0,8,1,0,2,1,1,0,1,0,0000000,14,16,99,99,99,99,0,0,0,1,0
17,170358,2,2,0,0,0,2,2,167,8220,24,4,2012,3,10,41,0,13,3,SR-54,CAMP BUTLER RD,4,39.83171111,-89.58531944,0,12,6,1,2,7,0,1,1,1,0,1,0,0000000,10,41,99,99,99,99,0,0,0,1,0
17,170359,1,1,0,0,0,1,1,111,0,14,5,2012,2,14,49,0,6,5,COUNTY LINE RD,,0,42.32607222,-88.70561944,0,30,0,0,1,1,0,5,1,1,0,1,0,0000000,14,49,99,99,99,99,0,0,0,1,0
17,170360,4,4,0,0,0,7,7,97,6290,14,4,2012,7,4,37,1,13,2,US-41,,500,42.31530278,-87.87882778,0,12,2,0,1,1,0,1,2,1,0,1,0,0000000,4,37,99,99,99,99,0,0,0,1,2
17,170361,1,1,0,0,0,1,1,43,5980,3,5,2012,5,21,29,0,16,6,DIEHL RD,,0,41.80285,-88.13087778,0,33,0,0,1,1,0,5,3,1,0,1,0,0000000,21,29,99,99,99,99,0,0,0,1,0
17,170362,2,2,0,0,0,3,3,89,3300,20,5,2012,1,17,55,0,13,6,KIRK RD,DIVISION ST,0,41.89893056,-88.27691111,0,12,6,1,2,3,0,1,1,1,0,1,0,0000000,17,57,99,99,99,99,0,0,0,1,0
17,170363,2,2,0,0,0,4,4,31,1260,24,5,2012,5,0,52,0,15,6,MICHIGAN CITY RD,,0,41.60969444,-87.55324167,0,12,2,0,1,1,0,1,2,1,0,1,0,0000000,0,52,99,99,99,99,0,0,0,1,0
17,170364,2,2,0,0,0,2,2,89,3300,28,5,2012,2,18,40,1,13,4,CR-34,GLENEAGLE,0,41.86863056,-88.34043056,0,12,1,0,2,2,0,1,1,1,0,1,0,0000000,18,42,99,99,99,99,0,0,0,1,1
17,170365,1,1,0,1,1,1,1,31,1670,25,5,2012,6,1,9,0,14,6,KEDZIE AVE,,0,41.82715556,-87.70455833,0,8,0,0,1,1,0,1,3,1,0,1,0,0000000,1,9,99,99,99,99,0,0,0,1,0
17,170366,2,2,0,1,1,4,4,97,7560,30,5,2012,4,18,24,0,14,6,ROLLINS RD,LOTUS DR,0,42.37913889,-88.10185,0,9,0,0,2,2,0,1,1,1,0,1,0,0000000,18,24,99,99,99,99,0,0,0,1,0
17,170367,2,2,0,0,0,3,3,11,0,16,6,2012,7,9,24,0,3,3,SR-40,,536,41.39784167,-89.6851,0,12,8,0,1,1,0,1,1,1,0,1,0,0000000,9,24,99,99,99,99,0,0,0,1,0
17,170368,2,1,1,0,0,1,1,31,2719,14,5,2012,2,14,13,1,13,3,SR-13,ESTES AVE,534,42.00613056,-87.95953611,0,14,0,1,2,2,2,4,1,1,0,1,0,0000000,14,14,99,99,99,99,0,0,0,1,0
17,170369,1,1,0,0,0,1,1,31,1030,25,5,2012,6,12,6,0,16,6,15TH AVE,,0,41.86396667,-87.85058611,0,31,0,0,1,1,0,5,1,1,0,1,0,0000000,12,8,99,99,99,99,0,0,0,1,0
17,170370,1,1,0,0,0,3,3,11,0,3,6,2012,1,4,11,1,2,3,SR-26,,633,41.500275,-89.46623889,0,42,0,0,1,1,0,5,2,1,0,1,0,0000000,4,11,99,99,99,99,0,0,0,2,1
17,170371,2,2,0,0,0,2,2,99,0,4,6,2012,2,11,52,0,4,5,MORRIS BLACKTOP,22ND,0,41.36848889,-88.74466944,0,12,6,1,2,2,0,1,1,1,0,1,0,0000000,11,52,99,99,99,99,0,0,0,1,0
17,170372,2,2,0,0,0,2,2,89,460,11,5,2012,6,12,56,0,13,6,HILL AVE,BENTON ST,0,41.7507,-88.28828889,0,12,6,1,2,2,0,1,1,1,0,1,0,0000000,12,58,99,99,99,99,0,0,0,1,0
17,170374,1,1,0,0,0,1,1,135,0,6,6,2012,4,18,45,0,6,8,FRONTAGE RD (I-55),,0,39.27626111,-89.63687222,0,34,0,0,1,1,0,4,1,1,0,1,0,0000000,18,45,99,99,99,99,0,0,0,1,1
17,170375,2,2,0,0,0,2,2,21,0,13,6,2012,4,12,53,1,2,2,US-51,,1867,39.48699444,-89.04377222,0,12,2,0,1,1,0,1,1,1,0,1,0,0000000,12,53,99,99,99,99,0,0,0,1,0
17,170376,2,2,0,0,0,7,7,55,0,10,6,2012,1,18,13,0,6,5,REND LAKE DAM RD,,0,38.03781389,-88.95643056,0,12,2,0,1,1,0,1,1,1,0,1,0,0000000,18,13,99,99,99,99,0,0,0,1,1
17,170377,2,2,0,0,0,2,2,115,0,8,6,2012,6,14,9,0,6,5,70TH,OCEAN TRAIL RD,0,39.82049722,-88.84046111,0,12,6,0,2,2,0,1,1,1,0,1,0,0000000,14,9,99,99,99,99,0,0,0,1,1
17,170378,2,2,0,0,0,2,2,105,0,25,5,2012,6,14,16,0,6,5,3000E,3100N,0,41.08051944,-88.36206944,0,12,6,0,2,2,0,1,1,1,0,1,0,0000000,14,16,99,99,99,99,0,0,0,1,0
17,170379,4,4,0,0,0,6,6,89,0,2,6,2012,7,18,24,1,1,1,I-90,,462,42.12337778,-88.43539167,0,18,0,0,1,1,0,1,1,1,0,1,0,0000000,18,24,99,99,99,99,0,0,0,1,0
17,170380,2,2,0,0,0,2,2,195,0,5,6,2012,3,19,45,0,3,3,SR-40,,896,41.90211944,-89.74070833,0,12,1,0,8,1,0,1,1,1,0,1,0,0000000,19,45,99,99,99,99,0,0,0,1,1
17,170381,2,2,0,0,0,4,4,53,0,5,6,2012,3,17,16,0,6,5,200N,100E,0,40.42783056,-88.44203056,0,12,6,0,2,2,0,1,1,1,0,1,0,0000000,17,16,99,99,99,99,0,0,0,2,0
17,170382,2,2,0,0,0,2,2,89,0,12,6,2012,3,14,36,0,3,5,LAFOX RD,GRAND MONDE,0,41.90966111,-88.40768333,0,12,2,0,2,3,0,1,1,1,0,1,0,0000000,14,36,99,99,99,99,0,0,0,1,0
17,170383,1,1,0,0,0,1,1,31,0,17,6,2012,1,5,53,1,1,1,I-294,,54,42.08625833,-87.86654444,0,34,0,0,1,1,0,5,4,1,0,1,0,0000000,5,53,99,99,99,99,0,0,0,1,1
17,170384,1,1,0,0,0,1,1,89,0,14,6,2012,5,20,57,0,5,4,CR-46,,0,42.10624722,-88.56886111,0,43,0,0,1,1,0,5,2,1,0,1,0,0000000,20,53,99,99,99,99,0,0,0,1,1
17,170385,3,2,1,2,4,5,7,29,0,12,5,2012,7,6,9,1,1,1,I-57,,1896,39.48451111,-88.322,0,12,7,1,17,1,0,1,1,1,0,1,0,0000000,6,9,99,99,99,99,0,0,0,1,0
17,170386,1,1,0,1,1,1,1,197,7430,6,6,2012,4,17,0,0,14,6,MIDLAND AVE,,0,41.510225,-88.11465278,0,9,0,0,1,1,0,1,1,1,0,1,0,0000000,17,4,99,99,99,99,0,0,0,1,1
17,170387,1,1,0,0,0,1,1,23,0,20,6,2012,4,0,4,0,4,4,CR-24,,0,39.3947,-87.90871389,0,7,0,0,1,1,0,1,2,1,0,1,0,0000000,0,4,99,99,99,99,0,0,0,1,0
17,170388,2,2,0,0,0,3,3,81,0,20,6,2012,4,11,10,0,4,3,SR-37,,1055,38.45848889,-88.94185833,0,12,2,0,1,1,0,1,1,1,0,1,0,0000000,11,10,99,99,99,99,0,0,0,3,0
17,170390,1,1,0,1,1,1,1,31,1670,20,5,2012,1,21,5,0,16,6,ARCHER,RICHMOND,0,41.81798889,-87.69788889,0,8,0,1,2,3,0,1,1,1,0,1,0,0000000,21,5,99,99,99,99,0,0,0,1,0
17,170391,1,1,0,0,0,1,1,11,0,28,6,2012,5,19,44,0,6,5,1750 NORTH AVENUE,400 EAST STREET,0,41.25676944,-89.77776667,0,35,0,0,2,3,0,4,1,1,0,1,0,0000000,19,44,99,99,99,99,0,0,0,1,1
17,170392,2,2,0,0,0,2,2,31,1670,4,6,2012,2,13,10,0,15,6,LOOMIS,,0,41.75883333,-87.65879167,0,12,6,0,1,1,0,1,1,1,0,1,0,0000000,13,12,99,99,99,99,0,0,0,1,0
17,170393,1,1,0,0,0,3,3,75,0,17,6,2012,1,0,52,0,6,4,CR-2000,,0,40.80001667,-87.8495,0,42,0,0,1,1,0,5,2,1,0,1,0,0000000,0,52,99,99,99,99,0,0,0,2,1
17,170394,1,1,0,0,0,1,1,31,1670,17,6,2012,1,0,20,1,13,6,WESTERN,,0,41.83744722,-87.68493333,0,21,0,0,1,1,0,3,3,2,0,2,0,0000000,0,25,99,99,99,99,0,0,0,1,1
17,170395,5,4,1,0,0,6,6,31,1670,10,6,2012,1,3,57,0,14,6,BELMONT,KEATING,0,41.93884167,-87.74518056,0,12,2,1,2,3,0,1,3,1,0,1,0,0000000,3,57,4,7,99,99,0,0,0,1,2
17,170396,1,1,0,0,0,1,1,163,0,28,6,2012,5,6,19,0,4,3,SR-156,,209,38.32707222,-89.942625,0,34,0,0,1,1,0,4,1,1,0,1,0,0000000,6,19,99,99,99,99,0,0,0,1,0
17,170397,1,1,0,0,0,1,1,1,0,21,6,2012,5,9,49,0,6,5,2700TH,,0,40.15055556,-91.01173889,0,11,0,0,1,1,0,1,1,1,0,1,0,0000000,9,49,99,99,99,99,0,0,0,1,0
17,170398,1,1,0,1,1,1,1,143,6850,21,6,2012,5,17,51,1,13,2,US-24,,1319,40.71596389,-89.55996667,0,8,0,0,1,1,0,1,1,1,0,1,0,0000000,17,55,99,99,99,99,0,0,0,1,0
17,170399,3,3,0,0,0,8,8,55,9230,22,6,2012,6,13,18,0,14,3,SR-149,,331,37.89027778,-88.98915556,0,12,2,0,1,1,0,1,1,1,0,1,0,0000000,13,18,99,99,99,99,0,0,0,1,0
17,170400,1,1,0,0,0,1,1,99,0,23,6,2012,7,15,55,0,4,5,2653RD,,0,41.31057778,-88.71224167,0,31,0,0,1,1,0,5,1,1,0,1,0,0000000,15,55,99,99,99,99,0,0,0,1,1
17,170401,2,2,0,0,0,2,2,167,8220,22,6,2012,6,22,13,0,16,6,HASTINGS,CARDIGAN,0,39.82328889,-89.61513889,0,12,6,1,2,3,0,1,3,1,0,1,0,0000000,22,13,99,99,99,99,0,0,0,1,1
17,170402,1,1,0,0,0,2,2,111,0,1,7,2012,1,2,2,0,6,5,DAVIS RD,,0,42.29838333,-88.47245,0,39,0,0,1,1,0,4,2,1,0,1,0,0000000,2,2,99,99,99,99,0,0,0,2,0
17,170403,2,2,0,0,0,4,4,197,0,23,6,2012,7,23,7,1,2,2,US-52,,1351,41.52174444,-88.18237222,0,12,6,0,4,1,0,1,2,1,0,1,0,0000000,23,7,99,99,99,99,0,0,0,1,1
17,170404,1,1,0,0,0,1,1,119,0,24,6,2012,1,14,50,1,1,1,I-70 RAMP,,0,38.67148333,-90.03400278,0,21,0,1,5,1,0,5,1,1,0,1,0,0000000,14,50,99,99,88,88,0,0,0,1,1
17,170405,2,2,0,0,0,2,2,197,0,24,6,2012,1,22,32,0,13,2,US-52,,1465,41.46186389,-88.0102,0,12,2,0,1,1,0,1,2,1,0,1,0,0000000,22,42,99,99,99,99,0,0,0,1,1
17,170406,1,1,0,1,1,2,2,183,0,21,6,2012,5,23,39,1,2,2,US-150,HENNING,2161,40.12736111,-87.69663056,0,8,0,0,3,2,0,1,2,1,0,1,0,0000000,23,39,99,99,99,99,0,0,0,1,0
17,170407,2,2,0,0,0,3,3,1,7180,23,6,2012,7,2,32,0,14,6,STATE STREET,4TH STREET,0,39.92669444,-91.41016389,0,12,1,0,1,1,0,1,3,1,0,1,0,0000000,2,33,99,99,99,99,0,0,0,1,0
17,170409,1,1,0,1,1,1,1,93,6620,23,6,2012,7,2,21,1,13,3,SR-71,,674,41.67573889,-88.35176667,0,8,0,0,1,1,0,1,3,1,0,1,0,0000000,2,21,99,99,99,99,0,0,0,1,0
17,170410,2,2,0,0,0,2,2,163,4730,23,6,2012,7,17,29,1,13,3,SR-4,ACORN WAY,753,38.61901944,-89.80754167,0,12,6,0,2,3,0,1,1,1,0,1,0,0000000,17,29,99,99,99,99,0,0,0,1,1
17,170412,4,4,0,0,0,12,12,11,0,24,6,2012,1,14,35,1,1,1,I-80,,666,41.38816389,-89.28001667,0,12,1,0,1,1,0,1,1,1,0,1,0,0000000,14,35,99,99,99,99,0,0,0,1,0
17,170413,1,1,0,0,0,2,2,199,5250,23,6,2012,7,1,37,0,14,3,SR-148,,24,37.64016389,-89.01133056,0,34,0,0,1,1,0,5,2,1,0,1,0,0000000,1,37,99,99,99,99,20,0,0,1,0
17,170414,1,1,0,0,0,1,1,113,6230,23,6,2012,7,2,23,0,14,6,LINDEN ST,,0,40.54666944,-88.98328611,0,42,0,0,1,1,0,5,3,1,0,1,0,0000000,2,23,99,99,99,99,0,0,0,1,1
17,170415,1,1,0,2,2,2,2,113,840,24,6,2012,1,1,57,0,14,6,WASHINGTON,MAIN,0,40.47959722,-88.99368889,0,8,0,1,2,2,0,1,3,1,0,1,0,0000000,1,57,99,99,99,99,0,0,0,1,1
17,170418,1,1,0,0,0,2,2,49,0,27,6,2012,4,11,52,1,2,2,US-45,,1602,38.94762778,-88.53958056,0,35,0,0,1,1,0,5,1,1,0,1,0,0000000,11,52,99,99,99,99,0,0,0,2,0