STATE,ST_CASE,VE_TOTAL,VE_FORMS,PVH_INVL,PEDS,PERNOTMVIT,PERMVIT,PERSONS,COUNTY,CITY,DAY,MONTH,YEAR,DAY_WEEK,HOUR,MINUTE,NHS,ROAD_FNC,ROUTE,TWAY_ID,TWAY_ID2,MILEPT,LATITUDE,LONGITUD,SP_JUR,HARM_EV,MAN_COLL,RELJCT1,RELJCT2,TYP_INT,WRK_ZONE,REL_ROAD,LGT_COND,WEATHER1,WEATHER2,WEATHER,SCH_BUS,RAIL,NOT_HOUR,NOT_MIN,ARR_HOUR,ARR_MIN,HOSP_HR,HOSP_MN,CF1,CF2,CF3,FATALS,DRUNK_DR
17,170419,2,2,0,0,0,2,2,177,3220,22,6,2012,6,15,41,0,13,2,US-20,STEPHENSON,55,42.29765,-89.62193056,0,12,6,1,2,2,0,1,1,1,0,1,0,0000000,15,41,99,99,99,99,0,0,0,1,0
17,170421,1,1,0,0,0,1,1,177,0,30,6,2012,7,4,30,0,6,5,FLORENCE,CRANES GROVE,0,42.21521944,-89.60528889,0,34,0,1,2,3,0,5,2,1,0,1,0,0000000,10,22,99,99,88,88,18,0,0,1,1
17,170422,2,2,0,0,0,3,3,31,1670,21,6,2012,5,9,7,0,16,6,GRAND,,0,41.89080556,-87.67900278,0,12,6,0,1,1,0,1,1,1,0,1,0,0000000,9,7,99,99,99,99,0,0,0,1,0
17,170423,1,1,0,0,0,1,1,31,5380,3,6,2012,1,17,44,0,16,6,213TH PLACE,,0,41.50160833,-87.70947222,0,42,0,0,1,1,0,5,1,1,0,1,0,0000000,17,44,99,99,99,99,0,0,0,1,1
17,170424,2,2,0,0,0,2,2,83,990,11,6,2012,2,10,15,0,14,3,SR-111,,383,39.02972778,-90.15297778,0,12,8,0,1,1,0,1,1,2,0,2,0,0000000,10,15,99,99,99,99,0,0,0,1,0
17,170425,1,1,0,1,1,1,1,31,2330,13,6,2012,4,21,4,0,14,6,RIVER RD,,0,42.04452222,-87.88483056,0,8,0,0,1,1,0,1,5,1,0,1,0,0000000,21,4,99,99,99,99,0,0,0,1,0
17,170426,1,1,0,0,0,1,1,201,0,1,7,2012,1,22,47,0,15,6,PERRYVILLE RD,,0,42.37000833,-89.00752778,0,34,0,0,1,1,0,4,2,1,0,1,0,0000000,22,47,99,99,99,99,0,0,0,1,0
17,170427,1,1,0,0,0,1,1,31,1670,9,6,2012,7,14,45,0,16,6,VAN VLISSINGER,,0,41.71879167,-87.57679444,0,38,0,0,1,1,0,4,1,1,0,1,0,0000000,14,50,99,99,99,99,0,0,0,1,1
17,170428,1,1,0,0,0,1,1,19,0,2,7,2012,2,1,1,1,1,1,I-57,,2355,40.12786111,-88.30410833,0,24,0,0,1,1,0,5,2,1,0,1,0,0000000,1,1,99,99,99,99,0,0,0,1,1
17,170429,1,1,0,0,0,1,1,91,0,4,7,2012,4,11,15,0,6,5,6000S,,0,41.03850278,-87.57578333,0,1,0,0,1,1,0,5,1,1,0,1,0,0000000,11,25,99,99,99,99,0,0,0,1,0
17,170430,1,1,0,0,0,2,2,161,0,7,7,2012,7,16,8,0,4,4,CR-CC,,0,41.64853056,-90.26741944,0,1,0,0,1,1,0,5,1,1,0,1,0,0000000,16,8,99,99,99,99,0,0,0,1,1
17,170431,3,3,0,0,0,4,4,197,2060,8,7,2012,1,17,19,0,14,6,EXCHANGE,,0,41.44712778,-87.61204167,0,12,1,0,1,1,0,1,1,1,0,1,0,0000000,17,21,99,99,99,99,0,0,0,1,1
17,170432,2,2,0,0,0,2,2,31,0,8,7,2012,1,6,23,1,2,2,US-45,95TH,664,41.71786944,-87.85188333,0,12,6,1,2,2,0,1,1,1,0,1,0,0000000,6,28,99,99,99,99,0,0,0,1,1
17,170433,1,1,0,0,0,1,1,31,1670,5,7,2012,5,3,30,0,14,6,KEDZIE AVE,,0,41.85480833,-87.70533611,0,42,0,0,1,1,0,5,3,1,0,1,0,0000000,3,30,99,99,99,99,0,0,0,1,1
17,170434,1,1,0,0,0,1,1,111,0,12,7,2012,5,23,52,1,2,2,US-20,,1217,42.22667778,-88.57084444,0,42,0,0,1,1,0,5,2,1,0,1,0,0000000,23,55,99,99,99,99,0,0,0,1,1
17,170435,1,1,0,0,0,3,3,169,0,13,7,2012,6,4,30,0,6,5,WHITE OAK CEMETERY RD,,0,40.22073889,-90.71960556,0,34,0,0,1,1,0,5,2,1,0,1,0,0000000,4,30,99,99,99,99,0,0,0,1,1
17,170436,1,1,0,1,1,1,1,163,1460,24,6,2012,1,2,12,1,12,1,I-64,,150,38.58473611,-89.93857222,0,8,0,0,1,1,0,1,2,1,0,1,0,0000000,2,12,99,99,99,99,23,0,0,1,1
17,170437,1,1,0,0,0,1,1,197,0,2,7,2012,2,0,10,0,3,4,CR-74,,0,41.48056944,-88.088675,0,25,0,0,1,1,0,3,2,1,0,1,0,0000000,0,10,99,99,99,99,0,0,0,1,1
17,170438,1,1,0,0,0,3,3,31,1260,9,7,2012,2,3,10,1,12,1,I-94,,713,41.62494722,-87.57925556,0,1,0,0,1,1,0,3,3,1,0,1,0,0000000,3,22,99,99,99,99,0,0,0,1,1
17,170439,1,1,0,0,0,2,2,89,0,7,7,2012,7,4,0,1,1,1,I-90,,482,42.10789722,-88.40248611,0,34,0,0,1,1,0,5,2,1,0,1,0,0000000,4,3,99,99,99,99,0,0,0,1,1
17,170441,2,2,0,0,0,3,3,91,0,14,7,2012,7,9,29,0,4,3,SR-113,,287,41.16701111,-87.95284444,0,12,6,0,8,1,0,1,1,1,0,1,0,0000000,9,29,99,99,99,99,0,0,0,1,0
17,170442,1,1,0,0,0,1,1,201,0,14,7,2012,7,20,5,0,4,4,CR-24,,0,42.21951389,-89.17308056,0,35,0,0,1,1,0,5,1,1,0,1,0,0000000,20,10,99,99,99,99,0,0,0,1,1
17,170443,1,1,0,0,0,1,1,201,5087,17,7,2012,3,3,22,0,15,6,FOREST HILLS RD,,0,42.38144167,-89.01603056,0,34,0,0,1,1,0,5,3,1,0,1,0,0000000,3,22,99,99,99,99,0,0,0,1,1
17,170444,1,1,0,0,0,4,4,49,0,13,7,2012,6,7,50,1,1,1,I-57,,1539,39.0442,-88.58664722,0,1,0,0,1,1,0,3,1,1,0,1,0,0000000,7,52,99,99,99,99,0,0,0,1,0
17,170445,3,3,0,0,0,6,6,197,0,14,7,2012,7,14,39,0,3,3,SR-126,,105,41.60773056,-88.25781111,0,12,1,0,1,1,0,1,1,1,0,1,0,0000000,14,39,99,99,99,99,0,0,0,1,1
17,170446,2,2,0,0,0,5,5,133,0,21,7,2012,7,23,8,1,2,3,SR-3,,1151,38.25885833,-90.07910833,0,12,2,0,1,1,0,1,2,1,0,1,0,0000000,23,13,99,99,99,99,0,0,0,3,1
17,170447,2,2,0,0,0,2,2,43,0,30,6,2012,7,3,50,1,11,1,I-55,,2707,41.71525556,-88.01005278,0,12,1,0,1,1,0,1,3,1,0,1,0,0000000,3,50,99,99,99,99,0,0,0,1,1
17,170448,2,2,0,0,0,2,2,31,5050,11,6,2012,2,20,36,0,3,3,SR-171,,255,41.79836667,-87.83251667,0,12,7,0,1,1,0,1,5,1,0,1,0,0000000,20,36,99,99,99,99,0,0,0,1,0
17,170449,1,1,0,1,1,1,1,161,2580,7,7,2012,7,20,8,0,16,6,BOLSTER CT,,0,41.53681389,-90.4341,0,8,0,0,1,1,0,4,1,1,0,1,0,0000000,20,8,99,99,99,99,0,0,0,1,0
17,170450,1,1,0,0,0,1,1,161,0,7,7,2012,7,21,50,0,16,6,228TH ST,,0,41.618525,-90.30968611,0,30,0,0,1,1,0,4,2,1,0,1,0,0000000,21,50,99,99,99,99,0,0,0,1,1
17,170451,1,1,0,0,0,1,1,163,2610,30,6,2012,7,14,25,0,14,3,SR-111 (KINGS HIGHWAY),,9,38.61243056,-90.09278056,0,26,0,0,1,1,0,4,1,1,0,1,0,917334U,14,25,99,99,99,99,0,0,0,1,1
17,170452,1,1,0,0,0,1,1,77,5950,9,7,2012,2,0,36,1,13,3,SR-13,,832,37.76368333,-89.28739444,0,35,0,0,1,1,0,3,2,1,0,1,0,0000000,0,36,99,99,99,99,0,0,0,1,1
17,170453,1,1,0,0,0,1,1,31,0,12,7,2012,5,5,32,1,12,1,I-290,,11,42.04052778,-88.03061111,0,24,0,0,1,1,0,3,4,1,0,1,0,0000000,5,38,99,99,99,99,0,0,0,1,1
17,170454,2,2,0,0,0,2,2,167,8220,21,7,2012,7,17,56,1,13,3,SR-55 BL  (9TH ST),MONROE,46,39.79933889,-89.64365278,0,12,6,0,2,2,0,1,1,1,0,1,0,0000000,7,56,99,99,99,99,0,0,0,1,1
17,170455,1,1,0,0,0,3,3,167,8220,19,7,2012,5,15,58,1,11,1,I-55,,939,39.7536,-89.60913889,0,42,0,0,1,1,0,4,1,1,0,1,0,0000000,15,59,99,99,99,99,0,0,0,2,0
17,170456,1,1,0,1,1,1,1,31,1670,12,7,2012,5,20,40,0,14,6,COTTAGE GROVE,87TH ST,0,41.73666111,-87.60483056,0,9,0,0,2,2,0,1,3,1,0,1,0,0000000,20,47,20,47,21,8,0,0,0,1,0
17,170457,2,2,0,0,0,2,2,119,160,12,7,2012,5,23,23,0,13,3,SR-111 (COLLEGE),FOSTERBURG,260,38.90759167,-90.12248889,0,12,6,0,2,2,0,1,2,1,0,1,0,0000000,23,23,99,99,99,99,0,0,0,1,1
17,170458,2,2,0,0,0,4,4,31,1670,10,6,2012,1,11,27,1,11,1,I-94 (BISHOP FORD EXPWY),,687,41.66014167,-87.58881111,0,24,0,1,19,1,0,3,1,1,0,1,0,0000000,11,34,99,99,99,99,0,0,0,1,0
17,170459,2,2,0,0,0,4,4,49,0,16,7,2012,2,19,19,1,2,2,US-45,875TH RD,1671,39.04491944,-88.54339722,0,12,6,0,2,2,0,1,1,1,0,1,0,0000000,19,19,99,99,99,99,0,0,0,1,0
17,170460,2,2,0,0,0,3,3,31,6687,17,7,2012,3,14,39,0,3,6,135TH ST,FOREST RIDGE DR,0,41.64656944,-87.77331111,0,12,6,0,2,3,0,1,1,1,0,1,0,0000000,14,41,99,99,99,99,0,0,0,1,0
17,170461,2,2,0,0,0,4,4,5,0,26,7,2012,5,20,49,1,1,1,I-70,,527,38.88628333,-89.33069722,0,12,1,0,1,1,0,1,2,1,0,1,0,0000000,20,49,99,99,99,99,0,0,0,3,0
17,170462,1,1,0,0,0,1,1,91,0,24,7,2012,3,18,15,0,3,2,US-45,,3201,41.04632222,-87.86821389,0,42,0,0,1,1,0,4,1,1,0,1,0,0000000,18,15,99,99,99,99,99,99,99,1,0
17,170463,1,1,0,0,0,2,2,123,0,10,7,2012,3,15,36,0,4,3,SR-26 (ILLINOIS RIVER RD),,203,40.98452778,-89.41592222,0,1,0,0,1,1,0,1,1,1,0,1,0,0000000,15,36,99,99,99,99,0,0,0,1,0
17,170464,1,1,0,0,0,1,1,121,0,19,7,2012,5,19,27,0,4,4,CR-2050 KINLOU RD,,0,38.76728889,-88.73896389,0,1,0,0,1,1,0,4,1,1,0,1,0,0000000,19,27,99,99,99,99,0,0,0,1,1
17,170465,2,2,0,0,0,3,3,119,1910,26,7,2012,5,21,20,0,14,6,COLLINSVILLE RD,,0,38.65994722,-90.02600556,0,12,6,0,8,1,0,1,3,1,0,1,0,0000000,21,22,99,99,99,99,0,0,0,1,0
17,170466,2,2,0,0,0,2,2,97,4820,13,6,2012,4,23,49,0,13,2,US-45 (MCHENRY RD),WINCHESTER RD,4112,42.2977,-88.004175,0,12,6,0,2,2,0,1,3,1,0,1,0,0000000,23,50,99,99,99,99,0,0,0,1,0
17,170467,1,1,0,1,1,1,1,31,1670,2,7,2012,2,19,52,0,16,6,MILLARD AVE,,0,41.85918056,-87.716425,0,8,0,0,1,1,0,1,1,1,0,1,0,0000000,19,54,99,99,99,99,0,0,0,1,0
17,170468,1,1,0,0,0,5,5,93,0,9,6,2012,7,14,18,0,16,6,RICKARD RD EAST,,0,41.68465,-88.39244444,0,5,0,0,1,1,0,1,1,1,0,1,0,0000000,14,18,99,99,99,99,0,0,0,1,0
17,170470,1,1,0,0,0,1,1,103,0,17,4,2012,3,18,20,0,6,5,WINDING RD,LAMOILLE RD,0,41.67153889,-89.28644167,0,34,0,0,2,3,0,4,1,1,0,1,0,0000000,18,28,99,99,99,99,0,0,0,1,1
17,170471,2,2,0,0,0,4,4,49,0,15,7,2012,1,21,0,0,4,4,CR-8 (2000TH AVE),,0,39.20096389,-88.58618889,0,12,1,0,1,1,0,1,2,1,0,1,0,0000000,21,0,99,99,99,99,0,0,0,1,2
17,170472,1,1,0,0,0,1,1,93,0,15,7,2012,1,21,23,0,4,4,CR-4 NEWARK RD,,0,41.53777778,-88.48236944,0,34,0,0,1,1,0,4,2,1,0,1,0,0000000,21,35,99,99,99,99,0,0,0,1,1
17,170473,1,1,0,0,0,1,1,161,7470,13,6,2012,4,6,39,1,13,3,SR-92 (1ST AVE),,307,41.51193889,-90.57082222,0,42,0,0,1,1,0,4,1,1,0,1,0,0000000,6,40,99,99,99,99,0,0,0,1,0
17,170474,1,1,0,1,1,3,3,103,0,16,7,2012,2,18,15,0,4,4,CR-2 PERRY RD,,0,41.84705,-89.05406389,0,9,0,0,1,1,0,1,1,1,0,1,0,0000000,18,15,99,99,99,99,0,0,0,1,0
17,170475,1,1,0,0,0,1,1,31,1670,17,6,2012,1,20,35,1,13,3,SR-8000 (STONY ISLAND AVE),,0,41.71151944,-87.58466111,0,30,0,0,1,1,0,3,1,1,0,1,0,0000000,20,35,99,99,99,99,0,0,0,1,0
17,170476,2,2,0,0,0,3,3,31,0,28,6,2012,5,17,19,1,11,1,I-57,,3443,41.55913611,-87.74333333,0,12,7,0,1,1,0,1,1,1,0,1,0,0000000,17,26,99,99,99,99,0,0,0,1,0
17,170477,1,1,0,0,0,1,1,11,0,14,7,2012,7,0,59,0,4,4,CR-8 (WYANET RD),,0,41.40906389,-89.58808889,0,24,0,0,1,1,0,4,2,1,0,1,0,0000000,0,59,99,99,99,99,0,0,0,1,1
17,170478,1,1,0,1,1,1,1,31,1670,22,7,2012,1,14,16,1,12,1,I-57,,3565,41.70955833,-87.65301944,0,8,0,0,1,1,0,1,1,1,0,1,0,0000000,14,21,99,99,99,99,0,0,0,1,0
17,170479,1,1,0,1,1,1,1,195,0,28,7,2012,7,23,5,0,3,3,SR-78 (MOLINE RD),,1530,41.70687778,-89.95743056,0,8,0,0,1,1,0,1,2,1,0,1,0,0000000,23,5,99,99,99,99,0,0,0,1,0
17,170480,2,2,0,0,0,3,3,133,9060,18,7,2012,4,16,42,1,13,3,SR-003,,1209,38.31501944,-90.1478,0,12,2,0,1,1,0,1,1,1,0,1,0,0000000,16,42,99,99,99,99,0,0,0,1,0
17,170481,4,4,0,0,0,5,5,31,1670,10,7,2012,3,15,40,0,13,6,PULASKI RD,,0,41.79489722,-87.72319444,0,12,7,0,1,1,0,1,1,1,0,1,0,0000000,15,58,99,99,99,99,0,0,0,1,0
17,170482,1,1,0,0,0,1,1,31,1670,28,7,2012,7,1,49,1,12,1,I-90,,848,41.96349167,-87.74748611,0,1,0,0,1,1,0,5,3,1,0,1,0,0000000,1,49,99,99,99,99,0,0,0,1,1
17,170483,1,1,0,0,0,1,1,15,0,29,7,2012,1,9,4,0,4,4,CR-9,,0,42.16592778,-90.15150278,0,42,0,0,1,1,0,5,1,1,0,1,0,0000000,9,4,99,99,99,99,0,0,0,1,0
17,170484,2,2,0,0,0,4,4,181,0,1,8,2012,4,0,0,1,1,1,I-57,,340,37.498925,-89.10596667,0,12,2,0,1,1,0,1,2,1,0,1,0,0000000,0,0,99,99,99,99,0,0,0,2,1
17,170485,5,5,0,0,0,6,6,167,8220,2,8,2012,5,17,30,0,14,6,CHATHAM RD,,0,39.78621944,-89.68698056,0,12,8,0,1,1,0,1,2,1,0,1,0,0000000,17,31,99,99,99,99,0,0,0,1,0
17,170486,1,1,0,0,0,5,5,133,0,6,8,2012,2,22,59,0,6,5,GALL RD,,0,38.36998056,-90.19627222,0,35,0,0,1,1,0,4,2,1,0,1,0,0000000,22,59,99,99,99,99,0,0,0,1,0
17,170487,2,2,0,0,0,7,7,21,0,3,8,2012,6,6,48,0,6,5,2500E,800N,0,39.46476111,-89.06302222,0,12,6,0,2,2,0,1,1,1,0,1,0,0000000,6,48,99,99,99,99,0,0,0,2,0
17,170488,1,1,0,0,0,1,1,163,670,4,8,2012,7,0,36,0,19,8,ON RAMP,,0,38.54818333,-90.06489444,0,1,0,1,5,1,0,5,3,1,0,1,0,0000000,0,36,99,99,99,99,0,0,0,1,0
17,170489,1,1,0,1,1,1,1,29,5390,17,7,2012,3,21,32,0,13,3,SR-16,26TH,1354,39.47788056,-88.38698889,0,8,0,0,1,1,0,1,3,1,0,1,0,0000000,21,32,99,99,99,99,0,0,0,1,0
17,170490,1,1,0,0,0,3,3,97,230,15,7,2012,1,21,23,0,13,3,SR-83,,892,42.45085556,-88.091225,0,34,0,0,1,1,0,5,2,1,0,1,0,0000000,21,24,99,99,99,99,20,0,0,1,0
17,170491,2,2,0,0,0,2,2,115,2250,12,7,2012,5,11,5,0,14,6,BRUSH COLLEGE RD,,0,39.87430278,-88.89813056,0,12,6,0,8,1,0,1,1,10,0,10,0,0000000,11,8,99,99,99,99,0,0,0,1,0
17,170492,1,1,0,0,0,52,52,135,0,2,8,2012,5,13,22,1,1,1,I-55,,569,39.23531389,-89.64151111,0,24,0,0,1,1,0,3,1,1,0,1,0,0000000,13,22,99,99,99,99,0,0,0,1,0
17,170493,2,2,0,1,1,2,2,31,1670,18,7,2012,4,22,50,0,15,6,CALIFORNIA,,0,41.84074167,-87.69511389,0,8,0,0,1,1,0,2,3,1,0,1,0,0000000,22,50,22,54,23,13,0,0,0,1,0
17,170494,2,2,0,0,0,2,2,1,0,6,7,2012,6,17,58,0,6,5,1400TH AVE,,0,39.95965,-91.19946944,0,12,2,0,1,1,0,1,1,1,0,1,0,0000000,17,58,99,99,99,99,0,0,0,1,1
17,170495,2,2,0,0,0,5,5,97,9650,5,7,2012,5,17,52,1,13,3,SR-137,26TH,204,42.44790278,-87.82548889,0,12,1,0,2,2,0,1,1,1,0,1,0,0000000,17,52,99,99,99,99,0,0,0,1,1
17,170496,1,1,0,0,0,1,1,111,0,11,8,2012,7,2,33,0,4,5,OBRIEN RD,,0,42.44350278,-88.53205833,0,42,0,0,1,1,0,5,2,1,0,1,0,0000000,2,33,99,99,99,99,0,0,0,1,1
17,170497,2,2,0,0,0,2,2,43,9180,11,8,2012,7,9,15,0,15,4,CR-15 (KRESS RD),,0,41.88393333,-88.24417222,0,12,2,0,1,1,0,1,1,1,0,1,0,0000000,9,15,99,99,99,99,0,0,0,1,1
17,170498,5,5,0,0,0,6,6,31,8030,11,8,2012,7,9,37,1,13,2,US-41,SR-58,294,42.04074444,-87.7471,0,12,6,1,2,2,0,1,1,1,0,1,0,0000000,9,37,99,99,99,99,0,0,0,1,0
17,170499,2,2,0,0,0,3,3,197,0,1,7,2012,1,15,12,0,14,6,EXCHANGE ST,,0,41.43617778,-87.564025,0,12,6,0,1,1,0,1,1,2,0,2,0,0000000,15,12,99,99,99,99,0,0,0,1,0
17,170500,1,1,0,1,1,4,4,31,1670,4,7,2012,4,10,40,0,14,6,DEVON,LEMAI,0,41.99736111,-87.75641111,0,9,0,0,2,2,0,1,1,1,0,1,0,0000000,10,41,99,99,99,99,0,0,0,1,0
17,170501,2,2,0,0,0,4,4,49,0,26,7,2012,5,10,50,0,3,3,SR-32,CR-8 (2000TH AVE),74,39.20118056,-88.61886111,0,12,1,0,3,2,2,1,1,1,0,1,0,0000000,10,52,99,99,99,99,3,0,0,1,0
17,170502,2,2,0,0,0,5,5,31,1670,15,7,2012,1,15,46,1,13,2,US-12,,833,41.71500278,-87.53527222,0,12,6,0,4,1,0,1,1,1,0,1,0,0000000,15,46,99,99,99,99,0,0,0,1,0
17,170504,1,1,0,0,0,1,1,73,3290,26,7,2012,5,11,43,0,14,2,US-6,,240,41.43762778,-90.14448611,0,34,0,0,1,1,0,5,1,1,0,1,0,0000000,11,43,99,99,99,99,0,0,0,1,0
17,170505,2,2,0,0,0,2,2,15,0,8,8,2012,4,13,58,1,13,3,SR-84,,477,42.00465,-90.10019444,0,12,2,0,1,1,0,1,1,2,0,2,0,0000000,14,5,99,99,99,99,0,0,0,1,1
17,170506,1,1,0,0,0,1,1,31,3440,28,7,2012,7,21,1,0,16,6,SCHOOL ST,,0,41.54798333,-87.619275,0,42,0,0,1,1,0,4,2,1,0,1,0,0000000,21,1,99,99,99,99,0,0,0,1,1
17,170507,3,3,0,0,0,4,4,197,0,8,8,2012,4,22,14,0,14,4,CR-4 (CEDAR RD),DELANEY RD,0,41.46863056,-87.96426944,0,12,1,0,3,2,0,1,2,1,0,1,0,0000000,22,14,99,99,99,99,0,0,0,1,1
17,170508,1,1,0,0,0,2,2,119,7680,29,7,2012,1,6,44,0,6,5,ELLIS RD,,0,38.71341944,-89.72193056,0,34,0,0,1,1,0,4,2,1,0,1,0,0000000,6,44,99,99,99,99,0,0,0,2,1
17,170509,2,2,0,0,0,2,2,31,2719,3,8,2012,6,12,56,1,13,3,SR-72 (HIGGINS RD),ELMHURST RD,1028,42.00826944,-87.94028056,0,12,6,0,3,2,1,1,1,1,0,1,0,0000000,12,56,99,99,99,99,0,0,0,1,0
17,170510,1,1,0,0,0,1,1,99,0,7,8,2012,3,5,31,0,4,6,EAST 22ND,,0,41.29589722,-88.74142778,0,34,0,0,1,1,0,4,2,1,0,1,0,0000000,5,31,99,99,99,99,0,0,0,1,1
17,170511,2,2,0,0,0,2,2,167,8220,19,8,2012,1,1,28,0,13,6,MACARTHUR BLVD,MONROE ST,0,39.79965,-89.66816111,0,12,6,0,3,2,0,1,3,1,0,1,0,0000000,1,28,99,99,99,99,0,0,0,1,2
17,170512,2,2,0,0,0,2,2,167,0,8,8,2012,4,0,43,1,1,1,I-55,,1098,39.96635556,-89.54203333,0,12,1,0,1,1,0,1,2,1,0,1,0,0000000,0,43,99,99,99,99,0,0,0,1,1
17,170513,1,1,0,0,0,1,1,161,0,5,8,2012,1,19,45,0,3,3,SR-92 (78TH AVE),,156,41.44124722,-90.79615278,0,42,0,0,1,1,0,4,1,1,0,1,0,0000000,19,47,99,99,88,88,0,0,0,1,0
17,170514,1,1,0,1,1,2,2,167,0,10,8,2012,6,4,20,1,1,1,I-72,,864,39.74077222,-89.85484167,0,8,0,0,1,1,0,1,2,1,0,1,0,0000000,4,26,99,99,99,99,0,0,0,1,0
17,170515,3,3,0,0,0,3,3,31,6650,1,6,2012,6,5,55,0,13,6,EUCLID AVE,QUENTIN RD,0,42.08691111,-88.06268056,0,12,6,0,3,2,0,1,1,1,0,1,0,0000000,5,57,99,99,99,99,0,0,0,1,0
17,170516,1,1,0,0,0,1,1,5,8032,31,7,2012,3,23,23,0,4,3,SR-140,,455,38.90223333,-89.35459167,0,34,0,0,1,1,0,4,2,1,0,1,0,0000000,23,24,99,99,99,99,0,0,0,1,0
17,170517,1,1,0,0,0,1,1,113,7974,7,6,2012,5,10,14,0,14,6,QUINN ST,,0,40.40729444,-89.06543611,0,31,0,0,1,1,0,4,1,1,0,1,0,0000000,10,16,99,99,99,99,0,0,0,1,0
17,170518,1,1,0,0,0,4,4,117,0,5,8,2012,1,4,30,0,6,5,SPORTSMANS CLUB,,0,39.41652222,-89.95346944,0,35,0,0,1,1,0,4,2,2,0,2,0,0000000,4,30,99,99,99,99,0,0,0,1,1
17,170519,2,2,0,0,0,4,4,199,0,5,8,2012,1,17,12,0,4,4,CR-2 (CORINTH RD),THOMPSONVILLE RD,0,37.81893056,-88.77651111,0,12,6,0,3,3,0,1,1,1,0,1,0,0000000,17,12,99,99,99,99,0,0,0,1,0
17,170520,1,1,0,1,1,1,1,31,1670,7,8,2012,3,14,15,0,15,6,ADAMS ST,CANAL ST,0,41.87933056,-87.63958889,0,8,0,0,3,2,0,1,1,1,0,1,0,0000000,14,35,99,99,99,99,0,0,0,1,0
17,170521,2,2,0,0,0,2,2,191,0,18,8,2012,7,8,42,0,3,3,SR-15,,1173,38.37189722,-88.23426111,0,12,2,0,1,1,0,1,1,1,0,1,0,0000000,8,42,99,99,99,99,0,0,0,1,0
17,170522,2,2,0,0,0,2,2,31,7813,24,7,2012,3,15,7,1,11,1,I-290 (SR-53),,20,42.03171667,-88.03082222,0,12,1,0,1,1,0,1,1,1,0,1,0,0000000,15,7,99,99,99,99,0,0,0,1,0
17,170523,1,1,0,0,0,1,1,117,0,5,8,2012,1,2,0,0,3,3,SR-4,,1182,39.22088056,-89.81313611,0,42,0,0,1,1,0,4,2,1,0,1,0,0000000,10,40,99,99,99,99,0,0,0,1,1
17,170525,1,1,0,0,0,1,1,55,0,14,8,2012,3,5,55,0,3,3,SR-149,,399,37.89988056,-88.86701389,0,42,0,0,1,1,0,4,2,1,0,1,0,0000000,5,55,99,99,99,99,0,0,0,1,1
17,170526,1,1,0,0,0,2,2,199,0,18,8,2012,7,16,25,1,1,1,I-57 RAMP,,0,37.622825,-88.98606944,0,42,0,1,5,1,0,4,1,1,0,1,0,0000000,16,25,99,99,99,99,0,0,0,2,0
17,170527,1,1,0,0,0,1,1,143,6850,10,8,2012,6,3,11,1,13,2,US-150,,879,40.73145278,-89.56988056,0,19,0,0,1,1,0,5,3,1,0,1,0,0000000,3,11,99,99,99,99,0,0,0,1,0
17,170528,2,2,0,0,0,3,3,111,0,11,8,2012,7,11,57,1,2,2,US-12,,40,42.44718333,-88.28835556,0,12,8,0,1,1,0,1,1,1,0,1,0,0000000,11,58,99,99,88,88,0,0,0,1,0
17,170529,1,1,0,0,0,1,1,91,0,12,8,2012,1,17,6,0,2,3,SR-17,,1787,41.11832778,-87.94929444,0,32,0,0,1,1,0,5,1,1,0,1,0,0000000,17,6,99,99,99,99,0,0,0,1,1
17,170530,2,2,0,0,0,3,3,97,4609,13,8,2012,2,10,43,1,13,2,US-14,CUBA RD,361,42.17586111,-88.17751944,0,12,6,1,2,2,0,1,1,2,0,2,0,0000000,10,43,99,99,99,99,0,0,0,1,0
17,170531,2,2,0,0,0,2,2,89,3300,15,8,2012,4,6,50,0,13,6,KIRK RD,CHERRY LANE,0,41.87893333,-88.27811111,0,12,6,0,2,2,0,1,1,1,0,1,0,0000000,6,53,99,99,99,99,0,0,0,1,0
17,170532,2,2,0,0,0,2,2,197,0,21,8,2012,3,20,19,0,16,6,146TH PL,SMITH RD,0,41.62133056,-88.02696111,0,12,2,0,2,3,0,1,2,1,0,1,0,0000000,20,19,99,99,99,99,0,0,0,1,1
17,170533,2,2,0,0,0,3,3,63,0,15,8,2012,4,12,46,1,2,3,SR-47,,919,41.41711667,-88.42287222,0,12,2,0,1,1,0,1,1,1,0,1,0,0000000,12,46,99,99,99,99,0,0,0,1,0
17,170534,1,1,0,0,0,2,2,27,0,19,8,2012,1,0,30,0,6,4,CR-1350N,,0,38.61675556,-89.40836944,0,34,0,0,1,1,0,5,2,1,0,1,0,0000000,0,30,99,99,99,99,0,0,0,1,1
17,170535,2,2,0,0,0,3,3,63,0,19,8,2012,1,1,20,0,3,2,US-6,,1142,41.35914722,-88.55635833,0,34,0,0,1,1,0,5,2,1,0,1,0,0000000,1,28,99,99,99,99,0,0,0,1,1
17,170536,1,1,0,1,1,2,2,85,3250,11,8,2012,7,20,49,1,13,2,US-20,OLDENBURG LANE,123,42.43706389,-90.45164722,0,8,0,0,3,2,0,1,1,1,0,1,0,0000000,20,50,99,99,99,99,0,0,0,1,0
17,170537,1,1,0,0,0,4,4,167,0,19,8,2012,1,3,14,0,16,6,WASHINGTON ST,,0,39.801075,-89.75336667,0,53,0,0,1,1,0,4,2,1,0,1,0,0000000,3,14,99,99,99,99,0,0,0,1,1