STATE,ST_CASE,VE_TOTAL,VE_FORMS,PVH_INVL,PEDS,PERNOTMVIT,PERMVIT,PERSONS,COUNTY,CITY,DAY,MONTH,YEAR,DAY_WEEK,HOUR,MINUTE,NHS,ROAD_FNC,ROUTE,TWAY_ID,TWAY_ID2,MILEPT,LATITUDE,LONGITUD,SP_JUR,HARM_EV,MAN_COLL,RELJCT1,RELJCT2,TYP_INT,WRK_ZONE,REL_ROAD,LGT_COND,WEATHER1,WEATHER2,WEATHER,SCH_BUS,RAIL,NOT_HOUR,NOT_MIN,ARR_HOUR,ARR_MIN,HOSP_HR,HOSP_MN,CF1,CF2,CF3,FATALS,DRUNK_DR
17,170538,1,1,0,0,0,2,2,3,0,5,8,2012,1,2,31,1,2,3,SR-146,SR-3,260,37.29553056,-89.44827778,0,38,0,0,3,3,1,4,3,2,0,2,0,0000000,2,31,99,99,99,99,0,0,0,1,0
17,170539,2,2,0,0,0,10,10,31,1670,11,8,2012,7,6,11,0,15,6,DIVERSEY AVE,,0,41.93205556,-87.70438333,0,12,2,0,1,1,0,1,1,1,0,1,0,0000000,6,15,99,99,99,99,0,0,0,1,1
17,170540,1,1,0,0,0,2,2,1,0,3,8,2012,6,10,21,0,6,6,1600TH ST E,,0,39.95857778,-91.20395,0,30,0,0,1,1,0,4,1,1,0,1,0,0000000,10,21,99,99,99,99,0,0,0,2,0
17,170541,2,2,0,0,0,3,3,97,4650,7,8,2012,3,13,13,0,14,4,CR-42 (CUBA RD),,0,42.17586111,-88.10705833,0,12,2,0,1,1,0,1,1,1,0,1,0,0000000,13,13,99,99,99,99,0,0,0,1,1
17,170542,1,1,0,0,0,1,1,87,0,27,8,2012,2,16,15,0,4,2,US-45,,260,37.354,-88.88328889,0,26,0,0,1,1,0,4,1,1,0,1,0,0000000,16,18,99,99,99,99,0,0,0,1,0
17,170543,1,1,0,0,0,1,1,157,0,16,8,2012,5,17,57,0,4,4,CR-1 (PALESTINE RD),,0,37.95949722,-89.82206667,0,34,0,0,1,1,0,4,1,2,0,2,0,0000000,17,58,99,99,99,99,0,0,0,1,1
17,170544,1,1,0,0,0,1,1,31,7813,25,8,2012,7,11,27,1,11,1,I-90,,655,42.06393889,-88.08085278,0,25,0,0,1,1,0,3,1,1,0,1,0,0000000,11,27,99,99,99,99,0,0,0,1,0
17,170545,1,1,0,0,0,1,1,21,0,28,7,2012,7,8,8,0,5,5,6TH ST (250N),,0,39.38260278,-89.04900278,0,11,0,0,1,1,0,1,1,1,0,1,0,0000000,8,10,99,99,99,99,0,0,0,1,0
17,170546,1,1,0,0,0,1,1,197,0,13,6,2012,4,21,45,0,14,4,CR-84 191ST ST,,0,41.5429,-87.85925,0,10,0,0,6,1,0,1,3,1,0,1,0,608958H,21,45,99,99,99,99,0,0,0,1,0
17,170547,2,2,0,0,0,2,2,195,0,1,8,2012,4,16,5,0,4,5,MOLINE RD,SAND RD,0,41.63298889,-90.13261944,0,12,1,0,3,2,0,1,1,1,0,1,0,0000000,16,5,99,99,99,99,0,0,0,1,0
17,170548,1,1,0,1,1,1,1,51,0,31,8,2012,6,16,2,0,5,4,CR-3,,0,39.093325,-88.8548,0,9,0,0,1,1,0,1,1,1,0,1,0,0000000,16,6,99,99,99,99,0,0,0,1,0
17,170549,1,1,0,1,1,1,1,97,9090,16,6,2012,7,20,11,0,16,6,LAKE SHORE DRIVE,OAKDALE AVENUE,0,42.27259444,-88.12429722,0,8,0,0,2,3,0,1,1,1,0,1,0,0000000,20,11,99,99,99,99,0,0,0,1,1
17,170550,2,2,0,0,0,2,2,115,2250,14,8,2012,3,10,21,0,13,3,SR-48,MOUND RD,590,39.89303056,-88.91143056,0,12,6,0,3,2,0,1,1,1,0,1,0,0000000,10,21,99,99,99,99,0,0,0,1,1
17,170551,1,1,0,0,0,1,1,141,0,17,7,2012,3,23,44,0,5,4,CR-9 (LEAF RIVER RD),,0,42.20023333,-89.40588333,0,24,0,0,1,1,0,4,2,1,0,1,0,0000000,23,44,99,99,99,99,0,0,0,1,1
17,170552,2,1,1,0,0,3,3,115,2250,29,7,2012,1,6,27,0,16,6,DECATUR ST,,0,39.83708056,-88.9375,0,14,0,0,1,1,0,2,4,1,0,1,0,0000000,6,27,99,99,99,99,0,0,0,1,0
17,170553,1,1,0,0,0,1,1,143,0,28,7,2012,7,23,53,0,3,3,SR-90,,130,40.93006389,-89.67859722,0,24,0,0,1,1,0,4,3,1,0,1,0,0000000,23,33,99,99,99,99,20,0,0,1,1
17,170554,1,1,0,0,0,1,1,115,2250,16,8,2012,5,13,14,0,14,6,OAKLAND DR (HUNDLEY RD),ARBOR DR,0,39.9054,-88.97401944,0,33,0,0,3,3,0,4,1,1,0,1,0,0000000,13,14,99,99,99,99,0,0,0,1,0
17,170555,2,2,0,0,0,3,3,203,0,3,9,2012,2,11,45,1,2,2,US-24,CR-1700,1509,40.73068889,-89.21483056,0,12,6,0,2,2,0,1,1,1,0,1,0,0000000,12,20,99,99,99,99,0,0,0,1,0
17,170556,2,2,0,0,0,4,4,55,0,25,8,2012,7,11,25,0,3,3,SR-154,CENTRAL RD,522,38.08201944,-89.10033056,0,12,1,0,3,2,0,1,1,1,0,1,0,0000000,11,27,99,99,99,99,0,0,0,1,0
17,170557,1,1,0,0,0,1,1,181,0,19,8,2012,1,15,50,1,1,1,I-57,,240,37.36422222,-89.15577222,0,1,0,0,1,1,0,3,1,1,0,1,0,0000000,15,54,99,99,99,99,0,0,0,1,0
17,170559,2,2,0,0,0,2,2,119,0,4,9,2012,3,15,44,1,13,3,SR-159 (VANDALIA ST),COUNTRY LN,348,38.7019,-89.96104444,0,12,6,0,3,2,0,1,1,1,0,1,0,0000000,15,45,99,99,99,99,0,0,0,1,0
17,170560,1,1,0,0,0,1,1,43,0,24,6,2012,1,4,34,0,13,3,SR-53,,519,41.82325278,-88.05817778,0,1,0,0,1,1,0,4,2,1,0,1,0,0000000,4,34,99,99,99,99,0,0,0,1,1
17,170561,2,2,0,0,0,4,4,105,0,11,8,2012,7,12,3,0,4,4,CR-6 (2200 EAST RD),500 NORTH RD,0,40.70087778,-88.50586944,0,12,6,0,3,2,0,1,1,1,0,1,0,0000000,12,3,99,99,99,99,0,0,0,1,0
17,170562,1,1,0,1,1,1,1,31,1670,26,8,2012,1,7,55,0,14,6,PULASKI RD,,0,41.87466389,-87.72546667,0,8,0,0,1,1,0,1,1,1,0,1,0,0000000,7,55,99,99,99,99,0,0,0,1,0
17,170563,1,1,0,1,1,2,2,31,3190,22,7,2012,1,1,43,1,13,2,US-12 (MANNHEIM RD),MINNEAPOLIS AVE,510,41.93459722,-87.88486389,0,8,0,0,2,3,0,1,3,1,0,1,0,0000000,1,43,99,99,99,99,0,0,0,1,1
17,170564,2,2,0,0,0,2,2,43,0,10,6,2012,1,17,20,0,16,6,HOLTZ,6TH AVE,0,41.93956111,-88.01181111,0,12,6,0,2,2,0,1,1,1,0,1,0,0000000,17,20,99,99,99,99,0,0,0,1,1
17,170565,1,1,0,1,1,1,1,31,1030,22,7,2012,1,15,37,0,14,6,25TH AVE,,0,41.8496,-87.86219722,0,33,0,0,1,1,0,4,1,1,0,1,0,0000000,15,37,99,99,99,99,0,0,0,1,0
17,170566,2,2,0,0,0,4,4,31,5870,7,9,2012,6,15,51,0,14,6,BUSSE RD,,0,42.05504167,-87.96035278,0,12,6,0,1,1,0,1,1,1,0,1,0,0000000,15,51,99,99,99,99,0,0,0,1,0
17,170567,1,1,0,1,1,2,2,31,1670,7,9,2012,6,4,25,1,11,6,DAMEN AVE,I-55 RAMP,0,41.837375,-87.67543333,0,8,0,1,2,2,0,1,3,1,0,1,0,0000000,4,27,99,99,99,99,0,0,0,1,1
17,170568,2,2,0,0,0,2,2,31,2390,5,9,2012,4,9,24,1,11,1,I-94,SR-83 (SIBLEY BLVD) RAMP,714,41.62243333,-87.57887778,0,12,2,1,5,1,0,1,1,1,0,1,0,0000000,9,24,99,99,99,99,0,0,0,1,1
17,170569,2,2,0,0,0,3,3,109,1880,3,9,2012,2,21,7,1,13,2,US-136,,344,40.4379,-90.75856389,0,12,1,0,1,1,0,1,2,1,0,1,0,0000000,9,7,99,99,99,99,20,0,0,1,1
17,170570,1,1,0,0,0,1,1,31,1670,2,9,2012,1,3,15,0,14,6,31ST,,0,41.83678889,-87.73300833,0,30,0,0,1,1,0,4,3,1,0,1,0,0000000,3,20,99,99,99,99,0,0,0,1,1
17,170571,1,1,0,1,1,1,1,177,3220,17,6,2012,1,4,40,0,14,6,SOUTH WALNUT,,0,42.28716389,-89.62118611,0,8,0,0,1,1,0,1,3,1,0,1,0,0000000,4,42,99,99,99,99,0,0,0,1,0
17,170572,1,1,0,0,0,1,1,73,0,26,7,2012,5,16,43,0,6,5,2700TH ST,,0,41.20776389,-89.9163,0,34,0,0,1,1,0,4,1,1,0,1,0,0000000,16,43,99,99,99,99,0,0,0,1,1
17,170573,1,1,0,0,0,1,1,123,0,3,8,2012,6,0,50,0,3,3,SR-18,,19,41.10022222,-89.34425833,0,52,0,0,1,1,0,5,2,1,0,1,0,0000000,0,50,99,99,99,99,0,0,0,1,1
17,170575,1,1,0,0,0,2,2,11,0,18,8,2012,7,20,7,0,14,4,CR-9,,0,41.39314722,-89.48327222,0,43,0,0,1,1,0,5,5,1,0,1,0,0000000,20,7,99,99,99,99,0,0,0,1,0
17,170576,1,1,0,0,0,2,2,31,3430,4,7,2012,4,13,34,0,16,6,SHERMER RD,,0,42.10349167,-87.82931111,0,7,0,0,1,1,0,1,1,1,0,1,0,0000000,13,34,99,99,99,99,0,0,0,2,1
17,170577,1,1,0,0,0,1,1,7,3277,25,8,2012,7,6,15,0,6,5,MARENGO,,0,42.27693889,-88.74720833,0,30,0,0,1,1,0,4,4,1,0,1,0,0000000,6,15,99,99,99,99,0,0,0,1,1
17,170578,1,1,0,1,1,2,2,31,1670,20,8,2012,2,17,0,0,15,6,CALIFORNIA AVE,,0,41.99403333,-87.69952222,0,8,0,0,1,1,0,1,1,1,0,1,0,0000000,17,4,99,99,99,99,0,0,0,1,0
17,170579,3,3,0,0,0,11,11,31,1670,29,7,2012,1,4,20,1,11,1,I-90 (I-94),,484,41.91598611,-87.66818333,0,12,7,1,18,1,0,1,3,1,0,1,0,0000000,4,23,99,99,99,99,0,0,0,1,1
17,170580,2,2,0,0,0,5,5,37,0,25,8,2012,7,2,19,0,3,3,SR-38,,346,41.93569722,-88.90663333,0,12,2,0,1,1,0,1,2,1,0,1,0,0000000,2,19,99,99,99,99,0,0,0,1,1
17,170581,1,1,0,1,1,2,2,31,1670,25,8,2012,7,11,24,0,14,6,STATE ST,,0,41.70829722,-87.62353611,0,8,0,0,1,1,0,1,1,1,0,1,0,0000000,11,29,99,99,99,99,0,0,0,1,0
17,170582,1,1,0,0,0,1,1,197,0,27,8,2012,2,11,57,0,16,5,CAVANAUGH RD,,0,41.33979167,-88.21043611,0,42,0,0,1,1,0,4,9,1,0,1,0,0000000,11,57,99,99,88,88,0,0,0,1,0
17,170583,2,2,0,0,0,5,5,31,1670,30,8,2012,5,5,10,1,11,1,I-90 (I-94),,557,41.82393056,-87.63005556,0,12,1,0,1,1,0,1,3,1,0,1,0,0000000,5,14,99,99,88,88,0,0,0,1,0
17,170584,1,1,0,0,0,1,1,31,1670,1,9,2012,7,14,55,1,13,2,US-041,,109,41.83310556,-87.60746111,0,34,0,0,1,1,0,4,1,1,0,1,0,0000000,14,56,99,99,99,99,0,0,0,1,1
17,170585,1,1,0,0,0,2,2,119,1910,31,8,2012,6,20,28,1,11,1,I-55 TO I255 RAMP,,0,38.67585,-90.02950278,0,21,0,1,5,1,0,4,3,2,0,2,0,0000000,20,32,99,99,99,99,0,0,0,2,0
17,170586,2,2,0,0,0,2,2,133,0,20,8,2012,2,16,40,0,6,5,STRINGTOWN,,0,38.14083611,-90.22784444,0,12,8,0,1,1,0,1,1,1,0,1,0,0000000,16,42,99,99,99,99,0,0,0,1,0
17,170587,2,2,0,0,0,4,4,73,0,4,6,2012,2,8,29,0,3,3,SR-82,,277,41.54428889,-90.15741667,0,12,2,0,1,1,0,1,1,2,0,2,0,0000000,8,30,99,99,99,99,0,0,0,2,0
17,170588,2,2,0,0,0,2,2,43,2719,13,6,2012,4,17,3,0,13,2,US-34 (OGDEN AVE),RIVER RD,1911,41.78066111,-88.17946111,0,12,6,0,2,2,0,1,1,1,0,1,0,0000000,17,3,99,99,88,88,0,0,0,1,1
17,170589,1,1,0,0,0,1,1,73,0,7,8,2012,3,2,45,0,3,3,SR-17,,406,41.16621667,-90.2948,0,34,0,0,1,1,0,4,6,1,0,1,0,0000000,6,1,99,99,88,88,0,0,0,1,1
17,170590,2,2,0,0,0,3,3,31,7813,31,8,2012,6,16,54,0,14,6,MEACHAM RD,OLD SCHAUMBURG RD,0,42.02496111,-88.04561944,0,12,6,0,2,2,0,1,1,1,0,1,0,0000000,16,54,99,99,88,88,0,0,0,1,0
17,170591,1,1,0,0,0,3,3,89,0,15,8,2012,4,23,5,0,16,5,CR-69 (EMPIRE RD),,0,41.95316111,-88.44115278,0,42,0,0,1,1,0,4,2,1,0,1,0,0000000,23,5,99,99,99,99,0,0,0,1,1
17,170592,3,3,0,0,0,3,3,197,0,24,8,2012,6,22,50,0,15,6,BRIGGS ST,,0,41.55736944,-88.04419722,0,12,1,0,1,1,0,1,2,1,0,1,0,0000000,22,50,99,99,88,88,0,0,0,1,1
17,170593,1,1,0,0,0,1,1,199,0,25,8,2012,7,14,9,0,4,4,CR-24 (GRASSY RD),,0,37.64486667,-89.1348,0,24,0,0,1,1,0,4,1,1,0,1,0,0000000,14,9,99,99,88,88,0,0,0,1,0
17,170594,1,1,0,0,0,1,1,31,1670,6,8,2012,2,18,1,0,14,6,PULASKI RD,,0,41.89181667,-87.72598056,0,30,0,0,1,1,0,4,1,1,0,1,0,0000000,18,1,99,99,99,99,0,0,0,1,0
17,170595,2,2,0,0,0,2,2,143,0,23,8,2012,5,6,11,1,2,2,US-24,TERMINAL RD,1162,40.56121111,-89.75156389,0,12,6,0,2,3,0,1,1,1,0,1,0,0000000,6,11,99,99,88,88,0,0,0,1,0
17,170596,2,2,0,0,0,2,2,197,4300,31,8,2012,6,15,10,0,13,2,US-6 (EAMES ST),,1373,41.46457222,-88.181175,0,12,2,0,1,1,0,1,1,1,0,1,0,0000000,15,10,99,99,99,99,0,0,0,1,2
17,170597,1,1,0,4,4,1,1,97,3910,3,9,2012,2,14,30,0,14,6,CENTRAL AVE,,0,42.18403333,-87.80389444,0,8,0,0,1,1,0,4,1,1,0,1,0,0000000,14,31,99,99,99,99,0,0,0,1,0
17,170598,2,2,0,0,0,2,2,75,0,7,9,2012,6,7,51,0,4,5,MAIN ST,,0,40.91788889,-87.94039444,0,12,2,0,1,1,0,1,1,1,0,1,0,0000000,7,51,99,99,99,99,0,0,0,1,0
17,170599,2,2,0,0,0,3,3,83,0,9,9,2012,1,18,32,0,2,3,SR-100,,127,38.96356389,-90.39378611,0,12,1,0,1,1,0,1,1,1,0,1,0,0000000,18,32,99,99,99,99,0,0,0,1,1
17,170600,1,1,0,0,0,1,1,37,0,4,9,2012,3,15,4,0,4,5,CHICAGO RD,,0,41.70391944,-88.81017222,0,34,0,0,1,1,0,4,1,1,0,1,0,0000000,15,4,99,99,88,88,0,0,0,1,1
17,170601,2,2,0,0,0,2,2,201,7460,9,9,2012,1,1,38,0,13,3,SR-2 (MAIN ST),MARCHESANO DR (15TH AVE),529,42.25126944,-89.1045,0,12,6,0,2,2,0,1,3,1,0,1,0,0000000,1,40,99,99,99,99,0,0,0,1,1
17,170602,1,1,0,1,1,1,1,201,7460,30,8,2012,5,0,54,0,15,6,2ND ST,,0,42.26568889,-89.08933889,0,8,0,0,1,1,0,1,2,1,0,1,0,0000000,0,54,99,99,99,99,0,0,0,1,0
17,170603,1,1,0,1,1,4,4,111,0,8,9,2012,7,21,4,0,4,4,CR-T68 (FRANKLINVILLE RD),,0,42.26061944,-88.51108889,0,8,0,0,1,1,0,1,2,2,0,2,0,0000000,21,4,99,99,99,99,0,0,0,1,0
17,170604,3,3,0,0,0,4,4,93,0,10,9,2012,2,6,3,0,14,3,SR-126,,102,41.60808611,-88.26239722,0,12,8,0,1,1,0,1,1,1,0,1,0,0000000,6,3,99,99,99,99,0,0,0,1,0
17,170605,2,2,0,0,0,5,5,31,0,8,9,2012,7,18,4,1,11,1,I-90,,706,42.04306944,-87.98929167,0,25,0,0,1,1,0,3,1,1,0,1,0,0000000,18,4,99,99,99,99,0,0,0,1,0
17,170606,2,2,0,0,0,2,2,167,0,11,9,2012,3,17,40,0,4,5,CURRAN RD,SPAULDING ORCHARD RD,0,39.71988056,-89.77135,0,12,2,0,2,3,0,1,1,1,0,1,0,0000000,17,41,99,99,99,99,0,0,0,1,0
17,170607,1,1,0,0,0,1,1,41,0,11,9,2012,3,18,7,0,6,4,CR-1050N,,0,39.80695,-87.95493889,0,30,0,0,1,1,0,4,1,1,0,1,0,0000000,18,9,99,99,88,88,0,0,0,1,1
17,170608,2,2,0,0,0,2,2,113,0,10,9,2012,2,17,37,0,4,5,ZIEBARTH RD (1900 NORTH RD),ROPP RD (CR-39),0,40.5613,-89.04253056,0,12,6,0,2,2,0,1,1,1,0,1,0,0000000,17,37,99,99,99,99,0,0,0,1,0
17,170609,1,1,0,0,0,3,3,201,7460,11,9,2012,3,23,10,0,14,6,6TH ST,,0,42.26986389,-89.0817,0,42,0,0,1,1,0,4,3,1,0,1,0,0000000,23,10,99,99,99,99,0,0,0,1,0
17,170610,1,1,0,0,0,1,1,31,1670,3,9,2012,2,0,10,1,13,2,US-41,,117,41.84399167,-87.61090833,0,30,0,0,1,1,0,3,3,1,0,1,0,0000000,0,15,99,99,99,99,0,0,0,1,1
17,170611,2,2,0,0,0,4,4,197,4300,13,9,2012,5,20,25,0,13,3,SR-53,SCHWEITZER,259,41.46633889,-88.07951111,0,12,6,0,2,2,0,1,2,2,0,2,0,0000000,20,25,99,99,99,99,0,0,0,1,1
17,170612,2,2,0,0,0,3,3,7,0,11,9,2012,3,20,21,0,3,3,SR-76 (BELVIDERE RD),HUNTER RD,107,42.42933889,-88.85103056,0,12,6,0,2,2,0,1,2,1,0,1,0,0000000,20,21,99,99,99,99,0,0,0,2,0
17,170613,2,2,0,0,0,3,3,119,3550,14,9,2012,6,11,57,1,13,3,SR-3,ST THOMAS RD,1567,38.75238056,-90.12463056,0,12,6,0,2,2,0,1,1,1,0,1,0,0000000,11,57,99,99,99,99,0,0,0,1,0
17,170614,2,2,0,0,0,2,2,19,0,12,9,2012,4,6,0,0,3,2,US-136,,1654,40.31095,-88.44169722,0,12,8,0,1,1,0,1,4,1,0,1,0,0000000,6,2,99,99,99,99,0,0,0,1,0
17,170615,2,2,0,0,0,3,3,107,4840,14,9,2012,6,20,24,0,14,6,HICKOX DR,OLD ROUTE 121,0,40.164475,-89.38696111,0,12,6,0,2,2,0,1,3,1,0,1,0,0000000,20,24,99,99,99,99,0,0,0,1,2
17,170616,1,1,0,0,0,1,1,93,9630,14,9,2012,6,1,10,0,14,3,SR-126,,10,41.62669722,-88.43083889,0,32,0,0,1,1,0,4,2,1,0,1,0,0000000,1,10,99,99,88,88,0,0,0,1,1
17,170617,1,1,0,0,0,1,1,113,0,16,9,2012,1,1,0,0,6,5,1650N (OLD PEORIA RD),,0,40.523475,-89.15780833,0,34,0,0,1,1,0,4,2,1,0,1,0,0000000,1,0,99,99,88,88,0,0,0,1,1
17,170618,2,2,0,0,0,3,3,75,0,20,9,2012,5,14,21,0,3,2,US-45 (US-50),CR-4 (2900N),3121,40.93093056,-87.86668056,0,12,6,0,2,2,0,1,1,1,0,1,0,0000000,14,21,99,99,99,99,0,0,0,1,0
17,170619,1,1,0,0,0,5,5,179,0,22,9,2012,7,4,4,0,16,5,FARMDALE RD,,0,40.66738889,-89.50365833,0,1,0,0,1,1,0,4,2,1,0,1,0,0000000,4,4,99,99,99,99,0,0,0,1,1
17,170620,1,1,0,1,1,1,1,109,5100,14,9,2012,6,14,33,1,13,2,US-36,BONHAM,1319,40.45861111,-90.65636111,0,9,0,0,2,2,0,1,1,1,0,1,0,0000000,14,33,99,99,99,99,99,99,99,1,0
17,170621,2,2,0,0,0,3,3,17,0,23,9,2012,1,1,30,0,3,3,SR-78,,191,39.97261389,-90.20582778,0,12,2,0,1,1,0,1,2,1,0,1,0,0000000,1,38,99,99,99,99,0,0,0,1,1
17,170622,2,1,1,0,0,1,1,31,1670,5,9,2012,4,20,39,0,16,6,MORGAN ST,,0,41.78412778,-87.64972778,0,14,0,0,1,1,0,7,5,1,0,1,0,0000000,20,40,99,99,99,99,0,0,0,1,1
17,170623,3,3,0,0,0,3,3,63,0,20,9,2012,5,14,7,1,11,1,I-80,,1121,41.3886,-88.42233056,0,12,1,0,1,1,1,1,1,1,0,1,0,0000000,2,9,99,99,99,99,3,0,0,1,0
17,170624,2,2,0,0,0,2,2,201,0,26,9,2012,4,17,39,0,4,3,SR-70,MERIDIAN RD,58,42.33215,-89.17395833,0,12,1,0,3,2,0,1,5,1,0,1,0,0000000,17,39,99,99,99,99,0,0,0,1,0
17,170625,1,1,0,0,0,2,2,197,4001,25,9,2012,3,20,38,0,16,6,LAUFFER RD,HAAS RD,0,41.57090833,-87.92908889,0,42,0,0,3,4,0,4,2,1,0,1,0,0000000,20,38,99,99,99,99,0,0,0,1,1
17,170626,1,1,0,1,1,1,1,31,1670,22,9,2012,7,20,10,1,11,1,I-290,,253,41.87400278,-87.7316,0,8,0,0,1,1,0,1,2,1,0,1,0,0000000,20,13,99,99,99,99,0,0,0,1,0
17,170627,1,1,0,1,1,1,1,31,6400,24,5,2012,5,8,13,1,13,5,SOUTHWEST HWY,SR-50 (CICERO AVE),449,41.72376111,-87.74091944,0,8,0,0,3,2,0,1,1,1,0,1,0,0000000,8,13,99,99,99,99,0,0,0,1,0
17,170628,1,1,0,1,1,1,1,31,1670,20,6,2012,4,12,2,0,16,6,RIDGEWAY AVE,ALLY,0,41.91676111,-87.72039722,0,9,0,0,1,1,0,1,1,1,0,1,0,0000000,12,7,99,99,99,99,99,99,99,1,0
17,170629,3,2,1,0,0,5,5,31,1670,31,5,2012,5,20,43,0,15,6,WASHINGTON BLVD,CENTRAL AVE,0,41.88223889,-87.76493056,0,12,1,0,3,2,0,1,3,2,0,2,0,0000000,20,43,99,99,99,99,0,0,0,1,0
17,170630,1,1,0,0,0,1,1,201,0,24,9,2012,2,23,25,0,4,3,SR-70,,66,42.33721667,-89.18821389,0,34,0,0,1,1,0,4,2,1,0,1,0,0000000,23,29,99,99,99,99,0,0,0,1,1
17,170631,2,2,0,0,0,2,2,31,1670,22,6,2012,6,7,20,0,13,6,MICHIGAN AVE,HARRISON ST (CONGRESS PLAZA),0,41.87445,-87.62423056,0,12,6,0,2,2,0,1,1,1,0,1,0,0000000,7,20,99,99,99,99,0,0,0,1,0
17,170632,1,1,0,0,0,1,1,31,1670,30,7,2012,2,20,29,0,15,6,COLUMBUS AVE,,0,41.756775,-87.68830556,0,42,0,0,1,1,0,4,3,1,0,1,0,0000000,20,29,99,99,99,99,0,0,0,1,1
17,170633,2,2,0,0,0,2,2,113,840,29,7,2012,1,10,15,0,14,6,OAKLAND AVE,,0,40.47370833,-88.92671944,0,12,2,0,1,1,0,1,1,1,0,1,0,0000000,10,20,99,99,99,99,0,0,0,1,0
17,170634,3,3,0,0,0,5,5,31,540,4,8,2012,7,16,50,1,13,2,US-20 (LAKE ST),PARK AVE,1504,42.00164167,-88.1755,0,12,6,0,2,3,0,1,1,2,0,2,0,0000000,16,54,99,99,99,99,0,0,0,1,0
17,170635,1,1,0,1,1,2,2,31,1670,14,8,2012,3,6,12,0,15,6,MILWAUKEE AVE,,0,41.89609722,-87.65518056,0,30,0,0,1,1,0,4,1,1,0,1,0,0000000,6,13,99,99,99,99,0,0,0,1,0
17,170636,1,1,0,1,1,1,1,31,1670,24,8,2012,6,17,25,1,13,3,SR-43 (HARLEM AVE),63RD ST,189,41.77728889,-87.80091944,0,8,0,0,3,2,0,1,1,1,0,1,0,0000000,17,25,99,99,99,99,0,0,0,1,0
17,170637,1,1,0,0,0,2,2,197,0,25,8,2012,7,3,44,0,15,5,STEGER RD,,0,41.46999167,-87.86765833,0,39,0,0,1,1,0,4,2,1,0,1,0,0000000,3,44,99,99,99,99,0,0,0,1,1
17,170638,1,1,0,1,1,1,1,31,1670,17,8,2012,6,7,5,0,14,6,111TH ST,,0,41.69257222,-87.62435278,0,8,0,0,1,1,0,4,1,1,0,1,0,0000000,7,5,99,99,99,99,0,0,0,1,0
17,170639,3,3,0,0,0,8,8,31,1670,18,8,2012,7,17,45,1,13,2,US-41 (LAKE SHORE DR),,205,41.96267778,-87.64637778,0,12,1,1,18,1,0,1,1,1,0,1,0,0000000,17,46,99,99,99,99,0,0,0,2,0
17,170640,2,2,0,0,0,3,3,31,2330,3,8,2012,6,14,43,0,14,6,RIVER RD,OAKTON ST,0,42.02456944,-87.87693889,0,12,6,0,2,2,0,1,1,1,0,1,0,0000000,14,43,99,99,99,99,0,0,0,1,0
17,170641,1,1,0,1,1,1,1,31,1670,4,8,2012,7,23,10,1,13,2,US-41 (LAKE SHORE DR),,206,41.96399444,-87.64666389,0,8,0,0,1,1,0,1,3,1,0,1,0,0000000,23,15,99,99,99,99,0,0,0,1,0
17,170642,1,1,0,1,1,1,1,31,4860,18,8,2012,7,5,20,0,14,2,US-41 (LINCOLN AVE),,269,42.00878056,-87.73547778,0,8,0,0,1,1,0,1,3,1,0,1,0,0000000,5,22,5,26,5,46,0,0,0,1,0
17,170643,1,1,0,1,1,1,1,31,1670,21,8,2012,3,15,41,0,15,6,AVERS ST,26TH ST,0,41.84431944,-87.72088333,0,8,0,0,3,2,0,1,1,1,0,1,0,0000000,15,42,99,99,99,99,0,0,0,1,0
17,170644,1,1,0,0,0,1,1,31,1670,23,8,2012,5,9,16,0,15,6,KINZIE ST,,0,41.88905556,-87.641375,0,21,0,0,1,1,0,4,1,1,0,1,0,0000000,9,17,99,99,99,99,0,0,0,1,0
17,170645,2,2,0,0,0,3,3,31,1670,18,8,2012,7,5,26,0,15,6,DOUGLAS BLVD,HOMAN AVE,0,41.86246111,-87.71041111,0,12,6,0,2,2,0,1,3,1,0,1,0,0000000,5,27,99,99,99,99,0,0,0,1,1
17,170646,2,2,0,0,0,4,4,119,3450,31,8,2012,6,12,41,1,13,2,US-67 (GODFREY RD),,58,38.943,-90.190875,0,12,6,0,8,1,0,1,1,2,0,2,0,0000000,12,41,99,99,99,99,0,0,0,2,0
17,170647,2,2,0,0,0,3,3,113,8240,2,9,2012,1,20,18,0,6,6,BLACKSTONE AVE,,0,40.43430278,-89.22356944,0,12,6,0,8,1,0,1,2,1,0,1,0,0000000,20,18,99,99,99,99,0,0,0,1,1
17,170648,1,1,0,0,0,1,1,19,0,22,7,2012,1,0,15,0,4,4,CR-21,CR-12,0,40.05371111,-88.06181111,0,34,0,0,2,4,0,4,2,1,0,1,0,0000000,0,22,99,99,99,99,0,0,0,1,1
17,170649,2,2,0,0,0,3,3,111,4640,4,9,2012,3,20,53,1,13,3,SR-47,SR-176,1523,42.25513056,-88.43275278,0,12,6,0,2,3,0,1,2,1,0,1,0,0000000,20,53,99,99,99,99,0,0,0,2,0
17,170650,1,1,0,0,0,1,1,153,8750,15,9,2012,7,3,15,0,4,5,OLD US-51,,0,37.26428333,-89.18593889,0,35,0,0,1,1,0,4,2,1,0,1,0,0000000,4,55,99,99,88,88,0,0,0,1,1
17,170651,2,2,0,0,0,3,3,183,2220,6,9,2012,5,14,35,0,13,2,US-136 (MAIN ST),,2207,40.12442778,-87.63051667,0,30,0,0,1,1,0,4,1,1,0,1,0,0000000,14,35,99,99,99,99,0,0,0,1,0