STATE,ST_CASE,VE_TOTAL,VE_FORMS,PVH_INVL,PEDS,PERNOTMVIT,PERMVIT,PERSONS,COUNTY,CITY,DAY,MONTH,YEAR,DAY_WEEK,HOUR,MINUTE,NHS,ROAD_FNC,ROUTE,TWAY_ID,TWAY_ID2,MILEPT,LATITUDE,LONGITUD,SP_JUR,HARM_EV,MAN_COLL,RELJCT1,RELJCT2,TYP_INT,WRK_ZONE,REL_ROAD,LGT_COND,WEATHER1,WEATHER2,WEATHER,SCH_BUS,RAIL,NOT_HOUR,NOT_MIN,ARR_HOUR,ARR_MIN,HOSP_HR,HOSP_MN,CF1,CF2,CF3,FATALS,DRUNK_DR
17,170652,1,1,0,0,0,1,1,51,0,16,9,2012,1,12,58,0,6,5,2450E,,0,38.86896111,-88.79751944,0,32,0,0,1,1,0,4,1,1,0,1,0,0000000,12,59,99,99,99,99,0,0,0,1,0
17,170653,1,1,0,0,0,1,1,31,2719,13,9,2012,5,0,35,0,16,6,ESTES AVE,,0,42.00602222,-87.95803889,0,31,0,0,1,1,0,4,2,1,0,1,0,0000000,0,35,99,99,99,99,0,0,0,1,0
17,170654,2,2,0,0,0,2,2,7,0,14,9,2012,6,16,5,0,6,6,BELOIT RD,,0,42.34485,-88.90133333,0,12,2,0,1,1,0,1,1,1,0,1,0,0000000,16,5,99,99,99,99,0,0,0,1,0
17,170655,1,1,0,0,0,1,1,119,0,16,9,2012,1,14,13,1,2,3,SR-4,,872,38.78794444,-89.80106944,0,52,0,0,1,1,0,4,1,1,0,1,0,0000000,14,15,99,99,99,99,0,0,0,1,0
17,170656,2,2,0,0,0,2,2,163,670,30,9,2012,1,10,50,0,13,3,SR-161 (SHERMAN AVE),B ST,77,38.52403056,-89.96161111,0,12,6,0,2,2,0,1,1,1,0,1,0,0000000,10,50,99,99,99,99,0,0,0,1,0
17,170657,1,1,0,0,0,1,1,31,6610,20,9,2012,5,18,21,0,16,6,WHEELER DR,,0,41.60863333,-87.85008056,0,42,0,0,1,1,0,4,1,1,0,1,0,0000000,18,21,99,99,99,99,0,0,0,1,0
17,170658,2,2,0,0,0,2,2,103,0,15,9,2012,7,19,52,1,1,1,I-39,,854,41.72471667,-89.00903333,0,1,0,0,1,1,0,1,2,1,0,1,0,0000000,19,52,99,99,88,88,0,0,0,1,0
17,170659,2,2,0,0,0,7,7,111,0,2,9,2012,1,21,30,0,2,3,SR-176,MILLSTREAM RD,25,42.25516111,-88.55981111,0,12,6,0,2,2,0,1,2,1,0,1,0,0000000,21,30,99,99,99,99,0,0,0,1,1
17,170660,1,1,0,1,1,1,1,31,1670,6,8,2012,2,13,40,1,14,6,47TH ST,,0,41.80906111,-87.63531111,0,9,0,0,8,1,0,1,1,1,0,1,0,0000000,13,40,99,99,88,88,0,0,0,1,0
17,170661,1,1,0,0,0,4,4,89,0,2,9,2012,1,0,47,0,4,4,CR-38 (PLANK RD),,0,42.045,-88.58685278,0,1,0,0,1,1,0,4,2,1,0,1,0,0000000,0,47,99,99,99,99,0,0,0,1,0
17,170662,1,1,0,1,1,2,2,141,6580,2,9,2012,1,10,30,0,2,3,SR-2 (4TH ST),MONROE ST,288,42.01721944,-89.33243889,0,8,0,0,3,2,0,1,1,1,0,1,0,0000000,10,30,99,99,99,99,0,0,0,1,0
17,170664,1,1,0,1,1,1,1,163,2610,19,9,2012,4,12,43,0,16,6,26TH ST,LOUISIANA BLVD,0,38.609,-90.13008056,0,8,0,0,3,2,0,1,1,1,0,1,0,0000000,12,43,99,99,99,99,0,0,0,1,0
17,170665,2,2,0,0,0,2,2,27,0,21,9,2012,6,18,59,0,6,5,LEE RD,SCHUMACHER RD,0,38.65593889,-89.59515,0,12,6,0,2,2,0,1,1,1,0,1,0,0000000,18,59,99,99,99,99,0,0,0,1,0
17,170666,1,1,0,1,1,1,1,31,1670,6,8,2012,2,19,0,0,15,6,HIGGINS AVE,,0,41.96886111,-87.76218056,0,8,0,0,8,1,0,1,1,1,0,1,0,0000000,19,10,99,99,99,99,0,0,0,1,0
17,170668,1,1,0,0,0,1,1,141,0,8,9,2012,7,17,13,0,4,4,CR-13 (ROCK CITY RD.),,0,42.17246944,-89.47371944,0,34,0,0,1,1,0,4,1,1,0,1,0,0000000,17,13,99,99,99,99,0,0,0,1,1
17,170669,1,1,0,0,0,1,1,119,0,20,9,2012,5,1,10,0,4,4,CR-3 (RENKEN RD),,0,38.97736389,-89.87554444,0,34,0,0,1,1,0,4,2,1,0,1,0,0000000,1,10,99,99,88,88,0,0,0,1,1
17,170670,1,1,0,1,1,1,1,37,0,27,9,2012,5,6,29,0,16,5,MT HUNGER RD,,0,41.99185556,-88.63610556,0,9,0,0,1,1,0,1,2,1,0,1,0,0000000,6,29,99,99,88,88,0,0,0,1,0
17,170671,1,1,0,1,1,4,4,31,3790,8,9,2012,7,19,52,1,13,3,SR-83 (147TH ST),,144,41.62265833,-87.671875,0,9,0,0,8,1,0,1,3,1,0,1,0,0000000,19,52,99,99,99,99,0,0,0,1,0
17,170672,1,1,0,0,0,1,1,199,5250,29,9,2012,7,19,57,1,11,1,I-57,,540,37.74739167,-88.955525,0,32,0,1,18,1,0,3,2,1,0,1,0,0000000,19,57,99,99,88,88,0,0,0,1,1
17,170674,1,1,0,0,0,4,4,119,160,30,9,2012,1,2,9,0,16,6,WALLACE ST,,0,38.90750833,-90.16735556,0,1,0,0,1,1,0,1,2,1,0,1,0,0000000,2,11,99,99,99,99,0,0,0,1,0
17,170675,2,2,0,0,0,3,3,27,0,30,9,2012,1,19,1,0,4,5,OLD US 50,PIPELINE RD,0,38.60943889,-89.41026944,0,12,6,0,2,2,0,1,5,1,0,1,0,0000000,19,1,99,99,99,99,0,0,0,1,0
17,170676,2,2,0,0,0,2,2,63,0,2,10,2012,3,14,42,0,14,4,CR-29 (PINE BLUFF RD),,0,41.34705,-88.38391667,0,12,2,0,1,1,0,1,1,1,0,1,0,0000000,14,42,99,99,88,88,0,0,0,1,0
17,170677,1,1,0,1,1,1,1,31,8030,2,10,2012,3,15,17,0,15,6,LAWLER AVE,,0,42.05926389,-87.75277778,0,8,0,0,1,1,0,1,1,1,0,1,0,0000000,15,17,99,99,99,99,0,0,0,1,0
17,170678,2,2,0,0,0,2,2,201,7460,2,10,2012,3,15,51,1,12,2,US-20 (ROCKFORD BYPASS),,957,42.21955278,-89.05056944,0,12,1,0,1,1,2,1,1,1,0,1,0,0000000,15,51,99,99,99,99,0,0,0,1,0
17,170679,1,1,0,1,1,1,1,31,1670,25,8,2012,7,1,13,0,19,8,WESTERN (ALLEY),,0,41.97593611,-87.68975,0,8,0,0,1,1,0,1,3,1,0,1,0,0000000,1,6,99,99,99,99,0,0,0,1,0
17,170680,3,3,0,0,0,3,3,163,2610,3,10,2012,4,8,30,0,14,6,STATE ST,70TH ST,0,38.59971389,-90.07843333,0,12,1,0,3,2,0,1,1,1,0,1,0,0000000,8,30,99,99,99,99,0,0,0,1,0
17,170681,2,2,0,0,0,3,3,113,0,7,10,2012,1,21,21,1,2,2,US-24,3360 EAST,1821,40.74256111,-88.62273056,0,12,6,0,2,2,0,1,2,1,0,1,0,0000000,21,21,99,99,88,88,0,0,0,2,0
17,170682,1,1,0,1,1,1,1,31,1670,5,10,2012,6,8,55,0,15,6,WELLS ST,,0,41.90108056,-87.63436111,0,9,0,0,1,1,0,1,1,1,0,1,0,0000000,8,59,99,99,88,88,0,0,0,1,0
17,170683,1,1,0,0,0,1,1,199,0,22,9,2012,7,23,45,0,6,5,SONGBIRD RD,,0,37.76644444,-88.87815,0,1,0,0,1,1,0,4,2,1,0,1,0,0000000,23,44,99,99,99,99,0,0,0,1,1
17,170684,1,1,0,0,0,1,1,19,5130,10,10,2012,4,14,16,1,1,1,I-74,,1734,40.18888056,-88.36971389,0,38,0,0,1,1,0,4,1,1,0,1,0,0000000,14,19,99,99,88,88,0,0,0,1,0
17,170685,2,2,0,0,0,5,5,91,0,13,10,2012,7,10,19,0,13,3,SR-50,6000N,78,41.20673889,-87.84876944,0,12,6,0,2,2,0,1,1,2,0,2,0,0000000,10,19,99,99,99,99,0,0,0,1,0
17,170686,2,2,0,0,0,2,2,31,3940,13,10,2012,7,16,50,1,11,1,I-290 RAMP,US-12 RAMP,0,41.86953889,-87.88350833,0,12,1,1,5,1,0,1,1,2,0,2,0,0000000,16,51,99,99,88,88,0,0,0,1,0
17,170689,5,5,0,0,0,6,6,31,0,16,10,2012,3,9,13,1,11,1,I-90,,708,42.04116944,-87.98514167,0,12,1,0,1,1,0,1,1,1,0,1,0,0000000,9,13,99,99,99,99,19,0,0,1,0
17,170690,1,1,0,0,0,2,2,179,0,21,10,2012,1,7,45,0,6,5,CR-15,WAGONSELLER ROAD,0,40.4286,-89.69093056,0,43,0,0,3,3,0,4,1,1,0,1,0,0000000,7,45,99,99,88,88,0,0,0,1,0
17,170691,1,1,0,0,0,1,1,83,0,17,10,2012,4,9,30,0,4,4,CR-4 (MCCLUSKY RD),,0,39.04699167,-90.35591111,0,32,0,0,1,1,0,4,1,1,0,1,0,0000000,9,31,99,99,88,88,0,0,0,1,0
17,170692,3,3,0,0,0,3,3,31,1670,2,10,2012,3,20,38,0,15,6,DIVERSEY AVE,,0,41.931075,-87.78098611,0,12,6,0,8,1,0,1,3,1,0,1,0,0000000,20,45,99,99,99,99,0,0,0,1,1
17,170693,1,1,0,0,0,1,1,113,840,23,9,2012,1,1,30,0,15,6,WASHINGTON ST,,0,40.47893889,-89.02688889,0,41,0,0,1,1,0,4,2,1,0,1,0,0000000,1,36,99,99,99,99,0,0,0,1,1
17,170694,1,1,0,1,1,1,1,31,1730,7,10,2012,1,0,42,1,13,3,SR-50 (CICERO AVE),,526,41.83535833,-87.74368889,0,9,0,0,1,1,0,1,3,1,0,1,0,0000000,0,42,99,99,88,88,0,0,0,1,0
17,170695,3,3,0,0,0,7,7,31,980,13,8,2012,2,16,13,0,14,6,87TH ST,78TH AVE,0,41.73324167,-87.81360278,0,12,6,0,2,2,0,1,1,2,0,2,0,0000000,16,14,99,99,99,99,0,0,0,1,0
17,170696,1,1,0,0,0,2,2,81,5900,22,9,2012,7,23,40,0,13,3,SR-15,,815,38.31827222,-88.85208056,0,1,0,0,1,1,0,4,2,1,0,1,0,0000000,23,2,99,99,88,88,0,0,0,2,1
17,170697,1,1,0,0,0,1,1,7,710,6,8,2012,2,7,17,0,14,6,LOGAN AVE,,0,42.25499167,-88.83515833,0,30,0,0,1,1,0,4,1,1,0,1,0,0000000,7,17,99,99,99,99,0,0,0,1,0
17,170698,2,2,0,0,0,2,2,191,0,5,10,2012,6,17,25,1,1,1,I-64,,1044,38.267125,-88.45496944,0,12,7,0,1,1,0,1,1,1,0,1,0,0000000,17,25,99,99,88,88,0,0,0,1,1
17,170699,1,1,0,1,1,1,1,111,0,1,10,2012,2,3,20,0,15,6,MAIN ST,,0,42.20878889,-88.20957222,0,8,0,0,1,1,0,1,2,1,0,1,0,0000000,3,29,99,99,99,99,99,99,99,1,0
17,170700,1,1,0,1,1,2,2,31,2870,1,9,2012,7,22,20,0,14,6,CRAWFORD,,0,42.05891667,-87.727325,0,8,0,0,1,1,0,1,3,1,0,1,0,0000000,20,20,99,99,99,99,0,0,0,1,0
17,170701,2,2,0,0,0,2,2,97,4958,10,9,2012,2,20,28,0,14,3,SR-53,ROBERT PARKER COFFIN RD,800,42.1752,-88.00522222,0,12,6,0,2,3,0,1,2,1,0,1,0,0000000,20,28,99,99,99,99,0,0,0,1,1
17,170702,1,1,0,0,0,2,2,197,0,30,9,2012,1,11,21,1,11,1,I-57,,3306,41.37426667,-87.78968611,0,42,0,0,1,1,0,4,1,1,0,1,0,0000000,11,21,99,99,99,99,0,0,0,1,1
17,170703,2,2,0,0,0,2,2,43,2750,10,9,2012,2,16,30,0,14,6,GRAND AVE,YORK RD,0,41.93143056,-87.93966944,0,12,6,0,2,2,0,1,1,1,0,1,0,0000000,16,32,99,99,99,99,0,0,0,1,0
17,170704,1,1,0,0,0,2,2,161,0,4,11,2012,1,0,58,0,6,5,230TH ST. N.,57TH AVE. N.,0,41.57555,-90.30636111,0,34,0,0,1,1,0,4,2,1,0,1,0,0000000,0,58,99,99,99,99,99,99,99,1,1
17,170705,2,2,0,0,0,3,3,105,7070,19,10,2012,6,10,24,0,13,3,SR-23 (OLD ILLINOIS 66),CUSTER,4,40.8866,-88.64193889,0,12,6,0,2,2,0,1,1,2,0,2,0,0000000,10,24,99,99,99,99,0,0,0,2,0
17,170706,1,1,0,0,0,1,1,163,0,7,11,2012,4,18,15,1,11,1,I-64 RAMP,,0,38.62110556,-90.08852778,0,34,0,1,5,1,0,4,3,1,0,1,0,0000000,18,15,99,99,99,99,0,0,0,1,0
17,170707,1,1,0,1,1,1,1,163,2610,3,10,2012,4,20,35,0,15,6,25TH ST,LYNCH AVE,0,38.62631111,-90.12151944,0,8,0,0,2,2,0,1,2,1,0,1,0,0000000,20,38,99,99,99,99,99,99,99,1,0
17,170709,1,1,0,1,1,3,3,31,1670,18,10,2012,5,3,42,0,14,6,SHERIDAN RD,,0,42.00563889,-87.66093056,0,8,0,0,1,1,0,1,3,1,0,1,0,0000000,3,43,99,99,99,99,0,0,0,1,0
17,170710,2,2,0,0,0,2,2,191,0,23,10,2012,3,6,35,1,2,2,US-45,,1157,38.38916389,-88.40554167,0,12,2,0,1,1,0,1,4,1,0,1,0,0000000,6,37,99,99,99,99,0,0,0,1,0
17,170711,1,1,0,0,0,1,1,143,6850,25,10,2012,5,0,20,0,5,6,N. UNIVERSITY ST.,W. TOWNLINE ROAD,0,40.79779444,-89.62144444,0,33,0,0,1,1,0,4,2,1,0,1,0,0000000,0,22,99,99,99,99,0,0,0,1,1
17,170712,2,2,0,0,0,3,3,119,0,20,10,2012,7,8,10,1,1,1,I-270,,142,38.75207222,-89.91214444,0,12,1,0,1,1,0,1,1,1,0,1,0,0000000,8,13,99,99,99,99,0,0,0,1,1
17,170713,2,2,0,0,0,2,2,91,0,12,10,2012,6,22,32,0,3,3,SR-114,,14,41.15710833,-87.63737222,0,12,6,0,8,1,0,1,2,1,0,1,0,0000000,22,32,99,99,99,99,0,0,0,1,1
17,170714,1,1,0,0,0,1,1,197,0,25,10,2012,5,22,36,0,13,3,SR-102,,0,41.26010833,-88.11083056,0,42,0,0,1,1,0,4,2,2,0,2,0,0000000,10,36,99,99,99,99,0,0,0,1,1
17,170715,3,3,0,0,0,7,7,201,7460,21,10,2012,1,12,40,0,14,6,SANDY HOLLOW RD,16TH ST,0,42.22345,-89.06245,0,12,6,0,8,1,0,1,1,1,0,1,0,0000000,12,40,99,99,88,88,0,0,0,1,0
17,170716,1,1,0,0,0,3,3,73,4450,14,10,2012,1,0,58,0,14,6,EAST STREET,DIVISION STREET,0,41.23446944,-89.91535,0,17,0,0,3,3,0,4,2,2,0,2,0,0000000,0,58,99,99,99,99,0,0,0,1,1
17,170717,2,2,0,0,0,2,2,151,0,26,10,2012,6,17,0,0,3,3,SR-34,,157,37.58763611,-88.44706944,0,12,2,0,1,1,0,1,1,1,0,1,0,0000000,17,5,99,99,99,99,0,0,0,1,0
17,170718,2,2,0,0,0,4,4,177,0,17,10,2012,4,19,10,0,4,4,CR-33 (LAMM RD),CR-11 (BAILYVILLE RD),0,42.25878333,-89.60135556,0,12,6,0,2,2,0,1,3,2,0,2,0,0000000,19,10,99,99,99,99,0,0,0,2,0
17,170719,1,1,0,0,0,1,1,51,0,24,10,2012,4,18,10,0,4,5,OLD SR-140,,0,38.92528611,-89.19906389,0,42,0,0,1,1,0,4,1,1,0,1,0,0000000,18,10,99,99,99,99,0,0,0,1,1
17,170720,1,1,0,0,0,1,1,87,0,29,10,2012,2,14,9,1,1,1,I-24,,224,37.35096667,-88.78749444,0,1,0,0,1,1,0,3,1,1,0,1,0,0000000,14,19,99,99,88,88,0,0,0,1,0
17,170721,2,2,0,0,0,2,2,91,0,17,10,2012,4,12,20,0,3,3,SR-50,,129,41.27624722,-87.81985278,0,12,2,0,1,1,0,1,1,1,0,1,0,0000000,12,20,99,99,99,99,0,0,0,1,0
17,170722,2,2,0,0,0,4,4,173,0,30,10,2012,3,18,25,0,2,3,SR-16,2200E,1149,39.40491944,-88.73308056,0,12,6,0,2,2,0,1,2,1,0,1,0,0000000,18,25,99,99,99,99,0,0,0,1,1
17,170723,2,2,0,0,0,2,2,29,0,2,11,2012,6,11,50,0,4,4,CR-13 (900N),,0,39.50673333,-88.26765833,0,12,2,0,1,1,0,2,1,1,0,1,0,0000000,11,55,99,99,99,99,0,0,0,1,0
17,170724,2,2,0,0,0,2,2,17,0,3,11,2012,7,18,59,0,3,3,SR-125,,192,39.91823611,-90.10361389,0,12,2,0,1,1,0,1,2,1,0,1,0,0000000,18,59,99,99,99,99,0,0,0,1,1
17,170725,2,2,0,0,0,4,4,197,4300,6,11,2012,3,19,38,0,13,2,US-30 (CENTER ST),DIVISION ST,1218,41.53082778,-88.09168889,0,12,6,0,2,2,0,1,3,2,0,2,0,0000000,19,38,99,99,99,99,0,0,0,1,1
17,170726,2,1,1,0,2,1,3,113,840,23,10,2012,3,11,52,1,11,1,I-55 (I-74),,1599,40.48970556,-89.02842222,0,45,0,0,1,1,2,2,1,1,0,1,0,0000000,11,52,99,99,88,88,0,0,0,1,0
17,170727,1,1,0,0,0,1,1,97,6725,6,8,2012,2,8,58,0,13,2,US-41,,530,42.35656944,-87.89465278,0,1,0,0,1,1,0,4,1,1,0,1,0,0000000,8,58,99,99,99,99,0,0,0,1,0
17,170728,1,1,0,0,0,1,1,89,0,30,9,2012,1,17,7,0,15,4,CR-33 (RUSSELL RD),,0,42.03488889,-88.384075,0,1,0,0,1,1,0,4,1,1,0,1,0,0000000,17,8,99,99,99,99,0,0,0,1,1
17,170729,1,1,0,1,1,4,4,31,7320,2,9,2012,1,19,53,0,14,3,SR-1 (HALSTED ST),,3177,41.63289722,-87.64146667,0,8,0,0,1,1,0,1,3,1,0,1,0,0000000,19,55,99,99,99,99,0,0,0,1,0
17,170730,1,1,0,0,0,1,1,27,0,6,10,2012,7,6,15,0,4,4,CR-11 (JAMESTOWN RD),,0,38.72609444,-89.51873333,0,1,0,0,1,1,0,4,2,1,0,1,0,0000000,6,15,99,99,99,99,0,0,0,1,0
17,170731,2,2,0,0,0,3,3,163,7960,10,11,2012,7,1,32,1,11,1,I-64 (US-50),,162,38.57495833,-89.92389722,0,12,2,0,1,1,0,2,2,1,0,1,0,0000000,1,35,99,99,88,88,0,0,0,1,0
17,170732,1,1,0,0,0,2,2,43,6378,13,11,2012,3,4,55,1,11,1,I-88 RAMP,,0,41.84959722,-87.93940278,0,24,0,1,5,1,0,8,3,1,0,1,0,0000000,4,55,99,99,99,99,0,0,0,1,1
17,170733,1,1,0,0,0,5,5,81,0,2,10,2012,3,3,23,1,1,1,I-64,,825,38.27342778,-88.85356389,0,33,0,0,5,1,0,4,2,1,0,1,0,0000000,3,23,99,99,99,99,0,0,0,2,0
17,170734,2,2,0,1,1,2,2,31,980,26,8,2012,1,2,43,0,14,6,ROBERTS RD,81ST ST,0,41.74399167,-87.81899167,0,8,0,0,3,3,0,1,3,1,0,1,0,0000000,2,43,99,99,99,99,0,0,0,1,0
17,170735,2,2,0,0,0,2,2,31,1670,10,11,2012,7,1,25,1,11,1,I-94,,628,41.72197778,-87.62457778,0,12,7,0,1,1,0,1,3,1,0,1,0,0000000,1,25,99,99,99,99,0,0,0,1,1
17,170736,1,1,0,0,0,1,1,91,0,14,11,2012,4,21,53,0,4,4,CR-20 (7000W),,0,41.16773333,-88.01108056,0,34,0,0,1,1,0,4,2,1,0,1,0,0000000,21,53,99,99,88,88,0,0,0,1,0
17,170737,2,2,0,0,0,3,3,119,7580,15,11,2012,5,13,36,0,13,3,SR-143,I-255 RAMP,74,38.85138889,-90.05358889,0,12,1,1,3,2,0,1,1,1,0,1,0,0000000,13,36,99,99,99,99,0,0,0,1,0
17,170738,4,4,0,0,0,4,4,19,0,16,11,2012,6,14,24,1,1,1,I-57,,2547,40.36844444,-88.14472778,0,12,1,0,1,1,0,1,1,1,0,1,0,0000000,14,24,99,99,88,88,19,0,0,1,0
17,170739,1,1,0,0,0,1,1,79,0,17,11,2012,7,17,50,0,4,4,CR-18,,0,38.93578611,-88.15206667,0,34,0,0,1,1,0,4,2,1,0,1,0,0000000,18,5,99,99,88,88,0,0,0,1,1
17,170740,1,1,0,1,1,1,1,31,1670,30,10,2012,3,20,13,1,13,1,I-94 (DAN RYAN EXPRESSWAY),,629,41.72138611,-87.62455833,0,8,0,0,1,1,0,1,3,1,0,1,0,0000000,8,13,99,99,99,99,0,0,0,1,0
17,170741,1,1,0,1,1,1,1,167,0,15,11,2012,5,8,42,0,3,3,SR-104,,1000,39.58823889,-89.78331667,0,9,0,0,1,1,0,2,1,1,0,1,0,0000000,8,44,99,99,99,99,0,0,0,1,0
17,170742,2,2,0,0,0,4,4,31,1670,18,11,2012,1,4,14,1,12,1,I-90 (I-94),,544,41.84468056,-87.632175,0,12,1,0,1,1,0,1,3,1,0,1,0,0000000,4,14,99,99,99,99,19,0,0,1,1
17,170743,1,1,0,1,1,1,1,31,980,19,8,2012,1,23,33,0,16,6,100TH PL,,0,41.70923333,-87.80005556,0,8,0,0,1,1,0,1,3,1,0,1,0,0000000,23,33,99,99,99,99,0,0,0,1,1
17,170744,1,1,0,0,0,1,1,143,0,29,8,2012,4,0,14,0,3,3,SR-78,,870,40.82176944,-89.966025,0,1,0,0,1,1,0,4,2,1,0,1,0,0000000,88,88,88,88,88,88,0,0,0,1,1
17,170745,2,2,0,0,0,3,3,15,0,15,8,2012,4,11,25,0,6,5,CAMP CREEK RD,,0,42.18636111,-90.10366667,0,12,8,0,1,1,0,1,1,1,0,1,0,0000000,11,25,99,99,88,88,0,0,0,1,0
17,170746,1,1,0,1,1,1,1,97,9650,10,10,2012,4,5,20,0,14,6,33RD ST,,0,42.43543889,-87.84564444,0,8,0,0,1,1,0,1,2,1,0,1,0,0000000,5,20,99,99,88,88,0,0,0,1,0
17,170747,2,2,0,0,0,5,5,143,0,10,9,2012,2,9,4,0,3,5,WEST FARMINGTON ROAD,,0,40.6973,-89.83776111,0,12,2,0,1,1,0,1,1,1,0,1,0,0000000,9,4,99,99,99,99,0,0,0,1,0
17,170748,1,1,0,1,1,1,1,31,1730,12,9,2012,4,10,50,1,13,6,OGDEN AVE,,0,41.83340833,-87.77488333,0,8,0,0,8,1,0,1,1,1,0,1,0,0000000,10,50,99,99,99,99,0,0,0,1,0
17,170749,2,2,0,0,0,2,2,85,6220,11,10,2012,5,20,3,0,4,6,STAGECOACH TRL (WALNUT),TIGER WHIP (2ND SOUTH ST),0,42.45333889,-89.94381111,0,12,6,0,2,2,0,1,2,1,0,1,0,0000000,20,3,99,99,99,99,0,0,0,1,1
17,170750,1,1,0,0,0,1,1,15,1540,19,10,2012,6,19,35,0,3,3,SR-40,,1044,42.01766111,-89.89854167,0,32,0,0,1,1,0,4,2,1,0,1,0,0000000,19,40,99,99,88,88,0,0,0,1,0
17,170751,1,1,0,1,1,1,1,193,1380,17,10,2012,4,9,2,0,13,3,SR-1 (MAIN ST),MAIN CROSS ST,509,38.09081944,-88.15878056,0,8,0,0,3,2,0,1,1,1,0,1,0,0000000,9,2,99,99,88,88,0,0,0,1,0
17,170752,2,2,0,0,0,2,2,201,7460,16,11,2012,6,14,38,0,13,6,11TH STREET,SAWYER ROAD,0,42.22711111,-89.07222778,0,12,6,0,2,3,0,1,1,1,0,1,0,0000000,14,38,99,99,99,99,0,0,0,1,0
17,170753,1,1,0,0,0,1,1,137,0,28,10,2012,1,9,54,0,4,4,CR-19,,0,39.85149167,-90.21506389,0,35,0,0,1,1,0,4,1,1,0,1,0,0000000,9,54,99,99,88,88,0,0,0,1,0
17,170754,1,1,0,0,0,1,1,97,0,27,10,2012,7,3,46,0,13,2,US-41,,0,42.38305556,-87.91901389,0,59,0,0,1,1,0,4,2,1,0,1,0,0000000,88,88,88,88,88,88,0,0,0,1,1
17,170755,2,2,0,0,0,2,2,121,0,27,11,2012,3,6,55,1,13,2,US-50,,0,38.62036944,-89.02586667,0,12,2,0,1,1,0,1,1,1,0,1,0,0000000,6,57,99,99,99,99,0,0,0,1,0
17,170756,1,1,0,0,0,1,1,97,4820,4,10,2012,5,4,52,0,15,6,GOLF ROAD,,0,42.26974444,-87.95473611,0,33,0,0,1,1,0,4,3,1,0,1,0,0000000,4,52,99,99,99,99,0,0,0,1,1
17,170757,2,2,0,0,0,2,2,31,5410,25,8,2012,7,0,12,0,15,6,17TH AVE,ADAMS ST,0,41.87496944,-87.85348611,0,12,6,0,2,2,0,1,2,98,0,98,0,0000000,0,12,99,99,99,99,0,0,0,1,1
17,170759,1,1,0,0,0,1,1,31,5380,3,10,2012,4,6,55,1,11,1,I-57 SB TO US-30,,0,41.50728611,-87.745125,0,1,0,1,5,1,0,4,1,1,0,1,0,0000000,6,51,99,99,99,99,0,0,0,1,1
17,170760,1,1,0,1,1,3,3,81,0,25,10,2012,5,19,25,0,4,3,SR-37,,892,38.22955,-88.90305556,0,9,0,0,1,1,0,1,2,1,0,1,0,0000000,19,27,99,99,88,88,0,0,0,1,0
17,170761,1,1,0,1,1,1,1,31,1670,31,10,2012,4,10,0,0,14,6,ASHLAND AVE,AUGUSTA BLVD,0,41.8997,-87.6674,0,9,0,0,3,2,0,1,1,1,0,1,0,0000000,10,0,99,99,88,88,0,0,0,1,0
17,170762,1,1,0,0,0,5,5,13,3677,20,10,2012,7,23,18,0,4,4,CR-2,MOZIER HOLLOW ROAD,0,39.26238056,-90.72810833,0,5,0,0,3,3,0,1,2,1,0,1,0,0000000,23,18,99,99,99,99,0,0,0,1,0
17,170763,1,1,0,1,1,1,1,31,2719,2,11,2012,6,21,28,0,14,6,ELMHURST RD,,0,42.01324444,-87.94033889,0,8,0,0,1,1,0,1,2,1,0,1,0,0000000,21,29,99,99,88,88,0,0,0,1,0
17,170764,1,1,0,1,1,1,1,199,5250,6,11,2012,3,18,17,0,14,3,SR-37 (COURT ST),SR-13 (DEYOUNG ST),1042,37.74095,-88.93266111,0,8,0,0,3,2,0,1,3,2,0,2,0,0000000,18,17,99,99,99,99,0,0,0,1,0
17,170765,1,1,0,0,0,1,1,143,5215,11,11,2012,1,2,54,0,6,4,CR-D60 (MAPLE ST),,0,40.57654722,-89.72766667,0,53,0,0,1,1,0,4,2,1,0,1,0,0000000,2,54,99,99,88,88,0,0,0,1,1
17,170766,2,2,0,0,0,2,2,167,0,28,11,2012,4,15,47,0,2,3,SR-97,,43,39.81992778,-89.72121667,0,12,2,0,1,1,0,1,1,1,0,1,0,0000000,15,47,99,99,88,88,0,0,0,2,0
17,170767,2,2,0,0,0,2,2,59,0,20,11,2012,3,8,35,0,3,3,SR-1,,145,37.64661667,-88.26201389,0,12,2,0,1,1,0,1,1,1,0,1,0,0000000,8,35,99,99,99,99,0,0,0,1,0
17,170768,2,2,0,1,1,3,3,135,0,26,11,2012,2,9,38,1,1,1,I-55,,615,39.30091389,-89.64201944,0,8,0,0,1,1,0,2,1,1,0,1,0,0000000,9,41,99,99,88,88,0,0,0,1,0
17,170769,2,2,0,0,0,3,3,119,0,10,11,2012,7,12,50,0,4,5,TROY O'FALLON ROAD,,0,38.671725,-89.87604722,0,12,2,0,1,1,0,1,1,1,0,1,0,0000000,12,52,99,99,99,99,0,0,0,1,0
17,170770,1,1,0,0,0,3,3,183,0,5,11,2012,2,19,42,0,14,4,CR-6,,0,40.10864167,-87.58434444,0,5,0,0,1,1,0,1,2,1,0,1,0,0000000,19,42,99,99,99,99,0,0,0,1,0
17,170771,1,1,0,1,1,1,1,119,3550,1,12,2012,7,7,12,1,13,3,SR-3,,1517,38.69403611,-90.16788333,0,8,0,0,1,1,0,4,9,1,0,1,0,0000000,7,12,99,99,88,88,0,0,0,1,0