STATE,ST_CASE,VE_TOTAL,VE_FORMS,PVH_INVL,PEDS,PERNOTMVIT,PERMVIT,PERSONS,COUNTY,CITY,DAY,MONTH,YEAR,DAY_WEEK,HOUR,MINUTE,NHS,ROAD_FNC,ROUTE,TWAY_ID,TWAY_ID2,MILEPT,LATITUDE,LONGITUD,SP_JUR,HARM_EV,MAN_COLL,RELJCT1,RELJCT2,TYP_INT,WRK_ZONE,REL_ROAD,LGT_COND,WEATHER1,WEATHER2,WEATHER,SCH_BUS,RAIL,NOT_HOUR,NOT_MIN,ARR_HOUR,ARR_MIN,HOSP_HR,HOSP_MN,CF1,CF2,CF3,FATALS,DRUNK_DR
17,170772,2,2,0,1,1,2,2,31,7813,12,11,2012,2,22,47,1,12,8,ELGIN O'HARE EXPRESSWAY,,0,41.98991667,-88.12604444,0,8,0,0,1,1,0,2,3,4,0,4,0,0000000,22,47,99,99,99,99,19,0,0,1,0
17,170773,2,2,0,0,0,3,3,197,2060,5,12,2012,4,17,0,0,14,6,STEGER RD (231ST ST),,0,41.46991667,-87.59946944,0,12,1,0,1,1,0,1,3,1,0,1,0,0000000,17,0,99,99,99,99,0,0,0,1,0
17,170774,2,2,0,0,0,2,2,197,0,11,10,2012,5,10,21,1,13,3,SR-394,BEMES RD,22,41.41391111,-87.60118889,0,12,6,0,2,3,1,1,1,1,0,1,0,0000000,10,21,99,99,99,99,0,0,0,1,0
17,170775,1,1,0,0,0,3,3,125,0,28,10,2012,1,1,29,0,6,4,CR-3530,,0,40.17790278,-89.69251667,0,34,0,0,1,1,0,4,2,1,0,1,0,0000000,1,32,99,99,99,99,0,0,0,1,1
17,170776,3,1,2,0,0,4,4,43,460,23,10,2012,3,1,42,0,15,6,STONEBRIDGE RD,,0,41.77936111,-88.24914444,0,33,0,0,1,1,0,4,3,5,0,5,0,0000000,1,42,99,99,99,99,0,0,0,1,0
17,170777,1,1,0,1,1,1,1,31,1670,19,11,2012,2,8,27,0,14,6,CERMAK ROAD,LAFLIN STREET,0,41.85238889,-87.66358333,0,8,0,0,2,3,0,1,1,1,0,1,0,0000000,8,27,99,99,99,99,0,0,0,1,0
17,170778,1,1,0,1,1,1,1,95,3260,28,10,2012,1,3,26,0,14,6,SOUTH ST,,0,40.94387778,-90.374125,0,8,0,0,1,1,0,1,3,1,0,1,0,0000000,3,26,99,99,99,99,0,0,0,1,1
17,170779,1,1,0,1,1,1,1,31,1730,19,10,2012,6,19,30,1,13,3,SR-50,,524,41.83169444,-87.74363333,0,8,0,0,1,1,0,1,3,1,0,1,0,0000000,19,30,99,99,88,88,0,0,0,1,1
17,170780,1,1,0,0,0,1,1,105,0,10,11,2012,7,13,53,1,1,1,I-55,,2100,41.01951667,-88.52824444,0,21,0,0,1,1,0,3,1,1,0,1,0,0000000,13,54,99,99,88,88,0,0,0,1,0
17,170781,2,2,0,0,0,3,3,105,0,21,11,2012,4,5,17,0,3,3,SR-116,,1342,40.87335833,-88.68274722,0,12,6,0,98,1,0,1,2,5,0,5,0,0000000,5,17,99,99,99,99,0,0,0,1,0
17,170782,2,2,0,0,0,2,2,91,0,3,12,2012,2,18,32,1,2,3,SR-1 (SR-17),8500E,2783,41.12731944,-87.71038056,0,12,6,0,2,2,0,1,2,1,0,1,0,0000000,18,32,99,99,99,99,0,0,0,1,0
17,170783,1,1,0,1,1,2,2,75,0,28,11,2012,4,17,40,1,1,1,I-57,,2766,40.66618056,-88.0354,0,8,0,0,1,1,0,1,2,1,0,1,0,0000000,17,40,99,99,99,99,23,0,0,1,0
17,170784,1,1,0,1,1,1,1,75,0,28,11,2012,4,17,40,1,1,1,I-57,,2766,40.66648333,-88.03541111,0,8,0,0,1,1,0,1,2,1,0,1,0,0000000,17,40,99,99,99,99,19,0,0,1,0
17,170785,1,1,0,0,0,1,1,197,0,24,11,2012,7,7,16,0,16,5,ASHLAND AVENUE,,0,41.373125,-87.65040833,0,34,0,0,1,1,0,4,9,1,0,1,0,0000000,7,16,99,99,99,99,0,0,0,1,1
17,170786,2,2,0,0,0,3,3,33,8352,9,8,2012,5,16,44,0,3,3,SR-33,FIREBAUGH AVE,586,39.00351111,-87.82696111,0,12,6,0,2,3,0,1,1,1,0,1,0,0000000,16,44,99,99,99,99,0,0,0,1,0
17,170787,1,1,0,0,0,2,2,165,0,1,12,2012,7,19,59,0,3,3,SR-145,,347,37.605075,-88.54400833,0,23,0,0,1,1,0,4,2,1,0,1,0,0000000,20,8,99,99,99,99,0,0,0,2,1
17,170788,2,2,0,0,0,8,8,91,0,6,12,2012,5,7,15,0,4,3,SR-113,,243,41.2036,-88.01733611,0,12,1,0,1,1,0,1,1,1,0,1,1,0000000,7,15,99,99,99,99,0,0,0,1,0
17,170790,1,1,0,0,0,1,1,163,0,1,9,2012,7,2,30,1,11,1,I-55,,3,38.61658889,-90.17743611,0,20,0,0,1,1,0,3,3,1,0,1,0,0000000,2,30,99,99,99,99,0,0,0,1,1
17,170791,2,2,0,0,0,2,2,163,0,22,10,2012,2,14,30,0,14,3,SR-158,PLUM HILL SCHOOL ROAD,170,38.50478056,-89.9057,0,12,1,0,2,3,0,1,1,2,0,2,0,0000000,14,31,99,99,99,99,0,0,0,1,0
17,170792,2,1,1,0,1,1,2,19,0,3,12,2012,2,11,54,0,4,4,CR-20 (LEVERETT RD),,0,40.18924722,-88.21116944,0,14,0,0,1,1,3,4,1,1,0,1,0,0000000,11,55,99,99,99,99,0,0,0,1,0
17,170793,1,1,0,0,0,3,3,201,7460,4,11,2012,1,1,13,0,15,6,CHARLES ST,POINT AVE,0,42.25356944,-89.03173333,0,30,0,0,3,2,0,4,3,1,0,1,0,0000000,1,13,99,99,99,99,13,0,0,1,0
17,170794,2,2,0,0,0,2,2,91,0,21,11,2012,4,7,53,0,4,4,CR-6,CR-20,0,41.14716111,-88.01071111,0,12,6,0,2,2,0,1,1,5,0,5,0,0000000,7,51,99,99,99,99,0,0,0,1,1
17,170795,1,1,0,1,1,1,1,203,0,15,9,2012,7,15,18,0,4,4,CR-13 (FRONT ST),,0,40.759825,-89.19605278,0,9,0,0,1,1,0,1,1,1,0,1,0,0000000,15,18,99,99,99,99,0,0,0,1,0
17,170796,2,2,0,0,0,4,4,53,0,24,9,2012,2,17,12,1,2,2,US-24,SR-115,2049,40.74819167,-88.1894,0,12,6,0,2,3,0,1,1,1,0,1,0,0000000,17,12,99,99,99,99,0,0,0,1,0
17,170797,2,2,0,0,0,2,2,141,5850,31,7,2012,3,21,5,0,6,5,WILLOW ROAD,,0,42.05636667,-89.45183889,0,12,2,0,1,1,0,1,2,1,0,1,0,0000000,21,5,99,99,99,99,0,0,0,1,1
17,170798,1,1,0,1,1,3,3,19,8770,12,10,2012,6,23,48,1,13,2,US-45 (US-150),,2478,40.11651111,-88.20954167,0,8,0,0,1,1,0,1,3,1,0,1,0,0000000,23,49,99,99,99,99,0,0,0,1,1
17,170799,2,2,0,0,0,2,2,171,0,15,10,2012,2,8,37,0,3,3,SR-100,,875,39.76800278,-90.53293333,0,12,2,0,1,1,0,1,1,1,0,1,0,0000000,8,44,99,99,99,99,0,0,0,1,0
17,170800,1,1,0,0,0,1,1,141,0,16,10,2012,3,20,11,0,2,3,SR-2,,424,42.16343056,-89.23164444,0,42,0,0,1,1,0,4,2,1,0,1,0,0000000,20,11,99,99,88,88,0,0,0,1,0
17,170801,2,2,0,0,0,2,2,141,0,15,8,2012,4,21,34,1,2,3,SR-26,SR-64,1046,42.04763889,-89.58758889,0,12,6,0,2,3,0,1,3,1,0,1,0,0000000,21,34,99,99,99,99,0,0,0,1,0
17,170802,2,2,0,0,0,2,2,115,2250,14,11,2012,4,17,8,0,13,3,SR-105 (LAKE SHORE DR),SILAS ST,20,39.82602778,-88.94326944,0,12,1,0,3,3,0,1,5,1,0,1,1,0000000,17,8,99,99,99,99,0,0,0,1,0
17,170803,1,1,0,0,0,1,1,85,0,17,11,2012,7,12,9,0,6,5,NORTH RD,,0,42.50689444,-90.36270278,0,1,0,0,1,1,0,1,1,1,0,1,0,0000000,12,12,99,99,99,99,0,0,0,1,0
17,170804,1,1,0,1,1,1,1,111,2100,19,11,2012,2,17,45,1,13,2,US-14 (NORTHWEST HWY),,294,42.225275,-88.28450278,0,9,0,0,1,1,0,1,3,1,0,1,0,0000000,17,50,99,99,88,88,0,0,0,1,0
17,170805,1,1,0,1,1,1,1,31,3790,4,11,2012,1,0,26,1,13,2,US-6,,1708,41.60087778,-87.64148333,0,8,0,0,1,1,0,4,3,1,0,1,0,0000000,0,26,99,99,99,99,0,0,0,1,0
17,170806,2,2,0,0,0,2,2,141,0,22,11,2012,5,9,41,0,4,4,CR-6 (PINES RD),,0,42.00331389,-89.3748,0,12,2,0,1,1,0,1,1,1,0,1,0,0000000,9,44,99,99,88,88,0,0,0,2,0
17,170807,1,1,0,0,0,1,1,97,3130,31,10,2012,4,14,40,1,13,2,US-12 (RAND RD),HARTIGAN RD,139,42.36323889,-88.16916667,0,46,0,0,3,2,0,4,1,1,0,1,0,0000000,14,40,99,99,88,88,0,0,0,1,0
17,170808,1,1,0,1,1,1,1,31,5280,29,11,2012,5,16,52,1,11,1,I-57,,3492,41.61444167,-87.69260833,0,8,0,0,1,1,0,1,3,1,0,1,0,0000000,16,53,99,99,99,99,0,0,0,1,0
17,170809,2,2,0,0,0,2,2,17,8930,11,11,2012,1,13,14,0,14,3,SR-78,,175,39.95029167,-90.21008056,0,12,2,0,1,1,0,1,1,1,0,1,0,0000000,13,14,99,99,99,99,0,0,0,1,0
17,170810,2,2,0,0,0,2,2,19,0,21,11,2012,4,7,32,0,3,3,SR-49,CR-14,794,40.07621944,-87.95851944,0,12,6,0,2,2,0,1,1,5,0,5,0,0000000,7,32,99,99,99,99,0,0,0,1,0
17,170811,1,1,0,0,0,1,1,119,1910,8,11,2012,5,9,45,0,14,6,BELTLINE ROAD,,0,38.69151667,-89.99825833,0,42,0,0,1,1,0,4,1,1,0,1,0,0000000,9,45,99,99,99,99,0,0,0,1,0
17,170813,1,1,0,1,1,1,1,31,1670,3,11,2012,7,21,35,0,16,6,DIVERSEY AVENUE,MASON AVENUE,0,41.93116111,-87.77475,0,8,0,0,2,2,0,1,3,1,0,1,0,0000000,21,37,99,99,99,99,0,0,0,1,0
17,170814,2,2,0,0,0,4,4,201,0,15,12,2012,7,13,58,0,3,3,SR-75 (FREEPORT RD),MERIDIAN RD,289,42.42521111,-89.17481111,0,12,6,0,2,2,0,1,1,2,0,2,0,0000000,13,58,99,99,99,99,0,0,0,1,0
17,170815,1,1,0,1,1,1,1,197,2060,11,11,2012,1,20,17,0,13,3,SR-1,,3045,41.44434444,-87.63130833,0,8,0,0,1,1,0,1,2,2,0,2,0,0000000,20,17,99,99,99,99,0,0,0,1,0
17,170816,1,1,0,0,0,2,2,31,5380,12,12,2012,4,23,15,1,11,1,I-57 RAMP,,0,41.507475,-87.74050278,0,35,0,1,5,1,0,4,3,1,0,1,0,0000000,23,17,99,99,99,99,0,0,0,1,1
17,170817,1,1,0,0,0,1,1,31,7502,1,11,2012,5,14,30,0,14,6,DES PLAINES RIVER ROAD,HIGGINS ROAD,0,41.99108889,-87.85983889,0,43,0,0,2,2,0,4,1,1,0,1,0,0000000,14,20,99,99,99,99,0,0,0,1,0
17,170818,1,1,0,0,0,1,1,111,9560,9,9,2012,1,2,0,1,13,2,US-14,,172,42.30843611,-88.472175,0,41,0,0,1,1,0,4,2,1,0,1,0,0000000,2,49,99,99,88,88,0,0,0,1,1
17,170819,1,1,0,0,0,1,1,89,8100,15,9,2012,7,18,15,0,16,6,STONE ST,,0,41.99687778,-88.29770278,0,18,0,0,1,1,1,1,1,1,0,1,0,0000000,18,15,99,99,99,99,3,0,0,1,1
17,170820,1,1,0,0,0,3,3,97,3130,29,9,2012,7,16,6,0,16,6,NIPPERSINK BLVD,,0,42.40249444,-88.18291667,0,42,0,0,1,1,0,4,1,1,0,1,0,0000000,16,6,99,99,99,99,0,0,0,1,1
17,170821,1,1,0,1,1,1,1,31,7165,22,10,2012,2,2,59,1,13,3,SR-21 (MILWAUKEE AVE),,69,42.10035833,-87.88301111,0,8,0,0,1,1,0,1,2,1,0,1,0,0000000,2,59,99,99,99,99,0,0,0,1,0
17,170822,2,2,0,0,0,2,2,197,0,2,12,2012,1,2,8,0,15,6,80TH AVE,183RD ST,0,41.55825278,-87.81226667,0,12,6,0,2,2,0,1,3,2,0,2,0,0000000,2,9,99,99,99,99,0,0,0,1,1
17,170823,2,2,0,0,0,2,2,89,0,6,12,2012,5,10,16,0,13,3,SR-72,,774,42.09758333,-88.400725,0,12,2,0,1,1,0,1,1,1,0,1,0,0000000,10,16,99,99,99,99,0,0,0,1,0
17,170824,1,1,0,0,0,1,1,31,1670,2,12,2012,1,3,20,0,15,6,CLARK ST,,0,41.86037778,-87.63025,0,30,0,0,1,1,0,4,3,1,0,1,0,0000000,3,22,99,99,99,99,0,0,0,1,1
17,170825,2,2,0,0,0,2,2,115,2250,1,12,2012,7,4,50,1,13,2,US-36,MARTIN LUTHER KING JUNIOR DR.,1394,39.84593056,-88.94961944,0,12,2,0,2,2,0,1,3,1,0,1,0,0000000,4,50,99,99,99,99,0,0,0,1,1
17,170826,1,1,0,0,0,2,2,83,0,23,12,2012,1,11,20,0,2,3,SR-16,,105,39.1125,-90.47998889,0,32,0,0,1,1,0,4,1,1,0,1,0,0000000,11,26,99,99,88,88,0,0,0,1,0
17,170827,2,2,0,0,0,3,3,31,0,17,10,2012,4,7,15,1,11,1,I-294 RAMP,CERMAK RD,0,41.84776111,-87.917,0,12,6,1,2,3,0,1,1,1,0,1,0,0000000,7,20,99,99,99,99,0,0,0,1,0
17,170828,1,1,0,1,1,1,1,31,1670,8,12,2012,7,3,40,0,14,6,PULASKI ROAD,31ST STREET,0,41.83696667,-87.72434167,0,8,0,0,3,2,0,1,3,2,0,2,0,0000000,3,45,99,99,99,99,0,0,0,1,0
17,170829,1,1,0,0,0,1,1,91,5200,2,12,2012,1,22,30,0,16,6,AMBERSTONE RD,,0,41.23214722,-87.84644167,0,42,0,0,1,1,0,4,2,5,0,5,0,0000000,7,26,99,99,88,88,18,0,0,1,1
17,170830,1,1,0,1,1,1,1,163,120,25,11,2012,1,5,13,1,13,3,SR-15,POCKET ROAD,36,38.59155,-90.11831944,0,8,0,0,2,2,0,1,3,1,0,1,0,0000000,5,13,99,99,88,88,0,0,0,1,0
17,170831,1,1,0,1,1,1,1,89,0,10,12,2012,2,19,36,0,14,4,CR-24 (JERICHO RD),,0,41.73443056,-88.48504722,0,8,0,0,1,1,0,1,2,1,0,1,0,0000000,19,36,99,99,88,88,0,0,0,1,0
17,170832,2,2,0,0,0,3,3,201,0,16,12,2012,1,19,24,0,14,6,FOREST HILLS RD,RIVER LN,0,42.31058889,-89.04125278,0,12,6,0,2,2,0,1,3,1,0,1,0,0000000,19,25,99,99,99,99,0,0,0,1,1
17,170833,2,2,0,0,0,3,3,37,2280,15,12,2012,7,19,0,0,3,6,BETHANY RD,,0,41.96805278,-88.74296944,0,12,6,0,1,1,0,1,2,2,0,2,0,0000000,19,0,99,99,99,99,0,0,0,1,0
17,170834,2,1,1,0,0,1,1,31,1670,12,12,2012,4,4,23,1,15,6,MONTROSE AVE,,0,41.96138056,-87.68436667,0,14,0,0,1,1,0,4,1,1,0,1,0,0000000,4,23,99,99,99,99,0,0,0,1,1
17,170835,4,1,3,1,1,1,1,31,1670,18,12,2012,3,9,50,0,16,6,LANGLEY AVE,,0,41.77272222,-87.60821111,0,8,0,0,1,1,0,1,1,1,0,1,0,0000000,9,54,99,99,88,88,0,0,0,1,0
17,170836,2,2,0,0,0,2,2,31,1670,12,9,2012,4,9,0,0,14,6,BELMONT AVE,KEDZIE AVE,0,41.93928889,-87.70761944,0,12,6,0,2,7,0,1,1,1,0,1,0,0000000,9,2,99,99,99,99,0,0,0,1,0
17,170837,1,1,0,1,1,1,1,31,1670,27,9,2012,5,18,54,0,14,6,79TH ST,,0,41.75118611,-87.61027222,0,8,0,0,1,1,0,1,2,1,0,1,0,0000000,18,56,99,99,99,99,0,0,0,1,0
17,170838,3,1,2,1,1,1,1,31,1670,22,9,2012,7,2,0,0,13,6,PULASKI RD,,0,41.77431389,-87.72264444,0,14,0,0,1,1,0,4,3,2,0,2,0,0000000,2,5,99,99,99,99,0,0,0,1,1
17,170839,1,1,0,1,1,1,1,31,1670,14,10,2012,1,3,10,0,15,6,DIVISION ST,WALLER AVE,0,41.9021,-87.76805278,0,8,0,0,3,2,0,1,3,2,0,2,0,0000000,5,40,99,99,99,99,0,0,0,1,0
17,170840,2,2,0,0,0,2,2,31,1670,18,8,2012,7,16,55,0,15,6,MILWAUKEE AVENUE,,0,41.9374,-87.72106111,0,12,2,0,1,1,0,1,1,1,0,1,0,0000000,17,40,99,99,99,99,0,0,0,1,0
17,170841,2,1,1,0,0,2,2,91,0,8,12,2012,7,6,29,1,1,1,I-57,,3248,41.29306944,-87.83153056,0,14,0,0,1,1,0,2,1,1,0,1,0,0000000,6,29,99,99,99,99,0,0,0,1,0
17,170842,2,2,0,0,0,2,2,41,0,7,12,2012,6,18,7,0,3,3,SR-130,,1147,39.83586944,-88.16021389,0,12,6,0,1,1,0,1,2,2,0,2,0,0000000,18,7,99,99,99,99,0,0,0,1,0
17,170843,1,1,0,0,0,2,2,179,0,11,12,2012,3,8,25,0,4,4,CR-6 (MACKINAW RD),,0,40.52231667,-89.35401389,0,1,0,0,1,1,0,1,1,1,0,1,0,0000000,8,30,99,99,99,99,0,0,0,1,0
17,170844,1,1,0,1,1,1,1,31,1670,12,9,2012,4,11,0,0,15,6,DR. MARTIN LUTHER KING JR. DR.,76TH,0,41.75658056,-87.61508056,0,9,0,0,2,2,0,1,1,1,0,1,0,0000000,12,0,99,99,99,99,0,0,0,1,0
17,170845,1,1,0,1,1,1,1,31,1670,19,10,2012,6,2,2,0,15,6,MILWAUKEE AVE,,0,41.91298611,-87.68151944,0,15,0,0,1,1,0,1,3,2,0,2,0,0000000,2,4,99,99,99,99,0,0,0,1,1
17,170846,1,1,0,2,2,1,1,31,1670,12,11,2012,2,18,5,0,16,6,MAPLEWOOD AVE,DEVON AVE,0,41.9977,-87.69355,0,8,0,0,3,2,0,1,2,1,0,1,0,0000000,18,16,99,99,99,99,0,0,0,1,0
17,170847,2,2,0,0,0,4,4,31,1670,24,11,2012,7,5,30,0,15,6,DIVISION STREET,CENTRAL PARK AVENUE,0,41.90271111,-87.71653889,0,12,6,0,2,2,0,1,3,1,0,1,0,0000000,5,36,99,99,99,99,0,0,0,1,0
17,170848,1,1,0,0,0,2,2,31,1670,20,11,2012,3,4,22,0,15,6,DAMEN AVE,,0,41.846925,-87.6757,0,33,0,0,1,1,0,4,3,2,0,2,0,0000000,4,27,99,99,88,88,0,0,0,1,0
17,170849,3,1,2,0,0,1,1,31,2870,7,11,2012,4,14,21,0,16,6,JUDSON AVE,,0,42.03186389,-87.67568056,0,14,0,0,1,1,0,4,1,1,0,1,0,0000000,14,21,99,99,88,88,0,0,0,1,0
17,170850,1,1,0,1,1,1,1,31,0,5,11,2012,2,16,30,1,2,5,TOUHY AVENUE,,0,42.01033333,-87.86006389,0,8,0,0,1,1,0,4,9,1,0,1,0,0000000,99,99,99,99,99,99,0,0,0,1,0
17,170852,2,2,0,0,0,2,2,21,0,15,12,2012,7,1,3,0,4,4,CR-22,,0,39.62597778,-89.28888056,0,12,2,0,1,1,0,1,2,1,0,1,0,0000000,1,4,99,99,99,99,0,0,0,1,1
17,170853,2,2,0,0,0,2,2,27,0,20,12,2012,5,18,17,1,2,2,US-50,,645,38.61681111,-89.25154444,0,12,2,0,1,1,0,1,2,4,0,4,0,0000000,18,17,99,99,99,99,0,0,0,1,0
17,170854,2,2,0,0,0,4,4,99,0,7,11,2012,4,8,42,0,3,3,SR-71,,225,41.31196389,-88.97191111,0,12,2,0,1,1,0,1,1,1,0,1,0,0000000,8,42,99,99,99,99,0,0,0,1,1
17,170855,2,2,0,0,0,3,3,201,0,10,12,2012,2,13,43,1,2,2,US-20,STATE STREET,781,42.28753889,-89.35405,0,12,6,0,2,2,0,1,1,1,0,1,0,0000000,13,43,99,99,99,99,0,0,0,2,0
17,170856,1,1,0,0,0,2,2,31,1670,23,12,2012,1,2,25,1,11,1,I-90,,809,41.98239167,-87.81442222,0,20,0,1,18,1,0,8,3,1,0,1,0,0000000,2,29,99,99,99,99,0,0,0,1,1
17,170858,1,1,0,0,0,1,1,165,0,24,12,2012,2,11,30,1,2,2,US-45,,718,37.82345278,-88.42662778,0,34,0,0,1,1,0,4,1,1,0,1,0,0000000,11,37,99,99,99,99,0,0,0,1,0
17,170859,2,2,0,0,0,2,2,149,0,31,12,2012,2,8,8,0,4,3,SR-106,,386,39.62742778,-90.88274722,0,12,6,0,1,1,0,1,1,4,0,4,0,0000000,8,8,99,99,99,99,0,0,0,1,0
17,170860,3,3,0,0,0,9,9,31,6280,14,10,2012,1,13,5,1,13,2,US-41 RAMP,,0,42.15234444,-87.797975,0,12,1,1,5,1,0,1,1,1,0,1,0,0000000,13,10,99,99,99,99,0,0,0,1,0
17,170861,1,1,0,0,0,1,1,31,1670,17,10,2012,4,21,14,1,12,6,CORNELL,,0,41.7848,-87.58468056,0,42,0,0,1,1,0,4,3,2,0,2,0,0000000,22,0,99,99,88,88,0,0,0,1,0
17,170862,1,1,0,1,1,1,1,31,8030,8,11,2012,5,18,43,0,13,6,SKOKIE,,0,42.03330833,-87.74730278,0,9,0,0,1,1,0,1,2,1,0,1,0,0000000,18,43,99,99,99,99,0,0,0,1,0
17,170863,1,1,0,0,0,1,1,31,6380,10,11,2012,7,20,47,0,15,6,OAK PARK AVENUE,,0,41.62260556,-87.78602778,0,1,0,0,1,1,0,1,3,1,0,1,0,0000000,20,47,99,99,99,99,0,0,0,1,0
17,170864,2,2,0,0,0,3,3,31,7380,25,11,2012,1,10,1,0,14,6,KEDZIE AVE,139TH ST,0,41.64053056,-87.69888333,0,12,6,0,2,2,0,1,1,1,0,1,0,0000000,10,1,99,99,99,99,0,0,0,1,1
17,170865,1,1,0,1,1,1,1,31,7765,5,12,2012,4,20,2,0,14,6,SAUK TRL,,0,41.48947222,-87.56388611,0,8,0,0,1,1,0,1,3,1,0,1,0,0000000,20,3,99,99,99,99,0,0,0,1,0
17,170866,2,2,0,0,0,3,3,31,0,31,12,2012,2,6,11,1,13,3,SR-83 (KINGERY HWY),,320,41.70121944,-87.939325,0,12,1,0,1,1,0,1,2,1,0,1,0,0000000,6,11,99,99,99,99,0,0,0,1,0
17,170867,1,1,0,2,2,1,1,197,4300,1,12,2012,7,6,45,0,16,6,CURTIS AVE,,0,41.54674444,-88.10503056,0,8,0,0,1,1,0,1,4,1,0,1,0,0000000,6,45,99,99,99,99,0,0,0,1,0
17,170868,1,1,0,0,0,2,2,141,0,2,12,2012,1,21,43,0,4,4,CR-33 (KISHWAUKEE RD),,0,42.12106667,-89.22598333,0,24,0,0,1,1,0,4,2,5,0,5,0,0000000,21,43,99,99,99,99,0,0,0,1,1
17,170869,1,1,0,0,0,3,3,31,1670,16,10,2012,3,8,15,0,15,6,115TH STREET,,0,41.68478611,-87.66368056,0,10,0,0,6,1,0,1,1,1,0,1,0,608310D,8,17,99,99,99,99,0,0,0,1,1
17,170870,2,2,0,0,0,2,2,31,3996,5,12,2012,4,4,11,0,13,6,BARRINGTON RD,,0,42.05779444,-88.14453056,0,12,2,0,1,1,0,1,3,1,0,1,0,0000000,4,11,99,99,99,99,0,0,0,1,0
17,170871,1,1,0,1,1,1,1,31,1050,12,10,2012,6,15,38,0,15,6,MAPLE AVENUE,MONROE AVENUE,0,41.82937222,-87.85158056,0,8,0,0,2,2,0,1,1,1,0,1,0,0000000,15,37,99,99,99,99,0,0,0,1,0
17,170872,2,2,0,0,0,5,5,111,3770,16,10,2012,3,1,5,0,13,2,US-14 (DIVISION ST),,44,42.43200278,-88.61354722,0,12,2,0,1,1,0,1,2,1,0,1,0,0000000,1,5,99,99,99,99,0,0,0,1,1
17,170873,3,3,0,0,0,4,4,173,0,20,12,2012,5,18,8,0,3,3,SR-128,,451,39.56911667,-88.80887778,0,12,2,0,1,1,0,1,2,4,0,4,0,0000000,18,8,99,99,99,99,0,0,0,1,0
17,170874,1,1,0,0,0,1,1,41,0,6,12,2012,5,16,29,0,4,4,CR-21 (RARDIN RD),,0,39.65878333,-88.10074167,0,34,0,0,1,1,0,4,1,1,0,1,0,0000000,16,29,99,99,88,88,0,0,0,1,1
17,170875,1,1,0,0,0,1,1,117,0,20,12,2012,5,15,33,0,6,5,RUST RD,,0,39.02053333,-89.92825278,0,35,0,0,1,1,0,4,1,4,0,4,0,0000000,15,33,99,99,88,88,0,0,0,1,0
17,170876,1,1,0,0,0,1,1,161,5670,10,12,2012,2,3,14,0,14,6,RIVER DR,,0,41.5154,-90.47533056,0,33,0,0,1,1,0,4,3,1,0,1,0,0000000,3,14,99,99,88,88,0,0,0,1,1
17,170878,1,1,0,0,0,1,1,49,0,22,10,2012,2,11,15,1,1,1,I-57,,1670,39.20007222,-88.49915556,0,42,0,0,1,1,0,3,1,1,0,1,0,0000000,11,21,99,99,99,99,0,0,0,1,0
17,170879,2,2,0,0,0,3,3,89,0,14,11,2012,4,23,52,0,13,4,CR-34 (RANDALL RD),,0,41.8342,-88.34051389,0,12,2,0,1,1,0,1,2,1,0,1,0,0000000,23,52,99,99,99,99,0,0,0,1,1
17,170880,1,1,0,0,0,1,1,111,4286,24,11,2012,7,22,20,0,14,6,RINGWOOD ROAD,,0,42.37671667,-88.30616944,0,42,0,0,1,1,0,4,2,1,0,1,0,0000000,22,20,99,99,99,99,0,0,0,1,1
17,170882,2,2,0,0,0,2,2,91,4380,16,12,2012,1,21,30,0,13,2,US-45,SOUTH TECH ROAD,3229,41.08615,-87.86895556,0,12,1,0,3,3,0,1,3,1,0,1,0,0000000,21,17,99,99,99,99,0,0,0,1,1
17,170883,2,2,0,0,0,3,3,31,3790,4,11,2012,1,4,2,1,13,2,US-6 (159TH ST),,1707,41.60086944,-87.64251944,0,12,1,0,1,1,0,1,2,1,0,1,0,0000000,4,2,99,99,88,88,19,0,0,1,1
17,170884,4,4,0,0,0,6,6,89,9997,1,12,2012,7,20,45,0,13,3,SR-38,,592,41.90576111,-88.44487222,0,12,2,0,1,1,0,1,2,1,0,1,0,0000000,20,45,99,99,99,99,0,0,0,2,1
17,170885,1,1,0,1,1,1,1,31,2330,3,11,2012,7,19,3,1,13,3,SR-83,,561,42.03030278,-87.94058333,0,8,0,0,1,1,0,1,3,1,0,1,0,0000000,19,3,99,99,99,99,0,0,0,1,0
17,170886,1,1,0,0,0,1,1,151,0,21,11,2012,4,22,7,0,6,5,STONE BOTTOMS ROAD,,0,37.53738889,-88.56148056,0,1,0,0,1,1,0,1,2,1,0,1,0,0000000,22,11,99,99,99,99,0,0,0,1,1
17,170887,2,2,0,0,0,5,5,97,7550,21,11,2012,4,21,17,0,14,4,CR-28 (CEDAR LAKE RD),,0,42.34685556,-88.09710278,0,12,2,0,1,1,0,1,2,1,0,1,0,0000000,21,17,99,99,99,99,0,0,0,1,1
17,170888,2,2,0,0,0,3,3,109,0,2,11,2012,6,12,32,1,2,2,US-136,,457,40.45526111,-90.56121944,0,12,2,0,1,1,0,1,1,1,0,1,0,0000000,12,32,99,99,99,99,0,0,0,1,0
17,170889,1,1,0,1,1,3,3,31,0,17,11,2012,7,18,40,0,15,5,MICHIGAN CITY RD,,0,41.61390556,-87.56386111,0,8,0,0,1,1,0,1,2,1,0,1,0,0000000,18,40,99,99,99,99,0,0,0,1,0