STATE,ST_CASE,VE_TOTAL,VE_FORMS,PVH_INVL,PEDS,PERNOTMVIT,PERMVIT,PERSONS,COUNTY,CITY,DAY,MONTH,YEAR,DAY_WEEK,HOUR,MINUTE,NHS,ROAD_FNC,ROUTE,TWAY_ID,TWAY_ID2,MILEPT,LATITUDE,LONGITUD,SP_JUR,HARM_EV,MAN_COLL,RELJCT1,RELJCT2,TYP_INT,WRK_ZONE,REL_ROAD,LGT_COND,WEATHER1,WEATHER2,WEATHER,SCH_BUS,RAIL,NOT_HOUR,NOT_MIN,ARR_HOUR,ARR_MIN,HOSP_HR,HOSP_MN,CF1,CF2,CF3,FATALS,DRUNK_DR
17,170890,2,2,0,0,0,2,2,75,0,21,11,2012,4,8,11,0,3,3,SR-49,CR-30,1353,40.80711944,-87.863975,0,12,6,0,2,3,0,1,1,5,0,5,0,0000000,8,11,99,99,99,99,0,0,0,1,0
17,170891,1,1,0,0,0,1,1,111,4090,1,12,2012,7,14,4,0,15,6,DEL WEBB,,0,42.15644167,-88.45472222,0,1,0,0,1,1,0,1,1,1,0,1,0,0000000,14,5,99,99,99,99,0,0,0,1,0
17,170892,2,2,0,0,0,2,2,31,140,17,12,2012,2,22,11,1,13,3,SR-50 (CICERO AVE),,402,41.65591111,-87.73839444,0,12,7,0,1,1,0,1,3,1,0,1,0,0000000,22,11,99,99,99,99,0,0,0,1,1
17,170893,1,1,0,0,0,1,1,31,4010,15,12,2012,7,1,51,0,15,6,WILLOW RD,,0,41.55349722,-87.65948611,0,31,0,0,1,1,0,4,3,1,0,1,0,0000000,1,51,99,99,99,99,0,0,0,1,1
17,170894,1,1,0,0,0,2,2,175,0,26,11,2012,2,18,56,0,3,3,SR-78,,1076,41.07320556,-89.92611389,0,32,0,0,1,1,0,4,2,1,0,1,0,0000000,18,56,99,99,99,99,0,0,0,1,1
17,170895,1,1,0,0,0,1,1,75,0,18,12,2012,3,16,45,0,4,4,CR-10,,0,40.51750833,-88.03500278,0,34,0,0,1,1,0,4,2,1,0,1,0,0000000,16,59,99,99,99,99,0,0,0,1,0
17,170896,2,2,0,0,0,2,2,197,4001,15,12,2012,7,16,16,0,14,6,CEDAR RD,167TH ST (DIVISION ST),0,41.58441111,-87.97788333,0,12,6,0,2,2,0,1,5,2,0,2,0,0000000,16,16,99,99,99,99,0,0,0,1,0
17,170897,1,1,0,0,0,2,2,89,1390,19,12,2012,4,0,36,0,5,3,SR-31,,329,42.10986111,-88.29568611,0,42,0,0,1,1,0,4,3,1,0,1,0,0000000,0,35,99,99,99,99,0,0,0,1,1
17,170898,1,1,0,0,0,1,1,37,0,26,12,2012,4,14,52,0,3,4,CR-27,,0,41.94915,-88.69257778,0,1,0,0,1,1,0,4,1,1,0,1,0,0000000,14,52,99,99,99,99,0,0,0,1,1
17,170899,2,2,0,0,0,2,2,163,0,20,12,2012,5,18,16,0,4,4,CR-P60 (FLORAVILLE RD),,0,38.37991667,-90.05618056,0,12,1,0,1,1,0,1,2,1,0,1,0,0000000,18,16,99,99,88,88,0,0,0,1,0
17,170900,2,2,0,0,0,5,5,31,2719,25,12,2012,3,20,20,1,13,3,SR-72 (OAKTON ST),BUSSE RD,1014,42.02243056,-87.95988889,0,12,6,0,2,2,0,1,2,1,0,1,0,0000000,20,20,99,99,99,99,0,0,0,1,0
17,170901,1,1,0,0,0,1,1,119,3550,7,12,2012,6,0,42,0,13,3,SR-23,,70,38.73146389,-90.12390278,0,30,0,0,1,1,0,4,2,1,0,1,0,0000000,0,42,99,99,99,99,0,0,0,1,1
17,170902,2,2,0,0,0,4,4,31,1670,25,12,2012,3,4,45,0,14,6,PULASKI ROAD,,0,41.92865278,-87.726875,0,12,6,0,1,1,0,1,2,1,0,1,0,0000000,6,15,99,99,99,99,0,0,0,1,0
17,170903,2,1,1,0,0,1,1,31,1670,24,12,2012,2,3,46,1,14,6,ASHLAND AVE,,0,41.84788056,-87.66594167,0,14,0,0,1,1,0,4,3,1,0,1,0,0000000,3,55,99,99,88,88,0,0,0,1,1
17,170904,2,1,1,1,1,1,1,161,7470,19,9,2012,4,23,13,0,16,6,15TH ST,,0,41.502175,-90.57716389,0,8,0,0,1,1,0,1,3,1,0,1,0,0000000,23,13,99,99,99,99,14,0,0,1,1
17,170905,1,1,0,1,1,1,1,31,280,18,12,2012,3,16,34,1,13,3,SR-58,,149,42.05140556,-87.97636111,0,9,0,0,1,1,0,1,3,2,0,2,0,0000000,16,34,99,99,99,99,0,0,0,1,0
17,170906,3,3,0,0,0,7,7,111,7270,23,12,2012,1,15,18,1,13,2,US-12 (MAIN ST),,24,42.46117222,-88.30632778,0,12,2,0,1,1,0,1,1,1,0,1,0,0000000,15,18,99,99,99,99,0,0,0,1,0
17,170908,1,1,0,0,0,1,1,179,2600,30,12,2012,1,20,30,0,14,2,US-150 (MEADOWS AVE),,990,40.64335556,-89.50795,0,1,0,0,1,1,0,4,3,1,0,1,0,0000000,11,2,99,99,88,88,18,0,0,1,1
17,170909,2,2,0,0,0,3,3,31,6180,8,11,2012,5,15,30,1,13,3,SR-58 (GOLF RD),WASHINGTON ST,229,42.05486944,-87.82553889,0,12,6,0,2,2,0,1,1,1,0,1,0,0000000,15,34,99,99,99,99,0,0,0,1,0
17,170910,1,1,0,0,0,1,1,31,0,6,12,2012,5,19,35,1,12,1,I-294,,452,41.61651944,-87.68626111,0,25,0,0,1,1,1,3,3,1,0,1,0,0000000,19,35,99,99,88,88,0,0,0,1,0
17,170911,3,1,2,0,0,1,1,31,1670,14,12,2012,6,13,30,0,16,6,ARGYLE ST,,0,41.97265556,-87.66113889,0,14,0,0,1,1,0,4,1,1,0,1,0,0000000,13,30,99,99,99,99,0,0,0,1,0
17,170912,2,2,0,0,0,4,4,163,2610,21,12,2012,6,21,41,0,14,6,25TH ST,,0,38.60773611,-90.13196667,0,12,8,0,1,1,0,1,3,1,0,1,0,0000000,99,99,99,99,99,99,0,0,0,1,0
17,170913,2,2,0,0,0,2,2,31,2390,16,12,2012,1,5,21,1,11,1,I-94 (BISHOP FORD EXPWY),,709,41.63012222,-87.57862778,0,12,1,0,1,1,0,1,3,2,0,2,0,0000000,5,22,99,99,99,99,0,0,0,1,0
17,170914,1,1,0,1,1,1,1,31,1670,22,12,2012,7,7,58,1,13,2,US-12 (95TH ST),JEFFERY BLVD,807,41.72248056,-87.57533889,0,8,0,0,3,2,0,1,1,1,0,1,0,0000000,8,0,99,99,99,99,0,0,0,1,0
17,170915,1,1,0,0,0,1,1,43,0,19,12,2012,4,7,26,0,15,4,CR-5 (PARK BLVD),,0,41.81858889,-88.07158333,0,38,0,0,1,1,0,4,9,99,0,99,0,0000000,7,26,99,99,88,88,0,0,0,1,1
17,170916,2,2,0,0,0,3,3,43,0,26,12,2012,4,15,1,1,13,3,SR-83 (KINGERY HWY),,326,41.70926944,-87.94496111,0,12,6,0,8,1,0,1,1,1,0,1,0,0000000,15,1,99,99,99,99,0,0,0,1,0
17,170917,1,1,0,1,1,1,1,31,1670,17,11,2012,7,0,43,1,13,3,SR-50,,500,41.79680556,-87.742775,0,8,0,0,1,1,0,1,3,1,0,1,0,0000000,0,47,99,99,99,99,0,0,0,1,0
17,170918,2,2,0,0,0,4,4,43,9250,30,12,2012,1,19,30,0,14,6,CASS AVE,MELROSE AVE,0,41.80516111,-87.97566944,0,12,6,0,2,3,0,1,3,1,0,1,0,0000000,19,30,99,99,99,99,0,0,0,1,0
17,170920,2,2,0,0,0,2,2,179,2600,17,11,2012,7,19,53,1,11,1,I-74,,939,40.68494444,-89.58248889,0,12,1,0,1,1,0,1,3,1,0,1,0,0000000,19,53,99,99,99,99,0,0,0,1,2
17,170921,1,1,0,1,1,1,1,31,7813,8,12,2012,7,0,37,0,14,6,SCHAUMBURG ROAD,BRANCHWOOD DRIVE,0,42.02698056,-88.08793889,0,8,0,0,2,2,0,1,3,2,0,2,0,0000000,0,37,99,99,88,88,0,0,0,1,0
17,170922,1,1,0,0,0,2,2,31,0,25,12,2012,3,16,8,0,15,5,TECHNY RD,,0,42.11663889,-87.86626389,0,30,0,0,1,1,0,4,2,4,0,4,0,0000000,16,10,99,99,99,99,0,0,0,1,0
17,170924,1,1,0,1,1,1,1,31,1670,16,9,2012,1,4,55,0,16,6,KEDVALE AVE,,0,41.84230278,-87.72815,0,8,0,0,1,1,0,1,3,1,0,1,0,0000000,5,28,99,99,99,99,0,0,0,1,0
17,170925,1,1,0,2,2,1,1,31,1670,16,11,2012,6,18,40,0,13,6,WESTERN AVE,,0,41.9723,-87.68902222,0,8,0,0,1,1,0,1,3,3,0,3,0,0000000,18,40,99,99,99,99,0,0,0,1,0
17,170926,1,1,0,1,1,4,4,31,1670,17,11,2012,7,23,17,0,13,6,STONY ISLAND AVE,79TH ST,0,41.7515,-87.58576944,0,8,0,0,3,7,0,1,3,1,0,1,0,0000000,23,17,99,99,99,99,0,0,0,1,0
17,170927,1,1,0,1,1,2,2,31,1670,9,11,2012,6,7,5,0,14,6,BROADWAY ST,LAWRENCE AVE,0,41.96903056,-87.65963056,0,8,0,0,3,2,0,1,1,1,0,1,0,0000000,7,5,99,99,99,99,0,0,0,1,1
17,170928,1,1,0,0,0,3,3,31,1670,9,12,2012,1,5,30,0,16,6,ORIOLE AVE,,0,41.98850278,-87.81676944,0,5,0,0,1,1,0,1,4,2,0,2,0,0000000,6,15,6,15,99,99,0,0,0,1,0
17,170929,1,1,0,1,1,1,1,31,1670,13,12,2012,5,10,10,0,16,6,24TH PL,,0,41.84808056,-87.64427778,0,9,0,0,8,1,0,1,1,1,0,1,0,0000000,10,15,99,99,99,99,0,0,0,1,0
17,170930,1,1,0,1,1,1,1,31,1670,1,12,2012,7,12,6,0,13,6,STONY ISLAND AVE,76TH ST,0,41.757075,-87.58571389,0,8,0,0,3,2,0,1,1,1,0,1,0,0000000,12,8,99,99,99,99,0,0,0,1,0
17,170931,1,1,0,1,1,1,1,183,2220,21,12,2012,6,12,23,0,14,6,LIBERTY LANE,US-136 (VERMILION ST),2167,40.17495556,-87.63024444,0,8,0,0,3,2,0,1,1,1,0,1,0,0000000,12,25,99,99,99,99,0,0,0,1,0
17,170932,1,1,0,0,0,1,1,31,7320,12,9,2012,4,12,23,1,11,1,I-57,,3519,41.64443889,-87.66128056,0,42,0,0,1,1,0,4,1,1,0,1,0,0000000,12,23,99,99,88,88,0,0,0,1,1
17,170933,1,1,0,0,0,1,1,97,9650,12,6,2012,3,11,24,1,13,3,SR-173 (21ST ST),,653,42.45716667,-87.84192222,0,42,0,0,1,1,0,5,1,1,0,1,0,0000000,11,24,99,99,99,99,0,0,0,1,0
18,180001,1,1,0,1,1,3,3,97,2210,1,1,2012,1,1,1,0,16,6,SHADELAND AVE,,0,39.82128889,-86.04581111,0,8,0,0,1,1,0,1,3,1,0,1,0,0000000,1,1,1,3,88,88,0,0,0,1,0
18,180002,2,2,0,0,0,2,2,171,5210,3,1,2012,3,18,26,0,4,3,SR-63 S,SR-28 RD,0,40.27989722,-87.40399722,0,12,6,0,2,2,0,1,2,1,0,1,0,0000000,18,26,18,31,88,88,0,0,0,1,0
18,180003,1,1,0,0,0,1,1,99,4010,3,1,2012,3,17,45,0,6,4,CR-9TH RD,,0,41.34698056,-86.36321944,0,1,0,0,1,1,0,4,2,4,0,4,0,0000000,17,58,18,11,88,88,0,0,0,1,0
18,180004,1,1,0,0,0,1,1,167,4840,3,1,2012,3,21,54,0,16,6,OHIO ST,6TH ST,0,39.46543889,-87.40998056,0,33,0,0,2,2,0,4,2,1,0,1,0,0000000,21,54,21,59,99,99,0,0,0,1,0
18,180005,1,1,0,0,0,1,1,73,1206,5,1,2012,5,0,0,0,6,4,CR- 700 N RD,CR- 1000 W RD,0,41.1154,-87.23808611,0,1,0,0,2,2,0,5,2,1,0,1,0,0000000,7,4,7,5,88,88,0,0,0,1,1
18,180006,2,2,0,0,0,2,2,9,2040,2,1,2012,2,16,10,0,4,3,SR-3,,0,40.49574444,-85.37012778,0,12,6,0,1,1,0,1,1,11,0,11,0,0000000,16,10,16,15,99,99,0,0,0,1,0
18,180007,2,2,0,0,0,2,2,11,2630,2,1,2012,2,19,20,1,1,1,I-65,,1340,40.00564444,-86.42448889,0,52,0,0,1,1,0,3,2,10,0,10,0,0000000,19,20,19,25,99,99,0,0,0,1,0
18,180008,2,2,0,0,0,2,2,91,2570,5,1,2012,5,17,3,1,1,1,I-80,,520,41.67373333,-86.6799,0,12,1,0,1,1,0,1,1,1,0,1,0,0000000,16,9,16,11,88,88,19,0,0,1,0
18,180009,3,3,0,0,0,6,6,75,4040,7,1,2012,7,22,30,0,6,4,CR-250,,0,40.34513889,-85.02435,0,12,2,0,1,1,0,1,2,1,0,1,0,0000000,22,22,22,29,99,99,0,0,0,1,1
18,180010,1,1,0,0,0,1,1,55,2810,4,1,2012,4,4,15,0,6,4,CR-1000 W,,0,38.92199444,-87.12972222,0,1,0,0,1,1,0,4,2,1,0,1,0,0000000,8,39,8,53,88,88,0,0,0,1,1
18,180011,3,3,0,0,0,4,4,145,4470,7,1,2012,7,18,28,0,15,3,SR-9,RAMPART LANE,0,39.54744167,-85.77553889,0,12,6,0,2,2,0,1,2,1,0,1,0,0000000,18,28,18,32,99,99,14,0,0,1,0
18,180012,2,2,0,0,0,2,2,89,1290,7,1,2012,7,2,40,0,16,6,SHEFFIELD AVE,,0,41.43805,-87.51796667,0,12,1,0,1,1,0,1,2,1,0,1,0,0000000,3,35,4,2,99,99,0,0,0,1,2
18,180013,2,2,0,0,0,2,2,11,5490,9,1,2012,2,14,28,0,14,2,US-421 N,,0,39.97790833,-86.25469444,0,12,2,0,1,1,0,1,1,1,0,1,0,0000000,14,28,14,29,99,99,0,0,0,1,0
18,180014,1,1,0,0,0,1,1,51,4060,6,1,2012,6,10,14,0,6,4,CR- 100,,0,38.29656111,-87.58514722,0,34,0,0,1,1,0,4,1,1,0,1,0,0000000,10,17,10,46,88,88,0,0,0,1,0
18,180015,1,1,0,1,1,1,1,95,3910,1,1,2012,1,11,20,1,1,1,I-69 S,,190,40.01701944,-85.76528056,0,8,0,0,1,1,0,1,1,2,0,2,0,0000000,11,22,11,53,88,88,0,0,0,1,0
18,180016,2,2,0,0,0,2,2,87,4490,6,1,2012,6,17,1,0,3,2,US-20,CR-1150 W,0,41.65411111,-85.64790833,0,12,6,0,2,2,0,1,1,10,0,10,0,0000000,17,2,17,10,88,88,0,0,0,1,1
18,180017,1,1,0,0,0,2,2,97,2210,5,1,2012,5,0,35,1,11,1,I-70 W,,800,39.75331667,-86.14659444,0,24,0,1,5,1,0,4,3,1,0,1,0,0000000,0,40,0,45,99,99,0,0,0,1,0
18,180018,2,2,0,0,0,4,4,3,1580,12,1,2012,5,16,41,0,3,2,US-33,,0,41.17525833,-85.26918333,0,12,6,0,1,1,0,1,5,4,0,4,0,0000000,16,41,16,48,99,99,0,0,0,1,0
18,180019,2,2,0,0,0,3,3,65,1280,5,1,2012,5,13,3,0,3,2,US-40,SR-3,0,39.80208611,-85.44809167,0,12,6,0,2,2,0,1,1,1,0,1,0,0000000,13,3,13,17,99,99,0,0,0,1,0
18,180020,2,2,0,0,0,5,5,71,4440,6,1,2012,6,19,0,0,4,3,SR-11,FRONTAGE RD,0,39.02165,-85.89166667,0,12,6,0,2,2,0,1,3,1,0,1,0,0000000,19,44,19,47,99,99,0,0,0,2,0
18,180021,2,2,0,0,0,4,4,163,1480,12,1,2012,5,16,5,1,1,1,I-164,,200,37.93955833,-87.508525,0,12,6,0,1,1,0,1,1,4,0,4,0,0000000,16,6,16,22,99,99,0,0,0,1,0
18,180022,2,2,0,0,0,2,2,91,2990,13,1,2012,6,14,27,0,15,3,SR-212,,0,41.7183,-86.82605,0,12,6,0,1,1,0,1,1,10,0,10,0,0000000,14,27,14,34,99,99,0,0,0,1,0
18,180023,2,2,0,0,0,3,3,89,4300,12,1,2012,5,15,15,0,14,2,US-41 S,,0,41.43081111,-87.47003056,0,12,6,0,1,1,0,1,1,4,0,4,0,0000000,15,16,15,23,99,99,0,0,0,1,0
18,180024,1,1,0,0,0,1,1,105,380,17,1,2012,3,6,40,0,6,6,OLD 37 SOUTH RD,,0,39.12056944,-86.53131389,0,33,0,0,1,1,0,4,3,2,0,2,0,0000000,6,40,6,51,99,99,0,0,0,1,0
18,180026,3,3,0,0,0,4,4,121,4230,15,1,2012,1,15,35,0,3,2,US-41,,1270,39.66498333,-87.37188333,0,12,2,0,1,1,0,1,1,1,0,1,0,0000000,15,40,15,51,99,99,0,0,0,1,0
18,180027,1,1,0,0,0,2,2,3,2645,18,1,2012,4,4,1,0,6,4,CR-ST. JOE RD,,0,41.19281111,-85.02091667,0,34,0,0,1,1,0,5,2,4,0,4,0,0000000,4,8,4,12,99,99,0,0,0,1,0
18,180028,2,2,0,0,0,3,3,69,2860,19,1,2012,5,14,10,1,1,1,I-69 S,,830,40.81378611,-85.36914167,0,12,6,0,1,1,0,1,1,11,0,11,0,0000000,14,11,14,15,99,99,0,0,0,1,0
18,180029,3,2,1,0,0,7,7,97,2210,5,1,2012,5,18,35,0,16,5,42ND ST,,0,39.832875,-86.09897778,0,52,0,0,1,1,0,4,2,1,0,1,0,0000000,18,35,18,40,99,99,0,0,0,1,0
18,180030,1,1,0,0,0,1,1,97,2210,9,1,2012,2,9,30,0,16,6,STOP 11 RD,,0,39.65121111,-86.06354167,0,3,0,0,1,1,0,5,1,1,0,1,0,0000000,9,32,9,36,99,99,0,0,0,1,0
18,180031,1,1,0,0,0,1,1,97,2210,11,1,2012,4,9,49,0,16,6,POST RD,10TH ST,0,39.78188333,-86.00928333,0,33,0,0,2,2,0,4,1,2,0,2,0,0000000,9,51,9,52,99,99,0,0,0,1,0
18,180032,2,2,0,0,0,5,5,55,2690,3,1,2012,3,19,15,0,6,4,CR-200 S,,0,39.05263611,-87.17143333,0,12,2,0,1,1,0,1,2,1,0,1,0,0000000,19,15,19,30,99,99,0,0,0,2,0
18,180033,3,3,0,0,0,4,4,19,4420,20,1,2012,6,8,17,1,1,1,I-65 N,,110,38.41253889,-85.76487778,0,12,1,0,1,1,0,1,1,10,0,10,0,0000000,8,19,8,19,88,88,23,0,0,1,0
18,180034,1,1,0,0,0,1,1,171,5330,6,1,2012,6,7,17,0,6,4,CR-INDEPENDENCE RD,,0,40.315825,-87.24899167,0,42,0,0,1,1,0,4,2,1,0,1,0,0000000,7,17,7,25,88,88,0,0,0,1,0
18,180035,1,1,0,0,0,1,1,95,2230,19,1,2012,5,15,42,1,11,1,I-69,,140,39.99320278,-85.84823333,0,35,0,0,1,1,0,4,1,4,0,4,0,0000000,15,42,15,45,99,99,0,0,0,1,0
18,180036,1,1,0,1,1,1,1,19,2270,20,1,2012,6,18,47,0,16,6,10TH ST,,0,38.28548056,-85.73386667,0,8,0,0,1,1,0,1,2,2,0,2,0,0000000,20,39,20,40,99,99,0,0,0,1,0
18,180037,2,2,0,0,0,3,3,97,2210,24,1,2012,3,1,13,0,16,5,RAYMOND ST,,0,39.73774167,-86.11787778,0,12,1,0,1,1,0,1,2,1,0,1,0,0000000,1,13,1,16,99,99,0,0,0,1,1
18,180038,2,2,0,0,0,2,2,123,4820,16,1,2012,2,16,24,0,4,3,SR-145,,40,38.05626111,-86.71057778,0,12,6,0,8,1,0,1,1,2,0,2,0,0000000,16,24,16,35,99,99,0,0,0,1,0
18,180039,2,2,0,0,0,3,3,93,3110,26,1,2012,5,21,15,0,4,3,SR-37,,0,38.69237778,-86.45836944,0,12,8,0,1,1,0,1,2,2,0,2,0,0000000,20,15,20,21,99,99,0,0,0,1,0
18,180040,1,1,0,0,0,1,1,149,2000,5,1,2012,5,12,36,0,6,4,CR-1100 E RD,,0,41.37568333,-86.48576111,0,42,0,0,1,1,0,4,1,1,0,1,0,0000000,12,36,12,52,99,99,0,0,0,1,0
18,180041,2,2,0,0,0,4,4,181,540,28,1,2012,7,9,29,0,3,2,US-231,SR-18,0,40.60611111,-87.03048889,0,12,6,0,2,2,0,1,1,1,0,1,0,0000000,9,29,9,45,99,99,0,0,0,2,0
18,180042,2,2,0,0,0,2,2,109,2890,1,2,2012,4,21,31,0,15,3,SR-39,MITCHELL ST,0,39.42239444,-86.43589722,0,12,1,0,2,2,0,1,3,1,0,1,0,0000000,21,31,21,34,88,88,0,0,0,1,0
18,180044,1,1,0,0,0,1,1,29,3230,27,1,2012,6,11,18,0,4,3,SR-350 E,,0,39.11421667,-85.05513611,0,52,0,0,1,1,0,4,1,10,0,10,0,0000000,11,18,11,30,99,99,0,0,0,1,0
18,180045,1,1,0,1,1,1,1,97,2210,18,1,2012,4,18,45,0,16,6,MADISON AVENUE,,0,39.64078611,-86.11881944,0,8,0,0,1,1,0,1,3,1,0,1,0,0000000,18,48,18,52,99,99,0,0,0,1,0
18,180046,1,1,0,0,0,1,1,89,2120,3,2,2012,6,1,34,0,16,6,49TH AVE,,0,41.52925833,-87.30208056,0,34,0,0,1,1,0,4,2,5,0,5,0,0000000,1,34,1,35,88,88,0,0,0,1,0
18,180047,1,1,0,0,0,1,1,5,990,3,2,2012,6,3,23,0,16,6,BROWN ST,,0,39.20709444,-85.924025,0,42,0,0,1,1,0,4,2,1,0,1,0,0000000,3,23,3,25,88,88,0,0,0,1,0
18,180048,1,1,0,1,1,2,2,97,2210,2,2,2012,5,12,55,0,16,6,MASSACHUSETTS AVE,OLNEY AVE,0,39.79924444,-86.10750278,0,9,0,0,2,2,0,1,1,1,0,1,0,0000000,12,55,13,15,99,99,0,0,0,1,0
18,180049,2,2,0,0,0,6,6,127,4025,3,2,2012,6,23,20,1,1,1,I-80,,336,41.57051944,-86.98719722,0,12,2,0,1,1,0,1,2,1,0,1,0,0000000,23,27,23,38,99,99,0,0,0,1,0
18,180051,2,2,0,0,0,2,2,91,5085,4,2,2012,7,23,45,0,3,2,US-421,CR-1000,0,41.25691111,-86.89038333,0,12,2,0,2,2,0,1,2,1,0,1,0,0000000,23,46,23,51,99,99,0,0,0,1,1
18,180052,1,1,0,0,0,1,1,67,2430,2,2,2012,5,3,42,0,3,2,US-31,,0,40.40661944,-86.125725,0,31,0,0,1,1,0,4,2,1,0,1,0,0000000,3,49,4,17,88,88,0,0,0,1,1
18,180053,2,2,0,0,0,2,2,97,2210,31,1,2012,3,8,32,0,16,5,WASHINGTON ST,SHERDIAN AVE,0,39.77131667,-86.06,0,12,2,0,2,2,0,1,1,10,0,10,0,0000000,8,33,8,34,99,99,0,0,0,1,0
18,180054,1,1,0,0,0,1,1,127,4960,5,2,2012,1,23,0,0,3,2,US-6,,0,41.54968611,-87.012675,0,52,0,0,1,1,0,4,2,1,0,1,0,0000000,9,56,9,58,88,88,18,0,0,1,1
18,180055,2,2,0,0,0,2,2,39,1830,7,2,2012,3,16,50,0,6,4,CR-15,CR-32,0,41.58036944,-85.90615,0,12,6,0,2,2,0,1,1,1,0,1,0,0000000,16,51,16,59,99,99,0,0,0,1,0
18,180056,2,2,0,0,0,2,2,127,4025,4,2,2012,7,3,30,1,1,1,I-80 W,,219,41.58634167,-87.20682222,0,12,6,0,1,1,0,1,3,3,0,3,0,0000000,3,36,3,38,88,88,0,0,0,1,1
18,180057,2,2,0,0,0,2,2,57,710,9,2,2012,5,13,30,0,16,6,111TH ST,PENNSYLVANIA ST,0,39.94898611,-86.15550278,0,12,6,0,2,2,0,1,1,10,0,10,0,0000000,13,30,13,31,99,99,0,0,0,2,0
18,180058,3,3,0,0,0,4,4,11,5490,10,2,2012,6,6,1,1,1,1,I-65 N,,1290,39.93437222,-86.3417,0,12,1,0,1,1,0,1,2,10,0,10,0,0000000,6,2,6,14,99,99,0,0,0,1,0
18,180059,2,2,0,0,0,2,2,39,3380,10,2,2012,6,8,54,0,14,2,US-6,CLARK ST,0,41.44266944,-86.00243889,0,12,2,0,3,2,0,1,1,1,0,1,0,0000000,8,56,8,58,99,99,0,0,0,1,0
18,180061,2,2,0,0,0,2,2,135,5350,10,1,2012,3,12,42,0,14,2,US-27,GREENVILLE PIKE,0,40.16601667,-84.9669,0,12,6,0,2,2,0,1,1,1,0,1,0,0000000,12,43,12,44,99,99,0,0,0,1,0
18,180062,1,1,0,0,0,2,2,35,3360,1,2,2012,4,19,55,0,4,3,SR-3 S,,0,40.07995278,-85.37071389,0,34,0,0,1,1,0,6,2,1,0,1,0,0000000,19,55,20,9,99,99,0,0,0,1,0
18,180063,1,1,0,0,0,1,1,83,5030,12,2,2012,1,7,0,0,6,4,CR-OLD DECKER RD,,0,38.57953611,-87.52015278,0,30,0,0,1,1,0,4,2,1,0,1,0,0000000,7,0,7,14,99,99,0,0,0,1,1
18,180064,3,3,0,0,0,7,7,97,2210,11,2,2012,7,7,49,0,16,6,BINFORD BLVD,DELMAR RD,0,39.84793333,-86.10368056,0,12,6,0,2,2,0,1,1,10,0,10,0,0000000,7,50,8,2,99,99,0,0,0,1,0
18,180065,1,1,0,0,0,1,1,97,2210,11,2,2012,7,14,2,0,16,6,WESTLANE RD,TOWNSHIP LINE RD,0,39.88631389,-86.20301389,0,34,0,0,3,3,0,6,1,10,0,10,0,0000000,14,2,14,12,88,88,0,0,0,1,1
18,180066,2,2,0,0,0,3,3,97,2210,8,2,2012,4,23,55,0,16,6,KENTUCKY AVE,I-465  RAMP D,80,39.70077778,-86.26245833,0,12,6,0,2,3,0,1,3,10,0,10,0,0000000,23,59,0,1,99,99,0,0,0,1,1
18,180068,2,2,0,0,0,4,4,129,4050,4,2,2012,7,9,35,0,4,3,SR-66,,0,38.04716667,-87.71770833,0,12,2,0,1,1,0,1,1,10,0,10,0,0000000,9,36,9,44,99,99,0,0,0,1,0
18,180069,2,2,0,0,0,6,6,45,2110,10,2,2012,6,19,30,1,1,1,I-74,,221,40.11811667,-87.13461111,0,12,6,0,1,1,0,1,2,3,0,3,0,0000000,19,36,19,40,99,99,0,0,0,1,0
18,180070,2,2,0,0,0,2,2,91,5240,16,2,2012,5,2,37,0,3,2,US-421,,0,41.57078889,-86.89687778,0,12,2,0,1,1,0,1,2,2,0,2,0,0000000,2,37,2,42,88,88,0,0,0,1,1
18,180071,1,1,0,1,1,1,1,97,2210,15,2,2012,4,10,56,0,16,6,MILL CROSSING DR,39TH ST,0,39.82772222,-86.10600833,0,8,0,0,3,3,0,1,1,10,0,10,0,0000000,10,59,11,14,99,99,0,0,0,1,0
18,180072,2,2,0,0,0,2,2,55,360,15,2,2012,4,10,8,0,4,3,SR-445,,0,39.03980833,-86.72009444,0,12,2,0,1,1,0,1,1,1,0,1,0,0000000,10,8,10,21,99,99,0,0,0,1,0
18,180073,3,1,2,2,2,1,1,63,900,14,2,2012,3,7,30,1,1,1,I-70,,578,39.60002222,-86.51774722,0,14,0,0,1,1,0,4,4,4,0,4,0,0000000,7,36,7,44,99,99,23,0,0,1,0
18,180074,1,1,0,0,0,1,1,99,440,16,2,2012,5,0,0,0,6,4,CR-BEECH RD,,0,41.37048056,-86.08261389,0,1,0,0,1,1,0,5,2,2,0,2,0,0000000,6,1,6,14,88,88,0,0,0,1,0
18,180075,2,2,0,0,0,5,5,163,1480,19,2,2012,1,2,26,0,4,3,SR-65,,0,38.03297222,-87.64056667,0,12,1,0,1,1,0,1,2,1,0,1,0,0000000,2,27,2,32,99,99,0,0,0,1,0
18,180076,1,1,0,1,1,1,1,141,3100,19,2,2012,1,10,50,0,4,3,SR-23,,0,41.71519444,-86.19761111,0,9,0,0,1,1,0,1,1,1,0,1,0,0000000,10,52,10,55,88,88,0,0,0,1,0
18,180077,1,1,0,0,0,4,4,61,1390,16,2,2012,5,15,30,0,4,3,SR-11,,0,38.12210833,-85.96783333,0,42,0,0,1,1,0,4,1,1,0,1,0,0000000,15,30,15,43,99,99,0,0,0,1,0