STATE,ST_CASE,VE_TOTAL,VE_FORMS,PVH_INVL,PEDS,PERNOTMVIT,PERMVIT,PERSONS,COUNTY,CITY,DAY,MONTH,YEAR,DAY_WEEK,HOUR,MINUTE,NHS,ROAD_FNC,ROUTE,TWAY_ID,TWAY_ID2,MILEPT,LATITUDE,LONGITUD,SP_JUR,HARM_EV,MAN_COLL,RELJCT1,RELJCT2,TYP_INT,WRK_ZONE,REL_ROAD,LGT_COND,WEATHER1,WEATHER2,WEATHER,SCH_BUS,RAIL,NOT_HOUR,NOT_MIN,ARR_HOUR,ARR_MIN,HOSP_HR,HOSP_MN,CF1,CF2,CF3,FATALS,DRUNK_DR
18,180078,1,1,0,0,0,2,2,31,1910,7,2,2012,3,21,44,0,3,2,US-421,,0,39.41903889,-85.59051111,0,38,0,0,1,1,0,4,2,10,0,10,0,0000000,21,45,21,54,99,99,0,0,0,2,0
18,180079,1,1,0,1,1,1,1,163,1480,14,2,2012,3,18,10,0,16,6,COVERT AVE,WALNUT LANE,0,37.95507778,-87.50874444,0,15,0,0,3,3,0,1,2,1,0,1,0,0000000,18,12,18,15,99,99,0,0,0,1,0
18,180080,1,1,0,0,0,1,1,99,470,11,2,2012,7,5,20,0,6,4,CR-FIR RD,,0,41.37759722,-86.15511389,0,34,0,0,1,1,0,4,2,4,0,4,0,0000000,5,26,5,40,88,88,0,0,0,1,1
18,180081,2,2,0,0,0,2,2,19,800,22,2,2012,4,7,5,0,6,4,CR-NEW WASHINGTON BETHLEHEM RD,CR-GOSS RD,0,38.57064444,-85.47789444,0,12,6,0,2,3,0,1,4,1,0,1,0,0000000,7,5,7,11,99,99,0,0,0,1,0
18,180082,2,2,0,0,0,5,5,37,2260,14,2,2012,3,21,29,0,4,3,SR-56 W,SR-545 W,0,38.48121111,-86.81170556,0,12,6,0,2,2,0,1,3,1,0,1,0,0000000,21,29,21,31,99,99,0,0,0,1,0
18,180083,1,1,0,0,0,2,2,163,1480,22,2,2012,4,20,24,0,6,6,SAINT JOSEPH AVE,,0,38.04701667,-87.59863611,0,30,0,0,1,1,0,4,2,2,0,2,0,0000000,20,24,20,28,99,99,0,0,0,1,0
18,180084,1,1,0,1,1,1,1,19,2270,25,2,2012,7,19,1,0,16,6,10TH ST,REEDS LANE,0,38.30118056,-85.72508056,0,9,0,0,3,3,0,1,2,1,0,1,0,0000000,19,1,19,1,99,99,0,0,0,1,0
18,180085,2,2,0,1,1,2,2,167,4840,20,2,2012,2,22,25,0,14,2,US- 41,OAK ST,0,39.46139444,-87.41400278,0,8,0,0,2,2,0,1,2,10,0,10,0,0000000,22,25,22,30,99,99,0,0,0,1,0
18,180086,1,1,0,1,1,1,1,91,2570,6,1,2012,6,18,44,0,15,3,SR-4,,0,41.60921111,-86.71809167,0,9,0,0,1,1,0,1,2,1,0,1,0,0000000,18,44,18,49,99,99,0,0,0,1,0
18,180087,2,2,0,0,0,3,3,173,795,28,2,2012,3,14,57,0,4,3,SR-62,LYNCH RD,0,38.00811389,-87.44199444,0,12,6,0,2,2,0,1,1,1,0,1,0,0000000,14,57,15,5,99,99,0,0,0,1,0
18,180088,1,1,0,1,1,1,1,75,4040,27,2,2012,2,19,15,0,6,4,CR-100 S,,0,40.39265278,-84.99681111,0,8,0,0,1,1,0,1,2,1,0,1,0,0000000,19,10,19,15,88,88,0,0,0,1,0
18,180089,1,1,0,0,0,1,1,27,5120,4,3,2012,1,16,50,0,6,4,CR-TROY RD,,0,38.60369444,-87.15506944,0,35,0,0,1,1,0,4,1,1,0,1,0,0000000,16,50,16,55,88,88,0,0,0,1,1
18,180090,1,1,0,0,0,1,1,47,9997,25,2,2012,7,3,59,0,6,4,CR-FOREST RD,,0,39.34805,-85.20875278,0,35,0,0,1,1,0,6,2,1,0,1,0,0000000,4,0,4,21,88,88,0,0,0,1,1
18,180091,1,1,0,0,0,4,4,97,2210,5,3,2012,2,3,12,1,11,1,I-65,,1060,39.66094444,-86.08248056,0,24,0,0,1,1,0,4,2,4,0,4,0,0000000,3,12,3,12,99,99,0,0,0,1,0
18,180092,2,2,0,0,0,3,3,77,2830,25,2,2012,7,18,10,0,3,2,US-421,,0,38.84614444,-85.37942778,0,12,2,0,1,1,0,1,5,1,0,1,0,0000000,18,15,18,23,99,99,0,0,0,1,0
18,180093,1,1,0,2,2,2,2,97,2210,6,3,2012,3,20,17,0,16,6,WASHINGTON ST,,0,39.77235833,-86.0417,0,8,0,0,1,1,0,1,3,1,0,1,0,0000000,20,17,20,23,99,99,0,0,0,1,0
18,180094,1,1,0,0,0,1,1,19,2270,7,3,2012,4,21,29,0,16,6,MAIN ST,,0,38.28401389,-85.72724722,0,25,0,0,1,1,1,1,3,10,0,10,0,0000000,21,29,21,31,88,88,3,0,0,1,1
18,180095,2,2,0,0,0,2,2,141,4580,8,3,2012,5,10,51,0,16,6,MICHIGAN ST,HILDERBRAND ST,0,41.61557778,-86.252325,0,12,6,0,3,3,0,1,1,10,0,10,0,0000000,10,51,11,0,99,99,0,0,0,1,0
18,180096,1,1,0,0,0,2,2,119,4630,7,3,2012,4,8,10,0,6,4,CR-CUBA RD,,0,39.37658056,-86.76989444,0,1,0,0,1,1,0,1,1,1,0,1,0,0000000,8,11,8,20,99,99,0,0,0,1,0
18,180098,1,1,0,0,0,2,2,83,340,7,3,2012,4,10,0,0,4,3,SR-67,,0,38.77969722,-87.338825,0,38,0,0,1,1,0,5,1,1,0,1,0,0000000,10,5,10,8,99,99,0,0,0,1,0
18,180099,1,1,0,0,0,1,1,149,3620,7,3,2012,4,2,44,0,6,4,CR-700 S RD,,0,41.20090833,-86.71195833,0,42,0,0,1,1,0,5,2,1,0,1,0,0000000,2,51,2,55,99,99,0,0,0,1,0
18,180100,1,1,0,0,0,1,1,85,5110,10,3,2012,7,1,59,0,6,4,CR-450 W,,0,41.18363889,-85.91818333,0,42,0,0,1,1,0,5,2,1,0,1,0,0000000,1,59,2,3,88,88,0,0,0,1,1
18,180103,1,1,0,0,0,1,1,63,560,13,3,2012,3,7,26,0,16,6,MAIN ST,,0,39.84336111,-86.39785556,0,10,0,0,6,1,0,1,2,5,0,5,0,9999999,7,26,7,29,99,99,0,0,0,1,0
18,180104,2,2,0,0,0,7,7,97,2210,2,3,2012,6,14,52,0,16,6,RAYMOND ST,STATE AVE,0,39.73770833,-86.13036389,0,12,6,0,2,2,0,1,1,2,0,2,0,0000000,14,54,14,59,99,99,0,0,0,1,0
18,180105,1,1,0,0,0,2,2,97,2210,13,3,2012,3,20,10,0,16,6,HANNA AVE,,0,39.70581389,-86.28065556,0,25,0,0,1,1,0,6,5,1,0,1,0,0000000,20,11,20,13,99,99,0,0,0,1,0
18,180106,1,1,0,0,0,2,2,153,1510,12,3,2012,2,18,40,0,6,4,CR-200 E,,0,39.24135278,-87.37027778,0,34,0,0,1,1,0,6,1,1,0,1,0,0000000,18,40,18,49,99,99,0,0,0,1,0
18,180107,1,1,0,0,0,1,1,47,550,11,3,2012,1,1,36,0,4,3,SR-121,,0,99.99990000,999.99990000,0,1,0,0,1,1,0,4,3,1,0,1,0,0000000,1,40,1,55,88,88,0,0,0,1,1
18,180108,1,1,0,4,4,1,1,89,1100,6,3,2012,3,19,0,0,16,6,W 93RD AVE,,0,41.44938611,-87.37375278,0,8,0,0,1,1,0,2,3,1,0,1,0,0000000,19,0,19,15,99,99,0,0,0,1,1
18,180109,2,2,0,0,0,4,4,49,1700,14,3,2012,4,10,19,0,3,2,US-31,,0,41.07588611,-86.23960278,0,12,6,0,7,1,0,1,1,1,0,1,0,0000000,10,22,10,26,99,99,0,0,0,1,0
18,180110,2,2,0,0,0,2,2,133,260,14,3,2012,4,13,55,0,3,2,US-231,,0,39.7711,-86.88585,0,12,6,0,8,1,0,1,1,1,0,1,0,0000000,13,57,14,6,99,99,0,0,0,1,1
18,180111,1,1,0,0,0,1,1,81,1950,15,3,2012,5,23,9,0,4,3,SR-37 S,CR-1000 N,0,39.61960278,-86.21268333,0,35,0,0,2,2,0,4,3,1,0,1,0,0000000,23,9,23,13,88,88,0,0,0,1,0
18,180112,2,2,0,0,0,3,3,3,1580,14,3,2012,4,16,56,0,16,6,ILLINOIS RD,AVENUE OF AUTOS,0,41.07448333,-85.21624722,0,12,6,0,2,2,0,1,1,1,0,1,0,0000000,16,56,16,58,99,99,0,0,0,1,0
18,180113,2,2,0,0,0,2,2,57,3590,16,3,2012,6,15,55,0,6,4,CR-196ST,CYNTHEANNE RD,0,40.074225,-85.88193611,0,12,6,0,2,2,0,1,1,1,0,1,0,0000000,15,57,16,2,99,99,0,0,0,1,1
18,180114,1,1,0,0,0,1,1,93,300,17,3,2012,7,20,58,0,16,5,LINCOLN AVE,10TH ST,0,38.86855833,-86.48811667,0,39,0,0,1,1,0,4,2,10,0,10,0,0000000,20,58,21,0,99,99,0,0,0,1,1
18,180115,1,1,0,0,0,2,2,37,2180,18,3,2012,1,16,45,0,6,4,CR-500,,0,38.28692222,-86.99803333,0,35,0,0,1,1,0,4,1,1,0,1,0,0000000,16,49,17,0,99,99,0,0,0,1,1
18,180116,1,1,0,0,0,1,1,151,160,18,3,2012,1,3,40,0,4,3,SR-127,,0,41.69935556,-85.00010833,0,32,0,0,1,1,0,4,2,1,0,1,0,0000000,3,43,3,46,88,88,0,0,0,1,1
18,180117,2,2,0,0,0,4,4,141,4580,3,3,2012,7,18,20,0,3,2,US-20,,800,41.62625278,-86.22529167,0,12,6,0,1,1,0,1,5,11,0,11,0,0000000,18,20,18,20,99,99,0,0,0,1,0
18,180118,2,2,0,0,0,4,4,141,4580,18,3,2012,1,4,20,0,6,6,PORTAGE RD,,0,41.727075,-86.28885556,0,12,1,0,1,1,0,1,3,1,0,1,0,0000000,4,22,4,26,99,99,0,0,0,1,1
18,180119,1,1,0,0,0,28,28,97,2210,12,3,2012,2,7,39,0,16,6,EMERSON AVE,,0,39.75575556,-86.08293056,0,21,0,0,1,1,0,4,3,1,0,1,1,0000000,7,41,7,49,99,99,0,0,0,2,0
18,180120,1,1,0,0,0,1,1,85,1470,17,3,2012,7,20,46,0,6,4,CR-800 W,,0,41.27764167,-85.99881111,0,1,0,0,1,1,0,1,2,1,0,1,0,0000000,20,46,20,55,99,99,0,0,0,1,1
18,180121,3,3,0,0,0,5,5,3,1580,19,3,2012,2,10,9,0,4,3,SR-1,DIEBOLD RD,0,41.17913056,-85.09411667,0,12,6,0,2,2,0,1,1,10,0,10,0,0000000,10,19,10,25,99,99,14,20,0,1,0
18,180122,1,1,0,0,0,1,1,93,300,18,3,2012,1,16,37,0,6,4,CR-NORTHPIKE ROAD,,0,99.99990000,999.99990000,0,32,0,0,1,1,0,4,1,1,0,1,0,0000000,16,37,16,45,99,99,0,0,0,1,1
18,180123,2,2,0,0,0,2,2,97,2210,18,3,2012,1,10,15,0,16,6,46TH ST,EVANSTON AVE,0,39.84018889,-86.12653056,0,12,6,0,2,2,0,1,1,10,0,10,0,0000000,10,18,10,23,99,99,0,0,0,1,0
18,180124,1,1,0,0,0,1,1,141,4580,20,3,2012,3,23,53,0,6,4,CR-KERN RD,,0,41.60768056,-86.21358611,0,42,0,0,1,1,0,6,2,1,0,1,0,0000000,23,53,23,58,99,99,0,0,0,1,1
18,180125,1,1,0,0,0,1,1,167,4840,20,3,2012,3,23,13,0,3,2,US-41,,0,39.3992,-87.40129722,0,1,0,0,1,1,0,1,2,1,0,1,0,0000000,23,16,23,21,99,99,0,0,0,1,0
18,180126,1,1,0,0,0,2,2,89,2010,19,3,2012,2,16,6,0,16,5,HOHMAN AVE,,0,41.61320833,-87.521925,0,5,0,0,1,1,0,1,1,1,0,1,0,0000000,16,6,16,8,99,99,0,0,0,1,0
18,180127,2,2,0,0,0,2,2,97,2210,4,3,2012,1,18,10,0,16,5,71ST ST,,0,39.88338889,-86.21528333,0,12,6,0,1,1,0,1,1,10,0,10,0,0000000,18,10,18,14,99,99,0,0,0,1,1
18,180128,1,1,0,0,0,1,1,119,4630,18,3,2012,1,20,19,0,4,3,SR-246,,0,39.30921944,-86.93805278,0,1,0,0,1,1,0,4,2,1,0,1,0,0000000,20,19,20,27,99,99,0,0,0,1,0
18,180131,2,2,0,0,0,3,3,27,5120,9,3,2012,6,8,23,0,4,3,SR-257,CR-300,0,38.611525,-87.11876389,0,12,6,0,2,2,0,1,1,1,0,1,0,0000000,8,23,8,30,99,99,0,0,0,2,0
18,180132,1,1,0,0,0,3,3,5,990,17,3,2012,7,16,43,1,1,1,I-65,,760,39.30763611,-85.95919722,0,1,0,0,1,1,0,3,1,1,0,1,0,0000000,16,44,16,46,99,99,0,0,0,1,0
18,180133,1,1,0,0,0,1,1,71,4440,18,3,2012,1,12,2,1,1,1,I-65,,550,39.02428333,-85.88640833,0,59,0,0,1,1,0,4,1,1,0,1,0,0000000,12,2,12,12,99,99,0,0,0,1,0
18,180134,1,1,0,0,0,4,4,95,70,15,3,2012,5,13,35,0,6,4,CR-100 W,,0,40.23396944,-85.65188333,0,42,0,0,1,1,0,4,1,1,0,1,0,0000000,13,35,13,41,99,99,0,0,0,1,0
18,180135,2,2,0,0,0,3,3,23,1640,27,3,2012,3,12,29,0,6,4,CR-300 N,CR-0 E,0,40.32943056,-86.50584167,0,12,6,0,2,2,0,1,1,1,0,1,0,0000000,12,31,12,34,99,99,0,0,0,1,0
18,180136,1,1,0,0,0,1,1,41,1000,12,3,2012,2,19,56,0,4,3,SR-1,5TH ST,0,39.63872778,-85.12946944,0,33,0,0,2,3,0,4,3,1,0,1,0,0000000,19,56,19,57,99,99,0,0,0,1,0
18,180137,1,1,0,0,0,1,1,67,2430,16,3,2012,6,18,25,0,6,5,COLTER DR,,0,40.43396667,-86.09938889,0,3,0,0,1,1,0,5,1,1,0,1,0,0000000,18,25,18,27,99,99,0,0,0,1,0
18,180138,2,2,0,0,0,3,3,97,2210,19,3,2012,2,16,51,0,16,5,WASHINGTON ST,POST RD,0,39.77394167,-86.00906667,0,12,6,0,2,2,0,1,1,1,0,1,0,0000000,16,52,16,55,99,99,0,0,0,1,0
18,180139,2,2,0,0,0,2,2,3,1580,27,3,2012,3,18,10,0,16,5,BLUFFTON RD,BROOKLYN AVE,0,41.04988333,-85.16419722,0,12,6,0,8,1,0,1,1,1,0,1,0,0000000,18,11,18,13,99,99,0,0,0,1,0
18,180140,2,2,0,0,0,3,3,105,380,29,3,2012,5,13,34,0,4,3,SR-45 W,,0,39.08680556,-86.67308611,0,12,6,0,8,1,0,1,1,1,0,1,0,0000000,13,34,13,39,99,99,0,0,0,1,0
18,180142,2,2,0,0,0,3,3,39,1410,30,3,2012,6,16,28,0,6,4,CR-11,CR-28,0,41.60878056,-85.94523611,0,12,6,0,2,2,0,1,1,10,0,10,0,0000000,16,28,16,29,99,99,0,0,0,1,0
18,180143,1,1,0,0,0,1,1,93,300,30,3,2012,6,16,2,0,6,4,CR-PEERLESS RD,,0,38.91378333,-86.49799722,0,38,0,0,1,1,0,6,1,1,0,1,0,0000000,16,2,16,12,88,88,0,0,0,1,0
18,180144,1,1,0,0,0,2,2,105,380,1,4,2012,1,1,6,0,6,4,CR-POPCORN RD,,0,39.00911111,-86.56375278,0,42,0,0,1,1,0,4,2,1,0,1,0,0000000,1,6,1,28,99,99,0,0,0,1,1
18,180145,1,1,0,0,0,2,2,97,2210,18,3,2012,1,19,43,0,16,6,MOLLER RD,34TH ST,0,39.81684444,-86.25604167,0,30,0,0,3,2,0,4,3,1,0,1,0,0000000,19,44,19,45,99,99,0,0,0,1,1
18,180146,2,2,0,0,0,2,2,73,1206,1,4,2012,1,21,13,0,4,3,SR-10 N,,0,41.17395,-87.19834722,0,12,2,0,1,1,0,1,2,1,0,1,0,0000000,21,15,21,20,99,99,0,0,0,1,2
18,180147,3,3,0,0,0,3,3,39,3010,2,4,2012,2,14,10,0,4,3,SR-13,,0,41.62768333,-85.70521389,0,12,1,0,1,1,0,1,1,1,0,1,0,0000000,14,10,14,16,99,99,0,0,0,1,0
18,180148,2,2,0,0,0,3,3,143,4400,29,3,2012,5,12,45,0,6,4,CR-SLAB RD,,0,38.73395833,-85.75747222,0,12,6,0,8,1,0,1,1,1,0,1,0,0000000,12,48,12,55,99,99,0,0,0,1,0
18,180149,2,1,1,0,0,1,1,49,4190,31,3,2012,7,14,58,0,6,4,CR-3RD ST,,0,41.07425,-86.23030278,0,14,0,0,1,1,0,5,1,1,0,1,0,0000000,15,1,15,2,99,99,0,0,0,1,0
18,180150,2,2,0,0,0,6,6,83,3700,28,3,2012,4,20,44,0,3,2,US-41 S,OLD US-41,0,38.8819,-87.44176667,0,12,6,0,2,2,0,1,2,1,0,1,0,0000000,20,44,20,56,88,88,0,0,0,5,0
18,180151,2,2,0,0,0,6,6,97,2210,25,3,2012,1,22,18,0,16,6,46TH ST,,0,39.84031389,-86.088825,0,12,2,0,1,1,0,1,3,1,0,1,0,0000000,22,18,22,18,99,99,0,0,0,1,1
18,180152,1,1,0,0,0,1,1,61,1030,21,3,2012,4,10,15,0,4,3,SR-337 S,,0,38.12000556,-86.08800833,0,1,0,0,1,1,0,4,1,1,0,1,0,0000000,10,15,10,35,88,88,0,0,0,1,0
18,180153,1,1,0,0,0,3,3,89,1730,3,4,2012,3,13,0,1,1,1,I-90 W,,120,41.60717778,-87.39696944,0,25,0,0,1,1,0,3,1,1,0,1,0,0000000,13,0,13,13,99,99,0,0,0,1,1
18,180154,2,2,0,0,0,5,5,127,4025,2,4,2012,2,20,20,0,6,4,CR-700 N,,0,41.53603333,-87.17931389,0,12,1,0,1,1,0,1,2,1,0,1,0,0000000,20,22,20,25,88,88,0,0,0,1,0
18,180155,1,1,0,0,0,1,1,177,640,4,4,2012,4,12,51,1,1,1,I-70 E,,1410,39.85514722,-85.05782778,0,38,0,0,1,1,0,4,1,1,0,1,0,0000000,12,52,12,59,88,88,0,0,0,1,0
18,180156,1,1,0,1,1,1,1,59,1890,29,3,2012,5,5,48,0,3,2,US-40,,0,39.78853333,-85.6974,0,8,0,0,1,1,0,1,2,10,0,10,0,0000000,5,49,5,49,88,88,0,0,0,1,0
18,180157,1,1,0,1,1,2,2,39,1830,6,4,2012,6,20,15,0,4,3,SR-15,,0,41.65820833,-85.82118056,0,8,0,0,1,1,0,1,5,1,0,1,0,0000000,20,17,20,22,99,99,0,0,0,1,0
18,180158,1,1,0,0,0,1,1,7,430,8,4,2012,1,9,10,0,4,3,SR-352,,0,40.51941944,-87.33731944,0,30,0,0,1,1,0,4,1,1,0,1,0,0000000,9,10,9,16,88,88,0,0,0,1,0
18,180159,2,2,0,0,0,5,5,67,2430,10,2,2012,6,19,54,0,4,3,SR-26,,0,40.41758889,-86.22099167,0,12,1,0,8,1,0,1,2,11,0,11,0,0000000,19,54,20,0,99,99,0,0,0,1,0
18,180160,1,1,0,0,0,1,1,167,4840,13,2,2012,2,6,0,0,3,2,US-41,,0,39.26273889,-87.38896667,0,1,0,0,1,1,0,4,1,4,0,4,0,0000000,6,3,6,12,99,99,0,0,0,1,0
18,180161,1,1,0,0,0,1,1,39,1830,9,4,2012,2,6,56,0,6,4,CR-31,CR-38,0,41.55193611,-85.77068333,0,33,0,0,2,2,0,4,4,1,0,1,0,0000000,6,56,7,6,88,88,0,0,0,1,0
18,180162,1,1,0,0,0,1,1,55,360,30,3,2012,6,23,43,0,4,3,SR-54,,0,39.02687778,-86.94428333,0,34,0,0,1,1,0,4,2,10,0,10,0,0000000,23,43,0,8,99,99,0,0,0,1,1
18,180163,1,1,0,0,0,2,2,77,2830,10,4,2012,3,0,40,0,4,3,SR-56,,0,38.72122778,-85.22659722,0,42,0,0,1,1,0,4,2,1,0,1,0,0000000,0,43,0,50,99,99,0,0,0,1,0
18,180164,1,1,0,0,0,1,1,35,1760,2,4,2012,2,7,30,1,1,1,I-69 N,,487,40.32781389,-85.558825,0,38,0,0,1,1,0,3,1,1,0,1,0,0000000,7,33,7,38,88,88,0,0,0,1,0
18,180165,2,2,0,0,0,2,2,79,3670,12,4,2012,5,20,57,0,4,3,SR-3 S,,0,38.9709,-85.60218611,0,35,0,0,1,1,0,4,2,1,0,1,0,0000000,20,57,21,0,99,99,4,0,0,1,0
18,180166,1,1,0,0,0,1,1,55,360,30,3,2012,6,13,6,0,4,3,SR-157,CR-75,0,99.99990000,999.99990000,0,42,0,0,1,1,0,4,1,1,0,1,0,0000000,12,58,13,7,99,99,0,0,0,1,0
18,180168,1,1,0,0,0,1,1,3,1580,13,4,2012,6,20,20,0,16,5,LOWER HUNTINGTON RD,ELZEY ST,0,41.02024167,-85.17396667,0,33,0,0,3,3,0,4,2,10,0,10,0,0000000,20,20,20,25,99,99,0,0,0,1,0
18,180169,1,1,0,1,1,1,1,3,1580,15,4,2012,1,2,45,0,16,5,BROADWAY AVE,STURGIS ST,0,41.07422778,-85.14779167,0,8,0,0,3,3,0,1,2,10,0,10,0,0000000,2,46,2,51,99,99,0,0,0,1,1
18,180170,1,1,0,0,0,1,1,157,2480,15,4,2012,1,6,54,0,3,2,US-52,,0,40.33386389,-86.78578056,0,1,0,0,1,1,0,3,1,1,0,1,0,0000000,6,56,7,0,88,88,0,0,0,1,1
18,180171,1,1,0,0,0,3,3,121,4230,7,4,2012,7,20,53,0,6,4,CR-JEFFRIES FORD RD,,0,99.99990000,999.99990000,0,34,0,0,1,1,0,6,2,1,0,1,0,0000000,20,53,21,8,99,99,0,0,0,1,1
18,180172,2,2,0,0,0,3,3,127,4960,10,4,2012,3,12,44,0,3,2,US-30,CR-600 W,0,41.47073056,-87.18140833,0,12,6,0,2,2,0,1,1,1,0,1,0,0000000,12,45,12,52,88,88,0,0,0,1,0
18,180173,1,1,0,0,0,1,1,175,4340,15,4,2012,1,11,0,0,4,3,SR-60 E,,0,38.52728889,-86.02350278,0,59,0,0,1,1,0,4,1,7,0,7,0,0000000,11,0,11,10,88,88,0,0,0,1,0
18,180174,3,3,0,0,0,3,3,39,3010,9,4,2012,2,7,9,0,3,2,US-20,,0,41.66785556,-85.76006944,0,12,8,0,1,1,0,1,2,1,0,1,0,0000000,7,14,7,25,99,99,14,0,0,1,0
18,180175,1,1,0,0,0,1,1,97,2210,12,4,2012,5,16,1,1,1,1,I-74,,930,39.73288333,-86.03988056,0,1,0,0,1,1,0,3,1,1,0,1,0,0000000,16,1,16,40,88,88,0,0,0,1,0
18,180176,1,1,0,1,1,2,2,141,4580,20,4,2012,6,1,23,0,16,5,TWYCKENHAM DR,CORBY BLVD,0,41.68726389,-86.22601944,0,40,0,0,2,2,0,4,2,1,0,1,0,0000000,1,23,1,30,99,99,0,0,0,1,1
18,180177,1,1,0,0,0,1,1,85,3680,19,4,2012,5,16,42,0,6,4,CR-KALORAMA RD,,0,41.34018333,-85.76598056,0,42,0,0,1,1,0,4,1,1,0,1,0,0000000,16,42,16,58,88,88,0,0,0,1,0
18,180178,1,1,0,0,0,2,2,89,2120,18,4,2012,4,18,44,0,16,5,COUNTY LINE ROAD,,0,41.52342222,-87.22078056,0,1,0,0,1,1,0,1,1,1,0,1,0,0000000,18,44,18,48,99,99,0,0,0,1,1
18,180179,2,2,0,0,0,6,6,45,1040,18,4,2012,4,18,55,0,6,4,CR-260 N RD,,0,40.22091667,-87.31417778,0,12,8,0,1,1,0,1,1,1,0,1,0,0000000,18,57,19,1,99,99,14,0,0,1,0
18,180180,2,2,0,0,0,2,2,37,1530,19,4,2012,5,5,59,0,4,3,SR-162,,0,38.26114722,-86.86615,0,53,0,0,1,1,0,4,4,1,0,1,0,0000000,5,59,6,6,99,99,0,0,0,1,0
18,180181,1,1,0,0,0,1,1,133,1534,21,4,2012,7,23,3,0,6,4,CR-RANGELINE ROAD,,0,39.65942222,-86.70627778,0,1,0,0,1,1,0,4,2,1,0,1,0,0000000,23,6,23,16,88,88,0,0,0,1,1
18,180182,1,1,0,1,1,1,1,95,140,19,4,2012,5,21,3,0,16,5,BROADWAY AVE,NORTH ST,0,40.12780556,-85.67800556,0,9,0,0,1,1,0,1,2,1,0,1,0,0000000,9,3,9,5,99,99,0,0,0,1,0
18,180183,1,1,0,0,0,3,3,105,380,16,4,2012,2,23,57,0,6,5,S VICTOR PIKE,,0,39.07622222,-86.57104722,0,38,0,0,1,1,0,4,2,1,0,1,0,0000000,23,57,0,3,88,88,0,0,0,3,0
18,180184,1,1,0,0,0,1,1,55,360,23,4,2012,2,8,25,0,3,2,US-231,,0,38.93653333,-86.926775,0,42,0,0,1,1,0,4,1,1,0,1,0,0000000,8,25,8,34,99,99,0,0,0,1,0
18,180185,2,2,0,0,0,2,2,137,5010,14,4,2012,7,14,30,0,3,2,US-50,,0,39.06168611,-85.23220278,0,12,6,0,1,1,0,1,1,2,0,2,0,0000000,14,33,14,33,99,99,0,0,0,1,0
18,180186,3,3,0,0,0,4,4,107,1060,18,4,2012,4,21,29,0,3,2,US-231,CR-550,0,40.11925278,-86.90432778,0,12,1,0,3,3,0,1,2,1,0,1,0,0000000,21,29,21,30,99,99,0,0,0,1,1
18,180187,2,2,0,0,0,5,5,97,2210,14,4,2012,7,2,8,0,16,5,MCCARTY ST,MANHATTAN AVE,0,39.75512222,-86.25136111,0,12,6,0,2,2,0,1,2,10,0,10,0,0000000,2,10,2,12,99,99,0,0,0,1,1
18,180188,1,1,0,0,0,2,2,89,3370,15,4,2012,1,6,38,0,16,5,COLUMBIA AVE,,0,41.52434167,-87.515175,0,33,0,0,1,1,0,4,4,10,0,10,0,0000000,6,39,6,41,99,99,0,0,0,1,1
18,180189,2,2,0,0,0,2,2,135,2790,18,4,2012,4,15,48,0,4,3,SR-227,,0,40.07925556,-84.82791111,0,12,1,0,1,1,0,1,1,1,0,1,0,0000000,15,55,16,3,88,88,0,0,0,1,0
18,180190,4,4,0,0,0,4,4,85,3050,23,2,2012,5,6,8,0,6,4,CR-1350 N,,0,41.42706111,-85.94268889,0,12,6,0,1,1,0,1,2,5,0,5,0,0000000,6,8,6,24,99,99,0,0,0,1,0
18,180191,1,1,0,0,0,1,1,89,1100,6,3,2012,3,20,15,0,16,5,113TH AVE,,0,41.41328333,-87.40015833,0,35,0,0,1,1,0,4,2,1,0,1,0,0000000,21,16,21,21,99,99,0,0,0,1,1
18,180192,1,1,0,0,0,2,2,15,1200,11,4,2012,4,15,3,0,6,4,CR-200,,0,40.57645833,-86.61995,0,42,0,0,1,1,0,4,1,1,0,1,0,0000000,15,10,15,14,99,99,0,0,0,1,0
18,180193,1,1,0,0,0,1,1,89,2972,19,4,2012,5,3,1,0,15,3,SR-55,,0,41.45193889,-87.36467778,0,33,0,0,1,1,0,4,2,1,0,1,0,0000000,3,1,3,3,99,99,0,0,0,1,1
18,180194,2,2,0,0,0,4,4,69,2190,26,4,2012,5,6,7,0,15,3,SR-9,CR-200,0,40.90699444,-85.49060833,0,12,6,0,2,2,0,1,4,10,0,10,0,0000000,6,7,6,14,99,99,0,0,0,2,0
18,180196,1,1,0,1,1,1,1,5,990,28,4,2012,7,21,57,0,3,2,US-31 N,,0,39.25022778,-85.94259167,0,8,0,0,1,1,0,1,2,10,0,10,0,0000000,21,57,21,57,88,88,0,0,0,1,0
18,180197,1,1,0,0,0,1,1,109,2890,27,4,2012,6,15,30,0,4,3,SR-37,,0,39.34853056,-86.50035278,0,5,0,0,1,1,0,4,1,1,0,1,0,0000000,15,37,15,42,88,88,0,0,0,1,0
18,180198,1,1,0,0,0,2,2,165,1500,5,3,2012,2,12,14,0,15,3,SR-63,,0,39.68560556,-87.41124444,0,58,0,0,1,1,0,4,1,10,0,10,0,0000000,12,14,12,22,99,99,0,0,0,1,0
18,180199,1,1,0,0,0,1,1,173,4830,3,4,2012,3,20,54,0,6,4,CR-PHILLIPS RD,,0,38.08268889,-87.12825278,0,34,0,0,1,1,0,4,2,1,0,1,0,0000000,20,55,21,1,99,99,0,0,0,1,0