STATE,ST_CASE,VE_TOTAL,VE_FORMS,PVH_INVL,PEDS,PERNOTMVIT,PERMVIT,PERSONS,COUNTY,CITY,DAY,MONTH,YEAR,DAY_WEEK,HOUR,MINUTE,NHS,ROAD_FNC,ROUTE,TWAY_ID,TWAY_ID2,MILEPT,LATITUDE,LONGITUD,SP_JUR,HARM_EV,MAN_COLL,RELJCT1,RELJCT2,TYP_INT,WRK_ZONE,REL_ROAD,LGT_COND,WEATHER1,WEATHER2,WEATHER,SCH_BUS,RAIL,NOT_HOUR,NOT_MIN,ARR_HOUR,ARR_MIN,HOSP_HR,HOSP_MN,CF1,CF2,CF3,FATALS,DRUNK_DR
18,180200,2,2,0,0,0,7,7,183,980,29,4,2012,1,20,2,0,3,2,US-24,SR-114,0,41.00510556,-85.34709167,0,12,1,0,2,3,0,1,5,10,0,10,0,0000000,20,2,20,11,99,99,0,0,0,1,1
18,180201,1,1,0,6,6,1,1,1,1180,17,4,2012,3,7,59,0,4,3,SR-124 W,,0,40.74377222,-85.02151667,0,49,0,0,1,1,0,1,1,1,0,1,0,0000000,7,59,8,4,99,99,0,0,0,3,0
18,180202,2,2,0,0,0,2,2,181,4110,1,5,2012,3,5,43,0,3,2,US-24,,0,40.74447778,-86.84005278,0,12,2,0,1,1,0,1,2,1,0,1,0,0000000,5,43,5,48,99,99,0,0,0,1,1
18,180203,1,1,0,0,0,1,1,141,3100,27,4,2012,6,8,51,0,16,5,FORREST AVE,WILSON BLVD,0,41.66374722,-86.19378333,0,25,0,0,3,3,0,4,1,1,0,1,0,0000000,8,51,8,51,99,99,19,0,0,1,1
18,180204,1,1,0,0,0,1,1,93,300,2,5,2012,4,13,52,0,16,6,LEATHERWOOD RD,,0,38.86141944,-86.45508611,0,35,0,0,1,1,0,6,1,1,0,1,0,0000000,13,52,13,53,88,88,0,0,0,1,0
18,180205,1,1,0,1,1,1,1,109,2890,30,4,2012,2,23,59,0,4,3,SR-37,,0,39.47545,-86.36855278,0,8,0,0,1,1,0,1,2,10,0,10,0,0000000,23,59,0,8,99,99,0,0,0,1,0
18,180206,3,3,0,0,0,3,3,107,1060,3,5,2012,5,10,17,0,3,2,US-231,,0,39.96707222,-86.90345556,0,12,6,0,1,1,0,1,1,1,0,1,0,0000000,10,17,10,24,99,99,0,0,0,1,0
18,180207,2,2,0,0,0,3,3,99,440,29,4,2012,1,15,53,0,3,2,US-30,CEDAR RD,0,41.30355556,-86.09510833,0,12,1,0,2,2,0,1,1,1,0,1,0,0000000,15,55,16,3,99,99,0,0,0,1,0
18,180208,1,1,0,1,1,1,1,141,3790,5,5,2012,7,22,43,0,15,3,SR-933,,0,41.66326944,-86.07865,0,8,0,0,1,1,0,1,2,10,0,10,0,0000000,22,43,22,45,99,99,0,0,0,1,0
18,180209,2,2,0,0,0,2,2,165,940,4,5,2012,6,10,35,0,4,3,SR-163,,0,39.65865556,-87.43764167,0,12,1,0,1,1,0,1,1,2,0,2,0,0000000,10,39,10,44,99,99,0,0,0,1,0
18,180210,1,1,0,0,0,2,2,97,2210,3,5,2012,5,22,24,0,16,5,TOWNSHIP LINE RD,MARQUETTE CIRCLE SOUTH DR,0,39.90343056,-86.20301389,0,5,0,0,3,2,0,1,3,1,0,1,0,0000000,22,24,22,24,99,99,0,0,0,1,0
18,180211,1,1,0,0,0,1,1,97,2210,2,5,2012,4,3,11,0,16,6,GRANDVIEW DR,,0,39.87809722,-86.18868056,0,26,0,0,1,1,1,1,3,10,0,10,0,0000000,3,12,3,17,88,88,3,0,0,1,1
18,180212,2,2,0,0,0,3,3,3,1580,8,5,2012,3,9,15,0,16,5,FAIRFIELD AVE,TAYLOR ST,0,41.06818056,-85.14579444,0,12,6,0,2,2,0,1,1,1,0,1,0,0000000,9,16,9,18,99,99,0,0,0,2,1
18,180213,2,2,0,0,0,2,2,89,2010,8,5,2012,3,18,15,0,4,3,SR-912,,0,41.57405556,-87.43280556,0,12,1,1,18,1,0,1,1,1,0,1,0,0000000,18,16,18,23,99,99,23,0,0,1,1
18,180214,1,1,0,1,1,1,1,113,2670,7,5,2012,2,4,40,0,3,2,US-6,,0,41.45173611,-85.62461944,0,8,0,0,1,1,0,1,2,2,0,2,0,0000000,4,40,4,43,99,99,23,0,0,1,0
18,180215,2,2,0,0,0,2,2,97,2210,4,5,2012,6,1,20,1,11,1,I-70,79 H RAMP,802,39.75325556,-86.15011111,0,12,1,0,1,1,0,1,3,1,0,1,0,0000000,1,21,1,22,99,99,0,0,0,1,0
18,180216,1,1,0,0,0,2,2,141,2530,9,5,2012,4,17,10,0,6,4,CR-OAK RD,,0,41.52677222,-86.33093889,0,42,0,0,1,1,0,4,1,1,0,1,0,0000000,17,11,17,16,99,99,0,0,0,1,0
18,180217,2,1,1,0,0,1,1,87,4490,5,5,2012,7,2,7,0,6,4,CR-375,CR-900,0,41.69428889,-85.60594722,0,53,0,0,1,1,0,4,2,10,0,10,0,0000000,2,7,2,18,99,99,0,0,0,1,1
18,180218,1,1,0,0,0,1,1,3,1580,13,5,2012,1,6,0,0,6,5,INDIANAPOLIS RD,,0,40.98406944,-85.20749444,0,5,0,0,1,1,0,4,2,10,0,10,0,0000000,7,43,7,52,88,88,0,0,0,1,1
18,180219,1,1,0,1,1,3,3,3,1580,13,5,2012,1,8,40,0,16,5,HESSEN CASSEL ROAD,,0,41.02766389,-85.09600833,0,8,0,0,1,1,0,4,1,1,0,1,0,0000000,8,48,9,0,99,99,0,0,0,1,0
18,180220,1,1,0,0,0,1,1,3,1580,12,5,2012,7,3,50,0,16,5,PROGRESS RD,PROFIT DR,0,41.12351389,-85.15930278,0,32,0,0,3,3,0,4,2,10,0,10,0,0000000,3,50,3,53,99,99,0,0,0,1,1
18,180221,2,2,0,0,0,3,3,75,4080,9,5,2012,4,23,49,0,4,3,SR-67 S,,0,40.336025,-85.17349722,0,12,2,0,1,1,0,1,2,1,0,1,0,0000000,23,52,23,59,99,99,0,0,0,1,1
18,180222,1,1,0,0,0,1,1,89,1100,14,5,2012,2,20,47,0,6,4,CR-CLARK RD,,0,41.42826667,-87.39106667,0,34,0,0,1,1,0,4,2,1,0,1,0,0000000,20,57,21,7,88,88,0,0,0,1,1
18,180223,2,2,0,0,0,8,8,71,4440,5,5,2012,7,17,11,0,4,3,SR-258,,0,38.97925556,-86.02210278,0,12,2,0,8,1,0,1,1,10,0,10,0,0000000,17,5,17,9,99,99,0,0,0,1,0
18,180224,1,1,0,0,0,2,2,77,2830,6,5,2012,1,3,25,0,4,3,SR-256 W,,0,38.73813611,-85.47506389,0,59,0,0,1,1,0,4,2,1,0,1,0,0000000,4,0,4,26,99,99,0,0,0,1,0
18,180225,1,1,0,0,0,3,3,47,2590,20,4,2012,6,21,50,0,6,4,CR-OLD US-52,,0,39.48912222,-85.20870833,0,42,0,0,1,1,0,6,1,2,0,2,0,0000000,21,50,22,5,99,99,0,0,0,1,1
18,180226,2,2,0,0,0,2,2,127,4960,16,5,2012,4,12,48,0,4,3,SR-2,CR-450,0,41.49154444,-86.97864444,0,12,2,0,2,2,0,1,1,1,0,1,0,0000000,12,49,12,54,99,99,0,0,0,1,0
18,180227,2,2,0,0,0,2,2,97,2210,10,5,2012,5,22,34,1,11,1,I-65 S,,1270,39.9115,-86.32245556,0,12,98,0,1,1,0,1,2,1,0,1,0,0000000,22,34,22,42,99,99,19,23,0,1,0
18,180228,1,1,0,0,0,1,1,155,5020,8,5,2012,3,5,28,0,4,3,SR-56 N,,0,38.87534167,-84.98795833,0,42,0,0,1,1,0,4,2,2,0,2,0,0000000,5,28,5,39,88,88,0,0,0,1,1
18,180229,1,1,0,1,1,1,1,39,1410,16,5,2012,4,16,44,0,6,4,CR-108,,0,41.70267778,-86.030475,0,8,0,0,1,1,0,4,1,1,0,1,0,0000000,16,44,16,52,99,99,0,0,0,1,0
18,180230,2,2,0,0,0,2,2,35,3360,5,5,2012,7,21,30,0,16,5,WEST MCGALLIRD RD,,0,40.21747222,-85.44602778,0,1,0,0,1,1,0,3,2,1,0,1,0,0000000,21,31,21,34,99,99,0,0,0,1,1
18,180231,2,2,0,0,0,2,2,97,2210,17,5,2012,5,21,55,0,16,5,MOLLER RD,,0,39.86515833,-86.25463611,0,12,2,0,1,1,0,1,2,1,0,1,0,0000000,21,57,22,2,99,99,0,0,0,1,1
18,180232,5,5,0,0,0,6,6,107,2680,16,5,2012,4,13,5,0,3,2,US-231,,0,40.31411944,-86.90168333,0,12,1,0,1,1,0,1,1,5,0,5,0,0000000,13,5,13,31,99,99,0,0,0,1,0
18,180233,3,3,0,0,0,4,4,33,1720,17,5,2012,5,16,30,0,4,3,SR-205,SR-3,0,41.29568889,-85.18791389,0,12,6,0,2,2,0,1,1,1,0,1,0,0000000,16,32,16,39,99,99,0,0,0,1,0
18,180234,2,2,0,0,0,2,2,73,4100,19,5,2012,7,14,37,0,4,3,SR-14,,0,41.02726667,-87.17596111,0,12,2,0,8,1,0,1,1,1,0,1,0,0000000,14,37,14,43,99,99,0,0,0,1,0
18,180235,1,1,0,0,0,1,1,157,2480,18,5,2012,6,3,39,0,16,5,4TH ST,UNION ST,0,40.424825,-86.89311667,0,21,0,0,2,2,0,4,2,1,0,1,0,0000000,3,41,3,44,88,88,0,0,0,1,1
18,180236,1,1,0,0,0,1,1,97,2210,14,5,2012,2,3,25,0,16,5,HIGH SCHOOL RD,,0,39.83639444,-86.27056944,0,33,0,0,1,1,0,4,2,1,0,1,0,0000000,3,26,3,28,99,99,0,0,0,1,1
18,180237,1,1,0,0,0,1,1,177,1350,14,5,2012,2,22,25,0,6,4,CR-THORNBURG RD,,0,39.9914,-85.13332222,0,17,0,0,1,1,0,4,2,1,0,1,0,0000000,22,10,22,10,99,99,0,0,0,1,0
18,180238,1,1,0,0,0,3,3,175,4340,18,5,2012,6,17,0,0,6,4,CR-WALKER RD,,0,38.62049722,-85.950675,0,1,0,0,1,1,0,1,1,1,0,1,0,0000000,17,12,17,23,99,99,0,0,0,1,0
18,180239,2,2,0,0,0,2,2,79,3670,15,5,2012,3,16,45,0,3,2,US-50,,0,38.999925,-85.64473889,0,54,11,0,1,1,0,1,1,1,0,1,0,0000000,16,45,16,49,99,99,14,0,0,1,0
18,180240,1,1,0,0,0,1,1,59,1570,21,5,2012,2,22,24,0,16,5,GARDEN ST,,0,39.92937778,-85.85036389,0,1,0,0,6,1,0,5,2,1,0,1,0,538990G,22,24,22,26,99,99,0,0,0,1,1
18,180241,1,1,0,0,0,5,5,63,560,19,5,2012,7,8,41,0,16,4,CR-550,,0,39.86383056,-86.43036944,0,42,0,0,1,1,0,4,1,1,0,1,0,0000000,8,41,8,45,99,99,0,0,0,1,1
18,180242,2,2,0,0,0,3,3,167,4840,16,5,2012,4,17,0,1,1,1,I-70,,120,39.43006111,-87.30683889,0,12,1,0,1,1,0,1,1,1,0,1,0,0000000,17,1,17,9,88,88,0,0,0,2,0
18,180243,2,2,0,0,0,2,2,163,1480,15,5,2012,3,16,50,1,1,1,I-64,,195,38.16762778,-87.65114444,0,26,0,0,1,1,0,3,1,1,0,1,0,0000000,16,50,16,58,88,88,14,0,0,1,0
18,180244,2,2,0,0,0,2,2,3,1580,28,5,2012,2,4,1,0,16,5,ILLINOIS RD,,0,41.07459167,-85.22514722,0,12,1,0,1,1,0,1,2,1,0,1,0,0000000,4,10,4,41,99,99,0,0,0,1,2
18,180245,1,1,0,0,0,3,3,127,4960,27,5,2012,1,22,25,0,4,3,SR-2,,0,41.37700278,-87.20028056,0,42,0,0,1,1,0,4,2,1,0,1,0,0000000,22,29,22,33,99,99,0,0,0,1,1
18,180246,1,1,0,0,0,1,1,89,1290,20,5,2012,1,0,24,0,16,5,HART ST,,0,41.48661111,-87.51874722,0,33,0,0,1,1,0,4,2,10,0,10,0,0000000,0,24,0,28,99,99,0,0,0,1,1
18,180247,1,1,0,0,0,2,2,39,480,25,5,2012,6,21,10,0,4,3,SR-15,,0,41.68771111,-85.81573889,0,53,0,0,1,1,0,4,2,1,0,1,0,0000000,21,10,21,10,99,99,20,0,0,2,0
18,180248,1,1,0,0,0,2,2,153,2970,29,5,2012,3,14,22,0,4,3,SR-63,,0,39.06253056,-87.56448889,0,1,0,0,1,1,0,4,1,1,0,1,0,0000000,14,22,14,33,99,99,0,0,0,1,1
18,180249,1,1,0,0,0,1,1,35,3360,26,5,2012,7,1,5,0,3,2,US-35,,0,40.23853333,-85.35607778,0,31,0,0,1,1,0,3,2,1,0,1,0,0000000,1,9,1,14,88,88,0,0,0,1,0
18,180250,1,1,0,0,0,4,4,147,1140,26,5,2012,7,15,23,1,1,1,I-64,,600,38.19961944,-86.91518889,0,1,0,0,1,1,0,4,1,1,0,1,0,0000000,15,32,15,40,99,99,0,0,0,1,0
18,180251,2,2,0,0,0,4,4,97,2210,25,5,2012,6,14,37,0,16,5,HARDING ST,29TH ST,0,39.80999167,-86.18832778,0,12,6,0,2,2,0,1,1,1,0,1,0,0000000,15,17,15,30,99,99,0,0,0,1,1
18,180252,1,1,0,0,0,1,1,31,1910,26,5,2012,7,18,26,0,4,3,SR-3,,0,39.40750278,-85.4796,0,1,0,0,1,1,0,4,1,1,0,1,0,0000000,18,26,18,29,99,99,0,0,0,1,1
18,180253,1,1,0,0,0,2,2,19,4420,24,5,2012,5,16,20,1,1,1,I-65,,66,38.35813611,-85.7544,0,18,0,0,1,1,0,1,1,1,0,1,0,0000000,16,20,16,27,99,99,0,0,0,1,0
18,180254,1,1,0,0,0,2,2,97,2210,29,5,2012,3,17,54,0,16,5,ARQUETTE DR,CONWAY DR,0,39.83173333,-85.997825,0,33,0,0,3,3,0,4,1,1,0,1,0,0000000,18,1,18,11,99,99,0,0,0,1,0
18,180255,2,2,0,0,0,4,4,9,2040,25,5,2012,6,19,48,0,15,3,SR-3,CR-600,0,40.53784444,-85.37095556,0,12,1,0,2,2,0,1,1,1,0,1,0,0000000,18,48,18,56,99,99,0,0,0,1,0
18,180256,1,1,0,1,1,1,1,163,1480,30,5,2012,4,16,31,0,16,5,GREEN RIVER RD,,0,37.97834444,-87.49246667,0,9,0,0,1,1,0,1,1,1,0,1,0,0000000,16,36,16,37,99,99,0,0,0,1,0
18,180257,2,2,0,0,0,2,2,89,1290,3,6,2012,1,3,15,0,16,5,CALUMET AVE,HARRISON PLACE,0,41.51727778,-87.50934722,0,12,1,0,2,2,0,1,2,1,0,1,0,0000000,3,30,3,40,88,88,0,0,0,1,1
18,180258,2,2,0,1,1,5,5,97,2210,8,4,2012,1,0,48,1,11,1,I-465,,59,39.69193056,-86.21132222,0,8,0,0,1,1,0,1,2,1,0,1,0,0000000,0,48,0,54,99,99,0,0,0,1,0
18,180259,2,2,0,0,0,2,2,147,4200,20,4,2012,6,7,25,0,4,3,SR-66,SR-161,0,37.90154722,-87.10945556,0,12,6,0,2,3,0,1,1,1,0,1,0,0000000,7,26,7,33,99,99,0,0,0,1,0
18,180260,2,2,0,0,0,4,4,51,4060,2,6,2012,7,12,17,0,4,3,SR-64,SR-65,0,38.3551,-87.56725556,0,12,6,0,2,2,0,1,1,10,0,10,0,0000000,12,17,12,22,99,99,0,0,0,1,0
18,180261,2,2,0,0,0,2,2,93,3750,1,6,2012,6,13,37,0,4,3,SR-37,MAIN ST,0,38.90097778,-86.53199722,0,12,6,0,2,2,0,1,1,1,0,1,0,0000000,13,37,13,43,99,99,0,0,0,1,0
18,180262,2,2,0,0,0,4,4,109,3163,2,6,2012,7,20,19,1,1,1,I-70,LITTLE POINT RD,510,39.57170833,-86.63180556,0,12,6,0,5,1,0,1,1,2,0,2,0,0000000,20,8,20,8,99,99,0,0,0,1,1
18,180263,2,2,0,0,0,3,3,157,2480,1,6,2012,6,23,58,0,4,3,SR-25,,0,40.48611111,-86.82050833,0,12,8,0,1,1,0,1,2,1,0,1,0,0000000,23,58,0,7,99,99,0,0,0,1,0
18,180264,2,2,0,0,0,3,3,177,4120,4,6,2012,2,15,30,0,3,2,US-40,ROUND BARN RD,0,39.820975,-84.95806389,0,12,6,0,2,2,0,1,1,1,0,1,0,0000000,15,34,15,34,99,99,0,0,0,1,0
18,180265,1,1,0,0,0,2,2,51,4570,3,6,2012,1,11,43,0,4,3,SR-57,MAIN ST,0,38.276825,-87.38042778,0,1,0,0,2,2,0,1,1,1,0,1,0,0000000,11,43,11,55,99,99,0,0,0,1,0
18,180266,2,2,0,0,0,2,2,141,3100,3,6,2012,1,4,32,0,4,3,SR-23,,0,41.75628056,-86.08783611,0,12,2,0,1,1,0,1,2,1,0,1,0,0000000,4,33,4,39,99,99,0,0,0,1,1
18,180267,1,1,0,0,0,1,1,31,4320,3,6,2012,1,1,32,0,6,4,CR-400 W,,0,39.43618611,-85.55311389,0,34,0,0,1,1,0,4,2,1,0,1,0,0000000,1,32,1,52,88,88,0,0,0,1,1
18,180268,1,1,0,0,0,1,1,21,2033,3,6,2012,1,23,39,0,6,4,CR-200 E,,0,39.56907778,-87.06983333,0,32,0,0,1,1,0,4,2,1,0,1,0,0000000,23,39,23,59,88,88,0,0,0,1,1
18,180269,1,1,0,0,0,2,2,17,2730,6,6,2012,4,4,51,0,6,4,CR-700 E,,0,40.75310833,-86.240475,0,38,0,0,1,1,0,4,2,5,0,5,0,0000000,4,51,5,0,99,99,0,0,0,1,1
18,180270,1,1,0,0,0,2,2,21,460,2,6,2012,7,14,0,0,16,5,WHITE ROCK RD,,0,39.51132222,-87.13425278,0,34,0,0,1,1,0,4,1,1,0,1,0,0000000,14,1,14,1,99,99,0,0,0,1,1
18,180271,1,1,0,2,2,1,1,39,1410,7,6,2012,5,5,50,0,6,4,CR-20,,0,41.64693889,-85.95298889,0,9,0,0,1,1,0,1,4,1,0,1,0,0000000,5,50,5,55,99,99,0,0,0,2,0
18,180272,2,2,0,0,0,2,2,83,5030,29,5,2012,3,7,0,0,3,2,US-41,ST THOMAS RD,0,38.612475,-87.5379,0,12,6,0,2,2,0,1,1,10,0,10,0,0000000,6,58,7,3,99,99,0,0,0,1,0
18,180273,1,1,0,0,0,1,1,127,4960,7,6,2012,5,3,16,0,6,4,CR-875 N,,0,41.56126944,-87.11534167,0,42,0,0,1,1,0,4,2,1,0,1,0,0000000,3,16,3,16,88,88,20,0,0,1,1
18,180274,1,1,0,0,0,1,1,69,2860,7,6,2012,5,23,20,1,11,1,I-69,,865,40.82898333,-85.35236111,0,11,0,0,1,1,0,1,2,1,0,1,0,0000000,23,23,23,24,99,99,0,0,0,1,0
18,180275,2,2,0,0,0,3,3,97,2210,27,5,2012,1,12,35,0,16,5,56TH ST,,0,39.85258611,-86.28454722,0,12,2,0,1,1,0,1,1,1,0,1,0,0000000,12,36,12,47,99,99,0,0,0,1,0
18,180276,1,1,0,0,0,1,1,147,830,5,6,2012,3,9,44,0,6,4,CR-475 W,,0,38.05500833,-87.14531389,0,35,0,0,1,1,0,4,1,1,0,1,0,0000000,9,44,9,51,99,99,0,0,0,1,0
18,180277,2,2,0,0,0,2,2,3,1580,11,6,2012,2,15,30,0,14,2,US-24 W,,0,41.02289167,-85.26850833,0,11,0,0,1,1,0,1,1,10,0,10,0,0000000,15,32,15,36,99,99,0,0,0,1,0
18,180278,1,1,0,0,0,1,1,181,540,11,6,2012,2,12,20,1,1,1,I-65 N,,1880,40.58338611,-86.95719167,0,1,0,0,1,1,0,4,1,1,0,1,0,0000000,12,26,12,34,88,88,0,0,0,1,0
18,180279,1,1,0,0,0,1,1,81,1650,7,6,2012,5,2,41,0,4,3,SR-252,,0,39.41075556,-86.05753889,0,38,0,0,1,1,0,4,2,1,0,1,0,0000000,2,42,2,50,99,99,0,0,0,1,1
18,180280,2,2,0,0,0,3,3,95,70,4,6,2012,2,15,51,0,4,3,SR-9 N,,0,40.28569722,-85.67152778,0,12,2,0,1,1,0,1,1,1,0,1,0,0000000,15,51,15,56,99,99,0,0,0,1,0
18,180281,2,2,0,0,0,5,5,89,2010,10,6,2012,1,13,49,0,16,5,COLUMBIA AVE,,0,41.62296111,-87.49985556,0,12,6,0,1,1,0,1,1,1,0,1,0,0000000,13,50,14,3,99,99,0,0,0,1,1
18,180282,1,1,0,0,0,1,1,93,300,12,6,2012,3,17,31,0,16,6,RIVERBLUFF RD,,0,38.83550556,-86.51935833,0,39,0,0,1,1,0,4,1,1,0,1,0,0000000,17,31,17,34,99,99,0,0,0,1,1
18,180283,1,1,0,0,0,1,1,95,140,15,5,2012,3,19,53,0,16,5,STUART CIRCLE,,0,40.11145278,-85.63733056,0,1,0,0,8,1,0,1,1,1,0,1,0,0000000,19,53,19,59,99,99,0,0,0,1,0
18,180284,1,1,0,0,0,1,1,47,3310,11,6,2012,2,9,26,0,4,3,SR-252 W,,0,39.40771389,-84.89117778,0,42,0,0,1,1,0,4,1,2,0,2,0,0000000,9,28,9,40,99,99,0,0,0,1,0
18,180285,2,2,0,0,0,2,2,51,1630,12,6,2012,3,8,49,0,4,3,SR-64 E,,0,38.32668056,-87.40725278,0,12,8,0,1,1,0,1,1,1,0,1,0,0000000,8,39,8,40,99,99,0,0,0,1,0
18,180286,1,1,0,1,1,1,1,3,1580,13,6,2012,4,21,55,0,6,4,CR-MEYER RD,,0,41.03837778,-85.07715833,0,8,0,0,1,1,0,1,2,10,0,10,0,0000000,22,0,22,4,99,99,0,0,0,1,0
18,180287,2,2,0,0,0,3,3,157,2480,9,6,2012,7,16,22,0,6,4,CR-900,,0,40.43329444,-86.732825,0,12,2,0,1,1,0,1,1,1,0,1,0,0000000,16,43,16,50,99,99,0,0,0,2,0
18,180288,1,1,0,1,1,1,1,157,5200,12,6,2012,3,4,50,0,3,2,US-52,CORTEZ DR,0,40.4676,-86.94294444,0,8,0,0,3,3,0,1,2,1,0,1,0,0000000,4,50,4,52,99,99,0,0,0,1,0
18,180289,1,1,0,1,1,1,1,39,1410,7,6,2012,5,3,36,0,6,4,CR-17,US-20,0,41.66691111,-85.88760556,0,9,0,0,3,3,0,1,2,1,0,1,0,0000000,3,36,3,46,88,88,0,0,0,1,0
18,180290,1,1,0,0,0,2,2,109,2890,13,6,2012,4,19,0,0,6,4,CR-BRIAN CEMETRY RD,CR-MOULTON RD,0,39.47346389,-86.28455833,0,1,0,0,1,1,0,1,1,1,0,1,0,0000000,20,45,21,15,88,88,0,0,0,1,0
18,180291,2,2,0,0,0,2,2,143,240,13,6,2012,4,15,28,0,4,3,SR-256,,0,38.74301944,-85.82802778,0,12,2,0,1,1,0,1,1,1,0,1,0,0000000,15,28,15,48,88,88,0,0,0,2,0
18,180292,2,2,0,0,0,3,3,11,5490,15,6,2012,6,13,41,0,3,2,US-421,,0,40.11959444,-86.32408889,0,12,6,0,1,1,0,1,1,1,0,1,0,0000000,13,41,14,1,99,99,0,0,0,1,0
18,180293,1,1,0,0,0,1,1,97,2210,16,6,2012,7,3,10,1,1,1,I-465,,163,39.81249444,-86.27525278,0,25,0,1,5,1,1,8,2,1,0,1,0,0000000,3,13,3,25,99,99,0,0,0,1,0
18,180294,1,1,0,0,0,2,2,165,1500,26,5,2012,7,15,57,0,15,3,SR-63,,0,39.67606667,-87.42074444,0,1,0,0,1,1,0,3,1,1,0,1,0,0000000,15,57,16,2,99,99,0,0,0,1,0
18,180295,1,1,0,0,0,1,1,143,240,13,6,2012,4,9,36,0,6,4,CR-JACK MORGAN ROAD,,0,38.75777222,-85.78553333,0,53,0,0,1,1,0,4,1,1,0,1,0,0000000,9,36,9,45,88,88,0,0,0,1,0
18,180296,2,2,0,0,0,2,2,63,560,18,6,2012,2,22,9,0,15,3,SR-267,I-74,0,39.86059167,-86.39253056,0,12,6,1,2,3,0,1,3,1,0,1,0,0000000,22,12,22,13,99,99,0,0,0,1,1
18,180297,1,1,0,0,0,1,1,109,2890,19,6,2012,3,16,32,0,6,4,CR-BIG BEND RD,,0,39.52905833,-86.28734167,0,19,0,0,1,1,0,6,1,1,0,1,0,0000000,16,35,16,42,88,88,0,0,0,1,0
18,180298,2,2,0,0,0,4,4,89,1730,9,6,2012,7,21,9,0,14,2,US-20,KING ST,0,41.60185,-87.41079167,0,12,6,0,2,2,0,1,3,1,0,1,0,0000000,21,23,21,31,99,99,0,0,0,1,0
18,180299,3,3,0,0,0,5,5,157,2480,4,6,2012,2,13,27,0,3,2,US-231,,0,40.28321667,-86.90372222,0,12,2,0,1,1,0,1,1,1,0,1,0,0000000,13,29,13,31,99,99,0,0,0,2,0
18,180301,2,2,0,0,0,3,3,181,4110,20,6,2012,4,8,59,0,14,2,US-421,JEFFERSON ST,0,40.75348889,-86.875075,0,12,6,0,2,2,0,1,1,1,0,1,0,0000000,8,59,9,3,99,99,0,0,0,1,0
18,180302,1,1,0,0,0,2,2,37,2260,11,5,2012,6,17,40,0,6,4,CR-DUBOIS ROAD,,0,38.45896667,-86.82580833,0,42,0,0,1,1,0,4,1,1,0,1,0,0000000,17,41,17,54,99,99,0,0,0,1,0
18,180303,2,2,0,0,0,6,6,65,3450,29,5,2012,3,20,27,0,4,3,SR-234,CR-400,0,39.93188333,-85.46238056,0,12,6,0,2,2,0,1,5,1,0,1,0,0000000,20,29,20,32,99,99,0,0,0,1,0
18,180304,2,2,0,0,0,6,6,157,5200,7,6,2012,5,15,34,0,6,4,CR-HARRISON RD,,0,40.52812222,-86.83885,0,12,2,0,1,1,0,1,1,10,0,10,0,0000000,15,34,15,45,99,99,0,0,0,1,1
18,180305,1,1,0,0,0,4,4,11,2630,18,6,2012,2,4,40,1,11,1,I-65,,1410,40.06359722,-86.49385833,0,24,0,1,5,1,0,8,2,1,0,1,0,0000000,4,44,4,47,99,99,0,0,0,1,0
18,180306,1,1,0,0,0,2,2,65,4510,19,6,2012,3,14,24,0,4,3,SR-109,,0,39.858275,-85.57635833,0,42,0,0,1,1,0,4,1,1,0,1,0,0000000,14,31,14,44,99,99,0,0,0,1,0
18,180307,1,1,0,0,0,3,3,119,4630,20,6,2012,4,23,4,0,3,2,US-231,,1250,39.31028056,-86.74229444,0,35,0,0,1,1,0,4,2,1,0,1,0,0000000,23,6,23,10,99,99,0,0,0,2,0
18,180308,2,2,0,0,0,2,2,105,380,20,6,2012,4,9,36,0,4,3,SR-45,,0,39.11544444,-86.62523333,0,12,2,0,1,1,0,1,1,1,0,1,0,0000000,9,36,9,36,99,99,0,0,0,1,0
18,180309,1,1,0,0,0,1,1,89,2760,22,6,2012,6,19,3,0,6,5,CLARK RD,,0,41.25679444,-87.39053889,0,34,0,0,1,1,0,4,1,1,0,1,0,0000000,19,3,19,8,99,99,0,0,0,1,1
18,180310,2,2,0,0,0,3,3,183,840,22,6,2012,6,18,15,0,3,2,US-33,CR-550,0,41.24101111,-85.33127222,0,12,1,0,3,3,0,1,1,1,0,1,0,0000000,18,18,18,26,99,99,0,0,0,1,0
18,180312,1,1,0,1,1,1,1,91,2990,22,6,2012,6,8,10,0,16,5,OHIO ST,US-20,0,41.68045,-86.90345556,0,8,0,0,2,2,0,1,1,1,0,1,0,0000000,8,11,8,13,88,88,0,0,0,1,0
18,180313,2,2,0,0,0,3,3,95,140,22,6,2012,6,15,44,0,16,5,CENTRAL WAY,25TH ST,0,40.09051944,-85.73953056,0,12,6,0,2,2,0,1,1,1,0,1,0,0000000,15,44,15,49,99,99,0,0,0,1,0
18,180315,2,2,0,0,0,2,2,141,3630,23,6,2012,7,21,59,0,4,3,SR-23,,0,41.55191389,-86.42709167,0,12,2,0,1,1,0,1,2,1,0,1,0,0000000,21,58,22,2,88,88,0,0,0,2,1
18,180316,2,2,0,0,0,2,2,95,3760,22,6,2012,6,16,56,0,6,4,CR-1100,CR-300,0,40.26286389,-85.61425556,0,12,6,0,2,2,0,1,1,1,0,1,0,0000000,16,56,16,56,99,99,0,0,0,1,0
18,180317,3,3,0,0,0,8,8,89,2515,12,6,2012,3,16,59,1,11,1,I-80,,128,41.57275833,-87.28106667,0,12,7,0,1,1,0,1,1,1,0,1,0,0000000,17,2,17,22,99,99,0,0,0,1,1