STATE,ST_CASE,VE_TOTAL,VE_FORMS,PVH_INVL,PEDS,PERNOTMVIT,PERMVIT,PERSONS,COUNTY,CITY,DAY,MONTH,YEAR,DAY_WEEK,HOUR,MINUTE,NHS,ROAD_FNC,ROUTE,TWAY_ID,TWAY_ID2,MILEPT,LATITUDE,LONGITUD,SP_JUR,HARM_EV,MAN_COLL,RELJCT1,RELJCT2,TYP_INT,WRK_ZONE,REL_ROAD,LGT_COND,WEATHER1,WEATHER2,WEATHER,SCH_BUS,RAIL,NOT_HOUR,NOT_MIN,ARR_HOUR,ARR_MIN,HOSP_HR,HOSP_MN,CF1,CF2,CF3,FATALS,DRUNK_DR
18,180318,3,3,0,0,0,3,3,51,3830,16,6,2012,7,0,56,0,4,3,SR-168 W,,0,38.26763611,-87.66791667,0,12,8,0,1,1,0,1,2,1,0,1,0,0000000,1,35,2,2,99,99,0,0,0,1,1
18,180319,1,1,0,0,0,2,2,145,4470,22,6,2012,6,11,32,1,1,1,I-74 W,,1200,39.48853333,-85.68330556,0,31,0,0,1,1,0,4,1,1,0,1,0,0000000,11,35,11,38,99,99,0,0,0,1,0
18,180320,1,1,0,0,0,1,1,157,2480,5,6,2012,3,15,56,0,16,6,PARK EAST BLVD,,0,40.40605,-86.82881111,0,33,0,0,1,1,0,4,1,1,0,1,0,0000000,15,57,16,13,99,99,0,0,0,1,0
18,180321,1,1,0,0,0,3,3,109,2890,25,6,2012,2,17,6,0,6,5,CASH RD,,0,39.49178611,-86.603475,0,42,0,0,1,1,0,4,1,1,0,1,0,0000000,17,6,17,23,99,99,0,0,0,1,0
18,180322,2,2,0,0,0,3,3,75,4080,19,6,2012,3,18,45,0,4,3,SR-67 S,CR-600 S,0,40.35066944,-85.16359167,0,12,6,0,2,2,0,1,1,1,0,1,0,0000000,18,49,18,55,99,99,0,0,0,1,0
18,180323,2,2,0,0,0,3,3,79,5000,18,6,2012,2,18,0,0,4,3,SR-3,,0,38.98753889,-85.61183056,0,12,8,0,1,1,0,1,1,1,0,1,0,0000000,18,1,18,3,99,99,0,0,0,1,1
18,180324,2,2,0,0,0,3,3,149,2420,25,6,2012,2,10,42,0,14,2,US-35 N,,0,41.29566944,-86.62071111,0,12,2,0,1,1,0,1,1,1,0,1,0,0000000,10,43,10,44,99,99,0,0,0,1,0
18,180325,1,1,0,0,0,2,2,103,3940,23,6,2012,7,11,46,0,6,4,CR-250,,0,40.65771111,-86.023775,0,11,0,0,1,1,0,1,1,1,0,1,0,0000000,11,54,12,3,99,99,0,0,0,1,0
18,180326,2,2,0,0,0,4,4,133,950,26,6,2012,3,16,16,1,1,1,I-70,,300,39.48659444,-86.99915556,0,12,7,0,1,1,2,1,1,1,0,1,0,0000000,16,14,16,27,99,99,0,0,0,1,0
18,180327,1,1,0,1,1,1,1,63,251,24,6,2012,1,2,5,0,6,4,CR-MAIN ST,CR-525 E,0,39.76226389,-86.433425,0,9,0,0,2,3,0,1,2,1,0,1,0,0000000,2,6,2,8,99,99,0,0,0,1,1
18,180328,2,1,1,1,1,1,1,97,2210,25,6,2012,2,18,32,1,11,1,I-70,,827,39.77606944,-86.14154722,0,8,0,0,1,1,0,1,1,1,0,1,0,0000000,18,35,18,38,88,88,23,0,0,1,0
18,180329,2,2,0,0,0,2,2,157,2480,13,6,2012,4,21,3,0,15,3,SR-38 E,,0,99.99990000,999.99990000,0,12,1,0,1,1,0,1,1,1,0,1,0,0000000,21,4,21,8,99,99,0,0,0,1,0
18,180330,1,1,0,0,0,1,1,123,4820,24,6,2012,1,12,30,1,1,1,I-64,,780,38.22721389,-86.59764444,0,21,0,0,1,1,0,4,1,1,0,1,0,0000000,12,35,12,46,88,88,0,0,0,1,0
18,180331,2,2,0,0,0,3,3,3,1580,23,6,2012,7,10,58,0,16,5,HILLEGAS RD,GOSHEN RD,0,41.12729444,-85.19265278,0,12,6,0,2,2,0,1,1,1,0,1,0,0000000,10,58,11,2,99,99,0,0,0,1,0
18,180332,1,1,0,0,0,1,1,93,300,27,6,2012,4,20,24,0,6,5,LITTLE SALT CREEK RD,,0,99.99990000,999.99990000,0,35,0,0,1,1,0,4,1,1,0,1,0,0000000,20,24,20,37,88,88,0,0,0,1,1
18,180333,2,2,0,0,0,2,2,99,470,13,6,2012,4,6,25,0,3,2,US-6,,0,41.453,-86.09664444,0,12,2,0,1,1,0,1,1,1,0,1,0,0000000,6,25,6,35,99,99,0,0,0,1,0
18,180334,3,3,0,0,0,8,8,181,4110,29,6,2012,6,15,49,0,3,2,US-24 E,,0,40.7506,-87.04007222,0,12,8,0,1,1,0,1,1,1,0,1,0,0000000,15,49,16,0,99,99,0,0,0,4,0
18,180335,1,1,0,0,0,1,1,143,4400,30,6,2012,7,2,14,0,6,4,CR-LEOTA RD,,0,38.645875,-85.82143056,0,1,0,0,1,1,0,4,2,1,0,1,0,0000000,2,14,2,19,88,88,0,0,0,1,1
18,180336,1,1,0,0,0,2,2,51,3690,28,6,2012,5,17,42,0,4,3,SR-64,,0,38.33720278,-87.33606944,0,42,0,0,1,1,0,4,1,1,0,1,0,0000000,17,42,17,53,99,99,0,0,0,1,1
18,180337,2,2,0,0,0,2,2,5,990,29,6,2012,6,10,49,0,4,3,SR-58,,0,39.1261,-86.01550833,0,12,2,0,8,1,0,1,1,1,0,1,0,0000000,10,49,10,54,99,99,0,0,0,1,0
18,180338,1,1,0,1,1,3,3,163,1480,12,5,2012,7,12,22,0,16,5,FIRST AVE,FRANKLIN ST,0,37.98043611,-87.57495,0,8,0,0,2,2,0,1,1,10,0,10,0,0000000,12,23,12,25,99,99,0,0,0,1,0
18,180339,1,1,0,0,0,2,2,181,4110,15,5,2012,3,15,9,0,4,3,SR-43,,0,40.70643056,-86.87194444,0,42,0,0,1,1,0,4,1,1,0,1,0,0000000,15,9,15,15,99,99,0,0,0,1,0
18,180340,1,1,0,0,0,2,2,163,1480,18,5,2012,6,20,24,0,6,5,GREEN RIVER RD,SURREY WAY,0,38.05270833,-87.491325,0,34,0,0,3,3,0,4,2,1,0,1,0,0000000,20,24,20,30,99,99,0,0,0,1,0
18,180341,2,2,0,0,0,2,2,163,1480,12,6,2012,3,17,30,0,4,3,SR-62,KELSEY AVE,0,37.99169444,-87.52511944,0,5,0,0,3,3,0,1,1,1,0,1,0,0000000,17,32,17,36,99,99,0,0,0,1,0
18,180342,2,2,0,0,0,3,3,97,2210,30,6,2012,7,18,25,0,16,5,KENTUCKY AVE,LYONS ST,0,39.71659722,-86.23336389,0,12,6,0,2,3,0,1,1,1,0,1,0,0000000,18,25,18,28,99,99,0,0,0,1,0
18,180343,2,2,0,0,0,2,2,25,1460,30,6,2012,7,9,35,0,4,3,SR-64 W,ANDERSON CREEK RD,0,38.33041111,-86.619725,0,12,8,0,1,1,0,1,1,1,0,1,0,0000000,9,35,9,46,88,88,0,0,0,1,0
18,180344,2,2,0,0,0,2,2,63,3990,29,6,2012,6,1,6,1,11,1,I-70 E,,668,39.67239444,-86.35919722,0,12,6,0,1,1,0,1,3,1,0,1,0,0000000,1,6,1,11,88,88,0,0,0,1,0
18,180345,1,1,0,0,0,2,2,153,4750,5,7,2012,5,0,50,0,6,4,CR-100 E,,0,39.15768611,-87.39018889,0,1,0,0,1,1,0,4,2,1,0,1,0,0000000,0,50,0,57,99,99,0,0,0,1,1
18,180346,1,1,0,0,0,1,1,55,4800,2,7,2012,2,14,15,0,4,3,SR-54,,0,39.03447778,-87.03041389,0,42,0,0,1,1,0,4,1,1,0,1,0,0000000,14,19,14,33,99,99,0,0,0,1,0
18,180347,2,2,0,0,0,3,3,89,1730,30,6,2012,7,10,35,0,16,5,29TH AVE,,0,41.56596667,-87.39365833,0,12,7,0,1,1,0,1,1,1,0,1,0,0000000,10,37,11,0,99,99,0,0,0,1,0
18,180348,2,2,0,0,0,3,3,99,470,16,6,2012,7,15,51,0,3,2,US-6,ELM RD,0,41.46061944,-86.14651667,0,12,6,0,2,2,0,1,1,1,0,1,0,0000000,15,51,16,2,99,99,0,0,0,1,0
18,180349,1,1,0,0,0,1,1,39,3380,5,7,2012,5,7,0,0,6,4,CR-146,,0,41.48815278,-86.03239167,0,34,0,0,1,1,0,4,1,10,0,10,0,0000000,7,5,7,20,88,88,0,0,0,1,0
18,180351,2,2,0,0,0,2,2,39,1830,5,7,2012,5,14,51,0,4,3,SR-15,CR-146,0,41.49315278,-85.83481944,0,12,6,0,2,2,0,1,1,10,0,10,0,0000000,14,52,15,3,99,99,0,0,0,1,0
18,180352,1,1,0,0,0,2,2,99,4010,29,6,2012,6,20,50,0,6,4,CR-12TH RD,,0,41.30306389,-86.33271111,0,24,0,0,1,1,0,4,5,10,0,10,0,0000000,20,54,21,2,88,88,0,0,0,2,0
18,180353,1,1,0,0,0,1,1,85,5110,5,7,2012,5,21,16,0,6,4,CR-350,,0,99.99990000,999.99990000,0,30,0,0,1,1,0,4,5,1,0,1,0,0000000,21,16,21,24,88,88,0,0,0,1,1
18,180354,2,2,0,0,0,6,6,89,2120,4,7,2012,4,10,9,0,15,3,SR-51,33RD AVE,0,41.55795278,-87.24079167,0,12,6,0,3,3,0,1,1,1,0,1,0,0000000,10,9,10,12,99,99,0,0,0,1,0
18,180355,1,1,0,0,0,2,2,85,3960,5,7,2012,5,11,48,0,3,2,US-30,,0,41.21460278,-85.75595556,0,1,0,0,1,1,0,1,1,1,0,1,0,0000000,11,48,11,59,99,99,0,0,0,1,0
18,180356,1,1,0,0,0,2,2,39,480,7,7,2012,7,4,30,0,6,4,CR-23,,0,41.69018333,-85.83146944,0,34,0,0,1,1,0,4,2,1,0,1,0,0000000,4,47,4,54,88,88,0,0,0,1,0
18,180357,2,1,1,0,0,1,1,39,1410,7,7,2012,7,3,48,0,3,2,US-20,,0,41.68865,-86.04007222,0,14,0,0,1,1,0,4,2,1,0,1,0,0000000,3,48,3,55,88,88,0,0,0,1,1
18,180358,1,1,0,0,0,2,2,39,1830,7,7,2012,7,8,59,0,4,3,SR-15,,0,41.46935833,-85.83984722,0,42,0,0,1,1,0,4,1,1,0,1,0,0000000,8,59,8,59,99,99,0,0,0,1,0
18,180359,2,2,0,0,0,2,2,157,2480,5,7,2012,5,12,40,0,16,5,VETERANS MEMORIAL PKWY,,0,40.41255556,-86.80979722,0,12,2,0,1,1,0,1,1,1,0,1,0,0000000,12,40,12,42,99,99,0,0,0,1,0
18,180360,4,4,0,0,0,11,11,29,1880,4,7,2012,4,18,28,1,11,1,I-275,016 C RAMP,160,39.12378889,-84.83340556,0,12,1,1,2,2,0,1,1,1,0,1,0,0000000,18,28,18,30,99,99,14,0,0,1,0
18,180361,1,1,0,0,0,1,1,79,3670,17,6,2012,1,3,23,0,6,4,CR-950 W,,0,39.06148056,-85.78806944,0,53,0,0,1,1,0,4,2,1,0,1,0,0000000,3,26,3,41,88,88,0,0,0,1,1
18,180362,1,1,0,0,0,2,2,89,2972,10,7,2012,3,4,6,0,16,5,57TH AVE,,0,41.51501667,-87.36516667,0,42,0,0,1,1,0,4,2,1,0,1,0,0000000,4,6,4,11,99,99,0,0,0,1,1
18,180363,2,2,0,0,0,3,3,39,5050,11,7,2012,4,7,29,0,6,4,CR-7,CR-40,0,41.53640278,-85.98233889,0,12,6,0,2,2,0,1,1,1,0,1,0,0000000,7,31,7,32,99,99,0,0,0,1,0
18,180364,2,2,0,0,0,2,2,71,2930,5,7,2012,5,18,39,0,3,2,US-50,,0,38.87509722,-86.19648889,0,12,2,0,1,1,0,1,1,1,0,1,0,0000000,18,39,18,46,99,99,0,0,0,1,0
18,180365,2,2,0,0,0,4,4,175,3906,30,6,2012,7,19,32,0,15,3,SR-60,VOYLES RD,0,38.48994722,-86.00297222,0,12,6,0,2,2,0,1,1,1,0,1,0,0000000,19,32,19,39,99,99,0,0,0,1,0
18,180366,2,2,0,0,0,3,3,3,1580,4,7,2012,4,12,12,0,16,5,ARDMORE AVE,,0,41.05750556,-85.18976944,0,12,2,0,1,1,0,1,1,1,0,1,0,0000000,12,12,12,15,99,99,0,0,0,2,0
18,180367,1,1,0,0,0,2,2,3,1580,10,7,2012,3,22,0,0,6,5,SWARTZ RD,NOTESTINE RD,0,41.18113056,-85.00793889,0,38,0,0,3,2,0,4,5,1,0,1,0,0000000,22,5,22,16,99,99,0,0,0,2,0
18,180368,1,1,0,0,0,2,2,15,604,12,7,2012,5,23,18,0,6,4,CR-500 E,CR-600 S,0,40.46520833,-86.43031389,0,1,0,0,1,1,0,4,2,1,0,1,0,0000000,23,18,23,30,99,99,0,0,0,1,1
18,180369,2,2,0,0,0,4,4,89,2760,6,7,2012,6,21,48,0,15,3,SR-2,,0,41.28965278,-87.37487222,0,12,2,0,1,1,0,1,2,1,0,1,0,0000000,21,49,21,49,99,99,0,0,0,1,0
18,180370,1,1,0,0,0,1,1,89,2760,8,7,2012,1,13,47,0,6,4,CR-MOUNT ST,171ST AVE,0,41.30805556,-87.39651667,0,42,0,0,1,1,0,6,1,1,0,1,0,0000000,13,47,14,2,88,88,0,0,0,1,0
18,180371,2,2,0,0,0,1,1,85,3050,13,7,2012,6,2,46,0,16,4,CR-1150,,0,41.43511944,-85.84593611,0,12,6,0,1,1,0,1,2,1,0,1,0,0000000,2,46,2,49,99,99,0,0,0,1,1
18,180372,2,2,0,0,0,2,2,53,1750,13,7,2012,6,11,2,0,14,2,US-35,,0,40.48788611,-85.62342222,0,12,2,0,1,1,0,1,1,1,0,1,0,0000000,11,2,11,4,99,99,0,0,0,1,0
18,180373,1,1,0,0,0,2,2,21,460,14,7,2012,7,1,15,1,1,1,I-70,,250,39.44890278,-87.11934167,0,35,0,0,1,1,0,4,2,1,0,1,0,0000000,1,21,1,37,99,99,0,0,0,1,0
18,180374,1,1,0,0,0,1,1,97,2210,13,7,2012,6,0,32,0,16,5,SOUTHEASTERN AVE,SHERIDIAN AVE,0,39.72174444,-86.039825,0,33,0,0,2,2,0,4,2,1,0,1,0,0000000,0,32,0,32,99,99,0,0,0,1,1
18,180375,1,1,0,4,4,1,1,87,4490,9,7,2012,2,12,17,0,4,3,SR-120,,0,41.72358333,-85.55727778,0,49,0,0,1,1,0,1,1,1,0,1,0,0000000,12,18,12,37,99,99,0,0,0,1,0
18,180376,1,1,0,0,0,2,2,97,2210,13,7,2012,6,14,25,1,11,1,I-65 N,,1123,39.78280278,-86.14101111,0,1,0,1,5,1,0,4,1,1,0,1,0,0000000,14,25,14,35,99,99,0,0,0,2,0
18,180377,2,2,0,0,0,5,5,159,4860,14,7,2012,7,20,12,0,4,3,SR-19,CR-400 S,0,40.24758889,-86.04116389,0,12,6,0,1,1,0,1,1,2,0,2,0,0000000,20,13,20,18,99,99,0,0,0,1,0
18,180378,1,1,0,0,0,1,1,3,1580,14,7,2012,7,15,6,0,16,5,SOUTH ANTHONY BLVD,EAST PETTIT AVE,0,41.03895833,-85.112975,0,42,0,0,2,2,0,4,1,10,0,10,0,0000000,15,7,15,8,99,99,0,0,0,1,0
18,180379,1,1,0,0,0,1,1,61,2540,15,7,2012,1,22,0,0,6,4,CR-WHISKEY RUN RD,CR-SAINT JOHNS RD,0,38.32856389,-86.016725,0,42,0,0,1,1,0,4,2,1,0,1,0,0000000,20,5,20,15,88,88,0,0,0,1,0
18,180380,1,1,0,0,0,3,3,51,4060,18,7,2012,4,5,53,0,6,4,CR-350 E,CR-250,0,38.32681389,-87.92684167,0,52,0,0,1,1,0,4,1,1,0,1,0,0000000,6,7,6,19,99,99,0,0,0,2,0
18,180381,1,1,0,0,0,2,2,157,2480,17,7,2012,3,0,36,0,16,5,WABASH AVE,,0,40.41335833,-86.896225,0,24,0,0,1,1,0,4,2,1,0,1,0,0000000,0,36,0,40,99,99,0,0,0,1,1
18,180382,2,2,0,0,0,3,3,57,5180,10,7,2012,3,15,26,0,3,2,US-31 S,,0,40.09025556,-86.12804722,0,12,2,0,1,1,1,1,1,1,0,1,0,0000000,15,28,15,33,99,99,3,0,0,2,0
18,180383,2,2,0,0,0,2,2,3,1580,18,7,2012,4,6,50,0,6,5,HOMESTEAD RD,,0,41.00130556,-85.28388056,0,12,2,0,1,1,0,1,1,1,0,1,0,0000000,6,53,6,58,88,88,0,0,0,2,1
18,180384,2,2,0,0,0,2,2,157,2480,18,7,2012,4,15,6,0,4,3,SR-25,,0,40.48368056,-86.82494722,0,12,2,0,1,1,0,1,1,1,0,1,0,0000000,15,12,15,13,99,99,0,0,0,1,1
18,180385,1,1,0,1,1,2,2,97,2210,8,5,2012,3,13,19,0,16,5,10TH ST,WITTFIELD ST,0,39.78196389,-86.00365,0,8,0,0,1,1,2,4,1,1,0,1,0,0000000,13,21,13,24,99,99,0,0,0,1,0
18,180386,1,1,0,0,0,1,1,95,3910,14,6,2012,5,22,46,0,4,3,SR-9,CR-950,0,39.96833889,-85.75818611,0,30,0,0,1,1,0,4,2,1,0,1,0,0000000,22,46,22,51,99,99,0,0,0,1,0
18,180387,1,1,0,0,0,1,1,145,4470,21,6,2012,5,3,0,1,11,1,I-74,,1005,39.66801111,-85.95123889,0,1,0,0,1,1,0,4,2,1,0,1,0,0000000,3,0,3,6,99,99,0,0,0,1,1
18,180388,2,2,0,0,0,2,2,97,2210,12,7,2012,5,21,34,0,16,5,MERIDIAN ST,12TH ST,0,39.783425,-86.15740556,0,12,6,0,2,2,0,1,2,1,0,1,0,0000000,21,34,21,34,99,99,0,0,0,1,0
18,180389,2,2,0,0,0,2,2,151,160,13,7,2012,6,15,19,0,15,3,SR-127,NORTHCREST RD,0,41.6627,-84.99963333,0,12,6,0,2,2,0,1,1,1,0,1,0,0000000,15,19,15,19,99,99,0,0,0,1,0
18,180390,2,2,0,0,0,5,5,95,140,16,7,2012,2,20,45,0,16,5,BROADWAY BLVD,GRAND AVE,0,40.11814722,-85.67883611,0,12,8,0,2,2,0,1,5,1,0,1,0,0000000,20,45,20,47,99,99,0,0,0,1,0
18,180391,1,1,0,0,0,1,1,87,2500,27,6,2012,4,14,56,0,6,4,CR-400,,0,41.69486667,-85.35376944,0,11,0,0,1,1,0,1,1,1,0,1,0,0000000,14,58,15,10,99,99,0,0,0,1,0
18,180392,1,1,0,0,0,1,1,175,4340,14,7,2012,7,3,0,0,4,3,SR-60,,0,38.62138056,-86.18826111,0,1,0,0,1,1,0,4,2,1,0,1,0,0000000,3,0,3,8,88,88,0,0,0,1,1
18,180393,1,1,0,0,0,1,1,87,2500,18,7,2012,4,19,51,0,6,4,CR-300 N,CR-900 E,0,41.68556389,-85.25129167,0,1,0,0,1,1,0,5,1,10,0,10,0,0000000,19,51,20,1,99,99,0,0,0,1,1
18,180394,2,2,0,0,0,5,5,91,5240,19,7,2012,5,7,28,0,6,5,JOILET RD,WOZNIAK RD,0,41.54434444,-86.85279722,0,12,8,0,1,1,0,1,4,2,0,2,0,0000000,7,28,7,36,99,99,0,0,0,1,1
18,180395,3,3,0,0,0,3,3,53,1750,20,7,2012,6,15,22,1,1,1,I-69,,580,40.46571111,-85.55046667,0,12,1,0,1,1,1,1,1,1,0,1,0,0000000,15,22,15,24,99,99,0,0,0,1,0
18,180396,1,1,0,0,0,1,1,51,2070,21,7,2012,7,2,30,0,4,3,SR-56,,0,38.47094167,-87.49511111,0,42,0,0,1,1,0,4,2,1,0,1,0,0000000,2,31,2,43,88,88,0,0,0,1,0
18,180397,2,2,0,0,0,2,2,35,3360,21,7,2012,7,19,45,0,16,5,MAIN ST,WOLFE ST,0,40.19341944,-85.37076389,0,12,7,0,2,2,0,1,1,1,0,1,0,0000000,19,55,19,57,99,99,0,0,0,1,0
18,180398,1,1,0,0,0,1,1,23,4250,22,7,2012,1,14,56,0,4,3,SR-75,,0,40.40516111,-86.52535278,0,42,0,0,1,1,0,4,1,1,0,1,0,0000000,14,57,15,7,99,99,0,0,0,1,0
18,180399,1,1,0,0,0,1,1,29,5190,23,7,2012,2,3,50,0,4,3,SR-46,HIGHER GROUND LANE,0,39.27645833,-84.89302778,0,52,0,0,1,1,0,4,2,1,0,1,0,0000000,3,50,3,50,88,88,0,0,0,1,0
18,180400,3,3,0,0,0,3,3,89,1310,11,7,2012,4,4,23,0,15,3,SR-912,DICKEY RD,0,41.65901111,-87.46453056,0,12,2,0,2,2,0,1,4,1,0,1,0,0000000,4,22,4,26,99,99,0,0,0,1,0
18,180401,1,1,0,0,0,1,1,97,2210,22,7,2012,1,6,52,0,16,5,TANSEL RD,BROKEN TWIG DR,0,39.82909722,-86.32287778,0,34,0,0,1,1,0,4,2,1,0,1,0,0000000,6,53,6,59,88,88,0,0,0,1,1
18,180402,1,1,0,0,0,1,1,73,4100,23,7,2012,2,16,0,0,16,4,CR-500 N,US-231,0,41.08601944,-87.14423333,0,34,0,0,1,1,0,4,1,1,0,1,0,0000000,16,59,17,15,99,99,0,0,0,1,1
18,180403,1,1,0,0,0,1,1,163,1480,6,7,2012,6,23,0,0,6,5,S WEINBACH AVE,WATERWORKS RD,0,37.92131667,-87.54120833,0,42,0,0,1,1,0,4,2,1,0,1,0,0000000,22,58,23,5,99,99,0,0,0,1,1
18,180404,2,2,0,0,0,4,4,181,540,23,7,2012,2,17,59,0,6,4,CR-1150 S,CR-300 W,0,40.58316667,-86.92538611,0,12,6,0,2,2,0,1,1,1,0,1,0,0000000,17,59,18,6,99,99,0,0,0,1,0
18,180405,2,2,0,0,0,2,2,5,990,20,7,2012,6,22,44,0,3,2,US-31,BASE RD,0,39.20181667,-85.86305278,0,12,1,0,2,2,0,1,2,1,0,1,0,0000000,22,44,22,49,99,99,0,0,0,1,0
18,180406,1,1,0,0,0,1,1,87,2500,21,7,2012,7,20,12,0,4,3,SR-9,,0,41.61327778,-85.40363611,0,34,0,0,1,1,0,4,1,1,0,1,0,0000000,20,13,20,16,88,88,0,0,0,1,1
18,180407,2,2,0,0,0,2,2,89,1730,16,7,2012,2,21,20,0,15,3,SR-53,43RD AVE,0,41.54038056,-87.33626944,0,12,6,0,2,2,0,1,3,1,0,1,0,0000000,21,20,21,25,88,88,0,0,0,1,0
18,180408,1,1,0,0,0,1,1,47,550,22,7,2012,1,16,58,0,4,3,SR-229,,0,39.44191111,-85.15061944,0,24,0,0,1,1,0,4,1,1,0,1,0,0000000,17,0,17,8,99,99,0,0,0,1,0
18,180409,1,1,0,0,0,4,4,93,300,28,7,2012,7,23,10,0,16,5,BAILEY SCALES RD,RILEY BLVD,0,38.91258889,-86.47581667,0,30,0,0,1,1,0,4,2,1,0,1,0,0000000,23,10,23,11,99,99,0,0,0,3,1
18,180410,1,1,0,0,0,1,1,1,1180,28,7,2012,7,17,19,0,3,2,US-224,,0,40.83005,-85.28439444,0,34,0,0,1,1,0,4,1,1,0,1,0,0000000,17,19,17,46,99,99,0,0,0,1,0
18,180411,1,1,0,1,1,1,1,63,4720,20,7,2012,6,4,50,0,3,2,US-40,CR-450 W,0,39.6462,-86.60374722,0,8,0,0,3,3,0,1,2,10,0,10,0,0000000,4,51,5,4,99,99,0,0,0,1,0
18,180412,2,2,0,0,0,4,4,153,1510,26,7,2012,5,17,13,0,3,2,US-41,,0,39.22291111,-87.38903889,0,12,6,0,7,1,0,1,1,1,0,1,0,0000000,17,13,17,20,99,99,0,0,0,1,1
18,180413,1,1,0,0,0,1,1,95,140,29,7,2012,1,20,8,0,6,4,CR-NEW COLUMBUS ROAD,CR-600 S,0,40.02109444,-85.65569444,0,23,0,0,1,1,0,4,1,1,0,1,0,0000000,20,8,20,16,99,99,0,0,0,1,0
18,180414,2,2,0,0,0,3,3,97,2210,25,7,2012,4,21,32,0,15,3,SR-37,WICKER RD,0,39.64165556,-86.20213611,0,12,6,0,2,2,0,1,3,1,0,1,0,0000000,21,34,21,39,99,99,0,0,0,1,0
18,180415,2,2,0,0,0,3,3,33,5130,27,7,2012,6,12,51,0,14,2,US-6 E,,0,41.43337222,-85.02533056,0,12,8,0,1,1,0,1,1,1,0,1,0,0000000,12,51,12,57,99,99,0,0,0,1,0
18,180416,2,2,0,0,0,2,2,13,3390,1,8,2012,4,6,45,0,4,3,SR-46 E,OLD STATE RD 46,0,39.19111667,-86.15516667,0,12,2,0,2,2,0,1,1,1,0,1,0,0000000,6,48,6,50,99,99,0,0,0,1,0
18,180418,1,1,0,0,0,4,4,5,990,27,7,2012,6,12,2,1,1,1,I-65 S,,581,39.05533333,-85.91701667,0,35,0,0,1,1,0,6,1,1,0,1,0,0000000,12,3,12,12,99,99,24,0,0,1,0
18,180419,1,1,0,0,0,2,2,125,3950,29,7,2012,1,17,50,0,4,3,SR-57 S,,0,38.50290278,-87.25619167,0,30,0,0,1,1,0,4,1,1,0,1,0,0000000,17,50,17,50,99,99,0,0,0,1,0
18,180420,3,1,2,0,0,1,1,89,1310,1,8,2012,4,15,50,0,16,5,KOSCUISKO BLVD,WALSH AVE,0,41.61999167,-87.48922222,0,14,0,0,3,3,0,7,1,1,0,1,0,0000000,15,50,15,55,99,99,14,0,0,1,0
18,180421,1,1,0,1,1,1,1,87,4870,2,8,2012,5,5,13,0,6,4,CR-700 S,CR-500 W,0,41.53953333,-85.51270556,0,9,0,0,1,1,0,1,2,10,0,10,0,0000000,5,16,5,29,88,88,0,0,0,1,0
18,180422,2,1,1,0,0,3,3,97,2210,29,5,2012,3,14,50,1,11,1,I-74,,942,39.73191667,-86.03264722,0,14,0,0,1,1,0,2,1,1,0,1,0,0000000,14,53,14,57,99,99,0,0,0,1,0
18,180423,1,1,0,0,0,1,1,61,1030,29,7,2012,1,3,1,0,4,3,SR-62,,0,38.21213889,-86.05366389,0,42,0,0,1,1,0,4,2,1,0,1,0,0000000,3,6,3,18,88,88,0,0,0,1,1
18,180424,1,1,0,0,0,1,1,177,4120,18,7,2012,4,23,3,0,16,5,SYLVAN NOOK DR,,0,39.86102222,-84.87422778,0,3,0,0,1,1,0,5,2,2,0,2,0,0000000,23,3,23,10,99,99,0,0,0,1,0
18,180425,2,2,0,0,0,2,2,19,4420,6,8,2012,2,5,18,0,4,3,SR-60,,0,38.44419444,-85.85516667,0,12,2,0,1,1,0,1,2,5,0,5,0,0000000,5,20,5,27,99,99,0,0,0,1,0
18,180426,1,1,0,0,0,1,1,129,4050,6,8,2012,2,9,0,1,1,1,I-64 E,,71,38.19044167,-87.83435278,0,1,0,0,1,1,0,4,1,1,0,1,0,0000000,9,0,9,7,88,88,0,0,0,1,0
18,180427,1,1,0,0,0,1,1,157,2480,5,8,2012,1,20,0,0,16,5,SOUTH ST,,0,40.41733056,-86.89572778,0,33,0,0,1,1,0,4,1,1,0,1,0,0000000,20,0,20,3,88,88,0,0,0,1,0
18,180428,5,5,0,0,0,10,10,3,1580,27,7,2012,6,15,20,0,14,2,US-30,KROEMER RD,0,41.12534444,-85.21131667,0,12,1,0,2,2,0,1,1,10,0,10,0,0000000,15,21,15,22,99,99,0,0,0,1,0
18,180429,3,3,0,0,0,5,5,97,2210,20,7,2012,6,14,30,1,11,1,I-74,,980,39.69133889,-85.98601389,0,12,7,0,1,1,0,1,1,1,0,1,0,0000000,14,31,14,39,99,99,0,0,0,1,0
18,180430,1,1,0,0,0,2,2,97,2210,27,7,2012,6,18,38,0,16,5,PLAINVIEW ST,11TH ST,0,39.78031944,-86.27627222,0,1,0,0,3,3,0,4,1,2,0,2,0,0000000,18,38,18,46,99,99,0,0,0,1,0
18,180432,2,2,0,0,0,2,2,113,250,5,8,2012,1,17,37,0,4,3,SR-3,CR-100,0,41.33625556,-85.22670278,0,12,6,0,2,2,0,1,1,1,0,1,0,0000000,17,37,17,46,99,99,0,0,0,1,0
18,180433,1,1,0,0,0,1,1,177,4120,2,8,2012,5,21,33,0,6,4,CR-ROUNDBARN RD,CR-TEST ROAD,0,39.80695833,-84.95813333,0,31,0,0,1,1,0,4,2,1,0,1,0,0000000,21,33,21,33,99,99,20,0,0,1,1