STATE,ST_CASE,VE_TOTAL,VE_FORMS,PVH_INVL,PEDS,PERNOTMVIT,PERMVIT,PERSONS,COUNTY,CITY,DAY,MONTH,YEAR,DAY_WEEK,HOUR,MINUTE,NHS,ROAD_FNC,ROUTE,TWAY_ID,TWAY_ID2,MILEPT,LATITUDE,LONGITUD,SP_JUR,HARM_EV,MAN_COLL,RELJCT1,RELJCT2,TYP_INT,WRK_ZONE,REL_ROAD,LGT_COND,WEATHER1,WEATHER2,WEATHER,SCH_BUS,RAIL,NOT_HOUR,NOT_MIN,ARR_HOUR,ARR_MIN,HOSP_HR,HOSP_MN,CF1,CF2,CF3,FATALS,DRUNK_DR
18,180434,1,1,0,0,0,1,1,53,2850,15,7,2012,1,8,20,0,6,4,CR-500 W,FRANCES SLOCUM,0,40.64804167,-85.77125,0,42,0,0,3,4,0,4,1,10,0,10,0,0000000,8,21,8,31,99,99,0,0,0,1,1
18,180435,1,1,0,0,0,1,1,97,2210,20,7,2012,6,0,12,0,16,5,TROY AVE,SHELBY ST,0,39.72305833,-86.13873889,0,19,0,0,1,1,0,4,2,10,0,10,0,0000000,0,49,0,49,99,99,20,0,0,1,0
18,180436,2,2,0,0,0,2,2,97,2210,29,7,2012,1,23,20,1,11,1,I-465,,279,39.92401111,-86.20770556,0,12,1,0,1,1,0,1,2,1,0,1,0,0000000,23,21,23,32,99,99,0,0,0,1,1
18,180437,2,2,0,0,0,2,2,97,2210,3,8,2012,6,12,45,0,16,5,COLLEGE AVE,91ST ST,0,39.919825,-86.14586667,0,12,6,0,2,2,0,1,1,1,0,1,0,0000000,12,46,12,47,99,99,0,0,0,1,0
18,180438,2,2,0,0,0,4,4,97,2210,4,8,2012,7,15,50,0,16,5,MICHIGAN ST,ROUTIERS ST,0,39.77940556,-86.01323056,0,12,6,0,2,2,0,1,1,10,0,10,0,0000000,15,37,16,0,99,99,0,0,0,1,0
18,180439,2,2,0,0,0,4,4,91,2570,8,8,2012,4,13,0,0,4,3,SR-2,CR-300,0,41.64928056,-86.6405,0,12,6,0,3,3,0,1,1,1,0,1,0,0000000,13,6,13,10,99,99,0,0,0,2,0
18,180440,1,1,0,0,0,3,3,159,4450,3,8,2012,6,3,50,0,16,5,CHURCH ST,TRENTON ST,0,40.38483056,-86.088625,0,42,0,0,1,1,0,4,2,1,0,1,0,0000000,3,51,3,59,99,99,0,0,0,1,0
18,180441,3,3,0,0,0,6,6,95,140,8,8,2012,4,13,26,0,15,3,SR-9,CROSS ST,0,40.13531389,-85.65995,0,12,6,0,2,2,0,1,1,1,0,1,0,0000000,13,26,13,27,99,99,0,0,0,1,0
18,180442,2,2,0,0,0,6,6,21,460,2,8,2012,5,13,4,0,4,3,SR-42,SR-59,0,39.44591667,-87.12634167,0,12,6,0,2,2,0,1,1,1,0,1,0,0000000,13,4,13,5,99,99,0,0,0,1,0
18,180443,2,2,0,0,0,4,4,59,1890,5,7,2012,5,16,58,0,6,4,CR-200 N,CR-400 W,0,39.81279167,-85.87819167,0,12,6,0,2,2,0,1,1,10,0,10,0,0000000,16,59,17,0,99,99,0,0,0,1,0
18,180444,1,1,0,0,0,1,1,59,1570,9,7,2012,2,11,11,0,6,4,CR-600 N,CR-200 W,0,39.85732222,-85.84090833,0,41,0,0,1,1,0,4,1,1,0,1,0,0000000,12,3,12,11,99,99,0,0,0,1,0
18,180445,2,2,0,0,0,2,2,167,4840,8,8,2012,4,22,20,0,16,5,13TH ST,COLLEGE AVE,0,39.455625,-87.39768611,0,12,6,0,2,2,0,1,2,1,0,1,0,0000000,22,21,22,21,99,99,0,0,0,1,1
18,180446,4,4,0,0,0,5,5,79,3670,24,7,2012,3,15,26,0,4,3,SR-7,,0,39.09950833,-85.73915556,0,12,2,0,1,1,0,1,1,1,0,1,0,0000000,15,26,15,32,99,99,14,0,0,1,0
18,180447,1,1,0,0,0,1,1,177,640,30,7,2012,2,23,45,1,1,1,I-70,,1350,39.85313056,-85.18543333,0,1,0,0,1,1,0,3,2,1,0,1,0,0000000,23,46,23,52,99,99,0,0,0,1,0
18,180448,3,3,0,0,0,3,3,129,3340,7,8,2012,3,10,30,0,15,3,SR-62,,0,37.92913333,-87.92953611,0,12,8,0,1,1,0,1,1,1,0,1,0,0000000,10,34,10,38,99,99,0,0,0,1,0
18,180449,1,1,0,0,0,1,1,23,1640,12,8,2012,1,12,12,0,16,5,ARMSTRONG ST,EIGHTH ST,0,40.276,-86.52465833,0,31,0,0,1,1,0,4,1,1,0,1,0,0000000,12,13,12,14,88,88,0,0,0,1,0
18,180450,1,1,0,0,0,1,1,57,3590,12,8,2012,1,2,0,0,4,3,SR-32,,0,40.06554167,-85.87000833,0,53,0,0,1,1,0,4,2,5,0,5,0,0000000,2,5,2,11,88,88,0,0,0,1,1
18,180451,2,2,0,0,0,2,2,119,4630,10,8,2012,6,16,55,0,4,3,SR-46,,0,39.30581111,-86.83791667,0,12,1,0,1,1,0,1,1,10,0,10,0,0000000,16,55,16,59,99,99,0,0,0,1,1
18,180452,1,1,0,1,1,1,1,181,5400,13,8,2012,2,6,27,0,14,2,US-231,,0,40.75415556,-87.04155,0,15,0,0,1,1,0,1,2,2,0,2,0,0000000,6,27,6,42,99,99,0,0,0,1,0
18,180453,2,2,0,0,0,2,2,97,2210,3,8,2012,6,11,28,0,16,5,KENTUCKY AVE,MANN RD,0,39.71431111,-86.23784167,0,12,6,0,8,1,0,1,1,1,0,1,0,0000000,11,29,11,39,99,99,0,0,0,1,0
18,180454,3,3,0,0,0,3,3,123,4820,9,8,2012,5,16,26,0,4,3,SR-37,,25,37.96329722,-86.748125,0,12,2,0,1,1,0,1,1,1,0,1,0,0000000,16,27,16,32,99,99,0,0,0,1,0
18,180455,1,1,0,0,0,4,4,3,3480,12,8,2012,1,15,44,1,11,1,I-469,,204,41.07696111,-84.99099167,0,1,0,0,1,1,0,4,1,1,0,1,0,0000000,15,45,15,49,99,99,0,0,0,1,0
18,180456,2,2,0,0,0,3,3,183,980,8,8,2012,4,17,5,0,4,3,SR-9 S,CR-1000 N,0,41.26222222,-85.46288889,0,12,7,0,8,1,0,1,1,1,0,1,0,0000000,17,8,17,16,99,99,0,0,0,1,0
18,180457,1,1,0,0,0,1,1,155,3900,4,7,2012,4,2,56,0,4,3,SR-156,,0,38.87170556,-84.79154167,0,35,0,0,1,1,0,4,2,1,0,1,0,0000000,2,56,3,17,88,88,0,0,0,1,1
18,180458,1,1,0,0,0,2,2,35,3360,9,4,2012,2,8,45,0,6,4,CR-EATON AVE,,0,40.16093611,-85.34842778,0,3,0,0,1,1,0,5,1,1,0,1,0,0000000,8,52,8,58,99,99,0,0,0,1,0
18,180459,1,1,0,0,0,2,2,11,5490,16,8,2012,5,5,39,0,14,2,US-421 N,,0,39.96168333,-86.24688333,0,33,0,0,1,1,0,4,2,1,0,1,0,0000000,5,39,5,50,88,88,0,0,0,2,0
18,180460,1,1,0,0,0,1,1,177,4120,17,8,2012,6,6,5,0,6,4,CR-INKE ROAD,CR-PARK ELWOOD RD,0,39.91003611,-84.83789722,0,58,0,0,1,1,0,4,2,10,0,10,0,0000000,6,5,6,15,88,88,0,0,0,1,1
18,180461,2,2,0,0,0,2,2,77,2830,12,8,2012,1,0,21,0,3,2,US-421 N,SCHAFER LN,0,38.80854167,-85.38406667,0,12,1,0,1,1,0,1,2,1,0,1,0,0000000,0,21,0,24,99,99,0,0,0,1,0
18,180462,1,1,0,0,0,1,1,91,2380,29,7,2012,1,15,32,0,3,2,US-35,,0,41.45573889,-86.639375,0,1,0,0,1,1,0,5,1,1,0,1,0,0000000,15,32,15,42,99,99,0,0,0,1,0
18,180463,1,1,0,1,1,1,1,137,280,16,8,2012,5,4,31,0,4,3,SR-129,,0,39.19220278,-85.20722222,0,8,0,0,1,1,0,1,2,1,0,1,0,0000000,4,31,4,43,99,99,0,0,0,1,0
18,180464,1,1,0,0,0,1,1,151,190,22,8,2012,4,0,58,0,6,4,CR-700 S,CR-800 W,0,41.54133333,-85.13023889,0,24,0,0,1,1,0,4,2,1,0,1,0,0000000,0,58,1,16,88,88,20,0,0,1,1
18,180465,2,2,0,0,0,3,3,97,2210,20,8,2012,2,20,15,0,16,5,34TH ST,GALE ST,0,39.81813056,-86.10560833,0,12,1,0,3,2,0,1,5,1,0,1,0,0000000,20,16,20,16,99,99,0,0,0,1,1
18,180466,2,2,0,0,0,4,4,57,170,22,8,2012,4,20,5,0,4,3,SR-213,266TH ST,0,40.17648611,-85.9393,0,12,6,0,2,2,0,1,5,1,0,1,0,0000000,20,5,20,5,99,99,0,0,0,1,0
18,180467,2,2,0,0,0,2,2,87,2500,14,8,2012,3,19,13,0,6,4,CR-450 S,CR-400 E,0,41.69961667,-85.42187222,0,12,6,0,4,1,0,1,1,1,0,1,0,0000000,20,14,20,23,88,88,0,0,0,1,0
18,180468,1,1,0,0,0,1,1,149,2420,15,8,2012,4,17,4,0,4,3,SR-10 S,CR-600 E,0,41.21136389,-86.58840556,0,34,0,0,1,1,0,4,1,1,0,1,0,0000000,17,4,17,17,99,99,0,0,0,1,1
18,180469,2,2,0,0,0,2,2,127,4872,20,8,2012,2,16,15,0,3,2,US-20,COUNTY LINE RD,0,41.68061389,-86.93238333,0,12,6,0,2,2,0,1,1,10,0,10,0,0000000,16,16,16,28,99,99,0,0,0,1,0
18,180470,1,1,0,0,0,2,2,39,1830,22,8,2012,4,20,48,0,3,2,US-6,CR-13,0,41.44303611,-85.92645556,0,1,0,0,1,1,0,4,2,1,0,1,0,0000000,20,48,20,55,99,99,0,0,0,1,1
18,180471,1,1,0,0,0,1,1,73,4090,22,8,2012,4,23,30,0,6,4,CR-630 W,CR-1600 S,0,40.77900278,-87.16329167,0,43,0,0,1,1,0,4,2,1,0,1,0,0000000,0,40,0,52,88,88,0,0,0,1,1
18,180472,1,1,0,1,1,1,1,91,5240,15,8,2012,4,12,54,1,1,1,I-80,,380,41.58777778,-86.91405278,0,8,0,0,1,1,2,1,1,1,0,1,0,0000000,11,55,12,9,99,99,0,0,0,1,0
18,180473,2,2,0,0,0,2,2,135,4920,14,8,2012,3,9,55,0,4,3,SR-28,CR-500,0,40.23749444,-84.87028333,0,12,6,0,2,2,0,1,1,10,0,10,0,0000000,9,59,10,9,99,99,0,0,0,1,0
18,180474,1,1,0,0,0,1,1,37,350,15,8,2012,4,6,37,0,4,3,SR-64,,0,38.31945278,-86.68730556,0,32,0,0,1,1,0,4,4,5,0,5,0,0000000,6,41,6,56,99,99,0,0,0,1,0
18,180475,13,13,0,0,0,22,22,73,1206,18,8,2012,7,7,0,1,1,1,I-65,,2277,41.11917778,-87.26538889,0,12,1,0,1,1,0,1,1,5,0,5,0,0000000,7,1,7,15,99,99,0,0,0,1,0
18,180476,2,2,0,0,0,2,2,75,4040,23,8,2012,5,21,30,0,4,3,SR-67,,0,40.37633889,-85.10016944,0,12,2,0,1,1,0,1,2,1,0,1,0,0000000,22,33,22,43,99,99,0,0,0,1,0
18,180477,2,2,0,0,0,2,2,91,2990,16,8,2012,5,0,50,1,1,1,I-94,,435,41.73878056,-86.78429167,0,12,2,0,1,1,0,1,2,1,0,1,0,0000000,0,53,1,3,88,88,0,0,0,2,1
18,180478,1,1,0,0,0,2,2,61,1030,21,8,2012,3,15,28,0,6,4,CR-WHISKEY RUN RD,,0,38.326925,-86.14785833,0,43,0,0,1,1,0,4,1,1,0,1,0,0000000,15,28,15,37,99,99,0,0,0,1,0
18,180479,1,1,0,0,0,1,1,35,1143,23,8,2012,5,0,25,0,6,4,CR-300 W,CR-700 S,0,40.09216389,-85.44248611,0,58,0,0,1,1,0,4,2,10,0,10,0,0000000,0,28,0,39,99,99,0,0,0,1,1
18,180480,1,1,0,0,0,6,6,175,9997,3,8,2012,6,17,50,0,6,4,CR-DAISY LINE RD,BLUE RIVER CHURCH RD,0,38.52183056,-86.07273611,0,35,0,0,1,1,0,4,1,1,0,1,0,0000000,18,0,18,6,99,99,0,0,0,1,0
18,180481,1,1,0,0,0,1,1,99,180,25,8,2012,7,19,26,0,6,4,CR-19TH RD,MICHIGAN RD,0,41.20084167,-86.23882222,0,31,0,0,1,1,0,4,1,1,0,1,0,0000000,19,26,19,39,88,88,0,0,0,1,1
18,180482,2,2,0,0,0,2,2,81,1370,20,8,2012,2,6,39,0,3,2,US-31,,0,39.355125,-85.98366944,0,12,1,0,1,1,0,1,2,1,0,1,0,0000000,6,39,6,42,99,99,0,0,0,1,0
18,180483,2,2,0,0,0,2,2,53,4790,28,8,2012,3,10,44,0,4,3,SR-22 W,CR-900 W,0,40.47892222,-85.84566111,0,12,8,0,1,1,0,1,1,10,0,10,0,0000000,10,44,10,46,88,88,0,0,0,1,0
18,180484,1,1,0,0,0,1,1,153,2200,17,6,2012,1,16,30,0,6,4,CR-1200 N RD,CR-600 E RD,0,39.25914722,-87.29354444,0,5,0,0,1,1,0,1,1,1,0,1,0,0000000,16,33,16,50,99,99,0,0,0,1,0
18,180485,1,1,0,1,1,1,1,19,870,17,8,2012,6,21,20,0,16,5,EASTERN BLVD,AUBURN DR,0,38.29881944,-85.76136667,0,8,0,0,3,3,0,1,2,1,0,1,0,0000000,21,20,21,20,99,99,0,0,0,1,0
18,180486,1,1,0,1,1,1,1,163,1480,30,8,2012,5,15,37,0,16,5,MAIN ST,INDIANA ST,0,37.97861389,-87.56386667,0,8,0,0,1,1,0,1,1,1,0,1,0,0000000,15,37,15,38,99,99,0,0,0,1,0
18,180487,2,2,0,0,0,3,3,21,4710,15,8,2012,4,14,37,0,4,3,SR-42,,0,39.44598611,-87.13105,0,12,2,0,1,1,0,1,1,1,0,1,0,0000000,14,37,14,43,99,99,0,0,0,1,0
18,180488,1,1,0,1,1,1,1,123,4820,22,8,2012,4,19,51,1,1,1,I-64,,735,38.23204167,-86.67621944,0,8,0,0,1,1,0,2,5,1,0,1,0,0000000,20,7,20,24,88,88,23,0,0,1,0
18,180489,1,1,0,1,1,2,2,89,760,24,8,2012,6,4,5,0,16,5,133RD LANE,MARQUETTE ST,0,41.37573333,-87.4436,0,9,0,0,1,1,0,1,2,1,0,1,0,0000000,4,5,4,8,99,99,0,0,0,1,1
18,180490,1,1,0,0,0,1,1,109,3163,28,8,2012,3,13,11,1,1,1,I-70,,616,39.62973333,-86.445675,0,18,0,0,1,1,0,1,1,1,0,1,0,0000000,13,12,13,16,99,99,0,0,0,1,0
18,180491,2,2,0,0,0,2,2,77,2830,24,8,2012,6,20,57,0,4,3,SR-62,,0,38.75276111,-85.44927778,0,12,1,0,1,1,0,1,2,1,0,1,0,0000000,21,1,21,4,99,99,0,0,0,1,0
18,180492,2,2,0,0,0,3,3,33,620,29,8,2012,4,1,0,0,6,4,CR-61,CR-42,0,41.37565278,-84.907,0,12,2,0,1,1,0,1,2,1,0,1,0,0000000,1,7,1,14,99,99,0,0,0,1,1
18,180493,1,1,0,0,0,1,1,3,5418,31,8,2012,6,20,16,0,6,5,WEBSTER RD,GAR CREEK RD,0,41.09736944,-84.92425278,0,30,0,0,1,1,0,4,2,1,0,1,0,0000000,20,23,20,44,88,88,0,0,0,1,1
18,180494,2,2,0,0,0,2,2,107,1060,29,8,2012,4,12,54,0,4,3,SR-32,,0,40.04539444,-86.75748333,0,12,8,0,1,1,0,1,1,1,0,1,0,0000000,12,54,12,59,88,88,0,0,0,1,0
18,180495,1,1,0,0,0,1,1,83,3150,30,8,2012,5,14,35,0,15,3,SR-241,,0,38.61843889,-87.35890278,0,34,0,0,1,1,0,4,1,1,0,1,0,0000000,14,37,14,41,99,99,0,0,0,1,0
18,180496,1,1,0,1,1,1,1,63,3990,3,9,2012,2,4,20,0,4,3,SR-67,CR-800,0,39.64665,-86.32882222,0,8,0,0,2,2,0,1,2,2,0,2,0,0000000,4,48,5,10,99,99,0,0,0,1,0
18,180497,2,2,0,0,0,2,2,109,3240,31,7,2012,3,16,10,0,4,3,SR-67,CITY PARK ST,0,39.60653889,-86.36781667,0,12,6,0,2,2,0,1,1,10,0,10,0,0000000,16,11,16,13,99,99,0,0,0,1,0
18,180498,1,1,0,0,0,1,1,169,3650,26,8,2012,1,15,31,0,15,3,SR-13,,0,41.014625,-85.79038889,0,53,0,0,6,1,0,4,1,1,0,1,0,533610F,15,31,15,33,88,88,0,0,0,1,0
18,180499,1,1,0,1,1,1,1,89,1730,31,8,2012,6,21,10,0,15,3,SR-53,,0,41.591775,-87.33696667,0,8,0,0,1,1,0,1,2,1,0,1,0,0000000,21,14,21,18,99,99,0,0,0,1,0
18,180500,1,1,0,0,0,1,1,17,2730,2,9,2012,1,4,0,0,3,2,US-24,,0,40.754,-86.35985,0,35,0,0,1,1,0,4,2,2,0,2,0,0000000,4,19,4,22,88,88,0,0,0,1,1
18,180501,2,2,0,0,0,2,2,157,2480,4,9,2012,3,2,3,0,3,2,US-52,CR-450,0,40.36304167,-86.81891667,0,12,6,0,3,3,0,1,2,5,0,5,0,0000000,2,6,2,9,88,88,0,0,0,1,0
18,180502,1,1,0,0,0,1,1,149,2420,1,9,2012,7,11,26,0,3,2,US-35,,0,41.32680278,-86.62059167,0,34,0,0,1,1,0,4,1,2,0,2,0,0000000,11,29,11,33,99,99,0,0,0,1,0
18,180503,2,2,0,0,0,2,2,3,3480,8,9,2012,7,13,15,0,3,2,US-24 E,DOYLE RD,0,41.08934167,-84.98516389,0,12,8,0,1,1,0,1,1,1,0,1,0,0000000,13,20,13,25,88,88,0,0,0,1,0
18,180504,1,1,0,0,0,1,1,39,3380,8,9,2012,7,18,7,0,3,2,US-6,CR-23,0,41.44950833,-85.83910833,0,34,0,0,1,1,0,4,1,10,0,10,0,0000000,18,8,18,17,88,88,0,0,0,1,0
18,180505,1,1,0,0,0,1,1,111,510,7,9,2012,6,15,0,0,6,4,CR-MERIDIAN RD,CR-500 S,0,40.93495556,-87.39249444,0,32,0,0,1,1,0,4,1,1,0,1,0,0000000,15,14,15,17,88,88,0,0,0,1,0
18,180506,2,2,0,0,0,2,2,39,1410,27,8,2012,2,17,7,1,11,1,I-80,,900,41.73211389,-86.003325,0,12,2,0,1,1,0,1,1,1,0,1,0,0000000,16,54,16,55,99,99,0,0,0,1,1
18,180508,2,2,0,0,0,2,2,105,380,11,9,2012,3,7,51,0,16,5,E MOORES PIKE,S OLCOTT BLVD,0,39.15018889,-86.48487222,0,12,1,0,1,1,0,1,1,1,0,1,0,0000000,7,52,7,58,99,99,0,0,0,1,1
18,180509,1,1,0,1,1,1,1,177,780,12,9,2012,4,5,12,1,1,1,I-70,,1460,39.85954444,-84.99320556,0,8,0,0,1,1,0,1,2,1,0,1,0,0000000,5,12,5,15,99,99,0,0,0,1,0
18,180510,2,2,0,0,0,3,3,39,1410,14,9,2012,6,7,40,0,6,5,JOHN WEAVER PKWY,CR-6,0,41.72011389,-86.02313889,0,12,6,0,1,1,0,1,1,10,0,10,0,0000000,7,41,7,45,99,99,0,0,0,1,0
18,180511,3,3,0,0,0,4,4,89,4300,15,9,2012,7,18,25,0,14,2,US-41 N,US-231 E,0,41.42116389,-87.47005278,0,12,6,0,2,2,0,1,1,1,0,1,0,0000000,18,25,18,30,99,99,0,0,0,1,1
18,180512,1,1,0,0,0,1,1,23,1640,16,9,2012,1,21,1,0,6,4,CR-450 W,CR-400 S,0,40.22730833,-86.59049444,0,11,0,0,1,1,0,1,2,1,0,1,0,0000000,21,2,21,6,88,88,0,0,0,1,1
18,180513,3,3,0,0,0,5,5,91,5085,9,9,2012,1,7,9,0,14,2,US-30,US-421,0,41.43416111,-86.89120556,0,12,6,0,2,2,0,1,1,1,0,1,0,0000000,7,9,7,21,99,99,0,0,0,1,0
18,180514,2,2,0,0,0,2,2,107,5140,14,9,2012,6,8,18,0,4,3,SR-47 N,CR-750 W,0,39.88164167,-87.04756389,0,12,1,0,1,1,0,1,1,2,0,2,0,0000000,8,18,8,31,99,99,0,0,0,1,0
18,180515,1,1,0,0,0,1,1,173,3430,16,9,2012,1,3,55,0,6,4,CR- LINCOLN AVE,,0,38.04385833,-87.35326944,0,35,0,0,1,1,0,4,2,1,0,1,0,0000000,3,58,4,1,88,88,0,0,0,1,1
18,180516,2,2,0,0,0,2,2,89,2515,14,9,2012,6,1,30,1,11,1,I-80 E,,117,41.56909444,-87.30036667,0,12,2,0,1,1,0,1,3,1,0,1,0,0000000,1,33,1,36,88,88,0,0,0,1,1
18,180517,1,1,0,1,1,1,1,67,2430,15,9,2012,7,2,42,0,14,2,US-31 S,ALTO RD,0,40.44071944,-86.12633889,0,8,0,1,2,2,0,1,3,1,0,1,0,0000000,2,42,2,44,88,88,0,0,0,1,0
18,180518,1,1,0,0,0,2,2,89,1730,10,9,2012,2,23,25,0,16,5,GEORGIA ST,44TH PLACE,0,41.53745556,-87.32635556,0,33,0,0,2,2,0,4,2,1,0,1,0,0000000,23,25,23,45,99,99,0,0,0,1,1
18,180519,2,2,0,0,0,3,3,125,3950,17,9,2012,2,12,20,0,4,3,SR-61,,0,38.42940278,-87.24160833,0,12,1,0,1,1,0,1,1,2,0,2,0,0000000,12,20,12,45,99,99,0,0,0,1,0
18,180521,1,1,0,0,0,2,2,49,4190,14,9,2012,6,16,57,0,6,4,CR-400 W,CR-475 N,0,41.12426944,-86.31825,0,35,0,0,1,1,0,4,1,1,0,1,0,0000000,16,59,17,16,99,99,0,0,0,1,0
18,180522,3,3,0,0,0,5,5,29,4310,19,9,2012,4,17,43,1,1,1,I-74 E,,1580,39.28675,-85.00678056,0,12,2,0,1,1,0,1,1,1,0,1,0,0000000,17,43,17,49,99,99,14,0,0,2,0
18,180523,5,4,1,0,0,6,6,167,4840,16,9,2012,1,18,42,1,1,1,I-70 E,,120,39.43005833,-87.31035833,0,12,1,0,1,1,0,1,1,1,0,1,0,0000000,19,2,19,18,99,99,14,23,0,1,0
18,180524,1,1,0,1,1,2,2,133,1870,18,9,2012,3,10,16,0,3,2,US-36 E,CR-600 W,0,39.76363056,-86.96522778,0,8,0,0,1,1,1,4,1,1,0,1,0,0000000,10,50,11,54,99,99,0,0,0,1,0
18,180525,2,2,0,0,0,2,2,45,210,19,9,2012,4,12,50,0,14,2,US-41 N,BOND ST,0,40.28635556,-87.24808889,0,12,6,0,2,3,0,1,1,1,0,1,0,0000000,12,50,12,50,99,99,0,0,0,1,0
18,180526,1,1,0,0,0,1,1,171,4700,23,9,2012,1,0,30,0,6,4,CR-300 N,CR-1100 W,0,40.35965556,-87.52818333,0,23,0,0,1,1,0,5,2,1,0,1,0,0000000,8,43,8,57,88,88,0,0,0,1,0
18,180527,2,2,0,0,0,3,3,69,2190,21,9,2012,6,17,22,0,3,2,US-24 E,US-224 HWY,0,40.89636111,-85.51096944,0,12,1,0,3,2,0,1,1,10,0,10,0,0000000,17,22,17,26,99,99,0,0,0,1,0
18,180528,1,1,0,0,0,1,1,3,1580,20,9,2012,5,11,35,0,6,5,ST. JOE RD,NOTESTINE RD,0,41.18209444,-85.04572778,0,42,0,0,1,1,0,4,1,1,0,1,0,0000000,11,39,11,42,88,88,0,0,0,1,1
18,180529,1,1,0,0,0,2,2,133,1870,19,9,2012,4,21,55,0,3,2,US-40 E,CR-625 W,0,39.55048333,-86.96184722,0,32,0,0,1,1,0,4,2,1,0,1,0,0000000,21,55,22,3,99,99,20,0,0,1,1
18,180530,1,1,0,1,1,1,1,97,2210,16,9,2012,1,0,4,0,16,5,GEORGETOWN RD,THRUSH DR,0,39.81321667,-86.23993333,0,8,0,0,2,2,0,1,2,1,0,1,0,0000000,0,5,0,6,99,99,0,0,0,1,0
18,180531,2,2,0,0,0,2,2,89,2010,18,9,2012,3,20,19,1,11,1,I-80 EB,RAMP B,35,41.57396944,-87.45826944,0,12,7,1,5,1,0,1,3,1,0,1,0,0000000,20,24,20,33,88,88,0,0,0,1,0
18,180532,2,2,0,0,0,2,2,141,3630,20,9,2012,5,22,34,0,4,3,SR-23,LATH RD,0,41.58170278,-86.42661667,0,12,8,0,1,1,0,1,2,1,0,1,0,0000000,22,34,22,42,99,99,0,0,0,1,1
18,180533,2,2,0,0,0,9,9,171,5330,12,8,2012,1,19,20,0,6,4,CR-1100 E,,0,40.37708889,-87.11127222,0,12,2,0,1,1,0,1,1,1,0,1,0,0000000,19,40,20,15,99,99,0,0,0,1,0
18,180534,1,1,0,0,0,1,1,127,4025,25,9,2012,3,23,6,0,14,2,US-20,OLD PORTER RD,0,41.59392778,-87.19135833,0,24,0,0,1,1,0,5,2,1,0,1,0,0000000,23,8,23,12,99,99,0,0,0,1,1
18,180535,1,1,0,0,0,1,1,175,9997,21,9,2012,6,19,1,0,4,3,SR-60 E,VOYLES RD,0,38.48978611,-86.00223333,0,35,0,0,1,1,0,4,1,1,0,1,0,0000000,19,1,19,8,88,88,0,0,0,1,1
18,180536,1,1,0,0,0,2,2,183,840,23,8,2012,5,21,30,0,6,4,CR-JOHNSON RD,CHAPINE RD,0,41.17487222,-85.34644167,0,35,0,0,1,1,0,4,2,1,0,1,0,0000000,21,30,21,39,99,99,0,0,0,1,0
18,180537,2,2,0,0,0,2,2,135,1520,27,9,2012,5,15,28,0,6,4,CR-600 W,CR-800 N,0,40.27944167,-85.07425278,0,12,6,0,2,2,0,1,1,1,0,1,0,0000000,15,29,15,41,99,99,0,0,0,1,0
18,180538,2,2,0,0,0,2,2,137,2133,23,9,2012,1,14,46,0,3,2,US-50 W,CR-1000 W,0,39.06456944,-85.44147778,0,12,2,0,1,1,0,1,1,1,0,1,0,0000000,14,46,14,57,99,99,0,0,0,1,0
18,180539,4,4,0,0,0,6,6,133,950,21,9,2012,6,18,5,1,1,1,I-70,,435,39.53923889,-86.758925,0,12,1,0,1,1,1,1,1,1,0,1,0,0000000,18,10,18,10,99,99,0,0,0,2,0
18,180540,2,1,1,0,0,1,1,55,360,25,9,2012,3,1,0,0,3,2,US-231,CR-250,0,39.02906944,-86.98790278,0,34,0,0,2,2,0,4,2,1,0,1,0,0000000,1,35,1,42,99,99,0,0,0,1,0
18,180541,2,2,0,0,0,2,2,3,1580,29,9,2012,7,6,8,0,6,5,BLUFFON RD,,0,40.98205,-85.16822222,0,12,2,0,1,1,0,1,2,1,0,1,0,0000000,6,9,6,15,99,99,0,0,0,1,1
18,180542,1,1,0,0,0,1,1,73,4100,30,9,2012,1,3,47,0,6,4,CR-700,,0,40.9116,-87.17063056,0,1,0,0,1,1,0,1,2,1,0,1,0,0000000,3,47,3,57,99,99,0,0,0,1,1
18,180543,1,1,0,0,0,1,1,71,570,15,9,2012,7,13,29,0,4,3,SR-135 N,CR-850 N,0,39.00004722,-86.14890556,0,1,0,0,1,1,0,4,1,1,0,1,0,0000000,13,30,13,42,99,99,0,0,0,1,0
18,180544,1,1,0,0,0,1,1,39,1830,15,9,2012,7,22,0,0,6,4,CR-19,CR-40,0,41.53529444,-85.86653889,0,5,0,0,1,1,0,1,2,1,0,1,0,0000000,22,0,22,12,99,99,0,0,0,1,1
18,180545,1,1,0,0,0,1,1,141,4580,30,9,2012,1,0,40,1,1,1,I-80 E,,720,41.73024444,-86.33849722,0,21,0,0,1,1,0,5,2,1,0,1,0,0000000,0,42,0,45,88,88,0,0,0,1,0
18,180546,1,1,0,0,0,2,2,97,2210,27,5,2012,1,3,30,0,16,5,SOUTHEASTERN AVE,SHERIDAN AVE,0,39.73163333,-86.05789167,0,33,0,0,1,1,0,4,3,1,0,1,0,0000000,3,30,3,30,99,99,0,0,0,1,1
18,180547,1,1,0,1,1,1,1,97,2210,11,6,2012,2,2,5,0,16,5,HIGH SCHOOL RD,COMMONS DR,0,39.83191944,-86.27048889,0,8,0,0,1,1,0,1,2,1,0,1,0,0000000,2,10,2,13,88,88,0,0,0,1,0
18,180548,2,2,0,0,0,2,2,31,1910,28,9,2012,6,9,22,0,4,3,SR-3,CR-650,0,39.431825,-85.47925278,0,12,1,0,3,3,0,1,1,10,0,10,0,0000000,9,23,9,29,99,99,0,0,0,1,0