STATE,ST_CASE,VE_TOTAL,VE_FORMS,PVH_INVL,PEDS,PERNOTMVIT,PERMVIT,PERSONS,COUNTY,CITY,DAY,MONTH,YEAR,DAY_WEEK,HOUR,MINUTE,NHS,ROAD_FNC,ROUTE,TWAY_ID,TWAY_ID2,MILEPT,LATITUDE,LONGITUD,SP_JUR,HARM_EV,MAN_COLL,RELJCT1,RELJCT2,TYP_INT,WRK_ZONE,REL_ROAD,LGT_COND,WEATHER1,WEATHER2,WEATHER,SCH_BUS,RAIL,NOT_HOUR,NOT_MIN,ARR_HOUR,ARR_MIN,HOSP_HR,HOSP_MN,CF1,CF2,CF3,FATALS,DRUNK_DR
18,180549,2,2,0,0,0,5,5,97,2210,29,9,2012,7,11,51,0,16,5,GEORGETOWN RD,PATRICIA ST,0,39.81075,-86.23973889,0,12,6,0,2,2,0,1,1,1,0,1,0,0000000,11,52,11,55,99,99,0,0,0,1,0
18,180550,2,2,0,0,0,5,5,77,1285,29,9,2012,7,6,12,0,4,3,SR-7,,0,38.85335,-85.51789722,0,24,0,0,1,1,0,4,2,5,0,5,0,0000000,6,14,6,20,99,99,0,0,0,1,1
18,180551,1,1,0,0,0,1,1,167,4840,20,7,2012,6,2,43,0,16,5,7TH ST,IDAHO BLVD,0,39.44729722,-87.40665556,0,33,0,0,1,1,0,4,2,1,0,1,0,0000000,2,44,2,45,88,88,0,0,0,1,0
18,180552,2,2,0,0,0,2,2,1,1180,11,9,2012,3,11,8,0,16,5,VILLAGE GREEN DR,BALLMAN ST,0,40.81750833,-84.93543611,0,12,2,0,2,2,0,1,1,1,0,1,0,0000000,11,8,11,10,99,99,0,0,0,1,0
18,180553,1,1,0,0,0,1,1,153,4750,16,9,2012,1,1,30,0,6,4,CR-150,CR-75,0,39.09546944,-87.381625,0,3,0,0,3,3,0,5,2,1,0,1,0,0000000,1,33,1,36,88,88,0,0,0,1,1
18,180554,2,2,0,0,0,3,3,149,2000,26,9,2012,4,6,11,0,3,2,US-30,,0,41.36945,-86.49461944,0,12,6,0,8,1,0,1,2,10,0,10,0,0000000,6,11,6,20,99,99,0,0,0,1,0
18,180555,4,4,0,1,1,5,5,121,4210,7,8,2012,3,0,50,0,3,2,US-41,,0,39.79318056,-87.26795,0,8,0,0,1,1,0,1,2,1,0,1,0,0000000,0,54,1,0,88,88,0,0,0,1,0
18,180556,1,1,0,0,0,1,1,19,800,19,8,2012,1,17,38,0,6,4,CR- BULL CREEK RD,,0,38.46070833,-85.54219722,0,42,0,0,1,1,0,4,1,1,0,1,0,0000000,17,38,17,42,99,99,0,0,0,1,1
18,180557,1,1,0,0,0,1,1,181,3200,29,9,2012,7,1,48,0,6,4,CR- WEST SHAFER DR,,0,40.71988611,-86.74505,0,1,0,0,1,1,0,1,2,1,0,1,0,0000000,1,49,1,55,99,99,0,0,0,1,1
18,180558,2,1,1,1,2,1,2,91,2990,2,10,2012,3,11,30,1,1,1,I-80,,400,41.59390278,-86.87620833,0,8,0,0,1,1,0,2,1,1,0,1,0,0000000,10,34,10,45,99,99,0,0,0,2,0
18,180559,1,1,0,1,1,2,2,141,3100,4,10,2012,5,12,52,0,4,3,SR-331,,0,41.482525,-86.15613333,0,9,0,0,1,1,0,1,1,1,0,1,0,0000000,12,52,13,0,99,99,0,0,0,1,0
18,180560,1,1,0,0,0,1,1,161,2660,1,10,2012,2,14,57,0,6,4,CR-DUNLAPSVILLE RD,OLD DUNLAPSVILLE RD,0,39.58855278,-84.99218333,0,1,0,0,1,1,0,1,1,1,0,1,0,0000000,14,57,15,2,88,88,0,0,0,1,0
18,180561,2,2,0,0,0,2,2,97,2210,27,9,2012,5,4,13,0,16,5,ROCKVILLE RD,GASOLINE ALLEY,0,39.76283889,-86.23157778,0,12,2,0,1,1,0,1,3,2,0,2,0,0000000,4,28,4,35,99,99,0,0,0,1,1
18,180562,4,4,0,0,0,6,6,103,590,4,10,2012,5,11,45,0,3,2,US-31 S,SR-218 W,0,40.67716944,-86.12821667,0,12,1,0,3,3,0,1,1,1,0,1,0,0000000,11,46,11,51,99,99,14,0,0,1,0
18,180563,2,2,0,0,0,4,4,49,20,4,10,2012,5,17,0,0,4,3,SR-19,DIVISION RD,0,41.05627222,-86.02809444,0,12,6,0,2,2,0,1,1,1,0,1,0,0000000,17,30,18,0,99,99,0,0,0,1,0
18,180564,1,1,0,0,0,1,1,105,380,7,10,2012,1,3,25,0,16,5,KINSER PIKE,ROSEWOOD DR,0,39.20485556,-86.54731389,0,42,0,0,1,1,0,4,3,10,0,10,0,0000000,3,26,3,29,88,88,0,0,0,1,1
18,180565,1,1,0,0,0,1,1,141,4580,7,10,2012,1,20,9,0,6,5,ARDMORE TR,PINE RD,0,41.68883889,-86.35121667,0,10,0,0,6,1,0,1,2,1,0,1,0,870379P,20,10,20,12,88,88,0,0,0,1,0
18,180566,3,3,0,0,0,3,3,29,4310,6,10,2012,7,16,32,0,4,3,SR-46,LAWRENCEVILLE RD,0,39.27755278,-85.03934444,0,12,6,0,2,2,0,1,1,1,0,1,0,0000000,16,32,16,32,99,99,0,0,0,2,1
18,180567,2,2,0,0,0,4,4,109,2890,6,10,2012,7,21,22,0,15,3,SR-37,,0,39.55588611,-86.25093611,0,12,6,0,7,1,0,1,2,1,0,1,0,0000000,21,23,21,32,99,99,0,0,0,1,1
18,180568,1,1,0,0,0,1,1,27,3710,28,9,2012,6,23,55,0,6,4,CR-1200,,0,38.83071389,-86.98215833,0,30,0,0,1,1,0,4,2,1,0,1,0,0000000,23,57,0,3,88,88,0,0,0,1,0
18,180569,1,1,0,0,0,1,1,81,5270,9,10,2012,3,4,29,1,1,1,I-65,,966,39.57721111,-86.05889722,0,31,0,0,1,1,0,4,2,1,0,1,0,0000000,4,29,4,39,88,88,0,0,0,1,0
18,180570,2,2,0,0,0,2,2,107,1060,2,10,2012,3,16,14,0,14,2,US-231,,0,39.92543611,-86.90267222,0,12,6,0,8,1,0,1,1,2,0,2,0,0000000,16,14,16,16,99,99,0,0,0,1,0
18,180571,2,2,0,0,0,4,4,165,3930,9,9,2012,1,19,35,1,1,1,I-74 E,,60,40.11818889,-87.47473056,0,11,0,0,1,1,0,1,1,1,0,1,0,0000000,19,35,19,49,99,99,0,0,0,2,0
18,180572,1,1,0,0,0,1,1,159,4450,8,10,2012,2,7,25,0,6,4,CR-500 N,CR-300 W,0,40.3762,-86.068975,0,34,0,0,1,1,0,4,4,1,0,1,0,0000000,7,30,7,33,99,99,0,0,0,1,0
18,180573,2,2,0,0,0,3,3,7,1600,13,10,2012,7,11,5,0,3,2,US-41,SR-18,0,40.62195278,-87.38078611,0,12,6,0,2,2,0,1,1,10,0,10,0,0000000,11,5,11,7,99,99,0,0,0,1,0
18,180574,1,1,0,1,1,2,2,173,410,12,10,2012,6,6,30,0,6,4,CR-ASHBY RD,CR-ASHBY LN,0,38.14888056,-87.20152222,0,8,0,0,1,1,0,1,4,2,0,2,0,0000000,6,31,6,40,99,99,0,0,0,1,0
18,180575,2,1,1,0,0,1,1,163,1480,26,8,2012,1,1,14,0,16,5,WALNUT ST,TENTH ST,0,37.97301111,-87.56355,0,33,0,0,1,1,0,4,3,1,0,1,0,0000000,1,15,1,19,99,99,0,0,0,1,1
18,180577,1,1,0,2,2,3,3,67,2430,13,10,2012,7,22,22,0,16,5,DIXON RD,DEFENBAUGH ST,0,40.46796111,-86.1651,0,8,0,0,1,1,0,1,2,2,0,2,0,0000000,22,22,22,27,99,99,0,0,0,1,0
18,180578,3,3,0,0,0,5,5,19,418,19,9,2012,4,6,20,0,4,3,SR-60,,0,38.44483056,-85.86410278,0,12,6,0,1,1,0,1,2,1,0,1,0,0000000,6,20,6,38,99,99,0,0,0,2,0
18,180579,2,2,0,0,0,2,2,145,4470,11,10,2012,5,15,32,1,1,1,I-74 E,,1050,39.63166667,-85.89142778,0,12,7,0,1,1,0,1,1,1,0,1,0,0000000,16,40,16,55,88,88,0,0,0,1,0
18,180580,2,2,0,0,0,2,2,183,980,17,10,2012,4,9,3,0,3,2,US-30 W,CR-300 E,0,41.14106667,-85.43450278,0,12,1,0,3,2,0,1,1,1,0,1,0,0000000,9,4,9,8,99,99,0,0,0,1,0
18,180581,1,1,0,0,0,2,2,89,1100,13,10,2012,7,1,20,0,6,5,101ST AVE,,0,41.43604444,-87.42621944,0,42,0,0,1,1,0,4,2,1,0,1,0,0000000,1,20,1,51,99,99,0,0,0,1,1
18,180582,1,1,0,0,0,2,2,97,2210,13,10,2012,7,3,12,0,16,5,10TH ST,NORFOLK ST,0,39.77991111,-86.25325833,0,1,0,0,2,3,0,4,3,1,0,1,0,0000000,3,12,3,12,99,99,0,0,0,1,1
18,180583,1,1,0,1,1,1,1,141,4580,18,10,2012,5,20,53,0,4,3,SR-933,ST MARYS RD,0,41.70565,-86.25019722,0,9,0,0,2,2,0,1,2,2,0,2,0,0000000,20,55,20,56,99,99,0,0,0,1,0
18,180584,1,1,0,0,0,1,1,37,350,22,10,2012,2,6,20,0,6,4,CR-SCHNELLVILLE RD,,0,38.27679167,-86.74803333,0,42,0,0,1,1,0,4,2,1,0,1,0,0000000,6,25,6,40,99,99,0,0,0,1,0
18,180586,1,1,0,0,0,2,2,93,300,21,10,2012,1,17,50,0,4,3,SR-450,,0,38.83877222,-86.55973333,0,1,0,0,1,1,0,4,1,1,0,1,0,0000000,17,50,17,53,99,99,0,0,0,1,1
18,180587,2,2,0,0,0,2,2,85,5110,14,9,2012,6,8,6,0,3,2,US-30,SR-19,0,41.28233611,-86.04685278,0,12,6,0,2,2,0,1,4,2,0,2,0,0000000,8,6,8,13,99,99,0,0,0,1,0
18,180588,2,2,0,0,0,2,2,19,2270,18,10,2012,5,13,37,0,16,5,SPRING ST,9TH ST,0,38.277925,-85.74511389,0,12,6,0,2,2,0,1,1,10,0,10,0,0000000,13,37,13,37,99,99,0,0,0,1,0
18,180589,1,1,0,1,1,2,2,97,2210,23,10,2012,3,19,35,0,16,5,WASHINGTON ST,GALESTON AVE,0,39.77403889,-86.00707222,0,8,0,0,3,2,0,1,2,10,0,10,0,0000000,19,37,19,38,99,99,0,0,0,1,0
18,180590,2,2,0,0,0,4,4,29,230,24,10,2012,4,15,9,0,3,2,US-30,,0,39.03056389,-84.94129167,0,12,1,0,1,1,0,1,1,1,0,1,1,0000000,15,9,15,12,99,99,0,0,0,1,0
18,180592,2,2,0,0,0,2,2,35,3360,18,10,2012,5,8,24,0,6,5,WHEELING AVE,,0,40.25527222,-85.42351944,0,12,2,0,1,1,0,1,4,2,0,2,0,0000000,8,24,8,28,99,99,0,0,0,1,0
18,180593,2,2,0,0,0,2,2,119,4630,3,10,2012,4,14,7,0,14,2,US-231,,0,39.29,-86.75636111,0,12,6,0,1,1,0,1,1,2,0,2,0,0000000,14,8,14,10,99,99,0,0,0,1,0
18,180594,2,2,0,0,0,2,2,183,980,24,10,2012,4,11,23,0,4,3,SR-205,,0,41.17128333,-85.43560278,0,12,8,0,1,1,0,1,1,1,0,1,0,0000000,11,25,11,25,99,99,0,0,0,1,0
18,180595,2,2,0,0,0,2,2,97,2210,25,10,2012,5,22,2,0,16,5,EMERSON AVE,EMERSON PL,0,39.74177778,-86.08255556,0,12,1,0,3,3,0,1,2,1,0,1,0,0000000,22,7,22,18,99,99,0,0,0,1,1
18,180596,1,1,0,0,0,1,1,85,3050,22,10,2012,2,14,9,0,16,5,EMELINE ST,,0,41.40852778,-85.84595556,0,10,0,0,6,1,0,1,1,2,0,2,0,533534P,14,9,14,12,99,99,0,0,0,1,0
18,180597,2,2,0,0,0,2,2,167,4840,27,10,2012,7,8,8,0,6,5,CLINTON ST,CRYSTAL AVE,0,39.54250278,-87.36991667,0,12,6,0,2,2,0,1,2,1,0,1,0,0000000,8,9,8,11,99,99,0,0,0,1,0
18,180598,1,1,0,0,0,1,1,93,300,29,10,2012,2,5,3,0,6,4,CR-DEVILS BACKBONE RD,,0,38.78759444,-86.39401111,0,42,0,0,1,1,0,4,2,1,0,1,0,0000000,5,6,5,23,99,99,0,0,0,1,1
18,180599,1,1,0,0,0,1,1,71,2930,20,10,2012,7,12,30,0,6,4,CR-975,,0,38.88177222,-86.21975278,0,42,0,0,1,1,0,4,1,10,0,10,0,0000000,12,28,12,36,99,99,0,0,0,1,0
18,180600,2,2,0,0,0,2,2,17,2730,25,10,2012,5,15,22,0,3,2,US-24,,0,40.7612,-86.26148611,0,12,6,0,7,1,0,1,1,1,0,1,0,0000000,15,22,15,25,99,99,0,0,0,1,0
18,180601,2,2,0,0,0,6,6,169,5040,27,10,2012,7,14,0,0,6,4,CR-600,DIVISION RD,0,40.82403056,-85.90381389,0,12,6,0,2,2,0,1,1,1,0,1,0,0000000,14,2,14,5,99,99,0,0,0,1,0
18,180602,1,1,0,0,0,1,1,97,2210,21,10,2012,1,7,56,0,16,5,MICHIGAN ST,,0,39.77361111,-86.14417222,0,33,0,0,1,1,0,4,1,1,0,1,0,0000000,7,58,8,5,99,99,0,0,0,1,1
18,180603,2,2,0,0,0,3,3,5,990,19,10,2012,6,19,55,0,4,3,SR-46,,0,99.99990000,999.99990000,0,12,2,0,1,1,0,1,2,2,0,2,0,0000000,19,59,20,13,99,99,0,0,0,2,0
18,180604,2,2,0,0,0,3,3,111,3270,30,10,2012,3,15,7,0,3,2,US-41,,0,41.08173889,-87.448325,0,12,1,0,1,1,0,1,1,6,0,6,0,0000000,15,8,15,13,99,99,23,0,0,1,0
18,180605,1,1,0,1,1,1,1,97,2210,28,10,2012,1,20,51,1,11,1,I-65,,1160,39.80551667,-86.16625278,0,8,0,1,5,1,0,1,2,1,0,1,0,0000000,20,51,20,51,88,88,23,0,0,1,0
18,180606,1,1,0,0,0,1,1,169,5040,1,11,2012,5,11,29,0,16,5,FISHER ST,,0,40.79886944,-85.82775556,0,10,0,0,6,1,0,1,1,1,0,1,0,478309X,11,29,11,32,88,88,0,0,0,1,0
18,180607,1,1,0,0,0,1,1,43,3400,30,10,2012,3,12,26,1,11,1,I-265 W,I-64 E,0,38.30063611,-85.84712778,0,42,0,1,5,1,0,8,1,10,0,10,0,0000000,12,28,12,33,99,99,0,0,0,1,0
18,180608,1,1,0,0,0,1,1,131,2920,30,10,2012,3,18,0,0,6,4,CR-275 N,CR-1300 N,0,41.09606389,-86.85066389,0,34,0,0,1,1,0,4,1,10,0,10,0,0000000,15,12,15,24,88,88,18,0,0,1,1
18,180609,1,1,0,0,0,3,3,71,4440,16,9,2012,1,6,13,0,16,5,VEHSLAGE RD,,0,38.959125,-85.91475556,0,18,0,0,1,1,0,4,2,1,0,1,0,0000000,6,15,6,21,99,99,0,0,0,1,1
18,180610,3,3,0,0,0,5,5,35,3360,6,8,2012,2,12,24,0,16,5,WHEELING AVE,,0,40.2196,-85.40293611,0,12,2,0,1,1,0,1,1,1,0,1,0,0000000,12,24,12,34,99,99,0,0,0,1,0
18,180611,2,2,0,0,0,2,2,57,170,30,8,2012,5,21,23,0,4,3,SR-213,CR-266,0,40.17638056,-85.93914722,0,12,6,0,2,2,0,1,2,1,0,1,0,0000000,21,25,21,28,99,99,0,0,0,1,0
18,180612,2,2,0,0,0,3,3,57,710,10,10,2012,4,13,17,0,16,5,116TH ST,LAKE FOREST PKWY,0,39.95654167,-86.08353611,0,12,2,0,3,3,0,1,1,10,0,10,0,0000000,13,18,13,26,99,99,0,0,0,1,0
18,180613,1,1,0,0,0,1,1,39,3060,2,11,2012,6,5,36,0,3,2,US-6,,0,41.45086667,-85.71822222,0,11,0,0,1,1,0,1,2,1,0,1,0,0000000,5,55,6,18,88,88,0,0,0,1,0
18,180614,1,1,0,0,0,1,1,151,160,2,11,2012,6,1,9,0,3,2,US-20 E,CR-460 E,0,41.63244444,-84.903375,0,34,0,0,1,1,0,4,2,10,0,10,0,0000000,1,11,1,19,88,88,0,0,0,1,1
18,180615,2,2,0,0,0,5,5,43,3400,29,10,2012,2,0,0,0,4,3,SR-111 S,SEVEN MILE LN,0,38.20584167,-85.87958056,0,12,6,0,1,1,0,1,2,1,0,1,0,0000000,0,0,0,10,99,99,0,0,0,4,1
18,180616,1,1,0,0,0,1,1,25,1460,29,10,2012,2,22,31,0,4,3,SR-37,,0,99.99990000,999.99990000,0,11,0,0,1,1,0,1,2,1,0,1,0,0000000,22,32,22,43,99,99,0,0,0,1,0
18,180617,1,1,0,1,1,1,1,3,1580,4,11,2012,1,3,17,0,16,5,CLINTON ST,,0,41.10198333,-85.13795,0,8,0,0,1,1,0,1,2,10,0,10,0,0000000,3,17,3,23,99,99,0,0,0,1,0
18,180618,1,1,0,0,0,2,2,177,4120,2,11,2012,6,14,45,0,6,4,CR-BUTTERMILK RD,,0,39.85090556,-84.85116389,0,53,0,0,1,1,0,4,1,1,0,1,0,0000000,14,45,14,52,99,99,0,0,0,1,0
18,180619,2,2,0,0,0,2,2,155,5020,3,11,2012,7,16,20,0,4,3,SR-156,,0,38.78229722,-84.972925,0,12,6,0,1,1,0,1,1,2,0,2,0,0000000,16,28,16,38,99,99,0,0,0,1,0
18,180620,1,1,0,0,0,1,1,3,3480,4,11,2012,1,21,20,0,6,5,NORTH RIVER RD,,0,41.09118889,-84.99995833,0,59,0,0,1,1,0,4,2,10,0,10,0,0000000,1,11,1,26,99,99,0,0,0,1,0
18,180621,1,1,0,0,0,2,2,175,3906,3,11,2012,7,17,34,0,4,3,SR-60,,0,38.48779444,-85.98348611,0,32,0,0,1,1,0,4,1,10,0,10,0,0000000,17,34,17,43,99,99,0,0,0,1,0
18,180622,2,2,0,0,0,2,2,35,3360,5,11,2012,2,9,44,0,16,5,MEMORIAL DR,MACEDONIA AVE,0,40.178175,-85.36746111,0,12,6,0,2,2,0,1,1,1,0,1,0,0000000,9,44,9,44,99,99,0,0,0,1,1
18,180623,3,3,0,0,0,5,5,89,2120,7,11,2012,4,8,38,0,14,2,US-6,,0,41.55060278,-87.23056389,0,12,2,0,1,1,0,1,1,10,0,10,0,0000000,8,39,8,40,99,99,0,0,0,1,0
18,180624,2,2,0,0,0,7,7,157,2480,31,10,2012,4,16,48,0,4,3,SR-25,CR-800,0,40.30132778,-87.07361111,0,12,6,0,2,2,0,1,1,10,0,10,0,0000000,16,49,17,1,99,99,0,0,0,3,0
18,180625,2,1,1,0,0,1,1,107,1060,6,11,2012,3,9,32,0,16,5,EASTWAY DR,,0,40.04668889,-86.87420556,0,14,0,0,1,1,0,5,1,1,0,1,0,0000000,9,32,9,34,99,99,0,0,0,1,0
18,180626,2,2,0,0,0,2,2,19,2270,7,11,2012,4,14,25,0,16,5,10TH ST,,0,38.30843056,-85.71971667,0,12,6,0,8,1,0,1,1,10,0,10,0,0000000,14,45,14,46,99,99,0,0,0,1,0
18,180627,1,1,0,0,0,1,1,35,3360,4,10,2012,5,19,28,0,3,2,US-35 N,29TH ST,0,40.16285,-85.35310833,0,35,0,0,1,1,0,3,5,1,0,1,0,0000000,19,28,19,36,99,99,0,0,0,1,1
18,180628,2,2,0,0,0,3,3,71,4440,5,11,2012,2,16,0,0,3,2,US-31 N,CR-150 N,0,38.90550556,-85.82097222,0,12,2,0,1,1,0,1,1,1,0,1,0,0000000,16,2,16,12,99,99,0,0,0,1,0
18,180629,3,3,0,0,0,7,7,19,870,10,11,2012,7,18,17,0,3,2,US-31,,0,38.32108056,-85.75123611,0,12,6,0,8,1,0,1,5,1,0,1,0,0000000,18,21,18,30,99,99,0,0,0,1,0
18,180630,1,1,0,0,0,1,1,17,2730,10,11,2012,7,21,42,0,16,5,18TH ST,DON HECKARD BLVD,0,40.73536944,-86.34644722,0,33,0,0,1,1,0,4,2,1,0,1,0,0000000,22,0,22,20,99,99,0,0,0,1,1
18,180631,2,2,0,0,0,2,2,81,5270,10,11,2012,7,13,38,0,14,2,US-31,CLEARWATER BLVD,0,39.51591389,-86.07372778,0,12,1,0,8,1,0,1,1,1,0,1,0,0000000,13,38,13,42,99,99,0,0,0,1,0
18,180632,2,2,0,0,0,2,2,89,2120,11,11,2012,1,3,33,0,16,5,UNION ST,HIGH ST,0,41.543375,-87.23070278,0,12,7,0,3,3,0,1,2,1,0,1,0,0000000,3,33,3,35,99,99,0,0,0,1,1
18,180633,1,1,0,0,0,1,1,3,1580,11,11,2012,1,20,44,0,16,5,HILLEGAS RD,BUTLER RD,0,41.10284167,-85.19216667,0,33,0,0,3,2,0,4,3,10,0,10,0,0000000,20,44,20,49,88,88,0,0,0,1,0
18,180634,3,3,0,0,0,5,5,89,2010,11,11,2012,1,2,35,0,16,5,COLUMBIA AVE,165TH AVE,0,41.59564167,-87.500175,0,12,6,0,2,2,0,1,2,1,0,1,0,0000000,2,35,2,37,99,99,0,0,0,1,1
18,180635,1,1,0,0,0,2,2,91,2570,1,11,2012,5,2,30,0,3,2,US-35,,0,41.65041389,-86.75797222,0,42,0,0,1,1,0,4,2,1,0,1,0,0000000,2,38,2,43,99,99,0,0,0,1,1
18,180636,1,1,0,0,0,1,1,29,1220,10,11,2012,7,3,31,0,3,2,US-50,,0,39.04168333,-85.10112778,0,32,0,0,1,1,0,3,2,1,0,1,0,0000000,3,31,3,52,88,88,0,0,0,1,1
18,180637,1,1,0,0,0,1,1,97,2210,2,11,2012,6,19,11,1,11,1,I-70,,844,39.79461944,-86.12141111,0,25,0,0,1,1,0,3,2,1,0,1,0,0000000,19,11,19,21,99,99,0,0,0,1,1
18,180638,2,2,0,0,0,2,2,29,230,31,10,2012,4,12,29,0,15,3,SR-56,,0,39.0509,-84.89645833,0,12,2,0,1,1,0,1,1,10,0,10,0,0000000,12,30,12,33,99,99,0,0,0,1,0
18,180641,1,1,0,1,1,1,1,137,2133,25,10,2012,5,18,53,0,16,4,CR-HOPEWELL RD,CR-TUCKER RD,0,39.08983056,-85.34774167,0,8,0,0,1,1,0,1,1,1,0,1,0,0000000,18,53,19,2,99,99,0,0,0,1,0
18,180642,1,1,0,0,0,1,1,141,5060,15,11,2012,5,1,5,0,4,3,SR-104 S,US-6 W,0,41.47091111,-86.49583056,0,10,0,0,6,1,1,1,2,1,0,1,0,155481A,1,5,1,8,88,88,0,0,0,1,0
18,180643,1,1,0,0,0,1,1,79,3670,12,11,2012,2,0,0,0,4,3,SR-3,,0,38.93083056,-85.61706944,0,35,0,0,1,1,0,4,2,1,0,1,0,0000000,7,24,7,33,88,88,0,0,0,1,1
18,180644,1,1,0,0,0,3,3,135,1520,28,10,2012,1,2,18,0,16,5,NORTH PLUM ST,,0,40.18785556,-85.12614722,0,10,0,0,6,1,0,1,2,1,0,1,0,538858J,2,26,2,30,99,99,0,0,0,2,1
18,180645,2,2,0,0,0,4,4,125,3950,13,11,2012,3,13,30,0,4,3,SR-57,,0,38.40225833,-87.30695833,0,12,6,0,8,1,0,1,1,1,0,1,0,0000000,14,2,15,3,99,99,0,0,0,1,0
18,180646,1,1,0,0,0,1,1,97,2210,16,11,2012,6,2,15,0,16,5,VANDERGRIFF RD,DAVIS RD,0,39.71674722,-85.98163611,0,42,0,0,1,1,0,4,2,1,0,1,0,0000000,2,31,2,37,88,88,0,0,0,1,1
18,180647,1,1,0,0,0,1,1,167,4840,17,11,2012,7,0,20,0,4,3,SR-63,SPRINGILL DR,0,39.41247778,-87.44452222,0,5,0,0,2,2,0,1,2,1,0,1,0,0000000,0,24,0,29,99,99,0,0,0,1,1
18,180648,1,1,0,0,0,1,1,29,5190,17,11,2012,7,10,28,1,1,1,I-74,,1680,39.27586389,-84.87799722,0,31,0,0,1,1,0,4,1,1,0,1,0,0000000,10,28,10,41,99,99,0,0,0,1,0
18,180649,1,1,0,0,0,2,2,125,3950,10,11,2012,7,3,24,0,4,3,SR-57,,0,38.41175278,-87.30588333,0,42,0,0,1,1,0,4,2,1,0,1,0,0000000,3,24,3,29,99,99,0,0,0,1,0
18,180650,1,1,0,0,0,2,2,43,1939,26,9,2012,4,10,5,0,4,3,SR-335 S,US-HWY 150,0,38.37932222,-86.00381944,0,42,0,0,1,1,0,4,1,2,0,2,0,0000000,10,8,10,20,99,99,0,0,0,1,0
18,180651,2,2,0,0,0,4,4,39,1830,19,11,2012,2,18,40,0,6,4,CR-50,,0,41.46613611,-85.72830278,0,12,2,0,1,1,0,1,2,1,0,1,0,0000000,18,47,18,59,99,99,0,0,0,1,0
18,180652,2,2,0,0,0,3,3,47,550,12,11,2012,2,10,58,0,4,3,SR-1,,0,39.45069444,-85.02925278,0,12,8,0,1,1,0,1,1,2,0,2,0,0000000,10,58,11,2,99,99,0,0,0,1,0
18,180654,1,1,0,1,1,1,1,97,2210,24,11,2012,7,5,30,0,16,5,SHADELAND AVE,,0,39.88702778,-86.04239167,0,8,0,0,1,1,0,4,2,10,0,10,0,0000000,5,33,5,39,88,88,0,0,0,1,1
18,180655,2,2,0,0,0,2,2,169,5040,26,11,2012,2,11,38,0,4,3,SR-124,OLD STATE RD 15,0,40.73913611,-85.75245278,0,12,6,0,2,2,0,1,1,1,0,1,0,0000000,11,39,11,45,99,99,0,0,0,1,0
18,180657,1,1,0,1,1,1,1,173,2800,27,11,2012,3,19,0,1,1,1,I-64,,360,38.189425,-87.349425,0,8,0,0,1,1,0,2,2,1,0,1,0,0000000,19,4,19,23,88,88,0,0,0,1,0
18,180658,1,1,0,1,1,2,2,61,1030,24,11,2012,7,18,23,0,15,3,SR-62,HILLVIEW DR,0,38.26357778,-85.93485278,0,8,0,0,3,3,0,1,2,10,0,10,0,0000000,18,23,18,27,99,99,0,0,0,1,0
18,180659,1,1,0,0,0,1,1,19,800,22,11,2012,5,18,12,0,6,4,CR-LAKEVIEW DR,,0,38.50946944,-85.540675,0,58,0,0,1,1,0,4,2,1,0,1,0,0000000,18,12,18,24,99,99,0,0,0,1,1
18,180660,1,1,0,0,0,1,1,115,4150,8,10,2012,2,18,30,0,6,4,CR-HARTFORD PIKE,,0,39.01211667,-84.91844722,0,58,0,0,1,1,0,4,1,1,0,1,0,0000000,18,30,18,35,88,88,0,0,0,1,1
18,180661,1,1,0,1,1,1,1,11,2630,25,11,2012,1,18,3,0,4,3,SR-267,,0,39.93761389,-86.39771389,0,8,0,0,1,1,0,1,2,1,0,1,0,0000000,18,3,18,12,88,88,0,0,0,1,0
18,180662,2,2,0,0,0,3,3,97,2210,20,9,2012,5,16,4,0,16,5,SHADELAND AVE,16TH ST,0,39.78905556,-86.04540833,0,12,6,0,2,2,0,1,1,10,0,10,0,0000000,16,5,16,6,99,99,0,0,0,1,0
18,180663,2,2,0,0,0,3,3,3,1580,25,9,2012,3,10,0,0,4,3,SR-1,TONKEL RD,0,41.17974722,-85.07536944,0,12,2,0,2,2,0,1,1,10,0,10,0,0000000,10,3,10,13,99,99,0,0,0,1,0
18,180664,2,2,0,0,0,2,2,69,2190,25,10,2012,5,12,52,0,3,3,SR-24,,0,40.88017778,-85.54270278,0,12,6,0,7,1,0,1,1,1,0,1,0,0000000,12,52,12,55,99,99,0,0,0,1,0
18,180665,2,2,0,0,0,6,6,63,251,27,10,2012,7,16,9,0,14,2,US-36,CR-575,0,39.76196389,-86.42373889,0,12,6,0,7,1,0,1,1,1,0,1,0,0000000,16,12,16,16,99,99,0,0,0,1,0
18,180666,3,3,0,0,0,6,6,155,5020,1,9,2012,7,16,21,0,4,3,SR-250,,0,38.87265556,-85.04815556,0,12,6,0,8,1,0,1,1,2,0,2,0,0000000,16,21,16,39,99,99,0,0,0,1,0
18,180667,2,2,0,0,0,3,3,145,4470,16,11,2012,6,12,0,0,16,5,BROADWAY ST,NOBLE ST,0,39.52282778,-85.77252778,0,12,6,0,2,2,0,1,1,1,0,1,0,0000000,12,0,12,1,99,99,0,0,0,1,1
18,180668,1,1,0,0,0,1,1,165,3930,1,12,2012,7,8,18,0,3,2,US-136,,0,40.142,-87.490475,0,34,0,0,1,1,0,4,1,10,0,10,0,0000000,8,24,8,26,88,88,0,0,0,1,0