STATE,ST_CASE,VE_TOTAL,VE_FORMS,PVH_INVL,PEDS,PERNOTMVIT,PERMVIT,PERSONS,COUNTY,CITY,DAY,MONTH,YEAR,DAY_WEEK,HOUR,MINUTE,NHS,ROAD_FNC,ROUTE,TWAY_ID,TWAY_ID2,MILEPT,LATITUDE,LONGITUD,SP_JUR,HARM_EV,MAN_COLL,RELJCT1,RELJCT2,TYP_INT,WRK_ZONE,REL_ROAD,LGT_COND,WEATHER1,WEATHER2,WEATHER,SCH_BUS,RAIL,NOT_HOUR,NOT_MIN,ARR_HOUR,ARR_MIN,HOSP_HR,HOSP_MN,CF1,CF2,CF3,FATALS,DRUNK_DR
18,180669,2,2,0,0,0,2,2,159,4860,28,11,2012,4,10,26,0,3,2,US-31,,0,40.23193611,-86.12784444,0,12,6,0,7,1,0,1,1,1,0,1,0,0000000,10,37,10,44,99,99,0,0,0,1,0
18,180670,2,2,0,0,0,3,3,95,2560,27,11,2012,3,16,2,0,4,3,SR-32,,0,40.08357778,-85.82958889,0,12,1,0,8,1,0,1,5,1,0,1,0,0000000,16,2,16,5,99,99,0,0,0,1,0
18,180671,2,2,0,0,0,2,2,73,5250,4,12,2012,3,17,9,0,4,3,SR-10,,0,41.18725278,-87.10446667,0,12,2,0,1,1,0,1,2,1,0,1,0,0000000,17,9,17,18,88,88,0,0,0,1,0
18,180672,1,1,0,0,0,3,3,71,570,5,12,2012,4,16,50,0,6,4,CR-250,,0,38.85225556,-86.00696389,0,1,0,0,1,1,0,4,1,1,0,1,0,0000000,17,12,17,15,99,99,0,0,0,1,0
18,180673,2,2,0,1,1,4,4,89,2010,22,9,2012,7,4,34,0,4,3,SR-912,,0,41.56996667,-87.43210556,0,8,0,0,5,1,0,1,2,10,0,10,0,0000000,4,34,4,42,99,99,0,0,0,1,0
18,180674,1,1,0,0,0,1,1,89,2760,5,12,2012,4,15,51,0,4,3,SR-2,,0,41.28929444,-87.25723611,0,35,0,0,1,1,0,4,1,1,0,1,0,0000000,15,51,16,30,99,99,0,0,0,1,0
18,180675,1,1,0,0,0,3,3,163,1480,6,12,2012,5,21,55,0,16,5,LINWOOD AVE,TAYLOR AVE,0,37.95731667,-87.55409722,0,19,0,0,2,2,0,4,2,2,0,2,0,0000000,21,56,22,0,99,99,0,0,0,1,0
18,180676,1,1,0,1,1,1,1,61,1050,4,12,2012,3,7,17,0,4,3,SR-64,,0,38.31780556,-86.12931389,0,8,0,0,1,1,0,1,2,2,0,2,0,0000000,7,19,7,31,88,88,0,0,0,1,0
18,180677,2,2,0,2,2,1,1,97,2210,7,12,2012,6,5,45,0,16,5,WASHINGTON ST,,0,39.73136111,-86.319475,0,8,0,0,1,1,0,1,2,10,0,10,0,0000000,5,49,5,58,99,99,23,0,0,1,0
18,180678,1,1,0,0,0,1,1,89,1290,6,12,2012,5,12,6,0,16,5,77 AVE,CALUMET AVE,0,41.47906389,-87.49873056,0,10,0,0,6,1,0,1,1,1,0,1,0,341141A,12,8,12,16,99,99,0,0,0,1,0
18,180679,1,1,0,0,0,1,1,63,3990,8,12,2012,7,7,30,0,3,2,US-40,CR-400 E,0,39.70995833,-86.378775,0,32,0,0,1,1,0,4,2,2,0,2,0,0000000,7,36,7,36,88,88,0,0,0,1,0
18,180680,2,2,0,0,0,3,3,159,4860,5,12,2012,4,14,49,0,6,4,CR-DIVISION RD,MAIN ST,0,40.30373056,-86.04131944,0,12,6,0,3,3,0,1,1,1,0,1,0,0000000,14,50,14,55,99,99,0,0,0,2,0
18,180681,1,1,0,0,0,3,3,109,3240,8,12,2012,7,0,30,0,6,4,CR-MANN RD,,0,39.59871944,-86.27494722,0,34,0,0,1,1,0,4,2,10,0,10,0,0000000,0,50,1,17,99,99,0,0,0,1,1
18,180682,1,1,0,0,0,1,1,21,4710,5,12,2012,4,19,27,1,1,1,I-70,,180,39.44558889,-87.22172778,0,3,0,0,1,1,1,4,1,1,0,1,0,0000000,19,27,20,10,99,99,0,0,0,1,0
18,180683,6,6,0,0,0,7,7,11,5280,10,12,2012,2,7,28,1,11,1,I-65,,1330,39.96710833,-86.37780278,0,12,1,0,1,1,0,1,4,1,0,1,0,0000000,7,29,7,30,99,99,0,0,0,1,0
18,180684,1,1,0,0,0,1,1,61,2540,8,12,2012,7,3,0,0,4,3,SR-62,RAINSPLITTER LN,0,38.22428333,-86.00717778,0,42,0,0,1,1,0,4,2,10,0,10,0,0000000,13,26,13,28,88,88,18,0,0,1,1
18,180685,1,1,0,1,1,1,1,97,2210,13,12,2012,5,19,51,0,16,5,COUNTRY CLUB  RD,US-136 HWY,0,39.80665556,-86.30796667,0,8,0,0,1,1,0,1,2,1,0,1,0,0000000,19,51,20,7,88,88,0,0,0,1,0
18,180686,1,1,0,0,0,1,1,145,4470,15,12,2012,7,2,18,0,6,4,CR-COLUMBUS RD,CR-700 S,0,39.43044167,-85.80779167,0,32,0,0,1,1,0,4,2,1,0,1,0,0000000,2,20,2,24,88,88,0,0,0,1,1
18,180687,1,1,0,0,0,2,2,157,2480,15,12,2012,7,3,40,0,16,5,VETERANS MEMORIAL PKWY,US-52 S,0,40.45455556,-86.92861389,0,30,0,0,1,1,0,4,2,10,0,10,0,0000000,3,40,3,44,99,99,0,0,0,1,1
18,180688,1,1,0,0,0,2,2,107,1170,8,12,2012,7,18,5,0,4,3,SR-32,,0,40.05350833,-86.70491944,0,42,0,0,1,1,0,4,2,10,0,10,0,0000000,18,5,18,15,99,99,0,0,0,1,0
18,180689,1,1,0,0,0,1,1,43,3400,11,9,2012,3,1,0,0,6,4,CR-SKYLINE DRIVE,,0,38.36597778,-85.82942778,0,18,0,0,1,1,0,6,2,1,0,1,0,0000000,17,17,17,28,88,88,0,0,0,1,0
18,180690,2,2,0,0,0,3,3,133,950,9,12,2012,1,9,50,1,1,1,I-70,,0,39.53281389,-86.79388889,0,12,6,0,1,1,0,1,1,2,0,2,0,0000000,9,50,10,2,99,99,0,0,0,2,0
18,180691,2,2,0,0,0,3,3,57,3590,17,12,2012,2,10,43,0,16,5,146TH ST,OLIO RD,0,40.00166111,-85.91907222,0,12,6,0,2,2,0,1,1,10,0,10,0,0000000,10,43,10,50,99,99,0,0,0,1,0
18,180692,2,2,0,0,0,2,2,59,1890,13,12,2012,5,12,10,0,4,3,SR-9 N,CR-1000 N,0,39.93019167,-85.77113611,0,12,6,0,2,2,0,1,1,1,0,1,0,0000000,12,30,12,35,99,99,0,0,0,1,0
18,180693,1,1,0,0,0,2,2,77,2830,13,12,2012,5,9,31,0,3,2,US-421 N,HEBRON RD,0,38.82011111,-85.38262778,0,1,0,0,1,1,0,4,1,1,0,1,0,0000000,9,31,9,33,99,99,0,0,0,1,0
18,180694,1,1,0,0,0,1,1,77,2830,18,12,2012,3,0,1,0,4,3,SR-62 N,CHICKEN RUN RD,0,38.76296944,-85.45001667,0,34,0,0,1,1,0,4,2,1,0,1,0,0000000,0,1,0,7,88,88,0,0,0,1,1
18,180695,2,2,0,0,0,2,2,89,2010,18,12,2012,3,18,37,0,14,2,US-20 W,KENNEDY AVE,0,41.60997778,-87.46218056,0,12,2,0,1,1,0,1,2,10,0,10,0,0000000,18,41,18,47,99,99,0,0,0,1,0
18,180696,2,1,1,2,2,1,1,97,2210,18,12,2012,3,20,21,0,16,5,PROSPECT ST,VIRGINIA AVE,0,39.75217778,-86.14042778,0,33,0,0,1,1,0,4,3,1,0,1,0,0000000,20,23,20,25,99,99,14,0,0,1,0
18,180698,2,2,0,0,0,4,4,177,4120,14,12,2012,6,14,41,0,16,5,LAKE SHORE DR,CYPRESS DR,0,39.83646944,-84.86166944,0,12,2,0,1,1,0,1,1,1,0,1,0,0000000,14,41,14,46,99,99,0,0,0,1,0
18,180699,1,1,0,0,0,1,1,111,510,20,12,2012,5,15,15,0,6,4,CR-600 S,CR-300 E,0,40.91151111,-87.34655556,0,1,0,0,1,1,0,4,1,2,0,2,0,0000000,15,52,15,58,88,88,0,0,0,1,0
18,180700,2,2,0,0,0,2,2,77,2830,17,12,2012,2,17,22,0,4,3,SR-62,,0,38.74085556,-85.44973611,0,12,2,0,1,1,0,1,1,10,0,10,0,0000000,17,22,17,28,88,88,0,0,0,1,0
18,180701,1,1,0,0,0,1,1,125,3950,20,12,2012,5,1,59,0,4,3,SR-356,,0,38.47279722,-87.31421111,0,32,0,0,1,1,0,4,2,10,0,10,0,0000000,1,59,2,1,99,99,0,0,0,1,1
18,180702,2,2,0,0,0,2,2,89,2010,21,12,2012,6,20,6,0,15,3,SR-312,,0,41.62876111,-87.49885278,0,12,6,0,8,1,0,1,1,10,0,10,0,0000000,20,6,20,12,99,99,0,0,0,1,1
18,180703,1,1,0,0,0,2,2,31,1910,21,12,2012,6,16,7,0,3,2,US-421,,0,39.43305,-85.59176944,0,32,0,0,1,1,0,4,1,10,0,10,0,0000000,16,7,16,9,99,99,0,0,0,1,0
18,180704,2,2,0,0,0,3,3,169,4170,21,12,2012,6,16,58,0,4,3,SR-15,,0,40.93836944,-85.8902,0,12,2,0,1,1,0,1,1,11,7,11,0,0000000,16,58,17,5,99,99,0,0,0,2,0
18,180705,1,1,0,0,0,1,1,37,2260,23,12,2012,1,20,10,0,4,3,SR-56,,0,38.49054444,-86.76691111,0,34,0,0,1,1,0,4,2,1,0,1,0,0000000,20,17,20,32,99,99,0,0,0,1,1
18,180706,2,2,0,0,0,5,5,163,1480,26,12,2012,4,12,18,0,16,5,COVERT AVE,,0,37.95491111,-87.50091667,0,12,6,0,1,1,0,1,1,4,0,4,0,0000000,12,18,12,22,99,99,0,0,0,2,1
18,180707,1,1,0,0,0,3,3,183,980,26,12,2012,4,20,50,0,3,2,US-30,,0,41.154725,-85.457175,0,53,0,0,1,1,0,4,2,10,0,10,0,0000000,20,50,20,56,99,99,0,0,0,1,0
18,180708,1,1,0,1,1,1,1,89,4300,26,11,2012,2,17,33,0,6,5,PARRISH AVE,,0,41.46080556,-87.45089167,0,8,0,0,1,1,0,1,1,1,0,1,0,0000000,17,33,17,55,99,99,0,0,0,1,0
18,180709,1,1,0,0,0,1,1,71,1090,21,12,2012,6,2,25,1,1,1,I-65,,364,38.77875833,-85.83111944,0,52,0,0,1,1,0,3,2,11,0,11,0,0000000,2,29,2,35,88,88,0,0,0,1,0
18,180710,2,2,0,0,0,4,4,179,400,22,12,2012,7,13,8,0,15,3,SR-1,,0,40.83005,-85.16584167,0,12,2,0,1,1,0,1,1,10,0,10,0,0000000,13,8,13,12,99,99,0,0,0,1,0
18,180711,2,2,0,0,0,2,2,175,4340,24,12,2012,2,20,19,0,4,3,SR-56,,0,38.650625,-85.99296111,0,12,2,0,1,1,0,1,2,10,0,10,0,0000000,20,19,20,26,99,99,0,0,0,1,1
18,180712,1,1,0,0,0,1,1,71,4440,28,12,2012,6,1,59,0,3,2,US-31,,0,39.05344722,-85.831425,0,42,0,0,1,1,0,4,2,1,0,1,0,0000000,1,59,2,4,99,99,0,0,0,1,0
18,180713,1,1,0,0,0,1,1,39,3010,21,12,2012,6,7,40,0,6,4,CR-35,,0,41.63594167,-85.73425833,0,30,0,0,1,1,0,4,4,4,0,4,0,0000000,7,40,8,1,99,99,0,0,0,1,0
18,180714,1,1,0,1,1,2,2,23,1640,30,12,2012,1,4,29,0,4,3,SR-39,,0,40.25878056,-86.51064444,0,8,0,0,1,1,0,1,2,11,0,11,0,0000000,4,51,5,0,99,99,0,0,0,1,1
18,180715,1,1,0,0,0,1,1,23,3000,30,12,2012,1,2,1,0,4,3,SR-28,,0,40.27241111,-86.35325,0,1,0,0,1,1,0,4,2,11,0,11,0,0000000,2,1,2,16,88,88,0,0,0,1,1
18,180716,1,1,0,0,0,1,1,85,2640,23,12,2012,1,2,50,0,6,4,CR-800,,0,41.293625,-85.70178333,0,42,0,0,1,1,0,4,2,1,0,1,0,0000000,2,50,2,53,99,99,0,0,0,1,1
18,180717,3,3,0,0,0,6,6,97,2210,27,12,2012,5,10,0,0,16,5,MICHIGAN RD,HILAND DR,0,39.88777222,-86.211125,0,12,2,0,8,1,0,1,1,10,0,10,0,0000000,10,3,10,14,99,99,0,0,0,1,0
18,180718,1,1,0,1,1,1,1,153,4750,16,10,2012,3,8,59,0,16,5,COURT ST,BEECH ST,0,39.097275,-87.40824444,0,15,0,0,2,2,0,1,1,1,0,1,0,0000000,9,5,9,7,99,99,0,0,0,1,0
18,180719,2,2,0,0,0,8,8,29,2610,30,12,2012,1,15,11,0,14,2,US-50,TANNERS CREEK DR,0,39.08661667,-84.87810278,0,12,2,0,2,2,0,1,1,1,0,1,0,0000000,15,11,15,13,99,99,0,0,0,1,0
18,180720,2,1,1,0,0,1,1,141,4580,6,12,2012,5,19,57,0,16,5,COLLEGE ST,,0,41.69933889,-86.27653333,0,14,0,0,1,1,0,7,2,1,0,1,0,0000000,19,58,20,2,99,99,0,0,0,1,1
18,180721,1,1,0,1,1,5,5,105,380,20,12,2012,5,7,23,0,6,5,RHORER RD,,0,39.12135,-86.52326944,0,8,0,0,1,1,0,1,2,2,0,2,0,0000000,7,24,7,29,99,99,0,0,0,1,0
18,180722,1,1,0,0,0,4,4,3,3480,21,12,2012,6,10,1,0,6,5,DAWKINS RD,,0,41.07323611,-84.88417778,0,34,0,0,1,1,0,4,1,4,0,4,0,0000000,10,2,10,25,99,99,0,0,0,1,0
18,180723,2,1,1,0,0,1,1,59,1890,30,12,2012,1,4,45,1,1,1,I-70 E,,1070,39.82118889,-85.74626111,0,14,0,0,1,1,0,5,3,10,0,10,0,0000000,4,45,4,53,88,88,0,0,0,1,0
18,180724,1,1,0,2,2,1,1,163,1480,30,12,2012,1,2,18,0,16,5,RIVERSIDE DR,NORMAN AVE,0,37.94450833,-87.53255278,0,24,0,0,1,1,0,6,2,10,0,10,0,0000000,2,18,2,21,88,88,15,0,0,3,1
18,180725,2,2,0,0,0,2,2,111,1820,26,12,2012,4,14,37,0,3,2,US-24 E,CR-600 E,0,40.76558056,-87.27326389,0,12,2,0,1,1,0,1,1,4,0,4,0,0000000,14,43,14,52,99,99,0,0,0,1,0
18,180726,2,2,0,0,0,3,3,123,4820,22,12,2012,7,18,42,0,15,3,SR-237,SR-37,0,37.97344444,-86.73281944,0,12,6,0,2,2,0,1,2,1,0,1,0,0000000,18,42,18,46,99,99,23,19,0,1,0
18,180727,1,1,0,0,0,3,3,97,2600,31,12,2012,2,14,47,0,16,5,47TH ST,,0,39.84176111,-86.02891944,0,38,0,0,1,1,0,4,1,4,0,4,0,0000000,14,48,14,52,99,99,0,0,0,1,0
18,180728,2,2,0,0,0,2,2,5,2160,15,11,2012,5,18,27,0,4,3,SR-9,CR-450,0,39.26904722,-85.77128889,0,12,6,1,2,2,0,1,2,1,0,1,0,0000000,18,27,18,37,99,99,0,0,0,1,0
18,180729,2,2,0,0,0,2,2,105,380,9,12,2012,1,14,54,0,4,3,SR-446,CHAPIL HILL RD,0,39.02456944,-86.405125,0,12,2,0,3,3,0,1,1,2,0,2,0,0000000,14,54,15,26,99,99,0,0,0,1,0
18,180730,3,3,0,0,0,4,4,69,2860,5,11,2012,2,13,54,0,4,3,SR-3,,0,40.82266944,-85.34052778,0,12,2,0,1,1,0,1,1,1,0,1,0,0000000,13,56,14,5,99,99,0,0,0,1,0
18,180731,1,1,0,0,0,1,1,59,1890,23,12,2012,1,2,9,0,16,5,BOWMAN DR,,0,39.76515556,-85.76827778,0,42,0,0,1,1,0,4,2,1,0,1,0,0000000,2,23,2,46,99,99,0,0,0,1,0
18,180732,1,1,0,0,0,3,3,91,2570,21,12,2012,6,18,18,0,4,3,SR-39,,0,41.56514167,-86.73924167,0,16,0,0,1,1,0,1,2,10,0,10,0,0000000,18,21,18,23,99,99,0,0,0,1,0
18,180733,4,4,0,0,0,4,4,97,2210,28,10,2012,1,9,47,0,16,5,EMERSON AVE,,0,39.70960556,-86.08245278,0,12,1,0,1,1,0,1,1,1,0,1,0,0000000,9,48,9,50,99,99,0,0,0,1,0
18,180734,2,2,0,0,0,2,2,69,2190,26,11,2012,2,6,4,0,3,2,US-24 E,CR-750 W,0,40.88083889,-85.59223611,0,12,6,0,7,1,0,1,2,1,0,1,0,0000000,6,6,6,12,99,99,0,0,0,1,0
18,180735,2,2,0,0,0,3,3,51,4060,27,12,2012,5,14,42,0,15,3,SR-64 W,S RICHLAND CREEK DR,0,38.35545556,-87.59361389,0,12,6,0,2,2,0,1,1,10,0,10,0,0000000,14,45,14,48,99,99,0,0,0,1,0
18,180736,1,1,0,0,0,3,3,49,4190,14,12,2012,6,18,10,0,3,2,US-31,,0,41.10719167,-86.23979722,0,1,0,0,1,1,0,4,2,10,0,10,0,0000000,18,10,18,14,99,99,0,0,0,2,0
18,180737,2,2,0,0,0,2,2,139,4270,8,8,2012,4,21,29,0,6,4,CR-BASE RD,,0,39.54638056,-85.44364167,0,12,1,0,1,1,0,1,2,2,0,2,0,0000000,22,0,22,4,99,99,0,0,0,1,0
18,180738,2,2,0,0,0,2,2,45,1040,23,9,2012,1,14,38,0,6,5,LAYTON STATION RD,CR-200,0,40.09692778,-87.31878611,0,12,6,0,2,2,0,1,1,1,0,1,0,0000000,14,38,14,45,99,99,0,0,0,1,0
18,180739,1,1,0,0,0,1,1,25,2620,14,11,2012,4,12,55,0,4,3,SR-66,,0,38.27668056,-86.34861111,0,42,0,0,1,1,0,4,1,1,0,1,0,0000000,12,57,13,8,88,88,0,0,0,1,0
18,180740,3,3,0,0,0,5,5,53,4950,30,11,2012,6,17,42,0,4,3,SR-22,,0,40.48026944,-85.50304722,0,12,1,0,1,1,0,1,2,1,0,1,0,0000000,17,37,17,42,99,99,0,0,0,2,0
18,180741,1,1,0,1,1,1,1,97,2210,10,11,2012,7,15,40,0,16,5,10TH ST,LINWOOD AVE,0,39.78144444,-86.09273333,0,9,0,0,3,2,0,1,1,1,0,1,0,0000000,15,40,15,45,99,99,0,0,0,1,0
18,180742,2,2,0,0,0,2,2,97,2210,24,11,2012,7,19,50,0,16,5,BINFORD BLVD,71ST ST,0,39.88338611,-86.06685278,0,12,6,0,2,2,0,1,3,10,0,10,0,0000000,19,55,20,15,99,99,0,0,0,1,0
18,180743,2,2,0,0,0,2,2,131,5340,3,12,2012,2,11,41,0,6,4,CR-200 S,LANGE RD,0,41.02713611,-86.80918056,0,12,6,0,8,1,0,1,1,10,0,10,0,0000000,11,44,11,56,99,99,0,0,0,1,0
18,180744,2,2,0,0,0,2,2,95,140,6,12,2012,5,7,7,0,16,5,NURSERY RD,UNIVERSITY BLVD,0,40.11550833,-85.65751389,0,12,6,0,8,1,0,1,2,1,0,1,0,0000000,7,7,7,10,99,99,0,0,0,1,0
18,180745,1,1,0,0,0,1,1,97,2210,21,12,2012,6,1,3,0,16,5,WASHINGTON ST,BILTMORE AVE,0,39.75197222,-86.25295833,0,30,0,0,1,1,0,4,3,7,0,7,0,0000000,1,5,1,9,99,99,0,0,0,1,1
18,180746,1,1,0,0,0,2,2,29,230,19,11,2012,2,0,36,0,16,5,BILLINGSLEY DR,,0,39.07259167,-84.896,0,42,0,0,1,1,0,4,2,1,0,1,0,0000000,0,36,0,41,99,99,0,0,0,1,1
18,180747,1,1,0,0,0,1,1,175,4340,21,11,2012,4,16,38,0,4,3,SR-160 E,LONG DR,0,38.59283056,-86.04287222,0,59,0,0,1,1,0,4,1,10,0,10,0,0000000,16,38,16,40,99,99,0,0,0,1,0
18,180748,1,1,0,0,0,1,1,19,4420,5,5,2012,7,8,5,0,6,4,CR-CRONE RD,CR-MCCLELLAN RD,0,38.47911667,-85.78587222,0,42,0,0,1,1,0,4,1,10,0,10,0,0000000,8,11,8,16,99,99,0,0,0,1,0
18,180749,1,1,0,0,0,1,1,115,4150,13,7,2012,6,8,15,0,6,4,CR-NELSON RD,,0,38.99282778,-84.95098056,0,35,0,0,1,1,0,4,1,1,0,1,0,0000000,8,30,8,38,88,88,0,0,0,1,0
19,190001,2,2,0,0,0,2,2,167,0,16,3,2012,6,6,0,0,4,4,CR-JEFFERSON AVE,CR-400TH ST,0,43.07022222,-96.01751667,0,12,8,0,2,2,0,1,4,5,10,5,0,0000000,6,4,6,20,6,56,0,0,0,1,0
19,190002,2,2,0,0,0,2,2,55,0,1,1,2012,1,4,16,1,2,2,US-20,,146,42.47085,-91.31000278,0,12,2,0,1,1,0,1,2,10,0,10,0,0000000,4,16,4,32,5,0,0,0,0,1,1
19,190003,2,2,0,0,0,2,2,163,2080,6,1,2012,6,17,16,0,16,6,W 41ST ST,MARQUETTE ST,0,41.56298056,-90.59100833,0,12,1,0,2,3,0,1,3,1,0,1,0,0000000,17,26,17,28,17,45,0,0,0,1,0
19,190004,1,1,0,0,0,1,1,159,0,7,1,2012,7,7,35,0,4,4,CR-J45,,0,40.69621389,-94.04105833,0,1,0,0,1,1,0,4,2,1,0,1,0,0000000,7,36,7,53,88,88,0,0,0,1,0
19,190005,1,1,0,0,0,1,1,179,0,6,1,2012,6,3,33,0,6,4,CR-CEMETERY RD,,0,40.94706944,-92.330875,0,35,0,0,1,1,0,4,2,1,0,1,0,0000000,88,88,88,88,88,88,0,0,0,1,0
19,190006,1,1,0,0,0,1,1,97,0,7,1,2012,7,8,35,0,6,4,CR-82ND AVE,,0,42.07805556,-90.80178333,0,1,0,0,1,1,0,4,1,1,0,1,0,0000000,8,35,8,49,88,88,0,0,0,1,0
19,190007,1,1,0,0,0,1,1,61,0,7,1,2012,7,3,13,1,2,2,US-20,,2,42.47040833,-91.12472778,0,23,0,0,1,1,0,3,2,1,0,1,0,0000000,3,16,3,25,88,88,0,0,0,1,0
19,190008,2,2,0,0,0,3,3,123,0,8,1,2012,1,15,25,0,3,3,SR-92,,144,41.29615556,-92.60308889,0,12,2,0,1,1,0,1,1,10,0,10,0,0000000,15,26,15,28,15,46,0,0,0,1,0
19,190009,1,1,0,0,0,1,1,95,0,8,1,2012,1,3,30,0,3,3,SR-149,,77,41.58296944,-92.023575,0,1,0,0,1,1,0,4,2,1,0,1,0,0000000,88,88,88,88,88,88,0,0,0,1,1
19,190010,2,2,0,0,0,4,4,129,0,11,1,2012,4,17,0,1,2,2,US-34,,217,41.03074167,-95.53346389,0,12,8,0,1,1,0,1,5,4,11,4,0,0000000,17,2,17,20,18,16,0,0,0,1,0
19,190011,2,2,0,0,0,2,2,139,0,12,1,2012,5,7,55,0,3,3,SR-38,,68,41.53350556,-91.03831667,0,12,6,0,1,1,0,1,1,4,0,4,0,0000000,8,14,8,25,8,55,0,0,0,1,0
19,190012,1,1,0,0,0,2,2,155,0,11,1,2012,4,16,32,1,1,1,I-680,,72,41.49163611,-95.90128333,0,23,0,0,1,1,0,3,1,4,0,4,0,0000000,16,36,16,45,17,3,0,0,0,1,0
19,190013,1,1,0,0,0,1,1,179,0,11,1,2012,4,14,2,0,6,4,CR-120TH,,0,41.06045556,-92.29166667,0,18,0,0,1,1,0,4,1,1,0,1,0,0000000,14,7,14,14,14,35,0,0,0,1,0
19,190015,1,1,0,0,0,1,1,51,0,12,1,2012,5,11,17,0,3,3,SR-2,,151,40.71370833,-92.36634722,0,1,0,0,1,1,0,4,1,10,0,10,0,0000000,88,88,88,88,88,88,0,0,0,1,0
19,190016,2,2,0,0,0,2,2,155,0,13,1,2012,6,13,0,1,1,1,I-80,,369,41.49763333,-95.38463611,0,12,6,0,1,1,0,1,1,1,0,1,0,0000000,88,88,88,88,88,88,0,0,0,1,0
19,190017,2,2,0,0,0,3,3,127,5320,13,1,2012,6,17,5,0,16,6,WESTWOOD DR,S 6TH ST,0,42.02112778,-92.92205278,0,12,6,0,2,2,0,1,5,1,0,1,0,0000000,17,9,17,14,17,28,0,0,0,2,0
19,190018,2,2,0,0,0,2,2,187,0,14,1,2012,7,7,4,1,2,2,US-169,,78,42.26781667,-94.18216389,0,12,6,0,8,1,0,4,1,10,0,10,0,0000000,7,25,7,34,7,51,0,0,0,1,0
19,190019,1,1,0,0,0,1,1,141,0,14,1,2012,7,6,22,0,4,4,CR-B40,,0,43.08453056,-95.52677222,0,1,0,0,1,1,0,4,2,10,0,10,0,0000000,6,26,6,38,6,52,0,0,0,1,0
19,190020,1,1,0,0,0,1,1,47,0,15,1,2012,1,16,20,0,4,4,CR-M14,,0,42.02853333,-95.51722778,0,34,0,0,1,1,0,4,1,99,0,99,0,0000000,88,88,88,88,88,88,0,0,0,1,1
19,190022,1,1,0,0,0,1,1,75,0,17,1,2012,3,4,0,1,2,2,US-20,SR-14,117,42.46283056,-92.76872222,0,23,0,0,1,1,0,4,2,4,11,4,0,0000000,4,8,4,19,5,9,0,0,0,1,0
19,190023,1,1,0,0,0,1,1,165,0,19,1,2012,5,23,48,0,4,4,CR-M47/FRONT ST,,0,41.78790278,-95.20878611,0,35,0,0,1,1,0,4,3,10,0,10,0,0000000,88,88,88,88,88,88,0,0,0,1,0
19,190024,2,2,0,0,0,4,4,65,0,20,1,2012,6,10,30,0,4,4,CR-C33/100TH ST,,0,42.77330278,-91.95744444,0,12,6,0,1,1,0,1,1,4,0,4,0,0000000,10,35,10,53,11,44,0,0,0,1,0
19,190025,1,1,0,0,0,3,3,63,0,20,1,2012,6,18,0,0,4,4,CR-A17/120TH ST,CR-P12/560TH AVE,0,43.47407222,-94.48221667,0,35,0,0,2,2,0,4,2,4,11,4,0,0000000,88,88,88,88,88,88,0,0,0,1,1
19,190026,2,2,0,0,0,2,2,163,0,26,1,2012,5,7,43,0,3,3,SR-130,,225,41.65736944,-90.86038611,0,12,2,0,1,1,0,1,4,10,2,2,0,0000000,7,55,8,0,8,39,0,0,0,1,0
19,190027,2,2,0,0,0,3,3,73,0,22,1,2012,1,13,35,0,4,4,CR-E5,,0,41.935425,-94.21282778,0,12,6,0,1,1,0,1,1,2,5,2,0,0000000,13,37,13,49,88,88,0,0,0,3,2
19,190028,2,2,0,0,0,2,2,47,0,23,1,2012,2,8,36,1,2,2,US-59,,151,42.06335556,-95.42491389,0,12,6,0,1,1,0,1,1,4,0,4,0,0000000,9,4,9,13,10,9,0,0,0,1,0
19,190029,2,2,0,0,0,2,2,163,0,24,1,2012,3,15,15,0,4,4,CR-20TH AVE,,0,41.65737778,-90.86038889,0,12,2,0,8,1,0,1,1,1,0,1,0,0000000,88,88,88,88,88,88,0,0,0,1,0
19,190030,3,3,0,0,0,5,5,91,0,27,1,2012,6,18,15,1,2,2,US-169,,121,42.83078056,-94.2273,0,12,2,0,1,1,0,1,3,10,0,10,0,0000000,18,9,18,20,18,40,0,0,0,2,1
19,190031,1,1,0,0,0,1,1,11,0,27,1,2012,6,1,0,0,6,5,32ND AVE,,0,42.13501667,-91.87370278,0,42,0,0,1,1,0,5,2,1,0,1,0,0000000,0,0,0,0,0,0,0,0,0,1,1
19,190032,2,2,0,0,0,2,2,47,0,31,1,2012,3,7,45,1,2,3,SR-141,,20,42.06191667,-95.62844167,0,12,1,0,8,1,0,1,1,1,0,1,0,0000000,7,45,7,57,88,88,0,0,0,1,0
19,190033,1,1,0,0,0,3,3,1,0,29,1,2012,1,10,50,1,1,1,I-80,,109,42.49601667,-94.48048056,0,38,0,0,1,1,0,3,1,1,10,10,0,0000000,10,55,11,7,99,99,0,0,0,2,0
19,190034,1,1,0,1,1,1,1,153,2260,1,1,2012,1,10,20,0,16,6,INGERSOLL AVE,35TH STREET,0,41.58630833,-93.66393056,0,8,0,0,2,2,0,1,1,1,0,1,0,0000000,10,23,10,25,10,42,0,0,0,1,0
19,190035,1,1,0,0,0,5,5,193,0,30,1,2012,2,3,15,0,6,4,CR-CARROLL AVE,,0,42.49717222,-96.27743611,0,1,0,0,1,1,0,4,2,1,0,1,0,0000000,3,30,3,45,99,99,0,0,0,1,1