STATE,ST_CASE,VE_TOTAL,VE_FORMS,PVH_INVL,PEDS,PERNOTMVIT,PERMVIT,PERSONS,COUNTY,CITY,DAY,MONTH,YEAR,DAY_WEEK,HOUR,MINUTE,NHS,ROAD_FNC,ROUTE,TWAY_ID,TWAY_ID2,MILEPT,LATITUDE,LONGITUD,SP_JUR,HARM_EV,MAN_COLL,RELJCT1,RELJCT2,TYP_INT,WRK_ZONE,REL_ROAD,LGT_COND,WEATHER1,WEATHER2,WEATHER,SCH_BUS,RAIL,NOT_HOUR,NOT_MIN,ARR_HOUR,ARR_MIN,HOSP_HR,HOSP_MN,CF1,CF2,CF3,FATALS,DRUNK_DR
19,190036,3,3,0,0,0,4,4,103,0,30,1,2012,2,7,57,0,4,4,CR-W6E/ ELY RD,,0,41.82939722,-91.54938889,0,12,8,0,1,1,0,1,1,10,0,10,0,0000000,7,59,8,14,8,34,0,0,0,2,0
19,190037,1,1,0,0,0,2,2,193,0,1,2,2012,4,0,45,0,4,4,CR-D25/OLD HWY 141,,0,42.25651111,-95.98076667,0,1,0,0,1,1,0,4,2,1,0,1,0,0000000,88,88,88,88,88,88,0,0,0,2,1
19,190038,2,2,0,0,0,2,2,85,0,1,2,2012,4,13,55,1,2,2,US-34,,129,41.57242222,-95.85691944,0,12,2,0,1,1,0,1,1,1,0,1,0,0000000,13,57,14,6,14,43,0,0,0,1,0
19,190039,1,1,0,0,0,2,2,137,0,3,2,2012,6,12,30,0,4,4,CR-H34/200TH ST,,0,41.01873611,-95.37844167,0,34,0,0,1,1,0,5,1,1,0,1,0,0000000,88,88,88,88,88,88,0,0,0,2,0
19,190040,1,1,0,0,0,3,3,103,0,4,2,2012,7,12,5,0,4,4,CR-IVY AVE,,0,41.679075,-91.67624444,0,32,0,0,1,1,0,4,1,4,0,4,0,0000000,12,10,12,18,12,56,0,0,0,2,0
19,190041,1,1,0,0,0,1,1,95,0,15,2,2012,4,16,20,0,4,4,CR- V66/M AVE,,0,41.75655833,-92.06535833,0,34,0,0,1,1,0,4,1,1,0,1,0,0000000,88,88,88,88,88,88,0,0,0,1,0
19,190042,2,2,0,0,0,3,3,139,0,18,2,2012,7,20,30,1,2,2,US-6,MOSCOW RD,157,41.56684444,-91.08232778,0,12,6,0,2,2,0,1,2,1,0,1,0,0000000,88,88,88,88,88,88,0,0,0,1,0
19,190043,2,2,0,0,0,7,7,187,0,13,2,2012,2,17,47,1,2,2,US-20,,52,42.43714444,-94.30837222,0,12,6,0,1,1,0,1,5,3,0,3,0,0000000,17,55,18,5,18,49,0,0,0,2,0
19,190044,1,1,0,1,1,1,1,53,0,22,2,2012,4,18,40,1,2,2,US-69,,29,40.61323611,-93.93894444,0,8,0,0,1,1,0,1,3,1,0,1,0,0000000,88,88,88,88,88,88,0,0,0,1,0
19,190045,2,2,0,0,0,2,2,125,6650,13,2,2012,2,18,46,0,16,6,CR-VERMEER RD,,0,41.40749722,-92.87796667,0,12,6,0,1,1,0,1,3,3,4,4,0,0000000,18,50,18,59,88,88,0,0,0,1,1
19,190046,2,2,0,0,0,3,3,45,0,23,2,2012,5,14,30,0,3,3,SR-136,,122,41.95350278,-90.34830556,0,12,6,0,1,1,0,1,1,4,0,4,0,0000000,14,33,14,47,15,24,0,0,0,1,0
19,190047,2,2,0,0,0,8,8,153,3490,23,2,2012,5,5,27,0,13,3,SR-141,78TH AVE,46,41.70288611,-93.77472222,0,12,6,0,2,2,0,1,2,1,0,1,0,0000000,5,48,5,58,6,28,0,0,0,1,0
19,190048,1,1,0,0,0,2,2,87,0,26,2,2012,1,12,30,1,2,2,US-218,,109,40.98557778,-91.52160833,0,1,0,0,1,1,0,4,1,1,0,1,0,0000000,12,31,12,38,99,99,0,0,0,1,0
19,190049,1,1,0,0,0,1,1,57,0,25,2,2012,7,1,21,0,4,4,CR-X31/205TH AVE,,0,41.02323333,-91.32349444,0,34,0,0,1,1,0,4,2,4,11,4,0,0000000,88,88,88,88,88,88,0,0,0,1,1
19,190050,1,1,0,0,0,1,1,171,0,27,2,2012,2,3,56,0,4,4,CR-E27,,0,42.09258056,-92.69354722,0,35,0,0,1,1,0,4,2,1,0,1,0,0000000,3,56,4,6,4,50,0,0,0,1,1
19,190051,1,1,0,1,1,1,1,57,1120,28,2,2012,3,18,18,0,16,6,CENTRAL AVE,,0,40.80518333,-91.11266667,0,8,0,0,1,1,0,1,2,2,10,2,0,0000000,18,18,18,23,18,42,0,0,0,1,0
19,190052,2,2,0,0,0,5,5,69,0,29,2,2012,4,8,32,0,3,3,SR-3,,80,42.74545556,-93.32783056,0,12,2,0,1,1,0,4,1,3,0,3,0,0000000,8,39,8,53,9,17,0,0,0,1,0
19,190053,3,3,0,0,0,3,3,15,0,29,2,2012,4,9,1,0,4,4,CR-W LINCOLNWAY,CR-XE PLACE,0,42.02306111,-93.71325556,0,12,1,0,2,3,0,1,1,10,0,10,0,0000000,9,7,9,28,9,57,0,0,0,1,0
19,190054,2,2,0,0,0,2,2,37,0,29,2,2012,4,13,33,1,2,2,US-18/270TH,,292,42.96508056,-92.08195278,0,12,2,0,1,1,0,1,1,4,11,4,0,0000000,13,36,13,55,14,32,0,0,0,1,0
19,190055,2,2,0,0,0,4,4,27,1250,13,2,2012,2,7,56,0,16,6,NOBLE AVE,,0,42.06847222,-94.84243333,0,12,6,0,1,1,0,1,1,10,4,4,0,0000000,7,56,7,59,8,11,0,0,0,1,0
19,190056,2,2,0,0,0,2,2,33,0,1,3,2012,5,8,1,0,4,4,CR-B14/330TH ST,,0,43.24211111,-93.49429167,0,12,2,0,1,1,0,1,1,10,0,10,0,0000000,8,1,8,10,99,99,0,0,0,1,0
19,190057,1,1,0,1,1,1,1,153,8980,3,3,2012,7,21,32,1,11,1,I-80,,3,41.59217222,-93.78369444,0,8,0,0,1,1,0,4,3,1,0,1,0,0000000,21,33,21,39,22,5,0,0,0,1,0
19,190058,3,3,0,0,0,8,8,153,2260,4,3,2012,1,18,6,1,13,6,E UNIVERSITY AVE,E 37TH ST,26,41.60064722,-93.54381944,0,12,8,0,1,1,0,1,5,10,0,10,0,0000000,18,8,18,18,18,40,0,0,0,1,0
19,190059,2,2,0,0,0,2,2,147,0,5,3,2012,2,7,42,1,2,2,US-18,,222,43.08299722,-94.515325,0,12,2,0,1,1,0,1,1,10,0,10,0,0000000,7,46,7,59,8,28,0,0,0,1,0
19,190060,2,2,0,0,0,3,3,45,0,6,3,2012,3,15,35,0,4,4,CR-367TH AVE,,0,41.97426111,-90.38329444,0,12,6,0,1,1,0,1,1,98,0,98,0,0000000,88,88,88,88,88,88,0,0,0,1,0
19,190061,1,1,0,0,0,1,1,153,2260,10,3,2012,7,16,50,0,16,6,SCOTT AVE,,0,41.58331111,-93.53535833,0,34,0,0,1,1,0,4,1,1,0,1,0,0000000,16,51,16,56,17,18,0,0,0,1,0
19,190063,2,2,0,0,0,2,2,149,4660,13,3,2012,3,16,34,0,16,6,195TH ST,HAWKEYE AVE,0,42.77146667,-96.19334444,0,12,1,0,2,2,0,1,1,1,0,1,0,0000000,16,35,16,41,16,49,0,0,0,1,0
19,190064,1,1,0,0,0,6,6,193,7850,16,3,2012,6,13,45,1,1,1,I-29,,245,42.49324444,-96.46376667,0,1,0,0,1,1,0,4,1,1,0,1,0,0000000,13,46,13,53,14,9,0,0,0,1,0
19,190065,1,1,0,0,0,1,1,113,0,16,3,2012,6,16,22,0,4,4,CR-E016,SAWYER RD,0,42.20201111,-91.48069444,0,1,0,0,1,1,0,4,1,1,0,1,0,0000000,16,23,16,33,99,99,0,0,0,1,1
19,190066,1,1,0,0,0,2,2,113,1340,17,3,2012,7,23,20,0,16,6,16TH AVE SW,,0,41.96518333,-91.66069167,0,33,0,0,1,1,0,5,3,1,0,1,0,0000000,23,21,23,26,0,11,0,0,0,2,0
19,190067,1,1,0,0,0,1,1,111,0,16,3,2012,6,3,4,1,2,2,US-61,,321,40.72519722,-91.21243056,0,34,0,0,1,1,0,5,2,1,0,1,0,0000000,3,5,3,17,3,38,0,0,0,1,0
19,190068,1,1,0,0,0,7,7,71,0,18,3,2012,1,7,3,1,1,1,I-29,,179,40.79368611,-95.80682222,0,1,0,0,1,1,0,3,2,1,0,1,0,0000000,7,4,7,13,99,99,0,0,0,2,0
19,190069,1,1,0,0,0,2,2,113,0,18,3,2012,1,2,30,0,4,4,CR-W56/C AVE,,0,42.09521667,-91.64848056,0,1,0,0,1,1,0,4,3,10,0,10,0,0000000,3,31,3,40,99,96,0,0,0,1,0
19,190070,2,2,0,0,0,3,3,179,0,16,3,2012,6,10,24,1,2,2,US-63,EDDYVILLE RD,209,41.09497778,-92.51323889,0,12,6,0,2,3,0,1,1,1,0,1,0,0000000,10,37,10,47,11,15,0,0,0,1,0
19,190071,2,2,0,0,0,2,2,187,0,21,3,2012,4,7,55,0,3,4,CR-P59,,0,42.45790278,-94.12420833,0,12,2,0,1,1,0,1,1,10,0,10,0,0000000,7,55,8,3,8,30,0,0,0,1,0
19,190072,1,1,0,0,0,1,1,103,4050,23,3,2012,6,16,52,1,13,2,US-6,,159,41.66404167,-91.54363056,0,33,0,0,1,1,0,4,1,1,0,1,0,0000000,16,55,16,57,17,10,0,0,0,1,0
19,190073,2,2,0,0,0,4,4,57,0,23,3,2012,6,18,30,1,2,2,US-61,,219,41.00573889,-91.17000556,0,12,8,0,1,1,0,1,1,1,0,1,0,0000000,18,41,18,56,19,59,20,0,0,1,1
19,190074,2,2,0,0,0,3,3,113,5290,24,3,2012,7,16,13,0,13,3,SR-13,HENNESSEY PKWY,78,42.03763889,-91.55028333,0,12,6,0,2,2,0,1,1,1,0,1,0,0000000,16,13,16,24,16,46,0,0,0,1,0
19,190075,1,1,0,0,0,1,1,113,0,25,3,2012,1,16,46,0,6,9,OLD RIVER ROAD,,0,41.9457,-91.57168056,0,44,0,0,1,1,0,1,1,1,0,1,0,0000000,88,88,88,88,88,88,7,0,0,1,0
19,190076,1,1,0,0,0,1,1,119,0,24,3,2012,7,18,25,0,3,3,SR-182,CR-A26,60,43.38984444,-96.42882222,0,1,0,0,2,2,0,4,1,1,0,1,0,0000000,18,28,18,44,18,46,0,0,0,1,0
19,190077,1,1,0,0,0,2,2,47,0,25,3,2012,1,16,0,0,6,4,CR-340TH ST,,0,42.15953611,-95.207275,0,1,0,0,1,1,0,4,1,1,0,1,0,0000000,88,88,88,88,88,88,0,0,0,1,0
19,190078,2,2,0,0,0,2,2,13,8790,25,3,2012,1,13,16,0,13,3,SR-934/ UNIVERSITY AVE,FLETCHER AVE,42,42.49615278,-92.36710833,0,12,6,0,2,2,0,1,1,1,0,1,0,0000000,88,88,88,88,88,88,0,0,0,1,0
19,190079,1,1,0,0,0,11,11,49,0,27,3,2012,3,15,50,0,3,3,SR-141,,186,41.83285278,-93.91813889,0,34,0,1,5,1,0,4,1,1,0,1,0,0000000,15,51,16,11,16,43,0,0,0,1,0
19,190080,1,1,0,0,0,3,3,1,0,29,3,2012,5,12,40,0,4,4,CR-P33,,0,41.16375278,-94.35704444,0,35,0,0,1,1,0,4,1,1,0,1,0,0000000,12,40,13,16,13,59,0,0,0,1,0
19,190081,1,1,0,0,0,1,1,57,0,31,3,2012,7,6,0,0,5,4,CR-FALCON RD,,0,40.9319,-91.08075,0,34,0,0,1,1,0,4,2,10,0,10,0,0000000,6,36,6,55,7,45,0,0,0,1,0
19,190082,1,1,0,0,0,1,1,111,4250,1,4,2012,1,1,47,1,13,2,US-136/MAIN ST,,33,40.39106944,-91.377075,0,25,0,0,1,1,0,3,3,1,0,1,0,0000000,1,51,1,55,88,88,0,0,0,1,1
19,190083,1,1,0,0,0,1,1,19,0,3,4,2012,3,2,39,0,14,4,CR-D22/220TH ST,,0,42.46878611,-91.867,0,59,0,0,1,1,0,4,2,1,0,1,0,0000000,3,35,3,40,4,18,0,0,0,1,0
19,190084,1,1,0,1,1,1,1,33,1590,3,4,2012,3,9,29,0,16,6,S 4TH ST.,MAIN AVE,0,43.13651111,-93.38101111,0,8,0,0,2,2,0,1,1,1,0,1,0,0000000,9,29,9,32,9,51,0,0,0,1,0
19,190085,1,1,0,0,0,1,1,37,0,8,3,2012,5,4,0,0,6,4,CR-120TH ST,,0,43.18376389,-92.10828056,0,34,0,0,1,1,0,4,2,1,0,1,0,0000000,88,88,88,88,88,88,0,0,0,1,0
19,190086,2,2,0,0,0,2,2,11,0,6,4,2012,6,13,43,0,4,4,CR-9TH AVE,CR-10TH ST,0,41.89423889,-92.27494444,0,12,6,0,2,2,0,1,1,1,0,1,0,0000000,88,88,88,88,88,88,0,0,0,1,0
19,190087,1,1,0,0,0,1,1,129,0,9,4,2012,2,17,55,0,4,4,CR-310TH ST,,0,40.97401389,-95.59465556,0,1,0,0,1,1,0,4,1,1,0,1,0,0000000,17,57,18,6,88,88,0,0,0,1,1
19,190088,1,1,0,1,1,1,1,13,8790,9,4,2012,2,4,6,1,13,2,US-63,W MULLAN AVE,158,42.49621667,-92.34798333,0,8,0,0,2,2,0,1,3,1,0,1,0,0000000,4,7,4,12,99,99,0,0,0,1,0
19,190089,1,1,0,0,0,3,3,153,2260,15,4,2012,1,2,18,0,14,6,HICKMAN RD,,0,41.61470556,-93.63367222,0,58,0,0,1,1,0,4,3,2,0,2,0,0000000,2,29,2,37,3,2,0,0,0,1,0
19,190090,1,1,0,0,0,2,2,77,0,14,4,2012,7,4,45,0,6,4,CR-330TH TRAIL,,0,41.53231667,-94.27023889,0,5,0,0,1,1,0,1,2,5,0,5,0,0000000,88,88,88,88,88,88,0,0,0,1,1
19,190091,2,2,0,0,0,2,2,57,0,17,4,2012,3,6,20,1,12,2,US-61,,17,40.73358889,-91.17640278,0,12,2,0,1,1,0,1,4,1,0,1,0,0000000,6,25,6,32,99,99,0,0,0,1,1
19,190092,2,2,0,0,0,2,2,29,460,21,4,2012,7,10,30,0,13,3,SR-83,4TH STREET,87,41.40698333,-95.01439444,0,12,6,0,2,2,0,1,1,10,0,10,0,0000000,10,35,10,35,10,51,0,0,0,1,0
19,190093,1,1,0,0,0,1,1,125,6650,22,4,2012,1,17,55,0,4,4,CR-G28,,0,41.40840833,-93.01483056,0,35,0,0,1,1,0,4,1,1,0,1,0,0000000,17,55,18,7,18,25,0,0,0,1,0
19,190094,1,1,0,0,0,1,1,179,0,27,4,2012,6,6,30,0,6,4,CR-40TH STREET,,0,40.94590278,-92.62988333,0,1,0,0,1,1,0,4,2,1,0,1,0,0000000,88,88,88,88,88,88,0,0,0,1,0
19,190095,1,1,0,1,1,1,1,27,1250,28,4,2012,7,14,41,0,16,6,7TH STREET,WEST STREET,0,42.06781944,-94.87105833,0,9,0,0,2,2,0,1,1,10,0,10,0,0000000,14,42,14,44,14,55,0,0,0,1,0
19,190096,2,2,0,0,0,2,2,103,0,29,4,2012,1,18,25,1,1,1,I-80,,101,41.69433889,-91.638875,0,12,6,1,5,1,0,1,1,2,0,2,0,0000000,18,31,18,40,18,57,0,0,0,1,0
19,190097,1,1,0,0,0,1,1,181,0,25,4,2012,4,18,15,1,2,2,US-69,,53,41.23014167,-93.58235,0,58,0,0,1,1,0,4,1,1,0,1,0,0000000,18,16,18,23,88,88,0,0,0,1,0
19,190098,2,2,0,0,0,2,2,43,0,1,5,2012,3,8,46,1,2,2,US-18,120TH,99,43.05054444,-91.41090556,0,12,6,0,2,3,0,1,1,10,0,10,0,0000000,88,88,88,88,88,88,0,0,0,1,0
19,190099,2,2,0,0,0,2,2,187,0,1,5,2012,3,15,41,1,2,2,US-169,,302,42.58453056,-94.22783333,0,12,2,0,1,1,0,1,1,1,0,1,0,0000000,15,42,15,51,16,7,0,0,0,1,0
19,190100,1,1,0,0,0,2,2,31,0,2,5,2012,4,20,54,0,6,4,CR-Y26,CR-F44,0,41.66989722,-90.91884444,0,30,0,0,2,2,0,4,3,2,0,2,0,0000000,20,57,21,4,21,40,0,0,0,1,0
19,190101,2,2,0,0,0,2,2,13,0,4,5,2012,6,14,13,0,4,4,CR-D35/SCHROCK RD,CR-V27/KIMBALL AVE,0,42.39945556,-92.35743611,0,12,6,0,2,2,0,1,1,1,0,1,0,0000000,14,14,14,26,99,99,0,0,0,1,0
19,190102,1,1,0,0,0,1,1,123,0,4,5,2012,6,15,31,0,6,4,CR-230TH ST,,0,41.32154722,-92.65626944,0,1,0,0,1,1,0,4,1,1,0,1,0,0000000,15,33,15,36,88,88,0,0,0,1,0
19,190103,1,1,0,0,0,1,1,195,0,5,5,2012,7,2,45,0,6,4,CR-WHEELERWOOD AVE.,,0,43.45151944,-93.35600833,0,35,0,0,1,1,0,4,2,1,0,1,0,0000000,88,88,88,88,88,88,0,0,0,1,0
19,190104,1,1,0,0,0,1,1,97,0,5,5,2012,7,18,27,0,4,4,CR-BELLEVUE CASCADE RD,,0,41.27305278,-90.89361944,0,35,0,0,1,1,0,4,1,1,0,1,0,0000000,18,26,18,33,19,0,0,0,0,1,1
19,190105,1,1,0,0,0,1,1,153,2260,6,5,2012,1,3,36,1,11,1,I-235,,132,41.64411389,-93.57570278,0,25,0,0,1,1,0,4,3,1,0,1,0,0000000,88,88,88,88,88,88,0,0,0,1,0
19,190106,2,2,0,0,0,4,4,183,0,5,5,2012,7,16,41,0,3,3,SR-92,,110,41.33695278,-91.733425,0,12,2,0,1,1,0,1,1,10,0,10,0,0000000,16,42,16,49,17,32,0,0,0,2,0
19,190107,1,1,0,0,0,1,1,149,0,8,5,2012,3,22,20,0,6,4,CR-TAMARACK AVE,,0,42.64506944,-95.87946944,0,1,0,0,1,1,0,4,2,1,0,1,0,0000000,22,23,22,36,99,99,0,0,0,1,1
19,190108,1,1,0,0,0,1,1,61,0,9,5,2012,4,17,19,0,3,3,SR-32,,44,42.53741111,-90.6955,0,35,0,0,1,1,0,4,1,1,0,1,0,0000000,17,23,17,31,17,45,0,0,0,1,0
19,190109,2,2,0,0,0,2,2,81,0,10,5,2012,5,9,14,1,2,2,US-18,,96,43.103875,-93.94230833,0,12,2,0,1,1,0,1,1,1,0,1,0,0000000,9,15,9,20,9,44,0,0,0,1,0
19,190110,2,2,0,0,0,5,5,185,0,11,5,2012,6,11,45,0,6,4,CR-IDAHO,CR-40TH STREET,0,40.69570556,-93.30759722,0,12,6,0,2,2,0,1,1,1,0,1,0,0000000,11,48,12,16,13,5,0,0,0,1,0
19,190111,2,2,0,0,0,2,2,167,0,11,5,2012,6,6,33,0,6,4,CR-CHERRY AVE,,0,43.21130556,-96.45178333,0,12,2,0,1,1,0,1,4,1,0,1,0,0000000,6,35,6,48,7,13,0,0,0,1,0
19,190112,1,1,0,0,0,5,5,15,0,12,5,2012,7,11,42,0,4,4,CR-E26/L AVE,,0,42.09670833,-93.95068889,0,1,0,0,1,1,0,4,1,1,0,1,0,0000000,11,51,12,0,13,0,0,0,0,1,1
19,190113,1,1,0,0,0,1,1,189,0,12,5,2012,7,22,58,1,2,2,US-69,CR-212TH ST,149,43.38571111,-93.55245833,0,34,0,0,2,2,0,4,1,1,0,1,0,0000000,88,88,88,88,88,88,0,0,0,1,0
19,190114,2,2,0,0,0,3,3,135,0,13,5,2012,1,12,51,0,3,3,SR-5,,71,40.9985,-92.81555556,0,12,6,0,1,1,0,1,1,1,0,1,0,0000000,12,51,13,0,13,33,0,0,0,1,0
19,190115,1,1,0,0,0,1,1,195,0,13,5,2012,1,6,54,0,6,4,CR-IRONWOOD AVE,,0,43.34112222,-93.32965556,0,1,0,0,1,1,0,4,2,1,0,1,0,0000000,7,4,7,21,88,88,0,0,0,1,0
19,190116,2,2,0,0,0,2,2,187,0,15,5,2012,3,15,15,1,2,2,US-20,,130,42.44511667,-94.16202778,0,12,1,0,1,1,0,1,1,1,0,1,0,0000000,15,21,15,27,88,88,0,0,0,1,0
19,190117,2,2,0,0,0,2,2,113,5290,16,5,2012,4,15,1,0,14,6,ALBURNETT RD//CENTRAL AVE,,0,42.03906111,-91.60814167,0,12,2,0,1,1,0,1,1,1,0,1,0,0000000,15,4,15,15,15,45,0,0,0,1,0
19,190118,2,2,0,0,0,2,2,113,0,19,5,2012,7,15,17,1,2,2,US-30,,166,41.92558056,-91.51494722,0,12,1,0,8,1,0,1,1,1,0,1,0,0000000,15,17,15,26,88,88,0,0,0,1,0
19,190119,1,1,0,0,0,1,1,61,0,27,5,2012,1,19,10,0,4,4,CR-C9Y/BALLTOWN RD,FINLEYS LANDING RD,0,42.61630833,-90.79065833,0,35,0,0,1,1,0,4,5,1,0,1,0,0000000,19,10,19,16,19,39,0,0,0,1,1
19,190120,1,1,0,0,0,1,1,163,0,17,5,2012,5,8,2,0,6,4,CR-F51/220TH ST,,0,41.62631944,-90.4665,0,1,0,0,1,1,0,4,1,1,0,1,0,0000000,88,88,88,88,88,88,0,0,0,1,0
19,190121,1,1,0,1,1,1,1,43,0,19,5,2012,7,21,15,0,4,4,CR-B45/PLEASANT RIDGE RD,,0,43.07610833,-91.31835,0,9,0,0,1,1,0,1,2,1,0,1,0,0000000,21,13,21,19,21,46,0,0,0,1,0
19,190122,1,1,0,1,1,1,1,49,0,19,5,2012,7,22,0,0,5,4,CR-270TH ST,,0,41.64374444,-93.97170833,0,9,0,0,1,1,0,1,2,1,0,1,0,0000000,88,88,88,88,88,88,0,0,0,1,0
19,190123,3,3,0,0,0,3,3,193,0,21,5,2012,2,14,19,0,4,4,CR-K45/OLD HWY 75,,0,42.25453056,-96.24522222,0,12,2,0,1,1,0,1,1,10,0,10,0,0000000,14,20,14,27,15,14,0,0,0,1,0
19,190124,1,1,0,0,0,1,1,3,0,21,5,2012,2,10,45,0,3,3,SR-148,,136,41.09051389,-94.75728333,0,35,0,0,1,1,0,4,1,1,0,1,0,0000000,10,47,11,0,88,88,0,0,0,1,0
19,190125,2,2,0,0,0,5,5,175,0,23,5,2012,4,14,37,1,2,2,US-34,,257,41.02660833,-94.02313056,0,12,2,0,1,1,0,1,1,1,0,1,0,0000000,14,48,15,19,15,55,0,0,0,4,0
19,190126,2,2,0,0,0,2,2,99,0,23,5,2012,4,15,8,0,3,3,SR-14,,64,41.60976667,-93.09621389,0,12,2,0,1,1,0,1,1,1,0,1,0,0000000,15,9,15,18,15,54,0,0,0,1,0
19,190127,1,1,0,0,0,1,1,103,0,27,5,2012,1,21,33,0,4,4,CR-F28/MEHAFFEY BRIDGE RD,,0,41.77769722,-91.55563056,0,1,0,0,1,1,0,4,2,1,0,1,0,0000000,88,88,88,88,88,88,0,0,0,1,1
19,190128,1,1,0,0,0,1,1,1,0,24,5,2012,5,7,9,1,1,1,I-80,,32,41.49319722,-94.63029722,0,1,0,0,1,1,0,4,1,1,0,1,0,0000000,88,88,88,88,88,88,0,0,0,1,0
19,190129,2,2,0,0,0,3,3,77,0,24,5,2012,5,13,30,0,4,4,CR-N46/CHESTNUT RD,CR-F32/190TH RD,0,41.732075,-94.72484444,0,12,6,0,2,2,0,1,1,10,0,10,0,0000000,13,35,13,49,14,10,0,0,0,1,0
19,190130,1,1,0,0,0,1,1,119,0,25,5,2012,6,13,43,0,3,3,SR-182,MADISON STREET,5,43.30521944,-96.41116944,0,1,0,0,2,2,0,1,1,10,0,10,0,0000000,13,34,13,38,88,88,0,0,0,1,0
19,190131,1,1,0,0,0,1,1,71,0,26,5,2012,7,19,26,0,4,4,CR-195TH AVE,,0,40.719175,-95.81223333,0,1,0,0,1,1,0,4,1,1,0,1,0,0000000,19,28,19,37,88,88,0,0,0,1,1
19,190132,1,1,0,0,0,1,1,127,5320,27,5,2012,1,23,42,0,16,6,W HIGH ST,S 6TH ST,0,42.03644722,-92.92223889,0,33,0,0,1,1,0,4,3,1,0,1,0,0000000,23,43,23,47,0,42,0,0,0,1,1
19,190133,1,1,0,0,0,1,1,79,0,27,5,2012,1,11,35,0,4,4,CR-R21/STAGECOACH RD,,0,42.345925,-93.92318611,0,1,0,0,1,1,0,4,1,1,0,1,0,0000000,11,35,11,44,12,13,0,0,0,1,0
19,190134,1,1,0,0,0,1,1,103,0,28,5,2012,2,20,6,0,6,4,CR-180TH ST,,0,41.80289444,-91.42241667,0,35,0,0,1,1,0,4,1,1,0,1,0,0000000,88,88,88,88,88,88,0,0,0,1,1
19,190135,2,2,0,0,0,2,2,91,0,28,5,2012,2,17,30,0,3,3,SR-3/220TH ST,,159,42.73161667,-94.10968611,0,12,8,0,1,1,0,1,1,1,0,1,0,0000000,17,28,17,39,99,99,0,0,0,1,0
19,190136,1,1,0,0,0,2,2,191,0,28,5,2012,2,22,10,1,2,2,US-52,,15,43.10181111,-91.63507778,0,1,0,0,1,1,0,4,2,1,0,1,0,0000000,22,18,22,23,22,52,0,0,0,1,0
19,190137,2,2,0,0,0,2,2,163,2080,29,5,2012,3,2,47,0,14,6,E 53RD ST,,0,41.57484444,-90.52617778,0,12,2,0,1,1,1,1,3,1,0,1,0,0000000,2,51,2,53,88,88,0,0,0,1,1
19,190138,1,1,0,0,0,1,1,139,0,29,5,2012,3,8,6,0,6,4,CR-104TH ST,,0,41.58246667,-91.03675278,0,1,0,0,1,1,0,1,1,1,0,1,0,0000000,88,88,88,88,88,88,0,0,0,1,0
19,190139,1,1,0,0,0,3,3,33,0,12,5,2012,7,3,30,0,6,4,CR-SPRUCE AVE,,0,43.19013333,-93.14165278,0,1,0,0,1,1,0,4,2,1,0,1,0,0000000,3,29,3,40,99,99,0,0,0,1,1
19,190140,1,1,0,0,0,1,1,105,0,1,6,2012,6,11,30,0,6,6,LOWER PARK ROAD,,0,42.09368056,-91.27650556,0,35,0,0,1,1,0,4,1,1,0,1,0,0000000,13,27,13,35,88,88,0,0,0,1,0
19,190141,1,1,0,0,0,1,1,45,0,19,5,2012,7,1,55,0,4,4,CR-E44/115TH ST,410TH AVE,0,42.01215,-90.29596667,0,35,0,0,2,3,0,4,2,1,0,1,0,0000000,2,0,2,11,88,88,0,0,0,1,1
19,190142,2,2,0,0,0,7,7,155,0,3,6,2012,1,9,0,1,1,1,I-29,,189,41.37106111,-95.89950278,0,12,7,0,1,1,0,1,1,1,0,1,0,0000000,9,6,9,16,10,2,0,0,0,2,1
19,190143,2,2,0,0,0,3,3,41,0,5,6,2012,3,12,20,1,13,2,US-18,,122,43.17498333,-95.14813611,0,12,1,0,1,1,1,1,1,1,0,1,0,0000000,12,22,12,26,12,50,0,0,0,1,0
19,190144,2,2,0,0,0,2,2,25,0,9,6,2012,7,21,40,0,4,4,CR-N57/TWIN LAKES RD,,0,42.49139167,-94.61947222,0,12,1,0,1,1,0,1,2,1,0,1,0,0000000,21,41,21,51,22,26,0,0,0,1,2
19,190145,1,1,0,0,0,1,1,87,0,10,6,2012,1,20,30,0,4,4,CR-H46/OAKLAND MILLS RD,,0,40.93877778,-91.58194722,0,35,0,0,1,1,0,4,1,1,0,1,0,0000000,20,11,20,16,20,25,0,0,0,1,1
19,190146,2,2,0,0,0,3,3,41,7940,11,6,2012,2,17,20,1,13,2,US-71,US-18,120,43.18386111,-95.15012778,0,12,6,0,2,2,1,1,1,1,0,1,0,0000000,17,14,17,23,17,41,0,0,0,1,0
19,190147,2,2,0,0,0,2,2,181,0,14,6,2012,5,14,46,1,2,2,US-65,CR-G72/TYLER ST,3,41.20470556,-93.50141667,0,12,6,0,2,2,0,1,1,1,0,1,0,0000000,15,2,15,30,15,59,0,0,0,1,0
19,190148,1,1,0,0,0,1,1,137,0,15,6,2012,6,4,0,0,4,4,CR-O AVE,,0,41.06560833,-95.09902778,0,1,0,0,1,1,0,4,2,2,0,2,0,0000000,4,17,4,32,88,88,0,0,0,1,0
19,190149,2,2,0,0,0,18,18,15,0,16,6,2012,7,15,15,1,2,2,US-30,NOBLE HILLS PL,137,42.03475,-93.89503889,0,12,1,0,2,2,0,1,1,1,0,1,0,0000000,15,24,15,49,16,20,0,0,0,2,0
19,190150,1,1,0,0,0,1,1,31,0,16,6,2012,7,22,31,0,4,4,CR-X54,,0,41.62740833,-91.10323056,0,43,0,0,1,1,0,4,2,1,0,1,0,0000000,88,88,88,88,88,88,0,0,0,1,1