STATE,ST_CASE,VE_TOTAL,VE_FORMS,PVH_INVL,PEDS,PERNOTMVIT,PERMVIT,PERSONS,COUNTY,CITY,DAY,MONTH,YEAR,DAY_WEEK,HOUR,MINUTE,NHS,ROAD_FNC,ROUTE,TWAY_ID,TWAY_ID2,MILEPT,LATITUDE,LONGITUD,SP_JUR,HARM_EV,MAN_COLL,RELJCT1,RELJCT2,TYP_INT,WRK_ZONE,REL_ROAD,LGT_COND,WEATHER1,WEATHER2,WEATHER,SCH_BUS,RAIL,NOT_HOUR,NOT_MIN,ARR_HOUR,ARR_MIN,HOSP_HR,HOSP_MN,CF1,CF2,CF3,FATALS,DRUNK_DR
19,190151,1,1,0,0,0,1,1,187,0,16,6,2012,7,19,0,0,4,4,CR-P19,,0,42.62753333,-94.14953611,0,1,0,0,1,1,0,4,1,1,0,1,0,0000000,19,0,19,17,88,88,0,0,0,1,0
19,190152,3,3,0,0,0,4,4,93,0,18,6,2012,2,13,25,1,2,2,US-20,,83,42.47477778,-95.50497222,0,12,1,0,1,1,1,1,1,1,0,1,0,0000000,13,28,13,35,14,4,0,0,0,2,0
19,190153,1,1,0,0,0,1,1,115,0,7,5,2012,2,10,19,0,4,4,CR-G44X,,0,41.29088333,-91.18309444,0,1,0,0,1,1,0,4,1,1,0,1,0,0000000,88,88,88,88,88,88,0,0,0,1,0
19,190154,2,2,0,0,0,5,5,103,0,20,6,2012,4,19,14,1,2,2,US-6,MAIN ST,94,41.70697222,-91.66318333,0,12,6,0,2,3,0,1,1,1,0,1,0,0000000,19,19,19,23,19,45,0,0,0,1,0
19,190155,1,1,0,0,0,1,1,153,2260,22,6,2012,6,6,8,0,16,6,57TH STREET,COLLEGE AVE,0,41.60764722,-93.69542222,0,42,0,0,2,3,0,4,1,1,0,1,0,0000000,6,8,6,15,6,29,0,0,0,1,1
19,190156,2,2,0,0,0,4,4,87,0,21,6,2012,5,9,35,1,2,2,US-218,CR-J20/SALEM RD,22,40.84650278,-91.56485278,0,12,6,0,2,2,0,1,1,1,0,1,0,0000000,9,35,9,44,88,88,0,0,0,2,0
19,190157,3,3,0,0,0,5,5,103,0,22,6,2012,6,16,4,1,1,1,I-80,,51,41.69508056,-91.72645,0,12,1,0,1,1,0,1,1,1,0,1,0,0000000,88,88,88,88,88,88,0,0,0,1,0
19,190158,2,2,0,0,0,3,3,165,0,24,6,2012,1,16,35,0,3,3,SR-44,,30,41.645825,-95.49444722,0,12,6,0,1,1,0,1,1,1,0,1,0,0000000,16,36,16,42,17,23,0,0,0,2,1
19,190159,2,2,0,0,0,2,2,193,0,26,6,2012,3,7,8,0,4,4,CR-L25,,0,42.5301,-95.85956389,0,12,2,0,1,1,0,1,1,1,0,1,0,0000000,7,8,7,18,7,42,0,0,0,1,0
19,190160,2,2,0,0,0,2,2,113,1340,26,6,2012,3,21,40,0,16,6,6TH STREET SW,,0,41.93956667,-91.6762,0,12,2,0,1,1,0,1,3,1,0,1,0,0000000,21,50,21,51,22,11,0,0,0,1,0
19,190161,2,2,0,0,0,4,4,153,9180,10,6,2012,1,17,0,1,11,1,I-235,,34,41.59331944,-93.71008333,0,12,7,0,1,1,0,1,1,10,0,10,0,0000000,17,0,17,8,17,46,0,0,0,1,1
19,190162,1,1,0,0,0,1,1,15,0,30,6,2012,7,11,55,0,6,4,CR-KEY LANE,,0,42.060475,-93.9582,0,10,0,0,6,1,0,1,1,1,0,1,0,190316G,11,58,12,8,88,88,0,0,0,1,0
19,190163,1,1,0,0,0,1,1,55,0,1,7,2012,1,8,42,0,4,4,CR-272ND ST,,0,42.39361944,-91.13433889,0,1,0,0,1,1,0,4,1,1,0,1,0,0000000,8,45,8,51,88,88,0,0,0,1,0
19,190164,2,2,0,0,0,6,6,155,1900,1,7,2012,1,18,13,1,11,1,I-29,,80,41.23401944,-95.89779444,0,12,2,0,1,1,0,1,1,1,0,1,0,0000000,18,14,18,16,18,54,0,0,0,2,0
19,190165,1,1,0,0,0,1,1,195,0,17,6,2012,1,17,5,1,2,2,US-65,,144,43.46223333,-93.22133056,0,31,0,0,1,1,0,4,1,1,0,1,0,0000000,17,13,17,30,17,48,0,0,0,1,0
19,190166,2,2,0,0,0,2,2,87,0,1,7,2012,1,12,28,1,2,2,US-34,,156,40.945575,-91.47854444,0,12,1,0,1,1,0,1,1,1,0,1,0,0000000,12,29,12,34,88,88,0,0,0,2,0
19,190167,1,1,0,0,0,1,1,145,0,6,7,2012,6,16,52,0,3,3,SR-2,,151,40.74233333,-95.08873889,0,35,0,0,1,1,0,4,1,1,0,1,0,0000000,88,88,88,88,88,88,0,0,0,1,0
19,190168,1,1,0,0,0,1,1,109,0,7,7,2012,7,2,0,0,6,4,CR-100 AVE,,0,43.01259167,-94.26689444,0,35,0,0,1,1,0,4,2,1,0,1,0,0000000,2,12,2,28,88,88,0,0,0,1,0
19,190169,1,1,0,0,0,1,1,113,5290,8,7,2012,1,22,59,0,14,3,SR-100,MENARD LN,48,42.01586111,-91.60845278,0,33,0,0,2,2,0,4,3,1,0,1,0,0000000,23,1,23,5,88,88,0,0,0,1,1
19,190170,2,2,0,0,0,2,2,105,240,9,7,2012,2,14,38,1,13,2,US-151,,61,42.09943056,-91.2672,0,12,2,0,1,1,0,1,1,1,0,1,0,0000000,14,41,14,47,99,99,0,0,0,1,0
19,190171,2,2,0,0,0,2,2,113,0,9,7,2012,2,15,28,0,6,4,CR-HILLS MILL RD,CR-UPPER BOULDER RD,0,42.26759722,-91.45221111,0,12,6,0,2,2,0,1,1,1,0,1,0,0000000,15,30,15,53,88,88,0,0,0,1,0
19,190172,1,1,0,0,0,1,1,127,0,10,7,2012,3,7,8,0,3,3,SR-330,,170,42.03478056,-92.99991944,0,1,0,0,1,1,0,4,1,1,0,1,0,0000000,88,88,88,88,88,88,0,0,0,1,0
19,190173,2,2,0,0,0,8,8,195,0,10,7,2012,3,9,30,0,3,3,SR-9,CR-S28/WHEELERWOOD RD,72,43.28449444,-93.35925278,0,12,6,0,2,2,0,1,1,1,0,1,0,0000000,9,26,9,37,10,0,0,0,0,2,0
19,190174,1,1,0,0,0,1,1,99,0,11,7,2012,4,22,11,0,6,4,CR-W 68TH ST,CR-107TH AVE,0,41.84900278,-93.15458611,0,35,0,0,2,3,0,4,2,1,0,1,0,0000000,88,88,88,88,88,88,0,0,0,1,0
19,190175,1,1,0,0,0,1,1,99,0,14,7,2012,7,0,16,0,6,4,CR-W MAIN ST,,0,41.76588056,-93.28790833,0,30,0,0,1,1,0,4,2,1,0,1,0,0000000,0,28,0,47,1,22,0,0,0,1,1
19,190176,2,2,0,0,0,2,2,61,0,18,7,2012,4,5,45,1,2,2,US-20,,196,42.45996667,-90.77293611,0,12,6,0,1,1,0,1,1,1,0,1,0,0000000,5,47,5,56,6,24,0,0,0,1,0
19,190177,1,1,0,0,0,1,1,85,0,20,7,2012,6,17,0,0,4,4,CR-L20/LOESS HILLS TRL,,0,41.52263889,-95.88527778,0,21,0,0,1,1,0,4,1,1,0,1,0,0000000,17,1,17,7,17,34,0,0,0,1,1
19,190178,1,1,0,0,0,1,1,127,5320,20,7,2012,6,15,19,0,4,4,CR-E NEVADA ST,,0,42.04412222,-92.90570833,0,33,0,0,1,1,0,4,1,1,0,1,0,0000000,15,18,15,21,15,27,0,0,0,1,0
19,190179,1,1,0,0,0,1,1,85,0,21,7,2012,7,14,28,1,1,1,I-29,,214,41.78684167,-96.052825,0,35,0,0,1,1,0,3,1,1,0,1,0,0000000,14,29,14,39,99,96,0,0,0,1,0
19,190180,6,6,0,0,0,6,6,93,0,25,7,2012,4,16,23,1,2,2,US-59,,267,42.54045556,-95.54521944,0,12,1,0,1,1,1,1,1,1,0,1,0,0000000,16,23,16,26,17,10,0,0,0,1,0
19,190181,1,1,0,0,0,1,1,153,0,27,7,2012,6,14,42,0,16,6,S 26TH ST,E P TRUE PKWY,0,41.57049722,-93.7396,0,33,0,0,2,2,0,4,1,1,0,1,0,0000000,14,42,14,45,15,0,0,0,0,1,0
19,190182,1,1,0,0,0,1,1,173,0,30,7,2012,2,17,47,0,6,4,CR-300TH ST,,0,40.61093611,-94.58014444,0,1,0,0,1,1,0,4,1,1,0,1,0,0000000,88,88,88,88,88,88,0,0,0,1,0
19,190183,2,2,0,0,0,2,2,153,2260,30,7,2012,2,5,38,0,13,3,SR-163/E UNIVERSITY AVE,E 25 CT,16,41.60046944,-93.56943056,0,12,6,0,2,2,0,1,4,1,0,1,0,0000000,5,38,5,43,88,88,0,0,0,1,0
19,190184,1,1,0,0,0,1,1,157,0,3,8,2012,6,5,31,1,13,2,US-63,,203,41.76350556,-92.59134722,0,42,0,0,1,1,0,4,2,1,0,1,0,0000000,5,37,5,53,88,88,0,0,0,1,0
19,190185,1,1,0,0,0,1,1,135,0,4,8,2012,7,17,53,0,4,4,CR-S70,270TH,0,40.91365556,-93.05877222,0,35,0,0,2,3,0,4,1,1,0,1,0,0000000,17,53,18,16,19,9,0,0,0,1,1
19,190186,1,1,0,0,0,2,2,113,1340,3,8,2012,6,19,38,0,16,6,29TH AVE SW,12TH ST SW,0,41.948875,-91.686625,0,35,0,0,2,2,0,4,1,1,0,1,0,0000000,19,39,19,43,99,99,0,0,0,1,1
19,190187,2,1,1,1,1,1,1,103,0,2,8,2012,5,3,27,1,1,1,I-80,,98,41.69399722,-91.65569722,0,8,0,0,1,1,0,2,2,1,0,1,0,0000000,88,88,88,88,88,88,0,0,0,1,0
19,190188,1,1,0,1,1,2,2,19,0,5,8,2012,1,21,14,0,16,3,SR-281/100TH ST,,83,42.64209722,-91.91321389,0,8,0,0,1,1,0,1,2,1,0,1,0,0000000,21,14,21,20,21,42,19,0,0,1,0
19,190189,2,2,0,0,0,5,5,179,0,7,8,2012,3,1,14,1,13,2,US-63,,161,41.09281389,-92.42837778,0,12,1,0,1,1,0,1,2,1,0,1,0,0000000,1,15,1,23,99,99,0,0,0,2,0
19,190190,2,2,0,0,0,2,2,21,0,7,8,2012,3,9,18,1,13,3,SR-7,,269,42.5893,-94.92391389,0,12,2,0,1,1,0,1,1,1,0,1,0,0000000,9,19,9,26,88,88,0,0,0,1,0
19,190191,1,1,0,0,0,1,1,29,0,9,8,2012,5,6,50,0,4,4,CR-LANSING,,0,41.34557778,-94.89333056,0,1,0,0,1,1,0,4,2,1,0,1,0,0000000,88,88,88,88,88,88,0,0,0,1,1
19,190192,1,1,0,0,0,1,1,163,790,10,8,2012,6,20,20,0,16,6,FOREST GROVE DRIVE,CRISWELL STREET,0,41.58893056,-90.43551111,0,35,0,0,2,3,0,4,2,1,0,1,0,0000000,20,28,20,30,20,45,0,0,0,1,1
19,190193,2,2,0,0,0,4,4,45,0,3,8,2012,6,11,42,1,2,2,US-67,,255,42.00871667,-90.18393056,0,12,2,0,1,1,0,1,1,1,0,1,0,0000000,88,88,88,88,88,88,0,0,0,3,0
19,190194,2,2,0,0,0,2,2,45,0,15,8,2012,4,20,58,1,2,2,US-30,,206,41.80760278,-90.52429722,0,12,7,0,1,1,0,1,2,1,0,1,0,0000000,88,88,88,88,88,88,0,0,0,1,0
19,190195,1,1,0,0,0,1,1,165,0,15,8,2012,4,99,99,0,4,4,CR-M16,,0,41.86320833,-95.42546111,0,1,0,0,1,1,0,4,2,1,0,1,0,0000000,88,88,88,88,88,88,0,0,0,1,0
19,190196,2,2,0,0,0,2,2,123,0,16,8,2012,5,12,45,0,3,3,SR-92,,20,41.30353333,-92.81931667,0,12,2,0,1,1,0,1,1,1,0,1,0,0000000,12,47,12,57,99,99,0,0,0,1,0
19,190197,1,1,0,0,0,1,1,91,0,18,8,2012,7,18,52,0,3,3,SR-3,SE 2ND ST,1,42.7324,-94.44035,0,42,0,0,2,3,0,4,1,1,0,1,0,0000000,88,88,88,88,88,88,0,0,0,1,0
19,190198,1,1,0,0,0,1,1,13,8790,20,8,2012,2,23,18,0,16,6,DUBUQUE RD,NEVADA ST,0,42.49531944,-92.31465,0,35,0,0,2,2,0,4,6,1,0,1,0,0000000,23,19,23,22,23,36,0,0,0,1,1
19,190199,2,2,0,0,0,2,2,59,0,7,8,2012,3,11,50,0,4,4,CR-A34/220TH ST,240TH AVE,0,43.32796111,-95.11563611,0,12,6,0,2,2,0,1,1,1,0,1,0,0000000,0,52,0,58,99,99,0,0,0,1,0
19,190200,2,2,0,0,0,3,3,139,5930,19,8,2012,1,17,44,1,13,2,US-61,,65,41.38523889,-91.10136944,0,54,11,0,1,1,0,1,1,10,0,10,0,0000000,17,48,18,0,18,18,14,0,0,1,0
19,190201,1,1,0,0,0,2,2,129,0,20,8,2012,2,22,49,1,2,2,US-34,288TH ST,162,41.03118056,-95.63471111,0,35,0,0,2,2,0,4,2,1,0,1,0,0000000,22,46,23,4,23,44,0,0,0,1,1
19,190202,1,1,0,0,0,4,4,157,0,20,8,2012,2,6,40,1,1,1,I-80,,231,41.69572222,-92.30788611,0,1,0,0,1,1,0,4,1,1,0,1,0,0000000,6,43,6,58,99,99,0,0,0,1,0
19,190203,1,1,0,0,0,1,1,85,0,22,8,2012,4,18,27,0,6,4,CR-L020/LOESS HILLS TRL,,0,41.52263889,-95.88527778,0,25,0,0,1,1,0,4,1,1,0,1,0,0000000,18,33,18,51,19,18,0,0,0,1,0
19,190204,2,2,0,1,1,3,3,99,0,8,8,2012,4,13,5,1,1,1,I-80,,15,41.68180556,-93.310375,0,8,0,0,1,1,0,1,1,1,0,1,0,0000000,88,88,88,88,88,88,0,0,0,1,0
19,190205,3,3,0,0,0,3,3,27,0,22,8,2012,4,10,10,1,2,2,US-30,,7,42.074825,-95.0753,0,12,2,0,1,1,0,1,1,1,0,1,0,0000000,9,55,10,8,10,32,0,0,0,1,1
19,190206,1,1,0,1,1,1,1,155,1900,23,8,2012,5,7,25,0,16,6,EAGLE RIDGE DR,GREENVIEW DR,0,41.24037778,-95.812525,0,8,0,0,2,2,0,1,1,1,0,1,0,0000000,88,88,88,88,88,88,0,0,0,1,0
19,190207,2,2,0,0,0,4,4,103,0,24,8,2012,6,21,50,0,3,3,SR-1,,20,41.54584722,-91.71301667,0,12,6,0,8,1,0,1,2,1,0,1,0,0000000,21,58,22,11,22,38,0,0,0,1,0
19,190208,2,1,1,3,3,3,3,183,0,6,8,2012,2,10,8,0,6,5,9TH ST.,C AVE,0,41.48383611,-91.70106667,0,8,0,0,2,3,0,4,1,1,0,1,0,0000000,10,10,10,23,99,99,0,0,0,1,0
19,190209,2,2,0,0,0,5,5,5,0,26,8,2012,1,13,9,0,3,3,SR-76,,142,43.19554444,-91.38039167,0,12,2,0,1,1,0,1,1,1,0,1,0,0000000,13,12,13,21,13,51,0,0,0,1,0
19,190210,1,1,0,0,0,1,1,155,0,26,8,2012,1,12,50,0,6,4,CR-205TH ST,,0,41.31648056,-95.78730278,0,1,0,0,1,1,0,4,1,1,0,1,0,0000000,12,51,13,5,13,35,0,0,0,1,0
19,190211,1,1,0,1,1,1,1,197,0,27,8,2012,2,23,0,0,4,4,CR-R35/JACKSON AVE,,0,42.89899722,-93.79309722,0,8,0,0,1,1,0,1,2,1,0,1,0,0000000,23,4,23,14,88,88,0,0,0,1,1
19,190212,1,1,0,0,0,1,1,55,0,30,8,2012,5,10,20,0,6,4,CR-210TH ST,,0,42.48363333,-91.53816389,0,1,0,0,1,1,0,4,1,1,0,1,0,0000000,10,21,10,32,11,15,0,0,0,1,0
19,190213,2,2,0,0,0,3,3,127,0,31,8,2012,6,7,46,0,3,3,SR-14/ REED AVE,,80,41.9818,-92.91603056,0,12,2,0,1,1,0,1,1,1,0,1,0,0000000,7,45,7,50,8,22,0,0,0,1,0
19,190214,1,1,0,0,0,1,1,29,0,31,8,2012,6,10,7,1,1,1,I-80,,215,41.49680278,-94.72456389,0,35,0,0,1,1,0,3,1,1,0,1,0,0000000,88,88,88,88,88,88,0,0,0,1,0
19,190215,1,1,0,0,0,1,1,43,0,31,8,2012,6,20,45,0,4,4,CR-X21/LITTLEPORT RD,,0,42.73488889,-91.38500833,0,11,0,0,1,1,0,1,2,1,0,1,0,0000000,20,45,20,57,21,34,0,0,0,1,0
19,190216,2,2,0,0,0,5,5,183,0,31,8,2012,6,21,43,0,3,3,SR-22,4TH ST,199,41.48236111,-91.57581944,0,12,6,0,2,2,0,1,3,1,0,1,0,0000000,21,43,22,1,22,21,0,0,0,1,0
19,190217,2,2,0,0,0,2,2,193,7850,31,8,2012,6,7,7,0,14,6,IOWA ST,4TH ST,0,42.49424444,-96.39494167,0,12,1,0,2,2,0,1,4,1,0,1,0,0000000,7,9,7,11,88,88,0,0,0,1,0
19,190218,1,1,0,0,0,1,1,43,0,26,8,2012,1,0,26,0,4,4,CR-C17/CLAYTON RD,,0,42.89169444,-91.18608611,0,35,0,0,1,1,0,4,2,2,0,2,0,0000000,88,88,88,88,88,88,0,0,0,1,1
19,190219,1,1,0,1,1,1,1,107,0,2,9,2012,1,21,20,0,6,4,CR-W WASHINGTON ST.,,0,41.39831111,-92.35792222,0,8,0,0,1,1,0,1,3,1,0,1,0,0000000,21,23,21,27,88,88,0,0,0,1,0
19,190220,2,2,0,0,0,2,2,195,0,2,9,2012,1,22,50,0,4,4,CR-A39,,0,43.32764722,-93.23673056,0,12,1,0,1,1,0,1,1,1,0,1,0,0000000,23,6,23,25,99,99,0,0,0,1,0
19,190221,1,1,0,0,0,1,1,117,0,4,9,2012,3,6,52,0,4,4,CR-S56,,0,40.94661944,-93.17388611,0,1,0,0,1,1,0,4,1,1,0,1,0,0000000,7,0,7,12,88,88,0,0,0,1,0
19,190222,2,2,0,0,0,2,2,17,0,5,9,2012,4,19,9,1,2,2,US-63,,113,42.81712222,-92.33743056,0,12,2,0,1,1,0,1,1,1,0,1,0,0000000,88,88,88,88,88,88,0,0,0,1,0
19,190223,1,1,0,0,0,1,1,155,0,8,9,2012,7,18,25,0,4,4,CR-L34,CR-G20/SUMAC RD.,0,41.43314167,-95.75142222,0,35,0,0,1,1,0,4,1,1,0,1,0,0000000,18,27,18,49,19,2,0,0,0,1,1
19,190224,1,1,0,0,0,5,5,143,0,9,9,2012,1,20,30,1,2,2,US-60,,93,43.38072222,-95.749525,0,1,0,0,1,1,0,4,2,1,0,1,0,0000000,20,50,20,55,21,18,0,0,0,1,0
19,190225,1,1,0,0,0,1,1,39,0,9,9,2012,1,20,0,0,6,4,CR-WYOMING ST,,0,41.16183056,-93.67250833,0,1,0,0,1,1,0,1,2,1,0,1,0,0000000,88,88,88,88,88,88,0,0,0,1,0
19,190226,1,1,0,0,0,3,3,163,2080,13,9,2012,5,3,2,0,16,6,KIRKWOOD BLVD,,0,41.53476944,-90.54737222,0,21,0,0,1,1,0,4,2,1,0,1,0,0000000,3,5,3,6,3,14,0,0,0,1,0
19,190227,1,1,0,0,0,3,3,61,0,16,9,2012,1,2,36,0,3,3,SR-996,,0,42.47764444,-90.83114722,0,43,0,0,1,1,0,4,2,1,0,1,0,0000000,2,48,2,53,3,14,0,0,0,1,1
19,190228,1,1,0,0,0,5,5,103,4050,16,9,2012,1,3,31,0,16,3,SR-1,,0,41.64405833,-91.55658611,0,1,0,0,1,1,0,1,3,1,0,1,0,0000000,3,35,3,39,88,88,0,0,0,1,1
19,190229,1,1,0,0,0,1,1,103,1830,16,9,2012,1,2,33,1,1,1,I-80,I-380,2,41.69763056,-91.64006389,0,24,0,1,5,1,0,3,3,1,0,1,0,0000000,2,36,2,39,3,1,0,0,0,1,1
19,190230,2,2,0,0,0,3,3,45,0,11,9,2012,3,7,53,0,16,6,13TH AVE N,N 11TH ST,0,41.85936111,-90.21136389,0,12,6,0,2,2,0,1,1,1,0,1,0,0000000,7,54,8,1,8,29,0,0,0,1,0
19,190231,2,2,0,0,0,3,3,43,0,18,9,2012,3,16,42,0,3,3,SR-13,,228,42.8813,-91.37968889,0,12,8,0,1,1,0,1,1,1,0,1,0,0000000,16,42,16,47,17,8,0,0,0,1,0
19,190232,1,1,0,0,0,1,1,49,8820,16,9,2012,1,20,24,0,4,4,CR-R22/ UTE AVE,CR-F68/335TH ST,0,41.55213611,-93.88084444,0,35,0,0,2,3,0,4,2,1,0,1,0,0000000,20,24,20,32,20,59,0,0,0,1,0
19,190233,2,2,0,0,0,2,2,19,0,18,9,2012,3,21,33,0,4,4,CR-V65/BENSON-SHADY GROVE AVE,CR-270TH ST,0,42.39912778,-92.05513056,0,12,6,0,2,2,0,1,2,1,0,1,0,0000000,21,38,21,45,22,19,0,0,0,1,0
19,190234,2,2,0,0,0,2,2,75,0,18,9,2012,3,7,18,0,4,4,CR-D35/215TH ST,,0,42.39159444,-92.58363889,0,12,1,0,1,1,0,1,1,1,0,1,0,0000000,88,88,88,88,88,88,0,0,0,1,0
19,190235,1,1,0,1,1,1,1,15,930,30,8,2012,5,21,9,0,16,6,HAWKEYE DR.,,0,41.65559444,-93.6127,0,8,0,0,1,1,0,1,2,1,0,1,0,0000000,21,22,21,36,22,7,0,0,0,1,0
19,190236,2,2,0,0,0,2,2,153,0,20,9,2012,5,14,3,0,6,4,CR-NE 15TH ST,,0,41.65559444,-93.6127,0,12,6,0,8,1,0,1,1,1,0,1,0,0000000,88,88,88,88,88,88,0,0,0,1,0
19,190237,1,1,0,0,0,1,1,71,0,21,9,2012,6,11,51,0,6,4,CR-DIKE RD,,0,40.66967222,-95.76036944,0,10,0,0,6,1,0,1,1,1,0,1,0,074511P,88,88,88,88,88,88,0,0,0,1,0
19,190238,1,1,0,0,0,1,1,25,0,23,9,2012,1,2,0,0,4,4,CR-D11/165TH ST,,0,42.55293333,-94.70226944,0,1,0,0,1,1,0,4,2,1,0,1,0,0000000,2,7,2,25,88,88,0,0,0,1,0
19,190239,2,1,1,0,0,1,1,103,0,22,9,2012,7,8,5,0,4,4,CR-SUTLIFF RD,,0,41.81227222,-91.47941667,0,14,0,0,1,1,0,4,2,1,0,1,0,0000000,8,5,8,13,88,88,0,0,0,1,0
19,190240,1,1,0,0,0,1,1,75,0,23,9,2012,1,9,1,0,6,4,CR-BUTLER RD,250TH ST,0,42.34030556,-92.55293611,0,20,0,0,1,1,0,4,1,1,0,1,0,0000000,88,88,88,88,88,88,0,0,0,1,1
19,190241,2,2,0,0,0,2,2,127,0,24,9,2012,2,12,23,0,3,3,SR-14,,70,41.96798333,-92.91703056,0,12,2,0,1,1,0,1,1,1,0,1,0,0000000,12,12,12,21,99,99,0,0,0,1,0
19,190242,1,1,0,0,0,1,1,153,8980,26,9,2012,4,5,50,1,11,1,I-35,,53,41.58903611,-93.77744444,0,35,0,0,5,1,0,4,3,1,0,1,0,0000000,5,50,5,58,88,88,0,0,0,1,0
19,190243,1,1,0,0,0,1,1,113,0,28,9,2012,6,8,37,0,6,4,CR-GILLETTE LN,,0,41.92949444,-91.40006389,0,10,0,0,6,1,0,1,1,1,0,1,0,190469K,8,39,8,59,88,88,0,0,0,1,0
19,190244,1,1,0,0,0,2,2,191,0,28,9,2012,6,15,59,1,2,2,US-52,,179,43.22046111,-91.87374444,0,1,0,0,1,1,1,1,1,1,0,1,0,0000000,16,2,16,12,99,99,0,0,0,1,1
19,190245,2,2,0,0,0,2,2,65,0,24,9,2012,2,5,45,0,3,3,SR-93/150TH ST,CR-V68/W AVE,19,42.84751389,-92.04285278,0,12,6,0,2,2,0,1,2,1,0,1,0,0000000,5,46,5,58,6,19,0,0,0,1,0
19,190246,1,1,0,0,0,1,1,129,0,25,9,2012,3,0,47,0,4,4,CR-221ST ST,,0,41.15789167,-95.789375,0,35,0,0,1,1,0,4,2,1,0,1,0,0000000,88,88,88,88,88,88,0,0,0,1,0
19,190247,1,1,0,0,0,1,1,153,280,29,9,2012,7,17,46,0,16,6,NE 29TH STREET,,0,41.75948889,-93.56070278,0,35,0,0,1,1,0,4,1,1,0,1,0,0000000,17,48,17,54,88,88,0,0,0,1,0
19,190248,1,1,0,0,0,1,1,57,0,29,9,2012,7,2,0,0,6,4,CR-SKUNK RIVER RD,,0,40.776775,-91.30906389,0,35,0,0,1,1,0,4,2,1,0,1,0,0000000,2,5,2,24,88,88,0,0,0,1,0
19,190249,2,2,0,0,0,2,2,193,7850,27,9,2012,5,15,13,0,16,6,CORRECTIONVILLE RD,,0,42.49009444,-96.36007778,0,12,6,0,4,1,0,1,1,1,0,1,0,0000000,15,14,15,18,88,88,0,0,0,1,0
19,190250,2,2,0,0,0,4,4,117,0,29,9,2012,7,20,55,1,2,2,US-34,,115,41.01449444,-93.34070556,0,12,2,0,1,1,0,1,2,1,0,1,0,0000000,20,55,21,0,21,25,0,0,0,3,0
19,190251,1,1,0,0,0,1,1,179,6490,30,9,2012,1,16,13,0,16,6,E MAIN ST,,0,40.776775,-91.30906389,0,42,0,0,1,1,0,4,1,10,0,10,0,0000000,16,13,16,18,16,31,0,0,0,1,1
19,190252,2,2,0,0,0,3,3,43,0,1,10,2012,2,11,9,0,3,3,SR-13,,146,42.78842778,-91.44781667,0,12,2,0,1,1,0,1,1,1,0,1,0,0000000,11,10,11,25,11,54,0,0,0,1,0
19,190253,1,1,0,1,1,3,3,171,0,1,10,2012,2,16,50,0,6,4,CR-13TH ST,,0,41.97105,-92.59091389,0,8,0,0,1,1,0,1,1,1,0,1,0,0000000,16,51,16,57,17,25,0,0,0,1,0
19,190254,2,2,0,0,0,2,2,153,0,2,10,2012,3,0,58,1,1,1,I-80,,159,41.64966389,-93.64307222,0,12,2,0,1,1,0,1,2,1,0,1,0,0000000,88,88,88,88,88,88,0,0,0,2,1
19,190255,1,1,0,0,0,1,1,149,0,2,10,2012,3,5,20,1,2,2,US-74,,134,42.73907778,-96.216575,0,35,0,0,1,1,0,4,2,1,0,1,0,0000000,5,30,5,41,6,8,0,0,0,1,0
19,190256,1,1,0,0,0,1,1,45,0,2,10,2012,3,18,45,0,4,4,CR-292ND ST,,0,41.75174167,-90.39193889,0,35,0,0,1,1,0,4,5,1,0,1,0,0000000,88,88,88,88,88,88,0,0,0,1,1
19,190257,1,1,0,0,0,1,1,149,0,3,10,2012,4,14,22,0,3,3,SR-3,,370,42.808425,-95.99241389,0,1,0,0,1,1,0,4,1,6,0,6,0,0000000,14,36,14,41,14,57,0,0,0,1,0
19,190258,1,1,0,0,0,1,1,63,0,3,10,2012,4,11,10,0,4,4,CR-A17/130TH ST,460TH AVE,0,43.459375,-94.67848333,0,1,0,0,2,2,0,4,1,6,1,6,0,0000000,11,14,11,29,11,43,0,0,0,1,0
19,190259,1,1,0,1,1,1,1,153,2260,4,10,2012,5,20,20,0,16,6,FRANKLIN AVE,MARTIN LUTHER KING PKWY,0,41.61136389,-93.64501667,0,8,0,0,2,2,0,1,3,1,0,1,0,0000000,88,88,88,88,88,88,0,0,0,1,0
19,190260,1,1,0,0,0,1,1,181,0,12,10,2012,6,16,57,0,6,4,CR-TYLER ST,,0,41.20541944,-93.62596667,0,35,0,0,1,1,0,4,1,1,0,1,0,0000000,88,88,88,88,88,88,0,0,0,1,0
19,190261,2,2,0,0,0,2,2,167,0,12,10,2012,6,6,18,1,2,2,US-75,CR-B30/370TH ST,140,43.11334444,-96.17595833,0,12,6,0,2,2,0,1,2,1,0,1,0,0000000,6,24,6,31,88,88,0,0,0,1,0
19,190262,1,1,0,0,0,1,1,87,0,12,10,2012,6,15,25,1,2,2,US-34,,16,40.97595,-91.68965278,0,1,0,0,1,1,0,4,1,1,0,1,0,0000000,15,24,15,32,15,50,0,0,0,1,1
19,190263,2,2,0,0,0,2,2,65,0,12,10,2012,6,7,20,0,6,4,CR-50TH ST,CR-N AVE,0,42.70178333,-91.86379167,0,12,6,0,2,2,0,1,1,1,0,1,0,0000000,7,21,7,31,7,50,0,0,0,1,0
19,190264,2,2,0,0,0,2,2,113,0,3,10,2012,4,11,28,0,3,3,SR-13,CR-E28/BURNET STATION RD,157,42.15231667,-91.54978333,0,12,6,0,2,2,0,1,1,1,0,1,0,0000000,11,30,11,39,88,88,0,0,0,1,0
19,190265,1,1,0,0,0,2,2,155,1900,13,10,2012,7,16,47,0,16,6,AVE F,,0,41.26706111,-95.86812222,0,33,0,0,1,1,0,4,1,1,0,1,0,0000000,16,53,16,59,17,23,0,0,0,1,1