STATE,ST_CASE,VE_TOTAL,VE_FORMS,PVH_INVL,PEDS,PERNOTMVIT,PERMVIT,PERSONS,COUNTY,CITY,DAY,MONTH,YEAR,DAY_WEEK,HOUR,MINUTE,NHS,ROAD_FNC,ROUTE,TWAY_ID,TWAY_ID2,MILEPT,LATITUDE,LONGITUD,SP_JUR,HARM_EV,MAN_COLL,RELJCT1,RELJCT2,TYP_INT,WRK_ZONE,REL_ROAD,LGT_COND,WEATHER1,WEATHER2,WEATHER,SCH_BUS,RAIL,NOT_HOUR,NOT_MIN,ARR_HOUR,ARR_MIN,HOSP_HR,HOSP_MN,CF1,CF2,CF3,FATALS,DRUNK_DR
19,190266,1,1,0,1,1,2,2,193,7850,22,9,2012,7,0,55,0,16,6,FLOYD BLVD.,12TH STREET,0,42.50298333,-96.393525,0,8,0,0,2,3,0,1,2,1,0,1,0,0000000,0,59,1,1,1,20,0,0,0,1,0
19,190267,1,1,0,0,0,2,2,127,0,11,10,2012,5,22,28,1,2,2,US-30,,79,42.00368056,-92.88000556,0,58,0,0,1,1,0,4,2,1,0,1,0,0000000,22,58,23,43,0,23,0,0,0,1,1
19,190268,1,1,0,0,0,1,1,85,0,14,10,2012,1,12,0,0,6,4,CR-125TH STREET,,0,41.82498056,-96.05828333,0,10,0,0,6,1,0,1,1,1,0,1,0,191223R,12,6,12,17,99,99,0,0,0,1,0
19,190269,2,2,0,0,0,2,2,183,0,15,10,2012,2,11,36,0,4,4,CR-G26/190TH AVE,,0,41.38033889,-91.80991389,0,12,2,0,4,1,0,1,1,1,0,1,0,0000000,11,59,12,12,12,43,0,0,0,1,0
19,190270,2,2,0,0,0,2,2,13,1330,15,10,2012,2,16,12,0,13,3,SR-58,VIKING RD,243,42.48403333,-92.44570278,0,12,6,0,2,2,0,1,1,1,0,1,0,0000000,16,12,16,17,88,88,0,0,0,1,0
19,190271,2,2,0,0,0,2,2,111,4250,19,10,2012,6,21,33,1,2,2,US-61,,49,40.447875,-91.44175833,0,12,2,0,1,1,0,1,2,1,0,1,0,0000000,21,36,21,39,88,88,0,0,0,1,0
19,190272,1,1,0,0,0,1,1,63,0,21,10,2012,1,19,45,0,6,4,CR-RAILROAD ST/495TH ST,CR-130TH ST,0,43.459525,-94.60918889,0,1,0,0,2,3,0,4,2,1,0,1,0,0000000,88,88,88,88,88,88,0,0,0,1,1
19,190273,1,1,0,0,0,2,2,129,0,29,10,2012,2,14,55,1,1,1,I-29,,73,41.01003333,-95.80927222,0,1,0,0,1,1,0,4,1,1,0,1,0,0000000,14,59,15,29,15,44,0,0,0,1,0
19,190274,2,2,0,0,0,4,4,13,0,31,10,2012,4,14,6,0,3,3,SR-281/N CANFIELD RD,CR-C57/E CEDAR-WAPSI RD,125,42.61340278,-92.16043056,0,12,6,0,2,2,0,1,1,1,0,1,0,0000000,14,7,14,14,14,44,0,0,0,1,0
19,190275,1,1,0,1,1,1,1,49,6670,30,10,2012,3,7,5,0,16,6,WILLIS AVE,1ST AVE,0,41.83848889,-94.10658889,0,8,0,0,2,2,0,1,3,1,0,1,0,0000000,6,59,7,3,7,25,0,0,0,1,0
19,190276,1,1,0,0,0,1,1,25,0,31,10,2012,4,23,15,0,4,4,CR-D15/190TH ST,,0,42.51667778,-94.69553889,0,35,0,0,1,1,0,4,2,1,0,1,0,0000000,23,23,23,33,88,88,0,0,0,1,0
19,190277,1,1,0,0,0,1,1,141,0,1,11,2012,5,1,0,0,6,4,CR-400TH ST,,0,43.069325,-95.57626667,0,1,0,0,1,1,0,4,2,1,0,1,0,0000000,88,88,88,88,88,88,0,0,0,1,1
19,190278,1,1,0,0,0,6,6,127,5320,1,11,2012,5,1,49,0,16,6,E STATE STREET,,0,42.05042778,-92.89279444,0,1,0,0,1,1,0,4,3,1,0,1,0,0000000,1,48,1,52,1,58,0,0,0,2,1
19,190279,1,1,0,0,0,1,1,93,0,3,11,2012,7,2,31,0,6,4,CR-150TH ST,,0,42.48935,-95.58465278,0,30,0,0,1,1,0,4,2,1,0,1,0,0000000,2,31,2,40,3,3,0,0,0,1,0
19,190280,2,2,0,0,0,2,2,117,0,8,11,2012,5,12,54,0,3,3,SR-14,,154,41.10844167,-93.25273611,0,12,7,0,1,1,0,1,1,1,0,1,0,0000000,12,59,13,5,88,88,0,0,0,1,0
19,190281,2,2,0,0,0,2,2,15,0,9,11,2012,6,13,15,0,4,4,CR-R21/NATURE RD,,0,42.11749444,-93.89823889,0,12,2,0,1,1,0,1,1,10,0,10,0,0000000,13,17,13,24,99,99,0,0,0,1,0
19,190282,2,2,0,0,0,2,2,153,2260,10,11,2012,7,15,21,0,13,3,SR-28/MERLE HAY RD,MEREDITH DR,98,41.643925,-93.69769722,0,12,6,0,2,2,0,1,1,1,0,1,0,0000000,15,21,15,25,15,45,0,0,0,1,0
19,190283,1,1,0,0,0,3,3,149,0,10,11,2012,7,14,30,0,6,4,CR-POLK AVE,,0,42.79776667,-96.01725833,0,1,0,0,1,1,0,2,1,1,0,1,0,0000000,14,40,14,49,14,59,0,0,0,1,0
19,190284,3,3,0,0,0,3,3,111,0,10,11,2012,7,18,21,1,2,2,US-61,,312,40.71904722,-91.22596111,0,12,6,0,4,1,0,1,2,10,0,10,0,0000000,18,22,18,31,99,99,0,0,0,1,0
19,190285,1,1,0,0,0,1,1,79,0,10,11,2012,7,2,20,0,4,4,CR-R27/FISHER AVE,,0,42.50227778,-93.85334444,0,1,0,0,1,1,0,4,2,1,0,1,0,0000000,88,88,88,88,88,88,0,0,0,1,1
19,190286,2,2,0,0,0,4,4,43,0,11,11,2012,1,15,11,1,2,2,US-52,,206,42.87301944,-91.23856944,0,12,2,0,1,1,0,1,1,10,2,2,0,0000000,15,15,15,30,99,99,0,0,0,1,0
19,190287,2,1,1,0,1,1,2,113,1340,12,11,2012,2,7,0,1,2,2,US-30,,52,41.94423889,-91.73838611,0,14,0,0,1,1,0,4,1,1,0,1,0,0000000,7,10,7,18,7,33,0,0,0,1,0
19,190288,1,1,0,0,0,1,1,193,0,12,11,2012,2,6,30,0,6,4,CR-280TH ST,,0,42.30106667,-96.22263056,0,1,0,0,1,1,0,4,2,1,0,1,0,0000000,6,57,7,12,7,31,0,0,0,1,0
19,190289,2,2,0,0,0,2,2,163,2080,15,11,2012,5,15,2,0,3,3,SR-22/ROCKINGHAM RD,WAPELLO AVE,85,41.49543056,-90.64836944,0,12,6,0,2,2,0,1,1,1,0,1,0,0000000,88,88,88,88,88,88,0,0,0,1,0
19,190290,1,1,0,0,0,2,2,39,0,16,11,2012,6,5,30,0,6,4,CR-MAIMI ST,,0,41.08150833,-93.64692222,0,42,0,0,1,1,0,4,2,1,0,1,0,0000000,6,31,7,3,7,44,0,0,0,1,0
19,190291,1,1,0,0,0,1,1,163,0,17,11,2012,7,1,0,0,4,4,CR-Y40/112 ST,,0,41.46909444,-90.76339722,0,42,0,0,1,1,0,4,3,1,0,1,0,0000000,1,5,1,11,88,88,0,0,0,1,0
19,190292,2,2,0,0,0,4,4,27,0,17,11,2012,7,10,30,1,2,2,US-30,HAWTHORNE AVE,70,42.07870278,-94.95605833,0,12,2,0,2,2,0,1,1,1,0,1,0,0000000,10,30,10,38,10,56,0,0,0,1,0
19,190293,3,3,0,0,0,3,3,113,1340,18,11,2012,1,3,20,1,11,1,I-380,,10,41.879525,-91.67042778,0,12,2,0,1,1,0,1,2,1,0,1,0,0000000,3,32,3,45,4,18,0,0,0,1,1
19,190294,1,1,0,0,0,1,1,101,0,22,11,2012,5,2,34,0,4,4,CR-PLEASANT PLAIN RD,,0,41.14133889,-91.859525,0,1,0,0,1,1,0,4,2,1,0,1,0,0000000,88,88,88,88,88,88,0,0,0,1,0
19,190295,2,2,0,0,0,2,2,113,1340,22,11,2012,5,14,44,0,16,6,EDGEWOOD RD SW,,0,41.89723611,-91.71508333,0,12,2,0,1,1,0,1,1,10,0,10,0,0000000,14,44,14,50,15,24,0,0,0,1,0
19,190296,2,2,0,0,0,4,4,47,0,22,11,2012,5,23,30,0,6,4,CR-330TH ST,,0,42.07583056,-95.22679167,0,12,2,0,1,1,0,1,2,10,0,10,0,0000000,0,38,0,50,1,24,18,0,0,1,0
19,190297,1,1,0,0,0,2,2,3,0,23,11,2012,6,7,56,0,6,4,CR-190TH ST,,0,41.02888611,-94.59036111,0,1,0,0,1,1,0,4,1,1,0,1,0,0000000,7,58,8,14,8,53,0,0,0,1,0
19,190298,1,1,0,0,0,1,1,195,0,24,11,2012,7,7,26,0,6,4,CR-MARKS HILL RD,LILAC AVE,0,43.46605278,-93.27088889,0,1,0,0,2,3,0,4,2,1,0,1,0,0000000,7,35,8,3,88,88,0,0,0,1,1
19,190299,1,1,0,0,0,1,1,65,0,19,12,2012,4,11,20,0,3,3,SR-3,,140,42.679925,-91.84750278,0,35,0,0,1,1,0,4,1,10,0,10,0,0000000,11,20,11,23,11,46,0,0,0,1,0
19,190300,1,1,0,0,0,2,2,169,0,24,11,2012,7,99,99,0,6,4,CR-320TH STREET,,0,41.8922,-93.52336389,0,1,0,0,1,1,0,4,1,1,0,1,0,0000000,9,33,9,46,10,14,0,0,0,1,0
19,190301,1,1,0,0,0,1,1,155,1900,24,11,2012,7,3,31,1,11,1,I-29,,80,41.2352,-95.89816111,0,30,0,1,5,1,0,4,3,1,0,1,0,0000000,3,32,3,42,88,88,0,0,0,1,1
19,190302,2,2,0,0,0,7,7,113,1340,25,11,2012,1,14,29,0,16,6,16TH AVE SW,11TH STREET SW,0,41.96186111,-91.68343889,0,12,6,0,2,2,0,1,1,1,0,1,0,0000000,14,30,14,35,14,47,0,0,0,1,0
19,190303,1,1,0,0,0,1,1,11,0,16,11,2012,6,15,27,1,1,1,I-380,,70,42.28223611,-91.94124722,0,35,0,0,1,1,0,4,1,1,0,1,0,0000000,88,88,88,88,88,88,0,0,0,1,0
19,190304,2,2,0,0,0,7,7,55,0,17,11,2012,7,13,39,0,4,4,CR-D47/300TH STREET,CR-W69/140TH AVE,0,42.35447222,-91.51995278,0,12,6,0,2,2,0,1,1,1,0,1,0,0000000,13,41,13,53,99,99,0,0,0,1,0
19,190305,2,2,0,0,0,2,2,101,0,20,11,2012,3,15,25,1,2,2,US-34,,22,41.00276389,-92.13790278,0,12,1,0,1,1,0,1,1,1,0,1,0,0000000,15,20,15,33,16,24,0,0,0,1,0
19,190306,1,1,0,0,0,2,2,137,0,21,11,2012,4,19,15,1,2,2,US-34,,162,40.98611944,-95.08654167,0,11,0,0,1,1,0,1,2,1,0,1,0,0000000,19,19,19,30,99,99,0,0,0,1,0
19,190307,2,2,0,0,0,2,2,153,2260,26,11,2012,2,19,4,0,16,3,SR-28/5,,8,41.52361944,-93.69667778,0,12,6,0,1,1,0,1,2,1,0,1,0,0000000,19,9,19,16,20,2,0,0,0,1,1
19,190308,1,1,0,0,0,1,1,9,0,29,11,2012,5,16,27,0,6,4,CR-290TH ST,,0,41.59075833,-94.75333889,0,1,0,0,1,1,0,4,1,1,0,1,0,0000000,16,29,16,45,17,11,0,0,0,1,0
19,190309,2,2,0,0,0,14,14,127,5320,29,11,2012,5,14,36,0,16,6,LINCOLNWAY,HIGHLAND ACRES,0,42.03347778,-92.96047778,0,12,6,0,2,2,0,1,1,1,0,1,0,0000000,14,49,14,54,15,17,0,0,0,1,0
19,190310,2,2,0,0,0,2,2,91,0,30,11,2012,6,12,24,0,4,4,CR-C54,CR-P66,0,42.65920278,-94.04968056,0,12,6,0,2,2,0,1,1,1,0,1,0,0000000,12,26,12,38,99,99,0,0,0,1,1
19,190311,1,1,0,0,0,1,1,153,2260,1,12,2012,7,5,49,0,16,3,SR-28/5,,8,41.52444722,-93.69706944,0,35,0,0,1,1,0,4,2,10,0,10,0,0000000,5,52,5,59,6,0,0,0,0,1,1
19,190312,1,1,0,0,0,3,3,17,0,4,12,2012,3,6,41,0,4,4,CR-V56/VIKING AVE,,0,42.76973889,-92.14094722,0,1,0,0,1,1,0,1,2,1,0,1,0,0000000,6,45,6,55,7,16,0,0,0,1,0
19,190313,1,1,0,0,0,1,1,77,0,5,12,2012,4,18,15,0,6,4,CR-NICE AVE,,0,41.85248056,-94.49289722,0,35,0,0,1,1,0,4,2,1,0,1,0,0000000,88,88,88,88,88,88,0,0,0,1,1
19,190314,1,1,0,0,0,1,1,99,0,7,12,2012,6,12,30,0,4,4,CR-T14,,0,41.53278333,-92.91991667,0,35,0,0,1,1,0,4,1,10,0,10,0,0000000,12,18,12,38,13,6,0,0,0,1,0
19,190315,1,1,0,0,0,1,1,27,0,10,12,2012,2,16,49,1,2,2,US-30,,64,42.07871111,-94.9603,0,30,0,0,1,1,0,4,5,1,0,1,0,0000000,16,50,16,57,17,21,0,0,0,1,0
19,190316,1,1,0,0,0,1,1,5,0,15,12,2012,7,3,5,0,3,3,SR-9,,228,43.36326389,-91.26066667,0,35,0,0,1,1,0,4,2,10,0,10,0,0000000,88,88,88,88,88,88,0,0,0,1,1
19,190317,1,1,0,0,0,1,1,83,0,24,10,2012,4,8,45,0,6,4,CR-JJ AVE,,0,42.29406944,-93.3,0,35,0,0,1,1,0,4,1,1,0,1,0,0000000,88,88,88,88,88,88,0,0,0,1,0
19,190318,1,1,0,0,0,1,1,185,0,2,12,2012,1,19,13,0,16,4,CR-IDAHO ST,,0,40.69573611,-93.40782222,0,35,0,0,1,1,0,4,2,5,0,5,0,0000000,19,16,19,28,88,88,0,0,0,1,0
19,190319,2,2,0,0,0,2,2,147,0,3,12,2012,2,6,6,0,3,3,SR-4,390TH ST,109,43.08314444,-94.67893889,0,12,6,0,2,2,0,1,3,2,0,2,0,0000000,6,8,6,16,88,88,0,0,0,1,0
19,190320,1,1,0,1,1,1,1,125,6650,6,12,2012,5,18,16,0,16,6,UNIVERSITY ST,,0,41.40018333,-92.91930556,0,8,0,0,1,1,0,1,3,2,0,2,0,0000000,18,16,18,21,18,33,0,0,0,1,0
19,190321,1,1,0,0,0,2,2,179,0,11,12,2012,3,3,27,0,4,4,CR-H17/165RH ST,CR-V43/COMPETINE RD,0,41.12671389,-92.22788889,0,24,0,0,2,3,0,4,2,1,0,1,0,0000000,3,51,4,6,5,2,0,0,0,1,1
19,190322,2,2,0,0,0,2,2,69,0,11,12,2012,3,16,0,0,4,4,CR-S43/OLIVE AVE,CR-C26/190TH ST,0,42.80329167,-93.22181944,0,12,6,0,2,2,0,1,1,1,0,1,0,0000000,15,53,16,4,16,20,0,0,0,1,0
19,190323,1,1,0,0,0,3,3,101,0,12,12,2012,4,22,20,0,3,3,SR-904,,74,41.00655556,-92.04396111,0,30,0,0,1,1,0,4,3,1,0,1,0,0000000,22,33,22,37,22,55,0,0,0,3,1
19,190324,1,1,0,0,0,1,1,181,0,19,12,2012,4,17,0,1,1,1,I-35,,82,41.28081944,-93.77884722,0,1,0,0,1,1,0,4,5,3,0,3,0,0000000,17,3,17,23,99,99,0,0,0,1,0
19,190325,15,15,0,0,0,24,24,197,0,20,12,2012,5,9,12,1,1,1,I-35,,1,42.55892222,-93.56416944,0,12,6,0,1,1,0,1,1,11,6,11,0,0000000,9,15,9,41,10,40,0,0,0,2,0
19,190326,2,1,1,0,0,1,1,155,0,21,12,2012,6,5,20,1,11,1,I-80,,116,41.32201667,-95.75165833,0,14,0,0,1,1,0,3,2,10,0,10,0,0000000,88,88,88,88,88,88,0,0,0,1,0
19,190327,2,2,0,0,0,4,4,187,0,21,12,2012,6,18,35,0,4,4,CR-P56,,0,42.57499167,-94.17818056,0,12,2,0,1,1,0,1,2,1,0,1,0,0000000,18,45,18,57,19,18,0,0,0,2,0
19,190328,1,1,0,0,0,5,5,111,0,21,12,2012,6,13,11,0,6,4,CR-310TH STREET,CR-260TH AVE,0,40.50837778,-91.41458889,0,30,0,0,2,3,0,4,1,1,0,1,0,0000000,88,88,88,88,88,88,0,0,0,1,0
19,190329,2,2,0,0,0,3,3,103,0,30,12,2012,1,5,33,0,3,3,SR-22,UTAH AVE,34,41.49636389,-91.44482778,0,12,2,0,2,2,0,1,2,1,0,1,0,0000000,5,37,5,48,6,15,0,0,0,1,0
19,190330,1,1,0,0,0,1,1,147,8940,26,12,2012,4,14,10,0,16,6,2ND ST S,,0,42.95868889,-94.45036111,0,30,0,0,1,1,0,4,1,10,0,10,0,0000000,88,88,88,88,88,88,0,0,0,1,0
19,190331,1,1,0,1,1,1,1,33,5370,17,12,2012,2,20,32,0,16,6,6TH ST SE,S MISSISSIPPI AVE,0,43.146175,-93.17261111,0,8,0,0,2,2,0,1,2,10,0,10,0,0000000,20,34,20,40,99,99,0,0,0,1,0
19,190332,1,1,0,0,0,1,1,187,0,29,12,2012,7,19,45,1,2,2,US-169/175,NELSON AVE,58,42.26786944,-94.14514722,0,48,0,0,2,2,0,1,2,1,0,1,0,0000000,19,37,19,51,88,88,0,0,0,1,0
19,190333,1,1,0,0,0,1,1,59,0,19,11,2012,2,9,44,0,6,4,CR-190TH ST,,0,43.37097778,-94.98442222,0,1,0,0,1,1,0,4,1,1,0,1,0,0000000,9,44,9,58,10,29,0,0,0,1,0
20,200001,1,1,0,1,1,1,1,209,2820,1,1,2012,1,1,48,0,14,6,WASHINGTON BLVD,16TH STREET,0,39.11963056,-94.64895556,0,8,0,0,1,1,0,1,2,6,0,6,0,0000000,1,53,1,55,2,7,0,0,0,1,0
20,200002,1,1,0,2,2,1,1,51,2390,3,1,2012,3,18,9,0,15,6,13TH STREET,ASH STREET,0,38.87465,-99.33209444,0,8,0,0,1,1,0,1,3,1,0,1,0,0000000,18,16,18,19,18,43,0,0,0,1,0
20,200003,2,2,0,0,0,6,6,45,0,3,1,2012,3,13,2,0,3,2,US-56,COUNTY RD 5,4224,38.78236944,-95.40742778,0,12,2,0,1,1,0,1,1,1,0,1,0,0000000,13,9,13,24,14,19,0,0,0,1,0
20,200004,2,2,0,0,0,2,2,43,1640,4,1,2012,4,14,45,0,16,3,SR-238,ROSEPORT RD,0,39.74771111,-94.89800556,0,12,6,0,2,2,0,1,1,1,0,1,0,0000000,14,57,15,7,15,25,0,0,0,1,0
20,200005,1,1,0,0,0,1,1,103,0,8,1,2012,1,7,20,0,6,5,175TH STREET,FAIRMOUNT RD,0,39.18643889,-94.98421667,0,23,0,0,3,3,0,4,4,1,0,1,0,0000000,8,11,8,22,88,88,0,0,0,1,1
20,200006,3,3,0,0,0,3,3,79,0,9,1,2012,2,17,10,1,2,2,US-50,N EAST LAKLE RD,2847,38.159275,-97.20747778,0,12,1,0,3,2,0,1,1,1,0,1,0,0000000,17,16,17,23,88,88,0,0,0,1,0
20,200007,2,2,0,0,0,2,2,85,2520,9,1,2012,2,20,33,0,3,3,SR-16,US-75,589,39.46308333,-95.75314722,0,12,2,0,1,1,0,1,3,1,0,1,0,0000000,20,35,20,41,20,57,20,0,0,1,0
20,200008,2,2,0,0,0,4,4,155,2660,9,1,2012,2,9,45,0,13,6,ADAMS ST,5TH AVE,0,38.05828333,-97.93532778,0,12,6,0,2,2,0,1,1,1,0,1,0,0000000,9,49,9,51,10,23,0,0,0,1,0
20,200009,1,1,0,0,0,4,4,13,0,11,1,2012,4,0,28,0,5,5,130TH RD,COYOTE RD,0,39.69610556,-95.70763889,0,34,0,0,1,1,0,4,2,1,0,1,0,0000000,1,0,1,16,1,54,0,0,0,1,1
20,200010,1,1,0,0,0,2,2,15,0,11,1,2012,4,13,32,1,1,1,I-35,SR-177,889,38.00803056,-96.67813889,0,31,0,0,1,1,0,4,1,6,0,6,0,0000000,13,33,13,50,88,88,0,0,0,2,0
20,200011,1,1,0,0,0,1,1,55,1950,14,1,2012,7,5,0,0,6,5,3RD STREET,US-50,0,38.03857222,-100.8653667,0,34,0,0,1,1,0,4,2,1,10,10,0,0000000,6,58,7,3,88,88,0,0,0,1,1
20,200012,1,1,0,0,0,7,7,113,0,14,1,2012,7,11,10,1,1,1,I-135,PAWNEE RD,643,38.43816944,-97.61891944,0,1,0,0,1,1,0,3,1,1,0,1,0,0000000,11,21,11,31,11,55,0,0,0,4,0
20,200013,3,3,0,0,0,3,3,161,3490,15,1,2012,1,11,5,1,13,6,TUTTLE CREEK BLVD,,0,39.18218333,-96.55834444,0,12,1,0,1,1,0,1,1,1,0,1,0,0000000,11,8,11,13,11,34,0,0,0,1,0
20,200014,1,1,0,0,0,1,1,87,0,16,1,2012,2,0,15,0,3,2,US-59,US-24,1756,39.19423056,-95.30776111,0,34,0,0,1,1,0,4,2,1,0,1,0,0000000,0,21,0,35,88,88,0,0,0,1,1
20,200015,1,1,0,0,0,1,1,87,4240,18,1,2012,4,19,14,0,3,2,US-59,SR-92,1753,39.16474167,-95.32987222,0,1,0,0,1,1,0,4,2,1,0,1,0,0000000,19,16,19,21,88,88,0,0,0,1,0
20,200016,1,1,0,0,0,2,2,177,0,21,1,2012,7,15,8,0,6,5,61ST STREET,RATNER RD,0,38.95646111,-95.58563611,0,32,0,0,1,1,0,4,1,1,0,1,0,0000000,15,13,15,24,15,48,0,0,0,1,0
20,200017,1,1,0,0,0,2,2,161,0,22,1,2012,1,5,18,1,1,1,I-70,SR-177,3217,39.06418056,-96.40425556,0,34,0,0,1,1,0,4,2,1,0,1,0,0000000,5,28,6,1,7,10,0,0,0,1,0
20,200018,3,3,0,0,0,9,9,159,0,22,1,2012,1,17,55,0,6,3,SR-14,AVE J,0,38.39623889,-98.20029722,0,12,6,0,1,1,0,1,2,4,11,4,0,0000000,18,0,18,15,18,38,0,0,0,1,0
20,200019,1,1,0,0,0,2,2,95,0,23,1,2012,2,11,15,0,6,5,80 AVE,BLUFF STREET,0,37.64584722,-97.97193889,0,1,0,0,1,1,0,4,1,1,0,1,0,0000000,11,55,12,4,88,88,0,0,0,1,0
20,200020,2,2,0,0,0,5,5,125,0,27,1,2012,6,19,32,1,2,2,US-169,US-160,169,37.223575,-95.58576667,0,12,6,0,2,2,0,1,2,1,0,1,0,0000000,19,36,19,41,20,0,0,0,0,1,1
20,200021,2,2,0,0,0,6,6,177,0,28,1,2012,7,15,15,1,1,1,I-70,SR-4,3509,39.05281389,-95.79831389,0,12,2,0,1,1,0,1,1,1,0,1,0,0000000,15,18,15,23,15,53,0,0,0,3,0
20,200022,2,2,0,0,0,3,3,91,1970,31,1,2012,3,1,25,1,1,1,I-35,MOONLIGHT RD,2092,38.79736111,-94.90476389,0,1,0,0,1,1,0,4,2,1,0,1,0,0000000,1,36,1,42,88,88,0,0,0,2,1
20,200023,1,1,0,0,0,1,1,111,0,31,1,2012,3,11,1,0,6,4,CR-240,CR-X,0,38.50638611,-95.99583333,0,10,0,0,6,1,0,1,1,1,0,1,0,006049E,11,7,11,44,12,33,0,0,0,1,0
20,200024,1,1,0,0,0,1,1,63,2140,31,1,2012,3,4,21,0,3,2,US-40,SR-23,0,39.10710833,-100.4445722,0,34,0,0,1,1,0,4,2,1,0,1,0,0000000,4,21,4,47,88,88,0,0,0,1,1
20,200025,1,1,0,0,0,1,1,177,5400,1,2,2012,4,23,19,1,2,2,US-75,,1625,39.09027222,-95.72803889,0,24,0,0,1,1,0,3,3,1,0,1,0,0000000,23,21,23,26,23,47,0,0,0,1,0
20,200026,1,1,0,1,1,0,0,91,5090,3,2,2012,6,11,47,0,16,6,57 TERR,GODDARD DR,0,39.02473333,-94.70988889,0,8,0,0,1,1,0,1,1,2,0,2,0,0000000,11,46,11,55,88,88,0,0,0,1,0
20,200027,2,2,0,0,0,2,2,91,4140,3,2,2012,6,16,15,1,2,2,US-269,159TH STREET,0,38.83991111,-94.81559722,0,12,6,0,2,2,0,1,1,2,0,2,0,0000000,16,17,16,23,16,48,0,0,0,1,0
20,200028,2,2,0,0,0,4,4,155,0,10,2,2012,6,21,20,1,2,2,US-50,SALEM RD,2271,37.98461389,-98.14866944,0,12,2,0,1,1,0,1,2,8,0,8,0,0000000,21,22,21,34,22,37,0,0,0,1,0
20,200029,3,3,0,1,1,6,6,119,0,12,2,2012,1,18,0,1,2,2,US-54,US-160,354,37.28478333,-100.2336972,0,8,0,0,1,1,0,4,2,3,0,3,0,0000000,18,21,18,41,18,58,0,0,0,1,1
20,200030,1,1,0,1,1,1,1,173,5880,12,2,2012,1,18,55,0,14,6,S BROADWAY AVE,,0,37.66390556,-97.33541944,0,8,0,0,1,1,0,1,3,1,0,1,0,0000000,18,55,19,0,19,33,0,0,0,1,0
20,200031,1,1,0,1,1,1,1,155,2660,12,2,2012,1,14,9,0,13,6,4TH AVE,ADAMS ST,0,38.05719722,-97.93533056,0,9,0,0,2,2,0,1,1,1,0,1,0,0000000,14,11,14,16,88,88,0,0,0,1,0
20,200032,2,2,0,0,0,3,3,159,0,13,2,2012,2,7,28,1,2,3,SR-14,US-56,1212,38.23030278,-98.20503889,0,12,2,0,1,1,0,1,1,3,0,3,0,0000000,7,31,7,35,8,10,0,0,0,2,0
20,200033,1,1,0,0,0,1,1,91,4285,13,2,2012,2,10,25,1,1,1,I-435,ROE AVE,1691,38.93214722,-94.63779722,0,25,0,0,1,1,0,3,1,4,0,4,0,0000000,10,25,10,35,11,0,0,0,0,1,0
20,200034,2,2,0,0,0,2,2,125,0,16,2,2012,5,19,17,1,2,2,US-166,COUNTY ROAD 1300 RD,0,37.06718611,-95.94646389,0,12,6,0,2,2,0,1,2,1,0,1,0,0000000,19,18,19,47,20,35,0,0,0,1,1
20,200035,2,2,0,0,0,3,3,143,5350,18,2,2012,7,14,40,0,3,3,SR-18,KANSAS AVE,1105,39.01636389,-97.88187778,0,12,6,0,4,1,0,1,1,1,0,1,0,0000000,14,46,15,5,15,9,0,0,0,1,0
20,200036,1,1,0,0,0,1,1,61,0,19,2,2012,1,6,8,0,3,2,US-77,RIFFLE ROAD,1500,38.97036111,-96.85724444,0,58,0,0,1,1,0,4,2,1,0,1,0,0000000,6,18,6,23,88,88,0,0,0,1,0
20,200037,2,2,0,0,0,2,2,99,0,22,2,2012,4,15,30,0,5,6,NESS RD,1800 RD,0,37.25186944,-95.28519167,0,12,6,0,2,2,0,1,1,1,0,1,1,0000000,15,37,15,44,88,88,0,0,0,1,0
20,200039,1,1,0,0,0,2,2,173,2825,25,2,2012,7,1,40,0,14,6,CHEROKEE DR,COMMANCHE DR,0,37.79775278,-97.284775,0,5,0,0,1,1,0,1,3,1,0,1,0,0000000,1,42,1,48,88,88,0,0,0,1,0
20,200040,1,1,0,0,0,3,3,173,0,26,2,2012,1,9,48,1,1,1,I-35,79TH STREET SOUTH,384,37.54895278,-97.32454167,0,31,0,0,1,1,0,4,1,1,0,1,0,0000000,9,29,9,55,10,52,0,0,0,1,0
20,200041,2,2,0,0,0,2,2,201,0,27,2,2012,2,14,55,0,6,6,GYPSUM RD,25TH RD,0,39.92959444,-97.23813333,0,12,6,0,2,2,0,1,1,1,0,1,0,0000000,14,57,15,23,88,88,0,0,0,1,0
20,200042,1,1,0,0,0,1,1,93,0,3,3,2012,7,17,45,0,4,4,CR-210,CR-N,0,38.03161389,-101.3027778,0,1,0,0,1,1,0,4,1,1,0,1,0,0000000,88,88,88,88,88,88,0,0,0,1,0
20,200043,1,1,0,0,0,4,4,131,0,4,3,2012,1,1,15,0,4,3,SR-63,1ST,279,39.56929722,-96.03140556,0,31,0,0,1,1,0,4,2,1,0,1,0,0000000,1,28,2,1,2,28,0,0,0,1,1
20,200044,1,1,0,0,0,1,1,183,0,5,3,2012,2,0,38,1,2,2,US-36,SR-248,1640,39.77089167,-99.03181667,0,11,0,0,1,1,0,1,2,1,0,1,0,0000000,0,38,0,43,1,5,0,0,0,1,0
20,200045,1,1,0,1,1,1,1,51,0,6,3,2012,3,19,35,1,2,2,US-183,I-70,1607,38.979,-99.31526667,0,8,0,0,1,1,0,1,2,6,0,6,0,0000000,19,39,19,45,20,26,19,0,0,1,0