STATE,ST_CASE,VE_TOTAL,VE_FORMS,PVH_INVL,PEDS,PERNOTMVIT,PERMVIT,PERSONS,COUNTY,CITY,DAY,MONTH,YEAR,DAY_WEEK,HOUR,MINUTE,NHS,ROAD_FNC,ROUTE,TWAY_ID,TWAY_ID2,MILEPT,LATITUDE,LONGITUD,SP_JUR,HARM_EV,MAN_COLL,RELJCT1,RELJCT2,TYP_INT,WRK_ZONE,REL_ROAD,LGT_COND,WEATHER1,WEATHER2,WEATHER,SCH_BUS,RAIL,NOT_HOUR,NOT_MIN,ARR_HOUR,ARR_MIN,HOSP_HR,HOSP_MN,CF1,CF2,CF3,FATALS,DRUNK_DR
20,200046,1,1,0,1,1,1,1,173,5880,12,3,2012,2,8,30,0,16,6,CYPRESS ST,HARRY ST,0,37.66463056,-97.23202222,0,15,0,0,3,3,0,1,1,1,0,1,0,0000000,8,32,8,40,88,88,0,0,0,1,0
20,200047,1,1,0,2,2,1,1,209,2820,13,3,2012,3,18,14,0,13,6,STATE AVE,,0,39.11666111,-94.71958889,0,8,0,0,1,1,0,1,1,1,0,1,0,0000000,18,18,18,19,18,47,0,0,0,1,0
20,200048,2,2,0,0,0,2,2,209,0,14,3,2012,4,13,18,1,2,2,US-73,DONAHOO RD,187,39.15773333,-94.90032222,0,12,6,0,2,2,0,1,1,1,0,1,0,0000000,13,24,13,29,88,88,0,0,0,1,0
20,200049,2,2,0,0,0,2,2,185,0,16,3,2012,6,7,33,0,3,2,US-281,80TH ST,829,38.07511944,-98.74684167,0,12,2,0,1,1,0,1,4,5,0,5,0,0000000,7,38,7,46,8,45,0,0,0,1,0
20,200050,3,3,0,0,0,6,6,173,0,16,3,2012,6,8,56,1,1,1,I-135,101ST  ST,187,37.86108889,-97.32551111,0,12,2,0,1,1,0,1,1,1,0,1,0,0000000,8,59,9,5,9,46,0,0,0,1,0
20,200051,2,2,0,0,0,4,4,9,0,16,3,2012,6,17,45,0,3,2,US-281,SR-4,1200,38.53588056,-98.84801111,0,12,6,0,2,2,0,1,1,1,0,1,0,0000000,17,49,17,53,88,88,0,0,0,3,0
20,200052,1,1,0,0,0,3,3,177,0,19,3,2012,2,20,57,0,4,6,45TH ST,SHAWNEE HEIGHTS RD,0,38.98601667,-95.56183611,0,42,0,0,1,1,0,4,2,2,0,2,0,0000000,21,16,21,28,21,49,0,0,0,1,1
20,200053,2,2,0,0,0,3,3,177,0,20,3,2012,3,22,12,1,2,3,SR-4,SEWARD AVE,3370,39.06573611,-95.60893611,0,12,2,0,1,1,0,1,2,2,0,2,0,0000000,22,23,22,28,99,99,0,0,0,1,0
20,200054,1,1,0,0,0,2,2,35,0,21,3,2012,4,6,4,0,6,6,71ST RD,US-77,0,37.19491111,-97.02311667,0,34,0,0,1,1,0,4,2,1,0,1,0,0000000,6,6,6,41,7,30,0,0,0,1,0
20,200055,2,2,0,0,0,2,2,209,580,21,3,2012,4,8,9,1,2,3,SR-7,,1670,39.08705833,-94.88163056,0,12,6,0,1,1,0,1,1,2,0,2,0,0000000,8,13,8,16,8,52,0,0,0,1,0
20,200056,2,2,0,0,0,2,2,209,2820,22,3,2012,5,8,45,1,1,1,I-635,KANSAS AVE,40,39.101075,-94.67909722,0,12,2,0,1,1,0,1,1,1,0,1,0,0000000,8,45,8,51,9,10,0,0,0,1,0
20,200057,1,1,0,0,0,1,1,163,0,22,3,2012,5,17,0,1,2,2,US-183,US-24,1910,39.41015278,-99.27726389,0,24,0,0,1,1,0,4,1,1,0,1,0,0000000,17,3,17,9,88,88,0,0,0,1,1
20,200058,2,2,0,0,0,2,2,89,0,26,3,2012,2,15,1,0,3,3,SR-14,CR-V ROAD,2454,39.71498889,-98.15617222,0,12,2,0,1,1,0,1,1,1,0,1,0,0000000,15,3,15,13,15,59,0,0,0,1,0
20,200059,2,2,0,0,0,2,2,121,0,29,3,2012,5,5,30,1,2,2,US-69,,1187,38.57340833,-94.84855278,0,12,2,0,1,1,0,1,2,1,0,1,0,0000000,5,36,5,44,7,4,0,0,0,1,0
20,200060,1,1,0,0,0,1,1,181,2110,28,3,2012,4,13,12,1,1,1,I-70,SR-27,23,39.32797222,-102.0057417,0,58,0,0,1,1,0,4,1,1,0,1,0,0000000,13,13,13,41,14,4,0,0,0,1,0
20,200062,1,1,0,0,0,1,1,79,0,31,3,2012,7,6,15,0,6,6,MISSION RD,96TH STREET,0,38.15596389,-97.46311389,0,42,0,0,1,1,0,4,4,1,0,1,0,0000000,6,59,7,3,7,33,0,0,0,1,0
20,200063,2,2,0,0,0,2,2,173,5880,30,3,2012,6,14,55,0,15,6,RIDGE RD,37TH STREET,0,37.75212778,-97.4261,0,12,6,0,2,2,0,1,1,1,0,1,0,0000000,14,56,15,4,15,22,0,0,0,1,0
20,200064,2,2,0,0,0,5,5,125,0,31,3,2012,7,17,20,1,2,2,US-169,3800  RD,123,37.1807,-95.57706667,0,12,2,0,1,1,0,1,1,1,0,1,0,0000000,17,32,17,36,18,6,0,0,0,1,0
20,200065,2,2,0,0,0,2,2,173,5880,1,3,2012,5,12,40,0,13,6,21ST,MCCOMAS ST,0,37.723225,-97.38700833,0,12,1,0,3,3,0,1,1,1,0,1,0,0000000,12,40,12,46,13,10,0,0,0,1,0
20,200066,1,1,0,0,0,18,18,139,0,1,4,2012,1,8,55,1,1,1,I-35,ALABAMA RD,1672,38.47272222,-95.52209167,0,24,0,0,1,1,0,4,1,1,0,1,0,0000000,8,53,9,36,10,55,0,0,0,5,0
20,200068,2,2,0,0,0,5,5,173,0,2,4,2012,2,6,26,0,4,6,21ST STREET,199TH STREET,0,37.72129444,-97.57122778,0,12,6,0,2,2,0,1,3,1,0,1,0,0000000,6,26,6,31,99,99,0,0,0,1,0
20,200069,1,1,0,0,0,1,1,157,0,2,4,2012,2,11,50,0,6,6,120 RD,MARBLE RD,0,39.83981111,-97.57568889,0,1,0,0,1,1,0,1,1,1,0,1,0,0000000,12,19,12,28,88,88,0,0,0,1,0
20,200070,2,2,0,0,0,2,2,15,1540,4,4,2012,4,1,0,0,3,2,US-54,RIVER RD,0,37.81656111,-96.83776667,0,12,1,0,2,2,0,1,3,1,0,1,0,0000000,1,6,1,44,88,88,0,0,0,1,0
20,200071,2,2,0,0,0,3,3,61,2790,5,4,2012,5,16,28,0,3,2,US-57,ELMDALE AVE,0,39.05063889,-96.84388333,0,12,6,0,2,3,0,1,1,1,0,1,0,0000000,16,31,16,47,17,48,0,0,0,1,0
20,200072,2,2,0,0,0,4,4,99,0,8,4,2012,1,9,46,0,5,6,12000 RD,TRIGO RD,0,37.16406111,-95.17209722,0,12,2,0,1,1,0,1,1,1,0,1,0,0000000,9,48,10,5,10,38,0,0,0,1,0
20,200073,1,1,0,0,0,1,1,41,880,8,4,2012,1,2,0,0,4,3,SR-40  OLD 40 HIGHWAY,SAGE RD,0,38.97109444,-97.00505833,0,35,0,0,1,1,0,4,3,1,0,1,0,0000000,10,21,10,33,88,88,0,0,0,1,1
20,200074,2,2,0,0,0,5,5,57,0,8,4,2012,1,9,40,0,3,2,US-56,US-283,1130,37.70236944,-100.1380694,0,12,2,0,1,1,0,1,1,1,0,1,0,0000000,9,45,9,59,10,29,0,0,0,2,0
20,200075,2,2,0,0,0,7,7,63,0,9,4,2012,2,15,50,1,1,1,I-70,CR-14,780,39.11190278,-100.7680667,0,12,6,0,1,1,0,1,1,1,0,1,0,0000000,15,51,16,1,16,19,0,0,0,2,1
20,200076,2,2,0,0,0,2,2,121,0,9,4,2012,2,12,57,0,6,6,247TH ST,FLINT RD,0,38.67938611,-94.71024444,0,12,2,0,1,1,0,1,1,1,0,1,0,0000000,13,1,13,9,13,31,0,0,0,1,0
20,200077,1,1,0,0,0,2,2,209,2820,11,4,2012,4,22,36,1,11,1,I-35,18TH EXPWY,2329,39.04898611,-94.64039167,0,25,0,0,1,1,0,3,3,1,0,1,0,0000000,22,39,22,54,23,16,0,0,0,1,0
20,200078,2,2,0,0,0,2,2,103,0,11,4,2012,4,23,59,0,3,3,SR-32,150TH ST,0,39.05778056,-94.92101944,0,12,1,0,1,1,0,1,2,1,10,10,0,0000000,23,59,0,10,88,88,0,0,0,1,0
20,200079,1,1,0,1,1,1,1,173,5880,13,4,2012,6,20,52,0,16,6,GROVE ST,8TH ST,0,37.69911667,-97.30812778,0,8,0,0,3,3,0,1,3,1,0,1,0,0000000,20,53,20,55,88,88,0,0,0,1,0
20,200080,2,2,0,0,0,4,4,191,0,13,4,2012,6,11,34,0,6,6,GREENWICH RD,20TH STREET,0,37.28965,-97.20404722,0,12,6,0,2,2,0,1,1,1,0,1,0,0000000,11,40,12,4,99,99,0,0,0,1,0
20,200081,1,1,0,1,1,1,1,91,4140,13,4,2012,6,14,20,0,13,6,SANTA FE STREET,RIDGEVIEW RD,0,38.88365,-94.79804167,0,15,0,0,8,1,0,1,1,1,0,1,0,0000000,14,20,14,26,88,88,0,0,0,1,0
20,200082,2,2,0,0,0,9,9,61,0,16,4,2012,2,7,17,1,2,2,US-77,I-70,1660,39.19622222,-96.90236389,0,12,2,0,1,1,0,1,1,1,0,1,0,0000000,7,21,7,31,8,14,0,0,0,2,0
20,200083,1,1,0,0,0,1,1,143,0,16,4,2012,2,9,3,0,4,6,30TH RD,SR-18,0,39.00313611,-97.87330556,0,35,0,0,1,1,0,4,1,1,0,1,0,0000000,9,11,9,12,10,4,0,0,0,1,0
20,200084,1,1,0,0,0,2,2,73,2260,16,4,2012,2,11,2,0,3,3,SR-99,GARFIELD ST,740,37.97557222,-96.16667778,0,35,0,0,1,1,0,4,1,1,0,1,0,0000000,11,5,11,19,99,99,0,0,0,1,0
20,200086,1,1,0,1,1,1,1,173,0,19,4,2012,5,22,30,0,6,6,61ST STREET,OLIVER STREET,0,37.79583056,-97.28163056,0,8,0,0,1,1,0,1,2,1,0,1,0,0000000,2,25,2,31,88,88,0,0,0,1,1
20,200087,1,1,0,0,0,2,2,79,4000,21,4,2012,7,18,15,0,15,6,1ST STREET,MOCKINGBIRD LANE,0,38.04285833,-97.38808889,0,42,0,0,3,3,0,4,1,1,0,1,0,0000000,18,16,18,20,18,53,0,0,0,1,0
20,200088,1,1,0,0,0,1,1,167,4820,21,4,2012,7,19,49,0,4,6,200TH BLVD,I-70,0,38.85874444,-98.58524444,0,1,0,0,1,1,0,4,5,1,0,1,0,0000000,19,50,20,1,88,88,0,0,0,1,1
20,200089,2,2,0,0,0,5,5,15,0,23,4,2012,2,8,18,0,4,6,BUTLER RD,120TH STREET,0,37.65021389,-97.13522778,0,12,6,0,2,2,0,1,1,1,0,1,0,0000000,8,23,8,35,9,0,0,0,0,1,0
20,200090,2,2,0,0,0,3,3,169,0,13,4,2012,6,20,58,1,2,2,US-81B,,77,38.80869444,-97.62916111,0,12,2,0,1,1,0,1,2,1,0,1,0,0000000,21,2,21,9,88,88,0,0,0,1,1
20,200091,3,1,2,0,0,1,1,113,0,23,4,2012,2,7,45,0,4,6,SHAWNEE ROAD,5TH AVE,0,38.52229167,-97.82237222,0,53,0,0,8,1,0,4,1,1,0,1,0,0000000,7,49,7,59,88,88,0,0,0,1,0
20,200092,1,1,0,0,0,1,1,15,0,24,4,2012,3,7,39,0,4,6,COLE CREEK ROAD,120TH ROAD,0,37.64854444,-96.77032778,0,1,0,0,1,1,0,1,1,1,0,1,0,0000000,7,45,8,6,88,88,0,0,0,1,0
20,200093,2,2,0,0,0,2,2,93,1280,24,4,2012,3,18,25,1,2,2,US-50,CR-180,518,37.98348333,-101.139275,0,12,6,0,2,2,0,1,1,1,0,1,0,0000000,18,30,18,40,88,88,0,0,0,1,0
20,200094,1,1,0,0,0,1,1,45,0,25,4,2012,4,7,50,0,3,2,US-40,SR-10,3743,38.97083333,-95.42243333,0,59,0,0,1,1,0,4,1,1,0,1,0,0000000,8,21,8,35,88,88,0,0,0,1,0
20,200095,2,1,1,0,2,1,3,169,0,26,4,2012,5,12,51,1,1,1,I-70,SOLOMON RD,2653,38.925325,-97.38902222,0,31,0,0,1,1,0,4,1,1,0,1,0,0000000,12,59,13,12,13,36,0,0,0,1,0
20,200096,1,1,0,0,0,1,1,209,2820,26,4,2012,5,1,33,1,11,1,I-70 KTA,118TH STREET,2255,39.10476111,-94.85169167,0,24,0,0,1,1,0,4,2,1,0,1,0,0000000,1,34,1,47,2,15,0,0,0,1,0
20,200097,1,1,0,0,0,2,2,143,0,27,4,2012,6,13,24,1,2,2,US-81,,1744,39.17547778,-97.66703056,0,1,0,0,1,1,0,4,1,2,0,2,0,0000000,13,24,13,35,14,9,0,0,0,1,0
20,200098,1,1,0,1,1,1,1,91,3080,29,4,2012,1,3,58,1,1,1,I-35,87TH STREET,2254,38.97463889,-94.71568889,0,8,0,1,18,1,0,1,2,2,0,2,0,0000000,4,8,4,20,88,88,0,0,0,1,0
20,200099,1,1,0,0,0,1,1,125,2670,30,4,2012,2,9,15,0,4,4,CR-3900,CR-3400,0,37.160225,-95.71071944,0,34,0,0,1,1,0,4,3,2,8,2,0,0000000,88,88,88,88,88,88,0,0,0,1,0
20,200100,1,1,0,0,0,1,1,13,0,5,4,2012,5,19,19,1,2,2,US-36,GOLDFINCH RD,0,39.848375,-95.64023889,0,38,0,0,1,1,0,4,1,1,0,1,0,0000000,19,31,20,0,20,35,0,0,0,1,1
20,200101,3,3,0,0,0,4,4,57,1370,3,5,2012,5,13,43,0,3,2,US-56,MCARTOR RD,1169,37.720575,-100.0666167,0,12,6,0,2,3,0,1,1,1,0,1,0,0000000,13,45,13,54,14,29,0,0,0,1,0
20,200102,2,2,0,0,0,2,2,19,0,4,5,2012,6,4,34,1,2,2,US-166,SR-99,599,37.11201944,-96.36762222,0,12,2,0,1,1,0,1,2,1,0,1,0,0000000,4,40,4,58,5,46,0,0,0,1,0
20,200103,2,2,0,0,0,5,5,9,2150,4,5,2012,6,19,9,1,13,3,SR-96,24TH STREET,0,38.37431667,-98.81079722,0,12,6,0,2,2,0,1,1,1,0,1,0,0000000,19,9,19,12,19,32,0,0,0,1,0
20,200104,1,1,0,0,0,3,3,203,0,5,5,2012,7,2,25,0,6,4,CR-15,SR-96,0,38.45058056,-101.3115167,0,34,0,0,1,1,0,4,2,1,0,1,0,0000000,2,46,3,1,3,26,0,0,0,1,1
20,200105,1,1,0,0,0,1,1,155,0,8,5,2012,3,8,15,0,3,3,SR-14,SR-61,0,37.88684167,-98.19566667,0,31,0,0,1,1,0,4,1,1,0,1,0,0000000,8,28,8,46,9,30,0,0,0,1,0
20,200106,1,1,0,0,0,1,1,91,4285,8,5,2012,3,2,15,0,13,6,87TH STREET,CONSER STREET,0,38.97119167,-94.67421389,0,1,0,0,1,1,0,1,3,1,0,1,0,0000000,2,16,2,22,2,59,0,0,0,1,0
20,200107,1,1,0,0,0,2,2,181,2110,8,5,2012,3,20,12,0,4,6,8TH STREET,KANSAS AVE,0,39.35111389,-101.7176889,0,1,0,0,1,1,0,1,1,1,0,1,0,0000000,13,23,13,28,13,36,0,0,0,1,1
20,200108,2,1,1,0,0,1,1,209,1510,11,5,2012,6,2,0,1,1,1,I-435,WOODED RD,88,39.04817222,-94.79001944,0,45,0,0,1,1,1,1,2,1,0,1,0,0000000,3,29,4,3,88,88,0,0,0,1,1
20,200109,1,1,0,0,0,2,2,115,0,11,5,2012,6,16,20,1,2,2,US-56,250TH RD,3120,38.441675,-96.95701667,0,58,0,0,1,1,0,4,1,1,0,1,0,0000000,16,29,16,39,17,25,0,0,0,1,0
20,200110,1,1,0,0,0,1,1,97,0,13,5,2012,1,5,9,0,3,2,US-183,W STREET,480,37.39366389,-99.31890833,0,38,0,0,1,1,0,4,2,1,0,1,0,0000000,5,12,5,27,6,28,0,0,0,1,1
20,200111,2,2,0,0,0,6,6,61,0,14,5,2012,2,2,50,1,2,3,SR-18,SR-113,1864,39.17066111,-96.593375,0,12,2,0,1,1,1,1,2,1,0,1,0,0000000,2,55,3,7,3,34,0,0,0,2,1
20,200112,2,2,0,0,0,5,5,175,3160,15,5,2012,3,1,7,1,2,2,US-83,SR-190,274,37.35856389,-100.868575,0,12,2,0,1,1,0,1,2,1,0,1,0,0000000,1,7,1,22,1,48,0,0,0,2,2
20,200113,1,1,0,0,0,1,1,5,0,16,5,2012,4,8,35,0,4,3,SR-116,SR-159,171,39.46275833,-95.31484722,0,32,0,0,1,1,0,4,1,1,0,1,0,0000000,8,44,9,16,88,88,0,0,0,1,0
20,200114,2,2,0,0,0,3,3,125,930,16,5,2012,4,7,37,1,2,2,US-169,CR 3500,0,37.27422778,-95.56933056,0,12,1,0,3,2,0,1,1,1,0,1,0,0000000,7,41,8,1,8,47,0,0,0,1,0
20,200115,2,2,0,0,0,2,2,173,5880,17,4,2012,3,20,29,0,15,6,MAIZE RD,37TH STREET,0,37.75165833,-97.46279444,0,12,1,0,3,2,0,1,3,1,0,1,0,0000000,20,29,20,30,20,33,0,0,0,1,1
20,200116,1,1,0,0,0,1,1,97,2190,4,5,2012,6,3,30,0,6,6,K AVE,37TH STREET,0,37.58681111,-99.23218889,0,1,0,0,1,1,0,4,2,1,0,1,0,0000000,7,14,7,23,88,88,0,0,0,1,1
20,200117,2,2,0,0,0,2,2,91,5090,16,5,2012,4,16,25,0,16,6,QUIVIRA DRIVE LANE,50TH STREET,0,39.03915,-94.75208056,0,12,6,0,2,3,0,1,1,1,0,1,0,0000000,16,25,16,32,16,55,0,0,0,1,0
20,200118,1,1,0,0,0,1,1,175,0,17,5,2012,5,1,40,1,13,2,US-83,US-54,50,37.06757222,-100.9034444,0,31,0,0,1,1,0,4,2,1,0,1,0,0000000,88,88,88,88,88,88,0,0,0,1,1
20,200119,1,1,0,0,0,1,1,155,2660,17,5,2012,5,22,57,0,13,6,4TH AVE,CAREY STREET,0,38.05765833,-97.89556944,0,42,0,0,1,1,0,4,3,1,0,1,0,0000000,23,0,23,6,23,32,0,0,0,1,1
20,200120,1,1,0,0,0,1,1,103,0,19,5,2012,7,13,55,0,4,6,206TH STREET,CANTRELL RD,0,39.02881111,-95.05642222,0,58,0,0,1,1,0,4,1,8,0,8,0,0000000,13,58,14,5,14,31,0,0,0,1,1
20,200121,1,1,0,1,1,2,2,173,5880,19,5,2012,7,23,22,0,14,6,SENECA STREET,MAY AVE,0,37.65933611,-97.35261111,0,9,0,0,1,1,0,1,3,1,0,1,0,0000000,99,99,99,99,99,99,0,0,0,1,0
20,200122,1,1,0,0,0,1,1,197,0,20,5,2012,1,19,33,1,1,1,I-70,SNOKOMO RD,3353,39.05840833,-96.15379444,0,31,0,0,1,1,0,4,1,1,0,1,0,0000000,19,53,19,55,88,88,0,0,0,1,0
20,200123,2,2,0,0,0,2,2,51,0,21,5,2012,2,9,31,1,2,2,US-183,,1431,38.75783889,-99.31771944,0,12,2,0,1,1,0,1,1,1,0,1,0,0000000,9,33,9,43,10,9,0,0,0,1,0
20,200124,2,2,0,0,0,2,2,79,0,22,5,2012,3,9,39,0,16,6,1ST STREET,,0,38.04258333,-97.285025,0,12,6,0,1,1,0,1,1,2,0,2,0,0000000,9,39,9,48,10,30,0,0,0,1,0
20,200125,7,1,6,0,0,2,2,209,2820,25,5,2012,6,2,17,0,14,6,77TH STREET,,0,39.12897222,-94.75682778,0,33,0,0,1,1,0,4,3,1,0,1,0,0000000,2,20,2,23,88,88,0,0,0,1,1
20,200126,1,1,0,0,0,1,1,55,1950,25,5,2012,6,22,33,0,13,6,TAYLOR AVE,JENNY AVE,0,37.97703611,-100.883275,0,1,0,0,2,3,0,1,3,1,0,1,0,0000000,22,37,22,40,22,54,0,0,0,1,0
20,200127,2,2,0,0,0,2,2,173,0,28,5,2012,2,8,57,0,6,6,39TH STREET,135TH STREET,0,37.62118056,-97.18049167,0,12,6,0,2,2,0,1,1,1,0,1,0,0000000,9,10,9,21,9,53,0,0,0,1,0
20,200128,3,3,0,0,0,4,4,117,0,28,5,2012,2,19,30,1,2,2,US-77,,2314,39.86398611,-96.66644167,0,12,2,0,1,1,0,1,1,1,0,1,0,0000000,19,34,19,39,20,20,0,0,0,1,2
20,200129,1,1,0,0,0,1,1,57,0,30,5,2012,4,17,37,0,5,6,EAGLE ROAD,119TH ROAD,0,37.85504444,-99.87325278,0,35,0,0,1,1,0,4,1,1,0,1,0,0000000,17,39,17,54,18,19,0,0,0,1,0
20,200130,1,1,0,0,0,1,1,21,0,25,4,2012,4,13,11,0,4,6,110TH ROAD,TURKET CREEK ROAD,0,37.13046667,-94.62302778,0,1,0,0,3,3,0,1,1,1,0,1,0,0000000,13,11,13,22,14,15,0,0,0,1,0
20,200131,4,4,0,0,0,5,5,91,4285,31,5,2012,5,11,41,0,13,6,METCALF AVE,98TH STREET,0,38.95028333,-94.66731111,0,12,6,0,2,3,0,1,1,1,0,1,0,0000000,11,44,11,50,12,8,0,0,0,1,0
20,200132,2,2,0,0,0,3,3,33,0,31,5,2012,5,11,28,0,4,3,SR-1,AVE W,40,37.07720833,-99.32493333,0,12,1,0,3,2,0,1,1,1,0,1,0,0000000,11,30,11,40,11,55,0,0,0,1,0
20,200133,2,2,0,0,0,3,3,173,5880,2,1,2012,2,13,55,0,13,6,HARRY ST,TERRACE ST,0,37.66458889,-97.28902778,0,12,2,0,8,1,0,1,1,1,0,1,0,0000000,13,57,14,8,14,30,0,0,0,1,0
20,200134,2,2,0,0,0,2,2,91,3080,1,2,2012,4,9,59,0,14,6,95TH ST,SANTA FE TRAIL DR,0,38.95604167,-94.74764444,0,12,6,0,2,2,0,1,1,1,0,1,0,0000000,10,7,10,10,10,43,0,0,0,1,0
20,200135,2,2,0,0,0,2,2,209,2820,2,4,2012,2,6,56,0,14,6,FAIRFAX TRFY,KINDELBERGER RD,0,39.14804444,-94.61061667,0,12,2,0,8,1,0,1,1,1,0,1,0,0000000,6,56,7,2,7,35,0,0,0,1,0
20,200136,2,2,0,0,0,2,2,173,5880,12,4,2012,5,15,36,0,13,6,MACARTHUR,I-235,0,37.62260278,-97.34013889,0,12,6,1,3,2,0,1,1,1,0,1,0,0000000,15,17,15,44,88,88,0,0,0,1,0
20,200137,1,1,0,1,1,2,2,175,3160,1,6,2012,6,17,58,1,13,2,US-54,NEW YORK ST,0,37.03223889,-100.9186111,0,9,0,0,2,2,0,1,1,1,0,1,0,0000000,17,58,18,5,88,88,0,0,0,1,0
20,200138,1,1,0,1,1,1,1,159,890,1,6,2012,6,17,50,0,6,6,ASH,CARPENTER,0,38.35287778,-98.34676111,0,8,0,0,8,1,0,1,1,1,0,1,0,0000000,17,54,18,2,88,88,0,0,0,1,0
20,200139,1,1,0,0,0,1,1,55,0,2,6,2012,7,11,50,0,3,3,SR-156,US-50,40,38.00362778,-100.8122722,0,1,0,0,1,1,0,4,1,1,0,1,0,0000000,11,50,11,57,12,12,0,0,0,1,0
20,200140,2,2,0,0,0,2,2,69,0,2,6,2012,7,15,35,1,2,2,US-50,,1087,37.85589722,-100.5133306,0,12,2,0,1,1,0,1,1,1,0,1,0,0000000,15,36,15,49,16,9,0,0,0,1,0
20,200141,1,1,0,0,0,1,1,29,0,2,6,2012,7,13,37,0,6,6,150TH RD,,0,39.551375,-97.64796111,0,1,0,0,1,1,0,2,1,1,0,1,0,0000000,13,37,13,43,14,9,0,0,0,1,0
20,200142,1,1,0,0,0,6,6,45,0,2,6,2012,7,21,5,0,6,6,E56 ROAD,US-40,0,39.01426389,-95.49129167,0,5,0,0,1,1,0,1,2,1,0,1,0,0000000,21,5,21,22,21,50,0,0,0,1,1
20,200143,1,1,0,0,0,1,1,177,5400,3,6,2012,1,23,24,0,15,6,WESTPORT DRIVE,22ND PARK,0,39.02529167,-95.75750833,0,33,0,0,1,1,0,4,2,1,0,1,0,0000000,23,28,23,34,88,88,20,0,0,1,1
20,200144,2,2,0,0,0,2,2,21,0,4,6,2012,2,12,16,1,2,2,US-400,US-69,4311,37.33821111,-94.72978333,0,12,6,0,8,1,0,1,1,1,0,1,0,0000000,12,25,12,30,13,4,0,0,0,1,0
20,200145,1,1,0,0,0,1,1,91,4285,7,6,2012,5,2,45,0,6,6,167TH STREET,,0,38.82536667,-94.66767222,0,42,0,0,1,1,0,4,3,1,0,1,0,0000000,3,10,3,15,88,88,0,0,0,1,1
20,200146,1,1,0,0,0,3,3,67,5490,7,6,2012,5,2,40,0,3,3,SR-25,,0,37.681225,-101.3635639,0,58,0,0,1,1,0,4,2,1,0,1,0,0000000,2,52,3,1,3,39,0,0,0,1,1
20,200147,2,2,0,0,0,2,2,169,0,7,6,2012,5,11,23,0,3,3,SR-140,CRAWFORD STREET,0,38.82714722,-97.69520278,0,12,2,0,2,2,0,1,1,1,0,1,0,0000000,11,23,11,30,11,45,0,0,0,1,0
20,200148,3,3,0,0,0,3,3,99,0,8,6,2012,6,21,38,0,3,2,US-59,,173,37.19348611,-95.18142778,0,12,8,0,1,1,0,1,2,1,0,1,0,0000000,22,0,22,25,23,0,0,0,0,1,0
20,200149,1,1,0,0,0,1,1,177,5400,9,6,2012,7,17,28,0,15,6,HUDSON BLVD,YALE AVE,0,39.03611111,-95.66552778,0,33,0,0,1,1,0,4,1,1,0,1,0,0000000,17,29,17,34,88,88,0,0,0,1,0
20,200150,1,1,0,0,0,3,3,53,0,9,6,2012,7,16,36,1,1,1,I-70,SR-156,2286,38.874025,-98.04553889,0,1,0,0,1,1,1,1,1,1,0,1,0,0000000,16,30,16,49,18,0,0,0,0,1,0
20,200151,1,1,0,0,0,2,2,121,4320,10,6,2012,1,20,2,0,6,6,LONESTAR ROAD,,0,38.59121389,-94.900725,0,53,0,0,1,1,0,4,1,1,0,1,0,0000000,20,3,20,10,21,46,0,0,0,1,0
20,200152,2,2,0,0,0,5,5,111,1660,12,6,2012,3,15,13,1,1,1,I-35,SR-99,1298,38.42414167,-96.1848,0,12,8,0,1,1,0,1,1,1,0,1,0,0000000,15,16,15,24,16,11,0,0,0,2,0
20,200153,1,1,0,0,0,3,3,169,0,12,6,2012,3,1,46,1,1,1,I-135,SR-4,783,38.685575,-97.62090278,0,58,0,0,1,1,0,4,3,1,0,1,0,0000000,1,49,1,59,2,37,0,0,0,1,1
20,200154,1,1,0,0,0,1,1,35,0,12,6,2012,3,13,5,0,4,6,11TH ROAD,,0,37.03894722,-97.12974167,0,35,0,0,1,1,0,4,1,1,0,1,0,0000000,13,9,13,29,88,88,0,0,0,1,0
20,200155,2,2,0,0,0,2,2,163,0,13,6,2012,4,15,30,0,6,6,23 ROAD,SR-18,0,39.21374722,-99.29793611,0,12,2,0,1,1,0,1,1,1,0,1,0,0000000,15,33,15,42,15,59,0,0,0,1,0
20,200156,1,1,0,1,1,0,0,51,0,14,6,2012,5,15,39,0,16,6,HOPEWELL ROAD,170TH AVE,0,38.97218056,-99.46298333,0,8,0,0,1,1,0,1,1,8,0,8,0,0000000,15,40,15,49,88,88,0,0,0,1,0
20,200157,1,1,0,0,0,1,1,173,0,18,6,2012,2,17,57,0,3,3,SR-42,,0,37.54701944,-97.57290833,0,43,0,0,1,1,0,4,1,6,0,6,0,0000000,18,0,18,21,19,57,0,0,0,1,0
20,200158,1,1,0,0,0,1,1,5,0,19,6,2012,3,20,40,0,4,6,SEDGEWICK ROAD,314TH ROAD,0,39.61673611,-95.11499167,0,35,0,0,1,1,0,4,1,1,0,1,0,0000000,20,42,20,48,21,59,0,0,0,1,1
20,200159,1,1,0,0,0,1,1,145,2980,20,6,2012,4,16,14,0,3,3,SR-156,,986,38.18881111,-99.15336111,0,58,0,0,1,1,0,1,1,1,0,1,0,0000000,16,16,16,22,16,45,0,0,0,1,0
20,200160,3,3,0,0,0,3,3,173,5880,20,6,2012,4,17,14,1,1,1,I-135,29TH STREET,101,37.73728056,-97.31760556,0,12,1,0,1,1,0,1,1,1,0,1,0,0000000,17,15,17,26,88,88,19,0,0,1,0
20,200161,1,1,0,0,0,1,1,55,0,21,6,2012,5,0,34,0,6,6,MARY STREET,,0,37.98936389,-100.9073,0,1,0,0,1,1,0,4,2,1,0,1,0,0000000,0,34,0,45,88,88,0,0,0,1,0