STATE,ST_CASE,VE_TOTAL,VE_FORMS,PVH_INVL,PEDS,PERNOTMVIT,PERMVIT,PERSONS,COUNTY,CITY,DAY,MONTH,YEAR,DAY_WEEK,HOUR,MINUTE,NHS,ROAD_FNC,ROUTE,TWAY_ID,TWAY_ID2,MILEPT,LATITUDE,LONGITUD,SP_JUR,HARM_EV,MAN_COLL,RELJCT1,RELJCT2,TYP_INT,WRK_ZONE,REL_ROAD,LGT_COND,WEATHER1,WEATHER2,WEATHER,SCH_BUS,RAIL,NOT_HOUR,NOT_MIN,ARR_HOUR,ARR_MIN,HOSP_HR,HOSP_MN,CF1,CF2,CF3,FATALS,DRUNK_DR
20,200162,2,2,0,0,0,3,3,45,0,22,6,2012,6,18,5,0,6,4,CR-1055,,0,38.80733889,-95.18550833,0,12,6,0,1,1,0,1,1,1,0,1,0,0000000,18,14,18,41,19,11,0,0,0,1,1
20,200163,1,1,0,1,1,6,6,173,5880,25,6,2012,2,21,31,0,14,6,GREENWICH RD,LEWIS STREET,0,37.68094722,-97.20775278,0,8,0,0,3,3,0,1,3,1,0,1,0,0000000,21,31,21,37,21,51,0,0,0,1,0
20,200164,2,2,0,0,0,2,2,123,0,25,6,2012,2,11,50,0,4,3,SR-181,V ROAD,0,39.277875,-98.47141111,0,12,8,0,2,3,0,1,1,1,0,1,0,0000000,12,1,12,20,12,49,0,0,0,1,0
20,200165,2,2,0,0,0,5,5,173,5880,26,6,2012,3,20,17,0,14,6,MUNT VERNON ROAD,EDGERMOOR DRIVE,0,37.65733333,-97.27118056,0,12,6,0,2,2,0,1,5,1,0,1,0,0000000,20,17,20,22,99,99,0,0,0,1,0
20,200166,1,1,0,0,0,2,2,173,5880,29,6,2012,6,22,32,1,2,2,US-54,,2156,37.67719167,-97.35014722,0,25,0,0,1,1,0,3,3,1,0,1,0,0000000,22,32,22,36,22,54,0,0,0,1,1
20,200167,2,2,0,0,0,3,3,103,0,29,6,2012,6,19,48,0,3,2,US-24,166TH STREET,4140,39.11643056,-94.964125,0,12,6,0,2,2,0,1,1,1,0,1,0,0000000,19,53,19,58,99,99,0,0,0,1,0
20,200168,1,1,0,0,0,2,2,15,0,29,6,2012,6,19,15,0,6,6,170TH STREET,MEADOWLARK ROAD,0,37.57782222,-97.09762778,0,42,0,0,1,1,0,4,1,1,0,1,0,0000000,19,20,19,49,20,39,0,0,0,1,1
20,200169,1,1,0,0,0,4,4,131,0,30,6,2012,7,6,38,1,2,2,US-75,,2281,39.75824722,-95.78880278,0,1,0,0,1,1,0,1,1,1,0,1,0,0000000,6,39,6,45,7,15,0,0,0,1,0
20,200170,2,2,0,0,0,3,3,209,2820,30,6,2012,7,23,15,0,14,6,PARALLEL PKWY,47TH STREET,0,39.12827222,-94.68645,0,12,1,0,3,3,0,1,3,1,0,1,0,0000000,23,15,23,19,88,88,0,0,0,1,1
20,200171,2,2,0,0,0,2,2,97,0,1,7,2012,1,0,3,1,2,2,US-54,,1184,37.6139,-99.09696944,0,12,2,0,1,1,0,1,2,1,0,1,0,0000000,0,4,0,31,1,0,0,0,0,1,0
20,200172,3,1,2,0,0,1,1,61,2790,1,7,2012,1,2,39,0,14,6,8TH STREET,JACKSON STREET,0,39.03031389,-96.83775,0,14,0,0,1,1,0,4,2,1,0,1,0,0000000,2,42,2,44,88,88,20,0,0,1,1
20,200173,2,2,0,0,0,2,2,95,0,1,7,2012,1,3,0,1,2,2,US-54,,1750,37.66291389,-98.06979444,0,12,2,0,1,1,0,1,2,1,0,1,0,0000000,3,7,3,41,4,8,0,0,0,1,1
20,200174,1,1,0,0,0,2,2,209,2820,1,7,2012,1,0,15,0,16,6,MILLS STREET,,0,39.06043889,-94.63035278,0,33,0,0,1,1,0,4,3,1,0,1,0,0000000,0,20,0,25,0,43,0,0,0,1,1
20,200176,1,1,0,0,0,1,1,193,0,1,7,2012,1,15,40,1,1,1,I-70,SR-25/I-70 JCT,587,39.31561667,-100.9849917,0,1,0,0,1,1,0,4,1,1,0,1,0,0000000,15,40,15,52,16,13,0,0,0,1,0
20,200177,1,1,0,0,0,1,1,177,5400,3,7,2012,3,4,20,0,13,2,US-24,,3638,39.09032778,-95.74636667,0,1,0,0,1,1,0,4,2,1,0,1,0,0000000,4,28,4,35,4,49,0,0,0,1,0
20,200178,1,1,0,0,0,5,5,187,2780,3,7,2012,3,15,33,0,3,2,US-160,,46,37.49474167,-101.9659528,0,1,0,0,1,1,0,4,1,1,0,1,0,0000000,15,41,15,52,16,25,0,0,0,1,0
20,200179,2,2,0,0,0,2,2,173,5880,3,7,2012,3,18,29,0,14,6,MAPLE STREET,,0,37.67950556,-97.444025,0,12,2,0,1,1,0,1,1,1,0,1,0,0000000,18,30,18,35,19,7,0,0,0,1,0
20,200180,2,2,0,0,0,2,2,191,4290,4,7,2012,4,11,57,0,3,2,US-160,,3063,37.275475,-97.20254722,0,12,2,0,1,1,0,1,1,1,0,1,0,0000000,11,58,12,28,13,4,0,0,0,1,0
20,200181,2,2,0,0,0,3,3,15,0,4,7,2012,4,14,49,1,2,3,SR-254,BUTLER RD,0,37.79550556,-97.13525278,0,12,6,0,2,2,0,1,1,1,0,1,0,0000000,14,48,14,58,15,35,0,0,0,1,0
20,200182,1,1,0,0,0,2,2,95,0,6,7,2012,6,2,35,1,2,2,US-54,,1547,37.639775,-98.43749722,0,1,0,0,1,1,0,4,2,1,0,1,0,0000000,3,1,3,17,3,54,0,0,0,1,0
20,200183,1,1,0,0,0,2,2,173,5880,7,7,2012,7,1,58,0,16,6,IRVING STREET,YOUNG STREET,0,37.67180556,-97.39756944,0,18,0,0,1,1,0,1,3,1,0,1,0,0000000,1,58,2,5,2,42,0,0,0,1,1
20,200184,1,1,0,0,0,3,3,19,0,7,7,2012,7,23,15,0,6,6,31 ROAD,DALTON ROAD,0,37.04585556,-95.98238333,0,42,0,0,1,1,0,4,2,1,0,1,0,0000000,0,6,0,24,1,20,0,0,0,1,1
20,200185,1,1,0,0,0,1,1,85,0,8,7,2012,1,7,54,0,6,6,198TH ROAD,I ROAD,0,39.40452222,-95.89453889,0,42,0,0,1,1,0,4,4,1,0,1,0,0000000,7,55,8,3,88,88,0,0,0,1,1
20,200186,2,2,0,1,1,7,7,209,2820,8,7,2012,1,3,6,0,14,6,ROE LANE,,0,39.05084722,-94.64756389,0,21,0,0,1,1,0,4,3,1,0,1,0,0000000,3,10,3,17,4,15,20,0,0,3,1
20,200187,1,1,0,0,0,3,3,173,5880,10,7,2012,3,8,51,0,16,6,BEDELL STREET,BRECKENRIDGE STREET,0,37.66734444,-97.23133611,0,5,0,0,1,1,0,1,1,1,0,1,0,0000000,8,52,9,1,9,25,0,0,0,1,0
20,200188,1,1,0,0,0,1,1,9,0,11,7,2012,4,10,40,0,6,6,10 AVE,40 ROAD,0,38.42260556,-98.79258611,0,1,0,0,1,1,0,2,1,1,0,1,0,0000000,10,49,10,57,88,88,0,0,0,1,0
20,200189,1,1,0,0,0,1,1,15,0,13,7,2012,6,13,20,1,2,2,US-77,,790,37.98760278,-96.85821111,0,1,0,0,1,1,0,2,1,1,0,1,0,0000000,13,16,13,48,14,32,0,0,0,1,0
20,200190,3,3,0,0,0,7,7,209,2820,14,7,2012,7,19,16,1,1,1,I-70,110TH STREET,4104,39.10603056,-94.83687778,0,12,1,1,18,1,0,1,1,1,0,1,0,0000000,19,20,19,25,19,50,0,0,0,1,0
20,200191,1,1,0,0,0,3,3,91,4285,14,7,2012,7,23,15,0,15,6,143RD STREET,,0,38.86911111,-94.73106667,0,52,0,0,1,1,0,4,2,1,0,1,0,0000000,23,15,23,24,99,99,0,0,0,1,0
20,200192,1,1,0,0,0,3,3,169,4900,14,7,2012,7,20,29,0,3,3,SR-140,,234,38.77509444,-97.80810278,0,1,0,0,1,1,0,4,5,1,0,1,0,0000000,20,46,21,11,22,4,0,0,0,1,1
20,200193,1,1,0,0,0,4,4,123,0,15,7,2012,1,0,20,0,6,4,CR-H,CR-360,0,39.46597778,-98.01151944,0,42,0,0,1,1,0,5,2,1,0,1,0,0000000,0,33,0,45,1,10,0,0,0,1,0
20,200194,1,1,0,0,0,5,5,167,660,15,7,2012,1,16,12,0,4,6,193 RD STREET,,0,38.84010833,-98.70623333,0,1,0,0,1,1,0,4,1,1,0,1,0,0000000,16,20,16,56,18,9,0,0,0,1,0
20,200195,1,1,0,0,0,1,1,145,0,16,7,2012,2,19,0,0,6,4,CR-F,250 AVE,0,38.01526389,-99.34440556,0,11,0,0,1,1,0,1,1,1,0,1,0,0000000,22,22,22,47,88,88,0,0,0,1,0
20,200196,1,1,0,0,0,1,1,91,5090,17,7,2012,3,2,20,0,14,6,MIZE ROAD,73RD STREET,0,38.99563889,-94.88159722,0,30,0,0,1,1,0,4,3,1,0,1,0,0000000,2,20,2,26,88,88,0,0,0,1,1
20,200197,2,2,0,0,0,2,2,15,0,17,7,2012,3,16,55,0,4,6,OHIO STREET,,0,37.75311667,-96.97085833,0,12,2,0,1,1,0,1,1,1,0,1,0,0000000,16,52,17,30,17,51,0,0,0,1,0
20,200198,1,1,0,0,0,1,1,113,0,18,7,2012,4,0,45,0,6,6,SMOKY VALLEY ROAD,12TH AVE,0,38.55063333,-97.71219167,0,34,0,0,1,1,0,4,2,1,0,1,0,0000000,1,25,1,37,88,88,0,0,0,1,1
20,200199,2,2,0,0,0,2,2,15,1540,20,7,2012,6,14,35,0,16,6,3RD AVE,STAR STREET,0,37.82101667,-96.85245278,0,12,6,0,2,2,0,1,1,1,0,1,0,0000000,14,43,14,44,15,11,0,0,0,1,0
20,200200,1,1,0,0,0,1,1,103,0,21,7,2012,7,23,0,0,4,6,MILLWOOD ROAD,,0,39.38081944,-95.12528889,0,34,0,0,1,1,0,4,2,1,0,1,0,0000000,23,3,99,97,99,97,0,0,0,1,1
20,200201,1,1,0,1,1,2,2,15,310,26,7,2012,5,14,22,1,2,2,US-54,,2446,37.70547778,-96.84456667,0,9,0,0,1,1,0,1,1,1,0,1,0,0000000,14,23,14,37,88,88,0,0,0,1,0
20,200202,2,1,1,0,0,2,2,99,4370,25,4,2012,4,15,11,0,16,6,BELMONT AVE,18TH STREET,0,37.33865,-95.26225556,0,19,0,0,4,1,0,4,1,1,0,1,0,0000000,15,12,15,15,15,30,0,0,0,1,0
20,200203,1,1,0,0,0,1,1,51,0,27,7,2012,6,18,44,1,2,2,US-183 BYPASS HWY,,15,38.86384167,-99.34323611,0,35,0,0,1,1,0,4,1,1,0,1,0,0000000,18,44,18,50,88,88,20,0,0,1,0
20,200204,1,1,0,0,0,1,1,47,0,27,7,2012,6,19,25,0,6,6,20TH AVE,0 AVE,0,37.88086111,-99.55128611,0,35,0,0,1,1,0,4,1,1,0,1,0,0000000,19,28,19,40,20,2,0,0,0,1,1
20,200205,2,2,0,0,0,2,2,173,0,29,7,2012,1,17,15,0,6,6,55TH STREET,143RD STREET,0,37.59211944,-97.17116667,0,12,6,0,2,2,0,1,1,1,0,1,0,0000000,17,16,17,24,18,6,0,0,0,1,1
20,200206,1,1,0,0,0,1,1,209,2820,29,7,2012,1,6,23,0,14,6,E SOUTH WEST BLVD,,0,39.05863333,-94.62719444,0,43,0,0,6,1,0,4,4,1,0,1,0,663544D,6,26,6,29,6,45,0,0,0,1,0
20,200207,1,1,0,0,0,1,1,61,0,29,7,2012,1,0,0,0,4,6,OLD 40 HWY,,0,38.98971667,-96.93909444,0,35,0,0,1,1,0,4,2,2,0,2,0,0000000,4,5,4,15,88,88,0,0,0,1,1
20,200208,1,1,0,0,0,1,1,67,5490,30,7,2012,2,9,7,0,3,3,SR-25,SR-25,357,37.41933056,-101.32625,0,31,0,0,1,1,0,4,1,1,0,1,0,0000000,9,7,9,15,9,50,0,0,0,1,0
20,200209,1,1,0,0,0,2,2,169,0,30,7,2012,2,3,0,0,6,6,HOLMES RD,BRAD WAY,0,38.79314167,-97.55746944,0,34,0,0,1,1,0,4,2,1,0,1,0,0000000,3,18,3,32,4,4,0,0,0,1,1
20,200210,2,2,0,0,0,4,4,1,2700,1,8,2012,4,23,55,1,2,2,US-169,OREGON RD,0,37.95112778,-95.38095278,0,12,2,0,2,2,0,1,2,1,0,1,0,0000000,23,35,23,48,0,59,0,0,0,1,0
20,200211,2,2,0,0,0,2,2,151,0,6,8,2012,2,17,0,1,2,3,SR-61,,110,37.75171111,-98.57526389,0,12,2,0,1,1,0,1,1,1,0,1,0,0000000,17,3,17,14,17,53,0,0,0,1,1
20,200212,1,1,0,0,0,3,3,209,2820,7,8,2012,3,22,32,1,1,1,I-70KTA,110TH STREET,4111,39.10625833,-94.82370278,0,58,0,0,1,1,0,4,2,1,0,1,0,0000000,22,52,22,57,23,17,0,0,0,1,1
20,200213,1,1,0,0,0,1,1,177,0,8,8,2012,4,5,50,0,6,6,SW AUBURN RD,,0,38.95621389,-95.80536389,0,11,0,0,1,1,0,1,2,1,0,1,0,0000000,6,16,6,41,7,4,0,0,0,1,0
20,200214,2,2,0,0,0,4,4,177,5400,5,8,2012,1,6,5,1,1,1,I-470,21ST STREET,2621,39.03001667,-95.60610278,0,12,1,1,18,1,1,1,1,1,0,1,0,0000000,6,12,6,22,88,88,0,0,0,1,0
20,200215,1,1,0,0,0,1,1,57,1370,7,8,2012,3,2,20,0,16,6,MARKET STREET,,0,37.73958611,-100.0290556,0,33,0,0,1,1,0,4,3,1,0,1,0,009109W,2,24,2,34,2,59,0,0,0,1,1
20,200216,2,2,0,0,0,5,5,197,0,9,8,2012,5,5,25,0,4,3,SR-4,,2977,38.8976,-96.08438611,0,12,2,0,1,1,0,1,4,1,0,1,0,0000000,5,44,6,16,6,38,0,0,0,1,0
20,200217,2,2,0,0,0,8,8,115,0,10,8,2012,6,11,43,0,3,2,US-56,,3229,38.173,-96.91259722,0,12,2,0,1,1,0,1,1,1,0,1,0,0000000,12,1,12,11,12,27,0,0,0,3,0
20,200218,1,1,0,1,1,1,1,119,4469,10,8,2012,6,19,0,0,6,6,ERIE STREET,OHIO STREET,0,37.26007222,-100.5962639,0,8,0,0,3,4,0,1,1,1,0,1,0,0000000,19,1,19,16,88,88,0,0,0,1,1
20,200219,2,2,0,0,0,4,4,37,0,10,8,2012,6,17,21,0,4,3,SR-126,260TH STREET,260,37.41069722,-94.63082222,0,12,6,0,2,2,0,1,1,1,0,1,0,0000000,17,40,17,48,99,99,0,0,0,1,0
20,200220,2,2,0,0,0,3,3,103,375,10,8,2012,6,15,35,0,3,2,US-24,158TH STREET,4146,39.11602222,-94.94548889,0,12,6,0,2,2,0,1,1,1,0,1,0,0000000,15,35,15,41,88,88,0,0,0,1,0
20,200221,2,2,0,0,0,3,3,169,4900,11,8,2012,7,14,50,1,1,1,I-70,I-135,2508,38.87436111,-97.64453333,0,12,7,1,17,1,0,1,1,1,0,1,0,0000000,14,56,15,24,15,39,0,0,0,1,0
20,200222,1,1,0,0,0,1,1,163,0,12,8,2012,1,3,0,0,6,4,CR-Z,CR-23,0,39.20484167,-99.19339167,0,35,0,0,1,1,0,4,2,1,0,1,0,0000000,9,36,9,47,11,15,0,0,0,1,1
20,200223,1,1,0,0,0,1,1,103,0,12,8,2012,1,99,99,0,3,2,US-24,,4025,39.05881944,-95.111875,0,5,0,0,1,1,0,1,2,1,0,1,0,0000000,23,9,23,11,88,88,0,0,0,1,1
20,200224,2,2,0,0,0,3,3,79,0,13,8,2012,2,20,53,0,6,6,RIDGE RD,CR-1,0,38.04281389,-97.42710556,0,12,6,0,2,2,0,1,5,1,0,1,0,0000000,20,41,21,48,22,9,0,0,0,1,1
20,200225,1,1,0,0,0,2,2,29,0,13,8,2012,2,13,18,1,2,2,US-81,,1993,39.51105556,-97.65597778,0,31,0,0,1,1,0,4,1,1,0,1,0,0000000,13,19,13,27,13,38,0,0,0,2,0
20,200226,1,1,0,0,0,1,1,87,0,17,8,2012,6,99,99,0,3,2,US-59,,1769,39.41000278,-95.32578333,0,34,0,0,1,1,0,4,2,1,0,1,0,0000000,6,45,6,48,88,88,0,0,0,1,0
20,200227,1,1,0,0,0,1,1,149,0,18,8,2012,7,20,37,0,6,6,DULUTH ROAD,NEUCHATEL ROAD,0,39.52581667,-96.19395556,0,34,0,0,1,1,0,4,2,1,0,1,0,0000000,20,45,20,58,88,88,0,0,0,1,0
20,200228,1,1,0,0,0,2,2,173,5520,19,8,2012,1,2,29,0,13,6,MERIDIAN STREET,,0,37.83038611,-97.37200278,0,33,0,0,1,1,0,4,3,1,0,1,0,0000000,2,29,2,34,88,88,0,0,0,1,1
20,200229,1,1,0,0,0,1,1,121,3320,19,8,2012,1,17,8,1,2,2,US-69,,1174,38.55916944,-94.69178889,0,39,0,0,1,1,0,4,1,1,0,1,0,0000000,99,99,99,99,88,88,0,0,0,1,1
20,200230,1,1,0,0,0,1,1,5,0,22,8,2012,4,13,15,0,4,6,BOURBON ROAD,,0,39.527375,-95.51345833,0,38,0,0,1,1,0,5,1,1,0,1,0,0000000,13,31,13,43,88,88,0,0,0,1,1
20,200231,1,1,0,0,0,1,1,151,0,23,8,2012,5,10,27,0,4,6,SW 20TH STREET,SW 110TH STREET,0,37.61525556,-98.95036944,0,1,0,0,1,1,0,4,1,1,0,1,0,0000000,10,29,10,39,88,88,0,0,0,1,0
20,200232,2,2,0,0,0,2,2,45,3010,23,8,2012,5,8,50,0,3,2,US-40,KTA ENTRANCE ROAD,0,38.99145,-95.23326389,0,12,6,0,2,2,0,1,1,1,0,1,0,0000000,8,54,8,57,88,88,0,0,0,1,0
20,200233,2,2,0,0,0,2,2,117,0,24,8,2012,6,8,0,0,3,3,SR-99,,2151,39.76655833,-96.41711111,0,12,2,0,1,1,0,1,1,2,0,2,0,0000000,8,15,8,34,9,1,0,0,0,1,0
20,200234,1,1,0,0,0,1,1,91,4140,24,8,2012,6,8,15,1,1,1,I-35,167TH STREET,2127,38.827675,-94.85585556,0,43,0,0,1,1,0,3,1,1,0,1,0,0000000,8,19,8,26,8,44,0,0,0,1,0
20,200235,1,1,0,0,0,7,7,193,0,24,8,2012,6,23,28,0,6,6,CR-23,CR-AA,0,39.510125,-100.9817694,0,34,0,0,3,1,0,4,2,1,0,1,0,0000000,0,15,0,44,1,4,0,0,0,1,1
20,200236,2,2,0,0,0,2,2,103,3020,24,8,2012,6,5,39,0,3,2,US-73,EISENHOWER RD,0,39.26958611,-94.89934444,0,12,6,0,2,2,0,1,2,1,0,1,0,0000000,5,45,5,54,5,56,0,0,0,1,0
20,200237,1,1,0,0,0,1,1,61,0,24,8,2012,6,99,99,1,1,1,I-70,MCDOWELL CREEK ROAD,3106,39.06535833,-96.59863333,0,31,0,0,1,1,0,4,3,2,8,2,0,0000000,2,56,3,10,3,41,0,0,0,1,0
20,200238,1,1,0,0,0,1,1,25,240,24,8,2012,6,22,0,0,4,3,SR-34,,0,37.27776389,-99.63300833,0,32,0,0,1,1,0,4,2,2,0,2,0,0000000,22,7,22,24,88,88,0,0,0,1,0
20,200239,1,1,0,0,0,2,2,93,0,25,8,2012,7,18,30,0,6,4,CR-B,US-50,0,37.987575,-101.5224222,0,1,0,0,1,1,0,4,5,1,0,1,0,0000000,19,19,19,55,20,20,0,0,0,1,0
20,200240,2,2,0,0,0,2,2,45,0,28,8,2012,3,17,0,1,2,2,US-59,N 150,1420,38.76023889,-95.26949444,0,12,6,0,2,2,0,1,1,1,0,1,0,0000000,17,12,17,30,18,5,0,0,0,1,0
20,200241,2,1,1,0,0,1,1,177,5400,28,8,2012,3,21,20,0,16,6,SW 35TH TERR,,0,39.00389167,-95.70964722,0,14,0,0,1,1,0,7,2,1,0,1,0,0000000,21,21,21,28,21,48,0,0,0,1,1
20,200242,1,1,0,0,0,1,1,169,0,31,8,2012,6,2,12,1,2,2,US-81,,1554,38.92298889,-97.64443889,0,31,0,0,1,1,0,4,2,1,0,1,0,0000000,2,16,2,28,2,51,0,0,0,1,1
20,200243,2,2,0,0,0,2,2,159,0,30,8,2012,5,21,10,1,2,2,US-56,,2391,38.36443611,-98.15927222,0,12,2,0,1,1,0,1,3,1,0,1,0,0000000,21,14,21,16,21,55,0,0,0,1,1
20,200244,1,1,0,0,0,1,1,145,0,1,9,2012,7,19,30,0,4,6,30TH AVE,CR-H ROAD,0,38.08003333,-98.94915,0,1,0,0,1,1,0,4,5,1,0,1,0,0000000,20,3,20,20,20,42,0,0,0,1,0
20,200245,2,2,0,0,0,3,3,171,0,2,9,2012,1,17,7,0,3,3,SR-96,PITTMAN LANE RD,638,38.48272222,-100.8724889,0,12,6,0,2,3,0,1,1,1,0,1,0,0000000,17,9,17,20,17,32,0,0,0,1,0
20,200246,2,2,0,0,0,3,3,209,2820,2,9,2012,1,19,51,0,14,6,PARALLEL PKWY,32ND STREET,0,39.12835556,-94.666375,0,12,6,0,2,3,0,1,3,1,0,1,0,0000000,19,52,19,59,20,48,0,0,0,1,1
20,200247,1,1,0,0,0,4,4,107,0,3,9,2012,2,12,22,0,5,4,CR-1077 ROAD,,0,38.36148056,-94.95463333,0,1,0,0,1,1,0,4,1,1,0,1,0,0000000,12,51,13,7,13,55,0,0,0,1,0
20,200248,2,2,0,0,0,2,2,139,0,5,9,2012,4,15,34,0,3,3,SR-268,SHAWNEE HEIGHTS ROAD,65,38.63485,-95.56393056,0,12,6,0,2,4,0,1,1,1,0,1,0,0000000,15,39,15,52,88,88,0,0,0,1,0
20,200249,2,2,0,0,0,4,4,155,2660,5,9,2012,4,8,25,0,13,6,E 4TH AVE,,0,38.05764722,-97.87780278,0,12,2,0,1,1,0,1,1,1,0,1,0,0000000,8,39,8,45,9,10,0,0,0,1,0
20,200250,1,1,0,0,0,3,3,179,0,5,9,2012,4,21,45,0,3,3,SR-123,,225,39.55284167,-100.4410583,0,43,0,0,1,1,0,4,2,1,0,1,0,0000000,22,9,22,28,23,14,0,0,0,1,0
20,200251,2,2,0,0,0,2,2,5,0,6,9,2012,5,8,52,1,2,2,US-59,SR-116,1980,39.46250556,-95.26063889,0,12,6,0,2,3,0,1,1,1,0,1,0,0000000,99,98,99,98,88,88,0,0,0,1,0
20,200253,1,1,0,0,0,2,2,173,0,7,9,2012,6,21,5,0,6,6,S LAURA AVE,E 82ND STREET,0,37.54489444,-97.32235,0,34,0,0,3,3,0,4,2,1,0,1,0,0000000,21,11,21,25,88,88,0,0,0,1,0
20,200254,1,1,0,0,0,2,2,199,0,9,9,2012,1,0,35,0,3,2,US-40,,28,38.863225,-102.0020722,0,11,0,0,1,1,0,1,2,1,0,1,0,0000000,0,54,0,56,1,53,0,0,0,1,1
20,200255,1,1,0,0,0,1,1,113,0,10,9,2012,2,13,42,0,3,3,SR-4,,1800,38.56553056,-97.76235,0,34,0,0,1,1,0,4,1,1,0,1,0,0000000,88,88,88,88,88,88,0,0,0,1,0
20,200256,2,2,0,0,0,6,6,87,0,11,9,2012,3,10,45,1,2,2,US-24,,3728,39.08883889,-95.58496111,0,12,7,0,7,1,0,1,1,1,0,1,0,0000000,10,53,11,1,99,99,0,0,0,1,0
20,200258,1,1,0,0,0,2,2,21,0,14,9,2012,6,19,50,0,4,3,SR-102,,0,37.28126667,-94.86748056,0,32,0,0,1,1,0,4,2,1,0,1,0,0000000,19,57,20,8,88,88,0,0,0,2,1
20,200259,1,1,0,0,0,1,1,209,2820,14,9,2012,6,11,27,0,16,6,S 74TH STREET,RIVERVIEW STREET,0,39.08756389,-94.75084167,0,58,0,0,1,1,0,4,1,1,0,1,0,0000000,11,29,11,34,12,1,0,0,0,1,0
20,200260,2,2,0,0,0,2,2,173,0,14,9,2012,6,10,40,0,4,6,W 39TH STREET,263RD STREET,0,37.61925556,-97.642825,0,12,6,0,2,2,0,1,1,1,0,1,0,0000000,10,40,10,59,11,48,0,0,0,1,0
20,200261,1,1,0,0,0,1,1,125,0,14,9,2012,6,8,50,1,2,2,US-166,,950,37.0332,-95.80116667,0,1,0,0,1,1,0,4,1,2,0,2,0,0000000,8,58,9,8,10,3,0,0,0,1,0
20,200262,1,1,0,0,0,1,1,57,1370,15,9,2012,7,12,15,0,13,6,N 14TH AVE,PARK STREET,0,37.75087778,-100.0329167,0,33,0,0,3,2,0,4,1,1,0,1,0,0000000,12,16,12,17,12,50,0,0,0,1,0
20,200263,2,2,0,0,0,2,2,9,0,16,9,2012,1,8,28,0,3,2,US-281,SR-4,1190,38.52150556,-98.77805833,0,12,6,0,2,2,0,1,1,5,0,5,0,0000000,8,28,8,40,9,11,0,0,0,1,0
20,200264,2,2,0,0,0,2,2,9,0,16,9,2012,1,13,41,0,3,2,US-281,NE 170TH STREET,920,38.60863056,-98.84871944,0,12,6,0,2,2,0,1,1,1,0,1,0,0000000,13,43,14,3,88,88,0,0,0,1,0
20,200265,1,1,0,0,0,4,4,79,0,16,9,2012,1,21,4,0,6,6,N WOODBERRY RD,W DUTCH AVE,0,38.1434,-97.70194444,0,1,0,0,1,1,0,4,2,1,0,1,0,0000000,21,5,21,20,22,41,0,0,0,1,0
20,200266,1,1,0,0,0,1,1,87,0,16,9,2012,1,3,0,0,6,6,QUAIL HILL,VALLEY VIEW,0,39.23562778,-95.44105,0,43,0,0,1,1,0,4,3,1,0,1,0,0000000,4,16,4,27,88,88,0,0,0,1,1
20,200267,1,1,0,0,0,1,1,45,0,16,9,2012,1,15,10,0,6,6,CR-458,CR-1039,0,38.88438333,-95.32617222,0,1,0,0,1,1,0,1,1,1,0,1,0,0000000,15,31,15,34,16,13,0,0,0,1,0
20,200268,2,2,0,0,0,3,3,209,2820,17,9,2012,2,18,40,1,1,1,I-70 KTA,118 STREET,2256,39.10466111,-94.84971944,0,25,0,0,1,1,0,4,1,1,0,1,0,0000000,18,42,18,50,19,17,0,0,0,1,0
20,200269,1,1,0,0,0,1,1,15,0,19,9,2012,4,23,19,0,6,6,S ANDOVER ROAD,,0,37.65971111,-97.135225,0,35,0,0,1,1,0,5,2,1,0,1,0,0000000,23,18,23,23,88,88,0,0,0,1,1
20,200270,1,1,0,0,0,3,3,59,0,19,9,2012,4,17,35,0,6,6,IOWA RD,,0,38.70875833,-95.32169444,0,30,0,0,1,1,0,4,1,1,0,1,0,0000000,17,38,17,52,99,99,0,0,0,1,1
20,200271,1,1,0,2,2,1,1,121,4320,21,9,2012,6,16,4,0,16,6,E OSAGE STREET,MAPLE STREET,0,38.56641944,-94.87436944,0,9,0,0,2,2,0,1,1,1,0,1,0,0000000,16,4,16,13,16,19,0,0,0,1,0
20,200272,1,1,0,0,0,6,6,69,0,22,9,2012,7,14,23,1,2,2,US-50,,868,37.86685833,-100.5905333,0,34,0,0,1,1,0,4,1,1,0,1,0,0000000,14,25,14,40,15,21,0,0,0,1,0
20,200273,2,2,0,0,0,5,5,103,0,22,9,2012,7,19,15,0,4,6,207TH STREET,MT OLIVER ROAD,0,39.33185556,-95.05816389,3,12,6,0,2,2,0,1,5,1,0,1,0,0000000,19,15,19,33,99,99,0,0,0,2,1
20,200274,1,1,0,0,0,1,1,155,0,22,9,2012,7,9,20,0,4,6,E 82ND AVE,,0,38.14471389,-97.72572222,0,19,0,0,1,1,0,5,1,1,0,1,0,0000000,10,4,10,21,10,47,0,0,0,1,0
20,200275,1,1,0,0,0,1,1,207,0,23,9,2012,1,10,0,1,2,2,US-54,,3032,37.83637778,-95.93130556,0,58,0,0,1,1,0,5,1,1,0,1,0,0000000,10,19,10,32,88,88,0,0,0,1,0
20,200276,1,1,0,1,1,1,1,113,0,23,9,2012,1,12,45,0,4,6,18TH AVE,FRONTIER RD,0,38.3361,-97.59276944,0,9,0,0,1,1,0,1,1,1,0,1,0,0000000,12,49,13,0,88,88,0,0,0,1,0
20,200277,2,2,0,0,0,2,2,57,0,24,9,2012,2,8,40,1,2,2,US-50,N 127 ROAD,1383,37.85875556,-99.73461944,0,12,6,0,2,2,1,1,1,1,0,1,0,0000000,8,44,8,51,88,88,0,0,0,1,0