STATE,ST_CASE,VE_TOTAL,VE_FORMS,PVH_INVL,PEDS,PERNOTMVIT,PERMVIT,PERSONS,COUNTY,CITY,DAY,MONTH,YEAR,DAY_WEEK,HOUR,MINUTE,NHS,ROAD_FNC,ROUTE,TWAY_ID,TWAY_ID2,MILEPT,LATITUDE,LONGITUD,SP_JUR,HARM_EV,MAN_COLL,RELJCT1,RELJCT2,TYP_INT,WRK_ZONE,REL_ROAD,LGT_COND,WEATHER1,WEATHER2,WEATHER,SCH_BUS,RAIL,NOT_HOUR,NOT_MIN,ARR_HOUR,ARR_MIN,HOSP_HR,HOSP_MN,CF1,CF2,CF3,FATALS,DRUNK_DR
20,200278,2,2,0,0,0,2,2,11,0,25,9,2012,3,7,26,1,2,2,US-54,,3799,37.84097222,-94.62154722,0,12,2,0,1,1,0,1,1,1,0,1,0,0000000,7,36,8,2,8,49,0,0,0,1,0
20,200279,2,2,0,0,0,2,2,173,5880,26,9,2012,4,14,50,1,2,2,US-54,,2244,37.67935556,-97.23384722,0,12,7,0,1,1,0,1,1,1,0,1,0,0000000,14,50,14,52,88,88,0,0,0,1,0
20,200280,1,1,0,0,0,1,1,77,0,26,9,2012,4,12,25,0,3,3,SR-2,,0,37.33173333,-97.96287222,0,58,0,0,1,1,0,4,1,1,0,1,0,0000000,12,20,12,27,88,88,0,0,0,1,0
20,200281,1,1,0,0,0,1,1,3,0,26,9,2012,4,9,22,0,6,6,E PARKS RD,,0,38.28824167,-95.217875,0,30,0,0,1,1,0,4,1,2,0,2,0,0000000,9,23,9,28,9,46,0,0,0,1,0
20,200282,3,3,0,0,0,4,4,91,3705,26,9,2012,4,15,50,1,2,2,US-69 (METCALF AVE),W 56TH STREET,0,39.02709722,-94.6677,0,12,6,0,2,3,0,1,1,1,0,1,0,0000000,15,53,15,59,16,20,14,0,0,1,0
20,200283,2,2,0,0,0,2,2,155,0,27,9,2012,5,15,1,1,2,3,SR-96,,2337,38.13891111,-98.07123611,0,12,2,0,1,1,0,1,1,1,0,1,0,0000000,15,7,15,15,16,3,0,0,0,1,0
20,200284,1,1,0,0,0,1,1,21,0,27,9,2012,5,13,43,0,6,6,SW30TH STREET,,0,37.16748889,-94.88611667,0,1,0,0,1,1,0,4,1,1,0,1,0,0000000,13,43,14,5,14,20,0,0,0,1,1
20,200285,2,2,0,2,2,1,1,91,3080,29,9,2012,7,2,20,1,1,1,I-35,COLLEGE BLVD,2217,38.92945278,-94.75535,0,12,1,0,1,1,1,1,2,1,0,1,0,0000000,2,32,2,38,2,55,23,0,0,1,0
20,200286,1,1,0,0,0,5,5,177,0,29,9,2012,7,22,32,0,6,6,SE 101ST,SE PAULEN,0,38.88433611,-95.59115278,0,38,0,0,1,1,0,4,1,1,0,1,0,0000000,22,38,23,2,23,35,0,0,0,1,0
20,200287,2,2,0,0,0,5,5,73,0,30,9,2012,1,16,18,1,2,2,US-400,,3212,37.6224,-96.04916667,0,12,6,0,1,1,0,4,1,1,0,1,0,0000000,16,22,16,44,18,0,0,0,0,1,0
20,200288,1,1,0,0,0,1,1,191,0,1,10,2012,2,18,0,1,1,1,I-35 KTA,US-166,40,37.05633889,-97.33791944,0,1,0,1,5,1,0,4,1,1,0,1,0,0000000,18,1,18,22,88,88,0,0,0,1,0
20,200289,2,2,0,0,0,3,3,155,0,1,10,2012,2,16,50,0,4,6,N BUHLER RD,,0,38.16624167,-97.77555556,0,12,6,0,8,1,0,1,1,1,0,1,0,0000000,16,57,17,0,17,38,0,0,0,1,0
20,200290,1,1,0,0,0,2,2,9,0,3,10,2012,4,10,10,0,6,6,NW 10 AVE,NW 70 RD,0,38.46344444,-98.79298333,0,30,0,0,1,1,0,4,1,1,0,1,0,0000000,10,18,10,23,99,99,0,0,0,1,0
20,200291,1,1,0,0,0,1,1,173,5880,3,10,2012,4,15,29,1,1,1,I-35 KTA,US-54,495,37.67561944,-97.22991944,0,31,0,1,5,1,0,4,1,1,0,1,0,0000000,15,30,15,39,88,88,0,0,0,1,0
20,200292,1,1,0,1,1,2,2,9,0,6,10,2012,7,21,48,0,3,2,US-281,,1118,38.4747,-98.77413056,0,8,0,0,1,1,1,1,2,1,0,1,0,0000000,21,55,21,58,22,10,19,0,0,1,1
20,200293,1,1,0,0,0,3,3,79,0,6,10,2012,7,12,17,0,6,6,NE 48TH STREET,N WOODLAWN RD,0,38.10224722,-97.27268889,0,10,0,0,6,1,0,1,1,2,0,2,0,009167s,12,16,12,30,13,19,0,0,0,1,0
20,200294,2,2,0,0,0,2,2,91,4285,6,10,2012,7,5,40,0,14,6,W 103RD STREET,NALL AVE,0,38.94184722,-94.64867222,0,12,6,0,2,2,0,1,3,1,0,1,0,0000000,5,43,5,48,6,7,0,0,0,2,0
20,200295,1,1,0,0,0,6,6,75,5330,7,10,2012,1,21,30,0,5,6,S BARTON RD,US-50,0,37.97224722,-101.7423333,0,1,0,0,1,1,0,4,2,1,0,1,0,0000000,21,45,21,47,22,5,0,0,0,1,0
20,200296,1,1,0,0,0,1,1,45,0,7,10,2012,1,2,10,0,4,6,E 1400 RD,,0,39.04234167,-95.24231111,0,32,0,0,1,1,0,4,2,1,0,1,0,0000000,2,28,2,38,3,43,0,0,0,1,1
20,200297,2,2,0,0,0,2,2,85,0,8,10,2012,2,8,39,1,2,2,US-75,,1915,39.50600556,-95.74827778,0,12,2,0,1,1,0,1,1,1,0,1,0,0000000,8,56,9,4,88,88,0,0,0,1,0
20,200298,1,1,0,1,1,3,3,209,2820,8,10,2012,2,15,28,1,2,2,US-69,,1561,39.07215278,-94.65045,0,8,0,0,1,1,0,1,1,1,0,1,0,0000000,15,32,15,37,88,88,0,0,0,1,0
20,200299,1,1,0,0,0,1,1,183,0,8,10,2012,2,15,6,0,4,3,SR-8,,59,39.85563889,-98.93460556,0,34,0,0,1,1,0,4,1,1,0,1,0,0000000,15,8,15,21,15,50,0,0,0,1,0
20,200300,3,3,0,0,0,4,4,91,3645,9,10,2012,3,13,3,0,15,6,W 67TH STREET,,0,39.00747778,-94.70021944,0,12,7,0,1,1,0,1,1,1,0,1,0,0000000,13,6,13,12,13,30,0,0,0,1,1
20,200301,1,1,0,0,0,1,1,207,5410,10,10,2012,4,7,45,0,4,3,SR-105,,60,37.79770833,-95.95605556,0,32,0,0,1,1,0,4,1,1,0,1,0,0000000,7,47,8,5,88,88,0,0,0,1,1
20,200302,1,1,0,0,0,2,2,141,0,12,10,2012,6,23,30,0,4,6,CR-362,190TH RD,0,39.55412778,-98.85550833,0,1,0,0,1,1,0,4,2,2,0,2,0,0000000,23,44,0,3,0,24,0,0,0,1,0
20,200303,2,2,0,0,0,2,2,147,0,14,10,2012,1,20,50,1,2,2,US-183,,2073,39.64885556,-99.30940278,0,12,2,0,1,1,0,1,2,1,0,1,0,0000000,20,52,21,3,88,88,0,0,0,1,0
20,200304,2,2,0,0,0,3,3,191,0,15,10,2012,2,6,24,1,2,3,SR-15,,612,37.46611944,-97.21610556,0,12,2,0,1,1,0,1,2,1,0,1,0,0000000,6,25,6,35,99,99,0,0,0,2,0
20,200305,3,3,0,0,0,4,4,111,0,16,10,2012,3,18,41,0,3,3,SR-99,,963,38.27388889,-96.18041389,0,12,1,0,1,1,0,1,1,1,0,1,0,0000000,18,44,18,53,20,7,0,0,0,1,0
20,200306,2,2,0,0,0,2,2,173,5880,18,10,2012,5,17,13,0,13,6,E PAWNEE AVE,,0,37.65009167,-97.27168333,0,12,6,0,1,1,0,1,3,1,0,1,0,0000000,99,98,99,98,88,88,0,0,0,1,0
20,200307,2,2,0,0,0,2,2,173,5880,19,10,2012,6,14,32,0,13,6,W PAWNEE AVE,S WALNUT STREET,0,37.65148056,-97.35086944,0,12,6,0,2,3,0,1,1,1,0,1,0,0000000,14,32,14,33,15,6,0,0,0,1,0
20,200308,2,2,0,0,0,2,2,57,0,21,10,2012,1,16,5,1,2,2,US-54,CR-127,830,37.53199722,-99.72104167,0,12,6,0,2,2,0,1,1,1,0,1,0,0000000,16,25,16,35,88,88,0,0,0,1,1
20,200309,2,2,0,0,0,4,4,169,0,21,10,2012,1,14,20,0,5,6,W CORONAD HEIGHTS RD,S MUIR RD,0,38.60913056,-97.72188333,0,12,6,0,2,2,0,1,1,1,0,1,0,0000000,14,31,14,54,15,9,0,0,0,1,0
20,200310,1,1,0,1,1,1,1,181,2110,23,10,2012,3,22,29,0,6,6,E 17TH STREET,,0,39.341625,-101.7112806,0,8,0,0,1,1,0,1,3,1,0,1,0,0000000,22,30,22,36,88,88,0,0,0,1,0
20,200311,1,1,0,1,1,1,1,91,4285,23,10,2012,3,22,37,0,15,6,W 71ST STREET,,0,39.00036667,-94.66556389,0,8,0,0,8,1,0,1,3,1,0,1,0,0000000,22,40,22,50,23,10,0,0,0,1,0
20,200312,1,1,0,0,0,1,1,159,0,24,10,2012,4,18,30,0,6,6,AVE J,28TH ROAD,0,38.39138611,-97.97029167,0,1,0,0,1,1,0,4,5,1,0,1,0,0000000,18,43,18,59,88,88,0,0,0,1,1
20,200313,1,1,0,0,0,3,3,15,0,25,10,2012,5,23,31,1,2,2,US-77,,478,37.657375,-96.98100556,0,1,0,0,1,1,0,4,2,1,0,1,0,0000000,22,38,23,39,0,20,0,0,0,1,0
20,200314,1,1,0,0,0,1,1,15,0,26,10,2012,6,1,35,1,2,2,US-254,,130,37.798025,-97.08948611,0,1,0,0,1,1,0,4,2,1,0,1,0,0000000,1,37,1,50,88,88,0,0,0,1,1
20,200315,2,2,0,0,0,4,4,55,0,26,10,2012,6,21,19,1,2,2,US-83,,785,38.08035,-100.8820722,0,12,2,0,1,1,0,1,2,1,0,1,0,0000000,21,29,21,36,22,27,0,0,0,3,1
20,200316,1,1,0,0,0,2,2,45,3010,26,10,2012,6,0,18,0,16,6,CRESCENT RD,SPENCER DR,0,38.95898056,-95.25518611,0,30,0,0,1,1,0,4,3,1,0,1,0,0000000,0,23,0,31,1,2,0,0,0,1,0
20,200317,1,1,0,0,0,3,3,155,2660,26,10,2012,6,21,30,0,6,6,W 1ST AVE,N HENDRICKS,0,38.05367778,-97.95873889,0,1,0,0,1,1,0,4,3,1,0,1,0,0000000,21,32,21,37,22,20,0,0,0,1,0
20,200318,2,2,0,0,0,3,3,91,4140,27,10,2012,7,17,28,0,14,6,W 151ST,S PFLUMM RD,0,38.85458056,-94.74216944,0,12,6,0,2,2,0,1,1,1,0,1,0,0000000,17,28,17,32,17,40,0,0,0,1,0
20,200319,3,3,0,0,0,4,4,173,5880,27,10,2012,7,0,11,1,2,2,US-54,,2157,37.67748333,-97.34702222,0,12,7,1,18,1,0,1,3,1,0,1,0,0000000,0,11,0,18,0,33,0,0,0,1,0
20,200320,1,1,0,1,1,1,1,149,0,28,10,2012,1,0,5,1,2,2,US-24,,0,39.19631111,-96.499475,0,8,0,0,1,1,0,1,2,1,0,1,0,0000000,99,99,99,99,99,99,0,0,0,1,0
20,200321,1,1,0,0,0,2,2,13,0,29,10,2012,2,9,54,0,6,6,260TH RD,JACKRABBIT RD,0,39.88481111,-95.57186667,0,10,0,0,6,1,0,1,1,1,0,1,0,814762E,88,88,88,88,88,88,0,0,0,2,0
20,200322,1,1,0,0,0,1,1,91,1970,30,10,2012,3,8,2,1,1,2,US-56,,0,38.811425,-94.88416111,0,24,0,1,18,1,0,4,1,1,0,1,0,0000000,8,3,8,6,8,43,0,0,0,1,0
20,200323,1,1,0,0,0,2,2,191,0,3,11,2012,7,15,10,1,1,1,I-35 KTA TPKE,SR-55,274,37.40625278,-97.32283611,0,24,0,0,1,1,0,4,1,1,0,1,0,0000000,88,88,88,88,88,88,0,0,0,2,0
20,200324,1,1,0,0,0,1,1,125,0,4,11,2012,1,13,50,1,2,2,US-166,,910,37.03326389,-95.85651667,0,32,0,0,1,1,0,4,1,1,0,1,0,0000000,13,52,13,59,14,43,0,0,0,1,1
20,200325,1,1,0,1,1,1,1,209,2820,6,11,2012,3,14,0,0,14,6,SHAWNEE DR,S 48TH STREET,0,39.04893333,-94.687875,0,9,0,0,3,1,0,1,1,1,0,1,0,0000000,14,1,14,6,14,17,0,0,0,1,0
20,200326,1,1,0,1,1,1,1,149,0,6,11,2012,3,17,44,0,3,3,SR-16,,82,39.42815556,-96.60888611,0,8,0,0,8,1,0,1,2,1,0,1,0,0000000,17,46,18,3,88,88,19,0,0,1,0
20,200327,2,2,0,0,0,3,3,35,0,7,11,2012,4,15,55,0,3,2,US-160,,0,37.31649722,-96.68001667,0,12,1,0,1,1,0,1,1,1,0,1,0,0000000,16,6,99,99,99,99,0,0,0,1,0
20,200328,2,2,0,0,0,7,7,173,5880,8,11,2012,5,8,5,1,2,2,US-54,S ZZELTA STREET,0,37.67933889,-97.1986,0,12,6,0,2,2,0,1,1,1,0,1,0,0000000,8,14,8,23,8,36,0,0,0,1,0
20,200330,2,2,0,1,1,1,1,81,0,11,11,2012,1,1,50,0,6,4,CR-KK,US-160,0,37.55951944,-100.9074083,0,12,1,0,1,1,0,1,2,8,0,8,0,0000000,2,19,2,35,3,59,23,0,0,1,1
20,200331,1,1,0,1,1,1,1,155,2660,11,11,2012,1,15,48,0,13,6,E A AVE,S POPLAR STREET,0,38.05094167,-97.928075,0,8,0,0,2,2,0,1,1,1,0,1,0,0000000,16,0,16,13,16,55,0,0,0,1,0
20,200332,1,1,0,0,0,2,2,45,3010,16,11,2012,6,17,46,0,3,3,SR-10,,109,38.94280833,-95.242575,0,30,0,0,1,1,0,4,3,1,0,1,0,0000000,17,46,17,50,18,17,0,0,0,1,0
20,200333,1,1,0,0,0,1,1,145,1980,20,11,2012,3,99,99,0,6,6,N 200TH AVE RD,W FORD RD,0,38.07339167,-99.25873889,0,30,0,0,1,1,0,4,2,1,0,1,0,0000000,7,11,7,27,88,88,0,0,0,1,1
20,200334,1,1,0,0,0,1,1,91,4285,20,11,2012,3,1,50,1,1,1,I-435 RAMP,N US-69,810,38.93476389,-94.704075,0,1,0,0,5,1,0,4,3,1,0,1,0,0000000,1,53,2,1,88,88,0,0,0,1,1
20,200335,1,1,0,0,0,1,1,45,0,21,11,2012,4,99,99,0,4,6,N 900 RD,E 2200 RD,0,38.86942778,-95.09480278,0,30,0,0,1,1,0,4,2,1,0,1,0,0000000,22,18,22,29,88,88,0,0,0,1,1
20,200336,1,1,0,1,1,1,1,173,0,21,11,2012,4,21,17,0,4,6,S 167TH STREET,W 51ST STREET,0,37.59739722,-97.53431111,0,8,0,0,1,1,0,1,2,6,0,6,0,0000000,21,17,21,27,88,88,0,0,0,1,0
20,200337,1,1,0,0,0,2,2,61,0,22,11,2012,5,11,54,1,1,1,I-70,MARSHALL DR,3000,39.038475,-96.767,0,42,0,1,19,1,0,4,1,1,0,1,0,0000000,11,58,12,0,12,23,0,0,0,1,0
20,200339,2,2,0,0,0,2,2,117,3560,25,11,2012,1,7,55,1,2,2,US-36,6TH RD,2925,39.84169722,-96.71113056,0,12,6,0,2,2,0,1,1,1,0,1,0,0000000,8,0,8,6,8,34,0,0,0,1,0
20,200340,1,1,0,0,0,1,1,9,0,26,11,2012,2,7,12,0,3,3,SR-4,,1249,38.53609167,-98.81395833,0,32,0,0,1,1,0,5,4,1,0,1,0,0000000,7,15,7,23,88,88,0,0,0,1,0
20,200341,2,2,0,0,0,2,2,157,0,28,11,2012,4,9,31,1,2,2,US-81,MARBLE RD,0,39.84094722,-97.63323611,0,12,6,0,2,2,0,1,1,1,0,1,0,0000000,9,32,9,37,88,88,0,0,0,1,0
20,200342,1,1,0,0,0,1,1,209,2820,30,11,2012,6,3,15,1,1,1,I-70,,0,39.11243611,-94.61351944,0,23,0,1,5,1,0,4,2,1,0,1,0,0000000,3,57,4,4,88,88,0,0,0,1,0
20,200343,1,1,0,0,0,3,3,5,0,30,11,2012,6,10,59,0,3,2,US-73,,661,39.58530556,-95.31994722,0,1,0,0,1,1,0,1,1,1,0,1,0,0000000,11,9,11,32,12,45,0,0,0,2,0
20,200344,2,2,0,1,1,4,4,173,5880,2,11,2012,6,19,13,0,14,6,E 17TH STREET,N PIATT STREET,0,37.71540556,-97.31263056,0,8,0,0,3,2,0,1,3,1,0,1,0,0000000,19,13,19,18,88,88,0,0,0,1,0
20,200345,1,1,0,0,0,1,1,13,0,25,11,2012,1,18,11,0,3,3,SR-20,,80,39.66739722,-95.57898056,0,34,0,0,1,1,0,4,2,1,0,1,0,0000000,18,11,18,19,18,41,0,0,0,1,0
20,200346,1,1,0,0,0,1,1,59,0,2,12,2012,1,99,99,0,4,6,VERMONT RD,,0,38.72586667,-95.09342222,0,31,0,0,1,1,0,4,2,5,0,5,0,0000000,7,30,7,34,88,88,0,0,0,1,0
20,200347,1,1,0,0,0,1,1,9,0,3,12,2012,2,99,99,0,4,6,NW 30AVE,,0,38.47824722,-98.83024444,0,30,0,0,1,1,0,4,2,6,0,6,0,0000000,2,40,2,52,88,88,0,0,0,1,1
20,200348,2,2,0,0,0,2,2,47,0,4,12,2012,3,15,5,1,2,2,US-56,110TH RD,1594,37.94573056,-99.38656944,0,12,6,0,2,2,0,1,1,1,0,1,0,0000000,15,9,15,13,99,99,0,0,0,1,0
20,200349,2,2,0,0,0,2,2,209,2820,5,12,2012,4,19,43,1,1,1,I-70,,4237,39.10909722,-94.60788611,0,12,2,0,1,1,0,1,3,1,0,1,0,0000000,19,48,19,56,20,13,0,0,0,2,1
20,200350,2,2,0,0,0,2,2,173,5880,6,12,2012,5,21,33,1,1,1,I-35 KTA,US-54,497,37.68166389,-97.18786111,0,12,7,0,1,1,0,1,2,1,0,1,0,0000000,21,34,21,40,22,5,0,0,0,1,0
20,200351,2,2,0,0,0,4,4,21,0,7,12,2012,6,17,38,0,2,3,SR-171,,5,37.33846111,-94.67758889,0,12,6,0,1,1,0,1,2,2,0,2,0,0000000,17,39,17,41,18,8,0,0,0,1,0
20,200352,1,1,0,0,0,1,1,171,4970,10,12,2012,2,21,35,0,4,4,CR-270,,0,38.65530278,-101.0558778,0,1,0,0,1,1,0,1,2,1,0,1,0,0000000,21,38,21,57,22,21,0,0,0,1,0
20,200353,1,1,0,0,0,1,1,145,0,10,12,2012,2,99,99,0,6,6,90 AVE,CR-V,0,38.29351389,-99.05079722,0,1,0,0,1,1,0,4,1,1,0,1,0,0000000,16,56,17,32,18,42,0,0,0,1,1
20,200354,2,2,0,0,0,2,2,173,5880,10,12,2012,2,16,40,0,14,6,S MAIZE RD,W CARR AVE,0,37.66096667,-97.46204444,0,12,6,0,2,2,0,1,2,1,0,1,0,0000000,16,42,16,45,17,16,0,0,0,1,0
20,200355,1,1,0,0,0,1,1,209,2820,13,12,2012,5,20,57,1,1,1,I-70 KTA,N 57TH STREET,4183,39.10535278,-94.68170278,0,24,0,1,18,1,0,3,3,1,0,1,0,0000000,20,59,21,5,88,88,0,0,0,1,1
20,200356,1,1,0,0,0,3,3,81,0,22,11,2012,5,19,55,0,3,3,SR-144,,45,37.56258611,-100.788475,0,34,0,0,1,1,0,5,2,1,0,1,0,0000000,20,3,20,19,21,14,0,0,0,1,0
20,200357,1,1,0,0,0,1,1,115,0,13,12,2012,5,16,16,0,4,6,NIGHTHAWK RD,,0,38.26811944,-97.11371944,0,34,0,0,1,1,0,4,1,1,0,1,0,0000000,16,23,16,27,88,88,0,0,0,1,0
20,200358,2,2,0,0,0,4,4,103,3020,14,12,2012,6,18,27,1,2,2,US-73,HAPPY HOLLOW RD,220,39.35422778,-95.00568889,0,12,2,0,2,3,0,1,2,1,0,1,0,0000000,18,29,18,41,20,9,0,0,0,1,0
20,200359,1,1,0,0,0,2,2,177,0,14,12,2012,6,4,20,0,6,6,SW AUBURN RD,I-70,0,39.05140833,-95.81681944,0,17,0,0,1,1,0,4,3,99,0,99,0,0000000,8,5,8,10,8,36,0,0,0,1,1
20,200360,1,1,0,0,0,1,1,35,0,14,12,2012,6,12,30,0,4,6,252ND RD,,0,37.11411111,-97.05643056,0,35,0,0,1,1,0,4,1,1,0,1,0,0000000,12,47,12,55,13,34,0,0,0,1,0
20,200361,1,1,0,0,0,3,3,79,0,16,12,2012,1,18,55,1,1,1,I-135,E LINCOLN BLVD,406,38.14635278,-97.41975556,0,1,0,1,17,1,0,4,3,1,0,1,0,0000000,18,59,19,4,19,44,0,0,0,1,1
20,200362,1,1,0,0,0,2,2,177,5400,17,12,2012,2,1,35,0,13,6,S 21ST,,0,39.02967778,-95.67973056,0,1,0,0,1,1,0,4,3,1,0,1,0,0000000,1,35,1,39,2,0,0,0,0,1,0
20,200363,2,2,0,0,0,2,2,107,0,17,12,2012,2,13,48,0,4,3,SR-7,2011 RD,1068,38.13868056,-94.82008333,0,12,6,0,2,2,0,1,1,1,0,1,0,0000000,13,49,14,35,15,10,0,0,0,1,0
20,200364,3,3,0,0,0,4,4,151,0,17,12,2012,2,15,13,1,2,3,SR-61,NE 70TH AVE,92,37.738175,-98.60885833,0,12,1,0,3,2,0,1,1,1,0,1,0,0000000,15,20,16,10,16,54,0,0,0,1,0
20,200365,1,1,0,0,0,1,1,143,0,18,12,2012,3,18,45,0,4,6,W LIMESTONE RD,,0,39.13208333,-97.62533889,0,1,0,0,1,1,0,4,2,1,0,1,0,0000000,18,42,18,49,88,88,0,0,0,1,0
20,200366,2,2,0,0,0,2,2,121,3320,19,12,2012,4,15,40,0,3,3,SR-68,,550,38.62088056,-94.73073611,0,12,1,0,1,1,0,1,1,1,0,1,0,0000000,15,45,15,50,88,88,0,0,0,1,0
20,200367,3,3,0,0,0,4,4,57,0,19,12,2012,4,19,45,1,2,2,US-50,,1369,37.84694167,-99.7657,0,12,8,0,1,1,0,1,2,4,8,4,0,0000000,19,50,20,17,21,40,0,0,0,1,0
20,200368,2,2,0,0,0,2,2,79,0,20,12,2012,5,12,40,1,1,1,I-135,REST AREA,237,37.93418333,-97.32825556,0,12,1,0,5,1,0,1,1,8,0,8,0,0000000,12,45,13,2,13,31,0,0,0,1,0
20,200369,2,1,1,0,0,2,2,61,0,20,12,2012,5,14,25,1,1,1,I-70,SR-57,3003,39.02795556,-96.79243611,0,14,0,0,1,1,0,2,1,1,0,1,0,0000000,14,27,14,31,15,9,0,0,0,1,0
20,200370,1,1,0,0,0,2,2,209,2820,21,12,2012,6,22,44,0,14,6,SW SHAWNEE DR,,0,39.04464167,-94.69301944,0,31,0,0,1,1,0,4,3,1,0,1,0,0000000,22,45,22,50,23,10,0,0,0,1,1
20,200371,1,1,0,0,0,1,1,125,0,22,12,2012,7,17,25,0,6,4,CR-3900,,0,37.12013056,-95.71041944,0,35,0,0,1,1,0,4,5,1,0,1,0,0000000,17,25,17,30,88,88,0,0,0,1,0
20,200372,1,1,0,0,0,2,2,209,2820,23,12,2012,1,18,49,1,1,1,I-70 KTA,N 78TH STREET,4152,39.10589167,-94.73708333,0,21,0,1,18,1,0,4,3,1,0,1,0,0000000,18,52,18,59,88,88,0,0,0,2,0
20,200373,2,2,0,0,0,3,3,55,1950,25,12,2012,3,16,40,1,2,2,US-83,,691,37.95056944,-100.8425722,0,23,0,1,18,1,0,4,1,11,0,11,0,0000000,16,45,16,50,17,9,0,0,0,1,0
20,200374,1,1,0,0,0,2,2,173,5880,27,12,2012,5,2,36,0,14,6,W 13TH STREET,,0,37.70764722,-97.493325,0,53,0,0,1,1,0,4,3,1,0,1,0,0000000,2,37,2,42,3,11,0,0,0,2,1
20,200375,1,1,0,0,0,1,1,121,3320,27,12,2012,5,8,30,0,4,6,METCALF,,0,38.51025,-94.67649167,0,43,0,0,1,1,0,1,9,99,0,99,0,0000000,88,88,88,88,88,88,0,0,0,1,0
20,200376,2,2,0,0,0,5,5,177,5400,28,12,2012,6,20,7,0,13,6,SE 21ST STREET,SE ADAMS STREET,0,39.02964722,-95.66982778,0,12,6,0,2,2,0,1,3,1,0,1,0,0000000,20,9,20,14,20,47,0,0,0,1,0
20,200377,1,1,0,0,0,3,3,103,0,30,12,2012,1,17,25,1,2,2,US-73,,206,39.35225833,-94.97726667,0,38,0,0,1,1,0,4,2,1,0,1,0,0000000,17,52,17,59,18,22,0,0,0,1,0
21,210001,2,2,0,0,0,2,2,111,2090,1,1,2012,1,16,58,0,16,3,SR-2052,HIKES LANE,7,38.19684722,-85.66328611,0,12,6,0,2,2,0,1,1,1,0,1,0,0000000,16,59,17,4,17,28,14,0,0,1,0
21,210002,2,2,0,0,0,5,5,193,341,2,1,2012,2,15,11,1,2,3,SR-15,,159,37.28370833,-83.21598056,0,12,6,0,1,1,0,1,1,7,11,11,0,0000000,99,99,99,99,99,99,0,0,0,2,0
21,210003,1,1,0,0,0,1,1,155,0,3,1,2012,3,13,18,0,5,3,SR-337,,53,37.50306389,-85.13625278,0,42,0,0,1,1,0,4,1,1,0,1,0,0000000,13,19,13,33,88,88,0,0,0,1,0
21,210004,1,1,0,1,1,1,1,1,0,3,1,2012,3,17,50,0,4,3,SR-76,,128,37.23459722,-85.18659444,0,15,0,0,1,1,0,1,2,1,0,1,0,0000000,17,59,18,14,88,88,0,0,0,1,0
21,210005,2,2,0,0,0,2,2,199,0,6,1,2012,6,16,14,0,4,3,SR-39,,12,37.11448611,-84.596975,0,12,2,0,1,1,0,1,1,1,0,1,0,0000000,16,15,16,20,88,88,0,0,0,1,0
21,210006,1,1,0,0,0,1,1,123,0,7,1,2012,7,5,4,0,5,3,SR-84,,80,37.55251667,-85.75875556,0,34,0,0,1,1,0,4,2,10,0,10,0,0000000,5,1,5,12,88,88,0,0,0,1,0
21,210007,2,2,0,0,0,2,2,157,0,7,1,2012,7,14,50,0,5,3,SR-1422,,59,36.91680278,-88.26872778,0,12,6,0,8,1,0,1,1,1,0,1,0,0000000,14,52,15,3,15,19,0,0,0,1,0
21,210008,2,2,0,0,0,3,3,89,3800,7,1,2012,7,19,11,1,13,2,US-23,,65,38.54431111,-82.76557778,0,12,6,0,7,1,0,1,2,1,0,1,0,0000000,19,2,19,20,22,22,0,0,0,2,0
21,210009,1,1,0,0,0,2,2,111,2090,8,1,2012,1,8,30,0,13,3,SR-1747,,159,38.26875556,-85.56261667,0,33,0,0,1,1,0,4,1,1,0,1,0,0000000,8,34,8,38,9,16,0,0,0,1,0
21,210010,2,2,0,0,0,7,7,203,0,7,1,2012,7,12,29,0,3,2,US-150,SR-2108,77,37.35538889,-84.38745278,0,12,6,0,2,2,0,1,1,1,0,1,0,0000000,12,30,12,35,13,32,0,0,0,2,0
21,210011,2,2,0,0,0,3,3,195,2237,9,1,2012,2,14,56,1,2,2,US-460,,73,37.38258333,-82.43629444,0,12,6,0,1,1,0,1,1,10,0,10,0,0000000,88,88,88,88,88,88,0,0,0,2,0
21,210012,2,2,0,0,0,2,2,177,0,11,1,2012,4,8,23,0,2,2,US-431,,169,37.26608611,-87.10407778,0,12,2,0,1,1,0,1,1,5,0,5,0,0000000,88,88,88,88,88,88,0,0,0,1,0
21,210013,1,1,0,1,1,2,2,111,3010,13,1,2012,6,8,13,1,13,2,US-31W,,149,38.23764722,-85.78845556,0,30,0,0,1,1,0,4,1,10,0,10,0,0000000,99,99,99,99,99,99,0,0,0,2,0
21,210014,1,1,0,0,0,2,2,43,0,13,1,2012,6,12,58,0,5,3,SR-174,,65,38.26616944,-83.20687778,0,43,0,0,1,1,0,4,1,1,0,1,0,0000000,13,5,13,10,13,51,0,0,0,1,1
21,210015,2,2,0,0,0,3,3,1,0,13,1,2012,6,15,9,0,4,3,SR-80,,218,37.07413056,-85.13058611,0,12,2,0,1,1,0,1,1,1,0,1,0,0000000,15,18,15,26,15,51,0,0,0,1,1