STATE,ST_CASE,VE_TOTAL,VE_FORMS,PVH_INVL,PEDS,PERNOTMVIT,PERMVIT,PERSONS,COUNTY,CITY,DAY,MONTH,YEAR,DAY_WEEK,HOUR,MINUTE,NHS,ROAD_FNC,ROUTE,TWAY_ID,TWAY_ID2,MILEPT,LATITUDE,LONGITUD,SP_JUR,HARM_EV,MAN_COLL,RELJCT1,RELJCT2,TYP_INT,WRK_ZONE,REL_ROAD,LGT_COND,WEATHER1,WEATHER2,WEATHER,SCH_BUS,RAIL,NOT_HOUR,NOT_MIN,ARR_HOUR,ARR_MIN,HOSP_HR,HOSP_MN,CF1,CF2,CF3,FATALS,DRUNK_DR
21,210016,3,1,2,0,0,1,1,111,2090,15,1,2012,1,1,44,0,13,3,SR-61,,83,38.181275,-85.719725,0,30,0,0,1,1,0,4,2,10,0,10,0,0000000,99,99,99,99,88,88,14,0,0,1,1
21,210017,4,4,0,0,0,6,6,111,2090,17,1,2012,3,13,25,1,11,1,I-265,,323,38.28835278,-85.53251667,0,12,1,0,1,1,0,1,1,10,0,10,0,0000000,13,26,13,40,99,99,0,0,0,1,0
21,210018,1,1,0,0,0,1,1,225,0,17,1,2012,3,8,34,0,5,3,SR-758,,39,37.56040833,-87.89419167,0,35,0,0,1,1,0,4,1,2,0,2,0,0000000,8,37,8,51,88,88,0,0,0,1,0
21,210019,1,1,0,0,0,3,3,215,0,18,1,2012,4,15,22,0,6,4,CR-MIKE BROWN RD,,1,38.05003333,-85.36563611,0,1,0,0,1,1,0,4,1,1,0,1,0,0000000,15,24,15,30,16,0,0,0,0,2,0
21,210020,1,1,0,1,1,1,1,89,0,17,1,2012,3,19,10,0,15,3,SR-207,,147,38.51367778,-82.73600556,0,8,0,0,1,1,0,1,2,10,0,10,0,0000000,19,13,19,19,88,88,0,0,0,1,0
21,210021,2,1,1,0,1,1,2,183,0,17,1,2012,3,11,17,1,1,3,SR-9007,,367,37.33091111,-86.75330556,0,14,0,0,1,1,2,2,1,2,0,2,0,0000000,11,27,11,35,99,99,0,0,0,1,0
21,210022,1,1,0,0,0,2,2,37,730,6,1,2012,6,12,12,0,15,3,SR-1998,,14,39.02091944,-84.45094722,0,42,0,0,1,1,0,4,1,1,0,1,0,0000000,12,13,12,15,12,53,0,0,0,1,0
21,210023,1,1,0,1,1,1,1,227,350,5,1,2012,5,13,8,0,13,3,SR-880,,21,36.9736,-86.40004444,0,8,0,0,1,1,0,1,1,1,0,1,0,0000000,13,8,13,14,13,23,0,0,0,1,0
21,210024,1,1,0,0,0,4,4,51,0,20,1,2012,6,7,10,0,4,3,SR-11,,91,37.20732222,-83.785025,0,59,0,0,1,1,0,4,4,1,0,1,0,0000000,7,20,7,28,8,39,0,0,0,1,0
21,210025,1,1,0,0,0,2,2,141,0,20,1,2012,6,17,42,1,2,2,US-68,,242,36.87205556,-86.68663889,0,1,0,0,1,1,0,3,2,10,0,10,0,0000000,17,44,17,56,18,36,0,0,0,1,0
21,210026,1,1,0,0,0,1,1,11,0,20,1,2012,6,20,25,0,6,4,CR-LITTLE FLAT LEDFORD RD,,49,38.26848611,-83.863475,0,42,0,0,1,1,0,4,2,1,0,1,0,0000000,20,26,20,32,88,88,0,0,0,1,0
21,210027,2,2,0,0,0,2,2,213,1230,21,1,2012,7,14,27,0,3,3,SR-100,,108,36.71648333,-86.54813611,0,12,2,0,1,1,0,1,1,10,0,10,0,0000000,14,29,14,33,15,42,0,0,0,1,0
21,210028,3,3,0,0,0,4,4,195,0,23,1,2012,2,21,4,1,2,2,US-460,,114,37.35020556,-82.39174444,0,12,2,0,1,1,0,1,2,1,0,1,0,0000000,21,5,21,28,22,0,0,0,0,1,0
21,210029,1,1,0,0,0,1,1,21,860,14,1,2012,7,5,20,1,16,2,US-127,SR-2168,82,37.67710833,-84.79078056,0,35,0,0,3,3,0,4,3,1,0,1,0,0000000,99,99,99,99,88,88,0,0,0,1,0
21,210030,2,2,0,0,0,2,2,145,2520,25,1,2012,4,20,47,1,13,2,US-45,8TH ST.,29,37.08562778,-88.60373333,0,12,6,0,2,2,0,1,3,10,0,10,0,0000000,20,51,20,53,21,10,0,0,0,1,1
21,210031,2,2,0,1,1,3,3,13,0,26,1,2012,5,7,0,1,2,2,US-25,,107,36.7167,-83.68981389,0,8,0,0,1,1,0,1,2,10,0,10,0,0000000,7,10,7,14,7,44,0,0,0,1,0
21,210032,1,1,0,0,0,1,1,41,0,27,1,2012,6,2,20,1,1,1,I-71,,390,38.58296389,-85.17726667,0,34,0,0,1,1,0,4,2,2,0,2,0,0000000,2,21,2,38,88,88,0,0,0,1,0
21,210033,2,2,0,0,0,4,4,111,2090,29,1,2012,1,4,9,1,13,2,US-31,,78,38.16558611,-85.60017222,0,12,7,0,1,1,0,1,2,1,0,1,0,0000000,4,9,4,12,4,48,0,0,0,1,2
21,210034,1,1,0,0,0,3,3,93,0,29,1,2012,1,18,5,0,5,3,SR-210,,42,37.62156111,-85.79566667,0,35,0,0,1,1,0,4,5,1,0,1,0,0000000,18,9,18,22,19,7,0,0,0,1,0
21,210035,2,2,0,0,0,3,3,51,2160,29,1,2012,1,18,49,0,4,3,SR-80,ADD HOLLOW ROAD,66,37.12628056,-83.76969722,0,12,6,0,2,3,0,1,2,10,0,10,0,0000000,18,53,19,0,19,12,0,0,0,1,0
21,210036,1,1,0,0,0,1,1,177,0,18,1,2012,4,18,48,0,6,4,CR-GREENS CHAPEL RD,,16,37.15680556,-87.27057222,0,42,0,0,1,1,0,4,2,10,0,10,0,0000000,18,49,19,7,99,99,0,0,0,1,0
21,210037,1,1,0,0,0,2,2,73,0,30,1,2012,2,18,13,0,5,3,SR-1262,,8,38.21872222,-84.74856944,0,42,0,0,1,1,0,4,1,1,0,1,0,0000000,18,13,18,32,19,15,0,0,0,1,0
21,210038,1,1,0,0,0,1,1,111,1740,31,1,2012,3,1,36,0,6,3,SR-155,TREE LANE,101,38.20241111,-85.57496944,0,33,0,0,3,3,0,4,2,1,0,1,0,0000000,1,38,1,41,88,88,0,0,0,1,0
21,210039,1,1,0,0,0,1,1,195,1010,31,1,2012,3,8,0,0,6,4,CR-ADAMS BRANCH,,7,37.28159167,-82.40124444,0,35,0,0,1,1,0,4,1,1,0,1,0,0000000,8,3,8,21,88,88,0,0,0,1,1
21,210040,2,2,0,0,0,2,2,151,0,31,1,2012,3,9,36,0,3,2,US-421,,113,37.66663333,-84.24948611,0,12,2,0,1,1,0,1,1,1,0,1,0,0000000,9,43,9,45,11,31,0,0,0,1,1
21,210041,2,2,0,0,0,4,4,195,916,28,1,2012,7,14,10,0,4,3,SR-805,,37,37.2333,-82.56602222,0,12,2,0,1,1,0,1,1,1,0,1,0,0000000,14,12,14,25,14,58,0,0,0,1,0
21,210042,2,2,0,0,0,4,4,179,170,20,1,2012,6,23,7,0,5,3,SR-605,,97,37.81785278,-85.39562222,0,12,2,0,1,1,0,1,2,10,0,10,0,0000000,23,11,23,18,23,54,0,0,0,1,0
21,210043,1,1,0,0,0,1,1,193,0,10,1,2012,3,15,54,0,6,4,CR-SIXTEEN MILE TRACE BRANCH,,8,37.31837222,-83.20619444,0,1,0,0,1,1,0,4,1,1,0,1,0,0000000,15,54,16,9,17,4,3,0,0,1,0
21,210044,2,2,0,0,0,2,2,227,350,22,1,2012,1,11,42,0,16,5,CAVE MILL RD,GREENWOOD MALL RD,0,36.94595556,-86.42253611,0,12,6,0,2,2,0,1,1,10,0,10,0,0000000,99,99,99,99,99,99,0,0,0,1,0
21,210045,2,2,0,0,0,3,3,29,0,15,1,2012,1,15,1,0,14,2,US-31EX,LANDIS LANE,17,38.06295556,-85.55216111,0,12,6,0,2,3,0,1,1,1,0,1,0,0000000,15,2,15,6,15,57,0,0,0,1,0
21,210046,1,1,0,0,0,1,1,121,160,31,1,2012,3,12,32,0,6,3,SR-2421,,4,36.86160278,-83.87902778,0,10,0,0,6,1,0,1,1,1,0,1,0,344857N,12,37,12,40,12,52,0,0,0,1,0
21,210047,1,1,0,0,0,1,1,119,0,25,1,2012,4,12,5,0,4,3,SR-550,,248,37.44325,-82.80595833,0,42,0,0,1,1,0,4,1,10,0,10,0,0000000,12,15,12,33,14,46,0,0,0,1,1
21,210048,1,1,0,0,0,2,2,93,0,1,2,2012,4,9,25,0,5,3,SR-434,,44,37.77433333,-85.83011389,0,32,0,0,1,1,0,4,1,10,0,10,0,0000000,9,27,9,40,9,58,0,0,0,1,0
21,210049,2,2,0,0,0,3,3,171,3280,1,2,2012,4,9,36,0,4,3,SR-163,,99,36.71563333,-85.68650833,0,12,6,0,1,1,0,1,1,2,0,2,0,0000000,9,39,9,46,10,3,0,0,0,1,0
21,210050,2,2,0,0,0,2,2,95,1334,2,2,2012,5,5,14,0,3,2,US-421,,122,36.80010278,-83.26942778,0,12,6,0,1,1,0,1,2,10,5,5,0,0000000,5,20,5,51,99,99,0,0,0,1,0
21,210051,1,1,0,0,0,2,2,159,3410,4,2,2012,7,7,57,0,5,3,SR-292,,138,37.84983056,-82.41966944,0,42,0,0,1,1,0,4,1,10,0,10,0,0000000,7,43,7,55,88,88,0,0,0,1,1
21,210052,1,1,0,0,0,1,1,67,1980,4,2,2012,7,15,15,1,2,2,US-27,,140,38.12055,-84.38685278,0,35,0,0,1,1,0,3,1,2,0,2,0,0000000,15,17,15,23,15,41,0,0,0,1,0
21,210053,2,2,0,0,0,3,3,37,0,4,2,2012,7,16,3,0,13,2,US-27,SR-536,87,38.94003333,-84.39440278,0,12,2,0,3,3,0,1,1,1,0,1,0,0000000,16,4,16,8,16,44,0,0,0,1,0
21,210054,1,1,0,0,0,1,1,43,0,5,2,2012,1,14,58,0,4,2,US-60,,39,38.28656667,-83.24395,0,35,0,0,1,1,0,4,1,1,0,1,0,0000000,14,58,15,9,15,24,0,0,0,1,1
21,210055,2,2,0,0,0,2,2,93,0,5,2,2012,1,17,42,0,5,3,SR-1357,,139,37.69885278,-85.92271667,0,12,6,0,1,1,0,1,1,1,0,1,0,0000000,17,43,17,50,18,47,0,0,0,1,0
21,210056,1,1,0,0,0,1,1,43,0,6,2,2012,2,17,19,0,6,4,CR-RATTLESNAKE BRANCH,,1,38.25134722,-83.04702222,0,1,0,0,1,1,0,4,1,1,0,1,0,0000000,17,14,17,31,88,88,0,0,0,1,1
21,210057,1,1,0,0,0,2,2,111,2090,5,2,2012,1,23,23,1,11,1,I-71,,44,38.29199167,-85.63961389,0,35,0,0,1,1,0,3,2,1,0,1,0,0000000,23,23,23,31,0,5,0,0,0,1,1
21,210058,2,2,0,0,0,2,2,97,0,3,2,2012,6,19,14,0,5,3,SR-1054,,12,38.45603333,-84.35838889,0,12,6,0,1,1,0,1,2,10,0,10,0,0000000,19,16,19,26,99,99,0,0,0,1,1
21,210059,5,1,4,0,0,1,1,59,2490,12,2,2012,1,2,55,0,16,5,CRABTREE AVE,,34,37.76690833,-87.13411389,0,30,0,0,1,1,0,5,2,1,0,1,0,0000000,2,59,3,1,88,88,14,20,0,1,1
21,210060,2,2,0,0,0,3,3,115,2530,11,2,2012,7,11,50,0,3,3,SR-321,,66,37.80027222,-82.80187222,0,12,6,0,1,1,0,1,1,4,0,4,0,0000000,11,50,11,53,12,16,0,0,0,1,0
21,210061,2,2,0,0,0,3,3,101,0,14,2,2012,3,17,18,0,3,2,US-60,,174,37.85945278,-87.44680833,0,12,6,0,1,1,0,5,5,10,0,10,0,0000000,17,21,17,32,99,99,0,0,0,1,1
21,210062,1,1,0,0,0,3,3,111,2090,11,2,2012,7,0,20,0,14,3,SR-2860,,7,38.24297778,-85.71038611,0,33,0,0,1,1,0,4,3,4,0,4,0,0000000,0,26,0,32,0,59,0,0,0,1,1
21,210063,2,2,0,0,0,2,2,27,0,16,2,2012,5,11,10,0,2,2,US-60,,260,37.83363889,-86.32525,0,12,8,0,1,1,0,1,1,10,0,10,0,0000000,11,15,11,21,11,57,0,0,0,1,0
21,210064,1,1,0,0,0,1,1,71,2670,15,2,2012,4,23,51,0,4,3,SR-1428,,126,37.668025,-82.73298889,0,19,0,0,1,1,0,5,3,10,0,10,0,0000000,0,6,0,6,0,29,18,0,0,1,0
21,210065,1,1,0,0,0,1,1,229,0,18,2,2012,7,3,29,0,4,3,SR-53,,49,37.83101111,-85.09056944,0,52,0,0,1,1,0,4,2,10,0,10,0,0000000,3,29,4,6,88,88,0,0,0,1,0
21,210066,1,1,0,0,0,1,1,151,0,18,2,2012,7,4,15,0,3,2,US-421,,73,37.61557778,-84.22761111,0,35,0,0,1,1,0,5,2,1,0,1,0,0000000,4,23,4,30,88,88,0,0,0,1,0
21,210067,3,3,0,0,0,4,4,217,520,20,2,2012,2,15,27,0,15,3,SR-323,,80,37.33849722,-85.35102778,0,12,8,0,1,1,0,1,1,1,0,1,0,0000000,99,99,99,99,88,88,14,0,0,1,0
21,210068,2,2,0,0,0,2,2,13,0,20,2,2012,2,15,25,1,2,2,US-25,SR-1534,82,36.69563611,-83.68582222,0,12,6,0,2,3,0,1,1,1,0,1,0,0000000,15,28,15,34,88,88,0,0,0,1,1
21,210069,2,2,0,0,0,3,3,151,2750,17,2,2012,6,22,30,0,13,3,SR-52,SR-876,81,37.73601389,-84.30541667,0,12,6,0,2,2,0,1,3,1,0,1,0,0000000,22,30,22,34,23,19,0,0,0,1,0
21,210070,2,2,0,0,0,2,2,93,0,23,2,2012,5,10,20,0,4,3,SR-224,,43,37.46221944,-85.92326944,0,12,2,0,1,1,0,1,1,1,0,1,0,0000000,10,21,10,31,12,7,0,0,0,1,0
21,210071,1,1,0,1,1,1,1,71,285,23,2,2012,5,20,0,1,2,2,US-23,MARE CREEK RD,39,37.57124167,-82.64052222,0,8,0,0,3,4,0,1,2,10,0,10,0,0000000,88,88,88,88,88,88,0,0,0,1,0
21,210072,2,2,0,0,0,5,5,85,0,22,2,2012,4,17,18,0,4,2,US-62,,188,37.47044722,-86.31696667,0,12,2,0,1,1,0,1,1,2,0,2,0,0000000,17,19,17,26,17,40,0,0,0,1,0
21,210073,1,1,0,0,0,1,1,61,0,2,2,2012,5,13,19,0,5,3,SR-259,,42,37.11659722,-86.15133056,0,42,0,0,1,1,0,5,1,1,0,1,0,0000000,13,22,13,34,14,5,0,0,0,1,0
21,210074,1,1,0,0,0,1,1,93,0,24,2,2012,6,3,40,0,6,4,CR-OVERALL PHILLIPS RD,,3,37.64835278,-85.86889722,0,35,0,0,1,1,0,4,2,1,0,1,0,0000000,3,43,3,55,88,88,0,0,0,1,0
21,210075,3,1,2,2,2,4,4,85,0,25,2,2012,7,8,20,1,2,3,SR-9001,,934,37.410825,-86.49145556,0,14,0,0,1,1,0,2,1,1,0,1,0,0000000,8,25,8,39,8,59,15,23,0,1,0
21,210076,1,1,0,0,0,1,1,205,0,25,2,2012,7,19,42,1,1,1,I-64,,1438,38.268925,-83.40034444,0,1,0,0,1,1,0,1,2,10,0,10,0,0000000,19,42,19,45,20,15,0,0,0,1,0
21,210077,2,2,0,0,0,4,4,51,0,25,2,2012,7,19,19,0,3,2,US-421,,213,37.18230833,-83.77121667,0,12,2,0,1,1,0,1,2,10,0,10,0,0000000,19,22,19,47,20,34,0,0,0,1,0
21,210078,2,2,0,0,0,2,2,25,0,27,2,2012,2,10,55,1,2,3,SR-15,,107,37.49989722,-83.35746667,0,12,2,0,1,1,0,1,1,1,0,1,0,0000000,10,41,10,50,11,14,0,0,0,1,0
21,210079,1,1,0,1,1,3,3,189,0,27,2,2012,2,16,4,0,3,3,SR-30,,72,37.46451944,-83.75103056,0,8,0,0,1,1,0,1,1,10,0,10,0,0000000,15,56,16,4,88,88,0,0,0,1,0
21,210080,1,1,0,0,0,1,1,93,0,24,2,2012,6,4,20,0,14,2,US-31,,176,37.70353056,-85.87055,0,43,0,0,1,1,0,4,4,1,0,1,0,0000000,4,27,4,34,6,34,0,0,0,1,0
21,210081,1,1,0,0,0,2,2,145,0,28,2,2012,3,6,0,0,14,3,SR-1954,,39,37.02081389,-88.58801111,0,59,0,0,1,1,0,4,2,1,0,1,0,0000000,6,20,6,25,6,44,0,0,0,1,1
21,210082,3,3,0,0,0,5,5,123,0,27,2,2012,2,15,15,0,4,2,US-31W,SR-84,99999,37.52003889,-85.87991944,0,12,6,0,2,2,0,1,1,1,0,1,0,0000000,15,25,15,38,15,58,14,0,0,1,0
21,210083,1,1,0,0,0,1,1,19,610,29,2,2012,4,20,10,0,4,3,SR-3,,123,38.37405278,-82.64822222,0,34,0,0,1,1,0,5,2,2,0,2,0,0000000,20,10,20,19,88,88,0,0,0,1,1
21,210084,2,2,0,0,0,3,3,181,0,4,2,2012,7,16,0,1,2,2,US-68,,25,38.32744444,-84.07565833,0,12,2,0,1,1,0,1,1,10,0,10,0,0000000,16,3,16,8,16,23,0,0,0,1,0
21,210085,1,1,0,0,0,1,1,51,0,22,2,2012,4,9,50,0,4,2,US-421,,37,37.13853333,-83.61261667,0,32,0,0,1,1,0,4,1,2,0,2,0,0000000,9,57,10,19,11,0,0,0,0,1,0
21,210086,2,2,0,0,0,2,2,179,0,29,2,2012,4,9,7,0,2,3,SR-245,,78,37.85355833,-85.51108889,0,12,1,0,1,1,0,1,1,2,0,2,0,0000000,9,7,9,12,10,23,0,0,0,1,0
21,210087,1,1,0,0,0,2,2,153,0,22,2,2012,4,1,30,0,4,3,SR-30,,18,37.65615,-83.15081667,0,32,0,0,1,1,0,4,2,10,0,10,0,0000000,2,0,2,20,3,50,0,0,0,1,0
21,210088,1,1,0,1,1,1,1,121,160,8,2,2012,4,18,52,0,6,3,SR-3439,,1,36.85662778,-83.86542222,0,8,0,0,1,1,0,1,2,10,0,10,0,0000000,18,52,18,57,19,13,0,0,0,1,0
21,210089,1,1,0,0,0,1,1,229,0,27,2,2012,2,15,53,0,4,3,SR-55,SR-458,128,37.79696667,-85.26666667,0,1,0,0,3,3,0,4,1,1,0,1,0,0000000,15,59,16,9,99,99,2,0,0,1,0
21,210090,1,1,0,0,0,1,1,123,0,14,2,2012,3,14,51,0,3,2,US-31,,105,37.57849444,-85.71924444,0,42,0,0,1,1,0,4,1,10,0,10,0,0000000,14,55,15,1,88,88,0,0,0,1,0
21,210091,1,1,0,0,0,1,1,167,0,19,2,2012,1,3,22,1,2,2,US-127,,140,37.90010278,-84.85635278,0,32,0,0,1,1,0,3,2,1,0,1,0,0000000,3,33,3,43,88,88,0,0,0,1,1
21,210092,2,2,0,0,0,2,2,161,0,24,2,2012,6,5,42,1,2,3,SR-9,,110,38.64318889,-83.83367778,0,12,2,0,1,1,0,1,2,10,0,10,0,0000000,5,46,5,49,6,5,0,0,0,1,0
21,210093,2,2,0,0,0,2,2,125,2040,7,1,2012,7,17,50,0,14,3,SR-229,SR-192,115,37.11067778,-84.06748333,0,12,6,0,2,2,0,1,6,1,0,1,0,0000000,17,50,17,55,88,88,0,0,0,1,0
21,210094,1,1,0,0,0,1,1,97,850,4,2,2012,7,2,11,0,16,5,GRANDVIEW DR,,10,38.38903333,-84.28308056,0,25,0,0,1,1,0,3,3,1,0,1,0,0000000,2,11,2,15,3,17,0,0,0,1,1
21,210095,1,1,0,0,0,1,1,47,0,20,1,2012,6,5,31,1,2,3,SR-9004 EB PARKWAY,,1,36.75048056,-87.50922778,0,1,0,0,1,1,0,1,2,1,0,1,0,0000000,5,32,5,50,6,16,0,0,0,1,0
21,210096,1,1,0,0,0,1,1,135,0,27,1,2012,6,6,3,1,2,3,SR-10,SR-9,68,38.57563611,-83.27723056,0,39,0,0,3,3,0,4,3,1,0,1,0,0000000,6,7,6,14,88,88,0,0,0,1,0
21,210097,2,2,0,0,0,2,2,133,1712,4,2,2012,7,13,50,0,4,3,SR-7,,145,37.19468333,-82.88767778,0,12,6,0,1,1,0,1,1,2,0,2,0,0000000,13,55,14,3,14,22,0,0,0,1,0
21,210098,2,2,0,0,0,2,2,125,0,1,3,2012,5,16,4,0,4,2,US-25,,60,37.0333,-84.06103056,0,12,2,0,1,1,0,1,1,1,0,1,0,0000000,16,6,16,17,88,88,0,0,0,1,0
21,210099,1,1,0,0,0,2,2,235,0,3,3,2012,7,16,53,0,5,3,SR-836,,9,36.81876111,-84.17104444,0,42,0,0,1,1,0,4,1,1,0,1,0,0000000,16,53,17,2,88,88,0,0,0,2,0
21,210100,2,2,0,0,0,3,3,71,3450,4,3,2012,1,18,43,0,4,3,SR-7,,37,37.45108889,-82.81396389,0,12,2,0,1,1,0,1,6,1,0,1,0,0000000,18,45,19,10,20,3,0,0,0,1,0
21,210101,1,1,0,0,0,1,1,185,0,4,3,2012,1,20,15,0,5,3,SR-1694,,38,38.37328889,-85.51543889,0,53,0,0,1,1,0,5,2,1,0,1,0,0000000,20,25,20,34,88,88,0,0,0,1,1
21,210102,1,1,0,0,0,2,2,3,0,6,3,2012,3,0,27,0,6,4,CR-HARRISON SCHOOL RD,,5,36.7839,-86.15930556,0,24,0,0,1,1,0,4,2,1,0,1,0,0000000,0,41,0,58,1,43,0,0,0,1,0
21,210103,3,3,0,0,0,3,3,111,2090,6,3,2012,3,15,33,1,11,1,I-65,,1299,38.16656667,-85.72052778,0,12,1,0,1,1,0,1,1,1,0,1,0,0000000,15,33,15,41,88,88,0,0,0,1,0
21,210104,2,2,0,0,0,4,4,83,0,6,3,2012,3,16,58,1,2,3,SR-9003,,250,36.76903889,-88.63397778,0,12,6,0,7,1,0,1,1,1,0,1,0,0000000,16,56,17,1,17,19,0,0,0,1,0
21,210105,1,1,0,0,0,1,1,135,0,7,3,2012,4,19,9,0,4,3,SR-8,,216,38.60613611,-83.26068611,0,35,0,0,1,1,0,5,2,1,0,1,0,0000000,19,11,19,19,88,88,0,0,0,1,1
21,210106,1,1,0,0,0,1,1,145,0,9,3,2012,6,2,49,0,6,5,LAKEVIEW DRIVE,,2,37.03754722,-88.64836944,0,32,0,0,1,1,0,5,2,1,0,1,0,0000000,2,53,3,1,88,88,0,0,0,1,1
21,210107,1,1,0,0,0,1,1,25,2783,9,3,2012,6,6,40,0,4,3,SR-30,,268,37.58595278,-83.24114444,0,35,0,0,1,1,0,4,4,10,0,10,0,0000000,99,99,99,99,88,88,0,0,0,1,0
21,210108,1,1,0,0,0,2,2,93,0,9,3,2012,6,14,30,0,5,3,SR-357,,48,37.71443056,-86.08389167,0,35,0,0,1,1,0,5,1,1,0,1,0,0000000,14,30,14,44,15,10,0,0,0,1,1
21,210109,2,2,0,0,0,2,2,229,0,11,3,2012,1,12,55,0,4,3,SR-528,,55,37.73981667,-85.21403333,0,12,2,0,1,1,0,1,1,1,0,1,0,0000000,13,0,13,6,13,30,0,0,0,1,1
21,210110,1,1,0,0,0,1,1,99,0,11,3,2012,1,23,5,0,4,3,SR-357,,28,37.30119444,-85.86124444,0,35,0,0,1,1,0,4,2,1,0,1,0,0000000,23,12,23,18,88,88,0,0,0,1,0
21,210111,3,3,0,0,0,3,3,111,2090,12,3,2012,2,9,2,0,13,3,SR-913,,11,38.20175278,-85.53741111,0,12,8,0,1,1,0,1,1,2,0,2,0,0000000,9,3,9,10,9,45,0,0,0,1,0
21,210112,1,1,0,0,0,1,1,37,730,2,3,2012,6,5,56,0,14,3,SR-1998,,30,39.03188611,-84.43981944,0,24,0,0,1,1,0,4,2,10,0,10,0,0000000,5,49,5,52,88,88,0,0,0,1,1
21,210113,1,1,0,1,1,1,1,111,2090,14,3,2012,4,6,34,0,13,3,SR-61,,35,38.11639722,-85.67676667,0,8,0,0,1,1,0,1,2,1,0,1,0,0000000,99,99,99,99,88,88,0,0,0,1,0
21,210114,1,1,0,0,0,1,1,107,0,14,3,2012,4,12,40,0,5,3,SR-630,,36,37.38350278,-87.58196111,0,42,0,0,1,1,0,4,1,1,0,1,0,0000000,12,42,12,55,88,88,0,0,0,1,0
21,210115,1,1,0,0,0,1,1,121,0,14,3,2012,4,17,9,0,5,3,SR-223,,24,36.85717778,-83.75648056,0,34,0,0,1,1,0,4,1,1,0,1,0,0000000,16,50,17,2,88,88,0,0,0,1,0
21,210116,1,1,0,0,0,1,1,59,0,14,3,2012,4,17,58,0,6,4,CR-SAVER LN,,8,37.81636111,-87.27074444,0,30,0,0,1,1,0,4,1,1,0,1,0,0000000,18,4,18,14,18,40,0,0,0,1,1
21,210117,2,2,0,0,0,2,2,25,2057,15,3,2012,5,10,3,1,2,3,SR-15,,16,37.40068056,-83.27061389,0,12,2,0,1,1,0,1,1,10,0,10,0,0000000,10,13,10,28,99,99,0,0,0,1,0
21,210118,2,2,0,0,0,4,4,195,3929,15,3,2012,5,12,55,1,2,2,US-119,,22,37.51198333,-82.47380556,0,12,1,0,1,1,0,2,1,10,0,10,0,0000000,12,58,13,31,13,41,0,0,0,1,1
21,210119,1,1,0,1,1,1,1,217,0,16,3,2012,6,21,26,0,2,3,SR-55,MISTY DR,68,37.290625,-85.36376667,0,8,0,0,2,3,0,1,2,10,0,10,0,0000000,21,28,21,32,21,52,0,0,0,1,0
21,210120,2,2,0,0,0,4,4,33,0,8,3,2012,5,16,13,0,4,3,SR-293,,86,37.13634444,-87.86997222,0,12,2,0,1,1,0,1,1,2,0,2,0,0000000,16,18,16,32,16,53,0,0,0,1,0
21,210121,1,1,0,0,0,2,2,171,0,17,3,2012,7,2,30,0,5,3,SR-87,,101,36.67585278,-85.95117222,0,35,0,0,1,1,0,4,2,2,0,2,0,0000000,2,39,3,9,4,58,0,0,0,1,1
21,210122,2,2,0,0,0,5,5,15,0,17,3,2012,7,14,9,0,14,3,SR-18,,89,39.01946667,-84.75686667,0,12,2,0,1,1,0,1,1,1,0,1,0,0000000,14,10,14,14,14,56,0,0,0,1,1
21,210123,1,1,0,0,0,1,1,227,0,18,3,2012,1,10,24,0,5,3,SR-1435,,31,37.03418889,-86.4997,0,42,0,0,1,1,0,4,1,1,0,1,0,0000000,10,28,10,35,88,88,0,0,0,1,0
21,210124,1,1,0,0,0,1,1,7,0,20,3,2012,3,17,30,0,6,4,CR-MOSSTOWN RD,,2,37.01274444,-88.92150556,0,42,0,0,1,1,0,4,1,1,0,1,0,0000000,17,32,17,43,88,88,0,0,0,1,0
21,210125,3,3,0,0,0,4,4,93,0,18,3,2012,1,21,2,1,1,1,I-65,,1009,37.79082778,-85.75703889,0,24,0,0,1,1,0,4,2,1,0,1,0,0000000,21,5,21,19,21,35,0,0,0,1,0
21,210126,1,1,0,1,1,1,1,67,1980,24,3,2012,7,4,43,0,13,2,US-421,WEST HAMPTON DRIVE,25,38.07769722,-84.54194444,0,8,0,0,3,2,0,1,2,10,0,10,0,0000000,4,49,4,55,88,88,0,0,0,1,0
21,210127,1,1,0,0,0,2,2,179,0,25,3,2012,1,15,50,0,4,3,SR-49,,14,37.70023889,-85.45746667,0,42,0,0,1,1,0,4,1,1,0,1,0,0000000,15,53,16,10,17,30,0,0,0,1,0
21,210128,1,1,0,0,0,5,5,85,0,26,3,2012,2,11,16,0,4,3,SR-224,,84,37.44068056,-86.09835,0,35,0,0,1,1,0,4,1,1,0,1,0,0000000,11,17,11,32,12,8,0,0,0,1,0
21,210129,1,1,0,0,0,2,2,173,1741,9,3,2012,6,4,0,0,3,2,US-460,SR-1050,187,37.96781667,-83.82095833,0,34,0,0,1,1,0,4,2,10,0,10,0,0000000,4,12,4,29,5,15,0,0,0,1,0
21,210130,1,1,0,0,0,1,1,173,0,23,3,2012,6,18,0,0,3,3,SR-11,,63,37.99949167,-83.94118611,0,42,0,0,1,1,0,4,1,2,0,2,0,0000000,12,42,12,49,88,88,18,0,0,1,0
21,210131,2,2,0,0,0,2,2,185,0,27,3,2012,3,6,35,0,14,3,SR-146,,50,38.35659722,-85.45566389,0,12,2,0,1,1,0,1,2,1,0,1,0,0000000,6,36,6,41,7,37,0,0,0,1,0
21,210132,1,1,0,0,0,2,2,191,0,29,3,2012,5,22,0,0,4,3,SR-8,,14,38.83356667,-84.24127222,0,42,0,0,1,1,0,4,2,1,0,1,0,0000000,22,24,22,30,99,99,0,0,0,1,1