STATE,ST_CASE,VE_TOTAL,VE_FORMS,PVH_INVL,PEDS,PERNOTMVIT,PERMVIT,PERSONS,COUNTY,CITY,DAY,MONTH,YEAR,DAY_WEEK,HOUR,MINUTE,NHS,ROAD_FNC,ROUTE,TWAY_ID,TWAY_ID2,MILEPT,LATITUDE,LONGITUD,SP_JUR,HARM_EV,MAN_COLL,RELJCT1,RELJCT2,TYP_INT,WRK_ZONE,REL_ROAD,LGT_COND,WEATHER1,WEATHER2,WEATHER,SCH_BUS,RAIL,NOT_HOUR,NOT_MIN,ARR_HOUR,ARR_MIN,HOSP_HR,HOSP_MN,CF1,CF2,CF3,FATALS,DRUNK_DR
21,210133,2,2,0,0,0,3,3,47,0,30,3,2012,6,12,13,0,6,3,SR-695,SR-117,33,36.77952222,-87.61072778,0,12,6,0,2,2,0,1,1,1,0,1,0,0000000,12,15,12,30,13,50,0,0,0,1,0
21,210134,1,1,0,0,0,2,2,151,2750,31,3,2012,7,17,16,0,15,3,SR-169,,7,37.75213889,-84.31231667,0,33,0,0,1,1,0,4,1,1,0,1,0,0000000,17,18,17,28,18,12,0,0,0,1,0
21,210135,2,2,0,0,0,2,2,145,0,31,3,2012,7,14,7,0,13,2,US-60,,190,37.03658889,-88.53123056,0,12,6,0,1,1,0,1,1,1,0,1,0,0000000,14,9,14,15,14,38,14,0,0,1,0
21,210136,1,1,0,0,0,1,1,179,0,29,3,2012,5,14,48,0,3,2,US-31,,40,37.68859722,-85.56536389,0,59,0,0,1,1,0,5,1,1,0,1,0,0000000,14,48,15,0,88,88,0,0,0,1,0
21,210137,2,2,0,0,0,3,3,167,0,30,3,2012,6,21,17,1,2,2,US-127,,74,37.79966111,-84.84758056,0,12,1,0,1,1,0,1,2,1,0,1,0,0000000,21,23,21,28,22,2,0,0,0,1,0
21,210138,1,1,0,0,0,1,1,199,0,29,3,2012,5,15,43,1,2,2,US-27,,264,37.22175833,-84.62958333,0,35,0,0,1,1,0,4,1,1,0,1,0,0000000,15,50,16,8,99,99,0,0,0,1,0
21,210139,1,1,0,0,0,2,2,197,0,5,3,2012,2,9,25,0,4,3,SR-1057,,11,37.83424722,-83.91958611,0,42,0,0,1,1,0,4,1,4,0,4,0,0000000,9,29,9,35,10,37,0,0,0,1,0
21,210140,1,1,0,0,0,1,1,183,0,15,1,2012,1,1,21,0,6,4,CR-RAILROAD BED ROAD,,14,37.60027778,-86.71982778,0,43,0,0,1,1,0,4,2,1,0,1,0,0000000,1,27,1,49,88,88,0,0,0,1,1
21,210141,1,1,0,0,0,1,1,135,0,28,3,2012,4,12,0,0,4,3,SR-8,,238,38.61579444,-83.21718056,0,35,0,0,1,1,0,4,1,1,0,1,0,0000000,12,0,12,23,12,50,0,0,0,1,0
21,210142,1,1,0,0,0,1,1,195,3929,19,3,2012,2,5,51,1,2,2,US-119,,33,37.51286667,-82.46912778,0,52,0,0,1,1,0,4,3,1,0,1,0,0000000,5,53,6,0,88,88,0,0,0,1,0
21,210143,1,1,0,0,0,1,1,125,0,26,2,2012,1,18,10,0,4,3,SR-312,,57,36.98360833,-84.14719444,0,42,0,0,1,1,0,4,5,1,0,1,0,0000000,17,55,18,9,19,0,0,0,0,1,0
21,210144,2,2,0,0,0,4,4,203,0,1,4,2012,1,1,45,0,2,2,US-150,SR-461,69,37.34988056,-84.37216111,0,12,6,0,2,2,0,1,2,1,0,1,0,0000000,1,53,2,7,2,36,0,0,0,1,0
21,210145,7,7,0,0,0,11,11,203,2330,1,4,2012,1,15,40,1,1,1,I-75,,613,37.36823611,-84.31507778,0,12,1,0,1,1,0,1,1,2,0,2,0,0000000,15,42,15,50,16,13,0,0,0,1,0
21,210146,1,1,0,0,0,2,2,99,0,1,4,2012,1,17,43,0,4,3,SR-88,MT BEULAH LOOP,140,37.29588611,-85.93760833,0,35,0,0,3,3,0,4,1,1,0,1,0,0000000,18,51,19,8,19,25,0,0,0,2,0
21,210147,2,2,0,0,0,3,3,141,0,1,4,2012,1,18,30,0,6,4,CR-MONTGOMERY RD,,36,36.83580556,-86.743375,0,12,2,0,1,1,0,1,1,1,0,1,0,0000000,18,32,18,45,88,88,0,0,0,1,1
21,210148,3,3,0,0,0,3,3,15,1150,1,4,2012,1,19,38,1,11,1,I-75,,1808,38.98019722,-84.64002778,0,12,7,0,1,1,0,1,1,1,0,1,0,0000000,19,40,19,42,19,57,0,0,0,1,1
21,210149,2,1,1,1,1,1,1,117,800,1,4,2012,1,0,48,1,11,1,I-75,,1905,39.06733333,-84.52052778,0,8,0,0,1,1,0,2,3,10,0,10,0,0000000,0,49,0,56,88,88,0,0,0,1,1
21,210150,1,1,0,0,0,2,2,9,0,3,4,2012,3,15,56,1,1,1,I-65 S,,513,37.12712222,-85.987775,0,35,0,0,1,1,0,4,1,1,0,1,0,0000000,99,99,99,99,99,99,0,0,0,1,0
21,210151,1,1,0,0,0,2,2,59,0,3,4,2012,3,17,21,0,15,3,SR-331,,24,37.79901667,-87.15115833,0,1,0,0,1,1,0,4,1,1,0,1,0,0000000,17,26,17,31,17,50,0,0,0,1,1
21,210152,1,1,0,0,0,2,2,107,0,5,4,2012,5,11,32,0,6,3,SR-1337,,34,37.26834167,-87.64078333,0,35,0,0,1,1,0,4,1,10,0,10,0,0000000,11,34,11,51,13,18,0,0,0,1,0
21,210153,1,1,0,0,0,3,3,209,2840,4,4,2012,4,15,0,1,1,1,I-75,,1328,38.315925,-84.558325,0,32,0,0,1,1,0,4,1,2,0,2,0,0000000,15,2,15,10,16,0,0,0,0,1,0
21,210154,2,2,0,0,0,6,6,15,0,4,4,2012,4,16,20,0,14,2,US-25,,28,38.88323333,-84.60939722,0,12,2,0,1,1,0,1,1,2,0,2,0,0000000,16,18,16,20,17,28,0,0,0,1,0
21,210155,1,1,0,0,0,1,1,203,0,6,4,2012,6,9,45,0,6,4,CR-TWIN TUNNEL RD R/RCROSSING,,1,37.375075,-84.27647778,0,10,0,0,6,1,0,1,1,1,0,1,0,353572B,9,46,9,51,88,88,0,0,0,1,0
21,210156,1,1,0,0,0,2,2,121,0,7,4,2012,7,14,58,0,5,3,SR-225,,66,36.753025,-83.82185833,0,42,0,0,1,1,0,4,1,1,0,1,0,0000000,14,57,15,8,15,9,0,0,0,1,0
21,210157,1,1,0,0,0,1,1,47,0,9,4,2012,2,6,13,0,4,3,SR-109,,136,36.89941667,-87.51435,0,35,0,0,1,1,0,4,4,1,0,1,0,0000000,6,14,6,22,6,37,0,0,0,1,0
21,210158,2,2,0,0,0,2,2,35,0,2,4,2012,2,13,35,0,4,3,SR-94,BUTTERWORTH RD,46,36.59630278,-88.40615833,0,12,6,0,2,3,0,1,1,1,0,1,0,0000000,13,34,13,40,14,2,0,0,0,1,0
21,210159,1,1,0,1,1,1,1,111,2090,9,4,2012,2,17,30,0,16,5,BUECHEL BANK RD,FAIRINGTON COURT,7,38.18178889,-85.648375,0,8,0,0,3,3,0,1,1,1,0,1,0,0000000,17,30,17,36,18,1,0,0,0,1,0
21,210160,2,2,0,0,0,5,5,105,0,5,4,2012,5,16,0,0,2,2,US-51,,25,36.60048333,-88.94256111,0,12,2,0,1,1,0,1,1,2,0,2,0,0000000,16,7,16,13,16,33,0,0,0,1,0
21,210161,2,2,0,1,1,2,2,121,154,12,4,2012,5,21,15,1,2,2,US-25,,134,36.89982778,-83.88886944,0,8,0,0,1,1,0,1,2,1,0,1,0,0000000,21,21,21,28,88,88,0,0,0,1,0
21,210162,1,1,0,0,0,2,2,111,2090,11,4,2012,4,0,29,0,14,3,SR-1142,,11,38.15158611,-85.78310278,0,30,0,0,1,1,0,4,2,10,0,10,0,0000000,99,99,99,99,99,99,0,0,0,1,1
21,210163,1,1,0,0,0,1,1,145,0,11,4,2012,4,23,46,1,1,1,I-24,,169,36.99430278,-88.48745278,0,35,0,0,1,1,0,3,2,1,0,1,0,0000000,23,48,23,58,88,88,0,0,0,1,1
21,210164,1,1,0,0,0,1,1,9,0,13,4,2012,6,9,41,0,6,4,CR-HUTCHERSON ROAD,,7,37.043425,-85.88996944,0,38,0,0,1,1,0,4,1,1,0,1,0,0000000,9,41,9,48,10,3,0,0,0,1,0
21,210165,1,1,0,0,0,1,1,137,0,13,4,2012,6,10,0,0,3,2,US-150,,167,37.44669444,-84.48440556,0,35,0,0,1,1,0,5,1,1,0,1,0,0000000,99,99,99,99,88,88,0,0,0,1,0
21,210166,1,1,0,0,0,1,1,163,0,13,4,2012,6,21,3,0,5,3,SR-144,,37,38.01734167,-86.43238889,0,35,0,0,1,1,0,4,2,2,0,2,0,0000000,21,4,21,20,88,88,0,0,0,1,0
21,210167,1,1,0,1,1,2,2,73,1220,14,4,2012,7,17,55,0,16,5,EXCEL CT,,0,38.20929167,-84.81209722,0,9,0,0,1,1,0,1,1,1,0,1,0,0000000,17,57,18,1,18,18,0,0,0,1,0
21,210168,1,1,0,0,0,3,3,111,2090,15,4,2012,1,4,23,0,16,5,28TH STREET SOUTH,,8,38.23485,-85.80058611,0,30,0,0,1,1,0,4,3,1,0,1,0,0000000,4,26,4,42,4,49,0,0,0,1,1
21,210169,1,1,0,0,0,1,1,117,3239,15,4,2012,1,11,21,0,6,7,I-275 RAMP,SR-16,1,39.0211,-84.50823889,0,1,0,0,5,1,0,4,1,1,0,1,0,0000000,11,21,11,26,99,99,0,0,0,1,0
21,210170,2,1,1,3,3,1,1,43,0,13,4,2012,6,16,12,1,1,1,I-64,,1670,38.32857778,-82.99370278,0,8,0,0,1,1,0,2,1,1,0,1,0,0000000,16,35,17,0,17,27,0,0,0,1,0
21,210171,1,1,0,0,0,1,1,111,2090,17,4,2012,3,23,29,0,13,3,SR-1065,999999999999999999999999999999,7,38.12564722,-85.76615278,0,46,0,0,3,1,0,4,2,1,0,1,0,0000000,23,30,23,35,0,12,0,0,0,1,0
21,210172,1,1,0,0,0,1,1,67,1980,12,4,2012,5,3,15,0,12,2,US-27 RAMP,SR-4,1,38.0741,-84.49643889,0,35,0,1,5,1,0,8,3,1,0,1,0,0000000,3,18,3,22,3,32,0,0,0,1,1
21,210173,2,2,0,0,0,2,2,231,2260,19,4,2012,5,9,33,0,14,3,SR-1275,YOUNG STREET,15,36.83264722,-84.84590833,0,12,6,0,2,3,0,1,1,1,0,1,0,0000000,9,34,9,42,10,1,0,0,0,1,1
21,210174,2,2,0,0,0,5,5,15,0,19,4,2012,5,10,43,1,1,1,I-75,,1748,38.90053333,-84.62726667,0,12,1,0,1,1,0,1,1,1,0,1,0,0000000,10,47,10,52,11,21,0,0,0,1,0
21,210175,1,1,0,0,0,1,1,67,1980,20,4,2012,6,2,8,1,12,3,SR-4,,40,38.0333,-84.56576667,0,1,0,0,1,1,0,1,3,1,0,1,0,0000000,2,8,2,20,2,27,0,0,0,1,0
21,210176,2,2,0,0,0,6,6,151,3387,20,4,2012,6,7,55,0,3,3,SR-52,,214,37.71945,-84.106625,0,12,2,0,1,1,0,1,1,10,0,10,0,0000000,7,59,8,9,8,36,0,0,0,2,0
21,210177,1,1,0,0,0,1,1,37,1550,18,4,2012,4,19,12,1,11,1,I-471,,0,39.05178611,-84.4677,0,25,0,0,1,1,1,4,1,1,0,1,0,0000000,19,15,19,21,20,20,3,0,0,1,1
21,210178,1,1,0,0,0,2,2,145,2520,21,4,2012,7,16,9,0,6,5,COUNTY PARK RD,,2,37.09052222,-88.67228889,0,35,0,0,1,1,0,4,1,1,0,1,0,0000000,16,11,16,18,16,34,0,0,0,2,0
21,210179,1,1,0,0,0,1,1,155,0,23,4,2012,2,11,32,0,4,3,SR-49,,245,37.60564444,-85.34231944,0,1,0,0,1,1,0,4,1,1,0,1,0,0000000,11,30,11,37,88,88,0,0,0,1,0
21,210180,7,2,5,0,0,2,2,207,2810,2,4,2012,2,13,8,1,2,2,US-127,,159,37.0167,-85.07576389,0,33,0,0,1,1,0,4,1,1,0,1,0,0000000,13,6,13,10,13,31,14,0,0,1,0
21,210181,1,1,0,1,1,3,3,115,3167,14,4,2012,7,10,13,0,4,3,SR-40,,80,37.82368333,-82.83268889,0,8,0,0,1,1,0,1,1,10,0,10,0,0000000,10,14,10,23,10,36,0,0,0,1,0
21,210182,1,1,0,0,0,1,1,203,0,16,4,2012,2,18,32,0,5,3,SR-1249,,50,37.218,-84.32505,0,42,0,0,1,1,0,4,1,1,0,1,0,0000000,18,33,18,49,99,99,0,0,0,1,0
21,210183,1,1,0,0,0,3,3,93,0,24,4,2012,3,14,50,0,6,4,CR-BOONE RD,,13,37.74582222,-85.92786667,0,42,0,0,1,1,0,4,1,10,0,10,0,0000000,14,58,99,99,99,99,0,0,0,1,0
21,210184,1,1,0,0,0,1,1,29,0,25,4,2012,4,5,51,1,1,1,I-65 EXIT RAMP,SR-112,2,37.92236111,-85.68686667,0,52,0,1,5,1,0,4,3,10,0,10,0,0000000,5,52,6,1,88,88,0,0,0,1,0
21,210185,3,3,0,0,0,3,3,113,2410,27,4,2012,6,7,25,1,13,2,US-27,COMMERCE DRIVE,134,37.93866389,-84.54741944,0,12,6,0,2,2,0,1,4,1,0,1,0,0000000,7,28,7,33,7,43,0,0,0,1,0
21,210186,2,2,0,0,0,2,2,111,2090,29,4,2012,1,2,18,0,13,3,SR-1747,,54,38.16046111,-85.63213056,0,12,2,0,1,1,0,1,2,10,0,10,0,0000000,99,99,99,99,99,99,0,0,0,1,1
21,210187,1,1,0,0,0,1,1,107,960,30,4,2012,2,11,29,0,16,5,MOSS AVE WEST,,1,37.27198333,-87.51046944,0,10,0,0,6,1,0,1,1,10,0,10,0,345318d,11,33,11,39,88,88,0,0,0,1,0
21,210188,1,1,0,0,0,1,1,221,0,30,4,2012,2,14,11,0,6,4,CR-PARKVIEW SHORES DR,,15,36.87083889,-87.95917222,0,42,0,0,1,1,0,4,1,10,0,10,0,0000000,14,12,14,27,99,99,0,0,0,1,0
21,210189,1,1,0,0,0,1,1,91,0,21,4,2012,7,16,20,1,2,2,US-60,,91,37.90406389,-86.76374722,0,1,0,0,1,1,0,4,1,1,0,1,0,0000000,16,20,16,23,16,33,0,0,0,1,1
21,210190,1,1,0,0,0,1,1,81,0,30,4,2012,2,23,7,0,3,3,SR-36,,162,38.58769444,-84.54515,0,19,0,0,1,1,0,5,2,2,10,2,0,0000000,23,17,23,28,88,88,0,0,0,1,1
21,210191,1,1,0,0,0,3,3,115,1135,25,4,2012,4,4,59,0,4,3,SR-172,,43,37.92039167,-82.8994,0,35,0,0,1,1,0,4,2,10,0,10,0,0000000,5,5,5,6,6,12,0,0,0,1,1
21,210192,1,1,0,0,0,1,1,147,0,12,4,2012,5,19,27,0,4,3,SR-92,,27,36.73629167,-84.64461944,0,1,0,0,1,1,0,4,5,10,0,10,0,0000000,19,27,19,44,88,88,0,0,0,1,0
21,210193,2,2,0,0,0,2,2,29,2990,10,4,2012,3,11,56,0,14,3,SR-480,I-65SB EXIT RAMP,9,37.97958333,-85.69617778,0,12,6,1,2,3,0,1,1,1,0,1,0,0000000,11,55,11,58,88,88,0,0,0,1,0
21,210194,1,1,0,0,0,1,1,161,2210,24,4,2012,3,20,12,0,4,2,US-62,,1,38.68301667,-83.78828889,0,30,0,0,1,1,0,4,2,1,0,1,0,0000000,20,16,20,20,20,36,0,0,0,1,1
21,210195,2,2,0,0,0,4,4,111,2090,25,4,2012,4,15,11,0,13,3,SR-1932,,3,38.18427778,-85.62632222,0,12,1,0,8,1,0,1,1,1,0,1,0,0000000,15,14,15,21,15,52,0,0,0,1,0
21,210196,1,1,0,0,0,2,2,13,0,25,4,2012,4,19,30,0,4,3,SR-66,,165,36.92287778,-83.56519167,0,42,0,0,1,1,0,4,1,2,10,2,0,0000000,19,13,19,40,99,99,0,0,0,1,0
21,210197,2,2,0,0,0,2,2,25,3512,13,4,2012,6,13,45,0,4,3,SR-1110,,91,37.43445833,-83.37915556,0,12,2,0,1,1,0,1,1,10,0,10,0,0000000,13,49,14,4,14,25,0,0,0,1,0
21,210198,2,2,0,0,0,5,5,119,9999,26,4,2012,5,8,39,1,2,3,SR-80,SR-1087,117,37.39867778,-82.95796111,0,12,6,0,2,2,0,1,1,2,0,2,0,0000000,99,99,99,99,99,99,0,0,0,2,1
21,210199,2,2,0,0,0,6,6,29,0,5,2,2012,1,17,8,0,4,3,SR-480,,35,37.97569444,-85.64931389,0,12,6,0,1,1,0,1,1,1,0,1,0,0000000,17,10,17,20,18,41,0,0,0,1,0
21,210200,2,2,0,0,0,2,2,61,410,7,2,2012,3,10,23,0,3,3,SR-70,SR-259,116,37.20769167,-86.28445,0,12,6,0,2,3,0,1,1,1,0,1,0,0000000,10,24,10,25,10,45,0,0,0,1,0
21,210201,3,3,0,0,0,3,3,29,2335,22,3,2012,5,14,7,0,13,3,SR-44,CENTRAL BLD,2129,38.03742222,-85.56604444,0,12,6,0,2,3,0,1,1,10,0,10,0,0000000,14,7,14,11,88,88,0,0,0,1,0
21,210202,2,2,0,0,0,2,2,125,0,7,2,2012,3,19,1,0,4,3,SR-363,MAPLE GROVE ROAD,67,37.07086111,-84.10384722,0,12,6,0,2,4,0,1,2,1,0,1,0,0000000,19,2,19,9,19,35,0,0,0,1,0
21,210203,2,2,0,0,0,3,3,9,0,2,5,2012,4,14,47,0,5,3,SR-249,,125,36.93357222,-85.91932778,0,12,2,0,1,1,0,1,1,1,0,1,0,0000000,14,47,15,1,15,28,0,0,0,1,0
21,210204,1,1,0,0,0,1,1,195,238,2,5,2012,4,18,46,1,2,2,US-460,,108,37.35003333,-82.39184722,0,35,0,0,1,1,0,4,1,10,0,10,0,0000000,18,49,18,51,88,88,0,0,0,1,0
21,210205,1,1,0,0,0,3,3,145,0,2,5,2012,4,2,27,0,14,3,SR-305,,96,37.10215556,-88.66705278,0,42,0,0,1,1,0,5,6,1,0,1,0,0000000,2,45,2,49,3,1,0,0,0,1,0
21,210206,1,1,0,0,0,2,2,9,0,4,5,2012,6,21,50,0,4,3,SR-63,,96,36.9255,-85.87280278,0,39,0,0,1,1,0,4,2,10,0,10,0,0000000,21,50,21,57,22,11,0,0,0,1,1
21,210207,1,1,0,0,0,1,1,19,120,3,5,2012,5,15,0,0,4,3,SR-5,,79,38.45309167,-82.70721111,0,18,0,0,1,1,0,5,1,1,0,1,0,0000000,15,7,15,14,88,88,0,0,0,1,0
21,210208,1,1,0,0,0,1,1,239,0,2,5,2012,4,22,5,0,4,3,SR-1681,,77,38.1271,-84.71128611,0,42,0,0,1,1,0,4,2,1,0,1,0,0000000,22,12,22,18,88,88,0,0,0,1,0
21,210209,2,2,0,0,0,3,3,207,0,2,5,2012,4,15,25,0,6,3,SR-3281,,13,36.95736667,-85.10728889,0,12,2,0,1,1,0,1,1,1,0,1,0,0000000,15,27,15,34,99,99,0,0,0,1,0
21,210210,1,1,0,0,0,1,1,67,1980,5,5,2012,7,2,25,0,16,5,MONTAVESTA RD,,13,38.00235833,-84.48593056,0,42,0,0,1,1,0,4,3,2,0,2,0,0000000,2,51,2,57,88,88,0,0,0,1,1
21,210211,2,2,0,0,0,4,4,219,0,5,5,2012,7,8,20,1,2,2,US-68,SR-475,99998,36.82693889,-87.22061389,0,12,6,0,2,2,0,1,1,2,0,2,0,0000000,8,20,8,32,8,56,0,0,0,1,0
21,210212,1,1,0,0,0,1,1,67,1980,5,5,2012,7,15,27,1,1,1,I-75,,977,37.88150556,-84.33625278,0,24,0,0,1,1,0,4,1,1,0,1,0,0000000,15,27,15,36,88,88,0,0,0,1,0
21,210213,2,2,0,0,0,3,3,217,0,5,5,2012,7,19,8,0,2,2,US-68,,80,37.3635,-85.31011667,0,12,2,0,1,1,0,1,1,1,0,1,0,0000000,19,7,19,10,19,44,0,0,0,2,0
21,210214,1,1,0,0,0,1,1,27,0,5,5,2012,7,22,54,0,6,4,CR- BUTLER HIBBS RD,,5,37.76728889,-86.40113889,0,35,0,0,1,1,0,4,2,1,0,1,0,0000000,22,55,23,4,88,88,0,0,0,1,1
21,210215,2,2,0,0,0,2,2,195,3014,6,5,2012,1,6,25,1,2,2,US-119,,119,37.59489444,-82.37439167,0,12,9,0,1,1,0,1,4,5,0,5,0,0000000,6,28,6,45,88,88,0,0,0,1,0
21,210216,3,3,0,0,0,5,5,35,0,6,5,2012,1,11,10,0,4,3,SR-121,,22,36.51663333,-88.11507778,0,12,9,0,1,1,0,1,1,1,0,1,0,0000000,11,12,11,25,12,1,0,0,0,1,2
21,210217,2,2,0,0,0,2,2,3,0,7,5,2012,2,20,40,1,2,2,US-31,,52,36.67695833,-86.25206667,0,12,2,0,1,1,0,1,2,2,0,2,0,0000000,20,20,20,24,20,49,0,0,0,1,0
21,210218,1,1,0,0,0,1,1,231,0,6,5,2012,1,7,59,0,5,3,SR-674,,14,36.86858889,-84.95091944,0,42,0,0,1,1,0,4,1,1,0,1,0,0000000,7,59,8,14,88,88,0,0,0,1,1
21,210219,1,1,0,0,0,1,1,15,0,8,5,2012,3,13,10,0,4,3,SR-536,,68,38.94555278,-84.73361111,0,35,0,0,1,1,0,4,1,1,0,1,0,0000000,13,16,13,23,88,88,0,0,0,1,0
21,210220,2,2,0,0,0,2,2,217,0,9,5,2012,4,5,49,0,2,3,SR-55,,24,37.233675,-85.34341944,0,12,6,0,1,1,0,1,2,10,0,10,0,0000000,5,51,5,59,6,33,0,0,0,1,0
21,210221,1,1,0,0,0,1,1,97,0,8,5,2012,3,10,58,0,6,4,CR-ODDVILLE SUNRISE RD,,11,38.46888333,-84.24904167,0,42,0,0,1,1,0,4,1,10,0,10,0,0000000,11,0,11,9,11,26,0,0,0,1,0
21,210222,2,2,0,0,0,3,3,141,0,11,5,2012,6,11,59,1,2,2,US-68,,219,36.86311667,-86.73625,0,12,1,0,6,1,0,1,1,1,0,1,0,918993C,12,2,12,13,99,99,0,0,0,1,0
21,210223,1,1,0,0,0,1,1,23,150,12,5,2012,7,3,20,0,3,3,SR-19,SR-8,169,38.77098333,-83.99466389,0,24,0,0,3,2,0,4,3,1,0,1,0,0000000,3,39,3,47,88,88,0,0,0,1,1
21,210224,1,1,0,0,0,1,1,203,0,13,5,2012,1,1,37,0,6,4,CR-SWEETWATER RD,,13,37.46874167,-84.33586944,0,42,0,0,1,1,0,4,2,10,0,10,0,0000000,1,45,1,55,88,88,0,0,0,1,1
21,210225,2,2,0,0,0,7,7,99,0,13,5,2012,1,4,5,1,1,1,I-65,,733,37.41649722,-85.88194444,0,12,7,0,1,1,0,1,2,2,0,2,0,0000000,4,9,4,24,5,10,0,0,0,1,0
21,210226,4,4,0,0,0,8,8,99,0,13,5,2012,1,9,58,1,1,1,I-65,,544,37.150275,-85.97091667,0,57,0,0,1,1,0,3,1,2,0,2,0,0000000,99,99,99,99,99,99,0,0,0,1,0
21,210227,2,2,0,0,0,4,4,205,0,13,5,2012,1,19,45,1,1,1,I-64,,1316,38.17486389,-83.57615,0,12,2,0,1,1,0,1,1,2,0,2,0,0000000,19,47,19,55,99,99,0,0,0,1,0
21,210228,1,1,0,1,1,1,1,67,1980,13,5,2012,1,21,44,1,13,2,US-25,,112,38.01800278,-84.46476667,0,8,0,0,1,1,0,1,3,2,0,2,0,0000000,21,44,21,46,22,3,19,0,0,1,0
21,210229,1,1,0,0,0,1,1,97,0,14,5,2012,2,7,55,0,6,3,SR-982,,43,38.36717222,-84.29423333,0,35,0,0,1,1,0,4,1,2,0,2,0,0000000,7,58,8,5,88,88,0,0,0,1,0
21,210230,1,1,0,0,0,1,1,125,0,14,5,2012,2,12,43,0,4,3,SR-472,,73,37.17029444,-83.97881667,0,42,0,0,1,1,0,4,1,10,0,10,0,0000000,99,99,99,99,88,88,0,0,0,1,0
21,210231,1,1,0,0,0,1,1,73,1220,14,5,2012,2,13,25,0,14,3,SR-420,,22,38.17133889,-84.87651667,0,24,0,0,1,1,0,4,1,10,0,10,0,0000000,13,26,13,32,13,46,0,0,0,1,0
21,210232,1,1,0,1,1,2,2,67,1980,14,5,2012,2,21,46,1,13,2,US-27,,33,38.00774444,-84.51791111,0,8,0,0,1,1,0,1,3,1,0,1,0,0000000,21,47,21,51,88,88,0,0,0,1,0
21,210233,2,2,0,0,0,4,4,71,2670,15,5,2012,3,15,28,1,2,3,SR-114,,59,37.64292778,-82.84900833,0,12,2,0,1,1,0,1,1,10,0,10,0,0000000,15,33,16,8,17,53,0,0,0,1,1
21,210234,2,2,0,0,0,2,2,227,0,15,5,2012,3,22,12,1,2,2,US-231,,24,36.84951944,-86.33367778,0,58,0,0,1,1,0,3,2,1,0,1,0,0000000,22,18,22,24,99,99,0,0,0,1,0
21,210235,1,1,0,0,0,2,2,187,0,16,5,2012,4,0,30,0,6,4,CR-FRANK CLARK RD,,1,38.39571111,-84.85241667,0,42,0,0,1,1,0,4,2,1,0,1,0,0000000,7,1,7,9,88,88,0,0,0,1,1
21,210236,5,5,0,0,0,9,9,235,0,16,5,2012,4,15,20,1,1,1,I-75,,41,36.63309167,-84.11705278,0,12,1,0,1,1,0,1,1,1,0,1,0,0000000,15,23,15,34,16,42,19,0,0,1,0
21,210237,1,1,0,0,0,1,1,85,0,8,5,2012,3,6,14,0,4,2,US-62,,266,37.49831111,-86.20443611,0,35,0,0,1,1,0,4,4,10,0,10,0,0000000,6,14,6,27,88,88,0,0,0,1,0
21,210238,2,2,0,0,0,6,6,197,0,6,5,2012,1,11,3,0,4,3,SR-213,JERRICA LEIGH LANE,116,37.88275833,-83.863775,0,12,7,0,3,3,0,1,1,1,0,1,0,0000000,11,2,11,7,99,99,0,0,0,1,0
21,210239,2,2,0,0,0,2,2,179,170,7,5,2012,2,10,2,0,13,2,US-31E,,148,37.81730278,-85.46413611,0,12,6,0,8,1,0,1,1,10,0,10,0,0000000,99,99,99,99,99,99,0,0,0,1,0
21,210240,1,1,0,0,0,4,4,211,3020,19,5,2012,7,0,45,1,1,1,I-64,,284,38.20239444,-85.31576667,0,1,0,0,1,1,1,3,2,1,0,1,0,0000000,0,45,0,51,1,35,0,0,0,3,0
21,210241,1,1,0,0,0,4,4,41,570,19,5,2012,7,9,10,0,6,4,CR-GENERAL BUTLER STATE PARK R,,11,38.66720278,-85.15334722,0,42,0,0,1,1,0,4,1,1,0,1,0,0000000,9,10,9,15,99,99,0,0,0,1,1
21,210242,1,1,0,0,0,3,3,141,0,19,5,2012,7,12,32,0,6,4,CR-MONTGOMERY RD,,29,36.81223333,-86.751675,0,1,0,0,1,1,0,4,1,1,0,1,0,0000000,12,33,12,42,13,23,0,0,0,1,0
21,210243,1,1,0,1,1,2,2,111,2090,19,5,2012,7,21,44,1,13,2,US-31W,PAGES LN WEST,105,38.13018333,-85.84787778,0,15,0,0,3,2,0,1,3,1,0,1,0,0000000,21,44,21,48,22,30,0,0,0,1,0
21,210244,1,1,0,0,0,2,2,145,0,20,5,2012,1,0,16,0,6,3,SR-1565,,42,37.06759167,-88.7405,0,35,0,0,1,1,0,4,2,1,0,1,0,0000000,0,20,0,25,1,0,0,0,0,2,1
21,210245,1,1,0,0,0,3,3,127,0,20,5,2012,1,17,3,0,4,3,SR-1,,6,38.17115278,-82.72803889,0,35,0,0,1,1,0,4,1,1,0,1,0,0000000,17,6,17,43,18,1,0,0,0,1,1
21,210246,2,2,0,0,0,5,5,121,0,21,5,2012,2,17,22,0,5,3,SR-223,,28,36.85888889,-83.75483333,0,12,2,0,1,1,0,1,1,2,0,2,0,0000000,17,16,17,23,17,42,0,0,0,1,1
21,210247,1,1,0,0,0,1,1,117,800,15,5,2012,3,8,15,0,16,5,6TH STREET EAST,MADISON AVE,1,39.08462778,-84.51037778,0,43,0,0,3,2,0,5,1,1,0,1,0,0000000,8,46,8,48,9,20,0,0,0,1,0