STATE,ST_CASE,VE_TOTAL,VE_FORMS,PVH_INVL,PEDS,PERNOTMVIT,PERMVIT,PERSONS,COUNTY,CITY,DAY,MONTH,YEAR,DAY_WEEK,HOUR,MINUTE,NHS,ROAD_FNC,ROUTE,TWAY_ID,TWAY_ID2,MILEPT,LATITUDE,LONGITUD,SP_JUR,HARM_EV,MAN_COLL,RELJCT1,RELJCT2,TYP_INT,WRK_ZONE,REL_ROAD,LGT_COND,WEATHER1,WEATHER2,WEATHER,SCH_BUS,RAIL,NOT_HOUR,NOT_MIN,ARR_HOUR,ARR_MIN,HOSP_HR,HOSP_MN,CF1,CF2,CF3,FATALS,DRUNK_DR
21,210248,1,1,0,0,0,1,1,181,0,4,5,2012,6,20,28,0,6,4,CR-UPPER SHARPSBURG,,24,38.23840556,-83.95893611,0,42,0,0,1,1,0,4,5,1,0,1,0,0000000,20,30,20,31,88,88,0,0,0,1,0
21,210249,1,1,0,0,0,1,1,231,0,22,5,2012,3,8,35,0,4,3,SR-92,,130,36.78316111,-84.80995556,0,34,0,0,1,1,0,4,1,10,0,10,0,0000000,8,37,8,52,9,38,0,0,0,1,0
21,210250,1,1,0,0,0,3,3,163,193,22,5,2012,3,11,25,0,4,3,SR-228,,154,38.05003333,-86.28655278,0,35,0,0,1,1,0,4,1,1,0,1,0,0000000,11,29,11,45,12,7,0,0,0,1,0
21,210251,1,1,0,0,0,2,2,109,0,22,5,2012,3,17,11,0,3,2,US-421,,236,37.48316389,-84.09965556,0,35,0,0,1,1,0,5,1,10,0,10,0,0000000,17,22,17,47,18,14,0,0,0,1,0
21,210252,4,4,0,0,0,6,6,145,2520,22,5,2012,3,14,27,1,11,1,I-24,,29,37.09734444,-88.68807778,0,12,6,0,1,1,0,1,1,1,0,1,0,0000000,14,30,14,38,15,19,19,0,0,2,0
21,210253,2,2,0,0,0,5,5,93,2724,23,5,2012,4,15,19,1,4,3,SR-313,SOUTH BOUNDARY RD,88,37.79747222,-85.90265278,0,12,6,0,2,2,0,1,1,1,0,1,0,0000000,15,16,15,27,15,50,0,0,0,1,1
21,210254,1,1,0,0,0,1,1,209,0,25,5,2012,6,19,20,0,5,3,SR-1688,,18,38.24523889,-84.70855278,0,42,0,0,1,1,0,4,1,1,0,1,0,0000000,19,27,19,38,88,88,0,0,0,1,0
21,210255,1,1,0,0,0,1,1,25,0,25,5,2012,6,21,0,0,4,3,SR-1812,,13,37.53418333,-83.35047222,0,30,0,0,1,1,0,5,2,1,0,1,0,0000000,21,5,21,10,21,24,0,0,0,1,1
21,210256,1,1,0,0,0,3,3,79,0,24,5,2012,5,22,10,0,6,4,CR-GOOCH PARK RD,,7,37.58798056,-84.49948611,0,1,0,0,1,1,0,4,2,1,0,1,0,0000000,22,13,22,24,22,56,0,0,0,1,1
21,210257,2,2,0,0,0,8,8,93,3370,12,5,2012,7,21,35,0,5,3,SR-391,,8,37.79725833,-85.99648889,0,12,1,0,1,1,0,1,2,2,0,2,0,0000000,21,41,21,50,22,27,0,0,0,1,0
21,210258,2,2,0,0,0,2,2,193,1470,26,5,2012,7,7,22,1,4,3,SR-15X,,13,37.24952222,-83.19831111,0,12,2,0,1,1,0,1,1,1,0,1,0,0000000,7,19,7,22,8,57,0,0,0,1,0
21,210259,5,5,0,0,0,6,6,15,0,26,5,2012,7,9,10,0,14,2,US-42,RICE PIKE,84,38.92246667,-84.67812222,0,12,7,0,2,2,0,1,1,1,0,1,0,0000000,9,10,9,13,9,40,0,0,0,1,0
21,210260,1,1,0,0,0,1,1,135,0,26,5,2012,7,16,38,0,5,3,SR-59,,109,38.46838056,-83.26592222,0,1,0,0,1,1,0,4,1,1,0,1,0,0000000,16,26,16,34,88,88,0,0,0,1,0
21,210261,1,1,0,0,0,3,3,97,0,26,5,2012,7,20,25,0,4,2,US-62,,156,38.45,-84.24123056,0,1,0,0,1,1,0,4,1,1,0,1,0,0000000,20,27,20,34,21,4,0,0,0,2,1
21,210262,1,1,0,0,0,2,2,231,2260,27,5,2012,1,1,10,0,4,3,SR-3284,,1,36.821525,-84.87482222,0,19,0,0,1,1,0,5,3,1,0,1,0,0000000,1,12,1,17,88,88,0,0,0,2,1
21,210263,3,3,0,0,0,11,11,207,0,27,5,2012,1,10,15,0,4,3,SR-80 EAST,SR-910,65,37.074125,-85.02727222,0,12,6,0,3,3,0,1,1,1,0,1,0,0000000,10,24,10,33,11,1,0,0,0,1,0
21,210264,1,1,0,0,0,3,3,97,0,28,5,2012,2,0,55,0,6,4,CR-ROBINSON RD,,11,38.47095,-84.34715278,0,35,0,0,1,1,0,4,2,1,0,1,0,0000000,0,59,1,13,1,35,0,0,0,1,1
21,210265,1,1,0,0,0,8,8,183,0,28,5,2012,2,6,20,1,2,3,SR-9007 WM NAT PKWAY,,417,37.39366389,-86.81519167,0,1,0,0,1,1,0,3,1,10,0,10,0,0000000,6,20,6,29,7,23,0,0,0,2,1
21,210267,1,1,0,0,0,1,1,233,2700,28,5,2012,2,12,10,0,4,3,SR-120,,56,37.40415833,-87.75214444,0,35,0,0,1,1,0,4,1,1,0,1,0,0000000,12,10,12,15,88,88,0,0,0,1,0
21,210268,1,1,0,0,0,1,1,141,0,30,5,2012,4,5,0,0,2,2,US-431,,308,37.05068611,-86.98946944,0,42,0,0,1,1,0,4,4,1,0,1,0,0000000,5,16,5,38,88,88,0,0,0,1,0
21,210269,2,2,0,0,0,2,2,111,2090,30,5,2012,4,5,59,0,13,3,SR-1747,OLD FERN VALLEY RD,25,38.15740833,-85.68636667,0,12,6,0,2,3,0,1,6,5,0,5,0,0000000,5,59,6,5,88,88,0,0,0,1,0
21,210270,3,3,0,0,0,4,4,227,0,30,5,2012,4,11,46,1,1,1,I-65,,194,36.88408889,-86.443375,0,12,7,0,1,1,0,1,1,1,0,1,0,0000000,11,49,12,10,13,28,0,0,0,2,0
21,210271,2,2,0,1,1,3,3,159,1680,30,5,2012,4,21,55,0,4,3,SR-3,,119,37.86626111,-82.53935556,0,8,0,0,1,1,0,1,2,1,0,1,0,0000000,22,1,22,21,23,17,23,0,0,1,0
21,210272,1,1,0,0,0,1,1,53,0,26,5,2012,7,6,26,0,5,3,SR-738,,10,36.64908611,-85.18080278,0,30,0,0,1,1,0,4,2,1,0,1,0,0000000,6,26,6,34,88,88,0,0,0,1,1
21,210273,2,2,0,0,0,3,3,145,2520,29,5,2012,3,13,5,0,13,2,US-60,RECREATION TRACE,129,37.08346944,-88.64241111,0,12,6,0,2,2,0,1,1,1,0,1,0,0000000,13,6,13,13,13,27,0,0,0,1,0
21,210274,1,1,0,1,1,1,1,223,220,31,5,2012,5,11,5,0,3,2,US-421,,72,38.60023611,-85.316625,0,8,0,0,1,1,0,1,1,1,0,1,0,0000000,11,6,11,15,88,88,0,0,0,1,0
21,210275,2,2,0,0,0,2,2,67,1980,31,5,2012,5,17,55,0,16,5,3RD STREET EAST,RACE STREET,5,38.04439722,-84.48565833,0,12,6,0,2,2,0,1,1,10,0,10,0,0000000,17,56,18,6,18,15,0,0,0,1,0
21,210276,1,1,0,0,0,1,1,47,0,28,5,2012,2,18,34,1,2,3,SR-2004 RAMP,I-24,3,36.73806667,-87.50416944,0,35,0,1,5,1,0,4,1,1,0,1,0,0000000,18,35,18,55,99,99,0,0,0,1,0
21,210277,1,1,0,0,0,2,2,157,0,20,5,2012,1,13,30,1,2,3,SR-9003,,368,36.83366667,-88.43603056,0,1,0,0,1,1,0,3,1,1,0,1,0,0000000,99,99,99,99,99,99,0,0,0,1,0
21,210278,1,1,0,0,0,1,1,121,160,29,5,2012,3,18,28,0,4,3,SR-11,,88,36.85209444,-83.888225,0,34,0,0,1,1,0,4,1,2,10,2,0,0000000,18,38,18,44,88,88,0,0,0,1,0
21,210279,1,1,0,0,0,1,1,23,0,15,5,2012,3,10,57,0,4,3,SR-10,,159,38.66720278,-84.03273333,0,35,0,0,1,1,0,5,1,10,0,10,0,0000000,10,58,11,3,11,25,0,0,0,1,0
21,210280,1,1,0,0,0,2,2,3,0,2,5,2012,4,15,52,0,4,3,SR-234,,41,36.86515556,-86.21137222,0,35,0,0,1,1,0,4,1,1,0,1,0,0000000,15,51,16,3,16,47,0,0,0,1,0
21,210281,2,2,0,0,0,4,4,197,3190,14,2,2012,3,15,12,0,6,3,SR-2486,WASHINGTON ST,2,37.84911389,-83.86098056,0,12,6,0,2,2,0,1,1,2,0,2,0,0000000,15,13,15,16,16,10,0,0,0,1,0
21,210282,1,1,0,0,0,1,1,15,0,1,6,2012,6,11,0,0,4,2,US-42,,7,38.83358333,-84.73841944,0,42,0,0,1,1,0,4,1,10,0,10,0,0000000,11,1,11,11,88,88,0,0,0,1,0
21,210283,1,1,0,1,1,2,2,151,0,2,6,2012,7,2,55,0,3,3,SR-52,,169,37.739,-84.18599444,0,8,0,0,1,1,0,1,2,1,0,1,0,0000000,2,58,3,6,88,88,0,0,0,1,0
21,210284,1,1,0,0,0,1,1,89,3800,2,6,2012,7,19,8,1,13,2,US-23,,70,38.54373333,-82.76256111,0,1,0,0,1,1,0,1,1,1,0,1,0,0000000,19,9,19,15,88,88,0,0,0,1,1
21,210285,1,1,0,1,1,3,3,15,0,3,6,2012,1,2,8,0,5,3,SR-8,,49,39.09808889,-84.69333611,0,8,0,0,1,1,0,1,2,1,0,1,0,0000000,2,29,2,42,3,4,0,0,0,1,1
21,210286,1,1,0,0,0,1,1,191,0,3,6,2012,1,5,11,0,5,3,SR-330,,46,38.59983333,-84.40128611,0,42,0,0,1,1,0,4,2,1,0,1,0,0000000,5,14,5,33,88,88,0,0,0,1,1
21,210287,2,2,0,0,0,2,2,51,0,3,6,2012,1,10,26,0,4,2,US-421,,114,37.08949444,-83.70042778,0,12,6,0,1,1,0,1,1,2,0,2,0,0000000,10,31,10,39,99,99,0,0,0,1,0
21,210288,1,1,0,0,0,1,1,197,0,3,6,2012,1,12,53,0,3,3,SR-11,,21,37.78078889,-83.68182222,0,24,0,0,1,1,0,4,1,1,0,1,0,0000000,99,99,99,99,88,88,0,0,0,1,0
21,210289,1,1,0,0,0,1,1,11,0,3,6,2012,1,20,30,0,6,3,SR-3290,,7,38.07136389,-83.65635278,0,42,0,0,1,1,0,4,1,1,0,1,0,0000000,20,36,20,42,88,88,0,0,0,1,0
21,210290,1,1,0,0,0,1,1,35,0,1,6,2012,6,7,0,0,6,3,SR-783,,137,36.70500278,-88.36072222,0,34,0,0,1,1,0,4,1,10,0,10,0,0000000,7,15,7,24,88,88,0,0,0,1,0
21,210291,1,1,0,0,0,2,2,213,0,6,6,2012,4,8,48,0,4,3,SR-100,,143,36.70836389,-86.480675,0,42,0,0,1,1,0,4,1,1,0,1,0,0000000,8,50,8,57,88,88,0,0,0,2,0
21,210292,1,1,0,0,0,2,2,227,0,6,6,2012,4,21,37,0,6,4,CR-CARL JORDAN RD,,12,37.00305,-86.26399167,0,35,0,0,1,1,0,5,2,1,0,1,0,0000000,21,38,21,52,22,30,0,0,0,1,1
21,210293,2,2,0,0,0,4,4,197,0,5,6,2012,3,8,24,1,2,3,SR-9000,,342,37.79693056,-83.66894722,0,12,6,0,7,1,0,1,1,1,0,1,0,0000000,8,25,8,37,9,54,0,0,0,1,0
21,210294,2,2,0,0,0,2,2,157,0,9,6,2012,7,13,5,0,2,2,US-68,,143,36.865225,-88.26894167,0,35,0,0,1,1,0,5,1,1,0,1,0,0000000,13,5,13,14,14,16,0,0,0,1,0
21,210295,1,1,0,0,0,2,2,219,1370,9,6,2012,7,22,50,0,2,2,US-79,,11,36.65265,-87.18509167,0,1,0,0,1,1,0,4,2,1,0,1,0,0000000,22,49,23,3,23,54,0,0,0,1,0
21,210296,1,1,0,1,1,3,3,111,2090,8,6,2012,6,23,58,0,16,6,GRASTON AVE,THOMAS AVE,1,38.17436667,-85.83508889,0,8,0,0,2,2,0,1,2,1,0,1,0,0000000,23,58,0,7,0,30,0,0,0,1,0
21,210297,2,2,0,0,0,2,2,155,0,10,6,2012,1,12,38,0,5,3,SR-412,,22,37.53510278,-85.38125833,0,12,1,0,8,1,0,1,1,1,0,1,0,0000000,12,38,12,46,13,37,0,0,0,1,0
21,210298,1,1,0,0,0,1,1,93,0,11,6,2012,2,5,43,1,2,3,SR-9001,,1302,37.62616111,-85.94343889,0,42,0,0,1,1,0,4,2,1,0,1,0,0000000,5,43,5,58,88,88,0,0,0,1,0
21,210299,4,4,0,0,0,4,4,15,3400,12,6,2012,3,19,0,1,1,1,I-75,,1712,38.85063611,-84.62198889,0,12,1,1,18,1,1,1,1,1,0,1,0,0000000,19,7,19,14,99,99,3,0,0,1,0
21,210300,1,1,0,0,0,16,16,111,2090,12,6,2012,3,17,10,0,13,3,SR-2054,,20,38.22265,-85.78575833,0,42,0,0,1,1,0,4,1,1,0,1,0,0000000,17,11,17,17,17,46,0,0,0,1,0
21,210301,2,2,0,0,0,2,2,111,2090,9,6,2012,7,22,40,0,16,3,SR-1065,APPLE VALLEY DR.,96,38.13743056,-85.62104722,0,12,1,0,3,2,0,1,2,1,0,1,0,0000000,22,42,22,46,23,16,0,0,0,1,0
21,210302,1,1,0,0,0,1,1,67,1980,13,6,2012,4,15,45,0,4,3,SR-1927,,56,37.99053889,-84.36831944,0,42,0,0,1,1,0,4,1,1,0,1,0,0000000,15,47,16,1,16,21,0,0,0,1,0
21,210303,1,1,0,0,0,1,1,183,0,10,6,2012,1,22,20,0,4,3,SR-54,,139,37.56683611,-86.61593611,0,35,0,0,1,1,0,4,2,1,0,1,0,0000000,22,24,22,50,88,88,0,0,0,1,1
21,210304,1,1,0,0,0,1,1,227,0,14,6,2012,5,7,46,0,4,2,US-231,,175,36.99588611,-86.53457778,0,1,0,0,1,1,0,4,1,1,0,1,0,0000000,7,46,7,52,8,18,0,0,0,1,0
21,210305,2,2,0,0,0,2,2,111,2090,9,6,2012,7,14,54,1,11,1,I-71,,63,38.29965278,-85.61625833,0,1,0,0,1,1,0,3,1,1,0,1,0,0000000,14,54,15,4,88,88,14,0,0,1,0
21,210306,1,1,0,0,0,1,1,17,0,7,6,2012,5,13,16,0,3,2,US-460,,59,38.21831944,-84.29948611,0,1,0,0,1,1,0,4,1,1,0,1,0,0000000,13,16,13,20,14,8,0,0,0,1,0
21,210307,3,3,0,0,0,4,4,111,2090,15,6,2012,6,15,49,1,2,2,US-31W,,38,38.03860556,-85.90729444,0,12,6,0,1,1,0,1,1,1,0,1,0,0000000,15,50,16,6,16,56,0,0,0,1,0
21,210308,2,2,0,0,0,3,3,193,1470,15,6,2012,6,17,21,0,5,3,SR-1440,,20,37.27525,-83.18223889,0,32,0,0,1,1,0,4,1,1,0,1,0,0000000,99,99,99,99,99,99,0,0,0,1,1
21,210309,1,1,0,0,0,2,2,145,2520,16,6,2012,7,0,21,0,4,3,SR-994,,37,36.98333333,-88.61683889,0,32,0,0,1,1,0,5,2,1,0,1,0,0000000,0,24,0,33,1,1,0,0,0,1,1
21,210310,1,1,0,0,0,2,2,133,1752,16,6,2012,7,10,36,0,4,3,SR-7,,127,37.17559167,-82.918025,0,32,0,0,1,1,0,4,1,1,0,1,0,0000000,10,35,10,35,99,99,0,0,0,1,0
21,210311,2,2,0,0,0,2,2,111,2090,16,6,2012,7,18,2,1,13,3,SR-1934,TRADE PORT DR,28,38.12534722,-85.89307222,0,12,6,0,2,2,0,1,1,1,0,1,0,0000000,18,2,18,8,99,99,0,0,0,1,0
21,210312,2,2,0,0,0,2,2,125,0,17,6,2012,1,17,56,0,3,3,SR-30,SR-1225,21,37.16853056,-84.09282222,0,12,6,0,2,2,0,1,1,1,0,1,0,0000000,99,99,99,99,99,99,0,0,0,1,0
21,210313,2,2,0,0,0,3,3,111,2090,18,6,2012,2,15,44,0,13,3,SR-1865,STRADER AVE,58,38.19116111,-85.78335278,0,12,7,0,2,3,0,1,1,1,0,1,0,0000000,99,99,99,99,88,88,0,0,0,1,0
21,210314,1,1,0,0,0,1,1,235,0,19,6,2012,3,12,45,0,4,3,SR-1193,,25,36.89876389,-84.23461944,0,35,0,0,1,1,0,4,1,1,0,1,0,0000000,12,47,13,0,88,88,0,0,0,1,0
21,210315,2,2,0,0,0,5,5,179,170,18,6,2012,2,18,0,0,13,2,US-31E,FLAMING RD,161,37.83713611,-85.46061111,0,12,2,0,2,3,0,1,1,1,0,1,0,0000000,18,5,18,10,18,33,0,0,0,1,0
21,210316,1,1,0,0,0,3,3,223,0,18,6,2012,2,21,22,0,3,2,US-421,,22,38.53346667,-85.25653889,0,42,0,0,1,1,0,4,1,1,0,1,0,0000000,21,33,21,44,99,99,0,0,0,1,0
21,210317,2,2,0,0,0,3,3,145,0,22,6,2012,6,19,5,1,11,1,I-24,,155,36.99519444,-88.49952778,0,12,1,0,1,1,0,1,1,1,0,1,0,0000000,19,9,19,12,19,21,0,0,0,1,0
21,210318,2,2,0,0,0,3,3,151,0,22,6,2012,6,22,36,0,6,4,CR-SIMPSON LANE,WALNUT GROVE DRIVE,99998,37.85682222,-84.33121111,0,12,6,0,2,3,0,1,3,1,0,1,0,0000000,22,46,22,50,23,50,0,0,0,1,0
21,210319,1,1,0,0,0,1,1,33,2690,21,6,2012,5,20,25,0,14,2,US-62,,88,37.12096111,-87.85577222,0,34,0,0,1,1,0,5,1,1,0,1,0,0000000,20,26,20,32,88,88,0,0,0,1,1
21,210320,2,2,0,0,0,3,3,145,0,20,6,2012,4,8,40,0,3,2,US-62,,68,37.03501111,-88.73371944,0,12,2,0,1,1,0,1,1,1,0,1,0,0000000,8,45,8,55,9,16,0,0,0,1,1
21,210321,2,1,1,0,0,2,2,185,419,23,6,2012,7,3,18,0,3,3,SR-146,,70,38.36683611,-85.44479167,0,14,0,0,1,1,0,4,2,1,0,1,0,0000000,3,22,3,27,4,12,20,0,0,2,0
21,210322,2,2,0,0,0,3,3,217,0,23,6,2012,7,12,56,0,3,2,US-68,,34,37.327725,-85.38938333,0,12,1,0,8,1,0,1,1,1,0,1,0,0000000,12,58,13,0,13,30,0,0,0,1,0
21,210323,2,2,0,0,0,2,2,143,970,24,6,2012,1,17,6,0,2,2,US-62,US-641,104,37.09854444,-88.06345833,0,12,6,0,2,2,0,1,1,1,0,1,0,0000000,17,6,17,10,17,34,0,0,0,1,0
21,210324,1,1,0,3,3,1,1,15,0,23,6,2012,7,22,51,0,14,3,SR-236,,4,39.03503333,-84.627825,0,8,0,0,1,1,0,1,2,1,0,1,0,0000000,22,52,22,52,23,24,15,0,0,1,0
21,210325,1,1,0,0,0,1,1,13,0,26,6,2012,3,15,15,0,6,4,CR-PINE MOUNTAIN SATE PARK RD,,65,36.7242,-83.74123056,0,59,0,0,1,1,0,4,1,10,0,10,0,0000000,15,26,15,30,88,88,0,0,0,1,1
21,210326,3,3,0,0,0,3,3,71,2670,26,6,2012,3,17,45,1,2,2,US-23,,182,37.684625,-82.79002778,0,12,2,0,1,1,0,1,1,1,0,1,0,0000000,17,45,17,50,99,99,14,0,0,1,1
21,210327,2,2,0,0,0,8,8,125,0,28,6,2012,5,10,48,0,4,3,SR-229,SR-1189,76,37.06435,-84.03406389,0,12,6,0,2,2,0,1,1,1,0,1,0,0000000,10,48,11,3,99,99,0,0,0,1,0
21,210328,2,2,0,0,0,2,2,111,2090,21,6,2012,5,20,7,1,13,3,SR-1934,,36,38.13603333,-85.88826944,0,12,1,0,1,1,0,1,5,7,0,7,0,0000000,20,8,20,14,20,48,0,0,0,1,1
21,210329,2,2,0,0,0,7,7,83,3620,28,6,2012,5,18,20,0,4,2,US-45,POPLAR ST,84,36.65668056,-88.73831944,0,12,6,0,2,3,0,1,1,1,0,1,0,0000000,18,26,18,35,18,54,0,0,0,1,0
21,210330,1,1,0,0,0,1,1,19,558,13,6,2012,4,7,57,0,4,3,SR-5,,26,38.41811389,-82.75884167,0,24,0,0,1,1,0,4,1,1,0,1,0,0000000,7,57,8,13,8,52,0,0,0,1,0
21,210331,1,1,0,0,0,1,1,155,0,9,6,2012,7,15,0,0,4,3,SR-527,,130,37.63248333,-85.42679444,0,42,0,0,1,1,0,4,1,1,0,1,0,0000000,15,1,15,16,99,99,0,0,0,1,0
21,210332,2,2,0,0,0,2,2,111,2090,30,6,2012,7,4,3,0,16,5,HILL STREET EAST,,4,38.22535,-85.75613056,0,12,6,0,8,1,0,1,3,1,0,1,0,0000000,4,3,4,10,99,99,0,0,0,1,1
21,210333,1,1,0,0,0,3,3,163,0,30,6,2012,7,22,20,0,4,3,SR-376,,36,37.97924444,-86.32927778,0,1,0,0,1,1,0,5,2,1,0,1,0,0000000,22,28,22,33,99,99,0,0,0,1,1
21,210334,1,1,0,0,0,2,2,29,1920,30,6,2012,7,21,23,0,6,3,SR-434,,1,37.83398333,-85.74604444,0,35,0,0,1,1,0,4,1,1,0,1,0,0000000,99,99,99,99,99,99,0,0,0,1,1
21,210335,1,1,0,1,1,1,1,15,1150,20,6,2012,4,21,43,0,16,2,US-25,,98,38.98800278,-84.62211667,0,8,0,0,1,1,0,1,3,1,0,1,0,0000000,21,47,21,53,22,19,0,0,0,1,0
21,210336,2,2,0,1,1,1,1,37,1180,23,6,2012,7,7,48,0,16,5,HUNTEMAN LANE,,2,39.08508333,-84.46773889,0,15,0,0,1,1,0,1,1,1,0,1,0,0000000,7,50,7,54,8,13,14,0,0,1,0
21,210337,2,2,0,0,0,2,2,119,1281,29,6,2012,6,9,55,0,4,3,SR-550,,158,37.35368333,-82.93168611,0,12,2,0,1,1,0,1,1,1,0,1,0,0000000,99,99,99,99,99,99,0,0,0,1,0
21,210338,1,1,0,0,0,2,2,193,2788,9,5,2012,4,1,10,0,5,3,SR-267,,92,37.34587222,-83.21975556,0,35,0,0,1,1,0,4,2,10,0,10,0,0000000,88,88,88,88,88,88,0,0,0,1,1
21,210339,1,1,0,0,0,1,1,9,0,26,5,2012,7,5,26,0,3,3,SR-90,,153,36.94489167,-85.83766667,0,35,0,0,1,1,0,5,2,1,0,1,0,0000000,5,26,5,39,88,88,0,0,0,1,1
21,210340,1,1,0,0,0,2,2,45,0,14,5,2012,2,18,4,0,6,3,SR-1742,,71,37.39138056,-85.07374722,0,35,0,0,1,1,0,4,1,1,0,1,0,0000000,18,6,18,27,88,88,0,0,0,1,1
21,210341,3,3,0,0,0,3,3,209,0,21,6,2012,5,17,20,1,1,1,I-64,,683,38.16086389,-84.6213,0,38,0,0,1,1,0,10,1,1,0,1,0,0000000,17,25,17,35,18,4,0,0,0,1,0
21,210342,1,1,0,0,0,1,1,61,0,20,6,2012,4,11,34,0,4,3,SR-185,,19,37.2667,-86.43543611,0,1,0,0,1,1,0,4,1,1,0,1,0,0000000,11,36,11,51,88,88,0,0,0,1,0
21,210343,1,1,0,0,0,1,1,151,0,6,6,2012,4,15,50,0,4,3,SR-388,,89,37.85644167,-84.25712778,0,35,0,0,1,1,0,4,1,1,0,1,0,0000000,15,56,16,8,17,1,0,0,0,1,0
21,210344,1,1,0,1,1,4,4,29,2335,11,6,2012,2,21,42,0,13,2,US-31E,UNKNOWN,36,38.05508611,-85.53908333,0,9,0,0,2,2,0,1,2,1,0,1,0,0000000,21,43,21,48,88,88,0,0,0,1,0
21,210345,1,1,0,1,1,1,1,195,2237,20,6,2012,4,17,45,1,2,2,US-460,,63,37.38060278,-82.43466667,0,8,0,0,1,1,0,5,1,1,0,1,0,0000000,99,99,99,99,99,99,0,0,0,1,1
21,210346,1,1,0,0,0,2,2,153,1241,1,7,2012,1,7,45,0,4,3,SR-07,,97,37.59496667,-82.95124444,0,42,0,0,1,1,0,4,1,10,0,10,0,0000000,7,47,8,4,8,51,0,0,0,1,0
21,210347,1,1,0,0,0,2,2,81,0,1,7,2012,1,14,57,0,4,2,US-25,,46,38.53615278,-84.577325,0,42,0,0,1,1,0,4,1,1,0,1,0,0000000,14,59,15,7,99,99,0,0,0,1,0
21,210348,1,1,0,0,0,1,1,83,0,1,7,2012,1,16,21,0,5,3,SR-464,,39,36.728,-88.55978611,0,1,0,0,1,1,0,5,1,1,0,1,0,0000000,16,22,16,31,17,22,0,0,0,1,0
21,210349,1,1,0,0,0,1,1,185,0,1,7,2012,1,19,0,0,4,3,SR-22,,81,38.35407222,-85.383075,0,35,0,0,1,1,0,4,1,1,0,1,0,0000000,19,2,19,14,88,88,0,0,0,1,0
21,210350,1,1,0,0,0,2,2,125,0,3,7,2012,3,10,23,0,5,3,SR-1305,,44,37.100925,-83.94101389,0,42,0,0,1,1,0,4,1,10,0,10,0,0000000,10,24,10,39,11,20,0,0,0,1,0
21,210351,1,1,0,0,0,2,2,221,0,3,7,2012,3,14,35,1,2,2,US-68,SR-272,147,36.81958056,-87.87431944,0,1,0,0,3,3,0,1,1,1,0,1,0,0000000,14,38,14,45,15,5,0,0,0,1,0
21,210352,1,1,0,0,0,1,1,195,3299,3,7,2012,3,18,7,0,4,3,SR-292,,103,37.66678056,-82.28875556,0,42,0,0,1,1,0,4,1,1,0,1,0,0000000,99,99,99,99,99,99,0,0,0,1,1
21,210353,2,2,0,0,0,2,2,85,0,4,7,2012,4,5,10,1,2,3,SR-9001,,1157,37.51666667,-86.14921111,0,12,6,0,1,1,0,1,4,1,0,1,0,0000000,5,15,5,24,6,8,0,0,0,1,0
21,210354,1,1,0,0,0,1,1,5,0,1,7,2012,1,14,25,0,4,2,US-62,,114,37.96385,-85.00155833,0,35,0,0,1,1,0,4,1,1,0,1,0,0000000,14,29,14,39,88,88,0,0,0,1,0
21,210355,1,1,0,0,0,1,1,141,0,5,7,2012,5,14,41,0,2,2,US-431,,290,37.02012778,-86.96306111,0,42,0,0,1,1,0,4,1,1,0,1,0,0000000,14,42,15,0,88,88,0,0,0,1,0
21,210356,1,1,0,0,0,1,1,137,0,5,7,2012,5,1,50,0,5,3,SR-501,,39,37.38848333,-84.66555,0,38,0,0,1,1,0,4,2,10,0,10,0,0000000,99,99,99,99,99,99,0,0,0,1,1
21,210357,1,1,0,0,0,1,1,51,0,6,7,2012,6,11,23,0,4,3,SR-11,,250,37.31523333,-83.68633611,0,35,0,0,1,1,0,4,1,10,0,10,0,0000000,11,26,11,46,13,19,0,0,0,1,0
21,210358,2,2,0,0,0,6,6,235,0,6,7,2012,6,14,33,1,1,1,I-75,,180,36.81786944,-84.16540556,0,12,7,0,1,1,0,1,1,1,0,1,0,0000000,14,35,14,36,99,99,0,0,0,3,0
21,210359,2,1,1,1,3,1,3,125,0,7,7,2012,7,3,54,1,1,1,I-75,,305,37.000275,-84.10588056,0,14,0,0,1,1,0,2,2,1,0,1,0,0000000,3,55,4,5,88,88,23,0,0,1,1
21,210360,2,2,0,0,0,3,3,199,0,8,7,2012,1,10,32,0,6,4,CR-KENO RD,,12,36.90133889,-84.5609,0,12,2,0,1,1,0,1,1,1,0,1,0,0000000,10,38,10,59,99,99,4,0,0,1,0
21,210361,1,1,0,0,0,5,5,43,0,8,7,2012,1,12,21,1,1,1,I-64,,1747,38.36385,-82.85843333,0,1,0,0,1,1,0,4,1,1,0,1,0,0000000,12,23,12,26,13,11,0,0,0,1,0
21,210362,2,2,0,0,0,3,3,37,3560,7,7,2012,7,19,15,1,13,3,SR-9,SR-1998,165,39.00969444,-84.46896389,0,12,6,0,2,2,0,1,1,2,0,2,0,0000000,19,16,19,23,19,43,0,0,0,1,0
21,210363,2,2,0,0,0,2,2,111,2694,3,7,2012,3,15,42,0,15,3,SR-329,,3,38.35726944,-85.60073056,0,12,8,0,1,1,0,1,1,1,0,1,0,0000000,15,46,16,1,16,38,0,0,0,1,0
21,210364,1,1,0,0,0,1,1,187,0,10,7,2012,3,5,30,0,3,3,SR-22,,162,38.56673333,-84.74535,0,42,0,0,1,1,0,4,2,1,0,1,0,0000000,6,1,6,10,88,88,0,0,0,1,1
21,210365,3,3,0,0,0,4,4,111,2090,10,7,2012,3,6,30,0,13,3,SR-155,,56,38.19024722,-85.49905556,0,12,6,0,1,1,0,1,1,10,0,10,0,0000000,6,26,6,35,99,99,0,0,0,1,0