STATE,ST_CASE,VE_TOTAL,VE_FORMS,PVH_INVL,PEDS,PERNOTMVIT,PERMVIT,PERSONS,COUNTY,CITY,DAY,MONTH,YEAR,DAY_WEEK,HOUR,MINUTE,NHS,ROAD_FNC,ROUTE,TWAY_ID,TWAY_ID2,MILEPT,LATITUDE,LONGITUD,SP_JUR,HARM_EV,MAN_COLL,RELJCT1,RELJCT2,TYP_INT,WRK_ZONE,REL_ROAD,LGT_COND,WEATHER1,WEATHER2,WEATHER,SCH_BUS,RAIL,NOT_HOUR,NOT_MIN,ARR_HOUR,ARR_MIN,HOSP_HR,HOSP_MN,CF1,CF2,CF3,FATALS,DRUNK_DR
21,210366,1,1,0,0,0,1,1,137,0,10,7,2012,3,11,25,0,5,3,SR-501,,18,37.37683056,-84.68427778,0,35,0,0,1,1,0,4,1,1,0,1,0,0000000,11,28,11,40,12,19,0,0,0,1,0
21,210367,2,2,0,0,0,2,2,19,0,10,7,2012,3,15,5,0,15,3,SR-766,DONTA RD,12,38.45143333,-82.68665556,0,12,8,0,2,3,0,1,1,1,0,1,0,0000000,15,4,15,9,15,33,0,0,0,1,0
21,210368,3,3,0,0,0,8,8,111,2225,10,7,2012,3,18,2,1,11,1,I-265,,280,38.24996667,-85.50296111,0,12,1,0,1,1,0,1,1,1,0,1,0,0000000,18,2,18,14,18,44,0,0,0,1,0
21,210369,1,1,0,0,0,1,1,111,2090,12,7,2012,5,3,28,1,12,3,SR-841,,59,38.11845556,-85.76606667,0,24,0,0,1,1,0,4,3,10,0,10,0,0000000,3,28,3,36,88,88,0,0,0,1,0
21,210370,2,1,1,0,2,4,6,235,0,12,7,2012,5,10,38,1,1,1,I-75,,18,36.61628889,-84.10648056,0,14,0,0,1,1,0,2,1,2,0,2,0,0000000,10,40,10,53,12,3,0,0,0,1,0
21,210371,1,1,0,0,0,2,2,15,0,12,7,2012,5,15,3,1,11,1,I-75,,1742,38.90023333,-84.62705278,0,32,0,0,1,1,0,4,1,1,0,1,0,0000000,15,8,15,27,16,4,0,0,0,1,0
21,210372,2,2,0,0,0,5,5,55,0,13,7,2012,6,15,34,0,2,2,US-641,,41,37.26629167,-88.08203056,0,12,2,0,1,1,0,1,1,1,0,1,0,0000000,15,37,15,42,16,4,0,0,0,1,1
21,210373,1,1,0,0,0,1,1,59,2490,13,7,2012,6,21,55,0,3,2,US-60,,1,37.72875,-87.09354722,0,24,0,0,1,1,0,4,2,1,0,1,0,0000000,21,59,22,2,22,11,0,0,0,1,1
21,210374,1,1,0,0,0,1,1,127,0,14,7,2012,7,16,13,0,5,3,SR-1760,,4,38.02096111,-82.70935,0,35,0,0,1,1,0,4,1,2,0,2,0,0000000,16,16,16,35,17,7,0,0,0,1,0
21,210375,2,2,0,0,0,6,6,15,0,14,7,2012,7,22,52,0,13,3,SR-18,SR-3168,125,39.01863333,-84.68719444,0,12,6,0,2,2,0,1,2,1,0,1,0,0000000,22,52,22,57,23,32,0,0,0,1,0
21,210376,1,1,0,0,0,2,2,35,0,15,7,2012,1,6,0,0,6,3,SR-1483,,4,36.62710278,-88.27164444,0,30,0,0,1,1,0,4,1,10,0,10,0,0000000,5,49,5,54,6,13,0,0,0,1,1
21,210377,2,2,0,0,0,3,3,15,0,15,7,2012,1,15,9,0,14,2,US-25,WHITE PINE CIRCLE,72,38.95206944,-84.62147222,0,12,2,0,2,3,0,1,1,10,0,10,0,0000000,15,17,15,36,15,44,0,0,0,1,0
21,210378,1,1,0,0,0,3,3,41,0,15,7,2012,1,18,35,1,1,1,I-71,,389,38.58242778,-85.17748056,0,32,0,0,1,1,0,4,1,1,0,1,0,0000000,18,36,18,45,99,99,0,0,0,1,0
21,210379,1,1,0,1,1,0,0,71,0,7,7,2012,7,11,30,0,6,4,CR-PATCHES DRIVE,,1,37.58557778,-82.88461944,0,8,0,0,1,1,0,5,1,1,0,1,0,0000000,11,40,12,0,12,35,24,0,0,1,0
21,210380,1,1,0,1,1,1,1,157,0,19,7,2012,5,6,23,0,6,3,SR-782,,11,36.93518611,-88.39866944,0,8,0,0,1,1,0,1,1,1,0,1,0,0000000,6,23,6,37,88,88,0,0,0,1,0
21,210381,2,2,0,0,0,2,2,121,0,20,7,2012,6,17,40,0,4,3,SR-1232,COUNTRY CLUB RD,39,36.9428,-84.04886944,0,12,6,0,2,3,0,1,1,10,0,10,0,0000000,17,48,17,51,18,23,0,0,0,1,0
21,210382,1,1,0,0,0,1,1,49,0,21,7,2012,7,3,20,0,6,4,CR-CABIN CREEK RD,,11,38.018525,-84.12563611,0,34,0,0,1,1,0,4,2,10,0,10,0,0000000,3,20,3,35,88,88,0,0,0,1,0
21,210383,4,4,0,0,0,5,5,67,1980,21,7,2012,7,3,50,1,1,1,I-64,,887,38.03924722,-84.29995833,0,12,1,0,1,1,0,1,2,1,0,1,0,0000000,3,52,4,7,88,88,0,0,0,1,1
21,210384,1,1,0,0,0,1,1,71,0,21,7,2012,7,14,8,1,2,3,SR-114,,74,37.64739722,-82.84350556,0,35,0,0,1,1,0,4,1,1,0,1,0,0000000,14,12,14,23,88,88,0,0,0,1,0
21,210385,2,2,0,0,0,3,3,155,0,21,7,2012,7,18,20,0,5,3,SR-208,,67,37.55778611,-85.27508333,0,12,2,0,1,1,0,1,1,1,0,1,0,0000000,18,23,18,32,18,57,0,0,0,1,1
21,210386,1,1,0,1,1,1,1,107,0,19,7,2012,5,23,26,0,5,3,SR-813,,100,37.25443889,-87.436575,0,8,0,0,1,1,0,1,2,10,0,10,0,0000000,23,32,23,38,0,3,0,0,0,1,0
21,210387,1,1,0,0,0,3,3,107,0,24,7,2012,3,8,45,1,2,3,SR-9004,,328,37.18593056,-87.44401944,0,24,0,1,18,1,0,4,1,1,0,1,0,0000000,8,48,9,0,9,48,0,0,0,1,0
21,210388,2,2,0,0,0,4,4,77,0,24,7,2012,3,9,52,0,4,2,US-127,,47,38.725125,-84.82736944,0,12,8,0,1,1,0,1,1,1,0,1,0,0000000,9,52,10,0,99,99,0,0,0,1,1
21,210389,2,2,0,0,0,2,2,109,0,24,7,2012,3,20,49,0,3,2,US-421,,212,37.48708056,-84.06495,0,24,0,0,1,1,0,4,5,1,0,1,0,0000000,20,49,21,2,21,39,0,0,0,1,0
21,210390,2,2,0,0,0,4,4,199,3070,18,7,2012,4,12,54,1,2,3,SR-914,PISGAH DRIVE,59,37.02878889,-84.63128611,0,12,6,0,2,3,0,1,1,10,0,10,0,0000000,12,55,13,8,13,25,0,0,0,1,0
21,210391,1,1,0,0,0,1,1,223,0,27,7,2012,6,21,38,0,6,2,US-42,,36,38.53548056,-85.32898333,0,1,0,0,1,1,0,4,5,2,0,2,0,0000000,21,42,21,51,88,88,0,0,0,1,0
21,210392,1,1,0,0,0,1,1,239,0,28,7,2012,7,11,21,1,2,3,SR-9002,,695,38.03053056,-84.69673611,0,21,0,1,18,1,0,4,1,1,0,1,0,0000000,11,24,11,32,88,88,0,0,0,1,0
21,210393,1,1,0,0,0,1,1,67,1980,30,7,2012,2,1,4,0,16,5,VINE STREET,,99998,38.04209444,-84.49431389,0,30,0,0,1,1,0,5,2,1,0,1,0,0000000,1,6,1,9,88,88,0,0,0,1,0
21,210394,1,1,0,0,0,1,1,97,0,30,7,2012,2,8,40,0,3,3,SR-36,,127,38.41152222,-84.32451944,0,35,0,0,1,1,0,5,1,1,0,1,0,0000000,8,52,9,0,9,16,0,0,0,1,0
21,210395,1,1,0,0,0,1,1,39,0,30,7,2012,2,11,30,0,4,3,SR-80,,74,36.78814444,-88.92904167,0,30,0,0,1,1,0,4,1,1,0,1,0,0000000,11,30,11,41,88,88,0,0,0,1,0
21,210396,1,1,0,0,0,1,1,99,0,31,7,2012,3,13,14,0,6,4,CR-TOOHEY RIDGE ROAD,,13,37.16793333,-85.98449167,0,42,0,0,1,1,0,4,1,1,0,1,0,0000000,99,99,99,99,88,88,4,0,0,1,0
21,210397,1,1,0,0,0,1,1,37,3560,29,7,2012,1,11,40,1,11,1,I-275,,767,39.02806667,-84.47200833,0,35,0,1,18,1,0,4,1,1,0,1,0,0000000,11,42,11,51,12,9,0,0,0,1,0
21,210398,2,2,0,0,0,5,5,155,0,30,7,2012,2,17,20,0,4,3,SR-49,,133,37.52435833,-85.21516389,0,12,8,0,1,1,0,1,1,1,0,1,0,0000000,17,21,17,29,18,12,0,0,0,1,0
21,210399,1,1,0,0,0,1,1,203,0,31,7,2012,3,6,6,0,3,2,US-25,,125,37.32366944,-84.24713333,0,32,0,0,1,1,0,5,4,10,0,10,0,0000000,6,8,6,15,6,29,0,0,0,1,0
21,210400,2,2,0,0,0,5,5,231,0,10,7,2012,3,13,16,0,3,3,SR-90,,227,36.95421944,-84.70768056,0,12,1,0,1,1,0,1,1,2,0,2,0,0000000,13,18,13,29,99,99,19,0,0,1,0
21,210401,1,1,0,1,1,1,1,209,1280,30,7,2012,2,21,13,0,14,2,US-25,,35,38.20097778,-84.56064167,0,15,0,0,8,1,0,1,5,1,0,1,0,0000000,21,13,21,16,21,47,0,0,0,1,0
21,210402,1,1,0,0,0,1,1,197,0,13,7,2012,6,21,39,0,4,3,SR-11,,133,37.835875,-83.81323333,0,35,0,0,1,1,0,4,2,10,0,10,0,0000000,21,40,21,45,88,88,0,0,0,1,0
21,210403,1,1,0,0,0,1,1,127,0,5,7,2012,5,18,31,0,6,4,CR-LITTLE CAT FORK RD,,64,38.18257222,-82.81118056,0,1,0,0,1,1,0,4,1,1,0,1,0,0000000,18,27,18,58,88,88,0,0,0,1,1
21,210404,1,1,0,0,0,1,1,183,0,31,7,2012,3,8,58,0,6,3,SR-85,,47,37.45078333,-87.02044444,0,35,0,0,1,1,0,5,1,1,0,1,0,0000000,9,12,9,22,99,99,0,0,0,1,1
21,210405,1,1,0,0,0,2,2,203,0,10,7,2012,3,18,1,0,5,3,SR-1912,,75,37.47262778,-84.22391944,0,35,0,0,1,1,0,4,1,10,0,10,0,0000000,18,4,18,21,20,0,0,0,0,1,1
21,210406,1,1,0,0,0,1,1,161,0,14,7,2012,7,2,30,0,5,3,SR-3056,,5,38.65475833,-83.88968611,0,5,0,0,1,1,0,1,2,10,0,10,0,0000000,2,27,2,34,88,88,0,0,0,1,1
21,210407,2,2,0,0,0,5,5,71,2215,5,7,2012,5,0,32,0,4,3,SR-122,,329,37.35313889,-82.6704,0,12,8,0,1,1,0,1,2,1,0,1,0,0000000,0,45,99,99,99,99,0,0,0,1,1
21,210408,2,2,0,0,0,2,2,15,0,26,7,2012,5,13,52,0,14,2,US-25,MELINDA LN,66,38.94389167,-84.62262778,0,12,6,0,2,3,0,1,1,1,0,1,0,0000000,13,51,14,7,14,36,0,0,0,1,0
21,210409,1,1,0,0,0,2,2,237,0,3,7,2012,3,17,20,0,5,3,SR-746,,45,37.78336667,-83.49461944,0,42,0,0,1,1,0,4,1,1,0,1,0,0000000,17,5,17,19,18,10,0,0,0,1,0
21,210410,1,1,0,0,0,1,1,87,0,30,5,2012,4,10,46,0,4,3,SR-88,,84,37.26288056,-85.54779722,0,1,0,0,1,1,0,4,1,1,0,1,0,0000000,99,99,99,99,99,99,0,0,0,1,0
21,210411,1,1,0,0,0,1,1,199,0,4,7,2012,4,22,45,0,6,5,SOUTHERN BLVD EAST,,2,37.04388333,-84.6156,0,42,0,0,1,1,0,5,2,10,0,10,0,0000000,22,49,22,56,88,88,0,0,0,1,1
21,210412,2,2,0,0,0,4,4,67,1980,1,7,2012,1,2,37,1,12,3,SR-4,,167,37.99195,-84.48008333,0,12,1,0,1,1,0,1,2,1,0,1,0,0000000,2,40,2,43,3,5,0,0,0,1,1
21,210413,2,2,0,0,0,2,2,159,2093,7,4,2012,7,15,55,0,4,3,SR-292,SR-1714,121,37.82632778,-82.40135278,0,12,6,0,2,4,0,1,1,1,0,1,0,0000000,17,35,17,48,18,40,0,0,0,1,0
21,210414,1,1,0,0,0,1,1,27,0,12,7,2012,5,15,30,0,3,3,SR-86,,257,37.70439722,-86.19911389,0,53,0,0,1,1,0,5,1,2,0,2,0,0000000,15,30,15,48,88,88,0,0,0,1,1
21,210415,1,1,0,0,0,1,1,67,1980,1,8,2012,4,0,7,0,16,4,CR-HUME RD,,15,38.051925,-84.42254722,0,24,0,0,1,1,0,4,2,1,0,1,0,0000000,0,8,0,13,88,88,0,0,0,1,0
21,210416,1,1,0,0,0,1,1,95,3284,2,8,2012,5,5,0,0,6,4,CR-TOTZ ALLEY,,0,36.94365833,-83.11921944,0,38,0,0,1,1,0,4,3,1,0,1,0,0000000,5,2,5,31,88,88,0,0,0,1,1
21,210417,2,2,0,0,0,2,2,195,3377,2,8,2012,5,11,52,1,2,2,US-23,,103,37.33565278,-82.55763889,0,12,6,0,1,1,0,1,1,1,0,1,0,0000000,12,14,12,26,88,88,0,0,0,1,0
21,210418,1,1,0,0,0,1,1,101,0,2,8,2012,5,5,40,0,15,3,SR-285,,3,37.79293056,-87.60012778,0,1,0,0,1,1,0,2,4,1,0,1,0,0000000,5,43,5,49,6,15,0,0,0,1,1
21,210419,2,2,0,0,0,4,4,111,2090,4,8,2012,7,0,19,1,13,2,US-31,STRATHMOOR BLVD,128,38.22035,-85.68073333,0,12,6,0,2,2,0,1,2,1,0,1,0,0000000,0,19,0,27,99,99,0,0,0,1,2
21,210420,2,2,0,0,0,3,3,59,2621,5,8,2012,1,10,26,0,16,3,SR-54,,61,37.73574444,-86.99854167,2,12,2,0,1,1,0,1,1,10,0,10,0,0000000,10,29,10,35,10,52,0,0,0,1,0
21,210421,1,1,0,0,0,4,4,151,270,5,8,2012,1,16,27,0,3,3,SR-21,,120,37.554525,-84.23234722,0,42,0,0,1,1,0,4,1,10,0,10,0,0000000,16,25,16,35,17,0,0,0,0,1,0
21,210422,2,2,0,0,0,2,2,93,0,5,8,2012,1,19,25,0,6,3,SR-1375,,150,37.71649722,-86.01670833,0,12,2,0,1,1,0,1,5,2,0,2,0,0000000,19,30,19,44,88,88,0,0,0,1,0
21,210423,1,1,0,0,0,1,1,3,0,6,8,2012,2,13,35,0,6,3,SR-1147,,48,36.68866667,-86.24416389,0,35,0,0,1,1,0,5,1,1,0,1,0,0000000,13,40,13,47,14,14,0,0,0,1,0
21,210424,1,1,0,0,0,1,1,93,0,6,8,2012,2,18,2,1,1,1,I-65,,856,37.583775,-85.87130278,0,52,0,0,1,1,0,4,1,1,0,1,0,0000000,18,9,18,17,88,88,0,0,0,1,0
21,210425,3,3,0,1,1,2,2,85,0,8,8,2012,4,23,0,1,2,3,SR-9001,,906,37.40537222,-86.55188056,0,12,8,0,1,1,0,1,2,1,0,1,0,0000000,22,1,22,15,22,44,19,0,0,1,0
21,210426,1,1,0,0,0,1,1,127,0,10,8,2012,6,7,10,0,6,4,CR-OLD RIVER RD,,2,38.10324167,-82.59024167,0,35,0,0,1,1,0,4,1,2,0,2,0,0000000,7,12,7,20,7,57,0,0,0,1,0
21,210427,2,2,0,0,0,2,2,223,0,10,8,2012,6,19,25,0,4,2,US-42,HAVENS AVE,91,38.5952,-85.316525,0,12,6,0,2,3,0,1,1,1,0,1,0,0000000,19,29,19,36,99,99,0,0,0,1,0
21,210428,1,1,0,1,1,3,3,193,1470,10,8,2012,6,21,41,1,2,3,SR-15,,145,37.2681,-83.20403333,0,8,0,0,1,1,0,1,2,5,0,5,0,0000000,99,99,99,99,99,99,0,0,0,1,0
21,210429,1,1,0,0,0,1,1,171,0,11,8,2012,7,11,25,0,5,3,SR-100,,233,36.72062222,-85.55115833,0,35,0,0,1,1,0,4,1,1,0,1,0,0000000,11,28,11,40,88,88,0,0,0,1,0
21,210430,2,2,0,0,0,8,8,229,3160,12,8,2012,1,11,11,0,4,3,SR-55,US-150 BYPASS,49,37.6905,-85.23238889,0,12,6,0,2,2,0,1,1,1,0,1,0,0000000,10,55,11,8,99,99,0,0,0,1,0
21,210431,3,3,0,0,0,5,5,215,0,14,8,2012,3,6,17,0,3,3,SR-55,SR-1633,94,38.10363333,-85.36953333,0,12,1,0,3,2,0,1,2,10,0,10,0,0000000,6,17,6,22,7,23,0,0,0,1,0
21,210432,1,1,0,0,0,1,1,111,2090,14,8,2012,3,8,14,0,16,5,PEE WEE REESE RD,,11,38.24546389,-85.66679722,0,42,0,0,1,1,0,5,4,1,0,1,0,0000000,8,32,8,36,88,88,0,0,0,1,1
21,210433,1,1,0,0,0,1,1,189,0,15,8,2012,4,11,27,0,4,3,SR-11,,33,37.36410833,-83.68147222,0,1,0,0,1,1,0,4,1,10,0,10,0,0000000,11,7,11,28,88,88,0,0,0,1,0
21,210434,1,1,0,0,0,2,2,31,0,5,8,2012,1,14,30,1,2,3,SR-9007,,350,37.30146667,-86.73809722,0,42,0,0,1,1,0,4,1,10,0,10,0,0000000,14,34,14,45,16,8,0,0,0,1,0
21,210435,2,2,0,0,0,8,8,37,0,9,8,2012,5,16,13,0,3,3,SR-547,,62,39.02546944,-84.381875,0,12,2,0,1,1,0,1,1,2,0,2,1,0000000,16,13,16,22,16,35,0,0,0,1,0
21,210436,3,3,0,0,0,5,5,67,1980,16,8,2012,5,10,28,0,3,2,US-60,,137,38.03553056,-84.38689444,0,12,8,0,1,1,0,1,1,1,0,1,0,0000000,10,28,10,36,11,11,0,0,0,1,0
21,210437,2,2,0,0,0,2,2,195,2217,17,8,2012,6,14,45,0,3,3,SR-194,US-119,179,37.55789444,-82.423575,0,12,6,0,2,3,0,1,1,10,0,10,0,0000000,14,50,15,3,88,88,0,0,0,1,0
21,210438,1,1,0,1,1,1,1,111,1740,19,8,2012,1,5,27,1,11,1,I-64,,151,38.22276944,-85.56636667,0,8,0,0,1,1,0,1,3,1,0,1,0,0000000,5,32,5,35,88,88,0,0,0,1,0
21,210439,2,2,0,0,0,2,2,111,2090,19,8,2012,1,11,19,0,13,2,US-42,CLIFTON AVE NORTH,16,38.25873889,-85.70461111,0,12,2,0,2,3,0,1,1,1,0,1,0,0000000,11,19,11,26,11,49,0,0,0,1,0
21,210440,2,2,0,0,0,3,3,235,770,19,8,2012,1,13,58,1,11,1,I-75,,249,36.92004167,-84.12884444,0,12,1,0,1,1,1,1,1,1,0,1,0,0000000,14,1,14,16,14,42,3,19,0,1,0
21,210441,1,1,0,0,0,2,2,183,0,10,8,2012,6,14,46,0,6,4,CR-HOOPEE HILL RD,,22,37.50235,-86.90369167,0,42,0,0,1,1,0,4,1,1,0,1,0,0000000,14,46,14,52,17,42,0,0,0,1,0
21,210442,1,1,0,0,0,2,2,15,0,22,8,2012,4,23,30,0,5,3,SR-338,,290,39.0393,-84.74240278,0,42,0,0,1,1,0,4,2,1,0,1,0,0000000,23,54,23,56,99,99,0,0,0,1,1
21,210443,1,1,0,1,1,1,1,111,2090,25,8,2012,7,1,18,1,11,1,I-65,I-264W RAMP,2,38.19139444,-85.72791111,0,8,0,1,5,1,0,1,3,1,0,1,0,0000000,1,18,1,25,88,88,0,0,0,1,0
21,210444,1,1,0,0,0,1,1,203,0,25,8,2012,7,22,48,0,6,4,CR-DEBORDE RD,,5,37.28760278,-84.40648056,0,42,0,0,1,1,0,4,2,1,0,1,0,0000000,22,49,22,59,88,88,0,0,0,1,1
21,210445,1,1,0,0,0,2,2,171,0,26,8,2012,1,16,48,0,4,3,SR-63,,147,36.73611944,-85.74871389,0,38,0,0,1,1,0,5,1,1,0,1,0,0000000,16,1,16,9,16,55,0,0,0,1,1
21,210446,1,1,0,0,0,3,3,71,0,27,8,2012,2,12,2,0,4,3,SR-7,,106,37.49164167,-82.86954167,0,35,0,0,1,1,0,4,1,1,0,1,0,0000000,99,99,99,99,99,99,0,0,0,1,0
21,210447,1,1,0,0,0,2,2,169,0,27,8,2012,2,15,29,0,4,3,SR-80,,36,37.00616944,-85.55210278,0,34,0,0,1,1,0,4,1,1,0,1,0,0000000,15,32,15,52,16,5,0,0,0,1,0
21,210448,1,1,0,1,1,2,2,67,1980,30,8,2012,5,14,4,0,16,5,RUSSELL CAVE RD,,4,38.06923889,-84.479375,0,9,0,0,1,1,0,1,1,1,0,1,0,0000000,14,4,14,4,14,18,0,0,0,1,0
21,210449,1,1,0,0,0,1,1,205,0,31,8,2012,6,16,18,0,4,3,SR-32,,129,38.18626667,-83.33590833,0,1,0,0,1,1,0,4,1,1,0,1,0,0000000,16,24,16,33,88,88,0,0,0,1,0
21,210450,1,1,0,0,0,1,1,195,2620,31,8,2012,6,19,48,0,6,4,CR-STAGGERWEED FORK,,3,37.47031111,-82.19058611,0,1,0,0,1,1,0,4,2,1,0,1,0,0000000,20,17,20,37,88,88,0,0,0,1,0
21,210451,2,2,0,0,0,2,2,111,2090,31,8,2012,6,20,49,0,16,5,WESTCHESTER AVE,SOUTHWESTERN PARKWAY,16,38.24574444,-85.82982778,0,12,6,0,2,2,0,1,2,1,0,1,0,0000000,20,49,99,99,21,47,0,0,0,1,1
21,210452,2,2,0,0,0,3,3,67,1980,13,8,2012,2,20,51,1,11,1,I-75,,1101,38.03414444,-84.42035833,0,12,7,0,1,1,0,1,3,1,0,1,0,0000000,20,54,21,2,21,58,0,0,0,1,1
21,210453,1,1,0,1,1,2,2,67,1980,16,8,2012,5,16,56,1,13,3,SR-4,,113,38.05763611,-84.46244444,0,8,0,0,1,1,0,1,1,1,0,1,0,0000000,16,56,16,59,17,15,0,0,0,1,0
21,210454,1,1,0,0,0,1,1,45,0,17,8,2012,6,17,21,0,6,4,CR-SLATE HILL ROAD,,5,37.44866667,-84.89982778,0,35,0,0,1,1,0,4,1,1,0,1,0,0000000,17,26,17,40,99,99,0,0,0,1,0
21,210455,1,1,0,0,0,1,1,45,0,28,8,2012,3,11,10,0,4,3,SR-70,,208,37.33510833,-84.87863889,0,1,0,0,1,1,0,1,1,10,0,10,0,0000000,11,12,11,16,11,46,0,0,0,1,0
21,210456,1,1,0,0,0,1,1,19,610,21,8,2012,3,18,37,0,14,3,SR-168,,23,38.41959167,-82.61645278,0,35,0,0,1,1,0,4,1,10,0,10,0,0000000,18,40,18,50,19,21,0,0,0,1,1
21,210457,1,1,0,1,1,2,2,235,0,23,8,2012,5,21,23,0,4,3,SR-26,,101,36.88470556,-84.12409167,0,8,0,0,1,1,0,1,2,1,0,1,0,0000000,21,23,21,36,22,24,0,0,0,1,0
21,210458,2,2,0,0,0,4,4,125,2040,7,6,2012,5,8,21,1,13,3,SR-80,SR-1956,99,37.150275,-84.12310833,0,12,6,0,2,3,0,1,1,1,0,1,0,0000000,8,21,8,26,99,99,0,0,0,1,0
21,210459,2,2,0,0,0,2,2,111,2090,2,8,2012,5,9,5,0,16,6,WEST BROADWAY,LOUIS COLEMAN JR DR,10,38.24988611,-85.80792222,0,12,6,0,2,2,0,1,1,1,0,1,0,0000000,9,6,9,12,9,30,0,0,0,1,0
21,210460,1,1,0,0,0,4,4,43,1330,20,8,2012,2,19,10,0,4,3,SR-1,,104,38.3167,-82.93194444,0,32,0,0,1,1,0,4,1,1,0,1,0,0000000,19,13,19,13,19,34,0,0,0,1,1
21,210461,1,1,0,0,0,1,1,143,970,22,8,2012,4,12,43,1,2,2,US-641,,32,37.13346944,-88.06866944,0,1,0,0,1,1,0,4,1,1,0,1,0,0000000,12,43,12,50,13,24,0,0,0,1,0
21,210462,1,1,0,0,0,1,1,125,0,1,9,2012,7,2,3,0,3,3,SR-30,,43,37.20246111,-84.07803889,0,1,0,0,1,1,0,1,2,1,0,1,0,0000000,2,6,2,18,88,88,0,0,0,1,1
21,210463,1,1,0,0,0,2,2,151,0,1,9,2012,7,19,39,0,6,4,CR-PILOT KNOB CEMETERY ROAD,,1,37.59112222,-84.23882778,0,35,0,0,1,1,0,4,1,1,0,1,0,0000000,19,40,19,48,20,11,0,0,0,1,1
21,210464,1,1,0,0,0,1,1,119,1131,2,9,2012,1,7,57,0,5,3,SR-721,JOHN RITCHIE BRANCH,42,37.31123611,-83.08383889,0,35,0,0,3,3,0,4,2,1,0,1,0,0000000,99,99,99,99,88,88,0,0,0,1,1
21,210465,1,1,0,0,0,1,1,67,1980,2,9,2012,1,18,24,1,1,1,I-75,,1192,38.13441389,-84.52954167,0,42,0,0,1,1,0,4,1,2,0,2,0,0000000,18,23,18,32,19,3,0,0,0,1,0
21,210466,2,2,0,0,0,3,3,111,2090,2,9,2012,1,19,50,0,14,3,SR-22,,14,38.29311667,-85.60493056,0,12,2,0,1,1,0,1,2,10,0,10,0,0000000,19,50,19,59,88,88,0,0,0,1,0
21,210467,1,1,0,0,0,1,1,93,3370,2,9,2012,1,23,25,0,5,3,SR-1500,,32,37.80508611,-85.95343333,0,35,0,0,1,1,0,5,2,10,0,10,0,0000000,23,24,23,29,88,88,0,0,0,1,0
21,210468,1,1,0,0,0,1,1,215,0,5,9,2012,4,12,21,0,3,2,US-31,,0,37.98766389,-85.48436389,0,42,0,0,1,1,0,4,1,1,0,1,0,0000000,12,17,12,28,88,88,0,0,0,1,1
21,210469,1,1,0,0,0,1,1,51,0,5,9,2012,4,22,47,0,4,2,US-421,,72,37.14549722,-83.76236389,0,35,0,0,1,1,0,4,2,2,0,2,0,0000000,22,48,23,2,88,88,0,0,0,1,1
21,210470,1,1,0,0,0,1,1,145,0,6,9,2012,5,12,59,0,6,4,CR-HENDRON RD,,5,37.02623889,-88.63435556,0,42,0,0,1,1,0,5,1,1,0,1,0,0000000,13,0,13,8,88,88,0,0,0,1,0
21,210471,1,1,0,0,0,1,1,141,0,6,9,2012,5,14,23,0,5,3,SR-3519,,54,36.85684167,-86.90041944,0,42,0,0,1,1,0,4,1,1,0,1,0,0000000,14,26,14,38,88,88,0,0,0,1,0
21,210472,1,1,0,0,0,4,4,1,0,6,9,2012,5,22,8,0,4,3,SR-551,,88,37.21881944,-85.22413333,0,52,0,0,1,1,0,4,2,1,0,1,0,0000000,22,12,22,25,22,45,0,0,0,1,1
21,210473,1,1,0,0,0,1,1,93,0,7,9,2012,6,22,30,0,5,3,SR-434,,73,37.77956667,-85.788,0,42,0,0,1,1,0,4,2,10,0,10,0,0000000,22,33,22,44,99,99,0,0,0,1,0
21,210474,2,2,0,0,0,2,2,227,0,8,9,2012,7,16,59,0,4,3,SR-622,,34,36.852575,-86.42447778,0,1,0,0,1,1,0,1,1,1,0,1,0,0000000,17,0,17,12,17,42,14,0,0,1,0
21,210475,1,1,0,0,0,1,1,47,1620,8,9,2012,7,20,28,0,16,5,AIRPORT RD,,4,36.85518611,-87.458625,0,38,0,0,1,1,0,5,1,1,0,1,0,0000000,18,30,18,44,88,88,0,0,0,1,0
21,210476,1,1,0,0,0,1,1,43,0,9,9,2012,1,15,2,0,4,3,SR-1,,30,38.21784722,-82.90811111,0,24,0,0,1,1,0,4,1,1,0,1,0,0000000,15,1,15,10,17,22,0,0,0,1,0
21,210477,2,2,0,1,1,5,5,195,3377,9,9,2012,1,20,10,1,2,2,US-23,,104,37.33994444,-82.55534444,0,8,0,0,1,1,0,1,2,1,0,1,0,0000000,20,18,20,22,88,88,0,0,0,1,0
21,210478,2,2,0,0,0,4,4,9,1310,8,9,2012,7,19,19,0,13,3,SR-90,FRANKLIN ST. NORTH,101,36.99412222,-85.90758333,0,12,6,0,2,2,0,1,3,1,0,1,0,0000000,19,25,19,32,19,37,0,0,0,1,0
21,210479,1,1,0,0,0,1,1,227,0,12,9,2012,4,9,51,1,1,1,I-65,,205,36.90549167,-86.41465,0,20,0,1,18,1,0,3,1,1,0,1,0,0000000,9,53,10,0,88,88,0,0,0,1,0
21,210480,3,3,0,0,0,3,3,193,2788,12,9,2012,4,14,30,0,4,3,SR-476,,214,37.43401389,-83.21512222,0,12,8,0,1,1,0,1,1,1,0,1,0,0000000,14,36,15,2,88,88,0,0,0,1,1