STATE,ST_CASE,VE_TOTAL,VE_FORMS,PVH_INVL,PEDS,PERNOTMVIT,PERMVIT,PERSONS,COUNTY,CITY,DAY,MONTH,YEAR,DAY_WEEK,HOUR,MINUTE,NHS,ROAD_FNC,ROUTE,TWAY_ID,TWAY_ID2,MILEPT,LATITUDE,LONGITUD,SP_JUR,HARM_EV,MAN_COLL,RELJCT1,RELJCT2,TYP_INT,WRK_ZONE,REL_ROAD,LGT_COND,WEATHER1,WEATHER2,WEATHER,SCH_BUS,RAIL,NOT_HOUR,NOT_MIN,ARR_HOUR,ARR_MIN,HOSP_HR,HOSP_MN,CF1,CF2,CF3,FATALS,DRUNK_DR
21,210481,2,2,0,0,0,2,2,219,0,13,9,2012,5,6,15,0,3,3,SR-181,SR-848,40,36.70244167,-87.19758056,0,12,2,0,2,2,0,1,4,1,0,1,0,0000000,5,56,6,10,88,88,0,0,0,1,0
21,210482,1,1,0,1,1,1,1,101,0,13,9,2012,5,15,21,0,3,2,US-41,,18,37.67291667,-87.63983611,0,8,0,0,1,1,0,1,1,1,0,1,0,0000000,15,22,15,39,88,88,0,0,0,1,0
21,210483,2,2,0,0,0,2,2,5,0,7,9,2012,6,16,23,0,4,2,US-62,,210,38.04338333,-84.87865,0,12,2,0,1,1,0,1,1,1,0,1,0,0000000,16,30,16,59,18,13,0,0,0,1,0
21,210484,1,1,0,0,0,1,1,161,0,13,9,2012,5,17,47,0,5,3,SR-324,,24,38.51171389,-83.86810278,0,34,0,0,1,1,0,4,1,1,0,1,0,0000000,17,49,18,1,18,36,0,0,0,1,1
21,210485,3,3,0,0,0,6,6,111,2090,15,9,2012,7,22,50,1,16,3,SR-1934,TERRY ROAD,71,38.17805833,-85.86188333,0,12,6,0,2,3,0,1,2,1,0,1,0,0000000,22,52,22,58,99,99,14,0,0,2,1
21,210486,1,1,0,0,0,1,1,123,0,16,9,2012,1,3,20,0,2,3,SR-210,,98,37.52490278,-85.66589444,0,53,0,0,1,1,0,5,2,10,0,10,0,0000000,3,21,3,23,3,50,20,0,0,1,0
21,210487,1,1,0,0,0,1,1,147,0,17,9,2012,2,16,23,1,2,2,US-27,,212,36.88438333,-84.49455556,0,42,0,0,1,1,0,4,1,2,0,2,0,0000000,16,31,16,43,88,88,0,0,0,1,0
21,210488,5,5,0,0,0,5,5,163,0,18,9,2012,3,6,20,0,2,2,US-60,SR-144,79,37.88231667,-86.10019444,0,12,6,0,2,2,0,1,2,10,0,10,0,0000000,6,23,6,29,7,11,0,0,0,1,0
21,210489,1,1,0,1,1,1,1,59,2490,18,9,2012,3,18,31,0,16,5,2ND STREET WEST,CARTER RD,20,37.77386111,-87.14817222,0,9,0,0,2,2,0,1,1,1,0,1,0,0000000,18,34,18,37,18,49,0,0,0,1,0
21,210490,1,1,0,0,0,1,1,111,2090,20,9,2012,5,1,47,1,11,1,I-71,,80,38.30959722,-85.59183056,0,1,0,0,1,1,0,3,2,1,0,1,0,0000000,99,99,99,99,88,88,0,0,0,1,1
21,210491,2,2,0,0,0,2,2,111,2090,20,9,2012,5,16,33,0,16,5,HIGHLAND AVE,BARRET AVE,8,38.237775,-85.72923056,0,12,6,0,2,3,0,1,1,1,0,1,0,0000000,99,99,99,99,99,99,14,0,0,1,0
21,210492,2,2,0,0,0,2,2,67,1980,20,9,2012,5,20,6,0,16,5,ANNISTON DRIVE,EASTLAND PARKWAY,15,38.05460833,-84.43685556,0,12,6,0,2,2,0,1,6,1,0,1,0,0000000,20,6,20,10,20,22,0,0,0,1,0
21,210493,1,1,0,1,1,1,1,145,0,15,9,2012,7,20,0,0,13,2,US-60,,178,37.04186389,-88.54523611,0,15,0,0,1,1,0,1,2,2,0,2,0,0000000,20,2,20,4,20,19,0,0,0,1,0
21,210494,1,1,0,0,0,1,1,81,3590,21,9,2012,6,8,29,0,4,3,SR-3025,,0,38.64147778,-84.56154444,0,33,0,0,1,1,0,4,1,1,0,1,0,0000000,8,30,8,36,8,51,0,0,0,1,0
21,210495,1,1,0,0,0,2,2,85,0,21,9,2012,6,11,43,0,6,3,SR-889,,20,37.36816667,-86.19286111,0,42,0,0,1,1,0,4,1,1,0,1,0,0000000,11,43,11,56,12,24,0,0,0,1,0
21,210496,2,2,0,0,0,2,2,111,2090,15,9,2012,7,19,42,0,16,5,15TH SOUTH STREET,,10,38.232575,-85.779025,0,5,0,0,1,1,0,1,1,1,0,1,0,0000000,99,99,99,99,99,99,0,0,0,1,0
21,210497,1,1,0,0,0,1,1,193,0,22,9,2012,7,14,23,0,5,3,SR-1096,,6,37.21699167,-83.24925,0,1,0,0,1,1,0,5,1,10,0,10,0,0000000,99,99,99,99,88,88,0,0,0,1,1
21,210498,1,1,0,0,0,2,2,221,0,23,9,2012,1,22,14,1,1,1,I-24 W,,629,36.90061667,-87.76658056,0,42,0,0,1,1,0,5,2,1,0,1,0,0000000,22,12,22,20,88,88,0,0,0,2,0
21,210499,1,1,0,0,0,2,2,179,0,22,9,2012,7,18,26,0,5,3,SR-46,,101,37.70771111,-85.47173611,0,35,0,0,1,1,0,4,1,1,0,1,0,0000000,18,25,18,44,20,7,0,0,0,1,0
21,210500,2,2,0,0,0,2,2,175,0,25,9,2012,3,16,26,1,2,3,SR-9009,,629,37.74601389,-83.23119722,0,12,6,0,1,1,1,1,1,10,0,10,0,0000000,99,99,99,99,99,99,3,0,0,1,0
21,210501,2,2,0,0,0,4,4,107,0,26,9,2012,4,13,19,1,2,1,I-69,,1010,37.20123056,-87.53316111,0,1,0,0,1,1,0,3,1,1,0,1,0,0000000,13,17,13,28,14,7,0,0,0,2,0
21,210502,2,2,0,0,0,2,2,211,0,14,9,2012,6,10,27,0,3,3,SR-55,,136,38.2501,-85.19995833,0,12,6,0,1,1,0,1,1,1,0,1,0,0000000,10,29,10,34,11,24,0,0,0,1,0
21,210503,2,2,0,0,0,2,2,43,2480,27,9,2012,5,6,53,0,4,3,SR-2,,1,38.31591667,-83.1918,0,12,2,0,1,1,0,1,2,5,0,5,0,0000000,6,55,7,2,8,18,0,0,0,2,0
21,210504,1,1,0,0,0,2,2,111,2090,26,9,2012,4,9,31,0,16,5,BRUCE AVE,,7,38.147425,-85.78575556,0,42,0,0,1,1,0,5,1,1,0,1,0,0000000,9,32,9,40,10,1,0,0,0,1,0
21,210505,2,2,0,0,0,3,3,43,0,28,9,2012,6,14,26,1,1,1,I-64,,1598,38.32595833,-83.127925,0,24,0,0,1,1,0,4,1,2,0,2,0,0000000,14,24,14,30,88,88,0,0,0,1,0
21,210506,1,1,0,0,0,2,2,9,0,14,9,2012,6,8,50,0,5,3,SR-740,,20,37.03840278,-85.86394722,0,23,0,0,1,1,0,4,1,1,0,1,0,0000000,88,88,88,88,88,88,0,0,0,1,0
21,210507,1,1,0,0,0,3,3,75,0,29,9,2012,7,14,48,0,3,3,SR-94,,80,36.54758056,-89.251475,0,42,0,0,1,1,0,5,1,1,0,1,0,0000000,14,52,14,59,88,88,0,0,0,3,1
21,210508,2,2,0,0,0,2,2,53,40,30,9,2012,1,20,6,1,4,2,US-127,,74,36.702925,-85.13436389,0,12,1,0,1,1,0,1,2,1,0,1,0,0000000,19,17,19,20,19,32,0,0,0,1,0
21,210509,1,1,0,0,0,1,1,237,0,12,9,2012,4,17,54,0,3,3,SR-11,,9,37.70635,-83.67799722,0,35,0,0,1,1,0,4,1,1,0,1,0,0000000,17,55,18,14,19,16,0,0,0,1,0
21,210510,1,1,0,0,0,2,2,195,0,28,9,2012,6,21,47,0,4,3,SR-122,,101,37.38776667,-82.52818333,0,24,0,0,1,1,0,4,2,10,0,10,0,0000000,21,47,22,3,22,38,0,0,0,1,0
21,210511,1,1,0,0,0,1,1,35,0,30,9,2012,1,15,50,0,4,3,SR-1918,,12,36.59841389,-88.08843889,0,59,0,0,1,1,0,4,1,1,0,1,0,0000000,15,47,16,7,16,47,0,0,0,1,0
21,210512,1,1,0,0,0,1,1,149,0,16,2,2012,5,10,10,0,4,3,SR-81,,50,37.43319722,-87.24904167,0,59,0,0,1,1,0,4,1,10,0,10,0,0000000,10,16,10,25,11,8,0,0,0,1,0
21,210513,1,1,0,0,0,1,1,67,1980,23,9,2012,1,12,15,0,5,3,SR-1977,,35,38.11531944,-84.56014444,0,38,0,0,1,1,0,4,1,1,0,1,0,0000000,12,50,12,57,13,10,0,0,0,1,0
21,210514,2,2,0,0,0,2,2,211,0,30,9,2012,1,22,28,1,1,1,I-64 EB,,281,38.20632222,-85.34032778,0,12,1,0,1,1,0,1,2,1,0,1,0,0000000,22,29,22,35,88,88,0,0,0,1,0
21,210515,1,1,0,0,0,1,1,183,0,8,7,2012,1,17,30,0,6,4,CR-TAFFY RD,,20,37.57478889,-86.91615833,0,1,0,0,1,1,0,1,1,1,0,1,0,0000000,18,4,18,18,18,46,0,0,0,1,1
21,210516,1,1,0,0,0,1,1,183,0,13,7,2012,6,11,20,0,6,4,CR-SUNNYDALE RD,,61,37.58336667,-86.80415833,0,42,0,0,1,1,0,4,1,10,0,10,0,0000000,11,26,11,40,12,3,0,0,0,1,0
21,210517,1,1,0,0,0,1,1,153,2870,1,9,2012,7,17,4,9,6,3,SR-114,,99999,37.73665833,-83.03389167,0,35,0,0,1,1,0,4,1,2,0,2,0,0000000,99,99,99,99,99,99,0,0,0,1,0
21,210518,2,2,0,0,0,3,3,153,2870,30,9,2012,1,13,14,0,4,3,SR-1888,,15,37.710425,-83,0,12,2,0,1,1,0,1,1,1,0,1,0,0000000,13,4,13,13,13,46,0,0,0,1,0
21,210519,1,1,0,0,0,1,1,207,0,7,7,2012,7,16,30,0,4,3,SR-379,,172,37.03222222,-85.11180278,0,32,0,0,1,1,0,4,1,1,0,1,0,0000000,16,30,16,45,88,88,0,0,0,1,0
21,210520,1,1,0,0,0,1,1,31,0,8,6,2012,6,5,0,0,4,3,SR-79,,140,37.26714444,-86.67911111,0,32,0,0,1,1,0,4,4,1,0,1,0,0000000,5,1,5,7,5,49,0,0,0,1,0
21,210521,2,2,0,0,0,3,3,131,0,3,10,2012,4,20,0,0,3,2,US-421,,163,37.10051389,-83.39453333,0,12,2,0,1,1,0,1,2,10,0,10,0,0000000,20,7,20,9,20,43,0,0,0,1,1
21,210522,1,1,0,0,0,1,1,195,0,4,10,2012,5,18,0,0,4,3,SR-1426,,176,37.5452,-82.46076111,0,17,0,0,1,1,0,5,1,10,0,10,0,0000000,17,55,18,9,88,88,0,0,0,1,1
21,210523,1,1,0,0,0,1,1,195,1010,4,10,2012,5,18,13,0,4,3,SR-195,,57,37.31501389,-82.46136944,0,42,0,0,1,1,0,4,1,1,0,1,0,0000000,18,15,18,24,88,88,0,0,0,1,0
21,210524,1,1,0,0,0,1,1,171,0,7,10,2012,1,2,10,0,6,4,CR-ALEXANDER SCHOOL RD,,19,36.68385,-85.85068611,0,42,0,0,1,1,0,4,2,10,0,10,0,0000000,2,19,2,35,88,88,0,0,0,1,0
21,210525,1,1,0,0,0,2,2,201,0,4,10,2012,5,23,7,0,6,3,SR-1476,SR-617,1,38.483375,-84.09706667,0,35,0,0,3,3,0,4,2,1,0,1,0,0000000,23,17,23,40,0,56,0,0,0,1,1
21,210526,1,1,0,2,2,1,1,111,2090,4,10,2012,5,19,32,1,11,1,I-64,,1,38.27499444,-85.81349722,0,8,0,0,1,1,0,1,5,1,0,1,0,0000000,19,32,19,41,20,4,23,0,0,1,0
21,210527,1,1,0,0,0,3,3,187,0,9,10,2012,3,1,55,0,2,3,SR-35,,7,38.64245556,-84.84939444,0,1,0,0,1,1,0,1,2,1,0,1,0,0000000,2,3,2,15,99,99,1,0,0,2,1
21,210528,2,2,0,0,0,2,2,211,0,9,10,2012,3,9,7,0,3,2,US-60,SR-395,193,38.17888056,-85.06688056,0,12,6,0,2,2,0,1,1,1,0,1,0,0000000,9,7,9,10,88,88,0,0,0,1,0
21,210529,2,2,0,0,0,2,2,145,2520,9,10,2012,3,17,0,0,13,2,US-60,COUNTY PARK RD,118,37.0837,-88.66174722,0,12,6,0,2,2,0,1,1,1,0,1,0,0000000,17,3,17,6,17,31,0,0,0,1,0
21,210530,1,1,0,0,0,1,1,239,0,10,10,2012,4,6,18,1,2,3,SR-9002,,624,37.98773056,-84.81141667,0,24,0,0,1,1,0,3,2,10,0,10,0,0000000,6,21,6,27,88,88,0,0,0,1,0
21,210531,2,2,0,0,0,2,2,173,0,11,10,2012,5,22,58,0,6,4,CR-OLD OWINGSVILLE RD,,5,38.07549722,-83.90815278,0,12,2,0,1,1,0,1,2,1,0,1,0,0000000,22,58,23,4,23,32,0,0,0,1,0
21,210532,2,2,0,0,0,2,2,215,0,15,10,2012,2,6,44,0,5,3,SR-1319,,41,38.10651667,-85.40896944,0,12,6,0,1,1,0,1,2,10,0,10,0,0000000,6,46,6,56,99,99,0,0,0,1,0
21,210533,1,1,0,0,0,3,3,157,0,16,10,2012,3,19,2,0,5,3,SR-1949,,64,36.81731944,-88.43226111,0,5,0,0,1,1,0,1,2,1,0,1,0,0000000,19,4,19,14,88,88,0,0,0,1,0
21,210534,2,2,0,0,0,2,2,47,0,18,10,2012,5,6,45,0,4,3,SR-109,,131,36.89886667,-87.51430556,0,12,2,0,1,1,0,1,1,10,0,10,0,0000000,6,47,6,55,99,99,0,0,0,1,0
21,210535,2,2,0,0,0,4,4,177,0,1,10,2012,2,11,25,0,4,3,SR-70,,99,37.30170556,-87.21636667,0,12,2,0,1,1,0,1,1,2,0,2,0,0000000,11,28,11,38,12,22,0,0,0,1,0
21,210536,1,1,0,0,0,1,1,199,1110,12,10,2012,6,12,40,1,2,3,SR-1247,,7,37.00263889,-84.60570833,0,52,0,0,1,1,0,4,1,10,0,10,0,0000000,12,42,12,49,88,88,0,0,0,1,0
21,210537,2,2,0,0,0,3,3,37,0,13,10,2012,7,13,58,0,15,3,SR-915,MILLER ROAD WEST,12,38.93115556,-84.40361944,0,12,1,0,3,3,0,1,1,1,0,1,0,0000000,14,5,14,11,14,37,0,0,0,2,0
21,210538,1,1,0,0,0,1,1,125,0,19,10,2012,6,9,21,0,5,3,SR-490,,73,37.25085278,-84.09437778,0,42,0,0,1,1,0,4,1,1,0,1,0,0000000,9,23,9,50,88,88,0,0,0,1,0
21,210539,1,1,0,0,0,2,2,51,0,20,10,2012,7,3,43,0,4,3,SR-11,,102,37.0954,-83.75618333,0,53,0,0,1,1,0,4,2,1,0,1,0,0000000,3,43,4,1,4,51,0,0,0,1,1
21,210540,2,2,0,0,0,2,2,101,0,19,10,2012,6,19,27,0,3,2,US-41A,,97,37.77353056,-87.61999444,0,12,2,0,1,1,0,1,2,10,0,10,0,0000000,19,31,19,37,99,99,0,0,0,1,1
21,210541,2,2,0,0,0,5,5,183,0,21,10,2012,1,18,1,0,6,3,SR-2713,,21,37.38660556,-86.66713889,0,12,2,0,1,1,0,1,2,10,0,10,0,0000000,18,6,18,19,20,7,0,0,0,1,1
21,210542,1,1,0,1,1,1,1,21,860,21,10,2012,1,19,23,0,13,2,US-127,,56,37.64599167,-84.77645,0,8,0,0,1,1,0,1,3,1,0,1,0,0000000,19,24,19,28,19,36,0,0,0,1,0
21,210543,1,1,0,0,0,1,1,83,0,22,10,2012,2,6,26,0,5,3,SR-849,,74,36.87641667,-88.67636667,0,35,0,0,1,1,0,4,2,1,0,1,0,0000000,6,33,6,41,88,88,0,0,0,1,0
21,210544,2,2,0,0,0,2,2,111,2090,23,10,2012,3,13,24,0,16,5,KENTUCKY STREET WEST,39TH STREET SOUTH,33,38.24508611,-85.81643611,0,12,6,0,2,2,0,1,1,1,0,1,0,0000000,13,25,13,41,14,14,20,0,0,1,0
21,210545,2,2,0,0,0,4,4,151,0,24,10,2012,4,17,6,0,3,2,US-421,SR-1016,73,37.62026944,-84.22941389,0,12,2,0,2,4,0,1,1,1,0,1,0,0000000,17,6,17,24,17,35,0,0,0,1,0
21,210546,2,2,0,1,1,4,4,67,1980,24,10,2012,4,18,13,1,13,5,MIDLAND AVE,SHORT STREET,82,38.04170833,-84.48719722,0,9,0,0,3,4,0,1,1,1,0,1,0,0000000,18,14,18,17,18,28,0,0,0,1,0
21,210547,1,1,0,1,1,1,1,35,0,4,10,2012,5,22,33,0,6,4,CR-WILDCAT ROAD,,9,36.62149167,-88.16276389,0,8,0,0,1,1,0,1,2,1,0,1,0,0000000,22,38,22,50,23,30,0,0,0,1,1
21,210548,1,1,0,0,0,1,1,111,2090,5,10,2012,6,14,38,1,11,1,I-264,,66,38.18549167,-85.82018611,0,31,0,0,1,1,0,4,1,1,0,1,0,0000000,14,38,14,58,88,88,0,0,0,1,0
21,210549,1,1,0,0,0,1,1,111,2090,5,10,2012,6,23,10,0,16,6,CR-FAIRDALE RD,,14,38.11544722,-85.73922222,0,43,0,0,1,1,0,4,2,2,0,2,0,0000000,99,99,99,99,99,99,0,0,0,1,1
21,210550,1,1,0,0,0,3,3,217,0,25,10,2012,5,19,13,0,6,3,SR-659,,1,37.37154444,-85.19123056,0,1,0,0,1,1,0,4,2,1,0,1,0,0000000,19,13,19,27,20,24,0,0,0,1,1
21,210551,1,1,0,0,0,1,1,89,0,23,10,2012,3,16,22,0,5,3,SR-3307,,30,38.56198056,-82.86549167,0,1,0,0,1,1,0,1,1,1,0,1,0,0000000,16,24,16,32,88,88,0,0,0,1,0
21,210552,1,1,0,0,0,1,1,11,0,25,10,2012,5,13,45,0,4,2,US-60,,108,38.132625,-83.70073056,0,30,0,0,1,1,0,4,1,1,0,1,0,0000000,13,46,13,53,14,8,0,0,0,1,0
21,210553,1,1,0,0,0,1,1,167,0,23,10,2012,3,20,27,1,2,3,SR-9002,,544,37.94318333,-84.932175,0,52,0,0,1,1,0,4,2,1,0,1,0,0000000,20,38,21,13,21,28,0,0,0,1,0
21,210554,1,1,0,0,0,1,1,81,0,27,10,2012,7,0,15,0,3,3,SR-22,,25,38.61441944,-84.70725278,0,1,0,0,1,1,0,4,2,2,0,2,0,0000000,0,52,1,3,88,88,0,0,0,1,1
21,210555,3,3,0,0,0,4,4,119,1590,27,10,2012,7,13,42,0,4,3,SR-550,,94,37.33241111,-82.99845556,0,12,2,0,1,1,0,1,1,2,0,2,0,0000000,99,99,99,99,99,99,0,0,0,1,0
21,210556,1,1,0,0,0,1,1,223,0,26,10,2012,6,16,18,0,4,2,US-42,,117,38.60862222,-85.26454167,0,42,0,0,1,1,0,4,1,2,0,2,0,0000000,16,20,16,32,17,11,0,0,0,1,0
21,210557,1,1,0,0,0,2,2,107,0,28,10,2012,1,13,40,0,4,3,SR-138,,27,37.49970556,-87.43666111,0,32,0,0,1,1,0,4,1,10,0,10,0,0000000,13,45,14,0,15,14,0,0,0,1,0
21,210558,1,1,0,1,1,1,1,111,2090,29,10,2012,2,4,53,0,16,6,CR-GRADE LANE,,25,38.15064167,-85.73522222,0,9,0,0,1,1,0,1,2,10,0,10,0,0000000,99,99,99,99,88,88,0,0,0,1,0
21,210559,1,1,0,0,0,1,1,141,0,29,10,2012,2,15,40,0,5,3,SR-103,,75,36.90707222,-86.75579722,0,30,0,0,1,1,0,4,1,1,0,1,0,0000000,15,46,16,2,99,99,0,0,0,1,0
21,210560,1,1,0,0,0,9,9,41,0,29,10,2012,2,16,42,0,6,4,CR-BOONE RD,,28,38.67276389,-85.07726667,0,1,0,0,1,1,0,5,1,1,0,1,1,0000000,16,47,17,11,99,99,0,0,0,2,0
21,210561,1,1,0,0,0,1,1,229,0,23,10,2012,3,17,15,0,5,3,SR-433,,129,37.83167222,-85.22228889,0,1,0,0,1,1,0,1,1,1,0,1,0,0000000,99,99,99,99,88,88,0,0,0,1,1
21,210562,2,2,0,0,0,2,2,205,2270,15,10,2012,2,16,31,0,4,3,SR-32,,58,38.1833,-83.46997222,0,12,6,0,8,1,0,1,1,1,0,1,0,0000000,16,34,16,36,16,52,0,0,0,1,0
21,210563,1,1,0,0,0,1,1,235,0,30,10,2012,3,22,50,1,1,1,I-75,,209,36.86797222,-84.14753889,0,42,0,0,1,1,0,4,2,2,0,2,0,0000000,22,55,23,5,88,88,0,0,0,1,1
21,210564,2,2,0,0,0,2,2,39,0,29,10,2012,2,16,46,0,2,2,US-51,,97,36.88340278,-89.01778333,0,12,6,0,8,1,0,1,1,1,0,1,0,0000000,16,16,16,50,88,88,0,0,0,1,0
21,210565,2,2,0,0,0,2,2,199,3070,27,10,2012,7,10,47,0,4,3,SR-39,,23,37.12760278,-84.58986944,0,12,2,0,1,1,0,1,1,10,0,10,0,0000000,10,48,10,56,11,30,0,0,0,1,1
21,210566,1,1,0,0,0,1,1,129,0,20,10,2012,7,16,34,0,5,3,SR-399,,13,37.50245,-83.76905556,0,42,0,0,1,1,0,4,1,1,0,1,0,0000000,16,37,16,55,88,88,0,0,0,1,0
21,210567,1,1,0,0,0,1,1,123,1600,14,10,2012,1,20,54,0,3,2,US-31E,,106,37.57781389,-85.71993056,0,42,0,0,1,1,0,4,2,2,0,2,0,0000000,20,55,21,2,21,53,0,0,0,1,0
21,210568,2,2,0,0,0,2,2,23,0,1,10,2012,2,16,15,0,4,3,SR-10,,169,38.664275,-84.01319167,0,12,6,0,1,1,0,1,1,2,0,2,0,0000000,16,15,16,20,16,52,0,0,0,1,0
21,210569,2,2,0,0,0,2,2,35,2350,21,10,2012,1,18,1,0,6,5,18TH STREET NORTH,CALLOWAY AVE,0,36.61517222,-88.33203611,0,12,6,0,2,3,0,1,1,1,0,1,0,0000000,18,3,18,6,18,31,0,0,0,1,0
21,210570,1,1,0,0,0,2,2,121,1328,28,10,2012,1,16,44,0,6,3,SR-233,,57,36.93384722,-83.99648056,0,53,0,0,1,1,0,5,1,2,0,2,0,0000000,16,38,16,45,17,12,0,0,0,1,0
21,210571,2,2,0,0,0,5,5,51,2160,31,10,2012,4,18,22,0,4,3,SR-80,ADD HOLLOW ROAD,66,37.12629444,-83.76972778,0,12,2,0,2,3,0,1,5,1,0,1,0,0000000,18,28,18,31,18,48,0,0,0,1,1
21,210572,1,1,0,0,0,1,1,123,0,26,10,2012,6,0,17,0,4,3,SR-84,,97,37.58285833,-85.65141667,0,35,0,0,1,1,0,4,2,1,0,1,0,0000000,0,19,0,28,99,99,0,0,0,1,1
21,210573,1,1,0,0,0,1,1,85,0,4,10,2012,5,8,11,1,2,3,SR-9001,,1128,37.49476944,-86.18109167,0,35,0,0,1,1,0,4,1,1,0,1,0,0000000,8,12,8,21,88,88,0,0,0,1,0
21,210574,1,1,0,0,0,2,2,1,0,7,8,2012,3,2,15,0,5,3,SR-2971,,18,37.18146389,-85.27545,0,59,0,0,1,1,0,4,2,5,0,5,0,0000000,2,24,2,37,3,9,0,0,0,1,1
21,210575,2,2,0,0,0,2,2,193,1470,26,10,2012,6,14,38,0,4,3,SR-476,PLUM STREET,2,37.26527222,-83.19084444,0,12,6,0,2,2,0,1,1,1,0,1,0,0000000,14,38,14,39,15,0,0,0,0,1,0
21,210576,1,1,0,0,0,2,2,193,890,10,4,2012,3,22,6,0,4,3,SR-463,,41,37.03121111,-83.10983333,0,34,0,0,1,1,0,4,2,1,0,1,0,0000000,22,6,22,30,23,15,0,0,0,1,1
21,210577,2,2,0,0,0,2,2,167,0,25,10,2012,5,17,34,0,3,2,US-68,,183,37.84649722,-84.69693611,0,1,0,0,1,1,0,1,1,1,0,1,0,0000000,17,38,17,53,88,88,0,0,0,1,0
21,210578,2,2,0,0,0,3,3,193,1739,1,11,2012,5,14,18,1,2,3,SR-15,,70,37.21843056,-83.14099167,0,12,2,0,1,1,0,1,1,1,0,1,0,0000000,99,99,99,99,99,99,0,0,0,2,0
21,210579,5,5,0,0,0,5,5,111,2090,2,11,2012,6,9,33,0,16,2,US-31,GLENMARY FARM DRIVE,0,38.12535833,-85.57511389,0,12,1,1,3,2,0,1,1,1,0,1,0,0000000,9,39,9,47,10,20,0,0,0,1,0
21,210580,2,2,0,0,0,3,3,157,0,2,11,2012,6,15,47,0,4,3,SR-408,,107,36.85518056,-88.29941111,0,12,2,0,1,1,0,1,1,1,0,1,0,0000000,15,50,15,53,16,7,0,0,0,1,0
21,210581,1,1,0,0,0,2,2,117,0,3,11,2012,7,14,24,0,4,3,SR-17,,88,38.89696389,-84.54108611,0,1,0,0,1,1,0,4,1,2,0,2,0,0000000,14,24,14,34,15,21,0,0,0,1,0
21,210582,4,4,0,0,0,6,6,111,2090,4,11,2012,1,19,27,1,13,2,US-31W,BLANTON LANE,125,38.15726667,-85.83396944,0,12,1,0,3,2,0,1,2,1,0,1,0,0000000,19,27,99,99,20,9,0,0,0,1,2
21,210583,1,1,0,0,0,1,1,41,0,5,11,2012,2,19,37,1,1,1,I-71,,389,38.58613056,-85.175475,0,35,0,0,1,1,0,4,2,1,0,1,0,0000000,19,38,19,53,88,88,0,0,0,1,0
21,210584,1,1,0,0,0,3,3,85,0,4,11,2012,1,13,10,0,5,3,SR-920,,48,37.53932778,-86.23981111,0,42,0,0,1,1,0,4,1,1,0,1,0,0000000,13,16,13,25,14,23,0,0,0,3,1
21,210585,2,2,0,0,0,3,3,193,3372,7,11,2012,4,11,55,0,4,3,SR-7,,19,37.19025,-83.14938333,0,12,2,0,1,1,0,1,1,2,0,2,0,0000000,99,99,99,99,99,99,0,0,0,1,1
21,210586,2,2,0,0,0,2,2,111,2090,7,11,2012,4,12,14,1,11,1,I-265,,5,38.11304722,-85.70014722,0,24,0,1,5,1,0,4,1,2,0,2,0,0000000,12,14,12,20,12,42,0,0,0,1,0
21,210587,2,2,0,0,0,3,3,79,0,7,11,2012,4,13,35,0,4,3,SR-39,,30,37.5691,-84.54513611,0,12,2,0,1,1,0,1,1,10,0,10,0,0000000,13,50,14,20,14,55,0,0,0,2,1
21,210588,2,2,0,0,0,2,2,179,170,8,11,2012,5,5,20,1,2,3,SR-245,,74,37.86096944,-85.52015,0,12,6,0,8,1,0,1,2,5,0,5,0,0000000,5,27,5,36,5,57,0,0,0,1,1
21,210589,1,1,0,0,0,1,1,115,191,7,11,2012,4,11,34,1,2,2,US-460,,43,37.81008333,-82.88599444,0,35,0,0,1,1,0,4,1,1,0,1,0,0000000,11,34,11,47,12,20,0,0,0,1,1
21,210590,1,1,0,0,0,1,1,19,3247,9,11,2012,6,0,13,1,1,1,I-64,,1889,38.38365556,-82.63946667,0,1,0,0,1,1,0,2,2,1,0,1,0,0000000,0,14,0,21,88,88,0,0,0,1,1
21,210591,1,1,0,0,0,1,1,221,0,9,11,2012,6,10,44,0,5,3,SR-128,,88,36.94538889,-87.77999444,0,42,0,0,1,1,0,4,1,1,0,1,0,0000000,10,51,11,3,88,88,0,0,0,1,1
21,210592,1,1,0,0,0,1,1,151,2750,10,11,2012,7,11,17,1,1,1,I-75S,,843,37.69585278,-84.31653333,0,42,0,0,1,1,0,4,1,1,0,1,0,0000000,11,19,11,25,88,88,0,0,0,1,0
21,210593,1,1,0,0,0,1,1,157,0,10,11,2012,7,13,6,1,2,2,US-68,,203,36.83584167,-88.20397778,0,38,0,0,1,1,0,4,1,1,0,1,0,0000000,13,6,13,19,88,88,0,0,0,1,0
21,210594,3,3,0,0,0,5,5,155,0,10,11,2012,7,17,30,0,2,3,SR-55,,42,37.62554444,-85.25692222,0,12,2,0,1,1,0,1,1,1,0,1,0,0000000,17,31,17,36,99,99,0,0,0,1,0
21,210595,2,2,0,0,0,2,2,59,0,5,11,2012,2,12,56,0,2,2,US-431,,8,37.58197778,-87.10230278,0,12,6,0,1,1,0,1,1,1,0,1,0,0000000,12,56,13,5,13,50,0,0,0,1,1
21,210596,1,1,0,0,0,1,1,155,0,11,11,2012,1,1,0,0,4,3,SR-49,,241,37.61488333,-85.35090833,0,42,0,0,1,1,0,4,2,1,0,1,0,0000000,1,12,1,20,88,88,0,0,0,1,1