STATE,ST_CASE,VE_TOTAL,VE_FORMS,PVH_INVL,PEDS,PERNOTMVIT,PERMVIT,PERSONS,COUNTY,CITY,DAY,MONTH,YEAR,DAY_WEEK,HOUR,MINUTE,NHS,ROAD_FNC,ROUTE,TWAY_ID,TWAY_ID2,MILEPT,LATITUDE,LONGITUD,SP_JUR,HARM_EV,MAN_COLL,RELJCT1,RELJCT2,TYP_INT,WRK_ZONE,REL_ROAD,LGT_COND,WEATHER1,WEATHER2,WEATHER,SCH_BUS,RAIL,NOT_HOUR,NOT_MIN,ARR_HOUR,ARR_MIN,HOSP_HR,HOSP_MN,CF1,CF2,CF3,FATALS,DRUNK_DR
21,210597,1,1,0,0,0,2,2,49,0,11,11,2012,1,4,27,0,6,3,SR-3370,,16,37.96949722,-84.2456,0,35,0,0,1,1,0,5,2,1,0,1,0,0000000,4,32,4,42,5,16,0,0,0,1,1
21,210598,2,2,0,0,0,2,2,117,3380,11,11,2012,1,5,25,0,4,3,SR-177,,93,38.91497222,-84.4521,0,12,8,0,1,1,0,1,2,1,0,1,0,0000000,5,33,5,42,6,50,0,0,0,2,0
21,210599,1,1,0,0,0,1,1,71,0,11,11,2012,1,3,30,0,4,3,SR-122,,327,37.35297778,-82.67184444,0,24,0,0,1,1,0,4,2,1,0,1,0,0000000,14,0,14,17,88,88,0,0,0,1,1
21,210600,2,2,0,0,0,3,3,227,0,12,11,2012,2,11,14,0,5,3,SR-622,,22,36.83855833,-86.42448611,0,23,0,0,1,1,0,4,1,2,0,2,0,0000000,11,15,11,28,11,57,0,0,0,2,0
21,210601,2,2,0,0,0,3,3,3,0,7,11,2012,4,20,36,0,3,2,US-31E,,176,36.83435,-86.09498056,0,12,6,0,1,1,0,1,2,1,0,1,0,0000000,20,35,20,49,21,40,0,0,0,1,0
21,210602,1,1,0,1,1,2,2,195,0,8,11,2012,5,20,45,1,13,2,US-23,,286,37.52011667,-82.56746944,0,8,0,0,8,1,0,1,2,1,0,1,0,0000000,20,51,21,0,21,26,0,0,0,1,0
21,210603,2,2,0,0,0,2,2,111,2090,14,11,2012,4,6,7,1,11,1,I-71N,,75,38.30315278,-85.60489722,0,57,0,0,1,1,0,3,2,1,0,1,0,0000000,6,7,6,25,99,99,0,0,0,1,0
21,210604,2,2,0,0,0,2,2,71,2670,15,11,2012,5,20,52,1,2,3,SR-3,,35,37.74189444,-82.73975833,0,12,6,0,1,1,0,1,2,1,0,1,0,0000000,20,57,21,14,22,44,0,0,0,1,0
21,210605,3,3,0,0,0,5,5,93,2724,15,11,2012,5,7,5,0,13,3,SR-313,WISELYN DRIVE,108,37.80046667,-85.93371667,0,12,1,0,3,3,0,1,1,10,0,10,0,0000000,7,13,7,20,8,0,0,0,0,1,0
21,210606,1,1,0,0,0,1,1,179,0,18,11,2012,1,17,15,0,4,3,SR-52,,150,37.63501944,-85.49342222,0,1,0,0,1,1,0,4,2,1,0,1,0,0000000,17,44,18,5,18,45,0,0,0,1,1
21,210607,2,2,0,0,0,6,6,35,2350,12,11,2012,2,7,42,0,15,3,SR-1660,,3,36.60976944,-88.35190833,0,12,6,0,1,1,0,1,1,2,0,2,0,0000000,7,39,7,43,7,58,0,0,0,1,0
21,210608,1,1,0,0,0,1,1,85,0,10,11,2012,7,10,30,0,6,4,CR-BEAR CREEK ROAD,,1,37.42571944,-86.28058889,0,1,0,0,1,1,0,2,1,1,0,1,0,0000000,10,40,10,47,88,88,0,0,0,1,0
21,210609,1,1,0,0,0,2,2,37,2400,2,11,2012,6,19,7,1,13,2,US-27,,206,39.077625,-84.47906111,0,39,0,0,1,1,0,5,3,1,0,1,0,0000000,19,6,19,11,19,21,0,0,0,1,0
21,210610,1,1,0,0,0,1,1,163,360,19,11,2012,2,11,53,0,6,4,CR-OLD EKRON RD,,7,37.98579167,-86.16638611,0,24,0,0,1,1,0,4,1,1,0,1,0,0000000,11,54,11,58,12,30,0,0,0,1,0
21,210611,1,1,0,0,0,2,2,183,0,15,11,2012,5,20,2,0,5,3,SR-878,,4,37.54093056,-86.76285556,0,35,0,0,1,1,0,4,2,1,0,1,0,0000000,20,20,20,31,21,2,0,0,0,2,0
21,210612,2,2,0,0,0,2,2,205,0,22,11,2012,5,9,20,0,4,3,SR-32,,116,38.18664722,-83.35821111,0,12,2,0,1,1,0,1,1,1,0,1,0,0000000,9,34,9,46,10,16,0,0,0,1,0
21,210613,1,1,0,0,0,1,1,203,0,25,11,2012,1,15,57,0,6,8,FLAT GAP RD,,3,37.52269722,-84.31837778,0,21,0,0,1,1,0,4,1,1,0,1,0,0000000,16,0,16,19,16,34,0,0,0,1,0
21,210614,2,2,0,0,0,3,3,79,0,25,11,2012,1,16,55,1,2,2,US-27,GALILEE ROAD,135,37.73235,-84.63801667,0,12,6,0,2,2,0,1,1,1,0,1,0,0000000,17,0,17,12,17,31,0,0,0,1,0
21,210615,1,1,0,0,0,1,1,139,0,26,11,2012,2,5,35,0,2,2,US-60,,51,37.05601944,-88.44280556,0,35,0,0,1,1,0,4,2,1,0,1,0,0000000,5,35,5,45,88,88,0,0,0,1,1
21,210616,2,2,0,0,0,2,2,119,0,26,11,2012,2,16,15,0,4,3,SR-550,,262,37.46356944,-82.834875,0,12,2,0,1,1,0,1,2,10,0,10,0,0000000,16,21,16,42,17,19,0,0,0,1,1
21,210617,2,2,0,0,0,2,2,83,2200,26,11,2012,2,16,45,0,13,3,SR-121BP,SR-464,69,36.73705833,-88.62115556,0,12,6,0,2,2,0,1,2,2,10,2,0,0000000,16,48,16,50,17,42,0,0,0,1,0
21,210618,1,1,0,1,1,1,1,111,2090,26,11,2012,2,20,48,0,14,3,SR-1020,,83,38.18923056,-85.76670556,0,8,0,0,1,1,0,1,2,2,0,2,0,0000000,20,48,99,99,88,88,0,0,0,1,0
21,210619,1,1,0,0,0,1,1,203,0,23,11,2012,6,9,45,0,4,2,US-25,,57,37.29993889,-84.23161111,0,35,0,0,1,1,0,4,1,2,0,2,0,0000000,9,48,9,58,88,88,0,0,0,1,0
21,210620,1,1,0,0,0,1,1,111,2090,12,11,2012,2,13,37,1,11,1,I-265,,302,38.28601944,-85.50992222,0,57,0,0,1,1,0,3,1,1,0,1,0,0000000,99,99,99,99,99,99,0,0,0,1,0
21,210621,3,3,0,1,1,2,2,221,490,26,11,2012,2,19,52,1,2,2,US-68,,236,36.87665,-87.74608333,0,12,6,0,1,1,0,1,2,2,10,2,0,0000000,19,55,19,58,20,27,19,0,0,1,0
21,210622,2,2,0,0,0,3,3,55,0,28,11,2012,4,14,58,1,2,2,US-641,,64,37.31360833,-88.08516111,0,12,2,0,1,1,0,1,1,1,0,1,0,0000000,15,0,15,3,16,11,0,0,0,1,1
21,210623,1,1,0,0,0,1,1,107,960,28,11,2012,4,22,12,0,16,5,MOSS AVE WEST,,1,37.27209444,-87.51038333,0,10,0,0,6,1,0,1,3,1,0,1,0,345318d,22,15,22,16,88,88,0,0,0,1,0
21,210624,2,2,0,0,0,3,3,199,3070,27,11,2012,3,4,47,1,13,2,US-27,SR-80,168,37.09501389,-84.61963333,0,12,6,0,2,2,0,1,3,2,0,2,0,0000000,4,50,4,53,5,14,0,0,0,1,0
21,210625,2,2,0,0,0,2,2,147,3225,29,11,2012,5,9,55,1,2,2,US-27,,20,36.62519167,-84.43631389,0,12,2,0,1,1,0,1,1,1,0,1,0,0000000,9,58,10,6,10,58,0,0,0,1,0
21,210626,1,1,0,0,0,1,1,111,2090,29,11,2012,5,18,20,1,11,1,I-65 RAMP,,99999,38.24390556,-85.753425,0,42,0,1,5,1,0,4,2,7,0,7,0,0000000,18,20,18,20,88,88,0,0,0,1,0
21,210627,2,2,0,0,0,3,3,173,0,28,11,2012,4,7,53,0,4,3,SR-713,,84,38.04862222,-83.90686667,0,12,2,0,1,1,0,1,1,1,0,1,0,0000000,7,55,8,2,8,25,0,0,0,1,0
21,210628,1,1,0,0,0,1,1,111,2090,25,11,2012,1,3,53,0,13,3,SR-1747,,52,38.16205278,-85.63971944,0,33,0,0,1,1,0,3,2,1,0,1,0,0000000,99,99,99,99,99,99,0,0,0,1,1
21,210629,1,1,0,0,0,1,1,179,0,4,11,2012,1,1,10,0,3,2,US-31,,253,37.96234444,-85.48214444,0,32,0,0,1,1,0,5,2,10,0,10,0,0000000,1,10,1,24,1,48,0,0,0,1,1
21,210630,1,1,0,0,0,2,2,143,0,30,11,2012,6,21,59,0,4,3,SR-93,,40,36.98541111,-87.93942222,0,42,0,0,1,1,0,4,2,1,0,1,0,0000000,22,9,22,22,99,99,0,0,0,1,1
21,210631,1,1,0,0,0,1,1,81,0,17,11,2012,7,11,15,0,3,3,SR-36,,233,38.51186111,-84.50065833,0,34,0,0,1,1,0,4,1,1,0,1,0,0000000,11,18,11,21,12,0,0,0,0,1,0
21,210632,2,2,0,0,0,2,2,37,50,12,9,2012,4,12,30,1,13,3,SR-9 AA HWY,SR-709 ALEXANDRIA PIKE,123,38.99123056,-84.398975,0,12,6,0,2,2,0,1,1,1,0,1,0,0000000,12,31,12,33,13,2,0,0,0,1,0
21,210633,2,2,0,0,0,4,4,125,0,20,11,2012,3,15,48,0,6,3,SR-3434,,12,37.17895278,-84.10858889,0,12,6,0,1,1,0,1,1,1,0,1,0,0000000,15,48,15,57,17,50,0,0,0,2,0
21,210634,1,1,0,0,0,1,1,111,2090,20,10,2012,7,1,14,0,16,6,DEERING HEIGHTS DR,,0,38.08764444,-85.86471389,0,24,0,0,1,1,0,4,2,10,0,10,0,0000000,99,99,99,99,99,99,0,0,0,1,1
21,210635,2,2,0,0,0,2,2,49,0,2,10,2012,3,20,19,1,1,1,I-64 EB,,905,38.03409444,-84.26949722,0,12,1,0,1,1,0,1,2,10,0,10,0,0000000,20,19,20,25,20,41,0,0,0,1,0
21,210636,2,2,0,0,0,5,5,71,3182,1,12,2012,7,13,5,1,2,2,US-23,,34,37.56382778,-82.64501111,0,12,6,0,1,1,0,1,1,1,0,1,0,0000000,13,14,13,24,14,2,0,0,0,2,0
21,210637,3,3,0,1,1,4,4,93,2724,1,12,2012,7,20,42,1,13,2,US-31W,,265,37.82558333,-85.92780833,0,8,0,0,1,1,0,1,3,10,0,10,0,0000000,20,42,20,51,88,88,0,0,0,1,0
21,210638,2,2,0,0,0,4,4,233,0,2,12,2012,1,1,40,0,3,2,US-41,,26,37.42444722,-87.71680833,0,12,2,0,1,1,0,1,2,1,0,1,0,0000000,1,40,1,44,2,42,0,0,0,1,0
21,210639,1,1,0,0,0,3,3,113,0,4,12,2012,3,2,17,0,4,3,SR-29,,65,37.88210278,-84.64451667,0,35,0,0,1,1,0,4,2,1,0,1,0,0000000,2,19,2,22,3,6,0,0,0,1,1
21,210640,2,2,0,0,0,2,2,125,0,4,12,2012,3,9,8,0,4,3,SR-192,,144,37.06984722,-84.14107222,0,12,2,0,1,1,0,1,1,2,0,2,0,0000000,9,8,9,20,10,16,0,0,0,1,0
21,210641,1,1,0,0,0,2,2,117,0,6,12,2012,5,2,20,0,4,3,SR-14,,10,38.82041389,-84.57024722,0,42,0,0,1,1,0,4,2,10,0,10,0,0000000,2,41,2,52,3,44,0,0,0,1,0
21,210642,2,2,0,0,0,3,3,111,2090,6,12,2012,5,5,44,1,16,3,SR-1934,RIVERPORT DRIVE,54,38.16115556,-85.88164167,0,12,6,0,2,3,0,1,2,10,0,10,0,0000000,5,43,5,51,99,99,0,0,0,1,0
21,210643,2,2,0,0,0,3,3,83,0,6,12,2012,5,7,33,0,3,3,SR-1276,SR-121,127,36.78869444,-88.687025,0,12,6,0,2,2,0,1,1,10,0,10,0,0000000,7,36,7,40,7,55,0,0,0,1,0
21,210644,1,1,0,0,0,1,1,77,0,7,12,2012,6,8,29,1,1,1,I-71,,634,38.75498056,-84.80765556,0,23,0,0,1,1,0,4,1,2,0,2,0,0000000,8,29,8,37,88,88,0,0,0,1,0
21,210645,2,2,0,1,1,2,2,177,0,7,12,2012,6,9,30,0,2,2,US-431,,40,37.12638611,-87.00409444,0,8,0,0,1,1,0,1,1,2,0,2,0,0000000,9,43,9,57,10,18,19,0,0,1,0
21,210646,1,1,0,0,0,1,1,73,0,7,12,2012,6,22,20,1,1,1,I-64,,566,38.17227778,-84.83210833,0,52,0,0,1,1,0,4,2,8,0,8,0,0000000,22,29,22,42,88,88,0,0,0,1,0
21,210647,2,2,0,0,0,6,6,67,1980,6,12,2012,5,17,43,0,15,3,SR-1978,,5,38.08251389,-84.53407778,0,12,2,0,1,1,0,1,2,2,0,2,0,0000000,17,47,17,57,18,19,19,0,0,1,0
21,210648,1,1,0,1,1,2,2,117,1050,6,12,2012,5,18,33,0,13,2,US-25,,64,39.01894167,-84.59529444,0,8,0,0,1,1,0,1,3,2,0,2,0,0000000,18,35,18,38,19,6,0,0,0,1,0
21,210649,2,2,0,0,0,6,6,221,0,8,12,2012,7,7,59,0,5,3,SR-274,,1,36.85060556,-87.851575,0,12,2,0,1,1,0,1,1,10,0,10,0,0000000,8,2,8,7,8,36,0,0,0,4,1
21,210650,1,1,0,0,0,2,2,95,812,9,12,2012,1,18,8,0,3,2,US-421,,66,36.78042778,-83.2259,0,25,0,0,1,1,0,4,2,2,0,2,0,0000000,18,12,18,20,19,10,0,0,0,1,0
21,210651,1,1,0,0,0,1,1,47,0,10,12,2012,2,15,17,0,2,3,SR-9004,,47,36.80494722,-87.49142222,0,52,0,1,18,1,0,3,1,10,0,10,0,0000000,15,21,15,26,88,88,0,0,0,1,0
21,210652,1,1,0,0,0,2,2,97,0,8,12,2012,7,18,26,0,4,2,US-62,,191,38.48884167,-84.21158611,0,42,0,0,1,1,0,4,2,10,0,10,0,0000000,18,28,18,41,19,20,0,0,0,1,0
21,210653,2,2,0,0,0,2,2,67,1980,11,12,2012,3,12,47,0,4,2,US-25,SR-1977,182,38.10445278,-84.51501111,0,12,2,0,2,2,0,1,1,10,0,10,0,0000000,12,47,12,52,88,88,0,0,0,1,0
21,210654,2,2,0,0,0,2,2,53,0,11,12,2012,3,15,0,0,3,3,SR-90,,127,36.76545833,-85.00901389,0,12,2,0,1,1,0,1,1,1,0,1,0,0000000,15,4,15,12,99,99,0,0,0,1,0
21,210655,1,1,0,1,1,1,1,67,1980,8,12,2012,7,22,4,1,13,2,US-27,US-25,64,38.04892778,-84.49986667,0,8,0,0,3,2,0,1,3,2,0,2,0,0000000,22,7,22,12,88,88,0,0,0,1,0
21,210656,2,2,0,0,0,4,4,77,0,14,12,2012,6,7,36,0,4,2,US-42,,89,38.78515278,-84.86431389,0,12,2,0,1,1,0,1,1,5,0,5,0,0000000,7,36,7,42,8,59,0,0,0,1,0
21,210657,3,3,0,0,0,7,7,237,0,14,12,2012,6,11,15,1,2,3,SR-9009,,470,37.75093333,-83.49472778,0,12,6,0,1,1,0,1,1,1,0,1,0,0000000,11,20,11,40,12,40,0,0,0,1,0
21,210658,1,1,0,0,0,1,1,59,0,14,12,2012,6,21,5,0,6,3,SR-334,,4,37.88142222,-86.98672778,0,35,0,0,1,1,0,5,2,1,0,1,0,0000000,21,8,21,22,21,48,0,0,0,1,1
21,210659,1,1,0,0,0,1,1,51,0,16,12,2012,1,9,9,0,4,3,SR-11,,52,37.08226111,-83.76955278,0,35,0,0,1,1,0,4,1,10,0,10,0,0000000,9,9,9,21,88,88,0,0,0,1,0
21,210660,1,1,0,1,1,2,2,81,3590,15,12,2012,7,19,59,0,4,3,SR-36,,118,38.63161667,-84.60823611,0,8,0,0,1,1,0,1,2,10,0,10,0,0000000,20,0,20,8,21,12,0,0,0,1,0
21,210661,1,1,0,0,0,1,1,15,0,16,12,2012,1,15,59,0,5,3,SR-1925,,64,38.932925,-84.72335278,0,1,0,0,1,1,0,1,1,10,0,10,0,0000000,16,0,16,6,16,29,0,0,0,1,1
21,210662,2,2,0,0,0,2,2,157,0,18,12,2012,3,18,0,0,4,2,US-62,VAUGHNS CHAPEL RD,33,37.00580833,-88.42429167,0,12,2,0,2,2,0,1,2,1,0,1,0,0000000,18,14,18,18,88,88,0,0,0,1,0
21,210663,1,1,0,0,0,1,1,183,0,17,12,2012,2,19,23,1,2,3,SR-9007,,445,37.42504444,-86.84001667,0,35,0,0,1,1,0,3,2,10,0,10,0,0000000,19,27,19,34,88,88,0,0,0,1,0
21,210664,1,1,0,1,1,1,1,49,3610,11,12,2012,3,21,15,0,16,5,OXFORD DRIVE,,3,38.00460278,-84.20949444,0,8,0,0,1,1,0,1,3,10,0,10,0,0000000,21,17,21,20,21,34,0,0,0,1,0
21,210665,1,1,0,0,0,1,1,157,511,2,12,2012,1,5,34,0,6,4,CR-MCFARLAN RD,,0,37.02353611,-88.4075,0,42,0,0,1,1,0,4,2,1,0,1,0,0000000,5,37,5,48,88,88,0,0,0,1,1
21,210666,2,2,0,0,0,3,3,89,0,19,12,2012,4,12,20,0,2,2,US-67,LOST LICK RD,47,38.43789722,-82.81006944,0,12,6,0,2,2,0,1,1,1,0,1,0,0000000,12,22,12,34,13,17,0,0,0,1,0
21,210667,1,1,0,0,0,1,1,15,0,8,12,2012,7,23,58,0,3,2,US-42,,67,38.90039167,-84.691925,0,30,0,0,1,1,0,5,2,10,0,10,0,0000000,23,58,0,6,0,38,0,0,0,1,0
21,210668,1,1,0,0,0,1,1,169,0,21,12,2012,6,4,52,0,5,3,SR-640,,39,36.93729167,-85.72359444,0,42,0,0,1,1,0,4,2,10,0,10,0,0000000,4,55,5,30,88,88,0,0,0,1,1
21,210669,1,1,0,0,0,2,2,157,0,21,12,2012,6,13,8,0,5,3,SR-1610,,22,36.99955833,-88.42916111,0,35,0,0,1,1,0,4,1,6,0,6,0,0000000,13,10,13,17,13,46,0,0,0,1,0
21,210670,1,1,0,0,0,1,1,195,0,23,12,2012,1,3,28,1,6,2,US-23,,0,37.54276111,-82.58467222,0,32,0,0,1,1,0,5,2,1,0,1,0,0000000,3,30,3,37,88,88,0,0,0,1,1
21,210671,1,1,0,0,0,2,2,47,0,23,12,2012,1,0,59,0,5,3,SR-1914,SR-800,0,37.04826389,-87.42617778,0,42,0,0,3,3,0,4,2,1,0,1,0,0000000,0,56,1,13,88,88,0,0,0,2,1
21,210672,2,2,0,0,0,5,5,121,1128,24,12,2012,2,17,15,1,2,2,US-25,,28,36.84024444,-83.78299444,0,12,6,0,1,1,0,1,5,2,5,2,0,0000000,17,21,99,99,88,88,0,0,0,5,1
21,210673,2,2,0,0,0,2,2,79,0,26,12,2012,4,10,22,0,2,2,US-27,,85,37.67381944,-84.64087778,0,12,2,0,1,1,0,1,1,2,0,2,0,0000000,99,99,99,99,99,99,0,0,0,1,0
21,210674,2,1,1,0,0,2,2,81,0,26,12,2012,4,12,55,1,1,1,I-75,,1638,38.75902222,-84.60735278,0,14,0,0,1,1,0,4,1,4,0,4,0,0000000,12,57,13,0,14,21,0,0,0,1,0
21,210675,2,2,0,0,0,3,3,113,2410,26,12,2012,4,14,48,0,14,3,SR-169,,97,37.88224444,-84.55954444,0,12,6,0,1,1,0,1,1,2,0,2,0,0000000,14,51,14,57,15,28,0,0,0,1,0
21,210676,2,2,0,0,0,5,5,195,2979,26,12,2012,4,20,23,1,2,2,US-23,UNNAMED SIDE ROAD,164,37.41693333,-82.52768056,0,12,6,0,2,3,0,1,2,2,0,2,0,0000000,99,99,99,99,99,99,0,0,0,1,0
21,210677,1,1,0,0,0,3,3,111,2090,26,12,2012,4,22,56,0,14,3,SR-1703,,8,38.18787222,-85.669075,0,1,0,0,1,1,0,4,2,10,0,10,0,0000000,23,4,23,13,23,36,0,0,0,1,1
21,210678,3,3,0,0,0,3,3,121,770,17,12,2012,2,17,17,0,2,2,US-25,,241,36.94745556,-84.05045833,0,12,6,0,1,1,0,1,5,10,0,10,0,0000000,17,15,17,20,17,44,0,0,0,1,0
21,210679,1,1,0,0,0,1,1,125,0,28,12,2012,6,14,47,0,4,3,SR-229,,101,37.09801667,-84.04978333,0,32,0,0,1,1,0,4,1,10,0,10,0,0000000,14,47,14,58,88,88,0,0,0,1,0
21,210680,2,2,0,0,0,3,3,227,350,27,12,2012,5,8,44,0,13,2,US-231,KEN BALE BLVD,94,36.94075278,-86.42098611,0,12,6,0,2,2,0,1,1,10,0,10,0,0000000,8,46,8,54,9,13,0,0,0,1,0
21,210681,1,1,0,0,0,1,1,73,0,19,12,2012,4,23,27,1,1,1,I-64,,466,38.14620833,-85.00896389,0,42,0,0,1,1,0,3,2,1,0,1,0,0000000,23,27,23,36,99,99,0,0,0,1,1
21,210682,5,5,0,0,0,10,10,111,2090,26,12,2012,4,11,9,0,14,3,SR-1931,,91,38.20346944,-85.79176111,0,12,1,0,1,1,0,1,1,4,0,4,0,0000000,99,99,99,99,99,99,0,0,0,1,0
21,210683,1,1,0,0,0,1,1,197,0,9,9,2012,1,20,5,0,6,4,CR-TUG BRANCH ROAD,,7,37.85975556,-83.9604,0,1,0,0,1,1,0,4,2,1,0,1,0,0000000,20,5,20,12,20,51,0,0,0,1,1
21,210684,1,1,0,0,0,3,3,227,350,15,12,2012,7,8,39,0,13,2,US-31W,,173,37.01028333,-86.38638333,0,42,0,0,1,1,0,4,1,10,0,10,0,0000000,8,44,9,4,9,11,0,0,0,1,1
21,210685,2,2,0,0,0,2,2,209,0,10,12,2012,2,10,49,0,3,2,US-421,,7,38.13491667,-84.63203333,0,12,6,0,1,1,0,1,1,2,0,2,0,0000000,10,55,11,1,12,1,0,0,0,1,0
21,210686,2,2,0,0,0,3,3,61,0,4,12,2012,3,12,19,0,4,3,SR-70,,72,37.21665,-86.325875,0,12,2,0,1,1,0,1,1,10,0,10,0,0000000,12,20,12,26,12,46,0,0,0,1,0
21,210687,3,3,0,0,0,4,4,125,0,13,12,2012,5,14,30,0,4,2,US-25,,63,37.05149722,-84.05221944,0,12,7,0,1,1,0,1,1,1,0,1,0,0000000,14,31,14,40,15,28,0,0,0,1,0
21,210688,2,2,0,0,0,2,2,69,0,13,11,2012,3,14,50,0,3,3,SR-32,BLUEBANK LN,164,38.38055,-83.64516667,0,12,2,0,2,3,0,1,1,1,0,1,0,0000000,14,51,14,59,15,21,0,0,0,1,1
21,210689,1,1,0,0,0,2,2,49,0,23,12,2012,1,0,0,0,6,4,CR-FOUR MILE ROAD,,7,37.88297222,-84.25289167,0,35,0,0,1,1,0,4,2,1,0,1,0,0000000,0,4,0,15,88,88,0,0,0,2,0
21,210690,2,2,0,0,0,2,2,45,0,24,10,2012,4,13,16,1,2,2,US-127 S,,29,37.19719167,-85.01285556,0,12,6,0,1,1,0,1,1,1,0,1,0,0000000,13,16,13,31,14,8,0,0,0,1,0
21,210691,1,1,0,0,0,2,2,9,0,24,11,2012,7,0,50,0,6,4,CR-BISHOP RD,,3,37.00983333,-85.99782222,0,1,0,0,1,1,0,4,2,1,0,1,0,0000000,0,54,1,2,2,19,0,0,0,2,1
21,210692,1,1,0,0,0,1,1,129,0,4,12,2012,3,21,50,0,3,3,SR-11,,40,37.56822778,-83.70790556,0,42,0,0,1,1,0,4,2,2,0,2,0,0000000,21,50,21,56,22,59,0,0,0,1,0
21,210693,1,1,0,0,0,1,1,175,0,16,12,2012,1,10,46,1,2,3,SR-9009,,625,37.74793611,-83.25115278,0,35,0,0,1,1,0,4,1,10,0,10,0,0000000,10,46,11,5,11,53,0,0,0,1,0
21,210694,1,1,0,0,0,2,2,203,0,24,12,2012,2,8,58,0,3,2,US-150,,76,37.35310278,-84.38525833,0,1,0,0,1,1,0,4,1,2,0,2,0,0000000,9,0,9,7,9,27,0,0,0,1,0
21,210695,1,1,0,0,0,1,1,63,0,21,10,2012,1,16,0,0,4,3,SR-7,,174,38.1862,-83.01855556,0,24,0,0,1,1,0,4,1,1,0,1,0,0000000,16,2,16,9,17,29,0,0,0,1,0
22,220001,1,1,0,0,0,1,1,97,1800,1,1,2012,1,5,16,1,11,7,I-49 FRONTAGE RD,,176,30.49975,-92.07301944,0,25,0,0,1,1,0,4,3,5,0,5,0,0000000,5,16,5,24,6,15,0,0,0,1,1
22,220002,1,1,0,0,0,3,3,109,0,2,1,2012,2,2,6,0,14,3,SR-316,,6,29.7013,-90.77708889,0,53,0,0,1,1,0,4,3,1,0,1,0,0000000,2,12,2,32,2,52,0,0,0,1,1
22,220003,1,1,0,0,0,2,2,39,0,2,1,2012,2,21,15,0,4,3,SR-29,,49,30.54613889,-92.34806111,0,58,0,0,1,1,0,4,2,1,0,1,0,0000000,21,30,21,38,88,88,0,0,0,2,0
22,220004,1,1,0,0,0,1,1,97,0,5,1,2012,5,17,50,0,5,3,SR-104,,400,30.53838889,-92.12953056,0,1,0,0,1,1,0,4,2,1,0,1,0,0000000,17,50,17,53,18,20,0,0,0,1,0
22,220005,1,1,0,0,0,2,2,19,2210,5,1,2012,5,22,56,1,11,1,I-10,,225,30.21613889,-93.35198056,0,42,0,0,1,1,0,4,2,5,0,5,0,0000000,22,55,23,5,23,49,0,0,0,1,0
22,220006,2,2,0,0,0,2,2,33,0,5,1,2012,5,23,33,1,13,3,SR-42,,35,30.37316944,-91.13818056,0,12,2,0,1,1,0,1,2,1,0,1,0,0000000,23,32,23,39,0,7,0,0,0,1,1
22,220007,3,3,0,0,0,5,5,57,0,6,1,2012,6,6,48,0,15,3,SR-3266,,9,29.81070833,-90.82839167,0,12,2,0,1,1,0,1,1,5,0,5,0,0000000,6,51,7,1,7,27,0,0,0,1,0
22,220008,2,2,0,0,0,2,2,17,0,7,1,2012,7,1,25,0,5,3,SR-169,KEATCHIE MARSHALL RD,41,32.22388056,-93.98496944,0,12,6,0,2,2,0,1,2,10,0,10,0,0000000,99,98,99,98,88,88,0,0,0,1,0
22,220009,1,1,0,1,1,1,1,121,0,8,1,2012,1,1,45,1,2,2,US-190,,1661,30.50030278,-91.309825,0,8,0,0,1,1,0,1,2,1,0,1,0,0000000,1,57,2,12,88,88,0,0,0,1,0
22,220010,2,2,0,0,0,2,2,15,0,8,1,2012,1,5,15,0,3,2,US-71,,1718,32.29033056,-93.49806944,0,12,2,0,1,1,0,1,2,5,0,5,0,0000000,5,25,5,41,6,23,0,0,0,1,0
22,220011,2,2,0,0,0,3,3,25,0,8,1,2012,1,9,25,0,6,4,CR-OLD COLUMBIA RD,,0,31.78513056,-91.86956111,0,12,2,0,1,1,0,4,1,1,0,1,0,0000000,99,98,99,98,88,88,0,0,0,2,0
22,220012,1,1,0,0,0,1,1,19,0,8,1,2012,1,21,30,0,4,3,SR-384,,245,30.08751944,-93.28676944,0,1,0,0,1,1,0,4,2,5,0,5,0,0000000,22,28,22,41,88,88,0,0,0,1,1
22,220013,2,2,0,0,0,3,3,19,0,9,1,2012,2,16,30,0,4,3,SR-27,,904,30.30858889,-93.36841111,0,12,1,0,1,1,0,1,5,2,0,2,0,0000000,16,35,16,43,17,17,0,0,0,1,0
22,220014,1,1,0,0,0,1,1,113,0,14,1,2012,7,5,50,0,6,4,CR-S HOSPITAL DR,,0,29.96353056,-92.10693889,0,42,0,0,1,1,0,4,2,1,0,1,0,0000000,5,58,6,12,88,88,0,0,0,1,1
22,220015,1,1,0,1,1,1,1,93,890,23,1,2012,2,17,15,0,15,3,SR-3274,,11,30.05758056,-90.69631111,0,8,0,0,1,1,0,1,1,1,0,1,0,0000000,17,18,17,19,17,35,0,0,0,1,0
22,220016,2,2,0,0,0,2,2,55,330,25,1,2012,4,11,18,1,11,7,I-49 FRONTAGE RD,THOROUGHBRED DR,33,30.30676944,-92.02851944,0,12,2,0,2,3,0,1,1,10,0,10,0,0000000,11,18,11,27,12,4,0,0,0,1,0
22,220017,1,1,0,0,0,1,1,17,2130,28,1,2012,7,14,16,0,15,5,SOUTHERN AVE,,0,32.49606944,-93.75453056,0,32,0,0,1,1,0,4,1,1,0,1,0,0000000,14,15,14,17,14,28,0,0,0,1,0