STATE,ST_CASE,VE_TOTAL,VE_FORMS,PVH_INVL,PEDS,PERNOTMVIT,PERMVIT,PERSONS,COUNTY,CITY,DAY,MONTH,YEAR,DAY_WEEK,HOUR,MINUTE,NHS,ROAD_FNC,ROUTE,TWAY_ID,TWAY_ID2,MILEPT,LATITUDE,LONGITUD,SP_JUR,HARM_EV,MAN_COLL,RELJCT1,RELJCT2,TYP_INT,WRK_ZONE,REL_ROAD,LGT_COND,WEATHER1,WEATHER2,WEATHER,SCH_BUS,RAIL,NOT_HOUR,NOT_MIN,ARR_HOUR,ARR_MIN,HOSP_HR,HOSP_MN,CF1,CF2,CF3,FATALS,DRUNK_DR
22,220018,2,2,0,0,0,2,2,1,0,6,1,2012,6,16,25,1,1,1,I-10,,711,30.23551944,-92.55283889,0,12,2,0,1,1,0,1,1,1,0,1,0,0000000,16,31,16,51,17,37,0,0,0,1,0
22,220019,1,1,0,1,1,3,3,51,1488,9,1,2012,2,18,53,1,12,2,US-90,WESTWOOD DR,38,29.8933,-90.12506944,0,8,0,0,3,2,0,1,3,1,0,1,0,0000000,18,48,18,52,88,88,0,0,0,1,0
22,220020,2,2,0,0,0,3,3,19,0,9,1,2012,2,21,20,1,13,2,US-171,SR-3059,28,30.27636944,-93.1833,0,12,6,0,2,3,0,1,2,2,0,2,0,0000000,21,24,21,35,21,54,0,0,0,2,2
22,220021,2,2,0,0,0,2,2,81,0,11,1,2012,4,12,0,0,3,2,US-84,,338,32.0849,-93.48635,0,12,2,0,1,1,0,4,1,1,0,1,0,0000000,12,5,12,28,88,88,0,0,0,1,0
22,220022,2,2,0,0,0,2,2,39,0,11,1,2012,4,13,45,0,4,3,SR-104,,99,30.59000556,-92.51399722,0,12,2,0,1,1,0,1,1,1,0,1,0,0000000,13,52,14,5,88,88,0,0,0,1,1
22,220023,2,2,0,0,0,2,2,53,0,12,1,2012,5,13,5,0,4,2,US-90,,695,30.19441944,-92.62302778,0,12,2,0,1,1,0,1,1,1,0,1,0,0000000,13,21,13,32,13,55,0,0,0,1,1
22,220024,1,1,0,0,0,1,1,53,0,14,1,2012,7,5,0,0,4,3,SR-99,,22,30.10023611,-92.82579444,0,53,0,0,1,1,0,4,2,1,0,1,0,0000000,5,6,5,23,88,88,0,0,0,1,1
22,220025,2,2,0,0,0,3,3,55,0,14,1,2012,7,15,30,1,13,2,US-167,BOURQUE RD,115,30.13263889,-92.10878056,0,1,0,0,2,2,0,1,1,1,0,1,0,0000000,15,31,15,42,88,88,14,0,0,1,1
22,220026,1,1,0,0,0,3,3,47,0,15,1,2012,1,2,55,0,15,3,SR-75,MILE PLANTATION RD,193,30.2447,-91.26968889,0,35,0,0,3,3,0,4,2,5,0,5,0,0000000,3,3,3,10,4,9,0,0,0,2,1
22,220027,1,1,0,0,0,1,1,121,0,17,1,2012,3,18,35,1,1,1,I-10,,1451,30.44054167,-91.35715556,0,32,0,0,1,1,0,3,2,10,0,10,0,0000000,18,41,18,56,88,88,0,0,0,1,1
22,220028,1,1,0,0,0,1,1,71,1690,17,1,2012,3,20,36,1,1,1,I-10,,2495,30.0815,-89.91818889,0,1,0,0,1,1,0,3,3,1,0,1,0,0000000,20,36,20,44,88,88,0,0,0,1,0
22,220029,4,4,0,0,0,4,4,19,0,18,1,2012,4,7,50,0,14,3,SR-1256,RED ROSE DR.,4,30.18986944,-93.37611111,0,12,2,0,2,3,0,1,1,1,0,1,0,0000000,7,54,8,7,8,39,23,0,0,1,0
22,220030,3,3,0,0,0,6,6,17,2130,18,1,2012,4,14,10,1,13,2,US-71,,1997,32.57731111,-93.79346111,0,12,6,0,1,1,0,1,1,1,0,1,0,0000000,14,10,14,20,14,45,0,0,0,1,0
22,220031,1,1,0,0,0,1,1,99,0,20,1,2012,6,0,8,0,4,3,SR-96,,30,30.13493611,-91.89504722,0,59,0,0,1,1,0,4,2,1,0,1,0,0000000,0,14,0,23,0,59,0,0,0,1,1
22,220032,1,1,0,1,1,2,2,121,0,20,1,2012,6,4,55,0,4,3,SR-983,,23,30.54167222,-91.32696667,0,8,0,0,1,1,0,1,2,10,0,10,0,0000000,5,1,5,17,88,88,0,0,0,1,0
22,220033,1,1,0,0,0,2,2,115,0,21,1,2012,7,3,52,1,2,2,US-171,,527,30.9513,-93.28181944,0,42,0,0,1,1,0,4,2,1,0,1,0,0000000,3,55,4,5,4,50,0,0,0,1,1
22,220034,1,1,0,0,0,3,3,99,0,23,1,2012,2,4,48,0,5,3,SR-352,,95,30.25183611,-91.72661111,0,42,0,0,1,1,0,4,2,10,0,10,0,0000000,4,48,5,8,6,1,5,0,0,1,0
22,220035,1,1,0,0,0,2,2,57,0,23,1,2012,2,8,38,0,14,3,SR-182,,104,29.66068056,-90.67397778,0,42,0,0,1,1,0,4,1,10,0,10,0,0000000,8,43,8,55,9,37,0,0,0,1,0
22,220036,1,1,0,0,0,1,1,29,0,23,1,2012,2,17,57,0,15,3,SR-3180,,18,31.57176111,-91.46613889,0,34,0,0,1,1,0,4,2,1,0,1,0,0000000,88,88,88,88,88,88,0,0,0,1,1
22,220037,2,2,0,0,0,4,4,37,0,27,1,2012,6,14,0,0,3,3,SR-10,,1718,30.85825,-91.04996944,0,12,6,0,4,1,0,1,1,1,0,1,0,0000000,14,2,14,28,14,52,0,0,0,1,0
22,220038,2,2,0,0,0,5,5,105,0,27,1,2012,6,18,15,0,4,3,SR-38,,228,30.93293889,-90.4693,0,12,6,0,8,1,0,1,2,1,0,1,0,0000000,18,18,18,31,19,34,0,0,0,2,0
22,220039,2,2,0,0,0,2,2,105,0,28,1,2012,7,17,34,0,3,3,SR-16,SR-1054,642,30.72968611,-90.47513889,0,12,1,0,3,3,0,1,2,1,0,1,0,0000000,17,48,17,54,18,46,0,0,0,1,0
22,220040,1,1,0,0,0,1,1,47,0,29,1,2012,1,23,50,1,2,3,SR-1,,1262,30.15754444,-91.11934167,0,32,0,0,1,1,0,4,2,1,0,1,0,0000000,0,2,0,16,88,88,0,0,0,1,1
22,220041,1,1,0,0,0,3,3,103,0,30,1,2012,2,19,45,1,1,1,I-12,,562,30.46263056,-90.1948,0,42,0,0,1,1,0,4,2,1,0,1,0,0000000,19,46,19,54,21,18,0,0,0,1,0
22,220042,2,2,0,0,0,2,2,115,0,31,1,2012,3,4,0,1,2,3,SR-8,SR-28,253,31.16008056,-93.17231944,0,12,6,0,2,3,0,1,2,2,0,2,0,0000000,4,8,4,18,6,8,0,0,0,2,0
22,220043,1,1,0,1,1,2,2,19,0,9,2,2012,5,4,30,0,15,4,CR-ELLIOTT RD,,0,30.15898889,-93.26621111,0,8,0,0,1,1,0,1,2,1,0,1,0,0000000,4,47,4,59,88,88,0,0,0,1,0
22,220044,2,2,0,0,0,4,4,69,1650,10,2,2012,6,5,51,1,13,3,SR-6,I-49 ON RAMP,418,31.72816944,-93.15701944,0,12,6,1,2,2,0,1,3,2,0,2,0,0000000,5,51,5,58,6,30,0,0,0,1,0
22,220045,2,2,0,0,0,4,4,71,1690,11,2,2012,7,22,15,1,11,1,I-10,,2404,30.0046,-90.02701944,0,12,1,0,1,1,0,1,3,1,0,1,0,0000000,99,99,99,99,99,99,0,0,0,1,1
22,220046,1,1,0,0,0,1,1,47,2048,13,2,2012,2,9,0,0,4,3,SR-77,,231,30.43151111,-91.44733889,0,59,0,0,1,1,0,4,1,10,0,10,0,0000000,9,1,9,4,88,88,0,0,0,1,0
22,220047,2,2,0,0,0,6,6,73,2410,17,2,2012,6,20,0,0,15,5,GLENWOOD DR,,0,32.5057,-92.15583889,0,12,2,0,8,1,0,1,2,1,0,1,0,0000000,20,0,20,5,20,19,0,0,0,1,0
22,220048,2,2,0,0,0,4,4,79,40,17,2,2012,6,21,37,1,13,2,US-71,LOUISE ST,691,31.30873056,-92.47923056,0,12,6,0,2,2,0,1,3,2,0,2,0,0000000,21,38,21,44,22,18,0,0,0,1,0
22,220049,1,1,0,1,1,1,1,67,140,22,2,2012,4,21,39,0,6,5,HENRY ST,,0,32.76836111,-91.92806111,0,8,0,0,1,1,0,1,3,1,0,1,0,0000000,21,38,21,44,22,35,0,0,0,1,0
22,220050,2,2,0,0,0,2,2,63,2198,24,2,2012,6,11,25,0,16,3,SR-1037,,82,30.42376111,-90.53931944,0,54,11,0,1,1,0,1,1,1,0,1,0,0000000,11,25,11,33,99,96,14,0,0,1,0
22,220051,2,2,0,0,0,2,2,71,1690,28,2,2012,3,21,59,0,14,5,TCHOUPITOULAS ST,JACKSON AVE,0,29.92336944,-90.07138889,0,12,99,0,2,3,0,1,3,1,0,1,0,0000000,21,59,99,99,99,99,0,0,0,1,0
22,220052,1,1,0,0,0,1,1,45,1680,5,3,2012,2,1,18,0,6,4,CR-NORTHSIDE RD,,0,30.01565,-91.7574,0,32,0,0,1,1,0,4,2,10,0,10,0,0000000,1,21,1,28,2,26,0,0,0,1,0
22,220053,1,1,0,0,0,1,1,5,0,7,3,2012,4,1,21,0,6,4,CR-JOE SEVARIO RD,,0,30.32758889,-90.9052,0,18,0,0,1,1,0,4,2,1,0,1,0,0000000,1,25,1,42,88,88,0,0,0,1,1
22,220054,2,2,0,1,1,3,3,19,2210,7,3,2012,4,12,14,0,16,5,MAPLEWOOD DR,,0,30.2273,-93.3457,0,8,0,0,1,1,0,1,1,10,0,10,0,0000000,12,14,12,28,12,41,0,0,0,1,0
22,220055,2,2,0,0,0,3,3,105,980,9,3,2012,6,17,27,1,13,2,US-51,I-12 ON RAMP,56,30.47836111,-90.45713889,0,12,6,1,2,2,0,1,5,10,0,10,0,0000000,17,35,17,39,18,12,0,0,0,1,0
22,220056,1,1,0,1,1,1,1,51,1190,12,3,2012,2,22,4,1,13,3,SR-49,,10,29.99441111,-90.24153889,0,8,0,0,1,1,0,1,3,2,0,2,0,0000000,22,4,22,20,88,88,0,0,0,1,0
22,220057,2,2,0,0,0,3,3,55,1230,25,3,2012,1,20,39,1,13,5,AMBASSADOR CAFFERY PKWY,,0,30.18906111,-92.07511944,0,12,6,0,8,1,0,1,3,1,0,1,0,0000000,20,39,20,42,20,59,0,0,0,1,0
22,220058,1,1,0,0,0,5,5,105,0,5,4,2012,5,3,53,0,6,4,CR-EAST BELL RD,,0,30.72625,-90.43936111,0,42,0,0,1,1,0,4,2,1,0,1,0,0000000,4,6,4,15,4,41,0,0,0,2,1
22,220059,2,2,0,0,0,6,6,17,946,7,4,2012,7,18,36,0,15,2,US-80,W 70TH ST,61,32.44298889,-93.95206944,0,12,6,0,2,3,0,1,1,1,0,1,0,0000000,18,36,18,37,19,5,0,0,0,1,0
22,220060,1,1,0,1,1,1,1,95,0,3,1,2012,3,15,11,0,14,2,US-61,,273,30.07443056,-90.50523889,0,9,0,0,1,1,0,2,1,1,0,1,0,0000000,15,9,15,21,15,56,0,0,0,1,0
22,220061,1,1,0,2,2,1,1,33,150,21,1,2012,7,20,44,1,13,3,SR-427,,36,30.40693889,-91.12545,0,9,0,0,1,1,0,1,3,10,0,10,0,0000000,20,45,20,48,21,4,0,0,0,1,1
22,220062,1,1,0,0,0,1,1,111,0,1,2,2012,4,9,5,0,4,3,SR-549,,38,32.87193056,-92.39463056,0,52,0,0,1,1,0,4,1,10,0,10,0,0000000,9,6,9,13,88,88,0,0,0,1,0
22,220063,1,1,0,1,1,1,1,33,150,3,2,2012,6,21,14,1,13,3,SR-37,,0,30.47486944,-91.1169,0,8,0,0,1,1,0,1,3,1,0,1,0,0000000,21,14,21,15,88,88,0,0,0,1,1
22,220064,1,1,0,1,1,1,1,9,0,4,2,2012,7,2,39,0,3,3,SR-1,,2159,30.99065,-91.83886111,0,8,0,0,1,1,0,1,2,10,0,10,0,0000000,2,45,3,6,88,88,0,0,0,1,0
22,220065,1,1,0,0,0,1,1,93,0,4,2,2012,7,11,51,0,4,3,SR-20,,327,29.95262778,-90.70851111,0,34,0,0,1,1,0,4,1,10,0,10,0,0000000,11,51,12,10,12,36,0,0,0,1,0
22,220066,1,1,0,0,0,1,1,39,0,4,2,2012,7,15,25,0,5,3,SR-104,,297,30.60398611,-92.25559167,0,42,0,0,1,1,0,4,1,2,0,2,0,0000000,15,29,15,42,88,88,0,0,0,1,0
22,220067,1,1,0,0,0,1,1,29,0,5,2,2012,1,9,55,0,4,3,SR-129,,252,31.50166111,-91.70101944,0,52,0,0,1,1,0,4,1,10,0,10,0,0000000,10,11,10,32,10,55,0,0,0,1,0
22,220068,2,2,0,1,1,2,2,63,0,6,2,2012,2,12,50,0,15,3,SR-447,,155,30.56953056,-90.87123889,0,12,1,0,1,1,0,1,1,1,0,1,0,0000000,12,57,13,10,13,55,0,0,0,1,0
22,220069,1,1,0,1,1,1,1,63,0,8,2,2012,4,18,38,0,4,3,SR-16,,253,30.50631111,-90.9563,0,8,0,0,1,1,0,1,2,1,0,1,0,0000000,18,43,18,53,88,88,0,0,0,1,0
22,220070,4,4,0,0,0,7,7,95,0,10,2,2012,6,2,59,1,11,1,I-10,,2030,30.11253889,-90.55871944,0,12,7,0,1,1,0,1,2,2,0,2,0,0000000,3,1,3,22,4,5,19,0,0,5,1
22,220071,1,1,0,1,1,1,1,5,0,11,2,2012,7,2,20,0,14,3,SR-30,,228,30.21043611,-90.96903611,0,8,0,0,1,1,0,1,2,1,0,1,0,0000000,2,27,2,39,88,88,0,0,0,1,0
22,220072,1,1,0,0,0,1,1,63,570,5,2,2012,1,23,6,1,1,1,I-12,,142,30.46616111,-90.89493889,0,25,0,0,1,1,4,3,2,10,0,10,0,0000000,23,21,23,29,88,88,0,0,0,1,1
22,220073,1,1,0,1,1,1,1,45,0,15,2,2012,4,1,27,1,2,2,US-90,,1268,30.00616944,-91.88818889,0,8,0,0,1,1,0,1,2,10,0,10,0,0000000,1,29,1,39,88,88,19,0,0,1,0
22,220074,1,1,0,0,0,1,1,97,0,15,2,2012,4,22,5,0,6,3,SR-103,CHURCH RD,357,30.50698056,-92.00245833,0,59,0,0,3,3,0,4,2,2,0,2,0,0000000,22,8,22,27,88,88,0,0,0,1,1
22,220075,1,1,0,0,0,1,1,79,0,17,2,2012,6,16,34,1,2,3,SR-28,,352,31.27138056,-92.69668889,0,32,0,0,1,1,1,4,1,10,0,10,0,0000000,16,36,16,54,17,51,0,0,0,1,0
22,220076,2,2,0,0,0,5,5,95,0,18,2,2012,7,6,29,0,14,2,US-61,,252,30.06283056,-90.47485,0,12,6,0,1,1,0,1,3,2,0,2,0,0000000,6,31,6,38,7,45,0,0,0,2,0
22,220077,1,1,0,0,0,1,1,33,0,20,2,2012,2,1,40,0,14,3,SR-37,,156,30.60941944,-90.97406944,0,42,0,0,1,1,0,4,2,1,0,1,0,0000000,1,40,1,51,88,88,0,0,0,1,0
22,220078,2,2,0,0,0,2,2,97,0,20,2,2012,2,6,40,0,14,3,SR-13,,380,30.50656944,-92.41616944,0,12,2,0,1,1,0,1,1,1,0,1,0,0000000,6,40,6,46,7,24,0,0,0,1,0
22,220079,2,2,0,0,0,21,21,77,0,21,2,2012,3,17,25,0,3,3,SR-10,,1358,30.72563889,-91.43396944,0,5,0,0,1,1,0,1,2,1,0,1,0,0000000,17,29,17,40,17,45,14,0,0,1,0
22,220080,1,1,0,0,0,5,5,5,0,21,2,2012,3,21,41,0,16,3,SR-935,,63,30.23593889,-90.8368,0,43,0,0,1,1,0,4,2,1,0,1,0,0000000,21,45,22,0,22,49,0,0,0,2,0
22,220081,1,1,0,1,1,1,1,55,0,22,2,2012,4,2,55,1,13,2,US-167,,127,30.14691111,-92.097175,0,8,0,0,1,1,0,1,2,1,0,1,0,0000000,2,57,3,5,88,88,0,0,0,1,0
22,220082,2,2,0,0,0,2,2,103,0,22,2,2012,4,20,30,0,14,2,US-190,,2619,30.3172,-89.93226944,0,12,6,0,8,1,0,1,3,1,0,1,0,0000000,20,30,20,40,88,88,0,0,0,1,0
22,220083,2,2,0,0,0,3,3,63,0,23,2,2012,5,6,50,0,15,3,SR-1026,LAIRD LANE,59,30.49019444,-90.903975,0,12,6,0,2,3,0,1,1,1,0,1,0,0000000,7,0,7,11,8,7,0,0,0,1,0
22,220084,2,2,0,0,0,2,2,105,0,24,2,2012,6,6,15,0,15,3,SR-22,WAGNER RD,460,30.43975,-90.48986111,0,12,6,0,2,3,0,1,4,10,0,10,0,0000000,6,17,6,24,6,47,0,0,0,1,0
22,220085,2,2,0,0,0,2,2,103,0,27,2,2012,2,10,50,1,13,2,US-190,,3456,30.45508889,-90.08231111,0,12,1,0,1,1,0,1,1,10,0,10,0,0000000,11,3,11,8,11,27,0,0,0,1,0
22,220086,2,2,0,0,0,8,8,105,0,27,2,2012,2,15,40,0,4,3,SR-22,,517,30.44038056,-90.39533889,0,12,6,0,1,1,0,1,1,2,0,2,0,0000000,15,45,16,0,16,58,0,0,0,1,0
22,220087,2,2,0,0,0,3,3,111,0,27,2,2012,2,21,30,0,4,3,SR-15,,1566,32.5904,-92.33093889,0,34,0,0,1,1,0,4,2,10,0,10,0,0000000,22,11,22,26,23,25,14,0,0,1,1
22,220088,1,1,0,0,0,3,3,13,0,28,2,2012,3,19,1,0,4,3,SR-4,,423,32.23713056,-92.8676,0,1,0,0,1,1,0,4,2,10,0,10,0,0000000,19,23,19,34,20,33,0,0,0,1,0
22,220089,4,4,0,0,0,4,4,11,0,29,2,2012,4,19,55,0,4,3,SR-112,,10,30.85438889,-93.2422,0,12,1,0,8,1,0,1,2,1,0,1,0,0000000,19,59,20,6,20,38,0,0,0,1,0
22,220090,1,1,0,1,1,1,1,51,1125,24,1,2012,3,18,15,0,14,6,CENTRAL AVENUE,,0,29.96108889,-90.17203056,0,15,0,0,1,1,0,1,3,10,0,10,0,0000000,18,19,18,22,18,40,0,0,0,1,0
22,220091,1,1,0,1,1,2,2,9,0,11,2,2012,7,18,39,0,3,3,SR-115,,308,31.06618889,-92.11533056,0,8,0,0,1,1,0,1,2,10,0,10,0,0000000,18,42,18,54,88,88,0,0,0,1,0
22,220092,2,2,0,0,0,3,3,53,0,12,2,2012,1,4,0,1,1,1,I-10,,452,30.24856111,-92.98448889,0,12,1,1,18,1,0,1,2,1,0,1,0,0000000,4,10,4,23,88,88,0,0,0,1,1
22,220093,1,1,0,0,0,1,1,109,0,16,2,2012,5,3,50,0,14,3,SR-182,,128,29.63515,-90.70011111,0,41,0,0,1,1,0,4,2,2,0,2,0,0000000,3,50,3,54,88,88,0,0,0,1,1
22,220094,2,2,0,0,0,2,2,7,1809,15,2,2012,4,16,5,0,14,3,SR-1,JOLIMAR SREET,1063,29.98880278,-91.03304722,0,12,6,0,2,3,0,1,1,10,0,10,0,0000000,16,6,16,14,16,27,0,0,0,1,1
22,220095,1,1,0,0,0,1,1,57,0,11,2,2012,7,99,99,0,5,3,SR-309,,17,29.73028889,-90.92235,0,41,0,0,1,1,0,5,9,99,0,99,0,0000000,88,88,88,88,88,88,0,0,0,1,1
22,220096,1,1,0,1,1,1,1,33,150,16,2,2012,5,18,17,1,13,3,SR-67,,45,30.50098056,-91.15258056,0,8,0,0,1,1,0,1,3,10,0,10,0,0000000,18,17,18,21,18,43,0,0,0,1,0
22,220097,6,6,0,0,0,6,6,47,0,1,3,2012,5,16,50,1,1,1,I-10,,1272,30.36416944,-91.64271111,0,12,7,0,1,1,0,1,1,1,0,1,0,0000000,16,53,17,31,88,88,0,0,0,1,0
22,220098,1,1,0,0,0,1,1,109,0,2,3,2012,6,4,52,1,2,2,US-90,,1957,29.70703889,-90.90236944,0,20,0,1,19,1,0,8,2,1,0,1,0,0000000,5,4,5,25,88,88,0,0,0,1,0
22,220099,1,1,0,0,0,1,1,85,0,2,3,2012,6,8,50,0,4,3,SR-175,,91,31.69621944,-93.50856111,0,58,0,0,1,1,0,4,1,1,0,1,0,0000000,9,3,9,15,10,15,0,0,0,1,0
22,220100,1,1,0,0,0,3,3,57,0,2,3,2012,6,21,30,0,15,3,SR-308,,290,29.81738056,-90.88271944,0,34,0,0,1,1,0,4,2,1,0,1,0,0000000,21,33,21,42,22,14,0,0,0,1,1
22,220101,2,2,0,0,0,2,2,79,0,3,3,2012,7,8,25,0,4,3,SR-3170,,51,31.17593889,-92.33211944,0,12,2,0,1,1,0,1,1,1,0,1,0,0000000,8,30,8,45,10,15,0,0,0,1,0
22,220102,1,1,0,0,0,1,1,63,0,7,3,2012,4,3,50,1,13,3,SR-16,,253,30.50637778,-90.956325,0,43,0,0,1,1,0,4,2,1,0,1,0,0000000,4,1,4,7,88,88,0,0,0,1,1
22,220103,1,1,0,0,0,1,1,115,0,8,3,2012,5,10,23,0,6,3,SR-458,,46,30.98198889,-92.97903889,0,42,0,0,1,1,0,4,1,10,0,10,0,0000000,10,45,11,15,88,88,0,0,0,1,0
22,220104,1,1,0,0,0,2,2,113,0,8,3,2012,5,13,43,0,5,3,SR-89,,20,29.9814,-91.99606111,0,32,0,0,1,1,0,4,1,10,0,10,0,0000000,13,48,14,1,14,52,0,0,0,1,0
22,220105,1,1,0,0,0,1,1,105,0,8,3,2012,5,16,20,0,5,3,SR-1054,,8,30.65443889,-90.47168889,0,1,0,0,1,1,0,4,1,10,0,10,0,0000000,16,27,16,33,88,88,0,0,0,1,0
22,220106,1,1,0,0,0,4,4,43,0,10,3,2012,7,2,36,0,5,3,SR-1241,,34,31.44698056,-92.50833889,0,35,0,0,1,1,0,4,2,1,0,1,0,0000000,2,45,3,6,3,49,0,0,0,1,1
22,220107,1,1,0,1,1,2,2,115,0,10,3,2012,7,23,30,1,2,2,US-171,,625,31.08868056,-93.27106111,0,8,0,0,1,1,0,1,2,10,0,10,0,0000000,23,33,23,36,88,88,0,0,0,1,1
22,220108,1,1,0,0,0,1,1,37,0,9,3,2012,6,14,15,0,5,3,SR-955,,123,30.79221111,-91.05846944,0,42,0,0,1,1,0,4,1,10,0,10,0,0000000,14,19,14,24,88,88,0,0,0,1,1
22,220109,1,1,0,0,0,1,1,115,0,11,3,2012,1,99,99,0,15,4,CR-BELVIEW RD,,0,31.19862778,-93.21895556,0,53,0,0,1,1,0,4,2,10,0,10,0,0000000,99,98,99,98,99,98,0,0,0,1,1
22,220110,1,1,0,0,0,4,4,15,0,10,3,2012,7,23,37,0,3,2,US-71,,1792,32.37253889,-93.57861944,0,1,0,0,1,1,0,4,2,2,0,2,0,0000000,23,39,0,19,1,23,0,0,0,1,0
22,220111,2,2,0,0,0,2,2,115,0,13,3,2012,3,6,20,0,4,3,SR-10,,308,30.8889,-92.82686111,0,12,2,0,1,1,0,1,2,5,0,5,0,0000000,6,26,6,46,7,17,0,0,0,1,0
22,220112,1,1,0,0,0,2,2,61,0,14,3,2012,4,18,20,1,1,1,I-20,,760,32.54791944,-92.80501944,0,1,0,0,1,1,0,3,1,1,0,1,0,0000000,18,20,18,33,19,13,0,0,0,1,0
22,220113,1,1,0,1,1,1,1,63,0,17,3,2012,7,19,15,0,15,3,SR-43,,58,30.51846944,-90.58408056,0,9,0,0,1,1,0,1,5,1,0,1,0,0000000,19,26,19,39,20,13,0,0,0,1,0
22,220114,1,1,0,0,0,1,1,113,0,18,3,2012,1,2,58,0,5,3,SR-338,,61,30.02085,-92.04606944,0,59,0,0,1,1,0,4,2,1,0,1,0,0000000,2,59,3,5,88,88,0,0,0,1,1
22,220115,1,1,0,0,0,1,1,103,0,18,3,2012,1,17,0,0,5,3,SR-40,,411,30.60793889,-90.05158889,0,34,0,0,1,1,0,4,1,1,0,1,0,0000000,17,5,17,34,17,54,0,0,0,1,0
22,220116,1,1,0,0,0,1,1,33,150,19,3,2012,2,2,20,0,15,5,N ARDENWOOD DR,,0,30.46361111,-91.12771944,0,42,0,0,1,1,0,4,3,1,0,1,0,0000000,2,31,2,32,88,88,0,0,0,1,0
22,220117,1,1,0,1,1,1,1,105,0,21,3,2012,4,9,50,0,15,3,SR-442,,195,30.589,-90.44773889,0,8,0,0,1,1,0,1,1,10,0,10,0,0000000,9,53,10,9,11,7,0,0,0,1,0
22,220118,3,3,0,0,0,4,4,121,0,21,3,2012,4,17,35,1,1,1,I-10,,1459,30.44451944,-91.34455,0,12,6,0,1,1,0,1,1,10,0,10,0,0000000,17,40,17,41,18,50,0,0,0,1,1
22,220119,1,1,0,0,0,2,2,61,0,25,3,2012,1,1,44,1,2,2,US-167,,2001,32.45463889,-92.65373889,0,52,0,0,1,1,0,3,2,1,0,1,0,0000000,1,46,1,57,2,22,0,0,0,1,1
22,220120,2,2,0,0,0,2,2,19,0,25,3,2012,1,7,15,0,15,3,SR-379,,30,30.27912778,-93.30955278,0,12,2,0,1,1,0,1,1,1,0,1,0,0000000,7,18,7,31,8,19,0,0,0,1,0
22,220121,1,1,0,0,0,2,2,33,150,26,3,2012,2,7,1,1,13,3,SR-19,,18,30.54951111,-91.17546111,0,30,0,0,1,1,0,4,1,1,0,1,0,0000000,7,1,7,9,7,35,0,0,0,1,0
22,220122,1,1,0,0,0,1,1,59,0,26,3,2012,2,7,35,0,6,4,CR-WILBURN RD,,0,31.79796111,-92.15661111,0,1,0,0,1,1,0,4,1,1,0,1,0,0000000,9,1,9,31,88,88,0,0,0,1,0
22,220123,1,1,0,0,0,1,1,105,0,29,3,2012,5,23,5,0,4,3,SR-40,,181,30.60668889,-90.35553889,0,59,0,0,1,1,0,4,2,10,0,10,0,0000000,23,17,23,25,88,88,0,0,0,1,1
22,220124,1,1,0,0,0,1,1,81,0,30,3,2012,6,16,20,0,3,2,US-84,,335,32.08453889,-93.49111111,0,32,0,0,1,1,0,4,1,1,0,1,0,0000000,16,21,16,36,88,88,0,0,0,1,0
22,220125,1,1,0,1,1,1,1,105,980,30,3,2012,6,21,20,1,11,1,I-55,,323,30.52069444,-90.50397222,0,8,0,1,18,1,0,1,2,1,0,1,0,0000000,21,21,21,21,88,88,0,0,0,1,0
22,220126,2,2,0,0,0,2,2,17,0,16,3,2012,6,16,24,0,6,4,CR-PINEHILL RD,,0,32.584,-93.8322,0,12,6,0,1,1,0,1,1,10,0,10,0,0000000,16,24,16,29,17,25,0,0,0,1,1
22,220127,1,1,0,0,0,1,1,33,0,31,3,2012,7,22,21,0,14,3,SR-37 GREENWELL SPRINGS RD,,155,30.60857222,-90.97536667,0,43,0,0,1,1,0,4,2,1,0,1,0,0000000,22,19,22,30,88,88,0,0,0,1,1
22,220128,2,2,0,0,0,2,2,47,0,9,3,2012,6,8,50,0,5,3,SR-411,,93,30.46003056,-91.47869167,0,12,6,0,1,1,0,1,1,2,0,2,0,0000000,8,59,9,26,10,19,0,0,0,1,0
22,220129,1,1,0,0,0,3,3,69,0,18,3,2012,1,17,9,0,6,4,CR-FISH HATCHERY RD,,0,31.73731944,-93.04803611,0,1,0,0,1,1,0,4,1,1,0,1,0,0000000,17,23,17,31,18,6,0,0,0,1,1
22,220130,2,2,0,1,1,3,3,79,40,24,3,2012,7,12,44,0,14,3,SR-498 AIRBASE RD,W. CALHOUN RD,3,31.3454,-92.51991944,0,12,6,0,2,2,0,1,1,1,0,1,0,0000000,12,44,12,51,13,22,0,0,0,1,0
22,220131,3,3,0,0,0,4,4,55,260,21,3,2012,4,17,22,0,15,3,SR-182,,1152,30.12013056,-91.93485,0,12,1,0,8,1,0,1,1,10,0,10,0,0000000,17,24,17,38,18,23,0,0,0,1,0
22,220132,1,1,0,0,0,5,5,33,150,25,3,2012,1,4,13,0,15,6,OAK VILLA BLVD,,0,30.46053056,-91.08883889,0,30,0,0,1,1,0,4,3,1,0,1,0,0000000,4,27,4,33,4,57,0,0,0,1,0
22,220133,1,1,0,0,0,1,1,55,1230,31,3,2012,7,13,37,0,14,3,SR-182 W. PINHOOK RD,,1216,30.18043056,-92.00415,0,33,0,0,1,1,0,4,1,1,0,1,0,0000000,13,37,13,44,14,2,0,0,0,1,0
22,220134,1,1,0,0,0,1,1,113,0,3,3,2012,7,18,30,0,3,3,SR-14 MAIN ST.,,617,30.00743056,-92.41938056,0,1,0,0,1,1,0,1,2,1,0,1,0,0000000,18,41,18,51,19,27,0,0,0,1,0