STATE,ST_CASE,VE_TOTAL,VE_FORMS,PVH_INVL,PEDS,PERNOTMVIT,PERMVIT,PERSONS,COUNTY,CITY,DAY,MONTH,YEAR,DAY_WEEK,HOUR,MINUTE,NHS,ROAD_FNC,ROUTE,TWAY_ID,TWAY_ID2,MILEPT,LATITUDE,LONGITUD,SP_JUR,HARM_EV,MAN_COLL,RELJCT1,RELJCT2,TYP_INT,WRK_ZONE,REL_ROAD,LGT_COND,WEATHER1,WEATHER2,WEATHER,SCH_BUS,RAIL,NOT_HOUR,NOT_MIN,ARR_HOUR,ARR_MIN,HOSP_HR,HOSP_MN,CF1,CF2,CF3,FATALS,DRUNK_DR
22,220135,1,1,0,0,0,1,1,79,0,17,3,2012,7,14,30,0,6,3,SR-457,,183,31.14161111,-92.27287222,0,59,0,0,1,1,0,4,1,1,0,1,0,0000000,14,38,14,53,15,27,0,0,0,1,1
22,220136,2,2,0,0,0,2,2,51,0,17,3,2012,7,10,16,1,13,3,SR-45,TARAVELLA RD,215,29.88067222,-90.09861111,0,12,6,0,2,2,0,1,1,1,0,1,0,0000000,10,25,10,28,10,56,0,0,0,1,0
22,220137,1,1,0,1,1,2,2,71,1690,18,1,2012,4,16,39,1,13,3,SR-3021,,7,29.98445,-90.05796111,0,8,0,0,1,1,0,1,5,10,0,10,0,0000000,16,39,16,44,99,99,16,0,0,1,0
22,220138,2,2,0,0,0,2,2,17,2130,30,1,2012,2,12,45,0,15,5,MURPHY ST,NORMA AVE,0,32.49993889,-93.76958056,0,12,6,0,2,2,0,1,1,1,0,1,0,0000000,99,99,99,99,99,99,0,0,0,1,0
22,220139,3,3,0,0,0,4,4,71,1690,18,2,2012,7,2,20,1,11,1,I-10,,2434,30.02845,-89.99745,0,12,1,1,18,1,0,1,3,2,0,2,0,0000000,2,20,99,99,99,99,0,0,0,1,0
22,220140,2,2,0,0,0,3,3,51,0,1,4,2012,1,4,57,1,11,1,I-10,,2309,29.99618056,-90.12823889,0,12,1,0,1,1,0,1,3,1,0,1,0,0000000,4,53,5,0,88,88,0,0,0,1,1
22,220141,2,2,0,0,0,3,3,57,0,1,4,2012,1,5,17,0,3,3,SR-1,SR-3090,159,29.15791944,-90.17843056,0,12,6,0,2,2,0,1,3,1,0,1,0,0000000,5,19,5,24,88,88,0,0,0,2,1
22,220142,1,1,0,0,0,1,1,51,1488,1,4,2012,1,16,45,0,15,3,SR-45,,166,29.82135833,-90.10861944,0,32,0,0,1,1,0,4,1,1,0,1,0,0000000,16,48,16,57,17,22,0,0,0,1,1
22,220143,1,1,0,0,0,1,1,105,0,3,4,2012,3,22,41,0,5,3,SR-1054,,38,30.69803056,-90.46951944,0,32,0,0,1,1,0,4,2,10,0,10,0,0000000,22,47,22,56,88,88,0,0,0,1,1
22,220144,2,2,0,0,0,3,3,85,0,6,4,2012,6,18,10,0,4,3,SR-191,,398,31.60782222,-93.65452222,0,12,2,0,1,1,0,1,1,1,0,1,0,0000000,18,18,18,41,20,25,0,0,0,1,0
22,220145,1,1,0,0,0,1,1,31,0,7,4,2012,7,0,24,0,6,3,SR-177,,5,31.85499167,-93.50290833,0,32,0,0,1,1,0,4,2,1,0,1,0,0000000,0,35,1,0,88,88,0,0,0,1,1
22,220146,1,1,0,0,0,3,3,77,0,7,4,2012,7,0,48,1,2,2,US-190,,1481,30.55558889,-91.59938056,0,24,0,0,1,1,0,3,3,1,0,1,0,0000000,0,51,1,6,1,48,0,0,0,2,0
22,220147,1,1,0,0,0,1,1,109,0,7,4,2012,7,13,14,0,15,4,CR-WESTSIDE BLVD EXT,,0,29.62128889,-90.75793056,0,42,0,0,1,1,0,4,1,1,0,1,0,0000000,13,18,13,25,88,88,0,0,0,1,0
22,220148,1,1,0,0,0,4,4,53,0,8,4,2012,1,17,20,1,1,1,I-10,,452,30.2489,-92.98491944,0,1,0,1,18,1,0,3,1,1,0,1,0,0000000,17,25,17,39,18,27,0,0,0,2,0
22,220149,2,2,0,0,0,4,4,17,0,10,4,2012,3,10,12,1,11,1,I-49,,1980,32.367,-93.752,0,12,6,0,1,1,0,1,1,1,0,1,0,0000000,10,23,10,32,10,55,0,0,0,1,0
22,220150,1,1,0,0,0,3,3,117,0,10,4,2012,3,23,20,0,4,3,SR-16,,990,30.70393056,-90.05541111,0,32,0,0,1,1,0,4,2,1,0,1,0,0000000,23,32,23,45,0,0,0,0,0,1,1
22,220151,1,1,0,0,0,2,2,111,0,10,4,2012,3,23,49,0,4,3,SR-33,,143,32.67948056,-92.47066944,0,42,0,0,1,1,0,4,2,2,0,2,0,0000000,23,49,0,5,0,56,0,0,0,1,1
22,220152,2,2,0,0,0,5,5,97,0,5,4,2012,5,16,56,0,4,3,SR-182,CR-MONTGOMERY RD,1449,30.4618,-92.09983056,0,12,6,0,2,3,0,1,1,1,0,1,0,0000000,16,59,17,7,17,50,0,0,0,2,0
22,220153,1,1,0,1,1,1,1,17,2130,4,4,2012,4,21,0,0,15,5,MERIWETHER RD,,0,32.42786944,-93.82651111,0,8,0,0,1,1,0,1,1,1,0,1,0,0000000,20,57,20,59,21,9,0,0,0,1,0
22,220154,1,1,0,1,1,1,1,79,0,12,4,2012,5,22,28,0,4,3,SR-115,,565,31.37036944,-92.16475,0,8,0,0,1,1,0,1,2,1,0,1,0,0000000,22,51,23,17,23,54,0,0,0,1,1
22,220155,1,1,0,0,0,1,1,79,0,13,4,2012,6,1,5,1,13,2,US-71,,741,31.35856944,-92.43778056,0,1,0,0,1,1,0,4,2,1,0,1,0,0000000,1,13,1,21,88,88,0,0,0,1,1
22,220156,1,1,0,1,1,1,1,109,0,13,4,2012,6,22,12,1,13,3,SR-24,,51,29.67491111,-90.77966944,0,8,0,0,1,1,0,1,3,1,0,1,0,0000000,22,17,22,24,22,45,16,0,0,1,0
22,220157,2,2,0,0,0,2,2,67,0,13,4,2012,6,23,15,0,4,2,US-425,SR-3051,938,32.73885,-91.78375,0,12,6,0,2,2,0,1,2,1,0,1,0,0000000,23,26,23,43,0,45,0,0,0,1,0
22,220158,1,1,0,0,0,1,1,29,0,16,4,2012,2,22,18,0,6,3,SR-900,,4,31.71165,-91.53296111,0,43,0,0,1,1,0,4,2,10,0,10,0,0000000,99,98,99,98,88,88,0,0,0,1,1
22,220159,4,4,0,0,0,4,4,103,0,17,4,2012,3,13,48,1,11,1,I-12,,809,30.31136944,-89.82118889,0,12,7,1,5,1,0,1,1,2,0,2,0,0000000,13,48,13,48,88,88,19,0,0,1,0
22,220160,1,1,0,0,0,2,2,25,0,19,4,2012,5,15,42,0,6,3,SR-923,,36,31.6582,-91.88868889,0,32,0,0,1,1,0,4,1,1,0,1,0,0000000,15,46,15,58,16,35,0,0,0,1,1
22,220161,2,2,0,0,0,2,2,55,1230,19,4,2012,5,20,14,0,14,3,SR-339,,155,30.17088889,-92.01881944,0,12,2,0,1,1,4,1,3,1,0,1,0,0000000,20,15,20,23,20,49,0,0,0,2,1
22,220162,1,1,0,1,1,1,1,55,1230,20,4,2012,6,2,18,1,13,2,US-167,,165,30.19121111,-92.06111111,0,8,0,0,1,1,0,1,3,1,0,1,0,0000000,2,18,2,23,88,88,0,0,0,1,0
22,220163,1,1,0,0,0,1,1,103,0,20,4,2012,6,21,4,0,3,3,SR-21,,141,30.54748889,-90.02153056,0,32,0,0,1,1,0,4,2,1,0,1,0,0000000,21,7,21,23,21,48,0,0,0,1,0
22,220164,4,4,0,0,0,5,5,33,0,20,4,2012,6,20,0,1,13,2,US-61,,676,30.36853056,-91.02805,0,12,1,0,7,1,0,1,2,1,0,1,0,0000000,20,2,20,11,20,49,0,0,0,1,1
22,220165,3,3,0,0,0,3,3,33,150,20,4,2012,6,19,30,1,11,1,I-10,,1624,30.39773889,-91.08881944,0,12,7,1,17,1,1,1,5,1,0,1,0,0000000,19,29,19,35,19,49,14,0,0,1,0
22,220166,2,2,0,0,0,3,3,63,0,22,4,2012,1,19,5,0,4,3,SR-441,,40,30.49400278,-90.65955,0,12,1,0,1,1,0,1,1,1,0,1,0,0000000,19,19,19,21,19,43,0,0,0,1,1
22,220167,2,2,0,1,1,3,3,19,0,22,4,2012,1,18,51,1,13,2,US-171,,36,30.28638056,-93.18850833,0,12,1,0,1,1,0,1,1,1,0,1,0,0000000,18,57,19,27,19,41,23,0,0,2,0
22,220168,1,1,0,0,0,1,1,79,0,25,4,2012,4,8,31,0,5,3,SR-454,,33,31.20706944,-92.25283056,0,35,0,0,1,1,0,4,1,1,0,1,0,0000000,8,32,8,48,9,11,0,0,0,1,0
22,220169,1,1,0,0,0,2,2,9,0,28,4,2012,7,18,57,0,6,4,CR-GUM RIDGE RD,,0,31.14655,-92.09331111,0,42,0,0,1,1,0,4,1,1,0,1,0,0000000,19,3,19,8,19,30,0,0,0,1,0
22,220170,1,1,0,0,0,1,1,43,0,29,4,2012,1,15,53,0,5,3,SR-123,,88,31.61366944,-92.50115,0,35,0,0,1,1,0,4,1,1,0,1,0,0000000,15,58,16,11,17,0,0,0,0,1,0
22,220171,1,1,0,1,1,1,1,57,850,10,4,2012,3,18,24,0,14,3,SR-3235,CHERAMIE LN,11,29.38303056,-90.26435,0,9,0,0,2,3,0,1,1,1,0,1,0,0000000,18,23,18,27,88,88,16,0,0,1,0
22,220172,1,1,0,1,1,1,1,1,1980,20,4,2012,6,21,5,0,14,2,US-90,,922,30.22733056,-92.2742,0,8,0,0,1,1,0,1,3,1,0,1,0,0000000,21,6,21,15,88,88,0,0,0,1,0
22,220173,2,2,0,0,0,6,6,33,2490,28,4,2012,7,11,4,1,13,3,SR-64,,64,30.64898056,-91.14188889,0,12,1,0,8,1,0,1,1,1,0,1,0,0000000,11,3,11,10,11,27,0,0,0,1,0
22,220174,2,2,0,0,0,4,4,17,0,21,4,2012,7,10,2,1,13,2,US-71,,2037,32.6291,-93.8211,0,12,2,0,1,1,0,1,1,1,0,1,0,0000000,10,2,10,11,10,50,0,0,0,3,0
22,220175,2,2,0,0,0,3,3,103,0,23,4,2012,2,14,0,0,4,3,SR-40,,321,30.62865,-90.1527,0,12,2,0,1,1,1,1,1,1,0,1,0,0000000,14,4,14,19,14,58,3,0,0,1,0
22,220176,2,2,0,0,0,2,2,17,0,26,4,2012,5,16,5,0,14,3,SR-523,,1,32.40095,-93.69741111,0,1,0,0,1,1,0,1,1,1,0,1,0,0000000,16,14,16,30,16,51,0,0,0,1,0
22,220177,2,2,0,0,0,2,2,71,1690,4,5,2012,6,22,30,1,1,1,I-10,,2514,30.10323056,-89.89871944,0,12,1,0,1,1,1,1,2,1,0,1,0,0000000,22,30,99,99,88,88,0,0,0,1,0
22,220178,1,1,0,0,0,1,1,105,0,2,5,2012,4,0,30,0,6,4,CR-FIRETOWER RD,,0,30.47626944,-90.27773889,0,43,0,0,1,1,0,4,2,10,0,10,0,0000000,0,35,0,45,88,88,0,0,0,1,0
22,220179,1,1,0,0,0,1,1,5,870,3,5,2012,5,23,10,1,11,1,I-10,,1804,30.19113056,-90.91933889,0,1,0,1,5,1,0,8,2,1,0,1,0,0000000,23,11,23,17,88,88,0,0,0,1,1
22,220180,1,1,0,0,0,3,3,67,1530,10,5,2012,5,12,3,0,6,5,BOUTZ LN,,0,32.78018056,-91.78908889,0,10,0,0,6,1,0,1,1,1,0,1,0,441436I,12,6,12,14,12,35,0,0,0,2,0
22,220181,2,2,0,0,0,2,2,33,150,14,5,2012,2,12,5,1,13,2,US-190,,1843,30.46053056,-91.04683056,0,12,6,0,7,1,0,1,1,1,0,1,0,0000000,12,7,12,8,88,88,0,0,0,1,0
22,220182,1,1,0,0,0,1,1,109,1070,1,5,2012,3,6,42,0,14,3,SR-57,,227,29.57235,-90.68343056,0,30,0,0,1,1,0,4,1,1,0,1,0,0000000,6,46,6,59,88,88,0,0,0,1,0
22,220183,1,1,0,1,1,1,1,17,0,9,5,2012,4,21,35,1,13,3,SR-1,,3963,32.58351944,-93.80578889,0,8,0,0,1,1,0,1,2,1,0,1,0,0000000,21,17,21,20,88,88,0,0,0,1,0
22,220184,1,1,0,0,0,2,2,5,0,26,4,2012,5,3,5,1,11,1,I-10,,1710,30.30556944,-90.99406111,0,32,0,0,1,1,0,4,2,1,0,1,0,0000000,3,18,3,33,4,24,0,0,0,1,0
22,220185,1,1,0,1,1,1,1,109,0,26,4,2012,5,14,10,0,14,3,SR-315 BAYOU DULARGE ROAD,,178,29.54598056,-90.71815,0,8,0,0,1,1,0,2,1,10,0,10,0,0000000,14,12,14,20,88,88,0,0,0,1,0
22,220186,1,1,0,0,0,2,2,55,1230,27,4,2012,6,0,26,0,14,3,SR-339 VEROT SCHOOL ROAD,,137,30.14713056,-92.03221111,0,30,0,0,1,1,0,4,3,1,0,1,0,0000000,0,26,0,28,88,88,0,0,0,2,1
22,220187,2,2,0,0,0,2,2,11,0,27,4,2012,6,16,10,0,4,3,SR-112,,25,30.86075556,-93.21847222,0,12,7,0,1,1,0,1,1,1,0,1,0,0000000,16,10,16,21,88,88,20,0,0,1,1
22,220188,2,2,0,0,0,3,3,33,0,28,4,2012,7,15,20,0,15,4,CR-SOUTH TIGER BEND ROAD,,0,30.3849,-90.97793889,0,12,2,0,1,1,0,1,1,10,0,10,0,0000000,15,21,15,27,15,52,0,0,0,2,0
22,220189,1,1,0,0,0,2,2,119,0,11,3,2012,1,19,49,0,4,3,SR-157,,755,32.98041111,-93.36895,0,18,0,0,1,1,0,1,2,5,0,5,0,0000000,20,3,20,15,20,46,0,0,0,1,0
22,220190,2,2,0,0,0,2,2,75,0,30,3,2012,6,15,0,1,13,3,SR-23 BELLE CHASSE HWY,CEDAR DRIVE,613,29.79443056,-90.02013889,0,12,6,0,2,3,0,1,1,10,0,10,0,0000000,15,6,15,8,15,25,0,0,0,1,1
22,220191,2,1,1,0,0,2,2,51,1005,16,4,2012,2,3,55,0,15,3,SR-541,,94,29.91066944,-90.085325,0,14,0,0,1,1,0,2,3,1,0,1,0,0000000,88,88,88,88,88,88,0,0,0,2,1
22,220192,2,2,0,1,1,1,1,95,2020,17,4,2012,3,6,11,0,14,3,SR-44,,427,30.05496944,-90.58608889,0,12,2,0,1,1,0,1,3,2,0,2,0,0000000,6,17,6,28,7,0,19,23,0,1,0
22,220193,3,3,0,0,0,5,5,17,2130,12,4,2012,5,17,20,0,14,3,SR-523,,38,32.41481944,-93.73366111,0,12,1,0,1,1,0,1,1,1,0,1,0,0000000,17,25,17,31,17,52,0,0,0,1,0
22,220194,2,2,0,0,0,2,2,19,1100,29,4,2012,1,1,52,1,1,1,I-10,,436,30.24936111,-93.01138889,0,12,1,1,17,1,0,1,3,1,0,1,0,0000000,1,56,2,7,88,88,0,0,0,1,0
22,220195,2,2,0,0,0,5,5,111,0,1,5,2012,3,13,48,0,4,3,SR-33,,262,32.81228889,-92.36206944,0,12,6,0,8,1,0,1,1,1,0,1,0,0000000,13,50,13,55,14,6,0,0,0,3,0
22,220196,2,2,0,1,1,1,1,19,0,4,5,2012,6,22,10,0,4,3,SR-14,,180,30.12622222,-93.00129167,0,12,1,0,1,1,0,1,2,1,0,1,0,0000000,22,19,22,33,23,17,23,0,0,1,0
22,220197,1,1,0,1,1,1,1,19,0,5,5,2012,7,99,99,0,6,3,SR-3112,,9,30.15458056,-93.64701944,0,8,0,0,1,1,0,1,2,10,0,10,0,0000000,1,44,1,51,88,88,0,0,0,1,0
22,220198,1,1,0,0,0,1,1,31,0,6,5,2012,1,3,6,0,4,4,CR-LINWOOD AVE,,0,32.32941944,-93.76341111,0,35,0,0,1,1,0,4,2,1,0,1,0,0000000,3,11,3,23,88,88,0,0,0,1,1
22,220199,1,1,0,1,1,1,1,15,0,9,5,2012,4,20,27,0,6,4,CR-OLD PLAIN DEALING RD,,0,32.7568,-93.7747,0,9,0,0,1,1,0,1,5,1,0,1,0,0000000,20,28,20,35,21,16,0,0,0,1,0
22,220200,4,3,1,0,0,4,4,95,0,11,5,2012,6,19,51,0,4,3,SR-18,,316,30.04598056,-90.65601111,0,1,0,0,1,1,0,1,2,1,0,1,1,0000000,19,51,19,54,20,21,14,20,0,1,1
22,220201,2,2,0,0,0,2,2,75,0,11,5,2012,6,21,42,1,13,3,SR-23,,645,29.83738056,-90.00083889,0,12,1,0,1,1,0,1,3,1,0,1,0,0000000,21,42,21,50,88,88,0,0,0,1,0
22,220202,1,1,0,0,0,2,2,93,0,12,5,2012,7,99,99,0,3,2,US-61,,421,30.1029,-90.73891111,0,3,0,0,1,1,0,4,2,1,0,1,0,0000000,3,24,3,44,88,88,0,0,0,2,0
22,220203,2,2,0,0,0,6,6,109,1070,12,5,2012,7,2,10,1,13,3,SR-24,,134,29.59745,-90.6962,0,1,0,0,1,1,0,1,3,1,0,1,0,0000000,2,15,2,21,2,42,14,0,0,2,2
22,220204,2,2,0,0,0,3,3,103,0,12,5,2012,7,7,20,1,11,1,I-10,,2702,30.29816944,-89.7093,0,12,6,0,1,1,0,1,1,1,0,1,0,0000000,7,29,7,36,8,3,0,0,0,1,0
22,220205,1,1,0,0,0,1,1,67,0,12,5,2012,7,12,0,0,3,3,SR-142,,62,32.97251944,-91.92401111,0,35,0,0,1,1,0,4,1,1,0,1,0,0000000,12,10,12,27,88,88,0,0,0,1,1
22,220206,2,2,0,0,0,2,2,19,0,12,5,2012,7,17,15,0,14,3,SR-385,,80,30.12851389,-93.21348889,0,12,6,0,8,1,0,1,1,10,0,10,0,0000000,17,17,17,22,88,88,0,0,0,1,2
22,220207,1,1,0,0,0,1,1,91,0,13,5,2012,1,2,5,0,6,3,SR-1042,,11,30.83083889,-90.68658889,0,42,0,0,1,1,0,4,2,10,0,10,0,0000000,2,13,2,17,88,88,0,0,0,1,1
22,220208,1,1,0,1,1,1,1,97,0,13,5,2012,1,20,26,0,3,2,US-71,,222,30.79113056,-92.04786944,0,8,0,0,1,1,0,1,2,1,0,1,0,0000000,20,36,20,40,88,88,0,0,0,1,0
22,220209,2,2,0,0,0,4,4,55,1230,16,5,2012,4,10,40,1,11,1,I-49 OFF RAMP,E PONT DES MOUTON,9,30.2736,-92.01816111,0,12,6,1,2,2,0,1,1,1,0,1,0,0000000,10,41,10,53,11,16,0,0,0,1,0
22,220210,1,1,0,0,0,3,3,27,0,16,5,2012,4,16,10,0,3,2,US-79,,803,32.92051944,-93.09771111,0,42,0,0,1,1,0,4,1,1,0,1,0,0000000,16,10,16,16,17,23,0,0,0,2,0
22,220211,1,1,0,0,0,1,1,3,0,17,5,2012,5,7,41,0,4,3,SR-112,,326,30.88388889,-92.78953889,0,32,0,0,1,1,0,4,1,1,0,1,0,0000000,7,42,7,56,88,88,0,0,0,1,0
22,220212,1,1,0,0,0,1,1,127,0,17,5,2012,5,13,45,0,6,3,SR-477,,39,31.79001944,-92.92333889,0,34,0,0,1,1,0,4,1,1,0,1,0,0000000,14,0,14,33,88,88,0,0,0,1,1
22,220213,2,2,0,0,0,2,2,103,0,20,5,2012,1,1,4,1,11,1,I-59,,32,30.3455,-89.73896111,0,12,2,0,1,1,0,1,2,1,0,1,0,0000000,1,4,1,12,1,40,0,0,0,1,2
22,220214,3,3,0,0,0,6,6,33,150,29,3,2012,5,11,16,0,14,5,CHOCTAW DR,,0,30.47041111,-91.14611944,0,12,6,0,1,1,0,1,1,1,0,1,0,0000000,11,16,11,20,11,47,0,0,0,1,0
22,220215,1,1,0,1,1,1,1,105,0,11,5,2012,6,0,10,0,6,3,SR-1049,,24,30.90496944,-90.54606944,0,8,0,0,1,1,0,1,2,1,0,1,0,0000000,0,6,0,12,0,49,23,0,0,1,0
22,220216,1,1,0,0,0,1,1,55,0,20,5,2012,1,3,34,0,15,4,CR-LA NEUVILLE RD,,0,30.14503056,-92.01475,0,42,0,0,1,1,0,4,3,1,0,1,0,0000000,3,34,3,42,88,88,0,0,0,1,1
22,220217,2,2,0,0,0,4,4,79,0,20,5,2012,1,12,45,0,6,4,CR-HICKORY GROVE LOOP,,0,31.44656111,-92.24295,0,12,2,0,1,1,0,1,1,1,0,1,0,0000000,12,58,13,19,14,8,0,0,0,2,0
22,220218,1,1,0,0,0,1,1,99,0,21,5,2012,2,14,3,0,6,4,CR-MELVIN DUPUIS RD,,0,30.31421111,-91.84158889,0,32,0,0,1,1,0,4,1,1,0,1,0,0000000,14,6,14,18,88,88,0,0,0,1,0
22,220219,1,1,0,0,0,1,1,55,0,22,5,2012,3,7,6,0,5,3,SR-719,,20,30.18831944,-92.20948056,0,42,0,0,1,1,0,4,1,1,0,1,0,0000000,7,9,7,23,7,59,0,0,0,1,0
22,220220,2,2,0,0,0,3,3,3,0,22,5,2012,3,11,10,0,3,3,SR-10,,444,30.80718889,-92.62211944,0,12,6,0,1,1,0,1,1,1,0,1,0,0000000,11,14,11,52,11,56,0,0,0,2,0
22,220221,2,2,0,0,0,3,3,65,0,22,5,2012,3,14,20,0,15,3,SR-3202,,0,32.39596111,-91.19823889,0,12,6,0,8,1,0,1,1,1,0,1,0,0000000,99,99,99,99,88,88,0,0,0,1,0
22,220222,1,1,0,0,0,1,1,111,0,22,5,2012,3,20,20,0,6,4,CR-BURCH RD,,0,32.87741944,-92.35700556,0,42,0,0,1,1,0,4,5,1,0,1,0,0000000,99,99,99,99,99,99,0,0,0,1,0
22,220223,1,1,0,1,1,1,1,15,230,22,5,2012,3,20,37,1,13,2,US-71,,1888,32.482,-93.67883889,0,9,0,0,1,1,0,1,2,1,0,1,0,0000000,20,38,20,42,21,2,0,0,0,1,0
22,220224,2,2,0,0,0,3,3,61,2070,23,5,2012,4,9,56,0,14,3,SR-33,N SERVICE EAST RD,7,32.54135,-92.61556944,0,12,6,0,2,3,0,1,1,1,0,1,0,0000000,9,59,10,1,10,33,0,0,0,1,0
22,220225,1,1,0,0,0,1,1,101,0,24,5,2012,5,16,50,0,6,4,CR-L&B5 LANE,,0,29.8785,-91.5981,0,10,0,0,6,1,0,4,1,1,0,1,0,767563X,17,3,17,9,88,88,0,0,0,1,1
22,220226,1,1,0,1,1,1,1,103,0,24,5,2012,5,21,5,1,11,1,I-10,,2644,30.25053889,-89.76216111,0,8,0,0,1,1,0,1,2,1,0,1,0,0000000,21,6,21,16,99,99,0,0,0,1,0
22,220227,1,1,0,1,1,1,1,45,0,25,5,2012,6,20,35,0,15,3,SR-675,,22,30.00011111,-91.85053889,0,8,0,0,1,1,0,1,2,1,0,1,0,0000000,20,42,20,49,88,88,0,0,0,1,0
22,220228,2,2,0,0,0,8,8,37,0,30,5,2012,4,21,10,0,4,3,SR-67,,217,30.744,-91.06165,0,12,2,0,1,1,0,1,2,10,0,10,0,0000000,21,14,21,31,21,59,0,0,0,7,1
22,220229,1,1,0,0,0,2,2,105,0,31,5,2012,5,18,47,1,11,1,I-55,,339,30.54471111,-90.50423056,0,35,0,0,1,1,0,3,1,1,0,1,0,0000000,18,49,18,53,88,88,0,0,0,2,0
22,220230,1,1,0,0,0,1,1,103,0,26,5,2012,7,2,35,0,4,2,US-190,,2340,30.50445,-90.23758333,0,34,0,0,1,1,0,4,2,1,0,1,0,0000000,2,50,2,58,88,88,0,0,0,1,1
22,220231,1,1,0,0,0,1,1,69,0,26,5,2012,7,10,16,0,3,3,SR-117,,386,31.67585556,-93.207775,0,42,0,0,1,1,0,4,1,1,0,1,0,0000000,10,19,10,25,88,88,0,0,0,1,0
22,220232,1,1,0,1,1,1,1,97,720,26,5,2012,7,21,49,1,13,2,US-190,RODNEY STREET,978,30.49495833,-92.42937222,0,8,0,0,2,3,0,1,3,1,0,1,0,0000000,22,9,22,14,22,34,0,0,0,1,0
22,220233,1,1,0,0,0,1,1,105,0,27,5,2012,1,99,99,1,11,1,I-55,,246,30.42198056,-90.44903056,0,35,0,0,1,1,0,4,2,99,0,99,0,0000000,14,29,14,33,88,88,0,0,0,1,1
22,220234,1,1,0,0,0,1,1,29,0,27,5,2012,1,5,43,0,4,3,SR-568,,22,31.65141111,-91.53135,0,53,0,0,1,1,0,4,2,1,0,1,0,0000000,5,49,5,57,6,7,0,0,0,1,1
22,220235,1,1,0,1,1,1,1,33,150,27,5,2012,1,23,20,0,16,6,HANKS DRIVE,,0,30.49631111,-91.10916944,0,8,0,0,1,1,0,1,2,1,0,1,0,0000000,23,27,23,35,0,3,0,0,0,1,0
22,220236,1,1,0,1,1,1,1,5,870,28,5,2012,2,5,8,1,13,3,SR-30,,244,30.21068889,-90.94353889,0,8,0,0,1,1,0,1,2,1,0,1,0,0000000,5,8,5,12,88,88,0,0,0,1,0
22,220237,2,2,0,0,0,7,7,105,0,28,5,2012,2,20,10,0,9,4,CR-RUFUS BANKSTON RD,,0,30.53146667,-90.51663889,0,12,2,0,1,1,0,1,2,1,0,1,0,0000000,20,15,20,21,21,0,0,0,0,1,0
22,220238,1,1,0,1,1,2,2,113,10,29,5,2012,3,21,29,1,13,3,SR-14,,812,29.97187778,-92.10589444,0,8,0,0,1,1,0,1,2,1,0,1,0,0000000,21,30,21,42,22,0,0,0,0,1,0
22,220239,2,2,0,0,0,2,2,17,2130,30,5,2012,4,8,37,1,13,2,US-71,I-220 ON RAMP,1978,32.55268056,-93.78056944,0,12,6,1,2,3,0,1,1,10,0,10,0,0000000,8,38,8,40,9,15,0,0,0,1,0
22,220240,1,1,0,1,1,1,1,17,2130,27,5,2012,1,2,47,1,13,3,SR-1 SPRING STREET,,3897,32.503725,-93.73629167,0,8,0,0,1,1,0,1,3,1,0,1,0,0000000,2,50,2,54,3,9,0,0,0,1,0
22,220241,2,2,0,0,0,6,6,105,980,11,4,2012,4,14,18,1,13,2,US-51 N. MORRISON BLVD,,349,30.51788611,-90.48295556,0,12,6,0,1,1,0,1,1,10,0,10,0,0000000,14,23,14,29,15,3,0,0,0,1,0
22,220242,1,1,0,0,0,1,1,19,1250,1,5,2012,3,5,50,1,13,3,SR-14 GERSTNER MEMORIAL DRIVE,POWER CENTER PKWAY,32,30.18808333,-93.18012222,0,33,0,0,2,2,0,4,1,1,0,1,0,0000000,5,53,6,1,99,99,0,0,0,1,0
22,220243,2,1,1,0,1,2,3,51,1545,1,5,2012,3,12,0,0,16,6,ORPHEUM AVENUE,PALMETTO ST.,0,29.97703056,-90.12568889,0,33,0,0,3,4,0,4,1,1,0,1,0,0000000,12,5,12,26,13,5,0,0,0,1,0
22,220244,3,3,0,0,0,4,4,89,1209,10,4,2012,3,18,12,0,3,3,SR-3127,,309,30.00701389,-90.52263611,0,12,2,0,1,1,0,1,1,1,0,1,0,0000000,18,12,18,24,19,20,0,0,0,1,0
22,220245,1,1,0,0,0,1,1,105,980,4,6,2012,2,10,54,1,11,1,I-55,,309,30.50111944,-90.50333889,0,43,0,0,1,1,0,4,1,1,0,1,0,0000000,10,52,11,2,88,88,0,0,0,1,0
22,220246,2,2,0,0,0,3,3,19,1250,6,6,2012,4,7,0,1,11,1,I-10,,293,30.23726944,-93.24438056,0,12,98,0,1,1,0,1,1,1,0,1,0,0000000,7,0,7,6,88,88,0,0,0,1,0
22,220247,2,2,0,0,0,3,3,55,1230,10,6,2012,1,23,24,0,14,3,SR-89,,166,30.15393056,-91.99101111,0,12,2,0,1,1,0,1,2,1,0,1,0,0000000,23,24,23,35,0,15,0,0,0,1,1
22,220248,1,1,0,0,0,1,1,33,0,11,6,2012,2,0,49,0,14,4,CR-MICKENS RD,,0,30.51183056,-91.1044,0,34,0,0,1,1,0,4,2,1,0,1,0,0000000,0,24,0,28,88,88,0,0,0,1,1
22,220249,1,1,0,1,1,1,1,33,150,11,6,2012,2,21,24,0,14,4,CR-GREENWELL ST,SATINWOOD DR,0,30.50198056,-91.12341111,0,9,0,0,3,2,0,1,2,1,0,1,0,0000000,21,24,21,31,21,40,0,0,0,1,0
22,220250,2,2,0,0,0,3,3,63,570,1,6,2012,6,20,20,0,4,3,SR-16,SR-1030,249,30.50113056,-90.95621111,0,12,6,0,2,3,0,1,3,1,0,1,0,0000000,20,22,20,27,20,57,0,0,0,1,0