STATE,ST_CASE,VE_TOTAL,VE_FORMS,PVH_INVL,PEDS,PERNOTMVIT,PERMVIT,PERSONS,COUNTY,CITY,DAY,MONTH,YEAR,DAY_WEEK,HOUR,MINUTE,NHS,ROAD_FNC,ROUTE,TWAY_ID,TWAY_ID2,MILEPT,LATITUDE,LONGITUD,SP_JUR,HARM_EV,MAN_COLL,RELJCT1,RELJCT2,TYP_INT,WRK_ZONE,REL_ROAD,LGT_COND,WEATHER1,WEATHER2,WEATHER,SCH_BUS,RAIL,NOT_HOUR,NOT_MIN,ARR_HOUR,ARR_MIN,HOSP_HR,HOSP_MN,CF1,CF2,CF3,FATALS,DRUNK_DR
22,220251,1,1,0,0,0,1,1,45,0,8,6,2012,6,23,9,0,6,4,CR-JEFFERSON ISLAND,,0,29.99473056,-91.91585,0,34,0,0,1,1,0,4,2,1,0,1,0,0000000,23,12,23,26,88,88,0,0,0,1,0
22,220252,1,1,0,1,1,1,1,109,1070,16,6,2012,7,11,28,0,6,5,EVELYN AVE,,0,29.58083056,-90.68428889,0,8,0,0,4,1,0,1,1,1,0,1,0,0000000,11,29,11,34,11,51,0,0,0,1,0
22,220253,1,1,0,1,1,1,1,55,1230,17,6,2012,1,2,58,0,6,5,ACADIAN HILLS LANE,,0,30.25771111,-92.02111944,0,8,0,0,1,1,0,1,9,1,0,1,0,0000000,2,58,3,8,3,26,0,0,0,1,0
22,220254,2,2,0,1,1,4,4,71,1690,11,6,2012,2,21,37,1,11,1,I-10,,2453,30.04108056,-89.96968889,0,12,1,0,1,1,0,1,3,99,0,99,0,0000000,99,98,99,98,99,98,0,0,0,1,0
22,220255,1,1,0,0,0,5,5,63,0,2,5,2012,4,0,8,0,4,3,SR-447,,61,30.43997222,-90.85997778,0,32,0,0,1,1,0,4,2,1,0,1,0,0000000,0,12,0,22,1,3,0,0,0,1,1
22,220256,1,1,0,1,1,3,3,117,210,6,5,2012,1,22,46,1,13,3,SR-21 N. COLUMBIA RD,,364,30.7939,-89.8479,0,8,0,0,1,1,0,1,3,1,0,1,0,0000000,22,47,22,50,23,5,19,0,0,1,0
22,220257,1,1,0,1,1,1,1,3,1740,23,4,2012,2,21,18,1,13,2,US-165,,452,30.818975,-92.66249722,0,8,0,0,1,1,0,1,2,1,0,1,0,0000000,21,19,21,23,21,34,0,0,0,1,0
22,220258,2,2,0,0,0,2,2,103,1400,23,6,2012,7,16,25,1,13,2,US-190,,2496,30.39718056,-90.087675,0,12,1,1,18,1,0,1,1,1,0,1,0,0000000,16,25,16,30,99,99,0,0,0,1,0
22,220259,1,1,0,0,0,1,1,87,350,17,6,2012,1,15,16,0,16,6,W. LIBERAUX ST.,,0,29.95598056,-89.9656,0,1,0,0,1,1,0,4,1,1,0,1,0,0000000,15,17,15,27,88,88,0,0,0,1,0
22,220260,1,1,0,0,0,2,2,117,0,22,6,2012,6,2,24,0,6,4,CR-JAMES CREEL RD,,0,30.90783889,-90.07125556,0,32,0,0,1,1,0,4,2,1,0,1,0,0000000,2,36,2,50,99,99,0,0,0,1,1
22,220261,1,1,0,0,0,5,5,51,0,2,6,2012,7,14,50,0,15,3,SR-45 BARATARIA BLVD,,148,29.79996111,-90.12223889,0,42,0,0,1,1,0,4,1,1,0,1,0,0000000,14,99,14,53,15,7,0,0,0,1,1
22,220262,2,2,0,0,0,3,3,89,0,3,6,2012,1,2,43,0,3,2,US-61 AIRLINE HIGHWAY,,204,30.0186,-90.41105,0,12,2,0,1,1,0,1,2,1,0,1,0,0000000,2,46,2,53,5,28,0,0,0,1,2
22,220263,3,3,0,0,0,9,9,9,0,3,6,2012,1,23,4,0,3,3,SR-1,,2442,31.10930556,-92.2108,0,12,2,0,1,1,0,1,2,1,0,1,0,0000000,23,22,23,34,99,99,0,0,0,1,2
22,220264,2,2,0,0,0,2,2,57,0,4,6,2012,2,6,51,0,14,3,SR-182,,94,29.67101389,-90.661575,0,1,0,0,1,1,0,3,1,10,0,10,0,0000000,6,57,7,10,7,42,0,0,0,1,0
22,220265,1,1,0,0,0,3,3,105,0,4,6,2012,2,18,5,0,4,3,SR-442,,133,30.57778056,-90.54674167,0,1,0,0,1,1,0,4,1,1,0,1,0,0000000,18,13,18,23,19,1,0,0,0,1,0
22,220266,1,1,0,0,0,2,2,5,0,9,6,2012,7,10,53,0,15,3,SR-928,,36,30.30013056,-91.00093611,0,32,0,0,1,1,0,4,1,1,0,1,0,0000000,11,2,11,11,11,36,0,0,0,2,0
22,220267,2,2,0,0,0,3,3,1,0,9,6,2012,7,14,37,0,5,3,SR-98 ROBERTS COVE RD,,190,30.28603611,-92.33245278,0,12,2,0,1,1,0,1,1,1,0,1,0,0000000,14,41,14,50,88,88,0,0,0,2,1
22,220268,1,1,0,0,0,1,1,43,0,9,6,2012,7,15,36,0,5,3,SR-500,,69,31.76808056,-92.47011111,0,34,0,0,1,1,0,4,1,1,0,1,0,0000000,15,40,16,11,88,88,0,0,0,1,0
22,220269,1,1,0,0,0,1,1,49,0,9,6,2012,7,19,52,0,5,3,SR-542,CR-CYNTHIA STREET,1,32.25983056,-92.6978,0,42,0,0,3,3,0,4,5,1,0,1,0,0000000,19,57,20,0,20,12,0,0,0,1,0
22,220270,1,1,0,0,0,1,1,79,0,10,6,2012,1,4,15,0,5,3,SR-8,,613,31.40403889,-92.73591944,0,1,0,0,1,1,0,4,2,1,0,1,0,0000000,4,28,4,49,88,88,0,0,0,1,1
22,220271,1,1,0,0,0,1,1,17,2130,2,6,2012,7,0,49,0,14,6,HOLLYWOOD AVENUE,ST. VINCENT,0,32.45660556,-93.75869167,0,33,0,0,3,2,0,4,3,7,0,7,0,0000000,0,49,0,52,1,9,0,0,0,1,1
22,220272,3,3,0,0,0,4,4,17,2130,11,6,2012,2,15,10,0,14,6,BUNCOMBE ROAD,,0,32.41164444,-93.89056944,0,12,6,0,8,1,0,1,1,1,0,1,0,0000000,15,12,15,17,15,42,0,0,0,1,0
22,220273,1,1,0,0,0,3,3,61,2070,9,6,2012,7,15,41,1,11,1,I-20,,850,32.54028889,-92.65021944,0,1,0,1,17,1,0,4,1,1,0,1,0,0000000,15,49,15,53,16,50,0,0,0,1,0
22,220274,1,1,0,0,0,2,2,33,150,9,6,2012,7,22,10,0,15,6,N. ARDENWOOD DR.,,0,30.4744,-91.13021944,0,19,0,0,1,1,0,5,3,10,0,10,0,0000000,22,11,22,22,22,46,0,0,0,1,1
22,220275,1,1,0,0,0,1,1,5,648,12,6,2012,3,22,18,0,14,3,SR-73,,56,30.27169167,-90.98345556,0,1,0,0,1,1,0,4,2,1,0,1,0,0000000,22,21,22,27,22,57,0,0,0,1,1
22,220276,2,2,0,0,0,4,4,109,0,10,6,2012,1,2,1,0,14,3,SR-182,,134,29.62863889,-90.70586111,0,12,2,0,1,1,0,1,3,10,0,10,0,0000000,2,1,2,14,3,2,0,0,0,1,1
22,220277,2,2,0,0,0,3,3,109,1070,14,6,2012,5,14,4,1,13,3,SR-24,TUCKER STREET,105,29.60466111,-90.74261944,0,12,1,0,2,3,0,1,1,10,0,10,0,0000000,14,5,14,18,14,48,0,0,0,1,0
22,220278,3,3,0,0,0,4,4,103,0,15,6,2012,6,18,1,1,11,1,I-12,,804,30.31436944,-89.82938889,0,12,1,1,18,1,0,1,1,10,0,10,0,0000000,18,1,18,10,18,58,0,0,0,1,1
22,220279,1,1,0,2,2,2,2,103,0,15,6,2012,6,3,30,1,11,1,I-12,,784,30.32511389,-89.85991389,0,8,0,0,1,1,0,1,2,1,0,1,0,0000000,3,30,3,45,88,88,0,0,0,2,0
22,220280,1,1,0,0,0,1,1,115,0,19,6,2012,3,23,5,0,6,4,CR-HARVEY CROSSING RD,,0,30.91036944,-93.43376944,0,42,0,0,1,1,0,4,2,1,0,1,0,0000000,23,12,23,36,88,88,0,0,0,1,1
22,220281,3,3,0,0,0,4,4,115,2161,19,6,2012,3,17,6,0,5,3,SR-8,,395,31.25311944,-93.04593889,0,12,1,0,8,1,0,1,1,1,0,1,0,0000000,16,53,17,14,18,8,0,0,0,2,0
22,220282,2,2,0,0,0,2,2,97,0,23,6,2012,7,5,55,0,3,2,US-167,,498,30.59205833,-92.09751111,0,12,2,0,1,1,0,1,4,1,0,1,0,0000000,6,2,6,12,6,37,0,0,0,2,1
22,220283,1,1,0,0,0,1,1,91,0,23,6,2012,7,2,45,0,4,3,SR-37,,288,30.74084444,-90.83451667,0,42,0,0,1,1,0,4,2,1,0,1,0,0000000,2,50,3,29,88,88,0,0,0,1,1
22,220284,1,1,0,0,0,1,1,47,0,23,6,2012,7,10,48,0,4,3,SR-77,,155,30.36363056,-91.3762,0,19,0,0,1,1,0,5,1,1,0,1,0,0000000,10,52,11,21,88,88,0,0,0,1,0
22,220285,1,1,0,0,0,1,1,105,0,24,6,2012,1,99,99,1,11,1,I-12 EXIT RAMP,,354,30.48026944,-90.54001389,0,42,0,1,5,1,0,5,2,1,0,1,0,0000000,88,88,88,88,88,88,0,0,0,1,0
22,220286,1,1,0,0,0,1,1,59,0,25,6,2012,2,1,30,1,2,3,SR-0028,,725,31.43483889,-92.15168889,0,52,0,0,1,1,0,4,2,1,0,1,0,0000000,88,88,88,88,88,88,0,0,0,1,0
22,220287,2,2,0,0,0,2,2,73,0,26,6,2012,3,8,25,0,4,3,SR-557,,125,32.38186944,-92.20518889,0,12,8,0,1,1,0,1,1,1,0,1,0,0000000,8,29,8,38,88,88,0,0,0,1,0
22,220288,2,2,0,0,0,2,2,31,0,27,6,2012,4,13,0,0,3,2,US-84,CR-BETHELL ROAD,25,31.97198056,-93.96508056,0,12,6,0,2,2,0,1,1,1,0,1,0,0000000,13,5,13,7,14,28,0,0,0,1,0
22,220289,3,3,0,0,0,5,5,79,40,27,6,2012,4,15,23,1,13,2,US-71 MAC ARTHUR DRIVE,ELLIOTT STREET,680,31.29318333,-92.47791667,0,12,6,0,2,4,0,1,1,1,0,1,0,0000000,15,23,15,29,15,52,0,0,0,1,0
22,220290,1,1,0,1,1,1,1,51,1545,23,4,2012,2,7,40,1,13,2,US-61,ARNOULT ROAD,44,29.97496944,-90.16190278,0,9,0,0,2,2,0,1,1,1,0,1,0,0000000,7,44,7,53,8,10,16,0,0,1,0
22,220291,1,1,0,0,0,1,1,89,1720,6,6,2012,4,23,42,0,14,2,US-61,,187,30.00231944,-90.38908889,0,24,0,0,1,1,0,4,3,1,0,1,0,0000000,23,45,23,52,88,88,0,0,0,1,1
22,220292,1,1,0,0,0,2,2,89,0,9,6,2012,7,13,55,1,2,2,US-90,,2290,29.84281111,-90.448725,0,35,0,0,1,1,0,4,1,2,0,2,0,0000000,14,0,14,12,99,99,0,0,0,1,1
22,220293,1,1,0,1,1,1,1,95,0,10,6,2012,1,23,40,0,14,2,US-61,TERRE HAUTE ROAD,322,30.07656944,-90.58751944,0,9,0,0,3,2,0,1,3,10,0,10,0,0000000,23,47,23,56,88,88,0,0,0,1,0
22,220294,2,2,0,0,0,2,2,33,150,4,5,2012,6,12,3,0,16,6,MADISON AVE.,HIAWATHA ST.,0,30.46748611,-91.16610556,0,12,6,0,2,2,0,1,1,1,0,1,0,0000000,12,4,12,14,88,88,0,0,0,1,0
22,220295,1,1,0,1,1,2,2,33,150,6,5,2012,1,2,36,0,14,6,MOHICAN-PRESCOTT CROSSOVER,,0,30.4863,-91.1468,0,8,0,0,1,1,0,1,3,1,0,1,0,0000000,2,37,2,43,88,88,0,0,0,1,0
22,220296,1,1,0,1,1,1,1,71,1690,10,5,2012,5,0,46,1,11,1,I-10,DOWNMAN EXIT 240A,2407,30.00561111,-90.02251111,0,8,0,1,18,1,0,1,2,10,0,10,0,0000000,88,88,88,88,88,88,19,0,0,1,0
22,220297,1,1,0,0,0,1,1,33,150,28,5,2012,2,18,8,0,16,6,GORE ROAD,,0,30.5515,-91.1684,0,53,0,0,1,1,0,4,1,1,0,1,0,0000000,18,9,18,10,88,88,0,0,0,1,1
22,220298,2,2,0,0,0,2,2,75,163,19,6,2012,3,0,40,1,13,3,SR-23,,677,29.86913056,-90.00516944,0,12,1,0,1,1,0,1,3,1,0,1,0,0000000,0,42,0,50,88,88,0,0,0,1,2
22,220299,3,3,0,0,0,3,3,17,0,19,6,2012,3,10,3,0,3,2,US-79,,27,32.3964,-94.0056,0,12,1,0,1,1,0,1,1,1,0,1,0,0000000,10,7,10,12,10,43,0,0,0,1,0
22,220300,2,2,0,0,0,1,1,69,0,24,6,2012,1,5,26,1,1,1,I-49,,1412,31.76232778,-93.18011389,0,12,6,0,1,1,0,1,2,1,0,1,0,0000000,5,29,5,39,99,99,19,23,0,1,0
22,220301,1,1,0,0,0,1,1,17,0,2,7,2012,2,8,22,1,2,2,US-71,,2247,32.9195,-93.8875,0,42,0,0,1,1,0,4,1,1,0,1,0,0000000,8,24,8,42,88,88,0,0,0,1,0
22,220302,1,1,0,0,0,1,1,17,0,4,7,2012,4,19,29,0,6,4,CR-BOYTER LANE,,0,32.847,-94.0117,0,53,0,0,1,1,0,4,1,1,0,1,0,0000000,19,29,19,36,88,88,0,0,0,1,1
22,220303,1,1,0,0,0,1,1,71,1690,5,7,2012,5,23,42,1,11,1,I-10,,2319,29.98998889,-90.11593889,0,25,0,0,1,1,0,3,3,1,0,1,0,0000000,23,42,99,99,88,88,0,0,0,1,0
22,220304,2,1,1,1,1,1,1,101,1600,9,7,2012,2,5,40,0,14,3,SR-70,,24,29.726,-91.18188056,0,14,0,0,1,1,0,2,4,10,0,10,0,0000000,5,38,5,45,6,11,23,0,0,1,0
22,220305,1,1,0,0,0,1,1,105,980,7,7,2012,7,12,45,1,11,1,I-55,,309,30.50108056,-90.50345,0,24,0,0,1,1,0,4,1,1,0,1,0,0000000,12,50,13,5,88,88,0,0,0,1,0
22,220306,2,2,0,0,0,3,3,53,747,9,7,2012,2,4,36,1,2,2,US-165,,102,30.36103056,-92.92065,0,12,8,0,1,1,0,1,2,2,0,2,0,0000000,4,36,5,9,5,42,0,0,0,1,0
22,220307,1,1,0,1,1,1,1,19,0,14,7,2012,7,5,5,0,14,6,NELSON ROAD,,0,30.11733056,-93.24891944,0,9,0,0,1,1,0,1,2,10,0,10,0,0000000,99,99,99,99,88,88,0,0,0,1,0
22,220308,1,1,0,0,0,5,5,71,1690,21,7,2012,7,22,45,1,11,1,I-10 EXIT RAMP,,2424,30.02731944,-90.01526111,0,33,0,1,5,1,0,10,3,1,0,1,0,0000000,99,99,99,99,99,99,0,0,0,1,1
22,220309,1,1,0,0,0,1,1,55,1230,22,7,2012,1,2,32,0,16,6,E. MARTIAL AVENUE,,0,30.16373889,-92.03853056,0,53,0,0,1,1,0,4,3,1,0,1,0,0000000,88,88,88,88,88,88,0,0,0,1,1
22,220310,1,1,0,0,0,2,2,103,1225,15,7,2012,1,2,20,0,16,6,MAIN STREET,,0,30.30923056,-89.92948889,0,3,0,0,1,1,0,5,3,1,0,1,0,0000000,2,20,2,29,88,88,0,0,0,1,1
22,220311,2,2,0,0,0,2,2,71,1690,31,7,2012,3,16,45,1,13,6,CANAL STREET,NORTH MURAT,0,29.97758889,-90.10490556,0,12,6,0,2,2,0,1,1,1,0,1,0,0000000,16,45,16,50,17,2,0,0,0,1,1
22,220312,1,1,0,0,0,1,1,79,40,27,7,2012,6,20,39,1,11,1,I-49,BROADWAY AVENUE EXIT RAMP,842,31.28925,-92.44246111,0,25,0,1,5,1,0,3,3,1,0,1,0,0000000,20,99,20,43,21,8,0,0,0,1,1
22,220313,1,1,0,1,1,1,1,79,40,7,7,2012,7,1,32,0,16,6,HOUSTON STREET,DALLAS AVENUE,0,31.28563889,-92.44708056,0,8,0,0,3,1,0,1,2,10,0,10,0,0000000,1,32,1,42,2,1,0,0,0,1,0
22,220314,1,1,0,1,1,1,1,79,40,2,7,2012,2,5,13,0,16,6,EDDIE WILLIAMS BLVD,KINGS LANE,0,31.27094167,-92.43813333,0,8,0,0,3,3,0,1,2,10,0,10,0,0000000,5,99,5,16,5,37,0,0,0,1,0
22,220315,1,1,0,0,0,2,2,113,0,1,7,2012,1,3,15,0,4,3,SR-35,,37,29.88938889,-92.27508056,0,1,0,0,1,1,0,4,2,1,0,1,0,0000000,3,17,3,32,88,88,0,0,0,1,1
22,220316,1,1,0,0,0,1,1,39,0,1,7,2012,1,6,15,0,3,2,US-167,,592,30.67165,-92.22165,0,34,0,0,1,1,0,4,2,1,0,1,0,0000000,6,16,6,21,88,88,0,0,0,1,1
22,220317,1,1,0,0,0,1,1,95,0,4,7,2012,4,18,0,0,5,3,SR-643,,47,29.92876389,-90.63707222,0,43,0,0,1,1,0,4,1,10,0,10,0,0000000,18,9,18,20,88,88,0,0,0,1,1
22,220318,1,1,0,0,0,1,1,55,0,5,7,2012,5,2,33,0,14,2,US-90,,1003,30.23495556,-92.14761111,0,39,0,0,1,1,0,4,2,1,0,1,0,0000000,2,34,2,49,88,88,0,0,0,1,1
22,220319,1,1,0,0,0,5,5,85,0,6,7,2012,6,13,30,1,2,2,US-171,,1079,31.61671111,-93.58963889,0,35,0,0,1,1,0,4,1,2,0,2,0,0000000,13,34,13,42,14,32,0,0,0,2,0
22,220320,3,3,0,0,0,6,6,15,0,6,7,2012,6,14,52,1,11,1,I-20,,287,32.54211111,-93.59086111,0,12,6,0,1,1,0,1,1,1,0,1,0,0000000,14,58,15,11,15,50,0,0,0,2,0
22,220321,1,1,0,0,0,1,1,39,0,7,7,2012,7,12,16,0,5,3,SR-3277,,22,30.50978056,-92.58861111,0,35,0,0,1,1,0,4,1,1,0,1,0,0000000,12,99,12,29,88,88,0,0,0,1,0
22,220322,1,1,0,0,0,4,4,39,0,10,7,2012,3,12,50,0,5,3,SR-104 PRAIRIE RHONDE ROAD,,300,30.60400278,-92.25051111,0,42,0,0,1,1,0,4,1,2,0,2,0,0000000,12,55,13,9,14,5,0,0,0,1,0
22,220323,2,2,0,0,0,2,2,33,150,11,7,2012,4,10,6,0,5,3,SR-409,,52,30.67514722,-90.97069722,0,12,2,0,1,1,0,1,1,10,0,10,0,0000000,10,6,10,19,88,88,0,0,0,1,0
22,220324,1,1,0,1,1,1,1,33,150,7,7,2012,7,20,35,1,13,3,SR-426,,73,30.46583889,-90.99696944,0,9,0,0,1,1,0,1,2,10,0,10,0,0000000,20,32,20,42,21,5,0,0,0,1,0
22,220325,2,2,0,0,0,2,2,19,2400,6,7,2012,6,21,8,0,14,3,SR-378,HUDSON DRIVE,26,30.27524444,-93.25805,0,12,6,0,2,2,0,1,2,10,0,10,0,0000000,21,12,21,21,21,41,0,0,0,1,0
22,220326,1,1,0,1,1,1,1,57,2250,8,7,2012,1,0,7,0,14,3,SR-3266,,325,29.79743056,-90.82922222,0,9,0,0,1,1,0,2,2,10,0,10,0,0000000,0,10,0,17,88,88,0,0,0,1,1
22,220327,2,2,0,0,0,3,3,105,0,12,7,2012,5,2,26,1,1,1,I-12,,479,30.48095833,-90.33070278,0,12,1,1,18,1,2,1,2,1,0,1,0,0000000,2,30,2,42,3,34,0,0,0,1,0
22,220328,2,2,0,0,0,2,2,25,0,16,7,2012,2,19,45,0,4,3,SR-8,,1375,31.70203056,-91.96826944,0,12,2,0,1,1,0,1,5,1,0,1,0,0000000,19,46,20,1,20,33,0,0,0,2,1
22,220329,1,1,0,0,0,1,1,85,0,16,7,2012,2,21,30,0,4,3,SR-191,,246,31.45253889,-93.60488889,0,34,0,0,1,1,0,4,2,1,0,1,0,0000000,22,5,22,23,88,88,0,0,0,1,0
22,220330,1,1,0,0,0,1,1,27,0,17,7,2012,3,15,29,0,6,4,CR-HARRIS ROAD,,0,32.71363889,-93.09878889,0,38,0,0,1,1,0,4,1,10,0,10,0,0000000,15,30,15,51,88,88,20,0,0,1,1
22,220331,2,2,0,0,0,4,4,111,0,18,7,2012,4,16,0,1,2,2,US-63,,269,32.91506111,-92.65602222,0,12,1,0,7,1,0,1,1,1,0,1,0,0000000,16,5,16,29,17,11,0,0,0,1,1
22,220332,1,1,0,0,0,1,1,21,0,18,7,2012,4,19,30,0,6,3,SR-850,,20,31.99156111,-92.12118056,0,1,0,0,1,1,0,1,1,1,0,1,0,0000000,19,30,19,41,88,88,0,0,0,1,1
22,220333,1,1,0,0,0,1,1,51,9997,18,7,2012,4,21,4,0,14,3,SR-3134,DESTRAHAN AVE,58,29.83581944,-90.10130556,0,30,0,0,2,3,0,3,3,2,0,2,0,0000000,20,58,21,4,88,88,0,0,0,1,0
22,220334,3,3,0,0,0,4,4,13,0,19,7,2012,5,14,49,1,1,1,I-20,,553,32.5622,-93.15581944,0,12,1,1,18,1,0,1,1,1,0,1,0,0000000,14,43,14,44,88,88,19,0,0,1,0
22,220335,1,1,0,1,1,1,1,95,1270,21,7,2012,7,2,10,0,14,2,US-61,,277,30.07577778,-90.51268889,0,8,0,0,1,1,0,1,3,1,0,1,0,0000000,2,6,2,7,2,27,19,0,0,1,1
22,220336,1,1,0,0,0,1,1,63,0,21,7,2012,7,18,28,0,14,3,SR-1025,,53,30.53640556,-90.87458611,0,43,0,0,1,1,0,4,1,1,0,1,0,0000000,18,27,18,34,19,9,0,0,0,1,1
22,220337,1,1,0,1,1,2,2,19,0,22,7,2012,1,21,6,1,13,2,US-171,,57,30.31520556,-93.19772222,0,8,0,0,1,1,0,1,2,1,0,1,0,0000000,21,8,21,14,21,48,0,0,0,1,0
22,220338,1,1,0,0,0,1,1,43,0,9,7,2012,2,14,0,0,6,4,CR-ROCK HILL ROAD,,0,31.49313889,-92.52233056,0,42,0,0,1,1,0,4,1,2,0,2,0,0000000,15,15,15,28,99,99,0,0,0,1,1
22,220339,1,1,0,0,0,3,3,63,0,24,7,2012,3,13,20,0,4,3,SR-22,,227,30.26128056,-90.71534722,0,1,0,0,1,1,0,1,1,1,0,1,0,0000000,13,28,13,48,14,51,0,0,0,1,1
22,220340,1,1,0,1,1,1,1,51,1545,23,7,2012,2,22,22,1,13,2,US-61,,60,29.97630833,-90.188575,0,8,0,0,1,1,0,4,3,1,0,1,0,0000000,22,25,22,31,88,88,15,0,0,1,1
22,220341,2,2,0,0,0,3,3,103,0,25,7,2012,4,5,40,1,11,1,I-12 EXIT RAMP,SR-434,744,30.34983889,-89.92215,0,12,6,1,2,2,0,1,4,1,0,1,0,0000000,5,44,5,50,6,58,0,0,0,1,0
22,220342,2,2,0,0,0,3,3,31,0,26,7,2012,5,7,31,1,1,1,I-49,US-84,1732,32.06326944,-93.56336944,0,12,6,1,2,2,0,1,1,1,0,1,0,0000000,7,59,8,16,8,36,0,0,0,2,0
22,220343,1,1,0,0,0,1,1,61,0,26,7,2012,5,11,45,0,6,3,SR-3005,,29,32.50428889,-92.72586111,0,1,0,0,1,1,0,4,1,1,0,1,0,0000000,11,48,11,58,99,99,0,0,0,1,0
22,220344,2,2,0,0,0,6,6,57,0,28,7,2012,7,20,43,0,14,3,SR-3235,SR-3162,81,29.468375,-90.32418889,0,12,6,0,2,2,0,1,3,1,0,1,0,0000000,20,50,20,56,21,24,0,0,0,1,0
22,220345,1,1,0,1,1,1,1,97,0,8,6,2012,6,5,9,0,6,4,CR-MECHE ROAD,,0,30.37147222,-92.00720556,0,8,0,0,1,1,0,1,2,1,0,1,0,0000000,5,12,5,39,88,88,0,0,0,1,0
22,220346,2,2,0,1,1,3,3,51,1545,17,6,2012,1,21,0,1,11,1,I-10,,2263,30.00223056,-90.20401111,0,8,0,0,1,1,1,1,3,1,0,1,0,0000000,88,88,88,88,88,88,0,0,0,1,0
22,220347,1,1,0,0,0,7,7,39,0,13,7,2012,6,0,99,0,6,4,CR-TURKEY CREEK-GLENMORA,,0,30.88941111,-92.42436944,0,5,0,0,1,1,0,1,2,1,0,1,0,0000000,0,27,0,55,1,47,0,0,0,1,0
22,220348,1,1,0,0,0,5,5,17,1071,14,7,2012,7,15,59,1,2,2,US-71,,2299,32.9932,-93.8955,0,42,0,0,1,1,0,4,1,2,0,2,0,0000000,15,59,16,5,99,99,0,0,0,1,0
22,220349,2,2,0,0,0,3,3,103,2180,15,7,2012,1,4,25,1,11,1,I-12,,827,30.31032778,-89.79107222,0,12,1,0,1,1,0,1,2,1,0,1,0,0000000,4,25,4,30,5,24,0,0,0,1,1
22,220350,1,1,0,1,1,1,1,33,150,16,7,2012,2,20,37,1,13,2,US-190,,1843,30.4606,-91.04736944,0,8,0,0,7,1,0,1,3,1,0,1,0,0000000,21,0,21,5,99,99,0,0,0,1,0
22,220351,1,1,0,0,0,1,1,33,150,22,7,2012,1,11,35,0,14,6,S. CHOCTAW DR.,,0,30.47251111,-91.0347,0,33,0,0,1,1,0,5,1,1,0,1,0,0000000,11,35,11,42,12,5,0,0,0,1,0
22,220352,1,1,0,1,1,1,1,119,1550,4,8,2012,7,1,1,0,14,2,US-80,,473,32.60668056,-93.3092,0,8,0,0,1,1,0,1,3,1,0,1,0,0000000,0,59,1,2,88,88,19,0,0,1,0
22,220353,1,1,0,0,0,1,1,33,0,4,8,2012,7,19,45,0,15,4,CR-HOO SHOO TOO ROAD,,0,30.35315278,-90.96419167,0,53,0,0,1,1,0,4,2,10,0,10,0,0000000,19,48,20,1,20,24,0,0,0,1,1
22,220354,1,1,0,0,0,2,2,19,1250,11,8,2012,7,13,27,1,11,1,I-210,,44,30.19631944,-93.25086944,0,59,0,1,5,1,0,4,1,10,0,10,0,0000000,13,29,13,32,13,52,0,0,0,1,0
22,220355,2,2,0,0,0,4,4,19,1250,10,8,2012,6,8,45,0,15,5,MOELING ST,SIMMONS ST,0,30.2496,-93.18658056,0,12,2,0,3,2,0,1,1,1,0,1,0,0000000,8,45,8,48,9,18,0,0,0,1,0
22,220356,2,2,0,0,0,5,5,33,100,8,8,2012,4,14,45,1,13,3,SR-19,COOLIDGE ST,41,30.58263889,-91.16918889,0,12,6,0,2,3,0,1,1,1,0,1,0,0000000,14,50,14,52,15,24,0,0,0,1,0
22,220357,2,2,0,0,0,3,3,47,1870,17,8,2012,6,19,25,0,15,3,SR-77,,11,30.2862,-91.2546,0,12,6,0,1,1,0,1,1,2,0,2,0,0000000,19,27,19,34,88,88,0,0,0,1,0
22,220358,1,1,0,0,0,2,2,63,0,5,8,2012,1,1,45,0,6,4,CR-HENRY WHITE ROAD,,0,30.513375,-90.59190278,0,34,0,0,1,1,0,4,2,1,0,1,0,0000000,1,55,2,10,2,49,0,0,0,1,1
22,220359,2,2,0,0,0,3,3,53,1140,17,8,2012,6,19,11,0,15,3,SR-102,VIRGINIA ST.,0,30.24126111,-92.65503056,0,12,6,0,2,2,0,1,1,1,0,1,0,0000000,19,12,19,25,19,47,0,0,0,1,0
22,220360,1,1,0,1,1,3,3,113,10,18,8,2012,7,2,99,0,14,3,SR-82,,1309,29.9594,-92.14,0,8,0,0,1,1,0,1,2,10,0,10,0,0000000,5,9,5,14,88,88,0,0,0,1,1
22,220361,1,1,0,1,1,1,1,15,230,19,8,2012,1,19,11,0,16,6,CARVER ST.,,0,32.52226944,-93.72225833,0,8,0,0,1,1,0,1,1,1,0,1,0,0000000,19,12,19,19,19,35,0,0,0,1,0
22,220362,1,1,0,1,1,2,2,55,0,27,8,2012,2,23,33,0,9,4,CR-ANDERSON RD,,0,30.24008056,-92.17555278,0,8,0,0,1,1,0,1,2,1,0,1,0,0000000,23,34,23,48,88,88,0,0,0,1,0
22,220363,1,1,0,1,1,1,1,71,1690,4,7,2012,4,17,49,0,15,6,ALCEE FORTIER BLVD,,0,30.0414,-89.91338889,0,8,0,0,1,1,0,2,1,1,0,1,0,0000000,99,99,99,99,99,99,0,0,0,1,1
22,220364,1,1,0,0,0,3,3,25,0,28,7,2012,7,23,12,0,5,3,SR-923,,65,31.68541944,-91.87283056,0,32,0,0,1,1,0,4,2,1,0,1,0,0000000,23,14,23,24,0,29,0,0,0,2,1
22,220365,1,1,0,0,0,1,1,17,2130,9,8,2012,5,16,35,0,14,2,US-80,,182,32.49275,-93.76383056,0,33,0,0,1,1,0,4,1,10,0,10,0,0000000,16,37,16,45,16,59,0,0,0,1,0