STATE,ST_CASE,VE_TOTAL,VE_FORMS,PVH_INVL,PEDS,PERNOTMVIT,PERMVIT,PERSONS,COUNTY,CITY,DAY,MONTH,YEAR,DAY_WEEK,HOUR,MINUTE,NHS,ROAD_FNC,ROUTE,TWAY_ID,TWAY_ID2,MILEPT,LATITUDE,LONGITUD,SP_JUR,HARM_EV,MAN_COLL,RELJCT1,RELJCT2,TYP_INT,WRK_ZONE,REL_ROAD,LGT_COND,WEATHER1,WEATHER2,WEATHER,SCH_BUS,RAIL,NOT_HOUR,NOT_MIN,ARR_HOUR,ARR_MIN,HOSP_HR,HOSP_MN,CF1,CF2,CF3,FATALS,DRUNK_DR
22,220366,1,1,0,0,0,2,2,103,0,1,8,2012,4,20,50,0,14,2,US-190,,2661,30.30548889,-89.86453889,0,42,0,0,1,1,0,4,2,1,0,1,0,0000000,20,51,20,57,99,99,0,0,0,1,0
22,220367,1,1,0,0,0,1,1,29,0,2,8,2012,5,2,12,0,5,3,SR-129,,152,31.4231,-91.79003056,0,42,0,0,1,1,0,4,2,1,0,1,0,0000000,2,33,2,51,88,88,0,0,0,1,0
22,220368,1,1,0,0,0,1,1,123,0,3,8,2012,6,15,30,0,5,3,SR-582,,64,32.78365,-91.40373889,0,32,0,0,1,1,0,4,1,1,0,1,0,0000000,15,42,16,9,17,4,0,0,0,1,0
22,220369,1,1,0,1,1,1,1,33,0,3,8,2012,6,21,4,1,13,2,US-61,ALCO AVE,711,30.40876944,-91.0642,0,8,0,0,3,1,0,1,2,1,0,1,0,0000000,21,4,21,13,21,27,0,0,0,1,0
22,220370,1,1,0,0,0,1,1,107,0,4,8,2012,7,1,30,0,5,3,SR-575,,117,32.18241944,-91.24641111,0,34,0,0,1,1,0,4,2,1,0,1,0,0000000,1,35,1,47,88,88,0,0,0,1,1
22,220371,3,3,0,0,0,4,4,57,0,4,8,2012,7,10,28,0,5,3,SR-308,,625,29.59086111,-90.44605,0,12,2,0,1,1,0,1,1,10,0,10,0,0000000,10,34,10,48,12,4,0,0,0,1,0
22,220372,3,3,0,0,0,6,6,55,1230,5,8,2012,1,2,12,1,13,2,US-90,,1123,30.18218056,-91.98936111,0,12,6,0,1,1,1,1,2,1,0,1,0,0000000,2,12,2,21,3,4,0,0,0,1,2
22,220373,2,2,0,0,0,2,2,15,0,7,8,2012,3,15,30,0,15,4,CR-SLIGO RD,ARKLA PLANT RD,0,32.46856389,-93.52743611,0,12,2,0,2,4,0,1,1,1,0,1,0,0000000,15,35,15,51,16,38,0,0,0,1,0
22,220374,1,1,0,1,1,1,1,5,0,8,8,2012,4,22,26,1,13,3,SR-30,,224,30.21032222,-90.97751111,0,8,0,0,1,1,0,1,2,1,0,1,0,0000000,22,31,22,42,23,16,0,0,0,1,0
22,220375,1,1,0,0,0,1,1,105,0,9,8,2012,5,7,20,1,1,1,I-55,,654,30.9937,-90.50695,0,24,0,0,1,1,0,4,1,1,0,1,0,0000000,7,21,7,28,88,88,0,0,0,1,0
22,220376,1,1,0,0,0,1,1,1,0,9,8,2012,5,15,30,0,4,3,SR-95,,155,30.42295833,-92.24580833,0,35,0,0,1,1,0,4,1,1,0,1,0,0000000,15,44,15,51,88,88,0,0,0,1,1
22,220377,1,1,0,0,0,2,2,97,0,10,8,2012,6,1,10,0,4,3,SR-363,,11,30.6851,-92.1477,0,35,0,0,1,1,0,4,2,10,0,10,0,0000000,1,20,1,50,3,0,0,0,0,1,1
22,220378,1,1,0,0,0,4,4,33,150,12,8,2012,1,2,45,1,11,1,I-10,,1634,30.38841111,-91.07521944,0,32,0,1,19,1,0,10,3,1,0,1,0,0000000,2,56,3,5,3,40,0,0,0,1,1
22,220379,1,1,0,0,0,1,1,3,0,12,8,2012,1,19,0,0,4,3,SR-10,,324,30.87868056,-92.80121111,0,35,0,0,1,1,0,4,1,1,0,1,0,0000000,19,8,19,20,88,88,0,0,0,1,0
22,220380,3,2,1,1,1,2,2,97,0,12,8,2012,1,19,8,1,2,2,US-190,,1335,30.54891944,-91.84305,0,12,7,0,1,1,0,1,1,1,0,1,0,0000000,19,16,19,42,88,88,0,0,0,1,0
22,220381,1,1,0,1,1,1,1,51,97,13,8,2012,2,20,20,1,13,2,US-90,,2457,29.91038056,-90.2114,0,8,0,0,1,1,0,1,3,1,0,1,0,0000000,20,29,20,39,88,88,0,0,0,1,0
22,220382,1,1,0,0,0,2,2,101,9997,13,8,2012,2,23,40,0,4,3,SR-83,,178,29.77693889,-91.77365,0,34,0,0,1,1,0,4,2,1,0,1,0,0000000,23,57,0,22,1,20,0,0,0,1,0
22,220383,2,2,0,0,0,3,3,73,0,15,8,2012,4,0,25,1,1,1,I-20,,1071,32.50976111,-92.275925,0,12,2,1,18,1,0,1,2,1,0,1,0,0000000,0,31,0,39,88,88,0,0,0,1,0
22,220384,1,1,0,0,0,1,1,25,0,15,8,2012,4,2,10,0,6,5,CR-PRINCE ROAD,,0,31.74892778,-91.66722778,0,1,0,0,1,1,0,4,2,1,0,1,0,0000000,2,12,2,30,2,57,0,0,0,1,1
22,220385,2,2,0,0,0,2,2,115,2060,16,8,2012,5,7,41,1,13,2,US-171,LEACH ROAD,500,30.91210833,-93.28334167,0,12,1,0,3,2,0,1,1,1,0,1,0,0000000,7,43,7,49,8,17,0,0,0,1,0
22,220386,1,1,0,0,0,1,1,25,0,17,8,2012,6,4,30,0,4,3,SR-126,,933,31.68300833,-91.90831944,0,42,0,0,1,1,0,4,2,1,0,1,0,0000000,88,88,88,88,88,88,0,0,0,1,1
22,220387,1,1,0,0,0,1,1,105,980,17,8,2012,6,15,16,1,11,1,I-55,,283,30.4684,-90.48153889,0,59,0,1,19,1,0,4,1,10,0,10,0,0000000,15,16,15,30,16,8,0,0,0,1,0
22,220388,1,1,0,0,0,3,3,99,0,18,8,2012,7,2,50,0,4,3,SR-347,,143,30.23272778,-91.83321667,0,30,0,0,1,1,0,4,2,10,0,10,0,0000000,2,53,3,2,3,34,0,0,0,1,0
22,220389,1,1,0,1,1,1,1,63,0,20,8,2012,2,21,0,0,4,3,SR-442,CR-STILLEY ROAD,94,30.57341111,-90.61116944,0,8,0,0,2,3,0,1,2,1,0,1,0,0000000,21,3,21,19,88,88,0,0,0,1,0
22,220390,1,1,0,2,2,1,1,113,0,25,8,2012,7,1,55,0,3,3,SR-14,,559,30.02533056,-92.49741944,0,8,0,0,1,1,0,1,2,1,0,1,0,0000000,1,58,2,17,2,32,0,0,0,1,0
22,220391,2,2,0,0,0,2,2,119,0,25,8,2012,7,21,30,1,1,1,I-20,,538,32.56619444,-93.17981944,0,1,0,0,1,1,0,1,2,1,0,1,0,0000000,21,32,21,49,88,88,14,0,0,1,0
22,220392,1,1,0,1,1,1,1,103,1225,26,8,2012,1,20,30,0,15,3,SR-434,,95,30.30632222,-89.94032222,0,9,0,0,1,1,0,1,2,1,0,1,0,0000000,20,33,20,41,88,88,0,0,0,1,0
22,220393,3,3,0,0,0,5,5,5,870,27,8,2012,2,16,57,0,14,3,SR-30,S. ROBERT WILSON,238,30.21066111,-90.95363889,0,12,6,0,2,2,0,1,1,1,0,1,0,0000000,17,0,17,5,17,20,0,0,0,1,0
22,220394,1,1,0,0,0,1,1,1,0,28,8,2012,3,9,33,1,1,1,I-10,,746,30.23123056,-92.49536111,0,23,0,0,1,1,0,4,1,1,0,1,0,0000000,9,38,9,51,88,88,0,0,0,1,0
22,220396,1,1,0,0,0,1,1,101,0,29,8,2012,4,18,20,0,15,3,SR-87,,138,29.90096111,-91.62716944,0,35,0,0,1,1,0,4,2,2,6,2,0,0000000,18,29,18,45,88,88,0,0,0,1,1
22,220397,2,2,0,0,0,4,4,61,2070,2,9,2012,1,21,8,1,13,2,US-80 W. CALIFORNIA AVE.,,89,32.5074,-92.6779,0,12,2,0,1,1,0,2,3,1,0,1,0,0000000,21,9,21,15,21,34,0,0,0,1,0
22,220398,2,2,0,0,0,3,3,17,946,2,9,2012,1,11,50,0,4,3,SR-169,,188,32.4141,-93.9684,0,12,2,0,1,1,0,1,1,1,0,1,0,0000000,12,0,12,12,12,30,0,0,0,1,0
22,220399,1,1,0,0,0,1,1,51,1545,2,9,2012,1,23,49,0,14,6,WEST ESPLANADE AVE.,LLOYD PETERSON LANE,0,30.01588889,-90.18011944,0,46,0,1,3,3,0,4,3,1,0,1,0,0000000,23,49,23,58,88,88,0,0,0,1,1
22,220400,1,1,0,1,1,5,5,33,150,3,9,2012,2,22,29,1,13,3,SR-427 PERKINS ROAD,CONGRESS BLVD,27,30.4136,-91.13661944,0,9,0,0,2,3,0,1,3,1,0,1,0,0000000,22,29,22,29,88,88,0,0,0,1,0
22,220401,2,2,0,0,0,3,3,1,1980,6,9,2012,5,9,30,0,6,4,CR-QUARTER POLE RD,RACE TRACK LANE,0,30.24263889,-92.21988056,0,12,2,0,2,3,0,1,1,1,0,1,0,0000000,9,31,9,47,10,23,0,0,0,2,0
22,220402,1,1,0,0,0,1,1,51,1231,9,9,2012,1,19,45,0,16,6,JEAN LAFITTE BLVD,,0,29.66608889,-90.10925,0,32,0,0,1,1,0,4,3,1,0,1,0,0000000,19,45,20,10,20,41,0,0,0,1,0
22,220403,1,1,0,1,1,1,1,51,1545,18,9,2012,3,20,7,0,14,6,VETERANS MEMORIAL BLVD,,0,30.00588889,-90.20071111,0,8,0,0,1,1,0,1,3,1,0,1,0,0000000,20,10,20,13,20,32,0,0,0,1,0
22,220404,2,2,0,0,0,5,5,19,1250,24,9,2012,2,4,19,1,11,1,I-10,,294,30.23713056,-93.24213889,0,12,1,0,1,1,0,1,4,1,0,1,0,0000000,4,22,4,32,5,5,0,0,0,1,0
22,220405,1,1,0,1,1,1,1,29,2310,27,9,2012,5,5,20,1,13,2,US-84 MURRAY DRIVE,MURRAY DRIVE,1796,31.57356944,-91.45443889,0,9,0,0,2,2,0,1,3,5,0,5,0,0000000,5,33,5,41,5,56,0,0,0,1,0
22,220406,1,1,0,0,0,1,1,71,1690,28,9,2012,6,4,17,1,11,1,I-10,,2355,29.95493333,-90.08215556,0,23,0,0,1,1,0,4,3,1,0,1,0,0000000,99,99,99,99,88,88,0,0,0,1,1
22,220407,1,1,0,0,0,1,1,19,9997,30,9,2012,1,5,20,0,15,4,CR-JOE MILLER ROAD,,0,30.34473056,-93.21228056,0,59,0,0,1,1,0,4,3,2,0,2,0,0000000,5,23,5,34,88,88,0,0,0,1,1
22,220408,2,2,0,0,0,2,2,79,1850,3,10,2012,4,9,29,1,13,3,SR-28,,575,31.3363,-92.37598889,0,12,2,0,1,1,0,1,1,1,0,1,0,0000000,9,30,9,38,10,20,0,0,0,2,0
22,220409,2,2,0,0,0,3,3,71,1690,7,10,2012,1,3,54,1,1,1,I-10,,2501,30.08893056,-89.91161944,0,12,7,0,1,1,0,1,2,1,0,1,0,0000000,99,99,99,99,99,99,0,0,0,1,0
22,220410,1,1,0,0,0,2,2,19,0,7,10,2012,1,4,15,0,6,4,CR-WRIGHT ROAD,,0,30.219,-93.67063056,0,42,0,0,1,1,0,4,2,1,0,1,0,0000000,99,99,99,99,99,99,0,0,0,1,1
22,220411,2,2,0,0,0,2,2,55,1230,14,10,2012,1,23,58,1,13,6,AMBASSADOR CAFFERY,ERASTE LANDRY ROAD,0,30.21918056,-92.07585,0,12,6,0,2,2,0,1,3,10,0,10,0,0000000,23,58,0,1,0,34,0,0,0,1,1
22,220412,1,1,0,1,1,1,1,51,0,6,6,2012,4,21,10,1,13,3,SR-23,,704,29.89523611,-90.03981111,0,8,0,0,1,1,0,99,3,10,0,10,0,0000000,21,12,21,15,21,48,0,0,0,1,0
22,220413,3,3,0,0,0,4,4,7,0,6,7,2012,6,16,40,0,4,3,SR-69,,24,30.04865,-91.13565,0,12,6,0,1,1,0,1,1,2,0,2,0,0000000,16,43,17,3,17,42,0,0,0,1,0
22,220414,1,1,0,0,0,1,1,105,0,30,7,2012,2,23,35,1,11,1,I-55,,299,30.48855,-90.49573056,0,42,0,0,1,1,0,4,2,1,0,1,0,0000000,23,42,0,2,0,24,0,0,0,1,1
22,220415,2,2,0,0,0,2,2,27,0,3,9,2012,2,17,50,0,3,2,US-79,SR-9,675,32.75658056,-93.07666944,0,12,6,0,2,2,0,1,1,1,0,1,0,0000000,17,54,18,0,18,25,0,0,0,1,0
22,220416,2,2,0,0,0,2,2,123,0,3,9,2012,2,18,28,0,6,3,SR-588,,73,32.74348889,-91.4936,0,12,6,0,8,1,0,1,1,1,0,1,0,0000000,18,41,18,46,19,3,0,0,0,1,0
22,220417,1,1,0,0,0,2,2,109,0,4,9,2012,3,2,11,0,14,3,SR-182,,250,29.59545,-90.82676111,0,35,0,0,1,1,0,4,3,1,0,1,0,0000000,2,17,2,33,3,0,0,0,0,1,1
22,220418,2,2,0,0,0,4,4,117,0,5,9,2012,4,9,5,0,3,3,SR-10,,2320,30.83915833,-90.1732,0,12,6,0,1,1,0,1,1,1,0,1,0,0000000,9,8,9,10,9,36,0,0,0,1,0
22,220419,2,2,0,0,0,3,3,57,0,5,9,2012,4,10,52,0,14,3,SR-3235,WEST 23RD ST,148,29.55563889,-90.36916111,0,12,1,0,3,2,0,1,1,1,0,1,0,0000000,10,53,11,4,11,20,0,0,0,1,0
22,220420,2,2,0,1,1,2,2,39,0,6,9,2012,5,7,34,0,3,3,SR-10,SR-376,623,30.69276944,-92.39811944,0,12,6,0,2,2,0,1,4,1,0,1,0,0000000,7,36,8,47,9,22,0,0,0,1,0
22,220421,1,1,0,1,1,1,1,95,9999,6,9,2012,5,20,10,0,4,3,SR-18,,376,30.04658056,-90.57653889,0,9,0,0,1,1,0,1,3,1,0,1,0,0000000,99,99,99,99,88,88,0,0,0,1,1
22,220422,2,2,0,0,0,5,5,89,0,7,9,2012,6,14,14,0,3,2,US-61,,172,29.98953889,-90.36983889,0,33,0,0,1,1,0,4,1,1,0,1,0,0000000,14,21,14,33,14,51,0,0,0,1,0
22,220423,3,3,0,0,0,4,4,33,0,9,9,2012,1,11,99,1,13,2,US-61,,938,30.66931944,-91.25983056,0,1,0,0,1,1,0,3,1,1,0,1,0,0000000,12,0,12,10,12,43,14,0,0,2,0
22,220424,3,3,0,1,1,6,6,57,795,11,9,2012,3,3,8,0,14,3,SR-3235,,61,29.44121111,-90.31091111,0,8,0,0,1,1,0,1,2,1,0,1,0,0000000,3,8,3,25,88,88,0,0,0,1,0
22,220425,3,3,0,0,0,4,4,97,0,11,9,2012,3,7,0,0,14,3,SR-3233,,4,30.47936111,-92.08751944,0,12,1,0,1,1,0,1,1,1,0,1,0,0000000,7,1,7,4,7,43,0,0,0,1,0
22,220426,2,2,0,0,0,3,3,69,0,11,9,2012,3,15,20,1,1,1,I-49,,1439,31.79488056,-93.2029,0,12,1,0,1,1,0,1,1,1,0,1,0,0000000,15,23,15,35,16,19,0,0,0,1,0
22,220427,2,2,0,0,0,2,2,89,0,14,9,2012,6,4,14,1,1,1,I-10,,2179,30.03038056,-90.33416944,0,12,1,0,1,1,0,1,2,1,0,1,0,0000000,88,88,88,88,88,88,19,23,0,2,0
22,220428,2,2,0,0,0,8,8,15,0,16,9,2012,1,14,30,0,4,3,SR-164,,31,32.53518056,-93.45941111,0,12,2,0,1,1,0,1,1,10,0,10,0,0000000,14,35,15,4,15,33,0,0,0,1,0
22,220429,1,1,0,1,1,2,2,87,350,17,9,2012,2,6,24,1,13,3,SR-47,E. D'AMOUR STREET,3,29.94141111,-89.96423056,0,8,0,0,2,2,0,1,3,10,0,10,0,0000000,6,27,6,28,6,57,0,0,0,1,0
22,220430,2,1,1,0,4,1,5,105,0,17,9,2012,2,13,0,1,1,1,I-12,,458,30.47878056,-90.36545,0,14,0,0,1,1,0,2,1,1,0,1,0,0000000,13,5,13,15,14,20,23,0,0,1,0
22,220431,2,2,0,0,0,4,4,7,0,18,9,2012,3,15,33,0,14,3,SR-70-SPUR,SR-308,1,29.99013056,-91.02928056,0,12,6,0,2,2,0,1,1,1,0,1,0,0000000,15,38,16,9,16,34,0,0,0,1,0
22,220432,1,1,0,2,2,1,1,51,1125,18,9,2012,3,20,19,1,13,2,US-90 JEFFERSON HWY,,2514,29.95843889,-90.17371111,0,8,0,0,1,1,0,1,3,1,0,1,0,0000000,20,20,20,31,20,42,0,0,0,1,0
22,220433,2,2,0,0,0,2,2,45,0,20,9,2012,5,3,0,1,2,2,US-90,,1389,29.91331111,-91.71768889,0,12,1,0,1,1,0,1,2,1,0,1,0,9999999,3,3,3,3,88,88,0,0,0,1,0
22,220434,1,1,0,0,0,1,1,69,0,25,9,2012,3,13,3,0,3,2,US-71,,1211,31.77638056,-92.99650833,0,35,0,0,1,1,0,4,1,1,0,1,0,0000000,13,15,13,29,88,88,0,0,0,1,0
22,220435,1,1,0,0,0,1,1,97,0,27,9,2012,5,7,25,0,4,3,SR-363 GRAND PRAIRIE HWY,,1,30.67185,-92.14678889,0,35,0,0,1,1,0,4,1,1,0,1,0,0000000,7,30,7,42,88,88,0,0,0,1,0
22,220436,1,1,0,0,0,1,1,25,0,27,9,2012,5,22,25,0,5,3,SR-124,,755,31.53225,-91.85676111,0,1,0,0,1,1,0,1,2,1,0,1,0,0000000,22,32,22,46,23,26,0,0,0,1,0
22,220437,3,3,0,0,0,3,3,5,0,28,9,2012,6,6,34,0,14,3,SR-73,,86,30.313225,-90.97288056,0,12,2,0,1,1,0,1,1,1,0,1,0,0000000,6,37,6,46,7,28,0,0,0,1,1
22,220438,2,2,0,0,0,3,3,123,0,28,9,2012,6,15,27,0,3,3,SR-2,SR-582,1722,32.80118056,-91.49259444,0,12,6,0,2,2,0,1,1,1,0,1,0,0000000,15,35,15,43,16,59,0,0,0,1,0
22,220439,1,1,0,0,0,3,3,5,0,28,9,2012,6,18,10,0,5,3,SR-18,,22,30.10101111,-90.96405556,0,34,0,0,1,1,0,4,5,10,0,10,0,0000000,18,14,18,26,19,1,0,0,0,2,1
22,220440,1,1,0,1,1,1,1,45,0,29,9,2012,7,20,35,1,2,2,US-90,,1344,29.94571389,-91.78227778,0,8,0,0,1,1,0,1,2,10,0,10,0,0000000,20,40,20,48,88,88,0,0,0,1,0
22,220441,1,1,0,0,0,1,1,81,0,3,10,2012,4,10,5,0,4,3,SR-1,,3565,32.1146,-93.47878056,0,43,0,0,1,1,0,4,1,1,0,1,0,0000000,10,29,10,46,11,14,0,0,0,1,0
22,220442,1,1,0,0,0,1,1,111,0,13,10,2012,7,20,0,0,6,4,CR-ALABAMA LANDING ROAD,,0,32.87678889,-92.09608056,0,42,0,0,1,1,0,4,2,1,0,1,0,0000000,20,1,20,35,88,88,0,0,0,1,1
22,220443,1,1,0,1,1,1,1,105,0,14,10,2012,1,22,15,0,15,3,SR-1064,,75,30.54847778,-90.45763056,0,9,0,0,1,1,0,2,2,1,0,1,0,0000000,88,88,88,88,88,88,0,0,0,1,0
22,220444,1,1,0,0,0,1,1,19,0,20,10,2012,7,1,0,0,14,3,SR-378,,45,30.29598056,-93.24991944,0,52,0,0,1,1,0,4,2,1,0,1,0,0000000,1,3,1,15,88,88,0,0,0,1,1
22,220445,3,3,0,0,0,3,3,51,1545,1,10,2012,2,1,11,1,13,2,US-61,,30,29.97306944,-90.13851111,0,12,6,0,1,1,0,1,3,1,0,1,0,0000000,1,14,1,21,1,49,0,0,0,1,0
22,220446,1,1,0,1,1,1,1,19,0,3,10,2012,4,8,16,1,1,1,I-10,,122,30.19393056,-93.52181944,0,8,0,0,1,1,0,1,1,1,0,1,0,0000000,8,16,8,29,88,88,0,0,0,1,0
22,220447,1,1,0,0,0,1,1,121,0,6,10,2012,7,99,99,0,16,3,SR-987-3,,17,30.47738056,-91.23868056,0,35,0,0,1,1,0,4,2,1,0,1,0,0000000,0,39,0,49,88,88,0,0,0,1,1
22,220448,3,1,2,1,8,2,9,89,1358,6,10,2012,7,6,55,1,11,1,I-310,,85,29.93436111,-90.37875556,0,14,0,0,1,1,0,2,4,5,0,5,0,0000000,7,0,7,6,99,99,23,0,0,2,0
22,220449,2,2,0,0,0,2,2,101,1600,10,10,2012,4,16,14,0,15,6,RAILROAD AVE,OAK ST,0,29.69301944,-91.19328056,0,12,2,0,3,3,0,1,1,1,0,1,0,0000000,16,18,16,23,16,48,20,0,0,1,0
22,220450,2,2,0,0,0,4,4,21,0,6,10,2012,7,1,19,0,6,3,SR-849,,69,32.02416944,-92.03965,0,12,7,0,1,1,0,1,2,1,0,1,0,0000000,1,12,1,29,99,99,0,0,0,1,2
22,220451,1,1,0,0,0,1,1,1,0,16,10,2012,3,3,21,0,3,3,SR-13 CROWLEY HWY,,141,30.18196944,-92.36273889,0,1,0,0,1,1,0,2,2,1,0,1,0,0000000,3,21,3,28,88,88,0,0,0,1,1
22,220452,1,1,0,1,1,1,1,115,0,30,10,2012,3,5,30,0,5,3,SR-121,,119,31.14345,-92.86286111,0,8,0,0,1,1,0,1,2,1,0,1,0,0000000,88,88,88,88,88,88,0,0,0,1,0
22,220453,1,1,0,0,0,1,1,37,0,1,10,2012,2,0,19,0,3,3,SR-10,,1830,30.88893611,-90.86938611,0,42,0,0,1,1,0,4,2,10,0,10,0,0000000,0,21,0,36,88,88,0,0,0,1,0
22,220454,1,1,0,0,0,1,1,33,150,2,10,2012,3,20,55,0,14,3,SR-73,,125,30.36166944,-90.99915,0,32,0,0,1,1,0,4,2,1,0,1,0,0000000,20,58,21,7,88,88,0,0,0,1,0
22,220455,2,2,0,0,0,3,3,77,0,3,10,2012,4,11,40,0,3,3,SR-1,,1939,30.76446111,-91.61173889,0,12,6,0,1,1,0,1,1,1,0,1,0,0000000,11,49,12,2,88,88,0,0,0,1,0
22,220456,1,1,0,0,0,1,1,13,0,13,10,2012,7,14,51,0,4,3,SR-154,,124,32.30832222,-93.37699444,0,1,0,0,1,1,0,1,1,1,0,1,0,0000000,14,57,15,20,15,50,0,0,0,1,1
22,220457,1,1,0,0,0,3,3,5,0,6,10,2012,7,2,15,1,13,2,US-61,,593,30.26458889,-90.93701111,0,35,0,0,1,1,0,4,2,1,0,1,0,0000000,2,15,2,25,88,88,20,0,0,2,0
22,220458,1,1,0,1,1,1,1,115,0,8,10,2012,2,5,5,1,2,2,US-171,,741,31.23116389,-93.336225,0,8,0,0,1,1,0,1,2,10,0,10,0,0000000,5,9,5,20,88,88,0,0,0,1,0
22,220459,2,2,0,0,0,3,3,113,1500,11,10,2012,5,12,20,1,13,2,US-167,OPTA ST,96,30.10944444,-92.1246,0,12,6,0,2,3,0,1,1,1,0,1,0,0000000,12,22,12,34,13,7,0,0,0,1,0
22,220460,1,1,0,0,0,1,1,63,0,11,10,2012,5,15,30,1,1,1,I-12 EXIT RAMP,SR-43,333,30.47836111,-90.57528889,0,1,0,1,5,1,0,4,1,1,0,1,0,0000000,15,40,15,51,88,88,0,0,0,1,0
22,220461,1,1,0,0,0,1,1,63,791,13,10,2012,7,0,11,0,4,3,SR-42,,288,30.33986389,-90.79536667,0,35,0,0,1,1,0,4,2,1,0,1,0,0000000,0,13,0,31,88,88,0,0,0,1,1
22,220462,2,2,0,0,0,4,4,97,0,14,10,2012,1,0,10,0,3,2,US-190,INDUSTRIAL RD,1006,30.49521944,-92.38141111,0,12,1,0,3,2,0,1,2,1,0,1,0,0000000,0,23,0,29,0,43,0,0,0,2,1
22,220463,3,3,0,0,0,4,4,109,0,15,10,2012,2,15,23,1,13,3,SR-24,ST GEORGE RD,3,29.73912778,-90.80606389,0,12,6,0,2,2,0,1,1,10,0,10,0,0000000,15,28,15,40,16,26,0,0,0,1,0
22,220464,1,1,0,0,0,1,1,57,0,15,10,2012,2,20,5,0,5,3,SR-307,,94,29.87103611,-90.60544722,0,43,0,0,1,1,0,4,3,1,0,1,0,0000000,20,9,20,28,88,88,0,0,0,1,1
22,220465,1,1,0,0,0,1,1,85,0,18,10,2012,5,0,19,0,4,3,SR-175,,74,31.67086944,-93.50661944,0,30,0,0,1,1,0,4,2,2,0,2,0,0000000,0,23,0,35,88,88,0,0,0,1,1
22,220466,2,2,0,0,0,3,3,11,0,19,10,2012,6,8,55,0,3,2,US-190,,538,30.51655,-93.15401111,0,12,2,0,1,1,0,1,1,1,0,1,0,0000000,8,57,9,15,10,19,0,0,0,1,0
22,220467,1,1,0,0,0,1,1,97,0,20,10,2012,7,99,99,0,5,3,SR-104,,376,30.54041111,-92.16882222,0,35,0,0,1,1,0,4,2,1,0,1,0,0000000,21,9,21,20,88,88,0,0,0,1,1
22,220468,1,1,0,0,0,3,3,109,0,21,10,2012,1,0,30,0,5,3,SR-55,,71,29.46011111,-90.56208056,0,43,0,0,1,1,0,4,3,1,0,1,0,0000000,0,36,0,55,1,49,0,0,0,2,1
22,220469,1,1,0,1,1,1,1,99,0,21,10,2012,1,20,40,0,6,3,SR-997,,130,29.90988889,-91.22333889,0,8,0,0,1,1,0,2,2,10,0,10,0,0000000,20,47,21,9,88,88,0,0,0,1,1
22,220470,1,1,0,0,0,1,1,15,0,21,10,2012,1,20,57,0,4,3,SR-3,,302,32.94213889,-93.6977,0,43,0,0,1,1,0,4,2,1,0,1,0,0000000,21,3,21,7,88,88,0,0,0,1,0
22,220471,2,2,0,0,0,2,2,5,0,27,10,2012,7,4,27,0,14,3,SR-30,,174,30.24114722,-91.04748889,0,12,2,0,1,1,0,1,2,1,0,1,0,0000000,4,39,4,57,5,40,0,0,0,1,1
22,220472,1,1,0,1,1,2,2,45,0,27,10,2012,7,21,8,0,15,3,SR-182,,953,29.93528333,-91.69006111,0,9,0,0,1,1,0,1,2,1,0,1,0,0000000,21,8,21,19,21,36,0,0,0,1,0
22,220473,1,1,0,0,0,1,1,17,9999,9,1,2012,2,0,30,0,14,4,CR-BUNCOMBE ROAD,,0,32.3802,-93.9889,0,23,0,0,1,1,0,4,2,2,0,2,0,0000000,0,30,0,35,88,88,0,0,0,1,0
22,220474,1,1,0,1,1,2,2,39,2320,3,4,2012,3,20,18,1,13,2,US-167,,623,30.6862,-92.26895,0,8,0,0,1,1,0,1,2,1,0,1,0,0000000,20,19,20,22,20,42,0,0,0,1,0
22,220475,1,1,0,0,0,1,1,57,9999,1,8,2012,4,19,47,0,5,3,SR-307,,138,29.81788889,-90.59309167,0,42,0,0,1,1,0,4,1,1,0,1,0,0000000,19,50,20,7,20,34,0,0,0,1,0
22,220476,3,3,0,0,0,4,4,19,9999,30,8,2012,5,8,0,0,14,3,SR-27,,781,30.15441111,-93.36856944,0,12,8,0,1,1,0,1,1,10,0,10,0,0000000,8,8,8,17,9,1,0,0,0,1,0
22,220477,1,1,0,0,0,1,1,103,9999,30,8,2012,5,19,40,1,11,1,I-10,OAK HARBOR BOULEVARD,2616,30.21771111,-89.78741944,0,3,0,1,5,1,0,5,2,10,0,10,0,0000000,19,44,20,1,21,20,5,0,0,1,1
22,220478,1,1,0,1,1,1,1,103,9999,3,9,2012,2,20,48,0,15,3,SR-1091,,35,30.32616111,-89.74498056,0,8,0,0,1,1,0,1,2,1,0,1,0,0000000,20,51,20,59,21,56,0,0,0,1,0
22,220479,1,1,0,0,0,1,1,91,9999,23,9,2012,1,18,30,0,4,3,SR-43,,321,30.84025278,-90.66780556,0,32,0,0,1,1,0,4,1,1,0,1,0,0000000,18,43,18,49,88,88,0,0,0,1,1
22,220480,1,1,0,1,1,2,2,33,150,25,9,2012,3,20,18,1,13,3,SR-3246,N. REIGER RD,25,30.38438611,-91.06483333,0,8,0,0,3,2,0,1,3,1,0,1,0,0000000,20,18,20,29,20,41,0,0,0,1,0
22,220481,2,2,0,1,1,4,4,33,150,30,9,2012,1,23,0,0,15,3,SR-327S GARDERE LANE,PASCAGOULA DR.,9,30.3511,-91.13231944,0,9,0,0,2,3,0,1,2,5,0,5,0,0000000,23,4,23,13,23,33,0,0,0,1,1
22,220482,1,1,0,1,1,1,1,51,990,30,9,2012,1,19,30,0,15,6,HICKORY AVENUE,,0,29.9695,-90.20766944,0,15,0,0,1,1,0,1,5,10,0,10,0,0000000,19,30,19,34,88,88,0,0,0,1,1