STATE,ST_CASE,VE_TOTAL,VE_FORMS,PVH_INVL,PEDS,PERNOTMVIT,PERMVIT,PERSONS,COUNTY,CITY,DAY,MONTH,YEAR,DAY_WEEK,HOUR,MINUTE,NHS,ROAD_FNC,ROUTE,TWAY_ID,TWAY_ID2,MILEPT,LATITUDE,LONGITUD,SP_JUR,HARM_EV,MAN_COLL,RELJCT1,RELJCT2,TYP_INT,WRK_ZONE,REL_ROAD,LGT_COND,WEATHER1,WEATHER2,WEATHER,SCH_BUS,RAIL,NOT_HOUR,NOT_MIN,ARR_HOUR,ARR_MIN,HOSP_HR,HOSP_MN,CF1,CF2,CF3,FATALS,DRUNK_DR
22,220483,2,1,1,1,1,1,1,51,1005,20,8,2012,2,6,58,0,14,6,MANHATTAN BOULEVARD,GRETNA BOULEVARD,0,29.89303056,-90.05923056,0,8,0,0,1,1,4,1,1,10,0,10,0,0000000,7,5,7,12,7,31,0,0,0,1,0
22,220484,1,1,0,1,1,1,1,71,1690,10,8,2012,6,22,25,1,12,2,US-90Z,,100,29.93031944,-90.03606944,0,8,0,1,5,1,0,1,3,1,0,1,0,0000000,99,99,99,99,99,99,0,0,0,1,0
22,220485,1,1,0,0,0,1,1,15,9999,29,9,2012,7,9,42,0,15,3,SR-527,,11,32.39306111,-93.57958889,0,34,0,0,1,1,0,4,1,10,0,10,0,0000000,9,47,9,56,88,88,0,0,0,1,0
22,220486,2,2,0,0,0,2,2,71,1690,2,5,2012,4,8,23,0,14,3,SR-428,EASTER LANE,75,29.93536944,-90.01098889,0,12,6,0,2,3,0,1,1,10,0,10,0,0000000,99,99,99,99,88,88,21,0,0,1,0
22,220487,1,1,0,1,1,1,1,71,1690,16,6,2012,7,21,19,1,13,2,US-90 NORTH BROAD STREET,DUELS STREET,2613,29.98513056,-90.07001111,0,8,0,0,2,2,0,1,3,10,0,10,0,0000000,99,99,99,99,88,88,0,0,0,1,0
22,220488,1,1,0,0,0,1,1,71,1690,20,5,2012,1,19,30,0,15,6,DESAIX BOULEVARD,,0,29.98856111,-90.07546944,0,31,0,0,1,1,0,3,3,1,0,1,0,0000000,99,99,99,99,99,99,0,0,0,1,1
22,220489,1,1,0,1,1,1,1,17,2130,13,6,2012,4,4,1,0,14,6,CLYDE FANT PKWY,E. STONER AVE.,0,32.50056944,-93.71551944,0,8,0,0,3,2,0,1,3,1,0,1,0,0000000,4,1,4,8,88,88,0,0,0,1,0
22,220490,2,2,0,0,0,2,2,33,2490,14,6,2012,5,0,18,1,13,3,SR-64,US-61,7,30.64688056,-91.2467,0,12,1,0,3,3,0,1,2,1,0,1,0,0000000,0,22,0,35,1,5,0,0,0,1,1
22,220491,1,1,0,1,1,1,1,71,1690,26,7,2012,5,2,38,0,14,6,ST. CHARLES AVENUE,TOLEDANO STREET,0,29.92868889,-90.09031944,0,8,0,0,2,2,0,1,3,1,0,1,0,0000000,2,38,2,44,3,2,0,0,0,1,1
22,220492,1,1,0,1,1,1,1,79,840,15,9,2012,7,7,99,0,6,4,CR-TURKEY CREEK,,0,99.99990000,999.99990000,0,49,0,0,1,1,0,1,1,1,0,1,0,0000000,7,32,7,41,88,88,0,0,0,1,0
22,220493,1,1,0,0,0,1,1,33,150,2,8,2012,5,5,46,1,11,1,I-110 EXIT RAMP,,8,30.44835,-91.1805,0,21,0,1,5,1,0,4,3,1,0,1,0,0000000,5,48,5,49,88,88,0,0,0,1,0
22,220494,1,1,0,0,0,1,1,33,150,8,9,2012,7,3,56,0,15,4,CR-S. TIGER BEND RD.,HOO SHOO TOO ROAD,0,30.35413056,-90.97143889,0,1,0,0,2,2,0,1,2,1,0,1,0,0000000,3,57,4,8,88,88,0,0,0,1,1
22,220495,1,1,0,1,1,2,2,97,1800,7,10,2012,1,2,51,1,11,1,I-49,,187,30.51563889,-92.06898889,0,8,0,1,18,1,0,1,3,1,0,1,0,0000000,3,8,3,12,88,88,0,0,0,1,0
22,220496,2,2,0,0,0,3,3,93,9999,4,10,2012,5,12,5,0,4,3,SR-18 RIVER ROAD,,290,30.02776944,-90.69306111,0,12,2,0,1,1,1,2,1,1,0,1,0,0000000,12,22,12,27,12,59,0,0,0,1,0
22,220497,1,1,0,1,1,1,1,51,1545,16,10,2012,3,22,0,1,13,6,VETERAN'S BLVD,FOCIS ST.,0,30.00168889,-90.12926111,0,8,0,0,2,2,0,1,3,1,0,1,0,0000000,22,10,22,18,88,88,0,0,0,1,0
22,220498,3,3,0,0,0,6,6,79,9999,18,10,2012,5,14,55,1,2,3,SR-28,WIGGINS ROAD,620,31.36495,-92.30521944,0,12,1,0,2,3,0,1,1,1,0,1,0,0000000,15,2,15,14,16,6,0,0,0,1,0
22,220499,2,2,0,0,0,2,2,99,1026,18,10,2012,5,20,6,1,1,1,I-10,,1173,30.32186944,-91.80063056,0,12,2,0,1,1,0,1,2,1,0,1,0,0000000,20,7,20,25,99,99,0,0,0,1,0
22,220500,1,1,0,0,0,1,1,19,2330,19,10,2012,6,21,50,0,6,4,CR-GRAY RD.,,0,30.1616,-93.54893056,0,1,0,0,1,1,0,1,2,1,0,1,0,0000000,88,88,88,88,88,88,0,0,0,1,1
22,220501,1,1,0,0,0,4,4,5,870,20,10,2012,7,18,29,1,13,3,SR-30,,259,30.21078889,-90.91823056,0,34,0,0,1,1,0,4,1,1,0,1,0,0000000,18,30,18,34,19,11,20,0,0,1,0
22,220502,1,1,0,0,0,1,1,79,0,25,10,2012,5,8,50,0,6,3,SR-1205,,4,31.35058889,-92.32736111,0,42,0,0,1,1,0,4,1,1,0,1,0,0000000,8,53,9,4,9,41,0,0,0,1,0
22,220503,2,2,0,0,0,3,3,7,9898,25,10,2012,5,13,43,0,3,3,SR-70,,168,29.92071944,-91.21798056,0,12,2,0,1,1,0,1,1,1,0,1,0,0000000,13,44,14,3,14,43,0,0,0,1,0
22,220504,1,1,0,0,0,1,1,19,1250,26,10,2012,6,0,51,0,15,6,SHELL BEACH DRIVE,,0,30.21801111,-93.22958056,0,33,0,0,1,1,0,4,2,1,0,1,0,0000000,0,51,99,99,88,88,2,0,0,1,1
22,220505,1,1,0,0,0,1,1,101,9898,27,10,2012,7,12,44,1,13,2,US-90,,1566,29.76535,-91.48896944,0,42,0,0,1,1,0,4,1,1,0,1,0,0000000,12,46,12,58,88,88,0,0,0,1,0
22,220506,1,1,0,0,0,1,1,51,1545,28,10,2012,1,17,11,1,11,7,I-10 SERVICE ROAD,NEYREY DRIVE,2285,29.99761111,-90.16713056,0,59,0,0,3,3,0,4,1,1,0,1,0,0000000,17,12,17,17,88,88,0,0,0,1,1
22,220507,3,3,0,0,0,3,3,127,2440,29,10,2012,2,14,38,1,13,2,US-167,DUNN AVENUE,1603,31.93348056,-92.65331111,0,12,6,0,2,3,0,1,1,1,0,1,0,0000000,14,38,14,41,15,3,0,0,0,1,0
22,220508,1,1,0,0,0,1,1,5,870,29,10,2012,2,20,28,0,14,3,SR-73,STEVENSON RD.,31,30.23775,-90.99013889,0,42,0,0,3,3,0,4,3,1,0,1,0,0000000,20,32,20,41,88,88,0,0,0,1,1
22,220509,1,1,0,0,0,1,1,121,9898,31,10,2012,4,23,55,0,14,3,SR-415 N. RIVER RD,ALLENDALE RD.,53,30.49673889,-91.27563889,0,31,0,0,3,3,0,4,3,1,0,1,0,0000000,23,57,0,16,0,52,0,0,0,1,1
22,220510,3,3,0,0,0,9,9,105,9898,18,10,2012,5,19,35,0,6,4,CR-WARDLINE RD.,,0,30.51898056,-90.52896111,0,12,1,0,1,1,0,1,2,1,0,1,0,0000000,19,38,19,40,20,30,0,0,0,1,1
22,220511,1,1,0,1,1,1,1,33,150,2,2,2012,5,11,53,0,14,6,EAST BLVD.,,0,30.4453,-91.18033056,0,8,0,0,1,1,0,1,1,10,0,10,0,0000000,11,53,12,0,12,21,0,0,0,1,0
22,220512,1,1,0,1,1,1,1,99,2100,28,9,2012,6,14,56,0,14,3,SR-31 MAIN STREET,E. HYACINTH STREET,82,30.1173,-91.8317,0,8,0,0,2,2,0,1,1,10,0,10,0,0000000,14,56,15,0,15,39,0,0,0,1,0
22,220513,1,1,0,1,1,1,1,33,150,30,9,2012,1,21,40,1,13,3,SR-37 GREENWELL SPRINGS RD,,26,30.48891944,-91.07593889,0,8,0,0,1,1,0,1,2,10,0,10,0,0000000,21,41,21,48,88,88,0,0,0,1,0
22,220514,1,1,0,0,0,1,1,43,1900,8,9,2012,7,8,20,0,5,4,CR-MERCER ROAD,,0,31.55763056,-92.45863056,0,42,0,0,1,1,0,4,1,1,0,1,0,0000000,8,27,8,34,9,51,0,0,0,1,0
22,220515,1,1,0,1,1,1,1,17,2130,27,8,2012,2,22,27,0,14,2,US-80 GREENWOOD ROAD,ESPLANADE AVENUE,151,32.47121111,-93.80951111,0,8,0,0,2,3,0,1,3,1,0,1,0,0000000,22,28,22,34,88,88,0,0,0,1,0
22,220516,1,1,0,0,0,1,1,17,2130,26,2,2012,1,8,20,0,4,3,SR-169 GREENWOOD MOORINGS,,353,32.6415,-93.9808,0,30,0,0,1,1,0,4,1,1,0,1,0,0000000,8,20,8,28,9,31,0,0,0,1,0
22,220517,2,2,0,0,0,5,5,17,2130,15,3,2012,5,16,25,1,13,3,SR-511 E. 70TH STREET,E. BERT KOUNS,151,32.44611944,-93.70120556,0,12,6,0,3,2,0,1,1,1,0,1,0,0000000,16,26,16,37,17,2,0,0,0,1,0
22,220518,1,1,0,0,0,1,1,55,1230,6,11,2012,3,6,5,1,13,2,US-90 EAST,N. SOUTHPARK RD.,1133,30.17118056,-91.97963889,0,34,0,0,3,3,0,4,4,5,0,5,0,0000000,6,6,6,13,6,34,0,0,0,1,0
22,220519,1,1,0,0,0,2,2,17,2130,26,7,2012,5,4,25,0,15,6,S. LAKESHORE,,0,32.50168889,-93.87733889,0,18,0,0,1,1,0,4,2,1,0,1,0,0000000,4,25,4,28,88,88,0,0,0,2,1
22,220520,4,4,0,0,0,5,5,33,150,2,11,2012,6,2,18,1,11,1,I-10,,1555,30.43893056,-91.18755,0,12,2,0,1,1,0,1,3,5,0,5,0,0000000,2,34,2,41,3,6,0,0,0,2,1
22,220521,1,1,0,0,0,1,1,63,9898,2,11,2012,6,10,25,1,1,1,I-12,,242,30.47445,-90.72768056,0,1,0,0,1,1,0,3,1,1,0,1,0,0000000,10,27,10,35,88,88,23,0,0,1,0
22,220522,2,2,0,0,0,2,2,119,9898,2,11,2012,6,12,10,0,3,2,US-371,,366,32.42603056,-93.28221111,0,12,2,0,1,1,0,1,1,1,0,1,0,0000000,12,12,12,36,88,88,0,0,0,1,0
22,220523,1,1,0,1,1,2,2,109,0,2,11,2012,6,18,15,0,15,4,CR-COUNTRY ESTATES DRIVE,,0,29.66285,-90.744,0,9,0,0,1,1,0,1,5,1,0,1,0,0000000,18,19,18,23,18,36,0,0,0,1,1
22,220524,1,1,0,0,0,2,2,101,9898,3,11,2012,7,1,20,0,15,3,SR-182,,906,29.89741944,-91.62868889,0,59,0,0,1,1,0,4,2,1,0,1,0,0000000,1,20,1,38,2,12,0,0,0,1,1
22,220525,2,2,0,0,0,2,2,55,1230,3,11,2012,7,2,42,1,11,1,I-10,,1035,30.2583,-92.01846111,0,12,1,1,18,1,0,1,2,5,0,5,0,0000000,2,42,2,50,3,52,0,0,0,1,2
22,220526,2,2,0,0,0,6,6,97,1800,5,11,2012,2,2,16,1,11,1,I-49,,160,30.47631111,-92.07688056,0,12,7,0,1,1,0,1,3,1,0,1,0,0000000,2,17,2,24,3,19,0,0,0,1,2
22,220527,2,2,0,0,0,5,5,15,9898,5,11,2012,2,7,27,1,13,3,SR-3,VANCEVILLE ROAD,60,32.60113056,-93.73388056,0,12,6,0,2,3,0,1,1,1,0,1,0,0000000,7,47,7,53,8,8,0,0,0,1,0
22,220528,1,1,0,1,1,1,1,79,770,7,11,2012,4,14,5,1,2,2,US-165,,610,31.02366944,-92.54618889,0,9,0,0,1,1,0,1,1,1,0,1,0,0000000,14,11,14,14,14,45,0,0,0,1,0
22,220529,2,2,0,0,0,2,2,33,9898,9,11,2012,6,15,55,1,13,2,US-61,,683,30.37640556,-91.03453611,0,1,0,0,8,1,0,1,1,1,0,1,0,0000000,15,59,16,7,88,88,0,0,0,1,0
22,220530,1,1,0,0,0,1,1,31,9898,9,11,2012,6,22,19,1,1,1,I-49,,1642,31.9736,-93.46351944,0,1,0,0,1,1,0,1,2,1,0,1,0,0000000,22,20,22,31,88,88,0,0,0,1,1
22,220531,1,1,0,1,1,1,1,105,9898,10,11,2012,7,22,30,0,4,3,SR-445,,78,30.54628056,-90.34533889,0,9,0,0,1,1,0,1,2,1,0,1,0,0000000,88,88,88,88,88,88,0,0,0,1,0
22,220532,2,2,0,0,0,2,2,57,9898,10,11,2012,7,7,51,0,14,3,SR-3185,,1,29.80165278,-90.84944167,0,12,6,0,8,1,0,1,1,1,0,1,0,0000000,7,58,8,5,8,27,0,0,0,1,0
22,220533,2,2,0,0,0,2,2,105,9898,10,11,2012,7,10,20,0,4,3,SR-38,,172,30.9273,-90.55856111,0,12,2,0,1,1,0,1,1,1,0,1,0,0000000,10,21,10,26,11,27,0,0,0,1,1
22,220534,2,2,0,0,0,3,3,33,150,13,11,2012,3,7,45,1,13,3,SR-73,INNISWOLD ROAD,184,30.41083056,-91.0771,0,12,6,0,2,2,0,1,1,1,0,1,0,0000000,7,51,7,58,88,88,0,0,0,1,0
22,220535,1,1,0,1,1,1,1,19,1250,17,11,2012,7,21,34,1,13,3,SR-3186,,10,30.17618889,-93.19643889,0,8,0,0,1,1,0,1,3,1,0,1,0,0000000,21,36,21,39,88,88,0,0,0,1,0
22,220536,2,2,0,0,0,5,5,55,1230,21,11,2012,4,23,42,0,14,6,KALISTE SALOOM RD.,RUE LOUIS XIV,0,30.17293056,-92.02981111,0,12,6,0,2,3,0,1,3,1,0,1,0,0000000,23,48,23,55,0,13,0,0,0,1,1
22,220537,2,2,0,0,0,3,3,71,1690,23,11,2012,6,20,16,0,14,6,N. GALVEZ STREET,ANNETTE STREET,0,29.97841111,-90.06346111,0,12,6,0,2,2,0,1,3,1,0,1,0,0000000,20,16,99,99,99,99,0,0,0,1,0
22,220538,1,1,0,0,0,5,5,61,2070,4,11,2012,1,2,24,1,11,1,I-20,,894,32.5403,-92.5746,0,42,0,0,1,1,0,4,3,1,0,1,0,0000000,2,25,2,31,2,58,0,0,0,1,0
22,220539,1,1,0,1,1,1,1,67,140,6,11,2012,3,7,24,1,13,2,US-165,,2007,32.77583889,-91.92361944,0,8,0,0,1,1,0,1,1,1,0,1,0,0000000,7,28,7,34,88,88,16,0,0,1,0
22,220540,1,1,0,1,1,1,1,99,250,12,11,2012,2,17,55,0,4,3,SR-328,,34,30.30761111,-91.90591944,0,8,0,0,1,1,0,1,2,1,0,1,0,0000000,17,55,17,55,18,10,0,0,0,1,0
22,220541,1,1,0,0,0,1,1,71,1690,10,11,2012,7,7,0,1,11,1,I-10 ON-RAMP,,2363,29.96493056,-90.07386111,0,33,0,1,5,1,0,4,1,1,0,1,0,0000000,99,99,99,99,88,88,0,0,0,1,1
22,220542,1,1,0,1,1,1,1,97,325,16,11,2012,6,18,44,0,4,3,SR-93,,131,30.33441111,-92.11426111,0,8,0,0,1,1,0,1,2,1,0,1,0,0000000,18,41,18,59,88,88,0,0,0,1,1
22,220543,1,1,0,0,0,1,1,89,9898,17,11,2012,7,19,18,0,14,3,SR-18,,536,29.94726111,-90.39483056,0,34,0,0,1,1,0,4,3,1,0,1,0,0000000,19,27,19,33,88,88,0,0,0,1,0
22,220544,1,1,0,1,1,1,1,47,1870,22,11,2012,5,20,12,0,14,6,BARROW STREET,,0,30.27378889,-91.23231944,0,8,0,0,1,1,0,1,3,1,0,1,0,0000000,20,12,20,17,20,25,0,0,0,1,0
22,220545,2,2,0,0,0,3,3,37,0,17,11,2012,7,0,17,0,4,3,SR-67,,261,30.79146111,-91.013075,0,12,7,0,8,1,0,1,2,1,0,1,0,0000000,0,22,0,36,2,50,0,0,0,1,2
22,220546,1,1,0,0,0,3,3,93,9898,17,11,2012,7,2,32,0,4,3,SR-3125,,79,30.04238889,-90.77023056,0,58,0,0,1,1,0,5,2,1,0,1,0,0000000,2,27,2,48,3,46,0,0,0,1,1
22,220547,2,2,0,1,1,1,1,89,2108,17,11,2012,7,4,51,1,11,1,I-310,,3,30.00563056,-90.29293056,0,8,0,0,1,1,0,1,2,1,0,1,0,0000000,5,6,5,13,5,45,23,0,0,1,0
22,220548,2,2,0,0,0,4,4,101,9898,17,11,2012,7,12,27,1,2,2,US-90,PEPPER ROAD,1428,29.88431111,-91.66945833,0,12,6,0,2,2,0,1,1,1,0,1,0,0000000,12,28,12,36,13,16,0,0,0,1,0
22,220549,2,2,0,0,0,2,2,73,9898,17,11,2012,7,13,32,0,14,3,SR-616,DEAN CHAPEL,41,32.53561111,-92.17888056,0,12,2,0,2,3,0,1,1,1,0,1,0,0000000,13,32,13,40,13,57,0,0,0,1,0
22,220550,1,1,0,0,0,1,1,95,800,17,11,2012,7,20,1,0,14,3,SR-44,,410,30.0445,-90.6114,0,32,0,0,1,1,0,4,2,1,0,1,0,0000000,20,3,20,14,88,88,0,0,0,1,0
22,220551,2,2,0,0,0,2,2,55,9898,18,11,2012,1,11,30,0,14,3,SR-93,,85,30.26719444,-92.1124,0,12,2,0,1,1,0,1,1,1,0,1,0,0000000,11,35,11,46,12,37,0,0,0,1,1
22,220552,1,1,0,0,0,1,1,17,9898,29,11,2012,5,16,15,0,16,3,SR-3049,,33,32.5753,-93.7699,0,1,0,0,1,1,0,4,1,1,0,1,0,0000000,16,15,16,20,88,88,0,0,0,1,0
22,220553,1,1,0,1,1,1,1,33,150,16,12,2012,1,20,35,0,14,6,HIGHLAND ROAD,,0,30.39095,-91.15591944,0,8,0,0,1,1,0,1,3,2,0,2,0,0000000,20,35,20,43,20,58,0,0,0,1,0
22,220554,1,1,0,0,0,1,1,113,10,10,11,2012,7,22,0,0,14,2,US-167,,14,29.99490556,-92.13193056,0,35,0,0,1,1,0,4,2,1,0,1,0,0000000,22,6,22,11,88,88,0,0,0,1,1
22,220555,1,1,0,1,1,1,1,79,1850,24,11,2012,7,17,35,1,13,3,SR-28,,560,31.33268889,-92.39678056,0,8,0,0,1,1,0,1,2,1,0,1,0,0000000,17,36,17,41,17,59,0,0,0,1,0
22,220556,2,2,0,0,0,5,5,73,2410,24,11,2012,7,20,31,1,11,1,I-20,,1120,32.51083056,-92.19193056,0,12,2,1,18,1,0,1,2,1,0,1,0,0000000,20,32,20,37,21,15,0,0,0,2,0
22,220557,1,1,0,1,1,1,1,69,1650,27,11,2012,3,21,9,0,15,3,SR-494 KEYSER AVENUE,,140,31.45176944,-93.42188889,0,8,0,0,1,1,0,1,3,1,0,1,0,0000000,21,10,21,15,21,27,0,0,0,1,0
22,220558,2,2,0,0,0,3,3,55,1230,30,11,2012,6,9,50,0,14,6,W. CONGRESS STREET,MARIE ANTOINETTE,0,30.20586111,-92.05855,0,12,6,0,2,3,0,1,1,1,0,1,0,0000000,9,50,9,55,10,24,0,0,0,1,0
22,220559,2,2,0,0,0,2,2,33,150,15,11,2012,5,12,49,1,13,2,US-61,BARRINGER FOREMAN,671,30.36395278,-91.02187222,0,12,6,0,2,2,0,1,1,1,0,1,0,0000000,12,57,12,59,13,30,0,0,0,1,0
22,220560,2,2,0,0,0,2,2,99,80,19,11,2012,2,17,45,0,4,3,SR-93,,275,30.40617778,-91.962575,0,12,2,0,1,1,0,1,2,1,0,1,0,0000000,17,48,18,5,18,41,0,0,0,1,0
22,220561,1,1,0,0,0,1,1,59,1130,17,11,2012,7,23,20,0,4,3,SR-127,,142,31.6487,-92.14133889,0,42,0,0,1,1,0,4,2,1,0,1,0,0000000,23,29,23,39,23,57,0,0,0,1,1
22,220562,1,1,0,0,0,1,1,25,1412,19,11,2012,2,7,50,0,4,3,SR-8,,1327,31.64361944,-92.00499722,0,1,0,0,1,1,0,1,1,1,0,1,0,0000000,7,53,8,6,88,88,0,0,0,1,0
22,220563,2,2,0,0,0,2,2,105,0,19,11,2012,2,7,17,0,14,3,SR-443,MAGAZINE STREET,5,30.51421111,-90.44038889,0,12,6,0,2,3,0,1,1,1,0,1,0,0000000,7,21,7,30,7,48,0,0,0,1,0
22,220564,1,1,0,0,0,1,1,121,1920,21,11,2012,4,0,48,1,1,1,I-10,,1461,30.44559444,-91.34080556,0,42,0,0,1,1,0,4,2,1,0,1,0,0000000,1,0,1,6,88,88,0,0,0,1,0
22,220565,1,1,0,0,0,1,1,99,2100,20,11,2012,3,20,30,0,15,3,SR-347,,72,30.13870278,-91.81440556,0,1,0,0,1,1,0,4,2,1,0,1,0,0000000,20,37,20,44,88,88,0,0,0,1,0
22,220566,1,1,0,0,0,1,1,55,330,21,11,2012,4,23,15,0,4,3,SR-93,SR-98,108,30.29828056,-92.11686944,0,33,0,0,3,6,0,4,2,1,0,1,0,0000000,23,18,23,34,23,59,0,0,0,1,0
22,220567,1,1,0,0,0,3,3,19,9898,22,11,2012,5,1,12,0,4,3,SR-109,,64,30.25386111,-93.63931111,0,42,0,0,1,1,0,4,2,1,0,1,0,0000000,1,19,1,28,2,16,0,0,0,2,1
22,220568,1,1,0,0,0,1,1,63,9898,22,11,2012,5,14,45,0,4,3,SR-16,,156,30.40056944,-90.89936111,0,43,0,0,1,1,0,4,1,1,0,1,0,0000000,14,45,14,57,15,18,0,0,0,1,0
22,220569,1,1,0,0,0,4,4,83,1990,22,11,2012,5,22,0,0,5,3,SR-133,,383,32.51668889,-91.81468889,0,1,0,0,1,1,0,4,2,1,0,1,0,0000000,22,3,22,26,88,88,0,0,0,1,1
22,220570,2,2,0,1,1,4,4,67,0,24,11,2012,7,22,13,1,13,2,US-165,,1979,32.76056944,-91.95885,0,8,0,0,1,1,0,1,2,1,0,1,0,0000000,22,18,22,19,88,88,23,0,0,1,0
22,220571,2,1,1,0,1,1,2,19,2210,26,11,2012,2,9,53,1,1,1,I-10,,170,30.20888889,-93.44373889,0,14,0,0,1,1,0,2,1,2,0,2,0,0000000,9,56,10,9,10,51,0,0,0,2,0
22,220572,2,2,0,0,0,2,2,93,0,26,11,2012,2,13,38,0,3,3,SR-3127,,48,30.02191389,-90.91204722,0,12,2,0,1,1,0,2,1,10,0,10,0,0000000,13,55,14,12,15,31,0,0,0,1,0
22,220573,1,1,0,0,0,2,2,57,9898,26,11,2012,2,17,30,0,14,3,SR-182,,99,29.66604444,-90.66825,0,1,0,0,1,1,0,3,2,10,0,10,0,0000000,17,32,17,45,18,27,0,0,0,1,0
22,220574,1,1,0,0,0,1,1,41,9898,27,11,2012,3,4,55,0,4,3,SR-577,,42,32.24691944,-91.66943889,0,32,0,0,1,1,0,4,2,1,0,1,0,0000000,5,11,5,27,88,88,0,0,0,1,0
22,220575,1,1,0,1,1,1,1,51,0,27,11,2012,3,12,7,1,11,1,I-10,,2284,29.99783889,-90.16896944,0,8,0,0,1,1,0,1,1,10,0,10,0,0000000,12,11,12,11,12,45,0,0,0,1,0
22,220576,1,1,0,0,0,1,1,9,0,27,11,2012,3,18,47,0,3,3,SR-1,,2396,31.15036111,-92.15071944,0,59,0,0,1,1,0,4,2,1,0,1,0,0000000,18,50,19,2,88,88,0,0,0,1,0
22,220577,2,2,0,0,0,2,2,77,0,29,11,2012,5,17,20,1,2,2,US-190,,1555,30.55283056,-91.47617778,0,12,6,0,8,1,0,1,2,1,0,1,0,0000000,17,34,17,42,18,26,0,0,0,1,1
22,220578,1,1,0,0,0,1,1,25,0,30,11,2012,6,4,50,0,5,3,SR-3102,,35,31.37616944,-91.90906111,0,18,0,0,1,1,0,4,2,5,0,5,0,0000000,99,98,99,98,88,88,0,0,0,1,0
22,220579,2,2,0,0,0,7,7,57,9898,30,11,2012,6,11,29,0,14,3,SR-657,SR-3235,0,29.56233056,-90.37823889,0,12,6,0,2,2,0,1,1,1,0,1,0,0000000,11,50,12,8,12,38,0,0,0,1,0
22,220580,1,1,0,0,0,1,1,105,0,8,11,2012,5,8,30,0,4,3,SR-442,,195,30.58975,-90.44746111,0,30,0,0,1,1,0,4,1,1,0,1,0,0000000,8,35,8,47,88,88,0,0,0,1,0
22,220581,1,1,0,0,0,1,1,103,0,24,11,2012,7,5,10,0,15,3,SR-433,,99,30.27663889,-89.80966111,0,43,0,0,1,1,0,4,2,1,0,1,0,0000000,5,10,5,15,88,88,0,0,0,1,0
22,220582,2,2,0,0,0,3,3,57,1320,10,11,2012,7,13,23,0,15,3,SR-308,,557,29.64403056,-90.52215,0,30,0,0,1,1,0,4,1,1,0,1,0,0000000,13,24,13,43,99,99,0,0,0,1,0
22,220583,2,2,0,0,0,3,3,83,1410,30,11,2012,6,19,55,1,2,2,US-425,,643,32.32456944,-91.77708889,0,12,2,0,1,1,0,1,2,1,0,1,0,0000000,20,6,20,9,21,12,0,0,0,2,0
22,220584,1,1,0,0,0,1,1,37,9898,28,11,2012,4,10,25,0,3,3,SR-19,,221,30.8333,-91.12323056,0,32,0,0,1,1,0,4,1,1,0,1,0,0000000,10,26,10,31,88,88,0,0,0,1,0
22,220585,1,1,0,0,0,2,2,99,0,21,11,2012,4,11,15,0,5,3,SR-679,SR-3083,30,30.12948056,-91.72723056,0,5,0,0,3,3,0,1,1,1,0,1,0,0000000,11,18,11,35,88,88,0,0,0,1,0
22,220586,1,1,0,1,1,1,1,121,0,1,12,2012,7,1,25,0,14,3,SR-76,,240,30.45108056,-91.23463056,0,8,0,0,1,1,0,1,2,1,0,1,0,0000000,1,37,1,41,88,88,0,0,0,1,0
22,220587,1,1,0,1,1,2,2,109,1070,1,12,2012,7,17,35,0,5,3,SR-315,,173,29.53904444,-90.718725,0,8,0,0,1,1,0,1,3,1,0,1,0,0000000,17,38,17,42,88,88,0,0,0,1,0
22,220588,1,1,0,0,0,1,1,123,0,3,12,2012,2,23,45,0,3,3,SR-2,,1783,32.85678056,-91.41583889,0,35,0,0,1,1,0,4,2,10,0,10,0,0000000,99,98,99,98,88,88,0,0,0,1,1
22,220589,3,3,0,0,0,4,4,109,1070,4,12,2012,3,23,16,0,14,3,SR-639,HALLETTE ST,15,29.59378889,-90.67915,0,12,2,0,2,3,0,1,3,2,0,2,0,0000000,23,19,23,29,23,51,0,0,0,1,1
22,220590,1,1,0,1,1,2,2,33,150,15,9,2012,7,22,50,1,13,2,US-61,,772,30.48418056,-91.1181,0,8,0,0,1,1,0,2,2,1,0,1,0,0000000,22,50,22,57,88,88,0,0,0,1,0
22,220591,2,2,0,0,0,2,2,93,455,6,12,2012,5,12,10,0,4,3,SR-44,,157,30.10238056,-90.90851944,0,12,6,0,1,1,0,1,1,1,0,1,0,0000000,12,14,12,40,88,88,0,0,0,1,0
22,220592,1,1,0,0,0,1,1,63,9898,6,12,2012,5,18,48,0,4,3,SR-42,,352,30.40439444,-90.73690556,0,42,0,0,1,1,0,4,1,2,0,2,0,0000000,18,53,19,8,20,35,0,0,0,1,0
22,220593,1,1,0,0,0,1,1,71,1690,6,12,2012,5,21,6,1,13,6,EARHART BOULEVARD,,0,29.95483889,-90.09568889,0,39,0,0,1,1,0,8,3,1,0,1,0,0000000,21,9,21,22,88,88,0,0,0,1,1
22,220594,1,1,0,1,1,1,1,105,1910,6,12,2012,5,23,35,0,15,4,CR-S. HOOVER ROAD,,0,30.44063889,-90.41416111,0,8,0,0,1,1,0,1,2,1,0,1,0,0000000,23,38,23,43,88,88,0,0,0,1,0
22,220595,1,1,0,0,0,3,3,33,150,7,12,2012,6,1,5,0,6,4,CR-CAREY ROAD,,0,30.57316944,-91.08015,0,53,0,0,1,1,0,4,2,1,0,1,0,0000000,1,5,1,19,2,9,0,0,0,2,1