STATE,ST_CASE,VE_TOTAL,VE_FORMS,PVH_INVL,PEDS,PERNOTMVIT,PERMVIT,PERSONS,COUNTY,CITY,DAY,MONTH,YEAR,DAY_WEEK,HOUR,MINUTE,NHS,ROAD_FNC,ROUTE,TWAY_ID,TWAY_ID2,MILEPT,LATITUDE,LONGITUD,SP_JUR,HARM_EV,MAN_COLL,RELJCT1,RELJCT2,TYP_INT,WRK_ZONE,REL_ROAD,LGT_COND,WEATHER1,WEATHER2,WEATHER,SCH_BUS,RAIL,NOT_HOUR,NOT_MIN,ARR_HOUR,ARR_MIN,HOSP_HR,HOSP_MN,CF1,CF2,CF3,FATALS,DRUNK_DR
22,220596,2,2,0,0,0,3,3,5,1953,7,12,2012,6,15,10,1,11,1,I-10,,1696,30.32291111,-91.00678056,0,54,11,0,1,1,0,1,1,1,0,1,0,0000000,15,22,15,29,88,88,14,0,0,1,0
22,220597,1,1,0,1,1,1,1,63,2350,7,12,2012,6,17,43,0,14,2,US-190,,1959,30.48838056,-90.86096111,0,8,0,0,1,1,0,1,2,10,0,10,0,0000000,17,43,17,51,18,12,0,0,0,1,1
22,220598,1,1,0,0,0,1,1,93,455,8,12,2012,7,2,20,0,4,3,SR-44,,207,30.06543056,-90.85266944,0,30,0,0,1,1,0,4,2,1,0,1,0,0000000,2,26,2,44,3,38,0,0,0,1,1
22,220599,1,1,0,0,0,1,1,69,1650,8,12,2012,7,14,27,0,4,3,SR-1,,3071,31.60150278,-93.02546111,0,42,0,0,1,1,0,4,1,2,0,2,0,0000000,14,35,14,46,15,47,0,0,0,1,0
22,220600,2,2,0,0,0,2,2,111,9898,8,12,2012,7,14,40,0,4,3,SR-143,HOLLAND BLUFF ROAD,1145,32.64163056,-92.19108889,0,12,2,0,2,3,0,1,1,1,0,1,0,0000000,14,44,14,58,15,40,0,0,0,1,0
22,220601,1,1,0,0,0,1,1,63,570,10,12,2012,2,7,10,0,15,3,SR-1032 4-H CLUB ROAD,,86,30.44128889,-90.97034444,0,42,0,0,1,1,0,4,1,2,0,2,0,0000000,7,12,7,22,88,88,3,0,0,1,0
22,220602,1,1,0,0,0,1,1,63,2350,12,12,2012,4,16,47,0,4,6,INDUSTRIAL PARK DRIVE,,0,30.49981111,-90.82888889,0,10,0,0,6,1,0,1,1,1,0,1,0,309526J,16,52,16,59,17,99,0,0,0,1,0
22,220603,2,2,0,0,0,5,5,61,2070,13,12,2012,5,23,30,1,1,1,I-20,,735,32.55113056,-92.84681944,0,12,8,0,1,1,0,1,2,1,0,1,0,0000000,23,31,23,37,0,47,0,0,0,2,0
22,220604,4,3,1,1,1,4,4,93,2295,14,12,2012,6,8,50,0,4,3,SR-20,,297,29.92158889,-90.72506944,0,12,2,0,1,1,0,1,1,1,0,1,0,0000000,8,57,9,3,10,32,0,0,0,1,0
22,220605,5,5,0,0,0,6,6,19,2210,14,12,2012,6,15,50,0,14,3,SR-27,SR-379,879,30.2773,-93.35963889,0,12,1,0,3,2,0,1,1,10,0,10,0,0000000,15,50,15,59,16,35,0,0,0,1,0
22,220606,1,1,0,1,1,1,1,97,1930,15,12,2012,7,18,30,0,6,3,SR-742,,47,30.54245,-91.97401111,0,9,0,0,1,1,0,1,3,1,0,1,0,0000000,18,32,18,40,88,88,0,0,0,1,0
22,220607,1,1,0,0,0,4,4,59,1130,16,12,2012,1,6,32,1,2,2,US-84,,1350,31.66701944,-92.09385,0,42,0,0,1,1,0,4,2,2,0,2,0,0000000,6,39,6,46,7,30,0,0,0,1,1
22,220608,1,1,0,0,0,1,1,77,766,16,12,2012,1,11,36,0,4,3,SR-77,,420,30.59755,-91.63381111,0,30,0,0,1,1,0,4,1,10,0,10,0,0000000,11,41,12,1,88,88,0,0,0,1,0
22,220609,2,2,0,0,0,4,4,47,2082,18,12,2012,3,11,7,0,14,3,SR-30,,148,30.25201944,-91.09019444,0,12,2,0,1,1,0,2,1,1,0,1,0,0000000,11,8,11,32,12,45,20,2,0,2,0
22,220610,1,1,0,1,1,1,1,51,1190,17,12,2012,2,21,15,1,13,2,US-61,,78,29.97827778,-90.21724167,0,8,0,0,1,1,0,1,3,1,0,1,0,0000000,21,16,21,16,21,34,0,0,0,1,0
22,220611,1,1,0,0,0,1,1,55,1230,18,12,2012,3,16,8,1,11,1,I-10,N. UNIVERSITY AVE.,1024,30.25093056,-92.03643889,0,24,0,1,19,1,0,4,1,1,0,1,0,0000000,16,8,16,18,16,34,0,0,0,1,0
22,220612,2,2,0,0,0,2,2,73,2410,18,12,2012,3,16,25,0,14,3,SR-34,SANDAL STREET,829,32.47407222,-92.15535278,0,12,6,0,2,3,0,1,1,1,0,1,0,0000000,16,29,16,35,88,88,0,0,0,1,0
22,220613,1,1,0,0,0,1,1,13,200,18,12,2012,3,18,38,0,4,3,SR-147,,205,32.31181944,-92.78250278,0,42,0,0,1,1,0,4,2,1,0,1,0,0000000,18,43,18,53,88,88,0,0,0,1,1
22,220614,1,1,0,0,0,3,3,103,9898,19,12,2012,4,10,44,1,11,1,I-12,,716,30.3731,-89.96036111,0,42,0,0,1,1,0,4,1,1,0,1,0,0000000,10,46,11,2,12,0,0,0,0,2,0
22,220615,2,2,0,0,0,4,4,105,50,19,12,2012,4,19,30,0,3,3,SR-16,,596,30.72265,-90.55123056,0,12,2,0,1,1,0,1,2,2,0,2,0,0000000,19,41,19,46,20,44,0,0,0,1,0
22,220616,3,2,1,0,1,4,5,31,9898,21,12,2012,6,5,40,1,1,1,I-49,,1832,32.17723889,-93.6683,0,14,0,0,1,1,0,2,2,1,0,1,0,0000000,5,58,6,12,7,32,19,23,0,1,1
22,220617,1,1,0,1,1,1,1,111,9898,21,12,2012,6,23,30,0,4,3,SR-143,COOK CEMETERY ROAD,254,32.73788889,-92.1292,0,8,0,0,2,3,0,1,2,1,0,1,0,0000000,23,38,23,59,88,88,0,0,0,1,0
22,220618,2,2,0,0,0,3,3,55,2120,22,12,2012,7,1,1,0,14,3,SR-93,,80,30.26101111,-92.10816944,0,12,11,0,1,1,0,1,2,1,0,1,0,0000000,1,1,1,13,2,5,19,23,0,1,1
22,220619,1,1,0,0,0,2,2,43,430,22,12,2012,7,11,48,0,5,3,SR-492,,5,31.48605,-92.67371111,0,42,0,0,1,1,0,4,1,1,0,1,0,0000000,11,51,12,20,13,9,0,0,0,1,0
22,220620,2,2,0,0,0,2,2,41,9898,22,12,2012,7,19,10,0,3,3,SR-17,,223,32.40163056,-91.49241944,0,12,8,0,1,1,0,1,2,1,0,1,0,0000000,19,19,19,28,20,4,0,0,0,1,0
22,220621,1,1,0,0,0,1,1,63,2350,22,12,2012,7,23,20,0,14,3,SR-447,,84,30.47088056,-90.863,0,30,0,0,1,1,0,4,3,1,0,1,0,0000000,23,25,23,31,88,88,0,0,0,1,1
22,220622,1,1,0,0,0,1,1,85,9898,29,12,2012,7,3,28,0,6,3,SR-483,,35,31.73736111,-93.65086111,0,35,0,0,1,1,0,4,2,1,0,1,0,0000000,88,88,88,88,88,88,0,0,0,1,1
22,220623,1,1,0,0,0,1,1,29,9898,29,12,2012,7,20,20,1,2,2,US-84,,1660,31.60753889,-91.65006111,0,42,0,0,1,1,0,5,2,1,0,1,0,0000000,20,24,20,30,88,88,0,0,0,1,0
22,220624,1,1,0,0,0,1,1,37,712,31,12,2012,2,17,19,0,5,3,SR-957,,7,30.74581111,-91.08585556,0,30,0,0,1,1,0,4,2,1,0,1,0,0000000,17,27,17,48,88,88,0,0,0,1,1
22,220625,1,1,0,0,0,2,2,17,2130,3,12,2012,2,21,2,0,16,4,CR-BOSTWICK ROAD,,0,32.5521,-93.8763,0,42,0,0,1,1,0,4,2,1,0,1,0,0000000,21,9,21,12,22,3,0,0,0,1,0
22,220626,2,2,0,0,0,5,5,71,1690,4,12,2012,3,23,54,1,13,2,US-90,TULANE AVENUE,2586,29.95716944,-90.08051111,0,12,6,0,2,2,0,1,3,2,0,2,0,0000000,99,99,99,99,99,99,99,99,99,1,1
22,220627,2,2,0,1,1,2,2,71,1690,6,12,2012,5,5,99,1,13,3,SR-428,SANDRA DRIVE,36,29.92801111,-90.02915,0,9,0,0,2,3,0,1,4,5,0,5,0,0000000,5,52,5,59,88,88,0,0,0,1,0
22,220628,3,3,0,0,0,4,4,33,150,11,12,2012,3,12,57,1,13,3,SR-3064 ESSEN LANE,UNITED PLAZA,13,30.41298056,-91.09953056,0,12,6,0,2,3,0,1,1,1,0,1,0,0000000,12,57,13,9,13,26,0,0,0,1,0
22,220629,2,2,0,0,0,3,3,119,1550,13,12,2012,5,16,37,0,14,2,US-80,S. DENNIS STREET,491,32.6135,-93.2838,0,12,6,0,2,2,0,1,5,1,0,1,0,0000000,16,38,16,41,16,59,0,0,0,1,0
22,220630,2,2,0,0,0,4,4,29,2310,15,12,2012,7,8,43,1,13,2,US-84,,1817,31.56215,-91.42273056,0,12,2,0,1,1,0,1,1,10,0,10,0,0000000,8,43,8,43,9,8,0,0,0,1,0
22,220631,2,2,0,0,0,3,3,71,1690,15,12,2012,7,19,3,0,16,6,FRANKLIN AVENUE,N. GALVEZ STREET,0,29.97921944,-90.04828889,0,12,6,0,2,2,0,1,3,1,0,1,0,0000000,19,3,99,99,99,99,0,0,0,1,0
22,220632,2,2,0,0,0,2,2,113,690,16,12,2012,1,11,45,0,4,3,SR-339,,14,29.97791111,-92.02321944,0,12,8,0,1,1,0,1,1,10,0,10,0,0000000,11,50,12,2,88,88,0,0,0,1,0
22,220633,1,1,0,0,0,2,2,105,980,18,12,2012,3,12,0,1,11,1,I-12,,411,30.47886944,-90.46111944,0,42,0,0,1,1,0,4,1,1,0,1,0,0000000,12,3,12,13,13,0,0,0,0,1,0
22,220634,3,1,2,0,0,1,1,93,890,20,12,2012,5,23,9,0,15,3,SR-3274,,7,30.0521,-90.6929,0,53,0,0,1,1,0,4,3,1,0,1,0,0000000,23,10,23,26,88,88,0,0,0,1,0
22,220635,1,1,0,0,0,1,1,17,2130,27,12,2012,5,6,0,0,14,4,CR-JEFFERSON PAIGE ROAD,,0,32.48213889,-93.91808889,0,11,0,0,1,1,0,1,2,1,0,1,0,0000000,6,13,6,20,7,6,0,0,0,1,0
22,220636,2,2,0,0,0,3,3,71,1690,30,12,2012,1,20,27,1,13,6,DOWNMAN ROAD,PRINCESS LANE,0,30.02858889,-90.02533889,0,12,1,0,2,3,0,1,2,1,0,1,0,0000000,88,88,88,88,88,88,0,0,0,1,1
22,220637,2,2,0,0,0,3,3,17,2130,1,12,2012,7,12,10,1,13,3,SR-526 BERT KOUNS,,56,32.40206944,-93.84541944,0,1,0,0,8,1,0,1,1,1,0,1,0,0000000,99,99,99,99,88,88,0,0,0,1,0
22,220638,1,1,0,1,1,1,1,121,1920,15,12,2012,7,0,42,1,13,2,US-190,,1708,30.50151111,-91.23695,0,8,0,0,99,9,0,99,2,1,0,1,0,0000000,0,42,0,44,88,88,99,99,99,1,0
22,220639,2,2,0,0,0,2,2,103,2180,28,12,2012,6,1,45,1,13,2,US-11 FRONT STREET,US-190 FREMAUX AVE.,158,30.27751944,-89.7827,0,12,6,0,2,2,0,1,3,1,0,1,0,0000000,1,52,1,55,88,88,0,0,0,1,1
22,220640,1,1,0,1,1,1,1,121,1920,21,12,2012,6,1,40,1,2,2,US-190,,1666,30.4973,-91.30171111,0,8,0,0,1,1,0,1,2,1,0,1,0,0000000,1,52,2,4,2,50,19,23,0,1,0
22,220641,1,1,0,0,0,2,2,91,940,30,12,2012,1,1,20,0,5,3,SR-449,,178,30.72853056,-90.74883889,0,32,0,0,1,1,0,4,2,1,0,1,0,0000000,1,32,1,52,88,88,0,0,0,2,1
22,220642,1,1,0,1,1,1,1,63,570,19,12,2012,4,19,15,0,14,3,SR-16,GILL ROAD,197,30.44157222,-90.94435833,0,8,0,0,3,3,0,1,2,10,0,10,0,0000000,19,15,19,29,88,88,0,0,0,1,0
22,220643,1,1,0,0,0,1,1,3,1210,5,12,2012,4,9,5,1,2,2,US-165,,223,30.51920278,-92.82838889,0,42,0,0,1,1,0,4,1,1,0,1,0,0000000,9,7,9,11,88,88,0,0,0,1,0
22,220644,1,1,0,0,0,1,1,33,150,8,8,2012,4,11,35,0,14,6,COLLEGE DRIVE,,0,30.43809167,-91.12912778,0,16,0,0,1,1,0,1,1,2,0,2,0,0000000,11,35,11,41,88,88,0,0,0,1,0
22,220645,2,2,0,0,0,3,3,33,150,15,8,2012,4,22,5,1,13,3,SR-67,SHELLEY STREET,33,30.49156944,-91.15611111,0,12,2,0,2,2,0,1,3,1,0,1,0,0000000,22,7,22,7,22,20,0,0,0,1,1
22,220647,3,3,0,0,0,3,3,101,1830,12,9,2012,4,6,25,1,13,2,US-90,VETERANS AVE,1688,29.68825,-91.30753056,0,12,6,0,2,2,0,1,4,1,0,1,0,0000000,6,29,6,32,7,0,0,0,0,2,0
22,220648,1,1,0,0,0,2,2,45,9997,21,9,2012,6,6,29,0,14,8,N CAPTAIN CADE RD,,0,30.06551944,-91.92566944,0,34,0,0,1,1,0,4,2,1,0,1,0,0000000,6,30,6,48,99,99,0,0,0,1,1
22,220649,1,1,0,0,0,2,2,37,420,3,7,2012,3,14,20,0,16,5,FELICIANA DR,,0,30.85626111,-91.01528056,0,42,0,0,1,1,0,6,1,98,0,98,0,0000000,99,99,99,99,99,99,99,99,99,1,0
22,220650,1,1,0,1,1,1,1,51,1545,9,11,2012,6,10,15,0,14,6,VETERANS BLVD,,0,30.00255,-90.13585,0,8,0,0,1,1,0,7,1,1,0,1,0,0000000,10,18,10,23,10,59,0,0,0,1,0
22,220652,2,2,0,0,0,2,2,49,1150,20,6,2012,4,14,5,1,2,2,US-167 OLD WINNFIELD RD,,1804,32.21128889,-92.70873889,0,12,7,0,1,1,0,1,1,1,0,1,0,0000000,14,2,14,10,14,24,0,0,0,1,1
22,220653,1,1,0,0,0,1,1,33,150,5,11,2012,2,15,0,1,13,3,SR-73 JEFFERSON HWY,,217,30.43383889,-91.12166944,0,30,0,0,1,1,0,4,1,1,0,1,0,0000000,15,4,15,6,88,88,0,0,0,1,0
22,220654,2,2,0,0,0,7,7,71,1690,12,12,2012,4,14,20,0,13,6,ROBERT E. LEE,PARIS AVENUE,0,30.02128889,-90.07511944,0,33,0,0,3,2,0,3,1,1,0,1,0,0000000,14,25,14,35,14,57,14,0,0,1,0
22,220655,2,2,0,0,0,2,2,71,1690,25,9,2012,3,15,10,0,15,6,BUNDY ROAD,GRANT ST,0,30.0186,-89.97898056,0,12,6,0,2,2,0,1,1,1,0,1,0,0000000,15,15,15,25,15,58,0,0,0,1,0
22,220656,1,1,0,1,1,1,1,71,1690,29,12,2012,7,7,20,0,14,6,COMMON STREET,CARONELET,0,29.95281389,-90.07091944,0,8,0,0,2,2,0,1,4,1,0,1,0,0000000,7,20,7,24,7,32,0,0,0,1,0
23,230001,1,1,0,0,0,5,5,17,4690,1,1,2012,1,10,35,0,6,6,SHAVE HILL ROAD,,0,44.147425,-70.906275,0,30,0,0,1,1,0,5,1,1,0,1,0,0000000,10,35,10,45,11,15,0,0,0,1,0
23,230002,1,1,0,0,0,1,1,23,6150,2,1,2012,2,0,59,0,6,6,SEBASCO ROAD,,0,43.76495278,-69.84353333,0,30,0,0,1,1,0,6,2,4,3,4,0,0000000,1,0,1,15,88,88,0,0,0,1,1
23,230003,1,1,0,0,0,1,1,7,9997,8,1,2012,1,22,31,0,3,3,SR-145,,0,44.80550556,-70.22048889,0,30,0,0,1,1,0,6,2,1,0,1,0,0000000,22,31,22,53,88,88,0,0,0,1,1
23,230004,1,1,0,0,0,2,2,11,8790,12,1,2012,5,11,38,0,3,3,SR-41,,0,44.56547222,-70.02451389,0,34,0,0,1,1,0,6,1,4,0,4,0,0000000,12,11,12,31,13,20,0,0,0,1,0
23,230005,1,1,0,0,0,2,2,31,550,8,1,2012,1,1,31,0,6,6,WEST STREET,,0,43.47129167,-70.45296667,0,43,0,0,1,1,0,6,3,1,0,1,0,0000000,1,32,1,39,2,20,0,0,0,1,1
23,230006,1,1,0,0,0,4,4,17,9070,7,1,2012,7,1,0,0,3,3,SR-219,,0,44.33319722,-70.55577778,0,34,0,0,1,1,0,6,2,1,0,1,0,0000000,1,30,1,49,1,54,0,0,0,2,1
23,230007,2,2,0,0,0,2,2,15,4025,24,1,2012,3,9,26,0,3,3,SR-32,EAST POND ROAD,0,44.19336111,-69.44999722,0,12,6,0,2,2,0,1,1,1,0,1,0,0000000,9,35,9,43,10,16,0,0,0,1,0
23,230008,1,1,0,0,0,2,2,19,3603,26,1,2012,5,22,4,1,1,1,I-95,,0,44.76295833,-68.91906389,0,17,0,0,1,1,0,3,1,1,0,1,0,0000000,16,20,16,31,16,55,0,0,0,1,0
23,230009,2,2,0,0,0,2,2,5,3050,25,1,2012,4,19,12,1,1,1,I-295,,0,43.89571944,-70.07805,0,12,2,0,1,1,0,1,2,1,0,1,0,0000000,19,16,19,22,20,3,0,0,0,1,0
23,230010,3,2,1,0,0,3,3,1,80,5,2,2012,1,10,37,0,6,6,MINOT AVENUE,ALLAIN STREET,0,44.08434167,-70.24379167,0,12,2,0,2,3,0,1,1,1,0,1,0,0000000,10,39,10,42,11,30,0,0,0,1,0
23,230011,1,1,0,0,0,1,1,15,1000,9,2,2012,5,19,52,0,6,6,BRISTOL ROAD,,0,44.01046667,-69.53073056,0,35,0,0,1,1,0,6,2,1,0,1,0,0000000,19,56,20,2,88,88,0,0,0,1,1
23,230012,1,1,0,0,0,2,2,29,4800,5,2,2012,1,11,40,0,3,3,SR-191,,0,44.72496944,-67.40318611,0,34,0,0,1,1,0,6,1,1,0,1,0,0000000,11,44,12,4,13,0,0,0,0,1,1
23,230013,1,1,0,0,0,1,1,11,7,8,2,2012,4,17,34,0,6,6,DRAKE HILL ROAD,,0,44.48051944,-69.43439167,0,34,0,0,1,1,0,6,2,1,0,1,0,0000000,17,49,17,53,88,88,0,0,0,1,1
23,230014,1,1,0,0,0,1,1,5,7850,19,2,2012,1,7,0,0,6,6,SACO ROAD,,0,43.71285278,-70.61913333,0,34,0,0,1,1,0,6,1,1,0,1,0,0000000,7,6,7,11,88,88,0,0,0,1,0
23,230015,2,2,0,0,0,2,2,9,8115,28,2,2012,3,19,20,0,3,3,SR-176,,0,44.50108056,-68.57248333,0,12,2,0,1,1,0,1,2,1,0,1,0,0000000,19,30,19,45,88,88,0,0,0,1,1
23,230016,2,2,0,0,0,2,2,19,1650,5,3,2012,2,6,53,0,3,3,SR-11,,0,45.09440556,-69.09365556,0,12,6,0,1,1,0,1,1,10,0,10,0,0000000,6,57,7,9,8,0,0,0,0,1,0
23,230017,1,1,0,0,0,2,2,19,2422,7,3,2012,4,23,3,0,3,3,SR-9,,0,44.82941944,-68.66299722,0,42,0,0,1,1,0,6,2,1,0,1,0,0000000,23,5,23,14,0,7,0,0,0,1,0
23,230018,1,1,0,0,0,2,2,31,7250,17,3,2012,7,21,33,0,6,6,SCHOOL STREET,,0,43.42171111,-70.74115556,0,34,0,0,1,1,0,6,2,1,0,1,0,0000000,21,35,21,39,22,2,0,0,0,1,1
23,230019,3,3,0,0,0,5,5,7,9100,23,1,2012,2,16,0,0,3,3,SR-2,,0,44.60355,-70.20444722,0,12,2,0,1,1,0,1,1,3,0,3,0,0000000,16,0,16,5,16,23,0,0,0,2,1
23,230020,1,1,0,0,0,1,1,31,4399,16,3,2012,6,1,19,0,3,3,SR-5,,0,43.69019722,-70.79576944,0,34,0,0,1,1,0,6,2,10,0,10,0,0000000,1,27,1,38,88,88,0,0,0,1,1
23,230021,1,1,0,0,0,1,1,31,1810,15,2,2012,4,14,26,0,3,3,SR-25,,0,43.80766111,-70.83993889,0,53,0,0,1,1,0,6,1,10,0,10,0,0000000,14,30,14,40,88,88,0,0,0,1,0
23,230022,2,2,0,0,0,2,2,5,3360,28,3,2012,4,6,48,0,3,3,SR-100,,0,43.85451389,-70.32227778,0,12,6,0,1,1,0,1,1,4,0,4,0,0000000,6,47,6,56,7,24,0,0,0,1,0
23,230023,2,2,0,0,0,3,3,9,8080,31,3,2012,7,8,33,1,2,2,US-1,,0,44.51875,-68.19010833,0,12,2,0,1,1,0,1,1,1,0,1,0,0000000,8,39,8,52,9,46,0,0,0,2,0
23,230024,1,1,0,0,0,3,3,17,6353,1,4,2012,1,12,42,0,3,3,SR-25,,0,43.79748611,-70.91923611,0,42,0,0,1,1,0,6,1,1,0,1,0,0000000,12,45,13,3,14,3,0,0,0,1,0
23,230025,2,1,1,1,1,1,1,11,160,30,3,2012,6,15,29,0,6,6,NORTH BELFAST AVENUE,,0,44.33140833,-69.72222778,0,8,0,0,1,1,0,4,1,1,0,1,0,0000000,15,30,15,32,15,50,0,0,0,1,1
23,230026,1,1,0,0,0,1,1,7,9100,7,4,2012,7,0,19,0,3,3,SR-156,,0,44.58398889,-70.20415556,0,53,0,0,1,1,0,4,2,1,0,1,0,0000000,0,23,0,30,88,88,0,0,0,1,1
23,230027,1,1,0,0,0,1,1,31,5500,6,4,2012,6,1,18,0,6,6,LEBANON ROAD,,0,43.36108889,-70.82086944,0,34,0,0,1,1,0,4,2,1,0,1,0,0000000,1,21,1,38,88,88,0,0,0,1,1
23,230028,1,1,0,0,0,1,1,25,5480,13,3,2012,3,2,44,0,6,6,MAIN STREET,,0,44.71308889,-69.79239722,0,30,0,0,1,1,0,4,2,1,0,1,0,0000000,2,49,2,54,3,10,0,0,0,1,0
23,230029,1,1,0,0,0,4,4,5,7850,14,4,2012,7,1,25,0,3,3,SR-35,,0,43.76465556,-70.51346667,0,38,0,0,1,1,0,6,2,1,0,1,0,0000000,1,36,1,49,2,40,0,0,0,1,1
23,230030,1,1,0,0,0,1,1,15,842,22,3,2012,5,19,28,0,6,6,TURNER ROAD,,0,44.01707778,-69.4619,0,42,0,0,1,1,0,4,5,1,0,1,0,0000000,19,30,19,33,21,16,0,0,0,1,1
23,230032,1,1,0,0,0,1,1,19,250,14,4,2012,7,1,9,1,1,1,I-95,,0,44.858425,-68.72001667,0,35,0,1,5,1,0,6,2,1,0,1,0,0000000,1,13,1,25,88,88,0,0,0,1,1
23,230033,1,1,0,0,0,1,1,27,1060,1,5,2012,3,22,38,0,3,3,SR-7,,0,44.57101111,-69.13113611,0,34,0,0,1,1,0,6,2,2,0,2,0,0000000,22,40,22,47,88,88,0,0,0,1,0
23,230034,2,2,0,0,0,3,3,5,3608,2,5,2012,4,15,27,0,3,3,SR-117,,0,44.15156944,-70.62373056,0,12,2,0,1,1,0,1,1,10,0,10,0,0000000,15,27,15,38,16,1,0,0,0,2,0
23,230035,1,1,0,0,0,1,1,31,7200,24,4,2012,3,9,27,0,6,6,JENKINS ROAD,,0,43.53598333,-70.45265278,0,33,0,0,1,1,0,4,1,1,0,1,0,0000000,9,27,9,33,88,88,0,0,0,1,0
23,230036,1,1,0,0,0,2,2,31,5431,11,5,2012,6,21,55,0,3,3,SR-11,,0,43.63419444,-70.89823889,0,42,0,0,1,1,0,6,2,10,0,10,0,0000000,21,55,22,0,88,88,0,0,0,2,1
23,230037,1,1,0,0,0,1,1,27,5607,12,5,2012,7,18,34,0,3,3,SR-52,,0,44.37621389,-69.03189722,0,34,0,0,1,1,0,6,1,1,0,1,0,0000000,18,46,18,54,19,18,0,0,0,1,1
23,230038,1,1,0,0,0,1,1,11,9130,13,5,2012,1,12,37,0,3,3,SR-32,,0,44.32448611,-69.580975,0,34,0,0,1,1,0,6,1,10,0,10,0,0000000,12,37,12,41,88,88,0,0,0,1,0
23,230039,2,2,0,0,0,3,3,19,250,25,5,2012,6,7,4,0,6,6,UNION STREET,,0,44.83438333,-68.84550556,0,12,6,0,8,1,0,1,1,1,0,1,0,0000000,7,6,7,12,88,88,0,0,0,1,0
23,230040,2,2,0,0,0,5,5,9,8351,27,5,2012,1,19,12,0,3,3,SR-230,,0,44.41829722,-68.39909722,0,12,2,0,1,1,0,1,1,1,0,1,0,0000000,19,14,19,32,20,16,0,0,0,2,1
23,230041,1,1,0,0,0,1,1,31,550,19,5,2012,7,23,32,0,6,6,ELM STREET,ALFRED ROAD,0,43.48305833,-70.47151944,0,26,0,0,2,3,0,5,2,1,0,1,0,0000000,23,33,23,38,23,48,0,0,0,1,1
23,230042,1,1,0,0,0,4,4,11,7,17,5,2012,5,17,57,0,6,6,BARNES ROAD,,0,44.50986944,-69.38694722,0,35,0,0,1,1,0,6,1,1,0,1,0,0000000,17,57,18,5,18,40,0,0,0,1,0
23,230043,2,1,1,0,0,1,1,31,3710,13,4,2012,6,9,59,0,6,6,PLAINS ROAD,,0,43.65376111,-70.66533889,0,58,0,0,1,1,0,4,1,1,0,1,0,0000000,10,1,10,7,10,51,0,0,0,1,0
23,230044,3,3,0,0,0,5,5,31,7250,12,5,2012,7,19,0,0,6,6,MAIN STREET,MALL ROAD ENTRANCE,0,43.45077778,-70.78776667,0,12,6,0,2,3,0,1,1,1,0,1,0,0000000,19,8,19,13,19,42,0,0,0,1,0
23,230045,1,1,0,0,0,1,1,25,2650,12,5,2012,7,20,30,0,3,3,SR-201,,0,44.58835278,-69.59566111,0,35,0,0,1,1,0,4,2,1,0,1,0,0000000,88,88,88,88,88,88,0,0,0,1,1
23,230046,2,2,0,0,0,3,3,17,2100,7,6,2012,5,19,5,1,2,2,US-2,,0,44.56551389,-70.37424722,0,12,2,0,1,1,0,1,1,1,0,1,0,0000000,19,5,19,16,20,0,0,0,0,1,0
23,230047,2,2,0,0,0,2,2,25,4950,20,6,2012,4,8,41,0,6,6,WHITE SCHOOL HOUSE ROAD,BLACKWELL HILL ROAD,0,44.80716944,-69.80751111,0,12,6,0,2,2,0,1,1,1,0,1,0,0000000,8,41,8,46,88,88,0,0,0,1,0
23,230048,1,1,0,0,0,1,1,7,9100,9,6,2012,7,23,23,0,3,3,SR-156,,0,44.61984722,-70.27291944,0,35,0,0,1,1,0,6,2,1,0,1,0,0000000,23,23,23,29,88,88,0,0,0,1,1
23,230049,3,3,0,0,0,8,8,19,250,10,6,2012,1,18,1,0,6,6,GRIFFIN ROAD,,0,44.83286667,-68.79695,0,12,1,0,1,1,0,1,1,1,0,1,0,0000000,18,1,18,6,18,19,0,0,0,1,0
23,230050,1,1,0,0,0,1,1,5,173,12,6,2012,3,21,35,0,6,6,PIGEON BROOK ROAD,,0,43.80271667,-70.73294722,0,32,0,0,1,1,0,6,5,2,0,2,0,0000000,21,35,21,56,22,46,0,0,0,1,1
23,230051,2,2,0,0,0,2,2,9,12,15,6,2012,6,18,46,0,3,3,SR-9,,0,44.84493333,-68.33740556,0,12,2,0,1,1,0,1,1,1,0,1,0,0000000,18,46,18,58,19,50,0,0,0,1,0
23,230052,1,1,0,0,0,1,1,15,7363,14,6,2012,5,23,43,0,3,3,SR-105,,0,44.31111389,-69.473875,0,42,0,0,1,1,0,6,2,1,0,1,0,0000000,23,52,0,2,88,88,0,0,0,1,0
23,230053,1,1,0,1,1,1,1,19,250,2,6,2012,7,22,38,0,6,6,MAIN STREET,PATTEN STREET,0,44.79311111,-68.7758,0,8,0,0,2,3,0,1,3,1,0,1,0,0000000,22,39,22,44,88,88,0,0,0,1,0
23,230054,1,1,0,0,0,1,1,31,7200,3,6,2012,1,3,55,0,6,6,JENKINS ROAD,FLAG POND ROAD,0,43.55531111,-70.43308056,0,34,0,0,2,3,0,6,2,2,0,2,0,0000000,4,0,4,5,88,88,0,0,0,1,1
23,230055,2,2,0,0,0,2,2,19,3603,5,6,2012,3,14,35,0,6,6,MONROE ROAD,,0,44.71119444,-68.886975,0,12,2,0,1,1,0,1,1,1,0,1,0,0000000,14,37,14,46,88,88,0,0,0,1,1
23,230056,1,1,0,0,0,1,1,9,7270,23,6,2012,7,0,5,0,3,3,SR-3,,0,44.30036389,-68.24033889,0,33,0,0,1,1,0,6,3,1,0,1,0,0000000,0,10,0,22,88,88,0,0,0,1,1