STATE,ST_CASE,VE_TOTAL,VE_FORMS,PVH_INVL,PEDS,PERNOTMVIT,PERMVIT,PERSONS,COUNTY,CITY,DAY,MONTH,YEAR,DAY_WEEK,HOUR,MINUTE,NHS,ROAD_FNC,ROUTE,TWAY_ID,TWAY_ID2,MILEPT,LATITUDE,LONGITUD,SP_JUR,HARM_EV,MAN_COLL,RELJCT1,RELJCT2,TYP_INT,WRK_ZONE,REL_ROAD,LGT_COND,WEATHER1,WEATHER2,WEATHER,SCH_BUS,RAIL,NOT_HOUR,NOT_MIN,ARR_HOUR,ARR_MIN,HOSP_HR,HOSP_MN,CF1,CF2,CF3,FATALS,DRUNK_DR
23,230057,1,1,0,0,0,1,1,29,1833,25,6,2012,2,6,56,0,3,3,SR-3,,0,45.09792222,-67.461525,0,35,0,0,1,1,0,6,1,1,0,1,0,0000000,7,10,7,46,8,38,0,0,0,1,0
23,230058,1,1,0,0,0,4,4,11,420,16,6,2012,7,23,5,0,6,6,HORSE POINT ROAD,,0,44.53128889,-69.7984,0,42,0,0,1,1,0,6,2,1,0,1,0,0000000,23,22,23,37,0,28,0,0,0,2,1
23,230059,2,2,0,0,0,5,5,17,1970,29,6,2012,6,11,44,0,6,6,HIO RIDGE ROAD,,0,44.01494444,-70.77935556,0,12,8,0,1,1,0,1,1,1,0,1,0,0000000,11,46,11,55,88,88,0,0,0,1,0
23,230060,1,1,0,0,0,1,1,25,2650,18,6,2012,2,14,15,0,6,6,MAIN STREET,,0,44.58836389,-69.59450833,0,59,0,0,1,1,0,4,1,1,0,1,0,0000000,14,16,14,21,88,88,0,0,0,1,0
23,230061,2,2,0,0,0,2,2,5,6400,27,6,2012,4,13,12,0,6,6,JOHNSON ROAD,,0,43.64888611,-70.3269,0,12,2,0,4,1,0,1,1,10,0,10,0,0000000,13,13,13,18,13,50,0,0,0,1,0
23,230062,2,2,0,0,0,4,4,9,2500,29,6,2012,6,17,25,0,3,3,SR-3,,0,44.55693333,-68.55141111,0,12,2,0,1,1,0,1,1,1,0,1,0,0000000,17,28,17,36,18,2,0,0,0,1,0
23,230063,2,2,0,0,0,4,4,3,7345,8,7,2012,1,12,13,0,3,3,SR-161,,0,47.18328611,-68.41698333,0,12,2,0,1,1,0,1,1,1,0,1,0,0000000,12,32,12,56,13,40,0,0,0,2,0
23,230064,2,2,0,0,0,4,4,15,8850,8,6,2012,6,10,53,0,3,3,SR-1,,0,44.11043889,-69.32174722,0,12,2,0,1,1,0,1,1,1,0,1,0,0000000,10,55,11,4,12,1,0,0,0,1,0
23,230065,2,2,0,0,0,2,2,9,5860,9,6,2012,7,12,50,0,3,3,SR-3,SR-175,0,44.5728,-68.75335833,0,12,6,0,2,3,0,1,1,1,0,1,0,0000000,12,50,12,58,13,56,0,0,0,1,0
23,230066,1,1,0,0,0,2,2,5,5390,6,7,2012,6,4,21,0,6,6,THOMPSON POINT ROAD,,0,43.92493889,-70.58217778,0,42,0,0,1,1,0,6,2,1,0,1,0,0000000,4,45,5,8,5,32,0,0,0,1,1
23,230067,1,1,0,0,0,1,1,17,5952,6,7,2012,6,22,15,0,6,6,WEBBER BROOK ROAD,,0,44.17300278,-70.53119722,0,53,0,0,1,1,0,4,2,10,0,10,0,0000000,22,20,22,27,88,88,0,0,0,1,1
23,230068,1,1,0,0,0,2,2,1,80,10,7,2012,3,1,6,0,6,6,MERROW ROAD,,0,44.07605833,-70.28714444,0,1,0,0,1,1,0,2,2,1,0,1,0,0000000,1,18,1,22,88,88,0,0,0,2,1
23,230069,2,2,0,0,0,4,4,1,6227,12,7,2012,5,22,13,0,6,6,PLAINS ROAD,,0,44.04639167,-70.36129444,0,12,2,0,1,1,0,1,2,1,0,1,0,0000000,22,35,22,45,23,13,0,0,0,1,1
23,230070,1,1,0,1,1,2,2,19,250,14,7,2012,7,7,43,0,6,6,UNION STREET,,0,44.79805,-68.77090278,0,8,0,0,5,1,0,1,1,1,0,1,0,0000000,7,43,7,49,8,7,0,0,0,1,0
23,230071,1,1,0,0,0,1,1,15,5430,21,6,2012,5,12,10,1,2,2,US-1,,0,44.03946389,-69.59887222,0,35,0,0,1,1,0,6,1,1,0,1,0,0000000,12,13,12,19,88,88,0,0,0,1,0
23,230072,2,2,0,0,0,4,4,3,6450,20,6,2012,4,11,52,1,2,2,US-1,CRAIG ROAD,0,46.76314444,-67.98986944,0,12,1,0,2,3,0,1,1,1,0,1,0,0000000,11,54,12,2,12,18,0,0,0,1,0
23,230073,2,2,0,0,0,4,4,5,2700,23,6,2012,7,9,8,1,2,2,US-1,JOHNSON ROAD,0,43.73988889,-70.22013889,0,12,6,0,2,2,0,1,1,1,0,1,0,0000000,9,9,9,13,9,32,0,0,0,1,0
23,230074,1,1,0,0,0,3,3,29,5120,30,6,2012,7,19,1,0,6,6,WYMAN ROAD,,0,44.51294722,-67.85867222,0,42,0,0,1,1,0,6,2,1,0,1,0,0000000,19,8,19,18,20,0,0,0,0,1,1
23,230075,1,1,0,0,0,2,2,5,2700,22,6,2012,6,2,40,0,6,6,GRAY ROAD,,0,43.75124167,-70.29884444,0,33,0,0,1,1,0,6,2,1,0,1,0,0000000,2,42,2,59,3,28,0,0,0,1,0
23,230076,1,1,0,0,0,2,2,9,1200,14,7,2012,7,12,17,0,3,3,SR-15,,0,44.56975,-68.77145,0,35,0,0,1,1,0,6,1,1,0,1,0,0000000,12,17,12,24,13,0,0,0,0,1,0
23,230077,2,2,0,0,0,3,3,15,8850,16,6,2012,7,14,24,0,6,6,ATLANTIC HIGHWAY,MANKTOWN ROAD,0,44.11489167,-69.30831389,0,12,1,0,2,3,0,1,1,1,0,1,0,0000000,14,24,14,30,14,58,0,0,0,1,0
23,230078,2,2,0,0,0,2,2,25,2650,26,7,2012,5,10,47,0,3,3,SR-3,OHIO HILL ROAD,0,44.65283056,-69.61933056,0,12,6,0,2,2,0,1,1,10,0,10,0,0000000,10,48,11,0,11,29,0,0,0,1,0
23,230079,4,4,0,0,0,11,11,31,4343,22,7,2012,1,18,20,0,3,3,SR-202,,0,43.41398611,-70.86702222,0,12,1,0,4,1,0,1,1,1,0,1,0,0000000,18,30,18,52,19,0,0,0,0,1,0
23,230080,2,2,0,0,0,4,4,19,7930,25,7,2012,4,17,18,1,2,2,US-143,MT. PLEASANT ROAD,0,44.86470556,-69.12612778,0,12,6,0,2,2,0,1,1,1,0,1,0,0000000,17,20,17,43,18,35,0,0,0,2,0
23,230081,1,1,0,1,1,1,1,31,7250,13,7,2012,6,14,54,0,6,6,LEBANON STREET,NASON STREET,0,43.45095833,-70.79297222,0,8,0,0,3,2,0,1,1,1,0,1,0,0000000,14,53,14,58,15,5,0,0,0,1,0
23,230082,1,1,0,0,0,1,1,9,5860,24,7,2012,3,9,15,1,2,2,US-1,SR-176,0,44.57357222,-68.73119722,0,42,0,0,2,3,0,6,1,1,0,1,0,0000000,9,17,9,30,9,56,0,0,0,1,0
23,230083,2,2,0,0,0,2,2,1,8390,13,7,2012,6,14,0,0,3,3,SR-4,CONANT ROAD,0,44.18605278,-70.23573889,0,12,6,0,2,3,0,1,1,1,0,1,0,0000000,14,0,14,8,88,88,0,0,0,1,0
23,230084,1,1,0,0,0,3,3,3,1500,13,8,2012,2,4,1,0,6,6,RIVER ROAD,,0,46.86173333,-67.96590556,0,34,0,0,1,1,0,6,2,1,0,1,0,0000000,4,9,4,21,4,46,0,0,0,1,1
23,230085,1,1,0,0,0,1,1,11,3150,13,7,2012,6,15,47,1,2,2,US-201,MARSTON ROAD,0,44.21031111,-69.78663889,0,19,0,0,2,2,0,6,1,1,0,1,0,0000000,15,49,15,52,88,88,0,0,0,1,0
23,230086,2,2,0,0,0,3,3,11,8780,15,8,2012,4,16,34,0,3,3,SR-3,STONE ROAD,0,44.37593333,-69.62576667,0,12,6,0,2,2,0,1,1,1,0,1,0,0000000,16,38,16,45,88,88,0,0,0,1,0
23,230087,3,3,0,0,0,5,5,19,3620,18,8,2012,7,15,11,0,6,6,UNION STREET,MANSELL ROAD,0,44.84871667,-68.8783,0,12,1,0,2,2,0,1,1,1,0,1,0,0000000,12,59,13,7,13,29,0,0,0,1,0
23,230088,1,1,0,0,0,1,1,27,5288,31,7,2012,3,14,10,1,2,2,US-139,US-141,0,44.61509444,-69.01781667,0,58,0,0,2,3,0,1,1,1,0,1,0,0000000,14,11,14,23,88,88,0,0,0,1,0
23,230089,1,1,0,1,1,1,1,5,6400,26,8,2012,1,1,3,0,6,6,WASHINGTON AVENUE,,0,43.68587222,-70.26778333,0,8,0,0,1,1,0,1,2,1,0,1,0,0000000,2,3,2,5,88,88,0,0,0,1,0
23,230090,2,2,0,0,0,2,2,1,3440,27,8,2012,2,12,14,0,3,3,SR-202,DAGGETT HILL ROAD,0,44.169025,-70.17682778,0,12,1,0,2,3,0,1,1,1,0,1,0,0000000,12,16,12,23,88,88,0,0,0,1,0
23,230091,1,1,0,0,0,1,1,3,2250,2,9,2012,1,11,44,0,3,3,SR-11,,0,46.98711111,-68.59074444,0,24,0,0,1,1,0,5,1,1,0,1,0,0000000,11,52,12,8,88,88,0,0,0,1,0
23,230092,2,2,0,0,0,3,3,11,9300,3,8,2012,6,14,6,1,2,2,US-202,,0,44.31978889,-69.92623611,0,12,2,0,1,1,0,1,1,1,0,1,0,0000000,14,6,14,13,15,13,0,0,0,1,0
23,230093,1,1,0,0,0,2,2,5,5390,8,8,2012,4,4,53,0,6,6,RIVER ROAD,,0,44.02604722,-70.59146389,0,35,0,0,1,1,0,6,1,1,0,1,0,0000000,6,29,6,46,7,29,0,0,0,1,1
23,230094,1,1,0,0,0,1,1,15,8850,21,8,2012,3,4,1,0,6,6,JEFFERSON STREET,,0,44.09670833,-69.3772,0,33,0,0,1,1,0,6,3,1,0,1,0,0000000,4,1,4,3,88,88,0,0,0,1,1
23,230095,1,1,0,0,0,1,1,31,1223,18,8,2012,7,1,12,0,6,6,PARKER FARM ROAD,,0,43.68615556,-70.55930833,0,58,0,0,1,1,0,6,2,10,0,10,0,0000000,1,15,1,24,2,11,0,0,0,1,1
23,230096,1,1,0,0,0,2,2,31,550,2,9,2012,1,0,40,0,3,3,SR-9,,0,43.48733333,-70.44214722,0,33,0,0,1,1,0,4,3,1,0,1,0,0000000,0,44,0,53,1,37,0,0,0,1,1
23,230097,3,3,0,0,0,4,4,1,80,23,8,2012,5,13,54,0,6,6,MINOT AVENUE,,0,44.08128611,-70.26069167,0,12,1,0,1,1,4,1,1,1,0,1,0,0000000,14,0,14,24,14,34,0,0,0,1,0
23,230098,2,2,0,0,0,2,2,11,5345,4,9,2012,3,17,16,0,6,6,372 WINGS MILLS ROAD,,0,44.42459444,-69.91672778,0,12,1,0,1,1,0,1,1,10,0,10,0,0000000,17,17,17,31,99,99,0,0,0,1,0
23,230099,1,1,0,0,0,3,3,25,5452,31,8,2012,6,21,41,0,6,6,WIRE BRIDGE ROAD,,0,44.88946111,-70.09681111,0,42,0,0,1,1,0,6,2,1,0,1,0,0000000,21,46,22,2,23,0,0,0,0,1,1
23,230100,1,1,0,0,0,1,1,25,4000,1,9,2012,7,20,34,1,2,2,US-201,,0,45.46382222,-70.05971667,0,11,0,0,1,1,0,1,6,1,0,1,0,0000000,20,35,20,56,21,30,0,0,0,1,0
23,230101,1,1,0,0,0,1,1,25,7360,9,9,2012,1,0,52,0,6,6,KENNEBEC RIVER ROAD,,0,44.89130556,-69.86519167,0,34,0,0,1,1,0,6,2,1,0,1,0,0000000,1,9,1,14,88,88,0,0,0,1,1
23,230102,1,1,0,0,0,1,1,5,950,5,9,2012,4,14,16,0,6,6,KANSAS ROAD,,0,44.01102778,-70.65839444,0,17,0,0,1,1,0,6,1,1,0,1,0,0000000,14,19,14,25,88,88,0,0,0,1,0
23,230103,2,2,0,0,0,3,3,3,8700,2,9,2012,1,12,22,1,2,2,US-1,,0,47.20418056,-67.982125,0,12,1,0,1,1,0,1,1,10,0,10,0,0000000,12,22,12,28,13,9,0,0,0,1,1
23,230104,1,1,0,0,0,1,1,9,705,21,9,2012,6,15,8,0,3,3,SR-177,,0,44.42374722,-68.62253889,0,42,0,0,1,1,0,6,1,1,0,1,0,0000000,15,10,15,14,15,22,0,0,0,1,0
23,230105,1,1,0,0,0,1,1,17,5456,3,9,2012,2,16,48,0,3,3,SR-26,,0,44.63479167,-70.95833333,0,30,0,0,1,1,0,6,1,1,0,1,0,0000000,16,53,17,10,17,40,0,0,0,1,1
23,230106,1,1,0,0,0,2,2,19,2422,20,9,2012,5,0,28,0,3,3,SR-9,,0,44.81021944,-68.61734722,0,35,0,0,1,1,0,6,2,1,0,1,0,0000000,0,34,0,49,88,88,0,0,0,2,1
23,230107,1,1,0,0,0,2,2,31,4343,16,9,2012,1,0,7,0,6,6,CENTER ROAD,UPPER CROSS STREET,0,43.40085,-70.90070556,0,34,0,0,2,3,0,6,3,1,0,1,0,0000000,0,10,0,15,0,54,0,0,0,2,1
23,230108,1,1,0,0,0,1,1,31,7450,2,9,2012,1,15,57,0,6,6,KNIGHTS PONDS ROAD,,0,43.26983056,-70.74926667,0,42,0,0,1,1,0,6,1,1,0,1,0,0000000,15,58,16,4,16,23,0,0,0,1,0
23,230109,2,2,0,0,0,2,2,19,6050,24,9,2012,2,16,49,0,3,3,SR-11,,0,46.06040278,-68.43924444,0,12,6,0,8,1,0,1,1,1,0,1,0,0000000,16,52,17,0,99,99,0,0,0,1,1
23,230110,1,1,0,1,1,1,1,9,705,15,9,2012,7,4,41,0,6,6,WATER STREET,,0,44.41314444,-68.58753333,0,8,0,0,1,1,0,1,3,1,0,1,0,0000000,4,41,4,41,4,55,0,0,0,1,1
23,230111,1,1,0,0,0,2,2,3,6300,1,10,2012,2,13,25,0,3,3,SR-11,,0,46.93210278,-68.52751389,0,11,0,0,1,1,0,1,1,1,0,1,0,0000000,13,27,13,44,88,88,0,0,0,1,0
23,230112,1,1,0,1,1,2,2,31,7250,26,9,2012,4,17,59,0,2,6,MAIN STREET,,0,43.45108333,-70.78818611,0,9,0,0,4,1,0,4,1,1,0,1,0,0000000,17,59,18,2,18,22,0,0,0,1,0
23,230113,2,2,0,0,0,2,2,9,8787,19,9,2012,4,7,0,1,2,2,US-1A,,0,44.55365833,-68.86446667,0,12,2,0,1,1,0,1,1,2,0,2,0,0000000,7,5,7,15,8,10,0,0,0,1,0
23,230114,2,2,0,0,0,2,2,31,2,16,9,2012,1,16,53,0,3,3,SR-109,EAST SHORE DRIVE,0,43.51167778,-70.86891667,0,12,7,0,2,2,0,1,1,1,0,1,0,0000000,16,54,17,22,17,37,0,0,0,1,2
23,230115,2,2,0,0,0,3,3,31,8905,18,10,2012,5,14,52,0,3,3,SR-9,LITTLEFIELD ROAD,0,43.30661389,-70.66760833,0,12,7,0,2,3,0,1,1,1,0,1,0,0000000,14,56,15,6,15,41,0,0,0,1,0
23,230116,2,2,0,0,0,4,4,17,7100,26,10,2012,6,20,39,1,2,2,US-2,DRAGOON ROAD,0,44.54522778,-70.54781389,0,12,7,0,2,3,0,1,3,1,0,1,0,0000000,20,41,20,45,21,3,0,0,0,1,1
23,230117,2,2,0,0,0,2,2,3,4900,2,11,2012,6,14,46,0,6,6,MAIN STREET,,0,47.35483333,-68.35241111,0,12,6,0,8,1,0,1,1,1,0,1,0,0000000,14,46,14,48,15,15,0,0,0,1,0
23,230118,1,1,0,0,0,1,1,5,1150,29,7,2012,1,13,10,0,6,6,LOWER MAST LANDING,,0,43.85563889,-70.088475,0,34,0,0,1,1,0,6,1,2,0,2,0,0000000,13,18,13,21,14,4,0,0,0,1,0
23,230119,1,1,0,0,0,1,1,31,7250,24,9,2012,2,8,18,0,6,6,ALFRED ROAD,,0,43.42451944,-70.73305556,0,24,0,0,1,1,0,6,1,1,0,1,0,0000000,8,18,8,28,88,88,0,0,0,1,0
23,230120,2,2,0,0,0,5,5,5,950,5,11,2012,2,6,55,1,2,2,US-302,,0,44.01756944,-70.68388333,0,12,2,0,1,1,0,1,4,1,0,1,1,0000000,6,58,7,3,7,43,0,0,0,1,0
23,230121,1,1,0,0,0,2,2,31,7250,6,11,2012,3,23,19,0,6,6,12 RUSHTON STREET,,0,43.43234444,-70.760775,0,17,0,0,1,1,0,6,2,1,0,1,0,0000000,23,21,23,26,23,45,0,0,0,1,1
23,230122,1,1,0,0,0,2,2,11,8900,10,11,2012,7,1,21,0,6,6,WEBB ROAD,,0,44.52515556,-69.69759444,0,30,0,0,1,1,0,6,3,1,0,1,0,0000000,1,23,1,27,2,6,0,0,0,1,1
23,230123,1,1,0,0,0,1,1,21,5200,24,6,2012,1,4,35,0,6,6,PLEASANT RIVER ROAD,,0,45.26756944,-68.96919444,0,32,0,0,1,1,0,6,4,2,0,2,0,0000000,4,44,4,53,88,88,0,0,0,1,0
23,230124,1,1,0,0,0,2,2,29,1769,2,11,2012,6,17,58,0,6,6,COOPER ROAD,NORTH UNION ROAD,0,45.08893889,-67.47606111,0,34,0,0,2,3,0,6,2,1,0,1,0,0000000,18,0,18,21,19,4,0,0,0,1,0
23,230125,2,2,0,0,0,3,3,19,1806,14,11,2012,4,12,2,0,6,6,1016 MAIN STREET,,0,44.96980278,-68.97354167,0,12,2,0,1,1,0,1,1,1,0,1,0,0000000,12,4,12,15,13,0,0,0,0,1,0
23,230126,2,2,0,0,0,2,2,23,8350,14,11,2012,4,14,22,0,6,6,TOPSHAM FAIR MALL ROAD,MIDWAY ROAD,0,43.93288056,-69.98209722,0,12,6,0,2,2,0,1,1,1,0,1,0,0000000,14,25,14,31,88,88,0,0,0,1,0
23,230127,1,1,0,0,0,1,1,29,7931,7,11,2012,4,22,13,1,2,2,US-1,,0,44.51239722,-67.97136944,0,34,0,0,1,1,0,6,2,4,0,4,0,0000000,22,13,22,45,23,15,0,0,0,1,0
23,230128,2,2,0,0,0,5,5,11,9150,26,10,2012,6,23,5,0,6,6,91 SOUTH REYNOLDS ROAD,,0,44.51792222,-69.60064722,0,12,2,0,1,1,0,1,2,1,0,1,0,0000000,23,7,23,11,0,10,0,0,0,2,0
23,230129,2,2,0,0,0,4,4,7,6145,22,11,2012,5,5,40,1,2,2,US-4,,0,44.80164444,-70.27999722,0,12,6,0,1,1,0,1,2,1,0,1,0,0000000,5,42,5,57,88,88,0,0,0,1,0
23,230130,1,1,0,0,0,2,2,19,3620,22,11,2012,5,23,48,0,6,6,2409 UNION STREET,,0,44.84979722,-68.87749444,0,1,0,0,1,1,0,4,2,5,0,5,0,0000000,23,48,0,3,0,42,0,0,0,1,1
23,230131,2,2,0,0,0,2,2,3,1500,8,11,2012,5,5,53,1,2,2,US-1,,0,46.87351667,-68.00247778,0,12,2,0,1,1,0,1,4,4,0,4,0,0000000,5,56,6,4,6,25,0,0,0,1,0
23,230132,1,1,0,0,0,1,1,13,3712,20,11,2012,3,20,29,0,2,3,SR-17,,0,44.21592778,-69.198325,0,42,0,0,1,1,0,6,2,1,0,1,0,0000000,20,29,20,40,88,88,0,0,0,1,1
23,230133,1,1,0,0,0,2,2,5,5390,23,11,2012,6,23,3,0,6,6,LEWIS ROAD,,0,44.01380833,-70.62186944,0,42,0,0,1,1,0,6,2,10,0,10,0,0000000,23,6,23,13,0,9,0,0,0,1,1
23,230134,1,1,0,1,1,1,1,31,7200,21,11,2012,4,20,6,0,6,6,162 MAIN STREET,1 WATER STREET,0,43.49680556,-70.44770833,0,8,0,0,2,2,0,1,3,1,0,1,0,0000000,20,8,20,11,20,24,0,0,0,1,0
23,230135,2,2,0,0,0,3,3,9,6530,8,11,2012,5,18,22,1,2,2,US-1A,,0,44.60167222,-68.51498333,0,12,2,0,1,1,0,1,2,2,0,2,0,0000000,18,34,18,58,19,35,0,0,0,1,0
23,230136,1,1,0,0,0,1,1,17,6141,22,11,2012,5,1,43,0,3,3,SR-108,,0,44.52094167,-70.43565833,0,35,0,0,1,1,0,6,2,3,0,3,0,0000000,1,50,1,55,88,88,0,0,0,1,1
23,230137,1,1,0,0,0,2,2,19,13,23,11,2012,6,5,25,1,2,1,I-95,,0,45.09780833,-68.69273611,0,35,0,0,1,1,0,6,2,5,0,5,0,0000000,5,40,6,0,6,38,0,0,0,1,0
23,230138,1,1,0,0,0,1,1,1,2214,30,11,2012,6,16,35,0,6,6,SOPER ROAD,,0,43.96605556,-70.06500556,0,35,0,0,1,1,0,6,2,1,0,1,0,0000000,16,37,16,44,88,88,0,0,0,1,1
23,230139,1,1,0,0,0,2,2,5,6400,21,10,2012,1,1,26,0,6,6,WEST COMMERCIAL STREET,,0,43.64473056,-70.266025,0,35,0,0,1,1,0,6,3,1,0,1,0,0000000,1,35,1,45,2,20,0,0,0,1,1
23,230140,1,1,0,0,0,1,1,5,3250,9,11,2012,6,2,33,0,6,6,BURNHAM ROAD,,0,43.62423056,-70.43545833,0,34,0,0,1,1,0,6,2,1,0,1,0,0000000,2,34,2,47,88,88,0,0,0,1,1
23,230141,1,1,0,0,0,4,4,19,5800,9,12,2012,1,4,52,0,6,6,NORTH MAIN STREET,,0,44.93739167,-68.64753611,0,33,0,0,1,1,0,6,3,5,0,5,0,0000000,4,52,5,6,5,37,0,0,0,1,1
23,230142,2,2,0,0,0,2,2,11,9130,7,12,2012,6,13,50,0,3,3,SR-17,,0,44.26511667,-69.56181111,0,12,2,0,1,1,0,1,1,1,0,1,0,0000000,13,57,14,7,15,0,0,0,0,1,0
23,230143,1,1,0,0,0,1,1,31,30,9,12,2012,1,8,40,0,6,6,RIVER ROAD,,0,43.38250833,-70.50863056,0,30,0,0,1,1,0,6,1,1,0,1,0,0000000,8,43,8,55,9,25,0,0,0,1,0
23,230144,1,1,0,1,1,1,1,19,9019,16,12,2012,1,16,15,0,6,6,1020 MAIN ROAD,,0,45.24066111,-68.64168333,0,8,0,0,1,1,0,2,2,10,0,10,0,0000000,16,33,16,44,16,59,0,0,0,1,0
23,230145,2,2,0,0,0,3,3,29,326,23,12,2012,1,14,20,1,2,2,US-1,,0,45.17259444,-67.45027778,0,12,2,0,1,1,0,1,1,1,0,1,0,0000000,14,22,14,39,15,17,0,0,0,1,0
23,230146,1,1,0,0,0,1,1,25,2045,5,12,2012,4,18,17,0,6,6,TROY ROAD,,0,44.75809167,-69.29712222,0,1,0,0,1,1,0,5,2,1,0,1,0,0000000,18,22,18,32,88,88,0,0,0,1,0
23,230147,3,3,0,0,0,5,5,11,9130,15,11,2012,5,10,30,0,3,3,SR-17,,0,44.27725278,-69.63020833,0,12,1,0,1,1,0,1,1,1,0,1,0,0000000,10,36,10,43,11,43,0,0,0,1,0
23,230148,2,2,0,0,0,3,3,31,4300,17,11,2012,7,11,25,0,6,6,BRAVE BOAT HARBOR ROAD,CUTTS ISLAND LAND,0,43.09185,-70.67867222,0,12,2,0,2,3,0,1,1,1,0,1,0,0000000,11,27,11,33,88,88,0,0,0,1,0
23,230149,1,1,0,0,0,2,2,27,3047,22,12,2012,7,7,18,0,3,3,SR-137,,0,44.527325,-69.36504444,0,1,0,0,1,1,0,5,4,1,0,1,0,0000000,7,25,7,51,8,41,0,0,0,1,0
23,230150,2,2,0,0,0,2,2,3,4960,28,12,2012,6,7,55,0,6,6,HAYSTACK ROAD,,0,46.66636944,-68.22296944,0,12,1,0,4,1,0,1,1,4,0,4,0,0000000,7,55,8,0,8,28,0,0,0,1,0
23,230151,1,1,0,1,1,2,2,31,5725,22,12,2012,7,15,48,0,6,6,MAIN STREET,,0,43.24878889,-70.6007,0,8,0,0,1,1,0,1,1,1,0,1,0,0000000,15,49,15,51,16,12,0,0,0,1,0
23,230153,1,1,0,0,0,1,1,31,450,22,12,2012,7,3,40,0,6,6,OLD SANFORD ROAD,,0,43.30165,-70.81658889,0,42,0,0,1,1,0,6,2,1,0,1,0,0000000,3,42,3,55,4,33,0,0,0,1,0
24,240001,1,1,0,1,1,2,2,5,0,2,1,2012,2,18,36,0,16,3,SR-151,,63,39.29059722,-76.50733889,0,8,0,0,1,1,0,1,3,10,0,10,0,0000000,18,34,18,38,99,99,0,0,0,1,0
24,240002,1,1,0,1,1,1,1,510,50,3,1,2012,3,15,22,0,14,3,SR-129,,0,39.32848611,-76.65818056,0,8,0,0,1,1,0,1,1,1,0,1,0,0000000,99,99,99,99,99,99,0,0,0,1,0
24,240003,1,1,0,0,0,1,1,13,1670,16,1,2012,2,22,47,0,6,4,CR-81,,15,39.62028889,-77.03409167,0,30,0,0,1,1,0,4,2,2,0,2,0,0000000,99,99,99,99,99,99,0,0,0,1,0
24,240004,1,1,0,0,0,1,1,9,0,22,1,2012,1,16,31,0,6,4,CR-23,,27,38.65179167,-76.54422222,0,42,0,0,1,1,0,5,5,1,0,1,0,0000000,16,31,16,55,17,17,0,0,0,1,0
24,240005,2,2,0,0,0,2,2,21,0,17,1,2012,3,5,29,0,14,3,SR-75,,3,39.47196667,-77.24841667,0,12,6,0,1,1,0,1,2,10,0,10,0,0000000,99,99,99,99,88,88,0,0,0,1,0
24,240006,1,1,0,0,0,1,1,13,0,20,1,2012,6,0,25,1,13,3,SR-140,,106,39.589725,-77.00535,0,24,0,0,1,1,0,4,3,1,0,1,0,0000000,99,99,99,99,88,88,0,0,0,1,0
24,240007,2,2,0,0,0,3,3,3,0,17,1,2012,3,2,8,1,11,1,I-595,,12,38.96509722,-76.632225,0,12,1,0,1,1,0,1,2,1,0,1,0,0000000,99,99,99,99,99,99,23,0,0,1,0
24,240008,1,1,0,0,0,1,1,47,0,26,1,2012,5,6,29,0,6,4,CR-146,,14,38.31647222,-75.25401111,0,1,0,0,1,1,0,4,2,1,0,1,0,0000000,6,29,6,36,88,88,0,0,0,1,1
24,240009,2,2,0,0,0,2,2,25,10,26,1,2012,5,5,9,1,12,3,SR-22,BEARD HILL RD,9,39.52271111,-76.18430278,0,12,6,0,2,2,0,1,3,1,0,1,0,0000000,99,99,99,99,99,99,0,0,0,1,0
24,240010,1,1,0,2,2,1,1,35,0,28,1,2012,7,6,41,0,4,3,SR-544,,69,39.228875,-75.92175278,0,8,0,0,1,1,0,1,2,1,0,1,0,0000000,99,99,99,99,99,99,19,0,0,2,0
24,240011,1,1,0,1,1,1,1,5,0,22,1,2012,1,19,3,0,15,4,CR-6209,,0,39.39957778,-76.48485833,0,8,0,0,1,1,0,1,3,1,0,1,0,0000000,99,99,99,99,99,99,0,0,0,1,0
24,240012,2,2,0,1,1,1,1,37,0,6,1,2012,6,19,9,0,5,4,CR-232,,8,38.25875556,-76.52018889,0,12,6,0,8,1,0,1,2,1,0,1,0,0000000,99,99,99,99,88,88,23,0,0,1,0
24,240013,1,1,0,1,1,1,1,5,0,24,1,2012,3,17,47,0,13,2,US-40,,190,39.35399722,-76.453125,0,8,0,0,1,1,0,1,3,1,0,1,0,0000000,99,99,99,99,99,99,0,0,0,1,0
24,240014,3,2,1,0,0,3,3,33,0,1,1,2012,1,1,9,1,12,3,SR-210,,110,38.73896944,-76.99145833,0,12,6,0,7,1,0,1,2,1,0,1,0,0000000,99,99,99,99,88,88,14,0,0,1,0
24,240015,1,1,0,0,0,1,1,5,0,1,1,2012,1,0,39,0,6,4,CR-194,,18,39.50075,-76.69009167,0,42,0,0,1,1,0,5,2,1,0,1,0,0000000,0,42,0,45,88,88,0,0,0,1,1
24,240016,1,1,0,0,0,1,1,31,0,11,1,2012,4,22,41,1,11,1,I-495,,67,39.01701944,-77.10182778,0,25,0,0,1,1,0,3,2,2,0,2,0,0000000,99,99,99,99,88,88,0,0,0,1,1
24,240017,1,1,0,0,0,1,1,5,0,27,1,2012,6,12,32,0,14,3,SR-7,,89,39.40388333,-76.4156,0,53,0,0,1,1,0,6,1,1,0,1,0,0000000,99,99,99,99,99,99,0,0,0,1,0
24,240018,1,1,0,0,0,2,2,5,0,30,1,2012,2,15,25,0,14,4,CR-4417,MCCORMICK AVE,1,39.33079167,-76.52286667,0,30,0,0,3,3,0,4,1,1,0,1,0,0000000,99,99,99,99,99,99,0,0,0,1,0