STATE,ST_CASE,VE_TOTAL,VE_FORMS,PVH_INVL,PEDS,PERNOTMVIT,PERMVIT,PERSONS,COUNTY,CITY,DAY,MONTH,YEAR,DAY_WEEK,HOUR,MINUTE,NHS,ROAD_FNC,ROUTE,TWAY_ID,TWAY_ID2,MILEPT,LATITUDE,LONGITUD,SP_JUR,HARM_EV,MAN_COLL,RELJCT1,RELJCT2,TYP_INT,WRK_ZONE,REL_ROAD,LGT_COND,WEATHER1,WEATHER2,WEATHER,SCH_BUS,RAIL,NOT_HOUR,NOT_MIN,ARR_HOUR,ARR_MIN,HOSP_HR,HOSP_MN,CF1,CF2,CF3,FATALS,DRUNK_DR
24,240019,1,1,0,0,0,2,2,21,1580,14,1,2012,7,1,57,0,6,4,CR-31,,19,39.67242222,-77.41093889,0,35,0,0,1,1,0,4,2,1,0,1,0,0000000,99,99,99,99,88,88,0,0,0,1,0
24,240020,1,1,0,0,0,1,1,5,0,14,1,2012,7,16,42,1,11,1,I-95,,178,39.34606389,-76.50705556,0,24,0,0,1,1,0,4,1,1,0,1,0,0000000,16,44,16,50,17,15,0,0,0,1,0
24,240021,1,1,0,0,0,1,1,17,0,26,1,2012,5,2,26,0,16,4,CR-877,BERRY RD,0,38.648175,-76.95455,0,33,0,0,3,2,0,4,3,1,0,1,0,0000000,99,99,99,99,88,88,0,0,0,1,1
24,240022,1,1,0,2,2,1,1,33,1175,6,1,2012,6,6,59,0,15,4,CR-114,,30,38.75824722,-76.99871111,0,8,0,0,1,1,0,1,4,1,0,1,0,0000000,99,99,99,99,99,99,0,0,0,2,0
24,240023,1,1,0,0,0,1,1,33,235,19,1,2012,5,13,24,0,15,4,CR-122,MARK DR,35,38.80196389,-76.9134,0,30,0,0,2,3,0,4,1,1,0,1,0,0000000,99,99,99,99,99,99,0,0,0,1,0
24,240024,1,1,0,1,1,1,1,3,0,22,1,2012,1,19,58,0,14,3,SR-176,,10,39.1596,-76.71417778,0,8,0,0,1,1,0,1,2,1,0,1,0,0000000,99,99,99,99,99,99,0,0,0,1,0
24,240025,2,2,0,0,0,3,3,3,0,28,1,2012,7,0,46,0,14,3,SR-173,,16,39.14012222,-76.49232778,0,12,6,0,1,1,0,1,3,1,0,1,0,0000000,99,99,99,99,99,99,0,0,0,1,1
24,240026,2,2,0,0,0,4,4,3,0,28,1,2012,7,3,30,1,12,2,US-50,,36,38.97543889,-76.61591667,0,12,2,0,1,1,0,1,2,1,0,1,0,0000000,99,99,99,99,99,99,0,0,0,4,2
24,240027,3,3,0,0,0,5,5,5,0,24,1,2012,3,15,16,0,13,3,SR-146,,94,39.43710278,-76.59689722,0,12,9,0,1,1,0,1,1,1,0,1,0,0000000,99,99,99,99,99,99,0,0,0,1,0
24,240028,2,2,0,0,0,3,3,15,0,30,1,2012,2,16,35,0,4,2,US-40,RAZOR STRAP RD,81,39.60764722,-75.95022778,0,12,6,0,3,3,0,1,1,1,0,1,0,0000000,99,99,99,99,99,99,0,0,0,1,0
24,240029,2,2,0,0,0,2,2,5,0,26,1,2012,5,7,49,0,14,4,CR-6779,,14,39.43767222,-76.81923611,0,12,6,0,8,1,0,1,1,1,0,1,0,0000000,99,99,99,99,99,99,0,0,0,1,0
24,240030,4,4,0,0,0,5,5,43,0,30,1,2012,2,14,59,1,11,1,I-81,,80,39.67253611,-77.73469167,0,12,2,0,1,1,0,1,1,1,0,1,0,0000000,99,99,99,99,99,99,0,0,0,1,0
24,240031,1,1,0,0,0,5,5,31,0,1,1,2012,1,2,51,0,14,4,CR-537,LANCASTER DR,4,38.99862222,-77.08852222,0,33,0,0,3,3,0,4,3,1,0,1,0,0000000,3,8,3,13,99,99,0,0,0,2,1
24,240032,1,1,0,1,1,1,1,33,0,23,1,2012,2,11,20,0,15,4,CR-571,,16,38.81013333,-76.95201111,0,8,0,0,1,1,0,5,1,2,0,2,0,0000000,99,99,99,99,88,88,0,0,0,1,0
24,240033,1,1,0,0,0,1,1,5,0,4,2,2012,7,2,25,0,13,3,SR-45,,96,39.50466389,-76.64882222,0,24,0,0,1,1,0,4,2,1,0,1,0,0000000,99,99,99,99,88,88,0,0,0,1,1
24,240034,1,1,0,0,0,1,1,33,0,31,1,2012,3,19,55,0,13,8,SUITLAND PKWY,,0,99.99990000,999.99990000,1,99,99,0,1,1,0,2,2,1,0,1,0,0000000,99,99,99,99,99,99,0,0,0,1,1
24,240035,2,1,1,0,0,2,2,510,50,24,1,2012,3,2,43,0,13,6,S. HILTON STREET,,0,39.28354444,-76.67217778,0,42,0,0,1,1,0,4,3,1,0,1,0,0000000,99,99,99,99,99,99,0,0,0,1,1
24,240036,2,2,0,0,0,3,3,33,0,31,1,2012,3,14,15,0,2,8,BWI PARKWAY,,0,99.99990000,999.99990000,1,12,1,0,1,1,0,1,1,1,0,1,0,0000000,99,99,99,99,99,99,0,0,0,1,0
24,240037,1,1,0,1,1,1,1,510,0,25,1,2012,4,18,18,0,13,2,US-1,ANNTANA AVE,0,39.34001389,-76.54878889,0,15,0,0,2,3,0,1,3,1,0,1,0,0000000,99,99,99,99,99,99,0,0,0,1,0
24,240038,2,2,0,0,0,2,2,21,0,1,2,2012,4,20,28,1,11,1,I-70,,230,39.38118611,-77.25211667,0,12,1,0,1,1,0,1,2,1,0,1,0,0000000,99,99,99,99,88,88,0,0,0,1,1
24,240039,1,1,0,0,0,2,2,37,0,5,2,2012,1,17,48,0,5,3,SR-6,,95,38.47350556,-76.77359167,0,42,0,0,1,1,0,6,5,1,0,1,0,0000000,17,47,17,52,99,99,0,0,0,1,1
24,240040,1,1,0,1,1,1,1,5,0,7,2,2012,3,20,35,0,15,4,CR-8007,,23,39.29079167,-76.51185833,0,8,0,0,1,1,0,1,3,10,0,10,0,0000000,99,99,99,99,99,99,0,0,0,1,0
24,240041,1,1,0,0,0,1,1,47,0,8,2,2012,4,19,59,1,2,2,US-113,,69,38.13268333,-75.43600556,0,34,0,0,1,1,0,4,1,2,0,2,0,0000000,19,56,20,4,20,41,0,0,0,1,0
24,240042,1,1,0,1,1,1,1,11,0,20,2,2012,2,18,28,0,3,3,SR-331,,62,38.75083889,-75.97705,0,8,0,0,1,1,0,1,2,1,0,1,0,0000000,99,99,99,99,99,99,0,0,0,1,0
24,240043,2,2,0,0,0,2,2,33,0,9,2,2012,5,9,15,1,13,2,US-301,GOVERNOR BRIDGE RD,235,38.94860556,-76.71771111,0,12,6,0,2,2,0,1,1,1,0,1,0,0000000,99,99,99,99,99,99,0,0,0,1,0
24,240044,2,2,0,0,0,2,2,25,0,18,2,2012,7,13,10,0,5,3,SR-440,,56,39.65522778,-76.25528611,0,12,2,0,1,1,0,1,1,1,0,1,0,0000000,99,99,99,99,99,99,0,0,0,1,0
24,240045,1,1,0,1,1,1,1,33,240,1,2,2012,4,17,16,0,13,3,SR-214,DAIMIER DR,15,38.88777222,-76.88615278,0,8,0,0,3,3,0,1,5,1,0,1,0,0000000,99,99,99,99,99,99,0,0,0,1,0
24,240046,1,1,0,1,1,1,1,33,0,18,2,2012,7,0,6,1,12,3,SR-5,,65,38.75106111,-76.879275,0,8,0,0,1,1,0,1,2,1,0,1,0,0000000,99,99,99,99,88,88,0,0,0,1,0
24,240047,3,3,0,0,0,3,3,5,0,8,2,2012,4,16,7,1,13,2,US-1,,210,39.4233,-76.45114722,0,12,6,0,1,1,0,1,1,2,0,2,0,0000000,99,99,99,99,99,99,0,0,0,1,1
24,240048,2,2,0,0,0,2,2,5,0,7,2,2012,3,18,45,0,13,4,CR-2000,,37,39.31795556,-76.75675556,0,12,6,0,1,1,0,1,2,1,0,1,0,0000000,99,99,99,99,99,99,0,0,0,1,0
24,240049,1,1,0,1,1,1,1,31,0,22,2,2012,4,11,33,0,13,3,SR-185,,80,39.07911667,-77.08076667,0,8,0,0,1,1,0,1,1,1,0,1,0,0000000,11,31,11,36,11,44,0,0,0,1,0
24,240050,3,3,0,0,0,6,6,17,0,10,2,2012,6,17,11,0,14,4,CR-623,ST. MARKS DR,6,38.60738889,-76.88886111,0,12,2,0,2,2,0,1,5,1,0,1,0,0000000,17,23,17,33,99,99,0,0,0,1,0
24,240051,1,1,0,0,0,1,1,25,0,9,2,2012,5,13,57,9,99,5,LOHRS LANE,,0,39.42260278,-76.35467778,0,18,0,0,1,1,0,6,1,1,0,1,0,0000000,99,99,99,99,99,99,0,0,0,1,0
24,240052,1,1,0,1,1,1,1,25,0,20,2,2012,2,18,20,0,14,3,SR-755,,95,39.42599444,-76.29828611,0,8,0,0,1,1,0,1,3,1,0,1,0,0000000,99,99,99,99,99,99,0,0,0,1,0
24,240053,3,3,0,0,0,7,7,25,0,20,2,2012,2,21,58,0,14,3,SR-543,,53,39.51910556,-76.28174444,0,12,2,0,1,1,0,1,2,1,0,1,0,0000000,99,99,99,99,99,99,0,0,0,3,1
24,240054,3,3,0,0,0,8,8,13,1670,12,2,2012,1,14,55,1,2,3,SR-140,MEADOW CREEK DRIVE,110,39.58736667,-77.01189444,0,12,6,0,2,2,0,1,1,1,0,1,0,0000000,14,35,14,45,99,99,0,0,0,1,0
24,240055,2,2,0,0,0,6,6,3,0,16,2,2012,5,2,13,1,13,3,SR-3,,0,39.03839444,-76.6764,0,12,9,0,1,1,0,1,3,1,0,1,0,0000000,99,99,99,99,99,99,0,0,0,1,1
24,240056,1,1,0,0,0,1,1,35,0,19,2,2012,1,5,57,0,6,4,CR-662,,0,39.07133611,-76.05318056,0,30,0,0,1,1,0,4,2,1,0,1,0,0000000,99,99,99,99,88,88,0,0,0,1,1
24,240057,3,3,0,0,0,3,3,5,0,21,2,2012,3,14,20,0,15,4,CR-2250,,24,39.38777222,-76.78691389,0,12,2,0,1,1,0,1,1,10,0,10,0,0000000,99,99,99,99,88,88,0,0,0,2,0
24,240058,1,1,0,0,0,4,4,33,1520,18,2,2012,7,1,33,0,14,4,CR-81,,22,38.84265556,-76.91540278,0,33,0,0,1,1,0,4,3,1,0,1,0,0000000,99,99,99,99,99,99,0,0,0,1,0
24,240059,6,6,0,0,0,7,7,33,565,6,2,2012,2,17,30,0,15,4,CR-114,,9,38.78386944,-77.00658889,0,12,6,0,1,1,0,1,5,1,0,1,0,0000000,99,99,99,99,99,99,0,0,0,1,1
24,240060,2,2,0,0,0,2,2,31,0,17,2,2012,6,2,41,1,11,1,I-495,,82,39.00586667,-77.08311944,0,12,1,0,1,1,0,1,3,1,0,1,0,0000000,99,99,99,99,88,88,0,0,0,1,0
24,240061,3,3,0,0,0,3,3,15,0,18,2,2012,7,22,31,0,3,2,US-40,,170,99.99990000,999.99990000,0,12,1,0,1,1,0,1,2,1,0,1,0,0000000,99,99,99,99,99,99,0,0,0,1,1
24,240062,3,2,1,0,0,3,3,33,879,20,2,2012,2,18,28,0,14,3,SR-704,,15,38.90937222,-76.89205,0,33,0,0,1,1,0,4,3,1,0,1,0,0000000,99,99,99,99,99,99,14,0,0,1,1
24,240063,1,1,0,0,0,1,1,21,0,23,2,2012,5,23,25,0,6,4,CR-427,,24,39.43661667,-77.20014167,0,42,0,0,1,1,0,6,2,1,0,1,0,0000000,99,99,99,99,88,88,0,0,0,1,0
24,240064,1,1,0,0,0,2,2,37,0,29,2,2012,4,16,10,0,6,4,CR-84,,0,38.30225833,-76.65004722,0,42,0,0,1,1,0,6,1,1,0,1,0,0000000,16,11,16,15,99,99,0,0,0,1,1
24,240065,2,2,0,0,0,3,3,5,0,9,2,2012,5,13,9,0,14,4,CR-5560,,48,39.26692778,-76.49584444,0,12,6,0,8,1,0,1,1,1,0,1,0,0000000,99,99,99,99,99,99,0,0,0,1,0
24,240066,1,1,0,0,0,1,1,33,0,3,3,2012,7,1,8,1,12,3,SR-4,,76,38.82107222,-76.84817778,0,42,0,0,1,1,0,6,2,2,0,2,0,0000000,99,99,99,99,99,99,0,0,0,1,1
24,240067,1,1,0,0,0,1,1,31,0,28,2,2012,3,14,25,0,16,4,CR-474,,2,38.94826111,-77.10458611,0,39,0,0,1,1,0,6,1,1,0,1,0,0000000,99,99,99,99,88,88,0,0,0,1,0
24,240068,1,1,0,0,0,3,3,11,0,23,3,2012,6,1,44,0,5,4,CR-157,,17,38.72478056,-75.81341389,0,30,0,0,1,1,0,4,2,1,0,1,0,0000000,99,99,99,99,99,99,0,0,0,1,1
24,240069,3,3,0,0,0,4,4,25,0,2,3,2012,6,7,41,0,5,3,SR-543,,26,39.49367222,-76.26060278,0,12,11,0,1,1,0,1,1,1,0,1,0,0000000,99,99,99,99,99,99,0,0,0,1,0
24,240070,2,2,0,0,0,2,2,35,0,6,3,2012,3,17,12,0,3,3,SR-213,,38,38.99434444,-76.07528889,0,12,2,0,1,1,0,1,1,1,0,1,0,0000000,99,99,99,99,99,99,0,0,0,1,0
24,240071,2,2,0,0,0,2,2,3,0,6,3,2012,3,14,53,0,5,3,SR-2,LEE AIRPARK DR,0,38.943925,-76.56066944,0,12,6,0,2,3,0,1,1,1,0,1,0,0000000,99,99,99,99,99,99,0,0,0,1,0
24,240072,3,3,0,0,0,3,3,13,0,6,3,2012,3,22,23,0,3,3,SR-26,SR-32,0,39.40401944,-76.95100833,0,12,6,0,2,2,0,1,3,1,0,1,0,0000000,22,22,22,27,99,99,0,0,0,1,0
24,240073,2,2,0,0,0,3,3,3,0,26,3,2012,2,11,8,0,15,4,CR-907,,21,39.13511944,-76.65637222,0,12,8,0,1,1,0,1,1,1,0,1,0,0000000,99,99,99,99,88,88,0,0,0,1,0
24,240074,1,1,0,0,0,1,1,33,1558,9,3,2012,6,1,53,0,15,4,CR-122,,6,38.80513611,-76.96492778,0,31,0,0,1,1,0,6,3,1,0,1,0,0000000,99,99,99,99,99,99,0,0,0,1,0
24,240075,1,1,0,0,0,2,2,15,0,11,3,2012,1,19,54,0,3,3,SR-213,,255,39.69646111,-75.86846111,0,30,0,0,1,1,0,4,2,1,0,1,0,0000000,99,99,99,99,99,99,0,0,0,1,1
24,240076,1,1,0,0,0,1,1,5,0,11,3,2012,1,11,50,1,12,3,SR-695,,19,39.32403889,-76.477825,0,41,0,0,1,1,0,3,1,1,0,1,0,0000000,99,99,99,99,99,99,0,0,0,1,1
24,240077,1,1,0,1,1,3,3,3,0,12,3,2012,2,20,54,0,5,3,SR-468,,29,38.81513056,-76.54321111,0,8,0,0,1,1,0,1,3,1,0,1,0,0000000,99,99,99,99,88,88,0,0,0,1,0
24,240078,1,1,0,0,0,2,2,13,0,18,3,2012,1,0,46,0,6,4,CR-235,,1,39.56320556,-77.14327222,0,24,0,0,1,1,0,4,2,1,0,1,0,0000000,0,45,1,0,99,99,0,0,0,2,1
24,240079,1,1,0,0,0,1,1,21,0,20,3,2012,3,1,48,1,11,1,I-70,,195,39.402425,-77.33984444,0,41,0,0,1,1,0,6,2,2,0,2,0,0000000,99,99,99,99,88,88,0,0,0,1,0
24,240080,1,1,0,0,0,2,2,27,0,21,3,2012,4,14,6,1,1,1,I-70,,69,39.32346111,-77.00745,0,42,0,0,1,1,0,4,1,1,0,1,0,0000000,14,4,14,9,14,41,0,0,0,1,0
24,240081,2,2,0,0,0,3,3,13,0,25,3,2012,1,11,25,0,13,3,SR-26,GEORGETOWN BLVD,102,39.40228333,-76.94463056,0,12,6,0,2,2,0,1,1,1,0,1,0,0000000,11,23,11,39,12,1,0,0,0,1,0
24,240082,1,1,0,0,0,1,1,13,0,25,3,2012,1,16,1,0,6,4,CR-92,,0,39.710225,-77.00701389,0,42,0,0,1,1,0,6,1,1,0,1,0,0000000,99,99,99,99,88,88,0,0,0,1,1
24,240083,2,2,0,0,0,2,2,1,0,17,3,2012,7,15,10,0,3,3,SR-51,,104,39.56721667,-78.70425556,0,12,6,0,1,1,0,1,1,1,0,1,0,0000000,99,99,99,99,99,99,0,0,0,1,0
24,240084,2,2,0,0,0,3,3,25,0,7,2,2012,3,8,51,0,14,3,SR-7,,63,39.46452222,-76.27804722,0,12,2,0,1,1,0,1,1,1,0,1,8,0000000,99,99,99,99,99,99,0,0,0,1,0
24,240085,1,1,0,0,0,2,2,43,0,28,2,2012,3,3,25,0,3,3,SR-65,,67,39.55533056,-77.73679444,0,1,0,0,1,1,0,5,2,1,0,1,0,0000000,99,99,99,99,99,99,0,0,0,1,1
24,240086,1,1,0,1,1,1,1,31,0,25,2,2012,7,3,20,0,3,3,SR-28,,0,39.10275278,-77.09052778,0,8,0,0,1,1,0,1,2,1,0,1,0,0000000,3,24,3,31,88,88,0,0,0,1,0
24,240087,1,1,0,0,0,1,1,510,50,19,3,2012,2,3,45,0,13,6,344 W. NORTH AVE,,0,39.31114444,-76.61848056,0,1,0,0,1,1,0,5,3,1,0,1,0,0000000,99,99,99,99,99,99,0,0,0,1,0
24,240088,1,1,0,0,0,1,1,13,0,15,1,2012,1,16,1,1,2,3,SR-30,,5,39.578275,-76.84087222,0,33,0,0,1,1,0,4,1,1,0,1,0,0000000,15,58,16,3,88,88,0,0,0,1,1
24,240089,1,1,0,0,0,1,1,9,0,26,1,2012,5,16,8,0,4,3,SR-263,,23,38.60291944,-76.57139167,0,11,0,0,1,1,0,1,1,1,0,1,0,0000000,16,6,16,15,99,99,0,0,0,1,0
24,240090,4,4,0,0,0,6,6,510,50,5,3,2012,2,15,34,0,13,2,US-1,,0,39.31582778,-76.58038056,0,12,1,0,1,1,0,1,1,1,0,1,0,0000000,99,99,99,99,99,99,0,0,0,1,1
24,240091,2,2,0,0,0,7,7,33,1558,1,3,2012,5,18,28,0,13,3,SR-414,DEER PARK DRIVE,30,38.82289444,-76.95248889,0,12,6,0,2,3,0,1,3,1,0,1,0,0000000,99,99,99,99,99,99,0,0,0,1,0
24,240092,1,1,0,1,1,3,3,25,0,16,3,2012,6,18,30,0,15,4,CR-1666,,2,39.49710833,-76.328775,0,8,0,0,1,1,0,1,1,1,0,1,0,0000000,99,99,99,99,99,99,0,0,0,1,0
24,240093,1,1,0,0,0,1,1,43,0,18,3,2012,1,0,57,0,4,2,US-40,,267,39.65947222,-77.8969,0,32,0,0,1,1,0,4,2,1,0,1,0,0000000,99,99,99,99,99,99,0,0,0,1,0
24,240094,1,1,0,1,1,1,1,5,0,31,3,2012,7,1,51,0,13,3,SR-45,,20,39.40371111,-76.60421944,0,8,0,0,1,1,0,1,3,1,0,1,0,0000000,99,99,99,99,88,88,0,0,0,1,0
24,240095,2,2,0,0,0,6,6,35,0,26,3,2012,2,12,18,0,3,3,SR-213,,43,38.98603056,-76.07191667,0,12,2,0,1,1,0,1,1,1,0,1,0,0000000,99,99,99,99,99,99,0,0,0,1,0
24,240096,1,1,0,0,0,1,1,31,369,7,3,2012,4,15,52,0,13,4,CR-1659,,23,39.06605833,-77.02530833,0,1,0,0,1,1,0,4,1,1,0,1,0,0000000,15,54,16,1,16,33,0,0,0,1,0
24,240097,1,1,0,0,0,3,3,31,0,23,3,2012,6,1,12,0,13,3,SR-185,MGNOLIA PARKWAY,0,38.96789722,-77.077475,0,42,0,0,2,5,0,6,3,1,0,1,0,0000000,1,22,1,28,1,49,20,0,0,3,0
24,240098,1,1,0,0,0,1,1,5,0,30,3,2012,6,14,57,1,11,1,I-695 RAMP,BROENING HIGHWAY,19,39.23507222,-76.50718056,0,38,0,1,3,3,0,4,1,1,0,1,0,0000000,99,99,99,99,99,99,0,0,0,1,0
24,240099,2,2,0,0,0,2,2,1,0,1,4,2012,1,21,37,0,13,2,US-40 AL,,76,39.64056389,-78.82666111,0,12,2,0,1,1,0,1,2,2,0,2,0,0000000,99,99,99,99,99,99,0,0,0,1,1
24,240100,1,1,0,0,0,1,1,11,0,2,4,2012,2,0,54,0,4,3,SR-16,,40,38.74738056,-75.87857778,0,34,0,0,1,1,0,4,2,2,0,2,0,0000000,0,54,1,0,88,88,0,0,0,1,1
24,240101,1,1,0,0,0,1,1,29,0,5,4,2012,5,4,16,0,5,3,SR-299,,48,39.37310833,-75.80268333,0,42,0,0,1,1,0,6,2,1,0,1,0,0000000,99,99,99,99,88,88,0,0,0,1,1
24,240102,1,1,0,0,0,1,1,33,0,3,4,2012,3,9,13,1,11,1,I-95,,56,38.81819444,-76.94551667,0,42,0,0,1,1,0,6,1,1,0,1,0,0000000,99,99,99,99,88,88,0,0,0,1,0
24,240103,2,2,0,0,0,4,4,39,0,6,4,2012,6,10,26,1,2,2,US-13,EDEN ALLEN RD,196,38.28144167,-75.65056667,2,12,6,0,2,2,0,1,1,1,0,1,0,0000000,99,99,99,99,99,99,0,0,0,1,0
24,240104,1,1,0,0,0,1,1,37,0,7,4,2012,7,19,50,0,6,3,SR-244,,57,38.22294444,-76.573025,0,35,0,0,1,1,0,4,3,1,0,1,0,0000000,19,51,19,58,88,88,0,0,0,1,1
24,240105,1,1,0,0,0,1,1,45,1680,9,4,2012,2,10,52,1,2,2,US-50,,302,38.38491111,-75.33190278,0,42,0,0,1,1,0,4,1,1,0,1,0,0000000,11,33,11,42,12,32,0,0,0,1,0
24,240106,2,2,0,0,0,2,2,3,419,9,4,2012,2,17,51,0,3,3,SR-424,,35,38.96540556,-76.662425,0,12,2,0,1,1,0,1,1,1,0,1,0,0000000,99,99,99,99,88,88,0,0,0,2,1
24,240107,1,1,0,0,0,2,2,3,642,9,4,2012,2,16,50,0,99,8,2604 CHAPEL LAKE DR,,0,39.03618889,-76.68328889,0,39,0,0,4,1,0,6,1,1,0,1,0,0000000,99,99,99,99,99,99,0,0,0,1,0
24,240108,1,1,0,0,0,1,1,37,0,14,4,2012,7,13,46,0,5,3,SR-238,,29,38.31548889,-76.80872778,0,24,0,0,1,1,0,4,1,1,0,1,0,0000000,13,49,14,0,14,27,0,0,0,1,0
24,240109,1,1,0,0,0,2,2,39,1280,14,4,2012,7,21,33,0,5,4,CR-301,,27,38.25749722,-75.72807222,0,38,0,0,1,1,0,6,2,1,0,1,0,0000000,21,33,21,46,22,13,0,0,0,1,1
24,240110,1,1,0,0,0,2,2,5,0,14,4,2012,7,22,1,0,14,3,SR-25,,218,39.64547222,-76.80038889,0,1,0,0,1,1,0,6,2,10,0,10,0,0000000,22,1,22,19,99,99,0,0,0,2,1
24,240111,1,1,0,0,0,1,1,33,365,17,4,2012,3,18,1,1,12,3,SR-5,,78,38.76673611,-76.88439722,0,24,0,0,1,1,0,3,1,1,0,1,0,0000000,99,99,99,99,99,99,0,0,0,1,0
24,240112,2,2,0,0,0,2,2,27,0,16,4,2012,2,21,45,0,16,4,CR-2129,COMMERCE CENTER DRIVE,7,39.17756944,-76.82194444,0,12,6,0,2,2,0,1,3,1,0,1,0,0000000,21,45,21,51,22,33,0,0,0,1,0
24,240113,2,2,0,0,0,2,2,3,0,22,4,2012,1,20,53,0,15,4,CR-2838,,0,38.98381111,-76.57449722,0,12,2,0,1,1,0,1,2,2,10,2,0,0000000,99,99,99,99,99,99,0,0,0,1,0
24,240114,1,1,0,1,1,1,1,43,1460,22,4,2012,1,12,32,0,13,3,SR-64,,0,39.64276389,-77.58951389,0,8,0,0,1,1,0,1,1,1,0,1,0,0000000,99,99,99,99,99,99,0,0,0,1,0
24,240115,2,2,0,0,0,2,2,33,240,14,4,2012,7,1,16,1,11,1,I-95,,131,38.89940278,-76.84993611,0,12,1,0,1,1,0,1,3,1,0,1,0,0000000,99,99,99,99,99,99,0,0,0,1,0
24,240116,1,1,0,0,0,1,1,5,0,15,4,2012,1,12,49,1,11,1,I-695,,100,39.25388056,-76.68543889,0,31,0,1,19,1,0,4,1,1,0,1,0,0000000,99,99,99,99,99,99,0,0,0,1,0
24,240117,1,1,0,0,0,1,1,43,0,27,4,2012,6,12,0,0,15,4,CR-468,,5,39.60270556,-77.77440556,0,42,0,0,1,1,0,6,1,1,0,1,0,0000000,99,99,99,99,99,99,0,0,0,1,0
24,240118,2,2,0,0,0,2,2,47,0,27,4,2012,6,16,6,1,2,2,US-113,SR-756,12,38.08218889,-75.54045556,0,12,6,0,2,3,0,1,1,1,0,1,0,0000000,15,58,16,3,16,40,0,0,0,1,1
24,240119,1,1,0,0,0,2,2,13,1670,28,4,2012,7,1,5,0,6,4,CR-285,,24,39.52198333,-77.04755278,0,42,0,0,1,1,0,5,2,1,0,1,0,0000000,99,99,99,99,99,99,0,0,0,1,1
24,240120,2,1,1,0,1,2,3,23,0,25,4,2012,4,17,0,0,3,3,SR-135,,48,39.429975,-79.32965278,0,45,0,0,1,1,3,2,1,1,0,1,0,0000000,99,99,99,99,99,99,0,0,0,2,0
24,240121,1,1,0,0,0,3,3,37,995,28,4,2012,7,2,26,0,5,3,SR-472,,24,38.39530556,-76.63798333,0,33,0,0,1,1,0,4,2,1,0,1,0,0000000,2,26,2,36,99,99,0,0,0,1,1
24,240122,1,1,0,1,1,1,1,45,1380,27,4,2012,6,23,56,0,13,2,US-13BU,,57,38.36916389,-75.59486667,0,8,0,0,1,1,0,1,3,1,0,1,0,0000000,0,4,0,7,0,23,0,0,0,1,0
24,240123,1,1,0,0,0,1,1,27,0,22,4,2012,1,3,19,1,2,3,SR-32,,180,39.29227222,-76.954,0,42,0,0,1,1,0,6,2,1,0,1,0,0000000,99,99,99,99,88,88,0,0,0,1,1
24,240124,1,1,0,1,1,1,1,25,0,27,4,2012,6,22,29,0,13,2,US-40,JAMES AVE,124,39.50141667,-76.16866389,0,8,0,0,2,3,0,1,2,1,0,1,0,0000000,99,99,99,99,99,99,0,0,0,1,0
24,240125,2,2,0,0,0,2,2,21,0,28,4,2012,7,4,20,1,11,1,I-270,,86,39.38838333,-77.41617222,0,24,0,0,1,1,0,3,2,1,0,1,0,0000000,99,99,99,99,99,99,0,0,0,1,0
24,240126,2,2,0,0,0,2,2,15,0,15,4,2012,1,13,55,0,6,4,CR-558,MCKEOWN RD,3,39.55691111,-75.83305833,0,12,2,0,2,3,0,1,1,1,0,1,0,0000000,99,99,99,99,99,99,0,0,0,1,0
24,240127,3,3,0,0,0,3,3,25,0,29,4,2012,1,16,0,1,2,2,US-1,,190,39.65560556,-76.17662778,0,12,6,0,1,1,0,1,1,1,0,1,0,0000000,99,99,99,99,99,99,0,0,0,1,0
24,240128,3,3,0,1,1,4,4,31,0,23,4,2012,2,2,4,1,11,1,I-495,,118,39.01727778,-77.02604722,0,12,1,0,1,1,0,1,3,2,0,2,0,0000000,1,59,2,7,99,99,19,0,0,1,0
24,240129,1,1,0,0,0,1,1,33,175,2,5,2012,4,5,8,1,2,2,US-301,,45,38.71749444,-76.84725,0,32,0,0,1,1,0,4,2,1,0,1,0,0000000,99,99,99,99,99,99,0,0,0,1,0
24,240130,1,1,0,0,0,1,1,33,710,4,5,2012,6,6,39,1,11,1,I-495 RAMP,,30,39.00313889,-76.89325,0,24,0,1,5,1,0,4,1,5,0,5,0,0000000,99,99,99,99,99,99,0,0,0,1,0
24,240131,2,2,0,0,0,2,2,3,0,5,5,2012,7,2,40,1,11,1,I-695,,16,39.207125,-76.60856944,0,12,1,0,1,1,0,1,3,1,0,1,0,0000000,99,99,99,99,99,99,0,0,0,1,2
24,240132,3,3,0,0,0,4,4,25,0,8,5,2012,3,10,0,0,3,3,SR-152,,67,39.48241111,-76.38736667,0,12,2,0,1,1,0,1,1,1,0,1,0,0000000,99,99,99,99,99,99,0,0,0,2,0
24,240133,2,2,0,0,0,4,4,5,0,4,5,2012,6,6,10,0,13,3,SR-146,,49,39.47280833,-76.57562778,0,12,6,0,1,1,0,1,1,5,0,5,0,0000000,99,99,99,99,99,99,0,0,0,3,0
24,240134,1,1,0,0,0,1,1,5,0,6,5,2012,1,20,18,0,13,3,SR-146,,106,39.53773611,-76.54221667,0,39,0,0,1,1,0,6,2,1,0,1,0,0000000,99,99,99,99,88,88,0,0,0,1,1
24,240135,1,1,0,0,0,1,1,17,0,9,5,2012,4,17,5,0,3,3,SR-234,,55,38.4114,-76.86143333,0,24,0,0,1,1,0,4,1,1,0,1,0,0000000,99,99,99,99,88,88,0,0,0,1,0
24,240136,1,1,0,0,0,1,1,33,1620,6,5,2012,1,15,0,0,16,4,CR-99,,12,38.83173889,-76.77095,0,11,0,0,1,1,0,1,1,1,0,1,0,0000000,99,99,99,99,99,99,0,0,0,1,0