STATE,ST_CASE,VE_TOTAL,VE_FORMS,PVH_INVL,PEDS,PERNOTMVIT,PERMVIT,PERSONS,COUNTY,CITY,DAY,MONTH,YEAR,DAY_WEEK,HOUR,MINUTE,NHS,ROAD_FNC,ROUTE,TWAY_ID,TWAY_ID2,MILEPT,LATITUDE,LONGITUD,SP_JUR,HARM_EV,MAN_COLL,RELJCT1,RELJCT2,TYP_INT,WRK_ZONE,REL_ROAD,LGT_COND,WEATHER1,WEATHER2,WEATHER,SCH_BUS,RAIL,NOT_HOUR,NOT_MIN,ARR_HOUR,ARR_MIN,HOSP_HR,HOSP_MN,CF1,CF2,CF3,FATALS,DRUNK_DR
24,240137,1,1,0,0,0,1,1,43,160,13,5,2012,1,18,36,0,6,4,CR-314,,71,39.56557778,-77.61438333,0,42,0,0,1,1,0,6,1,1,0,1,0,0000000,99,99,99,99,99,99,0,0,0,1,1
24,240138,1,1,0,1,1,1,1,33,365,22,5,2012,3,23,22,1,12,3,SR-5,,127,38.82928056,-76.93016667,0,8,0,0,1,1,0,1,3,1,0,1,0,0000000,99,99,99,99,99,99,0,0,0,1,0
24,240139,2,1,1,1,1,1,1,33,365,11,5,2012,6,22,54,0,16,4,CR-3764,,6,38.71876667,-76.94466944,0,8,0,0,1,1,0,1,3,1,0,1,0,0000000,99,99,99,99,99,99,0,0,0,1,1
24,240140,2,2,0,0,0,2,2,33,365,12,5,2012,7,21,19,0,13,4,CR-223,,72,38.76678889,-76.88933611,0,12,99,0,8,1,0,1,3,1,0,1,0,0000000,99,99,99,99,88,88,0,0,0,1,1
24,240141,2,2,0,0,0,2,2,43,0,18,5,2012,6,17,11,0,5,3,SR-491,,2,39.65715,-77.56065556,0,12,2,0,1,1,0,1,1,1,0,1,0,0000000,99,99,99,99,88,88,0,0,0,1,0
24,240142,1,1,0,0,0,1,1,5,0,16,5,2012,4,23,29,0,4,3,SR-439,,41,39.67384722,-76.59975556,0,30,0,0,1,1,0,4,2,1,0,1,0,0000000,99,99,99,99,88,88,0,0,0,1,1
24,240143,1,1,0,0,0,1,1,27,0,20,5,2012,1,18,16,0,4,3,SR-99,,13,39.32226389,-76.91619167,0,31,0,0,1,1,0,4,1,1,0,1,0,0000000,18,16,18,20,18,54,0,0,0,1,1
24,240144,1,1,0,1,1,1,1,25,10,24,3,2012,7,20,14,1,12,3,SR-22,,3,39.52268333,-76.18061389,0,8,0,0,1,1,0,1,2,2,10,2,0,0000000,99,99,99,99,99,99,0,0,0,1,0
24,240145,1,1,0,0,0,1,1,31,630,21,4,2012,7,22,9,0,14,3,SR-124,MONTGOMERY VILLAGE AVE,0,39.16005556,-77.20213056,0,33,0,0,2,2,0,3,3,1,0,1,0,0000000,22,9,22,12,88,88,0,0,0,1,1
24,240146,2,2,0,0,0,2,2,33,0,6,5,2012,1,15,4,0,13,3,SR-214,,67,38.89955,-76.79608056,0,12,6,0,8,1,0,1,1,1,0,1,0,0000000,99,99,99,99,99,99,0,0,0,1,0
24,240147,2,2,0,0,0,3,3,13,1670,17,5,2012,5,16,7,0,3,3,SR-97,NICODEMUS RD,101,39.49104444,-76.99641944,0,12,2,0,2,2,0,1,1,1,0,1,0,0000000,99,99,99,99,99,99,0,0,0,1,0
24,240148,1,1,0,1,1,1,1,47,1150,28,5,2012,2,1,21,0,13,3,SR-528,54TH STREET,51,38.37856111,-75.06840833,0,8,0,0,2,3,0,1,3,1,0,1,0,0000000,1,22,1,25,2,7,0,0,0,1,1
24,240149,3,3,0,0,0,4,4,33,170,18,5,2012,6,2,35,0,13,3,SR-197,US-50,18,38.94958611,-76.74051111,0,12,1,0,3,3,0,1,3,1,0,1,0,0000000,99,99,99,99,99,99,0,0,0,1,1
24,240150,2,2,0,0,0,2,2,33,365,28,5,2012,2,22,58,1,12,3,SR-5,,78,38.76659167,-76.88423611,0,12,98,0,1,1,0,1,1,1,0,1,0,0000000,99,99,99,99,88,88,0,0,0,1,1
24,240151,2,2,0,0,0,2,2,27,0,30,5,2012,4,21,49,1,12,3,SR-100 RAMP,,2,39.25223889,-76.8213,0,1,0,1,5,1,0,1,3,1,0,1,0,0000000,99,99,99,99,88,88,19,0,0,1,0
24,240152,1,1,0,1,1,1,1,33,830,5,5,2012,7,20,46,0,13,3,SR-193,,14,38.98438056,-76.96881944,0,8,0,0,1,1,0,1,3,1,0,1,0,0000000,99,99,99,99,99,99,0,0,0,1,0
24,240153,2,2,0,0,0,4,4,27,0,31,5,2012,5,14,8,0,4,4,CR-79,,29,39.25336389,-76.92941111,0,12,6,0,8,1,0,1,1,1,0,1,0,0000000,14,8,14,11,14,47,0,0,0,1,0
24,240154,1,1,0,1,1,1,1,31,0,3,5,2012,5,6,29,0,3,3,SR-108,,108,39.18201667,-77.10818889,0,9,0,0,1,1,0,1,1,1,0,1,0,0000000,6,30,6,35,7,0,0,0,0,1,0
24,240155,1,1,0,0,0,1,1,3,673,10,5,2012,5,1,43,1,12,3,SR-10,,50,39.17672222,-76.60611667,0,42,0,0,1,1,0,6,2,2,0,2,0,0000000,99,99,99,99,88,88,0,0,0,1,1
24,240156,2,2,0,0,0,2,2,3,0,17,1,2012,3,20,34,1,13,3,SR-3,,53,39.05431389,-76.65938889,0,12,2,0,1,1,0,1,3,1,0,1,0,0000000,99,99,99,99,99,99,0,0,0,1,1
24,240157,1,1,0,0,0,1,1,33,569,31,5,2012,5,3,13,0,14,4,CR-3074,,32,38.84978611,-76.88413611,0,30,0,0,1,1,0,6,3,1,0,1,0,0000000,99,99,99,99,88,88,0,0,0,1,1
24,240158,3,2,1,0,0,2,2,33,565,10,5,2012,5,14,32,0,14,4,CR-193,,17,38.77413889,-76.96957222,0,12,2,0,1,1,0,1,1,1,0,1,0,0000000,99,99,99,99,99,99,0,0,0,1,1
24,240159,2,2,0,0,0,2,2,31,0,16,5,2012,4,7,35,0,13,3,SR-355,,63,39.05030278,-77.11490556,0,12,1,0,1,1,0,1,4,1,0,1,0,0000000,7,36,7,47,8,5,0,0,0,1,0
24,240160,1,1,0,0,0,1,1,35,0,4,6,2012,2,0,59,0,5,3,SR-309,,14,38.93816667,-75.96963056,0,42,0,0,1,1,0,6,2,2,0,2,0,0000000,99,99,99,99,88,88,0,0,0,1,0
24,240161,1,1,0,0,0,1,1,35,0,7,6,2012,5,12,17,1,2,2,US-301,,345,39.20360278,-75.89218889,0,42,0,0,1,1,0,6,1,1,0,1,0,0000000,99,99,99,99,99,99,0,0,0,1,0
24,240162,3,3,0,0,0,5,5,37,0,4,6,2012,2,23,11,1,13,3,SR-4,,72,38.30944722,-76.50278889,0,12,1,0,1,1,0,1,2,1,0,1,0,0000000,23,14,23,24,99,99,0,0,0,2,2
24,240163,2,2,0,0,0,2,2,11,0,8,6,2012,6,22,16,1,2,3,SR-404,SR-313,74,38.83614167,-75.77847778,0,12,6,0,2,3,0,1,3,1,0,1,0,0000000,22,11,22,19,88,88,0,0,0,1,0
24,240164,1,1,0,1,1,1,1,33,1330,28,6,2012,5,5,30,1,13,2,US-1,,24,38.96223611,-76.93935278,0,8,0,0,1,1,0,1,3,1,0,1,0,0000000,99,99,99,99,99,99,0,0,0,1,0
24,240165,1,1,0,0,0,1,1,13,0,3,6,2012,1,4,17,0,4,3,SR-97,,0,39.35227222,-77.01618611,0,30,0,0,1,1,0,4,2,1,0,1,0,0000000,99,99,99,99,88,88,0,0,0,1,0
24,240166,1,1,0,0,0,1,1,1,1163,3,6,2012,1,23,44,0,4,4,CR-542,,2,39.53778333,-78.61314722,0,3,0,0,1,1,0,5,2,1,0,1,0,0000000,99,99,99,99,88,88,0,0,0,1,1
24,240167,1,1,0,0,0,1,1,1,410,8,6,2012,6,19,33,1,13,3,SR-53,,17,39.61516111,-78.83946944,0,31,0,0,1,1,0,6,1,1,0,1,0,0000000,99,99,99,99,99,99,0,0,0,1,0
24,240168,3,3,0,0,0,6,6,33,0,9,6,2012,7,2,47,1,11,1,I-95,,0,38.79268056,-77.02997222,0,12,1,0,1,1,0,1,3,1,0,1,0,0000000,99,99,99,99,99,99,0,0,0,2,1
24,240169,1,1,0,1,1,2,2,21,0,12,6,2012,3,23,49,0,3,3,SR-26,KINGFISHER DR,11,39.44948333,-77.38371111,0,8,0,0,3,2,0,1,3,10,0,10,0,0000000,99,99,99,99,88,88,0,0,0,1,0
24,240170,2,2,0,0,0,2,2,43,0,9,6,2012,7,13,9,1,2,2,US-522,,1,39.72076667,-78.18068611,0,12,2,0,1,1,0,1,1,1,0,1,0,0000000,99,99,99,99,88,88,0,0,0,1,1
24,240171,2,2,0,0,0,2,2,3,0,14,6,2012,5,1,37,1,11,1,I-97,,71,39.07111944,-76.65345833,0,12,2,0,1,1,0,1,3,1,0,1,0,0000000,99,99,99,99,99,99,0,0,0,2,1
24,240172,2,2,0,0,0,2,2,33,240,14,6,2012,5,22,22,0,13,3,SR-214,COOLIDGE ST,2,38.88892778,-76.90848611,0,12,6,0,2,2,0,1,1,1,0,1,0,0000000,99,99,99,99,99,99,0,0,0,1,0
24,240173,1,1,0,1,1,1,1,17,0,18,6,2012,2,23,41,0,4,3,SR-224,,202,38.56166111,-77.16471111,0,8,0,0,1,1,0,1,2,1,0,1,0,0000000,99,99,99,99,88,88,0,0,0,1,0
24,240174,1,1,0,1,1,1,1,15,0,19,6,2012,3,21,25,0,13,2,US-40,,158,39.59837222,-75.81950556,0,8,0,0,1,1,0,1,3,1,0,1,0,0000000,99,99,99,99,99,99,0,0,0,1,0
24,240175,1,1,0,0,0,1,1,33,0,21,6,2012,5,23,55,1,11,1,I-95,,285,39.05044444,-76.93141667,0,24,0,0,1,1,0,4,3,1,0,1,0,0000000,99,99,99,99,99,99,0,0,0,1,0
24,240176,1,1,0,1,1,1,1,33,830,3,7,2012,3,23,39,0,14,3,SR-500,,11,38.95542778,-76.96328056,0,8,0,0,1,1,0,1,3,2,0,2,0,0000000,99,99,99,99,99,99,0,0,0,1,0
24,240177,3,3,0,0,0,4,4,31,0,15,3,2012,5,12,27,0,14,3,SR-320,,26,39.00017778,-76.99038056,0,12,2,0,1,1,0,1,1,1,0,1,0,0000000,12,28,12,35,99,99,14,0,0,2,0
24,240178,1,1,0,0,0,1,1,13,0,2,4,2012,2,1,17,0,6,4,CR-635,,0,39.46130833,-76.94246667,0,42,0,0,1,1,0,6,2,2,0,2,0,0000000,1,11,1,19,88,88,0,0,0,1,0
24,240179,1,1,0,1,1,1,1,510,50,5,4,2012,5,16,45,9,99,6,MORTIMER AVE,RUBIN AVE,0,39.35106944,-76.69014167,0,9,0,0,2,3,0,1,1,1,0,1,0,0000000,99,99,99,99,99,99,0,0,0,1,0
24,240180,1,1,0,1,1,1,1,17,0,15,5,2012,3,13,59,9,99,9,SUGARBERRY ST,,0,38.6276,-76.94233333,0,8,0,0,1,1,0,1,1,1,0,1,0,0000000,99,99,99,99,88,88,0,0,0,1,0
24,240181,1,1,0,1,1,3,3,3,0,20,5,2012,1,21,10,0,13,3,SR-151,,59,39.24230278,-76.45540833,0,8,0,0,1,1,0,1,3,1,0,1,0,0000000,99,99,99,99,99,99,0,0,0,1,0
24,240182,1,1,0,1,1,1,1,33,1089,7,4,2012,7,15,3,0,16,6,85TH AVE,,1,38.97471667,-76.87529444,0,8,0,0,1,1,0,1,1,1,0,1,0,0000000,99,99,99,99,99,99,0,0,0,1,0
24,240183,1,1,0,0,0,2,2,43,0,5,5,2012,7,23,50,0,6,4,CR-789,,0,39.59569167,-77.75802222,0,42,0,0,1,1,0,6,2,1,0,1,0,0000000,99,99,99,99,88,88,0,0,0,2,0
24,240184,1,1,0,1,1,1,1,3,0,5,5,2012,7,23,59,1,12,3,SR-100,,67,39.14856944,-76.6348,0,8,0,0,1,1,0,1,3,1,0,1,0,0000000,99,99,99,99,99,99,0,0,0,1,0
24,240185,1,1,0,0,0,1,1,35,0,23,6,2012,7,14,39,1,2,2,US-50 RAMP,NESBIT RD,1,38.96701667,-76.1855,0,24,0,1,5,1,0,4,1,1,0,1,0,0000000,99,99,99,99,99,99,0,0,0,1,1
24,240186,2,2,0,0,0,3,3,13,1670,23,6,2012,7,13,32,0,13,3,SR-97,,138,39.54015556,-76.98944444,0,12,6,0,1,1,0,1,1,1,0,1,0,0000000,99,99,99,99,99,99,0,0,0,1,1
24,240187,2,2,0,0,0,2,2,23,0,21,6,2012,5,17,58,1,2,2,US-219,US-50,30,39.308975,-79.45430556,0,12,6,0,2,2,0,1,1,1,0,1,0,0000000,99,99,99,99,99,99,0,0,0,1,0
24,240188,1,1,0,0,0,1,1,35,0,24,6,2012,1,20,15,0,3,3,SR-300,,89,39.19374722,-75.82621944,0,72,0,0,1,1,0,6,3,1,0,1,0,0000000,99,99,99,99,99,99,0,0,0,1,1
24,240189,1,1,0,1,1,1,1,47,0,26,6,2012,3,20,7,0,4,4,CR-1,,34,38.27938056,-75.56665556,0,8,0,0,1,1,0,1,5,1,0,1,0,0000000,20,7,20,22,99,99,0,0,0,1,0
24,240190,2,2,0,0,0,3,3,17,0,26,6,2012,3,19,15,0,4,4,CR-50,,30,38.60386944,-76.97627222,0,12,2,0,1,1,0,1,1,1,0,1,0,0000000,19,16,19,22,99,99,0,0,0,1,0
24,240191,1,1,0,0,0,1,1,9,0,28,6,2012,5,22,33,0,6,4,CR-10,,31,38.65329167,-76.62738056,0,24,0,0,1,1,0,4,2,1,0,1,0,0000000,99,99,99,99,99,99,0,0,0,1,1
24,240192,2,2,0,0,0,4,4,33,370,24,6,2012,1,3,6,0,13,2,US-1,DELAWARE ST,55,39.00575,-76.92985833,0,12,6,0,2,3,0,1,3,1,0,1,0,0000000,99,99,99,99,99,99,0,0,0,1,2
24,240193,2,2,0,0,0,5,5,41,480,2,2,2012,5,10,39,1,13,2,US-50,,0,38.78693889,-76.0601,0,12,2,0,1,1,1,1,1,1,0,1,0,0000000,99,99,99,99,99,99,0,0,0,1,0
24,240194,2,2,0,0,0,3,3,27,0,15,6,2012,6,1,14,1,11,1,I-70,,89,39.31773889,-76.97953889,0,12,2,0,1,1,0,1,2,1,0,1,0,0000000,1,13,1,19,88,88,0,0,0,1,1
24,240195,1,1,0,1,1,1,1,5,1189,18,2,2012,7,18,15,0,14,3,SR-147,,0,39.37944444,-76.53803889,0,8,0,0,1,1,0,1,1,1,0,1,0,0000000,99,99,99,99,99,99,0,0,0,1,0
24,240196,2,2,0,0,0,2,2,25,0,27,6,2012,4,10,51,0,4,3,SR-147,RECKORD RD,7,39.48636944,-76.41221389,0,12,6,0,2,2,0,1,1,1,0,1,0,0000000,99,99,99,99,99,99,0,0,0,1,0
24,240197,1,1,0,0,0,1,1,5,0,21,6,2012,5,1,16,1,11,1,I-695 RAMP,,42,39.29693611,-76.50041389,0,24,0,1,5,1,0,4,3,1,0,1,0,0000000,99,99,99,99,99,99,0,0,0,1,0
24,240198,2,2,0,0,0,2,2,15,0,26,6,2012,3,99,99,0,4,3,SR-7,BELVUE RD,39,39.59828056,-75.95893333,0,1,0,0,2,2,0,1,1,1,0,1,0,0000000,99,99,99,99,99,99,14,0,0,1,0
24,240199,2,2,0,0,0,2,2,510,50,25,6,2012,2,12,11,0,13,6,FULTON ST,MULBERRY ST,0,39.29350278,-76.64594444,0,12,6,0,2,2,0,1,1,1,0,1,0,0000000,99,99,99,99,99,99,0,0,0,1,0
24,240200,1,1,0,0,0,3,3,3,0,29,6,2012,6,23,25,0,5,4,CR-3550,,13,38.87754722,-76.62996111,0,16,0,0,1,1,0,1,2,2,6,2,0,0000000,99,99,99,99,99,99,0,0,0,1,1
24,240201,2,2,0,0,0,2,2,33,0,20,5,2012,1,6,30,1,12,3,SR-295,,63,38.99680556,-76.87422222,1,12,2,0,1,1,0,1,1,1,0,1,0,0000000,99,99,99,99,99,99,0,0,0,2,0
24,240202,2,2,0,0,0,2,2,5,0,12,4,2012,5,17,31,0,14,4,CR-722,GARRISON FOREST RD,0,39.47555556,-76.76161944,0,12,1,0,3,3,0,1,1,1,0,1,0,0000000,99,99,99,99,99,99,0,0,0,1,0
24,240203,1,1,0,1,1,1,1,510,50,18,4,2012,4,12,37,0,13,6,300 E. MONUMENT ST,,0,39.29768889,-76.61195278,0,8,0,0,1,1,0,1,1,1,0,1,0,0000000,99,99,99,99,99,99,0,0,0,1,0
24,240204,2,2,0,0,0,2,2,25,10,20,5,2012,1,16,45,0,13,2,US-40,,0,39.52512222,-76.13715278,0,12,2,0,1,1,0,1,1,1,0,1,0,0000000,99,99,99,99,99,99,0,0,0,1,1
24,240205,1,1,0,1,1,1,1,47,1150,5,6,2012,3,17,47,1,13,3,SR-528,21ST STREET,0,38.35071111,-75.07766389,0,8,0,0,3,2,0,1,1,1,0,1,0,0000000,17,47,17,48,18,35,0,0,0,1,0
24,240206,1,1,0,1,1,1,1,5,0,9,6,2012,7,22,0,0,6,4,CR-2356,,0,39.31892222,-76.73571944,0,8,0,0,1,1,0,1,1,1,0,1,0,0000000,99,99,99,99,99,99,0,0,0,1,0
24,240207,2,2,0,0,0,8,8,23,700,28,6,2012,5,16,54,0,4,3,SR-495,SOUTH ST,223,39.69480833,-79.15839722,0,12,1,0,3,3,0,1,1,1,0,1,0,0000000,99,99,99,99,99,99,0,0,0,1,0
24,240208,1,1,0,0,0,1,1,510,50,27,6,2012,4,3,40,1,12,3,SR-295,,0,39.26538889,-76.63536389,1,33,0,0,5,1,0,4,3,1,0,1,0,0000000,99,99,99,99,88,88,0,0,0,1,0
24,240209,1,1,0,0,0,1,1,17,0,2,7,2012,2,18,39,0,3,3,SR-210,,63,38.6355,-77.05566389,0,35,0,0,1,1,0,4,1,1,0,1,0,0000000,18,42,18,43,99,99,0,0,0,1,0
24,240210,1,1,0,0,0,1,1,1,1298,9,7,2012,2,19,19,9,99,9,BARTON PARK DRIVE,,5,99.99990000,999.99990000,0,34,0,0,1,1,0,4,1,1,0,1,0,0000000,99,99,99,99,99,99,0,0,0,1,1
24,240211,2,2,0,0,0,4,4,43,0,6,7,2012,6,13,36,0,3,2,US-40,GREENBRIER PARK RD,455,39.54184722,-77.60818333,0,12,6,0,3,3,0,1,1,1,0,1,0,0000000,99,99,99,99,99,99,0,0,0,1,0
24,240212,1,1,0,0,0,1,1,47,110,4,7,2012,4,21,18,0,15,4,CR-583,,0,38.38010278,-75.14591667,0,42,0,0,1,1,0,3,3,1,0,1,0,0000000,21,18,21,19,21,51,0,0,0,1,1
24,240213,2,2,0,0,0,3,3,45,0,6,7,2012,6,11,56,0,15,4,CR-416,OCEAN GATEWAY,32,38.40290278,-75.62032778,0,12,6,0,2,2,0,1,1,1,0,1,0,0000000,11,55,11,56,99,99,0,0,0,2,0
24,240214,1,1,0,1,1,1,1,5,0,8,7,2012,1,18,30,0,13,3,SR-26,,66,39.36010833,-76.77539167,0,8,0,0,1,1,0,1,1,1,0,1,0,0000000,99,99,99,99,99,99,0,0,0,1,0
24,240215,1,1,0,0,0,1,1,5,0,7,7,2012,7,6,19,1,11,1,I-83,,10,39.38555278,-76.66220556,0,24,0,0,1,1,0,4,1,1,0,1,0,0000000,99,99,99,99,99,99,0,0,0,1,1
24,240216,1,1,0,1,1,1,1,33,365,7,7,2012,7,22,33,0,16,4,CR-3764,,6,38.71653889,-76.94324167,0,8,0,0,1,1,0,1,2,1,0,1,0,0000000,99,99,99,99,99,99,0,0,0,1,0
24,240217,2,2,0,0,0,2,2,5,0,6,7,2012,6,17,18,0,15,4,CR-5600,DIEHLWOOD RD,4,39.26738611,-76.49504722,0,12,6,0,2,3,0,1,1,1,0,1,0,0000000,99,99,99,99,99,99,0,0,0,1,0
24,240218,1,1,0,1,1,1,1,33,0,8,7,2012,1,1,38,0,15,4,CR-3668,,1,38.91703333,-76.88537222,0,8,0,0,1,1,0,1,3,1,0,1,0,0000000,99,99,99,99,88,88,0,0,0,1,0
24,240219,1,1,0,0,0,1,1,43,0,4,7,2012,4,9,4,1,11,1,I-70,,210,39.65185833,-77.86195833,0,1,0,0,1,1,0,3,1,1,0,1,0,0000000,99,99,99,99,99,99,0,0,0,1,0
24,240220,2,1,1,4,4,1,1,31,0,11,7,2012,4,22,26,1,11,1,I-495,,110,39.01691667,-77.01114444,0,14,0,0,1,1,0,2,3,1,0,1,0,0000000,22,26,22,32,22,57,23,0,0,1,1
24,240221,1,1,0,0,0,1,1,33,0,11,7,2012,4,4,33,1,13,2,US-301,,110,38.79120278,-76.78342778,0,35,0,0,1,1,0,3,2,1,0,1,0,0000000,6,0,6,20,7,0,0,0,0,1,0
24,240222,1,1,0,0,0,1,1,19,0,14,7,2012,7,20,53,0,3,3,SR-343,,80,38.56945556,-76.12277222,0,42,0,0,1,1,0,6,5,1,0,1,0,0000000,20,50,20,50,88,88,0,0,0,1,0
24,240223,2,2,0,0,0,3,3,5,0,15,7,2012,1,1,32,1,11,1,I-83,,10,39.385175,-76.66230833,0,12,1,0,1,1,0,1,2,1,0,1,0,0000000,99,99,99,99,88,88,0,0,0,1,1
24,240224,1,1,0,0,0,1,1,27,0,21,7,2012,7,13,42,0,14,3,SR-99,,63,39.29738611,-76.84524444,0,33,0,0,1,1,0,4,1,2,10,2,0,0000000,99,99,99,99,88,88,0,0,0,1,0
24,240225,1,1,0,0,0,1,1,31,0,12,7,2012,5,22,22,0,16,4,CR-6064,,11,39.188125,-77.168275,0,33,0,0,1,1,0,3,3,1,0,1,0,0000000,22,23,22,25,88,88,0,0,0,1,1
24,240226,1,1,0,1,1,5,5,19,230,3,7,2012,3,20,13,0,16,3,SR-343,DORCHESTER AVE,110,38.56045556,-76.06750833,0,8,0,0,2,3,0,1,1,1,0,1,0,0000000,20,10,20,13,20,34,0,0,0,1,0
24,240227,1,1,0,0,0,1,1,33,896,26,7,2012,5,3,37,0,16,4,CR-4638,,5,38.89010556,-76.82550833,0,26,0,0,1,1,0,6,3,1,0,1,0,0000000,99,99,99,99,99,99,0,0,0,1,1
24,240228,2,2,0,0,0,2,2,25,0,27,7,2012,6,10,26,0,16,3,SR-23,GRAFTON SHOP RD,26,39.57560833,-76.40087778,0,12,6,0,2,2,0,1,1,1,0,1,0,0000000,99,99,99,99,99,99,0,0,0,1,0
24,240229,1,1,0,0,0,1,1,3,952,28,7,2012,7,7,4,1,2,3,SR-4,,0,38.770625,-76.65798056,0,1,0,0,1,1,0,3,1,1,0,1,0,0000000,99,99,99,99,88,88,0,0,0,1,1
24,240230,2,2,0,0,0,4,4,43,0,23,7,2012,2,22,55,0,14,4,CR-1024,,5,39.64855,-77.69166389,0,12,2,0,1,1,0,1,2,1,0,1,0,0000000,99,99,99,99,99,99,0,0,0,1,1
24,240231,1,1,0,0,0,1,1,27,0,30,7,2012,2,21,30,0,16,4,CR-979,,4,39.22176667,-76.81219722,0,42,0,0,1,1,0,4,2,1,0,1,0,0000000,21,30,21,33,88,88,0,0,0,1,0
24,240232,3,3,0,0,0,3,3,5,0,13,7,2012,6,23,23,1,11,1,I-695,,188,39.42082222,-76.64416667,0,12,6,0,1,1,0,1,3,1,0,1,0,0000000,99,99,99,99,99,99,0,0,0,1,1
24,240233,1,1,0,0,0,2,2,5,366,18,7,2012,4,5,3,0,4,4,CR-251,,33,39.52736389,-76.571375,0,42,0,0,1,1,0,6,3,1,0,1,0,0000000,99,99,99,99,99,99,0,0,0,1,1
24,240234,1,1,0,1,1,1,1,33,830,14,7,2012,7,20,46,0,13,3,SR-193,,9,38.98352778,-76.97805833,0,8,0,0,1,1,0,1,3,1,0,1,0,0000000,99,99,99,99,99,99,0,0,0,1,0
24,240235,2,2,0,0,0,2,2,43,730,26,7,2012,5,18,17,0,4,3,SR-66,,67,39.60588889,-77.62165833,0,12,2,0,1,1,0,1,1,1,0,1,0,0000000,99,99,99,99,99,99,0,0,0,1,1
24,240236,4,4,0,0,0,5,5,33,1175,17,7,2012,3,13,59,0,13,3,SR-414,I-495 RAMP,13,38.80813611,-76.97096389,0,12,6,0,2,3,0,1,1,1,0,1,0,0000000,99,99,99,99,99,99,0,0,0,1,0
24,240237,2,2,0,0,0,2,2,33,0,20,7,2012,6,9,15,1,11,1,I-95,,27,38.80649444,-76.99123889,0,39,0,0,1,1,0,4,1,1,0,1,0,0000000,99,99,99,99,99,99,0,0,0,1,0
24,240238,2,2,0,0,0,3,3,43,0,31,7,2012,3,15,10,1,11,1,I-81,,120,39.71825278,-77.73655278,0,12,7,0,1,1,0,1,1,1,0,1,0,0000000,99,99,99,99,99,99,0,0,0,1,0
24,240239,2,2,0,0,0,2,2,33,565,31,7,2012,3,9,8,0,15,4,CR-1202,,41,38.71979444,-76.98375,0,12,6,0,8,1,0,1,1,1,0,1,0,0000000,99,99,99,99,99,99,0,0,0,1,0
24,240240,2,2,0,0,0,3,3,19,230,2,8,2012,5,14,22,1,2,2,US-50,,40,38.55152778,-76.01859722,0,12,6,0,7,1,0,1,1,1,0,1,0,0000000,99,99,99,99,99,99,0,0,0,1,0
24,240241,2,2,0,1,1,3,3,33,0,2,8,2012,5,20,43,1,12,3,SR-5,CR-130,65,38.75050833,-76.879875,0,9,0,0,2,2,0,1,2,1,0,1,0,0000000,99,99,99,99,99,99,0,0,0,1,0
24,240242,1,1,0,0,0,2,2,31,0,5,6,2012,3,0,48,0,3,3,SR-28,,9,39.220325,-77.42418611,0,21,0,0,1,1,0,4,3,1,0,1,0,0000000,0,48,0,51,99,99,0,0,0,1,0
24,240243,1,1,0,0,0,1,1,33,1620,6,8,2012,2,8,53,0,16,4,CR-3348,,7,38.764475,-76.79064722,0,33,0,0,1,1,0,6,1,1,0,1,0,0000000,99,99,99,99,88,88,0,0,0,1,1
24,240244,2,2,0,0,0,2,2,33,100,1,8,2012,4,14,47,0,14,4,CR-23,,9,39.04834722,-76.88935278,0,12,6,0,8,1,0,1,1,1,0,1,0,0000000,99,99,99,99,99,99,0,0,0,1,0
24,240245,1,1,0,0,0,1,1,33,885,10,8,2012,6,0,21,0,13,3,SR-704,US-50,54,38.94920278,-76.84010833,0,33,0,0,3,3,0,4,3,1,0,1,0,0000000,99,99,99,99,88,88,0,0,0,1,1
24,240246,2,2,0,0,0,2,2,5,0,11,8,2012,7,15,50,1,11,1,I-83,,229,39.66354444,-76.65048333,0,12,1,0,1,1,0,1,1,1,0,1,0,0000000,99,99,99,99,99,99,0,0,0,1,0
24,240247,1,1,0,0,0,2,2,31,0,31,7,2012,3,11,42,0,13,3,SR-186,,9,38.96955833,-77.077075,0,42,0,0,1,1,0,6,1,1,0,1,0,0000000,11,42,11,50,12,14,0,0,0,1,0
24,240248,1,1,0,1,1,6,6,17,0,1,7,2012,1,1,32,1,13,2,US-301,,0,38.46895833,-76.98966667,0,8,0,0,1,1,0,1,2,1,0,1,0,0000000,99,99,99,99,88,88,0,0,0,1,0
24,240249,1,1,0,1,1,1,1,510,50,28,6,2012,5,7,4,0,14,6,MARYLAND AVE,FALLS RD,0,39.30904167,-76.61776944,0,8,0,0,2,2,0,1,1,1,0,1,0,0000000,99,99,99,99,99,99,0,0,0,1,0
24,240250,2,2,0,0,0,2,2,5,0,8,8,2012,4,21,2,0,4,3,SR-25,,117,39.52629722,-76.72199444,0,35,0,0,1,1,0,4,2,1,0,1,0,0000000,99,99,99,99,88,88,0,0,0,1,1
24,240251,1,1,0,0,0,1,1,5,0,25,8,2012,7,1,54,0,14,3,SR-157,,20,39.25543056,-76.50093056,0,24,0,0,1,1,0,4,3,1,0,1,0,0000000,99,99,99,99,88,88,0,0,0,1,1
24,240252,1,1,0,1,1,1,1,5,0,17,8,2012,6,99,99,0,15,4,CR-4758,,0,39.31744444,-76.449275,0,8,0,0,1,1,0,1,3,2,0,2,0,0000000,99,99,99,99,99,99,0,0,0,1,0