STATE,ST_CASE,VE_TOTAL,VE_FORMS,PVH_INVL,PEDS,PERNOTMVIT,PERMVIT,PERSONS,COUNTY,CITY,DAY,MONTH,YEAR,DAY_WEEK,HOUR,MINUTE,NHS,ROAD_FNC,ROUTE,TWAY_ID,TWAY_ID2,MILEPT,LATITUDE,LONGITUD,SP_JUR,HARM_EV,MAN_COLL,RELJCT1,RELJCT2,TYP_INT,WRK_ZONE,REL_ROAD,LGT_COND,WEATHER1,WEATHER2,WEATHER,SCH_BUS,RAIL,NOT_HOUR,NOT_MIN,ARR_HOUR,ARR_MIN,HOSP_HR,HOSP_MN,CF1,CF2,CF3,FATALS,DRUNK_DR
25,250024,1,1,0,0,0,3,3,5,385,8,1,2012,1,16,15,1,2,3,SR-24,,99998,77.77770000,777.77770000,0,24,0,0,1,1,0,4,5,10,0,10,0,0000000,16,19,16,27,17,4,0,0,0,1,1
25,250025,1,1,0,0,0,1,1,21,1465,7,1,2012,7,16,11,0,16,8,FRONT STREET,,0,42.2122,-70.96308056,0,33,0,0,1,1,0,4,1,1,0,1,0,0000000,99,99,99,99,99,99,0,0,0,1,0
25,250026,1,1,0,0,0,3,3,5,850,26,1,2012,5,7,28,1,12,3,SR-140,,36,41.69386944,-70.94794722,0,1,0,0,1,1,0,1,1,10,0,10,0,0000000,7,33,7,41,8,10,0,0,0,1,0
25,250027,2,2,0,0,0,2,2,27,390,16,1,2012,2,22,15,1,12,3,SR-2,,99998,42.56460556,-71.99683611,0,12,6,0,1,1,0,1,2,3,6,3,0,0000000,22,17,22,21,22,49,0,0,0,1,0
25,250028,1,1,0,1,1,1,1,13,1334,3,1,2012,3,4,48,0,4,3,SR-19,,99998,42.03723611,-72.23823056,0,8,0,0,1,1,0,1,2,1,0,1,0,0000000,99,99,99,99,99,99,0,0,0,1,0
25,250029,1,1,0,0,0,2,2,15,1004,1,1,2012,1,0,0,0,3,2,US-202,,99998,42.34206944,-72.40345,0,35,0,0,1,1,0,4,2,98,0,98,0,0000000,23,50,0,5,0,56,0,0,0,1,0
25,250030,1,1,0,0,0,1,1,23,685,4,2,2012,7,4,35,0,16,8,HIGHLAND STREET,,99998,42.14529167,-70.76164444,0,42,0,0,1,1,0,5,2,1,0,1,0,0000000,99,99,99,99,88,88,0,0,0,1,1
25,250031,1,1,0,0,0,1,1,21,1276,9,1,2012,2,17,53,1,12,3,SR-24,,99998,42.15414167,-71.06883056,0,24,0,1,5,1,0,4,2,1,0,1,0,0000000,17,57,18,2,18,25,0,0,0,1,0
25,250032,1,1,0,0,0,1,1,5,850,2,3,2012,6,2,21,1,12,2,US-6,,99998,41.58711389,-70.94522222,0,23,0,0,1,1,0,1,3,4,0,4,0,0000000,99,99,99,99,88,88,0,0,0,1,1
25,250033,1,1,0,0,0,1,1,1,1120,6,1,2012,6,5,20,1,12,2,US-6,,574,41.73986111,-70.47548056,0,42,0,0,1,1,0,4,4,4,3,4,0,0000000,5,24,5,34,6,18,0,0,0,1,0
25,250034,2,2,0,0,0,2,2,21,230,9,2,2012,5,17,39,0,16,8,BEECHWOOD STREET,,0,42.21721111,-70.81083333,0,12,8,0,1,1,0,1,3,10,0,10,0,0000000,99,99,99,99,99,99,0,0,0,1,0
25,250035,1,1,0,0,0,1,1,9,470,15,2,2012,4,1,21,0,16,8,EAST BROADWAY STREET,,0,42.78976111,-71.02693889,0,31,0,0,1,1,4,5,3,10,0,10,0,0000000,1,22,1,25,99,99,0,0,0,1,1
25,250036,1,1,0,0,0,3,3,9,20,7,2,2012,3,17,12,0,16,8,MERRIMAC STREET,,99998,42.83717778,-70.92881944,0,33,0,0,1,1,0,4,5,1,0,1,0,0000000,99,99,99,99,99,99,0,0,0,1,0
25,250037,1,1,0,0,0,1,1,5,1185,12,2,2012,1,19,15,1,11,1,I-195,,96,41.717475,-71.18157778,0,33,0,0,5,1,0,5,2,1,0,1,0,0000000,19,21,19,30,20,3,0,0,0,1,0
25,250038,2,2,0,0,0,5,5,25,120,5,2,2012,1,2,40,0,16,8,HYDE PARK AVE,MILTON STREET,99998,42.23995278,-71.13247222,0,12,2,0,2,3,0,1,3,1,0,1,0,0000000,99,99,99,99,99,99,0,0,0,1,1
25,250039,1,1,0,1,1,1,1,5,50,21,2,2012,3,16,14,0,12,3,SR-123,BANK STREET,99998,41.95157222,-71.28448611,0,9,0,0,2,2,0,1,1,1,0,1,0,0000000,16,16,16,18,16,44,0,0,0,1,0
25,250040,2,2,0,0,0,2,2,21,370,7,2,2012,3,9,57,1,13,2,US-1,NORTH STREET,99998,42.10206111,-71.25893611,0,12,6,0,2,2,0,1,1,1,0,1,0,0000000,9,56,9,57,10,23,0,0,0,1,0
25,250041,2,2,0,0,0,2,2,23,475,26,1,2012,5,22,17,0,16,6,NORTH STREET,SOUTH STREET,99998,42.24285,-70.88804167,0,12,2,0,2,3,0,1,3,10,0,10,0,0000000,99,99,99,99,99,99,0,0,0,1,0
25,250042,1,1,0,0,0,1,1,17,170,22,3,2012,5,2,0,1,13,2,US- 3 MEMORIAL DRIVE,,99998,42.37416111,-71.12812778,0,30,0,0,1,1,0,4,3,1,0,1,0,0000000,1,59,2,7,2,25,0,0,0,1,0
25,250043,2,1,1,0,1,2,3,17,1275,1,4,2012,1,3,26,1,11,1,I-93,,99998,42.47625,-71.11821111,0,14,0,0,1,1,0,2,3,1,0,1,0,0000000,99,99,99,99,99,99,23,0,0,1,1
25,250044,1,1,0,1,1,2,2,27,1520,12,2,2012,1,18,40,1,13,2,US-20 SOUTHWEST CUTOFF,,99998,42.21229722,-71.797575,0,8,0,0,1,1,0,1,2,10,0,10,0,0000000,18,40,18,48,99,99,0,0,0,1,0
25,250045,1,1,0,0,0,1,1,9,892,16,2,2012,5,20,15,0,16,8,MIDDLETON STREET,,0,42.62219167,-71.08791389,0,42,0,0,1,1,0,4,6,98,0,98,0,0000000,20,15,20,23,20,59,0,0,0,1,1
25,250046,1,1,0,0,0,2,2,3,880,19,2,2012,1,2,43,0,6,8,CANAL STREET,,0,42.700925,-73.10636389,0,38,0,0,1,1,0,5,3,1,0,1,0,0000000,2,43,2,46,88,88,0,0,0,2,1
25,250047,1,1,0,1,1,1,1,13,1446,23,2,2012,5,20,35,0,13,3,SR-147 MEMORIAL AVENUE,,0,42.09298889,-72.61920278,0,8,0,0,1,1,0,1,3,1,0,1,0,0000000,20,36,20,38,20,49,0,0,0,1,0
25,250048,1,1,0,1,1,1,1,5,850,6,3,2012,3,14,18,0,16,8,NORTH SIXTH STREET,ELM STREET,0,41.63607778,-70.92805,0,8,0,0,3,2,0,1,1,98,0,98,0,0000000,14,18,14,22,15,5,0,0,0,1,0
25,250049,1,1,0,0,0,1,1,1,469,16,3,2012,6,16,23,1,2,2,US-6 EAST EXIT 10,,99998,41.702475,-70.08315556,0,21,0,0,1,1,0,4,1,10,0,10,0,0000000,16,30,16,35,17,13,0,0,0,1,0
25,250050,1,1,0,0,0,2,2,1,962,16,3,2012,6,17,2,0,19,8,FINLAY ROAD,,0,41.77721944,-69.9967,0,5,0,0,1,1,0,1,5,2,0,2,0,0000000,17,1,17,5,17,30,0,0,0,1,1
25,250051,1,1,0,0,0,2,2,27,32,18,3,2012,1,19,41,0,3,3,SR-119 RINDGE STATE ROAD,,99998,77.77770000,777.77770000,0,11,0,0,1,1,0,1,2,1,0,1,0,0000000,19,42,19,50,20,25,0,0,0,1,0
25,250052,4,2,2,0,3,2,5,27,1500,2,4,2012,2,14,44,1,2,3,SR-140,,99998,42.64389167,-72.00253056,0,12,6,0,8,1,0,1,1,1,0,1,0,0000000,14,44,14,48,15,26,0,0,0,1,0
25,250053,1,1,0,0,0,1,1,3,458,14,3,2012,4,20,20,1,2,2,US-20 LEBANON MOUNTAIN ROAD,,99998,42.44755833,-73.37425278,0,42,0,0,1,1,0,5,2,1,0,1,0,0000000,20,27,20,39,21,17,0,0,0,1,0
25,250054,1,1,0,0,0,1,1,23,770,17,3,2012,7,7,43,0,16,8,102 PINE STREET,,0,41.82536111,-70.80351389,0,18,0,0,1,1,0,2,9,10,0,10,0,0000000,99,99,99,99,88,88,0,0,0,1,0
25,250055,1,1,0,0,0,1,1,5,50,31,3,2012,7,10,14,1,1,1,I-95,,99998,77.77770000,777.77770000,0,42,0,0,1,1,0,3,1,10,2,2,0,0000000,99,99,99,99,99,99,0,0,0,1,0
25,250056,1,1,0,1,1,1,1,17,1340,16,3,2012,6,15,20,0,16,8,385 BEAVER STREET,,0,42.38548611,-71.22024167,4,8,0,0,1,1,0,1,1,2,0,2,0,0000000,16,3,16,5,99,99,0,0,0,1,0
25,250057,1,1,0,0,0,2,2,21,370,7,4,2012,7,3,18,0,19,3,SR-140 COMMERCIAL STREET,,99998,42.04818333,-71.24531111,0,33,0,0,1,1,0,4,2,1,0,1,0,0000000,3,25,3,28,99,99,0,0,0,1,1
25,250058,1,1,0,1,1,1,1,9,1110,9,4,2012,2,7,23,0,16,8,WASHINGTON STREET,FEDERAL STREET,0,42.52305556,-70.89588889,0,9,0,0,3,2,0,1,1,10,0,10,0,0000000,99,99,99,99,99,99,0,0,0,1,0
25,250059,1,1,0,0,0,1,1,23,140,9,4,2012,2,21,27,1,13,3,SR-123 BELMONT STREET,,99998,42.07566389,-71.03916389,0,30,0,0,1,1,0,4,3,1,0,1,0,0000000,21,29,21,33,99,99,0,0,0,1,1
25,250060,1,1,0,0,0,1,1,5,299,10,4,2012,3,22,47,1,13,3,SR-123 FOUNDRY STREET,,99998,42.00518889,-71.14583056,0,53,0,0,1,1,0,4,3,1,0,1,0,0000000,22,47,22,53,23,35,0,0,0,1,0
25,250061,3,3,0,0,0,3,3,21,1140,10,4,2012,3,7,30,1,11,1,I-95 N,,99998,42.13444167,-71.21862778,0,12,1,0,1,1,0,1,1,1,0,1,0,0000000,99,99,99,99,99,99,14,0,0,1,0
25,250062,2,2,0,0,0,3,3,13,1477,12,4,2012,5,19,23,0,16,8,MAIN STREET,MERRILL ROAD,0,42.14307222,-72.42679722,0,12,2,0,3,3,0,1,5,1,0,1,0,0000000,19,23,19,26,19,52,0,0,0,1,1
25,250063,2,2,0,0,0,2,2,17,240,14,4,2012,7,12,33,0,16,8,SUDBURY ROAD,,0,42.41635556,-71.37420278,0,12,6,0,8,1,0,1,1,1,0,1,0,0000000,12,45,12,50,13,13,0,0,0,1,0
25,250064,1,1,0,0,0,1,1,27,123,5,4,2012,5,1,55,1,11,1,I-290 E,,99998,42.329875,-71.69124722,0,20,0,0,1,1,0,3,2,1,0,1,0,0000000,2,2,2,16,88,88,0,0,0,1,1
25,250065,1,1,0,1,1,1,1,9,35,15,2,2012,4,17,45,0,16,8,DASCOMB ROAD,LOVEJOY ROAD,0,42.63053611,-71.173225,0,8,0,0,2,3,0,1,1,10,8,8,0,0000000,17,50,17,53,18,19,0,0,0,1,0
25,250066,1,1,0,1,1,1,1,5,1441,23,4,2012,2,17,20,0,16,8,OLD BEDFORD ROAD,ADIRONDACK LANE,0,41.68006389,-71.11165,0,8,0,0,3,3,0,5,1,10,0,10,0,0000000,99,99,99,99,99,99,0,0,0,1,1
25,250068,1,1,0,0,0,4,4,13,1430,17,2,2012,6,0,49,0,16,8,BATES ROAD,,99998,42.14763056,-72.81326667,0,43,0,0,1,1,0,5,3,2,10,2,0,0000000,0,46,0,53,1,18,0,0,0,1,1
25,250069,1,1,0,0,0,4,4,17,618,25,3,2012,1,3,23,1,11,1,I-495,,99998,77.77770000,777.77770000,0,24,0,0,1,1,0,4,2,1,0,1,0,0000000,3,32,3,41,99,99,0,0,0,1,0
25,250070,1,1,0,1,1,1,1,5,850,10,4,2012,3,13,44,0,16,8,ROCKDALE AVENUE,,0,41.64695556,-70.95324167,0,8,0,0,1,1,0,1,1,1,0,1,0,0000000,99,99,99,99,99,99,0,0,0,1,0
25,250071,1,1,0,1,1,1,1,17,630,22,4,2012,1,21,26,0,13,3,SR-110 ANDOVER STREET,HIGH STREET,99998,42.64195,-71.30006389,0,8,0,0,3,2,0,1,3,2,0,2,0,0000000,21,26,21,28,21,41,0,0,0,1,0
25,250072,1,1,0,0,0,1,1,1,121,26,4,2012,5,0,5,1,2,2,US-6 EAST,,99998,41.77051111,-70.543875,0,1,0,0,1,1,0,1,2,1,0,1,0,0000000,0,19,0,17,88,88,0,0,0,1,1
25,250073,1,1,0,0,0,3,3,25,120,17,4,2012,3,4,35,1,13,8,MORRISSEY BOULEVARD NB,,0,42.29354444,-71.04749722,0,24,0,0,1,1,0,4,3,1,0,1,0,0000000,4,24,4,30,4,56,0,0,0,3,1
25,250074,2,1,1,0,0,1,1,23,465,25,4,2012,4,17,17,0,19,8,WASHINGTON STREET,,0,42.06801389,-70.89302778,0,1,0,0,1,1,0,4,1,1,0,1,0,0000000,17,17,17,21,17,46,0,0,0,1,0
25,250075,2,2,0,1,1,3,3,1,75,14,6,2012,5,2,0,1,12,3,SR-28,PITCHERS WAY,0,41.66192778,-70.31030278,0,9,0,0,3,2,0,1,2,2,0,2,0,0000000,2,9,2,12,2,25,0,0,0,1,0
25,250076,1,1,0,0,0,1,1,17,680,7,6,2012,5,11,55,0,16,8,BIGELOW STREET,,0,42.35273611,-71.58887222,0,53,0,0,1,1,0,5,1,1,10,10,0,0000000,99,99,99,99,88,88,0,0,0,1,0
25,250077,1,1,0,0,0,2,2,5,320,27,4,2012,6,21,0,0,14,3,SR-81,,0,41.672475,-71.16131667,0,24,0,0,1,1,0,4,3,1,0,1,0,0000000,21,2,21,7,21,27,0,0,0,1,0
25,250078,1,1,0,1,1,1,1,17,310,23,5,2012,4,8,5,0,16,8,CHERRY STREET,FERRY STREET,0,42.41079444,-71.04608611,0,8,0,0,2,3,4,1,1,10,0,10,1,0000000,99,99,99,99,99,99,21,0,0,1,0
25,250079,1,1,0,1,1,1,1,15,890,19,5,2012,7,19,11,0,14,2,US-5,SR-9,99998,42.31994722,-72.63021389,0,9,0,0,2,2,0,1,1,1,0,1,0,0000000,99,99,99,99,99,99,0,0,0,1,0
25,250080,1,1,0,0,0,3,3,3,580,26,5,2012,7,12,52,1,12,2,US-7,WEST ROAD,99998,42.31075556,-73.28687222,0,42,0,0,3,3,0,4,1,1,0,1,0,0000000,12,53,12,57,99,99,0,0,0,1,0
25,250081,1,1,0,0,0,3,3,27,185,2,7,2012,2,10,55,1,11,1,I-90,,805,42.172325,-71.92967778,0,24,0,0,1,1,0,3,1,1,0,1,0,0000000,10,58,11,5,12,5,0,0,0,1,0
25,250082,1,1,0,1,1,1,1,21,1060,15,1,2012,1,17,11,0,16,8,SEA STREET,ALBATROSS STREET,0,42.26142778,-70.97986111,0,8,0,0,3,4,0,1,3,98,0,98,0,0000000,17,13,17,19,17,59,0,0,0,1,0
25,250083,1,1,0,2,2,1,1,21,180,12,4,2012,5,20,44,0,16,8,WILL DRIVE,SHAW FARM ROAD,0,42.14781667,-71.12080833,0,8,0,0,3,3,0,1,3,1,0,1,0,0000000,20,42,20,48,21,24,0,0,0,2,0
25,250084,1,1,0,0,0,1,1,21,58,5,5,2012,7,5,51,0,16,8,SOUTH STREET,WEST MAIN STREET,99998,42.12028611,-71.039625,0,38,0,0,3,2,0,5,4,10,0,10,0,0000000,5,55,5,57,6,32,0,0,0,1,0
25,250085,1,1,0,0,0,1,1,17,195,3,5,2012,5,23,26,0,16,8,GRANDVIEW ROAD,LOCKE ROAD,99998,42.61344444,-71.37117778,0,18,0,0,3,4,0,4,3,10,0,10,0,0000000,99,99,99,99,99,99,0,0,0,1,1
25,250086,1,1,0,1,1,1,1,1,259,28,4,2012,7,6,37,0,14,3,SR-6A,,0,41.73408056,-70.19466667,0,8,0,0,1,1,0,1,1,1,0,1,0,0000000,6,38,6,49,7,13,0,0,0,1,0
25,250087,1,1,0,0,0,2,2,17,1448,12,3,2012,2,12,23,0,16,8,ASH STREET,,99998,42.35522222,-71.29628889,0,42,0,0,1,1,0,4,1,1,0,1,0,0000000,12,24,12,34,99,99,0,0,0,1,0
25,250088,1,1,0,0,0,1,1,5,1280,30,3,2012,6,21,38,0,16,8,NORTH WALKER STREET,,99998,41.89024722,-71.13573333,0,30,0,0,1,1,0,4,3,1,0,1,0,0000000,21,38,99,99,88,88,0,0,0,1,1
25,250089,1,1,0,1,1,1,1,17,375,27,4,2012,6,15,58,0,16,8,EDMANDS ROAD,,99998,42.33803889,-71.45988056,0,8,0,0,1,1,0,2,1,1,0,1,0,0000000,99,99,99,99,99,99,0,0,0,1,0
25,250090,2,1,1,0,1,1,2,13,500,17,1,2012,3,16,18,1,11,1,I-91 S,,158,42.22749444,-72.63706111,0,14,0,0,1,1,4,2,5,10,2,2,0,0000000,16,19,16,38,88,88,23,0,0,1,1
25,250091,3,3,0,0,0,3,3,13,210,20,1,2012,6,15,54,0,16,8,MONTGOMERY STREET,CCHS ENTRANCE,0,42.17733889,-72.588775,0,12,2,0,2,3,0,1,1,1,0,1,0,0000000,15,56,15,58,16,30,0,0,0,1,0
25,250092,1,1,0,0,0,1,1,5,1067,27,4,2012,6,16,49,0,16,8,DAVIS STREET,,0,41.78131111,-71.256525,0,42,0,0,1,1,0,4,1,1,0,1,0,0000000,16,49,16,58,17,18,0,0,0,1,0
25,250093,3,3,0,0,0,3,3,3,1145,28,2,2012,3,18,55,1,2,2,US-7 N MAIN ST,,99998,42.14446944,-73.36297778,0,12,2,0,1,1,0,1,2,1,0,1,0,0000000,19,1,19,6,99,99,0,0,0,1,1
25,250094,2,2,0,0,0,2,2,9,1114,3,3,2012,7,16,5,0,16,8,RABBIT ROAD,,0,42.86205556,-70.88967778,0,12,2,0,1,1,0,1,1,2,0,2,0,0000000,16,6,16,4,99,99,0,0,0,1,1
25,250095,1,1,0,2,2,1,1,9,650,14,4,2012,7,11,5,0,13,3,SR-1A LYNNWAY,,0,42.4481,-70.96410556,0,8,0,0,1,1,0,1,1,1,0,1,0,0000000,99,99,99,99,99,99,0,0,0,1,0
25,250096,2,2,0,0,0,2,2,13,1477,21,4,2012,7,12,55,0,13,2,US-20 BOSTON ROAD,,99998,42.15124444,-72.42946389,0,12,6,0,8,1,0,1,1,1,0,1,0,0000000,12,55,12,58,13,24,0,0,0,1,0
25,250097,1,1,0,0,0,1,1,15,93,14,5,2012,2,22,22,0,3,2,US-202 DANIEL SHAYS HIGHWAY,,99998,42.30449167,-72.40603889,0,30,0,0,1,1,0,4,2,2,0,2,0,0000000,22,23,22,25,88,88,0,0,0,1,0
25,250098,1,1,0,0,0,2,2,21,155,2,6,2012,7,3,47,0,13,8,HARVARD STREET,,0,42.33667778,-71.12129444,0,33,0,0,1,1,0,4,3,1,0,1,0,0000000,3,51,3,54,4,9,0,0,0,1,0
25,250099,1,1,0,0,0,1,1,27,1100,6,6,2012,4,8,38,0,3,3,SR-122 BARRE PAXTON ROAD,,99998,42.36062222,-71.99283333,0,59,0,0,1,1,0,3,1,10,0,10,0,0000000,8,38,8,43,88,88,0,0,0,1,0
25,250100,1,1,0,0,0,1,1,27,1269,16,6,2012,7,8,9,0,9,8,JOHNSON ROAD,,0,42.11556667,-71.70299444,0,42,0,0,1,1,0,4,1,1,0,1,0,0000000,99,99,99,99,88,88,0,0,0,1,0
25,250101,1,1,0,0,0,1,1,17,1510,25,6,2012,2,19,55,1,11,1,I-95 N/SR-128,,549,42.50265278,-71.12808056,0,1,0,1,18,1,0,1,1,1,0,1,0,0000000,99,99,99,99,99,99,0,0,0,1,1
25,250102,1,1,0,0,0,1,1,23,465,1,7,2012,1,1,5,0,19,8,HOLMES STREET,,0,42.05714444,-70.88751389,0,42,0,0,1,1,0,4,3,1,0,1,0,0000000,1,5,1,12,1,37,0,0,0,1,1
25,250103,1,1,0,0,0,2,2,21,730,1,4,2012,1,0,42,0,16,8,HOLLISTON STREET,,0,42.16950278,-71.41058611,0,42,0,0,1,1,0,4,3,1,0,1,0,0000000,1,0,1,4,1,41,0,0,0,1,1
25,250104,1,1,0,0,0,1,1,9,765,10,7,2012,3,4,33,0,19,8,RIVERSIDE DRIVE,BYRON AVENUE,0,42.698875,-71.19035833,0,30,0,0,3,3,0,4,4,1,0,1,0,0000000,4,36,4,41,88,88,0,0,0,1,0
25,250105,1,1,0,0,0,3,3,21,1276,12,7,2012,5,16,43,1,12,3,SR-24 N,,99998,77.77770000,777.77770000,0,1,0,8,98,1,0,1,1,1,0,1,0,0000000,16,46,16,58,99,99,0,0,0,1,0
25,250106,2,2,0,0,0,2,2,27,785,6,6,2012,4,14,54,0,14,3,SR-122,,99998,77.77770000,777.77770000,0,12,2,0,1,1,0,1,1,2,0,2,0,0000000,14,56,14,58,15,51,0,0,0,1,0
25,250107,1,1,0,0,0,2,2,23,1040,14,7,2012,7,8,8,1,2,3,SR-25 W,,60,77.77770000,777.77770000,0,1,0,0,1,1,0,1,1,10,0,10,0,0000000,8,9,8,15,8,35,0,0,0,1,0
25,250108,1,1,0,0,0,1,1,9,35,15,7,2012,1,5,0,1,11,1,I-495 N,,99998,77.77770000,777.77770000,0,24,0,0,1,1,0,3,4,98,0,98,0,0000000,5,3,5,14,5,39,0,0,0,1,0
25,250109,1,1,0,1,1,1,1,23,140,2,5,2012,4,9,27,1,12,3,SR-28,EAST NILSON STREET,99998,42.06941389,-71.01519444,0,8,0,0,3,2,0,1,1,10,0,10,0,0000000,9,29,9,33,9,53,0,0,0,1,0
25,250110,1,1,0,0,0,1,1,9,765,15,7,2012,1,17,46,0,16,8,OAK STREET,,0,42.73567778,-71.14399167,0,53,0,0,1,1,0,5,1,1,0,1,0,0000000,17,56,18,5,18,17,0,0,0,1,0
25,250111,1,1,0,0,0,4,4,13,1270,5,5,2012,7,0,47,0,19,8,BAY STREET,,0,42.13211389,-72.54796389,0,19,0,0,1,1,0,4,3,10,0,10,0,0000000,0,48,0,50,99,99,0,0,0,1,0
25,250112,1,1,0,0,0,1,1,27,1278,9,5,2012,4,12,39,0,9,8,HOLLAND ROAD,,0,42.09208333,-72.12743056,0,42,0,0,1,1,0,4,1,10,0,10,0,0000000,12,39,12,47,13,18,0,0,0,1,0
25,250113,3,3,0,0,0,8,8,5,1268,5,5,2012,7,12,1,1,11,1,I-195  W NEAR EXIT 3,,99998,77.77770000,777.77770000,0,12,1,8,98,8,0,1,1,98,0,98,0,0000000,12,13,12,20,12,55,0,0,0,1,0
25,250114,3,3,0,0,0,4,4,27,480,18,5,2012,6,16,8,0,9,3,SR-31 SOUTH ROAD,,0,42.33303611,-71.88175833,0,12,6,0,1,1,0,1,1,1,0,1,0,0000000,16,8,16,13,16,43,0,0,0,1,0
25,250115,1,1,0,0,0,1,1,17,1275,16,7,2012,2,1,30,1,11,1,I-93,,99998,77.77770000,777.77770000,0,39,0,0,1,1,0,5,3,10,0,10,0,0000000,1,28,1,31,88,88,0,0,0,1,1
25,250116,1,1,0,0,0,1,1,27,510,6,5,2012,1,15,17,0,12,3,SR-140,,99998,42.12178611,-71.51346944,0,43,0,0,1,1,0,5,1,1,0,1,0,0000000,15,17,15,22,15,41,0,0,0,1,0
25,250117,2,2,0,0,0,2,2,17,375,3,1,2012,3,10,35,1,12,3,SR-9,WAL-MART WAY,0,77.77770000,777.77770000,0,12,1,0,3,8,0,1,1,1,0,1,0,0000000,10,37,10,43,88,88,0,0,0,1,0
25,250118,2,2,0,0,0,8,8,9,470,19,5,2012,7,18,10,1,11,1,I-495 NEAR EXIT 50,,99998,77.77770000,777.77770000,0,12,6,1,18,1,0,1,1,1,0,1,0,0000000,18,12,18,20,99,99,0,0,0,1,0
25,250119,2,2,0,0,0,3,3,5,911,25,5,2012,6,16,2,0,19,8,FAUNCE CORNER ROAD,,0,41.65802222,-70.98913889,0,12,2,0,1,1,0,1,1,5,10,5,0,0000000,99,99,99,99,99,99,0,0,0,1,0
25,250120,1,1,0,0,0,2,2,1,259,26,5,2012,7,14,10,1,2,2,US-6 E,,782,41.70028056,-70.13464444,0,24,0,0,1,1,0,4,1,10,0,10,0,0000000,14,19,14,24,99,99,0,0,0,1,0
25,250121,1,1,0,0,0,2,2,5,320,26,7,2012,5,2,5,1,12,2,US-6,ROBESON STREET,99998,41.71519444,-71.14116111,0,30,0,0,3,3,0,4,3,1,0,1,0,0000000,99,99,99,99,88,88,0,0,0,2,1
25,250122,1,1,0,1,1,1,1,17,870,27,5,2012,1,3,18,0,19,8,NONANTUM ROAD,,0,42.35832222,-71.17463056,0,8,0,0,1,1,0,1,3,1,0,1,0,0000000,99,99,99,99,99,99,0,0,0,1,0
25,250123,1,1,0,0,0,1,1,3,974,27,5,2012,1,8,39,0,9,8,RESERVOIR ROAD,,0,42.17125833,-73.05444722,0,31,0,0,1,1,0,2,1,1,0,1,0,0000000,8,33,8,43,88,88,0,0,0,1,0
25,250124,1,1,0,0,0,1,1,5,1280,23,7,2012,2,18,27,0,16,8,MIDDLEBORO AVENUE,,99998,41.89009444,-70.98821389,0,30,0,0,1,1,0,2,1,1,0,1,0,0000000,18,26,18,36,88,88,0,0,0,1,1
25,250125,2,2,0,0,0,2,2,9,430,31,5,2012,5,15,46,0,19,3,SR-133 ESSEX AVENUE,FERNWOOD LAKE AVENUE,396,42.61493889,-70.69971944,0,12,6,0,2,3,0,1,1,1,0,1,0,0000000,15,44,15,50,16,5,0,0,0,1,0
25,250126,1,1,0,0,0,2,2,21,94,22,7,2012,1,1,30,0,16,8,PAINE STREET,,0,42.02292778,-71.48721111,0,35,0,0,1,1,0,4,3,1,0,1,0,0000000,1,30,1,39,2,3,0,0,0,1,1
25,250127,2,1,1,0,0,2,2,9,430,11,6,2012,2,9,58,0,13,3,SR-127 WASHINGTON STREET,ROGERS STREET,99998,42.61114722,-70.66599722,0,14,0,0,2,7,0,4,1,1,0,1,0,0000000,9,58,10,0,10,19,0,0,0,1,0
25,250128,2,1,1,0,0,2,2,9,1110,16,6,2012,7,3,42,0,19,8,BOSTON STREET,,0,42.5225,-70.91778056,0,14,0,0,1,1,0,4,3,1,0,1,0,0000000,99,99,99,99,99,99,0,0,0,1,1
25,250129,2,2,0,0,0,2,2,23,1360,16,6,2012,7,22,20,1,11,1,I-495 N,,99998,77.77770000,777.77770000,0,12,2,0,1,1,0,1,2,1,0,1,0,0000000,22,32,22,41,23,12,0,0,0,1,1
25,250130,3,3,0,0,0,3,3,25,120,18,6,2012,2,14,25,1,13,3,SR-2A MASSACHUSETTS AVENUE,STORROW DRIVE,99998,42.35170278,-71.08988333,0,12,6,1,5,1,0,1,1,1,0,1,0,0000000,14,22,14,29,14,40,14,0,0,1,0
25,250131,2,1,1,0,1,1,2,5,320,19,6,2012,3,14,11,0,19,8,LAUREL STREET,MARIANO S BISHOP BOULEVARD,0,41.67159167,-71.16778056,0,45,0,0,2,2,2,1,1,1,10,10,0,0000000,99,99,99,99,99,99,0,0,0,1,0
25,250132,2,2,0,0,0,2,2,25,120,20,6,2012,4,19,15,1,13,8,VETERANS OF FOREIGN WARS PKWY,UNNAMED SERVICE ACCESS ROAD,99998,42.26275278,-71.16870833,0,12,1,0,3,2,0,1,1,98,0,98,0,0000000,19,12,19,23,99,99,0,0,0,1,1
25,250133,2,2,0,0,0,3,3,21,370,24,6,2012,1,16,16,0,19,8,CENTRAL STREET,WEST LEONARD STREET,0,42.05883333,-71.24454167,0,12,6,0,2,2,0,1,1,1,0,1,0,0000000,16,17,16,19,99,99,0,0,0,1,0
25,250134,2,2,0,0,0,2,2,21,180,24,6,2012,1,5,34,0,13,3,SR-138 TURNPIKE STREET,,99998,42.17841667,-71.11310556,0,12,2,0,1,1,0,1,1,1,0,1,0,0000000,5,37,5,40,6,18,0,0,0,1,0