STATE,ST_CASE,VE_TOTAL,VE_FORMS,PVH_INVL,PEDS,PERNOTMVIT,PERMVIT,PERSONS,COUNTY,CITY,DAY,MONTH,YEAR,DAY_WEEK,HOUR,MINUTE,NHS,ROAD_FNC,ROUTE,TWAY_ID,TWAY_ID2,MILEPT,LATITUDE,LONGITUD,SP_JUR,HARM_EV,MAN_COLL,RELJCT1,RELJCT2,TYP_INT,WRK_ZONE,REL_ROAD,LGT_COND,WEATHER1,WEATHER2,WEATHER,SCH_BUS,RAIL,NOT_HOUR,NOT_MIN,ARR_HOUR,ARR_MIN,HOSP_HR,HOSP_MN,CF1,CF2,CF3,FATALS,DRUNK_DR
25,250135,4,1,3,0,0,1,1,15,1230,27,6,2012,4,18,35,0,16,8,N MAIN STREET,,0,42.227425,-72.60457778,0,53,0,0,1,1,0,4,1,1,0,1,0,0000000,18,42,18,49,19,6,0,0,0,1,0
25,250136,2,2,0,0,0,5,5,13,990,4,7,2012,4,20,36,0,3,3,SR-32 WARE STREET,,99998,42.17919167,-72.31913333,0,12,2,0,1,1,0,1,1,1,0,1,0,0000000,20,37,20,43,99,99,0,0,0,1,1
25,250137,2,2,0,0,0,5,5,7,300,4,7,2012,4,14,0,0,9,8,BARNES ROAD,,0,41.39498333,-70.60190278,0,12,6,0,1,1,0,1,1,1,0,1,0,0000000,99,99,99,99,99,99,0,0,0,2,0
25,250138,2,2,0,0,0,4,4,23,770,4,7,2012,4,18,31,0,13,3,SR-105 S MAIN STREET,,0,41.88373333,-70.91961389,0,30,0,1,18,1,0,4,1,1,0,1,0,0000000,99,99,99,99,99,99,0,0,0,2,1
25,250139,2,2,0,0,0,4,4,5,385,11,7,2012,4,11,40,1,12,3,SR-24 S NEAR EXIT 8B,,99998,77.77770000,777.77770000,0,24,0,8,98,1,0,4,1,1,0,1,0,0000000,11,43,11,53,12,34,0,0,0,1,0
25,250140,2,2,0,0,0,7,7,13,1270,12,7,2012,5,16,1,1,13,3,SR-21 SUMNER AVENUE,BAIRDCREST ROAD,99998,42.09341667,-72.52191111,0,12,11,0,2,2,0,1,1,1,0,1,1,0000000,16,2,16,6,88,88,0,0,0,1,1
25,250141,1,1,0,0,0,1,1,1,259,15,7,2012,1,1,5,1,12,3,SR-28 MAIN STREET,,99998,41.66443056,-70.1679,0,30,0,0,1,1,0,2,3,1,0,1,0,0000000,1,5,1,10,1,34,0,0,0,1,1
25,250142,2,2,0,0,0,4,4,1,243,12,8,2012,1,22,54,1,13,3,SR-28 FALMOUTH ROAD,,99998,41.64188333,-70.44109444,0,12,2,0,1,1,0,1,2,1,0,1,0,0000000,99,99,99,99,99,99,0,0,0,1,1
25,250143,1,1,0,0,0,3,3,23,1085,11,8,2012,7,12,40,0,16,8,WEYMOUTH STREET,,0,42.15879167,-70.90837222,0,42,0,0,1,1,0,4,1,1,0,1,0,0000000,99,99,99,99,99,99,0,0,0,1,0
25,250144,2,2,0,0,0,2,2,9,35,11,8,2012,7,13,45,1,11,1,I-93 S,,99998,42.66466111,-71.19472778,0,1,0,1,18,1,0,1,1,1,0,1,0,0000000,13,46,13,50,14,6,13,19,14,1,0
25,250145,2,2,0,0,0,2,2,1,469,17,7,2012,3,9,50,0,16,8,QUEEN ANNE ROAD,,0,41.69839167,-70.09738056,0,12,6,0,8,1,0,1,1,1,0,1,0,0000000,9,45,99,99,99,99,0,0,0,1,0
25,250146,1,1,0,1,1,1,1,27,585,10,8,2012,6,0,7,0,6,8,STAFFORD STREET,,0,42.18388889,-71.92005833,0,8,0,0,1,1,0,1,2,1,0,1,0,0000000,0,11,0,17,0,39,0,0,0,1,0
25,250147,1,1,0,0,0,5,5,21,125,6,8,2012,2,18,50,1,12,3,SR-3 N EXIT 17,,99998,42.20981667,-70.99621944,0,26,0,1,18,1,0,3,1,1,0,1,0,0000000,18,54,19,0,19,19,0,0,0,1,1
25,250148,2,2,0,0,0,2,2,23,770,2,8,2012,5,23,10,1,11,1,I-495 S,,40,41.81644444,-70.79871667,0,12,7,0,1,1,0,1,2,1,0,1,0,0000000,23,0,23,15,99,99,0,0,0,1,1
25,250149,2,2,0,0,0,3,3,27,350,22,7,2012,1,13,45,0,13,3,SR-2A BOULDER DRIVE,,99998,42.58251111,-71.80089722,0,12,6,0,1,1,0,1,1,1,0,1,0,0000000,13,48,13,57,14,16,0,0,0,1,0
25,250150,2,2,0,0,0,2,2,27,1273,27,7,2012,6,15,53,0,13,3,SR-12 LEOMINSTER ROAD,CHOCKSETT ROAD,99998,42.45272778,-71.74865278,0,12,6,0,2,2,0,1,1,1,0,1,0,0000000,15,56,15,56,16,22,0,0,0,1,0
25,250151,3,3,0,0,0,3,3,11,187,21,7,2012,7,16,24,1,2,3,SR-2 MOHAWK TRAIL,,99998,42.6216,-72.75857222,0,12,2,0,1,1,0,1,1,1,0,1,0,0000000,16,20,16,33,16,54,14,0,0,1,0
25,250152,1,1,0,0,0,2,2,27,252,11,8,2012,7,17,10,0,19,3,SR-16 WEBSTER STREET,,99998,42.05458889,-71.75685556,0,30,0,0,1,1,0,4,1,10,0,10,0,0000000,17,14,17,25,17,58,0,0,0,1,0
25,250154,3,3,0,0,0,4,4,5,1064,4,4,2012,4,17,0,0,19,3,SR-138 BROADWAY STREET,,99998,41.96457778,-71.06755833,0,12,8,0,1,1,0,1,1,1,0,1,0,0000000,17,1,17,6,17,34,0,0,0,1,0
25,250155,1,1,0,1,1,1,1,9,255,22,2,2012,4,20,20,1,13,3,SR-114 ANDOVER STREET,,99998,42.55765278,-70.96985833,0,8,0,0,8,1,0,1,3,1,0,1,0,0000000,20,21,20,27,20,52,0,0,0,1,0
25,250156,1,1,0,0,0,1,1,27,32,31,3,2012,7,16,43,0,16,8,SHERBERT ROAD,,99998,42.66403056,-71.95049722,0,24,0,0,1,1,0,4,1,1,0,1,0,0000000,16,44,16,49,88,88,0,0,0,1,0
25,250157,1,1,0,0,0,1,1,1,259,15,8,2012,4,16,33,1,12,3,SR-28,,99998,41.66508889,-70.17196944,0,33,0,0,1,1,0,4,1,1,0,1,0,0000000,99,99,99,99,99,99,0,0,0,1,0
25,250158,1,1,0,0,0,1,1,27,1439,14,4,2012,7,15,44,1,12,3,SR-2,,923,42.54248056,-71.88671667,0,24,0,0,1,1,0,2,1,1,0,1,0,0000000,15,45,15,47,88,88,0,0,0,1,1
25,250159,1,1,0,0,0,1,1,21,256,20,3,2012,3,23,41,0,16,8,BRIDGE STREET,KIELY ROAD,0,42.264675,-71.17759444,0,19,0,0,2,3,0,4,3,1,0,1,0,0000000,23,45,23,48,88,88,0,0,0,1,0
25,250160,1,1,0,0,0,1,1,3,88,3,1,2012,3,23,12,0,3,3,SR-8,,99998,42.29626667,-73.05824444,0,42,0,0,1,1,0,5,2,1,0,1,0,0000000,23,10,23,24,0,37,0,0,0,1,0
25,250161,2,2,0,0,0,3,3,9,35,17,8,2012,6,16,45,1,13,3,SR-125,WILDWOOD,99998,42.62659444,-71.11503889,0,12,6,0,2,2,0,1,1,98,0,98,0,0000000,16,48,16,52,99,99,0,0,0,2,0
25,250162,1,1,0,1,1,1,1,5,320,25,8,2012,7,13,16,0,14,3,SR-138 BROADWAY,WILLIAMM STREET,99998,41.69805833,-71.16757222,0,8,0,0,3,2,0,1,1,1,0,1,0,0000000,99,99,99,99,99,99,0,0,0,1,0
25,250163,2,2,0,0,0,3,3,17,1431,29,8,2012,4,16,45,0,2,6,OAK HILL ROAD,NABNASSET STREET,0,42.61817778,-71.41388611,0,12,6,0,2,4,0,1,1,1,0,1,0,0000000,16,55,16,58,17,31,0,0,0,1,0
25,250164,2,2,0,0,0,3,3,17,1448,13,9,2012,5,14,28,0,3,3,SR-30 SOUTH AVENUE,,99998,42.33204167,-71.32603333,0,12,2,0,1,1,0,1,1,1,0,1,0,0000000,14,29,14,36,99,99,0,0,0,1,0
25,250165,1,1,0,2,2,1,1,9,650,18,9,2012,3,23,1,0,2,8,BOSTON STREET,ROLLINS AVENUE,0,42.46219444,-70.98219722,0,8,0,0,3,3,0,1,3,2,10,2,0,0000000,99,99,99,99,99,99,0,0,0,1,0
25,250166,1,1,0,0,0,1,1,9,1000,21,8,2012,3,19,30,1,11,1,I-95 S,,99998,42.54224444,-70.98481111,0,35,0,1,5,1,0,4,1,1,0,1,0,0000000,19,49,19,56,20,10,0,0,0,1,1
25,250167,2,2,0,0,0,3,3,21,1060,22,9,2012,7,16,49,0,16,8,RICCIUTI DRIVE,,0,42.24146667,-71.03906667,0,12,6,0,8,1,0,1,1,1,0,1,0,0000000,16,50,16,53,17,15,0,0,0,2,1
25,250169,1,1,0,0,0,2,2,17,1448,27,9,2012,5,14,49,0,16,8,CHESTNUT STREET,,0,42.35600556,-71.31110833,0,30,0,0,1,1,0,4,1,1,0,1,0,0000000,14,49,14,55,15,16,0,0,0,1,0
25,250170,1,1,0,0,0,1,1,23,462,6,10,2012,7,0,16,0,6,8,SOUTH STREET,,0,41.96952778,-70.8668,0,30,0,0,1,1,0,4,2,1,0,1,0,0000000,0,22,0,27,1,7,0,0,0,1,1
25,250171,1,1,0,0,0,1,1,3,1030,27,7,2012,6,21,31,0,16,8,WEST STREET,ONOTA STREET,0,42.45033056,-73.26189722,0,33,0,0,2,2,0,4,3,1,0,1,0,0000000,21,34,21,36,21,58,0,0,0,1,1
25,250172,1,1,0,0,0,1,1,21,125,9,11,2012,6,18,47,1,12,3,SR-3 S,,99998,77.77770000,777.77770000,0,42,0,0,1,1,0,4,5,1,0,1,0,0000000,18,53,18,53,19,19,0,0,0,1,0
25,250173,1,1,0,0,0,2,2,5,850,4,11,2012,1,0,28,1,12,3,SR-140 N,,99998,77.77770000,777.77770000,0,1,0,0,1,1,0,3,2,1,0,1,0,0000000,99,99,99,99,99,99,0,0,0,1,1
25,250174,1,1,0,0,0,3,3,23,140,1,11,2012,5,20,55,0,16,8,PLAIN STREET,,0,42.05725556,-71.00708333,0,33,0,0,1,1,0,4,3,1,0,1,0,0000000,20,56,21,2,21,17,0,0,0,1,1
25,250175,1,1,0,0,0,1,1,5,1280,3,11,2012,7,1,35,0,16,3,SR-140 S COUNTY STREET,W INGELL STREET,99998,41.89665833,-71.08188056,0,23,0,0,3,4,0,4,3,1,0,1,0,0000000,1,35,1,40,2,58,0,0,0,1,1
25,250176,1,1,0,0,0,4,4,9,1000,29,10,2012,2,15,57,1,12,3,SR-128 S,,99998,42.53476111,-70.94981111,0,24,0,0,1,1,0,4,1,2,6,2,0,0000000,99,99,99,99,99,99,0,0,0,1,0
25,250177,1,1,0,2,2,1,1,27,350,7,12,2012,6,17,47,1,13,3,SR-2A/31 WESTMINSTER STREET,SIMONDS ROAD,99998,42.57419167,-71.83761111,0,8,0,0,3,3,0,1,3,2,10,2,0,0000000,17,49,17,52,18,32,0,0,0,1,0
25,250178,1,1,0,1,1,1,1,9,650,11,12,2012,3,5,53,0,16,8,MARKET STREET,BROAD STREET,0,42.46134722,-70.94612778,0,8,0,0,3,2,0,1,3,2,0,2,0,0000000,99,99,99,99,99,99,0,0,0,1,0
25,250179,1,1,0,0,0,1,1,9,1000,12,12,2012,4,20,52,1,12,3,SR-128 S,,99998,42.53979444,-70.93814444,0,24,0,1,18,1,0,3,3,1,0,1,0,0000000,99,99,99,99,99,99,0,0,0,1,0
25,250180,1,1,0,1,1,1,1,5,315,15,12,2012,7,17,32,0,16,8,ADAMS STREET,PLYMOUTH AVENUE,0,41.64785833,-70.90273889,0,8,0,0,3,3,0,1,3,1,0,1,0,0000000,17,33,17,35,17,59,0,0,0,1,0
25,250181,1,1,0,0,0,2,2,27,980,10,11,2012,7,2,18,0,16,3,SR-12 MAIN STREET,,99998,42.09690278,-71.86934167,0,30,0,0,1,1,0,4,3,1,0,1,0,0000000,2,23,2,27,88,88,0,0,0,2,1
25,250182,1,1,0,0,0,1,1,27,272,1,8,2012,4,19,23,0,6,8,PODUNK ROAD,,99998,42.19623611,-72.04703056,0,42,0,0,1,1,0,2,5,10,0,10,0,0000000,19,23,19,33,20,30,0,0,0,1,1
25,250183,1,1,0,0,0,1,1,1,330,11,11,2012,1,1,30,1,13,8,WOODS HOLE ROAD,,0,41.52788056,-70.65982778,0,42,0,0,1,1,0,4,3,1,0,1,0,0000000,1,32,1,35,1,59,0,0,0,1,0
25,250184,1,1,0,0,0,3,3,27,640,22,7,2012,1,0,48,0,16,8,PLEASANT STREET,,0,42.58759167,-71.80006944,0,30,0,0,1,1,0,4,2,1,0,1,0,0000000,0,48,0,55,1,46,0,0,0,1,1
25,250185,1,1,0,1,1,1,1,21,1060,16,11,2012,6,16,47,0,13,8,QUINCY AVENUE,,0,42.24153333,-70.99224444,0,8,0,0,1,1,0,1,5,1,0,1,0,0000000,16,47,16,47,17,25,0,0,0,1,0
25,250186,1,1,0,2,2,1,1,21,1060,19,11,2012,2,7,41,0,16,8,WALL STREET,,0,42.26855278,-70.95395833,0,30,0,0,1,1,0,4,1,1,0,1,0,0000000,7,49,7,57,8,17,0,0,0,1,0
25,250187,1,1,0,1,1,2,2,17,1510,9,10,2012,3,19,57,0,16,8,WASHINGTON STREET,ERIE STREET,0,42.47731667,-71.12215278,0,8,0,0,3,2,0,1,5,1,0,1,0,0000000,19,58,20,3,20,31,0,0,0,1,0
25,250188,1,1,0,1,1,1,1,15,437,21,10,2012,1,15,36,0,5,8,SCHOOL STREET,,0,42.27530833,-72.47109444,0,8,0,0,1,1,0,2,1,1,0,1,0,0000000,99,99,99,99,88,88,0,0,0,1,0
25,250189,1,1,0,1,1,1,1,5,1268,27,10,2012,7,19,29,0,2,3,SR-103 WILBUR AVENUE,,0,41.73135556,-71.20330278,0,8,0,0,1,1,0,1,3,1,0,1,0,0000000,19,30,19,30,19,53,0,0,0,1,0
25,250190,1,1,0,1,1,2,2,27,1520,23,7,2012,2,13,34,0,16,8,PARK AVENUE,,0,42.24978889,-71.83249444,0,9,0,0,1,1,0,1,1,10,0,10,0,0000000,13,34,13,42,14,11,0,0,0,1,0
25,250191,2,2,0,0,0,2,2,1,1050,1,11,2012,5,11,58,1,2,2,US-6,,99998,77.77770000,777.77770000,0,12,2,0,1,1,0,1,1,1,0,1,0,0000000,99,99,99,99,99,99,0,0,0,1,1
25,250192,1,1,0,0,0,1,1,21,1382,11,5,2012,6,20,34,1,12,3,SR-9,MUNICAPAL WAY,99998,42.31518611,-71.27422222,0,33,0,0,3,4,0,2,3,1,0,1,0,0000000,20,35,20,35,21,14,0,0,0,1,0
25,250193,1,1,0,1,1,1,1,21,825,1,11,2012,5,18,22,1,13,3,SR-28 RANDOLPH AVENUE,HEATHER DRIVE,0,42.23424167,-71.07000556,0,8,0,0,3,3,0,1,3,1,0,1,0,0000000,18,25,18,28,18,48,0,0,0,1,0
25,250194,2,2,0,0,0,3,3,1,75,30,11,2012,6,22,29,1,13,3,SR-132,US-6 ENTRANCE RAMP,99998,41.68726944,-70.33502778,0,12,6,1,5,1,0,1,2,1,0,1,0,0000000,22,24,22,32,22,55,0,0,0,1,0
25,250195,3,3,0,0,0,5,5,1,259,20,10,2012,7,12,57,1,13,3,SR-28 MAIN STREET,,99998,41.66486389,-70.16720556,0,59,0,0,1,1,0,4,1,2,0,2,0,0000000,12,57,13,0,13,18,0,0,0,1,0
25,250196,1,1,0,0,0,4,4,23,560,20,8,2012,2,21,4,0,14,3,SR-80,,99998,41.96784722,-70.75781944,0,30,0,0,1,1,0,2,3,1,0,1,0,0000000,21,4,21,9,99,99,0,0,0,1,0
25,250197,1,1,0,1,1,1,1,9,650,23,7,2012,2,11,50,0,16,8,CHESTNUT STREET,ESSEX STREET,0,42.4707,-70.93797222,0,8,0,0,2,2,0,1,1,1,0,1,0,0000000,11,53,11,59,12,13,0,0,0,1,0
25,250198,2,2,0,0,0,2,2,13,636,9,10,2012,3,15,26,0,16,8,VENTURA STREET,EAST STREET,0,42.17517778,-72.41417222,0,12,6,0,2,2,0,1,1,1,0,1,0,0000000,99,99,99,99,99,99,0,0,0,1,1
25,250199,2,2,0,0,0,3,3,17,375,29,9,2012,7,23,36,0,16,8,FOUNTAIN STREET,JODIE ROAD,0,42.27266389,-71.44585833,0,12,2,0,2,3,0,1,3,2,0,2,0,0000000,23,18,23,22,99,99,0,0,0,1,1
25,250200,1,1,0,0,0,1,1,1,1535,22,5,2012,3,12,40,0,16,8,OLD TOWN HOUSE ROAD,,0,41.68497222,-70.20615278,0,33,0,0,1,1,0,5,1,1,0,1,0,0000000,12,40,12,48,13,9,0,0,0,1,0
25,250201,1,1,0,0,0,1,1,1,1535,17,2,2012,6,19,33,0,16,8,CAMP STREET,BUCKLAND ISALND ROAD,0,41.66494167,-70.26355833,0,35,0,0,3,3,0,5,2,10,0,10,0,0000000,19,33,19,36,19,56,0,0,0,1,0
25,250202,1,1,0,1,1,1,1,5,320,25,6,2012,2,23,7,0,16,8,BRAYTON AVENUE,ABERDEEN STREET,0,41.68298333,-71.14654444,0,8,0,0,1,1,0,1,2,1,0,1,0,0000000,23,9,23,12,23,44,0,0,0,1,0
25,250203,1,1,0,1,1,1,1,9,650,11,1,2012,4,17,2,0,12,3,SR-129,,99998,42.50312222,-70.97950556,0,8,0,0,1,1,0,1,5,1,0,1,0,0000000,17,2,17,6,17,53,0,0,0,1,0
25,250204,1,1,0,0,0,3,3,9,570,11,11,2012,1,2,30,0,16,8,SARATOGA STREET,PARK STREET,99998,42.71910833,-71.16756667,0,7,0,0,3,2,0,4,3,1,0,1,0,0000000,99,99,99,99,99,99,0,0,0,1,1
25,250205,1,1,0,0,0,1,1,13,1430,13,10,2012,7,2,38,0,16,8,SHAKER ROAD,,0,42.09293889,-72.74069722,0,42,0,0,1,1,0,5,2,1,0,1,0,0000000,2,41,2,43,88,88,0,0,0,1,1
25,250206,1,1,0,0,0,1,1,17,630,12,11,2012,2,5,58,0,16,8,LAWRENCE STREET,,0,42.63113611,-71.29955556,0,26,0,0,1,1,0,1,1,1,0,1,0,0000000,6,7,6,13,7,51,0,0,0,1,1
25,250207,1,1,0,0,0,1,1,11,450,6,5,2012,1,17,35,0,16,8,BROOK ROAD,,0,42.62986944,-72.64530556,0,35,0,0,1,1,0,4,1,1,0,1,0,0000000,88,88,88,88,88,88,0,0,0,1,0
25,250208,3,2,1,0,0,2,2,25,120,21,11,2012,4,1,19,1,13,8,MASSACHUSETTS AVENUE,HAVILAND STREET,0,42.34665,-71.08740833,0,12,7,0,2,3,0,1,3,1,0,1,0,0000000,1,19,1,22,88,88,0,0,0,1,1
25,250209,4,4,0,0,0,4,4,9,765,21,9,2012,6,15,30,1,11,1,I-495 S,,99998,42.74140278,-71.14161944,0,12,2,1,18,1,0,1,1,1,0,1,0,0000000,15,43,15,48,99,99,0,0,0,1,0
25,250210,1,1,0,0,0,1,1,27,117,3,5,2012,5,3,0,0,12,3,SR-117,EAST END ROAD,99998,42.44231111,-71.56084722,0,30,0,0,3,3,0,5,2,2,0,2,0,0000000,3,11,3,17,3,55,0,0,0,1,1
25,250211,1,1,0,1,1,2,2,9,470,31,5,2012,5,16,44,0,12,3,SR-113 WATER STREET,GROVELAND STREET,99998,42.77053056,-71.06324444,0,8,0,0,3,4,4,1,1,1,0,1,1,0000000,16,47,16,50,17,2,0,0,0,1,0
25,250212,1,1,0,0,0,1,1,23,1081,26,10,2012,6,21,47,0,6,8,MATTAPOISETT ROAD,,99998,41.69248889,-70.871175,0,42,0,0,1,1,0,4,2,1,0,1,0,0000000,21,49,21,55,88,88,0,0,0,1,1
25,250213,1,1,0,0,0,1,1,1,330,5,12,2012,4,23,18,0,16,8,SANDWICH ROAD,,99998,41.59169167,-70.58094722,0,53,0,0,1,1,0,4,3,1,0,1,0,0000000,23,19,23,24,23,47,0,0,0,1,0
25,250214,1,1,0,0,0,1,1,9,570,17,12,2012,2,13,26,1,11,1,I-495,,99998,42.729325,-71.13991111,0,24,0,1,5,1,0,1,1,10,0,10,0,0000000,99,99,99,99,99,99,0,0,0,1,0
25,250215,1,1,0,0,0,1,1,27,610,5,8,2012,1,18,30,0,16,8,UNION STREET,GRANT STREET,0,42.49957222,-71.76578611,0,42,0,0,3,3,0,4,1,2,10,2,0,0000000,18,42,18,44,19,16,0,0,0,1,1
25,250216,1,1,0,0,0,2,2,27,1100,10,5,2012,5,0,55,0,4,3,SR-56 POMMOGUSSETT ROAD,,99998,42.40703333,-71.96775278,0,42,0,0,1,1,0,4,2,2,5,2,0,0000000,1,0,1,15,2,0,0,0,0,1,1
25,250217,1,1,0,0,0,1,1,9,765,2,5,2012,4,7,3,0,16,8,WEST STREET,,0,42.72365278,-71.24284167,0,34,0,0,1,1,0,4,1,2,0,2,0,0000000,7,6,7,11,7,38,0,0,0,1,0
25,250218,1,1,0,0,0,2,2,21,1465,9,1,2012,2,19,3,1,13,3,SR-3,,99998,77.77770000,777.77770000,0,35,0,0,1,1,0,3,2,1,0,1,0,0000000,99,99,99,99,99,99,0,0,0,2,0
25,250219,1,1,0,0,0,1,1,13,335,11,8,2012,7,18,43,1,12,3,SR-57 SOUTHWWICK STREET,,99998,42.06575278,-72.70241667,0,53,0,0,1,1,0,4,1,1,0,1,0,0000000,18,45,18,48,18,52,0,0,0,1,0
25,250220,1,1,0,1,1,1,1,9,1110,28,10,2012,1,18,2,0,16,8,LAFAYETTE,ROSLYN STREET,0,42.51228056,-70.89277222,0,8,0,0,3,3,0,1,3,2,0,2,0,0000000,99,99,99,99,99,99,0,0,0,1,0
25,250221,1,1,0,0,0,1,1,9,892,30,9,2012,1,3,49,0,16,8,SALEM STREET,CAMPBELL ROAD,99998,42.64114444,-71.05279722,0,42,0,0,3,3,0,2,3,10,0,10,0,0000000,3,50,3,59,88,88,0,0,0,1,1
25,250222,1,1,0,1,1,1,1,27,1520,28,9,2012,6,20,53,0,16,8,SAGAMORE ROAD,GROVE STREET,99998,42.28342778,-71.80715556,0,8,0,0,3,3,0,1,3,2,0,2,0,0000000,20,55,20,57,21,14,0,0,0,1,0
25,250223,1,1,0,1,1,1,1,13,1446,6,9,2012,5,18,46,0,13,3,SR-147,UNION STREET,99998,42.09749444,-72.60636389,0,8,0,0,3,2,0,1,1,1,0,1,0,0000000,99,99,99,99,99,99,0,0,0,1,0
25,250224,2,2,0,0,0,2,2,17,615,2,8,2012,5,18,59,0,16,8,WINCHESTER DRIVE,RUSSELL ROAD,99998,42.44467222,-71.18488056,0,12,6,0,3,3,0,1,5,1,0,1,0,0000000,18,59,19,3,99,99,0,0,0,1,0
25,250225,2,2,0,0,0,3,3,5,254,26,7,2012,5,7,33,0,19,3,SR-138 SOMERSET AVENUE,,99998,41.84613056,-71.11675556,0,12,2,0,1,1,0,1,1,1,0,1,0,0000000,7,31,7,35,8,3,0,0,0,1,0
25,250226,2,2,0,0,0,5,5,3,9997,2,8,2012,5,11,40,0,9,8,W CROSS ROAD,N EAGLE STREET,0,42.71685,-73.10795,0,12,6,0,2,2,0,1,1,1,0,1,0,0000000,11,40,11,42,12,37,0,0,0,1,0
25,250227,2,2,0,0,0,3,3,5,1064,8,8,2012,4,20,55,0,9,3,SR-138 BROADWAY ST,W CARVER ST,99998,41.95408056,-71.07035,0,12,6,0,2,2,0,1,3,1,0,1,0,0000000,20,57,21,2,99,99,0,0,0,1,0
25,250228,2,2,0,0,0,3,3,3,1030,25,8,2012,7,11,40,0,9,8,HIGHLAND AVENUE,,0,42.47588889,-73.26476111,0,12,1,0,8,1,0,1,1,1,0,1,0,0000000,99,99,99,99,88,88,0,0,0,1,0
25,250229,4,4,0,0,0,5,5,13,636,7,9,2012,6,20,32,1,11,1,I-90 W,,541,42.16742778,-72.47776389,0,12,2,1,18,1,0,1,2,1,0,1,0,0000000,20,33,20,35,21,8,0,0,0,2,0
25,250230,8,7,1,0,0,11,11,23,140,12,10,2012,6,16,38,1,13,3,SR-123 CENTRE STREET,N QUINCY STREET,99998,42.08669444,-70.98769722,0,12,6,0,2,2,0,1,1,1,0,1,0,0000000,16,38,16,43,17,27,20,0,0,1,0
25,250231,2,2,0,0,0,2,2,5,50,20,9,2012,5,22,27,0,14,3,SR-152 N MAIN STREET,,99998,41.96428889,-71.28928611,0,12,2,0,1,1,0,1,3,1,0,1,0,0000000,22,28,22,33,23,16,0,0,0,1,1
25,250232,2,2,0,1,1,2,2,23,564,2,11,2012,6,18,31,0,19,3,SR-79 RHODE ISLAND ROAD,,99998,41.85855833,-70.97650556,0,8,0,0,1,1,0,1,3,1,0,1,0,0000000,18,34,18,39,19,6,0,0,0,1,0
25,250233,2,2,0,0,0,2,2,15,890,7,12,2012,6,17,43,0,13,2,US-5 MT TOM ROAD,,0,42.28775278,-72.617475,0,12,2,0,1,1,0,1,3,2,0,2,0,0000000,99,99,99,99,99,99,0,0,0,1,0
25,250234,2,2,0,0,0,4,4,9,430,15,12,2012,7,20,53,0,9,3,SR-133,,99998,42.61535833,-70.69538056,0,12,6,0,1,1,0,1,3,1,0,1,0,0000000,20,41,20,46,21,11,0,0,0,1,0
25,250235,2,2,0,0,0,3,3,17,1279,22,12,2012,7,11,40,0,9,8,LANDHAM ROAD,PELHAM ISLAND ROAD,0,42.35219444,-71.40199167,0,30,0,0,3,3,0,4,1,1,0,1,0,0000000,11,42,11,48,12,18,0,0,0,1,0
25,250236,2,2,0,0,0,4,4,9,1114,31,12,2012,2,23,21,0,13,2,US-1 GILLIS BRIDGE,,99998,42.81604444,-70.87269722,0,12,2,0,1,1,0,1,3,1,0,1,0,0000000,99,99,99,99,99,99,0,0,0,1,1
25,250237,2,2,0,0,0,2,2,27,1172,8,12,2012,7,20,32,1,14,2,US-140,US-20,99998,42.25031389,-71.709975,0,12,6,0,2,2,0,1,3,2,0,2,0,0000000,20,34,20,41,20,59,0,0,0,1,0
25,250238,1,1,0,0,0,5,5,13,1446,30,11,2012,6,23,30,0,16,8,WEST MORTON STREET,,0,42.11023889,-72.65017778,0,30,0,0,1,1,0,4,3,1,0,1,0,0000000,23,41,23,45,99,99,0,0,0,1,1
25,250240,1,1,0,0,0,1,1,15,890,21,12,2012,6,14,58,0,14,2,US-5 NORTH KING STREET,BIG Y SUPERMARKET,99998,42.34267222,-72.64123889,0,18,0,0,3,2,0,5,1,2,0,2,0,0000000,14,59,15,2,88,88,0,0,0,1,0
25,250241,2,2,0,0,0,3,3,17,157,20,12,2012,5,14,6,0,16,8,BURLINGTON MALL ROAD,BURLINGTON WOODS ROAD,99998,42.49047222,-71.20042778,0,12,6,0,3,2,0,1,1,1,0,1,0,0000000,14,6,14,9,14,27,0,0,0,2,0
25,250242,1,1,0,0,0,1,1,17,105,25,7,2012,4,2,48,0,16,8,TREBLE COVE ROAD,BIGLIOTTI WAY,99998,42.56518333,-71.29731389,9,33,0,0,8,1,0,4,3,1,0,1,0,0000000,2,53,2,58,88,88,0,0,0,1,0
25,250243,1,1,0,0,0,1,1,13,1430,18,8,2012,7,4,33,1,11,1,I-90,,375,42.13989722,-72.69592778,0,42,0,0,1,1,0,3,2,98,0,98,0,0000000,4,36,4,41,88,88,0,0,0,1,0
25,250244,1,1,0,1,1,1,1,21,1382,24,8,2012,6,13,58,0,16,8,WESTON ROAD,LINDEN STREET,0,42.29671944,-71.29978056,0,9,0,0,3,3,0,1,1,1,0,1,0,0000000,13,57,14,1,14,16,0,0,0,1,0