STATE,ST_CASE,VE_TOTAL,VE_FORMS,PVH_INVL,PEDS,PERNOTMVIT,PERMVIT,PERSONS,COUNTY,CITY,DAY,MONTH,YEAR,DAY_WEEK,HOUR,MINUTE,NHS,ROAD_FNC,ROUTE,TWAY_ID,TWAY_ID2,MILEPT,LATITUDE,LONGITUD,SP_JUR,HARM_EV,MAN_COLL,RELJCT1,RELJCT2,TYP_INT,WRK_ZONE,REL_ROAD,LGT_COND,WEATHER1,WEATHER2,WEATHER,SCH_BUS,RAIL,NOT_HOUR,NOT_MIN,ARR_HOUR,ARR_MIN,HOSP_HR,HOSP_MN,CF1,CF2,CF3,FATALS,DRUNK_DR
25,250245,1,1,0,0,0,1,1,5,670,26,8,2012,1,23,25,1,11,1,I-495,,99998,77.77770000,777.77770000,0,1,0,0,5,1,0,1,2,1,0,1,0,0000000,23,29,23,34,88,88,0,0,0,1,1
25,250246,3,3,0,0,0,3,3,25,120,9,9,2012,1,5,33,1,11,1,I-93,,167,42.36699444,-71.06134444,0,12,2,0,1,1,0,1,3,1,0,1,0,0000000,5,35,5,39,6,40,0,0,0,1,1
25,250247,2,2,0,0,0,3,3,21,380,15,9,2012,7,11,17,0,16,8,WASHINGTON STREET,,0,42.06618611,-71.41305278,0,12,2,0,1,1,0,1,1,1,0,1,0,0000000,11,21,11,23,88,88,0,0,0,1,0
25,250248,2,2,0,0,0,2,2,27,55,11,11,2012,1,4,30,1,11,1,I-290,,99998,77.77770000,777.77770000,0,12,1,0,1,1,0,1,3,1,0,1,0,0000000,4,36,4,41,5,3,0,0,0,1,1
25,250249,2,2,0,0,0,6,6,13,1270,5,8,2012,1,15,28,1,11,1,I-291,I-91,10,42.11340556,-72.59218056,0,12,7,1,3,1,0,1,1,1,0,1,0,0000000,99,99,99,99,99,99,0,0,0,1,0
25,250250,2,1,1,0,0,2,2,9,1125,8,7,2012,1,14,3,0,16,8,LINCOLN AVE,,0,42.44824167,-71.00989444,0,14,0,0,1,1,0,7,1,1,0,1,0,0000000,14,5,14,24,14,25,0,0,0,1,0
25,250251,2,2,0,0,0,3,3,1,75,6,10,2012,7,13,34,1,12,3,SR-132,ATTUCKS LANE,99998,41.68127222,-70.32319722,0,12,6,0,3,3,0,1,1,1,0,1,0,0000000,13,34,13,39,13,58,0,0,0,1,0
25,250252,1,1,0,1,1,2,2,5,50,28,1,2012,7,17,55,0,14,2,US-1,SCOTT STREET,99998,41.89771389,-71.36937778,0,8,0,1,3,3,0,1,3,1,0,1,0,0000000,17,58,18,2,99,99,0,0,0,1,0
25,250253,1,1,0,1,1,2,2,25,120,16,2,2012,5,18,0,0,16,8,CHESTNUTHILL AVENUE,MARKET STREET,0,42.34965,-71.15376389,0,8,0,0,3,2,0,1,8,98,0,98,0,0000000,18,8,99,99,18,47,0,0,0,1,0
25,250254,2,2,0,0,0,4,4,5,251,4,4,2012,4,16,42,0,16,8,SHARP STREET,MILTON STREET,0,41.61738611,-70.95194722,0,12,6,0,2,2,0,1,1,1,0,1,0,0000000,99,99,99,99,99,99,0,0,0,2,0
25,250255,2,2,0,0,0,3,3,3,458,27,4,2012,6,20,9,0,6,8,BRODIE MOUNTAIN ROAD,,0,42.56235278,-73.28822222,0,12,8,0,1,1,0,1,2,1,0,1,0,0000000,20,20,20,33,99,99,0,0,0,1,0
25,250256,1,1,0,0,0,1,1,9,100,19,5,2012,7,1,24,0,14,3,SR-127,,99998,42.55653611,-70.83111389,0,30,0,0,1,1,0,98,8,98,0,98,0,0000000,1,21,1,29,88,88,0,0,0,1,1
25,250257,1,1,0,1,1,2,2,5,1280,1,8,2012,4,6,17,0,14,3,SR-138,EAST BROADWAY,0,41.91209722,-71.09187778,0,8,0,0,3,3,0,1,1,1,0,1,0,0000000,99,99,99,99,99,99,0,0,0,1,0
25,250258,1,1,0,1,1,1,1,3,1030,26,6,2012,3,12,22,0,16,8,HENRY AVENUE,ELIZABETH STREET,0,42.44352778,-73.25853889,0,15,0,0,2,2,0,1,1,10,0,10,0,0000000,99,99,99,99,99,99,0,0,0,1,0
25,250259,1,1,0,1,1,1,1,5,251,21,3,2012,4,18,4,0,16,8,SAMUEL BARNETT BOULEVARD,FLAHERTY DRIVE,0,41.72051944,-70.96923056,0,9,0,0,2,3,0,1,1,1,0,1,0,0000000,99,99,99,99,99,99,0,0,0,1,0
25,250260,1,1,0,0,0,2,2,9,765,31,8,2012,6,1,45,1,12,3,SR-213,,99998,77.77770000,777.77770000,0,7,0,0,1,1,0,1,3,1,0,1,0,0000000,1,48,1,51,2,21,0,0,0,1,0
25,250261,1,1,0,1,1,1,1,21,1060,30,8,2012,5,16,22,0,12,3,SR-53,,99998,42.24088056,-70.986825,0,8,0,0,1,1,0,1,1,1,0,1,0,0000000,16,22,16,24,16,50,0,0,0,1,0
25,250262,1,1,0,1,1,1,1,25,120,20,5,2012,1,11,46,0,16,8,WHITTEN STREET,,0,42.29393889,-71.06045,0,8,0,0,1,1,0,1,1,1,0,1,0,0000000,11,46,11,52,12,15,0,0,0,1,0
25,250263,1,1,0,0,0,1,1,21,825,20,9,2012,5,23,35,0,16,8,TRUMAN PARKWAY,,0,42.25888333,-71.11230833,0,42,0,0,1,1,0,3,3,1,0,1,0,0000000,23,30,23,35,0,3,0,0,0,1,1
25,250264,1,1,0,0,0,1,1,11,422,12,9,2012,4,2,3,1,12,3,SR-2,,541,42.599375,-72.49804167,0,30,0,0,1,1,0,5,2,1,0,1,0,0000000,2,9,2,17,2,36,0,0,0,1,0
25,250265,1,1,0,2,2,1,1,23,1475,9,9,2012,1,14,3,1,12,3,SR-27,SR-18,99998,42.08098889,-70.94728333,0,8,0,0,3,2,0,1,1,1,0,1,0,0000000,13,59,14,1,14,24,0,0,0,1,0
25,250266,1,1,0,1,1,1,1,25,120,14,9,2012,6,0,25,0,16,8,WILLIAM T MORRISEY BOULEVARD,,0,42.307575,-71.04598889,0,9,0,0,1,1,0,2,3,1,0,1,0,0000000,0,30,0,33,99,99,0,0,0,1,0
25,250267,1,1,0,1,1,2,2,21,1276,14,9,2012,6,14,45,1,12,3,SR-27,WEST STREET,99998,42.13250278,-71.13276944,0,8,0,0,3,4,0,1,1,1,10,10,0,0000000,14,47,14,49,15,7,16,0,0,1,0
25,250268,1,1,0,0,0,1,1,13,292,10,10,2012,4,20,5,0,15,3,SR-186,,99998,42.038025,-72.49591389,0,42,0,0,1,1,0,5,2,10,0,10,0,0000000,20,5,20,10,20,42,0,0,0,1,0
25,250269,1,1,0,0,0,1,1,5,1268,4,10,2012,5,7,33,1,11,1,I-195,,60,41.769925,-71.24629444,0,35,0,0,1,1,0,3,1,10,0,10,0,0000000,7,27,7,39,88,88,0,0,0,1,0
25,250270,1,1,0,0,0,1,1,13,1247,27,9,2012,5,23,10,0,12,3,SR-57,,99998,42.07323333,-72.81520556,0,42,0,0,1,1,0,5,2,10,0,10,0,0000000,23,21,23,33,88,88,0,0,0,1,0
25,250271,1,1,0,1,1,1,1,17,1305,22,9,2012,7,17,13,0,6,8,WALLACE HILL ROAD,,0,42.67896944,-71.67624444,0,8,0,0,1,1,0,2,1,1,0,1,0,0000000,17,14,17,35,99,99,0,0,0,1,0
25,250272,2,2,0,0,0,2,2,13,1270,30,6,2012,7,9,20,0,16,8,BOSTON ROAD,BRECKWOOD BLVD,0,42.13027778,-72.52831111,0,12,6,0,2,2,0,1,1,1,0,1,0,0000000,99,99,99,99,99,99,0,0,0,1,0
25,250273,1,1,0,0,0,2,2,1,330,4,10,2012,5,9,35,1,16,8,LIBRARY LANE,,99998,41.55294722,-70.61533611,0,5,0,0,1,1,0,1,8,98,0,98,0,0000000,9,35,9,37,10,0,0,0,0,1,0
25,250274,1,1,0,0,0,1,1,23,270,30,8,2012,5,10,18,0,16,8,WASHINGTON STREET,,0,42.02436389,-70.91806667,0,30,0,0,1,1,0,4,1,1,0,1,0,0000000,10,21,10,26,88,88,0,0,0,1,0
25,250275,1,1,0,0,0,1,1,5,320,13,9,2012,5,14,18,0,16,8,WILSON ROAD,LING STREET,0,41.74115833,-71.1265,0,33,0,0,3,3,0,4,1,1,0,1,0,0000000,99,99,99,99,99,99,0,0,0,1,0
25,250276,1,1,0,1,1,1,1,27,1380,30,10,2012,3,18,30,0,16,8,LAKE PARKWAY,,0,42.040425,-71.86914167,0,8,0,0,1,1,0,1,3,10,0,10,0,0000000,18,28,18,31,18,45,0,0,0,1,0
25,250277,1,1,0,1,1,1,1,27,1520,17,10,2012,4,20,18,1,11,1,I-290,,71,42.25764722,-71.79399722,0,8,0,0,1,1,0,1,3,98,0,98,0,0000000,20,25,20,51,88,88,0,0,0,1,0
25,250278,1,1,0,1,1,1,1,15,890,31,10,2012,4,16,42,0,12,3,SR-10,PULASKI PARK,99998,42.31758889,-72.63433333,0,8,0,0,3,4,0,1,1,1,0,1,0,0000000,16,43,16,44,17,17,0,0,0,1,0
25,250279,1,1,0,1,1,1,1,13,1430,6,11,2012,3,13,54,0,16,8,WESTERN AVENUE,,0,77.77770000,777.77770000,0,9,0,0,1,1,0,1,1,10,0,10,0,0000000,13,54,13,59,14,31,16,0,0,1,0
25,250280,1,1,0,1,1,2,2,21,1465,8,11,2012,5,17,56,0,16,8,BROAD STREET,PHILLIP STREET,0,42.21825833,-70.96193333,0,8,0,0,3,3,0,1,3,10,2,2,0,0000000,99,99,99,99,99,99,0,0,0,1,0
25,250281,1,1,0,0,0,1,1,1,121,8,11,2012,5,9,21,1,13,2,US-28,JONATHAN BOURNE DRIVE,99998,41.708875,-70.58364444,0,30,0,0,3,3,0,5,1,2,6,2,0,0000000,9,24,9,27,88,88,0,0,0,1,0
25,250282,1,1,0,0,0,2,2,23,1360,17,11,2012,7,3,9,0,14,8,102 CHARGE POND ROAD,,0,41.77849722,-70.702425,0,42,0,0,1,1,0,5,2,1,0,1,0,0000000,99,99,99,99,99,99,0,0,0,1,1
25,250283,1,1,0,0,0,1,1,5,299,1,12,2012,7,17,31,1,12,3,SR-106,,99998,42.01382778,-71.08595,0,24,0,0,1,1,0,2,2,1,0,1,0,0000000,17,35,17,39,88,88,0,0,0,1,0
25,250284,1,1,0,1,1,1,1,17,170,4,12,2012,3,21,47,0,16,8,CAMBRIDGE STREET,FIRST STREET,0,42.370575,-71.07694167,0,8,0,0,3,3,0,1,3,10,0,10,0,0000000,99,99,99,99,99,99,0,0,0,1,0
25,250285,1,1,0,1,1,1,1,21,825,7,12,2012,6,16,54,0,14,8,HIGHLAND STREET,CANTON AVENUE,0,42.25165556,-71.07979722,0,8,0,0,1,1,0,1,2,3,1,3,0,0000000,16,53,17,1,17,9,0,0,0,1,0
25,250286,2,2,0,0,0,2,2,13,1270,24,11,2012,7,1,56,0,13,8,BOSTON ROAD,SLATER AVENUE,0,42.139625,-72.51218611,0,33,0,0,3,1,0,4,3,1,0,1,0,0000000,99,99,99,99,88,88,14,0,0,1,0
25,250287,1,1,0,1,1,1,1,17,310,14,11,2012,4,23,48,1,13,3,SR-99 BROADWAY ST,,99998,42.39773056,-71.06414722,0,8,0,0,1,1,1,1,3,10,0,10,0,0000000,23,49,23,54,88,88,0,0,0,1,0
25,250288,1,1,0,0,0,1,1,23,1130,17,11,2012,7,1,9,0,16,8,CLAPP RD,,0,42.19655556,-70.82243889,0,42,0,0,1,1,0,5,3,1,0,1,0,0000000,99,99,99,99,88,88,0,0,0,1,1
25,250289,2,2,0,0,0,2,2,1,75,22,6,2012,6,12,20,0,16,8,SHOOTFLYING HILL RD,OLD STAGE RD,0,41.65989722,-70.35241944,0,12,6,0,2,3,0,1,1,1,0,1,0,0000000,12,19,12,22,12,41,0,0,0,1,0
25,250290,2,2,0,0,0,3,3,17,1431,16,9,2012,1,14,55,0,16,3,SR-40 GROTON RD,OAK HILL RD,99998,42.62583333,-71.42045278,0,12,6,0,2,2,0,1,1,1,0,1,0,0000000,14,55,15,0,15,23,0,0,0,1,0
25,250291,2,2,0,0,0,2,2,27,1520,24,10,2012,4,23,49,0,16,8,GRAFTON ST,FRANKLIN ST,0,42.2603,-71.79372222,0,12,6,0,2,2,0,1,3,10,0,10,0,0000000,99,99,99,99,99,99,0,0,0,1,1
25,250292,2,2,0,0,0,2,2,13,210,27,7,2012,6,15,34,0,16,3,SR-116 CHICOPEE ST,SITARZ AVE,99998,42.15749167,-72.61221111,0,12,7,0,2,3,0,1,1,1,0,1,0,0000000,15,36,15,43,16,1,0,0,0,1,1
25,250293,2,2,0,0,0,2,2,13,210,1,9,2012,7,4,27,0,16,8,SHERIDAN ST,,0,42.17685833,-72.56833889,0,12,2,0,1,1,0,1,4,1,0,1,0,0000000,4,30,4,36,88,88,0,0,0,1,1
25,250294,2,2,0,0,0,3,3,27,1320,2,9,2012,1,18,25,0,16,8,W HARTFORD AVE,,0,42.08875278,-71.65472778,0,12,1,0,1,1,0,1,1,10,1,10,0,0000000,18,25,18,32,19,1,0,0,0,1,1
25,250295,2,2,0,0,0,2,2,9,892,16,10,2012,3,10,59,1,13,3,SR-114 SALEM TURNPIKE,SHARPNERS POND ROAD,99998,42.62441944,-71.05786944,0,12,6,0,2,4,0,1,1,1,0,1,0,0000000,10,58,11,5,11,27,0,0,0,1,0
25,250296,1,1,0,0,0,1,1,21,125,9,12,2012,1,20,0,0,13,3,SR-37,WAMPATUCK ROAD,0,42.18119722,-71.01566944,0,24,0,0,3,3,0,4,3,10,2,2,0,0000000,20,4,20,6,20,20,0,0,0,1,0
25,250297,1,1,0,0,0,1,1,13,1477,25,11,2012,1,17,9,0,16,8,PEARL LANE,,0,42.11971944,-72.476925,0,42,0,0,1,1,0,4,2,1,0,1,0,0000000,99,99,99,99,99,99,0,0,0,1,1
25,250298,2,2,0,0,0,3,3,25,120,12,4,2012,5,99,99,0,16,8,COLUMBIA ROAD,POND STREET,0,42.34140833,-71.03334722,0,12,6,0,3,3,0,1,1,98,0,98,0,0000000,99,99,99,99,99,99,0,0,0,1,0
25,250299,1,1,0,0,0,1,1,17,680,27,10,2012,7,1,16,0,16,8,HOSMER ST,,0,42.35553333,-71.53256111,0,33,0,0,1,1,0,4,3,1,0,1,0,0000000,99,99,99,99,99,99,0,0,0,1,1
25,250300,1,1,0,1,1,3,3,17,630,22,7,2012,1,12,0,0,16,8,GRAND ST,MARSHALL ST,0,42.63820833,-71.31801111,0,9,0,0,2,3,0,1,1,1,0,1,0,0000000,99,99,99,99,99,99,0,0,0,1,0
25,250302,1,1,0,0,0,1,1,9,100,11,1,2012,4,13,20,0,16,3,SR-22 ESSEX ST,,99998,42.56436389,-70.86602778,0,42,0,0,1,1,0,4,1,1,0,1,0,0000000,99,99,99,99,99,99,0,0,0,1,0
25,250303,1,1,0,0,0,1,1,17,870,9,7,2012,2,16,15,0,16,8,CYPRESS STREET,,0,42.32887222,-71.194875,0,43,0,0,1,1,0,5,1,1,0,1,0,0000000,99,99,99,99,99,99,0,0,0,1,0
25,250304,5,5,0,0,0,6,6,23,1400,15,7,2012,1,3,55,1,12,3,SR-24,,296,42.02091944,-71.04753889,0,12,2,0,1,1,0,1,2,1,0,1,0,0000000,3,56,4,2,99,99,0,0,0,2,1
25,250306,1,1,0,0,0,4,4,9,122,29,5,2012,3,23,30,1,11,1,I-95 N,,99998,42.66294722,-70.976475,0,5,0,0,1,1,0,1,6,98,0,98,0,0000000,99,99,99,99,88,88,0,0,0,1,0
25,250307,1,1,0,1,1,1,1,23,130,31,5,2012,5,10,19,0,14,3,SR-104,VERNON STREET,99998,41.97299444,-71.00507222,0,9,0,0,3,4,0,1,1,1,0,1,0,0000000,10,20,10,22,10,52,0,0,0,1,0
25,250308,1,1,0,0,0,1,1,21,125,23,9,2012,1,23,21,0,12,3,SR-53,,99998,42.22382778,-70.96844444,0,7,0,0,1,1,0,1,3,1,0,1,0,0000000,23,23,23,31,23,42,0,0,0,1,0
25,250309,1,1,0,1,1,1,1,17,630,22,9,2012,7,1,20,0,16,8,W 6TH ST,BOISVERT ST,0,42.65583333,-71.31044444,0,8,0,0,2,3,0,1,3,2,10,2,0,0000000,99,99,99,99,88,88,0,0,0,1,0
25,250310,2,2,0,1,1,2,2,9,470,24,9,2012,2,11,3,0,16,8,NORTH AVE,MAGNOLIA AVE,0,42.79410556,-71.08303056,0,12,6,0,3,3,0,1,1,1,0,1,0,0000000,11,5,11,6,99,99,0,0,0,1,0
25,250311,1,1,0,0,0,3,3,23,464,25,12,2012,3,1,32,0,14,8,PLAIN STREET,,0,42.1244,-70.85990556,0,42,0,0,1,1,0,5,3,10,4,4,0,0000000,1,37,1,43,2,13,0,0,0,1,1
25,250312,1,1,0,1,1,2,2,27,1172,29,11,2012,5,17,56,1,13,2,US-20 HARTFORD TURNPIKE,,99998,42.24723889,-71.72867222,0,8,0,0,1,1,0,1,3,1,0,1,0,0000000,17,57,18,6,18,25,0,0,0,1,0
25,250313,2,2,0,0,0,2,2,21,1063,28,9,2012,6,12,26,0,16,8,NORTH STREET,,0,42.184125,-71.028425,0,12,6,0,8,1,0,1,1,1,0,1,0,0000000,12,12,12,15,12,55,0,0,0,1,1
25,250314,1,1,0,1,1,1,1,27,1520,30,11,2012,6,18,24,1,13,8,CAMBRIDGE ST,SOUTHBRIDGE,0,42.24382222,-71.81096667,0,8,0,0,2,2,0,1,3,10,0,10,1,0000000,18,26,18,29,18,53,0,0,0,1,0
25,250315,1,1,0,0,0,1,1,27,390,1,9,2012,7,13,13,0,16,8,GREEN STREET,WOODLAND AVE,0,42.58710833,-71.98626667,0,30,0,0,3,4,0,4,1,1,0,1,0,0000000,13,20,13,22,13,35,0,0,0,1,0
25,250316,1,1,0,1,1,3,3,3,1030,5,12,2012,4,18,27,1,13,2,US-7 N FIRST ST,FEDERAL ST,99998,42.44926667,-73.25084722,0,8,0,0,2,3,0,1,3,1,0,1,0,0000000,99,99,99,99,99,99,0,0,0,1,0
25,250317,1,1,0,0,0,1,1,21,370,15,6,2012,6,13,13,1,12,2,US-1,GILLETTE STADIUM PLACE,99998,42.09485278,-71.26857778,0,59,0,0,3,3,0,5,1,98,0,98,0,0000000,13,15,13,17,99,99,0,0,0,1,0
25,250318,1,1,0,0,0,1,1,17,1282,11,12,2012,3,21,17,0,16,3,SR-133 ANDOVER ST,,99998,42.64130556,-71.25039167,0,30,0,0,1,1,0,4,2,1,0,1,0,0000000,99,99,99,99,99,99,0,0,0,1,1
25,250319,2,2,0,0,0,4,4,27,1439,12,12,2012,4,16,16,1,2,3,SR-140 W MAIN ST,BETTY SPRING RD,99998,42.565575,-71.94439722,0,12,6,0,2,5,0,1,5,1,0,1,0,0000000,99,99,99,99,99,99,0,0,0,1,0
25,250320,1,1,0,0,0,1,1,13,500,31,3,2012,7,0,56,0,16,8,CLEVELAND STREET,,99998,42.22205278,-72.61991944,0,42,0,0,1,1,0,5,3,1,0,1,0,0000000,1,1,1,3,1,44,0,0,0,1,1
25,250321,2,2,0,0,0,3,3,21,1063,3,7,2012,3,22,30,0,12,3,SR-28,MAPLE STREET,99998,42.15981944,-71.04213889,0,12,6,0,3,3,0,1,3,1,0,1,0,0000000,22,30,22,32,23,0,0,0,0,1,0
25,250322,1,1,0,1,1,1,1,17,375,14,12,2012,6,22,3,0,16,3,SR-9 WORCESTER RD,,99998,42.29823889,-71.44901667,0,8,0,0,1,1,0,1,3,1,0,1,0,0000000,99,99,99,99,88,88,0,0,0,1,1
25,250323,1,1,0,1,1,1,1,25,120,1,6,2012,6,22,25,1,12,3,SR-9,FORSYTH STREET,99998,42.33971667,-71.09058889,0,9,0,0,3,2,0,1,3,1,0,1,0,0000000,22,36,22,30,88,88,0,0,0,1,0
25,250324,2,1,1,0,0,1,1,25,120,27,5,2012,1,17,52,0,16,8,MARLBOROUGH ST,,0,42.35430556,-71.07329167,0,14,0,0,1,1,0,7,1,1,0,1,0,0000000,99,99,99,99,99,99,0,0,0,1,0
25,250325,1,1,0,1,1,1,1,25,120,3,7,2012,3,22,32,0,16,8,COLUMBIA RD,WASHINGTON ST,0,42.30536944,-71.08046667,0,8,0,0,3,2,0,1,3,1,0,1,0,0000000,99,99,99,99,99,99,0,0,0,1,0
25,250326,1,1,0,1,1,1,1,17,310,16,2,2012,5,23,2,0,16,8,SECOND STREET,CABOT STREET,0,42.40445278,-71.05500278,0,8,0,0,3,2,0,1,3,2,0,2,0,0000000,23,2,23,5,23,26,0,0,0,1,0
25,250327,1,1,0,0,0,2,2,25,120,13,8,2012,2,1,27,0,16,8,COLUMBIA RD,,0,42.32996389,-71.05110278,0,1,0,0,1,1,0,98,3,1,0,1,0,0000000,99,99,99,99,99,99,0,0,0,2,1
25,250328,2,2,0,0,0,2,2,25,120,20,8,2012,2,9,36,0,16,8,WALNUT AVE,PARK LANE,0,42.31044167,-71.09785833,0,1,0,0,2,2,0,1,1,1,0,1,0,0000000,99,99,99,99,88,88,0,0,0,1,0
25,250329,5,5,0,0,0,9,9,17,720,1,6,2012,6,12,20,0,12,3,SR-28,PRESIDENT LANDING,99998,42.40278611,-71.08312222,0,12,1,0,3,3,0,1,1,1,0,1,0,0000000,99,99,99,99,99,99,0,0,0,1,0
25,250330,1,1,0,1,1,1,1,25,120,17,9,2012,2,15,49,0,16,8,A STREET,W BROADWAY,0,42.34181389,-71.05548333,0,9,0,0,2,2,0,1,1,1,0,1,0,0000000,99,99,99,99,88,88,0,0,0,1,0
25,250331,1,1,0,1,1,1,1,25,120,12,11,2012,2,18,26,0,13,2,US-20 BRIGHTON AVE,HARVARD AVE,99998,42.35299167,-71.13208889,0,9,0,0,2,2,0,1,3,1,0,1,0,0000000,99,99,99,99,99,99,0,0,0,1,0
25,250332,1,1,0,1,1,2,2,9,430,6,3,2012,3,19,15,1,13,3,SR-128,EASTERN AVENUE LIGHTS,99998,42.622775,-70.67906944,0,8,0,0,3,2,0,1,8,98,0,98,0,0000000,19,11,19,15,99,99,0,0,0,1,0
25,250333,1,1,0,0,0,6,6,5,1280,9,12,2012,1,0,26,0,16,8,BAY STREET,,0,41.95543611,-71.11518333,0,33,0,0,1,1,0,4,3,10,5,5,0,0000000,0,37,0,45,1,13,0,0,0,2,1
25,250334,2,2,0,0,0,3,3,13,210,20,12,2012,5,13,21,0,16,8,PENNSYLVANIA AVE,YELLE ST,0,42.18896111,-72.59905556,0,12,6,0,2,2,0,1,1,1,0,1,0,0000000,99,99,99,99,99,99,0,0,0,1,0
25,250335,1,1,0,2,2,1,1,25,120,15,12,2012,7,4,3,0,16,8,WOODROW AVENUE,IRMA STREET,0,42.28664167,-71.08821389,0,8,0,0,3,3,0,98,3,1,0,1,0,0000000,4,3,4,7,4,44,0,0,0,1,1
25,250337,1,1,0,0,0,2,2,17,720,18,12,2012,3,3,29,0,16,8,MEDFORD STREET,JOHN STREET,0,42.41793611,-71.08518056,0,33,0,0,3,3,0,4,3,2,0,2,0,0000000,99,99,99,99,99,99,0,0,0,1,1
25,250338,1,1,0,1,1,1,1,25,120,6,12,2012,5,8,36,0,16,8,COMMONWEALTH AVENUE,SAINT PAUL STREET,0,42.34220833,-71.14717222,0,9,0,0,3,2,0,1,1,98,0,98,0,0000000,99,99,99,99,88,88,0,0,0,1,0
25,250339,1,1,0,1,1,1,1,25,120,24,12,2012,2,13,28,0,16,8,NEVINS STREET,WARREN STREET,0,42.35065,-71.14653611,8,8,0,0,3,2,0,1,1,1,0,1,0,0000000,99,99,99,99,99,99,0,0,0,1,0
25,250340,1,1,0,1,1,1,1,25,120,23,6,2012,7,4,45,0,16,8,RIVER STREET,,99998,42.26151111,-71.11163611,0,8,0,0,1,1,0,1,3,10,0,10,0,0000000,4,46,4,53,5,18,99,99,99,1,0
25,250341,3,3,0,0,0,3,3,13,1270,9,6,2012,7,21,30,0,14,8,WILBRAHAM ROAD,,99998,42.11451111,-72.49668056,0,12,2,0,1,1,0,1,3,1,0,1,0,0000000,21,19,21,24,21,42,0,0,0,1,1
25,250342,1,1,0,0,0,3,3,17,618,2,9,2012,1,5,20,0,13,3,SR-119 GREAT ROAD,GILSON ROAD,99998,42.56559444,-71.50206389,0,30,0,0,3,1,0,4,3,1,0,1,0,0000000,5,20,5,31,99,99,0,0,0,2,0
25,250343,2,2,0,2,2,2,2,13,1270,27,7,2012,6,20,30,1,13,3,SR-21 SUMNER AVENUE,LESTER STREET,99998,42.08716111,-72.55305278,0,8,0,0,3,1,0,1,5,1,0,1,0,0000000,99,99,99,99,99,99,0,0,0,1,0
25,250344,1,1,0,0,0,1,1,17,660,28,9,2012,6,0,28,0,16,8,MADISON STREET,BELROCK STREET,99998,42.42105278,-71.06968889,0,38,0,0,3,4,0,4,1,2,0,2,0,0000000,9,53,9,59,10,24,0,0,0,1,1
25,250345,2,2,0,0,0,2,2,13,1446,17,10,2012,4,12,45,1,12,2,US-20,BELMONT AVENUE,99998,77.77770000,777.77770000,0,12,6,0,3,3,0,1,1,1,0,1,0,0000000,12,40,12,45,13,13,0,0,0,1,0
25,250346,2,2,0,0,0,2,2,27,610,7,11,2012,4,10,30,1,12,3,SR-2,,99998,42.54648056,-71.76162222,0,12,6,1,5,1,0,1,1,10,0,10,0,0000000,11,1,11,19,99,99,0,0,0,1,0
25,250347,1,1,0,0,0,1,1,13,1270,8,12,2012,7,17,46,0,16,8,ALLEN STREET,TALMADGE DRIVE,99998,42.09548056,-72.51427222,0,33,0,0,3,2,0,11,3,2,0,2,0,0000000,17,48,17,59,18,21,0,0,0,1,0
25,250348,1,1,0,1,1,1,1,17,870,26,11,2012,2,17,35,0,16,8,CENTRE STREET,PLEASANT STREET,99998,42.33266389,-71.19515,0,8,0,0,3,3,0,1,3,1,0,1,0,0000000,99,99,99,99,99,99,0,0,0,1,0
25,250349,1,1,0,1,1,1,1,23,140,27,11,2012,3,18,5,0,16,8,BATTLES STREET,,99998,42.09980556,-71.03545278,0,9,0,0,1,1,0,1,3,4,10,4,0,0000000,18,6,18,10,18,47,0,0,0,1,0
25,250350,1,1,0,0,0,1,1,5,320,3,12,2012,2,8,57,0,16,8,MARIANO BISHOP BOULEVARD,,99998,41.67669167,-71.16269167,0,19,0,0,1,1,0,5,1,1,0,1,0,0000000,8,59,9,2,9,27,0,0,0,1,0
25,250351,1,1,0,0,0,1,1,11,864,7,12,2012,6,13,20,0,3,2,US-202,,99998,77.77770000,777.77770000,0,24,0,0,1,1,0,2,1,10,0,10,0,0000000,99,99,99,99,88,88,0,0,0,1,0
25,250352,2,2,0,0,0,2,2,27,1520,13,2,2012,2,6,35,0,14,3,SR-12,WEST MOUNTAIN STREET,99998,42.32422222,-71.79410278,0,12,6,0,3,2,0,1,1,10,0,10,0,0000000,6,35,6,46,7,17,0,0,0,1,0
25,250353,1,1,0,1,1,1,1,21,1063,9,1,2012,2,16,46,0,12,3,SR-28,WEST STREET,99998,42.19595833,-71.06091944,0,8,0,0,3,3,0,1,3,1,0,1,0,0000000,16,46,16,48,17,17,0,0,0,1,0
25,250354,2,2,0,0,0,3,3,27,610,15,5,2012,3,16,25,0,16,8,WASHINGTON STREET,STEARNS AVENUE,99998,42.53335278,-71.76418889,0,12,6,0,2,3,0,1,1,1,0,1,0,0000000,99,99,99,99,99,99,0,0,0,1,0
25,250355,1,1,0,0,0,1,1,17,520,10,2,2012,6,14,16,0,16,8,WEDGEWOOD DRIVE,,99998,42.25634722,-71.54653611,0,39,0,0,98,8,0,98,1,98,0,98,8,0000000,88,88,88,88,88,88,99,99,99,1,0