STATE,ST_CASE,VE_TOTAL,VE_FORMS,PVH_INVL,PEDS,PERNOTMVIT,PERMVIT,PERSONS,COUNTY,CITY,DAY,MONTH,YEAR,DAY_WEEK,HOUR,MINUTE,NHS,ROAD_FNC,ROUTE,TWAY_ID,TWAY_ID2,MILEPT,LATITUDE,LONGITUD,SP_JUR,HARM_EV,MAN_COLL,RELJCT1,RELJCT2,TYP_INT,WRK_ZONE,REL_ROAD,LGT_COND,WEATHER1,WEATHER2,WEATHER,SCH_BUS,RAIL,NOT_HOUR,NOT_MIN,ARR_HOUR,ARR_MIN,HOSP_HR,HOSP_MN,CF1,CF2,CF3,FATALS,DRUNK_DR
25,250356,1,1,0,2,2,1,1,17,60,23,11,2012,6,17,9,0,16,8,WASHINGTON STREET,NEWTON STREET,99998,42.56375,-71.58641389,0,8,0,0,3,3,0,1,3,1,0,1,0,0000000,17,9,17,10,17,38,0,0,0,1,0
25,250357,1,1,0,1,1,1,1,9,1110,24,12,2012,2,8,39,1,12,3,SR-114,OSBORNE STREET,99998,42.52874444,-70.90225278,0,8,0,0,3,3,0,1,1,1,0,1,0,0000000,8,38,8,44,9,14,0,0,0,1,0
25,250358,2,2,0,0,0,2,2,5,1441,28,6,2012,5,12,54,1,11,1,I-195 EAST,,99998,77.77770000,777.77770000,0,12,1,0,1,1,1,1,1,1,0,1,0,0000000,13,1,13,5,13,37,0,0,0,1,0
25,250359,1,1,0,0,0,1,1,25,120,13,7,2012,6,23,57,0,16,8,MONTVIEW STREET,PARK STREET,99998,42.28770556,-71.15953333,0,99,98,0,3,2,0,98,8,1,0,1,0,0000000,23,58,0,3,0,35,0,0,0,1,0
25,250360,1,1,0,0,0,1,1,25,120,24,6,2012,1,3,0,0,16,8,AMERICAN LEGION HIGHWAY,WALK HILL STREET,99998,42.28829167,-71.10611389,0,33,0,0,3,2,0,4,3,1,0,1,0,0000000,3,1,3,3,88,88,0,0,0,1,0
25,250361,1,1,0,0,0,1,1,25,120,9,10,2012,3,9,47,0,16,8,AMERICAN LEGION HIGHWAY,WALK HILL STREET,99998,42.28765556,-71.10731389,0,33,0,0,2,2,0,4,1,1,0,1,0,0000000,9,49,9,56,10,18,0,0,0,1,0
25,250362,2,2,0,0,0,3,3,5,251,27,10,2012,7,16,27,1,12,2,US-6,HIGHLAND AVENUE,99998,41.64125278,-71.04920278,0,33,0,0,3,4,0,3,1,1,0,1,0,0000000,99,99,99,99,99,99,14,0,0,1,0
25,250363,1,1,0,0,0,1,1,5,251,29,10,2012,2,16,8,0,16,8,OLD FALL RIVER ROAD,,99998,41.682575,-71.02784444,0,42,0,0,1,1,0,4,1,2,6,2,0,0000000,99,99,99,99,99,99,0,0,0,1,0
25,250364,2,2,0,1,1,2,2,13,1270,12,5,2012,7,21,44,1,1,1,I-91,,99998,42.086975,-72.58070833,0,8,0,8,5,1,0,1,3,1,0,1,0,0000000,99,99,99,99,99,99,0,0,0,1,0
25,250365,1,1,0,0,0,2,2,1,75,26,8,2012,1,11,43,1,14,3,SR-6A MAIN STREET,PILOTS WAY,99998,41.69759444,-70.33652778,0,42,0,0,3,3,0,5,1,1,0,1,0,0000000,11,44,11,49,12,21,0,0,0,1,0
25,250366,1,1,0,0,0,1,1,9,675,12,10,2012,6,7,52,0,16,8,WEST SHORE DRIVE,CORNELL ROAD,99998,42.497475,-70.87437778,0,5,0,0,3,8,0,98,1,98,0,98,0,0000000,7,53,7,57,88,88,0,0,0,1,0
25,250367,1,1,0,1,1,1,1,13,1430,26,7,2012,5,7,26,0,16,8,PONTOOSIC ROAD,,99998,42.09669444,-72.71142778,0,8,0,0,1,1,1,1,1,10,0,10,0,0000000,99,99,99,99,99,99,0,0,0,1,0
25,250368,1,1,0,1,1,1,1,25,120,17,5,2012,5,21,29,0,16,8,COMMERCIAL STREET,,99998,42.36854444,-71.05498333,0,9,0,0,1,1,0,1,3,1,0,1,0,0000000,21,32,21,36,21,49,0,0,0,1,0
25,250369,1,1,0,1,1,1,1,17,720,28,12,2012,6,7,45,0,12,3,SR-60,HILLSIDE AVENUE,99998,42.41995,-71.11373611,0,8,0,0,1,1,0,1,1,1,0,1,0,0000000,99,99,99,99,99,99,0,0,0,1,0
25,250370,1,1,0,0,0,2,2,5,1185,18,6,2012,2,1,22,0,16,8,LEES RIVER AVENUE,,9990,41.73565,-71.184425,0,1,0,0,1,1,0,4,3,1,0,1,0,0000000,99,99,99,99,99,99,0,0,0,1,1
25,250371,2,2,0,0,0,2,2,21,1063,17,11,2012,7,23,22,0,16,8,NORTH STREET,TRUMAN DRIVE,99998,42.16889167,-71.25390556,9,12,99,0,3,1,0,98,9,99,0,99,8,0000000,99,99,99,99,99,99,99,99,99,1,0
25,250373,1,1,0,1,1,1,1,25,120,5,9,2012,4,21,33,0,16,8,BRADSHAW STREET,GLENWAY STREET,99998,42.29961667,-71.08176389,0,8,0,0,3,3,0,98,8,98,0,98,8,0000000,99,99,99,99,99,99,99,99,99,1,0
25,250374,2,2,0,0,0,3,3,13,210,2,10,2012,3,14,57,0,12,3,SR-33,MEMORIAL DRIVE,99998,42.19825833,-72.573925,0,24,0,0,3,2,0,2,1,1,0,1,0,0000000,99,99,99,99,99,99,0,0,0,1,1
26,260001,1,1,0,0,0,1,1,25,0,1,1,2012,1,0,41,0,6,4,CR-29 1/2 MILE RD,,16,42.37746111,-84.73303611,0,42,0,0,1,1,0,4,2,10,0,10,0,0000000,0,45,0,56,88,88,0,0,0,1,1
26,260002,1,1,0,0,0,2,2,35,0,1,1,2012,1,19,8,1,2,2,US-127,,187,44.07261667,-84.78871667,0,1,0,0,1,1,0,4,2,4,11,4,0,0000000,19,10,19,25,99,99,0,0,0,1,0
26,260003,1,1,0,0,0,3,3,77,0,1,1,2012,1,19,15,0,14,4,CR-W Q AVE,,35,42.20102222,-85.69910833,0,1,0,0,1,1,0,4,3,4,11,4,0,0000000,19,21,19,34,99,99,0,0,0,1,0
26,260004,1,1,0,1,1,1,1,147,4060,1,1,2012,1,17,59,0,14,6,24TH ST,,18,42.96790833,-82.4524,0,8,0,0,1,1,0,1,2,1,0,1,0,0000000,18,0,18,3,88,88,0,0,0,1,0
26,260005,1,1,0,0,0,1,1,87,0,1,1,2012,1,10,53,0,4,4,CR-MARATHON RD,,6,43.10991389,-83.40504722,0,42,0,0,1,1,0,4,1,10,0,10,0,0000000,11,2,11,8,88,88,0,0,0,1,1
26,260006,1,1,0,0,0,3,3,49,1730,1,1,2012,1,16,46,0,14,6,E HAMILTON AVE,,14,43.03553333,-83.69411389,0,30,0,0,1,1,0,4,1,10,0,10,0,0000000,99,99,99,99,99,99,0,0,0,1,1
26,260007,1,1,0,0,0,1,1,93,0,3,1,2012,3,13,0,0,16,4,CR-CROUSE RD,,3,42.65524444,-83.77261389,0,42,0,0,1,1,0,4,1,1,0,1,0,0000000,13,14,13,18,88,88,22,0,0,1,0
26,260008,2,2,0,0,0,2,2,163,4571,4,1,2012,4,17,35,1,13,6,EUREKA RD,MAYWOOD ST,95,42.19881389,-83.22138611,0,12,6,0,2,3,0,1,3,1,0,1,0,0000000,17,35,17,40,99,99,0,0,0,1,0
26,260009,1,1,0,1,1,1,1,163,1260,6,1,2012,6,3,12,1,11,1,I-96,,40,42.34338889,-83.09470556,0,8,0,0,1,1,0,1,3,1,0,1,0,0000000,3,12,3,21,99,99,0,0,0,1,0
26,260010,2,2,0,0,0,3,3,9,0,7,1,2012,7,17,1,0,3,3,SR-66,OLD STATE RD,106,45.06039722,-85.07782778,0,12,6,0,2,2,0,1,2,10,0,10,0,0000000,17,3,17,14,99,99,0,0,0,1,0
26,260011,1,1,0,0,0,1,1,69,0,8,1,2012,1,3,30,0,3,3,SR-65,,91,44.29376111,-83.80369444,0,53,0,0,1,1,0,4,2,10,0,10,0,0000000,7,58,8,6,88,88,0,0,0,1,1
26,260012,2,2,0,0,0,4,4,163,1260,8,1,2012,1,18,15,0,13,3,SR-97,,22,42.43906111,-83.00485,0,12,2,0,1,1,0,1,3,1,0,1,0,0000000,99,99,99,99,99,99,0,0,0,2,1
26,260014,2,2,0,0,0,3,3,163,1260,1,1,2012,1,15,20,1,13,3,SR-102,FORMAN MILLS ACCESS,30,42.44818333,-83.02374167,0,33,0,0,1,1,0,4,1,10,0,10,0,0000000,99,99,99,99,99,99,0,0,0,2,0
26,260015,1,1,0,0,0,2,2,163,1260,3,1,2012,3,14,50,0,14,6,PURITAN AVE,,36,42.40973611,-83.158,0,33,0,0,1,1,0,4,1,10,0,10,0,0000000,99,99,99,99,99,99,0,0,0,1,0
26,260016,2,2,0,1,1,2,2,163,1260,5,1,2012,5,23,10,0,13,6,MCNICHOLS,,165,42.41537778,-83.2281,0,8,0,0,1,1,0,1,2,1,0,1,0,0000000,99,99,99,99,99,99,0,0,0,1,1
26,260017,1,1,0,1,1,1,1,163,1260,6,1,2012,6,21,45,0,15,6,EDSEL FORD,,23,42.33207778,-83.13822778,0,8,0,0,1,1,0,1,2,1,0,1,0,0000000,99,99,99,99,88,88,0,0,0,1,0
26,260018,2,2,0,0,0,2,2,67,0,11,1,2012,4,7,16,0,3,3,SR-66,GRAND RIVER AVE,80,42.88611667,-85.07499722,0,12,6,0,2,2,0,1,2,1,0,1,0,0000000,7,17,7,22,99,99,0,0,0,1,0
26,260019,2,2,0,0,0,4,4,137,0,12,1,2012,5,17,50,0,4,4,CR-OLD 27,,54,45.09657778,-84.66566111,0,12,6,0,1,1,0,1,2,4,11,4,0,0000000,17,55,18,4,99,99,0,0,0,1,0
26,260020,2,2,0,0,0,2,2,65,2700,28,1,2012,7,8,35,1,13,3,SR-GRAND RIVER AVE,,4,42.76770556,-84.59409167,0,12,6,0,8,1,0,1,1,4,11,4,0,0000000,8,35,8,40,99,99,0,0,0,1,0
26,260021,1,1,0,0,0,1,1,65,2700,14,1,2012,7,6,6,1,13,3,SR-S CEDAR ST,,109,42.72935833,-84.54564722,0,42,0,0,1,1,0,4,2,4,11,4,0,0000000,6,6,6,10,99,99,0,0,0,1,1
26,260022,2,2,0,0,0,4,4,33,1178,14,1,2012,7,19,5,0,14,4,CR-W 6 MILE RD,S MACKINAC TRL,307,46.41936944,-84.38725,0,12,6,0,2,2,0,1,2,1,0,1,0,0000000,19,11,19,20,99,99,0,0,0,1,0
26,260023,1,1,0,0,0,1,1,55,0,13,1,2012,6,13,19,0,6,4,CR-MAYFIELD RD,,2,44.63130833,-85.51768333,0,42,0,0,1,1,0,4,1,4,11,4,0,0000000,13,22,13,38,99,99,22,0,0,1,0
26,260024,1,1,0,0,0,1,1,81,0,13,1,2012,6,15,17,0,14,4,CR-CASCADE RD SE,,21,42.94905556,-85.57206667,0,42,0,0,1,1,0,4,1,10,0,10,0,0000000,15,17,99,99,99,99,0,0,0,1,0
26,260025,1,1,0,0,0,1,1,157,0,9,1,2012,2,16,7,0,6,4,CR-CENTER RD,,17,43.25923611,-83.41196944,0,42,0,0,1,1,0,4,1,1,0,1,0,0000000,16,7,16,25,88,88,22,0,0,1,1
26,260026,1,1,0,0,0,1,1,157,0,18,1,2012,4,6,20,0,5,4,CR-COLWOOD RD,,49,43.58148333,-83.3509,0,31,0,0,1,1,0,4,2,4,11,4,0,0000000,16,38,16,54,88,88,22,0,0,1,0
26,260027,1,1,0,1,1,1,1,163,2850,1,1,2012,1,6,54,0,13,6,WAYNE RD,PINETREE,121,42.36263056,-83.38663889,0,8,0,0,2,3,0,1,3,2,0,2,0,0000000,6,54,7,0,99,99,0,0,0,1,0
26,260028,1,1,0,0,0,1,1,163,2850,19,1,2012,5,14,17,0,15,6,SCHOOLCRAFT,,53,42.38271944,-83.34785278,0,30,0,0,1,1,0,4,1,1,0,1,0,0000000,14,20,14,23,88,88,0,0,0,1,0
26,260029,1,1,0,0,0,1,1,53,0,19,1,2012,5,16,0,0,6,4,CR-OLD US 2,,63,46.27876389,-89.31171944,0,5,0,0,1,1,0,1,1,10,0,10,0,0000000,99,99,99,99,88,88,22,0,0,1,1
26,260030,2,2,0,0,0,2,2,77,2520,4,1,2012,4,22,46,0,14,6,KILGORE RD,,30,42.24620278,-85.55551667,0,12,2,0,1,1,0,1,3,10,0,10,0,0000000,99,99,99,99,99,99,0,0,0,1,0
26,260031,2,2,0,0,0,3,3,125,3712,19,1,2012,5,10,49,0,14,4,CR-BALDWIN RD,,22,42.71604167,-83.307225,0,12,6,0,1,1,0,2,1,4,11,4,0,0000000,10,50,10,52,99,99,0,0,0,1,0
26,260032,1,1,0,1,1,1,1,115,0,17,1,2012,3,20,56,0,16,4,CR-JACKMAN RD,,30,41.77967778,-83.58778333,0,8,0,0,1,1,0,1,2,10,0,10,0,0000000,20,57,21,3,88,88,0,0,0,1,0
26,260033,1,1,0,0,0,1,1,33,325,20,1,2012,6,15,15,0,6,4,CR-EAST WEST RD,,44,46.48041111,-85.23450278,0,42,0,0,1,1,0,4,1,1,0,1,0,0000000,15,21,15,45,88,88,0,0,0,1,0
26,260034,1,1,0,0,0,3,3,99,1009,21,1,2012,7,19,28,1,13,3,SR-3,,75,42.54781667,-82.90340833,0,30,0,0,1,1,0,4,3,10,0,10,0,0000000,19,30,19,34,99,99,0,0,0,1,0
26,260035,1,1,0,0,0,2,2,117,0,23,1,2012,2,12,40,0,6,4,CR-YOUNGMAN RD,,55,43.41685,-85.28310833,0,42,0,0,1,1,0,4,1,2,0,2,0,0000000,99,99,99,99,99,99,22,0,0,1,0
26,260036,2,2,0,0,0,4,4,99,4521,11,1,2012,4,10,42,0,14,4,CR-24 MILE RD,DEQUINDRE,0,42.68251111,-83.09414722,0,12,2,0,2,2,0,1,1,10,0,10,0,0000000,10,43,10,45,99,99,0,0,0,1,0
26,260037,1,1,0,0,0,1,1,75,0,24,1,2012,3,15,5,0,6,4,CR-PATCH RD,,8,42.08391944,-84.43626111,0,42,0,0,1,1,0,4,1,10,0,10,0,0000000,99,99,15,10,88,88,22,0,0,1,0
26,260038,1,1,0,0,0,2,2,157,0,28,1,2012,7,18,53,0,6,4,CR-GREENLAND RD,,21,43.60391667,-83.11518056,0,34,0,0,1,1,0,4,2,10,0,10,0,0000000,18,55,19,2,99,99,22,0,0,1,0
26,260039,1,1,0,1,1,1,1,125,4905,28,1,2012,7,18,8,0,14,6,COOLIDGE HWY,,12,42.557075,-83.18683611,0,8,0,0,1,1,0,1,3,4,11,4,0,0000000,18,8,18,12,99,99,0,0,0,1,0
26,260040,1,1,0,1,1,4,4,121,3460,17,1,2012,3,7,5,0,14,6,PECK ST,SUMMIT AVE,5,43.19796667,-86.24478889,0,8,0,0,3,2,0,1,3,10,0,10,0,0000000,99,99,99,99,99,99,0,0,0,1,0
26,260041,2,2,0,0,0,3,3,163,1260,22,1,2012,1,14,55,0,14,6,LAHSER RD,OUTER DR,11,42.39766944,-83.25661667,0,12,6,0,2,2,0,1,1,1,0,1,0,0000000,99,99,99,99,99,99,0,0,0,1,1
26,260042,1,1,0,0,0,2,2,163,1260,25,1,2012,4,0,25,0,13,6,7 MILE,,178,42.43281111,-83.08532778,0,5,0,0,1,1,0,1,3,1,0,1,0,0000000,99,99,99,99,88,88,0,0,0,1,1
26,260043,1,1,0,0,0,2,2,163,1260,29,1,2012,1,6,50,1,13,6,W WARREN AVE,TRUMBULL AVE,0,42.352325,-83.07865278,0,33,0,0,3,3,0,3,3,10,0,10,0,0000000,99,99,99,99,99,99,0,0,0,1,0
26,260044,1,1,0,0,0,1,1,163,1260,30,1,2012,2,4,55,0,15,6,CHARLES AVE,,6,42.41180556,-83.046425,0,30,0,0,1,1,0,4,3,4,11,4,0,0000000,99,99,99,99,99,99,0,0,0,1,0
26,260045,2,2,0,0,0,3,3,45,0,7,1,2012,7,20,18,1,13,3,SR-43 W SAGINAW HWY,MALL DR,216,42.74103889,-84.63232222,0,12,6,0,2,2,0,1,3,1,0,1,0,0000000,20,19,20,22,99,99,0,0,0,1,1
26,260046,1,1,0,0,0,1,1,75,2500,31,1,2012,3,4,8,0,15,6,W MONROE ST,,9,42.26506944,-84.40966111,0,59,0,0,1,1,0,4,3,10,0,10,0,0000000,4,12,4,17,88,88,0,0,0,1,1
26,260047,1,1,0,1,1,1,1,163,1260,9,1,2012,2,19,15,1,11,1,I-75,,62,42.40852778,-83.079075,0,8,0,0,1,1,0,1,2,1,0,1,0,0000000,19,15,19,20,99,99,0,0,0,1,0
26,260048,2,2,0,0,0,2,2,149,0,30,1,2012,2,17,15,0,6,4,CR-CONSTANTINE RD,,87,41.89145833,-85.63887222,0,12,2,0,1,1,0,1,1,1,0,1,0,0000000,99,99,99,99,99,99,0,0,0,1,1
26,260049,2,2,0,0,0,2,2,39,0,22,1,2012,1,11,55,9,99,9,LOGGING RD,,0,88.88880000,888.88880000,0,12,2,0,1,1,0,1,1,1,0,1,0,0000000,11,55,12,17,88,88,0,0,0,1,0
26,260050,2,2,0,0,0,2,2,125,0,23,1,2012,2,18,41,0,13,3,SR-15 ORTONVILLE RD,CRANBERRY LAKE RD,23,42.754475,-83.41990833,0,12,1,0,3,2,0,1,3,1,0,1,0,0000000,18,41,18,48,99,99,0,0,0,1,0
26,260051,2,2,0,0,0,3,3,157,0,27,1,2012,6,11,44,0,4,4,CR-CEMETERY RD,,156,43.63852222,-83.17574444,0,12,6,0,1,1,0,1,1,10,0,10,0,0000000,99,99,99,99,99,99,22,0,0,1,0
26,260052,1,1,0,0,0,1,1,125,0,21,1,2012,7,14,57,0,15,4,CR-PONTIAC LAKE RD,,21,42.66595,-83.48153333,0,16,0,0,1,1,0,1,1,1,0,1,0,0000000,99,99,99,99,99,99,0,0,0,1,0
26,260053,1,1,0,2,2,2,2,125,4567,16,1,2012,2,22,10,1,13,3,SR-102 8 MILE RD,LAHSER RD,32,42.443575,-83.25891944,0,8,0,0,3,2,0,1,3,2,0,2,0,0000000,99,99,99,99,99,99,0,0,0,1,1
26,260054,1,1,0,1,1,1,1,163,4166,1,2,2012,4,6,46,1,13,2,US-24,S PLYMOUTH RD,1,42.37135833,-83.27584444,0,8,0,0,3,2,0,1,3,1,0,1,0,0000000,6,47,6,48,88,88,0,0,0,1,0
26,260055,1,1,0,1,1,1,1,17,2543,2,2,2012,5,18,55,0,14,3,SR-13,,122,43.70331944,-83.96856944,0,8,0,0,1,1,0,1,2,1,0,1,0,0000000,18,57,19,7,88,88,0,0,0,1,0
26,260056,2,2,0,0,0,3,3,139,0,3,2,2012,6,7,59,1,2,2,US-31,PORT SHELDON RD,85,42.884925,-86.12329722,0,12,1,0,3,2,0,1,4,10,0,10,0,0000000,8,1,8,2,88,88,0,0,0,1,0
26,260057,1,1,0,1,1,1,1,163,0,2,2,2012,5,21,38,0,14,4,CR-7 MILE RD,,1,42.42418889,-83.47132222,0,8,0,0,1,1,0,1,2,1,0,1,0,0000000,21,40,21,43,99,99,0,0,0,1,0
26,260058,2,2,0,0,0,2,2,77,3727,4,2,2012,7,0,1,0,4,4,CR-K L AVE,,38,42.2813,-85.69216667,0,12,1,0,1,1,0,1,2,10,0,10,0,0000000,0,2,0,13,99,99,0,0,0,1,1
26,260059,1,1,0,0,0,3,3,103,0,4,2,2012,7,3,0,0,4,4,CR-550,,251,46.81000833,-87.72842222,0,48,0,0,1,1,0,4,6,1,0,1,0,0000000,3,10,3,20,99,99,0,0,0,1,1
26,260060,1,1,0,2,2,5,5,115,0,4,2,2012,7,20,50,1,2,2,US-24,,252,42.0501,-83.32488056,0,8,0,0,1,1,0,1,2,1,0,1,0,0000000,20,53,20,59,99,99,0,0,0,1,0
26,260061,1,1,0,1,1,1,1,125,1081,4,2,2012,7,21,42,0,15,4,CR-CARROLL LAKE RD,,9,42.60503889,-83.48186389,0,8,0,0,1,1,0,1,2,1,0,1,0,0000000,21,45,21,50,88,88,0,0,0,1,0
26,260062,1,1,0,1,1,1,1,143,0,4,2,2012,7,17,18,0,14,3,SR-55,,113,44.30006111,-84.64971111,0,8,0,0,1,1,0,1,1,1,0,1,0,0000000,17,19,17,21,99,99,0,0,0,1,0
26,260063,1,1,0,0,0,1,1,89,0,5,2,2012,1,3,3,0,6,4,CR-S LAUTNER RD,,9,44.78773333,-85.73719722,0,42,0,0,1,1,0,4,2,10,0,10,0,0000000,3,4,3,17,99,99,22,0,0,1,1
26,260064,2,2,0,0,0,4,4,147,4060,7,2,2012,3,15,53,0,16,6,BEARD ST,16TH ST,7,42.95816667,-82.44208889,0,12,6,0,2,2,0,1,1,10,0,10,0,0000000,15,53,15,56,99,99,0,0,0,1,1
26,260065,2,2,0,0,0,2,2,9,0,10,2,2012,6,9,17,1,2,3,SR-32,,0,45.07608889,-84.89788889,0,12,6,0,1,1,0,1,1,4,0,4,0,0000000,9,18,9,42,88,88,0,0,0,1,0
26,260066,1,1,0,0,0,1,1,65,0,5,2,2012,1,13,39,0,15,4,CR- W WILLOW ST,,1,42.74832778,-84.60071389,0,33,0,0,1,1,0,4,1,10,0,10,0,0000000,13,39,99,99,99,99,0,0,0,1,1
26,260067,2,2,0,0,0,3,3,125,0,9,2,2012,5,7,33,1,13,2,US-24 DIXIE HWY,BIG LAKE RD,6,42.73591111,-83.44793333,0,12,6,0,2,3,0,1,1,1,0,1,1,0000000,7,35,7,40,99,99,0,0,0,1,0
26,260068,1,1,0,0,0,1,1,81,5319,10,2,2012,6,13,35,0,14,6,BYRON CENTER AVE SW,,83,42.88847778,-85.724275,0,33,0,0,1,1,0,5,1,4,11,4,0,0000000,13,36,99,99,88,88,0,0,0,1,0
26,260069,1,1,0,0,0,1,1,163,1260,11,2,2012,7,20,53,1,11,1,I-75 RAMP 033C,,0,42.31555,-83.086525,0,33,0,1,5,1,0,4,3,10,0,10,0,0000000,99,99,99,99,99,99,0,0,0,1,1
26,260070,1,1,0,0,0,4,4,163,4166,12,2,2012,1,2,35,1,13,2,US-24 TELEGRAPH RD,,126,42.37133889,-83.27585278,0,30,0,0,1,1,0,4,3,10,0,10,0,0000000,99,99,99,99,99,99,0,0,0,1,0
26,260071,2,2,0,0,0,2,2,81,0,13,2,2012,2,18,45,0,14,3,SR-37,,137,43.16816944,-85.72320556,0,12,2,0,1,1,0,1,2,1,0,1,0,0000000,99,99,99,99,88,88,0,0,0,2,0
26,260072,3,1,2,1,1,1,1,163,1260,10,2,2012,6,13,40,1,11,1,I-75,,239,42.34003056,-83.05278889,0,14,0,0,1,1,0,2,1,4,0,4,0,0000000,13,40,14,5,99,99,23,0,0,1,0
26,260073,1,1,0,0,0,3,3,107,0,14,2,2012,3,9,30,0,3,4,CR-16 MILE RD,,79,43.698725,-85.31600556,0,42,0,0,1,1,0,4,1,10,0,10,0,0000000,9,35,9,59,99,99,0,0,0,1,0
26,260074,2,2,0,0,0,2,2,163,738,11,2,2012,7,11,16,1,11,1,I-275,,144,42.27994444,-83.44175556,0,23,0,0,1,1,0,4,1,1,0,1,0,0000000,11,17,11,26,99,99,0,0,0,1,0
26,260075,1,1,0,0,0,1,1,45,0,16,2,2012,5,21,11,0,15,4,CR-MILLETT HWY,,1,42.69753611,-84.63018889,0,10,0,0,6,1,0,1,3,1,0,1,0,283634C,99,99,99,99,88,88,0,0,0,1,0
26,260076,1,1,0,0,0,1,1,157,0,17,2,2012,6,2,30,0,6,4,CR-BUELL RD,,25,43.2881,-83.622525,0,53,0,0,1,1,0,4,2,10,0,10,0,0000000,3,56,4,9,88,88,22,0,0,1,1
26,260077,1,1,0,0,0,2,2,17,0,19,2,2012,1,0,25,0,4,4,CR-KNIGHT RD,,41,43.53764722,-83.79806111,0,35,0,0,1,1,0,4,3,10,0,10,0,0000000,0,32,0,41,88,88,22,0,0,2,1
26,260078,2,2,0,0,0,2,2,165,0,17,2,2012,6,8,42,1,2,3,SR-115,,307,44.21109444,-85.42136111,0,12,6,0,4,1,0,1,1,1,0,1,0,0000000,8,48,8,56,99,99,0,0,0,1,0
26,260079,2,2,0,0,0,2,2,77,0,19,2,2012,1,17,40,0,3,4,CR-E D AVE,,111,42.37633611,-85.55646944,0,12,2,0,1,1,0,1,5,1,0,1,0,0000000,17,45,17,51,99,99,0,0,0,1,1
26,260080,2,2,0,0,0,2,2,25,310,9,2,2012,5,13,5,0,14,6,SW CAPITAL AVE,,10,42.24703333,-85.19850833,0,12,2,0,1,1,0,1,1,1,0,1,0,0000000,13,6,13,12,99,99,0,0,0,1,0
26,260081,1,1,0,1,1,1,1,21,0,21,2,2012,3,6,42,0,13,2,US-12,3RD ST,244,41.80114722,-86.25435,0,8,0,0,3,2,0,1,2,10,0,10,0,0000000,6,45,6,50,88,88,0,0,0,1,0
26,260082,2,2,0,0,0,3,3,81,0,8,2,2012,4,15,10,0,15,5,68TH ST,,106,42.84104167,-85.49499722,0,12,2,0,1,1,0,1,1,4,0,4,0,0000000,15,13,15,18,99,99,0,0,0,1,0
26,260083,2,2,0,0,0,2,2,145,0,21,2,2012,3,13,49,0,4,4,CR-SWAN CREEK,,149,43.37946389,-84.07667778,0,12,2,0,1,1,0,1,1,10,0,10,0,0000000,13,49,13,53,99,99,22,0,0,1,1
26,260084,1,1,0,1,1,1,1,105,0,12,2,2012,1,5,41,9,13,2,US-10,,23,43.95566944,-86.40513333,0,8,0,0,1,1,0,1,2,10,0,10,0,0000000,5,42,5,50,88,88,0,0,0,1,0
26,260085,2,2,0,0,0,2,2,149,0,22,2,2012,4,8,19,1,2,2,US-12,,123,41.79319167,-85.52492778,0,12,2,0,1,1,0,1,1,4,11,4,0,0000000,8,21,8,25,99,99,0,0,0,1,0
26,260086,2,2,0,0,0,2,2,139,2290,23,2,2012,5,1,39,0,14,6,17TH,PINE AVE,11,42.78209444,-86.11198611,0,12,6,0,2,2,0,1,3,10,0,10,0,0000000,1,40,1,44,99,99,0,0,0,1,1
26,260087,1,1,0,0,0,2,2,125,5113,13,2,2012,2,0,8,0,13,6,COOLEY LAKE RD,,34,42.63238056,-83.39359167,0,34,0,0,1,1,0,4,3,1,0,1,0,0000000,0,12,0,17,99,99,0,0,0,1,1
26,260088,2,2,0,0,0,2,2,125,3632,12,2,2012,1,8,50,0,16,6,ROCHESTER RD,,171,42.742725,-83.13621667,0,12,6,0,1,1,0,1,1,4,0,4,0,0000000,8,52,8,57,99,99,22,0,0,1,0
26,260089,1,1,0,1,1,1,1,163,1260,4,2,2012,7,1,10,0,14,6,DICKERSON ST,,24,42.40134167,-82.9729,0,8,0,0,1,1,0,1,2,1,0,1,0,0000000,99,99,99,99,99,99,0,0,0,1,0
26,260090,1,1,0,0,0,1,1,49,195,12,2,2012,1,11,39,0,4,5,PERRY RD,,57,42.93996944,-83.51930833,0,53,0,0,1,1,0,4,1,10,0,10,0,0000000,99,99,99,99,88,88,22,0,0,1,0
26,260091,2,2,0,0,0,3,3,15,0,24,2,2012,6,4,28,0,3,3,SR-37,,19,42.44816944,-85.24221667,0,12,6,0,1,1,0,1,2,4,11,4,0,0000000,4,31,4,46,99,99,0,0,0,1,0
26,260092,2,2,0,1,1,5,5,163,1260,24,2,2012,6,20,25,0,13,6,LINWOOD RD,STURTEVANT ST,25,42.38774722,-83.11845556,0,8,0,0,2,2,0,1,2,10,0,10,0,0000000,99,99,99,99,88,88,0,0,0,1,0
26,260093,1,1,0,0,0,2,2,81,0,24,2,2012,6,1,10,0,4,5,18 MILE RD,,9,43.23415556,-85.78099444,0,53,0,0,1,1,0,4,2,4,0,4,0,0000000,1,10,1,14,99,99,22,0,0,1,1
26,260094,2,2,0,0,0,2,2,159,0,24,2,2012,6,6,8,0,3,3,SR-51,,129,42.16742778,-85.96544167,0,12,6,0,1,1,0,1,2,4,0,4,0,0000000,99,99,99,99,99,99,22,0,0,1,0