STATE,ST_CASE,VE_TOTAL,VE_FORMS,PVH_INVL,PEDS,PERNOTMVIT,PERMVIT,PERSONS,COUNTY,CITY,DAY,MONTH,YEAR,DAY_WEEK,HOUR,MINUTE,NHS,ROAD_FNC,ROUTE,TWAY_ID,TWAY_ID2,MILEPT,LATITUDE,LONGITUD,SP_JUR,HARM_EV,MAN_COLL,RELJCT1,RELJCT2,TYP_INT,WRK_ZONE,REL_ROAD,LGT_COND,WEATHER1,WEATHER2,WEATHER,SCH_BUS,RAIL,NOT_HOUR,NOT_MIN,ARR_HOUR,ARR_MIN,HOSP_HR,HOSP_MN,CF1,CF2,CF3,FATALS,DRUNK_DR
26,260095,2,2,0,0,0,2,2,41,1590,27,2,2012,2,14,19,0,15,6,14TH ST,2ND AVE,14,45.74801944,-87.06708889,0,12,6,0,2,2,0,1,1,1,0,1,1,0000000,14,20,14,25,99,99,0,0,0,1,0
26,260096,1,1,0,0,0,1,1,81,5319,22,2,2012,4,23,0,1,11,1,I-196,,51,42.93250556,-85.73181111,0,42,0,0,1,1,0,4,2,4,0,4,0,0000000,99,99,99,99,88,88,0,0,0,1,0
26,260098,2,2,0,0,0,18,18,81,0,26,2,2012,1,18,0,1,1,1,I-96,,264,42.87848056,-85.39070278,0,7,0,0,1,1,0,1,1,1,0,1,0,0000000,18,0,99,99,99,99,0,0,0,1,0
26,260099,3,3,0,0,0,4,4,117,2350,26,2,2012,1,9,23,0,4,6,S ENSLEY ST,S WALNUT ST,71,43.39148056,-85.47150556,0,12,1,0,3,3,0,1,1,1,0,1,0,0000000,9,25,9,30,99,99,0,0,0,1,1
26,260100,2,2,0,1,1,2,2,125,4020,29,2,2012,4,15,30,1,13,3,SR-24,,31,42.62476667,-83.32518611,0,8,0,0,1,1,0,1,1,5,0,5,0,0000000,15,33,15,40,88,88,14,0,0,1,0
26,260101,2,2,0,0,0,3,3,115,1586,26,2,2012,1,4,6,0,3,3,SR-125 DIXIE HWY,,52,41.80005556,-83.49346111,0,12,2,0,1,1,0,1,3,10,0,10,0,0000000,4,8,4,18,99,99,0,0,0,2,1
26,260102,1,1,0,2,2,1,1,163,1260,17,2,2012,6,23,10,0,13,6,7 MILE,,117,42.43035278,-83.203875,0,8,0,0,1,1,0,1,3,1,0,1,0,0000000,99,99,99,99,99,99,0,0,0,1,0
26,260103,2,2,0,0,0,2,2,115,1586,29,2,2012,4,13,52,0,3,3,SR-125,LAKESIDE RD,103,41.80946111,-83.49923611,0,12,6,0,2,2,0,1,1,5,0,5,0,0000000,13,55,14,8,88,88,0,0,0,1,0
26,260104,4,4,0,0,0,6,6,93,0,24,2,2012,6,8,30,0,13,4,CR-GRAND RIVER AVE,,178,42.57513056,-83.83722778,0,12,7,0,1,1,0,1,1,10,0,10,0,0000000,99,99,99,99,99,99,0,0,0,1,0
26,260105,1,1,0,0,0,1,1,133,0,24,2,2012,6,16,15,0,6,5,220TH AVE,,27,43.85478333,-85.52333889,0,42,0,0,1,1,0,4,1,1,0,1,0,0000000,99,99,99,99,88,88,0,0,0,1,0
26,260106,1,1,0,0,0,1,1,115,0,17,2,2012,6,0,41,0,4,5,SLVANIA PETERSBURG RD,,1,41.82267222,-83.70721111,0,34,0,0,1,1,0,4,2,10,0,10,0,0000000,0,52,1,5,88,88,0,0,0,1,1
26,260107,1,1,0,0,0,1,1,123,0,18,2,2012,7,12,46,0,4,5,BALDWIN AVE,,19,43.53783056,-85.88104167,0,42,0,0,1,1,0,4,1,10,0,10,0,0000000,99,99,99,99,99,99,22,0,0,1,0
26,260108,1,1,0,0,0,1,1,163,1260,25,2,2012,7,3,29,1,11,1,I-96,,9,42.36926667,-83.14346111,0,1,0,0,1,1,0,4,3,1,0,1,0,0000000,3,29,3,35,88,88,0,0,0,1,1
26,260109,2,2,0,0,0,3,3,67,0,24,2,2012,6,8,16,0,3,3,SR-50,,4,42.79886667,-85.30317222,0,12,6,0,1,1,0,1,1,4,0,4,0,0000000,99,99,99,99,99,99,22,0,0,1,0
26,260110,2,2,0,0,0,5,5,115,0,29,2,2012,4,15,0,0,3,4,CR-US TURNPIKE,,122,42.02387222,-83.22570833,0,12,6,0,1,1,0,1,1,5,0,5,0,0000000,15,7,15,19,99,99,0,0,0,2,0
26,260111,1,1,0,2,2,1,1,163,2120,12,2,2012,1,17,34,0,14,6,HOLBROOK ST,,16,42.39361111,-83.05603056,0,8,0,0,1,1,0,1,1,1,0,1,0,0000000,99,99,99,99,99,99,0,0,0,1,0
26,260112,2,1,1,0,0,2,2,163,1260,17,2,2012,6,15,20,0,16,6,KENSINGTON,,23,42.41038611,-82.93930556,0,14,0,0,1,1,0,7,1,10,0,10,0,0000000,99,99,99,99,99,99,0,0,0,1,0
26,260113,1,1,0,1,1,1,1,99,4731,3,3,2012,7,13,2,0,14,6,RYAN RD,,79,42.561675,-83.06980556,0,9,0,0,4,1,0,1,1,10,0,10,0,0000000,13,2,13,6,88,88,0,0,0,1,0
26,260114,2,2,0,0,0,2,2,117,0,3,3,2012,7,21,8,1,2,3,SR-46,,17,43.432075,-85.44519167,0,12,6,0,1,1,0,1,2,10,0,10,0,0000000,21,9,21,15,99,99,0,0,0,1,0
26,260115,2,2,0,0,0,3,3,159,0,4,3,2012,1,9,25,1,1,1,I-94,,89,42.19644722,-86.05206389,0,12,6,1,18,1,0,1,1,4,11,4,0,0000000,9,33,9,43,88,88,0,0,0,1,0
26,260116,1,1,0,0,0,1,1,75,0,5,3,2012,2,16,7,0,14,3,SR-50 CLINTON RD,,131,42.31580833,-84.45090278,0,42,0,0,1,1,0,4,1,1,0,1,0,0000000,99,99,99,99,88,88,22,0,0,1,0
26,260117,2,2,0,0,0,3,3,125,0,1,3,2012,5,13,3,0,14,4,CR-HARVEY LAKE RD,,16,42.66481944,-83.60361944,0,12,2,0,1,1,0,1,1,1,0,1,0,0000000,13,5,13,10,99,99,0,0,0,1,0
26,260118,3,2,1,0,0,2,2,163,1260,2,3,2012,6,14,35,0,13,6,LIVERNOIS,,26,42.33408889,-83.1225,0,12,1,0,1,1,0,1,1,2,0,2,0,0000000,99,99,99,99,99,99,0,0,0,1,1
26,260119,2,1,1,0,0,1,1,163,4166,7,3,2012,4,0,54,0,16,4,CR-FENTON ST,,6,42.36544167,-83.2801,0,1,0,0,1,1,0,1,3,1,0,1,0,0000000,0,56,1,0,88,88,0,0,0,1,1
26,260120,3,3,0,0,0,3,3,125,1081,3,3,2012,7,20,27,1,13,4,CR-HAGGERTY RD,,94,42.57433333,-83.43997778,0,12,2,0,1,1,0,1,2,1,0,1,0,0000000,20,30,20,35,99,99,0,0,0,1,1
26,260121,1,1,0,0,0,2,2,107,0,10,3,2012,7,3,22,0,6,4,CR-20TH AVE,,43,43.752125,-85.12775,0,1,0,0,1,1,0,1,2,10,0,10,0,0000000,3,24,3,37,99,99,22,0,0,1,1
26,260122,2,2,0,0,0,2,2,93,2114,8,3,2012,5,14,30,0,14,3,SR-36,,84,42.46074167,-83.90950556,0,12,6,0,4,1,0,1,1,10,0,10,1,0000000,14,31,14,37,99,99,0,0,0,1,0
26,260123,1,1,0,0,0,2,2,57,0,5,3,2012,2,15,45,1,12,2,US-127,,182,43.37175278,-84.60174444,0,1,0,0,1,1,0,4,1,10,0,10,0,0000000,15,52,15,58,99,99,0,0,0,1,0
26,260124,1,1,0,0,0,1,1,49,0,5,3,2012,2,17,33,0,5,4,CR-N MICKINLEY RD,,64,43.15113056,-83.86350833,0,32,0,0,1,1,0,4,1,1,0,1,0,0000000,17,35,17,40,99,99,0,0,0,1,0
26,260125,2,2,0,0,0,3,3,163,1212,11,3,2012,1,21,16,1,13,2,US-24 TELEGRAPH RD,HANOVER,57,42.27111944,-83.27059167,0,12,1,0,3,3,0,1,3,10,0,10,0,0000000,21,16,21,20,99,99,0,0,0,1,1
26,260126,1,1,0,0,0,1,1,163,90,8,3,2012,5,5,12,1,12,3,SR-39,,28,42.26774444,-83.22425,0,59,0,1,18,1,1,4,3,2,0,2,0,0000000,5,14,5,21,99,99,0,0,0,1,0
26,260127,1,1,0,1,1,1,1,125,4020,11,3,2012,1,22,9,0,13,3,SR-24 BUS CESAR CHAVEZ,,10,42.65074167,-83.30768056,0,8,0,0,1,1,0,1,2,10,0,10,0,0000000,22,25,22,28,99,99,0,0,0,1,0
26,260128,1,1,0,0,0,1,1,17,0,10,3,2012,7,1,22,0,3,3,SR-13,,169,43.77115833,-83.97541667,0,53,0,0,1,1,0,4,2,1,0,1,0,0000000,1,23,1,32,88,88,0,0,0,1,0
26,260129,1,1,0,0,0,1,1,25,310,10,3,2012,7,2,15,0,14,6,CLARK RD,,7,42.34101944,-85.28433056,0,59,0,0,1,1,0,4,3,1,0,1,0,0000000,2,17,2,21,88,88,0,0,0,1,1
26,260130,2,2,0,0,0,4,4,17,320,13,3,2012,3,14,22,0,14,3,SR-84,SEVENTH ST,16,43.59599722,-83.8881,0,12,6,0,2,2,0,1,1,1,0,1,0,0000000,14,23,14,25,99,99,0,0,0,1,0
26,260131,1,1,0,0,0,1,1,163,4295,3,3,2012,7,3,6,1,11,1,I-94 RAMP 197D,VINING RD,2,42.23401667,-83.36634722,0,35,0,1,5,1,0,4,2,10,0,10,0,0000000,99,99,99,99,88,88,0,0,0,1,0
26,260132,1,1,0,0,0,1,1,163,1260,9,3,2012,6,20,50,0,15,6,BAGLEY ST,,7,42.32828056,-83.06868889,0,33,0,0,1,1,0,4,2,1,0,1,0,0000000,99,99,99,99,99,99,0,0,0,1,1
26,260133,4,2,2,0,0,5,5,163,1260,9,3,2012,6,11,30,0,15,6,BUCHANAN ST,JUNCTION ST,4,42.33512222,-83.11460278,0,12,6,0,2,2,0,1,1,10,0,10,0,0000000,99,99,99,99,99,99,0,0,0,1,0
26,260134,1,1,0,0,0,1,1,81,785,9,3,2012,6,11,48,0,4,4,CR-GRAND RIVER DR SE,,30,42.92013889,-85.43070556,0,42,0,0,1,1,0,4,1,10,0,10,0,0000000,99,99,99,99,99,99,0,0,0,1,0
26,260135,1,1,0,1,1,1,1,17,0,18,3,2012,1,2,35,0,4,4,CR-COGGINS RD,,35,43.80346944,-83.977225,0,8,0,0,1,1,0,1,2,1,0,1,0,0000000,2,38,2,45,88,88,0,0,0,1,1
26,260136,1,1,0,0,0,1,1,159,0,10,3,2012,7,22,0,0,4,4,CR-388,,15,42.40376667,-86.22030833,0,53,0,0,1,1,0,4,2,1,0,1,0,0000000,99,99,99,99,88,88,0,0,0,1,0
26,260137,2,2,0,0,0,5,5,65,0,16,3,2012,6,8,3,0,3,4,CR-COLUMBIA RD,EIFERT RD,31,42.58206944,-84.54264444,0,12,6,0,2,3,0,1,1,5,0,5,0,0000000,8,6,8,11,99,99,0,0,0,1,0
26,260138,2,2,0,0,0,2,2,163,0,17,3,2012,7,9,49,0,14,6,HAGGERTY RD,,27,42.41147778,-83.43240278,0,12,1,0,1,1,0,1,1,5,0,5,0,0000000,9,49,9,52,99,99,0,0,0,1,0
26,260139,2,2,0,0,0,2,2,139,88,17,3,2012,7,11,30,0,2,3,SR-45,88TH AVE,110,42.97200556,-86.00398333,0,12,1,0,3,2,0,1,1,1,0,1,0,0000000,11,36,11,43,88,88,0,0,0,1,0
26,260140,2,2,0,0,0,3,3,115,0,19,3,2012,2,13,5,0,14,3,SR-50,,1,41.933925,-83.46913889,0,12,2,0,1,1,0,1,1,1,0,1,0,0000000,13,16,13,20,99,99,0,0,0,1,0
26,260141,1,1,0,0,0,6,6,121,0,22,3,2012,5,17,10,1,12,2,US-31,,112,43.27826389,-86.20322222,0,1,0,0,1,1,0,1,1,1,0,1,0,0000000,17,10,17,19,99,99,0,0,0,1,0
26,260142,1,1,0,0,0,1,1,75,4448,15,3,2012,5,21,10,0,6,4,CR-GLASGOW RD,,10,42.26851111,-84.49805556,0,1,0,0,1,1,0,1,2,1,0,1,0,0000000,21,13,21,20,99,99,0,0,0,1,1
26,260143,1,1,0,0,0,1,1,121,2307,23,3,2012,6,17,23,0,4,4,CR-HOLTON WHITEHALL RD,,118,43.41058056,-86.090675,0,42,0,0,1,1,0,4,1,10,0,10,0,0000000,17,23,17,29,88,88,22,0,0,1,0
26,260144,1,1,0,0,0,1,1,75,0,20,3,2012,3,21,55,1,13,3,SR-50,,141,42.24774167,-84.44191111,0,33,0,0,1,1,0,6,3,1,0,1,0,0000000,21,56,21,58,99,99,0,0,0,1,1
26,260145,2,2,0,0,0,3,3,21,0,20,3,2012,3,14,32,0,3,3,SR-63,,125,42.18544722,-86.40995833,0,12,2,0,1,1,0,1,1,1,0,1,0,0000000,14,34,14,41,99,99,0,0,0,1,0
26,260146,1,1,0,0,0,1,1,37,0,25,3,2012,1,13,4,1,1,1,I-96,,25,42.81406111,-84.79206944,0,42,0,0,1,1,0,4,1,1,0,1,0,0000000,13,4,13,4,88,88,0,0,0,1,1
26,260147,2,2,0,0,0,2,2,147,0,20,3,2012,3,19,59,0,4,3,SR-136,,87,43.05165833,-82.59466111,0,12,2,0,1,1,0,1,5,1,0,1,0,0000000,99,99,99,99,99,99,0,0,0,1,1
26,260148,1,1,0,0,0,1,1,163,2850,23,3,2012,6,1,39,0,16,6,ELLEN ST,,13,42.39500556,-83.38995833,0,40,0,0,1,1,0,4,2,1,0,1,0,0000000,1,40,1,46,99,99,0,0,0,1,1
26,260149,1,1,0,0,0,1,1,15,0,18,3,2012,1,17,48,0,4,4,CR-LACEY RD,,18,42.49332778,-85.22815833,0,1,0,0,1,1,0,4,1,1,0,1,0,0000000,17,51,17,55,99,99,22,0,0,1,1
26,260150,1,1,0,0,0,1,1,21,0,20,3,2012,3,21,30,0,6,4,CR-HOLDEN RD,,33,41.85244444,-86.513375,0,42,0,0,1,1,0,4,2,1,0,1,0,0000000,99,99,99,99,88,88,22,0,0,1,1
26,260151,1,1,0,0,0,1,1,101,0,14,3,2012,4,9,37,0,6,4,CR-MAKINEN RD,,23,44.38381389,-85.99988056,0,32,0,0,1,1,0,4,1,1,0,1,0,0000000,99,99,99,99,88,88,22,0,0,1,1
26,260152,2,2,0,0,0,5,5,75,0,25,3,2012,1,20,49,0,4,4,CR-MT HOPE RD,,104,42.34294444,-84.20981389,0,12,7,0,1,1,0,1,2,10,0,10,0,0000000,20,50,99,99,99,99,22,0,0,2,0
26,260153,2,2,0,0,0,2,2,99,1009,26,3,2012,2,17,51,0,13,4,CR-METROPOLITAN PKWY,HARPER AVE,111,42.56947778,-82.87162222,0,12,6,0,2,2,0,1,1,1,0,1,0,0000000,17,52,17,57,99,99,0,0,0,1,0
26,260154,2,2,0,0,0,2,2,67,0,21,3,2012,4,22,10,0,3,3,SR-66,DILDINE,18,43.00911667,-85.07509722,0,12,6,0,2,2,0,1,3,1,0,1,0,0000000,99,99,99,99,99,99,22,0,0,1,0
26,260155,2,2,0,0,0,2,2,55,5,15,3,2012,5,17,24,1,13,2,US-31,,36,44.749425,-85.52424722,0,12,6,0,8,1,0,1,1,1,0,1,0,0000000,17,27,17,37,99,99,0,0,0,1,0
26,260156,1,1,0,0,0,1,1,155,0,17,3,2012,7,17,56,0,5,4,CR-S BALDWIN RD,,5,42.96329444,-84.28465833,0,11,0,0,1,1,0,1,1,1,0,1,0,0000000,17,57,18,3,99,99,0,0,0,1,0
26,260157,1,1,0,0,0,1,1,111,0,26,3,2012,2,7,21,0,4,4,CR-S POSEYVILLE RD,,51,43.55546389,-84.24858056,0,42,0,0,1,1,0,4,1,1,0,1,0,0000000,7,22,7,28,88,88,22,0,0,1,0
26,260158,1,1,0,0,0,1,1,161,0,27,3,2012,3,14,55,0,14,4,CR-WAGNER RD,,132,42.26478889,-83.79904167,0,30,0,0,1,1,0,4,1,1,0,1,0,0000000,14,55,15,0,88,88,0,0,0,1,0
26,260159,2,1,1,0,0,1,1,163,1260,11,3,2012,1,20,50,1,13,6,JEFFERSON AVE,,27,42.35207222,-82.99386389,0,14,0,0,1,1,0,7,3,1,0,1,0,0000000,99,99,99,99,99,99,0,0,0,1,0
26,260160,2,2,0,0,0,2,2,163,4815,28,3,2012,4,10,54,1,11,1,I-75,,97,42.20407222,-83.23366667,0,12,1,0,1,1,0,1,1,1,0,1,0,0000000,10,57,11,12,88,88,0,0,0,1,0
26,260161,2,2,0,0,0,2,2,115,0,28,3,2012,4,10,24,0,14,3,SR-125,DUNBAR RD,134,41.89948889,-83.41207222,0,12,6,0,2,2,0,1,1,1,0,1,0,0000000,10,28,10,32,99,99,0,0,0,1,0
26,260162,1,1,0,0,0,1,1,155,0,29,3,2012,5,7,40,1,1,1,I-69 RAMP 006E,,5,42.83974444,-84.22346111,0,1,0,1,5,1,0,8,1,10,0,10,0,0000000,7,40,7,45,88,88,0,0,0,1,0
26,260163,1,1,0,0,0,1,1,57,0,29,3,2012,5,12,14,1,12,2,US-127,,183,43.37313889,-84.600975,0,1,0,1,18,1,0,3,1,1,0,1,0,0000000,12,17,12,24,88,88,0,0,0,1,0
26,260164,2,2,0,0,0,2,2,163,2820,12,3,2012,2,20,10,1,11,1,I-75 RAMP 027B,,2,42.25123611,-83.18631667,0,12,7,1,18,1,0,1,1,1,0,1,0,0000000,99,99,99,99,99,99,0,0,0,1,0
26,260165,2,2,0,0,0,2,2,145,0,30,3,2012,6,12,36,0,14,3,SR-81 WASHINGTON RD,,118,43.45047222,-83.85485833,0,12,6,0,1,1,0,1,1,3,0,3,0,0000000,99,99,12,36,99,99,0,0,0,2,1
26,260166,2,2,0,0,0,4,4,125,490,31,3,2012,7,2,23,1,13,3,SR-1 WOODWARD AVE,,55,42.53808333,-83.20545556,0,12,7,0,1,1,0,1,3,10,0,10,0,0000000,2,25,2,26,99,99,0,0,0,2,1
26,260167,2,2,0,0,0,2,2,125,5113,17,3,2012,7,23,53,1,13,3,SR- 59 HIGHLAND RD,PONTIAC LAKE RD,163,42.65963333,-83.44861111,0,12,6,0,2,2,0,1,3,1,0,1,0,0000000,23,53,23,59,99,99,0,0,0,1,0
26,260168,2,2,0,0,0,2,2,77,0,28,3,2012,4,13,31,0,4,4,CR-R AVE,,25,42.18707778,-85.38378056,0,12,6,0,1,1,0,1,1,1,0,1,0,0000000,13,31,13,46,88,88,0,0,0,1,1
26,260169,2,2,0,0,0,3,3,163,1260,21,3,2012,4,21,20,0,16,6,GRIGGS ST,AURORA ST,4,42.37194167,-83.16186389,0,12,6,0,2,2,0,1,3,1,0,1,0,0000000,99,99,99,99,99,99,0,0,0,1,0
26,260170,2,2,0,0,0,2,2,163,1260,22,3,2012,5,14,45,0,14,6,MEYERS RD,LYNDON ST,25,42.39501389,-83.169025,0,12,6,0,2,2,0,1,1,1,0,1,0,0000000,99,99,99,99,99,99,0,0,0,1,0
26,260171,1,1,0,0,0,5,5,163,1260,23,3,2012,6,23,15,1,13,6,CONNER CREEK CT,,43,42.41749167,-83.01151389,0,42,0,0,1,1,0,4,3,2,0,2,0,0000000,99,99,99,99,99,99,0,0,0,2,1
26,260172,2,2,0,1,1,2,2,163,1260,23,3,2012,6,23,50,1,13,6,LIVERNOIS AVE,,40,42.35154167,-83.13539444,0,8,0,0,1,1,0,1,3,2,0,2,0,0000000,99,99,99,99,99,99,14,0,0,1,0
26,260173,1,1,0,0,0,2,2,49,1730,30,3,2012,6,2,18,0,14,6,GLENWOOD AVE,,4,43.01115278,-83.70296111,0,30,0,0,1,1,0,4,3,1,0,1,0,0000000,2,21,2,24,88,88,0,0,0,1,1
26,260174,1,1,0,0,0,1,1,35,0,30,3,2012,6,13,7,1,2,2,US-127,,23,43.84151111,-84.76506667,0,1,0,0,1,1,0,4,1,4,11,4,0,0000000,99,99,99,99,99,99,0,0,0,1,0
26,260175,2,2,0,0,0,2,2,145,0,30,3,2012,6,13,21,0,4,4,CR-FORDNEY RD,,34,43.35489444,-84.19011944,0,12,6,0,1,1,0,1,1,3,0,3,0,0000000,99,99,99,99,99,99,22,0,0,1,0
26,260176,2,2,0,0,0,2,2,77,2520,21,3,2012,4,7,35,0,13,6,PORTAGE ST,E LOVELL ST,148,42.28875556,-85.57773056,0,12,6,0,2,2,0,1,1,1,0,1,0,0000000,99,99,99,99,99,99,0,0,0,1,0
26,260177,1,1,0,0,0,1,1,103,3480,20,3,2012,3,11,0,0,15,6,CR-E MAAS ST,,18,46.51433056,-87.57481667,0,1,0,0,1,1,0,4,1,1,0,1,0,0000000,99,99,99,99,88,88,0,0,0,1,1
26,260178,2,2,0,0,0,3,3,49,195,30,3,2012,6,12,16,0,2,3,SR-15 STATE RD,,61,42.95668889,-83.50561667,0,12,6,0,1,1,0,1,1,3,0,3,0,0000000,99,99,99,99,99,99,22,0,0,1,0
26,260179,1,1,0,0,0,1,1,99,4380,29,3,2012,5,22,18,0,16,6,URSULINE,,0,42.49167222,-82.91363889,0,42,0,0,1,1,0,4,3,1,0,1,0,0000000,99,99,99,99,99,99,0,0,0,1,0
26,260180,3,3,0,0,0,3,3,163,1260,30,3,2012,6,22,32,1,11,1,I-75,,88,42.44336667,-83.095125,0,12,7,1,18,1,0,1,3,10,0,10,0,0000000,99,99,99,99,99,99,0,0,0,1,1
26,260182,1,1,0,0,0,1,1,5,0,16,3,2012,6,13,47,0,4,4,CR-MARSH RD,,107,42.50758056,-85.55019722,0,42,0,0,1,1,0,4,1,1,0,1,0,0000000,99,99,99,99,88,88,0,0,0,1,0
26,260183,3,3,0,0,0,8,8,99,2761,10,2,2012,6,7,30,0,14,4,CR-26 MILE RD,COUNTY LINE RD,184,42.72085556,-82.72991111,0,12,6,0,2,2,0,1,1,10,0,10,0,0000000,99,99,99,99,99,99,0,0,0,1,0
26,260184,1,1,0,0,0,2,2,49,0,8,2,2012,4,10,59,0,3,4,CR-LINDEN RD,,47,42.84345833,-83.78320833,0,53,0,0,1,1,0,4,1,1,0,1,0,0000000,99,99,99,99,99,99,0,0,0,1,0
26,260185,3,2,1,1,1,3,3,99,4380,10,3,2012,7,8,16,1,11,1,I-94,,35,42.50254444,-82.91781667,0,12,1,1,18,1,1,1,1,1,0,1,0,0000000,99,99,99,99,99,99,3,0,0,1,0
26,260186,1,1,0,0,0,1,1,147,0,1,4,2012,1,3,4,0,4,4,CR-RATTLE-RUN RD,,72,42.86936667,-82.60472778,0,34,0,0,1,1,0,4,2,10,0,10,0,0000000,3,15,3,25,99,99,0,0,0,1,1
26,260187,1,1,0,0,0,1,1,155,0,8,4,2012,1,7,16,0,6,4,CR-W KROUSE RD,,29,42.984525,-84.31400278,0,1,0,0,1,1,0,4,2,10,0,10,0,0000000,7,20,7,29,88,88,22,0,0,1,0
26,260188,2,2,0,0,0,2,2,139,0,4,4,2012,4,16,45,0,6,4,CR-POLK ST,104TH AVE,40,42.91394722,-86.04186944,0,12,6,0,2,2,0,1,1,1,0,1,0,0000000,16,45,16,49,99,99,22,0,0,1,0
26,260189,2,2,0,0,0,2,2,93,0,9,4,2012,2,7,31,0,14,4,CR-LATSON RD,,6,42.58876667,-83.87423333,0,12,6,0,8,1,0,1,1,1,0,1,0,0000000,7,33,7,39,88,88,22,0,0,1,0
26,260190,3,3,0,0,0,3,3,23,1935,9,4,2012,2,5,2,0,3,4,CR-MARSHALL RD,,67,42.037175,-85.00107222,0,12,2,0,1,1,0,1,2,1,0,1,0,0000000,5,0,5,15,99,99,0,0,0,1,1
26,260191,1,1,0,0,0,1,1,93,0,10,4,2012,3,1,55,0,4,4,CR-FOWLERVILLE RD,,61,42.68728333,-84.07492222,0,53,0,0,1,1,0,4,2,1,0,1,0,0000000,2,5,2,15,88,88,20,0,0,1,1
26,260193,1,1,0,0,0,1,1,163,1260,5,4,2012,5,22,0,1,13,6,FOREST AVE,,29,42.37755556,-83.00180278,0,33,0,0,1,1,0,4,3,1,0,1,0,0000000,99,99,99,99,99,99,0,0,0,1,0
26,260194,2,2,0,0,0,2,2,5,0,1,4,2012,1,22,16,0,4,4,CR-142ND AVE,,130,42.72523056,-85.7424,0,12,2,0,1,1,0,1,2,10,0,10,0,0000000,99,99,99,99,99,99,0,0,0,2,1
26,260195,1,1,0,2,2,2,2,163,633,9,4,2012,2,21,33,0,14,4,CR-WEST RD,,42,42.13804167,-83.28083889,0,8,0,0,1,1,0,1,2,1,0,1,0,0000000,99,99,99,99,99,99,0,0,0,2,0
26,260196,1,1,0,0,0,1,1,115,1586,10,4,2012,3,1,49,0,6,4,CR-COUSINO RD,,158,41.82301944,-83.46088611,0,1,0,0,1,1,0,4,2,1,0,1,0,0000000,99,99,99,99,88,88,0,0,0,1,1
26,260197,1,1,0,0,0,1,1,139,2400,10,4,2012,3,23,20,1,11,1,I-196,,112,42.84906389,-85.86065278,0,42,0,1,18,1,0,6,2,1,0,1,0,0000000,23,23,23,37,99,99,0,0,0,1,0
26,260198,1,1,0,0,0,3,3,81,0,14,4,2012,7,2,13,0,6,4,CR-COLDWATER AVE SE,,7,42.777975,-85.39205833,0,35,0,0,1,1,0,4,2,1,0,1,0,0000000,2,15,2,32,99,99,22,0,0,1,1
26,260199,2,2,0,0,0,2,2,163,4815,16,4,2012,2,12,46,1,13,2,US-24,PARDEE RD,68,42.18782222,-83.26731389,0,12,6,0,2,3,0,1,1,1,0,1,0,0000000,12,47,12,54,88,88,0,0,0,1,0
26,260200,1,1,0,0,0,1,1,161,0,16,4,2012,2,15,35,1,11,1,I-94,,163,42.28848333,-83.82097778,0,59,0,1,18,1,0,4,1,1,0,1,0,0000000,15,42,15,51,88,88,0,0,0,1,0
26,260201,1,1,0,0,0,1,1,145,0,14,4,2012,7,19,24,0,6,4,CR-PEET RD,,86,43.17231111,-84.19809722,0,1,0,0,1,1,0,4,1,1,0,1,0,0000000,19,24,19,46,88,88,22,0,0,1,1
26,260202,1,1,0,1,1,2,2,163,1260,14,4,2012,7,0,57,0,16,6,MARLOWE AVE,,6,42.35940278,-83.18831389,0,5,0,0,1,1,0,1,3,1,0,1,0,0000000,99,99,99,99,99,99,0,0,0,1,0
26,260203,2,2,0,0,0,2,2,125,208,18,4,2012,4,16,52,0,16,6,EXECUTIVE HILLS BLVD,,0,42.64670556,-83.24845278,0,12,6,0,4,1,0,4,1,1,0,1,0,0000000,16,54,17,0,99,99,0,0,0,1,0
26,260204,3,3,0,0,0,3,3,165,0,20,4,2012,6,17,26,0,3,3,SR-42,N 47 RD,41,44.40383056,-85.35816389,0,12,1,0,3,2,0,1,1,10,0,10,0,0000000,17,29,17,36,99,99,0,0,0,1,0
26,260205,1,1,0,0,0,1,1,73,0,19,4,2012,5,11,45,1,2,2,US-127,,261,43.81057778,-84.75437778,0,1,0,0,1,1,0,3,1,1,0,1,0,0000000,11,45,99,99,88,88,0,0,0,1,0
26,260206,2,2,0,0,0,4,4,115,0,17,4,2012,3,22,35,1,11,1,I-75,,170,41.951625,-83.36105278,0,12,7,1,18,1,0,1,2,1,0,1,0,0000000,22,41,22,46,88,88,0,0,0,1,0
26,260207,2,2,0,0,0,2,2,49,1730,19,4,2012,5,5,22,0,13,6,CLIO RD,DAYTON ST,0,43.03853889,-83.73225556,0,12,6,0,3,2,0,11,1,1,0,1,0,0000000,99,99,99,99,88,88,20,0,0,1,0
26,260208,1,1,0,0,0,2,2,75,0,20,4,2012,6,2,45,1,12,2,US-127 RAMP 021A,,0,42.27964444,-84.43172778,0,1,0,1,5,1,0,8,2,1,0,1,0,0000000,2,45,2,51,88,88,0,0,0,1,1
26,260209,1,1,0,0,0,1,1,159,520,16,4,2012,2,14,52,0,6,4,CR-38 1/2 ST,,22,42.40825,-85.92347222,0,16,0,0,1,1,0,1,1,6,0,6,0,0000000,14,55,15,5,88,88,22,0,0,1,0
26,260210,1,1,0,1,1,1,1,163,1260,11,4,2012,4,12,6,1,11,1,I-196,,122,42.37883056,-83.21306111,0,8,0,1,19,1,0,8,1,1,0,1,0,0000000,99,99,99,99,99,99,23,0,0,1,0