STATE,ST_CASE,VE_TOTAL,VE_FORMS,PVH_INVL,PEDS,PERNOTMVIT,PERMVIT,PERSONS,COUNTY,CITY,DAY,MONTH,YEAR,DAY_WEEK,HOUR,MINUTE,NHS,ROAD_FNC,ROUTE,TWAY_ID,TWAY_ID2,MILEPT,LATITUDE,LONGITUD,SP_JUR,HARM_EV,MAN_COLL,RELJCT1,RELJCT2,TYP_INT,WRK_ZONE,REL_ROAD,LGT_COND,WEATHER1,WEATHER2,WEATHER,SCH_BUS,RAIL,NOT_HOUR,NOT_MIN,ARR_HOUR,ARR_MIN,HOSP_HR,HOSP_MN,CF1,CF2,CF3,FATALS,DRUNK_DR
26,260211,2,2,0,0,0,2,2,49,1731,19,4,2012,5,15,5,1,11,1,I-69,,107,42.98631944,-83.72605278,0,12,7,1,5,1,0,1,1,10,0,10,0,0000000,15,7,15,13,88,88,0,0,0,1,0
26,260212,2,2,0,0,0,2,2,125,3628,3,4,2012,3,13,20,0,13,6,PONTIAC TRL,,61,42.52548889,-83.49778611,0,12,2,0,1,1,0,1,1,10,0,10,0,0000000,99,99,99,99,99,99,0,0,0,1,0
26,260213,1,1,0,0,0,1,1,75,2764,27,4,2012,6,15,17,1,12,2,US-127,,56,42.26971944,-84.358075,0,42,0,0,1,1,0,4,1,1,0,1,0,0000000,15,19,15,21,99,99,0,0,0,1,0
26,260214,2,2,0,0,0,3,3,163,1260,20,4,2012,6,19,50,0,16,6,DOVER,GRANDVILLE,9,42.35940556,-83.22987778,0,12,6,0,2,2,0,1,3,2,0,2,0,0000000,99,99,99,99,88,88,0,0,0,1,0
26,260215,1,1,0,0,0,1,1,115,0,12,4,2012,5,21,46,0,4,4,CR-SUMPTER RD,,24,42.08490278,-83.48079722,0,24,0,0,1,1,0,4,2,1,0,1,0,0000000,21,49,22,6,88,88,0,0,0,1,1
26,260217,2,2,0,0,0,2,2,73,0,30,4,2012,2,9,18,0,6,4,CR-N LEATON RD,PERE MARQUETTE,174,43.80365278,-84.70720833,0,12,6,0,2,2,0,1,1,2,0,2,0,0000000,9,20,99,99,99,99,22,0,0,1,0
26,260218,2,2,0,0,0,6,6,163,5140,30,4,2012,2,15,46,1,13,6,MERRIMAN RD,,38,42.26882778,-83.34807222,0,12,6,0,8,1,0,1,1,2,0,2,0,0000000,15,47,15,54,99,99,0,0,0,1,0
26,260219,1,1,0,0,0,1,1,81,2010,26,4,2012,5,13,35,0,14,6,SEWARD AVE NW,LAKE MICHIGAN DR,2,42.96613611,-85.68265833,0,1,0,0,2,2,0,1,1,1,0,1,0,0000000,13,36,13,46,99,99,0,0,0,1,0
26,260220,3,3,0,0,0,3,3,99,919,30,4,2012,2,17,40,0,14,4,CR-21 MILE RD,,105,42.64550556,-82.83355556,0,12,6,0,1,1,0,1,1,2,10,2,0,0000000,17,42,17,46,99,99,0,0,0,1,0
26,260221,1,1,0,0,0,1,1,37,307,12,4,2012,5,23,0,0,6,4,CR-S HUNTER RD,,15,42.84748333,-84.39045,0,53,0,0,1,1,0,4,2,10,0,10,0,0000000,99,99,99,99,88,88,0,0,0,1,0
26,260222,1,1,0,0,0,1,1,63,0,29,4,2012,1,15,13,0,4,4,CR-OAKBEACH RD,,22,43.98233889,-83.12588611,0,59,0,0,1,1,0,4,1,1,0,1,0,0000000,15,30,15,40,99,99,22,0,0,1,1
26,260223,2,2,0,0,0,6,6,163,1260,15,4,2012,1,2,50,0,14,6,FENKELL ST,WYOMING,79,42.40253056,-83.15968611,0,12,6,0,2,2,0,1,3,1,0,1,0,0000000,99,99,99,99,99,99,0,0,0,2,0
26,260224,2,2,0,0,0,2,2,125,5113,29,4,2012,1,21,45,1,13,3,SR-59,PONTIAC LAKE RD,163,42.654575,-83.37360278,0,12,6,0,2,2,0,1,3,1,0,1,0,0000000,21,46,21,53,99,99,0,0,0,1,0
26,260225,2,2,0,0,0,2,2,117,0,29,4,2012,1,17,30,0,3,3,SR-66,SESSIONS RD,50,43.19283333,-85.07372222,0,12,6,0,2,2,0,1,1,10,0,10,0,0000000,17,29,17,36,99,99,22,0,0,2,1
26,260226,2,2,0,0,0,2,2,125,5113,30,4,2012,2,22,45,0,14,4,CR-SASHABAW RD,,7,42.69180556,-83.37288056,0,12,2,0,1,1,0,1,3,5,0,5,0,0000000,22,47,22,50,99,99,0,0,0,1,0
26,260227,3,3,0,0,0,3,3,161,150,26,4,2012,5,19,39,0,14,6,DEXTER AVE,MAPLE RD,75,42.28541111,-83.78048056,0,12,6,0,2,2,0,1,1,1,0,1,0,0000000,19,39,19,47,99,99,0,0,0,1,0
26,260228,1,1,0,0,0,1,1,159,0,28,4,2012,7,23,55,0,3,4,CR-RED ARROW HWY,,40,42.20810278,-86.14659167,0,1,0,0,1,1,0,4,2,1,0,1,0,0000000,99,99,99,99,99,99,22,0,0,1,1
26,260229,1,1,0,1,1,1,1,27,0,29,4,2012,1,21,10,0,14,3,SR-60,LILAC AVE,25,41.82988889,-86.190475,0,8,0,0,3,2,0,1,2,2,0,2,0,0000000,99,99,99,99,88,88,0,0,0,1,1
26,260230,1,1,0,1,1,1,1,117,0,21,4,2012,7,21,12,0,4,4,CR-STANTON RD,,20,43.316075,-85.46294722,0,8,0,0,1,1,0,1,5,1,0,1,0,0000000,99,99,99,99,99,99,22,0,0,1,1
26,260231,1,1,0,0,0,1,1,5,3990,22,4,2012,1,1,50,0,15,6,N SHERWOOD AVE,,43,42.44646667,-85.64057222,0,30,0,0,1,1,0,4,3,1,0,1,0,0000000,99,99,99,99,88,88,0,0,0,1,1
26,260232,1,1,0,0,0,1,1,125,0,19,4,2012,5,15,0,1,11,1,I-75,,335,42.74076944,-83.45169167,0,1,0,0,1,1,0,3,1,2,0,2,0,0000000,99,99,99,99,88,88,0,0,0,1,0
26,260233,2,2,0,0,0,2,2,81,0,27,4,2012,6,13,43,0,14,4,CR-JUPITER AVE,CEDAR CREST,9,43.05096667,-85.61158889,0,12,7,0,3,3,0,1,1,1,0,1,0,0000000,99,99,99,99,99,99,0,0,0,1,0
26,260234,1,1,0,0,0,2,2,119,0,30,4,2012,2,23,31,0,6,4,CR-WOLF LAKE RD,,12,44.86,-84.28125556,0,42,0,0,1,1,0,4,2,10,0,10,0,0000000,99,99,99,99,99,99,22,0,0,1,1
26,260236,1,1,0,0,0,1,1,49,0,29,4,2012,1,20,2,1,11,1,I-69,,216,43.01150833,-83.52535556,0,34,0,1,5,1,0,3,1,1,0,1,0,0000000,20,3,20,8,99,99,0,0,0,1,1
26,260237,3,3,0,0,0,3,3,115,0,27,3,2012,3,9,38,1,1,1,I-75,,235,42.03041667,-83.29313889,0,12,1,1,18,1,0,1,1,1,0,1,0,0000000,9,39,9,58,88,88,20,0,0,1,0
26,260238,2,2,0,0,0,2,2,79,0,2,5,2012,4,15,15,0,4,4,CR-612,W LOG LAKE RD,98,44.74276944,-85.15276111,0,12,6,0,2,3,0,1,1,10,0,10,0,0000000,15,15,15,17,99,99,0,0,0,1,0
26,260240,2,2,0,0,0,2,2,133,0,3,5,2012,5,6,38,1,2,2,US-10,,143,43.90052222,-85.28931389,0,12,2,0,1,1,0,1,4,2,0,2,0,0000000,99,99,99,99,99,99,0,0,0,1,0
26,260241,2,2,0,0,0,2,2,99,4731,5,5,2012,7,3,46,1,13,6,MOUND RD,METROPOLITAN PKWY,81,42.565275,-83.04901111,0,12,6,0,2,2,0,1,3,1,0,1,0,0000000,3,47,3,51,99,99,0,0,0,1,0
26,260242,1,1,0,0,0,1,1,139,88,8,5,2012,3,21,4,0,16,4,CR-56TH AVE,,76,42.96629444,-85.92418333,0,42,0,0,1,1,0,4,1,10,0,10,0,0000000,21,4,21,6,99,99,22,0,0,1,1
26,260243,1,1,0,1,1,1,1,99,1009,5,5,2012,7,22,19,0,14,6,HAYES RD,,20,42.59819722,-82.97203333,0,8,0,0,1,1,0,1,2,1,0,1,0,0000000,22,21,22,25,88,88,0,0,0,1,0
26,260244,2,2,0,0,0,5,5,125,512,6,5,2012,1,13,10,1,13,3,SR-24,,51,42.606075,-83.29599722,0,12,6,0,7,1,0,1,1,10,0,10,0,0000000,13,10,13,15,99,99,0,0,0,1,0
26,260245,2,2,0,0,0,3,3,121,3615,8,5,2012,3,17,12,1,12,2,US-31,RAMP 001H,38,43.17213889,-86.2067,0,12,6,1,5,1,0,8,1,1,0,1,0,0000000,99,99,99,99,88,88,0,0,0,1,0
26,260246,3,3,0,0,0,3,3,55,5,6,5,2012,1,14,5,1,2,3,SR-72,,19,44.77269444,-85.46134444,0,12,2,0,1,1,0,1,1,10,0,10,0,0000000,14,7,14,23,99,99,0,0,0,1,0
26,260247,1,1,0,0,0,1,1,69,0,11,5,2012,6,17,32,0,4,4,CR-MONUMENT RD,,39,44.33778611,-83.578075,0,42,0,0,1,1,0,4,1,1,0,1,0,0000000,17,35,17,48,88,88,22,0,0,1,1
26,260248,1,1,0,0,0,1,1,125,4905,12,5,2012,7,16,25,1,11,1,I-75,,109,42.57299444,-83.15936667,0,42,0,0,1,1,0,4,1,10,0,10,0,0000000,16,27,16,34,88,88,0,0,0,1,0
26,260249,2,2,0,0,0,2,2,21,0,7,5,2012,2,18,34,0,14,4,CR-TERRITORIAL RD,,42,42.12498889,-86.38346111,0,12,2,0,1,1,0,1,1,10,0,10,0,0000000,18,34,18,43,88,88,0,0,0,1,0
26,260250,1,1,0,0,0,2,2,83,97,13,5,2012,1,3,56,0,9,9,LAKESHORE DR,,0,47.294675,-88.49818611,0,42,0,0,1,1,0,4,2,1,0,1,0,0000000,4,1,4,18,99,99,22,0,0,1,1
26,260251,5,5,0,0,0,5,5,21,0,8,5,2012,3,11,55,0,13,4,CR-E NAPIER AVE,S CRYSTAL AVE,36,42.09060556,-86.4172,0,12,6,0,2,2,0,1,1,1,0,1,0,0000000,11,50,11,55,99,99,0,0,0,1,0
26,260252,1,1,0,0,0,1,1,65,0,6,5,2012,1,9,34,0,6,4,CR-HAWLEY RD,,1,42.51075,-84.38879167,0,42,0,0,1,1,0,4,1,1,0,1,0,0000000,9,35,9,50,99,99,22,0,0,1,1
26,260253,2,2,0,0,0,2,2,93,0,6,5,2012,1,12,16,0,3,3,SR-36,DEXTER TRL,91,42.46758889,-84.08487222,0,12,2,0,2,4,0,1,1,1,0,1,0,0000000,12,17,12,23,88,88,0,0,0,1,0
26,260254,2,2,0,0,0,2,2,17,0,16,5,2012,4,14,41,0,6,4,CR-GERMAN RD,SR-15,27,43.55110278,-83.83183611,0,12,6,0,2,2,0,1,1,1,0,1,0,0000000,14,42,14,51,99,99,22,0,0,1,0
26,260255,1,1,0,0,0,1,1,55,0,19,5,2012,7,20,30,0,5,4,CR-S HOBBS HWY,,26,44.66246111,-85.492925,0,1,0,0,1,1,0,4,1,1,0,1,0,0000000,20,35,20,40,88,88,0,0,0,1,0
26,260256,1,1,0,0,0,2,2,21,0,28,5,2012,2,4,13,1,2,2,US-31,,165,41.97818333,-86.37382222,0,1,0,0,1,1,0,4,2,1,0,1,0,0000000,4,14,4,17,99,99,0,0,0,1,1
26,260257,2,2,0,0,0,7,7,139,0,20,5,2012,1,13,57,0,16,4,CR-RILEY ST,168TH AVE,7,42.82622778,-86.19787222,0,12,6,0,2,2,0,1,1,1,0,1,0,0000000,13,57,14,3,99,99,22,0,0,2,0
26,260258,2,2,0,0,0,3,3,99,1440,15,5,2012,3,2,42,0,14,6,10 MILE RD,DODGE AVE,67,42.47963889,-82.95268333,0,12,2,0,2,2,0,1,2,1,0,1,0,0000000,99,99,99,99,88,88,0,0,0,1,2
26,260259,1,1,0,1,1,1,1,163,1260,5,5,2012,7,0,30,1,13,3,SR-96 GRAND RIVER,ASH,114,42.34094722,-83.07008333,0,8,0,0,3,3,0,1,3,10,0,10,0,0000000,99,99,99,99,99,99,0,0,0,1,1
26,260260,1,1,0,0,0,1,1,121,0,16,5,2012,4,11,0,1,11,1,I-96 RAMP 002A,,3,43.16843056,-86.20240833,0,1,0,1,5,1,0,8,9,2,0,2,0,0000000,99,99,99,99,99,99,0,0,0,1,1
26,260261,1,1,0,4,4,1,1,121,0,13,5,2012,1,22,30,0,4,4,CR-E WHITE LAKE DR,,68,43.382975,-86.22330556,0,8,0,0,1,1,0,1,3,1,0,1,0,0000000,99,99,99,99,99,99,0,0,0,1,0
26,260262,1,1,0,0,0,1,1,147,1066,6,5,2012,1,9,15,0,4,4,CR-RATTLE RUN,,51,42.87960278,-82.64362222,0,42,0,0,1,1,0,4,1,1,0,1,0,0000000,99,99,99,99,99,99,0,0,0,1,0
26,260263,1,1,0,0,0,1,1,165,526,17,5,2012,5,4,30,0,6,4,CR-W 38 RD,,71,44.25147222,-85.61691667,0,1,0,0,1,1,0,4,2,1,0,1,0,0000000,5,11,5,36,88,88,22,0,0,1,1
26,260264,3,3,0,0,0,3,3,149,1775,17,5,2012,5,9,8,0,4,3,SR-216,,30,42.02734444,-85.70431389,0,12,7,0,1,1,0,1,1,1,0,1,0,0000000,9,8,9,14,99,99,0,0,0,1,0
26,260265,1,1,0,0,0,1,1,75,0,17,5,2012,5,23,50,0,4,4,CR-MERIDIAN RD,,32,42.38756667,-84.34934444,0,53,0,0,1,1,0,4,2,1,0,1,0,0000000,99,99,99,99,88,88,0,0,0,1,1
26,260266,2,2,0,0,0,3,3,125,512,18,5,2012,6,21,47,1,13,2,US-24,W HICKORY GROVE RD,107,42.59589722,-83.28177778,0,12,6,0,2,2,0,1,2,1,0,1,0,0000000,21,47,21,55,88,88,0,0,0,1,1
26,260267,1,1,0,0,0,4,4,161,0,15,5,2012,3,20,48,1,1,1,I-94,,98,42.29729444,-83.931875,0,1,0,0,1,1,0,3,1,1,0,1,0,0000000,99,99,99,99,99,99,0,0,0,1,0
26,260268,2,2,0,0,0,3,3,5,0,18,5,2012,6,21,35,0,3,3,SR-179 129TH AVE,8TH ST,24,42.62998056,-85.62536389,0,12,1,0,2,3,0,1,5,1,0,1,0,0000000,99,99,99,99,99,99,22,20,0,1,1
26,260269,1,1,0,0,0,2,2,137,0,16,5,2012,4,1,40,1,2,3,SR-32,,13,44.97136667,-84.45335278,0,1,0,0,1,1,0,1,2,1,0,1,0,0000000,1,44,1,59,99,99,0,0,0,1,1
26,260270,2,2,0,0,0,2,2,99,4731,18,5,2012,6,23,6,0,14,6,HAYES RD,18 MILE RD,19,42.5975,-82.97201111,0,12,6,0,2,3,0,1,3,1,0,1,0,0000000,99,99,99,99,99,99,0,0,0,1,1
26,260271,2,2,0,0,0,3,3,65,0,9,5,2012,4,8,57,0,14,3,SR-52,NOBLE,73,42.65646389,-84.19792778,0,12,6,0,2,2,0,1,1,1,0,1,0,0000000,99,99,99,99,99,99,0,0,0,1,0
26,260272,2,2,0,0,0,2,2,37,0,19,5,2012,7,10,30,0,4,4,CR-ROUND LAKE RD,,189,42.87090278,-84.48295833,0,1,0,0,1,1,0,1,1,1,0,1,0,0000000,10,37,10,43,99,99,14,0,0,1,0
26,260273,1,1,0,0,0,1,1,15,0,22,5,2012,3,15,10,0,4,4,CR-NORRIS RD,,115,42.58074722,-85.47026111,0,59,0,0,1,1,0,4,1,1,0,1,0,0000000,15,15,15,15,88,88,22,0,0,1,0
26,260274,1,1,0,0,0,3,3,81,785,19,5,2012,7,11,5,1,11,1,I-96 RAMP 043B,,1,42.91153611,-85.53486667,0,1,0,1,5,1,0,8,1,1,0,1,0,0000000,99,99,99,99,99,99,0,0,0,2,0
26,260275,2,2,0,1,1,2,2,163,4166,22,5,2012,3,15,32,1,13,2,US-24 TELEGRAPH RD,,139,42.39058611,-83.27654167,0,8,0,0,1,1,0,1,1,1,0,1,0,0000000,99,99,99,99,88,88,14,0,0,1,0
26,260276,1,1,0,0,0,6,6,81,5319,20,5,2012,1,4,18,1,11,1,I-196 RAMP 072A,,2,42.92955278,-85.7329,0,42,0,1,5,1,0,4,2,1,0,1,0,0000000,99,99,99,99,99,99,0,0,0,2,1
26,260277,1,1,0,0,0,2,2,111,0,22,5,2012,3,23,52,0,4,4,CR-WACKERLY RD,,9,43.65461944,-84.38651111,0,35,0,0,1,1,0,4,2,1,0,1,0,0000000,23,53,0,0,99,99,22,0,0,1,1
26,260278,1,1,0,0,0,1,1,163,4900,16,5,2012,4,1,20,1,13,3,SR-85,,54,42.14414722,-83.18759444,0,31,0,0,1,1,0,4,2,1,0,1,0,0000000,99,99,99,99,88,88,0,0,0,1,0
26,260279,1,1,0,0,0,1,1,93,0,25,5,2012,6,3,0,0,6,4,CR-LINDEN RD,,34,42.75691667,-83.78537778,0,42,0,0,1,1,0,4,2,10,0,10,0,0000000,3,0,3,10,88,88,22,0,0,1,1
26,260280,1,1,0,0,0,1,1,35,0,22,5,2012,3,3,25,0,4,4,CR-OLD STATE AVE,,65,43.91895,-84.86849722,0,59,0,0,1,1,0,4,2,1,0,1,0,0000000,3,30,3,36,88,88,0,0,0,1,1
26,260281,1,1,0,0,0,1,1,81,0,3,5,2012,5,20,40,0,15,4,CR-PINE ISLAND DR,,23,43.08396667,-85.65152222,0,42,0,0,1,1,0,4,5,10,0,10,0,0000000,20,42,20,48,99,99,0,0,0,1,1
26,260282,1,1,0,0,0,1,1,117,0,22,5,2012,3,8,30,0,4,4,CR-SIDNEY RD,,6,43.25359722,-84.96255833,0,30,0,0,1,1,0,4,1,1,0,1,0,0000000,8,25,8,40,99,99,22,0,0,1,0
26,260283,2,2,0,0,0,2,2,15,0,21,5,2012,2,15,0,0,3,3,SR-66,,8,42.43267222,-85.12384444,0,12,6,0,1,1,0,2,1,10,0,10,0,0000000,15,1,99,99,99,99,0,0,0,1,0
26,260284,2,2,0,0,0,2,2,87,0,21,5,2012,2,15,48,1,2,3,SR-53 VAN DYKE RD,,59,42.97317778,-83.05783056,0,12,6,0,4,1,0,1,1,1,0,1,0,0000000,15,51,16,6,99,99,0,0,0,1,0
26,260285,1,1,0,0,0,1,1,65,2700,24,5,2012,5,6,30,1,11,1,I-96,,27,42.65903889,-84.550625,0,42,0,1,18,1,0,6,1,1,0,1,0,0000000,6,37,6,40,88,88,0,0,0,1,0
26,260286,1,1,0,0,0,1,1,75,3466,22,5,2012,3,16,48,0,15,4,CR-HOYER RD,,20,42.19899167,-84.33843333,0,42,0,0,1,1,0,4,1,1,0,1,0,0000000,99,99,16,56,99,99,0,0,0,1,1
26,260287,2,2,0,0,0,6,6,69,0,26,5,2012,7,11,0,0,6,4,CR-KOKOSING RD,CHAMBERS,20,44.42479167,-83.64546389,0,12,6,0,2,2,0,1,1,1,0,1,0,0000000,11,29,11,50,99,99,22,0,0,1,0
26,260288,1,1,0,1,1,1,1,77,1084,24,5,2012,5,18,53,0,14,3,SR-96,,41,42.28838333,-85.49891111,0,8,0,0,1,1,0,2,1,1,0,1,0,0000000,18,49,18,53,88,88,0,0,0,1,1
26,260289,2,2,0,0,0,3,3,105,0,27,5,2012,1,13,16,1,2,2,US-31,,65,44.045975,-86.28021667,0,12,2,0,8,1,0,1,1,1,0,1,0,0000000,13,18,13,31,88,88,0,0,0,2,0
26,260290,4,4,0,0,0,7,7,77,2520,12,5,2012,7,12,20,0,14,6,PARKVIEW AVE,,15,42.25990278,-85.64625556,0,12,6,0,1,1,0,1,1,10,0,10,0,0000000,99,99,99,99,99,99,0,0,0,1,0
26,260291,1,1,0,0,0,3,3,107,0,27,5,2012,1,23,0,0,6,4,CR-22 MILE,150TH,28,43.78555,-85.38256944,0,1,0,0,3,2,0,2,2,1,0,1,0,0000000,23,5,23,25,99,99,22,0,0,1,0
26,260292,1,1,0,0,0,3,3,107,0,28,5,2012,2,6,3,0,6,4,CR-60TH AVE,,16,43.74955278,-85.20406111,0,42,0,0,1,1,0,4,2,99,0,99,0,0000000,6,13,6,26,99,99,0,0,0,1,1
26,260293,1,1,0,0,0,2,2,145,4350,17,5,2012,5,1,35,1,13,3,SR-46,,8,43.41124722,-83.96742222,0,1,0,0,1,1,0,1,3,1,0,1,0,0000000,99,99,99,99,99,99,0,0,0,1,1
26,260294,2,2,0,0,0,2,2,49,0,12,5,2012,7,14,23,0,14,4,CR-W PIERSON RD,PIERSON PL,20,43.06043611,-83.78378056,0,12,6,0,2,3,0,1,1,1,0,1,0,0000000,99,99,99,99,99,99,0,0,0,1,0
26,260295,2,2,0,0,0,3,3,123,0,27,5,2012,1,21,55,0,3,3,SR-37,,112,43.58091667,-85.77133056,0,11,0,0,1,1,0,1,2,1,0,1,0,0000000,21,54,22,14,99,99,14,0,0,1,0
26,260296,1,1,0,1,1,1,1,163,2065,16,5,2012,4,20,5,0,3,4,CR-GROSSE ILE PKWY,,5,42.12735833,-83.17496667,0,9,0,0,1,1,0,1,1,10,0,10,0,0000000,99,99,99,99,99,99,0,0,0,1,0
26,260297,2,2,0,0,0,3,3,65,0,26,5,2012,7,23,4,0,3,4,CR-W COLUMBIA RD,,24,42.58206111,-84.5572,0,12,2,0,1,1,0,1,2,10,0,10,0,0000000,23,2,23,15,99,99,0,0,0,1,0
26,260298,1,1,0,0,0,2,2,81,5089,25,5,2012,6,2,36,1,11,2,US-131,,163,42.998525,-85.67556944,0,5,0,1,18,1,0,1,3,10,0,10,0,0000000,99,99,99,99,88,88,0,0,0,1,1
26,260299,1,1,0,1,1,1,1,99,2761,10,5,2012,5,2,29,0,15,4,CR-COUNTY LINE RD,,12,42.728425,-82.73029444,0,8,0,0,1,1,0,1,2,5,0,5,0,0000000,99,99,99,99,88,88,0,0,0,1,1
26,260300,2,2,0,0,0,2,2,49,1931,18,5,2012,6,21,51,1,13,3,SR-54,,167,43.13773333,-83.68518056,0,12,6,0,8,1,0,1,3,1,0,1,0,0000000,21,52,21,54,99,99,0,0,0,1,0
26,260301,1,1,0,0,0,1,1,125,512,26,5,2012,7,22,16,1,13,3,SR-24,,18,42.60396944,-83.25653889,0,33,0,0,1,1,0,4,2,1,0,1,0,0000000,22,18,22,22,99,99,0,0,0,1,0
26,260302,1,1,0,0,0,3,3,91,4282,29,5,2012,3,17,10,0,6,4,CR-PLANK RD,,21,41.89918056,-84.25142222,0,34,0,0,1,1,0,4,1,1,0,1,0,0000000,17,12,17,24,99,99,22,0,0,1,1
26,260303,1,1,0,4,4,3,3,59,0,29,5,2012,3,15,25,0,4,4,CR-MONTGOMERY RD,,49,41.781825,-84.70227222,0,15,0,0,1,1,0,1,1,1,0,1,0,0000000,15,34,99,99,99,99,22,0,0,1,0
26,260304,3,3,0,0,0,3,3,87,0,25,5,2012,6,11,4,0,4,4,CR- N LAKE PLEASANT RD,,82,43.09298889,-83.17021667,0,12,1,0,1,1,0,1,1,1,0,1,0,0000000,11,5,11,9,99,99,22,0,0,1,0
26,260306,1,1,0,1,1,1,1,163,1260,12,5,2012,7,22,45,1,13,3,SR-102 8 MILE,,74,42.44523889,-83.17868056,0,8,0,0,1,1,0,1,3,1,0,1,0,0000000,99,99,99,99,99,99,0,0,0,1,0
26,260307,1,1,0,0,0,2,2,147,0,25,5,2012,6,21,58,0,3,3,SR-19,,62,43.06037222,-82.76451111,0,1,0,0,1,1,0,2,2,1,0,1,0,0000000,99,99,99,99,99,99,0,0,0,1,1
26,260308,2,2,0,0,0,2,2,99,5110,30,3,2012,6,2,38,1,13,6,MOUND RD,12 MILE RD,88,42.50621389,-83.04674167,0,12,6,0,2,2,0,1,2,1,0,1,0,0000000,99,99,99,99,99,99,0,0,0,1,0
26,260309,2,2,0,0,0,3,3,99,4380,6,4,2012,6,15,7,0,14,6,LITTLE MACK,STEPHENS,3,42.47319444,-82.90686389,0,12,6,0,2,2,0,1,1,1,0,1,0,0000000,99,99,99,99,99,99,0,0,0,1,0
26,260310,2,2,0,0,0,3,3,163,1260,8,4,2012,1,20,5,0,15,6,LAWNWOOD,MANDALE,7,42.30473611,-83.13675833,0,12,6,0,3,3,0,1,3,1,0,1,0,0000000,99,99,99,99,99,99,0,0,0,1,0
26,260311,1,1,0,0,0,1,1,69,0,10,6,2012,1,12,15,0,4,4,CR-SAND LAKE RD,,96,44.31031111,-83.68438889,0,42,0,0,1,1,0,4,1,1,0,1,0,0000000,12,23,12,37,99,99,0,0,0,1,0
26,260312,2,2,0,0,0,2,2,99,4330,24,5,2012,5,14,39,0,13,3,SR-97,W COMMON RD,54,42.51666944,-82.95204167,0,12,1,0,3,2,0,1,1,1,0,1,0,0000000,14,39,14,46,99,99,0,0,0,1,0
26,260313,1,1,0,0,0,1,1,163,4815,10,6,2012,1,1,56,0,13,2,US-24 S TELEGRAPH RD,,33,42.23648056,-83.26978056,0,33,0,0,1,1,0,3,2,1,0,1,0,0000000,1,58,2,13,99,99,0,0,0,1,1
26,260314,1,1,0,0,0,2,2,157,0,10,6,2012,1,2,30,0,4,4,CR-DICKERSON RD,,32,43.60959167,-83.53706667,0,34,0,0,1,1,0,4,2,1,0,1,0,0000000,2,32,2,45,99,99,0,0,0,1,1
26,260315,2,2,0,0,0,2,2,99,3540,8,5,2012,3,22,28,0,16,6,STEVENS,,2,42.73206667,-82.79038056,0,12,6,0,8,1,0,1,3,1,0,1,0,0000000,99,99,99,99,99,99,0,0,0,1,1
26,260316,1,1,0,0,0,2,2,109,0,10,6,2012,1,23,39,0,4,4,CR-571 RANGELINE DR,,1,45.17816111,-87.57065556,0,42,0,0,1,1,0,4,2,1,0,1,0,0000000,99,99,99,99,99,99,22,0,0,1,1
26,260317,1,1,0,0,0,1,1,93,580,8,6,2012,6,22,32,1,11,1,I-96,RAMP 005C,0,42.54472778,-83.78325278,0,52,0,1,5,1,0,4,2,1,0,1,0,0000000,22,39,22,41,88,88,0,0,0,1,1
26,260318,1,1,0,1,1,1,1,81,2553,7,6,2012,5,17,15,0,14,6,60TH,DEAVER,51,42.85455556,-85.56989167,0,9,0,0,2,3,0,1,1,1,0,1,0,0000000,17,16,17,32,88,88,0,0,0,1,0
26,260319,2,2,0,0,0,2,2,163,4815,8,6,2012,6,15,2,0,14,6,NORTHLINE RD,LANGE RD,5,42.21106111,-83.29770278,0,12,1,0,3,3,0,1,1,1,0,1,0,0000000,15,4,15,9,99,99,0,0,0,1,0
26,260320,1,1,0,0,0,2,2,27,0,9,6,2012,7,1,0,0,6,4,CR-BURLINGTON RD,,5,42.01969444,-85.83903056,0,42,0,0,1,1,0,4,2,1,0,1,0,0000000,99,99,99,99,99,99,22,0,0,1,1
26,260321,4,4,0,0,0,6,6,77,0,10,6,2012,1,19,29,1,1,1,I-94,,214,42.28213056,-85.3682,0,12,1,0,1,1,0,1,1,1,0,1,0,0000000,19,30,19,44,99,99,0,0,0,1,0
26,260322,1,1,0,0,0,1,1,161,4426,11,6,2012,2,13,40,0,14,4,CR-8 MILE RD,,16,42.42036667,-83.64685556,0,42,0,0,1,1,0,4,1,2,0,2,0,0000000,99,99,99,99,88,88,22,0,0,1,0
26,260323,2,2,0,0,0,3,3,21,448,3,6,2012,1,0,22,0,3,2,US-12,,172,41.80521389,-86.39455,0,12,8,0,1,1,0,1,2,1,0,1,0,0000000,0,26,0,32,99,99,0,0,0,1,1
26,260324,1,1,0,0,0,1,1,107,0,13,6,2012,4,16,55,1,2,2,US-131,,242,43.81127222,-85.537225,0,1,0,0,1,1,0,3,1,1,0,1,0,0000000,17,5,17,15,99,99,0,0,0,1,0
26,260325,1,1,0,1,1,1,1,163,1260,12,6,2012,3,21,25,0,16,6,KENTUCKY ST,,9,42.42998333,-83.15981667,0,8,0,0,1,1,0,1,5,1,0,1,0,0000000,99,99,99,99,99,99,0,0,0,1,0
26,260326,1,1,0,0,0,2,2,91,0,17,6,2012,1,0,30,0,4,4,CR-CROCKETT HWY,,49,41.78954167,-83.92185,0,34,0,0,1,1,0,4,2,1,0,1,0,0000000,0,33,0,38,99,99,22,0,0,1,1