STATE,ST_CASE,VE_TOTAL,VE_FORMS,PVH_INVL,PEDS,PERNOTMVIT,PERMVIT,PERSONS,COUNTY,CITY,DAY,MONTH,YEAR,DAY_WEEK,HOUR,MINUTE,NHS,ROAD_FNC,ROUTE,TWAY_ID,TWAY_ID2,MILEPT,LATITUDE,LONGITUD,SP_JUR,HARM_EV,MAN_COLL,RELJCT1,RELJCT2,TYP_INT,WRK_ZONE,REL_ROAD,LGT_COND,WEATHER1,WEATHER2,WEATHER,SCH_BUS,RAIL,NOT_HOUR,NOT_MIN,ARR_HOUR,ARR_MIN,HOSP_HR,HOSP_MN,CF1,CF2,CF3,FATALS,DRUNK_DR
26,260327,1,1,0,0,0,1,1,21,448,17,6,2012,1,13,49,0,6,4,CR-OAK FOREST RD,,7,41.77267778,-86.38723333,0,34,0,0,1,1,0,4,1,1,0,1,0,0000000,13,52,14,2,88,88,22,0,0,1,0
26,260328,1,1,0,0,0,2,2,25,0,17,6,2012,1,17,17,1,1,1,I-69,,239,42.40518611,-84.96848056,0,1,0,0,1,1,0,3,1,1,0,1,0,0000000,17,17,17,29,99,99,0,0,0,1,0
26,260329,2,2,0,0,0,2,2,77,47,15,6,2012,6,11,47,0,4,4,CR-W D AVE,N 2ND ST,14,42.37506944,-85.74669444,0,12,6,0,2,2,0,1,1,1,0,1,0,0000000,11,47,11,56,88,88,0,0,0,2,0
26,260330,2,2,0,0,0,2,2,163,0,18,6,2012,2,7,24,0,15,4,CR-5 MILE RD,BECK,20,42.39409444,-83.51033889,0,12,6,0,2,2,0,1,1,1,0,1,0,0000000,7,24,7,28,88,88,0,0,0,1,0
26,260331,3,3,0,0,0,4,4,165,526,18,6,2012,2,9,51,1,2,3,SR-115,,144,44.33039722,-85.58691667,0,12,2,0,1,1,0,1,1,2,0,2,0,0000000,10,1,10,13,99,99,0,0,0,2,0
26,260332,1,1,0,0,0,1,1,49,1730,17,6,2012,1,21,11,0,16,6,SUSAN ST,,3,43.06563056,-83.71943889,0,1,0,0,1,1,0,4,5,1,0,1,0,0000000,99,99,99,99,99,99,0,0,0,1,1
26,260333,2,1,1,0,1,1,2,163,2850,1,6,2012,6,9,3,1,11,1,I-96,,65,42.38411389,-83.31640556,0,14,0,1,18,1,0,2,1,2,0,2,0,0000000,9,2,9,2,99,99,0,0,0,1,0
26,260334,1,1,0,0,0,1,1,131,3700,18,6,2012,2,0,50,0,3,3,SR-64,,295,46.86565556,-89.32844444,0,1,0,0,1,1,0,4,3,2,0,2,0,0000000,6,10,6,17,88,88,0,0,0,1,1
26,260335,1,1,0,0,0,2,2,125,2300,19,6,2012,3,1,0,0,4,4,CR-E HOLLY RD,,22,42.79244167,-83.56918611,0,34,0,0,1,1,0,4,2,1,0,1,0,0000000,5,44,5,55,99,99,0,0,0,1,0
26,260336,1,1,0,0,0,1,1,111,0,2,6,2012,7,7,26,1,12,2,US-10,,262,43.61019722,-84.16688611,0,42,0,0,1,1,0,6,1,10,0,10,0,0000000,7,26,7,39,88,88,0,0,0,1,1
26,260337,2,2,0,0,0,2,2,45,0,12,6,2012,3,8,43,0,4,4,CR-CANAL RD,BRIDGE,70,42.64007222,-84.66178056,0,12,6,0,2,2,0,1,1,1,0,1,0,0000000,99,99,99,99,99,99,0,0,0,1,0
26,260338,2,2,0,0,0,2,2,91,4439,4,6,2012,2,12,51,0,4,4,CR-WESTON,TERRY,10,41.77003056,-84.11769444,0,12,6,0,2,2,0,1,1,10,0,10,0,0000000,12,53,13,1,99,99,0,0,0,1,0
26,260339,1,1,0,0,0,1,1,5,3755,16,6,2012,7,3,40,0,6,4,CR-147TH AVE,,30,42.76042778,-85.92576667,0,34,0,0,1,1,0,4,2,1,0,1,0,0000000,99,99,99,99,88,88,22,0,0,1,1
26,260340,1,1,0,1,1,2,2,155,0,4,6,2012,2,21,34,0,4,4,CR-BATH RD,,65,42.81963056,-84.24603056,0,9,0,0,1,1,0,1,5,1,0,1,0,0000000,21,34,21,37,99,99,22,0,0,1,0
26,260341,1,1,0,0,0,2,2,93,0,16,6,2012,7,14,34,1,12,2,US-23,,109,42.57961389,-83.73856111,0,42,0,0,1,1,0,4,1,10,0,10,0,0000000,14,34,14,49,99,99,0,0,0,1,0
26,260342,1,1,0,1,1,1,1,49,1730,2,6,2012,7,1,5,0,16,6,DARTMOUTH AVE,,8,43.04219167,-83.72406111,0,8,0,0,1,1,0,1,3,10,0,10,0,0000000,99,99,99,99,99,99,0,0,0,1,1
26,260343,2,2,0,0,0,2,2,55,0,5,6,2012,3,14,54,0,4,4,CR-KARLIN RD,,48,44.603775,-85.76389444,0,12,2,0,8,1,0,1,1,1,0,1,0,0000000,15,46,99,99,88,88,22,0,0,1,0
26,260344,2,2,0,0,0,3,3,49,0,3,6,2012,1,13,17,0,13,4,CR-HILL RD,TORREY RD,64,42.94389444,-83.731775,0,12,6,0,2,2,0,1,1,1,0,1,0,0000000,13,17,13,23,99,99,0,0,0,1,0
26,260345,2,2,0,0,0,3,3,121,0,16,6,2012,7,16,15,0,4,4,CR-HEIGHTS RAVENNA,,77,43.19149444,-86.02772778,0,12,2,0,1,1,0,1,1,2,0,2,0,0000000,99,99,99,99,99,99,0,0,0,1,0
26,260346,2,2,0,0,0,6,6,163,1260,18,6,2012,2,8,25,0,15,6,BRUSH ST,HANCOCK ST,2,42.35865,-83.05981944,0,12,6,0,2,2,0,1,1,10,0,10,0,0000000,99,99,99,99,99,99,0,0,0,1,0
26,260347,2,2,0,0,0,5,5,25,0,19,6,2012,3,21,4,0,14,4,CR-9 MILE RD,D DR N,10,42.27586667,-85.12033056,0,12,6,0,2,2,0,1,1,1,0,1,0,0000000,21,4,21,10,88,88,0,0,0,1,1
26,260348,1,1,0,0,0,1,1,27,0,17,6,2012,1,0,4,0,4,4,CR-REDFIELD ST,,43,41.76789167,-86.15501944,0,42,0,0,1,1,0,4,2,6,0,6,0,0000000,0,5,0,10,88,88,0,0,0,1,1
26,260349,1,1,0,0,0,2,2,67,0,7,6,2012,5,12,45,0,6,4,CR-SMOKEY ROW RD,,4,42.98708889,-85.00577778,0,35,0,0,1,1,0,4,1,1,0,1,0,0000000,99,99,99,99,88,88,0,0,0,2,0
26,260350,1,1,0,0,0,2,2,99,1009,20,6,2012,4,20,41,0,13,4,CR-CASS AVE,ROMEO PLANK RD,0,42.61138611,-82.93203333,0,33,0,0,2,6,0,4,1,1,0,1,0,0000000,20,42,20,43,99,99,0,0,0,1,0
26,260351,1,1,0,1,1,2,2,163,1260,5,6,2012,3,23,15,1,13,3,SR-1,,26,42.38357222,-83.08221944,0,8,0,0,1,1,0,1,2,1,0,1,0,0000000,99,99,99,99,99,99,0,0,0,1,0
26,260352,2,2,0,0,0,3,3,81,0,21,6,2012,5,14,14,0,3,4,CR-FRUIT RIDGE AVE,12 MILE RD,91,43.14701667,-85.76991667,0,12,6,0,2,2,0,1,1,2,0,2,0,0000000,14,14,14,44,99,99,22,0,0,1,0
26,260353,2,2,0,1,1,1,1,59,0,22,6,2012,6,7,5,0,14,4,CR-HOMER RD,,42,41.96679167,-84.65131111,0,8,0,0,1,1,0,1,1,1,0,1,0,0000000,7,9,7,20,99,99,14,0,0,1,0
26,260354,2,2,0,0,0,3,3,161,4426,22,6,2012,6,18,32,0,3,4,CR-N TERRITORIAL RD,,262,42.36997778,-83.58536944,0,12,6,0,8,1,0,1,1,1,0,1,0,0000000,18,33,18,45,99,99,0,0,0,1,0
26,260355,1,1,0,0,0,1,1,129,0,9,6,2012,7,15,30,0,2,3,SR-33,,214,44.46674444,-84.12732778,0,42,0,0,1,1,0,4,1,1,0,1,0,0000000,15,31,15,41,88,88,0,0,0,1,0
26,260356,1,1,0,0,0,1,1,79,0,23,6,2012,7,1,39,0,4,4,CR-612,,34,44.77113333,-85.01535833,0,30,0,0,1,1,0,4,2,5,0,5,0,0000000,1,39,1,53,88,88,0,0,0,1,1
26,260357,1,1,0,0,0,2,2,59,0,9,6,2012,7,18,50,0,99,4,CR-PLEASANT RD,,3,41.88121944,-84.57703333,0,43,0,0,1,1,0,4,1,1,0,1,0,0000000,18,54,19,1,99,99,0,0,0,1,1
26,260358,1,1,0,0,0,2,2,69,228,24,6,2012,1,8,0,1,2,2,US-24 HURON RD,,198,44.35900556,-83.33643611,0,42,0,0,1,1,0,4,1,10,0,10,0,0000000,8,2,8,8,88,88,0,0,0,2,0
26,260359,1,1,0,0,0,2,2,125,3641,24,6,2012,1,1,55,1,11,1,I-696 RAMP 006A,,0,42.47996667,-83.20689167,0,33,0,1,5,1,0,8,3,10,0,10,0,0000000,2,0,2,5,99,99,0,0,0,1,0
26,260360,1,1,0,0,0,1,1,59,0,15,6,2012,6,2,15,0,5,4,CR-LONG LAKE RD,,24,41.81085,-84.78652778,0,1,0,0,1,1,0,4,2,1,0,1,0,0000000,99,99,99,99,99,99,22,0,0,1,1
26,260361,1,1,0,0,0,2,2,99,2181,22,6,2012,6,3,14,1,11,1,I-94,,0,42.57233333,-82.85596944,0,1,0,1,5,1,0,8,2,1,0,1,0,0000000,3,2,3,18,99,99,20,0,0,1,0
26,260362,2,2,0,0,0,8,8,161,0,22,6,2012,6,14,51,1,12,2,US-23,,84,42.20433333,-83.68506944,0,12,7,1,18,1,0,1,1,1,0,1,0,0000000,99,99,99,99,99,99,0,0,0,2,0
26,260363,2,2,0,0,0,3,3,65,0,23,6,2012,7,18,16,0,14,3,SR-52 GRAND RIVER RD,,34,42.675025,-84.21436944,0,12,6,0,8,1,0,1,1,10,0,10,0,0000000,18,16,99,99,99,99,0,0,0,1,0
26,260364,1,1,0,0,0,1,1,163,4815,23,6,2012,7,23,50,1,11,1,I-75,,100,42.20762222,-83.22967222,0,59,0,1,18,1,0,8,2,1,0,1,0,0000000,99,99,99,99,99,99,0,0,0,1,0
26,260365,1,1,0,0,0,1,1,163,1260,7,6,2012,5,2,40,1,11,1,I-375,,4,42.33268889,-83.03606944,0,26,0,1,18,1,0,3,3,1,0,1,0,0000000,2,41,99,99,99,99,0,0,0,1,1
26,260366,2,2,0,0,0,6,6,99,4521,25,6,2012,2,20,46,0,13,4,CR-23 MILE RD,HAYES RD,62,42.66884167,-83.06351111,0,12,6,0,2,2,0,1,1,1,0,1,0,0000000,20,47,20,55,99,99,0,0,0,2,1
26,260367,4,4,0,0,0,5,5,77,4030,25,6,2012,2,17,9,1,11,1,I-94,PORTAGE RD,3,42.243725,-85.56086389,0,12,1,1,3,1,0,1,1,1,0,1,0,0000000,17,11,17,14,99,99,0,0,0,1,0
26,260368,1,1,0,0,0,1,1,131,438,25,6,2012,2,20,51,1,2,3,SR-28,,66,46.58207222,-89.61124444,0,11,0,0,1,1,0,1,1,1,0,1,0,0000000,21,0,21,15,99,99,0,0,0,1,0
26,260369,2,2,0,0,0,3,3,49,686,8,6,2012,6,3,50,0,13,6,S CENTER RD,E LIPPINCOTT BLVD,51,43.00418056,-83.63451944,0,12,6,0,2,2,0,1,3,1,0,1,0,0000000,3,56,4,3,99,99,0,0,0,1,1
26,260370,1,1,0,1,1,1,1,161,0,26,6,2012,3,18,4,0,14,4,CR-TERRITORIAL RD,DEXTER PINCKNEY RD,88,42.38748056,-83.91715278,0,9,0,0,3,2,0,1,1,1,0,1,0,0000000,18,4,18,7,99,99,0,0,0,1,0
26,260371,1,1,0,1,1,2,2,65,2700,22,6,2012,6,4,33,1,11,1,I-496,,36,42.72651111,-84.532925,0,8,0,1,18,1,0,1,3,1,0,1,0,0000000,4,33,4,36,99,99,0,0,0,1,0
26,260372,2,2,0,0,0,3,3,115,2413,23,6,2012,7,21,43,0,5,4,CR-SECOR RD,,2,41.82464444,-83.62828889,0,1,0,0,8,1,0,1,2,1,0,1,0,0000000,21,46,21,58,99,99,22,0,0,1,1
26,260373,2,2,0,0,0,3,3,81,6,19,6,2012,3,19,12,0,13,3,SR-21,GRAND RIVER DR NE,103,42.96311944,-85.53526944,0,12,6,0,2,2,0,1,1,1,0,1,0,0000000,19,12,19,19,99,99,0,0,0,1,1
26,260374,3,3,0,0,0,4,4,19,430,27,6,2012,4,7,38,0,3,3,SR-115 FRANKFORT HWY,,63,44.62155278,-86.10366111,0,12,8,0,1,1,0,1,1,1,0,1,0,0000000,7,38,7,49,99,99,0,0,0,1,0
26,260375,2,2,0,0,0,4,4,77,0,20,6,2012,4,17,34,0,14,3,SR-43 GULL RD,28TH ST,51,42.34024722,-85.49340556,0,12,6,0,2,2,0,1,1,1,0,1,0,0000000,17,44,17,50,99,99,0,0,0,1,0
26,260376,2,2,0,0,0,2,2,91,2390,27,6,2012,4,5,30,0,3,3,SR-34 E MAIN ST,,6,41.85501111,-84.34957778,0,12,1,0,1,1,0,1,3,1,0,1,0,0000000,5,33,5,38,99,99,0,0,0,1,0
26,260377,2,2,0,0,0,2,2,145,565,27,6,2012,4,22,29,0,4,4,CR-CURTIS RD,DORWOOD RD,10,43.32208889,-83.91448611,0,1,0,0,2,2,0,1,3,1,0,1,0,0000000,22,29,99,99,99,99,0,0,0,1,0
26,260378,3,3,0,0,0,4,4,163,1260,25,6,2012,2,22,45,0,14,6,MT ELLIOT,HILDALE,16,42.43006111,-83.03877778,0,12,6,0,2,2,0,1,3,1,0,1,0,0000000,99,99,99,99,99,99,14,0,0,2,1
26,260379,1,1,0,0,0,2,2,45,0,27,6,2012,4,22,33,0,3,3,SR-50 E CLINTON TRL,,74,42.52628056,-84.70156389,0,32,0,0,1,1,0,4,2,1,0,1,0,0000000,99,99,99,99,99,99,0,0,0,2,1
26,260380,2,2,0,0,0,2,2,125,4340,15,6,2012,6,14,10,0,15,6,NORMANDY RD,NORMANDY CT,12,42.52513611,-83.18104722,0,12,1,0,3,3,0,1,1,1,0,1,0,0000000,99,99,99,99,99,99,0,0,0,1,0
26,260381,1,1,0,1,1,1,1,115,0,30,6,2012,7,2,51,0,6,4,CR-HEISS RD,,13,41.97376111,-83.39560556,0,8,0,0,1,1,0,1,2,1,0,1,0,0000000,3,39,3,47,88,88,22,0,0,1,1
26,260382,1,1,0,0,0,1,1,103,0,27,6,2012,4,12,20,0,6,4,CR-BUSHY CREEK TRUCK TRL,,27,46.73462778,-87.69778333,0,1,0,0,1,1,0,2,1,1,0,1,0,0000000,12,20,12,40,99,99,0,0,0,1,0
26,260383,1,1,0,1,1,1,1,99,2934,25,6,2012,2,23,17,0,14,4,CR-24 MILE RD,,63,42.68603889,-82.97149722,0,8,0,0,1,1,0,1,2,1,0,1,0,0000000,99,99,99,99,88,88,0,0,0,1,0
26,260384,2,2,0,0,0,5,5,163,1260,26,6,2012,3,12,48,1,11,1,I-96,,133,42.378925,-83.19321111,0,12,7,0,1,1,0,1,1,1,0,1,1,0000000,99,99,99,99,99,99,0,0,0,1,0
26,260385,2,2,0,0,0,3,3,163,1260,14,6,2012,5,10,45,0,13,6,WARREN AVE,CHALMERS,68,42.39543889,-82.95880556,0,12,6,0,2,2,0,1,1,1,0,1,0,0000000,99,99,99,99,99,99,0,0,0,1,0
26,260386,1,1,0,0,0,1,1,73,0,24,6,2012,1,13,17,0,4,4,CR-BRINTON RD,,224,43.80833611,-85.00742222,0,1,0,0,1,1,0,2,1,10,0,10,0,0000000,13,20,13,32,88,88,22,0,0,1,0
26,260387,1,1,0,1,1,1,1,93,0,24,6,2012,1,21,52,0,13,4,CR-GRAND RIVER AVE,,137,42.59974167,-83.9095,0,8,0,0,1,1,0,1,2,1,0,1,0,0000000,99,99,99,99,99,99,0,0,0,1,0
26,260388,1,1,0,0,0,2,2,115,0,29,6,2012,6,16,57,0,5,4,CR-NEWPORT SOUTH RD,,15,41.98071111,-83.32036944,0,43,0,0,1,1,0,5,1,1,0,1,0,0000000,17,0,17,18,99,99,0,0,0,1,0
26,260389,1,1,0,0,0,1,1,163,5140,18,6,2012,2,21,45,1,13,6,EUREKA,,56,42.19671944,-83.29741389,0,33,0,0,1,1,0,4,3,1,0,1,0,0000000,99,99,99,99,99,99,0,0,0,1,0
26,260390,1,1,0,0,0,1,1,35,0,2,6,2012,7,15,55,0,4,4,CR-OLD STATE RD,,39,43.88343056,-84.86599444,0,43,0,0,1,1,0,4,1,10,0,10,0,0000000,99,99,99,99,88,88,0,0,0,1,1
26,260391,3,3,0,0,0,3,3,49,0,29,6,2012,6,12,20,0,14,4,CR-LAPEER RD,CHARTER OAKS DR,72,43.0121,-83.54193333,0,12,1,0,8,1,0,1,1,10,0,10,0,0000000,99,99,99,99,99,99,0,0,0,1,0
26,260392,1,1,0,2,2,1,1,81,0,2,4,2012,2,19,45,0,3,4,CR-13 MILE RD,,87,43.16075833,-85.61901667,0,9,0,0,1,1,0,2,1,1,0,1,0,0000000,99,99,99,99,99,99,22,0,0,1,0
26,260393,1,1,0,0,0,1,1,115,0,30,6,2012,7,2,39,0,14,4,CR-NADEAU RD,,5,41.96406389,-83.36424722,0,59,0,0,1,1,0,4,2,1,0,1,0,0000000,2,49,2,56,99,99,0,0,0,1,1
26,260394,1,1,0,1,1,2,2,117,0,25,6,2012,2,18,44,0,4,4,CR-W SYDNEY RD,,4,43.25000556,-85.30396389,0,8,0,0,1,1,0,1,1,1,0,1,0,0000000,18,43,18,57,99,99,0,0,0,1,0
26,260395,2,2,0,0,0,3,3,165,700,22,6,2012,6,10,55,0,13,3,SR-131 S MITCHELL ST,PEARL ST,14,44.23731944,-85.39640833,0,12,6,0,2,3,0,1,1,1,0,1,0,0000000,10,56,11,0,99,99,0,0,0,1,0
26,260396,1,1,0,0,0,1,1,163,1260,10,6,2012,1,0,22,0,14,6,E GRAND BLVD,,45,42.37430833,-83.06125833,0,21,0,0,1,1,3,3,2,1,0,1,0,0000000,99,99,99,99,99,99,0,0,0,1,0
26,260397,1,1,0,0,0,1,1,31,0,1,7,2012,1,2,43,0,4,4,CR-N EAST MULLETT LAKE RD,,66,45.47341667,-84.54755278,0,34,0,0,1,1,0,4,2,1,0,1,0,0000000,2,45,2,59,88,88,0,0,0,1,1
26,260398,1,1,0,1,1,1,1,163,1260,15,6,2012,6,0,45,0,14,6,CONANT ST,FREDRO ST,19,42.40928889,-83.05725278,0,8,0,0,2,3,0,1,3,1,0,1,0,0000000,99,99,99,99,99,99,0,0,0,1,0
26,260399,2,2,0,0,0,7,7,73,0,1,7,2012,1,18,44,0,3,4,CR-S SHEPHERD RD,S BROOMFIELD RD,80,43.58274167,-84.6878,0,12,6,0,2,2,0,1,1,1,0,1,0,0000000,99,99,99,99,99,99,0,0,0,1,0
26,260400,1,1,0,0,0,2,2,97,0,3,7,2012,3,18,52,0,6,4,CR-GOULD CITY RD,MCCONNEL RD,157,46.18746667,-85.69725278,0,1,0,0,3,3,0,1,1,1,0,1,0,0000000,19,1,19,11,99,99,22,0,0,1,0
26,260401,2,2,0,0,0,4,4,27,0,8,7,2012,1,13,34,0,3,3,SR-60,,46,41.84186667,-86.1541,0,12,2,0,1,1,0,1,1,1,0,1,0,0000000,13,38,13,46,88,88,0,0,0,1,0
26,260402,1,1,0,0,0,4,4,115,0,3,7,2012,3,23,0,1,1,1,I-75,,217,42.00858056,-83.31079444,0,24,0,1,18,1,0,3,2,10,0,10,0,0000000,99,99,99,99,99,99,0,0,0,1,0
26,260403,1,1,0,1,1,3,3,163,2850,1,7,2012,1,20,25,0,16,4,CR-JAMISON,,3,42.39464167,-83.32884444,0,15,0,0,8,1,0,4,1,1,0,1,0,0000000,20,26,20,30,99,99,0,0,0,1,0
26,260404,2,2,0,0,0,2,2,5,0,7,7,2012,7,0,53,0,6,4,CR-37TH ST,111TH,25,42.49559722,-85.90591667,0,12,6,0,2,3,0,1,2,1,0,1,0,0000000,99,99,99,99,88,88,22,0,0,1,1
26,260405,1,1,0,1,1,1,1,17,320,8,7,2012,1,2,35,0,13,6,MIDLAND ST,,128,43.60202778,-83.91251389,0,8,0,0,1,1,0,1,3,1,0,1,0,0000000,2,36,2,39,99,99,0,0,0,1,0
26,260406,1,1,0,0,0,1,1,159,4570,8,7,2012,1,0,0,0,14,4,CR-BLUE STAR HWY,,103,42.37287778,-86.28101389,0,42,0,0,1,1,0,4,2,2,0,2,0,0000000,99,99,99,99,88,88,22,0,0,1,0
26,260407,1,1,0,1,1,1,1,121,3450,2,7,2012,2,12,54,0,16,6,ALLEY WEST OF 6TH,SOUTHERN AVE,7,43.22480556,-86.25050833,0,15,0,0,3,2,0,1,1,1,0,1,0,0000000,99,99,99,99,88,88,0,0,0,1,0
26,260408,1,1,0,1,1,1,1,155,0,9,7,2012,2,13,36,0,4,4,CR-E BEARD RD,,183,42.80891667,-83.96921944,0,9,0,0,1,1,0,1,1,1,0,1,0,0000000,13,37,13,44,99,99,22,0,0,1,0
26,260409,1,1,0,1,1,2,2,163,1260,5,7,2012,5,17,25,0,15,6,JEFFRIES SERVICE DR,SORRENTO ST,3,42.384275,-83.17076389,0,9,0,0,3,3,0,1,1,1,0,1,0,0000000,99,99,99,99,99,99,0,0,0,1,0
26,260410,2,2,0,0,0,4,4,85,0,4,7,2012,4,14,23,0,6,4,CR-W 32ND ST,,0,43.93026667,-85.91966111,0,12,2,0,1,1,0,1,1,1,0,1,0,0000000,14,25,14,33,99,99,22,0,0,1,0
26,260411,1,1,0,1,1,1,1,25,310,5,7,2012,5,16,39,0,14,3,SR-89,,37,42.34518611,-85.23293056,0,8,0,0,1,1,0,1,1,1,0,1,0,0000000,16,40,16,46,88,88,0,0,0,1,0
26,260412,2,2,0,0,0,4,4,163,1260,6,7,2012,6,3,5,0,13,6,7 MILE RD,VAN DYKE ST,209,42.43396667,-83.02424444,0,12,6,0,2,2,0,1,3,1,0,1,0,0000000,99,99,99,99,99,99,0,0,0,1,0
26,260413,2,2,0,0,0,4,4,55,0,10,7,2012,3,21,24,0,4,3,SR-37 CENTER RD,GRAY RD,54,44.83778611,-85.536425,0,12,2,0,3,3,0,1,5,1,0,1,0,0000000,21,24,21,36,88,88,0,0,0,1,1
26,260414,1,1,0,1,1,1,1,117,0,6,7,2012,6,5,29,1,2,3,SR-46,,2,43.42633056,-85.47298333,0,8,0,0,1,1,0,1,2,1,0,1,0,0000000,5,30,5,40,88,88,0,0,0,1,0
26,260415,2,2,0,0,0,2,2,111,0,12,7,2012,5,9,47,0,16,4,CR-E ASHBY RD,S GREY RD,7,43.59031111,-84.277625,0,12,6,0,2,2,0,1,1,1,0,1,0,0000000,9,49,9,59,88,88,0,0,0,1,0
26,260416,1,1,0,1,1,2,2,33,4345,7,7,2012,7,18,0,0,4,4,CR-MACKINAC TRAIL,,23,46.25281944,-84.55655278,0,9,0,0,1,1,0,1,1,1,0,1,0,0000000,18,0,18,6,99,99,0,0,0,1,0
26,260417,1,1,0,0,0,2,2,15,0,12,7,2012,5,19,15,0,3,3,SR-179,,22,42.63510278,-85.50504167,0,34,0,0,1,1,0,4,1,1,0,1,0,0000000,19,16,19,25,99,99,0,0,0,1,1
26,260418,1,1,0,0,0,4,4,77,1084,8,7,2012,1,9,50,1,13,4,CR-SPRINKLE RD,,90,42.30157778,-85.52881389,0,42,0,0,1,1,0,4,1,1,0,1,0,0000000,9,50,9,55,99,99,0,0,0,2,0
26,260419,1,1,0,0,0,1,1,49,686,14,7,2012,7,1,55,1,11,1,I-475,,35,42.96875278,-83.68236944,0,35,0,0,1,1,0,3,2,1,0,1,0,0000000,2,5,2,15,99,99,0,0,0,1,1
26,260420,1,1,0,1,1,1,1,115,0,7,7,2012,7,21,45,0,6,4,CR-DIXON RD,,55,41.94031389,-83.50966667,0,8,0,0,1,1,0,1,5,1,0,1,0,0000000,21,48,21,52,88,88,0,0,0,1,1
26,260421,1,1,0,0,0,1,1,93,0,14,7,2012,7,4,11,0,14,4,CR-9 MILE RD,,25,42.4421,-83.74741389,0,35,0,0,1,1,0,4,2,1,0,1,0,0000000,4,12,4,24,99,99,0,0,0,1,1
26,260422,2,2,0,0,0,2,2,157,4915,13,7,2012,6,13,17,0,6,4,CR-RICHVILLE RD,WEAVER RD,17,43.36543889,-83.66458889,0,12,6,0,2,2,0,1,1,1,0,1,0,0000000,99,99,99,99,99,99,22,0,0,1,0
26,260423,2,2,0,0,0,3,3,67,2440,7,7,2012,7,23,25,0,14,3,SR-66,,142,42.97577778,-85.06999167,0,12,2,0,1,1,0,1,3,1,0,1,0,0000000,23,26,23,30,99,99,0,0,0,1,0
26,260424,2,2,0,1,1,5,5,111,0,15,7,2012,1,1,27,1,2,3,SR-20 ISABELLA RD,,16,43.61031944,-84.57634444,0,8,0,0,1,1,0,1,2,2,0,2,0,0000000,1,30,1,32,88,88,14,0,0,1,0
26,260425,1,1,0,0,0,1,1,139,0,14,7,2012,7,2,30,0,6,4,CR-96TH AVE,,18,43.09637778,-86.02707778,0,35,0,0,1,1,0,4,2,1,0,1,0,0000000,9,2,9,8,88,88,22,0,0,1,1
26,260426,1,1,0,0,0,1,1,91,0,17,7,2012,3,16,1,0,4,4,CR-RODESILER,,1,41.88240833,-83.77301389,0,1,0,0,1,1,0,4,1,1,0,1,0,0000000,99,99,99,99,88,88,22,0,0,1,1
26,260427,1,1,0,0,0,2,2,81,2010,9,7,2012,2,14,34,0,16,6,COLLINDALE AVE,,5,42.96461944,-85.73691111,0,40,0,0,1,1,0,4,1,10,0,10,0,0000000,14,20,14,32,99,99,0,0,0,1,0
26,260428,1,1,0,0,0,3,3,65,2700,22,7,2012,1,2,43,0,13,3,SR-99 S CEDAR ST,,105,42.72434722,-84.545175,0,30,0,0,1,1,0,4,3,1,0,1,0,0000000,2,44,2,48,99,99,0,0,0,1,1
26,260429,1,1,0,2,2,2,2,103,3050,4,7,2012,4,22,28,1,13,2,US-12,GENESEE ST,232,46.53393889,-87.39645,0,8,0,0,3,2,0,1,3,2,0,2,0,0000000,99,99,99,99,99,99,0,0,0,1,1
26,260430,1,1,0,2,2,1,1,77,1084,12,7,2012,5,7,29,0,5,4,CR-29TH ST,,65,42.24925833,-85.48233611,0,8,0,0,1,1,0,2,1,1,0,1,0,0000000,99,99,99,99,99,99,22,0,0,1,0
26,260431,1,1,0,1,1,1,1,45,0,14,7,2012,7,8,15,0,14,3,SR-43,,143,42.75315833,-84.76889444,0,9,0,0,1,1,0,2,1,1,0,1,0,0000000,99,99,99,99,99,99,0,0,0,1,0
26,260432,1,1,0,0,0,4,4,23,0,20,7,2012,6,17,58,0,6,4,CR-KELLEY RD,,8,41.77090833,-84.83014167,0,1,0,0,1,1,0,1,1,1,0,1,0,0000000,17,58,18,19,99,99,22,0,0,1,0
26,260433,2,2,0,0,0,3,3,163,4815,17,7,2012,3,17,0,0,13,6,ECORSE RD,BEECH DALY RD,133,42.25484722,-83.2893,0,12,6,0,2,2,0,1,1,1,0,1,0,0000000,17,0,17,10,99,99,0,0,0,1,0
26,260434,1,1,0,1,1,2,2,157,0,15,7,2012,1,4,55,0,3,3,SR-24 MERTZ RD,,129,43.47598889,-83.38653611,0,8,0,0,1,1,0,1,2,2,0,2,0,0000000,99,99,99,99,88,88,0,0,0,1,0
26,260435,1,1,0,0,0,2,2,23,0,20,7,2012,6,2,9,0,3,3,SR-60/66,,8,42.05666944,-85.27933611,0,35,0,0,1,1,0,4,2,1,0,1,0,0000000,2,0,2,10,99,99,0,0,0,1,1
26,260436,2,2,0,0,0,4,4,25,310,20,7,2012,6,15,42,0,15,6,LIMIT ST,W GOODALE AVE,7,42.34058889,-85.21005556,0,12,6,0,2,2,0,1,1,1,0,1,0,0000000,15,42,15,48,99,99,0,0,0,1,0
26,260437,1,1,0,0,0,2,2,163,1260,15,7,2012,1,6,35,1,11,1,I-94,,184,42.27628333,-83.20399444,0,21,0,1,18,1,0,4,4,10,0,10,0,0000000,99,99,99,99,99,99,0,0,0,1,1
26,260438,2,2,0,0,0,3,3,49,0,19,7,2012,5,13,47,0,14,4,CR-W HILL RD,S ELMS RD,24,42.94269167,-83.81074722,0,12,6,0,2,2,0,1,1,1,0,1,0,0000000,99,99,99,99,99,99,0,0,0,1,0