STATE,ST_CASE,VE_TOTAL,VE_FORMS,PVH_INVL,PEDS,PERNOTMVIT,PERMVIT,PERSONS,COUNTY,CITY,DAY,MONTH,YEAR,DAY_WEEK,HOUR,MINUTE,NHS,ROAD_FNC,ROUTE,TWAY_ID,TWAY_ID2,MILEPT,LATITUDE,LONGITUD,SP_JUR,HARM_EV,MAN_COLL,RELJCT1,RELJCT2,TYP_INT,WRK_ZONE,REL_ROAD,LGT_COND,WEATHER1,WEATHER2,WEATHER,SCH_BUS,RAIL,NOT_HOUR,NOT_MIN,ARR_HOUR,ARR_MIN,HOSP_HR,HOSP_MN,CF1,CF2,CF3,FATALS,DRUNK_DR
26,260439,2,2,0,0,0,2,2,163,1260,19,7,2012,5,22,0,0,4,6,BURT RD,SCHOOLCRAFT ST,20,42.38606667,-83.24658611,0,12,6,0,2,2,0,1,3,10,0,10,0,0000000,99,99,99,99,99,99,0,0,0,1,1
26,260440,1,1,0,0,0,1,1,21,0,23,7,2012,2,13,20,0,6,4,CR-HENNESEY RD,,55,42.15841667,-86.28111389,0,1,0,0,1,1,0,4,1,1,0,1,0,0000000,99,99,99,99,99,99,0,0,0,1,0
26,260441,1,1,0,0,0,2,2,29,4395,22,7,2012,1,22,37,0,6,4,CR-GULL HARBOR RD,,7,45.74706389,-85.49805278,0,1,0,0,1,1,0,4,2,1,0,1,0,0000000,22,45,22,53,99,99,0,0,0,1,0
26,260442,1,1,0,1,1,1,1,117,2350,20,7,2012,6,2,28,0,6,6,EDGERTON ST,,6,43.39728889,-85.47449444,0,8,0,0,1,1,0,1,2,10,0,10,0,0000000,2,27,2,32,88,88,0,0,0,1,1
26,260443,2,2,0,1,1,1,1,163,1260,8,7,2012,1,15,0,1,11,1,I-75,,35,42.37450278,-83.06031111,0,12,1,1,18,1,0,1,1,10,0,10,0,0000000,15,1,15,1,99,99,19,0,0,1,0
26,260444,2,2,0,0,0,4,4,163,738,24,7,2012,3,2,7,1,13,2,US-12 E MICHIGAN AVE,S CANTON CENTER RD,34,42.27170833,-83.48732222,0,12,6,0,2,2,0,1,2,1,0,1,0,0000000,2,7,2,12,99,99,0,0,0,2,1
26,260445,1,1,0,0,0,1,1,125,0,24,7,2012,3,20,0,0,3,4,CR-N HOLLY RD,,30,42.84916944,-83.6296,0,1,0,0,1,1,0,4,1,1,0,1,0,0000000,20,0,20,10,88,88,0,0,0,1,1
26,260446,1,1,0,0,0,4,4,25,0,20,7,2012,6,16,27,0,14,4,CR-CAPITAL RD,,3,42.23553056,-85.19826944,0,42,0,0,1,1,0,4,1,10,0,10,0,0000000,16,27,16,35,99,99,0,0,0,1,0
26,260447,2,2,0,0,0,3,3,163,5176,24,7,2012,3,21,22,0,13,6,EDWARD HINES DR,ANN ARBOR TRAIL,71,42.35101667,-83.37218333,0,12,6,0,2,2,0,1,3,10,0,10,0,0000000,21,23,21,31,99,99,0,0,0,1,1
26,260448,1,1,0,1,1,1,1,89,0,22,7,2012,1,8,39,0,4,4,CR-643,,80,44.93327778,-85.72836944,0,8,0,0,1,1,0,2,1,1,0,1,0,0000000,8,40,8,50,88,88,22,0,0,1,0
26,260449,1,1,0,0,0,2,2,45,0,14,7,2012,7,6,53,0,6,4,CR-W ST JOSEPH HWY,,99,42.72657222,-84.86168889,0,1,0,0,1,1,0,4,4,1,0,1,0,0000000,99,99,99,99,99,99,0,0,0,1,0
26,260450,2,2,0,0,0,2,2,121,3450,21,7,2012,7,21,22,0,16,6,CATHERINE AVE,WILLIAMS ST,7,43.23128056,-86.23234167,0,12,6,0,2,2,0,1,5,1,0,1,0,0000000,99,99,99,99,99,99,0,0,0,1,0
26,260451,1,1,0,1,1,2,2,81,2010,7,7,2012,7,13,13,0,14,6,MADISON AVE SE,DELAWARE ST SE,44,42.94582778,-85.65903889,0,9,0,0,2,3,0,1,1,1,0,1,0,0000000,13,13,13,20,99,99,0,0,0,1,0
26,260452,1,1,0,0,0,1,1,65,0,14,7,2012,7,9,55,0,15,4,CR-E SHERWOOD RD,,37,42.71535556,-84.28740556,0,42,0,0,1,1,0,4,1,1,0,1,0,0000000,9,58,10,4,99,99,0,0,0,1,0
26,260453,2,2,0,0,0,2,2,125,0,24,7,2012,3,12,2,0,14,4,CR-SASHABAW RD,BELLA ROSE BLVD.,49,42.74935833,-83.38023056,0,12,1,0,3,3,0,1,1,10,0,10,0,0000000,12,3,12,9,99,99,0,0,0,1,0
26,260454,2,2,0,0,0,4,4,141,0,7,7,2012,7,18,53,0,4,4,CR-E 638 HWY,GRAND POINT RD,14,45.33373611,-83.54693333,0,12,6,0,2,3,0,1,1,1,0,1,0,0000000,18,53,19,11,99,99,0,0,0,1,0
26,260455,2,2,0,0,0,3,3,117,0,25,7,2012,4,17,37,0,3,3,SR-91 S GREENVILLE RD,,8,43.13114444,-85.26323611,0,12,2,0,1,1,0,1,1,1,0,1,0,0000000,17,40,17,47,99,99,0,0,0,1,1
26,260456,2,2,0,0,0,7,7,27,2601,13,7,2012,6,17,43,0,3,4,CR-POKAGON HWY,DAILEY RD,47,41.91200556,-86.08760556,0,12,6,0,2,2,0,1,1,10,0,10,0,0000000,99,99,99,99,99,99,22,0,0,1,0
26,260457,2,2,0,0,0,3,3,27,0,22,7,2012,1,10,22,0,3,2,US-12,,38,41.78253056,-86.17191389,0,1,0,0,1,1,1,2,1,10,0,10,0,0000000,10,22,99,99,88,88,0,0,0,1,0
26,260458,1,1,0,0,0,1,1,43,0,24,7,2012,3,20,45,0,4,4,CR-573,,31,45.80095556,-87.85221389,0,34,0,0,1,1,0,4,2,1,0,1,0,0000000,99,99,99,99,88,88,22,0,0,1,1
26,260459,2,2,0,0,0,2,2,67,3420,20,7,2012,6,14,39,0,3,3,SR-21,PLAINST ST,132,43.002025,-84.93628611,0,12,6,0,3,2,0,1,1,10,0,10,0,0000000,14,39,14,40,99,99,0,0,0,1,0
26,260460,1,1,0,0,0,4,4,81,0,28,7,2012,7,2,13,1,11,1,I-196,,95,42.97341389,-85.68593056,0,25,0,1,18,1,0,3,3,1,0,1,0,0000000,2,13,2,13,99,99,0,0,0,1,1
26,260461,3,1,2,0,0,1,1,145,565,22,7,2012,1,23,15,0,14,4,CR-KING,,5,43.37943333,-83.90713889,0,53,0,0,1,1,0,4,3,1,0,1,0,0000000,23,16,23,20,88,88,0,0,0,1,1
26,260462,1,1,0,0,0,1,1,49,1931,26,7,2012,5,3,17,0,16,4,CR- E STANLEY RD,,3,43.10603333,-83.61245,0,42,0,0,1,1,0,4,3,2,0,2,0,0000000,3,19,3,30,88,88,22,0,0,1,0
26,260463,2,2,0,0,0,3,3,125,1081,28,7,2012,7,18,25,0,14,4,CR-NEWTON RD,,12,42.58701111,-83.47194444,0,1,0,0,1,1,0,1,1,1,0,1,0,0000000,18,25,18,32,99,99,0,0,0,1,1
26,260464,1,1,0,0,0,1,1,125,4251,6,7,2012,6,21,25,0,14,3,SR-59,,52,42.63457222,-83.18919444,0,42,0,0,1,1,0,4,2,1,0,1,0,0000000,99,99,99,99,99,99,0,0,0,1,0
26,260465,1,1,0,0,0,1,1,121,0,28,7,2012,7,0,9,0,4,4,CR-W RIVER RD,,49,43.29655556,-86.28527222,0,35,0,0,1,1,0,4,2,1,0,1,0,0000000,0,9,0,10,99,99,0,0,0,1,1
26,260466,1,1,0,1,1,2,2,113,0,27,7,2012,6,22,53,0,3,3,SR-66 N MOREY RD,,123,44.34216667,-85.21585,0,8,0,0,1,1,0,1,2,1,0,1,0,0000000,22,54,22,58,88,88,0,0,0,1,0
26,260467,2,2,0,0,0,3,3,163,2850,20,7,2012,6,23,30,1,13,3,SR-102,,2,42.44186667,-83.31779722,0,12,7,0,1,1,1,1,2,1,0,1,0,0000000,23,31,23,38,99,99,0,0,0,1,1
26,260468,2,2,0,0,0,3,3,99,4330,30,7,2012,2,21,49,1,13,3,SR-3 GRATIOT AVE,,47,42.5112,-82.92729167,0,12,6,0,7,1,0,1,3,1,0,1,0,0000000,21,51,21,53,99,99,0,0,0,1,0
26,260469,1,1,0,0,0,1,1,81,0,31,7,2012,3,3,57,0,16,4,CR-JERICHO AVE NE,,8,43.10125278,-85.56555,0,42,0,0,1,1,0,4,2,10,0,10,0,0000000,3,57,4,2,99,99,0,0,0,1,1
26,260470,1,1,0,0,0,1,1,19,0,22,7,2012,1,17,54,0,3,3,SR-22,,67,44.59816111,-86.20985278,0,34,0,0,1,1,0,4,1,1,0,1,0,0000000,17,52,17,58,99,99,0,0,0,1,1
26,260471,1,1,0,0,0,2,2,163,1260,16,7,2012,2,20,17,1,11,1,I-96 RAMP 139C,,1,42.38113889,-83.14651667,0,31,0,1,5,1,0,4,1,1,0,1,0,0000000,99,99,99,99,99,99,0,0,0,1,1
26,260472,1,1,0,0,0,1,1,127,4523,30,7,2012,2,13,0,0,4,4,CR-BASELINE RD,,18,43.644375,-86.32287778,0,38,0,0,1,1,0,5,1,1,0,1,0,0000000,99,99,99,99,99,99,22,0,0,1,0
26,260473,1,1,0,1,1,2,2,103,2480,18,7,2012,4,12,4,0,14,6,N THIRD ST,,10,46.50341389,-87.664875,0,8,0,0,8,1,0,1,1,1,0,1,0,0000000,99,99,99,99,99,99,0,0,0,1,1
26,260474,1,1,0,0,0,2,2,163,1260,27,7,2012,6,22,59,0,15,6,SOUTHFIELD SERVICE DR,,62,42.35247222,-83.21683889,0,33,0,0,1,1,0,4,3,10,0,10,0,0000000,99,99,99,99,88,88,0,0,0,1,0
26,260475,1,1,0,1,1,1,1,125,4905,19,7,2012,5,7,53,0,16,6,COOLIDGE HWY,CAMEO RD,37,42.59392778,-83.187525,0,8,0,0,3,2,0,1,1,10,0,10,0,0000000,7,54,7,59,88,88,0,0,0,1,0
26,260476,2,2,0,0,0,2,2,77,0,30,7,2012,2,17,42,0,4,4,CR-E W AVE,S 36TH ST,181,42.11491944,-85.41180278,0,12,6,0,2,2,0,1,1,1,0,1,0,0000000,99,99,99,99,99,99,22,0,0,2,0
26,260477,2,2,0,0,0,2,2,77,3727,30,7,2012,2,13,16,1,12,2,US-131,,162,42.29959722,-85.66361389,0,12,7,1,18,1,0,1,1,1,0,1,0,0000000,13,17,13,19,99,99,0,0,0,1,0
26,260478,1,1,0,1,1,1,1,99,5110,24,7,2012,3,22,18,0,13,6,DEQUINDRE RD,,42,42.50531944,-83.08188889,0,8,0,0,1,1,0,1,3,1,0,1,0,0000000,99,99,99,99,99,99,0,0,0,1,0
26,260479,1,1,0,1,1,1,1,163,1260,25,7,2012,4,21,20,0,13,6,E SEVEN MILE RD,,217,42.43433889,-83.00831944,0,8,0,0,1,1,0,1,2,10,0,10,0,0000000,99,99,99,99,99,99,0,0,0,1,0
26,260480,3,3,0,0,0,5,5,145,0,13,7,2012,6,8,58,0,13,4,CR-N CENTER RD,BROCKWAY RD,35,43.42966111,-84.01469444,0,12,6,0,2,2,0,1,1,1,0,1,0,0000000,8,58,9,7,99,99,0,0,0,1,0
26,260481,1,1,0,1,1,2,2,49,1731,16,7,2012,2,22,15,1,13,3,SR-21 CORUNNA RD,,95,43.00222778,-83.74192222,0,8,0,0,1,1,0,1,2,1,0,1,0,0000000,22,15,22,16,99,99,0,0,0,1,0
26,260482,1,1,0,0,0,1,1,77,3727,23,7,2012,2,13,5,1,12,2,US-131,,160,42.29729722,-85.66363056,0,34,0,0,1,1,0,4,1,1,0,1,0,0000000,99,99,13,6,99,99,0,0,0,1,0
26,260483,1,1,0,1,1,1,1,149,0,28,6,2012,5,21,51,1,2,2,US-12,,205,41.80099444,-85.368575,0,8,0,0,1,1,0,1,2,10,0,10,0,0000000,99,99,99,99,88,88,0,0,0,1,0
26,260484,1,1,0,1,1,6,6,65,2700,21,7,2012,7,14,30,1,11,1,I-96,,6,42.665675,-84.59762778,0,8,0,1,18,1,0,1,1,1,0,1,0,0000000,14,30,14,38,88,88,0,0,0,1,0
26,260486,1,1,0,0,0,2,2,157,4915,2,8,2012,5,3,50,0,4,4,CR-FRANKENMUTH RD,,30,43.34338889,-83.64876667,0,34,0,0,1,1,0,4,2,1,0,1,0,0000000,3,56,4,7,99,99,22,0,0,1,1
26,260487,1,1,0,0,0,2,2,91,0,29,7,2012,1,14,15,1,2,2,US-12,BRIX HWY,67,42.05773056,-84.23784444,0,1,0,0,3,3,0,1,1,1,0,1,0,0000000,99,99,99,99,99,99,0,0,0,1,0
26,260488,2,2,0,0,0,2,2,103,0,3,8,2012,6,9,5,1,13,2,US-41,,2,46.53236667,-87.53936667,0,12,1,1,18,1,0,1,1,1,0,1,0,0000000,9,3,9,11,99,99,0,0,0,1,0
26,260489,2,2,0,0,0,2,2,49,0,30,7,2012,2,16,58,0,3,3,SR-15 STATE RD,MOUNT MORRIS RD,176,43.12182778,-83.51910278,0,12,6,0,2,3,0,1,1,1,0,1,0,0000000,16,59,17,9,99,99,22,0,0,1,0
26,260490,2,2,0,0,0,3,3,99,1810,2,8,2012,5,23,38,0,14,6,HAYES RD,15 MILE RD,36,42.55299444,-82.97018611,0,12,1,0,3,2,0,1,3,1,0,1,0,0000000,23,45,23,50,99,99,0,0,0,1,1
26,260491,3,3,0,0,0,6,6,107,0,4,8,2012,7,14,46,0,3,3,SR-66,,221,43.78625,-85.14853056,0,12,7,0,1,1,0,1,1,1,0,1,0,0000000,14,49,15,13,99,99,0,0,0,1,0
26,260492,2,2,0,0,0,3,3,17,0,6,8,2012,2,20,14,0,3,3,SR-61,CARTER RD,21,43.98420833,-84.12478889,0,12,1,0,2,2,0,1,1,1,0,1,0,0000000,20,15,20,26,88,88,0,0,0,2,0
26,260493,1,1,0,0,0,1,1,125,4020,4,8,2012,7,0,37,1,13,3,SR-1 WOODWARD AVE,,8,42.62891944,-83.28805556,0,33,0,0,1,1,0,4,3,1,0,1,0,0000000,0,38,0,45,88,88,20,0,0,1,0
26,260494,2,2,0,0,0,3,3,123,0,4,8,2012,7,20,18,0,3,3,SR-40,S CATALPA AVE,20,43.55400278,-85.7517,0,12,6,0,2,2,0,1,1,1,0,1,0,0000000,20,23,20,35,99,99,22,0,0,1,1
26,260495,2,2,0,0,0,3,3,93,0,5,8,2012,1,13,12,0,15,4,CR-RICKETT RD,HAMMEL RD,12,42.48106111,-83.76734444,0,12,6,0,2,2,0,1,1,1,0,1,0,0000000,13,12,13,16,99,99,22,0,0,1,0
26,260496,3,3,0,0,0,5,5,147,0,5,8,2012,1,19,21,0,14,3,SR-29,,142,42.64185,-82.51511944,0,12,8,0,1,1,0,1,1,1,0,1,0,0000000,19,22,19,26,99,99,0,0,0,1,2
26,260497,1,1,0,0,0,4,4,147,0,6,8,2012,2,0,38,0,6,4,CR-FRITH RD,,10,42.88629167,-82.65925,0,32,0,0,1,1,0,4,2,1,0,1,0,0000000,0,38,99,99,99,99,22,0,0,1,1
26,260498,2,2,0,0,0,4,4,163,1260,20,7,2012,6,23,45,0,15,6,CHRYSLER DR,MAINTENANCE RD,8,42.38558056,-83.06686111,0,12,99,0,2,3,0,1,3,1,0,1,0,0000000,99,99,99,99,99,99,0,0,0,1,0
26,260499,2,1,1,0,0,1,1,99,4731,4,8,2012,7,5,16,0,19,6,LAKESIDE CIRCLE,SOUTHCOVE DR,5,42.62083611,-82.98975556,0,33,0,0,3,1,0,5,3,1,0,1,0,0000000,5,17,5,22,99,99,0,0,0,1,1
26,260500,2,2,0,0,0,2,2,157,0,6,8,2012,2,7,54,0,3,3,SR-81 E CARO RD,HURDS CORNER,243,43.57711944,-83.292225,0,12,6,0,2,2,0,1,1,1,0,1,0,0000000,7,56,8,6,88,88,0,0,0,1,0
26,260501,2,2,0,0,0,2,2,163,1260,6,8,2012,2,19,0,0,13,6,7 MILE RD,,134,42.43123611,-83.170175,0,1,0,0,1,1,0,1,1,1,0,1,0,0000000,99,99,99,99,99,99,0,0,0,1,0
26,260502,2,2,0,0,0,4,4,69,3725,7,8,2012,3,15,48,0,4,4,CR-F-41,JEANETTE ST,55,44.49070556,-83.39968889,0,12,1,0,2,3,0,1,1,10,0,10,0,0000000,15,50,16,2,99,99,0,0,0,1,0
26,260503,2,2,0,0,0,2,2,161,4426,3,8,2012,6,18,38,0,3,4,CR-PONTIAC TRL,,94,42.39076389,-83.64508889,0,12,1,0,1,1,0,1,1,1,0,1,0,0000000,99,99,99,99,88,88,0,0,0,1,0
26,260504,1,1,0,0,0,2,2,161,0,8,8,2012,4,20,33,0,5,4,CR-N LIMA CENTER RD,,17,42.35005833,-83.96422778,0,34,0,0,1,1,0,4,5,10,0,10,0,0000000,20,34,20,38,99,99,22,0,0,1,1
26,260505,1,1,0,1,1,2,2,121,0,11,8,2012,7,0,15,1,12,2,US-31,,76,43.22708889,-86.25941389,0,8,0,0,1,1,0,1,2,10,0,10,0,0000000,0,15,0,17,88,88,0,0,0,1,0
26,260506,2,2,0,0,0,3,3,143,0,11,8,2012,7,9,56,0,14,4,CR-EMERY,TOWERHILL,29,44.27666944,-84.75256389,0,12,6,0,2,2,0,1,1,10,0,10,0,0000000,9,58,10,6,88,88,0,0,0,1,1
26,260507,2,2,0,0,0,2,2,55,0,7,8,2012,3,21,39,1,13,2,US-31,AVENUE B,11,44.75448889,-85.57174722,0,12,2,0,2,3,0,1,5,1,0,1,0,0000000,21,39,21,41,99,99,0,0,0,1,0
26,260508,2,2,0,0,0,3,3,147,1758,9,8,2012,5,10,33,0,14,4,CR-KEEWAHDIN RD,SR-25 24TH AVE,6,43.03946944,-82.45669444,0,12,6,0,2,2,0,1,1,2,0,2,0,0000000,99,99,99,99,99,99,0,0,0,1,0
26,260509,2,2,0,0,0,3,3,143,0,11,8,2012,7,14,0,0,4,4,CR-104 W HIGGINS LAKE,,55,44.42124722,-84.70388611,0,12,2,0,8,1,0,1,1,1,0,1,0,0000000,14,0,14,7,88,88,0,0,0,1,0
26,260510,1,1,0,0,0,1,1,145,0,10,8,2012,6,23,49,0,6,6,PEET RD,S FRONT ST,25,43.173425,-84.11841667,0,42,0,0,3,3,0,4,2,2,0,2,0,0000000,23,49,0,3,88,88,0,0,0,1,1
26,260511,2,2,0,0,0,2,2,163,1260,11,8,2012,7,1,30,1,13,2,US-12 MICHIGAN AVE,,36,42.33113611,-83.12422778,0,12,1,0,1,1,0,1,3,10,0,10,0,0000000,99,99,99,99,99,99,0,0,0,1,1
26,260512,2,2,0,0,0,2,2,147,0,12,8,2012,1,16,32,0,14,3,SR-29 DIXIE HWY,,17,42.68871667,-82.67691111,0,12,2,0,1,1,0,1,1,1,0,1,0,0000000,99,99,99,99,88,88,0,0,0,1,1
26,260513,2,2,0,0,0,5,5,157,0,12,8,2012,1,12,19,0,4,4,CR-SAGINAW RD,WASHBURN RD,61,43.34958611,-83.46203889,0,12,6,0,2,2,0,1,1,10,0,10,0,0000000,12,21,12,27,99,99,0,0,0,1,0
26,260514,1,1,0,0,0,1,1,5,0,12,8,2012,1,19,55,0,4,4,CR-118TH AVE,,117,42.54874444,-86.00866111,0,38,0,0,1,1,0,4,1,1,0,1,0,0000000,99,99,99,99,88,88,22,0,0,1,1
26,260516,2,2,0,0,0,2,2,157,0,14,8,2012,3,16,10,0,3,3,SR-24 MERTZ RD,RILEY RD,123,43.46725278,-83.38616111,0,12,6,0,2,3,0,1,1,1,0,1,0,0000000,16,10,16,18,99,99,0,0,0,1,0
26,260517,2,2,0,0,0,2,2,91,0,12,8,2012,1,19,10,0,6,4,CR-RAISIN CENTER HWY,,45,41.94871944,-83.94653056,0,1,0,0,1,1,0,1,5,1,0,1,0,0000000,19,11,19,16,88,88,0,0,0,1,0
26,260518,2,2,0,0,0,4,4,37,0,14,8,2012,3,18,42,0,4,4,CR-SHEPARDSVILLE RD,ALWARD RD,8,42.89301389,-84.423825,0,12,6,0,2,2,0,1,1,1,0,1,0,0000000,18,43,18,59,99,99,0,0,0,1,0
26,260519,1,1,0,0,0,1,1,133,0,12,8,2012,1,14,40,1,2,3,SR-115,,54,44.11564722,-85.268975,0,42,0,0,1,1,0,5,1,1,0,1,0,0000000,14,42,14,52,88,88,0,0,0,1,0
26,260520,2,2,0,0,0,4,4,93,0,12,8,2012,1,17,21,1,11,1,I-96,,86,42.61765833,-83.99427778,0,12,2,0,1,1,0,1,1,1,0,1,0,0000000,17,24,17,30,99,99,0,0,0,3,0
26,260521,2,2,0,0,0,2,2,81,0,16,8,2012,5,11,53,0,3,4,CR-100TH ST,,72,42.78271389,-85.64023889,0,12,2,0,1,1,0,1,1,2,0,2,0,0000000,11,53,12,12,99,99,22,0,0,1,0
26,260522,1,1,0,0,0,1,1,11,0,10,8,2012,6,9,43,0,4,4,CR-SR-76,,150,44.15521667,-84.14199444,0,42,0,0,1,1,0,4,1,2,0,2,0,0000000,9,47,10,0,99,99,0,0,0,1,1
26,260523,1,1,0,0,0,1,1,125,208,5,8,2012,1,19,14,1,11,1,I-75,,240,42.69560833,-83.27065833,0,59,0,0,1,1,0,4,1,1,0,1,0,0000000,19,14,19,20,99,99,0,0,0,1,0
26,260524,2,2,0,0,0,2,2,123,0,17,8,2012,6,17,44,0,4,4,CR-ELM AVE,,90,43.42481111,-85.6427,0,12,8,0,1,1,0,1,1,1,0,1,0,0000000,17,44,17,59,88,88,22,0,0,1,0
26,260525,2,2,0,0,0,3,3,99,0,21,8,2012,3,12,5,0,6,4,CR-37 MILE RD,,21,42.86844444,-83.02172222,0,12,2,0,1,1,0,1,1,1,0,1,0,0000000,99,99,99,99,99,99,0,0,0,1,0
26,260526,2,2,0,0,0,2,2,163,1260,21,2,2012,3,11,30,1,11,1,I-96,,28,42.34690278,-83.10872222,0,12,1,1,18,1,0,1,1,10,0,10,0,0000000,99,99,99,99,99,99,0,0,0,1,0
26,260527,1,1,0,0,0,2,2,9,0,15,8,2012,4,2,55,0,5,4,CR-MT BLISS RD,,13,45.07504167,-85.06555556,0,1,0,0,1,1,0,4,2,1,0,1,0,0000000,99,99,99,99,88,88,22,0,0,2,1
26,260528,1,1,0,0,0,1,1,75,0,16,8,2012,5,14,15,0,6,4,CR-BASELINE RD,,16,42.42464722,-84.27410556,0,42,0,0,1,1,0,4,1,2,0,2,0,0000000,99,99,99,99,88,88,0,0,0,1,0
26,260529,2,2,0,0,0,3,3,67,2440,16,8,2012,5,16,10,0,14,3,SR-21 LINCOLN AVE,,57,42.98735833,-85.07702778,0,12,2,0,1,1,0,1,1,10,0,10,0,0000000,99,99,99,99,99,99,0,0,0,1,0
26,260530,2,2,0,0,0,2,2,121,3450,20,3,2012,3,15,57,1,13,2,US-31 BR,GETTY ST,24,43.25399167,-86.22377778,0,12,6,0,2,7,0,1,1,1,0,1,0,0000000,99,99,99,99,99,99,0,0,0,1,0
26,260531,1,1,0,0,0,1,1,15,0,27,3,2012,3,13,30,0,3,3,SR-78,,7,42.43022778,-85.07279722,0,32,0,0,1,1,0,4,1,1,0,1,0,0000000,99,99,99,99,99,99,0,0,0,1,0
26,260532,3,3,0,0,0,4,4,49,1731,30,3,2012,6,15,33,0,13,3,SR-21,,74,43.00190833,-83.78241111,0,12,6,0,8,1,0,1,1,10,0,10,0,0000000,99,99,99,99,99,99,0,0,0,1,0
26,260533,1,1,0,0,0,1,1,43,0,21,8,2012,3,22,5,0,4,4,CR-426,,186,46.10864167,-87.7321,0,32,0,0,1,1,0,4,2,1,0,1,0,0000000,22,8,22,29,88,88,22,0,0,1,1
26,260534,1,1,0,0,0,1,1,15,0,11,4,2012,4,4,55,0,6,4,CR-BIVENS RD,,13,42.58161111,-85.14763611,0,1,0,0,1,1,0,4,2,1,0,1,0,0000000,4,58,5,10,88,88,0,0,0,1,0
26,260535,1,1,0,0,0,1,1,15,0,27,4,2012,6,22,15,0,4,4,CR-CHARLTON PARK RD,,49,42.62079722,-85.21165556,0,59,0,0,1,1,0,4,2,1,0,1,0,0000000,22,20,22,29,88,88,22,0,0,1,1
26,260537,1,1,0,0,0,1,1,123,0,5,4,2012,5,14,45,0,6,4,CR-COTTONWOOD,,29,43.68393333,-85.60173056,0,42,0,0,1,1,0,4,1,1,0,1,0,0000000,99,99,99,99,99,99,0,0,0,1,0
26,260538,3,3,0,0,0,3,3,99,4521,20,8,2012,2,17,1,0,14,4,CR-21 MILE RD,,14,42.64092778,-83.01055556,0,12,8,0,1,1,0,1,1,10,0,10,0,0000000,17,3,17,10,99,99,0,0,0,1,0
26,260539,2,2,0,0,0,2,2,45,0,23,4,2012,2,12,30,0,13,3,SR-27 LANSING RD,CANAL RD,11,42.66944444,-84.66288056,0,12,6,0,2,2,0,1,1,1,0,1,0,0000000,12,30,12,35,99,99,0,0,0,2,0
26,260540,5,5,0,0,0,9,9,99,1009,17,8,2012,6,22,57,1,13,3,SR-3 GRATIOT AVE,,93,42.57172778,-82.89026111,0,12,1,0,1,1,0,1,3,1,0,1,0,0000000,22,57,22,59,99,99,0,0,0,2,3
26,260541,1,1,0,0,0,2,2,125,472,9,4,2012,2,11,32,0,14,6,EVERGREEN RD,,54,42.52150833,-83.24283889,0,42,0,0,1,1,0,4,1,1,0,1,0,0000000,99,99,99,99,99,99,0,0,0,1,0
26,260542,3,3,0,0,0,3,3,125,4020,22,8,2012,4,12,30,1,13,2,US-24 TELEGRAPH RD,OLD TELEGRAPH,40,42.62149444,-83.32403889,0,12,7,0,3,2,0,1,1,1,0,1,0,0000000,12,35,12,44,99,99,0,0,0,1,0
26,260543,1,1,0,0,0,2,2,163,1260,23,6,2012,7,1,15,0,15,6,FRENCH RD,,17,42.398025,-82.99915278,0,33,0,0,1,1,0,4,3,10,0,10,0,0000000,99,99,99,99,99,99,0,0,0,1,0
26,260544,1,1,0,1,1,2,2,163,2120,26,6,2012,3,19,36,0,14,6,CANIFF ST,GALLAGHER ST,12,42.40107222,-83.05639722,0,8,0,0,1,1,0,1,1,1,0,1,0,0000000,99,99,99,99,99,99,0,0,0,1,0
26,260545,1,1,0,1,1,1,1,163,1260,10,8,2012,6,16,55,0,14,6,HAYES ST,SARATOGA ST,20,42.43307778,-82.96543056,0,9,0,0,2,2,0,1,1,10,0,10,0,0000000,99,99,99,99,99,99,0,0,0,1,0
26,260546,1,1,0,1,1,1,1,163,1260,18,8,2012,7,0,20,0,13,3,SR-3 GRATIOT AVE,NOVARA ST,82,42.43933056,-82.97488611,0,8,0,0,2,3,0,1,2,10,0,10,0,0000000,99,99,99,99,99,99,0,0,0,1,0
26,260547,1,1,0,0,0,3,3,59,0,22,8,2012,4,0,10,0,4,4,CR-BACON RD,,58,41.91277222,-84.52033333,0,42,0,0,1,1,0,4,2,1,0,1,0,0000000,99,99,99,99,99,99,0,0,0,2,1
26,260548,1,1,0,0,0,1,1,101,0,18,8,2012,7,14,42,0,6,4,CR-HART RD,,10,44.231275,-86.02348333,0,42,0,0,1,1,0,4,1,1,0,1,0,0000000,14,41,14,53,99,99,22,0,0,1,0
26,260549,1,1,0,0,0,1,1,147,0,23,8,2012,5,5,28,0,4,4,CR-WALES CENTER RD,,29,42.93015556,-82.67731667,0,32,0,0,1,1,0,4,2,5,0,5,0,0000000,5,29,5,41,99,99,22,0,0,1,1
26,260550,2,2,0,0,0,2,2,17,0,17,8,2012,6,11,13,0,4,4,CR-COGGINS RD,MACKINAW RD,30,43.80350278,-83.98700556,0,12,6,0,2,2,0,1,1,10,0,10,0,0000000,11,14,11,20,99,99,0,0,0,2,0
26,260551,3,3,0,0,0,3,3,125,4020,15,8,2012,4,14,48,1,13,6,W WALTON BLVD,,1,42.67703889,-83.29934722,0,12,6,0,8,1,0,1,1,1,0,1,0,0000000,14,51,14,56,99,99,0,0,0,1,0