STATE,ST_CASE,VE_TOTAL,VE_FORMS,PVH_INVL,PEDS,PERNOTMVIT,PERMVIT,PERSONS,COUNTY,CITY,DAY,MONTH,YEAR,DAY_WEEK,HOUR,MINUTE,NHS,ROAD_FNC,ROUTE,TWAY_ID,TWAY_ID2,MILEPT,LATITUDE,LONGITUD,SP_JUR,HARM_EV,MAN_COLL,RELJCT1,RELJCT2,TYP_INT,WRK_ZONE,REL_ROAD,LGT_COND,WEATHER1,WEATHER2,WEATHER,SCH_BUS,RAIL,NOT_HOUR,NOT_MIN,ARR_HOUR,ARR_MIN,HOSP_HR,HOSP_MN,CF1,CF2,CF3,FATALS,DRUNK_DR
26,260552,1,1,0,0,0,1,1,157,0,26,8,2012,1,7,16,0,6,4,CR-HANES RD,,29,43.33718889,-83.52637222,0,53,0,0,1,1,0,4,1,1,0,1,0,0000000,7,18,7,26,88,88,22,0,0,1,0
26,260553,1,1,0,0,0,1,1,155,0,18,8,2012,7,1,47,0,5,4,CR-SHAFTSBURG RD,,37,42.95139167,-84.30016944,0,11,0,0,1,1,0,1,2,1,0,1,0,0000000,1,49,2,1,99,99,22,0,0,1,0
26,260554,2,2,0,0,0,2,2,145,0,16,8,2012,5,6,40,1,2,3,SR-46 HOLLAND RD,GERA RD,118,43.40718333,-83.73803056,0,12,6,0,2,2,0,1,4,1,0,1,0,0000000,99,99,6,47,99,99,0,0,0,1,0
26,260555,1,1,0,1,1,1,1,147,0,20,8,2012,2,12,35,0,6,4,CR-RYNN RD,,55,43.005625,-82.62241111,0,9,0,0,1,1,0,1,1,1,0,1,0,0000000,12,37,12,43,13,10,22,0,0,1,0
26,260556,1,1,0,0,0,3,3,81,0,23,8,2012,5,8,20,0,6,4,CR-WHITE CREEK AVE,,46,43.24290556,-85.57126944,0,42,0,0,1,1,0,4,1,1,0,1,0,0000000,99,99,99,99,99,99,0,0,0,1,0
26,260557,2,2,0,0,0,4,4,65,2700,23,8,2012,5,17,40,0,13,6,WAVERLY RD,DELTA RIVER DR,125,42.76282778,-84.60285556,0,12,6,0,2,2,0,1,1,1,0,1,0,0000000,17,40,17,45,88,88,0,0,0,1,1
26,260558,2,2,0,0,0,2,2,75,3466,17,8,2012,6,9,55,0,4,4,CR-WOLF LAKE RD,SHARON VALLEY RD,32,42.16047778,-84.22067778,0,12,6,0,2,2,0,1,1,1,0,1,0,0000000,9,56,10,8,99,99,0,0,0,1,0
26,260559,1,1,0,1,1,1,1,163,1260,6,8,2012,2,21,35,1,11,1,I-75,,73,42.42130833,-83.09033889,0,8,0,0,1,1,0,1,3,1,0,1,0,0000000,99,99,99,99,99,99,0,0,0,1,0
26,260560,1,1,0,1,1,3,3,161,0,25,8,2012,7,22,52,0,14,4,CR-HARRIS RD,,6,42.22987778,-83.58247222,0,8,0,0,1,1,0,1,3,1,0,1,0,0000000,22,54,23,1,88,88,0,0,0,1,1
26,260561,2,2,0,0,0,4,4,111,0,25,8,2012,7,13,5,0,4,4,CR-COLEMAN RD,,85,43.57171944,-84.58821667,0,12,6,0,8,1,0,1,1,1,0,1,0,0000000,13,7,13,8,99,99,22,0,0,1,0
26,260562,1,1,0,0,0,1,1,163,1260,6,8,2012,2,22,40,0,15,6,PEMBROKE AVE,,19,42.43790556,-83.19165,0,19,0,0,1,1,0,5,3,1,0,1,0,0000000,99,99,99,99,99,99,0,0,0,1,1
26,260563,2,2,0,0,0,3,3,121,0,19,8,2012,1,16,45,0,4,4,CR-FRUITVALE RD,PARKWOOD DR,32,43.44978056,-86.30627778,0,12,2,0,2,3,0,1,1,1,0,1,0,0000000,99,99,99,99,99,99,22,0,0,1,1
26,260564,2,2,0,0,0,2,2,81,2010,27,8,2012,2,16,1,1,11,1,I-196,,74,42.95569167,-85.70516944,0,1,0,0,1,1,0,3,1,1,0,1,0,0000000,16,1,16,10,99,99,0,0,0,1,0
26,260565,2,2,0,0,0,2,2,115,3320,30,8,2012,5,20,9,0,15,2,US-24 TELEGRAPH RD,W 7TH ST,12,41.91564167,-83.41821111,0,1,0,0,2,2,0,1,1,1,0,1,0,0000000,20,12,20,14,99,99,0,0,0,1,1
26,260566,1,1,0,0,0,3,3,125,0,3,8,2012,6,17,30,1,11,1,I-75 RAMP 035D,,1,42.73875,-83.45253611,0,1,0,1,5,1,0,1,1,1,0,1,0,0000000,99,99,99,99,99,99,0,0,0,1,0
26,260567,1,1,0,0,0,1,1,49,0,31,8,2012,6,22,50,0,6,4,CR-BALDWIN RD,,15,42.88366111,-83.89901111,0,34,0,0,1,1,0,4,2,1,0,1,0,0000000,22,53,22,58,99,99,22,0,0,1,0
26,260568,3,3,0,0,0,4,4,27,0,31,8,2012,6,23,5,0,3,2,US-12,,126,41.78902222,-86.00883889,0,12,2,0,1,1,0,1,2,10,0,10,0,0000000,23,6,23,11,88,88,0,0,0,1,1
26,260569,2,2,0,0,0,5,5,115,0,1,8,2012,4,12,26,0,14,4,CR-LEWIS AVE,HICKORY CREEK BLVD,9,41.74266111,-83.56737222,0,12,6,0,2,2,0,1,1,1,0,1,0,0000000,12,28,12,32,99,99,0,0,0,1,1
26,260570,1,1,0,0,0,1,1,115,0,28,8,2012,3,17,40,0,6,4,CR-GOETZ RD,,25,41.82174722,-83.71568056,0,1,0,0,1,1,0,4,1,1,0,1,0,0000000,17,43,18,0,99,99,22,0,0,1,1
26,260571,2,2,0,0,0,2,2,115,0,29,8,2012,4,11,43,1,2,2,US-223,CREQUE,9,41.796,-83.74983333,0,12,1,0,3,3,0,1,1,1,0,1,0,0000000,11,51,12,2,88,88,0,0,0,1,0
26,260572,1,1,0,0,0,1,1,125,3260,21,8,2012,3,13,23,0,6,4,CR-PEARSON RD,,0,42.55623056,-83.657075,0,1,0,0,1,1,0,2,1,1,0,1,0,0000000,99,99,99,99,88,88,22,0,0,1,0
26,260573,2,2,0,0,0,2,2,99,3540,4,8,2012,7,19,37,0,14,3,SR-19 GRATIOT AVE,,102,42.73331111,-82.78560833,0,12,6,0,8,1,0,1,1,2,0,2,0,0000000,99,99,99,99,99,99,0,0,0,1,0
26,260574,3,3,0,0,0,3,3,99,0,30,8,2012,5,18,58,1,2,3,SR-53 VAN DYKE AVE,,213,42.83959167,-83.02057222,0,12,1,0,8,1,0,1,1,1,0,1,0,0000000,18,59,19,2,99,99,22,0,0,1,0
26,260575,2,2,0,0,0,4,4,75,2500,24,8,2012,6,14,30,0,14,6,PROSPECT ST,JACKSON ST,5,42.22734167,-84.40854722,0,12,6,0,2,2,0,1,1,1,0,1,0,0000000,14,33,14,38,99,99,0,0,0,1,0
26,260576,2,2,0,0,0,3,3,77,3727,9,7,2012,2,22,58,0,15,4,CR-4TH ST,STADIUM AVE,18,42.24948333,-85.72612778,0,12,6,0,2,2,0,1,3,1,0,1,0,0000000,23,1,23,9,99,99,0,0,0,1,0
26,260577,2,2,0,0,0,2,2,81,2010,20,7,2012,6,16,45,0,13,6,44TH ST SE,,31,42.88366111,-85.60839444,0,12,6,0,7,1,0,1,1,1,0,1,0,0000000,16,49,16,52,99,99,0,0,0,1,0
26,260578,1,1,0,0,0,1,1,163,1480,27,8,2012,2,19,0,0,16,6,7TH,,3,42.24748333,-83.15244722,0,1,0,0,1,1,0,1,1,1,0,1,0,0000000,99,99,99,99,99,99,0,0,0,1,0
26,260579,1,1,0,0,0,3,3,49,0,30,6,2012,7,11,27,1,11,1,I-75,,219,43.15885556,-83.76649444,0,34,0,0,1,1,0,4,1,1,0,1,0,0000000,99,99,99,99,99,99,0,0,0,1,1
26,260580,2,2,0,0,0,3,3,125,0,27,6,2012,4,17,33,0,14,4,CR-FARMINGTON RD,KINGSFIELD RD,57,42.547325,-83.38055833,0,12,6,0,2,3,0,1,1,1,0,1,0,0000000,99,99,99,99,99,99,0,0,0,1,0
26,260581,2,2,0,0,0,2,2,107,0,1,9,2012,7,13,52,0,3,3,SR-20 8 MILE RD,,17,43.58391944,-85.52801944,0,12,6,0,8,1,0,1,1,10,0,10,0,0000000,13,55,14,6,99,99,22,0,0,1,0
26,260582,2,2,0,0,0,5,5,99,4731,29,7,2012,1,13,30,1,13,6,METROPOLITAN PKWY,DODGE PARK RD,104,42.56659722,-83.01019722,0,12,6,0,2,2,0,1,1,10,0,10,0,0000000,13,44,99,99,99,99,0,0,0,1,0
26,260583,1,1,0,1,1,1,1,99,5110,3,9,2012,2,20,34,0,14,6,RYAN RD,,58,42.53167778,-83.06838056,0,9,0,0,1,1,0,1,3,1,0,1,0,0000000,99,99,99,99,88,88,0,0,0,1,1
26,260584,1,1,0,1,1,1,1,17,0,1,9,2012,7,21,9,0,16,4,CR-SR-13,W JANE ST,2,43.600025,-83.91523889,0,9,0,0,2,2,0,1,3,1,0,1,0,0000000,21,12,21,13,99,99,0,0,0,1,0
26,260585,2,2,0,0,0,2,2,5,0,4,9,2012,3,16,46,1,2,2,US-131,,71,42.52268333,-85.65737222,0,12,1,0,1,1,0,1,1,1,0,1,0,0000000,17,46,17,49,99,99,0,0,0,1,0
26,260586,5,5,0,0,0,6,6,45,0,6,8,2012,2,17,17,1,11,1,I-69,,231,42.65907778,-84.68361667,0,12,1,1,18,1,0,1,1,1,0,1,0,0000000,99,99,99,99,99,99,0,0,0,1,0
26,260587,2,2,0,0,0,4,4,163,1260,5,9,2012,4,15,45,1,11,1,I-75,,47,42.389225,-83.06958333,0,12,6,1,18,1,0,1,1,1,0,1,0,0000000,15,45,15,52,99,99,0,0,0,1,0
26,260588,1,1,0,1,1,1,1,49,1730,1,9,2012,7,22,10,0,14,6,ATHERTON RD,,31,42.98916389,-83.65156389,0,8,0,0,1,1,0,1,3,10,0,10,0,0000000,99,99,99,99,88,88,0,0,0,1,0
26,260589,2,2,0,0,0,3,3,145,0,5,9,2012,4,16,7,0,14,4,CR-MILLER RD,SR-46 GRATIOT RD,15,43.41595278,-84.07148611,0,12,6,0,2,2,0,1,1,1,0,1,0,0000000,16,8,16,9,99,99,0,0,0,1,0
26,260590,1,1,0,0,0,1,1,17,0,7,9,2012,6,20,27,0,3,4,CR-GARFIELD RD,,0,43.56815278,-84.08967778,0,59,0,0,1,1,0,4,2,2,0,2,0,0000000,99,99,99,99,88,88,0,0,0,1,1
26,260591,1,1,0,1,1,1,1,107,0,9,9,2012,1,12,33,0,13,3,SR-20 PERRY ST,,37,43.68818056,-85.50574722,0,9,0,0,1,1,0,1,1,1,0,1,0,0000000,12,35,12,49,99,99,0,0,0,1,0
26,260592,2,2,0,0,0,2,2,99,4210,7,9,2012,6,7,23,0,14,6,DIVISION RD,,5,42.80971389,-82.729125,0,12,2,0,1,1,0,1,1,1,0,1,0,0000000,7,23,7,27,99,99,22,0,0,1,0
26,260593,2,2,0,0,0,6,6,67,0,9,9,2012,1,7,26,0,4,4,CR-JORDAN LAKE RD,PORTLAND RD,66,42.87161667,-85.13417222,0,12,6,0,2,2,0,1,1,10,0,10,0,0000000,7,28,7,35,99,99,0,0,0,1,0
26,260594,1,1,0,0,0,1,1,27,0,9,9,2012,1,8,29,0,14,3,SR-60 YANKEE ST,,12,41.826425,-86.20175556,0,42,0,0,1,1,0,4,1,10,0,10,0,0000000,99,99,99,99,88,88,0,0,0,1,0
26,260595,2,2,0,0,0,2,2,151,0,8,9,2012,7,17,9,0,4,4,CR-MAPLE GROVE RD,E DECKERVILLE RD,91,43.52864167,-82.67532778,0,12,6,0,2,2,0,1,1,10,0,10,0,0000000,17,11,17,20,99,99,0,0,0,1,0
26,260596,2,2,0,0,0,2,2,145,0,6,9,2012,5,21,43,0,3,3,SR-57 BRADY RD,,109,43.18709722,-84.15359444,0,12,2,0,1,1,0,1,3,10,0,10,0,0000000,21,43,22,30,99,99,22,0,0,1,0
26,260597,2,2,0,0,0,5,5,27,0,11,9,2012,3,15,50,0,14,3,SR-60,LEET RD,40,41.840625,-86.16608611,0,12,6,0,3,2,0,1,1,1,0,1,0,0000000,15,54,16,2,99,99,0,0,0,2,0
26,260598,4,4,0,0,0,12,12,117,0,9,9,2012,1,16,55,0,2,3,SR-46,,85,43.45315833,-85.30137222,0,12,2,0,1,1,0,1,1,1,0,1,0,0000000,99,99,99,99,99,99,0,0,0,2,1
26,260599,2,2,0,0,0,3,3,163,1260,9,9,2012,1,5,30,0,13,6,OAKWOOD,ORMOND,3,42.28924444,-83.14832222,0,12,6,0,2,2,0,1,2,1,0,1,0,0000000,99,99,99,99,99,99,0,0,0,1,1
26,260600,1,1,0,1,1,1,1,159,0,11,9,2012,3,10,24,0,4,4,CR-388,,30,42.37533889,-85.91856944,0,9,0,0,1,1,0,1,1,1,0,1,0,0000000,10,24,10,28,88,88,0,0,0,1,0
26,260601,1,1,0,0,0,1,1,21,0,12,9,2012,4,15,15,0,13,4,CR-PIPESTONE AVE,,32,42.08088889,-86.41735278,0,1,0,0,1,1,0,1,1,1,0,1,0,0000000,15,17,99,99,99,99,0,0,0,1,0
26,260602,3,2,1,0,0,6,6,81,2010,3,9,2012,2,4,26,1,13,3,SR-11 28TH ST SE,EASTERN AVE SE,127,42.91280833,-85.64708611,0,12,6,0,2,2,0,1,3,1,0,1,0,0000000,4,27,4,30,99,99,0,0,0,1,0
26,260603,1,1,0,0,0,1,1,17,0,15,9,2012,7,15,40,1,11,1,I-75,,8,43.53288333,-83.94425,0,59,0,1,19,1,0,8,1,1,0,1,0,0000000,15,41,15,41,88,88,0,0,0,1,0
26,260604,2,2,0,0,0,2,2,81,0,14,9,2012,6,11,20,0,15,4,CR-7 MILE RD NW,COMSTOCK PARK DR NW,48,43.07271389,-85.68247222,0,12,2,0,2,2,0,1,1,1,0,1,0,0000000,99,99,99,99,99,99,0,0,0,1,0
26,260605,1,1,0,0,0,1,1,93,2211,12,9,2012,4,22,5,1,2,2,US-23,,175,42.67273611,-83.75984722,0,1,0,0,1,1,0,1,2,1,0,1,0,0000000,22,9,22,37,88,88,0,0,0,1,1
26,260606,2,2,0,0,0,2,2,99,924,13,9,2012,5,17,28,0,14,4,CR-JEFFERSON AVE,AU SABLE,37,42.65988611,-82.77118056,0,12,6,0,2,3,0,1,1,1,0,1,0,0000000,17,23,17,33,99,99,0,0,0,1,0
26,260607,1,1,0,0,0,1,1,89,0,14,9,2012,6,2,14,0,3,3,SR-22 WEST BAYSHORE DR,,25,45.09113056,-85.60356667,0,42,0,0,1,1,0,4,2,1,0,1,0,0000000,2,17,2,24,88,88,0,0,0,1,1
26,260608,2,2,0,0,0,5,5,91,0,15,9,2012,7,2,8,1,2,2,US-12,SR-50 MONROE PIKE HWY,76,42.05918611,-84.22058056,0,12,6,0,2,2,0,1,3,1,0,1,0,0000000,2,9,2,16,99,99,0,0,0,2,0
26,260609,3,3,0,0,0,3,3,139,2290,22,9,2012,7,12,20,0,14,6,WAVERLY RD,32ND ST,0,42.768725,-86.07739167,0,12,6,0,2,2,0,1,1,1,0,1,0,0000000,12,21,12,26,99,99,0,0,0,1,0
26,260610,2,2,0,0,0,2,2,49,1731,16,9,2012,1,12,55,1,11,1,I-69,,16,42.98600556,-83.72756944,0,12,1,1,17,1,0,1,1,1,0,1,0,0000000,12,24,12,28,99,99,0,0,0,1,1
26,260611,1,1,0,0,0,1,1,73,0,17,9,2012,2,0,39,1,13,3,SR-20 PICKARD RD,,176,43.61165,-84.69600833,0,42,0,0,1,1,0,4,3,10,0,10,0,0000000,0,48,0,52,99,99,0,0,0,1,0
26,260612,2,2,0,0,0,3,3,37,0,18,9,2012,3,15,14,1,2,2,US-127,,48,42.83841667,-84.51903333,0,12,2,0,1,1,0,1,1,2,0,2,0,0000000,15,15,15,25,99,99,0,0,0,3,0
26,260613,4,4,0,0,0,7,7,115,0,30,9,2012,1,13,30,1,1,1,I-75,,238,42.0342,-83.29003611,0,12,1,0,1,1,0,1,1,1,0,1,0,0000000,99,99,99,99,99,99,0,0,0,1,0
26,260614,1,1,0,0,0,2,2,73,0,18,9,2012,3,7,11,0,16,4,CR-DEERFIELD RD,,56,43.56802222,-84.79486944,0,42,0,0,1,1,0,4,2,99,0,99,0,0000000,7,26,7,35,99,99,22,0,0,1,1
26,260615,2,2,0,0,0,3,3,65,2700,16,9,2012,1,13,39,0,15,6,S MARTIN LUTHER KING,MOORES RIVER DR,22,42.71908611,-84.56807778,0,12,6,0,2,3,0,1,1,1,0,1,0,0000000,13,39,13,45,99,99,0,0,0,1,0
26,260616,1,1,0,0,0,1,1,49,0,15,9,2012,7,22,33,0,14,4,CR-S IRISH RD,,28,42.97974444,-83.55458611,0,34,0,0,1,1,0,4,2,1,0,1,0,0000000,22,32,22,37,88,88,0,0,0,1,1
26,260617,1,1,0,0,0,1,1,77,47,3,9,2012,2,12,40,1,2,2,US-131,,218,42.379425,-85.65611389,0,1,0,1,18,1,0,3,1,1,0,1,0,0000000,99,99,99,99,99,99,0,0,0,1,0
26,260618,1,1,0,1,1,1,1,163,1260,15,9,2012,7,23,45,0,13,6,W WARREN AVE,,15,42.34317778,-83.23238611,0,8,0,0,1,1,0,1,2,10,0,10,0,0000000,99,99,99,99,88,88,0,0,0,1,0
26,260619,2,2,0,0,0,3,3,81,2860,18,9,2012,3,18,43,0,16,6,S JACKSON ST,GRAND RIVER AVE,2,42.92871389,-85.33143611,0,12,6,0,2,3,0,1,1,10,0,10,0,0000000,99,99,99,99,88,88,0,0,0,1,0
26,260620,2,2,0,0,0,2,2,163,1260,16,9,2012,1,10,5,1,13,3,SR-1,7 MILE RD,11,42.43210556,-83.11536944,0,12,6,0,2,2,0,1,1,1,0,1,0,0000000,99,99,99,99,99,99,0,0,0,1,0
26,260621,2,2,0,0,0,3,3,161,0,22,9,2012,7,14,32,0,14,4,CR-WHITTAKER RD,,73,42.18784722,-83.60777778,0,12,2,0,1,1,0,1,1,10,0,10,0,0000000,13,34,13,39,99,99,0,0,0,1,0
26,260622,1,1,0,0,0,1,1,75,0,19,9,2012,4,0,10,0,6,4,CR-DUNN RD,,7,42.36075833,-84.26521389,0,1,0,0,1,1,0,4,2,1,0,1,0,0000000,99,99,99,99,88,88,22,0,0,1,1
26,260623,1,1,0,0,0,1,1,125,0,24,9,2012,2,2,53,1,11,1,I-75,,167,42.61373333,-83.23308333,0,52,0,1,18,1,0,4,2,1,0,1,0,0000000,2,58,3,6,99,99,0,0,0,1,1
26,260624,1,1,0,1,1,1,1,163,2850,21,9,2012,6,20,40,1,13,6,MERRIMAN RD,,147,42.42839722,-83.35543056,0,8,0,0,1,1,0,1,3,2,0,2,0,0000000,20,40,20,43,99,99,0,0,0,1,0
26,260625,1,1,0,1,1,1,1,41,0,27,9,2012,5,8,5,0,6,4,CR-NEW WESLEY BAY RD,,2,45.6936,-86.96444722,0,8,0,0,1,1,0,1,1,1,0,1,0,0000000,8,12,8,30,88,88,22,0,0,1,0
26,260626,2,2,0,0,0,3,3,21,0,23,9,2012,1,11,3,1,1,1,I-94,,3,41.76294722,-86.74673333,0,1,0,0,1,1,0,3,1,1,0,1,0,0000000,11,6,11,11,99,99,0,0,0,1,0
26,260627,2,2,0,0,0,3,3,159,2544,25,9,2012,3,7,5,0,4,4,CR-687,,14,42.09855833,-86.16638056,0,12,2,0,1,1,0,1,4,10,0,10,0,0000000,99,99,99,99,99,99,22,0,0,2,0
26,260628,2,2,0,0,0,2,2,163,2850,23,9,2012,1,16,42,0,13,6,MIDDLEBELT RD,ELSIE RD,193,42.39644167,-83.33440278,0,1,0,0,8,1,0,1,1,10,0,10,0,0000000,16,43,16,48,99,99,0,0,0,1,0
26,260629,2,2,0,0,0,2,2,65,0,20,9,2012,5,11,40,0,4,4,CR-HOLT RD,DIETZ RD,70,42.64460833,-84.22658056,0,12,6,0,2,2,0,1,1,10,0,10,0,0000000,11,42,11,55,99,99,0,0,0,2,0
26,260630,3,3,0,0,0,7,7,81,0,30,9,2012,1,11,40,0,14,4,CR-84TH ST,ALASKA AVE,155,42.81221111,-85.47763333,0,12,6,0,2,2,0,1,1,1,0,1,0,0000000,11,42,11,44,88,88,22,0,0,1,0
26,260631,1,1,0,0,0,1,1,59,0,24,9,2012,2,14,57,0,4,4,CR-BACON RD,,96,41.91300278,-84.44575278,0,18,0,0,1,1,0,5,1,1,0,1,0,0000000,15,6,15,15,99,99,22,0,0,1,1
26,260632,2,2,0,0,0,3,3,55,0,23,9,2012,1,21,34,1,2,3,SR-72,,17,44.77268889,-85.46547222,0,12,2,0,1,1,0,1,2,2,0,2,0,0000000,21,36,21,40,99,99,22,0,0,1,1
26,260633,1,1,0,1,1,1,1,81,2010,29,9,2012,7,19,8,0,14,6,WEALTHY ST,,24,42.95553611,-85.64163611,0,8,0,0,1,1,0,1,1,1,0,1,0,0000000,19,8,19,11,99,99,0,0,0,2,1
26,260634,1,1,0,0,0,1,1,121,3450,19,9,2012,4,17,42,1,12,2,US-31,,71,43.21945556,-86.20488889,0,58,0,1,18,1,0,4,1,10,0,10,0,0000000,99,99,99,99,99,99,0,0,0,1,0
26,260635,2,2,0,0,0,3,3,145,0,14,9,2012,6,8,52,0,14,4,CR-MCCARTY RD,HACKETT RD,5,43.46615833,-84.07181944,0,12,6,0,2,2,0,1,1,1,0,1,0,0000000,8,52,8,57,99,99,0,0,0,1,0
26,260636,2,2,0,0,0,3,3,139,0,26,9,2012,4,11,47,0,6,4,CR-BARRY ST,48TH ST,46,42.86644444,-85.90098611,0,12,6,0,3,3,0,1,1,1,0,1,0,0000000,11,47,11,50,88,88,0,0,0,1,0
26,260637,2,2,0,0,0,2,2,147,3080,28,9,2012,6,16,22,1,13,3,SR-25 GRATIOT AVE,RANGE RD,143,42.90981667,-82.49980556,0,12,6,0,2,2,0,1,1,1,0,1,0,0000000,16,22,16,26,99,99,0,0,0,1,0
26,260638,2,2,0,0,0,3,3,157,5010,12,9,2012,4,12,36,0,3,3,SR-15 GOODRICH ST,,104,43.36358333,-83.58013611,0,12,6,0,8,1,0,1,1,1,0,1,0,0000000,99,99,99,99,99,99,0,0,0,1,0
26,260639,2,2,0,0,0,2,2,121,0,28,9,2012,6,22,9,0,14,3,SR-46,SHERIDAN DR,33,43.23423611,-86.18415278,0,12,6,0,2,2,0,1,3,1,0,1,0,0000000,22,9,22,11,99,99,0,0,0,1,1
26,260640,1,1,0,1,1,1,1,21,0,17,9,2012,2,15,26,0,99,4,CR-ONTARIO RD,,1,41.76798056,-86.23142778,0,15,0,0,8,1,0,1,1,1,0,1,0,0000000,99,99,99,99,99,99,0,0,0,1,0
26,260641,2,2,0,0,0,8,8,147,0,28,9,2012,6,22,37,0,4,4,CR-GRATIOT AVE,WADHAMS RD,109,42.88421944,-82.55829167,0,12,6,0,2,2,0,1,2,1,0,1,0,0000000,22,38,22,50,99,99,0,0,0,1,0
26,260642,2,2,0,0,0,2,2,37,0,27,9,2012,5,20,7,0,13,3,SR-27 OLD US127,S WEBB RD,43,42.83134444,-84.54294722,0,12,6,0,2,2,0,1,5,1,0,1,0,0000000,20,8,20,11,99,99,0,0,0,1,0
26,260643,1,1,0,0,0,2,2,163,1260,30,9,2012,1,3,17,1,11,1,I-96,,18,42.36294722,-83.12675278,0,42,0,1,18,1,0,4,3,1,0,1,0,0000000,3,17,3,21,99,99,0,0,0,1,1
26,260644,2,2,0,0,0,2,2,99,2181,9,9,2012,1,14,55,1,13,4,CR-METROPOLITAN PKWY,UNION LAKE RD,115,42.57004167,-82.86373333,0,12,6,0,2,2,0,1,1,1,0,1,0,0000000,99,99,99,99,99,99,0,0,0,1,0
26,260646,1,1,0,4,4,1,1,147,0,9,9,2012,1,20,30,0,15,4,CR-BETHUY RD,,7,42.69560278,-82.70863889,0,8,0,0,1,1,0,1,2,1,0,1,0,0000000,99,99,99,99,99,99,0,0,0,1,0
26,260647,2,2,0,0,0,2,2,77,0,28,9,2012,6,17,8,0,14,4,CR-N WESTNEDGE AVE,,11,42.33112222,-85.58984167,0,12,6,0,8,1,0,1,1,1,0,1,0,0000000,99,99,99,99,99,99,0,0,0,1,0
26,260648,2,2,0,0,0,3,3,163,4900,17,6,2012,1,2,45,1,13,6,W JEFFERSON AVE,HELEN ST,82,42.151925,-83.17555833,0,12,6,0,2,2,0,1,3,10,0,10,0,0000000,99,99,99,99,99,99,0,0,0,1,1
26,260649,1,1,0,0,0,1,1,5,0,6,8,2012,2,23,17,0,14,4,CR-106TH AVE,11TH ST,40,42.46445833,-85.66940556,0,34,0,0,1,1,0,4,2,1,0,1,0,0000000,23,18,23,24,99,99,0,0,0,1,1
26,260650,1,1,0,1,1,1,1,49,1730,30,9,2012,1,23,45,0,13,6,CLIO RD,,10,43.05224722,-83.73268611,0,8,0,0,1,1,0,1,3,1,0,1,0,0000000,23,46,23,53,99,99,0,0,0,1,0
26,260651,2,2,0,0,0,4,4,145,0,18,9,2012,3,12,35,1,2,3,SR-46 GRATIOT RD,,41,43.41200833,-84.28918611,0,12,6,0,1,1,0,1,1,10,0,10,0,0000000,12,35,99,99,99,99,0,0,0,1,0
26,260652,1,1,0,0,0,1,1,127,0,18,9,2012,3,99,99,0,6,4,CR-WOODROW,204TH AVE,28,43.612025,-86.04936111,0,42,0,0,3,3,0,6,2,10,0,10,0,0000000,99,99,99,99,88,88,0,0,0,1,1
26,260653,2,2,0,0,0,2,2,5,80,26,9,2012,4,11,25,0,14,3,SR-40 JENNER DR,,70,42.51785278,-85.85900556,0,12,6,0,8,1,0,1,1,1,0,1,0,0000000,99,99,99,99,99,99,0,0,0,1,0
26,260654,2,2,0,0,0,1,1,163,4975,11,9,2012,3,13,43,0,14,4,CR-RAWSONVILLE RD,,84,42.20680278,-83.54335,0,12,1,0,1,1,0,1,1,1,0,1,0,0000000,99,99,99,99,99,99,0,0,0,1,0
26,260655,1,1,0,0,0,1,1,161,150,8,9,2012,7,3,12,0,13,6,PLYMOUTH RD,,10,42.29944722,-83.72459167,0,40,0,0,1,1,0,4,3,2,0,2,0,0000000,99,99,99,99,88,88,0,0,0,1,0
26,260656,2,2,0,0,0,2,2,159,0,24,8,2012,6,17,55,1,1,1,I-94,,129,42.19580833,-85.97766389,0,12,1,0,1,1,0,1,1,1,0,1,0,0000000,99,99,99,99,99,99,0,0,0,1,0
26,260657,1,1,0,1,1,2,2,27,0,28,8,2012,3,1,35,0,4,3,SR-152,,1,42.07028333,-86.18563333,0,8,0,0,1,1,0,1,2,1,0,1,0,0000000,99,99,99,99,99,99,0,0,0,1,0
26,260658,1,1,0,0,0,2,2,125,3641,29,9,2012,7,14,24,0,14,6,COOLIDGE HWY,,2,42.44782778,-83.18119722,0,42,0,0,1,1,0,4,1,1,0,1,0,0000000,14,24,14,30,99,99,0,0,0,1,0
26,260659,1,1,0,0,0,1,1,163,4900,28,9,2012,6,19,18,1,13,3,SR-85 FORT ST,,56,42.22480833,-83.18106667,0,33,0,0,7,1,0,3,5,1,0,1,0,0000000,99,99,99,99,99,99,0,0,0,1,1
26,260660,2,2,0,0,0,3,3,5,0,8,3,2012,5,1,50,0,2,3,SR-40,,145,42.687775,-86.01638056,0,12,2,0,1,1,0,1,2,6,0,6,0,0000000,99,99,99,99,99,99,0,0,0,1,0
26,260661,1,1,0,0,0,1,1,65,0,2,10,2012,3,18,57,1,2,2,US-127,,135,42.61089167,-84.47361667,0,24,0,1,18,1,0,4,1,10,0,10,0,0000000,18,57,19,15,88,88,0,0,0,1,0
26,260662,2,2,0,0,0,2,2,91,0,4,10,2012,5,9,15,1,2,2,US-223,BRIGGS,4,42.035075,-84.34478056,0,12,1,0,3,2,0,1,1,1,0,1,0,0000000,9,15,9,22,88,88,0,0,0,1,0
26,260663,1,1,0,0,0,1,1,55,0,1,10,2012,2,2,0,0,3,4,CR-SUPPLY RD,,23,44.69605278,-85.47500556,0,1,0,0,1,1,0,4,2,1,0,1,0,0000000,7,37,7,45,99,99,22,0,0,1,0