STATE,ST_CASE,VE_TOTAL,VE_FORMS,PVH_INVL,PEDS,PERNOTMVIT,PERMVIT,PERSONS,COUNTY,CITY,DAY,MONTH,YEAR,DAY_WEEK,HOUR,MINUTE,NHS,ROAD_FNC,ROUTE,TWAY_ID,TWAY_ID2,MILEPT,LATITUDE,LONGITUD,SP_JUR,HARM_EV,MAN_COLL,RELJCT1,RELJCT2,TYP_INT,WRK_ZONE,REL_ROAD,LGT_COND,WEATHER1,WEATHER2,WEATHER,SCH_BUS,RAIL,NOT_HOUR,NOT_MIN,ARR_HOUR,ARR_MIN,HOSP_HR,HOSP_MN,CF1,CF2,CF3,FATALS,DRUNK_DR
26,260664,2,2,0,0,0,3,3,111,3240,3,10,2012,4,18,27,0,14,6,N SAGINAW RD,W ST ANDREWS RD,215,43.63038889,-84.23107778,0,12,6,0,2,2,0,1,5,2,0,2,0,0000000,18,27,18,30,99,99,0,0,0,1,0
26,260665,1,1,0,0,0,1,1,81,0,3,10,2012,4,15,30,0,3,3,SR-57 14 MILE RD,,171,43.17672778,-85.31627222,0,1,0,0,1,1,0,4,1,10,0,10,0,0000000,15,30,15,35,99,99,0,0,0,1,0
26,260666,1,1,0,0,0,1,1,115,2723,6,10,2012,7,2,21,0,14,3,SR-125 S DIXIE HWY,,95,41.85824444,-83.46062778,0,30,0,0,1,1,0,4,2,10,0,10,0,0000000,2,24,3,0,99,99,0,0,0,1,1
26,260667,1,1,0,0,0,1,1,147,0,7,10,2012,1,21,24,1,1,1,I-69,,101,42.97851667,-82.79346389,0,1,0,0,1,1,0,3,2,10,0,10,0,0000000,21,27,21,36,88,88,0,0,0,1,0
26,260668,1,1,0,0,0,1,1,51,0,8,10,2012,2,20,35,0,3,3,SR-18,,24,43.84711667,-84.48565,0,34,0,0,1,1,0,4,2,1,0,1,0,0000000,20,44,20,52,88,88,0,0,0,1,0
26,260669,1,1,0,0,0,1,1,59,0,20,9,2012,5,22,23,1,2,2,US-12 CHICAGO ST,,231,42.05144722,-84.41526667,0,30,0,0,1,1,0,4,3,1,0,1,0,0000000,99,99,99,99,99,99,0,0,0,1,1
26,260670,1,1,0,0,0,2,2,145,0,5,10,2012,6,3,57,1,13,3,SR-58 DAVENPORT ST,,25,43.43771667,-83.99568889,0,33,0,0,1,1,0,4,3,2,0,2,0,0000000,99,99,99,99,99,99,0,0,0,1,1
26,260671,2,2,0,0,0,6,6,23,0,5,10,2012,6,9,48,0,3,3,SR-60 MENDON RD,SR-66 ATHENS RD,32,42.06123611,-85.235175,0,12,6,0,2,2,0,1,1,1,0,1,0,0000000,99,99,99,99,99,99,0,0,0,2,1
26,260672,2,2,0,0,0,4,4,125,0,28,9,2012,6,21,38,1,11,1,I-75,,264,42.71997778,-83.30735556,0,12,1,1,18,1,1,1,3,10,0,10,0,0000000,99,99,99,99,99,99,0,0,0,1,1
26,260673,2,2,0,0,0,3,3,123,0,12,10,2012,6,17,46,0,3,3,SR-20 BASELINE RD,ELM AVE,75,43.55534444,-85.64181111,0,12,6,0,2,2,0,1,1,1,0,1,0,0000000,17,47,18,8,99,99,0,0,0,2,0
26,260674,1,1,0,1,1,2,2,115,0,12,10,2012,6,6,51,0,16,4,CR-NOBIL RD,,1,41.885225,-83.42814444,0,53,0,0,1,1,0,4,2,1,0,1,0,0000000,6,52,6,58,99,99,0,0,0,1,0
26,260675,1,1,0,1,1,1,1,99,4970,14,10,2012,1,6,18,1,13,3,SR-59 HALL RD,VAN DYKE AVE,30,42.62570556,-83.03234444,0,8,0,0,3,2,0,1,3,2,0,2,0,0000000,6,19,6,26,99,99,0,0,0,1,0
26,260676,1,1,0,1,1,1,1,99,5110,28,9,2012,6,8,5,0,14,6,RYAN RD,,57,42.52968056,-83.06828889,0,18,0,0,1,1,2,1,1,1,0,1,0,0000000,99,99,99,99,99,99,0,0,0,1,0
26,260677,1,1,0,0,0,4,4,125,4905,1,10,2012,2,2,46,1,11,1,I-75,,99,42.55915278,-83.15410278,0,25,0,1,18,1,0,3,3,1,0,1,0,0000000,2,47,2,47,99,99,0,0,0,1,1
26,260678,2,2,0,0,0,3,3,55,0,15,10,2012,2,18,29,1,2,3,SR-37,,50,44.62706667,-85.65606944,0,12,6,0,1,1,0,1,1,10,0,10,0,0000000,18,32,18,36,88,88,22,0,0,2,0
26,260679,1,1,0,1,1,1,1,163,1260,13,10,2012,7,5,0,1,13,2,US-24 TELEGRAPH RD,,162,42.42365,-83.277775,0,8,0,0,1,1,0,1,3,10,0,10,0,0000000,99,99,99,99,88,88,0,0,0,1,0
26,260680,1,1,0,1,1,1,1,45,1245,14,10,2012,1,23,36,1,13,3,SR-43 W SAGINAW HWY,,203,42.74104722,-84.65742222,0,8,0,0,1,1,0,1,3,2,0,2,0,0000000,99,99,99,99,99,99,0,0,0,1,1
26,260681,1,1,0,0,0,1,1,23,0,17,10,2012,4,15,50,0,6,4,CR-KOSMERICK RD,,37,41.84015,-85.14606944,0,42,0,0,1,1,0,4,1,10,0,10,0,0000000,15,52,16,5,88,88,22,0,0,1,0
26,260682,2,2,0,0,0,3,3,21,0,17,10,2012,4,16,7,1,2,3,SR-139,,38,41.97563611,-86.38729722,0,12,6,0,1,1,0,1,1,10,0,10,0,0000000,16,9,16,17,99,99,0,0,0,1,0
26,260683,1,1,0,1,1,1,1,49,686,2,10,2012,3,7,8,0,14,6,LAPEER RD,,33,43.01045,-83.61936667,0,8,0,0,1,1,0,1,1,10,0,10,0,0000000,7,9,7,11,99,99,0,0,0,1,0
26,260684,2,2,0,0,0,2,2,59,0,1,10,2012,2,9,3,0,6,4,CR-US-12,W CHICAGO RD,27,41.97323056,-84.68984722,0,12,6,0,2,2,0,1,1,1,0,1,0,0000000,9,13,9,20,99,99,22,0,0,1,0
26,260685,2,2,0,0,0,3,3,99,4521,4,10,2012,5,11,4,0,13,4,CR-23 MILE RD,VAN DYKE RD,32,42.66958333,-83.03383611,0,12,6,0,2,2,0,1,1,1,0,1,0,0000000,11,5,11,8,99,99,0,0,0,1,0
26,260686,1,1,0,0,0,2,2,49,0,3,10,2012,4,12,45,0,4,4,CR-N BRAY RD,,72,43.17743056,-83.65995278,0,32,0,0,1,1,0,4,1,1,0,1,0,0000000,99,99,99,99,99,99,22,0,0,1,0
26,260687,1,1,0,1,1,1,1,147,0,5,10,2012,6,1,45,0,4,4,CR-HOUGH RD,,51,42.90985278,-82.888225,0,8,0,0,1,1,0,1,2,2,0,2,0,0000000,1,45,99,99,99,99,0,0,0,1,0
26,260688,1,1,0,0,0,2,2,65,0,5,10,2012,6,7,47,0,6,4,CR-PARMAN RD,,56,42.5029,-84.26789444,0,42,0,0,1,1,0,4,9,99,0,99,0,0000000,7,47,8,4,99,99,22,0,0,1,0
26,260689,3,2,1,1,1,2,2,99,5110,17,10,2012,4,23,0,1,11,1,I-696,,24,42.48818333,-83.04350278,0,12,6,1,18,1,0,1,3,2,0,2,0,0000000,99,99,99,99,99,99,14,19,23,1,1
26,260690,1,1,0,0,0,1,1,145,0,4,10,2012,5,3,45,0,4,4,CR-FORDNEY RD,,12,43.32373889,-84.18945833,0,32,0,0,1,1,0,4,2,1,0,1,0,0000000,3,45,3,50,88,88,22,0,0,1,0
26,260691,2,2,0,0,0,2,2,49,686,12,10,2012,6,9,17,0,13,6,S CENTER RD,E BRISTOL RD,31,42.97500556,-83.63328611,0,12,6,0,2,2,0,1,1,1,0,1,0,0000000,9,22,9,25,99,99,0,0,0,1,0
26,260692,2,2,0,0,0,3,3,81,5089,20,10,2012,7,0,38,1,11,1,I-96,,65,43.02111667,-85.66703611,0,12,6,1,5,1,0,2,3,10,0,10,0,0000000,0,41,0,44,99,99,0,0,0,1,0
26,260693,1,1,0,0,0,1,1,159,0,8,10,2012,2,12,56,0,6,4,CR-6TH AVE,,18,42.39703056,-85.79317222,0,11,0,0,1,1,0,1,1,1,0,1,0,0000000,12,58,13,7,99,99,22,0,0,1,0
26,260694,1,1,0,0,0,1,1,3,0,13,10,2012,7,19,0,0,4,4,CR-ET RD,,90,46.31414444,-86.97029722,0,30,0,0,1,1,0,4,5,2,0,2,0,0000000,19,5,19,13,88,88,22,0,0,1,1
26,260695,2,1,1,0,0,2,2,161,0,7,10,2012,1,5,34,0,16,4,CR-FOLEY ST,,3,42.22767778,-83.57651944,0,14,0,0,1,1,0,4,2,1,0,1,0,0000000,5,37,5,46,99,99,0,0,0,1,1
26,260696,2,2,0,0,0,2,2,37,0,21,10,2012,1,12,10,1,13,3,SR-96 GRAND RIVER HWY,FRANCIS RD,91,42.78431667,-84.66663056,0,12,6,0,2,2,0,1,1,1,0,1,0,0000000,12,15,12,17,99,99,0,0,0,1,0
26,260697,2,2,0,0,0,2,2,91,0,18,10,2012,5,4,10,0,14,4,CR-OCCIDENTAL  HWY,,1,41.94133056,-83.986125,0,12,6,0,1,1,0,1,2,2,0,2,0,0000000,4,11,4,17,99,99,22,0,0,1,1
26,260698,1,1,0,1,1,1,1,91,3360,22,10,2012,2,6,53,0,4,3,SR-156 NORTH ST,,16,41.72962222,-84.21882778,0,8,0,0,1,1,0,2,3,1,0,1,0,0000000,6,53,6,58,88,88,0,0,0,1,0
26,260699,1,1,0,0,0,2,2,163,1260,20,10,2012,7,1,55,1,12,3,SR-39 SOUTHFIELD,,85,42.34331389,-83.216,0,21,0,1,18,1,0,4,3,2,0,2,0,0000000,99,99,99,99,99,99,0,0,0,2,1
26,260700,1,1,0,1,1,1,1,103,3050,20,10,2012,7,7,5,0,14,6,WASHINGTON ST,,5,46.54584444,-87.41703889,0,8,0,0,1,1,0,1,3,10,0,10,0,0000000,7,6,7,10,88,88,0,0,0,1,0
26,260701,1,1,0,0,0,1,1,105,0,23,10,2012,3,1,30,0,16,4,CR-BRYE RD,,25,43.97086111,-86.38044722,0,42,0,0,1,1,0,4,2,10,0,10,0,0000000,10,45,10,51,88,88,22,0,0,1,1
26,260702,2,2,0,0,0,2,2,163,4975,15,10,2012,2,6,54,1,11,1,I-94 SERVICE DR,,23,42.21974722,-83.504525,0,12,2,0,1,1,0,1,2,1,0,1,0,0000000,99,99,99,99,99,99,0,0,0,1,0
26,260703,2,2,0,0,0,2,2,99,4521,17,10,2012,4,11,52,0,13,4,CR-23 MILE RD,VAN DYKE AVE,32,42.66958611,-83.03383611,0,12,6,0,2,2,0,1,1,1,0,1,0,0000000,11,54,11,55,99,99,0,0,0,1,0
26,260704,1,1,0,0,0,3,3,81,0,19,10,2012,6,3,47,0,6,4,CR-20 MILE RD,,7,43.26331389,-85.77473889,0,1,0,0,1,1,0,4,2,10,0,10,0,0000000,3,49,3,50,99,99,22,0,0,1,1
26,260705,1,1,0,1,1,1,1,163,1210,20,10,2012,7,17,35,0,13,6,WARREN,,2,42.34372222,-83.19221944,0,8,0,0,1,1,0,1,1,10,0,10,0,0000000,17,37,17,39,99,99,0,0,0,1,1
26,260706,1,1,0,1,1,1,1,163,1260,22,10,2012,2,19,30,0,13,6,7 MILE RD,,138,42.43131667,-83.16331389,0,8,0,0,1,1,0,1,3,1,0,1,0,0000000,99,99,99,99,99,99,0,0,0,1,0
26,260707,1,1,0,1,1,1,1,99,4330,17,10,2012,4,22,14,0,15,6,E 11 MILE RD,,63,42.49350278,-82.96741944,0,8,0,0,1,1,0,1,3,2,0,2,0,0000000,99,99,99,99,99,99,0,0,0,1,0
26,260708,5,5,0,0,0,7,7,163,1212,20,10,2012,7,13,37,0,13,6,INKSTER RD,,141,42.3119,-83.31086111,0,12,1,0,1,1,0,1,1,10,0,10,0,0000000,13,37,13,40,99,99,0,0,0,1,0
26,260709,2,2,0,0,0,3,3,81,6,22,10,2012,2,17,52,0,14,4,CR-PETTIS AVE,,21,42.97518611,-85.50053889,0,12,6,0,1,1,0,1,5,2,0,2,0,0000000,17,53,18,4,99,99,22,0,0,1,0
26,260710,1,1,0,0,0,3,3,27,0,23,10,2012,3,21,14,0,6,4,CR-CHAPEL HILL ST,,48,41.80928889,-85.84246111,0,42,0,0,1,1,0,4,2,1,0,1,0,0000000,21,18,21,27,99,99,22,0,0,2,0
26,260711,1,1,0,0,0,1,1,163,1260,24,10,2012,4,3,31,1,11,1,I-94,,305,42.38395278,-83.02920833,0,1,0,1,18,1,0,4,2,2,0,2,0,0000000,3,31,3,36,99,99,0,0,0,1,0
26,260712,2,2,0,0,0,5,5,163,1260,25,10,2012,5,20,30,1,13,3,SR-3 GRATIOT AVE,,7,42.34165833,-83.04006944,0,12,1,0,1,1,0,1,3,1,0,1,0,0000000,99,99,99,99,99,99,0,0,0,1,0
26,260713,2,2,0,0,0,2,2,35,0,26,10,2012,6,9,39,0,3,3,SR-115,,164,43.82260556,-84.78509722,0,12,2,0,1,1,0,1,1,1,0,1,0,0000000,9,41,9,42,99,99,0,0,0,1,0
26,260714,1,1,0,0,0,1,1,77,4030,30,10,2012,3,2,34,1,12,2,US-131,,0,42.24028056,-85.63996389,0,1,0,1,5,1,0,8,2,1,0,1,0,0000000,2,35,2,42,88,88,0,0,0,1,1
26,260715,1,1,0,1,1,1,1,139,0,29,10,2012,2,22,53,0,6,4,CR-112TH AVE,,1,42.85754722,-86.05970556,0,9,0,0,1,1,0,1,2,1,0,1,0,0000000,22,53,23,0,88,88,22,0,0,1,0
26,260716,2,2,0,0,0,2,2,87,0,26,10,2012,6,10,55,1,2,3,SR-53 N VAN DYKE RD,,121,43.05886667,-83.07065278,0,12,6,0,1,1,0,1,1,10,0,10,0,0000000,11,0,11,5,88,88,0,0,0,1,0
26,260717,1,1,0,1,1,1,1,163,738,12,10,2012,6,10,37,0,99,4,CR-EDINGTON CIRCLE,,0,42.30796389,-83.48326111,0,8,0,0,4,1,0,1,1,1,0,1,0,0000000,99,99,99,99,99,99,0,0,0,1,0
26,260718,2,2,0,0,0,2,2,163,0,31,10,2012,4,15,51,0,14,4,CR-8 MILE RD,,1,42.43526944,-83.54914444,0,12,2,0,1,1,0,1,1,10,0,10,0,0000000,15,51,15,59,99,99,22,0,0,2,0
26,260719,1,1,0,1,1,1,1,163,1260,26,10,2012,6,3,25,0,14,6,JOY,,10,42.36780278,-83.12384722,0,8,0,0,1,1,0,1,2,1,0,1,0,0000000,99,99,99,99,99,99,0,0,0,1,0
26,260720,1,1,0,0,0,1,1,163,1260,3,10,2012,4,4,53,1,11,1,I-94 RAMP 213D,,3,42.34939722,-83.10010833,0,25,0,1,5,1,0,4,3,10,0,10,0,0000000,99,99,99,99,99,99,22,0,0,1,0
26,260721,3,3,0,0,0,3,3,99,919,30,10,2012,3,12,24,0,14,4,CR-JEFFERSON AVE,COOPER LN,17,42.65065,-82.80606111,0,12,1,0,3,3,0,1,1,10,0,10,0,0000000,99,99,99,99,99,99,0,0,0,1,0
26,260722,3,3,0,0,0,4,4,163,1260,15,8,2012,4,20,45,0,14,6,E STATE FAIR,CHRYSLER SERVICE DR,13,42.43971111,-83.09556389,0,12,2,0,2,2,0,1,1,1,0,1,0,0000000,99,99,99,99,99,99,0,0,0,1,1
26,260723,3,3,0,0,0,5,5,5,0,1,10,2012,2,15,59,1,2,2,US-131,,5,42.42809167,-85.66055278,0,12,1,0,1,1,1,1,1,1,0,1,0,0000000,99,99,99,99,99,99,0,0,0,1,0
26,260724,2,2,0,0,0,2,2,5,0,18,10,2012,5,7,8,0,4,4,CR-142ND AVE,KALAMAZOO DR,203,42.72480278,-85.599525,0,12,6,0,2,2,0,1,3,2,0,2,0,0000000,99,99,99,99,99,99,22,0,0,1,0
26,260725,2,2,0,0,0,2,2,125,5113,2,8,2012,5,3,5,1,13,3,SR-59,ELIZABETH LAKE RD,178,42.63944722,-83.3522,0,12,1,0,3,2,0,1,3,1,0,1,0,0000000,3,5,3,9,88,88,0,0,0,1,0
26,260726,1,1,0,0,0,3,3,17,0,16,10,2012,3,3,30,0,6,4,CR-BURNS RD,CASS RD,0,43.56532222,-83.7893,0,34,0,0,3,3,0,4,3,10,0,10,0,0000000,3,36,3,44,99,99,22,0,0,1,1
26,260727,2,1,1,0,0,1,1,145,0,13,10,2012,7,2,25,0,6,4,CR-BUECHE RD,,21,43.16264167,-83.96899167,0,42,0,0,1,1,0,4,2,1,0,1,0,0000000,2,25,99,99,99,99,22,0,0,1,0
26,260728,2,2,0,0,0,7,7,51,0,27,8,2012,2,20,37,0,4,4,CR-E HIGHWOOD RD,HAY RD,29,43.92781389,-84.30693056,0,12,6,0,2,2,0,1,5,1,0,1,0,0000000,20,40,99,99,99,99,0,0,0,1,0
26,260729,1,1,0,0,0,3,3,123,0,29,10,2012,2,20,37,0,4,4,CR-ELM AVE,,96,43.43154167,-85.649175,0,42,0,0,1,1,0,4,1,1,0,1,0,0000000,99,99,99,99,99,99,0,0,0,2,1
26,260730,1,1,0,0,0,1,1,115,0,26,10,2012,6,14,53,0,6,4,CR-BOMIEA RD,,4,42.00495556,-83.27255,0,42,0,0,1,1,0,4,1,1,0,1,0,0000000,14,56,15,14,88,88,0,0,0,1,0
26,260731,1,1,0,0,0,1,1,87,0,20,10,2012,7,0,45,1,11,1,I-69,,51,43.03146667,-83.36151944,0,21,0,1,18,1,0,4,2,2,0,2,0,0000000,99,99,99,99,88,88,0,0,0,1,0
26,260732,1,1,0,0,0,1,1,159,0,22,10,2012,2,21,6,0,4,4,CR-388,,9,42.40365833,-86.23209722,0,40,0,0,1,1,0,4,2,2,0,2,0,0000000,99,99,99,99,99,99,22,0,0,1,0
26,260733,2,2,0,0,0,3,3,145,0,30,10,2012,3,14,10,0,4,4,CR-GARY RD,STUART RD,140,43.21821944,-84.09035556,0,12,6,0,2,2,0,1,1,2,0,2,0,0000000,14,10,14,25,99,99,22,0,0,1,0
26,260734,1,1,0,1,1,2,2,163,1210,12,10,2012,6,5,45,0,14,6,HUBBARD,BEECH TREE LN,3,42.32160278,-83.22547778,0,8,0,0,1,1,0,1,3,1,0,1,0,0000000,99,99,99,99,99,99,0,0,0,1,0
26,260735,1,1,0,1,1,1,1,145,0,24,10,2012,4,19,12,0,6,4,CR-TOWNLINE RD,,68,43.307075,-83.77950556,0,9,0,0,1,1,0,1,2,1,0,1,0,0000000,99,99,99,99,99,99,0,0,0,1,0
26,260736,2,1,1,1,3,1,3,115,0,7,10,2012,1,22,10,0,14,3,SR-125 S DIXIE HWY,,112,41.87500556,-83.43853611,0,14,0,0,1,1,0,2,3,1,0,1,0,0000000,22,14,22,20,99,99,23,0,0,1,0
26,260737,2,2,0,0,0,2,2,17,0,16,10,2012,3,17,59,0,14,4,CR-MACKINAW RD,,30,43.56737778,-83.99363611,0,12,2,0,1,1,0,1,1,1,0,1,0,0000000,16,58,17,3,99,99,0,0,0,1,0
26,260738,2,2,0,1,1,2,2,163,90,16,10,2012,3,22,30,1,11,1,I-94 RAMP 3203D,,1,42.26641389,-83.23560556,0,8,0,1,5,1,0,1,2,1,0,1,0,0000000,99,99,99,99,99,99,0,0,0,1,0
26,260739,2,2,0,0,0,2,2,99,5110,5,10,2012,6,8,56,1,13,6,MOUND RD,13 MILE RD,78,42.52067222,-83.04750556,0,12,6,0,2,2,0,1,1,10,0,10,0,0000000,99,99,99,99,99,99,20,0,0,1,0
26,260740,2,2,0,3,3,2,2,99,919,14,10,2012,1,1,48,1,11,1,I-94,,176,42.67225556,-82.82349722,0,12,6,1,18,1,1,1,2,2,0,2,0,0000000,99,99,99,99,99,99,19,0,0,2,0
26,260741,2,2,0,1,1,2,2,81,5319,20,10,2012,7,21,54,0,13,6,S DIVISION AVE,,88,42.88758333,-85.66489167,0,8,0,0,1,1,0,1,3,10,0,10,0,0000000,21,55,22,0,88,88,0,0,0,1,0
26,260742,2,2,0,0,0,5,5,163,1480,26,10,2012,6,19,19,1,13,6,W JEFFERSON,VISGER,159,42.25696111,-83.13891667,0,12,6,0,2,2,0,1,5,10,0,10,0,0000000,19,19,19,19,99,99,0,0,0,1,0
26,260743,2,2,0,0,0,3,3,147,1758,4,9,2012,3,10,13,0,13,3,SR-25 LAKESHORE RD,,53,43.06979722,-82.46598889,0,12,2,0,1,1,0,1,1,2,0,2,0,0000000,99,99,99,99,99,99,0,0,0,1,0
26,260744,1,1,0,0,0,2,2,23,0,1,11,2012,5,13,29,0,3,3,SR-86 W COLON RD,,19,41.94145278,-85.25791389,0,42,0,0,1,1,0,4,1,1,0,1,0,0000000,13,31,13,32,99,99,0,0,0,2,0
26,260745,3,3,0,0,0,4,4,161,0,3,11,2012,7,7,55,1,11,1,I-94,,226,42.23688056,-83.740375,0,12,1,1,18,1,2,1,1,1,0,1,0,0000000,8,1,8,10,99,99,0,0,0,1,0
26,260746,1,1,0,0,0,1,1,71,0,3,11,2012,7,19,57,0,9,4,CR-N FENCE RIVER RD,,20,46.34074444,-88.28242778,0,1,0,0,1,1,0,1,2,10,0,10,0,0000000,99,99,99,99,88,88,22,0,0,1,1
26,260747,3,3,0,0,0,3,3,115,0,3,11,2012,7,12,45,1,11,1,I-75,,100,41.86070833,-83.40811667,0,12,1,0,1,1,1,1,1,1,0,1,0,0000000,12,47,12,57,88,88,0,0,0,1,0
26,260748,1,1,0,1,1,1,1,109,2179,5,11,2012,2,22,43,0,4,4,CR-B1,,28,45.68191944,-87.34660278,0,8,0,0,1,1,0,1,2,1,0,1,0,0000000,22,43,23,1,99,99,22,0,0,1,0
26,260749,1,1,0,1,1,1,1,161,0,8,11,2012,5,17,49,0,14,4,CR-GOLFSIDE DR,,14,42.25065556,-83.66103611,0,8,0,0,1,1,0,1,3,1,0,1,0,0000000,17,49,17,56,99,99,0,0,0,1,0
26,260750,1,1,0,1,1,2,2,161,150,9,11,2012,6,18,7,0,13,6,ANN ARBOR SALINE RD,,30,42.25065556,-83.75700278,0,8,0,0,1,1,0,1,2,1,0,1,0,0000000,18,7,99,99,88,88,0,0,0,1,0
26,260751,2,2,0,0,0,3,3,81,0,12,11,2012,2,9,15,1,12,2,US-131,,234,43.08811667,-85.63305833,0,12,1,1,18,1,0,1,1,10,0,10,0,0000000,9,26,9,31,99,99,0,0,0,1,0
26,260752,1,1,0,0,0,1,1,163,1260,7,11,2012,4,10,5,0,14,6,RUSSELL ST,,7,42.35173611,-83.04408889,0,30,0,0,1,1,0,4,1,1,0,1,0,0000000,99,99,99,99,99,99,0,0,0,1,0
26,260753,2,2,0,0,0,4,4,17,0,11,11,2012,1,19,55,0,4,4,CR-N SHORE RD,,30,43.90971944,-83.93507222,0,12,2,0,1,1,0,1,2,1,0,1,0,0000000,19,57,20,1,99,99,0,0,0,1,1
26,260754,1,1,0,1,1,1,1,125,2935,14,11,2012,4,6,3,0,13,6,DEQUINDRE,,35,42.49753889,-83.08531944,0,8,0,0,1,1,0,1,3,1,0,1,0,0000000,6,21,6,24,88,88,0,0,0,1,0
26,260755,1,1,0,0,0,1,1,19,0,14,11,2012,4,15,55,0,3,3,SR-115 FRANKFORT HWY,,23,44.63595833,-86.17765833,0,1,0,0,1,1,0,4,1,1,0,1,0,0000000,16,2,16,11,88,88,0,0,0,1,1
26,260756,3,3,0,0,0,8,8,159,0,13,11,2012,3,19,11,0,4,4,CR-388,,54,42.40428333,-86.14386667,0,12,2,0,1,1,0,1,2,1,0,1,0,0000000,99,99,99,99,99,99,22,0,0,3,1
26,260757,1,1,0,0,0,1,1,67,0,18,11,2012,1,5,30,0,5,4,CR-VAN VLECK,,0,43.11230833,-85.04347778,0,42,0,0,1,1,0,4,2,5,0,5,0,0000000,9,2,9,13,88,88,22,0,0,1,1
26,260758,1,1,0,0,0,1,1,99,4521,18,11,2012,1,19,48,0,14,4,CR-MOUND RD,,37,42.71207222,-83.05553333,0,33,0,0,1,1,0,4,3,1,0,1,0,0000000,19,48,19,52,99,99,0,0,0,1,1
26,260759,1,1,0,0,0,1,1,127,0,18,11,2012,1,15,30,1,2,2,US-31,,71,43.55851944,-86.39180833,0,21,0,1,18,1,0,4,1,1,0,1,0,0000000,15,36,15,44,99,99,0,0,0,1,0
26,260760,2,2,0,0,0,3,3,145,0,20,11,2012,3,17,28,0,4,4,CR-DIXIE HWY,,32,43.261475,-83.77784722,0,11,0,0,1,1,0,1,2,10,0,10,0,0000000,17,28,17,34,99,99,14,0,0,1,0
26,260761,2,2,0,0,0,2,2,155,3780,22,11,2012,5,12,17,0,14,3,SR-52 N SHIAWASSEE ST,W NORTH ST,173,43.01220833,-84.17671667,0,12,6,0,2,3,0,1,1,1,0,1,0,0000000,12,17,12,21,99,99,0,0,0,1,0
26,260762,1,1,0,1,1,1,1,149,0,25,11,2012,1,3,0,0,4,4,CR-S KALAMAZOO ST,,15,41.78810278,-85.64318333,0,8,0,0,1,1,0,1,2,1,0,1,0,0000000,3,3,3,8,88,88,0,0,0,1,1
26,260763,2,2,0,2,2,2,2,125,4567,17,11,2012,7,13,51,1,13,2,US-23 TELEGRAPH RD,,8,42.45448611,-83.27816111,0,12,1,0,1,1,0,1,1,1,0,1,0,0000000,99,99,99,99,99,99,23,0,0,1,0
26,260764,1,1,0,0,0,2,2,151,0,24,11,2012,7,3,50,0,6,4,CR-MAURER RD,,5,43.67633611,-82.85784444,0,32,0,0,1,1,0,4,2,1,0,1,0,0000000,3,58,4,18,99,99,22,0,0,1,1
26,260765,1,1,0,3,3,2,2,77,0,18,11,2012,1,3,24,1,13,2,US-131,,16,42.31389722,-85.58824444,0,8,0,0,1,1,0,1,2,1,0,1,0,0000000,99,99,99,99,99,99,19,0,0,1,0
26,260766,2,1,1,0,0,1,1,75,0,1,11,2012,5,12,46,0,14,6,NAPOLEON RD,,62,42.22227222,-84.31315278,0,19,0,0,1,1,0,5,1,1,0,1,0,0000000,12,48,12,54,88,88,0,0,0,1,0
26,260767,2,2,0,0,0,9,9,57,4765,1,11,2012,5,17,5,0,4,4,CR-555,W HARRISON RD,40,43.35037778,-84.83586667,0,12,6,0,2,2,0,1,1,1,0,1,0,0000000,17,6,17,25,99,99,22,0,0,1,0
26,260768,2,2,0,0,0,2,2,45,890,3,11,2012,7,11,15,0,13,6,LANSING RD,,12,42.57545556,-84.81936111,0,12,2,0,1,1,0,1,1,10,0,10,0,0000000,11,17,11,19,99,99,0,0,0,1,0
26,260769,2,2,0,0,0,3,3,125,4905,3,11,2012,7,18,59,0,13,6,E LONG LAKE RD,ALLISON DR,129,42.59236944,-83.11640278,0,12,6,0,2,3,0,1,3,10,0,10,0,0000000,19,2,19,7,99,99,0,0,0,1,1
26,260770,1,1,0,2,2,1,1,115,0,13,11,2012,3,19,46,0,14,3,SR-50 S CUSTER RD,,4,41.93281111,-83.46199444,0,8,0,0,1,1,0,1,2,1,0,1,0,0000000,19,48,19,52,99,99,0,0,0,1,0
26,260771,2,2,0,0,0,3,3,49,1730,27,11,2012,3,20,27,0,14,6,BALLENGER,,12,42.98870278,-83.732825,0,12,2,0,1,1,0,1,2,1,0,1,0,0000000,20,27,20,30,88,88,0,0,0,1,1
26,260772,1,1,0,0,0,1,1,1,0,29,11,2012,5,20,25,0,3,4,CR-F41,,232,44.84576389,-83.407325,0,30,0,0,1,1,0,4,3,2,0,2,0,0000000,20,21,20,47,99,99,0,0,0,1,1
26,260773,1,1,0,0,0,3,3,25,310,29,11,2012,5,2,0,0,15,6,UPTON AVE,,24,42.31556111,-85.19430833,0,42,0,0,1,1,0,4,3,1,0,1,0,0000000,99,99,99,99,99,99,0,0,0,2,1
26,260774,2,2,0,0,0,2,2,99,2761,16,11,2012,6,18,30,0,3,3,SR-19 GRATIOT AVE,,135,42.77419167,-82.75274167,0,12,6,0,1,1,0,1,2,10,0,10,0,0000000,99,99,99,99,99,99,0,0,0,1,1