STATE,ST_CASE,VE_TOTAL,VE_FORMS,PVH_INVL,PEDS,PERNOTMVIT,PERMVIT,PERSONS,COUNTY,CITY,DAY,MONTH,YEAR,DAY_WEEK,HOUR,MINUTE,NHS,ROAD_FNC,ROUTE,TWAY_ID,TWAY_ID2,MILEPT,LATITUDE,LONGITUD,SP_JUR,HARM_EV,MAN_COLL,RELJCT1,RELJCT2,TYP_INT,WRK_ZONE,REL_ROAD,LGT_COND,WEATHER1,WEATHER2,WEATHER,SCH_BUS,RAIL,NOT_HOUR,NOT_MIN,ARR_HOUR,ARR_MIN,HOSP_HR,HOSP_MN,CF1,CF2,CF3,FATALS,DRUNK_DR
26,260775,1,1,0,0,0,5,5,163,1260,2,11,2012,6,6,25,0,16,6,HOLCOMB AVE,,10,42.38402222,-83.00529167,0,42,0,0,1,1,0,4,3,10,0,10,0,0000000,99,99,99,99,99,99,0,0,0,2,0
26,260776,1,1,0,0,0,1,1,137,0,5,11,2012,2,15,50,1,11,1,I-75,,87,45.13495556,-84.67137778,0,1,0,1,18,1,0,1,1,10,0,10,0,0000000,15,52,15,57,99,99,0,0,0,1,0
26,260777,2,2,0,3,3,1,1,163,1260,25,11,2012,1,4,40,1,12,3,SR-10 JOHN C LODGE,,63,42.39856389,-83.10996667,0,23,0,1,18,1,0,3,3,4,11,4,0,0000000,99,99,99,99,99,99,15,23,0,1,0
26,260778,1,1,0,0,0,1,1,125,0,4,11,2012,1,21,40,0,14,4,CR-PONTIAC TRAIL,,62,42.50480556,-83.63026944,0,30,0,0,1,1,0,4,2,1,0,1,0,0000000,21,42,21,49,88,88,0,0,0,1,1
26,260779,2,2,0,0,0,3,3,25,0,7,11,2012,4,8,5,0,6,4,CR-14 MILE RD,,19,42.32530556,-85.02444722,0,12,2,0,1,1,0,1,1,1,0,1,0,0000000,8,5,8,17,99,99,0,0,0,1,1
26,260780,1,1,0,0,0,1,1,81,5319,9,11,2012,6,6,55,1,11,1,I-196,,59,42.94021667,-85.71568889,0,1,0,1,18,1,0,3,2,1,0,1,0,0000000,6,55,7,5,88,88,0,0,0,1,0
26,260781,1,1,0,1,1,1,1,139,0,10,11,2012,7,23,30,1,13,2,US-131,FELCH ST,37,42.81935278,-86.09135,0,8,0,0,3,2,0,1,3,10,0,10,0,0000000,23,31,23,32,99,99,0,0,0,1,0
26,260782,1,1,0,0,0,1,1,107,0,11,11,2012,1,7,30,0,4,4,CR-90TH AVE,,31,43.748975,-85.26443333,0,52,0,0,1,1,0,4,2,1,0,1,0,0000000,7,32,7,46,88,88,22,0,0,1,0
26,260783,2,2,0,0,0,2,2,161,0,8,11,2012,5,9,30,0,14,4,CR-N HEWITT RD,,9,42.24115,-83.64786944,0,12,6,0,1,1,0,1,1,1,0,1,0,0000000,9,30,9,32,99,99,0,0,0,1,0
26,260784,2,2,0,0,0,2,2,161,0,26,11,2012,2,21,59,1,12,2,US-23,,48,42.15243889,-83.683725,0,12,1,1,18,1,0,1,2,1,0,1,0,0000000,99,99,99,99,88,88,19,0,0,1,0
26,260785,2,2,0,1,1,2,2,125,512,10,11,2012,7,18,24,1,13,2,US-24,,9,42.61542778,-83.31278611,0,12,1,0,1,1,0,1,2,10,0,10,0,0000000,18,27,18,32,99,99,23,0,0,1,0
26,260786,1,1,0,0,0,2,2,75,0,1,12,2012,7,22,23,0,5,4,CR- COON HILL RD,,14,42.36437778,-84.28496389,0,30,0,0,1,1,0,4,2,1,0,1,0,0000000,22,26,22,54,99,99,0,0,0,2,1
26,260787,1,1,0,0,0,1,1,147,0,2,12,2012,1,20,46,0,15,4,CR-STONE RD,,2,42.63853889,-82.55904444,0,30,0,0,1,1,0,4,2,5,0,5,0,0000000,20,47,99,99,88,88,0,0,0,1,0
26,260788,1,1,0,0,0,1,1,99,0,2,12,2012,1,7,42,0,6,4,CR-ANDREWS,,7,42.86425556,-82.74688056,0,52,0,0,1,1,0,4,1,2,0,2,0,0000000,7,43,7,49,88,88,22,0,0,1,1
26,260789,1,1,0,0,0,1,1,145,0,4,12,2012,3,23,58,0,6,4,CR-LITCHFIELD RD,,3,43.22361667,-83.9962,0,1,0,0,1,1,0,1,2,1,0,1,0,0000000,99,99,99,99,88,88,22,0,0,1,1
26,260790,1,1,0,0,0,1,1,25,310,14,11,2012,4,13,45,0,14,3,SR-89,,30,42.34911667,-85.24547778,0,33,0,0,1,1,0,4,1,1,0,1,0,0000000,13,44,13,49,88,88,0,0,0,1,0
26,260791,1,1,0,0,0,1,1,163,1260,3,11,2012,7,11,0,0,16,6,51ST ST,,2,42.328075,-83.13293333,0,18,0,0,1,1,0,1,1,1,0,1,0,0000000,99,99,99,99,99,99,0,0,0,1,0
26,260792,1,1,0,0,0,1,1,9,0,4,12,2012,3,6,50,0,4,4,CR-OLD STATE RD,,43,45.06039444,-85.07970278,0,42,0,0,1,1,0,4,2,10,0,10,0,0000000,6,54,7,1,88,88,0,0,0,1,1
26,260793,1,1,0,0,0,1,1,139,0,15,11,2012,5,23,27,0,6,4,CR-VAN BUREN ST,,23,42.87075556,-85.91590556,0,42,0,0,1,1,0,4,2,1,0,1,0,0000000,23,27,23,33,88,88,22,0,0,1,0
26,260794,1,1,0,0,0,3,3,85,0,15,11,2012,5,2,30,0,6,4,CR-S JOHNS RD,,16,43.96787778,-85.85574722,0,42,0,0,1,1,0,4,2,1,0,1,0,0000000,99,99,99,99,99,99,22,0,0,1,1
26,260795,2,2,0,0,0,2,2,125,3260,17,11,2012,7,5,41,0,14,6,S MILFORD RD,,81,42.57753333,-83.61165278,0,12,2,0,1,1,0,1,2,5,0,5,0,0000000,5,40,5,46,99,99,0,0,0,1,1
26,260796,1,1,0,0,0,1,1,61,0,6,11,2012,3,15,15,0,15,4,CR-PARADISE RD,,103,47.08638333,-88.55232222,0,34,0,0,1,1,0,4,1,10,0,10,0,0000000,15,16,15,33,99,99,0,0,0,1,0
26,260797,2,2,0,0,0,2,2,99,4521,20,11,2012,3,10,57,1,13,6,MOUND RD,SR-59 SERVICE DR,6,42.62513889,-83.05230556,0,12,6,0,2,2,0,1,1,1,0,1,0,0000000,10,57,99,99,88,88,0,0,0,1,0
26,260798,1,1,0,0,0,1,1,27,1500,22,11,2012,5,2,0,0,4,4,CR-CONRAD RD,,10,41.77491389,-86.10838333,0,42,0,0,1,1,0,4,2,5,0,5,0,0000000,2,0,2,5,88,88,0,0,0,1,1
26,260799,1,1,0,1,1,1,1,81,5089,7,12,2012,6,19,10,0,13,6,3 MILE RD,NOLAN AVE,7,43.01601111,-85.77290833,0,8,0,0,2,3,0,1,3,10,0,10,0,0000000,19,10,19,18,88,88,0,0,0,1,0
26,260800,1,1,0,1,1,1,1,101,0,23,11,2012,6,5,36,0,4,4,CR-602,,29,44.51444167,-86.04603333,0,18,0,0,1,1,0,1,2,1,0,1,0,0000000,99,99,99,99,99,99,0,0,0,1,0
26,260801,2,2,0,0,0,2,2,47,3930,25,11,2012,1,20,27,1,2,2,US-31,,18,45.35881667,-85.058525,0,12,6,0,1,1,0,1,2,6,0,6,0,0000000,20,32,20,39,88,88,0,0,0,1,0
26,260802,2,2,0,0,0,4,4,145,0,21,11,2012,4,6,50,0,3,3,SR-13,HUSEN RD,33,43.31492222,-83.95346389,0,12,6,0,2,2,0,1,4,5,0,5,0,0000000,6,51,7,1,99,99,0,0,0,1,0
26,260803,2,2,0,0,0,2,2,95,2932,26,11,2012,2,8,5,0,4,4,CR-466,,13,46.34674722,-85.49317778,0,12,6,0,8,1,0,1,4,1,0,1,0,0000000,99,99,99,99,99,99,0,0,0,1,0
26,260804,3,3,0,0,0,7,7,79,0,23,11,2012,6,16,20,1,2,3,SR-72,,153,44.69959722,-84.88152222,0,12,2,0,1,1,0,1,1,4,0,4,0,0000000,16,20,16,24,99,99,0,0,0,1,0
26,260805,1,1,0,1,1,2,2,55,0,8,12,2012,7,19,31,0,4,3,SR-137,RAILROAD ST,20,44.65089722,-85.76804167,0,8,0,0,2,3,0,1,2,1,0,1,0,0000000,19,31,19,32,99,99,0,0,0,1,0
26,260806,2,2,0,0,0,3,3,145,0,30,11,2012,6,14,17,0,3,3,SR-83,SR-46,129,43.40718056,-83.73804167,0,12,6,0,2,2,0,1,1,2,0,2,0,0000000,14,15,14,20,99,99,22,0,0,1,0
26,260807,2,2,0,1,1,2,2,125,2935,30,11,2012,6,18,12,0,13,6,DEQUINDRE RD,,34,42.49568889,-83.08526944,0,8,0,0,1,1,0,1,3,1,0,1,0,0000000,18,12,18,15,88,88,0,0,0,1,0
26,260808,1,1,0,0,0,1,1,99,2761,19,11,2012,2,0,9,0,3,4,CR-26 MILE RD,,133,42.71868889,-82.83144722,0,59,0,0,1,1,0,4,2,1,0,1,0,0000000,99,99,99,99,88,88,0,0,0,1,1
26,260809,1,1,0,1,1,1,1,163,1260,20,10,2012,7,1,0,0,13,6,MCNICHOLS RD,,188,42.41654444,-83.18343611,0,8,0,0,1,1,0,1,2,2,0,2,0,0000000,99,99,99,99,99,99,0,0,0,1,0
26,260810,2,2,0,0,0,3,3,163,633,19,10,2012,6,19,22,0,13,4,CR-ALLEN RD,KING RD,38,42.15516389,-83.22663611,0,12,6,0,2,2,0,1,3,2,0,2,0,0000000,99,99,99,99,99,99,0,0,0,1,0
26,260811,2,2,0,0,0,4,4,163,1260,6,11,2012,3,8,45,0,13,6,WARREN,SOUTHFIELD SERVICE DR,24,42.34338056,-83.21569722,0,12,6,0,2,2,0,1,1,10,0,10,0,0000000,99,99,99,99,99,99,0,0,0,1,0
26,260812,1,1,0,0,0,4,4,99,0,22,11,2012,5,0,38,0,4,4,CR-MEMPHIS RIDGE RD,SCHOOL SECTION RD,45,42.86079722,-82.76686667,0,42,0,0,3,3,0,6,3,5,0,5,0,0000000,99,99,99,99,99,99,20,0,0,1,1
26,260813,2,2,0,0,0,2,2,163,1260,11,11,2012,1,13,0,0,14,6,OUTER DR,JAMES COUZENS SERVICE DR,29,42.42098611,-83.17594167,0,12,6,0,2,2,0,1,1,1,0,1,0,0000000,99,99,99,99,99,99,0,0,0,1,0
26,260814,2,2,0,0,0,5,5,21,0,17,10,2012,4,20,50,1,2,2,US-31 OLD,,99,41.89888333,-86.30471111,0,12,6,0,8,1,0,1,2,2,0,2,0,0000000,99,99,99,99,99,99,0,0,0,1,0
26,260815,1,1,0,1,1,1,1,77,4490,7,12,2012,6,17,36,1,13,2,US-131 N GRAND ST,,31,42.11493611,-85.63708056,0,8,0,0,1,1,0,1,3,2,0,2,0,0000000,17,39,18,1,99,99,0,0,0,1,0
26,260816,1,1,0,0,0,1,1,91,0,2,12,2012,1,1,32,0,6,4,CR-CARSON HWY,,28,42.02598611,-84.02546389,0,42,0,0,1,1,0,4,2,10,0,10,0,0000000,3,55,4,4,88,88,0,0,0,1,1
26,260817,2,2,0,0,0,3,3,17,0,8,12,2012,7,22,40,0,4,4,CR-7 MILE RD,PREVO RD,168,43.76790556,-84.02741944,0,12,6,0,2,2,0,1,2,10,0,10,0,0000000,23,0,23,15,99,99,22,0,0,1,1
26,260818,1,1,0,0,0,1,1,19,0,4,12,2012,3,14,33,0,4,4,CR-665 LAKE ANN RD,,52,44.70479444,-85.83289167,0,35,0,0,1,1,0,4,1,1,0,1,0,0000000,99,99,99,99,88,88,0,0,0,1,1
26,260819,1,1,0,0,0,1,1,81,2553,15,12,2012,7,3,0,0,15,6,FOREST HILLS AVE SE,,10,42.93402778,-85.55570278,0,33,0,0,1,1,0,4,3,1,0,1,0,0000000,3,9,3,20,88,88,0,0,0,1,1
26,260820,1,1,0,0,0,1,1,117,0,4,12,2012,3,2,23,0,5,4,CR-W EDGAR RD,W AMY SCHOOL RD,0,43.42480833,-85.50266111,0,35,0,0,2,3,0,4,3,10,0,10,0,0000000,99,99,99,99,99,99,0,0,0,1,0
26,260821,2,2,0,0,0,2,2,3,0,12,12,2012,4,7,32,1,2,3,SR-28,,240,46.44070556,-86.66075,0,12,2,0,1,1,0,1,1,1,0,1,0,0000000,7,35,7,37,99,99,0,0,0,1,0
26,260822,2,2,0,0,0,3,3,11,0,4,12,2012,3,17,33,0,3,3,SR-13,WORTH RD,10,43.92505,-83.96644722,0,12,6,0,2,2,0,1,5,1,0,1,0,0000000,17,37,17,42,99,99,0,0,0,1,0
26,260823,2,2,0,0,0,2,2,163,1260,6,12,2012,5,0,29,1,11,1,I-96,,113,42.37800278,-83.22676667,0,12,2,1,18,1,0,1,3,1,0,1,0,0000000,99,99,99,99,99,99,0,0,0,1,1
26,260824,1,1,0,0,0,1,1,139,0,16,12,2012,1,21,45,0,16,4,CR-168TH AVE,,35,42.99079722,-86.20426944,0,53,0,0,1,1,0,4,2,10,0,10,0,0000000,21,46,21,52,88,88,0,0,0,1,1
26,260825,1,1,0,0,0,1,1,163,1260,10,12,2012,2,20,8,0,16,6,CORAM ST,,1,42.43811944,-82.97451389,0,42,0,0,1,1,0,4,3,10,0,10,0,0000000,99,99,99,99,99,99,0,0,0,1,0
26,260826,1,1,0,1,1,1,1,149,1100,16,12,2012,1,18,13,1,2,2,US-131 S WASHINGTON ST,,53,41.83169722,-85.66282778,0,8,0,0,1,1,0,1,3,2,0,2,0,0000000,18,16,18,27,88,88,0,0,0,1,0
26,260827,3,3,0,0,0,4,4,147,0,7,12,2012,6,11,51,0,4,3,SR-21,,126,42.99298333,-82.56066389,0,12,1,0,1,1,0,1,1,2,0,2,0,0000000,11,51,99,99,99,99,0,0,0,1,0
26,260828,2,2,0,0,0,4,4,91,0,15,12,2012,7,21,51,0,14,4,CR-E VALLEY RD,,25,41.94095278,-83.98766944,0,12,6,0,1,1,0,1,2,2,0,2,0,0000000,99,99,99,99,99,99,22,0,0,2,0
26,260829,1,1,0,0,0,1,1,9,0,21,12,2012,6,8,1,0,4,4,CR-MARION CENTER RD,,88,45.204725,-85.26322778,0,1,0,0,1,1,0,4,1,4,11,4,0,0000000,8,1,8,10,88,88,0,0,0,1,0
26,260830,3,3,0,0,0,4,4,163,4571,12,12,2012,4,18,4,1,11,1,I-75,,115,42.22466944,-83.21408056,0,12,11,1,18,1,0,1,3,1,0,1,0,0000000,18,4,18,4,99,99,0,0,0,1,0
26,260831,1,1,0,0,0,1,1,63,0,21,12,2012,6,9,3,0,6,4,CR-MACDONALD RD,,101,43.82936944,-82.84127222,0,1,0,0,1,1,0,4,1,4,11,4,0,0000000,9,6,9,18,99,99,22,0,0,1,0
26,260832,2,2,0,0,0,6,6,163,4166,15,12,2012,7,7,30,0,14,4,CR-BEECH DALY RD,,4,42.36162222,-83.29455,0,12,2,0,1,1,0,1,1,5,0,5,0,0000000,7,31,7,34,99,99,0,0,0,1,0
26,260833,1,1,0,0,0,2,2,125,0,24,12,2012,2,1,41,0,6,4,CR-N COATS RD,,59,42.86799444,-83.31910556,0,42,0,0,1,1,0,4,2,1,0,1,0,0000000,1,43,1,49,99,99,22,0,0,1,1
26,260834,2,2,0,0,0,4,4,59,2280,11,12,2012,3,7,59,1,13,3,SR-99 N CARLETON RD,,34,41.95350833,-84.66172222,0,12,2,0,1,1,0,1,1,4,0,4,0,0000000,7,59,8,1,88,88,0,0,0,1,0
26,260835,2,2,0,0,0,2,2,147,0,21,12,2012,6,16,55,0,13,3,SR-25 LAKESHORE RD,,121,43.16169722,-82.50364167,0,12,2,0,1,1,0,1,1,4,11,4,0,0000000,99,99,99,99,99,99,0,0,0,1,0
26,260836,1,1,0,0,0,1,1,149,0,16,12,2012,1,16,10,0,4,4,CR-LUTZ RD,,58,41.88381389,-85.62410833,0,53,0,0,1,1,0,4,1,10,0,10,0,0000000,16,12,16,19,88,88,0,0,0,1,1
26,260837,3,3,0,0,0,5,5,163,4295,29,12,2012,7,23,43,0,14,6,INKSTER RD,,66,42.20314167,-83.30679444,0,12,1,0,1,1,0,1,2,10,0,10,0,0000000,99,99,99,99,99,99,20,0,0,1,1
26,260838,2,2,0,0,0,4,4,125,0,25,12,2012,3,15,30,0,14,4,CR-8 MILE RD,,35,42.43366111,-83.59582222,0,12,2,0,1,1,0,1,1,10,0,10,0,0000000,15,34,15,47,99,99,22,0,0,3,0
26,260839,1,1,0,1,1,1,1,49,1730,1,12,2012,7,11,26,0,13,6,E COURT ST,LAPEER RD,68,43.015625,-83.68111667,0,8,0,0,3,3,0,1,1,10,0,10,0,0000000,11,29,11,46,99,99,0,0,0,1,0
26,260840,1,1,0,0,0,2,2,21,0,15,12,2012,7,0,37,0,6,4,CR-MARQUETTE DR,LAKESHORE RD,27,41.82005278,-86.70410556,0,42,0,0,2,3,0,4,3,1,0,1,0,0000000,0,40,0,51,99,99,0,0,0,2,1
26,260841,2,1,1,0,0,3,3,67,0,19,12,2012,4,1,23,0,4,4,CR-JEFFERSON RD,,38,43.03399167,-85.05508889,0,1,0,0,1,1,0,4,2,2,0,2,0,0000000,1,27,1,34,99,99,0,0,0,1,1
26,260842,1,1,0,0,0,1,1,59,0,19,12,2012,4,21,27,0,5,4,CR-ROUNDTREE RD,,4,42.07111389,-84.5505,0,1,0,0,1,1,0,4,3,10,0,10,0,0000000,21,30,21,40,88,88,22,0,0,1,1
26,260843,1,1,0,0,0,2,2,91,4214,3,12,2012,2,13,55,0,6,4,CR-SILBERHORN RD,,53,41.79867222,-83.84387222,0,34,0,0,1,1,0,4,1,2,0,2,0,0000000,99,99,99,99,99,99,22,0,0,1,0
26,260844,1,1,0,1,1,1,1,103,3050,23,12,2012,1,20,16,1,13,2,US-41,GROVE ST,240,46.54006667,-87.40638333,0,8,0,0,2,2,0,1,2,10,0,10,0,0000000,20,17,20,25,88,88,0,0,0,1,0
26,260845,1,1,0,0,0,1,1,123,0,23,12,2012,1,7,13,0,4,4,CR-S ELM AVE,,24,43.52491667,-85.64262778,0,1,0,0,1,1,0,5,3,10,0,10,0,0000000,7,13,7,26,99,99,22,0,0,1,1
26,260846,2,2,0,0,0,3,3,147,0,26,12,2012,4,21,18,0,6,4,CR-MAYER RD,,78,42.93556389,-82.62148333,0,12,6,0,8,1,0,1,2,4,11,4,0,0000000,21,20,99,99,99,99,22,0,0,1,0
26,260847,1,1,0,0,0,1,1,21,640,23,12,2012,1,0,57,0,15,4,CR-RED BUD TRL,,94,41.88846667,-86.36433611,0,42,0,0,1,1,0,4,3,1,0,1,0,0000000,99,99,99,99,99,99,0,0,0,1,1
26,260848,2,2,0,0,0,3,3,99,5110,4,12,2012,3,11,44,0,15,6,E 11 MILE RD,BUNERT,58,42.49291111,-82.97737778,0,12,6,0,2,2,0,1,1,2,0,2,0,0000000,99,99,99,99,99,99,0,0,0,1,0
26,260849,2,2,0,0,0,3,3,109,0,28,12,2012,6,17,14,0,2,3,SR-35,,252,45.431475,-87.35102778,0,12,2,0,1,1,0,1,2,4,11,4,0,0000000,17,15,17,34,99,99,0,0,0,1,0
26,260850,1,1,0,1,1,1,1,161,0,28,12,2012,6,21,33,0,13,4,CR-CARPENTER RD,,116,42.25276944,-83.68074167,0,8,0,0,1,1,0,1,2,1,0,1,0,0000000,21,34,21,37,88,88,0,0,0,1,0
26,260851,2,2,0,0,0,3,3,79,0,26,12,2012,4,10,3,1,2,2,US-131,,39,44.64065278,-85.28670278,0,12,6,0,8,1,0,1,1,10,0,10,0,0000000,10,4,10,13,99,99,0,0,0,1,0
26,260852,1,1,0,0,0,2,2,15,0,26,12,2012,4,18,58,0,5,4,CR-CRESSEY RD,,10,42.42870833,-85.52303056,0,42,0,0,1,1,0,4,2,4,0,4,0,0000000,18,59,19,21,88,88,22,0,0,1,0
26,260853,1,1,0,0,0,1,1,37,0,29,12,2012,7,0,49,0,16,4,CR-EATON HWY,,15,42.76996667,-84.70485556,0,34,0,0,1,1,0,4,2,10,0,10,0,0000000,0,40,0,50,99,99,22,0,0,1,1
26,260854,2,2,0,0,0,3,3,91,4282,29,12,2012,7,20,2,1,2,2,US-127,,8,41.97757778,-84.35488611,0,12,2,0,1,1,0,1,2,10,0,10,0,0000000,99,99,20,9,99,99,0,0,0,2,0
26,260855,1,1,0,0,0,1,1,17,0,29,12,2012,7,0,5,0,6,4,CR-FRASER RD,,99,43.81038611,-84.00665,0,1,0,0,1,1,0,4,2,10,0,10,0,0000000,0,7,0,15,99,99,0,0,0,1,1
26,260856,1,1,0,0,0,3,3,65,0,29,12,2012,7,17,39,1,1,1,I-96,,235,42.650925,-84.15438611,0,34,0,1,18,1,0,3,2,10,0,10,0,0000000,17,44,18,0,99,99,0,0,0,1,0
26,260857,2,2,0,0,0,4,4,11,0,30,12,2012,1,20,10,0,4,4,CR-ARENAC STATE RD,SAGATOO RD,33,43.95404722,-83.908425,0,12,6,0,2,2,0,1,2,1,0,1,0,0000000,20,10,20,13,99,99,0,0,0,1,1
26,260858,2,2,0,0,0,2,2,125,0,31,12,2012,2,23,50,0,3,4,CR-GRANGEHALL RD,,92,42.83081944,-83.53124444,0,12,8,0,1,1,0,1,2,1,0,1,0,0000000,23,50,23,55,88,88,22,0,0,1,2
26,260859,2,2,0,0,0,3,3,139,0,31,12,2012,2,18,30,0,6,4,CR-ARTHUR ST,16TH AVE,140,43.06009444,-85.82785278,0,12,6,0,2,2,0,1,2,10,0,10,0,0000000,18,31,18,31,99,99,22,0,0,2,1
26,260860,1,1,0,0,0,2,2,115,0,29,12,2012,7,16,5,0,6,4,CR-CALKINS RD,,28,42.06213889,-83.36092778,0,32,0,0,1,1,0,4,1,4,11,4,0,0000000,16,8,16,14,99,99,22,0,0,1,0
26,260861,2,2,0,0,0,3,3,77,4030,17,12,2012,2,13,2,0,13,6,OAKLAND DR,W KILGORE RD,50,42.24521111,-85.61409722,0,12,6,0,2,2,0,1,1,1,0,1,0,0000000,13,4,13,8,99,99,0,0,0,1,0
26,260862,1,1,0,0,0,4,4,43,1663,30,12,2012,1,3,0,0,6,4,CR-LUCAS RD,,3,45.98864167,-87.77678611,0,42,0,0,1,1,0,4,2,4,11,4,0,0000000,3,10,3,25,88,88,22,0,0,1,1
26,260863,3,3,0,0,0,13,13,81,2010,23,12,2012,1,13,30,0,13,6,HALL ST SW,BUCHANAN AVE SW,13,42.94155278,-85.67224722,0,12,6,0,2,2,0,1,1,10,0,10,0,0000000,13,32,13,34,99,99,0,0,0,1,1
26,260864,2,2,0,0,0,3,3,77,0,11,12,2012,3,9,22,0,3,3,SR-96 E AUGUSTA DR,FORT CUSTER DR,62,42.33452778,-85.33829722,0,12,6,0,2,3,0,1,1,10,0,10,0,0000000,9,24,9,30,99,99,0,0,0,1,0
26,260865,2,2,0,0,0,2,2,43,2450,21,12,2012,6,13,26,0,14,3,SR-95 CARPENTER AVE,WOODWARD AVE,18,45.80779722,-88.06867778,0,12,2,0,2,2,0,1,1,1,0,1,1,0000000,99,99,99,99,99,99,0,0,0,1,0
26,260866,2,2,0,0,0,2,2,117,0,31,12,2012,2,12,4,0,5,4,CR-FLECK RD,DERBY RD,14,43.42996111,-85.13433889,0,12,6,0,2,2,0,1,1,10,0,10,0,0000000,99,99,99,99,99,99,0,0,0,1,0
26,260867,1,1,0,0,0,1,1,139,0,25,12,2012,3,15,45,0,6,4,CR-90TH AVE,LAKE FOREST DR,10,43.01510278,-86.01394167,0,43,0,0,1,1,0,5,9,1,0,1,0,0000000,15,45,16,0,88,88,22,0,0,1,1
26,260868,2,2,0,0,0,4,4,161,0,29,12,2012,7,8,0,1,2,2,US-12 MICHIGAN AVE,,65,42.13165278,-83.85876944,0,12,2,0,1,1,0,1,1,4,11,4,0,0000000,99,99,99,99,99,99,0,0,0,1,0
26,260869,2,1,1,1,1,2,2,163,1260,25,2,2012,7,1,30,0,13,6,WYOMING AVE,MARGARETA,68,42.42771667,-83.16083611,0,8,0,0,1,1,0,1,3,1,0,1,0,0000000,99,99,99,99,99,99,0,0,0,1,0
26,260870,2,2,0,0,0,3,3,163,1260,5,3,2012,2,19,0,0,14,6,HOLBROOK,,9,42.38856389,-83.064825,0,12,2,0,1,1,0,1,3,1,0,1,0,0000000,99,99,99,99,99,99,19,0,0,1,0
26,260871,2,2,0,0,0,3,3,163,1260,26,6,2012,3,14,50,0,16,6,MCINTYRE ST,W 7 MILE RD,0,42.42917222,-83.26304444,0,12,6,0,2,3,0,1,1,10,0,10,0,0000000,99,99,99,99,99,99,0,0,0,1,0
26,260872,1,1,0,1,1,2,2,163,1260,28,2,2012,3,3,50,0,16,6,DORIS RD,,7,42.39758889,-83.12836389,0,8,0,0,1,1,0,1,3,1,0,1,0,0000000,99,99,99,99,99,99,0,0,0,1,0
26,260873,1,1,0,1,1,1,1,163,1260,7,8,2012,3,18,20,0,14,6,SCHOENHERR RD,,2,42.43020833,-82.98492222,0,15,0,0,1,1,0,1,1,1,0,1,0,0000000,99,99,99,99,99,99,0,0,0,1,0
26,260874,1,1,0,1,1,1,1,161,0,26,4,2012,5,13,29,1,11,1,I-94,,239,42.23746944,-83.71522222,0,8,0,0,1,1,0,1,1,10,0,10,0,0000000,99,99,99,99,88,88,0,0,0,1,0
26,260875,2,2,0,0,0,2,2,163,1260,8,5,2012,3,21,15,0,14,6,HARPER AVE,SENECA ST,7,42.38994167,-83.01636944,0,12,6,0,2,2,4,1,3,1,0,1,0,0000000,99,99,99,99,99,99,0,0,0,1,0
26,260876,2,2,0,0,0,2,2,163,1260,16,9,2012,1,4,15,1,13,3,SR-102,VAN DYKE AVE,30,42.44813889,-83.0247,0,12,6,0,2,2,0,1,3,1,0,1,0,0000000,99,99,99,99,99,99,0,0,0,1,0
26,260877,2,2,0,0,0,3,3,163,1260,18,11,2012,1,20,50,1,11,1,I-94,,351,42.4112,-82.94543889,0,12,1,1,18,1,1,1,3,1,0,1,0,0000000,99,99,99,99,99,99,0,0,0,1,1
26,260878,2,2,0,1,1,2,2,163,1260,29,6,2012,6,22,10,1,13,3,SR-3 GRATIOT AVE,,48,42.39438889,-83.00438889,0,8,0,0,1,1,0,1,3,1,0,1,0,0000000,99,99,99,99,99,99,14,0,0,1,0
26,260879,2,2,0,1,1,2,2,49,0,1,12,2012,7,1,25,1,11,1,I-75,,21,42.89354444,-83.62956389,0,12,6,0,1,1,0,1,2,10,0,10,0,0000000,99,99,99,99,99,99,14,19,0,1,1
26,260880,2,2,0,0,0,4,4,163,1260,7,9,2012,6,15,18,0,14,6,3RD,MICHIGAN,4,42.33164722,-83.05736111,0,12,6,0,2,2,0,1,1,1,0,1,0,0000000,99,99,99,99,99,99,0,0,0,1,0
26,260881,1,1,0,1,1,1,1,93,0,16,11,2012,6,6,43,0,99,9,FIGURSKI DR,,99999,99.99990000,999.99990000,0,8,0,0,1,1,0,1,2,10,0,10,0,0000000,99,99,99,99,99,99,0,0,0,1,0
26,260882,2,2,0,1,1,2,2,163,1260,16,12,2012,1,2,50,1,11,1,I-75,,75,42.42483333,-83.09341111,0,12,6,1,18,1,0,1,2,2,0,2,0,0000000,99,99,99,99,99,99,19,0,0,2,1
26,260883,1,1,0,0,0,4,4,77,0,18,11,2012,1,3,16,1,13,3,SR-BUS US-131,,3,42.31388333,-85.58822778,0,1,0,0,1,1,0,3,2,1,0,1,0,0000000,99,99,99,99,99,99,0,0,0,1,1
26,260884,2,2,0,0,0,2,2,163,1260,6,12,2012,5,13,10,0,14,6,OUTER DR,VAUGHAN ST,9,42.39804722,-83.23835556,0,12,6,0,2,2,0,1,1,10,0,10,0,0000000,99,99,99,99,99,99,0,0,0,1,0
26,260886,3,3,0,0,0,3,3,49,0,3,2,2012,6,18,57,0,14,4,CR-SILVER LAKE RD,,58,42.79806667,-83.83068333,0,12,1,0,8,1,0,1,2,1,0,1,0,0000000,99,99,99,99,99,99,0,0,0,1,0