STATE,ST_CASE,VE_TOTAL,VE_FORMS,PVH_INVL,PEDS,PERNOTMVIT,PERMVIT,PERSONS,COUNTY,CITY,DAY,MONTH,YEAR,DAY_WEEK,HOUR,MINUTE,NHS,ROAD_FNC,ROUTE,TWAY_ID,TWAY_ID2,MILEPT,LATITUDE,LONGITUD,SP_JUR,HARM_EV,MAN_COLL,RELJCT1,RELJCT2,TYP_INT,WRK_ZONE,REL_ROAD,LGT_COND,WEATHER1,WEATHER2,WEATHER,SCH_BUS,RAIL,NOT_HOUR,NOT_MIN,ARR_HOUR,ARR_MIN,HOSP_HR,HOSP_MN,CF1,CF2,CF3,FATALS,DRUNK_DR
26,260887,1,1,0,1,1,1,1,163,1260,14,12,2012,6,15,5,0,15,6,SOUTHFIELD SERVICE DR,SCHOOLCRAFT,15,42.38659167,-83.21719167,0,8,0,0,3,2,0,4,1,1,0,1,0,0000000,99,99,99,99,99,99,0,0,0,1,0
27,270001,1,1,0,0,0,2,2,43,0,1,1,2012,1,14,14,1,1,1,I-90,,1331,43.65197778,-93.83778889,0,1,0,0,1,1,0,3,1,10,6,6,0,0000000,14,14,14,30,88,88,0,0,0,2,0
27,270002,2,2,0,0,0,2,2,67,0,3,1,2012,3,16,36,0,2,2,US-71,SR-9,1385,45.32918611,-95.00927222,0,12,6,0,2,2,0,1,1,1,0,1,0,0000000,99,99,99,99,99,99,0,0,0,1,0
27,270003,1,1,0,0,0,3,3,103,5280,3,1,2012,3,22,19,0,14,6,LOOKOUT DR,,11,44.17006111,-94.04715833,0,42,0,0,1,1,0,4,3,10,0,10,0,0000000,22,21,22,33,99,99,0,0,0,1,0
27,270004,2,2,0,0,0,4,4,49,0,4,1,2012,4,17,50,0,3,3,SR-58,,163,44.48315,-92.55625556,0,12,6,0,1,1,0,1,2,10,0,10,0,0000000,17,50,18,0,99,99,0,0,0,2,0
27,270005,1,1,0,1,1,1,1,3,2560,1,1,2012,1,6,56,0,14,4,CR-1 E RIVER RD,,16,45.05864444,-93.28143333,0,9,0,0,1,1,0,1,2,8,0,8,0,0000000,6,57,7,5,88,88,0,0,0,1,0
27,270006,2,2,0,0,0,2,2,159,0,9,1,2012,2,10,51,0,2,2,US-71,,2429,46.68125833,-95.10213889,0,12,6,0,1,1,0,1,1,1,0,1,0,0000000,10,51,11,4,99,99,0,0,0,1,1
27,270007,1,1,0,0,0,3,3,169,0,9,1,2012,2,18,15,0,6,4,CR-9,,5,43.934725,-91.6085,0,42,0,0,1,1,0,4,2,1,0,1,0,0000000,18,17,18,33,19,2,0,0,0,1,0
27,270008,2,2,0,0,0,2,2,39,0,10,1,2012,3,16,52,1,2,2,US-14,CR-9,1953,44.02586944,-92.79888056,0,12,6,0,2,2,0,1,5,1,0,1,0,0000000,16,59,16,59,99,99,0,0,0,1,0
27,270009,1,1,0,0,0,1,1,9,0,11,1,2012,4,7,51,0,5,4,CR-13,,39,45.71316111,-94.09620278,0,34,0,0,1,1,0,4,1,3,6,3,0,0000000,7,52,8,8,8,20,0,0,0,1,0
27,270010,1,1,0,0,0,1,1,35,6980,13,1,2012,6,23,27,0,4,4,CR-30,,27,46.51060833,-93.98933056,0,34,0,0,1,1,0,4,2,10,0,10,0,0000000,11,28,11,40,88,88,0,0,0,1,1
27,270011,1,1,0,0,0,1,1,111,0,14,1,2012,7,2,0,0,5,4,CR-51,,39,46.64755,-95.584975,0,34,0,0,1,1,0,4,2,10,0,10,0,0000000,2,2,2,12,2,25,0,0,0,1,1
27,270014,2,2,0,0,0,3,3,137,1900,19,1,2012,5,7,29,0,14,4,CR-9 WOODLAND AVE,,143,46.83887222,-92.07987778,0,12,2,0,1,1,0,1,4,1,0,1,0,0000000,7,30,7,40,8,10,0,0,0,1,1
27,270015,1,1,0,0,0,1,1,37,3990,20,1,2012,6,15,43,0,15,6,HOLYOKE AVE,,26,44.67337778,-93.24166111,0,42,0,0,1,1,0,4,1,1,0,1,0,0000000,15,43,99,97,99,97,0,0,0,1,0
27,270016,2,2,0,0,0,2,2,67,0,21,1,2012,7,3,0,0,3,3,SR-7 HWY 7,KANDY CHIPPEWA LINE SE,973,44.93469444,-95.248725,0,12,6,0,2,2,0,1,2,1,0,1,0,0000000,3,1,3,14,99,99,0,0,0,1,1
27,270017,1,1,0,0,0,1,1,133,0,23,1,2012,2,16,53,1,1,1,I-90,,75,43.61632778,-96.30633056,0,34,0,0,1,1,0,4,1,10,0,10,0,0000000,16,56,17,17,88,88,0,0,0,1,0
27,270018,1,1,0,1,1,1,1,123,4536,26,1,2012,5,6,42,0,14,3,SR-120,INNOVATION,25,44.95243611,-92.98505833,0,8,0,0,3,3,0,1,2,1,0,1,0,0000000,6,42,6,55,88,88,0,0,0,1,0
27,270019,2,2,0,0,0,2,2,21,0,27,1,2012,6,21,29,1,2,2,US-2,STONEY POINT RD NW,1321,47.37783333,-94.56873611,3,12,7,0,3,3,0,1,2,10,0,10,0,0000000,21,29,21,33,22,4,0,0,0,1,0
27,270020,3,3,0,1,1,3,3,53,4495,31,1,2012,3,11,46,0,14,4,CR-130 ELM CREEK BLVD,CR-61 HEMLOCK LA,30,45.09441667,-93.43189722,0,8,0,0,3,2,0,10,1,10,0,10,0,0000000,11,53,11,57,12,33,0,0,0,1,1
27,270021,2,2,0,0,0,2,2,47,0,1,2,2012,4,10,15,0,3,3,SR-13,,93,43.76761944,-93.47132778,0,12,2,0,1,1,0,1,1,5,0,5,0,0000000,10,15,99,99,99,99,0,0,0,1,0
27,270022,3,3,0,0,0,4,4,13,0,1,2,2012,4,18,44,0,6,4,CR-69,,38,44.1508,-94.04177778,0,12,2,0,1,1,0,1,2,5,0,5,0,0000000,18,47,18,54,19,30,0,0,0,1,0
27,270023,2,2,0,0,0,3,3,91,7000,2,2,2012,5,17,10,0,2,3,SR-15,,229,43.8288,-94.42804167,0,12,1,0,1,1,0,1,1,10,0,10,0,0000000,17,10,17,17,17,46,0,0,0,1,1
27,270024,2,2,0,0,0,2,2,45,0,2,2,2012,5,20,43,1,2,2,US-63,,101,43.64176389,-92.38935556,0,12,6,0,8,1,0,1,2,5,0,5,0,0000000,99,99,99,99,88,88,0,0,0,1,1
27,270025,2,2,0,0,0,2,2,119,0,3,2,2012,6,2,9,1,2,2,US-2,,131,47.83297778,-96.83205278,0,12,2,0,1,1,0,1,2,5,0,5,0,0000000,2,13,2,30,3,10,0,0,0,1,1
27,270026,2,2,0,0,0,2,2,105,0,9,2,2012,5,13,44,0,3,3,SR-91,,203,43.73761389,-95.93283889,0,12,2,0,1,1,0,1,1,1,0,1,0,0000000,13,45,99,99,99,99,0,0,0,1,0
27,270027,1,1,0,0,0,1,1,47,0,10,2,2012,6,8,0,0,6,5,STATE LINE RD,,28,43.49972222,-93.06943056,0,1,0,0,1,1,0,1,9,1,0,1,0,0000000,8,0,99,99,88,88,0,0,0,1,1
27,270028,1,1,0,1,1,1,1,171,4870,10,2,2012,6,8,7,1,2,2,US-12,,1320,45.06487222,-93.91213056,0,8,0,0,1,1,0,4,1,1,0,1,0,0000000,8,7,99,99,88,88,0,0,0,2,0
27,270029,1,1,0,1,1,1,1,109,5960,10,2,2012,6,14,4,0,16,6,3RD AVE NW,,0,44.05754444,-92.468725,0,8,0,0,1,1,0,1,1,1,0,1,0,0000000,14,5,14,12,88,88,0,0,0,1,0
27,270030,1,1,0,0,0,1,1,141,0,11,2,2012,7,19,17,0,6,5,169TH ST NW,,1,45.41033333,-93.69691944,0,19,0,0,1,1,0,5,2,1,0,1,0,0000000,19,17,19,28,88,88,0,0,0,1,1
27,270031,1,1,0,0,0,5,5,79,0,12,2,2012,1,2,50,0,5,4,CR-45 RABBIT RD,,18,44.31714167,-93.95140556,0,42,0,0,1,1,0,4,2,1,0,1,0,0000000,2,54,3,13,3,53,0,0,0,1,1
27,270032,1,1,0,0,0,1,1,67,7590,14,2,2012,3,15,11,0,14,4,CR-15 19TH AVE SW,,26,45.1034,-95.05766667,0,42,0,0,1,1,0,4,1,10,0,10,0,0000000,15,13,15,16,15,30,0,0,0,1,0
27,270033,2,2,0,0,0,3,3,69,0,16,2,2012,5,14,43,0,3,2,US-59,360TH ST,4229,48.91983333,-96.79889444,0,12,6,0,2,2,0,1,1,1,0,1,0,0000000,14,44,15,1,15,26,0,0,0,1,0
27,270034,2,2,0,0,0,2,2,3,3007,17,2,2012,6,7,5,0,14,4,CR-17 LEXINGTON AVE N,,88,45.24801667,-93.15249722,0,12,6,0,1,1,0,1,2,4,0,4,0,0000000,7,5,7,15,88,88,0,0,0,1,0
27,270035,1,1,0,0,0,1,1,127,0,17,2,2012,6,8,2,0,6,5,110TH ST,,62,44.20985556,-95.24628889,0,34,0,0,1,1,0,5,1,1,0,1,0,0000000,8,3,8,13,88,88,0,0,0,1,1
27,270036,1,1,0,1,1,1,1,169,7660,19,2,2012,1,7,54,0,14,6,E BROADWAY,,25,44.04745278,-91.63086111,0,8,0,0,1,1,0,1,4,1,0,1,0,0000000,7,54,7,57,8,9,0,0,0,1,1
27,270037,3,3,0,0,0,7,7,41,0,20,2,2012,2,15,6,1,1,1,I-94,,970,45.882325,-95.50060556,0,12,6,0,1,1,0,1,1,4,10,4,0,0000000,15,0,99,99,15,49,0,0,0,4,0
27,270038,3,2,1,0,0,2,2,121,4230,20,2,2012,2,15,32,0,2,3,SR-28,,751,45.65595278,-95.41111944,0,12,6,0,1,1,0,1,1,11,3,11,0,0000000,15,30,15,35,16,1,0,0,0,1,0
27,270039,2,2,0,0,0,2,2,5,0,20,2,2012,2,16,45,0,2,3,SR-34,,389,46.83142222,-95.78182778,0,12,1,0,1,1,0,1,1,4,11,4,0,0000000,16,45,16,52,99,99,0,0,0,1,0
27,270040,2,2,0,0,0,5,5,89,0,20,2,2012,2,18,13,0,3,4,CR-28,,74,48.35651667,-96.346975,0,12,2,0,1,1,0,1,2,4,0,4,0,0000000,18,15,99,99,99,99,0,0,0,1,0
27,270041,2,2,0,0,0,5,5,41,0,20,2,2012,2,18,15,0,4,4,CR-82,,210,45.90173333,-95.44771111,0,12,6,0,1,1,0,1,2,4,0,4,0,0000000,18,15,18,25,18,46,0,0,0,1,0
27,270042,2,2,0,0,0,3,3,25,6880,22,2,2012,4,11,55,0,3,3,SR-95,CR-71 MULBERRY ST,734,45.41895278,-92.66213333,0,12,6,0,2,4,0,1,1,10,0,10,0,0000000,11,56,12,3,99,99,0,0,0,1,0
27,270044,1,1,0,0,0,2,2,147,4685,24,2,2012,6,12,24,0,4,4,CR-18 92ND AVE SW,,135,44.07393889,-93.38674444,0,10,0,0,6,1,0,1,1,10,0,10,0,193397U,12,24,12,40,13,0,0,0,0,1,0
27,270045,1,1,0,0,0,3,3,99,0,25,2,2012,7,1,52,0,4,4,CR-28 4TH ST SE,,20,43.63818611,-92.97024167,0,30,0,0,1,1,0,4,2,10,0,10,0,0000000,1,54,2,10,99,99,0,0,0,2,1
27,270046,1,1,0,0,0,1,1,33,0,28,2,2012,3,20,35,0,4,4,CR-2,,76,43.94171389,-95.05934444,0,42,0,0,1,1,0,5,2,3,4,4,0,0000000,20,41,99,98,88,88,0,0,0,1,1
27,270047,1,1,0,0,0,1,1,49,0,3,3,2012,7,0,39,1,2,2,US-61,,1004,44.6001,-92.69245,0,1,0,0,1,1,0,3,3,4,0,4,0,0000000,0,37,0,51,88,88,0,0,0,1,0
27,270048,2,2,0,0,0,3,3,3,671,3,3,2012,7,18,29,0,14,4,CR-52 RADISSON RD NE,,17,45.14564167,-93.19279444,0,12,6,0,1,1,0,1,3,10,0,10,0,0000000,18,30,18,36,19,24,0,0,0,1,1
27,270049,2,2,0,0,0,3,3,35,0,3,3,2012,7,22,49,0,3,3,SR-6,CR-11,185,46.54613611,-93.95818611,0,12,2,0,3,2,0,1,2,4,0,4,0,0000000,22,49,22,56,23,26,0,0,0,1,2
27,270050,2,2,0,0,0,3,3,157,0,3,3,2012,7,23,27,1,2,2,US-61,658TH ST,566,44.33586667,-92.00326389,0,12,6,0,2,3,0,1,2,4,0,4,0,0000000,23,28,23,36,23,50,0,0,0,1,1
27,270051,2,2,0,0,0,2,2,111,0,4,3,2012,1,9,30,0,4,4,CR-88,,125,46.43216389,-96.24799722,0,12,2,0,1,1,0,1,1,10,11,11,0,0000000,9,27,10,0,88,88,0,0,0,2,1
27,270052,1,1,0,1,1,1,1,127,0,5,3,2012,2,20,46,0,4,4,CR-24,,49,44.52927778,-94.99903333,3,8,0,0,1,1,0,1,2,1,0,1,0,0000000,20,46,20,53,88,88,0,0,0,1,0
27,270053,1,1,0,0,0,1,1,41,780,8,3,2012,5,14,1,0,4,4,CR-7,,171,45.97027222,-95.58782778,0,30,0,0,1,1,0,4,1,10,0,10,0,0000000,14,1,14,20,99,99,0,0,0,1,1
27,270054,1,1,0,0,0,2,2,131,0,8,3,2012,5,18,36,1,1,1,I-35,,523,44.225775,-93.27738056,0,1,0,0,1,1,0,4,2,1,0,1,0,0000000,16,36,99,99,88,88,0,0,0,1,0
27,270055,1,1,0,0,0,1,1,137,0,10,3,2012,7,18,38,0,6,4,CR-256 W BRANCH RD,,5,47.15009167,-91.92219722,0,1,0,0,1,1,0,1,8,98,0,98,0,0000000,99,99,99,99,88,88,0,0,0,1,1
27,270056,1,1,0,0,0,1,1,163,3910,12,3,2012,2,1,15,0,16,6,INWOOD AVE,,1,44.99336111,-92.93374444,0,42,0,0,1,1,0,5,2,10,2,2,0,0000000,10,22,99,97,99,97,0,0,0,1,1
27,270057,2,2,0,0,0,2,2,37,1945,17,3,2012,7,18,1,0,14,4,CR-30 DIFFLEY RD,,38,44.80457222,-93.15289722,0,12,2,0,1,1,0,1,1,1,0,1,0,0000000,99,98,99,98,88,88,0,0,0,2,2
27,270058,2,2,0,0,0,3,3,49,5840,21,3,2012,4,14,6,0,14,4,CR-1,TYLER RD S,362,44.56061667,-92.56751111,0,12,6,0,2,2,0,1,1,10,0,10,0,0000000,14,9,14,11,14,22,0,0,0,1,0
27,270059,1,1,0,0,0,2,2,115,0,23,3,2012,6,21,16,0,3,4,CR-61,,156,45.95320278,-92.95303611,0,35,0,0,1,1,0,4,2,10,5,5,0,0000000,99,99,99,99,99,99,0,0,0,1,0
27,270060,2,2,0,0,0,2,2,67,0,23,3,2012,6,6,41,1,2,2,US-71,,1125,44.968275,-95.04373056,0,12,2,0,1,1,0,1,4,5,10,5,0,0000000,6,41,99,99,99,99,0,0,0,1,0
27,270061,2,2,0,0,0,3,3,53,4760,29,3,2012,5,9,50,0,14,4,CR-3 E LAKE ST,27TH AVE S,146,44.94836111,-93.23318611,0,12,6,0,2,2,0,1,1,1,0,1,0,0000000,9,50,9,56,99,99,0,0,0,1,0
27,270062,1,1,0,1,1,1,1,53,5910,29,3,2012,5,16,59,1,12,3,SR-77,,97,44.86789167,-93.24750833,0,8,0,1,18,1,0,1,1,1,0,1,0,0000000,99,99,17,99,88,88,0,0,0,1,0
27,270063,1,1,0,0,0,1,1,53,675,30,3,2012,6,1,37,0,15,6,OVERLOOK DR,,12,44.79711944,-93.32970833,0,31,0,0,1,1,0,5,3,10,0,10,0,0000000,1,39,1,45,88,88,0,0,0,1,1
27,270064,1,1,0,1,1,1,1,37,202,30,3,2012,6,6,25,0,14,4,CR-31 PILOT KNOB RD,,92,44.72915278,-93.17686389,0,8,0,0,1,1,0,1,2,10,0,10,0,0000000,6,25,6,36,88,88,0,0,0,1,0
27,270065,1,1,0,0,0,1,1,125,0,31,3,2012,7,3,20,1,2,2,US-59,,3405,47.899325,-96.03095,0,10,0,0,6,1,0,1,2,10,0,10,0,696150f,3,38,4,0,88,88,0,0,0,1,0
27,270066,2,2,0,0,0,2,2,13,4480,2,4,2012,2,13,10,0,15,4,CR-17,CARVER RD,4,44.16684722,-93.941575,0,12,6,0,2,3,0,1,1,1,0,1,0,0000000,13,11,13,15,99,99,0,0,0,1,0
27,270067,2,2,0,0,0,2,2,53,5732,4,4,2012,4,16,5,1,12,4,CR-10,US-169,194,45.05843333,-93.40522222,0,25,0,1,3,3,0,3,1,1,0,1,0,0000000,88,88,88,88,88,88,14,0,0,1,0
27,270068,1,1,0,0,0,1,1,145,0,8,4,2012,1,2,48,0,6,5,SCHUMAN LAKE RD,,0,45.57316944,-94.45306111,0,42,0,0,1,1,0,4,8,98,0,98,0,0000000,2,53,3,5,99,99,0,0,0,1,0
27,270069,1,1,0,0,0,1,1,37,4673,12,4,2012,5,17,30,1,12,3,SR-55,,1987,44.88675278,-93.17669722,0,5,0,0,1,1,0,1,1,1,0,1,0,0000000,99,98,99,98,88,88,0,0,0,1,0
27,270070,1,1,0,0,0,1,1,163,7716,29,3,2012,5,18,53,0,14,6,BIELENBERG DR,,7,44.93820278,-92.95423889,0,2,0,0,1,1,0,1,1,99,0,99,0,0000000,18,59,19,7,19,29,0,0,0,1,0
27,270071,2,2,0,0,0,3,3,25,6700,14,4,2012,7,4,8,0,4,4,CR-19 STACY TRL,FOREST BLVD,20,45.39670278,-92.98307778,0,12,1,0,3,2,0,1,6,98,0,98,0,0000000,4,8,4,20,99,99,0,0,0,1,2
27,270072,1,1,0,0,0,1,1,3,1440,17,4,2012,3,0,56,0,15,6,HART BLVD,,2,45.038175,-93.23195833,0,59,0,0,1,1,0,4,3,1,0,1,0,0000000,0,56,99,98,88,88,20,0,0,1,0
27,270073,2,2,0,0,0,3,3,141,0,18,4,2012,4,14,43,0,4,4,CR-17,,15,45.33283056,-93.77376667,0,12,6,0,1,1,0,1,1,10,0,10,0,0000000,14,43,14,45,15,39,0,0,0,2,0
27,270074,2,2,0,0,0,3,3,129,0,22,4,2012,1,11,45,0,4,4,CR-5,CR-4,210,44.67355,-94.89473333,0,12,6,0,2,2,0,1,1,10,0,10,0,0000000,11,45,11,59,12,18,0,0,0,1,0
27,270075,2,2,0,0,0,2,2,123,6070,22,4,2012,1,13,48,0,14,4,CR-30 LARPENTUR AVE,CUMBERLAND ST,44,44.99181667,-93.11720833,0,12,1,0,3,3,0,1,1,10,0,10,0,0000000,13,45,13,50,14,50,0,0,0,1,0
27,270076,1,1,0,1,1,2,2,13,4480,20,3,2012,3,20,9,0,15,6,S 2ND ST,,5,44.16437222,-94.00373889,0,8,0,0,1,1,0,1,3,2,10,2,0,0000000,20,11,20,12,20,26,0,0,0,1,0
27,270077,2,2,0,0,0,2,2,83,0,23,4,2012,2,5,33,0,2,2,US-59,,693,44.39362222,-95.75568333,0,12,2,0,1,1,0,1,2,10,0,10,0,0000000,5,33,99,98,88,88,0,0,0,1,0
27,270078,2,2,0,0,0,2,2,53,4760,24,4,2012,3,17,50,0,14,4,CR-3 EXCELSIOR BLVD,32ND AVE W,99,44.94501389,-93.32338889,0,12,6,0,2,2,0,1,1,1,0,1,0,0000000,17,52,99,99,99,99,0,0,0,1,0
27,270079,1,1,0,0,0,1,1,9,0,25,4,2012,4,16,23,0,6,4,CR-41 65TH AVE NE,,18,45.74001389,-94.02755,0,2,0,0,1,1,0,4,1,1,0,1,0,0000000,16,26,16,45,88,88,0,0,0,1,0
27,270080,1,1,0,1,1,1,1,53,4810,25,4,2012,4,20,48,0,14,4,CR-61,,112,44.91996111,-93.42713889,0,9,0,0,8,1,0,1,2,1,0,1,0,0000000,20,48,20,51,88,88,0,0,0,1,0
27,270081,2,2,0,0,0,2,2,171,6320,26,4,2012,5,15,14,0,13,3,SR-101,,426,45.23659444,-93.55489444,0,12,7,0,1,1,0,1,1,1,0,1,0,0000000,15,14,99,99,99,99,0,0,0,1,0
27,270082,1,1,0,0,0,2,2,137,0,28,4,2012,7,19,20,0,4,4,CR-5,,197,47.16917222,-92.81082222,0,1,0,0,1,1,0,4,1,1,0,1,0,0000000,19,30,99,98,88,88,0,0,0,2,0
27,270083,2,2,0,0,0,4,4,87,0,2,5,2012,4,8,13,1,2,2,US-59,CR-11,2967,47.28195556,-95.933325,3,12,6,0,2,2,0,1,1,5,10,5,0,0000000,8,13,99,99,99,99,0,0,0,1,0
27,270084,1,1,0,0,0,1,1,23,0,2,5,2012,4,15,53,0,6,5,70TH ST SE,,67,44.92016111,-95.35581944,0,34,0,0,1,1,0,4,1,1,0,1,0,0000000,15,54,16,29,88,88,0,0,0,1,0
27,270085,2,2,0,0,0,3,3,3,5788,4,5,2012,6,3,9,1,12,2,US-10,,2223,45.22194167,-93.43434722,0,12,6,0,8,1,0,1,2,1,0,1,0,0000000,99,99,99,99,99,99,0,0,0,1,1
27,270086,2,1,1,0,1,1,2,3,1982,7,5,2012,2,13,10,0,14,4,CR-22 VIKING BLVD NE,,169,45.31955278,-93.21489167,0,14,0,0,1,1,0,2,1,1,0,1,0,0000000,13,10,13,17,13,37,0,0,0,1,0
27,270087,1,1,0,0,0,2,2,139,6450,8,5,2012,3,2,15,0,15,6,LYNN AVE,,22,44.77711667,-93.33641944,0,38,0,0,4,1,0,4,3,1,0,1,0,0000000,2,30,99,99,88,88,0,0,0,1,0
27,270088,1,1,0,0,0,1,1,97,0,9,5,2012,4,4,22,0,5,4,CR-3 320TH ST,,15,46.22310278,-94.61222222,0,42,0,0,1,1,0,4,2,1,0,1,0,0000000,4,23,4,28,88,88,0,0,0,1,0
27,270089,2,2,0,0,0,6,6,25,0,12,5,2012,7,17,36,0,3,4,CR-30,490TH ST,226,45.65856111,-92.96079722,0,12,1,0,3,2,0,1,1,1,0,1,0,0000000,17,36,99,99,88,88,0,0,0,1,1
27,270090,1,1,0,0,0,1,1,117,0,13,5,2012,1,14,39,0,5,5,80TH AVE,,33,43.95771667,-96.30748056,0,18,0,0,1,1,0,1,1,1,0,1,0,0000000,14,39,14,49,14,57,0,0,0,1,0
27,270091,3,3,0,0,0,3,3,97,0,14,5,2012,2,21,45,1,2,2,US-10,,1426,46.00073333,-94.38339167,0,11,0,0,1,1,0,1,2,1,0,1,0,0000000,88,88,88,88,88,88,14,0,0,1,0
27,270092,1,1,0,0,0,1,1,93,0,18,5,2012,6,14,12,0,6,5,675TH AVE,,52,45.27898611,-94.40926667,0,1,0,0,1,1,0,4,1,1,0,1,0,0000000,14,13,14,20,88,88,0,0,0,1,1
27,270093,1,1,0,0,0,1,1,163,2450,18,5,2012,6,18,34,0,14,2,US-61,,1621,45.29523056,-92.98624167,0,1,0,0,1,1,0,1,1,1,0,1,0,0000000,18,37,18,41,88,88,0,0,0,1,1
27,270094,1,1,0,0,0,2,2,61,5030,21,5,2012,2,19,10,0,4,3,SR-65,,1770,47.39457222,-93.16861389,0,42,0,0,1,1,0,4,1,1,0,1,0,0000000,19,7,19,16,99,99,0,0,0,1,0
27,270095,1,1,0,0,0,1,1,123,6542,22,5,2012,3,12,27,1,11,1,I-694,,431,45.05840278,-93.14208889,0,42,0,0,1,1,1,4,1,1,0,1,0,0000000,99,99,99,99,99,99,0,0,0,1,0
27,270096,1,1,0,1,1,2,2,3,1982,17,4,2012,3,19,27,0,14,4,CR-22 VIKING BLVD NE,,192,45.31380556,-93.17024444,0,9,0,0,1,1,0,1,1,10,0,10,0,0000000,99,99,99,99,99,99,0,0,0,1,0
27,270097,2,2,0,0,0,2,2,169,0,25,5,2012,6,12,23,1,2,2,US-61,,165,43.99323889,-91.45095833,0,12,2,0,1,1,0,1,1,1,0,1,0,0000000,99,98,99,98,99,98,0,0,0,1,0
27,270098,1,1,0,0,0,1,1,133,0,26,5,2012,7,6,13,0,4,4,CR-10,,3,43.83369722,-96.11093611,0,1,0,0,1,1,0,4,2,10,0,10,0,0000000,6,13,99,99,99,99,0,0,0,1,1
27,270099,1,1,0,0,0,2,2,63,0,26,5,2012,7,18,36,0,4,4,CR-4,,195,43.52254722,-95.11006111,0,35,0,0,1,1,0,4,1,10,0,10,0,0000000,17,50,18,13,18,24,0,0,0,2,0
27,270100,4,4,0,0,0,9,9,123,6330,30,5,2012,4,9,28,1,11,1,I-94,,2369,44.95805,-93.19746944,0,12,1,1,18,1,0,1,1,1,0,1,1,0000000,99,99,9,34,99,99,0,0,0,2,0
27,270101,1,1,0,1,1,1,1,53,2008,30,5,2012,4,16,31,0,14,3,SR-101,SANDY HOOK RD,146,44.876725,-93.52075833,0,8,0,0,3,2,0,1,1,1,0,1,0,0000000,16,31,99,99,99,99,0,0,0,1,0
27,270102,3,3,0,0,0,5,5,139,5770,30,5,2012,4,17,37,0,14,3,SR-13,FRANKLIN TRAIL,849,44.72025833,-93.41483056,0,12,6,0,2,3,0,1,1,10,0,10,0,0000000,17,37,17,47,18,27,0,0,0,1,0
27,270103,1,1,0,0,0,1,1,141,0,30,5,2012,4,17,55,0,6,4,CR-53 77TH ST,,58,45.45859167,-93.9268,0,52,0,0,1,1,0,4,1,1,0,1,0,0000000,17,55,99,98,88,88,0,0,0,1,0
27,270104,1,1,0,1,1,1,1,123,6542,30,5,2012,4,22,3,0,14,4,CR-96,VILLAGE CENTER DR,35,45.079325,-93.11436111,0,9,0,0,2,3,0,1,3,1,10,10,0,0000000,22,4,22,15,22,42,0,0,0,1,0
27,270105,1,1,0,0,0,3,3,7,0,1,6,2012,6,17,49,0,4,4,CR-30 ALVWOOD RD NE,,98,47.72990833,-94.46951389,0,42,0,0,1,1,0,4,1,1,0,1,0,0000000,17,49,18,3,99,99,0,0,0,1,0
27,270106,1,1,0,0,0,1,1,17,0,2,6,2012,7,0,15,0,3,3,SR-23,,3299,46.58856667,-92.33510278,0,1,0,0,1,1,0,1,2,1,0,1,0,0000000,99,99,99,99,99,99,0,0,0,1,1
27,270107,2,2,0,0,0,2,2,147,662,2,6,2012,7,5,5,0,3,2,US-218,,343,43.94218889,-93.09684167,0,12,2,0,1,1,0,1,2,10,0,10,0,0000000,5,5,5,19,88,88,0,0,0,1,1
27,270108,1,1,0,0,0,2,2,21,5495,2,6,2012,7,21,40,0,3,3,SR-6,,382,46.81743889,-93.94253889,0,59,0,0,1,1,0,4,5,1,0,1,0,0000000,21,40,22,4,23,14,0,0,0,1,1
27,270109,2,2,0,0,0,2,2,3,671,4,6,2012,2,9,51,1,13,3,SR-65,CLOVER LEAF PKWY,115,45.13998611,-93.23551111,0,12,6,0,2,2,0,1,1,1,0,1,0,0000000,9,51,9,53,88,88,0,0,0,1,0
27,270110,2,2,0,0,0,2,2,83,0,5,6,2012,3,14,45,1,2,3,SR-23,CR-9,868,44.59513333,-95.67569722,0,12,6,0,2,2,0,1,1,1,0,1,0,0000000,14,48,14,55,88,88,0,0,0,1,0
27,270111,1,1,0,0,0,2,2,23,0,5,6,2012,3,15,37,0,3,3,SR-40,,480,45.10835,-95.58927222,0,35,0,0,1,1,0,4,1,1,0,1,0,0000000,15,36,15,55,16,33,0,0,0,1,0
27,270112,2,2,0,0,0,2,2,123,6070,6,6,2012,4,6,38,0,14,4,CR-78 COUNTY RD B2,,20,45.01353889,-93.14039722,0,12,2,0,1,1,0,1,1,1,0,1,1,0000000,6,45,6,52,88,88,0,0,0,1,0
27,270113,2,2,0,0,0,2,2,123,7096,6,6,2012,4,21,27,1,1,1,I-694,,476,45.03751111,-93.05548611,0,18,0,1,18,1,0,1,3,1,0,1,0,0000000,21,28,21,35,88,88,14,0,0,1,0
27,270114,1,1,0,0,0,1,1,53,4760,9,6,2012,7,12,23,1,1,1,I-94,,2305,44.98776389,-93.28884167,0,1,0,0,1,1,0,1,1,1,0,1,0,0000000,12,23,12,26,99,99,0,0,0,1,0
27,270115,2,2,0,0,0,2,2,161,0,14,6,2012,5,6,32,0,3,4,CR-3 ELYSIAN LAKE RD E,,235,44.14788889,-93.6979,0,12,2,0,1,1,0,1,1,10,0,10,0,0000000,6,33,6,48,99,99,0,0,0,1,0
27,270116,3,3,0,0,0,3,3,123,6070,14,6,2012,5,17,39,0,14,4,CR-23 COUNTY RD C,PRIOR AVE,13,45.02092222,-93.18224444,0,12,6,0,2,2,0,1,1,10,0,10,0,0000000,17,40,17,45,18,5,14,0,0,1,0