STATE,ST_CASE,VE_TOTAL,VE_FORMS,PVH_INVL,PEDS,PERNOTMVIT,PERMVIT,PERSONS,COUNTY,CITY,DAY,MONTH,YEAR,DAY_WEEK,HOUR,MINUTE,NHS,ROAD_FNC,ROUTE,TWAY_ID,TWAY_ID2,MILEPT,LATITUDE,LONGITUD,SP_JUR,HARM_EV,MAN_COLL,RELJCT1,RELJCT2,TYP_INT,WRK_ZONE,REL_ROAD,LGT_COND,WEATHER1,WEATHER2,WEATHER,SCH_BUS,RAIL,NOT_HOUR,NOT_MIN,ARR_HOUR,ARR_MIN,HOSP_HR,HOSP_MN,CF1,CF2,CF3,FATALS,DRUNK_DR
27,270117,1,1,0,1,1,1,1,145,6250,14,5,2012,2,21,58,1,13,3,SR-23,7TH AVE,2067,45.55833056,-94.15890833,0,8,0,0,3,2,0,1,3,1,0,1,0,0000000,21,58,22,9,22,22,0,0,0,1,0
27,270118,1,1,0,0,0,1,1,171,0,15,6,2012,6,21,35,0,6,5,127TH ST,,48,45.33658611,-93.87814444,0,11,0,0,1,1,0,1,2,10,0,10,0,0000000,21,35,21,50,22,15,0,0,0,1,1
27,270119,1,1,0,0,0,1,1,171,0,16,6,2012,7,5,31,0,5,4,CR-117 EDMONSON AVE NE,,75,45.270275,-93.79665,0,30,0,0,1,1,0,4,4,10,0,10,0,0000000,5,31,5,41,99,99,0,0,0,1,1
27,270120,1,1,0,0,0,1,1,163,2450,16,6,2012,7,5,35,0,15,6,NORTH SHORE TR N,,38,45.27553889,-92.94518889,0,59,0,0,1,1,0,4,4,1,0,1,0,0000000,5,37,5,47,6,20,0,0,0,1,1
27,270121,2,2,0,0,0,2,2,169,0,18,6,2012,2,16,23,0,3,2,US-14,,2478,44.00763333,-91.80902778,0,12,2,0,1,1,0,1,1,10,0,10,0,0000000,16,23,99,99,99,99,0,0,0,1,0
27,270122,2,2,0,0,0,2,2,53,5423,19,6,2012,3,6,45,1,13,2,US-12,,1495,44.98612222,-93.60615278,0,23,0,0,1,1,0,4,1,10,0,10,0,0000000,6,45,6,55,88,88,0,0,0,1,0
27,270123,1,1,0,0,0,2,2,103,0,18,6,2012,2,22,28,0,5,4,CR-25,,3,44.26438333,-94.32469167,0,34,0,0,1,1,0,4,2,1,0,1,0,0000000,22,36,22,41,23,1,0,0,0,1,1
27,270124,1,1,0,1,1,1,1,3,1130,23,6,2012,7,2,58,0,16,6,W ROBIN LN,,1,45.16600833,-93.04286389,0,8,0,0,1,1,0,1,3,1,0,1,0,0000000,2,58,3,7,99,99,0,0,0,1,0
27,270125,3,3,0,0,0,3,3,35,770,3,4,2012,3,9,31,0,14,4,CR-48 W LAUREL ST,SW 4TH ST,50,46.35455,-94.21419167,0,12,6,0,2,2,0,1,1,1,0,1,0,0000000,9,34,9,37,9,48,0,0,0,1,0
27,270126,1,1,0,0,0,1,1,171,0,14,6,2012,5,0,17,0,4,4,CR-35,,47,45.15359444,-94.168825,0,11,0,0,1,1,0,1,2,10,0,10,0,0000000,0,17,0,30,88,88,0,0,0,1,0
27,270127,2,2,0,0,0,6,6,97,0,21,6,2012,5,23,10,0,6,4,CR-237 290TH AVE,63RD ST,21,45.85383611,-94.05198333,0,12,99,0,3,2,0,1,2,10,0,10,0,0000000,23,13,23,23,88,88,0,0,0,1,1
27,270128,2,2,0,0,0,4,4,121,0,28,5,2012,2,11,0,0,3,3,SR-29,CR-18,529,45.58539722,-95.53128889,0,12,6,0,2,2,0,1,1,1,0,1,0,0000000,11,1,11,6,99,99,0,0,0,1,0
27,270129,1,1,0,0,0,2,2,111,0,22,6,2012,6,21,5,0,6,5,215TH AVE,,33,46.1995,-96.04005,0,34,0,0,1,1,0,4,1,1,0,1,0,0000000,21,6,21,16,99,99,0,0,0,2,1
27,270130,3,3,0,0,0,6,6,85,0,23,6,2012,7,11,57,0,2,3,SR-15,,846,44.65356111,-94.37606944,0,12,2,0,1,1,0,1,1,10,0,10,0,0000000,99,99,99,99,99,99,14,0,0,2,0
27,270131,1,1,0,0,0,2,2,105,0,23,6,2012,7,21,37,1,1,1,I-90,,262,43.64272778,-95.94099167,0,1,0,0,1,1,0,1,2,1,0,1,0,0000000,21,32,21,38,99,99,0,0,0,1,0
27,270132,1,1,0,0,0,1,1,25,0,24,6,2012,1,5,39,0,14,2,US-61,,1635,45.31493889,-92.98711667,0,53,0,0,1,1,0,5,1,1,0,1,0,0000000,88,88,88,88,88,88,0,0,0,1,1
27,270133,1,1,0,0,0,2,2,123,4974,24,6,2012,1,20,15,1,12,2,US-10,,2365,45.11719722,-93.198775,0,1,0,0,1,1,0,4,1,1,0,1,0,0000000,20,15,20,23,99,99,0,0,0,1,0
27,270134,2,2,0,0,0,5,5,55,0,25,6,2012,2,17,49,0,3,3,SR-44,CR-8 E JCT,394,43.54368889,-91.70068611,0,12,1,0,2,3,0,1,1,1,0,1,0,0000000,17,49,99,99,99,99,0,0,0,1,0
27,270135,2,2,0,0,0,2,2,83,0,25,6,2012,2,22,31,1,2,3,SR-23,CR-32 BARSTAD RD,864,44.59293333,-95.682525,0,12,6,0,2,3,0,1,2,10,0,10,0,0000000,22,31,99,99,88,88,0,0,0,1,0
27,270136,1,1,0,2,2,1,1,123,6330,5,7,2012,5,13,7,0,15,6,3RD ST,HAZELWOOD,18,44.9568,-93.03547778,0,40,0,0,3,3,0,4,1,1,0,1,0,0000000,13,6,13,13,88,88,0,0,0,1,0
27,270137,1,1,0,0,0,2,2,53,2030,4,5,2012,6,12,57,0,16,8,PRIVATE SERVICE RD,,0,44.86355833,-93.32786389,9,5,0,0,98,8,0,1,8,98,0,98,0,0000000,12,57,13,2,13,37,0,0,0,1,0
27,270138,2,2,0,0,0,2,2,53,675,27,6,2012,4,16,8,0,14,6,AMERICAN BLVD,NORMAN CENTER DR,7,44.85484722,-93.35218611,0,12,2,0,2,4,0,1,1,1,0,1,0,0000000,16,9,16,14,16,39,0,0,0,1,0
27,270139,3,3,0,0,0,4,4,109,0,28,6,2012,5,12,50,0,3,2,US-14,,2174,44.01160278,-92.38882778,0,12,2,0,1,1,0,1,1,1,0,1,0,0000000,99,99,99,99,99,99,0,0,0,1,0
27,270140,1,1,0,0,0,1,1,119,0,4,6,2012,2,10,27,0,4,4,CR-19 150TH ST SW,,51,47.94925556,-96.88827778,0,32,0,0,1,1,0,4,1,1,0,1,0,0000000,10,27,10,35,88,88,0,0,0,1,0
27,270141,1,1,0,0,0,1,1,3,671,29,6,2012,6,2,40,0,16,6,TERRACE RD NE,,1,45.15951389,-93.26050278,0,42,0,0,1,1,0,5,3,1,0,1,0,0000000,2,39,2,42,88,88,20,0,0,1,1
27,270142,2,2,0,0,0,3,3,35,420,30,6,2012,7,14,54,0,16,6,DELLWOOD DR,NOVOTNY RD,16,46.37672222,-94.24445556,0,12,1,0,2,3,0,1,1,1,0,1,0,0000000,14,54,15,2,99,99,0,0,0,1,0
27,270143,2,2,0,0,0,2,2,3,5788,30,6,2012,7,17,12,0,14,3,SR-47,,248,45.26080833,-93.41155556,0,12,6,0,1,1,0,1,1,1,0,1,0,0000000,17,10,17,17,17,53,0,0,0,1,1
27,270144,2,2,0,0,0,3,3,53,2886,30,6,2012,7,18,17,0,3,4,CR-50,VERNON ST,43,45.08686111,-93.70713056,0,12,6,0,2,2,0,1,1,1,0,1,0,0000000,18,18,18,27,99,99,0,0,0,1,1
27,270145,1,1,0,0,0,1,1,111,0,1,7,2012,1,5,36,1,2,2,US-10,,658,46.58363056,-95.58466389,0,1,0,0,1,1,0,3,4,1,0,1,0,0000000,5,30,5,40,88,88,0,0,0,1,0
27,270147,2,2,0,0,0,4,4,113,6910,5,7,2012,5,15,5,0,13,3,SR-32,,1036,48.1096,-96.18960833,0,12,6,0,1,1,0,1,1,1,0,1,0,0000000,15,5,15,8,15,30,0,0,0,1,0
27,270148,2,2,0,0,0,4,4,115,0,6,7,2012,6,20,21,0,3,4,CR-61,CR-28 GRONINGEN RD,305,46.12521667,-92.89742222,0,12,6,0,2,2,0,1,1,10,0,10,0,0000000,20,21,20,32,99,99,0,0,0,1,1
27,270149,3,3,0,0,0,4,4,53,675,8,7,2012,1,10,31,0,14,6,AMERICAN BLVD,12TH AVE S,20,44.85968889,-93.25802778,0,12,6,0,2,2,0,1,1,1,0,1,0,0000000,10,32,10,36,10,58,14,0,0,1,0
27,270150,2,2,0,0,0,2,2,145,6250,9,7,2012,2,17,52,0,14,6,3RD ST N,,8,45.55856944,-94.18953056,0,12,2,0,1,1,0,1,1,1,0,1,0,0000000,99,99,99,99,99,99,0,0,0,1,0
27,270151,2,2,0,0,0,2,2,53,4760,10,7,2012,3,7,42,1,13,2,US-55 OLSON MEMORIAL HWY,LUNDALE AVE S,1897,44.98444167,-93.28752778,0,12,6,0,2,2,0,1,1,1,0,1,0,0000000,7,44,7,48,8,3,0,0,0,1,0
27,270152,1,1,0,0,0,2,2,171,0,10,7,2012,3,16,14,0,5,4,CR-5,,193,45.23656944,-94.12555278,0,53,0,0,1,1,0,4,1,1,0,1,0,0000000,16,17,16,23,88,88,0,0,0,2,0
27,270153,1,1,0,1,1,2,2,131,0,26,7,2012,5,8,8,0,6,5,80TH ST W,,5,44.47190833,-93.32154722,0,8,0,0,1,1,0,1,1,1,0,1,0,0000000,8,8,8,22,99,99,0,0,0,1,0
27,270154,1,1,0,0,0,3,3,53,6300,11,7,2012,4,8,56,1,11,1,I-394,,54,44.97055833,-93.35148333,0,25,0,1,18,1,0,3,1,1,0,1,0,0000000,99,99,99,99,99,99,0,0,0,1,0
27,270155,1,1,0,0,0,1,1,47,7019,13,7,2012,6,1,14,0,6,4,CR-39,,2,43.560975,-93.41968611,0,34,0,0,1,1,0,5,6,1,0,1,0,0000000,1,14,1,20,88,88,0,0,0,1,1
27,270156,1,1,0,0,0,1,1,123,6330,13,7,2012,6,20,55,1,13,2,US-61,,1338,44.93093056,-93.02483889,0,42,0,0,1,1,0,4,3,2,0,2,0,0000000,20,56,99,98,88,88,0,0,0,1,1
27,270157,1,1,0,0,0,1,1,37,0,14,7,2012,7,21,12,0,3,3,SR-3,,313,44.71555278,-93.12932222,0,1,0,0,1,1,0,4,5,1,0,1,0,0000000,21,12,21,25,88,88,0,0,0,1,1
27,270158,1,1,0,0,0,1,1,61,0,18,7,2012,4,1,13,0,5,4,CR-66 LAPLANTE RD,,35,47.14481667,-93.4886,0,35,0,0,1,1,0,4,2,10,0,10,0,0000000,1,16,1,30,88,88,0,0,0,1,1
27,270159,1,1,0,0,0,1,1,53,4760,20,7,2012,6,4,25,0,13,3,SR-65,,9,44.97105556,-93.26793889,0,38,0,0,1,1,0,4,3,1,0,1,0,0000000,4,25,4,30,88,88,0,0,0,1,1
27,270161,1,1,0,0,0,2,2,139,0,21,7,2012,7,15,12,0,3,4,CR-23 PANAMA AVE,,38,44.59896389,-93.44033333,0,1,0,0,1,1,0,1,1,1,0,1,0,0000000,15,14,15,25,88,88,0,0,0,1,0
27,270162,1,1,0,0,0,1,1,119,0,21,7,2012,7,19,10,0,4,4,CR-22 490TH AVE,,69,48.12368056,-97.10674722,0,1,0,0,1,1,0,4,1,1,0,1,0,0000000,19,25,19,45,99,99,0,0,0,1,1
27,270163,1,1,0,0,0,1,1,3,4184,22,7,2012,1,17,22,1,11,1,I-35E,,1209,45.13083611,-93.04546389,0,34,0,0,1,1,0,3,1,1,0,1,0,0000000,17,22,99,99,99,99,0,0,0,1,0
27,270164,2,2,0,0,0,3,3,115,0,23,7,2012,2,16,58,0,3,3,SR-48,,191,46.01221944,-92.53455,0,12,2,0,1,1,0,1,1,1,0,1,0,0000000,16,58,17,10,99,99,0,0,0,3,0
27,270165,2,2,0,0,0,2,2,133,0,24,7,2012,3,8,30,0,3,2,US-75,191ST ST,184,43.76125833,-96.21251111,0,12,6,0,2,2,0,1,1,1,0,1,0,0000000,8,30,8,45,88,88,0,0,0,1,0
27,270166,2,2,0,0,0,3,3,127,0,24,7,2012,3,21,33,0,2,3,SR-19,,609,44.54163611,-95.34480833,0,12,2,0,1,1,0,2,5,1,0,1,0,0000000,21,33,21,38,99,99,0,0,0,2,1
27,270167,1,1,0,0,0,1,1,49,0,25,7,2012,4,6,30,0,4,4,CR-11,,252,44.25573889,-92.56788889,0,32,0,0,1,1,0,4,1,1,0,1,0,0000000,6,46,7,0,88,88,0,0,0,1,0
27,270168,2,2,0,0,0,2,2,97,4210,25,7,2012,4,8,36,0,13,3,SR-27,9TH ST NE,1362,45.97588333,-94.35001944,0,12,6,0,2,2,0,1,1,2,0,2,0,0000000,99,99,99,99,99,99,0,0,0,1,0
27,270169,2,2,0,0,0,3,3,105,0,25,7,2012,4,12,27,0,5,4,CR-15 EDWARDS AVE,280TH ST,63,43.58706389,-95.87407778,0,12,6,0,2,2,0,1,1,1,0,1,0,0000000,12,28,12,34,99,99,0,0,0,1,0
27,270170,1,1,0,0,0,1,1,9,0,26,7,2012,5,11,12,0,3,3,SR-25,,1131,45.76485833,-94.09113889,0,11,0,0,1,1,0,1,1,1,0,1,0,0000000,11,13,11,30,12,40,0,0,0,1,0
27,270171,2,2,0,0,0,4,4,49,0,26,7,2012,5,16,46,0,3,3,SR-60,,1719,44.29242222,-92.82941944,0,12,6,0,1,1,0,1,1,10,0,10,0,0000000,16,46,16,55,18,1,0,0,0,1,0
27,270172,2,2,0,0,0,5,5,121,0,28,7,2012,7,21,25,0,3,3,SR-29,,517,45.56749167,-95.53165556,0,12,6,0,1,1,0,1,2,10,2,2,0,0000000,21,26,21,35,21,59,0,0,0,1,1
27,270173,1,1,0,0,0,1,1,119,0,26,7,2012,5,17,58,0,4,4,CR-15,,54,47.80092778,-96.80443889,0,34,0,0,1,1,0,4,1,1,0,1,0,0000000,17,59,18,17,88,88,0,0,0,1,1
27,270174,2,2,0,0,0,4,4,117,0,29,7,2012,1,14,33,1,2,3,SR-23,,424,44.12165,-96.14220556,0,12,2,0,1,1,0,1,1,1,0,1,0,0000000,14,33,14,45,15,26,0,0,0,1,0
27,270175,1,1,0,0,0,1,1,41,0,29,7,2012,1,16,22,0,4,3,SR-114,,126,45.7922,-95.53068889,0,34,0,0,1,1,0,4,1,1,0,1,0,0000000,16,20,16,31,17,15,0,0,0,1,1
27,270176,1,1,0,1,1,1,1,123,6330,30,7,2012,2,9,8,0,15,6,HIGHLAND PKWY,CRETIN AVE,1,44.91981944,-93.19246111,0,8,0,0,3,2,0,1,1,1,0,1,0,0000000,9,9,9,15,9,32,0,0,0,1,0
27,270177,1,1,0,1,1,1,1,35,420,31,7,2012,3,21,27,1,13,3,SR-371,EXCELSIOR,327,46.35447222,-94.24425278,0,9,0,0,2,2,0,1,3,1,0,1,0,0000000,21,28,21,31,23,6,0,0,0,1,0
27,270178,1,1,0,0,0,1,1,163,3910,1,8,2012,4,3,11,0,14,4,CR-17 LAKE ELMO AVE,,20,44.99250278,-92.87947222,0,42,0,0,1,1,0,5,3,1,0,1,0,0000000,3,13,3,20,88,88,0,0,0,1,1
27,270179,1,1,0,0,0,2,2,87,0,2,8,2012,5,17,35,0,5,4,CR-1,,225,47.42685,-95.60978611,3,1,0,0,1,1,0,4,1,1,0,1,0,0000000,99,98,99,98,88,88,0,0,0,1,1
27,270180,1,1,0,0,0,1,1,21,0,2,8,2012,5,1,46,0,3,3,SR-200,,1394,47.05236389,-94.31126667,3,35,0,0,1,1,0,4,2,1,0,1,0,0000000,1,42,1,56,88,88,0,0,0,1,0
27,270181,1,1,0,0,0,1,1,105,0,3,8,2012,6,0,50,0,4,4,CR-25,,69,43.67344722,-95.67213056,0,11,0,0,1,1,0,1,2,1,0,1,0,0000000,88,88,88,88,88,88,0,0,0,1,1
27,270182,1,1,0,0,0,1,1,35,0,3,8,2012,6,2,19,1,2,3,SR-371,,398,46.44105556,-94.30327222,0,35,0,0,1,1,0,4,2,1,0,1,0,0000000,88,88,88,88,88,88,0,0,0,1,1
27,270183,2,2,0,0,0,2,2,141,0,4,6,2012,2,13,43,0,4,4,CR-1 144TH ST,288TH AVE,148,45.49218333,-93.63381944,0,12,6,0,2,2,0,1,1,1,0,1,0,0000000,13,45,13,52,14,20,0,0,0,1,0
27,270184,1,1,0,0,0,1,1,153,0,4,8,2012,7,2,2,0,5,4,CR-104,,2,45.89516667,-94.72827778,0,35,0,0,1,1,0,5,2,10,0,10,0,0000000,2,2,2,17,88,88,0,0,0,1,1
27,270185,2,2,0,0,0,3,3,85,2710,4,8,2012,7,14,17,0,15,6,CR-15 MORNINGSIDE DR,US-212,5,44.76854722,-94.13147778,0,33,0,0,3,4,0,3,1,10,0,10,0,0000000,14,18,14,21,14,38,0,0,0,1,0
27,270186,1,1,0,0,0,1,1,75,0,6,8,2012,2,23,4,1,2,4,CR-3,SR-61,0,47.04867778,-91.62957778,0,42,0,0,3,3,0,4,3,10,0,10,0,0000000,88,88,88,88,88,88,0,0,0,1,1
27,270187,1,1,0,0,0,1,1,97,0,7,8,2012,3,23,58,0,6,5,113TH ST,,0,45.92566111,-93.99254167,0,42,0,0,1,1,0,4,2,1,0,1,0,0000000,0,1,0,10,99,99,18,0,0,1,1
27,270188,2,2,0,0,0,2,2,127,0,9,8,2012,5,10,58,0,2,3,SR-19,,523,44.47355278,-95.45761389,0,12,2,0,1,1,0,1,1,1,0,1,0,0000000,10,58,99,99,99,99,0,0,0,1,0
27,270189,4,4,0,0,0,4,4,145,7260,9,8,2012,5,13,28,0,3,6,2ND ST S,28TH AVE S,5,45.55050556,-94.25503889,0,12,6,0,2,2,0,1,1,1,0,1,0,0000000,13,29,13,35,99,99,14,0,0,1,0
27,270190,1,1,0,0,0,3,3,27,0,9,8,2012,5,18,39,0,5,4,CR-67 80TH AVE S,,55,46.77549722,-96.69414167,0,35,0,0,1,1,0,4,1,1,0,1,0,0000000,18,40,18,50,19,37,0,0,0,1,0
27,270191,1,1,0,0,0,1,1,59,0,10,8,2012,6,18,43,0,4,4,CR-4 HOLLY ST NW,,73,45.72245,-93.27423611,0,35,0,0,1,1,0,4,1,1,0,1,0,0000000,99,98,99,98,88,88,0,0,0,1,1
27,270192,1,1,0,0,0,1,1,3,1108,10,8,2012,6,21,13,0,14,4,CR-22 VIKING BLVD NW,,97,45.32323056,-93.35660278,0,11,0,0,1,1,0,1,3,1,0,1,0,0000000,21,13,21,18,99,99,0,0,0,1,1
27,270193,2,2,0,0,0,3,3,35,0,11,8,2012,7,16,54,0,4,4,CR-36,,83,46.65522222,-93.98079722,0,12,11,0,1,1,0,1,1,1,0,1,0,0000000,99,98,99,98,88,88,0,0,0,1,0
27,270195,1,1,0,1,1,2,2,3,1982,18,8,2012,7,4,32,0,14,4,CR-22 VIKING BLVD NE,VICKERS ST NE,190,45.31470833,-93.17398056,0,8,0,0,3,2,0,1,2,1,0,1,0,0000000,4,32,99,98,88,88,0,0,0,1,0
27,270196,1,1,0,0,0,1,1,101,0,13,8,2012,2,12,26,0,6,4,CR-11 151ST ST,,10,44.06558056,-95.60276667,0,1,0,0,1,1,0,4,1,1,0,1,0,0000000,99,98,99,98,88,88,0,0,0,1,0
27,270197,1,1,0,1,1,1,1,53,4495,23,8,2012,5,1,38,0,14,4,CR-109 WEAVER LAKE RD,,11,45.10512778,-93.43820556,0,8,0,0,1,1,1,1,3,1,0,1,0,0000000,1,37,1,40,88,88,0,0,0,1,0
27,270198,2,1,1,1,1,2,2,53,5910,24,8,2012,6,18,54,1,11,1,I-35W,,100,44.87961389,-93.29690833,0,8,0,0,1,1,0,2,1,1,0,1,0,0000000,18,55,99,99,99,99,23,0,0,1,0
27,270199,2,2,0,0,0,5,5,67,0,17,8,2012,6,21,4,1,2,2,US-12,,778,45.13181944,-94.96553611,0,12,2,0,1,1,0,1,2,1,0,1,0,0000000,21,5,21,7,99,99,0,0,0,3,1
27,270200,1,1,0,0,0,1,1,137,3255,17,8,2012,6,23,34,1,13,2,US-53,,102,46.83779722,-92.243525,0,59,0,0,1,1,0,3,2,1,0,1,0,0000000,99,99,23,45,0,5,0,0,0,1,1
27,270201,1,1,0,0,0,1,1,11,0,18,8,2012,7,8,3,1,2,3,SR-7,,354,45.25277222,-96.27668056,0,11,0,0,1,1,0,1,1,1,0,1,0,0000000,8,0,8,13,8,34,0,0,0,1,0
27,270203,2,2,0,0,0,3,3,99,0,19,8,2012,1,0,16,0,6,5,235TH ST,790TH AVE,55,43.69616111,-92.46955556,0,12,6,0,2,2,0,1,2,1,0,1,0,0000000,0,27,0,42,99,99,0,0,0,1,1
27,270204,1,1,0,0,0,1,1,37,3490,19,8,2012,1,16,2,1,12,2,US-53,80TH ST RAMP,1228,44.83791667,-93.05983333,0,1,0,1,3,4,0,8,1,1,0,1,0,0000000,16,2,99,99,99,99,0,0,0,1,1
27,270205,1,1,0,0,0,1,1,171,0,20,8,2012,2,17,35,0,6,5,GOWAN AVE NW,,5,45.19942222,-94.01279722,0,1,0,0,1,1,0,1,1,1,0,1,0,0000000,17,35,17,41,88,88,0,0,0,1,1
27,270206,1,1,0,0,0,5,5,37,956,21,8,2012,3,14,29,0,16,6,BUCK HILL RD,,4,44.72031944,-93.28231111,0,38,0,0,1,1,0,5,1,1,0,1,0,0000000,14,99,14,99,99,99,0,0,0,2,0
27,270207,1,1,0,0,0,1,1,53,5732,21,8,2012,3,15,9,0,16,6,KINGSVIEW LN,,1,44.992325,-93.46713889,0,42,0,0,1,1,0,5,1,1,0,1,0,0000000,15,9,99,99,99,99,0,0,0,1,0
27,270208,1,1,0,0,0,1,1,17,0,22,8,2012,4,7,58,0,6,5,E MUD LAKE RD,,0,46.67835,-92.94125,0,10,0,0,6,1,0,1,1,1,0,1,0,076213W,7,54,8,6,88,88,0,0,0,1,1
27,270209,2,2,0,0,0,2,2,3,5788,23,8,2012,5,23,39,0,14,4,CR-7 ROANOKE ST NW,,79,45.29388333,-93.38836667,0,12,6,0,1,1,0,1,3,10,0,10,0,0000000,23,41,23,50,0,22,0,0,0,1,1
27,270210,1,1,0,1,1,1,1,123,6330,29,8,2012,4,17,1,0,14,6,HAMLINE AVE S,GRAND AVE,18,44.94002778,-93.15686667,0,8,0,0,3,2,0,1,1,1,0,1,0,0000000,17,2,17,5,17,19,0,0,0,1,0
27,270211,2,2,0,2,2,2,2,3,5788,1,9,2012,7,21,37,1,12,2,US-10,SUNFISH LAKE BLVD NW,2225,45.22000556,-93.42940556,0,8,0,0,3,2,0,1,2,1,0,1,0,0000000,21,38,21,45,88,88,0,0,0,2,0
27,270212,2,2,0,0,0,6,6,137,0,25,8,2012,7,8,44,1,2,2,US-53,,516,47.34818889,-92.47400556,0,59,0,0,1,1,0,3,1,10,0,10,0,0000000,8,43,8,53,9,38,14,0,0,1,0
27,270213,1,1,0,0,0,2,2,35,0,26,8,2012,1,13,12,0,3,3,SR-6,,157,46.50925,-93.96010833,0,43,0,0,1,1,0,4,1,1,0,1,0,0000000,13,12,99,99,99,99,0,0,0,1,0
27,270214,2,2,0,0,0,2,2,145,6420,27,8,2012,2,14,33,0,15,6,HERITAGE DR,,14,45.60056944,-94.20230278,0,12,2,0,1,1,0,1,1,1,0,1,0,0000000,14,35,99,99,99,99,0,0,0,1,0
27,270215,2,2,0,0,0,2,2,9,0,30,8,2012,5,16,56,0,4,4,CR-4 65TH ST NE,,120,45.66255556,-93.96191944,0,12,2,0,1,1,0,1,1,10,0,10,0,0000000,16,56,99,97,99,97,0,0,0,2,0
27,270216,1,1,0,0,0,1,1,13,4480,31,8,2012,6,23,43,0,16,6,RAINTREE RD,,12,44.17718889,-93.96594167,0,33,0,0,1,1,0,4,3,1,0,1,0,0000000,23,43,99,98,88,88,0,0,0,1,0
27,270217,1,1,0,1,1,1,1,95,0,7,9,2012,6,19,14,0,4,4,CR-22 350TH ST,,41,46.05483889,-93.66711389,0,8,0,0,1,1,0,1,1,1,0,1,0,0000000,99,99,99,99,99,99,0,0,0,1,0
27,270218,1,1,0,0,0,1,1,149,0,1,9,2012,7,6,15,0,6,5,450TH AVE,,11,45.42815833,-95.85019722,0,34,0,0,1,1,0,4,4,1,0,1,0,0000000,6,27,6,47,88,88,0,0,0,1,0
27,270219,1,1,0,0,0,2,2,45,4030,1,9,2012,7,14,8,0,3,3,SR-16,,2392,43.71081111,-91.98107778,0,30,0,0,1,1,0,4,1,1,0,1,0,0000000,14,8,14,13,99,99,0,0,0,1,0
27,270220,1,1,0,1,1,1,1,143,0,15,9,2012,7,14,29,0,2,3,SR-15,,748,44.51596389,-94.37156667,0,9,0,0,1,1,0,1,1,1,0,1,0,0000000,14,27,14,33,99,99,0,0,0,1,0
27,270221,2,2,0,0,0,5,5,67,0,3,9,2012,2,15,19,0,5,4,CR-1 90TH ST NW,CR-27 90TH AVE NW,228,45.20408889,-95.16488333,0,12,6,0,2,2,0,1,1,1,0,1,0,0000000,15,20,15,27,15,51,0,0,0,1,0
27,270222,2,2,0,0,0,4,4,39,0,4,9,2012,3,15,39,0,3,4,CR-17,,10,44.096775,-92.67822778,0,12,1,0,1,1,0,1,1,1,0,1,1,0000000,15,39,16,0,16,50,0,0,0,1,0
27,270223,1,1,0,0,0,1,1,5,0,5,9,2012,4,7,59,0,4,4,CR-34,,7,46.97607222,-95.80750556,0,34,0,0,1,1,0,4,2,99,0,99,0,0000000,8,41,9,6,88,88,0,0,0,1,1
27,270224,2,2,0,0,0,4,4,137,0,6,9,2012,5,7,42,1,2,2,US-53,,1356,48.38106667,-92.98818889,0,12,2,0,1,1,0,1,1,1,0,1,0,0000000,7,41,8,9,99,99,0,0,0,2,0
27,270225,1,1,0,0,0,1,1,53,2750,6,9,2012,5,8,36,0,16,6,RHODE ISLAND AVE N,23RD AVE N,0,45.0038,-93.37802778,0,1,0,0,1,1,0,4,2,1,0,1,0,0000000,88,88,88,88,88,88,0,0,0,1,1
27,270226,2,2,0,0,0,4,4,37,0,6,9,2012,5,19,51,0,6,5,LEWISTON BLVD,,15,44.66849722,-92.90397222,0,12,2,0,1,1,0,1,5,10,2,2,0,0000000,19,51,20,1,20,36,0,0,0,1,0
27,270227,1,1,0,0,0,1,1,115,0,7,9,2012,6,0,10,0,3,4,CR-61,,423,46.27346111,-92.85819444,0,42,0,0,1,1,0,4,2,10,2,2,0,0000000,0,10,99,98,88,88,0,0,0,1,0
27,270229,2,2,0,0,0,2,2,161,0,8,9,2012,7,15,5,0,3,3,SR-13,,213,43.932475,-93.48671667,0,12,2,0,1,1,0,1,1,1,0,1,0,0000000,15,5,99,97,99,97,0,0,0,1,0
27,270230,1,1,0,0,0,1,1,115,0,8,9,2012,7,15,21,0,5,4,CR-9 CROSS LAKE RD,,34,45.85839444,-92.93543889,0,1,0,0,1,1,0,4,1,1,0,1,0,0000000,99,99,99,99,99,99,0,0,0,1,0
27,270231,2,2,0,0,0,6,6,115,0,11,9,2012,3,18,33,0,5,4,CR-32 RUTABAGA RD,CLARK RD,13,46.18676667,-92.76161667,0,12,6,0,2,3,0,1,1,1,0,1,0,0000000,18,35,18,42,18,56,0,0,0,4,0
27,270232,3,3,0,0,0,4,4,37,1945,12,9,2012,4,13,53,1,13,3,SR-55,SR-149 W JCT,2022,44.85225833,-93.12978889,0,12,6,0,2,2,0,1,1,10,0,10,0,0000000,13,51,13,56,14,30,0,0,0,1,0
27,270233,2,2,0,0,0,2,2,71,0,14,9,2012,6,13,20,1,2,2,US-53,CR-3,1424,48.409625,-93.11895556,0,12,6,0,2,3,0,1,1,1,0,1,0,0000000,13,20,13,35,88,88,0,0,0,1,0
27,270234,2,2,0,0,0,3,3,53,5732,14,9,2012,6,17,41,0,14,4,CR-6,FERNBROOK LN,159,44.99672222,-93.46149444,0,12,6,0,2,2,0,1,1,1,0,1,0,0000000,17,42,99,99,99,99,0,0,0,1,0