STATE,ST_CASE,VE_TOTAL,VE_FORMS,PVH_INVL,PEDS,PERNOTMVIT,PERMVIT,PERSONS,COUNTY,CITY,DAY,MONTH,YEAR,DAY_WEEK,HOUR,MINUTE,NHS,ROAD_FNC,ROUTE,TWAY_ID,TWAY_ID2,MILEPT,LATITUDE,LONGITUD,SP_JUR,HARM_EV,MAN_COLL,RELJCT1,RELJCT2,TYP_INT,WRK_ZONE,REL_ROAD,LGT_COND,WEATHER1,WEATHER2,WEATHER,SCH_BUS,RAIL,NOT_HOUR,NOT_MIN,ARR_HOUR,ARR_MIN,HOSP_HR,HOSP_MN,CF1,CF2,CF3,FATALS,DRUNK_DR
27,270235,1,1,0,0,0,1,1,21,1980,14,9,2012,6,19,34,0,5,4,CR-70,,15,46.40348056,-94.35198333,0,1,0,0,1,1,0,1,5,1,0,1,0,0000000,19,34,19,44,88,88,0,0,0,1,0
27,270236,2,2,0,0,0,2,2,99,0,15,9,2012,7,15,50,0,4,4,CR-7,,89,43.58718056,-92.70970833,0,12,6,0,1,1,0,1,1,1,0,1,0,0000000,15,51,15,58,99,99,0,0,0,1,0
27,270237,1,1,0,0,0,1,1,81,0,16,9,2012,1,4,0,0,4,4,CR-7,,51,44.25006111,-96.12928333,0,35,0,0,1,1,0,5,2,6,10,6,0,0000000,6,54,7,1,88,88,0,0,0,1,1
27,270238,2,2,0,0,0,3,3,3,1982,16,9,2012,1,19,27,0,14,4,CR-22 VIKING BLVD,,187,45.31602222,-93.17930278,0,12,6,0,1,1,0,1,1,1,0,1,0,0000000,19,26,19,37,88,88,0,0,0,2,2
27,270239,1,1,0,0,0,1,1,21,0,16,9,2012,1,22,33,0,3,3,SR-200,,1610,47.03447222,-93.87189444,0,1,0,0,1,1,0,5,2,10,0,10,0,0000000,22,47,22,56,88,88,0,0,0,1,1
27,270240,4,4,0,0,0,5,5,53,675,18,9,2012,3,15,24,1,11,1,I-35W,94TH ST,67,44.83350833,-93.2951,0,12,1,1,18,1,0,1,1,1,0,1,0,0000000,15,25,99,99,99,99,0,0,0,1,1
27,270241,1,1,0,0,0,1,1,35,2199,18,9,2012,3,17,32,0,4,4,CR-1,,208,46.73472222,-93.94896389,0,59,0,0,1,1,0,4,1,1,0,1,0,0000000,17,32,17,57,88,88,0,0,0,1,1
27,270242,2,2,0,0,0,2,2,137,2250,19,9,2012,4,15,28,1,2,2,US-53,INDUSTRIAL PARK DR,608,47.46799444,-92.52492222,0,12,6,0,2,4,0,1,1,10,0,10,0,0000000,15,25,15,31,16,0,0,0,0,1,0
27,270243,2,2,0,0,0,2,2,9,0,19,9,2012,4,20,30,1,13,2,US-10,,1685,45.68151111,-94.17371111,0,12,1,0,1,1,0,1,2,1,0,1,0,0000000,20,38,20,48,88,88,0,0,0,1,0
27,270244,1,1,0,1,1,1,1,61,0,29,9,2012,7,12,18,0,4,4,CR-29,,107,47.73903611,-94.05315,0,15,0,0,1,1,0,1,1,1,0,1,0,0000000,12,18,12,56,88,88,0,0,0,1,1
27,270245,2,2,0,0,0,2,2,57,0,20,9,2012,5,9,15,1,2,2,US-2,,1261,47.38953333,-94.69138056,0,12,1,0,1,1,0,1,1,10,0,10,0,0000000,99,99,99,99,99,99,0,0,0,1,1
27,270246,1,1,0,1,1,1,1,53,4760,30,9,2012,1,18,57,0,14,6,E 26TH ST,11TH AVE S,19,44.95552778,-93.26011111,0,8,0,0,3,3,0,1,5,10,0,10,0,0000000,18,58,19,2,19,11,0,0,0,1,0
27,270247,1,1,0,1,1,1,1,163,4440,5,10,2012,6,21,5,0,14,4,CR-36 HILTON TR N,,14,45.05671944,-92.9475,0,8,0,0,1,1,0,1,6,1,0,1,0,0000000,21,5,21,10,99,99,0,0,0,1,0
27,270248,1,1,0,0,0,1,1,5,0,21,9,2012,6,11,36,0,5,4,CR-35,,153,47.13431389,-95.56612222,3,42,0,0,1,1,0,4,1,1,0,1,0,0000000,99,99,99,99,88,88,0,0,0,1,0
27,270249,2,2,0,0,0,4,4,7,0,23,9,2012,1,19,0,0,4,4,CR-7 BECIDA RD SW,FERN LAKE RD SW,56,47.45465,-94.94898611,0,12,6,0,2,3,0,1,1,1,0,1,0,0000000,19,4,19,11,19,45,0,0,0,1,0
27,270250,3,3,0,0,0,6,6,123,6330,24,9,2012,2,9,15,0,14,2,US-61 ARCADE ST,CASE AVE,1386,44.97029722,-93.06598611,0,12,1,0,2,2,0,1,1,1,0,1,0,0000000,9,18,99,99,99,99,0,0,0,1,0
27,270251,1,1,0,0,0,1,1,13,4480,24,9,2012,2,15,46,1,13,3,SR-22,S VICTORY DR,499,44.13788611,-93.95796389,0,1,0,0,2,2,0,1,1,1,0,1,0,0000000,15,46,99,99,99,99,0,0,0,1,0
27,270252,1,1,0,0,0,1,1,19,0,25,9,2012,3,6,36,0,4,4,CR-32,,29,44.84840556,-93.93891944,0,59,0,0,1,1,0,4,2,1,0,1,0,0000000,6,33,99,97,99,97,0,0,0,1,1
27,270253,2,1,1,0,1,1,2,71,3480,25,9,2012,3,8,47,0,14,4,CR-45 KEENAN DR,,1,48.58751944,-93.43656389,0,14,0,0,1,1,1,2,1,10,0,10,0,0000000,8,48,9,0,88,88,0,0,0,1,0
27,270254,1,1,0,0,0,2,2,85,0,27,9,2012,5,14,9,0,4,4,CR-7,,104,44.75670278,-94.45777222,0,30,0,0,1,1,0,5,1,1,0,1,0,0000000,11,36,11,58,99,99,0,0,0,1,0
27,270255,2,2,0,0,0,2,2,105,0,28,9,2012,6,6,30,0,4,4,CR-35,CR-13,133,43.63073889,-95.79366389,0,12,6,0,2,2,0,1,4,1,0,1,0,0000000,6,30,6,45,88,88,0,0,0,1,0
27,270256,1,1,0,0,0,2,2,85,0,28,9,2012,6,23,37,0,4,4,CR-18 150TH ST,,25,44.83441389,-94.44729722,0,18,0,0,1,1,0,5,2,1,0,1,0,0000000,23,37,0,0,88,88,0,0,0,2,0
27,270257,1,1,0,0,0,1,1,1,0,30,9,2012,1,1,23,0,5,4,CR-5 NATURE AVE,,215,46.73941667,-93.48497222,0,35,0,0,1,1,0,4,2,1,0,1,0,0000000,1,23,99,97,99,97,0,0,0,1,1
27,270258,2,2,0,0,0,3,3,111,0,1,10,2012,2,8,18,0,4,4,CR-9,CR-23,25,46.61500556,-96.09468056,0,12,6,0,2,2,0,1,1,1,0,1,0,0000000,99,99,99,99,99,99,0,0,0,1,0
27,270259,3,3,0,0,0,5,5,17,0,1,10,2012,2,8,47,1,2,3,SR-210,,1939,46.67831944,-92.93627778,0,12,8,0,1,1,0,1,1,1,0,1,0,0000000,99,98,99,98,88,88,0,0,0,2,0
27,270260,2,2,0,0,0,3,3,131,0,2,10,2012,3,13,34,1,1,1,I-35,,535,44.24733056,-93.28336111,0,12,6,0,7,1,0,1,1,1,0,1,0,0000000,13,35,13,41,99,99,0,0,0,1,0
27,270261,2,2,0,0,0,4,4,89,0,2,10,2012,3,20,21,0,3,2,US-59,,3706,48.27003889,-96.26915556,0,12,2,0,1,1,0,1,2,1,0,1,0,0000000,20,18,20,28,20,53,0,0,0,1,0
27,270262,2,2,0,0,0,2,2,59,0,2,10,2012,3,21,55,0,3,3,SR-47,,452,45.53845278,-93.36864444,0,12,2,0,1,1,0,1,2,1,0,1,0,0000000,21,50,22,3,88,88,0,0,0,1,0
27,270263,2,2,0,0,0,2,2,3,2560,31,3,2012,7,15,5,1,13,3,SR-65,FIRESIDE DR NE,89,45.10331389,-93.24356111,0,12,6,0,2,2,0,1,1,10,0,10,0,0000000,15,8,15,13,15,34,0,0,0,1,1
27,270264,2,2,0,0,0,3,3,123,4536,20,4,2012,6,14,10,0,16,6,11TH AVE,,9,45.01559167,-93.01778889,0,12,6,0,8,1,0,1,1,1,0,1,0,0000000,14,16,99,99,99,99,0,0,0,1,0
27,270265,2,2,0,0,0,2,2,113,0,4,10,2012,5,9,57,1,2,2,US-59,,3524,48.06185,-96.09034167,0,12,2,0,1,1,0,1,1,4,11,4,0,0000000,9,57,10,3,10,28,0,0,0,1,0
27,270266,1,1,0,0,0,1,1,21,0,7,10,2012,1,18,39,0,3,3,SR-84,,48,46.76399444,-94.36490833,0,53,0,0,1,1,0,4,1,1,0,1,0,0000000,88,88,88,88,88,88,0,0,0,1,1
27,270267,1,1,0,0,0,1,1,83,0,9,10,2012,3,13,33,0,3,2,US-59,,812,44.55401389,-95.79827222,0,1,0,0,1,1,0,1,1,10,0,10,0,0000000,13,32,13,43,88,88,0,0,0,1,0
27,270268,1,1,0,1,1,1,1,141,0,15,10,2012,2,23,43,0,4,4,CR-81,,4,45.34030556,-93.77377222,0,8,0,0,1,1,0,1,2,1,0,1,0,0000000,23,43,23,50,88,88,0,0,0,1,0
27,270269,1,1,0,1,1,1,1,67,0,16,10,2012,3,4,53,1,2,2,US-71,,1424,45.38492778,-95.00874444,0,9,0,0,1,1,0,1,2,1,0,1,0,0000000,4,53,5,8,88,88,0,0,0,1,0
27,270270,1,1,0,0,0,1,1,127,0,3,10,2012,4,8,40,0,6,5,HARVEST AVE,,13,44.22828889,-95.31038056,0,10,0,0,6,1,0,1,1,1,0,1,0,193712H,8,42,8,47,88,88,0,0,0,1,0
27,270271,2,2,0,0,0,2,2,133,0,10,10,2012,4,16,14,0,4,3,SR-270,CR-11,47,43.52936944,-96.27285,0,12,6,0,2,2,0,1,1,1,0,1,0,0000000,16,5,16,26,16,49,0,0,0,1,0
27,270272,1,1,0,0,0,1,1,33,0,10,10,2012,4,20,7,1,2,3,SR-60,,434,43.89256389,-95.08643056,0,1,0,0,1,1,0,1,2,10,0,10,0,0000000,20,5,20,12,20,17,0,0,0,1,1
27,270274,1,1,0,0,0,3,3,95,0,14,10,2012,1,0,6,1,2,2,US-169,CR-25 TIMBER TRAIL RD,2271,46.20759722,-93.78773889,0,34,0,0,3,3,0,4,2,10,5,5,0,0000000,0,6,0,16,0,40,0,0,0,2,1
27,270275,1,1,0,0,0,4,4,111,0,14,10,2012,1,8,33,0,4,4,CR-38,,22,46.13496389,-95.66199444,0,1,0,0,1,1,0,4,1,1,0,1,0,0000000,8,37,8,44,9,26,0,0,0,1,0
27,270276,2,2,0,0,0,2,2,119,0,14,10,2012,1,16,3,1,2,2,US-2,CR-17,40,47.92015833,-96.97701111,0,12,6,0,2,2,0,1,1,1,0,1,0,0000000,15,59,16,12,88,88,0,0,0,1,0
27,270277,2,2,0,0,0,3,3,79,0,16,10,2012,3,15,5,0,3,3,SR-13,CR-28,627,44.48613333,-93.58546667,0,12,6,0,2,2,0,1,1,1,0,1,0,0000000,99,99,99,99,99,99,0,0,0,1,0
27,270278,2,2,0,0,0,3,3,27,0,17,10,2012,4,11,49,0,3,3,SR-9,CR-26,1707,46.97726111,-96.50098611,0,12,6,0,2,2,0,1,1,2,10,2,0,0000000,11,49,99,99,99,99,0,0,0,1,0
27,270279,3,3,0,0,0,6,6,171,6320,19,10,2012,6,21,38,0,15,4,CR-34,,69,45.16648056,-93.72059444,0,12,2,0,1,1,0,1,2,10,0,10,0,0000000,21,45,21,52,22,31,0,0,0,2,1
27,270280,1,1,0,1,1,1,1,53,4760,27,10,2012,7,2,40,0,14,6,9RD AVE N,1ST ST N,1,44.98209444,-93.27142778,0,8,0,0,3,2,0,1,3,2,10,2,0,0000000,2,41,2,48,2,57,0,0,0,1,0
27,270281,5,5,0,0,0,8,8,53,6300,20,10,2012,7,15,14,1,13,3,SR-7,TEXAS AVE S,1924,44.93597222,-93.38279167,0,12,6,0,3,2,0,1,1,1,0,1,0,0000000,15,14,99,98,88,88,0,0,0,1,0
27,270282,1,1,0,0,0,1,1,111,0,20,10,2012,7,19,2,0,3,3,SR-78,,286,46.35852778,-95.68216389,0,1,0,0,1,1,0,4,2,1,0,1,0,0000000,99,98,99,98,88,88,0,0,0,1,0
27,270283,4,4,0,0,0,5,5,3,671,14,9,2012,6,11,43,1,13,3,SR-65 CENTRAL AVE,99TH AVE NE,122,45.14984722,-93.23505,0,12,7,0,3,2,0,1,1,1,0,1,0,0000000,11,43,11,45,99,99,0,0,0,1,0
27,270284,1,1,0,0,0,1,1,81,0,21,10,2012,1,7,30,0,4,4,CR-7,,223,44.46729444,-96.1815,0,35,0,0,1,1,0,4,4,5,0,5,0,0000000,8,1,8,10,88,88,0,0,0,1,1
27,270285,1,1,0,1,1,1,1,3,1492,2,11,2012,6,23,23,0,14,4,CR-51 UNIVERSITY AVE NW,,23,45.16358611,-93.26643333,0,8,0,0,1,1,0,1,3,10,0,10,0,0000000,23,23,23,28,88,88,0,0,0,1,0
27,270286,3,3,0,0,0,4,4,157,0,22,10,2012,2,12,31,0,3,3,SR-42,,122,44.15326111,-92.20199167,0,12,6,0,1,1,0,1,1,2,0,2,0,0000000,12,36,12,38,99,99,0,0,0,1,1
27,270287,2,2,0,0,0,2,2,173,0,23,10,2012,3,13,22,1,2,2,US-212,,443,44.84545,-95.616475,0,12,2,0,8,1,0,1,1,10,0,10,0,0000000,13,14,13,20,13,49,0,0,0,1,1
27,270288,1,1,0,1,1,1,1,123,7096,5,11,2012,2,19,33,0,14,4,CR-49 RICE ST,,66,45.05179722,-93.10631111,0,15,0,0,1,1,0,1,2,10,0,10,0,0000000,19,34,19,46,20,4,0,0,0,1,0
27,270289,1,1,0,0,0,2,2,139,6510,24,10,2012,4,16,29,1,13,2,US-169,CR-21,1150,44.7829,-93.41455,0,42,0,1,5,1,0,4,1,2,0,2,0,0000000,16,27,16,36,17,25,0,0,0,1,0
27,270290,1,1,0,0,0,1,1,131,0,27,10,2012,7,7,13,0,6,5,220TH ST E,,18,44.268775,-93.22421111,0,21,0,0,1,1,0,4,9,1,0,1,0,0000000,88,88,88,88,88,88,0,0,0,1,1
27,270291,6,6,0,0,0,6,6,53,675,29,10,2012,2,5,1,1,1,1,I-494,CR-17 FRANCE AVE S,69,44.85947778,-93.32715278,0,12,1,1,18,1,1,1,3,1,0,1,0,0000000,5,2,5,15,99,99,19,0,0,1,0
27,270292,1,1,0,1,1,2,2,7,0,25,8,2012,7,2,59,0,4,4,CR-15 IRVINE AVE NW,,18,47.5239,-94.88524444,0,8,0,0,1,1,0,1,2,1,0,1,0,0000000,2,59,3,10,88,88,0,0,0,1,0
27,270293,1,1,0,0,0,1,1,43,2160,28,10,2012,1,15,10,0,5,4,CR-9 RASMUSSEN ST,S WEST ST,3,43.50686667,-94.09458611,0,30,0,0,3,3,0,4,1,1,0,1,0,0000000,15,11,15,22,15,38,0,0,0,1,0
27,270294,2,2,0,0,0,2,2,53,3473,30,10,2012,3,15,35,1,2,2,US-12,,1445,45.01485556,-93.69467222,0,12,2,0,1,1,0,1,1,10,0,10,0,0000000,99,99,99,99,99,99,0,0,0,1,0
27,270296,3,3,0,0,0,4,4,53,4495,31,10,2012,4,17,36,0,14,4,CR-10,CR-101,129,45.08573611,-93.51713889,0,12,6,0,2,2,0,1,1,1,0,1,0,0000000,17,36,17,48,88,88,0,0,0,1,0
27,270297,1,1,0,0,0,2,2,93,0,4,11,2012,1,3,6,0,4,4,CR-3,,44,45.25394444,-94.67380833,0,1,0,0,1,1,0,4,2,1,0,1,0,0000000,3,0,3,18,99,99,0,0,0,1,1
27,270298,2,2,0,0,0,3,3,163,2450,6,11,2012,3,9,29,0,16,6,12TH ST NW,,6,45.27705556,-92.99881944,0,12,6,0,8,1,0,1,1,10,0,10,0,0000000,9,29,9,39,88,88,0,0,0,2,1
27,270299,2,2,0,0,0,4,4,39,0,6,11,2012,3,18,31,1,2,2,US-14,,1894,44.04495556,-92.90418056,0,12,2,0,1,1,0,1,5,2,10,2,0,0000000,99,99,99,99,99,99,0,0,0,3,0
27,270300,2,2,0,0,0,2,2,63,0,8,11,2012,5,13,0,0,3,3,SR-86,,145,43.70971944,-95.17456944,0,12,7,0,8,1,0,1,1,1,0,1,0,0000000,12,58,99,99,13,30,0,0,0,1,0
27,270301,1,1,0,0,0,2,2,37,5180,8,11,2012,5,14,41,0,3,3,SR-50,,214,44.60119444,-92.94438333,0,35,0,0,1,1,0,4,1,1,0,1,0,0000000,14,41,99,99,99,99,0,0,0,1,1
27,270302,1,1,0,0,0,2,2,61,0,10,11,2012,7,23,56,0,3,3,SR-46,,375,47.74691667,-94.26816389,0,35,0,0,1,1,0,4,2,2,0,2,0,0000000,0,7,0,22,88,88,18,0,0,2,1
27,270303,2,2,0,0,0,2,2,161,0,12,11,2012,2,19,55,1,2,2,US-914A OLD HWY 14,CR-27 110TH ST,1558,44.08541667,-93.54700556,0,12,6,0,2,2,0,1,2,1,0,1,0,0000000,19,58,20,3,88,88,0,0,0,1,0
27,270304,1,1,0,0,0,1,1,137,0,15,11,2012,5,4,0,0,5,4,CR-15 MUNGER SHAW RD,,25,46.9115,-92.34002222,0,52,0,0,1,1,0,4,2,1,0,1,0,0000000,6,53,7,30,88,88,0,0,0,1,1
27,270305,2,2,0,0,0,2,2,15,0,15,11,2012,5,6,2,1,2,2,US-14,,919,44.30859167,-94.67155833,0,12,2,0,1,1,0,1,2,1,0,1,0,0000000,6,5,6,18,6,46,0,0,0,1,0
27,270306,1,1,0,1,1,1,1,53,4760,21,11,2012,4,17,30,0,14,3,SR-55 OLSON MEMORIAL HWY,OAKLAKE AVE N,1898,44.98446944,-93.28544444,0,8,0,0,3,2,0,1,3,1,0,1,0,0000000,99,99,99,99,99,99,0,0,0,1,0
27,270307,1,1,0,0,0,2,2,135,0,29,4,2012,1,6,11,0,4,4,CR-9,,26,48.57587778,-95.60285833,0,35,0,0,1,1,0,4,4,1,0,1,0,0000000,6,14,6,38,7,7,0,0,0,1,1
27,270308,1,1,0,0,0,2,2,119,0,14,7,2012,7,2,51,0,4,4,CR-12,,147,47.66838611,-96.16462222,0,34,0,0,1,1,0,4,2,1,0,1,0,0000000,2,51,99,99,99,99,0,0,0,1,1
27,270309,1,1,0,1,1,1,1,3,190,26,11,2012,2,19,33,1,12,2,US-10,VERNDALE AVE,2239,45.20884444,-93.40743056,0,8,0,0,3,3,0,1,3,1,0,1,0,0000000,19,30,19,40,88,88,0,0,0,1,0
27,270310,1,1,0,1,1,1,1,5,3970,29,11,2012,5,22,38,1,2,2,US-10,CR-7 2ND ST,322,46.87711111,-96.09545833,0,8,0,0,2,2,0,1,3,10,0,10,0,0000000,22,38,22,45,23,1,0,0,0,1,0
27,270311,2,2,0,0,0,3,3,119,0,15,8,2012,4,21,45,0,3,4,CR-11,CR-54,18,47.78921111,-96.56795278,0,12,2,0,2,2,0,1,2,1,0,1,0,0000000,21,48,21,56,99,99,0,0,0,1,1
27,270312,2,2,0,0,0,4,4,37,3490,16,11,2012,6,15,53,0,14,4,CR-28 ARGENTA TRAIL,,9,44.83782778,-93.100975,0,12,2,0,1,1,0,1,1,1,0,1,1,0000000,15,53,15,58,88,88,0,0,0,3,0
27,270313,1,1,0,0,0,1,1,115,0,16,11,2012,6,23,0,0,4,4,CR-25 MARKVILLE RD,STATE LINE RD,119,46.09162222,-92.29383611,0,35,0,0,3,3,0,4,2,1,0,1,0,0000000,88,88,88,88,88,88,0,0,0,1,1
27,270314,2,2,0,0,0,3,3,3,1982,17,11,2012,7,8,45,0,14,4,CR-22 VIKING BLVD,,194,45.3138,-93.16583889,0,12,6,0,1,1,0,1,1,10,0,10,0,0000000,8,45,9,2,9,45,0,0,0,1,0
27,270315,2,2,0,0,0,6,6,25,0,7,7,2012,7,15,34,0,4,4,CR-9 OASIS RD,347TH ST,45,45.44858611,-92.83734722,0,12,6,0,2,2,0,1,1,1,0,1,0,0000000,15,37,15,39,16,14,0,0,0,1,0
27,270316,1,1,0,0,0,1,1,137,0,13,10,2012,7,14,21,0,4,4,CR-44 PEQUAYWAN LAKE RD,,156,47.10227222,-92.00321111,0,11,0,0,1,1,0,1,1,10,2,2,0,0000000,14,23,14,31,15,30,0,0,0,1,0
27,270317,2,2,0,0,0,2,2,23,0,21,11,2012,4,16,41,1,2,3,SR-23,,1275,44.97011389,-95.33548056,0,12,2,0,1,1,0,1,1,1,0,1,0,0000000,16,36,16,46,88,88,0,0,0,1,0
27,270318,1,1,0,0,0,2,2,27,0,23,11,2012,6,17,23,0,3,3,SR-32,,78,46.76555833,-96.26013056,0,52,0,0,1,1,0,4,2,10,0,10,0,0000000,17,24,17,46,99,99,0,0,0,1,0
27,270319,2,2,0,0,0,3,3,3,28,27,11,2012,3,14,58,0,14,4,CR-116 BUNKER LAKE BLVD,38TH AAVE,59,45.22165556,-93.36661111,0,12,6,0,2,3,0,1,1,1,0,1,0,0000000,14,58,15,0,99,99,0,0,0,1,0
27,270320,1,1,0,0,0,1,1,51,0,27,11,2012,3,17,16,0,4,4,CR-4,,5,46.05612222,-95.95677778,0,34,0,0,1,1,0,5,2,1,0,1,0,0000000,17,23,17,33,17,59,0,0,0,1,1
27,270321,1,1,0,1,1,1,1,145,6250,2,12,2012,1,1,55,0,16,6,5TH ST S,,13,45.56109444,-94.15804722,0,8,0,0,1,1,0,1,3,10,0,10,0,0000000,99,99,99,99,99,99,0,0,0,1,0
27,270322,1,1,0,2,2,1,1,111,5610,6,12,2012,5,14,0,0,4,4,CR-80 MAIN ST,,20,46.59483056,-95.57390556,0,8,0,0,1,1,0,1,1,10,0,10,0,0000000,99,99,99,99,99,99,0,0,0,1,0
27,270323,3,3,0,0,0,6,6,41,0,6,11,2012,3,10,47,0,4,4,CR-3,CR-5,215,46.019975,-95.22976944,0,12,6,0,2,2,0,1,1,10,0,10,0,0000000,10,47,11,4,11,38,0,0,0,1,0
27,270324,1,1,0,0,0,1,1,169,0,13,11,2012,3,8,50,0,5,4,CR-25,,270,44.10615833,-91.82588611,0,35,0,0,1,1,0,5,1,1,0,1,0,0000000,8,53,9,5,9,38,0,0,0,1,0
27,270325,2,2,0,0,0,5,5,37,202,2,12,2012,1,17,53,1,13,3,SR-77 CEDAR AVE,CR-38 MCANDREWS RD,16,44.75985278,-93.21785,0,20,0,1,18,1,0,3,3,10,5,5,0,0000000,17,53,99,99,99,99,0,0,0,1,0
27,270327,2,2,0,0,0,2,2,135,6040,4,12,2012,3,14,4,0,6,7,FRONTAGE RD,,0,48.84826667,-95.78021111,0,12,6,0,8,1,0,1,1,1,0,1,0,0000000,14,5,14,8,14,16,0,0,0,1,0
27,270328,2,2,0,0,0,2,2,53,4810,4,12,2012,3,21,28,0,14,4,CR-3 EXCELSIOR BLVD,WOODLAND RD,11,44.90376944,-93.48309722,0,12,6,0,2,2,0,1,3,1,0,1,0,0000000,21,28,21,31,99,99,0,0,0,1,0
27,270330,2,2,0,0,0,3,3,171,0,7,12,2012,6,17,49,1,2,2,US-12,,1370,45.06485556,-93.81707778,0,12,8,0,1,1,0,1,2,4,10,4,0,0000000,17,50,99,99,99,99,0,0,0,1,0
27,270331,1,1,0,0,0,1,1,61,0,7,12,2012,6,22,40,0,5,4,CR-8,,82,47.46124444,-93.32290278,0,19,0,0,1,1,0,4,2,1,0,1,0,0000000,23,1,23,14,88,88,0,0,0,1,1
27,270332,1,1,0,1,1,1,1,115,0,16,12,2012,1,20,22,1,2,3,SR-23,,2726,45.97139722,-92.98114722,0,8,0,0,1,1,0,1,2,10,0,10,0,0000000,20,23,20,33,20,40,0,0,0,1,0
27,270333,3,2,1,1,1,1,1,123,7096,19,12,2012,4,22,56,1,1,1,I-35E,,1150,45.04634167,-93.06056944,0,8,0,0,1,1,0,2,3,4,10,4,0,0000000,22,59,23,10,0,30,19,0,0,1,0
27,270334,3,3,0,0,0,6,6,49,0,9,12,2012,1,12,27,1,2,2,US-61,,853,44.54434444,-92.43256944,0,12,6,0,1,1,0,1,1,4,0,4,0,0000000,12,24,12,32,13,5,14,0,0,1,0
27,270335,2,2,0,0,0,2,2,43,0,10,12,2012,2,12,45,0,3,3,SR-109,,261,43.72205833,-93.676675,0,12,2,0,1,1,0,1,1,10,0,10,0,0000000,99,99,99,99,99,99,0,0,0,1,0
27,270336,2,2,0,0,0,2,2,103,0,10,12,2012,2,16,0,1,2,2,US-169,,577,44.22839444,-94.02727222,0,12,6,0,1,1,0,1,1,1,0,1,0,0000000,99,99,99,99,99,99,0,0,0,1,0
27,270338,1,1,0,0,0,2,2,37,3490,11,12,2012,3,16,22,0,14,6,CAHILL AVE E,,17,44.82866389,-93.04096111,0,30,0,0,1,1,0,4,1,2,0,2,0,0000000,16,22,99,99,99,99,0,0,0,2,0
27,270339,1,1,0,1,1,1,1,123,6330,21,12,2012,6,14,50,0,14,3,SR-51 SNELLING AVE,HIGHLAND PKWY,14,44.91977222,-93.16701111,0,8,0,0,3,2,0,1,1,1,0,1,0,0000000,99,99,99,99,99,99,0,0,0,1,0
27,270340,2,2,0,0,0,2,2,105,0,14,12,2012,6,7,41,0,4,4,CR-25,,72,43.67710278,-95.67708889,0,12,2,0,1,1,0,1,1,1,0,1,0,0000000,7,45,7,52,99,99,0,0,0,2,0
27,270341,2,2,0,0,0,7,7,53,4760,14,12,2012,6,14,25,0,14,4,CR-153 LOWRY AVE N,2ND ST N,18,45.01311389,-93.28067778,0,12,6,0,2,2,0,1,1,10,0,10,0,0000000,14,20,14,30,99,99,0,0,0,2,0
27,270342,1,1,0,1,1,1,1,25,0,27,12,2012,5,20,18,0,6,4,CR-39 FAIRVIEW AVE,,5,45.69177222,-92.98128333,0,8,0,0,1,1,0,1,2,4,0,4,0,0000000,20,18,20,24,88,88,0,0,0,1,1
27,270343,1,1,0,0,0,1,1,1,0,11,10,2012,5,17,36,0,6,5,365TH LN,,15,46.54148611,-93.13847222,0,1,0,0,1,1,0,1,8,10,0,10,0,0000000,17,36,17,99,99,99,0,0,0,1,0
27,270344,1,1,0,0,0,1,1,1,0,19,10,2012,6,18,37,0,6,5,297TH ST,,6,46.442925,-93.68653611,0,1,0,0,1,1,0,1,8,10,0,10,0,0000000,18,51,18,57,88,88,19,0,0,1,1
27,270345,1,1,0,0,0,1,1,143,0,15,12,2012,7,7,46,0,4,4,CR-10 256TH ST,,222,44.57871111,-94.290125,0,35,0,0,1,1,0,4,4,2,0,2,0,0000000,7,48,7,59,88,88,0,0,0,1,1
27,270346,2,2,0,0,0,2,2,37,0,19,12,2012,4,13,16,1,2,2,US-52,,1103,44.66687778,-93.01017222,0,12,6,0,1,1,0,2,1,10,0,10,0,0000000,13,15,13,27,14,37,0,0,0,1,1
27,270347,1,1,0,0,0,1,1,141,0,21,12,2012,6,4,44,0,6,4,CR-37 323RD AVE NW,CR-37 108TH ST NW,7,45.5555,-93.54223333,0,42,0,0,1,1,0,5,2,1,0,1,0,0000000,88,88,88,88,88,88,0,0,0,1,1
27,270348,1,1,0,0,0,2,2,27,0,21,12,2012,6,12,8,0,4,4,CR-11 70TH ST N,,219,46.94159444,-96.65274722,0,35,0,0,1,1,0,4,1,1,0,1,0,0000000,12,8,12,22,99,99,0,0,0,1,0
27,270349,2,2,0,0,0,3,3,23,0,25,12,2012,3,10,55,1,2,2,US-MN7,,668,45.00347778,-95.79456389,0,12,2,0,1,1,0,1,1,1,0,1,0,0000000,10,55,99,99,99,99,0,0,0,1,0
27,270350,1,1,0,0,0,1,1,101,0,27,12,2012,5,7,5,0,5,4,CR-7 91ST ST,,50,43.97831111,-95.68257778,0,35,0,0,1,1,0,5,2,1,0,1,0,0000000,99,98,99,98,88,88,0,0,0,1,1
27,270351,3,3,0,0,0,3,3,141,0,27,12,2012,5,9,51,0,4,4,CR-15,,27,45.35371944,-93.6776,0,12,8,0,1,1,0,1,1,10,0,10,0,0000000,9,53,10,8,11,28,0,0,0,1,0
27,270352,2,2,0,0,0,3,3,67,0,27,12,2012,5,11,17,1,2,2,US-71,SR-9,1385,45.32918889,-95.00923611,0,12,6,0,2,2,0,1,1,10,0,10,0,0000000,99,99,99,99,99,99,0,0,0,2,0