STATE,ST_CASE,VE_TOTAL,VE_FORMS,PVH_INVL,PEDS,PERNOTMVIT,PERMVIT,PERSONS,COUNTY,CITY,DAY,MONTH,YEAR,DAY_WEEK,HOUR,MINUTE,NHS,ROAD_FNC,ROUTE,TWAY_ID,TWAY_ID2,MILEPT,LATITUDE,LONGITUD,SP_JUR,HARM_EV,MAN_COLL,RELJCT1,RELJCT2,TYP_INT,WRK_ZONE,REL_ROAD,LGT_COND,WEATHER1,WEATHER2,WEATHER,SCH_BUS,RAIL,NOT_HOUR,NOT_MIN,ARR_HOUR,ARR_MIN,HOSP_HR,HOSP_MN,CF1,CF2,CF3,FATALS,DRUNK_DR
27,270353,2,2,0,0,0,3,3,35,5240,29,12,2012,7,11,8,0,4,4,CR-77,,124,46.49750278,-94.31349444,0,12,6,0,1,1,0,1,1,1,0,1,0,0000000,11,11,11,21,99,99,0,0,0,1,0
27,270354,2,2,0,0,0,4,4,99,0,29,12,2012,7,22,53,1,2,2,US-63,,235,43.78020833,-92.48686667,0,12,2,0,1,1,0,1,2,1,0,1,0,0000000,23,7,23,25,99,99,0,0,0,2,1
27,270355,2,2,0,0,0,3,3,61,0,31,12,2012,2,16,55,0,4,3,SR-6,,1010,47.50336944,-93.82775278,0,12,6,0,8,1,0,1,5,1,0,1,0,0000000,16,59,17,30,99,99,0,0,0,2,0
27,270356,1,1,0,0,0,1,1,145,0,31,12,2012,2,20,13,0,6,5,MARTINETTE LAKE RD,,18,45.76589167,-94.82871389,0,48,0,0,1,1,0,4,8,1,0,1,0,0000000,20,20,20,38,20,53,0,0,0,1,1
27,270357,2,2,0,0,0,4,4,9,6440,17,12,2012,2,15,24,0,14,4,CR-1 MAYHEW LAKE RD,OSAUKS RD NE,24,45.60693056,-94.13308889,0,12,6,0,2,2,0,1,1,10,0,10,0,0000000,15,25,15,35,16,0,0,0,0,2,0
27,270358,1,1,0,0,0,1,1,115,0,29,10,2012,2,22,27,0,4,4,CR-30 DUXBURY RD,,14,46.12842778,-92.77464444,0,1,0,0,1,1,0,4,2,1,0,1,0,0000000,22,27,22,44,88,88,0,0,0,1,0
27,270359,1,1,0,0,0,1,1,7,5827,2,3,2012,6,23,0,9,9,9,RIVER RD,,99998,77.77770000,777.77770000,3,99,99,8,98,8,0,98,8,98,99,98,8,9999999,99,99,99,99,99,99,99,99,99,1,0
27,270360,1,1,0,0,0,1,1,7,5827,27,6,2012,4,21,15,0,3,3,SR-89,,99998,77.77770000,777.77770000,3,1,0,8,98,8,0,98,8,98,99,98,8,9999999,99,99,99,99,99,99,99,99,99,1,0
27,270361,1,1,0,1,1,1,1,7,5825,19,8,2012,1,3,15,0,3,3,SR-1,,99998,77.77770000,777.77770000,3,8,0,8,98,8,0,98,8,98,99,98,8,9999999,99,98,99,98,88,88,99,99,99,1,1
27,270362,1,1,0,0,0,2,2,7,5825,23,10,2012,3,22,40,0,3,3,SR-1,,99998,77.77770000,777.77770000,3,99,99,8,98,8,0,98,8,98,99,98,8,9999999,99,98,99,98,99,98,99,99,99,1,1
28,280001,1,1,0,0,0,1,1,107,0,1,1,2012,1,0,45,0,4,3,SR-315,,99998,34.31221667,-89.79027778,0,42,0,0,1,1,0,6,2,1,0,1,0,0000000,88,88,88,88,88,88,0,0,0,1,1
28,280002,1,1,0,0,0,3,3,93,0,1,1,2012,1,2,20,0,4,4,CR-TASKA RD,,99998,34.91465833,-89.54731667,0,42,0,0,1,1,0,6,3,1,10,10,0,0000000,2,23,2,50,3,11,0,0,0,1,1
28,280003,3,3,0,0,0,3,3,149,2690,2,1,2012,2,10,49,0,16,6,HALLS FERRY RD,N FRONTAGE RD,0,32.32190278,-90.87690556,0,12,6,0,2,2,0,1,1,1,0,1,0,0000000,10,51,11,20,11,57,0,0,0,1,1
28,280004,1,1,0,0,0,1,1,131,0,2,1,2012,2,10,59,0,4,4,CR-OIL WELL RD,,0,30.90575278,-89.06779444,0,32,0,0,1,1,0,6,1,1,0,1,0,0000000,88,88,88,88,88,88,0,0,0,1,0
28,280005,1,1,0,0,0,4,4,11,0,2,1,2012,2,12,57,1,2,2,US-61,,99998,33.881,-90.74280833,0,34,0,0,1,1,0,6,1,1,0,1,0,0000000,13,2,13,33,14,10,0,0,0,3,0
28,280006,1,1,0,0,0,1,1,81,2610,4,1,2012,4,6,3,0,16,6,MCCULLOUGH ST,,0,34.27524167,-88.71958056,0,33,0,0,1,1,0,5,3,1,0,1,0,0000000,6,5,6,13,6,30,0,0,0,1,0
28,280007,1,1,0,0,0,1,1,47,0,4,1,2012,4,17,50,0,4,4,CR-WOLF RIVER RD,CABLE BRIDGE RD,0,30.48550833,-89.26813889,0,30,0,0,2,3,0,5,5,1,0,1,0,0000000,18,2,18,20,18,55,0,0,0,1,0
28,280008,2,2,0,0,0,3,3,59,0,4,1,2012,4,18,38,0,5,4,CR-JIM RAMSEY RD,OLD FORT BAYOU RD,0,30.54559444,-88.74905833,0,12,1,0,2,3,0,1,2,1,0,1,0,0000000,18,44,18,52,19,1,0,0,0,1,0
28,280009,1,1,0,0,0,1,1,67,0,4,1,2012,4,20,1,0,4,4,CR-INDIAN SPRINGS CHURCH RD,,0,31.69254167,-89.20808333,0,42,0,0,1,1,0,6,2,1,0,1,0,0000000,20,18,20,38,21,20,0,0,0,1,1
28,280010,2,2,0,0,0,2,2,115,0,5,1,2012,5,18,21,0,3,3,SR-9,,99998,34.24034722,-89.02988056,0,12,6,0,1,1,0,6,2,1,0,1,0,0000000,18,48,19,0,19,21,0,0,0,1,0
28,280011,1,1,0,0,0,2,2,61,0,6,1,2012,6,19,34,0,4,3,SR-503,,99998,32.1195,-89.05763611,0,43,0,0,1,1,0,6,2,1,0,1,0,0000000,19,43,20,0,20,26,0,0,0,1,1
28,280012,1,1,0,0,0,4,4,137,2290,6,1,2012,6,20,51,0,16,6,WILSON DR,,0,34.6243,-89.988,0,34,0,0,1,1,0,6,2,1,0,1,0,0000000,20,59,21,21,21,59,0,0,0,1,0
28,280013,1,1,0,0,0,14,14,35,0,7,1,2012,7,16,40,1,11,1,I-59,,99998,31.4166,-89.31816944,0,42,0,0,1,1,0,3,5,1,0,1,0,0000000,17,14,18,0,18,30,0,0,0,2,0
28,280014,1,1,0,0,0,2,2,49,1220,8,1,2012,1,4,24,1,11,1,I-20,,99999,32.29483611,-90.26988056,0,42,0,0,1,1,0,3,2,2,0,2,0,0000000,4,28,4,40,4,59,0,0,0,1,1
28,280015,1,1,0,0,0,1,1,91,0,9,1,2012,2,4,44,1,2,2,US-98,,99998,31.26045833,-89.746775,0,24,0,0,1,1,0,3,2,5,0,5,0,0000000,88,88,88,88,88,88,0,0,0,1,0
28,280016,1,1,0,0,0,1,1,107,0,9,1,2012,2,7,18,1,1,1,I-55,,99998,34.39537222,-89.90549167,0,42,0,0,1,1,0,6,2,2,0,2,0,0000000,88,88,88,88,88,88,0,0,0,1,0
28,280017,1,1,0,0,0,1,1,163,0,12,1,2012,5,9,6,0,4,4,CR-FLETCHERS CHAPEL RD,,0,32.78595556,-90.33313333,0,38,0,0,1,1,0,6,1,1,10,10,0,0000000,88,88,88,88,88,88,0,0,0,1,0
28,280018,1,1,0,0,0,1,1,29,0,13,1,2012,6,5,13,0,4,3,SR-28,,99998,31.87416667,-90.35018889,0,42,0,0,1,1,0,6,2,1,0,1,0,0000000,5,51,6,12,7,0,0,0,0,1,0
28,280019,2,2,0,0,0,2,2,123,880,13,1,2012,6,7,51,0,16,3,SR-35,I-20,99998,32.33643056,-89.48405833,0,12,6,0,2,2,0,1,1,1,0,1,0,0000000,88,88,88,88,88,88,0,0,0,1,0
28,280020,1,1,0,0,0,3,3,49,1220,13,1,2012,6,12,31,0,16,6,VALLEY ST,US-80,0,32.28725556,-90.21504444,0,1,0,0,2,2,0,6,1,1,0,1,0,0000000,13,0,13,22,13,40,0,0,0,1,0
28,280021,2,2,0,0,0,3,3,115,0,13,1,2012,6,13,57,0,4,3,SR-9,WALDO RD,99998,34.21417778,-89.13110833,0,12,6,0,2,2,0,1,1,1,0,1,0,0000000,14,1,14,22,15,0,0,0,0,1,0
28,280022,3,3,0,0,0,5,5,41,0,13,1,2012,6,16,7,0,4,3,SR-42,,99998,31.34776944,-88.77800833,0,12,2,0,1,1,0,1,1,1,0,1,0,0000000,16,15,16,36,17,11,0,0,0,3,0
28,280023,2,2,0,0,0,4,4,151,990,14,1,2012,7,0,26,0,16,6,BEAUCHAMP,ALEXANDER,0,33.40656389,-91.01967222,0,12,6,0,2,2,0,1,3,1,0,1,0,0000000,0,46,1,11,1,40,0,0,0,1,0
28,280024,1,1,0,1,1,1,1,47,1020,14,1,2012,7,20,20,0,16,6,PASS RD,,0,30.38716667,-89.06644444,0,8,0,0,1,1,0,1,2,1,0,1,0,0000000,88,88,88,88,88,88,0,0,0,1,1
28,280025,2,2,0,0,0,3,3,29,0,16,1,2012,2,13,57,0,14,3,SR-27,LEE AVE,99998,31.99543056,-90.32103333,0,12,6,0,2,2,0,1,1,1,0,1,0,0000000,14,1,14,22,14,49,0,0,0,1,0
28,280026,1,1,0,0,0,5,5,41,0,18,1,2012,4,8,40,0,4,4,CR-BRUSHY CREEK RD,,0,31.03673611,-88.45403611,0,35,0,0,1,1,0,6,1,1,0,1,0,0000000,9,0,9,14,9,46,0,0,0,4,0
28,280027,1,1,0,0,0,1,1,161,0,18,1,2012,4,20,52,0,3,3,SR-330,,99998,33.98493333,-89.85348333,0,42,0,0,1,1,0,6,2,1,0,1,0,0000000,88,88,88,88,88,88,0,0,0,1,0
28,280028,2,2,0,0,0,5,5,153,0,19,1,2012,5,13,54,0,4,4,CR-RESERVOIR RD,,0,31.6569,-88.74970556,0,12,2,0,1,1,0,6,1,1,0,1,0,0000000,14,11,14,39,15,11,0,0,0,1,1
28,280029,1,1,0,1,1,2,2,47,1020,22,1,2012,1,20,53,0,16,6,34TH ST,,0,30.39109444,-89.08195,0,8,0,0,1,1,0,1,1,1,0,1,0,0000000,88,88,88,88,88,88,0,0,0,1,0
28,280030,3,3,0,0,0,5,5,47,1020,23,1,2012,2,18,0,1,12,2,US-49,,99998,30.41846944,-89.09282222,0,12,6,0,1,1,0,1,3,1,10,10,0,0000000,18,4,18,22,19,20,0,0,0,1,1
28,280031,1,1,0,1,1,1,1,59,1900,25,1,2012,4,17,49,0,16,6,CHICOT ST,,0,30.37516111,-88.52517778,0,8,0,0,1,1,0,1,3,10,0,10,0,0000000,17,56,18,4,18,20,0,0,0,1,0
28,280032,2,2,0,0,0,3,3,75,0,27,1,2012,6,6,32,1,1,1,I-59,,99998,32.39736667,-88.57461944,0,12,2,0,1,1,0,6,4,5,0,5,0,0000000,7,12,7,30,7,50,0,0,0,1,0
28,280033,1,1,0,1,1,1,1,149,0,27,1,2012,6,7,0,1,1,1,I-20,,99998,32.35321389,-90.76650278,0,8,0,0,1,1,0,1,4,1,0,1,0,0000000,7,12,7,30,7,50,0,0,0,1,0
28,280034,2,2,0,0,0,2,2,17,0,28,1,2012,7,16,22,0,4,4,CR-254,,0,33.87808889,-89.01036944,0,12,2,0,1,1,0,1,1,1,0,1,0,0000000,88,88,88,88,88,88,0,0,0,2,1
28,280035,2,2,0,0,0,2,2,3,0,31,1,2012,3,16,25,1,12,2,US-45,CR-512,99998,34.85791111,-88.55895556,0,12,6,1,2,3,0,1,1,1,0,1,0,0000000,16,36,17,0,17,40,0,0,0,1,0
28,280036,1,1,0,1,1,1,1,47,680,1,2,2012,4,5,14,1,1,1,I-10,,99998,30.44855833,-88.91135556,0,8,0,0,1,1,0,2,2,2,10,2,0,0000000,88,88,88,88,88,88,0,0,0,1,1
28,280037,1,1,0,0,0,1,1,59,0,1,2,2012,4,21,7,1,2,3,SR-57,,99998,30.55906111,-88.70654722,0,42,0,0,1,1,0,6,2,2,0,2,0,0000000,21,26,21,39,22,8,0,0,0,1,0
28,280038,2,2,0,0,0,3,3,115,0,3,2,2012,6,13,35,0,3,2,US-278,SR-338,99998,34.28388611,-89.10479167,0,12,6,0,2,2,0,1,1,2,0,2,0,0000000,13,49,14,12,14,42,0,0,0,1,0
28,280039,1,1,0,0,0,1,1,39,0,4,2,2012,7,1,30,0,4,4,CR-AGRICOLA LATONIA RD,,0,30.85790278,-88.47440556,0,42,0,0,1,1,0,6,2,1,0,1,0,0000000,88,88,88,88,88,88,0,0,0,1,1
28,280040,3,3,0,0,0,8,8,121,0,5,2,2012,1,10,45,0,16,6,LAKELAND DR.,GRANTS FERRY RD,99998,32.35800833,-90.01279167,0,12,6,0,2,2,0,1,1,1,0,1,0,0000000,11,0,11,26,11,46,20,0,0,1,0
28,280041,1,1,0,1,1,1,1,151,990,5,2,2012,1,21,58,1,2,2,US-82,CALIFORNIA ST.,99998,33.39974444,-91.02488611,0,8,0,0,2,3,0,1,2,1,0,1,0,0000000,88,88,88,88,88,88,0,0,0,1,1
28,280042,1,1,0,0,0,1,1,13,0,8,2,2012,4,11,40,0,4,4,CR-308,,0,33.84893611,-89.4281,0,42,0,0,1,1,0,6,1,1,0,1,0,0000000,88,88,88,88,88,88,0,0,0,1,0
28,280044,1,1,0,0,0,1,1,59,0,8,2,2012,4,23,11,0,4,4,CR-OLD FT BAYOU RD,,0,30.50544167,-88.74885833,0,34,0,0,1,1,0,6,2,1,0,1,0,0000000,88,88,88,88,88,88,0,0,0,1,1
28,280045,1,1,0,0,0,1,1,47,1020,9,2,2012,5,8,41,0,16,6,WASHINGTON AVE,,0,30.40175556,-89.05293889,0,24,0,0,1,1,0,6,1,1,0,1,0,0000000,88,88,88,88,88,88,0,0,0,1,1
28,280046,1,1,0,0,0,1,1,69,0,10,2,2012,6,6,26,0,4,3,SR-39,,99998,32.81007222,-88.67303056,0,42,0,0,1,1,0,6,1,1,0,1,0,0000000,88,88,88,88,88,88,0,0,0,1,0
28,280047,2,2,0,0,0,2,2,3,560,6,2,2012,2,14,28,0,14,2,US-72,NEW HOPE RD,99998,34.92525278,-88.52334167,0,12,6,0,2,3,0,1,1,1,0,1,0,0000000,14,29,15,0,15,22,0,0,0,1,1
28,280048,1,1,0,0,0,1,1,15,0,11,2,2012,7,19,47,1,2,2,US-82,,99998,33.48728056,-89.81017778,0,42,0,0,1,1,0,3,2,1,0,1,0,0000000,88,88,88,88,88,88,0,0,0,1,1
28,280049,1,1,0,0,0,1,1,121,0,12,2,2012,1,12,3,0,4,4,CR-47,,0,32.447,-89.93299722,0,42,0,0,1,1,0,6,1,1,0,1,0,0000000,88,88,88,88,88,88,0,0,0,1,0
28,280050,2,2,0,0,0,4,4,87,0,13,2,2012,2,15,15,1,12,2,US-45,US-82,99998,33.48276944,-88.49008889,0,12,6,1,2,3,0,1,1,2,0,2,0,0000000,15,25,15,42,16,16,0,0,0,1,0
28,280051,1,1,0,0,0,1,1,117,0,14,2,2012,3,3,51,1,2,2,US-45,,99998,34.63211944,-88.60312222,0,11,0,0,1,1,0,6,2,2,0,2,0,0000000,88,88,88,88,88,88,0,0,0,1,0
28,280052,1,1,0,0,0,2,2,85,0,15,2,2012,4,19,17,0,4,4,CR-WELLMAN DR,,0,31.47553056,-90.35417222,0,32,0,0,1,1,0,6,2,2,0,2,0,0000000,88,88,88,88,88,88,0,0,0,2,0
28,280053,1,1,0,0,0,1,1,47,0,17,2,2012,6,18,25,0,4,4,CR-W WORTHAM RD,,0,30.60875833,-89.22295556,0,1,0,0,1,1,0,6,2,1,0,1,0,0000000,88,88,88,88,88,88,0,0,0,1,0
28,280054,2,2,0,0,0,3,3,63,0,19,2,2012,1,13,14,1,2,2,US-61,SUNNYSIDE RD,99998,31.68635278,-91.10157222,0,12,6,0,2,3,0,1,1,1,0,1,0,0000000,13,40,13,52,14,11,0,0,0,1,0
28,280055,1,1,0,1,1,1,1,47,0,20,2,2012,2,18,37,0,4,4,CR-ORANGE GROVE RD,,0,30.45302778,-89.11442222,0,9,0,0,1,1,0,1,2,1,0,1,0,0000000,88,88,88,88,88,88,0,0,0,1,0
28,280056,1,1,0,0,0,1,1,85,0,21,2,2012,3,3,50,0,4,4,CR-E.LINCOLN RD.,,0,31.55585,-90.38590278,0,30,0,0,1,1,0,6,2,1,10,10,0,0000000,88,88,88,88,88,88,0,0,0,1,0
28,280057,1,1,0,0,0,6,6,21,0,21,2,2012,3,16,2,0,13,3,SR-18,,99998,31.96296389,-90.92368333,0,1,0,0,1,1,0,6,1,1,0,1,0,0000000,16,12,16,39,17,0,0,0,0,1,0
28,280058,1,1,0,0,0,1,1,97,0,23,2,2012,5,19,25,0,4,4,CR-MILLIGAN SPRINGS RD,,0,33.46475,-89.49471389,0,32,0,0,1,1,0,4,2,1,0,1,0,0000000,88,88,88,88,88,88,0,0,0,1,0
28,280059,2,2,0,0,0,4,4,75,0,23,2,2012,5,21,34,0,4,4,CR-LAUDERDALE TOOMSUBA,,0,32.453825,-88.52581944,0,12,6,0,1,1,0,1,2,1,0,1,0,0000000,21,50,22,16,22,42,0,0,0,3,0
28,280060,1,1,0,0,0,2,2,89,2130,23,1,2012,2,20,38,1,1,1,I-220,,99998,32.39955556,-90.17753611,0,18,0,0,1,1,0,5,3,1,0,1,0,0000000,20,44,21,0,21,38,0,0,0,1,0
28,280061,1,1,0,0,0,2,2,151,990,26,2,2012,1,2,0,0,16,6,BROADWAY ST,,0,33.40144722,-91.065675,0,42,0,0,1,1,0,6,3,1,0,1,0,0000000,2,35,3,0,3,36,0,0,0,1,1
28,280062,1,1,0,0,0,1,1,15,0,26,2,2012,1,2,14,1,1,1,I-55,,99998,33.40880556,-89.76814167,0,35,0,0,1,1,0,3,2,1,0,1,0,0000000,88,88,88,88,88,88,0,0,0,1,1
28,280063,1,1,0,0,0,5,5,35,1050,26,2,2012,1,5,29,1,12,2,US-49,,99998,31.36002222,-89.34996111,0,42,0,0,1,1,0,3,2,1,0,1,0,0000000,5,34,6,0,6,22,0,0,0,4,0
28,280064,2,2,0,0,0,2,2,137,0,27,2,2012,2,14,42,0,4,2,US-51,,99998,34.56523333,-89.96851111,0,12,2,0,1,1,0,6,1,1,0,1,0,0000000,14,46,14,59,15,11,0,0,0,1,0
28,280065,1,1,0,0,0,2,2,31,0,28,2,2012,3,22,19,1,2,2,US-84,,99998,31.67150278,-89.49256111,0,21,0,0,1,1,0,3,2,1,0,1,0,0000000,22,29,23,0,23,18,0,0,0,1,1
28,280066,2,2,0,0,0,2,2,49,1220,29,2,2012,4,23,14,0,16,6,FRONT,,99998,32.26476389,-90.20934444,0,12,2,0,1,1,0,1,2,1,0,1,0,0000000,23,16,23,22,23,39,0,0,0,1,1
28,280067,1,1,0,0,0,2,2,121,0,1,3,2012,5,15,54,0,4,4,CR-ANTIOCH SHILOH RD,,0,32.21642778,-89.81042778,0,34,0,0,1,1,0,6,1,1,0,1,0,0000000,16,0,16,22,16,39,0,0,0,1,0
28,280068,1,1,0,1,1,2,2,131,2820,1,3,2012,5,18,52,0,16,6,S. MAGNOLIA DR,,0,30.85845556,-89.13091667,0,8,0,0,1,1,0,1,2,1,0,1,0,0000000,88,88,88,88,88,88,0,0,0,1,0
28,280069,1,1,0,0,0,1,1,57,0,2,3,2012,6,14,8,0,3,3,SR-371,,99998,34.39716667,-88.46104167,0,24,0,0,1,1,0,6,1,1,0,1,0,0000000,88,88,88,88,88,88,0,0,0,1,0
28,280070,1,1,0,1,1,1,1,59,932,7,3,2012,4,21,37,1,12,1,I-90,,99998,30.393025,-88.65873056,0,8,0,0,1,1,0,1,2,1,0,1,0,0000000,21,41,22,0,22,19,0,0,0,1,0
28,280071,1,1,0,0,0,1,1,73,0,8,3,2012,5,16,31,0,4,4,CR-PURVIS-COLUMBIA RD,,0,31.14704444,-89.50560833,0,30,0,0,1,1,0,6,1,1,0,1,0,0000000,16,35,17,0,17,11,0,0,0,1,0
28,280072,1,1,0,0,0,1,1,119,0,10,3,2012,7,4,2,0,4,2,US-278,,99998,34.25221111,-90.36093056,0,32,0,0,1,1,0,6,2,1,0,1,0,0000000,88,88,88,88,88,88,0,0,0,1,1
28,280073,2,2,0,0,0,4,4,95,0,10,3,2012,7,13,12,0,4,4,CR-DARRACOTT RD,CR-ROBIN DR,0,33.80030556,-88.54045,0,12,6,0,2,3,0,1,1,1,0,1,0,0000000,13,23,13,52,99,99,0,0,0,1,1
28,280074,1,1,0,0,0,1,1,75,0,10,3,2012,7,15,51,0,3,3,SR-496,,99998,32.35639167,-88.58540556,0,1,0,0,1,1,0,6,1,1,0,1,0,0000000,88,88,88,88,88,88,0,0,0,1,1
28,280075,1,1,0,0,0,1,1,35,1050,11,3,2012,1,4,5,1,2,2,US-49,,99998,31.32751111,-89.32906111,0,34,0,0,1,1,0,3,2,1,0,1,0,0000000,4,9,4,13,4,31,0,0,0,1,1
28,280076,1,1,0,1,1,1,1,45,130,15,3,2012,5,7,33,0,15,3,SR-603,,99998,30.31264167,-89.39059722,0,9,0,0,1,1,0,1,1,1,10,10,0,0000000,88,88,88,88,88,88,0,0,0,1,0
28,280077,1,1,0,1,1,1,1,57,0,15,3,2012,5,8,42,0,4,3,SR-371,,99998,34.39201111,-88.46118333,0,8,0,0,1,1,0,1,1,1,0,1,0,0000000,88,88,88,88,88,88,0,0,0,1,0
28,280078,2,2,0,0,0,2,2,59,0,16,3,2012,6,15,50,0,4,3,SR-609,CR-COOK RD,99998,30.45762222,-88.84336944,0,12,6,0,2,2,0,1,1,1,0,1,0,0000000,15,57,16,12,17,0,0,0,0,1,0
28,280079,1,1,0,0,0,1,1,79,0,16,3,2012,6,18,9,1,2,3,SR-25,SR-16,99998,32.70309722,-89.62915556,0,43,0,0,2,2,0,3,1,1,0,1,0,0000000,88,88,88,88,88,88,0,0,0,1,0
28,280080,1,1,0,0,0,1,1,113,0,16,3,2012,6,19,9,0,4,4,CR-PLEASANT GROVE RD,,0,31.16961111,-90.37876944,0,42,0,0,1,1,0,6,2,1,0,1,0,0000000,19,20,19,46,20,30,0,0,0,1,0
28,280081,1,1,0,0,0,1,1,13,0,16,3,2012,6,22,26,0,4,4,CR-446,,0,33.90715,-89.155925,0,1,0,0,1,1,0,6,2,1,0,1,0,0000000,88,88,88,88,88,88,0,0,0,1,1
28,280082,1,1,0,0,0,2,2,109,1950,19,3,2012,2,11,37,0,16,6,JACKSON LANDING,,0,30.51558889,-89.69513889,0,31,0,0,1,1,0,5,1,1,0,1,0,0000000,11,41,11,58,12,18,0,0,0,1,0
28,280083,1,1,0,0,0,2,2,45,0,20,3,2012,3,17,5,0,4,4,CR-DUMMYLINE RD,,0,30.51414167,-89.47702778,0,34,0,0,1,1,0,6,1,1,0,1,0,0000000,17,8,17,22,17,50,0,0,0,1,0
28,280084,2,2,0,0,0,3,3,3,0,20,3,2012,3,19,39,0,3,2,US-45,,99998,34.88414722,-88.55237778,0,12,2,0,1,1,0,1,2,1,0,1,0,0000000,19,47,20,0,20,16,0,0,0,2,1
28,280085,1,1,0,0,0,1,1,127,0,20,3,2012,3,22,13,0,4,3,SR-43,,99998,31.92091389,-89.914675,0,42,0,0,1,1,0,6,2,1,0,1,0,0000000,88,88,88,88,88,88,0,0,0,1,0
28,280086,1,1,0,0,0,1,1,31,0,21,3,2012,4,17,40,0,3,3,SR-588,,99998,31.62973889,-89.46906389,0,38,0,0,1,1,0,6,1,2,0,2,0,0000000,88,88,88,88,88,88,0,0,0,1,0
28,280087,1,1,0,0,0,1,1,147,0,22,3,2012,5,18,0,1,2,2,US-98,DAVID JEFFERSON RD,99998,31.17533056,-90.25626944,0,35,0,0,2,2,0,3,1,1,0,1,0,0000000,88,88,88,88,88,88,0,0,0,1,0
28,280088,2,2,0,0,0,4,4,35,0,23,3,2012,6,14,26,0,13,2,US-11,MERRILL FULLER RD,99998,31.28899444,-89.32236667,0,12,6,0,2,3,0,1,1,1,0,1,0,0000000,14,38,15,0,15,39,0,0,0,1,0
28,280089,1,1,0,1,1,1,1,105,2430,27,3,2012,3,19,57,0,16,6,N MONTGOMERY ST,,0,33.43236944,-88.81023056,0,15,0,0,1,1,0,1,3,1,0,1,0,0000000,20,14,20,42,99,99,0,0,0,1,0
28,280090,1,1,0,0,0,1,1,49,1220,27,3,2012,3,23,28,0,16,6,TERRY RD.,I-20,0,32.279125,-90.21286389,0,52,0,1,2,2,0,5,3,1,0,1,0,0000000,88,88,88,88,88,88,0,0,0,1,1
28,280091,1,1,0,0,0,1,1,81,0,28,3,2012,4,18,24,0,4,4,CR--341,,0,34.23036944,-88.60808889,0,34,0,0,1,1,0,6,1,1,0,1,0,0000000,18,32,19,0,19,18,0,0,0,1,1
28,280092,1,1,0,2,2,1,1,49,1220,30,3,2012,6,14,54,0,13,7,I-55 FRONTAGE RD,EXECUTIVE PLAZA,0,32.37254444,-90.14892778,0,8,0,1,2,3,0,1,1,1,0,1,0,0000000,14,55,16,16,16,42,0,0,0,2,0
28,280093,1,1,0,0,0,1,1,49,1220,30,3,2012,6,23,40,0,16,6,OLD CANTON RD,,0,32.37739722,-90.12258611,0,21,0,0,1,1,0,5,3,1,0,1,0,0000000,88,88,88,88,88,88,0,0,0,1,1
28,280094,1,1,0,0,0,1,1,79,0,31,3,2012,7,21,45,0,4,3,SR-488,,99998,32.70344444,-89.50998889,0,34,0,0,1,1,0,6,2,1,0,1,0,0000000,88,88,88,88,88,88,0,0,0,1,0
28,280095,1,1,0,0,0,1,1,99,0,1,4,2012,1,3,30,0,14,3,SR-488,,99998,32.73922778,-89.26963889,0,42,0,0,1,1,0,6,2,1,0,1,0,0000000,88,88,88,88,88,88,0,0,0,1,1
28,280096,1,1,0,0,0,1,1,85,0,1,4,2012,1,17,21,0,4,4,CR-FRANCIS TRL,,0,31.35798611,-90.61808056,0,1,0,0,1,1,0,6,2,1,0,1,0,0000000,88,88,88,88,88,88,0,0,0,1,0
28,280097,1,1,0,0,0,1,1,109,0,2,4,2012,2,18,29,0,14,2,US-11,,99998,30.67714444,-89.63099167,0,42,0,0,1,1,0,6,5,2,0,2,0,0000000,88,88,88,88,88,88,0,0,0,1,0
28,280098,1,1,0,0,0,1,1,73,0,2,4,2012,2,19,55,0,14,2,US-11,,99998,31.04060833,-89.43824444,0,42,0,0,1,1,0,6,2,2,10,2,0,0000000,20,7,20,13,20,30,0,0,0,1,0
28,280099,3,3,0,0,0,4,4,59,1680,4,4,2012,4,4,43,0,13,3,SR-63,SARACENNIA,99998,30.45551111,-88.532825,0,12,6,0,2,2,0,1,3,2,0,2,0,0000000,4,47,5,0,5,38,0,0,0,1,0
28,280100,1,1,0,0,0,1,1,47,0,5,4,2012,5,14,44,0,4,4,CR-PETE HICKMAN RD,,0,30.62323333,-89.15481667,0,18,0,0,1,1,0,5,1,1,0,1,0,0000000,14,50,15,22,15,43,0,0,0,1,1
28,280101,1,1,0,0,0,1,1,107,0,5,4,2012,5,22,49,0,4,4,CR-EUREKA RD,,0,34.2721,-89.91128611,0,42,0,0,1,1,0,6,2,1,0,1,0,0000000,88,88,88,88,88,88,0,0,0,1,1
28,280102,2,2,0,0,0,3,3,67,1310,6,4,2012,6,21,25,0,16,6,16TH AVE,,0,31.68691667,-89.14665,0,12,6,0,4,1,0,1,3,1,0,1,0,0000000,88,88,88,88,88,88,0,0,0,1,0
28,280103,1,1,0,0,0,1,1,55,0,8,4,2012,1,9,14,0,4,3,SR-14,,99998,32.92171944,-91.01338611,0,34,0,0,1,1,0,6,1,1,0,1,0,0000000,88,88,88,88,88,88,0,0,0,1,1
28,280104,2,2,0,0,0,3,3,85,0,9,4,2012,2,15,40,1,1,1,I-55,,99998,31.55408889,-90.47956667,0,12,1,0,1,1,4,1,1,1,0,1,0,0000000,15,51,16,11,16,46,0,0,0,1,0
28,280105,1,1,0,0,0,1,1,89,0,11,4,2012,4,9,24,0,13,2,US-51,,99998,32.62932222,-90.03073056,0,42,0,0,1,1,0,6,1,1,0,1,0,0000000,88,88,88,88,88,88,0,0,0,1,0