STATE,ST_CASE,VE_TOTAL,VE_FORMS,PVH_INVL,PEDS,PERNOTMVIT,PERMVIT,PERSONS,COUNTY,CITY,DAY,MONTH,YEAR,DAY_WEEK,HOUR,MINUTE,NHS,ROAD_FNC,ROUTE,TWAY_ID,TWAY_ID2,MILEPT,LATITUDE,LONGITUD,SP_JUR,HARM_EV,MAN_COLL,RELJCT1,RELJCT2,TYP_INT,WRK_ZONE,REL_ROAD,LGT_COND,WEATHER1,WEATHER2,WEATHER,SCH_BUS,RAIL,NOT_HOUR,NOT_MIN,ARR_HOUR,ARR_MIN,HOSP_HR,HOSP_MN,CF1,CF2,CF3,FATALS,DRUNK_DR
28,280106,1,1,0,0,0,2,2,51,1360,12,4,2012,5,23,31,0,16,6,NORTH CARROLLTON,,0,33.12500833,-90.05115556,0,33,0,0,1,1,0,6,3,1,0,1,0,0000000,11,32,11,42,12,11,0,0,0,1,0
28,280107,2,2,0,0,0,2,2,113,0,12,4,2012,5,17,17,0,6,4,CR-OSYKA-PROGRESS RD,PUMPING STATION RD,0,31.04126389,-90.34440833,0,12,6,0,2,2,0,1,1,1,0,1,0,0000000,88,88,88,88,88,88,0,0,0,1,0
28,280108,1,1,0,0,0,1,1,29,0,13,4,2012,6,11,55,0,3,3,SR-28,,99998,31.86811111,-90.217275,0,30,0,0,1,1,0,6,1,1,0,1,0,0000000,88,88,88,88,88,88,0,0,0,1,1
28,280109,4,4,0,0,0,8,8,145,1740,14,4,2012,7,11,9,1,12,2,US-78,,99998,34.48332222,-89.01896389,0,12,8,0,1,1,1,1,1,1,0,1,0,0000000,11,11,11,36,11,52,0,0,0,1,0
28,280110,2,2,0,0,0,5,5,47,0,14,4,2012,7,19,21,0,15,3,SR-53,MARK WEST RD,99998,30.503325,-89.13705,0,12,6,0,2,2,0,1,1,1,0,1,0,0000000,88,88,88,88,88,88,0,0,0,1,1
28,280111,2,2,0,0,0,7,7,51,0,15,4,2012,1,16,14,0,4,2,US-51,,99998,33.00990278,-89.89489167,0,12,2,0,1,1,0,1,1,1,0,1,0,0000000,16,22,16,39,16,52,0,0,0,1,0
28,280112,1,1,0,0,0,1,1,127,0,16,4,2012,2,10,45,0,4,4,CR-JAMES BERRY RD,,0,31.81343333,-89.84355278,0,34,0,0,1,1,0,6,1,2,0,2,0,0000000,88,88,88,88,88,88,0,0,0,1,0
28,280113,3,3,0,0,0,3,3,93,0,16,4,2012,2,15,38,0,13,3,SR-309,,99998,34.66950833,-89.54464722,0,12,6,0,1,1,0,1,1,1,0,1,0,0000000,16,4,16,22,17,0,0,0,0,1,0
28,280114,1,1,0,0,0,1,1,29,0,16,4,2012,2,16,41,0,14,3,SR-28,,99998,31.88899167,-90.28960833,0,42,0,0,1,1,0,6,1,1,0,1,0,0000000,88,88,88,88,88,88,0,0,0,1,1
28,280115,1,1,0,1,1,1,1,11,480,17,4,2012,3,3,5,1,13,2,US-61,,99998,33.76643889,-90.71596389,0,8,0,0,1,1,0,1,3,2,0,2,0,0000000,88,88,88,88,88,88,0,0,0,1,1
28,280116,1,1,0,0,0,1,1,7,0,17,4,2012,3,14,21,0,4,3,SR-14,,99998,33.034225,-89.61265556,0,1,0,0,1,1,0,6,1,2,10,2,0,0000000,88,88,88,88,88,88,0,0,0,1,0
28,280117,1,1,0,0,0,1,1,75,1590,17,4,2012,3,14,42,0,13,3,SR-19,,99998,32.37355278,-88.63509722,0,35,0,0,1,1,0,6,1,2,0,2,0,0000000,88,88,88,88,88,88,0,0,0,1,0
28,280118,2,2,0,0,0,3,3,75,0,17,4,2012,3,20,21,0,14,2,US-80,KEWANEE RD,99998,32.34896111,-88.700275,0,12,6,0,2,2,0,1,2,2,0,2,0,0000000,88,88,88,88,88,88,0,0,0,2,0
28,280119,1,1,0,0,0,1,1,139,0,5,1,2012,5,14,47,0,4,4,CR-301,,0,34.92206944,-88.96413889,0,1,0,0,1,1,0,6,1,1,0,1,0,0000000,15,0,15,99,99,99,0,0,0,1,0
28,280120,1,1,0,0,0,2,2,13,0,17,2,2012,6,14,13,0,14,3,SR-9,,99998,34.12846944,-89.28671944,0,42,0,0,1,1,0,6,1,1,0,1,0,0000000,14,48,15,4,16,0,0,0,0,1,0
28,280121,2,2,0,0,0,2,2,33,1145,2,3,2012,6,6,41,0,13,2,US-51,,99998,34.9471,-90.01657778,0,12,6,0,4,1,0,1,1,1,0,1,0,0000000,6,48,7,0,7,42,0,0,0,1,0
28,280122,2,2,0,0,0,2,2,35,1050,18,4,2012,4,5,55,1,12,2,US-49,,99998,31.37894722,-89.36631111,0,12,1,0,1,1,0,1,2,1,0,1,0,0000000,6,5,6,19,6,36,0,0,0,1,0
28,280123,2,2,0,0,0,2,2,89,400,19,4,2012,5,7,19,0,16,6,W PEACE ST,I-55,0,32.60608333,-90.06921667,0,12,6,0,2,2,0,1,1,1,0,1,0,0000000,88,88,88,88,88,88,0,0,0,1,0
28,280124,1,1,0,0,0,5,5,9,0,20,4,2012,6,18,31,1,2,2,US-72,,99998,34.94642778,-89.25835833,0,42,0,0,1,1,0,5,1,2,10,2,0,0000000,18,48,19,19,19,55,0,0,0,1,0
28,280125,1,1,0,0,0,1,1,31,0,22,4,2012,1,7,44,0,4,4,CR-JAYNESVILLE RD,CHAIN WARREN,0,31.7621,-89.70224444,0,42,0,0,2,3,0,6,2,1,0,1,0,0000000,88,88,88,88,88,88,0,0,0,1,0
28,280126,1,1,0,1,1,2,2,11,0,23,4,2012,2,5,30,0,3,3,SR-8,,99998,33.74674167,-90.6872,0,8,0,0,1,1,0,1,2,1,0,1,0,0000000,88,88,88,88,88,88,0,0,0,1,0
28,280127,1,1,0,0,0,1,1,21,0,23,4,2012,2,20,5,0,4,3,SR-547,,99998,31.90410833,-90.99564722,0,1,0,0,1,1,0,6,2,1,0,1,0,0000000,88,88,88,88,88,88,0,0,0,1,0
28,280128,1,1,0,0,0,1,1,113,0,24,4,2012,3,17,40,0,4,4,CR-CHARLIE RHODUS RD,,0,31.06954722,-90.39114167,0,1,0,0,1,1,0,6,1,1,0,1,0,0000000,17,47,18,0,18,40,0,0,0,1,0
28,280129,1,1,0,0,0,1,1,29,0,27,4,2012,6,8,53,0,4,4,CR-GALLATIIN RD,,0,31.85068333,-90.446025,0,35,0,0,1,1,0,6,1,1,0,1,0,0000000,88,88,88,88,88,88,0,0,0,1,0
28,280130,2,2,0,0,0,2,2,35,0,28,4,2012,7,13,57,0,13,3,SR-42,,99998,31.35922778,-89.28194722,0,12,2,0,1,1,0,1,1,1,0,1,0,0000000,14,14,14,36,14,52,0,0,0,1,0
28,280131,1,1,0,0,0,4,4,39,0,28,4,2012,7,16,39,1,12,2,US-98,,99998,30.95480556,-88.61089167,0,1,0,0,1,1,0,6,1,1,0,1,0,0000000,16,46,17,18,18,0,0,0,0,2,1
28,280132,1,1,0,1,1,1,1,53,0,2,5,2012,4,4,13,1,2,2,US-49,,99998,33.25966667,-90.58669167,0,8,0,0,1,1,0,1,2,1,0,1,0,0000000,88,88,88,88,88,88,0,0,0,1,0
28,280133,2,2,0,0,0,3,3,149,0,3,5,2012,5,17,17,1,13,2,US-61,TIBBS LANE,99998,32.39085556,-90.82698056,0,12,6,0,2,3,0,1,1,1,0,1,0,0000000,17,20,17,49,18,36,0,0,0,2,0
28,280134,1,1,0,0,0,1,1,95,0,4,5,2012,6,19,41,1,2,2,US-45A,,99998,33.93863056,-88.73295278,0,1,0,0,1,1,0,6,2,1,0,1,0,0000000,88,88,88,88,88,88,0,0,0,1,0
28,280135,2,2,0,0,0,4,4,109,0,5,5,2012,7,11,7,0,3,3,SR-43,,99998,30.62841389,-89.77131389,0,12,2,0,1,1,0,1,1,1,0,1,0,0000000,11,36,11,49,12,36,0,0,0,1,0
28,280136,1,1,0,0,0,1,1,17,0,5,5,2012,7,13,59,0,4,4,CR-55,,0,33.88623333,-89.08699722,0,32,0,0,1,1,0,6,1,1,0,1,0,0000000,88,88,88,88,88,88,0,0,0,1,1
28,280137,2,2,0,0,0,3,3,151,0,5,5,2012,7,13,37,1,2,2,US-61,,99998,33.15736389,-90.85002222,0,12,2,0,1,1,0,1,1,1,0,1,0,0000000,88,88,88,88,88,88,0,0,0,3,0
28,280138,2,2,0,0,0,4,4,27,0,6,5,2012,1,11,41,1,2,2,US-49,,99998,34.17431944,-90.53815278,0,12,2,0,1,1,0,1,1,1,0,1,0,0000000,12,12,12,36,13,10,0,0,0,2,0
28,280139,1,1,0,0,0,1,1,59,0,6,5,2012,1,17,7,1,12,3,SR-57,,99998,30.63082778,-88.74014167,0,30,0,0,1,1,0,6,1,1,0,1,0,0000000,88,88,88,88,88,88,0,0,0,1,0
28,280140,1,1,0,0,0,1,1,107,0,7,5,2012,2,13,48,0,14,3,SR-35,,99998,34.31072778,-89.87635278,0,42,0,0,1,1,0,6,1,2,0,2,0,0000000,13,57,14,22,14,55,0,0,0,1,1
28,280141,1,1,0,0,0,2,2,33,0,7,5,2012,2,17,48,0,4,4,CR-REDBANKS RD,,0,34.82242778,-89.768125,0,42,0,0,1,1,0,6,1,1,0,1,0,0000000,18,1,18,22,18,35,0,0,0,2,0
28,280142,1,1,0,0,0,1,1,67,0,7,5,2012,2,20,45,0,4,4,CR-EASTSIDE DR,,0,31.46234722,-89.05823056,0,35,0,0,1,1,0,6,2,1,0,1,0,0000000,88,88,88,88,88,88,0,0,0,1,0
28,280143,3,3,0,0,0,5,5,49,1220,7,5,2012,2,8,46,0,16,6,STATE ST,BRIARWOOD DR.,0,32.3803,-90.16116389,0,12,6,0,2,3,0,1,1,1,0,1,0,0000000,9,0,9,39,10,30,0,0,0,1,0
28,280144,2,2,0,0,0,2,2,151,0,8,5,2012,3,9,14,1,2,2,US-82,TRIBBETTE RD.,99998,33.40388611,-90.87355833,0,12,6,1,2,2,0,1,1,1,10,10,0,0000000,9,32,9,51,10,30,0,0,0,1,0
28,280145,1,1,0,0,0,1,1,47,0,8,5,2012,3,22,27,0,4,4,CR-MENNONITE RD,,0,30.51111667,-89.18397778,0,42,0,0,1,1,0,6,2,1,0,1,0,0000000,22,36,23,0,23,55,0,0,0,1,0
28,280146,1,1,0,0,0,7,7,105,0,9,5,2012,4,0,15,0,4,4,CR-OKTOC RD,CR-SKINNER,0,33.301325,-88.75760833,0,42,0,0,2,3,0,5,2,2,10,2,0,0000000,0,34,0,52,1,36,0,0,0,1,1
28,280147,1,1,0,0,0,2,2,77,0,11,5,2012,6,0,34,0,4,4,CR-CARMEL NEW HOPE,,0,31.52943056,-90.14900556,0,42,0,0,1,1,0,6,2,1,0,1,0,0000000,0,36,1,0,1,42,0,0,0,1,0
28,280148,2,2,0,0,0,7,7,137,0,11,5,2012,6,12,41,0,14,3,SR-4,CR-YELLOW DOG,99998,34.612375,-89.91575833,0,12,6,0,2,2,0,1,1,1,0,1,0,0000000,13,6,13,40,14,22,0,0,0,1,0
28,280149,2,2,0,0,0,2,2,1,1720,12,5,2012,7,12,37,0,16,6,CANAL ST,JOHN R. JUNKIN,0,31.52933611,-91.38927222,0,12,1,0,5,1,0,1,1,2,0,2,0,0000000,88,88,88,88,88,88,0,0,0,1,0
28,280150,1,1,0,0,0,3,3,109,0,12,5,2012,7,14,11,1,12,1,I-59,,99998,30.461675,-89.69589444,0,35,0,0,1,1,0,6,1,1,0,1,0,0000000,14,17,14,39,15,5,0,0,0,1,0
28,280151,1,1,0,0,0,1,1,133,0,12,5,2012,7,15,20,1,2,2,US-49W,,99998,33.58610556,-90.52391944,0,1,0,0,1,1,0,6,1,1,0,1,0,0000000,88,88,88,88,88,88,0,0,0,1,1
28,280152,1,1,0,0,0,1,1,85,0,13,5,2012,1,2,27,0,4,4,CR-HEUCKS RETREAT RD,,0,31.61685278,-90.37534444,0,35,0,0,1,1,0,6,2,2,10,2,0,0000000,88,88,88,88,88,88,0,0,0,1,1
28,280153,1,1,0,0,0,1,1,91,0,13,5,2012,1,8,24,0,4,4,CR-LAMPTON HILLTOP RD,,0,31.25651389,-89.71165278,0,35,0,0,1,1,0,6,1,2,10,2,0,0000000,8,34,8,50,9,31,0,0,0,1,0
28,280154,1,1,0,0,0,3,3,59,1810,13,5,2012,1,21,12,0,16,6,CCC CAMP RD,,0,30.42103333,-88.74793611,0,34,0,0,1,1,0,6,2,1,0,1,0,0000000,21,42,22,13,99,99,0,0,0,1,0
28,280155,1,1,0,0,0,1,1,55,0,15,5,2012,3,20,2,0,14,3,SR-1,,99998,32.80458611,-91.10013056,0,42,0,0,1,1,0,6,2,1,0,1,0,0000000,88,88,88,88,88,88,0,0,0,1,0
28,280156,2,2,0,0,0,2,2,125,0,17,5,2012,5,10,44,0,4,3,SR-16,,99998,32.90594722,-90.86374722,0,12,2,0,1,1,0,1,1,1,0,1,0,0000000,88,88,88,88,88,88,0,0,0,1,0
28,280157,1,1,0,0,0,1,1,47,0,17,5,2012,5,22,42,0,4,4,CR-MENGE AVE,,0,30.40150833,-89.24856667,0,21,0,0,1,1,0,6,2,1,0,1,0,0000000,22,48,23,12,23,40,0,0,0,1,0
28,280158,1,1,0,0,0,2,2,131,0,19,5,2012,7,1,32,0,4,4,CR-WIRE RD,,0,30.72859444,-88.92793611,0,1,0,0,1,1,0,6,2,1,0,1,0,0000000,0,0,0,0,0,0,0,0,0,1,1
28,280159,2,2,0,0,0,2,2,49,1220,19,5,2012,7,6,43,0,12,7,FRONTAGE RD,,0,32.27375556,-90.20796667,0,12,2,0,1,1,0,1,1,1,0,1,0,0000000,6,50,7,11,7,36,0,0,0,1,0
28,280160,1,1,0,0,0,1,1,123,0,19,5,2012,7,23,57,0,4,3,SR-35,,99998,32.33225556,-89.47001111,0,42,0,0,1,1,0,6,2,1,0,1,0,0000000,88,88,88,88,88,88,0,0,0,1,0
28,280161,1,1,0,0,0,1,1,35,1050,19,5,2012,7,16,44,0,16,6,VETERANS MEMORIAL,,0,31.29771111,-89.32414444,0,1,0,0,1,1,0,6,1,1,0,1,0,0000000,88,88,88,88,88,88,0,0,0,1,0
28,280162,1,1,0,0,0,1,1,111,0,19,5,2012,7,18,3,0,4,3,SR-15,,99998,31.32219167,-88.93345833,0,1,0,0,1,1,0,6,1,1,0,1,0,0000000,88,88,88,88,88,88,0,0,0,1,0
28,280163,2,2,0,0,0,5,5,91,0,19,5,2012,7,19,18,0,3,4,CR-OLD HWY 35,AIRPORT RD,0,31.09644444,-89.81839722,0,12,6,0,2,3,0,1,1,1,0,1,0,0000000,19,22,20,0,20,36,0,0,0,3,0
28,280164,1,1,0,1,1,1,1,67,1310,19,5,2012,7,23,44,1,12,1,I-59,EXIT 93,99998,31.66433333,-89.15905,0,8,0,1,3,1,0,1,3,1,0,1,0,0000000,88,88,88,88,88,88,0,0,0,1,0
28,280165,1,1,0,0,0,1,1,49,1220,23,5,2012,4,10,11,0,16,6,VALLEY ST,ST. CHARLES,0,32.31230278,-90.21665,0,42,0,0,1,1,0,6,1,1,0,1,0,0000000,88,88,88,88,88,88,0,0,0,1,0
28,280166,2,2,0,0,0,2,2,39,0,23,5,2012,4,16,23,1,2,3,SR-63,ROCKY CREEK RD,99998,30.97048611,-88.53908333,0,12,6,0,2,2,0,1,1,1,0,1,0,0000000,88,88,88,88,88,88,0,0,0,1,0
28,280167,2,2,0,0,0,2,2,159,0,24,5,2012,5,14,21,0,3,3,SR-15,,99998,32.94673611,-89.09631111,0,12,2,0,1,1,0,1,1,1,0,1,0,0000000,14,33,15,0,15,36,0,0,0,1,0
28,280168,2,2,0,0,0,3,3,117,280,24,5,2012,5,15,21,0,16,6,JACINTO RD,,0,34.65552222,-88.54855833,0,12,6,0,1,1,0,1,1,1,0,1,0,0000000,88,88,88,88,88,88,0,0,0,1,1
28,280169,2,2,0,0,0,2,2,131,0,25,5,2012,6,1,16,1,12,2,US-49,,99998,30.75812222,-89.13540556,0,12,1,0,1,1,0,1,2,1,0,1,0,0000000,1,21,1,36,1,49,0,0,0,1,0
28,280170,2,2,0,0,0,3,3,95,0,25,5,2012,6,16,45,0,4,4,CR-EGYPT RD,BOOKER T RD,0,33.8847,-88.66723333,0,12,6,0,2,3,0,1,1,1,0,1,0,0000000,17,0,99,99,99,99,0,0,0,1,0
28,280171,1,1,0,0,0,1,1,81,0,26,5,2012,7,10,10,0,4,4,CR-783,,0,34.41802778,-88.68776389,0,42,0,0,1,1,0,6,1,1,0,1,0,0000000,88,88,88,88,88,88,0,0,0,1,0
28,280172,1,1,0,0,0,1,1,35,0,28,5,2012,2,18,6,0,4,4,CR-J B HORNE RD,CR CHURCHWELL RD,0,31.12791389,-89.26061944,0,42,0,0,3,3,0,5,1,1,0,1,0,0000000,88,88,88,88,88,88,0,0,0,1,0
28,280173,1,1,0,0,0,3,3,15,0,29,5,2012,3,7,3,1,1,1,I-55,,99998,33.40176667,-89.7687,0,34,0,0,1,1,0,6,1,1,0,1,0,0000000,7,9,7,22,7,50,0,0,0,1,0
28,280174,1,1,0,0,0,3,3,81,0,29,5,2012,3,20,9,0,4,4,CR-183,CR-1740,0,34.32893333,-88.79026667,0,34,0,0,2,3,0,5,5,1,0,1,0,0000000,20,17,20,42,21,36,0,0,0,2,1
28,280175,1,1,0,0,0,1,1,121,0,30,5,2012,4,12,23,0,4,4,CR-BETHEL RD,,0,32.21217222,-89.99951111,0,32,0,0,1,1,0,6,1,1,0,1,0,0000000,88,88,88,88,88,88,0,0,0,1,1
28,280176,6,6,0,0,0,9,9,117,0,19,5,2012,7,14,50,0,4,3,SR-30,CR-5031,99998,34.68324167,-88.59204722,0,12,6,1,2,2,0,1,1,1,0,1,0,0000000,15,16,15,39,16,0,0,0,0,2,0
28,280177,1,1,0,0,0,1,1,125,0,30,5,2012,4,0,6,0,4,3,SR-14,CO-826,99998,32.90595,-90.89521944,0,34,0,1,2,3,0,5,2,1,0,1,0,0000000,0,53,1,39,2,30,0,0,0,1,0
28,280178,2,2,0,0,0,3,3,101,0,30,5,2012,4,12,18,0,4,3,SR-39,CR-CHURCK SAUNDERS RD,99998,32.56372222,-88.92429167,0,12,8,0,2,3,0,1,1,1,0,1,0,0000000,12,57,13,20,14,0,0,0,0,1,0
28,280179,1,1,0,1,1,1,1,109,0,1,6,2012,6,16,23,0,3,4,CR-MEADOW LANE,,0,30.53710278,-89.59510278,0,8,0,0,1,1,0,1,1,1,0,1,0,0000000,16,27,16,38,17,0,0,0,0,1,0
28,280180,2,2,0,0,0,3,3,47,0,2,6,2012,7,16,9,0,3,3,SR-15,LAMEY BRIDGE RD,99998,30.49433611,-88.90606944,0,12,6,1,2,2,0,1,1,1,0,1,0,0000000,16,17,16,42,99,99,0,0,0,1,0
28,280181,2,2,0,0,0,3,3,151,0,2,6,2012,7,22,32,1,2,2,US-82,,99998,33.38175278,-91.06904444,0,12,6,0,1,1,0,1,3,1,0,1,0,0000000,22,47,23,13,0,3,0,0,0,1,0
28,280182,1,1,0,0,0,1,1,49,0,3,6,2012,1,7,41,1,1,1,I-55,,99998,32.36213889,-90.49371111,0,34,0,0,1,1,0,6,1,1,0,1,0,0000000,88,88,88,88,88,88,0,0,0,1,0
28,280183,1,1,0,2,2,1,1,49,1220,25,5,2012,6,8,53,0,16,2,US-80,,99998,32.28968611,-90.224075,0,8,0,0,1,1,0,1,1,1,0,1,0,0000000,9,2,9,18,9,38,0,0,0,1,0
28,280184,2,2,0,0,0,2,2,35,1050,4,6,2012,2,14,40,1,12,2,US-49,,99998,31.29737222,-89.30712222,0,12,1,0,1,1,0,1,1,1,0,1,0,0000000,15,0,15,15,15,36,0,0,0,1,0
28,280185,1,1,0,1,1,1,1,163,2870,27,1,2012,6,18,0,0,16,6,LAMAR AVE,,0,32.85724444,-90.40918056,0,8,0,0,1,1,0,1,1,1,10,10,0,0000000,18,18,18,42,19,35,0,0,0,1,0
28,280186,1,1,0,0,0,1,1,163,2870,28,1,2012,7,9,58,0,16,6,CLUBVIEW,US-49,0,32.87741944,-90.39226944,0,10,0,0,6,1,0,1,1,1,0,1,0,9999999,88,88,88,88,88,88,0,0,0,1,0
28,280187,2,2,0,0,0,3,3,149,2690,4,6,2012,2,15,21,0,16,6,N. WASHINGTON ST.,,0,32.35169722,-90.88179722,0,12,6,0,1,1,0,1,1,1,0,1,0,0000000,88,88,88,88,88,88,0,0,0,1,0
28,280188,2,2,0,0,0,2,2,121,0,4,6,2012,2,15,34,0,13,3,SR-43,CR-CARTER STORE RD,99998,32.49852222,-89.92088889,0,12,6,0,2,2,0,1,1,1,0,1,0,0000000,88,88,88,88,88,88,0,0,0,1,0
28,280189,1,1,0,0,0,4,4,149,0,9,6,2012,7,0,3,1,2,2,US-61,,99998,32.47988333,-90.80559444,0,35,0,0,1,1,0,6,2,1,0,1,0,0000000,0,6,0,32,1,19,0,0,0,1,0
28,280190,1,1,0,0,0,3,3,45,130,9,6,2012,7,2,35,1,12,1,I-10,,99998,30.35849167,-89.42329722,0,24,0,0,1,1,0,6,3,2,10,2,0,0000000,2,46,3,11,3,51,0,0,0,1,1
28,280191,1,1,0,0,0,4,4,107,0,9,6,2012,7,15,46,0,4,2,US-51,,99998,34.53883333,-89.96039722,0,42,0,0,1,1,0,6,1,1,0,1,0,0000000,15,51,16,36,17,19,0,0,0,1,1
28,280192,1,1,0,0,0,2,2,61,0,10,6,2012,1,0,4,0,4,4,CR-22,,0,32.03373056,-89.19111944,0,35,0,0,1,1,0,6,2,1,10,10,0,0000000,0,24,1,0,1,46,0,0,0,1,1
28,280193,1,1,0,0,0,1,1,109,0,10,6,2012,1,0,35,0,4,4,CR-MCSWEEN RD.,,0,30.5735,-89.77528056,0,34,0,0,1,1,0,6,2,1,10,10,0,0000000,88,88,88,88,88,88,0,0,0,1,0
28,280194,2,2,0,0,0,3,3,67,0,10,6,2012,1,15,14,0,14,3,SR-15,,99998,31.79013056,-89.19529167,0,12,2,0,1,1,0,1,1,1,0,1,0,0000000,15,57,16,33,17,0,0,0,0,1,0
28,280195,1,1,0,1,1,1,1,113,1470,10,6,2012,1,18,15,0,16,6,WARREN ST.,,0,31.25814722,-90.45256389,0,8,0,0,1,1,0,1,1,1,10,10,0,0000000,18,18,18,22,18,32,0,0,0,1,0
28,280196,1,1,0,0,0,4,4,117,0,11,6,2012,2,16,6,0,4,4,CR- 5111,,0,34.53019722,-88.52255,0,1,0,0,1,1,0,6,1,1,0,1,0,0000000,16,18,17,0,17,8,0,0,0,1,0
28,280197,1,1,0,0,0,1,1,141,1210,12,6,2012,3,1,15,0,16,6,PIKE ST,,0,34.80053611,-88.17859167,0,53,0,0,1,1,0,6,2,2,10,2,0,0000000,88,88,88,88,88,88,0,0,0,1,1
28,280198,2,2,0,0,0,2,2,151,0,14,6,2012,5,3,30,1,2,2,US-82,,99998,33.40701111,-90.86138611,0,12,2,0,1,1,0,1,2,1,0,1,0,0000000,88,88,88,88,88,88,0,0,0,1,0
28,280199,1,1,0,0,0,1,1,63,0,15,6,2012,6,12,33,0,4,3,SR-28,,99998,31.692125,-90.87125278,0,1,0,0,1,1,0,6,1,1,0,1,0,0000000,12,59,13,15,14,10,0,0,0,1,0
28,280200,1,1,0,1,1,2,2,33,0,15,6,2012,6,22,2,1,2,2,US-61,,99998,34.73257778,-90.36266389,0,8,0,0,1,1,0,1,2,1,0,1,0,0000000,88,88,88,88,88,88,0,0,0,1,0
28,280201,1,1,0,0,0,3,3,149,0,16,6,2012,7,1,4,0,14,3,SR-27,,99998,32.32910556,-90.81835556,0,42,0,0,1,1,0,6,2,1,0,1,0,0000000,88,88,88,88,88,88,0,0,0,3,0
28,280202,2,2,0,0,0,5,5,39,0,16,6,2012,7,13,44,1,12,3,SR-63,,99998,30.96234444,-88.62396667,0,12,1,0,1,1,0,1,1,1,0,1,0,0000000,13,56,14,22,14,50,0,0,0,3,1
28,280203,2,2,0,0,0,3,3,127,0,16,6,2012,7,15,24,1,2,2,US-49,SAM RD,99998,32.03105,-89.96485833,0,12,6,0,2,2,0,1,1,1,0,1,0,0000000,15,29,16,0,16,22,0,0,0,1,0
28,280204,1,1,0,0,0,1,1,67,0,17,6,2012,1,7,50,0,4,4,CR-TUCKERS CROSSING RD,,0,31.62616111,-89.09543056,0,42,0,0,1,1,0,6,1,1,0,1,0,0000000,88,88,88,88,88,88,0,0,0,1,0
28,280205,1,1,0,0,0,1,1,45,0,17,6,2012,1,19,43,1,1,1,I-10,,99998,30.35529444,-89.43225278,0,42,0,0,1,1,0,6,5,1,0,1,0,0000000,88,88,88,88,88,88,0,0,0,1,0
28,280206,1,1,0,0,0,4,4,15,0,18,6,2012,2,9,58,1,1,1,I-55,,99998,33.39191111,-89.76966389,0,1,0,0,1,1,0,6,1,1,0,1,0,0000000,10,6,10,36,10,51,0,0,0,2,0
28,280207,1,1,0,0,0,1,1,139,0,31,3,2012,7,9,0,0,4,4,CR-301,,0,34.90447778,-88.96425278,0,42,0,0,1,1,0,6,1,1,0,1,0,0000000,88,88,88,88,88,88,0,0,0,1,0
28,280208,1,1,0,0,0,1,1,85,320,12,4,2012,5,13,8,0,14,2,US-84,,99998,31.55231667,-90.37676667,0,1,0,0,1,1,0,6,1,1,0,1,0,0000000,88,88,88,88,88,88,0,0,0,1,0
28,280209,2,2,0,0,0,3,3,85,320,25,4,2012,4,16,20,0,14,2,US-84,,99998,31.53949722,-90.48445,0,12,6,0,4,1,0,1,1,1,0,1,0,0000000,16,24,17,0,17,46,0,0,0,1,0
28,280210,1,1,0,0,0,3,3,49,0,8,5,2012,3,16,7,1,1,1,I-55,,99998,32.17544444,-90.26222778,0,57,0,0,1,1,0,3,1,1,0,1,0,0000000,16,21,17,17,17,38,0,0,0,1,0
28,280211,2,2,0,0,0,5,5,47,0,20,6,2012,4,12,23,0,4,4,CR-CABLE BRIDGE RD,,0,30.49738333,-89.25765278,0,12,2,0,1,1,0,1,1,1,0,1,0,0000000,12,31,13,2,13,42,0,0,0,1,0
28,280212,2,2,0,0,0,4,4,121,300,21,6,2012,5,18,46,1,1,1,I-20,,99998,32.27835556,-90.00392222,0,12,2,0,1,1,0,1,1,1,0,1,0,0000000,18,48,19,0,19,52,0,0,0,3,0
28,280213,2,2,0,0,0,2,2,49,0,22,6,2012,6,7,58,0,13,3,SR-467,N CHAPEL HILL RD,99998,32.28593056,-90.48549444,0,12,6,0,2,2,0,1,1,1,0,1,0,0000000,88,88,88,88,88,88,0,0,0,1,0
28,280214,2,2,0,0,0,4,4,67,0,22,6,2012,6,9,52,0,3,3,SR-15,,99998,31.75298333,-89.15446667,0,12,2,0,1,1,0,1,1,1,0,1,0,0000000,88,88,88,88,88,88,0,0,0,3,0
28,280215,1,1,0,1,1,1,1,93,0,22,6,2012,6,14,57,0,4,2,US-72,SR-JONATHAN DR.,99998,34.99305833,-89.61545278,0,8,0,0,1,1,0,2,1,1,0,1,0,0000000,88,88,88,88,88,88,0,0,0,1,0
28,280216,2,2,0,0,0,6,6,87,540,23,6,2012,7,10,2,0,16,2,US-45,,99998,33.51095833,-88.42941389,0,12,6,0,1,1,0,1,1,1,0,1,0,0000000,10,9,10,36,11,0,0,0,0,2,0
28,280217,1,1,0,0,0,1,1,71,0,28,6,2012,5,15,34,0,4,4,CR- 429,,0,34.31292222,-89.414,0,1,0,0,1,1,0,6,1,1,0,1,0,0000000,88,88,88,88,88,88,0,0,0,1,0
28,280218,1,1,0,0,0,2,2,121,0,28,6,2012,5,22,24,0,13,3,SR-43,,99998,32.36780833,-89.80188611,0,42,0,0,1,1,0,6,2,1,0,1,0,0000000,22,30,23,0,23,36,0,0,0,1,0
28,280219,1,1,0,0,0,1,1,25,0,29,6,2012,6,21,47,0,4,4,CR-WAVERLY RD,,0,33.57554722,-88.53967778,0,34,0,0,1,1,0,6,2,1,0,1,0,0000000,22,12,22,36,22,50,0,0,0,1,0