STATE,ST_CASE,VE_TOTAL,VE_FORMS,PVH_INVL,PEDS,PERNOTMVIT,PERMVIT,PERSONS,COUNTY,CITY,DAY,MONTH,YEAR,DAY_WEEK,HOUR,MINUTE,NHS,ROAD_FNC,ROUTE,TWAY_ID,TWAY_ID2,MILEPT,LATITUDE,LONGITUD,SP_JUR,HARM_EV,MAN_COLL,RELJCT1,RELJCT2,TYP_INT,WRK_ZONE,REL_ROAD,LGT_COND,WEATHER1,WEATHER2,WEATHER,SCH_BUS,RAIL,NOT_HOUR,NOT_MIN,ARR_HOUR,ARR_MIN,HOSP_HR,HOSP_MN,CF1,CF2,CF3,FATALS,DRUNK_DR
28,280220,1,1,0,0,0,1,1,127,0,30,6,2012,7,6,22,1,2,2,US-49,,99998,31.81084167,-89.69586667,0,1,0,0,1,1,0,6,4,1,0,1,0,0000000,88,88,88,88,88,88,0,0,0,1,0
28,280221,1,1,0,1,1,2,2,145,0,30,6,2012,7,21,31,0,4,4,CR-86,,0,34.42563889,-89.05199167,0,15,0,0,1,1,0,1,2,1,0,1,0,0000000,21,36,22,0,22,39,0,0,0,1,0
28,280222,1,1,0,1,1,1,1,37,0,26,6,2012,3,13,48,1,2,2,US-84,,99998,31.4747,-90.96752778,0,8,0,0,1,1,1,1,1,1,0,1,0,0000000,14,18,14,32,15,30,0,0,0,1,0
28,280223,1,1,0,0,0,2,2,143,0,14,4,2012,7,12,39,0,4,4,CR-B. R. SMITH RD.,,0,34.79092222,-90.31280556,0,34,0,0,1,1,0,6,1,1,0,1,0,0000000,12,47,13,22,99,99,0,0,0,1,0
28,280224,1,1,0,1,1,2,2,49,0,1,7,2012,1,1,51,0,4,4,CR-TANK RD,,0,32.09341389,-90.36589444,0,8,0,0,1,1,0,1,2,1,0,1,0,0000000,88,88,88,88,88,88,0,0,0,1,0
28,280225,1,1,0,0,0,1,1,101,0,1,7,2012,1,11,46,0,14,2,US-80,,99998,32.33669167,-89.11144722,0,42,0,0,1,1,0,6,1,1,0,1,0,0000000,12,18,12,36,12,50,0,0,0,1,0
28,280226,1,1,0,0,0,3,3,163,0,1,7,2012,1,21,12,0,4,4,CR-PHOENIX RD,,0,32.56663889,-90.572225,0,42,0,0,1,1,0,6,2,1,0,1,0,0000000,21,40,22,32,23,0,0,0,0,1,1
28,280227,1,1,0,0,0,1,1,133,0,2,7,2012,2,3,37,1,2,2,US-82,,99998,33.45981944,-90.61688056,0,35,0,0,1,1,0,6,2,1,0,1,0,0000000,88,88,88,88,88,88,0,0,0,1,0
28,280228,1,1,0,0,0,1,1,7,0,2,7,2012,2,6,5,0,4,3,SR-12,,99998,33.06603611,-89.58031944,0,34,0,0,1,1,0,6,1,1,0,1,0,0000000,88,88,88,88,88,88,0,0,0,1,0
28,280229,1,1,0,0,0,3,3,151,0,2,7,2012,2,22,5,1,2,2,US-82,,99998,33.41248056,-90.84041667,0,52,0,0,1,1,0,5,2,1,0,1,0,0000000,88,88,88,88,88,88,0,0,0,3,0
28,280230,1,1,0,0,0,1,1,121,0,4,7,2012,4,1,0,0,4,4,CR-ANDREW CHAPEL RD,,0,32.35146667,-89.92472222,0,42,0,0,1,1,0,6,2,1,0,1,0,0000000,88,88,88,88,88,88,0,0,0,1,0
28,280231,1,1,0,0,0,1,1,93,0,4,7,2012,4,6,23,0,4,4,CR-SLAYDEN RD,,0,34.95921389,-89.44124444,0,35,0,0,1,1,0,6,1,1,0,1,0,0000000,88,88,88,88,88,88,0,0,0,1,0
28,280232,2,2,0,0,0,2,2,153,0,4,7,2012,4,9,39,0,4,4,CR-WAYNESBORO SHUBUTTA RD,,0,31.77975833,-88.7365,0,12,2,0,1,1,0,1,1,1,0,1,0,0000000,9,46,10,15,10,27,0,0,0,1,0
28,280233,1,1,0,0,0,1,1,89,0,4,7,2012,4,15,47,0,14,3,SR-45,,99998,32.71449722,-89.85432222,0,1,0,0,1,1,0,6,1,1,0,1,0,0000000,88,88,88,88,88,88,0,0,0,1,0
28,280234,1,1,0,0,0,1,1,95,0,6,7,2012,6,9,37,0,4,3,SR-8,,99998,33.84835556,-88.39660556,0,42,0,0,1,1,0,6,1,1,0,1,0,0000000,88,88,88,88,88,88,0,0,0,1,0
28,280235,1,1,0,0,0,1,1,51,0,6,7,2012,6,16,53,1,12,2,US-49W,,99998,33.28404444,-90.22204444,0,1,0,0,1,1,0,6,1,1,0,1,0,0000000,88,88,88,88,88,88,0,0,0,1,1
28,280236,1,1,0,0,0,4,4,39,0,7,7,2012,7,18,38,0,4,4,CR-FAIRLEY O'NEAL RD,,0,30.86659722,-88.84522778,0,42,0,0,1,1,0,6,1,1,10,10,0,0000000,18,50,19,19,19,39,0,0,0,1,1
28,280237,1,1,0,1,1,2,2,67,0,7,7,2012,7,21,23,0,3,2,US-11,,99998,31.48362222,-89.28149722,0,8,0,0,1,1,0,1,2,1,0,1,0,0000000,21,47,22,5,22,39,0,0,0,1,0
28,280238,1,1,0,0,0,3,3,107,0,8,7,2012,1,13,34,0,4,3,SR-315,,99998,34.25735278,-89.76728889,0,42,0,0,1,1,0,6,1,2,10,2,0,0000000,13,51,14,22,14,55,0,0,0,1,0
28,280239,2,2,0,0,0,4,4,161,0,8,7,2012,1,20,25,0,4,3,SR-7,,99998,34.08234167,-89.65513056,0,12,6,0,1,1,0,1,2,2,0,2,0,0000000,20,28,21,0,21,45,0,0,0,2,0
28,280240,1,1,0,0,0,1,1,79,0,9,7,2012,2,12,33,0,4,4,CR-PLEASANT GROVE RD,,0,32.84930556,-89.55462222,0,42,0,0,1,1,0,6,1,1,0,1,0,0000000,88,88,88,88,88,88,0,0,0,1,0
28,280241,1,1,0,0,0,4,4,91,0,9,7,2012,2,18,43,0,4,4,CR-POUNDS RD,,0,31.14966389,-89.887525,0,42,0,0,1,1,0,6,1,2,10,2,0,0000000,19,30,19,50,20,22,0,0,0,4,0
28,280242,1,1,0,0,0,7,7,45,0,12,7,2012,5,7,3,1,1,1,I-10,,99998,30.34510556,-89.46963333,0,1,0,0,1,1,0,6,1,1,0,1,0,0000000,7,24,8,12,9,0,0,0,0,1,0
28,280243,1,1,0,0,0,1,1,31,0,13,7,2012,6,18,7,0,4,4,CR-MCDONALD CHAPEL RD,,0,31.60263889,-89.53219722,0,35,0,0,1,1,0,6,1,1,0,1,0,0000000,18,18,18,36,19,0,0,0,0,1,0
28,280244,1,1,0,0,0,2,2,81,0,14,7,2012,7,0,29,0,4,4,CR-261,,0,34.23493611,-88.78715556,0,52,0,0,1,1,0,6,2,1,10,10,0,0000000,88,88,88,88,88,88,0,0,0,2,1
28,280245,1,1,0,0,0,2,2,3,0,14,7,2012,7,12,18,0,3,2,US-72,,99998,34.91198333,-88.49753889,0,34,0,0,1,1,0,6,1,2,0,2,0,0000000,12,29,12,49,13,22,0,0,0,1,0
28,280246,1,1,0,0,0,1,1,31,0,14,7,2012,7,21,21,0,14,3,SR-37,,99998,31.77046667,-89.43801667,0,34,0,0,1,1,0,6,2,1,10,10,0,0000000,88,88,88,88,88,88,0,0,0,1,0
28,280247,1,1,0,0,0,2,2,159,0,16,7,2012,2,9,44,1,2,3,SR-25,,99998,33.13896944,-89.08705278,0,1,0,0,1,1,0,6,1,1,0,1,0,0000000,88,88,88,88,88,88,0,0,0,2,0
28,280248,1,1,0,0,0,1,1,161,0,17,7,2012,3,15,51,0,4,3,SR-330,,0,33.98421111,-89.75729444,0,34,0,0,1,1,0,6,1,2,0,2,0,0000000,88,88,88,88,88,88,0,0,0,1,0
28,280249,1,1,0,0,0,5,5,81,2300,18,7,2012,4,17,5,0,13,2,US-45,,99998,34.11128056,-88.700975,0,1,0,0,1,1,0,6,1,1,10,10,0,0000000,17,7,17,39,18,18,0,0,0,1,0
28,280250,1,1,0,0,0,4,4,151,0,19,7,2012,5,15,30,1,2,2,US-82,,99998,33.35739444,-91.08658333,0,33,0,0,1,1,0,6,1,1,0,1,0,0000000,15,48,16,0,16,52,0,0,0,1,0
28,280251,1,1,0,1,1,1,1,163,0,20,7,2012,6,20,45,0,4,3,SR-433,,99998,32.64242222,-90.42890556,0,8,0,0,1,1,0,1,2,1,10,10,0,0000000,88,88,88,88,88,88,0,0,0,1,0
28,280252,1,1,0,0,0,1,1,93,0,20,7,2012,6,21,30,0,4,4,CR-MT. ZION,,0,34.92660833,-89.59594444,0,42,0,0,1,1,0,6,2,1,0,1,0,0000000,88,88,88,88,88,88,0,0,0,1,0
28,280253,1,1,0,0,0,1,1,121,300,21,7,2012,7,22,24,0,16,6,STAR RD,,0,32.24851111,-89.98798056,0,34,0,0,1,1,0,6,1,1,0,1,0,0000000,88,88,88,88,88,88,0,0,0,1,0
28,280254,1,1,0,0,0,1,1,149,0,23,7,2012,2,3,8,1,1,1,I-20,,99998,32.34555556,-90.83936111,0,1,0,0,1,1,0,6,2,1,0,1,0,0000000,3,34,3,52,4,18,0,0,0,1,0
28,280255,1,1,0,0,0,1,1,31,0,24,7,2012,3,1,29,1,2,2,US-84,,99998,31.70464722,-89.41684167,0,42,0,0,1,1,0,6,2,1,0,1,0,0000000,88,88,88,88,88,88,0,0,0,1,0
28,280256,2,2,0,0,0,3,3,75,0,26,7,2012,5,20,54,0,4,4,CR-RUSSELL MT GILEAD,,0,32.40284722,-88.59127778,0,12,2,0,1,1,0,1,2,1,0,1,0,0000000,21,1,21,36,22,11,0,0,0,1,0
28,280257,2,2,0,0,0,2,2,87,0,26,7,2012,5,23,49,1,2,2,US-45,,99998,33.60635833,-88.42185556,0,12,8,0,1,1,0,1,2,1,0,1,0,0000000,88,88,88,88,88,88,0,0,0,1,0
28,280258,1,1,0,0,0,2,2,3,0,28,7,2012,7,1,33,1,2,2,US-45,,99998,34.78215,-88.56,0,34,0,0,1,1,0,6,2,1,0,1,0,0000000,1,42,2,0,2,48,0,0,0,1,1
28,280259,1,1,0,0,0,1,1,39,0,28,7,2012,7,19,13,0,4,4,CR-BEAVER CREEK RD,,0,30.90460278,-88.46536389,0,34,0,0,1,1,0,6,1,1,0,1,0,0000000,88,88,88,88,88,88,0,0,0,1,0
28,280260,1,1,0,0,0,1,1,71,0,29,7,2012,1,18,59,0,4,4,CR-376,,0,34.21532222,-89.57015833,0,42,0,0,1,1,0,6,1,1,0,1,0,0000000,88,88,88,88,88,88,0,0,0,1,1
28,280261,1,1,0,0,0,1,1,129,0,30,7,2012,2,18,40,0,14,3,SR-37,CR-82,99998,31.81434167,-89.43101111,0,42,0,0,2,3,0,6,1,1,0,1,0,0000000,88,88,88,88,88,88,0,0,0,1,1
28,280262,1,1,0,0,0,1,1,33,0,3,8,2012,6,5,52,0,4,4,CR- CRAFT RD,,0,34.88705833,-89.86554722,0,34,0,0,1,1,0,6,4,1,0,1,0,0000000,88,88,88,88,88,88,0,0,0,1,0
28,280263,1,1,0,0,0,1,1,15,0,3,8,2012,6,22,37,1,2,2,US-82,,99998,33.50379722,-90.05852778,0,34,0,0,1,1,0,6,2,1,0,1,0,0000000,88,88,88,88,88,88,0,0,0,1,0
28,280264,2,2,0,0,0,4,4,151,990,4,8,2012,7,13,8,0,16,3,SR-1,LISA DR.,99998,33.37856667,-91.03938056,0,12,6,0,2,2,0,1,1,1,0,1,0,0000000,13,16,13,39,14,20,0,0,0,1,0
28,280265,2,2,0,0,0,2,2,33,2422,4,8,2012,7,20,45,0,16,2,US-51,FOREST DR,99998,34.99360278,-90.02402778,0,12,6,0,2,3,0,1,3,1,0,1,0,0000000,21,11,21,42,22,10,0,0,0,1,0
28,280266,1,1,0,0,0,1,1,75,0,4,8,2012,7,22,33,0,4,4,CR-LAUDERDALE TOOMSUBA,,0,32.44464167,-88.52089722,0,42,0,0,1,1,0,6,2,1,0,1,0,0000000,88,88,88,88,88,88,0,0,0,1,0
28,280267,1,1,0,0,0,1,1,63,0,5,8,2012,1,2,42,0,4,3,SR-553,,99998,31.74854167,-91.16135,0,1,0,0,1,1,0,5,2,1,0,1,0,0000000,88,88,88,88,88,88,0,0,0,1,0
28,280268,2,2,0,0,0,3,3,129,0,5,8,2012,1,18,21,0,4,3,SR-18,,99998,32.00988056,-89.37798333,0,12,1,0,1,1,0,1,1,1,0,1,0,0000000,88,88,88,88,88,88,0,0,0,1,0
28,280269,1,1,0,0,0,1,1,121,0,6,8,2012,2,19,23,0,4,4,CR-MONTERAY RD.,CR-THOMASVILLE RD,0,32.17961111,-90.06966944,0,42,0,0,1,1,0,6,1,1,10,10,0,0000000,88,88,88,88,88,88,0,0,0,1,0
28,280270,1,1,0,0,0,2,2,145,0,7,8,2012,3,15,25,0,4,3,SR-355,,99998,34.46993611,-89.22766111,0,35,0,0,1,1,0,6,1,1,0,1,0,0000000,15,39,16,0,16,49,0,0,0,1,1
28,280271,1,1,0,0,0,1,1,121,875,7,8,2012,3,21,55,0,13,3,SR-475,,99998,32.28949167,-90.07175278,0,34,0,0,1,1,0,6,2,1,0,1,0,0000000,88,88,88,88,88,88,0,0,0,1,0
28,280272,2,2,0,0,0,2,2,47,0,7,8,2012,3,23,4,0,13,3,SR-67,THREE RIVERS RD,99998,30.54664167,-89.016575,0,12,6,0,2,2,0,1,2,1,0,1,0,0000000,23,37,1,10,1,30,0,0,0,1,1
28,280273,2,2,0,0,0,3,3,9,0,8,8,2012,4,23,51,0,4,3,SR-370,,99998,34.84036389,-89.05286944,0,12,8,0,1,1,0,1,2,1,0,1,0,0000000,0,21,0,49,1,16,0,0,0,1,1
28,280274,1,1,0,0,0,1,1,149,0,9,8,2012,5,13,48,0,4,4,CR-FISHER FERRY RD,,0,32.22130556,-90.83998333,0,35,0,0,1,1,0,6,1,1,0,1,0,0000000,88,88,88,88,88,88,0,0,0,1,0
28,280275,1,1,0,0,0,1,1,39,0,10,8,2012,6,14,30,0,14,3,SR-26,,99998,30.8935,-88.61606389,0,33,0,0,1,1,0,6,1,2,0,2,0,0000000,88,88,88,88,88,88,0,0,0,1,0
28,280276,1,1,0,1,1,1,1,71,0,10,8,2012,6,22,35,0,4,4,CR-323,,0,34.27288056,-89.58658889,0,8,0,0,1,1,0,1,2,1,0,1,0,0000000,88,88,88,88,88,88,0,0,0,1,0
28,280277,2,2,0,0,0,7,7,9,0,12,8,2012,1,20,3,0,14,2,US-78,,99998,34.60656111,-89.19468056,0,12,7,0,1,1,0,1,2,1,0,1,0,0000000,20,16,21,0,21,30,0,0,0,1,0
28,280278,1,1,0,0,0,1,1,67,0,13,8,2012,2,18,42,0,4,4,CR-15,,0,31.74067222,-89.14574722,0,34,0,0,1,1,0,6,1,1,0,1,0,0000000,88,88,88,88,88,88,0,0,0,1,0
28,280279,1,1,0,1,1,1,1,33,1145,13,8,2012,2,20,21,0,16,6,NAIL RD,,0,34.94798889,-90.06601944,0,8,0,0,1,1,0,1,2,1,0,1,0,0000000,20,38,21,10,99,99,0,0,0,1,0
28,280280,1,1,0,0,0,1,1,157,0,14,8,2012,3,4,51,0,4,3,SR-24,,99998,31.10053611,-91.32923889,0,35,0,0,1,1,0,6,2,1,0,1,0,0000000,88,88,88,88,88,88,0,0,0,1,1
28,280281,1,1,0,1,1,1,1,29,0,16,8,2012,5,20,32,0,13,3,SR-27,,99998,32.02157778,-90.37419167,0,8,0,0,1,1,0,1,2,1,0,1,0,0000000,88,88,88,88,88,88,0,0,0,1,0
28,280282,1,1,0,0,0,1,1,45,0,17,8,2012,6,22,55,0,4,4,CR-KILN DESILE RD,,0,30.42261111,-89.36991111,0,34,0,0,1,1,0,6,2,2,0,2,0,0000000,88,88,88,88,88,88,0,0,0,1,1
28,280283,1,1,0,0,0,2,2,79,0,17,8,2012,6,23,55,0,4,3,SR-35,,99998,32.68113889,-89.50992222,0,34,0,0,1,1,0,6,2,1,0,1,0,0000000,0,8,0,42,1,13,0,0,0,1,1
28,280284,1,1,0,0,0,1,1,89,0,18,8,2012,7,9,40,0,4,4,CR-RANKIN RD,,0,32.574825,-89.93794722,0,42,0,0,1,1,0,6,1,1,10,10,0,0000000,88,88,88,88,88,88,0,0,0,1,1
28,280285,1,1,0,0,0,3,3,79,0,19,8,2012,1,2,15,1,13,3,SR-25,RED DOG RD,99998,32.74864444,-89.53833056,0,1,0,0,2,2,0,6,2,1,10,10,0,0000000,2,26,3,32,3,52,0,0,0,2,1
28,280286,2,2,0,0,0,2,2,83,0,21,8,2012,3,7,11,0,4,4,CR-518,,0,33.56901944,-90.21130278,0,12,2,0,1,1,0,6,1,1,0,1,0,0000000,88,88,88,88,88,88,0,0,0,2,0
28,280287,2,2,0,0,0,3,3,59,0,21,8,2012,3,11,28,0,4,4,CR-DAISY VESTRY RD,CR-JOHNSON STILL RD,0,30.47115833,-88.88228889,0,12,6,0,2,3,0,1,1,1,0,1,0,0000000,11,32,11,42,11,59,0,0,0,1,0
28,280288,1,1,0,0,0,1,1,139,0,23,8,2012,5,17,56,0,4,3,SR-2,,99998,34.71825556,-88.95631944,0,1,0,0,1,1,0,6,1,1,0,1,0,0000000,88,88,88,88,88,88,0,0,0,1,0
28,280289,2,2,0,0,0,2,2,23,0,25,8,2012,7,15,33,0,4,3,SR-513,,99998,32.17706667,-88.829775,0,12,6,0,4,1,0,1,1,1,0,1,0,0000000,88,88,88,88,88,88,0,0,0,1,0
28,280290,1,1,0,0,0,1,1,51,0,26,8,2012,1,2,10,1,2,2,US-49,,99998,33.06871667,-90.32495,0,35,0,0,1,1,0,6,2,1,0,1,0,0000000,88,88,88,88,88,88,0,0,0,1,0
28,280291,3,3,0,0,0,4,4,121,0,25,8,2012,7,16,2,0,14,3,SR-25,HOLLY BUSH RD,99998,32.39946944,-89.953325,0,12,6,0,2,2,0,1,1,1,0,1,0,0000000,16,13,16,39,17,30,0,0,0,1,0
28,280292,1,1,0,0,0,1,1,35,1050,28,8,2012,3,22,37,0,16,6,KATIE AVE,,0,31.31565,-89.29773056,0,30,0,0,1,1,0,6,3,2,10,2,0,0000000,22,40,23,0,23,16,0,0,0,1,0
28,280293,1,1,0,0,0,1,1,67,0,29,8,2012,4,13,13,0,4,4,CR-LOWER MYRICK RD,,0,31.65041667,-89.04543611,0,34,0,0,1,1,0,6,1,2,0,2,0,0000000,13,18,13,30,13,40,0,0,0,1,0
28,280294,1,1,0,0,0,1,1,99,0,29,8,2012,4,15,42,0,4,4,CR-210,,0,32.59853056,-89.20733333,0,1,0,0,1,1,0,6,1,2,10,2,0,0000000,88,88,88,88,88,88,0,0,0,1,0
28,280295,2,2,0,0,0,2,2,47,0,27,8,2012,2,12,52,0,3,3,SR-67,TRADITION PARKWAY,99998,30.57233889,-89.04732222,0,12,6,1,2,2,0,1,1,1,0,1,0,0000000,13,5,13,20,14,20,0,0,0,1,0
28,280296,1,1,0,0,0,1,1,11,0,1,9,2012,7,0,4,0,4,3,SR-446,,99998,33.703775,-90.79645833,0,31,0,0,1,1,0,6,2,1,10,10,0,0000000,88,88,88,88,88,88,0,0,0,1,1
28,280297,1,1,0,1,1,2,2,79,0,1,9,2012,7,1,26,0,14,3,SR-16,,99998,32.6996,-89.72341389,0,8,0,0,1,1,0,1,2,1,0,1,0,0000000,2,8,2,16,2,41,0,0,0,1,0
28,280298,1,1,0,0,0,2,2,49,490,1,9,2012,7,14,22,1,11,1,I-20,,99998,32.33671944,-90.34116944,0,34,0,0,1,1,0,6,1,2,10,2,0,0000000,14,30,14,46,15,0,0,0,0,1,0
28,280299,1,1,0,0,0,1,1,15,0,1,9,2012,7,16,14,0,5,4,CR-5,,0,33.29449444,-89.67031667,0,35,0,0,1,1,0,6,1,1,0,1,0,0000000,88,88,88,88,88,88,0,0,0,1,0
28,280300,1,1,0,0,0,2,2,65,0,2,5,2012,4,17,53,0,4,4,CR-PROGRESS RD,,0,31.58499167,-89.8827,0,42,0,0,1,1,0,6,1,2,0,2,0,0000000,18,1,18,22,19,10,0,0,0,1,0
28,280301,1,1,0,0,0,9,9,151,0,10,5,2012,5,10,0,0,4,4,CR-OLD LELAND RD,,0,33.42815278,-90.93096667,0,34,0,0,1,1,0,6,1,1,0,1,0,0000000,10,3,10,22,11,10,0,0,0,2,0
28,280302,1,1,0,0,0,1,1,151,0,15,5,2012,3,5,3,0,4,4,CR-BEAUCHAMP,,0,33.41642222,-91.02013333,0,34,0,0,1,1,0,6,3,1,0,1,0,0000000,88,88,88,88,88,88,0,0,0,1,0
28,280303,2,2,0,0,0,8,8,145,0,18,5,2012,6,10,27,1,2,2,US-78,,99998,34.45895278,-88.98578333,0,12,1,0,4,1,0,1,1,1,0,1,0,0000000,10,39,11,22,11,49,0,0,0,1,0
28,280304,2,2,0,0,0,2,2,71,1860,19,5,2012,7,2,56,0,16,3,SR-7,SR-278,99998,99.99990000,999.99990000,0,12,6,0,2,2,0,1,3,1,0,1,0,0000000,3,0,3,22,3,59,0,0,0,1,0
28,280305,1,1,0,0,0,1,1,65,0,11,6,2012,2,19,40,0,4,4,CR-WILLIAMSBURG,,0,31.49664167,-89.73296389,0,34,0,0,1,1,0,6,1,1,0,1,0,0000000,88,88,88,88,88,88,0,0,0,1,1
28,280306,2,2,0,0,0,3,3,33,1830,12,6,2012,3,14,35,0,16,3,SR-302,DAVIDSON RD,99998,34.96237222,-89.91898333,0,12,6,1,2,2,0,1,1,1,10,10,0,0000000,15,0,15,35,15,48,0,0,0,1,0
28,280307,1,1,0,0,0,1,1,65,0,17,6,2012,1,9,6,0,4,4,CR-OLD HEBRON RD,,0,31.73180833,-89.90693611,0,42,0,0,1,1,0,6,1,1,0,1,0,0000000,88,88,88,88,88,88,0,0,0,1,1
28,280308,1,1,0,0,0,1,1,71,0,14,7,2012,7,15,0,0,13,2,US-278,,99998,34.34219167,-89.43843611,0,35,0,0,1,1,0,6,1,2,10,2,0,0000000,15,15,15,33,16,10,0,0,0,1,0
28,280309,2,2,0,0,0,3,3,43,0,29,6,2012,6,21,18,0,4,3,SR-8,DEERFIELD RD,99998,33.77644722,-89.74161389,0,12,6,0,2,2,0,1,2,1,0,1,0,0000000,21,28,21,39,22,10,0,0,0,1,0
28,280310,1,1,0,0,0,1,1,151,0,19,8,2012,1,12,32,0,4,4,CR-MURPHY RD,,0,33.15112778,-90.846175,0,21,0,0,1,1,0,6,1,1,0,1,0,0000000,88,88,88,88,88,88,0,0,0,1,0
28,280311,2,2,0,0,0,4,4,91,0,1,9,2012,7,9,11,1,2,2,US-98,SHILOH FIRETOWER RD,99998,31.21457222,-89.91104722,0,12,6,0,2,3,0,1,1,1,0,1,0,0000000,9,16,9,32,9,51,0,0,0,1,0
28,280312,2,2,0,0,0,2,2,161,0,1,9,2012,7,17,8,0,4,3,SR-320,139,99998,33.92765833,-89.58873889,0,12,6,0,2,3,0,1,1,1,0,1,0,0000000,17,22,17,49,18,22,0,0,0,1,0
28,280313,1,1,0,0,0,3,3,121,1920,1,9,2012,7,17,57,1,1,1,I-20,,99998,32.29392222,-89.82555556,0,42,0,0,1,1,0,6,1,1,0,1,0,0000000,17,59,18,29,19,0,0,0,0,2,1
28,280314,1,1,0,0,0,1,1,107,0,2,9,2012,1,18,47,0,4,4,CR-LUCIOUS TAYLOR,,0,34.52463056,-89.96928333,0,42,0,0,1,1,0,6,2,1,10,10,0,0000000,88,88,88,88,88,88,0,0,0,1,1
28,280315,1,1,0,0,0,2,2,159,0,25,8,2012,7,22,20,0,3,4,CR-HIGHPOINT RD,,0,33.19309722,-89.19108611,0,1,0,0,1,1,0,6,2,1,0,1,0,0000000,88,88,88,88,88,88,0,0,0,2,1
28,280316,1,1,0,0,0,1,1,85,0,4,9,2012,3,12,25,1,1,1,I-55,,99998,31.53167222,-90.47961111,0,35,0,0,1,1,0,6,1,1,0,1,0,0000000,88,88,88,88,88,88,0,0,0,1,0
28,280317,1,1,0,0,0,2,2,3,560,5,9,2012,4,13,44,1,2,2,US-72,,99998,34.93100278,-88.57590833,0,30,0,0,1,1,0,6,1,1,0,1,0,0000000,88,88,88,88,88,88,0,0,0,2,0
28,280318,2,2,0,0,0,3,3,139,0,3,9,2012,2,20,11,0,3,3,SR-15,,99998,34.87610833,-88.91521667,0,12,1,0,1,1,0,1,2,1,0,1,0,0000000,20,31,20,49,21,22,0,0,0,1,0
28,280319,2,2,0,0,0,2,2,57,0,5,9,2012,4,8,9,1,2,3,SR-25,,99998,34.13353333,-88.3689,0,12,6,0,1,1,0,1,1,1,0,1,0,0000000,8,39,9,13,9,40,0,0,0,1,0
28,280320,2,2,0,0,0,4,4,87,0,5,9,2012,4,13,36,0,4,4,CR-WOLFE RD,,0,33.60633611,-88.37731667,0,12,2,0,1,1,0,1,1,1,0,1,0,0000000,13,42,14,22,14,51,0,0,0,1,0
28,280321,2,2,0,0,0,2,2,111,0,5,9,2012,4,18,52,0,5,3,SR-29,,99998,31.34793611,-89.10839167,0,12,2,0,1,1,0,1,1,1,0,1,0,0000000,88,88,88,88,88,88,0,0,0,1,0
28,280322,2,2,0,0,0,3,3,37,0,6,9,2012,5,4,22,1,2,2,US-98,,99998,31.37190833,-90.77487778,0,12,2,0,1,1,0,1,2,1,0,1,0,0000000,4,56,5,22,99,99,0,0,0,1,0
28,280323,2,2,0,0,0,3,3,121,0,7,9,2012,6,14,3,0,14,3,SR-469,,99998,32.21551389,-90.044375,0,12,6,0,1,1,0,1,1,1,0,1,0,0000000,14,35,14,53,15,22,0,0,0,1,0
28,280324,2,2,0,0,0,2,2,101,0,7,9,2012,6,16,40,0,14,3,SR-15,,99998,32.32873333,-89.14371944,0,12,2,0,1,1,0,1,1,1,0,1,0,0000000,17,12,17,33,17,55,0,0,0,2,0
28,280325,1,1,0,0,0,1,1,67,0,8,9,2012,7,4,28,0,4,4,CR-TUCKERS CROSSING RD,,0,31.61033611,-89.16583333,0,34,0,0,1,1,0,6,2,1,0,1,0,0000000,88,88,88,88,88,88,0,0,0,1,0
28,280326,1,1,0,0,0,1,1,131,0,8,9,2012,7,4,56,0,3,3,SR-15,,99998,30.72423056,-88.91911667,0,42,0,0,1,1,0,6,2,1,0,1,0,0000000,88,88,88,88,88,88,0,0,0,1,1
28,280327,1,1,0,0,0,1,1,75,0,10,9,2012,2,11,40,0,3,3,SR-19,,99998,32.48029167,-88.83154167,0,43,0,0,1,1,0,6,1,1,0,1,0,0000000,88,88,88,88,88,88,0,0,0,1,0
28,280328,1,1,0,0,0,13,13,101,0,1,6,2012,6,9,17,0,4,4,CR-MILLS RD,,0,32.49010833,-89.278975,0,1,0,0,1,1,0,6,1,1,0,1,0,0000000,10,22,11,7,11,42,0,0,0,2,0
28,280329,1,1,0,1,1,1,1,109,1950,3,6,2012,1,0,58,1,1,1,I-59,,99998,30.36051389,-89.74209722,0,8,0,0,1,1,0,1,3,1,0,1,0,0000000,1,10,1,26,1,42,0,0,0,1,0
28,280330,1,1,0,0,0,1,1,141,0,17,6,2012,1,19,38,0,4,4,CR-255,,0,34.79326111,-88.14881111,0,34,0,0,1,1,0,6,3,1,0,1,0,0000000,88,88,88,88,88,88,0,0,0,1,1
28,280331,1,1,0,0,0,1,1,23,0,21,6,2012,5,18,3,0,4,4,CR-250,,0,31.91624722,-88.859275,0,42,0,0,1,1,0,6,1,1,0,1,0,0000000,88,88,88,88,88,88,0,0,0,1,1
28,280332,1,1,0,0,0,1,1,137,0,30,6,2012,7,9,5,0,4,4,CR-CALEB LANE,,0,34.72183611,-89.78288333,0,34,0,0,1,1,0,6,1,1,0,1,0,0000000,88,88,88,88,88,88,0,0,0,1,1
28,280333,1,1,0,0,0,1,1,123,0,12,7,2012,5,0,56,0,4,4,CR-OLD JACKSON RD,,0,32.45553611,-89.49900278,0,1,0,0,1,1,0,6,2,2,0,2,0,0000000,88,88,88,88,88,88,0,0,0,1,1
28,280334,1,1,0,0,0,1,1,7,0,26,8,2012,1,18,30,0,4,4,CR-4215,,0,33.10523611,-89.73034444,0,34,0,0,1,1,0,6,1,1,0,1,0,0000000,7,11,7,42,8,19,0,0,0,1,0