STATE,ST_CASE,VE_TOTAL,VE_FORMS,PVH_INVL,PEDS,PERNOTMVIT,PERMVIT,PERSONS,COUNTY,CITY,DAY,MONTH,YEAR,DAY_WEEK,HOUR,MINUTE,NHS,ROAD_FNC,ROUTE,TWAY_ID,TWAY_ID2,MILEPT,LATITUDE,LONGITUD,SP_JUR,HARM_EV,MAN_COLL,RELJCT1,RELJCT2,TYP_INT,WRK_ZONE,REL_ROAD,LGT_COND,WEATHER1,WEATHER2,WEATHER,SCH_BUS,RAIL,NOT_HOUR,NOT_MIN,ARR_HOUR,ARR_MIN,HOSP_HR,HOSP_MN,CF1,CF2,CF3,FATALS,DRUNK_DR
28,280335,2,2,0,0,0,3,3,163,2870,31,8,2012,6,11,45,0,16,6,BROADWAY ST,,0,32.84314444,-90.40218333,0,12,2,0,1,1,0,1,1,1,0,1,0,0000000,11,48,12,12,12,42,0,0,0,1,0
28,280336,2,2,0,0,0,3,3,115,0,30,8,2012,5,18,50,0,4,4,CR-PONTACOLA RD,,0,34.15250556,-88.85715556,0,12,8,0,1,1,0,1,2,2,0,2,0,0000000,18,57,19,13,19,42,0,0,0,1,1
28,280337,1,1,0,0,0,1,1,133,0,11,9,2012,3,17,52,1,2,2,US-49,,99998,33.88085833,-90.50690556,0,1,0,0,1,1,0,6,1,1,0,1,0,0000000,88,88,88,88,88,88,0,0,0,1,0
28,280338,1,1,0,1,1,1,1,47,1020,10,9,2012,2,20,50,0,16,2,US-49,,99998,30.46931111,-89.10238889,0,8,0,0,1,1,0,1,2,1,0,1,0,0000000,21,2,21,28,21,40,0,0,0,1,0
28,280339,1,1,0,1,1,2,2,47,680,13,9,2012,5,20,59,1,1,1,I-10,,99998,30.45384444,-88.88934722,0,8,0,0,1,1,0,1,2,1,0,1,0,0000000,88,88,88,88,88,88,0,0,0,1,0
28,280340,1,1,0,0,0,1,1,163,0,14,9,2012,6,5,38,0,4,4,CR-VAUGHAN RD,,0,32.81153889,-90.0915,0,34,0,0,1,1,0,6,2,1,0,1,0,0000000,88,88,88,88,88,88,0,0,0,1,1
28,280341,3,3,0,0,0,7,7,59,1810,10,9,2012,2,15,5,0,16,6,BIENVILLE BLVD,HOLCOMB BLVD,0,30.4161,-88.82766667,0,12,6,0,2,2,0,1,1,1,0,1,0,0000000,88,88,88,88,88,88,0,0,0,1,0
28,280342,3,3,0,0,0,4,4,149,0,11,9,2012,3,19,49,1,1,1,I-20,,99998,32.35746944,-90.72205,0,12,2,0,1,1,0,1,2,1,0,1,0,0000000,19,54,20,11,20,51,0,0,0,1,1
28,280343,2,2,0,0,0,2,2,87,0,12,9,2012,4,10,59,0,13,2,US-45,182,99998,33.50552778,-88.43180833,0,12,6,0,2,2,0,1,1,1,0,1,0,0000000,88,88,88,88,88,88,0,0,0,1,0
28,280344,1,1,0,1,1,2,2,99,0,15,9,2012,7,0,24,0,4,3,SR-19,,99998,32.74168056,-89.14990833,0,8,0,0,1,1,0,1,2,1,0,1,0,0000000,0,29,0,43,1,0,0,0,0,1,0
28,280345,1,1,0,1,1,1,1,115,0,16,9,2012,1,9,18,0,14,3,SR-346,,99998,34.34951944,-89.07353056,0,8,0,0,1,1,0,1,1,1,0,1,0,0000000,88,88,88,88,88,88,0,0,0,1,0
28,280346,1,1,0,0,0,1,1,121,1918,16,9,2012,1,16,39,0,16,2,US-80,US-49,99998,32.27826667,-90.15759722,0,30,0,0,2,2,0,5,1,1,0,1,0,0000000,16,41,17,0,17,12,0,0,0,1,0
28,280347,1,1,0,0,0,1,1,71,0,16,9,2012,1,22,23,0,4,4,CR-325,,0,34.26282222,-89.70279444,0,1,0,0,1,1,0,6,2,1,10,10,0,0000000,88,88,88,88,88,88,0,0,0,1,0
28,280348,1,1,0,0,0,1,1,163,0,17,9,2012,2,14,16,1,1,1,I-55,,99998,32.79196667,-90.05843889,0,42,0,0,1,1,0,6,1,2,0,2,0,0000000,88,88,88,88,88,88,0,0,0,1,0
28,280349,1,1,0,0,0,1,1,47,0,19,9,2012,4,21,35,1,12,2,US-49,,99998,30.52401111,-89.10838611,0,1,0,0,1,1,0,6,2,1,0,1,0,0000000,88,88,88,88,88,88,0,0,0,1,1
28,280350,1,1,0,0,0,1,1,23,0,20,9,2012,5,8,59,1,2,2,US-45,,99998,32.20871389,-88.69989444,0,24,0,0,1,1,0,6,1,1,0,1,0,0000000,88,88,88,88,88,88,0,0,0,1,0
28,280351,2,2,0,0,0,2,2,59,1810,20,9,2012,5,9,47,0,16,6,BIENVILLE BLVD,,0,30.41024444,-88.76780556,0,12,1,0,1,1,0,1,1,1,0,1,0,0000000,10,0,10,14,10,39,0,0,0,1,0
28,280352,2,2,0,0,0,8,8,45,130,20,9,2012,5,13,34,1,1,1,I-10,,99998,30.35537222,-89.43276667,0,12,8,0,1,1,0,1,1,1,0,1,0,0000000,13,41,13,59,14,30,0,0,0,1,0
28,280353,1,1,0,0,0,1,1,39,0,20,9,2012,5,17,46,0,4,4,CR-AGRICOLA LATONIA RD,,0,30.86112778,-88.43203333,0,10,0,0,6,1,0,1,1,1,0,1,0,9999999,88,88,88,88,88,88,0,0,0,1,0
28,280354,1,1,0,0,0,1,1,101,0,21,9,2012,6,17,34,0,4,4,CR-NEWTON CALHOUN,,0,32.26706944,-89.17111389,0,1,0,0,1,1,0,6,1,1,0,1,0,0000000,88,88,88,88,88,88,0,0,0,1,0
28,280355,1,1,0,0,0,1,1,51,0,22,9,2012,7,16,0,0,4,4,CR-NEWPORT RD,,0,33.01036389,-89.99715278,0,23,0,0,1,1,0,6,1,1,0,1,0,0000000,88,88,88,88,88,88,0,0,0,1,0
28,280356,1,1,0,0,0,1,1,69,0,22,9,2012,7,20,19,1,2,2,US-45,,99998,32.86226944,-88.48318333,0,32,0,0,1,1,0,6,2,1,0,1,0,0000000,88,88,88,88,88,88,0,0,0,1,0
28,280357,1,1,0,0,0,1,1,49,1220,23,9,2012,1,6,36,0,16,6,COLONIAL CIRCLE,,0,32.3829,-90.12149722,0,21,0,0,1,1,0,6,4,1,0,1,0,0000000,88,88,88,88,88,88,0,0,0,1,0
28,280358,1,1,0,2,2,3,3,127,0,23,9,2012,1,6,39,1,2,2,US-49,,99998,31.90796111,-89.78744722,0,8,0,0,1,1,0,1,1,1,0,1,0,0000000,7,0,7,26,8,11,0,0,0,2,0
28,280359,1,1,0,0,0,1,1,101,0,24,9,2012,2,6,4,0,4,4,CR-CHUNKY DUFFEE RD,,0,32.39691667,-88.93143611,0,35,0,0,1,1,0,6,4,1,0,1,0,0000000,6,54,7,17,8,0,0,0,0,1,0
28,280360,1,1,0,0,0,1,1,59,0,24,9,2012,2,14,30,1,1,1,I-10,,99998,30.45825278,-88.45626667,0,24,0,0,1,1,0,6,1,1,0,1,0,0000000,88,88,88,88,88,88,0,0,0,1,0
28,280361,1,1,0,0,0,1,1,95,0,27,9,2012,5,1,33,1,2,2,US-45,,99998,33.80899167,-88.48228333,0,35,0,0,1,1,0,6,2,1,0,1,0,0000000,88,88,88,88,88,88,0,0,0,1,0
28,280362,1,1,0,0,0,2,2,123,0,28,9,2012,6,10,13,1,1,1,I-20,,99998,32.309675,-89.67623611,0,34,0,0,1,1,0,6,1,1,0,1,0,0000000,10,28,10,52,11,20,0,0,0,1,0
28,280363,1,1,0,0,0,1,1,87,0,29,9,2012,7,18,36,0,4,4,CR-PLYMOUTH BLUFF ACCESS,,0,33.49446389,-88.49317778,0,34,0,0,1,1,0,6,5,1,0,1,0,0000000,18,41,19,11,19,36,0,0,0,1,0
28,280364,1,1,0,0,0,1,1,47,1020,30,9,2012,1,19,45,0,16,6,33RD AVE,,0,30.36718889,-89.10148611,0,10,0,0,6,1,0,1,3,2,0,2,0,9999999,88,88,88,88,88,88,0,0,0,1,1
28,280365,1,1,0,0,0,1,1,49,0,20,7,2012,6,16,33,0,13,2,US-51,,99998,32.05566111,-90.33102778,0,1,0,0,1,1,0,6,1,1,0,1,0,0000000,16,47,17,0,17,22,0,0,0,1,0
28,280366,1,1,0,0,0,4,4,95,0,1,10,2012,2,14,32,1,2,2,US-45,,99998,33.81712778,-88.52252222,0,35,0,0,1,1,0,6,1,2,10,2,0,0000000,14,47,15,0,15,36,0,0,0,1,0
28,280367,2,2,0,0,0,2,2,121,300,1,10,2012,2,20,41,0,16,6,HWY 18,,99998,32.25616389,-90.021575,0,12,2,0,1,1,0,1,2,2,10,2,0,0000000,20,44,21,0,21,39,0,0,0,1,1
28,280368,1,1,0,1,1,2,2,47,230,2,10,2012,3,21,50,1,2,2,US-90,,99998,30.39238889,-88.86118056,0,8,0,0,1,1,0,1,2,1,0,1,0,0000000,21,54,22,10,22,39,0,0,0,1,0
28,280369,1,1,0,0,0,1,1,121,875,4,10,2012,5,5,40,0,16,6,WIRTZ RD,LINEAGE LANE,0,32.34920833,-90.02741944,0,35,0,1,2,3,0,6,2,1,0,1,0,0000000,88,88,88,88,88,88,0,0,0,1,1
28,280370,1,1,0,0,0,1,1,55,0,5,10,2012,6,0,19,0,3,3,SR-1,,99998,32.91235278,-91.03727222,0,34,0,0,1,1,0,6,2,1,0,1,0,0000000,88,88,88,88,88,88,0,0,0,1,0
28,280371,1,1,0,0,0,1,1,157,0,5,10,2012,6,19,50,1,2,2,US-61,,99998,31.05726944,-91.32029444,0,1,0,0,1,1,0,6,2,1,0,1,0,0000000,88,88,88,88,88,88,0,0,0,1,1
28,280372,1,1,0,0,0,2,2,99,0,5,10,2012,6,21,19,0,3,3,SR-492,,99998,32.6099,-89.01708611,0,1,0,0,1,1,0,6,2,1,0,1,0,0000000,21,36,21,59,22,24,0,0,0,1,0
28,280373,1,1,0,1,1,1,1,151,990,5,10,2012,6,23,51,0,16,6,NELSON RD,LAKEFRONT RD,0,33.12741667,-91.07757222,0,9,0,0,2,4,0,1,2,1,0,1,0,0000000,88,88,88,88,88,88,0,0,0,1,0
28,280374,2,2,0,0,0,4,4,151,0,7,10,2012,1,19,30,0,3,3,SR-454,MAIN EXT,99998,33.31353611,-91.05158611,0,12,6,0,2,2,0,1,2,1,0,1,0,0000000,19,38,20,2,20,39,0,0,0,1,0
28,280375,1,1,0,0,0,1,1,67,0,8,10,2012,2,7,51,1,1,1,I-59,,99998,31.62535833,-89.19356389,0,42,0,0,1,1,0,6,1,1,0,1,0,0000000,88,88,88,88,88,88,0,0,0,1,0
28,280376,2,2,0,0,0,3,3,51,0,8,10,2012,2,15,22,0,4,3,SR-12,,99998,33.09843333,-89.89988889,0,12,6,0,1,1,0,1,1,1,0,1,0,0000000,15,36,15,52,16,46,0,0,0,1,0
28,280377,2,2,0,0,0,7,7,93,0,8,10,2012,2,18,59,0,4,4,CR-ST PAUL RD,,0,34.83119167,-89.64057222,0,12,8,0,1,1,0,1,2,1,0,1,0,0000000,19,12,19,33,20,21,0,0,0,1,0
28,280378,2,2,0,0,0,2,2,119,0,9,10,2012,3,16,27,0,4,3,SR-316,,99998,34.29650556,-90.42300833,0,12,6,0,1,1,0,1,1,1,0,1,0,0000000,16,53,17,22,18,0,0,0,0,1,0
28,280379,1,1,0,1,1,2,2,47,230,9,10,2012,3,19,19,0,16,6,BEACH BLVD,,0,30.39362222,-88.93596667,0,8,0,0,1,1,0,1,3,1,0,1,0,0000000,19,22,19,36,19,52,0,0,0,1,0
28,280380,1,1,0,0,0,1,1,47,1020,10,10,2012,4,7,29,0,16,6,WOOLMARKET RD,,0,30.4718,-88.981925,0,32,0,0,1,1,0,6,1,1,0,1,0,0000000,88,88,88,88,88,88,0,0,0,1,1
28,280381,1,1,0,0,0,1,1,107,0,11,10,2012,5,14,54,0,4,4,CR-UNION RD,,0,34.3744,-89.77582222,0,1,0,0,1,1,0,6,1,1,0,1,0,0000000,88,88,88,88,88,88,0,0,0,1,0
28,280382,1,1,0,0,0,1,1,89,0,12,10,2012,6,18,20,0,14,4,CR-NISSAN DR,,0,32.58178333,-90.06788889,0,30,0,0,1,1,0,6,1,1,10,10,0,0000000,88,88,88,88,88,88,0,0,0,1,0
28,280383,1,1,0,0,0,1,1,11,0,12,10,2012,6,19,56,0,4,4,CR-NORTH BAYOU,,0,33.77771667,-90.74148056,0,42,0,0,1,1,0,6,2,1,0,1,0,0000000,88,88,88,88,88,88,0,0,0,1,0
28,280384,2,2,0,0,0,4,4,141,1210,13,10,2012,7,11,52,0,16,6,25 BYPASS,W QUITMAN ST,0,34.80934444,-88.20798056,0,12,6,0,2,2,0,1,1,1,0,1,0,0000000,11,54,12,22,12,47,0,0,0,2,0
28,280385,2,2,0,0,0,3,3,81,0,14,10,2012,1,0,50,0,13,3,SR-6,,99998,34.25147778,-88.75944444,0,12,6,0,1,1,0,1,2,1,0,1,0,0000000,1,0,1,22,2,3,0,0,0,2,2
28,280386,2,2,0,0,0,2,2,9,0,15,10,2012,2,15,54,1,2,2,US-72,SR-7,99998,34.94650278,-89.29719722,0,12,6,0,2,2,0,1,1,1,0,1,0,0000000,88,88,88,88,88,88,0,0,0,1,0
28,280387,1,1,0,0,0,1,1,79,0,16,10,2012,3,5,16,0,4,3,SR-487,,99998,32.65456667,-89.40092778,0,42,0,0,1,1,0,6,2,1,0,1,0,0000000,5,41,6,11,99,99,0,0,0,1,0
28,280388,2,2,0,0,0,4,4,143,0,16,10,2012,3,19,4,1,2,2,US-61,HARRAHS PARKWAY,99998,34.83656944,-90.27689444,0,12,6,0,2,2,0,1,3,1,0,1,0,0000000,19,31,19,46,20,0,0,0,0,1,0
28,280389,2,2,0,0,0,2,2,95,0,17,10,2012,4,13,1,0,4,4,CR-SMITHVILLE RD,,0,34.01366944,-88.41756111,0,12,2,0,1,1,0,1,1,1,0,1,0,0000000,13,7,13,22,14,0,0,0,0,1,0
28,280390,1,1,0,0,0,1,1,149,0,18,10,2012,5,10,35,0,4,4,CR-WARRIORS TRAIL,,0,32.34857222,-90.73851111,0,34,0,0,1,1,0,6,1,1,0,1,0,0000000,88,88,88,88,88,88,0,0,0,1,0
28,280391,1,1,0,0,0,1,1,51,0,18,10,2012,5,17,0,0,4,3,SR-17,,0,32.92955,-89.97266944,0,42,0,0,1,1,0,6,1,1,0,1,0,0000000,88,88,88,88,88,88,0,0,0,1,0
28,280392,1,1,0,1,1,1,1,47,0,19,10,2012,6,18,47,0,3,3,SR-67,,99998,30.58586111,-89.05466111,0,8,0,0,1,1,0,1,1,1,0,1,0,0000000,88,88,88,88,88,88,0,0,0,1,0
28,280393,1,1,0,0,0,2,2,63,0,19,10,2012,6,23,0,0,6,4,CR-CANNONBURG RD,,0,31.63713333,-91.21057222,0,1,0,0,1,1,0,6,2,1,0,1,0,0000000,23,15,23,36,0,11,0,0,0,1,0
28,280394,2,2,0,0,0,2,2,49,0,20,10,2012,7,2,45,1,2,2,US-49,,99998,32.43968611,-90.29516667,0,12,2,0,1,1,0,1,2,1,0,1,0,0000000,88,88,88,88,88,88,0,0,0,1,0
28,280395,1,1,0,1,1,1,1,11,0,20,10,2012,7,6,20,1,2,2,US-61,,99998,33.62569444,-90.75801111,0,8,0,0,1,1,0,1,2,1,0,1,0,0000000,88,88,88,88,88,88,0,0,0,1,0
28,280396,2,2,0,0,0,3,3,35,0,20,10,2012,7,16,38,1,2,2,US-49,CARTER RD,99998,31.15555556,-89.23810278,0,12,1,0,1,1,0,6,1,1,0,1,0,0000000,16,55,17,17,17,42,0,0,0,1,0
28,280397,1,1,0,0,0,2,2,85,0,20,10,2012,7,18,56,0,4,4,CR-OLD SAINT JOHN RD,,0,31.67176389,-90.41818056,0,42,0,0,1,1,0,6,5,1,0,1,0,0000000,19,6,19,19,19,42,0,0,0,1,0
28,280398,1,1,0,1,1,1,1,49,1220,21,10,2012,1,2,59,0,16,2,US-80,,0,32.30930833,-90.26468889,0,8,0,0,1,1,0,1,3,1,0,1,0,0000000,88,88,88,88,88,88,0,0,0,1,0
28,280399,1,1,0,0,0,1,1,75,0,22,10,2012,2,17,58,0,4,3,SR-493,,99998,32.53121111,-88.729525,0,42,0,0,1,1,0,6,1,1,0,1,0,0000000,88,88,88,88,88,88,0,0,0,1,0
28,280400,2,2,0,0,0,3,3,123,0,23,10,2012,3,7,54,0,14,3,SR-21,RINGGOLD RD,99998,32.44954167,-89.42806944,0,12,6,0,2,2,0,1,1,1,0,1,0,0000000,88,88,88,88,88,88,0,0,0,1,0
28,280401,1,1,0,0,0,1,1,75,0,24,10,2012,4,6,20,0,4,4,CR-SANDFLAT RD,,0,32.36349167,-88.62371111,0,34,0,0,1,1,0,6,3,1,0,1,0,0000000,88,88,88,88,88,88,0,0,0,1,0
28,280402,1,1,0,0,0,1,1,61,0,25,10,2012,5,13,55,1,1,1,I-59,,99998,31.86425833,-89.04653889,0,18,0,0,1,1,0,2,1,1,0,1,0,0000000,88,88,88,88,88,88,0,0,0,1,0
28,280403,2,2,0,0,0,2,2,153,0,25,10,2012,5,16,17,1,2,2,US-45,CR-BCC RD,99998,31.45855278,-88.46751111,0,12,6,0,1,1,0,1,1,1,0,1,0,0000000,16,38,17,0,17,22,0,0,0,1,0
28,280404,2,2,0,0,0,2,2,91,0,26,10,2012,6,6,22,0,5,3,SR-35,CR-CEMETERY RD,99998,31.36439722,-89.80124167,0,12,6,0,2,2,0,1,4,5,0,5,0,0000000,7,10,7,22,7,59,0,0,0,1,0
28,280405,1,1,0,0,0,1,1,139,0,26,10,2012,6,10,14,0,4,3,SR-370,,99998,34.83615278,-88.93848056,0,35,0,0,1,1,0,6,1,2,10,2,0,0000000,10,36,11,0,11,30,0,0,0,1,0
28,280406,1,1,0,0,0,1,1,113,0,26,10,2012,6,17,49,0,4,4,CR-CHURCH RD,CR-JESSIE LANE,0,31.12511944,-90.53439722,0,34,0,0,2,3,0,5,5,1,0,1,0,0000000,88,88,88,88,88,88,0,0,0,1,0
28,280407,2,2,0,0,0,3,3,71,1860,27,10,2012,7,11,7,0,13,2,US-278,,99998,34.35824444,-89.6227,0,12,2,0,1,1,0,1,1,1,0,1,0,0000000,11,36,11,49,12,10,0,0,0,2,0
28,280408,2,2,0,0,0,2,2,151,0,27,10,2012,7,18,58,0,3,3,SR-1,CR-WILMONT,99998,33.29806389,-91.04081389,0,12,6,0,2,2,0,1,2,1,0,1,0,0000000,19,4,19,22,19,46,0,0,0,1,0
28,280409,1,1,0,0,0,2,2,123,1670,27,10,2012,7,19,50,0,16,6,KENNEDY ST,,0,32.35585833,-89.65018611,0,42,0,0,1,1,0,6,3,1,10,10,0,0000000,19,52,20,12,20,36,0,0,0,1,0
28,280410,3,3,0,0,0,4,4,149,2690,28,10,2012,1,14,27,1,13,2,US-61,PEMBERTON BLVD,99998,32.30349167,-90.88985833,0,12,6,0,2,2,0,1,1,1,0,1,0,0000000,14,31,14,52,15,36,0,0,0,1,0
28,280411,1,1,0,0,0,1,1,57,0,31,10,2012,4,11,21,1,2,3,SR-25,,99998,34.17021389,-88.34855833,0,1,0,0,1,1,0,6,1,1,0,1,0,0000000,11,46,12,12,12,42,0,0,0,1,0
28,280412,2,2,0,0,0,2,2,95,0,20,8,2012,2,11,37,1,2,2,US-45,,99998,33.815825,-88.53547778,0,12,1,0,1,1,0,1,1,1,0,1,0,0000000,11,43,12,0,12,39,0,0,0,1,0
28,280413,1,1,0,0,0,1,1,81,2610,27,10,2012,7,17,15,0,16,6,N GLOSTER ST,,0,34.28171389,-88.71560278,0,19,0,0,1,1,0,6,1,1,0,1,0,0000000,88,88,88,88,88,88,0,0,0,1,0
28,280414,2,2,0,0,0,3,3,117,0,2,11,2012,6,7,49,0,3,3,SR-30,5031,99998,34.62465556,-88.41486667,0,12,6,0,2,2,0,1,1,1,0,1,0,0000000,7,58,8,22,9,1,0,0,0,2,0
28,280415,2,2,0,0,0,2,2,47,230,3,11,2012,7,4,29,0,16,6,POPPS FERRY RD,,0,30.44254167,-88.94765,0,12,2,0,1,1,0,1,4,1,0,1,0,0000000,88,88,88,88,88,88,0,0,0,1,1
28,280416,2,2,0,0,0,3,3,33,0,3,11,2012,7,15,30,0,4,4,CR-MCCRACKEN RD,CR-VINSON RD,0,34.79939444,-89.97198889,0,12,6,0,2,3,0,1,1,1,0,1,0,0000000,15,36,16,11,16,42,0,0,0,1,0
28,280417,1,1,0,0,0,1,1,127,0,4,11,2012,1,1,15,0,3,3,SR-28,,99998,31.88176667,-89.96789722,0,42,0,0,1,1,0,6,2,1,0,1,0,0000000,88,88,88,88,88,88,0,0,0,1,0
28,280418,2,2,0,0,0,3,3,33,0,4,11,2012,1,12,49,0,16,6,CUSTER DR,IDLEBROOK COVE,0,34.97451667,-90.01285,0,12,6,0,3,3,0,1,1,1,0,1,0,0000000,12,53,13,22,13,51,0,0,0,1,0
28,280419,1,1,0,0,0,1,1,129,0,4,11,2012,1,18,55,0,4,3,SR-37,,99998,31.808925,-89.43104722,0,34,0,0,1,1,0,6,2,1,0,1,0,0000000,88,88,88,88,88,88,0,0,0,1,1
28,280420,1,1,0,0,0,2,2,111,0,24,10,2012,4,16,13,0,4,4,CR-OLD AUGUSTA RD,,0,31.25602222,-89.04021667,0,42,0,0,1,1,0,6,1,1,0,1,0,0000000,16,21,16,39,16,52,0,0,0,1,0
28,280421,2,2,0,0,0,4,4,39,0,1,11,2012,5,19,39,1,2,3,SR-63,BARTON-AGRICOLA RD,99998,30.81564167,-88.59800278,0,12,6,1,2,2,0,6,2,1,0,1,0,0000000,19,41,20,0,20,36,0,0,0,1,1
28,280422,1,1,0,0,0,1,1,79,0,7,11,2012,4,10,5,0,4,3,SR-488,,99998,32.704325,-89.42722778,0,42,0,0,1,1,0,6,1,1,0,1,0,0000000,88,88,88,88,88,88,0,0,0,1,0
28,280423,1,1,0,0,0,2,2,71,0,10,11,2012,7,0,13,0,3,3,SR-315,,99998,34.39880278,-89.4679,0,42,0,0,1,1,0,6,2,1,0,1,0,0000000,88,88,88,88,88,88,0,0,0,2,0
28,280424,1,1,0,0,0,1,1,23,0,11,11,2012,1,1,23,0,4,2,US-11,,99998,32.03894444,-88.68504722,0,24,0,0,1,1,0,6,2,1,0,1,0,0000000,88,88,88,88,88,88,0,0,0,1,1
28,280425,1,1,0,0,0,1,1,85,0,11,11,2012,1,11,58,0,4,3,SR-550,,99998,31.60888333,-90.50226111,0,34,0,0,1,1,0,6,1,1,0,1,0,0000000,88,88,88,88,88,88,0,0,0,1,0
28,280426,1,1,0,0,0,1,1,109,0,11,11,2012,1,15,13,0,4,3,SR-43,,99998,30.51688611,-89.63528333,0,35,0,0,1,1,0,6,1,1,0,1,0,0000000,15,41,16,0,16,22,0,0,0,1,1
28,280427,2,2,0,0,0,2,2,81,2610,6,11,2012,3,9,49,0,16,6,CLIFF GOOKIN BLVD,,0,34.24908333,-88.7727,0,12,6,0,4,1,0,1,1,1,0,1,0,0000000,9,54,10,12,10,39,0,0,0,1,0
28,280428,2,2,0,0,0,2,2,93,0,10,11,2012,7,18,18,0,4,3,SR-302,SR-309,99998,34.96279167,-89.68891389,0,12,6,0,2,2,0,1,2,1,0,1,0,0000000,88,88,88,88,88,88,0,0,0,1,0
28,280429,2,2,0,0,0,5,5,79,0,11,11,2012,1,18,42,1,2,3,SR-25,MARS HILL RD,99998,32.88472222,-89.38345278,0,12,6,0,2,2,0,1,2,1,0,1,0,0000000,19,3,19,19,19,42,0,0,0,1,0
28,280430,1,1,0,0,0,1,1,129,0,13,11,2012,3,12,24,0,4,4,CR-1,,0,32.17928611,-89.63253611,0,32,0,0,1,1,0,6,1,1,0,1,0,0000000,12,42,13,0,13,22,0,0,0,1,0
28,280431,1,1,0,0,0,1,1,47,1020,14,11,2012,4,14,2,0,13,3,SR-605,DEDEAUX RD,99998,30.44973889,-89.03085556,0,30,0,0,1,1,0,5,1,1,0,1,0,0000000,88,88,88,88,88,88,0,0,0,1,1
28,280432,1,1,0,0,0,1,1,153,0,15,11,2012,5,2,5,1,2,2,US-84,,99998,31.69451389,-88.78434167,0,1,0,0,1,1,0,6,3,1,0,1,0,0000000,88,88,88,88,88,88,0,0,0,1,0
28,280433,2,2,0,0,0,5,5,29,0,14,11,2012,4,7,26,0,3,3,SR-27,OLD HWY 27,99998,31.97477778,-90.26351111,0,12,6,0,2,2,0,1,1,1,0,1,0,0000000,88,88,88,88,88,88,0,0,0,4,0
28,280434,1,1,0,0,0,3,3,49,1220,15,11,2012,5,2,32,0,16,6,PASCAGOULA ST,,0,32.29823611,-90.16733056,0,30,0,0,1,1,0,6,3,1,0,1,0,0000000,3,0,3,22,3,59,0,0,0,1,1
28,280435,1,1,0,1,1,1,1,7,0,6,5,2012,1,12,45,0,5,8,NATCHEZ TRACE,,0,33.07147222,-89.54400556,0,9,0,0,1,1,0,1,1,1,0,1,0,0000000,88,88,88,88,88,88,0,0,0,1,0
28,280436,1,1,0,0,0,2,2,111,0,9,10,2012,3,21,39,0,4,4,CR-HANCOCK RD,,0,31.37466667,-89.03484722,0,42,0,0,1,1,0,6,2,1,0,1,0,0000000,21,55,22,13,22,41,0,0,0,1,0
28,280437,1,1,0,0,0,3,3,99,0,15,11,2012,5,11,51,0,4,4,CR-107,,0,32.61292222,-89.30350833,0,34,0,0,1,1,0,6,1,1,0,1,0,0000000,12,9,12,36,12,58,0,0,0,1,1
28,280438,2,2,0,0,0,5,5,139,0,16,11,2012,6,19,57,0,4,4,CR-615,,0,34.68885278,-88.79835833,0,12,1,0,1,1,0,1,3,1,0,1,0,0000000,20,13,20,33,21,10,0,0,0,1,0
28,280439,1,1,0,0,0,3,3,53,0,18,11,2012,1,0,5,1,2,2,US-49,,99998,33.22212222,-90.54738056,0,34,0,0,1,1,0,6,2,1,0,1,0,0000000,0,19,0,30,1,22,0,0,0,1,1
28,280440,1,1,0,0,0,2,2,59,932,18,11,2012,1,15,27,0,16,8,OFF RAMP,I-10,99998,30.43417222,-88.65815,0,26,0,0,3,1,0,6,1,1,0,1,0,0000000,15,29,16,11,16,39,0,0,0,1,0
28,280441,1,1,0,0,0,2,2,123,0,18,11,2012,1,16,42,1,1,1,I-20,,99998,32.32626944,-89.44615,0,42,0,0,1,1,0,6,5,1,0,1,0,0000000,16,59,17,19,18,0,0,0,0,1,0
28,280442,1,1,0,0,0,1,1,121,0,19,11,2012,2,21,55,0,4,4,CR-SPRING WATER RANCH RD,,0,32.10595833,-89.81915556,0,30,0,0,1,1,0,6,2,1,0,1,0,0000000,88,88,88,88,88,88,0,0,0,1,0
28,280443,2,2,0,0,0,8,8,27,0,18,11,2012,1,21,31,1,2,2,US-49,SR-1,99998,34.48439444,-90.53690278,0,12,6,0,2,3,0,1,2,1,0,1,0,0000000,21,52,22,36,23,22,0,0,0,3,0
28,280444,1,1,0,0,0,1,1,139,0,21,11,2012,4,12,54,1,2,2,US-72,,99998,34.95139722,-88.94491944,0,1,0,0,1,1,0,6,1,1,0,1,0,0000000,88,88,88,88,88,88,0,0,0,1,0
28,280445,1,1,0,1,1,3,3,127,1510,21,11,2012,4,18,22,1,12,2,US-49,,99998,31.867075,-89.73956389,0,8,0,0,1,1,0,1,2,1,0,1,0,0000000,88,88,88,88,88,88,0,0,0,1,0
28,280446,2,2,0,0,0,3,3,49,1220,21,11,2012,4,20,56,0,16,6,WESTHAVEN BLVD,,0,32.30886944,-90.27013889,0,12,1,0,1,1,0,1,3,1,0,1,0,0000000,21,10,21,36,21,45,0,0,0,1,1
28,280447,1,1,0,0,0,1,1,49,1220,23,11,2012,6,2,23,0,16,6,WOODROW WILSON BLVD,TULANE,0,32.32653889,-90.20869722,0,18,0,0,2,2,0,6,3,1,0,1,0,0000000,88,88,88,88,88,88,0,0,0,1,0
28,280448,1,1,0,0,0,1,1,113,0,23,11,2012,6,5,20,0,4,4,CR-EMERALD LANE,,0,31.08356944,-90.3585,0,34,0,0,1,1,0,6,2,1,0,1,0,0000000,88,88,88,88,88,88,0,0,0,1,0