STATE,ST_CASE,VE_TOTAL,VE_FORMS,PVH_INVL,PEDS,PERNOTMVIT,PERMVIT,PERSONS,COUNTY,CITY,DAY,MONTH,YEAR,DAY_WEEK,HOUR,MINUTE,NHS,ROAD_FNC,ROUTE,TWAY_ID,TWAY_ID2,MILEPT,LATITUDE,LONGITUD,SP_JUR,HARM_EV,MAN_COLL,RELJCT1,RELJCT2,TYP_INT,WRK_ZONE,REL_ROAD,LGT_COND,WEATHER1,WEATHER2,WEATHER,SCH_BUS,RAIL,NOT_HOUR,NOT_MIN,ARR_HOUR,ARR_MIN,HOSP_HR,HOSP_MN,CF1,CF2,CF3,FATALS,DRUNK_DR
28,280449,1,1,0,0,0,2,2,33,2422,23,11,2012,6,15,28,0,16,6,TCHULAHOMA RD,,0,34.94126944,-89.95688056,0,35,0,0,1,1,0,6,1,1,0,1,0,0000000,15,31,16,11,16,50,0,0,0,1,0
28,280450,1,1,0,0,0,1,1,53,0,24,11,2012,7,1,46,0,3,3,SR-7,,99998,33.19658056,-90.48806944,0,1,0,0,1,1,0,6,2,1,0,1,0,0000000,2,2,2,22,2,30,0,0,0,1,1
28,280451,1,1,0,0,0,1,1,49,1220,24,11,2012,7,4,12,0,16,6,FOREST HILL AVE,BROOKWOOD PLACE,0,32.22094722,-90.26577222,0,35,0,1,2,3,0,6,3,1,0,1,0,0000000,88,88,88,88,88,88,0,0,0,1,0
28,280452,1,1,0,0,0,2,2,95,10,25,11,2012,1,1,10,1,12,3,SR-45,,99998,33.8148,-88.55883889,0,1,0,0,1,1,0,6,2,1,0,1,0,0000000,1,18,1,49,2,20,0,0,0,1,1
28,280453,1,1,0,0,0,1,1,29,0,25,11,2012,1,17,44,1,1,1,I-55,,99998,31.84391389,-90.41434722,0,43,0,0,1,1,0,5,2,1,0,1,0,0000000,88,88,88,88,88,88,0,0,0,1,0
28,280454,2,2,0,0,0,4,4,81,0,1,9,2012,7,17,36,0,4,4,CR-506,CR-300,0,34.11852778,-88.73663889,0,12,6,1,2,2,0,1,1,1,0,1,0,0000000,17,54,18,18,18,40,0,0,0,1,1
28,280455,3,3,0,0,0,7,7,47,0,23,11,2012,6,15,25,0,4,4,CR-FIRETOWER RD,RD-LOBOUY RD,0,30.41916111,-89.25672778,0,12,6,1,2,2,0,1,1,1,0,1,0,0000000,15,28,16,16,16,40,0,0,0,1,0
28,280456,1,1,0,0,0,1,1,59,0,26,11,2012,2,21,58,0,4,4,CR-LILLY ORCHARD RD,,0,30.58605,-88.47715556,0,42,0,0,1,1,0,6,2,2,0,2,0,0000000,22,17,22,39,23,0,0,0,0,1,0
28,280457,1,1,0,0,0,1,1,23,0,26,11,2012,2,3,0,1,2,1,I-59,,99998,32.05683333,-88.90744722,0,34,0,0,1,1,0,6,2,1,0,1,0,0000000,88,88,88,88,88,88,0,0,0,1,0
28,280458,1,1,0,0,0,1,1,141,0,27,11,2012,3,2,35,1,2,3,SR-25,CR-192,99998,34.77522778,-88.21623611,0,35,0,1,2,3,0,6,2,2,10,2,0,0000000,88,88,88,88,88,88,0,0,0,1,1
28,280459,1,1,0,0,0,1,1,157,0,27,11,2012,3,20,29,0,4,4,CR-33,,0,31.0585,-91.08919722,0,43,0,0,1,1,0,6,6,1,0,1,0,0000000,20,57,21,13,21,40,0,0,0,1,0
28,280460,2,2,0,0,0,2,2,29,0,28,11,2012,4,3,34,1,1,1,I-55,,99998,31.93169444,-90.39881111,0,12,1,0,1,1,0,1,2,5,0,5,0,0000000,88,88,88,88,88,88,0,0,0,1,0
28,280461,1,1,0,0,0,4,4,117,0,28,11,2012,4,19,15,0,3,3,SR-145,SR-45,99998,34.67408611,-88.59643056,0,35,0,0,2,2,0,6,2,1,0,1,0,0000000,19,32,19,49,20,30,0,0,0,1,0
28,280462,1,1,0,0,0,1,1,13,0,30,11,2012,6,3,14,0,3,4,CR-341,,99998,33.93018333,-89.17231389,0,34,0,0,1,1,0,6,3,1,0,1,0,0000000,88,88,88,88,88,88,0,0,0,1,1
28,280463,1,1,0,0,0,7,7,149,0,30,11,2012,6,22,22,0,4,4,CR-DUNCAN RD,,0,32.30281111,-90.74087778,0,34,0,0,1,1,0,6,2,1,0,1,0,0000000,88,88,88,88,88,88,0,0,0,1,0
28,280465,1,1,0,0,0,1,1,109,0,1,12,2012,7,5,19,0,4,4,CR-MELTON SMITH RD,,0,30.70745,-89.47863611,0,1,0,0,1,1,0,6,2,5,0,5,0,0000000,88,88,88,88,88,88,0,0,0,1,0
28,280466,2,2,0,0,0,3,3,47,1020,1,12,2012,7,13,40,0,19,6,605,,99998,30.56621944,-89.02256667,0,12,6,0,4,1,0,1,1,1,0,1,0,0000000,13,45,14,0,14,22,0,0,0,1,0
28,280467,1,1,0,0,0,2,2,95,0,1,12,2012,7,18,7,0,5,3,SR-8,,99998,33.89555556,-88.331225,0,35,0,0,1,1,0,6,2,1,0,1,0,0000000,18,17,18,36,19,22,0,0,0,1,1
28,280468,1,1,0,0,0,1,1,81,0,1,12,2012,7,21,54,0,4,4,CR-BRIMINGHAM RIDGE,,0,34.37527778,-88.75699167,0,30,0,0,1,1,0,6,2,1,0,1,0,0000000,88,88,88,88,88,88,0,0,0,1,0
28,280469,1,1,0,0,0,1,1,47,1020,1,12,2012,7,23,19,0,16,6,BEACH BLVD,,0,30.37496667,-89.06169444,0,42,0,0,1,1,0,6,2,1,10,10,0,0000000,88,88,88,88,88,88,0,0,0,1,0
28,280470,1,1,0,2,2,1,1,161,0,2,12,2012,1,18,2,0,4,3,SR-315,,99998,34.183575,-89.65166111,0,8,0,0,1,1,0,1,2,1,0,1,0,0000000,88,88,88,88,88,88,0,0,0,2,0
28,280471,2,2,0,0,0,3,3,41,0,3,12,2012,2,3,55,1,2,2,US-98,MT GILLARD CHURCH RD,99998,31.07768056,-88.74818056,0,12,6,0,2,3,0,1,2,5,0,5,0,0000000,4,14,4,30,4,52,0,0,0,1,0
28,280472,1,1,0,0,0,1,1,105,0,3,12,2012,2,6,49,0,4,4,CR-STURGIS-MABEN RD,,0,33.4509,-89.05363611,0,42,0,0,1,1,0,6,1,1,0,1,0,0000000,88,88,88,88,88,88,0,0,0,1,0
28,280473,2,2,0,0,0,6,6,95,0,3,12,2012,2,11,9,1,2,2,US-45,,99998,34.02763333,-88.63220556,0,12,1,0,1,1,0,1,1,1,0,1,0,0000000,11,25,12,10,12,42,0,0,0,1,0
28,280474,1,1,0,1,1,1,1,23,0,3,12,2012,2,20,11,0,5,3,SR-145,,99998,31.87598889,-88.70803056,0,8,0,0,1,1,0,1,3,1,0,1,0,0000000,88,88,88,88,88,88,0,0,0,1,0
28,280475,1,1,0,0,0,2,2,9,0,4,12,2012,3,11,11,0,3,3,SR-5,,99998,34.66746667,-89.17974722,0,42,0,0,1,1,0,5,1,10,0,10,0,0000000,11,23,11,39,12,10,0,0,0,1,0
28,280476,3,3,0,0,0,7,7,75,0,6,12,2012,5,7,43,0,14,3,SR-145,,99998,32.31531944,-88.69198889,0,12,6,0,1,1,0,1,1,1,0,1,0,0000000,8,3,8,26,9,11,0,0,0,2,0
28,280477,2,2,0,0,0,7,7,89,0,6,12,2012,5,15,33,0,14,2,US-51,SR-17,99998,32.84815,-89.96865556,0,12,6,0,2,3,0,1,1,10,0,10,0,0000000,16,11,17,0,17,40,0,0,0,2,0
28,280478,2,2,0,0,0,3,3,95,0,6,12,2012,5,17,15,0,3,2,US-278,,99998,33.902025,-88.34374722,0,12,2,0,1,1,0,1,5,1,0,1,0,0000000,17,17,17,40,18,40,0,0,0,1,0
28,280479,1,1,0,0,0,1,1,35,0,7,12,2012,6,4,40,0,4,4,CR-BROOKLYN JANICE RD,,0,31.05915278,-89.18192778,0,34,0,0,1,1,0,6,2,5,0,5,0,0000000,88,88,88,88,88,88,0,0,0,1,0
28,280480,2,2,0,0,0,2,2,145,0,7,12,2012,6,17,30,0,4,3,SR-762,,99998,34.55122222,-88.98145,0,12,1,0,1,1,0,1,2,2,10,2,0,0000000,88,88,88,88,88,88,0,0,0,1,0
28,280481,1,1,0,0,0,4,4,15,0,9,12,2012,1,11,31,0,4,4,CR-JACKSON ST,,0,33.50725,-89.95623889,0,30,0,0,1,1,0,6,1,1,10,10,0,0000000,11,50,12,36,13,30,0,0,0,1,0
28,280482,2,2,0,0,0,2,2,7,0,11,12,2012,3,7,57,0,3,3,SR-14,,99998,33.03257222,-89.46438611,0,12,6,0,1,1,0,1,1,1,0,1,0,0000000,88,88,88,88,88,88,0,0,0,1,0
28,280483,1,1,0,0,0,1,1,67,0,11,12,2012,3,8,18,0,4,3,SR-28,,99998,31.79279167,-89.33839444,0,32,0,0,1,1,0,6,1,10,0,10,0,0000000,88,88,88,88,88,88,0,0,0,1,0
28,280484,2,2,0,0,0,2,2,143,0,11,12,2012,3,23,7,1,2,2,US-61,GREEN RIVER RD,99998,34.68953611,-90.37576111,0,12,1,0,2,2,0,1,3,1,0,1,0,0000000,88,88,88,88,88,88,0,0,0,1,0
28,280485,1,1,0,0,0,1,1,149,0,13,12,2012,5,21,44,0,4,2,US-80,,99998,32.35036389,-90.718425,0,42,0,0,1,1,0,6,2,1,0,1,0,0000000,21,51,22,36,22,58,0,0,0,1,0
28,280486,1,1,0,1,1,3,3,39,0,14,12,2012,6,4,27,0,3,3,SR-63,,99998,30.97331667,-88.62050556,0,8,0,0,1,1,0,1,2,1,0,1,0,0000000,88,88,88,88,88,88,0,0,0,1,0
28,280487,1,1,0,0,0,1,1,3,0,14,12,2012,6,14,13,0,4,4,CR-510,,0,34.87273056,-88.62816944,0,1,0,0,1,1,0,6,1,1,0,1,0,0000000,88,88,88,88,88,88,0,0,0,1,0
28,280488,2,2,0,0,0,3,3,49,490,15,12,2012,7,1,22,1,1,1,I-20,,99998,32.34671667,-90.36711111,0,12,99,0,1,1,0,6,2,1,0,1,0,0000000,88,88,88,88,88,88,0,0,0,1,1
28,280489,2,2,0,0,0,4,4,133,0,16,12,2012,1,12,12,1,2,2,US-49,,99998,33.65368333,-90.52271389,0,12,6,0,1,1,0,1,1,2,0,2,0,0000000,12,28,12,42,13,11,0,0,0,3,0
28,280490,2,2,0,0,0,2,2,31,0,18,12,2012,3,13,14,1,2,2,US-49,SOUTH MAIN ST,99998,31.638725,-89.56265278,0,12,6,0,2,2,0,1,1,1,0,1,0,0000000,88,88,88,88,88,88,0,0,0,1,0
28,280491,1,1,0,0,0,1,1,49,1220,20,12,2012,5,11,12,0,16,6,BELVEDERE,,0,32.27727222,-90.22710278,0,33,0,0,1,1,0,6,1,1,0,1,0,0000000,88,88,88,88,88,88,0,0,0,1,0
28,280492,1,1,0,1,1,1,1,57,0,20,12,2012,5,18,47,1,2,2,US-78,,99998,34.22360833,-88.30062222,0,8,0,0,1,1,0,1,2,1,0,1,0,0000000,88,88,88,88,88,88,0,0,0,1,0
28,280493,1,1,0,0,0,1,1,1,0,20,12,2012,5,23,25,0,4,4,CR-702,,0,31.44415,-91.17744722,0,42,0,0,1,1,0,6,2,1,0,1,0,0000000,88,88,88,88,88,88,0,0,0,1,0
28,280494,2,2,0,0,0,3,3,59,0,21,12,2012,6,5,27,0,3,3,SR-614,,99998,30.64432778,-88.46610833,0,12,1,0,1,1,0,1,2,1,0,1,0,0000000,88,88,88,88,88,88,0,0,0,1,0
28,280495,1,1,0,0,0,1,1,31,0,23,12,2012,1,9,35,0,4,3,SR-589,,99998,31.54316944,-89.50709444,0,1,0,0,1,1,0,6,1,1,0,1,0,0000000,88,88,88,88,88,88,0,0,0,1,0
28,280496,3,3,0,0,0,7,7,87,0,23,12,2012,1,11,25,0,3,3,SR-12,,99998,33.59100278,-88.33969444,0,12,6,0,1,1,0,1,1,1,10,10,0,0000000,11,45,12,22,12,49,0,0,0,1,0
28,280497,1,1,0,1,1,1,1,49,1220,24,12,2012,2,6,18,0,16,6,STATE ST,STATIUM DR,0,32.32865556,-90.17556111,0,8,0,0,2,3,0,1,3,1,0,1,0,0000000,6,22,6,38,7,0,0,0,0,1,0
28,280498,1,1,0,0,0,1,1,121,0,24,12,2012,2,11,48,1,1,1,I-20,,99998,32.28335833,-89.90166389,0,42,0,0,1,1,0,6,1,1,0,1,0,0000000,12,4,12,22,12,36,0,0,0,1,0
28,280499,1,1,0,1,1,1,1,49,1220,24,12,2012,2,18,9,0,16,2,US-80,,99998,32.32328889,-90.29351111,0,8,0,0,1,1,0,1,2,1,0,1,0,0000000,88,88,88,88,88,88,0,0,0,1,0
28,280500,1,1,0,0,0,2,2,81,0,25,12,2012,3,12,55,0,4,3,SR-245,,99998,34.09094444,-88.72831667,0,42,0,0,1,1,0,6,1,2,0,2,0,0000000,13,12,13,39,14,0,0,0,0,1,0
28,280501,1,1,0,0,0,4,4,123,0,25,12,2012,3,19,54,0,3,3,SR-13,,99998,32.44610278,-89.65346944,0,34,0,0,1,1,0,6,2,2,10,2,0,0000000,20,12,20,39,21,0,0,0,0,1,0
28,280502,2,2,0,0,0,5,5,35,0,26,12,2012,4,15,10,0,4,4,CR-CHURCHWELL RD,,0,31.11296944,-89.33419722,0,12,2,0,1,1,0,1,1,1,0,1,0,0000000,15,19,15,36,16,11,0,0,0,1,0
28,280503,1,1,0,0,0,6,6,89,0,27,12,2012,5,3,34,0,15,3,SR-22,,99998,32.50066944,-90.35527778,0,1,0,0,1,1,0,6,2,1,0,1,0,0000000,4,9,4,36,5,22,0,0,0,1,0
28,280504,1,1,0,0,0,9,9,99,0,29,12,2012,7,0,35,0,4,4,CR-107,,0,32.58959167,-89.28583056,0,34,0,0,1,1,0,6,2,2,0,2,0,0000000,0,51,1,31,2,16,0,0,0,6,1
28,280505,1,1,0,0,0,2,2,93,0,30,12,2012,1,1,57,0,4,4,CR-MATTHEWS CORNER RD,,0,34.74385278,-89.67978611,0,34,0,0,1,1,0,6,2,1,0,1,0,0000000,2,12,2,36,99,99,0,0,0,1,0
28,280506,2,2,0,0,0,2,2,101,0,30,12,2012,1,15,31,0,16,6,3RD AVE,CHURCH ST,0,32.320075,-89.15790278,0,12,7,0,2,3,0,1,1,10,0,10,0,0000000,88,88,88,88,88,88,0,0,0,1,0
28,280507,1,1,0,0,0,2,2,35,0,31,12,2012,2,1,38,1,2,2,US-49,,99998,31.11800556,-89.22222222,0,42,0,0,1,1,0,6,2,1,0,1,0,0000000,2,19,2,42,3,22,0,0,0,1,1
28,280508,1,1,0,0,0,1,1,49,0,31,12,2012,2,18,8,0,4,3,SR-467,,99998,32.28589444,-90.48844444,0,34,0,0,1,1,0,6,2,10,0,10,0,0000000,88,88,88,88,88,88,0,0,0,1,0
28,280509,2,2,0,0,0,4,4,47,1380,31,12,2012,2,23,43,0,16,6,W RAILROAD ST,4TH AVE,0,30.34885556,-89.15735,0,12,6,0,2,3,0,1,3,2,0,2,0,0000000,23,45,1,22,2,11,0,0,0,1,0
29,290001,1,1,0,0,0,2,2,19,0,1,1,2012,1,2,30,0,4,3,SR-Z,,191,38.97708333,-92.20302778,0,34,0,0,1,1,0,4,2,10,2,2,0,0000000,99,99,99,99,99,99,0,0,0,1,1
29,290002,2,1,1,0,2,1,3,95,4490,2,1,2012,2,15,0,1,11,1,I-470,,102,38.934,-94.41852778,0,14,0,1,5,1,0,8,1,1,0,1,0,0000000,15,2,15,10,15,35,0,0,0,1,0
29,290003,2,2,0,0,0,2,2,55,0,2,1,2012,2,18,3,0,3,3,SR-19,,126,38.04477778,-91.39386111,0,12,2,0,1,1,0,1,2,1,0,1,0,0000000,18,6,18,8,18,40,0,0,0,1,2
29,290004,1,1,0,0,0,1,1,63,0,4,1,2012,4,11,11,0,3,2,US-169,,18,40.01283333,-94.52847222,0,38,0,0,1,1,0,4,1,1,0,1,0,0000000,99,98,99,98,88,88,0,0,0,1,0
29,290005,1,1,0,0,0,1,1,73,0,5,1,2012,5,23,20,0,3,3,SR-28,,129,38.37283333,-91.44502778,0,58,0,0,1,1,0,4,2,1,0,1,0,0000000,23,27,23,36,88,88,0,0,0,1,1
29,290006,1,1,0,0,0,2,2,91,0,9,1,2012,2,6,0,0,4,3,SR-CC,,93,36.74472222,-91.95602778,0,35,0,0,1,1,0,4,2,1,0,1,0,0000000,6,9,6,21,88,88,0,0,0,2,0
29,290007,1,1,0,1,1,1,1,189,2460,15,1,2012,1,17,49,0,13,3,SR-340,,8,38.60338333,-90.58559722,0,8,0,0,1,1,0,1,3,99,0,99,0,0000000,99,99,99,99,99,99,0,0,0,1,0
29,290008,2,2,0,0,0,3,3,197,6560,2,1,2012,2,9,25,1,2,2,US-63,SR-W,137,40.40333333,-92.55916667,0,12,6,0,2,2,0,1,1,1,0,1,0,0000000,9,29,9,41,10,30,0,0,0,1,0
29,290009,1,1,0,1,1,2,2,55,0,7,1,2012,7,3,15,0,13,7,I-44 NOR,,103,38.19362778,-91.18754167,0,8,0,0,1,1,0,1,2,1,0,1,0,0000000,3,12,3,19,3,55,0,0,0,1,0
29,290010,1,1,0,0,0,2,2,99,0,12,1,2012,5,6,40,1,1,1,I-55,,60,38.15666667,-90.35666667,0,52,0,1,18,1,0,8,2,4,0,4,0,0000000,6,55,7,5,7,30,0,0,0,1,0
29,290011,1,1,0,1,1,2,2,101,4210,14,1,2012,7,6,10,0,3,3,SR-58,,31,38.74416667,-94.07166667,0,8,0,0,1,1,0,1,2,1,0,1,0,0000000,99,98,99,98,88,88,0,0,0,1,0
29,290012,1,1,0,0,0,1,1,57,0,15,1,2012,1,14,20,0,4,3,SR-D,,111,37.42458333,-94.02458333,0,30,0,0,1,1,0,4,1,10,0,10,0,0000000,99,98,99,98,88,88,0,0,0,1,0
29,290013,1,1,0,0,0,1,1,47,4120,16,1,2012,2,21,45,1,12,2,US-169,,183,39.19372222,-94.59033333,0,35,0,1,19,1,0,4,2,10,0,10,0,0000000,22,0,22,3,22,23,0,0,0,1,0
29,290014,2,2,0,0,0,2,2,175,1620,6,1,2012,6,14,55,1,2,2,US-63,SR-P,26,39.27711111,-92.35236111,0,12,6,0,2,2,0,1,1,1,0,1,0,0000000,99,98,99,98,88,88,0,0,0,1,0
29,290015,1,1,0,0,0,1,1,7,5170,14,1,2012,7,2,29,0,13,6,BOULEVARD ST,,33,39.1632,-91.88701667,0,33,0,0,1,1,0,4,3,1,0,1,0,0000000,2,32,2,38,3,20,0,0,0,1,1
29,290016,2,1,1,0,0,2,2,91,0,16,1,2012,2,23,15,0,3,3,SR-17,,131,36.90769444,-91.76883333,0,35,0,0,1,1,0,4,2,10,0,10,0,0000000,0,28,0,42,1,41,0,0,0,1,0
29,290017,2,2,0,0,0,3,3,185,0,18,1,2012,4,10,55,1,2,3,SR-13,SR-82,26,38.04060833,-93.68126389,0,12,6,0,2,2,0,1,1,1,0,1,0,0000000,10,20,10,25,10,48,0,0,0,1,0
29,290018,2,2,0,0,0,2,2,186,0,5,1,2012,5,10,20,0,4,3,SR-Y,,37,37.98055556,-90.29305556,0,12,2,0,1,1,0,1,1,10,0,10,0,0000000,10,22,10,29,88,88,0,0,0,1,0
29,290019,2,2,0,0,0,2,2,207,0,8,1,2012,1,12,50,0,5,3,SR-J,,26,36.89944444,-90.18527778,0,12,2,0,1,1,0,1,1,1,0,1,0,0000000,13,5,13,37,14,31,0,0,0,1,0
29,290020,2,2,0,0,0,2,2,83,1750,11,1,2012,4,21,35,1,13,3,SR-13,E GAINES DR,123,38.38955,-93.77091389,0,12,6,0,2,2,0,1,3,10,0,10,0,0000000,21,37,21,39,21,56,0,0,0,1,0
29,290021,2,2,0,0,0,2,2,167,0,24,1,2012,3,15,55,0,4,3,SR-H,,131,37.43533333,-93.27538889,0,12,6,0,1,1,0,1,1,1,0,1,1,0000000,16,0,16,20,99,99,0,0,0,1,0
29,290022,4,4,0,0,0,7,7,189,1575,4,1,2012,4,15,33,1,13,2,US-40,,136,38.65194444,-90.55402778,0,12,1,0,1,1,0,1,1,1,0,1,0,0000000,99,98,99,98,88,88,0,0,0,1,1
29,290023,1,1,0,0,0,1,1,17,0,7,1,2012,7,22,45,0,6,4,CR-310,,7,37.38877778,-89.96311111,0,1,0,0,1,1,0,4,2,1,0,1,0,0000000,22,49,23,16,23,29,0,0,0,1,1
29,290025,2,2,0,0,0,2,2,189,7760,26,1,2012,5,19,40,0,14,3,SR-HH,,92,38.63103889,-90.48965556,0,12,2,0,1,1,0,1,2,10,0,10,0,0000000,19,45,19,47,20,10,0,0,0,1,0
29,290026,1,1,0,0,0,1,1,181,0,21,1,2012,7,0,55,0,3,3,SR-142,,218,36.59436111,-90.81294444,0,42,0,0,1,1,0,4,2,10,0,10,0,0000000,0,55,1,4,88,88,0,0,0,1,1
29,290027,1,1,0,0,0,1,1,207,0,25,1,2012,4,14,0,0,6,4,CR-657,,9,36.79194444,-90.03452778,0,10,0,0,6,1,0,1,1,10,0,10,0,446327G,99,98,99,98,88,88,0,0,0,1,0
29,290028,3,2,1,0,0,4,4,77,7460,15,1,2012,1,9,25,1,13,6,KEARNEY ST,BROADWAY,43,37.24083889,-93.30208889,0,12,2,0,2,2,0,1,1,1,0,1,0,0000000,9,25,9,33,9,56,0,0,0,2,1
29,290029,1,1,0,0,0,2,2,61,0,20,1,2012,6,19,48,0,5,3,SR-NN,,18,39.97730556,-93.81791667,0,1,0,0,1,1,0,4,2,10,0,10,0,0000000,20,6,20,25,20,59,0,0,0,1,1
29,290030,1,1,0,0,0,1,1,209,0,26,1,2012,5,19,20,0,4,3,SR-39,,43,36.51891667,-93.56827778,0,32,0,0,1,1,0,4,2,10,0,10,0,0000000,99,98,99,98,88,88,0,0,0,1,1
29,290031,1,1,0,0,0,1,1,221,0,29,1,2012,1,3,15,0,4,3,SR-C,,176,37.78905556,-90.86344444,0,31,0,0,1,1,0,4,2,10,0,10,0,0000000,99,98,99,98,88,88,0,0,0,1,1
29,290032,1,1,0,1,1,1,1,151,0,30,1,2012,2,5,15,1,2,2,US-50,,24,38.50005,-91.96760556,0,8,0,0,1,1,0,1,2,1,0,1,0,0000000,99,98,99,98,88,88,19,0,0,1,0
29,290033,1,1,0,0,0,1,1,149,0,31,1,2012,3,6,0,0,3,3,SR-19,,263,36.61525,-91.47511111,0,1,0,0,1,1,0,4,2,10,0,10,0,0000000,99,98,99,98,88,88,0,0,0,1,0
29,290034,2,2,0,0,0,3,3,61,0,3,2,2012,6,1,7,1,1,1,I-35,,45,39.85052778,-94.17799167,0,12,6,0,1,1,0,1,2,1,0,1,0,0000000,1,17,1,31,2,11,0,0,0,1,0
29,290035,1,1,0,0,0,1,1,17,0,21,1,2012,7,1,25,0,4,3,SR-51,,457,37.10663889,-90.08444444,0,1,0,0,1,1,0,4,2,1,0,1,0,0000000,99,98,99,98,88,88,0,0,0,1,1
29,290036,1,1,0,0,0,1,1,95,4120,23,1,2012,2,22,41,0,14,6,S BENTON,,13,39.05011944,-94.55041389,0,30,0,0,1,1,0,4,3,1,0,1,0,0000000,22,41,22,46,23,8,20,0,0,1,0
29,290037,1,1,0,1,1,1,1,510,7080,29,1,2012,1,20,1,1,11,1,I-70,N KINGSHIGHWAY ST,16,38.68572778,-90.246175,0,8,0,1,5,1,0,1,3,1,0,1,0,0000000,99,98,99,98,88,88,0,0,0,1,0
29,290038,1,1,0,0,0,3,3,47,4120,30,1,2012,2,12,3,1,13,6,NE COOKINGHAM DR,,6,39.30327222,-94.51895278,0,1,0,0,1,1,0,4,1,1,0,1,0,0000000,12,5,12,13,99,99,0,0,0,1,0
29,290039,2,2,0,0,0,2,2,49,0,31,1,2012,3,20,40,0,4,2,US-69,SR-PP,199,39.46222222,-94.24416667,0,12,6,0,2,2,0,1,2,1,0,1,0,0000000,99,98,99,98,88,88,0,0,0,1,1
29,290040,2,2,0,0,0,3,3,95,4120,2,2,2012,5,8,7,0,13,6,PASEO BLVD,TRUMAN RD,58,39.09509722,-94.56399167,0,12,6,0,2,2,0,1,1,1,0,1,0,0000000,99,99,99,99,99,99,0,0,0,1,0
29,290041,1,1,0,0,0,3,3,91,0,3,2,2012,6,19,5,0,6,4,CR-3890,,1,36.99733333,-91.67344444,0,58,0,0,1,1,0,4,2,2,0,2,0,0000000,19,20,19,27,20,22,0,0,0,1,0
29,290042,2,2,0,0,0,4,4,77,0,4,2,2012,7,13,58,0,4,3,SR-123,,90,37.32711111,-93.46211111,0,12,2,0,1,1,0,1,1,10,0,10,0,0000000,13,58,14,20,15,19,0,0,0,1,0
29,290043,2,2,0,0,0,3,3,43,5730,11,1,2012,4,9,18,1,13,2,US-160,TRACKER RD,184,37.06561667,-93.30346667,0,12,6,0,2,2,0,1,1,1,0,1,0,0000000,9,19,9,23,99,99,0,0,0,2,0
29,290044,2,2,0,0,0,3,3,213,980,16,1,2012,2,15,8,0,15,6,SHEPHERD OF THE HILLS,,15,36.65133889,-93.26725,0,12,2,0,1,1,0,1,1,1,0,1,0,0000000,15,10,15,15,15,49,0,0,0,2,1
29,290046,1,1,0,0,0,1,1,95,7620,30,1,2012,2,8,29,1,12,3,SR-291,,229,39.15070833,-94.39258889,0,35,0,0,1,1,0,5,1,10,0,10,0,0000000,99,99,99,99,99,99,0,0,0,1,0
29,290047,3,1,2,1,1,1,1,510,7080,1,2,2012,4,18,38,1,11,1,I-55,,24,38.60422778,-90.21433056,0,8,0,0,1,1,0,1,3,1,0,1,0,0000000,99,98,99,98,88,88,23,0,0,1,0
29,290048,1,1,0,1,1,1,1,510,7080,2,2,2012,5,22,57,1,11,1,I-70,,33,38.66033611,-90.19640556,0,8,0,0,1,1,0,1,3,1,0,1,0,0000000,22,57,23,9,99,99,0,0,0,1,0
29,290050,1,1,0,1,1,1,1,19,380,6,2,2012,2,18,2,1,2,2,US-63,,354,38.766,-92.25272222,0,8,0,0,1,1,0,1,2,1,0,1,0,0000000,18,7,18,18,18,50,0,0,0,1,0
29,290051,1,1,0,0,0,2,2,209,0,8,2,2012,4,6,55,0,3,3,SR-86,,157,36.53664444,-93.37490278,0,32,0,0,1,1,0,4,1,10,0,10,0,0000000,6,57,7,12,7,54,0,0,0,1,0
29,290052,1,1,0,0,0,2,2,71,0,10,2,2012,6,21,35,0,4,3,SR-T,,15,38.51405556,-90.88488889,0,32,0,0,1,1,0,4,2,1,0,1,0,0000000,21,39,22,7,22,50,0,0,0,1,1
29,290053,1,1,0,0,0,1,1,175,0,12,2,2012,1,17,51,0,2,2,US-24,,57,39.42394444,-92.59555556,0,35,0,0,1,1,0,4,1,1,0,1,0,0000000,17,51,18,1,18,31,0,0,0,1,0
29,290054,2,2,0,0,0,2,2,71,0,13,2,2012,2,16,41,0,3,3,SR-185,,146,38.4035,-91.1865,0,12,2,0,1,1,0,1,1,4,0,4,0,0000000,16,44,17,0,17,40,0,0,0,1,0
29,290055,1,1,0,0,0,6,6,71,0,19,2,2012,1,2,33,1,1,1,I-44,,276,38.27888889,-91.10527778,0,57,0,0,1,1,0,3,2,1,0,1,0,0000000,2,34,2,49,3,23,0,0,0,1,1
29,290056,1,1,0,0,0,1,1,189,1575,22,2,2012,4,13,12,1,13,3,SR-340 OLIVE BLVD,CHESTERFIELD PKWY W,151,38.65678333,-90.55413333,0,33,0,0,3,1,0,3,1,1,0,1,0,0000000,99,98,99,98,88,88,0,0,0,1,0
29,290057,3,3,0,0,0,7,7,103,0,17,1,2012,3,18,40,0,4,3,SR-11,,46,40.24138889,-92.30305556,0,12,6,0,8,1,0,1,2,1,0,1,0,0000000,18,47,19,5,20,42,0,0,0,1,0
29,290058,1,1,0,0,0,4,4,71,0,3,2,2012,6,12,10,1,1,1,I-44,,109,38.31638889,-91.04416667,0,33,0,0,1,1,0,3,1,10,0,10,0,0000000,12,11,12,29,12,56,0,0,0,1,0