STATE,ST_CASE,VE_TOTAL,VE_FORMS,PVH_INVL,PEDS,PERNOTMVIT,PERMVIT,PERSONS,COUNTY,CITY,DAY,MONTH,YEAR,DAY_WEEK,HOUR,MINUTE,NHS,ROAD_FNC,ROUTE,TWAY_ID,TWAY_ID2,MILEPT,LATITUDE,LONGITUD,SP_JUR,HARM_EV,MAN_COLL,RELJCT1,RELJCT2,TYP_INT,WRK_ZONE,REL_ROAD,LGT_COND,WEATHER1,WEATHER2,WEATHER,SCH_BUS,RAIL,NOT_HOUR,NOT_MIN,ARR_HOUR,ARR_MIN,HOSP_HR,HOSP_MN,CF1,CF2,CF3,FATALS,DRUNK_DR
29,290059,2,2,0,0,0,2,2,55,0,6,2,2012,2,13,8,1,1,1,I-44,,124,38.11427778,-91.32677778,0,12,2,0,1,1,0,1,1,1,0,1,0,0000000,99,98,99,98,88,88,0,0,0,1,0
29,290060,2,2,0,0,0,2,2,19,0,15,2,2012,4,12,30,1,2,2,US-63,CR-CALVERT HILL RD,134,39.05345833,-92.33086111,0,12,6,0,2,2,0,1,1,2,0,2,0,0000000,12,31,12,41,13,24,0,0,0,1,0
29,290061,1,1,0,0,0,2,2,187,0,3,1,2012,3,3,30,0,4,3,SR-E,,39,37.95944444,-90.57027778,0,1,0,0,1,1,0,4,2,1,0,1,0,0000000,3,42,4,14,5,0,0,0,0,1,1
29,290062,1,1,0,0,0,1,1,189,5087,24,1,2012,3,9,58,0,14,6,FORDER RD,LEMAY FERRY RD,0,38.50105278,-90.33211944,0,33,0,0,3,2,0,4,1,1,0,1,0,0000000,10,0,10,4,10,24,0,0,0,1,0
29,290063,1,1,0,0,0,2,2,51,4040,11,2,2012,7,12,32,1,12,2,US-50,,128,38.58406944,-92.20070278,0,35,0,0,1,1,0,4,1,1,0,1,0,0000000,12,36,12,44,12,57,0,0,0,1,0
29,290064,1,1,0,0,0,1,1,163,0,13,2,2012,2,18,30,1,2,2,US-61,,178,39.39766667,-91.24186111,0,59,0,0,1,1,0,3,2,4,0,4,0,0000000,99,98,99,98,88,88,0,0,0,1,1
29,290065,1,1,0,0,0,1,1,21,0,18,2,2012,7,18,52,0,9,4,CR-SW 116TH ST,,3,39.54630556,-95.06922222,0,34,0,0,1,1,0,4,2,1,0,1,0,0000000,99,98,99,98,88,88,0,0,0,1,1
29,290066,3,3,0,0,0,4,4,189,1575,21,2,2012,3,10,52,1,13,3,SR-340,,92,38.68211111,-90.48938889,0,12,2,0,1,1,0,1,1,10,0,10,0,0000000,10,55,10,58,11,12,0,0,0,1,0
29,290067,1,1,0,0,0,1,1,13,0,24,2,2012,6,0,39,1,2,2,US-71,,236,38.13558333,-94.35097778,0,24,0,0,1,1,0,3,2,6,0,6,0,0000000,0,44,0,54,88,88,0,0,0,1,1
29,290068,1,1,0,0,0,1,1,15,0,17,2,2012,6,20,45,0,4,3,SR-E,,58,38.44688889,-93.45616667,0,35,0,0,1,1,0,4,2,1,0,1,0,0000000,99,98,99,98,88,88,0,0,0,1,1
29,290069,3,3,0,0,0,4,4,37,0,22,2,2012,4,19,32,0,4,3,SR-2,,215,38.64527778,-94.29333333,0,12,2,0,1,1,0,1,2,1,0,1,0,0000000,19,39,19,46,20,52,0,0,0,2,0
29,290070,2,1,1,0,0,1,1,43,0,25,2,2012,7,13,20,0,6,4,CR-RIVERDALE,,7,36.99111667,-93.25355556,0,42,0,0,1,1,0,4,1,1,0,1,0,0000000,99,98,99,98,88,88,0,0,0,1,0
29,290071,2,2,0,0,0,2,2,139,0,25,2,2012,7,3,30,1,1,1,I-70,,52,38.90519444,-91.54825,0,12,6,0,1,1,0,1,2,10,0,10,0,0000000,99,99,99,99,99,99,0,0,0,1,1
29,290073,2,2,0,0,0,3,3,99,2720,8,2,2012,4,21,56,1,12,2,US-67,,203,38.19796389,-90.39911389,0,25,0,0,1,1,0,3,2,1,0,1,0,0000000,99,99,99,99,99,99,0,0,0,1,1
29,290074,1,1,0,0,0,2,2,133,0,12,2,2012,1,16,30,0,4,3,SR-102,,147,36.61926667,-89.2751,0,42,0,0,1,1,0,4,1,1,0,1,0,0000000,16,42,17,0,99,99,0,0,0,1,1
29,290075,2,2,0,0,0,4,4,43,6020,13,2,2012,2,10,29,1,13,3,SR-14,CR-FREMONT RD,231,37.02351944,-93.24443889,0,12,2,0,2,3,0,1,1,10,4,4,0,0000000,10,39,10,52,11,7,0,0,0,1,0
29,290076,3,3,0,0,0,6,6,510,7080,18,2,2012,7,12,59,0,13,6,NATURAL BRIDGE LVD,GRAND AVE,37,38.66114444,-90.2167,0,12,6,0,2,2,0,1,1,1,0,1,0,0000000,12,59,13,3,13,42,0,0,0,2,0
29,290077,2,2,0,0,0,4,4,159,0,20,2,2012,2,12,30,1,13,2,US-65,GRAND AVE,148,38.72519444,-93.23715,0,12,6,0,3,1,0,1,1,1,0,1,0,0000000,12,32,12,38,12,59,0,0,0,1,0
29,290078,4,4,0,0,0,5,5,95,840,21,2,2012,3,14,57,0,14,4,CR-NW WOODS CHAPEL RD,I-70,0,39.03371389,-94.30521111,0,12,6,1,5,1,0,1,1,1,0,1,0,0000000,14,57,15,5,15,14,14,0,0,1,0
29,290079,2,2,0,0,0,2,2,167,0,22,2,2012,4,17,44,1,2,3,SR-13,SR-215,291,37.47227778,-93.35427778,0,12,6,0,2,2,0,1,1,1,0,1,0,0000000,17,45,18,1,18,24,0,0,0,1,2
29,290080,1,1,0,1,1,1,1,510,7080,22,2,2012,4,0,15,0,13,6,RIVERVIEW DR,,19,38.74421944,-90.20026111,0,8,0,0,1,1,0,1,3,1,0,1,0,0000000,0,16,0,30,1,7,0,0,0,1,0
29,290081,1,1,0,0,0,1,1,201,7203,28,2,2012,3,19,15,0,13,7,I-55 OUTER RD,,0,37.2326,-89.56435833,0,21,0,0,1,1,0,4,2,10,0,10,0,0000000,99,98,99,98,88,88,0,0,0,1,1
29,290082,1,1,0,0,0,2,2,91,0,22,1,2012,1,4,0,1,2,2,US-63,,153,36.87272222,-91.91519444,0,24,0,0,1,1,0,4,2,5,0,5,0,0000000,99,98,99,98,88,88,0,0,0,2,1
29,290083,1,1,0,0,0,2,2,185,0,7,2,2012,3,16,30,0,6,4,CR-1371,,41,37.90336111,-94.04252778,0,23,0,0,1,1,0,5,1,2,10,2,0,0000000,16,46,16,55,17,35,0,0,0,1,0
29,290084,1,1,0,0,0,1,1,47,0,7,2,2012,3,19,20,0,4,3,SR-33,,16,39.44813889,-94.367,0,34,0,0,1,1,0,4,2,1,0,1,0,0000000,99,98,99,98,88,88,0,0,0,1,1
29,290085,2,2,0,0,0,2,2,183,0,13,2,2012,2,7,25,1,11,1,I-64,,102,38.78205556,-90.79644444,0,12,6,1,18,1,0,1,1,4,10,4,0,0000000,99,98,99,98,88,88,0,0,0,1,0
29,290086,1,1,0,0,0,2,2,99,0,24,2,2012,6,19,40,1,12,3,SR-141,,26,38.45219444,-90.41127778,0,24,0,0,1,1,0,4,2,1,0,1,0,0000000,19,45,19,49,99,99,0,0,0,1,0
29,290087,1,1,0,0,0,1,1,73,0,26,2,2012,1,23,9,0,3,3,SR-28,,19,38.29652778,-91.61188889,0,11,0,0,1,1,0,1,2,1,0,1,0,0000000,99,98,99,98,88,88,0,0,0,1,0
29,290088,1,1,0,0,0,2,2,29,0,29,2,2012,4,22,58,0,4,3,SR-D,,6,37.99288056,-92.7794,0,35,0,0,1,1,0,4,2,1,0,1,0,0000000,99,98,99,98,88,88,0,0,0,1,1
29,290089,1,1,0,0,0,1,1,105,0,1,3,2012,5,18,50,0,4,3,SR-J,,139,37.49222222,-92.60722222,0,1,0,0,1,1,0,1,2,1,0,1,0,0000000,18,59,19,23,20,39,0,0,0,1,0
29,290090,2,2,0,0,0,2,2,37,0,6,3,2012,3,15,10,0,13,3,SR-291,,22,38.80694444,-94.37361111,0,12,6,0,1,1,0,1,1,1,0,1,0,0000000,15,14,15,20,15,54,0,0,0,1,0
29,290091,1,1,0,0,0,1,1,119,0,2,3,2012,6,1,15,1,2,2,US-71,,137,36.63474444,-94.4189,0,1,0,0,1,1,0,3,2,1,0,1,0,0000000,99,98,99,98,88,88,0,0,0,1,0
29,290092,1,1,0,0,0,2,2,183,8280,15,2,2012,4,19,25,1,11,1,I-70,,53,38.8095,-90.86597222,0,1,0,0,1,1,0,4,3,10,0,10,0,0000000,19,28,19,33,19,58,0,0,0,1,0
29,290093,1,1,0,0,0,1,1,77,7460,21,2,2012,3,10,39,1,12,2,US-65,,24,37.13906667,-93.25593611,0,35,0,1,5,1,0,4,1,1,0,1,0,0000000,10,37,10,51,11,7,0,0,0,1,0
29,290094,2,2,0,0,0,5,5,131,0,28,2,2012,3,14,40,0,3,3,SR-52,,121,38.25988889,-92.51186111,0,12,2,0,1,1,0,1,1,10,0,10,0,0000000,14,33,15,19,16,6,0,0,0,3,0
29,290095,1,1,0,0,0,2,2,189,2700,2,3,2012,6,0,1,0,15,6,PAUL AVE,,1,38.73883333,-90.30022778,0,40,0,0,1,1,0,4,3,1,0,1,0,0000000,99,99,99,99,99,99,0,0,0,1,1
29,290096,2,2,0,0,0,5,5,55,0,9,3,2012,6,21,40,0,4,3,SR-F,,107,38.09816667,-91.50486111,0,12,2,0,1,1,0,1,2,1,0,1,0,0000000,21,48,22,5,22,42,0,0,0,1,1
29,290097,2,2,0,0,0,2,2,117,1590,6,3,2012,3,9,52,1,13,2,US-36,MITCHELL AVE,93,39.77351944,-93.53873056,0,12,6,0,2,2,0,1,1,1,0,1,0,0000000,9,56,9,59,10,26,0,0,0,1,0
29,290098,1,1,0,0,0,1,1,185,0,10,1,2012,3,14,40,1,2,2,US-54,,39,37.89852778,-93.74469444,0,35,0,0,1,1,0,4,1,1,0,1,0,0000000,2,54,3,15,88,88,0,0,0,1,0
29,290099,1,1,0,0,0,2,2,85,0,23,2,2012,5,19,35,1,2,2,US-54,,18,37.89072222,-93.53277778,0,5,0,0,1,1,0,1,2,1,0,1,0,0000000,99,98,99,98,88,88,0,0,0,1,0
29,290100,1,1,0,0,0,1,1,189,7665,1,3,2012,5,21,50,1,11,1,I-270,,63,38.55238889,-90.4305,0,1,0,0,1,1,0,1,3,1,0,1,0,0000000,99,98,99,98,88,88,0,0,0,1,1
29,290101,2,2,0,0,0,4,4,77,7460,3,3,2012,7,0,25,0,15,6,COMMERCIAL ST,,18,37.23053056,-93.2748,0,33,0,0,1,1,0,4,3,1,0,1,0,0000000,99,98,99,98,88,88,0,0,0,1,1
29,290102,1,1,0,0,0,1,1,145,0,17,3,2012,7,12,27,0,4,3,SR-V,,44,36.99555556,-94.35930556,0,35,0,0,1,1,0,4,1,10,0,10,0,0000000,99,98,99,98,88,88,0,0,0,1,0
29,290103,1,1,0,0,0,2,2,99,0,9,3,2012,6,23,5,0,6,4,CR-GOLDMAN RD,,25,38.26122222,-90.51983333,0,42,0,0,1,1,0,5,2,1,0,1,0,0000000,23,5,23,20,99,99,0,0,0,1,0
29,290104,1,1,0,0,0,1,1,163,940,3,3,2012,7,3,40,0,6,6,BU 54,,0,39.34461111,-91.23258333,0,35,0,0,1,1,0,4,2,10,0,10,0,0000000,99,98,99,98,88,88,0,0,0,1,1
29,290105,3,3,0,0,0,4,4,95,4120,18,2,2012,7,23,54,0,14,6,GRAND BLVD,18TH,19,39.09169444,-94.58136111,0,12,6,0,2,2,0,1,2,1,0,1,0,0000000,23,55,0,2,0,16,0,0,0,1,0
29,290106,1,1,0,0,0,1,1,95,4120,19,2,2012,1,1,49,0,16,6,101ST TERR,,0,38.94283056,-94.57851667,0,33,0,0,1,1,0,3,3,1,0,1,0,0000000,99,98,99,98,88,88,0,0,0,1,1
29,290107,1,1,0,0,0,1,1,169,0,1,3,2012,5,20,34,0,3,3,SR-17,,86,37.90686111,-92.25416667,0,34,0,0,1,1,0,4,2,1,0,1,0,0000000,20,34,20,38,99,99,0,0,0,1,0
29,290108,1,1,0,0,0,1,1,183,0,3,3,2012,7,12,55,0,14,5,AREA PKWY,,9,38.74388889,-90.51583333,0,33,0,0,1,1,0,4,1,1,0,1,0,0000000,12,57,13,5,13,19,0,0,0,1,0
29,290109,1,1,0,0,0,2,2,95,4120,10,3,2012,7,2,50,0,13,2,US-40,LOGAN AVE,137,39.03504167,-94.40618056,0,5,0,0,1,1,0,1,2,1,0,1,0,0000000,2,59,3,7,3,20,0,0,0,1,0
29,290110,1,1,0,0,0,1,1,189,0,28,2,2012,3,0,40,0,15,4,CR-VALLEY PARK RD,,2,38.53578333,-90.49145833,0,53,0,0,1,1,0,4,2,1,0,1,0,0000000,99,98,99,98,88,88,0,0,0,1,1
29,290111,1,1,0,0,0,1,1,121,0,2,3,2012,6,12,5,0,4,3,SR-3,,3,40.03341111,-92.58520278,0,1,0,0,1,1,0,4,1,2,4,4,0,0000000,99,98,99,98,88,88,0,0,0,1,0
29,290112,1,1,0,0,0,1,1,29,0,10,3,2012,7,19,15,1,2,3,SR-7,,81,38.110575,-92.92541111,0,35,0,0,1,1,0,4,2,1,0,1,0,0000000,99,98,99,98,88,88,0,0,0,1,1
29,290113,1,1,0,0,0,1,1,23,0,6,3,2012,3,14,45,0,4,3,SR-U,,9,36.6605,-90.15738889,0,34,0,0,1,1,0,4,1,1,0,1,0,0000000,15,11,15,49,16,32,0,0,0,1,0
29,290114,2,2,0,0,0,4,4,169,0,9,3,2012,6,13,10,0,4,3,SR-O,SR-28,0,37.97523056,-92.09726389,0,12,6,0,2,3,0,1,1,1,0,1,0,0000000,13,22,13,46,14,34,0,0,0,1,0
29,290115,1,1,0,0,0,1,1,161,0,15,3,2012,5,16,40,1,1,1,I-44,,321,37.86913889,-92.01963889,0,1,0,0,1,1,0,4,1,10,2,2,0,0000000,16,41,17,0,17,41,0,0,0,1,0
29,290116,1,1,0,0,0,1,1,93,0,16,3,2012,6,20,45,0,4,3,SR-N,,30,37.63443056,-90.71701111,0,32,0,0,1,1,0,4,2,1,0,1,0,0000000,99,98,99,98,88,88,0,0,0,1,0
29,290118,1,1,0,0,0,1,1,221,0,25,2,2012,7,0,20,0,4,3,SR-U,,71,37.85388889,-90.70638889,0,35,0,0,1,1,0,4,2,10,0,10,0,0000000,0,19,0,30,88,88,0,0,0,1,1
29,290119,2,2,0,0,0,2,2,145,4100,4,3,2012,1,21,18,0,13,3,SR-FF,,31,37.05474722,-94.45188333,0,12,6,0,1,1,0,1,2,1,0,1,0,0000000,99,99,99,99,99,99,0,0,0,1,0
29,290120,1,1,0,1,1,1,1,95,4120,13,3,2012,3,23,21,0,16,6,FRONT ST,,24,39.13001111,-94.49719444,0,8,0,0,1,1,0,1,2,1,0,1,0,0000000,99,98,99,98,88,88,0,0,0,1,0
29,290121,1,1,0,0,0,6,6,171,0,16,3,2012,6,14,30,0,3,2,US-136,,295,40.46861111,-92.82416667,0,1,0,0,1,1,0,4,1,1,0,1,0,0000000,99,99,99,99,99,99,0,0,0,2,0
29,290122,1,1,0,0,0,1,1,95,4120,17,3,2012,7,5,17,1,1,1,I-35 RP,,0,39.07993333,-94.59326667,0,33,0,1,5,1,0,4,3,1,0,1,0,0000000,99,98,99,98,88,88,0,0,0,1,1
29,290123,1,1,0,0,0,1,1,165,4120,24,3,2012,7,23,36,0,12,3,SR-152 RAMP,,3,39.247875,-94.73586944,0,31,0,1,5,1,0,8,2,1,0,1,0,0000000,99,98,99,98,88,88,0,0,0,1,1
29,290124,1,1,0,0,0,3,3,97,4100,3,2,2012,6,2,4,0,4,6,32ND,ASHWOOD,4,37.05611389,-94.57446944,0,35,0,0,2,3,0,4,6,1,0,1,0,0000000,2,10,2,16,2,41,0,0,0,2,1
29,290125,1,1,0,1,1,1,1,77,7460,7,2,2012,3,19,58,0,13,6,BATTLEFIELD,KANSAS AVE,27,37.16020556,-93.31386944,0,8,0,0,2,2,0,1,3,2,0,2,0,0000000,19,58,20,7,20,21,0,0,0,1,0
29,290126,1,1,0,1,1,2,2,145,4100,10,2,2012,6,1,54,1,11,1,I-44,,67,37.01150556,-94.54529167,0,8,0,1,5,1,0,1,2,2,0,2,0,0000000,99,98,99,98,88,88,19,0,0,1,1
29,290127,2,2,0,0,0,4,4,17,8560,22,3,2012,5,18,15,0,4,3,SR-51,CR-710,432,37.138675,-90.08236111,0,12,2,0,2,2,0,1,1,1,0,1,0,0000000,99,98,99,98,88,88,0,0,0,1,1
29,290128,2,2,0,0,0,5,5,119,0,20,3,2012,3,7,45,1,2,2,US-71,CR-RAINS RD,31,36.53580278,-94.29896667,0,12,6,0,2,2,0,1,1,10,2,2,0,0000000,99,99,99,99,99,99,0,0,0,1,0
29,290129,2,1,1,0,0,1,1,510,7080,21,3,2012,4,23,58,0,14,6,WASHINGTON AVE,,47,38.63259444,-90.20053333,0,14,0,0,1,1,0,7,3,10,0,10,0,0000000,0,2,0,11,0,25,0,0,0,1,1
29,290130,2,2,0,0,0,2,2,113,8440,13,2,2012,2,8,0,0,3,3,SR-79,,188,38.97611111,-90.74833333,0,12,2,0,1,1,0,1,1,4,0,4,0,0000000,7,55,7,56,8,57,0,0,0,1,0
29,290131,2,2,0,0,0,2,2,189,0,3,3,2012,7,0,55,1,12,2,US-67,,369,38.83944444,-90.23722222,0,12,2,0,1,1,0,1,2,1,0,1,0,0000000,1,13,1,33,2,5,0,0,0,1,1
29,290132,5,5,0,0,0,10,10,510,7080,10,3,2012,7,0,33,0,13,6,S KINGSHIGHWAY BLVD,,43,38.63606111,-90.26639444,0,33,0,0,1,1,0,3,3,10,0,10,0,0000000,0,36,99,99,99,99,14,0,0,2,0
29,290133,2,2,0,0,0,3,3,189,0,11,3,2012,1,0,49,0,13,2,US-67,CR-E CONCORD RD,42,38.51467778,-90.34234167,0,12,6,0,2,2,0,1,3,1,0,1,0,0000000,0,49,0,53,1,23,0,0,0,1,1
29,290134,1,1,0,0,0,1,1,183,0,13,3,2012,3,17,0,0,4,3,SR-H,,28,38.86705556,-90.40094444,0,5,0,0,1,1,0,4,1,1,0,1,0,0000000,99,98,99,98,88,88,0,0,0,1,1
29,290135,1,1,0,0,0,1,1,71,0,21,3,2012,4,14,0,0,3,3,SR-185,,242,38.28230556,-91.22563889,0,42,0,0,1,1,0,4,1,10,0,10,0,0000000,99,98,99,98,88,88,0,0,0,1,0
29,290136,1,1,0,0,0,2,2,39,0,23,3,2012,6,22,30,0,3,3,SR-82,,19,37.89055556,-94.02027778,0,23,0,0,1,1,0,4,2,10,0,10,0,0000000,22,38,22,44,23,24,0,0,0,1,1
29,290137,4,4,0,0,0,7,7,189,0,12,1,2012,5,9,29,0,13,2,US-61 67,,295,38.47313333,-90.35551944,0,12,6,0,1,1,0,1,1,4,0,4,0,0000000,9,6,9,13,9,51,0,0,0,1,0
29,290138,2,2,0,0,0,4,4,95,4120,19,1,2012,5,2,15,0,14,6,PROSPECT AVE,18TH ST,11,39.09083056,-94.551825,0,12,6,0,2,2,0,1,3,10,0,10,0,0000000,2,17,2,24,2,49,20,0,0,2,1
29,290139,2,2,0,0,0,3,3,95,4120,19,2,2012,1,12,54,0,14,6,LINWOOD AVE,INDIANA AVE,25,39.06776111,-94.54373056,0,12,6,0,2,2,0,1,1,1,0,1,0,0000000,12,55,13,8,13,24,0,0,0,1,0
29,290140,1,1,0,1,1,1,1,31,1390,21,2,2012,3,18,25,0,13,2,US-61,,222,37.33663611,-89.580425,0,8,0,0,1,1,0,1,3,1,0,1,0,0000000,99,99,99,99,99,99,0,0,0,1,0
29,290141,1,1,0,0,0,1,1,159,0,15,3,2012,5,6,27,0,4,3,SR-B,,15,38.55847222,-93.49261111,0,34,0,0,1,1,0,4,1,1,0,1,0,0000000,99,98,99,98,88,88,0,0,0,1,0
29,290142,2,2,0,0,0,2,2,19,0,16,3,2012,6,22,20,0,3,2,US-40,ROCHEPORT GRAVEL RD,6,38.9874,-92.55527222,0,12,2,0,2,3,0,1,2,10,0,10,0,0000000,22,27,22,44,23,2,0,0,0,1,0
29,290143,1,1,0,0,0,2,2,9,0,20,3,2012,3,17,13,0,3,3,SR-76,,309,36.70027778,-93.62833333,0,42,0,0,1,1,0,4,1,2,10,2,0,0000000,18,7,18,20,19,48,0,0,0,1,1
29,290144,2,2,0,0,0,3,3,189,8393,22,3,2012,5,12,42,0,15,3,SR-T,OSSENFORT,7,38.58381389,-90.72433889,0,12,6,0,2,2,0,1,1,10,0,10,0,0000000,12,47,12,56,13,23,0,0,0,1,0
29,290145,2,2,0,0,0,3,3,31,1390,24,3,2012,7,22,10,1,11,1,I-55,,199,37.26139444,-89.56756389,0,12,2,0,1,1,0,1,2,1,0,1,0,0000000,22,16,22,25,22,40,19,0,0,1,1
29,290146,2,2,0,0,0,2,2,27,0,26,3,2012,2,9,45,1,1,1,I-70,,278,38.90313889,-91.64338889,0,12,1,0,1,1,0,1,1,1,0,1,0,0000000,9,51,10,7,88,88,0,0,0,1,0
29,290147,1,1,0,0,0,1,1,161,0,26,3,2012,2,15,45,1,2,3,SR-8,,37,37.96794444,-91.58622222,0,1,0,0,1,1,0,4,1,1,0,1,0,0000000,99,98,99,98,88,88,0,0,0,1,1
29,290148,1,1,0,0,0,3,3,215,3810,29,3,2012,5,19,35,1,2,2,US-63,,207,37.32336389,-91.95376111,0,32,0,0,1,1,0,4,1,1,0,1,0,0000000,19,39,19,55,99,99,0,0,0,2,0
29,290149,1,1,0,0,0,1,1,101,0,31,3,2012,7,4,40,1,2,3,SR-13,,243,38.64316667,-93.73938889,0,59,0,0,1,1,0,4,2,1,0,1,0,0000000,5,7,5,29,6,22,0,0,0,1,1
29,290150,2,2,0,0,0,5,5,510,7080,1,4,2012,1,1,5,0,13,6,HALL ST,,49,38.70824167,-90.22673333,0,12,6,0,1,1,0,1,3,1,0,1,0,0000000,1,6,1,12,99,99,0,0,0,1,0
29,290151,1,1,0,1,1,3,3,101,0,1,4,2012,1,18,24,0,6,4,CR-SE 981,,0,38.752,-93.56194444,0,8,0,0,4,1,0,1,1,1,0,1,0,0000000,99,99,99,99,99,99,0,0,0,1,0
29,290152,1,1,0,0,0,3,3,23,6410,7,4,2012,7,3,48,0,16,6,SAXON,ASHCROFT,0,36.74416667,-90.38694444,0,59,0,0,3,1,0,4,3,1,0,1,0,0000000,4,13,99,99,99,99,0,0,0,2,1
29,290153,1,1,0,0,0,3,3,105,0,3,3,2012,7,21,55,0,4,3,SR-YY,,17,37.72008333,-92.6515,0,1,0,0,1,1,0,4,2,1,0,1,0,0000000,22,0,22,8,99,99,0,0,0,1,1
29,290154,2,2,0,0,0,4,4,47,4120,15,3,2012,5,6,40,0,14,6,N BRIGHTON AVE,,62,39.17815278,-94.52135556,0,12,2,0,1,1,0,1,3,1,0,1,0,0000000,6,45,6,54,7,9,0,0,0,1,0
29,290155,1,1,0,0,0,1,1,187,0,30,3,2012,6,17,7,0,4,3,SR-Y,,75,37.97025,-90.37566667,0,35,0,0,1,1,0,4,1,1,0,1,0,0000000,99,98,99,98,88,88,0,0,0,1,1
29,290156,1,1,0,0,0,1,1,95,4120,6,4,2012,6,23,37,1,11,1,I-470,,46,38.93719444,-94.46230556,0,1,0,0,1,1,0,4,2,1,0,1,0,0000000,99,98,99,98,88,88,0,0,0,1,1
29,290157,1,1,0,0,0,1,1,510,7080,6,4,2012,6,3,13,0,2,6,KINGSHIGHWAY BLVD,,59,38.61403611,-90.26746389,0,21,0,0,1,1,0,4,3,1,0,1,0,0000000,3,15,3,21,3,43,0,0,0,1,1
29,290158,1,1,0,0,0,1,1,223,0,6,3,2012,3,5,10,1,2,2,US-67,,216,37.04427778,-90.47508333,0,1,0,0,1,1,0,1,2,1,0,1,0,0000000,99,98,99,98,88,88,0,0,0,1,0
29,290159,1,1,0,0,0,1,1,173,0,21,3,2012,4,14,50,0,4,3,SR-T,,8,39.6755,-91.347,0,42,0,0,1,1,0,4,1,10,0,10,0,0000000,99,98,99,98,88,88,0,0,0,1,0
29,290160,1,1,0,0,0,1,1,213,0,25,3,2012,1,19,20,0,6,4,CR-DAY RD,,0,36.81258333,-93.24386111,0,59,0,0,1,1,0,4,1,1,0,1,0,0000000,19,35,19,59,20,25,0,0,0,1,1
29,290161,2,2,0,0,0,2,2,97,0,25,3,2012,1,20,10,0,14,3,SR-96,SR-V,158,37.19083333,-94.2925,0,12,6,0,2,2,0,1,2,1,0,1,0,0000000,99,98,99,98,88,88,0,0,0,1,0
29,290162,3,3,0,0,0,3,3,41,0,26,3,2012,2,7,45,0,3,3,SR-5,,275,39.37394722,-92.85002222,0,12,8,0,1,1,0,1,1,1,0,1,0,0000000,7,48,8,2,99,99,0,0,0,1,0
29,290163,1,1,0,0,0,1,1,171,0,26,3,2012,2,21,40,0,4,3,SR-139,US-136,112,40.46764722,-93.32438889,0,34,0,0,3,3,0,4,2,1,0,1,0,0000000,99,98,99,98,88,88,0,0,0,1,0
29,290164,1,1,0,0,0,1,1,161,0,10,4,2012,3,17,30,0,4,3,SR-P,,40,37.87269444,-91.94602778,0,42,0,0,1,1,0,4,1,1,0,1,0,0000000,17,30,17,49,18,10,0,0,0,1,0
29,290165,1,1,0,0,0,2,2,161,6910,13,4,2012,6,7,45,1,1,1,I-44,,139,37.93838889,-91.8225,0,42,0,0,1,1,0,3,1,2,0,2,0,0000000,7,48,7,57,8,30,0,0,0,1,0
29,290166,1,1,0,0,0,1,1,167,880,14,4,2012,7,21,20,0,15,6,MORRISVILLE RD,,1,37.59661111,-93.41744444,0,34,0,0,1,1,0,4,2,10,0,10,0,0000000,21,25,21,44,22,7,0,0,0,1,1
29,290167,2,2,0,0,0,3,3,131,0,30,3,2012,6,16,5,0,3,3,SR-42,,198,38.0874,-92.32001944,0,12,2,0,1,1,0,1,1,1,0,1,0,0000000,16,20,16,33,17,24,0,0,0,2,0
29,290168,2,2,0,0,0,4,4,105,0,7,4,2012,7,10,0,1,1,1,I-44,,286,37.75383333,-92.50072222,0,57,0,0,1,1,0,3,1,10,0,10,0,0000000,10,6,10,20,88,88,14,0,0,1,0
29,290169,2,1,1,0,0,2,2,51,0,12,4,2012,5,8,5,0,6,4,CR-BRANCH RD,,2,38.52427778,-92.41475,0,14,0,0,1,1,0,4,1,1,0,1,0,0000000,8,12,8,27,8,57,0,0,0,1,0
29,290170,1,1,0,1,1,2,2,209,0,31,3,2012,7,16,35,0,4,3,SR-173,,84,36.74575,-93.51469444,0,8,0,0,1,1,0,1,1,1,0,1,0,0000000,99,99,99,99,99,99,0,0,0,1,0
29,290171,1,1,0,0,0,2,2,83,0,6,4,2012,6,7,55,0,6,4,CR-NW 131 RD,,9,38.41166667,-93.77805556,0,42,0,0,1,1,0,4,1,1,0,1,0,0000000,7,58,8,6,8,46,0,0,0,1,0
29,290172,1,1,0,1,1,1,1,189,7890,3,2,2012,6,23,18,0,16,6,DELMAR BLVD,,0,38.65884444,-90.33283611,0,9,0,0,1,1,0,1,2,2,10,2,0,0000000,23,17,23,21,23,37,0,0,0,1,1
29,290173,5,5,0,0,0,12,12,215,0,29,3,2012,5,13,20,1,2,2,US-63,,187,37.34716667,-91.93138889,0,12,1,0,1,1,0,1,1,1,0,1,0,0000000,13,20,13,27,99,99,0,0,0,2,0
29,290174,2,2,0,0,0,3,3,225,0,31,3,2012,7,18,11,1,2,2,US-60,,231,37.12072222,-92.69727778,0,12,1,0,1,1,0,1,1,1,0,1,0,0000000,18,21,18,52,19,16,0,0,0,1,1
29,290175,1,1,0,1,1,3,3,207,0,6,4,2012,6,16,30,0,6,3,SR-E,,0,36.88111111,-89.91708333,0,8,0,0,1,1,0,1,1,1,0,1,0,0000000,16,33,16,42,88,88,0,0,0,1,0
29,290176,1,1,0,0,0,3,3,21,7070,9,4,2012,2,2,35,0,15,6,GENEFIELD RD,,5,39.79205,-94.82121944,0,58,0,0,1,1,0,1,3,1,0,1,0,0000000,3,10,3,17,4,11,0,0,0,2,0