STATE,ST_CASE,VE_TOTAL,VE_FORMS,PVH_INVL,PEDS,PERNOTMVIT,PERMVIT,PERSONS,COUNTY,CITY,DAY,MONTH,YEAR,DAY_WEEK,HOUR,MINUTE,NHS,ROAD_FNC,ROUTE,TWAY_ID,TWAY_ID2,MILEPT,LATITUDE,LONGITUD,SP_JUR,HARM_EV,MAN_COLL,RELJCT1,RELJCT2,TYP_INT,WRK_ZONE,REL_ROAD,LGT_COND,WEATHER1,WEATHER2,WEATHER,SCH_BUS,RAIL,NOT_HOUR,NOT_MIN,ARR_HOUR,ARR_MIN,HOSP_HR,HOSP_MN,CF1,CF2,CF3,FATALS,DRUNK_DR
29,290177,1,1,0,0,0,2,2,99,0,16,4,2012,2,19,35,0,15,4,CR-OLD SUGAR CREEK RD,,5,38.48638889,-90.48413889,0,42,0,0,1,1,0,4,2,1,0,1,0,0000000,19,43,20,5,20,18,0,0,0,1,1
29,290178,2,2,0,0,0,3,3,77,0,3,4,2012,3,18,34,0,14,3,SR-NN,CR-194,20,37.09138889,-93.19116667,0,12,6,0,2,2,0,1,1,1,0,1,0,0000000,18,36,18,48,19,40,0,0,0,1,0
29,290179,1,1,0,1,1,1,1,187,0,2,4,2012,2,20,35,0,3,3,SR-32,,48,37.81044444,-90.58919444,0,8,0,0,1,1,0,1,2,1,0,1,0,0000000,20,37,20,54,21,26,0,0,0,1,0
29,290180,2,2,0,0,0,2,2,181,0,13,4,2012,6,0,55,0,3,2,US-160,,261,36.66280556,-90.74172222,0,12,2,0,1,1,0,1,3,1,0,1,0,0000000,1,12,1,37,99,99,0,0,0,1,1
29,290181,1,1,0,2,2,1,1,97,4100,17,3,2012,7,20,13,1,11,1,I-44,,3,37.05331667,-94.45151944,0,8,0,0,1,1,0,1,2,1,0,1,0,0000000,99,99,99,99,99,99,0,0,0,1,0
29,290182,1,1,0,0,0,3,3,113,0,19,3,2012,2,19,36,0,3,3,SR-79,,122,39.06091667,-90.74805556,0,1,0,0,1,1,0,4,2,1,0,1,0,0000000,19,39,19,50,20,33,0,0,0,1,0
29,290183,2,2,0,0,0,2,2,69,0,30,3,2012,6,17,0,0,4,3,SR-AC,,5,36.03535556,-90.33805,0,12,1,0,1,1,0,1,1,1,0,1,0,0000000,99,98,99,98,88,88,0,0,0,1,0
29,290184,1,1,0,0,0,2,2,99,0,7,4,2012,7,23,0,0,14,3,SR-30,,61,38.33405556,-90.67147222,0,33,0,0,1,1,0,4,2,1,0,1,0,0000000,23,3,23,9,23,30,0,0,0,1,1
29,290185,2,2,0,0,0,2,2,19,0,16,4,2012,2,20,20,0,3,3,SR-124,,191,39.14686111,-92.18936111,0,11,0,0,1,1,0,1,2,1,0,1,0,0000000,20,23,20,23,21,16,0,0,0,1,0
29,290186,1,1,0,0,0,1,1,65,0,20,4,2012,6,6,20,0,4,3,SR-68,,1,37.78666667,-91.55616667,0,42,0,0,1,1,0,4,1,10,0,10,0,0000000,6,37,6,48,88,88,0,0,0,1,1
29,290187,1,1,0,0,0,1,1,95,4120,7,1,2012,7,21,20,0,14,6,HARDASTY,,7,39.02341111,-94.52169167,0,33,0,0,1,1,0,4,3,1,0,1,0,0000000,21,23,21,29,21,54,0,0,0,1,1
29,290188,2,2,0,0,0,2,2,69,0,21,3,2012,4,16,40,1,2,2,US-412,CR-625,74,36.07663889,-90.23088889,0,12,2,0,2,3,0,1,1,10,2,2,0,0000000,99,99,99,99,99,99,0,0,0,1,0
29,290189,1,1,0,1,1,1,1,95,4120,1,4,2012,1,2,58,1,11,1,I-470,,29,38.93798889,-94.49107778,0,8,0,0,1,1,0,1,2,1,0,1,0,0000000,99,98,99,98,88,88,0,0,0,1,0
29,290190,1,1,0,0,0,2,2,95,4120,4,4,2012,4,13,6,0,15,6,HILLCREST DR,,1,38.96306111,-94.51823056,0,42,0,0,1,1,0,4,1,98,0,98,0,0000000,13,8,13,19,13,31,0,0,0,1,0
29,290191,2,2,0,1,1,2,2,95,4120,13,4,2012,6,23,27,1,11,1,I-435,,96,39.01367222,-94.497025,0,8,0,0,1,1,0,1,2,1,0,1,0,0000000,23,31,23,45,88,88,0,0,0,1,0
29,290192,1,1,0,0,0,2,2,21,0,18,4,2012,4,3,50,1,2,2,US-36,,45,39.74758333,-94.68361111,0,1,0,0,1,1,0,3,2,10,0,10,0,0000000,3,52,4,0,4,29,0,0,0,1,1
29,290194,2,2,0,0,0,2,2,101,0,21,4,2012,7,16,55,0,3,3,SR-58,SR-VV,200,38.75002778,-93.84013889,0,12,2,0,3,1,0,1,1,1,0,1,0,0000000,17,1,17,10,18,1,0,0,0,1,1
29,290195,1,1,0,0,0,1,1,77,0,21,4,2012,7,21,30,0,16,4,CR-125,,2,37.13566667,-93.36222222,0,30,0,0,1,1,0,4,3,1,0,1,0,0000000,21,27,21,41,21,57,0,0,0,1,1
29,290196,2,2,0,0,0,2,2,43,0,23,4,2012,2,12,20,0,15,4,CR-FARMER BRANCH,,3,37.09133333,-93.22988889,0,12,2,0,1,1,0,1,1,1,0,1,0,0000000,12,27,12,36,13,1,0,0,0,2,0
29,290197,1,1,0,0,0,1,1,161,0,26,4,2012,5,11,50,0,5,3,SR-E,,4,38.04505556,-91.86541667,0,1,0,0,1,1,0,1,1,1,0,1,0,0000000,99,98,99,98,88,88,0,0,0,1,1
29,290198,2,2,0,0,0,4,4,33,0,11,3,2012,1,12,15,0,6,4,CR-281,,25,39.40983333,-93.42013889,0,12,2,0,1,1,0,1,1,10,2,2,0,0000000,12,39,12,48,13,37,0,0,0,1,0
29,290199,1,1,0,0,0,2,2,95,4120,30,3,2012,6,3,18,0,14,6,W PENNWAY,26TH ST,4,39.0803,-94.59173889,0,33,0,0,2,7,1,4,3,1,0,1,0,0000000,7,2,7,15,8,41,0,0,0,1,1
29,290200,1,1,0,0,0,3,3,95,4120,2,4,2012,2,3,2,0,16,6,EXECUTIVE DR,,4,39.13905278,-94.50030556,0,33,0,0,1,1,0,4,3,1,0,1,0,0000000,99,98,99,98,88,88,0,0,0,1,1
29,290201,1,1,0,1,1,3,3,9,0,7,4,2012,7,20,8,1,2,2,US-60,FARM RD 1060,60,36.91497222,-93.955,0,8,0,0,2,3,0,1,2,10,0,10,0,0000000,99,98,99,98,88,88,0,0,0,1,0
29,290202,1,1,0,2,2,1,1,510,7080,27,4,2012,6,1,49,0,13,6,S BROADWAY,,9,38.61889722,-90.19269444,0,8,0,0,1,1,0,1,3,10,0,10,0,0000000,1,50,1,57,99,99,0,0,0,1,0
29,290203,1,1,0,0,0,1,1,165,4120,27,4,2012,6,18,54,0,12,3,SR-152 RAMP,,0,39.24691944,-94.735025,0,31,0,0,5,1,0,4,1,10,0,10,0,0000000,18,56,19,8,19,48,0,0,0,1,0
29,290204,1,1,0,0,0,1,1,67,0,3,5,2012,5,10,15,0,4,3,SR-76,,369,36.97184444,-92.42968611,0,21,0,0,1,1,0,4,1,1,0,1,0,0000000,99,98,99,98,88,88,0,0,0,1,0
29,290205,2,2,0,0,0,2,2,229,0,7,5,2012,2,19,20,0,3,3,SR-5,,281,37.14925,-92.56988889,0,12,2,0,1,1,0,1,1,1,0,1,0,0000000,19,26,19,32,20,37,0,0,0,1,1
29,290206,1,1,0,1,1,2,2,510,7080,6,2,2012,2,11,45,1,11,1,I-55,,67,38.61191944,-90.20213333,0,8,0,0,1,1,0,1,1,1,0,1,0,0000000,99,99,99,99,99,99,0,0,0,1,0
29,290207,2,2,0,0,0,4,4,31,3980,8,3,2012,5,18,39,1,13,3,SR-34,,205,37.35394444,-89.61239722,0,12,1,0,1,1,0,1,3,10,0,10,0,0000000,18,41,18,47,19,10,0,0,0,1,0
29,290208,2,1,1,0,0,2,2,183,5880,17,4,2012,3,1,16,0,13,3,SR-K,,39,38.74795278,-90.69955,0,14,0,0,1,1,0,2,2,1,0,1,0,0000000,1,16,1,21,1,57,0,0,0,1,1
29,290209,2,2,0,0,0,7,7,189,5035,17,4,2012,3,17,30,1,12,3,SR-364,,35,38.70797222,-90.50266667,0,12,1,1,18,1,0,1,1,1,0,1,0,0000000,17,34,17,43,18,9,0,0,0,2,1
29,290210,1,1,0,0,0,1,1,77,0,18,4,2012,4,11,20,1,2,2,US-65,,119,37.26377778,-93.22441667,0,23,0,0,1,1,0,4,1,1,0,1,0,0000000,99,98,99,98,88,88,0,0,0,1,1
29,290211,2,2,0,0,0,7,7,27,0,19,4,2012,5,21,20,1,1,1,I-70,,106,38.93830556,-91.82716667,0,57,0,0,1,1,0,3,2,1,0,1,0,0000000,21,38,21,52,22,50,0,0,0,1,1
29,290212,3,2,1,0,0,2,2,189,2210,20,4,2012,6,2,35,1,11,1,I-270,,94,38.59285278,-90.44926389,0,12,1,0,1,1,1,1,3,10,0,10,0,0000000,2,55,3,2,3,54,0,0,0,1,0
29,290214,2,2,0,0,0,3,3,77,7460,19,2,2012,1,8,13,0,14,6,SCENIC,ELM,3,37.20680833,-93.33066944,0,12,6,0,2,2,0,1,1,1,0,1,0,0000000,8,14,8,21,8,38,0,0,0,2,0
29,290215,1,1,0,0,0,1,1,189,1050,23,2,2012,5,10,4,0,14,6,MISSOURI BOTTOM,,8,38.79361667,-90.45796667,0,42,0,0,1,1,0,4,1,10,0,10,0,0000000,10,4,10,9,10,40,0,0,0,1,0
29,290216,1,1,0,0,0,1,1,99,0,3,4,2012,3,4,15,0,4,4,CR-OLD HWY 21,,146,38.28644444,-90.53688889,0,35,0,0,1,1,0,4,2,1,0,1,0,0000000,4,19,4,26,5,8,0,0,0,1,1
29,290217,1,1,0,0,0,2,2,95,3940,8,4,2012,1,10,59,0,13,6,NOLAND RD,,42,39.05756667,-94.41498056,0,33,0,0,1,1,0,4,1,1,0,1,0,0000000,99,98,99,98,88,88,0,0,0,2,0
29,290219,1,1,0,0,0,1,1,19,0,22,4,2012,1,13,15,1,2,2,US-63,,309,38.82983333,-92.25019444,0,1,0,0,1,1,0,4,1,10,0,10,0,0000000,13,19,13,27,13,41,0,0,0,1,0
29,290220,2,2,0,0,0,3,3,99,0,23,4,2012,2,14,30,0,4,2,US-61,,246,38.15655556,-90.34869444,0,12,2,0,1,1,0,2,1,1,0,1,0,0000000,99,99,99,99,99,99,0,0,0,1,0
29,290221,3,3,0,0,0,3,3,25,0,27,4,2012,6,4,55,0,3,3,SR-116,,58,39.55469444,-94.09955556,0,12,6,0,1,1,0,1,2,10,0,10,0,0000000,5,3,5,13,99,99,0,0,0,2,0
29,290222,2,2,0,0,0,2,2,9,0,27,4,2012,6,6,15,1,13,2,US-60,,65,36.91552778,-93.94641667,0,12,2,0,1,1,0,1,1,1,0,1,0,0000000,99,98,99,98,88,88,0,0,0,1,0
29,290223,2,2,0,0,0,2,2,189,2780,19,3,2012,2,21,28,1,11,1,I-270,,64,38.77227778,-90.30272222,0,12,1,0,1,1,0,1,3,1,0,1,0,0000000,99,98,99,98,88,88,0,0,0,1,0
29,290224,2,2,0,0,0,2,2,95,4120,28,4,2012,7,1,3,1,11,1,I-670,,15,39.09639722,-94.59324444,0,12,2,0,1,1,0,1,7,1,0,1,0,0000000,1,6,1,26,2,15,0,0,0,1,1
29,290225,2,2,0,0,0,2,2,29,5956,28,4,2012,7,10,25,1,2,2,US-54,US-54 NOR,275,38.09266667,-92.68677778,0,12,6,0,2,2,0,1,1,10,0,10,0,0000000,10,19,10,41,99,99,0,0,0,1,0
29,290226,2,2,0,0,0,2,2,159,0,30,4,2012,2,13,0,1,2,2,US-65,SMELSER RD,95,38.79730556,-93.22577778,0,12,1,0,3,2,0,1,1,10,0,10,0,0000000,13,7,13,17,13,41,0,0,0,1,0
29,290227,1,1,0,0,0,1,1,51,4040,3,5,2012,5,22,57,0,14,6,INDUSTRIAL DR,,17,38.58534167,-92.19733889,0,10,0,0,6,1,0,1,3,1,0,1,0,442661N,99,98,99,98,88,88,0,0,0,1,1
29,290228,1,1,0,0,0,3,3,105,0,4,5,2012,6,18,10,0,4,3,SR-AA,,13,37.77444444,-92.76566667,0,1,0,0,1,1,0,4,1,1,0,1,0,0000000,18,42,19,4,19,36,0,0,0,1,1
29,290229,1,1,0,0,0,1,1,221,0,7,5,2012,2,11,38,0,3,3,SR-21,,62,38.06916667,-90.745,0,34,0,0,1,1,0,4,1,10,0,10,0,0000000,14,36,14,48,88,88,0,0,0,1,0
29,290230,1,1,0,0,0,4,4,201,7310,26,5,2012,7,0,26,0,16,6,JACKSON,,0,36.86771667,-89.61063333,0,42,0,0,1,1,0,4,2,1,0,1,0,0000000,0,31,0,53,1,32,0,0,0,1,1
29,290231,2,2,0,0,0,3,3,149,7720,22,5,2012,3,15,14,0,6,6,S 6TH ST,W WALNUT ST,6,36.52269167,-91.543925,0,12,6,0,2,2,0,1,1,1,0,1,0,0000000,15,17,15,21,99,99,0,0,0,1,0
29,290232,1,1,0,1,1,1,1,95,3940,14,4,2012,7,3,13,0,14,6,LEES SUMMIT RD,I-70 OVPS,44,39.045675,-94.38753333,0,8,0,0,3,2,0,1,3,10,0,10,0,0000000,99,99,99,99,99,99,0,0,0,1,0
29,290233,1,1,0,1,1,5,5,510,7080,1,4,2012,1,21,4,1,11,1,I-44,,43,38.61754722,-90.25038056,0,8,0,0,1,1,0,1,3,1,0,1,0,0000000,99,98,99,98,88,88,0,0,0,1,0
29,290234,1,1,0,1,1,1,1,189,0,6,4,2012,6,12,50,0,16,4,CR-DUKE DR,,8,38.75233056,-90.24555278,0,8,0,0,4,1,0,1,1,1,0,1,0,0000000,99,99,99,99,99,99,0,0,0,1,0
29,290235,1,1,0,1,1,1,1,510,7080,16,4,2012,2,21,8,1,11,1,I-70,,31,38.68378333,-90.21913611,0,8,0,1,18,1,0,1,3,1,0,1,0,0000000,99,99,99,99,99,99,0,0,0,1,0
29,290236,2,2,0,0,0,15,15,189,2700,29,4,2012,1,20,30,0,15,6,PERSHALL RD,,1,38.77180556,-90.30616667,0,12,6,0,1,1,0,1,2,1,0,1,0,0000000,20,11,20,17,20,34,0,0,0,1,1
29,290237,2,2,0,0,0,2,2,95,840,2,5,2012,4,23,9,0,12,3,SR-7,,89,38.95988889,-94.27456944,0,12,7,0,1,1,0,1,3,1,0,1,0,0000000,99,99,99,99,99,99,0,0,0,1,0
29,290238,1,1,0,0,0,1,1,43,0,25,5,2012,6,20,0,0,4,3,SR-W,,46,36.94377778,-93.16833333,0,32,0,0,1,1,0,4,1,1,0,1,0,0000000,99,98,99,98,88,88,0,0,0,1,1
29,290239,1,1,0,0,0,1,1,155,0,29,4,2012,1,23,50,0,4,3,SR-NN,,8,36.19827778,-89.96008333,0,18,0,0,1,1,0,4,2,1,0,1,0,0000000,99,98,99,98,88,88,0,0,0,1,1
29,290240,1,1,0,0,0,1,1,155,0,1,5,2012,3,12,51,0,5,3,SR-K,,84,36.28472222,-89.79083333,0,42,0,0,1,1,0,4,9,1,0,1,0,0000000,99,98,99,98,88,88,0,0,0,1,0
29,290241,1,1,0,0,0,1,1,21,0,6,5,2012,1,16,39,0,3,2,US-169,,1,39.82044444,-94.79725,0,35,0,0,1,1,0,4,1,10,2,2,0,0000000,16,41,16,51,17,18,0,0,0,1,0
29,290242,2,2,0,0,0,4,4,219,0,7,5,2012,2,15,20,1,1,1,I-70,,160,38.84644444,-91.24111111,0,58,0,0,1,1,0,10,1,10,0,10,0,0000000,15,21,15,34,99,99,0,0,0,1,0
29,290243,1,1,0,0,0,1,1,91,0,9,5,2012,4,0,5,0,3,2,US-160,,8,36.61455556,-92.10938889,0,58,0,0,1,1,0,4,2,1,0,1,0,0000000,99,98,99,98,88,88,0,0,0,1,1
29,290244,1,1,0,0,0,1,1,95,4120,28,4,2012,7,19,56,0,16,6,LAWN AVE,,2,39.01684722,-94.53168056,0,1,0,0,1,1,0,1,2,10,0,10,0,0000000,19,41,19,49,20,1,0,0,0,1,0
29,290245,1,1,0,0,0,2,2,207,0,3,5,2012,5,23,46,0,4,3,SR-O,,16,37.09769444,-89.878,0,59,0,0,1,1,0,4,2,1,0,1,0,0000000,23,51,0,1,99,99,20,0,0,1,1
29,290246,1,1,0,1,1,1,1,95,4120,5,5,2012,7,2,23,1,12,3,SR-350,,66,39.00190833,-94.48356944,0,8,0,0,1,1,0,1,2,1,0,1,0,0000000,2,29,2,35,99,99,0,0,0,1,0
29,290247,1,1,0,0,0,1,1,177,0,10,5,2012,5,14,45,0,4,3,SR-U,,17,39.35938889,-94.11327778,0,35,0,0,1,1,0,4,1,1,0,1,0,0000000,99,98,99,98,88,88,0,0,0,1,1
29,290248,1,1,0,0,0,1,1,77,0,10,5,2012,5,21,15,0,4,3,SR-H,SR-KK,70,37.32430556,-93.26141667,0,35,0,0,3,1,0,4,2,10,0,10,0,0000000,21,18,21,30,22,11,0,0,0,1,1
29,290249,1,1,0,0,0,3,3,107,0,12,5,2012,7,7,50,0,6,6,DOTY SCHOOL RD,,22,38.93055556,-94.04527778,0,35,0,0,1,1,0,5,1,1,0,1,0,0000000,8,13,8,41,9,20,0,0,0,1,1
29,290250,1,1,0,0,0,10,10,155,0,13,5,2012,1,15,53,1,11,1,I-55,,34,36.24658333,-89.72947222,0,59,0,0,1,1,0,4,1,1,0,1,0,0000000,16,5,16,10,17,10,0,0,0,3,0
29,290251,1,1,0,0,0,1,1,65,0,14,5,2012,2,16,25,0,3,3,SR-32,,92,37.61188889,-91.63238889,0,42,0,0,1,1,0,5,1,1,0,1,0,0000000,16,32,16,42,99,99,0,0,0,1,0
29,290252,1,1,0,0,0,3,3,73,0,24,5,2012,5,12,51,0,6,4,CR-BOETTCHER RD,,2,38.34041667,-91.61880556,0,38,0,0,1,1,0,5,1,1,0,1,0,0000000,12,57,13,33,14,24,0,0,0,1,0
29,290253,2,2,0,0,0,6,6,83,0,20,5,2012,1,17,3,1,2,3,SR-13,,7,38.215,-93.75988889,0,12,1,0,1,1,0,1,1,1,0,1,0,0000000,17,10,17,29,18,25,0,0,0,1,0
29,290254,1,1,0,0,0,3,3,47,4120,29,5,2012,3,10,50,0,16,6,NE 107TH TERR,,7,39.28901111,-94.56101389,0,5,0,0,1,1,0,1,1,1,0,1,0,0000000,99,98,99,98,88,88,0,0,0,1,0
29,290255,1,1,0,0,0,1,1,179,0,31,3,2012,7,15,0,0,6,4,CR-372,,33,37.38655556,-90.80002778,0,42,0,0,1,1,0,4,1,1,0,1,0,0000000,15,48,16,12,17,25,0,0,0,1,1
29,290256,2,2,0,0,0,3,3,47,0,5,5,2012,7,17,10,1,2,3,SR-92,SR-E,69,39.36802778,-94.47330556,0,1,0,0,3,1,0,1,1,1,0,1,0,0000000,17,15,17,24,17,46,0,0,0,1,0
29,290257,2,2,0,0,0,3,3,23,0,8,5,2012,3,23,0,1,2,2,US-67,,314,36.52822222,-90.538,0,12,7,0,1,1,0,1,2,1,0,1,0,0000000,99,99,99,99,99,99,0,0,0,1,1
29,290258,1,1,0,0,0,1,1,99,335,19,3,2012,2,22,6,0,15,6,LONEDELL RD,,14,38.45075556,-90.38125833,0,42,0,0,1,1,0,4,2,10,0,10,0,0000000,22,7,22,13,99,99,0,0,0,1,1
29,290259,1,1,0,0,0,1,1,186,0,16,4,2012,2,15,45,0,6,4,CR-HENNICK RD,,25,37.90138889,-90.22972222,0,42,0,0,1,1,0,4,1,1,0,1,0,0000000,15,51,16,18,17,31,0,0,0,1,1
29,290260,2,2,0,0,0,5,5,19,0,11,5,2012,6,8,45,1,2,2,US-63,,164,38.88086111,-92.258,0,12,1,0,1,1,0,1,1,1,0,1,0,0000000,9,19,9,36,9,55,0,0,0,1,0
29,290261,1,1,0,0,0,2,2,510,7080,28,5,2012,2,1,57,0,14,6,N BROADWAY ST,,29,38.68735,-90.22174167,0,33,0,0,1,1,0,4,3,1,0,1,0,0000000,1,55,2,2,99,99,0,0,0,1,0
29,290262,1,1,0,0,0,2,2,161,0,8,5,2012,3,16,0,0,6,4,CR-8070,,10,37.99161111,-91.79619444,0,42,0,0,1,1,0,4,1,1,0,1,0,0000000,99,99,99,99,99,99,0,0,0,1,1
29,290263,1,1,0,1,1,1,1,189,5035,29,2,2012,4,22,2,0,15,6,LACKLAND RD,,6,38.69923889,-90.43626667,0,8,0,0,4,1,0,1,3,1,0,1,0,0000000,22,22,22,26,22,51,0,0,0,1,0
29,290264,1,1,0,1,1,1,1,77,0,6,4,2012,6,3,19,0,6,4,CR-94,,12,37.27555556,-93.37333333,0,8,0,0,1,1,0,1,2,1,0,1,0,0000000,99,98,99,98,88,88,0,0,0,1,0
29,290266,2,2,0,0,0,3,3,77,7460,4,5,2012,6,22,41,0,13,6,REPUBLIC ST,,45,37.13821111,-93.30636944,0,12,2,0,1,1,0,1,2,10,0,10,0,0000000,22,50,22,57,23,20,0,0,0,1,1
29,290267,2,2,0,0,0,2,2,135,0,28,5,2012,2,18,0,1,2,2,US-50,,121,38.63733333,-92.62705556,0,12,2,0,1,1,0,1,1,1,0,1,0,0000000,6,3,6,9,99,99,0,0,0,1,1
29,290268,2,2,0,0,0,3,3,77,0,20,5,2012,1,22,53,1,11,1,I-44,,147,37.25038889,-93.33663889,0,12,6,0,7,1,0,1,2,10,0,10,0,0000000,99,98,99,98,88,88,0,0,0,1,0
29,290269,2,2,0,0,0,3,3,95,4120,29,5,2012,3,9,57,0,14,6,MANCHESTER TRAFFICWAY,,20,39.0618,-94.50130556,0,12,6,0,8,1,0,1,1,10,0,10,0,0000000,99,98,99,98,88,88,0,0,0,1,0
29,290270,1,1,0,0,0,1,1,77,0,12,5,2012,7,5,0,0,4,3,SR-V,,14,37.41175,-93.57561111,0,59,0,0,1,1,0,4,2,10,0,10,0,0000000,99,98,99,98,88,88,0,0,0,1,1
29,290271,1,1,0,1,1,1,1,77,7460,26,5,2012,7,20,50,1,13,3,SR-744,ROBBERSON,49,37.24070278,-93.29029722,0,8,0,0,3,1,0,1,3,1,0,1,0,0000000,20,51,20,53,21,14,0,0,0,1,0
29,290272,1,1,0,1,1,1,1,77,7460,2,6,2012,7,1,5,0,14,6,W WALNUT LAWN ST,,12,37.15269722,-93.29994444,0,8,0,0,1,1,0,1,3,10,0,10,0,0000000,1,8,1,15,1,27,0,0,0,1,0
29,290273,2,2,0,0,0,3,3,77,0,28,4,2012,7,20,13,0,6,4,CR-156,CR-29,11,37.17108333,-93.58802778,0,12,6,0,2,2,0,1,2,1,0,1,0,0000000,8,21,8,31,99,99,0,0,0,1,1
29,290274,1,1,0,0,0,1,1,209,0,8,5,2012,3,22,20,0,4,3,SR-DD,,9,36.61294444,-93.37727778,0,42,0,0,1,1,0,4,2,1,0,1,0,0000000,99,98,99,98,88,88,0,0,0,1,1
29,290275,1,1,0,1,1,1,1,77,7460,16,5,2012,4,0,59,1,12,2,US-65,,195,37.15758333,-93.22459167,0,8,0,1,18,1,0,1,2,10,0,10,0,0000000,99,98,99,98,88,88,0,0,0,1,0
29,290276,2,2,0,0,0,2,2,71,0,6,6,2012,4,16,0,0,3,3,SR-185,,167,38.37573056,-91.19528889,0,12,2,0,1,1,0,1,1,1,0,1,0,0000000,16,2,16,15,99,99,0,0,0,2,0
29,290277,1,1,0,0,0,2,2,81,0,9,6,2012,7,17,50,0,4,2,US-69,,89,40.47888889,-93.99077778,0,35,0,0,1,1,0,4,1,1,0,1,0,0000000,99,99,99,99,99,99,0,0,0,1,0
29,290278,1,1,0,0,0,4,4,11,0,10,6,2012,1,4,0,0,6,4,CR-STAE LINE RD,,55,37.40591667,-94.61744444,0,32,0,0,1,1,0,4,2,1,0,1,0,0000000,99,99,99,99,99,99,0,0,0,1,1
29,290279,2,2,0,0,0,2,2,189,1050,15,3,2012,5,6,50,0,13,3,SR-180 ST CHARLES ROCK RD,,21,38.76908333,-90.43938889,0,12,2,0,1,1,0,1,2,1,0,1,0,0000000,99,98,99,98,88,88,0,0,0,1,0
29,290280,1,1,0,0,0,1,1,27,0,17,3,2012,7,22,0,1,1,1,I-70,,242,38.95297222,-92.07666667,0,35,0,0,1,1,0,4,2,1,0,1,0,0000000,22,53,23,9,23,45,0,0,0,1,0
29,290281,3,3,0,0,0,6,6,97,4100,3,5,2012,5,17,12,1,13,3,SR-66,,82,37.08411111,-94.47299722,0,12,6,0,4,1,0,1,1,1,0,1,0,0000000,17,13,17,16,99,99,0,0,0,1,0
29,290282,1,1,0,1,1,1,1,217,0,12,5,2012,7,3,50,0,6,4,CR-1400 RD,,4,37.84861111,-94.38225,0,8,0,0,1,1,0,1,2,1,0,1,0,0000000,99,98,99,98,88,88,0,0,0,1,0
29,290283,2,2,0,0,0,3,3,99,0,16,5,2012,4,18,18,0,14,4,CR-OLD HWY 21,CR-BLECHA RD,28,38.42838889,-90.47183333,0,12,6,0,2,3,0,1,1,1,0,1,0,0000000,18,19,18,27,18,43,0,0,0,1,0
29,290284,6,6,0,0,0,10,10,77,7460,19,5,2012,7,13,14,1,2,2,US-160 WEST BYPASS,,204,37.19968056,-93.34961667,0,12,7,0,1,1,0,1,1,1,0,1,0,0000000,13,24,13,40,14,1,0,0,0,2,0
29,290285,1,1,0,0,0,3,3,221,0,19,5,2012,7,22,50,0,6,4,CR-OLD PRAIRIE RD,,11,38.07147222,-90.73233333,0,42,0,0,1,1,0,4,2,1,0,1,0,0000000,22,56,23,3,23,34,0,0,0,1,1
29,290286,2,2,0,0,0,3,3,45,0,23,5,2012,4,19,20,0,6,3,SR-B,SR-C,24,40.43055556,-91.57388889,0,12,6,0,2,2,0,1,1,1,0,1,0,0000000,19,19,19,35,99,99,0,0,0,2,0
29,290287,1,1,0,0,0,1,1,53,0,29,5,2012,3,15,20,1,1,1,I-70,,21,38.94061111,-92.57541667,0,57,0,0,1,1,0,3,1,1,0,1,0,0000000,99,98,99,98,88,88,0,0,0,1,0
29,290288,2,2,0,0,0,3,3,7,5170,30,5,2012,4,19,39,0,14,6,MONROE ST,CURTIS ST,159,39.17794167,-91.90598889,0,12,1,0,3,3,0,1,1,1,0,1,0,0000000,99,99,99,99,99,99,0,0,0,1,1
29,290289,1,1,0,1,1,2,2,77,7460,30,5,2012,4,23,42,1,11,1,I-44,,246,37.25014444,-93.23038333,0,8,0,0,1,1,0,1,2,1,0,1,0,0000000,99,98,99,98,88,88,0,0,0,1,0
29,290290,1,1,0,1,1,1,1,127,0,31,5,2012,5,11,45,1,2,2,US-24,,293,39.92858333,-91.44577778,0,8,0,0,1,1,0,1,1,10,0,10,0,0000000,99,99,99,99,99,99,0,0,0,1,0
29,290291,1,1,0,0,0,1,1,37,0,23,5,2012,4,13,41,1,2,3,SR-291,,51,38.75902778,-94.37569444,0,1,0,0,1,1,0,1,1,10,0,10,0,0000000,13,40,13,51,14,34,0,0,0,1,0
29,290292,1,1,0,0,0,2,2,29,0,3,6,2012,1,4,10,1,2,3,SR-5,,99,38.09144444,-92.81202778,0,34,0,0,1,1,0,4,2,1,0,1,0,0000000,99,98,99,98,88,88,0,0,0,2,0
29,290293,1,1,0,0,0,1,1,117,0,4,6,2012,2,4,0,0,4,3,SR-190,,82,39.83555556,-93.61544444,0,1,0,0,1,1,0,4,2,1,0,1,0,0000000,6,4,6,15,88,88,0,0,0,1,1
29,290294,1,1,0,1,1,2,2,23,0,5,6,2012,3,0,20,0,6,4,CR-554,,13,36.78980556,-90.3775,0,10,0,0,6,1,0,1,2,1,0,1,0,445992L,0,53,1,30,2,19,15,0,0,2,0
29,290295,1,1,0,0,0,1,1,77,0,6,6,2012,4,12,22,0,15,4,CR-163,,11,37.10069444,-93.27933333,0,30,0,0,1,1,0,4,1,1,0,1,0,0000000,12,27,12,35,12,49,0,0,0,1,0
29,290296,1,1,0,0,0,1,1,19,0,7,6,2012,5,22,50,0,4,3,SR-Y,,47,38.757,-92.17947222,0,34,0,0,1,1,0,4,2,1,0,1,0,0000000,23,2,23,13,23,52,0,0,0,1,1
29,290297,1,1,0,0,0,1,1,93,0,9,6,2012,7,4,8,0,5,3,SR-U,,7,37.68586111,-90.71341667,0,59,0,0,1,1,0,4,2,10,0,10,0,0000000,99,98,99,98,88,88,0,0,0,1,1