STATE,ST_CASE,VE_TOTAL,VE_FORMS,PVH_INVL,PEDS,PERNOTMVIT,PERMVIT,PERSONS,COUNTY,CITY,DAY,MONTH,YEAR,DAY_WEEK,HOUR,MINUTE,NHS,ROAD_FNC,ROUTE,TWAY_ID,TWAY_ID2,MILEPT,LATITUDE,LONGITUD,SP_JUR,HARM_EV,MAN_COLL,RELJCT1,RELJCT2,TYP_INT,WRK_ZONE,REL_ROAD,LGT_COND,WEATHER1,WEATHER2,WEATHER,SCH_BUS,RAIL,NOT_HOUR,NOT_MIN,ARR_HOUR,ARR_MIN,HOSP_HR,HOSP_MN,CF1,CF2,CF3,FATALS,DRUNK_DR
29,290298,2,2,0,0,0,3,3,91,0,10,6,2012,1,15,0,0,3,2,US-160,,5,36.6175,-92.11005556,0,12,2,0,1,1,0,1,1,1,0,1,0,0000000,99,99,99,99,99,99,0,0,0,1,1
29,290299,2,2,0,0,0,6,6,183,0,10,6,2012,1,13,30,0,3,3,SR-94,HEGER LN,58,38.58227778,-90.86811111,0,12,6,0,3,1,0,1,1,1,0,1,0,0000000,13,28,13,45,14,11,0,0,0,1,0
29,290300,2,2,0,0,0,2,2,215,0,11,6,2012,2,11,10,1,2,2,US-63,,239,37.28411111,-91.96869444,0,12,2,0,1,1,0,1,1,2,0,2,0,0000000,10,55,10,59,11,22,0,0,0,1,0
29,290301,1,1,0,0,0,1,1,107,0,14,6,2012,5,20,5,0,4,3,SR-D,,43,39.07527778,-94.07,0,35,0,0,1,1,0,4,1,1,0,1,0,0000000,20,23,20,36,21,2,0,0,0,1,1
29,290302,2,2,0,0,0,2,2,95,4120,19,5,2012,7,11,39,0,14,6,TROOST AVE,E 51ST ST,49,39.03449722,-94.57337222,0,12,6,0,2,2,0,1,1,1,0,1,0,0000000,11,40,11,45,88,88,0,0,0,1,0
29,290303,1,1,0,0,0,1,1,89,3120,26,5,2012,7,22,32,0,16,6,8TH ST,,4,39.22313333,-92.83705278,0,34,0,0,1,1,0,5,3,1,0,1,0,0000000,22,39,23,9,99,99,0,0,0,1,1
29,290304,1,1,0,0,0,7,7,31,0,9,6,2012,7,7,15,1,1,1,I-55,,117,37.45416667,-89.65194444,0,1,0,0,1,1,0,4,1,1,0,1,0,0000000,7,41,7,46,8,13,0,0,0,1,0
29,290305,1,1,0,0,0,2,2,131,0,10,6,2012,1,1,30,0,3,3,SR-42,,24,38.118,-92.54497222,0,34,0,0,1,1,0,4,2,1,0,1,0,0000000,1,30,1,49,2,19,0,0,0,1,1
29,290306,2,2,0,0,0,2,2,95,3940,12,6,2012,3,6,25,0,13,3,SR-78,TRUMAN RD,97,39.09059167,-94.32174444,0,12,6,0,2,2,0,1,1,1,0,1,0,0000000,99,98,99,98,88,88,0,0,0,1,0
29,290307,1,1,0,1,1,1,1,47,4120,15,6,2012,6,7,3,1,12,3,SR-9,,2,39.1146,-94.59055,0,8,0,0,1,1,0,1,1,10,0,10,0,0000000,99,98,99,98,88,88,0,0,0,1,0
29,290308,2,2,0,0,0,2,2,217,5590,16,6,2012,7,21,34,1,12,2,US-54,US-71 EXIT RP,160,37.84663889,-94.33361111,0,12,6,0,2,3,0,1,3,10,0,10,0,0000000,21,41,21,43,22,9,0,0,0,1,0
29,290309,2,2,0,0,0,4,4,101,8110,4,5,2012,6,21,35,1,12,2,US-50,,136,38.77555556,-93.74936111,0,12,6,0,1,1,0,1,2,1,0,1,0,0000000,21,50,22,12,22,51,0,0,0,2,0
29,290310,2,2,0,0,0,3,3,19,0,18,5,2012,6,7,10,0,3,3,SR-B,,34,39.07927778,-92.253,0,12,6,0,1,1,0,1,1,1,0,1,0,0000000,7,16,7,27,8,2,0,0,0,1,0
29,290311,2,2,0,0,0,2,2,29,1340,22,5,2012,3,7,45,0,6,3,SR-5 BU,,6,38.01386111,-92.75430556,0,1,0,0,8,1,0,1,1,1,0,1,0,0000000,99,98,99,98,88,88,0,0,0,1,0
29,290312,1,1,0,0,0,1,1,145,0,31,5,2012,5,1,50,0,4,3,SR-H,,14,36.85661111,-94.265,0,58,0,0,1,1,0,4,2,2,0,2,0,0000000,1,54,2,5,2,51,0,0,0,1,1
29,290313,1,1,0,0,0,3,3,1,0,3,6,2012,1,17,55,0,6,4,CR-SAND CREEK BOTTOM,,41,40.31811111,-92.65844444,0,1,0,0,1,1,0,4,1,1,0,1,0,0000000,17,59,18,16,88,88,0,0,0,1,1
29,290314,1,1,0,0,0,2,2,141,0,10,6,2012,1,8,25,0,3,3,SR-C,,71,38.45472222,-92.66555556,0,38,0,0,1,1,0,4,1,1,0,1,0,0000000,8,56,9,14,9,49,0,0,0,2,0
29,290315,1,1,0,0,0,1,1,1,0,12,6,2012,3,17,20,0,4,3,SR-11,,226,40.12494444,-92.64355556,0,35,0,0,1,1,0,4,1,1,0,1,0,0000000,17,25,17,36,18,8,0,0,0,1,1
29,290316,2,2,0,0,0,2,2,19,0,12,6,2012,3,22,55,1,2,2,US-63,,381,39.1635,-92.33022222,0,12,1,0,1,1,0,1,2,1,0,1,0,0000000,23,1,23,16,99,99,0,0,0,1,1
29,290317,1,1,0,0,0,1,1,163,0,15,6,2012,6,10,30,0,3,3,SR-79,,25,39.56575,-91.19043889,0,35,0,0,1,1,0,4,1,1,0,1,0,0000000,99,98,99,98,88,88,0,0,0,1,0
29,290318,2,2,0,0,0,5,5,15,0,16,6,2012,7,15,42,0,4,3,SR-C,BELL AVE,11,38.38830556,-93.49511111,0,12,6,0,8,1,0,1,1,1,0,1,0,0000000,15,51,16,7,16,38,0,0,0,1,0
29,290320,1,1,0,0,0,2,2,47,0,24,5,2012,5,1,30,1,1,1,I-35,,23,39.41333333,-94.34777778,0,42,0,0,1,1,0,4,2,1,0,1,0,0000000,99,98,99,98,88,88,0,0,0,2,0
29,290321,1,1,0,0,0,1,1,99,0,24,5,2012,5,10,10,0,3,4,CR-FISCHER RD,,27,38.14625,-90.53491667,0,1,0,0,1,1,0,1,1,1,0,1,0,0000000,10,29,10,32,88,88,0,0,0,1,0
29,290322,1,1,0,0,0,1,1,159,0,19,6,2012,3,8,25,0,3,3,SR-52,SR-B,7,38.54116667,-93.50030556,0,1,0,0,1,1,0,4,1,1,0,1,0,0000000,8,32,8,58,9,41,0,0,0,1,1
29,290323,3,1,2,0,0,1,1,189,7060,17,5,2012,5,1,41,0,16,6,ARDELIA AVE,,2,38.71590833,-90.34086667,0,14,0,0,1,1,0,4,3,1,0,1,0,0000000,1,57,2,18,2,59,0,0,0,1,1
29,290324,1,1,0,1,1,1,1,71,7630,23,5,2012,4,22,5,0,13,6,SPRINGFIELD RD,,315,38.21194444,-91.16839167,0,8,0,0,1,1,0,1,2,10,0,10,0,0000000,99,98,99,98,88,88,0,0,0,1,0
29,290325,1,1,0,0,0,1,1,37,0,28,5,2012,2,19,40,0,6,4,CR-231,CR-CRAY CRAFT RD,15,38.70688889,-94.56380556,0,1,0,0,2,3,0,1,1,1,0,1,0,0000000,99,98,99,98,88,88,0,0,0,1,1
29,290326,1,1,0,0,0,1,1,47,4120,16,6,2012,7,20,45,0,14,6,SEARCY CREEK PKWY,,5,39.16013889,-94.51699444,0,33,0,0,1,1,0,3,1,1,0,1,0,0000000,20,47,20,55,21,10,0,0,0,1,0
29,290327,2,2,0,0,0,2,2,15,0,23,6,2012,7,10,0,0,5,3,SR-F,CR-CHAT AVE,13,38.44591667,-93.21805556,0,12,6,0,3,1,0,1,1,10,0,10,0,0000000,99,98,99,98,88,88,0,0,0,1,0
29,290328,1,1,0,0,0,2,2,189,2690,28,4,2012,7,1,38,0,14,6,S OLD HWY 141,,4,38.50635,-90.43029444,0,59,0,0,1,1,0,4,2,1,0,1,0,0000000,99,98,99,98,88,88,0,0,0,2,1
29,290329,2,2,0,0,0,2,2,119,200,11,5,2012,6,11,40,0,4,3,SR-76,CR-INDIAN TRAILS,129,36.64802778,-94.42919444,0,12,6,0,2,2,0,1,1,10,0,10,0,0000000,99,99,99,99,99,99,0,0,0,1,0
29,290330,1,1,0,0,0,1,1,83,0,24,5,2012,5,16,35,0,4,3,SR-KK,,25,38.22783333,-94.03330556,0,1,0,0,1,1,0,4,1,10,0,10,0,0000000,17,2,17,7,17,27,0,0,0,1,1
29,290331,1,1,0,0,0,1,1,109,0,28,5,2012,2,21,0,1,2,2,US-60,,44,36.94869444,-93.76863889,0,35,0,0,1,1,0,4,2,1,0,1,0,0000000,22,38,22,58,99,99,0,0,0,1,1
29,290332,2,2,0,0,0,2,2,7,0,2,6,2012,7,15,15,0,3,3,SR-22,,103,39.19094444,-92.00705556,0,12,2,0,1,1,0,1,1,1,0,1,0,0000000,15,26,15,49,16,17,0,0,0,1,0
29,290333,1,1,0,0,0,2,2,95,0,18,6,2012,2,3,51,0,4,3,SR-F,,66,38.92166667,-94.13305556,0,42,0,0,1,1,0,4,2,1,0,1,0,0000000,3,51,4,2,99,99,0,0,0,1,0
29,290334,1,1,0,0,0,1,1,111,2590,24,6,2012,1,11,0,0,2,3,SR-6,,162,40.005,-91.71361111,0,58,0,0,1,1,0,4,1,1,0,1,0,0000000,11,6,11,13,88,88,0,0,0,1,0
29,290335,1,1,0,0,0,1,1,137,6070,29,6,2012,6,7,0,0,4,3,SR-D,,10,39.38380556,-91.98519444,0,1,0,0,1,1,0,4,1,1,0,1,0,0000000,99,99,99,99,99,99,0,0,0,1,0
29,290336,2,2,0,0,0,2,2,175,0,30,6,2012,7,5,20,0,4,3,SR-3,,49,39.53961111,-92.67144444,0,12,2,0,1,1,0,1,2,1,0,1,0,0000000,5,32,5,55,7,16,0,0,0,1,0
29,290337,3,3,0,0,0,8,8,215,1240,1,7,2012,1,12,6,1,2,2,US-60,SR-AV,43,37.09911111,-92.06555556,0,12,6,0,7,1,0,1,1,1,0,1,0,0000000,12,8,12,20,13,38,0,0,0,2,0
29,290338,1,1,0,0,0,2,2,67,0,17,6,2012,1,20,50,0,3,3,SR-5,,188,36.85158333,-92.62658333,0,42,0,0,1,1,0,4,2,10,0,10,0,0000000,99,98,99,98,88,88,0,0,0,1,1
29,290339,1,1,0,0,0,1,1,203,0,25,6,2012,2,5,15,0,5,3,SR-FF,,8,37.01747222,-91.50505556,0,34,0,0,1,1,0,4,1,1,0,1,0,0000000,99,98,99,98,88,88,0,0,0,1,0
29,290340,1,1,0,0,0,2,2,159,0,26,6,2012,3,17,39,0,6,4,CR-CHERRY TREE LN,,5,38.7565,-93.26275,0,42,0,0,1,1,0,4,1,1,0,1,0,0000000,17,52,18,5,18,46,0,0,0,1,1
29,290341,1,1,0,0,0,1,1,3,0,27,6,2012,4,21,0,0,4,3,SR-B,,37,40.11297222,-94.80038889,0,35,0,0,1,1,0,4,2,1,0,1,0,0000000,99,98,99,98,88,88,0,0,0,1,0
29,290342,2,2,0,0,0,2,2,87,0,29,6,2012,6,9,57,1,1,1,I-29,,262,40.19963889,-95.36655556,0,12,6,0,1,1,0,1,1,10,0,10,0,0000000,99,98,99,98,88,88,0,0,0,1,0
29,290343,1,1,0,0,0,1,1,69,4870,30,6,2012,7,0,1,0,16,6,HOWARD ST,,7,36.55941389,-89.96266389,0,35,0,0,1,1,0,4,2,1,0,1,0,0000000,99,98,99,98,88,88,0,0,0,1,1
29,290344,1,1,0,0,0,1,1,221,0,1,7,2012,1,1,10,0,6,4,CR-SAVOY RD,,1,37.84058333,-90.69719444,0,35,0,0,1,1,0,4,2,1,0,1,0,0000000,1,14,1,31,2,4,0,0,0,1,1
29,290345,1,1,0,0,0,1,1,189,2700,3,7,2012,3,20,41,0,16,6,PLAZA AVE,,2,38.73749722,-90.31668611,0,33,0,0,1,1,0,4,3,1,0,1,0,0000000,99,98,99,98,88,88,0,0,0,1,0
29,290346,1,1,0,0,0,1,1,55,0,4,7,2012,4,5,49,0,4,3,SR-N,,22,38.14013889,-91.22961111,0,59,0,0,1,1,0,4,2,1,0,1,0,0000000,99,98,99,98,88,88,0,0,0,1,1
29,290347,1,1,0,1,1,1,1,9,0,5,7,2012,5,23,35,1,2,3,SR-37,,123,36.76041667,-93.91591667,0,8,0,0,1,1,0,1,2,1,0,1,0,0000000,99,98,99,98,88,88,0,0,0,1,0
29,290348,1,1,0,0,0,1,1,147,0,4,7,2012,4,21,15,0,4,3,SR-46,,123,40.34745,-95.00095278,0,34,0,0,1,1,0,4,9,1,0,1,0,0000000,99,98,99,98,88,88,0,0,0,1,1
29,290349,1,1,0,1,1,1,1,95,4120,2,6,2012,7,3,8,0,13,6,TROOST AVE,79TH TERR,84,38.98341667,-94.57611111,0,8,0,0,2,3,0,1,3,1,0,1,0,0000000,3,8,3,15,99,99,0,0,0,1,1
29,290350,1,1,0,0,0,2,2,109,0,2,6,2012,7,22,5,0,4,3,SR-K,,49,37.04413889,-93.71647222,0,59,0,0,1,1,0,4,2,1,0,1,0,0000000,22,17,22,26,99,99,0,0,0,1,0
29,290351,2,2,0,0,0,2,2,95,4120,12,6,2012,3,17,40,0,14,6,STADIUM DR,CHIEFS WAY,22,39.05505556,-94.48880556,0,12,6,0,2,3,0,1,1,1,0,1,0,0000000,99,98,99,98,88,88,0,0,0,1,0
29,290352,2,1,1,0,1,1,2,77,7460,19,6,2012,3,13,47,1,11,1,I-44,,112,37.250375,-93.27275,0,14,0,0,1,1,0,2,1,1,0,1,0,0000000,99,98,99,98,88,88,0,0,0,1,0
29,290353,2,2,0,0,0,2,2,183,7010,4,7,2012,4,19,25,1,11,1,I-70,,2,38.76558333,-90.48558333,0,12,1,0,1,1,0,1,1,1,0,1,0,0000000,99,98,99,98,88,88,0,0,0,1,1
29,290354,1,1,0,0,0,1,1,77,0,4,7,2012,4,22,0,0,6,4,CR-144,,11,37.19322222,-93.46011111,0,58,0,0,1,1,0,4,2,1,0,1,0,0000000,99,98,99,98,88,88,0,0,0,1,1
29,290355,1,1,0,0,0,2,2,123,0,7,7,2012,7,6,15,0,4,3,SR-J,,7,37.57008333,-90.23855556,0,53,0,0,1,1,0,4,1,1,0,1,0,0000000,6,19,6,20,6,40,0,0,0,1,0
29,290356,2,2,0,0,0,3,3,221,0,11,7,2012,4,18,24,0,4,3,SR-185,,265,37.95433333,-90.80605556,0,12,6,0,1,1,0,4,1,10,0,10,0,0000000,18,35,18,37,18,51,0,0,0,1,0
29,290357,1,1,0,0,0,3,3,71,0,27,5,2012,1,15,59,0,3,3,SR-185,,238,38.28813889,-91.23416667,0,35,0,0,1,1,0,4,1,1,0,1,0,0000000,16,2,16,12,16,43,0,0,0,1,1
29,290358,1,1,0,0,0,1,1,3,0,5,6,2012,3,20,20,1,13,2,US-69,,188,39.82838889,-94.83627778,0,35,0,0,1,1,0,4,1,1,0,1,0,0000000,99,98,99,98,88,88,0,0,0,1,0
29,290359,1,1,0,0,0,2,2,95,4490,10,6,2012,1,2,9,0,15,6,OLDHAM PKWY,SR-291,19,38.90216667,-94.37668333,0,24,0,0,1,1,0,4,3,1,0,1,0,0000000,99,98,99,98,88,88,0,0,0,2,1
29,290360,2,2,0,0,0,3,3,173,0,23,6,2012,7,10,30,0,4,3,SR-H,SR-A,82,39.57697222,-91.53830556,0,12,6,0,2,2,0,1,1,1,0,1,0,0000000,10,32,10,53,11,53,0,0,0,1,0
29,290361,1,1,0,1,1,1,1,95,4530,30,6,2012,7,8,11,1,2,2,US-24,,17,39.133,-94.13566667,0,9,0,0,1,1,0,1,1,1,0,1,0,0000000,8,17,8,26,88,88,0,0,0,1,0
29,290362,3,2,1,0,1,2,3,95,4490,21,6,2012,5,22,44,1,13,3,SR-350,,9,38.94722222,-94.40972222,0,45,0,0,1,1,1,5,3,1,0,1,0,0000000,22,44,22,50,23,24,14,0,0,1,0
29,290363,2,2,0,0,0,3,3,97,0,3,7,2012,3,7,20,1,2,3,SR-171,SR-96,99,37.20205556,-94.55919444,0,12,6,0,2,2,0,1,1,1,0,1,0,0000000,7,21,7,29,7,51,0,0,0,1,0
29,290364,1,1,0,1,1,1,1,510,7080,6,7,2012,6,23,59,0,13,6,N GRAND BLVD,,3,38.66568611,-90.21348333,0,8,0,0,1,1,0,1,3,1,0,1,0,0000000,17,1,17,14,18,20,0,0,0,1,0
29,290365,1,1,0,0,0,1,1,117,0,8,7,2012,1,13,20,0,4,3,SR-A,,86,39.85569444,-93.64694444,0,35,0,0,1,1,0,4,1,10,2,2,0,0000000,99,98,99,98,88,88,0,0,0,1,1
29,290366,1,1,0,1,1,3,3,61,0,11,7,2012,4,2,30,1,1,1,I-35,,17,40.11293333,-94.06438889,0,8,0,0,1,1,0,1,2,1,0,1,0,0000000,99,98,99,98,88,88,0,0,0,1,0
29,290367,1,1,0,0,0,1,1,25,0,13,7,2012,6,19,30,0,4,3,SR-KK,,2,39.55469444,-93.79241667,0,34,0,0,1,1,0,4,1,1,0,1,0,0000000,19,46,20,3,88,88,0,0,0,1,1
29,290368,1,1,0,0,0,1,1,183,7100,18,5,2012,6,1,28,0,15,7,I-70 SOR VETERANS MEMORIAL PKW,SPENCER LOOP,10,38.79810833,-90.60181667,0,33,0,0,3,3,0,10,3,1,0,1,0,0000000,99,98,99,98,88,88,0,0,0,1,1
29,290369,1,1,0,0,0,1,1,186,0,3,6,2012,1,2,35,0,5,3,SR-JJ,,14,37.89980556,-90.3935,0,42,0,0,1,1,0,4,2,1,0,1,0,0000000,3,0,3,28,4,6,0,0,0,1,1
29,290370,1,1,0,0,0,1,1,219,8530,3,6,2012,1,22,33,0,13,7,I-70 SOR,,31,38.82294444,-91.0745,0,24,0,0,1,1,0,4,2,10,0,10,0,0000000,22,34,22,42,88,88,20,0,0,1,1
29,290371,2,2,0,0,0,4,4,99,0,16,6,2012,7,1,10,0,6,4,CR-OLD HWY M,,0,38.36352778,-90.46336111,0,12,6,0,8,1,0,1,2,10,0,10,0,0000000,1,26,1,38,2,36,0,0,0,2,1
29,290372,1,1,0,0,0,1,1,209,0,19,6,2012,3,13,19,0,4,3,SR-H,,9,36.55147222,-93.559,0,32,0,0,1,1,0,4,1,1,0,1,0,0000000,13,24,14,1,15,15,0,0,0,1,1
29,290373,2,2,0,0,0,3,3,99,0,20,6,2012,4,10,57,0,4,3,SR-61,I-55 RP,239,38.15797222,-90.35944444,0,12,6,0,2,3,0,1,1,1,0,1,0,0000000,10,59,11,16,11,48,0,0,0,2,0
29,290374,3,3,0,0,0,3,3,197,4380,27,6,2012,4,14,50,1,2,2,US-63,US-136,52,40.52269444,-92.54405556,0,12,6,0,2,2,0,1,1,1,0,1,0,0000000,14,51,14,54,99,99,0,0,0,1,0
29,290375,2,2,0,0,0,6,6,91,0,28,6,2012,5,17,5,0,4,3,SR-E,,97,36.51086111,-91.98525,0,12,2,0,1,1,0,1,1,1,0,1,0,0000000,17,7,17,36,18,51,0,0,0,1,0
29,290377,1,1,0,0,0,1,1,201,0,8,7,2012,1,1,0,0,6,4,CR-532,,9,36.93561111,-89.49933333,0,21,0,0,1,1,0,4,2,10,0,10,0,0000000,99,98,99,98,88,88,0,0,0,1,1
29,290378,2,2,0,0,0,3,3,159,0,10,7,2012,3,15,10,1,2,2,US-65,,177,38.77813889,-93.22497222,0,12,9,0,1,1,0,1,1,1,0,1,0,0000000,15,12,15,26,15,47,0,0,0,1,0
29,290379,2,2,0,0,0,2,2,9,7283,11,7,2012,4,20,30,0,4,3,SR-39,SR-YY,254,36.62186111,-93.61711111,0,12,6,0,2,3,0,1,1,1,0,1,0,0000000,99,98,99,98,88,88,0,0,0,1,2
29,290380,3,3,0,0,0,8,8,91,0,13,7,2012,6,10,25,0,3,2,US-160,,151,36.68694444,-91.89094444,0,1,0,0,1,1,0,1,1,1,0,1,0,0000000,99,98,99,98,88,88,0,0,0,2,0
29,290381,1,1,0,0,0,3,3,9,0,14,7,2012,7,14,35,0,4,3,SR-W,,50,36.74508333,-93.98713889,0,38,0,0,1,1,0,4,1,10,0,10,0,0000000,14,41,15,12,15,54,0,0,0,2,0
29,290382,2,2,0,0,0,5,5,161,0,15,7,2012,1,11,7,0,5,3,SR-KK,,48,38.02819444,-91.53816667,0,12,1,0,1,1,0,1,1,1,0,1,0,0000000,11,8,11,15,99,99,0,0,0,2,0
29,290383,1,1,0,0,0,2,2,125,0,16,7,2012,2,14,50,0,3,3,SR-68,,48,38.09586111,-91.68894444,0,1,0,0,1,1,0,1,1,1,0,1,0,0000000,2,55,3,20,99,99,0,0,0,2,0
29,290384,1,1,0,0,0,2,2,183,2824,16,7,2012,2,23,9,0,4,3,SR-N,,15,38.77233333,-90.93472222,0,53,0,0,1,1,0,4,2,1,0,1,0,0000000,99,98,99,98,88,88,0,0,0,1,0
29,290385,1,1,0,0,0,6,6,119,6300,17,7,2012,3,15,43,1,2,2,US-71,SR-EE,3,36.60397222,-94.40975,0,59,0,1,3,1,0,4,1,1,0,1,0,0000000,15,50,15,56,16,40,0,0,0,1,0
29,290386,1,1,0,0,0,1,1,99,0,18,7,2012,4,5,10,0,4,3,SR-Y,,4,38.29575,-90.74708333,0,58,0,0,1,1,0,4,1,1,0,1,0,0000000,5,19,5,35,6,26,0,0,0,1,0
29,290387,1,1,0,0,0,1,1,161,7050,18,7,2012,4,19,35,1,1,1,I-44,,84,37.98705556,-91.66588889,0,57,0,0,1,1,0,3,1,1,0,1,0,0000000,99,98,99,98,88,88,0,0,0,1,1
29,290388,2,2,0,0,0,2,2,95,4120,2,6,2012,7,13,23,0,13,3,SR-V NOLAND RD,,40,38.98408056,-94.41848056,0,12,6,0,1,1,0,1,1,1,0,1,0,0000000,13,25,13,48,99,99,0,0,0,1,1
29,290389,1,1,0,0,0,1,1,169,7105,9,6,2012,7,2,30,0,15,3,SR-Y,LINK DR,54,37.84002778,-92.149375,0,1,0,0,3,3,0,4,2,1,0,1,0,0000000,99,98,99,98,88,88,0,0,0,1,1
29,290390,1,1,0,0,0,1,1,109,0,19,6,2012,3,6,30,0,4,3,SR-ZZ,,22,37.0045,-93.67816667,0,53,0,0,1,1,0,4,1,1,0,1,0,0000000,99,98,99,98,88,88,0,0,0,1,1
29,290391,3,3,0,0,0,5,5,187,2670,20,6,2012,4,16,43,0,14,3,SR-32 KARSCH BLVD,WASHINGTON ST,108,37.78727222,-90.42000556,0,12,6,0,2,2,0,1,1,1,0,1,0,0000000,99,99,99,99,99,99,0,0,0,1,0
29,290392,2,2,0,0,0,3,3,189,5035,20,6,2012,4,6,18,0,14,4,CR-MCKELVEY RD,CR-DAWN BETH DR,8,38.71094722,-90.45538611,0,12,6,0,2,2,0,1,1,1,0,1,0,0000000,6,18,6,21,6,41,0,0,0,1,0
29,290393,1,1,0,1,1,1,1,187,0,6,7,2012,6,1,45,1,2,2,US-67,,230,37.75008056,-90.44719444,0,8,0,0,1,1,0,1,2,1,0,1,0,0000000,99,98,99,98,88,88,0,0,0,1,0
29,290394,1,1,0,0,0,1,1,159,7210,17,7,2012,3,17,35,1,13,2,US-50,,180,38.70028333,-93.19159444,0,30,0,0,1,1,0,4,1,1,0,1,0,0000000,99,98,99,98,88,88,0,0,0,1,1
29,290395,1,1,0,0,0,1,1,93,0,20,7,2012,6,20,20,0,5,3,SR-O,,47,37.653,-90.76547222,0,11,0,0,1,1,0,1,5,1,0,1,0,0000000,20,28,20,41,21,5,0,0,0,1,0
29,290396,2,2,0,0,0,8,8,123,0,21,7,2012,7,7,33,1,2,3,SR-72,,217,37.53211111,-90.18455556,0,12,2,0,1,1,0,1,1,1,0,1,0,0000000,7,37,7,49,99,99,0,0,0,1,0
29,290397,1,1,0,0,0,1,1,29,0,21,7,2012,7,11,40,1,2,2,US-54,,92,38.08425,-92.68986111,0,35,0,0,1,1,0,4,1,1,0,1,0,0000000,11,44,11,56,12,22,0,0,0,1,0
29,290399,1,1,0,0,0,1,1,133,0,25,5,2012,6,8,0,0,6,4,CR-413,,37,36.81583333,-89.39722222,0,42,0,0,1,1,0,4,1,1,0,1,0,0000000,8,10,8,35,9,23,0,0,0,1,0
29,290400,1,1,0,0,0,2,2,95,3280,24,6,2012,1,17,6,1,12,2,US-71,,157,38.90808889,-94.52391944,0,33,0,0,1,1,0,4,1,1,0,1,0,0000000,16,31,16,34,17,0,0,0,0,1,0
29,290401,1,1,0,1,1,2,2,77,7460,20,7,2012,6,0,49,1,13,6,CHESTNUT EXPRESSWAY,BOONVILLE,43,37.21553611,-93.29223056,0,8,0,0,2,2,0,1,3,1,0,1,0,0000000,99,98,99,98,88,88,0,0,0,1,0
29,290402,1,1,0,0,0,1,1,223,0,25,7,2012,4,8,40,0,4,3,SR-D,,71,37.05816667,-90.35869444,0,42,0,0,1,1,0,4,1,1,0,1,0,0000000,99,98,99,98,88,88,0,0,0,1,0
29,290403,1,1,0,0,0,1,1,111,0,25,7,2012,4,20,50,0,4,3,SR-C,,17,40.02630556,-91.70772222,0,34,0,0,1,1,0,4,3,10,0,10,0,0000000,99,98,99,98,88,88,0,0,0,1,1
29,290404,1,1,0,0,0,2,2,55,0,25,7,2012,4,21,14,0,4,3,SR-H,CR-CAVE RD,71,38.06308333,-91.22866667,0,59,0,0,1,1,0,4,2,1,0,1,0,0000000,21,21,21,33,22,15,0,0,0,1,1
29,290405,1,1,0,0,0,2,2,37,0,26,7,2012,5,0,20,0,6,4,CR-E 235TH ST,,13,38.69677778,-94.49297222,0,1,0,0,1,1,0,1,2,2,10,2,0,0000000,0,31,0,37,1,7,0,0,0,1,1
29,290406,2,2,0,0,0,2,2,73,0,26,7,2012,5,4,0,1,2,2,US-50,,63,38.48586111,-91.53833333,0,12,2,0,1,1,0,1,2,10,0,10,0,0000000,4,18,4,59,5,50,0,0,0,1,0
29,290407,2,2,0,0,0,2,2,189,0,26,7,2012,5,10,15,0,13,3,SR-D,,61,38.68555556,-90.34547222,0,1,0,0,8,1,0,1,1,10,0,10,0,0000000,99,98,99,98,88,88,0,0,0,1,0
29,290408,2,2,0,0,0,2,2,211,0,26,7,2012,5,14,28,0,3,3,SR-5,SR-T,204,40.12063889,-93.15525,0,12,6,0,2,3,0,1,1,1,0,1,0,0000000,99,98,99,98,88,88,0,0,0,1,0
29,290409,2,2,0,0,0,3,3,71,9997,27,7,2012,6,0,4,0,13,3,SR-100,SR-47,232,38.53875,-91.00538889,0,12,6,0,3,2,0,1,3,1,0,1,0,0000000,99,99,99,99,99,99,20,0,0,1,0
29,290410,1,1,0,0,0,1,1,189,7760,27,6,2012,4,16,32,0,15,4,CR-MASON RD,,37,38.59924167,-90.47970278,0,30,0,0,1,1,0,4,1,1,0,1,0,0000000,16,31,16,34,17,0,0,0,0,1,0
29,290411,2,2,0,0,0,3,3,47,4120,13,7,2012,6,9,52,1,13,3,SR-210,,57,39.15461667,-94.45870278,0,12,6,0,1,1,0,1,1,10,0,10,0,0000000,9,56,10,3,10,27,0,0,0,1,0
29,290412,1,1,0,0,0,1,1,141,0,25,7,2012,4,16,35,0,4,3,SR-135,,204,38.45888889,-93.02141667,0,35,0,0,1,1,0,4,1,1,0,1,0,0000000,4,42,4,52,88,88,0,0,0,1,1
29,290413,2,2,0,0,0,2,2,9,0,27,7,2012,6,7,50,0,4,3,SR-Z,,24,36.90077778,-93.82230556,0,12,2,0,1,1,0,1,1,1,0,1,0,0000000,99,99,99,99,99,99,0,0,0,1,0
29,290414,1,1,0,0,0,1,1,223,0,27,7,2012,6,20,0,0,4,3,SR-143,,3,37.31202778,-90.54602778,0,42,0,0,1,1,0,4,1,1,0,1,0,0000000,99,98,99,98,88,88,0,0,0,1,1
29,290415,1,1,0,0,0,1,1,95,3940,15,7,2012,1,15,10,0,15,6,BLUE RIDGE BLVD,,46,39.05551111,-94.45619722,0,59,0,0,1,1,0,4,1,1,0,1,0,0000000,99,98,99,98,88,88,0,0,0,1,1
29,290416,1,1,0,0,0,1,1,510,7080,23,6,2012,7,16,58,0,13,6,FOREST PARK PKWY,,14,38.64818889,-90.28763333,0,24,0,0,1,1,0,4,1,10,0,10,0,0000000,99,99,99,99,99,99,0,0,0,1,0