STATE,ST_CASE,VE_TOTAL,VE_FORMS,PVH_INVL,PEDS,PERNOTMVIT,PERMVIT,PERSONS,COUNTY,CITY,DAY,MONTH,YEAR,DAY_WEEK,HOUR,MINUTE,NHS,ROAD_FNC,ROUTE,TWAY_ID,TWAY_ID2,MILEPT,LATITUDE,LONGITUD,SP_JUR,HARM_EV,MAN_COLL,RELJCT1,RELJCT2,TYP_INT,WRK_ZONE,REL_ROAD,LGT_COND,WEATHER1,WEATHER2,WEATHER,SCH_BUS,RAIL,NOT_HOUR,NOT_MIN,ARR_HOUR,ARR_MIN,HOSP_HR,HOSP_MN,CF1,CF2,CF3,FATALS,DRUNK_DR
29,290417,3,3,0,0,0,5,5,169,7105,24,7,2012,3,20,20,0,15,3,SR-Z,,24,37.82786111,-92.10852778,0,54,11,0,1,1,0,1,1,1,0,1,0,0000000,20,24,20,35,21,36,14,0,0,1,1
29,290418,1,1,0,1,1,3,3,167,0,28,7,2012,7,13,45,0,4,3,SR-123,,71,37.71705556,-93.56894444,0,8,0,0,1,1,0,4,1,1,0,1,0,0000000,99,99,99,99,99,99,0,0,0,1,0
29,290419,2,2,0,0,0,2,2,167,880,30,7,2012,2,7,45,1,2,3,SR-13,WOR 13,243,37.53788889,-93.37930556,0,12,6,0,2,2,0,1,1,1,0,1,0,0000000,7,47,7,57,8,21,0,0,0,1,0
29,290420,2,2,0,0,0,3,3,51,0,30,7,2012,2,14,42,1,2,2,US-54,CR-BUFFALO ROAD,79,38.50430556,-92.26433889,0,12,6,0,2,2,0,1,1,10,0,10,0,0000000,14,48,15,7,15,37,0,0,0,2,0
29,290421,1,1,0,0,0,2,2,71,0,1,8,2012,4,16,40,1,1,1,I-44,,287,38.26788889,-91.11013333,0,57,0,0,1,1,0,3,1,10,0,10,0,0000000,16,51,17,4,17,33,0,0,0,1,0
29,290422,1,1,0,0,0,3,3,207,2230,16,7,2012,2,1,59,0,13,2,US-60,,231,36.81680833,-89.94208889,0,1,0,1,5,1,0,3,3,1,0,1,0,0000000,2,2,2,28,3,5,0,0,0,3,0
29,290423,2,2,0,0,0,2,2,201,7310,17,7,2012,3,8,13,0,13,2,US-62,SOUTH INGRAM,13,36.88166667,-89.57052778,0,12,6,0,2,2,0,1,1,1,0,1,0,0000000,8,18,8,21,99,99,0,0,0,1,0
29,290424,1,1,0,0,0,1,1,169,0,20,7,2012,6,17,45,0,3,3,SR-C,,4,37.9985,-92.11258333,0,43,0,0,1,1,0,4,1,1,0,1,0,0000000,99,98,99,98,88,88,0,0,0,1,1
29,290425,2,2,0,0,0,2,2,43,6020,23,7,2012,2,18,50,0,15,2,US-65 BUS,,33,37.004425,-93.21589722,0,12,2,0,1,1,0,1,1,1,0,1,0,0000000,19,0,19,6,19,47,0,0,0,1,0
29,290426,1,1,0,0,0,1,1,71,0,24,7,2012,3,18,35,0,3,3,SR-185,,271,38.245,-91.20972222,0,42,0,0,1,1,0,4,1,1,0,1,0,0000000,99,98,99,98,88,88,0,0,0,1,1
29,290427,2,2,0,0,0,2,2,9,5310,25,7,2012,4,18,23,1,13,2,US-60,,75,36.91466667,-93.92825,0,12,1,0,1,1,0,1,1,1,0,1,0,0000000,99,99,99,99,99,99,0,0,0,1,0
29,290428,1,1,0,0,0,1,1,17,0,2,8,2012,5,2,22,0,5,3,SR-NN,,33,37.5515,-90.02172222,0,18,0,0,1,1,0,4,2,1,0,1,0,0000000,99,98,99,98,88,88,0,0,0,1,1
29,290429,2,2,0,0,0,2,2,187,0,5,8,2012,1,0,5,0,4,3,SR-NN,,27,37.70813889,-90.57322222,0,12,2,0,1,1,0,1,2,2,0,2,0,0000000,99,99,99,99,99,99,0,0,0,1,0
29,290430,1,1,0,0,0,1,1,213,0,28,7,2012,7,21,55,0,4,3,SR-J,,16,36.57183333,-93.13063889,0,35,0,0,1,1,0,4,2,1,0,1,0,0000000,99,98,99,98,88,88,0,0,0,1,1
29,290431,3,3,0,0,0,2,2,183,7010,1,8,2012,4,0,35,1,12,3,SR-370,,32,38.81927778,-90.55266667,0,12,1,0,1,1,0,1,2,1,0,1,0,0000000,99,98,99,98,88,88,14,0,0,1,0
29,290433,2,2,0,0,0,8,8,69,0,3,8,2012,6,9,18,0,4,3,SR-153,SR-M,9,36.36777778,-89.97888889,0,12,6,0,2,2,0,1,1,1,0,1,0,0000000,9,34,10,4,11,32,0,0,0,2,0
29,290434,1,1,0,0,0,1,1,11,0,4,8,2012,7,6,12,0,3,3,SR-160,,137,37.49566667,-94.37705556,0,1,0,0,1,1,0,4,3,1,0,1,0,0000000,6,12,6,20,88,88,0,0,0,1,0
29,290435,2,2,0,0,0,3,3,113,0,4,8,2012,7,18,0,0,4,3,SR-H,CR-GEEDING LANE,152,38.99338889,-91.00547222,0,12,6,0,1,1,0,1,1,1,0,1,0,0000000,18,11,18,29,18,58,0,0,0,1,1
29,290436,3,1,2,0,0,1,1,29,0,6,8,2012,2,12,5,0,4,3,SR-D,,74,37.93177778,-92.81047222,0,58,0,0,1,1,0,4,1,1,0,1,0,0000000,12,8,12,26,13,18,0,0,0,1,1
29,290437,2,2,0,0,0,3,3,41,0,1,8,2012,4,22,53,0,4,3,SR-JJ,,0,39.70333333,-92.99386111,0,12,2,0,1,1,0,1,2,1,0,1,0,0000000,23,2,23,15,99,99,0,0,0,1,1
29,290438,2,2,0,0,0,2,2,186,0,4,8,2012,7,7,48,1,1,1,I-55,,154,37.92880556,-90.11094444,0,59,0,0,1,1,0,2,1,10,2,2,0,0000000,7,47,7,58,8,40,0,0,0,1,0
29,290439,1,1,0,0,0,4,4,69,0,7,8,2012,3,0,5,0,6,4,CR-513,,5,36.18536111,-90.19588889,0,23,0,0,8,1,0,4,2,1,0,1,0,0000000,99,98,99,98,88,88,0,0,0,1,1
29,290440,2,2,0,0,0,2,2,135,0,8,8,2012,4,5,30,0,3,3,SR-87,,206,38.59091667,-92.57338889,0,12,2,0,1,1,0,1,2,1,0,1,0,0000000,5,41,5,49,6,40,0,0,0,1,0
29,290441,2,2,0,0,0,8,8,21,0,8,8,2012,4,8,45,1,1,1,I-29,,183,39.55500556,-94.78806667,0,12,6,0,1,1,0,1,1,2,0,2,0,0000000,8,58,9,12,9,36,0,0,0,1,0
29,290442,1,1,0,0,0,2,2,163,0,9,8,2012,5,10,25,0,4,3,SR-Y,,28,39.32305556,-91.23777778,0,1,0,0,1,1,0,4,1,1,0,1,0,0000000,99,98,99,98,88,88,0,0,0,1,0
29,290443,1,1,0,0,0,1,1,161,0,9,8,2012,5,14,57,0,4,3,SR-O,,34,37.88502778,-91.74875,0,34,0,0,1,1,0,4,1,1,0,1,0,0000000,14,57,15,6,15,41,0,0,0,1,0
29,290444,1,1,0,0,0,2,2,183,0,10,8,2012,6,18,45,1,11,1,I-70,,172,38.80497222,-90.79516667,0,25,0,0,1,1,0,3,1,1,0,1,0,0000000,99,98,99,98,88,88,0,0,0,1,1
29,290445,1,1,0,0,0,1,1,37,0,11,8,2012,7,22,25,0,6,4,CR-ROCK HAVEN RD,,33,38.66381389,-94.38916944,0,32,0,0,1,1,0,4,2,1,0,1,0,0000000,99,98,99,98,88,88,0,0,0,1,1
29,290446,1,1,0,0,0,2,2,71,7020,15,6,2012,6,10,27,0,14,3,SR-47,,156,38.34613889,-90.98806389,0,19,0,0,1,1,0,4,1,1,0,1,0,0000000,10,27,10,33,11,1,0,0,0,1,0
29,290447,2,2,0,0,0,3,3,189,0,5,7,2012,5,11,57,0,14,4,CR-BIG BEND BLVD,HOLMES AVE,75,38.56803333,-90.391425,0,12,6,0,2,2,0,1,1,1,0,1,0,0000000,12,1,12,7,12,25,0,0,0,2,0
29,290448,2,2,0,0,0,2,2,99,9997,24,7,2012,3,18,30,1,13,3,SR-30,UPPER BYRNES MILL RD,74,38.43630556,-90.55670833,0,12,6,0,2,2,4,1,1,1,0,1,0,0000000,18,21,18,25,19,2,0,0,0,1,0
29,290449,3,3,0,0,0,4,4,189,1575,29,7,2012,1,3,15,0,13,2,US-40,,188,38.67417778,-90.64098889,0,12,8,0,1,1,0,1,3,1,0,1,0,0000000,3,17,3,27,3,58,0,0,0,1,1
29,290450,2,2,0,0,0,2,2,510,7080,30,7,2012,2,7,48,0,13,6,N KINGSHIGHWAY BLVD,TYUS CT,17,38.67229444,-90.25481944,0,12,1,0,2,3,0,1,1,10,0,10,0,0000000,7,49,8,11,8,11,0,0,0,1,0
29,290451,2,2,0,0,0,4,4,43,6020,30,7,2012,2,17,34,0,14,6,CST 3RD ST,,257,37.01726389,-93.20645,0,12,6,0,8,1,0,1,1,1,0,1,0,0000000,17,39,18,2,18,34,0,0,0,1,0
29,290452,1,1,0,1,1,1,1,145,5580,7,8,2012,3,7,26,0,14,6,CARL SWEENEY PARKWAY,,6,36.85788611,-94.35590278,0,8,0,0,1,1,0,1,1,1,0,1,0,0000000,7,27,7,37,8,22,0,0,0,1,0
29,290453,1,1,0,0,0,1,1,95,4120,26,7,2012,5,2,1,0,16,6,CENTRAL ST,34TH ST,0,39.065675,-94.588975,0,33,0,0,3,3,0,4,3,10,0,10,0,0000000,2,3,2,8,2,25,20,0,0,1,1
29,290454,1,1,0,1,1,1,1,95,4120,26,7,2012,5,5,17,0,14,6,PROSPECT AVE,,39,39.04883333,-94.55392778,0,8,0,0,1,1,0,1,3,2,0,2,0,0000000,5,18,5,21,5,35,0,0,0,1,0
29,290455,1,1,0,1,1,1,1,157,6210,27,7,2012,6,19,2,0,13,3,SR-51,,141,37.71831667,-89.88746111,0,9,0,0,1,1,0,1,1,1,0,1,0,0000000,19,4,19,9,19,27,0,0,0,1,0
29,290456,1,1,0,0,0,1,1,127,0,13,8,2012,2,9,15,0,2,3,SR-6,,6,39.94161111,-91.63019444,0,58,0,0,1,1,0,4,1,10,0,10,0,0000000,9,21,9,39,10,8,0,0,0,1,0
29,290457,1,1,0,0,0,1,1,29,0,31,7,2012,3,14,30,0,4,3,SR-BB,,36,37.91091667,-92.58888889,0,1,0,0,1,1,0,1,1,1,0,1,0,0000000,20,57,21,0,21,33,0,0,0,1,1
29,290458,2,2,0,0,0,8,8,31,1390,10,8,2012,6,18,55,1,13,3,SR-K WILLIAM ST,S BROADVIEW ST,63,37.30354167,-89.55705833,0,12,1,0,3,2,0,1,1,1,0,1,0,0000000,18,59,19,3,99,99,0,0,0,1,0
29,290459,2,2,0,0,0,2,2,165,0,13,8,2012,2,14,48,0,2,3,SR-92,,51,39.3675,-94.84611111,0,12,6,0,1,1,0,1,1,1,0,1,0,0000000,14,16,15,5,99,99,20,0,0,2,0
29,290460,2,2,0,0,0,2,2,99,0,15,8,2012,4,8,40,1,13,3,SR-W,,9,38.47072222,-90.62427778,0,12,2,0,1,1,0,1,1,1,0,1,0,0000000,8,41,8,47,99,99,0,0,0,1,1
29,290461,1,1,0,0,0,1,1,21,0,17,8,2012,6,16,53,0,4,3,SR-JJ,,66,39.60111111,-94.91886111,0,52,0,0,1,1,0,4,2,1,0,1,0,0000000,16,58,17,9,88,88,0,0,0,1,0
29,290462,1,1,0,0,0,2,2,131,0,18,8,2012,7,1,50,1,2,2,US-54,,196,38.36872222,-92.46905556,0,58,0,0,1,1,0,4,2,1,0,1,0,0000000,2,15,2,30,3,6,0,0,0,1,1
29,290463,1,1,0,0,0,1,1,81,0,19,8,2012,1,23,36,0,4,3,SR-13,,21,40.22372222,-94.02683333,0,59,0,0,1,1,0,4,2,1,0,1,0,0000000,23,38,23,44,0,9,0,0,0,1,1
29,290464,1,1,0,0,0,1,1,99,0,19,8,2012,1,22,1,0,15,3,SR-A OLD,,15,38.23741667,-90.43580556,0,1,0,0,1,1,0,4,2,1,0,1,0,0000000,22,6,22,17,22,55,0,0,0,1,1
29,290465,1,1,0,1,1,1,1,225,4980,21,8,2012,3,21,2,0,16,6,WARREN AVE,,4,37.33260556,-92.92584722,0,8,0,0,1,1,0,1,2,1,0,1,0,0000000,99,99,99,99,99,99,0,0,0,1,0
29,290466,1,1,0,0,0,1,1,185,0,22,8,2012,4,20,5,0,3,3,SR-82,,273,38.03777778,-93.61294444,0,35,0,0,1,1,0,4,1,1,0,1,0,0000000,20,5,20,15,20,30,0,0,0,1,0
29,290467,1,1,0,0,0,2,2,163,0,25,8,2012,7,10,15,0,4,3,SR-NN,,14,39.38588889,-91.07244444,0,38,0,0,1,1,0,4,1,1,0,1,0,0000000,99,99,99,99,99,99,0,0,0,1,0
29,290468,2,2,0,0,0,3,3,165,4120,21,7,2012,7,1,34,1,11,1,I-29,,272,39.19106111,-94.61543056,0,12,2,1,18,1,0,1,3,1,0,1,0,0000000,1,35,1,43,2,46,0,0,0,2,1
29,290469,3,3,0,0,0,3,3,189,0,26,7,2012,5,8,10,0,13,4,CR-KINGSTON,CR-GENEVA,21,38.51346667,-90.28741389,0,12,2,0,3,1,0,1,1,1,0,1,0,0000000,99,98,99,98,88,88,0,0,0,1,0
29,290470,2,2,0,0,0,2,2,3,0,17,8,2012,6,13,35,1,2,2,US-71,,97,39.93266667,-94.86016667,0,12,1,0,1,1,0,1,1,1,0,1,0,0000000,13,44,14,0,14,25,20,0,0,1,0
29,290471,1,1,0,0,0,1,1,189,7890,17,8,2012,6,14,35,1,11,1,I-170,,27,38.66566667,-90.36011111,0,38,0,0,1,1,0,4,1,1,0,1,0,0000000,14,42,14,44,15,4,0,0,0,1,1
29,290472,2,2,0,0,0,2,2,145,0,17,8,2012,6,20,42,1,2,2,US-71 BUS,,37,37.00202778,-94.47422222,0,12,1,0,1,1,0,1,2,1,0,1,0,0000000,99,98,99,98,88,88,0,0,0,1,0
29,290473,1,1,0,0,0,1,1,207,0,21,8,2012,3,12,35,0,4,3,SR-51,,16,37.01872222,-90.07386111,0,1,0,0,1,1,0,4,1,1,0,1,0,0000000,99,98,99,98,88,88,0,0,0,1,1
29,290474,1,1,0,1,1,1,1,23,0,21,8,2012,3,21,35,0,5,3,SR-M,,70,36.72991667,-90.48063889,0,9,0,0,1,1,0,1,2,1,0,1,0,0000000,21,42,21,50,22,21,0,0,0,1,1
29,290475,1,1,0,0,0,1,1,59,0,22,8,2012,4,11,54,0,3,3,SR-32,CR-SILVER LEAF,11,37.639,-93.15783333,0,1,0,0,2,3,0,1,1,1,0,1,0,0000000,99,98,99,98,88,88,0,0,0,1,1
29,290477,1,1,0,0,0,1,1,177,0,24,8,2012,6,10,10,0,4,3,SR-O,,66,39.26363889,-94.16877778,0,59,0,0,1,1,0,4,1,1,0,1,0,0000000,10,16,10,29,88,88,0,0,0,1,0
29,290478,1,1,0,0,0,2,2,119,0,25,8,2012,7,10,40,0,4,3,SR-Y,,7,36.75472222,-94.52725,0,32,0,0,1,1,0,4,1,10,0,10,0,0000000,10,42,11,16,11,31,0,0,0,1,0
29,290479,2,2,0,0,0,5,5,175,0,25,8,2012,7,17,0,0,4,3,SR-BB,,68,39.38416667,-92.51555556,0,12,2,0,1,1,0,1,1,10,0,10,0,0000000,99,99,99,99,99,99,0,0,0,1,0
29,290480,1,1,0,0,0,1,1,71,0,25,8,2012,7,19,0,1,1,1,I-44,,227,38.43111111,-90.91388889,0,1,0,0,1,1,0,4,1,10,2,2,0,0000000,99,98,99,98,88,88,0,0,0,1,1
29,290481,2,2,0,0,0,2,2,95,4120,7,6,2012,5,9,38,0,13,6,BLUE RIDGE,LONGVIEW,76,38.91543056,-94.51349167,0,12,6,0,2,2,0,1,1,98,0,98,0,0000000,99,98,99,98,88,88,0,0,0,1,0
29,290482,1,1,0,0,0,4,4,123,2890,8,6,2012,6,15,58,1,2,3,SR-72,,159,37.56627222,-90.27186944,0,34,0,0,1,1,0,4,1,1,0,1,0,0000000,16,6,16,8,17,2,0,0,0,1,0
29,290483,1,1,0,0,0,1,1,165,4120,8,7,2012,1,15,49,1,12,3,SR-152,,49,39.25405556,-94.68543333,0,58,0,1,19,1,0,3,1,10,0,10,0,0000000,99,98,99,98,88,88,0,0,0,1,0
29,290484,1,1,0,0,0,1,1,97,0,23,8,2012,5,18,25,0,13,3,SR-571,,1,37.13325,-94.31294444,0,31,0,1,5,1,0,8,1,1,0,1,0,0000000,99,99,99,99,99,99,0,0,0,1,0
29,290485,1,1,0,0,0,1,1,175,0,29,8,2012,4,22,13,0,4,3,SR-3,,215,39.35916667,-92.65575,0,42,0,0,1,1,0,4,2,1,0,1,0,0000000,99,98,99,98,88,88,0,0,0,1,0
29,290486,1,1,0,1,1,1,1,15,4610,1,9,2012,7,21,0,0,4,3,SR-C,,98,38.39119444,-93.33816667,0,8,0,0,1,1,0,1,2,10,0,10,0,0000000,21,3,21,8,88,88,0,0,0,1,0
29,290487,1,1,0,0,0,1,1,19,1800,7,5,2012,2,20,31,0,16,6,RICE RD,,0,38.97225556,-92.27246389,0,1,0,0,1,1,0,4,3,1,0,1,0,0000000,99,99,99,99,99,99,0,0,0,1,1
29,290488,2,2,0,0,0,3,3,161,0,27,8,2012,2,8,35,1,1,1,I-44,,244,37.94458333,-91.93205556,0,12,9,0,1,1,0,1,1,10,5,5,0,0000000,8,42,8,50,88,88,0,0,0,2,0
29,290489,2,2,0,0,0,4,4,7,0,31,8,2012,6,16,30,0,3,3,SR-22,,67,39.2025,-92.07219444,0,12,6,0,1,1,0,1,1,10,2,2,0,0000000,99,98,99,98,88,88,0,0,0,3,0
29,290490,2,2,0,0,0,5,5,3,0,2,9,2012,1,23,30,0,3,2,US-71 BUS,CR-445,51,39.90697222,-94.81161111,0,12,6,0,2,2,0,1,2,1,0,1,0,0000000,99,99,99,99,99,99,0,0,0,1,0
29,290491,1,1,0,0,0,1,1,179,0,2,9,2012,1,22,0,0,3,3,SR-21,,311,37.20566667,-90.95138889,0,32,0,0,1,1,0,4,2,1,0,1,0,0000000,99,98,99,98,88,88,0,0,0,1,1
29,290492,1,1,0,0,0,1,1,209,0,4,9,2012,3,10,37,0,2,3,SR-13,,236,36.52872222,-93.42455556,0,1,0,0,1,1,0,4,1,1,0,1,0,0000000,10,45,10,50,12,6,0,0,0,1,1
29,290493,2,2,0,0,0,3,3,99,2200,8,9,2012,7,11,46,0,14,3,SR-21,,272,38.14211111,-90.57902778,0,1,0,0,8,1,0,1,1,10,0,10,0,0000000,99,98,99,98,88,88,0,0,0,1,0
29,290494,2,2,0,0,0,4,4,189,0,4,8,2012,7,7,15,1,13,3,SR-21,,74,38.4668,-90.40255278,0,12,2,0,1,1,0,1,1,2,0,2,0,0000000,7,22,7,32,7,58,0,0,0,1,0
29,290495,1,1,0,0,0,4,4,189,3580,14,8,2012,3,2,23,0,13,4,CR-JAMES S MCDONNELL BLVD,,17,38.76547778,-90.37068611,0,30,0,0,1,1,0,4,2,10,0,10,0,0000000,99,99,99,99,99,99,20,0,0,1,0
29,290496,2,2,0,0,0,2,2,510,7080,21,8,2012,3,8,21,0,14,6,MORGANFORD RD,BLOW,29,38.56470278,-90.27843333,0,12,6,0,2,3,0,1,1,1,0,1,1,0000000,8,22,8,27,8,54,0,0,0,1,0
29,290497,1,1,0,0,0,3,3,113,0,9,9,2012,1,0,1,0,6,4,CR-KELCH,,44,39.13194444,-91.16177778,0,35,0,0,1,1,0,4,2,1,0,1,0,0000000,0,30,0,57,2,4,0,0,0,1,1
29,290498,1,1,0,0,0,1,1,510,7080,1,9,2012,7,3,50,0,13,6,JEFFERSON ST,,35,38.610325,-90.22202222,0,33,0,0,1,1,0,4,3,10,0,10,0,0000000,3,56,4,4,4,19,0,0,0,1,0
29,290499,1,1,0,0,0,5,5,510,7080,6,9,2012,5,14,15,0,13,6,RIVERVIEW BLVD,,12,38.71066111,-90.24544722,0,42,0,0,1,1,0,4,1,10,0,10,0,0000000,14,19,14,28,15,9,0,0,0,1,0
29,290500,1,1,0,0,0,4,4,71,0,9,9,2012,1,15,12,0,4,3,SR-YY,,118,38.49722222,-91.09277778,0,59,0,0,1,1,0,4,1,1,0,1,0,0000000,99,99,99,99,99,99,0,0,0,1,0
29,290501,1,1,0,1,1,1,1,161,7050,19,8,2012,1,6,19,0,13,7,I 44 NOR,,38,37.98403611,-91.68901944,0,8,0,0,1,1,0,1,1,1,0,1,0,0000000,99,99,99,99,99,99,0,0,0,1,0
29,290502,1,1,0,0,0,1,1,183,0,6,9,2012,5,17,40,1,12,3,SR-370,,74,38.81444444,-90.4925,0,25,0,0,1,1,0,3,1,10,0,10,0,0000000,99,98,99,98,88,88,0,0,0,1,1
29,290503,4,4,0,0,0,4,4,189,5035,29,8,2012,4,12,19,1,11,1,I-270,,196,38.73866667,-90.44186111,0,12,1,0,1,1,0,1,1,1,0,1,0,0000000,12,23,12,32,12,56,0,0,0,1,0
29,290504,2,2,0,0,0,2,2,95,3940,9,9,2012,1,21,15,0,13,2,US-24,,91,39.10243889,-94.44408611,0,12,6,0,8,1,0,1,3,1,0,1,0,0000000,21,16,21,18,21,38,0,0,0,1,1
29,290505,4,4,0,0,0,6,6,95,3940,11,9,2012,3,22,55,1,11,1,I-70,,137,39.04170556,-94.36231111,0,12,6,1,18,1,0,1,2,1,0,1,0,0000000,23,1,23,5,23,40,0,0,0,1,0
29,290506,3,3,0,0,0,3,3,21,7070,21,8,2012,3,11,20,1,13,2,US-169,,76,39.72390833,-94.78338056,0,12,8,0,1,1,0,1,1,1,0,1,0,0000000,11,22,11,32,11,57,0,0,0,1,1
29,290507,1,1,0,0,0,2,2,99,0,24,8,2012,6,22,25,0,15,4,CR-LONEDELL RD,,14,38.43863889,-90.42986111,0,35,0,0,1,1,0,4,2,1,0,1,0,0000000,22,29,22,51,99,99,0,0,0,1,0
29,290508,2,2,0,0,0,2,2,77,7460,26,8,2012,1,14,23,0,16,6,FREMONT AVE,BROWER ST,11,37.21610833,-93.27087778,0,1,0,0,2,2,0,1,1,1,0,1,0,0000000,99,99,99,99,99,99,0,0,0,1,0
29,290509,1,1,0,0,0,1,1,127,0,2,9,2012,1,22,47,0,6,4,CR-212,,9,39.70911111,-91.82922222,0,43,0,0,1,1,0,4,2,1,0,1,0,0000000,0,8,0,34,1,25,0,0,0,1,1
29,290510,1,1,0,1,1,0,0,159,7210,30,5,2012,4,12,5,0,16,6,E 4TH ST,,0,38.70739722,-93.21927778,0,8,0,0,1,1,0,1,1,1,0,1,0,0000000,12,19,12,24,12,42,0,0,0,1,0
29,290511,2,2,0,0,0,3,3,189,2460,18,8,2012,7,15,22,1,13,3,SR-100,,101,38.59228333,-90.58889444,0,12,6,0,8,1,0,1,1,1,0,1,0,0000000,15,33,15,36,15,57,0,0,0,1,0
29,290512,2,2,0,0,0,2,2,19,1800,8,8,2012,4,16,44,1,13,3,SR-740,OLD HWY 63,53,38.93208056,-92.31145556,0,12,6,0,2,2,0,1,1,1,0,1,0,0000000,99,99,99,99,99,99,0,0,0,1,0
29,290513,1,1,0,0,0,2,2,113,0,10,9,2012,2,4,35,0,6,4,CR-BREVATOR RD,,33,38.95758333,-90.83669444,0,1,0,0,1,1,0,4,2,1,0,1,0,0000000,4,29,4,44,5,39,0,0,0,1,0
29,290514,1,1,0,1,1,0,0,63,0,11,8,2012,7,8,55,0,6,4,CR-PATTON RD,,19,39.87861111,-94.54972222,0,8,0,0,8,1,0,1,1,1,0,1,0,0000000,9,12,9,27,10,1,0,0,0,1,0
29,290515,1,1,0,1,1,1,1,111,1380,30,8,2012,5,16,35,1,2,2,US-61,,128,40.12941667,-91.54083333,0,49,0,0,1,1,0,1,1,1,0,1,0,0000000,16,35,16,39,99,99,0,0,0,1,0
29,290516,2,2,0,0,0,5,5,183,7010,13,5,2012,1,13,12,0,14,6,N 2ND ST,CLARK ST,9,38.78537222,-90.48054722,0,12,1,0,3,1,0,1,1,1,0,1,0,0000000,99,99,99,99,99,99,0,0,0,1,0
29,290517,1,1,0,1,1,4,4,510,7080,24,8,2012,6,23,49,0,13,6,W NATURAL BRIDGE AVE,,27,38.66836944,-90.23329444,0,8,0,0,1,1,0,1,3,1,0,1,0,0000000,23,49,23,55,99,99,0,0,0,1,1
29,290518,2,2,0,0,0,2,2,55,2040,2,9,2012,1,9,2,0,3,6,FRANKLIN ST,,109,38.06547778,-91.40434444,0,12,1,0,1,1,0,1,1,2,0,2,0,0000000,99,98,99,98,88,88,0,0,0,1,0
29,290519,1,1,0,0,0,1,1,161,0,19,9,2012,4,17,25,0,4,3,SR-68,,202,37.80191667,-91.56063889,0,1,0,0,1,1,0,4,1,1,0,1,0,0000000,17,21,17,34,18,20,0,0,0,1,1
29,290520,1,1,0,1,1,1,1,157,6210,5,7,2012,5,7,5,0,16,8,MOULTON ST,,1,37.72839167,-89.87933889,0,8,0,0,4,1,0,1,1,99,0,99,0,0000000,7,7,7,12,7,20,0,0,0,1,0
29,290521,1,1,0,1,1,1,1,101,8110,24,8,2012,6,18,14,0,14,3,SR-13 BUS MAGUIRE ST,HAMILTON ST,16,38.75292778,-93.73614167,0,8,0,0,3,3,0,1,1,10,0,10,0,0000000,99,99,99,99,99,99,0,0,0,1,0
29,290522,2,2,0,0,0,2,2,165,4120,24,8,2012,6,12,4,1,11,1,I-29 RP,,2,39.19086667,-94.61553889,0,12,2,1,5,1,0,1,1,10,0,10,0,0000000,99,98,99,98,88,88,0,0,0,1,0
29,290523,1,1,0,0,0,1,1,145,5580,12,9,2012,4,12,23,0,14,3,SR-D,,136,36.82341944,-94.38668889,0,1,0,0,1,1,0,4,1,1,0,1,0,0000000,99,98,99,98,88,88,0,0,0,1,0
29,290524,2,2,0,0,0,2,2,186,7110,19,9,2012,4,11,43,1,1,1,I-55,,203,37.88569444,-90.04555556,0,12,2,0,1,1,0,1,1,1,0,1,0,0000000,11,53,12,14,13,0,0,0,0,1,0
29,290525,2,2,0,0,0,2,2,99,0,20,9,2012,5,9,20,0,13,3,SR-30,CR-CEDAR HILL RD,106,38.36836111,-90.63341667,0,12,6,0,2,2,4,1,1,1,0,1,0,0000000,9,48,9,53,10,5,0,0,0,1,0
29,290526,1,1,0,0,0,1,1,225,0,24,9,2012,2,18,25,0,4,3,SR-BB,,55,37.08663889,-92.81641667,0,1,0,0,1,1,0,4,1,1,0,1,0,0000000,99,98,99,98,88,88,0,0,0,1,1
29,290527,1,1,0,0,0,3,3,95,3940,24,9,2012,2,4,28,1,11,1,I-70,,138,39.04225556,-94.364825,0,59,0,1,18,1,0,4,3,1,0,1,0,0000000,4,30,4,34,4,52,0,0,0,1,1
29,290528,1,1,0,0,0,1,1,77,0,5,9,2012,4,20,0,1,13,3,SR-413,,42,37.16741667,-93.38772222,0,1,0,0,1,1,0,1,2,1,0,1,0,0000000,99,99,99,99,99,99,0,0,0,1,0
29,290529,3,3,0,0,0,4,4,161,0,7,9,2012,6,18,28,1,2,2,US-63,,199,37.79066667,-91.82925,0,24,0,0,1,1,0,4,1,2,0,2,0,0000000,18,28,18,57,19,20,0,0,0,1,0
29,290530,2,2,0,0,0,3,3,159,0,11,9,2012,3,15,25,1,2,2,US-65,SR-D,52,38.85938889,-93.21752778,0,12,6,0,2,2,0,1,1,1,0,1,0,0000000,99,99,99,99,99,99,0,0,0,1,0
29,290531,1,1,0,0,0,1,1,99,0,14,9,2012,6,1,35,0,4,5,CR-S BYRNESVILLE RD,,0,38.39311111,-90.64,0,34,0,0,1,1,0,4,2,1,0,1,0,0000000,1,33,1,40,88,88,0,0,0,1,1
29,290532,1,1,0,0,0,1,1,225,2810,17,9,2012,2,8,20,1,2,2,US-60,,171,37.14694444,-92.95511111,0,32,0,0,1,1,0,4,1,1,0,1,0,0000000,8,20,8,28,99,99,0,0,0,1,0
29,290533,2,2,0,0,0,6,6,113,7810,23,7,2012,2,13,12,0,14,3,SR-47,E CHERRY,129,38.98568056,-90.95534167,0,12,6,0,2,2,0,1,1,1,0,1,0,0000000,99,99,99,99,99,99,0,0,0,1,0
29,290534,1,1,0,0,0,1,1,29,0,19,8,2012,1,10,50,1,2,3,SR-5,,119,38.04247222,-92.77358333,0,58,0,0,1,1,0,4,1,1,0,1,0,0000000,11,16,11,35,12,19,0,0,0,1,0