STATE,ST_CASE,VE_TOTAL,VE_FORMS,PVH_INVL,PEDS,PERNOTMVIT,PERMVIT,PERSONS,COUNTY,CITY,DAY,MONTH,YEAR,DAY_WEEK,HOUR,MINUTE,NHS,ROAD_FNC,ROUTE,TWAY_ID,TWAY_ID2,MILEPT,LATITUDE,LONGITUD,SP_JUR,HARM_EV,MAN_COLL,RELJCT1,RELJCT2,TYP_INT,WRK_ZONE,REL_ROAD,LGT_COND,WEATHER1,WEATHER2,WEATHER,SCH_BUS,RAIL,NOT_HOUR,NOT_MIN,ARR_HOUR,ARR_MIN,HOSP_HR,HOSP_MN,CF1,CF2,CF3,FATALS,DRUNK_DR
29,290535,2,2,0,0,0,2,2,179,0,17,9,2012,2,15,40,0,5,3,SR-Y,,56,37.2465,-90.96847222,0,1,0,0,1,1,0,1,1,10,0,10,1,0000000,99,98,99,98,88,88,0,0,0,1,0
29,290536,1,1,0,0,0,1,1,149,0,18,9,2012,3,17,10,0,4,3,SR-V,,67,36.50913889,-91.30863889,0,11,0,0,1,1,0,1,1,1,0,1,0,0000000,99,98,99,98,88,88,0,0,0,1,1
29,290537,1,1,0,0,0,1,1,169,0,19,9,2012,4,12,55,0,3,3,SR-28,,475,37.997,-92.06916667,0,59,0,0,1,1,0,4,1,1,0,1,0,0000000,12,55,13,0,99,99,0,0,0,1,0
29,290538,2,2,0,0,0,4,4,35,0,15,9,2012,7,15,5,0,3,3,SR-21,,206,36.82369444,-90.82352778,0,12,6,0,1,1,0,1,1,2,0,2,0,0000000,15,11,15,32,16,25,0,0,0,1,0
29,290539,2,1,1,1,1,1,1,95,3940,21,9,2012,6,2,52,1,11,1,I-70,,139,39.04450278,-94.38378333,0,8,0,0,5,1,1,1,3,1,0,1,0,0000000,99,99,99,99,99,99,19,0,0,1,1
29,290540,1,1,0,0,0,1,1,99,0,24,9,2012,2,14,45,0,2,3,SR-30,,225,38.32652778,-90.5115,0,43,0,0,1,1,0,4,1,1,0,1,0,0000000,14,52,15,11,15,49,0,0,0,1,0
29,290541,1,1,0,0,0,1,1,65,0,27,9,2012,5,11,45,0,4,3,SR-H,,61,37.63888889,-91.7175,0,11,0,0,1,1,0,1,1,10,0,10,0,0000000,11,48,11,59,88,88,0,0,0,1,0
29,290542,1,1,0,1,1,1,1,165,4120,18,9,2012,3,21,33,1,11,1,I-29,,222,39.25358333,-94.65848056,0,8,0,1,18,1,0,1,3,1,0,1,0,0000000,99,98,99,98,88,88,0,0,0,1,0
29,290543,1,1,0,0,0,1,1,95,4120,21,9,2012,6,4,57,0,13,6,INDEPENDENCE AVE,,55,39.10477222,-94.50644722,0,30,0,0,1,1,0,4,3,1,0,1,0,0000000,99,98,99,98,88,88,0,0,0,1,1
29,290545,1,1,0,0,0,1,1,3,0,29,9,2012,7,2,0,0,9,4,CR-177,,6,40.03938889,-94.77411111,0,35,0,0,1,1,0,4,2,1,0,1,0,0000000,99,98,99,98,88,88,0,0,0,1,1
29,290546,1,1,0,0,0,1,1,37,0,25,9,2012,3,1,0,1,2,3,SR-7,,335,38.51694444,-94.12222222,0,42,0,0,1,1,0,4,2,10,0,10,0,0000000,99,98,99,98,88,88,0,0,0,1,1
29,290547,1,1,0,0,0,3,3,77,0,25,9,2012,3,6,58,1,2,3,SR-13,,101,37.27869444,-93.32655556,0,1,0,0,1,1,0,3,1,1,0,1,0,0000000,99,99,99,99,99,99,0,0,0,1,0
29,290548,1,1,0,0,0,1,1,71,0,29,9,2012,7,2,22,1,2,3,SR-100,,379,38.50833333,-90.78722222,0,42,0,0,1,1,0,4,2,1,0,1,0,0000000,2,26,2,35,88,88,0,0,0,1,1
29,290549,1,1,0,0,0,2,2,71,0,29,9,2012,7,19,2,0,6,4,CR-ELMWOOD CHURCH RD,,13,38.24216667,-90.8455,0,42,0,0,1,1,0,4,2,10,0,10,0,0000000,19,18,19,32,20,0,0,0,0,1,1
29,290550,1,1,0,0,0,1,1,71,0,30,9,2012,1,0,15,0,4,4,CR-BEND RD,,12,38.45444444,-90.78388889,0,59,0,0,1,1,0,4,2,10,0,10,0,0000000,0,20,0,30,88,88,0,0,0,1,1
29,290551,1,1,0,0,0,2,2,67,0,30,9,2012,1,1,10,0,6,4,CR-76-404,,7,36.91916667,-92.7025,0,32,0,0,1,1,0,4,2,10,0,10,0,0000000,1,20,1,34,99,99,0,0,0,1,1
29,290552,1,1,0,0,0,1,1,189,3580,13,8,2012,2,23,59,1,12,2,US-67,,263,38.763325,-90.371075,0,30,0,0,1,1,0,4,3,1,0,1,0,0000000,99,98,99,98,88,88,0,0,0,1,0
29,290553,1,1,0,1,1,1,1,219,8120,17,8,2012,6,18,40,0,14,3,SR-47,,94,38.80068333,-91.14610833,0,8,0,0,1,1,0,1,1,1,0,1,0,0000000,18,40,18,47,19,25,0,0,0,1,1
29,290554,2,2,0,0,0,2,2,201,7310,18,8,2012,7,1,50,0,14,2,US-61,,254,36.90692778,-89.60430278,0,12,2,0,1,1,0,1,3,1,0,1,0,0000000,1,56,2,20,2,48,0,0,0,1,2
29,290555,3,3,0,0,0,5,5,189,1575,29,8,2012,4,9,55,0,14,3,SR-HH,CLAYMOOR DR,29,38.61938333,-90.53681389,0,12,6,0,2,3,0,1,1,1,0,1,0,0000000,9,57,10,1,10,16,0,0,0,1,0
29,290556,1,1,0,0,0,1,1,189,774,30,8,2012,5,20,42,0,14,4,CR-OLD HALLS FERRY RD,,35,38.80162778,-90.27188056,0,35,0,0,1,1,0,4,3,10,0,10,0,0000000,20,45,20,47,21,7,0,0,0,1,1
29,290557,1,1,0,0,0,1,1,183,7010,11,9,2012,3,1,30,0,16,6,2ND ST,WATER ST,16,38.77608056,-90.48527778,0,1,0,0,3,2,0,4,3,1,0,1,0,0000000,99,98,99,98,88,88,0,0,0,1,1
29,290558,1,1,0,0,0,1,1,99,0,14,9,2012,6,12,45,0,4,3,SR-V,,39,38.07347222,-90.52952778,0,35,0,0,1,1,0,4,1,10,0,10,0,0000000,99,98,99,98,88,88,0,0,0,1,0
29,290559,2,2,0,0,0,3,3,510,7080,15,9,2012,7,16,57,0,13,3,SR-115 NATURAL BRIDGE AVE,,20,38.67281944,-90.24378889,0,12,7,0,1,1,0,1,1,10,0,10,0,0000000,16,57,17,0,17,18,0,0,0,1,0
29,290560,1,1,0,0,0,3,3,21,7070,22,9,2012,7,22,15,0,16,6,MITCHELL AVE,,2,39.75541667,-94.75397222,0,35,0,0,1,1,0,4,2,1,0,1,0,0000000,22,7,22,14,22,41,0,0,0,2,1
29,290561,2,2,0,0,0,4,4,101,0,23,9,2012,1,0,53,1,2,2,US-50,,205,38.77661111,-93.77988889,0,12,2,0,1,1,0,1,2,1,0,1,0,0000000,99,99,99,99,99,99,0,0,0,1,1
29,290563,1,1,0,0,0,2,2,151,0,7,8,2012,3,10,0,0,4,3,SR-100,,255,38.67821389,-91.646025,0,34,0,0,1,1,0,4,1,1,0,1,0,0000000,10,15,10,35,11,53,0,0,0,1,0
29,290564,1,1,0,0,0,1,1,183,8280,28,9,2012,6,20,18,0,13,6,WENTZVILLE PKWY,,26,38.82227222,-90.849625,0,1,0,0,1,1,0,4,3,1,0,1,0,0000000,99,99,99,99,99,99,0,0,0,1,1
29,290565,1,1,0,0,0,2,2,25,0,2,10,2012,3,11,15,1,2,2,US-36,,48,39.73536111,-93.84197222,0,35,0,0,1,1,0,4,1,1,0,1,0,0000000,11,25,11,47,99,99,0,0,0,1,0
29,290566,3,3,0,0,0,5,5,113,7810,5,10,2012,6,9,51,0,14,3,SR-47,,147,38.98394167,-90.98737222,0,12,2,0,1,1,0,1,1,2,0,2,0,0000000,9,53,9,59,10,27,0,0,0,2,0
29,290567,1,1,0,0,0,1,1,179,0,5,10,2012,6,12,3,0,3,3,SR-72,,220,37.41297222,-91.00633333,0,35,0,0,1,1,0,4,1,2,10,2,0,0000000,99,98,99,98,88,88,0,0,0,1,1
29,290568,1,1,0,0,0,1,1,37,0,24,9,2012,2,13,55,0,6,4,CR-315TH ST,,22,38.54266389,-94.24186389,0,1,0,0,1,1,0,4,1,1,0,1,0,0000000,99,98,99,98,88,88,0,0,0,1,0
29,290569,3,2,1,0,0,2,2,189,0,27,9,2012,5,5,0,1,11,1,I-44,,238,38.50138889,-90.70777778,0,12,1,0,1,1,0,1,2,5,0,5,0,0000000,5,13,5,20,6,13,19,0,0,1,1
29,290570,2,2,0,0,0,5,5,149,0,28,9,2012,6,8,10,0,4,3,SR-Y,,43,36.60011111,-91.22066667,0,12,2,0,1,1,0,1,1,10,0,10,0,0000000,8,22,8,50,99,99,0,0,0,1,0
29,290571,2,2,0,0,0,5,5,195,0,2,10,2012,3,17,15,1,1,1,I-70,,131,38.97222222,-93.29119444,0,57,0,0,1,1,0,3,1,1,0,1,0,0000000,17,17,17,24,17,53,0,0,0,2,0
29,290572,1,1,0,2,2,1,1,189,6040,5,10,2012,6,19,33,0,13,3,SR-180,,86,38.68694444,-90.30716667,0,8,0,0,1,1,0,1,3,10,0,10,0,0000000,19,39,19,52,20,10,0,0,0,1,0
29,290573,2,2,0,0,0,2,2,155,0,6,10,2012,7,9,15,0,4,3,SR-T,,27,36.39338889,-89.68341667,0,12,2,0,1,1,0,1,1,1,0,1,0,0000000,99,99,99,99,99,99,0,0,0,1,0
29,290574,1,1,0,0,0,1,1,177,0,7,10,2012,1,14,40,0,6,4,CR-GARNER RD,,24,39.30291667,-93.99666667,0,35,0,0,1,1,0,4,1,1,0,1,0,0000000,99,98,99,98,88,88,0,0,0,1,1
29,290575,2,2,0,0,0,2,2,207,0,8,10,2012,2,18,5,0,4,3,SR-U,SR-H,29,36.65972222,-90.08308333,0,12,6,0,2,2,0,1,1,1,0,1,0,0000000,18,7,18,23,99,99,0,0,0,1,0
29,290576,2,2,0,0,0,2,2,131,0,10,10,2012,4,12,50,0,3,3,SR-17,,106,38.21619444,-92.43741667,0,12,2,0,1,1,0,1,1,1,0,1,0,0000000,12,54,12,58,99,99,0,0,0,1,0
29,290577,1,1,0,0,0,1,1,97,0,11,10,2012,5,6,20,0,2,4,CR-GARRISON AVE,,48,37.128,-94.31138889,0,1,0,0,1,1,0,1,1,1,0,1,0,0000000,99,98,99,98,88,88,0,0,0,1,0
29,290578,3,3,0,0,0,3,3,151,0,11,10,2012,5,21,30,1,2,2,US-50,,184,38.46097222,-91.71658333,0,12,2,0,1,1,0,1,2,10,0,10,0,0000000,21,30,21,42,88,88,0,0,0,1,1
29,290579,2,1,1,0,0,1,1,47,4120,3,10,2012,4,23,32,0,16,6,NE 44TH ST,,6,39.17345833,-94.51697222,0,14,0,0,1,1,0,4,3,10,0,10,0,0000000,99,99,99,99,99,99,0,0,0,1,1
29,290580,1,1,0,0,0,2,2,89,0,14,10,2012,1,21,50,0,4,3,SR-87,,62,39.13725,-92.83827778,0,59,0,0,1,1,0,4,2,1,0,1,0,0000000,99,98,99,98,88,88,0,0,0,1,1
29,290581,2,2,0,0,0,2,2,173,0,15,10,2012,2,15,0,1,2,3,SR-19,,171,39.42477778,-91.6365,0,12,2,0,1,1,4,1,1,1,0,1,0,0000000,15,10,15,28,99,99,0,0,0,1,0
29,290582,1,1,0,0,0,1,1,31,1390,16,10,2012,3,5,41,0,14,6,PERRYVILLE RD,,16,37.33316667,-89.54644444,0,33,0,0,1,1,0,4,3,1,0,1,0,0000000,5,43,5,50,6,37,20,0,0,1,0
29,290583,2,2,0,0,0,5,5,129,0,12,10,2012,6,16,5,0,3,2,US-136,SR-A,60,40.38263889,-93.67994444,0,12,6,0,2,2,0,1,1,1,0,1,0,0000000,16,22,16,31,17,13,0,0,0,1,0
29,290584,1,1,0,0,0,2,2,97,0,13,10,2012,7,18,45,0,6,4,CR-JUNGE BLVD,,7,37.07841667,-94.60525,0,42,0,0,1,1,0,4,2,2,10,2,0,0000000,99,98,99,98,88,88,0,0,0,2,0
29,290585,1,1,0,1,1,1,1,95,5840,14,10,2012,1,0,50,1,11,1,I-70,,281,39.01611111,-94.13138889,0,8,0,1,18,1,0,1,2,2,0,2,0,0000000,0,55,1,4,88,88,0,0,0,1,0
29,290586,1,1,0,0,0,1,1,121,0,20,9,2012,5,15,5,0,6,4,CR-NATIONAL AVE,,37,39.81272222,-92.35730556,0,35,0,0,1,1,0,4,1,1,0,1,0,0000000,15,23,15,46,16,29,0,0,0,1,0
29,290587,1,1,0,1,1,1,1,189,0,4,8,2012,7,21,19,1,13,3,SR-21,,57,38.48613333,-90.38360556,0,8,0,0,1,1,0,1,2,10,0,10,0,0000000,21,20,21,22,21,39,0,0,0,1,0
29,290588,2,2,0,0,0,5,5,77,7460,27,8,2012,2,18,42,0,14,6,DIVISION ST,,15,37.22557778,-93.33701944,0,12,2,0,1,1,0,1,1,1,0,1,0,0000000,18,48,18,54,19,25,0,0,0,1,1
29,290589,1,1,0,1,1,4,4,189,0,24,8,2012,6,5,47,0,13,4,CR-CHAMBERS RD,,14,38.74939167,-90.27460556,0,8,0,0,1,1,0,1,2,1,0,1,0,0000000,99,99,99,99,99,99,0,0,0,1,0
29,290590,1,1,0,1,1,1,1,95,4120,9,9,2012,1,3,45,1,12,2,US-71,,46,39.06153611,-94.56095556,0,8,0,0,1,1,0,1,3,1,0,1,0,0000000,99,98,99,98,88,88,0,0,0,1,0
29,290591,1,1,0,0,0,1,1,77,7460,22,9,2012,7,16,54,0,16,6,CST SKYLINE DR,,4,37.16340556,-93.24120833,0,42,0,0,1,1,0,4,1,1,0,1,0,0000000,99,98,99,98,88,88,0,0,0,1,0
29,290592,3,3,0,0,0,8,8,95,4120,1,10,2012,2,13,42,1,11,2,US-40,I-70 RAMP,69,39.06845,-94.51231944,0,12,2,1,2,3,0,1,1,1,0,1,0,0000000,13,45,14,0,14,20,0,0,0,1,0
29,290593,2,2,0,0,0,2,2,57,0,14,10,2012,1,16,0,0,3,2,US-160,,288,37.34900556,-93.69745,0,12,2,0,8,1,0,1,1,1,0,1,0,0000000,99,98,99,98,88,88,0,0,0,1,0
29,290594,1,1,0,0,0,1,1,183,0,10,10,2012,4,15,5,0,12,3,SR-79,,0,38.81527778,-90.65055556,0,24,0,1,5,1,0,3,1,1,0,1,0,0000000,99,98,99,98,88,88,0,0,0,1,0
29,290595,1,1,0,0,0,1,1,197,0,17,10,2012,4,14,8,0,4,3,SR-W,,42,40.41388889,-92.60888889,0,1,0,0,1,1,0,1,1,10,2,2,0,0000000,14,8,14,13,88,88,0,0,0,1,0
29,290596,2,2,0,4,4,3,3,217,5590,19,10,2012,6,16,58,1,13,6,OSAGE ST,ALANTIC ST,2,37.85072222,-94.34541667,0,12,6,0,2,2,0,1,1,10,0,10,0,0000000,17,9,17,18,17,53,0,0,0,2,0
29,290598,2,2,0,0,0,2,2,153,0,21,10,2012,1,11,44,0,3,2,US-160,,133,36.59141667,-92.57416667,0,12,2,0,1,1,0,1,1,10,0,10,0,0000000,99,98,99,98,88,88,0,0,0,1,0
29,290599,1,1,0,0,0,1,1,95,3240,3,9,2012,2,12,53,0,15,2,US-40 OLD,,23,39.01755,-94.17527222,0,42,0,0,1,1,0,4,1,1,0,1,0,0000000,99,98,99,98,88,88,0,0,0,1,1
29,290600,2,2,0,0,0,4,4,91,8330,14,9,2012,6,11,37,0,14,2,US-63,OLSON PRECAST DR,5,36.75115,-91.87245833,0,12,6,0,2,3,0,1,1,10,0,10,0,0000000,99,99,99,99,99,99,0,0,0,1,0
29,290601,1,1,0,0,0,1,1,47,0,24,9,2012,2,8,47,0,4,2,US-69,,34,39.40730556,-94.22966667,0,1,0,0,1,1,0,4,1,1,0,1,0,0000000,8,52,8,59,9,24,0,0,0,1,0
29,290602,1,1,0,0,0,2,2,19,1800,6,10,2012,7,10,23,1,11,1,I-70,,168,38.95996944,-92.23821944,0,1,0,0,1,1,0,1,1,10,0,10,0,0000000,10,24,10,34,10,58,0,0,0,1,0
29,290603,1,1,0,1,1,1,1,189,2700,9,10,2012,3,15,50,0,13,6,W FLORISSANT AVE,,34,38.73465,-90.27788889,0,9,0,0,1,1,0,1,1,1,0,1,0,0000000,99,99,99,99,99,99,0,0,0,1,0
29,290604,1,1,0,0,0,1,1,183,6420,14,10,2012,1,99,99,0,5,4,CR-PORTAGE RD,,36,38.929225,-90.36574444,0,42,0,0,1,1,0,4,9,10,0,10,0,0000000,99,98,99,98,88,88,0,0,0,1,1
29,290605,1,1,0,0,0,1,1,189,7665,17,10,2012,4,18,44,1,13,2,US-61,GEYER RD,214,38.53644444,-90.38930278,0,46,0,0,2,2,0,4,3,2,10,2,0,0000000,18,47,18,52,19,11,0,0,0,1,0
29,290606,2,1,1,1,1,2,2,95,4120,27,8,2012,2,15,10,1,11,1,I-35,,12,39.12004722,-94.56440556,0,8,0,1,18,1,0,1,1,1,0,1,0,0000000,99,98,99,98,88,88,23,0,0,1,0
29,290607,2,2,0,0,0,2,2,31,1390,9,9,2012,1,14,34,0,14,6,SPRINGG ST,NORMAL AVE,19,37.311425,-89.52595278,0,12,2,0,2,2,0,1,1,1,0,1,0,0000000,14,36,14,42,14,55,0,0,0,1,0
29,290608,1,1,0,0,0,1,1,95,4120,15,9,2012,7,0,3,0,14,6,LONGVIEW RD,,16,38.91495833,-94.504825,0,30,0,0,1,1,0,4,3,10,0,10,0,0000000,99,98,99,98,88,88,0,0,0,1,0
29,290609,2,2,0,0,0,4,4,95,4120,28,9,2012,6,21,10,0,13,6,EMANUEL CLEAVER II BLVD,35TH ST,6,39.06193889,-94.52489167,0,12,6,0,2,2,0,1,3,1,0,1,0,0000000,21,13,21,18,21,53,0,0,0,1,0
29,290610,1,1,0,0,0,1,1,155,0,20,10,2012,7,14,40,0,6,4,CR-470,,0,36.07383333,-89.84583333,0,10,0,0,6,1,0,1,1,1,0,1,0,665524Y,14,43,14,58,15,27,0,0,0,1,0
29,290611,1,1,0,0,0,2,2,181,0,20,10,2012,7,19,50,0,4,3,SR-N,,47,36.52972222,-90.71716667,0,1,0,0,1,1,0,1,2,1,0,1,0,0000000,19,50,20,2,20,48,0,0,0,1,1
29,290612,2,2,0,0,0,2,2,135,0,21,10,2012,1,17,15,0,3,3,SR-87,,206,38.59102778,-92.57330556,0,12,2,0,1,1,0,1,1,10,0,10,0,0000000,17,21,17,30,18,7,0,0,0,1,1
29,290613,1,1,0,0,0,2,2,219,0,21,10,2012,1,18,20,0,3,3,SR-47,,132,38.77241667,-91.14591667,0,59,0,0,1,1,0,4,2,10,0,10,0,0000000,18,20,18,27,99,99,0,0,0,1,1
29,290614,2,2,0,0,0,3,3,99,0,24,10,2012,4,6,18,0,4,3,SR-B,,73,38.25172222,-90.61838889,0,12,6,0,8,1,0,1,2,1,0,1,0,0000000,6,13,6,20,7,5,0,0,0,1,0
29,290615,2,2,0,0,0,2,2,95,0,24,10,2012,4,23,0,0,4,3,SR-BB,SR-FF,51,39.06444444,-94.19638889,0,12,6,0,3,1,0,1,2,10,0,10,0,0000000,99,98,99,98,88,88,0,0,0,2,1
29,290616,1,1,0,0,0,1,1,31,0,25,10,2012,5,21,0,0,4,3,SR-Z,,25,37.31233333,-89.71072222,0,1,0,0,1,1,0,4,2,10,0,10,0,0000000,99,98,99,98,88,88,0,0,0,1,0
29,290617,2,2,0,0,0,2,2,95,4490,19,9,2012,4,20,7,0,15,6,NE SCRUGGS RD,NE TODD GEORGE RD,12,38.93112778,-94.33678889,0,12,6,0,2,2,0,1,3,1,0,1,0,0000000,20,9,20,15,20,40,0,0,0,1,1
29,290618,2,2,0,0,0,2,2,209,6670,5,10,2012,6,10,30,1,2,3,SR-13,SR-248,46,36.76739722,-93.34989722,0,12,6,0,2,2,0,1,1,2,0,2,0,0000000,99,99,99,99,99,99,0,0,0,1,0
29,290619,2,2,0,0,0,3,3,131,4327,14,10,2012,1,14,19,0,4,2,US-54 OLD,GOLDIE PEARL PKWY,26,38.17549444,-92.61501111,0,12,7,0,2,2,0,1,1,1,0,1,0,0000000,14,21,14,31,14,59,0,0,0,1,0
29,290620,3,3,0,1,1,5,5,37,0,19,10,2012,6,23,56,1,12,2,US-71,,159,38.66313889,-94.37752778,0,8,0,0,1,1,0,1,2,10,0,10,0,0000000,99,98,99,98,88,88,19,0,0,1,1
29,290621,2,1,1,0,0,4,4,175,0,28,10,2012,1,2,0,1,2,2,US-63,,67,39.32775,-92.38175,0,14,0,0,1,1,0,2,2,1,0,1,0,0000000,2,8,2,20,3,39,0,0,0,1,1
29,290622,1,1,0,1,1,1,1,95,7304,31,8,2012,6,6,30,0,6,4,CR-BRUNLEY RD,,2,39.16483333,-94.21358611,0,8,0,0,1,1,0,1,1,1,0,1,0,0000000,6,32,6,38,7,6,0,0,0,1,0
29,290623,1,1,0,0,0,1,1,221,0,28,10,2012,1,1,5,0,4,3,SR-C,,111,37.82475,-90.96136944,0,42,0,0,1,1,0,4,2,1,0,1,0,0000000,1,24,1,48,88,88,0,0,0,1,1
29,290624,2,2,0,1,1,2,2,189,2780,27,10,2012,7,22,8,0,13,3,SR-AC,,42,38.78996944,-90.28368611,0,8,0,0,1,1,0,1,6,1,0,1,0,0000000,22,9,22,12,22,25,0,0,0,1,0
29,290625,1,1,0,0,0,1,1,95,4490,1,8,2012,4,22,35,0,16,6,JEFFERSON,5TH ST,0,38.90719444,-94.37796389,0,33,0,0,3,2,0,4,3,1,0,1,0,0000000,99,98,99,98,88,88,20,0,0,1,1
29,290626,1,1,0,0,0,3,3,95,4120,8,8,2012,4,9,12,0,16,6,69TH TERR,,1,39.00195278,-94.56353889,0,33,0,0,1,1,0,4,1,1,0,1,0,0000000,9,13,9,21,9,38,20,0,0,1,0
29,290627,1,1,0,0,0,2,2,153,0,25,10,2012,5,17,0,0,4,3,SR-T,,91,36.53275,-92.35516667,0,1,0,0,1,1,0,4,1,5,0,5,0,0000000,17,12,17,27,18,3,0,0,0,1,0
29,290628,2,2,0,0,0,6,6,107,0,27,10,2012,7,20,35,1,1,1,I-70,,17,38.98838889,-93.52458333,0,12,1,0,1,1,0,1,2,1,0,1,0,0000000,99,98,99,98,88,88,0,0,0,2,0
29,290629,2,2,0,0,0,4,4,101,0,30,10,2012,3,9,28,1,2,2,US-50,CR-NW 550,49,38.85280556,-94.03363889,0,12,6,0,2,2,0,1,1,10,0,10,0,0000000,9,30,9,35,10,35,0,0,0,1,0
29,290630,1,1,0,0,0,1,1,163,0,1,11,2012,5,5,29,1,2,2,US-61,,194,39.41805556,-91.25138889,0,32,0,0,1,1,0,3,2,1,0,1,0,0000000,99,98,99,98,88,88,0,0,0,1,0
29,290631,2,2,0,0,0,2,2,175,0,29,10,2012,2,6,43,1,2,2,US-63,CR-1430,191,39.48277778,-92.43355556,0,12,6,0,2,2,0,1,1,1,0,1,0,0000000,6,48,6,55,7,29,0,0,0,1,0
29,290632,1,1,0,0,0,1,1,95,3240,30,10,2012,3,9,56,0,6,6,S ARNETTE RD,,8,38.983025,-94.22737778,0,43,0,0,1,1,0,4,1,1,0,1,0,0000000,99,98,99,98,88,88,0,0,0,1,0
29,290633,1,1,0,0,0,1,1,163,0,2,11,2012,6,15,25,0,6,4,CR-108,,24,39.54175,-91.24444444,0,42,0,0,1,1,0,4,1,1,0,1,0,0000000,99,98,99,98,88,88,0,0,0,1,0
29,290634,3,3,0,0,0,3,3,161,0,3,11,2012,7,1,7,1,11,1,I-44,,107,37.98138889,-91.70686111,0,12,6,0,1,1,0,1,2,1,0,1,0,0000000,1,36,1,42,1,55,0,0,0,1,1
29,290636,1,1,0,1,1,2,2,77,7460,23,10,2012,3,22,11,1,13,2,US-65 BUS GLENSTONE AVE,CHERRY ST,29,37.20366389,-93.26197222,0,9,0,0,2,2,0,1,3,1,0,1,0,0000000,99,98,99,98,88,88,20,0,0,1,0
29,290638,2,2,0,0,0,6,6,225,0,5,11,2012,2,16,55,0,4,3,SR-B,,147,37.12875,-93.05719444,0,12,2,0,1,1,0,4,2,5,0,5,0,0000000,16,57,17,2,18,0,0,0,0,1,0
29,290639,3,3,0,0,0,4,4,165,6821,6,11,2012,3,7,18,1,11,1,I-635,,6,39.16019444,-94.64433333,0,12,7,0,1,1,0,1,1,10,0,10,0,0000000,7,23,7,32,8,4,0,0,0,1,1
29,290640,1,1,0,0,0,1,1,99,0,10,11,2012,7,3,19,0,15,4,CR-KONERT RD,,4,38.46179722,-90.44873611,0,42,0,0,1,1,0,4,2,1,0,1,0,0000000,3,19,3,28,88,88,0,0,0,1,1
29,290641,1,1,0,0,0,1,1,161,6910,9,11,2012,6,2,29,0,14,6,18TH ST,,4,37.95793889,-91.76363611,0,33,0,0,1,1,0,4,3,1,0,1,0,0000000,2,33,2,34,99,99,0,0,0,1,1
29,290642,1,1,0,0,0,1,1,93,0,10,11,2012,7,14,40,0,4,3,SR-DD,,27,37.70819444,-90.95986111,0,42,0,0,1,1,0,4,1,1,0,1,0,0000000,99,98,99,98,88,88,0,0,0,1,0
29,290643,2,2,0,0,0,2,2,189,3580,17,10,2012,4,3,11,0,15,6,HAZELWOOD AVE,LATTY AVE,3,38.76806389,-90.34159167,0,12,6,0,2,2,0,1,3,1,0,1,0,0000000,3,15,3,22,3,43,0,0,0,1,0
29,290644,1,1,0,0,0,1,1,19,0,3,11,2012,7,11,10,0,4,3,SR-O,,31,38.93291667,-92.49,0,42,0,0,1,1,0,4,1,1,0,1,0,0000000,11,18,11,35,12,15,0,0,0,1,0
29,290645,1,1,0,0,0,1,1,29,0,10,11,2012,7,21,5,0,99,5,SUNLIGHT PT,,99999,38.10516667,-92.78725,0,42,0,0,1,1,0,4,2,10,0,10,0,0000000,99,98,99,98,88,88,0,0,0,1,1
29,290646,2,2,0,0,0,2,2,217,0,12,11,2012,2,9,0,1,2,2,US-54,,185,37.86383333,-94.28538889,0,12,2,0,1,1,0,1,1,1,0,1,0,0000000,9,4,9,7,88,88,0,0,0,1,0
29,290647,1,1,0,1,1,2,2,47,4570,3,11,2012,7,19,27,1,11,1,I-35,,111,39.24194444,-94.45775,0,8,0,0,1,1,0,1,2,10,0,10,0,0000000,19,28,19,34,88,88,0,0,0,1,0
29,290648,1,1,0,0,0,1,1,69,0,6,11,2012,3,9,20,0,6,4,CR-723,CR-728,50,36.03091667,-90.004,0,34,0,0,2,3,0,4,1,10,0,10,0,0000000,99,98,99,98,88,88,0,0,0,1,0
29,290649,1,1,0,0,0,1,1,510,7080,28,9,2012,6,17,48,0,13,6,HALL ST,,49,38.70993333,-90.22779722,0,38,0,0,1,1,0,4,3,10,0,10,0,0000000,17,49,17,59,88,88,0,0,0,1,1
29,290650,2,1,1,0,0,1,1,510,7080,14,10,2012,1,10,11,0,14,6,UNION BLVD,,25,38.66657222,-90.26704444,0,59,0,0,1,1,0,4,1,10,0,10,0,0000000,10,12,10,12,10,29,0,0,0,1,0
29,290652,1,1,0,0,0,1,1,47,0,8,11,2012,5,20,30,0,4,3,SR-JJ,,11,39.28794444,-94.27725,0,34,0,0,1,1,0,4,2,1,0,1,0,0000000,99,98,99,98,88,88,0,0,0,1,0
29,290653,1,1,0,0,0,1,1,153,0,12,11,2012,2,13,55,0,4,3,SR-181,,94,36.70375,-92.28033333,0,43,0,0,1,1,0,4,1,1,0,1,0,0000000,99,98,99,98,88,88,0,0,0,1,0
29,290654,1,1,0,0,0,1,1,99,0,13,11,2012,3,15,20,0,5,4,CR-PLATTIN RD,,31,38.13861111,-90.40875,0,42,0,0,1,1,0,4,1,1,0,1,0,0000000,15,28,15,37,16,5,0,0,0,1,0
29,290655,1,1,0,0,0,1,1,93,0,14,11,2012,4,12,54,0,6,4,CR-85,,8,37.66630556,-91.12247222,0,42,0,0,1,1,0,4,1,1,0,1,0,0000000,99,98,99,98,88,88,0,0,0,1,0