STATE,ST_CASE,VE_TOTAL,VE_FORMS,PVH_INVL,PEDS,PERNOTMVIT,PERMVIT,PERSONS,COUNTY,CITY,DAY,MONTH,YEAR,DAY_WEEK,HOUR,MINUTE,NHS,ROAD_FNC,ROUTE,TWAY_ID,TWAY_ID2,MILEPT,LATITUDE,LONGITUD,SP_JUR,HARM_EV,MAN_COLL,RELJCT1,RELJCT2,TYP_INT,WRK_ZONE,REL_ROAD,LGT_COND,WEATHER1,WEATHER2,WEATHER,SCH_BUS,RAIL,NOT_HOUR,NOT_MIN,ARR_HOUR,ARR_MIN,HOSP_HR,HOSP_MN,CF1,CF2,CF3,FATALS,DRUNK_DR
29,290656,1,1,0,0,0,1,1,123,0,15,11,2012,5,0,30,1,2,2,US-67,,149,37.50686111,-90.31038889,0,18,0,0,1,1,0,2,2,1,0,1,0,0000000,99,98,99,98,88,88,0,0,0,1,0
29,290657,4,4,0,0,0,4,4,183,7100,1,10,2012,2,6,15,0,14,6,SALT RIVER RD,,2,38.80783889,-90.63927222,0,12,8,0,1,1,0,1,2,10,0,10,0,0000000,6,17,6,25,6,40,0,0,0,1,0
29,290658,1,1,0,0,0,1,1,187,0,13,10,2012,7,9,30,0,4,3,SR-Y,,52,37.97563889,-90.41411111,0,1,0,0,1,1,0,1,1,5,0,5,0,0000000,9,30,9,47,10,29,0,0,0,1,0
29,290659,2,2,0,0,0,2,2,209,0,4,11,2012,1,20,20,0,4,4,CR-JOE BALD RD,,7,36.63388889,-93.45197222,0,12,1,0,1,1,0,1,2,1,0,1,0,0000000,20,20,20,36,21,37,0,0,0,1,2
29,290660,2,2,0,0,0,2,2,189,6030,8,11,2012,5,7,52,0,14,4,CR-OLD ROUTE 66,,11,38.48113889,-90.71552778,0,24,0,0,1,1,0,4,1,1,0,1,0,0000000,99,98,99,98,88,88,0,0,0,1,0
29,290661,3,3,0,0,0,7,7,43,0,13,11,2012,3,16,40,1,13,3,SR-14,,214,37.0405,-93.26344444,0,12,6,0,1,1,0,1,1,10,0,10,0,0000000,16,49,16,57,17,21,0,0,0,1,1
29,290662,1,1,0,0,0,1,1,19,0,14,11,2012,4,15,46,1,2,2,US-63,,13,38.67122222,-92.23641667,0,35,0,0,1,1,0,4,1,1,0,1,0,0000000,15,48,16,0,16,25,0,0,0,1,0
29,290663,2,2,0,0,0,3,3,47,7370,14,11,2012,4,17,45,0,4,3,SR-DD,,19,39.38944444,-94.55458333,0,12,2,0,1,1,0,1,2,1,0,1,0,0000000,17,51,18,2,99,99,0,0,0,1,0
29,290664,2,2,0,0,0,2,2,31,0,16,11,2012,6,11,50,0,4,3,SR-KK,,32,37.57185278,-89.81086389,0,12,6,0,1,1,0,1,1,1,0,1,0,0000000,99,98,99,98,88,88,0,0,0,1,0
29,290665,2,2,0,0,0,3,3,209,0,25,10,2012,5,14,0,1,2,3,SR-13,,245,36.52097222,-93.41977778,0,1,0,0,1,1,0,1,1,2,10,2,0,0000000,99,98,99,98,88,88,0,0,0,1,0
29,290666,1,1,0,0,0,1,1,229,0,8,11,2012,5,14,6,0,4,3,SR-A,,21,37.10451944,-92.54648333,0,43,0,0,1,1,0,4,1,1,0,1,0,0000000,14,8,14,56,15,33,0,0,0,1,0
29,290667,1,1,0,0,0,2,2,29,0,13,11,2012,3,17,21,0,6,4,CR-BEAR PAW RD,,21,38.05552778,-92.78061111,0,58,0,0,1,1,0,1,2,1,0,1,0,0000000,17,30,18,5,99,99,0,0,0,1,0
29,290668,1,1,0,0,0,1,1,99,0,14,11,2012,4,9,10,1,11,1,I-55,,219,38.36922222,-90.383,0,21,0,1,19,1,0,4,1,1,0,1,0,0000000,8,5,8,12,88,88,0,0,0,1,0
29,290669,1,1,0,0,0,1,1,97,0,17,11,2012,7,14,15,0,6,4,CR-300 RD,,41,37.30730556,-94.59513889,0,58,0,0,1,1,0,4,1,1,0,1,0,0000000,99,98,99,98,88,88,0,0,0,1,0
29,290670,1,1,0,0,0,1,1,77,0,16,10,2012,3,11,20,0,6,4,CR-44,,17,37.36766667,-93.39713889,0,42,0,0,1,1,0,4,1,1,0,1,0,0000000,99,99,99,99,99,99,0,0,0,1,0
29,290671,2,2,0,0,0,2,2,161,0,6,11,2012,3,18,20,1,2,2,US-63,SR-W,147,37.857,-91.79802778,0,12,2,0,3,1,0,1,2,10,0,10,0,0000000,18,25,18,32,19,2,0,0,0,1,0
29,290673,2,2,0,0,0,3,3,95,3940,23,11,2012,6,18,6,1,13,2,US-24,SR-291 WOR,127,39.11788056,-94.38294167,0,12,6,1,2,3,0,1,3,1,0,1,0,0000000,99,99,99,99,99,99,0,0,0,1,0
29,290674,2,2,0,0,0,2,2,189,1960,19,10,2012,6,11,11,0,14,6,SAPPINGTON RD,YORKSHIRE EST DR,15,38.55075,-90.38041944,0,12,1,0,3,3,0,1,1,10,0,10,0,0000000,99,99,99,99,99,99,0,0,0,1,0
29,290675,1,1,0,1,1,1,1,510,7080,12,11,2012,2,17,41,0,13,6,HAMPTON AVE,SUNSHINE DR,43,38.57104167,-90.29600833,0,15,0,0,3,2,0,1,3,1,0,1,0,0000000,17,42,17,46,18,10,0,0,0,1,0
29,290676,1,1,0,0,0,2,2,9,0,21,11,2012,4,22,0,0,4,3,SR-J,,32,36.52466667,-93.66341667,0,42,0,0,1,1,0,4,2,1,0,1,0,0000000,99,98,99,98,88,88,0,0,0,1,1
29,290677,1,1,0,0,0,4,4,157,0,5,11,2012,2,15,15,0,4,3,SR-A,,3,37.61202778,-89.69452778,0,1,0,0,1,1,0,4,1,2,0,2,0,0000000,15,25,15,50,16,27,0,0,0,1,0
29,290678,1,1,0,0,0,2,2,229,0,15,11,2012,5,12,41,0,3,3,SR-38,,210,37.29999444,-92.38208333,0,32,0,0,1,1,0,4,1,1,0,1,0,0000000,99,98,99,98,88,88,0,0,0,1,0
29,290679,1,1,0,0,0,1,1,510,7080,30,9,2012,1,23,58,0,14,6,N BROADWAY BLVD,HEMPSTEAD AVE,65,38.64445278,-90.18668611,0,19,0,0,3,3,0,5,3,10,0,10,0,0000000,99,98,99,98,88,88,0,0,0,1,1
29,290681,2,2,0,0,0,4,4,189,7940,22,9,2012,7,20,30,1,12,3,SR-141,,201,38.53372222,-90.49532778,0,5,0,0,1,1,0,1,2,1,0,1,0,0000000,99,98,99,98,88,88,14,0,0,1,0
29,290682,4,2,2,0,4,5,9,510,7080,13,10,2012,7,19,30,0,15,6,FAIR AVE,LEE AVE,6,38.67123889,-90.22545278,0,12,6,0,2,2,0,1,3,1,0,1,0,0000000,99,99,99,99,99,99,0,0,0,1,0
29,290683,1,1,0,0,0,1,1,103,0,11,11,2012,1,2,30,0,3,3,SR-15,,209,40.03361111,-92.17536111,0,32,0,0,1,1,0,4,2,10,0,10,0,0000000,3,8,3,27,4,20,0,0,0,1,1
29,290684,2,1,1,0,0,1,1,510,7080,12,11,2012,2,0,42,0,14,6,FLORISSANT AVE,,2,38.71145833,-90.25363056,0,33,0,0,1,1,0,4,3,10,0,10,0,0000000,0,44,0,52,1,48,0,0,0,1,0
29,290685,1,1,0,0,0,1,1,159,0,17,11,2012,7,0,38,0,6,6,EASTER RD,,39,38.63208333,-93.41705556,0,34,0,0,1,1,0,4,2,10,0,10,0,0000000,99,98,99,98,88,88,0,0,0,1,0
29,290687,1,1,0,0,0,2,2,99,0,29,10,2012,2,7,58,0,15,6,GRAHAM RD,,12,38.35105556,-90.61747222,0,53,0,0,1,1,0,4,1,1,0,1,0,0000000,8,0,8,6,9,1,0,0,0,1,0
29,290688,2,2,0,0,0,5,5,113,0,21,11,2012,4,5,40,0,3,3,SR-47,,43,38.98769444,-90.80969444,0,12,2,0,1,1,0,1,2,5,0,5,0,0000000,5,37,6,7,7,13,0,0,0,1,1
29,290689,2,2,0,0,0,2,2,95,0,23,11,2012,6,15,40,0,6,6,MECKLIN SCHOOL RD,,1,39.06595833,-94.12641944,0,12,2,0,1,1,0,1,1,1,0,1,0,0000000,15,47,15,52,16,19,0,0,0,1,0
29,290690,1,1,0,0,0,1,1,37,600,27,11,2012,3,4,35,0,16,6,LACY LN,,4,38.80555556,-94.54063889,0,42,0,0,1,1,0,4,2,1,0,1,0,0000000,4,45,4,48,88,88,0,0,0,1,1
29,290691,1,1,0,0,0,1,1,107,0,27,11,2012,3,14,5,0,4,3,SR-FF,,64,39.07963889,-93.95677778,0,1,0,0,1,1,0,4,1,1,0,1,0,0000000,14,9,14,19,88,88,0,0,0,1,0
29,290692,1,1,0,0,0,1,1,71,0,29,11,2012,5,14,50,0,4,3,SR-T,,65,38.54794444,-90.81141667,0,58,0,0,1,1,0,4,1,1,0,1,0,0000000,14,57,15,9,88,88,0,0,0,1,0
29,290693,2,2,0,0,0,3,3,73,0,29,11,2012,5,14,55,0,4,3,SR-100,,91,38.64108333,-91.51533333,0,12,2,0,1,1,0,1,1,1,0,1,0,0000000,15,3,15,11,15,57,0,0,0,1,0
29,290694,1,1,0,0,0,2,2,229,0,4,12,2012,3,11,50,0,3,3,SR-5,,46,37.41391667,-92.60105556,0,42,0,0,1,1,0,4,1,1,0,1,0,0000000,11,49,12,21,13,52,0,0,0,1,0
29,290695,1,1,0,0,0,1,1,13,0,4,12,2012,3,18,0,0,4,3,SR-BB,,89,38.34666667,-94.16175,0,35,0,0,1,1,0,4,2,1,0,1,0,0000000,18,11,18,34,88,88,0,0,0,1,0
29,290696,1,1,0,0,0,1,1,189,4240,6,12,2012,5,16,58,1,11,1,I-44,,44,38.57236111,-90.3905,0,25,0,0,1,1,0,3,2,10,0,10,0,0000000,16,59,17,12,17,28,0,0,0,1,0
29,290697,1,1,0,1,1,4,4,19,0,6,12,2012,5,19,8,0,3,2,US-40,,74,38.97669444,-92.4365,0,8,0,0,1,1,0,1,2,1,0,1,0,0000000,99,98,99,98,88,88,0,0,0,1,0
29,290698,1,1,0,0,0,1,1,55,0,8,12,2012,7,18,45,0,3,3,SR-19,,216,37.91088889,-91.32113889,0,32,0,0,1,1,0,4,2,2,0,2,0,0000000,99,98,99,98,88,88,0,0,0,1,0
29,290699,1,1,0,0,0,1,1,181,0,9,12,2012,1,15,30,0,4,3,SR-J,,92,36.71194444,-91.12133333,0,32,0,0,1,1,0,4,1,2,0,2,0,0000000,99,98,99,98,88,88,0,0,0,1,0
29,290700,1,1,0,0,0,4,4,510,7080,20,9,2012,5,2,46,0,13,6,GRAND BLVD,,26,38.62599722,-90.23679167,0,33,0,0,1,1,0,4,3,1,0,1,0,0000000,2,47,2,55,3,19,0,0,0,3,0
29,290701,2,2,0,0,0,2,2,47,4120,30,10,2012,3,6,9,1,13,2,US-169,NW 108TH ST,117,39.28966389,-94.58546944,0,12,1,0,3,2,0,1,2,1,0,1,0,0000000,99,98,99,98,88,88,0,0,0,1,0
29,290702,2,2,0,0,0,3,3,95,4120,2,11,2012,6,13,35,0,13,6,WARD PKWY,72ND ST,31,38.99818333,-94.60311667,0,12,6,0,2,2,0,1,1,1,0,1,0,0000000,99,99,99,99,99,99,0,0,0,1,0
29,290703,1,1,0,0,0,1,1,95,0,3,11,2012,7,22,55,1,12,2,US-71,,101,38.98682222,-94.55202778,0,57,0,0,1,1,0,3,3,1,0,1,0,0000000,22,58,23,5,23,14,0,0,0,1,1
29,290704,2,2,0,0,0,3,3,47,4120,4,11,2012,1,20,57,1,13,3,SR-152,FLINTLOCK RD,6,39.24464167,-94.46518611,0,12,6,0,2,2,0,1,3,10,0,10,0,0000000,20,58,21,4,21,27,0,0,0,1,0
29,290705,1,1,0,0,0,1,1,95,4120,5,11,2012,2,18,5,0,15,6,SUMMIT ST,,7,39.08730556,-94.59371944,0,31,0,0,1,1,0,4,3,10,0,10,0,0000000,18,6,18,17,18,31,0,0,0,1,0
29,290706,1,1,0,0,0,1,1,95,4120,8,11,2012,5,22,56,0,14,6,WORNALL RD,,3,39.037575,-94.591925,0,33,0,0,1,1,0,4,3,1,0,1,0,0000000,99,98,99,98,88,88,0,0,0,1,1
29,290707,1,1,0,0,0,1,1,95,4120,10,11,2012,7,3,0,0,16,6,LOGAN AVE,,2,39.03246389,-94.40645556,0,1,0,0,1,1,0,1,3,1,0,1,0,0000000,3,3,3,16,3,34,0,0,0,1,1
29,290708,2,2,0,0,0,2,2,95,4120,13,11,2012,3,14,29,0,13,6,FRONT ST,N CHOUTEAU TRFWY,18,39.13074167,-94.52273889,0,1,0,0,2,2,0,1,1,1,0,1,0,0000000,14,29,14,36,14,46,0,0,0,1,0
29,290709,1,1,0,0,0,3,3,95,4120,16,11,2012,6,2,45,1,11,1,I-70,,53,39.07948611,-94.53908889,0,24,0,0,1,1,0,4,3,1,0,1,0,0000000,2,46,2,52,3,10,0,0,0,1,0
29,290710,1,1,0,0,0,2,2,510,7080,20,11,2012,3,13,37,1,11,1,I-44,,14,38.60875833,-90.30401389,0,25,0,0,1,1,0,3,1,1,0,1,0,0000000,13,38,13,46,14,6,0,0,0,1,0
29,290711,2,2,0,0,0,2,2,47,4120,21,11,2012,4,17,47,1,12,3,SR-152,,3,39.25686667,-94.59968889,0,12,2,0,1,1,0,1,2,1,0,1,0,0000000,17,48,17,53,19,1,0,0,0,1,0
29,290712,2,2,0,0,0,2,2,47,4120,22,11,2012,5,16,57,0,16,6,WINCHESTER AVE,NE 51TH ST,3,39.18425556,-94.49823611,0,12,2,0,2,2,0,1,1,1,0,1,0,0000000,16,57,17,8,17,22,0,0,0,1,0
29,290713,2,2,0,1,1,5,5,95,4120,2,12,2012,1,0,23,1,11,1,I-70,,29,39.09606111,-94.56583889,0,8,0,0,1,1,0,1,2,5,0,5,0,0000000,0,24,0,34,99,99,0,0,0,1,0
29,290714,1,1,0,0,0,3,3,101,0,12,12,2012,4,1,15,0,14,3,SR-58,,65,38.71913889,-94.02783333,0,35,0,0,1,1,0,4,2,1,0,1,0,0000000,1,14,1,46,2,25,0,0,0,1,1
29,290715,2,2,0,0,0,2,2,37,0,13,12,2012,5,8,40,1,2,3,SR-7,CR-SYCAMORE GROVE RD,267,38.57913889,-94.21175,0,12,6,0,2,2,0,1,1,1,0,1,0,0000000,8,40,8,45,9,40,0,0,0,1,0
29,290716,1,1,0,0,0,2,2,225,0,17,11,2012,7,15,35,0,4,3,SR-OO,,77,37.31838889,-92.96152778,0,35,0,0,1,1,0,4,1,1,0,1,0,0000000,15,39,15,44,16,22,0,0,0,1,1
29,290717,1,1,0,1,1,1,1,510,7080,23,11,2012,6,2,57,0,14,3,SR-100 MANCHESTER AVE,,12,38.616575,-90.30911111,0,8,0,0,1,1,0,1,3,1,0,1,0,0000000,99,98,99,98,88,88,0,0,0,1,1
29,290718,2,2,0,0,0,2,2,195,0,3,12,2012,2,7,54,0,3,3,SR-240,,89,39.15547222,-93.08383333,0,12,2,0,1,1,0,1,1,10,0,10,0,0000000,7,59,8,4,9,16,2,0,0,2,0
29,290719,2,2,0,0,0,2,2,27,0,7,12,2012,6,3,0,1,11,1,I-70,,144,38.94338889,-91.8815,0,12,2,0,1,1,0,1,2,1,0,1,0,0000000,3,8,3,33,4,22,0,0,0,1,1
29,290720,1,1,0,0,0,1,1,159,0,7,12,2012,6,22,15,0,6,4,CR-OLIVE BRANCH RD,,34,38.76672222,-93.15966667,0,52,0,0,1,1,0,4,2,1,0,1,0,0000000,99,98,99,98,88,88,0,0,0,1,1
29,290721,2,2,0,0,0,2,2,77,2624,8,12,2012,7,2,10,1,2,2,US-65,,205,37.37025,-93.16905556,0,12,2,0,1,1,0,1,2,10,0,10,0,0000000,99,99,99,99,99,99,0,0,0,1,1
29,290722,1,1,0,0,0,2,2,71,0,8,12,2012,7,4,50,1,11,1,I-44,,244,38.45038889,-90.89194444,0,57,0,0,1,1,0,3,2,10,0,10,0,0000000,5,2,5,26,5,54,0,0,0,1,0
29,290723,1,1,0,0,0,1,1,37,0,8,12,2012,7,7,15,0,6,6,PECULIAR DR,,35,38.76975278,-94.49188611,0,1,0,0,1,1,0,4,1,5,0,5,0,0000000,7,17,7,21,88,88,0,0,0,1,0
29,290724,2,2,0,0,0,4,4,203,8450,9,8,2012,5,15,15,1,2,2,US-60,LINDSEY RD,77,36.99976944,-91.34024722,0,12,6,0,2,2,0,1,1,1,0,1,0,0000000,15,21,15,37,16,19,0,0,0,1,0
29,290725,2,2,0,0,0,3,3,97,4100,10,11,2012,7,13,29,1,13,3,SR-FF,STEPHENS BLVD,22,37.05500278,-94.46660556,0,12,6,0,2,3,0,1,1,10,0,10,0,0000000,99,99,99,99,99,99,0,0,0,1,0
29,290726,2,2,0,0,0,7,7,221,0,9,12,2012,1,19,40,0,3,3,SR-21,,14,38.07686111,-90.68575,0,12,6,0,1,1,0,1,2,2,0,2,0,0000000,19,42,19,52,99,99,0,0,0,1,0
29,290727,3,3,0,0,0,4,4,221,6440,12,12,2012,4,8,5,0,3,3,SR-21,FRANKLIN RD,165,37.91851111,-90.776175,0,12,1,0,3,1,0,1,1,1,0,1,0,0000000,8,9,8,15,8,30,0,0,0,1,0
29,290728,1,1,0,0,0,3,3,161,6910,15,12,2012,7,0,30,1,11,1,I-44,,196,37.97594444,-91.74047222,0,34,0,0,1,1,0,4,2,2,0,2,0,0000000,0,46,0,49,1,16,0,0,0,2,0
29,290729,1,1,0,0,0,1,1,101,0,15,12,2012,7,13,13,0,6,4,CR-NE 115,,0,38.77519444,-93.63519444,0,10,0,0,6,1,0,1,1,1,0,1,0,442064G,13,18,13,37,14,22,0,0,0,1,0
29,290730,1,1,0,1,1,1,1,127,0,16,12,2012,1,3,15,1,2,2,US-24,,279,39.92911111,-91.46830556,0,8,0,0,1,1,0,1,2,10,0,10,0,0000000,99,98,99,98,88,88,0,0,0,1,0
29,290731,1,1,0,0,0,1,1,71,0,17,12,2012,2,19,24,0,4,3,SR-H,,76,38.31686111,-91.32247222,0,42,0,0,1,1,0,4,2,10,0,10,0,0000000,19,28,19,38,88,88,0,0,0,1,0
29,290732,1,1,0,0,0,1,1,165,6821,1,11,2012,5,1,15,0,14,2,US-69,,12,39.172025,-94.61243333,0,30,0,0,1,1,0,4,3,1,0,1,0,0000000,99,98,99,98,88,88,0,0,0,1,1
29,290733,1,1,0,0,0,2,2,109,4940,17,12,2012,2,17,13,0,6,6,O'DELL,,9,36.99933333,-93.63058333,0,10,0,0,6,1,0,1,1,1,0,1,0,673304Y,17,20,17,33,18,20,0,0,0,1,1
29,290734,1,1,0,0,0,1,1,109,0,18,12,2012,3,7,0,1,1,1,I-44,,243,37.17711111,-93.65880556,0,24,0,0,1,1,0,4,3,1,0,1,0,0000000,99,98,99,98,88,88,0,0,0,1,0
29,290735,2,2,0,0,0,2,2,167,0,19,12,2012,4,8,10,1,2,3,SR-13,SR-123,271,37.76452778,-93.55944444,0,12,6,0,2,2,0,1,1,10,0,10,0,0000000,99,98,99,98,88,88,0,0,0,1,0
29,290736,2,2,0,0,0,2,2,145,0,19,12,2012,4,17,40,1,2,2,US-49 LP,,72,36.96941667,-94.43919444,0,12,2,0,1,1,0,1,2,10,0,10,0,0000000,99,99,99,99,99,99,0,0,0,1,0
29,290737,1,1,0,0,0,1,1,221,0,20,12,2012,5,99,99,0,3,3,SR-47,,47,38.13030556,-90.79008333,0,42,0,0,1,1,0,4,2,1,0,1,0,0000000,8,48,9,7,88,88,0,0,0,1,1
29,290738,2,2,0,0,0,4,4,73,0,20,12,2012,5,18,45,0,3,3,SR-28,,118,38.36475,-91.46105556,0,12,6,0,1,1,0,1,2,6,0,6,0,0000000,18,52,19,0,19,9,0,0,0,2,0
29,290739,2,2,0,0,0,2,2,109,0,22,12,2012,7,4,40,0,3,3,SR-39,,180,37.05125,-93.78497222,0,12,2,0,1,1,0,1,2,1,0,1,0,0000000,5,10,5,46,6,11,0,0,0,1,0
29,290740,1,1,0,0,0,1,1,77,0,23,12,2012,1,16,10,0,16,4,CR-106,,5,37.25608333,-93.35455556,0,38,0,0,1,1,0,4,1,1,0,1,0,0000000,99,98,99,98,88,88,0,0,0,1,0
29,290741,2,2,0,2,2,1,1,111,0,17,12,2012,2,21,40,1,2,3,SR-6,,55,40.09805556,-91.85502778,0,12,1,0,1,1,0,1,2,10,0,10,0,0000000,21,54,22,17,23,3,23,0,0,1,0
29,290742,2,2,0,0,0,4,4,91,8330,21,12,2012,6,12,32,0,3,6,PORTER WAGONER BLVD,,7,36.745475,-91.87268611,0,12,6,0,8,1,0,1,1,1,0,1,0,0000000,99,99,99,99,99,99,0,0,0,1,0
29,290743,1,1,0,0,0,1,1,215,0,26,12,2012,4,13,50,0,4,3,SR-137,,78,37.39594444,-91.82472222,0,42,0,0,1,1,0,4,1,1,0,1,0,0000000,99,98,99,98,88,88,0,0,0,1,1
29,290744,2,2,0,0,0,2,2,189,7060,25,10,2012,5,18,47,1,13,3,SR-180,ST. JOHNS CROSSING,55,38.71215278,-90.35305556,0,12,6,0,3,1,0,1,3,10,6,6,0,0000000,18,52,18,58,19,29,0,0,0,1,0
29,290745,1,1,0,0,0,1,1,109,0,28,12,2012,6,17,35,1,11,1,I-44,,41,37.07519444,-93.98147222,0,1,0,0,1,1,0,4,2,10,0,10,0,0000000,99,98,99,98,88,88,0,0,0,1,0
29,290746,1,1,0,0,0,1,1,77,7460,10,12,2012,2,14,20,0,13,6,NATIONAL AVE,SEMINOLE ST,60,37.17433056,-93.27723333,0,46,0,0,3,1,0,4,1,1,0,1,0,0000000,99,99,99,99,99,99,0,0,0,1,1
29,290747,1,1,0,0,0,3,3,41,0,30,12,2012,1,2,15,0,5,3,SR-M,,128,39.51138889,-93.08194444,0,1,0,0,1,1,0,4,2,1,0,1,0,0000000,2,23,2,40,3,23,0,0,0,1,1
29,290748,1,1,0,0,0,1,1,81,0,31,12,2012,2,17,35,1,11,1,I-35,,306,40.144,-94.04138889,0,32,0,0,1,1,0,5,2,10,2,2,0,0000000,99,98,99,98,88,88,0,0,0,1,0
29,290749,2,2,0,1,1,2,2,189,0,8,11,2012,5,5,30,1,12,3,SR-367,,25,38.78535556,-90.23449722,0,12,1,0,1,1,0,1,3,10,0,10,0,0000000,5,41,5,43,6,20,23,0,0,1,0
29,290750,2,2,0,0,0,3,3,510,7080,22,11,2012,5,16,40,0,14,6,CHIPPEWA ST,,38,38.58891944,-90.24975278,0,12,6,0,1,1,0,1,1,10,0,10,0,0000000,16,41,16,57,17,9,0,0,0,1,1
29,290752,1,1,0,0,0,1,1,43,6020,12,12,2012,4,2,17,1,12,2,US-65,,29,99.99990000,999.99990000,0,1,0,0,1,1,0,4,2,1,0,1,0,0000000,99,98,99,98,88,88,0,0,0,1,1
29,290753,1,1,0,1,1,1,1,510,7080,15,12,2012,7,17,58,0,14,6,N BROADWAY ST,,14,38.70756944,-90.23031667,0,8,0,0,1,1,0,1,3,10,0,10,0,0000000,99,98,99,98,88,88,0,0,0,1,0
29,290754,2,2,0,0,0,2,2,101,0,26,12,2012,4,19,6,1,2,2,US-50,NW 1601,315,38.85730556,-94.04141667,0,12,6,0,2,2,0,1,3,10,0,10,0,0000000,19,13,19,27,20,22,0,0,0,1,1
29,290755,1,1,0,0,0,2,2,183,0,28,12,2012,6,4,56,0,4,3,SR-T,,51,38.71036111,-90.96291667,0,35,0,0,1,1,0,4,3,1,0,1,0,0000000,99,99,99,99,99,99,0,0,0,1,1
29,290756,2,2,0,0,0,3,3,189,3580,28,12,2012,6,10,5,1,11,1,I-270,,238,38.77777778,-90.38905556,0,12,1,1,18,1,0,1,1,10,0,10,0,0000000,99,98,99,98,88,88,0,0,0,1,0
29,290757,2,2,0,0,0,3,3,99,0,28,12,2012,6,12,45,1,2,2,US-67,CR-BUCK CREEK RD,227,38.18513889,-90.43972222,0,12,6,0,2,2,0,1,1,10,0,10,0,0000000,12,48,12,54,13,25,0,0,0,1,0
29,290758,1,1,0,0,0,1,1,195,0,29,12,2012,7,23,0,0,5,3,SR-240,,103,39.16919444,-93.07580556,0,34,0,0,1,1,0,4,2,1,0,1,0,0000000,23,4,23,6,23,44,0,0,0,1,1
29,290759,2,2,0,0,0,3,3,71,0,29,12,2012,7,23,55,0,15,3,SR-AT,,21,38.45416667,-90.89194444,0,12,2,0,1,1,0,2,2,1,0,1,0,0000000,0,6,0,21,1,4,0,0,0,1,0
29,290760,2,2,0,0,0,2,2,229,0,30,12,2012,1,1,57,1,2,2,US-60,,107,37.11116667,-92.43316667,0,12,1,0,1,1,0,1,2,1,0,1,0,0000000,2,6,2,22,99,99,0,0,0,1,1
29,290761,1,1,0,0,0,3,3,45,0,31,12,2012,2,9,55,0,3,2,US-136,,192,40.38861111,-91.62180556,0,42,0,0,1,1,0,4,1,4,0,4,0,0000000,9,57,10,9,11,45,0,0,0,1,0
29,290762,1,1,0,0,0,2,2,21,7070,13,10,2012,7,18,50,0,13,6,NORTH RIVERSIDE RD,,19,39.78953333,-94.76778333,0,43,0,0,1,1,0,4,2,10,2,2,0,0000000,99,98,99,98,88,88,0,0,0,1,0
29,290763,2,1,1,1,1,1,1,95,4120,6,11,2012,3,9,56,0,16,6,SUMMIT ST,,10,38.90955833,-94.60220833,0,8,0,0,1,1,0,1,1,1,0,1,0,0000000,99,99,99,99,99,99,0,0,0,1,0
29,290764,2,2,0,1,1,3,3,165,4120,7,12,2012,6,17,34,1,11,1,I-29,,256,39.2012,-94.62809722,0,8,0,0,1,1,0,1,2,99,0,99,0,0000000,17,26,17,33,99,99,0,0,0,1,0
29,290765,1,1,0,0,0,1,1,105,4480,10,12,2012,2,17,6,1,11,1,I-44,,152,37.68500278,-92.63741111,0,59,0,1,5,1,0,8,2,1,0,1,0,0000000,99,99,99,99,99,99,0,0,0,1,0
29,290766,2,2,0,0,0,4,4,95,4120,30,12,2012,1,0,19,0,13,6,BLUE RIDGE BLVD,,62,38.93490556,-94.50824167,0,12,7,0,8,1,0,1,3,1,0,1,0,0000000,99,98,99,98,88,88,0,0,0,1,1
29,290767,1,1,0,1,1,1,1,189,2575,29,10,2012,2,13,41,0,99,6,BUTLER DR,,2,38.49777778,-90.63833889,0,8,0,0,8,1,0,1,1,1,0,1,0,0000000,13,41,13,44,14,31,0,0,0,1,0
29,290768,1,1,0,1,1,2,2,71,7860,4,11,2012,1,18,14,1,13,3,SR-47,,88,38.43736667,-90.99099444,0,8,0,0,1,1,0,1,3,10,0,10,0,0000000,99,98,99,98,88,88,19,0,0,1,0
29,290769,2,2,0,0,0,5,5,19,1800,6,12,2012,5,23,55,1,12,3,SR-163,,32,38.92390833,-92.33877778,0,12,6,0,1,1,0,1,2,10,0,10,0,0000000,23,57,0,3,0,18,0,0,0,1,1
29,290770,2,2,0,1,1,2,2,47,4130,31,12,2012,2,15,48,1,11,1,I-35,,73,39.34611111,-94.38361111,0,8,0,0,1,1,0,2,1,4,0,4,0,0000000,15,50,15,54,16,16,19,0,0,1,0
29,290771,2,2,0,0,0,2,2,165,0,15,10,2012,2,21,7,1,2,3,SR-92,,192,39.36997222,-94.608375,0,12,2,0,1,1,0,1,2,1,0,1,0,0000000,21,12,21,20,99,99,0,0,0,1,1
29,290772,1,1,0,0,0,1,1,510,7080,28,10,2012,1,2,58,0,16,6,E GRAND,,15,38.67638611,-90.197775,0,31,0,0,1,1,0,4,3,1,0,1,0,0000000,99,98,99,98,88,88,0,0,0,1,1
29,290774,1,1,0,0,0,3,3,21,7070,28,12,2012,6,3,3,0,13,6,COOK RD,,17,39.80656389,-94.81210833,0,42,0,0,1,1,0,4,2,10,0,10,0,0000000,3,7,3,15,99,99,0,0,0,1,1
29,290775,2,2,0,0,0,2,2,167,0,29,12,2012,7,16,51,0,5,3,SR-32,,230,37.62330556,-93.21286111,0,12,2,0,1,1,0,1,1,1,0,1,0,0000000,16,56,17,11,99,99,0,0,0,1,0