STATE,ST_CASE,VE_TOTAL,VE_FORMS,PVH_INVL,PEDS,PERNOTMVIT,PERMVIT,PERSONS,COUNTY,CITY,DAY,MONTH,YEAR,DAY_WEEK,HOUR,MINUTE,NHS,ROAD_FNC,ROUTE,TWAY_ID,TWAY_ID2,MILEPT,LATITUDE,LONGITUD,SP_JUR,HARM_EV,MAN_COLL,RELJCT1,RELJCT2,TYP_INT,WRK_ZONE,REL_ROAD,LGT_COND,WEATHER1,WEATHER2,WEATHER,SCH_BUS,RAIL,NOT_HOUR,NOT_MIN,ARR_HOUR,ARR_MIN,HOSP_HR,HOSP_MN,CF1,CF2,CF3,FATALS,DRUNK_DR
29,290776,2,2,0,0,0,7,7,95,4120,15,12,2012,7,1,33,1,11,1,I-70,,251,39.09581667,-94.54371111,0,12,2,1,18,1,0,1,3,10,0,10,0,0000000,1,35,1,51,1,55,0,0,0,1,1
29,290777,1,1,0,1,1,2,2,189,0,7,12,2012,6,21,44,1,13,3,SR-231,CLIFF CAVE,54,38.47019444,-90.30491944,0,8,0,0,2,2,0,1,2,2,0,2,0,0000000,99,98,99,98,88,88,0,0,0,1,0
29,290778,1,1,0,0,0,1,1,19,0,25,12,2012,3,21,55,0,6,6,MAUPIN LN,,10,39.02178056,-92.15539722,0,42,0,0,1,1,0,4,2,1,0,1,0,0000000,99,98,99,98,88,88,0,0,0,1,1
29,290779,2,2,0,0,0,2,2,77,7460,16,11,2012,6,0,38,1,13,3,SR-13,HAMILTON,101,37.22326111,-93.31171944,0,12,6,0,2,2,0,1,3,1,0,1,0,0000000,0,41,0,51,1,13,0,0,0,1,2
29,290780,2,2,0,0,0,3,3,47,4120,27,11,2012,3,12,45,0,14,6,NE PLEASANT VALLEY RD,,11,39.21394444,-94.52097778,0,12,2,0,1,1,0,1,1,1,0,1,0,0000000,99,99,99,99,99,99,0,0,0,1,0
29,290781,1,1,0,0,0,1,1,19,1800,23,12,2012,1,4,0,0,15,6,ST CHARLES RD,,3,38.94909444,-92.28517222,0,59,0,0,1,1,0,4,3,1,0,1,0,0000000,99,98,99,98,88,88,0,0,0,1,1
29,290782,1,1,0,0,0,1,1,95,4120,23,12,2012,1,9,22,0,14,6,CLEVELAND AVE,SWOPE PKWY,48,39.02469444,-94.54130278,0,33,0,0,3,4,0,4,1,1,0,1,0,0000000,9,22,9,23,99,99,0,0,0,1,0
29,290783,2,2,0,0,0,5,5,21,7070,21,7,2012,7,17,2,0,16,6,VALLEY,GORDON,6,39.71041111,-94.865275,0,12,2,0,3,2,0,1,1,1,0,1,0,0000000,17,6,17,9,17,36,0,0,0,1,0
29,290784,3,3,0,0,0,6,6,21,7070,28,11,2012,4,15,52,0,16,6,S 22ND NORTH PASS RD,S 11TH ST RD,2,39.72635,-94.83396944,0,12,6,0,2,2,0,1,1,1,0,1,0,0000000,15,54,15,58,16,39,0,0,0,1,0
29,290785,4,4,0,0,0,7,7,189,0,20,12,2012,5,15,33,1,2,2,US-61 67 S LINDBERGH,SR-21 TESSON FERRY,24,38.52368056,-90.354575,0,33,0,0,2,2,0,4,1,10,0,10,0,0000000,15,43,15,49,16,7,0,0,0,1,0
29,290786,2,2,0,0,0,3,3,27,2960,28,11,2012,4,13,48,0,16,6,WOOD ST,,3,38.85955,-91.93504722,0,54,11,0,1,1,0,1,1,1,0,1,0,0000000,99,99,99,99,99,99,14,0,0,1,0
29,290787,4,4,0,0,0,6,6,95,4120,23,12,2012,1,14,17,1,11,1,I-35,,20,39.09058611,-94.59133889,0,12,2,0,1,1,0,1,1,1,0,1,0,0000000,99,98,99,98,88,88,0,0,0,1,0
30,300001,2,2,0,0,0,3,3,31,0,1,1,2012,1,14,30,1,2,2,US-191,,560,45.35490278,-111.1718472,0,12,2,0,1,1,0,1,1,10,0,10,0,0000000,14,37,14,49,16,20,0,0,0,1,1
30,300002,1,1,0,0,0,1,1,111,100,5,1,2012,5,15,22,0,16,6,16TH ST W,CLARK AVENUE,0,45.77992222,-108.5564,0,42,0,0,2,2,0,5,1,1,0,1,0,0000000,15,23,15,25,15,55,0,0,0,1,1
30,300003,1,1,0,0,0,34,34,63,0,8,1,2012,1,7,12,1,1,1,I-90 W,,1200,46.78850556,-113.725475,0,34,0,0,1,1,0,3,2,10,0,10,0,0000000,7,14,7,35,8,13,0,0,0,2,0
30,300004,1,1,0,0,0,1,1,57,0,10,1,2012,3,12,20,0,4,3,SR-359,,146,45.74050833,-111.8029,0,1,0,0,1,1,0,4,1,10,0,10,0,0000000,12,34,12,50,88,88,0,0,0,1,0
30,300005,1,1,0,0,0,1,1,111,0,10,1,2012,3,16,15,0,4,4,CR-64TH STREET WEST,,0,45.69701389,-108.6798111,0,30,0,0,1,1,0,4,1,10,0,10,0,0000000,16,40,16,56,88,88,0,0,0,1,1
30,300006,1,1,0,0,0,1,1,1,0,12,1,2012,5,18,20,0,3,3,SR-41,,97,45.33127222,-112.5232667,0,1,0,0,1,1,0,4,2,1,0,1,0,0000000,18,33,18,43,88,88,0,0,0,1,0
30,300007,1,1,0,0,0,2,2,73,0,6,1,2012,6,13,0,0,3,2,US-89,,698,48.143225,-112.4080056,0,35,0,0,1,1,0,4,1,1,0,1,0,0000000,13,18,13,45,14,37,0,0,0,1,0
30,300008,2,2,0,0,0,2,2,107,0,17,1,2012,3,5,45,1,2,2,US-191,,4,46.44001389,-109.803475,0,12,6,0,1,1,0,1,2,1,0,1,0,0000000,5,52,6,6,88,88,0,0,0,1,1
30,300009,1,1,0,0,0,2,2,31,0,25,1,2012,4,1,50,1,1,1,I-90 W,,3040,45.72998333,-111.0904861,0,24,0,0,1,1,0,4,2,1,0,1,0,0000000,1,54,1,59,2,22,0,0,0,1,1
30,300010,2,2,0,0,0,3,3,53,0,27,1,2012,6,14,0,1,2,2,US-2,TIMBER LANE,106,48.50686944,-115.9264056,0,12,2,0,2,3,0,1,1,1,0,1,0,0000000,14,0,14,23,15,2,0,0,0,1,0
30,300011,1,1,0,0,0,1,1,17,0,1,2,2012,4,15,2,1,1,1,I-94 W,,1505,46.53477222,-105.6516583,0,1,0,0,1,1,0,1,1,1,0,1,0,0000000,15,6,15,16,88,88,0,0,0,1,0
30,300012,1,1,0,0,0,1,1,91,21,7,2,2012,3,21,0,1,2,3,SR-16,,502,48.68919722,-104.4581444,0,39,0,0,1,1,0,5,2,10,0,10,0,0000000,21,17,21,30,88,88,0,0,0,1,1
30,300013,1,1,0,0,0,2,2,49,0,15,2,2012,4,1,25,1,2,3,SR-200,,696,46.95493333,-112.7195556,0,1,0,0,1,1,0,4,2,1,0,1,0,0000000,2,29,2,43,99,99,0,0,0,1,1
30,300014,1,1,0,0,0,2,2,29,0,18,2,2012,7,1,13,1,2,2,US-93,,1024,48.07715278,-114.2446194,0,35,0,0,1,1,0,4,2,10,1,10,0,0000000,1,17,1,40,2,13,0,0,0,1,1
30,300015,1,1,0,0,0,2,2,27,0,18,2,2012,7,2,40,1,2,2,US-87,,940,47.06132222,-109.1900917,0,1,0,0,1,1,0,4,2,1,0,1,0,0000000,2,47,3,6,4,12,0,0,0,1,0
30,300016,1,1,0,0,0,3,3,41,0,18,2,2012,7,2,0,0,6,5,PARKER CANYON ROAD,,0,48.25306944,-109.7623361,3,35,0,0,1,1,0,4,2,1,0,1,0,0000000,2,22,2,33,3,18,0,0,0,1,1
30,300017,2,2,0,0,0,2,2,29,0,13,2,2012,2,13,10,1,2,2,US-93,FOREST ACRES ROAD,1226,48.33732778,-114.3357694,0,12,6,0,2,3,0,1,1,10,0,10,0,0000000,13,13,13,20,13,42,0,0,0,1,0
30,300018,1,1,0,0,0,1,1,9,0,26,2,2012,1,22,30,0,5,4,CR-COONEY DAM ROAD,,0,45.38513889,-109.1681639,0,35,0,0,1,1,0,5,2,1,0,1,0,0000000,23,8,23,17,99,99,0,0,0,1,1
30,300019,1,1,0,0,0,1,1,7,0,27,2,2012,2,1,30,1,2,2,US-12,,611,46.51894444,-111.7078139,0,1,0,0,1,1,0,1,2,10,0,10,0,0000000,7,3,7,23,88,88,0,0,0,1,1
30,300020,1,1,0,0,0,1,1,81,0,27,2,2012,2,8,14,0,4,3,SR-269,,126,46.40626944,-114.099125,0,38,0,0,1,1,0,5,1,10,0,10,0,0000000,8,18,8,30,88,88,0,0,0,1,0
30,300021,1,1,0,0,0,1,1,13,0,3,3,2012,7,2,0,0,4,3,SR-330,,49,47.39196111,-111.4445111,0,59,0,0,1,1,0,4,2,10,0,10,0,0000000,2,55,3,7,88,88,0,0,0,1,1
30,300022,1,1,0,0,0,4,4,63,830,4,3,2012,1,3,11,0,16,6,HILLVIEW WAY,,0,46.82006944,-114.0320917,0,59,0,0,1,1,0,5,3,1,0,1,0,0000000,3,15,3,21,99,99,0,0,0,2,1
30,300023,1,1,0,0,0,1,1,111,0,9,3,2012,6,5,41,1,1,1,I-90 W,,4410,45.719375,-108.6301583,0,1,0,0,1,1,0,4,2,1,0,1,0,0000000,4,43,4,51,88,88,0,0,0,1,0
30,300024,1,1,0,0,0,1,1,51,0,12,3,2012,2,14,49,0,5,4,CR-TIBER ROAD,,0,48.50925556,-111.0805806,0,10,0,0,6,1,0,1,1,1,0,1,0,088034P,14,52,15,2,88,88,0,0,0,1,0
30,300025,1,1,0,0,0,1,1,81,0,16,3,2012,6,18,39,1,2,2,US-93,,207,45.90380556,-114.0724472,0,11,0,0,1,1,0,1,1,1,0,1,0,0000000,18,40,18,57,20,12,0,0,0,1,0
30,300026,1,1,0,0,0,1,1,49,0,18,3,2012,1,1,50,1,1,1,I-15 N,,2191,46.91978056,-112.1204694,0,24,0,0,1,1,0,4,2,10,0,10,0,0000000,2,6,2,29,88,88,0,0,0,1,1
30,300027,1,1,0,1,1,3,3,5,0,18,3,2012,1,22,14,1,2,2,US-2,,4280,48.48804167,-108.759325,3,8,0,0,1,1,0,1,2,10,0,10,0,0000000,22,17,99,99,88,88,0,0,0,1,1
30,300028,1,1,0,0,0,1,1,41,0,24,3,2012,7,14,53,0,6,4,CR-MISSION TAYLOR ROAD,,0,48.25796944,-109.7587861,0,1,0,0,1,1,0,4,1,1,0,1,0,0000000,15,4,15,8,88,88,0,0,0,1,1
30,300029,2,2,0,0,0,2,2,21,0,28,3,2012,4,6,45,1,2,3,SR-16,,184,47.30345,-104.5078694,0,12,2,0,1,1,0,1,1,1,0,1,0,0000000,6,51,7,7,7,54,0,0,0,1,0
30,300030,1,1,0,0,0,2,2,87,0,4,4,2012,4,2,0,0,4,4,CR-4,,0,45.6048,-106.657075,3,1,0,0,1,1,0,4,2,1,0,1,0,0000000,2,27,2,54,3,52,0,0,0,1,1
30,300031,1,1,0,0,0,2,2,13,0,6,4,2012,6,23,42,1,1,1,I-15,,2827,47.52281944,-111.3803333,0,1,0,1,18,1,0,1,2,5,0,5,0,0000000,23,42,23,45,23,55,0,0,0,1,0
30,300032,2,2,0,0,0,3,3,111,100,7,4,2012,7,17,12,0,16,6,ANNANDALE ROAD,RIVER OAKS DRIVE,0,45.840875,-108.4918861,0,12,6,0,2,3,0,1,1,1,0,1,0,0000000,17,13,17,18,99,99,0,0,0,1,1
30,300033,1,1,0,0,0,2,2,85,0,8,4,2012,1,1,45,0,4,4,CR-BIA ROUTE 1,,40,48.146925,-104.6330917,3,1,0,0,1,1,0,4,2,1,0,1,0,0000000,2,1,2,15,2,33,0,0,0,1,1
30,300034,1,1,0,0,0,1,1,111,0,9,4,2012,2,12,15,0,6,2,US-312,CR-ROAD 8 NORTH,132,45.92856389,-108.2379778,0,35,0,0,3,3,0,5,1,1,0,1,0,0000000,12,25,12,35,88,88,0,0,0,1,0
30,300035,2,2,0,0,0,2,2,83,0,11,4,2012,4,17,40,0,3,3,SR-200,,540,47.76097778,-104.1276139,0,12,2,0,1,1,0,1,1,1,0,1,0,0000000,17,49,18,0,18,17,0,0,0,1,1
30,300036,1,1,0,0,0,1,1,5,0,14,4,2012,7,19,5,1,2,3,SR-MT-16,,30,48.13536667,-104.4775694,0,35,0,0,1,1,0,4,1,10,0,10,0,0000000,19,7,19,14,88,88,0,0,0,1,1
30,300037,1,1,0,0,0,1,1,27,0,17,4,2012,3,23,2,0,3,2,US-191,,110,47.20945278,-109.3906306,0,24,0,0,1,1,0,4,2,10,0,10,0,0000000,23,8,23,22,88,88,0,0,0,1,1
30,300038,1,1,0,0,0,2,2,111,0,27,3,2012,3,19,30,0,6,4,CR-ELYSIAN ROAD,,0,45.74088333,-108.55915,0,5,0,0,1,1,0,1,5,1,0,1,0,0000000,18,46,18,49,19,8,0,0,0,1,0
30,300039,1,1,0,0,0,2,2,31,0,22,4,2012,1,2,40,0,3,3,SR-MT-86,,91,45.73034167,-110.9092056,0,1,0,0,1,1,0,4,2,1,0,1,0,0000000,2,44,2,53,88,88,0,0,0,1,1
30,300040,1,1,0,0,0,1,1,29,0,12,4,2012,5,1,0,0,6,4,CR- FOOTHILL ROAD,,0,48.12958333,-114.0161778,0,30,0,0,1,1,0,4,2,10,0,10,0,0000000,0,0,0,0,0,0,0,0,0,1,1
30,300041,3,3,0,2,2,3,3,49,590,8,4,2012,1,0,28,0,14,6,CUSTER AVENUE,,0,46.61655,-112.0165472,0,8,0,0,1,1,0,1,2,10,0,10,0,0000000,0,30,0,36,0,56,0,0,0,1,0
30,300042,1,1,0,0,0,2,2,67,0,24,4,2012,3,16,15,1,1,1,I-90 E,,3374,45.68217778,-110.5078333,0,1,0,0,1,1,0,1,1,1,0,1,0,0000000,16,22,16,38,16,45,0,0,0,1,0
30,300043,1,1,0,0,0,1,1,3,0,29,4,2012,1,3,45,0,4,3,SR-313,,229,45.46179444,-107.7044861,3,1,0,0,1,1,0,4,2,2,0,2,0,0000000,4,10,4,39,88,88,0,0,0,1,0
30,300044,1,1,0,0,0,2,2,73,0,29,4,2012,1,2,15,0,3,2,US-89,,789,48.23440833,-112.5319444,0,59,0,0,1,1,0,4,2,1,0,1,0,0000000,5,13,5,27,88,88,0,0,0,2,1
30,300045,1,1,0,0,0,1,1,9,0,30,4,2012,2,20,10,0,4,3,SR-308,,40,45.15887778,-109.1978139,0,1,0,0,1,1,0,4,5,1,0,1,0,0000000,20,13,20,23,88,88,0,0,0,1,1
30,300046,1,1,0,0,0,1,1,3,0,3,5,2012,5,99,99,0,4,3,SR-91,,31,45.42779722,-108.4751944,3,43,0,0,1,1,0,4,9,10,0,10,0,0000000,10,13,10,44,88,88,0,0,0,1,1
30,300047,2,2,0,0,0,2,2,31,0,3,5,2012,5,11,38,0,4,3,SR-345,,0,45.634975,-111.0626806,0,12,6,0,1,1,0,1,1,10,0,10,0,0000000,11,38,11,43,12,11,0,0,0,1,0
30,300048,1,1,0,0,0,5,5,1,0,3,5,2012,5,18,40,0,3,3,SR-43,,729,45.77675278,-112.8148694,0,35,0,0,1,1,0,4,1,10,0,10,0,0000000,18,48,19,18,19,59,0,0,0,1,1
30,300049,1,1,0,0,0,1,1,43,0,4,5,2012,6,11,25,1,11,1,I-90,,2420,45.90512222,-112.2400917,0,38,0,1,19,1,0,3,1,10,0,10,0,0000000,11,22,11,31,88,88,0,0,0,1,0
30,300050,1,1,0,0,0,1,1,87,0,4,5,2012,6,20,10,1,2,2,US-12,,2498,46.41527222,-107.0440889,0,1,0,0,1,1,0,2,5,1,0,1,0,0000000,20,18,20,38,88,88,0,0,0,1,1
30,300051,1,1,0,0,0,1,1,29,0,6,5,2012,1,99,99,1,2,2,US-93,,992,48.03736389,-114.2275111,0,41,0,0,1,1,0,4,1,1,0,1,0,0000000,12,47,13,8,88,88,0,0,0,1,0
30,300052,2,2,0,0,0,3,3,57,0,8,5,2012,3,12,25,0,3,3,SR- 84,,32,45.58869722,-111.6361944,0,24,0,0,1,1,0,4,1,1,0,1,0,0000000,12,30,12,58,13,31,0,0,0,1,0
30,300053,1,1,0,0,0,1,1,43,0,8,5,2012,3,18,5,0,4,3,SR-282,,22,46.51216111,-111.9494167,0,24,0,0,1,1,0,4,1,1,0,1,0,0000000,18,8,18,13,88,88,0,0,0,1,0
30,300054,1,1,0,0,0,1,1,111,0,13,5,2012,1,4,10,1,1,1,I-90,,4489,45.7535,-108.5028444,0,57,0,0,1,1,0,3,2,1,0,1,0,0000000,4,15,4,21,88,88,0,0,0,1,1
30,300055,1,1,0,0,0,1,1,79,0,19,5,2012,7,2,30,0,4,3,SR-253,,189,46.98515556,-105.5452306,0,1,0,0,1,1,0,4,3,1,0,1,0,0000000,7,4,7,20,88,88,0,0,0,1,1
30,300056,1,1,0,0,0,3,3,27,0,20,5,2012,1,4,30,0,9,4,CR- NORTH DENTON ROAD,,20,47.34627778,-109.9582389,0,35,0,0,1,1,0,4,2,1,0,1,0,0000000,7,56,8,2,9,1,0,0,0,2,1
30,300057,2,2,0,0,0,6,6,9,0,20,5,2012,1,16,5,1,2,2,US-310,PRYOR MOUNTAIN ROAD,233,45.25765278,-108.9082333,0,12,6,0,2,2,0,1,1,1,0,1,0,0000000,16,12,16,21,17,8,0,0,0,1,1
30,300058,2,2,0,0,0,2,2,7,0,31,5,2012,5,10,14,1,2,2,US-287,,820,46.26212778,-111.4831278,0,12,2,0,1,1,1,1,1,10,0,10,0,0000000,10,14,10,17,88,88,0,0,0,1,0
30,300059,1,1,0,0,0,2,2,73,0,2,6,2012,7,15,12,0,4,4,CR-HEART BUTTE ROAD,,0,48.29911944,-112.8377111,3,59,0,0,1,1,0,4,1,1,0,1,0,0000000,15,12,15,47,15,51,0,0,0,1,1
30,300060,1,1,0,0,0,1,1,19,0,2,6,2012,7,20,31,0,3,3,SR-248,,347,48.80937778,-105.6678611,0,1,0,0,1,1,0,4,5,10,0,10,0,0000000,20,48,21,0,88,88,0,0,0,1,1
30,300061,1,1,0,0,0,1,1,43,0,3,6,2012,1,19,35,0,4,3,SR-2,,35,45.88246389,-112.181075,0,59,0,0,1,1,0,4,1,1,0,1,0,0000000,19,37,19,46,88,88,0,0,0,1,1
30,300062,1,1,0,0,0,1,1,53,0,4,6,2012,2,18,5,0,5,4,CR- GLEN LAKE ROAD,,8,48.84490278,-114.9638306,0,35,0,0,1,1,0,4,1,10,0,10,0,0000000,99,99,99,99,88,88,0,0,0,1,1
30,300063,2,2,0,0,0,2,2,111,100,4,6,2012,2,10,26,0,15,6,SHILOH ROAD,GRAND AVENUE,0,45.78394444,-108.617475,0,12,6,0,2,6,0,1,1,1,0,1,0,0000000,10,27,10,36,99,99,0,0,0,1,0
30,300064,2,2,0,0,0,2,2,31,0,4,6,2012,2,10,33,0,4,3,SR-205,EAST VALLEY CENTER SPUR,0,45.73047222,-111.0896528,0,12,11,0,2,3,0,1,1,10,0,10,0,0000000,10,31,10,37,10,55,0,0,0,1,0
30,300065,1,1,0,0,0,1,1,75,0,6,6,2012,4,12,40,0,3,3,SR-59,,121,45.16345278,-105.3454528,0,1,0,0,1,1,0,4,1,1,0,1,0,0000000,99,99,13,21,88,88,0,0,0,1,1
30,300066,1,1,0,0,0,6,6,81,0,7,6,2012,5,9,35,0,4,3,SR-269,,168,46.46750556,-114.0888778,0,1,0,0,1,1,0,1,1,1,0,1,0,0000000,9,40,9,41,99,99,0,0,0,1,0
30,300067,1,1,0,0,0,1,1,43,0,7,6,2012,5,20,20,0,6,8,BASIN CREEK ROAD,,0,46.34168611,-112.336125,0,35,0,0,1,1,0,4,1,10,0,10,0,0000000,20,39,21,3,88,88,0,0,0,1,1
30,300068,1,1,0,0,0,1,1,23,0,9,6,2012,7,19,5,0,3,3,SR-1,,57,46.12772222,-112.8972028,0,1,0,0,1,1,0,4,1,10,0,10,0,0000000,19,9,19,13,19,22,0,0,0,1,1
30,300069,2,2,0,0,0,4,4,41,0,14,6,2012,5,2,26,0,4,6,UPPER BOX ELDER ROAD,,0,48.30769722,-109.9976972,3,12,1,0,1,1,0,1,2,10,0,10,0,0000000,2,38,2,44,3,15,0,0,0,1,2
30,300070,1,1,0,0,0,1,1,79,0,13,6,2012,4,16,0,1,1,1,I-94,,1790,46.79478056,-105.2519806,0,1,0,0,1,1,0,1,1,10,0,10,0,0000000,16,2,16,10,16,24,0,0,0,1,0
30,300071,2,2,0,0,0,2,2,49,0,15,6,2012,6,20,50,0,4,3,SR-280,,51,46.64665556,-111.8830167,0,12,2,0,1,1,0,1,1,1,0,1,0,0000000,21,2,21,10,88,88,0,0,0,1,0
30,300072,1,1,0,0,0,3,3,3,0,16,6,2012,7,6,10,1,1,1,I-90,,4754,45.78248611,-108.0226444,0,1,0,0,1,1,0,1,1,1,0,1,0,0000000,6,16,6,33,7,47,0,0,0,1,0
30,300073,2,2,0,0,0,3,3,47,0,17,6,2012,1,22,42,0,6,5,ST. MARY'S LAKE ROAD,,0,47.30130833,-114.0586222,3,12,6,0,1,1,0,1,2,10,0,10,0,0000000,22,42,22,50,23,26,0,0,0,1,1
30,300074,1,1,0,0,0,1,1,49,0,19,6,2012,3,0,15,0,4,3,SR-453,,26,46.70444444,-111.9592361,0,31,0,0,1,1,0,4,2,99,0,99,0,0000000,8,55,9,6,88,88,0,0,0,1,1
30,300075,2,2,0,0,0,2,2,111,700,9,6,2012,7,0,43,0,2,6,MAIN STREET,,0,45.67815278,-108.7343111,0,12,1,0,1,1,0,1,2,10,0,10,0,0000000,0,44,0,54,88,88,0,0,0,1,1
30,300076,1,1,0,1,1,2,2,111,100,20,6,2012,4,6,51,0,13,6,DIVISION STREET,MONTANA AVENUE,0,45.77622222,-108.5153778,0,8,0,0,3,4,0,4,1,2,0,2,0,0000000,6,53,6,57,7,28,0,0,0,1,0
30,300077,1,1,0,0,0,1,1,5,0,21,6,2012,5,21,30,0,4,3,SR-240,,233,48.28213056,-109.1915944,0,1,0,0,1,1,0,4,5,1,0,1,0,0000000,21,35,22,4,88,88,0,0,0,1,1
30,300078,1,1,0,0,0,1,1,13,0,22,6,2012,6,16,55,0,3,2,US-89,,597,47.19252222,-110.9206389,0,26,0,0,1,1,0,4,1,1,0,1,0,0000000,17,5,17,13,18,4,0,0,0,1,0
30,300079,1,1,0,0,0,1,1,29,0,23,6,2012,7,17,40,0,4,4,CR-EAST EDGEWOOD DRIVE,,1,48.41425278,-114.3242444,0,53,0,0,1,1,0,4,1,1,0,1,0,0000000,17,44,17,50,18,1,0,0,0,1,1
30,300080,1,1,0,0,0,2,2,31,0,1,6,2012,6,22,29,1,2,2,US-20,,85,44.66420556,-111.1156389,0,5,0,0,1,1,0,1,2,1,0,1,0,0000000,22,21,22,26,0,1,0,0,0,1,1
30,300081,2,2,0,0,0,3,3,31,0,26,6,2012,3,0,5,1,1,1,I-90,,2950,45.80882778,-111.2428083,0,12,2,0,1,1,0,1,2,1,0,1,0,0000000,0,12,0,23,0,57,0,0,0,1,1
30,300082,2,1,1,0,0,2,2,13,530,27,6,2012,4,23,18,0,16,6,THIRD AVENUE NORTH,,0,47.50848889,-111.2712556,0,14,0,0,1,1,0,7,3,1,0,1,0,0000000,23,18,23,25,99,99,0,0,0,1,1
30,300083,2,1,1,1,4,2,5,31,0,29,6,2012,6,12,44,1,1,1,I-90,,2931,45.81763611,-111.2605694,0,18,0,0,1,1,0,4,1,1,0,1,0,0000000,12,45,99,97,99,97,23,0,0,1,0
30,300084,1,1,0,0,0,1,1,35,0,29,6,2012,6,18,12,0,4,3,SR-464,,140,48.72716111,-113.1388583,0,31,0,0,1,1,0,4,1,1,0,1,0,0000000,18,13,18,26,88,88,0,0,0,1,1
30,300085,1,1,0,0,0,1,1,87,0,30,6,2012,7,12,10,1,1,1,I-94,,890,46.25306389,-106.7873806,0,1,0,0,1,1,0,1,1,1,0,1,0,0000000,12,19,12,24,12,43,0,0,0,1,0
30,300086,1,1,0,0,0,2,2,63,0,1,7,2012,1,23,3,1,1,1,I-90 E,,935,46.97918333,-114.1724472,0,31,0,0,1,1,0,3,2,1,0,1,0,0000000,23,11,23,29,23,57,0,0,0,1,1
30,300087,1,1,0,0,0,1,1,63,0,3,7,2012,3,13,24,1,11,1,I-90,,1081,46.87115278,-113.9347472,0,1,0,0,1,1,0,3,1,1,0,1,0,0000000,13,26,13,32,88,88,0,0,0,1,0
30,300088,3,3,0,0,0,4,4,67,0,3,7,2012,3,15,12,1,2,2,US-89,,507,45.61103333,-110.5770667,0,12,1,0,8,1,0,1,1,1,0,1,0,0000000,15,17,15,20,15,36,14,0,0,1,0
30,300089,1,1,0,0,0,2,2,41,0,4,7,2012,4,2,0,0,9,4,CR-82ND AVENUE WEST,,0,48.51396389,-109.8006222,0,1,0,0,1,1,0,4,2,1,0,1,0,0000000,2,25,2,38,3,14,0,0,0,1,1
30,300090,1,1,0,0,0,1,1,89,0,4,7,2012,4,21,0,0,6,5,BENCH ROAD,,0,47.30888611,-114.3183444,3,38,0,0,1,1,0,4,5,1,0,1,0,0000000,88,88,88,88,88,88,0,0,0,1,1
30,300091,2,2,0,0,0,4,4,31,0,5,7,2012,5,15,58,0,6,5,LOVE LANE,BAXTER LANE,0,45.70012778,-111.1449917,0,12,6,0,2,2,0,1,1,2,0,2,0,0000000,16,1,16,7,16,35,0,0,0,1,1
30,300092,1,1,0,0,0,2,2,9,0,5,7,2012,5,21,30,0,4,3,SR-308,,119,45.14941111,-109.0543722,0,1,0,0,1,1,0,1,5,1,0,1,0,0000000,21,38,22,2,22,45,0,0,0,1,1
30,300093,2,2,0,0,0,3,3,77,0,5,7,2012,5,23,45,1,2,2,US-12,,220,46.55675556,-112.4148417,0,12,6,0,1,1,0,1,2,10,0,10,0,0000000,23,57,0,50,1,56,0,0,0,2,2
30,300094,1,1,0,0,0,1,1,89,0,29,6,2012,6,23,55,0,4,3,SR-472,,24,47.83836944,-115.5726333,0,1,0,0,1,1,0,4,2,1,0,1,0,0000000,88,88,88,88,88,88,0,0,0,1,1
30,300095,1,1,0,0,0,2,2,41,0,7,7,2012,7,5,27,0,4,4,CR-ROCKY BOY ROAD,,0,48.36270278,-109.8467278,3,53,0,0,1,1,0,4,4,1,0,1,0,0000000,5,45,5,50,6,10,0,0,0,1,0
30,300096,1,1,0,0,0,3,3,111,0,7,7,2012,7,10,55,1,1,1,I-90,,4517,45.78850833,-108.4798306,0,1,0,0,1,1,0,1,1,1,0,1,0,0000000,11,7,11,16,11,27,0,0,0,2,0
30,300097,1,1,0,0,0,1,1,49,0,8,7,2012,1,10,15,1,11,1,I-15,,1931,46.60409722,-112.0061278,0,30,0,1,5,1,0,8,1,1,0,1,0,0000000,10,16,10,21,10,41,0,0,0,1,0
30,300098,1,1,0,0,0,1,1,3,0,10,7,2012,3,18,15,1,1,1,I-90,,5469,45.09965556,-107.3478056,0,1,0,0,1,1,0,3,1,6,0,6,0,0000000,18,19,18,49,19,28,0,0,0,1,0
30,300099,2,2,0,0,0,7,7,89,0,14,7,2012,7,18,35,0,3,3,SR-200,,647,47.53925,-115.0753694,0,11,0,0,1,1,0,1,1,10,0,10,0,0000000,18,44,18,56,88,88,14,0,0,1,0
30,300100,1,1,0,0,0,1,1,57,0,17,7,2012,3,4,10,0,4,3,SR-287,,76,45.31746389,-111.84745,0,1,0,0,1,1,0,4,2,1,0,1,0,0000000,4,21,4,49,5,21,0,0,0,1,0
30,300101,2,2,0,0,0,3,3,77,0,19,7,2012,5,17,50,1,2,2,US-12,,19,46.53151111,-112.7651417,0,12,8,0,1,1,0,1,1,1,0,1,0,0000000,18,14,18,17,88,88,0,0,0,1,0
30,300102,1,1,0,0,0,1,1,3,0,22,7,2012,1,1,45,0,3,3,SR-47,,89,45.85948889,-107.6119444,0,35,0,0,1,1,0,4,2,10,0,10,0,0000000,1,55,2,8,88,88,0,0,0,1,1
30,300103,1,1,0,1,1,1,1,105,490,23,7,2012,2,16,9,0,6,6,6TH AVENUE SOUTH,7TH STREET SOUTH,0,48.191475,-106.6424278,0,9,0,0,2,2,0,1,1,1,0,1,0,0000000,16,14,16,16,16,22,0,0,0,1,0
30,300104,1,1,0,0,0,2,2,87,0,17,7,2012,3,19,55,0,3,3,SR-39,,70,45.71975556,-106.6686694,0,1,0,0,1,1,0,4,1,1,0,1,0,0000000,20,15,20,22,20,51,0,0,0,1,1