STATE,ST_CASE,VE_TOTAL,VE_FORMS,PVH_INVL,PEDS,PERNOTMVIT,PERMVIT,PERSONS,COUNTY,CITY,DAY,MONTH,YEAR,DAY_WEEK,HOUR,MINUTE,NHS,ROAD_FNC,ROUTE,TWAY_ID,TWAY_ID2,MILEPT,LATITUDE,LONGITUD,SP_JUR,HARM_EV,MAN_COLL,RELJCT1,RELJCT2,TYP_INT,WRK_ZONE,REL_ROAD,LGT_COND,WEATHER1,WEATHER2,WEATHER,SCH_BUS,RAIL,NOT_HOUR,NOT_MIN,ARR_HOUR,ARR_MIN,HOSP_HR,HOSP_MN,CF1,CF2,CF3,FATALS,DRUNK_DR
30,300105,1,1,0,0,0,1,1,89,0,26,7,2012,5,20,0,0,3,3,SR-200,,247,47.88894722,-115.6622694,0,11,0,0,1,1,0,1,1,1,0,1,0,0000000,19,18,19,52,20,52,0,0,0,1,0
30,300106,1,1,0,0,0,1,1,31,0,27,7,2012,6,2,30,0,6,4,CR-DURSTON ROAD,,0,45.68576944,-111.1192028,0,59,0,0,1,1,0,5,2,10,0,10,0,0000000,3,56,4,4,88,88,0,0,0,1,1
30,300107,1,1,0,0,0,2,2,59,0,28,7,2012,7,17,45,0,3,2,US-89,,259,46.80550833,-110.7058667,0,1,0,0,1,1,0,4,1,10,0,10,0,0000000,18,32,19,10,19,57,0,0,0,1,0
30,300108,1,1,0,0,0,2,2,5,0,29,7,2012,1,5,30,1,2,2,US-2,,3947,48.58608333,-109.4269389,0,35,0,0,1,1,0,4,4,1,0,1,0,0000000,5,57,6,1,6,41,0,0,0,1,1
30,300109,2,2,0,0,0,3,3,111,0,1,8,2012,4,3,24,0,13,2,US-87/MAIN ST,,0,45.80204167,-108.4792139,0,12,2,0,1,1,0,1,2,1,0,1,0,0000000,3,20,3,25,99,99,0,0,0,1,1
30,300110,1,1,0,0,0,1,1,13,0,2,8,2012,5,17,10,0,2,3,SR-227,,24,47.44783889,-111.1505167,0,1,0,0,1,1,0,1,1,10,0,10,0,0000000,17,13,17,27,88,88,0,0,0,1,0
30,300111,1,1,0,0,0,1,1,61,0,3,8,2012,6,19,15,1,1,1,I-90,,659,47.01908333,-114.6608083,0,52,0,0,1,1,0,3,1,1,0,1,0,0000000,19,29,19,40,20,30,0,0,0,1,0
30,300112,1,1,0,0,0,1,1,13,0,5,8,2012,1,21,0,0,6,4,CR-FLOOD ROAD,,0,47.43004444,-111.3784556,0,1,0,0,1,1,0,4,2,1,0,1,0,0000000,21,6,21,23,21,46,0,0,0,1,1
30,300113,1,1,0,0,0,6,6,57,0,4,8,2012,7,20,25,0,5,4,CR- BEAR CREEK LOOP,,0,45.18184167,-111.6170139,0,1,0,0,1,1,0,4,1,1,0,1,0,0000000,20,28,21,1,88,88,0,0,0,1,1
30,300114,3,3,0,0,0,6,6,63,0,5,8,2012,1,4,27,1,1,1,I-90,,1207,46.78347222,-113.7159028,0,12,8,0,1,1,0,1,2,1,0,1,0,0000000,4,30,4,44,5,26,14,0,0,2,1
30,300115,2,2,0,0,0,3,3,47,0,6,8,2012,2,6,22,1,2,2,US-93,,261,47.26119444,-114.1681167,0,12,2,0,1,1,0,1,4,1,0,1,0,0000000,6,25,6,36,7,29,0,0,0,1,0
30,300116,1,1,0,0,0,3,3,111,0,7,8,2012,3,23,55,1,1,1,I-94,,439,46.10261111,-107.6090639,0,1,0,0,1,1,0,1,2,1,0,1,0,0000000,23,59,0,35,1,18,0,0,0,1,1
30,300117,1,1,0,0,0,1,1,53,0,12,7,2012,5,22,5,0,4,3,SR-260,,12,48.40787778,-115.5671944,0,1,0,0,1,1,0,1,2,1,0,1,0,0000000,22,6,22,16,22,36,0,0,0,1,0
30,300118,1,1,0,0,0,1,1,29,0,7,7,2012,7,21,20,0,6,5,LEWIS LANE,,0,48.33076111,-114.19825,0,38,0,0,1,1,0,4,1,10,0,10,0,0000000,21,22,21,28,22,9,0,0,0,1,0
30,300119,1,1,0,0,0,4,4,105,0,8,8,2012,4,18,40,0,4,3,SR-537,,10,48.40488056,-107.0895056,0,31,0,0,1,1,0,4,1,1,0,1,0,0000000,18,45,19,0,19,35,0,0,0,1,0
30,300120,1,1,0,0,0,4,4,9,0,12,8,2012,1,19,30,0,5,4,CR-EDGAR ROAD,,0,45.46059167,-108.7659528,0,17,0,0,1,1,0,4,1,1,0,1,0,0000000,19,42,20,8,21,27,0,0,0,1,1
30,300121,2,2,0,0,0,4,4,67,0,14,8,2012,3,10,55,1,2,2,US-89,GREY OWL FISHING ACCESS,320,45.39679722,-110.7081333,0,12,6,0,3,3,0,1,1,1,0,1,0,0000000,10,57,99,99,11,40,0,0,0,1,0
30,300122,1,1,0,0,0,1,1,1,0,16,8,2012,5,8,22,1,1,1,I-15,,516,45.08494444,-112.783675,0,1,0,0,1,1,0,3,1,1,0,1,0,0000000,8,26,8,37,8,53,0,0,0,1,0
30,300123,1,1,0,0,0,1,1,31,0,17,8,2012,6,8,16,0,4,4,CR-BIG SKY SPUR ROAD,,60,45.27797778,-111.3514861,0,42,0,0,1,1,0,5,1,10,0,10,0,0000000,8,99,8,99,88,88,0,0,0,1,0
30,300124,1,1,0,0,0,1,1,41,0,17,8,2012,6,20,30,0,4,4,CR-LOWER BOX ELDER ROAD,,0,48.30607778,-109.9104889,0,1,0,0,1,1,0,4,1,1,0,1,0,0000000,20,33,20,42,88,88,0,0,0,1,1
30,300125,2,2,0,0,0,3,3,49,0,22,8,2012,4,16,30,1,2,3,SR-200,,674,46.93653056,-112.7581611,0,12,2,0,1,1,0,1,1,1,0,1,0,0000000,16,35,16,99,99,99,0,0,0,1,0
30,300126,1,1,0,0,0,1,1,29,0,24,8,2012,6,1,54,0,5,4,CR-PLEASANT VALLEY DRIVE,,40,48.13347778,-114.7091972,0,1,0,0,1,1,0,1,2,1,0,1,0,0000000,1,56,2,12,88,88,0,0,0,1,1
30,300127,1,1,0,0,0,1,1,53,0,23,8,2012,5,9,46,0,3,3,SR-37,,110,48.362275,-115.3844778,0,31,0,0,1,1,0,4,1,1,0,1,0,0000000,9,47,10,0,88,88,0,0,0,1,0
30,300128,1,1,0,0,0,4,4,3,0,25,8,2012,7,2,40,0,4,3,SR-313,,347,45.35454722,-107.8024278,3,35,0,0,1,1,0,4,2,10,0,10,0,0000000,2,45,3,18,99,99,0,0,0,2,1
30,300129,1,1,0,0,0,2,2,1,0,25,8,2012,7,16,15,0,5,4,CR-LOWER NORTH FORK ROAD,,50,45.69544444,-113.4690528,0,1,0,0,1,1,0,4,1,1,0,1,0,0000000,16,24,16,33,19,4,0,0,0,1,0
30,300130,1,1,0,0,0,1,1,29,0,26,8,2012,1,2,3,1,2,2,US-2,,1143,48.16135,-114.4340944,0,1,0,0,1,1,0,4,2,1,0,1,0,0000000,2,12,2,19,88,88,0,0,0,1,1
30,300131,2,2,0,1,1,4,4,29,0,26,8,2012,1,22,20,1,2,2,US-93,,1069,48.13543611,-114.2737028,0,8,0,0,1,1,0,1,2,1,0,1,0,0000000,22,29,22,39,23,17,0,0,0,1,0
30,300132,2,2,0,0,0,2,2,111,0,27,8,2012,2,20,35,0,4,4,CR-72ND STREET WEST,CR-LAUREL-AIRPORT ROAD,0,45.69716111,-108.6992167,0,12,6,0,2,2,0,1,2,10,0,10,0,0000000,20,40,20,48,88,88,0,0,0,1,1
30,300133,1,1,0,0,0,1,1,85,0,27,8,2012,2,16,2,0,4,3,SR-343,,0,48.15855,-104.9336694,3,35,0,0,1,1,0,4,1,1,0,1,0,0000000,88,88,88,88,88,88,0,0,0,1,1
30,300134,1,1,0,0,0,2,2,83,0,29,8,2012,4,2,30,0,3,3,SR-200,,600,47.81634444,-104.0836694,0,35,0,0,1,1,0,5,2,1,0,1,0,0000000,2,54,3,6,3,39,0,0,0,1,1
30,300135,1,1,0,0,0,1,1,87,0,30,8,2012,5,2,25,0,3,3,SR-39,,260,45.92684167,-106.6485806,0,1,0,0,1,1,0,4,2,1,0,1,0,0000000,2,43,2,57,88,88,0,0,0,1,1
30,300136,2,2,0,0,0,2,2,9,0,1,9,2012,7,13,5,0,3,2,US-212,,0,45.07823333,-109.379325,0,12,6,0,1,1,0,1,1,1,0,1,0,0000000,99,99,99,99,99,99,0,0,0,1,0
30,300137,5,5,0,0,0,8,8,67,0,2,9,2012,1,18,6,0,3,3,SR-86,,360,45.99717222,-110.6906611,0,12,2,0,1,1,0,1,1,1,0,1,0,0000000,18,8,18,35,88,88,0,0,0,2,4
30,300138,1,1,0,0,0,1,1,111,0,29,6,2012,6,14,18,0,6,5,JACK STREET,,0,45.72549722,-108.5438583,0,43,0,0,1,1,0,5,1,1,0,1,0,0000000,14,23,14,31,88,88,0,0,0,1,0
30,300139,2,2,0,0,0,6,6,61,0,30,8,2012,5,17,50,1,1,1,I-90 E,,349,47.28403333,-115.0796972,0,12,1,0,5,1,0,1,1,1,0,1,0,0000000,17,56,18,10,18,28,0,0,0,1,0
30,300140,2,2,0,0,0,2,2,31,130,10,7,2012,3,17,11,0,2,3,SR-86 (BRIDGER DRIVE),,0,45.70273611,-111.0156583,0,12,6,0,8,1,0,1,1,1,0,1,0,0000000,17,11,17,16,17,45,0,0,0,1,0
30,300141,2,2,0,0,0,2,2,47,0,8,9,2012,7,11,0,1,2,2,US-93,,371,47.38603333,-114.0967472,0,12,2,0,1,1,0,1,1,5,0,5,0,0000000,11,1,11,8,11,29,0,0,0,1,0
30,300142,2,2,0,0,0,5,5,89,0,8,9,2012,7,23,30,0,4,3,SR-471,,5,47.59892778,-115.3774472,0,12,2,0,1,1,0,1,2,1,0,1,0,0000000,23,38,23,49,0,39,0,0,0,2,1
30,300143,2,2,0,0,0,3,3,47,0,13,9,2012,5,14,20,1,2,2,US-93,,250,47.25488611,-114.1716306,3,12,2,0,1,1,0,1,1,1,0,1,0,0000000,14,25,14,34,15,0,0,0,0,1,0
30,300144,1,1,0,0,0,2,2,73,0,13,9,2012,5,16,55,1,1,1,I-15,,3483,48.30753056,-111.9364444,0,21,0,1,19,1,0,8,1,1,0,1,0,0000000,17,1,17,25,17,50,0,0,0,1,0
30,300145,2,2,0,0,0,3,3,111,100,15,9,2012,7,14,6,0,16,5,13TH ST. WEST,AVENUE D,0,45.78696111,-108.5485833,0,12,6,0,2,2,0,1,1,1,0,1,0,0000000,14,7,14,13,14,36,0,0,0,1,0
30,300146,1,1,0,0,0,3,3,79,0,16,9,2012,1,18,25,0,4,4,CR- TEN MILE ROAD,,0,46.77170278,-105.3025806,0,1,0,0,1,1,0,1,1,1,0,1,0,0000000,18,28,18,36,99,99,0,0,0,1,1
30,300147,1,1,0,0,0,1,1,63,0,8,9,2012,7,0,50,0,4,3,SR-474,,6,46.96510833,-114.1851972,0,24,0,0,1,1,0,4,2,1,0,1,0,0000000,88,88,88,88,88,88,0,0,0,1,1
30,300148,1,1,0,0,0,2,2,95,0,18,9,2012,3,7,25,1,1,1,I-90,,3920,45.70508889,-109.54185,0,31,0,1,19,1,0,3,1,1,0,1,0,0000000,7,35,7,54,88,88,0,0,0,2,0
30,300149,1,1,0,0,0,2,2,87,0,19,9,2012,4,2,26,0,9,4,CR- BIRNEY ROAD,,130,45.54051944,-106.3257472,0,59,0,0,1,1,0,4,2,1,0,1,0,0000000,2,10,2,27,99,99,0,0,0,1,1
30,300150,3,3,0,0,0,4,4,93,0,23,8,2012,5,22,14,0,13,3,SR-2,ROOSEVELT AVENUE,0,45.98000833,-112.5082028,0,12,6,0,2,2,0,1,2,1,0,1,0,0000000,22,16,22,20,22,43,0,0,0,1,0
30,300151,2,2,0,0,0,2,2,73,0,23,9,2012,1,17,58,0,3,2,US-89,,696,48.14296389,-112.4079694,0,12,2,0,1,1,0,1,1,5,0,5,0,0000000,17,59,18,22,19,18,0,0,0,1,0
30,300152,1,1,0,0,0,1,1,105,0,21,9,2012,6,11,40,1,2,2,US-2,,5470,48.16463056,-106.5371528,0,1,0,0,1,1,0,1,1,1,0,1,0,0000000,11,42,11,52,88,88,0,0,0,1,0
30,300153,2,2,0,0,0,4,4,47,0,26,9,2012,4,1,24,1,2,2,US-93,,152,47.14040278,-114.0439306,3,12,1,0,1,1,0,1,2,1,0,1,0,0000000,1,29,1,38,1,41,0,0,0,1,1
30,300154,1,1,0,0,0,9,9,61,0,26,9,2012,4,7,58,1,1,1,I-90,,466,47.19621667,-114.9111583,0,1,0,0,1,1,0,4,1,1,0,1,0,0000000,99,99,8,12,8,27,0,0,0,1,0
30,300155,2,2,0,0,0,4,4,27,0,28,9,2012,6,8,50,1,2,2,US-87,,797,47.05549167,-109.4764444,0,24,0,0,1,1,0,4,1,1,0,1,0,0000000,8,51,8,56,9,27,0,0,0,1,0
30,300156,2,2,0,0,0,4,4,63,0,28,9,2012,6,23,37,1,2,3,SR-200,,65,46.90011389,-113.7566556,0,12,2,0,1,1,0,1,2,1,0,1,0,0000000,23,42,23,57,0,28,0,0,0,1,1
30,300157,1,1,0,0,0,1,1,67,0,29,9,2012,7,23,7,0,6,5,BRACKETT CREEK ROAD,,0,45.87263056,-110.6482361,0,1,0,0,1,1,0,4,2,1,0,1,0,0000000,11,5,11,20,88,88,0,0,0,1,1
30,300158,1,1,0,0,0,1,1,75,0,1,10,2012,2,5,40,1,2,2,US-212,,683,45.56773889,-106.1562222,0,31,0,0,1,1,0,4,2,1,0,1,0,0000000,5,52,99,97,99,97,0,0,0,1,0
30,300159,1,1,0,0,0,3,3,17,0,1,10,2012,2,18,13,1,2,1,I-94,,1368,46.38226111,-105.8511944,0,1,0,0,1,1,0,1,1,1,0,1,0,0000000,18,12,18,13,18,32,0,0,0,1,0
30,300160,1,1,0,0,0,1,1,11,0,3,10,2012,4,2,15,0,4,3,SR-323,,720,45.02549722,-104.411525,0,1,0,0,1,1,0,4,2,10,0,10,0,0000000,7,45,8,15,88,88,0,0,0,1,1
30,300161,1,1,0,1,1,3,3,35,0,4,10,2012,5,20,17,1,2,2,US-2,,2218,48.54099722,-113.0045139,3,8,0,0,1,1,0,1,2,1,0,1,0,0000000,20,30,20,33,88,88,0,0,0,1,0
30,300162,1,1,0,0,0,1,1,47,0,6,10,2012,7,17,27,0,6,5,VALLEY VIEW ROAD,,0,47.62049722,-114.2844444,3,38,0,0,1,1,0,5,1,1,0,1,0,0000000,17,24,17,37,18,18,0,0,0,1,1
30,300163,2,2,0,0,0,6,6,89,0,7,10,2012,1,10,25,0,3,3,SR-28,,172,47.58225833,-114.6260361,3,12,2,0,1,1,0,1,1,1,0,1,0,0000000,10,43,10,49,11,56,0,0,0,1,0
30,300164,1,1,0,0,0,4,4,3,0,7,10,2012,1,15,30,0,4,3,SR-313,,268,45.41823333,-107.7220083,3,31,0,0,1,1,0,4,1,1,0,1,0,0000000,16,2,16,26,16,58,0,0,0,1,1
30,300165,1,1,0,0,0,2,2,81,0,9,10,2012,3,0,45,0,4,3,SR-473,,87,45.86756667,-114.2071444,0,31,0,0,1,1,0,4,2,1,0,1,0,0000000,3,18,3,33,5,15,0,0,0,1,1
30,300166,1,1,0,0,0,2,2,35,0,18,10,2012,5,14,29,0,5,5,BIA ROUTE 1,,55,48.31594722,-112.9455528,3,1,0,0,1,1,0,4,1,1,0,1,0,0000000,14,30,14,51,15,20,0,0,0,1,1
30,300167,1,1,0,0,0,1,1,43,0,20,10,2012,7,2,50,1,1,1,I-15,,1433,46.16485833,-112.3764333,0,25,0,0,1,1,0,3,2,2,0,2,0,0000000,2,52,3,22,88,88,0,0,0,1,1
30,300168,1,1,0,0,0,1,1,91,0,20,10,2012,7,3,0,0,3,4,CR-SHIPPE CANYON ROAD,,0,48.75491944,-104.5534083,0,35,0,0,1,1,0,4,2,1,0,1,0,0000000,12,37,12,44,88,88,0,0,0,1,1
30,300169,1,1,0,0,0,2,2,13,0,27,10,2012,7,7,58,1,1,1,I-15,,2948,47.61579444,-111.5766194,0,1,0,0,1,1,0,4,1,10,0,10,0,0000000,7,58,8,19,9,7,0,0,0,1,0
30,300170,2,2,0,0,0,2,2,45,0,26,10,2012,6,20,45,1,2,2,US-87,,237,47.23564444,-110.4587722,0,12,6,0,1,1,0,1,2,1,0,1,0,0000000,20,58,21,14,99,99,0,0,0,1,0
30,300171,1,1,0,0,0,1,1,81,0,3,11,2012,7,13,59,0,4,3,SR-269,,133,46.41629444,-114.0964278,0,31,0,0,1,1,0,4,1,99,0,99,0,0000000,13,57,14,2,88,88,0,0,0,1,1
30,300172,1,1,0,0,0,2,2,7,0,4,11,2012,1,15,25,0,3,2,US-12,,30,46.32079444,-111.4413028,0,59,0,0,1,1,0,4,1,10,0,10,0,0000000,15,24,15,35,15,54,0,0,0,1,0
30,300173,1,1,0,0,0,3,3,109,0,9,11,2012,6,8,40,1,1,1,I-94,,2449,46.97286111,-104.1347944,0,1,0,0,1,1,0,4,1,3,6,3,0,0000000,8,40,8,45,99,99,0,0,0,2,1
30,300174,1,1,0,0,0,1,1,53,0,11,11,2012,1,20,10,0,3,3,SR-56,,265,48.34051111,-115.8470833,0,1,0,0,1,1,0,4,2,10,0,10,0,0000000,20,17,20,26,88,88,0,0,0,1,1
30,300175,1,1,0,0,0,2,2,29,0,12,11,2012,2,17,10,1,2,2,US-2,,1646,48.43433056,-113.8012361,0,24,0,0,1,1,0,4,2,4,10,4,0,0000000,17,31,17,55,99,99,0,0,0,1,0
30,300176,1,1,0,1,1,1,1,93,0,13,11,2012,3,18,10,1,1,1,I-15 N,,1170,45.95383333,-112.6647889,0,8,0,0,1,1,0,1,2,10,0,10,0,0000000,18,14,18,26,88,88,0,0,0,1,0
30,300177,2,2,0,0,0,3,3,3,0,16,11,2012,6,16,45,0,4,3,SR-451,,110,45.36803889,-107.3822972,3,12,2,0,1,1,0,1,5,10,0,10,0,0000000,16,46,16,59,17,51,0,0,0,2,0
30,300178,1,1,0,0,0,4,4,85,0,22,11,2012,5,15,57,1,2,2,US-2,,6086,48.12098333,-105.2649278,3,31,0,0,1,1,0,4,1,10,0,10,0,0000000,16,5,16,13,16,27,0,0,0,1,0
30,300179,2,2,0,0,0,3,3,57,0,23,11,2012,6,6,10,0,3,3,SR-41,,260,45.53191389,-112.3549028,0,12,6,0,4,1,0,1,2,10,0,10,0,0000000,6,17,6,38,7,16,0,0,0,1,0
30,300180,1,1,0,0,0,1,1,7,0,27,11,2012,3,11,14,0,6,5,LITTLE COTTONWOOD ROAD,,0,46.369275,-111.3061833,0,1,0,0,1,1,0,1,1,1,0,1,0,0000000,15,35,15,56,88,88,7,0,0,1,0
30,300181,2,2,0,0,0,2,2,111,0,30,11,2012,6,17,0,1,2,2,US-87,SHEPARD ACTON ROAD,120,45.94335278,-108.4674361,0,12,6,0,2,2,0,1,2,10,0,10,0,0000000,17,0,17,12,88,88,0,0,0,1,1
30,300182,1,1,0,0,0,1,1,77,0,2,12,2012,1,4,35,1,2,2,US-12,,146,46.58712222,-112.5575278,0,43,0,0,1,1,0,4,2,3,0,3,0,0000000,5,53,6,0,88,88,0,0,0,1,1
30,300183,2,2,0,0,0,2,2,83,0,2,12,2012,1,6,20,0,4,3,SR-201,,367,47.867625,-104.7420306,0,12,2,0,1,1,0,1,2,1,0,1,0,0000000,6,24,6,50,7,48,0,0,0,1,1
30,300184,1,1,0,0,0,1,1,43,0,9,12,2012,1,1,30,1,1,1,I-90,,2575,45.87489722,-111.9317917,0,31,0,0,1,1,0,4,2,10,0,10,0,0000000,3,42,3,58,4,41,0,0,0,1,1
30,300185,1,1,0,0,0,1,1,29,1240,16,12,2012,1,2,45,1,2,2,US-93,COMMERCE STREET,0,48.39535833,-114.3354556,0,46,0,0,2,2,0,4,3,10,0,10,0,0000000,0,0,0,0,0,0,0,0,0,1,1
30,300186,1,1,0,0,0,1,1,111,0,16,12,2012,1,3,5,0,4,5,64TH ST WEST,,0,45.69694167,-108.678575,0,31,0,0,1,1,0,5,2,1,0,1,0,0000000,88,88,88,88,88,88,0,0,0,1,1
30,300187,1,1,0,0,0,4,4,3,0,17,12,2012,2,9,0,1,1,1,I-90,CR-47 (3RD ST),4976,45.74048333,-107.5819972,0,35,0,1,3,3,0,4,1,10,0,10,0,0000000,9,4,9,9,9,42,0,0,0,1,1
30,300188,1,1,0,0,0,1,1,9,0,17,12,2012,2,21,16,0,6,5,COAL CREEK ROAD,,24,45.52192222,-108.961375,0,35,0,0,1,1,0,4,2,10,0,10,0,0000000,21,26,21,42,23,2,0,0,0,1,0
30,300189,2,2,0,0,0,6,6,53,0,20,12,2012,5,14,42,1,2,2,US-2,,221,48.45013889,-115.7475472,0,12,6,0,1,1,0,1,1,4,0,4,0,0000000,14,46,15,2,15,36,0,0,0,1,0
30,300190,1,1,0,0,0,1,1,49,590,31,12,2012,2,19,57,1,2,2,US-12,I-15,0,46.59130278,-111.9953583,0,33,0,1,5,1,0,8,2,10,0,10,0,0000000,19,59,20,5,20,23,0,0,0,1,1
30,300191,1,1,0,1,1,1,1,87,0,23,10,2012,3,3,58,0,3,3,SR-39,,20,45.64937778,-106.6873583,3,8,0,0,1,1,0,1,2,2,0,2,0,0000000,4,1,99,99,88,88,0,0,0,1,0
30,300192,1,1,0,0,0,4,4,87,0,2,10,2012,3,12,0,0,6,4,CR-LITTLE COYOTE ROAD,,0,45.60079722,-106.5280583,3,1,0,0,1,1,0,4,1,1,0,1,0,0000000,12,27,12,39,13,24,0,0,0,1,1
31,310001,1,1,0,0,0,1,1,133,0,1,1,2012,1,99,99,0,3,3,SR-8,,932,40.04382222,-96.46196111,0,32,0,0,1,1,0,4,2,1,0,1,0,0000000,88,88,88,88,88,88,0,0,0,1,1
31,310002,1,1,0,1,1,2,2,55,3620,4,1,2012,4,15,33,0,16,6,36TH ST,,0,41.19496389,-95.96734167,0,8,0,0,1,1,0,1,1,10,0,10,0,0000000,99,99,99,99,99,99,0,0,0,1,0
31,310003,2,2,0,0,0,2,2,55,0,6,1,2012,6,18,18,0,6,4,CR-HARRISON ST,CR-139TH AVE,0,41.19036667,-96.131725,0,12,6,0,2,2,0,1,3,10,0,10,0,0000000,88,88,88,88,88,88,0,0,0,1,1
31,310004,1,1,0,0,0,2,2,89,0,7,1,2012,7,1,26,0,6,4,CR-491ST AVE,CR-852ND RD,0,42.17543333,-98.67016667,0,1,0,0,3,3,0,4,2,1,0,1,0,0000000,99,99,99,99,99,99,0,0,0,1,1
31,310005,1,1,0,0,0,3,3,157,0,7,1,2012,7,21,59,1,2,2,US-26,,161,41.92569722,-103.760925,0,1,0,0,1,1,0,1,5,1,0,1,0,0000000,99,99,99,99,99,99,0,0,0,1,0
31,310006,1,1,0,0,0,1,1,157,1990,11,1,2012,4,15,21,0,13,6,10TH ST,,0,41.83073056,-103.6603306,0,10,0,0,6,1,0,1,1,1,0,1,0,815872T,88,88,88,88,88,88,0,0,0,1,0
31,310007,2,2,0,0,0,4,4,21,0,11,1,2012,4,22,20,1,2,2,US-77,,1481,41.92095833,-96.46304722,0,12,6,0,1,1,0,1,2,1,0,1,0,0000000,99,99,99,99,99,99,0,0,0,1,1
31,310008,2,2,0,0,0,2,2,109,2830,12,1,2012,5,11,8,1,13,2,US-6,,3122,40.813875,-96.73616389,0,12,2,0,1,1,0,1,1,10,0,10,0,0000000,88,88,88,88,88,88,0,0,0,1,0
31,310009,1,1,0,0,0,1,1,119,0,13,1,2012,6,99,99,0,4,3,SR-32,,378,41.82974722,-97.40257778,0,31,0,0,1,1,0,4,2,1,0,1,0,0000000,88,88,88,88,88,88,0,0,0,1,1
31,310010,1,1,0,0,0,1,1,49,0,14,1,2012,7,18,48,0,6,4,CR-203,,0,41.18261944,-102.110075,0,1,0,0,1,1,0,4,2,1,0,1,0,0000000,99,99,99,99,99,99,0,0,0,1,1
31,310011,1,1,0,0,0,1,1,109,0,18,1,2012,4,9,0,0,6,4,CR-SW98TH ST,,0,40.74336389,-96.85337778,0,42,0,0,1,1,0,4,1,1,0,1,0,0000000,88,88,88,88,88,88,0,0,0,1,1
31,310012,1,1,0,0,0,5,5,89,0,20,1,2012,6,23,44,0,5,4,CR-883RD RD,,0,42.62455556,-98.76415,0,35,0,0,1,1,0,4,2,1,0,1,0,0000000,99,99,99,99,99,99,0,0,0,1,1
31,310013,1,1,0,0,0,1,1,185,0,25,1,2012,4,20,12,1,1,1,I-80,,3624,40.82072778,-97.41529167,0,32,0,0,1,1,0,3,2,1,0,1,0,0000000,99,99,99,99,99,99,0,0,0,1,0
31,310014,1,1,0,0,0,1,1,19,0,25,1,2012,4,20,43,0,4,4,CR-EVERGREEN RD,,0,40.69415,-99.19799722,0,10,0,0,6,1,0,1,2,1,0,1,0,816996P,88,88,88,88,88,88,0,0,0,1,0
31,310015,1,1,0,0,0,1,1,55,3620,26,1,2012,5,23,20,0,14,6,Q STREET,156TH STREET,0,41.20552222,-96.15797222,0,33,0,0,2,2,0,4,3,1,0,1,0,0000000,88,88,88,88,88,88,0,0,0,1,1
31,310016,1,1,0,0,0,4,4,141,0,28,1,2012,7,2,33,1,2,2,US-30,,3806,41.43846944,-97.31099722,0,31,0,0,1,1,0,3,3,1,0,1,0,0000000,99,99,99,99,99,99,0,0,0,2,1
31,310017,2,2,0,0,0,2,2,19,0,30,1,2012,2,12,2,0,4,4,CR-RAVENNA ROAD,CR-235TH ROAD,0,40.90181111,-98.91269444,0,12,6,0,2,2,0,1,1,1,0,1,0,0000000,99,99,99,99,99,99,0,0,0,1,0
31,310018,2,2,0,0,0,2,2,141,1100,30,1,2012,2,14,30,1,13,2,US-30,10TH AVE,3808,41.43856389,-97.33936389,0,12,6,0,2,2,0,1,1,1,0,1,0,0000000,99,99,99,99,99,99,0,0,0,1,0
31,310019,1,1,0,0,0,1,1,145,0,31,1,2012,3,23,40,1,2,2,US-30,CR-RD 407,1094,40.26616111,-100.2409417,0,35,0,0,3,3,0,4,2,1,0,1,0,0000000,88,88,88,88,88,88,0,0,0,1,0
31,310020,2,2,0,0,0,3,3,55,3620,31,1,2012,3,18,20,1,11,1,I-680,,21,41.24709444,-96.08510278,0,12,6,0,1,1,0,1,3,1,0,1,0,0000000,99,99,99,99,99,99,0,0,0,1,1
31,310021,2,2,0,0,0,4,4,55,3620,3,2,2012,6,16,56,1,11,1,I-480,MARTHA STREET,7,41.23901111,-95.95309444,0,12,6,1,2,2,0,1,3,2,10,2,0,0000000,99,99,99,99,99,99,0,0,0,1,1
31,310022,2,2,0,0,0,3,3,79,2090,6,2,2012,2,9,35,1,13,2,US-281,13TH STREET,705,40.93145833,-98.38335278,0,12,6,0,2,2,0,1,1,1,0,1,0,0000000,99,99,99,99,99,99,0,0,0,1,0
31,310023,1,1,0,0,0,1,1,69,0,6,2,2012,2,23,6,0,6,4,CR-COUNTY ROAD 58,,0,41.412775,-102.363025,0,43,0,0,1,1,0,4,2,1,0,1,0,0000000,99,99,99,99,99,99,0,0,0,1,1
31,310024,1,1,0,1,1,1,1,55,3620,9,2,2012,5,18,50,0,16,6,LEAVENWORTH ST,38TH ST,0,41.25228889,-95.97038889,0,8,0,0,3,2,0,1,3,10,0,10,0,0000000,99,99,99,99,99,99,0,0,0,1,0
31,310025,2,2,0,0,0,4,4,47,0,10,2,2012,6,19,55,1,1,1,I-80,,2241,40.86196944,-100.0260528,0,12,7,0,1,1,0,1,2,1,0,1,0,0000000,99,99,99,99,99,99,0,0,0,1,0
31,310026,2,2,0,0,0,3,3,79,0,10,2,2012,6,16,20,1,2,2,US-34,SHADY BEND RD,2350,40.88665833,-98.30142778,0,12,6,0,2,2,0,1,1,1,0,1,0,0000000,99,99,99,99,99,99,0,0,0,1,0
31,310027,2,2,0,0,0,6,6,109,0,17,2,2012,6,15,10,1,2,2,US-77,SR-S55E,770,40.98716389,-96.641975,0,12,6,0,2,2,0,1,1,1,0,1,0,0000000,99,99,99,99,99,99,0,0,0,1,1