STATE,ST_CASE,VE_TOTAL,VE_FORMS,PVH_INVL,PEDS,PERNOTMVIT,PERMVIT,PERSONS,COUNTY,CITY,DAY,MONTH,YEAR,DAY_WEEK,HOUR,MINUTE,NHS,ROAD_FNC,ROUTE,TWAY_ID,TWAY_ID2,MILEPT,LATITUDE,LONGITUD,SP_JUR,HARM_EV,MAN_COLL,RELJCT1,RELJCT2,TYP_INT,WRK_ZONE,REL_ROAD,LGT_COND,WEATHER1,WEATHER2,WEATHER,SCH_BUS,RAIL,NOT_HOUR,NOT_MIN,ARR_HOUR,ARR_MIN,HOSP_HR,HOSP_MN,CF1,CF2,CF3,FATALS,DRUNK_DR
31,310028,1,1,0,0,0,4,4,107,0,24,2,2012,6,18,6,0,6,4,CR-550 AVE,CR-549 DR,0,42.49375278,-97.52445556,0,1,0,0,3,8,0,1,5,1,0,1,0,0000000,99,99,99,99,99,99,0,0,0,1,0
31,310029,2,2,0,0,0,2,2,55,3620,24,2,2012,6,16,59,0,16,6,HARRISON ST,116TH ST,0,41.19082778,-96.09128333,0,12,2,0,3,2,0,1,1,1,0,1,0,0000000,99,99,99,99,99,99,0,0,0,1,0
31,310030,1,1,0,0,0,3,3,93,0,27,2,2012,2,7,35,0,5,4,CR-18TH AVENUE,,0,41.29269444,-98.62150556,0,35,0,0,1,1,0,4,1,1,0,1,0,0000000,99,99,99,99,99,99,0,0,0,1,0
31,310031,1,1,0,0,0,1,1,111,0,28,2,2012,3,12,45,0,4,4,CR-HERSHEY-DICKENS ROAD,,0,41.11731667,-101.0019472,0,34,0,0,1,1,0,4,1,10,0,10,0,0000000,99,99,99,99,99,99,0,0,0,1,1
31,310032,1,1,0,0,0,1,1,55,3620,4,3,2012,1,7,48,1,12,2,US-75,,878,41.22006389,-95.95313611,0,25,0,0,1,1,0,4,1,1,0,1,0,0000000,99,99,99,99,99,99,0,0,0,1,1
31,310033,2,2,0,0,0,2,2,121,0,6,3,2012,3,14,7,1,2,2,US-30,,3362,41.097775,-98.03065278,0,12,2,0,1,1,0,1,1,1,0,1,0,0000000,99,99,99,99,99,99,0,0,0,1,0
31,310034,1,1,0,0,0,1,1,177,0,11,3,2012,1,99,99,0,6,4,CR-COUNTY ROAD 19,,0,41.44378056,-96.27104444,0,1,0,0,1,1,0,4,2,10,0,10,0,0000000,88,88,88,88,88,88,0,0,0,1,1
31,310035,2,2,0,0,0,3,3,111,0,14,3,2012,4,16,30,1,2,2,US-83,OPAL SPRINGS ROAD,557,40.74750556,-100.7241611,0,12,1,0,3,2,0,1,1,1,0,1,1,0000000,99,99,99,99,99,99,0,0,0,1,0
31,310036,1,1,0,0,0,1,1,155,0,16,3,2012,6,13,26,0,6,4,CR-COUNTY ROAD Y,,0,41.407925,-96.598875,0,1,0,0,1,1,0,1,1,1,0,1,0,0000000,88,88,88,88,88,88,0,0,0,1,0
31,310037,1,1,0,0,0,2,2,135,0,17,3,2012,7,1,0,0,6,4,CR-WEST 4TH STREET,,0,40.84314167,-101.7423722,0,34,0,0,1,1,0,4,2,1,0,1,0,0000000,99,99,99,99,99,99,0,0,0,2,0
31,310038,1,1,0,0,0,1,1,67,0,16,3,2012,6,15,0,0,4,4,CR-W HICKORY RD,,0,40.320925,-96.77040278,0,1,0,0,1,1,0,4,1,1,0,1,0,0000000,99,99,99,99,99,99,0,0,0,1,0
31,310039,2,2,0,0,0,4,4,101,0,22,3,2012,5,9,50,1,1,1,I-80,,1280,41.120625,-101.6650333,0,12,6,0,1,1,0,1,1,2,10,2,0,0000000,99,99,99,99,99,99,0,0,0,2,0
31,310040,1,1,0,0,0,2,2,87,0,24,3,2012,7,18,40,0,6,6,CR-SWANSON RESERVOIR,,0,40.17383611,-101.0976583,0,1,0,0,1,1,0,4,1,1,0,1,0,0000000,99,99,99,99,99,99,0,0,0,1,1
31,310041,1,1,0,0,0,2,2,95,0,28,3,2012,4,1,0,0,3,3,SR-8,,548,40.10628333,-97.14578056,0,1,0,0,1,1,0,4,2,1,0,1,0,0000000,88,88,88,88,88,88,0,0,0,2,1
31,310042,1,1,0,1,1,1,1,109,2830,29,3,2012,5,23,34,0,16,6,N ANTELOPE VALLEY PKWY,SAUNDERS ST,0,40.8365,-96.70128611,0,8,0,0,2,2,0,1,3,1,0,1,0,0000000,88,88,88,88,88,88,0,0,0,1,0
31,310043,1,1,0,0,0,4,4,19,0,30,3,2012,6,3,0,0,6,4,CR-CUSTER RD,CR-197TH RD,0,40.86599167,-99.32107778,0,1,0,0,2,3,0,4,2,1,0,1,0,0000000,99,99,99,99,99,99,0,0,0,1,1
31,310044,2,2,0,0,0,4,4,39,0,5,4,2012,5,17,51,0,4,3,SR-32,CR-COUNTY ROAD 12,685,41.82959722,-96.80642778,0,12,6,0,2,2,0,1,1,1,0,1,0,0000000,99,99,99,99,99,99,0,0,0,1,0
31,310045,1,1,0,0,0,1,1,27,0,7,4,2012,7,5,47,0,6,4,CR-891 RD,,0,42.742175,-97.19360556,0,1,0,0,1,1,0,4,2,1,0,1,0,0000000,99,99,99,99,99,99,0,0,0,1,1
31,310046,2,2,0,0,0,3,3,1,0,9,4,2012,2,16,10,0,6,4,CR-DLD ROAD,,0,40.58231111,-98.49859722,0,12,2,0,1,1,0,1,1,1,0,1,0,0000000,99,99,99,99,99,99,0,0,0,1,1
31,310047,1,1,0,0,0,1,1,153,0,15,4,2012,1,17,8,1,2,2,US-75,,815,41.14191111,-95.93991389,0,34,0,1,5,1,0,4,1,10,0,10,0,0000000,99,99,99,99,99,99,0,0,0,1,0
31,310048,1,1,0,0,0,2,2,157,0,16,4,2012,2,14,0,0,6,4,CR-SUGAR FACTORY ROAD,,0,41.99966667,-103.6202472,0,1,0,0,1,1,0,4,1,10,0,10,0,0000000,99,99,99,99,99,99,0,0,0,1,0
31,310049,2,2,0,0,0,2,2,37,0,20,4,2012,6,23,40,1,2,2,US-30,,3942,41.45344722,-97.10263056,0,12,6,0,1,1,0,1,3,1,0,1,0,0000000,88,88,88,88,88,88,0,0,0,1,0
31,310050,1,1,0,0,0,2,2,111,0,24,4,2012,3,16,15,0,6,4,CR-N PRAIRIE TRACE ROAD,,0,41.30665,-101.1725806,0,1,0,0,1,1,0,4,1,1,0,1,0,0000000,99,99,99,99,99,99,0,0,0,1,1
31,310051,3,3,0,0,0,3,3,1,0,24,4,2012,3,11,25,1,2,2,US-6,,2109,40.56790278,-98.4153,0,12,6,0,1,1,0,1,1,1,0,1,0,0000000,99,99,99,99,99,99,0,0,0,1,0
31,310052,1,1,0,0,0,2,2,151,1250,25,4,2012,4,3,0,0,14,6,IRIS AVENUE,E 13TH STREET,0,40.62503889,-96.94236667,0,5,0,0,2,2,0,1,3,1,0,1,0,0000000,88,88,88,88,88,88,0,0,0,1,1
31,310053,1,1,0,0,0,2,2,63,0,29,4,2012,1,20,0,0,3,3,SR-23,,944,40.64404167,-100.456875,0,58,0,0,1,1,0,4,1,1,0,1,0,0000000,99,99,99,99,99,99,0,0,0,1,1
31,310054,2,2,0,0,0,6,6,55,3620,28,4,2012,7,12,48,0,15,6,DECATUR ST,50TH ST,0,41.27619167,-95.99013056,0,12,6,0,2,2,0,1,1,1,0,1,0,0000000,99,99,99,99,99,99,0,0,0,1,0
31,310055,1,1,0,0,0,2,2,157,0,2,5,2012,4,17,50,0,6,4,CR-BN ROAD,,0,41.80098611,-103.4812889,0,34,0,0,1,1,0,4,1,10,0,10,0,0000000,99,99,99,99,99,99,0,0,0,1,1
31,310056,1,1,0,1,1,1,1,161,2050,10,1,2012,3,14,22,0,3,3,SR-27,,2219,42.80396111,-102.2032806,0,8,0,0,1,1,0,1,1,1,0,1,0,0000000,99,99,99,99,99,99,0,0,0,1,0
31,310057,2,2,0,0,0,2,2,139,0,6,5,2012,1,1,25,1,2,2,US-81,,1664,42.14940833,-97.42349722,0,12,2,0,1,1,0,1,2,1,0,1,0,0000000,99,99,99,99,99,99,0,0,0,1,1
31,310058,2,2,0,0,0,2,2,21,0,10,5,2012,5,11,10,1,2,2,US-77,,1354,41.74230556,-96.50167222,0,12,1,0,8,1,0,1,1,1,0,1,0,0000000,99,99,99,99,99,99,0,0,0,1,1
31,310059,1,1,0,0,0,1,1,29,0,21,5,2012,2,17,38,0,6,4,CR-OLD HIGHWAY 6TH,,0,40.43841111,-101.3840306,0,34,0,0,1,1,0,4,1,1,0,1,0,0000000,99,99,99,99,99,99,0,0,0,1,1
31,310060,2,2,0,0,0,5,5,55,3620,21,5,2012,2,17,39,0,13,6,72ND ST,S 70TH ST,0,41.20204444,-96.02371111,0,12,1,0,2,2,0,1,1,10,0,10,0,0000000,99,99,99,99,99,99,0,0,0,1,1
31,310061,1,1,0,0,0,1,1,109,0,26,5,2012,7,10,19,0,3,3,SR-33,,240,40.65369444,-96.72978056,0,35,0,0,1,1,0,4,1,1,0,1,0,0000000,99,99,99,99,99,99,0,0,0,1,0
31,310062,2,2,0,0,0,2,2,55,3620,23,5,2012,4,10,3,0,14,6,PACIFIC ST,157TH ST,0,41.24846667,-96.16016111,0,12,2,0,2,2,0,1,1,1,0,1,0,0000000,99,99,99,99,99,99,0,0,0,1,0
31,310063,1,1,0,0,0,1,1,69,0,26,5,2012,7,16,30,0,4,3,SR-27,,1143,41.33648333,-102.3351306,0,31,0,0,1,1,0,4,1,1,0,1,0,0000000,99,99,99,99,99,99,0,0,0,1,1
31,310064,2,2,0,0,0,9,9,41,0,1,6,2012,6,15,43,1,2,3,SR-2,,2940,41.30266667,-99.39747778,0,12,2,0,1,1,0,1,1,1,0,1,0,0000000,99,99,99,99,99,99,0,0,0,3,0
31,310065,1,1,0,0,0,1,1,129,4690,2,6,2012,7,22,20,0,3,3,SR-8,,10,40.01883056,-98.05456944,0,30,0,0,1,1,0,4,3,10,0,10,0,0000000,99,99,99,99,99,99,0,0,0,1,1
31,310066,1,1,0,0,0,1,1,55,3620,2,6,2012,7,3,21,0,16,6,MADISON ST,46TH ST,0,41.19439722,-95.98478889,0,33,0,0,2,3,0,4,3,1,0,1,0,0000000,99,99,99,99,99,99,0,0,0,1,1
31,310067,1,1,0,0,0,1,1,39,0,3,6,2012,1,0,30,0,3,3,SR-9,ROAD W,140,42.06183333,-96.70946389,0,24,0,0,3,3,0,4,2,10,0,10,0,0000000,88,88,88,88,88,88,0,0,0,1,0
31,310068,1,1,0,0,0,1,1,13,80,3,6,2012,1,11,58,1,13,2,US-385,,1091,42.09857222,-102.89825,0,1,0,0,1,1,0,4,1,1,0,1,0,0000000,99,99,99,99,99,99,0,0,0,1,0
31,310069,1,1,0,0,0,1,1,107,0,4,6,2012,2,16,30,0,4,4,CR-544 AVE,,0,42.55904444,-97.64217222,0,35,0,0,1,1,0,4,1,1,0,1,0,0000000,88,88,88,88,88,88,0,0,0,1,0
31,310070,1,1,0,0,0,1,1,1,0,7,6,2012,5,19,55,0,4,3,SR-S40D,,54,40.69679444,-98.57297222,0,1,0,0,1,1,0,8,1,1,0,1,0,0000000,99,99,99,99,99,99,0,0,0,1,1
31,310071,2,2,0,0,0,2,2,87,0,7,6,2012,5,7,5,0,6,4,CR-ROAD 719,CR-ROAD 358,0,40.284725,-101.1167556,0,12,6,0,2,2,0,1,1,10,0,10,0,0000000,99,99,99,99,99,99,0,0,0,1,0
31,310072,1,1,0,0,0,1,1,15,0,10,6,2012,1,16,18,0,6,4,CR-502 AVE,,0,42.85195278,-98.46650833,0,34,0,0,1,1,0,4,1,1,0,1,0,0000000,99,99,99,99,99,99,0,0,0,1,0
31,310073,2,2,0,0,0,4,4,109,0,7,6,2012,5,16,30,1,1,1,I-80,,3962,40.82180833,-96.82771389,0,12,1,0,1,1,1,1,1,1,0,1,0,0000000,99,99,99,99,99,99,0,0,0,1,0
31,310074,1,1,0,0,0,2,2,51,0,8,6,2012,6,99,99,0,6,4,CR-887 ROAD,,0,42.69205278,-96.83508611,0,34,0,0,1,1,0,4,9,1,0,1,0,0000000,99,99,99,99,99,99,0,0,0,1,1
31,310075,1,1,0,1,1,1,1,109,2830,10,6,2012,1,21,28,1,13,2,US-6,,3150,40.83862778,-96.70248611,0,8,0,0,1,1,0,1,3,1,0,1,0,0000000,99,99,99,99,99,99,0,0,0,1,1
31,310076,2,2,0,0,0,2,2,79,0,12,6,2012,3,14,55,0,4,4,CR-CAPITAL AVE,,0,40.94517222,-98.299025,0,12,6,0,1,1,0,1,1,1,0,1,0,0000000,88,88,88,88,88,88,0,0,0,1,0
31,310077,1,1,0,0,0,1,1,55,3620,14,6,2012,5,2,6,0,14,6,168TH ST,BURKE ST,0,41.25964444,-96.1775,0,33,0,0,2,2,0,4,3,1,0,1,0,0000000,88,88,88,88,88,88,0,0,0,1,1
31,310078,1,1,0,1,1,1,1,55,3620,17,6,2012,1,1,51,0,14,6,6402 Q STREET,,0,41.20519722,-96.01386389,0,8,0,0,1,1,0,1,3,1,0,1,0,0000000,88,88,88,88,88,88,0,0,0,1,1
31,310079,2,2,0,0,0,3,3,27,0,16,6,2012,7,4,0,1,2,2,US-81,,2030,42.69349167,-97.42243056,0,12,2,0,1,1,1,1,2,1,0,1,0,0000000,99,99,99,99,99,99,0,0,0,1,1
31,310080,1,1,0,0,0,1,1,173,0,18,6,2012,2,18,45,0,6,4,CR-CO RD 29,,0,42.08337222,-96.48221111,0,31,0,0,1,1,0,4,1,1,0,1,0,0000000,88,88,88,88,88,88,0,0,0,1,1
31,310081,1,1,0,0,0,1,1,55,0,23,6,2012,7,14,30,1,2,2,US-275,,1580,41.34163333,-96.36345,0,1,0,0,1,1,0,1,1,1,0,1,0,0000000,88,88,88,88,88,88,0,0,0,1,0
31,310082,1,1,0,0,0,1,1,151,0,23,6,2012,7,20,35,0,3,3,SR-41,,0,40.47490833,-96.93198056,0,38,0,0,1,1,0,4,1,1,0,1,0,0000000,88,88,88,88,88,88,0,0,0,1,1
31,310083,1,1,0,0,0,1,1,67,0,30,6,2012,7,1,30,0,6,4,CR-WEST CHESTNUT ROAD,,0,40.39365556,-96.84653333,0,32,0,0,1,1,0,4,2,1,0,1,0,0000000,88,88,88,88,88,88,0,0,0,1,1
31,310084,1,1,0,0,0,3,3,55,3620,4,7,2012,4,20,27,0,14,6,Q STREET,124TH AVE,0,41.20574722,-96.10655,0,39,0,0,3,2,0,4,1,1,0,1,0,0000000,99,99,99,99,99,99,0,0,0,1,1
31,310085,1,1,0,0,0,1,1,131,0,5,7,2012,5,6,0,0,4,4,CR-COUNTY ROAD 36,,0,40.70539444,-96.12089167,0,1,0,0,1,1,0,4,4,1,0,1,0,0000000,88,88,88,88,88,88,0,0,0,1,1
31,310086,1,1,0,0,0,1,1,73,0,12,7,2012,5,23,30,0,6,4,CR-RD433,,0,40.61383889,-99.73765556,0,35,0,0,1,1,0,4,2,1,0,1,0,0000000,88,88,88,88,88,88,0,0,0,1,1
31,310087,1,1,0,0,0,1,1,153,460,14,7,2012,7,2,19,0,6,6,S 53RD ST,,0,41.18565278,-95.99785,0,33,0,0,1,1,0,4,3,1,0,1,0,0000000,99,99,99,99,99,99,0,0,0,1,1
31,310088,2,2,0,0,0,5,5,141,0,2,7,2012,2,23,29,0,6,4,CR-430TH ST,CR-280TH AVE,0,41.65629444,-97.48465278,0,12,6,0,2,2,0,1,2,1,0,1,0,0000000,99,99,99,99,99,99,0,0,0,1,0
31,310089,1,1,0,1,1,1,1,1,2280,14,7,2012,7,19,30,0,14,6,W 7TH STREET,,0,40.59005,-98.41583611,0,8,0,0,1,1,0,1,5,1,0,1,0,0000000,99,99,99,99,99,99,0,0,0,1,0
31,310090,1,1,0,0,0,1,1,141,0,21,7,2012,7,7,9,0,6,4,CR-445TH AVE,,0,41.51615,-97.69603333,0,11,0,0,1,1,0,1,4,1,0,1,0,0000000,99,99,99,99,99,99,0,0,0,1,0
31,310091,1,1,0,0,0,3,3,141,0,21,7,2012,7,4,38,0,4,4,CR-18TH AVE,,0,41.46375,-97.35127222,0,38,0,0,1,1,0,4,2,1,0,1,0,0000000,99,99,99,99,99,99,0,0,0,1,1
31,310092,2,2,0,0,0,2,2,45,0,21,6,2012,5,23,45,1,2,2,US-20,US-385,564,42.82844722,-103.0669694,0,12,6,0,2,4,0,1,3,1,0,1,0,0000000,99,99,99,99,99,99,0,0,0,1,1
31,310093,2,2,0,0,0,2,2,55,3620,21,6,2012,5,15,50,0,5,6,PAXTON BLVD,N 36TH ST,0,41.29605833,-95.96605556,0,12,6,0,2,2,0,1,1,1,0,1,0,0000000,99,99,99,99,99,99,0,0,0,1,0
31,310094,3,3,0,0,0,3,3,121,0,3,7,2012,3,1,35,1,2,2,US-30,,3570,41.28663056,-97.71925833,0,12,8,0,1,1,0,1,2,1,0,1,0,0000000,88,88,88,88,88,88,0,0,0,2,0
31,310095,1,1,0,0,0,6,6,157,0,27,7,2012,6,23,41,0,6,4,CR-COUNTY ROAD 29,,0,41.84153889,-103.5189667,0,1,0,0,1,1,0,4,2,1,0,1,0,0000000,99,99,99,99,99,99,0,0,0,1,1
31,310096,3,3,0,0,0,7,7,79,0,25,6,2012,2,14,54,1,1,1,I-80,,3152,40.81999444,-98.37781667,0,12,1,0,7,1,0,1,1,1,0,1,0,0000000,99,99,99,99,99,99,0,0,0,1,0
31,310097,2,2,0,0,0,2,2,41,0,23,7,2012,2,13,25,0,3,3,SR-21,CR-RD 438,691,41.33696111,-99.67282222,0,12,6,0,2,2,0,1,1,1,0,1,0,0000000,99,99,99,99,99,99,0,0,0,1,0
31,310098,1,1,0,0,0,1,1,111,0,28,7,2012,7,17,30,0,4,3,SR-97,,150,41.36875556,-100.5683306,0,1,0,0,1,1,0,4,1,1,0,1,0,0000000,99,99,99,99,99,99,0,0,0,1,0
31,310099,1,1,0,0,0,1,1,107,0,30,7,2012,2,99,99,0,3,3,SR-14,,2030,42.76126389,-97.990475,0,42,0,0,1,1,0,4,9,1,0,1,0,0000000,88,88,88,88,88,88,0,0,0,1,1
31,310100,1,1,0,0,0,1,1,137,0,30,7,2012,2,14,10,0,3,4,CR-G ROAD,,0,40.59096667,-99.51199722,0,30,0,0,1,1,0,4,1,1,0,1,0,0000000,88,88,88,88,88,88,0,0,0,1,0
31,310101,1,1,0,1,1,1,1,55,3620,31,7,2012,3,2,39,1,13,2,US-6,,3707,41.25961389,-95.97245,0,8,0,0,1,1,0,1,3,1,0,1,0,0000000,99,99,99,99,99,99,0,0,0,1,0
31,310102,1,1,0,0,0,1,1,99,0,4,7,2012,4,99,99,0,6,4,CR-25 ROAD,,0,40.47095556,-99.08375556,0,30,0,0,1,1,0,4,2,1,0,1,0,0000000,88,88,88,88,88,88,0,0,0,1,1
31,310103,2,2,0,0,0,3,3,113,0,1,8,2012,4,9,0,0,3,3,SR-92,,2436,41.42216944,-100.2955278,0,12,2,0,1,1,0,1,1,1,0,1,0,0000000,99,99,99,99,99,99,0,0,0,1,0
31,310104,1,1,0,1,1,1,1,55,3620,2,8,2012,5,21,53,0,14,6,Q STREET,,0,41.20534444,-96.07999444,0,8,0,0,1,1,0,1,3,1,0,1,0,0000000,99,99,99,99,99,99,0,0,0,1,0
31,310105,1,1,0,0,0,1,1,147,0,3,8,2012,6,99,99,0,6,4,CR-719 RD,,0,40.24740278,-95.60738611,0,1,0,0,1,1,0,4,2,1,0,1,0,0000000,88,88,88,88,88,88,0,0,0,1,1
31,310106,2,2,0,0,0,3,3,159,0,2,8,2012,5,16,36,1,1,1,I-80,,3826,40.82196944,-97.09144167,0,12,1,0,1,1,1,1,1,1,0,1,0,0000000,88,88,88,88,88,88,0,0,0,1,0
31,310107,3,3,0,0,0,3,3,153,0,7,8,2012,3,17,47,1,2,2,US-6,CR-234TH ST,3438,41.08701111,-96.28190556,0,12,1,0,2,2,0,1,1,1,0,1,0,0000000,88,88,88,88,88,88,0,0,0,1,1
31,310108,1,1,0,0,0,2,2,13,0,9,8,2012,5,3,0,1,2,2,US-385,,1030,42.00848889,-102.9482917,0,1,0,0,1,1,0,4,2,1,0,1,0,0000000,99,99,99,99,99,99,0,0,0,1,0
31,310109,1,1,0,0,0,1,1,55,3620,10,8,2012,6,0,17,0,14,6,168TH ST,WRIGHT PLAZA,0,41.23208889,-96.17681111,0,33,0,0,2,2,0,4,3,1,0,1,0,0000000,99,99,99,99,99,99,0,0,0,1,1
31,310110,2,2,0,0,0,2,2,151,0,10,8,2012,6,6,35,0,3,3,SR-103,,393,40.58672222,-96.96923056,0,12,2,0,1,1,0,1,1,1,0,1,0,0000000,99,99,99,99,99,99,0,0,0,1,0
31,310111,1,1,0,0,0,2,2,109,0,11,8,2012,7,23,12,0,6,4,CR-SALTILLO RD,,0,40.69730833,-96.65648056,0,41,0,0,1,1,0,4,2,10,0,10,0,0000000,99,99,99,99,99,99,0,0,0,1,1
31,310112,1,1,0,0,0,2,2,5,0,12,8,2012,1,16,40,0,3,3,SR-61,,1186,41.51833611,-101.7227861,0,1,0,0,1,1,0,4,1,1,0,1,0,0000000,99,99,99,99,99,99,0,0,0,1,0
31,310113,1,1,0,0,0,4,4,19,0,22,8,2012,4,12,30,0,3,2,US-183,,614,40.88623889,-99.38759722,0,1,0,0,1,1,0,4,1,1,0,1,0,0000000,99,99,99,99,99,99,0,0,0,2,0
31,310114,2,2,0,0,0,2,2,169,0,23,8,2012,5,15,54,0,4,4,CR-ROAD 5800,,0,40.28370278,-97.670175,0,12,6,0,1,1,0,1,1,10,0,10,0,0000000,99,99,99,99,99,99,0,0,0,1,1
31,310115,1,1,0,0,0,1,1,3,0,24,8,2012,6,13,45,0,3,3,SR-13,,350,42.40091389,-97.893175,0,1,0,0,1,1,0,1,1,1,0,1,0,0000000,99,99,99,99,99,99,0,0,0,1,0
31,310116,1,1,0,0,0,1,1,55,3620,24,8,2012,6,13,50,1,11,1,I-80,,4542,41.23011944,-95.93159444,0,1,0,1,5,1,0,1,1,1,0,1,0,0000000,88,88,88,88,88,88,0,0,0,1,0
31,310117,2,2,0,0,0,4,4,61,0,24,8,2012,6,19,38,0,6,4,CR-D ROAD,,0,40.05224167,-99.05335556,0,12,6,0,1,1,0,1,1,10,0,10,0,0000000,99,99,99,99,99,99,0,0,0,1,1
31,310118,1,1,0,0,0,1,1,37,0,25,8,2012,7,15,20,0,6,4,CR-17,,0,41.45894722,-96.94448889,0,10,0,0,6,1,0,1,1,10,0,10,0,816698P,99,99,99,99,99,99,0,0,0,1,0
31,310119,2,2,0,1,1,1,1,173,0,26,8,2012,1,2,35,0,3,3,SR-16,,174,42.11913056,-96.74001389,0,12,9,0,1,1,0,1,2,5,0,5,0,0000000,99,99,99,99,99,99,0,0,0,1,0
31,310120,2,2,0,0,0,5,5,39,0,26,8,2012,1,2,40,1,2,2,US-275,,1199,41.79729167,-96.71118056,0,12,6,0,1,1,0,1,2,5,0,5,0,0000000,99,99,99,99,99,99,0,0,0,1,2
31,310121,1,1,0,1,1,1,1,55,3620,4,9,2012,3,19,50,0,14,6,132ND ST,KINGSTON DRIVE,0,41.23163611,-96.1195,0,8,0,0,2,2,0,1,3,10,0,10,0,0000000,99,99,99,99,99,99,0,0,0,1,0
31,310122,1,1,0,0,0,1,1,27,0,4,9,2012,3,9,30,1,2,2,US-20,,3820,42.40880278,-97.24381667,0,42,0,0,1,1,0,4,1,1,0,1,0,0000000,99,99,99,99,99,99,0,0,0,1,0
31,310123,1,1,0,0,0,2,2,153,0,9,9,2012,1,3,50,0,3,3,SR-31,,46,41.08695278,-96.25331389,0,1,0,0,1,1,0,2,2,1,0,1,0,0000000,99,99,99,99,99,99,0,0,0,1,1
31,310124,1,1,0,0,0,1,1,47,1190,31,8,2012,6,21,42,0,6,5,16TH STREET,NEWELL ST,0,40.866775,-99.97691389,0,34,0,0,3,3,0,4,3,1,0,1,0,0000000,99,99,99,99,99,99,0,0,0,1,1
31,310125,2,2,0,0,0,2,2,177,0,29,8,2012,4,13,45,0,3,3,SR-133,,167,41.49998889,-96.14796389,0,12,6,0,1,1,0,1,1,1,0,1,0,0000000,88,88,88,88,88,88,0,0,0,2,0
31,310126,2,2,0,0,0,2,2,59,0,5,9,2012,4,99,99,0,3,4,CR-CO RD 7,CR-CO RD K,0,40.55328333,-97.70998889,0,12,6,0,2,2,0,1,5,1,0,1,0,0000000,99,99,99,99,99,99,0,0,0,1,1
31,310127,2,2,0,0,0,4,4,153,0,2,9,2012,1,15,15,0,3,3,SR-31,I-80 ENTRANCE RAMP,110,41.09596944,-96.25323889,0,12,6,1,3,2,0,1,1,1,0,1,0,0000000,99,99,99,99,99,99,0,0,0,1,0
31,310128,2,2,0,0,0,9,9,181,0,5,9,2012,4,16,30,0,6,4,CR-CO RD 1800,CR-CO RD R,0,40.21976944,-98.40597778,0,12,6,0,2,2,0,1,1,1,0,1,1,0000000,99,99,99,99,99,99,0,0,0,4,0
31,310129,2,2,0,0,0,2,2,55,3620,30,8,2012,5,7,17,1,13,3,SR-L28K,,134,41.29020556,-96.01100833,0,12,2,0,1,1,0,1,1,1,0,1,0,0000000,99,99,99,99,99,99,0,0,0,1,0
31,310130,3,3,0,0,0,4,4,109,2830,22,7,2012,1,12,12,0,14,6,S 70TH ST,,0,40.79747778,-96.62485278,0,12,7,0,1,1,0,1,1,1,0,1,0,0000000,99,99,99,99,99,99,0,0,0,1,0
31,310131,3,3,0,0,0,4,4,45,0,23,7,2012,2,20,35,1,2,2,US-20,,570,42.82895,-103.0807028,0,12,6,0,1,1,0,1,2,1,0,1,0,0000000,99,99,99,99,99,99,0,0,0,1,1
31,310132,1,1,0,1,1,1,1,55,3620,7,9,2012,6,22,46,0,13,6,42ND ST,H STREET,0,41.21753056,-95.976075,0,8,0,0,2,3,0,1,2,1,0,1,0,0000000,99,99,99,99,99,99,0,0,0,1,0
31,310133,1,1,0,0,0,1,1,111,0,11,9,2012,3,17,20,0,6,4,CR-EAST BANNER ROAD,,0,40.96026111,-100.3522111,0,42,0,0,1,1,0,4,1,1,0,1,0,0000000,88,88,88,88,88,88,0,0,0,1,0
31,310134,2,2,0,0,0,2,2,131,3360,10,9,2012,2,12,20,1,13,2,US-75,SR-2,465,40.6528,-95.85825,0,12,6,0,2,2,0,1,1,1,0,1,0,0000000,99,99,99,99,99,99,0,0,0,1,0
31,310135,2,2,0,0,0,3,3,169,0,14,9,2012,6,5,55,0,3,2,US-136,,1240,40.14921389,-97.67875833,0,12,2,0,1,1,0,1,2,1,0,1,0,0000000,99,99,99,99,99,99,0,0,0,1,0
31,310136,2,2,0,0,0,3,3,141,1100,12,9,2012,4,20,57,1,13,2,US-30,8TH AVENUE,3810,41.43849167,-97.33455556,0,12,6,0,3,1,0,1,2,2,0,2,0,0000000,99,99,99,99,99,99,0,0,0,2,0
31,310137,2,2,0,0,0,2,2,173,0,19,9,2012,4,10,27,1,2,2,US-75,,1555,42.09770556,-96.33381111,3,12,6,0,1,1,0,1,1,1,0,1,0,0000000,99,99,99,99,99,99,0,0,0,1,0
31,310138,1,1,0,1,1,1,1,55,3620,21,9,2012,6,7,29,0,13,6,144TH ST,HARRISON ST,0,41.19086111,-96.13874722,0,8,0,0,2,2,0,1,1,1,0,1,0,0000000,99,99,99,99,99,99,0,0,0,1,0
31,310139,1,1,0,0,0,1,1,133,0,23,9,2012,1,8,54,0,3,3,SR-4,,1770,40.24808889,-96.39572778,0,1,0,0,1,1,0,4,1,1,0,1,0,0000000,88,88,88,88,88,88,0,0,0,1,1
31,310140,1,1,0,0,0,1,1,55,0,26,9,2012,4,99,99,0,3,3,SR-36,72ND ST,221,41.36405278,-96.02373333,0,34,0,0,2,2,0,4,3,1,0,1,0,0000000,99,99,99,99,99,99,0,0,0,1,0
31,310141,3,3,0,1,1,3,3,1,2280,12,8,2012,1,19,18,0,14,6,E SOUTH ST,,0,40.58257222,-98.37938056,0,8,0,0,1,1,0,1,1,1,0,1,0,0000000,88,88,88,88,88,88,0,0,0,1,0