STATE,ST_CASE,VE_TOTAL,VE_FORMS,PVH_INVL,PEDS,PERNOTMVIT,PERMVIT,PERSONS,COUNTY,CITY,DAY,MONTH,YEAR,DAY_WEEK,HOUR,MINUTE,NHS,ROAD_FNC,ROUTE,TWAY_ID,TWAY_ID2,MILEPT,LATITUDE,LONGITUD,SP_JUR,HARM_EV,MAN_COLL,RELJCT1,RELJCT2,TYP_INT,WRK_ZONE,REL_ROAD,LGT_COND,WEATHER1,WEATHER2,WEATHER,SCH_BUS,RAIL,NOT_HOUR,NOT_MIN,ARR_HOUR,ARR_MIN,HOSP_HR,HOSP_MN,CF1,CF2,CF3,FATALS,DRUNK_DR
31,310142,2,2,0,0,0,2,2,55,3620,25,9,2012,3,7,48,1,11,1,I-680,,38,41.27528889,-96.07574722,0,12,1,0,1,1,0,1,1,10,0,10,0,0000000,99,99,99,99,99,99,0,0,0,1,0
31,310143,1,1,0,0,0,1,1,55,3620,30,9,2012,1,19,24,1,11,1,I-480,,2,41.23025,-95.95558333,0,24,0,0,1,1,0,4,3,1,0,1,0,0000000,88,88,88,88,88,88,0,0,0,1,1
31,310144,1,1,0,0,0,1,1,153,3800,30,9,2012,1,0,27,0,16,6,CARY STREET,,0,41.17374722,-96.07634444,0,42,0,0,1,1,0,4,3,1,0,1,0,0000000,88,88,88,88,88,88,0,0,0,1,1
31,310145,1,1,0,0,0,2,2,79,0,30,9,2012,1,5,20,1,1,1,I-80,,3170,40.81999444,-98.37095,0,1,0,0,1,1,0,3,2,1,0,1,0,0000000,99,99,99,99,99,99,0,0,0,1,1
31,310146,2,2,0,0,0,2,2,89,0,30,9,2012,1,5,50,1,2,2,US-20,,3204,42.33539444,-98.44863611,0,12,6,0,1,1,0,1,2,1,0,1,0,0000000,88,88,88,88,88,88,0,0,0,1,1
31,310147,2,2,0,0,0,2,2,33,0,9,9,2012,1,4,30,1,1,1,I-80,,380,41.20469722,-103.2970222,0,12,1,0,1,1,0,1,2,1,0,1,0,0000000,88,88,88,88,88,88,0,0,0,1,0
31,310148,4,4,0,0,0,6,6,33,0,9,9,2012,1,5,19,1,1,1,I-80,,400,41.20508611,-103.2939333,0,12,1,0,1,1,0,1,2,1,0,1,0,0000000,88,88,88,88,88,88,19,0,0,4,2
31,310149,3,3,0,0,0,3,3,185,0,8,8,2012,4,16,28,1,1,1,I-80,,3477,40.82124722,-97.69921944,0,12,1,0,1,1,0,1,1,1,0,1,0,0000000,99,99,99,99,99,99,0,0,0,1,0
31,310150,3,3,0,0,0,3,3,25,0,31,8,2012,6,14,40,0,4,3,SR-1,,189,40.91432778,-96.06633333,0,12,6,0,1,1,0,1,1,1,0,1,0,0000000,88,88,88,88,88,88,0,0,0,1,0
31,310151,2,2,0,0,0,2,2,143,0,4,10,2012,5,6,55,0,3,3,SR-92,,3940,41.17755,-97.63501389,0,12,6,0,1,1,0,1,2,10,0,10,0,0000000,99,99,99,99,99,99,0,0,0,1,0
31,310152,2,2,0,0,0,2,2,143,0,4,10,2012,5,15,19,1,2,2,US-81,CR-124TH ROAD,770,41.09015,-97.59793611,0,12,6,0,2,2,0,1,1,1,0,1,0,0000000,99,99,99,99,99,99,0,0,0,1,0
31,310153,1,1,0,0,0,1,1,185,0,6,10,2012,7,20,25,1,2,2,US-81,,517,40.73493611,-97.60068611,0,30,0,0,1,1,0,4,2,1,0,1,0,0000000,88,88,88,88,88,88,0,0,0,1,0
31,310154,1,1,0,0,0,5,5,55,3620,10,10,2012,4,0,16,0,16,6,87TH STREET,QUEST STREET,0,41.32445833,-96.04608333,0,33,0,0,2,3,0,4,3,1,0,1,0,0000000,99,99,99,99,99,99,0,0,0,2,1
31,310155,2,2,0,0,0,2,2,55,3620,10,10,2012,4,14,9,0,14,6,180TH ST,,0,41.23867222,-96.19616667,0,12,1,0,1,1,0,1,1,1,0,1,0,0000000,99,99,99,99,99,99,0,0,0,1,0
31,310156,1,1,0,0,0,1,1,177,0,11,10,2012,5,5,55,1,2,2,US-75,,1020,41.39924167,-95.99526944,0,11,0,0,1,1,0,1,2,1,0,1,0,0000000,88,88,88,88,88,88,0,0,0,1,0
31,310157,3,3,0,0,0,3,3,55,3620,13,10,2012,7,0,10,0,13,6,72ND ST,GRAVOER ST,0,41.22708611,-96.02386111,0,12,6,0,2,2,0,1,3,10,0,10,0,0000000,99,99,99,99,99,99,0,0,0,1,1
31,310158,1,1,0,0,0,1,1,111,0,17,10,2012,4,3,22,1,1,1,I-80,,2028,40.98683056,-100.3094667,0,1,0,0,1,1,4,3,2,1,0,1,0,0000000,88,88,88,88,88,88,0,0,0,1,1
31,310159,1,1,0,0,0,1,1,95,0,19,10,2012,6,21,30,0,6,4,CR-709 ROAD,,0,40.10339722,-97.363275,0,34,0,0,1,1,0,4,2,1,0,1,0,0000000,88,88,88,88,88,88,0,0,0,1,1
31,310160,2,2,0,0,0,5,5,35,0,19,10,2012,6,20,16,0,4,3,SR-74,CR-RD O,530,40.43760556,-98.07026389,0,12,6,0,2,2,0,1,2,1,0,1,0,0000000,99,99,99,99,99,99,0,0,0,1,2
31,310161,1,1,0,0,0,3,3,155,0,22,10,2012,2,11,58,0,6,4,CR-COUNTY ROAD L,,0,41.22032222,-96.70873611,0,1,0,0,1,1,0,4,1,10,0,10,0,0000000,99,99,99,99,99,99,0,0,0,1,1
31,310162,2,2,0,0,0,4,4,111,0,25,10,2012,5,7,22,1,2,2,US-30,,1903,41.08730833,-100.557175,0,12,6,0,1,1,0,1,2,4,0,4,0,0000000,99,99,99,99,99,99,0,0,0,3,0
31,310163,1,1,0,0,0,3,3,49,0,29,10,2012,2,12,55,0,6,4,CR-COUNTY ROAD 22,,0,41.14931111,-102.3832722,0,20,0,0,1,1,0,4,1,1,0,1,0,0000000,99,99,99,99,99,99,0,0,0,1,0
31,310164,2,2,0,0,0,7,7,109,0,4,11,2012,1,1,33,0,6,4,CR-WAVERLY RD,CR-NORTH 70TH ST,0,40.92908611,-96.62446667,0,12,6,0,2,2,0,1,3,10,0,10,0,0000000,99,99,99,99,99,99,0,0,0,1,2
31,310165,1,1,0,1,1,2,2,131,3360,6,11,2012,3,15,51,0,16,6,11TH ST,CENTRAL AVE,0,40.67671111,-95.85888889,0,8,0,0,2,2,0,1,1,1,0,1,0,0000000,99,99,99,99,99,99,0,0,0,1,0
31,310166,1,1,0,0,0,1,1,55,3620,11,11,2012,1,99,99,0,16,6,108TH STREET,,0,41.29686389,-96.08145556,0,30,0,0,1,1,0,4,9,10,0,10,0,0000000,88,88,88,88,88,88,0,0,0,1,1
31,310167,2,2,0,0,0,2,2,69,0,20,11,2012,3,10,55,1,2,2,US-26,,907,41.49765556,-102.6111611,0,12,6,0,1,1,0,1,1,1,0,1,0,0000000,88,88,88,88,88,88,0,0,0,1,0
31,310168,2,2,0,0,0,3,3,81,0,20,11,2012,3,13,15,1,1,1,I-80,,3404,40.820175,-97.85992778,0,12,6,0,1,1,0,1,1,1,0,1,0,0000000,99,99,99,99,99,99,0,0,0,2,0
31,310169,1,1,0,0,0,4,4,93,0,22,11,2012,5,2,22,0,5,4,CR-3RD AVE,,0,41.07591111,-98.33208333,0,1,0,0,1,1,0,4,2,1,0,1,0,0000000,99,99,99,99,99,99,0,0,0,1,1
31,310170,1,1,0,0,0,1,1,169,0,25,11,2012,1,17,0,0,6,4,CR-CO RD 6100,,0,40.23077778,-97.59481667,0,1,0,0,1,1,0,4,1,1,0,1,0,0000000,99,99,99,99,99,99,0,0,0,1,1
31,310171,1,1,0,0,0,1,1,55,3620,25,11,2012,1,2,57,0,14,6,Q STREET,,0,41.20511667,-96.12621389,0,30,0,0,1,1,0,4,3,1,0,1,0,0000000,99,99,99,99,99,99,0,0,0,1,1
31,310172,1,1,0,0,0,1,1,31,0,26,11,2012,2,99,99,0,6,4,CR-HATCHERY RD,,0,42.88953611,-100.5354194,0,23,0,0,1,1,0,4,3,4,0,4,0,0000000,88,88,88,88,88,88,0,0,0,1,1
31,310173,2,2,0,0,0,3,3,81,0,27,11,2012,3,8,15,0,6,4,CR-16TH ROAD,CR-P ROAD,0,40.91571944,-98.01716944,0,12,6,0,2,2,0,1,1,1,0,1,0,0000000,99,99,99,99,99,99,0,0,0,1,0
31,310174,2,2,0,0,0,2,2,53,4350,27,11,2012,3,9,33,1,13,2,US-275,HORTON ST,1303,41.66491944,-96.66671111,0,12,6,0,2,2,0,1,1,1,0,1,0,0000000,99,99,99,99,99,99,0,0,0,1,0
31,310175,1,1,0,0,0,1,1,131,0,29,11,2012,5,5,40,0,4,3,SR-S66A,,25,40.65331944,-96.38765556,0,11,0,0,1,1,0,1,2,1,0,1,0,0000000,88,88,88,88,88,88,0,0,0,1,0
31,310176,3,2,1,0,0,3,3,109,2830,1,12,2012,7,13,33,0,13,6,SUPERIOR ST,,0,40.85752222,-96.698625,0,33,0,0,1,1,3,4,1,10,0,10,0,0000000,99,99,99,99,99,99,0,0,0,2,0
31,310177,1,1,0,0,0,1,1,49,0,1,12,2012,7,1,10,0,4,4,CR-COUNTY ROAD 165,,0,41.14798611,-102.4765722,0,1,0,0,1,1,0,4,2,1,0,1,0,0000000,99,99,99,99,99,99,0,0,0,1,1
31,310178,1,1,0,0,0,3,3,179,0,1,12,2012,7,0,25,0,3,3,SR-15,,1671,42.27245556,-97.01819722,0,1,0,0,1,1,0,4,2,1,0,1,0,0000000,99,99,99,99,99,99,0,0,0,1,1
31,310179,3,3,0,0,0,4,4,19,0,3,12,2012,2,17,41,1,2,2,US-30,,2775,40.71415833,-98.99826944,0,12,1,0,8,1,0,1,2,1,0,1,0,0000000,99,99,99,99,99,99,0,0,0,1,0
31,310180,1,1,0,0,0,2,2,55,3620,3,12,2012,2,1,13,1,13,3,SR-L28B,,16,41.26274167,-96.24019722,0,1,0,0,1,1,0,3,3,1,0,1,0,0000000,99,99,99,99,99,99,0,0,0,1,1
31,310181,1,1,0,0,0,1,1,85,0,3,12,2012,2,99,99,1,2,2,US-6,,460,40.39394444,-101.2824278,0,1,0,0,1,1,0,4,1,1,0,1,0,0000000,88,88,88,88,88,88,0,0,0,1,0
31,310182,2,2,0,0,0,2,2,153,0,5,12,2012,4,99,99,0,5,4,CR-114TH ST,CR-CAPEHART RD,0,41.11818333,-96.09063333,0,12,6,0,2,2,0,1,2,1,0,1,0,0000000,99,99,99,99,99,99,0,0,0,1,1
31,310183,2,2,0,0,0,2,2,119,0,18,12,2012,3,23,14,1,2,2,US-81,SR-32,1426,41.82866111,-97.44326111,0,12,6,0,2,2,0,1,3,1,0,1,0,0000000,88,88,88,88,88,88,0,0,0,1,1
31,310184,2,2,0,0,0,2,2,79,0,19,12,2012,4,15,20,1,2,2,US-34,,2320,40.87446667,-98.37816111,0,12,6,0,1,1,1,1,1,4,6,4,0,0000000,99,99,99,99,99,99,0,0,0,1,0
31,310185,2,2,0,0,0,4,4,111,0,19,12,2012,4,12,50,1,1,1,I-80,,1860,41.05713889,-100.5483111,0,12,1,0,1,1,0,1,1,4,7,4,0,0000000,99,99,99,99,99,99,19,0,0,1,0
31,310186,1,1,0,0,0,1,1,21,0,26,12,2012,4,13,10,0,4,4,CR-COUNTY ROAD R,,0,41.93028056,-96.3949,0,1,0,0,1,1,0,4,1,1,0,1,0,0000000,99,99,99,99,99,99,0,0,0,1,0
31,310187,2,2,0,0,0,4,4,109,0,21,12,2012,6,13,20,0,3,3,SR-L55K,,3,40.81836389,-96.78780278,0,12,6,1,5,1,0,1,1,1,0,1,0,0000000,99,99,99,99,99,99,0,0,0,1,0
31,310188,2,2,0,0,0,5,5,87,0,25,12,2012,3,11,25,1,2,2,US-6,,630,40.29762222,-101.0213111,0,12,6,0,1,1,0,1,1,4,10,4,0,0000000,99,99,99,99,99,99,0,0,0,2,0
31,310189,2,2,0,0,0,2,2,97,0,31,12,2012,2,12,12,1,2,2,US-136,,1980,40.34596944,-96.41549167,0,12,2,0,1,1,0,1,1,4,6,4,0,0000000,99,99,99,99,99,99,0,0,0,1,0
31,310190,2,2,0,0,0,3,3,47,2810,8,10,2012,2,23,55,0,13,2,US-283,CATTLEMAN DR,574,40.76430278,-99.73963611,0,12,6,0,2,2,0,1,3,10,0,10,0,0000000,88,88,88,88,88,88,0,0,0,1,1
32,320129,1,1,0,0,0,1,1,13,0,4,9,2012,3,9,53,1,1,1,I-80,,1808,77.77770000,777.77770000,0,31,0,0,1,1,0,3,1,1,0,1,0,0000000,99,99,99,99,88,88,0,0,0,1,0
32,320132,1,1,0,0,0,1,1,7,0,16,8,2012,5,13,50,1,1,1,I-80 W,,3080,77.77770000,777.77770000,0,31,0,0,1,1,0,3,1,10,0,10,0,0000000,13,48,13,58,88,88,0,0,0,1,0
33,330001,1,1,0,0,0,5,5,15,123,8,1,2012,1,4,40,0,6,5,RED OAK HILL ROAD,,0,43.06271944,-71.07576111,0,42,0,0,1,1,0,4,3,1,0,1,0,0000000,4,40,4,57,5,39,0,0,0,1,1
33,330002,2,2,0,0,0,2,2,5,47,17,1,2012,3,18,48,1,2,3,SR-9,,0,42.89915833,-72.43641111,0,12,2,0,1,1,0,1,2,10,0,10,0,0000000,18,48,18,52,19,27,0,0,0,1,0
33,330003,2,2,0,0,0,3,3,15,551,8,1,2012,1,16,10,0,6,5,RANGE ROAD,,0,42.79703611,-71.27586111,0,12,2,0,1,1,0,1,1,1,0,1,0,0000000,16,10,16,14,16,32,0,0,0,1,1
33,330004,1,1,0,0,0,1,1,5,250,12,1,2012,5,9,54,1,13,3,SR-12,,0,42.95288333,-72.31325556,0,42,0,0,1,1,0,4,1,4,0,4,0,0000000,9,54,10,0,10,27,0,0,0,1,0
33,330005,1,1,0,0,0,1,1,15,32,24,1,2012,3,7,3,0,4,3,SR-101,,1046,43.03369167,-71.33955833,0,21,0,0,1,1,0,4,1,10,0,10,0,0000000,7,3,7,10,88,88,0,0,0,1,0
33,330006,1,1,0,0,0,3,3,17,90,10,1,2012,3,19,50,0,13,3,SR-16,,114,43.18646111,-70.88843056,0,52,0,0,1,1,0,4,2,1,0,1,0,0000000,19,50,19,58,20,28,0,0,0,1,0
33,330007,1,1,0,0,0,2,2,15,85,20,1,2012,6,10,27,0,6,5,KILREA ROAD,,0,42.86029722,-71.2538,0,30,0,0,1,1,0,4,1,1,0,1,0,0000000,10,27,10,42,11,7,0,0,0,1,0
33,330008,1,1,0,0,0,1,1,15,445,6,2,2012,2,23,45,0,6,5,SAGAMORE ROAD,,0,43.03213056,-70.74946667,0,19,0,0,1,1,0,5,2,1,0,1,0,0000000,23,45,23,59,0,37,0,0,0,1,1
33,330009,1,1,0,0,0,1,1,11,350,22,1,2012,1,19,5,0,16,6,EAST DUNSTABLE ROAD,,0,42.72401944,-71.47621944,0,42,0,0,1,1,0,4,3,1,0,1,0,0000000,19,5,19,15,19,41,0,0,0,1,1
33,330010,2,2,0,0,0,4,4,3,487,12,2,2012,1,9,50,1,13,3,SR-16,,0,43.90401944,-71.23209167,0,12,2,0,1,1,0,1,1,10,0,10,0,0000000,9,50,10,1,10,23,0,0,0,1,1
33,330011,1,1,0,1,1,1,1,11,310,11,2,2012,7,6,22,0,16,6,CANDIA ROAD,BRENNAN STREET,0,42.98262222,-71.42000556,0,8,0,0,2,2,0,1,4,1,0,1,0,0000000,6,22,6,30,6,48,0,0,0,1,0
33,330012,1,1,0,0,0,1,1,3,1,23,2,2012,5,6,33,1,2,3,SR-16,,0,43.93544722,-71.22399167,0,42,0,0,1,1,0,4,1,3,2,3,0,0000000,6,33,6,42,88,88,0,0,0,1,0
33,330013,2,2,0,0,0,4,4,5,437,2,3,2012,6,21,50,0,5,3,SR-202,,0,42.74738889,-72.03885833,0,12,2,0,1,1,0,1,2,1,0,1,0,0000000,21,50,21,55,22,23,0,0,0,1,0
33,330014,1,1,0,0,0,1,1,15,200,19,3,2012,2,7,17,0,4,3,SR-1,,42,42.95806667,-70.83376389,0,1,0,0,1,1,0,1,1,1,0,1,0,0000000,7,17,7,18,7,31,0,0,0,1,0
33,330015,1,1,0,0,0,1,1,11,310,21,3,2012,4,10,18,1,1,1,I-93,,99998,43.03371944,-71.45150278,0,1,0,0,1,1,0,4,1,1,0,1,0,0000000,10,19,10,25,10,57,0,0,0,1,0
33,330016,1,1,0,0,0,1,1,11,401,5,4,2012,5,2,15,0,16,5,BRIDGE STREET,,0,42.7538,-71.26804722,0,42,0,0,1,1,0,4,2,1,0,1,0,0000000,2,15,2,28,88,88,0,0,0,1,1
33,330017,1,1,0,1,1,1,1,19,380,18,3,2012,1,12,45,0,16,5,NORTH MAIN STREET,,0,43.38704722,-72.18246944,0,8,0,0,1,1,0,2,1,1,0,1,0,0000000,12,45,12,51,88,88,0,0,0,1,0
33,330018,1,1,0,0,0,3,3,9,30,16,4,2012,2,22,47,0,6,5,LAKE STREET,,0,43.60573056,-71.74148333,0,30,0,0,1,1,0,4,2,1,0,1,0,0000000,22,47,22,48,88,88,0,0,0,3,1
33,330019,1,1,0,0,0,1,1,7,337,26,4,2012,5,23,40,0,5,3,SR-16,,0,44.61272222,-71.22556111,0,42,0,0,1,1,0,4,2,2,0,2,0,0000000,23,45,0,25,88,88,0,0,0,1,1
33,330020,1,1,0,0,0,1,1,9,444,25,4,2012,4,11,50,0,5,3,SR-25,,0,43.79323333,-71.80288611,0,24,0,0,1,1,0,4,1,10,0,10,0,0000000,11,50,12,10,13,45,0,0,0,1,0
33,330021,2,2,0,0,0,2,2,15,551,20,4,2012,6,14,45,0,6,5,HAVERHILL ROAD,MEETINGHOUSE ROAD,0,42.80315,-71.32326111,0,12,1,0,3,3,0,1,1,1,0,1,0,0000000,14,45,14,45,15,12,0,0,0,1,0
33,330022,2,2,0,0,0,2,2,1,330,30,4,2012,2,9,38,0,15,3,SR-25,,0,43.71088056,-71.45791667,0,12,2,0,1,1,0,1,1,1,0,1,0,0000000,9,38,9,45,88,88,0,0,0,1,0
33,330023,1,1,0,0,0,2,2,15,370,21,4,2012,7,10,19,0,16,5,BAY ROAD,,0,43.08328056,-70.89962222,0,35,0,0,1,1,0,4,1,1,0,1,0,0000000,10,19,10,26,10,58,0,0,0,1,0
33,330024,1,1,0,0,0,1,1,17,336,6,5,2012,1,19,7,0,5,3,SR-153,,0,43.53168333,-71.13764722,0,1,0,0,1,1,0,4,5,1,0,1,0,0000000,19,9,19,17,19,41,0,0,0,1,1
33,330025,2,2,0,0,0,2,2,17,29,15,5,2012,3,14,27,0,5,3,SR-202,,0,43.21901111,-71.07350556,0,12,2,0,1,1,0,1,1,10,0,10,0,0000000,14,39,14,46,15,7,0,0,0,1,0
33,330026,1,1,0,0,0,2,2,13,237,12,5,2012,7,0,37,1,1,1,I-89,,130,43.23230556,-71.74013333,0,42,0,0,1,1,0,3,2,1,0,1,0,0000000,0,37,0,45,88,88,0,0,0,2,0
33,330027,1,1,0,0,0,1,1,11,350,12,5,2012,7,20,16,1,2,3,SR-3,EXIT 2 RAMP,0,42.72726111,-71.45176111,0,35,0,1,5,1,0,4,5,1,0,1,0,0000000,20,16,20,23,88,88,0,0,0,1,1
33,330028,1,1,0,0,0,1,1,15,32,1,5,2012,3,13,38,0,4,3,SR-101,,1076,43.04183056,-71.28067778,0,21,0,0,1,1,0,4,1,2,0,2,0,0000000,13,38,13,44,88,88,0,0,0,1,0
33,330029,3,3,0,0,0,4,4,1,352,9,5,2012,4,18,30,0,5,3,SR-104,,0,43.62462778,-71.61761667,0,53,0,0,1,1,0,4,5,10,0,10,0,0000000,18,30,18,38,18,57,0,0,0,1,0
33,330030,1,1,0,1,1,2,2,17,90,22,5,2012,3,12,17,0,16,6,MAIN STREET,,0,43.19655833,-70.87236389,0,8,0,0,1,1,0,1,1,10,0,10,0,0000000,12,17,12,20,12,35,0,0,0,1,0
33,330031,1,1,0,0,0,1,1,13,23,9,6,2012,7,17,56,0,15,3,SR-3A,,0,43.12279722,-71.48018056,0,42,0,0,1,1,0,4,1,1,0,1,0,0000000,17,56,18,15,19,12,0,0,0,1,0
33,330032,1,1,0,0,0,1,1,1,330,27,5,2012,1,23,22,0,6,6,CHEMUNG ROAD,,0,43.60671111,-71.55002222,0,42,0,0,1,1,0,4,2,10,0,10,0,0000000,23,22,23,30,88,88,0,0,0,1,0
33,330033,3,3,0,0,0,4,4,9,34,4,6,2012,2,11,5,0,5,3,SR-4,,0,43.65027778,-72.07392222,0,12,8,0,1,1,0,1,1,2,0,2,0,0000000,11,5,11,9,12,3,0,0,0,1,0
33,330034,2,2,0,0,0,3,3,1,260,15,6,2012,6,15,3,0,6,5,ROLLERCOASTER ROAD,,0,43.60998056,-71.49956389,0,12,2,0,1,1,0,1,1,1,0,1,0,0000000,15,3,15,5,15,28,0,0,0,1,1
33,330035,2,2,0,0,0,5,5,7,337,15,6,2012,6,15,10,0,5,3,SR-16,,0,44.629125,-71.25088056,0,12,2,0,1,1,0,1,1,1,0,1,0,0000000,15,12,15,53,16,39,0,0,0,1,1
33,330036,1,1,0,0,0,2,2,13,236,23,6,2012,7,10,39,1,11,1,I-93,,99998,43.04178056,-71.46243889,0,5,0,0,1,1,0,1,1,1,0,1,0,0000000,10,39,10,45,10,58,0,0,0,1,0
33,330037,3,3,0,0,0,3,3,5,213,15,6,2012,6,12,25,1,2,3,SR-9,,0,43.05271667,-72.07787222,0,12,2,0,1,1,0,1,1,1,0,1,0,0000000,12,29,12,49,13,17,0,0,0,1,0
33,330038,2,2,0,0,0,2,2,11,350,15,6,2012,6,16,19,1,2,8,EVERETT TURNPIKE,EXIT 8 RAMP,99998,42.77541111,-71.49253056,0,5,0,1,5,1,0,1,1,1,0,1,0,0000000,16,19,16,25,88,88,14,0,0,1,0
33,330039,1,1,0,1,1,1,1,15,200,29,6,2012,6,22,8,0,16,6,OCEAN BLVD,,0,42.89615,-70.81652778,0,8,0,0,1,1,0,1,3,1,0,1,0,0000000,22,8,22,14,22,39,0,0,0,1,0
33,330040,2,2,0,0,0,2,2,9,300,27,6,2012,4,16,35,0,6,6,UNION STREET,,0,44.31236389,-71.74076667,0,24,0,0,1,1,0,4,1,10,0,10,0,0000000,16,35,16,44,88,88,0,0,0,1,0
33,330041,1,1,0,0,0,1,1,15,430,10,7,2012,3,23,54,0,15,3,SR-33,,99998,43.05583056,-70.80662778,0,42,0,0,5,1,0,4,2,1,0,1,0,0000000,23,54,0,5,0,24,0,0,0,1,1
33,330042,1,1,0,0,0,1,1,9,565,21,6,2012,5,14,38,1,1,1,I-93,,940,43.96913889,-71.67513333,0,42,0,0,1,1,0,3,1,1,0,1,0,0000000,14,38,14,45,15,10,0,0,0,1,0
33,330043,1,1,0,0,0,1,1,3,243,16,7,2012,2,16,0,1,2,3,SR-16,,0,44.23975278,-71.25567778,0,24,0,0,1,1,0,4,1,2,0,2,0,0000000,16,0,16,13,88,88,0,0,0,1,0
33,330044,1,1,0,0,0,2,2,11,310,28,7,2012,7,6,45,1,11,1,I-293,,99998,42.94771389,-71.4569,0,39,0,0,1,1,0,4,1,10,0,10,0,0000000,6,46,6,52,7,18,0,0,0,1,0
33,330045,1,1,0,0,0,1,1,15,85,30,7,2012,2,19,9,0,16,6,NORTH SHORE ROAD,,0,42.88150833,-71.22110833,0,35,0,0,1,1,0,4,1,1,0,1,0,0000000,19,9,19,18,19,34,0,0,0,1,1
33,330046,1,1,0,0,0,1,1,15,123,30,7,2012,2,99,99,0,6,5,DEPOT ROAD,,0,43.02618333,-71.11677778,0,42,0,0,1,1,0,4,9,10,0,10,0,0000000,88,88,88,88,88,88,18,0,0,1,0
33,330047,2,2,0,0,0,6,6,15,195,28,7,2012,7,18,51,0,14,3,SR-121,EMERSON AVE,0,42.87449444,-71.18103889,0,12,6,0,2,2,0,1,1,1,0,1,0,0000000,18,51,18,57,19,19,0,0,0,1,0
33,330048,2,2,0,0,0,2,2,15,255,1,8,2012,4,15,18,0,5,3,SR-125,NEW BOSTON ROAD,0,42.91767778,-71.05271111,0,12,6,0,2,2,0,1,1,10,0,10,0,0000000,15,18,15,30,88,88,0,0,0,1,0
33,330049,1,1,0,0,0,1,1,17,440,10,8,2012,6,18,28,0,16,6,OLD DOVER ROAD,,0,43.26687222,-70.939175,0,42,0,0,1,1,0,4,5,2,0,2,0,0000000,18,28,18,34,18,59,0,0,0,1,0
33,330050,1,1,0,0,0,1,1,13,505,5,8,2012,1,21,17,0,6,6,DEER MEADOW ROAD,,0,43.28342778,-71.68118056,0,5,0,0,1,1,0,1,2,10,0,10,0,0000000,21,17,21,28,88,88,0,0,0,1,1
33,330051,1,1,0,0,0,1,1,17,342,11,8,2012,7,1,59,0,4,3,SR-16,,334,43.455525,-70.99416944,0,42,0,0,1,1,0,4,2,2,0,2,0,0000000,1,59,2,30,88,88,0,0,0,1,1
33,330052,3,3,0,0,0,3,3,11,11,13,8,2012,2,17,57,1,13,3,SR-101A,,0,42.81495,-71.59783056,0,12,2,0,1,1,0,1,1,1,0,1,0,0000000,18,2,18,17,18,41,0,0,0,1,1
33,330053,3,3,0,0,0,3,3,17,440,12,8,2012,1,18,46,1,13,3,SR-16,,0,43.32286389,-70.99110278,0,12,6,0,1,1,0,1,1,1,0,1,0,0000000,18,46,18,51,19,25,0,0,0,1,0
33,330054,1,1,0,0,0,2,2,11,344,12,8,2012,1,17,30,0,6,6,KENDALL HILL ROAD,,0,42.90516667,-71.65048611,0,42,0,0,1,1,0,4,1,1,0,1,0,0000000,17,32,17,47,18,12,0,0,0,1,0
33,330055,1,1,0,0,0,1,1,1,330,17,8,2012,6,23,28,0,6,6,MEREDITH CENTER ROAD,DOW ROAD,0,43.62164722,-71.54524167,0,32,0,0,3,3,0,4,2,10,0,10,0,0000000,23,28,23,33,23,52,0,0,0,1,1
33,330056,1,1,0,0,0,2,2,3,464,19,8,2012,1,0,35,1,2,3,SR-25,,0,43.82078056,-71.34718611,0,1,0,0,1,1,0,4,2,1,0,1,0,0000000,0,38,0,45,1,11,0,0,0,1,1
33,330057,2,2,0,0,0,3,3,11,160,20,8,2012,2,16,22,0,6,6,MOUNTAIN ROAD,,0,42.98234722,-71.61000278,0,5,0,0,1,1,0,1,1,1,0,1,0,0000000,16,27,16,31,16,58,0,0,0,1,0
33,330058,1,1,0,0,0,2,2,11,310,22,8,2012,4,12,31,1,11,1,I-293,,0,42.95651944,-71.47442778,0,1,0,0,1,1,0,3,1,10,0,10,0,0000000,12,33,12,34,12,47,0,0,0,1,0
33,330059,1,1,0,1,1,1,1,15,305,22,8,2012,4,16,35,1,11,1,I-93,,126,42.8841,-71.34697778,0,8,0,0,1,1,0,1,1,1,0,1,0,0000000,16,35,16,43,88,88,0,0,0,1,0
33,330060,1,1,0,1,1,2,2,15,466,24,8,2012,6,20,35,0,14,3,SR-286,,0,42.87139167,-70.823775,0,8,0,0,1,1,0,1,2,1,0,1,0,0000000,20,35,20,41,21,7,0,0,0,1,0
33,330061,5,5,0,0,0,6,6,5,522,25,8,2012,7,11,48,0,5,3,SR-12,,0,43.00509444,-72.43618889,0,12,2,0,1,1,0,1,1,1,0,1,0,0000000,11,48,12,3,12,20,0,0,0,3,0
33,330062,2,2,0,0,0,2,2,15,430,27,8,2012,2,22,1,1,11,1,I-95,,118,43.08258611,-70.77436667,0,12,2,0,1,1,0,1,3,1,0,1,0,0000000,22,1,22,10,22,32,0,0,0,1,0
33,330063,1,1,0,0,0,1,1,11,234,29,8,2012,4,2,8,0,6,6,WEST HOLLIS ROAD,,0,42.71549167,-71.63030278,0,35,0,0,1,1,0,4,2,1,0,1,0,0000000,2,8,2,13,88,88,0,0,0,1,1
33,330064,2,2,0,0,0,5,5,15,195,18,8,2012,7,6,12,0,15,3,SR-111,,0,42.87666944,-71.15414167,0,12,2,0,1,1,0,1,1,10,0,10,0,0000000,6,12,6,16,6,31,0,0,0,1,0