STATE,ST_CASE,VE_TOTAL,VE_FORMS,PVH_INVL,PEDS,PERNOTMVIT,PERMVIT,PERSONS,COUNTY,CITY,DAY,MONTH,YEAR,DAY_WEEK,HOUR,MINUTE,NHS,ROAD_FNC,ROUTE,TWAY_ID,TWAY_ID2,MILEPT,LATITUDE,LONGITUD,SP_JUR,HARM_EV,MAN_COLL,RELJCT1,RELJCT2,TYP_INT,WRK_ZONE,REL_ROAD,LGT_COND,WEATHER1,WEATHER2,WEATHER,SCH_BUS,RAIL,NOT_HOUR,NOT_MIN,ARR_HOUR,ARR_MIN,HOSP_HR,HOSP_MN,CF1,CF2,CF3,FATALS,DRUNK_DR
33,330065,2,2,0,0,0,2,2,11,334,31,8,2012,6,9,52,0,16,6,BABOOSIC LAKE ROAD,OGARA DRIVE,0,42.86780833,-71.49931944,0,12,6,0,2,3,0,1,1,1,0,1,0,0000000,9,52,9,55,88,88,0,0,0,1,0
33,330066,1,1,0,0,0,2,2,13,70,2,9,2012,1,2,52,1,11,1,I-93,EXIT 17 RAMP,446,43.29346111,-71.57306389,0,42,0,0,5,1,0,4,2,1,0,1,0,0000000,2,52,3,5,3,37,20,0,0,1,0
33,330067,2,2,0,0,0,2,2,17,440,24,8,2012,6,21,15,0,6,6,GONIC ROAD,,0,43.25546667,-70.97913333,0,12,2,0,8,1,0,1,2,1,0,1,0,0000000,21,15,21,22,21,41,0,0,0,1,1
33,330068,3,3,0,0,0,5,5,9,120,3,9,2012,2,11,23,0,15,3,SR-4A,CHOSEN VALE LANE,0,43.619625,-72.14695556,0,12,6,0,2,3,0,1,1,1,0,1,0,0000000,11,23,11,35,11,54,0,0,0,1,0
33,330069,2,2,0,0,0,2,2,11,340,4,9,2012,3,18,43,1,13,3,SR-101,,0,42.82006667,-71.62429167,0,12,2,0,1,1,0,1,5,2,0,2,0,0000000,18,43,18,52,88,88,0,0,0,1,0
33,330070,1,1,0,0,0,1,1,9,10,19,8,2012,1,15,53,0,6,6,NORTH ASHLAND ROAD,,0,43.74083333,-71.66529167,0,30,0,0,1,1,0,4,1,1,0,1,0,0000000,15,53,15,55,16,12,0,0,0,1,0
33,330071,1,1,0,0,0,2,2,15,478,4,9,2012,3,0,30,1,13,3,SR-101,,1262,42.99886389,-70.93335833,0,59,0,0,1,1,0,4,2,1,0,1,0,0000000,88,88,88,88,88,88,0,0,0,2,1
33,330072,2,2,0,0,0,2,2,15,448,10,9,2012,2,10,47,0,15,3,SR-111,,0,42.84027778,-71.22805833,0,12,2,0,1,1,0,1,1,1,0,1,0,0000000,10,47,10,50,88,88,0,0,0,1,0
33,330073,1,1,0,0,0,1,1,11,467,22,9,2012,7,18,30,0,5,3,SR-124,,0,42.79081389,-71.94503056,0,42,0,0,1,1,0,4,1,1,0,1,0,0000000,18,30,18,43,88,88,0,0,0,1,0
33,330074,1,1,0,0,0,1,1,13,70,20,9,2012,5,13,6,0,16,6,MANCHESTER STREET,,0,43.18935,-71.50624722,0,5,0,0,1,1,0,1,1,1,0,1,0,0000000,13,6,13,11,13,25,0,0,0,1,0
33,330075,1,1,0,0,0,3,3,9,565,12,9,2012,4,17,4,1,1,1,I-93,,970,43.99521111,-71.67031389,0,35,0,0,1,1,0,4,1,1,0,1,0,0000000,17,6,17,20,17,52,0,0,0,1,0
33,330076,1,1,0,1,1,1,1,15,45,23,9,2012,1,12,55,0,6,6,SHARKER HEIGHTS LANE,,0,42.98326111,-71.20826944,0,8,0,0,1,1,0,5,1,1,0,1,0,0000000,12,55,12,59,88,88,0,0,0,1,0
33,330077,1,1,0,0,0,1,1,15,200,26,9,2012,4,9,41,0,16,6,OCEAN BLVD,,0,42.91309444,-70.80936111,0,52,0,0,1,1,0,4,1,10,0,10,0,0000000,9,41,9,52,10,16,0,0,0,1,0
33,330078,1,1,0,0,0,1,1,9,300,27,9,2012,5,14,25,1,1,1,I-93,,1268,44.32461111,-71.81075278,0,1,0,0,1,1,0,4,1,1,0,1,0,0000000,14,25,14,32,88,88,0,0,0,1,1
33,330079,2,2,0,0,0,4,4,13,237,8,10,2012,2,12,46,0,5,3,SR-103,,0,43.19353333,-71.67639444,0,12,2,0,1,1,0,1,1,10,0,10,0,0000000,12,46,12,53,13,15,0,0,0,1,0
33,330080,1,1,0,0,0,1,1,13,237,9,10,2012,3,5,31,1,1,1,I-89,,80,43.21593056,-71.71976111,0,11,0,0,1,1,0,1,2,5,0,5,0,0000000,5,31,5,45,6,1,0,0,0,1,0
33,330081,1,1,0,0,0,1,1,15,123,24,10,2012,4,23,55,0,6,6,PLEASANT STREET,,0,43.03986111,-71.09649722,0,53,0,0,1,1,0,4,2,1,0,1,0,0000000,23,55,0,12,0,41,0,0,0,1,1
33,330082,2,2,0,0,0,4,4,13,70,19,10,2012,6,19,35,0,16,6,CLINTON STREET,IRON WORKS ROAD,0,43.18196667,-71.56419722,0,12,6,0,2,3,0,1,2,2,0,2,0,0000000,19,35,19,42,20,4,0,0,0,2,0
33,330083,2,2,0,0,0,2,2,13,70,26,10,2012,6,11,22,0,16,6,NORTH STATE STREET,,0,43.24016667,-71.56625556,0,12,2,0,1,1,0,1,1,10,0,10,1,0000000,11,22,11,29,88,88,0,0,0,1,0
33,330084,1,1,0,0,0,1,1,15,13,22,10,2012,2,21,27,0,6,6,CHESTER ROAD,,0,42.98900278,-71.34009444,0,39,0,0,1,1,0,4,2,1,0,1,0,0000000,21,27,21,30,21,42,0,0,0,1,1
33,330085,1,1,0,0,0,2,2,11,334,10,11,2012,7,12,39,1,13,8,EVERETT TURNPIKE,,128,42.86480278,-71.50163333,0,1,0,0,1,1,0,4,1,1,0,1,0,0000000,12,39,12,45,13,2,0,0,0,1,0
33,330086,2,2,0,0,0,3,3,15,435,10,11,2012,7,12,54,0,16,6,FREMONT STREET,BROWN ROAD,0,43.00679722,-71.15981111,0,12,2,0,2,4,0,1,1,1,0,1,0,0000000,12,54,13,5,13,19,0,0,0,1,0
33,330087,1,1,0,0,0,1,1,1,14,5,11,2012,2,8,30,0,5,3,SR-28,YIELD ROAD,0,43.37870278,-71.25788611,0,35,0,0,3,4,0,4,1,10,0,10,0,0000000,8,30,8,34,88,88,0,0,0,1,0
33,330088,1,1,0,1,1,1,1,15,195,12,11,2012,2,17,36,0,16,6,CENTRAL STREET,MOULTON DRIVE,0,42.8825,-71.14295833,0,15,0,0,2,3,0,1,2,1,0,1,0,0000000,17,36,17,41,18,2,0,0,0,1,0
33,330089,1,1,0,0,0,1,1,11,540,19,11,2012,2,7,0,1,2,3,SR-101,,0,42.83000833,-71.79159444,0,42,0,0,1,1,0,5,1,1,0,1,0,0000000,7,0,7,15,7,40,0,0,0,1,0
33,330090,1,1,0,2,2,2,2,19,40,16,11,2012,6,19,9,0,15,3,SR-12,,0,43.30803889,-72.380225,0,8,0,0,1,1,0,2,2,1,0,1,0,0000000,19,9,19,18,19,50,0,0,0,1,0
33,330091,1,1,0,0,0,2,2,15,13,28,11,2012,4,22,34,1,13,3,SR-101,,1036,43.02993056,-71.35684722,0,24,0,0,1,1,0,3,2,1,0,1,0,0000000,22,34,22,38,23,21,0,0,0,1,0
33,330092,1,1,0,0,0,2,2,11,350,1,12,2012,7,23,25,0,16,6,SEARLES ROAD,,0,42.71233056,-71.47943056,0,42,0,0,1,1,0,4,3,10,0,10,0,0000000,23,25,23,30,23,55,0,0,0,1,1
33,330093,1,1,0,0,0,1,1,9,504,1,12,2012,7,2,0,0,5,3,SR-118,,0,43.976325,-71.81690556,0,35,0,0,1,1,0,5,2,1,0,1,0,0000000,2,4,2,11,88,88,0,0,0,1,1
33,330094,2,2,0,0,0,2,2,11,353,21,12,2012,6,17,20,0,6,6,RIVER ROAD,,0,42.97761111,-71.69068333,0,12,2,0,1,1,0,1,3,10,0,10,0,0000000,17,20,17,25,17,42,0,0,0,1,0
33,330095,4,4,0,0,0,6,6,13,70,6,12,2012,5,16,47,0,16,6,FRUIT STREET,CLINTON STREET,0,43.19220833,-71.5459,0,12,1,0,3,3,0,1,3,1,0,1,0,0000000,16,47,16,54,17,12,0,0,0,1,1
33,330096,1,1,0,0,0,1,1,11,509,16,12,2012,1,0,55,0,6,6,TWIN BRIDGE ROAD,,0,43.03636667,-71.66581667,0,42,0,0,1,1,0,4,2,1,0,1,0,0000000,0,55,1,10,1,45,0,0,0,1,1
33,330097,2,2,0,0,0,6,6,13,70,27,12,2012,5,21,13,0,16,6,MANCHESTER STREET,AIRPORT ROAD,0,43.18738056,-71.49798333,0,12,6,0,2,3,0,1,3,4,0,4,0,0000000,21,13,21,29,21,47,0,0,0,1,0
33,330098,1,1,0,0,0,1,1,11,205,4,12,2012,3,10,19,0,6,6,STODDARD ROAD,,0,43.00367222,-72.03976944,0,1,0,0,1,1,0,4,1,1,0,1,0,0000000,10,19,10,40,11,15,0,0,0,1,0
33,330099,2,2,0,0,0,2,2,15,200,14,8,2012,3,15,21,0,14,3,SR-101,SR-1,0,42.93189444,-70.83721944,0,12,1,0,2,4,0,1,1,10,0,10,0,0000000,15,21,15,30,15,42,0,0,0,1,0
33,330100,1,1,0,0,0,3,3,15,417,11,8,2012,7,16,2,0,16,6,NEWTON ROAD,,0,42.80668889,-71.06533889,0,42,0,0,1,1,0,5,1,10,0,10,0,0000000,16,2,16,9,16,34,0,0,0,1,0
33,330101,1,1,0,0,0,1,1,15,417,14,12,2012,6,15,54,0,14,3,SR-125,,0,42.85670556,-71.09402778,0,52,0,0,1,1,0,4,1,1,0,1,0,0000000,15,44,15,46,16,7,0,0,0,1,0
34,340001,2,1,1,0,0,1,1,3,3420,2,1,2012,2,21,30,1,13,3,SR-17,,219,41.05371111,-74.11934722,0,33,0,0,1,1,0,4,1,1,0,1,0,0000000,99,99,99,99,99,99,0,0,0,1,0
34,340002,1,1,0,1,1,1,1,25,1925,4,1,2012,4,17,48,1,13,3,SR-36,THOMPSON AVE,197,40.43387222,-74.11836667,0,8,0,0,2,2,0,1,3,1,0,1,0,0000000,99,99,99,99,99,99,0,0,0,1,0
34,340003,1,1,0,1,1,2,2,5,735,4,1,2012,4,19,1,1,13,2,US-130,FAIRVIEW AVE,402,40.02045,-74.94493056,0,8,0,0,3,2,0,1,3,1,0,1,0,0000000,19,2,19,7,19,34,0,0,0,1,0
34,340004,2,2,0,0,0,4,4,3,1210,6,1,2012,6,2,50,1,11,1,I-80,,669,40.866875,-74.03853611,0,12,1,0,1,1,0,1,3,1,0,1,0,0000000,2,47,3,11,3,45,0,0,0,1,0
34,340006,2,2,0,0,0,6,6,1,1270,8,1,2012,1,16,23,1,13,2,US-30,ELVINS AVE,295,39.64870556,-74.79048611,0,12,6,0,2,3,0,1,1,1,0,1,0,0000000,99,99,99,99,99,99,0,0,0,1,0
34,340007,1,1,0,1,1,1,1,21,3380,31,1,2012,3,18,32,1,13,3,SR-129,HAMILTON AVE,21,40.21353056,-74.75648889,0,8,0,0,3,2,0,1,3,1,0,1,0,0000000,18,35,18,38,18,52,0,0,0,1,0
34,340008,1,1,0,1,1,1,1,25,0,9,1,2012,2,22,50,1,13,2,US-9,,1153,40.272825,-74.29416389,0,8,0,0,1,1,0,1,2,1,0,1,0,0000000,99,99,99,99,99,99,0,0,0,1,0
34,340009,1,1,0,0,0,1,1,7,520,22,1,2012,1,20,39,0,14,4,CR-561,9TH STREET,0,39.93915278,-75.11295278,0,33,0,0,2,4,0,4,3,1,0,1,0,0000000,20,38,20,42,20,46,0,0,0,1,0
34,340010,1,1,0,0,0,1,1,25,3357,9,1,2012,2,3,17,0,12,8,444,,1021,40.22691111,-74.09773056,0,24,0,0,1,1,0,4,2,1,0,1,0,0000000,99,99,99,99,99,99,0,0,0,1,0
34,340011,1,1,0,1,1,1,1,17,1520,13,1,2012,6,10,37,0,14,4,CR-612,PRESCOTT ST,0,40.71550833,-74.06810278,0,8,0,0,3,2,0,1,1,10,0,10,0,0000000,99,99,99,99,99,99,0,0,0,1,0
34,340012,1,1,0,0,0,1,1,33,2586,4,1,2012,4,19,17,0,6,6,FORSYTHIA LANE,,0,39.703,-75.34713611,0,42,0,0,1,1,0,5,2,1,0,1,0,0000000,99,99,99,99,99,99,0,0,0,1,1
34,340013,1,1,0,0,0,1,1,25,1925,17,1,2012,3,10,51,1,13,3,SR-36,,189,40.42771389,-74.10614167,0,25,0,0,1,1,0,3,1,2,0,2,0,0000000,99,99,99,99,99,99,0,0,0,1,0
34,340014,2,2,0,0,0,2,2,41,1572,14,1,2012,7,15,35,0,3,3,SR-94,WARRINGTON RD,0,40.93305556,-75.0817,0,12,6,0,2,4,0,1,1,1,0,1,0,0000000,99,99,99,99,99,99,0,0,0,1,1
34,340015,1,1,0,0,0,1,1,31,330,28,1,2012,7,5,16,1,12,8,444,,1560,40.88009722,-74.1655,0,52,0,1,5,1,0,4,3,1,0,1,0,0000000,5,17,5,25,88,88,0,0,0,1,1
34,340016,1,1,0,0,0,5,5,19,0,2,1,2012,2,16,4,1,11,1,I-78,,175,40.63881111,-74.89408889,0,42,0,0,1,1,0,5,1,1,0,1,0,0000000,16,8,16,24,17,4,0,0,0,2,0
34,340017,3,3,0,0,0,3,3,37,1576,11,1,2012,4,15,4,1,2,3,SR-15,ICE PLANT RD,181,41.10575,-74.69842778,0,12,6,0,2,2,0,1,1,1,0,1,1,0000000,99,99,99,99,99,99,0,0,0,1,0
34,340018,2,2,0,0,0,2,2,15,0,22,1,2012,1,17,33,0,13,2,US-322,CROSS KEYS WILLIAMSTOWN RD,256,39.67398889,-74.97916667,0,12,6,0,2,2,0,1,3,1,0,1,0,0000000,17,34,17,50,18,21,0,0,0,1,0
34,340019,3,2,1,1,1,3,3,17,1520,18,1,2012,4,21,27,1,14,6,GRAND ST,GROVE ST,0,40.71610278,-74.04488056,0,12,1,0,2,2,0,1,3,1,0,1,0,0000000,99,99,99,99,99,99,0,0,0,2,0
34,340020,1,1,0,0,0,1,1,23,844,1,1,2012,1,6,21,1,11,1,I-95,,403,40.50418889,-74.37901111,0,24,0,0,1,1,0,4,2,1,0,1,0,0000000,99,99,99,99,88,88,0,0,0,1,1
34,340021,2,2,0,0,0,5,5,25,1465,13,1,2012,6,22,43,1,13,2,US-9,STRICKLAND RD,1103,40.20920833,-74.25791944,0,12,6,0,2,4,0,1,3,1,0,1,0,0000000,99,99,99,99,99,99,0,0,0,1,0
34,340022,2,2,0,0,0,3,3,27,2567,20,1,2012,6,17,36,0,14,4,CR-504,FAIRVIEW AVE,0,40.94484444,-74.28277778,0,12,6,0,2,4,0,1,3,1,0,1,0,0000000,17,39,17,47,18,13,0,0,0,1,0
34,340023,2,2,0,0,0,2,2,7,1190,26,1,2012,5,10,19,1,11,1,I-76,,8,39.88468056,-75.10363056,0,12,1,0,1,1,0,1,1,1,0,1,0,0000000,10,20,10,36,11,20,0,0,0,1,0
34,340024,2,2,0,0,0,2,2,5,2081,24,1,2012,3,12,17,0,14,4,CR-612,AMARYLLIS BLVD,0,39.93527778,-74.91152778,0,12,6,0,2,4,0,1,1,1,0,1,0,0000000,12,21,12,25,12,56,0,0,0,1,0
34,340025,2,2,0,0,0,5,5,27,2498,3,1,2012,3,9,19,1,11,1,I-80,,454,40.86024444,-74.38326944,0,12,7,0,1,1,0,1,1,1,0,1,0,0000000,9,29,9,40,10,10,0,0,0,1,0
34,340026,2,2,0,0,0,2,2,3,1795,30,1,2012,2,9,13,0,13,2,US-202,,782,41.0866,-74.17345,0,12,2,0,1,1,0,4,1,1,0,1,0,0000000,9,30,9,46,10,23,0,0,0,1,0
34,340027,2,2,0,0,0,2,2,39,860,24,1,2012,3,1,39,1,13,2,US-1&9,BAYWAY CIRCLE,431,40.65065278,-74.22105,0,12,6,0,2,5,0,1,3,10,0,10,0,0000000,99,99,99,99,99,99,0,0,0,1,0
34,340028,1,1,0,0,0,2,2,11,0,2,1,2012,2,13,24,0,99,6,LUMMIS MILL RD,,2,39.36793889,-75.21433889,0,19,0,0,1,1,0,5,1,1,0,1,0,0000000,13,18,13,21,14,30,0,0,0,1,0
34,340031,1,1,0,0,0,1,1,25,1925,28,1,2012,7,23,46,0,14,4,CR-12,,0,40.36644722,-74.13745278,0,1,0,0,1,1,0,4,3,1,0,1,0,0000000,99,99,99,99,99,99,0,0,0,1,0
34,340032,1,1,0,1,1,2,2,23,2140,25,1,2012,4,22,53,0,14,3,SR-171,SOUTH TALMADGE ST,15,40.478875,-74.44621944,0,9,0,0,2,3,0,1,2,1,0,1,0,0000000,99,99,99,99,99,99,0,0,0,1,0
34,340033,1,1,0,0,0,1,1,1,1050,6,1,2012,6,9,3,1,13,2,US-322,,338,39.600225,-74.86791944,0,59,0,0,1,1,0,4,1,1,0,1,0,0000000,88,88,88,88,88,88,0,0,0,1,0
34,340034,2,2,0,2,2,2,2,39,3570,25,1,2012,4,18,5,0,14,4,CR-610,TUTTLE WAY,0,40.64895278,-74.35701111,0,8,0,0,3,2,0,1,3,1,0,1,0,0000000,99,99,99,99,99,99,0,0,0,1,2
34,340035,2,2,0,1,1,4,4,5,735,4,2,2012,7,17,43,1,13,2,US-130,MANOR RD,389,40.01095556,-74.96448889,0,8,0,0,2,2,0,1,3,1,0,1,0,0000000,17,42,17,47,88,88,0,0,0,1,0
34,340036,2,1,1,1,2,4,5,23,570,4,2,2012,7,16,33,1,11,1,I-95,,506,40.59446111,-74.23391111,0,14,0,0,1,1,2,2,1,1,0,1,0,0000000,16,53,17,6,17,31,0,0,0,2,1
34,340037,1,1,0,0,0,3,3,31,3522,4,2,2012,7,2,28,0,14,4,CR-668,,0,40.91643889,-74.25250833,0,41,0,0,1,1,0,4,2,1,0,1,0,0000000,2,30,2,47,3,16,0,0,0,1,0
34,340038,1,1,0,1,1,1,1,23,3705,12,1,2012,5,3,5,1,13,2,US-1,FORD AVENUE,342,40.55008611,-74.32192222,0,8,0,0,3,2,0,1,3,4,0,4,0,0000000,3,6,3,18,88,88,0,0,0,1,0
34,340039,1,1,0,1,1,1,1,13,800,5,2,2012,1,23,54,0,14,4,CR-509,SUSSEX AVE,0,40.75565833,-74.20420833,0,8,0,0,2,2,0,1,2,1,0,1,0,0000000,23,55,23,58,0,22,0,0,0,1,0
34,340040,1,1,0,1,1,3,3,3,1060,26,2,2012,1,18,15,0,14,3,SR-67,WHITEMAN ST,90,40.84818056,-73.97061667,0,8,0,0,2,2,0,1,3,1,0,1,0,0000000,18,14,18,21,18,45,0,0,0,1,0
34,340041,3,3,0,0,0,3,3,3,2480,24,1,2012,3,13,40,1,12,8,444,,1635,40.94204167,-74.068725,0,12,6,1,17,1,0,1,1,1,0,1,0,0000000,88,88,88,88,88,88,0,0,0,1,0
34,340042,3,3,0,0,0,3,3,5,3149,6,2,2012,2,15,17,1,2,3,SR-70,,241,39.89045,-74.63751111,0,12,8,0,1,1,0,1,1,1,0,1,0,0000000,15,18,15,26,16,25,0,0,0,1,0
34,340043,2,2,0,0,0,2,2,23,2582,25,1,2012,4,6,52,0,15,4,CR-665,CENTENNIAL AVENUE,0,40.552775,-74.44478333,0,12,6,0,2,2,0,1,3,1,0,1,0,0000000,6,53,7,3,88,88,14,0,0,1,0
34,340044,2,2,0,0,0,2,2,23,1986,10,2,2012,6,14,25,0,15,4,CR-625,UNION VALLEY RD,0,40.30305833,-74.43848611,0,12,6,0,2,2,0,1,1,1,0,1,0,0000000,14,28,14,31,16,26,0,0,0,1,0
34,340045,1,1,0,1,1,2,2,3,640,23,1,2012,2,14,28,0,14,4,CR-50,CR-29,0,40.82162222,-73.991,0,8,0,0,2,2,0,1,1,2,0,2,0,0000000,14,25,15,15,15,45,0,0,0,1,0
34,340046,1,1,0,0,0,1,1,1,1270,12,2,2012,1,17,56,0,16,6,THIRTEENTH ST,,0,39.63070833,-74.82089167,0,30,0,0,1,1,0,5,1,1,0,1,0,0000000,18,20,18,35,19,1,0,0,0,1,0
34,340047,1,1,0,1,1,1,1,9,0,1,2,2012,4,17,53,0,14,3,SR-47,,33,39.01043056,-74.86913611,0,8,0,0,1,1,0,1,2,1,0,1,0,0000000,17,52,17,53,88,88,0,0,0,1,0
34,340048,1,1,0,0,0,1,1,25,3475,20,1,2012,6,9,58,1,12,8,444,,1013,40.22551944,-74.09823889,0,30,0,0,1,1,0,4,1,1,0,1,0,0000000,99,99,99,99,99,99,0,0,0,1,1
34,340049,1,1,0,0,0,2,2,37,3448,2,1,2012,2,23,2,0,3,4,CR-515,,32,41.12403889,-74.50525278,0,35,0,0,1,1,0,5,2,10,0,10,0,0000000,23,8,23,39,23,56,0,0,0,1,0
34,340050,1,1,0,1,1,1,1,23,2570,14,1,2012,7,21,16,0,16,6,PHFEIFFER BLVD,COLUMBUS DRIVE,0,40.53061667,-74.28885833,0,8,0,0,1,1,0,1,2,1,0,1,0,0000000,88,88,88,88,88,88,0,0,0,1,0
34,340051,1,1,0,1,1,2,2,1,851,26,2,2012,1,18,38,1,13,2,US-40,,531,39.43944722,-74.61806944,0,9,0,0,1,1,0,1,2,1,0,1,0,0000000,18,43,18,48,88,88,0,0,0,1,0
34,340052,1,1,0,0,0,5,5,3,890,20,1,2012,6,2,11,0,13,4,CR-49,LANTANA AVENUE,0,40.90810833,-73.98718889,0,33,0,0,3,3,0,4,3,1,0,1,0,0000000,2,39,2,45,99,99,0,0,0,2,1
34,340053,4,4,0,0,0,6,6,23,3705,25,2,2012,7,13,55,1,12,8,GARDEN STATE PARKWAY,,1308,40.55525833,-74.31881667,0,54,11,0,1,1,0,1,1,1,0,1,0,0000000,13,44,13,47,14,37,14,0,0,1,0
34,340054,2,2,0,0,0,6,6,1,2640,27,1,2012,6,16,22,0,15,4,CR-687,MCCLELLAN AVENUE,0,39.38716111,-74.54713333,0,12,6,0,2,2,0,1,1,1,0,1,0,0000000,16,25,16,28,17,8,0,0,0,1,0
34,340055,1,1,0,1,1,2,2,21,1265,13,1,2012,6,20,30,0,14,4,CR-620,GROPP AVENUE,0,40.19288333,-74.69673056,0,8,0,0,3,2,0,1,3,1,0,1,0,0000000,20,34,20,41,20,53,0,0,0,1,0
34,340056,1,1,0,1,1,1,1,23,2417,14,2,2012,3,6,1,1,13,3,SR-35,BIRCHWOOD DR,456,40.44778889,-74.23561111,0,8,0,0,3,1,0,1,3,1,0,1,0,0000000,6,1,6,17,6,36,0,0,0,1,0
34,340058,3,3,0,0,0,3,3,35,290,18,1,2012,4,10,4,0,14,2,US-202,WHITENACK ROAD,345,40.69606944,-74.60914167,0,1,0,0,2,3,0,1,1,1,0,1,0,0000000,10,22,10,27,11,7,0,0,0,1,0
34,340059,1,1,0,0,0,3,3,35,0,25,2,2012,7,21,59,1,11,1,I-78,,338,40.64573889,-74.59035,0,42,0,0,1,1,0,3,2,1,0,1,0,0000000,22,2,22,10,88,88,0,0,0,1,0
34,340060,2,2,0,0,0,2,2,27,0,17,2,2012,6,10,19,1,13,2,US-46,MOONEY RD,315,40.89008889,-74.67851389,0,12,6,0,2,3,0,1,1,1,0,1,0,0000000,10,23,10,29,10,50,0,0,0,1,0
34,340061,1,1,0,0,0,3,3,5,3149,12,2,2012,1,8,13,0,14,4,CR-644,,17,39.91238889,-74.62318889,0,42,0,0,1,1,0,5,1,4,0,4,0,0000000,99,99,99,99,99,99,0,0,0,1,0
34,340062,1,1,0,0,0,1,1,5,2081,2,3,2012,6,2,14,1,11,1,I-295,,400,39.9603,-74.9173,0,35,0,0,1,1,0,4,2,1,0,1,0,0000000,88,88,88,88,88,88,0,0,0,1,1
34,340063,1,1,0,1,1,1,1,37,0,2,3,2012,6,3,50,1,13,2,US-206,,991,40.93074167,-74.71858889,0,8,0,0,1,1,0,1,3,1,0,1,0,0000000,99,99,99,99,99,99,0,0,0,1,0
34,340064,3,3,0,1,1,2,2,21,3380,16,2,2012,5,11,9,1,12,2,US-1,,0,40.20831111,-74.76948611,0,12,1,0,1,1,0,1,1,2,0,2,0,0000000,99,99,99,99,99,99,0,0,0,1,0
34,340065,2,2,0,0,0,5,5,29,145,4,3,2012,1,1,42,1,12,8,GARDEN STATE PARKWAY,,680,39.75868056,-74.25121944,0,12,7,0,1,1,0,1,3,1,0,1,0,0000000,2,47,3,0,3,35,0,0,0,1,0
34,340066,1,1,0,0,0,1,1,11,724,21,2,2012,3,19,7,0,6,4,CR-659,,75,39.46675,-75.10843889,0,42,0,0,1,1,0,5,2,1,0,1,0,0000000,19,6,19,20,19,42,0,0,0,1,0
34,340067,1,1,0,1,1,1,1,17,1540,16,2,2012,5,4,9,1,13,3,SR-7,,7,40.74273611,-74.08660833,0,9,0,0,1,1,0,1,2,1,0,1,0,0000000,99,99,99,99,99,99,0,0,0,1,0
34,340068,1,1,0,0,0,2,2,27,2040,13,2,2012,2,9,4,0,14,4,CR-618,POWERVILLE RD,19,40.90052778,-74.42839167,0,33,0,0,3,4,0,4,1,1,0,1,0,0000000,9,11,9,20,88,88,0,0,0,1,0
34,340069,1,1,0,1,1,0,0,39,3395,19,2,2012,1,21,26,0,16,6,MILLTON AVE,,0,40.69608889,-74.2822,0,33,0,0,1,1,0,4,3,1,0,1,0,0000000,99,99,99,99,99,99,0,0,0,1,0
34,340070,1,1,0,0,0,1,1,1,0,5,3,2012,2,18,24,0,16,5,SIXTH ROAD,,0,39.57061944,-74.86738056,0,42,0,0,1,1,0,4,3,1,0,1,0,0000000,99,99,99,99,99,99,0,0,0,1,0
34,340071,1,1,0,1,1,1,1,17,1200,20,2,2012,2,15,44,0,16,6,BELLEVUE AVE,BLVD EAST,0,40.79218056,-74.00098056,0,8,0,0,2,2,0,1,1,1,0,1,0,0000000,99,99,99,99,99,99,0,0,0,1,0
34,340072,1,1,0,0,0,2,2,5,3149,5,3,2012,2,10,49,1,13,3,SR-23,,235,39.88925,-74.64883056,0,42,0,0,1,1,0,4,1,1,0,1,0,0000000,10,49,10,55,88,88,0,0,0,2,0
34,340073,2,2,0,0,0,4,4,25,1798,3,3,2012,7,23,18,0,13,3,SR-33,YATES ROAD,3,40.25500833,-74.32900556,0,12,6,0,2,3,0,1,2,1,0,1,0,0000000,99,99,99,99,99,99,0,0,0,1,0
34,340074,2,2,0,0,0,3,3,7,520,23,2,2012,5,16,29,0,15,6,PINE ST,MEMORIAL AVE,0,39.93733611,-75.10784167,0,12,6,0,2,2,0,1,1,1,0,1,0,0000000,16,7,16,9,16,18,0,0,0,1,0
34,340075,2,2,0,0,0,4,4,1,0,24,2,2012,6,17,7,0,14,4,CR-575,ALEXANDER DR,100,39.46063333,-74.61658889,0,12,2,0,3,3,0,1,5,2,0,2,0,0000000,17,15,17,24,18,7,0,0,0,1,0
34,340076,1,1,0,0,0,2,2,13,2130,25,2,2012,7,19,34,1,12,3,SR-21,,46,40.76725556,-74.15975833,0,25,0,0,1,1,0,3,2,1,0,1,0,0000000,19,40,19,55,20,24,0,0,0,1,0
34,340077,1,1,0,1,1,2,2,13,2130,26,2,2012,1,2,35,1,13,4,CR-603,PIERCE ST,0,40.73108333,-74.20643056,0,9,0,0,2,4,0,1,3,1,0,1,0,0000000,2,54,3,0,3,17,0,0,0,1,0
34,340078,2,2,0,0,0,11,11,17,3590,3,3,2012,7,21,0,0,14,4,CR-693,,0,40.78583889,-74.00787778,0,12,2,0,1,1,0,1,2,1,0,1,0,0000000,99,99,99,99,99,99,0,0,0,1,1
34,340079,1,1,0,1,1,1,1,23,770,24,2,2012,6,10,52,0,13,3,SR-28,,119,40.59006111,-74.46584444,0,8,0,0,4,1,0,99,1,1,0,1,0,0000000,10,55,11,0,11,45,0,0,0,1,0
34,340080,2,2,0,0,0,5,5,39,860,8,3,2012,5,16,58,1,11,1,I-95,,539,40.63928889,-74.20671111,0,24,0,0,1,1,0,3,1,1,0,1,0,0000000,17,1,17,43,18,22,0,0,0,1,0