STATE,ST_CASE,VE_TOTAL,VE_FORMS,PVH_INVL,PEDS,PERNOTMVIT,PERMVIT,PERSONS,COUNTY,CITY,DAY,MONTH,YEAR,DAY_WEEK,HOUR,MINUTE,NHS,ROAD_FNC,ROUTE,TWAY_ID,TWAY_ID2,MILEPT,LATITUDE,LONGITUD,SP_JUR,HARM_EV,MAN_COLL,RELJCT1,RELJCT2,TYP_INT,WRK_ZONE,REL_ROAD,LGT_COND,WEATHER1,WEATHER2,WEATHER,SCH_BUS,RAIL,NOT_HOUR,NOT_MIN,ARR_HOUR,ARR_MIN,HOSP_HR,HOSP_MN,CF1,CF2,CF3,FATALS,DRUNK_DR
34,340081,2,2,0,0,0,3,3,1,1270,10,3,2012,7,13,11,1,13,2,US-30,S. EGG HARBOR ROAD,319,39.61535833,-74.77211389,0,12,2,0,2,4,0,1,1,1,0,1,0,0000000,13,28,13,52,14,16,0,0,0,1,0
34,340082,3,3,0,0,0,4,4,23,3705,27,2,2012,2,19,20,0,13,3,SR-35,WOODBINE AVE,577,40.58853611,-74.29091944,0,12,6,0,2,3,0,1,3,1,0,1,0,0000000,19,24,19,59,20,22,0,0,0,1,0
34,340083,1,1,0,0,0,1,1,29,3360,11,3,2012,1,23,1,0,14,4,CR-549,,0,39.95739167,-74.19187778,0,33,0,0,1,1,0,4,3,1,0,1,0,0000000,88,88,88,88,88,88,0,0,0,1,1
34,340084,2,2,0,0,0,2,2,5,0,28,2,2012,3,15,32,0,13,4,CR-530,,0,39.9615,-74.65635278,0,12,2,0,1,1,0,1,1,1,0,1,0,0000000,15,33,15,40,16,24,0,0,0,1,0
34,340085,1,1,0,0,0,1,1,27,2498,15,3,2012,5,1,51,1,11,1,I-80,,472,40.86248056,-74.34973889,0,24,0,0,1,1,0,3,2,1,0,1,0,0000000,2,12,2,45,2,54,0,0,0,1,1
34,340086,4,1,3,0,4,1,5,31,2510,26,2,2012,1,3,24,0,15,6,21ST STREET,EAST 22ND ST,0,40.90661944,-74.15583056,0,14,0,0,3,2,0,4,3,1,0,1,0,0000000,3,27,99,99,99,99,0,0,0,1,1
34,340087,2,2,0,0,0,2,2,15,0,11,3,2012,1,17,39,0,16,5,SALINA ROAD,SEWELL ROAD,0,39.76668611,-75.11303056,0,12,1,0,2,4,0,1,1,1,0,1,0,0000000,17,40,17,49,18,5,0,0,0,1,0
34,340088,2,2,0,0,0,2,2,3,1330,3,2,2012,6,15,59,0,16,6,WASHINGTON PLACE,WOODSIDE AVE,0,40.86718889,-74.08153333,0,12,1,0,2,3,0,1,1,1,0,1,0,0000000,15,46,99,99,99,99,0,0,0,1,1
34,340089,2,2,0,0,0,2,2,31,3582,13,2,2012,2,6,41,0,14,4,CR-511,,0,41.13746944,-74.33728889,0,12,2,0,1,1,0,1,4,1,0,1,0,0000000,6,53,99,99,99,99,0,0,0,1,0
34,340090,1,1,0,1,1,3,3,21,935,11,1,2012,4,17,24,1,13,3,SR-31,CR-636,15,40.24523889,-74.77563889,0,8,0,0,2,2,0,1,5,1,0,1,0,0000000,17,55,18,0,18,8,0,0,0,1,0
34,340091,1,1,0,1,1,1,1,3,1060,27,2,2012,2,9,11,0,16,6,EDWIN AVE,,0,40.85583889,-73.97696111,0,8,0,0,4,1,0,1,1,1,0,1,0,0000000,9,9,9,19,9,54,0,0,0,1,0
34,340092,1,1,0,1,1,1,1,31,2510,22,1,2012,1,3,8,1,13,3,SR-20,,0,40.90973889,-74.13406944,0,8,0,0,1,1,0,1,3,1,0,1,0,0000000,99,99,99,99,99,99,0,0,0,1,0
34,340093,1,1,0,0,0,2,2,5,3149,14,2,2012,3,14,24,0,5,4,CR-616,,158,39.94541944,-74.69963889,0,38,0,0,1,1,0,5,1,1,0,1,0,0000000,14,26,14,38,15,3,0,0,0,1,0
34,340094,2,2,0,0,0,2,2,15,3569,16,3,2012,6,7,6,0,14,4,CR-551,CR-643,0,39.81629722,-75.19446944,0,12,2,0,2,4,0,1,4,10,0,10,0,0000000,7,6,7,16,7,44,0,0,0,1,0
34,340095,2,2,0,0,0,5,5,11,3460,15,2,2012,4,13,18,0,15,6,CHESTNUT AVE,8TH ST,0,39.47868333,-75.01925,0,12,6,0,2,2,0,1,1,1,0,1,0,0000000,13,20,13,28,13,48,0,0,0,2,0
34,340096,1,1,0,0,0,1,1,3,1080,16,3,2012,6,20,17,0,14,4,CR-117,SUMMIT AVENUE,0,41.00761111,-74.22696389,0,1,0,0,2,3,0,1,3,1,0,1,0,0000000,20,10,20,26,88,88,0,0,0,1,1
34,340097,2,2,0,0,0,3,3,27,2567,18,3,2012,1,1,9,1,13,3,SR-23,NEWARK-PEQUANNOCK TURNPIKE,119,40.97846111,-74.29817222,0,12,6,0,3,2,0,5,3,1,0,1,0,0000000,1,8,1,29,99,99,0,0,0,1,1
34,340098,4,4,0,0,0,5,5,17,1540,25,4,2012,4,17,39,1,13,3,SR-7,,34,40.76786667,-74.12376944,0,12,1,0,1,1,0,1,1,1,0,1,0,0000000,99,99,99,99,99,99,0,0,0,1,0
34,340099,1,1,0,0,0,1,1,29,0,2,4,2012,2,4,56,1,12,8,444,,618,39.68303889,-74.30236111,0,1,0,0,1,1,1,5,2,1,0,1,0,0000000,99,99,99,99,99,99,0,0,0,1,0
34,340100,1,1,0,0,0,1,1,5,0,8,4,2012,1,16,47,1,2,2,US-206,,290,40.05021944,-74.72533056,0,30,0,0,1,1,0,5,1,1,0,1,0,0000000,16,42,17,1,17,27,0,0,0,1,0
34,340101,4,1,3,0,0,2,2,1,851,9,3,2012,6,1,15,1,13,2,US-40,TILTON ROAD,573,39.40148889,-74.56193889,0,33,0,0,3,3,0,3,2,1,0,1,0,0000000,1,21,1,26,88,88,0,0,0,1,0
34,340102,1,1,0,0,0,1,1,5,0,11,4,2012,4,5,34,0,16,4,CR-660,RISING SUN RD,0,40.11858611,-74.70813611,0,33,0,0,2,3,1,4,3,1,0,1,0,0000000,5,35,5,43,88,88,0,0,0,1,0
34,340103,1,1,0,0,0,1,1,3,3640,5,4,2012,5,14,51,0,14,4,CR-59,MEADOW RD,0,40.98258056,-74.04107222,0,33,0,0,2,3,0,4,1,1,0,1,0,0000000,14,52,14,59,15,36,0,0,0,1,0
34,340104,4,1,3,1,1,1,1,21,0,26,4,2012,5,23,9,0,14,4,CR-614,NORTH JOHNSTON AVE,0,40.23346944,-74.73325278,0,8,0,0,1,1,0,1,3,10,0,10,0,0000000,23,13,23,20,23,33,0,0,0,1,0
34,340105,2,2,0,0,0,3,3,31,3370,7,4,2012,7,6,5,1,11,1,I-80,,547,40.89931667,-74.23168889,0,12,7,0,1,1,0,1,1,1,0,1,0,0000000,6,10,6,18,88,88,0,0,0,1,0
34,340106,2,2,0,0,0,2,2,23,704,8,3,2012,5,19,21,0,13,2,US-130,,712,40.3051,-74.51077778,0,12,1,0,1,1,0,1,3,1,0,1,0,0000000,19,18,19,50,20,31,0,0,0,1,1
34,340107,1,1,0,0,0,1,1,7,0,4,4,2012,4,5,26,1,13,3,SR-73,,162,39.788175,-74.910775,0,33,0,0,1,1,0,4,3,1,0,1,0,0000000,5,27,5,34,6,36,0,0,0,1,0
34,340108,1,1,0,0,0,2,2,25,1465,12,4,2012,5,18,40,0,3,3,SR-34,,90,40.22428333,-74.13850278,0,42,0,0,1,1,0,5,1,1,0,1,0,0000000,99,99,99,99,99,99,0,0,0,1,0
34,340109,2,1,1,0,0,1,1,31,2510,17,4,2012,3,18,43,0,16,6,NORTH 1ST ST,,0,40.92576111,-74.1717,0,14,0,0,1,1,0,2,1,1,0,1,0,0000000,18,43,18,51,19,21,0,0,0,1,1
34,340110,2,2,0,0,0,4,4,23,2417,25,4,2012,4,7,27,1,13,3,SR-18,FERRY RD,317,40.38151389,-74.32590278,0,12,6,0,2,2,0,1,1,1,0,1,0,0000000,7,30,7,31,8,3,0,0,0,1,0
34,340111,2,2,0,1,1,3,3,5,1290,17,4,2012,3,21,25,0,13,3,SR-38,,138,39.97732222,-74.830375,0,8,0,0,1,1,0,1,3,1,0,1,0,0000000,21,25,21,36,88,88,0,0,0,1,0
34,340112,1,1,0,1,1,1,1,29,3360,19,3,2012,2,22,55,1,13,2,US-9,,986,40.045775,-74.22216389,0,8,0,0,1,1,0,1,3,1,0,1,0,0000000,22,58,23,6,23,21,0,0,0,1,0
34,340113,1,1,0,1,1,1,1,21,0,16,3,2012,6,6,43,0,16,5,CYPRESS LANE,COTTONWOOD DRIVE,0,40.21515833,-74.68723333,0,8,0,0,3,3,0,1,3,10,0,10,0,0000000,6,47,6,51,7,16,0,0,0,1,0
34,340115,1,1,0,1,1,1,1,5,1290,23,3,2012,6,18,16,0,16,5,DAVENPORT AVENUE,,0,39.985,-74.81456111,0,8,0,0,1,1,0,1,1,1,0,1,0,0000000,18,16,18,20,18,31,0,0,0,1,0
34,340116,1,1,0,0,0,2,2,21,935,16,3,2012,6,2,5,0,14,4,CR-643,HILLSIDE AVENUE,27,40.27208889,-74.79119444,0,33,0,0,3,3,0,4,3,2,0,2,0,0000000,2,5,2,17,2,39,0,0,0,1,1
34,340117,2,2,0,0,0,2,2,21,825,12,4,2012,5,13,11,0,13,3,SR-33,WOODSIDE AVE,151,40.26913611,-74.50647222,0,12,6,0,2,2,0,1,1,1,0,1,0,0000000,13,11,13,22,14,7,0,0,0,1,0
34,340118,1,1,0,1,1,2,2,11,0,24,3,2012,7,20,57,0,16,6,S. DELSEA DRIVE,NEW ALMOND STREET,0,39.48328333,-75.04331389,0,9,0,0,3,3,0,1,3,1,0,1,0,0000000,99,99,99,99,99,99,0,0,0,1,1
34,340119,2,2,0,0,0,2,2,25,390,14,3,2012,4,15,42,0,15,4,CR-18 III,OCEAN PARK AVENUE,47,40.20410556,-74.00645556,0,12,6,0,2,3,0,1,1,1,0,1,0,0000000,99,99,99,99,99,99,0,0,0,1,0
34,340120,1,1,0,0,0,1,1,31,660,15,4,2012,1,13,25,0,15,6,BRIGHTON RD,,0,40.84725278,-74.15948611,0,33,0,0,1,1,0,4,1,1,0,1,0,0000000,13,25,13,28,13,44,0,0,0,1,0
34,340121,1,1,0,0,0,3,3,23,3144,31,3,2012,7,3,41,0,14,4,CR-614,,0,40.332725,-74.52305556,0,30,0,0,1,1,0,4,2,2,0,2,0,0000000,3,16,3,27,4,21,0,0,0,1,1
34,340122,1,1,0,1,1,1,1,39,3395,13,3,2012,3,21,59,0,14,4,CR-637,,0,40.71146667,-74.28865278,0,8,0,0,1,1,0,1,3,1,0,1,0,0000000,99,99,99,99,99,99,0,0,0,1,0
34,340123,1,1,0,1,1,2,2,39,2975,26,4,2012,5,20,54,1,13,2,US-22,HARDING RD,482,40.66274167,-74.39117222,0,8,0,0,2,2,0,1,3,2,0,2,0,0000000,20,54,21,3,99,99,0,0,0,1,0
34,340124,4,4,0,0,0,7,7,23,3705,16,3,2012,6,1,34,1,12,8,GARDEN STATE PARKWAY,,1307,40.55623889,-74.31918889,0,12,1,0,1,1,0,1,3,2,0,2,0,0000000,1,39,1,51,2,30,0,0,0,1,1
34,340125,1,1,0,1,1,1,1,9,0,28,4,2012,7,22,52,0,14,3,SR-47,SECOND ST,35,39.01333333,-74.87400556,0,8,0,0,3,2,0,1,2,2,0,2,0,0000000,22,51,22,58,99,99,0,0,0,1,0
34,340126,1,1,0,1,1,1,1,21,1650,7,5,2012,2,9,38,1,13,2,US-1,,72,40.28576111,-74.69311944,0,9,0,0,1,1,0,1,1,10,0,10,0,0000000,9,41,9,50,10,9,0,0,0,1,0
34,340127,2,2,0,0,0,2,2,17,190,15,3,2012,5,7,55,0,16,6,AVENUE E,10TH STREET,0,40.65481111,-74.12409167,0,12,6,0,2,3,0,1,1,1,0,1,0,0000000,99,99,99,99,99,99,0,0,0,1,1
34,340128,1,1,0,2,2,1,1,31,660,17,3,2012,7,3,57,0,13,2,US-46,7TH STREET,619,40.87839722,-74.15586944,0,8,0,0,2,2,0,1,3,5,0,5,0,0000000,3,57,4,13,4,24,0,0,0,2,0
34,340129,1,1,0,0,0,2,2,37,3196,16,3,2012,6,1,14,0,16,5,LAMBERT DRIVE,BENHAM WAY,0,41.05478611,-74.664,0,53,0,0,2,3,0,4,2,1,0,1,0,0000000,1,16,1,21,2,4,0,0,0,1,1
34,340130,2,2,0,0,0,2,2,17,1520,27,3,2012,3,3,34,1,13,2,US-1,,562,40.75871667,-74.05248611,0,12,1,0,1,1,0,1,3,1,0,1,0,0000000,99,98,99,98,99,98,0,0,0,1,1
34,340131,5,1,4,1,1,1,1,27,781,5,5,2012,7,13,47,0,14,4,CR-632,,20,40.81386944,-74.390225,0,33,0,0,1,1,0,4,1,1,0,1,0,0000000,13,47,14,2,14,25,0,0,0,1,1
34,340132,1,1,0,1,1,1,1,1,3440,5,5,2012,7,21,3,0,14,6,ATLANTIC AVENUE,LITTLE ROCK AVENUE,0,39.34194444,-74.47074167,0,8,0,0,3,2,0,1,3,1,0,1,0,0000000,99,99,99,99,99,99,0,0,0,1,1
34,340133,1,1,0,0,0,2,2,1,850,17,5,2012,5,2,14,0,15,4,CR-563,,0,39.54540556,-74.62834167,0,1,0,0,1,1,0,5,2,1,0,1,0,0000000,99,99,99,99,3,0,0,0,0,2,1
34,340134,1,1,0,1,1,2,2,17,1540,5,5,2012,7,20,9,0,16,6,KEARNY AVENUE,,0,40.75695833,-74.15403333,0,8,0,0,1,1,0,1,3,1,0,1,0,0000000,88,88,88,88,88,88,0,0,0,1,0
34,340135,1,1,0,0,0,2,2,17,1520,25,4,2012,4,23,44,1,11,1,I-78/95,,658,40.71645278,-74.05570556,0,1,0,0,1,1,0,1,3,1,0,1,0,0000000,99,99,99,99,99,99,0,0,0,1,0
34,340136,1,1,0,0,0,2,2,31,3370,29,4,2012,1,5,56,1,11,1,I-80,,559,40.90421111,-74.19281944,0,33,0,0,1,1,0,4,1,1,0,1,0,0000000,6,2,6,10,6,30,0,0,0,1,1
34,340137,2,2,0,0,0,4,4,3,1750,10,4,2012,3,23,3,1,11,1,I-80,,643,40.88681111,-74.06965,0,12,1,0,1,1,1,1,3,1,0,1,0,0000000,23,18,23,25,0,2,0,0,0,2,1
34,340138,1,1,0,0,0,1,1,27,2498,14,4,2012,7,6,44,1,11,1,I-280,,17,40.85218889,-74.35538056,0,42,0,0,1,1,0,5,1,1,0,1,0,0000000,6,50,7,2,7,21,0,0,0,1,1
34,340139,2,2,0,0,0,2,2,37,1576,20,4,2012,6,19,16,1,2,3,SR-15,,187,41.11105,-74.70416111,0,12,6,0,4,1,0,1,1,1,0,1,0,0000000,19,15,19,27,19,44,0,0,0,1,0
34,340140,4,4,0,0,0,4,4,23,779,2,4,2012,2,13,34,1,11,1,I-95,,365,40.4516,-74.42148889,0,12,1,0,1,1,0,1,1,1,0,1,0,0000000,14,27,14,37,14,40,0,0,0,1,0
34,340141,1,1,0,0,0,3,3,23,3144,30,4,2012,2,11,45,1,11,1,I-95,,298,40.37038056,-74.4652,0,25,0,0,1,1,1,10,1,1,0,1,0,0000000,11,50,12,1,12,31,0,0,0,1,0
34,340142,2,2,0,1,1,2,2,29,416,3,5,2012,5,20,43,1,13,3,SR-70,,572,40.08789444,-74.10213056,0,8,0,0,1,1,0,1,2,1,0,1,0,0000000,20,48,20,52,21,31,19,0,0,1,0
34,340143,1,1,0,1,1,1,1,29,416,31,5,2012,5,23,36,0,13,4,CR-549,MOLLY LANE,0,40.02270278,-74.14431944,0,8,0,0,3,4,0,1,3,1,0,1,0,0000000,23,38,23,45,0,7,0,0,0,1,0
34,340144,2,2,0,0,0,2,2,29,0,30,3,2012,6,12,47,0,4,4,CR-532,,310,39.79136944,-74.19680833,0,12,8,0,1,1,0,1,1,1,0,1,0,0000000,99,99,99,99,14,22,0,0,0,1,1
34,340145,1,1,0,0,0,1,1,9,0,22,5,2012,3,2,50,0,15,4,CR-639,,0,38.98048611,-74.92331111,0,30,0,0,1,1,0,5,2,2,0,2,0,0000000,99,99,99,99,99,99,5,0,0,1,1
34,340146,2,1,1,0,1,1,2,5,611,17,4,2012,3,17,14,1,11,1,I-95,,103,40.14548056,-74.67386111,0,14,0,0,1,1,0,2,1,1,0,1,0,0000000,17,19,17,40,88,88,0,0,0,1,0
34,340147,1,1,0,0,0,1,1,15,0,15,4,2012,1,18,51,0,16,5,PINEY HOLLOW ROAD,,0,39.60799722,-74.91039722,0,35,0,0,1,1,0,4,1,1,0,1,0,0000000,18,52,19,17,19,33,0,0,0,1,1
34,340148,2,2,0,0,0,2,2,29,0,18,5,2012,6,18,35,0,13,2,US-9,,664,39.64281944,-74.30058056,0,12,6,0,4,1,0,1,1,1,0,1,0,0000000,18,32,18,42,88,88,0,0,0,1,0
34,340149,1,1,0,0,0,2,2,5,2081,15,5,2012,3,2,9,1,11,1,I-295,,436,39.99575,-74.8685,0,23,0,0,1,1,0,3,2,1,0,1,0,0000000,2,8,2,19,2,45,0,0,0,1,1
34,340150,1,1,0,0,0,1,1,31,3522,2,6,2012,7,14,7,1,13,3,SR-23,,55,40.89841389,-74.25378611,0,24,0,1,5,1,0,4,1,1,0,1,0,0000000,99,99,99,99,99,99,0,0,0,1,0
34,340151,1,1,0,1,1,1,1,5,2080,25,5,2012,6,21,11,0,13,4,CR-541,,0,39.99818333,-74.80282222,0,8,0,0,1,1,0,1,2,1,0,1,0,0000000,21,12,21,16,88,88,0,0,0,1,1
34,340152,1,1,0,0,0,1,1,29,416,4,6,2012,2,17,37,0,16,6,CLUBHOUSE RD,BOOM LANE,0,40.0277,-74.1221,0,33,0,0,3,2,0,4,1,1,0,1,0,0000000,17,38,17,46,18,13,0,0,0,1,1
34,340153,2,2,0,0,0,2,2,31,660,14,5,2012,2,23,40,0,14,3,SR-161,,5,40.85963611,-74.16773611,0,12,2,0,1,1,0,1,3,2,0,2,0,0000000,23,40,23,46,0,8,0,0,0,1,1
34,340154,2,2,0,0,0,2,2,39,1412,11,6,2012,2,17,11,1,13,2,US-22,HILLDALE PLACE,580,40.69783611,-74.21909444,0,5,0,0,2,3,0,1,1,1,0,1,0,0000000,99,99,99,99,99,99,0,0,0,1,0
34,340156,1,1,0,1,1,1,1,7,598,18,1,2012,4,17,33,0,13,4,CR-644,,0,39.94311389,-75.02892778,0,8,0,0,1,1,0,1,2,1,0,1,0,0000000,17,33,17,39,17,48,0,0,0,1,0
34,340157,4,2,2,0,0,12,12,29,3360,5,4,2012,5,14,26,0,14,4,CR-549S2,YELLOWBANK RD,0,39.98425833,-74.14414444,0,12,6,0,2,2,0,1,1,1,0,1,1,0000000,14,32,14,32,15,17,0,0,0,1,1
34,340158,2,2,0,0,0,2,2,33,2617,14,4,2012,7,19,51,0,6,5,LOWER MILL ROAD,,0,39.55951944,-75.17196944,0,12,7,0,1,1,0,1,5,1,0,1,0,0000000,19,48,19,56,20,18,0,0,0,1,1
34,340159,1,1,0,0,0,2,2,3,950,29,3,2012,5,1,57,1,12,3,SR-208,,18,40.93598056,-74.12379167,0,33,0,0,1,1,0,4,3,1,0,1,0,0000000,1,55,2,4,2,55,0,0,0,1,1
34,340160,1,1,0,1,1,1,1,7,630,18,3,2012,1,5,47,1,13,2,US-30,CR-686,135,39.81238889,-74.98523889,0,8,0,0,3,2,0,1,4,1,0,1,0,0000000,5,49,5,54,99,99,0,0,0,1,0
34,340161,2,2,0,0,0,3,3,29,1801,18,4,2012,4,1,8,1,13,3,SR-70,,458,40.01491667,-74.28573056,0,12,2,0,1,1,0,1,3,1,0,1,0,0000000,99,99,99,99,2,31,0,0,0,1,1
34,340162,2,2,0,0,0,3,3,29,0,16,6,2012,7,13,16,0,16,5,NAUTILUS DRIVE,NORMANDIE DRIVE,0,39.8476,-74.18059722,0,1,0,0,2,3,0,1,1,1,0,1,0,0000000,99,99,99,99,99,99,14,0,0,1,0
34,340163,1,1,0,0,0,1,1,29,0,3,6,2012,1,16,8,0,3,4,CR-537,,0,40.105875,-74.50364722,0,1,0,0,1,1,0,1,1,1,0,1,0,0000000,16,9,16,15,88,88,0,0,0,1,0
34,340164,4,4,0,0,0,6,6,29,1590,11,2,2012,7,15,2,0,16,5,CEDAR BRIDGE AVENUE,,0,40.08182222,-74.19916389,0,12,6,0,1,1,0,1,1,2,10,2,0,0000000,15,2,15,7,15,49,0,0,0,2,0
34,340165,2,2,0,0,0,2,2,29,1590,4,4,2012,4,7,15,0,13,4,CR-623,CR-528,0,40.07586667,-74.18444722,0,12,6,0,2,2,0,1,1,1,0,1,0,0000000,7,16,7,16,7,42,0,0,0,1,0
34,340166,1,1,0,1,1,2,2,13,2130,20,4,2012,6,0,20,1,11,1,I-280,,129,40.75318889,-74.19463056,0,8,0,0,1,1,0,1,3,1,0,1,0,0000000,0,24,0,35,88,88,23,0,0,1,0
34,340167,1,1,0,1,1,1,1,13,800,23,1,2012,2,6,48,1,13,6,MAIN ST,S. HARRISON ST,0,40.76749444,-74.21965,0,8,0,0,2,2,0,1,3,2,0,2,0,0000000,6,51,7,4,88,88,0,0,0,1,0
34,340168,2,2,0,0,0,2,2,37,1993,26,5,2012,7,16,20,1,2,3,SR-23,,490,41.31186111,-74.6782,0,1,0,0,1,1,0,1,1,10,0,10,0,0000000,16,21,16,55,88,88,14,0,0,1,1
34,340170,1,1,0,0,0,4,4,13,2130,9,1,2012,2,5,43,0,16,6,NYE AVE,OSBORNE TERRACE,0,40.71537222,-74.20803056,0,5,0,0,2,2,0,1,3,1,0,1,0,0000000,5,46,6,7,88,88,0,0,0,1,0
34,340171,2,2,0,0,0,2,2,13,2130,13,5,2012,1,19,50,1,13,4,CR-603,S. 19TH STREET,0,40.72982222,-74.21346111,0,12,6,0,2,2,0,1,1,1,0,1,0,0000000,19,46,19,55,20,13,0,0,0,1,0
34,340172,2,1,1,0,0,1,1,13,1480,23,3,2012,6,16,41,0,16,6,DURAND PLACE,,0,40.72268611,-74.24219167,0,14,0,0,1,1,0,4,1,1,0,1,0,0000000,99,99,99,99,99,99,0,0,0,1,0
34,340173,2,2,0,0,0,3,3,13,2130,18,5,2012,6,3,10,1,12,2,US-1,WILSON STREET EXIT,499,40.72326389,-74.14574167,0,12,2,0,1,1,0,1,2,1,0,1,0,0000000,3,30,3,38,99,99,0,0,0,1,1
34,340174,1,1,0,1,1,1,1,13,1480,30,4,2012,2,6,24,1,13,4,CR-603,NEW ST,0,40.72616389,-74.23045,0,8,0,0,2,2,0,1,1,1,0,1,0,0000000,99,99,99,99,99,99,0,0,0,1,0
34,340175,1,1,0,0,0,1,1,29,3360,2,6,2012,7,7,3,1,12,8,GARDEN STATE PARKWAY,,862,40.01203056,-74.18798056,0,1,0,0,1,1,0,5,1,1,0,1,0,0000000,7,13,99,97,99,97,0,0,0,1,1
34,340176,1,1,0,1,1,3,3,3,883,17,4,2012,3,14,6,0,13,3,SR-4,ORANGE AVE,4,40.91913611,-74.12560833,0,8,0,0,2,2,0,1,1,1,0,1,0,0000000,99,99,99,99,99,99,0,0,0,1,0
34,340177,2,2,0,0,0,2,2,29,1505,17,4,2012,3,14,6,0,14,4,CR-636,SOUTH COOKS BRIDGE RD,0,40.12247222,-74.28967778,0,12,6,0,2,2,0,1,1,1,0,1,0,0000000,99,99,99,99,99,99,0,0,0,1,1
34,340178,1,1,0,0,0,2,2,29,0,20,4,2012,6,22,38,0,16,6,BREAKERS DRIVE,,0,39.74640556,-74.29571389,0,5,0,0,1,1,0,5,3,1,0,1,0,0000000,99,99,99,99,99,99,0,0,0,1,1
34,340179,1,1,0,0,0,3,3,35,1081,15,5,2012,3,11,21,0,16,5,HELLER PARK LANE,,0,40.52365278,-74.55130278,0,18,0,0,1,1,0,1,1,1,0,1,0,0000000,11,22,11,41,12,28,0,0,0,1,0
34,340180,1,1,0,0,0,1,1,23,2140,14,4,2012,7,0,38,0,14,4,CR-693,,0,40.4879,-74.45832222,0,33,0,0,1,1,0,4,3,1,0,1,0,0000000,0,39,0,45,1,2,0,0,0,1,1
34,340181,3,3,0,0,0,3,3,3,2480,13,6,2012,4,21,49,1,13,3,SR-17,CENTURY RD,129,40.92851111,-74.07073611,0,12,1,0,1,1,0,1,3,1,0,1,0,0000000,21,52,22,2,88,88,13,0,0,1,1
34,340182,1,1,0,0,0,2,2,5,3325,16,5,2012,4,0,57,0,4,4,CR-532,,0,39.82688056,-74.60585,0,42,0,0,1,1,0,4,2,10,0,10,0,0000000,1,3,1,22,2,17,0,0,0,1,0
34,340183,2,2,0,0,0,4,4,1,0,23,5,2012,4,20,44,0,3,3,SR-50,,221,39.48736389,-74.69873333,0,12,2,0,1,1,0,1,2,1,0,1,0,0000000,20,45,20,46,21,35,0,0,0,1,1
34,340184,3,3,0,0,0,4,4,25,0,5,6,2012,3,14,9,0,4,4,CR-23,,4,40.17433056,-74.29047778,0,12,8,0,1,1,0,1,1,10,0,10,0,0000000,99,99,99,99,99,99,0,0,0,1,0
34,340185,1,1,0,2,2,2,2,35,1081,16,5,2012,4,15,10,0,14,4,CR-514,,0,40.48867778,-74.48004722,0,8,0,0,1,1,0,1,1,1,0,1,0,0000000,15,11,15,17,15,42,0,0,0,1,0
34,340186,1,1,0,1,1,1,1,13,320,6,6,2012,4,21,43,0,14,4,CR-509,,0,40.80742222,-74.19243889,0,8,0,0,1,1,0,1,3,2,10,2,0,0000000,21,44,21,46,22,27,0,0,0,1,0
34,340187,1,1,0,1,1,1,1,13,2130,5,6,2012,3,9,0,0,16,6,CLINTON AVENUE,ASTOR STREET,0,40.72418333,-74.18436389,0,8,0,0,3,3,0,1,1,1,0,1,0,0000000,9,11,9,18,88,88,0,0,0,1,0
34,340189,2,1,1,0,1,1,2,7,3694,5,3,2012,2,17,22,1,12,8,ACE-446,,335,39.6805,-74.90463889,0,14,0,0,1,1,0,2,1,1,0,1,0,0000000,17,22,17,39,18,5,0,0,0,1,1
34,340190,2,2,0,0,0,2,2,1,1105,21,6,2012,5,9,12,1,13,2,US-30,,475,39.46845833,-74.56069722,0,12,7,0,1,1,0,1,1,1,0,1,0,0000000,9,12,9,20,9,55,0,0,0,1,0
34,340191,2,2,0,0,0,2,2,15,1082,20,5,2012,1,4,54,1,13,2,US-40,ST. GEORGE STREET,285,39.56333056,-75.02682222,0,12,8,0,2,3,0,1,4,1,0,1,0,0000000,4,54,5,2,88,88,0,0,0,1,1
34,340192,1,1,0,0,0,1,1,13,2130,4,7,2012,4,0,30,1,13,3,SR-21,,1,40.7084,-74.17944444,0,24,0,1,5,1,0,3,6,1,0,1,0,0000000,0,37,0,46,88,88,0,0,0,1,0
34,340193,1,1,0,1,1,1,1,31,3522,21,6,2012,5,1,15,1,13,2,US-46,,567,40.89460833,-74.2416,0,8,0,0,1,1,0,1,3,1,0,1,0,0000000,1,19,99,97,99,97,0,0,0,1,0
34,340195,1,1,0,0,0,2,2,27,2084,19,6,2012,3,20,12,0,6,5,WOLFE ROAD,,0,40.85417222,-74.75383611,0,33,0,0,1,1,0,4,2,1,0,1,0,0000000,99,98,99,98,99,98,0,0,0,2,0
34,340196,3,3,0,1,1,3,3,39,2900,16,2,2012,5,18,44,0,14,4,CR-612,,0,40.65977222,-74.24685,0,8,0,0,1,1,0,1,3,2,0,2,0,0000000,18,42,18,46,88,88,0,0,0,1,0
34,340197,2,2,0,0,0,2,2,23,3705,22,3,2012,5,15,43,0,14,4,CR-611,MILOS WAY,0,40.56409722,-74.25259444,0,12,6,0,2,2,0,1,1,1,0,1,0,0000000,15,45,16,0,88,88,0,0,0,1,0
34,340198,2,2,0,0,0,4,4,33,2617,9,5,2012,4,7,7,1,2,2,US-40,,215,39.59754444,-75.14462778,0,12,2,0,1,1,0,1,1,2,0,2,0,0000000,7,7,7,18,7,48,0,0,0,2,1
34,340199,2,2,0,0,0,2,2,39,860,29,5,2012,3,16,19,1,11,1,I-95,,540,40.6386,-74.2084,0,33,0,1,5,1,0,4,1,1,0,1,0,0000000,16,27,16,29,88,88,0,0,0,1,0