STATE,ST_CASE,VE_TOTAL,VE_FORMS,PVH_INVL,PEDS,PERNOTMVIT,PERMVIT,PERSONS,COUNTY,CITY,DAY,MONTH,YEAR,DAY_WEEK,HOUR,MINUTE,NHS,ROAD_FNC,ROUTE,TWAY_ID,TWAY_ID2,MILEPT,LATITUDE,LONGITUD,SP_JUR,HARM_EV,MAN_COLL,RELJCT1,RELJCT2,TYP_INT,WRK_ZONE,REL_ROAD,LGT_COND,WEATHER1,WEATHER2,WEATHER,SCH_BUS,RAIL,NOT_HOUR,NOT_MIN,ARR_HOUR,ARR_MIN,HOSP_HR,HOSP_MN,CF1,CF2,CF3,FATALS,DRUNK_DR
34,340201,2,2,0,0,0,2,2,35,1417,17,5,2012,5,16,31,0,14,4,CR-514,,0,40.50189167,-74.64263333,0,12,6,0,1,1,0,1,1,1,0,1,0,0000000,16,31,16,36,17,30,0,0,0,1,0
34,340202,7,1,6,0,0,3,3,39,860,24,3,2012,7,0,38,0,16,6,THIRD STREET,,0,40.65554444,-74.18453889,0,33,0,0,1,1,0,4,3,1,0,1,0,0000000,0,42,1,1,1,31,0,0,0,1,1
34,340203,1,1,0,1,1,1,1,23,3110,29,6,2012,6,21,26,1,13,2,US-9,SR-35,1297,40.47815833,-74.29114167,0,8,0,0,1,1,0,1,2,1,0,1,0,0000000,21,13,21,20,99,99,0,0,0,1,0
34,340204,1,1,0,0,0,1,1,35,425,12,3,2012,2,10,44,0,6,6,EDGEWATER AVE,,0,40.55527222,-74.65085278,0,1,0,0,1,1,0,5,1,1,0,1,0,0000000,10,41,11,6,11,51,0,0,0,1,1
34,340205,2,2,0,0,0,5,5,15,0,14,4,2012,7,23,40,0,15,4,CR-658,ALTAIR DR,0,39.72474722,-75.09375556,0,12,6,0,2,2,0,1,3,1,0,1,0,0000000,23,41,23,48,0,37,0,0,0,1,1
34,340206,2,2,0,0,0,2,2,3,820,13,5,2012,1,7,43,0,16,6,BERRY CREEK RD,,0,40.81536389,-74.08043056,0,12,2,0,1,1,0,1,1,1,0,1,0,0000000,7,47,7,54,8,49,0,0,0,1,0
34,340207,1,1,0,0,0,1,1,23,3705,28,5,2012,2,15,22,1,12,3,SR-440,,19,40.52028056,-74.30536111,0,25,0,0,1,1,0,3,1,1,0,1,0,0000000,99,99,99,99,99,99,0,0,0,1,0
34,340208,1,1,0,0,0,1,1,5,3691,30,5,2012,4,19,12,0,14,4,CR-630,,0,40.03377778,-74.89300556,0,33,0,0,1,1,0,4,1,1,0,1,0,0000000,19,12,19,25,19,57,0,0,0,1,0
34,340209,3,3,0,0,0,6,6,5,0,23,6,2012,7,17,2,1,13,3,SR-73,,237,39.88991111,-74.92483056,0,12,2,0,1,1,0,1,1,1,0,1,0,0000000,17,5,17,15,18,7,0,0,0,1,0
34,340210,2,2,0,0,0,2,2,19,2757,19,5,2012,7,6,21,1,13,2,US-202,,152,40.52871667,-74.78866389,0,24,0,0,1,1,0,4,1,1,0,1,0,0000000,6,20,6,25,7,1,0,0,0,1,1
34,340211,2,2,0,0,0,4,4,33,2617,1,5,2012,3,18,29,0,15,4,CR-540,,0,39.4961,-75.08071944,0,12,2,0,1,1,0,1,1,1,0,1,0,0000000,18,30,18,45,19,9,0,0,0,1,1
34,340212,2,2,0,0,0,2,2,1,2640,2,6,2012,7,17,32,0,16,6,ADAMS AVENUE,BELMONT AVENUE,0,39.39941389,-74.52973889,0,12,6,0,2,2,0,1,1,1,0,1,0,0000000,99,99,99,99,99,99,0,0,0,1,0
34,340213,2,2,0,0,0,3,3,29,1590,7,1,2012,7,8,57,0,13,4,CR-528,PARKWAY ENTRANCE NORTH,0,40.064725,-74.16079722,0,12,6,0,2,2,0,1,1,1,0,1,0,0000000,9,0,9,5,9,41,0,0,0,1,1
34,340214,1,1,0,0,0,2,2,23,1986,4,7,2012,4,16,51,0,16,6,NORTH STATE HOME RD,,0,40.34793056,-74.40246389,0,24,0,0,1,1,0,4,1,1,0,1,0,0000000,16,53,17,13,17,53,0,0,0,1,1
34,340215,1,1,0,1,1,1,1,11,1970,4,7,2012,4,23,35,1,13,3,SR-49,,356,39.3966,-75.05048889,0,8,0,0,1,1,0,1,3,1,0,1,0,0000000,99,98,99,98,99,98,0,0,0,1,0
34,340216,1,1,0,1,1,1,1,13,2130,25,4,2012,4,15,49,0,14,6,WILSON AVE,,0,40.71564722,-74.13921389,0,9,0,0,1,1,0,4,1,1,0,1,0,0000000,15,47,15,56,16,13,0,0,0,1,0
34,340217,2,1,1,0,1,1,2,19,0,14,5,2012,2,0,48,1,1,1,I-78,,82,40.65968056,-75.05761944,0,14,0,0,1,1,0,2,3,2,0,2,0,0000000,88,88,88,88,88,88,0,0,0,1,1
34,340218,2,2,0,1,1,2,2,7,520,17,3,2012,7,21,39,0,14,4,CR-543,,0,39.95983611,-75.08728611,0,8,0,0,1,1,0,1,2,1,0,1,0,0000000,21,23,21,29,21,44,14,0,0,1,0
34,340219,1,1,0,0,0,1,1,15,747,12,6,2012,3,5,15,1,12,3,SR-42,,119,39.83628889,-75.09133889,0,24,0,1,18,1,0,4,3,1,0,1,0,0000000,5,15,5,25,5,43,0,0,0,1,1
34,340220,3,3,0,0,0,4,4,11,1845,16,6,2012,7,11,5,1,2,3,SR-47,,349,39.32555556,-74.99310833,0,12,1,0,1,1,0,1,1,1,0,1,0,0000000,11,3,11,16,11,43,0,0,0,1,0
34,340221,1,1,0,1,1,1,1,23,2417,3,7,2012,3,21,7,0,15,4,CR-689,WILBUR PLACE,0,40.44796111,-74.24957222,0,8,0,0,2,3,0,1,3,1,0,1,0,0000000,21,8,21,30,21,45,0,0,0,1,0
34,340222,4,4,0,0,0,6,6,25,0,24,6,2012,1,13,27,0,14,4,CR-524,WELLESLEY WAY,0,40.22030833,-74.30613333,0,12,1,0,3,3,0,1,1,1,0,1,0,0000000,13,32,13,57,14,20,0,0,0,1,0
34,340223,1,1,0,1,1,1,1,33,2565,27,5,2012,1,22,37,0,99,9,NOTTINGHAM RD,,0,39.64265556,-75.53683333,0,8,0,0,1,1,0,1,3,1,0,1,0,0000000,22,37,22,56,99,99,16,0,0,1,0
34,340224,2,2,0,0,0,6,6,23,3144,3,5,2012,5,4,2,1,13,2,US-1,HENDERSON ROAD,199,40.4232,-74.52590278,0,12,1,0,2,3,0,1,3,2,0,2,0,0000000,4,7,4,32,5,12,0,0,0,1,1
34,340225,2,2,0,0,0,2,2,25,0,1,6,2012,6,18,21,0,5,5,MILLSTONE TWP,,0,40.21775833,-74.30733889,0,1,0,0,1,1,0,1,1,1,0,1,0,0000000,99,99,99,99,99,99,0,0,0,1,0
34,340226,1,1,0,1,1,2,2,19,3250,1,6,2012,6,19,46,0,15,4,CR-523,SR-29,0,40.40721389,-74.97881389,0,9,0,0,2,3,0,1,2,2,0,2,0,0000000,19,43,19,59,20,47,0,0,0,1,0
34,340227,1,1,0,0,0,2,2,41,0,14,6,2012,5,7,6,0,6,6,MOUNTAIN RD,,0,40.62508333,-75.16810833,0,42,0,0,1,1,0,5,1,1,0,1,0,0000000,7,10,7,25,8,15,0,0,0,1,0
34,340228,1,1,0,0,0,2,2,25,3580,8,4,2012,1,2,12,0,14,4,CR-32,MEADOW LANE,0,40.28445,-74.02618333,0,30,0,0,3,3,0,4,3,1,0,1,0,0000000,2,14,2,22,3,9,0,0,0,1,1
34,340229,1,1,0,0,0,2,2,3,60,3,7,2012,3,3,15,1,12,8,445,,55,40.92895556,-73.92774444,0,42,0,0,5,1,0,8,3,1,0,1,0,0000000,3,24,3,39,4,14,0,0,0,1,1
34,340230,2,2,0,0,0,2,2,41,0,8,5,2012,3,18,50,0,15,4,CR-623,,0,40.76380833,-75.00952778,0,12,6,0,1,1,0,1,1,2,0,2,0,0000000,18,58,19,17,20,3,0,0,0,1,1
34,340231,1,1,0,0,0,1,1,39,1412,16,6,2012,7,16,7,1,11,1,I-78,,543,40.70858889,-74.22995,0,1,0,1,18,1,0,1,1,1,0,1,0,0000000,99,99,99,99,88,88,0,0,0,1,0
34,340232,3,3,0,0,0,3,3,5,2081,19,6,2012,3,18,51,0,14,4,CR-607,CR-616,0,39.91619167,-74.92533333,0,12,6,0,2,2,0,1,1,1,0,1,0,0000000,18,54,19,9,19,35,0,0,0,1,0
34,340233,1,1,0,0,0,1,1,3,1330,28,7,2012,7,6,49,1,13,3,SR-17,,84,40.86762778,-74.06421944,0,24,0,1,18,1,0,4,4,1,0,1,0,0000000,7,32,7,42,88,88,0,0,0,1,0
34,340234,1,1,0,1,1,1,1,23,2417,29,7,2012,1,1,31,1,13,3,SR-34,,254,40.42469722,-74.28548889,0,8,0,0,1,1,0,4,2,2,0,2,0,0000000,1,24,1,35,2,17,0,0,0,1,0
34,340235,1,1,0,1,1,1,1,3,2460,30,7,2012,2,16,22,1,13,3,SR-63,,27,40.84728333,-73.98504444,0,8,0,0,1,1,0,2,1,1,0,1,0,0000000,16,16,16,23,16,42,0,0,0,1,0
34,340237,2,2,0,0,0,2,2,1,2230,18,7,2012,4,15,45,0,13,4,CR-563,,0,39.38330833,-74.55556944,0,33,0,0,8,1,0,4,1,1,0,1,0,0000000,99,99,99,99,99,99,0,0,0,1,0
34,340238,2,2,0,0,0,6,6,1,0,4,3,2012,1,17,41,0,15,4,CR-542,,0,39.636675,-74.68948611,0,12,2,0,1,1,0,1,1,1,0,1,0,0000000,17,55,18,26,18,57,0,0,0,1,0
34,340240,1,1,0,0,0,1,1,31,660,17,8,2012,6,1,11,1,13,2,US-46,SR-21 (RAMP),632,40.88636111,-74.13188333,0,25,0,1,5,1,0,4,3,1,0,1,0,0000000,88,88,88,88,88,88,20,0,0,1,0
34,340241,1,1,0,1,1,1,1,25,1740,6,4,2012,6,3,15,0,14,4,CR-34,ALDERBROOK ROAD,0,40.3487,-74.04885,0,8,0,0,2,2,0,1,3,1,0,1,0,0000000,3,24,3,59,4,32,0,0,0,1,0
34,340242,1,1,0,0,0,1,1,15,3620,13,7,2012,6,21,50,1,11,1,I-295,,257,39.86054444,-75.11741111,0,24,0,0,1,1,0,3,2,1,0,1,0,0000000,21,52,22,7,88,88,0,0,0,1,1
34,340243,2,2,0,0,0,4,4,3,3511,1,7,2012,1,10,48,1,12,8,444,,1672,40.98938889,-74.07286111,0,24,0,0,1,1,0,4,1,1,0,1,0,0000000,10,50,11,1,11,41,0,0,0,1,0
34,340244,1,1,0,1,1,1,1,5,480,14,7,2012,7,20,56,1,13,2,US-130,HIGH ST,462,40.07088056,-74.85511111,0,8,0,0,2,2,0,1,3,1,0,1,0,0000000,21,0,21,2,21,42,0,0,0,1,0
34,340245,2,1,1,0,0,1,1,15,1082,3,7,2012,3,18,10,0,15,4,CR-612,,0,39.59955833,-75.077225,0,18,0,0,1,1,0,5,1,1,0,1,0,0000000,99,99,99,99,88,88,0,0,0,1,0
34,340246,1,1,0,0,0,1,1,1,850,20,7,2012,6,6,30,0,4,4,CR-563,,210,39.57386111,-74.59115,0,24,0,0,1,1,0,4,1,2,0,2,0,0000000,99,99,99,99,99,99,0,0,0,1,0
34,340247,1,1,0,1,1,2,2,15,1082,7,7,2012,7,1,33,0,14,4,CR-538,,0,39.61678056,-75.07145833,0,8,0,0,1,1,0,1,3,1,0,1,0,0000000,1,33,1,39,2,30,0,0,0,1,0
34,340248,1,1,0,0,0,2,2,1,1264,2,7,2012,2,3,23,0,15,4,CR-670,,0,39.46212778,-74.64514167,0,1,0,0,1,1,0,1,2,1,0,1,0,0000000,99,99,99,99,99,99,0,0,0,1,1
34,340249,2,1,1,0,1,1,2,17,1520,1,8,2012,4,9,9,1,11,1,I-78,,665,40.73138889,-74.05103889,0,14,0,0,1,1,0,2,1,10,0,10,0,0000000,99,99,99,99,99,99,0,0,0,1,0
34,340250,2,1,1,0,1,1,2,3,820,12,7,2012,5,16,14,1,11,1,I-95,,64,40.79378056,-74.08311944,0,14,0,0,1,1,0,2,1,1,0,1,0,0000000,99,99,99,99,99,99,0,0,0,1,0
34,340251,1,1,0,0,0,2,2,5,0,1,7,2012,1,0,45,0,6,4,CR-654,,0,39.59688056,-74.43588889,0,11,0,0,1,1,0,1,2,1,0,1,0,0000000,0,45,0,54,1,48,0,0,0,1,1
34,340252,2,1,1,0,0,1,1,39,860,4,6,2012,2,22,59,1,12,2,US-1,,456,40.67903056,-74.19470278,0,38,0,0,1,1,0,4,3,1,0,1,0,0000000,99,99,99,99,99,99,0,0,0,1,1
34,340253,1,1,0,1,1,5,5,21,1265,7,8,2012,3,11,6,0,16,5,REDWOOD AVENUE,,0,40.19618333,-74.70907222,0,8,0,0,1,1,0,1,1,1,0,1,0,0000000,11,8,11,18,11,34,0,0,0,1,0
34,340254,3,3,0,0,0,8,8,23,2970,14,7,2012,7,23,3,1,12,8,444,,1263,40.49691944,-74.30085,0,12,1,0,1,1,0,1,3,1,0,1,0,0000000,23,7,23,15,23,48,0,0,0,1,0
34,340255,3,3,0,0,0,12,12,1,851,13,7,2012,6,12,34,0,14,4,CR-615,OLD ZION RD,0,39.36682778,-74.58978889,0,12,6,0,2,2,0,1,1,1,0,1,0,0000000,12,39,12,50,13,25,0,0,0,1,0
34,340256,2,1,1,0,0,1,1,5,1290,24,6,2012,1,22,9,0,14,4,CR-674,,0,39.98243889,-74.83615,0,33,0,0,1,1,0,4,3,10,0,10,0,0000000,22,12,22,18,88,88,0,0,0,1,1
34,340257,2,2,0,0,0,3,3,5,0,24,6,2012,1,14,34,0,6,5,STAGE ROAD,CR-654,0,39.62265278,-74.43946111,0,12,6,0,2,3,0,1,1,1,0,1,0,0000000,14,39,14,44,14,59,0,0,0,1,0
34,340258,1,1,0,0,0,1,1,5,0,17,6,2012,1,10,18,0,6,5,WASHINGTON TURNPIKE,BULLTOWN ROAD,0,39.65341389,-74.63476667,0,1,0,0,3,3,0,4,1,1,0,1,0,0000000,10,14,10,31,10,47,0,0,0,1,0
34,340259,1,1,0,0,0,1,1,23,2970,11,6,2012,2,13,38,0,14,4,CR-675,,0,40.44916389,-74.35891389,0,1,0,0,1,1,0,5,1,1,0,1,0,0000000,13,38,13,47,14,25,0,0,0,1,0
34,340260,1,1,0,0,0,1,1,5,3691,12,7,2012,5,17,58,0,13,4,CR-626,,0,40.01343056,-74.87541111,0,33,0,0,1,1,0,3,1,1,0,1,0,0000000,17,59,18,4,18,39,0,0,0,1,0
34,340261,3,3,0,0,0,11,11,7,520,2,6,2012,7,11,40,1,11,1,I-676,,20,39.92663056,-75.1159,0,12,1,1,18,1,0,1,1,1,0,1,0,0000000,11,39,11,53,12,5,0,0,0,1,0
34,340262,3,2,1,0,0,5,5,13,2130,29,6,2012,6,21,55,0,16,6,DAYTON ST,WHITTIER PLACE,0,40.69861944,-74.19965278,0,12,6,0,2,3,0,1,3,1,0,1,0,0000000,22,2,22,10,22,26,0,0,0,1,1
34,340263,3,3,0,0,0,5,5,5,3149,3,7,2012,3,10,39,1,2,3,SR-70,,250,39.89236944,-74.61863056,0,12,7,0,1,1,0,1,1,1,0,1,0,0000000,10,41,10,59,11,32,0,0,0,1,0
34,340264,1,1,0,0,0,5,5,13,2130,28,6,2012,5,12,35,0,14,4,CR-509,,0,40.74691944,-74.208775,0,33,0,0,1,1,0,4,1,1,0,1,0,0000000,11,39,12,44,13,6,0,0,0,1,0
34,340265,2,1,1,0,0,1,1,29,2650,15,7,2012,1,21,35,0,14,3,SR-13,,4,40.07255278,-74.05737778,0,33,0,0,1,1,0,4,3,1,0,1,0,0000000,99,99,99,99,99,99,0,0,0,1,1
34,340266,1,1,0,1,1,2,2,29,3180,19,7,2012,5,17,50,0,14,3,SR-166,,5,39.94690833,-74.19592222,0,23,0,0,1,1,0,4,1,1,0,1,0,0000000,17,50,18,5,18,38,0,0,0,1,0
34,340267,1,1,0,1,1,1,1,13,3450,31,7,2012,3,20,52,0,13,4,CR-506,,0,40.82858889,-74.24026667,0,8,0,0,1,1,0,1,3,1,0,1,0,0000000,99,99,99,99,21,22,0,0,0,1,0
34,340268,2,2,0,0,0,3,3,37,3501,21,7,2012,7,9,40,1,2,3,SR-23,,453,41.27208056,-74.64744167,0,12,6,0,4,1,0,1,1,1,0,1,0,0000000,9,42,10,1,88,88,0,0,0,1,0
34,340269,1,1,0,1,1,1,1,11,1845,13,6,2012,4,16,1,0,5,4,CR-616,,0,39.23182778,-74.98972222,0,8,0,0,1,1,0,1,1,1,0,1,0,0000000,16,0,16,14,16,20,0,0,0,1,0
34,340270,2,2,0,0,0,2,2,7,598,19,1,2012,5,11,49,0,13,4,CR-561,MORRIS DRIVE,0,39.87086111,-74.99916944,0,1,0,0,3,1,0,1,1,1,0,1,0,0000000,11,55,13,16,14,8,0,0,0,1,0
34,340272,2,2,0,0,0,3,3,7,598,29,4,2012,1,20,59,0,13,4,CR-544,CR-671,0,39.86890278,-74.94436944,0,12,6,0,2,2,0,1,3,1,0,1,0,0000000,20,58,21,7,88,88,0,0,0,1,0
34,340273,1,1,0,1,1,1,1,23,844,21,3,2012,4,10,48,0,13,3,SR-17,CASEY AVE,197,40.52207222,-74.39299444,0,8,0,0,2,3,0,1,1,1,0,1,0,0000000,99,99,99,99,99,99,0,0,0,1,0
34,340274,1,1,0,0,0,1,1,21,3380,3,5,2012,5,0,55,0,14,6,SOUTH CLINTON AVENUE,DYE STREET,0,40.20973333,-74.75214167,0,30,0,0,3,3,0,4,3,1,0,1,0,0000000,0,59,1,6,1,27,0,0,0,1,0
34,340275,1,1,0,1,1,1,1,17,2205,23,3,2012,6,23,43,1,13,2,US-1,51ST ST,584,40.78727222,-74.03127222,0,8,0,0,3,3,0,1,3,1,0,1,0,0000000,23,48,23,55,0,23,0,0,0,1,0
34,340276,1,1,0,0,0,2,2,39,860,14,4,2012,7,2,27,0,16,6,YORK ST,DIVISION ST,0,40.66579722,-74.19712222,0,33,0,0,2,3,0,4,3,1,0,1,0,0000000,2,32,2,58,3,17,0,0,0,1,1
34,340277,2,2,0,0,0,3,3,37,0,13,5,2012,1,14,46,0,14,3,SR-94,,328,41.13204722,-74.61345,0,12,8,0,1,1,0,1,1,1,0,1,0,0000000,14,48,15,8,15,40,0,0,0,1,0
34,340278,1,1,0,1,1,1,1,39,860,28,4,2012,7,14,29,0,13,3,SR-27,,351,40.67694444,-74.21171944,0,8,0,0,1,1,0,1,1,1,0,1,0,0000000,14,38,14,40,15,23,0,0,0,1,0
34,340279,1,1,0,1,1,1,1,3,883,18,5,2012,6,21,42,0,13,2,US-46,,645,40.89323889,-74.11748333,0,8,0,0,1,1,0,1,3,1,0,1,0,0000000,21,49,21,59,22,9,0,0,0,1,0
34,340280,1,1,0,0,0,2,2,13,3600,20,6,2012,4,16,25,1,11,1,I-280,,68,40.83323889,-74.33311944,0,42,0,0,1,1,0,4,1,1,0,1,0,0000000,16,46,16,47,17,24,0,0,0,1,0
34,340281,1,1,0,0,0,1,1,39,860,15,5,2012,3,16,58,0,16,6,DIVISION ST,,0,40.66412222,-74.19816389,0,50,0,0,1,1,0,1,1,1,0,1,0,0000000,17,0,17,5,17,16,0,0,0,1,0
34,340282,2,2,0,0,0,4,4,39,860,10,6,2012,1,23,40,1,13,2,US-1,MAGNOLIA AVE,447,40.66700278,-74.20399722,0,12,1,0,3,3,0,1,3,1,0,1,0,0000000,23,49,23,54,0,30,0,0,0,1,0
34,340283,5,5,0,0,0,7,7,1,851,27,6,2012,4,14,20,0,15,6,WEST JERSEY AVENUE,FERNWOOD AVENUE,0,39.41389722,-74.59891667,0,12,6,0,2,2,0,1,1,1,0,1,0,0000000,14,23,14,29,14,53,0,0,0,1,0
34,340284,1,1,0,0,0,5,5,15,0,29,6,2012,6,14,18,1,1,1,I-700 (NJ TURNPIKE),,120,39.74765,-75.28646111,0,25,0,0,1,1,0,3,1,1,0,1,0,0000000,14,17,14,24,15,8,0,0,0,1,0
34,340285,2,2,0,0,0,3,3,27,2084,8,7,2012,1,20,37,1,13,2,US-206,,907,40.83036111,-74.70882778,0,12,6,0,8,1,0,1,1,1,0,1,0,0000000,20,38,20,49,21,29,0,0,0,1,0
34,340286,1,1,0,1,1,4,4,25,0,27,7,2012,6,1,57,1,12,8,444,,971,40.15501944,-74.10491944,0,8,0,0,1,1,0,1,3,2,0,2,0,0000000,1,59,2,17,88,88,0,0,0,1,0
34,340287,1,1,0,1,1,1,1,5,1824,24,8,2012,6,21,39,1,13,3,SR-73,SOUTH FELLOWSHIP ROAD,0,39.93145,-74.96093056,0,8,0,0,3,2,0,1,3,1,0,1,0,0000000,21,25,21,29,88,88,0,0,0,1,0
34,340288,2,2,0,0,0,7,7,39,275,16,6,2012,7,14,2,0,15,6,PARK AVE,WILLOW WAY,0,40.67229722,-74.45155556,0,12,2,0,2,3,0,1,1,1,0,1,0,0000000,14,6,99,99,15,15,0,0,0,1,0
34,340289,2,2,0,0,0,5,5,7,520,13,4,2012,6,14,54,1,11,1,I-676,,33,39.94335556,-75.11335556,0,12,7,1,19,1,0,8,1,1,0,1,0,0000000,14,52,15,1,15,13,0,0,0,1,1
34,340290,3,3,0,0,0,4,4,29,0,26,6,2012,3,17,30,0,14,2,US-9,CLEARWATER DRIVE,779,39.790175,-74.19550556,0,12,11,0,2,2,0,1,1,1,0,1,0,0000000,17,32,17,34,88,88,14,0,0,1,0
34,340291,4,4,0,0,0,6,6,17,1520,5,6,2012,3,17,59,1,11,1,I-78,,645,40.70691111,-74.06093056,0,12,1,0,1,1,0,1,1,1,0,1,0,0000000,17,59,18,4,18,18,0,0,0,1,0
34,340292,2,2,0,0,0,20,20,5,611,16,2,2012,5,8,18,0,15,4,CR-528,OLD YORK RD,0,40.13056111,-74.66189444,0,12,6,0,2,2,0,1,1,10,0,10,1,0000000,8,22,8,35,9,0,0,0,0,1,0
34,340293,2,2,0,0,0,5,5,17,1310,22,7,2012,1,17,2,1,11,1,I-280,,158,40.74321944,-74.14386389,0,12,7,0,1,1,0,1,1,1,0,1,0,0000000,17,14,17,26,17,56,0,0,0,1,0
34,340294,3,3,0,0,0,3,3,1,1264,26,6,2012,3,19,5,0,14,3,SR-50,,199,39.46285833,-74.72164722,0,12,6,0,4,1,0,1,1,1,0,1,0,0000000,17,5,17,13,17,47,0,0,0,1,1
34,340295,1,1,0,2,2,1,1,29,0,24,6,2012,1,19,30,0,15,4,CR-613,CHAPEL ST,0,39.79161111,-74.19196944,0,9,0,0,3,3,0,2,1,1,0,1,0,0000000,19,30,19,43,20,24,0,0,0,1,0
34,340296,1,1,0,0,0,1,1,25,250,4,7,2012,4,2,48,0,13,3,SR-35,,214,40.18275833,-74.02705556,0,33,0,0,1,1,0,3,3,1,0,1,0,0000000,2,49,3,6,88,88,0,0,0,1,1
34,340297,1,1,0,0,0,1,1,35,214,25,7,2012,4,5,30,1,11,1,I-78,,297,40.64411111,-74.66748056,0,24,0,0,1,1,0,4,4,1,0,1,0,0000000,99,99,99,99,99,99,0,0,0,1,0
34,340298,2,2,0,1,1,2,2,39,860,11,7,2012,4,0,25,0,16,6,ELIZABETH AVE,SECOND AVE,0,40.65970556,-74.20524722,0,9,0,0,2,3,0,1,3,1,0,1,0,0000000,0,26,0,32,0,48,0,0,0,1,1
34,340299,2,2,0,0,0,2,2,15,1082,1,8,2012,4,20,38,0,15,4,CR-555,WEYMOUTH ROAD,0,39.53664444,-74.99188611,0,12,6,0,2,2,0,1,5,1,0,1,0,0000000,99,99,99,99,99,99,0,0,0,1,0
34,340300,1,1,0,0,0,1,1,17,1540,22,8,2012,4,5,56,1,13,2,US-1,,9,40.73131667,-74.11344722,0,33,0,1,18,1,0,4,4,1,0,1,0,0000000,5,59,6,17,88,88,0,0,0,1,0
34,340301,1,1,0,1,1,1,1,7,1235,11,9,2012,3,6,39,0,15,4,CR-661,,0,39.87996944,-75.07841944,0,9,0,0,1,1,0,1,4,1,0,1,0,0000000,6,41,6,47,7,12,0,0,0,1,0
34,340302,1,1,0,0,0,1,1,33,2586,12,7,2012,5,17,9,0,6,4,CR-617,,0,39.68024444,-75.28672222,0,1,0,0,1,1,0,4,1,1,0,1,0,0000000,17,15,17,34,88,88,0,0,0,1,1
34,340303,2,2,0,0,0,4,4,7,3694,11,7,2012,4,15,33,1,2,8,446-ACE,,299,39.63916944,-74.86165,0,12,7,0,1,1,0,1,1,1,0,1,0,0000000,15,39,15,48,16,34,0,0,0,2,0
34,340304,2,2,0,0,0,2,2,33,2725,14,7,2012,7,15,23,1,2,3,SR-49,CR-647,187,39.49030833,-75.32572222,0,12,6,0,2,2,0,1,1,1,0,1,0,0000000,15,29,15,42,16,15,0,0,0,1,0
34,340305,1,1,0,0,0,3,3,9,0,23,7,2012,2,3,14,1,12,8,GSP-444,,197,39.19695,-74.70691111,0,31,0,0,1,1,0,3,2,1,0,1,0,0000000,3,14,3,39,4,37,0,0,0,1,1
34,340306,2,2,0,0,0,7,7,31,3582,11,7,2012,4,23,49,1,13,3,SR-23,,224,41.05432222,-74.44921389,0,12,2,0,1,1,0,2,6,1,0,1,0,0000000,23,56,0,28,1,3,0,0,0,1,0
34,340307,1,1,0,1,1,1,1,31,2510,16,7,2012,2,22,43,1,11,1,I-80,,598,40.90035,-74.14501111,0,8,0,0,1,1,0,1,2,1,0,1,0,0000000,22,48,22,53,88,88,0,0,0,1,0
34,340308,4,4,0,0,0,4,4,41,0,25,7,2012,4,10,49,0,3,2,US-46,,151,40.85888056,-74.92501111,0,12,2,0,1,1,0,1,1,1,0,1,0,0000000,10,51,11,24,11,41,14,0,0,1,0
34,340309,1,1,0,0,0,2,2,11,0,26,7,2012,5,20,20,0,3,4,CR-553,,132,39.35013056,-75.21595,0,30,0,0,1,1,0,5,5,1,0,1,0,0000000,20,18,20,32,21,43,0,0,0,1,0
34,340310,1,1,0,1,1,3,3,13,2130,25,7,2012,4,2,47,0,16,6,MULBERRY ST,FRANKLIN ST,0,40.73054167,-74.17158056,0,8,0,0,3,3,0,1,3,1,0,1,0,0000000,2,49,2,58,3,7,0,0,0,1,0
34,340311,1,1,0,0,0,1,1,21,935,20,7,2012,6,10,8,1,11,1,I-95,,5,40.28238889,-74.82233889,0,42,0,0,1,1,0,4,1,2,0,2,0,0000000,10,11,10,25,88,88,0,0,0,1,0
34,340312,1,1,0,0,0,1,1,29,416,17,7,2012,3,8,34,1,12,8,444-GSP,,920,40.09708889,-74.14273056,0,24,0,0,1,1,0,4,1,1,0,1,0,0000000,8,36,8,44,88,88,0,0,0,1,0
34,340313,1,1,0,1,1,1,1,13,320,18,7,2012,4,10,47,0,14,4,CR-654,,0,40.81241667,-74.19356389,0,8,0,0,1,1,0,1,1,1,0,1,0,0000000,10,48,10,50,88,88,0,0,0,1,0
34,340314,1,1,0,0,0,1,1,5,0,21,8,2012,3,17,1,0,4,4,CR-563,,0,39.75631944,-74.53501111,0,31,0,0,1,1,0,4,1,1,0,1,0,0000000,17,11,17,28,18,10,0,0,0,1,0
34,340315,1,1,0,0,0,1,1,11,3460,31,8,2012,6,16,20,0,16,6,BROWN RD,,0,39.55468611,-75.04932222,0,30,0,0,1,1,0,5,1,1,0,1,0,0000000,16,25,16,34,88,88,0,0,0,1,1
34,340316,1,1,0,0,0,3,3,5,0,4,8,2012,7,1,52,0,16,6,SPRING TERRACE,,0,39.94758611,-74.54534444,0,5,0,0,1,1,0,1,2,1,0,1,0,0000000,1,54,2,13,2,22,0,0,0,1,0
34,340317,3,3,0,0,0,5,5,5,611,9,8,2012,5,23,27,1,11,1,I-95,,94,40.13835,-74.68241944,0,12,1,0,1,1,0,1,2,1,0,1,0,0000000,23,32,11,48,0,24,0,0,0,1,0
34,340318,1,1,0,0,0,2,2,1,0,29,6,2012,6,13,49,0,14,2,US-322,,450,39.47736389,-74.71416111,0,53,0,0,1,1,0,4,1,1,0,1,0,0000000,13,50,13,54,14,32,0,0,0,1,0