STATE,ST_CASE,VE_TOTAL,VE_FORMS,PVH_INVL,PEDS,PERNOTMVIT,PERMVIT,PERSONS,COUNTY,CITY,DAY,MONTH,YEAR,DAY_WEEK,HOUR,MINUTE,NHS,ROAD_FNC,ROUTE,TWAY_ID,TWAY_ID2,MILEPT,LATITUDE,LONGITUD,SP_JUR,HARM_EV,MAN_COLL,RELJCT1,RELJCT2,TYP_INT,WRK_ZONE,REL_ROAD,LGT_COND,WEATHER1,WEATHER2,WEATHER,SCH_BUS,RAIL,NOT_HOUR,NOT_MIN,ARR_HOUR,ARR_MIN,HOSP_HR,HOSP_MN,CF1,CF2,CF3,FATALS,DRUNK_DR
34,340319,2,2,0,0,0,3,3,9,0,8,8,2012,4,16,58,1,13,3,SR-147,,12,39.03889167,-74.83358333,0,12,1,0,1,1,0,2,1,1,0,1,0,0000000,17,0,17,9,17,28,0,0,0,1,1
34,340320,1,1,0,0,0,5,5,39,860,19,8,2012,1,18,9,0,14,4,CR-618,HALSTED RD,0,40.67272778,-74.24246944,0,33,0,0,3,2,0,4,1,1,0,1,0,0000000,18,16,18,23,18,54,0,0,0,1,0
34,340321,2,1,1,1,1,1,1,13,2130,6,8,2012,2,18,10,0,13,4,CR-508,FAIRMONT AVE,0,40.74726111,-74.189525,0,8,0,0,3,2,0,1,1,1,0,1,0,0000000,18,10,18,11,88,88,0,0,0,1,0
34,340322,1,1,0,0,0,4,4,1,2640,28,8,2012,3,12,49,1,13,2,US-40/322,,592,39.39198889,-74.52963056,0,33,0,0,1,1,0,4,1,1,0,1,0,0000000,12,55,13,2,13,17,0,0,0,1,0
34,340323,1,1,0,1,1,2,2,31,3522,11,8,2012,7,21,4,0,13,2,US-46,,555,40.89275278,-74.26449167,0,8,0,0,1,1,0,1,2,1,0,1,0,0000000,21,5,21,24,21,44,0,0,0,1,0
34,340324,2,2,0,0,0,2,2,7,3694,21,8,2012,3,23,34,1,2,8,444-ACE,,303,39.63906111,-74.862,0,12,1,0,1,1,0,1,2,1,0,1,0,0000000,23,36,23,55,99,99,0,0,0,1,0
34,340325,1,1,0,0,0,1,1,11,0,12,8,2012,1,13,45,0,3,4,CR-553,,0,39.29248889,-75.15986111,0,30,0,0,1,1,0,4,1,1,0,1,0,0000000,13,55,99,99,99,99,0,0,0,1,0
34,340326,1,1,0,0,0,1,1,5,613,4,9,2012,3,13,29,0,14,4,CR-606,STEPHEN DR,0,39.98785278,-75.00153889,0,33,0,0,2,3,0,4,1,2,0,2,0,0000000,13,32,13,35,88,88,0,0,0,1,1
34,340327,1,1,0,0,0,1,1,3,60,3,9,2012,2,2,53,1,12,8,PIP,,92,40.98201389,-73.91243333,0,33,0,1,18,1,0,8,2,99,0,99,0,0000000,2,58,3,11,88,88,0,0,0,1,1
34,340328,1,1,0,1,1,2,2,21,1650,23,8,2012,5,23,41,1,13,2,US-1,BAKER'S BASIN ROAD,59,40.27513333,-74.70627222,0,15,0,0,2,2,0,1,3,1,0,1,0,0000000,23,44,23,55,88,88,0,0,0,1,1
34,340329,3,1,2,0,1,1,2,17,3590,1,8,2012,4,14,20,0,16,6,PARK AVENUE,,0,40.78803889,-74.00705556,0,14,0,0,1,1,0,7,1,2,0,2,0,0000000,14,29,14,32,14,59,0,0,0,1,0
34,340330,3,3,0,0,0,4,4,5,3325,10,8,2012,6,12,38,1,13,2,US-206,,155,39.85698889,-74.73333611,0,12,1,0,1,1,0,1,1,1,0,1,0,0000000,12,38,1,5,1,40,0,0,0,2,0
34,340331,1,1,0,0,0,1,1,17,1520,12,7,2012,5,16,19,1,11,1,I-78,,649,40.71011944,-74.05493056,0,25,0,0,1,1,0,4,1,1,0,1,0,0000000,16,22,16,24,16,39,0,0,0,1,0
34,340332,1,1,0,2,2,1,1,9,0,31,7,2012,3,21,17,0,14,4,CR-603,,0,39.04625278,-74.91918889,0,8,0,0,1,1,0,2,2,1,0,1,0,0000000,21,17,21,24,88,88,0,0,0,2,1
34,340333,2,2,0,0,0,3,3,23,0,28,8,2012,3,10,14,0,14,4,CR-522,RIDGE ROAD,0,40.38488889,-74.54136944,0,12,6,0,2,2,0,1,1,1,0,1,0,0000000,10,22,10,34,11,8,0,0,0,1,1
34,340334,1,1,0,1,1,1,1,31,2510,27,8,2012,2,22,11,0,13,4,CR-649,CR-601,0,40.89853056,-74.16306944,0,8,0,0,3,3,0,1,3,1,0,1,0,0000000,22,9,22,12,22,31,0,0,0,1,1
34,340335,2,1,1,1,1,1,1,23,779,20,8,2012,2,13,25,1,11,1,I-95,,346,40.4337,-74.43371111,0,14,0,0,1,1,0,2,1,1,0,1,0,0000000,13,34,13,49,14,23,0,0,0,1,0
34,340336,1,1,0,1,1,1,1,11,3460,16,9,2012,1,21,20,0,14,3,SR-47,WEST CHESTNUT AVE,460,39.47945,-75.04354167,0,8,0,0,3,2,0,1,2,1,0,1,0,0000000,21,20,21,33,21,43,0,0,0,1,0
34,340337,2,2,0,0,0,3,3,31,2510,10,8,2012,6,19,33,0,14,4,CR-648,EAST 24TH STREET,0,40.90945833,-74.15226111,0,12,6,0,2,2,0,1,3,1,0,1,0,0000000,19,33,19,41,19,55,0,0,0,1,0
34,340338,1,1,0,1,1,1,1,25,1925,17,9,2012,2,7,35,0,14,6,MAIN STREET,,0,40.42296389,-74.13015278,0,8,0,0,1,1,0,1,1,1,0,1,0,0000000,7,40,7,52,88,88,0,0,0,1,0
34,340339,1,1,0,1,1,1,1,5,1040,16,9,2012,1,0,6,1,13,2,US-130,,495,40.09800278,-74.802925,0,8,0,0,1,1,0,1,2,1,0,1,0,0000000,0,8,0,13,88,88,0,0,0,1,0
34,340340,2,2,0,0,0,2,2,23,779,4,9,2012,3,22,50,0,14,4,CR-535,,0,40.38574722,-74.4426,0,12,2,0,1,1,0,1,3,1,0,1,0,0000000,22,56,23,14,23,42,0,0,0,1,0
34,340341,1,1,0,0,0,1,1,1,851,5,9,2012,4,12,57,0,14,4,CR-615,,0,39.36552222,-74.59874167,0,30,0,0,1,1,0,5,1,1,0,1,0,0000000,13,0,13,3,13,30,0,0,0,1,0
34,340342,1,1,0,5,5,1,1,23,779,15,9,2012,7,12,30,0,14,5,DUNHAMS CORNER ROAD,,0,40.42076667,-74.43108611,0,33,0,0,1,1,0,4,1,1,0,1,0,0000000,12,34,12,40,13,3,0,0,0,2,0
34,340343,2,2,0,0,0,3,3,7,0,10,9,2012,2,20,23,0,14,4,CR-688,WINDSOR DR,0,39.779025,-74.99339444,0,12,6,0,2,3,0,1,2,1,0,1,0,0000000,20,19,20,31,20,53,0,0,0,1,1
34,340344,1,1,0,0,0,1,1,23,2417,15,9,2012,7,18,56,1,12,8,GSP 444,,1220,40.44358889,-74.26691111,0,1,0,0,1,1,0,5,5,1,0,1,0,0000000,18,58,19,15,88,88,0,0,0,1,1
34,340345,1,1,0,0,0,1,1,29,0,2,9,2012,1,1,54,1,12,8,444-GSP,,767,39.88238056,-74.21201944,0,1,0,0,1,1,0,1,2,1,0,1,0,0000000,1,56,2,9,2,34,0,0,0,1,1
34,340346,2,2,0,0,0,2,2,31,3522,19,9,2012,4,20,55,0,13,4,CR-681,,0,40.95621111,-74.22639444,0,12,8,0,1,1,0,1,2,1,0,1,0,0000000,21,2,21,5,99,99,0,0,0,1,1
34,340347,1,1,0,1,1,1,1,31,660,17,9,2012,2,5,5,1,12,3,SR-3,,38,40.83081667,-74.14045278,0,8,0,1,18,1,0,1,2,1,0,1,0,0000000,5,8,5,17,88,88,0,0,0,1,0
34,340348,1,1,0,1,1,1,1,31,660,16,9,2012,1,19,36,0,16,6,BLOOMFIELD AVENUE,,0,40.84684167,-74.15492778,0,8,0,0,1,1,0,1,2,1,0,1,0,0000000,19,36,19,43,20,2,0,0,0,1,0
34,340349,1,1,0,0,0,2,2,33,0,7,9,2012,6,19,32,0,4,4,CR-540,,0,39.65633056,-75.45226944,0,42,0,0,1,1,0,4,1,1,0,1,0,0000000,19,42,19,52,99,99,0,0,0,1,1
34,340350,1,1,0,0,0,3,3,7,0,22,9,2012,7,17,25,1,12,3,SR-42,,97,39.81338056,-75.06481111,0,24,0,0,1,1,0,3,1,1,0,1,0,0000000,17,24,17,37,18,1,0,0,0,1,0
34,340351,1,1,0,1,1,1,1,23,2417,14,9,2012,6,8,34,0,14,5,TICETOWN ROAD,VALLEYVALE DRIVE,0,40.39645278,-74.305,0,8,0,0,3,2,0,1,1,1,0,1,0,0000000,8,36,99,97,99,97,0,0,0,1,0
34,340352,1,1,0,0,0,1,1,37,3239,5,9,2012,4,20,14,0,4,4,CR-521,,0,41.05978056,-74.85355,0,1,0,0,1,1,0,1,2,1,0,1,0,0000000,20,14,99,97,99,97,0,0,0,1,0
34,340353,1,1,0,0,0,1,1,9,0,6,9,2012,5,14,9,0,4,4,CR-657,,63,39.12007778,-74.820675,0,42,0,0,1,1,0,5,1,2,0,2,0,0000000,14,10,14,17,88,88,0,0,0,1,0
34,340354,3,3,0,0,0,5,5,29,145,26,9,2012,4,14,15,0,14,2,US-9,CR-554,0,39.75327222,-74.22309167,0,12,6,0,2,2,0,1,1,1,0,1,0,0000000,14,18,14,34,99,99,0,0,0,1,0
34,340355,4,4,0,0,0,5,5,23,779,1,10,2012,2,14,44,0,15,4,CR-617,WINTON ROAD,0,40.42037778,-74.39985278,0,12,6,0,2,2,0,1,1,1,0,1,0,0000000,14,49,15,6,15,27,0,0,0,2,0
34,340356,2,2,0,1,1,4,4,27,0,5,9,2012,4,20,54,1,11,1,I-80,,344,40.91035278,-74.56166944,0,8,0,0,1,1,0,1,2,1,0,1,0,0000000,20,59,21,11,88,88,0,0,0,1,0
34,340357,2,2,0,0,0,2,2,15,0,24,7,2012,3,11,56,0,3,3,SR-45,CR-694,142,39.701925,-75.26830278,0,12,6,0,2,2,0,1,1,1,0,1,0,0000000,11,58,12,8,12,28,0,0,0,1,0
34,340358,1,1,0,0,0,4,4,27,0,5,8,2012,1,1,5,0,14,4,CR-513,,0,41.03733333,-74.45074167,0,38,0,0,1,1,0,5,2,1,0,1,0,0000000,1,4,1,22,2,24,0,0,0,2,1
34,340359,3,3,0,1,1,3,3,7,2545,14,8,2012,3,23,8,1,13,2,US-130,DREXEL AVENUE,313,39.94143333,-75.07255,0,8,0,0,2,2,0,1,3,2,0,2,0,0000000,23,5,23,10,88,88,0,0,0,1,0
34,340360,1,1,0,0,0,4,4,23,1986,14,10,2012,1,15,32,0,14,4,CR-612,,0,40.34151667,-74.45671667,0,33,0,0,1,1,0,5,1,1,0,1,0,0000000,15,42,15,46,16,42,0,0,0,1,0
34,340361,1,1,0,1,1,2,2,9,3680,20,8,2012,2,10,7,0,6,6,OCEAN AVENUE,HEATHER ROAD,0,38.97620833,-74.8264,0,8,0,0,3,2,0,1,1,1,0,1,0,0000000,10,12,10,26,11,2,0,0,0,1,0
34,340362,1,1,0,1,1,1,1,15,1082,28,9,2012,6,20,51,0,16,5,STRAWBERRY AVENUE,,0,39.53222778,-75.00795,0,8,0,0,1,1,0,1,2,1,0,1,0,0000000,20,54,21,6,88,88,0,0,0,1,0
34,340363,1,1,0,0,0,1,1,29,1505,5,9,2012,4,7,38,0,14,4,CR-571,CARMINE PLACE,0,40.04470278,-74.32175278,0,30,0,0,8,1,0,5,1,10,0,10,0,0000000,7,41,8,31,88,88,0,0,0,1,1
34,340364,2,2,0,0,0,2,2,1,2230,15,9,2012,7,11,46,0,14,4,CR-585,COUNTRY CLUB DR,0,39.37436389,-74.54021667,0,12,2,0,3,3,0,1,1,1,0,1,0,0000000,99,99,99,99,99,99,0,0,0,1,0
34,340365,2,2,0,0,0,2,2,15,1082,14,9,2012,6,18,48,1,13,2,US-40,,264,39.57434722,-75.06132778,0,24,0,0,1,1,0,4,1,1,0,1,0,0000000,18,50,18,57,99,99,0,0,0,1,1
34,340366,1,1,0,0,0,1,1,11,3460,30,9,2012,1,2,28,0,16,6,SOUTH LINCOLN AVENUE,,0,39.45062222,-74.99354167,0,38,0,0,1,1,0,4,3,1,0,1,0,0000000,2,29,2,33,88,88,0,0,0,1,1
34,340367,2,2,0,0,0,4,4,41,1220,11,8,2012,7,16,23,1,13,3,SR-182,,4,40.84065833,-74.82359722,0,12,6,0,4,1,0,1,1,1,0,1,0,0000000,16,22,99,99,17,5,0,0,0,1,0
34,340368,1,1,0,0,0,1,1,13,2130,30,8,2012,5,5,7,1,11,1,I-95,,595,40.70556944,-74.14981111,0,24,0,1,5,1,0,3,4,1,0,1,0,0000000,5,26,5,44,88,88,0,0,0,1,0
34,340369,2,1,1,0,0,1,1,13,230,6,10,2012,7,1,58,0,14,4,CR-647,,0,40.796175,-74.15572222,0,14,0,0,1,1,0,4,3,1,0,1,0,0000000,2,5,2,19,2,43,0,0,0,1,0
34,340370,2,2,0,0,0,2,2,21,825,11,9,2012,3,0,27,1,11,1,I-95,,226,40.27808333,-74.50561667,0,12,1,0,1,1,0,1,2,1,0,1,0,0000000,0,40,0,47,88,88,0,0,0,1,0
34,340371,2,2,0,0,0,2,2,23,3144,24,9,2012,2,6,10,0,14,4,CR-522,DOCKS CORNER ROAD,0,40.37232778,-74.48553611,0,1,0,0,3,3,0,1,3,1,0,1,0,0000000,6,37,6,45,99,99,14,0,0,1,0
34,340372,2,2,0,0,0,2,2,9,0,11,10,2012,5,14,3,1,13,2,US-9,CR-644,23,38.97148611,-74.92753333,0,12,6,0,2,2,0,1,1,1,0,1,0,0000000,14,7,14,15,15,8,0,0,0,1,0
34,340373,1,1,0,0,0,4,4,21,3633,21,10,2012,1,7,4,1,13,2,US-1,,102,40.32082778,-74.65091944,0,30,0,0,1,1,0,4,4,1,0,1,0,0000000,7,8,7,22,7,45,0,0,0,1,0
34,340374,2,2,0,0,0,2,2,29,0,24,10,2012,4,13,15,1,13,3,SR-70,MASSACHUSETTS AVE,493,40.04261111,-74.23221111,0,12,6,0,2,2,0,1,1,1,0,1,0,0000000,13,17,99,99,13,38,0,0,0,1,0
34,340375,1,1,0,0,0,1,1,3,270,2,10,2012,3,21,38,0,14,6,WEST CENTRAL AVE,DICK ST,0,40.93343056,-73.99800278,0,33,0,0,2,3,0,4,3,2,0,2,0,0000000,21,40,21,50,22,27,0,0,0,1,1
34,340376,1,1,0,1,1,2,2,21,1265,12,10,2012,6,6,48,0,14,6,SOUTH CLINTON AVE,WOODSIDE AVE,0,40.19208889,-74.70987778,0,8,0,0,2,2,0,1,3,1,0,1,0,0000000,6,49,6,50,7,5,0,0,0,1,0
34,340377,3,3,0,1,1,3,3,13,800,18,9,2012,3,23,46,1,11,1,I-280,,114,40.76481111,-74.21903056,0,8,0,0,1,1,0,1,2,2,0,2,0,0000000,0,10,0,16,88,88,0,0,0,1,0
34,340378,1,1,0,1,1,1,1,13,230,11,7,2012,4,12,51,0,14,4,CR-670,MAIORAN PLACE,0,40.7823,-74.18216389,0,8,0,0,3,3,0,1,1,1,0,1,0,0000000,99,99,99,99,99,99,0,0,0,1,0
34,340379,3,2,1,0,1,6,7,13,1480,19,8,2012,1,22,9,0,16,6,SANDFORD AVENUE,,0,40.73051944,-74.239725,0,12,1,0,1,1,0,1,3,1,0,1,0,0000000,22,14,22,45,23,8,0,0,0,1,0
34,340380,2,2,0,0,0,2,2,13,1480,17,9,2012,2,19,34,0,16,6,ORANGE AVE,ADAMS ST,0,40.73382222,-74.22868611,0,12,6,0,2,3,0,1,3,1,0,1,0,0000000,19,37,99,99,20,12,0,0,0,1,0
34,340381,3,2,1,0,0,5,5,13,320,29,9,2012,7,23,15,0,14,6,BROUGHTON AVE,WALTER ST,0,40.81800278,-74.18286667,0,12,6,0,2,3,0,1,3,1,0,1,0,0000000,23,15,99,99,23,40,0,0,0,1,0
34,340382,3,1,2,1,1,6,6,13,800,27,8,2012,2,6,38,0,16,6,LINCOLN ST,,0,40.7717,-74.21068056,0,33,0,0,1,1,0,4,1,1,0,1,0,0000000,99,99,99,99,99,99,20,0,0,1,0
34,340383,2,2,0,0,0,2,2,25,0,5,9,2012,4,16,26,0,15,4,CR-527,,233,40.21918056,-74.36133889,0,12,6,0,1,1,0,1,1,1,0,1,0,0000000,16,27,16,47,17,27,0,0,0,1,0
34,340384,1,1,0,0,0,2,2,5,481,29,9,2012,7,13,29,1,11,1,I-295,,473,40.04855,-74.82996111,0,24,0,0,1,1,0,3,1,1,0,1,0,0000000,13,29,13,36,14,9,0,0,0,1,0
34,340385,2,2,0,0,0,3,3,25,1465,20,10,2012,7,15,40,0,14,4,CR-547,MILLER RD,0,40.11968333,-74.19194722,0,12,6,0,2,3,0,1,1,1,0,1,0,0000000,15,43,15,53,88,88,0,0,0,1,0
34,340386,2,2,0,0,0,4,4,41,18,3,10,2012,4,18,3,0,3,4,CR-517,I-80 (RAMP ENTRANCE),205,40.91632222,-74.81523889,0,12,6,1,18,1,0,1,1,10,0,10,0,0000000,18,4,18,16,18,38,0,0,0,1,0
34,340387,3,3,0,0,0,3,3,21,1650,1,10,2012,2,8,39,1,11,1,I-95M,,82,40.28556111,-74.71753056,0,12,1,0,1,1,0,1,1,1,0,1,0,0000000,8,41,8,54,9,15,0,0,0,1,0
34,340389,1,1,0,1,1,5,5,17,2205,4,7,2012,4,0,39,1,13,2,US-1,51ST STREET,585,40.78775833,-74.03088056,0,8,0,0,2,3,0,1,3,1,0,1,0,0000000,0,51,1,0,1,27,0,0,0,1,1
34,340390,2,2,0,0,0,5,5,15,0,7,7,2012,7,13,1,0,14,4,CR-654,CHAPEL HILL RD,56,39.73928889,-75.074875,0,12,6,0,2,2,0,1,1,1,0,1,0,0000000,13,4,13,8,13,45,0,0,0,2,0
34,340391,2,2,0,0,0,3,3,13,2130,14,9,2012,6,10,31,0,16,6,SPRINGFIELD AVE,MORRIS AVENUE,0,40.73357778,-74.19368889,0,12,6,0,2,3,0,1,1,1,0,1,0,0000000,10,35,10,39,10,56,0,0,0,1,0
34,340392,3,3,0,1,1,3,3,17,3040,13,8,2012,2,4,42,1,12,3,SR-3,,97,40.78759167,-74.04915278,0,8,0,0,1,1,0,1,3,1,0,1,0,0000000,4,47,99,97,99,97,0,0,0,1,0
34,340393,1,1,0,1,1,1,1,11,3460,31,10,2012,4,14,21,0,14,3,SR-47,,455,39.46931667,-75.04451389,0,33,0,0,1,1,0,4,1,1,0,1,0,0000000,99,99,99,99,99,99,0,0,0,1,1
34,340394,2,2,0,0,0,2,2,29,1801,18,9,2012,3,16,50,1,13,3,SR-70,,386,39.96240833,-74.38915833,0,12,2,0,1,1,0,1,1,1,0,1,0,0000000,16,58,17,14,17,57,0,0,0,1,0
34,340395,2,2,0,0,0,2,2,31,660,28,10,2012,1,19,51,1,12,3,SR-3,,48,40.82661389,-74.13179167,0,12,1,0,1,1,0,1,3,1,0,1,0,0000000,19,51,20,2,88,88,0,0,0,1,1
34,340396,1,1,0,0,0,1,1,29,0,20,10,2012,7,23,59,0,6,4,CR-602,,0,39.64686944,-74.338875,0,30,0,0,1,1,0,5,2,1,0,1,0,0000000,0,1,0,12,88,88,0,0,0,1,1
34,340397,1,1,0,0,0,1,1,15,1311,15,10,2012,2,15,50,0,6,6,WALTERS ROAD,,0,39.73921944,-75.208625,0,33,0,0,8,1,0,4,1,2,0,2,0,0000000,15,53,16,7,16,34,0,0,0,1,1
34,340398,1,1,0,0,0,1,1,29,1505,23,10,2012,3,5,23,0,14,4,CR-636,MAXIM CT,0,40.11484444,-74.32601944,0,42,0,0,3,3,0,5,2,1,0,1,0,0000000,5,24,5,43,6,8,0,0,0,1,0
34,340399,1,1,0,3,3,1,1,17,1520,31,10,2012,4,18,20,0,14,4,CR-663,JEFFERSON AVENUE,3,40.738625,-74.05451111,0,8,0,0,2,2,0,1,3,1,0,1,0,0000000,18,16,18,17,18,31,0,0,0,1,0
34,340400,1,1,0,1,1,1,1,25,1925,21,10,2012,1,20,6,1,13,3,SR-36,WILSON AVENUE,187,40.42586389,-74.10321111,0,8,0,0,2,2,0,1,3,1,0,1,0,0000000,6,10,6,19,6,47,0,0,0,1,1
34,340402,2,2,0,0,0,3,3,29,0,15,7,2012,1,17,56,0,6,5,DEERHEAD LAKE CRIVE,WINDSOR STREET,0,39.85285,-74.20766111,0,12,8,0,3,3,0,1,1,2,0,2,0,0000000,18,3,18,20,18,48,0,0,0,1,0
34,340403,1,1,0,0,0,1,1,25,0,26,9,2012,4,18,30,0,3,4,CR-537,,0,40.18198889,-74.39311111,0,42,0,0,1,1,0,4,5,1,0,1,0,0000000,18,39,18,55,88,88,0,0,0,1,0
34,340404,1,1,0,0,0,1,1,27,2498,13,9,2012,5,19,8,0,13,3,SR-10,,97,40.859625,-74.49100833,0,25,0,0,1,1,0,3,3,1,0,1,0,0000000,19,11,19,27,19,41,0,0,0,1,0
34,340405,3,3,0,0,0,11,11,11,0,26,10,2012,6,21,4,1,13,3,SR-49,,291,39.41823056,-75.17108889,0,12,1,0,1,1,0,2,2,1,0,1,0,0000000,21,4,21,13,21,42,0,0,0,1,0
34,340406,1,1,0,1,1,1,1,29,1505,17,10,2012,4,19,38,0,16,5,SOUTH NEW PROSPECT ROAD,,0,40.13355,-74.25861944,0,9,0,0,1,1,0,1,1,1,0,1,0,0000000,19,39,19,51,20,22,0,0,0,1,0
34,340407,2,2,0,0,0,3,3,27,2084,11,10,2012,5,6,12,1,13,2,US-46,,283,40.88295278,-74.73058333,0,12,2,0,1,1,0,1,4,1,0,1,0,0000000,6,23,6,39,7,6,0,0,0,1,0
34,340408,4,4,0,0,0,4,4,25,0,24,10,2012,4,18,11,0,15,4,CR-537,DEER RUN DRIVE,0,40.17666111,-74.40052778,0,12,8,0,3,3,0,1,5,1,0,1,0,0000000,18,29,18,35,19,46,0,0,0,1,0
34,340410,1,1,0,1,1,3,3,11,3460,21,11,2012,4,19,49,0,14,3,SR-47,,435,39.43843333,-75.04108333,0,8,0,0,1,1,0,1,3,1,0,1,0,0000000,19,49,19,54,88,88,0,0,0,1,0
34,340411,2,2,0,1,1,2,2,13,2130,22,10,2012,2,2,13,1,11,1,I-95,,612,40.72528056,-74.13298889,0,8,0,0,1,1,0,1,3,1,0,1,0,0000000,2,20,2,30,3,45,0,0,0,1,0
34,340412,1,1,0,0,0,2,2,37,0,6,10,2012,7,3,16,0,3,3,SR-94,,313,41.11468889,-74.63355278,0,30,0,0,1,1,0,5,2,1,0,1,0,0000000,3,17,3,26,4,26,0,0,0,1,1
34,340413,1,1,0,0,0,1,1,27,0,28,10,2012,1,15,28,0,15,3,SR-181,,6,40.97426667,-74.60214444,0,33,0,0,1,1,0,4,1,1,0,1,0,0000000,15,28,15,44,16,4,0,0,0,1,1
34,340414,1,1,0,0,0,1,1,23,2417,16,11,2012,6,20,3,0,14,4,CR-527,,0,40.40443889,-74.36120278,0,33,0,0,1,1,0,4,3,1,0,1,0,0000000,20,6,20,10,20,49,0,0,0,1,0
34,340416,1,1,0,0,0,2,2,31,1725,10,11,2012,7,23,56,0,16,6,MEADOW DRIVE,,0,40.87905556,-74.23698611,0,5,0,0,1,1,0,1,3,1,0,1,0,0000000,23,58,0,7,0,26,0,0,0,1,0
34,340417,2,2,0,0,0,3,3,7,3694,7,11,2012,4,12,23,1,12,8,ACE-444,,358,39.69501111,-74.93155,0,12,6,0,1,1,0,1,1,4,0,4,0,0000000,12,25,12,40,13,15,0,0,0,1,0
34,340418,1,1,0,0,0,4,4,27,0,29,10,2012,2,19,38,0,16,6,NORTH GATE RD,,0,40.77929722,-74.63230833,0,16,0,0,1,1,0,1,2,6,2,2,0,0000000,19,57,99,99,99,99,0,0,0,2,0
34,340419,3,3,0,0,0,3,3,21,3509,3,10,2012,4,9,45,1,11,1,I-95,,153,40.19369722,-74.60104722,0,25,0,0,1,1,1,3,1,1,0,1,0,0000000,9,51,10,37,88,88,0,0,0,1,0
34,340420,1,1,0,0,0,1,1,29,3360,26,10,2012,6,20,27,1,12,8,GSP-444,,861,40.01036944,-74.19026111,0,42,0,0,1,1,0,5,2,1,0,1,0,0000000,20,32,20,43,88,88,0,0,0,1,0
34,340422,1,1,0,1,1,1,1,1,90,9,7,2012,2,22,0,1,13,2,US-30,PENNSYLVANIA AVENUE,581,39.37,-74.42861944,0,15,0,0,3,2,0,1,3,1,0,1,0,0000000,21,35,99,97,99,97,0,0,0,1,0
34,340423,1,1,0,0,0,2,2,37,400,22,10,2012,2,3,11,1,2,2,US-206,CR-633,1170,41.14471111,-74.75523889,0,33,0,0,3,2,0,4,2,1,0,1,0,0000000,3,12,3,25,99,99,0,0,0,2,1
34,340424,2,2,0,0,0,2,2,25,1352,19,11,2012,2,0,11,1,13,3,SR-36,MUNRO AVE,208,40.43676944,-74.13884722,0,25,0,0,3,3,0,4,3,1,0,1,0,0000000,99,99,99,99,99,99,14,0,0,1,1
34,340425,1,1,0,1,1,1,1,21,1650,16,11,2012,6,17,47,1,13,2,US-206,OAKLYN TERRACE,0,40.27165,-74.73616389,0,8,0,0,2,3,0,1,3,1,0,1,0,0000000,17,47,17,56,18,4,0,0,0,1,0
34,340426,1,1,0,0,0,4,4,39,2050,19,11,2012,2,19,48,1,13,2,US-22,,510,40.67905556,-74.34448333,0,25,0,0,1,1,0,3,3,1,0,1,0,0000000,19,45,19,52,88,88,0,0,0,1,0
34,340427,2,2,0,0,0,3,3,7,630,7,6,2012,5,6,5,1,13,2,US-30,ATLANTIC AVE,143,39.80756944,-74.97331944,0,12,6,0,2,3,0,1,4,1,0,1,0,0000000,6,6,6,15,6,33,0,0,0,1,0
34,340428,1,1,0,0,0,2,2,3,1060,31,8,2012,6,18,35,1,11,1,I-95,,768,40.85755,-73.97374444,0,7,0,1,18,1,0,1,1,1,0,1,0,0000000,18,45,18,49,19,19,0,0,0,1,0
34,340429,1,1,0,1,1,1,1,41,1220,1,8,2012,4,4,12,1,13,3,SR-182,,90,40.84861389,-74.82395278,0,15,0,0,1,1,0,1,3,2,0,2,0,0000000,4,12,4,17,88,88,0,0,0,1,0
34,340430,2,2,0,0,0,5,5,25,1445,30,9,2012,1,10,9,0,14,4,CR-52,GALLOPING HILL RD,0,40.379925,-74.14432222,0,33,0,0,3,3,0,4,1,1,0,1,0,0000000,10,13,10,27,11,6,0,0,0,2,0
34,340431,1,1,0,0,0,1,1,23,844,15,11,2012,5,15,58,1,11,1,I-95,,427,40.52758889,-74.33955,0,24,0,1,18,1,0,4,1,1,0,1,0,0000000,99,99,99,99,99,99,0,0,0,1,0
34,340432,2,2,0,0,0,3,3,37,400,18,11,2012,1,12,35,1,2,2,US-206,MORRIS AVENUE,1165,41.14213056,-74.74928889,0,12,6,0,2,2,0,1,1,1,0,1,0,0000000,12,41,12,46,13,19,0,0,0,1,0
34,340433,2,2,0,0,0,4,4,27,0,2,11,2012,6,20,13,1,11,1,I-287,,318,40.75396944,-74.52555,0,12,7,0,1,1,0,1,2,1,0,1,0,0000000,20,27,20,37,99,99,0,0,0,1,1
34,340434,1,1,0,0,0,1,1,39,1412,14,12,2012,6,2,59,1,13,2,US-22,CR-623,581,40.69696111,-74.21675556,0,52,0,1,18,1,0,4,2,1,0,1,0,0000000,3,4,3,14,3,34,0,0,0,1,1
34,340435,1,1,0,2,2,2,2,25,1832,23,8,2012,5,22,43,1,13,2,US-9,,1205,40.34905833,-74.30781944,0,8,0,0,1,1,0,1,3,1,0,1,0,0000000,22,47,23,10,23,30,0,0,0,1,0
34,340436,1,1,0,1,1,1,1,29,416,15,8,2012,4,8,58,0,13,3,SR-88,COOLIDGE RD,69,40.07577778,-74.105275,0,9,0,0,2,2,0,1,1,1,0,1,0,0000000,8,59,9,10,9,25,0,0,0,1,0
34,340437,2,2,0,0,0,2,2,25,1832,12,9,2012,4,21,8,0,13,3,SR-34,,11199,40.37830833,-74.20908333,0,12,2,0,1,1,0,1,2,1,0,1,0,0000000,21,12,21,35,22,28,0,0,0,1,0