STATE,ST_CASE,VE_TOTAL,VE_FORMS,PVH_INVL,PEDS,PERNOTMVIT,PERMVIT,PERSONS,COUNTY,CITY,DAY,MONTH,YEAR,DAY_WEEK,HOUR,MINUTE,NHS,ROAD_FNC,ROUTE,TWAY_ID,TWAY_ID2,MILEPT,LATITUDE,LONGITUD,SP_JUR,HARM_EV,MAN_COLL,RELJCT1,RELJCT2,TYP_INT,WRK_ZONE,REL_ROAD,LGT_COND,WEATHER1,WEATHER2,WEATHER,SCH_BUS,RAIL,NOT_HOUR,NOT_MIN,ARR_HOUR,ARR_MIN,HOSP_HR,HOSP_MN,CF1,CF2,CF3,FATALS,DRUNK_DR
34,340438,1,1,0,0,0,1,1,27,2498,14,9,2012,6,17,1,0,13,2,US-46,BALDWIN RD,477,40.86376389,-74.39586944,0,33,0,0,3,2,0,4,1,1,0,1,0,0000000,17,5,17,11,17,35,0,0,0,1,1
34,340439,1,1,0,1,1,1,1,29,1590,20,9,2012,5,5,29,0,13,4,CR-526,SQUANKUM RD,0,40.10517222,-74.20508611,0,8,0,0,2,2,0,1,3,1,0,1,0,0000000,5,30,5,43,88,88,0,0,0,1,0
34,340440,1,1,0,0,0,2,2,23,2970,22,9,2012,7,0,31,1,13,2,US-9,,1291,40.46824444,-74.29748889,0,33,0,0,1,1,0,4,3,1,0,1,0,0000000,0,35,0,47,1,22,0,0,0,2,1
34,340441,2,2,0,0,0,2,2,5,481,20,10,2012,7,3,56,1,11,1,I-295,,469,40.03530278,-74.83914444,0,12,1,0,1,1,0,1,2,1,0,1,0,0000000,4,19,4,28,5,9,0,0,0,1,1
34,340442,2,2,0,0,0,2,2,23,2208,15,5,2012,3,21,2,1,13,2,US-1,NORTH OAK BLVD,237,40.45828889,-74.47178611,0,12,6,0,2,3,0,1,3,1,0,1,0,0000000,9,5,9,11,99,99,0,0,0,1,1
34,340443,1,1,0,0,0,1,1,41,260,15,5,2012,3,16,25,0,6,5,MANUNKACHUNK ROAD,MARKET STREET,0,40.83343611,-75.07857222,0,24,0,0,3,3,0,4,1,1,0,1,0,0000000,16,34,99,99,88,88,0,0,0,1,1
34,340444,2,2,0,0,0,2,2,41,0,9,5,2012,4,5,1,1,13,2,US-22,GREENWICH ST,40,40.67717778,-75.14249722,0,12,6,0,2,2,0,1,3,2,0,2,0,0000000,5,2,5,15,88,88,0,0,0,1,0
34,340445,1,1,0,0,0,2,2,23,704,28,9,2012,6,20,21,0,13,2,US-130,,707,40.29813056,-74.51448056,0,42,0,0,1,1,0,5,3,1,0,1,0,0000000,20,40,99,99,21,20,0,0,0,1,0
34,340446,1,1,0,1,1,1,1,23,2208,15,7,2012,1,19,47,0,15,5,NASSAU STREET,REMSEN AVENUE,0,40.47520833,-74.45751944,0,8,0,0,2,2,0,1,1,10,0,10,0,0000000,19,52,19,59,20,20,0,0,0,1,0
34,340447,1,1,0,0,0,2,2,35,1081,8,5,2012,3,17,43,0,13,3,SR-27,TRAP ROCK RD,46,40.38644722,-74.59526389,0,46,0,0,2,2,0,4,1,2,0,2,0,0000000,17,46,17,59,88,88,0,0,0,2,0
34,340448,1,1,0,1,1,1,1,23,2140,12,8,2012,1,12,10,0,15,6,HANDY STREET,JOYCE KILMER AVENUE,0,40.48936111,-74.4511,0,8,0,0,2,2,0,1,1,1,0,1,0,0000000,99,99,99,99,99,99,0,0,0,1,0
34,340449,2,2,0,0,0,2,2,35,2750,23,5,2012,4,15,1,1,13,2,US-206,ORLANDO DR,707,40.56651111,-74.62401389,0,12,6,0,2,2,0,1,1,2,0,2,0,0000000,15,11,15,18,15,41,0,0,0,1,0
34,340451,1,1,0,0,0,1,1,3,840,4,8,2012,7,2,41,0,16,6,GORGE RD,,0,40.81031667,-73.99109167,0,33,0,0,1,1,0,5,2,1,0,1,0,0000000,2,49,3,6,88,88,0,0,0,1,1
34,340452,1,1,0,1,1,1,1,13,1990,23,10,2012,3,20,32,0,13,4,CR-506,,0,40.81302778,-74.21639167,0,8,0,0,1,1,0,1,3,2,0,2,0,0000000,20,29,20,33,20,51,0,0,0,1,0
34,340453,2,2,0,0,0,4,4,23,2208,11,8,2012,7,4,17,0,13,2,US-130,RAIDER ROAD,823,40.44913056,-74.46289722,0,12,6,0,2,2,0,1,3,1,0,1,0,0000000,4,31,4,43,5,12,0,0,0,1,1
34,340454,1,1,0,1,1,1,1,13,2130,8,10,2012,2,19,5,1,13,3,SR-21,,38,40.75782778,-74.16656944,0,8,0,0,1,1,0,1,2,1,0,1,0,0000000,19,6,19,8,19,21,0,0,0,1,0
34,340455,2,2,0,0,0,2,2,39,3570,10,8,2012,6,11,18,0,14,4,CR-606,,0,40.62630278,-74.33258333,0,12,6,0,8,1,0,1,1,2,0,2,1,0000000,11,27,11,40,12,26,0,0,0,1,0
34,340456,1,1,0,0,0,3,3,25,3357,12,9,2012,4,22,31,0,14,4,CR-547,,0,40.22353889,-74.11887222,0,42,0,0,1,1,0,4,3,1,0,1,0,0000000,22,37,22,46,23,20,20,0,0,2,1
34,340457,1,1,0,1,1,1,1,23,2140,28,9,2012,6,13,23,0,16,6,PLUM STREET,,0,40.49388056,-74.45159722,0,8,0,0,1,1,0,1,1,1,0,1,0,0000000,13,24,13,25,88,88,0,0,0,1,0
34,340458,3,3,0,0,0,4,4,23,2208,19,9,2012,4,14,27,0,13,2,US-130,RENAISSANCE BLVD,806,40.43415278,-74.48746667,0,12,6,0,3,1,0,1,1,1,0,1,0,0000000,14,29,14,33,15,0,0,0,0,1,0
34,340459,1,1,0,1,1,1,1,7,598,7,9,2012,6,8,8,1,13,3,SR-70,,37,39.91360278,-75.00904167,0,8,0,0,1,1,0,1,1,1,0,1,0,0000000,8,7,8,12,8,46,0,0,0,1,0
34,340460,1,1,0,1,1,1,1,1,10,3,10,2012,4,23,18,1,13,2,US-30,SOUTH MILL RD,512,39.43186667,-74.51100833,0,8,0,0,2,2,0,1,3,1,0,1,0,0000000,23,18,23,26,23,43,0,0,0,1,0
34,340461,1,1,0,0,0,1,1,41,0,4,10,2012,5,16,53,0,3,2,US-46,,182,40.86738056,-74.87945833,0,30,0,0,1,1,0,5,1,10,0,10,0,0000000,16,55,17,8,17,53,0,0,0,1,0
34,340462,1,1,0,1,1,5,5,1,10,4,11,2012,1,22,22,1,13,2,US-30,MILL RD,511,39.43191667,-74.51103889,0,8,0,0,2,2,0,1,3,1,0,1,0,0000000,22,23,22,33,22,46,0,0,0,1,0
34,340463,1,1,0,0,0,1,1,17,2205,13,11,2012,3,4,20,1,13,4,CR-501,91ST ST,0,40.81051944,-74.00523889,0,33,0,0,3,2,0,4,3,10,0,10,0,0000000,3,55,4,10,88,88,0,0,0,1,0
34,340464,1,1,0,0,0,1,1,35,1194,22,7,2012,1,7,8,0,15,4,CR-634,,0,40.58765556,-74.49411111,0,42,0,0,1,1,0,4,1,1,0,1,0,0000000,7,5,7,14,8,8,0,0,0,1,0
34,340465,1,1,0,1,1,1,1,3,2820,25,7,2012,4,21,12,1,12,3,SR-4,,50,40.91248889,-74.04158611,0,8,0,0,1,1,0,1,3,1,0,1,0,0000000,21,16,21,21,22,1,0,0,0,1,0
34,340466,1,1,0,1,1,1,1,13,2130,9,11,2012,6,7,20,0,16,6,SUSSEX ST,SUMMIT ST,0,40.74414722,-74.17681667,0,15,0,0,2,2,0,1,1,1,0,1,0,0000000,7,21,99,99,7,38,0,0,0,1,0
34,340467,2,2,0,0,0,3,3,23,3705,14,11,2012,4,11,10,1,13,2,US-9,QUEEN RD,1363,40.56260833,-74.29711389,0,12,6,0,7,1,0,1,1,1,0,1,0,0000000,11,17,11,29,11,54,0,0,0,1,0
34,340468,1,1,0,1,1,4,4,3,1210,22,9,2012,7,23,0,1,12,3,SR-4,,56,40.90456667,-74.03190833,0,8,0,1,18,1,0,1,3,2,0,2,0,0000000,23,1,23,9,88,88,0,0,0,1,0
34,340469,1,1,0,0,0,2,2,27,2003,14,10,2012,1,13,45,0,16,5,JOHN HENRY DRIVE,,0,40.88378611,-74.36759722,0,5,0,0,1,1,0,1,1,1,0,1,0,0000000,13,53,13,59,14,21,0,0,0,1,0
34,340470,1,1,0,1,1,2,2,13,1480,8,11,2012,5,15,9,0,14,4,CR-601,UNION AVE,0,40.71573889,-74.23795556,0,8,0,0,3,2,0,1,1,1,0,1,0,0000000,15,11,15,21,88,88,0,0,0,1,0
34,340471,2,2,0,0,0,3,3,29,1505,9,10,2012,3,17,16,0,14,4,CR-547,,0,40.07473056,-74.285625,0,12,6,0,1,1,0,1,2,2,0,2,0,0000000,17,17,17,37,18,16,0,0,0,2,0
34,340472,1,1,0,1,1,1,1,1,851,8,11,2012,5,5,15,1,13,2,US-40,,531,39.44055833,-74.620675,0,8,0,0,1,1,0,1,2,10,0,10,0,0000000,5,21,5,35,88,88,0,0,0,1,0
34,340473,4,4,0,0,0,8,8,13,2130,19,11,2012,2,11,13,0,13,4,CR-510,SOUTH 9TH ST,0,40.73995,-74.19978611,0,12,6,0,2,2,0,1,1,1,0,1,0,0000000,11,13,11,16,11,47,20,0,0,1,0
34,340474,1,1,0,0,0,1,1,23,3144,23,10,2012,3,20,20,0,13,3,SR-27,,93,40.433675,-74.54634167,0,42,0,0,1,1,0,4,3,2,0,2,0,0000000,99,99,99,99,99,99,0,0,0,1,1
34,340475,2,2,0,0,0,3,3,5,0,13,10,2012,7,14,8,0,6,5,BUZZARD HILL ROAD,,0,39.87681111,-74.54556944,0,12,6,0,1,1,0,1,1,1,0,1,0,0000000,14,16,14,30,88,88,0,0,0,2,0
34,340476,2,1,1,0,0,1,1,23,1910,25,11,2012,1,7,25,0,16,6,LINDEN AVENUE,LIBERTY PLACE,0,40.54554722,-74.36071111,0,33,0,0,3,1,0,4,1,1,0,1,0,0000000,7,28,7,36,88,88,0,0,0,1,1
34,340477,1,1,0,1,1,1,1,7,1790,22,11,2012,5,18,52,1,13,2,US-30,,100,39.853,-75.02545556,0,8,0,0,1,1,0,1,2,1,0,1,0,0000000,18,54,19,0,88,88,0,0,0,1,0
34,340478,1,1,0,1,1,1,1,3,1210,19,11,2012,2,19,8,0,14,4,CR-57,SIMMONS AVENUE,0,40.88248611,-74.06136111,0,8,0,0,3,2,0,1,3,1,0,1,0,0000000,19,12,19,15,19,25,0,0,0,1,0
34,340479,2,2,0,0,0,2,2,9,0,7,11,2012,4,17,3,0,3,3,SR-47,,126,39.12274167,-74.86109444,0,12,2,0,1,1,0,1,3,4,0,4,0,0000000,17,6,17,18,17,50,0,0,0,1,0
34,340480,2,2,0,1,1,2,2,19,0,5,11,2012,2,8,53,0,14,4,CR-614,,0,40.54829444,-74.89400833,0,18,0,0,1,1,0,1,1,1,0,1,0,0000000,8,54,9,12,9,17,14,0,0,1,0
34,340481,1,1,0,1,1,5,5,5,1824,25,11,2012,1,1,4,1,13,3,SR-73,,283,39.93918611,-74.97226111,0,8,0,0,1,1,0,1,3,1,0,1,0,0000000,1,5,1,9,88,88,0,0,0,1,0
34,340482,2,2,0,1,1,2,2,3,560,30,11,2012,6,18,21,0,13,4,CR-503,,0,40.81821389,-74.06525556,0,8,0,0,1,1,0,1,2,1,0,1,0,0000000,18,24,18,36,88,88,0,0,0,1,0
34,340483,2,2,0,1,1,2,2,15,0,10,11,2012,7,8,49,0,15,4,CR-612,BLUEBELL RD,0,39.66933889,-74.98971389,0,12,6,0,2,2,0,1,1,1,0,1,0,0000000,8,55,9,10,9,43,0,0,0,1,1
34,340484,1,1,0,0,0,1,1,5,2081,16,11,2012,6,19,34,1,12,8,700,,364,39.95161944,-74.92681111,0,59,0,0,1,1,0,4,2,1,0,1,0,0000000,19,35,19,51,88,88,0,0,0,1,1
34,340485,1,1,0,0,0,2,2,13,1480,11,11,2012,1,6,2,1,12,8,444,,1438,40.71818056,-74.23728889,0,24,0,0,1,1,0,4,2,4,0,4,0,0000000,6,10,6,18,88,88,0,0,0,2,1
34,340486,2,2,0,0,0,2,2,25,3475,3,11,2012,7,12,59,0,3,3,SR-34,BELMAR BLVD,64,40.20050556,-74.12079722,0,12,6,0,2,2,0,1,1,10,0,10,0,0000000,1,9,1,17,1,54,0,0,0,1,0
34,340487,2,2,0,1,1,3,3,13,2130,10,11,2012,7,22,0,0,13,4,CR-508,NORFOLK STREET,0,40.74571111,-74.18311944,0,12,6,0,2,2,0,1,3,1,0,1,0,0000000,22,3,22,7,22,23,20,0,0,1,0
34,340488,1,1,0,0,0,1,1,31,2510,11,11,2012,1,5,47,1,11,1,I-80,,578,40.90867778,-74.18301389,0,33,0,0,1,1,0,4,2,10,0,10,0,0000000,99,99,99,99,99,99,0,0,0,1,0
34,340489,2,2,0,0,0,3,3,5,3325,7,11,2012,4,21,12,1,13,2,US-206,,157,39.8596,-74.73326111,0,12,6,0,1,1,0,1,2,4,0,4,0,0000000,21,10,21,27,22,20,0,0,0,2,0
34,340490,1,1,0,0,0,2,2,5,3691,17,11,2012,7,3,57,0,13,4,CR-626,GALLANT LANE,0,40.01504444,-74.88176389,0,42,0,0,3,3,0,5,3,1,0,1,0,0000000,3,58,4,1,4,40,0,0,0,1,1
34,340491,1,1,0,1,1,1,1,1,10,12,11,2012,2,18,52,1,13,2,US-30,,533,39.37942222,-74.45763056,0,8,0,0,1,1,0,1,2,1,0,1,0,0000000,18,53,19,2,88,88,0,0,0,1,0
34,340492,2,2,0,0,0,3,3,17,1540,3,11,2012,7,11,12,0,14,4,CR-659,US-1 AND 9,17,40.73132778,-74.10886667,0,12,6,1,2,3,0,1,1,1,0,1,0,0000000,11,13,11,36,12,20,0,0,0,1,0
34,340493,1,1,0,0,0,1,1,29,1590,18,11,2012,1,14,37,1,12,8,GARDEN STATE PARKWAY 444,,877,40.03668056,-74.1811,0,24,0,0,1,1,0,5,1,1,0,1,0,0000000,14,41,14,49,88,88,0,0,0,1,0
34,340494,2,2,0,0,0,3,3,23,2208,15,11,2012,5,23,10,1,13,2,US-1,,210,40.4348,-74.51206389,0,12,1,0,1,1,0,1,3,1,0,1,0,0000000,23,13,23,25,23,48,0,0,0,1,0
34,340495,1,1,0,0,0,2,2,23,2970,29,11,2012,5,6,19,1,12,8,444 (GSA),,1218,40.43043056,-74.24388056,0,25,0,0,1,1,0,3,4,1,0,1,0,0000000,6,25,6,54,99,99,0,0,0,1,0
34,340496,2,2,0,0,0,2,2,23,2417,8,11,2012,5,7,23,0,15,4,CR-689,,0,40.43759722,-74.25088611,0,12,2,1,18,1,0,1,1,1,0,1,0,0000000,7,31,7,49,8,20,0,0,0,1,0
34,340497,4,4,0,0,0,5,5,41,0,19,10,2012,6,6,33,1,1,1,I-78,,54,40.67131111,-75.10691111,0,24,0,0,1,1,0,4,4,2,0,2,0,0000000,6,26,6,40,7,40,14,0,0,2,0
34,340498,1,1,0,0,0,3,3,23,2140,31,10,2012,4,16,24,1,13,3,SR-18,RAMP TO GEORGE STREET,414,40.50616944,-74.45195556,0,33,0,1,5,1,0,4,1,1,0,1,0,0000000,16,27,16,32,16,55,0,0,0,1,1
34,340499,1,1,0,1,1,1,1,23,2140,15,6,2012,6,23,11,0,14,3,SR-26,FIFTH STREET,0,40.47456389,-74.46361944,0,8,0,0,1,1,0,1,2,1,0,1,0,0000000,23,10,23,16,23,29,0,0,0,1,0
34,340500,1,1,0,0,0,3,3,31,2510,20,11,2012,3,8,28,1,11,1,I-80,,568,40.90021111,-74.19715,0,25,0,0,1,1,0,3,1,1,0,1,0,0000000,8,30,8,43,9,1,0,0,0,1,0
34,340501,1,1,0,1,1,1,1,31,2500,27,9,2012,5,6,32,1,13,4,CR-601,CR-608,0,40.84201389,-74.13218611,0,8,0,0,2,2,0,1,3,2,0,2,0,0000000,99,99,99,99,99,99,0,0,0,1,0
34,340502,1,1,0,0,0,2,2,31,2510,6,10,2012,7,4,54,0,15,6,21ST AVE,SPRING ST,0,40.90760278,-74.16853889,0,33,0,0,2,2,0,4,3,1,0,1,0,0000000,4,47,4,50,5,2,0,0,0,1,1
34,340503,1,1,0,1,1,1,1,1,10,19,11,2012,2,17,51,1,13,2,US-30,,527,39.41650833,-74.49140278,0,8,0,0,1,1,0,1,3,1,0,1,0,0000000,5,59,6,2,6,35,0,0,0,1,0
34,340504,1,1,0,1,1,1,1,25,0,18,11,2012,1,17,51,1,12,3,SR-33,,265,40.24910556,-74.29965,0,8,0,1,18,1,0,1,3,1,0,1,0,0000000,18,27,18,48,88,88,0,0,0,1,0
34,340505,2,2,0,0,0,2,2,5,0,5,11,2012,2,8,37,1,13,3,SR-70,SPRING LAKE BLVD,307,39.93121667,-74.52848611,0,12,1,0,2,2,0,1,1,1,0,1,0,0000000,8,39,8,47,9,13,0,0,0,1,0
34,340506,2,2,0,0,0,2,2,29,1801,10,12,2012,2,13,58,0,14,4,CR-530,S. COLUMBUS BLVD,0,39.94992778,-74.368975,0,12,6,0,2,3,0,1,1,2,0,2,0,0000000,14,4,14,25,14,57,0,0,0,1,0
34,340507,1,1,0,1,1,1,1,11,1970,10,12,2012,2,18,21,0,14,3,SR-47,,407,39.401475,-75.03729722,0,8,0,0,1,1,0,1,2,2,0,2,0,0000000,18,20,18,31,19,40,0,0,0,1,0
34,340508,1,1,0,0,0,1,1,27,1030,7,11,2012,4,9,52,0,15,6,BROOKLAKE ROAD,,0,40.75546944,-74.38901667,0,33,0,0,1,1,0,4,1,1,0,1,0,0000000,10,0,10,12,88,88,0,0,0,1,0
34,340509,2,2,0,1,1,3,3,5,3691,3,12,2012,2,19,58,1,13,2,US-130,PENNYPACKER DR,427,40.04395556,-74.90725,0,8,0,0,2,3,0,1,3,1,0,1,0,0000000,19,59,20,4,88,88,0,0,0,1,0
34,340510,1,1,0,1,1,3,3,29,3360,7,12,2012,6,17,58,0,13,4,CR-549S,CAPSTAIN DR,0,39.99238333,-74.14924722,0,8,0,0,2,3,0,1,3,10,0,10,0,0000000,17,59,18,9,18,26,0,0,0,1,1
34,340511,1,1,0,0,0,4,4,37,3448,1,12,2012,7,2,20,0,6,6,MAPLE GRANGE RD,,0,41.22248056,-74.47915556,0,24,0,0,1,1,0,4,2,1,0,1,0,0000000,2,36,3,3,3,50,0,0,0,1,1
34,340512,1,1,0,0,0,4,4,23,2570,16,12,2012,1,4,25,0,14,4,CR-656,,22,40.51808056,-74.28743333,0,33,0,0,1,1,0,4,3,10,0,10,0,0000000,4,30,4,39,5,13,0,0,0,2,1
34,340513,1,1,0,0,0,1,1,27,1295,9,11,2012,6,11,3,1,12,3,SR-24,,5,40.80046944,-74.4414,0,33,0,1,5,1,0,4,1,1,0,1,0,0000000,11,6,11,15,88,88,0,0,0,1,0
34,340514,1,1,0,0,0,1,1,29,0,2,11,2012,6,14,0,0,6,5,BUCK SWAMP ROAD,,0,99.99990000,999.99990000,2,42,0,0,1,1,0,5,1,1,0,1,0,0000000,99,99,99,99,99,99,0,0,0,1,0
34,340515,1,1,0,1,1,1,1,39,1700,20,8,2012,2,20,56,0,13,3,SR-27,CHANDLER AVE,318,40.647475,-74.24840278,0,8,0,0,3,2,0,1,3,1,0,1,0,0000000,20,59,21,8,21,39,0,0,0,1,0
34,340516,1,1,0,1,1,2,2,29,145,8,12,2012,7,19,28,0,14,5,BARNEGAT BLVD,BENGAL BLVD,0,39.76558889,-74.2281,0,8,0,0,2,2,0,1,3,1,0,1,0,0000000,19,33,19,46,88,88,0,0,0,1,0
34,340517,1,1,0,0,0,2,2,29,416,24,11,2012,7,1,51,0,16,5,CHERRY QUAY ROAD,,0,40.03741111,-74.12554167,0,30,0,0,1,1,0,4,3,2,0,2,0,0000000,1,51,1,59,2,58,0,0,0,2,1
34,340518,1,1,0,1,1,1,1,13,2320,21,12,2012,6,20,9,0,14,4,CR-645,,0,40.82123611,-74.15795556,0,8,0,0,1,1,0,1,3,1,0,1,0,0000000,20,8,20,21,88,88,0,0,0,1,0
34,340519,1,1,0,0,0,4,4,35,0,22,11,2012,5,2,33,1,11,1,I-78,,338,40.64595,-74.5857,0,35,0,0,1,1,0,3,2,1,0,1,0,0000000,2,35,2,49,99,99,0,0,0,2,1
34,340520,1,1,0,1,1,3,3,29,1505,6,11,2012,3,16,16,0,14,4,CR-571,,0,40.12360833,-74.39426667,0,9,0,0,1,1,0,1,5,1,0,1,0,0000000,16,18,16,33,17,7,0,0,0,1,0
34,340521,1,1,0,0,0,1,1,39,705,29,11,2012,5,8,47,0,14,4,CR-632,,0,40.64315833,-74.30506111,0,33,0,0,1,1,0,4,1,1,0,1,0,0000000,8,48,8,54,9,26,0,0,0,1,0
34,340522,6,1,5,0,0,2,2,5,2470,30,12,2012,1,3,38,1,13,3,SR-73,,338,39.99888611,-75.03541389,0,25,0,0,1,1,0,3,3,2,0,2,0,0000000,3,47,3,49,4,24,0,0,0,1,0
34,340523,2,2,0,0,0,2,2,31,2510,10,6,2012,1,21,42,0,16,6,ATLANTIC STREET,,0,40.89721389,-74.16323889,0,12,2,0,1,1,0,1,3,1,0,1,0,0000000,21,50,21,55,22,9,0,0,0,1,0
34,340524,1,1,0,1,1,2,2,13,230,6,12,2012,5,16,47,0,16,6,CLARA MAASS DR,,0,40.78555556,-74.17482778,0,8,0,0,1,1,0,1,2,1,0,1,0,0000000,16,50,17,5,17,27,0,0,0,1,0
34,340525,1,1,0,1,1,1,1,5,735,22,12,2012,7,0,50,1,13,2,US-130,,389,40.01066667,-74.96478889,0,8,0,0,1,1,0,1,3,1,0,1,0,0000000,0,51,0,56,1,25,0,0,0,1,0
34,340526,1,1,0,0,0,3,3,41,1572,2,12,2012,1,21,20,1,11,1,I-80,,53,40.92971944,-75.07791111,0,33,0,0,1,1,0,4,2,2,0,2,0,0000000,21,13,21,36,22,2,0,0,0,1,0
34,340527,1,1,0,1,1,1,1,15,1814,3,12,2012,2,17,50,0,13,3,SR-45,,221,39.78706389,-75.17842778,0,8,0,0,1,1,0,1,3,1,0,1,0,0000000,17,53,17,59,18,22,0,0,0,1,0
34,340528,2,2,0,0,0,2,2,39,3395,10,12,2012,2,11,28,1,11,1,I-78 RAMP,,520,40.70685,-74.25263056,0,12,2,1,5,1,0,1,1,2,0,2,0,0000000,11,37,11,45,12,12,0,0,0,1,0
34,340529,1,1,0,0,0,1,1,21,935,8,12,2012,7,0,36,1,11,1,I-95,,5,40.2647,-74.84083889,0,42,0,0,1,1,0,4,2,2,0,2,0,0000000,0,37,0,47,88,88,0,0,0,1,0
34,340530,1,1,0,1,1,1,1,21,1650,3,12,2012,2,9,48,1,13,2,US-1,,64,40.29378333,-74.68381667,0,15,0,0,4,1,0,1,1,1,0,1,0,0000000,99,99,99,99,99,99,0,0,0,1,0
34,340531,1,1,0,0,0,1,1,11,9997,12,12,2012,4,1,27,0,5,4,CR-629,,43,39.35109167,-75.131475,0,42,0,0,1,1,0,4,2,1,0,1,0,0000000,1,24,1,40,1,57,0,0,0,1,0
34,340532,1,1,0,0,0,2,2,27,2498,2,12,2012,1,0,46,1,11,1,I-80,,407,40.87806944,-74.46786944,0,33,0,0,1,1,0,4,3,5,0,5,0,0000000,0,53,1,14,1,42,0,0,0,1,1
34,340533,1,1,0,0,0,1,1,27,610,20,12,2012,5,15,23,0,14,4,CR-607,,0,40.74868611,-74.37589167,0,42,0,0,1,1,0,4,1,1,0,1,0,0000000,15,27,15,35,16,15,0,0,0,1,0
34,340534,2,2,0,0,0,2,2,15,0,14,12,2012,6,3,16,0,5,4,CR-609,UNIONVILLE RD,0,39.68485833,-75.1768,0,12,6,0,2,2,0,1,2,1,0,1,0,0000000,3,19,3,31,4,0,0,0,0,1,0
34,340535,1,1,0,1,1,1,1,27,0,6,12,2012,5,17,27,1,13,3,SR-15,TIERNEY ROAD,0,40.95665278,-74.59695833,0,8,0,0,3,3,0,1,2,1,0,1,0,0000000,17,28,17,46,88,88,0,0,0,1,0
34,340536,1,1,0,1,1,1,1,27,2498,22,12,2012,7,1,54,1,13,3,SR-10,YACENDA DRIVE,93,40.86138333,-74.49518333,0,8,0,0,3,3,0,1,3,4,0,4,0,0000000,1,59,2,11,2,40,0,0,0,1,1
34,340537,3,3,0,1,1,3,3,23,570,9,12,2012,1,5,0,1,11,1,I-95,,498,40.58526111,-74.2407,0,12,1,0,1,1,0,1,2,2,0,2,0,0000000,5,15,5,26,6,8,19,14,0,1,0
34,340538,1,1,0,1,1,1,1,37,3196,7,12,2012,6,6,39,1,13,4,CR-517,,0,41.03961944,-74.64442778,0,8,0,0,1,1,0,1,2,10,0,10,0,0000000,6,42,6,55,88,88,0,0,0,1,0
34,340539,1,1,0,1,1,2,2,29,1505,17,12,2012,2,7,6,0,14,4,CR-571,SERGEY ROAD,0,40.10727778,-74.38735556,0,8,0,0,3,3,0,1,4,10,0,10,0,0000000,6,56,7,12,8,7,0,0,0,1,0
34,340540,2,2,0,0,0,3,3,17,1540,7,12,2012,6,0,35,1,11,1,I-95,,623,40.74115,-74.12306111,0,12,2,0,1,1,0,1,3,1,0,1,0,0000000,1,2,1,10,1,31,0,0,0,2,1
34,340541,1,1,0,2,2,1,1,35,2250,23,12,2012,1,23,38,1,13,3,SR-22,NORTH DRIVE,452,40.63176667,-74.43008611,0,8,0,0,2,2,0,1,2,1,0,1,0,0000000,23,39,23,44,99,99,0,0,0,1,0
34,340542,2,2,0,0,0,2,2,21,3380,26,10,2012,6,17,26,0,15,6,WEST HANOVER ST,,0,40.22215833,-74.76925833,0,12,6,0,8,1,0,1,5,1,0,1,0,0000000,17,27,17,34,17,42,0,0,0,1,0
34,340543,1,1,0,1,1,2,2,25,3475,20,12,2012,5,23,17,1,2,8,GARDEN STATE PKWY,,984,40.1726,-74.0991,0,8,0,0,1,1,0,1,3,1,0,1,0,0000000,88,88,88,88,88,88,0,0,0,1,0
34,340544,2,2,0,0,0,3,3,25,0,21,10,2012,1,13,35,0,4,4,CR-524,,0,40.18576944,-74.49266111,0,12,6,0,8,1,0,1,1,1,0,1,0,0000000,13,36,13,53,14,32,0,0,0,1,0
34,340545,2,2,0,0,0,8,8,3,2942,8,12,2012,7,19,37,1,11,1,I-80,,637,40.89356111,-74.07686111,0,12,7,1,18,1,0,1,3,1,0,1,0,0000000,19,42,19,46,20,1,0,0,0,1,0
34,340546,2,2,0,0,0,3,3,29,0,9,11,2012,6,10,47,0,14,2,US-9,MILL STREET,659,39.63713611,-74.30549167,0,12,2,0,2,2,1,1,1,1,0,1,0,0000000,99,99,99,99,99,99,0,0,0,1,0
34,340547,1,1,0,1,1,6,6,25,3580,14,12,2012,6,22,30,1,13,3,SR-36,SR-71,27,40.29535,-74.029,0,8,0,0,2,2,0,1,3,1,0,1,0,0000000,22,31,22,37,23,2,0,0,0,1,0
34,340548,1,1,0,1,1,1,1,39,860,8,12,2012,7,3,25,0,14,6,SPRING STREET,EAST JERSEY STREET,0,40.66277222,-74.20674167,0,8,0,0,2,2,0,1,3,2,0,2,0,0000000,99,99,99,99,99,99,0,0,0,1,1
34,340549,2,2,0,0,0,4,4,27,0,16,12,2012,1,21,30,0,14,4,CR-513,,0,40.94723333,-74.49486111,0,12,6,0,1,1,0,1,3,2,0,2,0,0000000,21,29,21,40,22,30,0,0,0,1,0
34,340550,3,3,0,0,0,7,7,5,2081,27,12,2012,5,10,11,1,11,1,I-95,,399,39.98668056,-74.87981944,0,12,1,0,1,1,0,1,1,10,0,10,0,0000000,10,13,10,23,10,57,0,0,0,3,0
34,340551,1,1,0,1,1,1,1,23,2140,30,3,2012,6,19,6,0,16,6,SOMERSET STREET,ALEXANDER STREET,0,40.49297222,-74.45603889,0,8,0,0,2,2,0,1,5,1,0,1,0,0000000,19,8,19,11,19,17,0,0,0,1,0