STATE,ST_CASE,VE_TOTAL,VE_FORMS,PVH_INVL,PEDS,PERNOTMVIT,PERMVIT,PERSONS,COUNTY,CITY,DAY,MONTH,YEAR,DAY_WEEK,HOUR,MINUTE,NHS,ROAD_FNC,ROUTE,TWAY_ID,TWAY_ID2,MILEPT,LATITUDE,LONGITUD,SP_JUR,HARM_EV,MAN_COLL,RELJCT1,RELJCT2,TYP_INT,WRK_ZONE,REL_ROAD,LGT_COND,WEATHER1,WEATHER2,WEATHER,SCH_BUS,RAIL,NOT_HOUR,NOT_MIN,ARR_HOUR,ARR_MIN,HOSP_HR,HOSP_MN,CF1,CF2,CF3,FATALS,DRUNK_DR
34,340552,1,1,0,0,0,1,1,23,3705,24,12,2012,2,19,8,1,12,3,SR-440,,17,40.52141111,-74.30753056,0,33,0,1,5,1,0,8,3,4,0,4,0,0000000,99,99,99,99,99,99,0,0,0,1,1
34,340553,1,1,0,0,0,4,4,21,3380,25,12,2012,3,6,51,1,12,3,SR-29,,30,40.20573056,-74.76091389,0,33,0,0,1,1,0,4,4,10,0,10,0,0000000,6,54,7,0,7,13,0,0,0,1,1
34,340554,2,2,0,0,0,3,3,7,598,16,10,2012,3,16,22,0,14,3,SR-41,TAMPA AVE,113,39.91900833,-75.0047,0,12,6,0,2,2,0,1,1,1,0,1,0,0000000,16,22,16,25,16,42,0,0,0,1,0
34,340555,2,2,0,0,0,3,3,7,280,27,10,2012,7,11,7,1,13,2,US-30,,179,39.78219722,-74.91606667,0,12,1,0,8,1,0,1,1,1,0,1,0,0000000,11,8,11,12,11,24,0,0,0,1,1
34,340556,1,1,0,1,1,1,1,29,416,28,12,2012,6,8,20,0,14,4,CR-630,,0,40.05808333,-74.07647222,0,8,0,0,1,1,1,1,1,1,0,1,0,0000000,8,21,8,34,99,99,0,0,0,1,1
34,340557,1,1,0,0,0,1,1,15,0,24,12,2012,2,20,46,0,14,3,SR-44,,30,39.82360833,-75.30088333,0,24,0,0,1,1,0,4,3,2,0,2,0,0000000,10,18,10,27,88,88,0,0,0,1,1
34,340558,1,1,0,1,1,2,2,35,1081,12,8,2012,1,21,34,0,13,4,CR-527,EASTON NORTH DR,0,40.51740833,-74.49038056,0,8,0,0,3,3,0,1,3,1,0,1,0,0000000,21,37,21,44,22,4,0,0,0,1,0
34,340559,1,1,0,1,1,1,1,35,3100,9,10,2012,3,18,32,0,15,6,VETERANS MEMORIAL DR E,CENTER ST,0,40.56574167,-74.609875,0,8,0,0,3,3,0,1,5,2,0,2,0,0000000,18,36,18,39,19,15,0,0,0,1,0
34,340560,3,3,0,0,0,3,3,31,3582,9,11,2012,6,12,50,0,14,4,CR-693,,0,41.08303889,-74.38626667,0,12,8,0,1,1,0,1,1,1,0,1,0,0000000,12,54,13,11,99,99,0,0,0,1,0
34,340561,1,1,0,1,1,1,1,23,2208,20,12,2012,5,18,2,0,13,2,US-130,,801,40.43256111,-74.48928333,0,8,0,0,1,1,0,1,3,1,0,1,0,0000000,18,4,18,8,18,32,0,0,0,1,0
34,340562,1,1,0,1,1,1,1,15,0,14,12,2012,6,17,17,0,13,3,SR-42,WHITMAN DR,57,39.757875,-75.0471,0,8,0,0,2,3,0,1,2,1,0,1,0,0000000,17,19,17,24,17,38,0,0,0,1,0
34,340563,1,1,0,0,0,1,1,35,425,31,12,2012,2,5,44,1,13,2,US-22,,364,40.57673611,-74.576275,0,33,0,0,1,1,0,4,3,1,0,1,0,0000000,5,49,99,97,99,97,0,0,0,1,0
34,340564,2,2,0,0,0,2,2,35,0,22,12,2012,7,23,25,1,13,2,US-206,,588,40.41435556,-74.65011389,0,12,2,0,1,1,0,1,3,1,0,1,0,0000000,23,27,23,38,0,28,0,0,0,1,1
34,340565,2,2,0,0,0,2,2,29,416,18,12,2012,3,18,37,0,14,4,CR-549SPUR1,,29,40.10661111,-74.10692778,0,12,2,0,1,1,0,1,3,1,0,1,0,0000000,18,38,18,46,19,26,0,0,0,1,1
34,340566,1,1,0,0,0,1,1,25,1352,24,12,2012,2,7,58,1,13,3,SR-35,POOLE AVE,418,40.41809444,-74.17797222,0,25,0,0,2,2,0,3,1,1,0,1,0,0000000,8,3,8,14,8,39,0,0,0,1,0
34,340567,1,1,0,1,1,1,1,39,860,31,10,2012,4,18,48,1,13,2,US-1 & 9,NORTH AVE,454,40.67750833,-74.19733611,0,8,0,0,2,2,0,1,2,1,0,1,0,0000000,18,55,19,3,88,88,0,0,0,1,0
34,340568,1,1,0,1,1,1,1,39,860,26,12,2012,4,4,55,0,16,6,FIRST AVE,DELAWARE ST,0,40.65028889,-74.19508611,0,8,0,0,3,3,0,1,3,1,0,1,0,0000000,4,55,5,0,88,88,0,0,0,1,0
34,340569,1,1,0,0,0,1,1,29,1801,24,11,2012,7,4,24,0,14,4,CR-571,QUARRY RD,0,40.03231111,-74.2854,0,30,0,0,3,3,0,4,3,1,0,1,0,0000000,4,28,4,46,88,88,0,0,0,1,1
34,340570,1,1,0,0,0,4,4,27,2498,13,6,2012,4,23,29,0,16,6,UPPER RAINBOW TRAIL,HIGHWOOD RD,0,40.879625,-74.46135278,0,5,0,0,2,3,0,1,2,99,0,99,0,0000000,23,31,23,39,0,6,0,0,0,1,0
34,340571,1,1,0,0,0,1,1,7,598,13,10,2012,7,11,58,0,16,6,PARK BLVD,,0,39.918275,-75.0428,0,42,0,0,1,1,0,5,1,1,0,1,0,0000000,12,1,12,6,88,88,0,0,0,1,1
34,340572,1,1,0,1,1,1,1,29,416,23,12,2012,1,19,37,0,13,4,CR-549,CEDAR BRIDGE AVE,0,40.054325,-74.13960278,0,8,0,0,3,2,0,1,3,1,0,1,0,0000000,19,38,19,39,88,88,0,0,0,1,0
35,350001,1,1,0,1,1,1,1,45,0,1,1,2012,1,18,0,1,2,2,US-550/SR-44,,1392,36.24961667,-107.6729056,0,8,0,0,1,1,0,1,2,1,0,1,0,0000000,18,0,18,2,99,99,0,0,0,1,0
35,350002,1,1,0,0,0,2,2,17,0,26,1,2012,5,22,30,0,9,3,SR-356,,31,32.79949722,-108.0992194,0,1,0,0,1,1,0,4,2,1,0,1,0,0000000,99,99,99,99,99,99,0,0,0,1,1
35,350003,1,1,0,0,0,1,1,39,9997,13,1,2012,6,23,45,0,9,3,SR-399,,16,35.963225,-106.0635,0,42,0,0,1,1,0,4,2,1,0,1,0,0000000,99,99,99,99,88,88,0,0,0,1,0
35,350004,1,1,0,0,0,1,1,41,640,13,1,2012,6,10,30,0,9,4,CR-24 S ROOSEVELT ROAD 24,,0,33.90911111,-103.3194361,0,1,0,0,1,1,0,5,1,1,0,1,0,0000000,99,99,99,99,99,99,0,0,0,1,0
35,350005,1,1,0,0,0,1,1,51,0,19,1,2012,5,21,52,1,1,1,I-25,,851,33.06793611,-107.3105833,0,1,0,0,1,1,0,3,2,1,0,1,0,0000000,99,99,99,99,99,99,0,0,0,1,0
35,350006,2,2,0,0,0,2,2,35,20,5,1,2012,5,18,49,0,13,2,US-82 WHITE SANDS,GLACIER DRIVE,0,32.93133056,-105.9626278,0,12,6,0,2,2,0,1,2,1,0,1,0,0000000,99,99,99,99,99,99,0,0,0,1,0
35,350007,2,2,0,0,0,4,4,35,0,12,1,2012,5,16,15,1,2,2,US-54,,832,33.12442222,-106.042875,0,12,2,0,1,1,0,1,1,1,0,1,0,0000000,99,99,99,99,99,99,0,0,0,3,1
35,350008,1,1,0,1,1,1,1,35,9997,30,1,2012,2,18,25,0,6,5,ALTAMERO LANE,,0,32.91733056,-105.9684389,0,8,0,0,1,1,0,1,2,1,0,1,0,0000000,99,99,99,99,99,99,0,0,0,1,0
35,350009,1,1,0,0,0,1,1,45,456,26,1,2012,5,23,42,0,6,4,CR-6100,,0,36.73493611,-108.3188694,0,41,0,0,1,1,0,5,2,1,0,1,0,0000000,23,52,0,0,88,88,0,0,0,1,1
35,350010,1,1,0,0,0,3,3,1,0,8,1,2012,1,3,25,1,1,1,I-40,,1738,35.10693333,-106.6286194,0,1,0,0,1,1,0,1,2,1,0,1,0,0000000,99,99,99,99,99,99,0,0,0,1,1
35,350011,1,1,0,0,0,1,1,35,0,31,1,2012,3,12,0,0,3,2,US-82,,371,32.94566389,-105.9640139,0,17,0,0,1,1,0,3,1,1,0,1,0,0000000,12,42,13,26,88,88,0,0,0,1,0
35,350012,2,2,0,0,0,5,5,39,0,1,1,2012,1,17,49,1,2,2,US-84,,2068,36.10088611,-106.1413222,0,12,1,0,1,1,0,1,5,1,0,1,0,0000000,17,53,18,7,99,99,0,0,0,3,1
35,350013,2,2,0,0,0,4,4,13,470,7,1,2012,7,21,26,0,13,3,SR-188 S VALLEY DRIVE,AVENIDA BLANCO,0,32.29613333,-106.7877083,0,12,7,0,2,2,0,1,3,1,0,1,0,0000000,99,99,99,99,99,99,0,0,0,1,2
35,350014,1,1,0,1,1,1,1,23,0,31,1,2012,3,19,28,1,1,1,I-10,,105,32.24575556,-108.934,0,8,0,0,1,1,0,1,2,1,0,1,0,0000000,99,99,99,99,88,88,0,0,0,1,0
35,350015,1,1,0,0,0,4,4,43,0,1,1,2012,1,8,24,0,9,8,TRIBAL ROAD 84,,0,35.42320833,-106.4166611,3,41,0,0,1,1,0,4,1,1,0,1,0,0000000,8,27,8,37,99,99,0,0,0,1,1
35,350016,2,2,0,0,0,3,3,39,0,5,1,2012,5,10,30,0,3,2,US-64,SR-162,1747,36.68696389,-106.5548167,0,12,6,0,2,2,0,1,1,1,0,1,0,0000000,10,28,10,41,11,40,0,0,0,1,0
35,350017,2,2,0,0,0,5,5,1,30,11,1,2012,4,12,39,0,13,6,SAN MATEO BLVD NE,PONDEROSA AVE NE,0,35.125275,-106.5863694,0,12,6,0,2,3,0,1,1,1,0,1,0,0000000,99,99,99,99,99,99,0,0,0,1,0
35,350018,1,1,0,0,0,8,8,57,0,8,1,2012,1,4,0,1,2,2,US-285,,2475,35.06502222,-105.6916583,0,1,0,0,1,1,0,1,2,1,0,1,0,0000000,99,99,99,99,99,99,0,0,0,1,0
35,350019,1,1,0,0,0,2,2,49,710,27,1,2012,6,14,17,0,16,6,LEGACY COURT,,0,35.63984444,-106.0059972,0,39,0,0,1,1,0,5,1,1,0,1,0,0000000,99,99,99,99,99,99,0,0,0,1,0
35,350020,1,1,0,0,0,1,1,61,113,31,1,2012,3,7,6,0,4,3,SR-116,,100,34.56050278,-106.7892389,0,1,0,0,1,1,0,5,1,1,0,1,0,0000000,99,99,99,99,88,88,0,0,0,1,1
35,350021,1,1,0,0,0,2,2,1,30,10,1,2012,3,9,17,0,14,6,ATRISCO VISTA BLVD,,0,35.09115,-106.6905778,0,1,0,0,1,1,0,4,1,1,0,1,0,0000000,9,26,9,40,99,99,0,0,0,1,0
35,350022,2,2,0,0,0,5,5,13,470,27,1,2012,6,15,33,0,14,6,THORPE,CAMINO RAEL,0,32.39961111,-106.7981194,0,12,6,0,2,2,0,1,1,1,0,1,0,0000000,99,99,99,99,99,99,0,0,0,1,0
35,350023,1,1,0,0,0,2,2,25,0,6,1,2012,6,22,45,0,3,3,SR-18,,19,32.23881389,-103.1893583,0,1,0,0,1,1,0,5,2,1,0,1,0,0000000,99,99,99,99,99,99,0,0,0,1,0
35,350025,1,1,0,0,0,3,3,47,0,4,1,2012,4,0,26,1,1,1,I-25,,3170,35.45233056,-105.6284583,0,1,0,0,1,1,0,1,2,1,0,1,0,0000000,99,99,99,99,99,99,0,0,0,1,0
35,350026,2,2,0,0,0,4,4,47,480,3,2,2012,6,13,26,0,13,6,GRAND AVENUE,LINCOLN STREET,0,35.59386111,-105.2146917,0,12,6,0,2,2,0,1,1,1,0,1,0,0000000,99,99,99,99,99,99,0,0,0,1,1
35,350027,1,1,0,1,1,3,3,49,710,3,2,2012,6,22,44,0,13,3,SR-510 CERRILLOS ROAD,,0,35.67760278,-105.9540972,0,8,0,0,1,1,0,1,3,1,0,1,0,0000000,99,99,99,99,88,88,0,0,0,1,0
35,350028,2,2,0,0,0,2,2,1,30,4,2,2012,7,17,35,0,19,6,ALCAZAR STREET NE,GRAND AVE NE,0,35.08170278,-106.5674389,0,12,1,0,3,2,0,1,3,1,0,1,0,0000000,99,99,99,99,99,99,0,0,0,1,0
35,350029,2,2,0,0,0,6,6,45,310,6,2,2012,2,21,12,0,13,2,US-64 MURRAY DRIVE,LAKE STREET,0,36.71930278,-108.217225,0,12,2,0,3,2,0,1,3,1,0,1,0,0000000,21,13,21,18,99,99,0,0,0,1,1
35,350030,1,1,0,1,1,1,1,31,340,6,2,2012,2,19,17,1,2,3,SR-118,,265,35.49840556,-108.5069139,0,8,0,0,1,1,0,1,2,1,0,1,0,0000000,99,99,99,99,99,99,0,0,0,1,0
35,350031,1,1,0,0,0,1,1,13,0,7,2,2012,3,8,44,1,1,1,I-10,,1163,32.10282778,-106.6272722,0,1,0,0,1,1,0,4,1,1,0,1,0,0000000,99,99,99,99,99,99,0,0,0,1,0
35,350032,1,1,0,2,2,1,1,47,480,3,2,2012,6,18,37,0,13,6,WILLIAMS DRIVE,,0,35.62664167,-105.2260333,0,8,0,0,1,1,0,1,2,1,0,1,0,0000000,99,99,99,99,99,99,0,0,0,1,0
35,350033,1,1,0,0,0,2,2,31,804,5,2,2012,1,15,18,1,2,3,SR-371,,64,35.41045833,-108.2002722,0,1,0,0,1,1,0,2,1,1,0,1,0,0000000,99,99,15,40,17,55,0,0,0,1,1
35,350034,1,1,0,0,0,4,4,39,9997,11,2,2012,7,3,32,1,2,3,SR-291,,0,35.99253056,-106.0442139,0,34,0,0,1,1,0,4,2,1,0,1,0,0000000,99,99,99,99,99,99,0,0,0,1,1
35,350035,2,2,0,0,0,4,4,9,0,10,2,2012,6,5,35,1,2,3,SR-108,CR-14,0,34.67626944,-103.0558444,0,12,6,0,2,2,0,1,2,1,0,1,0,0000000,99,99,99,99,99,99,0,0,0,1,0
35,350036,1,1,0,0,0,1,1,6,0,12,2,2012,1,11,15,1,1,1,I-40,,1241,35.06198333,-107.5565472,0,24,0,0,1,1,0,4,1,1,0,1,0,0000000,99,99,99,99,99,99,0,0,0,1,0
35,350037,1,1,0,0,0,1,1,25,0,12,2,2012,1,16,49,1,2,3,SR-132,,129,33.15250278,-103.3002444,0,1,0,0,1,1,0,4,1,1,0,1,0,0000000,16,39,17,0,88,88,0,0,0,1,0
35,350038,2,2,0,0,0,3,3,25,410,12,2,2012,1,10,25,0,13,4,CR-78 WEST STILES ROAD,CATCHINGS ROAD,0,32.85655833,-103.1466667,0,12,6,0,2,2,0,1,1,4,0,4,0,0000000,10,26,10,40,88,88,0,0,0,1,0
35,350039,1,1,0,1,1,3,3,1,30,14,2,2012,3,19,50,0,13,6,GIBSON BLVD SE,BUENA VISTA SE,0,35.05841667,-106.6242361,0,8,0,0,3,3,0,1,3,1,0,1,0,0000000,99,99,99,99,99,99,0,0,0,1,0
35,350040,1,1,0,1,1,1,1,49,710,15,2,2012,4,1,20,0,13,6,AGUA FRIA STREET,,0,35.66860556,-105.9461111,0,8,0,0,1,1,0,1,2,4,1,4,0,0000000,99,99,99,99,88,88,0,0,0,1,0
35,350041,2,2,0,0,0,2,2,13,470,16,2,2012,5,6,0,1,2,2,US-70,,0,32.42526111,-106.5658056,0,12,2,0,1,1,0,1,4,1,0,1,0,0000000,99,99,99,99,99,99,0,0,0,2,0
35,350042,1,1,0,1,1,1,1,35,20,18,2,2012,7,19,34,0,6,6,GRAY STREET,,0,32.873775,-105.9778889,0,9,0,0,1,1,0,1,2,1,0,1,0,0000000,99,99,99,99,99,99,0,0,0,1,1
35,350044,1,1,0,0,0,2,2,19,0,23,2,2012,5,20,10,1,1,1,I-40,,2989,35.0498,-104.3069056,0,1,0,0,1,1,0,3,2,1,0,1,0,0000000,99,99,99,99,99,99,0,0,0,1,0
35,350045,2,2,0,0,0,6,6,35,0,25,2,2012,7,10,24,1,2,2,US-70,DUNES DRIVE,1995,32.77855,-106.1723333,0,12,6,0,2,3,0,1,1,1,0,1,0,0000000,99,99,99,99,99,99,0,0,0,1,0
35,350046,3,3,0,0,0,3,3,25,410,25,2,2012,7,7,46,0,13,6,WEST COUNTY ROAD,BENDER,0,32.72565556,-103.1703778,0,12,6,0,2,2,0,1,1,1,0,1,0,0000000,99,99,99,99,99,99,0,0,0,1,0
35,350047,2,2,0,0,0,4,4,43,677,4,1,2012,4,12,51,1,2,3,SR-528,SUNDT RD,0,35.25778056,-106.6405556,0,12,6,0,2,2,0,1,1,1,0,1,0,0000000,99,99,99,99,99,99,0,0,0,1,1
35,350048,1,1,0,0,0,1,1,1,30,3,2,2012,6,12,4,0,15,6,BROWNING,PASEO DEL NORTE,0,35.17461389,-106.5157833,0,33,0,0,3,2,0,4,1,1,0,1,0,0000000,99,99,99,99,99,99,0,0,0,1,0
35,350049,2,2,0,0,0,3,3,35,0,1,3,2012,5,17,5,1,2,2,US-70,,701,33.33216667,-105.5878,0,12,6,0,4,1,0,1,1,1,0,1,0,0000000,17,10,17,12,88,88,0,0,0,1,0
35,350050,1,1,0,1,1,1,1,53,760,3,3,2012,7,0,30,0,13,2,US-85 CALIFORNIA STREET,B STREET,0,34.04745556,-106.8921139,0,8,0,0,3,3,0,5,3,1,0,1,0,0000000,99,99,99,99,88,88,0,0,0,1,0
35,350051,1,1,0,0,0,1,1,13,0,4,3,2012,1,19,20,0,13,3,SR-28,,42,32.2107,-106.758975,0,1,0,0,1,1,0,4,2,1,0,1,0,0000000,19,34,19,49,88,88,0,0,0,1,1
35,350052,1,1,0,1,1,1,1,1,30,6,3,2012,3,19,26,0,13,3,SR-314 ISLETA SW,SAUNDERS,0,35.03421111,-106.6794889,0,8,0,0,3,2,0,1,3,1,0,1,0,0000000,19,27,19,30,88,88,0,0,0,1,0
35,350053,2,2,0,0,0,3,3,45,70,9,3,2012,6,10,20,0,13,2,US-550/SR-516 AZTEC BOULEVARD,SR-544 MAIN AVENUE,0,36.82606944,-107.993625,0,12,2,0,2,2,0,1,1,1,0,1,0,0000000,99,99,99,99,99,99,0,0,0,1,0
35,350054,1,1,0,1,1,1,1,43,0,11,3,2012,1,21,55,1,2,2,US-550,,902,35.31942778,-106.5474139,0,8,0,0,1,1,0,1,2,1,0,1,0,0000000,22,9,22,30,88,88,0,0,0,1,0
35,350055,1,1,0,0,0,4,4,43,711,13,3,2012,3,20,10,1,1,1,I-25,,2540,35.43698333,-106.3753917,0,1,0,0,1,1,0,4,2,1,0,1,0,0000000,20,14,20,28,21,19,0,0,0,1,1
35,350056,2,2,0,0,0,3,3,25,410,15,3,2012,5,21,23,0,6,4,CR-61 GRIMES STREET,FREY AVENUE,0,32.77106944,-103.1448778,0,12,1,0,3,2,0,1,2,1,0,1,0,0000000,99,99,99,99,99,99,0,0,0,1,1
35,350057,1,1,0,0,0,1,1,19,0,16,3,2012,6,13,0,1,1,1,I-40,,2667,34.95305833,-104.7353722,0,1,0,0,1,1,0,4,1,1,0,1,0,0000000,99,99,99,99,99,99,0,0,0,1,1
35,350058,1,1,0,0,0,1,1,31,340,17,3,2012,7,23,37,1,2,2,US-66,WEST COAL STREET,0,35.52390556,-108.7552972,0,43,0,0,3,2,0,3,3,1,0,1,0,0000000,99,99,99,99,88,88,0,0,0,1,1
35,350059,2,2,0,0,0,4,4,35,462,20,3,2012,3,11,48,1,2,2,US-54,SR-545,0,32.94644444,-105.9687306,0,12,6,0,2,2,0,1,1,1,0,1,0,0000000,99,99,99,99,99,99,0,0,0,1,0
35,350060,1,1,0,0,0,1,1,25,410,22,3,2012,5,23,52,1,13,2,US-62 MARLAND,WEST COUNTY ROAD,1020,32.69665,-103.179525,0,33,0,0,3,2,0,6,3,1,0,1,0,0000000,99,99,99,99,88,88,0,0,0,1,1
35,350061,1,1,0,1,1,1,1,49,710,28,3,2012,4,22,7,1,13,2,US-84/285 ST FRANCIS DRIVE,WEST SAN MATEO ROAD,0,35.66223056,-105.9563917,0,8,0,0,2,2,0,1,3,1,0,1,0,0000000,99,99,99,99,88,88,0,0,0,1,0
35,350062,2,2,0,0,0,2,2,1,30,22,3,2012,5,16,55,0,9,3,SR-337,,170,35.05053611,-106.3821972,0,12,2,0,1,1,0,1,1,1,0,1,0,0000000,16,56,17,0,99,99,0,0,0,1,1
35,350063,2,2,0,0,0,3,3,1,30,24,3,2012,7,8,55,0,13,6,CENTRAL AVENUE NW,RIO GRANDE,0,35.07210833,-106.7463889,0,12,6,0,2,4,0,1,1,1,0,1,0,0000000,99,99,99,99,99,99,0,0,0,1,0
35,350064,1,1,0,0,0,2,2,7,0,27,3,2012,3,10,35,1,1,1,I-25,,4054,36.31976667,-104.6182833,0,1,0,0,1,1,0,4,1,1,0,1,0,0000000,99,99,99,99,99,99,0,0,0,2,0
35,350065,1,1,0,1,1,1,1,49,710,30,3,2012,6,19,52,1,13,3,SR-14 CERRILLOS RD,,539,35.67788056,-105.9538389,0,8,0,0,1,1,0,1,3,1,0,1,0,0000000,99,99,99,99,99,99,0,0,0,1,0
35,350066,1,1,0,1,1,2,2,35,0,30,3,2012,6,21,40,1,2,2,US-54,,720,32.87121667,-105.9697444,0,8,0,0,1,1,0,1,2,1,0,1,0,0000000,99,99,99,99,99,99,0,0,0,1,0
35,350067,1,1,0,1,1,1,1,1,30,1,5,2012,3,21,2,0,13,6,CENTRAL AVE,DORADO PL SE,0,35.06876389,-106.5034194,0,8,0,0,3,8,0,1,3,1,0,1,0,0000000,99,99,99,99,99,99,0,0,0,1,0
35,350068,1,1,0,0,0,4,4,61,0,17,3,2012,7,0,40,0,6,8,CALLE DE LLANO,,0,34.93361111,-107.1436889,0,1,0,0,1,1,0,4,2,1,0,1,0,0000000,99,99,99,99,99,99,0,0,0,1,1
35,350069,1,1,0,1,1,1,1,1,30,10,1,2012,3,15,3,0,13,6,OSUNA ROAD NE,ACADEMY PARKWAY,0,35.15464722,-106.6017556,0,9,0,0,2,2,0,1,1,1,0,1,0,0000000,99,99,99,99,88,88,0,0,0,1,0
35,350070,1,1,0,1,1,1,1,1,30,13,1,2012,6,12,1,0,13,6,LOMAS BLVD,N/B FRONTAGE RD NE,0,35.08718056,-106.5267472,0,9,0,0,2,2,0,1,1,1,0,1,0,0000000,99,99,99,99,99,99,0,0,0,1,0
35,350071,2,2,0,0,0,3,3,15,130,26,3,2012,2,17,41,0,13,3,SR-524 HAPPY VALLEY ROAD,W LEA STREET,60,32.41464167,-104.2697389,0,12,2,0,3,3,0,1,1,1,0,1,0,0000000,17,39,17,44,99,99,0,0,0,1,1
35,350072,2,2,0,0,0,2,2,1,30,2,4,2012,2,10,27,0,13,3,SR-47 SECOND STREET NW,DANIEL CIRCLE NW,0,35.16641389,-106.6291472,0,12,2,0,8,1,0,1,1,1,0,1,0,0000000,99,99,99,99,99,99,0,0,0,1,0
35,350073,1,1,0,0,0,4,4,25,0,15,4,2012,1,13,50,1,2,2,US-62,,869,32.57041667,-103.6645167,0,1,0,0,1,1,0,4,1,1,0,1,0,0000000,99,99,99,99,99,99,0,0,0,1,0
35,350074,1,1,0,0,0,4,4,47,480,11,4,2012,4,14,8,1,1,1,I-25,,3430,35.75746111,-105.0142972,0,38,0,0,1,1,0,4,1,2,0,2,0,0000000,99,99,99,99,99,99,0,0,0,1,0
35,350075,1,1,0,0,0,1,1,7,0,1,4,2012,1,16,58,1,1,1,I-25,,4441,36.83808056,-104.4425028,0,1,0,0,1,1,0,2,1,1,0,1,0,0000000,99,99,99,99,99,99,0,0,0,1,0
35,350076,1,1,0,1,1,1,1,51,0,9,4,2012,2,2,13,1,1,1,I-25,,511,32.77744444,-107.2721333,0,8,0,0,1,1,0,1,2,1,0,1,0,0000000,99,99,99,99,88,88,0,0,0,1,0
35,350077,1,1,0,0,0,1,1,6,0,7,4,2012,7,6,7,1,1,1,I-40,,1299,34.98550833,-107.0868806,0,1,0,0,1,1,0,3,2,1,0,1,0,0000000,99,99,99,99,99,99,0,0,0,1,0
35,350078,1,1,0,0,0,2,2,27,0,8,4,2012,1,15,50,1,2,2,US-70,,99998,33.36885,-105.1927917,0,1,0,0,1,1,0,4,1,1,0,1,0,0000000,99,99,99,99,99,99,0,0,0,1,1
35,350079,1,1,0,0,0,1,1,55,0,22,4,2012,1,20,28,1,2,2,US-64,,2711,36.45798333,-105.6228333,0,1,0,0,1,1,0,4,2,1,0,1,0,0000000,20,30,20,50,88,88,0,0,0,1,0
35,350080,3,3,0,0,0,4,4,39,9997,25,4,2012,4,11,40,1,2,2,US-64,SR-512,1701,36.75855833,-106.5586611,0,12,1,0,2,2,0,1,1,1,0,1,0,0000000,99,99,99,99,99,99,0,0,0,1,0
35,350081,1,1,0,0,0,1,1,47,678,16,4,2012,2,11,30,1,1,1,I-25,,3071,35.44510278,-105.6134667,0,1,0,0,1,1,0,3,1,1,0,1,0,0000000,11,34,11,42,88,88,0,0,0,1,0
35,350082,1,1,0,0,0,1,1,49,710,8,4,2012,1,2,25,0,16,6,SIRINGO ROAD,,0,35.65216944,-105.9671389,0,39,0,0,1,1,0,4,3,1,0,1,0,0000000,99,99,99,99,88,88,0,0,0,1,1
35,350083,2,2,0,0,0,4,4,9,190,25,4,2012,4,9,25,0,6,6,NORRIS,7TH STREET,0,34.40483889,-103.1789139,0,12,6,0,3,2,0,1,1,1,0,1,0,0000000,99,99,99,99,99,99,0,0,0,1,0
35,350084,2,2,0,0,0,3,3,45,0,19,4,2012,5,16,24,1,2,2,US-64,CR-6100,440,36.75805,-108.5906028,0,12,6,0,2,2,0,1,1,1,0,1,0,0000000,99,99,99,99,99,99,0,0,0,1,0
35,350085,2,2,0,0,0,2,2,23,500,9,4,2012,2,19,39,1,1,1,I-10,,27,32.28872222,-108.8654333,0,12,2,0,1,1,0,1,1,1,0,1,0,0000000,19,40,19,50,88,88,0,0,0,2,0
35,350086,2,2,0,0,0,2,2,57,605,22,4,2012,1,6,55,1,1,1,I-40,,1937,35.02211389,-106.0905889,0,12,1,0,1,1,0,1,1,1,0,1,0,0000000,99,99,99,99,88,88,0,0,0,1,0
35,350087,1,1,0,0,0,4,4,9,190,18,4,2012,4,21,2,0,9,4,CR-CURRY ROAD 9.5,PIONEER,0,34.39091111,-103.4075306,0,34,0,0,3,2,0,5,2,1,0,1,0,0000000,20,2,20,7,20,50,0,0,0,1,1
35,350088,1,1,0,1,1,4,4,45,9997,3,4,2012,3,20,19,1,2,2,US-64,,277,36.77810278,-108.6225556,0,8,0,0,1,1,0,1,2,1,0,1,0,0000000,20,19,20,27,88,88,0,0,0,1,0
35,350089,1,1,0,0,0,2,2,15,0,11,4,2012,4,15,11,1,2,2,US-82,,0,32.84228889,-104.4047556,0,1,0,0,1,1,0,4,1,1,0,1,0,0000000,15,3,15,24,99,99,0,0,0,1,0
35,350090,1,1,0,1,1,1,1,45,741,8,4,2012,1,2,30,1,2,2,US-491,,504,36.19965556,-108.7104611,0,8,0,0,1,1,0,1,2,1,0,1,0,0000000,99,99,99,99,99,99,0,0,0,1,0
35,350091,2,2,0,0,0,3,3,49,9997,11,5,2012,6,20,43,1,2,2,US-84,CONTRACT ROAD,1878,35.961975,-106.0290333,0,12,6,0,2,2,0,1,3,1,0,1,0,0000000,20,48,20,51,99,99,0,0,0,1,1
35,350092,3,3,0,0,0,5,5,43,677,5,4,2012,5,6,59,0,13,3,SR-347 PASEO DEL VOLCAN,,99998,35.32342778,-106.6021833,0,12,2,0,1,1,0,1,1,1,0,1,0,0000000,7,1,7,9,8,3,0,0,0,1,0
35,350093,1,1,0,0,0,3,3,35,0,13,5,2012,1,2,45,0,6,8,DANLEY RANCH ROAD,,0,32.96684167,-106.0293472,0,1,0,0,1,1,0,4,2,1,0,1,0,0000000,99,99,99,99,99,99,0,0,0,1,1
35,350094,1,1,0,0,0,1,1,11,330,8,5,2012,3,14,35,1,2,2,US-60,,3402,34.47338333,-104.2598278,0,24,0,0,1,1,0,4,1,1,0,1,0,0000000,99,99,99,99,99,99,0,0,0,1,0