STATE,ST_CASE,VE_TOTAL,VE_FORMS,PVH_INVL,PEDS,PERNOTMVIT,PERMVIT,PERSONS,COUNTY,CITY,DAY,MONTH,YEAR,DAY_WEEK,HOUR,MINUTE,NHS,ROAD_FNC,ROUTE,TWAY_ID,TWAY_ID2,MILEPT,LATITUDE,LONGITUD,SP_JUR,HARM_EV,MAN_COLL,RELJCT1,RELJCT2,TYP_INT,WRK_ZONE,REL_ROAD,LGT_COND,WEATHER1,WEATHER2,WEATHER,SCH_BUS,RAIL,NOT_HOUR,NOT_MIN,ARR_HOUR,ARR_MIN,HOSP_HR,HOSP_MN,CF1,CF2,CF3,FATALS,DRUNK_DR
35,350095,1,1,0,0,0,1,1,39,812,4,5,2012,6,6,21,0,9,3,SR-76,,151,36.05861944,-105.8099472,0,59,0,0,1,1,0,4,1,1,0,1,0,0000000,6,21,6,43,88,88,0,0,0,1,0
35,350096,1,1,0,0,0,2,2,25,0,13,5,2012,1,8,17,1,2,2,US-62,SR-08,971,32.71149722,-103.1234389,0,30,0,0,3,2,0,4,1,1,0,1,0,0000000,99,99,99,99,99,99,20,0,0,1,1
35,350097,1,1,0,0,0,2,2,61,100,8,6,2012,6,21,1,0,6,6,JAMES STREET,EL PORTAL LOOP,0,34.62705278,-106.7948333,0,1,0,0,3,2,0,4,5,1,0,1,0,0000000,21,8,21,20,99,99,0,0,0,1,0
35,350098,1,1,0,1,1,1,1,13,470,1,6,2012,6,21,30,1,2,2,US-70 W PICACHO AVE,SHALEM COLONY TRAIL,0,32.30686944,-106.83945,0,8,0,0,3,4,0,1,2,1,0,1,0,0000000,99,99,99,99,88,88,0,0,0,1,0
35,350099,3,3,0,0,0,7,7,57,0,12,5,2012,7,20,0,1,2,2,US-60,,1971,34.52047778,-106.2379306,0,12,2,0,1,1,0,1,2,1,0,1,0,0000000,99,99,99,99,99,99,14,0,0,2,0
35,350100,1,1,0,0,0,1,1,37,0,15,5,2012,3,12,11,1,1,1,I-40,,3448,35.17009444,-103.6184583,0,1,0,0,1,1,0,3,1,1,0,1,0,0000000,12,10,12,22,88,88,0,0,0,1,0
35,350101,1,1,0,0,0,2,2,6,360,16,5,2012,4,21,19,1,1,1,I-40,,827,35.14607778,-107.8575333,0,1,0,0,1,1,0,3,2,1,0,1,0,0000000,99,99,99,99,88,88,0,0,0,1,0
35,350102,1,1,0,0,0,1,1,31,0,18,5,2012,6,10,4,1,1,1,I-40,,684,35.49819722,-108.5072583,0,1,0,0,1,1,0,2,1,1,0,1,0,0000000,99,99,99,99,88,88,0,0,0,1,0
35,350103,1,1,0,0,0,1,1,31,0,19,5,2012,7,8,48,1,1,1,I-40,,658,35.53223333,-108.649375,0,1,0,0,1,1,0,3,1,1,0,1,0,0000000,9,0,9,18,88,88,0,0,0,1,1
35,350104,1,1,0,0,0,2,2,53,0,22,5,2012,3,11,23,1,1,1,I-25,,1060,34.00516111,-106.8939167,0,1,0,0,1,1,0,4,1,1,0,1,0,0000000,11,20,11,23,11,45,0,0,0,1,0
35,350105,1,1,0,0,0,2,2,13,0,1,6,2012,6,15,55,1,2,3,SR-28,LITTLE ROAD,55,31.98497222,-106.6500583,0,59,0,0,3,3,0,4,1,1,0,1,0,0000000,99,99,99,99,99,99,0,0,0,1,1
35,350106,1,1,0,0,0,1,1,35,0,1,6,2012,6,11,10,0,9,3,SR-130,,142,32.95001667,-105.7490694,0,38,0,0,1,1,0,6,1,1,0,1,0,0000000,99,99,99,99,99,99,20,0,0,1,0
35,350107,1,1,0,0,0,1,1,35,0,27,5,2012,1,13,21,0,2,4,CR-E12,,70,32.75803333,-105.8817611,0,24,0,0,1,1,0,4,1,1,0,1,0,0000000,13,27,14,30,88,88,0,0,0,1,0
35,350108,1,1,0,0,0,1,1,5,0,26,5,2012,7,6,35,0,9,3,SR-2,,282,33.17978056,-104.4455222,0,30,0,0,1,1,0,4,1,1,0,1,0,0000000,99,99,99,99,88,88,0,0,0,1,0
35,350109,1,1,0,0,0,1,1,1,30,29,5,2012,3,15,19,1,1,1,I-40,COORS BLVD,0,35.10620278,-106.6297417,0,24,0,1,5,1,0,1,1,1,0,1,0,0000000,99,99,99,99,99,99,0,0,0,1,0
35,350110,1,1,0,0,0,2,2,39,0,3,6,2012,1,4,52,1,2,2,US-285,,3465,36.93179722,-105.9886778,0,1,0,0,1,1,0,4,2,1,0,1,0,0000000,5,53,6,19,88,88,0,0,0,1,1
35,350111,1,1,0,0,0,2,2,21,0,23,5,2012,4,6,5,0,9,3,SR-102,,118,35.89004444,-103.6954111,0,1,0,0,1,1,0,4,4,1,0,1,0,0000000,6,12,6,45,88,88,0,0,0,2,0
35,350112,2,2,0,0,0,3,3,1,30,20,5,2012,1,13,51,0,9,3,SR-333  CENTRAL AVE NE,WATERFALL DRIVE SE,0,35.06688056,-106.4917583,0,12,1,0,3,3,0,1,1,1,0,1,0,0000000,99,99,99,99,99,99,0,0,0,1,0
35,350113,1,1,0,0,0,4,4,53,0,22,6,2012,6,5,45,1,1,1,I-25,,1769,34.09618611,-106.8994111,0,1,0,0,1,1,0,3,1,1,0,1,0,0000000,99,99,99,99,99,99,0,0,0,1,0
35,350114,1,1,0,0,0,5,5,17,0,21,5,2012,2,8,34,1,1,1,I-10,,541,32.28872222,-108.8655194,0,1,0,0,1,1,0,3,1,1,0,1,0,0000000,99,99,99,99,99,99,0,0,0,1,0
35,350115,1,1,0,1,1,1,1,45,0,22,5,2012,3,8,50,0,9,4,CR-350,CR-3000,0,36.78471667,-108.0788194,0,8,0,0,3,2,0,1,1,1,0,1,0,0000000,99,99,99,99,88,88,16,0,0,1,0
35,350116,2,2,0,0,0,2,2,1,30,1,6,2012,6,2,57,1,1,1,I-25,,2170,35.07490833,-106.6399861,0,12,1,0,1,1,0,1,2,1,0,1,0,0000000,2,59,3,10,88,88,0,0,0,1,1
35,350117,1,1,0,0,0,2,2,5,0,11,6,2012,2,9,50,1,1,2,US-285,,1503,33.46207222,-104.5471444,0,58,0,0,1,1,0,5,1,1,0,1,0,0000000,99,99,99,99,99,99,0,0,0,1,0
35,350118,3,3,0,0,0,4,4,15,0,28,7,2012,7,13,0,1,2,2,US-82,,1310,32.84261667,-104.3697333,0,12,2,0,1,1,0,1,1,1,0,1,0,0000000,99,99,99,99,99,99,0,0,0,1,0
35,350119,2,2,0,0,0,2,2,15,0,25,6,2012,2,13,36,0,9,8,LOUIS WHITLOCK,,50,32.36489444,-103.8125833,0,12,2,0,1,1,0,1,1,1,0,1,0,0000000,99,99,99,99,99,99,0,0,0,1,0
35,350120,1,1,0,1,1,2,2,1,30,4,7,2012,4,21,14,0,16,6,RIO BRAVO BLVD SW,POCO LOCO DRIVE,0,35.02743333,-106.6680306,0,8,0,0,3,2,0,1,3,1,0,1,0,0000000,21,14,21,19,88,88,0,0,0,1,0
35,350121,1,1,0,0,0,1,1,17,0,3,1,2012,3,10,30,0,9,3,SR-15,,165,33.08068889,-108.2045917,0,42,0,0,1,1,0,5,1,1,0,1,0,0000000,99,99,99,99,88,88,0,0,0,1,0
35,350122,1,1,0,1,1,1,1,1,30,1,1,2012,1,0,10,0,13,6,CENTRAL AVE NE,,0,35.06225556,-106.6344222,0,8,0,0,1,1,0,1,3,1,0,1,0,0000000,99,99,99,99,99,99,0,0,0,1,0
35,350123,2,2,0,0,0,2,2,39,280,12,4,2012,5,12,34,1,2,2,US-84,,1927,35.99123333,-106.0695639,0,12,2,0,1,1,0,1,1,1,0,1,0,0000000,12,32,12,42,99,99,0,0,0,1,0
35,350124,1,1,0,0,0,1,1,51,45,28,5,2012,2,18,37,0,9,3,SR-187,,179,32.83746389,-107.2886111,0,35,0,0,1,1,0,4,5,1,0,1,0,0000000,18,40,18,59,88,88,0,0,0,1,0
35,350125,2,2,0,0,0,2,2,51,45,29,6,2012,6,4,5,1,11,1,I-25,,546,32.84669444,-107.2803722,0,12,1,0,1,1,0,1,2,1,0,1,0,0000000,4,10,4,27,99,99,0,0,0,1,0
35,350126,1,1,0,0,0,2,2,59,0,18,6,2012,2,15,25,1,2,2,US-64/87,,4210,36.49005278,-103.3443944,0,1,0,0,1,1,0,1,1,1,0,1,0,0000000,99,99,99,99,99,99,0,0,0,1,0
35,350127,1,1,0,1,1,1,1,45,335,11,2,2012,7,22,9,0,3,9,NAVAJO ROUTE 36,,172,36.71691111,-108.4168417,3,8,0,0,1,1,0,1,2,1,0,1,0,0000000,99,99,99,99,99,99,0,0,0,1,0
35,350128,1,1,0,1,1,5,5,29,230,10,2,2012,6,17,17,0,16,6,EAST 4TH,N. PEARL,0,32.27619444,-107.7540583,0,9,0,0,2,4,0,1,5,1,0,1,0,0000000,99,99,99,99,99,99,0,0,0,1,0
35,350129,1,1,0,0,0,2,2,61,9997,21,4,2012,7,17,57,0,6,5,TRIBAL ROAD 7,,0,34.88311667,-106.6928778,3,34,0,0,1,1,0,5,1,1,0,1,0,0000000,99,99,99,99,99,99,0,0,0,1,1
35,350130,2,2,0,0,0,4,4,13,34,16,5,2012,4,9,58,0,6,5,WESTSIDE,VINTON,0,31.97095556,-106.6263667,0,12,6,0,2,2,0,1,1,1,0,1,0,0000000,10,9,10,13,99,99,0,0,0,3,0
35,350131,1,1,0,0,0,1,1,49,0,26,5,2012,7,9,46,0,4,2,US-84/285,,1702,35.76322778,-105.9445139,0,99,99,0,1,1,0,1,1,6,0,6,0,0000000,9,48,10,1,88,88,0,0,0,1,1
35,350132,1,1,0,0,0,1,1,7,0,14,6,2012,5,11,17,1,2,2,US-56/412,,361,36.304275,-103.9518944,0,1,0,0,1,1,0,1,1,1,0,1,0,0000000,11,16,11,58,88,88,0,0,0,1,0
35,350134,4,4,0,0,0,9,9,25,0,4,6,2012,2,17,39,0,2,3,SR-18,,583,32.79781111,-103.2175972,0,12,1,0,1,1,0,1,1,7,6,6,0,0000000,99,99,99,99,99,99,0,0,0,1,0
35,350135,1,1,0,1,1,1,1,27,0,2,1,2012,2,23,23,0,6,8,BIA-4 CARRIZO CANYON ROAD,,20,33.30663889,-105.7138139,3,8,0,0,1,1,0,1,2,1,0,1,0,0000000,99,99,99,99,88,88,0,0,0,1,0
35,350136,1,1,0,1,1,3,3,43,29,5,6,2012,3,1,28,1,1,1,I-25,,2489,35.40957778,-106.4189528,0,8,0,0,1,1,0,1,3,1,0,1,0,0000000,99,99,99,99,99,99,0,0,0,1,0
35,350137,1,1,0,0,0,2,2,31,0,2,2,2012,5,3,17,1,1,1,I-40,,411,35.46681389,-108.41675,0,1,0,0,1,1,0,3,2,4,0,4,0,0000000,99,99,99,99,99,99,0,0,0,1,0
35,350138,2,2,0,0,0,5,5,47,719,11,2,2012,7,18,35,1,1,1,I-25,,3323,35.39362222,-105.3415528,0,12,2,0,1,1,0,1,2,5,0,5,0,0000000,99,99,99,99,99,99,0,0,0,1,0
35,350139,3,3,0,0,0,3,3,37,0,11,2,2012,7,9,3,1,1,1,I-40,,3237,35.11860833,-103.9802333,0,12,6,0,1,1,0,1,1,5,0,5,0,0000000,99,99,99,99,99,99,0,0,0,1,0
35,350140,1,1,0,1,1,1,1,1,30,16,2,2012,5,10,0,0,13,6,WYOMING BOULEVARD NE,CLAREMONT AVENUE NE,0,35.11268333,-106.5507917,0,8,0,0,3,2,0,1,1,1,0,1,0,0000000,99,99,99,99,99,99,0,0,0,1,0
35,350141,2,2,0,1,1,2,2,45,115,16,2,2012,5,10,26,1,13,2,US-64/550 W BROADWAY STREET,S 3RD STREET,638,36.71134444,-107.981925,0,8,0,0,2,2,0,3,1,1,0,1,0,0000000,99,99,99,99,99,99,0,0,0,1,0
35,350142,1,1,0,0,0,4,4,31,0,21,1,2012,7,11,0,0,6,5,PURTY ROCK ROAD,,0,35.45470278,-108.8934472,3,1,0,0,1,1,0,1,1,1,0,1,0,0000000,99,99,99,99,99,99,0,0,0,1,1
35,350143,1,1,0,0,0,3,3,59,0,24,3,2012,7,9,23,0,3,2,US-56/412,,490,36.37528056,-103.4258889,0,31,0,0,1,1,0,4,1,1,0,1,0,0000000,99,99,99,99,99,99,0,0,0,1,0
35,350144,1,1,0,1,1,2,2,31,0,27,2,2012,2,18,30,0,3,3,SR-371,,609,36.00091111,-108.2150361,0,8,0,0,1,1,0,1,2,1,0,1,0,0000000,99,99,99,99,88,88,0,0,0,1,0
35,350145,1,1,0,0,0,2,2,31,159,26,3,2012,2,16,35,0,9,3,SR-566,,26,35.55629722,-108.5917917,3,1,0,0,1,1,0,4,1,1,0,1,0,0000000,99,99,99,99,88,88,0,0,0,2,1
35,350146,1,1,0,0,0,2,2,39,280,24,3,2012,7,16,44,0,6,6,VISTA DE CORRAL,,0,77.77770000,777.77770000,0,35,0,0,1,1,0,4,1,1,0,1,0,0000000,99,99,99,99,99,99,0,0,0,1,1
35,350147,3,3,0,0,0,10,10,1,30,16,6,2012,7,15,11,0,13,6,LOUISIANA BOULEVARD NE,,0,35.08408611,-106.5686,0,12,1,0,8,1,0,1,1,98,0,98,0,0000000,99,99,99,99,99,99,0,0,0,1,1
35,350149,1,1,0,0,0,1,1,13,0,8,7,2012,1,15,13,1,1,1,I-10 N,,1140,32.24182222,-107.2397667,0,1,0,0,1,1,0,1,1,1,0,1,0,0000000,15,13,15,20,88,88,0,0,0,1,0
35,350150,1,1,0,0,0,1,1,57,0,10,7,2012,3,6,50,1,1,1,I-40 E,,1920,35.03169722,-106.1124806,0,1,0,0,1,1,0,1,2,1,0,1,0,0000000,88,88,88,88,88,88,0,0,0,1,1
35,350151,1,1,0,0,0,6,6,13,0,19,6,2012,3,9,21,1,1,1,I-25 S,,300,32.64653056,-106.9817694,0,1,0,0,1,1,0,4,1,1,0,1,0,0000000,99,99,99,99,99,99,0,0,0,2,0
35,350152,1,1,0,0,0,1,1,41,640,31,7,2012,3,6,13,0,13,3,SR-114,,291,33.94934167,-103.6393861,0,1,0,0,1,1,0,4,1,1,0,1,0,0000000,5,54,6,15,99,99,0,0,0,1,0
35,350153,1,1,0,0,0,1,1,19,0,31,7,2012,3,19,23,0,5,3,SR-91,,88,34.85316111,-104.6183361,0,5,0,0,1,1,0,4,1,1,0,1,0,0000000,99,99,99,99,99,99,99,99,99,1,0
35,350154,1,1,0,0,0,1,1,55,0,2,8,2012,5,16,23,0,3,3,SR-68,SR-570,99999,36.3769,-105.5918611,0,5,0,1,2,2,0,1,1,1,0,1,0,0000000,99,99,99,99,99,99,0,0,0,1,0
35,350155,2,2,0,0,0,4,4,45,310,2,8,2012,5,17,50,0,15,6,PINON HILLS BLVD,N. BUTLER AVE.,0,36.77411389,-108.1853139,0,12,6,1,3,3,0,1,1,1,0,1,0,0000000,99,99,99,99,99,99,0,0,0,1,0
35,350156,1,1,0,0,0,1,1,9,0,3,8,2012,6,23,30,0,3,3,SR-209,,159,99.99990000,999.99990000,9,34,0,0,1,1,0,5,2,1,0,1,0,0000000,5,31,5,42,99,99,0,0,0,1,1
35,350157,1,1,0,1,1,3,3,45,745,26,10,2012,6,22,41,1,1,2,US-64,,299,36.807975,-108.8794278,0,8,0,0,1,1,0,1,2,1,0,1,0,0000000,99,99,99,99,99,99,0,0,0,1,0
35,350158,2,2,0,0,0,2,2,15,0,3,8,2012,6,21,28,1,1,2,US-60/180,,571,99.99990000,999.99990000,0,12,1,0,1,1,0,1,2,1,0,1,0,0000000,99,99,99,99,99,99,0,0,0,1,0
35,350159,2,2,0,0,0,3,3,5,0,9,8,2012,5,15,44,1,2,2,US-70,,3801,33.37036944,-104.9069472,0,12,1,0,1,1,0,5,1,1,0,1,0,0000000,99,99,99,99,99,99,0,0,0,2,0
35,350160,2,2,0,0,0,2,2,1,30,10,2,2012,6,15,57,0,16,6,ADAMS STREET NE,CLAREMONT AVENUE NE,0,35.11282222,-106.5937556,0,12,6,0,2,2,0,1,1,98,0,98,0,0000000,99,99,99,99,99,99,0,0,0,1,0
35,350161,1,1,0,0,0,5,5,31,9997,31,3,2012,7,5,15,0,9,8,BIA-48 BIG POINT ROAD,,35,35.57084722,-108.0789833,3,1,0,0,1,1,0,4,2,1,0,1,0,0000000,99,99,99,99,99,99,0,0,0,3,1
35,350162,2,2,0,0,0,3,3,1,30,18,4,2012,4,12,35,0,16,6,PAN AMERICAN EAST HWY NE,,0,35.15953889,-106.5866306,0,1,0,1,18,1,0,1,1,1,0,1,0,0000000,99,99,99,99,99,99,0,0,0,1,0
35,350163,2,2,0,0,0,3,3,1,30,6,4,2012,6,15,52,1,13,3,SR-528 ALAMEDA BLVD NW,,99998,35.20644444,-106.6512333,0,12,6,0,8,1,0,1,1,1,0,1,0,0000000,99,99,99,99,99,99,0,0,0,1,0
35,350164,1,1,0,0,0,3,3,25,0,23,6,2012,7,19,10,0,3,3,SR-18,,160,32.221425,-103.1931361,0,1,0,0,1,1,0,3,1,1,0,1,0,0000000,99,99,99,99,99,99,0,0,0,1,1
35,350165,1,1,0,1,1,1,1,1,0,16,6,2012,7,20,46,0,13,3,SR-314 ISLETA SW,,99998,35.03966944,-106.6794778,0,8,0,0,1,1,0,1,2,1,0,1,0,0000000,20,47,20,50,88,88,0,0,0,1,0
35,350166,3,3,0,0,0,5,5,13,0,25,5,2012,6,7,24,0,9,3,SR-404,,29,32.01364167,-106.555025,0,12,98,0,1,1,0,1,1,1,0,1,0,0000000,99,99,99,99,99,99,0,0,0,1,0
35,350167,1,1,0,1,1,1,1,29,0,18,6,2012,2,1,30,1,1,1,I-10 E,,817,32.26735278,-107.7819556,0,8,0,1,18,1,0,1,2,1,0,1,0,0000000,88,88,88,88,88,88,0,0,0,1,0
35,350168,2,2,0,0,0,2,2,1,30,26,6,2012,3,9,8,0,16,6,KENTUCKY AVE,SOUTHERN AVE SE,0,35.06723889,-106.569775,0,12,6,0,2,2,0,1,1,1,0,1,0,0000000,99,99,99,99,88,88,0,0,0,1,0
35,350169,1,1,0,1,1,1,1,13,0,13,6,2012,4,2,10,1,1,1,I-10,,1539,32.14409722,-106.6492833,0,8,0,0,1,1,0,1,2,1,0,1,0,0000000,99,99,99,99,88,88,0,0,0,1,0
35,350170,1,1,0,0,0,2,2,55,780,11,6,2012,2,15,0,0,3,3,SR-68,,368,36.32835278,-105.6870889,0,1,0,0,1,1,0,4,1,1,0,1,0,0000000,99,99,99,99,99,99,0,0,0,1,1
35,350171,1,1,0,0,0,1,1,1,0,16,6,2012,7,1,13,0,13,3,SR-556 TRAMWAY BLVD,,44,35.20194444,-106.5345139,3,31,0,0,1,1,0,4,2,1,0,1,0,0000000,1,13,1,23,88,88,0,0,0,1,0
35,350172,1,1,0,1,1,1,1,1,30,15,6,2012,6,8,27,0,16,6,4TH ST NW,,0,35.14670278,-106.6397361,0,9,0,0,8,1,0,1,1,1,0,1,0,0000000,99,99,99,99,99,99,0,0,0,1,0
35,350173,1,1,0,0,0,2,2,25,0,9,6,2012,7,20,35,0,3,3,SR-529,,95,32.78916944,-103.7227111,0,1,0,0,1,1,0,4,2,1,0,1,0,0000000,99,99,99,99,99,99,0,0,0,1,1
35,350174,1,1,0,1,1,1,1,45,70,26,6,2012,3,11,55,1,13,2,US-550/SR-544 SOUTH MAIN AVE,,99998,36.82115,-107.9955611,0,8,0,0,1,1,0,1,1,1,0,1,0,0000000,99,99,99,99,99,99,0,0,0,1,0
35,350175,2,2,0,0,0,2,2,1,30,27,6,2012,4,17,22,0,13,6,CANDELARIA ROAD NE,STANFORD DRIVE NE,0,35.11558611,-106.6167056,0,12,6,0,8,1,0,1,1,1,0,1,0,0000000,17,25,17,29,88,88,0,0,0,1,1
35,350176,2,2,0,0,0,4,4,57,605,30,6,2012,7,14,46,0,2,2,US-66,,99998,35.00524722,-106.051675,0,12,6,0,8,1,0,1,1,1,0,1,0,0000000,99,99,99,99,99,99,0,0,0,1,0
35,350177,2,2,0,0,0,3,3,33,0,29,7,2012,1,15,20,0,4,3,SR-434,,180,36.06924444,-105.2655972,0,12,2,0,1,1,0,1,1,1,0,1,0,0000000,99,99,99,99,99,99,0,0,0,1,0
35,350178,2,2,0,0,0,3,3,45,745,2,7,2012,2,17,44,0,9,8,NAVAJO ROUTE 13,,180,77.77770000,777.77770000,3,12,2,0,1,1,0,1,1,1,0,1,0,0000000,17,47,17,57,19,4,0,0,0,2,1
35,350179,1,1,0,0,0,5,5,37,75,7,6,2012,5,5,56,1,1,1,I-10 W,,3630,35.11204444,-103.3181556,0,1,0,0,1,1,0,1,4,1,0,1,0,0000000,5,53,6,19,7,20,0,0,0,2,0
35,350180,1,1,0,0,0,2,2,55,0,21,7,2012,7,13,38,0,9,9,FRONTAGE ROAD 488,,0,36.69792222,-105.3935,0,1,0,0,1,1,0,4,1,1,0,1,0,0000000,13,14,13,19,99,99,0,0,0,1,0
35,350181,2,2,0,0,0,2,2,1,0,9,6,2012,7,18,50,0,13,6,CENTRAL AVE NW,114TH STREET SW,0,35.06938333,-106.7568583,0,12,8,0,2,3,0,1,1,1,0,1,0,0000000,99,99,99,99,99,99,0,0,0,1,0
35,350182,4,4,0,0,0,4,4,45,0,2,3,2012,6,18,30,1,2,2,US-64,,270,36.77223056,-108.6090472,0,12,7,0,1,1,0,1,8,1,0,1,0,0000000,18,45,18,53,19,33,0,0,0,1,1
35,350183,2,2,0,0,0,2,2,43,0,23,7,2012,2,8,45,1,1,1,I-25,,2392,35.30503889,-106.5360889,0,12,7,0,1,1,0,1,1,1,0,1,0,0000000,99,99,99,99,99,99,0,0,0,1,0
35,350184,2,2,0,0,0,6,6,43,742,28,2,2012,3,19,9,1,2,2,US-550,,230,35.55401944,-106.7787167,0,33,0,0,1,1,0,4,3,1,0,1,0,0000000,19,17,19,21,88,88,0,0,0,1,0
35,350185,2,2,0,0,0,4,4,49,0,9,7,2012,2,0,3,0,9,9,RANCH ROAD,,0,35.50621667,-105.8881972,0,12,1,0,1,1,0,1,2,1,0,1,0,0000000,0,5,0,16,99,99,0,0,0,1,1
35,350186,2,2,0,0,0,2,2,15,0,13,7,2012,6,15,29,0,9,3,SR-31 POTASH MINES ROAD,OIL FIELD LEASE ROAD,63,32.32926667,-104.0170833,0,1,0,0,3,3,0,1,1,1,0,1,0,0000000,99,99,99,99,99,99,0,0,0,1,0
35,350187,2,2,0,0,0,3,3,13,0,14,7,2012,7,11,30,0,9,3,SR-273,SR-136,80,31.876975,-106.6498194,0,12,6,0,2,2,0,1,1,1,0,1,0,0000000,11,30,11,45,99,99,0,0,0,1,0
35,350188,2,2,0,0,0,2,2,15,130,30,7,2012,2,5,55,0,6,6,STANDPIPE ROAD,RADIO BLVD,0,32.39634444,-104.2551583,0,12,6,0,2,3,0,1,1,1,0,1,0,0000000,99,99,99,99,99,99,0,0,0,1,2
35,350189,2,2,0,0,0,4,4,1,30,3,3,2012,7,15,51,0,13,6,EUBANK NE,,0,35.10012222,-106.5329944,0,12,6,0,8,1,0,1,1,1,0,1,0,0000000,99,99,99,99,99,99,0,0,0,1,0
35,350190,1,1,0,0,0,3,3,31,340,8,12,2012,7,16,51,1,1,1,I-40,,126,99.99990000,999.99990000,0,24,0,0,1,1,0,4,5,1,0,1,0,0000000,99,99,99,99,99,99,0,0,0,1,0
35,350191,1,1,0,0,0,1,1,1,0,16,11,2012,6,11,38,0,4,3,SR-337,,270,35.05775833,-106.3954694,0,52,0,0,1,1,0,1,1,1,0,1,0,0000000,11,41,11,47,99,99,0,0,0,1,0
35,350192,1,1,0,0,0,6,6,31,159,21,4,2012,7,2,32,0,9,8,SUPERMAN CANYON ROAD,,0,35.58703611,-108.6565833,3,1,0,0,1,1,0,5,2,1,0,1,0,0000000,99,99,99,99,99,99,0,0,0,1,1
35,350193,1,1,0,0,0,3,3,19,0,26,11,2012,2,15,15,0,6,6,REILLY ROAD,,0,34.93568056,-104.6718722,0,42,0,0,1,1,0,4,1,1,0,1,0,0000000,99,99,99,99,99,99,0,0,0,1,0
35,350194,1,1,0,0,0,1,1,29,0,4,8,2012,7,7,52,1,1,1,I-10,,598,32.22326667,-108.1294611,0,1,0,0,1,1,0,4,1,1,0,1,0,0000000,99,99,99,99,99,99,0,0,0,1,0
35,350195,1,1,0,0,0,1,1,13,470,9,6,2012,7,1,17,0,15,6,ROADRUNNER,PICACHO,0,32.31177222,-106.8203944,0,35,0,0,3,8,0,4,2,1,0,1,0,0000000,99,99,99,99,99,99,0,0,0,1,0
35,350196,1,1,0,0,0,1,1,25,410,5,10,2012,6,20,34,0,6,6,PALACE STREET,MCKINLEY,0,32.68500833,-103.1330917,0,1,0,0,3,2,0,1,2,1,0,1,0,0000000,99,99,99,99,88,88,0,0,0,1,0
35,350197,2,2,0,0,0,2,2,1,0,28,8,2012,3,18,13,0,14,3,SR-314 ISLETA BLVD SW,VALLEY ROAD SW,99998,35.040425,-106.6795,0,12,6,0,2,3,0,1,1,1,0,1,0,0000000,18,14,18,17,99,99,14,0,0,1,0
35,350198,1,1,0,0,0,1,1,1,0,27,9,2012,5,20,19,0,9,9,ATRISCO VISTA NE,,0,35.12751389,-106.7856694,0,5,0,0,1,1,0,5,2,1,0,1,0,0000000,20,22,20,42,88,88,0,0,0,1,1
35,350199,2,2,0,0,0,3,3,13,470,26,12,2012,4,15,57,1,13,2,US-70 N MAIN ST,,1502,32.34065833,-106.7758778,0,12,6,1,8,1,0,1,1,1,0,1,0,0000000,99,99,99,99,99,99,0,0,0,1,0
35,350200,1,1,0,0,0,1,1,1,0,6,10,2012,7,1,54,1,1,1,I-25 S,,2168,34.9679,-106.656,0,1,0,0,1,1,0,3,2,1,0,1,0,0000000,1,56,2,6,88,88,0,0,0,1,1
35,350201,1,1,0,1,1,1,1,1,0,16,12,2012,1,4,41,1,1,1,I-25 S,,2230,35.07938889,-106.63735,0,8,0,1,18,1,0,1,3,1,0,1,0,0000000,4,43,4,48,88,88,0,0,0,1,0
35,350202,1,1,0,0,0,12,12,19,0,29,8,2012,4,2,30,1,2,2,US-54,,2340,77.77770000,777.77770000,0,1,0,0,1,1,0,4,2,1,0,1,0,0000000,2,32,2,49,3,17,0,0,0,2,0
35,350203,1,1,0,0,0,1,1,33,0,15,8,2012,4,21,24,1,1,1,I-25 RAMP,,3660,35.80675278,-104.9793778,0,31,0,1,5,1,0,4,2,1,0,1,0,0000000,99,99,99,99,88,88,0,0,0,1,1
35,350204,1,1,0,0,0,1,1,33,0,21,8,2012,3,13,32,0,9,3,SR-518,,440,35.97902222,-105.3558694,0,1,0,0,1,1,0,4,1,1,0,1,0,0000000,99,99,99,99,88,88,0,0,0,1,0
35,350205,1,1,0,0,0,3,3,51,872,12,8,2012,1,20,2,1,11,1,I-25 S,,760,33.12606944,-107.2893944,0,31,0,0,1,1,0,4,5,1,0,1,0,0000000,99,99,99,99,99,99,0,0,0,1,0
35,350206,1,1,0,0,0,1,1,13,470,17,8,2012,6,20,15,1,11,1,I-10,,1320,32.27184167,-106.9215667,0,21,0,1,18,1,0,4,2,1,0,1,0,0000000,99,99,99,99,99,99,0,0,0,1,0
35,350207,1,1,0,0,0,1,1,49,0,19,8,2012,1,22,5,0,6,6,CALLE NUEVA VISTA,JOSHUA LANE,0,35.64507778,-106.0297472,0,1,0,0,3,2,0,1,3,1,0,1,0,0000000,99,99,99,99,99,99,0,0,0,1,0
35,350208,1,1,0,1,1,2,2,1,0,22,9,2012,7,19,58,0,13,3,SR-314 ISLETA BLVD SW,,99998,34.97433611,-106.6966528,0,8,0,0,1,1,0,1,3,1,0,1,0,0000000,99,99,99,99,88,88,0,0,0,1,1
35,350209,1,1,0,0,0,4,4,45,0,30,6,2012,7,18,28,0,9,8,SUPERMAN CANYON,,9,99.99990000,999.99990000,3,1,0,0,1,1,0,4,1,1,0,1,0,0000000,99,99,99,99,99,99,0,0,0,1,1