STATE,ST_CASE,VE_TOTAL,VE_FORMS,PVH_INVL,PEDS,PERNOTMVIT,PERMVIT,PERSONS,COUNTY,CITY,DAY,MONTH,YEAR,DAY_WEEK,HOUR,MINUTE,NHS,ROAD_FNC,ROUTE,TWAY_ID,TWAY_ID2,MILEPT,LATITUDE,LONGITUD,SP_JUR,HARM_EV,MAN_COLL,RELJCT1,RELJCT2,TYP_INT,WRK_ZONE,REL_ROAD,LGT_COND,WEATHER1,WEATHER2,WEATHER,SCH_BUS,RAIL,NOT_HOUR,NOT_MIN,ARR_HOUR,ARR_MIN,HOSP_HR,HOSP_MN,CF1,CF2,CF3,FATALS,DRUNK_DR
35,350210,1,1,0,0,0,1,1,51,0,1,10,2012,2,21,50,1,1,1,I-25 S,,627,32.918775,-107.3186944,0,42,0,0,1,1,0,5,2,1,0,1,0,0000000,99,99,99,99,88,88,0,0,0,1,0
35,350211,1,1,0,0,0,1,1,15,130,12,10,2012,6,16,15,0,6,6,MIEHLS DRIVE,,0,32.4308,-104.278,0,58,0,0,1,1,0,5,1,2,0,2,0,0000000,99,99,99,99,88,88,0,0,0,1,0
35,350212,1,1,0,0,0,1,1,45,0,18,10,2012,5,20,40,1,2,2,US-550 S,,1150,36.26003333,-107.7404639,0,1,0,0,1,1,0,4,2,1,0,1,0,0000000,20,44,20,54,88,88,0,0,0,1,1
35,350213,1,1,0,0,0,2,2,33,0,29,10,2012,2,14,49,0,9,3,SR-442,,80,36.03689444,-105.1845611,0,31,0,0,1,1,0,4,1,1,0,1,0,0000000,99,99,99,99,99,99,0,0,0,1,1
35,350214,1,1,0,0,0,9,9,43,0,4,5,2012,6,20,12,0,9,9,UNKNOWN,,0,99.99990000,999.99990000,3,35,0,0,1,1,0,5,1,1,0,1,0,0000000,99,99,99,99,99,99,0,0,0,2,1
35,350215,1,1,0,0,0,1,1,15,0,4,12,2012,3,2,15,0,2,2,US-285,,110,32.1464,-104.0735444,0,1,0,0,1,1,0,5,2,1,0,1,0,0000000,2,20,2,30,88,88,0,0,0,1,0
35,350216,1,1,0,0,0,2,2,61,530,7,7,2012,7,3,13,1,1,1,I-25 N,,2020,34.79878333,-106.7675611,0,1,0,0,1,1,0,3,2,1,0,1,0,0000000,99,99,99,99,99,99,0,0,0,1,0
35,350217,1,1,0,1,1,1,1,45,310,24,10,2012,4,17,10,0,16,6,S COURT AVENUE,,0,36.72890278,-108.2018028,0,8,0,0,1,1,0,1,1,1,0,1,0,0000000,17,10,17,14,88,88,0,0,0,1,1
35,350218,2,2,0,0,0,3,3,13,0,18,7,2012,4,14,10,1,2,2,US-70,,1685,32.43772778,-106.4918944,9,12,1,0,1,1,0,1,1,99,0,99,0,0000000,99,99,99,99,99,99,0,0,0,1,0
35,350220,3,3,0,0,0,4,4,19,0,25,8,2012,7,23,29,1,1,1,I-40,,2780,34.95655,-104.6209,0,12,1,0,1,1,0,1,2,1,0,1,0,0000000,99,99,99,99,99,99,0,0,0,2,0
35,350221,1,1,0,1,1,1,1,1,30,31,12,2012,2,9,19,0,16,6,WELLESLEY DR NE,,0,35.12653056,-106.6075028,0,8,0,0,1,1,0,1,1,4,1,4,0,0000000,99,99,99,99,99,99,0,0,0,1,0
35,350222,2,2,0,0,0,2,2,31,215,12,9,2012,4,21,56,0,3,3,SR-371,,265,35.709,-108.1362028,3,12,2,0,1,1,0,1,2,2,0,2,0,0000000,99,99,99,99,88,88,0,0,0,2,1
35,350223,1,1,0,1,1,2,2,1,30,2,8,2012,5,20,55,0,16,6,CARLISLE NE,,0,35.12059722,-106.6046611,0,8,0,0,1,1,0,1,2,2,0,2,0,0000000,99,99,99,99,99,99,0,0,0,1,0
35,350224,1,1,0,0,0,5,5,3,0,25,10,2012,5,17,30,1,2,2,US-60 E,,700,34.22573333,-107.9302222,0,1,0,0,1,1,0,4,1,1,0,1,0,0000000,17,45,19,46,20,8,0,0,0,1,1
35,350225,3,3,0,0,0,7,7,53,0,27,8,2012,2,22,9,1,1,1,I-25,,1430,33.97591389,-106.8903861,0,12,6,0,1,1,0,1,2,1,0,1,0,0000000,99,99,99,99,99,99,0,0,0,1,1
35,350226,1,1,0,0,0,1,1,39,0,15,9,2012,7,14,21,1,2,2,US-64,,1880,36.66932222,-106.4149,0,1,0,0,1,1,0,1,1,1,0,1,0,0000000,14,29,14,56,88,88,0,0,0,1,0
35,350227,3,3,0,0,0,6,6,25,410,17,9,2012,2,21,38,1,2,2,US-62,S COCHRAN ST,1040,32.69659722,-103.1411778,0,12,6,0,2,2,0,1,3,1,0,1,0,0000000,99,99,99,99,99,99,20,0,0,1,1
35,350228,1,1,0,0,0,1,1,55,0,13,11,2012,3,11,34,0,9,8,US FOREST ROAD 134,,40,77.77770000,777.77770000,0,1,0,0,1,1,0,5,7,8,0,8,0,0000000,11,36,11,50,88,88,0,0,0,1,1
35,350229,1,1,0,0,0,1,1,3,0,30,11,2012,6,22,30,0,3,2,US-180,,540,33.24946389,-108.8641861,0,1,0,0,1,1,0,1,2,1,0,1,0,0000000,99,99,99,99,88,88,0,0,0,1,1
35,350230,1,1,0,0,0,1,1,45,70,22,7,2012,1,10,15,0,9,3,SR-574,CR-3086,40,36.86483611,-108.027725,0,1,0,0,1,1,0,4,1,1,0,1,0,0000000,99,99,99,99,99,99,0,0,0,1,0
35,350231,2,2,0,0,0,6,6,39,9997,28,10,2012,1,11,32,0,9,3,SR-285,,3450,36.14482222,-106.098575,0,12,2,0,1,1,0,1,1,1,0,1,0,0000000,11,35,11,50,99,99,0,0,0,1,0
35,350232,2,2,0,0,0,2,2,57,0,28,11,2012,4,17,39,0,9,3,SR-41,PUMPKIN PATCH,231,34.94161667,-106.0515639,0,12,6,0,2,3,0,1,5,1,0,1,0,0000000,17,41,17,59,99,99,0,0,0,1,0
35,350233,2,2,0,0,0,2,2,1,30,8,10,2012,2,18,35,1,13,3,SR-556 TRAMWAY BLVD,SPAIN,99998,35.14509444,-106.4980333,0,12,6,1,2,3,0,1,5,1,0,1,0,0000000,99,99,99,99,99,99,0,0,0,1,0
35,350234,1,1,0,0,0,2,2,21,0,10,10,2012,4,8,39,0,9,9,ROSEBUD ROAD,,0,77.77770000,777.77770000,0,1,0,0,1,1,0,4,1,1,0,1,0,0000000,8,46,9,50,13,5,0,0,0,1,1
35,350235,1,1,0,0,0,1,1,61,0,27,10,2012,7,22,8,0,9,3,SR-109 JARALES ROAD,,0,34.58867778,-106.76235,0,1,0,0,1,1,0,4,2,1,0,1,0,0000000,99,99,99,99,99,99,0,0,0,1,0
35,350236,2,2,0,0,0,2,2,25,0,29,10,2012,2,19,59,0,6,4,CR-64 WEST BENDER BLVD,,0,32.725675,-103.1765056,0,12,6,0,8,1,0,1,2,1,0,1,0,0000000,99,99,99,99,99,99,0,0,0,1,0
35,350237,1,1,0,0,0,1,1,61,530,10,5,2012,5,11,31,0,19,3,SR-6,,50,34.82023611,-106.7823056,0,1,0,0,1,1,0,1,1,1,0,1,0,0000000,99,99,99,99,99,99,0,0,0,1,0
35,350238,1,1,0,0,0,1,1,13,0,7,10,2012,1,1,0,0,9,4,CR-LAS ALTURAS RD,,60,32.20941667,-106.6947306,0,57,0,0,1,1,0,3,2,1,0,1,0,0000000,1,13,1,17,88,88,0,0,0,1,1
35,350239,1,1,0,0,0,1,1,6,0,18,10,2012,5,1,50,1,1,1,I-40,,1130,35.03031389,-107.3836,3,34,0,0,1,1,0,4,3,1,0,1,0,0000000,1,54,2,1,88,88,0,0,0,1,0
35,350240,1,1,0,0,0,1,1,61,0,19,10,2012,6,19,55,0,9,4,CR-NORTH MESA RD,,25,34.69471667,-106.7833833,0,10,0,0,6,1,0,1,2,1,0,1,0,024850H,99,99,99,99,88,88,0,0,0,1,1
35,350241,1,1,0,1,1,1,1,13,470,23,10,2012,3,5,39,1,13,2,US-70 W PICACHO AVE,,1560,32.316025,-106.7849167,0,8,0,0,1,1,0,1,2,1,0,1,0,0000000,99,99,99,99,88,88,0,0,0,1,0
35,350242,1,1,0,0,0,5,5,33,0,24,10,2012,4,19,22,1,1,1,I-25,,3720,35.86159167,-104.8943556,0,1,0,0,1,1,0,3,2,1,0,1,0,0000000,99,99,99,99,99,99,0,0,0,1,0
35,350243,1,1,0,1,1,1,1,1,30,3,7,2012,3,11,23,0,16,6,SILVER SE,STANFORD,0,35.07908889,-106.6180389,0,59,0,0,3,2,0,4,1,1,0,1,0,0000000,99,99,99,99,99,99,0,0,0,1,0
35,350244,2,2,0,0,0,3,3,17,750,8,11,2012,5,17,20,1,13,2,US-180,,1160,32.78551111,-108.2298639,0,12,6,0,8,1,0,1,5,1,0,1,0,0000000,99,99,99,99,99,99,0,0,0,2,0
35,350245,1,1,0,0,0,2,2,47,480,30,9,2012,1,21,36,0,16,6,MORA ST,ROMERO ST,0,35.59540556,-105.2371,0,24,0,0,3,3,0,4,2,1,0,1,0,0000000,99,99,99,99,99,99,0,0,0,1,1
35,350246,1,1,0,1,1,2,2,1,30,18,10,2012,5,19,28,0,16,6,4TH ST,,0,35.12080556,-106.6445806,0,8,0,0,1,1,0,1,3,1,0,1,0,0000000,99,99,99,99,99,99,0,0,0,1,0
35,350247,1,1,0,0,0,2,2,31,0,1,12,2012,7,0,20,1,1,1,I-40,,610,35.47230278,-108.4177111,0,1,0,0,1,1,0,4,2,1,0,1,0,0000000,0,25,0,35,0,49,0,0,0,1,1
35,350248,1,1,0,1,1,1,1,15,0,4,12,2012,3,6,6,0,2,2,US-285 PECOS HWY,ROBERSON RD,240,32.32308333,-104.1348917,0,9,0,0,2,2,0,1,2,1,0,1,0,0000000,5,59,6,12,99,99,0,0,0,1,0
35,350249,1,1,0,1,1,1,1,29,230,7,12,2012,6,14,54,1,11,1,I-10,,810,32.26883333,-107.7716167,0,8,0,0,1,1,0,1,1,1,0,1,0,0000000,14,56,15,1,88,88,0,0,0,1,0
35,350250,2,2,0,0,0,3,3,49,710,9,12,2012,1,18,46,1,11,1,I-25,,2700,35.54116667,-106.1365,0,24,0,0,1,1,0,4,2,1,0,1,0,0000000,99,99,18,52,19,54,0,0,0,1,0
35,350251,1,1,0,0,0,1,1,49,0,7,11,2012,4,10,36,1,11,1,I-25,,2921,35.55006389,-105.8754833,0,1,0,0,1,1,0,3,7,1,0,1,0,0000000,99,98,99,98,88,88,0,0,0,1,0
35,350252,1,1,0,1,1,2,2,31,0,29,11,2012,5,23,58,1,1,1,I-40,,583,35.38546667,-108.1455806,3,8,0,0,1,1,0,1,2,1,0,1,0,0000000,22,59,23,10,88,88,0,0,0,1,0
35,350253,1,1,0,0,0,2,2,35,0,2,12,2012,1,15,30,0,9,8,FOREST ROAD 64,,0,32.47128056,-105.4704111,0,42,0,0,1,1,0,4,1,1,0,1,0,0000000,99,99,99,99,99,99,0,0,0,1,1
35,350254,1,1,0,0,0,5,5,17,0,15,12,2012,7,23,11,1,1,1,I-10,,530,32.20538333,-108.2379611,0,1,0,0,1,1,0,4,2,1,0,1,0,0000000,99,99,99,99,99,99,0,0,0,1,0
35,350255,3,3,0,0,0,7,7,43,9997,17,11,2012,7,10,3,1,1,1,I-25,,2558,35.45681389,-106.3370167,3,12,1,0,1,1,0,1,1,1,0,1,0,0000000,99,99,99,99,99,99,14,0,0,1,0
35,350256,1,1,0,0,0,1,1,1,30,19,12,2012,4,0,24,0,12,7,PAN AMERICAN EAST FRWY NE,,2300,35.14968333,-106.5890472,0,38,0,0,5,1,0,4,3,1,0,1,0,0000000,99,98,99,98,88,88,0,0,0,1,1
35,350257,1,1,0,0,0,2,2,39,661,23,12,2012,1,3,37,0,9,3,SR-76,,230,36.111675,-105.7719,0,42,0,0,1,1,0,4,2,1,0,1,0,0000000,4,35,5,4,99,99,0,0,0,1,0
35,350258,1,1,0,0,0,1,1,15,0,24,12,2012,2,12,21,0,6,4,CR-222,,99999,32.68033333,-103.8696611,0,1,0,0,1,1,0,1,1,1,0,1,0,0000000,12,25,12,55,88,88,0,0,0,1,0
35,350259,1,1,0,1,1,1,1,27,338,27,12,2012,5,5,55,1,2,2,US-70,,2780,33.42151944,-105.3886139,0,8,0,0,1,1,0,1,2,1,0,1,0,0000000,5,59,6,22,88,88,0,0,0,1,0
35,350260,3,3,0,0,0,4,4,1,30,27,7,2012,6,14,55,0,15,6,BROADWAY,,0,99.99990000,999.99990000,0,12,8,0,1,1,0,1,1,1,0,1,0,0000000,99,99,99,99,99,99,0,0,0,1,0
35,350261,1,1,0,1,1,2,2,1,30,28,4,2012,7,21,16,0,16,6,CENTRAL,RHODE ISLAND,0,35.07512778,-106.5589028,0,8,0,0,2,2,0,1,2,1,0,1,0,0000000,99,99,99,99,99,99,0,0,0,1,0
35,350262,3,3,0,0,0,5,5,1,30,26,8,2012,1,1,26,0,14,6,COORS BLVD,,0,35.11271667,-106.7019222,0,12,1,0,1,1,0,1,3,1,0,1,0,0000000,99,99,99,99,99,99,0,0,0,1,1
35,350263,2,2,0,0,0,3,3,37,0,16,11,2012,6,1,18,1,1,1,I-40,,3413,35.173075,-103.5393861,0,12,1,0,1,1,0,1,2,1,0,1,0,0000000,1,18,1,30,99,99,0,0,0,1,0
35,350264,1,1,0,1,1,1,1,45,0,23,12,2012,1,17,59,1,2,2,US-550/SR-44,,1237,36.36297778,-107.8133306,0,8,0,0,1,1,0,1,2,1,0,1,0,0000000,18,13,18,21,88,88,0,0,0,1,0
35,350265,1,1,0,0,0,1,1,47,480,4,11,2012,1,7,52,0,2,7,FRONTAGE RD 2137,,99998,35.546725,-105.2264667,0,1,0,0,1,1,0,4,1,1,0,1,0,0000000,99,99,99,99,99,99,0,0,0,1,1
35,350266,2,1,1,1,1,1,1,1,30,25,8,2012,7,15,20,1,11,1,I-25,,2290,77.77770000,777.77770000,0,14,0,1,18,1,0,2,1,1,0,1,0,0000000,99,99,99,99,99,99,23,0,0,1,0
35,350267,2,2,0,0,0,3,3,1,30,30,11,2012,6,18,1,1,13,5,COORS BY-PASS,,0,35.19796389,-106.6605472,0,12,6,0,8,1,0,1,3,1,0,1,0,0000000,99,99,99,99,99,99,0,0,0,1,0
35,350268,1,1,0,0,0,2,2,57,605,9,7,2012,2,16,14,0,9,4,CR-MI RANCHITOS RD,,0,34.92062778,-106.06115,0,1,0,0,1,1,0,4,1,1,0,1,0,0000000,99,99,99,99,99,99,0,0,0,1,1
35,350269,1,1,0,0,0,2,2,31,0,4,7,2012,4,17,50,0,9,8,BIA-7025 TWIN BUTTES RD,,0,35.47908611,-108.8303694,3,42,0,0,1,1,0,4,1,10,0,10,0,0000000,99,99,99,99,99,99,0,0,0,1,0
35,350270,2,2,0,0,0,3,3,45,70,4,9,2012,3,7,40,1,13,3,SR-516,OLIVER AVE,99998,36.82690833,-108.0207556,0,1,0,0,3,2,0,1,1,1,0,1,0,0000000,99,99,99,99,99,99,0,0,0,1,0
35,350271,1,1,0,1,1,1,1,55,268,1,12,2012,7,22,20,1,3,2,US-64,,2520,36.44030278,-105.5780722,3,8,0,0,1,1,0,1,2,1,0,1,0,0000000,22,24,22,32,88,88,0,0,0,1,0
35,350272,1,1,0,0,0,2,2,6,457,17,12,2012,2,18,12,1,1,1,I-40,,1350,35.00595556,-107.0425083,0,1,0,0,1,1,0,3,2,1,0,1,0,0000000,18,30,18,40,99,99,0,0,0,1,0
35,350273,1,1,0,0,0,1,1,13,400,10,8,2012,6,23,0,0,9,3,SR-154,,21,32.66864167,-107.1131278,0,1,0,0,1,1,0,1,2,1,0,1,0,0000000,99,99,99,99,99,99,0,0,0,1,1
35,350274,1,1,0,0,0,2,2,31,0,25,6,2012,2,22,10,0,9,3,SR-602,,240,35.43310556,-108.7435194,0,1,0,0,1,1,0,4,2,1,0,1,0,0000000,99,99,99,99,99,99,0,0,0,1,1
35,350275,2,2,0,0,0,3,3,61,530,1,10,2012,2,10,16,1,1,1,I-25,,2030,34.81791944,-106.7594472,0,12,6,0,1,1,0,1,1,1,0,1,0,0000000,10,15,10,19,12,49,0,0,0,1,0
35,350276,2,2,0,0,0,4,4,61,0,15,7,2012,1,11,6,0,99,3,SR-314,,99998,77.77770000,777.77770000,0,12,6,0,8,1,0,1,1,1,0,1,0,0000000,99,99,99,99,99,99,0,0,0,1,0
35,350277,2,2,0,0,0,2,2,45,0,17,8,2012,6,16,3,1,2,2,US-491,,500,36.70755833,-108.7086528,3,12,6,0,1,1,1,1,1,1,0,1,0,0000000,99,99,99,99,88,88,0,0,0,1,0
35,350278,2,2,0,0,0,2,2,57,0,8,12,2012,7,16,10,1,1,1,I-40,,2210,35.00541944,-105.6111028,0,12,1,0,5,1,0,5,1,1,0,1,0,0000000,99,98,99,98,88,88,0,0,0,1,1
35,350279,3,3,0,0,0,4,4,31,340,1,12,2012,7,15,10,0,13,3,SR-118,RAMP TO I-40 W,0,35.53116667,-108.6696917,0,12,98,0,3,3,0,1,1,1,0,1,0,0000000,15,10,15,17,99,99,0,0,0,1,1
35,350280,1,1,0,0,0,1,1,55,0,7,4,2012,7,15,5,0,3,3,SR-68,,320,36.29605278,-105.7468278,0,24,0,0,1,1,0,4,1,1,0,1,0,0000000,99,99,99,99,99,99,0,0,0,1,0
35,350281,1,1,0,1,1,1,1,1,30,21,4,2012,7,13,46,0,16,6,CENTRAL AVE NW,ATRISCO DR NW,0,35.08583611,-106.68465,0,8,0,0,2,2,0,1,1,1,0,1,0,0000000,99,99,99,99,99,99,0,0,0,1,0
35,350282,1,1,0,0,0,3,3,51,0,16,6,2012,7,14,37,1,1,1,I-25,,990,33.43538889,-107.2483667,0,35,0,0,1,1,0,4,1,1,0,1,0,0000000,14,38,14,56,99,99,0,0,0,1,0
35,350283,1,1,0,1,1,1,1,31,880,31,8,2012,6,4,15,0,9,3,SR-53,,300,35.11873611,-108.5461944,3,8,0,0,1,1,0,1,2,1,0,1,0,0000000,99,99,99,99,88,88,0,0,0,1,0
35,350284,2,2,0,0,0,2,2,39,577,2,9,2012,1,12,28,0,3,2,US-84,,2040,36.15975,-106.18425,0,12,6,0,8,1,0,1,1,1,0,1,0,0000000,12,29,12,44,99,99,0,0,0,1,0
35,350285,2,2,0,0,0,2,2,49,710,21,10,2012,1,8,13,0,16,6,LLAND ST,THOMAS AVE,0,35.653275,-105.9706917,0,12,6,0,2,3,0,1,1,1,0,1,0,0000000,99,99,99,99,99,99,0,0,0,1,0
35,350286,1,1,0,0,0,2,2,25,0,14,12,2012,6,17,0,0,9,4,CR-SARTIN RD,,99998,33.22799722,-103.3609722,0,35,0,0,1,1,0,4,5,1,0,1,0,0000000,17,26,17,47,18,44,0,0,0,1,0
35,350287,1,1,0,0,0,2,2,1,30,15,10,2012,2,23,13,0,14,6,MORRIS ST NE,LOMAS,0,35.08744722,-106.526525,0,39,0,0,3,2,0,5,3,98,0,98,0,0000000,99,99,99,99,99,99,0,0,0,2,1
35,350288,2,2,0,0,0,3,3,39,31,14,11,2012,4,17,9,0,3,3,SR-68,,99998,36.08575556,-106.0508056,0,12,6,0,8,1,0,1,2,1,0,1,0,0000000,17,10,17,21,17,56,0,0,0,1,0
35,350289,1,1,0,0,0,2,2,6,0,21,12,2012,6,0,11,1,1,1,I-40 E,,1194,34.99349444,-107.2877083,3,1,0,0,1,1,0,3,2,1,0,1,0,0000000,99,99,99,99,99,99,0,0,0,1,0
35,350290,1,1,0,1,1,1,1,1,30,5,7,2012,5,22,5,0,13,6,SAN MATEO BLVD NE,MARBLE AVE NE,0,35.08913611,-106.5863194,0,8,0,0,3,2,0,1,3,1,0,1,0,0000000,99,99,99,99,99,99,0,0,0,1,0
35,350291,1,1,0,0,0,1,1,1,0,11,8,2012,7,9,15,0,9,3,SR-536 SANDIA CREST RD,,28,35.17986389,-106.3808639,0,1,0,0,1,1,0,1,1,1,0,1,0,0000000,9,19,9,26,88,88,0,0,0,1,0
35,350292,1,1,0,0,0,3,3,1,0,11,8,2012,7,18,29,0,13,3,SR-314 ISLETA BLVD SW,RAYMAC RD SW,99998,34.97804167,-106.6966306,0,38,0,0,3,3,0,4,1,1,0,1,0,0000000,18,30,18,36,99,99,0,0,0,1,1
35,350293,1,1,0,1,1,2,2,27,0,24,11,2012,7,17,35,1,2,2,US-70,,2710,33.38866944,-105.4904111,0,8,0,0,1,1,0,1,2,1,0,1,0,0000000,99,99,99,99,88,88,0,0,0,1,0
35,350294,1,1,0,0,0,2,2,29,0,8,11,2012,5,12,22,0,9,9,LEWIS FLATS RD,,0,32.262275,-107.5722694,0,1,0,0,1,1,0,4,1,1,0,1,0,0000000,99,99,99,99,99,99,0,0,0,1,0
35,350295,2,2,0,0,0,2,2,25,410,17,8,2012,6,17,36,0,6,6,WEST COUNTY RD,,0,32.70341667,-103.1757944,0,12,2,0,1,1,0,1,1,2,0,2,0,0000000,99,98,99,98,88,88,0,0,0,1,1
35,350296,2,2,0,0,0,3,3,13,470,31,10,2012,4,8,19,1,13,2,US-70,,1588,32.3752,-106.737,0,12,11,0,1,1,0,1,1,1,0,1,0,0000000,99,99,99,99,99,99,0,0,0,2,0
35,350297,3,3,0,0,0,3,3,1,30,26,6,2012,3,15,49,0,13,6,CENTRAL AVE NW,90TH ST NW,0,35.07460833,-106.734225,0,12,6,0,2,2,0,1,1,1,0,1,0,0000000,99,99,99,99,99,99,0,0,0,1,0
35,350298,1,1,0,0,0,1,1,35,20,3,7,2012,3,0,25,0,9,2,US-70/54 BYPASS,,0,32.92494722,-105.9700278,0,24,0,0,1,1,0,4,3,1,0,1,0,0000000,99,99,99,99,99,99,0,0,0,1,0
35,350299,2,2,0,0,0,6,6,15,50,4,7,2012,4,17,30,1,13,2,US-285,N 13TH ST,710,32.88971944,-104.4123861,0,12,6,0,2,2,0,1,1,2,0,2,0,0000000,99,99,99,99,99,99,0,0,0,1,0
35,350300,1,1,0,0,0,2,2,15,130,4,7,2012,4,19,35,0,16,6,W URAL ST,GEORGE ST,0,32.43708056,-104.243525,0,42,0,0,3,2,0,5,1,1,0,1,0,0000000,99,99,99,99,99,99,0,0,0,1,1
35,350301,1,1,0,1,1,1,1,1,30,20,7,2012,6,17,41,0,13,6,CENTRAL AVE,,0,35.07365833,-106.5481389,0,8,0,0,1,1,0,1,1,1,0,1,0,0000000,99,99,99,99,99,99,0,0,0,1,0
35,350302,2,2,0,0,0,2,2,49,710,6,9,2012,5,6,19,0,13,6,RODEO RD,CALLE MELECIO,0,35.63805278,-105.9801889,0,1,0,0,2,3,0,1,8,1,0,1,0,0000000,99,99,99,99,99,99,0,0,0,1,0
35,350303,1,1,0,0,0,1,1,1,0,8,9,2012,7,0,15,1,1,1,I-25 RAMP SE,,2158,34.95903611,-106.6589167,0,1,0,1,5,1,0,4,2,1,0,1,0,0000000,99,99,99,99,99,99,0,0,0,1,1
35,350304,1,1,0,1,1,2,2,1,30,14,9,2012,6,22,19,1,13,3,SR-556 TRAMWAY BLVD,MONTGOMERY BLVD,99998,35.13078611,-106.4981222,0,8,0,0,3,1,0,1,3,1,0,1,0,0000000,22,22,22,31,88,88,0,0,0,1,0
35,350305,2,2,0,0,0,2,2,5,670,27,12,2012,5,10,10,1,2,2,US-70/380 2ND ST,NEVADA ST,3267,33.39418611,-104.5500111,0,12,6,0,2,2,0,1,1,1,0,1,0,0000000,99,99,99,99,99,99,0,0,0,1,0
35,350306,1,1,0,0,0,7,7,43,677,22,8,2012,4,4,12,0,6,6,13TH AVE,,0,35.27505556,-106.711275,0,5,0,0,1,1,0,1,8,98,0,98,0,0000000,99,99,99,99,99,99,0,0,0,1,1
35,350307,1,1,0,0,0,3,3,6,360,17,12,2012,2,23,43,1,11,1,I-40,,832,35.14263889,-107.85355,0,17,0,0,1,1,0,4,2,1,0,1,0,0000000,23,47,23,54,99,99,20,0,0,1,0
35,350308,1,1,0,1,1,1,1,45,0,23,9,2012,1,2,17,1,13,2,US-64,,474,36.73849444,-108.2680111,0,8,0,0,1,1,0,1,2,1,0,1,0,0000000,22,16,22,50,23,58,0,0,0,1,0
35,350309,1,1,0,1,1,1,1,31,340,26,12,2012,4,18,17,1,2,2,US-491,,99992,35.54476667,-108.7588389,0,8,0,0,1,1,0,1,2,1,0,1,0,0000000,99,99,99,99,99,99,0,0,0,1,0
35,350310,2,2,0,0,0,4,4,5,670,5,8,2012,1,3,54,1,2,2,US-285 SE MAIN ST,E BRASHER RD,0,33.35051111,-104.509375,0,12,1,0,2,2,0,1,3,1,0,1,0,0000000,99,99,99,99,88,88,0,0,0,2,1
35,350311,2,2,0,0,0,2,2,1,30,17,8,2012,6,18,37,0,16,6,JEFFERSON ST NE,ELLISON ST NE,0,35.16094167,-106.5933056,0,12,6,0,2,2,0,1,1,1,0,1,0,0000000,99,99,99,99,99,99,0,0,0,1,0
35,350312,2,2,0,0,0,2,2,1,30,18,8,2012,7,13,2,0,16,6,INDIAN SCHOOL RD NE,,0,35.10198611,-106.6052167,0,12,6,0,8,1,0,1,1,1,0,1,0,0000000,99,99,99,99,99,99,0,0,0,1,0
35,350313,2,2,0,0,0,2,2,5,670,20,8,2012,2,0,14,0,6,6,E DEMING ST,S GARDEN ST,0,33.385725,-104.5138361,0,12,6,0,2,2,0,1,2,1,0,1,0,0000000,99,99,99,99,99,99,22,0,0,1,1
35,350314,2,2,0,0,0,3,3,1,30,30,9,2012,1,1,58,0,13,6,MONTANO RD NE,PAN AMERICAN FRNT RD,0,35.13361944,-106.6108667,0,12,6,0,2,2,0,1,3,1,0,1,0,0000000,99,99,99,99,99,99,0,0,0,1,1
35,350315,2,2,0,1,1,2,2,1,30,3,10,2012,4,6,40,0,16,6,EUBANK BLVD NE,LOMAS BLVD NE,0,35.08733889,-106.5326694,0,8,0,0,3,2,0,1,1,1,0,1,0,0000000,99,99,99,99,88,88,0,0,0,1,0
35,350316,2,2,0,0,0,2,2,1,30,30,12,2012,1,0,13,0,13,6,CENTRAL AVE SE,WYOMING BLVD SE,0,35.07384167,-106.550525,0,12,1,0,2,2,0,1,3,1,0,1,0,0000000,99,99,99,99,88,88,0,0,0,1,1
35,350317,1,1,0,0,0,4,4,25,0,22,11,2012,5,7,32,0,3,2,US-380,,2058,33.36976667,-103.6536167,0,1,0,0,1,1,0,4,1,1,0,1,0,0000000,99,99,99,99,99,99,0,0,0,1,0
35,350318,1,1,0,0,0,1,1,31,159,7,11,2012,4,10,25,0,13,3,SR-118,,0,35.52961111,-108.60775,0,38,0,0,1,1,0,4,1,1,0,1,0,0000000,10,33,10,39,88,88,0,0,0,1,0
35,350319,2,2,0,0,0,2,2,15,0,26,9,2012,4,4,15,0,3,2,US-82,,1114,32.8402,-104.322,0,12,2,0,1,1,0,1,2,1,0,1,0,0000000,99,99,99,99,99,99,0,0,0,1,0
35,350320,1,1,0,0,0,1,1,39,0,20,9,2012,5,19,50,0,3,3,SR-68,,83,36.09307222,-106.0475222,0,24,0,0,1,1,0,4,2,1,0,1,0,0000000,19,52,20,6,88,88,0,0,0,1,1
35,350321,1,1,0,1,1,1,1,1,0,3,10,2012,4,18,58,0,9,3,SR-333,,148,35.09455556,-106.2736556,0,9,0,0,1,1,0,1,5,1,0,1,0,0000000,99,99,99,99,88,88,0,0,0,1,0
35,350322,1,1,0,0,0,4,4,57,610,24,11,2012,7,0,56,0,9,3,SR-55,,99998,77.77770000,777.77770000,0,1,0,0,1,1,0,4,2,1,0,1,0,0000000,99,99,99,99,99,99,0,0,0,1,0
35,350323,1,1,0,1,1,1,1,1,30,20,11,2012,3,5,48,1,13,3,SR-448 COORS BLVD NW,,99998,35.18389722,-106.6648694,0,8,0,0,1,1,0,1,3,1,0,1,0,0000000,99,99,99,99,99,99,0,0,0,1,1
35,350324,1,1,0,0,0,2,2,49,710,8,11,2012,5,18,19,1,13,2,US-84 285 EXIT RAMP,,99998,35.71312778,-105.9409833,0,33,0,1,5,1,0,4,2,1,0,1,0,0000000,18,39,18,48,99,99,0,0,0,1,0