STATE,ST_CASE,VE_TOTAL,VE_FORMS,PVH_INVL,PEDS,PERNOTMVIT,PERMVIT,PERSONS,COUNTY,CITY,DAY,MONTH,YEAR,DAY_WEEK,HOUR,MINUTE,NHS,ROAD_FNC,ROUTE,TWAY_ID,TWAY_ID2,MILEPT,LATITUDE,LONGITUD,SP_JUR,HARM_EV,MAN_COLL,RELJCT1,RELJCT2,TYP_INT,WRK_ZONE,REL_ROAD,LGT_COND,WEATHER1,WEATHER2,WEATHER,SCH_BUS,RAIL,NOT_HOUR,NOT_MIN,ARR_HOUR,ARR_MIN,HOSP_HR,HOSP_MN,CF1,CF2,CF3,FATALS,DRUNK_DR
35,350325,3,3,0,0,0,4,4,45,70,2,9,2012,1,9,50,1,2,2,US-550,CR-2755,1663,36.89107778,-107.9298222,0,12,6,0,2,2,0,1,1,1,0,1,0,0000000,9,57,10,8,99,99,0,0,0,2,0
35,350326,1,1,0,1,1,1,1,1,30,20,9,2012,5,16,42,0,13,6,MONTGOMERY BLVD NE,,0,35.13069722,-106.5646556,0,8,0,0,1,1,0,1,1,1,0,1,0,0000000,99,98,99,98,88,88,0,0,0,1,0
35,350328,2,2,0,0,0,9,9,1,0,20,10,2012,7,16,30,0,9,3,SR-337,,256,35.03520278,-106.3728944,0,12,2,0,1,1,0,1,5,1,0,1,0,0000000,99,99,99,99,99,99,0,0,0,1,0
35,350329,1,1,0,0,0,1,1,39,213,24,10,2012,4,15,24,0,9,3,SR-96,,326,36.16243333,-106.6354306,0,1,0,0,1,1,0,4,1,8,0,8,0,0000000,99,99,99,99,99,99,0,0,0,1,0
35,350330,1,1,0,0,0,1,1,6,0,26,9,2012,4,10,55,0,9,3,SR-547,,99998,77.77770000,777.77770000,0,42,0,0,1,1,0,4,1,1,0,1,0,0000000,99,99,99,99,99,99,0,0,0,1,0
35,350331,2,2,0,0,0,4,4,49,0,21,11,2012,4,14,18,0,9,3,SR-4,,672,35.86385556,-106.2249167,0,12,6,0,1,1,0,1,1,98,0,98,0,0000000,99,99,99,99,99,99,0,0,0,1,0
35,350332,1,1,0,0,0,2,2,6,702,24,8,2012,6,19,35,0,6,6,SAN JOSE LOOP,,0,35.08768056,-107.5969972,0,34,0,0,1,1,0,4,5,1,0,1,0,0000000,99,99,99,99,99,99,0,0,0,1,1
35,350333,1,1,0,0,0,2,2,39,0,4,5,2012,6,10,39,0,3,3,SR-68,,62,77.77770000,777.77770000,0,35,0,0,1,1,0,4,1,1,0,1,0,0000000,99,99,99,99,99,99,0,0,0,1,1
35,350334,2,2,0,0,0,6,6,55,631,21,8,2012,3,14,12,0,3,3,SR-68,,336,36.30943889,-105.7304694,0,12,6,0,1,1,0,1,1,1,0,1,0,0000000,99,99,99,99,99,99,0,0,0,1,0
35,350335,2,2,0,0,0,3,3,31,9997,13,3,2012,3,5,30,1,1,1,I-40 E,,145,35.497,-108.8566444,0,12,6,0,1,1,0,1,2,1,0,1,0,0000000,5,27,5,47,88,88,20,0,0,1,1
35,350336,1,1,0,0,0,1,1,49,0,9,9,2012,1,10,56,0,9,3,SR-344,,158,35.23566111,-106.2021639,0,24,0,0,1,1,0,4,1,1,0,1,0,0000000,99,99,99,99,99,99,0,0,0,1,0
35,350337,2,1,1,3,3,3,3,31,340,19,9,2012,4,9,24,1,11,1,I-40 W,,205,35.528675,-108.7525306,0,18,0,0,1,1,1,3,1,1,0,1,0,0000000,99,99,99,99,99,99,0,0,0,2,0
35,350338,1,1,0,0,0,2,2,45,0,17,10,2012,4,19,12,0,9,9,NAVAJO ROUTE 36,,0,99.99990000,999.99990000,3,1,0,0,1,1,0,4,2,1,0,1,0,0000000,99,99,99,99,99,99,0,0,0,1,1
35,350339,1,1,0,0,0,1,1,7,0,28,10,2012,1,0,18,0,3,2,US-60,,3111,36.71488333,-104.4672194,0,11,0,0,1,1,0,1,2,1,0,1,0,0000000,99,99,99,99,99,99,0,0,0,1,1
35,350340,2,2,0,0,0,3,3,31,0,30,5,2012,4,17,0,1,2,2,US-491,,99999,99.99990000,999.99990000,9,12,1,0,1,1,0,1,9,1,0,1,0,0000000,99,99,99,99,99,99,0,0,0,1,0
35,350341,1,1,0,0,0,5,5,49,0,15,9,2012,7,19,14,1,1,1,I-25,,2901,35.551425,-105.8744778,0,1,0,0,1,1,0,1,5,1,0,1,0,0000000,99,99,99,99,99,99,0,0,0,1,0
35,350342,1,1,0,1,1,1,1,45,0,26,9,2012,4,11,30,1,2,2,US-491,,301,36.15497222,-108.7004667,3,8,0,0,1,1,1,1,1,1,0,1,0,0000000,99,99,99,99,99,99,0,0,0,1,0
35,350343,1,1,0,0,0,1,1,1,0,11,9,2012,3,22,18,1,1,1,I-25,,2090,99.99990000,999.99990000,3,1,0,0,1,1,0,1,2,99,0,99,0,0000000,99,99,99,99,99,99,0,0,0,1,0
35,350344,2,2,0,0,0,2,2,1,0,16,6,2012,7,3,26,1,1,1,I-25,,2080,34.79039722,-106.7707472,3,12,1,0,1,1,0,1,2,1,0,1,0,0000000,99,99,99,99,99,99,0,0,0,1,1
36,360001,1,1,0,0,0,2,2,39,4045,1,1,2012,1,19,36,0,6,4,CR-54,ROBERTS HILL RD,0,42.41379167,-73.83869722,0,1,0,0,3,2,0,4,2,2,0,2,0,0000000,19,37,19,43,20,24,0,0,0,1,1
36,360002,1,1,0,0,0,2,2,119,4930,1,1,2012,1,21,12,1,1,1,I-95 ENTRANCE RAMP,,0,40.98816944,-73.66643889,0,42,0,1,5,1,0,4,3,2,0,2,0,0000000,21,12,21,25,99,99,0,0,0,1,1
36,360003,2,2,0,0,0,2,2,81,4170,1,1,2012,1,5,7,1,11,1,I-495,,0,99.99990000,999.99990000,0,12,1,0,1,1,0,1,3,1,0,1,0,0000000,99,99,99,99,99,99,0,0,0,1,0
36,360004,1,1,0,0,0,1,1,69,6280,2,1,2012,2,17,6,0,6,5,CR-41,,0,42.96096111,-77.45434722,0,53,0,0,1,1,0,4,1,10,0,10,0,0000000,17,6,17,14,88,88,0,0,0,1,1
36,360005,1,1,0,1,1,1,1,5,4170,1,1,2012,1,11,15,0,16,6,W KINGSBRIDGE RD,SEDGWICK AVE,0,40.86967778,-73.90381667,0,8,0,0,2,2,0,1,1,1,0,1,0,0000000,99,99,99,99,99,99,0,0,0,1,0
36,360006,1,1,0,1,1,1,1,47,4170,1,1,2012,1,1,50,0,13,6,ROCKAWAY PKWY,RUTLAND RD,0,40.6644,-73.923675,0,8,0,0,3,2,0,1,3,1,0,1,0,0000000,99,99,99,99,99,99,0,0,0,1,0
36,360007,2,2,0,0,0,4,4,89,2500,3,1,2012,3,19,29,0,6,5,CR-12,,0,44.30413889,-75.58928889,0,12,6,0,1,1,0,1,2,1,0,1,0,0000000,19,26,19,37,20,13,0,0,0,1,0
36,360008,1,1,0,0,0,2,2,79,630,6,1,2012,6,13,30,0,3,3,SR-312,,0,41.43310556,-73.60084167,0,42,0,0,1,1,0,4,1,1,0,1,0,0000000,13,30,13,31,13,55,0,0,0,2,0
36,360009,1,1,0,1,1,1,1,115,2820,6,1,2012,6,17,40,0,16,6,MAIN ST,MECHANIC ST,0,43.29822778,-73.58495278,0,8,0,0,3,3,0,1,3,10,0,10,0,0000000,99,99,99,99,99,99,0,0,0,1,0
36,360010,2,2,0,0,0,4,4,91,3712,7,1,2012,7,22,33,0,4,4,CR-16,,0,43.09101111,-74.03995833,0,30,0,0,1,1,0,4,2,1,0,1,0,0000000,22,44,22,50,0,4,0,0,0,1,0
36,360011,2,2,0,0,0,5,5,7,3453,7,1,2012,7,12,1,0,5,6,AIRPORT RD,,0,99.99990000,999.99990000,0,12,2,0,1,1,0,1,1,1,0,1,0,0000000,12,1,12,11,12,37,0,0,0,4,0
36,360012,2,2,0,0,0,2,2,39,775,6,1,2012,6,12,25,1,2,3,SR-23,,0,42.30411389,-73.99827778,0,12,7,0,1,1,0,1,1,1,0,1,0,0000000,12,30,12,30,14,10,0,0,0,1,0
36,360013,1,1,0,0,0,1,1,105,3230,8,1,2012,1,9,21,1,2,3,SR-52,,0,99.99990000,999.99990000,0,30,0,0,1,1,0,4,1,10,0,10,0,0000000,9,22,9,30,9,58,0,0,0,1,0
36,360014,1,1,0,0,0,1,1,29,1899,6,1,2012,6,3,1,0,6,6,W PLEASANT AVE,,0,42.61991111,-79.08955833,0,42,0,0,1,1,0,4,3,10,0,10,0,0000000,3,1,3,6,88,88,0,0,0,1,0
36,360015,1,1,0,0,0,2,2,59,4600,8,1,2012,1,2,5,0,12,3,SR-907E,,0,40.70595278,-73.45630278,0,42,0,0,1,1,0,4,3,10,0,10,0,0000000,2,5,2,10,2,45,0,0,0,1,1
36,360016,1,1,0,1,1,2,2,61,4170,11,1,2012,4,23,30,1,13,3,SR-907L,,0,99.99990000,999.99990000,0,8,0,0,1,1,0,1,3,2,0,2,0,0000000,99,99,99,99,99,99,0,0,0,1,0
36,360017,3,1,2,0,0,1,1,1,1290,11,1,2012,4,22,21,0,16,5,MARYLAND AVE,,0,42.73932222,-73.86310278,0,14,0,0,1,1,0,4,3,10,0,10,0,0000000,22,21,22,25,88,88,0,0,0,1,1
36,360018,2,2,0,0,0,2,2,103,1650,13,1,2012,6,8,18,0,14,3,SR-27,CROSS HWY,0,40.96763611,-72.16645833,0,12,6,0,2,3,0,1,1,1,0,1,0,0000000,8,18,8,33,8,55,0,0,0,1,0
36,360019,2,2,0,0,0,2,2,37,1790,11,1,2012,4,7,18,0,6,5,MAIN ST,CHAPEL ST,0,43.08118056,-78.18646667,0,12,6,0,2,2,0,1,4,1,0,1,0,0000000,7,19,7,24,8,13,0,0,0,1,0
36,360020,2,2,0,0,0,2,2,107,5172,12,1,2012,5,15,24,0,3,3,SR-79,,0,42.35750556,-76.19666389,0,12,6,0,1,1,0,1,1,10,0,10,0,0000000,15,25,15,37,20,5,0,0,0,1,0
36,360021,1,1,0,1,1,1,1,45,5360,12,1,2012,5,18,16,0,14,3,SR-180,,0,99.99990000,999.99990000,0,8,0,0,1,1,0,1,2,2,0,2,0,0000000,99,99,99,99,99,99,0,0,0,1,0
36,360022,2,2,0,0,0,2,2,29,2485,13,1,2012,6,15,7,0,3,3,SR-75,,0,42.76514167,-78.86449444,0,12,6,0,1,1,0,1,1,4,0,4,0,0000000,15,7,15,12,15,43,0,0,0,1,0
36,360023,2,2,0,0,0,4,4,69,1640,13,1,2012,6,15,54,0,6,5,MAPLE AVE,,0,42.89765556,-77.41745278,0,12,6,0,1,1,0,1,1,4,0,4,0,0000000,15,54,16,0,99,99,0,0,0,2,0
36,360024,2,1,1,0,1,1,2,59,4450,15,1,2012,1,3,37,1,11,1,I-495,,0,99.99990000,999.99990000,0,14,0,0,1,1,0,4,3,1,0,1,0,0000000,3,37,3,49,9,30,0,0,0,1,1
36,360025,1,1,0,0,0,1,1,121,2956,16,1,2012,2,13,31,0,5,6,JAVA LAKE RD,,0,42.64770278,-78.34114722,0,3,0,0,1,1,0,4,1,10,4,4,0,0000000,13,31,13,40,88,88,0,0,0,1,0
36,360026,2,2,0,0,0,2,2,109,4072,13,1,2012,6,17,20,1,2,3,SR-13 ELMIRA RD,,0,42.34629444,-76.62601389,0,12,6,0,1,1,0,1,2,10,0,10,0,0000000,17,23,17,28,99,99,0,0,0,1,0
36,360027,2,2,0,0,0,3,3,7,3453,16,1,2012,2,8,24,0,3,3,SR-38B,,0,42.16003889,-76.08739444,0,12,1,0,1,1,0,1,1,10,0,10,0,0000000,99,99,99,99,99,99,0,0,0,1,0
36,360028,1,1,0,0,0,3,3,27,5110,14,1,2012,7,1,13,1,2,3,SR-9G,,0,42.05900556,-73.89866944,0,42,0,0,1,1,0,4,2,10,0,10,0,0000000,1,14,1,25,88,88,0,0,0,3,1
36,360029,1,1,0,0,0,1,1,67,3500,16,1,2012,2,2,45,0,3,5,POMPEY CENTER RD,,0,42.98544722,-75.95995556,0,59,0,0,1,1,0,4,2,1,0,1,0,0000000,2,54,3,5,88,88,0,0,0,1,0
36,360030,1,1,0,1,1,1,1,81,4170,19,1,2012,5,16,15,0,16,6,WOODHAVEN BLVD,,0,40.70276667,-73.85513611,0,8,0,0,1,1,0,1,1,1,0,1,0,0000000,16,17,16,25,99,99,0,0,0,1,0
36,360031,2,2,0,0,0,1,1,71,1370,16,1,2012,2,20,53,1,2,2,US-9W,,0,41.42130556,-74.02952222,0,12,9,0,1,1,0,1,2,4,0,4,0,0000000,21,0,21,12,22,30,23,0,0,1,0
36,360032,2,2,0,0,0,3,3,89,4240,9,1,2012,2,15,10,1,2,3,SR-56,,0,99.99990000,999.99990000,0,12,6,0,8,1,0,1,1,10,0,10,0,0000000,15,10,15,21,15,36,0,0,0,1,0
36,360033,2,2,0,0,0,2,2,111,4875,18,1,2012,4,19,13,1,2,3,SR-32,,0,41.64140833,-74.11076111,0,12,2,0,1,1,0,1,2,1,0,1,0,0000000,99,99,99,99,99,99,0,0,0,1,1
36,360034,1,1,0,1,1,1,1,47,4170,19,1,2012,5,19,49,0,16,6,60TH ST,NEW UTRECHT AVE,0,40.62765833,-73.99649722,0,8,0,0,2,2,0,1,2,1,0,1,0,0000000,99,99,99,99,99,99,0,0,0,1,0
36,360035,2,2,0,0,0,3,3,119,2555,19,1,2012,5,8,58,1,1,1,I-684,,0,41.03104167,-73.72403056,0,12,6,1,18,1,0,1,2,10,0,10,0,0000000,99,99,99,99,99,99,0,0,0,1,0
36,360036,1,1,0,1,1,1,1,61,4170,20,1,2012,6,14,14,1,13,6,CANAL ST,,0,40.72327778,-73.99546111,0,8,0,0,1,1,0,1,1,1,0,1,0,0000000,99,99,99,99,99,99,0,0,0,1,0
36,360037,2,2,0,0,0,2,2,13,2150,20,1,2012,6,20,40,1,2,3,SR-5 W LAKE RD,,0,42.45777778,-79.39478333,0,12,6,0,4,1,0,1,2,4,0,4,0,0000000,20,41,20,47,21,19,0,0,0,1,0
36,360038,1,1,0,1,1,1,1,59,3470,3,1,2012,3,16,8,0,16,5,JOHNSON AVE,HEMPSTEAD AVE,0,40.67247778,-73.67030833,0,8,0,0,3,1,0,1,5,1,0,1,0,0000000,99,99,99,99,99,99,0,0,0,1,0
36,360039,2,2,0,0,0,3,3,37,534,20,1,2012,6,10,55,1,2,3,SR-63,FARGO RD,0,42.94273333,-78.11139444,0,12,2,0,2,4,0,1,1,1,0,1,0,0000000,10,55,11,3,99,99,0,0,0,1,1
36,360040,1,1,0,0,0,1,1,49,1310,19,1,2012,5,6,48,0,3,3,SR-12D,,0,43.60537222,-75.38820278,0,57,0,0,1,1,0,4,4,1,0,1,0,0000000,6,48,6,53,8,24,0,0,0,1,0
36,360041,2,2,0,0,0,7,7,91,5470,20,1,2012,6,16,15,0,5,5,CORINTH MOUNTAIN RD,,0,43.19544444,-73.75794722,0,12,2,0,1,1,0,1,5,1,0,1,0,0000000,16,15,16,15,18,15,0,0,0,1,0
36,360042,2,2,0,0,0,2,2,29,156,12,1,2012,5,17,2,0,16,6,MILLERSPORT HWY,,0,43.00520833,-78.77265556,0,12,2,0,1,1,0,1,2,2,0,2,0,0000000,17,4,99,99,99,99,0,0,0,1,0
36,360043,2,2,0,0,0,4,4,67,3540,22,1,2012,1,11,23,0,3,3,SR-175,,0,42.95532778,-76.34300556,0,12,6,0,8,1,0,1,1,10,0,10,0,0000000,11,24,11,27,12,10,0,0,0,1,0
36,360044,3,1,2,0,2,1,3,5,4170,23,1,2012,2,11,8,1,2,3,SR-908A,,0,40.84293056,-73.83778611,0,50,0,0,1,1,2,1,1,1,0,1,0,0000000,11,8,11,13,99,99,0,0,0,1,0
36,360045,1,1,0,0,0,1,1,59,4090,24,1,2012,3,8,44,1,13,3,SR-25,S 18TH ST,0,40.73418889,-73.67741667,0,19,0,0,2,3,0,5,1,1,0,1,0,0000000,99,99,99,99,99,99,0,0,0,1,0
36,360046,1,1,0,0,0,1,1,11,310,24,1,2012,3,0,56,0,5,5,LEWIS RD,,0,99.99990000,999.99990000,0,34,0,0,1,1,0,4,2,10,0,10,0,0000000,0,57,1,4,88,88,0,0,0,1,1
36,360047,1,1,0,1,1,1,1,61,4170,21,1,2012,7,4,20,0,16,6,3RD AVE,E 111 ST,0,40.79483056,-73.94229167,0,8,0,0,3,2,0,1,3,4,0,4,0,0000000,4,20,99,99,88,88,0,0,0,1,0
36,360048,1,1,0,1,1,1,1,59,2600,25,1,2012,4,6,25,1,2,3,SR-27 SUNRISE HWY,HEWLETT AVE,0,40.66365,-73.54950556,0,8,0,0,3,2,0,1,4,1,0,1,0,0000000,6,29,99,99,99,99,0,0,0,1,0
36,360049,1,1,0,0,0,2,2,81,4170,26,1,2012,5,4,58,1,2,3,SR-907M SERVICE RD,172ND ST,0,40.71900278,-73.79425278,0,38,0,0,3,1,0,4,3,3,0,3,0,0000000,4,59,99,99,99,99,0,0,0,1,0
36,360050,2,2,0,1,1,2,2,47,4170,26,1,2012,5,22,15,0,13,6,CONEY ISLAND AVE,AVE K,0,40.62233611,-73.96468889,0,8,0,0,3,2,0,1,3,2,0,2,0,0000000,99,99,99,99,99,99,0,0,0,1,0
36,360051,1,1,0,0,0,1,1,75,4540,26,1,2012,5,15,44,0,3,5,W FIFTH ST RD,,0,43.38920833,-76.49565556,0,42,0,0,1,1,0,4,1,4,0,4,0,0000000,15,44,15,55,88,88,0,0,0,1,0
36,360052,1,1,0,1,1,1,1,81,4170,27,1,2012,6,11,51,0,14,6,BROADWAY,,0,40.74755,-73.89350833,0,8,0,0,1,1,0,1,1,2,0,2,0,0000000,99,99,99,99,99,99,0,0,0,1,0
36,360053,1,1,0,1,1,1,1,85,4170,27,1,2012,6,18,54,0,16,6,VICTORY BLVD,LOOP RD,0,40.60880556,-74.15350278,0,8,0,0,2,3,0,1,3,1,0,1,0,0000000,99,99,99,99,99,99,0,0,0,1,0
36,360054,1,1,0,0,0,5,5,29,613,28,1,2012,7,4,10,0,6,5,VERSAILLES PLANK RD,,0,42.54432778,-78.97819444,0,35,0,0,1,1,0,4,2,10,0,10,0,0000000,4,20,4,49,99,99,0,0,0,1,1
36,360055,1,1,0,0,0,1,1,59,1660,28,1,2012,7,15,53,0,16,6,GLEN COVE RD,,0,40.80164722,-73.62408889,0,33,0,0,1,1,0,4,1,1,0,1,0,0000000,99,99,99,99,99,99,0,0,0,1,0
36,360056,1,1,0,0,0,1,1,119,275,28,1,2012,7,9,5,0,16,5,HICKORY PASS,,0,41.17353056,-73.64341389,0,17,0,0,1,1,0,4,1,1,0,1,0,0000000,9,10,9,24,9,52,0,0,0,1,0
36,360057,1,1,0,0,0,2,2,83,5958,30,1,2012,2,15,8,0,5,3,SR-22,,0,99.99990000,999.99990000,0,34,0,0,1,1,0,4,1,10,0,10,0,0000000,15,15,15,25,15,58,0,0,0,1,0
36,360058,2,2,0,0,0,2,2,119,275,28,1,2012,7,10,14,0,2,3,SR-120,AIRPORT RD,0,41.07994167,-73.71666667,0,12,6,1,2,2,0,1,1,1,0,1,0,0000000,10,14,10,19,10,55,0,0,0,1,0
36,360059,1,1,0,0,0,1,1,67,1166,2,2,2012,5,22,46,0,13,5,E TAFT RD,,0,43.12264722,-76.02408056,0,53,0,0,1,1,0,4,2,1,0,1,0,0000000,22,46,22,53,88,88,0,0,0,1,1
36,360060,1,1,0,0,0,1,1,53,6004,2,2,2012,5,14,5,0,4,5,LAKEPORT RD,,0,43.12639444,-75.87186389,0,32,0,0,1,1,0,4,1,10,0,10,0,0000000,14,4,14,10,14,54,0,0,0,1,0
36,360061,1,1,0,0,0,1,1,111,1885,2,2,2012,5,9,15,1,2,3,SR-9W,BURROUGHS DR,0,41.78281667,-73.95971111,0,35,0,0,2,3,0,4,1,10,0,10,0,0000000,9,15,9,24,9,58,0,0,0,1,0
36,360062,1,1,0,0,0,1,1,1,1290,4,2,2012,7,20,25,0,3,4,CR-152,TAPROBANE,0,42.72182778,-73.77141667,0,42,0,0,2,3,0,4,2,1,0,1,0,0000000,20,25,20,32,88,88,0,0,0,1,0
36,360063,1,1,0,0,0,2,2,71,3919,13,2,2012,2,21,33,0,3,3,SR-211,CR-61,0,41.47631389,-74.55418889,0,35,0,0,2,3,0,4,2,1,0,1,0,0000000,21,33,21,37,99,99,0,0,0,1,1
36,360064,1,1,0,1,1,1,1,107,4580,6,2,2012,2,6,6,1,2,3,SR-17,,0,99.99990000,999.99990000,0,9,0,0,1,1,0,1,2,1,0,1,0,0000000,6,19,6,24,99,99,0,0,0,1,0
36,360065,1,1,0,1,1,1,1,103,1050,5,1,2012,5,19,50,0,16,6,MOTOR PKWY,OAKLAND AVE,0,40.80258611,-73.21461667,0,8,0,0,3,3,0,1,3,1,0,1,0,0000000,99,99,99,99,99,99,0,0,0,1,0
36,360066,2,2,0,0,0,2,2,103,5769,6,1,2012,6,17,0,0,16,6,PULASKI RD,CEDAR ST,0,40.88440833,-73.26334167,0,12,6,0,2,3,0,1,5,1,0,1,0,0000000,17,0,17,5,99,99,0,0,0,1,0
36,360067,1,1,0,1,1,1,1,103,620,15,1,2012,1,18,25,0,16,6,YARNELL ST,,0,40.77832778,-73.26099444,0,8,0,0,1,1,0,1,5,10,0,10,0,0000000,18,25,18,35,99,99,0,0,0,1,0
36,360068,3,3,0,1,1,3,3,103,2840,1,1,2012,1,19,35,1,13,3,SR-110,W 21ST ST,0,40.83303611,-73.41108056,0,8,0,0,3,3,0,1,3,2,0,2,0,0000000,99,99,99,99,99,99,0,0,0,1,0
36,360069,1,1,0,0,0,1,1,87,4063,5,2,2012,1,7,48,1,2,3,SR-987C PALISADES PKWY,,198,99.99990000,999.99990000,0,42,0,0,1,1,0,3,1,1,0,1,0,0000000,7,50,7,55,9,30,0,0,0,1,0
36,360070,1,1,0,0,0,1,1,45,720,6,2,2012,2,0,45,0,6,4,CR-53 MILITARY RD,,0,44.05736667,-75.91600833,0,42,0,0,1,1,0,4,2,10,0,10,0,0000000,7,38,7,44,88,88,0,0,0,1,1
36,360071,1,1,0,0,0,1,1,1,50,6,2,2012,2,5,14,1,11,1,I-87,,0,99.99990000,999.99990000,0,42,0,0,5,1,0,8,2,1,0,1,0,0000000,5,16,99,99,88,88,20,0,0,1,0
36,360072,1,1,0,1,1,1,1,81,4170,7,2,2012,3,18,4,0,16,6,21ST AVE,31ST ST,0,40.77796944,-73.90842222,0,8,0,0,2,2,0,1,3,1,0,1,0,0000000,99,99,99,99,99,99,0,0,0,1,1
36,360073,1,1,0,1,1,1,1,63,3220,8,2,2012,4,22,3,0,6,5,MT HOPE RD,,0,43.16272778,-78.93196667,0,8,0,0,1,1,0,1,2,1,0,1,0,0000000,22,3,22,8,22,49,0,0,0,1,0
36,360074,1,1,0,0,0,2,2,69,3490,8,2,2012,4,10,55,1,2,3,SR-21,,0,42.97697778,-77.22660278,0,19,0,0,1,1,0,4,1,1,0,1,0,0000000,11,2,11,12,88,88,0,0,0,2,0
36,360075,1,1,0,1,1,1,1,89,4538,8,2,2012,4,18,31,1,2,3,SR-37,,0,44.68945278,-75.47596667,0,8,0,0,1,1,0,1,2,10,0,10,0,0000000,21,21,21,23,21,35,0,0,0,1,0
36,360076,4,4,0,0,0,4,4,45,4780,6,2,2012,2,16,49,1,2,2,US-11,,0,99.99990000,999.99990000,0,12,2,0,1,1,0,1,1,1,0,1,0,0000000,16,49,16,56,99,99,0,0,0,1,1
36,360077,1,1,0,0,0,1,1,79,900,11,2,2012,7,16,18,0,15,5,LUDINGTONVILLE RD,,0,41.476475,-73.64664167,0,52,0,0,1,1,0,4,1,1,0,1,0,0000000,16,17,16,22,99,99,0,0,0,1,0
36,360078,1,1,0,1,1,1,1,13,2950,8,2,2012,4,16,5,1,13,3,SR-60,12TH ST,0,42.10444167,-79.24133056,0,8,0,0,2,3,0,1,1,10,0,10,0,0000000,16,6,16,8,16,20,0,0,0,1,0
36,360079,2,2,0,0,0,2,2,29,40,8,2,2012,4,22,28,1,1,1,I-90,,0,99.99990000,999.99990000,0,12,1,0,1,1,0,1,2,1,0,1,0,0000000,22,28,22,34,99,99,23,0,0,1,0
36,360080,2,2,0,0,0,6,6,83,6110,7,2,2012,3,17,44,0,16,6,NORTHERN DR,OIL MILL HILL RD,0,42.78711389,-73.65976944,0,12,6,0,2,3,0,1,3,10,0,10,0,0000000,17,46,17,49,18,29,0,0,0,1,0
36,360081,1,1,0,1,1,1,1,27,2870,11,2,2012,7,23,0,0,15,5,CRUM ELBOW RD,,0,41.78643889,-73.89356944,0,8,0,0,1,1,0,2,3,1,0,1,0,0000000,23,6,23,6,88,88,0,0,0,1,1
36,360082,1,1,0,0,0,1,1,65,6270,9,2,2012,5,15,50,0,6,5,BLEEKER RD,,0,99.99990000,999.99990000,0,42,0,0,1,1,0,4,1,1,0,1,0,0000000,15,52,15,59,88,88,0,0,0,1,1
36,360083,2,2,0,0,0,3,3,29,156,11,2,2012,7,15,29,0,16,5,SWEET HOME RD,,0,42.99333611,-78.80259722,0,12,6,0,1,1,0,1,1,10,0,10,0,0000000,15,29,15,34,16,12,0,0,0,1,0
36,360084,1,1,0,0,0,1,1,1,1495,12,2,2012,1,19,1,1,2,2,US-9W,,0,42.54552222,-73.80647222,0,42,0,0,1,1,0,4,2,10,0,10,0,0000000,19,1,19,6,88,88,0,0,0,1,0
36,360085,1,1,0,0,0,3,3,31,6630,13,2,2012,2,6,4,1,1,1,I-87,,1190,99.99990000,999.99990000,0,31,0,0,1,1,0,3,2,10,0,10,0,0000000,6,4,6,23,6,36,0,0,0,1,1
36,360086,1,1,0,1,1,2,2,51,3240,12,2,2012,1,1,45,0,3,3,SR-15A,,0,99.99990000,999.99990000,0,8,0,0,1,1,0,1,2,4,0,4,0,0000000,8,35,8,36,88,88,0,0,0,1,0
36,360087,3,3,0,0,0,4,4,61,4170,12,2,2012,1,2,40,1,2,3,SR-907L FDR DR,,0,40.71772778,-73.97491389,0,12,2,0,1,1,0,1,3,1,0,1,0,0000000,99,99,99,99,99,99,0,0,0,2,1
36,360088,1,1,0,0,0,1,1,45,1077,13,2,2012,2,6,43,0,6,4,CR-163,,0,43.92537778,-75.70517222,0,42,0,0,1,1,0,4,4,10,0,10,0,0000000,6,43,7,5,7,44,0,0,0,1,0
36,360089,1,1,0,1,1,2,2,87,4063,13,2,2012,2,19,11,0,13,3,SR-59,,0,41.09609444,-74.00885278,0,8,0,0,1,1,0,1,3,1,0,1,0,0000000,19,14,19,14,19,32,0,0,0,1,0
36,360090,1,1,0,1,1,1,1,61,4170,13,1,2012,6,14,36,0,16,6,DELANCEY ST,CLINTON ST,0,40.71761111,-73.98578889,0,8,0,0,2,3,0,1,1,10,0,10,0,0000000,99,99,99,99,99,99,0,0,0,1,0
36,360091,1,1,0,0,0,3,3,91,2484,15,2,2012,4,21,18,0,6,5,JOHNSON RD,,0,42.90481944,-73.72670833,0,1,0,0,1,1,0,1,2,1,0,1,0,0000000,21,18,99,99,99,99,0,0,0,1,0
36,360092,1,1,0,1,1,1,1,103,2920,12,1,2012,5,6,40,0,16,5,CARLETON AVE,ACKERMAN ST,0,40.78353333,-73.20039722,0,8,0,0,3,2,0,1,3,2,0,2,0,0000000,99,99,99,99,99,99,0,0,0,1,0
36,360093,2,2,0,0,0,2,2,79,630,16,2,2012,5,11,50,1,2,2,US-6,SR-121,0,41.38621389,-73.58321111,0,12,6,0,2,3,0,1,1,10,0,10,0,0000000,11,50,12,1,12,29,0,0,0,1,0
36,360094,1,1,0,1,1,1,1,47,4170,13,2,2012,2,9,28,0,16,6,FULTON ST,CRESCENT ST,0,40.68363889,-73.87216667,0,8,0,0,2,2,0,1,1,1,0,1,0,0000000,99,99,99,99,99,99,0,0,0,1,0
36,360095,2,2,0,0,0,2,2,103,360,12,1,2012,5,7,35,0,16,5,CONKLIN ST,WALNUT AVE,0,40.73599444,-73.43123333,0,12,2,0,2,3,0,1,4,2,0,2,0,0000000,99,99,99,99,99,99,0,0,0,1,0