STATE,ST_CASE,VE_TOTAL,VE_FORMS,PVH_INVL,PEDS,PERNOTMVIT,PERMVIT,PERSONS,COUNTY,CITY,DAY,MONTH,YEAR,DAY_WEEK,HOUR,MINUTE,NHS,ROAD_FNC,ROUTE,TWAY_ID,TWAY_ID2,MILEPT,LATITUDE,LONGITUD,SP_JUR,HARM_EV,MAN_COLL,RELJCT1,RELJCT2,TYP_INT,WRK_ZONE,REL_ROAD,LGT_COND,WEATHER1,WEATHER2,WEATHER,SCH_BUS,RAIL,NOT_HOUR,NOT_MIN,ARR_HOUR,ARR_MIN,HOSP_HR,HOSP_MN,CF1,CF2,CF3,FATALS,DRUNK_DR
36,360096,2,1,1,0,1,1,2,65,6275,15,2,2012,4,13,45,1,1,1,I-90,,0,99.99990000,999.99990000,0,14,0,0,1,1,0,4,1,10,0,10,0,0000000,13,57,14,5,16,15,0,0,0,1,0
36,360097,1,1,0,0,0,1,1,93,1592,17,2,2012,6,9,25,0,2,3,SR-20,SCHOHARIE TURNPIKE,0,42.75536667,-74.07072222,0,35,0,0,3,2,0,4,1,10,0,10,0,0000000,9,30,9,48,10,55,0,0,0,1,0
36,360098,1,1,0,0,0,1,1,27,2870,17,2,2012,6,16,13,1,2,3,SR-9G,,0,41.84068611,-73.8982,0,42,0,0,1,1,0,4,1,10,0,10,0,0000000,16,13,16,15,16,33,0,0,0,1,0
36,360099,1,1,0,1,1,3,3,119,4700,17,2,2012,6,22,30,1,2,3,SR-6 MAIN ST,,0,41.294425,-73.90475556,0,8,0,0,1,1,0,1,3,10,0,10,0,0000000,22,33,22,38,22,52,0,0,0,1,0
36,360100,1,1,0,0,0,3,3,111,4875,18,2,2012,7,19,8,1,1,1,I-87,,0,99.99990000,999.99990000,0,42,0,0,1,1,0,4,2,2,0,2,0,0000000,19,8,19,40,99,99,0,0,0,1,0
36,360101,2,2,0,0,0,6,6,91,390,18,2,2012,7,23,1,1,2,3,SR-29,MURRAY RD,0,43.06978611,-73.89543333,0,12,2,0,2,4,0,1,2,10,0,10,0,0000000,23,1,23,11,23,25,0,0,0,1,0
36,360102,1,1,0,0,0,1,1,51,3320,19,2,2012,1,11,19,0,6,5,PENNEMITE RD,,0,42.79902778,-77.68721111,0,34,0,0,1,1,0,4,1,10,0,10,0,0000000,11,19,11,23,12,8,0,0,0,1,0
36,360103,1,1,0,1,1,2,2,81,4170,20,2,2012,2,15,41,0,16,6,157TH AVE,CROSSBAY BLVD,0,40.66253611,-73.84056944,0,8,0,0,3,2,0,1,1,1,0,1,0,0000000,99,99,99,99,99,99,0,0,0,1,0
36,360104,1,1,0,0,0,1,1,55,4730,22,2,2012,4,1,57,0,15,5,JACKSON RD,,0,43.191925,-77.44318889,0,53,0,0,1,1,0,4,2,2,0,2,0,0000000,1,59,2,4,88,88,0,0,0,1,1
36,360105,1,1,0,1,1,1,1,61,4170,23,2,2012,5,1,22,1,13,6,W 125TH ST,ST NICHOLOAS AVE,0,40.81076389,-73.95256389,0,8,0,0,3,2,0,1,3,1,0,1,0,0000000,1,18,1,30,2,9,0,0,0,1,0
36,360106,1,1,0,1,1,1,1,59,2280,23,2,2012,5,18,38,0,14,5,GLEN COVE AVE,,0,40.85915556,-73.63448333,0,8,0,0,1,1,0,1,5,1,0,1,0,0000000,99,99,99,99,99,99,0,0,0,1,0
36,360107,1,1,0,0,0,1,1,67,6010,26,2,2012,1,0,22,0,14,2,US-11 BREWERTON RD,BROOKFIELD RD,0,43.09675278,-76.14577222,0,59,0,0,3,7,0,10,3,10,0,10,0,0000000,0,22,0,28,88,88,0,0,0,1,1
36,360108,1,1,0,1,1,1,1,71,3730,24,2,2012,6,9,46,0,16,5,GRAND AVE,WISNER AVE,0,41.45249722,-74.40457778,0,8,0,0,2,3,0,1,1,2,0,2,0,0000000,9,46,9,46,10,8,0,0,0,1,0
36,360109,2,2,0,0,0,2,2,33,4685,23,2,2012,5,16,21,0,3,3,SR-86,,0,44.42672778,-74.17147222,0,12,6,0,1,1,0,1,1,10,0,10,0,0000000,16,26,16,36,17,2,0,0,0,1,0
36,360110,2,2,0,0,0,2,2,83,6807,22,2,2012,4,16,32,0,3,3,SR-136,MEADOW DR,0,42.69116111,-73.67041389,0,12,6,0,2,3,0,1,1,1,0,1,0,0000000,16,34,16,37,16,55,0,0,0,1,0
36,360111,1,1,0,1,1,4,4,1,50,25,2,2012,7,19,35,0,13,5,HENRY JOHNSON BLVD,,0,42.66314167,-73.75921667,0,8,0,0,1,1,0,1,3,10,0,10,0,0000000,19,35,99,99,99,99,0,0,0,1,0
36,360112,1,1,0,1,1,1,1,75,4540,28,2,2012,3,11,58,0,2,3,SR-104,E 7TH ST,0,43.45944167,-76.50143889,0,8,0,0,2,2,0,1,1,1,0,1,0,0000000,11,58,12,0,12,16,0,0,0,1,0
36,360113,1,1,0,1,1,1,1,87,4063,27,2,2012,2,7,9,0,16,6,GRANT AVE S,CONGERS LAKE RD W,0,41.15085,-73.94382778,0,8,0,0,2,2,0,1,1,1,0,1,0,0000000,99,99,99,99,99,99,0,0,0,1,0
36,360115,2,2,0,0,0,2,2,67,1166,28,2,2012,3,6,56,0,13,5,E TAFT RD,TOTMAN RD,0,43.12575,-76.08978056,0,12,1,0,2,3,0,1,1,10,0,10,0,0000000,6,56,7,3,7,46,0,0,0,1,0
36,360116,1,1,0,0,0,1,1,5,4170,29,2,2012,4,2,20,0,13,6,JEROME AVE,E GUN HILL RD,0,40.88271944,-73.88121667,0,30,0,0,2,2,0,4,3,1,0,1,0,0000000,99,99,99,99,99,99,0,0,0,1,0
36,360117,1,1,0,1,1,1,1,73,1176,29,2,2012,4,20,47,0,2,3,SR-31A 4TH SECTION RD,,0,43.192475,-78.06076944,0,8,0,0,1,1,0,1,2,1,0,1,0,0000000,20,52,20,52,88,88,0,0,0,1,0
36,360118,1,1,0,1,1,1,1,81,4170,29,2,2012,4,17,52,0,16,6,UNION TPK,SPRINGFIELD BLVD,0,40.735825,-73.74654444,0,8,0,0,2,2,0,1,3,2,0,2,0,0000000,99,99,99,99,99,99,0,0,0,1,0
36,360119,1,1,0,1,1,1,1,5,4170,29,2,2012,4,13,0,0,13,6,RIVERDALE AVE,W 259TH ST,0,40.90680278,-73.90408611,0,8,0,0,2,2,0,1,1,2,0,2,0,0000000,12,57,13,3,13,22,0,0,0,1,0
36,360120,2,2,0,0,0,7,7,5,4170,29,2,2012,4,13,25,0,13,5,GRAND CONCOURSE,BEDFORD PARK BLVD,0,40.87216111,-73.88773889,0,12,2,0,3,2,0,1,1,2,0,2,0,0000000,99,99,99,99,99,99,0,0,0,1,0
36,360121,1,1,0,1,1,1,1,119,6820,2,3,2012,6,21,29,0,16,5,NEPPERHAN AVE,ELM ST,0,40.93403333,-73.89237222,0,8,0,0,2,2,0,1,3,2,0,2,0,0000000,99,99,99,99,99,99,0,0,0,1,0
36,360122,1,1,0,1,1,1,1,81,4170,18,2,2012,7,21,5,0,16,6,ROCKAWAY BLVD,LEFFERTS BLVD,0,40.67610556,-73.81911667,0,8,0,0,2,2,0,1,3,1,0,1,0,0000000,99,99,99,99,99,99,0,0,0,1,0
36,360123,1,1,0,0,0,5,5,51,1450,3,3,2012,7,2,4,0,6,5,FRONTAGE RD,,0,42.55651944,-77.70801944,0,35,0,0,1,1,0,4,2,10,0,10,0,0000000,2,4,2,22,2,40,0,0,0,1,1
36,360124,1,1,0,1,1,3,3,87,2580,4,3,2012,1,12,37,0,14,5,OAK TREE LN,ROSMAN RD,0,41.20016667,-74.01000833,0,8,0,0,1,1,0,1,1,1,0,1,0,0000000,12,37,12,40,13,9,0,0,0,1,0
36,360125,1,1,0,0,0,3,3,55,5230,5,3,2012,2,11,14,0,14,5,SOUTH AVE,,0,43.11883333,-77.6167,0,42,0,0,1,1,0,4,1,1,0,1,0,0000000,99,99,11,18,11,49,0,0,0,1,0
36,360126,2,1,1,0,0,1,1,59,2600,4,3,2012,1,5,45,0,16,6,MERRICK RD,SOMA AVE,0,40.66129444,-73.539,0,14,0,0,3,3,0,7,3,1,0,1,0,0000000,5,51,5,55,88,88,0,0,0,1,0
36,360127,1,1,0,1,1,1,1,47,4170,4,1,2012,4,19,31,0,13,6,FLATLANDS AVE,,0,40.62456389,-73.93009167,0,8,0,0,1,1,0,1,3,1,0,1,0,0000000,99,99,99,99,99,99,0,0,0,1,0
36,360128,2,2,0,1,1,2,2,47,4170,11,1,2012,4,6,50,0,16,6,BORINQUEN PL,,0,40.71078056,-73.95304722,0,8,0,0,1,1,0,1,4,1,0,1,0,0000000,99,99,99,99,99,99,0,0,0,1,0
36,360129,1,1,0,1,1,1,1,47,4170,14,1,2012,7,17,55,0,16,6,MOTHER GASTON BLVD,BLAKE AVE,0,40.66616389,-73.90594722,0,9,0,0,2,2,0,1,3,1,0,1,0,0000000,99,99,99,99,99,99,0,0,0,1,0
36,360130,1,1,0,1,1,1,1,85,4170,25,1,2012,4,17,45,1,11,1,I-278,,0,99.99990000,999.99990000,0,8,0,0,1,1,0,1,3,1,0,1,0,0000000,17,46,17,51,17,59,0,0,0,1,0
36,360131,2,2,0,0,0,3,3,81,4170,17,1,2012,3,11,50,1,13,6,150TH ST,72ND DR,0,40.72659167,-73.81681944,0,12,2,0,2,2,0,1,1,2,0,2,0,0000000,11,52,12,9,99,99,0,0,0,1,0
36,360132,3,3,0,0,0,3,3,47,4170,5,1,2012,5,20,23,0,16,6,GERRITSEN AVE,AVENUE V,0,40.60009722,-73.93322778,0,12,6,0,2,2,0,1,3,1,0,1,0,0000000,99,99,99,99,99,99,0,0,0,1,0
36,360133,1,1,0,1,1,1,1,85,4170,27,1,2012,6,17,30,0,14,6,LINCOLN AVE,RICHMOND RD,0,40.58123056,-74.11209444,0,8,0,0,3,3,0,1,3,1,0,1,0,0000000,17,31,17,36,17,45,0,0,0,1,0
36,360134,1,1,0,0,0,2,2,117,5790,7,3,2012,4,22,7,0,6,5,HILL RD,,0,43.23691944,-77.08195556,0,34,0,0,1,1,0,4,2,10,0,10,0,0000000,23,34,0,4,1,0,0,0,0,1,0
36,360135,2,2,0,0,0,4,4,79,1280,4,3,2012,1,14,15,1,2,2,US-9,,0,41.36706389,-73.91311389,0,12,7,0,8,1,0,1,1,10,0,10,0,0000000,14,15,14,19,99,99,0,0,0,1,0
36,360136,1,1,0,0,0,1,1,13,2150,7,3,2012,4,23,25,0,6,5,CHAUTAUQUA RD,,0,42.38328889,-79.3767,0,53,0,0,1,1,0,4,2,1,0,1,0,0000000,99,99,99,99,88,88,0,0,0,1,1
36,360137,2,2,0,0,0,5,5,81,4170,4,3,2012,1,4,5,1,13,6,ROCKAWAY BLVD,,0,40.63625833,-73.740225,0,12,1,0,1,1,0,1,2,1,0,1,0,0000000,99,99,99,99,99,99,0,0,0,1,1
36,360138,1,1,0,1,1,2,2,31,3110,9,3,2012,6,18,29,0,3,3,SR-86 SARANAC AVE,,0,44.295425,-74.01063056,0,8,0,0,1,1,0,1,3,4,0,4,0,0000000,18,30,18,38,18,46,0,0,0,1,0
36,360139,1,1,0,0,0,3,3,109,4072,11,3,2012,1,1,43,0,6,5,CONNECTICUT HILL RD,,0,42.37565,-76.64963333,0,43,0,0,1,1,0,4,2,1,0,1,0,0000000,1,52,3,12,88,88,0,0,0,3,1
36,360140,2,2,0,0,0,2,2,71,4060,11,3,2012,1,16,12,0,3,3,SR-32,OLD NORTH PLANK RD,0,41.53716944,-74.04008611,0,12,6,0,2,4,0,1,1,1,0,1,0,0000000,16,12,16,12,16,25,0,0,0,1,1
36,360141,1,1,0,1,1,1,1,81,4170,8,3,2012,5,20,12,0,16,6,149TH ST,45TH AVE,0,40.75605833,-73.81307222,0,8,0,0,2,2,0,1,3,1,0,1,0,0000000,99,99,99,99,99,99,0,0,0,1,0
36,360142,1,1,0,0,0,1,1,81,4170,10,3,2012,7,7,0,0,16,6,CROSS BAY BLVD,,0,40.61790278,-73.82423889,0,33,0,0,1,1,0,10,1,1,0,1,0,0000000,99,99,99,99,99,99,0,0,0,1,0
36,360143,1,1,0,0,0,2,2,105,3850,12,3,2012,2,15,4,1,2,3,SR-17,,0,41.66374444,-74.69518056,0,24,0,0,1,1,0,3,1,1,0,1,0,0000000,15,14,15,22,99,99,0,0,0,1,1
36,360144,1,1,0,1,1,3,3,47,4170,12,3,2012,2,12,33,0,14,6,NEW UTRECHT AVE,12TH AVE,0,40.63599167,-73.99475833,0,8,0,0,3,7,0,1,1,1,0,1,0,0000000,99,99,99,99,99,99,0,0,0,1,0
36,360145,1,1,0,0,0,1,1,13,5710,13,3,2012,3,3,19,0,5,5,DENNISON RD,,0,99.99990000,999.99990000,0,30,0,0,1,1,0,4,2,10,0,10,0,0000000,3,36,3,54,88,88,0,0,0,1,1
36,360146,3,3,0,0,0,4,4,55,2395,13,3,2012,3,6,37,0,15,5,ENGLISH RD,,0,43.23825278,-77.66601944,0,12,8,0,1,1,0,1,3,2,0,2,0,0000000,99,99,99,99,99,99,0,0,0,1,0
36,360147,2,2,0,0,0,2,2,59,1960,12,3,2012,2,23,23,1,13,3,SR-109,NELSON ST,0,40.72573889,-73.43695,0,12,6,0,2,3,0,1,3,10,0,10,0,0000000,23,24,23,30,23,53,0,0,0,2,1
36,360148,1,1,0,0,0,4,4,59,2280,9,2,2012,5,23,26,0,14,5,SEA CLIFF AVE,,0,40.85165833,-73.62433056,0,39,0,0,1,1,0,4,3,1,0,1,0,0000000,99,99,99,99,99,99,0,0,0,1,0
36,360149,2,2,0,1,1,3,3,103,2920,11,2,2012,7,22,45,0,14,5,SUFFOLK AVE,,0,40.78381667,-73.23459444,0,8,0,0,1,1,0,1,3,1,0,1,0,0000000,99,99,99,99,99,99,0,0,0,1,0
36,360150,1,1,0,1,1,1,1,5,4170,11,2,2012,7,21,45,0,16,6,WHITE PLAINS RD,STORY AVE,0,40.82406389,-73.85871389,0,8,0,0,3,2,0,1,3,10,0,10,0,0000000,99,99,99,99,99,99,0,0,0,1,0
36,360151,1,1,0,1,1,1,1,103,1963,13,2,2012,2,18,30,1,13,4,CR-83 N OCEAN AVE,N SERVICE RD I-495,0,40.82421944,-73.02037222,0,8,0,0,2,2,0,1,3,1,0,1,0,0000000,99,99,99,99,99,99,0,0,0,1,0
36,360152,1,1,0,1,1,1,1,103,705,15,2,2012,4,18,45,1,2,3,SR-25 MIDDLE CTY RD,,0,40.87360833,-72.98141667,0,8,0,0,1,1,0,1,1,10,0,10,0,0000000,18,51,18,53,19,17,0,0,0,1,0
36,360153,1,1,0,0,0,1,1,103,705,23,2,2012,5,15,35,1,2,3,SR-27,,0,40.82255556,-72.8142,0,42,0,1,5,1,0,4,1,1,0,1,0,0000000,99,99,99,99,88,88,0,0,0,1,1
36,360154,2,2,0,0,0,2,2,113,5025,13,3,2012,3,12,21,1,1,1,I-87,,0,43.74075556,-73.82431389,0,12,1,0,1,1,0,1,1,1,0,1,0,0000000,12,22,12,28,13,14,0,0,0,1,0
36,360155,1,1,0,1,1,2,2,59,4090,26,2,2012,1,19,15,0,14,5,SHELTER ROCK RD,MOORE ST,0,40.75996111,-73.66343889,0,8,0,0,2,2,0,1,3,1,0,1,0,0000000,99,99,99,99,99,99,0,0,0,1,0
36,360156,1,1,0,1,1,2,2,107,6490,14,3,2012,4,8,17,0,4,5,BROAD ST,PINE ST,0,42.00068056,-76.54696111,0,8,0,0,3,2,0,1,1,1,0,1,0,0000000,8,17,99,99,88,88,0,0,0,1,0
36,360157,2,2,0,0,0,3,3,15,1850,4,3,2012,1,19,38,1,13,3,SR-14,E HUDSON ST,0,42.08406389,-76.80245833,0,12,6,0,2,2,0,1,3,10,0,10,0,0000000,99,99,99,99,99,99,0,0,0,1,0
36,360158,2,2,0,0,0,5,5,71,4060,29,2,2012,4,14,57,0,13,3,SR-32,,0,99.99990000,999.99990000,0,12,6,0,1,1,0,1,1,3,0,3,0,0000000,99,99,99,99,99,99,0,0,0,1,0
36,360159,2,2,0,0,0,3,3,115,9997,22,1,2012,1,19,5,1,2,3,SR-22,,0,99.99990000,999.99990000,0,12,1,0,1,1,0,1,2,1,0,1,0,0000000,19,19,19,19,20,20,0,0,0,1,1
36,360160,1,1,0,0,0,5,5,5,4170,2,2,2012,5,0,6,1,1,1,I-87 MAJOR DEEGAN EXPY,,0,40.84408056,-73.927,0,39,0,0,1,1,0,4,3,1,0,1,0,0000000,99,99,99,99,99,99,0,0,0,3,0
36,360161,1,1,0,0,0,1,1,81,4170,12,2,2012,1,4,0,0,15,5,S CONDUIT BLVD,,0,40.67205556,-73.85418889,0,30,0,0,1,1,0,4,3,1,0,1,0,0000000,4,3,4,9,88,88,0,0,0,1,1
36,360162,3,3,0,0,0,3,3,59,2600,6,1,2012,6,5,55,0,16,6,PENINSULA BLVD,,0,40.68827222,-73.63368333,0,12,6,0,5,1,0,1,3,1,0,1,0,0000000,99,99,99,99,99,99,0,0,0,1,0
36,360163,1,1,0,1,1,1,1,59,2600,14,2,2012,3,20,10,1,2,3,SR-24,STERLING RD,0,40.70855556,-73.71970556,0,8,0,0,3,3,0,1,3,1,0,1,0,0000000,99,99,99,99,99,99,0,0,0,1,0
36,360164,2,1,1,1,1,1,1,67,6010,14,3,2012,4,11,55,0,16,5,E DIVISION ST,,0,43.0632,-76.14896667,0,14,0,0,1,1,0,7,1,1,0,1,0,0000000,11,57,12,0,12,19,0,0,0,1,1
36,360165,1,1,0,0,0,1,1,23,6125,15,3,2012,5,16,45,0,5,3,SR-91,,0,42.71779722,-76.024375,0,35,0,0,1,1,0,4,1,10,0,10,0,0000000,16,46,16,56,88,88,0,0,0,1,1
36,360166,1,1,0,1,1,1,1,81,4170,22,2,2012,4,8,13,1,13,3,SR-25A,UNION ST,0,40.76401389,-73.82816944,0,8,0,0,2,2,0,1,1,1,0,1,0,0000000,99,99,99,99,88,88,0,0,0,1,0
36,360167,2,2,0,1,1,1,1,103,705,14,3,2012,4,17,48,1,1,1,I-495,,0,40.82373889,-73.01022222,0,12,6,0,1,1,0,1,1,1,0,1,0,0000000,17,48,18,2,18,25,23,0,0,1,0
36,360168,2,2,0,0,0,2,2,59,2600,16,3,2012,6,17,32,0,13,3,SR-106,,0,40.69899722,-73.54459444,0,12,2,0,1,1,0,1,1,10,0,10,0,0000000,99,99,99,99,99,99,0,0,0,1,0
36,360169,1,1,0,0,0,1,1,29,750,17,3,2012,7,15,0,0,14,5,S PARK AVE,,0,42.86014722,-78.83845556,0,30,0,0,1,1,0,4,1,1,0,1,0,0000000,15,3,15,5,88,88,0,0,0,1,1
36,360170,1,1,0,1,1,1,1,91,5470,1,1,2012,1,21,15,0,13,3,SR-9,,0,43.04074444,-73.79041111,0,8,0,0,1,1,0,1,2,2,10,2,0,0000000,99,99,99,99,88,88,0,0,0,1,0
36,360171,1,1,0,0,0,2,2,103,705,11,2,2012,7,1,26,0,6,6,CAROLINE AVE,OAKES ST,0,40.94295,-73.07219167,0,39,0,0,3,3,0,4,3,2,10,2,0,0000000,1,26,1,28,99,99,0,0,0,1,1
36,360172,2,2,0,0,0,2,2,59,4450,17,3,2012,7,13,59,1,13,3,SR-25,,0,40.76401111,-73.59901111,0,12,6,0,8,1,0,1,1,1,0,1,0,0000000,99,99,99,99,14,19,0,0,0,1,0
36,360173,1,1,0,0,0,1,1,19,5459,17,3,2012,7,16,20,1,2,3,SR-3,CRINGLE RD,0,44.66626111,-73.71451667,0,38,0,0,3,3,0,4,1,1,0,1,0,0000000,16,20,16,25,16,57,0,0,0,1,0
36,360174,2,2,0,0,0,3,3,75,6628,18,3,2012,1,14,3,0,3,3,SR-49,WHIG HILL RD,0,43.283625,-76.07984722,0,12,6,0,2,2,0,1,1,1,0,1,0,0000000,14,3,14,9,88,88,0,0,0,2,0
36,360175,1,1,0,0,0,1,1,105,1954,18,3,2012,1,23,26,0,6,5,MURPHY RD,,0,99.99990000,999.99990000,0,38,0,0,1,1,0,4,2,1,0,1,0,0000000,23,35,23,50,88,88,0,0,0,1,0
36,360176,1,1,0,1,1,1,1,59,2600,18,3,2012,1,19,29,0,16,6,FRONT ST,,0,40.70895,-73.61129722,0,8,0,0,1,1,0,1,5,1,0,1,0,0000000,19,30,19,33,19,40,0,0,0,1,1
36,360177,2,2,0,0,0,4,4,121,6400,18,3,2012,1,15,50,0,2,3,SR-20A,HERMITAGE RD,0,42.74018611,-78.19655278,0,12,6,0,2,2,0,1,1,2,0,2,0,0000000,16,53,17,0,99,99,0,0,0,1,0
36,360178,1,1,0,0,0,2,2,105,3230,18,3,2012,1,1,22,1,2,3,SR-17,,0,99.99990000,999.99990000,0,21,0,0,1,1,0,3,2,1,0,1,0,0000000,1,24,1,30,1,46,0,0,0,1,1
36,360179,1,1,0,0,0,1,1,31,3000,19,3,2012,2,15,59,0,6,4,CR-16,,0,44.49637778,-73.45825833,0,35,0,0,1,1,0,4,1,1,0,1,0,0000000,99,99,99,99,88,88,0,0,0,1,1
36,360180,1,1,0,0,0,1,1,103,705,22,3,2012,5,22,24,1,2,3,SR-27,,0,99.99990000,999.99990000,0,42,0,0,1,1,0,4,2,1,0,1,0,0000000,22,26,22,33,22,48,0,0,0,1,1
36,360181,1,1,0,1,1,1,1,61,4170,22,3,2012,5,23,44,0,16,6,E 23RD ST,,0,40.74122222,-73.98883611,0,8,0,0,1,1,0,1,3,1,0,1,0,0000000,99,99,99,99,88,88,0,0,0,1,0
36,360182,2,2,0,0,0,6,6,45,1900,18,3,2012,1,18,34,1,2,3,SR-3,,0,43.99438611,-75.82850556,0,12,2,0,1,1,0,4,1,1,0,1,0,0000000,18,35,18,39,99,99,0,0,0,1,0
36,360183,2,1,1,0,1,1,2,81,4170,15,3,2012,5,2,47,1,11,1,I-278,,0,99.99990000,999.99990000,0,45,0,1,5,1,1,1,3,1,0,1,0,0000000,99,99,99,99,99,99,0,0,0,1,1
36,360184,1,1,0,1,1,1,1,119,4700,23,3,2012,6,20,10,0,14,5,N DIVISION ST,,0,41.30631389,-73.91253056,0,8,0,0,1,1,0,1,3,10,0,10,0,0000000,20,10,20,13,20,55,0,0,0,1,0
36,360185,2,2,0,0,0,2,2,31,1425,21,3,2012,4,20,6,0,3,5,BRIDGE RD,,0,99.99990000,999.99990000,0,12,2,0,1,1,0,1,2,1,0,1,0,0000000,20,6,20,19,21,18,0,0,0,1,1
36,360186,1,1,0,0,0,1,1,71,6410,25,3,2012,1,3,30,0,3,3,SR-94,,0,41.23788611,-74.40660833,0,42,0,0,1,1,0,4,2,10,0,10,0,0000000,3,3,3,3,88,88,0,0,0,1,1
36,360187,1,1,0,1,1,1,1,13,5710,26,3,2012,2,8,55,0,6,5,BUFFALO RD,,0,99.99990000,999.99990000,0,8,0,0,1,1,0,1,1,1,0,1,0,0000000,8,58,9,6,9,20,0,0,0,1,0
36,360188,2,2,0,0,0,3,3,71,6163,23,3,2012,6,16,14,0,3,3,SR-17A,,0,41.24895833,-74.23601944,0,12,2,0,1,1,0,1,1,10,0,10,0,0000000,99,99,16,16,17,17,0,0,0,1,0
36,360189,1,1,0,0,0,1,1,79,9997,26,3,2012,2,9,30,1,2,3,SR-987G TACONIC ST PKWY,,0,99.99990000,999.99990000,0,35,0,0,1,1,0,3,1,1,0,1,0,0000000,9,35,9,40,11,12,0,0,0,1,0
36,360190,2,2,0,0,0,2,2,79,630,26,3,2012,2,8,5,1,2,2,US-202,,0,41.37325556,-73.6367,0,12,2,0,1,1,0,1,1,1,0,1,0,0000000,8,8,8,10,99,99,0,0,0,1,0
36,360191,1,1,0,0,0,1,1,1,3066,15,2,2012,4,4,12,0,2,3,SR-146,,0,42.69708889,-74.15799167,0,42,0,0,1,1,0,4,2,1,0,1,0,0000000,7,7,99,99,88,88,0,0,0,1,1
36,360192,2,2,0,1,1,2,2,47,4170,14,2,2012,3,18,10,1,13,6,FLATBUSH AVE,E 26TH ST,0,40.63697778,-73.95203333,0,8,0,0,3,3,0,1,2,1,0,1,0,0000000,99,99,99,99,99,99,0,0,0,1,0
36,360193,1,1,0,0,0,1,1,55,680,26,3,2012,2,0,9,0,6,5,COLBY ST,,0,43.17993611,-77.89138889,0,52,0,0,1,1,0,4,2,1,0,1,0,0000000,0,9,0,22,88,88,0,0,0,1,1
36,360194,1,1,0,1,1,1,1,59,2600,27,3,2012,3,21,20,0,16,5,FRANKLIN AVE,1ST AVE,0,40.69476944,-73.68281111,0,8,0,0,2,3,0,1,3,1,0,1,0,0000000,21,22,21,24,99,99,0,0,0,1,0
36,360195,1,1,0,1,1,1,1,5,4170,27,3,2012,3,16,39,0,16,6,TAYLOR AVE,,0,99.99990000,999.99990000,0,8,0,0,1,1,0,1,1,1,0,1,0,0000000,16,39,16,45,17,6,0,0,0,1,0
36,360196,1,1,0,0,0,1,1,3,510,28,3,2012,4,1,33,0,6,5,BACK RIVER RD,,0,99.99990000,999.99990000,0,42,0,0,1,1,0,4,2,1,0,1,0,0000000,1,33,1,44,2,40,0,0,0,1,1
36,360197,1,1,0,0,0,1,1,113,601,31,3,2012,7,7,0,0,6,5,PADANARUM RD,,0,43.62848333,-73.65820278,0,17,0,0,1,1,0,4,2,4,0,4,0,0000000,7,19,7,53,88,88,0,0,0,1,1
36,360198,1,1,0,0,0,1,1,5,4170,1,4,2012,1,19,30,1,2,3,SR-908A,,0,99.99990000,999.99990000,0,33,0,0,1,1,0,4,3,2,0,2,0,0000000,99,99,99,99,99,99,0,0,0,1,0
36,360199,2,2,0,0,0,3,3,119,1379,2,2,2012,5,15,20,1,2,3,SR-6 E MAIN ST,,0,41.31093056,-73.87220556,0,12,6,0,4,1,0,1,1,1,0,1,0,0000000,15,22,15,26,15,34,0,0,0,1,0
36,360200,1,1,0,0,0,1,1,103,5870,1,4,2012,1,15,55,0,16,5,PECONIC BAY BLVD,MESROBIAN DR,0,99.99990000,999.99990000,0,42,0,0,3,3,0,4,1,1,0,1,0,0000000,99,99,99,99,99,99,0,0,0,1,0
36,360201,1,1,0,0,0,1,1,59,4600,2,4,2012,2,18,0,0,16,5,HAYPATH RD,COLONIAL RD,0,40.76155278,-73.46806111,0,59,0,0,3,2,0,4,1,1,0,1,0,0000000,99,99,99,99,99,99,0,0,0,1,0
36,360202,2,2,0,0,0,2,2,55,1160,2,4,2012,2,5,53,0,16,5,SCOTTSVILLE RD,,0,43.09326944,-77.68116667,0,12,2,0,1,1,0,1,2,1,0,1,0,0000000,6,3,6,5,6,24,0,0,0,1,0
36,360203,1,1,0,1,1,1,1,59,5250,2,4,2012,2,19,6,1,2,3,SR-27 SUNRISE HWY,N PARK AVE,0,40.65746944,-73.64512778,0,8,0,0,3,2,0,1,1,1,0,1,0,0000000,99,99,99,99,99,99,0,0,0,1,0
36,360204,1,1,0,1,1,1,1,59,4090,2,4,2012,2,20,0,0,13,6,OLD COUNTRY RD,,0,40.7455,-73.601925,0,8,0,0,1,1,0,1,3,10,0,10,0,0000000,20,2,20,3,20,8,0,0,0,1,0
36,360205,1,1,0,0,0,5,5,109,1590,3,4,2012,3,22,15,0,6,5,PINCKNEY RD,,0,42.47836944,-76.40641111,0,34,0,0,1,1,0,4,1,10,0,10,0,0000000,22,20,22,22,99,99,0,0,0,1,0
36,360206,2,2,0,0,0,2,2,5,4170,29,3,2012,5,2,34,1,11,1,I-95,,0,99.99990000,999.99990000,0,12,2,1,5,1,0,1,3,10,0,10,0,0000000,99,99,99,99,88,88,0,0,0,1,1
36,360207,2,2,0,0,0,3,3,13,4987,2,4,2012,2,15,8,1,2,3,SR-20,,0,42.40171944,-79.41183889,0,12,6,0,8,1,0,1,1,1,0,1,0,0000000,15,15,15,15,99,99,0,0,0,1,0
36,360208,2,2,0,0,0,2,2,75,2200,2,4,2012,2,19,49,0,16,5,W 2ND,PINE ST,0,43.31364167,-76.41820556,0,33,0,0,2,2,0,4,5,1,0,1,0,0000000,99,99,99,99,99,99,0,0,0,1,0