STATE,ST_CASE,VE_TOTAL,VE_FORMS,PVH_INVL,PEDS,PERNOTMVIT,PERMVIT,PERSONS,COUNTY,CITY,DAY,MONTH,YEAR,DAY_WEEK,HOUR,MINUTE,NHS,ROAD_FNC,ROUTE,TWAY_ID,TWAY_ID2,MILEPT,LATITUDE,LONGITUD,SP_JUR,HARM_EV,MAN_COLL,RELJCT1,RELJCT2,TYP_INT,WRK_ZONE,REL_ROAD,LGT_COND,WEATHER1,WEATHER2,WEATHER,SCH_BUS,RAIL,NOT_HOUR,NOT_MIN,ARR_HOUR,ARR_MIN,HOSP_HR,HOSP_MN,CF1,CF2,CF3,FATALS,DRUNK_DR
36,360209,2,2,0,0,0,2,2,29,2485,3,4,2012,3,19,55,1,2,3,SR-20,,0,42.70053056,-78.93007222,0,12,2,0,1,1,0,1,5,10,0,10,0,0000000,99,99,99,99,99,99,0,0,0,1,0
36,360210,2,2,0,0,0,2,2,71,2690,3,4,2012,3,7,10,1,2,3,SR-9W,,0,99.99990000,999.99990000,0,12,6,0,1,1,0,1,1,1,0,1,0,0000000,7,12,7,20,7,34,0,0,0,1,0
36,360211,1,1,0,1,1,1,1,103,360,4,4,2012,4,0,37,1,2,3,SR-27,,0,40.71358611,-73.34071389,0,8,0,0,1,1,0,1,2,10,0,10,0,0000000,99,99,99,99,99,99,0,0,0,1,0
36,360212,1,1,0,1,1,2,2,59,2600,4,4,2012,4,21,15,1,2,3,SR-24,,0,40.72476111,-73.52877778,0,8,0,0,1,1,0,1,3,1,0,1,0,0000000,21,17,21,29,21,30,0,0,0,1,0
36,360213,2,2,0,0,0,2,2,65,6308,3,4,2012,3,15,35,0,3,3,SR-13,MILL POND WAY,0,43.270575,-75.69528611,0,12,6,0,2,3,0,1,1,1,0,1,0,0000000,15,36,15,42,18,18,0,0,0,1,0
36,360214,1,1,0,0,0,1,1,89,4180,4,4,2012,4,15,59,0,6,4,CR-60,,0,99.99990000,999.99990000,0,1,0,0,1,1,0,4,1,2,0,2,0,0000000,15,59,16,10,88,88,0,0,0,1,0
36,360215,1,1,0,1,1,2,2,43,2610,6,4,2012,6,20,0,0,3,3,SR-5S,KANZOG RD,0,43.01343056,-74.93269167,0,8,0,0,2,4,0,1,2,10,0,10,0,0000000,20,3,20,12,23,0,0,0,0,1,0
36,360216,1,1,0,0,0,1,1,81,4170,5,4,2012,5,11,49,0,16,6,75TH ST,95TH AVE,0,40.68246944,-73.86366667,0,33,0,0,3,2,0,4,1,1,0,1,0,0000000,11,49,11,57,12,6,0,0,0,1,0
36,360217,1,1,0,1,1,1,1,47,4170,5,3,2012,2,8,0,0,16,6,77TH ST,,0,40.60730556,-73.989,0,8,0,0,1,1,0,1,1,1,0,1,0,0000000,99,99,99,99,99,99,0,0,0,1,0
36,360218,2,2,0,0,0,4,4,85,4170,17,3,2012,7,9,40,0,16,6,VAN PELT AVE,NETHERLAND AVE,0,40.62866389,-74.15550556,0,12,6,1,2,2,0,1,1,1,0,1,0,0000000,99,99,99,99,99,99,0,0,0,1,0
36,360219,4,4,0,0,0,4,4,47,4170,5,1,2012,5,21,26,0,16,6,EASTERN PKWY,NOSTRAND AVE,0,40.66985278,-73.95050833,0,12,7,0,2,2,0,1,3,1,0,1,0,0000000,99,99,99,99,99,99,0,0,0,1,0
36,360220,4,1,3,1,1,1,1,47,4170,21,3,2012,4,16,23,0,16,6,18TH AVE,73RD ST,0,40.61445556,-73.99488056,0,9,0,0,3,2,0,1,1,1,0,1,0,0000000,99,99,99,99,99,99,0,0,0,1,0
36,360221,2,2,0,0,0,3,3,29,750,7,4,2012,7,16,23,0,16,6,GENESEE ST,JOHNSON ST,0,42.89854444,-78.84833611,0,12,98,0,2,2,0,1,1,1,0,1,0,0000000,16,24,16,30,88,88,0,0,0,1,0
36,360222,1,1,0,1,1,1,1,85,4170,5,4,2012,5,22,5,0,16,6,CARY AVE,ELIZABETH ST,0,40.63296667,-74.11411944,0,8,0,0,3,2,0,1,2,1,0,1,0,0000000,99,99,99,99,99,99,0,0,0,1,1
36,360223,1,1,0,0,0,1,1,91,1209,7,4,2012,7,3,24,0,16,5,GROOMS RD,LAPP RD,0,42.83919444,-73.77655278,0,42,0,0,3,3,0,4,3,1,0,1,0,0000000,3,24,3,30,4,24,0,0,0,1,1
36,360224,2,2,0,0,0,4,4,103,5210,7,4,2012,7,19,57,0,2,4,CR-58 OLD COUNTRY RD,,0,40.93537778,-72.66093333,0,12,2,0,1,1,0,1,5,1,0,1,0,0000000,99,99,20,20,99,99,0,0,0,1,1
36,360225,1,1,0,0,0,1,1,103,2840,26,2,2012,1,4,15,0,6,5,SWEET HOLLOW RD,,0,40.81396667,-73.42663333,0,42,0,0,1,1,0,4,2,1,0,1,0,0000000,99,99,99,99,99,99,0,0,0,1,1
36,360226,1,1,0,0,0,4,4,109,2940,8,4,2012,1,3,54,0,16,5,N FULTON ST,CASCADILLA ST,0,42.44423889,-76.51013889,0,59,0,0,2,2,0,4,3,10,0,10,0,0000000,3,3,3,3,7,7,0,0,0,2,1
36,360227,4,2,2,0,0,4,4,103,705,14,3,2012,4,17,54,1,13,3,SR-347,,0,40.92341111,-73.04943611,0,12,6,0,4,1,0,4,1,1,0,1,0,0000000,99,99,99,99,99,99,0,0,0,1,0
36,360228,2,1,1,0,1,1,2,71,4130,9,4,2012,2,10,21,1,1,1,I-87,,563,99.99990000,999.99990000,0,14,0,0,1,1,0,2,1,1,0,1,0,0000000,10,21,10,29,11,33,23,0,0,1,0
36,360229,1,1,0,0,0,1,1,119,472,11,4,2012,4,3,22,1,1,1,I-684,,140,99.99990000,999.99990000,0,24,0,0,1,1,0,3,2,1,0,1,0,0000000,3,23,3,25,88,88,0,0,0,1,0
36,360230,1,1,0,1,1,1,1,103,2920,13,3,2012,3,6,50,0,16,6,LOWELL AVE,,0,40.79025833,-73.19204167,0,8,0,0,8,1,0,1,1,2,0,2,0,0000000,99,99,99,99,99,99,0,0,0,1,0
36,360231,1,1,0,0,0,1,1,59,2600,11,4,2012,4,0,33,1,2,3,SR-908M,,0,40.68396389,-73.64424444,0,42,0,0,1,1,0,4,3,10,0,10,0,0000000,0,34,0,41,88,88,0,0,0,1,0
36,360232,1,1,0,1,1,1,1,85,4170,12,2,2012,1,21,13,0,14,6,HOWARD AVE,,0,40.61441111,-74.09713056,0,9,0,0,1,1,0,1,2,1,0,1,0,0000000,99,99,99,99,99,99,0,0,0,1,0
36,360233,1,1,0,1,1,1,1,5,4170,11,4,2012,4,19,5,0,16,6,WILLIAMSBRIDGE RD,,0,40.8616,-73.85759167,0,9,0,0,1,1,0,1,5,1,0,1,0,0000000,19,5,19,14,99,99,0,0,0,1,0
36,360234,1,1,0,1,1,1,1,93,5550,13,3,2012,3,17,14,0,16,5,SEWARD PL,SOUTH AVE,0,42.81659444,-73.93371667,0,8,0,0,2,3,0,1,1,1,0,1,0,0000000,17,17,17,17,18,18,0,0,0,1,0
36,360235,2,2,0,0,0,5,5,63,3340,13,4,2012,6,21,16,0,3,3,SR-31,,0,43.14453889,-78.77731111,0,12,2,0,1,1,0,1,2,10,0,10,0,0000000,21,16,21,16,22,13,0,0,0,1,1
36,360236,1,1,0,0,0,3,3,119,4700,13,4,2012,6,10,13,0,14,5,N DIVISION ST,MAIN ST,0,41.29170833,-73.919775,0,5,0,0,2,2,0,1,1,1,0,1,0,0000000,99,99,99,99,99,99,0,0,0,1,0
36,360237,1,1,0,0,0,1,1,103,360,13,4,2012,6,19,3,0,16,5,OCEAN PKWY,,0,40.627125,-73.36664444,0,59,0,0,1,1,0,4,1,1,0,1,0,0000000,19,19,19,30,88,88,0,0,0,1,0
36,360238,1,1,0,1,1,2,2,5,4170,14,3,2012,4,17,56,0,13,5,UNIVERSITY AVE,W 190TH ST,0,40.86531944,-73.90328056,0,8,0,0,2,2,0,1,5,1,0,1,0,0000000,17,54,17,58,19,6,0,0,0,1,0
36,360239,1,1,0,0,0,2,2,63,3340,15,4,2012,1,5,44,0,3,3,SR-31,OLD SHAWNEE RD,0,43.14368889,-78.8389,0,34,0,0,2,3,0,4,2,10,0,10,0,0000000,5,47,5,53,6,18,0,0,0,1,0
36,360240,1,1,0,0,0,3,3,61,4170,1,3,2012,5,2,31,1,2,3,SR-907V,,0,40.79601667,-73.97633889,0,25,0,0,1,1,0,4,3,2,0,2,0,0000000,99,99,99,99,99,99,0,0,0,1,0
36,360241,1,1,0,0,0,1,1,123,614,15,4,2012,1,17,38,0,5,4,CR-29 GUYANOGA RD,,0,42.65330833,-77.16019722,0,42,0,0,1,1,0,4,1,1,0,1,0,0000000,99,99,99,99,18,18,0,0,0,1,1
36,360242,1,1,0,1,1,1,1,61,4170,15,4,2012,1,20,30,0,16,6,ADAM CLAYTON POWELL JR. BLVD,W 146TH ST,0,40.82231111,-73.93850833,0,8,0,0,2,2,0,1,3,1,0,1,0,0000000,99,99,99,99,99,99,0,0,0,1,1
36,360243,4,4,0,0,0,7,7,91,2484,15,4,2012,1,11,2,1,2,3,SR-9,,0,42.85963056,-73.76470556,0,12,6,0,8,1,0,1,1,10,0,10,0,0000000,11,11,99,99,99,99,0,0,0,1,0
36,360244,1,1,0,1,1,1,1,47,4170,7,3,2012,4,18,24,0,16,6,WORTMAN AVE,BARBEY ST,0,40.658625,-73.880975,0,8,0,0,2,3,0,1,3,1,0,1,0,0000000,99,99,99,99,99,99,0,0,0,1,1
36,360245,1,1,0,0,0,1,1,43,2880,16,4,2012,2,17,22,0,3,3,SR-28,,0,42.92164167,-75.00213611,0,52,0,0,1,1,0,4,1,1,0,1,0,0000000,17,23,17,24,17,54,0,0,0,1,0
36,360246,2,2,0,0,0,4,4,69,4770,16,4,2012,2,10,8,0,3,4,CR-6,CRESS RD,0,42.96152778,-77.01343889,0,12,6,0,2,3,0,1,1,1,0,1,0,0000000,10,10,10,10,11,21,0,0,0,3,0
36,360247,2,2,0,0,0,2,2,37,530,16,4,2012,2,12,0,0,5,5,N LAKE RD,,0,43.10562778,-77.93308611,0,12,6,0,1,1,0,1,1,1,0,1,0,0000000,12,12,99,99,99,99,0,0,0,1,0
36,360248,1,1,0,0,0,1,1,69,5949,17,4,2012,3,15,20,0,6,5,FLAT ST,SR-14A,0,42.80049722,-77.05895,0,34,0,0,3,4,0,4,1,1,0,1,0,0000000,99,99,99,99,99,99,0,0,0,1,0
36,360249,1,1,0,0,0,1,1,11,2261,22,4,2012,1,1,9,0,3,3,SR-90,,0,42.66678056,-76.56673611,0,34,0,0,1,1,0,4,2,10,0,10,0,0000000,99,99,99,99,88,88,0,0,0,1,1
36,360250,1,1,0,1,1,1,1,5,4170,18,4,2012,4,5,22,1,1,1,I-278 BRUCKNER EXPY,,0,40.82634167,-73.857075,0,8,0,0,1,1,0,1,4,1,0,1,0,0000000,99,99,99,99,99,99,0,0,0,1,0
36,360251,1,1,0,0,0,1,1,87,4063,22,4,2012,1,22,4,1,2,3,SR-987C,,0,41.09010278,-73.99063889,0,42,0,1,18,1,0,3,2,2,0,2,0,0000000,22,10,22,16,22,46,0,0,0,1,0
36,360252,2,2,0,0,0,2,2,71,2695,21,4,2012,7,4,48,0,3,3,SR-32,,0,41.35004167,-74.12417222,0,12,6,0,1,1,0,1,3,10,0,10,0,0000000,4,48,4,58,88,88,0,0,0,1,1
36,360253,1,1,0,1,1,2,2,119,4120,10,1,2012,3,20,53,0,16,5,MEMORIAL HWY,,0,40.91285833,-73.78641389,0,8,0,0,1,1,0,1,3,1,0,1,0,0000000,99,99,99,99,99,99,0,0,0,1,0
36,360254,2,2,0,0,0,2,2,37,410,22,4,2012,1,6,46,1,2,3,SR-63,,0,43.02986944,-78.23219722,0,12,2,0,1,1,0,1,1,2,0,2,0,0000000,99,99,99,99,88,88,0,0,0,2,1
36,360255,1,1,0,0,0,2,2,83,940,23,4,2012,2,4,59,0,6,5,RIVER RD,,0,42.55128333,-73.747225,0,42,0,0,1,1,0,4,2,2,0,2,0,0000000,5,4,5,13,99,99,0,0,0,1,1
36,360256,2,2,0,0,0,3,3,29,1117,20,4,2012,6,1,32,0,13,6,WALDEN AVE,,0,42.90765278,-78.77584444,0,12,6,0,8,1,0,3,3,10,0,10,0,0000000,99,99,99,99,99,99,0,0,0,2,1
36,360257,2,2,0,0,0,2,2,13,1120,23,4,2012,2,7,12,0,5,4,CR-85 FARRINGTON HOLLOW RD,,0,42.33368333,-79.16768889,0,12,6,0,1,1,0,1,4,2,0,2,0,0000000,99,99,99,99,99,99,0,0,0,1,0
36,360258,1,1,0,1,1,1,1,61,4170,23,4,2012,2,18,58,0,16,6,WOODHAVEN BLVD,JAMAICA AVE,0,40.69352778,-73.85215833,0,8,0,0,3,2,0,1,3,10,0,10,0,0000000,18,58,19,0,99,99,0,0,0,1,1
36,360259,1,1,0,0,0,2,2,29,750,24,4,2012,3,1,21,0,16,5,CAMBRIDGE AVE,,0,42.91737222,-78.82264722,0,42,0,0,1,1,0,4,3,3,0,3,0,0000000,99,99,99,99,99,99,0,0,0,1,0
36,360260,2,2,0,0,0,3,3,99,6440,24,4,2012,3,7,27,0,6,5,BREWER RD,HECKER RD,0,42.91094167,-76.90636389,0,12,6,0,2,2,0,1,1,10,0,10,0,0000000,7,27,7,29,99,99,0,0,0,1,0
36,360261,1,1,0,0,0,2,2,59,4090,27,4,2012,6,13,9,0,14,5,COVERT AVE,,0,40.72842778,-73.687025,0,42,0,0,1,1,0,4,1,1,0,1,0,0000000,13,13,99,99,99,99,0,0,0,1,0
36,360262,2,2,0,0,0,2,2,117,5790,27,4,2012,6,6,50,1,2,3,SR-104,,0,43.20892222,-76.991425,0,12,2,0,1,1,0,1,1,10,0,10,0,0000000,7,7,8,8,9,9,0,0,0,1,0
36,360263,1,1,0,0,0,2,2,107,5172,29,4,2012,1,15,43,0,3,3,SR-79,,0,42.37868611,-76.27054167,0,53,0,0,1,1,0,4,1,1,0,1,0,0000000,15,45,16,5,99,99,0,0,0,1,1
36,360264,1,1,0,1,1,1,1,61,4170,29,4,2012,1,4,35,0,16,6,6TH AVE,WATTS ST,0,40.72365556,-74.00478333,0,8,0,0,2,2,0,1,3,1,0,1,0,0000000,4,35,4,42,99,99,0,0,0,1,0
36,360265,3,3,0,0,0,4,4,87,4063,28,4,2012,7,16,30,0,13,3,SR-303,,0,41.11549722,-73.94208611,0,12,1,0,1,1,0,1,1,1,0,1,0,0000000,99,99,99,99,17,17,0,0,0,1,0
36,360266,1,1,0,0,0,2,2,49,2560,29,4,2012,1,20,51,0,6,5,S CREEK RD,,0,44.13046944,-75.31790278,0,39,0,0,1,1,0,4,2,1,0,1,0,0000000,20,51,21,10,99,99,0,0,0,1,1
36,360267,1,1,0,0,0,7,7,5,4170,29,4,2012,1,12,29,1,2,3,SR-907H BRONX RIVER EXPY,,0,40.84374444,-73.87186111,0,25,0,1,18,1,0,4,1,1,0,1,0,0000000,12,29,12,40,88,88,0,0,0,7,0
36,360268,1,1,0,0,0,1,1,99,5630,11,3,2012,1,3,49,0,6,5,GRAVEL RD,,0,42.946525,-76.79398056,0,1,0,0,1,1,0,4,2,1,0,1,0,0000000,4,4,99,99,88,88,0,0,0,1,1
36,360269,1,1,0,1,1,3,3,47,4170,29,4,2012,1,2,45,1,13,6,KINGS HWY,E 92ND ST,0,40.65986667,-73.92000556,0,9,0,0,2,2,0,1,3,1,0,1,0,0000000,99,99,99,99,99,99,0,0,0,1,0
36,360270,1,1,0,0,0,1,1,55,1930,30,4,2012,2,16,13,0,6,5,DALEY RD,,0,43.044225,-77.39149167,0,1,0,0,1,1,0,4,1,10,0,10,0,0000000,16,13,16,22,88,88,0,0,0,1,1
36,360271,2,2,0,0,0,2,2,75,4800,29,4,2012,1,17,39,0,3,4,CR-57,,0,43.20983056,-76.28101389,0,12,6,0,8,1,0,1,1,1,0,1,0,0000000,99,99,99,99,18,18,0,0,0,1,0
36,360272,1,1,0,0,0,1,1,81,4170,21,4,2012,7,16,50,0,16,6,MERRICK BLVD,118TH RD,0,40.68631111,-73.77371667,0,38,0,0,2,3,0,4,1,1,0,1,0,0000000,99,99,99,99,99,99,0,0,0,1,0
36,360273,1,1,0,1,1,1,1,103,705,12,4,2012,5,17,19,1,2,3,SR-25,LAKEVIEW TERR,0,99.99990000,999.99990000,0,8,0,0,3,3,0,1,1,1,0,1,0,0000000,99,99,99,99,99,99,0,0,0,1,0
36,360274,2,2,0,0,0,3,3,103,2920,31,3,2012,7,16,45,0,14,5,SUFFOLK AVE,,0,40.78323333,-73.23721111,0,12,6,0,8,1,0,1,1,10,0,10,0,0000000,99,99,99,99,99,99,0,0,0,1,0
36,360275,2,2,0,0,0,3,3,29,6642,20,3,2012,3,21,56,1,2,3,SR-400,,0,42.84029167,-78.7244,0,12,1,0,1,1,0,1,2,1,0,1,0,0000000,99,99,99,99,99,99,0,0,0,1,0
36,360276,1,1,0,1,1,1,1,81,4170,3,3,2012,7,21,0,0,16,6,155TH ST,121ST ST,0,40.67793056,-73.78693889,0,8,0,0,2,3,0,1,3,1,0,1,0,0000000,99,99,99,99,99,99,0,0,0,1,0
36,360277,1,1,0,1,1,2,2,81,4170,26,3,2012,2,21,19,0,16,6,CLOVERDALE BLVD,,0,40.74745833,-73.74973889,0,8,0,0,1,1,0,1,3,1,0,1,0,0000000,99,99,99,99,99,99,0,0,0,1,0
36,360278,1,1,0,1,1,1,1,81,4170,4,4,2012,4,5,9,0,16,6,BORDEN AVE,GREENPOINT AVE,0,40.73683333,-73.931575,0,9,0,1,2,2,0,1,3,1,0,1,0,0000000,99,99,99,99,99,99,0,0,0,1,0
36,360279,1,1,0,0,0,1,1,103,5769,13,4,2012,6,20,46,0,3,4,CR-67,,0,40.81021667,-73.28201667,0,58,0,0,1,1,0,1,2,1,0,1,0,0000000,99,99,99,99,88,88,0,0,0,1,0
36,360280,1,1,0,1,1,1,1,103,2920,1,4,2012,1,3,38,0,15,5,EXPRESSWAY DR S,,0,40.80441389,-73.26751389,0,8,0,0,1,1,0,1,3,10,0,10,0,0000000,99,99,99,99,99,99,0,0,0,1,0
36,360281,1,1,0,0,0,5,5,103,5194,14,4,2012,7,1,23,0,2,4,CR-46,,0,40.86745833,-72.90031944,0,42,0,0,1,1,0,4,2,1,0,1,0,0000000,99,99,99,99,99,99,0,0,0,2,0
36,360282,1,1,0,1,1,1,1,47,4170,14,4,2012,7,14,42,0,16,6,20TH AVE,,0,40.607675,-73.99493611,0,9,0,0,1,1,0,1,1,1,0,1,0,0000000,99,99,99,99,99,99,0,0,0,1,0
36,360283,2,2,0,0,0,3,3,103,2840,15,4,2012,1,18,0,1,13,3,SR-25,PARK AVE,0,40.83315556,-73.36254444,0,12,1,0,2,2,0,1,1,1,0,1,0,0000000,99,99,99,99,99,99,0,0,0,1,0
36,360284,1,1,0,1,1,3,3,103,3715,15,4,2012,1,20,30,1,2,3,SR-25,,0,40.87643056,-72.97189167,0,8,0,0,1,1,0,1,3,10,0,10,0,0000000,20,33,20,35,99,99,0,0,0,1,0
36,360285,1,1,0,1,1,1,1,47,4170,25,4,2012,4,11,10,0,16,6,AVENUE S,E 15TH ST,0,40.60346667,-73.95730278,0,8,0,0,2,3,0,1,1,10,0,10,0,0000000,99,99,99,99,99,99,0,0,0,1,0
36,360286,1,1,0,0,0,2,2,103,705,28,4,2012,7,3,18,1,2,3,SR-27A,,0,40.77414444,-72.94339167,0,42,0,0,1,1,0,4,3,1,0,1,0,0000000,3,18,99,99,99,99,0,0,0,1,0
36,360287,1,1,0,0,0,4,4,103,5810,28,4,2012,7,2,23,0,16,5,E GATE RD,,0,99.99990000,999.99990000,0,42,0,0,1,1,0,4,2,1,0,1,0,0000000,2,25,2,28,3,15,0,0,0,2,1
36,360288,2,2,0,0,0,2,2,43,2880,1,5,2012,3,15,10,0,3,3,SR-28,,0,42.927075,-75.00230278,0,12,2,0,1,1,0,4,1,10,0,10,0,0000000,15,10,15,24,99,99,0,0,0,1,0
36,360289,1,1,0,0,0,1,1,13,5991,3,5,2012,5,5,43,0,6,5,STOW FERRY RD,,0,42.15711111,-79.40021667,0,43,0,0,1,1,0,4,4,5,0,5,0,0000000,99,99,99,99,6,6,0,0,0,1,0
36,360290,1,1,0,1,1,4,4,61,4170,2,5,2012,4,21,59,0,14,6,HUDSON ST,JANE ST,0,40.73814167,-74.005525,0,8,0,0,3,1,0,1,3,1,0,1,0,0000000,99,99,99,99,99,99,0,0,0,1,0
36,360291,1,1,0,1,1,1,1,29,3140,3,5,2012,5,20,48,0,16,6,LAKE AVE,SAGEBRUSH LANE,0,42.87575556,-78.66593056,0,9,0,0,3,3,0,1,3,10,0,10,0,0000000,99,99,99,99,99,99,0,0,0,1,1
36,360292,1,1,0,1,1,1,1,103,5769,3,3,2012,7,19,58,0,13,5,EXPRESS DR N,,0,40.80525278,-73.29254444,0,8,0,1,18,1,0,1,3,1,0,1,0,0000000,20,1,20,7,99,99,0,0,0,1,0
36,360293,2,2,0,0,0,5,5,103,3654,8,4,2012,1,12,6,1,2,3,SR-112,,0,40.84259444,-72.996425,0,12,2,0,1,1,0,1,1,1,0,1,0,0000000,12,6,12,10,12,35,0,0,0,1,0
36,360294,1,1,0,0,0,1,1,103,5810,3,5,2012,5,12,34,0,2,3,SR-114,FAHYS RD,0,41.00608889,-72.301775,0,42,0,0,2,3,0,4,1,10,0,10,0,0000000,99,99,99,99,99,99,0,0,0,1,0
36,360295,1,1,0,0,0,2,2,25,180,3,5,2012,5,20,48,0,6,5,WEAVER HOLLOW RD,VAN KEUREN RD,0,42.16736944,-74.68729722,0,42,0,0,3,1,0,4,2,10,0,10,0,0000000,20,48,21,10,21,21,0,0,0,2,1
36,360296,1,1,0,0,0,1,1,103,4238,31,3,2012,7,4,26,0,16,6,DEER PARK AVE,,0,40.71584167,-73.32188333,0,30,0,0,1,1,0,4,3,2,0,2,0,0000000,99,99,99,99,88,88,0,0,0,1,1
36,360297,1,1,0,1,1,2,2,61,4170,4,5,2012,6,3,2,1,13,6,10TH AVE,W 45TH ST,0,40.761575,-73.99406667,0,8,0,0,3,2,0,1,3,1,0,1,0,0000000,99,99,99,99,99,99,0,0,0,1,0
36,360298,2,2,0,0,0,2,2,43,1560,5,5,2012,7,15,17,0,4,3,SR-167,BARKER RD,0,43.08410278,-74.79217222,0,12,6,0,2,3,0,1,1,1,0,1,0,0000000,15,19,15,26,16,25,0,0,0,1,0
36,360299,2,2,0,0,0,3,3,47,4170,5,5,2012,7,23,45,0,16,6,OCEAN PKWY,,0,40.59286389,-73.96461667,0,12,2,0,1,1,0,1,3,1,0,1,0,0000000,99,99,99,99,99,99,0,0,0,1,0
36,360300,2,2,0,0,0,3,3,75,2200,5,5,2012,7,20,21,0,3,3,SR-48,WINDEMERE DR,0,43.28620278,-76.39650833,0,34,0,0,3,3,0,4,2,10,0,10,0,0000000,20,21,20,30,88,88,0,0,0,1,1
36,360301,1,1,0,0,0,1,1,103,1650,6,5,2012,1,1,35,0,3,5,THREE MILE HARBOR RD,GANN RD,0,41.026975,-72.17625278,0,30,0,0,3,3,0,4,2,1,0,1,0,0000000,99,99,1,43,2,15,0,0,0,1,1
36,360302,1,1,0,0,0,1,1,13,3015,5,5,2012,7,16,53,1,2,3,SR-62,MILLER VALLEY RD,0,42.140325,-79.08952778,0,42,0,0,3,3,0,4,1,1,0,1,0,0000000,16,54,16,58,88,88,0,0,0,1,0
36,360303,2,2,0,0,0,3,3,63,2564,6,5,2012,1,16,45,0,5,4,CR-108,,0,43.29016111,-78.5751,0,12,2,0,1,1,0,1,1,1,0,1,0,0000000,16,45,16,52,17,55,0,0,0,3,1
36,360304,2,2,0,0,0,2,2,47,4170,5,5,2012,7,4,36,0,16,6,UTICA AVE,,0,40.64111667,-73.92906667,0,12,1,0,1,1,0,1,3,1,0,1,0,0000000,99,99,99,99,99,99,0,0,0,1,0
36,360305,1,1,0,0,0,2,2,27,1221,6,5,2012,1,11,30,0,6,4,CR-13 CLINTON CORNERS RD,,0,41.81541667,-73.76309722,0,52,0,0,1,1,0,4,1,1,0,1,0,0000000,11,30,11,36,12,15,0,0,0,1,0
36,360306,2,2,0,0,0,3,3,89,880,6,5,2012,1,15,45,1,2,2,US-11,,0,44.51414167,-75.26021667,0,12,2,0,1,1,0,1,1,10,0,10,0,0000000,99,99,99,99,99,99,0,0,0,1,0
36,360307,1,1,0,1,1,1,1,67,6010,7,5,2012,2,19,9,1,13,3,SR-5,,0,43.05502222,-76.09055,0,8,0,0,1,1,0,1,5,2,0,2,0,0000000,19,19,99,99,99,99,0,0,0,1,0
36,360308,1,1,0,0,0,2,2,55,1160,7,5,2012,2,15,58,0,14,5,PAUL RD,,0,43.09971667,-77.688975,0,24,0,0,1,1,0,4,1,10,0,10,0,0000000,15,58,16,6,99,99,0,0,0,1,0
36,360309,1,1,0,1,1,2,2,71,1061,8,5,2012,3,23,40,0,2,3,SR-17,,0,41.28803889,-74.14195833,0,8,0,0,1,1,0,1,2,10,0,10,0,0000000,99,99,99,99,99,99,0,0,0,1,0
36,360310,1,1,0,0,0,1,1,103,6624,18,1,2012,4,19,27,0,16,6,SERVICE RD,UDALL RD,0,40.719675,-73.30271389,0,42,0,0,3,2,0,3,3,1,0,1,0,0000000,19,30,19,36,88,88,0,0,0,1,1
36,360311,1,1,0,1,1,1,1,59,2600,8,5,2012,3,23,52,0,14,5,JERUSALEM AVE,FLORENCE AVE,0,40.702025,-73.60229444,0,8,0,0,2,3,0,1,2,2,0,2,0,0000000,23,50,23,54,0,6,0,0,0,1,0
36,360312,1,1,0,0,0,4,4,113,617,9,5,2012,4,0,14,1,2,3,SR-8,,0,43.66956944,-73.77389722,0,53,0,0,1,1,0,4,2,1,0,1,0,0000000,0,14,0,26,1,18,0,0,0,1,0
36,360313,2,2,0,0,0,4,4,51,3320,11,5,2012,6,10,26,0,6,5,PLANK RD,STONE HILL RD,0,42.83656944,-77.60988333,0,12,6,0,2,2,0,1,1,1,0,1,0,0000000,99,99,99,99,99,99,0,0,0,1,0
36,360314,2,2,0,0,0,3,3,47,4170,12,5,2012,7,14,28,0,14,6,7TH AVE,92ND ST,0,40.61448611,-74.02283056,0,12,8,0,3,3,0,1,1,1,0,1,0,0000000,99,99,99,99,99,99,0,0,0,1,0
36,360315,1,1,0,1,1,1,1,81,4170,10,5,2012,5,20,40,0,16,6,ROCKAWAY BLVD,94TH ST,0,40.68078333,-73.84513611,0,8,0,0,2,2,0,1,3,10,0,10,0,0000000,99,99,99,99,99,99,0,0,0,1,0
36,360316,2,2,0,0,0,2,2,101,3275,12,5,2012,7,3,45,1,1,2,US-15,,0,42.08864444,-77.15765556,0,12,2,0,1,1,0,1,2,1,0,1,0,0000000,99,99,99,99,99,99,0,0,0,1,1
36,360317,1,1,0,0,0,1,1,13,2950,13,5,2012,1,3,48,0,14,5,SOUTHWESTERN DR,,0,42.08828333,-79.29489167,0,34,0,0,1,1,0,4,2,1,0,1,0,0000000,99,99,99,99,88,88,0,0,0,1,1
36,360318,1,1,0,1,1,1,1,81,4170,13,5,2012,1,3,0,0,16,6,LIBERTY AVE,108TH ST,0,40.68368611,-73.83376944,0,8,0,0,2,3,0,1,3,1,0,1,0,0000000,99,99,99,99,99,99,0,0,0,1,0
36,360319,2,2,0,0,0,6,6,81,4170,13,5,2012,1,20,7,0,16,6,31ST AVE,73RD ST,0,40.75831389,-73.89435556,0,12,2,0,2,2,0,1,5,1,0,1,0,0000000,99,99,99,99,99,99,0,0,0,2,0
36,360320,1,1,0,1,1,1,1,59,2600,11,3,2012,1,6,35,0,16,5,BEDFORD AVE,,0,40.66673611,-73.52644167,0,8,0,0,1,1,0,1,4,1,0,1,0,0000000,99,99,99,99,99,99,0,0,0,1,0