STATE,ST_CASE,VE_TOTAL,VE_FORMS,PVH_INVL,PEDS,PERNOTMVIT,PERMVIT,PERSONS,COUNTY,CITY,DAY,MONTH,YEAR,DAY_WEEK,HOUR,MINUTE,NHS,ROAD_FNC,ROUTE,TWAY_ID,TWAY_ID2,MILEPT,LATITUDE,LONGITUD,SP_JUR,HARM_EV,MAN_COLL,RELJCT1,RELJCT2,TYP_INT,WRK_ZONE,REL_ROAD,LGT_COND,WEATHER1,WEATHER2,WEATHER,SCH_BUS,RAIL,NOT_HOUR,NOT_MIN,ARR_HOUR,ARR_MIN,HOSP_HR,HOSP_MN,CF1,CF2,CF3,FATALS,DRUNK_DR
36,360321,1,1,0,0,0,1,1,13,5651,14,5,2012,2,22,12,0,6,5,LAKE SHORE DR E,,0,42.51046944,-79.27824722,0,24,0,0,1,1,0,4,2,1,0,1,0,0000000,22,13,22,18,99,99,0,0,0,1,1
36,360322,3,3,0,0,0,4,4,31,2958,15,5,2012,3,9,10,0,3,3,SR-9N,STICKNEY BRIDGE RD,0,44.413075,-73.6808,0,12,1,0,2,3,0,1,1,2,0,2,0,0000000,9,14,9,19,10,8,0,0,0,1,0
36,360323,1,1,0,0,0,1,1,49,2560,15,5,2012,3,2,10,0,6,5,HIGH ST,,0,44.14676944,-75.30723056,0,1,0,0,1,1,0,4,2,10,0,10,0,0000000,2,10,2,24,3,51,0,0,0,1,1
36,360324,1,1,0,0,0,1,1,55,652,16,5,2012,4,2,14,1,1,1,I-390,,0,43.10818611,-77.60137778,0,5,0,1,5,1,0,1,2,10,0,10,0,0000000,99,99,99,99,99,99,0,0,0,1,0
36,360325,1,1,0,1,1,1,1,59,4600,8,3,2012,5,11,35,0,16,6,UNQUA RD,,0,40.67297222,-73.43945278,0,9,0,0,1,1,0,1,1,1,0,1,0,0000000,99,99,99,99,99,99,0,0,0,1,0
36,360326,2,2,0,0,0,2,2,59,2600,16,5,2012,4,8,3,1,2,3,SR-27 SUNRISE HWY,CHARING CROSS RD,0,40.65672778,-73.62223333,0,12,6,0,2,3,0,1,1,10,0,10,0,0000000,8,8,99,99,99,99,0,0,0,1,0
36,360327,1,1,0,0,0,1,1,119,1379,17,5,2012,5,1,36,0,14,5,E  MAIN ST,,0,41.30278889,-73.88082778,0,30,0,0,1,1,0,4,3,10,0,10,0,0000000,1,41,1,53,2,3,0,0,0,1,0
36,360328,1,1,0,1,1,4,4,63,3340,17,5,2012,5,23,25,0,6,5,S TRANSIT RD,,0,43.13296667,-78.69684167,0,8,0,0,1,1,0,1,2,1,0,1,0,0000000,23,28,23,40,0,20,0,0,0,1,0
36,360329,1,1,0,1,1,1,1,61,4170,16,5,2012,4,5,15,0,16,6,8TH AVE,W 24TH ST,0,40.74591389,-73.99791389,0,8,0,0,3,2,0,1,3,2,0,2,0,0000000,99,99,99,99,99,99,0,0,0,1,0
36,360330,1,1,0,0,0,2,2,123,614,18,5,2012,6,9,34,0,6,5,COATES RD,,0,42.63005278,-77.10952778,0,42,0,0,1,1,0,4,1,1,0,1,0,0000000,99,99,99,99,99,99,0,0,0,1,0
36,360331,2,2,0,0,0,4,4,59,2600,17,5,2012,5,21,37,0,16,6,JERUSALEM AVE,COOL LN,0,40.73787778,-73.51416667,0,12,6,0,2,3,0,1,3,10,0,10,0,0000000,99,99,99,99,99,99,0,0,0,1,0
36,360332,2,2,0,1,1,2,2,67,1166,17,5,2012,5,21,35,1,1,1,I-81,,0,43.23222222,-76.12878056,0,8,0,0,1,1,0,1,2,10,0,10,0,0000000,21,35,21,40,22,5,0,0,0,1,0
36,360333,2,2,0,0,0,3,3,5,4170,17,5,2012,5,19,58,0,16,6,OAK POINT AVE,LONGFELLOW AVE,0,40.810575,-73.88349722,0,12,6,0,2,2,0,1,3,1,0,1,0,0000000,99,99,99,99,99,99,0,0,0,1,0
36,360334,1,1,0,1,1,1,1,47,4170,31,1,2012,3,15,33,0,16,6,CROPSEY AVE,28TH AVE,0,40.58649444,-73.98830833,0,8,0,0,2,2,0,1,1,1,0,1,0,0000000,99,99,99,99,99,99,0,0,0,1,0
36,360335,1,1,0,0,0,1,1,65,6270,19,5,2012,7,16,0,0,6,5,BARR RD,,0,43.04150833,-75.57420556,0,42,0,0,1,1,0,4,1,1,0,1,0,0000000,99,99,99,99,99,99,0,0,0,1,1
36,360336,1,1,0,1,1,1,1,81,4170,16,2,2012,5,18,0,0,13,6,QUEENS BLVD,71ST RD,0,40.72105,-73.84285,0,8,0,0,2,2,0,1,3,2,0,2,0,0000000,99,99,99,99,99,99,0,0,0,1,0
36,360337,1,1,0,0,0,2,2,117,3410,19,5,2012,7,22,20,0,6,5,PLEASANT VALLEY RD,,0,43.02548333,-77.03080556,0,1,0,0,1,1,0,1,2,1,0,1,0,0000000,22,23,22,29,23,32,0,0,0,1,1
36,360338,2,2,0,0,0,2,2,67,5740,18,5,2012,6,13,50,1,2,2,US-20 W GENESEE ST,,0,42.943925,-76.44980833,0,12,2,0,1,1,0,1,1,1,0,1,0,0000000,13,55,13,58,88,88,0,0,0,1,0
36,360339,2,2,0,0,0,5,5,77,9997,19,5,2012,7,12,36,1,2,2,US-20,CR-18,0,42.87585,-75.23215556,0,12,6,0,2,2,0,1,1,1,0,1,0,0000000,99,99,99,99,99,99,0,0,0,1,0
36,360340,1,1,0,0,0,1,1,67,3082,19,5,2012,7,12,31,1,2,2,US-20,,0,99.99990000,999.99990000,0,42,0,0,1,1,0,4,1,1,0,1,0,0000000,12,32,12,45,13,13,0,0,0,1,0
36,360341,2,2,0,0,0,3,3,29,4500,20,5,2012,1,18,25,1,13,3,SR-20,COUNTRYSIDE LN,0,42.80296667,-78.73972778,0,12,1,0,3,3,0,1,1,1,0,1,0,0000000,99,99,99,99,99,99,0,0,0,1,0
36,360342,2,2,0,0,0,4,4,47,4170,25,2,2012,7,10,8,0,16,6,FLATLANDS AVE,LOUISIANA AVE,0,40.65110556,-73.88989444,0,12,6,0,2,2,0,1,1,10,0,10,0,0000000,99,99,99,99,99,99,0,0,0,1,0
36,360343,2,2,0,0,0,2,2,85,4170,29,3,2012,5,22,46,1,13,6,LILY POND RD,,0,40.60153333,-74.06517222,0,12,6,1,5,1,0,1,3,1,0,1,0,0000000,99,99,99,99,99,99,0,0,0,1,0
36,360344,2,2,0,0,0,2,2,103,2920,4,5,2012,6,18,10,1,13,3,SR-454,SPARTAN LANE,0,40.81503611,-73.19239167,0,12,2,0,2,3,0,1,1,10,0,10,0,0000000,18,11,18,27,18,42,0,0,0,1,0
36,360345,2,2,0,0,0,5,5,103,2840,10,5,2012,5,20,10,0,16,4,CR-66,,0,40.83373889,-73.33643611,0,12,6,0,8,1,0,1,3,1,0,1,0,0000000,99,99,99,99,99,99,0,0,0,1,0
36,360346,1,1,0,0,0,1,1,55,2248,21,5,2012,2,16,17,1,2,3,SR-531,MANITOU RD,0,43.16033611,-77.75384167,0,21,0,0,2,2,0,3,1,1,0,1,0,0000000,16,18,16,21,17,4,0,0,0,1,0
36,360347,2,2,0,0,0,3,3,103,2920,11,5,2012,6,12,13,0,13,6,CR-19,FURROWS RD,0,40.80695556,-73.07158333,0,12,6,0,2,2,0,1,1,1,0,1,0,0000000,99,99,99,99,99,99,0,0,0,1,0
36,360348,1,1,0,1,1,1,1,1,1290,21,5,2012,2,21,4,0,13,3,SR-5,,0,42.73313056,-73.850475,0,8,0,0,1,1,0,1,3,2,0,2,0,0000000,99,99,99,99,99,99,0,0,0,1,0
36,360349,2,2,0,0,0,2,2,7,6277,21,5,2012,2,6,47,0,16,6,MAIN ST,HAZEL DR,0,42.08055,-76.04086389,0,12,6,0,2,3,0,1,1,1,0,1,0,0000000,99,99,99,99,99,99,0,0,0,1,0
36,360350,1,1,0,1,1,1,1,103,5769,21,5,2012,2,4,40,1,13,3,SR-25,,0,40.84758056,-73.25168889,0,8,0,0,1,1,0,1,3,10,0,10,0,0000000,99,99,99,99,99,99,0,0,0,1,0
36,360351,1,1,0,1,1,1,1,61,4170,18,5,2012,6,1,1,0,13,6,E 23RD ST,,0,40.73725833,-73.97950556,0,8,0,0,1,1,0,1,3,1,0,1,0,0000000,99,99,99,99,99,99,0,0,0,1,0
36,360352,3,3,0,0,0,12,12,103,2840,4,5,2012,6,7,40,0,14,3,SR-231,DEFOREST RD,0,40.82592778,-73.34286667,0,12,6,0,2,2,0,1,1,10,2,2,0,0000000,7,44,7,45,8,25,0,0,0,1,0
36,360353,1,1,0,1,1,1,1,99,6440,21,5,2012,2,0,15,1,13,2,US-20,,0,42.89443056,-76.91308611,0,8,0,0,1,1,0,1,2,1,0,1,0,0000000,99,99,99,99,88,88,0,0,0,1,0
36,360354,2,2,0,0,0,2,2,91,2484,22,5,2012,3,21,18,0,13,3,SR-146,,0,42.88293889,-73.72015556,0,12,2,0,1,1,0,1,2,10,0,10,0,0000000,21,21,21,21,99,99,0,0,0,1,0
36,360355,2,2,0,0,0,3,3,93,1592,23,5,2012,4,16,59,1,2,3,SR-20,SR-30,0,42.76095,-74.24574167,0,12,6,1,2,2,0,1,1,1,0,1,0,0000000,17,7,17,18,17,56,0,0,0,1,0
36,360356,1,1,0,0,0,1,1,65,610,21,5,2012,2,20,55,1,2,3,SR-12,,0,99.99990000,999.99990000,0,35,0,0,1,1,0,4,2,10,0,10,0,0000000,99,99,21,21,99,99,0,0,0,1,1
36,360357,2,2,0,0,0,3,3,13,2950,22,5,2012,3,22,49,0,16,5,E 8TH ST,PRENDERGAST AVE,0,42.101275,-79.238875,0,12,6,0,2,2,0,1,3,1,0,1,0,0000000,22,51,22,54,23,1,0,0,0,1,0
36,360358,1,1,0,0,0,1,1,93,5550,24,5,2012,5,0,18,0,5,6,BROADWAY,,0,42.80226667,-73.95733889,0,33,0,0,1,1,0,4,3,10,0,10,0,0000000,99,99,99,99,99,99,0,0,0,1,1
36,360359,1,1,0,1,1,1,1,47,4170,21,5,2012,2,20,53,0,14,6,7TH AVE,,0,40.62870556,-74.016975,0,8,0,0,1,1,0,1,3,2,0,2,0,0000000,99,99,99,99,99,99,0,0,0,1,0
36,360360,1,1,0,0,0,1,1,75,4540,25,5,2012,6,23,26,0,5,4,CR-37,,0,43.24384167,-76.15677222,0,24,0,0,1,1,0,4,3,10,0,10,0,0000000,23,30,23,33,88,88,0,0,0,1,0
36,360361,2,2,0,0,0,3,3,103,705,23,5,2012,4,0,8,0,16,6,EXPRESS DR N,HOLBROOK RD,0,40.81666111,-73.0791,0,12,6,0,2,2,0,1,3,10,0,10,0,0000000,0,8,99,99,99,99,0,0,0,1,1
36,360362,2,2,0,0,0,3,3,69,6280,23,5,2012,4,15,57,0,14,3,SR-96,CR-42,0,43.00915278,-77.44406111,0,12,6,0,2,2,0,1,1,10,0,10,0,0000000,15,57,16,12,16,54,0,0,0,1,0
36,360363,1,1,0,1,1,1,1,103,2920,25,5,2012,6,20,55,0,4,6,SAGTIKOS PKY,,0,99.99990000,999.99990000,0,8,0,0,1,1,0,1,3,10,0,10,0,0000000,20,57,99,99,88,88,0,0,0,1,0
36,360364,3,3,0,0,0,10,10,103,5210,27,5,2012,1,12,12,0,6,6,SOUND AVE,,0,40.96726111,-72.7011,0,12,6,0,1,1,0,1,1,1,0,1,0,0000000,99,99,99,99,99,99,0,0,0,1,0
36,360365,2,2,0,0,0,3,3,43,2610,24,5,2012,5,10,59,0,2,3,SR-5,PARATORE RD,0,43.06196111,-75.08800833,0,12,6,0,2,3,0,1,1,10,0,10,0,0000000,10,59,11,10,11,51,20,0,0,1,0
36,360366,1,1,0,2,2,1,1,61,4170,27,5,2012,1,16,47,0,13,6,7TH AVE,W 145TH ST,0,40.821625,-73.93904444,0,8,0,0,3,2,0,1,1,98,0,98,0,0000000,99,99,99,99,99,99,0,0,0,1,0
36,360367,4,4,0,0,0,7,7,71,2695,27,5,2012,1,13,16,0,3,3,SR-17,STATION RD,0,41.29312778,-74.14257778,0,12,1,0,2,3,0,1,1,10,0,10,0,0000000,13,16,13,26,14,14,0,0,0,1,0
36,360368,1,1,0,0,0,2,2,17,370,28,5,2012,2,11,25,0,16,5,FRONT ST,E MAIN ST,0,42.29224722,-75.47742222,0,5,0,0,2,2,0,1,1,1,0,1,0,0000000,11,25,11,28,12,9,0,0,0,1,0
36,360369,1,1,0,0,0,1,1,19,546,28,5,2012,2,18,15,0,2,3,SR-9N,,0,44.4571,-73.63287222,0,1,0,0,1,1,0,4,1,1,0,1,0,0000000,18,18,18,23,19,10,0,0,0,1,0
36,360370,1,1,0,0,0,3,3,119,1379,12,3,2012,2,12,30,0,6,6,CROTIN AVE,,0,41.28165278,-73.86876389,0,30,0,0,1,1,0,4,1,1,0,1,0,0000000,12,30,12,35,12,55,0,0,0,1,0
36,360371,1,1,0,1,1,1,1,59,2600,29,5,2012,3,22,15,1,13,3,SR-878,MOTT AVE,0,40.61863611,-73.74130833,0,8,0,0,2,2,0,1,3,1,0,1,0,0000000,99,99,99,99,99,99,0,0,0,1,0
36,360372,2,2,0,1,1,1,1,53,3195,30,5,2012,4,5,2,0,6,6,RIVER RD,,0,99.99990000,999.99990000,0,12,1,0,1,1,0,1,2,10,0,10,0,0000000,99,99,99,99,99,99,23,0,0,1,0
36,360373,2,2,0,0,0,2,2,103,705,28,5,2012,2,20,50,1,13,3,SR-25,SMITH LN,0,40.85830278,-73.09944722,0,12,6,0,2,3,0,1,3,1,0,1,0,0000000,99,99,99,99,99,99,0,0,0,1,0
36,360374,3,3,0,1,1,3,3,59,2600,20,5,2012,1,2,20,0,12,3,SR-908M,,0,40.68221667,-73.66328611,0,8,0,0,1,1,0,1,3,10,0,10,0,0000000,2,25,2,32,99,99,0,0,0,1,0
36,360375,2,2,0,0,0,2,2,81,4170,31,5,2012,5,6,45,0,16,6,ASTORIA BLVD,90TH ST,0,40.763575,-73.87922778,0,12,1,0,2,3,0,1,1,1,0,1,0,0000000,99,99,99,99,99,99,0,0,0,1,0
36,360376,3,3,0,0,0,5,5,103,5635,30,5,2012,4,15,30,0,15,5,SHEEP PASTURE RD,,0,40.92191667,-73.08573056,0,12,2,0,1,1,0,1,1,10,0,10,0,0000000,99,99,99,99,99,99,0,0,0,1,0
36,360377,2,2,0,0,0,2,2,47,4170,11,5,2012,6,19,52,0,16,6,PARK AVE,MARCUS GARVEY BLVD,0,40.69850556,-73.94109722,0,12,6,0,2,2,0,1,3,1,0,1,0,0000000,99,99,99,99,99,99,0,0,0,1,0
36,360378,1,1,0,3,3,2,2,47,4170,31,5,2012,5,12,56,1,13,6,FLATBUSH AVE,E 48TH ST,0,40.61509722,-73.92854722,0,8,0,0,3,4,0,6,1,1,0,1,0,0000000,99,99,99,99,99,99,0,0,0,1,0
36,360379,1,1,0,1,1,1,1,55,2395,2,6,2012,7,9,44,1,13,3,SR-104,NANTUCKET RD,0,43.20788889,-77.68293889,0,33,0,0,2,3,0,5,1,1,0,1,0,0000000,9,44,9,49,9,59,0,0,0,1,0
36,360380,2,2,0,0,0,4,4,99,3350,1,6,2012,6,22,56,1,2,3,SR-414,,0,42.60955,-76.822725,0,12,2,0,1,1,0,1,2,2,0,2,0,0000000,99,99,99,99,99,99,0,0,0,1,0
36,360381,2,2,0,0,0,3,3,87,5077,1,6,2012,6,4,30,1,2,3,SR-987C PALISADES PKY,,230,99.99990000,999.99990000,0,12,1,0,1,1,0,1,2,1,0,1,0,0000000,4,40,4,45,99,99,0,0,0,1,1
36,360382,1,1,0,0,0,1,1,71,814,2,6,2012,7,4,35,0,6,5,SARAH WELLS TR,,0,41.43729444,-74.25423889,0,30,0,0,1,1,0,4,2,2,0,2,0,0000000,4,38,4,48,6,4,0,0,0,1,1
36,360383,1,1,0,1,1,1,1,47,4170,3,6,2012,1,0,34,0,16,6,ATLANTIC AVE,TROY AVE,0,40.677775,-73.93581667,0,8,0,0,2,3,0,1,3,1,0,1,0,0000000,99,99,99,99,99,99,0,0,0,1,1
36,360384,2,2,0,0,0,3,3,119,6825,3,6,2012,1,13,59,1,2,3,SR-987G,,0,41.20083611,-73.80698889,0,12,1,0,1,1,1,1,1,1,0,1,0,0000000,14,0,14,14,88,88,0,0,0,1,0
36,360385,1,1,0,1,1,1,1,81,4170,22,3,2012,5,13,8,0,13,6,BROADWAY,THORNTON ST,0,40.70138056,-73.94300556,0,8,0,0,3,3,0,1,1,1,0,1,0,0000000,99,99,99,99,99,99,0,0,0,1,0
36,360386,2,2,0,0,0,2,2,5,4170,2,2,2012,5,1,24,1,1,1,I-278,,0,40.82720833,-73.849525,0,12,1,0,1,1,0,1,3,1,0,1,0,0000000,99,99,99,99,99,99,0,0,0,1,0
36,360387,2,2,0,1,1,2,2,47,4170,28,3,2012,4,2,46,0,16,6,ROCHESTER AVE,EASTERN PKY,0,40.66861389,-73.928275,0,15,0,0,2,2,0,1,3,10,0,10,0,0000000,99,99,99,99,99,99,0,0,0,1,0
36,360388,1,1,0,1,1,1,1,47,4170,2,5,2012,4,0,24,0,13,6,EASTERN PKY,UTICA AVE,0,40.66875833,-73.93116389,0,15,0,0,2,2,0,1,3,1,0,1,0,0000000,99,99,99,99,99,99,0,0,0,1,0
36,360389,1,1,0,0,0,1,1,47,4170,20,4,2012,6,20,29,0,6,6,PALMETTO ST,BUSHWICK AVE,0,40.69044722,-73.91984444,0,5,0,0,3,2,0,1,1,1,0,1,0,0000000,99,99,99,99,99,99,0,0,0,1,0
36,360390,1,1,0,0,0,1,1,5,4170,28,3,2012,4,8,0,0,16,6,MOSHOLU PKWY,,0,40.87969167,-73.88453333,0,21,0,0,1,1,0,4,1,1,0,1,0,0000000,99,99,99,99,99,99,0,0,0,1,0
36,360391,1,1,0,1,1,1,1,47,4170,3,5,2012,5,16,42,0,13,6,ATLANTIC AVE,RALPH AVE,0,40.67700833,-73.92185278,0,8,0,0,3,2,0,1,1,1,0,1,0,0000000,99,99,99,99,99,99,0,0,0,1,0
36,360392,1,1,0,1,1,2,2,81,4170,11,5,2012,6,17,40,0,13,6,ROOSEVELT AVE,,0,40.75518333,-73.84365,0,9,0,0,1,1,0,1,1,1,0,1,0,0000000,99,99,99,99,88,88,0,0,0,1,0
36,360393,1,1,0,1,1,1,1,61,4170,8,5,2012,3,8,20,1,13,6,1ST AVE,E 89TH ST,0,40.77881944,-73.94795,0,8,0,0,2,2,0,1,1,1,0,1,0,0000000,99,99,99,99,99,99,0,0,0,1,0
36,360394,3,3,0,0,0,8,8,81,4170,6,5,2012,1,1,27,0,13,6,101ST AVE,VAN WYCK EXPRESSWAY,0,40.69388889,-73.81208611,0,12,1,1,3,2,0,1,3,1,0,1,0,0000000,99,99,99,99,99,99,0,0,0,1,0
36,360395,2,2,0,0,0,3,3,47,4170,26,5,2012,7,18,21,0,13,6,4TH AVE,163RD ST,0,40.63914167,-74.02006667,0,12,6,0,2,2,0,1,1,10,2,2,0,0000000,99,99,99,99,99,99,0,0,0,1,0
36,360396,1,1,0,0,0,1,1,87,2580,21,5,2012,2,18,30,0,3,4,CR-106,,0,99.99990000,999.99990000,0,35,0,0,1,1,0,4,1,2,0,2,0,0000000,99,99,99,99,99,99,0,0,0,1,0
36,360397,1,1,0,0,0,1,1,87,4063,3,6,2012,1,0,45,1,12,1,I-987C,SR-59,0,41.09116944,-73.99068056,0,24,0,1,3,2,0,3,2,1,0,1,0,0000000,0,50,0,55,99,99,0,0,0,1,1
36,360398,2,2,0,0,0,7,7,59,2160,11,3,2012,1,18,17,1,13,3,SR-27,HELEN AVE,0,40.65706111,-73.57607778,0,12,6,0,2,3,0,1,1,1,0,1,0,0000000,99,99,99,99,99,99,0,0,0,1,0
36,360399,5,1,4,0,0,2,2,5,4170,4,6,2012,2,5,12,0,16,6,GIVAN AVE,,0,40.87813333,-73.83449722,0,14,0,0,1,1,0,7,3,10,0,10,0,0000000,99,99,99,99,99,99,20,0,0,1,0
36,360400,1,1,0,1,1,1,1,111,6350,20,5,2012,1,12,16,0,6,5,BATES LN,,0,41.62663889,-74.20748333,0,9,0,0,1,1,0,1,1,1,0,1,0,0000000,12,16,12,21,13,6,0,0,0,1,0
36,360401,1,1,0,0,0,2,2,17,30,4,6,2012,2,12,7,0,13,3,SR-17,,0,42.22965278,-75.52416111,0,33,0,0,1,1,0,4,1,2,0,2,0,0000000,12,12,99,99,99,99,0,0,0,1,0
36,360402,5,1,4,1,1,1,1,81,4170,13,5,2012,1,2,35,0,13,6,GREEN POINT AVE,46TH ST,0,40.74218056,-73.91886944,0,14,0,0,3,2,0,7,3,1,0,1,0,0000000,99,99,99,99,99,99,0,0,0,1,1
36,360403,3,3,0,0,0,6,6,81,4170,2,6,2012,7,0,29,1,1,1,I-495,,0,40.72539167,-73.89498333,0,12,1,0,1,1,0,1,3,2,0,2,0,0000000,99,99,99,99,99,99,0,0,0,2,0
36,360404,2,2,0,0,0,2,2,59,2600,5,6,2012,3,9,35,0,16,6,E GATE BLVD,NORTH AVE,0,40.74451389,-73.60731944,0,12,6,0,2,3,0,1,1,1,0,1,0,0000000,99,99,99,99,99,99,0,0,0,1,0
36,360405,1,1,0,0,0,5,5,75,4540,5,6,2012,3,20,13,0,16,5,E ALBANY ST,,0,43.45849167,-76.48465,0,30,0,0,1,1,0,4,1,1,0,1,0,0000000,20,20,99,99,99,99,0,0,0,3,1
36,360406,2,2,0,0,0,5,5,59,4600,5,6,2012,3,15,15,0,13,3,SR-106,OLD JERICHO TURNPIKE,0,40.79700278,-73.53436667,0,12,6,0,2,2,0,1,1,10,0,10,0,0000000,15,15,99,99,99,99,0,0,0,1,0
36,360407,1,1,0,0,0,1,1,89,2500,6,6,2012,4,17,48,1,2,3,SR-37,,0,44.97750833,-74.53834722,0,42,0,0,1,1,0,4,1,1,0,1,0,0000000,17,50,17,59,88,88,0,0,0,1,0
36,360408,1,1,0,1,1,1,1,79,630,6,6,2012,4,13,30,1,1,1,I-84,,0,41.38353056,-73.57903611,0,8,0,1,5,1,0,4,1,10,0,10,0,0000000,13,30,13,40,99,99,23,0,0,1,0
36,360409,1,1,0,0,0,1,1,119,5350,4,3,2012,1,20,51,0,16,6,MILTON RD,HAVEN AVE,0,40.96838333,-73.68707778,0,30,0,0,2,3,0,4,3,1,0,1,0,0000000,99,99,99,99,99,99,0,0,0,1,0
36,360410,2,2,0,0,0,2,2,45,6450,6,6,2012,4,17,43,0,15,5,S MASSEY ST,STONE ST,0,43.97471667,-75.91795833,0,12,6,0,2,2,0,1,1,2,0,2,0,0000000,99,99,99,99,99,99,0,0,0,1,0
36,360411,1,1,0,0,0,1,1,25,2130,8,6,2012,6,18,3,0,3,5,CASE HILL RD,,0,42.387525,-75.07105,0,42,0,0,1,1,0,4,1,10,0,10,0,0000000,18,3,18,12,88,88,0,0,0,1,0
36,360412,1,1,0,0,0,2,2,113,601,8,6,2012,6,12,39,0,3,3,SR-9N,,0,43.65904722,-73.57111111,0,24,0,0,1,1,0,4,1,1,0,1,0,0000000,12,40,12,51,99,99,0,0,0,1,0
36,360413,1,1,0,1,1,2,2,75,2569,8,6,2012,6,18,16,0,6,4,CR-33,,0,43.27328611,-76.20777222,0,9,0,0,1,1,0,4,1,1,0,1,0,0000000,18,18,99,99,19,19,0,0,0,1,0
36,360414,1,1,0,0,0,1,1,1,3680,9,6,2012,7,7,59,0,14,3,SR-378,,0,42.6963,-73.72205278,0,33,0,1,5,1,0,4,1,10,0,10,0,0000000,99,99,99,99,99,99,0,0,0,1,0
36,360415,1,1,0,0,0,1,1,31,3000,8,6,2012,6,9,24,0,3,3,SR-373,,0,44.52025556,-73.42048056,0,24,0,0,1,1,0,4,1,10,0,10,0,0000000,9,24,9,28,88,88,0,0,0,1,0
36,360416,1,1,0,2,2,3,3,29,156,9,6,2012,7,19,24,0,16,6,MAPLE RD,CULPEPPER RD,0,42.99110278,-78.73318611,0,8,0,0,3,3,0,1,1,10,0,10,0,0000000,99,99,99,99,99,99,0,0,0,1,0
36,360417,2,2,0,0,0,3,3,85,4170,8,6,2012,6,19,7,0,6,6,OSGOOD AVE,PARK HILL AVE,0,40.61728056,-74.08044722,0,12,6,0,2,2,0,1,1,1,0,1,0,0000000,99,99,99,99,99,99,0,0,0,1,1
36,360418,3,1,2,0,0,1,1,57,170,10,6,2012,1,1,58,0,5,6,WAITE RD,,0,42.95835833,-74.10231111,0,14,0,0,1,1,0,4,2,1,0,1,0,0000000,1,58,2,2,88,88,0,0,0,1,0
36,360419,1,1,0,0,0,1,1,75,4800,10,6,2012,1,9,40,0,6,6,PETER SCOTT RD,,0,43.255725,-76.26365,0,42,0,0,1,1,0,4,1,10,0,10,0,0000000,9,43,9,50,88,88,0,0,0,1,0
36,360420,1,1,0,0,0,1,1,123,5952,9,6,2012,7,22,45,0,5,5,DUNDEE STARKEY RD,,0,42.53371111,-76.93720556,0,32,0,0,1,1,0,4,2,1,0,1,0,0000000,22,45,22,54,23,27,0,0,0,1,1
36,360421,2,2,0,0,0,3,3,115,9997,9,6,2012,7,23,10,0,3,3,SR-22,CR-68,0,42.97167222,-73.377375,0,12,6,0,2,3,0,1,2,1,0,1,0,0000000,23,10,23,20,99,99,0,0,0,2,0
36,360422,1,1,0,0,0,2,2,91,5860,10,6,2012,1,12,5,1,11,1,I-87,,417,99.99990000,999.99990000,0,34,0,0,1,1,0,3,1,1,0,1,0,0000000,12,6,12,12,99,99,0,0,0,1,0
36,360423,2,2,0,0,0,3,3,79,3455,11,6,2012,2,10,15,0,5,4,CR-34,,0,41.37672222,-73.70744444,0,12,2,0,1,1,0,1,1,10,0,10,0,0000000,99,99,99,99,99,99,0,0,0,1,0
36,360424,1,1,0,0,0,1,1,51,3200,9,6,2012,7,2,13,0,6,6,CALEDONIA RD,,0,42.79514444,-77.88339444,0,35,0,0,1,1,0,4,2,10,0,10,0,0000000,99,99,99,99,99,99,0,0,0,1,1
36,360425,1,1,0,1,1,1,1,87,4380,10,6,2012,1,13,49,1,2,2,US-9W,,0,41.06862778,-73.92318611,0,9,0,0,1,1,0,1,1,1,0,1,0,0000000,99,99,99,99,99,99,0,0,0,1,0
36,360426,2,2,0,2,2,2,2,119,4120,22,2,2012,4,18,38,0,13,5,MAIN ST,CLEVELAND AVE,0,40.89919167,-73.79774722,0,8,0,0,2,3,0,1,3,1,0,1,0,0000000,18,34,18,39,19,2,0,0,0,1,0
36,360427,1,1,0,0,0,1,1,105,1954,1,6,2012,6,10,28,0,3,3,SR-42,,0,41.69429444,-74.64123056,0,42,0,0,1,1,0,4,1,1,0,1,0,0000000,99,99,99,99,88,88,0,0,0,1,1
36,360428,1,1,0,0,0,1,1,59,4600,11,6,2012,2,7,20,1,2,3,SR-908M,,0,40.70571667,-73.46038333,0,42,0,1,18,1,0,4,1,10,0,10,0,0000000,7,20,7,27,8,1,0,0,0,1,0
36,360429,2,2,0,0,0,3,3,51,2250,11,6,2012,2,9,40,0,3,3,SR-63,,0,42.76230556,-77.829425,0,12,2,0,1,1,0,1,1,1,0,1,0,0000000,9,40,9,50,99,99,0,0,0,1,0
36,360430,1,1,0,0,0,1,1,103,620,11,6,2012,2,4,30,0,2,3,SR-111,,0,40.78617778,-73.22008889,0,10,0,0,6,1,0,1,3,2,0,2,0,338170g,99,99,99,99,88,88,0,0,0,1,1
36,360431,1,1,0,1,1,1,1,29,156,19,4,2012,5,22,49,0,13,3,SR-263,,0,43.0565,-78.72417778,0,8,0,0,1,1,0,1,2,10,0,10,0,0000000,99,99,99,99,88,88,0,0,0,1,0
36,360432,2,2,0,0,0,2,2,103,705,11,6,2012,2,22,0,0,2,3,SR-27A,SILLS RD,0,40.76733889,-72.98575,0,12,6,0,2,2,0,1,3,1,0,1,0,0000000,99,99,99,99,99,99,0,0,0,1,0