STATE,ST_CASE,VE_TOTAL,VE_FORMS,PVH_INVL,PEDS,PERNOTMVIT,PERMVIT,PERSONS,COUNTY,CITY,DAY,MONTH,YEAR,DAY_WEEK,HOUR,MINUTE,NHS,ROAD_FNC,ROUTE,TWAY_ID,TWAY_ID2,MILEPT,LATITUDE,LONGITUD,SP_JUR,HARM_EV,MAN_COLL,RELJCT1,RELJCT2,TYP_INT,WRK_ZONE,REL_ROAD,LGT_COND,WEATHER1,WEATHER2,WEATHER,SCH_BUS,RAIL,NOT_HOUR,NOT_MIN,ARR_HOUR,ARR_MIN,HOSP_HR,HOSP_MN,CF1,CF2,CF3,FATALS,DRUNK_DR
36,360433,1,1,0,0,0,1,1,59,2600,12,6,2012,3,0,8,0,12,3,SR-908M,PENINSULA BLVD,0,40.69023611,-73.633525,0,42,0,1,5,1,0,4,3,10,0,10,0,0000000,0,8,0,17,0,40,0,0,0,1,0
36,360434,1,1,0,1,1,1,1,81,4170,13,6,2012,4,3,55,0,13,6,QUEENS BLVD,80TH RD,0,40.71383333,-73.83013889,0,8,0,0,2,3,0,1,3,2,0,2,0,0000000,99,99,99,99,99,99,0,0,0,1,0
36,360435,2,2,0,0,0,3,3,95,5570,13,6,2012,4,12,34,0,2,3,SR-30,,0,42.41045278,-74.47272222,0,12,6,0,1,1,0,1,1,10,0,10,0,0000000,99,99,12,42,13,35,0,0,0,2,1
36,360436,1,1,0,2,2,1,1,5,4170,14,4,2012,7,5,37,0,16,6,BRUCKNER BLVD,,0,40.83436389,-73.863175,0,8,0,0,1,1,0,1,4,1,0,1,0,0000000,99,99,99,99,99,99,0,0,0,1,0
36,360437,1,1,0,0,0,2,2,27,2000,15,6,2012,6,11,55,1,11,1,I-84 EXIT RAMP,,99999,41.52453889,-73.88918889,0,18,0,1,5,1,0,8,1,10,0,10,0,0000000,11,55,12,0,13,45,0,0,0,1,0
36,360438,1,1,0,1,1,1,1,55,5230,14,6,2012,5,10,8,0,16,5,SENECA AVE,E RIDGE RD,0,43.19505278,-77.60888333,0,8,0,0,2,2,0,1,1,1,0,1,0,0000000,10,10,99,99,99,99,0,0,0,1,0
36,360439,2,2,0,0,0,3,3,103,705,15,6,2012,6,5,44,1,13,4,CR-83,OLD TOWN RD,0,40.87500556,-73.02127222,0,12,6,0,2,2,0,1,4,1,0,1,0,0000000,99,99,99,99,99,99,0,0,0,1,0
36,360440,1,1,0,0,0,2,2,119,6040,16,6,2012,7,5,24,1,2,3,SR-987G,,0,41.12731667,-73.8117,0,42,0,1,18,1,0,8,4,1,0,1,0,0000000,5,24,5,40,7,7,0,0,0,1,0
36,360441,2,2,0,0,0,3,3,29,1117,15,6,2012,6,9,28,0,16,6,COMO PARK BLVD,CROYDON DR,0,42.8923,-78.70182778,0,12,6,0,2,3,0,1,1,1,0,1,0,0000000,99,99,99,99,99,99,0,0,0,1,0
36,360442,2,1,1,1,1,1,1,59,2600,16,6,2012,7,22,45,0,16,5,NASSAU RED,LAKEWOOD AVE,0,40.68075,-73.59067222,0,8,0,0,2,3,0,1,1,1,0,1,0,0000000,22,53,22,57,23,25,0,0,0,2,1
36,360443,1,1,0,0,0,1,1,71,1370,17,6,2012,1,3,19,0,4,4,CR-107,CR-32,99999,41.43127778,-74.05149722,0,34,0,0,3,3,0,4,3,1,0,1,0,0000000,3,21,3,31,4,4,0,0,0,1,1
36,360444,2,2,0,0,0,2,2,91,2484,18,6,2012,2,6,41,1,13,3,SR-9,CHURCH HILL RD,0,42.82435278,-73.73313889,0,12,1,0,3,3,0,1,1,10,0,10,0,0000000,6,43,6,47,88,88,0,0,0,1,0
36,360445,2,2,0,0,0,2,2,55,5230,17,6,2012,1,0,9,0,16,6,BROOKS AVE,WOODBINE AVE,0,43.13100556,-77.64534722,0,12,6,0,2,3,0,1,3,1,0,1,0,0000000,99,99,99,99,99,99,0,0,0,1,0
36,360446,1,1,0,1,1,1,1,13,2950,18,6,2012,2,21,15,0,16,6,WASHINGTON ST,,0,42.10538889,-79.24508056,0,8,0,0,1,1,0,1,5,1,0,1,0,0000000,21,15,21,17,21,31,0,0,0,1,0
36,360447,4,2,2,0,0,5,5,81,4170,16,6,2012,7,2,15,0,13,6,ATLANTIC AVE,87TH ST,0,40.686375,-73.854775,0,12,2,0,2,2,0,1,3,1,0,1,0,0000000,99,99,99,99,99,99,0,0,0,1,1
36,360448,1,1,0,1,1,1,1,5,4170,19,6,2012,3,18,3,0,16,6,TOPPING AVE,,0,40.84563611,-73.90561944,0,8,0,0,1,1,0,1,1,1,0,1,0,0000000,99,99,99,99,99,99,0,0,0,1,0
36,360449,2,2,0,0,0,5,5,19,1116,20,6,2012,4,20,11,0,3,2,US-9,,0,44.81322778,-73.43285,0,12,11,0,1,1,0,1,1,10,0,10,0,0000000,99,99,99,99,99,99,0,0,0,1,1
36,360450,2,2,0,0,0,2,2,81,4170,19,6,2012,3,23,50,1,13,3,SR-907M,,0,40.75310278,-73.72420833,0,12,1,0,1,1,0,1,3,1,0,1,0,0000000,99,99,99,99,99,99,0,0,0,1,0
36,360451,2,2,0,0,0,2,2,103,5210,19,6,2012,3,13,30,0,5,5,EDWARDS AVE,,0,99.99990000,999.99990000,0,12,6,0,1,1,0,1,1,1,0,1,0,0000000,99,99,99,99,88,88,0,0,0,1,0
36,360452,1,1,0,1,1,1,1,113,601,21,6,2012,5,12,5,0,3,3,SR-9N,,99999,99.99990000,999.99990000,0,8,0,0,1,1,0,2,1,1,0,1,0,0000000,12,5,12,11,88,88,0,0,0,1,0
36,360453,1,1,0,0,0,2,2,15,6530,20,6,2012,4,22,1,0,5,5,LOWMAN CROSSOVER,SR-427 FRONT ST,0,42.016275,-76.72511667,0,35,0,0,3,3,0,4,3,1,0,1,0,0000000,22,22,22,30,23,20,0,0,0,1,0
36,360454,1,1,0,0,0,2,2,67,3500,21,6,2012,5,11,13,0,16,6,KINSELLA QUARRY RD,,0,43.03678611,-75.96306389,0,5,0,0,1,1,0,1,1,1,0,1,0,0000000,99,99,99,99,99,99,0,0,0,1,0
36,360455,2,2,0,0,0,2,2,103,360,20,6,2012,4,9,33,0,16,6,LITTLE EAST NECK RD,PATTON AVE,0,40.74124444,-73.37415833,0,12,6,0,2,2,0,1,1,1,0,1,0,0000000,9,33,9,36,88,88,0,0,0,1,0
36,360456,1,1,0,0,0,4,4,45,6050,21,6,2012,5,15,11,0,6,4,CR-21,,0,44.25718611,-75.79396667,0,42,0,0,1,1,0,4,1,1,0,1,0,0000000,15,12,15,27,16,21,0,0,0,1,0
36,360457,1,1,0,0,0,1,1,115,6660,21,6,2012,5,1,45,0,3,3,SR-22,,0,43.68866111,-73.42220556,0,35,0,0,1,1,0,4,2,1,0,1,0,0000000,1,45,2,0,88,88,0,0,0,1,0
36,360458,1,1,0,0,0,1,1,105,5243,21,6,2012,5,1,50,0,6,5,LITTLE IRELAND RD,,0,41.93110556,-74.80061944,0,1,0,0,1,1,0,1,3,1,0,1,0,0000000,1,55,2,15,88,88,0,0,0,1,1
36,360459,1,1,0,1,1,1,1,29,2485,22,6,2012,6,3,43,0,15,5,SOWLES RD,,0,42.75187222,-78.83375,0,8,0,0,1,1,0,1,3,10,0,10,0,0000000,99,99,99,99,99,99,0,0,0,1,1
36,360460,1,1,0,0,0,1,1,99,3350,22,6,2012,6,2,57,0,5,4,CR-146,,0,42.56181944,-76.78084722,0,34,0,0,1,1,0,4,2,1,0,1,0,0000000,99,99,99,99,99,99,0,0,0,1,1
36,360461,1,1,0,0,0,3,3,31,1810,23,6,2012,7,21,49,0,4,5,LINCOLN POND RD,,0,44.1623,-73.58023889,0,17,0,0,1,1,0,4,2,1,0,1,0,0000000,21,50,21,54,22,26,0,0,0,1,0
36,360462,1,1,0,0,0,3,3,27,5150,23,6,2012,7,15,27,1,2,3,SR-9G,,0,41.91016389,-73.8715,0,52,0,0,1,1,0,4,1,1,0,1,0,0000000,15,27,15,36,99,99,0,0,0,1,0
36,360463,1,1,0,2,2,1,1,103,1650,23,6,2012,7,12,56,0,3,5,OLD STONE HWY,,0,40.99039722,-72.13445833,0,8,0,0,1,1,0,1,1,1,0,1,0,0000000,12,57,13,4,13,35,0,0,0,1,0
36,360464,1,1,0,0,0,1,1,75,6628,23,6,2012,7,1,55,0,6,4,CR-11,GULF BRIDGE RD,0,43.29046389,-76.06430278,0,24,0,0,3,3,0,4,2,10,0,10,0,0000000,1,55,2,2,88,88,0,0,0,1,1
36,360465,1,1,0,0,0,5,5,47,4170,23,6,2012,7,7,0,1,2,3,SR-27,,0,40.66698889,-73.99499444,0,25,0,0,1,1,0,3,1,1,0,1,0,0000000,99,99,99,99,99,99,0,0,0,1,1
36,360466,1,1,0,1,1,1,1,119,6820,22,6,2012,6,21,33,0,16,6,VALENTINE LANE,GRAY PL,0,40.91631667,-73.90033889,0,8,0,0,3,3,0,1,3,1,0,1,0,0000000,99,99,99,99,99,99,0,0,0,1,0
36,360467,2,1,1,1,1,2,2,47,4170,23,6,2012,7,5,55,1,13,3,SR-907C,,0,40.58493889,-73.94364444,0,45,0,0,1,1,4,1,4,2,0,2,0,0000000,6,0,6,3,6,40,0,0,0,1,1
36,360468,2,2,0,0,0,5,5,69,4770,23,6,2012,7,12,57,0,6,5,GIFFORD RD,S MARBLETOWN RD,0,42.98083056,-77.05744722,0,12,6,0,2,2,0,1,1,1,0,1,0,0000000,12,57,13,0,13,15,0,0,0,1,0
36,360469,1,1,0,1,1,1,1,117,4492,23,6,2012,7,12,39,0,4,6,ONTARIO CENTER RD,,0,43.26341389,-77.30562778,0,9,0,0,1,1,0,1,1,10,0,10,0,0000000,99,99,99,99,99,99,0,0,0,1,0
36,360470,1,1,0,0,0,1,1,81,4170,24,6,2012,1,13,57,0,15,6,234TH ST,,0,40.69206944,-73.72748333,0,33,0,0,1,1,0,4,1,1,0,1,0,0000000,13,57,14,2,14,28,0,0,0,1,0
36,360471,1,1,0,1,1,1,1,5,4170,10,4,2012,3,21,2,0,13,6,BROADWAY,MOSHULU AVE,0,40.90468333,-73.89648333,0,8,0,0,3,2,0,1,3,1,0,1,0,0000000,99,99,99,99,99,99,0,0,0,1,0
36,360472,1,1,0,0,0,1,1,21,6230,24,6,2012,1,21,14,0,5,6,CHATHAM ST,,0,42.40671111,-73.67540278,0,30,0,0,1,1,0,4,3,10,0,10,0,0000000,21,14,21,16,22,33,0,0,0,1,1
36,360473,2,2,0,0,0,2,2,103,3270,24,6,2012,1,22,22,0,14,3,SR-27A,S 13TH ST,0,40.67219167,-73.37858611,0,12,1,1,3,3,0,1,3,1,0,1,0,0000000,99,99,99,99,99,99,0,0,0,1,1
36,360474,2,2,0,0,0,3,3,17,2400,24,6,2012,1,18,13,1,2,3,SR-12,CR-3A,0,42.34914722,-75.73867778,0,12,6,0,2,3,0,1,1,1,0,1,0,0000000,18,16,18,28,99,99,0,0,0,2,0
36,360475,2,2,0,0,0,2,2,71,2695,25,6,2012,2,6,4,1,2,2,US-6,,0,41.32251944,-74.07215556,0,12,2,0,1,1,0,1,4,10,2,2,0,0000000,6,4,6,15,88,88,0,0,0,2,1
36,360476,1,1,0,1,1,2,2,103,5210,25,6,2012,2,0,33,0,6,5,FLANDERS RD,,0,40.91428333,-72.65658611,0,8,0,0,1,1,0,1,2,10,0,10,0,0000000,0,34,0,38,99,99,0,0,0,1,1
36,360477,3,3,0,0,0,8,8,103,5769,23,6,2012,7,18,42,0,3,4,CR-11,MEADOW GLEN RD,0,40.88486111,-73.28171389,0,12,6,0,2,2,0,1,1,1,0,1,0,0000000,18,44,18,52,99,99,0,0,0,1,0
36,360478,2,2,0,0,0,3,3,111,3060,25,6,2012,2,1,3,0,16,5,1ST AVE,KINGSTON AVE,0,41.93829167,-73.98031389,0,12,1,0,2,3,0,1,2,10,0,10,0,0000000,99,99,99,99,99,99,0,0,0,1,2
36,360479,1,1,0,0,0,1,1,59,4270,26,6,2012,3,1,24,0,14,6,N SERVICE RD,COMMUNITY DR,0,40.76929444,-73.70341667,0,30,0,0,3,3,0,4,3,10,0,10,0,0000000,99,99,99,99,99,99,0,0,0,1,1
36,360480,1,1,0,0,0,1,1,55,2248,27,6,2012,4,22,7,1,1,1,I-390 RAMP,BELLWOOD DR,0,43.17716389,-77.68552778,0,1,0,1,2,3,0,4,3,1,0,1,0,0000000,99,99,99,99,99,99,0,0,0,1,1
36,360481,1,1,0,0,0,1,1,9,1830,26,6,2012,3,18,22,0,2,3,SR-240,,0,42.39717778,-78.60733056,0,34,0,0,1,1,0,4,1,1,0,1,0,0000000,99,99,99,99,88,88,0,0,0,1,0
36,360482,2,2,0,0,0,3,3,63,4210,26,6,2012,3,23,34,1,2,2,US-62 NIAGARA FALLS BLVD,68TH ST,0,43.08892778,-78.98620278,0,12,6,0,3,3,0,1,3,1,0,1,0,0000000,23,35,23,38,99,99,0,0,0,1,0
36,360483,1,1,0,1,1,1,1,81,4170,27,6,2012,4,7,10,0,16,6,JEWEL AVE,QUEENS BLVD,0,40.7228,-73.84685833,0,8,0,0,3,7,0,1,1,1,0,1,0,0000000,99,99,7,17,7,31,0,0,0,1,0
36,360484,1,1,0,0,0,2,2,83,5958,28,6,2012,5,0,50,0,6,4,CR-31 CRANSTON HILL RD,,0,42.55505,-73.382525,0,1,0,0,1,1,0,4,2,1,0,1,0,0000000,0,50,0,58,8,0,0,0,0,1,1
36,360485,1,1,0,0,0,1,1,77,6799,28,6,2012,5,3,0,0,6,5,SCHENEVUS RD,,0,42.55558611,-74.76615833,0,1,0,0,1,1,0,4,2,99,0,99,0,0000000,3,4,3,15,88,88,0,0,0,1,1
36,360486,1,1,0,0,0,1,1,35,2980,28,6,2012,5,3,30,1,2,3,SR-30A,,0,43.04818333,-74.32236389,0,35,0,0,1,1,0,4,2,1,0,1,0,0000000,99,99,99,99,99,99,0,0,0,1,0
36,360487,1,1,0,0,0,2,2,43,3290,29,6,2012,6,18,3,0,3,5,BINGHAM MILLS RD,,0,43.19989444,-74.71930278,0,42,0,0,1,1,0,4,1,1,0,1,0,0000000,18,3,18,15,99,99,0,0,0,1,1
36,360488,1,1,0,0,0,1,1,75,5174,28,6,2012,5,13,8,1,2,2,US-11,,0,43.53967778,-76.11644444,0,32,0,0,1,1,0,4,1,1,0,1,0,0000000,13,13,99,99,99,99,0,0,0,1,0
36,360489,1,1,0,0,0,1,1,87,5760,29,6,2012,6,2,4,1,2,3,SR-17,HARRIMAN AVE,0,41.14968889,-74.19316111,0,25,0,0,3,3,0,3,3,10,0,10,0,0000000,99,99,99,99,88,88,0,0,0,1,1
36,360490,2,2,0,0,0,2,2,55,4730,30,6,2012,7,14,0,0,13,3,SR-404,,0,43.19046389,-77.50356944,0,12,6,0,8,1,0,1,1,1,0,1,0,0000000,14,0,14,4,14,40,0,0,0,1,0
36,360491,1,1,0,0,0,1,1,55,4730,30,6,2012,7,17,39,0,16,5,HATCH RD,,0,43.19119167,-77.48453889,0,30,0,0,1,1,0,4,1,1,0,1,0,0000000,17,39,17,43,88,88,0,0,0,1,1
36,360492,1,1,0,0,0,1,1,55,1160,1,7,2012,1,4,28,0,3,5,WESTSIDE DR,WHITTIER RD,0,43.12565,-77.76573333,0,42,0,0,3,3,0,4,3,1,0,1,0,0000000,4,28,4,33,88,88,0,0,0,1,0
36,360493,2,2,0,0,0,3,3,21,3313,2,7,2012,2,11,38,0,3,3,SR-82,BELLS POND RD,0,42.17112222,-73.75669167,0,12,1,0,3,3,0,1,1,1,0,1,0,0000000,11,38,11,43,12,47,0,0,0,1,0
36,360494,3,3,0,0,0,3,3,103,2920,1,7,2012,1,20,35,1,12,3,SR-27,,0,40.74222222,-73.20676111,0,12,1,0,1,1,0,1,5,10,0,10,0,0000000,99,99,99,99,99,99,0,0,0,1,1
36,360495,1,1,0,0,0,1,1,25,2130,3,7,2012,3,20,35,0,3,3,SR-28,,0,42.40014722,-75.08068056,0,34,0,0,1,1,0,4,5,10,0,10,0,0000000,99,99,99,99,99,99,0,0,0,1,0
36,360496,2,2,0,0,0,5,5,81,4170,3,7,2012,3,20,45,0,13,6,ASTORIA BLVD,88TH ST,0,40.76408889,-73.88118611,0,12,6,0,2,2,0,1,3,1,0,1,0,0000000,20,45,99,99,88,88,0,0,0,1,0
36,360497,1,1,0,1,1,1,1,29,3140,2,7,2012,2,8,5,0,16,6,WALDEN AVE,SHELDON AVE,0,42.91465,-78.67940833,0,9,0,0,2,2,0,1,1,1,0,1,0,0000000,99,99,99,99,99,99,0,0,0,1,0
36,360498,1,1,0,0,0,1,1,67,3500,4,7,2012,4,22,0,0,6,6,OLD FREEMONT RD,,0,43.07660556,-76.02816389,0,24,0,0,1,1,0,4,3,1,0,1,0,0000000,99,99,99,99,99,99,0,0,0,1,1
36,360499,1,1,0,0,0,1,1,123,4740,30,6,2012,7,4,15,0,4,4,CR-15 PRE EMPTION RD,,0,42.76021389,-77.01651111,0,24,0,0,1,1,0,4,2,1,0,1,0,0000000,8,8,8,8,88,88,0,0,0,1,0
36,360500,2,2,0,0,0,2,2,29,3140,5,7,2012,5,7,39,0,5,6,WALDEN AVE,RANSOM RD,0,42.92858056,-78.59296667,0,12,6,0,2,2,0,1,1,1,0,1,0,0000000,99,99,99,99,88,88,0,0,0,1,0
36,360501,1,1,0,0,0,5,5,39,1400,3,7,2012,3,23,4,1,1,1,I-87,,0,99.99990000,999.99990000,0,24,0,0,1,1,0,3,2,10,0,10,0,0000000,23,4,23,12,99,99,0,0,0,1,0
36,360502,2,2,0,0,0,3,3,103,1650,4,7,2012,4,21,16,1,2,3,SR-27 MONTAUK HWY,S FOX ST,0,41.04048889,-71.93519444,0,12,2,0,2,3,0,1,2,1,0,1,0,0000000,21,15,21,26,21,59,0,0,0,1,0
36,360503,2,2,0,0,0,3,3,49,4990,6,7,2012,6,11,18,0,2,3,SR-12,,0,43.53335278,-75.32331111,0,12,1,0,1,1,0,1,1,1,0,1,0,0000000,11,21,11,30,12,22,0,0,0,1,0
36,360504,2,2,0,0,0,2,2,25,1490,12,5,2012,7,17,32,0,4,3,SR-10,FALLS MIKKS RD,0,42.30013611,-74.90085278,0,12,6,0,2,3,0,1,1,1,0,1,0,0000000,17,34,17,41,88,88,0,0,0,1,0
36,360505,2,2,0,0,0,2,2,103,5870,27,6,2012,4,18,20,0,5,4,CR-48,DEPOT LN,0,41.02331111,-72.50043611,0,12,6,0,2,2,0,1,1,1,0,1,0,0000000,99,99,99,99,99,99,0,0,0,1,0
36,360506,3,3,0,1,1,1,1,23,6125,6,7,2012,6,2,58,1,2,3,SR-13,,0,42.68157778,-76.06416667,0,12,7,0,1,1,0,1,2,1,0,1,0,0000000,99,99,99,99,88,88,0,0,0,1,1
36,360507,1,1,0,0,0,1,1,105,532,7,7,2012,7,22,25,0,5,6,MURPHY RD,,0,41.75095556,-74.80885833,0,42,0,0,1,1,0,4,2,10,0,10,0,0000000,22,22,99,99,99,99,0,0,0,1,1
36,360508,1,1,0,0,0,1,1,71,2320,5,7,2012,5,15,33,1,2,3,SR-17,,0,41.42369722,-74.35516944,0,24,0,0,1,1,0,3,1,1,0,1,0,0000000,15,33,15,42,99,99,0,0,0,1,0
36,360509,1,1,0,1,1,1,1,91,390,7,7,2012,7,20,33,0,5,6,WEST MILTON RD,,0,43.03226111,-73.927675,0,8,0,0,1,1,0,2,1,1,0,1,0,0000000,99,99,99,99,99,99,0,0,0,1,1
36,360510,1,1,0,0,0,1,1,91,3712,6,7,2012,6,15,14,0,6,4,CR-13 FAYVILLE RD,,0,99.99990000,999.99990000,0,32,0,0,1,1,0,4,1,1,0,1,0,0000000,15,15,99,99,88,88,0,0,0,1,0
36,360511,2,2,0,0,0,3,3,33,5460,7,7,2012,7,9,3,0,3,3,SR-30 S,,0,44.36618333,-74.23171667,0,12,6,0,8,1,0,1,1,2,10,2,0,0000000,9,3,9,14,9,48,0,0,0,1,0
36,360512,1,1,0,0,0,1,1,83,5566,8,7,2012,1,18,40,0,6,6,RICE RD,,0,42.54711944,-73.62453611,0,42,0,0,1,1,0,4,1,1,0,1,0,0000000,99,99,99,99,88,88,0,0,0,1,0
36,360513,1,1,0,0,0,1,1,101,3275,8,7,2012,1,22,12,0,6,4,CR-116,,0,42.00425278,-77.10809444,0,24,0,0,1,1,0,4,2,10,0,10,0,0000000,22,14,22,35,88,88,0,0,0,1,0
36,360514,2,2,0,0,0,3,3,59,4600,7,7,2012,7,18,55,0,2,3,SR-107 GLEN COVE RD,,0,40.85057222,-73.61849167,0,12,6,0,8,1,0,1,1,10,0,10,0,0000000,99,99,99,99,99,99,0,0,0,2,0
36,360515,2,2,0,0,0,6,6,119,6820,8,7,2012,1,12,17,1,12,1,I-987D,,0,40.93373611,-73.879325,0,12,1,0,1,1,0,1,1,10,0,10,0,0000000,99,99,99,99,99,99,0,0,0,2,0
36,360516,1,1,0,0,0,1,1,59,2600,8,7,2012,1,16,48,0,14,5,JERUSALEM AVE,,0,40.69418056,-73.57908889,0,33,0,0,1,1,0,4,1,1,0,1,0,0000000,99,99,99,99,99,99,0,0,0,1,1
36,360517,2,2,0,0,0,4,4,119,1379,8,7,2012,1,19,54,0,3,6,BEAR MOUNTAIN PARKWAY,,0,41.30304722,-73.88942778,0,12,2,0,1,1,0,1,1,1,0,1,0,0000000,19,54,19,56,20,20,0,0,0,1,1
36,360518,1,1,0,0,0,2,2,9,5962,9,7,2012,2,18,52,0,2,3,SR-950A W PERIMETER RD,,0,42.08702222,-78.89325278,0,30,0,0,1,1,0,4,1,1,0,1,0,0000000,99,99,99,99,99,99,0,0,0,1,1
36,360519,1,1,0,1,1,2,2,9,9997,9,7,2012,2,7,29,0,5,4,CR-2 JACKSON CORNERS RD,BROOKSIDE LN,0,42.03084722,-73.76333333,0,9,0,0,3,3,0,1,1,1,0,1,0,0000000,7,30,7,56,8,52,0,0,0,1,0
36,360520,1,1,0,0,0,1,1,77,2270,9,7,2012,2,0,30,0,6,6,CHICKEN FARM RD,,0,42.45179444,-75.27694722,0,43,0,0,1,1,0,4,2,1,0,1,0,0000000,99,99,99,99,88,88,0,0,0,1,1
36,360521,2,2,0,0,0,5,5,29,2348,9,7,2012,2,0,47,1,11,1,I-190,,0,43.07761667,-78.99099444,0,12,2,0,1,1,0,1,2,1,0,1,0,0000000,0,47,0,50,99,99,0,0,0,3,0
36,360522,1,1,0,1,1,1,1,103,5810,9,7,2012,2,20,30,0,6,5,ROSE HILL RD,,0,40.90938056,-72.33793333,0,8,0,0,1,1,0,4,5,1,0,1,0,0000000,20,38,99,99,88,88,0,0,0,1,0
36,360523,3,3,0,0,0,3,3,103,5810,8,7,2012,1,13,37,0,6,5,ARGONNE RD E,GRAVEL HILL RD,0,40.87541944,-72.51033889,0,12,6,0,2,3,0,1,1,1,0,1,0,0000000,13,39,13,51,99,99,0,0,0,1,0
36,360524,1,1,0,1,1,1,1,67,3500,10,7,2012,3,7,56,0,6,6,KIRKVILLE RD,FREMONT RD,0,43.07921389,-76.02796389,0,9,0,0,3,2,0,1,1,1,0,1,0,0000000,99,99,99,99,99,99,0,0,0,1,0
36,360525,2,2,0,0,0,2,2,29,156,3,7,2012,3,22,53,0,6,6,NORTH FRENCH RD,,0,43.03486111,-78.7712,0,12,1,0,8,1,0,1,3,10,0,10,0,0000000,99,99,99,99,99,99,0,0,0,1,0
36,360526,1,1,0,1,1,1,1,55,4730,10,7,2012,3,22,24,0,13,3,SR-404,,0,43.18875,-77.50440556,0,8,0,0,1,1,0,1,2,1,0,1,0,0000000,22,24,22,28,22,48,0,0,0,1,0
36,360527,1,1,0,0,0,1,1,71,2690,11,7,2012,4,20,5,0,14,2,US-9W,,0,99.99990000,999.99990000,0,24,0,0,1,1,0,4,5,1,0,1,0,0000000,20,7,20,10,99,99,0,0,0,1,0
36,360528,1,1,0,0,0,1,1,75,6628,11,7,2012,4,20,45,0,4,4,CR-11,SMITH RD,0,43.36420278,-76.07687222,0,42,0,0,3,2,0,4,5,1,0,1,0,0000000,99,99,99,99,88,88,0,0,0,1,1
36,360529,2,2,0,0,0,5,5,5,4170,11,7,2012,4,20,51,1,11,1,I-95,PELHAM PKY,0,40.85707778,-73.82628333,0,12,1,1,3,2,0,1,3,1,0,1,0,0000000,99,99,99,99,99,99,0,0,0,1,0
36,360530,1,1,0,1,1,3,3,81,4170,10,7,2012,3,10,59,1,13,3,SR-907M,,0,40.70569167,-73.85207778,0,8,0,0,1,1,4,1,1,1,0,1,0,0000000,10,59,11,14,99,99,0,0,0,1,1
36,360531,1,1,0,0,0,1,1,67,810,12,7,2012,5,22,46,1,2,3,SR-5,,0,99.99990000,999.99990000,0,24,0,1,5,1,0,4,3,1,0,1,0,0000000,99,99,99,99,99,99,0,0,0,1,0
36,360532,2,2,0,0,0,3,3,29,6090,11,7,2012,4,11,29,1,13,3,SR-62,GREENHAVEN TERR,0,43.00747778,-78.82240278,0,12,6,0,2,2,0,1,1,1,0,1,0,0000000,99,99,99,99,99,99,0,0,0,1,0
36,360533,1,1,0,0,0,1,1,89,880,14,7,2012,7,16,2,0,14,4,CR-68,,0,44.59448889,-75.18479167,0,31,0,0,1,1,0,4,1,1,0,1,0,0000000,99,99,99,99,99,99,0,0,0,1,1
36,360534,1,1,0,0,0,1,1,71,6410,13,7,2012,6,6,25,0,6,4,CR-6,SIDOTI LANE,0,41.313,-74.4441,0,30,0,0,2,3,0,4,1,1,0,1,0,0000000,99,99,99,99,88,88,0,0,0,1,0
36,360535,1,1,0,0,0,1,1,3,2828,15,7,2012,1,9,13,0,3,4,CR-19,,0,42.46643056,-78.11585833,0,5,0,0,1,1,0,1,1,10,2,2,0,0000000,9,13,9,21,9,53,0,0,0,1,0
36,360536,3,3,0,0,0,3,3,51,3240,9,7,2012,2,13,52,0,6,5,W MAIN RD,,0,42.90253889,-77.62653056,0,12,1,0,8,1,0,1,1,10,0,10,0,0000000,99,99,99,99,99,99,0,0,0,1,0
36,360537,1,1,0,1,1,1,1,23,1380,15,7,2012,1,22,2,1,1,1,I-81,,0,42.61757778,-76.18042778,0,8,0,0,1,1,0,1,1,10,0,10,0,0000000,22,3,22,9,99,99,0,0,0,1,0
36,360538,1,1,0,1,1,3,3,63,4070,16,7,2012,2,12,10,0,4,6,TRANSIT RD,,0,43.32820833,-78.69673611,0,9,0,0,1,1,0,1,1,1,0,1,0,0000000,99,99,99,99,88,88,0,0,0,1,0
36,360539,1,1,0,0,0,2,2,1,2464,15,7,2012,1,21,1,1,1,1,I-90,,1490,42.69568333,-73.84421944,0,52,0,0,1,1,0,3,3,1,0,1,0,0000000,21,1,21,7,23,0,0,0,0,1,0
36,360540,1,1,0,1,1,1,1,61,4170,24,5,2012,5,1,26,0,13,6,BROADWAY,W 14TH ST,0,40.73463889,-73.99073333,0,8,0,0,3,2,0,1,3,10,0,10,0,0000000,99,99,99,99,99,99,0,0,0,1,0
36,360541,2,2,0,0,0,2,2,67,3425,15,7,2012,1,2,52,1,2,3,SR-690,,0,43.18563333,-76.36023889,0,12,6,0,7,1,0,1,2,1,0,1,0,0000000,2,52,2,56,3,28,0,0,0,1,0
36,360542,2,2,0,0,0,2,2,13,5651,15,5,2012,3,15,48,0,13,2,US-20,CR-81,0,42.45988611,-79.28673611,0,12,6,0,2,2,0,1,1,1,0,1,0,0000000,99,99,99,99,99,99,0,0,0,1,0
36,360543,1,1,0,0,0,2,2,103,2920,3,6,2012,1,16,52,1,12,3,SR-908M,,0,40.75592778,-73.21601111,0,42,0,0,1,1,0,4,1,10,0,10,0,0000000,99,99,99,99,99,99,0,0,0,1,0
36,360544,1,1,0,1,1,1,1,47,4170,29,6,2012,6,10,20,0,16,6,77TH ST,5TH AVE,0,40.62794722,-74.02331111,0,8,0,0,3,2,0,1,1,1,0,1,0,0000000,99,99,99,99,99,99,0,0,0,1,0