STATE,ST_CASE,VE_TOTAL,VE_FORMS,PVH_INVL,PEDS,PERNOTMVIT,PERMVIT,PERSONS,COUNTY,CITY,DAY,MONTH,YEAR,DAY_WEEK,HOUR,MINUTE,NHS,ROAD_FNC,ROUTE,TWAY_ID,TWAY_ID2,MILEPT,LATITUDE,LONGITUD,SP_JUR,HARM_EV,MAN_COLL,RELJCT1,RELJCT2,TYP_INT,WRK_ZONE,REL_ROAD,LGT_COND,WEATHER1,WEATHER2,WEATHER,SCH_BUS,RAIL,NOT_HOUR,NOT_MIN,ARR_HOUR,ARR_MIN,HOSP_HR,HOSP_MN,CF1,CF2,CF3,FATALS,DRUNK_DR
36,360545,1,1,0,2,2,1,1,63,4210,18,6,2012,2,22,0,0,16,6,HYDE PARK BLVD,JERAULD AVE,0,43.11021389,-79.03104722,0,8,0,0,2,2,0,1,3,1,0,1,0,0000000,22,2,22,5,99,99,0,0,0,1,0
36,360546,2,2,0,0,0,2,2,47,4170,16,7,2012,2,10,35,0,13,6,AVE P,E 8TH ST,0,40.60966389,-73.96521944,0,12,6,0,2,2,0,1,1,1,0,1,0,0000000,99,99,99,99,99,99,0,0,0,1,0
36,360547,1,1,0,1,1,1,1,59,4600,16,7,2012,2,20,45,0,14,6,MERRICK RD,CARMAN MILL RD,0,40.66936389,-73.43240278,0,8,0,0,3,3,0,1,3,1,0,1,0,0000000,99,99,99,99,88,88,0,0,0,1,0
36,360548,1,1,0,0,0,1,1,23,2544,17,7,2012,3,9,59,0,6,6,MICHIGAN HILL RD,,0,42.41418889,-76.19521667,0,35,0,0,1,1,0,4,1,1,0,1,0,0000000,99,99,99,99,99,99,0,0,0,1,0
36,360549,2,2,0,0,0,6,6,47,4170,2,7,2012,2,16,30,0,16,6,MARCY AVE,MONROE ST,0,40.68584444,-73.94732778,0,12,6,0,2,2,0,1,1,1,0,1,0,0000000,99,99,99,99,99,99,0,0,0,1,0
36,360550,2,2,0,0,0,2,2,101,813,17,7,2012,3,10,2,0,5,6,TUCKER RD,MCINTOSH RD,0,42.246525,-77.30128056,0,12,6,0,2,2,0,1,1,1,0,1,0,0000000,99,99,99,99,99,99,0,0,0,1,0
36,360551,2,2,0,0,0,3,3,67,3540,15,7,2012,1,2,10,0,2,3,SR-174,ROCKWELL RD,0,42.94695,-76.3308,0,12,6,0,2,3,0,1,2,1,0,1,0,0000000,99,99,99,99,99,99,0,0,0,1,1
36,360552,2,2,0,0,0,2,2,91,2402,17,7,2012,3,11,36,0,6,4,CR-21,,0,43.08276944,-73.95065,0,12,9,0,1,1,0,1,1,1,0,1,0,0000000,99,99,99,99,99,99,0,0,0,1,0
36,360553,1,1,0,0,0,3,3,71,1140,18,7,2012,4,8,30,1,2,3,SR-17,,0,41.37304722,-74.29318333,0,24,0,0,1,1,0,4,1,1,0,1,0,0000000,99,99,99,99,99,99,0,0,0,1,0
36,360554,2,2,0,0,0,3,3,123,5952,18,7,2012,4,14,38,1,2,3,SR-14,,0,42.466825,-76.91739722,0,12,2,0,1,1,0,1,1,1,0,1,0,0000000,14,38,14,43,16,37,0,0,0,2,0
36,360555,2,2,0,0,0,6,6,27,2785,18,7,2012,4,16,14,0,15,4,CR-9 BEEKMAN RD,CHAMPLAIN DR,0,41.59793333,-73.75606389,0,1,0,0,3,3,0,1,1,10,0,10,0,0000000,16,14,16,21,17,6,0,0,0,1,0
36,360556,2,2,0,0,0,2,2,55,5230,19,7,2012,5,16,12,0,16,6,PORTLAND AVE,CHAPIN ST,0,43.18449167,-77.58394167,0,5,0,0,3,3,0,1,1,10,0,10,1,0000000,16,12,16,16,88,88,0,0,0,1,1
36,360557,2,1,1,1,1,1,1,81,4170,18,7,2012,4,22,51,0,16,6,GREENPOINT AVE,39TH PL,0,40.73901667,-73.92611389,0,9,0,0,2,2,0,1,3,1,0,1,0,0000000,22,51,22,56,88,88,0,0,0,1,1
36,360558,1,1,0,0,0,1,1,83,5439,22,7,2012,1,23,5,0,4,4,CR-66,,0,42.64550556,-73.54858889,0,53,0,0,1,1,0,4,2,1,0,1,0,0000000,99,99,99,99,99,99,0,0,0,1,1
36,360559,6,6,0,0,0,10,10,45,220,19,7,2012,5,9,7,1,2,2,US-11,,0,44.24655278,-75.58976389,0,12,1,0,1,1,2,1,1,1,0,1,0,0000000,9,8,9,20,99,99,0,0,0,6,0
36,360560,1,1,0,0,0,1,1,29,750,10,7,2012,3,11,57,1,13,1,I-190 RAMP,SR-5,0,42.88131111,-78.88091944,0,25,0,1,5,1,0,4,1,10,0,10,0,0000000,99,99,99,99,12,13,0,0,0,1,0
36,360561,1,1,0,0,0,1,1,103,4971,18,7,2012,4,20,12,1,2,3,SR-347,,0,40.91249444,-73.06078333,0,24,0,0,1,1,0,3,3,2,0,2,0,0000000,99,99,99,99,88,88,0,0,0,1,1
36,360562,2,2,0,0,0,2,2,103,5769,9,7,2012,2,8,5,0,6,5,LANDING AVE,OAKSIDE DR,0,40.87514444,-73.20983056,0,12,6,0,2,3,0,1,1,1,0,1,0,0000000,99,99,99,99,99,99,0,0,0,1,0
36,360563,1,1,0,0,0,3,3,11,3880,20,7,2012,6,17,58,0,5,5,LONGHILL RD,,0,42.73294722,-76.47155278,0,34,0,0,1,1,0,4,1,2,0,2,0,0000000,99,99,99,99,99,99,0,0,0,1,0
36,360564,1,1,0,0,0,3,3,55,1160,22,7,2012,1,5,43,1,1,1,I-490,,0,43.09461667,-77.87873611,0,1,0,0,1,1,0,4,1,10,0,10,0,0000000,5,50,5,53,99,99,0,0,0,1,0
36,360565,2,2,0,0,0,3,3,29,613,21,7,2012,7,23,2,1,2,2,US-20,,0,42.58838056,-79.04872778,3,12,6,0,8,1,0,1,2,1,0,1,0,0000000,99,99,99,99,99,99,0,0,0,1,1
36,360566,2,2,0,0,0,7,7,59,4600,23,7,2012,2,15,15,0,16,6,OYSTER BAY RD,,0,40.87878333,-73.58156389,0,50,0,0,1,1,0,1,1,1,0,1,1,0000000,99,99,99,99,99,99,0,0,0,1,0
36,360567,2,2,0,0,0,2,2,103,705,24,7,2012,3,16,52,1,11,1,I-495,,0,40.81270556,-73.11635,0,12,1,0,1,1,0,1,1,1,0,1,0,0000000,99,99,99,99,99,99,0,0,0,1,1
36,360568,1,1,0,0,0,8,8,81,4170,22,7,2012,1,3,17,0,16,6,94TH AVE,,0,40.69723056,-73.81283611,0,38,0,0,1,1,0,4,3,1,0,1,0,0000000,99,99,99,99,99,99,0,0,0,5,0
36,360569,1,1,0,0,0,1,1,101,5040,24,7,2012,3,9,13,0,6,5,MATTOON RD,,0,42.50878611,-77.32186111,0,34,0,0,1,1,0,4,1,99,0,99,0,0000000,9,13,9,43,88,88,0,0,0,1,1
36,360570,1,1,0,0,0,1,1,117,6710,25,7,2012,4,21,28,0,5,4,CR-103,,0,43.22520833,-77.20128056,0,41,0,0,1,1,0,4,3,10,0,10,0,0000000,21,28,21,39,22,26,0,0,0,1,1
36,360571,1,1,0,0,0,1,1,19,1817,22,7,2012,1,22,40,0,2,3,SR-190,,0,44.88428889,-73.87230278,0,1,0,0,1,1,0,1,2,10,0,10,0,0000000,22,41,22,48,23,28,0,0,0,1,1
36,360572,1,1,0,2,2,1,1,59,2600,21,7,2012,7,0,38,0,16,6,JERUSALEM AVE,LEONARD AVE,0,40.70175278,-73.60017778,0,8,0,0,2,2,0,1,3,10,0,10,0,0000000,99,99,99,99,1,1,0,0,0,1,0
36,360573,1,1,0,1,1,1,1,59,2600,26,7,2012,5,12,2,0,15,6,NASSAU RD,BABYLON TPK,0,40.67839444,-73.58880278,0,8,0,0,3,4,0,1,1,10,0,10,0,0000000,99,99,99,99,99,99,0,0,0,1,0
36,360574,1,1,0,0,0,1,1,83,4768,27,7,2012,6,19,33,0,3,3,SR-2,,0,42.74264444,-73.286875,0,24,0,0,1,1,0,4,2,1,0,1,0,0000000,99,99,99,99,88,88,0,0,0,1,0
36,360575,1,1,0,0,0,2,2,45,1840,28,7,2012,7,21,25,0,3,4,CR-75,,0,43.78314722,-76.12056944,0,1,0,0,1,1,0,4,2,1,0,1,0,0000000,99,99,99,99,99,99,0,0,0,1,1
36,360576,1,1,0,0,0,3,3,41,3364,25,7,2012,4,2,0,0,6,5,TUPPER RD,,0,99.99990000,999.99990000,0,35,0,0,1,1,0,4,2,1,0,1,0,0000000,2,5,2,20,3,35,0,0,0,1,0
36,360577,2,2,0,0,0,5,5,59,2600,25,7,2012,4,23,35,0,16,6,BELLMORE AVE,,0,99.99990000,999.99990000,0,12,6,0,1,1,0,1,3,1,0,1,0,0000000,23,39,23,43,0,1,0,0,0,1,0
36,360578,2,2,0,0,0,3,3,15,1850,21,7,2012,7,23,28,0,15,6,MADISON AVE,,0,42.10151111,-76.80437778,0,33,0,0,1,1,0,4,3,1,0,1,0,0000000,99,99,99,99,99,99,0,0,0,1,1
36,360579,2,2,0,0,0,4,4,103,1650,29,7,2012,1,12,34,0,3,3,SR-114,,0,40.981825,-72.25101944,0,12,2,0,1,1,0,1,1,10,0,10,0,0000000,12,34,12,43,13,15,0,0,0,1,0
36,360580,1,1,0,1,1,1,1,61,4170,18,4,2012,4,18,38,0,16,6,5TH AVE,E 82ND ST,0,40.77891111,-73.96224444,0,9,0,0,2,3,0,1,1,10,0,10,0,0000000,99,99,99,99,99,99,0,0,0,1,0
36,360581,1,1,0,1,1,1,1,47,4170,21,5,2012,2,10,50,0,15,6,AVE L,E 19TH ST,0,40.62081111,-73.9567,0,8,0,0,3,2,0,1,1,2,10,2,0,0000000,99,99,99,99,99,99,0,0,0,1,0
36,360582,2,2,0,0,0,3,3,115,6660,25,7,2012,4,6,20,1,2,2,US-4,CR-9B BECKWITH RD,0,43.55638611,-73.34909167,0,12,6,0,2,2,0,1,1,1,0,1,0,0000000,6,21,6,34,7,15,0,0,0,1,0
36,360583,2,2,0,0,0,2,2,47,4170,29,5,2012,3,13,30,0,14,6,3RD AVE,3RD ST,0,40.67506667,-73.98792222,0,12,6,0,2,2,0,1,1,1,0,1,0,0000000,99,99,99,99,99,99,0,0,0,1,0
36,360584,1,1,0,0,0,1,1,81,4170,17,6,2012,1,21,42,0,16,6,155-16 77TH ST,,0,40.66273333,-73.85642222,0,33,0,0,1,1,0,4,2,1,0,1,0,0000000,99,99,99,99,99,99,0,0,0,1,0
36,360585,4,1,3,0,0,2,2,71,4060,28,7,2012,7,5,1,0,16,6,LEROY PL,NICOLL ST,0,41.51406667,-74.00835,0,42,0,0,2,4,0,4,3,1,0,1,0,0000000,5,1,5,7,5,25,0,0,0,2,0
36,360586,2,2,0,0,0,3,3,81,4170,1,6,2012,6,0,40,1,13,5,LEFFERTS BLVD,ROCKAWAY BLVD,0,40.67598889,-73.81911111,0,12,2,0,3,2,0,1,3,1,0,1,0,0000000,99,99,99,99,99,99,0,0,0,1,0
36,360587,1,1,0,1,1,1,1,81,4170,10,6,2012,1,18,7,0,13,6,FRESH POND RD,PUTNAM RD,0,40.70647222,-73.8969,0,8,0,0,2,3,0,1,1,1,0,1,0,0000000,99,99,99,99,99,99,0,0,0,1,0
36,360588,1,1,0,1,1,1,1,47,4170,12,6,2012,3,11,24,0,16,6,BEDFORD AVE,EMPIRE BLVD,0,40.66346111,-73.95713333,0,9,0,0,2,2,0,1,1,10,0,10,0,0000000,99,99,99,99,88,88,0,0,0,1,0
36,360589,3,3,0,0,0,9,9,47,4170,22,6,2012,6,2,43,0,15,6,HALSEY ST,WILSON AVE,0,40.69146389,-73.909525,0,12,1,0,3,2,0,1,3,1,0,1,0,0000000,99,99,99,99,99,99,0,0,0,2,1
36,360590,1,1,0,1,1,1,1,61,4170,28,6,2012,5,12,40,0,15,6,E 6TH ST,,0,40.72188889,-73.97536111,0,9,0,0,1,1,0,1,1,1,0,1,0,0000000,99,99,99,99,99,99,0,0,0,1,0
36,360591,1,1,0,0,0,2,2,5,4170,12,7,2012,5,0,57,0,16,6,OVERING ST,E TREMONT AVE,0,40.84289167,-73.84849167,0,19,0,0,3,3,0,4,3,1,0,1,0,0000000,99,99,99,99,99,99,0,0,0,1,0
36,360592,2,2,0,0,0,2,2,81,4170,30,6,2012,7,0,31,0,16,6,39TH AVE,64TH ST,0,40.74645278,-73.89981944,0,12,6,0,2,2,0,1,3,1,0,1,0,0000000,99,99,99,99,99,99,0,0,0,1,1
36,360593,2,2,0,2,2,2,2,5,4170,14,7,2012,7,1,21,0,13,6,GRAND CONCOURSE,E 170TH ST,0,40.83854444,-73.91373333,0,8,0,0,3,2,0,1,3,10,0,10,0,0000000,99,99,99,99,99,99,0,0,0,1,1
36,360594,2,2,0,1,1,2,2,5,4170,13,7,2012,6,23,18,0,13,6,WEBSTER AVE,,0,40.87749167,-73.87179167,0,9,0,0,1,1,0,1,3,10,0,10,0,0000000,99,99,99,99,99,99,0,0,0,1,0
36,360595,2,2,0,0,0,4,4,103,360,24,1,2012,3,19,43,0,4,4,CR-3,LONG ISLAND AVE,0,40.74505278,-73.40079167,0,12,1,0,3,3,0,1,3,1,0,1,0,0000000,99,99,99,99,99,99,0,0,0,1,1
36,360596,1,1,0,1,1,1,1,61,4170,14,7,2012,7,21,16,0,16,6,BROADWAY,W 99TH ST,0,40.79654444,-73.97026944,0,8,0,0,2,2,0,1,3,1,0,1,0,0000000,99,99,99,99,99,99,0,0,0,1,0
36,360597,1,1,0,1,1,1,1,81,4170,24,7,2012,3,10,10,0,14,6,ROOSEVELT AVE,82NS ST,0,40.74774444,-73.88390833,0,8,0,0,2,2,0,1,1,1,0,1,0,0000000,99,99,99,99,99,99,0,0,0,1,0
36,360598,3,3,0,0,0,12,12,105,3850,17,7,2012,3,15,33,0,14,3,SR-42,,0,41.67044167,-74.67229722,0,33,0,0,1,1,0,4,1,1,0,1,0,0000000,15,35,15,47,16,7,0,0,0,1,0
36,360599,1,1,0,1,1,1,1,103,2920,26,7,2012,5,19,56,0,16,6,WASHINGTON AVE,HEYWARD ST,0,40.79866944,-73.24783056,0,8,0,0,3,3,0,1,2,10,0,10,0,0000000,19,59,20,8,20,30,0,0,0,1,0
36,360600,2,2,0,0,0,3,3,59,4600,29,7,2012,1,4,15,1,11,1,I-495,,0,40.785725,-73.53218056,0,12,2,0,1,1,0,1,3,2,10,2,0,0000000,99,99,99,99,99,99,0,0,0,1,1
36,360601,2,2,0,0,0,3,3,115,2360,29,7,2012,1,6,58,0,3,3,SR-22,,0,99.99990000,999.99990000,0,12,2,0,1,1,0,1,1,2,10,2,0,0000000,99,99,99,99,99,99,0,0,0,1,1
36,360602,2,1,1,0,0,3,3,5,4170,16,7,2012,2,23,17,1,13,6,WEBSTER AVE,,0,40.89124444,-73.86556944,0,14,0,0,1,1,0,7,3,1,0,1,0,0000000,99,99,99,99,99,99,0,0,0,1,1
36,360603,2,1,1,0,0,1,1,101,6500,30,7,2012,2,20,46,0,6,6,WEARKLEY RD,,0,42.4974,-77.60411944,0,14,0,0,1,1,0,4,2,1,0,1,0,0000000,99,99,99,99,88,88,0,0,0,1,1
36,360604,1,1,0,1,1,1,1,103,2920,20,7,2012,6,16,32,1,2,3,SR-454,ST JAMES ST,0,99.99990000,999.99990000,0,9,0,0,3,3,0,1,1,2,0,2,0,0000000,99,99,99,99,99,99,0,0,0,1,0
36,360605,3,1,2,0,0,1,1,61,4170,30,7,2012,2,21,50,0,15,6,ST NICHOLAS PL,W 152ND ST,0,40.82848333,-73.94156111,0,14,0,0,3,3,0,7,3,1,0,1,0,0000000,99,99,99,99,99,99,0,0,0,1,1
36,360606,1,1,0,1,1,1,1,29,1500,30,7,2012,2,7,5,0,15,6,BROADWAY,,0,42.90165278,-78.68908611,0,33,0,0,1,1,0,4,1,1,0,1,0,0000000,99,99,99,99,88,88,0,0,0,1,0
36,360607,1,1,0,1,1,1,1,29,1117,30,7,2012,2,1,23,0,13,3,SR-277,,0,42.92038333,-78.75409722,0,8,0,0,1,1,0,1,3,1,0,1,0,0000000,99,99,99,99,99,99,0,0,0,1,0
36,360608,2,2,0,0,0,2,2,119,5802,1,8,2012,4,16,16,0,14,3,SR-202,,0,41.33917778,-73.67289722,0,12,2,0,1,1,0,1,1,2,10,2,0,0000000,16,16,16,20,17,0,0,0,0,1,0
36,360609,2,2,0,0,0,2,2,27,5951,1,8,2012,4,12,5,0,5,3,SR-82,GRISTMILL LN,0,41.861,-73.71744444,0,12,1,0,3,3,0,1,1,10,0,10,0,0000000,12,5,12,11,13,6,0,0,0,1,0
36,360610,2,2,0,0,0,4,4,29,750,1,8,2012,4,14,26,0,16,6,E DELEVAN AVE,,0,42.92198611,-78.84858889,0,12,2,0,1,1,0,1,1,1,0,1,0,0000000,14,34,14,53,14,56,0,0,0,1,0
36,360611,3,2,1,0,0,7,7,27,5030,1,8,2012,4,16,38,0,15,6,BAKER ST,WORRALL AVE,0,41.69551111,-73.90925,0,12,6,0,2,2,0,1,1,10,0,10,0,0000000,99,99,99,99,99,99,0,0,0,2,1
36,360612,2,1,1,0,0,1,1,81,4170,21,7,2012,7,20,8,0,13,6,MERRICK BLVD,,0,40.68563611,-73.773025,0,30,0,0,1,1,0,4,3,10,0,10,0,0000000,99,99,99,99,99,99,0,0,0,1,0
36,360613,1,1,0,1,1,2,2,61,4170,30,7,2012,2,19,50,0,14,6,PARK AVE,E 108TH ST,0,40.79428333,-73.94705,0,9,0,0,2,2,0,1,3,1,0,1,0,0000000,99,99,99,99,99,99,0,0,0,1,0
36,360614,2,2,0,0,0,2,2,51,350,2,8,2012,5,14,39,0,3,4,CR-39,,0,42.87215556,-77.77010278,0,12,6,0,1,1,0,1,1,10,0,10,0,0000000,99,99,99,99,88,88,0,0,0,1,0
36,360615,2,2,0,0,0,5,5,103,2840,2,8,2012,5,11,19,1,13,3,SR-908G,,0,40.81129722,-73.39285,0,12,7,0,1,1,0,1,1,1,0,1,0,0000000,11,19,11,23,11,50,0,0,0,1,0
36,360616,1,1,0,1,1,2,2,51,350,4,8,2012,7,15,40,0,3,4,CR-15,,0,42.90353889,-77.70736111,0,8,0,0,1,1,0,1,1,10,0,10,0,0000000,99,99,99,99,99,99,0,0,0,1,0
36,360617,3,3,0,0,0,4,4,55,2710,2,8,2012,5,9,27,0,16,5,RIDGE RD W,HINKLEYVILLE RD,0,43.22342778,-77.84692778,0,12,1,0,3,3,0,1,1,1,0,1,0,0000000,9,27,9,35,10,5,0,0,0,1,0
36,360618,2,2,0,0,0,2,2,93,4225,4,8,2012,7,15,57,0,5,6,AQUEDUCT RD,,0,42.84850278,-73.89177222,0,12,2,0,1,1,0,1,1,1,0,1,0,0000000,99,99,99,99,99,99,0,0,0,1,1
36,360619,1,1,0,1,1,1,1,85,4170,3,8,2012,6,16,15,0,16,6,MANOR RD,SCHMIDTS LANE,0,40.60881667,-74.12113889,0,8,0,0,2,3,0,1,1,1,0,1,0,0000000,99,99,99,99,99,99,0,0,0,1,0
36,360620,1,1,0,1,1,3,3,53,1530,3,8,2012,6,17,57,0,6,4,CR-60 DUGWAY RD,,0,42.82527222,-75.81213333,0,8,0,0,1,1,0,1,1,1,0,1,0,0000000,17,56,18,7,88,88,0,0,0,1,0
36,360621,2,2,0,0,0,5,5,15,3790,4,8,2012,7,13,48,0,6,6,MIDDLE RD,BURCH HILL RD,0,42.25493889,-76.81752778,0,12,6,0,3,4,0,1,1,10,0,10,0,0000000,13,58,14,7,14,42,0,0,0,1,0
36,360622,1,1,0,1,1,1,1,65,5260,4,8,2012,7,9,59,0,16,6,S PENNYSTREET RD,,0,43.24235556,-75.43206111,0,8,0,0,1,1,0,1,1,1,0,1,0,0000000,9,59,10,4,10,24,0,0,0,1,0
36,360623,1,1,0,1,1,1,1,119,640,8,7,2012,1,12,40,0,6,6,CHAPPAQUA RD,TAPPEN TERR,0,41.161275,-73.83556944,0,9,0,0,3,3,0,1,1,1,0,1,0,0000000,99,99,99,99,99,99,0,0,0,1,0
36,360624,2,2,0,0,0,2,2,53,3201,4,8,2012,7,10,32,1,2,3,SR-31,STEPHENS RD,0,43.15713889,-75.75090556,0,12,1,0,2,3,0,1,1,1,0,1,0,0000000,10,32,10,35,99,99,0,0,0,1,0
36,360625,1,1,0,0,0,1,1,29,6090,7,8,2012,3,18,19,1,11,1,I-190,,0,99.99990000,999.99990000,0,20,0,0,1,1,0,4,1,1,0,1,0,0000000,18,19,18,30,88,88,0,0,0,1,0
36,360626,1,1,0,0,0,2,2,17,4892,7,8,2012,3,20,18,0,4,4,CR-44,,0,42.56506389,-75.54036111,0,11,0,0,1,1,0,1,5,10,0,10,0,0000000,99,99,99,99,99,99,0,0,0,1,0
36,360627,1,1,0,0,0,1,1,37,3210,6,8,2012,2,7,46,1,13,3,SR-5,,0,42.97764444,-77.99104167,0,33,0,0,1,1,0,4,1,1,0,1,0,0000000,99,99,99,99,99,99,0,0,0,1,0
36,360628,1,1,0,0,0,3,3,117,1230,8,8,2012,4,21,17,0,6,6,WELCH RD,,0,43.08518333,-76.84138611,0,34,0,0,1,1,0,4,2,1,0,1,0,0000000,21,21,21,45,22,22,0,0,0,1,0
36,360629,1,1,0,0,0,2,2,55,5230,8,8,2012,4,20,0,0,16,6,SCOTTSVILLE RD,HAROLD AVE,0,43.09006111,-77.68265556,0,24,0,0,2,3,0,4,5,1,0,1,0,0000000,20,0,20,8,20,27,0,0,0,1,0
36,360630,1,1,0,0,0,1,1,65,6626,9,8,2012,5,20,58,0,6,6,EUREKA RD,,0,43.13562222,-75.44636944,0,1,0,0,1,1,0,1,2,10,0,10,0,0000000,99,99,99,99,99,99,0,0,0,1,1
36,360631,2,2,0,0,0,5,5,59,2600,23,7,2012,2,23,25,0,14,6,MERRICK AVE,,0,99.99990000,999.99990000,0,12,6,0,1,1,0,1,3,10,0,10,0,0000000,99,99,99,99,99,99,0,0,0,1,0
36,360632,1,1,0,1,1,1,1,61,4170,9,8,2012,5,22,30,0,16,6,ALLEN ST,STANTON ST,0,40.72158333,-73.989025,0,8,0,0,3,2,0,1,3,1,0,1,0,0000000,99,99,99,99,99,99,0,0,0,1,0
36,360633,4,2,2,0,0,4,4,47,4170,8,8,2012,4,2,9,0,16,6,20TH AVE,61ST ST,0,40.61873611,-73.98340278,0,12,1,0,2,2,0,1,3,1,0,1,0,0000000,99,99,99,99,99,99,0,0,0,1,0
36,360634,1,1,0,0,0,1,1,27,5951,5,8,2012,1,7,28,0,6,5,SHUMAN RD,,0,41.87146944,-73.65344722,0,59,0,0,1,1,0,4,4,1,0,1,0,0000000,99,99,99,99,88,88,0,0,0,1,1
36,360635,1,1,0,0,0,2,2,101,5062,9,8,2012,5,21,15,0,6,6,CROSS ST,,0,42.522775,-77.16885556,0,32,0,0,1,1,0,4,2,1,0,1,0,0000000,99,99,99,99,99,99,0,0,0,1,1
36,360636,2,2,0,0,0,3,3,119,6820,5,8,2012,1,2,0,1,2,3,SR-987F,,0,99.99990000,999.99990000,0,12,1,0,1,1,0,1,2,1,0,1,0,0000000,2,0,2,5,88,88,0,0,0,1,0
36,360637,2,2,0,1,1,2,2,47,4170,10,8,2012,6,20,25,0,14,6,ROCKAWAY PKY,AVE J,0,40.64200278,-73.89881944,0,8,0,0,2,2,0,1,3,1,0,1,0,0000000,99,99,99,99,88,88,0,0,0,1,0
36,360638,3,3,0,0,0,4,4,55,652,5,8,2012,1,0,59,1,11,1,I-390,,0,43.11523333,-77.63108611,0,12,2,0,1,1,0,1,3,10,0,10,0,0000000,0,59,1,5,99,99,14,0,0,2,1
36,360639,2,2,0,0,0,2,2,99,5265,10,8,2012,6,0,19,1,2,3,SR-96,,0,42.69665278,-76.81969167,0,12,2,0,1,1,0,1,2,2,0,2,0,0000000,99,99,99,99,99,99,0,0,0,1,0
36,360640,2,2,0,0,0,3,3,5,4170,11,8,2012,7,12,18,0,15,6,RANDALL AVE,COSTER ST,0,40.81207778,-73.88683056,0,12,6,0,2,2,0,1,1,1,0,1,0,0000000,99,99,99,99,99,99,20,0,0,1,0
36,360641,2,2,0,0,0,3,3,115,9997,11,8,2012,7,13,0,0,2,3,SR-22,,0,42.98569167,-73.37546389,0,12,6,0,1,1,0,1,1,2,0,2,0,0000000,13,12,13,16,13,59,0,0,0,1,0
36,360642,1,1,0,0,0,1,1,29,2485,12,8,2012,1,13,8,1,1,1,I-90,,0,42.74206944,-78.84182778,0,35,0,0,5,1,0,4,1,1,0,1,0,0000000,13,8,13,27,13,55,0,0,0,1,0
36,360643,2,2,0,0,0,3,3,61,4170,11,8,2012,7,22,30,1,13,3,SR-907L,E 106TH ST,0,40.78865556,-73.937725,0,12,7,0,2,3,0,1,3,1,0,1,0,0000000,99,99,22,8,99,99,0,0,0,1,0
36,360644,1,1,0,0,0,1,1,39,1614,16,8,2012,5,20,0,0,5,4,CR-20,,0,42.39911944,-74.18889167,0,42,0,0,1,1,0,4,5,1,0,1,0,0000000,99,99,99,99,99,99,0,0,0,1,1
36,360645,1,1,0,1,1,1,1,59,6720,12,8,2012,1,4,0,0,16,5,BROAD ST,,0,40.76433889,-73.64288889,0,8,0,0,1,1,0,1,3,10,0,10,0,0000000,99,99,4,12,88,88,0,0,0,1,0
36,360646,2,2,0,0,0,7,7,15,2800,29,4,2012,1,8,57,0,4,3,SR-13,,0,42.18914167,-76.78895556,0,12,2,0,1,1,0,1,1,1,0,1,0,0000000,99,99,99,99,99,99,0,0,0,1,0
36,360647,1,1,0,0,0,1,1,91,3462,14,8,2012,3,18,35,1,1,1,I-87,,194,42.93906111,-73.805025,0,31,0,1,18,1,0,4,1,10,0,10,0,0000000,18,35,18,40,88,88,0,0,0,1,1
36,360648,1,1,0,0,0,1,1,67,4310,17,8,2012,6,11,32,1,1,1,I-81,,0,43.13722222,-76.11693611,0,1,0,0,1,1,0,3,1,10,0,10,0,0000000,11,33,11,39,12,7,0,0,0,1,0
36,360649,1,1,0,0,0,2,2,67,1750,17,8,2012,6,18,28,0,6,6,HARTWELL AVE,,0,43.070975,-76.05798056,0,38,0,0,1,1,0,4,1,10,0,10,0,0000000,18,33,18,36,19,22,0,0,0,2,0
36,360650,1,1,0,0,0,1,1,103,2920,18,8,2012,7,14,44,1,2,3,SR-908M,,0,40.73303056,-73.30515278,0,42,0,0,1,1,0,4,1,1,0,1,0,0000000,14,44,14,47,88,88,0,0,0,1,0
36,360651,2,2,0,0,0,5,5,111,3560,19,8,2012,1,6,10,0,3,3,SR-9W,,0,99.99990000,999.99990000,0,12,2,0,1,1,0,1,1,10,0,10,0,0000000,99,99,99,99,99,99,0,0,0,1,0
36,360652,1,1,0,0,0,1,1,55,1174,19,8,2012,1,21,25,0,3,3,SR-260,,0,43.23236944,-77.88748056,0,34,0,0,1,1,0,4,2,1,0,1,0,0000000,21,25,21,30,21,50,0,0,0,1,1
36,360653,1,1,0,0,0,1,1,37,42,20,8,2012,2,19,16,0,6,5,SHANKS RD,,0,43.05145278,-78.43636389,0,30,0,0,1,1,0,4,1,10,0,10,0,0000000,19,19,99,99,99,99,0,0,0,1,1
36,360654,2,2,0,0,0,4,4,5,4170,21,8,2012,3,21,32,0,16,6,BRONXWOOD AVE,WILLIAMSBRIDGE RD,0,40.86776389,-73.86152222,0,12,2,0,2,4,0,1,3,1,0,1,0,0000000,21,33,21,36,99,99,0,0,0,1,0
36,360655,3,3,0,0,0,3,3,87,4380,20,8,2012,2,2,59,1,2,3,SR-9W,,0,41.07389722,-73.92275556,0,12,1,0,1,1,0,1,2,1,0,1,0,0000000,99,99,99,99,99,99,0,0,0,1,1
36,360656,3,3,0,1,1,4,4,47,4170,7,6,2012,5,16,11,0,16,6,AVE V,FORD ST,0,40.59868611,-73.9378,0,8,0,0,3,3,0,1,1,1,0,1,0,0000000,99,99,99,99,99,99,0,0,0,1,0
36,360657,1,1,0,0,0,2,2,45,1900,21,8,2012,3,23,6,1,1,1,I-81,,0,44.04060833,-75.91386111,0,52,0,0,1,1,0,4,2,1,0,1,0,0000000,99,99,99,99,99,99,0,0,0,1,0