STATE,ST_CASE,VE_TOTAL,VE_FORMS,PVH_INVL,PEDS,PERNOTMVIT,PERMVIT,PERSONS,COUNTY,CITY,DAY,MONTH,YEAR,DAY_WEEK,HOUR,MINUTE,NHS,ROAD_FNC,ROUTE,TWAY_ID,TWAY_ID2,MILEPT,LATITUDE,LONGITUD,SP_JUR,HARM_EV,MAN_COLL,RELJCT1,RELJCT2,TYP_INT,WRK_ZONE,REL_ROAD,LGT_COND,WEATHER1,WEATHER2,WEATHER,SCH_BUS,RAIL,NOT_HOUR,NOT_MIN,ARR_HOUR,ARR_MIN,HOSP_HR,HOSP_MN,CF1,CF2,CF3,FATALS,DRUNK_DR
36,360658,2,2,0,0,0,6,6,109,1590,21,8,2012,3,13,20,0,3,3,SR-79,,0,42.40414444,-76.42685556,0,12,2,0,1,1,0,1,1,10,0,10,0,0000000,13,20,13,34,14,8,0,0,0,1,0
36,360659,1,1,0,1,1,2,2,67,1179,21,8,2012,3,21,36,0,5,4,CR-57,REDWING DR,0,43.17054167,-76.244075,0,8,0,0,3,2,0,1,3,10,0,10,0,0000000,21,37,21,39,22,13,0,0,0,1,0
36,360660,2,2,0,0,0,2,2,1,1290,22,8,2012,4,7,44,0,4,6,ALBANY SHAKER RD,WOLF RD,0,42.72866667,-73.79667222,0,12,6,0,2,2,0,1,1,1,0,1,0,0000000,99,99,99,99,99,99,0,0,0,1,0
36,360661,1,1,0,0,0,2,2,71,4980,22,8,2012,4,14,11,1,1,1,I-84,,0,99.99990000,999.99990000,0,42,0,0,1,1,0,4,1,1,0,1,0,0000000,14,11,14,19,99,99,0,0,0,1,0
36,360662,1,1,0,3,3,1,1,61,4170,23,8,2012,5,13,22,0,16,6,BROAD ST,BEAVER ST,0,40.70509722,-74.01155,0,8,0,0,3,3,0,4,1,1,0,1,0,0000000,99,99,99,99,99,99,0,0,0,1,0
36,360663,2,2,0,0,0,3,3,29,1899,23,8,2012,5,21,16,0,3,2,US-20,,0,99.99990000,999.99990000,0,12,2,0,1,1,0,1,1,1,0,1,0,0000000,21,21,99,99,99,99,0,0,0,1,0
36,360664,2,2,0,0,0,2,2,29,156,23,8,2012,5,12,20,0,16,6,YOUNGS RD,ARROW DR,0,99.99990000,999.99990000,0,12,6,0,2,3,0,1,1,1,0,1,0,0000000,99,99,99,99,99,99,0,0,0,1,0
36,360665,1,1,0,1,1,1,1,5,4170,21,8,2012,3,4,43,0,13,6,BARNES AVE,E 233RD ST,0,40.89249167,-73.85446944,0,8,0,0,2,2,0,1,3,1,0,1,0,0000000,4,43,4,51,99,99,0,0,0,1,0
36,360666,1,1,0,1,1,1,1,69,2769,24,8,2012,6,11,26,0,5,2,US-20A,,0,42.79051389,-77.51967222,0,8,0,0,1,1,0,1,1,1,0,1,0,0000000,99,99,99,99,99,99,0,0,0,1,0
36,360667,3,1,2,1,1,1,1,5,4170,24,8,2012,6,1,13,0,16,6,TIMPSON PL,,0,40.81211111,-73.90134722,0,8,0,0,1,1,0,1,3,1,0,1,0,0000000,99,99,99,99,99,99,0,0,0,1,1
36,360668,2,2,0,0,0,2,2,75,2200,24,8,2012,6,15,1,0,3,3,SR-3,SR-264,0,43.35125,-76.28243611,0,12,2,0,2,3,0,1,1,1,0,1,0,0000000,99,99,99,99,88,88,0,0,0,1,0
36,360669,2,2,0,0,0,4,4,117,6760,23,8,2012,5,6,23,0,3,3,SR-104,,0,43.20403611,-76.88864167,0,12,2,0,1,1,0,1,1,1,0,1,0,0000000,99,99,99,99,99,99,0,0,0,1,0
36,360670,1,1,0,1,1,1,1,111,4461,24,8,2012,6,13,15,0,3,3,SR-28,SUNKIST LANE,0,41.97764722,-74.19142778,0,8,0,0,3,3,0,1,1,1,0,1,0,0000000,13,15,99,99,99,99,0,0,0,1,0
36,360671,2,2,0,0,0,4,4,63,3340,24,8,2012,6,18,41,0,5,6,SLAYTON SETTLEMENT RD,,0,43.20513333,-78.66020833,0,12,1,0,8,1,0,1,1,1,0,1,0,0000000,99,99,99,99,99,99,0,0,0,1,0
36,360672,1,1,0,1,1,1,1,81,4170,24,8,2012,6,22,50,1,13,3,SR-907M,,0,40.716775,-73.82126667,0,8,0,0,1,1,0,1,3,1,0,1,0,0000000,99,99,99,99,99,99,0,0,0,1,0
36,360673,1,1,0,0,0,2,2,53,1010,25,8,2012,7,19,58,0,5,6,PETERBORO RD,,0,42.98827778,-75.78218333,0,42,0,0,1,1,0,4,2,1,0,1,0,0000000,99,99,99,99,99,99,0,0,0,1,1
36,360674,2,2,0,0,0,2,2,103,2840,26,6,2012,3,8,40,0,13,3,SR-110,CR-3,0,40.78853333,-73.41556111,0,12,2,0,2,2,0,1,1,1,0,1,0,0000000,99,99,99,99,99,99,0,0,0,1,0
36,360675,1,1,0,0,0,3,3,103,705,21,7,2012,7,1,15,0,6,6,WINTERS DR,PENTMOOR DR,0,40.81814722,-72.86278056,0,38,0,0,3,3,0,4,3,10,0,10,0,0000000,99,99,99,99,99,99,0,0,0,2,1
36,360676,1,1,0,0,0,1,1,7,540,24,8,2012,6,22,35,0,4,5,QUAKER LAKE RD,,0,42.00172222,-75.9372,0,24,0,0,1,1,0,4,2,1,0,1,0,0000000,22,35,22,50,23,17,0,0,0,1,0
36,360677,2,2,0,0,0,3,3,103,360,17,7,2012,3,17,59,0,13,3,SR-109,PLATT AVE,0,40.70658333,-73.34956111,0,12,6,0,2,2,0,1,1,1,0,1,0,0000000,99,99,99,99,99,99,0,0,0,1,0
36,360678,2,2,0,0,0,3,3,105,3850,24,8,2012,6,13,31,0,16,5,ROCK HILL DR,,0,41.62388333,-74.59318611,0,12,2,0,8,1,0,1,1,1,0,1,0,0000000,99,99,99,99,99,99,0,0,0,1,0
36,360679,2,2,0,1,1,2,2,103,360,19,7,2012,5,22,27,0,13,3,SR-27,BAYVIEW AVE,0,40.689375,-73.40869444,0,8,0,0,3,2,0,1,3,1,0,1,0,0000000,99,99,99,99,88,88,0,0,0,1,0
36,360680,2,2,0,0,0,3,3,103,1650,9,8,2012,5,11,42,0,4,3,SR-27,,0,40.95336667,-72.19658611,0,12,2,0,1,1,0,1,1,1,0,1,0,0000000,99,99,99,99,99,99,0,0,0,1,0
36,360681,1,1,0,1,1,1,1,33,3460,25,8,2012,7,22,51,0,3,3,SR-30,,0,44.76136667,-74.29074722,0,8,0,0,1,1,0,1,2,1,0,1,0,0000000,23,2,23,4,99,99,0,0,0,1,0
36,360682,2,2,0,0,0,2,2,103,2920,6,8,2012,2,17,50,0,16,5,POND RD,EXPRESS DR N,0,40.813225,-73.11905833,0,12,2,0,2,2,0,1,1,1,0,1,0,0000000,17,52,17,59,18,15,0,0,0,1,0
36,360683,3,3,0,0,0,3,3,103,705,8,8,2012,4,21,22,0,16,5,STATION RD,FURBER DR,0,40.79125556,-72.9482,0,12,1,0,2,3,0,1,2,1,0,1,0,0000000,99,99,99,99,88,88,0,0,0,1,0
36,360684,1,1,0,1,1,1,1,103,705,11,8,2012,7,7,42,0,6,6,STATION RD,,0,40.777775,-72.94405833,0,9,0,0,1,1,0,1,1,10,0,10,0,0000000,99,99,99,99,88,88,0,0,0,1,0
36,360685,1,1,0,0,0,3,3,63,3220,19,8,2012,1,4,45,0,16,5,MT HOPE RD,,0,43.15502778,-78.96738611,0,32,0,0,1,1,0,4,2,1,0,1,0,0000000,99,99,99,99,99,99,0,0,0,1,1
36,360686,1,1,0,0,0,1,1,19,4880,25,8,2012,7,23,30,1,1,1,I-87,,0,99.99990000,999.99990000,0,24,0,0,1,1,0,4,2,1,0,1,0,0000000,23,30,23,42,88,88,0,0,0,1,1
36,360687,1,1,0,1,1,1,1,103,5769,20,8,2012,2,20,22,0,16,6,RAILROAD AVE,,0,99.99990000,999.99990000,0,8,0,0,1,1,0,1,3,1,0,1,0,0000000,99,99,99,99,99,99,0,0,0,1,0
36,360688,2,2,0,0,0,2,2,97,2592,26,8,2012,1,15,35,0,4,3,SR-414,MASON RD,0,42.466075,-76.86640556,0,12,1,0,3,3,0,1,1,10,0,10,0,0000000,15,36,15,45,15,55,0,0,0,1,1
36,360689,2,2,0,0,0,4,4,33,3460,25,8,2012,7,14,55,0,2,3,SR-30,,0,99.99990000,999.99990000,0,12,2,0,1,1,0,1,1,1,0,1,0,0000000,14,55,15,1,99,99,0,0,0,3,0
36,360690,2,2,0,0,0,2,2,79,630,26,8,2012,1,14,19,0,5,4,CR-54,GREEN ACRES LN,0,41.427,-73.54314722,0,12,2,0,3,3,0,1,1,10,0,10,0,0000000,14,19,14,26,88,88,0,0,0,1,0
36,360691,2,2,0,0,0,2,2,103,1645,27,8,2012,2,15,13,1,13,3,SR-110 (BROADHOLLOW RD),AVON CT (GLOVE CIR),0,40.74491944,-73.422775,0,12,6,0,2,3,0,1,1,2,0,2,0,0000000,99,99,99,99,99,99,0,0,0,1,0
36,360692,1,1,0,1,1,1,1,47,4170,26,8,2012,1,21,8,0,13,6,FLUSHING AVE,FRANKLIN AVE,0,40.69861389,-73.958775,0,9,0,0,2,2,0,1,3,1,0,1,0,0000000,99,99,99,99,99,99,0,0,0,1,0
36,360693,2,2,0,0,0,6,6,75,5450,27,8,2012,2,16,38,0,5,4,CR-22,,0,99.99990000,999.99990000,0,12,6,0,1,1,0,1,1,2,10,2,0,0000000,99,99,99,99,99,99,0,0,0,1,0
36,360694,3,3,0,0,0,5,5,85,4170,27,8,2012,2,19,5,0,13,6,HYLAN BLVD,,0,40.53456667,-74.15366667,0,12,2,0,1,1,0,1,1,1,0,1,0,0000000,99,99,99,99,99,99,0,0,0,2,0
36,360695,1,1,0,1,1,1,1,55,5230,29,8,2012,4,18,34,0,16,6,W MAIN ST,KING ST,0,43.15245833,-77.62656389,0,9,0,0,2,3,0,1,1,1,0,1,0,0000000,99,99,99,99,99,99,0,0,0,1,0
36,360696,1,1,0,0,0,1,1,111,4875,30,8,2012,5,12,54,1,11,1,I-87,,690,99.99990000,999.99990000,0,35,0,0,1,1,0,4,1,1,0,1,0,0000000,12,55,13,2,13,57,0,0,0,1,0
36,360697,2,2,0,0,0,2,2,23,1380,29,8,2012,4,12,26,0,3,3,SR-41,,0,42.59150278,-76.12575556,0,12,2,0,1,1,0,1,1,1,0,1,0,0000000,12,26,12,49,13,26,0,0,0,1,1
36,360699,1,1,0,1,1,2,2,45,1900,30,8,2012,5,6,7,0,4,3,SR-12,,0,44.00487778,-75.92202778,0,8,0,0,1,1,4,1,4,1,0,1,0,0000000,99,99,99,99,99,99,0,0,0,1,0
36,360700,2,2,0,0,0,3,3,33,3460,29,8,2012,4,17,55,0,2,3,SR-30,CR-28,0,44.89604722,-74.29003056,0,12,6,0,2,2,0,1,1,1,0,1,0,0000000,17,56,18,1,99,99,0,0,0,1,0
36,360701,3,3,0,0,0,3,3,101,1360,31,8,2012,6,0,41,0,14,3,SR-352,BRIDGE RD,0,42.14395833,-77.06087222,0,12,6,0,2,2,0,1,2,10,0,10,0,0000000,0,41,0,48,99,99,0,0,0,1,1
36,360702,1,1,0,0,0,1,1,43,2120,2,9,2012,1,17,42,0,3,3,SR-5S,,0,43.02528611,-75.07337778,0,1,0,0,1,1,0,3,1,1,0,1,0,0000000,99,99,99,99,99,99,0,0,0,1,0
36,360703,2,2,0,0,0,2,2,71,4130,3,9,2012,2,18,24,0,14,3,SR-9W,,0,41.49173333,-74.02211389,0,12,2,0,1,1,0,1,1,10,0,10,0,0000000,99,99,99,99,99,99,0,0,0,1,1
36,360704,1,1,0,0,0,5,5,1,1290,2,9,2012,1,9,35,1,1,1,I-87,,70,42.77123611,-73.76161667,0,35,0,0,1,1,0,4,1,1,0,1,0,0000000,9,35,9,42,10,18,0,0,0,1,0
36,360705,1,1,0,1,1,1,1,59,3360,4,9,2012,3,13,6,0,14,6,E PARK AVE,,0,40.58884444,-73.64565833,0,8,0,0,1,1,0,1,1,10,0,10,0,0000000,99,99,99,99,99,99,0,0,0,1,0
36,360706,4,4,0,0,0,4,4,55,1160,6,9,2012,5,8,41,0,4,4,CR-383,,0,43.10361667,-77.67708056,0,12,1,0,8,1,0,1,1,10,0,10,0,0000000,8,41,8,50,9,17,0,0,0,1,0
36,360707,1,1,0,0,0,1,1,45,910,6,9,2012,5,0,30,0,6,5,S WASHINGTON ST,,0,43.97340278,-75.58774722,0,1,0,0,1,1,0,4,3,1,0,1,0,0000000,99,99,99,99,88,88,0,0,0,1,1
36,360708,2,2,0,0,0,3,3,3,5328,7,9,2012,6,5,49,0,3,4,CR-243,,0,42.431275,-78.29218611,0,12,6,0,1,1,0,1,2,5,0,5,0,0000000,5,49,6,3,99,99,0,0,0,1,0
36,360709,1,1,0,0,0,1,1,87,2580,8,9,2012,7,3,7,0,13,3,SR-9W,,0,41.04133611,-73.92076389,0,24,0,0,1,1,0,4,2,1,0,1,0,0000000,99,99,99,99,88,88,0,0,0,1,0
36,360710,2,2,0,0,0,2,2,97,6480,7,9,2012,6,5,20,0,16,5,S FRANKLIN ST,DURLAND AVE,0,42.37341111,-76.86962778,0,12,1,0,2,3,0,1,3,1,0,1,0,0000000,99,99,99,99,99,99,0,0,0,1,0
36,360711,4,4,0,0,0,5,5,61,4170,31,1,2012,3,2,5,0,12,3,SR-907L,,0,40.77043333,-73.94737778,0,12,7,0,1,1,0,1,3,1,0,1,0,0000000,99,99,99,99,99,99,0,0,0,1,0
36,360712,1,1,0,0,0,2,2,45,1840,1,9,2012,7,20,40,0,3,3,SR-289,,0,43.75399722,-76.12691111,0,35,0,0,1,1,0,4,2,1,0,1,0,0000000,99,99,99,99,99,99,0,0,0,1,0
36,360713,1,1,0,1,1,1,1,47,4170,22,7,2012,1,20,48,0,16,6,STONE AVE,LIVONIA AVE,0,40.66313056,-73.90514722,0,8,0,0,3,2,0,1,3,1,0,1,0,0000000,99,99,99,99,99,99,0,0,0,1,0
36,360714,2,2,0,0,0,2,2,47,4170,22,8,2012,4,18,14,0,16,6,EASTERN PKWY,SARATOGA AVE,0,40.67068056,-73.91700833,0,12,6,0,2,7,0,1,1,1,0,1,0,0000000,99,99,99,99,99,99,0,0,0,1,1
36,360715,2,2,0,0,0,2,2,5,4170,31,8,2012,6,14,40,0,14,6,NEREID AVE,BRONX BLVD,0,40.89978889,-73.85778889,0,12,6,0,2,2,0,1,1,1,0,1,0,0000000,99,99,99,99,99,99,0,0,0,1,0
36,360716,2,2,0,0,0,3,3,17,4289,8,9,2012,7,18,45,0,3,3,SR-12,,0,42.61894722,-75.51045,0,12,8,0,1,1,0,1,1,10,0,10,0,0000000,99,99,99,99,99,99,0,0,0,1,1
36,360717,1,1,0,0,0,6,6,55,5600,8,9,2012,7,3,8,0,6,5,RIGA MUMFORD RD,,0,43.02598611,-77.87496389,0,5,0,0,1,1,0,1,2,10,0,10,0,0000000,3,11,3,27,4,1,0,0,0,1,0
36,360718,1,1,0,0,0,1,1,91,2469,9,9,2012,1,14,13,0,6,5,N SHORE RD,,0,43.31149444,-74.01333333,0,24,0,0,1,1,0,4,1,1,0,1,0,0000000,14,14,99,99,99,99,0,0,0,1,0
36,360719,2,2,0,0,0,2,2,13,2267,9,9,2012,1,15,30,0,2,3,SR-60,,0,42.25293056,-79.26686389,0,12,2,0,1,1,0,1,1,1,0,1,0,0000000,15,31,15,38,99,99,0,0,0,1,0
36,360720,2,2,0,0,0,2,2,29,156,8,9,2012,7,10,13,1,13,2,US-62,ALBERTA DR,0,42.98045,-78.81751389,0,12,6,1,8,1,0,1,1,2,0,2,0,0000000,99,99,99,99,99,99,0,0,0,1,0
36,360721,1,1,0,0,0,1,1,75,6712,9,9,2012,1,0,49,0,3,4,CR-17,,0,43.33229167,-75.89713611,0,42,0,0,1,1,0,4,2,10,0,10,0,0000000,99,99,1,1,88,88,0,0,0,1,0
36,360722,1,1,0,0,0,1,1,57,2110,1,6,2012,6,23,16,0,2,3,SR-80,,0,99.99990000,999.99990000,0,34,0,0,1,1,0,4,2,2,0,2,0,0000000,23,23,99,99,88,88,0,0,0,1,1
36,360723,1,1,0,0,0,1,1,35,4340,10,9,2012,2,15,19,0,3,4,CR-7 (S SHORE RD),,0,43.21230833,-74.08131667,0,42,0,0,1,1,0,4,1,1,0,1,0,0000000,15,19,15,27,18,12,0,0,0,1,0
36,360724,1,1,0,0,0,1,1,59,2600,13,9,2012,5,3,8,1,2,3,SR-908M,,0,40.682675,-73.689525,0,42,0,0,1,1,0,4,3,1,0,1,0,0000000,3,20,3,30,88,88,0,0,0,1,0
36,360725,1,1,0,0,0,1,1,17,4562,10,9,2012,2,17,43,0,2,3,SR-80,REIT RD,0,42.72333889,-75.69313333,0,34,0,0,3,3,0,4,1,10,0,10,0,0000000,99,99,99,99,88,88,0,0,0,1,1
36,360726,1,1,0,0,0,1,1,43,4445,13,9,2012,5,9,45,0,2,3,SR-28,,0,43.72850833,-74.92847222,0,34,0,0,1,1,0,4,1,1,0,1,0,0000000,9,47,9,54,11,26,0,0,0,1,0
36,360727,1,1,0,0,0,1,1,81,4170,12,9,2012,4,11,52,1,13,3,SR-907A,DOUGLASTON PKWY OVERPASS,0,40.74556944,-73.735125,0,25,0,0,1,1,0,4,1,1,0,1,0,0000000,99,99,99,99,99,99,0,0,0,1,0
36,360728,3,2,1,0,0,3,3,5,4170,13,9,2012,5,6,6,1,1,1,I-87,,0,40.88887778,-73.88939722,0,12,1,1,18,1,0,1,4,1,0,1,0,0000000,99,99,99,99,88,88,0,0,0,1,0
36,360729,1,1,0,1,1,1,1,81,4170,23,8,2012,5,21,12,0,16,6,ROCKAWAY BLVD,GUY R BREWER BLVD,0,40.65626111,-73.76735,0,8,0,0,2,7,0,1,2,1,0,1,0,0000000,99,99,99,99,99,99,0,0,0,1,0
36,360730,1,1,0,1,1,1,1,47,4170,8,6,2012,6,19,45,0,14,6,W 15TH ST,NEPTUNE AVE,0,40.57915556,-73.98305833,0,8,0,0,2,2,0,1,5,1,0,1,0,0000000,99,99,99,99,99,99,0,0,0,1,0
36,360731,2,1,1,0,0,1,1,85,4170,28,7,2012,7,0,45,0,16,6,COLLEGE AVE,COLORADO ST,0,40.62145278,-74.12609444,0,14,0,0,3,3,0,7,3,1,0,1,0,0000000,99,99,99,99,99,99,0,0,0,1,1
36,360732,1,1,0,0,0,1,1,5,4170,30,8,2012,5,6,57,1,1,1,I-87 MAJOR DEEGAN EXPY,,0,40.85426389,-73.91878611,0,42,0,0,1,1,0,4,1,1,0,1,0,0000000,99,99,99,99,99,99,0,0,0,1,0
36,360733,1,1,0,0,0,1,1,103,705,5,9,2012,4,5,50,0,2,4,CR-46,,0,40.92714167,-72.87931944,0,42,0,0,1,1,0,4,3,2,0,2,0,0000000,99,99,99,99,99,99,0,0,0,1,0
36,360734,1,1,0,1,1,3,3,59,4600,13,9,2012,5,8,35,0,16,6,MANORS DR,,0,40.79468611,-73.53271667,0,8,0,0,4,1,0,1,1,1,0,1,0,0000000,99,99,99,99,99,99,0,0,0,1,0
36,360735,1,1,0,0,0,1,1,5,4170,13,9,2012,5,12,49,1,2,3,SR-908A HUTCHINGSON RIVER PKWY,,0,40.87836944,-73.81796944,0,30,0,0,1,1,0,4,1,1,0,1,0,0000000,99,99,99,99,99,99,0,0,0,1,0
36,360736,2,2,0,0,0,4,4,71,3830,13,9,2012,5,12,14,0,6,5,LARKIN DR,,0,41.32265,-74.15963056,0,12,2,0,1,1,0,1,1,1,0,1,0,0000000,12,14,12,24,13,31,0,0,0,1,0
36,360737,1,1,0,1,1,1,1,103,3589,2,9,2012,1,11,35,0,6,5,SOMERSET AVE,MADISON ST,0,40.79473889,-72.85195556,0,9,0,0,2,2,0,1,1,10,0,10,0,0000000,99,99,99,99,99,99,0,0,0,1,0
36,360738,1,1,0,0,0,1,1,115,250,14,9,2012,6,21,10,0,3,3,SR-40,,0,43.22259167,-73.48910833,0,30,0,0,1,1,0,4,2,1,0,1,0,0000000,21,11,21,24,21,56,0,0,0,1,1
36,360739,2,2,0,0,0,6,6,103,360,2,9,2012,1,11,53,1,2,3,SR-110,HARRISON AVE,0,40.69358889,-73.42287222,0,12,6,0,2,3,0,1,1,10,0,10,0,0000000,99,99,99,99,99,99,0,0,0,1,0
36,360740,2,2,0,0,0,4,4,103,705,3,9,2012,2,20,0,0,16,6,YAPHANK AVE,MASON ST,0,40.80191389,-72.91413611,0,12,6,0,2,3,0,1,3,1,0,1,0,0000000,20,1,20,2,99,99,0,0,0,1,1
36,360741,1,1,0,0,0,2,2,103,2920,3,9,2012,2,9,54,0,16,6,WASHINGTON AVE,STUYVESANT ST,0,40.80326389,-73.24830278,0,42,0,0,3,2,0,4,1,1,0,1,0,0000000,99,99,10,0,99,99,0,0,0,1,0
36,360742,2,2,0,0,0,3,3,71,2320,14,9,2012,6,20,11,0,3,3,SR-17A,HOUSTON RD,0,41.37410278,-74.35174444,0,12,6,0,2,3,0,1,2,1,0,1,0,0000000,20,11,20,15,99,99,0,0,0,1,0
36,360743,3,3,0,0,0,3,3,61,4170,15,9,2012,7,13,38,0,16,6,W 125TH ST,,0,40.80795833,-73.94580556,0,12,6,0,1,1,0,1,1,1,0,1,0,0000000,99,99,99,99,99,99,0,0,0,1,0
36,360744,2,2,0,0,0,2,2,33,395,4,8,2012,7,4,4,0,6,4,CR-8,,0,44.87556944,-74.39206389,0,42,0,0,1,1,0,4,2,1,0,1,0,0000000,4,4,4,11,99,99,0,0,0,1,2
36,360745,1,1,0,0,0,3,3,67,6010,23,7,2012,2,5,14,0,13,3,SR-290 (JAMES ST),,0,43.06671111,-76.11925833,0,30,0,0,1,1,0,4,3,10,0,10,0,0000000,99,99,99,99,99,99,0,0,0,1,0
36,360746,1,1,0,0,0,1,1,67,6010,3,9,2012,2,7,45,0,6,5,OLD LIVERPOOL RD RAMP,,0,43.07356111,-76.17107222,0,24,0,1,5,1,0,4,1,1,0,1,0,0000000,99,99,99,99,8,8,0,0,0,1,1
36,360747,1,1,0,1,1,2,2,47,4170,18,9,2012,3,6,4,0,16,6,E NEW YORK AVE,ALABAMA AVE,0,40.67680556,-73.90003056,0,8,0,0,2,2,0,1,1,2,0,2,0,0000000,99,99,99,99,99,99,0,0,0,1,0
36,360748,1,1,0,0,0,1,1,67,4491,15,9,2012,7,21,55,0,6,5,SPLIT ROCK RD,HARRIS RD,0,43.02194722,-76.22512222,0,24,0,0,3,3,0,4,3,10,0,10,0,0000000,21,56,21,59,22,45,0,0,0,1,1
36,360749,1,1,0,1,1,1,1,65,6680,15,9,2012,7,19,41,0,6,5,ORISKANY BLVD,WESTMORELAND ST,0,43.12458889,-75.29674444,0,8,0,0,2,2,0,1,3,1,0,1,0,0000000,99,99,99,99,20,20,0,0,0,1,0
36,360750,2,2,0,0,0,2,2,81,4170,16,9,2012,1,23,0,0,16,6,21ST ST,38TH AVE,0,40.75745278,-73.93917778,0,12,6,0,3,2,0,1,3,1,0,1,0,0000000,23,0,23,3,23,18,0,0,0,1,0
36,360751,1,1,0,1,1,1,1,67,6010,16,9,2012,1,20,28,0,6,5,S BAY RD,,0,43.11920278,-76.142175,0,9,0,0,1,1,0,1,2,10,0,10,0,0000000,20,28,20,36,20,58,0,0,0,1,0
36,360752,2,2,0,0,0,3,3,47,4170,17,9,2012,2,20,31,0,16,6,AVENUE I,E 8TH ST,0,40.62682778,-73.96849722,0,12,6,0,2,2,0,1,1,1,0,1,0,0000000,99,99,99,99,99,99,0,0,0,1,0
36,360753,1,1,0,0,0,1,1,71,2690,16,9,2012,1,11,54,1,2,3,SR-9W,,0,99.99990000,999.99990000,0,24,0,0,1,1,0,4,1,1,0,1,0,0000000,99,99,99,99,99,99,0,0,0,1,0
36,360754,2,2,0,0,0,2,2,59,2675,16,7,2012,2,11,20,0,14,6,S OYSTER BAY RD,WALTER AVE,0,40.76620833,-73.50079167,0,12,6,0,2,3,0,1,1,1,0,1,0,0000000,99,99,99,99,99,99,0,0,0,1,0
36,360755,1,1,0,1,1,1,1,55,4730,17,9,2012,2,11,53,0,6,6,SHADOW PINES RD,,0,43.14566111,-77.468075,0,8,0,0,1,1,0,1,1,1,0,1,0,0000000,11,54,12,0,88,88,0,0,0,1,0
36,360756,3,3,0,0,0,3,3,109,1590,14,9,2012,6,7,13,0,3,3,SR-366 (DRYDEN RD),FREESE RD,0,42.45587778,-76.43626111,0,12,6,0,2,2,0,1,1,1,0,1,0,0000000,7,15,7,21,8,25,0,0,0,1,0
36,360757,1,1,0,0,0,2,2,1,50,17,9,2012,2,12,32,0,6,5,NEW SCOTLAND AVE,HACKETT BLVD,0,42.65618611,-73.81653889,0,42,0,0,3,3,0,4,1,1,0,1,0,0000000,99,99,99,99,99,99,0,0,0,2,0
36,360758,1,1,0,0,0,1,1,103,1685,17,9,2012,2,23,5,0,4,4,CR-80,,0,40.79958889,-72.77239722,0,30,0,0,1,1,0,4,3,1,0,1,0,0000000,99,99,99,99,99,99,0,0,0,1,0
36,360759,1,1,0,0,0,1,1,103,5810,18,9,2012,3,11,8,1,2,3,SR-27,,0,99.99990000,999.99990000,0,1,0,0,1,1,0,4,1,10,0,10,0,0000000,11,8,11,30,88,88,0,0,0,1,0
36,360760,2,2,0,0,0,2,2,43,4445,17,9,2012,2,15,32,0,2,3,SR-28,,0,43.66973056,-75.06396389,0,12,2,0,1,1,0,1,1,1,0,1,0,0000000,15,34,15,39,17,45,0,0,0,1,0
36,360761,1,1,0,1,1,1,1,103,3523,18,9,2012,3,7,35,0,6,6,CHAPMAN BLVD,,0,40.83369167,-72.78907222,0,8,0,0,1,1,0,4,1,10,0,10,0,0000000,7,38,7,41,8,26,0,0,0,1,0
36,360762,1,1,0,1,1,1,1,29,3140,19,9,2012,4,23,3,1,2,3,SR-20 BROADWAY,,0,42.89490278,-78.64365,0,8,0,0,1,1,0,1,3,1,0,1,0,0000000,99,99,99,99,99,99,0,0,0,1,0
36,360763,2,2,0,0,0,4,4,5,4170,19,9,2012,4,23,41,1,11,1,I-278,,0,40.81601389,-73.89456667,0,12,7,0,1,1,0,1,3,1,0,1,0,0000000,23,41,23,51,0,13,0,0,0,1,1
36,360764,2,2,0,0,0,3,3,69,830,19,9,2012,4,14,12,1,2,3,SR-21,,0,42.85522778,-77.31286667,0,12,6,0,1,1,0,1,1,1,0,1,0,0000000,99,99,99,99,99,99,0,0,0,2,0
36,360765,1,1,0,0,0,3,3,81,4170,20,9,2012,5,1,25,1,11,1,I-495,,0,40.74295556,-73.77256389,0,50,0,1,5,1,0,5,3,1,0,1,0,0000000,1,25,1,41,1,58,0,0,0,1,1
36,360766,2,2,0,0,0,3,3,109,4072,19,9,2012,4,15,35,1,2,3,SR-13,,0,99.99990000,999.99990000,0,12,2,0,1,1,0,1,1,10,0,10,0,0000000,99,99,99,99,99,99,0,0,0,2,1
36,360767,1,1,0,1,1,1,1,61,4170,20,9,2012,5,14,5,0,16,6,W 58TH ST,,0,40.76685833,-73.98116389,0,8,0,0,1,1,0,1,1,10,0,10,0,0000000,99,99,99,99,99,99,0,0,0,1,0
36,360768,1,1,0,0,0,1,1,11,5588,21,9,2012,6,16,19,0,6,6,CORK RD,,0,42.79219444,-76.60138056,0,1,0,0,8,1,0,5,1,10,0,10,0,0000000,99,99,99,99,99,99,0,0,0,1,0
36,360769,2,2,0,0,0,3,3,59,2600,21,9,2012,6,20,0,0,14,6,ROCKAWAY TPKE,,0,99.99990000,999.99990000,0,12,6,0,1,1,0,1,3,10,0,10,0,0000000,99,99,99,99,99,99,0,0,0,1,0
36,360770,2,2,0,0,0,2,2,103,705,20,9,2012,5,18,25,0,16,6,FLOYD RD,ESSEX CIRCLE,0,40.79643611,-72.862925,0,12,6,0,2,2,0,1,1,10,0,10,0,0000000,99,99,99,99,99,99,0,0,0,1,0