STATE,ST_CASE,VE_TOTAL,VE_FORMS,PVH_INVL,PEDS,PERNOTMVIT,PERMVIT,PERSONS,COUNTY,CITY,DAY,MONTH,YEAR,DAY_WEEK,HOUR,MINUTE,NHS,ROAD_FNC,ROUTE,TWAY_ID,TWAY_ID2,MILEPT,LATITUDE,LONGITUD,SP_JUR,HARM_EV,MAN_COLL,RELJCT1,RELJCT2,TYP_INT,WRK_ZONE,REL_ROAD,LGT_COND,WEATHER1,WEATHER2,WEATHER,SCH_BUS,RAIL,NOT_HOUR,NOT_MIN,ARR_HOUR,ARR_MIN,HOSP_HR,HOSP_MN,CF1,CF2,CF3,FATALS,DRUNK_DR
36,360771,1,1,0,1,1,2,2,103,2840,21,9,2012,6,19,50,0,16,6,LARKFIELD RD,WEBSTER PL,0,40.87513333,-73.32419167,0,8,0,0,3,3,0,1,2,1,0,1,0,0000000,99,99,99,99,99,99,0,0,0,1,0
36,360772,1,1,0,1,1,1,1,59,3360,23,9,2012,1,1,25,0,14,6,E PARK AVE,LINCOLN BLVD,0,40.58845,-73.65235833,0,8,0,0,3,2,0,1,3,10,0,10,0,0000000,1,30,1,34,1,40,0,0,0,1,0
36,360773,2,2,0,0,0,2,2,109,3146,24,9,2012,2,17,16,0,6,6,HOLDEN RD,BROOKS HILL RD,0,42.60674722,-76.52341667,0,12,6,0,2,3,0,1,1,1,0,1,0,0000000,99,99,99,99,99,99,0,0,0,1,0
36,360774,1,1,0,1,1,1,1,81,4170,25,9,2012,3,6,3,0,14,6,QUEENS BLVD,,0,40.71164444,-73.82470278,9,9,0,0,1,1,0,1,4,1,0,1,0,0000000,99,99,99,99,99,99,0,0,0,1,0
36,360775,2,2,0,0,0,6,6,67,4903,21,9,2012,6,16,5,0,5,4,CR-109,CR-218,0,42.9298,-76.01838889,0,12,6,0,2,2,0,1,1,10,0,10,0,0000000,16,42,16,59,17,5,0,0,0,1,0
36,360776,1,1,0,1,1,1,1,117,1230,19,9,2012,4,8,10,0,6,4,CR-346 CLYDE MARENGO RD,,0,43.06333056,-76.89224167,0,9,0,0,1,1,0,1,1,1,0,1,0,0000000,99,99,99,99,99,99,0,0,0,1,0
36,360777,1,1,0,0,0,1,1,99,6440,25,9,2012,3,17,56,0,3,4,CR-106,,0,42.93466944,-76.8548,0,32,0,0,1,1,0,5,1,10,0,10,0,0000000,99,99,99,99,99,99,0,0,0,1,1
36,360778,3,3,0,0,0,4,4,103,360,25,9,2012,3,12,3,0,5,6,EDISON AVE,LAMAR ST,0,40.73369444,-73.37656944,0,12,6,0,2,3,0,1,1,1,0,1,0,0000000,12,4,12,8,99,99,0,0,0,1,0
36,360779,2,2,0,0,0,3,3,19,1080,26,9,2012,4,10,5,1,2,3,SR-11,,0,44.98298611,-73.42252222,0,12,1,0,8,1,0,1,1,1,0,1,0,0000000,10,5,10,8,10,45,0,0,0,1,0
36,360780,2,2,0,0,0,2,2,103,3768,26,9,2012,4,18,21,0,13,3,SR-25A,,0,40.94385278,-72.97138889,0,12,2,0,1,1,0,1,5,10,0,10,0,0000000,18,24,18,34,99,99,0,0,0,1,0
36,360781,1,1,0,1,1,2,2,81,4170,24,9,2012,2,20,53,0,16,6,CROSS BAY BLVD,149TH AVE,0,40.67056389,-73.84288056,0,8,0,0,2,7,0,1,3,1,0,1,0,0000000,99,99,99,99,99,99,0,0,0,1,0
36,360782,1,1,0,0,0,1,1,69,2260,27,9,2012,5,18,50,0,6,6,LAKE TO LAKE RD,,0,42.81011944,-77.09788333,0,30,0,0,1,1,0,5,1,1,0,1,0,0000000,99,99,99,99,99,99,0,0,0,1,1
36,360783,1,1,0,0,0,1,1,21,2810,27,9,2012,5,10,10,0,3,4,CR-31,,0,42.20196111,-73.80287778,0,41,0,0,1,1,0,5,1,1,0,1,0,0000000,10,14,10,18,10,50,0,0,0,1,0
36,360784,2,2,0,0,0,2,2,11,5633,26,9,2012,4,4,35,1,2,3,SR-5 GRANT AVENUE RD,CR-87B DEPOT RD,0,42.99740556,-76.5262,0,12,6,0,2,2,0,1,3,2,0,2,0,0000000,4,38,4,50,99,99,0,0,0,1,1
36,360785,2,2,0,0,0,2,2,5,4170,27,9,2012,5,5,54,1,13,3,SR-908A,,0,40.86854167,-73.82151667,0,24,0,0,1,1,0,4,3,2,0,2,0,0000000,99,99,99,99,99,99,0,0,0,1,0
36,360786,2,2,0,0,0,3,3,111,3329,27,9,2012,5,13,35,0,14,2,US-9W,MILTON AVE,0,41.71659722,-73.962925,0,12,2,0,2,4,0,1,1,1,0,1,0,0000000,13,36,13,40,13,52,0,0,0,1,0
36,360787,2,2,0,0,0,3,3,91,3462,27,9,2012,5,16,47,1,2,2,US-9,,0,43.00321944,-73.79043889,0,12,6,0,1,1,0,11,1,1,0,1,0,0000000,16,47,16,50,99,99,0,0,0,2,0
36,360788,1,1,0,0,0,1,1,119,6825,4,8,2012,7,2,26,0,5,4,CR-118,,0,41.24619167,-73.78870278,0,42,0,0,1,1,0,5,2,1,0,1,0,0000000,99,99,99,99,99,99,0,0,0,1,1
36,360789,1,1,0,1,1,1,1,61,4170,28,9,2012,6,23,54,0,13,6,BROADWAY,W 114TH ST,0,40.80676944,-73.96491111,0,8,0,0,2,2,0,1,3,1,0,1,0,0000000,99,99,99,99,99,99,0,0,0,1,0
36,360790,1,1,0,0,0,1,1,91,6731,30,9,2012,1,14,43,1,1,1,I-87,,0,43.17695556,-73.70890556,0,1,0,0,1,1,0,5,1,2,10,2,0,0000000,14,43,14,50,88,88,0,0,0,1,1
36,360791,1,1,0,0,0,2,2,47,4170,29,9,2012,7,3,12,0,16,6,JOHNSON AVE,,0,40.70861111,-73.92691944,0,30,0,0,1,1,0,4,3,10,0,10,0,0000000,99,99,99,99,99,99,0,0,0,1,1
36,360792,1,1,0,1,1,1,1,103,5769,29,9,2012,7,4,45,0,13,3,SR-347,,0,40.83391389,-73.18962778,0,8,0,0,1,1,0,1,2,2,10,2,0,0000000,99,99,99,99,88,88,0,0,0,1,0
36,360793,1,1,0,0,0,1,1,103,2728,28,9,2012,6,14,30,0,13,4,CR-97,,0,99.99990000,999.99990000,0,1,0,0,1,1,0,3,1,10,0,10,0,0000000,14,30,14,33,99,99,0,0,0,1,0
36,360794,2,2,0,0,0,2,2,103,5210,29,9,2012,7,0,31,0,6,5,SOUND AVE,,0,40.96326667,-72.71320833,0,12,6,0,1,1,0,1,3,10,0,10,0,0000000,0,35,0,45,0,55,0,0,0,1,1
36,360795,1,1,0,1,1,1,1,59,378,19,7,2012,5,7,44,0,16,6,BERTHA DR,,0,40.62439444,-73.59971111,0,8,0,0,8,1,0,4,1,10,0,10,0,0000000,99,99,99,99,99,99,0,0,0,1,0
36,360796,1,1,0,0,0,1,1,93,1592,29,9,2012,7,4,10,0,5,4,CR-147,,0,42.78896944,-74.23902222,0,34,0,0,1,1,0,4,3,2,0,2,0,0000000,4,11,4,22,88,88,0,0,0,1,1
36,360797,2,2,0,0,0,3,3,59,533,30,9,2012,1,15,10,0,6,6,PLAINVIEW RD,,0,40.743175,-73.47303611,0,12,2,0,1,1,0,1,1,2,10,2,0,0000000,99,99,99,99,99,99,0,0,0,1,0
36,360798,1,1,0,0,0,1,1,103,2840,1,10,2012,2,2,18,1,11,1,I-495,,0,40.78070278,-73.41634444,0,31,0,0,1,1,0,5,3,1,0,1,0,0000000,99,99,99,99,88,88,0,0,0,1,1
36,360799,2,2,0,0,0,4,4,63,4729,2,10,2012,3,21,55,0,16,6,7247 BEAR RIDGE RD,,0,43.08011667,-78.79224722,0,12,6,0,8,1,0,1,2,10,0,10,0,0000000,99,99,99,99,99,99,0,0,0,1,1
36,360800,1,1,0,1,1,1,1,81,4170,30,9,2012,1,23,34,0,13,6,JAMAICA AVE,,0,40.70176944,-73.807625,0,8,0,0,1,1,0,4,3,1,0,1,0,0000000,23,34,23,40,23,45,0,0,0,1,0
36,360801,2,2,0,0,0,3,3,55,2495,1,10,2012,2,16,16,0,3,3,SR-260,BRICK SCHOOLHOUSE RD,0,43.31184722,-77.85924722,0,12,6,0,2,2,0,1,1,1,0,1,0,0000000,16,16,16,21,99,99,0,0,0,1,1
36,360802,1,1,0,1,1,2,2,59,2160,2,10,2012,3,19,26,1,13,3,SR-27,HENRY ST,0,40.65661944,-73.581,0,8,0,0,3,2,0,1,3,2,10,2,0,0000000,99,99,99,99,99,99,0,0,0,1,0
36,360803,1,1,0,0,0,1,1,49,3370,3,10,2012,4,12,35,0,5,4,CR-27,GARDNER RD,0,43.77457778,-75.68068611,0,58,0,0,3,2,0,5,1,10,0,10,0,0000000,99,99,99,99,88,88,0,0,0,1,1
36,360804,1,1,0,1,1,1,1,85,4170,3,10,2012,4,11,53,0,14,6,FOREST AVE,LIVERMORE AVE,0,40.62427222,-74.13722778,0,8,0,0,3,3,0,1,1,10,0,10,0,0000000,99,99,99,99,99,99,0,0,0,1,0
36,360805,1,1,0,1,1,1,1,61,4170,3,10,2012,4,9,0,0,14,6,E 23RD ST,2ND AVE,0,40.73813611,-73.98072778,0,8,0,0,3,2,0,1,1,1,0,1,0,0000000,99,99,99,99,99,99,0,0,0,1,0
36,360806,2,2,0,0,0,2,2,29,1770,2,10,2012,3,13,8,1,2,2,US-20,CR-476,0,42.69527222,-78.93658889,0,12,6,0,2,2,0,1,1,10,0,10,0,0000000,99,99,99,99,99,99,0,0,0,1,0
36,360807,2,2,0,0,0,5,5,55,4730,4,10,2012,5,17,30,0,14,3,SR-441,WATSON RD,0,43.13047222,-77.43233333,0,12,6,0,2,3,0,1,1,1,0,1,0,0000000,17,32,17,39,18,9,0,0,0,1,0
36,360808,2,2,0,0,0,4,4,29,1117,5,10,2012,6,11,38,0,13,3,SR-240,,0,42.89385278,-78.78456667,0,12,2,0,1,1,1,1,1,10,0,10,0,0000000,99,99,99,99,99,99,0,0,0,1,0
36,360809,2,2,0,1,1,4,4,71,2695,6,10,2012,7,1,8,1,1,1,I-87,,442,99.99990000,999.99990000,0,12,1,0,1,1,0,1,2,1,0,1,0,0000000,2,30,4,0,6,0,23,0,0,1,0
36,360810,1,1,0,0,0,1,1,29,1844,4,10,2012,5,20,50,1,2,3,SR-400,,0,99.99990000,999.99990000,0,25,0,0,1,1,1,3,2,1,0,1,0,0000000,99,99,99,99,88,88,0,0,0,1,0
36,360811,1,1,0,1,1,1,1,61,4170,27,8,2012,2,8,50,0,16,6,6TH AVE,W HOUSTON,0,40.72847778,-74.00274722,0,8,0,0,3,2,0,1,1,1,0,1,0,0000000,99,99,99,99,88,88,0,0,0,1,0
36,360812,1,1,0,1,1,1,1,103,360,7,10,2012,1,1,40,0,13,3,SR-27,,0,40.71346667,-73.35096111,0,8,0,0,1,1,0,1,2,1,0,1,0,0000000,99,99,99,99,88,88,0,0,0,1,0
36,360813,2,1,1,1,1,1,1,47,4170,5,7,2012,5,3,30,0,13,6,BEDFORD AVE,STERLING ST,0,40.66271944,-73.95710556,0,14,0,0,3,1,0,7,3,1,0,1,0,0000000,99,99,99,99,99,99,0,0,0,1,0
36,360814,2,2,0,0,0,5,5,103,2920,15,9,2012,7,17,23,0,16,6,CONNETQUOT AVE,,0,40.76615833,-73.173825,0,12,6,0,1,1,0,1,1,1,0,1,0,0000000,99,99,99,99,99,99,0,0,0,1,0
36,360815,1,1,0,0,0,1,1,105,3230,7,10,2012,1,12,46,0,6,6,65 EAST MONGAUP RD,,0,41.75228333,-74.71454444,0,42,0,0,1,1,0,5,1,1,0,1,0,0000000,12,46,13,11,13,30,0,0,0,1,1
36,360816,2,2,0,0,0,2,2,103,5769,2,10,2012,3,9,27,0,16,4,CR-67,,0,40.81610278,-73.29015556,0,12,6,0,8,1,0,1,1,10,0,10,0,0000000,9,28,9,31,9,55,0,0,0,1,0
36,360817,1,1,0,1,1,1,1,103,2920,11,9,2012,3,19,38,0,16,4,CR-82,PINE AVE,0,40.71333611,-73.30528889,0,9,0,0,2,3,0,1,3,1,0,1,0,0000000,99,99,99,99,99,99,0,0,0,1,0
36,360818,4,4,0,0,0,4,4,59,1960,9,10,2012,3,17,9,0,14,6,FULTON ST,MAIN ST,0,40.72751944,-73.44431389,0,12,6,0,2,2,0,1,1,10,0,10,0,0000000,99,99,99,99,99,99,0,0,0,1,0
36,360819,1,1,0,0,0,1,1,75,4660,11,10,2012,5,21,30,0,5,4,CR-26,SMOKEY HOLLOW DR,0,43.41557222,-76.11052222,0,24,0,0,3,3,0,5,3,10,0,10,0,0000000,99,99,99,99,99,99,0,0,0,1,0
36,360820,2,2,0,0,0,2,2,61,4170,9,10,2012,3,20,29,0,14,6,W 110TH ST,MANHATTAN AVE,0,40.80109722,-73.95956389,0,12,6,0,2,2,0,1,3,1,0,1,0,0000000,99,99,99,99,99,99,0,0,0,1,0
36,360821,1,1,0,0,0,2,2,37,4390,11,10,2012,5,19,19,0,5,6,2620 LOCKPORT RD,,0,43.096325,-78.30753611,0,42,0,0,1,1,0,5,2,10,0,10,0,0000000,19,19,99,99,99,99,0,0,0,1,1
36,360822,1,1,0,1,1,1,1,105,6800,10,10,2012,4,21,1,1,2,2,US-209,,0,41.59536111,-74.46953333,0,8,0,0,1,1,0,1,2,10,0,10,0,0000000,21,1,21,15,23,0,0,0,0,1,0
36,360823,2,2,0,0,0,2,2,25,1510,11,10,2012,5,23,4,0,2,3,SR-17,EVANS RD,0,42.00860833,-75.39393889,0,12,6,0,2,3,0,1,2,1,0,1,0,0000000,23,4,23,18,1,45,0,0,0,1,1
36,360824,3,3,0,0,0,3,3,69,4770,12,10,2012,6,10,3,1,2,3,SR-14,,0,42.94743611,-76.97781389,0,12,6,0,1,1,0,1,1,10,0,10,0,0000000,10,10,99,99,99,99,0,0,0,1,0
36,360825,1,1,0,0,0,3,3,103,2520,13,10,2012,7,0,10,0,6,6,RED CREEK RD,,0,40.90605278,-72.55791944,0,42,0,0,1,1,0,5,2,1,0,1,0,0000000,0,16,0,32,1,10,0,0,0,1,0
36,360826,1,1,0,1,1,1,1,81,4170,13,10,2012,7,19,2,0,16,6,HILLSIDE AVE,MERRICK BLVD,0,40.70947222,-73.79634444,0,8,0,0,2,2,0,1,3,1,0,1,0,0000000,99,99,99,99,99,99,0,0,0,1,0
36,360827,1,1,0,0,0,1,1,95,5180,12,8,2012,1,12,4,1,1,1,I-88,,0,42.64471944,-74.58929167,0,24,0,0,1,1,0,3,1,1,0,1,0,0000000,12,4,12,15,88,88,0,0,0,1,0
36,360828,2,2,0,1,1,6,6,69,830,14,10,2012,1,3,21,0,2,3,SR-332,,0,42.93713056,-77.32529167,0,8,0,0,1,1,0,1,2,10,2,2,0,0000000,99,99,99,99,88,88,0,0,0,1,0
36,360829,1,1,0,0,0,1,1,105,783,15,10,2012,2,16,38,0,5,4,CR-128,,0,41.80353889,-74.97063056,0,31,0,0,1,1,0,5,1,10,0,10,0,0000000,99,99,99,99,99,99,0,0,0,1,0
36,360830,1,1,0,1,1,1,1,81,4170,15,10,2012,2,17,49,0,16,6,91ST PL,43RD AVE,0,40.74336111,-73.87466389,0,8,0,0,3,7,0,1,3,2,10,2,1,0000000,17,50,17,52,18,7,0,0,0,1,0
36,360831,1,1,0,1,1,3,3,107,4580,13,10,2012,7,14,34,0,3,3,SR-434,,0,99.99990000,999.99990000,0,9,0,0,1,1,0,2,1,10,0,10,0,0000000,14,34,14,46,15,21,0,0,0,1,0
36,360832,4,2,2,0,0,4,4,29,1170,11,10,2012,5,12,30,0,15,5,TRANSIT RD,,0,43.01709444,-78.69678056,0,12,2,0,1,1,0,1,1,1,0,1,0,0000000,12,40,12,40,88,88,0,0,0,2,0
36,360833,1,1,0,1,1,3,3,29,750,18,10,2012,5,19,22,0,14,6,BROADWAY,WOLTZ AVE,0,42.89385833,-78.83554167,0,8,0,0,3,3,0,1,3,10,2,2,0,0000000,19,24,19,26,88,88,0,0,0,1,0
36,360834,2,2,0,0,0,3,3,45,6050,18,10,2012,5,19,15,0,4,3,SR-37,,0,44.27319722,-75.80816111,0,12,2,0,1,1,0,1,2,1,0,1,0,0000000,99,99,99,99,99,99,0,0,0,1,0
36,360835,1,1,0,0,0,2,2,107,4040,17,10,2012,4,0,6,0,3,3,SR-38,,0,99.99990000,999.99990000,0,24,0,0,1,1,0,4,2,1,0,1,0,0000000,0,6,0,9,0,15,0,0,0,2,1
36,360836,2,2,0,0,0,3,3,81,4170,19,10,2012,6,17,40,0,15,6,LAUREL HILL BLVD,,0,40.72703056,-73.92368889,0,12,7,0,1,1,0,1,3,10,0,10,0,0000000,99,99,99,99,99,99,0,0,0,1,0
36,360837,2,2,0,0,0,2,2,103,360,20,10,2012,7,10,54,0,13,3,SR-27,,0,40.71355,-73.34596389,0,12,1,0,1,1,0,1,1,1,0,1,0,0000000,99,99,99,99,99,99,0,0,0,1,0
36,360838,1,1,0,1,1,1,1,119,472,19,10,2012,6,19,33,0,6,5,OLD POST RD,,0,41.1972,-73.65240833,0,8,0,0,1,1,0,1,3,10,0,10,0,0000000,99,99,99,99,99,99,0,0,0,1,0
36,360839,1,1,0,0,0,1,1,81,4170,20,10,2012,7,6,8,0,13,6,ROCKAWAY FREEWAY,BEACH 84TH ST,0,40.58992222,-73.81008333,0,21,0,0,3,2,0,3,3,10,5,5,0,0000000,99,99,99,99,99,99,0,0,0,1,1
36,360840,1,1,0,1,1,1,1,81,4170,20,10,2012,7,14,25,0,13,6,UNION TPKE,,0,40.72885278,-73.78233333,0,8,0,0,1,1,0,1,1,10,0,10,0,0000000,14,30,14,33,14,44,0,0,0,1,0
36,360841,1,1,0,1,1,4,4,81,4170,20,10,2012,7,6,0,0,16,6,164TH ST,,0,40.743725,-73.80436111,0,8,0,0,1,1,0,4,4,98,0,98,0,0000000,99,99,99,99,88,88,0,0,0,1,0
36,360842,3,3,0,0,0,5,5,37,1451,21,10,2012,1,15,8,1,2,3,SR-20,WARNER RD,0,42.90065833,-78.40878611,0,12,1,0,3,3,0,1,1,1,0,1,0,0000000,99,99,99,99,99,99,0,0,0,1,0
36,360843,3,1,2,0,0,1,1,85,4170,19,10,2012,6,6,16,0,16,6,GULF AVE,,0,40.6123,-74.18112778,0,14,0,0,1,1,0,4,3,2,0,2,0,0000000,99,99,99,99,99,99,0,0,0,1,0
36,360844,1,1,0,1,1,1,1,47,4170,21,10,2012,1,13,15,0,16,6,HIGHLAND BLVD,VERMONT PL,0,40.68520556,-73.88844722,0,8,0,0,3,4,0,1,1,1,0,1,0,0000000,99,99,99,99,88,88,0,0,0,1,0
36,360845,1,1,0,1,1,1,1,81,4170,23,10,2012,3,23,0,0,16,6,69TH ST,55TH AVE,0,40.727775,-73.89548056,0,8,0,0,3,3,0,1,3,10,2,2,0,0000000,99,99,99,99,99,99,0,0,0,1,0
36,360846,1,1,0,1,1,1,1,103,1650,23,10,2012,3,19,52,0,16,3,SR-27,,0,40.97713889,-72.13764444,0,8,0,0,1,1,0,1,3,10,0,10,0,0000000,19,52,20,0,20,27,0,0,0,1,0
36,360847,1,1,0,0,0,2,2,59,2160,24,10,2012,4,5,24,0,16,6,N MAIN ST,,0,40.6706,-73.58809167,0,42,0,0,1,1,0,5,3,10,0,10,0,0000000,5,24,5,25,5,42,0,0,0,1,1
36,360848,2,2,0,0,0,3,3,93,1592,21,10,2012,1,14,56,1,2,2,US-20,SETTLES HILL RD,0,42.75029722,-74.04757222,0,12,6,0,2,3,0,1,1,10,0,10,0,0000000,14,59,15,12,15,27,0,0,0,1,0
36,360849,1,1,0,0,0,1,1,69,4770,22,10,2012,2,3,6,0,2,3,SR-488,,0,42.93735833,-77.10559722,0,34,0,0,1,1,0,4,2,1,0,1,0,0000000,99,99,99,99,88,88,0,0,0,1,0
36,360850,1,1,0,0,0,1,1,5,4170,25,10,2012,5,23,17,0,13,6,BOSTON RD,KINGSLAND AVE,0,40.87787778,-73.84474722,0,30,0,0,3,2,0,4,3,1,0,1,0,0000000,99,99,99,99,99,99,0,0,0,1,1
36,360851,1,1,0,1,1,1,1,47,4170,26,10,2012,6,6,12,0,13,6,4TH AVE,,0,40.64398611,-74.01506667,0,8,0,0,1,1,0,1,3,10,0,10,0,0000000,99,99,99,99,99,99,0,0,0,2,0
36,360852,2,2,0,0,0,2,2,15,2800,26,10,2012,6,19,35,1,11,1,I-86,,0,42.14871667,-76.80581667,0,12,2,0,1,1,0,1,2,1,0,1,0,0000000,99,99,99,99,99,99,0,0,0,1,0
36,360853,1,1,0,0,0,1,1,59,495,26,10,2012,6,18,28,0,14,6,NEWBRIDGE RD,,0,40.70554167,-73.54438889,0,30,0,0,1,1,0,4,3,10,0,10,0,0000000,18,28,18,30,18,42,0,0,0,1,0
36,360854,1,1,0,0,0,1,1,65,6021,26,10,2012,6,15,20,0,6,5,TABERG FLORENCE RD,,0,43.32338889,-75.64323056,0,1,0,0,1,1,0,1,1,10,0,10,0,0000000,99,99,99,99,99,99,0,0,0,1,0
36,360855,1,1,0,1,1,2,2,59,1861,27,10,2012,7,22,15,0,14,6,DUTCH BROADWAY,ELMONT RD,0,40.69423889,-73.71738333,0,9,0,0,3,2,0,1,3,10,0,10,0,0000000,99,99,99,99,99,99,0,0,0,1,0
36,360856,1,1,0,0,0,1,1,1,6585,28,10,2012,1,1,33,0,6,4,CR-408,,0,42.47980556,-74.08302222,0,11,0,0,1,1,0,1,2,10,0,10,0,0000000,99,99,99,99,88,88,0,0,0,1,1
36,360857,1,1,0,0,0,1,1,75,6628,29,10,2012,2,17,18,0,3,3,SR-49,TOAD HARBOR RD,0,43.2836,-76.07986944,0,34,0,0,3,2,0,5,5,10,2,2,0,0000000,99,99,99,99,99,99,0,0,0,1,0
36,360858,1,1,0,0,0,3,3,63,3340,28,10,2012,1,17,55,0,6,5,SAUNDERS SETTLEMENT RD,,0,43.14466389,-78.78292222,0,32,0,0,1,1,0,4,2,2,0,2,0,0000000,99,99,99,99,99,99,0,0,0,1,0
36,360859,1,1,0,0,0,1,1,119,6040,29,10,2012,2,19,45,0,12,3,SR-987F,,0,40.99201944,-73.83787222,0,18,0,0,1,1,0,1,2,10,2,2,0,0000000,20,4,20,10,88,88,0,0,0,1,0
36,360860,2,2,0,0,0,4,4,59,2240,30,10,2012,3,20,25,0,14,6,STEWART AVE,WASHINGTON AVE,0,40.72777222,-73.62833333,0,12,6,0,2,2,0,1,2,10,0,10,0,0000000,99,99,99,99,99,99,0,0,0,1,0
36,360861,2,2,0,0,0,2,2,33,6649,29,10,2012,2,7,33,0,2,3,SR-37,,0,44.91421667,-74.36330833,0,12,2,0,1,1,0,1,4,5,0,5,0,0000000,7,33,7,56,8,25,0,0,0,1,0
36,360862,1,1,0,0,0,1,1,83,528,30,10,2012,3,2,0,0,3,3,SR-22,,0,42.66068889,-73.36831389,0,58,0,0,1,1,0,5,2,10,2,2,0,0000000,8,51,9,0,88,88,0,0,0,1,1
36,360863,1,1,0,1,1,1,1,107,5172,31,10,2012,4,20,28,0,3,3,SR-79,,0,42.37128611,-76.15933889,0,8,0,0,1,1,0,1,2,10,2,2,0,0000000,99,99,99,99,99,99,0,0,0,1,0
36,360864,1,1,0,0,0,1,1,75,4085,1,11,2012,5,5,10,0,4,6,JOHNSON RD,,0,43.44244722,-76.27944722,0,42,0,0,1,1,0,5,2,10,2,2,0,0000000,5,12,5,20,88,88,0,0,0,1,1
36,360865,3,3,0,0,0,3,3,67,380,30,10,2012,3,6,35,1,2,3,SR-31,,0,99.99990000,999.99990000,0,12,2,0,1,1,0,1,2,10,0,10,0,0000000,6,35,6,44,7,46,0,0,0,1,0
36,360866,1,1,0,1,1,4,4,79,900,30,10,2012,3,21,54,0,2,3,SR-52,,0,41.48626667,-73.67655278,0,8,0,0,1,1,0,1,2,10,0,10,0,0000000,99,99,99,99,99,99,0,0,0,1,0
36,360867,1,1,0,1,1,1,1,81,4170,2,11,2012,6,23,20,0,16,6,41ST AVE,UNION ST,0,40.75932778,-73.82594167,0,8,0,0,3,2,0,1,3,1,0,1,0,0000000,23,20,23,26,23,42,0,0,0,1,0
36,360868,1,1,0,1,1,5,5,103,5210,1,11,2012,5,13,36,0,4,6,MIDDLE COUNTRY RD,,0,40.92274444,-72.815,0,9,0,0,1,1,0,2,1,1,0,1,0,0000000,99,99,99,99,88,88,0,0,0,1,0
36,360869,1,1,0,0,0,1,1,89,3900,3,11,2012,7,12,45,0,4,4,CR-6,,0,44.55511111,-75.5507,0,42,0,0,1,1,0,5,1,10,0,10,0,0000000,12,45,12,55,88,88,0,0,0,1,1
36,360870,1,1,0,0,0,2,2,29,613,3,11,2012,7,3,0,0,3,3,SR-438,,0,99.99990000,999.99990000,3,34,0,0,1,1,0,4,2,10,0,10,0,0000000,99,99,99,99,99,99,0,0,0,1,1
36,360871,1,1,0,0,0,1,1,29,40,4,11,2012,1,6,46,0,6,6,SOUTH NEWSTESD RD,SR-5,0,42.99729444,-78.512475,0,42,0,0,3,3,0,5,4,4,0,4,0,0000000,6,46,6,52,88,88,0,0,0,1,1
36,360872,2,2,0,0,0,2,2,119,275,4,11,2012,1,0,20,1,1,1,I-684,,0,99.99990000,999.99990000,0,12,1,0,1,1,0,1,2,10,0,10,0,0000000,0,21,0,40,99,99,0,0,0,1,1
36,360873,1,1,0,0,0,1,1,103,5810,8,11,2012,5,1,51,1,2,3,SR-24,,0,99.99990000,999.99990000,0,42,0,0,1,1,0,4,2,3,0,3,0,0000000,1,53,99,99,88,88,0,0,0,1,1
36,360874,1,1,0,1,1,3,3,119,6825,8,11,2012,5,20,26,0,6,6,FARM WALK RD,,0,41.30778056,-73.78897222,0,8,0,0,1,1,0,1,2,1,0,1,0,0000000,99,99,99,99,88,88,0,0,0,1,0
36,360875,1,1,0,0,0,2,2,27,2870,9,11,2012,6,20,10,0,4,4,CR-41,,0,41.78848056,-73.90778889,0,1,0,0,1,1,0,5,2,1,0,1,0,0000000,99,99,99,99,99,99,0,0,0,1,0
36,360876,1,1,0,1,1,1,1,59,2600,8,11,2012,5,17,23,0,16,6,FRANKLIN AVE,LINDEN ST,0,99.99990000,999.99990000,0,8,0,0,2,3,0,1,2,10,0,10,0,0000000,99,99,99,99,99,99,0,0,0,1,0
36,360877,2,2,0,0,0,3,3,103,5210,9,11,2012,6,10,2,0,13,3,SR-25,SR-25A,0,40.92779167,-72.79068611,0,12,6,0,2,4,0,1,1,1,0,1,0,0000000,99,99,99,99,99,99,0,0,0,1,0
36,360878,1,1,0,0,0,1,1,19,546,9,11,2012,6,21,54,0,6,4,CR-3 (ORE BED RD),,0,44.58926944,-73.80639722,0,42,0,0,1,1,0,4,2,1,0,1,0,0000000,99,99,99,99,88,88,0,0,0,1,1
36,360879,2,2,0,0,0,3,3,103,5210,10,11,2012,7,11,41,0,14,6,MAIN ST,DOCTORS PATH,0,40.93709722,-72.64898056,0,12,6,0,2,2,0,1,1,1,0,1,0,0000000,99,99,99,99,99,99,0,0,0,1,0
36,360880,1,1,0,0,0,1,1,107,9997,3,11,2012,7,16,30,0,6,5,JEWETT HILL RD,,0,42.32689722,-76.21222222,0,42,0,0,1,1,0,4,1,2,0,2,0,0000000,99,99,99,99,99,99,0,0,0,1,0
36,360881,1,1,0,0,0,1,1,117,3410,11,11,2012,1,17,24,0,4,4,CR-242,,0,43.10210278,-77.00633889,0,1,0,0,1,1,0,5,2,1,0,1,0,0000000,17,17,99,99,99,99,0,0,0,1,0
36,360882,1,1,0,0,0,1,1,29,2348,11,11,2012,1,12,59,0,6,6,BASELINE RD,,0,42.99759167,-78.96485278,0,30,0,0,1,1,0,5,1,1,0,1,0,0000000,99,99,99,99,99,99,0,0,0,1,0