STATE,ST_CASE,VE_TOTAL,VE_FORMS,PVH_INVL,PEDS,PERNOTMVIT,PERMVIT,PERSONS,COUNTY,CITY,DAY,MONTH,YEAR,DAY_WEEK,HOUR,MINUTE,NHS,ROAD_FNC,ROUTE,TWAY_ID,TWAY_ID2,MILEPT,LATITUDE,LONGITUD,SP_JUR,HARM_EV,MAN_COLL,RELJCT1,RELJCT2,TYP_INT,WRK_ZONE,REL_ROAD,LGT_COND,WEATHER1,WEATHER2,WEATHER,SCH_BUS,RAIL,NOT_HOUR,NOT_MIN,ARR_HOUR,ARR_MIN,HOSP_HR,HOSP_MN,CF1,CF2,CF3,FATALS,DRUNK_DR
36,360883,1,1,0,3,3,1,1,29,156,11,11,2012,1,15,20,0,3,5,TONAWANDA CREEK RD,,0,43.06894722,-78.74714722,0,8,0,0,1,1,0,2,1,10,0,10,0,0000000,15,20,15,25,16,0,0,0,0,2,1
36,360884,1,1,0,2,2,1,1,65,1220,11,11,2012,1,11,49,0,6,6,UTICA ST,,0,43.06891667,-75.347525,0,8,0,0,1,1,0,2,1,1,0,1,0,0000000,11,49,11,52,12,9,0,0,0,2,0
36,360885,1,1,0,0,0,1,1,71,3840,12,11,2012,2,15,58,0,14,3,SR-208,COLEMAN RD,0,41.53663056,-74.197525,0,42,0,0,3,3,0,5,1,10,0,10,0,0000000,99,99,99,99,99,99,0,0,0,1,0
36,360886,2,2,0,0,0,3,3,87,4063,12,11,2012,2,2,54,1,1,1,I-87,,223,99.99990000,999.99990000,0,12,2,0,1,1,1,1,2,1,0,1,0,0000000,3,5,3,18,3,35,0,0,0,1,0
36,360887,2,2,0,0,0,5,5,71,2320,11,11,2012,1,20,41,1,2,3,SR-17,,0,41.40235,-74.3407,0,24,0,0,1,1,0,3,2,1,0,1,0,0000000,20,41,20,50,21,23,0,0,0,2,1
36,360888,6,1,5,0,0,1,1,47,4170,12,11,2012,2,21,56,0,16,6,5TH AVE,,0,40.61630556,-74.03074722,0,14,0,0,1,1,0,7,3,10,0,10,0,0000000,99,99,99,99,99,99,0,0,0,1,0
36,360889,3,3,0,0,0,4,4,29,2485,15,11,2012,5,16,46,1,2,3,SR-20,PLEASANT AVE,0,42.79175278,-78.75729722,0,12,2,0,2,2,0,1,1,1,0,1,0,0000000,99,99,99,99,99,99,0,0,0,1,0
36,360890,1,1,0,1,1,1,1,59,1960,15,11,2012,5,0,20,0,16,6,CLINTON ST,CONKLIN ST,0,40.732175,-73.45054444,0,15,0,0,2,4,0,1,3,10,0,10,0,0000000,99,99,99,99,99,99,0,0,0,1,1
36,360891,2,2,0,2,2,2,2,47,4170,15,11,2012,5,5,27,0,16,6,BORINQUEN PL,KEAP ST,0,40.71070278,-73.95353889,0,8,0,0,3,2,0,1,3,1,0,1,0,0000000,99,99,99,99,99,99,0,0,0,1,0
36,360892,1,1,0,0,0,1,1,37,1790,16,11,2012,6,16,44,0,6,6,N BYRON RD,,0,43.09974167,-78.13243333,0,42,0,0,1,1,0,4,1,1,0,1,0,0000000,99,99,99,99,99,99,0,0,0,1,0
36,360893,1,1,0,1,1,1,1,65,6220,16,11,2012,6,11,0,0,16,6,RICHARDSON AVE,GENESEE ST,0,43.07481667,-75.28485278,0,8,0,0,2,3,0,1,1,1,0,1,0,0000000,99,99,99,99,99,99,0,0,0,1,0
36,360894,3,1,2,0,0,2,2,71,4060,17,11,2012,7,3,20,0,16,6,SOUTH ROBINSON AVE,DEYO PL,0,41.49319444,-74.02236111,0,14,0,0,3,4,0,5,3,10,0,10,0,0000000,3,25,3,26,3,42,0,0,0,1,1
36,360895,2,2,0,0,0,5,5,71,4060,19,11,2012,2,7,5,0,14,3,SR-32,,0,41.59094444,-74.06912778,0,12,6,0,1,1,0,1,2,1,0,1,0,0000000,99,99,99,99,99,99,0,0,0,1,0
36,360896,1,1,0,0,0,3,3,83,2779,19,11,2012,2,13,17,0,6,4,CR-102,,0,42.89937778,-73.30978333,0,1,0,0,1,1,0,4,1,1,0,1,0,0000000,13,23,13,32,99,99,0,0,0,1,0
36,360897,2,2,0,1,1,3,3,69,3490,12,11,2012,2,12,7,1,2,3,SR-21,,0,99.99990000,999.99990000,0,12,6,0,1,1,0,1,1,10,0,10,0,0000000,99,99,99,99,99,99,0,0,0,1,0
36,360898,3,1,2,1,1,2,2,55,5230,19,11,2012,2,15,22,0,16,6,JOSEPH AVE,KELLY ST,0,43.16717222,-77.60728333,0,14,0,0,3,2,0,7,1,1,0,1,0,0000000,15,22,15,29,15,46,0,0,0,1,0
36,360899,1,1,0,1,1,1,1,69,1961,17,11,2012,7,21,28,0,2,3,SR-96,,0,42.97315,-77.32107222,0,8,0,0,1,1,0,1,2,1,0,1,0,0000000,99,99,99,99,99,99,0,0,0,1,0
36,360900,2,2,0,0,0,3,3,109,6120,19,11,2012,2,15,45,0,6,5,SOUTH ST EXT,,0,42.52665278,-76.66023333,0,12,6,0,1,1,0,1,1,1,0,1,1,0000000,15,45,15,54,18,0,0,0,0,1,0
36,360901,1,1,0,2,2,1,1,49,3370,20,11,2012,3,7,51,0,2,3,SR-12,,0,43.84198611,-75.60177778,0,49,0,0,1,1,0,1,1,10,0,10,0,0000000,7,54,8,8,8,38,0,0,0,1,0
36,360902,1,1,0,0,0,2,2,3,190,20,11,2012,3,22,53,0,6,5,HESELTON GULLY RD,GRANTIER RD,0,42.05994167,-77.7611,0,41,0,0,3,2,0,4,2,1,0,1,0,0000000,22,55,23,3,99,99,0,0,0,1,0
36,360903,3,3,0,0,0,6,6,11,3839,20,11,2012,3,17,56,0,5,3,SR-90,,0,42.99976111,-76.71544444,0,12,2,0,1,1,0,1,2,1,0,1,1,0000000,17,57,18,10,99,99,0,0,0,2,0
36,360904,1,1,0,1,1,1,1,1,50,21,11,2012,4,6,55,0,16,5,ERIE ST,BROADWAY,0,42.67086389,-73.73882222,0,8,0,0,2,3,0,1,4,10,0,10,0,0000000,99,99,99,99,99,99,0,0,0,1,0
36,360905,2,2,0,0,0,4,4,59,2600,20,11,2012,3,11,10,0,16,6,NEWBRIDGE RD,CAMP AVE,0,99.99990000,999.99990000,0,12,6,0,2,2,0,1,1,1,0,1,0,0000000,99,99,99,99,99,99,0,0,0,2,0
36,360906,2,2,0,0,0,2,2,59,4600,21,11,2012,4,0,35,0,15,6,SOUTH BROADWAY,,0,40.74892222,-73.50301944,0,12,6,0,8,1,0,1,3,1,0,1,0,0000000,99,99,99,99,88,88,0,0,0,1,0
36,360907,1,1,0,1,1,1,1,59,2600,22,11,2012,5,2,0,0,16,5,HEMPSTEAD AVE,,0,40.68963611,-73.65872778,0,8,0,0,1,1,0,1,3,10,0,10,0,0000000,99,99,99,99,99,99,0,0,0,1,0
36,360908,1,1,0,0,0,2,2,75,6319,23,11,2012,6,23,53,0,6,6,SILK RD,,0,43.39216111,-76.36549444,0,42,0,0,1,1,0,5,2,10,0,10,0,0000000,99,99,99,99,99,99,0,0,0,1,1
36,360910,1,1,0,0,0,1,1,25,1570,25,11,2012,1,16,23,0,3,3,SR-206,,0,42.08575556,-74.99961111,0,18,0,0,1,1,0,4,2,10,0,10,0,0000000,99,99,99,99,88,88,0,0,0,1,0
36,360911,1,1,0,0,0,4,4,7,540,23,11,2012,6,12,32,0,14,5,CONKLIN AVE,BURR AVE,0,42.09665,-75.88822778,0,19,0,0,3,3,0,4,1,1,0,1,0,0000000,99,99,99,99,99,99,0,0,0,1,0
36,360912,2,2,0,0,0,3,3,59,1660,25,11,2012,1,19,59,0,6,6,LOCUST LANE,,0,40.78153889,-73.63331667,0,12,2,0,1,1,0,1,2,10,0,10,0,0000000,19,59,20,9,20,28,0,0,0,1,1
36,360913,1,1,0,1,1,1,1,1,50,24,11,2012,7,0,53,0,14,5,MANNING BLVD,CLEVELAND ST,0,42.67274722,-73.789625,0,9,0,0,2,3,0,1,3,1,0,1,0,0000000,1,1,99,99,99,99,20,0,0,1,1
36,360914,2,2,0,0,0,6,6,3,1430,24,11,2012,7,18,45,0,6,4,CR-7,MT MONROE RD,0,42.25309167,-78.27701944,0,12,2,0,2,4,0,1,2,4,0,4,0,0000000,18,47,18,52,19,40,0,0,0,1,0
36,360915,1,1,0,0,0,1,1,29,6642,8,8,2012,4,0,40,1,2,2,US-219,,0,42.82951111,-78.79044167,0,20,0,0,5,1,0,5,2,1,0,1,0,0000000,0,42,0,44,1,51,0,0,0,1,0
36,360916,2,2,0,0,0,2,2,59,4600,29,11,2012,5,13,40,0,13,3,SR-27,BROADWAY,0,40.676125,-73.47184167,0,12,1,0,3,2,0,1,1,1,0,1,0,0000000,99,99,99,99,99,99,0,0,0,1,0
36,360917,2,2,0,0,0,2,2,47,4170,30,11,2012,6,19,6,0,13,6,65TH ST,13TH AVE,0,40.62608056,-74.0015,0,12,2,0,2,2,0,1,3,1,0,1,0,0000000,99,99,99,99,99,99,0,0,0,1,0
36,360918,1,1,0,1,1,1,1,119,2570,30,11,2012,6,14,18,0,6,5,WARBURTON AVE,,0,99.99990000,999.99990000,0,8,0,0,1,1,0,4,1,1,0,1,0,0000000,14,18,14,21,14,45,0,0,0,1,0
36,360919,1,1,0,3,3,8,8,59,2600,27,11,2012,3,21,35,0,16,5,FULTON AVE,NASSAU PL,0,40.71013056,-73.61430556,0,8,0,0,2,3,0,1,3,10,0,10,0,0000000,21,35,21,40,22,0,0,0,0,1,0
36,360920,1,1,0,0,0,1,1,71,3730,1,12,2012,7,19,47,0,6,6,GROVE ST,,0,41.44858611,-74.41625,0,33,0,0,1,1,0,5,3,5,0,5,0,0000000,99,99,99,99,99,99,0,0,0,1,1
36,360921,1,1,0,0,0,3,3,111,3560,1,12,2012,7,3,30,0,6,4,CR-14A,ALBERTSON RD,0,41.61668611,-73.99218333,0,30,0,0,3,3,0,4,3,1,0,1,0,0000000,99,99,99,99,99,99,0,0,0,1,0
36,360922,2,2,0,0,0,5,5,91,2484,1,12,2012,7,22,18,1,1,1,I-87,,96,42.82308056,-73.76813056,0,12,1,0,1,1,0,1,2,10,0,10,0,0000000,22,22,22,39,2,14,0,0,0,2,1
36,360923,2,2,0,0,0,5,5,111,3560,2,12,2012,1,7,43,0,13,3,SR-9W,,0,99.99990000,999.99990000,0,12,2,0,1,1,0,1,1,5,0,5,0,0000000,7,43,7,45,13,5,0,0,0,1,0
36,360924,1,1,0,0,0,4,4,59,2600,1,12,2012,7,2,55,1,2,3,SR-908M,,0,40.69001944,-73.55331667,0,42,0,0,1,1,0,4,3,1,0,1,0,0000000,2,55,3,11,3,45,0,0,0,1,1
36,360925,1,1,0,1,1,1,1,29,6642,2,12,2012,1,15,21,0,6,3,SR-240,LENOX ST,0,42.83879167,-78.78892222,0,8,0,0,3,3,0,1,1,2,0,2,0,0000000,99,99,99,99,99,99,0,0,0,1,0
36,360926,1,1,0,1,1,1,1,29,1844,3,12,2012,2,17,9,0,6,6,BULLIS RD,,0,42.83896667,-78.67755,0,8,0,0,1,1,0,1,5,10,0,10,0,0000000,99,99,99,99,88,88,0,0,0,1,0
36,360927,2,2,0,0,0,3,3,69,1961,4,12,2012,3,19,45,0,6,6,PAYNE RD,SHORTSVILLE RD,0,42.96152778,-77.30382222,0,12,6,0,2,2,0,1,2,2,10,2,0,0000000,20,20,20,53,21,30,0,0,0,1,0
36,360928,1,1,0,1,1,1,1,55,2606,4,12,2012,3,6,16,0,6,5,LEHIGH STATION RD,,0,43.05872778,-77.64923889,0,8,0,0,1,1,0,1,3,1,0,1,0,0000000,99,99,99,99,99,99,0,0,0,1,0
36,360929,1,1,0,1,1,1,1,19,4880,4,12,2012,3,17,3,1,2,2,US-9,N BOWL LN,0,44.73419722,-73.42925,0,9,0,0,2,4,0,1,3,10,0,10,0,0000000,17,2,17,10,88,88,0,0,0,1,0
36,360930,1,1,0,0,0,1,1,25,3571,5,12,2012,4,11,54,1,2,3,SR-8,,0,42.24575556,-75.38567222,0,42,0,0,1,1,0,4,1,10,0,10,0,0000000,11,54,12,4,88,88,0,0,0,1,0
36,360931,1,1,0,1,1,1,1,103,2920,8,7,2012,1,13,0,0,14,4,CR-13,ST PETERS DR,0,40.78560833,-73.26911389,0,9,0,0,2,3,0,1,1,1,0,1,0,0000000,99,99,99,99,99,99,0,0,0,1,0
36,360932,3,3,0,0,0,4,4,5,4170,22,8,2012,4,12,25,1,11,1,I-95,,0,40.84435556,-73.90098056,0,12,1,0,1,1,0,1,1,1,0,1,0,0000000,99,99,99,99,99,99,0,0,0,1,0
36,360933,1,1,0,1,1,1,1,43,2880,4,12,2012,3,15,59,0,2,3,SR-28,MCKOONA RD,0,42.88935556,-75.002,0,15,0,0,2,3,0,1,1,1,0,1,0,0000000,15,59,16,10,17,30,0,0,0,1,0
36,360934,1,1,0,1,1,1,1,103,360,23,10,2012,3,22,9,0,13,3,SR-27,ALBANY AVE,0,40.68789722,-73.413575,0,8,0,0,3,2,0,1,3,10,2,2,0,0000000,99,99,99,99,88,88,0,0,0,1,0
36,360935,1,1,0,0,0,1,1,51,2461,5,12,2012,4,12,50,0,2,3,SR-35,,0,42.67511944,-77.81566944,0,34,0,0,1,1,0,4,1,10,0,10,0,0000000,13,0,13,15,13,30,0,0,0,1,0
36,360936,1,1,0,1,1,1,1,13,2950,7,12,2012,6,10,44,0,16,5,W 4TH ST,,0,42.09668056,-79.24482222,0,8,0,0,1,1,0,1,1,2,0,2,0,0000000,10,44,10,46,10,58,0,0,0,1,0
36,360937,1,1,0,2,2,2,2,103,3768,1,11,2012,5,20,5,0,16,6,PARKSIDE AVE,SR-25A,0,40.94352222,-72.97209444,0,8,0,0,3,2,0,1,3,1,0,1,0,0000000,99,99,99,99,99,99,0,0,0,1,0
36,360938,2,2,0,0,0,2,2,103,360,6,11,2012,3,20,45,0,13,3,SR-110,NATHALIE AVE,0,40.70067222,-73.42673056,0,12,6,0,3,3,0,1,3,1,0,1,0,0000000,99,99,99,99,99,99,0,0,0,1,0
36,360939,1,1,0,1,1,2,2,85,4170,10,11,2012,7,18,30,0,16,6,VICTORY BLVD,CHRISTOPHER LANE,0,40.60843889,-74.15548333,0,8,0,0,3,3,0,1,3,1,0,1,0,0000000,99,99,99,99,99,99,0,0,0,1,0
36,360940,1,1,0,1,1,1,1,59,2600,7,12,2012,6,12,12,0,16,5,FULTON AVE,,0,40.70781389,-73.62618056,0,8,0,0,1,1,0,1,1,2,0,2,0,0000000,12,12,12,18,12,40,0,0,0,1,0
36,360941,1,1,0,1,1,1,1,103,2840,11,11,2012,1,14,3,0,16,6,BIRCHWOOD DR,,0,40.82750278,-73.39451667,0,8,0,0,1,1,0,1,1,1,0,1,0,0000000,99,99,99,99,99,99,0,0,0,1,0
36,360942,1,1,0,0,0,1,1,103,2840,17,11,2012,7,3,1,0,16,6,CALDONIA RD,,0,40.809675,-73.36847778,0,52,0,0,1,1,0,5,3,1,0,1,0,0000000,3,8,99,99,88,88,0,0,0,1,1
36,360943,1,1,0,1,1,1,1,59,4600,8,12,2012,7,18,0,0,16,5,NEWBRIDGE RD,,0,40.75253611,-73.53190278,0,8,0,0,1,1,0,1,3,10,0,10,0,0000000,99,99,99,99,88,88,0,0,0,1,0
36,360944,2,2,0,0,0,3,3,59,4600,13,12,2012,5,14,0,1,2,3,SR-25 JERICHO TPK,MERRY LN,0,40.79395,-73.53601389,0,12,1,0,2,3,0,1,1,1,0,1,0,0000000,99,99,99,99,99,99,0,0,0,1,0
36,360945,1,1,0,0,0,3,3,65,800,14,12,2012,6,11,56,0,6,5,BARRELL RD,,0,43.40104722,-75.82411667,0,42,0,0,1,1,0,4,1,1,0,1,0,0000000,99,99,99,99,99,99,0,0,0,1,0
36,360946,3,3,0,0,0,3,3,55,1730,14,12,2012,6,7,51,0,16,5,N WASHINGTON RD,LINDEN AVE,0,43.11883611,-77.48659722,0,12,2,0,2,2,0,1,1,1,0,1,0,0000000,7,55,7,59,8,52,0,0,0,1,1
36,360947,2,2,0,0,0,3,3,47,4170,14,11,2012,4,5,48,0,13,6,ATLANTIC AVE,RALPH AVE,0,40.67689444,-73.92181111,0,12,6,0,2,2,0,1,1,1,0,1,0,0000000,99,99,99,99,99,99,0,0,0,1,0
36,360948,1,1,0,1,1,1,1,103,705,27,11,2012,3,16,48,0,6,5,HOMESTEAD DR,,0,40.8721,-72.981825,0,8,0,0,1,1,0,1,2,2,0,2,0,0000000,99,99,99,99,88,88,0,0,0,1,0
36,360949,2,2,0,1,1,2,2,47,4170,17,11,2012,7,3,40,0,16,6,FOSTER AVE,NOSTRAND AVE,0,40.63857222,-73.948175,0,8,0,0,3,2,0,1,3,1,0,1,0,0000000,99,99,99,99,99,99,0,0,0,1,0
36,360950,1,1,0,1,1,2,2,61,4170,20,11,2012,3,11,14,0,16,6,UNION SQUARE WEST,,0,40.73675556,-73.99056667,0,15,0,0,1,1,0,1,1,1,0,1,0,0000000,99,99,99,99,88,88,0,0,0,1,0
36,360951,4,4,0,0,0,6,6,103,2840,23,11,2012,6,13,39,1,13,3,SR-25,WARNER RD,0,40.83196389,-73.34353611,0,12,1,0,3,3,0,1,1,1,0,1,0,0000000,99,99,99,99,99,99,0,0,0,1,0
36,360952,1,1,0,0,0,1,1,65,4341,15,12,2012,7,0,2,0,6,5,TOWNLINE RD,,0,43.281975,-75.38658333,0,34,0,0,1,1,0,4,2,1,0,1,0,0000000,99,99,99,99,99,99,0,0,0,1,1
36,360953,1,1,0,0,0,1,1,103,360,26,11,2012,2,5,50,0,13,3,SR-110,,0,40.7017,-73.42705556,0,30,0,0,1,1,0,5,3,1,0,1,0,0000000,99,99,99,99,99,99,0,0,0,1,0
36,360954,1,1,0,0,0,1,1,59,4430,15,12,2012,7,5,7,0,2,3,SR-107,PHEASANT HILL LN,0,40.8333,-73.60625,0,33,0,0,3,3,0,4,2,1,0,1,0,0000000,99,99,99,99,99,99,0,0,0,1,0
36,360955,2,2,0,0,0,2,2,103,1337,28,11,2012,4,6,35,0,13,3,SR-112,,0,40.85161389,-72.99768333,0,12,1,0,1,1,0,1,1,10,0,10,0,0000000,6,39,6,51,7,10,0,0,0,1,0
36,360956,2,2,0,0,0,3,3,31,6729,29,11,2012,5,15,48,0,3,3,SR-86,,0,44.361625,-73.844675,0,12,2,0,1,1,0,1,3,4,0,4,0,0000000,99,99,99,99,99,99,0,0,0,1,0
36,360957,2,2,0,0,0,5,5,123,4740,15,12,2012,7,15,15,0,2,3,SR-14A,N MAIN ST,0,42.68216389,-77.06550833,0,12,6,0,2,3,0,1,1,1,0,1,0,0000000,99,99,99,99,99,99,0,0,0,1,0
36,360958,2,1,1,1,1,1,1,29,750,6,12,2012,5,18,55,0,6,6,FILLMORE AVE,RILEY ST,0,42.90919722,-78.83905,0,30,0,0,3,3,0,5,2,1,0,1,0,0000000,99,99,99,99,88,88,0,0,0,2,1
36,360959,1,1,0,0,0,2,2,13,5710,8,11,2012,5,3,0,1,2,3,SR-5,,0,42.549,-79.15178056,0,34,0,0,1,1,0,4,2,1,0,1,0,0000000,3,22,99,99,88,88,0,0,0,1,1
36,360960,1,1,0,0,0,1,1,55,1930,16,12,2012,1,2,28,0,6,5,MOSELEY RD,AYRAULT RD,0,43.07908333,-77.44184444,0,33,0,0,3,2,0,4,3,10,0,10,0,0000000,2,28,2,30,99,99,0,0,0,1,1
36,360961,2,1,1,1,1,1,1,69,3490,6,12,2012,5,12,36,0,4,4,CR-7,,0,43.00879444,-77.17620556,0,8,0,0,1,1,0,2,1,1,0,1,0,0000000,12,36,12,55,15,0,0,0,0,1,0
36,360962,1,1,0,1,1,1,1,59,2600,16,12,2012,1,21,2,0,6,5,CLINTON ST,,0,40.71882778,-73.62071944,0,8,0,0,1,1,0,1,3,2,0,2,0,0000000,21,3,21,8,21,29,0,0,0,1,0
36,360963,2,2,0,0,0,3,3,71,2320,7,12,2012,6,9,16,0,14,3,SR-17M,,0,41.40238056,-74.39032778,0,12,6,0,1,1,0,1,1,4,8,4,0,0000000,9,18,99,99,99,99,0,0,0,1,0
36,360964,2,2,0,0,0,2,2,37,5947,8,12,2012,7,18,22,0,4,4,CR-33,,0,43.02970833,-78.06435,0,12,2,0,1,1,0,1,2,2,10,2,0,0000000,18,22,18,30,0,0,0,0,0,1,0
36,360965,5,1,4,0,0,1,1,119,6820,11,12,2012,3,2,15,0,6,6,WARBURTON AVE,,0,40.97071667,-73.889,0,14,0,0,1,1,0,7,3,10,2,2,0,0000000,99,99,99,99,88,88,0,0,0,1,1
36,360966,2,2,0,0,0,4,4,99,6440,13,12,2012,5,17,55,0,3,3,SR-96,CR-114,0,42.924575,-76.90243611,0,12,6,0,2,2,0,1,3,1,0,1,0,0000000,99,99,99,99,99,99,0,0,0,1,0
36,360967,2,2,0,0,0,2,2,45,220,14,12,2012,6,12,34,1,2,2,US-11,CR-30,0,44.17171389,-75.66154167,0,12,1,0,3,3,0,1,1,1,0,1,0,0000000,99,99,99,99,99,99,0,0,0,1,0
36,360968,1,1,0,1,1,1,1,81,4170,14,12,2012,6,18,7,0,2,3,SR-907B,,0,40.66859722,-73.73828333,0,8,0,0,1,1,0,1,3,1,0,1,0,0000000,99,99,99,99,99,99,0,0,0,1,0
36,360969,1,1,0,1,1,1,1,69,2260,15,12,2012,7,10,21,0,16,6,ELM ST,,0,42.86821944,-76.98450278,0,8,0,0,1,1,0,4,1,10,0,10,0,0000000,10,24,10,25,88,88,0,0,0,1,0
36,360970,1,1,0,1,1,1,1,47,4170,18,12,2012,3,6,49,0,13,6,OCEAN PKWY,KINGS HWY,0,40.60566944,-73.96689722,0,8,0,0,2,2,0,1,1,10,0,10,1,0000000,99,99,99,99,99,99,0,0,0,1,0
36,360971,1,1,0,2,2,1,1,81,4170,15,12,2012,7,4,24,1,11,1,I-495,,0,40.76057778,-73.73175278,0,8,0,0,1,1,0,1,3,1,0,1,0,0000000,99,99,99,99,99,99,0,0,0,1,1
36,360972,2,2,0,0,0,3,3,73,5642,16,12,2012,1,18,57,0,4,6,S GRAVEL RD,,0,43.14111389,-78.39036944,0,12,2,0,1,1,0,1,2,10,0,10,0,0000000,18,57,99,99,99,99,0,0,0,1,0
36,360973,2,2,0,0,0,3,3,117,4640,17,12,2012,2,17,50,0,4,3,SR-31,,0,43.05972778,-77.20576944,0,12,2,0,1,1,0,1,2,1,0,1,0,0000000,17,51,17,56,18,37,0,0,0,1,0
36,360974,1,1,0,0,0,5,5,59,2600,8,10,2012,2,3,40,1,2,3,SR-908M,,0,40.68345833,-73.65755278,0,42,0,0,1,1,0,4,3,10,0,10,0,0000000,3,41,3,45,7,0,0,0,0,4,0
36,360975,1,1,0,1,1,1,1,119,275,13,11,2012,3,20,38,1,11,1,I-684,,110,99.99990000,999.99990000,0,8,0,0,1,1,0,1,2,10,0,10,0,0000000,20,38,20,50,99,99,23,0,0,1,0
36,360976,2,2,0,0,0,3,3,29,613,27,11,2012,3,9,5,0,13,2,US-20,,0,99.99990000,999.99990000,0,12,2,0,1,1,0,1,1,10,0,10,0,0000000,9,7,9,14,9,17,0,0,0,1,1
36,360977,1,1,0,1,1,1,1,81,4170,19,12,2012,4,3,17,0,14,6,FRANCIS LEWIS BLVD,,0,40.664075,-73.73425,0,8,0,0,1,1,0,1,3,1,0,1,0,0000000,99,99,99,99,99,99,0,0,0,1,0
36,360978,1,1,0,0,0,1,1,95,1240,19,12,2012,4,11,1,0,4,3,SR-145,EDGEWOOD DR,0,42.68930556,-74.49526667,0,35,0,0,3,3,0,5,1,10,0,10,0,0000000,11,1,11,5,11,46,0,0,0,1,0
36,360979,2,2,0,0,0,4,4,67,5800,15,10,2012,2,0,36,1,11,1,I-690,,0,43.10813611,-76.25794722,0,12,6,0,1,1,0,1,2,10,0,10,0,0000000,0,39,0,48,1,16,23,0,0,3,0
36,360980,2,2,0,0,0,2,2,29,156,20,12,2012,5,14,1,0,16,6,WEHRLE DR,DARWIN DR,0,42.94963611,-78.77875,0,12,6,0,2,2,0,1,1,1,0,1,0,0000000,99,99,99,99,99,99,0,0,0,1,0
36,360981,1,1,0,0,0,1,1,71,581,21,12,2012,6,22,55,0,14,3,SR-94,,0,41.42782778,-74.13261667,0,43,0,0,1,1,0,5,2,1,0,1,0,0000000,22,55,22,57,22,59,0,0,0,1,1
36,360982,1,1,0,0,0,2,2,15,6530,22,12,2012,7,12,24,0,4,6,LOWER MAPLE AVE,,0,99.99990000,999.99990000,9,42,0,0,1,1,0,5,1,10,0,10,0,0000000,12,26,12,30,99,99,0,0,0,1,0
36,360983,4,4,0,1,1,4,4,73,5642,18,12,2012,3,5,50,1,2,3,SR-31 MAPLE RIDGE RD,,0,43.20534167,-78.45145278,0,8,0,0,1,1,0,1,2,2,0,2,0,0000000,5,50,5,54,88,88,0,0,0,1,0
36,360984,2,2,0,0,0,2,2,71,3840,16,5,2012,4,4,52,0,14,3,SR-17K,,0,99.99990000,999.99990000,0,12,2,0,1,1,0,1,3,10,0,10,0,0000000,5,34,6,10,88,88,0,0,0,1,1
36,360985,1,1,0,1,1,1,1,21,6023,15,12,2012,7,17,28,0,4,3,SR-82,,0,42.12102222,-73.71886944,0,8,0,0,1,1,0,1,2,1,0,1,0,0000000,17,30,17,36,17,53,0,0,0,1,0
36,360986,1,1,0,0,0,1,1,81,4170,24,12,2012,2,18,39,0,16,6,218TH ST,85TH AVE,0,40.7313,-73.75165833,0,42,0,0,3,2,0,5,3,4,0,4,0,0000000,99,99,99,99,99,99,0,0,0,1,0
36,360987,2,2,0,0,0,3,3,27,4690,22,12,2012,7,15,23,1,2,3,SR-22,,0,41.53565833,-73.5849,0,12,6,0,8,1,0,1,1,10,0,10,0,0000000,15,23,15,27,99,99,0,0,0,1,0
36,360988,1,1,0,0,0,1,1,105,532,25,12,2012,3,7,11,0,5,4,CR-72,,0,99.99990000,999.99990000,0,42,0,0,1,1,0,5,1,10,0,10,0,0000000,8,11,8,24,88,88,0,0,0,1,0
36,360989,1,1,0,1,1,1,1,81,4170,26,12,2012,4,17,57,0,13,6,HILLSIDE AVE,LITTLE NECK PKY,0,40.73625,-73.71333889,0,8,0,0,3,2,0,1,3,10,2,2,0,0000000,99,99,99,99,99,99,0,0,0,1,0
36,360990,1,1,0,1,1,3,3,117,4492,26,12,2012,4,2,10,0,2,3,SR-104,,0,43.22661111,-77.33902778,0,8,0,0,1,1,0,1,2,10,0,10,0,0000000,99,99,99,99,88,88,23,0,0,1,0
36,360991,1,1,0,0,0,2,2,83,528,23,12,2012,1,19,2,0,6,5,BLY HOLLOW RD,,0,42.63871944,-73.38601944,0,34,0,0,1,1,0,4,2,10,0,10,0,0000000,19,7,19,32,23,30,0,0,0,1,0
36,360992,1,1,0,1,1,1,1,61,4170,26,12,2012,4,20,27,0,6,6,7TH AVE,CENTRAL PARK S,0,40.76678889,-73.97912222,0,8,0,0,3,2,0,1,3,10,2,2,0,0000000,99,99,99,99,99,99,0,0,0,1,0
36,360993,1,1,0,0,0,1,1,17,4350,27,12,2012,5,7,40,0,4,4,CR-32,,0,42.49945833,-75.51436389,0,32,0,0,1,1,0,5,1,4,0,4,0,0000000,7,42,7,50,88,88,0,0,0,1,0
36,360994,1,1,0,1,1,3,3,81,4170,27,12,2012,5,17,36,0,16,6,FRANKLIN AVE,MAIN ST,0,40.75538611,-73.82824722,0,8,0,0,3,2,0,1,2,10,0,10,0,0000000,99,99,99,99,99,99,0,0,0,1,0
36,360995,2,2,0,1,1,5,5,103,5210,28,12,2012,6,17,39,0,14,6,E MAIN ST,,0,40.91810833,-72.65810556,0,8,0,0,1,1,0,1,3,1,0,1,0,0000000,7,31,99,99,99,99,0,0,0,1,0
36,360996,1,1,0,1,1,1,1,81,4170,28,12,2012,6,8,47,0,13,6,NORTHERN BLVD,80TH ST,0,40.755375,-73.88726389,0,8,0,0,3,2,0,1,1,1,0,1,0,0000000,8,47,8,52,88,88,0,0,0,1,0