STATE,ST_CASE,VE_TOTAL,VE_FORMS,PVH_INVL,PEDS,PERNOTMVIT,PERMVIT,PERSONS,COUNTY,CITY,DAY,MONTH,YEAR,DAY_WEEK,HOUR,MINUTE,NHS,ROAD_FNC,ROUTE,TWAY_ID,TWAY_ID2,MILEPT,LATITUDE,LONGITUD,SP_JUR,HARM_EV,MAN_COLL,RELJCT1,RELJCT2,TYP_INT,WRK_ZONE,REL_ROAD,LGT_COND,WEATHER1,WEATHER2,WEATHER,SCH_BUS,RAIL,NOT_HOUR,NOT_MIN,ARR_HOUR,ARR_MIN,HOSP_HR,HOSP_MN,CF1,CF2,CF3,FATALS,DRUNK_DR
36,360997,2,1,1,0,0,1,1,81,4170,28,12,2012,6,1,30,1,13,5,HORACE HARDING EXPY,,0,40.74170556,-73.779425,0,42,0,0,1,1,0,4,3,1,0,1,0,0000000,99,99,99,99,99,99,0,0,0,1,1
36,360998,2,2,0,0,0,3,3,37,80,29,12,2012,7,13,34,1,2,3,SR-20,,0,42.90148056,-78.19724722,0,12,6,0,1,1,0,1,1,4,0,4,0,0000000,99,99,99,99,99,99,0,0,0,1,0
36,360999,2,2,0,0,0,2,2,91,9997,31,12,2012,2,9,59,1,2,3,SR-32,RESERVOIR RD,0,43.26293611,-73.64029167,0,12,6,0,2,2,0,1,1,10,0,10,0,0000000,99,99,99,99,99,99,0,0,0,1,0
36,361000,1,1,0,1,1,1,1,47,4170,8,7,2012,1,21,54,0,6,6,BUSHWICK AVE,CONWAY ST,0,40.68053889,-73.90248056,0,8,0,0,3,2,0,1,2,1,0,1,0,0000000,99,99,99,99,99,99,0,0,0,1,0
36,361001,1,1,0,1,1,2,2,5,4170,31,8,2012,6,23,8,0,13,6,GRAND CONCOURSE,E 198TH ST,0,40.87026389,-73.89096944,0,8,0,0,3,2,0,1,3,1,0,1,0,0000000,99,99,99,99,99,99,0,0,0,1,0
36,361002,7,1,6,1,1,1,1,47,4170,25,11,2012,1,18,51,0,13,6,BEDFORD AVE,,0,40.61339444,-73.94918333,0,8,0,0,1,1,0,1,3,1,0,1,0,0000000,99,99,99,99,99,99,0,0,0,1,1
36,361003,2,2,0,0,0,2,2,81,4170,22,11,2012,5,3,15,0,13,6,GRAND CENTRAL PKY,,0,40.71513056,-73.83248889,0,12,6,0,1,1,0,1,3,10,2,2,0,0000000,99,99,99,99,99,99,23,0,0,1,1
36,361004,6,4,2,1,3,6,8,47,4170,5,9,2012,4,23,54,1,13,6,FLATBUSH AVE,WESTBURY CT,0,40.65673611,-73.96013333,0,8,0,0,2,3,0,1,2,1,0,1,0,0000000,99,99,99,99,99,99,0,0,0,1,0
36,361005,1,1,0,0,0,1,1,85,4170,1,11,2012,5,22,40,0,16,6,VICTORY BLVD,LABAU AVE,0,40.61503333,-74.10693333,0,30,0,0,3,3,0,5,3,1,0,1,0,0000000,99,99,99,99,99,99,0,0,0,1,0
36,361006,1,1,0,1,1,1,1,5,4170,13,12,2012,5,13,35,0,16,6,E 138TH ST,ST ANNS AVE,0,40.80675278,-73.91741667,0,8,0,0,3,2,0,1,1,1,0,1,0,0000000,99,99,99,99,88,88,0,0,0,1,0
36,361007,2,2,0,0,0,2,2,47,4170,16,10,2012,3,22,21,1,1,1,I-278,,0,40.70816667,-73.95718333,0,12,1,0,1,1,0,1,3,1,0,1,0,0000000,99,99,99,99,99,99,0,0,0,1,0
36,361008,1,1,0,1,1,1,1,103,2840,3,9,2012,2,22,37,0,13,3,SR-25,THORNEY AVE,0,40.82996389,-73.39805278,0,8,0,0,3,3,0,1,3,10,0,10,0,0000000,99,99,99,99,99,99,0,0,0,1,0
36,361009,1,1,0,1,1,2,2,47,4170,16,12,2012,1,18,42,0,16,6,AVE M,E 57TH ST,0,40.621775,-73.92036944,0,8,0,0,3,2,0,1,3,2,0,2,0,0000000,99,99,99,99,99,99,0,0,0,1,0
36,361010,3,3,0,0,0,5,5,85,4170,17,12,2012,2,1,50,1,11,1,I-278,,0,40.61433611,-74.15627222,0,12,2,0,1,1,0,1,3,10,2,2,0,0000000,99,99,99,99,99,99,0,0,0,1,1
36,361011,1,1,0,1,1,2,2,61,4170,20,12,2012,5,19,32,0,14,6,W 65TH ST,COLUMBUS AVE,0,40.77293611,-73.98198611,0,8,0,0,2,2,0,1,3,1,0,1,0,0000000,99,99,99,99,99,99,0,0,0,1,0
36,361012,2,2,0,0,0,3,3,17,5650,27,12,2012,5,7,3,0,3,3,SR-12B,,0,42.69906944,-75.51849722,0,12,2,0,1,1,0,1,4,4,0,4,0,0000000,99,99,99,99,99,99,0,0,0,1,0
36,361013,4,2,2,0,0,2,2,47,4170,28,12,2012,6,21,10,0,15,6,AVE S,E 14TH ST,0,40.60333333,-73.95815556,0,12,6,0,2,2,0,1,3,1,0,1,0,0000000,99,99,99,99,99,99,0,0,0,1,0
36,361014,2,1,1,1,1,1,1,5,4170,29,12,2012,7,4,29,0,16,6,WESTCHESTER AVE,,0,40.83382778,-73.85503056,0,8,0,0,1,1,0,1,3,10,0,10,0,0000000,99,99,99,99,88,88,0,0,0,1,0
36,361015,2,2,0,0,0,2,2,109,1590,30,12,2012,1,13,27,0,3,3,SR-366,,0,42.49743611,-76.36994167,0,12,6,0,1,1,0,1,1,10,0,10,0,0000000,12,37,13,37,14,1,0,0,0,1,0
36,361016,1,1,0,0,0,6,6,81,4170,30,12,2012,1,5,10,0,14,6,BROOKVILLE BLVD,,0,40.64345278,-73.74391389,0,1,0,0,1,1,0,4,3,3,0,3,0,0000000,99,99,99,99,99,99,0,0,0,1,1
36,361017,1,1,0,0,0,3,3,21,3313,31,12,2012,2,1,15,1,2,3,SR-9,,0,99.99990000,999.99990000,0,48,0,0,1,1,0,4,2,10,0,10,0,0000000,1,19,1,23,2,20,0,0,0,1,1
36,361018,2,2,0,0,0,2,2,119,275,31,12,2012,2,7,52,0,2,3,SR-22,,0,41.11428333,-73.72290556,0,12,2,0,1,1,0,1,1,10,0,10,0,0000000,7,55,8,6,8,38,0,0,0,1,0
36,361019,2,2,0,0,0,2,2,89,5020,31,12,2012,2,13,13,1,2,2,US-11,,0,44.68571111,-74.95971944,0,12,2,0,1,1,0,2,1,10,0,10,0,0000000,13,13,13,27,14,27,0,0,0,1,0
36,361020,1,1,0,0,0,1,1,85,4170,29,12,2012,7,2,37,1,13,6,RICHMOND TERR,SHARPE AVE,0,40.64021111,-74.13662778,0,30,0,0,2,3,0,4,3,1,0,1,0,0000000,99,99,99,99,99,99,0,0,0,1,1
36,361021,1,1,0,1,1,1,1,47,4170,1,10,2012,2,5,10,0,13,6,METROPOLITAN AVE,STEWART AVE,0,40.71412222,-73.92810556,0,9,0,0,3,2,0,1,3,1,0,1,0,0000000,99,99,99,99,99,99,0,0,0,1,0
36,361022,1,1,0,1,1,1,1,103,705,20,12,2012,5,19,20,0,16,5,MAIN ST,CASE AVE,0,40.76638611,-73.00290556,0,8,0,0,1,1,0,1,3,10,0,10,0,0000000,19,20,19,23,19,50,0,0,0,1,0
36,361023,2,2,0,0,0,6,6,103,4971,30,10,2012,3,1,33,0,13,3,SR-347,SR-112,0,40.92506389,-73.04706667,0,12,6,0,2,2,0,1,2,1,0,1,0,0000000,99,99,99,99,99,99,0,0,0,1,0
36,361024,3,3,0,0,0,3,3,103,360,3,12,2012,2,19,6,0,14,3,SR-27,SR-231,0,40.71736667,-73.31629444,0,12,1,0,1,1,0,1,3,1,0,1,0,0000000,19,6,19,11,99,99,0,0,0,1,1
36,361025,2,2,0,0,0,3,3,103,450,24,11,2012,7,15,52,0,6,6,REDINGTON ST,BRENTWOOD RD,0,40.73176944,-73.23640833,0,12,1,0,3,3,0,1,1,1,0,1,0,0000000,99,99,99,99,99,99,0,0,0,1,0
36,361026,1,1,0,1,1,1,1,103,705,3,12,2012,2,18,10,0,13,4,CR-101,,0,40.76899722,-72.98510278,0,8,0,0,1,1,0,1,3,1,0,1,0,0000000,99,99,99,99,99,99,0,0,0,1,0
36,361027,1,1,0,1,1,1,1,103,4670,6,12,2012,5,20,25,0,13,6,N OCEAN AVE,SHABER RD,0,40.78745,-73.01653611,0,8,0,0,2,2,0,1,3,1,0,1,0,0000000,20,25,20,36,99,99,0,0,0,1,0
36,361028,1,1,0,1,1,1,1,61,4170,14,12,2012,6,8,20,0,14,6,COLUMBUS AVE,,0,40.77838333,-73.97811944,0,8,0,0,1,1,0,1,1,1,0,1,0,0000000,99,99,99,99,88,88,0,0,0,1,0
36,361029,1,1,0,0,0,1,1,85,4170,19,12,2012,4,16,32,0,6,6,ERASTINA PL,ORINOCO PL,0,40.63603889,-74.15606111,0,33,0,0,3,3,0,5,3,1,0,1,0,0000000,16,32,16,40,99,99,0,0,0,1,0
36,361030,3,1,2,0,0,1,1,103,2728,22,12,2012,7,0,20,0,15,6,N SERVICE RD,,0,40.76926944,-73.06368611,0,31,0,0,1,1,0,5,3,1,0,1,0,0000000,99,99,99,99,88,88,0,0,0,1,0
36,361031,2,2,0,0,0,2,2,103,1050,22,12,2012,7,5,45,0,14,6,CARLETON AVE,CLAYTON ST,0,40.78557778,-73.20083333,0,12,1,0,3,2,0,1,3,10,2,2,0,0000000,99,99,99,99,99,99,0,0,0,1,1
36,361032,1,1,0,1,1,1,1,71,3830,11,12,2012,3,11,45,0,16,6,SATMAR DR,,0,41.34375833,-74.16247778,0,8,0,0,1,1,0,1,1,1,0,1,0,0000000,11,55,12,0,88,88,0,0,0,1,0
36,361033,31,31,0,0,0,40,40,103,705,19,12,2012,4,14,38,1,1,1,I-495,,0,40.83835,-72.90060833,0,12,1,1,18,1,0,1,1,1,0,1,0,0000000,14,38,14,40,99,99,0,0,0,1,0
36,361034,1,1,0,0,0,1,1,73,1176,31,7,2012,3,15,50,0,3,6,BROWN SCHOOLHOUSE RD,,0,43.17161111,-78.11368056,0,11,0,0,1,1,0,1,1,1,0,1,0,0000000,15,53,16,8,88,88,0,0,0,1,0
36,361035,1,1,0,1,1,4,4,103,360,14,9,2012,6,19,23,0,13,3,SR-109,,0,40.72243611,-73.42379444,0,8,0,0,1,1,0,1,5,1,0,1,0,0000000,99,99,99,99,99,99,0,0,0,1,0
36,361036,1,1,0,1,1,1,1,59,2160,27,9,2012,5,19,47,0,14,6,W MERRICK RD,,0,40.65241667,-73.590675,0,8,0,0,1,1,0,1,3,1,0,1,0,0000000,99,99,99,99,99,99,0,0,0,1,0
36,361037,2,2,0,1,1,2,2,59,4270,18,10,2012,5,4,50,1,11,1,I-495,,0,40.767125,-73.69495,0,12,7,0,5,1,0,1,3,1,0,1,0,0000000,99,99,99,99,99,99,23,0,0,1,1
36,361038,1,1,0,1,1,2,2,103,2920,3,12,2012,2,19,8,0,14,3,SR-27A,WILLOWBROOK AVE,0,40.72804167,-73.22659167,0,8,0,0,3,3,0,1,2,1,0,1,0,0000000,99,99,99,99,99,99,0,0,0,1,0
36,361039,1,1,0,1,1,1,1,59,2600,10,12,2012,2,19,50,0,14,6,STEWART AVE,ENDO BLVD,0,40.73601389,-73.59240833,0,8,0,0,3,2,0,1,3,10,2,2,0,0000000,99,99,99,99,99,99,0,0,0,1,0
36,361040,1,1,0,0,0,5,5,103,5769,15,12,2012,7,3,36,0,6,6,HOLIDAY PARK DR,CARDINAL LN,0,40.819675,-73.24206389,0,43,0,0,3,2,0,5,3,1,0,1,0,0000000,99,99,99,99,99,99,0,0,0,1,1
36,361041,2,2,0,0,0,2,2,103,705,18,12,2012,3,10,16,0,4,4,CR-24,,0,40.90364722,-72.74200278,0,12,7,0,5,1,0,1,1,10,0,10,0,0000000,99,99,99,99,99,99,0,0,0,1,0
36,361042,1,1,0,1,1,1,1,103,705,29,12,2012,7,17,2,0,14,4,CR-29,EXPRESS DRIVE S,0,40.81206667,-73.11173889,0,8,0,0,3,2,0,1,3,10,2,2,0,0000000,99,99,99,99,99,99,0,0,0,1,0
36,361043,1,1,0,2,2,1,1,13,6590,26,12,2012,4,14,35,0,3,3,SR-394,NORTH GALE,0,42.30143333,-79.56638889,0,8,0,0,1,1,3,2,1,4,0,4,0,0000000,99,99,99,99,99,99,0,0,0,1,0
36,361044,2,2,0,0,0,2,2,47,4170,22,3,2012,5,16,15,0,13,6,ATLANTIC AVE,MILLER AVE,0,40.67619722,-73.89213333,0,12,6,0,2,2,0,1,1,1,0,1,1,0000000,99,99,99,99,99,99,0,0,0,1,0
36,361045,1,1,0,1,1,1,1,61,4170,17,9,2012,2,12,59,0,6,6,E 69TH ST,FIRST AVE,0,40.76588611,-73.957375,0,8,0,0,3,2,0,1,1,1,0,1,0,0000000,99,99,99,99,99,99,0,0,0,1,0
36,361046,2,2,0,2,2,3,3,61,4170,22,9,2012,7,22,31,0,14,6,PARK AVE,E 59TH ST,0,40.76290278,-73.96965,0,12,6,0,2,2,0,1,3,10,2,2,0,0000000,99,99,99,99,99,99,0,0,0,1,0
36,361047,1,1,0,1,1,1,1,61,4170,22,10,2012,2,1,21,0,13,6,2ND AVE,E 84TH ST,0,40.77658056,-73.95278611,0,8,0,0,3,2,0,1,2,1,0,1,0,0000000,99,99,99,99,99,99,0,0,0,1,0
36,361048,2,1,1,0,0,1,1,59,4600,21,11,2012,4,4,50,0,14,6,HICKSVILLE RD,LUDWIG LN,0,40.71865278,-73.48416389,0,30,0,0,3,3,0,5,3,1,0,1,0,0000000,4,50,4,55,5,20,0,0,0,1,0
36,361049,1,1,0,0,0,1,1,9,4568,31,8,2012,6,21,49,0,5,6,NORTH OTTO RD,,0,42.43915556,-78.83872778,0,35,0,0,1,1,0,5,2,1,0,1,0,0000000,21,49,22,10,23,40,0,0,0,1,1
36,361050,1,1,0,1,1,1,1,103,1039,21,12,2012,6,0,45,0,6,6,PARK ST,,0,40.85384167,-73.09403056,0,8,0,0,1,1,0,1,3,10,0,10,0,0000000,0,45,0,48,88,88,0,0,0,1,0
36,361051,1,1,0,1,1,2,2,61,4170,6,11,2012,3,13,24,1,13,6,CANAL ST,CENTRE ST,0,40.71809167,-73.99984167,0,8,0,0,3,2,0,1,1,1,0,1,0,0000000,99,99,99,99,88,88,0,0,0,1,0
36,361052,1,1,0,0,0,2,2,55,5230,2,4,2012,2,17,37,0,16,5,SENECA AVE,,0,43.19606111,-77.60904722,0,42,0,0,1,1,0,4,1,1,0,1,0,0000000,99,99,99,99,99,99,0,0,0,1,0
36,361053,1,1,0,0,0,1,1,1,531,20,4,2012,6,11,3,0,6,5,BRIDGE RD,,0,42.60218889,-74.21949444,0,42,0,0,1,1,0,4,1,1,0,1,0,0000000,99,99,99,99,99,99,0,0,0,1,0
36,361054,2,2,0,0,0,4,4,9,2393,8,7,2012,1,5,13,0,3,3,SR-98,FARM MARKET RD,0,42.23781667,-78.59439722,0,12,6,0,2,3,0,1,1,1,0,1,0,0000000,99,99,99,99,99,99,0,0,0,1,0
36,361055,1,1,0,0,0,1,1,25,5700,20,5,2012,1,9,55,1,1,1,I-88,,0,99.99990000,999.99990000,0,24,0,0,1,1,0,4,1,1,0,1,0,0000000,99,99,99,99,99,99,0,0,0,1,0
36,361056,1,1,0,0,0,1,1,55,2248,10,6,2012,1,8,10,1,11,1,I-490,,0,99.99990000,999.99990000,0,24,0,0,1,1,0,4,1,1,0,1,0,0000000,99,99,99,99,99,99,0,0,0,1,0
36,361057,1,1,0,0,0,1,1,77,4490,29,8,2012,4,9,15,0,16,6,MAIN ST,CHESTNUT ST,0,42.452975,-75.06309444,0,42,0,0,2,2,0,4,1,1,0,1,0,0000000,99,99,99,99,99,99,0,0,0,1,0
36,361058,1,1,0,0,0,1,1,29,750,30,8,2012,5,15,20,1,13,3,SR-33,,0,42.905325,-78.84506944,0,25,0,0,1,1,0,3,1,1,0,1,0,0000000,99,99,99,99,99,99,0,0,0,1,0
36,361059,1,1,0,1,1,1,1,59,4090,18,11,2012,1,18,7,0,16,6,MIDDLE NECK RD,GREAT NECK RD,0,40.78681667,-73.72669167,0,8,0,0,2,2,0,1,2,1,0,1,0,0000000,99,99,99,99,99,99,0,0,0,1,0
36,361060,2,2,0,0,0,2,2,87,6620,29,5,2012,3,20,0,0,16,5,SAMSONDALE AVE,E RAILROAD AVE,0,41.20904444,-73.979925,0,12,1,0,2,2,0,1,5,2,0,2,0,0000000,99,99,99,99,99,99,0,0,0,1,0
36,361061,1,1,0,1,1,1,1,59,4600,28,11,2012,4,17,10,0,2,3,SR-107,,0,40.82533889,-73.58958611,0,8,0,0,1,1,0,1,2,1,0,1,0,0000000,99,99,99,99,99,99,19,0,0,1,0
36,361062,3,1,2,1,1,1,1,59,4600,27,11,2012,3,9,58,0,16,5,S BROADWAY,LAUMAN LN,0,40.74373889,-73.49818611,0,9,0,0,2,3,0,1,1,2,0,2,0,0000000,99,99,99,99,99,99,0,0,0,1,0
36,361063,2,2,0,0,0,2,2,91,1087,30,11,2012,6,19,31,0,2,3,SR-67,JOCKEY ST,0,42.97395833,-73.97642778,0,12,6,0,2,2,0,1,2,10,0,10,0,0000000,99,99,99,99,99,99,0,0,0,1,1
36,361064,2,2,0,1,1,2,2,61,4170,25,8,2012,7,22,44,1,2,3,SR-907L FDR DR,,0,40.737775,-73.97415278,0,8,0,0,1,1,0,1,3,1,0,1,0,0000000,99,99,99,99,99,99,0,0,0,1,0
36,361065,1,1,0,0,0,2,2,59,2600,31,8,2012,6,14,0,0,16,5,GRAND BLVD,NORTHERN BLVD,0,40.63108889,-73.60460278,0,33,0,0,3,3,0,4,1,1,0,1,0,0000000,99,99,99,99,99,99,0,0,0,1,0
36,361066,2,2,0,0,0,3,3,81,4170,2,9,2012,1,0,27,1,13,6,ROCKAWAY BLVD,LINDEN BLVD,0,40.67709444,-73.82554444,0,12,6,0,2,2,0,1,3,1,0,1,0,0000000,99,99,99,99,99,99,0,0,0,1,0
36,361067,1,1,0,2,2,1,1,47,4170,15,9,2012,7,23,12,0,16,6,CLYMER ST,,0,40.70538611,-73.96535833,0,8,0,0,1,1,0,1,3,1,0,1,0,0000000,99,99,99,99,99,99,0,0,0,1,0
36,361068,4,3,1,0,0,5,5,81,4170,18,11,2012,1,2,37,0,16,6,227TH ST,115TH AVE,0,40.6983,-73.73129167,0,12,6,0,2,2,0,1,3,1,0,1,0,0000000,99,99,99,99,99,99,0,0,0,1,2
36,361069,1,1,0,1,1,1,1,5,4170,15,10,2012,2,7,4,0,16,6,BOSTON RD,ARNOW AVE,0,40.86770833,-73.85960833,0,8,0,0,2,7,0,1,4,1,0,1,0,0000000,99,99,99,99,99,99,0,0,0,1,0
36,361070,3,3,0,0,0,4,4,81,4170,20,11,2012,3,11,38,0,16,6,84TH ST,158TH AVE,0,40.65961944,-73.84865833,0,12,6,0,2,2,0,1,1,10,0,10,0,0000000,99,99,99,99,99,99,0,0,0,1,0
36,361071,2,2,0,0,0,5,5,119,1420,4,12,2012,3,14,55,0,16,5,S RIVERSIDE AVE,BROOK ST,0,41.20580556,-73.89208333,0,12,6,0,2,3,0,1,1,1,0,1,0,0000000,99,99,99,99,99,99,0,0,0,1,0
36,361072,1,1,0,1,1,2,2,119,1379,2,11,2012,6,20,10,0,16,6,ALBANY POST RD,LAUREL HILL RD,0,41.23714167,-73.91818889,0,8,0,0,3,3,0,1,2,1,0,1,0,0000000,20,10,20,18,20,44,0,0,0,1,0
36,361073,1,1,0,2,2,1,1,7,540,15,9,2012,7,23,6,0,16,6,MAIN ST,FRONT ST,0,42.09875,-75.91753056,0,8,0,0,2,2,0,1,3,1,0,1,0,0000000,99,99,99,99,99,99,0,0,0,1,1
36,361074,2,2,0,0,0,3,3,15,1850,13,5,2012,1,20,12,1,2,3,SR-328 PENNSYLVANIA AVE,,0,42.00212778,-76.90095278,0,12,6,0,4,1,0,1,2,1,0,1,0,0000000,20,20,99,99,99,99,0,0,0,1,1
36,361075,1,1,0,1,1,1,1,103,5810,2,11,2012,6,19,45,0,16,5,FLANDERS RD,,0,40.9097,-72.63397778,0,9,0,0,1,1,0,1,3,10,0,10,0,0000000,99,99,99,99,99,99,0,0,0,1,0
36,361076,2,2,0,0,0,3,3,1,1495,27,6,2012,4,12,19,1,2,2,US-9W,,0,42.56583889,-73.80556667,0,12,2,0,1,1,0,1,1,1,0,1,0,0000000,12,19,12,24,13,9,0,0,0,1,1
36,361077,1,1,0,1,1,1,1,103,2920,2,7,2012,2,0,1,0,16,5,SANDRA AVE,,0,40.71878056,-73.28941667,0,8,0,0,1,1,0,1,2,1,0,1,0,0000000,99,99,99,99,99,99,0,0,0,1,0
36,361078,2,1,1,0,0,2,2,55,680,17,2,2012,6,0,45,0,16,5,LAKE RD S,,0,43.18011944,-77.94478333,0,30,0,0,1,1,0,4,3,1,0,1,0,0000000,99,99,99,99,99,99,0,0,0,1,1
36,361079,2,2,0,1,1,5,5,55,4730,29,7,2012,1,7,45,0,6,5,FAIRPORT NINE MILE POINT RD,,0,43.19116389,-77.43043333,0,9,0,0,1,1,0,2,1,1,0,1,0,0000000,7,45,7,58,8,40,0,0,0,1,2
36,361080,1,1,0,0,0,1,1,39,1400,29,12,2012,7,12,22,0,2,3,SR-385,,0,99.99990000,999.99990000,0,42,0,0,1,1,0,4,1,10,0,10,0,0000000,99,99,99,99,99,99,0,0,0,1,0
36,361081,1,1,0,1,1,1,1,47,4170,15,12,2012,7,1,4,1,13,6,FLATBUSH AVE,ATLANTIC AVE,0,40.68395278,-73.977325,0,8,0,0,2,2,0,1,3,1,0,1,0,0000000,99,99,99,99,99,99,0,0,0,1,0
36,361082,2,2,0,0,0,3,3,47,4170,16,12,2012,1,4,45,1,13,6,KINGS HWY,,0,40.65154167,-73.92313056,0,12,6,0,1,1,0,1,1,1,0,1,0,0000000,99,99,99,99,99,99,0,0,0,2,1
36,361083,1,1,0,1,1,1,1,81,4170,26,12,2012,4,18,50,0,16,6,111TH ST,,0,40.68800556,-73.79714167,0,8,0,0,1,1,0,1,3,1,0,1,0,0000000,99,99,99,99,99,99,0,0,0,1,0
36,361084,1,1,0,1,1,1,1,59,5250,24,11,2012,7,19,58,0,16,5,MERRICK RD,N PARK AVE,0,40.65616667,-73.64523611,0,8,0,0,2,2,0,1,3,1,0,1,0,0000000,99,99,99,99,99,99,0,0,0,1,0
36,361085,1,1,0,0,0,3,3,103,2920,19,7,2012,5,20,3,0,14,5,EXPRESSWAY DR N RAMP,,0,40.805775,-73.26636944,0,19,0,1,5,1,0,4,3,10,0,10,0,0000000,99,99,99,99,99,99,0,0,0,1,1
36,361086,1,1,0,0,0,3,3,85,4170,17,12,2012,2,5,15,0,13,6,AMBOY RD,DALE AVE,0,40.57150833,-74.12163056,0,30,0,0,2,3,0,4,3,2,0,2,0,0000000,99,99,99,99,99,99,0,0,0,1,1
36,361087,1,1,0,1,1,2,2,59,2160,5,11,2012,2,17,51,0,16,5,W MERRICK RD,S MAIN ST,0,40.654375,-73.58009722,0,8,0,0,3,2,0,1,3,10,0,10,0,0000000,99,99,99,99,99,99,0,0,0,1,0
36,361088,1,1,0,1,1,1,1,5,4170,25,9,2012,3,19,45,0,16,6,TELLER AVE,E 167TH ST,0,40.83094722,-73.91238333,0,8,0,0,2,2,0,1,3,1,0,1,0,0000000,99,99,99,99,99,99,0,0,0,1,0
36,361089,1,1,0,0,0,2,2,71,1370,8,4,2012,1,5,50,1,2,2,US-9W,,0,41.43287222,-74.04489444,0,5,0,0,5,1,0,1,4,1,0,1,0,0000000,5,50,6,0,99,99,0,0,0,1,0
36,361090,3,2,1,4,6,4,6,47,4170,8,12,2012,7,14,25,0,16,6,QUENTIN RD,W 5TH ST,0,40.60609444,-73.97823611,0,12,6,0,2,2,0,1,1,10,0,10,0,0000000,99,99,99,99,99,99,0,0,0,1,0
36,361091,1,1,0,1,1,1,1,47,4170,28,5,2012,2,8,50,0,14,6,EASTERN PKY,SCHENECTADY AVE,0,40.66891111,-73.93385,0,8,0,0,2,2,0,1,1,1,0,1,0,0000000,99,99,99,99,99,99,16,0,0,1,0
36,361092,1,1,0,1,1,1,1,81,4170,18,7,2012,4,9,45,0,16,6,DARTMOUTH ST,TENNIS PL,0,40.718925,-73.84655833,0,8,0,0,3,2,0,1,1,1,0,1,0,0000000,99,99,99,99,99,99,0,0,0,1,0
36,361093,1,1,0,1,1,1,1,85,4170,4,8,2012,7,12,28,0,16,6,BAY ST,VICTORY BLVD,0,40.63776389,-74.07604167,0,8,0,0,3,2,0,7,1,1,0,1,0,0000000,99,99,99,99,99,99,0,0,0,1,0
36,361094,1,1,0,1,1,2,2,61,4170,28,9,2012,6,3,38,0,16,6,10TH AVE,W 26TH ST,0,40.74962778,-74.00273611,0,8,0,0,2,2,0,1,3,10,2,2,0,0000000,99,99,99,99,99,99,0,0,0,1,0
36,361095,2,2,0,0,0,3,3,47,4170,30,10,2012,3,18,15,0,13,6,FLATBUSH AVE,AVE T,0,40.61153889,-73.92424722,0,12,6,0,2,2,0,1,1,10,2,2,0,0000000,99,99,99,99,99,99,0,0,0,1,0
36,361096,1,1,0,0,0,2,2,81,4170,2,11,2012,6,6,0,0,5,3,SR-907C,,0,40.66435556,-73.80243333,0,25,0,0,1,1,0,3,3,1,0,1,0,0000000,99,99,99,99,99,99,0,0,0,1,0
36,361097,1,1,0,1,1,1,1,59,2600,28,11,2012,4,9,50,0,16,6,GREEN AVE,,0,40.69515278,-73.62831944,0,8,0,0,1,1,0,1,1,1,0,1,0,0000000,99,99,99,99,99,99,0,0,0,1,0
36,361098,2,2,0,0,0,5,5,45,1900,29,12,2012,7,9,30,1,2,3,SR-26,,0,99.99990000,999.99990000,0,12,2,0,1,1,0,1,1,4,0,4,0,0000000,9,33,9,35,10,20,0,0,0,2,0
36,361099,2,2,0,0,0,2,2,71,2320,24,10,2012,4,4,6,0,14,3,SR-17M,MAPLE AVE,0,41.39799167,-74.358525,0,12,6,0,2,2,0,1,2,2,0,2,0,0000000,4,6,99,99,88,88,0,0,0,1,0
37,370001,1,1,0,0,0,1,1,1,700,2,1,2012,2,15,23,0,16,6,BLANCHE DR,,99999,36.07503333,-79.47659167,0,53,0,0,1,1,0,4,1,1,0,1,0,0000000,15,24,15,30,15,50,0,0,0,1,0
37,370002,2,2,0,0,0,3,3,3,0,7,1,2012,7,16,16,0,2,3,SR-1405,,99999,35.96579722,-81.18656111,0,12,6,0,4,1,0,1,1,1,0,1,0,0000000,16,17,16,25,88,88,0,0,0,1,1
37,370003,1,1,0,1,1,1,1,13,0,23,1,2012,2,23,28,0,2,3,SR-32,,99999,99.99990000,999.99990000,0,8,0,0,1,1,0,1,2,10,0,10,0,0000000,23,16,23,25,23,34,0,0,0,1,0
37,370004,1,1,0,0,0,1,1,19,0,8,1,2012,1,23,31,0,2,3,SR-1308,,99999,34.00012778,-78.56598056,0,42,0,0,1,1,0,4,2,1,0,1,0,0000000,23,21,23,22,88,88,0,0,0,1,1
37,370005,2,2,0,0,0,2,2,19,0,18,1,2012,4,15,50,1,2,2,US-17,SR-211,99999,99.99990000,999.99990000,0,12,6,0,2,2,0,1,1,1,0,1,0,0000000,15,42,15,54,16,11,0,0,0,1,0
37,370006,1,1,0,0,0,2,2,21,170,16,1,2012,2,2,13,1,11,1,I-240,,99999,35.58974167,-82.57754444,0,35,0,0,5,1,0,4,2,1,0,1,0,0000000,2,8,2,17,2,42,0,0,0,1,1
37,370007,3,3,0,0,0,4,4,21,0,18,1,2012,4,11,20,1,2,2,US-74,SR-2776,99999,35.54322778,-82.19858333,0,12,6,0,2,3,0,1,1,1,0,1,0,0000000,11,32,11,36,12,7,14,0,0,1,0