STATE,ST_CASE,VE_TOTAL,VE_FORMS,PVH_INVL,PEDS,PERNOTMVIT,PERMVIT,PERSONS,COUNTY,CITY,DAY,MONTH,YEAR,DAY_WEEK,HOUR,MINUTE,NHS,ROAD_FNC,ROUTE,TWAY_ID,TWAY_ID2,MILEPT,LATITUDE,LONGITUD,SP_JUR,HARM_EV,MAN_COLL,RELJCT1,RELJCT2,TYP_INT,WRK_ZONE,REL_ROAD,LGT_COND,WEATHER1,WEATHER2,WEATHER,SCH_BUS,RAIL,NOT_HOUR,NOT_MIN,ARR_HOUR,ARR_MIN,HOSP_HR,HOSP_MN,CF1,CF2,CF3,FATALS,DRUNK_DR
37,370008,1,1,0,0,0,1,1,21,0,19,1,2012,5,9,46,0,3,3,SR-2805,,99999,35.53756667,-82.30342778,0,42,0,0,1,1,0,4,1,1,0,1,0,0000000,9,53,10,4,11,2,0,0,0,1,0
37,370009,1,1,0,0,0,2,2,23,0,15,1,2012,1,19,19,0,3,3,SR-1228,,99999,35.75445,-81.81546111,0,30,0,0,1,1,0,4,2,1,0,1,0,0000000,19,41,20,8,99,99,0,0,0,1,1
37,370010,2,2,0,0,0,3,3,25,0,23,1,2012,2,16,3,0,3,3,SR-200,,99999,35.3115,-80.45503889,0,12,6,0,1,1,0,1,1,2,5,2,0,0000000,16,2,16,5,99,99,0,0,0,1,0
37,370011,1,1,0,0,0,1,1,27,0,10,1,2012,3,22,43,0,2,3,SR-1133,,99999,35.84224444,-81.51723333,0,42,0,0,1,1,0,4,2,10,0,10,0,0000000,22,41,22,45,88,88,0,0,0,1,0
37,370012,2,2,0,0,0,4,4,31,0,13,1,2012,6,19,50,0,3,3,SR-58,SR-1641,99999,34.70803611,-77.07163889,0,12,6,0,2,3,0,1,3,1,0,1,0,0000000,19,54,19,55,20,53,0,0,0,1,1
37,370013,1,1,0,0,0,3,3,33,0,15,1,2012,1,21,18,0,3,3,SR-1146,,99999,36.30376944,-79.50581944,0,24,0,0,1,1,0,4,5,1,0,1,0,0000000,21,30,21,43,99,99,0,0,0,1,1
37,370014,1,1,0,0,0,1,1,35,1060,17,1,2012,3,9,48,0,6,6,REESE DR SW,,99999,35.7131,-81.228425,0,42,0,0,1,1,0,4,1,1,0,1,0,0000000,99,99,99,99,99,99,0,0,0,1,0
37,370015,2,2,0,0,0,2,2,43,0,10,1,2012,3,13,27,1,2,2,US-64,,99999,99.99990000,999.99990000,0,12,6,0,4,1,0,1,1,10,0,10,0,0000000,13,20,13,28,99,99,0,0,0,1,0
37,370016,3,3,0,0,0,3,3,45,0,11,1,2012,4,6,9,1,2,2,US-74,,99999,99.99990000,999.99990000,0,12,6,0,1,1,0,1,2,2,0,2,0,0000000,99,99,99,99,99,99,14,0,0,1,0
37,370017,2,2,0,0,0,3,3,47,0,20,1,2012,6,17,58,0,3,3,SR-1157,,99999,99.99990000,999.99990000,0,12,8,0,1,1,0,1,2,10,0,10,0,0000000,17,59,18,9,18,35,0,0,0,1,0
37,370018,1,1,0,0,0,1,1,51,1670,1,1,2012,1,20,27,0,16,6,CLIFFDALE RD,,99999,35.03189444,-79.06176667,0,7,0,0,1,1,0,5,3,1,0,1,0,0000000,20,37,20,50,88,88,0,0,0,1,1
37,370019,2,2,0,0,0,4,4,57,0,22,1,2012,1,19,47,0,3,3,SR-1700,,99999,99.99990000,999.99990000,0,12,2,0,1,1,0,1,2,10,0,10,0,0000000,19,53,20,7,99,99,0,0,0,1,1
37,370020,1,1,0,1,1,1,1,63,1360,2,1,2012,2,8,48,0,16,6,HILLANDALE RD,,99999,36.02333056,-78.93602778,0,8,0,0,1,1,0,1,1,1,0,1,0,0000000,8,51,8,56,9,11,0,0,0,1,0
37,370021,1,1,0,0,0,1,1,65,0,29,1,2012,1,11,43,0,2,3,SR-1004,,99999,35.74824722,-77.63234722,0,34,0,0,1,1,0,4,1,1,0,1,0,0000000,11,35,11,40,12,35,0,0,0,1,0
37,370022,3,3,0,0,0,10,10,67,5120,5,1,2012,5,18,32,0,14,6,PETERS CREEK PKWY,BRIDGETON ROAD,195,36.02089722,-80.26087778,0,12,6,0,2,2,0,1,3,1,0,1,0,0000000,18,34,18,39,19,14,0,0,0,1,0
37,370023,2,2,0,0,0,4,4,67,5120,6,1,2012,6,22,43,0,16,6,COLE ROAD,CRAGMORE ROAD,99999,36.068775,-80.18225,0,12,2,0,1,1,0,1,3,1,0,1,0,0000000,21,45,21,49,22,41,0,0,0,1,1
37,370024,1,1,0,0,0,1,1,73,0,6,1,2012,6,5,10,0,4,3,SR-1204,SR-1205,53963,36.52166389,-76.865,0,1,0,0,1,1,0,4,2,1,0,1,0,0000000,5,12,5,23,88,88,0,0,0,1,1
37,370025,2,2,0,0,0,2,2,77,0,6,1,2012,6,14,2,0,5,4,CR-1127,CR-1129,99999,36.12662222,-78.69411944,0,12,6,0,1,1,0,1,1,1,0,1,0,0000000,14,2,14,8,99,99,0,0,0,1,0
37,370026,1,1,0,0,0,1,1,79,0,7,1,2012,7,22,11,0,4,4,CR-1103,,99999,35.38774444,-77.66398611,0,32,0,0,1,1,0,4,2,1,0,1,0,0000000,99,99,99,99,99,99,0,0,0,1,1
37,370027,1,1,0,1,1,1,1,81,1940,20,1,2012,6,22,40,0,16,6,JOSEPH BRYAN BLVD,,99999,36.11614167,-79.88824167,0,8,0,0,1,1,0,1,2,2,0,2,0,0000000,22,40,22,53,23,13,0,0,0,1,0
37,370028,1,1,0,0,0,7,7,81,0,26,1,2012,5,10,52,1,1,1,I-40,,99999,36.06244167,-79.541425,0,1,0,0,1,1,0,1,1,10,0,10,0,0000000,10,54,11,4,11,24,0,0,0,1,0
37,370029,1,1,0,0,0,3,3,93,0,6,1,2012,6,22,30,0,5,4,CR-1214,,99999,35.00909444,-79.33205,0,42,0,0,1,1,0,4,2,1,0,1,0,0000000,22,27,22,38,99,99,0,0,0,1,1
37,370030,1,1,0,0,0,2,2,93,3740,2,1,2012,2,3,3,0,6,6,MOCKINGBIRD HILL ROAD,PROSPECT AVE,99999,34.98758333,-79.24536667,0,42,0,0,3,2,0,5,3,1,0,1,0,0000000,3,7,3,15,99,99,0,0,0,1,1
37,370031,2,2,0,0,0,5,5,101,0,28,1,2012,7,17,52,0,5,4,CR-1309,SR-210,99999,35.520825,-78.60276667,0,12,6,0,2,2,0,1,5,1,0,1,0,0000000,99,99,99,99,99,99,0,0,0,1,1
37,370032,1,1,0,0,0,3,3,107,0,2,1,2012,2,15,19,0,3,3,SR-1546,,99999,35.26164167,-77.69122222,0,42,0,0,1,1,0,4,1,1,0,1,0,0000000,15,17,15,28,16,23,0,0,0,1,1
37,370033,1,1,0,1,1,2,2,107,0,24,1,2012,3,20,12,0,3,3,SR-11,,99999,35.27157222,-77.56964167,0,8,0,0,1,1,0,1,2,1,0,1,0,0000000,20,7,20,9,88,88,0,0,0,1,0
37,370034,1,1,0,0,0,2,2,109,0,31,1,2012,3,16,10,0,3,3,SR-150,,99999,35.48311667,-81.20382778,0,24,0,0,1,1,0,4,1,1,0,1,0,0000000,16,13,16,22,17,16,0,0,0,1,0
37,370035,2,2,0,0,0,2,2,113,1710,5,1,2012,5,13,16,0,13,3,SR-64,US-441,99999,35.16640833,-83.39086667,0,12,6,0,2,2,0,1,1,1,0,1,0,0000000,13,16,13,21,13,38,0,0,0,1,0
37,370036,1,1,0,1,1,1,1,119,870,10,1,2012,3,7,10,0,16,6,S COLLEGE ST,E STONEWALL ST,99999,35.22251389,-80.847375,0,8,0,0,2,2,0,1,4,10,5,5,0,0000000,7,8,7,12,88,88,0,0,0,1,0
37,370037,1,1,0,1,1,1,1,119,870,26,1,2012,5,12,26,0,16,6,MILTON RD,,99999,35.23754722,-80.74269722,0,8,0,0,1,1,0,1,1,1,0,1,0,0000000,12,26,12,35,13,6,0,0,0,1,0
37,370039,1,1,0,0,0,1,1,123,0,23,1,2012,2,12,23,0,3,3,SR-73,,99999,35.30794722,-80.07818333,0,42,0,0,1,1,0,4,1,2,5,2,0,0000000,12,19,12,38,88,88,0,0,0,1,0
37,370040,2,2,0,0,0,4,4,127,3930,21,1,2012,7,18,36,0,16,6,BENVENUE RD,THOMAS BETTS,99999,35.99661667,-77.83189167,0,12,2,0,2,2,0,1,2,2,0,2,0,0000000,18,35,18,42,19,12,0,0,0,1,0
37,370041,2,2,0,0,0,2,2,129,5060,6,1,2012,6,1,27,0,16,6,MLK JR PKWY,,99999,34.25840556,-77.93649444,0,12,2,0,1,1,0,1,3,1,0,1,0,0000000,1,25,1,35,99,99,0,0,0,1,0
37,370042,1,1,0,0,0,1,1,129,770,7,1,2012,7,15,39,0,16,6,N DOW RD,,99999,34.04477778,-77.90381389,0,43,0,0,1,1,0,4,1,1,0,1,0,0000000,15,39,15,42,15,49,0,0,0,1,1
37,370043,1,1,0,0,0,5,5,133,0,6,1,2012,6,0,37,0,3,3,SR-1212,,99999,34.75586944,-77.51351944,0,34,0,0,1,1,0,4,2,1,0,1,0,0000000,0,21,0,41,1,12,0,0,0,2,1
37,370044,1,1,0,0,0,5,5,137,0,21,1,2012,7,2,0,0,6,6,CREEK POINTE RD,,99999,35.11496944,-76.90933889,0,42,0,0,1,1,0,4,2,10,2,2,0,0000000,1,52,2,9,2,52,0,0,0,1,1
37,370045,1,1,0,0,0,1,1,139,0,19,1,2012,5,21,50,0,3,3,SR-1101,,99999,36.28656389,-76.22418889,0,34,0,0,1,1,0,4,2,1,0,1,0,0000000,21,47,21,51,23,20,0,0,0,1,1
37,370046,2,2,0,0,0,3,3,141,0,5,1,2012,5,8,53,1,2,2,US-421,,99999,99.99990000,999.99990000,0,12,6,0,4,1,0,1,1,1,0,1,0,0000000,8,51,9,3,88,88,0,0,0,2,0
37,370047,2,2,0,0,0,6,6,147,0,16,1,2012,2,18,12,1,2,2,US-264,SR-1523,99999,35.62590833,-77.32513056,0,12,6,1,2,2,0,1,2,1,0,1,0,0000000,18,30,18,36,19,0,0,0,0,1,0
37,370048,1,1,0,0,0,5,5,153,0,21,1,2012,7,23,32,1,2,2,US-1,,99999,34.95242778,-79.73412778,0,42,0,0,1,1,0,4,2,10,2,2,0,0000000,23,32,23,52,0,21,0,0,0,2,1
37,370049,2,2,0,0,0,2,2,155,0,8,1,2012,1,21,57,1,1,1,I-74,,99999,34.73730833,-79.32656944,0,12,6,0,5,1,0,1,2,10,0,10,0,0000000,99,99,99,99,99,99,0,0,0,1,0
37,370050,1,1,0,0,0,1,1,155,0,19,1,2012,5,2,19,1,2,3,SR-1743,,99999,99.99990000,999.99990000,0,34,0,0,1,1,0,4,2,1,0,1,0,0000000,2,20,2,27,88,88,0,0,0,1,1
37,370051,1,1,0,0,0,1,1,155,0,27,1,2012,6,1,54,0,3,3,SR-1528,,99999,99.99990000,999.99990000,0,34,0,0,1,1,0,4,2,1,0,1,0,0000000,99,99,99,99,99,99,0,0,0,1,1
37,370052,2,2,0,0,0,2,2,157,1435,18,1,2012,4,14,10,0,13,3,SR-14,NEIL STREET,118,36.49693889,-79.74165833,0,12,6,0,2,2,0,1,1,1,0,1,0,0000000,99,99,99,99,99,99,0,0,0,1,0
37,370053,2,2,0,0,0,5,5,157,0,18,1,2012,4,17,9,0,4,3,SR-704,,15,36.41295556,-80.01168056,0,12,2,0,8,1,0,1,1,1,0,1,0,0000000,17,7,17,12,18,11,0,0,0,1,0
37,370055,1,1,0,0,0,1,1,159,0,14,1,2012,7,2,55,0,4,4,CR-1004,,155,35.62451111,-80.41609444,0,32,0,0,1,1,0,4,2,1,0,1,0,0000000,2,54,3,4,99,99,0,0,0,1,1
37,370056,1,1,0,0,0,1,1,159,0,18,1,2012,4,1,23,1,1,1,I-85,,45,35.67032778,-80.43112778,0,24,0,0,1,1,0,3,2,1,0,1,0,0000000,1,23,1,34,88,88,0,0,0,1,0
37,370057,1,1,0,1,1,2,2,163,0,4,1,2012,4,15,25,0,6,4,CR-1007,,82,34.64934722,-78.29019167,0,8,0,0,1,1,0,1,1,1,0,1,0,0000000,15,30,15,47,88,88,0,0,0,1,0
37,370058,1,1,0,0,0,2,2,165,0,29,1,2012,1,5,5,0,6,4,CR-1400,,56,34.90821111,-79.44736944,0,42,0,0,1,1,0,4,2,1,0,1,0,0000000,5,8,5,32,6,35,0,0,0,1,1
37,370059,2,2,0,0,0,4,4,179,2290,16,1,2012,2,12,26,0,15,6,MILL GROVE CHRUCH ROAD,,11,35.11739167,-80.61897222,0,12,2,0,1,1,0,1,1,1,0,1,0,0000000,12,26,12,35,13,45,0,0,0,1,0
37,370060,1,1,0,0,0,5,5,179,4922,20,1,2012,6,17,59,0,6,4,CR-1338,,42,35.00526389,-80.70566389,0,1,0,0,1,1,0,4,1,1,0,1,0,0000000,18,6,18,18,18,59,0,0,0,1,0
37,370061,1,1,0,1,1,2,2,183,3750,1,1,2012,1,2,44,0,14,6,WESTERN BLVD,CAROLINA AVE,44,35.78640556,-78.71660833,0,8,0,0,3,2,0,1,3,1,0,1,0,0000000,99,99,99,99,99,99,0,0,0,1,0
37,370062,1,1,0,1,1,1,1,183,3750,1,1,2012,1,19,15,0,13,6,S. SAUNDERS STREET,MAYWOOD AVE,157,35.76088056,-78.64910556,0,8,0,0,3,2,0,1,3,1,0,1,0,0000000,99,99,99,99,99,99,0,0,0,1,1
37,370063,1,1,0,0,0,2,2,183,3750,7,1,2012,7,2,7,0,16,6,RAINWATER ROAD,,99999,35.870775,-78.608525,0,53,0,0,1,1,0,4,2,1,0,1,0,0000000,99,99,99,99,99,99,0,0,0,1,1
37,370064,1,1,0,0,0,1,1,183,0,6,1,2012,6,13,9,0,6,4,CR-2049,,73,35.84202222,-78.51553611,0,52,0,0,1,1,0,4,1,1,0,1,0,0000000,99,99,99,99,99,99,0,0,0,1,1
37,370065,1,1,0,0,0,2,2,183,3750,11,1,2012,4,14,54,1,12,2,US-64,,252,35.77431944,-78.55076667,0,24,0,0,1,1,0,3,1,2,0,2,0,0000000,99,99,99,99,99,99,0,0,0,1,0
37,370066,1,1,0,0,0,1,1,185,0,1,1,2012,1,23,0,0,6,4,CR-1636,,60,36.261675,-77.979225,0,42,0,0,1,1,0,4,2,10,0,10,0,0000000,22,52,23,21,23,54,0,0,0,1,1
37,370067,1,1,0,0,0,1,1,187,0,13,1,2012,6,16,7,0,6,4,CR-1329,,17,99.99990000,999.99990000,0,34,0,0,1,1,0,4,1,1,0,1,0,0000000,16,5,16,12,18,18,0,0,0,1,1
37,370068,2,2,0,0,0,2,2,193,0,30,1,2012,2,16,30,0,6,4,CR-2433,,1,36.14132222,-81.00587222,0,30,0,0,1,1,0,4,1,1,0,1,0,0000000,16,34,16,48,17,30,14,0,0,1,1
37,370069,1,1,0,0,0,1,1,195,0,20,1,2012,6,20,47,1,1,1,I-95,,99999,35.69291667,-78.05196111,0,42,0,0,1,1,0,3,2,2,0,2,0,0000000,20,46,20,52,22,30,0,0,0,1,1
37,370070,2,2,0,0,0,3,3,63,1360,17,1,2012,3,7,31,0,16,6,GRANDALE DRIVE,,99999,35.89214167,-78.91886389,0,12,6,0,8,1,0,1,1,1,0,1,0,0000000,7,1,7,14,7,53,0,0,0,1,0
37,370071,1,1,0,0,0,2,2,89,0,2,1,2012,2,6,15,1,2,2,US-64,,54,35.34099722,-82.54521667,0,34,0,0,1,1,0,4,2,1,0,1,0,0000000,6,18,6,25,99,99,0,0,0,1,0
37,370072,2,2,0,0,0,2,2,1,0,23,2,2012,5,8,36,0,4,4,CR-1005,CR-2365,137,35.90405556,-79.48109444,0,12,6,0,2,2,0,1,1,10,0,10,0,0000000,8,39,8,53,9,51,0,0,0,1,0
37,370073,1,1,0,0,0,1,1,15,0,29,2,2012,4,18,6,0,6,4,CR-1358,,7,36.05366944,-76.74069722,0,42,0,0,1,1,0,4,1,10,0,10,0,0000000,99,99,99,99,99,99,0,0,0,1,1
37,370074,1,1,0,0,0,1,1,17,0,18,2,2012,7,17,3,0,6,4,CR-1704,,10,34.54626389,-78.50925,0,34,0,0,1,1,0,4,1,1,0,1,0,0000000,16,55,17,7,17,34,0,0,0,1,1
37,370075,2,2,0,0,0,3,3,19,0,6,2,2012,2,16,2,1,2,2,US-17,,199,34.007525,-78.30005556,0,12,6,0,8,1,0,1,1,10,0,10,0,0000000,15,59,16,5,16,33,0,0,0,1,0
37,370076,3,3,0,0,0,4,4,19,0,19,2,2012,1,17,45,0,4,3,SR-211,,99999,33.98116944,-78.16910556,0,12,1,0,1,1,0,1,5,1,0,1,0,0000000,17,36,17,46,18,41,0,0,0,1,0
37,370077,1,1,0,0,0,1,1,21,170,11,2,2012,7,6,9,1,11,1,I-40,,99999,35.56078056,-82.59154167,0,23,0,0,1,1,0,4,3,7,0,7,0,0000000,6,25,6,38,9,50,0,0,0,1,0
37,370078,1,1,0,0,0,1,1,35,0,7,2,2012,3,19,20,0,2,3,SR-127,,61,99.99990000,999.99990000,0,33,0,0,1,1,0,4,2,1,0,1,0,0000000,19,22,19,29,88,88,0,0,0,1,1
37,370079,4,1,3,0,0,2,2,35,2150,13,2,2012,2,9,52,0,13,6,CENTER STREET,,115,35.76565,-81.33269444,0,14,0,0,1,1,0,5,1,1,0,1,0,0000000,9,54,10,4,10,26,0,0,0,1,0
37,370080,1,1,0,0,0,1,1,45,0,4,2,2012,7,0,1,0,5,4,CR-1361,,99999,35.399125,-81.68052222,0,42,0,0,1,1,0,5,2,1,0,1,0,0000000,99,99,99,99,99,99,0,0,0,1,0
37,370081,1,1,0,0,0,1,1,45,0,9,2,2012,5,10,2,0,4,3,SR-226,,37,35.20488056,-81.49082222,0,53,0,0,1,1,0,4,1,1,0,1,0,0000000,99,99,99,99,99,99,0,0,0,1,1
37,370082,1,1,0,0,0,2,2,51,0,17,2,2012,6,3,54,1,2,2,US-401,,227,35.21936944,-78.84084167,0,30,0,0,1,1,0,4,2,1,0,1,0,0000000,3,47,4,0,4,41,0,0,0,1,0
37,370083,2,2,0,0,0,2,2,51,1670,24,2,2012,6,11,21,0,14,6,MORGANTON ROAD,BROCTON ROAD,72,35.08350278,-79.0145,0,12,6,0,2,2,0,1,1,2,0,2,0,0000000,11,25,11,36,12,28,0,0,0,1,0
37,370084,1,1,0,0,0,3,3,57,0,3,2,2012,6,12,55,1,2,2,US-52,,99,99.99990000,999.99990000,0,52,0,0,1,1,0,3,1,1,0,1,0,0000000,12,57,13,1,13,43,0,0,0,2,0
37,370085,1,1,0,0,0,1,1,57,0,5,2,2012,1,9,8,0,4,4,CR-1213,,2,35.79650278,-80.31505,0,42,0,0,1,1,0,4,1,2,0,2,0,0000000,9,8,9,17,88,88,0,0,0,1,0
37,370086,1,1,0,1,1,1,1,63,1360,17,2,2012,6,19,46,0,14,6,HILLSBOROUGH ROAD,,8,36.03346111,-78.97310278,0,8,0,0,1,1,0,1,2,1,0,1,0,0000000,19,47,20,2,20,21,0,0,0,1,0
37,370087,1,1,0,0,0,4,4,65,0,19,2,2012,1,4,15,0,3,3,SR-33,,99999,35.87673611,-77.52254167,0,34,0,0,1,1,0,4,2,10,2,2,0,0000000,99,99,99,99,99,99,0,0,0,1,0
37,370088,1,1,0,0,0,1,1,67,0,11,2,2012,7,19,2,0,3,3,SR-2520,,99999,36.16488333,-80.19715556,0,53,0,0,1,1,0,4,2,1,0,1,0,0000000,19,1,19,10,88,88,0,0,0,1,0
37,370089,1,1,0,1,1,1,1,67,5120,17,2,2012,6,18,54,0,16,6,NEW WALKERTOWN RD,DUNLEITH AVE,99999,36.10226389,-80.22665,0,8,0,0,3,2,0,1,3,1,0,1,0,0000000,18,56,18,59,19,14,0,0,0,1,0
37,370090,1,1,0,0,0,1,1,71,1800,5,2,2012,1,2,43,0,16,6,S MYRTLE SCHOOL RD,,99999,35.25348056,-81.22205556,0,59,0,0,1,1,0,4,3,2,0,2,0,0000000,2,14,2,21,88,88,0,0,0,1,1
37,370091,2,2,0,0,0,5,5,71,3190,20,2,2012,2,11,12,0,13,3,SR-16,SR-1992,99999,35.37814167,-80.998525,0,12,1,0,2,2,0,1,1,1,0,1,0,0000000,11,5,11,9,99,99,0,0,0,1,0
37,370092,3,3,0,0,0,6,6,71,390,22,2,2012,4,22,43,0,13,3,SR-273,US-29,99999,35.251575,-81.02838611,0,12,6,0,2,2,0,1,3,10,0,10,0,0000000,99,99,99,99,99,99,14,20,0,2,1
37,370093,1,1,0,0,0,1,1,81,2170,4,2,2012,7,3,49,0,16,6,ELM ST,,99999,35.93004444,-80.00834167,0,30,0,0,1,1,0,4,3,1,0,1,0,0000000,3,48,3,48,4,21,0,0,0,1,1
37,370094,1,1,0,1,1,1,1,81,2170,17,2,2012,6,2,50,0,16,6,W WENDOVER AVE,,99999,36.03346667,-79.95261944,0,8,0,0,1,1,0,1,2,5,0,5,0,0000000,2,52,2,59,3,21,0,0,0,1,0
37,370095,1,1,0,0,0,1,1,81,1940,18,2,2012,7,1,40,1,1,1,I-40,,99999,36.08666389,-79.97897222,0,35,0,0,1,1,0,4,3,1,0,1,0,0000000,1,46,1,50,2,14,0,0,0,1,1
37,370096,2,2,0,0,0,5,5,83,3860,1,2,2012,4,14,24,1,1,1,I-95,,99999,36.44151667,-77.62755556,0,12,2,0,1,1,0,1,1,1,0,1,0,0000000,14,24,14,32,15,12,0,0,0,3,0
37,370097,2,2,0,0,0,2,2,83,0,1,2,2012,4,19,20,0,3,3,SR-1400,,99999,36.46183611,-77.80552222,0,12,2,0,1,1,0,1,2,1,0,1,0,0000000,99,99,99,99,99,99,0,0,0,1,0
37,370098,1,1,0,1,1,2,2,85,0,2,2,2012,5,4,50,0,3,3,SR-27,,99999,99.99990000,999.99990000,0,8,0,0,1,1,0,2,2,10,0,10,0,0000000,4,44,4,56,99,99,0,0,0,1,1
37,370099,2,2,0,0,0,3,3,85,90,6,2,2012,2,13,6,0,13,3,SR-55,WEST WILLIAMS ST,99999,35.50765556,-78.74052778,0,12,6,0,2,2,0,1,1,1,0,1,0,0000000,99,99,99,99,99,99,0,0,0,1,0
37,370100,1,1,0,0,0,1,1,85,0,17,2,2012,6,7,0,0,3,3,SR-24,,99999,99.99990000,999.99990000,0,59,0,0,1,1,0,4,1,1,0,1,0,0000000,7,6,7,11,8,0,0,0,0,1,0
37,370101,1,1,0,0,0,1,1,97,0,27,2,2012,2,10,14,0,3,3,SR-1150,,99999,35.54803611,-80.75539444,0,32,0,0,1,1,0,4,1,3,10,3,0,0000000,10,13,10,22,10,50,0,0,0,1,0
37,370102,2,2,0,0,0,3,3,99,9997,29,2,2012,4,14,4,0,13,2,US-19,,99999,35.52203889,-83.02810833,3,12,2,0,1,1,0,1,1,1,0,1,0,0000000,99,99,99,99,99,99,0,0,0,1,0
37,370103,1,1,0,0,0,1,1,101,0,20,2,2012,2,21,17,0,3,3,SR-1528,,99999,35.58304167,-78.60973333,0,34,0,0,1,1,0,4,2,1,0,1,0,0000000,99,99,99,99,99,99,0,0,0,1,1
37,370104,2,2,0,0,0,2,2,105,0,6,2,2012,2,9,55,0,3,3,SR-1144,,99999,35.430725,-79.06895,0,12,2,0,1,1,0,1,1,1,0,1,0,0000000,9,54,10,6,99,99,0,0,0,1,0
37,370105,1,1,0,1,1,1,1,109,0,15,2,2012,4,21,43,0,3,3,SR-1373,,99999,35.5169,-81.04555556,0,8,0,0,1,1,0,1,2,1,0,1,0,0000000,21,42,21,46,22,18,0,0,0,1,0
37,370106,1,1,0,0,0,1,1,117,0,7,2,2012,3,0,31,0,3,3,SR-111,,99999,99.99990000,999.99990000,0,34,0,0,1,1,0,4,2,1,0,1,0,0000000,0,29,0,37,88,88,0,0,0,1,1
37,370107,1,1,0,0,0,2,2,119,870,2,2,2012,5,7,0,0,16,6,WILKINSON BLVD,,99999,35.22393333,-80.8831,0,42,0,0,1,1,0,3,3,1,0,1,0,0000000,7,1,7,3,7,28,0,0,0,2,1
37,370108,2,2,0,0,0,2,2,119,870,2,2,2012,5,14,33,0,16,6,SIMSBURY RD,FAIRVIEW RD,99999,35.14734444,-80.80803889,0,12,1,0,2,3,0,1,1,1,0,1,0,0000000,14,33,14,42,99,99,0,0,0,1,1
37,370109,2,2,0,0,0,2,2,119,870,6,2,2012,2,5,1,1,11,1,I-85,,99999,35.32486667,-80.74771389,0,12,1,0,1,1,0,1,2,1,0,1,0,0000000,4,57,5,8,99,99,0,0,0,1,1
37,370110,1,1,0,0,0,1,1,119,870,13,2,2012,2,2,41,0,16,6,MONROE RD,,99999,35.15941389,-80.75083889,0,30,0,0,1,1,0,4,3,1,0,1,0,0000000,2,41,2,47,3,1,0,0,0,1,1
37,370111,2,2,0,0,0,2,2,119,870,10,2,2012,6,6,29,0,16,6,JOHNSTON RD,PROVIDENCE RD,99999,35.04175278,-80.84675556,0,12,6,0,2,2,0,1,4,5,0,5,0,0000000,6,28,6,38,99,99,0,0,0,1,0
37,370112,1,1,0,0,0,1,1,119,870,13,2,2012,2,23,32,1,11,1,I-77,,99999,35.13228611,-80.91267778,0,42,0,0,1,1,0,4,3,1,0,1,0,0000000,23,30,23,40,88,88,0,0,0,1,1
37,370113,2,2,0,0,0,2,2,119,2280,16,2,2012,5,15,8,0,16,6,STATESVILLE RD,,99999,35.38216111,-80.84462778,0,12,1,0,1,1,0,1,1,2,10,2,0,0000000,15,9,15,15,15,53,0,0,0,1,1
37,370114,2,2,0,0,0,7,7,119,3640,17,2,2012,6,23,40,1,11,1,I-485,,99999,35.091,-80.87506111,0,12,7,0,1,1,0,2,2,1,0,1,0,0000000,23,38,23,42,0,24,0,0,0,1,0
37,370115,1,1,0,0,0,1,1,119,870,21,2,2012,3,11,17,0,16,6,QUAIL VIEW RD,,99999,35.10588889,-80.83700833,0,42,0,0,1,1,0,4,1,1,0,1,0,0000000,99,99,99,99,99,99,0,0,0,1,0
37,370116,1,1,0,4,4,2,2,119,870,22,2,2012,4,8,10,0,16,6,SHADY LANE,W TYVOLA RD,99999,35.21029722,-80.90478056,0,8,0,0,2,3,0,1,1,1,0,1,0,0000000,8,11,8,18,8,43,0,0,0,2,0
37,370117,1,1,0,0,0,1,1,119,870,25,2,2012,7,4,28,0,16,6,PARKWOOD AVE,CALDWELL STREET,3,35.23220556,-80.82701389,0,42,0,0,1,1,0,4,3,1,0,1,0,0000000,4,28,4,32,5,9,0,0,0,1,0
37,370118,2,2,0,0,0,7,7,119,870,28,2,2012,3,2,33,0,15,6,BELLHAVEN BLVD,,19,35.31323056,-80.94216389,0,12,8,0,1,1,0,1,2,1,0,1,0,0000000,2,33,2,37,3,19,0,0,0,1,1
37,370119,1,1,0,0,0,2,2,121,4380,23,2,2012,5,0,19,0,15,6,CR-1121,,11,35.90606944,-82.056325,0,38,0,0,1,1,0,4,2,2,0,2,0,0000000,0,23,0,32,2,55,20,0,0,1,1
37,370120,2,2,0,0,0,2,2,123,0,3,2,2012,6,14,43,1,2,2,US-220,,99999,35.46333056,-79.78467778,0,12,6,0,1,1,0,1,1,1,0,1,0,0000000,14,37,14,53,15,55,0,0,0,1,0
37,370121,1,1,0,0,0,2,2,125,4740,19,2,2012,1,23,12,0,5,6,UNION CHURCH ROAD,,8,35.26708611,-79.28860833,0,1,0,0,1,1,0,1,2,2,4,4,0,0000000,99,99,99,99,99,99,0,0,0,1,1
37,370122,3,3,0,0,0,8,8,127,3930,21,2,2012,3,15,11,0,14,6,BENVENUE ROAD,,26,35.98394444,-77.81294167,0,12,6,0,8,1,0,1,1,1,0,1,0,0000000,15,14,15,20,99,99,0,0,0,1,0
37,370123,1,1,0,1,1,1,1,129,0,8,2,2012,4,20,27,1,2,2,US-421,,141,34.143975,-77.897175,0,8,0,0,1,1,0,1,2,1,0,1,0,0000000,20,21,20,26,20,38,0,0,0,1,0