STATE,ST_CASE,VE_TOTAL,VE_FORMS,PVH_INVL,PEDS,PERNOTMVIT,PERMVIT,PERSONS,COUNTY,CITY,DAY,MONTH,YEAR,DAY_WEEK,HOUR,MINUTE,NHS,ROAD_FNC,ROUTE,TWAY_ID,TWAY_ID2,MILEPT,LATITUDE,LONGITUD,SP_JUR,HARM_EV,MAN_COLL,RELJCT1,RELJCT2,TYP_INT,WRK_ZONE,REL_ROAD,LGT_COND,WEATHER1,WEATHER2,WEATHER,SCH_BUS,RAIL,NOT_HOUR,NOT_MIN,ARR_HOUR,ARR_MIN,HOSP_HR,HOSP_MN,CF1,CF2,CF3,FATALS,DRUNK_DR
37,370124,1,1,0,0,0,4,4,129,5060,13,2,2012,2,22,22,0,16,6,FOREST HILLS DRIVE,,4,34.23249444,-77.912875,0,42,0,0,1,1,0,4,3,1,0,1,0,0000000,22,25,22,30,23,0,0,0,0,3,0
37,370125,4,4,0,0,0,7,7,133,0,13,2,2012,2,15,20,0,4,4,CR-1308,,57,34.85001944,-77.48154444,0,12,1,0,1,1,0,1,1,1,0,1,0,0000000,15,19,15,33,16,9,0,0,0,1,0
37,370126,2,2,0,0,0,3,3,133,2330,23,2,2012,5,15,52,0,14,3,SR-53,NORTH PLAIN ROAD,237,34.79996389,-77.41741667,0,12,6,0,2,2,0,1,1,1,0,1,0,0000000,15,54,16,3,99,99,0,0,0,1,0
37,370127,1,1,0,0,0,2,2,135,0,11,2,2012,7,11,54,0,6,4,CR-1114,,69,35.99099167,-79.20642222,0,42,0,0,1,1,0,4,1,1,0,1,0,0000000,11,53,12,8,88,88,0,0,0,2,0
37,370128,3,3,0,0,0,7,7,141,0,5,2,2012,1,18,26,1,2,2,US-117,,7,34.37378333,-77.89625278,0,12,2,0,1,1,0,1,1,10,0,10,0,0000000,18,20,18,29,19,21,0,0,0,1,1
37,370129,1,1,0,1,1,1,1,145,0,20,2,2012,2,22,20,1,2,2,US-158,,60,36.38854444,-79.04778333,0,8,0,0,1,1,0,1,2,1,0,1,0,0000000,99,99,99,99,99,99,23,0,0,1,0
37,370130,1,1,0,1,1,1,1,145,4010,27,2,2012,2,20,8,1,12,2,US-501,,124,36.40278611,-78.97964444,0,8,0,0,1,1,0,1,3,1,0,1,0,0000000,99,99,99,99,99,99,0,0,0,1,0
37,370131,1,1,0,0,0,1,1,147,1950,5,2,2012,1,3,2,0,16,6,3RD STREET,JARVIS STREET,99999,35.61166111,-77.36611111,0,38,0,0,3,2,0,4,3,2,0,2,0,0000000,2,53,3,0,3,13,0,0,0,1,0
37,370132,1,1,0,0,0,1,1,147,0,11,2,2012,7,2,54,0,3,3,SR-1760,SR-2241,99999,35.53691389,-77.30328333,0,34,0,0,2,3,0,4,2,1,0,1,0,0000000,2,52,2,58,3,24,0,0,0,1,1
37,370133,1,1,0,0,0,1,1,147,0,8,2,2012,4,22,39,0,3,3,SR-33,,99999,35.60811111,-77.32965,0,32,0,0,1,1,0,4,2,1,0,1,0,0000000,99,99,99,99,99,99,0,0,0,1,1
37,370134,1,1,0,1,1,2,2,147,0,12,2,2012,1,1,13,1,2,2,US-64,,99999,99.99990000,999.99990000,0,8,0,0,1,1,0,1,2,6,0,6,0,0000000,99,99,99,99,88,88,0,0,0,1,0
37,370135,2,2,0,0,0,5,5,151,4640,9,2,2012,5,10,50,0,3,3,SR-1922,,99999,35.90119722,-79.893525,0,12,2,0,1,1,0,1,1,1,0,1,0,0000000,99,99,99,99,99,99,0,0,0,1,0
37,370136,1,1,0,0,0,1,1,155,0,22,2,2012,4,19,29,0,3,3,SR-1727,US-301,99999,34.94501667,-78.930825,0,42,0,0,2,3,0,4,2,1,0,1,0,0000000,19,32,19,46,20,41,0,0,0,1,1
37,370137,4,1,3,0,0,1,1,157,0,16,2,2012,5,15,5,0,3,3,SR-700,,99999,36.50461389,-79.78335,0,59,0,0,1,1,0,4,1,2,10,2,0,0000000,15,2,15,18,16,58,0,0,0,1,0
37,370138,1,1,0,0,0,4,4,159,0,9,2,2012,5,18,29,1,1,1,I-85,,99999,35.67822222,-80.41119722,0,24,0,0,1,1,0,4,2,1,0,1,0,0000000,18,28,18,33,99,99,0,0,0,1,0
37,370139,1,1,0,0,0,1,1,161,0,3,2,2012,6,21,0,1,2,2,US-64,,99999,99.99990000,999.99990000,0,42,0,0,1,1,0,4,2,1,0,1,0,0000000,21,3,21,17,88,88,0,0,0,1,0
37,370140,1,1,0,0,0,2,2,163,0,15,2,2012,4,8,2,0,3,3,SR-1475,,99999,35.17605833,-78.47858889,0,34,0,0,1,1,0,4,1,1,0,1,0,0000000,8,0,8,10,8,45,0,0,0,1,0
37,370141,1,1,0,0,0,1,1,171,0,10,2,2012,6,12,0,1,1,1,I-77,,99999,36.36236111,-80.79813611,0,24,0,0,1,1,0,3,1,10,0,10,0,0000000,12,0,12,20,88,88,0,0,0,1,0
37,370142,1,1,0,0,0,4,4,171,0,20,2,2012,2,7,31,1,1,1,I-74,,99999,36.441025,-80.58127222,0,31,0,0,1,1,0,3,1,1,0,1,0,0000000,7,38,7,45,8,15,0,0,0,1,0
37,370143,2,2,0,0,0,2,2,181,2120,3,2,2012,6,13,12,0,16,6,E ANDREWS AVE,WATERS ST,99999,36.32799167,-78.39381389,0,12,8,0,2,2,0,1,1,1,0,1,0,0000000,13,12,13,17,13,37,0,0,0,1,1
37,370144,1,1,0,0,0,1,1,183,3750,6,2,2012,2,0,36,0,16,6,NEW HOPE RD,,99999,35.83218611,-78.56931111,0,42,0,0,1,1,0,4,3,1,0,1,0,0000000,0,36,0,41,0,59,0,0,0,1,1
37,370145,2,2,0,0,0,3,3,183,800,12,2,2012,1,10,1,0,16,6,SW CARY PKWY,W CHATHAM ST,99999,35.77005278,-78.83068056,0,12,6,0,2,3,0,1,1,1,0,1,0,0000000,10,7,10,12,10,42,0,0,0,2,0
37,370146,2,2,0,0,0,2,2,183,3750,15,2,2012,4,7,32,0,16,6,FALLS OF NEUSE RD,,99999,35.92334444,-78.58976111,0,12,7,0,1,1,0,1,1,1,0,1,0,0000000,7,37,7,37,8,13,0,0,0,1,0
37,370147,1,1,0,2,2,1,1,185,0,14,2,2012,3,18,44,0,3,3,SR-1107,,99999,36.40723889,-78.16925,0,8,0,0,1,1,0,1,2,10,0,10,0,0000000,18,37,18,46,19,33,0,0,0,1,0
37,370148,1,1,0,1,1,1,1,1,0,21,3,2012,4,10,25,0,3,3,SR-1530,,99999,36.15987778,-79.47026944,0,8,0,0,1,1,0,1,1,1,0,1,0,0000000,10,18,10,26,10,42,0,0,0,1,0
37,370149,1,1,0,0,0,1,1,13,0,18,3,2012,1,3,4,0,3,3,SR-99,,99999,35.56504722,-76.64308889,0,34,0,0,1,1,0,4,2,1,0,1,0,0000000,99,99,99,99,99,99,0,0,0,1,1
37,370150,1,1,0,1,1,2,2,17,0,13,3,2012,3,22,32,1,2,2,US-701,,99999,34.65662778,-78.50250833,0,8,0,0,1,1,0,1,2,1,0,1,0,0000000,22,29,22,34,88,88,0,0,0,1,0
37,370151,2,2,0,0,0,4,4,21,0,2,3,2012,6,13,30,1,2,2,US-25,SR-1756,99999,35.74955833,-82.61933611,0,12,6,0,2,2,0,1,1,10,0,10,0,0000000,13,31,13,49,14,16,0,0,0,1,0
37,370152,2,2,0,0,0,3,3,23,3130,7,3,2012,4,14,46,0,16,6,AVERY AVE,BOUCHELLE ST,99999,35.74823889,-81.68789722,0,12,6,0,2,2,0,1,1,1,0,1,0,0000000,99,99,99,99,99,99,0,0,0,1,0
37,370153,1,1,0,0,0,1,1,25,0,8,3,2012,5,17,23,0,3,3,SR-1100,,99999,99.99990000,999.99990000,0,1,0,0,1,1,0,4,1,1,0,1,0,0000000,17,15,17,22,88,88,0,0,0,1,0
37,370154,1,1,0,0,0,4,4,27,0,11,3,2012,1,4,0,0,3,3,SR-1108,,99999,35.83428611,-81.46049167,0,42,0,0,1,1,0,4,2,1,0,1,0,0000000,99,99,99,99,99,99,0,0,0,2,1
37,370155,1,1,0,0,0,4,4,31,3120,6,3,2012,3,22,45,0,16,6,BUSINESS DR,,99999,34.74333611,-76.80145,0,42,0,0,1,1,0,4,2,1,0,1,0,0000000,99,99,99,99,99,99,0,0,0,2,1
37,370156,1,1,0,0,0,1,1,35,910,13,3,2012,3,3,50,1,11,1,I-40,,99999,35.72995833,-81.11539444,0,42,0,0,1,1,0,4,2,10,0,10,0,0000000,3,51,4,3,88,88,0,0,0,1,0
37,370157,1,1,0,0,0,1,1,37,0,8,3,2012,5,11,55,1,2,2,US-1,,99999,35.63988056,-79.03305833,0,59,0,0,1,1,0,4,1,1,0,1,0,0000000,99,99,99,99,99,99,0,0,0,1,0
37,370158,1,1,0,0,0,1,1,39,0,15,3,2012,5,10,16,0,3,3,SR-1670,,99999,99.99990000,999.99990000,0,42,0,0,1,1,0,4,1,1,0,1,0,0000000,10,10,10,19,88,88,0,0,0,1,0
37,370159,1,1,0,1,1,2,2,45,4180,5,3,2012,2,22,41,0,16,6,E GROVER ST,,99999,35.30430278,-81.52834167,0,8,0,0,1,1,0,1,3,1,0,1,0,0000000,99,99,99,99,99,99,0,0,0,1,0
37,370160,1,1,0,0,0,1,1,47,0,17,3,2012,7,7,45,1,2,2,US-76,,99999,34.33779167,-78.79994167,0,42,0,0,1,1,0,4,1,1,0,1,0,0000000,7,43,7,52,88,88,0,0,0,1,0
37,370161,3,3,0,0,0,4,4,47,0,22,3,2012,5,16,4,1,2,2,US-74,SR-1001,99999,34.34404444,-78.59991389,0,12,6,0,2,2,0,1,1,1,0,1,0,0000000,99,99,99,99,99,99,14,0,0,1,0
37,370162,1,1,0,0,0,1,1,47,0,23,3,2012,6,20,56,0,3,3,SR-1300,,99999,34.21253333,-78.86741944,0,1,0,0,1,1,0,1,2,1,0,1,0,0000000,20,53,21,6,88,88,0,0,0,1,1
37,370163,1,1,0,0,0,1,1,47,0,23,3,2012,6,0,53,0,6,4,CR-1421,,99999,34.30580556,-78.83136667,0,34,0,0,1,1,0,4,2,1,0,1,0,0000000,99,99,99,99,99,99,0,0,0,1,1
37,370164,1,1,0,0,0,1,1,47,4550,17,3,2012,7,0,30,0,16,6,SIXTH STREET,,99999,34.14838056,-78.89066944,0,34,0,0,1,1,0,5,2,1,0,1,0,0000000,99,99,99,99,99,99,0,0,0,1,1
37,370165,2,2,0,0,0,2,2,51,1670,6,3,2012,3,13,5,1,12,2,US-401,SYKES POND ROAD,99999,35.03264722,-79.07306944,0,12,6,0,2,2,0,1,1,1,0,1,0,0000000,13,7,13,18,13,46,0,0,0,1,0
37,370166,1,1,0,1,1,1,1,51,0,26,3,2012,2,22,40,0,6,4,CR-1710,CR-2838,99999,35.18089722,-78.85042778,0,8,0,0,2,3,0,1,2,1,0,1,0,0000000,22,35,22,49,88,88,0,0,0,1,0
37,370167,2,2,0,1,1,2,2,57,0,13,3,2012,3,15,0,1,2,2,US-29,,99999,35.86866944,-80.16570833,0,9,0,0,1,1,0,1,1,1,0,1,0,0000000,15,5,15,13,15,52,14,0,0,1,1
37,370168,2,2,0,0,0,4,4,57,0,22,3,2012,5,15,13,0,5,4,CR-1192,CR-1196,99999,35.8459,-80.33948611,0,12,6,0,2,3,0,1,1,1,0,1,0,0000000,15,10,15,24,15,33,0,0,0,1,0
37,370169,2,2,0,0,0,3,3,61,0,13,3,2012,3,17,13,0,4,4,CR-1004,CR-1306,99999,35.08403889,-77.95750833,0,12,6,0,2,2,0,1,1,1,0,1,0,0000000,17,9,17,19,18,13,0,0,0,1,0
37,370170,2,2,0,0,0,2,2,63,1360,7,3,2012,4,11,53,0,14,6,FAYETTEVILLE ROAD,HANSON ROAD,99999,35.93806944,-78.90749722,0,12,6,0,2,3,0,1,1,1,0,1,0,0000000,11,55,12,2,12,26,0,0,0,1,0
37,370171,3,3,0,0,0,5,5,63,1360,26,3,2012,2,13,30,0,16,6,DRIVER STREET,ANGIER AVE.,99999,35.98209444,-78.877825,0,12,6,0,2,2,0,1,1,1,0,1,0,0000000,13,38,13,44,13,59,0,0,0,1,1
37,370172,2,2,0,0,0,3,3,63,1360,31,3,2012,7,19,51,0,16,6,ROXBORO ROAD,OLYMPIC AVE,99999,36.03725,-78.89675556,0,12,6,0,2,2,0,1,3,1,0,1,0,0000000,19,51,19,53,88,88,0,0,0,1,0
37,370173,1,1,0,0,0,1,1,65,0,14,3,2012,4,7,13,0,6,4,CR-1109,,99999,35.77468611,-77.68782222,0,34,0,0,1,1,0,4,2,5,0,5,0,0000000,7,13,7,20,88,88,0,0,0,1,0
37,370174,2,2,0,0,0,3,3,65,3930,25,3,2012,1,0,25,0,14,6,SPRINGFIELD ROAD,,99999,35.96709167,-77.75554722,0,12,6,0,1,1,0,1,2,10,0,10,0,0000000,99,99,99,99,99,99,0,0,0,1,0
37,370175,1,1,0,1,1,1,1,67,5120,5,3,2012,2,22,37,0,16,6,MENTOR STREET,,99999,36.14020833,-80.23823056,0,8,0,0,1,1,0,1,3,1,0,1,0,0000000,22,39,22,45,88,88,0,0,0,1,1
37,370176,3,3,0,0,0,4,4,67,5120,11,3,2012,1,12,35,1,12,2,US-52,,99999,36.10603333,-80.23613333,0,12,1,0,1,1,0,1,1,1,0,1,0,0000000,12,38,12,42,88,88,14,0,0,1,0
37,370177,1,1,0,0,0,2,2,67,5120,23,3,2012,6,17,57,0,16,6,OGBURN AVE,,99999,36.14899167,-80.23626667,0,53,0,0,1,1,0,4,1,1,0,1,0,0000000,17,58,18,6,18,20,0,0,0,1,1
37,370178,1,1,0,0,0,1,1,67,5120,26,3,2012,2,2,58,0,16,6,S MARSHALL ST,,99999,36.09239167,-80.24700278,0,43,0,0,1,1,0,4,3,1,0,1,0,0000000,3,2,3,6,3,27,0,0,0,1,0
37,370179,3,3,0,0,0,5,5,67,5120,27,3,2012,3,11,19,0,16,6,REIDSVILLE RD,BYERLY RD,99999,36.10394444,-80.19263333,0,12,6,0,2,3,0,1,1,1,0,1,0,0000000,11,20,11,27,11,52,0,0,0,1,1
37,370180,1,1,0,0,0,3,3,67,5120,28,3,2012,4,2,38,0,16,6,N CHERRY ST,REYNOLDS BLVD,99999,36.13404167,-80.26402222,0,46,0,0,2,2,0,3,3,1,0,1,0,0000000,2,39,2,40,3,10,0,0,0,1,1
37,370181,1,1,0,0,0,1,1,67,0,28,3,2012,4,13,2,0,4,3,SR-1962,,99999,36.07943889,-80.17135,0,1,0,0,1,1,0,4,1,1,0,1,0,0000000,13,2,13,13,13,46,0,0,0,1,0
37,370182,2,2,0,0,0,2,2,69,0,17,3,2012,7,20,36,0,3,3,SR-1147,SR-1139,99999,36.02604722,-78.52388611,0,12,6,0,2,3,0,1,2,10,0,10,0,0000000,20,35,20,43,21,25,0,0,0,1,0
37,370183,1,1,0,0,0,1,1,71,3190,16,3,2012,6,15,39,0,16,6,S MAIN ST,,99999,35.28526944,-81.02271389,0,30,0,0,1,1,0,4,1,1,0,1,0,0000000,15,43,15,48,88,88,0,0,0,1,1
37,370184,1,1,0,0,0,3,3,71,0,23,3,2012,6,18,54,0,3,3,SR-1136,,99999,35.26816944,-81.22305833,0,16,0,0,1,1,0,1,1,10,6,6,0,0000000,18,53,19,2,19,43,0,0,0,2,0
37,370185,1,1,0,0,0,2,2,77,0,10,3,2012,7,23,17,0,3,3,SR-1633,,99999,99.99990000,999.99990000,0,32,0,0,1,1,0,4,2,1,0,1,0,0000000,23,5,23,10,99,99,0,0,0,1,1
37,370186,2,2,0,0,0,3,3,77,0,15,3,2012,5,16,4,0,3,3,SR-96,,99999,36.54149444,-78.77634167,0,12,6,0,4,1,0,1,1,1,0,1,0,0000000,16,8,16,28,16,42,0,0,0,1,0
37,370187,1,1,0,0,0,1,1,77,0,25,3,2012,1,18,40,0,3,3,SR-1139,,99999,36.32053056,-78.63009722,0,32,0,0,1,1,0,4,1,10,0,10,0,0000000,18,50,19,7,19,18,0,0,0,1,1
37,370188,1,1,0,1,1,1,1,81,2170,2,3,2012,6,3,35,0,16,6,W FAIRFIELD RD,,99999,35.92101389,-79.99824722,0,8,0,0,1,1,0,1,2,1,0,1,0,0000000,3,36,3,47,88,88,0,0,0,1,0
37,370189,2,2,0,0,0,2,2,81,2170,13,3,2012,3,11,44,0,16,6,JOHNSON ST,I-74,99999,36.00839722,-80.00979167,0,12,6,0,2,3,0,1,1,1,0,1,0,0000000,11,45,11,50,12,2,0,0,0,1,0
37,370190,1,1,0,0,0,2,2,81,0,26,3,2012,2,13,22,1,2,2,US-220,,99999,36.08855,-79.80902222,0,42,0,0,1,1,0,4,1,1,0,1,0,0000000,13,20,13,26,99,99,0,0,0,1,1
37,370191,1,1,0,0,0,1,1,85,0,6,3,2012,3,2,18,0,3,3,SR-1121,,99999,35.44903056,-78.59336111,0,43,0,0,1,1,0,4,2,1,0,1,0,0000000,2,16,2,24,88,88,0,0,0,1,1
37,370192,1,1,0,1,1,2,2,85,0,8,3,2012,5,15,38,0,3,3,SR-1238,,99999,35.41003889,-78.93315,0,8,0,0,1,1,0,1,1,1,0,1,0,0000000,99,99,99,99,99,99,0,0,0,1,0
37,370193,1,1,0,0,0,3,3,85,0,24,3,2012,7,13,59,0,3,3,SR-1127,,99999,35.30603333,-78.93097222,0,34,0,0,1,1,0,4,1,10,0,10,0,0000000,99,99,99,99,99,99,0,0,0,1,0
37,370194,1,1,0,1,1,1,1,85,1350,18,3,2012,1,15,21,0,16,6,MCKAY AVE,CANARY ST,99999,35.30608611,-78.61874722,0,9,0,0,2,2,0,1,1,10,0,10,0,0000000,15,22,15,25,15,34,0,0,0,1,0
37,370195,1,1,0,1,1,1,1,93,0,26,3,2012,2,20,35,1,2,2,US-401,,99999,34.95014167,-79.28792778,0,8,0,0,1,1,0,1,2,1,0,1,0,0000000,99,99,99,99,99,99,0,0,0,1,0
37,370196,2,2,0,0,0,6,6,97,0,13,3,2012,3,13,40,0,3,3,SR-2383,,99999,35.65578611,-80.80694167,0,12,2,0,1,1,0,1,1,1,0,1,0,0000000,13,32,13,46,14,25,0,0,0,1,0
37,370197,1,1,0,0,0,1,1,97,0,16,3,2012,6,3,22,0,6,6,FREEZE CROSSING,,99999,35.64451944,-80.83885278,0,34,0,0,1,1,0,4,2,1,0,1,0,0000000,3,21,3,36,99,99,0,0,0,1,1
37,370198,1,1,0,0,0,2,2,99,0,25,3,2012,1,13,8,0,3,3,SR-1001,,99999,35.30164444,-83.18021111,0,42,0,0,1,1,0,4,1,10,0,10,0,0000000,13,14,13,21,13,39,0,0,0,1,0
37,370199,1,1,0,1,1,1,1,101,0,23,3,2012,6,1,2,1,2,2,US-70,,99999,99.99990000,999.99990000,0,8,0,0,1,1,0,1,2,1,0,1,0,0000000,99,99,99,99,99,99,0,0,0,1,0
37,370200,1,1,0,0,0,1,1,107,0,29,3,2012,5,1,1,0,3,3,SR-1104,,99999,99.99990000,999.99990000,0,32,0,0,1,1,0,4,2,1,0,1,0,0000000,0,53,1,7,88,88,0,0,0,1,1
37,370201,1,1,0,0,0,1,1,113,0,11,3,2012,1,16,0,0,3,3,SR-1335,,99999,35.23374444,-83.37771667,0,42,0,0,1,1,0,4,1,1,0,1,0,0000000,16,0,16,10,88,88,0,0,0,1,0
37,370202,1,1,0,0,0,1,1,117,0,18,3,2012,1,17,28,0,3,3,SR-171,,99999,35.77776667,-76.91390833,0,34,0,0,1,1,0,4,1,1,0,1,0,0000000,17,29,17,44,18,2,0,0,0,1,1
37,370203,1,1,0,0,0,1,1,111,0,3,3,2012,7,11,33,0,3,3,SR-1106,,99999,99.99990000,999.99990000,0,35,0,0,1,1,0,4,1,1,0,1,0,0000000,11,22,11,35,12,7,0,0,0,1,0
37,370204,1,1,0,0,0,1,1,111,0,29,3,2012,5,13,36,0,3,3,SR-1274,,99999,35.91223611,-82.08986944,0,35,0,0,1,1,0,4,1,1,0,1,0,0000000,13,36,13,48,14,35,0,0,0,1,0
37,370205,1,1,0,1,1,1,1,119,870,3,3,2012,7,22,41,0,16,6,PARK RD,,99999,35.10471111,-80.85747778,0,8,0,0,1,1,0,1,6,1,0,1,0,0000000,22,41,22,48,88,88,0,0,0,1,0
37,370206,1,1,0,1,1,1,1,119,870,5,3,2012,2,19,13,0,16,6,ALBEMARLE RD,,99999,35.20289167,-80.73646944,0,8,0,0,1,1,0,1,3,1,0,1,0,0000000,19,14,19,16,88,88,0,0,0,1,0
37,370207,2,2,0,0,0,2,2,119,870,12,3,2012,2,16,22,0,16,6,SHOPTON RD,,99999,35.17048889,-80.94846667,0,12,6,0,1,1,0,1,1,1,0,1,0,0000000,16,22,16,40,17,27,0,0,0,1,0
37,370208,1,1,0,1,1,1,1,119,870,13,3,2012,3,16,25,0,13,6,EASTWAY DRIVE,SUGAR CREEK ROAD,99999,35.24230556,-80.77974722,0,8,0,0,3,2,0,1,1,1,0,1,0,0000000,16,26,16,29,16,47,0,0,0,1,0
37,370209,1,1,0,0,0,1,1,119,870,19,3,2012,2,20,3,0,14,6,TUCKASEEGEE ROAD,4TH STREET,99999,35.23678889,-80.86486389,0,33,0,0,2,3,0,4,3,1,0,1,0,0000000,20,2,20,8,20,28,0,0,0,1,1
37,370210,1,1,0,1,1,1,1,119,870,21,3,2012,4,6,33,0,13,6,TRYON STREET,CRESENT SPRINGS DRIVE,99999,35.11801111,-80.95595833,0,8,0,0,2,3,0,1,2,10,0,10,0,0000000,6,34,6,45,88,88,0,0,0,1,0
37,370211,5,5,0,0,0,5,5,125,0,23,3,2012,6,11,32,0,3,3,SR-211,,99999,35.20919722,-79.49803889,0,12,1,0,1,1,1,1,1,1,0,1,0,0000000,99,99,99,99,99,99,0,0,0,1,0
37,370212,2,2,0,0,0,2,2,127,3930,6,3,2012,3,23,5,1,12,2,US-301,,99999,35.96875278,-77.81321944,0,12,6,0,8,1,0,1,2,1,0,1,0,0000000,23,6,23,10,99,99,0,0,0,1,0
37,370213,2,2,0,0,0,2,2,129,0,15,3,2012,5,14,20,0,3,3,SR-133,I-40 RAMP,99999,34.31553333,-77.92225833,0,12,6,1,2,2,0,1,1,1,0,1,0,0000000,99,99,99,99,99,99,0,0,0,1,0
37,370214,1,1,0,0,0,1,1,129,5060,25,3,2012,1,19,30,0,16,6,WALTMOOR ROAD,,99999,34.17547222,-77.88614444,0,42,0,0,1,1,0,4,6,2,0,2,0,0000000,19,30,19,36,19,56,0,0,0,1,0
37,370215,1,1,0,0,0,5,5,129,5060,30,3,2012,6,20,13,1,12,2,US-74/76,,99999,34.22700556,-77.95079167,0,5,0,0,1,1,0,1,3,1,0,1,0,0000000,20,15,20,20,88,88,0,0,0,1,0
37,370216,3,3,0,0,0,6,6,133,0,17,3,2012,7,21,12,1,2,2,US-17,,99999,34.87273056,-77.24704722,0,12,2,0,1,1,0,1,2,10,0,10,0,0000000,21,10,21,24,23,0,0,0,0,1,1
37,370217,1,1,0,1,1,1,1,135,2190,24,3,2012,7,21,0,1,13,2,US-70,,99999,36.08708056,-79.11099444,0,8,0,0,1,1,0,1,3,2,0,2,0,0000000,99,99,99,99,99,99,0,0,0,1,0
37,370218,2,2,0,0,0,2,2,151,0,6,3,2012,3,7,37,0,6,4,CR-1183,,99999,35.58126667,-80.03407778,0,12,1,0,1,1,0,1,1,1,0,1,0,0000000,7,33,7,50,88,88,0,0,0,1,0
37,370219,2,2,0,0,0,3,3,153,3910,17,3,2012,7,6,7,0,14,6,RICHMOND ROAD,,99999,34.95989722,-79.74711667,0,12,2,0,1,1,0,1,3,1,0,1,0,0000000,6,3,6,15,7,5,0,0,0,1,0
37,370220,3,3,0,0,0,4,4,155,0,7,3,2012,4,16,58,0,5,4,CR-1752,CR-1750,99999,34.85081944,-79.09306389,0,12,6,0,2,3,0,1,1,1,0,1,0,0000000,16,58,17,5,17,45,0,0,0,1,0
37,370221,1,1,0,1,1,2,2,155,0,6,3,2012,3,20,15,1,1,1,I-95,,99999,34.54415,-79.22036111,0,8,0,0,1,1,0,1,1,1,0,1,0,0000000,99,99,99,99,99,99,0,0,0,1,0
37,370222,2,2,0,0,0,2,2,155,0,17,3,2012,7,17,59,0,6,4,CR-1500,CR-1505,99999,34.79659167,-79.16990278,0,12,6,0,2,2,0,1,1,1,0,1,0,0000000,18,1,18,14,19,14,0,0,0,1,0
37,370223,1,1,0,0,0,1,1,159,0,23,3,2012,6,23,1,0,4,3,SR-150,,99999,35.65347778,-80.58341667,0,53,0,0,1,1,0,4,2,3,0,3,0,0000000,23,1,23,11,23,38,0,0,0,1,1
37,370224,2,2,0,0,0,3,3,163,0,8,3,2012,5,8,1,0,5,4,CR-1002,CR-1233,99999,35.01681944,-78.54798611,0,12,6,0,2,2,0,1,1,1,0,1,0,0000000,7,59,8,6,88,88,0,0,0,1,0
37,370225,2,2,0,0,0,3,3,163,0,18,3,2012,1,3,53,0,4,3,SR-242,,99999,34.97212778,-78.50936389,0,35,0,0,1,1,0,4,2,10,0,10,0,0000000,3,49,3,56,99,99,0,0,0,1,1
37,370226,1,1,0,0,0,1,1,163,0,19,3,2012,2,2,46,1,2,2,US-421,CR-1933,99999,34.93260278,-78.26663611,0,1,0,0,3,3,0,4,2,1,0,1,0,0000000,2,43,2,53,88,88,0,0,0,1,0
37,370227,2,2,0,0,0,5,5,167,0,18,3,2012,1,19,9,0,6,4,CR-1954,,99999,35.263375,-80.24055833,0,12,2,0,1,1,0,1,1,1,0,1,0,0000000,19,6,19,15,20,26,0,0,0,1,0
37,370228,1,1,0,0,0,1,1,169,0,12,3,2012,2,19,28,0,6,4,CR-1649,,99999,36.49241111,-80.12655278,0,42,0,0,1,1,0,4,5,1,0,1,0,0000000,19,18,19,40,21,31,0,0,0,1,1
37,370229,1,1,0,0,0,1,1,179,0,3,3,2012,7,22,4,0,4,3,SR-218,,99999,35.16442222,-80.58781389,0,42,0,0,1,1,0,4,2,10,0,10,0,0000000,99,99,99,99,99,99,0,0,0,1,1
37,370230,2,2,0,0,0,2,2,179,0,6,3,2012,3,10,7,0,6,4,CR-1301,,99999,99.99990000,999.99990000,0,12,8,0,1,1,0,1,1,1,0,1,0,0000000,99,99,99,99,99,99,0,0,0,1,0
37,370231,1,1,0,0,0,1,1,183,0,1,3,2012,5,10,55,0,6,4,CR-1127,,99999,35.66311944,-78.92833611,0,1,0,0,1,1,0,1,1,1,0,1,0,0000000,99,99,99,99,99,99,0,0,0,1,0
37,370232,2,2,0,0,0,6,6,183,0,1,3,2012,5,18,24,0,3,3,SR-97,CR-2407,99999,35.82177778,-78.35443056,0,12,2,1,2,3,0,1,2,1,0,1,0,0000000,18,20,18,25,18,54,0,0,0,1,0
37,370233,1,1,0,0,0,2,2,183,800,1,3,2012,5,99,99,0,16,6,GOOD HOPE CHURCH ROAD,,99999,35.82906944,-78.87472778,0,52,0,0,1,1,0,4,2,1,0,1,0,0000000,22,0,22,7,22,42,0,0,0,1,1
37,370234,1,1,0,1,1,1,1,183,0,23,3,2012,6,2,59,1,2,2,US-70,,99999,35.6833,-78.53705556,0,8,0,0,1,1,0,1,2,1,0,1,0,0000000,99,99,99,99,99,99,0,0,0,1,0
37,370235,1,1,0,0,0,1,1,191,0,31,3,2012,7,22,28,0,5,4,CR-1719,,99999,35.29228333,-77.84778889,0,1,0,0,1,1,0,1,2,10,0,10,0,0000000,99,99,99,99,88,88,0,0,0,1,1
37,370236,2,2,0,0,0,5,5,199,0,20,3,2012,3,15,25,1,2,2,US-19,CR-1121,99999,35.91077222,-82.38071111,0,12,6,0,2,2,0,1,1,1,0,1,0,0000000,15,20,15,27,15,44,0,0,0,1,0