STATE,ST_CASE,VE_TOTAL,VE_FORMS,PVH_INVL,PEDS,PERNOTMVIT,PERMVIT,PERSONS,COUNTY,CITY,DAY,MONTH,YEAR,DAY_WEEK,HOUR,MINUTE,NHS,ROAD_FNC,ROUTE,TWAY_ID,TWAY_ID2,MILEPT,LATITUDE,LONGITUD,SP_JUR,HARM_EV,MAN_COLL,RELJCT1,RELJCT2,TYP_INT,WRK_ZONE,REL_ROAD,LGT_COND,WEATHER1,WEATHER2,WEATHER,SCH_BUS,RAIL,NOT_HOUR,NOT_MIN,ARR_HOUR,ARR_MIN,HOSP_HR,HOSP_MN,CF1,CF2,CF3,FATALS,DRUNK_DR
37,370237,2,2,0,0,0,3,3,129,0,8,2,2012,4,19,54,0,3,3,SR-133,,99999,34.30238056,-77.92162778,0,12,2,0,8,1,0,1,2,1,0,1,0,0000000,19,51,19,57,20,15,0,0,0,1,0
37,370238,1,1,0,0,0,2,2,51,0,16,3,2012,6,23,6,0,6,6,CHALLENGER DRIVE,,99999,35.21391111,-78.821675,0,42,0,0,1,1,0,4,2,10,0,10,0,0000000,23,10,23,18,0,1,0,0,0,1,1
37,370239,2,2,0,0,0,4,4,51,0,28,3,2012,4,15,47,0,3,3,SR-59,I-95 RAMP,99999,34.93915,-78.92325833,0,12,6,1,3,2,0,1,1,1,0,1,0,0000000,15,50,16,3,16,7,0,0,0,1,0
37,370240,2,2,0,0,0,2,2,61,0,21,3,2012,4,22,21,0,4,3,SR-41,,99999,34.87295556,-77.79119444,0,12,6,0,8,1,0,1,2,1,0,1,0,0000000,22,13,22,21,23,17,0,0,0,1,0
37,370241,1,1,0,0,0,1,1,67,5120,27,3,2012,3,21,59,0,3,6,PETERS CREEK PARKWAY,,99999,36.06568889,-80.258325,0,25,0,0,1,1,0,4,3,1,0,1,0,0000000,22,2,22,9,22,28,0,0,0,1,0
37,370242,2,2,0,0,0,4,4,107,0,23,3,2012,6,5,34,1,2,2,US-70,INDUSTRIAL DRIVE,99999,35.26116111,-77.66750278,0,12,6,0,2,2,0,1,2,5,0,5,0,0000000,5,40,5,47,6,21,0,0,0,1,0
37,370244,2,2,0,0,0,2,2,183,3750,30,3,2012,6,2,48,1,11,1,I-440,,99999,35.83540278,-78.64435278,0,12,2,0,1,1,0,1,2,1,0,1,0,0000000,99,99,99,99,99,99,0,0,0,1,2
37,370245,2,2,0,0,0,4,4,1,700,10,4,2012,3,15,40,0,3,6,FRONT STREET,TARPLEY STREET,99999,36.09751667,-79.44225278,0,12,6,0,2,2,0,1,1,1,0,1,0,0000000,15,37,15,45,16,15,0,0,0,1,0
37,370246,1,1,0,0,0,1,1,5,0,7,4,2012,7,16,0,0,4,3,SR-18,,99999,36.41122778,-81.26422778,0,43,0,0,1,1,0,4,1,1,0,1,0,0000000,99,99,99,99,99,99,0,0,0,1,1
37,370247,1,1,0,0,0,1,1,7,0,6,4,2012,6,15,10,1,2,2,US-52,,99999,35.04228056,-80.09056944,0,34,0,0,1,1,0,4,1,1,0,1,0,0000000,15,6,15,14,16,31,0,0,0,1,0
37,370248,1,1,0,0,0,1,1,13,0,10,4,2012,3,2,1,0,6,4,CR-1715,,99999,35.5262,-76.71689167,0,42,0,0,1,1,0,4,2,1,0,1,0,0000000,99,99,99,99,99,99,0,0,0,1,1
37,370249,1,1,0,0,0,1,1,17,0,7,4,2012,7,15,45,0,6,4,CR-1707,MERCER MILL ROAD,99999,34.58543333,-78.588,0,34,0,0,3,3,0,4,1,1,0,1,0,0000000,15,41,15,50,16,7,0,0,0,1,0
37,370250,2,2,0,0,0,2,2,19,0,8,4,2012,1,14,36,0,3,3,SR-87,,99999,33.94626389,-78.02238056,0,12,2,0,1,1,0,1,1,1,0,1,0,0000000,14,28,14,36,15,25,0,0,0,1,0
37,370251,1,1,0,0,0,1,1,19,0,21,4,2012,7,17,31,0,6,4,CR-1124,,99999,33.94251667,-78.26122778,0,1,0,0,1,1,0,1,1,1,0,1,0,0000000,17,20,17,42,88,88,0,0,0,1,0
37,370252,2,2,0,1,1,3,3,21,0,13,4,2012,6,22,47,1,1,1,I-26,,99999,35.52779722,-82.59846667,0,8,0,1,17,1,0,1,2,1,0,1,0,0000000,23,18,23,43,0,14,0,0,0,1,0
37,370253,1,1,0,0,0,1,1,21,0,19,4,2012,5,13,11,0,4,4,CR-1369,SR-63,99999,35.61391667,-82.63248056,0,42,0,0,3,2,0,4,1,1,0,1,0,0000000,12,56,13,1,13,43,0,0,0,1,0
37,370254,1,1,0,0,0,1,1,21,0,20,4,2012,6,17,25,1,2,2,US-74,ROSE HILL ROAD,99999,35.55486111,-82.48203611,0,33,0,0,3,2,0,4,1,1,0,1,0,0000000,17,19,17,22,17,38,0,0,0,1,0
37,370255,1,1,0,0,0,1,1,23,0,15,4,2012,1,16,12,0,3,3,SR-181,,99999,35.95740278,-81.85965556,0,34,0,0,1,1,0,4,1,1,0,1,0,0000000,16,8,16,28,18,3,0,0,0,1,0
37,370256,2,2,0,0,0,2,2,23,3130,23,4,2012,2,16,7,0,16,6,PARKER ROAD,,99999,35.72833056,-81.66169167,0,12,6,0,8,1,0,1,1,10,0,10,0,0000000,11,40,12,1,12,24,0,0,0,1,0
37,370257,2,2,0,1,1,6,6,23,0,30,4,2012,2,5,14,1,1,1,I-40,,99999,35.69062222,-81.82829167,0,8,0,0,1,1,0,1,2,5,0,5,0,0000000,5,16,5,42,99,99,19,0,0,1,0
37,370258,1,1,0,0,0,2,2,31,0,8,4,2012,1,16,49,1,2,3,SR-24,,99999,34.72819722,-76.91521944,0,1,0,0,1,1,0,4,1,1,0,1,0,0000000,16,48,16,50,17,17,0,0,0,1,0
37,370259,1,1,0,0,0,1,1,31,0,27,4,2012,6,22,8,1,2,2,US-70,,99999,34.78474722,-76.59114722,0,1,0,0,1,1,0,4,2,1,0,1,0,0000000,99,99,99,99,99,99,0,0,0,1,1
37,370260,2,2,0,0,0,3,3,35,2150,13,4,2012,6,15,13,0,2,3,SR-127,,99999,35.72746389,-81.33523611,0,12,2,0,1,1,0,1,1,1,0,1,0,0000000,15,21,15,32,99,99,0,0,0,1,0
37,370261,5,5,0,0,0,7,7,45,4180,30,4,2012,2,9,57,1,2,2,US-74,,99999,35.29340556,-81.60049722,0,12,1,0,1,1,0,1,1,1,0,1,0,0000000,99,99,99,99,99,99,0,0,0,1,0
37,370262,1,1,0,0,0,1,1,49,0,14,4,2012,7,11,30,0,4,3,SR-118,,99999,35.34486944,-77.31915556,0,34,0,0,1,1,0,4,1,1,0,1,0,0000000,99,99,99,99,99,99,0,0,0,1,1
37,370263,1,1,0,0,0,1,1,51,0,25,4,2012,4,20,18,0,6,4,CR-2521,,99999,35.17936667,-78.85990833,0,1,0,0,1,1,0,1,5,1,0,1,0,0000000,20,13,20,21,20,48,0,0,0,1,0
37,370264,1,1,0,0,0,2,2,57,0,19,4,2012,5,22,44,0,4,3,SR-8,,99999,35.64972778,-80.20536944,0,53,0,0,1,1,0,4,2,1,0,1,0,0000000,22,45,23,3,23,48,0,0,0,1,1
37,370265,1,1,0,0,0,1,1,59,0,29,4,2012,1,21,42,0,6,4,CR-1410,,99999,36.03935278,-80.52878611,0,38,0,0,1,1,0,4,2,1,0,1,0,0000000,21,41,21,54,88,88,0,0,0,1,1
37,370266,1,1,0,0,0,1,1,61,0,8,4,2012,1,0,30,0,6,4,CR-1306,,99999,35.099025,-78.02038056,0,42,0,0,1,1,0,4,2,1,0,1,0,0000000,99,99,99,99,99,99,0,0,0,1,1
37,370267,2,2,0,0,0,8,8,63,0,7,4,2012,7,22,41,0,4,4,CR-1838,,99999,36.01822778,-78.84058889,0,12,2,0,1,1,0,1,2,1,0,1,0,0000000,22,50,22,57,23,23,0,0,0,1,1
37,370268,2,2,0,0,0,3,3,65,0,8,4,2012,1,13,10,0,4,4,CR-1407,CR-1404,99999,36.01967778,-77.72031389,0,12,6,0,2,2,0,1,1,1,0,1,0,0000000,13,6,13,14,13,48,0,0,0,1,0
37,370269,1,1,0,0,0,1,1,67,4797,1,4,2012,1,12,13,0,3,3,SR-66,,99999,36.16391389,-80.13449722,0,35,0,0,1,1,0,4,1,1,0,1,0,0000000,12,8,12,14,88,88,0,0,0,1,0
37,370270,2,2,0,0,0,2,2,67,5120,21,4,2012,7,15,28,0,14,6,REYNOLDA ROAD,WINONA STREET,99999,36.16094722,-80.32349722,0,12,6,0,2,3,0,1,1,1,0,1,0,0000000,15,30,15,38,88,88,0,0,0,1,0
37,370271,2,2,0,0,0,3,3,77,0,2,4,2012,2,17,14,1,2,2,US-158,CR-1611,99999,36.31571667,-78.513475,0,12,6,0,2,3,0,1,1,1,0,1,0,0000000,17,13,17,23,17,51,0,0,0,1,0
37,370272,2,2,0,0,0,5,5,81,3413,11,4,2012,4,18,4,0,6,4,CR-2022,,99999,36.182125,-80.01453611,0,12,6,0,1,1,0,1,1,1,0,1,0,0000000,18,1,18,11,18,44,0,0,0,2,0
37,370273,1,1,0,1,1,4,4,81,4504,13,4,2012,6,19,10,0,6,4,CR-2127,,99999,36.18337222,-79.92975833,0,9,0,0,1,1,0,1,1,1,0,1,0,0000000,19,6,19,21,19,51,0,0,0,1,0
37,370274,1,1,0,0,0,1,1,81,0,16,4,2012,2,3,57,1,1,1,I-85,,99999,36.00346667,-79.83983333,0,24,0,0,1,1,4,4,2,1,0,1,0,0000000,3,51,3,55,88,88,0,0,0,1,0
37,370275,2,2,0,0,0,4,4,81,0,13,4,2012,6,17,24,0,14,6,SANDY RODGE ROAD,NORCROSS BLVD,99999,36.09038889,-79.99607778,0,12,6,0,2,3,0,1,1,1,0,1,0,0000000,17,15,17,24,17,59,0,0,0,1,0
37,370276,1,1,0,0,0,2,2,81,1940,24,4,2012,3,12,20,0,14,6,MUIRS CHAPEL ROAD,,99999,36.08308333,-79.87308889,0,42,0,0,1,1,0,4,1,1,0,1,0,0000000,12,27,12,31,12,47,20,0,0,1,0
37,370277,1,1,0,1,1,1,1,81,1940,25,4,2012,4,11,20,0,16,6,EDWARDIA DRIVE,,99999,36.06930833,-79.88369167,0,8,0,0,1,1,0,5,1,1,0,1,0,0000000,11,20,11,22,11,42,0,0,0,1,0
37,370278,2,2,0,0,0,3,3,81,1940,30,4,2012,2,0,28,0,14,6,FRIENDLY DRIVE,,99999,36.0748,-79.812775,0,12,2,0,1,1,0,1,3,1,0,1,0,0000000,0,28,0,33,1,5,0,0,0,1,1
37,370279,1,1,0,0,0,1,1,83,0,12,4,2012,5,21,15,0,6,4,CR-1340,,99999,36.15338056,-77.857125,0,35,0,0,1,1,0,4,2,1,0,1,0,0000000,99,99,99,99,99,99,0,0,0,1,0
37,370280,1,1,0,0,0,2,2,85,0,6,4,2012,6,7,11,0,5,4,CR-1238,,99999,35.35852222,-78.94982778,0,34,0,0,1,1,0,4,1,10,0,10,0,0000000,99,99,99,99,99,99,0,0,0,1,0
37,370281,2,2,0,0,0,2,2,85,0,12,4,2012,5,5,55,0,5,4,CR-1117,,99999,35.27805833,-78.98731944,0,12,2,0,1,1,0,1,2,1,0,1,0,0000000,99,99,99,99,99,99,0,0,0,1,1
37,370282,1,1,0,1,1,1,1,85,0,17,4,2012,3,6,37,1,2,2,US-301,,99999,35.25829167,-78.63365,0,8,0,0,1,1,0,2,4,1,0,1,0,0000000,99,99,99,99,99,99,0,0,0,1,0
37,370283,1,1,0,0,0,2,2,87,4900,15,4,2012,1,4,30,0,13,6,MAIN STREET,,99999,35.48235556,-82.99362778,0,42,0,0,1,1,0,4,2,1,0,1,0,0000000,4,28,4,28,4,55,0,0,0,1,0
37,370284,1,1,0,0,0,2,2,93,0,16,4,2012,2,4,59,0,6,4,CR-1417,,99999,35.02205,-79.10438333,0,42,0,0,1,1,0,4,2,1,0,1,0,0000000,4,56,5,8,5,46,0,0,0,1,0
37,370285,1,1,0,0,0,1,1,93,0,21,4,2012,7,4,8,0,6,4,CR-1203,,99999,34.98526667,-79.27939167,0,1,0,0,1,1,0,4,2,1,0,1,0,0000000,4,4,4,10,88,88,0,0,0,1,0
37,370286,1,1,0,0,0,2,2,93,0,23,4,2012,2,6,41,0,6,4,CR-1123,,99999,34.93940556,-79.30328333,0,34,0,0,1,1,0,4,4,1,0,1,0,0000000,6,32,6,48,8,5,0,0,0,1,0
37,370287,1,1,0,0,0,2,2,97,0,2,4,2012,2,12,6,1,1,1,I-77,,99999,35.85561389,-80.86093333,0,42,0,0,1,1,0,4,1,10,0,10,0,0000000,12,5,12,21,88,88,0,0,0,1,0
37,370288,2,2,0,0,0,3,3,97,3110,2,4,2012,2,18,12,0,15,6,WILLIAMSON ROAD,I-77 RAMP,99999,35.55328889,-80.85760278,0,12,6,1,2,2,0,1,1,1,0,1,0,0000000,18,16,18,21,18,22,0,0,0,1,0
37,370289,1,1,0,0,0,1,1,97,0,25,4,2012,4,20,27,1,2,2,US-21,,99999,35.90568056,-80.81482222,0,35,0,0,1,1,0,4,5,1,0,1,0,0000000,20,24,20,32,21,9,0,0,0,1,0
37,370290,2,2,0,0,0,2,2,107,0,25,4,2012,4,9,41,1,2,2,US-258,CR-1161,99999,35.19271111,-77.62226944,0,12,1,0,3,4,1,1,1,1,0,1,0,0000000,9,38,9,41,88,88,0,0,0,1,0
37,370291,1,1,0,0,0,1,1,109,0,20,4,2012,6,18,7,0,6,4,CR-1360,,99999,35.44781944,-81.10028889,0,53,0,0,1,1,0,4,1,1,0,1,0,0000000,18,8,18,13,88,88,0,0,0,1,0
37,370292,1,1,0,0,0,3,3,119,870,15,4,2012,1,1,26,0,16,6,FINCHLEY DRIVE,,99999,35.24408889,-80.78008333,0,1,0,0,1,1,0,1,3,1,0,1,0,0000000,1,24,1,32,2,24,0,0,0,1,1
37,370293,2,2,0,0,0,2,2,119,870,22,4,2012,1,12,10,1,11,1,I-485,,99999,35.27526389,-80.96886389,0,12,6,0,5,1,0,1,1,2,0,2,0,0000000,12,9,12,25,13,13,0,0,0,1,0
37,370294,1,1,0,1,1,2,2,119,870,16,4,2012,2,15,48,0,16,6,CENTRAL AVE,,99999,35.20913611,-80.75506667,0,8,0,0,1,1,0,1,1,1,0,1,0,0000000,15,48,15,57,16,15,0,0,0,1,0
37,370295,1,1,0,0,0,1,1,123,0,7,4,2012,7,13,31,0,3,3,SR-1340,,99999,35.46988611,-79.83015556,0,59,0,0,1,1,0,4,1,1,0,1,0,0000000,13,21,13,32,88,88,0,0,0,1,0
37,370296,1,1,0,0,0,1,1,125,0,9,4,2012,2,0,17,0,3,3,SR-1210,,99999,35.37887222,-79.55440833,0,1,0,0,1,1,0,4,2,1,0,1,0,0000000,99,99,99,99,99,99,0,0,0,1,1
37,370297,1,1,0,0,0,1,1,127,0,7,4,2012,7,16,19,0,3,3,SR-1981,,99999,35.82746667,-77.95049167,0,34,0,0,1,1,0,4,1,1,0,1,0,0000000,99,99,99,99,88,88,0,0,0,1,1
37,370298,1,1,0,0,0,1,1,127,0,30,4,2012,2,14,38,0,3,3,SR-1601,,99999,35.99107222,-77.92138611,0,34,0,0,1,1,0,4,1,1,0,1,0,0000000,14,35,14,46,15,17,0,0,0,1,0
37,370299,1,1,0,1,1,1,1,129,0,18,4,2012,4,20,55,1,2,2,US-421,,99999,99.99990000,999.99990000,0,8,0,0,1,1,0,1,2,1,0,1,0,0000000,20,58,21,3,88,88,0,0,0,1,0
37,370300,3,3,0,0,0,5,5,129,5060,20,4,2012,6,20,58,0,16,6,WRIGHTSVILLE AVE,,99999,34.21979722,-77.8151,0,12,6,0,1,1,0,1,3,1,0,1,0,0000000,20,57,21,4,21,25,14,0,0,1,0
37,370301,2,2,0,0,0,6,6,131,0,11,4,2012,4,12,29,0,3,3,SR-186,,99999,36.493775,-77.43660556,0,12,6,0,4,1,0,1,1,1,0,1,0,0000000,99,99,99,99,99,99,0,0,0,2,0
37,370302,2,2,0,0,0,2,2,131,0,12,4,2012,5,15,29,1,2,2,US-158,SR-1301,99999,36.44568333,-77.53259167,0,12,6,0,2,2,0,1,1,1,0,1,0,0000000,99,99,99,99,99,99,0,0,0,1,0
37,370303,1,1,0,0,0,5,5,131,0,15,4,2012,1,0,36,0,2,3,SR-1541,,99999,36.38000833,-77.18441389,0,1,0,0,1,1,0,1,2,1,0,1,0,0000000,99,99,99,99,99,99,0,0,0,1,1
37,370304,1,1,0,0,0,2,2,133,0,1,4,2012,1,1,53,0,3,3,SR-1214,,99999,34.75616389,-77.52677222,0,59,0,0,1,1,0,4,2,10,0,10,0,0000000,1,45,1,51,2,19,0,0,0,1,1
37,370305,2,2,0,0,0,6,6,135,0,21,4,2012,7,14,10,0,3,3,SR-1007,SR-1100,99999,35.97501944,-79.23976389,0,12,6,0,2,2,0,1,1,1,0,1,0,0000000,14,11,14,25,15,42,0,0,0,1,0
37,370306,2,2,0,0,0,3,3,135,0,30,4,2012,2,10,43,1,2,2,US-70,,99999,36.08747222,-79.10951667,0,12,6,0,1,1,0,1,1,1,0,1,0,0000000,10,43,10,51,11,13,0,0,0,1,0
37,370307,1,1,0,0,0,1,1,139,1460,22,4,2012,1,3,54,0,16,6,PARKVIEW DR,,99999,36.28505278,-76.208225,0,42,0,0,1,1,0,4,3,2,0,2,0,0000000,4,8,4,15,4,31,0,0,0,1,1
37,370308,1,1,0,0,0,1,1,149,0,18,4,2012,4,12,15,0,3,3,SR-1326,,99999,35.28538611,-82.05703611,0,1,0,0,1,1,0,4,1,10,0,10,0,0000000,12,18,12,32,88,88,0,0,0,1,0
37,370309,1,1,0,0,0,4,4,149,0,26,4,2012,5,10,40,1,1,1,I-26,,99999,35.25436389,-82.22434167,0,23,0,0,1,1,0,3,1,8,0,8,0,0000000,10,38,10,46,99,99,0,0,0,1,0
37,370310,1,1,0,0,0,1,1,151,0,15,4,2012,1,15,17,0,3,3,SR-1547,,99999,35.83328056,-80.01206944,0,42,0,0,1,1,0,4,1,1,0,1,0,0000000,15,12,15,25,99,99,0,0,0,1,0
37,370311,1,1,0,0,0,1,1,151,0,15,4,2012,1,18,2,0,3,3,SR-3171,,99999,35.72978611,-79.83456667,0,43,0,0,1,1,0,4,1,1,0,1,0,0000000,17,57,18,4,18,23,0,0,0,1,0
37,370312,2,2,0,0,0,2,2,155,0,25,4,2012,4,6,31,0,3,3,SR-2208,,99999,34.56522222,-79.03735833,0,12,6,0,1,1,0,1,1,3,10,3,0,0000000,99,99,99,99,99,99,0,0,0,1,0
37,370313,1,1,0,0,0,1,1,157,0,8,4,2012,1,1,20,0,3,3,SR-1987,,99999,36.39165833,-79.68521389,0,35,0,0,1,1,0,4,2,1,0,1,0,0000000,1,14,1,23,88,88,0,0,0,1,1
37,370314,2,2,0,0,0,5,5,159,0,11,4,2012,4,10,34,0,3,3,SR-1221,,99999,35.552975,-80.59014444,0,12,8,0,1,1,0,1,1,1,0,1,0,0000000,10,33,10,53,11,34,0,0,0,1,0
37,370315,1,1,0,0,0,1,1,159,0,17,4,2012,3,8,19,0,3,3,SR-1382,,99999,35.51642222,-80.66243333,0,35,0,0,1,1,0,4,1,1,0,1,0,0000000,8,15,8,29,88,88,0,0,0,1,0
37,370316,1,1,0,0,0,1,1,159,0,26,4,2012,5,14,6,0,5,8,999999999999999999999999999999,,99999,99.99990000,999.99990000,0,43,0,0,1,1,0,4,1,1,0,1,0,0000000,99,99,99,99,99,99,0,0,0,1,0
37,370317,2,2,0,0,0,4,4,161,0,18,4,2012,4,9,55,0,3,3,SR-1921,,99999,99.99990000,999.99990000,0,12,6,0,1,1,0,1,1,2,0,2,0,0000000,9,55,10,9,10,38,0,0,0,1,0
37,370318,1,1,0,0,0,2,2,163,0,8,4,2012,1,19,32,0,3,3,SR-50,,99999,99.99990000,999.99990000,0,53,0,0,1,1,0,4,1,1,0,1,0,0000000,19,29,19,37,99,99,0,0,0,1,1
37,370319,1,1,0,1,1,1,1,167,60,20,4,2012,6,4,23,0,13,3,SR-24/27,,99999,35.25525,-80.47964444,0,8,0,0,1,1,0,1,3,1,0,1,0,0000000,4,24,4,33,88,88,0,0,0,1,0
37,370320,1,1,0,0,0,1,1,171,0,2,4,2012,2,18,29,0,3,3,SR-89,,99999,36.49828056,-80.60637778,0,43,0,0,1,1,0,4,1,1,0,1,0,0000000,18,25,18,36,19,10,0,0,0,1,0
37,370321,1,1,0,1,1,1,1,179,9997,7,4,2012,7,22,15,0,3,3,SR-1357,,99999,99.99990000,999.99990000,0,8,0,0,1,1,0,1,2,1,0,1,0,0000000,99,99,99,99,88,88,18,0,0,1,0
37,370322,1,1,0,0,0,1,1,179,0,16,4,2012,2,15,33,0,3,3,SR-1753,,99999,34.98980278,-80.51003333,0,42,0,0,1,1,0,4,2,1,0,1,0,0000000,99,99,99,99,88,88,0,0,0,1,1
37,370323,2,1,1,0,0,2,2,179,0,20,4,2012,6,2,53,0,3,3,SR-1630,,99999,34.83226111,-80.56032778,0,42,0,0,1,1,0,4,2,1,0,1,0,0000000,99,99,99,99,99,99,0,0,0,1,1
37,370324,2,2,0,0,0,4,4,181,0,16,4,2012,2,15,21,1,1,1,I-85,,99999,99.99990000,999.99990000,0,12,7,0,1,1,0,1,1,1,0,1,0,0000000,15,19,15,22,99,99,0,0,0,1,0
37,370325,1,1,0,0,0,1,1,191,0,13,4,2012,6,23,18,0,3,3,SR-1932,,99999,35.23705,-78.00000833,0,42,0,0,1,1,0,4,2,1,0,1,0,0000000,23,13,23,18,0,24,0,0,0,1,0
37,370326,1,1,0,1,1,1,1,191,0,25,4,2012,4,22,52,1,2,2,US-70,,99999,99.99990000,999.99990000,0,8,0,0,1,1,0,1,2,1,0,1,0,0000000,22,51,23,0,88,88,0,0,0,1,0
37,370327,1,1,0,0,0,1,1,155,2770,8,4,2012,1,4,0,1,13,2,US-74,,99999,34.59546389,-79.09060278,0,11,0,0,1,1,0,1,2,1,0,1,0,0000000,3,27,3,38,4,30,0,0,0,1,0
37,370328,1,1,0,0,0,1,1,183,800,6,4,2012,6,4,7,0,16,6,E DURHAM RD,,99999,35.79159444,-78.77868333,0,21,0,0,1,1,0,4,2,3,0,3,0,0000000,4,8,4,14,88,88,0,0,0,1,0
37,370329,1,1,0,0,0,1,1,1,0,19,5,2012,7,16,25,0,3,3,SR-49,,99999,36.07108056,-79.40928333,0,42,0,0,1,1,0,4,1,1,0,1,0,0000000,16,33,16,41,88,88,0,0,0,1,0
37,370330,1,1,0,0,0,1,1,9,0,2,5,2012,4,13,15,0,3,3,SR-1552,,99999,36.5053,-81.36068611,0,42,0,0,1,1,0,4,1,1,0,1,0,0000000,13,15,13,31,13,55,0,0,0,1,0
37,370331,3,3,0,0,0,4,4,17,0,10,5,2012,5,7,0,0,3,3,SR-131,SR-1100,99999,34.55106667,-78.78368056,0,12,6,0,2,2,0,1,1,1,0,1,0,0000000,7,19,7,30,8,17,0,0,0,1,0
37,370332,1,1,0,0,0,1,1,21,0,15,5,2012,3,12,0,0,3,3,SR-1224,,99999,35.56061667,-82.66481111,0,1,0,0,1,1,0,4,1,10,0,10,0,0000000,11,57,12,5,12,53,0,0,0,1,0
37,370333,1,1,0,1,1,1,1,21,170,18,5,2012,6,22,25,0,16,6,BROADWAY ST,OCALA ST,99999,35.6048,-82.55988056,0,8,0,0,2,2,0,1,3,1,0,1,0,0000000,22,26,22,31,22,52,0,0,0,1,0
37,370334,2,2,0,0,0,4,4,25,1040,17,5,2012,5,12,26,0,16,6,FAWN RIDGE RD NW,,99999,35.39716111,-80.67410556,0,12,6,0,1,1,0,1,1,1,0,1,0,0000000,12,27,12,34,13,25,0,0,0,2,0
37,370335,3,3,0,0,0,6,6,25,0,18,5,2012,6,22,21,0,3,3,SR-1448,,99999,35.43878333,-80.29793333,0,12,2,0,1,1,0,1,2,1,0,1,0,0000000,22,22,22,34,99,99,20,0,0,1,1
37,370336,2,2,0,0,0,3,3,35,0,30,5,2012,4,8,0,0,3,3,SR-150,,99999,35.57136667,-81.04434167,0,12,2,0,1,1,0,1,1,1,0,1,0,0000000,8,0,8,3,99,99,0,0,0,2,0
37,370337,2,2,0,0,0,2,2,35,0,20,5,2012,1,16,40,0,3,3,SR-1849,,99999,35.621125,-81.00815278,0,12,2,0,1,1,0,1,1,1,0,1,0,0000000,16,39,16,42,99,99,0,0,0,1,1
37,370338,2,2,0,0,0,5,5,35,0,20,5,2012,1,16,55,1,2,2,US-70,SR-10,99999,99.99990000,999.99990000,0,12,6,0,2,2,0,1,1,1,0,1,0,0000000,16,55,17,5,99,99,0,0,0,1,0
37,370339,1,1,0,1,1,1,1,37,0,5,5,2012,7,21,26,1,2,2,US-15,,99999,99.99990000,999.99990000,0,8,0,0,1,1,0,1,2,1,0,1,0,0000000,21,18,21,26,21,41,0,0,0,1,0
37,370340,2,2,0,0,0,3,3,39,80,5,5,2012,7,16,5,1,2,2,US-19,WHITAKER RD,99999,35.20468889,-83.81124167,0,12,6,0,2,2,0,1,1,1,0,1,0,0000000,16,5,16,6,99,99,0,0,0,1,0
37,370341,1,1,0,0,0,1,1,43,0,11,5,2012,6,16,2,0,3,3,SR-130,,99999,35.06346667,-83.91328333,0,1,0,0,1,1,0,4,1,1,0,1,0,0000000,15,58,16,4,16,43,0,0,0,1,0
37,370342,1,1,0,0,0,2,2,47,0,3,5,2012,5,3,9,0,3,3,SR-1336,,99999,34.26842222,-78.75859167,0,34,0,0,1,1,0,4,2,1,0,1,0,0000000,99,99,99,99,99,99,0,0,0,1,1
37,370343,1,1,0,0,0,1,1,49,0,5,5,2012,7,8,38,0,3,3,SR-1448,,99999,99.99990000,999.99990000,0,53,0,0,1,1,0,4,1,1,0,1,0,0000000,99,99,99,99,99,99,0,0,0,1,0
37,370344,2,2,0,0,0,2,2,49,0,27,5,2012,1,10,23,0,3,3,SR-55,,99999,99.99990000,999.99990000,0,7,0,0,4,1,0,1,1,1,0,1,0,0000000,99,99,99,99,99,99,0,0,0,1,0
37,370345,2,2,0,0,0,4,4,49,0,30,5,2012,4,13,4,0,3,3,SR-55,,99999,99.99990000,999.99990000,0,12,6,0,1,1,0,1,1,2,10,2,0,0000000,13,22,13,39,99,99,0,0,0,1,0
37,370346,1,1,0,1,1,1,1,51,1670,4,5,2012,6,21,23,0,16,6,BRAGG BLVD,,99999,35.08168611,-78.94439444,0,8,0,0,1,1,0,1,3,1,0,1,0,0000000,21,24,21,33,21,56,0,0,0,1,0
37,370347,2,2,0,1,1,2,2,51,1670,10,5,2012,5,23,59,0,16,6,S REILLY RD,,99999,35.05244444,-79.02088611,0,8,0,0,1,1,0,1,3,1,0,1,0,0000000,0,1,0,12,88,88,0,0,0,1,0
37,370348,2,2,0,0,0,4,4,51,0,17,5,2012,5,12,29,1,2,2,US-301,,99999,99.99990000,999.99990000,0,12,2,0,1,1,0,1,1,1,0,1,0,0000000,99,99,99,99,99,99,0,0,0,2,0
37,370349,2,2,0,0,0,2,2,51,0,16,5,2012,4,12,35,0,14,6,CR-1118,NUTRITION COURT,99999,34.94755833,-78.95016389,0,12,6,0,3,3,0,1,1,1,0,1,0,0000000,12,33,12,42,13,13,0,0,0,1,0
37,370350,1,1,0,0,0,1,1,51,1670,22,5,2012,3,17,41,0,14,6,BINGHAM DRIVE,,99999,35.03331389,-78.98513333,0,33,0,0,1,1,0,4,1,2,0,2,0,0000000,17,41,17,50,88,88,0,0,0,1,1
37,370351,1,1,0,0,0,1,1,61,0,20,5,2012,1,6,1,0,6,4,CR-1300,CR-1515,99999,35.02041389,-77.89810278,0,34,0,0,3,3,0,4,4,1,0,1,0,0000000,6,1,6,21,88,88,0,0,0,1,1