STATE,ST_CASE,VE_TOTAL,VE_FORMS,PVH_INVL,PEDS,PERNOTMVIT,PERMVIT,PERSONS,COUNTY,CITY,DAY,MONTH,YEAR,DAY_WEEK,HOUR,MINUTE,NHS,ROAD_FNC,ROUTE,TWAY_ID,TWAY_ID2,MILEPT,LATITUDE,LONGITUD,SP_JUR,HARM_EV,MAN_COLL,RELJCT1,RELJCT2,TYP_INT,WRK_ZONE,REL_ROAD,LGT_COND,WEATHER1,WEATHER2,WEATHER,SCH_BUS,RAIL,NOT_HOUR,NOT_MIN,ARR_HOUR,ARR_MIN,HOSP_HR,HOSP_MN,CF1,CF2,CF3,FATALS,DRUNK_DR
37,370352,1,1,0,0,0,1,1,63,0,4,5,2012,6,1,46,0,3,3,SR-157,,99999,36.11507778,-78.92826944,0,42,0,0,1,1,0,4,2,1,0,1,0,0000000,1,41,1,48,88,88,0,0,0,1,1
37,370353,2,2,0,0,0,4,4,65,0,12,5,2012,7,18,54,0,4,3,SR-43,CR-1003,99999,35.83428611,-77.66001944,0,12,6,0,2,2,0,1,1,1,0,1,0,0000000,18,48,18,55,99,99,0,0,0,1,1
37,370354,2,2,0,0,0,2,2,67,5120,29,5,2012,3,22,26,0,4,6,OLD RURAL HALL ROAD,,99999,36.15025,-80.22421667,0,12,2,0,1,1,0,1,3,10,0,10,0,0000000,22,27,22,31,88,88,0,0,0,1,1
37,370355,2,2,0,0,0,4,4,69,0,19,5,2012,7,20,4,0,3,3,SR-561,CR-1473,99999,36.18815278,-78.07416389,0,12,6,0,3,3,0,1,5,1,0,1,0,0000000,19,40,19,54,99,99,0,0,0,1,0
37,370356,1,1,0,0,0,2,2,71,0,7,5,2012,2,18,46,0,6,4,CR-1456,,99999,35.31880278,-81.23104722,0,35,0,0,1,1,0,4,1,1,0,1,0,0000000,18,43,18,51,88,88,0,0,0,2,1
37,370357,1,1,0,0,0,1,1,71,0,18,5,2012,6,15,47,1,2,2,US-321,,99999,35.36999167,-81.20241389,0,35,0,0,1,1,0,4,1,1,0,1,0,0000000,15,44,15,50,16,51,0,0,0,1,0
37,370358,1,1,0,0,0,3,3,71,1800,18,5,2012,6,21,54,0,14,6,BEATY ROAD,,99999,35.21039167,-81.10725,0,34,0,0,1,1,0,4,3,1,0,1,0,0000000,22,1,22,7,22,28,0,0,0,1,1
37,370359,1,1,0,0,0,1,1,73,0,1,5,2012,3,19,27,0,5,4,CR-1318,,99999,36.45681944,-76.68524444,0,16,0,0,1,1,0,1,1,2,0,2,0,0000000,99,99,99,99,99,99,0,0,0,1,0
37,370360,1,1,0,0,0,1,1,75,0,20,5,2012,1,13,8,0,4,3,SR-143,,99999,35.4479,-83.94035833,0,1,0,0,1,1,0,4,1,1,0,1,0,0000000,13,3,13,40,88,88,0,0,0,1,0
37,370361,1,1,0,0,0,1,1,81,0,30,5,2012,4,2,18,1,2,2,US-29,,99999,36.20328889,-79.69399167,0,42,0,0,1,1,0,4,2,10,0,10,0,0000000,2,13,2,19,88,88,0,0,0,1,0
37,370362,2,2,0,0,0,3,3,87,0,31,5,2012,5,19,33,1,2,2,US-19,,99999,35.52979167,-82.889775,0,12,6,0,7,1,0,1,1,1,0,1,0,0000000,19,23,19,27,99,99,0,0,0,1,0
37,370363,1,1,0,0,0,1,1,91,0,6,5,2012,1,11,55,0,4,3,SR-461,,99999,36.33493611,-77.01997222,0,1,0,0,1,1,0,4,1,1,0,1,0,0000000,11,54,12,5,88,88,0,0,0,1,0
37,370364,2,2,0,0,0,4,4,101,0,12,5,2012,7,0,44,1,1,1,I-95,,99999,35.49382778,-78.34141667,0,12,1,0,1,1,0,1,2,1,0,1,0,0000000,0,47,0,52,1,40,0,0,0,1,0
37,370365,1,1,0,1,1,2,2,101,0,30,5,2012,4,16,49,0,6,4,CR-1901,,99999,35.62069722,-78.40145556,0,9,0,0,1,1,0,1,1,1,0,1,0,0000000,16,48,16,52,17,26,0,0,0,1,0
37,370366,1,1,0,1,1,1,1,101,0,30,5,2012,4,21,50,1,2,2,US-70,,99999,35.59181389,-78.40904444,0,8,0,0,1,1,0,1,2,1,0,1,0,0000000,99,99,99,99,99,99,0,0,0,1,0
37,370367,2,2,0,0,0,2,2,119,870,1,5,2012,3,11,56,0,15,6,BELLHAVEN BLVD,,99999,35.29737778,-80.92068333,0,12,2,0,1,1,0,1,1,1,0,1,0,0000000,11,56,12,2,12,38,0,0,0,1,0
37,370368,1,1,0,1,1,1,1,119,870,6,5,2012,1,20,34,0,12,6,SOUTH BLVD,,99999,35.14807778,-80.87635833,0,8,0,0,1,1,0,1,3,1,0,1,0,0000000,20,34,20,40,88,88,0,0,0,1,1
37,370369,2,2,0,0,0,2,2,119,870,9,5,2012,4,12,24,0,13,6,NORTH TRYON STREET,ARROWHEAD DRIVE,99999,35.27086111,-80.76755,0,12,6,0,2,2,0,1,1,2,0,2,0,0000000,12,23,12,31,88,88,0,0,0,1,0
37,370370,1,1,0,0,0,1,1,119,2280,12,5,2012,7,20,53,0,15,6,ASBURY CHAPEL ROAD,,99999,35.384125,-80.80473611,0,42,0,0,1,1,0,4,2,1,0,1,0,0000000,20,53,21,6,88,88,0,0,0,1,1
37,370371,3,3,0,0,0,3,3,127,3930,9,5,2012,4,21,28,1,11,1,I-95,,99999,35.982725,-77.87708056,0,12,6,0,1,1,0,1,3,10,0,10,0,0000000,21,22,21,47,22,48,14,0,0,1,0
37,370373,1,1,0,0,0,1,1,133,0,3,5,2012,5,22,40,0,3,3,SR-1213,,99999,34.74138333,-77.56741111,0,38,0,0,1,1,0,4,2,1,0,1,0,0000000,22,34,22,46,88,88,0,0,0,1,1
37,370374,2,2,0,0,0,2,2,133,0,27,5,2012,1,22,29,1,2,2,US-17,,99999,34.91271667,-77.23246667,0,12,1,0,1,1,0,1,2,10,0,10,0,0000000,22,29,22,37,88,88,0,0,0,1,1
37,370376,2,2,0,0,0,4,4,141,0,20,5,2012,1,21,10,0,3,3,SR-53,,99999,99.99990000,999.99990000,0,11,0,0,1,1,0,1,2,10,0,10,0,0000000,21,13,21,21,99,99,14,0,0,1,0
37,370377,1,1,0,0,0,1,1,147,0,20,5,2012,1,16,59,0,3,3,SR-1400,,99999,35.789425,-77.44973611,0,34,0,0,1,1,0,4,1,2,0,2,0,0000000,99,99,99,99,99,99,0,0,0,1,0
37,370378,1,1,0,0,0,2,2,151,0,3,5,2012,5,8,15,0,3,3,SR-2605,,99999,35.69719167,-79.73443056,0,1,0,0,1,1,0,4,1,1,0,1,0,0000000,8,12,8,22,99,99,0,0,0,1,0
37,370379,1,1,0,1,1,1,1,153,9997,5,5,2012,7,21,5,0,15,4,CR-1627,,99999,35.03992222,-80.05643056,0,8,0,0,1,1,0,1,3,1,0,1,0,0000000,99,99,99,99,99,99,0,0,0,1,0
37,370380,1,1,0,0,0,1,1,155,0,5,5,2012,7,18,0,0,3,3,SR-1380,,99999,34.85346389,-79.268275,0,53,0,0,1,1,0,4,1,1,0,1,0,0000000,18,4,18,14,88,88,0,0,0,1,0
37,370381,2,2,0,0,0,3,3,155,0,13,5,2012,1,2,51,0,3,3,SR-211,,99999,34.65151667,-79.01823056,0,12,1,0,1,1,0,1,2,1,0,1,0,0000000,99,99,99,99,99,99,0,0,0,1,0
37,370382,1,1,0,0,0,1,1,155,0,14,5,2012,2,8,22,0,3,3,SR-72,,99999,99.99990000,999.99990000,0,1,0,0,1,1,0,4,1,10,0,10,0,0000000,8,20,8,32,88,88,0,0,0,1,0
37,370383,2,2,0,0,0,2,2,155,0,15,5,2012,3,18,48,0,3,3,SR-2289,SR-2305,99999,34.57991667,-79.00378333,0,12,6,0,2,3,0,1,1,10,0,10,0,0000000,99,99,99,99,99,99,0,0,0,1,0
37,370384,2,2,0,0,0,6,6,155,2770,16,5,2012,4,17,21,0,16,6,CATON RD,,99999,34.62756389,-79.05956944,0,12,6,0,1,1,0,1,1,10,0,10,0,0000000,17,21,17,34,18,3,0,0,0,2,0
37,370385,2,2,0,0,0,4,4,155,0,19,5,2012,7,17,45,0,3,3,SR-1197,US-74,99999,99.99990000,999.99990000,0,12,6,0,2,3,0,1,6,1,0,1,0,0000000,17,49,18,5,18,29,0,0,0,2,0
37,370386,1,1,0,0,0,1,1,155,0,18,5,2012,6,4,43,0,3,3,SR-2208,,99999,34.56493889,-79.03727222,0,42,0,0,1,1,0,4,2,10,0,10,0,0000000,99,99,99,99,99,99,0,0,0,1,0
37,370387,1,1,0,0,0,5,5,155,0,28,5,2012,2,10,49,0,3,3,SR-1360,,99999,34.75665278,-79.32081667,0,5,0,0,1,1,0,1,1,1,0,1,0,0000000,10,53,11,0,11,24,0,0,0,1,0
37,370388,1,1,0,0,0,1,1,157,0,5,5,2012,7,13,44,0,3,3,SR-150,,99999,36.2853,-79.59255278,0,53,0,0,1,1,0,4,1,1,0,1,0,0000000,99,99,99,99,88,88,0,0,0,1,1
37,370389,2,2,0,0,0,3,3,157,0,8,5,2012,3,6,30,1,2,2,US-29,,99999,99.99990000,999.99990000,0,12,2,0,1,1,0,1,1,10,0,10,0,0000000,99,99,99,99,99,99,0,0,0,1,1
37,370390,2,2,0,0,0,2,2,161,0,22,5,2012,3,16,0,0,3,3,SR-1762,,99999,35.38232222,-81.70712778,0,12,2,0,1,1,0,1,1,2,0,2,0,0000000,16,0,16,15,17,7,0,0,0,1,0
37,370391,3,3,0,0,0,8,8,161,1680,30,5,2012,4,17,27,0,16,6,E MAIN ST,,99999,35.33332778,-81.86407778,0,12,1,0,1,1,0,1,1,1,0,1,0,0000000,17,28,17,35,99,99,14,0,0,1,0
37,370392,1,1,0,0,0,1,1,163,0,10,5,2012,5,9,9,0,3,3,SR-1332,,99999,35.09128889,-78.46958056,0,53,0,0,1,1,0,4,1,1,0,1,0,0000000,9,5,9,15,9,54,0,0,0,1,0
37,370393,1,1,0,1,1,1,1,165,2560,2,5,2012,4,8,8,0,16,6,S CALEDONIA RD,,99999,34.74814167,-79.46156111,0,9,0,0,1,1,0,1,1,1,0,1,0,0000000,8,7,8,15,8,29,0,0,0,1,1
37,370394,2,2,0,0,0,2,2,167,60,21,5,2012,2,6,10,0,16,6,NE CONNECTOR,,99999,35.35735,-80.16995556,0,12,6,0,1,1,0,1,4,1,0,1,0,0000000,6,10,6,16,6,59,0,0,0,1,0
37,370395,1,1,0,0,0,1,1,169,0,2,5,2012,4,20,0,0,3,3,SR-1001,,99999,36.42061944,-80.26885,0,42,0,0,1,1,0,4,5,1,0,1,0,0000000,20,12,20,26,99,99,0,0,0,1,1
37,370396,1,1,0,0,0,1,1,169,0,24,5,2012,5,7,2,0,3,3,SR-8,,99999,36.40656111,-80.20216111,0,59,0,0,1,1,0,4,1,10,0,10,0,0000000,6,50,7,3,99,99,0,0,0,1,1
37,370397,1,1,0,0,0,1,1,171,3170,8,5,2012,3,9,14,0,16,6,CIRCLE DR,,99999,36.50128889,-80.59813889,0,35,0,0,1,1,0,4,3,1,0,1,0,0000000,9,15,9,20,88,88,0,0,0,1,1
37,370398,2,2,0,0,0,3,3,171,3170,25,5,2012,6,17,45,0,16,6,HAMBURG ST,,99999,36.5035,-80.58145833,0,12,2,0,1,1,0,1,1,1,0,1,0,0000000,99,99,99,99,99,99,0,0,0,1,0
37,370399,1,1,0,0,0,1,1,175,0,18,5,2012,6,10,22,1,2,2,US-276,,99999,35.27405833,-82.704375,0,42,0,0,1,1,0,4,1,1,0,1,0,0000000,10,21,10,33,11,6,0,0,0,1,0
37,370400,1,1,0,0,0,1,1,179,4690,5,5,2012,7,23,23,0,13,3,SR-1001,,99999,99.99990000,999.99990000,0,32,0,0,1,1,0,4,2,1,0,1,0,0000000,99,99,99,99,99,99,0,0,0,1,1
37,370401,1,1,0,0,0,1,1,179,0,14,5,2012,2,23,43,0,3,3,SR-1377,,99999,99.99990000,999.99990000,0,53,0,0,1,1,0,4,2,2,0,2,0,0000000,99,99,99,99,99,99,0,0,0,1,0
37,370402,2,2,0,0,0,4,4,183,0,9,5,2012,4,15,13,0,3,3,SR-2507,,99999,35.74084722,-78.44277778,0,12,2,0,1,1,0,1,1,10,0,10,0,0000000,15,23,15,39,16,7,99,99,99,1,0
37,370403,1,1,0,0,0,2,2,183,0,5,5,2012,7,21,55,0,3,3,SR-1821,,99999,35.84171389,-78.67421944,0,42,0,0,1,1,0,4,2,2,0,2,0,0000000,21,48,21,49,22,31,0,0,0,1,1
37,370404,1,1,0,0,0,1,1,183,0,28,5,2012,2,15,55,1,2,2,US-401,,99999,35.72273611,-78.6524,0,35,0,0,1,1,0,4,1,1,0,1,0,0000000,15,52,16,2,16,36,0,0,0,1,0
37,370405,1,1,0,1,1,2,2,183,0,28,5,2012,2,18,42,0,3,3,SR-2723,,99999,35.65196111,-78.68879722,0,8,0,0,1,1,0,1,1,1,0,1,0,0000000,18,41,18,48,88,88,0,0,0,1,0
37,370406,1,1,0,1,1,1,1,183,3750,28,5,2012,2,23,55,0,16,6,NEW BERN AVE,KING CHARLES RD,99999,35.77974444,-78.608675,0,8,0,0,2,2,0,1,3,1,0,1,0,0000000,23,55,99,99,88,88,0,0,0,1,0
37,370407,1,1,0,1,1,1,1,185,0,19,5,2012,7,23,45,1,2,2,US-1,,99999,36.48067778,-78.17158056,0,8,0,0,1,1,0,2,2,1,0,1,0,0000000,99,99,99,99,99,99,0,0,0,1,0
37,370408,2,2,0,0,0,3,3,185,0,29,5,2012,3,13,52,1,2,2,US-158,SR-1305,99999,36.50052778,-78.14168056,0,12,6,0,2,2,0,1,1,1,0,1,0,0000000,99,99,99,99,99,99,0,0,0,1,0
37,370409,2,2,0,0,0,4,4,189,0,24,5,2012,5,21,50,1,2,2,US-421,,99999,36.22346389,-81.63321944,0,12,2,0,1,1,0,1,2,1,0,1,0,0000000,99,99,99,99,99,99,0,0,0,1,0
37,370410,2,2,0,0,0,4,4,191,0,7,5,2012,2,17,58,1,2,2,US-117,SR-1147,99999,35.209875,-78.06616111,0,12,6,0,2,2,0,1,1,1,0,1,0,0000000,17,50,17,55,18,24,0,0,0,1,0
37,370411,2,2,0,0,0,2,2,191,0,11,5,2012,6,13,31,1,2,2,US-70,,99999,99.99990000,999.99990000,0,12,1,0,1,1,0,1,1,1,0,1,0,0000000,13,30,13,38,14,5,0,0,0,1,0
37,370412,1,1,0,0,0,3,3,191,0,10,5,2012,5,13,27,0,6,6,BUGGY ST,,99999,35.46175833,-78.05948333,0,5,0,0,1,1,0,1,1,1,0,1,0,0000000,13,28,13,38,14,8,0,0,0,1,0
37,370413,2,1,1,0,1,1,2,197,0,4,5,2012,6,6,31,1,2,2,US-421,,99999,99.99990000,999.99990000,0,14,0,0,1,1,0,2,4,1,0,1,0,0000000,6,25,6,35,88,88,0,0,0,1,0
37,370414,3,3,0,0,0,6,6,197,0,16,5,2012,4,15,51,0,3,3,SR-67,,99999,99.99990000,999.99990000,0,12,8,0,1,1,0,1,1,1,0,1,0,0000000,15,56,16,7,99,99,14,0,0,1,0
37,370415,5,1,4,3,3,1,1,199,0,29,5,2012,3,10,17,1,2,2,US-19,,99999,35.91356667,-82.40738889,0,26,0,0,1,1,1,1,1,1,0,1,0,0000000,10,16,10,18,10,36,0,0,0,2,0
37,370416,1,1,0,2,2,1,1,67,5120,20,4,2012,6,21,49,0,16,6,THURMOND ST,,99999,36.11985556,-80.25850833,0,8,0,0,1,1,0,1,3,1,0,1,0,0000000,21,50,21,57,22,10,0,0,0,1,0
37,370417,1,1,0,0,0,1,1,77,0,28,4,2012,7,18,28,0,3,3,SR-1139,,99999,36.32191111,-78.628725,0,42,0,0,1,1,0,4,1,10,0,10,0,0000000,18,25,18,32,18,51,0,0,0,1,0
37,370418,2,2,0,0,0,2,2,13,4860,15,5,2012,3,11,24,0,16,6,BRIDGE ST,W MAIN ST,99999,35.54553333,-77.06197778,0,12,6,0,2,2,0,1,1,10,0,10,0,0000000,11,27,11,29,11,48,0,0,0,1,0
37,370419,1,1,0,2,2,1,1,21,170,24,5,2012,5,14,43,1,2,2,US-19/23,,99999,35.53643611,-82.74548333,0,30,0,0,1,1,0,5,1,1,0,1,0,0000000,14,43,14,52,15,12,0,0,0,1,0
37,370420,1,1,0,0,0,1,1,31,3120,6,5,2012,1,1,4,1,2,2,US-70,,99999,34.73715833,-76.80377222,0,43,0,0,1,1,0,4,3,10,0,10,0,0000000,1,6,1,11,88,88,0,0,0,1,1
37,370421,1,1,0,0,0,1,1,49,0,5,5,2012,7,15,56,0,3,3,SR-1224,,99999,35.12982222,-77.212125,0,1,0,0,1,1,0,4,1,1,0,1,0,0000000,99,99,99,99,99,99,0,0,0,1,1
37,370422,2,2,0,0,0,4,4,63,1360,13,5,2012,1,6,35,0,15,3,SR-55,E LAWSON ST,99999,35.97546389,-78.89291111,0,12,6,0,2,2,0,1,1,1,0,1,0,0000000,99,99,99,99,99,99,0,0,0,1,2
37,370423,2,1,1,0,0,1,1,81,1940,29,5,2012,3,20,35,0,16,6,PENNOAK RD,,99999,36.04423333,-79.87871111,0,14,0,0,1,1,0,5,3,10,0,10,0,0000000,20,33,20,40,21,25,0,0,0,1,1
37,370424,1,1,0,0,0,2,2,81,1940,24,5,2012,5,0,23,1,12,2,US-29,,99999,36.15788333,-79.72444167,0,52,0,0,1,1,0,4,3,10,0,10,0,0000000,0,40,0,47,0,57,0,0,0,1,1
37,370425,1,1,0,0,0,1,1,81,1940,10,5,2012,5,17,26,1,11,1,I-73,,99999,35.965875,-79.82221667,0,1,0,0,5,1,0,4,1,1,0,1,0,0000000,17,26,17,36,18,4,0,0,0,1,0
37,370426,1,1,0,0,0,2,2,99,0,5,5,2012,7,13,23,1,2,2,US-19,,99999,35.49160278,-83.16130278,3,32,0,0,1,1,0,4,1,1,0,1,0,0000000,99,99,99,99,99,99,0,0,0,1,0
37,370427,1,1,0,0,0,1,1,117,0,4,5,2012,6,4,7,0,5,4,CR-1409,,99999,35.84739167,-77.115625,0,1,0,0,1,1,0,4,2,1,0,1,0,0000000,4,8,4,15,88,88,0,0,0,1,1
37,370428,1,1,0,0,0,1,1,119,870,6,5,2012,1,1,30,1,11,1,I-485,I-77,99999,35.49147778,-83.16195556,0,35,0,1,3,4,0,5,3,1,0,1,0,0000000,99,99,99,99,99,99,0,0,0,1,1
37,370429,1,1,0,1,1,1,1,119,870,29,5,2012,3,6,44,0,13,6,SHARON LANE,,99999,35.1652,-80.81359167,0,9,0,0,1,1,0,1,4,1,0,1,0,0000000,6,44,6,52,88,88,0,0,0,1,0
37,370430,1,1,0,1,1,1,1,119,870,23,5,2012,4,9,43,0,13,6,SHARON AMITY ROAD,ADDISON DRIVE,99999,35.17779444,-80.79276111,0,8,0,0,2,3,0,1,1,1,0,1,0,0000000,9,45,9,52,10,7,0,0,0,1,0
37,370431,2,2,0,0,0,2,2,119,870,11,5,2012,6,21,49,0,16,6,WT HARRIS BLVD,DELTA CROSSING LANE,99999,35.21309444,-80.72554722,0,12,6,0,3,3,0,1,3,1,0,1,0,0000000,21,48,21,55,22,38,0,0,0,1,0
37,370432,3,3,0,0,0,3,3,119,870,31,5,2012,5,17,24,0,15,6,REA ROAD,,99999,35.09976667,-80.80892222,0,12,2,0,1,1,0,1,1,1,0,1,0,0000000,17,22,17,25,88,88,0,0,0,1,0
37,370433,2,2,0,0,0,2,2,129,5060,2,5,2012,4,15,16,0,16,6,DAWSON STREET,5TH STREET,99999,34.22564167,-77.942325,0,12,6,0,3,2,0,1,1,1,0,1,0,0000000,15,15,15,19,88,88,0,0,0,1,0
37,370434,1,1,0,0,0,3,3,171,0,20,5,2012,1,12,50,0,6,4,CR-1855,CR-1838,99999,36.37870556,-80.44970833,0,42,0,0,3,4,0,4,1,1,0,1,0,0000000,12,34,12,44,13,28,0,0,0,1,0
37,370435,2,2,0,0,0,4,4,183,800,3,5,2012,5,18,54,0,16,6,CHATHAM STREET,,99999,35.78674167,-78.78818611,0,12,1,0,1,1,0,1,1,1,0,1,0,0000000,18,55,19,6,19,35,0,0,0,1,0
37,370436,1,1,0,0,0,1,1,1,0,6,6,2012,4,3,10,0,6,6,EDGEWOOD CHURCH ROAD,,99999,36.10146944,-79.29705556,0,42,0,0,1,1,0,4,2,1,0,1,0,0000000,3,6,3,11,88,88,0,0,0,1,1
37,370437,3,3,0,0,0,4,4,1,700,27,6,2012,4,14,58,0,15,6,UNIVERSITY DRIVE,HUFFMAN MILL ROAD,99999,36.059225,-79.50593333,0,12,2,0,3,2,0,1,1,1,0,1,0,0000000,14,56,14,59,15,25,0,0,0,1,0
37,370438,2,2,0,0,0,3,3,9,2525,16,6,2012,7,18,8,0,4,3,SR-194,,99999,36.49713056,-81.50927222,0,1,0,0,1,1,0,1,1,1,0,1,0,0000000,99,99,99,99,99,99,0,0,0,1,0
37,370439,1,1,0,0,0,1,1,11,0,18,6,2012,2,20,46,0,4,3,SR-184,,99999,36.12283056,-81.84333056,0,35,0,0,1,1,0,4,5,10,0,10,0,0000000,99,99,99,99,99,99,0,0,0,1,1
37,370440,2,2,0,0,0,5,5,13,0,24,6,2012,1,20,57,1,2,2,US-17,CR-1409,99999,35.62838611,-77.06254722,0,12,2,0,2,2,0,1,2,1,0,1,0,0000000,20,55,21,3,21,31,0,0,0,2,0
37,370441,1,1,0,0,0,1,1,17,0,8,6,2012,6,22,38,0,3,3,SR-87,,99999,34.54549167,-78.48884167,0,35,0,0,1,1,0,4,2,1,0,1,0,0000000,22,36,22,46,0,1,0,0,0,1,0
37,370442,1,1,0,0,0,1,1,19,0,10,6,2012,1,0,53,0,4,3,SR-211,,99999,34.13762222,-78.32134167,0,42,0,0,1,1,0,4,2,1,0,1,0,0000000,1,1,1,9,88,88,0,0,0,1,1
37,370443,1,1,0,0,0,1,1,19,0,7,6,2012,5,22,52,1,2,2,US-17,,99999,34.13855,-78.09341111,0,1,0,0,1,1,0,3,2,1,0,1,0,0000000,22,56,23,9,88,88,0,0,0,1,1
37,370444,2,2,0,0,0,3,3,19,0,18,6,2012,2,7,39,0,4,3,SR-133,,99999,34.16333056,-77.98624722,0,12,2,0,1,1,0,1,1,1,0,1,0,0000000,7,40,7,56,99,99,0,0,0,1,0
37,370445,1,1,0,0,0,2,2,19,0,28,6,2012,5,1,37,0,6,6,CR-1115,,99999,34.01408611,-78.26905833,0,42,0,0,1,1,0,4,2,1,0,1,0,0000000,1,26,1,31,88,88,0,0,0,1,1
37,370446,2,2,0,0,0,7,7,21,170,8,6,2012,6,12,42,0,14,6,HAYWOOD ROAD,SWANNANOA AVE,99999,35.57773333,-82.57626944,0,12,6,0,2,3,0,1,1,1,0,1,0,0000000,12,43,12,46,13,1,0,0,0,1,0
37,370447,1,1,0,1,1,2,2,21,170,10,6,2012,1,0,18,1,2,2,US-19,,99999,35.54495833,-82.66280833,0,8,0,0,1,1,0,1,2,1,0,1,0,0000000,0,23,0,28,0,48,0,0,0,1,0
37,370448,2,2,0,0,0,5,5,21,0,29,6,2012,6,14,57,0,5,4,CR-1620,CR-1607,99999,35.674825,-82.68238333,0,12,6,0,2,2,0,1,1,1,0,1,0,0000000,99,99,99,99,99,99,0,0,0,1,0
37,370449,2,2,0,0,0,6,6,25,1040,23,6,2012,7,21,21,1,2,2,US-29,CENTRAL DRIVE,99999,35.42642778,-80.61473889,0,12,6,0,3,2,0,1,3,1,0,1,0,0000000,21,21,21,26,21,39,0,0,0,1,1
37,370450,1,1,0,1,1,1,1,31,1531,29,6,2012,6,22,7,0,3,3,SR-58,BOGUE INLET DRIVE,99999,34.66485556,-77.03493333,0,8,0,0,3,2,0,1,3,1,0,1,0,0000000,99,99,99,99,99,99,0,0,0,1,0
37,370451,1,1,0,0,0,1,1,35,0,5,6,2012,3,19,0,0,6,6,CR-2022,,99999,35.57694167,-81.27624722,0,42,0,0,1,1,0,4,1,10,0,10,0,0000000,17,57,18,9,88,88,0,0,0,1,1
37,370452,3,3,0,0,0,4,4,35,0,14,6,2012,5,18,50,1,1,1,I-40,,99999,35.73622778,-81.09546111,0,12,1,0,1,1,1,1,1,1,0,1,0,0000000,18,51,19,0,88,88,0,0,0,1,0
37,370453,2,2,0,0,0,2,2,35,3300,19,6,2012,3,15,16,0,14,3,SR-10,,99999,35.64542222,-81.26811111,0,12,1,0,1,1,0,4,1,1,0,1,0,0000000,17,14,17,18,17,42,0,0,0,1,0
37,370454,1,1,0,0,0,1,1,37,0,22,6,2012,6,21,31,0,6,4,CR-1009,,99999,35.53177778,-79.37526389,0,1,0,0,1,1,0,1,2,1,0,1,0,0000000,21,31,21,44,88,88,0,0,0,1,0
37,370455,1,1,0,0,0,1,1,37,0,25,6,2012,2,9,24,0,4,4,CR-1006,,99999,35.54664167,-79.45351111,0,35,0,0,1,1,0,4,1,1,0,1,0,0000000,9,19,9,26,88,88,0,0,0,1,0
37,370456,1,1,0,0,0,1,1,39,0,7,6,2012,5,11,49,1,2,2,US-64,,99999,35.03055,-84.20946111,0,1,0,0,1,1,0,1,1,1,0,1,0,0000000,11,10,11,16,99,99,0,0,0,1,0
37,370457,1,1,0,1,1,1,1,45,0,21,6,2012,5,5,41,0,4,3,SR-150,SHARON CHURCH ROAD,99999,35.25037778,-81.60231944,0,8,0,0,1,1,0,1,2,1,0,1,0,0000000,99,99,99,99,99,99,19,0,0,1,0
37,370458,1,1,0,0,0,1,1,49,0,23,6,2012,7,2,18,1,2,2,US-70 RAMP,,99999,35.10446389,-77.08350556,0,1,0,1,5,1,0,4,2,1,0,1,0,0000000,2,8,2,12,2,36,0,0,0,1,1
37,370459,2,2,0,0,0,2,2,49,0,28,6,2012,5,14,2,0,4,4,CR-1615,,99999,35.18956111,-77.00248056,0,11,0,0,1,1,0,1,1,1,0,1,0,0000000,99,99,99,99,99,99,0,0,0,1,0
37,370460,2,2,0,0,0,6,6,51,0,9,6,2012,7,12,35,1,2,2,US-301,CR-2219,99999,34.97893611,-78.90852222,0,12,6,0,2,2,0,1,1,1,0,1,0,0000000,12,35,12,39,12,58,0,0,0,1,0
37,370461,2,2,0,0,0,3,3,51,0,9,6,2012,7,10,38,0,6,4,CR-1137,WALESBY DRIVE,99999,34.99994444,-78.94538611,0,12,6,0,2,3,0,1,1,1,0,1,0,0000000,10,32,10,39,10,54,0,0,0,1,0
37,370462,1,1,0,0,0,1,1,51,0,11,6,2012,2,23,37,0,6,4,CR-2262,CR-2238,99999,34.93281389,-78.86576667,0,18,0,0,3,3,0,4,2,10,0,10,0,0000000,23,30,23,38,0,10,0,0,0,1,1
37,370463,3,3,0,0,0,5,5,51,2250,20,6,2012,4,18,23,0,2,3,SR-59,,99999,34.98664167,-78.96521111,0,12,6,0,8,1,0,1,1,1,0,1,0,0000000,18,25,18,38,19,10,0,0,0,1,0
37,370464,1,1,0,0,0,4,4,51,0,30,6,2012,7,2,35,0,6,6,CR-2028,,99999,34.97633611,-78.64965278,0,34,0,0,1,1,0,4,2,1,0,1,0,0000000,2,33,2,54,88,88,0,0,0,1,1
37,370465,1,1,0,1,1,1,1,53,0,23,6,2012,7,5,35,0,6,4,CR-1216,,99999,36.51483333,-76.18241944,0,8,0,0,1,1,0,1,2,1,0,1,0,0000000,99,99,99,99,99,99,0,0,0,1,1
37,370466,2,2,0,0,0,2,2,57,0,8,6,2012,6,17,38,0,3,3,SR-150,SCOTSDALE ROAD,99999,35.98075278,-80.28420556,0,12,2,0,3,3,0,1,1,1,0,1,0,0000000,17,38,17,47,18,16,0,0,0,1,0