STATE,ST_CASE,VE_TOTAL,VE_FORMS,PVH_INVL,PEDS,PERNOTMVIT,PERMVIT,PERSONS,COUNTY,CITY,DAY,MONTH,YEAR,DAY_WEEK,HOUR,MINUTE,NHS,ROAD_FNC,ROUTE,TWAY_ID,TWAY_ID2,MILEPT,LATITUDE,LONGITUD,SP_JUR,HARM_EV,MAN_COLL,RELJCT1,RELJCT2,TYP_INT,WRK_ZONE,REL_ROAD,LGT_COND,WEATHER1,WEATHER2,WEATHER,SCH_BUS,RAIL,NOT_HOUR,NOT_MIN,ARR_HOUR,ARR_MIN,HOSP_HR,HOSP_MN,CF1,CF2,CF3,FATALS,DRUNK_DR
37,370467,2,2,0,0,0,2,2,57,0,4,6,2012,2,12,35,0,4,4,CR-1508,CR-1511,99999,35.97296944,-80.23386944,0,12,6,0,2,3,0,1,1,1,0,1,0,0000000,12,36,12,39,13,8,0,0,0,1,0
37,370468,1,1,0,0,0,1,1,57,0,16,6,2012,7,19,8,0,4,4,CR-1002,,99999,35.61160278,-80.18588889,0,35,0,0,1,1,0,4,1,1,0,1,0,0000000,19,7,19,13,88,88,0,0,0,1,1
37,370469,1,1,0,1,1,1,1,57,0,20,6,2012,4,21,26,1,2,2,US-64,,99999,35.81553611,-80.20015556,0,8,0,0,1,1,0,1,2,1,0,1,0,0000000,21,26,21,30,22,3,0,0,0,1,0
37,370470,3,3,0,0,0,5,5,59,0,15,6,2012,6,16,1,1,2,2,US-64,,99999,35.86256389,-80.40374167,0,12,2,0,1,1,0,1,1,1,0,1,0,0000000,15,58,16,10,99,99,0,0,0,1,0
37,370471,1,1,0,0,0,1,1,63,0,10,6,2012,1,15,10,0,6,4,CR-1622,,99999,99.99990000,999.99990000,0,35,0,0,1,1,0,4,1,1,0,1,0,0000000,99,99,99,99,99,99,0,0,0,1,0
37,370472,1,1,0,0,0,3,3,65,0,9,6,2012,7,1,45,0,6,6,CR-1500,,99999,35.98291944,-77.55787778,0,34,0,0,1,1,0,4,2,1,0,1,0,0000000,99,99,99,99,99,99,0,0,0,1,0
37,370473,1,1,0,0,0,1,1,67,0,2,6,2012,7,22,47,0,6,6,CR-2700,,99999,36.04333611,-80.17729722,0,53,0,0,1,1,0,4,2,1,0,1,0,0000000,22,43,22,54,23,20,0,0,0,1,1
37,370474,2,2,0,0,0,3,3,67,5120,3,6,2012,1,2,29,1,12,2,US-52,,99999,99.99990000,999.99990000,0,12,2,0,1,1,0,1,2,1,0,1,0,0000000,2,31,2,38,3,8,0,0,0,2,0
37,370475,2,2,0,1,1,2,2,67,5120,7,6,2012,5,7,23,1,12,2,US-421,,99999,36.08377222,-80.30740556,0,8,0,0,5,1,0,1,1,1,0,1,0,0000000,7,25,7,29,7,46,0,0,0,1,0
37,370476,1,1,0,0,0,1,1,67,2430,27,6,2012,4,6,43,1,13,2,US-66,,99999,36.11599444,-80.06548333,0,10,0,0,6,1,0,1,1,1,0,1,0,722081D,99,99,99,99,99,99,0,0,0,1,0
37,370477,1,1,0,0,0,2,2,67,0,24,6,2012,1,16,29,0,3,3,SR-1962,,99999,36.07909167,-80.17195,0,32,0,0,1,1,0,4,1,1,0,1,0,0000000,16,28,16,33,16,54,0,0,0,1,0
37,370478,1,1,0,1,1,1,1,77,0,4,6,2012,2,13,54,0,3,3,SR-1725,,99999,36.08729722,-78.73414722,0,8,0,0,1,1,0,2,1,1,0,1,0,0000000,13,54,99,99,88,88,0,0,0,1,1
37,370479,1,1,0,0,0,1,1,77,0,26,6,2012,3,3,55,0,3,3,SR-1710,,99999,36.08837222,-78.60242222,0,42,0,0,1,1,0,4,2,1,0,1,0,0000000,3,54,4,4,88,88,0,0,0,1,1
37,370480,2,2,0,0,0,3,3,81,1940,3,6,2012,1,16,39,0,16,6,W VANDALIA RD,PEPPERSTONE DR,99999,36.01964444,-79.82286389,0,12,6,0,2,2,0,1,1,1,0,1,0,0000000,16,37,16,43,17,5,0,0,0,1,0
37,370481,1,1,0,0,0,1,1,81,1940,6,6,2012,4,5,21,0,16,6,W MARKET ST,,99999,36.07050278,-79.86536389,0,43,0,0,1,1,0,4,3,10,2,2,0,0000000,5,22,5,31,88,88,0,0,0,1,1
37,370482,1,1,0,0,0,1,1,81,1940,13,6,2012,4,16,5,0,16,6,E LEE ST,S ELM ST,99999,36.06466944,-79.79088611,0,59,0,0,3,1,0,4,1,1,0,1,0,0000000,16,4,16,10,16,48,0,0,0,1,1
37,370483,1,1,0,0,0,1,1,81,0,27,6,2012,4,22,49,0,3,3,SR-1104,,99999,35.98520278,-79.82876389,0,53,0,0,1,1,0,4,2,1,0,1,0,0000000,22,45,99,99,88,88,0,0,0,1,0
37,370484,2,2,0,0,0,2,2,81,1940,1,6,2012,6,23,10,0,16,6,HIGH POINT RD,,99999,36.06034167,-79.82739722,0,12,2,0,1,1,0,1,3,1,0,1,0,0000000,23,11,23,15,23,42,0,0,0,1,1
37,370485,2,2,0,0,0,3,3,83,3860,2,6,2012,7,21,10,1,2,2,US-158,,99999,36.43767778,-77.65326111,0,12,7,0,1,1,0,1,3,1,0,1,0,0000000,99,99,99,99,99,99,0,0,0,1,1
37,370486,1,1,0,0,0,1,1,83,0,14,6,2012,5,17,33,1,1,1,I-95,,99999,36.32636389,-77.68954722,0,42,0,0,1,1,0,3,1,1,0,1,0,0000000,17,31,17,36,18,35,0,0,0,1,0
37,370487,1,1,0,0,0,2,2,85,0,6,6,2012,4,0,36,0,3,3,SR-1201,,99999,35.29643333,-79.11848056,0,32,0,0,1,1,0,4,2,1,0,1,0,0000000,0,32,0,41,99,99,0,0,0,1,1
37,370488,1,1,0,0,0,1,1,89,0,13,6,2012,4,18,32,0,3,3,SR-1103,,99999,35.20345278,-82.45383333,0,23,0,0,1,1,0,4,1,1,0,1,0,0000000,99,99,99,99,88,88,0,0,0,1,1
37,370489,1,1,0,0,0,1,1,91,0,24,6,2012,1,1,43,0,3,3,SR-561,,99999,36.37467222,-76.95475833,0,34,0,0,1,1,0,4,2,1,0,1,0,0000000,99,99,99,99,88,88,0,0,0,1,1
37,370490,1,1,0,0,0,2,2,97,0,17,6,2012,1,2,43,0,3,3,SR-1553,,99999,35.85188056,-80.95360833,0,1,0,0,1,1,0,4,2,1,0,1,0,0000000,99,99,99,99,99,99,0,0,0,1,1
37,370491,1,1,0,0,0,1,1,97,2040,13,6,2012,4,18,57,1,2,2,US-21,,99999,35.96545833,-80.77189444,0,33,0,0,1,1,0,4,1,1,0,1,0,0000000,18,49,18,51,19,14,0,0,0,1,1
37,370492,1,1,0,0,0,1,1,97,0,21,6,2012,5,13,4,0,3,3,SR-1005,,99999,35.72761944,-80.928325,0,42,0,0,1,1,0,4,1,1,0,1,0,0000000,13,0,13,14,88,88,0,0,0,1,0
37,370493,1,1,0,1,1,2,2,97,0,23,6,2012,7,21,32,1,2,2,US-70,,99999,35.75574722,-80.81486944,0,8,0,0,1,1,0,1,2,1,0,1,0,0000000,21,31,21,37,88,88,0,0,0,1,0
37,370494,1,1,0,0,0,1,1,99,0,1,6,2012,6,16,26,0,3,3,SR-107,,99999,35.33653611,-83.19901389,0,39,0,0,1,1,0,4,1,1,0,1,0,0000000,16,17,16,21,16,55,0,0,0,1,0
37,370495,1,1,0,0,0,1,1,99,0,27,6,2012,4,3,15,0,3,3,SR-1132,,99999,35.24943611,-83.12911667,0,42,0,0,1,1,0,4,2,1,0,1,0,0000000,3,25,3,33,88,88,0,0,0,1,1
37,370496,2,2,0,0,0,2,2,101,0,3,6,2012,1,17,29,0,3,3,SR-1563,,99999,35.55858333,-78.41248056,0,12,2,0,1,1,0,1,1,1,0,1,0,0000000,99,99,99,99,99,99,0,0,0,1,0
37,370497,1,1,0,0,0,2,2,101,0,14,6,2012,5,19,57,0,3,3,SR-2342,,99999,35.58886389,-78.12955,0,34,0,0,1,1,0,4,5,1,0,1,0,0000000,99,99,99,99,99,99,0,0,0,1,0
37,370498,1,1,0,0,0,1,1,101,0,23,6,2012,7,19,7,1,1,1,I-95,,99999,35.50843889,-78.31191389,0,1,0,0,1,1,0,1,1,1,0,1,0,0000000,99,99,99,99,99,99,0,0,0,1,1
37,370499,1,1,0,0,0,3,3,101,0,23,6,2012,7,0,10,0,3,3,SR-1181,,99999,35.44155,-78.40644167,0,5,0,0,1,1,0,1,2,10,0,10,0,0000000,99,99,99,99,99,99,0,0,0,1,1
37,370500,1,1,0,0,0,1,1,101,0,28,6,2012,5,21,44,1,1,1,I-40,,99999,99.99990000,999.99990000,0,57,0,0,1,1,0,3,1,1,0,1,0,0000000,22,14,22,20,88,88,0,0,0,1,1
37,370501,2,2,0,0,0,3,3,103,0,1,6,2012,6,6,16,1,2,2,US-17,,99999,34.91299722,-77.23263889,0,12,2,0,1,1,0,1,1,5,0,5,0,0000000,6,17,6,33,99,99,0,0,0,1,0
37,370502,1,1,0,0,0,1,1,103,0,14,6,2012,5,7,2,0,3,3,SR-1146,,99999,35.01523889,-77.66813333,0,30,0,0,1,1,0,4,1,1,0,1,0,0000000,99,99,99,99,88,88,0,0,0,1,0
37,370503,2,2,0,0,0,2,2,107,0,7,6,2012,5,10,2,0,3,3,SR-11,SR-1341,99999,35.221925,-77.61690833,0,12,6,0,2,2,0,1,1,1,0,1,0,0000000,9,59,10,5,10,24,0,0,0,1,0
37,370504,1,1,0,0,0,1,1,109,0,8,6,2012,6,18,0,0,3,3,SR-1111,,99999,35.51323056,-81.45405556,0,42,0,0,1,1,0,4,1,1,0,1,0,0000000,18,3,18,16,19,0,0,0,0,1,1
37,370505,2,2,0,0,0,4,4,111,0,3,6,2012,1,19,22,1,2,2,US-221,,99999,35.64409722,-81.98579722,0,12,2,0,1,1,0,1,5,1,0,1,0,0000000,19,19,19,24,99,99,0,0,0,1,1
37,370506,1,1,0,1,1,4,4,111,2900,11,6,2012,2,21,43,0,16,6,SUGAR HILL RD,,99999,35.61396389,-82.05148889,0,8,0,0,1,1,0,1,2,2,0,2,0,0000000,21,43,21,47,22,4,0,0,0,1,0
37,370507,1,1,0,0,0,1,1,119,870,4,6,2012,2,0,27,1,1,1,I-485,,99999,35.30698333,-80.95281389,0,24,0,0,1,1,0,3,2,1,0,1,0,0000000,0,29,0,42,0,47,0,0,0,1,1
37,370508,1,1,0,1,1,2,2,119,870,8,6,2012,6,22,35,0,16,6,THE PLAZA,E 36TH ST,99999,35.24118611,-80.79710833,0,8,0,0,2,3,0,1,3,1,0,1,0,0000000,22,35,22,40,23,2,0,0,0,1,0
37,370509,1,1,0,1,1,2,2,119,1080,16,6,2012,7,1,55,0,16,6,BETHEL CHURCH RD,MADISON MANOR DR,99999,35.48455556,-80.89481667,0,8,0,0,3,3,0,1,3,1,0,1,0,0000000,1,56,2,6,88,88,0,0,0,1,1
37,370510,1,1,0,0,0,3,3,119,870,27,6,2012,4,22,43,1,11,1,I-77,,99999,35.23354722,-80.85885278,0,1,0,1,5,1,0,4,3,1,0,1,0,0000000,22,43,22,46,23,10,0,0,0,1,1
37,370511,2,2,0,0,0,4,4,119,870,16,6,2012,7,1,6,0,16,6,REEDY CREEK RD,,99999,35.25795,-80.66133611,0,12,2,0,1,1,0,1,2,1,0,1,0,0000000,1,3,1,15,1,40,0,0,0,1,1
37,370512,1,1,0,0,0,2,2,123,0,29,6,2012,6,2,22,0,3,3,SR-1111,SR-1181,99999,35.27744167,-80.07393056,0,42,0,0,3,3,0,4,2,1,0,1,0,0000000,2,14,2,25,2,57,0,0,0,1,1
37,370513,1,1,0,0,0,1,1,127,0,19,6,2012,3,21,7,0,3,3,SR-231,,99999,35.91877778,-78.16420278,0,1,0,0,1,1,0,4,5,1,0,1,0,0000000,21,4,21,15,88,88,0,0,0,1,0
37,370514,1,1,0,0,0,1,1,127,0,24,6,2012,1,21,49,0,3,3,SR-1328,,99999,36.08258611,-78.09503889,0,34,0,0,1,1,0,4,2,1,0,1,0,0000000,21,43,21,54,88,88,0,0,0,1,1
37,370515,1,1,0,0,0,1,1,129,0,5,6,2012,3,7,24,0,3,3,SR-133,,99999,34.24358889,-77.95706389,0,35,0,0,1,1,0,4,2,1,0,1,0,0000000,7,18,7,26,88,88,0,0,0,1,1
37,370516,1,1,0,0,0,1,1,129,5060,17,6,2012,1,23,21,0,6,6,MLK JR PKWY,,99999,34.25495,-77.87874722,0,1,0,0,1,1,0,4,2,1,0,1,0,0000000,23,21,23,27,88,88,0,0,0,1,1
37,370517,2,2,0,0,0,2,2,131,0,13,6,2012,4,8,7,1,2,2,US-301,SR-1300,99999,36.49485833,-77.544625,0,12,6,0,2,2,0,1,1,1,0,1,0,0000000,99,99,99,99,99,99,0,0,0,1,0
37,370518,1,1,0,0,0,1,1,133,0,11,6,2012,2,17,40,0,3,3,SR-1320,,99999,34.79559722,-77.48496667,0,1,0,0,4,1,0,1,1,1,0,1,0,0000000,17,43,17,56,88,88,0,0,0,1,0
37,370519,2,2,0,0,0,4,4,133,0,24,6,2012,1,2,55,1,2,2,US-17,,99999,34.89019167,-77.23428611,0,12,2,0,1,1,0,1,2,10,0,10,0,0000000,2,57,3,4,4,12,0,0,0,2,1
37,370520,1,1,0,1,1,1,1,133,0,10,6,2012,1,10,47,0,6,6,NORTH SHORE DR,,99999,34.76674167,-77.41806111,0,9,0,0,4,1,0,1,1,1,0,1,0,0000000,10,49,10,57,99,99,0,0,0,1,0
37,370521,1,1,0,1,1,1,1,135,0,3,6,2012,1,0,42,0,3,3,SR-54,,99999,35.90706944,-79.08777222,0,9,0,0,1,1,0,1,2,1,0,1,0,0000000,0,39,0,47,88,88,0,0,0,1,0
37,370522,1,1,0,1,1,2,2,137,0,1,6,2012,6,22,18,0,3,3,SR-55,,99999,99.99990000,999.99990000,0,8,0,0,1,1,0,1,2,1,0,1,0,0000000,22,22,22,29,99,99,0,0,0,1,0
37,370523,1,1,0,0,0,1,1,147,0,10,6,2012,1,23,12,0,3,3,SR-1767,SR-1756,99999,35.54675556,-77.24587778,0,42,0,0,3,3,0,4,2,1,0,1,0,0000000,99,99,99,99,99,99,0,0,0,1,1
37,370524,1,1,0,1,1,1,1,147,0,24,6,2012,1,18,6,1,2,2,US-264,,99999,35.57841667,-77.08825556,0,8,0,0,1,1,0,1,1,1,0,1,0,0000000,99,99,99,99,99,99,0,0,0,1,0
37,370525,1,1,0,0,0,5,5,151,0,14,6,2012,5,0,11,0,3,3,SR-2113,,99999,35.85060278,-79.78138889,0,1,0,0,1,1,0,1,2,1,0,1,0,0000000,0,9,0,19,99,99,0,0,0,1,0
37,370526,3,2,1,0,0,3,3,151,160,12,6,2012,3,22,52,0,16,6,DIXIE DR,,99999,35.70469444,-79.78065556,0,14,0,0,1,1,0,5,3,10,0,10,0,0000000,22,52,22,56,23,16,0,0,0,1,0
37,370527,1,1,0,0,0,1,1,155,0,14,6,2012,5,17,58,0,3,3,SR-1578,,99999,34.71650833,-79.17912778,0,1,0,0,1,1,0,4,1,1,0,1,0,0000000,99,99,99,99,99,99,0,0,0,1,1
37,370528,1,1,0,0,0,1,1,155,0,16,6,2012,7,18,43,0,3,3,SR-130,,99999,34.50788056,-79.30638333,0,1,0,0,1,1,0,4,1,1,0,1,0,0000000,18,44,19,5,88,88,0,0,0,1,0
37,370529,2,2,0,0,0,2,2,155,0,14,6,2012,5,19,45,0,3,3,SR-1197,,99999,99.99990000,999.99990000,0,12,6,0,4,1,0,1,1,1,0,1,0,0000000,99,99,99,99,99,99,0,0,0,1,0
37,370530,1,1,0,0,0,3,3,155,0,22,6,2012,6,1,51,0,3,3,SR-1703,,99999,34.86849444,-79.12171389,0,1,0,0,1,1,0,1,2,1,0,1,0,0000000,2,0,2,3,3,56,0,0,0,1,1
37,370531,1,1,0,1,1,1,1,155,0,15,6,2012,6,22,5,0,16,6,SHANNON RD,,99999,34.82826667,-79.17416944,0,8,0,0,1,1,0,1,3,1,0,1,0,0000000,22,10,22,14,88,88,0,0,0,1,0
37,370532,2,2,0,0,0,3,3,159,0,17,6,2012,1,18,53,0,3,3,SR-1516,,99999,35.83616111,-80.23711389,0,12,2,0,1,1,0,1,1,1,0,1,0,0000000,18,49,19,1,19,44,0,0,0,2,1
37,370533,1,1,0,0,0,1,1,159,0,20,6,2012,4,6,1,0,3,3,SR-1973,,99999,35.751025,-80.67958333,0,34,0,0,1,1,0,4,2,1,0,1,0,0000000,6,38,7,23,8,11,0,0,0,1,0
37,370534,1,1,0,0,0,1,1,163,0,8,6,2012,6,8,7,0,3,3,SR-1229,,99999,34.99208889,-78.35321944,0,1,0,0,1,1,0,1,1,1,0,1,0,0000000,8,6,8,13,8,39,0,0,0,1,0
37,370535,1,1,0,0,0,1,1,169,0,9,6,2012,7,4,3,0,3,3,SR-704,,99999,99.99990000,999.99990000,0,42,0,0,1,1,0,4,2,1,0,1,0,0000000,3,55,4,23,88,88,0,0,0,1,1
37,370536,1,1,0,0,0,1,1,171,3170,13,6,2012,4,21,55,0,16,6,GREENHILL RD,,99999,36.54261389,-80.62328333,0,24,0,0,1,1,0,4,3,1,0,1,0,0000000,21,53,21,59,22,55,0,0,0,1,0
37,370537,1,1,0,0,0,1,1,173,0,27,6,2012,4,12,25,1,2,2,US-129,,99999,35.46986944,-83.92170278,0,34,0,0,1,1,0,4,1,1,0,1,0,0000000,99,99,99,99,99,99,0,0,0,1,0
37,370538,2,2,0,0,0,4,4,179,0,2,6,2012,7,20,26,0,16,5,POTTER ROAD,,99999,35.09000556,-80.68696667,0,12,6,0,1,1,0,1,5,1,0,1,0,0000000,20,27,20,32,21,50,0,0,0,1,1
37,370539,2,2,0,0,0,3,3,179,4890,16,6,2012,7,17,19,0,16,5,STARNES ROAD,MARY ELIZABETH,99999,99.99990000,999.99990000,0,12,6,0,2,2,0,1,1,1,0,1,0,0000000,17,18,17,25,18,29,0,0,0,1,0
37,370540,2,2,0,0,0,6,6,183,1770,8,6,2012,6,16,5,0,16,6,WHITE OAK ROAD,WKBQ RADIO STREET,99999,35.6875,-78.58075278,0,12,2,0,1,1,0,1,1,1,0,1,0,0000000,16,1,16,7,16,28,0,0,0,1,0
37,370541,2,2,0,0,0,4,4,183,5230,6,6,2012,4,14,28,0,6,5,PINEY GROVE-WIL,WENDY LANE,99999,99.99990000,999.99990000,0,12,6,0,16,1,0,1,1,1,0,1,0,0000000,14,22,14,30,14,54,0,0,0,1,0
37,370542,1,1,0,0,0,2,2,183,3750,10,6,2012,1,4,20,1,11,1,I-440,BERYL ROAD,99999,35.78081111,-78.70385833,0,1,0,0,99,1,0,1,2,1,0,1,0,0000000,99,99,99,99,99,99,0,0,0,1,0
37,370543,1,1,0,0,0,1,1,183,3750,11,6,2012,2,0,47,0,16,6,CAPITAL BLVD.,WADE AVE. RAMP,99999,35.81566111,-78.60341389,0,42,0,0,5,1,0,4,3,1,0,1,0,0000000,0,48,0,55,88,88,99,99,99,1,1
37,370544,2,2,0,1,1,3,3,183,3750,9,6,2012,7,17,10,0,12,7,GLENWOOD AVE.,HOLLY RIDGE RD.,99999,35.85443333,-78.70030278,0,12,6,1,2,2,0,2,1,1,0,1,0,0000000,17,10,17,24,17,36,15,0,0,1,0
37,370545,2,2,0,0,0,3,3,183,5230,1,6,2012,6,3,0,1,2,2,US-64,ROLESVILLE ROAD,99999,35.83532778,-78.33306667,0,12,6,0,1,1,0,1,2,1,0,1,0,0000000,3,6,3,14,3,42,14,0,0,1,0
37,370546,2,2,0,0,0,2,2,183,800,28,6,2012,5,7,36,1,1,1,I-40,HARRISON AVE.,99999,35.82863611,-78.75751111,0,12,6,0,1,1,0,1,1,1,0,1,0,0000000,7,38,7,51,8,20,0,0,0,1,0
37,370547,1,1,0,0,0,1,1,185,4750,23,6,2012,7,22,7,0,2,7,WARRENTON-EMBRO,SHEARIN ROAD,99999,36.38321111,-78.10368611,0,34,0,0,1,1,0,5,2,1,0,1,0,0000000,99,99,99,99,99,99,0,0,0,1,1
37,370548,1,1,0,0,0,5,5,189,560,14,6,2012,5,22,40,0,3,5,SOUTH ROAD,RICH MOUNTAIN,99999,36.35371667,-81.68323611,0,34,0,0,1,1,0,4,2,1,0,1,0,0000000,99,99,99,99,99,99,0,0,0,1,1
37,370549,1,1,0,0,0,1,1,193,3370,2,6,2012,7,5,16,0,6,6,GRISSEL TAIL ROAD,TRAPHILL ROAD,99999,36.34327222,-81.06009444,0,42,0,0,1,1,0,4,2,1,0,1,0,0000000,5,17,5,36,88,88,0,0,0,1,1
37,370550,1,1,0,0,0,1,1,197,1370,22,6,2012,6,14,15,0,5,6,SMITHTOWN ROAD,ANGELL ROAD,99999,36.2491,-80.57275,0,32,0,0,1,1,0,4,1,1,0,1,0,0000000,99,99,99,99,99,99,0,0,0,1,1
37,370551,1,1,0,0,0,2,2,71,0,12,3,2012,2,19,4,0,3,3,SR-1130,SR-1112,99999,35.20825278,-81.24864722,0,34,0,0,3,3,0,4,1,1,0,1,0,0000000,19,1,19,10,19,37,0,0,0,1,1
37,370552,2,2,0,0,0,3,3,73,0,21,3,2012,4,21,2,1,2,2,US-13,SR-1128,99999,36.42583889,-76.90216389,0,12,6,0,2,3,0,1,2,1,0,1,0,0000000,20,45,20,58,21,47,0,0,0,1,1
37,370553,2,2,0,0,0,3,3,183,3750,11,3,2012,1,12,56,0,16,6,GLENWOOD AVE,GLEN EDEN DR,99999,35.82128056,-78.66446667,0,12,6,0,2,2,0,1,1,1,0,1,0,0000000,99,99,99,99,99,99,0,0,0,1,0
37,370554,1,1,0,0,0,1,1,51,0,4,6,2012,2,15,54,0,3,3,SR-1113,,99999,34.97668889,-79.00799722,0,53,0,0,1,1,0,4,1,1,0,1,0,0000000,15,49,16,4,16,29,0,0,0,1,0
37,370555,1,1,0,0,0,1,1,1,0,9,7,2012,2,20,20,0,3,3,SR-2142,,99999,35.96405,-79.29971944,0,32,0,0,1,1,0,4,2,2,0,2,0,0000000,20,16,20,28,20,38,0,0,0,1,1
37,370556,2,2,0,0,0,7,7,3,0,3,7,2012,3,18,13,0,3,3,SR-1409,,99999,35.92881944,-81.17840556,0,12,2,0,1,1,0,1,1,1,0,1,0,0000000,18,10,18,19,99,99,0,0,0,2,0
37,370557,2,2,0,0,0,6,6,7,0,15,7,2012,1,10,51,1,2,2,US-52,,99999,34.96522778,-80.060475,0,12,2,0,1,1,0,1,1,1,0,1,0,0000000,10,47,10,57,11,40,0,0,0,4,0
37,370558,1,1,0,0,0,3,3,7,0,17,7,2012,3,15,44,0,3,3,SR-1228,,99999,34.89546389,-80.26394167,0,34,0,0,1,1,0,4,1,1,0,1,0,0000000,15,40,16,10,16,40,0,0,0,1,0
37,370559,3,3,0,0,0,4,4,11,0,24,7,2012,3,10,34,0,3,3,SR-184,,99999,36.13307222,-81.84429444,0,72,0,0,1,1,0,1,1,10,0,10,0,0000000,10,27,10,31,99,99,14,0,0,1,0
37,370560,1,1,0,0,0,5,5,13,0,8,7,2012,1,19,17,0,3,3,SR-1626,,99999,35.63593056,-76.68105556,0,1,0,0,1,1,0,4,1,1,0,1,0,0000000,99,99,99,99,99,99,0,0,0,1,0
37,370561,2,2,0,0,0,2,2,15,0,29,7,2012,1,17,37,1,2,2,US-13,SR-1100,99999,35.9958,-76.96486667,0,12,6,0,2,2,0,1,1,1,0,1,0,0000000,99,99,99,99,99,99,0,0,0,1,0
37,370562,1,1,0,0,0,1,1,19,0,4,7,2012,4,19,18,0,3,3,SR-1321,,99999,34.00587778,-78.54381667,0,59,0,0,1,1,0,4,1,1,0,1,0,0000000,19,18,19,31,88,88,0,0,0,1,0
37,370563,1,1,0,1,1,2,2,19,0,27,7,2012,6,22,4,0,3,3,SR-1217,,99999,33.94653056,-78.07110278,0,8,0,0,1,1,0,1,2,1,0,1,0,0000000,22,4,22,12,23,19,0,0,0,1,1
37,370564,1,1,0,0,0,1,1,33,0,27,7,2012,6,20,44,0,3,3,SR-1139,,99999,36.27535556,-79.50705278,0,43,0,0,1,1,0,4,2,1,0,1,0,0000000,20,46,21,9,88,88,0,0,0,1,1
37,370565,1,1,0,0,0,1,1,35,2150,5,7,2012,5,10,30,0,16,6,CLONINGER MILL RD NE,,99999,35.78739167,-81.30548333,0,39,0,0,1,1,0,4,9,8,0,8,0,0000000,11,4,11,20,88,88,0,0,0,1,1
37,370566,2,2,0,0,0,2,2,35,2150,29,7,2012,1,14,16,0,13,3,SR-127,42ND AVE CIR NE,99999,35.78889444,-81.31478889,0,12,1,0,2,3,0,1,1,1,0,1,0,0000000,14,17,14,24,88,88,0,0,0,1,0
37,370568,1,1,0,0,0,2,2,37,0,5,7,2012,5,22,9,0,3,3,SR-1346,,99999,35.76646111,-79.39558056,0,35,0,0,1,1,0,4,2,10,0,10,0,0000000,22,5,22,19,99,99,0,0,0,1,0
37,370569,2,2,0,0,0,3,3,45,0,28,7,2012,7,17,54,0,3,3,SR-180,,99999,35.27990833,-81.49348333,0,12,2,0,1,1,0,1,1,1,0,1,0,0000000,18,10,18,21,18,38,0,0,0,1,0
37,370570,2,2,0,0,0,4,4,51,0,6,7,2012,6,16,0,0,3,3,SR-24,,99999,34.960775,-78.52091944,0,12,6,0,1,1,0,1,1,1,0,1,0,0000000,16,4,16,17,99,99,0,0,0,1,0
37,370571,1,1,0,1,1,1,1,51,2250,6,7,2012,6,5,21,0,16,6,ROCKFISH RD,,99999,34.97304722,-78.95884444,0,8,0,0,1,1,0,1,2,1,0,1,0,0000000,5,22,5,29,5,55,0,0,0,1,0
37,370572,2,2,0,0,0,4,4,51,0,12,7,2012,5,7,36,0,3,3,SR-2220,SR-2333,99999,34.96769444,-78.88730833,0,12,6,0,2,2,0,1,1,2,0,2,0,0000000,7,33,7,39,8,16,0,0,0,1,0
37,370573,1,1,0,0,0,4,4,51,0,17,7,2012,3,23,52,0,3,3,SR-162,,99999,35.02001111,-78.98567222,0,1,0,0,1,1,0,4,2,1,0,1,0,0000000,23,51,23,58,0,11,0,0,0,1,1
37,370574,1,1,0,0,0,1,1,51,0,19,7,2012,5,3,47,0,3,3,SR-1600,,99999,35.214775,-78.93093889,0,1,0,0,1,1,0,1,2,1,0,1,0,0000000,3,45,3,57,4,22,0,0,0,1,0
37,370575,2,2,0,0,0,2,2,51,1670,18,7,2012,4,0,56,0,16,6,OWEN DR,DALLAS ST,99999,35.01968889,-78.89817222,0,12,6,0,2,3,0,1,3,1,0,1,0,0000000,0,59,1,1,1,41,0,0,0,1,1
37,370576,2,2,0,0,0,4,4,51,1670,22,7,2012,1,15,11,0,16,6,MORGANTON RD,,99999,35.07759722,-78.98377778,0,12,6,0,1,1,0,1,1,10,0,10,0,0000000,99,99,99,99,99,99,0,0,0,2,0
37,370577,3,2,1,2,2,2,2,53,0,12,7,2012,5,0,43,1,2,2,US-158,SR-1247,99999,36.38730833,-75.99148889,0,12,6,0,2,3,0,1,2,1,0,1,0,0000000,0,40,0,53,2,12,0,0,0,1,1
37,370578,1,1,0,1,1,2,2,53,0,26,7,2012,5,21,21,1,2,2,US-158,,99999,99.99990000,999.99990000,0,8,0,0,1,1,0,1,2,1,0,1,0,0000000,21,11,21,15,88,88,0,0,0,1,0
37,370579,1,1,0,1,1,1,1,55,2461,24,7,2012,3,23,34,0,16,6,CROATAN HIGHWAY,,99999,36.09873333,-75.71991389,0,8,0,0,1,1,0,1,2,1,0,1,0,0000000,23,35,23,38,88,88,0,0,0,1,0
37,370580,1,1,0,1,1,1,1,55,2435,17,7,2012,3,15,10,1,13,2,US-158,W SPORTSMAN DR,99999,36.04293611,-75.67867778,0,8,0,0,2,2,0,1,1,1,0,1,0,0000000,15,10,15,14,88,88,0,0,0,1,0