STATE,ST_CASE,VE_TOTAL,VE_FORMS,PVH_INVL,PEDS,PERNOTMVIT,PERMVIT,PERSONS,COUNTY,CITY,DAY,MONTH,YEAR,DAY_WEEK,HOUR,MINUTE,NHS,ROAD_FNC,ROUTE,TWAY_ID,TWAY_ID2,MILEPT,LATITUDE,LONGITUD,SP_JUR,HARM_EV,MAN_COLL,RELJCT1,RELJCT2,TYP_INT,WRK_ZONE,REL_ROAD,LGT_COND,WEATHER1,WEATHER2,WEATHER,SCH_BUS,RAIL,NOT_HOUR,NOT_MIN,ARR_HOUR,ARR_MIN,HOSP_HR,HOSP_MN,CF1,CF2,CF3,FATALS,DRUNK_DR
37,370581,2,2,0,0,0,4,4,57,0,2,7,2012,2,11,15,0,3,3,SR-109,,99999,35.60975278,-80.10202222,0,12,2,0,1,1,0,1,1,10,0,10,0,0000000,11,15,11,28,12,2,0,0,0,2,1
37,370582,2,2,0,0,0,4,4,57,2620,14,7,2012,7,23,37,0,16,6,E CENTER ST,S SALISBURY ST,99999,35.82373611,-80.25255,0,12,6,0,2,2,0,1,3,1,0,1,0,0000000,23,37,23,41,0,27,0,0,0,1,1
37,370583,1,1,0,0,0,1,1,57,0,15,7,2012,1,22,4,0,3,3,SR-1499,,99999,35.94518611,-80.27293889,0,1,0,0,1,1,0,4,2,10,0,10,0,0000000,22,4,22,13,22,46,0,0,0,1,1
37,370584,1,1,0,0,0,1,1,119,0,26,7,2012,5,6,15,0,3,3,SR-2335,,99999,99.99990000,999.99990000,0,42,0,0,1,1,0,4,4,1,0,1,0,0000000,6,17,6,29,88,88,20,0,0,1,0
37,370585,1,1,0,0,0,2,2,57,2620,30,7,2012,2,3,47,0,16,6,RALEIGH RD,,99999,35.80121667,-80.22169167,0,30,0,0,1,1,0,4,3,1,0,1,0,0000000,3,49,3,56,4,15,0,0,0,1,0
37,370586,2,2,0,0,0,3,3,61,0,10,7,2012,3,7,57,0,3,3,SR-1301,SR-1300,99999,35.057275,-78.1149,0,12,6,0,2,2,0,1,1,10,0,10,0,0000000,99,99,99,99,99,99,0,0,0,1,0
37,370587,3,3,0,0,0,14,14,61,3980,7,7,2012,7,13,13,1,13,2,US-117,,99999,34.83734167,-78.02638333,0,12,6,0,4,1,0,1,1,1,0,1,0,0000000,99,99,99,99,99,99,14,0,0,1,0
37,370588,1,1,0,0,0,2,2,61,0,26,7,2012,5,0,7,0,3,3,SR-1945,,99999,34.77446389,-77.93643889,0,34,0,0,1,1,0,4,2,1,0,1,0,0000000,99,99,99,99,99,99,0,0,0,2,1
37,370589,2,2,0,0,0,2,2,67,5120,13,7,2012,6,3,59,1,11,1,I-40,,99999,36.05825278,-80.21477778,0,12,7,0,1,1,0,1,2,1,0,1,0,0000000,3,57,4,13,88,88,0,0,0,1,1
37,370590,1,1,0,0,0,1,1,67,0,26,7,2012,5,21,20,0,3,3,SR-1940,,99999,36.22383333,-80.19177222,0,32,0,0,1,1,0,4,2,1,0,1,0,0000000,21,27,21,33,99,99,0,0,0,1,1
37,370591,3,3,0,0,0,5,5,71,0,20,7,2012,6,22,50,0,3,3,SR-279,,99999,35.31560833,-81.19212222,0,12,2,0,1,1,0,1,2,1,0,1,0,0000000,22,48,22,54,23,27,0,0,0,1,2
37,370592,1,1,0,1,1,1,1,71,390,20,7,2012,6,19,57,1,12,2,US-29/74,,99999,35.25741944,-81.11263333,0,8,0,0,1,1,0,1,1,10,0,10,0,0000000,19,56,20,2,88,88,0,0,0,1,0
37,370593,1,1,0,0,0,1,1,63,0,17,7,2012,3,11,46,0,3,3,SR-143,,99999,99.99990000,999.99990000,0,35,0,0,1,1,0,4,1,1,0,1,0,0000000,11,24,11,57,88,88,0,0,0,1,0
37,370594,4,4,0,0,0,5,5,79,0,28,7,2012,7,17,43,1,2,2,US-13,SR-1151,99999,35.44676389,-77.73870833,0,12,6,0,2,2,0,1,1,1,0,1,0,0000000,99,99,99,99,99,99,14,0,0,1,1
37,370595,1,1,0,1,1,1,1,81,2170,4,7,2012,4,1,55,0,16,6,DEEP RIVER RD,,99999,35.99776389,-79.97495556,0,8,0,0,1,1,0,1,3,1,0,1,0,0000000,2,1,2,8,88,88,0,0,0,1,1
37,370596,1,1,0,2,2,1,1,81,1940,10,7,2012,3,5,42,0,16,6,RANDLEMAN RD,,99999,35.93816111,-79.81152222,0,8,0,0,1,1,0,1,2,2,0,2,0,0000000,5,42,5,44,88,88,0,0,0,2,0
37,370597,1,1,0,0,0,1,1,81,0,16,7,2012,2,13,58,0,3,3,SR-68,,99999,36.10974444,-79.96420278,0,42,0,0,1,1,0,4,1,1,0,1,0,0000000,13,57,14,4,88,88,0,0,0,1,0
37,370598,1,1,0,1,1,1,1,81,1940,18,7,2012,4,15,23,0,16,6,E LINDSAY,,99999,36.07788889,-79.77987778,0,8,0,0,1,1,0,5,1,1,0,1,0,0000000,15,23,15,25,88,88,0,0,0,1,0
37,370599,1,1,0,1,1,1,1,81,1940,26,7,2012,5,10,29,0,16,6,TERRELL ST.,E. TERRELL ST.,99999,36.04785556,-79.78928333,0,8,0,1,99,9,0,1,1,1,0,1,0,0000000,10,29,10,32,88,88,0,0,0,1,0
37,370600,1,1,0,1,1,4,4,81,1940,29,7,2012,1,4,15,1,11,1,I-85,NELSON FARM RD.,99999,36.0003,-79.80499167,0,8,0,0,1,1,0,1,2,1,0,1,0,0000000,4,16,4,25,4,45,0,0,0,1,0
37,370601,1,1,0,0,0,1,1,85,2650,10,7,2012,3,20,55,0,6,6,PONDEROSA RD.,JOHNSONVILE SCHOOL,99999,35.30180278,-79.12058889,0,24,0,0,1,1,0,4,2,10,5,5,0,0000000,99,99,99,99,99,99,0,0,0,1,0
37,370602,1,1,0,0,0,4,4,85,2650,21,7,2012,7,23,42,1,2,2,US-401,RAWLS CORN BLDG.,99999,35.42378056,-78.81309167,0,34,0,0,1,1,0,6,2,2,0,2,0,0000000,99,99,99,99,99,99,0,0,0,1,1
37,370603,2,2,0,0,0,3,3,89,2130,23,7,2012,2,18,9,1,2,2,US-25,CLOVERDALE RD.,99999,35.30287222,-82.45668333,0,12,2,0,1,1,0,1,1,1,0,1,0,0000000,99,99,99,99,99,99,0,0,0,1,0
37,370604,1,1,0,0,0,1,1,93,3740,25,7,2012,4,11,20,0,16,6,PATE RD.,ARABIA RD.,99999,34.94490556,-79.150525,0,34,0,0,1,1,0,4,1,1,0,1,0,0000000,99,99,99,99,99,99,0,0,0,1,1
37,370605,1,1,0,0,0,1,1,97,3110,11,7,2012,4,17,26,0,14,6,N. MAIN STREET,S. MAIN STREET,99999,35.58424167,-80.81030278,0,31,0,0,1,1,0,4,2,1,0,1,0,0000000,5,40,5,41,6,4,0,0,0,1,1
37,370606,1,1,0,0,0,1,1,97,4430,25,7,2012,4,16,5,0,6,6,E. SHARPE ST.,409 E. SHARPE ST.,99999,35.784,-80.88045556,0,43,0,0,1,1,0,1,1,1,0,1,0,0000000,16,4,16,8,88,88,0,0,0,1,1
37,370607,1,1,0,0,0,1,1,101,930,8,7,2012,1,10,33,0,16,6,BLUE POND RD.,LONG NEEDLE RD.,99999,35.61081944,-78.51386389,0,32,0,0,1,1,0,4,1,1,0,1,0,0000000,11,17,11,37,11,56,0,0,0,1,0
37,370608,2,2,0,0,0,4,4,101,410,26,7,2012,5,8,35,0,2,7,NC-55,HARNETT DUNN HWY,99999,35.26333889,-78.49197222,0,12,6,1,2,2,0,2,1,1,0,1,0,0000000,8,32,8,41,9,41,0,0,0,1,0
37,370609,2,2,0,0,0,3,3,113,1710,31,7,2012,3,12,22,1,2,2,US-23,RIVERSIDE RD.,99999,35.09145833,-83.38323889,0,12,2,0,1,1,0,1,1,10,0,10,0,0000000,12,22,12,32,12,58,0,0,0,1,0
37,370610,2,2,0,0,0,4,4,113,1710,7,7,2012,7,12,40,1,12,2,US-23,WIDE HORIZON DR.,99999,35.15450278,-83.39173611,0,12,6,0,7,1,0,1,1,1,0,1,0,0000000,12,42,12,44,99,99,0,0,0,1,0
37,370611,1,1,0,0,0,1,1,117,0,1,7,2012,1,7,31,0,4,3,SR-171,,99999,35.73155556,-76.97913611,0,34,0,0,1,1,0,4,1,1,0,1,0,0000000,99,99,99,99,99,99,0,0,0,1,0
37,370612,5,5,0,0,0,7,7,119,870,13,7,2012,6,13,47,1,11,1,I-85,,99999,35.27308611,-80.83124722,0,12,1,0,1,1,0,1,1,10,0,10,0,0000000,13,47,13,55,14,0,0,0,0,1,0
37,370613,1,1,0,1,1,2,2,119,870,21,7,2012,7,3,7,0,14,6,BEATTIES FORD ROAD,,99999,35.26397778,-80.85447222,0,8,0,0,1,1,0,1,3,1,0,1,0,0000000,3,6,3,10,3,26,0,0,0,1,1
37,370614,1,1,0,2,2,1,1,119,870,20,7,2012,6,20,33,0,13,6,N. SHARON AMITY ROAD,,99999,35.20594444,-80.75865,0,8,0,0,1,1,0,4,3,10,0,10,0,0000000,20,34,20,39,20,58,0,0,0,1,0
37,370615,2,2,0,0,0,2,2,119,870,22,7,2012,1,3,52,0,14,6,MALLARD CREEK CHURCH ROAD,,99999,35.33911944,-80.76421389,0,12,2,0,1,1,0,1,2,1,0,1,0,0000000,3,51,4,0,4,39,0,0,0,1,2
37,370616,1,1,0,0,0,2,2,119,870,25,7,2012,4,0,16,1,11,1,I-485,,99999,35.1257,-80.91466389,0,24,0,1,5,1,0,4,2,1,0,1,0,0000000,0,15,0,17,0,59,0,0,0,1,0
37,370617,1,1,0,0,0,1,1,119,2280,27,7,2012,6,10,40,1,11,1,I-77,,99999,35.37614444,-80.84691944,0,21,0,0,1,1,0,4,1,1,0,1,0,0000000,99,99,99,99,99,99,0,0,0,1,0
37,370618,1,1,0,0,0,3,3,119,3082,11,7,2012,4,19,53,0,16,6,BAIN SCHOOL ROAD,,99999,35.16239444,-80.64031667,0,42,0,0,1,1,0,4,1,10,0,10,0,0000000,19,52,19,57,20,36,0,0,0,1,1
37,370619,1,1,0,0,0,1,1,127,0,2,7,2012,2,18,58,0,6,6,SUGAR HILL ROAD,,99999,35.83003056,-77.973625,0,32,0,0,1,1,0,4,1,1,0,1,0,0000000,18,52,19,4,88,88,0,0,0,1,1
37,370620,1,1,0,0,0,4,4,127,3930,5,7,2012,5,12,53,1,11,1,I-95,,99999,35.95525278,-77.88793889,0,42,0,0,1,1,0,4,1,1,0,1,0,0000000,12,49,13,2,13,36,0,0,0,1,0
37,370621,2,2,0,0,0,3,3,127,0,11,7,2012,4,5,44,1,1,1,I-95,,99999,36.10914444,-77.80397778,0,12,1,0,1,1,0,1,2,10,0,10,0,0000000,5,32,5,46,88,88,0,0,0,2,0
37,370622,2,2,0,0,0,2,2,127,0,20,7,2012,6,18,16,0,5,4,CR-1001,,99999,35.86902778,-78.00605556,0,12,1,0,8,1,0,1,1,10,0,10,0,0000000,18,16,18,26,88,88,0,0,0,1,0
37,370623,2,2,0,0,0,2,2,129,770,20,7,2012,6,23,45,0,6,6,S. LAKE PARK BLVD,,99999,34.02608611,-77.89582222,0,12,6,0,8,1,0,1,3,1,0,1,0,0000000,23,45,23,54,0,23,0,0,0,1,0
37,370624,2,2,0,0,0,2,2,133,0,6,7,2012,6,22,0,0,5,3,SR-210,,99999,34.53834722,-77.4333,0,1,0,0,1,1,0,1,2,1,0,1,0,0000000,21,59,22,4,88,88,0,0,0,1,1
37,370625,2,2,0,1,1,3,3,135,780,21,7,2012,7,22,23,1,12,3,SR-54,WEST BROOK DR.,99999,35.90325833,-79.08155556,0,8,0,1,3,1,0,1,2,2,0,2,0,0000000,22,24,22,28,88,88,0,0,0,1,0
37,370626,1,1,0,0,0,1,1,145,4010,18,7,2012,4,16,47,0,13,7,CHUB LAKE ST.,WADE RD.,99999,36.40738056,-78.99351389,0,42,0,0,1,1,0,4,1,1,0,1,0,0000000,16,39,16,44,88,88,0,0,0,1,0
37,370627,1,1,0,0,0,1,1,151,160,8,7,2012,1,1,25,0,16,5,CAUDLE RD.,BOWERS LN.,99999,35.79784167,-79.80108889,0,11,0,0,99,1,0,1,2,1,0,1,0,0000000,1,22,1,37,88,88,0,0,0,1,1
37,370628,1,1,0,0,0,1,1,153,1510,12,7,2012,5,8,35,0,3,6,CLAYTN CARRIKER,GODFREY RD.,99999,35.12066667,-79.773625,0,42,0,0,1,1,0,4,1,10,0,10,0,0000000,8,25,8,34,88,88,0,0,0,1,0
37,370629,1,1,0,1,1,1,1,155,2770,3,7,2012,3,20,55,0,4,3,SR-211,ALLENTON RD.,99999,34.59462222,-78.94011944,0,8,0,0,1,1,0,1,2,1,0,1,0,0000000,20,55,21,6,22,4,0,0,0,1,0
37,370630,1,1,0,0,0,3,3,155,9999,5,7,2012,5,4,6,0,9,9,COY RD.,MORGAN J RD.,99999,99.99990000,999.99990000,0,34,0,0,1,1,0,4,2,1,0,1,0,0000000,4,9,4,30,5,46,0,0,0,1,1
37,370631,1,1,0,0,0,5,5,155,1610,9,7,2012,2,19,32,0,4,3,SR-41,DALLAS RD.,99999,34.54526389,-79.08249722,0,42,0,0,1,1,0,4,1,10,0,10,0,0000000,19,30,19,43,21,24,0,0,0,2,0
37,370632,3,3,0,0,0,4,4,155,3550,21,7,2012,7,2,10,0,3,2,US-74,CANAL RD.,99999,34.66510278,-79.22183889,0,54,11,0,1,1,0,1,2,10,0,10,0,0000000,99,99,99,99,99,99,14,0,0,1,0
37,370633,1,1,0,0,0,2,2,155,2770,23,7,2012,2,23,56,1,1,1,I-95,MILE 23,99999,34.69175833,-78.99860278,0,34,0,0,1,1,0,4,2,1,0,1,0,0000000,23,39,23,45,0,4,0,0,0,2,1
37,370634,2,2,0,0,0,5,5,157,1435,13,7,2012,6,15,32,0,14,3,SR-700,PIERCE ST.,99999,36.50843611,-79.73817222,0,12,6,0,2,2,0,1,1,1,0,1,0,0000000,15,37,15,41,17,34,0,0,0,1,0
37,370635,1,1,0,0,0,3,3,157,1435,21,7,2012,7,5,36,0,4,3,SR-700,SLAYDON RD.,99999,36.50588333,-79.76076667,0,35,0,0,1,1,0,4,2,1,0,1,0,0000000,5,28,5,38,7,3,0,0,0,2,1
37,370636,1,1,0,0,0,2,2,157,3800,28,7,2012,7,5,49,0,2,7,OLD 29,LEDBETTER RD.,99999,36.44521667,-79.54670833,0,35,0,0,1,1,0,2,2,1,0,1,0,0000000,5,44,6,0,6,35,0,0,0,1,1
37,370637,2,2,0,0,0,6,6,159,4070,11,7,2012,4,15,19,0,16,9,AIRPORT RD.,CEDAR SPRINGS DR.,99999,35.63876667,-80.533125,0,12,6,0,3,1,0,1,1,1,0,1,0,0000000,15,42,15,53,16,27,0,0,0,1,0
37,370638,2,2,0,0,0,4,4,159,4070,23,7,2012,2,6,40,0,13,7,E INNES ST.,S JAKE ALEXANDER BLVD.,99999,35.64363333,-80.45264722,0,12,6,0,2,2,0,1,4,1,0,1,0,0000000,7,2,7,6,7,51,0,0,0,1,0
37,370639,2,2,0,0,0,2,2,163,3310,6,7,2012,6,12,10,0,4,3,SR-50,GRINES RD.,99999,35.27863333,-78.40154167,0,12,6,0,2,2,0,1,1,1,0,1,0,0000000,99,99,99,99,99,99,0,0,0,1,0
37,370640,1,1,0,0,0,1,1,163,2048,27,7,2012,6,22,27,0,6,6,HAYES CHAPEL RD.,HARVELL RD.,99999,34.81893333,-78.27753056,0,34,0,0,1,1,0,2,2,1,0,1,0,0000000,22,24,22,35,88,88,0,0,0,1,1
37,370641,2,2,0,0,0,3,3,165,2560,9,7,2012,2,12,33,0,4,2,US-501,HIGHLAND RD.,99999,34.77906389,-79.47414722,0,12,1,0,2,2,0,1,1,1,0,1,0,0000000,99,99,99,99,99,99,0,0,0,1,0
37,370642,1,1,0,0,0,1,1,167,60,13,7,2012,6,22,36,0,6,6,MCNEIL RD.,SR-34,99999,35.31965,-80.12587778,0,42,0,0,1,1,0,4,2,10,0,10,0,0000000,22,32,22,35,0,7,0,0,0,1,0
37,370643,1,1,0,0,0,1,1,169,2438,19,7,2012,5,1,0,0,5,6,OLD 52 RD.,CHESTNUT GROVE RD.,99999,36.30944444,-80.39443611,0,42,0,0,1,1,0,4,2,1,0,1,0,0000000,7,22,7,27,8,38,0,0,0,1,0
37,370644,1,1,0,0,0,1,1,171,3170,16,7,2012,2,23,5,0,6,6,SPARGER RD.,GOINS RD.,99999,36.54273056,-80.70416667,0,42,0,0,1,1,0,2,2,1,0,1,0,0000000,23,4,23,16,23,46,0,0,0,1,1
37,370645,1,1,0,2,2,1,1,171,3170,15,7,2012,1,0,37,0,14,2,US-601,REEVES DR.,99999,36.48215556,-80.61436389,0,8,0,0,1,1,0,1,3,1,0,1,0,0000000,0,40,0,46,1,34,0,0,0,1,0
37,370646,2,2,0,0,0,5,5,177,1020,30,7,2012,2,16,21,0,4,3,SR-94,BODWELL RD.,99999,35.89818611,-76.23771389,0,12,6,0,1,1,0,1,1,10,0,10,0,0000000,99,99,99,99,99,99,0,0,0,2,0
37,370647,2,2,0,0,0,3,3,179,0,11,7,2012,4,15,18,0,4,3,SR-218,MILL GROVE CHURCH,99999,35.16356944,-80.57826111,0,12,6,0,2,2,0,1,1,1,0,1,0,0000000,15,17,15,27,88,88,0,0,0,1,0
37,370648,2,2,0,0,0,3,3,181,2120,20,7,2012,6,22,38,0,13,2,US-1 BUS,DOYLE LUMBER COMPANY,99999,88.88880000,888.88880000,0,12,2,0,1,1,0,1,2,10,0,10,0,0000000,22,41,22,52,23,35,0,0,0,1,1
37,370649,1,1,0,1,1,1,1,183,1770,1,7,2012,1,21,50,0,3,2,US-70,GREENFIELD PARKWAY,99999,35.69230833,-78.56430833,0,8,0,0,1,1,0,1,2,1,0,1,0,0000000,99,99,99,99,99,99,0,0,0,1,0
37,370650,1,1,0,1,1,1,1,183,3750,4,7,2012,4,14,15,0,3,2,US-401 LOUISBURG RD.,PERRY CREEK RD.,99999,35.87635556,-78.5394,0,9,0,0,1,1,0,1,1,1,0,1,0,0000000,99,99,99,99,99,99,0,0,0,1,0
37,370651,1,1,0,0,0,3,3,183,4790,8,7,2012,1,2,10,0,6,6,OLD WEAVER TRAIL RD.,OLIVER GROVE CHURC RD.,99999,36.04723889,-78.74021667,0,42,0,0,1,1,0,5,2,1,0,1,0,0000000,99,99,99,99,99,99,0,0,0,3,1
37,370652,1,1,0,1,1,3,3,183,1752,12,7,2012,5,23,29,0,5,6,OLD STAGE RD.,BUD LIPSCOMB RD.,99999,35.55603056,-78.69217778,0,8,0,0,1,1,0,1,2,10,0,10,0,0000000,99,99,99,99,99,99,0,0,0,1,0
37,370653,2,2,0,0,0,3,3,183,3750,15,7,2012,1,2,21,1,11,1,I-40,JONES SAUSAGE RD.,99999,35.72784167,-78.586075,0,12,2,0,1,1,0,1,2,1,0,1,0,0000000,99,99,99,99,99,99,0,0,0,2,1
37,370654,1,1,0,0,0,3,3,183,3750,28,7,2012,7,20,23,0,15,6,ROCK QUARRY RD.,RUBY DR.,99999,35.71646389,-78.54609444,0,53,0,0,1,1,0,4,5,1,0,1,0,0000000,99,99,99,99,99,99,0,0,0,3,1
37,370655,1,1,0,1,1,2,2,187,3670,8,7,2012,1,2,15,0,4,6,FREEMAN RD.,SR-32,99999,35.86328889,-76.74445556,0,9,0,0,1,1,0,1,2,1,0,1,0,0000000,21,55,22,1,22,20,0,0,0,1,0
37,370656,2,2,0,0,0,2,2,189,560,26,7,2012,5,13,4,0,6,6,OLD US-421,ROBY GREEN RD.,99999,36.23095556,-81.62626667,0,12,2,0,2,3,0,1,1,1,0,1,0,0000000,99,99,99,99,99,99,0,0,0,1,0
37,370657,2,2,0,0,0,3,3,191,1880,21,7,2012,7,10,11,0,15,6,ROYALL AVE.,LANDMARK DR.,99999,35.38479444,-77.95023611,0,12,6,0,2,3,0,1,1,10,0,10,0,0000000,10,17,10,21,10,40,0,0,0,1,0
37,370658,2,2,0,0,0,2,2,191,4147,24,7,2012,3,17,7,0,4,3,SR-55,SPRING ST,99999,35.22116944,-77.85593889,0,12,1,0,1,1,0,1,1,10,0,10,0,0000000,17,2,17,20,18,22,0,0,0,1,1
37,370659,1,1,0,1,1,1,1,191,3200,31,7,2012,3,22,16,0,4,2,US-117 BYP,DUDLEY RD,99999,35.19767222,-78.0691,0,8,0,0,1,1,0,1,2,1,0,1,0,0000000,99,99,99,99,99,99,0,0,0,1,0
37,370660,2,2,0,0,0,3,3,193,5040,2,7,2012,2,16,30,0,3,3,SR-18,ANDREWS RD.,99999,36.12893333,-81.16661389,0,12,6,0,1,1,0,1,1,1,0,1,0,0000000,16,38,16,44,17,14,0,0,0,1,0
37,370661,1,1,0,0,0,2,2,25,2390,23,7,2012,2,22,40,0,15,6,TRINITY CHURCH ROAD,,99999,35.45028611,-80.66712222,0,53,0,0,1,1,0,4,3,1,0,1,0,0000000,22,40,22,46,23,20,0,0,0,1,0
37,370662,2,2,0,0,0,3,3,51,1670,23,7,2012,2,19,54,0,13,6,OWEN DRIVE,GILLESPIE STREET,99999,35.02016389,-78.8954,0,12,6,0,2,2,0,1,3,1,0,1,0,0000000,19,53,19,56,20,16,0,0,0,1,0
37,370663,1,1,0,1,1,1,1,83,4930,13,7,2012,6,99,99,0,16,6,COUNTRY CLUB ROAD,,99999,36.42405556,-77.62313056,0,8,0,0,1,1,0,1,2,1,0,1,0,0000000,2,38,2,44,3,5,0,0,0,1,0
37,370664,2,2,0,0,0,3,3,129,5060,14,7,2012,7,11,2,1,13,6,N COLLEGE ROAD,RINGO DRIVE,99999,34.25088611,-77.87167222,0,12,6,0,2,2,0,1,1,1,0,1,0,0000000,11,2,11,11,11,51,0,0,0,1,0
37,370665,1,1,0,1,1,1,1,129,5060,22,7,2012,1,1,20,0,14,6,N. KERR AVE,,99999,34.25771111,-77.88884722,0,8,0,0,1,1,0,1,3,10,0,10,0,0000000,1,18,1,23,88,88,0,0,0,1,0
37,370666,2,2,0,0,0,3,3,183,3750,28,7,2012,7,4,40,0,13,6,GLENWOOD AVE,TW ALEXANDER DR,99999,35.91730278,-78.78896944,0,12,6,0,2,2,0,1,2,1,0,1,0,0000000,4,43,4,52,99,99,0,0,0,1,2
37,370667,1,1,0,0,0,1,1,13,0,22,8,2012,4,23,24,0,6,4,CR-1157,,99999,35.50788611,-77.12181944,0,32,0,0,1,1,0,4,2,1,0,1,0,0000000,23,21,23,26,0,6,0,0,0,1,0
37,370668,1,1,0,0,0,1,1,13,4860,12,8,2012,1,18,19,0,14,6,W 15TH STREET,,99999,35.56665278,-77.07344444,0,33,0,0,1,1,0,4,1,1,0,1,0,0000000,18,21,18,22,18,37,0,0,0,1,1
37,370669,1,1,0,0,0,1,1,19,0,18,8,2012,7,22,20,0,4,3,SR-133,,99999,34.07165278,-77.95516111,0,34,0,0,1,1,0,4,2,1,0,1,0,0000000,22,21,22,36,99,99,0,0,0,1,0
37,370670,1,1,0,0,0,1,1,23,0,22,8,2012,4,18,0,0,5,4,CR-1803,,99999,35.6953,-81.44963889,0,34,0,0,1,1,0,4,1,1,0,1,0,0000000,17,55,18,4,88,88,0,0,0,1,1
37,370671,3,3,0,0,0,5,5,25,1040,10,8,2012,6,13,51,1,11,1,I-85,,99999,35.47388056,-80.58118056,0,12,1,0,1,1,0,1,1,1,0,1,0,0000000,13,39,13,45,14,9,0,0,0,1,0
37,370672,1,1,0,0,0,1,1,31,0,7,8,2012,3,17,0,0,6,4,CR-1104,,99999,34.76642778,-77.09629722,0,32,0,0,1,1,0,4,1,10,0,10,0,0000000,16,58,17,8,17,54,0,0,0,1,1
37,370673,1,1,0,0,0,1,1,31,0,25,8,2012,7,23,3,0,3,3,SR-58,,99999,34.71874722,-77.070425,0,30,0,0,1,1,0,4,2,1,0,1,0,0000000,23,4,23,11,23,42,0,0,0,1,0
37,370674,2,1,1,2,2,1,1,39,0,3,8,2012,6,14,9,0,4,3,SR-60,,99999,35.01711667,-84.12139167,0,8,0,0,1,1,2,4,1,1,0,1,0,0000000,14,3,14,15,88,88,0,0,0,2,0
37,370675,1,1,0,0,0,2,2,41,0,28,8,2012,3,8,15,1,2,2,US-17,,99999,36.07069444,-76.62435,0,57,0,0,1,1,0,3,1,1,0,1,0,0000000,99,99,99,99,99,99,0,0,0,1,0
37,370676,1,1,0,0,0,1,1,45,1651,13,8,2012,2,23,24,0,3,3,SR-18,,99999,35.42347222,-81.50149444,0,33,0,0,1,1,0,4,3,1,0,1,0,0000000,99,99,99,99,99,99,0,0,0,1,1
37,370677,2,2,0,0,0,3,3,45,1651,13,8,2012,2,23,24,0,3,3,SR-18,,99999,35.42378611,-81.50140833,0,12,1,0,1,1,0,1,3,1,0,1,0,0000000,99,99,99,99,99,99,0,0,0,1,1
37,370678,1,1,0,0,0,3,3,45,0,17,8,2012,6,16,8,0,3,3,SR-226,,99999,35.25571111,-81.507275,0,35,0,0,1,1,0,4,1,1,0,1,0,0000000,99,99,99,99,99,99,0,0,0,1,0
37,370679,2,2,0,0,0,6,6,47,0,2,8,2012,5,14,19,1,2,2,US-76,,99999,34.3258,-78.98538333,0,12,6,0,8,1,0,1,1,1,0,1,0,0000000,14,16,14,21,15,5,0,0,0,2,0
37,370680,3,3,0,1,1,3,3,49,0,14,8,2012,3,20,31,0,6,4,CR-1232,,99999,35.18238056,-77.28679167,0,8,0,0,1,1,0,1,2,1,0,1,0,0000000,99,99,99,99,99,99,0,0,0,1,0
37,370681,1,1,0,1,1,1,1,51,1670,27,8,2012,2,17,3,0,16,6,S REILLY RD,NORTHUMBERLAND,99999,35.066825,-79.013375,0,8,0,0,3,3,0,1,1,1,0,1,0,0000000,17,6,17,16,88,88,0,0,0,1,0
37,370682,2,2,0,0,0,2,2,51,1670,9,8,2012,5,14,39,0,16,6,RAMSEY ST,LONGVIEW DR,99999,35.11116111,-78.87921389,0,12,8,0,2,2,0,1,1,1,0,1,0,0000000,14,39,14,39,15,28,0,0,0,1,0
37,370683,1,1,0,1,1,5,5,55,2435,7,8,2012,3,1,55,0,3,3,SR-12,,99999,36.0136,-75.65715556,0,9,0,0,1,1,0,1,3,2,0,2,0,0000000,1,58,2,3,2,15,0,0,0,1,1
37,370684,2,2,0,0,0,2,2,57,0,2,8,2012,5,11,0,0,3,3,SR-150,,99999,35.66411667,-80.4745,0,12,6,0,1,1,0,2,1,1,0,1,0,0000000,11,2,11,12,11,36,0,0,0,1,0
37,370685,1,1,0,0,0,1,1,57,0,2,8,2012,5,17,16,0,3,3,SR-1711,,99999,36.01519167,-80.13900556,0,34,0,0,1,1,0,4,1,10,0,10,0,0000000,17,14,17,23,17,48,0,0,0,1,1
37,370686,1,1,0,0,0,1,1,57,0,4,8,2012,7,2,26,0,3,3,SR-1520,,99999,35.98318056,-80.30467222,0,43,0,0,1,1,0,4,2,1,0,1,0,0000000,2,25,2,38,88,88,0,0,0,1,1
37,370687,1,1,0,0,0,1,1,57,0,3,8,2012,6,12,57,0,3,3,SR-47,,99999,35.60376111,-80.04465556,0,34,0,0,1,1,0,4,1,1,0,1,0,0000000,12,57,13,16,88,88,0,0,0,1,1
37,370688,2,2,0,0,0,3,3,57,2620,19,8,2012,1,15,50,0,16,6,RALEIGH RD,YOUNG DR,99999,35.81490556,-80.23285833,0,12,6,0,2,2,0,1,1,10,0,10,0,0000000,15,50,15,55,16,33,0,0,0,1,0
37,370689,1,1,0,0,0,1,1,59,0,5,8,2012,1,7,42,1,2,2,US-601,,99999,35.91378611,-80.581475,0,1,0,0,1,1,0,4,2,1,0,1,0,0000000,7,37,7,52,88,88,0,0,0,1,1