STATE,ST_CASE,VE_TOTAL,VE_FORMS,PVH_INVL,PEDS,PERNOTMVIT,PERMVIT,PERSONS,COUNTY,CITY,DAY,MONTH,YEAR,DAY_WEEK,HOUR,MINUTE,NHS,ROAD_FNC,ROUTE,TWAY_ID,TWAY_ID2,MILEPT,LATITUDE,LONGITUD,SP_JUR,HARM_EV,MAN_COLL,RELJCT1,RELJCT2,TYP_INT,WRK_ZONE,REL_ROAD,LGT_COND,WEATHER1,WEATHER2,WEATHER,SCH_BUS,RAIL,NOT_HOUR,NOT_MIN,ARR_HOUR,ARR_MIN,HOSP_HR,HOSP_MN,CF1,CF2,CF3,FATALS,DRUNK_DR
37,370690,2,2,0,0,0,5,5,61,0,17,8,2012,6,9,18,0,3,3,SR-111,SR-1306,99999,34.95749167,-77.97435278,0,12,6,0,2,2,0,1,1,1,0,1,0,0000000,9,26,9,40,10,18,0,0,0,1,0
37,370691,1,1,0,0,0,1,1,61,0,26,8,2012,1,16,30,0,3,3,SR-111,,99999,34.925275,-77.77373611,0,42,0,0,1,1,0,4,1,1,0,1,0,0000000,16,26,16,30,88,88,0,0,0,1,0
37,370692,1,1,0,1,1,1,1,63,1360,12,8,2012,1,18,44,0,16,6,LINCOLN ST,DUPREE ST,99999,35.97745833,-78.897475,0,15,0,0,2,2,0,1,1,1,0,1,0,0000000,18,28,18,30,18,42,0,0,0,1,0
37,370693,1,1,0,1,1,1,1,63,1360,26,8,2012,1,2,26,0,16,6,HOLLOWAY ST,,99999,35.99440556,-78.89367778,0,8,0,0,1,1,0,1,3,1,0,1,0,0000000,99,99,99,99,88,88,0,0,0,1,0
37,370694,1,1,0,1,1,1,1,65,0,30,8,2012,5,6,58,0,3,3,SR-43,,99999,99.99990000,999.99990000,0,8,0,0,1,1,0,1,1,1,0,1,0,0000000,99,99,99,99,99,99,0,0,0,1,0
37,370695,1,1,0,0,0,1,1,67,0,17,8,2012,6,20,50,0,3,3,SR-3036,,99999,36.02390556,-80.30850833,0,38,0,0,1,1,0,4,2,1,0,1,0,0000000,20,48,20,58,21,30,0,0,0,1,0
37,370696,2,2,0,0,0,2,2,67,5120,3,8,2012,6,21,15,0,16,6,SILAS CRK PKWY,EBERT RD,99999,36.07008056,-80.27741667,0,12,6,0,2,2,0,1,3,1,0,1,0,0000000,21,15,21,27,21,41,0,0,0,1,0
37,370697,2,2,0,0,0,5,5,69,0,26,8,2012,1,13,58,0,3,3,SR-56,SR-1114,99999,36.08500278,-78.35209722,0,12,2,0,2,3,0,1,1,1,0,1,0,0000000,13,59,14,16,99,99,0,0,0,1,0
37,370698,2,2,0,0,0,3,3,69,0,25,8,2012,7,7,7,1,2,2,US-1,SR-143,99999,36.01984722,-78.51381667,0,12,6,0,2,2,0,1,1,10,0,10,0,0000000,7,9,7,19,99,99,0,0,0,1,0
37,370699,1,1,0,0,0,1,1,77,0,4,8,2012,7,5,15,0,3,3,SR-1164,,99999,36.29906389,-78.62154722,0,34,0,0,1,1,0,4,2,1,0,1,0,0000000,5,18,5,28,6,13,0,0,0,1,1
37,370700,1,1,0,0,0,1,1,77,0,21,8,2012,3,13,50,0,3,3,SR-1646,,99999,36.29601111,-78.59247778,0,52,0,0,1,1,0,4,1,10,0,10,0,0000000,13,48,13,55,14,21,0,0,0,1,1
37,370701,2,2,0,0,0,6,6,79,0,27,8,2012,2,13,57,1,2,2,US-13,,99999,35.47804722,-77.65491667,0,12,6,0,1,1,0,1,1,2,0,2,0,0000000,99,99,99,99,99,99,0,0,0,2,2
37,370702,1,1,0,0,0,1,1,81,0,2,8,2012,5,14,15,0,3,3,SR-2755,,99999,36.10971389,-79.58291944,0,42,0,0,1,1,0,4,1,1,0,1,0,0000000,14,6,14,15,88,88,0,0,0,1,1
37,370703,2,2,0,0,0,2,2,81,2170,14,8,2012,3,11,56,0,16,6,N HAMILTON ST,MONTLIEU AVE,99999,35.96655833,-80.01098056,0,12,6,0,2,2,0,1,1,1,0,1,0,0000000,11,57,11,57,12,11,0,0,0,1,0
37,370704,2,2,0,0,0,6,6,81,2170,28,8,2012,3,14,39,0,16,6,S ELM ST,W GREEN DR,99999,35.95360556,-80.00643056,0,12,6,0,2,2,0,1,1,1,0,1,0,0000000,14,41,14,48,15,1,0,0,0,1,0
37,370705,1,1,0,0,0,1,1,85,0,25,8,2012,7,5,46,0,3,3,SR-1117,,99999,35.31000833,-78.97409722,0,34,0,0,1,1,0,4,2,2,0,2,0,0000000,5,43,5,55,88,88,0,0,0,1,1
37,370706,5,5,0,0,0,7,7,93,0,7,8,2012,3,10,38,1,2,2,US-401,SR-1408,99999,35.00702778,-79.170375,0,12,1,0,2,2,0,1,1,1,0,1,0,0000000,99,99,99,99,99,99,14,0,0,1,0
37,370707,1,1,0,0,0,2,2,93,0,9,8,2012,5,2,44,0,3,3,SR-1422,,99999,34.97575,-79.13303333,0,42,0,0,1,1,0,4,2,1,0,1,0,0000000,99,99,99,99,88,88,0,0,0,2,1
37,370708,1,1,0,0,0,1,1,93,0,21,8,2012,3,0,36,0,3,3,SR-1219,,99999,35.04350556,-79.357075,0,42,0,0,1,1,0,4,2,1,0,1,0,0000000,99,99,99,99,88,88,0,0,0,1,1
37,370709,2,2,0,0,0,3,3,93,0,26,8,2012,1,19,40,0,3,3,SR-1214,SR-1225,99999,35.05443333,-79.38634444,0,12,6,0,2,2,0,1,1,1,0,1,0,0000000,99,99,99,99,99,99,0,0,0,1,0
37,370710,1,1,0,0,0,2,2,99,0,9,8,2012,5,14,56,1,2,2,US-23,,99999,35.36891111,-83.25236389,0,1,0,0,1,1,0,4,1,2,0,2,0,0000000,14,52,15,0,15,27,0,0,0,1,0
37,370711,1,1,0,0,0,4,4,101,0,1,8,2012,4,7,17,1,1,1,I-95,,99999,35.550975,-78.21595833,0,42,0,0,1,1,0,3,1,10,0,10,0,0000000,99,99,99,99,99,99,0,0,0,1,0
37,370712,1,1,0,0,0,1,1,101,0,4,8,2012,7,2,33,1,1,1,I-95,,99999,35.54974167,-78.21901944,0,42,0,0,5,1,0,4,2,1,0,1,0,0000000,2,31,2,36,3,19,20,0,0,1,1
37,370713,2,2,0,0,0,3,3,101,0,6,8,2012,2,13,5,0,3,3,SR-242,,99999,99.99990000,999.99990000,0,12,1,0,4,1,0,1,1,1,0,1,0,0000000,13,18,13,28,14,5,0,0,0,1,0
37,370714,1,1,0,1,1,1,1,101,4230,25,8,2012,7,9,51,1,12,2,US-301,,99999,35.48366944,-78.36631111,0,8,0,0,1,1,1,1,9,1,0,1,0,0000000,99,99,99,99,99,99,0,0,0,1,0
37,370715,1,1,0,0,0,1,1,109,0,2,8,2012,5,18,14,0,3,3,SR-150,SR-1335,99999,35.46555556,-81.26948611,0,53,0,0,2,3,0,4,1,10,0,10,0,0000000,18,13,18,21,18,49,0,0,0,1,0
37,370716,1,1,0,0,0,2,2,113,0,4,8,2012,7,14,41,0,3,3,SR-1535,,99999,35.15290833,-83.21400556,0,35,0,0,1,1,0,4,1,10,0,10,0,0000000,14,45,15,5,15,42,0,0,0,1,0
37,370717,2,2,0,0,0,6,6,111,0,11,8,2012,7,12,37,1,2,2,US-70,,99999,99.99990000,999.99990000,0,12,2,0,1,1,0,1,1,1,0,1,0,0000000,12,34,12,37,88,88,0,0,0,1,0
37,370718,5,5,0,0,0,6,6,119,870,3,8,2012,6,7,6,0,16,6,N TRYON ST,SUGAR CREEK RD,99999,35.25817778,-80.79461944,0,30,0,0,2,2,0,4,1,1,0,1,0,0000000,7,7,7,9,7,21,14,0,0,1,0
37,370719,1,1,0,0,0,1,1,119,3095,4,8,2012,7,11,56,0,16,6,NELSON RD,,99999,35.18210278,-80.65652222,0,34,0,0,1,1,0,4,1,1,0,1,0,0000000,11,54,11,59,12,12,0,0,0,1,0
37,370720,1,1,0,1,1,1,1,119,3095,16,8,2012,5,2,57,0,16,6,LEBANON RD,,99999,35.17734167,-80.69211111,0,8,0,0,1,1,0,1,2,1,0,1,0,0000000,2,43,2,52,2,57,0,0,0,1,0
37,370721,1,1,0,0,0,2,2,119,870,26,8,2012,1,3,14,0,16,6,OLD MOUNT HOLLY RD,,99999,35.28068333,-80.92562778,0,43,0,0,1,1,0,4,3,1,0,1,0,0000000,3,14,3,23,3,25,0,0,0,1,1
37,370722,2,2,0,0,0,2,2,119,870,28,8,2012,3,11,18,1,11,1,I-85,,99999,35.28413056,-80.775175,0,12,1,0,1,1,0,1,1,1,0,1,0,0000000,10,52,11,2,11,31,0,0,0,1,0
37,370723,1,1,0,1,1,1,1,119,870,11,8,2012,7,4,10,0,16,6,QUEEN CITY BLVD,,99999,35.23926944,-80.91453056,0,8,0,0,1,1,0,1,2,1,0,1,0,0000000,4,12,4,17,4,35,0,0,0,1,1
37,370724,1,1,0,0,0,1,1,119,870,5,8,2012,1,0,38,0,16,6,ZOAR RD,,99999,35.07869444,-81.00625556,0,1,0,0,1,1,0,4,2,1,0,1,0,0000000,0,28,0,40,88,88,0,0,0,1,1
37,370725,1,1,0,1,1,1,1,119,870,4,8,2012,7,22,16,0,16,6,EASTWAY DR,,99999,35.24560556,-80.78079167,0,8,0,0,1,1,0,1,3,1,0,1,0,0000000,22,15,22,25,88,88,0,0,0,1,0
37,370726,2,1,1,0,0,1,1,119,870,24,8,2012,6,0,55,0,16,6,ROZZELLES FERRY RD,,99999,35.32526944,-80.95586111,0,14,0,0,1,1,0,4,3,1,0,1,0,0000000,0,54,1,2,88,88,0,0,0,1,1
37,370727,1,1,0,0,0,1,1,127,3788,20,8,2012,2,0,51,0,14,3,SR-1604,,99999,35.991525,-77.86580833,0,43,0,0,1,1,0,4,2,1,0,1,0,0000000,0,36,0,46,88,88,0,0,0,1,0
37,370728,1,1,0,1,1,1,1,127,3930,28,8,2012,3,20,28,0,16,6,SUNSET AVE,,99999,35.95272778,-77.82017222,0,8,0,0,1,1,0,1,3,1,0,1,0,0000000,20,24,20,29,88,88,0,0,0,1,0
37,370729,2,2,0,0,0,2,2,129,0,2,8,2012,5,20,6,1,2,2,US-421,SR-1524,99999,34.10695556,-77.89955556,0,12,6,0,2,2,0,1,5,10,0,10,0,0000000,19,56,20,3,99,99,0,0,0,1,0
37,370730,2,2,0,0,0,6,6,129,0,6,8,2012,2,15,13,1,2,2,US-17,,99999,99.99990000,999.99990000,0,12,6,0,4,1,0,1,1,1,0,1,0,0000000,15,12,15,23,15,41,0,0,0,1,0
37,370731,1,1,0,1,1,4,4,129,0,6,8,2012,2,21,36,0,3,3,SR-132,,99999,34.31348056,-77.88008056,0,8,0,0,1,1,0,1,2,1,0,1,0,0000000,21,25,21,31,88,88,0,0,0,1,0
37,370732,1,1,0,1,1,1,1,133,0,9,8,2012,5,18,29,0,3,3,SR-1406,SR-1452,99999,34.71851389,-77.32062778,0,9,0,0,4,1,0,1,1,1,0,1,0,0000000,18,26,18,26,18,58,0,0,0,1,0
37,370733,1,1,0,1,1,1,1,133,2330,29,8,2012,4,21,16,0,14,2,US-17,THOMPSON ST,99999,34.76713889,-77.410825,0,8,0,0,2,2,0,1,3,1,0,1,0,0000000,21,19,21,24,21,34,0,0,0,1,0
37,370734,1,1,0,1,1,1,1,133,2330,28,8,2012,3,21,21,1,12,2,US-17,,99999,34.89173611,-77.23368333,0,8,0,0,1,1,0,1,3,10,0,10,0,0000000,21,31,21,37,21,48,0,0,0,1,0
37,370735,1,1,0,0,0,1,1,141,0,11,8,2012,7,23,10,0,6,6,OLD SWANN POINT AVE,,99999,34.38559722,-77.90804722,0,34,0,0,1,1,0,4,2,1,0,1,0,0000000,23,4,23,14,23,25,0,0,0,1,1
37,370736,1,1,0,1,1,1,1,141,0,13,8,2012,2,20,40,1,2,2,US-17,,99999,99.99990000,999.99990000,0,8,0,0,1,1,0,1,3,1,0,1,0,0000000,20,39,20,50,21,16,0,0,0,1,0
37,370737,1,1,0,0,0,1,1,141,690,18,8,2012,7,2,45,0,3,2,US-421,MALPASS CORNER RD.,99999,34.49851667,-78.05408056,0,1,0,0,1,1,0,1,2,1,0,1,0,0000000,2,44,2,56,88,88,0,0,0,1,0
37,370738,2,2,0,0,0,2,2,147,1950,1,8,2012,4,16,12,0,4,3,SR-43,IVAN HARRIS RD.,99999,35.452175,-77.26382778,0,12,2,0,1,1,0,1,1,10,0,10,0,0000000,16,8,16,19,16,54,0,0,0,1,0
37,370739,1,1,0,1,1,1,1,147,1950,18,8,2012,7,5,0,0,4,3,SR-33,US-13,99999,35.65371667,-77.37171667,0,8,0,0,1,1,0,2,2,1,0,1,0,0000000,99,99,99,99,99,99,0,0,0,1,0
37,370740,2,2,0,0,0,2,2,147,1950,24,8,2012,6,6,2,0,13,2,US-264,MOZINGO RD.,99999,35.60826111,-77.46416667,0,12,1,0,1,1,0,1,2,10,0,10,0,0000000,6,1,6,9,6,25,0,0,0,1,0
37,370741,1,1,0,0,0,2,2,147,1950,10,8,2012,6,23,25,0,16,6,E 3RD ST.,BEECH ST.,99999,35.61259722,-77.36878611,0,5,0,0,1,1,0,1,3,10,0,10,0,0000000,23,31,23,37,0,1,0,0,0,1,1
37,370742,1,1,0,0,0,1,1,149,9898,14,8,2012,3,0,32,0,4,3,SR-9,MCDOWELL RD.,99999,35.196025,-82.05054167,0,30,0,0,1,1,0,6,2,1,0,1,0,0000000,99,99,99,99,99,99,0,0,0,1,1
37,370743,1,1,0,0,0,1,1,149,1030,14,8,2012,3,18,1,0,5,9,BILL COLLINS RD.,HUGH CHAMPION RD.,99999,35.27794444,-82.15281944,0,32,0,0,1,1,0,2,1,10,0,10,0,0000000,17,54,18,4,88,88,0,0,0,1,0
37,370744,1,1,0,0,0,4,4,151,3760,6,8,2012,2,17,40,0,6,6,WRIGHT CNTRY RD.,SR-49,99999,35.7462,-79.64494722,0,35,0,0,1,1,0,2,1,2,0,2,0,0000000,17,38,17,47,99,99,0,0,0,1,1
37,370745,2,2,0,0,0,4,4,151,9999,31,8,2012,6,16,35,0,5,6,FARMER DENTON RD.,CANAAN CHURCH RD.,99999,35.66362778,-80.04301667,0,12,6,0,8,1,0,1,1,1,0,1,0,0000000,16,32,16,48,99,99,0,0,0,1,1
37,370746,1,1,0,0,0,1,1,155,2770,12,8,2012,1,11,57,0,4,2,US-301,RUSS RD.,99999,34.72219444,-78.99528611,0,59,0,0,1,1,0,4,1,1,0,1,0,0000000,11,56,12,1,13,9,0,0,0,1,1
37,370747,2,2,0,0,0,5,5,155,2770,10,8,2012,6,14,13,0,6,6,REGAN CHURCH RD.,IVEY RD.,99999,34.67804722,-78.92100556,0,12,6,0,2,2,0,1,1,1,0,1,0,0000000,14,29,14,36,15,1,0,0,0,1,1
37,370748,2,2,0,0,0,4,4,159,940,2,8,2012,5,7,51,0,4,3,SR-801,CHILDERS RD.,99999,35.65369444,-80.75420833,0,12,2,0,1,1,0,1,1,1,0,1,0,0000000,7,49,8,7,11,23,0,0,0,1,0
37,370749,1,1,0,0,0,1,1,159,1630,8,8,2012,4,21,52,0,4,6,MT. HOPE CHURCH RD.,POP STIREWALT RD.,99999,35.57463889,-80.48330833,0,32,0,0,1,1,0,4,2,1,0,1,0,0000000,99,99,99,99,99,99,0,0,0,1,0
37,370750,1,1,0,1,1,0,0,159,4340,27,8,2012,2,14,55,0,6,6,YADKIN ST.,YADKIN ST.,99999,35.72106944,-80.39761389,0,8,0,0,1,1,0,1,1,1,0,1,0,0000000,99,99,99,99,99,99,0,0,0,1,0
37,370751,2,2,0,0,0,3,3,159,4070,27,8,2012,2,14,37,0,4,6,SHERRILLS FORD RD.,LAKEVIEW RD.,99999,35.69474722,-80.62845556,0,23,0,0,1,1,0,4,1,1,0,1,0,0000000,99,99,99,99,99,99,0,0,0,2,0
37,370752,2,2,0,0,0,3,3,159,3920,30,8,2012,5,17,30,0,3,6,OLD BEATTY FORD RD.,BOSTIAN RD.,99999,35.53435278,-80.59138889,0,12,2,0,1,1,0,1,1,1,0,1,0,0000000,17,57,18,30,18,48,0,0,0,1,0
37,370753,1,1,0,0,0,2,2,161,1680,12,8,2012,1,16,59,0,6,6,ROBINSON CREEK RD.,GUN CLUB RD.,99999,35.384475,-81.83756389,0,42,0,0,1,1,0,4,1,1,0,1,0,0000000,16,55,17,1,99,99,0,0,0,1,0
37,370754,2,2,0,0,0,2,2,161,1680,20,8,2012,2,17,53,0,3,2,US-221,COLLINS RD.,99999,35.227125,-81.84286389,0,12,2,0,2,2,1,1,1,1,0,1,0,0000000,17,49,18,3,99,99,0,0,0,1,0
37,370755,2,2,0,0,0,2,2,163,970,11,8,2012,7,10,38,0,6,6,OLD WARSAW RD.,MATTHIS RD.,99999,35.00866944,-78.26658056,0,12,6,0,2,2,0,1,1,1,0,1,0,0000000,10,35,10,41,11,31,0,0,0,1,1
37,370756,1,1,0,1,1,1,1,169,2438,12,8,2012,1,1,20,0,6,6,EDWARDS FARM RD.,EDWARDS FARM RD.,99999,36.33530556,-80.3785,0,8,0,0,1,1,0,1,2,1,0,1,0,0000000,2,48,2,56,5,50,0,0,0,1,1
37,370757,3,3,0,0,0,4,4,171,1270,31,8,2012,6,20,10,0,4,6,ZEPHYR RD.,WR GILLESPIE RD.,99999,36.39601667,-80.76683889,0,12,2,0,1,1,0,1,2,1,0,1,0,0000000,20,9,20,23,20,58,0,0,0,2,0
37,370758,2,2,0,0,0,3,3,175,600,3,8,2012,6,12,41,0,13,3,SR-280,DEVER RD.,99999,35.27707222,-82.69936389,0,12,2,0,1,1,0,1,1,1,0,1,0,0000000,12,36,12,45,99,99,0,0,0,1,0
37,370759,1,1,0,0,0,4,4,175,600,18,8,2012,7,2,46,0,4,2,US-276,US-64,99999,35.27564722,-82.71141111,0,35,0,0,1,1,0,4,2,1,0,1,0,0000000,2,49,3,8,3,53,0,0,0,1,1
37,370760,1,1,0,0,0,1,1,179,3100,12,8,2012,1,17,41,0,13,2,US-74,CHARLES HUNLEY LN.,99999,34.973675,-80.51166111,0,59,0,0,1,1,0,1,1,1,0,1,0,0000000,18,42,18,48,19,25,0,0,0,1,0
37,370761,2,2,0,0,0,2,2,179,4890,14,8,2012,3,6,45,0,4,3,SR-16,NEW TOWN RD.,99999,34.99139722,-80.77273333,0,12,8,0,1,1,0,1,1,1,0,1,0,0000000,99,99,99,99,99,99,0,0,0,1,0
37,370762,1,1,0,0,0,1,1,179,3100,15,8,2012,4,15,5,0,6,6,STACKS RD.,SR-207,99999,34.94393611,-80.53705278,0,34,0,0,2,3,0,4,1,1,0,1,0,0000000,99,99,99,99,99,99,0,0,0,1,1
37,370763,1,1,0,0,0,1,1,181,2120,30,8,2012,5,22,13,0,6,6,KELLY RD.,THOMAS RD.,99999,36.41836667,-78.45205,0,34,0,0,3,3,0,4,2,1,0,1,0,0000000,22,9,22,20,88,88,0,0,0,1,0
37,370764,2,2,0,0,0,2,2,181,2120,31,8,2012,6,7,54,0,14,3,SR-39,FOSTER RD.,99999,36.25465278,-78.33646944,0,12,8,0,1,1,0,1,1,5,0,5,0,0000000,7,53,8,0,8,34,0,0,0,1,1
37,370765,2,2,0,0,0,2,2,183,4940,1,8,2012,4,0,22,1,2,2,US-64 BYP,US-64,99999,35.79611111,-78.43171389,0,12,7,0,1,1,0,1,2,1,0,1,0,0000000,0,21,0,30,1,4,0,0,0,1,0
37,370766,1,1,0,0,0,1,1,183,800,5,8,2012,1,22,11,0,6,6,SMITH RD.,STEPHENSON RD.,99999,35.70111389,-78.80828611,0,1,0,0,1,1,0,4,2,1,0,1,0,0000000,99,99,99,99,99,99,0,0,0,1,1
37,370767,1,1,0,0,0,1,1,183,2230,4,8,2012,7,17,12,0,16,6,KATHA DRIVE,MCCLAIN STREET,99999,35.67513889,-78.83762778,0,42,0,0,1,1,0,4,1,1,0,1,0,0000000,99,99,99,99,99,99,0,0,0,1,0
37,370768,2,2,0,0,0,5,5,183,2230,11,8,2012,7,13,9,0,6,6,STEPHENSON RD.,TYRES CT.,99999,35.70236944,-78.80301944,0,12,8,0,1,1,0,1,1,1,0,1,0,0000000,99,99,99,99,99,99,0,0,0,2,0
37,370769,3,3,0,0,0,6,6,183,5230,12,8,2012,1,3,23,1,2,2,US-64,PIPPIN RD.,99999,35.83493611,-78.33251389,0,12,1,0,1,1,0,1,2,1,0,1,0,0000000,3,30,3,42,99,99,0,0,0,1,3
37,370770,2,2,0,0,0,3,3,183,4790,6,8,2012,2,21,38,1,2,6,CAPITAL BLVD.,STADIUM DRIVE,99999,35.99038056,-78.52975,0,12,1,0,2,2,0,1,2,2,0,2,0,0000000,21,37,21,42,22,12,0,0,0,1,1
37,370771,2,2,0,0,0,2,2,189,560,24,8,2012,6,1,40,0,2,3,SR-105,OLD DANNER RD.,99999,36.20700556,-81.71316111,0,12,2,0,1,1,0,1,2,1,0,1,0,0000000,99,99,99,99,99,99,0,0,0,1,1
37,370772,1,1,0,1,1,3,3,191,1880,16,8,2012,5,21,23,1,2,2,US-70,POWELL RD.,99999,35.33930278,-77.89823056,0,8,0,0,2,3,0,1,2,1,0,1,0,0000000,21,21,21,27,21,37,0,0,0,1,1
37,370773,1,1,0,1,1,1,1,195,5070,25,8,2012,7,20,36,0,5,6,LAMM RD.,COUNTRYSIDE RD.,99999,35.76899722,-78.00885,0,8,0,0,1,1,0,1,2,10,2,2,0,0000000,20,23,20,31,88,88,0,0,0,1,0
37,370774,1,1,0,0,0,2,2,199,710,24,8,2012,6,8,25,0,6,6,GREEN MTN. DRIVE,AUNT EFFIE RD.,99999,35.92846944,-82.286275,0,53,0,0,1,1,0,4,1,1,0,1,0,0000000,8,30,8,39,9,37,0,0,0,1,0
37,370775,1,1,0,0,0,2,2,1,1900,2,9,2012,1,21,56,0,4,6,GREENSBORO-CHAPEL HILL RD.,STOCKARD RD.,99999,35.90541944,-79.31550556,0,42,0,0,1,1,0,4,2,10,2,2,0,0000000,21,52,22,11,22,58,0,0,0,1,0
37,370776,1,1,0,0,0,1,1,1,1900,10,9,2012,2,22,20,0,2,3,SR-87 BUS,STOCKARD RD.,99999,35.91687778,-79.31235556,0,32,0,0,1,1,0,4,2,1,0,1,0,0000000,22,16,22,35,23,30,0,0,0,1,0
37,370777,2,2,0,0,0,4,4,9,4970,22,9,2012,7,16,1,0,5,2,US-221,MT. JEFFERSON RD.,99999,36.40398056,-81.48027222,0,12,2,0,2,2,0,1,1,1,0,1,0,0000000,15,59,16,2,16,13,0,0,0,1,0
37,370778,1,1,0,0,0,1,1,11,3260,30,9,2012,1,1,23,0,6,6,S. LINVILLE AVE.,US-221,99999,36.070525,-81.87041389,0,24,0,0,3,3,0,4,2,1,0,1,0,0000000,1,23,1,28,1,48,0,0,0,1,1
37,370779,1,1,0,0,0,1,1,13,3490,9,9,2012,1,1,4,0,3,2,US-264,SEED TICK NECK RD.,99999,35.54395833,-76.70495556,0,30,0,0,1,1,0,5,2,2,0,2,0,0000000,99,99,99,99,99,99,0,0,0,1,1
37,370780,1,1,0,0,0,1,1,13,4860,7,9,2012,6,3,0,0,6,6,BETSY ELBOW RD.,SLATESTONE RD.,99999,35.57256667,-76.94304444,0,42,0,0,1,1,0,4,2,10,0,10,0,0000000,4,30,4,46,88,88,0,0,0,1,1
37,370781,2,2,0,0,0,5,5,15,2610,2,9,2012,1,5,14,0,4,3,SR-308,JACK BRANCH RD.,99999,36.11516667,-77.13571111,0,12,6,0,2,2,0,1,2,1,0,1,0,0000000,5,2,5,8,5,55,0,0,0,1,1
37,370782,3,3,0,0,0,4,4,15,2610,4,9,2012,3,13,18,0,3,3,SR-11,S.MAIN ST.,99999,36.12283056,-77.17621111,0,12,1,0,2,3,0,1,1,1,0,1,0,0000000,13,15,13,22,14,17,0,0,0,1,0
37,370783,1,1,0,0,0,1,1,19,540,1,9,2012,7,21,46,0,2,7,US-17,SR-87,99999,34.15145833,-78.09343889,0,1,0,0,1,1,0,1,2,1,0,1,0,0000000,21,41,21,41,88,88,0,0,0,1,0
37,370784,1,1,0,0,0,4,4,19,4160,1,9,2012,7,15,49,1,2,2,US-17,CUMBEE RD. SW,99999,33.99789167,-78.32805833,0,34,0,0,1,1,0,4,1,1,0,1,0,0000000,15,43,15,52,16,8,0,0,0,1,0
37,370785,1,1,0,1,1,1,1,19,718,13,9,2012,5,5,33,1,2,2,US-17,COUNTRY CLUB RD.,99999,33.90997222,-78.58341111,0,8,0,0,1,1,0,1,2,1,0,1,0,0000000,5,27,5,35,88,88,0,0,0,1,0
37,370786,2,2,0,0,0,2,2,19,9997,17,9,2012,2,15,54,1,2,2,US-17,SHINGLETREE RD. NW,99999,33.91924444,-78.57818611,0,12,6,0,2,3,0,1,1,1,0,1,0,0000000,15,51,16,0,99,99,0,0,0,1,0
37,370787,1,1,0,0,0,1,1,21,4910,5,9,2012,4,7,46,1,1,1,I-26,I-26,99999,35.775225,-82.53834722,0,1,0,0,1,1,0,2,1,10,0,10,0,0000000,7,45,7,52,8,33,0,0,0,1,0
37,370788,1,1,0,0,0,2,2,21,170,17,9,2012,2,21,24,1,2,2,US-25,MILLS GAP RD.,99999,35.49934444,-82.52118611,0,30,0,0,1,1,0,4,3,2,0,2,0,0000000,21,27,21,39,22,5,0,0,0,1,1
37,370789,1,1,0,0,0,4,4,21,170,3,9,2012,2,9,47,1,1,1,I-40,I-40,99999,35.55819444,-82.63150833,0,35,0,0,1,1,0,4,1,2,10,2,0,0000000,9,50,9,58,10,25,0,0,0,1,0
37,370790,2,2,0,0,0,3,3,27,1920,16,9,2012,1,11,46,1,2,2,US-321,GLENN RIDGE DR.,99999,35.78531389,-81.40538611,0,12,6,0,2,3,0,1,1,10,0,10,0,0000000,11,45,11,48,14,30,0,0,0,2,0
37,370791,2,2,0,0,0,2,2,31,3120,13,9,2012,5,13,18,0,2,3,SR-24,MERRILL DR.,99999,34.73430278,-76.86149722,0,12,1,0,1,1,0,1,1,1,0,1,0,0000000,13,31,13,38,14,42,0,0,0,1,0
37,370792,1,1,0,0,0,2,2,35,2150,9,9,2012,1,2,2,0,5,6,RHONEY FARM RD.,SR-10,99999,35.59107778,-81.44525278,0,42,0,0,1,1,0,5,2,1,0,1,0,0000000,2,8,2,17,88,88,0,0,0,2,1
37,370793,2,2,0,0,0,2,2,35,2150,13,9,2012,5,21,48,0,13,7,1ST AV. SW,9TH ST. SW,99999,35.73089722,-81.35253889,0,12,6,0,2,2,0,1,3,1,0,1,0,0000000,21,49,21,54,22,11,0,0,0,1,2
37,370794,1,1,0,0,0,2,2,35,2850,28,9,2012,6,2,38,0,6,6,HERTER RD.,BLACKBURN BRIDGE RD.,99999,35.58405,-81.28124167,0,1,0,0,1,1,0,1,2,1,0,1,0,0000000,2,53,3,4,99,99,0,0,0,1,0
37,370795,1,1,0,0,0,1,1,47,5020,15,9,2012,7,16,23,0,4,3,SR-131,SILVER SPOON RD.,99999,34.43286389,-78.74878611,0,34,0,0,1,1,0,4,1,1,0,1,0,0000000,16,19,16,27,16,47,0,0,0,1,0
37,370796,2,2,0,0,0,7,7,47,5020,15,9,2012,7,20,20,0,4,3,SR-905,MM RAY RD.,99999,34.127425,-78.66446667,0,12,2,0,1,1,0,1,2,1,0,1,0,0000000,20,19,20,30,21,13,0,0,0,1,1
37,370797,1,1,0,1,1,3,3,47,1600,25,9,2012,3,19,9,0,4,6,ROUGH N READY ST.,ENZOR RD.,99999,34.31395833,-79.00993056,0,8,0,0,1,1,0,1,2,1,0,1,0,0000000,19,5,19,12,88,88,0,0,0,1,0