STATE,ST_CASE,VE_TOTAL,VE_FORMS,PVH_INVL,PEDS,PERNOTMVIT,PERMVIT,PERSONS,COUNTY,CITY,DAY,MONTH,YEAR,DAY_WEEK,HOUR,MINUTE,NHS,ROAD_FNC,ROUTE,TWAY_ID,TWAY_ID2,MILEPT,LATITUDE,LONGITUD,SP_JUR,HARM_EV,MAN_COLL,RELJCT1,RELJCT2,TYP_INT,WRK_ZONE,REL_ROAD,LGT_COND,WEATHER1,WEATHER2,WEATHER,SCH_BUS,RAIL,NOT_HOUR,NOT_MIN,ARR_HOUR,ARR_MIN,HOSP_HR,HOSP_MN,CF1,CF2,CF3,FATALS,DRUNK_DR
37,370798,1,1,0,0,0,1,1,47,850,29,9,2012,7,16,43,0,3,6,OLD STAKE RD,ROUGH AND READY RD,99999,34.26900278,-78.85873889,0,34,0,0,1,1,0,4,1,1,0,1,0,0000000,16,38,16,47,17,21,0,0,0,1,0
37,370799,1,1,0,0,0,1,1,49,1280,13,9,2012,5,23,51,0,4,6,MAPLE CYPRESS RD,BRIDDLE RD,99999,35.30478611,-77.31794444,0,34,0,0,1,1,0,4,2,1,0,1,0,0000000,23,50,23,54,1,15,0,0,0,1,1
37,370800,1,1,0,0,0,1,1,51,4767,2,9,2012,1,18,0,1,1,1,I-95,SAMBO JACKSON RD,99999,35.05371389,-78.79876944,0,34,0,0,1,1,0,4,1,1,0,1,0,0000000,18,0,18,8,18,48,0,0,0,1,1
37,370801,2,2,0,0,0,2,2,51,1670,7,9,2012,6,16,12,0,13,6,LCL CLIFFDALE RD,LCL JENNINGS RD,99999,35.03151944,-79.06174444,0,12,6,0,2,2,0,1,1,1,0,1,0,0000000,16,13,16,17,99,99,0,0,0,1,1
37,370802,1,1,0,0,0,1,1,51,1670,28,9,2012,6,19,11,1,11,1,I-95,MURPHY RD,99999,35.08401111,-78.78701389,0,42,0,0,5,1,0,4,5,1,0,1,0,0000000,18,58,19,6,88,88,0,0,0,1,1
37,370803,2,2,0,0,0,2,2,57,4803,11,9,2012,3,17,53,0,15,6,GUM TREE RD,IVY YOKELEY RD,99999,36.00455278,-80.18161944,0,12,2,0,1,1,0,1,1,1,0,1,0,0000000,17,52,18,4,18,33,0,0,0,1,0
37,370804,2,2,0,0,0,5,5,57,4590,29,9,2012,7,14,0,0,3,2,US-64,BLACKBERRY RD,99999,35.76916944,-80.09211667,0,12,6,0,1,1,0,1,1,10,2,2,0,0000000,13,58,14,7,14,59,0,0,0,1,0
37,370805,2,2,0,0,0,3,3,63,1360,3,9,2012,2,12,44,0,4,6,S MINERAL SPRINGS RD,WILLOW SPRINGS RD,99999,35.97556667,-78.82707778,0,12,2,0,1,1,0,4,1,1,0,1,0,0000000,12,23,12,28,99,99,0,0,0,1,0
37,370806,1,1,0,0,0,1,1,63,1360,15,9,2012,7,4,45,0,6,6,CLAYTON RD,GLENROSE DR,99999,36.002325,-78.83297778,0,42,0,0,1,1,0,5,2,1,0,1,0,0000000,4,48,4,56,88,88,0,0,0,1,1
37,370807,1,1,0,1,1,2,2,63,1360,25,9,2012,3,19,25,0,6,6,DUKE LN,HEBRON RD,99999,36.0615,-78.88890278,0,8,0,0,1,1,0,1,5,1,0,1,0,0000000,19,30,19,35,19,50,0,0,0,1,0
37,370808,2,2,0,0,0,2,2,67,2430,24,9,2012,2,22,19,0,4,6,WEST MOUNTAIN ST,PISAGH CHURCH,99999,36.12650278,-80.14060278,0,12,6,0,1,1,0,1,2,1,0,1,0,0000000,99,99,99,99,99,99,0,0,0,1,0
37,370809,1,1,0,0,0,1,1,71,1800,8,9,2012,7,3,36,0,6,6,CHAPEL GRVE SCHOOL RD,HICKORY CREEK DR,99999,35.20340278,-81.24322778,0,32,0,0,1,1,0,4,2,1,0,1,0,0000000,99,99,99,99,99,99,0,0,0,1,1
37,370810,1,1,0,0,0,1,1,71,430,21,9,2012,6,23,8,0,4,3,SR-161,LEWIS FARM RD,99999,35.27146944,-81.317475,0,30,0,0,1,1,0,4,2,1,0,1,0,0000000,99,99,99,99,99,99,0,0,0,1,1
37,370811,1,1,0,0,0,1,1,77,713,15,9,2012,7,19,5,0,15,6,WYLON STATION RD,SR-HWY 56,99999,36.156275,-78.72635556,0,1,0,0,1,1,0,4,5,1,0,1,0,0000000,99,99,99,99,99,99,0,0,0,1,1
37,370812,1,1,0,0,0,1,1,79,4250,26,9,2012,4,15,36,0,6,6,JIM GRANT RD,HOLL RD,99999,35.41031944,-77.68886944,0,34,0,0,1,1,0,4,1,1,0,1,0,0000000,99,99,99,99,99,99,0,0,0,1,0
37,370813,2,2,0,0,0,2,2,81,4464,14,9,2012,6,10,5,1,2,2,US-220,US-158,99999,36.24723611,-79.920725,0,12,6,0,2,2,0,1,1,10,0,10,0,0000000,10,5,10,22,10,47,0,0,0,1,0
37,370814,1,1,0,0,0,1,1,81,2170,18,9,2012,3,21,0,0,14,6,E. GREEN DR.,PARK ST.,99999,35.95407778,-79.99720556,0,33,0,0,2,2,0,1,3,2,0,2,0,0000000,21,2,21,7,21,16,0,0,0,1,1
37,370815,1,1,0,1,1,1,1,81,1940,25,9,2012,3,20,45,0,2,6,E. WENDOVER AVE,ELWELL AVE,99999,36.087475,-79.74352222,0,8,0,0,3,2,0,1,2,1,0,1,0,0000000,20,47,20,51,88,88,0,0,0,1,0
37,370816,2,2,0,0,0,2,2,83,1990,5,9,2012,4,22,45,0,5,6,JUSTICE BRANCH RD,WAYMAN CHURCH RD,99999,36.34495556,-77.77243056,0,12,6,0,1,1,0,1,2,1,0,1,0,0000000,22,35,22,48,23,24,0,0,0,1,0
37,370817,1,1,0,1,1,1,1,83,1540,15,9,2012,7,6,28,0,6,6,SORIENTOWN RD,SR-481,99999,36.15745278,-77.54672222,0,8,0,0,1,1,0,1,1,5,0,5,0,0000000,6,19,8,12,8,52,0,0,0,1,1
37,370818,1,1,0,0,0,2,2,83,3860,23,9,2012,1,1,44,0,4,6,THELMA RD,HUCKLEBERRY BTRM,99999,36.47254722,-77.7806,0,53,0,0,1,1,0,4,2,10,0,10,0,0000000,1,41,1,51,2,13,0,0,0,1,0
37,370819,1,1,0,0,0,2,2,85,2650,2,9,2012,1,15,57,0,4,6,CHRISTIAN LIGHT RD,ROLLINS RD,99999,35.55871389,-78.85128611,0,32,0,0,1,1,0,5,1,10,0,10,0,0000000,99,99,99,99,99,99,0,0,0,1,0
37,370820,1,1,0,1,1,1,1,85,1350,10,9,2012,2,20,24,0,6,6,GEORGE PERRY LEE RD,JONESBORO RD,99999,35.32476389,-78.56778333,0,9,0,0,1,1,0,1,2,1,0,1,0,0000000,20,19,20,24,21,16,0,0,0,1,0
37,370821,1,1,0,0,0,2,2,85,2650,29,9,2012,7,1,49,0,6,6,WOMACK RD,COOL SPRINGS RD,99999,35.471775,-78.97405278,0,34,0,0,1,1,0,4,2,10,2,2,0,0000000,99,99,99,99,99,99,0,0,0,1,1
37,370822,3,3,0,0,0,5,5,89,2130,1,9,2012,7,20,21,0,4,6,HOWARD GAP RD,N. CLEAR CREEK RD,99999,35.36508889,-82.44714167,0,12,2,0,1,1,0,1,2,1,0,1,0,0000000,20,11,20,19,21,16,0,0,0,1,0
37,370823,2,2,0,0,0,3,3,89,2130,15,9,2012,7,17,6,1,2,3,SR-191,N. RUGBY RD,99999,35.36779167,-82.52386111,0,12,2,0,2,2,0,1,1,10,0,10,0,0000000,17,2,17,9,17,23,0,0,0,1,0
37,370824,1,1,0,0,0,1,1,93,3740,1,9,2012,7,4,41,0,6,6,GAINEY RD,FULFORD MCMILLIAN RD,99999,34.95870278,-79.34697778,0,42,0,0,1,1,0,4,2,1,0,1,0,0000000,99,99,99,99,99,99,0,0,0,1,1
37,370825,1,1,0,0,0,4,4,93,3740,14,9,2012,6,21,52,0,5,6,MT. ZION RD,OLD WIRE RD,99999,34.85825,-79.27460278,0,34,0,0,3,3,0,4,2,1,0,1,0,0000000,21,45,22,2,22,58,0,0,0,1,1
37,370826,1,1,0,0,0,1,1,93,3740,29,9,2012,7,14,25,0,6,6,JOHN RUSSELL RD,MCNEIL FARM RD,99999,34.96690556,-79.29428056,0,42,0,0,1,1,0,4,1,1,0,1,0,0000000,99,99,99,99,99,99,0,0,0,1,0
37,370827,2,2,0,0,0,2,2,93,3740,28,9,2012,6,1,52,0,15,6,W. PALMER AVE.,SINGLE TREE LN.,99999,34.97843889,-79.24634722,0,12,2,0,1,1,0,1,2,1,0,1,0,0000000,99,99,99,99,99,99,0,0,0,1,2
37,370828,1,1,0,1,1,4,4,97,4430,2,9,2012,1,20,16,1,2,2,US-70,SHILOH RD.,99999,35.76073333,-80.8322,0,8,0,0,1,1,0,1,2,10,0,10,0,0000000,20,17,20,23,20,45,0,0,0,1,0
37,370829,1,1,0,1,1,1,1,99,4540,17,9,2012,2,21,13,0,3,2,US-441,OLIVET CHURCH,99999,35.45559722,-83.31052778,0,8,0,0,1,1,0,1,2,10,2,2,0,0000000,99,99,99,99,99,99,0,0,0,1,0
37,370830,1,1,0,0,0,1,1,99,9999,7,9,2012,6,13,0,0,4,2,US-19,OLD SOCO RD,99999,35.47209722,-83.31325556,0,1,0,0,1,1,0,1,1,1,0,1,0,0000000,99,99,99,99,99,99,0,0,0,1,0
37,370831,2,2,0,0,0,3,3,101,930,7,9,2012,6,12,45,1,2,2,US-70 BYB,US-70 BUS,99999,35.60374444,-78.42342778,0,12,6,0,1,1,0,1,1,10,0,10,0,0000000,12,42,12,52,13,38,0,0,0,1,0
37,370832,1,1,0,0,0,1,1,105,4090,25,9,2012,3,13,11,0,6,6,CLETUS HALL RD,BUCHANAN FARM RD,99999,35.56496111,-79.06911944,0,53,0,0,1,1,0,4,1,1,0,1,0,0000000,13,13,13,26,88,88,0,0,0,1,0
37,370833,1,1,0,0,0,1,1,107,2450,9,9,2012,1,10,48,0,16,5,201 PIERCE RD,PIERCE RD,99999,35.28436667,-77.57901944,0,33,0,0,1,1,0,5,1,1,0,1,0,0000000,10,48,10,51,11,10,0,0,0,1,1
37,370834,1,1,0,0,0,1,1,107,1210,26,9,2012,4,3,0,0,5,6,LIDDELL RD.,LIDDELL SHORT CUT RD,99999,35.17422778,-77.80233333,0,34,0,0,1,1,0,4,2,1,0,1,0,0000000,2,54,3,2,88,88,0,0,0,1,1
37,370835,1,1,0,0,0,2,2,109,0,12,9,2012,4,12,46,0,3,3,SR-10,,99999,35.55727222,-81.49368889,0,32,0,0,1,1,0,4,1,1,0,1,0,0000000,12,58,13,2,88,88,0,0,0,2,1
37,370836,2,2,0,0,0,2,2,113,0,24,9,2012,2,15,59,0,6,4,CR-1122,,99999,35.11632222,-83.39701389,0,12,2,0,1,1,0,1,1,1,0,1,0,0000000,16,2,16,8,88,88,0,0,0,1,0
37,370837,2,2,0,0,0,3,3,115,0,13,9,2012,5,22,5,0,4,3,SR-213,CR-1611,99999,35.81953333,-82.64176667,0,12,6,0,2,2,0,1,2,1,0,1,0,0000000,99,99,99,99,99,99,0,0,0,1,1
37,370838,1,1,0,0,0,1,1,115,0,28,9,2012,6,0,9,0,6,4,CR-1533,,99999,35.82334167,-82.44886389,0,1,0,0,1,1,0,4,2,1,0,1,0,0000000,99,99,99,99,99,99,0,0,0,1,0
37,370839,1,1,0,0,0,1,1,111,0,24,9,2012,2,6,49,0,6,4,CR-1246,,99999,99.99990000,999.99990000,0,38,0,0,1,1,0,4,2,1,0,1,0,0000000,6,44,6,50,88,88,0,0,0,1,0
37,370840,1,1,0,1,1,4,4,119,870,8,9,2012,7,21,48,0,13,6,SOUTH TRYON STREET,,99999,35.19438889,-80.87833889,0,8,0,0,1,1,0,1,3,10,0,10,0,0000000,21,48,21,53,88,88,0,0,0,1,0
37,370841,2,2,0,1,1,2,2,119,870,19,9,2012,4,0,17,1,11,1,I-85,,99999,35.24940278,-80.89529722,0,8,0,0,1,1,0,1,2,1,0,1,0,0000000,0,17,0,23,88,88,0,0,0,1,0
37,370842,1,1,0,1,1,4,4,119,870,21,9,2012,6,19,58,0,14,6,STEELE CREEK ROAD,BRANCH BEND LANE,99999,35.14553611,-80.97259722,0,8,0,0,3,2,0,1,2,1,0,1,0,0000000,19,57,20,4,20,39,0,0,0,1,0
37,370843,2,2,0,0,0,2,2,119,870,3,10,2012,4,0,7,0,15,6,ROZELLES FERRY ROAD,LIMA AVE,99999,35.24357778,-80.86235278,0,12,7,0,3,2,0,1,3,10,0,10,0,0000000,0,6,0,13,0,39,0,0,0,1,2
37,370844,1,1,0,1,1,1,1,127,0,8,9,2012,7,8,4,1,12,2,US-64,,99999,35.93230278,-78.107925,0,8,0,0,1,1,0,3,1,10,0,10,0,0000000,8,6,8,16,88,88,20,0,0,1,0
37,370845,1,1,0,0,0,1,1,129,0,4,9,2012,3,21,55,0,6,4,CR-1363,,99999,34.27955278,-77.79637222,0,32,0,0,1,1,0,4,2,1,0,1,0,0000000,21,48,22,0,88,88,0,0,0,1,1
37,370846,1,1,0,0,0,2,2,131,0,29,9,2012,7,8,35,0,6,4,CR-1300,,99999,36.53153333,-77.36658333,0,34,0,0,1,1,0,4,1,2,0,2,0,0000000,8,32,8,48,9,48,0,0,0,1,0
37,370847,1,1,0,0,0,1,1,133,0,13,9,2012,5,22,46,0,4,3,SR-172,,99999,34.69457778,-77.23749167,0,34,0,0,1,1,0,4,2,1,0,1,0,0000000,22,48,22,57,88,88,0,0,0,1,0
37,370848,2,2,0,0,0,2,2,133,0,23,9,2012,1,22,19,0,3,4,CR-1308,,99999,34.83501111,-77.46314444,0,12,2,0,1,1,0,1,2,1,0,1,0,0000000,22,20,22,27,22,57,0,0,0,1,2
37,370849,1,1,0,0,0,1,1,133,0,26,9,2012,4,19,29,0,6,4,CR-1324,,99999,34.81076944,-77.37724722,0,1,0,0,1,1,0,4,2,1,0,1,0,0000000,19,26,19,33,19,49,0,0,0,1,0
37,370850,1,1,0,1,1,1,1,135,0,16,9,2012,1,2,27,0,3,3,SR-1005,,99999,35.90793889,-79.080825,0,8,0,0,1,1,0,1,2,1,0,1,0,0000000,2,20,2,23,88,88,0,0,0,1,0
37,370851,1,1,0,0,0,2,2,145,0,23,9,2012,1,7,15,0,3,3,SR-1326,,99999,36.44895,-78.95793889,0,38,0,0,1,1,0,4,1,1,0,1,0,0000000,7,39,7,45,99,99,0,0,0,1,0
37,370852,2,2,0,0,0,2,2,145,0,29,9,2012,7,8,10,0,3,3,SR-1536,,99999,99.99990000,999.99990000,0,12,2,0,1,1,0,1,1,2,10,2,0,0000000,8,5,8,17,8,58,0,0,0,1,0
37,370853,2,2,0,0,0,6,6,147,0,29,9,2012,7,23,15,0,3,3,SR-121,,99999,35.61323056,-77.59729444,0,12,2,0,1,1,0,1,2,2,10,2,0,0000000,99,99,99,99,99,99,0,0,0,1,2
37,370854,1,1,0,0,0,1,1,151,160,14,9,2012,6,23,52,0,13,3,SR-2183,,99999,99.99990000,999.99990000,0,42,0,0,1,1,0,4,2,1,0,1,0,0000000,23,52,0,11,0,33,0,0,0,1,1
37,370855,1,1,0,0,0,1,1,151,0,27,9,2012,5,9,30,0,3,3,SR-134,,99999,35.61951389,-79.82680278,0,42,0,0,1,1,0,4,1,1,0,1,0,0000000,99,99,99,99,88,88,0,0,0,1,0
37,370856,2,2,0,0,0,2,2,151,0,28,9,2012,6,16,11,1,2,2,US-64,,99999,99.99990000,999.99990000,0,12,2,0,1,1,0,1,1,1,0,1,0,0000000,16,9,16,16,16,36,0,0,0,1,1
37,370857,1,1,0,0,0,4,4,155,0,2,9,2012,1,2,44,0,3,3,SR-1758,,99999,34.73039722,-79.063675,0,1,0,0,1,1,0,4,2,1,0,1,0,0000000,2,43,2,52,3,12,0,0,0,1,1
37,370858,2,2,0,0,0,2,2,155,0,4,9,2012,3,16,40,0,3,3,SR-1339,SR-1552,99999,34.68058333,-79.19168611,0,12,6,0,2,3,0,1,1,1,0,1,0,0000000,16,38,16,53,17,9,0,0,0,1,0
37,370859,1,1,0,0,0,1,1,155,9997,10,9,2012,2,17,14,0,14,4,CR-1752,,99999,34.75125,-79.05421389,0,10,0,0,6,1,0,1,1,1,0,1,0,022986A,99,99,99,99,88,88,0,0,0,1,0
37,370860,2,2,0,0,0,5,5,155,0,11,9,2012,3,13,57,0,3,3,SR-1340,,99999,34.70765556,-79.19656111,0,12,2,0,1,1,0,1,1,1,0,1,0,0000000,13,53,14,1,15,50,0,0,0,1,0
37,370861,1,1,0,1,1,1,1,155,3790,13,9,2012,5,16,17,0,16,6,W 4TH AVE,,99999,34.81277222,-79.193575,0,8,0,0,1,1,0,1,1,1,0,1,0,0000000,99,99,99,99,99,99,0,0,0,1,1
37,370862,1,1,0,0,0,1,1,155,2770,22,9,2012,7,2,30,0,16,6,FAYETTEVILLE RD,LIBERTY HILL RD,99999,34.66378611,-79.00013889,0,33,0,0,3,2,0,4,3,1,0,1,0,0000000,99,99,99,99,99,99,0,0,0,1,1
37,370863,1,1,0,0,0,1,1,157,2830,2,9,2012,1,22,59,1,13,2,US-704,,99999,99.99990000,999.99990000,0,30,0,0,1,1,0,4,3,10,0,10,0,0000000,23,0,23,8,23,56,0,0,0,1,0
37,370864,3,3,0,0,0,3,3,157,0,9,9,2012,1,17,47,0,3,3,SR-87,,99999,36.36143056,-79.69955,0,12,2,0,1,1,0,1,1,1,0,1,0,0000000,99,99,99,99,99,99,0,0,0,1,2
37,370865,1,1,0,0,0,1,1,157,0,22,9,2012,7,1,40,1,2,2,US-29,,99999,99.99990000,999.99990000,0,35,0,0,1,1,0,4,2,1,0,1,0,0000000,1,42,1,54,88,88,0,0,0,1,1
37,370866,2,2,0,0,0,2,2,157,0,28,9,2012,6,20,51,0,3,3,SR-770,SR-1585,99999,36.47780833,-79.82434444,0,12,8,0,2,3,0,1,2,10,0,10,0,0000000,20,49,20,56,88,88,0,0,0,1,0
37,370867,1,1,0,0,0,1,1,159,0,2,9,2012,1,19,14,0,3,3,SR-1221,,99999,35.52574167,-80.46811944,0,34,0,0,1,1,0,4,5,10,0,10,0,0000000,19,58,20,2,88,88,0,0,0,1,0
37,370868,1,1,0,1,1,2,2,159,0,25,9,2012,3,6,35,1,2,2,US-29,,99999,35.664325,-80.47432778,0,8,0,0,1,1,0,1,2,1,0,1,0,0000000,99,99,99,99,99,99,0,0,0,1,0
37,370869,1,1,0,0,0,3,3,159,0,28,9,2012,6,11,56,1,1,1,I-85,,99999,99.99990000,999.99990000,0,1,0,0,1,1,0,4,1,1,0,1,0,0000000,11,57,12,4,99,99,0,0,0,1,0
37,370870,1,1,0,0,0,1,1,159,0,28,9,2012,6,0,53,0,3,3,SR-2132,,99999,99.99990000,999.99990000,0,42,0,0,1,1,0,5,2,1,0,1,0,0000000,99,99,99,99,99,99,0,0,0,1,1
37,370871,2,2,0,0,0,3,3,161,0,17,9,2012,2,14,12,1,2,2,US-221,,99999,35.220125,-81.84038889,0,12,2,0,1,1,0,1,1,10,0,10,0,0000000,99,99,99,99,99,99,0,0,0,1,0
37,370872,2,2,0,0,0,3,3,165,0,13,9,2012,5,10,35,0,3,3,SR-1407,SR-1369,99999,34.77238611,-79.40335556,0,12,6,0,2,2,0,1,1,1,0,1,0,0000000,99,99,99,99,99,99,0,0,0,1,0
37,370873,1,1,0,0,0,1,1,165,0,13,9,2012,5,16,52,0,3,3,SR-1323,,99999,34.76170833,-79.43028889,0,42,0,0,1,1,0,4,1,1,0,1,0,0000000,99,99,99,99,99,99,0,0,0,1,0
37,370874,1,1,0,0,0,1,1,169,2438,2,10,2012,3,9,18,1,12,2,US-52,,99999,36.29041111,-80.40279444,0,42,0,0,1,1,0,4,2,2,0,2,0,0000000,9,11,9,25,88,88,0,0,0,1,1
37,370875,1,1,0,0,0,1,1,171,0,1,9,2012,7,20,15,0,3,3,SR-89,,99999,36.503975,-80.67456389,0,38,0,0,1,1,0,4,2,1,0,1,0,0000000,19,45,20,6,88,88,0,0,0,1,1
37,370876,2,2,0,0,0,3,3,171,0,23,9,2012,1,10,46,0,3,3,SR-2203,,99999,36.43329722,-80.63518333,0,12,8,0,8,1,0,1,1,1,0,1,0,0000000,10,50,11,2,11,25,0,0,0,1,0
37,370877,1,1,0,1,1,1,1,179,0,1,9,2012,7,10,40,0,6,6,STEELE RD,,99999,34.85718889,-80.7279,0,8,0,0,4,1,0,5,1,1,0,1,0,0000000,99,99,99,99,99,99,0,0,0,1,0
37,370878,2,2,0,0,0,3,3,179,3100,25,9,2012,3,13,35,1,2,2,US-74,VENUS ST,99999,34.97864167,-80.52060833,0,12,6,0,2,2,0,1,1,1,0,1,0,0000000,99,99,99,99,99,99,0,0,0,1,0
37,370879,1,1,0,0,0,1,1,181,0,15,9,2012,7,22,6,0,3,3,SR-1348,,99999,36.51403333,-78.45986389,0,34,0,0,1,1,0,4,2,1,0,1,0,0000000,22,12,22,27,22,45,0,0,0,1,1
37,370880,1,1,0,0,0,1,1,183,0,2,9,2012,1,9,45,1,2,2,US-401,,99999,35.62602778,-78.72166389,0,59,0,0,1,1,0,4,1,1,0,1,0,0000000,99,99,99,99,99,99,0,0,0,1,0
37,370881,1,1,0,0,0,1,1,183,0,25,9,2012,3,18,29,0,3,3,SR-2742,,99999,35.56592778,-78.67738889,0,34,0,0,1,1,0,4,1,1,0,1,0,0000000,18,27,18,35,19,6,0,0,0,1,1
37,370882,1,1,0,1,1,1,1,185,0,4,9,2012,3,22,38,1,2,2,US-1,,99999,36.48067778,-78.17149444,0,8,0,0,1,1,0,1,2,1,0,1,0,0000000,99,99,99,99,99,99,0,0,0,1,0
37,370883,1,1,0,1,1,2,2,187,0,3,9,2012,2,5,31,1,2,2,US-64,,99999,99.99990000,999.99990000,0,8,0,0,1,1,0,1,2,10,0,10,0,0000000,5,31,5,50,88,88,0,0,0,1,0
37,370884,1,1,0,0,0,2,2,191,0,6,9,2012,5,13,54,1,2,2,US-70,,99999,99.99990000,999.99990000,0,35,0,0,1,1,0,4,1,1,0,1,0,0000000,14,23,14,58,15,12,0,0,0,1,0
37,370885,1,1,0,0,0,1,1,191,1880,8,9,2012,7,13,44,0,16,6,PINEWOOD DR,,99999,35.390275,-77.90924722,0,43,0,0,1,1,0,4,1,1,0,1,0,0000000,13,45,13,54,14,6,0,0,0,1,1
37,370886,1,1,0,0,0,1,1,191,0,10,9,2012,2,15,32,1,1,1,I-795,,99999,35.5685,-77.98893333,0,34,0,0,1,1,0,4,1,1,0,1,0,0000000,15,29,15,36,16,7,0,0,0,1,0
37,370887,1,1,0,0,0,5,5,191,0,15,9,2012,7,3,7,1,1,1,I-795,,99999,35.55398056,-77.98710278,0,35,0,0,1,1,0,4,2,1,0,1,0,0000000,3,4,3,11,99,99,0,0,0,1,1
37,370888,1,1,0,0,0,1,1,193,0,2,9,2012,1,14,44,1,2,2,US-421,,99999,99.99990000,999.99990000,0,1,0,0,1,1,0,4,1,1,0,1,0,0000000,14,43,14,58,15,40,0,0,0,1,0
37,370889,2,2,0,0,0,2,2,193,0,17,9,2012,2,15,42,0,3,3,SR-2327,SR-2318,99999,36.18358611,-80.98498056,0,12,6,0,2,2,0,1,1,2,0,2,0,0000000,99,99,99,99,99,99,0,0,0,1,0
37,370890,1,1,0,0,0,1,1,195,0,15,9,2012,7,2,0,0,3,3,SR-1332,,99999,35.77964444,-77.92904722,0,1,0,0,1,1,0,4,2,10,0,10,0,0000000,99,99,99,99,99,99,0,0,0,1,1
37,370891,2,1,1,0,1,1,2,197,0,15,9,2012,7,1,16,1,1,1,I-77,,99999,36.06280833,-80.81090556,0,14,0,0,5,1,0,2,3,1,0,1,0,0000000,1,11,1,29,88,88,0,0,0,1,1
37,370892,2,2,0,0,0,2,2,197,0,15,9,2012,7,17,28,0,3,3,SR-1002,,99999,36.07607222,-80.67860833,0,12,2,0,1,1,0,1,1,1,0,1,0,0000000,17,26,17,39,99,99,0,0,0,1,0
37,370893,1,1,0,0,0,2,2,199,0,7,9,2012,6,22,28,0,3,3,SR-197,,99999,35.91613611,-82.29974444,0,38,0,0,1,1,0,4,2,1,0,1,0,0000000,22,27,22,40,23,35,0,0,0,1,0
37,370894,1,1,0,0,0,1,1,199,0,13,9,2012,5,17,11,1,2,2,US-19,,99999,35.91391667,-82.40738889,0,35,0,0,1,1,0,4,1,1,0,1,0,0000000,17,6,17,16,17,40,0,0,0,1,0
37,370895,1,1,0,0,0,3,3,183,3750,20,4,2012,6,2,14,0,16,6,REMBERT DR,,99999,35.85456389,-78.69064722,0,5,0,0,1,1,0,1,3,1,0,1,0,0000000,2,15,2,23,2,46,0,0,0,1,1
37,370896,1,1,0,1,1,1,1,49,2078,11,5,2012,6,22,28,1,12,2,US-70,,99999,34.88142778,-76.90741111,0,9,0,0,1,1,0,1,2,1,0,1,0,0000000,22,15,22,19,22,58,0,0,0,1,0
37,370897,1,1,0,0,0,1,1,63,1360,30,5,2012,4,5,59,0,16,6,GLENDALE AVE,,99999,36.02373333,-78.90143056,0,42,0,0,1,1,0,4,2,2,0,2,0,0000000,99,99,99,99,99,99,0,0,0,1,1
37,370898,1,1,0,0,0,2,2,49,2078,23,6,2012,7,16,25,0,16,6,CHURCH RD,,99999,34.88629722,-76.92334444,0,59,0,0,1,1,0,4,1,2,0,2,0,0000000,16,16,16,24,17,38,0,0,0,1,1
37,370899,1,1,0,0,0,1,1,147,1950,3,6,2012,1,0,14,0,16,6,W 5TH ST,,99999,35.62397222,-77.41976111,0,32,0,0,1,1,0,4,3,1,0,1,0,0000000,0,15,0,22,88,88,0,0,0,1,0
37,370900,1,1,0,0,0,1,1,155,0,5,6,2012,3,19,19,0,3,3,SR-1312,,99999,99.99990000,999.99990000,0,42,0,0,1,1,0,4,1,1,0,1,0,0000000,19,19,19,28,19,55,0,0,0,1,1
37,370901,1,1,0,1,1,1,1,101,4140,18,8,2012,7,21,25,0,16,6,RIVER ROAD,,99999,35.55272778,-78.29902778,0,8,0,0,1,1,0,1,6,10,0,10,0,0000000,99,99,99,99,99,99,0,0,0,1,1
37,370902,1,1,0,1,1,1,1,183,3750,20,8,2012,2,3,36,1,11,1,I-40,,99999,35.75188333,-78.69885833,0,9,0,0,1,1,0,1,2,10,0,10,0,0000000,3,39,3,52,4,29,0,0,0,1,0
37,370903,2,2,0,0,0,2,2,183,3750,17,8,2012,6,13,31,0,16,6,POOLE RD,ELK FALLS DR,99999,35.75835,-78.42576667,0,12,6,0,2,3,0,1,1,1,0,1,0,0000000,13,26,13,32,13,52,0,0,0,1,0
37,370904,3,3,0,0,0,4,4,25,1040,22,9,2012,7,10,58,0,16,6,BRANCHVIEW DR SE,LAWNDALE AVE SE,99999,35.40149722,-80.55813333,0,12,9,0,2,2,0,1,1,1,0,1,0,0000000,10,56,11,4,11,26,14,0,0,1,0
37,370905,1,1,0,0,0,1,1,39,3230,18,9,2012,3,19,56,0,16,6,HILL ST,,99999,35.09525278,-84.02667778,0,1,0,0,1,1,0,4,5,2,10,2,0,0000000,19,57,20,1,20,19,0,0,0,1,0
37,370906,2,2,0,0,0,3,3,67,5120,27,9,2012,5,21,0,0,16,6,BRINDLE ST,,99999,36.06964722,-80.20318056,0,12,8,0,1,1,0,1,3,1,0,1,0,0000000,21,2,21,8,21,36,0,0,0,1,1
37,370907,1,1,0,0,0,2,2,195,5070,6,9,2012,5,8,41,0,16,6,TARBORO ST,,99999,35.72246111,-77.91974722,0,30,0,0,1,1,0,4,1,1,0,1,0,0000000,8,40,8,51,9,4,0,0,0,1,0