STATE,ST_CASE,VE_TOTAL,VE_FORMS,PVH_INVL,PEDS,PERNOTMVIT,PERMVIT,PERSONS,COUNTY,CITY,DAY,MONTH,YEAR,DAY_WEEK,HOUR,MINUTE,NHS,ROAD_FNC,ROUTE,TWAY_ID,TWAY_ID2,MILEPT,LATITUDE,LONGITUD,SP_JUR,HARM_EV,MAN_COLL,RELJCT1,RELJCT2,TYP_INT,WRK_ZONE,REL_ROAD,LGT_COND,WEATHER1,WEATHER2,WEATHER,SCH_BUS,RAIL,NOT_HOUR,NOT_MIN,ARR_HOUR,ARR_MIN,HOSP_HR,HOSP_MN,CF1,CF2,CF3,FATALS,DRUNK_DR
37,370908,1,1,0,0,0,1,1,3,4570,10,10,2012,4,12,59,0,16,6,RICHEY RD,SR-127,99999,35.84309167,-81.31341667,0,1,0,0,1,1,0,4,1,1,0,1,0,0000000,12,58,13,2,13,22,0,0,0,1,0
37,370909,2,2,0,0,0,2,2,3,4570,13,10,2012,7,10,53,0,5,6,LITTLE RIVER CHURCH RD,GLASS RD,99999,35.97181667,-81.21022222,0,12,1,0,1,1,0,1,1,1,0,1,0,0000000,10,50,11,0,88,88,0,0,0,1,0
37,370910,1,1,0,0,0,2,2,7,3540,14,10,2012,1,14,30,0,6,6,UPPER WHITE STORE RD,CARPENTER HORNE RD,99999,34.98016667,-80.27403889,0,34,0,0,1,1,0,4,1,1,0,1,0,0000000,14,28,14,42,15,53,0,0,0,1,1
37,370911,1,1,0,0,0,1,1,9,2360,12,10,2012,6,10,0,0,4,3,SR-194,CAMPBELL RD,99999,36.26801944,-81.50264167,0,1,0,0,1,1,0,4,1,1,0,1,0,0000000,9,54,10,5,10,27,0,0,0,1,0
37,370912,3,3,0,0,0,3,3,13,906,25,10,2012,5,6,36,0,16,3,SR-33,MILL RD,99999,35.51599444,-77.11781944,0,12,2,0,2,2,0,1,5,5,0,5,0,0000000,99,99,99,99,99,99,14,0,0,1,0
37,370913,1,1,0,1,1,1,1,15,9999,16,10,2012,3,17,27,1,2,2,US-13,CL MARTIN,99999,36.01401667,-76.95446667,0,9,0,0,1,1,0,1,1,1,0,1,0,0000000,99,99,99,99,99,99,0,0,0,1,0
37,370914,2,2,0,0,0,5,5,17,920,26,10,2012,6,15,12,0,4,3,SR-211,US-701,99999,34.48515833,-78.65125556,0,12,6,0,8,1,0,1,1,1,0,1,0,0000000,15,8,15,21,16,41,0,0,0,1,0
37,370915,2,2,0,0,0,7,7,19,9999,5,10,2012,6,22,1,1,2,2,US-17,PERSIMMON RD,99999,33.9062,-78.585775,0,12,6,0,8,1,0,1,2,1,0,1,0,0000000,21,54,22,2,99,99,0,0,0,1,0
37,370916,1,1,0,0,0,2,2,19,4160,5,10,2012,6,16,33,1,2,2,US-17,RED BUG RD. SW,99999,33.98805833,-78.356125,0,1,0,0,1,1,0,2,1,1,0,1,0,0000000,16,23,16,36,99,99,0,0,0,1,0
37,370917,1,1,0,1,1,2,2,19,4160,11,10,2012,5,14,20,0,4,3,SR-179,TODD RD SW,99999,33.92019722,-78.4081,0,9,0,0,1,1,0,1,1,1,0,1,0,0000000,14,20,14,27,88,88,0,0,0,1,0
37,370918,1,1,0,0,0,1,1,19,4160,21,10,2012,1,3,0,0,6,6,STANLEY RD SW,MORGAN RD SW,99999,33.96853889,-78.28226667,0,34,0,0,1,1,0,4,2,1,0,1,0,0000000,7,35,7,40,88,88,0,0,0,1,1
37,370919,1,1,0,0,0,1,1,19,4160,20,10,2012,7,8,8,0,6,6,SHELL POINT RD SW,GOLDFINCH PLACE SW,99999,33.95794444,-78.33788889,0,35,0,0,1,1,0,5,1,1,0,1,0,0000000,7,56,8,7,88,88,0,0,0,1,0
37,370920,2,2,0,0,0,3,3,19,9999,23,10,2012,3,10,26,0,4,3,SR-133,MELLANEY LN. SE,99999,34.23366111,-77.97125833,0,12,2,0,1,1,0,1,1,1,0,1,0,0000000,10,39,10,57,99,99,0,0,0,1,0
37,370921,1,1,0,0,0,1,1,19,9999,30,10,2012,3,6,46,1,2,2,US-17,GOODMAN RD. NE,99999,34.19374444,-78.07110833,0,1,0,0,1,1,1,2,2,1,0,1,0,0000000,6,32,6,38,88,88,0,0,0,1,1
37,370922,2,2,0,0,0,2,2,21,4910,2,10,2012,3,10,30,0,3,3,SR-197,GINTRY BRANCH RD,99999,35.770375,-82.51824444,0,12,2,0,1,1,0,1,1,10,0,10,0,0000000,99,99,99,99,99,99,0,0,0,1,0
37,370923,1,1,0,0,0,1,1,25,1040,21,10,2012,1,18,0,0,15,6,ROBERTA RD.,FOUNTAIN VIEW,99999,35.37142778,-80.62236389,0,1,0,0,1,1,0,4,1,1,0,1,0,0000000,18,2,18,10,88,88,0,0,0,1,1
37,370924,2,2,0,0,0,5,5,45,2440,15,10,2012,2,14,2,0,4,2,US-74 BUS,SR-216 ALT,99999,35.250575,-81.34053333,0,12,6,0,2,2,0,1,1,1,0,1,0,0000000,99,99,99,99,99,99,0,0,0,1,0
37,370925,1,1,0,0,0,1,1,47,1992,27,10,2012,7,16,11,0,9,9,HALLSBORO RD,,99999,34.33123889,-78.59915,0,34,0,0,1,1,0,4,1,2,0,2,0,0000000,99,99,99,99,99,99,0,0,0,1,0
37,370926,1,1,0,1,1,1,1,51,1670,9,10,2012,3,23,11,0,4,2,US-301,SR-162,99999,99.99990000,999.99990000,0,8,0,0,1,1,0,1,2,10,0,10,0,0000000,23,6,23,10,23,25,0,0,0,1,0
37,370927,1,1,0,0,0,7,7,51,1670,10,10,2012,4,18,20,1,1,1,I-95,SR-53,99999,35.071525,-78.7912,0,1,0,0,1,1,0,4,1,1,0,1,0,0000000,18,21,18,29,19,1,0,0,0,1,0
37,370928,3,3,0,0,0,3,3,51,1670,11,10,2012,5,11,14,0,4,2,US-301,SR-87,99999,35.06225278,-78.89055,0,12,6,0,2,2,0,1,1,1,0,1,0,0000000,11,19,11,25,11,38,0,0,0,1,0
37,370929,1,1,0,0,0,1,1,51,1670,15,10,2012,2,0,49,1,1,1,I-95,SR-24,99999,35.10528056,-78.77056667,0,21,0,0,1,1,0,3,2,1,0,1,0,0000000,0,56,1,2,88,88,0,0,0,1,1
37,370930,2,2,0,1,1,2,2,51,1670,21,10,2012,1,20,47,0,16,6,CAMDEN RD,INMAN CIRCLE,99999,35.00491389,-78.92251111,0,8,0,0,2,3,0,1,2,1,0,1,0,0000000,20,44,20,51,99,99,14,0,0,1,0
37,370931,2,2,0,0,0,5,5,57,4590,12,10,2012,6,21,42,0,2,3,SR-109,US-64,99999,35.90281111,-80.09378611,0,12,2,1,5,1,0,1,2,1,0,1,0,0000000,21,35,21,47,22,16,0,0,0,1,1
37,370932,2,2,0,0,0,5,5,57,2620,9,10,2012,3,15,2,0,15,3,SR-150,JOHN M WARD RD,99999,35.81791389,-80.36546667,0,12,6,0,1,1,0,1,1,1,0,1,0,0000000,15,2,15,13,15,53,0,0,0,1,1
37,370933,1,1,0,1,1,1,1,57,2620,21,10,2012,1,3,52,1,1,1,I-85,MILE 90,99999,35.84354722,-80.21325,0,8,0,0,1,1,0,1,2,1,0,1,0,0000000,3,53,4,7,88,88,0,0,0,1,0
37,370934,1,1,0,0,0,2,2,57,1240,20,10,2012,7,3,22,0,2,3,SR-49,SLATE MINE RD.,99999,35.54548889,-80.10629722,0,42,0,0,1,1,0,4,2,1,0,1,0,0000000,3,17,3,32,4,36,0,0,0,1,0
37,370935,1,1,0,0,0,3,3,57,2620,27,10,2012,7,17,14,0,4,3,SR-147,PARKS RD.,99999,35.73195278,-80.20959167,0,5,0,0,1,1,0,1,1,1,0,1,0,0000000,17,13,17,24,18,21,0,0,0,1,0
37,370936,2,2,0,0,0,3,3,59,3090,21,10,2012,1,16,42,1,1,1,I-40,US-64,99999,35.91721389,-80.60098333,0,12,7,0,1,1,0,1,1,1,0,1,0,0000000,16,39,16,43,17,14,0,0,0,1,0
37,370937,2,2,0,0,0,7,7,61,2410,6,10,2012,7,9,25,0,6,6,BILL SUTTON RD.,BURNCOAT RD.,99999,35.07067222,-77.75049444,0,12,6,0,2,2,0,1,1,1,0,1,0,0000000,9,29,9,39,10,27,0,0,0,1,0
37,370938,1,1,0,1,1,1,1,61,4800,9,10,2012,3,19,2,0,4,3,SR-11,MURPHY STORE RD.,99999,34.80858056,-77.943025,0,9,0,0,1,1,0,1,6,2,0,2,0,0000000,19,4,19,12,21,25,0,0,0,1,1
37,370939,2,2,0,0,0,2,2,61,2410,25,10,2012,5,9,20,0,4,6,SUMMERLINS CROSSROADS,ALPHINE RD.,99999,35.12178056,-77.98904444,0,12,2,0,1,1,0,1,1,1,0,1,0,0000000,9,21,9,32,99,99,0,0,0,1,0
37,370940,2,2,0,0,0,2,2,63,1360,21,10,2012,1,0,20,0,13,3,SR-55,DAKOTA ST.,99999,99.99990000,999.99990000,0,12,1,0,1,1,0,1,3,1,0,1,0,0000000,0,22,0,26,88,88,0,0,0,1,1
37,370941,1,1,0,0,0,1,1,63,1360,29,10,2012,2,8,50,0,16,6,CAMDEN AVE.,MIST LAKE DR.,99999,36.02067778,-78.86560278,0,43,0,0,1,1,0,4,1,2,0,2,0,0000000,8,50,8,59,88,88,0,0,0,1,0
37,370942,1,1,0,1,1,1,1,67,5120,23,10,2012,3,19,41,0,15,6,W. CLEMMONSVILLE RD,EBERT RD,99999,36.02743889,-80.29378333,0,8,0,0,1,1,0,1,3,1,0,1,0,0000000,19,41,19,51,20,13,0,0,0,1,0
37,370943,1,1,0,0,0,4,4,71,2740,31,10,2012,4,3,0,0,5,6,GASTON RD.,LOWELL BETHESDIA RD.,99999,35.24885278,-81.08812778,0,34,0,0,1,1,0,4,2,10,0,10,0,0000000,2,59,3,8,3,33,0,0,0,1,1
37,370944,1,1,0,1,1,2,2,81,1940,7,10,2012,1,19,42,1,11,1,I-40,HIGH POINT RD.,99999,36.04251389,-79.83617778,0,8,0,0,1,1,0,1,2,10,0,10,0,0000000,19,44,19,48,88,88,0,0,0,1,0
37,370945,1,1,0,1,1,1,1,83,3860,20,10,2012,7,0,20,1,1,1,I-95,SR-125,99999,36.42900556,-77.62981389,0,8,0,1,5,1,0,1,2,1,0,1,0,0000000,0,8,0,19,1,15,0,0,0,1,0
37,370946,6,6,0,0,0,11,11,83,1540,26,10,2012,6,0,47,1,1,1,I-95,SR-561,99999,36.26569167,-77.7238,0,12,1,0,1,1,0,1,2,1,0,1,0,0000000,23,40,23,55,0,32,0,0,0,1,1
37,370947,2,2,0,0,0,2,2,85,1000,16,10,2012,3,17,56,0,5,6,JOHNSTON COUNTY RD,EBENEZER CHURCH RD,99999,35.42927778,-78.60851389,0,12,2,0,1,1,0,1,1,1,0,1,0,0000000,99,99,99,99,99,99,0,0,0,1,1
37,370948,1,1,0,1,1,3,3,85,1000,25,10,2012,5,6,55,0,4,3,SR-27,SR-55,99999,35.41192222,-78.68192222,0,8,0,0,1,1,0,1,2,1,0,1,1,0000000,99,99,99,99,88,88,0,0,0,1,0
37,370949,1,1,0,0,0,1,1,93,3740,14,10,2012,1,21,10,0,5,6,PHILLIPI CHURCH RD,SOUTHERN OAKS DR,99999,34.98423889,-79.07655,0,1,0,0,1,1,0,2,2,1,0,1,0,0000000,99,99,99,99,99,99,0,0,0,1,0
37,370950,2,2,0,0,0,3,3,101,930,5,10,2012,6,21,5,0,4,3,SR-50,PAGE RD,99999,35.585325,-78.59836667,0,12,6,0,2,3,0,1,2,1,0,1,0,0000000,21,4,21,11,21,37,0,0,0,1,1
37,370951,2,2,0,0,0,3,3,101,1700,15,10,2012,2,15,34,0,6,6,ELEVATION RD,GUM SWAMP RD,99999,35.46449444,-78.47089444,0,12,6,0,1,1,0,1,1,10,0,10,0,0000000,15,32,15,38,99,99,0,0,0,1,0
37,370952,2,2,0,0,0,3,3,101,4140,21,10,2012,1,19,27,0,3,6,BUFFALOE RD,US-70,99999,35.54525556,-78.30845833,0,12,6,0,2,3,0,1,2,1,0,1,0,0000000,19,21,19,26,20,1,0,0,0,3,1
37,370953,1,1,0,0,0,1,1,101,2420,19,10,2012,6,1,58,0,4,3,SR-42,CREECH CHURCH RD,99999,35.67526944,-78.24184167,0,1,0,0,1,1,0,4,2,1,0,1,0,0000000,1,55,2,8,88,88,0,0,0,1,1
37,370954,2,2,0,0,0,2,2,101,930,24,10,2012,4,16,56,0,6,6,SANDERS RD,LANSING DR,99999,35.53953333,-78.55735833,0,12,6,0,2,3,0,1,1,1,0,1,1,0000000,16,54,17,9,99,99,0,0,0,1,0
37,370955,1,1,0,0,0,1,1,101,930,26,10,2012,6,14,25,0,6,6,DIXON RD,SR-50,99999,35.53032778,-78.57880278,0,34,0,0,1,1,0,4,1,10,0,10,0,0000000,14,24,14,29,14,57,0,0,0,1,1
37,370956,2,2,0,0,0,2,2,109,0,21,10,2012,1,19,36,1,2,2,US-321,,99999,35.55253056,-81.20215556,0,12,2,0,1,1,0,1,2,1,0,1,0,0000000,19,32,19,38,20,39,0,0,0,1,0
37,370957,1,1,0,0,0,1,1,115,0,26,10,2012,6,7,59,1,2,2,US-25,,99999,35.91428611,-82.76236111,0,52,0,0,1,1,0,4,1,10,0,10,0,0000000,7,56,8,2,9,45,0,0,0,1,0
37,370958,1,1,0,0,0,9,9,117,0,25,10,2012,5,17,54,0,6,4,CR-1143,,99999,35.80184167,-77.16791389,0,34,0,0,1,1,0,4,1,1,0,1,0,0000000,16,3,16,11,88,88,0,0,0,1,0
37,370959,2,2,0,0,0,2,2,111,0,12,10,2012,6,8,35,0,4,4,CR-1001,,99999,35.63731111,-82.05003333,0,12,2,0,1,1,0,1,1,1,0,1,0,0000000,8,35,8,40,9,2,0,0,0,1,0
37,370960,1,1,0,1,1,1,1,119,870,18,10,2012,5,21,11,0,14,6,E. 7TH STREET,,99999,35.21293056,-80.8187,0,8,0,0,1,1,0,1,3,10,0,10,0,0000000,21,11,21,14,21,50,0,0,0,1,0
37,370961,3,3,0,0,0,3,3,119,1080,23,10,2012,3,8,24,1,13,2,US-21,,99999,35.47215833,-80.87405,0,12,8,0,1,1,0,1,1,1,0,1,0,0000000,8,23,8,33,9,8,0,0,0,1,0
37,370962,1,1,0,1,1,1,1,127,0,13,10,2012,7,5,53,1,2,2,US-64,,99999,35.91882222,-78.15843333,0,8,0,0,1,1,0,1,2,1,0,1,0,0000000,99,99,99,99,99,99,0,0,0,1,0
37,370963,2,2,0,0,0,2,2,127,3930,23,10,2012,3,19,49,0,15,6,COUNTRY CLUB ROAD,HUNTER HILL ROAD,99999,35.97309722,-77.82292222,0,12,2,0,2,2,0,1,3,1,0,1,0,0000000,19,3,19,15,19,38,0,0,0,1,0
37,370964,2,2,0,0,0,2,2,129,0,5,10,2012,6,13,49,0,6,4,CR-2219,,99999,34.25815278,-77.84702778,0,1,0,0,8,1,0,1,1,1,0,1,0,0000000,13,45,13,51,88,88,0,0,0,1,0
37,370965,2,2,0,0,0,3,3,133,0,31,10,2012,4,16,49,1,2,2,US-258,UNION CHAPEL CHURCH ROAD,99999,34.84621944,-77.53592222,0,12,6,0,2,2,0,1,1,1,0,1,0,0000000,16,38,16,47,17,21,0,0,0,1,0
37,370966,2,2,0,0,0,2,2,135,0,14,10,2012,1,22,47,0,3,3,SR-751,,99999,36.02974444,-78.98889167,0,12,8,0,1,1,0,1,2,10,0,10,0,0000000,22,43,22,51,88,88,0,0,0,1,1
37,370967,2,2,0,0,0,6,6,141,0,12,10,2012,6,10,5,0,4,3,SR-53,,99999,34.528025,-78.09751111,0,12,2,0,1,1,0,1,1,1,0,1,0,0000000,11,4,11,16,99,99,0,0,0,1,0
37,370968,3,3,0,0,0,6,6,145,0,27,10,2012,7,11,21,0,4,3,SR-57,,99999,36.468925,-79.10942222,0,12,8,0,1,1,0,1,1,10,0,10,0,0000000,11,17,11,28,13,12,0,0,0,1,1
37,370969,1,1,0,1,1,1,1,147,0,14,10,2012,1,0,15,1,2,2,US-264,,99999,35.6258,-77.32437778,0,8,0,0,1,1,0,1,2,1,0,1,0,0000000,99,99,99,99,99,99,0,0,0,1,0
37,370970,2,2,0,0,0,2,2,147,1950,23,10,2012,3,13,12,0,13,3,SR-11,US-264,99999,35.65904167,-77.36365278,0,12,1,0,3,8,0,1,1,10,0,10,0,0000000,13,10,13,17,13,33,0,0,0,1,0
37,370971,2,2,0,0,0,2,2,149,0,2,10,2012,3,2,17,1,2,2,US-74,,99999,35.28138889,-82.11551667,0,12,11,0,1,1,0,1,2,2,0,2,0,0000000,2,8,2,23,6,40,19,0,0,1,1
37,370972,1,1,0,0,0,1,1,151,0,20,10,2012,7,5,25,0,6,4,CR-1518,,99999,35.74751111,-79.8631,0,42,0,0,1,1,0,4,2,1,0,1,0,0000000,5,23,5,33,88,88,0,0,0,1,0
37,370973,1,1,0,0,0,1,1,151,0,19,10,2012,6,1,57,0,4,3,SR-22,,99999,35.56785556,-79.55530278,0,59,0,0,1,1,0,4,9,1,0,1,0,0000000,1,56,2,12,88,88,0,0,0,1,1
37,370974,1,1,0,0,0,6,6,155,0,6,10,2012,7,16,26,1,1,1,I-95,,99999,34.81238611,-78.98554444,0,1,0,0,1,1,0,4,1,1,0,1,0,0000000,16,29,16,38,17,12,0,0,0,1,1
37,370975,1,1,0,1,1,1,1,155,0,11,10,2012,5,20,38,0,4,3,SR-41,,99999,34.53140278,-79.09766944,0,9,0,0,1,1,0,1,2,1,0,1,0,0000000,20,3,20,10,88,88,0,0,0,1,0
37,370976,1,1,0,0,0,3,3,155,0,16,10,2012,3,7,0,0,4,4,CR-1006,,99999,34.80783611,-79.04420278,0,31,0,0,1,1,0,4,1,1,0,1,0,0000000,99,99,99,99,99,99,0,0,0,1,0
37,370977,1,1,0,0,0,1,1,155,0,19,10,2012,6,23,45,0,6,4,CR-1955,,99999,34.71776111,-78.89999167,0,30,0,0,1,1,0,4,2,1,0,1,0,0000000,23,42,23,52,0,38,0,0,0,1,1
37,370978,1,1,0,0,0,1,1,155,2770,16,10,2012,3,15,59,0,15,6,KENNY BIGGS ROAD,DUNN ROAD,99999,34.61107222,-79.03476111,0,30,0,0,3,2,0,4,1,1,0,1,0,0000000,99,99,99,99,99,99,0,0,0,1,0
37,370979,2,2,0,0,0,2,2,157,0,1,10,2012,2,16,18,1,2,2,US-158,,99999,36.28764722,-79.74970833,0,12,2,0,1,1,0,1,1,10,0,10,0,0000000,16,18,16,28,88,88,0,0,0,1,0
37,370980,1,1,0,0,0,1,1,157,1435,12,10,2012,6,23,46,0,6,6,EDEN RD,NEVERMORE DR,99999,36.47248333,-79.80619167,0,1,0,0,1,1,0,4,2,1,0,1,0,0000000,23,44,23,53,88,88,0,0,0,1,0
37,370981,3,3,0,0,0,4,4,159,4070,4,10,2012,5,4,43,0,13,6,JAKE ALEXANDER BLVD W,DAN ST,99999,35.68891667,-80.51039722,0,12,2,0,2,3,0,1,2,10,0,10,0,0000000,4,44,4,50,5,14,0,0,0,2,0
37,370982,1,1,0,0,0,1,1,159,4070,6,10,2012,7,23,27,0,3,6,BRINGLE FERRY RD,HARTMAN RD,99999,35.65526111,-80.41759167,0,34,0,0,1,1,0,4,2,2,0,2,0,0000000,23,18,23,27,88,88,0,0,0,1,0
37,370983,1,1,0,0,0,1,1,159,2520,21,10,2012,1,20,26,0,9,9,OLD BEATTY FORD RD,STATE RD,99999,35.52688889,-80.57484444,0,53,0,0,1,1,0,4,2,1,0,1,0,0000000,20,24,20,35,88,88,0,0,0,1,1
37,370984,1,1,0,0,0,1,1,159,940,26,10,2012,6,20,38,0,6,6,CHILDERS RD,MOUNT TABOR CHURCH RD,99999,35.66754722,-80.75082222,0,34,0,0,1,1,0,4,2,1,0,1,0,0000000,20,36,20,56,21,37,0,0,0,1,1
37,370985,1,1,0,0,0,2,2,171,1270,6,10,2012,7,1,0,0,6,6,REELY COOK RD,JUDSVILLE SCHOOL RD,99999,36.4213,-80.81990278,0,42,0,0,1,1,0,4,2,1,0,1,0,0000000,0,53,1,12,88,88,0,0,0,1,1
37,370986,1,1,0,0,0,1,1,171,1270,29,10,2012,2,19,16,0,5,6,PRISON CAMP RD,COUNTY HOME RD,99999,36.41575278,-80.71538333,0,18,0,0,1,1,0,1,2,10,6,6,0,0000000,18,52,19,0,19,45,0,0,0,1,1
37,370987,2,2,0,0,0,2,2,175,600,29,10,2012,2,16,47,0,3,2,US-276,WALNUT HOLLOW RD.,99999,35.14954444,-82.76909444,0,12,2,0,1,1,0,1,1,10,0,10,0,0000000,16,57,17,7,99,99,0,0,0,1,0
37,370988,1,1,0,1,1,2,2,179,3100,13,10,2012,7,8,56,0,4,3,SR-200,GRIFFITH RD,99999,34.977625,-80.55255556,0,8,0,0,1,1,0,4,1,1,0,1,0,0000000,8,51,9,9,10,20,0,0,0,1,0
37,370989,2,2,0,0,0,3,3,179,3100,12,10,2012,6,1,36,1,2,2,US-601,TARLTON RD,99999,99.99990000,999.99990000,0,12,1,0,1,1,0,1,2,1,0,1,0,0000000,1,26,1,34,2,11,0,0,0,1,1
37,370990,1,1,0,0,0,1,1,179,3100,19,10,2012,6,12,50,0,4,3,SR-522,OLD MONTHGOMERY PLACE,99999,34.82285556,-80.62327222,0,35,0,0,1,1,0,4,1,1,0,1,0,0000000,12,49,13,4,13,34,0,0,0,1,1
37,370991,1,1,0,0,0,1,1,179,9999,21,10,2012,1,19,9,0,4,6,MILL GROVE RD,CRISMARK DR,99999,35.11801667,-80.61723611,0,42,0,0,1,1,0,4,2,1,0,1,0,0000000,99,99,99,99,99,99,0,0,0,1,0
37,370992,1,1,0,0,0,1,1,179,3100,18,10,2012,5,20,36,0,15,6,GOLDMINE RD,STEVENS RD,99999,35.00395278,-80.59188889,0,43,0,0,1,1,0,4,3,1,0,1,0,0000000,99,99,99,99,88,88,0,0,0,1,1
37,370994,2,2,0,0,0,3,3,181,2120,23,10,2012,3,17,38,1,2,2,US-1 BYP,US-1 BUS,99999,36.27215556,-78.40641667,0,12,6,0,2,4,0,1,1,1,0,1,0,0000000,17,35,17,48,18,7,0,0,0,1,0
37,370995,1,1,0,0,0,1,1,183,3750,5,10,2012,6,0,27,1,1,1,I-540,,99999,35.91366667,-78.71348889,0,24,0,0,1,1,0,4,2,1,0,1,0,0000000,99,99,99,99,88,88,0,0,0,1,1
37,370996,2,2,0,0,0,2,2,183,3750,3,10,2012,4,22,23,1,13,2,US-70,EBENEZER CHURCH RD,99999,35.88351667,-78.73948056,0,12,2,0,1,1,0,1,2,1,0,1,0,0000000,22,23,22,32,22,59,0,0,0,1,1
37,370997,2,2,0,1,1,1,1,189,560,2,10,2012,3,4,39,0,6,6,OLD US HWY 421,HARDIN RD,99999,36.23355,-81.55077778,0,8,0,0,1,1,0,1,2,2,0,2,0,0000000,99,99,99,99,88,88,0,0,0,1,0
37,370998,1,1,0,1,1,1,1,191,1330,14,10,2012,1,13,20,0,3,2,US-117 ALT,HOPE BLVD,99999,35.30259167,-78.03818056,0,8,0,0,1,1,0,1,1,1,0,1,0,0000000,13,16,13,19,99,99,0,0,0,1,0
37,370999,1,1,0,0,0,1,1,191,1880,16,10,2012,3,12,4,0,15,6,ROYALL AVE,N. CENTER ST.,99999,35.39232222,-77.99366944,0,30,0,0,1,1,0,4,1,1,0,1,0,0000000,13,4,13,8,99,99,0,0,0,1,0
37,371000,1,1,0,0,0,1,1,193,3370,6,10,2012,7,22,6,0,5,6,ROCK CREEK RD,HAYNES RD,99999,36.24449167,-81.09286667,0,1,0,0,1,1,0,1,2,1,0,1,0,0000000,19,40,19,49,88,88,0,0,0,1,1
37,371001,2,2,0,0,0,3,3,193,5040,17,10,2012,4,17,18,0,3,3,SR-16,SR-18,99999,36.13671667,-81.16135,0,12,2,0,2,2,0,1,1,1,0,1,0,0000000,17,17,17,23,18,21,0,0,0,1,0
37,371002,2,2,0,0,0,3,3,195,1520,13,10,2012,7,20,25,0,5,6,E. LANGLEY RD,BOTTOMS DAIRY RD,99999,35.80678611,-77.82916111,0,12,6,0,2,2,0,1,2,1,0,1,0,0000000,20,23,20,27,99,99,0,0,0,2,1
37,371003,1,1,0,0,0,1,1,197,5200,21,10,2012,1,12,0,0,5,6,LONE HICKORY RD,RADIATOR RD,99999,36.070375,-80.685825,0,34,0,0,1,1,0,4,1,1,0,1,0,0000000,11,49,12,1,13,59,0,0,0,1,0
37,371004,1,1,0,0,0,1,1,183,3750,28,9,2012,6,2,13,0,16,6,BARWELL RD,TEALBROOK RD,99999,35.74198056,-78.54103889,0,42,0,0,1,1,0,4,2,1,0,1,0,0000000,2,27,2,35,88,88,0,0,0,1,1
37,371005,1,1,0,0,0,1,1,11,290,30,10,2012,3,8,0,0,4,3,SR-184,BANNER RD,99999,36.15809722,-81.87041389,0,1,0,0,1,1,0,4,1,4,11,4,0,0000000,8,1,8,6,8,40,0,0,0,1,0
37,371006,2,2,0,0,0,3,3,25,1040,2,10,2012,3,8,18,0,15,6,OLD AIRPORT RD,SETTER LN SE,99999,35.39066111,-80.54117222,0,12,2,0,1,1,0,1,1,1,0,1,0,0000000,8,17,8,24,99,99,0,0,0,1,1
37,371007,1,1,0,0,0,2,2,33,5210,2,10,2012,3,17,45,0,6,6,OLIVE HILL CHURCH RD,OLD DURHAM RD,99999,36.38385278,-79.15225833,0,42,0,0,1,1,0,4,1,1,0,1,0,0000000,17,47,17,54,99,99,0,0,0,1,0
37,371008,1,1,0,0,0,1,1,49,2078,18,10,2012,5,14,47,0,4,6,STATE RD 1773,TOURIST CENTER DR,99999,34.88023611,-76.90624444,0,1,0,0,1,1,0,4,1,10,0,10,0,0000000,14,51,14,54,16,45,0,0,0,1,1
37,371009,2,2,0,0,0,3,3,51,1670,16,10,2012,3,12,14,0,14,6,LCL SANTA FE DR,LCL ALL-AMERICAN EXPRESSWAY,99999,35.09779167,-78.96885278,0,12,2,0,2,2,0,1,1,1,0,1,0,0000000,12,32,12,39,13,6,0,0,0,1,0
37,371010,1,1,0,0,0,1,1,51,1670,21,10,2012,1,2,12,0,13,3,SR-87,LCL ROBESON ST,99999,35.04555,-78.89353333,0,35,0,0,1,1,0,4,2,1,0,1,0,0000000,2,12,2,18,2,44,0,0,0,1,0
37,371011,1,1,0,1,1,1,1,67,5120,30,10,2012,3,7,5,0,14,3,SR-158,HEALY DRIVE,99999,36.07469167,-80.30321389,0,8,0,0,1,1,0,1,3,2,10,2,0,0000000,7,6,7,11,88,88,0,0,0,1,0
37,371012,2,2,0,0,0,2,2,81,1940,22,10,2012,2,4,50,0,4,6,MCKNIGHT MILL RD,NICHOLS RD,99999,36.12255,-79.73693611,0,12,2,0,1,1,0,1,2,1,0,1,0,0000000,4,46,4,54,5,23,0,0,0,1,0
37,371014,2,2,0,0,0,3,3,175,600,2,10,2012,3,12,6,0,5,6,EVERETT RD,HART RD,99999,35.25255278,-82.64553056,0,12,2,0,2,3,0,1,1,1,0,1,0,0000000,99,99,99,99,99,99,0,0,0,1,0
37,371015,1,1,0,0,0,1,1,183,800,10,10,2012,4,21,20,0,14,6,SW MAYNARD RD,PAMLICO DR.,99999,35.77160278,-78.79619167,0,30,0,0,1,1,0,4,3,1,0,1,0,0000000,21,27,21,31,21,54,0,0,0,1,0