STATE,ST_CASE,VE_TOTAL,VE_FORMS,PVH_INVL,PEDS,PERNOTMVIT,PERMVIT,PERSONS,COUNTY,CITY,DAY,MONTH,YEAR,DAY_WEEK,HOUR,MINUTE,NHS,ROAD_FNC,ROUTE,TWAY_ID,TWAY_ID2,MILEPT,LATITUDE,LONGITUD,SP_JUR,HARM_EV,MAN_COLL,RELJCT1,RELJCT2,TYP_INT,WRK_ZONE,REL_ROAD,LGT_COND,WEATHER1,WEATHER2,WEATHER,SCH_BUS,RAIL,NOT_HOUR,NOT_MIN,ARR_HOUR,ARR_MIN,HOSP_HR,HOSP_MN,CF1,CF2,CF3,FATALS,DRUNK_DR
37,371016,1,1,0,0,0,1,1,183,2470,26,10,2012,6,10,7,1,1,1,I-540,US-264 BYP,99999,35.79425278,-78.51671111,0,1,0,1,5,1,0,1,1,1,0,1,0,0000000,10,9,10,18,10,37,0,0,0,1,0
37,371017,2,2,0,0,0,2,2,183,3750,29,10,2012,2,16,48,0,14,6,ATLANTIC AVE.,WHITAKER MILL RD,99999,35.80816667,-78.62051111,0,12,2,0,1,1,0,1,1,10,0,10,0,0000000,16,53,16,59,17,25,0,0,0,2,0
37,371018,1,1,0,0,0,1,1,3,4570,7,11,2012,4,19,46,0,4,6,OLD MOUNTAIN RD,MCCLAIN RD,99999,35.8821,-81.09341111,0,35,0,0,1,1,0,4,2,10,0,10,0,0000000,19,44,19,48,88,88,0,0,0,1,0
37,371019,1,1,0,0,0,10,10,5,4320,11,11,2012,1,19,20,0,4,3,SR-18 S,DIXON RD,99999,36.44323611,-81.20961944,0,34,0,0,1,1,0,4,2,1,0,1,0,0000000,19,24,19,37,99,99,0,0,0,1,0
37,371020,1,1,0,0,0,1,1,7,100,12,11,2012,2,10,0,0,16,6,PLANK RD,FRIES BLVD,99999,35.10970833,-80.11435,0,59,0,0,1,1,0,4,1,2,0,2,0,0000000,10,3,10,18,10,46,0,0,0,1,0
37,371021,3,3,0,2,2,1,1,13,4860,16,11,2012,6,17,53,1,13,2,US-264,PAGE RD,99999,35.58451667,-77.09476667,0,12,1,0,1,1,0,1,3,1,0,1,0,0000000,17,50,17,55,18,12,14,0,0,1,0
37,371022,2,2,0,1,1,6,6,13,4860,20,11,2012,3,17,28,0,2,6,JOHN  SMALL AVE,SMAW RD,99999,35.54405278,-77.0188,0,8,0,0,1,1,0,1,2,10,0,10,0,0000000,99,99,99,99,99,99,0,0,0,1,0
37,371023,2,2,0,0,0,2,2,13,3490,29,11,2012,5,10,24,0,4,3,SR-99,INDIAN RUN RD,99999,35.63361389,-76.61226667,0,12,2,0,1,1,0,1,1,1,0,1,0,0000000,99,99,99,99,99,99,0,0,0,1,1
37,371024,2,2,0,0,0,7,7,17,1470,22,11,2012,5,9,20,0,6,6,TWISTED HICKORY,SR-242,99999,34.57901111,-78.66607222,0,12,6,0,1,1,0,1,1,1,0,1,0,0000000,9,15,9,26,10,33,0,0,0,2,1
37,371025,2,2,0,0,0,2,2,19,540,8,11,2012,5,6,30,0,3,3,SR-87,FUNSTON RD SE,99999,34.09879444,-78.086525,0,12,6,0,2,3,0,1,4,1,0,1,0,0000000,6,30,6,35,99,99,0,0,0,1,0
37,371026,3,3,0,0,0,4,4,21,170,14,11,2012,4,16,55,0,13,2,US-70,SPRING COVE RD.,99999,99.99990000,999.99990000,0,12,6,0,2,3,0,1,1,1,0,1,0,0000000,16,55,17,4,17,35,0,0,0,1,0
37,371027,1,1,0,0,0,2,2,21,4910,19,11,2012,2,23,23,0,3,6,BARNARDSVILLE HWY,GENTRY BRANCH RD,99999,35.76735833,-82.52179722,0,42,0,0,1,1,0,4,2,1,0,1,0,0000000,23,31,23,46,0,18,0,0,0,1,1
37,371028,2,2,0,0,0,2,2,25,3210,1,11,2012,5,16,29,0,4,3,SR-200,MOUNT PLEASANTS RD S,99999,35.31773889,-80.47696389,0,12,6,0,2,2,0,1,1,1,0,1,0,0000000,16,25,16,34,88,88,0,0,0,1,0
37,371029,1,1,0,0,0,1,1,27,2270,2,11,2012,6,17,35,0,3,2,US-321,CAJAH MOUNTAIN RD.,99999,99.99990000,999.99990000,0,42,0,0,1,1,0,4,1,1,0,1,0,0000000,17,28,17,35,19,25,0,0,0,1,0
37,371030,2,2,0,0,0,3,3,27,2590,20,11,2012,3,14,27,0,16,6,HICKORY BLVD,,99999,35.88276944,-81.51476944,0,12,2,0,1,1,0,1,1,1,0,1,0,0000000,14,27,14,27,14,45,0,0,0,1,1
37,371031,2,2,0,0,0,8,8,29,0,3,11,2012,7,22,38,1,2,2,US-158,,99999,36.31049722,-76.18664444,0,12,6,0,1,1,0,1,2,1,0,1,0,0000000,22,22,22,29,22,46,0,0,0,2,0
37,371032,3,3,0,0,0,5,5,29,0,8,11,2012,5,18,43,0,4,3,SR-343,,99999,36.40245278,-76.27326389,0,12,8,0,1,1,0,1,2,1,0,1,0,0000000,18,43,18,51,19,35,0,0,0,1,0
37,371033,1,1,0,1,1,1,1,31,200,9,11,2012,6,11,55,0,14,3,SR-58,ATLANTIC BEACH CAUSEWAY,99999,34.70104722,-76.73820556,0,8,0,0,3,2,0,1,1,1,0,1,0,0000000,11,56,11,57,12,23,0,0,0,1,0
37,371034,1,1,0,0,0,1,1,37,0,24,11,2012,7,14,13,0,5,4,CR-1346,,99999,35.81424167,-79.4555,0,59,0,0,1,1,0,4,1,1,0,1,0,0000000,99,99,99,99,99,99,0,0,0,1,1
37,371035,1,1,0,1,1,1,1,45,0,9,11,2012,6,20,5,0,6,4,CR-2014,,99999,35.28924167,-81.3775,0,8,0,0,1,1,0,1,2,1,0,1,0,0000000,20,2,20,12,20,40,0,0,0,1,0
37,371036,1,1,0,1,1,1,1,47,0,3,11,2012,7,4,21,1,2,2,US-74,HALLSBORO ROAD,99999,34.33266944,-78.59926944,0,8,0,0,2,2,0,1,2,1,0,1,0,0000000,4,27,4,42,6,14,0,0,0,1,0
37,371037,2,2,0,0,0,2,2,47,5020,6,11,2012,3,11,28,0,14,6,PINKNEY STREET,FLOWERS PRIDGEN DRIVE,99999,34.348425,-78.70181944,0,12,6,0,2,2,0,1,1,1,0,1,0,0000000,99,99,99,99,99,99,0,0,0,1,0
37,371038,2,2,0,0,0,6,6,47,0,10,11,2012,7,18,25,0,4,3,SR-131,SILVER SPOON ROAD,99999,34.43658333,-78.75191389,0,12,6,0,2,2,0,1,2,1,0,1,0,0000000,99,99,99,99,99,99,0,0,0,2,0
37,371039,3,3,0,0,0,6,6,47,0,20,11,2012,3,7,15,1,2,2,US-701,,99999,34.17728056,-78.82602778,0,12,2,0,1,1,0,1,1,10,0,10,0,0000000,7,2,7,9,7,26,0,0,0,1,0
37,371040,1,1,0,0,0,1,1,49,0,28,11,2012,4,11,20,0,3,4,CR-1004,,99999,35.07054722,-77.05670833,0,32,0,0,1,1,0,4,1,1,0,1,0,0000000,99,99,99,99,99,99,0,0,0,1,0
37,371041,1,1,0,0,0,1,1,51,0,2,11,2012,6,20,46,0,3,3,SR-162,,99999,34.99170833,-78.95347222,0,38,0,0,1,1,0,4,2,1,0,1,0,0000000,20,38,20,44,21,6,0,0,0,1,1
37,371042,1,1,0,1,1,1,1,51,0,7,11,2012,4,21,34,1,12,2,US-401,,99999,35.17293611,-78.860075,0,8,0,0,1,1,0,1,2,1,0,1,0,0000000,21,32,21,43,21,59,0,0,0,1,0
37,371043,2,2,0,0,0,2,2,55,3235,11,11,2012,1,1,9,0,4,3,SR-12,OLD NC 12,99999,35.92302222,-75.604975,0,12,1,0,1,1,0,1,2,1,0,1,0,0000000,1,12,1,32,99,99,0,0,0,1,0
37,371044,1,1,0,0,0,1,1,57,2620,11,11,2012,1,16,28,0,5,6,ARNOLD RD,CONRAD SOWERS,99999,35.88839167,-80.29852778,0,34,0,0,1,1,0,4,1,1,0,1,0,0000000,16,26,16,36,17,4,0,0,0,1,0
37,371045,1,1,0,0,0,1,1,57,1240,22,11,2012,5,13,15,0,6,6,REAGAN RD,FRANK RD,99999,35.70549167,-80.13391389,0,35,0,0,1,1,0,4,1,1,0,1,0,0000000,13,22,13,32,14,4,0,0,0,1,0
37,371046,4,4,0,0,0,5,5,63,1360,17,11,2012,7,2,42,0,3,3,SR-98,SOUTHVIEW DR,99999,35.981775,-78.74287222,0,12,2,0,1,1,0,1,2,1,0,1,0,0000000,99,99,99,99,99,99,14,0,0,1,0
37,371047,1,1,0,0,0,1,1,65,4560,5,11,2012,2,7,18,1,2,2,US-64,SR-122,99999,35.88475556,-77.580025,0,42,0,0,1,1,0,4,1,1,0,1,0,0000000,7,18,7,21,7,55,0,0,0,1,0
37,371048,2,2,0,0,0,6,6,67,5120,5,11,2012,2,16,40,0,15,6,REYNOLDS PARK RD,BUTLER ST,99999,36.08684444,-80.19753889,0,12,6,0,2,3,0,1,1,1,0,1,0,0000000,16,21,16,27,99,99,0,0,0,1,1
37,371049,1,1,0,0,0,1,1,69,2730,25,11,2012,1,1,44,0,3,3,SR-39,ROCKY FORD RD,99999,36.188275,-78.29615833,0,53,0,0,1,1,0,5,2,1,0,1,0,0000000,1,37,1,49,99,99,0,0,0,1,1
37,371050,1,1,0,0,0,1,1,71,1800,13,11,2012,3,3,34,0,2,3,SR-274,BRIARCLIFF DR,99999,35.19985,-81.15887222,0,32,0,0,2,3,0,4,2,2,0,2,0,0000000,3,30,3,35,3,57,0,0,0,1,0
37,371051,2,2,0,0,0,2,2,71,390,16,11,2012,6,14,47,1,1,1,I-85,SR-7,99999,35.25646944,-81.03635556,0,12,1,0,1,1,0,1,1,1,0,1,0,0000000,14,43,14,58,15,23,0,0,0,1,0
37,371052,1,1,0,0,0,1,1,73,1810,23,11,2012,6,9,53,0,4,3,SR-137,WHITE OAK RD,99999,36.42606667,-76.84523333,0,11,0,0,1,1,0,1,1,1,0,1,0,0000000,99,99,99,99,99,99,0,0,0,1,0
37,371053,1,1,0,0,0,1,1,81,1940,10,11,2012,7,19,17,0,15,6,CREEK RIDGE RD,EARL RD,99999,36.02788611,-79.81287222,0,30,0,0,1,1,0,4,3,1,0,1,0,0000000,19,15,19,22,88,88,0,0,0,1,1
37,371054,1,1,0,0,0,2,2,83,1540,25,11,2012,1,13,3,1,1,1,I-95,SR-481,99999,36.18428333,-77.76419722,0,1,0,0,1,1,0,1,1,1,0,1,0,0000000,13,2,13,17,14,2,0,0,0,1,0
37,371055,1,1,0,0,0,1,1,85,2650,24,11,2012,7,0,24,0,6,6,OVERHILLS RD,BILL SHAW RD,99999,35.26609444,-78.93124722,0,34,0,0,1,1,0,4,2,1,0,1,0,0000000,99,99,99,99,99,99,0,0,0,1,0
37,371056,1,1,0,0,0,1,1,91,0,28,11,2012,4,8,5,0,3,3,SR-1443,,99999,36.32679167,-76.82469167,0,42,0,0,1,1,0,4,1,1,0,1,0,0000000,8,10,8,22,88,88,0,0,0,1,0
37,371057,2,2,0,0,0,3,3,97,0,8,11,2012,5,8,6,1,2,2,US-21,SR-1922,99999,35.84285278,-80.877475,0,12,6,0,2,3,0,1,1,1,0,1,0,0000000,8,4,8,13,99,99,0,0,0,1,0
37,371058,1,1,0,1,1,1,1,97,0,14,11,2012,4,15,6,0,3,3,SR-115,,99999,35.61458333,-80.81978333,0,8,0,0,1,1,0,1,1,1,0,1,0,0000000,15,6,15,17,15,31,0,0,0,1,0
37,371059,1,1,0,1,1,1,1,97,4430,28,11,2012,4,9,46,0,16,6,W BELL ST,S CENTER ST,99999,35.78049167,-80.88634444,0,8,0,0,2,2,0,1,1,1,0,1,0,0000000,9,52,9,54,99,99,0,0,0,1,0
37,371060,2,2,0,0,0,3,3,101,0,3,11,2012,7,19,0,0,3,3,SR-96,,99999,35.46304722,-78.38947778,0,53,0,0,1,1,0,4,2,1,0,1,0,0000000,19,2,19,12,19,51,0,0,0,1,1
37,371061,1,1,0,1,1,1,1,105,0,6,11,2012,3,20,29,0,3,3,SR-1146,,99999,35.40738611,-79.14828611,0,9,0,0,1,1,0,1,2,1,0,1,0,0000000,20,30,20,36,20,52,0,0,0,1,0
37,371062,2,2,0,0,0,2,2,105,4090,3,11,2012,7,9,28,0,16,6,N HORNER BLVD,,99999,35.55425556,-79.2714,0,12,2,0,1,1,0,1,1,1,0,1,0,0000000,9,33,9,39,10,6,0,0,0,1,0
37,371063,2,1,1,2,2,1,1,107,0,6,11,2012,3,11,31,1,2,2,US-70,SR-1327,99999,35.286175,-77.75705278,0,59,0,0,2,2,0,4,1,10,0,10,0,0000000,11,34,11,39,12,15,0,0,0,1,0
37,371064,1,1,0,1,1,1,1,109,2660,11,11,2012,1,20,9,0,16,6,S GENERALS BLVD,COUNTRY CLUB RD,99999,35.46726667,-81.24030833,0,8,0,0,2,2,0,1,2,1,0,1,0,0000000,20,11,20,17,20,38,0,0,0,1,0
37,371065,2,2,0,0,0,2,2,117,0,19,11,2012,2,10,15,1,2,2,US-64,,99999,99.99990000,999.99990000,0,12,1,0,1,1,0,1,1,1,0,1,0,0000000,10,15,10,19,10,34,0,0,0,1,1
37,371066,3,3,0,0,0,5,5,119,870,17,11,2012,7,0,52,1,11,1,I-77,,99999,35.23340556,-80.85885278,0,24,0,0,1,1,0,4,3,1,0,1,0,0000000,0,52,1,1,1,14,14,0,0,1,2
37,371067,1,1,0,0,0,1,1,119,870,22,11,2012,5,14,15,1,11,1,I-485,,99999,35.138975,-80.64756111,0,57,0,0,1,1,0,4,1,1,0,1,0,0000000,14,12,14,21,14,29,0,0,0,1,0
37,371068,2,2,0,0,0,2,2,123,0,5,11,2012,2,14,2,0,3,3,SR-24,SR-73,99999,35.34879167,-80.1636,0,12,6,0,2,3,0,1,1,1,0,1,0,0000000,13,57,14,20,15,13,0,0,0,1,0
37,371069,2,2,0,0,0,3,3,125,0,27,11,2012,3,17,41,0,3,3,SR-1803,,99999,35.25474444,-79.28597222,0,12,6,0,4,1,0,1,2,2,0,2,0,0000000,99,99,99,99,99,99,0,0,0,1,0
37,371070,1,1,0,0,0,1,1,125,4270,21,11,2012,4,22,39,1,2,2,US-15,,99999,35.18335,-79.43863889,0,42,0,0,1,1,0,4,2,1,0,1,0,0000000,99,99,99,99,99,99,20,0,0,1,1
37,371071,1,1,0,1,1,1,1,127,0,29,11,2012,5,13,7,0,3,3,SR-1105,,99999,35.77926389,-78.17575556,0,9,0,0,1,1,0,1,1,1,0,1,0,0000000,12,46,13,0,13,24,0,0,0,1,0
37,371072,2,1,1,1,1,1,1,129,0,4,11,2012,1,17,58,1,2,2,US-421,,99999,99.99990000,999.99990000,0,8,0,0,1,1,0,2,2,1,0,1,0,0000000,17,54,18,1,18,24,23,0,0,1,1
37,371073,2,2,0,0,0,3,3,129,0,10,11,2012,7,11,59,1,2,2,US-17,,99999,99.99990000,999.99990000,0,12,6,0,4,1,0,1,1,1,0,1,0,0000000,11,53,12,2,12,20,0,0,0,1,0
37,371074,1,1,0,0,0,1,1,129,5060,17,11,2012,7,21,10,0,16,6,CAROLINA BEACH RD,,99999,34.11863056,-77.90065,0,25,0,0,1,1,0,4,3,1,0,1,0,0000000,21,9,21,16,88,88,0,0,0,1,1
37,371075,2,2,0,0,0,2,2,131,0,12,11,2012,2,17,50,1,2,2,US-258,,99999,36.37686111,-77.16125,0,12,6,0,4,1,0,1,1,1,0,1,0,0000000,17,44,17,58,99,99,0,0,0,1,0
37,371076,1,1,0,0,0,1,1,133,0,4,11,2012,1,12,37,0,3,3,SR-1308,,99999,34.75894444,-77.39763611,0,34,0,0,1,1,0,4,1,1,0,1,0,0000000,12,35,12,38,13,16,0,0,0,1,0
37,371077,1,1,0,0,0,1,1,135,0,18,11,2012,1,2,16,0,3,3,SR-86,,99999,36.11956389,-79.11436944,0,42,0,0,1,1,0,4,2,1,0,1,0,0000000,2,16,2,23,88,88,0,0,0,1,1
37,371078,1,1,0,1,1,2,2,141,0,1,11,2012,5,22,40,1,2,2,US-17,,99999,99.99990000,999.99990000,0,8,0,0,1,1,0,1,2,1,0,1,0,0000000,99,99,99,99,99,99,0,0,0,1,0
37,371079,2,2,0,0,0,2,2,147,1950,3,11,2012,7,23,50,0,13,3,SR-11,,99999,35.57278889,-77.39932222,0,12,6,0,4,1,0,1,3,1,0,1,0,0000000,23,49,23,53,0,2,0,0,0,1,2
37,371080,2,2,0,0,0,3,3,147,1950,4,11,2012,1,1,27,0,16,6,COUNTY HOME RD,,99999,35.53799722,-77.35031389,0,12,2,0,1,1,0,1,3,1,0,1,0,0000000,99,99,99,99,99,99,0,0,0,1,1
37,371081,1,1,0,0,0,1,1,147,0,9,11,2012,6,14,50,0,3,3,SR-1401,,99999,35.70897778,-77.48275833,0,34,0,0,1,1,0,4,1,1,0,1,0,0000000,99,99,99,99,99,99,0,0,0,1,1
37,371082,1,1,0,0,0,1,1,147,0,13,11,2012,3,17,44,0,3,3,SR-102,,99999,35.47577778,-77.43536944,0,59,0,0,1,1,0,4,2,2,0,2,0,0000000,99,99,99,99,99,99,0,0,0,1,0
37,371083,1,1,0,0,0,2,2,151,0,11,11,2012,1,16,13,0,3,3,SR-2481,,99999,35.78435556,-79.66560278,0,34,0,0,1,1,0,4,1,1,0,1,0,0000000,16,4,16,20,17,16,0,0,0,1,0
37,371084,2,2,0,0,0,7,7,153,0,16,11,2012,6,20,25,0,3,3,SR-1418,SR-1431,99999,34.96629444,-79.77384167,0,12,6,0,2,2,0,1,2,1,0,1,0,0000000,20,18,20,27,22,37,0,0,0,1,0
37,371085,2,2,0,0,0,6,6,153,0,29,11,2012,5,13,29,1,2,2,US-74,,99999,34.96550833,-80.06030556,0,12,1,0,1,1,0,1,1,1,0,1,0,0000000,99,99,99,99,99,99,0,0,0,1,0
37,371086,2,2,0,0,0,3,3,155,0,24,11,2012,7,19,4,0,3,3,SR-1723,,99999,34.88401389,-78.97557222,0,12,1,0,4,1,0,1,2,1,0,1,0,0000000,19,2,19,25,19,45,0,0,0,1,0
37,371087,1,1,0,0,0,1,1,155,0,4,11,2012,1,21,57,0,3,3,SR-2106,,99999,34.60121389,-78.91403611,0,34,0,0,1,1,0,4,2,10,0,10,0,0000000,99,99,99,99,99,99,0,0,0,1,1
37,371088,1,1,0,1,1,1,1,155,0,29,11,2012,5,17,51,0,3,3,SR-1308,,99999,34.83511111,-79.34113056,0,9,0,0,1,1,0,1,2,1,0,1,0,0000000,18,46,19,11,19,56,0,0,0,1,0
37,371089,1,1,0,0,0,5,5,157,0,25,11,2012,1,1,2,0,3,3,SR-2039,,99999,36.48158889,-79.75456389,0,1,0,0,1,1,0,1,2,1,0,1,0,0000000,0,59,1,6,1,38,0,0,0,1,1
37,371090,2,2,0,0,0,4,4,157,0,28,11,2012,4,14,47,0,3,3,SR-704,,99999,99.99990000,999.99990000,0,12,2,0,1,1,0,4,1,1,0,1,0,0000000,14,48,15,2,99,99,0,0,0,1,0
37,371091,1,1,0,0,0,1,1,161,0,7,11,2012,4,14,2,0,3,3,SR-1512,,99999,35.51400833,-81.90286944,0,42,0,0,1,1,0,4,1,1,0,1,0,0000000,14,13,14,19,88,88,0,0,0,1,0
37,371092,1,1,0,0,0,4,4,163,0,16,11,2012,6,21,16,0,3,3,SR-1215,,99999,34.89534444,-78.47450556,0,34,0,0,1,1,0,4,2,1,0,1,0,0000000,21,11,21,25,99,99,0,0,0,1,0
37,371093,1,1,0,1,1,1,1,163,0,24,11,2012,7,17,53,0,3,3,SR-242,,99999,35.15575833,-78.46799722,0,8,0,0,1,1,0,1,2,1,0,1,0,0000000,17,46,17,52,88,88,0,0,0,1,0
37,371094,1,1,0,1,1,1,1,163,4060,13,11,2012,3,18,34,0,3,3,SR-242,,99999,35.01738333,-78.50271667,0,8,0,0,1,1,0,1,3,2,0,2,0,0000000,18,34,18,41,88,88,0,0,0,1,0
37,371095,1,1,0,0,0,1,1,167,0,3,11,2012,7,2,37,0,3,3,SR-1918,,99999,35.22896667,-80.17507778,0,42,0,0,1,1,0,4,2,1,0,1,0,0000000,2,37,2,40,88,88,0,0,0,1,1
37,371096,2,2,0,0,0,3,3,171,3170,1,11,2012,5,21,0,0,16,6,N MAIN ST,LEBANON ST,99999,36.51049722,-80.60914444,0,12,6,0,2,2,0,1,3,1,0,1,0,0000000,99,99,99,99,99,99,0,0,0,1,0
37,371097,2,2,0,0,0,2,2,179,3100,11,11,2012,1,7,51,0,16,6,MORGAN MILL RD,CYRUS EDWARDS RD,99999,35.00687778,-80.51771944,0,12,6,0,2,3,0,1,1,1,0,1,0,0000000,99,99,99,99,99,99,0,0,0,1,0
37,371098,2,2,0,0,0,2,2,181,0,21,11,2012,4,20,50,0,3,3,SR-1001,,99999,36.34952778,-78.37589722,0,12,1,0,1,1,0,1,2,1,0,1,0,0000000,20,50,20,55,21,20,0,0,0,1,0
37,371099,2,2,0,0,0,4,4,183,0,13,11,2012,3,14,58,0,3,3,SR-96,,99999,35.92733056,-78.39856944,0,12,2,0,1,1,0,1,1,2,10,2,0,0000000,99,99,99,99,99,99,0,0,0,1,1
37,371100,6,6,0,0,0,11,11,183,3750,26,11,2012,2,17,25,1,11,1,I-440,,99999,35.78046389,-78.57388889,0,12,1,0,1,1,0,1,2,1,0,1,0,0000000,17,33,17,42,18,14,0,0,0,1,0
37,371101,1,1,0,0,0,2,2,183,0,27,11,2012,3,3,2,0,3,3,SR-2770,,99999,35.56409722,-78.78630278,0,42,0,0,1,1,0,5,2,1,0,1,0,0000000,99,99,99,99,99,99,0,0,0,2,1
37,371102,1,1,0,0,0,1,1,185,0,13,11,2012,3,9,52,0,3,3,SR-1210,,99999,36.45634722,-78.22423333,0,1,0,0,1,1,0,4,1,2,0,2,0,0000000,99,99,99,99,99,99,0,0,0,1,0
37,371103,1,1,0,0,0,1,1,185,0,14,11,2012,4,16,37,0,3,3,SR-1616,,99999,36.25777778,-78.21844167,0,34,0,0,1,1,0,4,1,10,0,10,0,0000000,99,99,99,99,99,99,0,0,0,1,1
37,371104,2,2,0,0,0,2,2,191,0,5,11,2012,2,6,35,1,1,1,I-795,,99999,35.55398056,-77.98718611,0,57,0,0,1,1,0,3,4,1,0,1,0,0000000,6,33,6,47,6,57,0,0,0,1,0
37,371105,1,1,0,0,0,1,1,191,0,25,11,2012,1,16,39,0,3,3,SR-1726,,99999,35.32074722,-77.90387778,0,42,0,0,1,1,0,4,1,1,0,1,0,0000000,16,31,16,35,88,88,0,0,0,1,0
37,371106,1,1,0,0,0,3,3,193,0,30,11,2012,6,18,31,0,3,3,SR-115,,99999,36.09780278,-81.02591944,0,24,0,0,1,1,0,4,2,1,0,1,0,0000000,18,35,18,44,19,16,0,0,0,1,1
37,371107,2,2,0,0,0,3,3,57,4590,3,11,2012,7,11,53,0,15,6,COUNTY LINE ROAD,SUNRISE AVE,99999,35.87496111,-80.04918889,0,12,6,0,2,2,0,1,1,1,0,1,0,0000000,11,57,12,8,99,99,0,0,0,1,0
37,371108,1,1,0,1,1,1,1,101,4230,30,11,2012,6,18,52,1,12,2,US-301,WOODALL STREET,99999,35.50516944,-78.34211389,0,8,0,0,1,1,0,1,3,1,0,1,0,0000000,18,58,19,2,19,57,0,0,0,1,0
37,371109,1,1,0,1,1,1,1,107,0,17,11,2012,7,18,5,0,3,3,SR-11,SR-118,99999,35.37118333,-77.45589722,0,8,0,0,3,2,0,1,2,1,0,1,0,0000000,17,58,18,5,88,88,0,0,0,1,0
37,371110,1,1,0,1,1,1,1,127,3930,4,11,2012,1,19,32,1,12,2,US-301,CONSTRUCTION DRIVE,99999,35.97897778,-77.79003611,0,8,0,0,2,3,0,1,2,10,0,10,0,0000000,19,33,19,39,20,3,0,0,0,1,0
37,371111,1,1,0,0,0,1,1,127,3930,26,11,2012,2,22,2,0,14,3,SR-48,,99999,35.99008333,-77.80822778,0,30,0,0,1,1,0,4,3,1,0,1,0,0000000,22,3,22,11,22,57,0,0,0,1,1
37,371112,1,1,0,0,0,2,2,153,3910,27,11,2012,3,15,15,0,16,6,ASLINGTON STREET,,99999,34.94910833,-79.77293611,0,35,0,0,1,1,0,4,1,2,0,2,0,0000000,15,12,15,18,15,45,0,0,0,1,0
37,371113,2,2,0,0,0,2,2,153,0,27,11,2012,3,7,39,0,4,3,SR-381,CR-1805,99999,34.82475556,-79.65904444,0,12,6,0,3,3,0,1,1,10,0,10,0,0000000,7,37,7,48,8,12,0,0,0,1,0
37,371114,1,1,0,0,0,2,2,3,0,15,12,2012,7,20,27,0,6,4,CR-1415,,99999,35.95187778,-81.14688889,0,35,0,0,1,1,0,4,2,1,0,1,0,0000000,20,26,20,35,99,99,0,0,0,1,0
37,371115,1,1,0,1,1,1,1,19,9997,11,12,2012,3,6,39,0,6,4,CR-1430,,99999,34.26321667,-78.00267778,0,8,0,0,1,1,0,1,2,5,0,5,0,0000000,6,28,6,37,88,88,0,0,0,1,0
37,371116,3,1,2,2,2,2,2,21,170,12,12,2012,4,16,40,0,16,6,S. MARKET STREET,,99999,35.59120278,-82.55038056,0,30,0,0,1,1,0,4,1,1,0,1,0,0000000,16,46,16,49,17,4,0,0,0,1,0
37,371117,1,1,0,0,0,1,1,23,0,30,12,2012,1,11,15,1,2,2,US-70,,99999,35.71076944,-81.80545278,0,42,0,0,1,1,0,4,1,1,0,1,0,0000000,11,13,11,22,88,88,0,0,0,1,0
37,371118,2,2,0,0,0,2,2,35,2150,9,12,2012,1,18,3,0,16,6,16TH STREET NE,,99999,35.77218889,-81.29781667,0,12,8,0,1,1,0,1,3,1,0,1,0,0000000,18,5,18,13,18,29,0,0,0,1,2
37,371119,3,3,0,1,1,4,4,35,0,10,12,2012,2,19,17,1,1,1,I-40,,99999,35.70608889,-81.38653611,0,8,0,0,1,1,0,1,2,10,0,10,0,0000000,19,14,19,16,88,88,0,0,0,1,0
37,371120,1,1,0,0,0,2,2,47,0,14,12,2012,6,22,29,0,6,4,CR-1838,,99999,34.31111389,-78.28776667,0,34,0,0,1,1,0,4,2,1,0,1,0,0000000,22,22,22,38,22,51,0,0,0,1,1
37,371121,3,3,0,0,0,2,2,47,0,18,12,2012,3,0,47,1,2,2,US-74,,99999,34.32426944,-78.47820278,0,12,1,0,1,1,0,1,2,10,0,10,0,0000000,0,41,1,4,1,34,19,0,0,1,0
37,371122,2,2,0,1,1,1,1,51,0,12,12,2012,4,2,49,0,3,4,CR-1600,,99999,35.14731389,-78.91109722,0,8,0,0,1,1,0,1,3,2,0,2,0,0000000,2,50,2,55,3,17,23,0,0,1,1
37,371123,1,1,0,1,1,1,1,51,0,14,12,2012,6,18,22,0,2,3,SR-210,,99999,35.20125278,-78.95356667,0,8,0,0,1,1,0,1,2,1,0,1,0,0000000,18,15,18,22,18,58,0,0,0,1,0
37,371124,1,1,0,0,0,1,1,57,0,22,12,2012,7,4,15,0,4,3,SR-47,,99999,35.75163056,-80.24731389,0,34,0,0,1,1,0,4,2,1,0,1,0,0000000,4,11,4,30,5,4,0,0,0,1,0
37,371125,2,2,0,0,0,2,2,61,0,12,12,2012,4,20,57,0,4,3,SR-111,,99999,34.85641389,-77.72551667,0,12,2,0,1,1,0,1,2,10,2,2,0,0000000,20,52,21,4,99,99,0,0,0,1,0
37,371126,2,2,0,0,0,3,3,63,0,8,12,2012,7,17,33,0,3,4,CR-1004,,99999,36.06738611,-78.86496667,0,12,2,0,1,1,0,1,5,1,0,1,0,0000000,17,31,17,35,18,18,0,0,0,1,1