STATE,ST_CASE,VE_TOTAL,VE_FORMS,PVH_INVL,PEDS,PERNOTMVIT,PERMVIT,PERSONS,COUNTY,CITY,DAY,MONTH,YEAR,DAY_WEEK,HOUR,MINUTE,NHS,ROAD_FNC,ROUTE,TWAY_ID,TWAY_ID2,MILEPT,LATITUDE,LONGITUD,SP_JUR,HARM_EV,MAN_COLL,RELJCT1,RELJCT2,TYP_INT,WRK_ZONE,REL_ROAD,LGT_COND,WEATHER1,WEATHER2,WEATHER,SCH_BUS,RAIL,NOT_HOUR,NOT_MIN,ARR_HOUR,ARR_MIN,HOSP_HR,HOSP_MN,CF1,CF2,CF3,FATALS,DRUNK_DR
37,371127,1,1,0,1,1,1,1,63,1360,10,12,2012,2,15,9,0,14,3,SR-751,CALIBRE PARK DRIVE,99999,35.914375,-78.96108889,0,9,0,0,2,2,0,1,1,10,0,10,0,0000000,15,8,15,14,15,30,0,0,0,1,0
37,371128,1,1,0,0,0,1,1,67,5120,5,12,2012,4,2,42,0,15,6,OAK SUMMIT ROAD,,99999,36.16704722,-80.24636667,0,30,0,0,1,1,0,4,3,1,0,1,0,0000000,2,52,3,2,88,88,0,0,0,1,1
37,371129,1,1,0,0,0,1,1,67,5120,8,12,2012,7,1,55,0,13,2,US-158,US-421,99999,36.10328611,-80.19261111,0,42,0,0,1,1,0,4,2,10,0,10,0,0000000,1,57,2,3,88,88,0,0,0,1,1
37,371130,1,1,0,1,1,1,1,67,2430,19,12,2012,4,6,52,0,3,3,SR-66,SHADOWFAX DR,99999,36.14441944,-80.12742222,0,8,0,0,2,2,0,1,2,1,0,1,1,0000000,6,53,6,58,7,22,0,0,0,1,0
37,371131,2,2,0,0,0,6,6,67,4797,23,12,2012,1,18,2,1,2,2,US-158,OLD BELEWS CREEK RD,99999,36.15603056,-80.1462,0,12,2,0,2,2,0,1,3,1,0,1,0,0000000,18,1,18,5,18,37,0,0,0,1,0
37,371132,2,2,0,0,0,2,2,71,890,22,12,2012,7,15,49,0,16,5,W 1ST ST,DEPOT ST,99999,35.38197222,-81.37386667,0,12,2,0,1,1,0,1,1,1,0,1,0,0000000,15,45,15,48,16,17,0,0,0,1,0
37,371133,2,2,0,0,0,3,3,77,1120,25,12,2012,3,22,8,0,4,2,US-15,CASH RD,99999,36.09935556,-78.73187222,0,12,6,0,2,2,0,1,2,10,0,10,0,0000000,99,99,99,99,99,99,0,0,0,2,0
37,371134,2,2,0,0,0,3,3,81,1940,1,12,2012,7,3,41,0,3,6,PLEASANT GARDEN D,RITTERS LAKE RD,99999,35.98593056,-79.77751944,0,12,6,0,1,1,0,1,2,1,0,1,0,0000000,3,37,3,45,99,99,0,0,0,2,1
37,371135,1,1,0,1,1,3,3,81,1940,12,12,2012,4,17,27,0,15,6,WILLOW RD,BRISTOL RD,99999,36.04346944,-79.7619,0,8,0,0,2,3,0,1,5,1,0,1,0,0000000,17,27,17,32,18,8,0,0,0,1,0
37,371136,1,1,0,0,0,2,2,89,2130,16,12,2012,1,19,43,0,6,6,CREST RD,FELMET RD,99999,35.29062778,-82.39829444,0,42,0,0,1,1,0,4,2,2,0,2,0,0000000,19,42,19,47,20,17,0,0,0,1,0
37,371137,1,1,0,1,1,2,2,89,2130,14,12,2012,6,20,15,0,14,2,US-25,NAPLES RD,99999,35.39544444,-82.49666667,0,8,0,0,1,1,0,1,2,1,0,1,0,0000000,20,12,20,19,99,99,0,0,0,1,0
37,371138,2,2,0,0,0,3,3,97,4650,8,12,2012,7,12,24,0,4,6,OLD MOUNTAIN RD,WALLACE SPRINGS RD,99999,35.72650278,-80.920225,0,12,2,0,2,3,0,1,1,10,0,10,0,0000000,12,22,12,27,99,99,0,0,0,1,0
37,371139,1,1,0,0,0,1,1,99,4540,26,12,2012,4,22,12,0,3,3,SR-116,SOUTHWEST COLLEGE DR,99999,99.99990000,999.99990000,0,59,0,0,2,3,0,2,2,10,0,10,0,0000000,22,9,22,15,88,88,0,0,0,1,1
37,371140,1,1,0,0,0,2,2,101,410,12,12,2012,4,9,58,0,5,6,OLD FAIRGROUND RD,MASSENGILL POND RD,99999,35.48423889,-78.606925,0,42,0,0,1,1,0,4,1,10,0,10,0,0000000,9,58,10,5,99,99,0,0,0,1,0
37,371141,2,2,0,0,0,3,3,113,1710,6,12,2012,5,12,50,0,13,2,US-23,ALLMAN DRIVE,99999,35.16218056,-83.39156667,0,12,6,0,8,1,0,1,1,1,0,1,0,0000000,13,55,14,10,15,31,0,0,0,1,1
37,371142,1,1,0,1,1,1,1,117,5050,14,12,2012,6,14,47,0,6,6,GREEN ACRES RD,RALPH TAYLOR RD,99999,35.78068333,-77.08438056,0,8,0,0,8,1,0,1,1,1,0,1,0,0000000,99,99,99,99,99,99,0,0,0,1,0
37,371143,1,1,0,0,0,1,1,119,870,8,12,2012,7,15,34,0,13,6,11844 N. TRYON ST,MAIN DR,99999,35.33718611,-80.70765,0,19,0,0,1,1,0,5,1,1,0,1,0,0000000,15,33,15,44,15,48,0,0,0,1,0
37,371144,1,1,0,1,1,1,1,119,870,4,12,2012,3,22,38,0,14,6,STATESVILLE AVE,ALMA CT,99999,35.26533056,-80.83725,0,8,0,0,1,1,0,1,3,1,0,1,0,0000000,22,38,22,45,23,4,0,0,0,1,0
37,371145,2,2,0,0,0,2,2,119,870,7,12,2012,6,6,42,0,14,6,MY. HOLLY-HUNTERSVILLE,OVER LOOK MOUNTAIN DR.,99999,35.33151389,-80.93914444,0,12,6,0,2,3,0,1,4,10,0,10,0,0000000,6,42,6,54,7,19,0,0,0,1,2
37,371146,1,1,0,0,0,2,2,119,870,3,12,2012,2,3,0,0,15,6,BELLHAVEN BLVD,RAVENWOOD DR,99999,35.30160278,-80.93472778,0,30,0,0,1,1,0,4,3,1,0,1,0,0000000,3,1,3,9,3,32,0,0,0,1,1
37,371147,2,2,0,0,0,2,2,119,870,15,12,2012,7,14,3,1,1,1,I-85,MALLARD CREEK CHURCH RD,99999,35.30099167,-80.76247778,0,12,1,1,5,1,0,1,1,1,0,1,0,0000000,14,4,14,15,88,88,0,0,0,1,1
37,371148,1,1,0,0,0,2,2,119,870,15,12,2012,7,2,36,0,6,6,FREEDOM DR,ELMWOOD CIRCLE,99999,35.26668333,-80.92973056,0,42,0,0,1,1,0,4,3,1,0,1,0,0000000,2,36,2,41,3,15,0,0,0,1,1
37,371149,1,1,0,1,1,1,1,119,870,7,12,2012,6,3,46,0,15,6,PROSPERITY CHURCH RD,LOGANVILLE DRIVE,99999,35.36285833,-80.78470278,0,8,0,0,2,2,0,1,3,1,0,1,0,0000000,3,45,3,52,3,58,0,0,0,1,1
37,371150,1,1,0,0,0,2,2,121,270,8,12,2012,7,0,2,0,4,3,SR-226,SR-197,99999,36.116925,-82.34994444,0,35,0,0,1,1,0,4,2,1,0,1,0,0000000,99,99,99,99,99,99,0,0,0,1,1
37,371151,1,1,0,0,0,1,1,127,9997,13,12,2012,5,18,18,1,1,1,I-95,HALIFAX RD.,99999,36.01140833,-77.86424722,0,24,0,0,1,1,0,3,2,1,0,1,0,0000000,99,99,99,99,99,99,0,0,0,1,1
37,371152,1,1,0,0,0,1,1,129,5060,11,12,2012,3,23,48,0,16,6,OAKLEY RD,SR-133,99999,34.30207778,-77.92428333,0,30,0,0,1,1,0,4,2,10,0,10,0,0000000,23,43,23,53,88,88,0,0,0,1,1
37,371153,1,1,0,0,0,1,1,133,4530,22,12,2012,7,3,20,0,6,6,SHELL ROCK LANDING RD,PENINSULA MANOR RD,99999,34.655875,-77.16689167,0,1,0,0,1,1,0,4,2,1,0,1,0,0000000,3,35,3,45,88,88,0,0,0,1,1
37,371154,1,1,0,1,1,1,1,133,2330,5,12,2012,4,16,10,0,3,6,HARGETT ST,COLE DR,99999,34.75953333,-77.40274722,0,9,0,0,1,1,0,1,1,1,0,1,0,0000000,16,13,16,19,17,45,0,0,0,1,0
37,371155,1,1,0,0,0,4,4,135,2190,29,12,2012,7,22,33,0,6,6,LITTLE RIVER CHURCH,MARY HALL RD,99999,36.18483611,-79.06096667,0,53,0,0,1,1,0,4,2,10,0,10,0,0000000,99,99,99,99,99,99,0,0,0,2,0
37,371156,2,2,0,0,0,3,3,135,860,28,12,2012,6,22,7,0,3,6,ERWIN RD,WHITFIELD RD,99999,35.97429167,-79.007225,0,12,2,0,1,1,0,1,2,1,0,1,0,0000000,99,99,99,99,99,99,0,0,0,1,1
37,371157,1,1,0,1,1,1,1,139,1460,17,12,2012,2,20,38,0,14,6,E. EHRINGHAUS ST,S. ROAD ST,99999,36.29658333,-76.22377222,0,8,0,0,2,2,0,1,3,2,0,2,0,0000000,20,44,20,48,21,0,0,0,0,1,0
37,371158,1,1,0,0,0,2,2,145,4010,17,12,2012,2,20,13,0,6,6,NEALS STORE RD,SR-49,99999,36.48110556,-78.85696389,0,35,0,0,3,1,0,4,2,10,0,10,0,0000000,20,18,20,33,21,23,0,0,0,1,1
37,371159,1,1,0,0,0,2,2,147,4210,29,12,2012,7,2,53,0,6,6,MOBLEYS BRIDGE RD,FOSTER RD,99999,35.56074167,-77.23246944,0,42,0,0,1,1,0,4,2,10,0,10,0,0000000,99,99,99,99,99,99,0,0,0,1,1
37,371160,2,2,0,1,1,2,2,149,4080,3,12,2012,2,17,59,1,1,1,I-26,HOWARD GAP RD,99999,35.24976667,-82.27666111,0,8,0,0,1,1,0,1,2,1,0,1,0,0000000,18,4,18,16,99,99,0,0,0,1,0
37,371161,1,1,0,0,0,1,1,151,160,2,12,2012,1,13,6,0,5,6,OLD NC HWY 13,SR-42,99999,35.64294722,-79.71264167,0,59,0,0,1,1,0,2,1,1,0,1,0,0000000,13,4,13,14,14,7,0,0,0,1,0
37,371162,2,2,0,0,0,4,4,153,3910,8,12,2012,7,19,21,0,13,2,US-74,LADY MARY LANE,99999,34.91851667,-79.74471389,0,12,6,0,2,3,0,1,3,1,0,1,0,0000000,19,22,19,26,19,51,0,0,0,1,0
37,371163,1,1,0,2,2,1,1,155,2770,4,12,2012,3,18,3,0,16,6,GODWIN AVE,E. 22ND ST,99999,34.6323,-79.00392222,0,9,0,0,2,3,0,1,6,1,0,1,0,0000000,99,99,99,99,99,99,0,0,0,1,0
37,371164,1,1,0,0,0,1,1,155,2770,16,12,2012,1,23,30,0,4,6,TAR HEEL RD,SMITH RD,99999,34.67905278,-78.88024722,0,43,0,0,1,1,0,4,2,2,0,2,0,0000000,99,99,99,99,99,99,0,0,0,1,0
37,371165,1,1,0,1,1,3,3,155,4050,21,12,2012,6,22,45,0,4,2,US-301,ROZIER SIDING RD,99999,34.771925,-78.9845,0,8,0,0,1,1,0,1,2,1,0,1,0,0000000,99,99,99,99,99,99,0,0,0,1,0
37,371166,1,1,0,0,0,3,3,159,4070,2,12,2012,1,8,32,0,6,6,GOODNIGHT RD,LILLIAN CIRCLE,99999,35.66921389,-80.62943889,0,35,0,0,1,1,0,4,1,1,0,1,0,0000000,8,33,8,45,99,99,0,0,0,1,1
37,371167,1,1,0,0,0,2,2,163,3970,17,12,2012,2,22,59,0,5,6,BOYKIN BRIDGE RD,BIG PINEY GROVE RD,99999,34.89943056,-78.43198889,0,34,0,0,1,1,0,4,2,1,0,1,0,0000000,22,54,23,5,23,37,0,0,0,1,0
37,371168,1,1,0,0,0,2,2,171,3170,2,12,2012,1,16,0,0,6,6,PINE RIDGE RD,OLD LOW GAP RD,99999,36.52506389,-80.75091944,0,42,0,0,1,1,0,4,1,1,0,1,0,0000000,16,0,16,14,16,43,0,0,0,1,1
37,371169,1,1,0,0,0,5,5,171,3580,10,12,2012,2,18,25,1,2,2,US-52,SR-268,99999,36.38071389,-80.48858611,0,52,0,0,1,1,0,4,2,10,0,10,0,0000000,18,18,18,26,99,99,0,0,0,1,0
37,371170,1,1,0,0,0,1,1,173,660,25,12,2012,3,19,11,0,4,2,US-19,WESSER CREEK,99999,99.99990000,999.99990000,0,35,0,0,1,1,0,4,2,10,0,10,0,0000000,99,99,99,99,99,99,0,0,0,1,1
37,371171,2,2,0,0,0,2,2,175,600,26,12,2012,4,14,38,1,2,2,US-64,GLAZENER RD,99999,35.21791667,-82.750575,0,12,6,0,8,1,0,1,1,2,0,2,0,0000000,14,28,14,37,99,99,0,0,0,1,0
37,371173,2,2,0,0,0,2,2,179,9997,8,12,2012,7,7,3,0,13,2,US-74,STALLINGS RD,99999,35.09765833,-80.67512222,0,12,6,0,2,2,0,1,4,10,5,5,0,0000000,99,99,99,99,99,99,0,0,0,1,0
37,371174,1,1,0,0,0,1,1,183,3750,7,12,2012,6,18,51,1,13,3,SR-401,W. LANE ST,99999,35.78525556,-78.64240556,0,21,0,0,1,1,0,5,3,10,0,10,0,0000000,99,99,99,99,99,99,0,0,0,1,1
37,371175,1,1,0,0,0,1,1,183,3750,1,12,2012,7,0,35,0,14,6,SIX FORKS RD,HILLMER DR,99999,35.82046389,-78.62603056,0,42,0,0,1,1,0,4,3,1,0,1,0,0000000,0,38,0,42,1,1,0,0,0,1,1
37,371176,1,1,0,1,1,3,3,183,3750,14,12,2012,6,17,43,0,12,6,S. WILMINGTON ST,SHERWEE DR,99999,35.73415833,-78.65053333,0,8,0,0,1,1,0,1,3,1,0,1,0,0000000,17,46,17,47,18,3,0,0,0,1,0
37,371177,1,1,0,0,0,1,1,189,560,8,12,2012,7,19,45,0,4,3,SR-194,JACK HAYES RD,99999,36.26139167,-81.65010556,0,35,0,0,1,1,0,4,2,1,0,1,0,0000000,99,99,99,99,99,99,0,0,0,1,0
37,371178,2,2,0,0,0,2,2,191,1880,6,12,2012,5,14,14,1,2,2,US-70,ROCKFORD CHURCH RD,99999,35.30827222,-77.82963056,0,12,6,0,2,2,0,1,1,1,0,1,0,0000000,99,99,99,99,99,99,0,0,0,1,1
37,371179,1,1,0,1,1,1,1,191,1880,20,12,2012,5,17,51,0,3,6,N. HERMAN ST,DORTCH ST,99999,35.38685278,-77.98088056,0,9,0,0,1,1,0,1,5,10,0,10,0,0000000,99,99,99,99,99,99,0,0,0,1,0
37,371180,2,2,0,0,0,5,5,191,1880,30,12,2012,1,22,38,0,3,2,US-13,SAULSTON RATETN,99999,35.42711944,-77.885025,0,12,2,0,2,3,0,1,2,1,0,1,0,0000000,99,99,99,99,99,99,0,0,0,1,1
37,371181,1,1,0,0,0,1,1,193,3370,26,12,2012,4,12,15,0,4,3,SR-115,QUARRY RD,99999,36.11315833,-81.08059444,0,24,0,0,1,1,0,4,1,2,0,2,0,0000000,12,16,12,27,99,99,0,0,0,1,0
37,371182,2,2,0,0,0,6,6,195,5070,2,12,2012,1,21,5,0,13,7,200 HINES ST SW,MERCER ST SW,99999,35.72209722,-77.91641389,0,12,6,0,2,2,0,1,3,1,0,1,0,0000000,21,9,21,11,99,99,0,0,0,1,0
37,371183,1,1,0,0,0,1,1,199,710,20,12,2012,5,4,8,0,6,6,WYATT TOWN RD,US-19 E,99999,35.91020833,-82.21265278,0,43,0,0,1,1,0,4,2,1,0,1,0,0000000,4,8,4,28,88,88,0,0,0,1,1
37,371184,1,1,0,0,0,1,1,89,2130,26,10,2012,6,12,15,0,6,6,EAST POPLAR DR,GREEN MOUNTAIN RD,99999,35.41553333,-82.39676389,0,42,0,0,1,1,0,4,1,1,0,1,0,0000000,18,19,18,27,99,99,0,0,0,1,0
37,371185,3,3,0,0,0,4,4,183,4940,14,10,2012,1,17,17,1,12,2,US-64,US-64 BUS,99999,99.99990000,999.99990000,0,12,1,0,1,1,0,2,1,10,0,10,0,0000000,17,16,17,18,99,99,0,0,0,1,0
37,371186,1,1,0,1,1,1,1,183,3750,26,10,2012,6,22,13,0,13,7,NEW BERN AVE,LINCOLN CT,99999,35.77972778,-78.62099444,0,8,0,0,1,1,0,1,3,10,0,10,0,0000000,99,99,99,99,88,88,0,0,0,1,0
37,371187,1,1,0,0,0,1,1,1,700,2,11,2012,6,20,22,0,6,6,GUNN ST,ROSENWALD ST,99999,36.10645,-79.43147778,0,30,0,0,1,1,0,4,2,1,0,1,0,0000000,20,22,20,26,20,48,0,0,0,1,0
37,371188,1,1,0,1,1,2,2,21,170,15,11,2012,5,15,52,0,13,2,US-70,ACRO RD,99999,35.586525,-82.50679722,0,8,0,0,3,2,0,1,1,1,0,1,0,0000000,99,99,99,99,99,99,0,0,0,1,0
37,371189,1,1,0,1,1,1,1,71,390,12,11,2012,2,17,59,0,13,3,SR-273,US-29/74,99999,35.2533,-81.02733333,0,8,0,0,1,1,0,1,2,2,0,2,0,0000000,17,58,18,6,18,23,0,0,0,1,0
37,371190,2,2,0,0,0,3,3,85,1000,19,11,2012,2,16,37,0,6,6,BAILEY RD,EBENEZER CHURCH RD,99999,35.43078056,-78.61299444,0,12,6,0,2,2,0,1,1,1,0,1,0,0000000,99,99,99,99,99,99,0,0,0,1,0
37,371191,2,2,0,0,0,2,2,185,3320,1,11,2012,5,9,8,0,13,2,US-158,WARREN PLAINS RD,99999,36.43575278,-78.15792222,0,12,6,0,2,2,0,1,1,10,0,10,0,0000000,8,57,9,4,9,38,0,0,0,1,0
37,371192,1,1,0,0,0,1,1,183,3750,17,11,2012,7,7,17,0,14,6,TRYON RD,WITHERS RD,99999,35.73170278,-78.66261111,0,42,0,0,1,1,0,4,1,1,0,1,0,0000000,99,99,99,99,99,99,0,0,0,1,1
37,371193,1,1,0,1,1,2,2,1,1900,24,12,2012,2,17,57,0,14,3,SR-54,WOODY DR,99999,36.06025556,-79.380325,0,8,0,0,1,1,0,1,2,10,0,10,0,0000000,17,58,18,5,18,20,0,0,0,1,1
37,371194,1,1,0,0,0,1,1,19,826,31,12,2012,2,20,29,0,6,6,CASWELL BEACH RD,PINEHURST DR.,99999,33.899875,-78.06434167,0,38,0,0,1,1,0,4,3,10,0,10,0,0000000,20,27,20,33,22,23,0,0,0,1,1
37,371195,1,1,0,1,1,4,4,21,170,22,12,2012,7,18,8,0,13,3,SR-280,OVAL RD,99999,35.4503,-82.52786389,0,8,0,0,1,1,0,1,2,1,0,1,0,0000000,18,18,18,25,18,38,0,0,0,1,0
37,371196,1,1,0,1,1,2,2,21,170,22,12,2012,7,18,17,1,12,2,US-19,N LOUISIANA AVE,99999,35.58670833,-82.59283889,0,8,0,0,1,1,0,1,3,1,0,1,0,0000000,99,99,99,99,99,99,0,0,0,1,0
37,371197,1,1,0,0,0,2,2,47,0,28,12,2012,6,10,47,0,3,3,SR-1722,,99999,34.05870833,-78.16923889,0,34,0,0,1,1,0,4,1,1,0,1,0,0000000,10,48,10,59,11,16,0,0,0,1,0
37,371198,1,1,0,0,0,1,1,51,0,29,12,2012,7,4,48,1,2,2,US-401,,99999,35.04418333,-78.98338056,0,34,0,0,1,1,0,4,2,2,0,2,0,0000000,4,45,4,52,88,88,0,0,0,1,1
37,371199,2,2,0,0,0,4,4,81,1940,24,12,2012,2,15,25,0,16,6,FLEMING RD,,99999,36.14391667,-79.91814167,0,12,2,0,1,1,0,1,1,2,0,2,0,0000000,15,26,15,29,16,9,0,0,0,1,1
37,371200,1,1,0,1,1,1,1,97,4430,16,12,2012,1,23,39,0,16,6,E BROAD ST,BIRDSEY ST,99999,35.78953611,-80.87314167,0,8,0,0,3,2,0,1,7,3,0,3,0,0000000,99,99,99,99,99,99,0,0,0,1,0
37,371201,1,1,0,0,0,1,1,119,3095,21,12,2012,6,20,59,0,16,6,TRUELIGHT CHURCH RD,,99999,35.20195,-80.66038333,0,53,0,0,1,1,0,4,2,1,0,1,0,0000000,20,59,21,3,88,88,0,0,0,1,0
37,371202,2,2,0,0,0,5,5,119,2940,26,12,2012,4,21,33,0,13,3,SR-51,US-74,99999,35.12585,-80.70481389,0,12,2,0,2,2,0,1,3,10,0,10,0,0000000,21,32,21,38,22,2,0,0,0,2,1
37,371203,1,1,0,0,0,1,1,141,0,30,12,2012,1,23,28,0,3,3,SR-1582,,99999,34.35418889,-77.72064722,0,30,0,0,1,1,0,4,2,1,0,1,0,0000000,99,99,99,99,99,99,0,0,0,1,1
37,371204,1,1,0,1,1,1,1,151,160,14,12,2012,6,19,29,1,2,2,US-220,,99999,35.71044167,-79.82901389,0,8,0,0,1,1,0,1,3,1,0,1,0,0000000,19,31,19,34,19,45,0,0,0,1,0
37,371205,2,2,0,1,1,1,1,151,130,17,12,2012,2,15,9,1,11,1,I-85,,99999,99.99990000,999.99990000,0,12,1,0,1,1,0,1,1,10,0,10,0,0000000,15,8,15,11,15,34,99,99,99,1,0
37,371206,1,1,0,1,1,1,1,157,4943,15,12,2012,7,1,46,0,13,3,SR-2363,,99999,36.36055278,-79.78441389,0,9,0,0,1,1,0,1,2,1,0,1,0,0000000,1,24,1,33,2,16,0,0,0,1,0
37,371207,1,1,0,0,0,2,2,171,3170,15,12,2012,7,23,55,0,16,6,CARTER ST,,99999,36.47709167,-80.60576944,0,42,0,0,1,1,0,4,3,10,0,10,0,0000000,23,59,0,6,2,10,20,0,0,1,0
37,371208,2,1,1,0,0,1,1,183,3750,22,12,2012,7,3,40,0,16,6,SHELLBURNE DR,,99999,35.87333333,-78.65421667,0,14,0,0,1,1,0,7,3,1,0,1,0,0000000,3,42,3,46,88,88,0,0,0,1,1
37,371209,2,2,0,0,0,2,2,187,0,8,12,2012,7,17,49,0,3,3,SR-1304,,99999,99.99990000,999.99990000,0,12,1,0,1,1,0,1,2,1,0,1,0,0000000,17,49,18,3,88,88,0,0,0,1,0
37,371210,1,1,0,0,0,3,3,197,0,29,12,2012,7,3,3,0,3,3,SR-1312,,99999,36.21151667,-80.84171667,0,32,0,0,1,1,0,4,2,3,0,3,0,0000000,3,4,3,19,4,4,0,0,0,1,1
37,371211,1,1,0,0,0,1,1,197,570,30,9,2012,1,1,49,0,6,5,E. MAIN STREET,,99999,36.23265278,-80.70433333,0,42,0,0,1,1,0,4,3,1,0,1,0,0000000,99,99,99,99,99,99,0,0,0,1,1
37,371212,3,3,0,0,0,5,5,61,0,10,11,2012,7,19,18,0,4,3,SR-24,SR-903,99999,34.96311389,-77.94255278,0,12,6,0,2,2,0,1,2,1,0,1,0,0000000,99,99,99,99,99,99,0,0,0,1,0
37,371213,1,1,0,0,0,1,1,19,9997,21,12,2012,6,5,8,0,6,5,EF. MIDDLETON BLVD,,99999,33.97010833,-78.13146111,0,1,0,0,1,1,0,4,2,1,0,1,0,0000000,99,99,99,99,99,99,0,0,0,1,1
37,371214,1,1,0,1,1,2,2,131,1780,14,12,2012,6,17,30,1,2,2,US-301,,99999,36.45200278,-77.55830556,0,8,0,0,1,1,0,1,2,1,0,1,0,0000000,99,99,99,99,99,99,0,0,0,1,0
37,371215,2,2,0,1,1,2,2,51,1670,18,10,2012,5,19,6,0,13,7,GROVE ST,B ST,99999,35.05358056,-78.86642778,0,8,0,0,1,1,0,1,3,1,0,1,0,0000000,19,6,19,12,99,99,0,0,0,1,0
37,371216,1,1,0,0,0,1,1,1,700,26,11,2012,2,23,49,0,13,7,E WEBB AVE,CAMERON ST,99999,36.08940278,-79.43117222,0,59,0,0,3,2,0,5,3,1,0,1,0,0000000,22,59,23,5,88,88,0,0,0,1,0
37,371217,1,1,0,0,0,1,1,21,170,30,12,2012,1,22,32,0,3,2,US-25 ALT,EDGEWOOD RD,99999,35.544675,-82.52167778,0,42,0,0,1,1,0,4,2,1,0,1,0,0000000,22,32,22,37,23,12,0,0,0,1,0
37,371218,2,2,0,0,0,2,2,51,1670,21,12,2012,6,8,21,0,13,7,BRAGG BLVD,BLUE ST,99999,35.06415833,-78.89475556,0,12,2,0,1,1,0,1,1,1,0,1,0,0000000,8,24,8,30,99,99,0,0,0,1,1
37,371219,1,1,0,1,1,1,1,179,5110,1,12,2012,7,18,20,0,13,2,US-74,S. STEWART ST,99999,99.99990000,999.99990000,0,8,0,0,1,1,0,1,3,1,0,1,0,0000000,99,99,99,99,99,99,0,0,0,1,0
37,371220,1,1,0,0,0,1,1,163,970,22,12,2012,7,20,34,0,2,3,SR-24,CLIVE JACOBS RD,99999,34.99384167,-78.27852222,0,34,0,0,1,1,0,4,2,1,0,1,0,0000000,20,31,20,37,21,6,0,0,0,1,0
37,371221,1,1,0,1,1,1,1,51,1670,5,8,2012,1,1,59,0,13,7,OWEN DR,BOONE TRL,99999,35.02718889,-78.92727778,0,8,0,0,1,1,0,1,3,1,0,1,0,0000000,2,0,2,4,2,13,0,0,0,1,0
37,371222,1,1,0,0,0,2,2,51,1670,9,12,2012,1,0,30,0,4,6,SEVENTY FIRST SCHOOL RD,OLD BUNCE RD,99999,35.04997778,-79.01106111,0,42,0,0,1,1,0,4,3,1,0,1,0,0000000,0,31,0,41,99,99,0,0,0,1,1
37,371223,2,2,0,1,1,2,2,195,2750,14,12,2012,6,18,12,0,13,2,US-301,RADFORD RD,99999,35.6499,-78.00202222,0,8,0,0,3,1,0,1,2,1,0,1,0,0000000,99,99,99,99,99,99,0,0,0,1,0
37,371224,1,1,0,1,1,1,1,51,1670,2,12,2012,1,17,48,0,14,6,CLIFFDALE RD,,0,35.06013333,-79.01240556,0,8,0,0,1,1,0,1,6,1,0,1,0,0000000,17,51,18,2,99,99,0,0,0,1,0
37,371225,1,1,0,1,1,2,2,51,1670,29,7,2012,1,5,39,0,14,6,CEDAR CREEK RD,,0,35.01088056,-78.83167222,0,8,0,0,1,1,0,1,3,1,0,1,0,0000000,5,42,5,47,99,99,0,0,0,1,0
37,371226,1,1,0,0,0,1,1,101,0,17,9,2012,2,17,50,0,6,6,OTTER HOLE DR,,0,35.51984444,-78.15025556,0,34,0,0,1,1,0,4,1,1,0,1,0,0000000,99,99,99,99,99,99,0,0,0,1,0
37,371227,1,1,0,0,0,1,1,107,2490,14,7,2012,7,17,30,0,16,6,W KING ST,N CASEWELL ST,0,35.30938056,-77.78748889,0,30,0,0,1,1,0,4,1,1,0,1,0,0000000,99,99,99,99,99,99,0,0,0,1,0
37,371228,2,2,0,1,1,2,2,77,713,26,9,2012,4,21,45,0,15,3,SR-56,,99999,36.14043611,-78.71724167,0,12,7,0,1,1,0,1,3,1,0,1,0,0000000,99,99,99,99,99,99,0,0,0,1,0
37,371229,3,3,0,0,0,5,5,51,1670,12,10,2012,6,14,58,0,14,6,CLIFFDALE RD,LYNNHURST DR.,0,35.05991667,-78.97603889,0,12,6,0,2,2,0,1,1,1,0,1,0,0000000,14,58,15,5,99,99,0,0,0,1,1
37,371230,1,1,0,1,1,1,1,51,1670,1,12,2012,7,23,44,0,13,7,RAMSEY ST,,0,35.12611111,-78.87931389,0,8,0,0,1,1,0,1,3,1,0,1,0,0000000,23,44,23,52,0,17,0,0,0,1,0
37,371231,2,2,0,0,0,4,4,51,1670,1,12,2012,7,23,43,0,14,6,CLIFFDALE RD,,0,35.06288056,-79.03943333,0,12,6,0,1,1,0,1,3,1,0,1,0,0000000,23,43,23,53,99,99,0,0,0,1,1
37,371232,1,1,0,1,1,1,1,97,4430,26,9,2012,4,20,10,0,16,6,GARFIELD ST,FALL ST,0,35.78053611,-80.877775,0,8,0,0,3,3,0,1,3,1,0,1,0,0000000,99,99,99,99,99,99,0,0,0,1,0
37,371233,1,1,0,0,0,2,2,51,1670,15,1,2012,1,3,3,0,13,6,SKIBO RD,,0,35.08441389,-78.95198056,0,5,0,0,1,1,0,5,3,1,0,1,0,0000000,99,99,99,99,99,99,0,0,0,1,0