STATE,ST_CASE,VE_TOTAL,VE_FORMS,PVH_INVL,PEDS,PERNOTMVIT,PERMVIT,PERSONS,COUNTY,CITY,DAY,MONTH,YEAR,DAY_WEEK,HOUR,MINUTE,NHS,ROAD_FNC,ROUTE,TWAY_ID,TWAY_ID2,MILEPT,LATITUDE,LONGITUD,SP_JUR,HARM_EV,MAN_COLL,RELJCT1,RELJCT2,TYP_INT,WRK_ZONE,REL_ROAD,LGT_COND,WEATHER1,WEATHER2,WEATHER,SCH_BUS,RAIL,NOT_HOUR,NOT_MIN,ARR_HOUR,ARR_MIN,HOSP_HR,HOSP_MN,CF1,CF2,CF3,FATALS,DRUNK_DR
37,371234,1,1,0,0,0,1,1,51,1670,25,2,2012,7,5,5,0,15,6,ROSHILL DR,,0,35.09346389,-78.88733889,0,42,0,0,1,1,0,4,3,1,0,1,0,0000000,99,99,99,99,99,99,0,0,0,1,0
37,371235,1,1,0,0,0,4,4,51,1670,17,3,2012,7,2,21,0,13,6,PAMALEE DR,,0,35.09026389,-78.92115,0,33,0,0,1,1,0,4,3,2,0,2,0,0000000,2,30,2,35,3,0,0,0,0,1,1
37,371236,1,1,0,0,0,1,1,51,1670,18,3,2012,1,0,0,0,16,6,LAKEWOOD DR,,0,34.99741667,-78.99736944,0,34,0,0,1,1,0,4,2,98,0,98,0,0000000,0,0,0,5,0,30,0,0,0,1,1
37,371237,1,1,0,1,1,1,1,51,1670,26,5,2012,7,21,17,0,13,6,COUNTRY CLUB DR,,0,35.09939722,-78.91390833,0,8,0,0,1,1,0,1,3,1,0,1,0,0000000,99,99,99,99,99,99,0,0,0,1,0
37,371238,1,1,0,2,2,1,1,51,1670,29,11,2012,5,18,36,0,13,6,RAMSEY ST,,0,35.07555556,-78.88093889,0,8,0,0,1,1,0,1,3,1,0,1,0,0000000,18,43,18,45,19,1,0,0,0,1,0
38,380001,1,1,0,0,0,3,3,105,0,5,1,2012,5,1,45,0,4,4,CR-57 ST NW,CR-129 1/2 AVE NW,0,48.2413,-103.483,0,34,0,0,2,4,0,4,2,1,0,1,0,0000000,1,55,2,12,2,43,0,0,0,1,1
38,380002,2,2,0,0,0,2,2,89,0,13,1,2012,6,19,47,1,1,1,I-94,,675,46.8839,-102.6668,0,12,6,0,7,1,0,1,2,1,0,1,0,0000000,19,52,19,58,20,48,0,0,0,1,0
38,380003,1,1,0,0,0,4,4,35,0,17,1,2012,3,23,40,0,3,3,SR-15,,1256,47.7738,-97.26061944,0,35,0,0,1,1,0,4,2,1,0,1,0,0000000,23,54,0,13,0,44,0,0,0,1,0
38,380004,1,1,0,1,1,1,1,57,330,5,2,2012,1,21,7,0,4,6,2 AVE E,,0,47.2707,-101.767,0,15,0,0,1,1,0,1,2,1,0,1,0,0000000,21,8,21,15,23,28,0,0,0,1,0
38,380005,1,1,0,0,0,1,1,73,0,11,2,2012,7,23,15,0,3,3,SR-27,CR-140 AVE SE,279,46.4431,-97.4901,0,42,0,0,3,3,0,4,2,1,0,1,0,0000000,7,34,7,49,8,38,0,0,0,1,1
38,380006,2,2,0,0,0,5,5,105,0,14,2,2012,3,16,56,0,6,4,CR-60 ST NW,CR-140 AVE NW,0,48.28418889,-102.87145,0,12,6,0,2,2,0,1,1,10,0,10,0,0000000,17,4,17,43,18,13,0,0,0,1,0
38,380007,2,2,0,0,0,6,6,53,0,14,2,2012,3,21,58,1,2,2,US-85,,1530,47.8049,-103.513,0,12,6,0,1,1,0,1,2,4,0,4,0,0000000,21,58,22,27,22,57,0,0,0,1,0
38,380008,1,1,0,0,0,1,1,101,830,19,2,2012,1,2,12,0,4,4,CR-WARD COUNTY 13  MAIN ST,,0,47.8601,-101.5021,0,35,0,0,1,1,0,4,2,1,0,1,0,693241B,99,99,99,99,99,99,0,0,0,1,1
38,380009,2,2,0,0,0,6,6,3,0,20,2,2012,2,12,47,0,2,3,SR-1,,652,46.8309,-98.081,0,12,6,0,1,1,0,1,1,4,0,4,0,0000000,12,47,12,57,14,3,0,0,0,1,0
38,380010,3,3,0,0,0,3,3,53,0,21,2,2012,3,10,51,0,3,3,SR-22,,1332,47.6749,-102.7276,3,12,1,0,1,1,0,1,1,1,0,1,0,0000000,88,88,88,88,88,88,0,0,0,1,0
38,380011,2,2,0,0,0,5,5,87,0,23,2,2012,5,8,37,1,2,2,US-85,,310,46.3605,-103.3631,0,12,9,0,1,1,0,1,1,10,0,10,0,0000000,8,37,8,53,9,32,0,0,0,1,0
38,380012,1,1,0,0,0,1,1,3,3160,23,2,2012,5,23,47,0,14,4,CR-117 AVE SE,,0,46.9081,-98.0073,0,31,0,0,1,1,0,4,2,1,0,1,0,0000000,23,48,23,53,2,30,0,0,0,1,1
38,380013,3,3,0,0,0,6,6,35,1280,8,2,2012,4,17,7,1,13,2,US-2 GATEWAY DR,GATEWAY FRONTAGE RD,3563,47.93311111,-97.07676944,0,12,6,0,2,2,0,1,1,1,0,1,0,0000000,17,7,17,12,17,34,0,0,0,1,1
38,380014,2,2,0,0,0,6,6,15,0,1,3,2012,5,6,37,0,4,3,SR-1804,SR-N WASHINGTON ST,839,46.8815,-100.7934,0,12,6,0,2,2,0,1,2,5,0,5,0,0000000,6,38,6,49,7,36,0,0,0,3,0
38,380015,2,2,0,0,0,4,4,7,0,1,3,2012,5,16,57,1,2,2,US-85,,954,47.1741,-103.2226,0,12,6,0,1,1,0,1,1,11,10,11,0,0000000,16,59,17,25,18,51,0,0,0,1,1
38,380016,1,1,0,0,0,2,2,85,0,2,3,2012,6,8,35,0,3,3,SR-24,,340,46.37248889,-100.7145194,3,1,0,0,1,1,0,4,1,99,0,99,0,0000000,8,38,9,16,99,99,0,0,0,1,1
38,380017,2,2,0,0,0,2,2,105,0,3,3,2012,7,23,1,1,2,2,US-2,SR-1804,125,48.1399,-103.7768,0,12,6,0,2,2,0,1,2,10,0,10,0,0000000,88,88,88,88,88,88,0,0,0,1,0
38,380018,1,1,0,0,0,1,1,105,0,19,3,2012,2,21,30,0,4,4,CR-126 1/2 AVE NW,,0,48.2611,-103.3558,0,1,0,0,1,1,0,4,2,1,0,1,0,0000000,88,88,88,88,88,88,0,0,0,1,1
38,380019,1,1,0,0,0,1,1,59,0,21,3,2012,4,20,38,0,6,4,CR-37 AVE,,0,46.91478056,-101.2399194,0,1,0,0,1,1,0,1,5,1,0,1,0,0000000,99,99,99,99,22,2,20,0,0,1,1
38,380020,2,2,0,0,0,2,2,55,0,22,3,2012,5,15,12,0,3,3,SR-37,,584,47.6469,-101.3669,0,12,2,0,1,1,0,1,1,1,0,1,0,0000000,99,99,99,99,99,99,0,0,0,1,0
38,380021,1,1,0,0,0,1,1,53,0,24,3,2012,7,23,40,0,6,4,CR-CHARLIE BOB CREEK,,0,47.38671111,-103.0913694,0,1,0,0,1,1,0,4,2,1,0,1,0,0000000,88,88,88,88,88,88,0,0,0,1,1
38,380022,1,1,0,0,0,2,2,95,0,30,3,2012,6,3,26,0,4,4,CR-67 AVE NE,,0,48.8884,-99.2431,0,1,0,0,1,1,0,4,2,5,0,5,0,0000000,3,38,4,10,13,20,0,0,0,1,1
38,380023,2,2,0,0,0,2,2,105,0,30,3,2012,6,17,4,1,2,2,US-2,,24,48.1404,-103.9932,0,12,1,0,1,1,0,1,1,1,0,1,0,0000000,17,7,17,22,17,57,0,0,0,1,1
38,380024,1,1,0,0,0,1,1,15,370,30,3,2012,6,1,30,0,13,6,W MAIN AVE,,0,46.809,-100.8055611,0,33,0,0,1,1,0,3,3,1,0,1,0,087679V,99,98,99,98,99,98,0,0,0,1,1
38,380025,2,2,0,0,0,2,2,61,0,31,3,2012,7,19,10,0,3,3,SR-1804,,2750,48.2118,-102.7797,0,12,1,0,1,1,0,1,1,10,0,10,0,0000000,88,88,88,88,88,88,0,0,0,1,0
38,380026,1,1,0,0,0,1,1,101,2840,3,4,2012,3,12,29,0,6,6,ACCESS ROAD,CP RAILROAD CROSSING,0,48.08921111,-101.0458,0,10,0,0,6,1,0,1,1,1,0,1,0,696419H,88,88,88,88,88,88,0,0,0,1,0
38,380027,2,2,0,0,0,3,3,55,0,6,4,2012,6,16,41,1,2,2,US-83,SR-200,1928,47.4584,-101.1251,0,12,6,0,2,2,0,1,1,10,0,10,0,0000000,99,99,99,99,17,53,0,0,0,1,0
38,380028,1,1,0,0,0,1,1,105,0,8,4,2012,1,15,35,0,6,4,CR-53 ST W,CR-15 AVE W,0,48.1928,-103.6445,0,1,0,0,3,4,0,4,1,8,0,8,0,0000000,15,39,15,46,16,5,0,0,0,1,1
38,380029,2,2,0,0,0,3,3,63,0,12,4,2012,5,13,36,0,3,3,SR-15,CR-100 AVE NE,673,47.8026,-98.4399,0,12,6,0,2,2,0,1,1,10,0,10,0,0000000,13,42,13,55,14,8,0,0,0,1,0
38,380030,1,1,0,0,0,1,1,5,0,13,4,2012,6,5,0,0,5,3,SR-20,,897,47.95786944,-98.8225,3,1,0,0,1,1,0,4,6,2,0,2,0,0000000,88,88,88,88,88,88,0,0,0,1,1
38,380031,2,2,0,0,0,3,3,53,0,14,4,2012,7,1,49,0,3,3,SR-22,,1450,47.83003056,-102.7249,3,12,2,0,1,1,0,1,2,1,0,1,0,0000000,1,30,2,0,99,99,0,0,0,2,2
38,380032,1,1,0,0,0,1,1,25,0,15,4,2012,1,8,30,0,6,4,CR-104 AVE SW,,0,47.0073,-102.694,0,35,0,0,1,1,0,4,1,10,0,10,0,0000000,8,45,9,1,9,57,0,0,0,1,1
38,380033,2,2,0,0,0,6,6,53,0,20,4,2012,6,16,28,0,2,3,SR-23,CR-97 AVE NW BIA 2,412,47.9762,-102.6643,3,12,6,0,2,2,0,1,1,10,0,10,0,0000000,16,11,16,27,18,15,0,0,0,1,1
38,380034,2,2,0,0,0,2,2,53,0,21,4,2012,7,0,42,1,2,2,US-85,,1555,47.8049,-103.5659,0,12,2,0,1,1,0,1,2,2,0,2,0,0000000,1,4,1,20,1,40,0,0,0,1,1
38,380035,2,2,0,0,0,2,2,105,0,22,4,2012,1,20,13,1,2,2,US-2,CR-58 ST,224,48.1977,-103.6261,0,12,6,0,2,2,0,1,1,1,0,1,0,0000000,20,13,20,18,88,88,0,0,0,1,1
38,380036,2,2,0,0,0,2,2,61,0,27,4,2012,6,5,47,1,2,2,US-2,,745,48.3147,-102.7225,0,12,2,0,1,1,0,1,2,2,0,2,0,0000000,5,47,6,14,9,33,0,0,0,1,0
38,380037,2,2,0,0,0,3,3,15,370,28,4,2012,7,22,2,1,13,2,US-83B,CAPITOL AVE,9023,46.82811111,-100.7728194,0,12,6,0,2,2,0,1,3,2,0,2,0,0000000,22,3,22,6,22,27,0,0,0,1,0
38,380038,2,2,0,0,0,3,3,101,2170,3,5,2012,5,9,47,1,13,2,US-2,EVERGREEN AVE,1449,48.21325,-101.32625,0,12,6,0,2,2,0,1,1,1,0,1,0,0000000,9,47,9,50,99,99,0,0,0,1,0
38,380039,2,2,0,0,0,2,2,19,0,4,5,2012,6,18,7,0,6,4,CR-108 AVE NE,CR-95 ST NE,0,48.7902,-98.343,0,12,6,0,2,2,0,1,1,1,0,1,0,0000000,18,17,18,19,18,30,0,0,0,1,1
38,380040,1,1,0,0,0,1,1,63,1960,7,5,2012,2,20,16,0,3,3,SR-15,,810,47.7614,-98.1696,0,32,0,0,1,1,0,4,2,2,0,2,0,0000000,21,18,21,27,21,34,0,0,0,1,1
38,380041,1,1,0,0,0,2,2,101,0,9,5,2012,4,12,11,1,2,2,US-2,CR-125 ST SE,1563,48.2399,-101.10135,0,43,0,0,1,1,0,3,1,1,0,1,0,0000000,12,13,12,21,12,58,0,0,0,1,0
38,380042,1,1,0,0,0,2,2,53,0,12,5,2012,7,1,20,1,2,2,US-85,,1770,48.0572,-103.6599,0,31,0,0,1,1,0,4,2,1,0,1,0,0000000,1,25,1,38,3,32,0,0,0,1,1
38,380043,1,1,0,0,0,1,1,53,0,19,5,2012,7,16,30,0,3,3,SR-22,,1426,47.7993,-102.7187,3,1,0,0,1,1,0,4,1,1,0,1,0,0000000,88,88,88,88,88,88,0,0,0,1,1
38,380044,2,2,0,0,0,3,3,105,3350,21,5,2012,2,10,38,1,2,2,US-2,US-85,149,48.1399,-103.7234,0,12,6,0,2,3,0,1,1,1,0,1,0,0000000,10,53,11,0,15,15,0,0,0,1,0
38,380045,1,1,0,0,0,2,2,93,0,22,5,2012,3,19,7,1,2,2,US-52,,2560,47.0325,-98.7996,0,32,0,0,7,1,0,3,1,10,0,10,0,0000000,19,11,19,21,20,12,0,0,0,2,0
38,380046,1,1,0,1,1,3,3,93,1600,2,6,2012,7,22,8,1,11,1,I-94,,2589,46.8849,-98.7002,0,8,0,0,1,1,0,1,2,10,0,10,0,0000000,22,9,22,14,22,42,0,0,0,1,0
38,380047,2,2,0,0,0,2,2,53,0,4,6,2012,2,2,0,0,3,3,SR-22,,1493,47.8859,-102.7325,3,12,2,0,1,1,0,1,2,1,0,1,0,0000000,2,0,2,18,88,88,0,0,0,1,1
38,380048,2,2,0,0,0,3,3,17,1020,4,6,2012,2,7,0,0,13,6,25 ST S,23 AVE S,0,46.84421944,-96.81978889,0,12,6,0,2,2,0,1,1,1,0,1,0,0000000,7,3,7,3,7,19,0,0,0,1,0
38,380049,1,1,0,0,0,1,1,35,0,4,6,2012,2,13,55,0,6,4,CR-20 ST NE,,0,47.97868889,-97.26063889,0,34,0,0,1,1,0,4,1,1,0,1,0,0000000,88,88,88,88,88,88,0,0,0,1,1
38,380050,1,1,0,0,0,1,1,57,0,5,6,2012,3,20,38,0,2,3,SR-200,,1760,47.50493056,-101.4291194,0,24,0,0,1,1,0,4,1,1,0,1,0,0000000,99,99,99,99,21,35,0,0,0,1,1
38,380051,2,2,0,0,0,4,4,49,0,16,6,2012,7,13,50,0,3,3,SR-41,CR-49 ST N,782,48.124,-100.9289,0,12,6,0,2,2,0,1,1,1,0,1,0,0000000,14,2,14,11,14,51,0,0,0,1,0
38,380052,1,1,0,0,0,2,2,69,0,17,6,2012,1,3,30,0,6,4,CR-27 AVE NE,,0,48.43045,-100.0807194,0,1,0,0,1,1,0,4,2,10,0,10,0,0000000,9,27,9,36,11,5,0,0,0,2,1
38,380053,2,2,0,0,0,2,2,99,20,21,6,2012,5,17,30,0,6,6,3 AVE,,0,48.4221,-98.07381111,0,12,6,0,4,1,0,1,1,2,0,2,0,0000000,17,34,17,55,20,10,0,0,0,1,0
38,380054,1,1,0,0,0,2,2,5,0,23,6,2012,7,4,30,0,3,3,SR-20,,868,47.92051111,-98.80046944,3,34,0,0,1,1,0,4,2,1,0,1,0,0000000,5,24,5,40,99,99,0,0,0,1,1
38,380055,2,2,0,0,0,4,4,105,0,24,6,2012,1,12,7,1,2,2,US-2,,470,48.3425,-103.3102,0,12,2,0,1,1,0,1,1,10,0,10,0,0000000,12,16,12,26,15,3,0,0,0,3,0
38,380056,3,3,0,0,0,3,3,105,3350,12,6,2012,3,20,0,0,13,6,2 AVE W,22 ST W,0,48.1651,-103.6257,0,12,6,0,2,2,0,1,1,1,0,1,0,0000000,20,3,20,5,22,5,0,0,0,1,0
38,380057,1,1,0,0,0,1,1,53,1991,13,6,2012,4,20,42,0,6,5,RIDGE ROAD,4 AVE NW,0,47.73193056,-102.6738111,3,1,0,0,2,2,0,4,1,1,0,1,0,0000000,99,99,99,99,99,99,99,99,99,1,1
38,380058,2,2,0,0,0,3,3,101,0,27,6,2012,4,11,53,1,2,2,US-2,CR-JOHNSON ST,1390,48.26678889,-101.4215389,0,12,6,0,2,2,0,1,1,1,0,1,0,0000000,11,56,12,4,12,37,0,0,0,2,0
38,380059,1,1,0,0,0,1,1,69,0,1,7,2012,1,23,10,0,6,4,CR-68 ST NE,,0,48.40028056,-99.8903,0,11,0,0,1,1,0,4,2,1,0,1,0,0000000,23,18,23,36,0,7,0,0,0,1,0
38,380060,2,2,0,0,0,4,4,93,0,6,7,2012,6,19,16,1,1,1,I-94,,2448,46.8754,-99.416,0,12,2,0,1,1,0,1,1,10,0,10,0,0000000,19,20,19,44,99,99,0,0,0,4,1
38,380061,1,1,0,4,4,3,3,9,0,8,7,2012,1,1,10,0,6,8,CR-CAMPGROUND RD,,0,48.97051111,-100.36445,0,8,0,0,1,1,0,4,2,1,0,1,0,0000000,2,35,2,50,6,3,0,0,0,2,1
38,380062,1,1,0,0,0,2,2,17,0,12,7,2012,5,14,53,0,4,4,CR-148 AVE SE,,0,46.95356111,-97.36661111,0,1,0,0,1,1,1,4,1,1,0,1,0,0000000,14,53,15,5,15,43,3,0,0,1,0
38,380063,1,1,0,0,0,1,1,59,1990,12,7,2012,5,16,33,1,13,6,MAIN ST,,0,46.82938889,-100.8683806,0,24,0,0,1,1,0,4,1,1,0,1,0,0000000,16,33,16,38,16,59,0,0,0,1,0
38,380064,1,1,0,0,0,2,2,105,0,14,7,2012,7,4,33,0,4,3,SR-58,SR-1804,98,47.9991,-104.0066,0,59,0,0,3,3,0,4,2,1,0,1,0,0000000,5,10,5,35,88,88,0,0,0,2,1
38,380065,1,1,0,0,0,3,3,43,0,20,7,2012,6,21,25,0,4,4,CR-38 ST SE,,0,46.8648,-99.8468,0,1,0,0,1,1,0,4,5,1,0,1,0,0000000,21,31,21,49,22,2,0,0,0,1,1
38,380066,1,1,0,0,0,2,2,105,0,23,7,2012,2,21,10,1,2,2,US-2,,119,48.14013889,-103.7906611,0,1,0,0,1,1,0,4,5,1,0,1,0,0000000,21,22,21,37,23,12,0,0,0,1,1
38,380067,1,1,0,0,0,1,1,19,0,28,7,2012,7,18,0,0,6,4,CR-116 1/2 AVE NE,,0,48.6655,-98.1552,0,1,0,0,1,1,0,4,1,1,0,1,0,0000000,88,88,88,88,88,88,0,0,0,1,1
38,380068,1,1,0,0,0,2,2,29,0,29,7,2012,1,22,50,0,5,3,SR-13,US-83,2000,46.25791944,-100.2328111,0,1,0,0,3,3,0,4,3,1,0,1,0,0000000,23,6,23,9,0,30,0,0,0,1,0
38,380069,1,1,0,0,0,2,2,101,0,31,7,2012,3,1,30,0,4,4,CR-19 AVE NW,,0,48.2546,-101.4874,0,35,0,0,1,1,0,4,2,10,0,10,0,0000000,6,25,6,36,7,7,0,0,0,1,1
38,380070,1,1,0,0,0,1,1,5,0,2,8,2012,5,22,45,0,4,4,CR-38 AVE NE,,0,48.0205,-99.76951111,0,1,0,0,1,1,0,4,2,10,0,10,0,0000000,99,99,99,99,2,12,18,0,0,1,1
38,380071,2,1,1,0,0,1,1,17,1020,4,8,2012,7,13,31,0,16,6,34 AVE S,,0,46.82886944,-96.80396944,0,30,0,0,1,1,0,4,1,10,0,10,0,0000000,13,34,13,37,13,54,14,0,0,1,0
38,380072,1,1,0,0,0,1,1,99,0,4,8,2012,7,17,51,1,1,1,I-29,,1717,48.3539,-97.1897,0,1,0,1,18,1,0,8,1,6,0,6,0,0000000,88,88,88,88,88,88,0,0,0,1,0
38,380073,1,1,0,0,0,1,1,93,0,4,8,2012,7,23,35,0,4,4,CR-93 AVE SE,,0,46.9807,-98.5092,0,1,0,0,1,1,0,4,2,1,0,1,0,0000000,1,15,1,32,2,20,18,0,0,1,1
38,380074,2,2,0,0,0,2,2,89,0,6,8,2012,2,9,15,1,1,1,I-94,,877,46.8577,-102.2511,0,12,1,0,1,1,0,1,1,1,0,1,0,0000000,9,15,9,22,99,99,0,0,0,1,0
38,380075,2,2,0,0,0,2,2,93,0,6,8,2012,2,16,23,0,4,4,CR-94 AVE SE,,0,47.11451111,-98.50976944,0,12,2,0,1,1,0,1,1,1,0,1,0,0000000,88,88,88,88,88,88,0,0,0,1,2
38,380076,1,1,0,0,0,1,1,99,1270,6,8,2012,2,5,35,0,13,6,MCHUGH,,0,48.417,-97.4173,0,33,0,0,1,1,0,5,4,1,0,1,0,0000000,99,99,99,99,99,99,0,0,0,1,0
38,380077,2,2,0,0,0,2,2,105,0,9,8,2012,5,5,43,1,2,2,US-85,CR-49 ST NW,1827,48.1253,-103.7234,0,12,6,0,2,2,0,1,2,1,0,1,0,0000000,5,39,5,54,6,11,0,0,0,1,0
38,380078,2,2,0,0,0,2,2,89,0,9,8,2012,5,23,23,1,2,2,US-85,,590,46.6543,-103.1898,0,12,2,0,1,1,0,1,2,1,0,1,0,0000000,23,25,23,45,99,99,0,0,0,1,0
38,380079,1,1,0,0,0,2,2,15,0,11,8,2012,7,0,12,0,4,4,CR-12 ST SE,,0,46.75906111,-100.7737,0,1,0,0,1,1,0,4,2,1,0,1,0,0000000,0,19,0,33,0,51,0,0,0,1,1
38,380080,1,1,0,0,0,1,1,61,0,13,8,2012,2,7,20,0,6,4,CR-101 AVE NW,,0,48.38891944,-102.8621694,0,10,0,0,6,1,0,1,1,1,0,1,0,093344U,88,88,88,88,88,88,0,0,0,1,0
38,380081,1,1,0,0,0,3,3,101,0,16,8,2012,5,21,5,0,4,4,CR-135 AVE SE,,0,48.0955,-101.2683,0,1,0,0,1,1,0,2,5,1,0,1,0,0000000,21,8,21,18,21,49,0,0,0,1,1
38,380082,2,2,0,0,0,2,2,101,0,22,8,2012,4,16,16,1,2,2,US-83,CR-128 AV E NW,2099,48.3717,-101.2964,0,12,6,0,2,2,0,1,1,1,0,1,0,0000000,16,17,16,29,16,55,0,0,0,1,0
38,380083,1,1,0,0,0,1,1,105,0,23,8,2012,5,1,50,0,6,4,CR-145 AVCE NW,,0,48.1535,-103.8213,0,1,0,0,1,1,0,4,2,1,0,1,0,0000000,1,54,2,37,88,88,0,0,0,1,1
38,380084,1,1,0,0,0,1,1,3,0,26,8,2012,1,2,0,0,4,4,CR-16 ST SE,,0,47.1827,-98.2887,0,1,0,0,1,1,0,4,2,1,0,1,0,0000000,88,88,88,88,88,88,0,0,0,1,1
38,380085,2,2,0,0,0,2,2,105,0,27,8,2012,2,1,19,1,2,2,US-2,,321,48.338,-103.6254,0,12,1,0,1,1,0,1,2,1,0,1,0,0000000,88,88,88,88,88,88,0,0,0,1,1
38,380086,1,1,0,0,0,2,2,59,0,28,8,2012,3,19,20,0,4,3,SR-1806,,529,46.6342,-100.6906,0,1,0,0,1,1,0,4,1,1,0,1,0,0000000,19,19,19,37,20,15,0,0,0,1,1
38,380087,1,1,0,0,0,1,1,53,0,30,8,2012,5,2,30,0,2,3,SR-23,,70,47.8068,-103.1424,0,1,0,0,1,1,0,4,2,1,0,1,0,0000000,88,88,88,88,88,88,0,0,0,1,1
38,380088,1,1,0,0,0,1,1,103,0,2,9,2012,1,6,50,0,3,3,SR-30,,1085,47.6843,-99.5119,0,35,0,0,1,1,0,4,4,1,0,1,0,0000000,7,15,7,58,8,28,0,0,0,1,1
38,380089,1,1,0,0,0,2,2,99,0,5,9,2012,4,7,50,0,4,4,CR-61 ST NE,,0,48.2962,-97.503,0,35,0,0,1,1,0,4,1,1,0,1,0,0000000,8,32,8,51,88,88,0,0,0,1,0
38,380090,1,1,0,0,0,1,1,29,0,5,9,2012,4,16,38,0,4,3,SR-1804,,460,46.4947,-100.5657,0,1,0,0,1,1,0,1,1,1,0,1,0,0000000,16,35,17,1,88,88,0,0,0,1,0
38,380091,1,1,0,0,0,1,1,17,0,8,9,2012,7,23,12,1,1,1,I-94,,3414,46.8774,-96.9969,0,21,0,0,1,1,0,3,2,1,0,1,0,0000000,23,21,23,37,88,88,0,0,0,1,1
38,380092,1,1,0,0,0,1,1,97,0,8,9,2012,7,23,30,0,4,4,CR-172 AVE NE,,0,47.60531944,-96.87648889,0,1,0,0,1,1,0,4,2,1,0,1,0,0000000,88,88,88,88,88,88,0,0,0,1,1
38,380093,1,1,0,0,0,1,1,105,0,9,9,2012,1,20,58,1,2,2,US-2,,656,48.342,-102.9057,0,1,0,0,1,1,0,3,2,1,0,1,0,0000000,21,0,21,7,0,6,0,0,0,1,1
38,380094,2,2,0,0,0,2,2,79,0,12,9,2012,4,23,57,1,2,2,US-281,,2400,48.8288,-99.7733,3,12,2,0,1,1,0,1,2,1,0,1,0,0000000,23,57,0,2,88,88,0,0,0,1,2
38,380095,1,1,0,0,0,4,4,71,780,13,9,2012,5,0,1,0,13,3,SR-20,6 ST SE,1028,48.1037,-98.8641,1,42,0,0,2,2,0,4,3,1,0,1,0,0000000,0,3,0,6,0,27,0,0,0,2,1
38,380096,3,3,0,0,0,3,3,89,800,13,9,2012,5,6,10,0,13,3,SR-22,15 ST W,723,46.89885,-102.7898,0,12,6,0,2,2,0,1,1,1,0,1,0,0000000,6,10,6,17,88,88,0,0,0,1,0
38,380097,1,1,0,0,0,1,1,87,0,14,9,2012,6,16,30,0,6,4,CR-158 AVE SW,CR-64 ST SW,0,46.50276111,-103.7178,0,1,0,0,2,3,0,4,1,1,0,1,0,0000000,88,88,88,88,88,88,0,0,0,1,1
38,380098,1,1,0,0,0,2,2,9,0,15,9,2012,7,13,0,0,6,4,CR-4 AVE NE,,0,48.73943056,-100.6211806,0,1,0,0,1,1,0,4,1,1,0,1,0,0000000,16,50,17,1,17,41,0,0,0,1,0
38,380099,4,2,2,9,9,2,2,53,0,17,9,2012,2,12,5,0,2,3,SR-23,SR-73,164,47.8042,-102.9416,0,12,6,0,2,3,0,1,1,1,0,1,1,0000000,12,10,12,30,12,58,15,17,0,1,0
38,380100,1,1,0,0,0,1,1,5,0,18,9,2012,3,23,30,1,2,2,US-281,,1533,47.97955,-99.21145,3,1,0,0,1,1,0,4,2,1,0,1,0,0000000,0,4,0,13,88,88,0,0,0,1,1
38,380101,1,1,0,0,0,1,1,75,3080,21,9,2012,6,9,35,0,4,4,CR-4,,0,48.72716944,-101.8244889,0,10,0,0,6,1,0,1,1,1,0,1,0,698478S,9,35,9,37,88,88,0,0,0,1,0
38,380102,1,1,0,0,0,1,1,97,0,23,9,2012,1,1,10,0,4,4,CR-13 ST NE,,0,47.59943889,-96.97235,0,35,0,0,1,1,0,4,2,1,0,1,0,0000000,8,18,8,37,88,88,0,0,0,1,1
38,380103,2,2,0,0,0,5,5,69,0,25,9,2012,3,8,55,0,3,3,SR-17,,253,48.48693056,-99.4973,0,12,8,0,1,1,0,1,1,1,0,1,0,0000000,9,16,9,33,99,99,0,0,0,2,0
38,380104,1,1,0,0,0,3,3,105,0,25,9,2012,3,23,35,0,6,4,CR-100 RD NW,CR-62 ST NW,0,48.31318056,-102.8498611,0,1,0,0,2,2,0,4,2,10,0,10,0,0000000,23,54,0,15,88,88,0,0,0,1,1
38,380105,2,2,0,0,0,3,3,53,0,30,9,2012,1,6,27,0,3,3,SR-22,,1353,47.70108889,-102.70985,3,12,6,0,4,1,0,1,2,1,0,1,0,0000000,6,33,7,11,7,57,0,0,0,1,0
38,380106,2,2,0,0,0,2,2,61,0,30,9,2012,1,14,14,0,3,3,SR-1804,,2520,48.03306111,-102.5324889,0,12,7,0,1,1,0,1,1,1,0,1,0,0000000,14,15,14,27,88,88,0,0,0,1,0
38,380107,2,2,0,0,0,2,2,53,0,5,10,2012,6,2,4,1,2,2,US-85,SR-68,1593,47.80648889,-103.6456,0,12,6,0,2,3,0,1,2,1,0,1,0,0000000,2,10,2,29,3,28,0,0,0,1,0
38,380108,2,2,0,0,0,2,2,105,0,6,10,2012,7,22,35,0,4,3,SR-40,,13,48.36068889,-102.9367389,0,12,2,0,1,1,0,1,2,1,0,1,0,0000000,22,40,22,46,23,8,0,0,0,1,1
38,380109,2,2,0,0,0,4,4,53,0,7,10,2012,1,20,32,1,2,2,US-85,SR-68,1593,47.80648889,-103.6456,0,12,6,0,2,3,0,1,2,1,0,1,0,0000000,20,32,20,36,20,52,0,0,0,1,1
38,380110,2,2,0,0,0,2,2,5,0,12,10,2012,6,0,15,0,2,3,SR-57,,46,47.97813056,-99.02651111,3,12,2,0,1,1,0,1,6,1,0,1,0,0000000,99,99,99,99,99,99,0,0,0,1,1
38,380111,1,1,0,0,0,1,1,17,0,16,10,2012,3,11,0,0,4,4,CR-18ST SE,,0,47.15085,-96.86985,0,1,0,0,1,1,0,1,1,1,0,1,0,0000000,88,88,88,88,88,88,0,0,0,1,0
38,380112,1,1,0,0,0,2,2,105,0,21,10,2012,1,18,19,0,6,4,CR-149 AVE NW,,0,48.25578889,-103.90665,0,1,0,0,1,1,0,4,1,1,0,1,0,0000000,18,22,18,44,20,32,0,0,0,1,0
38,380113,1,1,0,0,0,1,1,49,0,22,10,2012,2,12,20,0,4,4,CR-16 AVE NE,,0,47.93161944,-100.2410194,0,35,0,0,1,1,0,4,1,10,0,10,0,0000000,12,35,12,51,14,5,0,0,0,1,1
38,380114,1,1,0,1,1,2,2,89,800,22,10,2012,2,18,20,0,13,3,SR-22,11 ST W,719,46.89226111,-102.7897611,0,8,0,0,2,2,0,1,5,2,0,2,0,0000000,18,20,18,23,23,15,0,0,0,1,0