STATE,ST_CASE,VE_TOTAL,VE_FORMS,PVH_INVL,PEDS,PERNOTMVIT,PERMVIT,PERSONS,COUNTY,CITY,DAY,MONTH,YEAR,DAY_WEEK,HOUR,MINUTE,NHS,ROAD_FNC,ROUTE,TWAY_ID,TWAY_ID2,MILEPT,LATITUDE,LONGITUD,SP_JUR,HARM_EV,MAN_COLL,RELJCT1,RELJCT2,TYP_INT,WRK_ZONE,REL_ROAD,LGT_COND,WEATHER1,WEATHER2,WEATHER,SCH_BUS,RAIL,NOT_HOUR,NOT_MIN,ARR_HOUR,ARR_MIN,HOSP_HR,HOSP_MN,CF1,CF2,CF3,FATALS,DRUNK_DR
38,380115,3,3,0,0,0,3,3,61,0,23,10,2012,3,12,45,0,3,3,SR-8,,1533,48.26796944,-102.3751694,0,12,7,0,1,1,0,1,1,10,0,10,0,0000000,12,99,12,99,99,99,0,0,0,1,1
38,380116,1,1,0,1,1,1,1,89,0,25,10,2012,5,18,30,0,3,3,SR-22,,600,46.8085,-102.7898,0,8,0,0,1,1,0,1,2,1,0,1,0,0000000,18,31,18,38,23,15,0,0,0,1,0
38,380117,2,2,0,0,0,4,4,105,0,27,10,2012,7,0,5,1,2,2,US-2,CR-141 AVE NW,145,48.14016111,-103.7335806,0,12,6,0,2,2,0,1,2,10,0,10,0,0000000,0,7,0,23,0,53,0,0,0,1,2
38,380118,1,1,0,2,2,2,2,79,0,27,10,2012,7,1,12,1,2,2,US-281,,2420,48.8161,-99.80901111,3,8,0,0,1,1,0,1,2,1,0,1,0,0000000,88,88,88,88,88,88,0,0,0,2,1
38,380119,1,1,0,0,0,1,1,105,0,27,10,2012,7,6,57,0,4,4,CR-66 ST NW,,0,48.37258333,-103.1765889,0,1,0,0,1,1,0,4,3,10,0,10,0,0000000,6,59,7,6,88,88,0,0,0,1,1
38,380120,1,1,0,0,0,2,2,75,0,28,10,2012,1,17,14,1,2,2,US-83,,2185,48.49455,-101.2994,0,34,0,0,1,1,0,4,1,4,0,4,0,0000000,17,18,17,25,18,9,0,0,0,1,0
38,380121,1,1,0,1,1,2,2,17,1020,31,10,2012,4,23,49,0,13,6,32 AVE S,,0,46.83266944,-96.84671944,0,8,0,0,1,1,0,1,3,10,0,10,0,0000000,23,53,23,57,0,5,0,0,0,1,0
38,380122,2,2,0,0,0,3,3,101,2840,2,11,2012,6,11,1,1,2,2,US-52,,1105,48.08648889,-101.0569806,0,12,6,0,1,1,0,1,1,4,0,4,0,0000000,11,2,11,13,12,10,0,0,0,1,0
38,380123,1,1,0,0,0,1,1,15,0,2,11,2012,6,20,16,0,6,4,CR-80 ST NE,,0,46.88666944,-100.6668611,0,1,0,0,1,1,0,4,2,3,0,3,0,0000000,20,18,20,37,20,58,0,0,0,1,1
38,380124,2,2,0,0,0,3,3,5,0,3,11,2012,7,22,35,0,3,3,SR-20,CR-35 ST NE,870,47.92373889,-98.80238056,3,12,6,0,2,2,0,1,2,99,0,99,0,0000000,22,41,22,52,23,16,0,0,0,1,2
38,380125,2,2,0,0,0,2,2,105,0,6,11,2012,3,9,0,0,3,3,SR-1804,,3320,48.06433056,-103.8500806,0,12,8,0,1,1,0,1,1,1,0,1,0,0000000,9,3,9,17,88,88,0,0,0,1,0
38,380126,1,1,0,0,0,3,3,85,0,8,11,2012,5,11,53,0,2,3,SR-24,,367,46.38436944,-100.7659889,3,1,0,0,1,1,0,4,1,10,0,10,0,0000000,12,0,12,20,13,9,0,0,0,1,1
38,380127,1,1,0,0,0,1,1,55,0,9,11,2012,6,14,59,1,2,2,US-83,,1605,47.65983889,-101.2904694,0,1,0,0,1,1,0,3,1,3,0,3,0,0000000,14,59,15,10,17,1,0,0,0,1,0
38,380128,1,1,0,0,0,2,2,51,0,9,11,2012,6,18,30,0,3,3,SR-11,,405,46.02693056,-99.26951944,0,1,0,0,1,1,0,4,2,3,0,3,0,0000000,18,50,18,55,19,10,0,0,0,1,0
38,380129,2,2,0,0,0,3,3,53,0,13,11,2012,3,0,52,1,2,2,US-85,CR-138 AVE NW,1543,47.80501944,-103.5402889,0,12,1,0,3,2,0,1,2,1,0,1,0,0000000,0,52,1,0,2,0,0,0,0,1,1
38,380130,2,2,0,0,0,2,2,105,0,13,11,2012,3,22,0,1,2,2,US-85,CR-69 ST NW,2064,48.41635,-103.6246611,0,12,6,0,2,2,0,1,2,5,0,5,0,0000000,22,21,22,49,88,88,0,0,0,1,0
38,380131,2,2,0,0,0,2,2,103,0,16,11,2012,6,16,30,0,2,3,SR-3,CR-MAIN ST,1323,47.41465,-99.96906111,0,12,6,0,2,2,0,1,1,10,0,10,0,0000000,16,36,16,57,88,88,0,0,0,1,1
38,380132,2,2,0,0,0,2,2,53,0,22,11,2012,5,2,30,1,2,2,US-85,,1153,47.43536111,-103.2481806,0,12,2,0,1,1,0,1,2,5,0,5,0,0000000,2,30,3,5,88,88,0,0,0,1,0
38,380133,1,1,0,0,0,3,3,55,0,23,11,2012,6,2,5,0,4,4,CR-43 AVE NW CR-13,,0,47.69756111,-101.5076306,0,1,0,0,1,1,0,4,2,10,0,10,0,0000000,2,7,2,20,4,15,0,0,0,1,1
38,380134,2,2,0,0,0,2,2,13,0,24,11,2012,7,10,0,0,4,4,CR-85 AVE NW,,0,48.7742,-102.5690806,0,12,6,0,1,1,0,1,1,10,0,10,0,0000000,99,99,99,99,12,10,0,0,0,1,0
38,380135,1,1,0,0,0,1,1,25,0,24,11,2012,7,17,10,0,3,3,SR-8,,1205,47.42653889,-102.30555,0,1,0,0,1,1,0,4,5,1,0,1,0,0000000,88,88,88,88,88,88,0,0,0,1,1
38,380136,2,2,0,0,0,2,2,59,0,26,11,2012,2,16,0,0,2,3,SR-6,,665,46.79743056,-100.9084806,0,12,1,0,1,1,0,1,1,1,0,1,0,0000000,16,5,16,18,17,7,0,0,0,1,1
38,380137,1,1,0,0,0,1,1,101,2170,28,11,2012,4,23,21,0,16,6,1 AVE SE,SUNRISE COURT,0,48.22545,-101.2786194,0,35,0,0,1,1,0,4,3,1,0,1,0,0000000,23,24,23,26,88,88,20,0,0,1,1
38,380138,3,2,1,0,0,2,2,53,0,1,12,2012,7,20,37,0,4,3,SR-73,,106,47.77891944,-102.7320306,0,12,6,0,1,1,0,1,2,5,0,5,0,0000000,20,45,21,15,99,99,0,0,0,1,0
38,380139,1,1,0,1,1,1,1,17,3300,7,12,2012,6,7,35,0,14,6,SHEYENNE ST,,0,46.84088889,-96.90718056,0,8,0,0,1,1,0,1,2,10,0,10,0,0000000,7,39,7,44,99,99,23,0,0,1,0
38,380140,2,2,0,0,0,2,2,35,0,7,12,2012,6,16,0,0,4,4,CR-10 ST NE,,0,47.79983889,-97.04615,0,12,2,0,1,1,0,1,1,1,0,1,0,0000000,16,12,16,20,16,33,0,0,0,2,0
38,380141,2,2,0,0,0,5,5,105,0,10,12,2012,2,10,15,1,2,2,US-2,SR-1804,124,48.1399,-103.7768111,0,12,6,0,2,2,0,1,1,1,0,1,0,0000000,10,23,10,33,10,50,0,0,0,1,0
38,380142,2,2,0,0,0,2,2,71,0,12,12,2012,4,17,19,1,2,2,US-2,,2760,48.05016111,-98.74998889,0,12,6,0,8,1,0,1,2,1,0,1,0,0000000,88,88,88,88,88,88,0,0,0,1,0
38,380143,2,2,0,0,0,2,2,9,0,22,12,2012,7,10,20,0,6,4,CR-24 AVE NW,CR-80 ST NW,0,48.57456944,-101.2338,0,12,6,0,2,2,0,1,1,1,0,1,0,0000000,10,24,10,32,11,14,0,0,0,1,1
38,380144,2,2,0,0,0,3,3,49,0,22,12,2012,7,19,38,1,2,2,US-2,,1633,48.23971944,-100.9486889,0,12,2,0,1,1,0,1,2,1,0,1,0,0000000,19,41,20,2,20,31,0,0,0,1,0
38,380145,2,2,0,0,0,7,7,93,1600,26,12,2012,4,10,55,1,11,1,I-94,,2575,46.88853889,-98.72831944,0,12,6,0,1,1,0,1,1,4,0,4,0,0000000,10,55,11,3,11,21,0,0,0,6,0
38,380146,1,1,0,0,0,3,3,27,0,30,12,2012,1,3,23,0,4,4,CR-29 ST NE,,0,47.83301944,-98.75991944,3,1,0,0,1,1,0,4,2,10,0,10,0,0000000,3,31,3,50,4,49,0,0,0,2,1
38,380147,1,1,0,0,0,2,2,79,0,19,7,2012,5,14,9,1,2,2,US-281,,2413,48.82016111,-99.79511944,3,35,0,0,1,1,0,4,1,99,0,99,0,0000000,14,6,14,9,14,30,24,0,0,1,0
39,390001,1,1,0,0,0,1,1,65,0,1,1,2012,1,19,23,0,5,4,CR-130 W FRANKLIN ST,,0,40.64357778,-83.65597778,0,34,0,0,1,1,0,4,2,10,0,10,0,0000000,88,88,88,88,88,88,0,0,0,1,1
39,390002,2,2,0,0,0,6,6,79,0,2,1,2012,2,11,23,1,2,2,US-35,,59,39.12687222,-82.70113056,0,12,6,0,1,1,0,1,1,4,0,4,0,0000000,99,99,99,99,99,99,0,0,0,1,0
39,390003,2,2,0,0,0,2,2,95,8120,3,1,2012,3,17,51,0,15,6,NEBRASKA AVE,,0,41.64552778,-83.61766389,0,12,2,0,1,1,0,1,3,1,0,1,0,0000000,99,99,99,99,99,99,0,0,0,1,0
39,390005,3,3,0,0,0,5,5,49,2270,5,1,2012,5,15,17,1,11,1,I-270,,170,40.098525,-83.13466389,0,12,1,1,18,1,0,1,1,1,0,1,0,0000000,15,19,15,19,15,46,0,0,0,1,0
39,390006,1,1,0,1,1,1,1,29,0,6,1,2012,6,20,59,0,5,3,SR-14,,167,40.86558056,-80.56094722,0,8,0,0,1,1,0,1,2,1,0,1,0,0000000,20,59,21,4,22,17,0,0,0,1,0
39,390007,2,2,0,0,0,2,2,93,2480,7,1,2012,7,13,35,0,14,6,GATEWAY BLVD,BULLOCKS PKWY,0,41.365825,-82.11778333,0,12,6,0,2,2,0,1,1,1,0,1,0,0000000,13,38,13,40,14,2,0,0,0,1,0
39,390008,2,2,0,0,0,2,2,37,0,10,1,2012,3,9,8,0,4,4,CR-53 REED RD,TR-345 LONG RD,0,40.24057778,-84.48414167,0,12,6,0,2,3,0,1,1,1,0,1,0,0000000,9,11,9,15,9,50,0,0,0,1,0
39,390009,1,1,0,0,0,1,1,139,0,16,1,2012,2,9,15,1,1,1,I-71 RAMP,US-30,184,40.78138611,-82.41598611,0,59,0,1,5,1,0,4,1,1,0,1,0,0000000,88,88,88,88,88,88,0,0,0,1,0
39,390010,2,2,0,0,0,2,2,145,6700,21,1,2012,7,1,5,1,13,2,US-23 SCIOTO TRAIL,GEORGE ST,20,38.75339722,-82.99163889,0,12,2,0,2,3,0,1,3,3,0,3,0,0000000,99,99,99,99,88,88,0,0,0,1,1
39,390011,1,1,0,0,0,1,1,61,1610,4,2,2012,7,0,12,0,14,6,WESTWOOD NORTHERN BLVD,,0,39.16121667,-84.60084722,0,33,0,0,1,1,0,3,3,1,0,1,0,0000000,88,88,88,88,88,88,0,0,0,1,1
39,390012,2,1,1,0,0,1,1,61,1610,6,1,2012,6,21,27,0,19,6,ROE ST,,0,39.15548056,-84.39073611,0,14,0,0,1,1,0,7,3,1,0,1,0,0000000,99,99,99,99,99,99,0,0,0,1,0
39,390013,2,2,0,0,0,3,3,169,0,17,1,2012,3,16,36,0,6,4,CR-7 CHURCH RD,,0,40.82402778,-81.71283056,0,12,2,0,1,1,0,1,1,10,0,10,0,0000000,99,99,99,99,99,99,0,0,0,1,0
39,390014,2,2,0,0,0,3,3,101,0,21,1,2012,7,18,46,0,4,3,SR-98,SR-529,62,40.54923611,-83.04997778,0,12,6,0,2,2,0,1,3,10,0,10,0,0000000,99,99,99,99,99,99,0,0,0,1,0
39,390015,2,2,0,0,0,2,2,71,0,23,1,2012,2,9,51,0,3,2,US-50,CR-83A N BEACH RD,208,39.21634167,-83.48561111,0,12,6,0,2,2,0,1,1,10,0,10,0,0000000,10,14,10,21,11,4,0,0,0,1,0
39,390016,2,2,0,0,0,3,3,155,0,23,1,2012,2,16,53,0,6,4,CR-108 RISHER RD,,0,41.22636944,-80.8876,0,12,6,0,4,1,0,1,1,2,0,2,0,0000000,16,54,17,4,17,28,0,0,0,1,0
39,390017,4,1,3,3,3,1,1,143,0,24,1,2012,3,10,28,1,1,1,I-80,,119,41.40632222,-83.13018056,0,45,0,0,1,1,1,1,1,10,0,10,0,0000000,10,28,10,42,99,99,0,0,0,1,0
39,390018,1,1,0,0,0,4,4,155,0,26,1,2012,5,23,57,1,12,3,SR-82,,192,41.22742222,-80.71477222,0,59,0,0,1,1,0,3,3,2,0,2,0,0000000,0,1,0,3,0,34,0,0,0,1,1
39,390019,1,1,0,0,0,1,1,53,2810,2,2,2012,5,23,5,0,16,4,CR-5 MILL CREEK RD,,0,38.82750278,-82.184725,0,43,0,0,1,1,0,4,2,1,0,1,0,0000000,23,14,23,21,99,99,0,0,0,1,0
39,390020,1,1,0,0,0,2,2,17,0,28,1,2012,7,5,10,0,16,5,INTERNATIONAL BLVD,,0,39.30604167,-84.44258611,0,42,0,0,1,1,0,4,2,2,0,2,0,0000000,88,88,88,88,88,88,0,0,0,2,1
39,390021,2,2,0,0,0,2,2,49,9150,12,1,2012,5,10,14,0,13,2,US-23,WILSON BRIDGE RD,226,40.10668056,-83.01665833,0,12,6,0,2,2,0,1,1,2,0,2,0,0000000,99,99,99,99,99,99,0,0,0,1,0
39,390022,1,1,0,1,1,1,1,95,8120,30,1,2012,2,18,38,0,15,6,SOUTH AVE,,0,41.63077778,-83.55068056,0,8,0,0,1,1,0,1,3,1,0,1,0,0000000,88,88,88,88,88,88,0,0,0,1,0
39,390023,2,2,0,0,0,2,2,95,8120,1,2,2012,4,11,26,0,13,3,SR-184 W. ALEXIS,,47,41.721175,-83.60047222,0,12,6,0,1,1,0,1,1,10,0,10,0,0000000,99,99,99,99,99,99,0,0,0,1,0
39,390024,2,2,0,0,0,2,2,17,0,5,2,2012,1,14,44,0,3,3,SR-73,JACKSONBURG RD,130,39.48431111,-84.51226944,0,12,6,0,2,2,0,1,1,1,0,1,0,0000000,88,88,88,88,88,88,0,0,0,1,1
39,390025,1,1,0,0,0,1,1,141,0,8,2,2012,4,9,45,0,6,5,DIXON MILL RD,,0,39.23498889,-82.77335833,0,43,0,0,1,1,0,4,1,4,0,4,0,0000000,88,88,88,88,88,88,0,0,0,1,0
39,390026,1,1,0,0,0,1,1,109,0,9,2,2012,5,4,26,0,6,5,S HUFFORD RD,,0,40.024875,-84.11308056,0,1,0,0,1,1,0,4,2,1,0,1,0,0000000,88,88,88,88,88,88,0,0,0,1,1
39,390027,2,2,0,0,0,2,2,77,0,31,1,2012,3,22,46,1,2,3,SR-18,,241,41.20083333,-82.41746111,0,12,2,0,1,1,0,1,2,1,0,1,0,0000000,99,99,99,99,99,99,0,0,0,1,0
39,390028,2,2,0,0,0,2,2,61,0,10,2,2012,6,7,43,1,13,3,SR-126-W,I-71-S,198,39.22377778,-84.36746111,0,12,6,0,2,3,0,1,1,10,0,10,0,0000000,7,43,7,47,8,6,0,0,0,1,0
39,390029,1,1,0,0,0,1,1,61,855,11,2,2012,7,4,17,0,16,6,GROOMS RD,,0,39.27725278,-84.36690278,0,40,0,0,1,1,0,4,3,4,0,4,0,0000000,88,88,88,88,88,88,0,0,0,1,0
39,390030,1,1,0,0,0,1,1,65,0,13,1,2012,6,6,35,0,4,3,SR-235,,170,40.74765278,-83.82314444,0,42,0,0,1,1,0,4,2,4,0,4,0,0000000,6,40,6,52,7,52,0,0,0,1,0
39,390031,2,2,0,0,0,3,3,49,1800,15,1,2012,1,0,6,1,12,3,SR-104 FRANK RD,,91,39.91582778,-82.99330278,0,12,2,0,1,1,0,1,3,10,0,10,0,0000000,0,11,0,19,0,38,0,0,0,2,1
39,390032,7,7,0,1,1,9,9,49,1800,17,1,2012,3,21,15,0,13,3,SR-16 E BROAD ST,,72,39.97671111,-82.86924444,0,8,0,0,1,1,0,1,2,4,0,4,0,0000000,99,99,99,99,88,88,0,0,0,1,0
39,390033,4,4,0,0,0,5,5,49,1800,27,1,2012,6,11,32,1,11,1,I-70,,244,39.93232778,-82.82114444,0,24,0,1,19,1,0,3,1,10,0,10,0,0000000,11,34,11,40,12,36,0,0,0,1,0
39,390034,1,1,0,0,0,2,2,61,0,7,2,2012,3,17,45,0,16,6,HARRISON AVE,,0,39.22121111,-84.71463889,0,33,0,0,1,1,0,4,1,10,0,10,0,0000000,88,88,88,88,88,88,0,0,0,1,1
39,390035,2,2,0,0,0,3,3,175,0,14,2,2012,3,16,36,1,2,2,US-23,CR-121,121,40.84667222,-83.25597222,0,12,6,0,2,2,0,1,1,10,0,10,0,0000000,16,42,17,3,18,0,0,0,0,1,0
39,390036,1,1,0,1,1,1,1,99,0,25,1,2012,4,22,25,0,3,3,SR-7 MARKET ST,TR-30 CALLA RD,51,40.97343611,-80.66117222,0,8,0,0,2,2,0,1,3,3,0,3,0,0000000,22,25,22,27,22,49,0,0,0,1,0
39,390037,4,4,0,0,0,4,4,25,0,31,1,2012,3,14,25,0,2,2,US-52,,65,38.94061389,-84.27013333,0,12,2,0,1,1,0,1,1,10,0,10,0,0000000,14,38,15,7,15,30,0,0,0,2,0
39,390038,1,1,0,0,0,1,1,101,0,31,1,2012,3,23,21,0,6,4,CR-122 DUNBAR RD,,0,40.47051111,-83.16673333,0,35,0,0,1,1,0,4,2,10,0,10,0,0000000,23,25,23,31,88,88,0,0,0,1,1
39,390039,2,2,0,0,0,2,2,11,0,1,2,2012,4,22,24,0,4,3,SR-117,FAIRMOUNT RD,25,40.61571111,-83.89824722,0,12,6,0,2,3,0,1,2,10,0,10,0,0000000,22,27,22,33,23,30,0,0,0,1,2
39,390040,1,1,0,0,0,1,1,7,0,11,2,2012,7,2,20,1,1,1,I-90,,3,41.76489722,-80.99495278,0,59,0,0,1,1,1,3,3,4,0,4,0,0000000,2,25,2,34,3,7,0,0,0,1,1
39,390041,5,5,0,0,0,9,9,95,8120,16,2,2012,5,12,55,0,14,6,SUMMIT ST,CHERRY ST,0,41.65497222,-83.53015833,0,12,7,0,2,2,0,1,1,10,0,10,0,0000000,12,56,13,1,99,99,0,0,0,1,0
39,390042,1,1,0,0,0,1,1,49,1800,23,2,2012,5,1,2,1,11,1,I-70,,162,39.95332222,-82.95626944,0,30,0,1,18,1,0,4,3,1,0,1,0,0000000,88,88,88,88,88,88,0,0,0,1,1
39,390043,3,3,0,0,0,4,4,173,0,17,2,2012,6,16,13,1,1,1,I-75,,112,41.32700278,-83.6259,0,12,8,0,1,1,0,1,1,1,0,1,0,0000000,16,16,16,37,99,99,0,0,0,1,0
39,390044,2,2,0,1,1,4,4,97,0,3,2,2012,6,14,37,0,6,4,CR-5 LAFAYETTE PLAIN CITY,,0,39.974475,-83.39418611,0,12,1,0,1,1,0,1,1,1,0,1,0,0000000,99,99,99,99,99,99,0,0,0,1,1
39,390045,2,2,0,0,0,4,4,101,0,6,2,2012,2,16,37,0,4,4,CR-12 LARUE MOUNT VICTORY,,0,40.57058333,-83.40787778,0,12,7,0,1,1,0,1,1,1,0,1,1,0000000,16,43,16,57,88,88,0,0,0,1,1
39,390046,1,1,0,1,1,1,1,139,0,12,2,2012,1,18,1,0,14,3,SR-545,,23,40.79271667,-82.49229722,0,9,0,0,1,1,0,1,1,1,0,1,0,0000000,88,88,88,88,88,88,0,0,0,1,0
39,390047,2,2,0,0,0,2,2,21,0,13,2,2012,2,8,48,0,6,4,CR-166 STRINGTOWN RD,,0,40.10224167,-83.59445,0,12,8,0,1,1,0,1,1,1,0,1,0,0000000,8,48,8,53,88,88,0,0,0,1,0
39,390048,2,2,0,0,0,7,7,159,0,4,2,2012,7,10,28,0,4,4,CR-133 NORTHWEST PKWY,,0,40.25927222,-83.45469167,0,12,6,0,1,1,0,1,1,4,0,4,0,0000000,10,53,10,58,11,24,0,0,0,2,0
39,390049,1,1,0,0,0,4,4,47,0,12,2,2012,1,20,40,0,15,4,CR-141 ROBINSON RD,,0,39.49940556,-83.29704722,0,35,0,0,1,1,0,4,2,1,0,1,0,0000000,99,99,99,99,99,99,0,0,0,1,0
39,390050,2,2,0,0,0,2,2,75,0,14,2,2012,3,6,0,0,4,2,US-62,,124,40.49003056,-81.97899444,0,12,2,0,1,1,0,1,2,10,0,10,0,0000000,6,34,6,44,88,88,0,0,0,1,0
39,390051,1,1,0,1,1,1,1,35,4870,9,2,2012,5,10,33,0,13,3,SR-91 SOM CENTER RD,MONTEREY DR,124,41.52653611,-81.4388,0,8,0,0,3,3,0,1,1,1,0,1,0,0000000,10,34,10,37,10,42,0,0,0,1,0
39,390052,2,2,0,0,0,3,3,61,0,13,2,2012,2,17,19,0,4,6,BLUE ROCK RD,SPRINGDALE BLUE ROCK CONNECTOR,0,39.23452222,-84.62628056,0,12,6,0,2,3,0,1,1,10,0,10,0,0000000,17,19,17,27,17,58,0,0,0,1,0
39,390053,1,1,0,1,1,1,1,61,0,22,2,2012,4,20,15,1,13,2,US-27 COLERAIN AVE,,102,39.20549167,-84.58123056,0,8,0,0,1,1,0,1,2,10,0,10,0,0000000,99,99,99,99,99,99,0,0,0,1,0
39,390054,1,1,0,0,0,1,1,93,0,15,2,2012,4,9,33,0,4,6,NORTH RIDGE RD,,0,41.37446389,-82.33170556,0,42,0,0,1,1,0,4,1,10,0,10,0,0000000,9,38,9,45,88,88,0,0,0,1,0
39,390055,1,1,0,1,1,1,1,17,2535,17,2,2012,6,21,34,0,15,6,TYLERSVILLE RD,,0,39.36256111,-84.49091667,0,8,0,0,1,1,0,1,2,1,0,1,0,0000000,21,35,21,40,21,55,0,0,0,1,0
39,390056,1,1,0,2,2,2,2,113,2090,19,2,2012,1,20,46,0,15,6,DANNER AVE,MIAMI CHAPEL RD,0,39.73762778,-84.22201944,0,8,0,0,2,2,0,1,3,1,0,1,0,0000000,20,49,20,53,21,5,0,0,0,2,1
39,390057,2,2,0,2,2,2,2,7,0,21,2,2012,3,20,33,0,4,3,SR-534,,67,41.59138056,-80.95303889,0,8,0,0,1,1,0,1,2,10,0,10,0,0000000,20,33,20,37,99,99,0,0,0,1,1
39,390058,1,1,0,0,0,1,1,7,0,24,2,2012,6,3,15,0,4,3,SR-307,,71,41.77131111,-80.86849722,0,32,0,0,1,1,0,4,2,10,0,10,0,0000000,88,88,88,88,88,88,0,0,0,1,1
39,390059,1,1,0,0,0,1,1,5,0,24,2,2012,6,21,30,1,2,2,US-224,,1,41.02905833,-82.43276667,0,35,0,0,1,1,0,4,2,4,0,4,0,0000000,88,88,88,88,88,88,0,0,0,1,0
39,390060,1,1,0,0,0,1,1,13,0,25,2,2012,7,23,0,0,4,3,SR-147,,87,40.00223889,-81.11943889,0,1,0,0,1,1,0,4,2,10,0,10,0,0000000,99,99,99,99,88,88,0,0,0,1,1
39,390061,1,1,0,0,0,2,2,39,0,26,2,2012,1,9,40,0,6,4,CR-155 CICERO RD,,0,41.33479167,-84.709125,0,53,0,0,1,1,0,4,1,1,0,1,0,0000000,9,40,9,49,88,88,0,0,0,2,1
39,390062,1,1,0,0,0,3,3,95,8120,27,2,2012,2,22,7,0,6,6,BROADWAY ST,HARVARD BLVD,0,41.61238611,-83.58657778,0,30,0,0,2,6,0,4,3,1,0,1,0,0000000,99,99,99,99,99,99,0,0,0,1,1
39,390063,2,2,0,0,0,2,2,113,0,28,2,2012,3,22,4,0,6,5,TR-64 MANNING RD,TR-54 CONSERVANCY RD,0,39.65746111,-84.41239722,0,12,6,0,2,3,0,1,2,10,0,10,0,0000000,22,4,22,14,88,88,0,0,0,1,0
39,390064,2,2,0,0,0,3,3,35,2040,28,2,2012,3,12,38,1,11,1,I-77,,107,41.26254722,-81.63451389,0,12,1,1,18,1,0,1,1,1,0,1,0,0000000,12,40,12,44,13,6,0,0,0,1,0
39,390065,1,1,0,1,1,1,1,49,1800,29,2,2012,4,19,46,0,14,6,CLIME RD,MCCARLEY DR,0,39.92835833,-83.09479722,0,8,0,0,2,3,0,1,3,1,0,1,0,0000000,19,47,19,53,20,7,0,0,0,1,0
39,390066,2,2,0,0,0,4,4,141,0,1,3,2012,5,17,35,0,14,3,SR-159,,45,39.39743611,-82.96477778,0,12,2,0,1,1,0,1,1,1,0,1,0,0000000,17,44,18,4,18,39,0,0,0,1,1
39,390067,2,2,0,0,0,4,4,169,0,4,3,2012,1,17,45,0,3,3,SR-585 AKRON RD,CR-47 BENNER RD,110,40.91646944,-81.78221944,0,12,6,0,2,2,0,1,1,4,0,4,0,0000000,17,45,17,52,18,45,0,0,0,1,0
39,390068,1,1,0,0,0,2,2,135,0,4,3,2012,1,8,40,1,1,1,I-70,,151,39.83732222,-84.53195,0,35,0,0,1,1,0,3,1,4,0,4,0,0000000,8,43,8,52,9,25,0,0,0,1,0
39,390069,2,2,0,0,0,4,4,49,1800,5,3,2012,2,21,17,0,14,6,JAMES RD,ELBERN AVE,0,39.96781667,-82.91378333,0,12,2,0,2,2,0,1,3,1,0,1,0,0000000,22,4,22,10,22,38,0,0,0,1,1
39,390070,2,2,0,0,0,2,2,169,0,6,3,2012,3,5,32,0,5,4,CR-94A CARR RD,,0,40.78082222,-81.78772222,0,12,2,0,1,1,0,1,2,10,0,10,0,0000000,5,35,5,46,99,99,0,0,0,1,0
39,390071,1,1,0,0,0,3,3,139,0,6,3,2012,3,5,50,0,15,6,FIFTH AVE,,0,40.78238611,-82.49400278,0,38,0,0,1,1,0,4,4,1,0,1,0,0000000,5,58,6,3,6,21,0,0,0,1,0
39,390072,2,2,0,0,0,5,5,165,0,7,3,2012,4,18,45,0,13,2,US-22,,32,39.32115556,-84.25086389,0,12,2,0,1,1,0,1,3,1,0,1,0,0000000,99,99,99,99,99,99,0,0,0,1,0
39,390073,1,1,0,0,0,1,1,129,0,10,3,2012,7,15,36,0,4,3,SR-56 W,,31,39.68527222,-83.20759444,0,30,0,0,1,1,0,4,1,1,0,1,0,0000000,15,42,16,0,16,36,0,0,0,1,0
39,390074,1,1,0,1,1,1,1,95,6213,13,3,2012,3,18,45,0,14,6,PICKLE RD,,0,41.63069167,-83.41637222,0,8,0,0,1,1,0,1,1,1,0,1,0,0000000,18,54,19,5,19,24,0,0,0,1,0
39,390075,2,2,0,0,0,3,3,61,1610,14,3,2012,4,12,18,0,13,2,US-50 RIVER RD,KIBBY LN,80,39.13118611,-84.70759444,0,12,6,0,2,3,0,1,1,1,0,1,0,0000000,12,19,12,23,99,99,0,0,0,1,0
39,390076,1,1,0,0,0,2,2,61,1610,17,3,2012,7,20,10,0,14,6,KELLOGG AVE,,0,39.09375833,-84.428025,0,38,0,0,1,1,0,5,5,1,0,1,0,0000000,88,88,88,88,88,88,0,0,0,1,1
39,390077,2,2,0,0,0,3,3,99,9230,14,2,2012,3,15,10,0,16,6,RAYEN AVE,FIFTH AVE,0,41.10546111,-80.65291111,0,12,6,0,2,2,0,1,1,4,0,4,0,0000000,15,12,15,18,15,53,0,0,0,1,0
39,390078,1,1,0,0,0,1,1,17,0,7,3,2012,4,17,40,0,4,3,SR-122 MIDDLETOWN EATON RD,,2,39.55741389,-84.48355278,0,59,0,0,1,1,0,4,1,1,0,1,0,0000000,99,99,99,99,99,99,0,0,0,1,1
39,390079,1,1,0,0,0,1,1,173,0,8,3,2012,5,22,44,0,6,5,TR-81 MITCHELL RD,,0,41.18256111,-83.68814722,0,10,0,0,6,1,0,1,2,1,0,1,0,142275A,22,51,22,56,88,88,0,0,0,1,0
39,390080,1,1,0,0,0,3,3,61,0,9,3,2012,6,4,36,0,14,4,CR-275 RIDGE RD,,0,39.16944167,-84.42469444,0,30,0,0,1,1,0,4,3,1,0,1,0,0000000,4,40,4,47,88,88,0,0,0,1,1
39,390081,2,2,0,0,0,6,6,17,0,16,3,2012,6,22,56,0,15,3,SR-747 PRINCETON GLENDALE RD,HAMILTON MASON RD,49,39.37371389,-84.45478333,0,12,6,0,2,2,0,1,2,1,0,1,0,0000000,23,12,23,21,23,58,0,0,0,1,0