STATE,ST_CASE,VE_TOTAL,VE_FORMS,PVH_INVL,PEDS,PERNOTMVIT,PERMVIT,PERSONS,COUNTY,CITY,DAY,MONTH,YEAR,DAY_WEEK,HOUR,MINUTE,NHS,ROAD_FNC,ROUTE,TWAY_ID,TWAY_ID2,MILEPT,LATITUDE,LONGITUD,SP_JUR,HARM_EV,MAN_COLL,RELJCT1,RELJCT2,TYP_INT,WRK_ZONE,REL_ROAD,LGT_COND,WEATHER1,WEATHER2,WEATHER,SCH_BUS,RAIL,NOT_HOUR,NOT_MIN,ARR_HOUR,ARR_MIN,HOSP_HR,HOSP_MN,CF1,CF2,CF3,FATALS,DRUNK_DR
39,390082,2,2,0,0,0,3,3,91,0,17,3,2012,7,18,55,0,4,3,SR-245,CR-1,39,40.25689444,-83.71731389,0,12,6,0,2,2,0,1,1,1,0,1,0,0000000,19,11,19,26,20,1,0,0,0,2,1
39,390083,1,1,0,0,0,2,2,17,0,18,3,2012,1,12,59,0,6,5,TR-164 WARWICK RD,,0,39.46062222,-84.55933611,0,42,0,0,1,1,0,4,1,1,0,1,0,0000000,12,59,13,7,99,99,0,0,0,1,0
39,390084,1,1,0,0,0,1,1,49,0,22,3,2012,5,12,48,1,11,1,I-270,,288,40.099975,-82.92268056,0,1,0,1,17,1,0,1,1,1,0,1,0,0000000,12,52,13,2,13,21,0,0,0,1,0
39,390085,2,2,0,0,0,3,3,145,0,9,3,2012,6,14,30,0,6,5,TR-381 FLOWERS ISON RD,,0,38.86315556,-82.89986111,0,12,2,0,1,1,0,1,1,10,0,10,0,0000000,99,99,99,99,99,99,0,0,0,1,0
39,390086,1,1,0,0,0,1,1,7,0,12,3,2012,2,17,23,0,4,3,SR-534,,12,41.506725,-80.94014167,0,42,0,0,1,1,0,4,1,2,0,2,0,0000000,17,23,17,26,18,6,0,0,0,1,1
39,390087,3,3,0,0,0,4,4,29,0,13,3,2012,3,11,12,0,5,3,SR-7,,176,40.76008056,-80.63598889,0,12,1,0,1,1,0,1,1,1,0,1,0,0000000,11,20,11,32,88,88,0,0,0,1,0
39,390088,1,1,0,0,0,1,1,23,0,14,3,2012,4,22,30,0,6,6,MECHANICSBURG CATAWBA RD,,0,40.00730833,-83.60403056,0,1,0,0,1,1,0,1,2,1,0,1,0,0000000,88,88,88,88,88,88,0,0,0,1,1
39,390089,1,1,0,0,0,1,1,7,0,18,3,2012,1,5,30,0,6,4,CR-8 BROWNSVILLE RD,,0,41.58570278,-80.79106667,0,1,0,0,1,1,0,4,2,10,0,10,0,0000000,9,15,9,23,88,88,0,0,0,1,1
39,390090,1,1,0,0,0,2,2,89,0,1,1,2012,1,17,40,0,5,4,CR-311 LINVILLE RD,,0,40.01916667,-82.38805556,0,30,0,0,1,1,0,4,2,1,0,1,0,0000000,17,45,18,18,18,52,0,0,0,1,1
39,390091,2,2,0,0,0,3,3,95,0,1,1,2012,1,1,10,0,6,4,CR-111 JEFFERS RD,CR-136 NEAPOLIS WATERVILLE RD,0,41.49503333,-83.85552778,0,12,1,0,3,1,0,1,2,10,0,10,0,0000000,1,11,1,16,99,99,0,0,0,1,2
39,390092,1,1,0,0,0,3,3,109,0,2,1,2012,2,13,25,0,6,5,CR-41 NASHVILLE RD,,0,39.98961944,-84.26394722,0,34,0,0,1,1,0,4,1,3,4,4,0,0000000,13,26,13,35,13,58,0,0,0,1,0
39,390093,2,2,0,0,0,2,2,127,0,3,1,2012,3,6,58,0,3,2,US-22,,103,39.8337,-82.23348889,0,12,2,0,1,1,0,1,2,10,0,10,0,0000000,99,99,99,99,99,99,0,0,0,2,0
39,390094,2,2,0,0,0,2,2,35,2520,3,1,2012,3,13,35,0,13,2,US-20 EUCLID AVE,HERITAGE DR,290,41.57786389,-81.51510278,0,12,2,0,3,1,0,1,1,10,0,10,0,0000000,13,36,13,43,14,20,0,0,0,1,0
39,390095,1,1,0,0,0,2,2,99,9230,4,1,2012,4,15,44,0,14,3,SR-289 OAK ST,,14,41.10079167,-80.64223889,0,5,0,0,1,1,0,1,1,10,0,10,0,0000000,15,53,15,55,88,88,0,0,0,1,0
39,390096,2,2,0,0,0,3,3,169,6970,4,1,2012,4,10,0,0,13,3,SR-57 WADSWORTH RD,SHEETS RD,120,40.97066667,-81.76230556,0,12,6,0,2,2,0,1,1,1,0,1,0,0000000,10,3,10,6,10,31,0,0,0,2,0
39,390097,1,1,0,0,0,1,1,59,0,6,1,2012,6,14,0,0,5,4,CR-35 BYESVILLE RD,,0,39.99563611,-81.56148333,0,52,0,0,1,1,0,4,1,1,0,1,0,0000000,14,0,14,5,88,88,0,0,0,1,0
39,390098,1,1,0,1,1,3,3,141,1580,6,1,2012,6,18,22,0,15,6,PIATT AVE,SEMINOLE RD,0,39.33996944,-83.00228889,0,8,0,0,3,2,0,1,3,1,0,1,0,0000000,18,99,18,99,18,32,0,0,0,1,1
39,390099,1,1,0,2,2,2,2,145,0,7,1,2012,7,21,45,0,4,3,SR-73,,244,38.75083889,-83.02643056,0,8,0,0,1,1,0,1,2,1,0,1,0,0000000,21,45,21,53,99,99,0,0,0,1,0
39,390100,1,1,0,0,0,1,1,119,0,8,1,2012,1,1,39,0,6,4,CR-26 MAIN ST,,0,40.10911389,-82.00691389,0,43,0,0,1,1,0,4,3,1,0,1,0,0000000,1,40,1,52,88,88,0,0,0,1,1
39,390101,1,1,0,0,0,2,2,153,0,9,1,2012,2,23,57,0,15,6,W NORTH ST,,0,41.09103333,-81.52505556,0,42,0,0,1,1,0,5,3,10,0,10,0,0000000,23,58,0,3,0,24,0,0,0,1,1
39,390102,1,1,0,0,0,1,1,159,0,10,1,2012,3,13,19,0,4,3,SR-245,,5,40.22763611,-83.5192,0,35,0,0,1,1,0,5,1,1,0,1,0,0000000,13,22,13,28,13,55,0,0,0,1,0
39,390103,2,2,0,0,0,2,2,95,6213,12,1,2012,5,14,27,1,13,3,SR-2 NAVARRE AVE,S WYNN RD,245,41.63773611,-83.42791389,0,12,6,0,2,2,0,1,1,10,2,2,0,0000000,14,28,14,33,88,88,0,0,0,1,0
39,390105,2,1,1,0,0,2,2,31,1920,12,1,2012,5,3,29,0,16,5,TR-1018 OTSEGO AVE,,0,40.24674167,-81.85412222,0,32,0,0,1,1,0,5,2,1,0,1,0,0000000,3,30,3,36,3,51,0,0,0,1,1
39,390106,1,1,0,0,0,4,4,165,0,14,1,2012,7,4,6,1,1,1,I-71,,10,39.30324167,-84.30276389,0,32,0,0,1,1,0,4,2,4,0,4,0,0000000,4,5,4,10,5,0,0,0,0,2,1
39,390107,1,1,0,0,0,1,1,153,70,15,1,2012,1,6,5,0,14,6,N ARLINGTON ST,,0,41.08467778,-81.49038889,0,30,0,0,1,1,0,4,3,10,0,10,0,0000000,6,8,6,15,6,99,19,0,0,1,1
39,390108,2,2,0,0,0,4,4,19,0,17,1,2012,3,18,20,0,3,3,SR-9 KENNSINGTON RD,,229,40.67696944,-81.02883889,0,12,6,0,1,1,0,1,2,10,0,10,0,0000000,18,26,18,38,99,99,0,0,0,1,0
39,390109,1,1,0,0,0,1,1,87,0,17,1,2012,3,9,5,0,4,3,SR-217,,134,38.55790833,-82.35538611,0,53,0,0,1,1,0,4,1,10,0,10,0,0000000,9,28,9,40,88,88,0,0,0,1,0
39,390110,2,2,0,1,1,2,2,113,2090,18,1,2012,4,13,5,0,14,6,FAIRBANKS AVE,BROOKLYN AVE,0,39.76396667,-84.24013889,0,12,6,0,2,2,0,1,1,10,0,10,0,0000000,13,7,13,49,88,88,0,0,0,1,0
39,390111,2,1,1,0,0,1,1,61,1610,19,1,2012,5,6,30,0,14,6,CLIFTON AVE,,0,39.15227222,-84.51818333,0,14,0,0,1,1,0,5,3,1,0,1,0,0000000,7,2,7,6,7,24,0,0,0,1,1
39,390112,1,1,0,1,1,2,2,151,1320,23,3,2012,6,21,19,0,14,6,13TH ST NW,,0,40.81164444,-81.40109444,0,8,0,0,1,1,0,1,3,2,0,2,0,0000000,21,22,21,24,21,33,0,0,0,1,0
39,390113,2,2,0,0,0,2,2,63,2610,21,1,2012,7,13,35,0,14,4,CR-212,BRIGHT RD,0,41.08037778,-83.61800556,0,12,6,0,2,2,0,1,1,1,0,1,0,0000000,13,38,13,49,14,21,0,0,0,1,0
39,390114,1,1,0,0,0,2,2,135,0,16,3,2012,6,0,59,0,4,3,SR-122,,142,39.69176667,-84.580175,0,30,0,0,1,1,0,4,2,1,0,1,0,0000000,1,1,1,15,88,88,0,0,0,2,1
39,390115,2,2,0,0,0,3,3,113,0,22,3,2012,5,11,20,0,3,4,CR-8 BALTIMORE PHILLIPSBURG RD,TR-9 ARLINGTON RD,0,39.90409167,-84.42687778,0,12,6,0,2,2,0,1,1,1,0,1,0,0000000,11,20,11,20,99,99,0,0,0,2,0
39,390117,2,2,0,0,0,3,3,69,0,21,1,2012,7,13,6,1,2,2,US-24,TR-11,154,41.41684444,-84.07639722,0,12,6,0,2,2,0,1,1,1,0,1,0,0000000,13,8,13,20,13,44,0,0,0,2,0
39,390118,1,1,0,0,0,3,3,95,8120,21,1,2012,7,10,23,0,13,3,SR-25 ANTHONY WAYNE,,75,41.63450556,-83.56151667,0,33,0,0,1,1,0,5,1,1,0,1,0,0000000,10,23,10,30,99,99,0,0,0,1,1
39,390119,1,1,0,0,0,1,1,107,0,23,1,2012,2,5,14,0,6,4,CR-7 MERCER DARKE CO LINE RD,,0,40.35199722,-84.69428333,0,34,0,0,1,1,0,5,2,2,0,2,0,0000000,88,88,88,88,88,88,0,0,0,1,1
39,390120,2,2,0,0,0,2,2,103,0,23,1,2012,2,18,50,1,1,1,I-76,,90,41.04008333,-81.74037222,0,12,2,0,1,1,0,1,2,10,0,10,0,0000000,18,54,18,59,19,35,0,0,0,1,0
39,390121,1,1,0,0,0,1,1,9,0,25,1,2012,4,4,55,1,2,2,US-250,,325,39.21237778,-81.83426111,0,52,0,0,1,1,0,3,2,10,0,10,0,0000000,4,58,5,6,88,88,0,0,0,1,0
39,390122,1,1,0,1,1,1,1,25,0,23,2,2012,5,21,48,0,14,4,CR-87 MT CARMEL TOBASCO RD,,0,39.09596111,-84.30036944,0,8,0,0,1,1,0,1,2,10,0,10,0,0000000,21,51,21,54,22,14,0,0,0,1,0
39,390123,1,1,0,1,1,1,1,147,8070,2,3,2012,6,11,10,0,15,6,W WALL ST,W DAVIS ST,0,41.12584444,-83.18681389,0,8,0,0,3,2,3,1,1,2,0,2,0,0000000,11,12,11,14,11,35,0,0,0,1,0
39,390124,1,1,0,0,0,2,2,85,9020,19,3,2012,2,2,51,0,15,6,FAIRWAY BLVD,E 293RD ST,0,41.62931944,-81.47728889,0,33,0,0,3,4,0,4,3,5,0,5,0,0000000,99,99,99,99,88,88,0,0,0,2,1
39,390125,1,1,0,0,0,1,1,113,0,21,3,2012,4,0,30,0,13,4,CR-74 NEEDMORE RD,,0,39.82005,-84.16748333,0,25,0,0,1,1,0,3,3,1,0,1,0,0000000,0,44,0,50,1,14,0,0,0,1,1
39,390126,2,2,0,0,0,2,2,99,0,21,3,2012,4,17,4,0,13,2,US-62,CR-30 CALLA RD,30,40.97292222,-80.82806667,0,12,6,0,2,2,0,1,1,1,0,1,0,0000000,17,6,17,18,88,88,0,0,0,1,0
39,390127,1,1,0,1,1,1,1,35,1680,21,3,2012,4,19,10,0,13,3,SR-14 BROADWAY AVE,,14,41.48853333,-81.67070556,0,8,0,0,1,1,0,4,5,1,0,1,0,0000000,19,10,19,19,19,56,20,0,0,1,0
39,390128,1,1,0,0,0,1,1,35,1680,25,3,2012,1,4,15,1,11,1,I-90,,121,41.47046667,-81.73948333,0,25,0,1,18,1,0,3,3,10,0,10,0,0000000,88,88,88,88,88,88,0,0,0,1,1
39,390129,2,2,0,0,0,2,2,117,0,27,3,2012,3,1,25,1,1,1,I-71,,14,40.36932778,-82.836275,0,12,2,0,1,1,0,1,2,1,0,1,0,0000000,1,28,1,33,88,88,0,0,0,1,1
39,390130,1,1,0,1,1,1,1,49,1800,28,3,2012,4,20,36,0,13,6,MORSE RD,,0,40.05857222,-82.93238889,0,8,0,0,1,1,0,1,3,1,0,1,0,0000000,20,37,20,42,21,7,0,0,0,1,0
39,390131,2,2,0,0,0,5,5,165,8650,26,1,2012,5,20,47,0,4,3,SR-73,N SR-42 MAIN ST,142,39.52665,-84.08966111,0,12,6,0,2,2,0,1,2,2,0,2,0,0000000,20,47,20,53,21,35,0,0,0,1,0
39,390132,2,2,0,0,0,6,6,49,1800,29,3,2012,5,17,6,0,14,6,GROVEPORT RD,,0,39.91229444,-82.97850833,0,12,2,0,4,1,0,1,1,1,0,1,0,0000000,17,7,17,12,18,2,0,0,0,2,0
39,390133,1,1,0,1,1,1,1,151,4390,20,3,2012,3,21,47,0,13,3,SR-44,,134,40.84734444,-81.25908889,0,9,0,0,1,1,0,1,2,1,0,1,0,0000000,21,47,21,53,22,12,0,0,0,1,0
39,390134,2,2,0,0,0,3,3,35,1680,24,3,2012,7,18,35,0,13,2,US-42 PEARL RD,,139,41.43651389,-81.708875,0,12,2,0,1,1,0,1,1,10,0,10,0,0000000,18,41,18,45,18,58,0,0,0,1,0
39,390136,1,1,0,0,0,1,1,155,0,27,1,2012,6,0,20,0,14,3,SR-193 YOUNGSTOWN KINGSVILLE,,53,41.20845278,-80.66383333,0,18,0,0,1,1,1,4,3,2,0,2,0,0000000,0,20,0,33,88,88,0,0,0,1,1
39,390137,1,1,0,0,0,2,2,1,9060,28,1,2012,7,20,55,0,4,4,CR-400 TRI COUNTY,,35,38.94966111,-83.6284,0,35,0,0,1,1,0,4,2,10,0,10,0,0000000,20,52,20,57,21,33,0,0,0,1,0
39,390138,2,2,0,0,0,2,2,49,1800,17,1,2012,3,13,40,0,15,6,THURMAN AVE,S 18TH ST,0,39.93899167,-82.97798056,0,12,6,0,2,2,0,1,1,10,0,10,0,0000000,13,42,13,47,14,12,0,0,0,1,0
39,390139,2,2,0,0,0,3,3,151,0,1,4,2012,1,0,40,0,13,3,SR-225,WALNUT AVE,9,40.94179444,-81.10108056,0,34,0,0,3,3,0,4,2,1,0,1,0,0000000,0,49,0,56,1,30,0,0,0,1,1
39,390140,1,1,0,0,0,1,1,61,1610,13,4,2012,6,23,4,0,14,6,KELLOGG AVE,,0,39.08683611,-84.42224444,0,1,0,0,1,1,0,4,2,10,0,10,0,0000000,23,8,23,14,23,35,0,0,0,1,0
39,390141,2,2,0,0,0,2,2,93,2480,27,1,2012,6,8,43,1,11,1,I-80,,151,41.38443333,-82.08865833,0,24,0,0,1,1,0,4,1,4,0,4,0,0000000,8,45,8,59,99,99,0,0,0,1,0
39,390142,2,2,0,0,0,4,4,101,4740,27,1,2012,6,11,26,0,15,4,CR-175 E FAIRGROUND RD,,35,40.59985,-83.09433056,0,12,6,0,4,1,0,1,1,2,0,2,0,0000000,11,33,11,37,12,12,0,0,0,1,0
39,390143,1,1,0,1,1,1,1,49,0,31,1,2012,3,20,30,0,13,2,US-40 W BROAD ST,,73,39.95361111,-83.09722222,0,8,0,0,1,1,0,1,3,1,0,1,0,0000000,20,31,20,35,20,44,0,0,0,1,0
39,390144,1,1,0,1,1,1,1,133,3880,31,1,2012,3,22,1,0,3,4,CR-140 FAIRCHILD AVE,WOODARD AVE,0,41.15983056,-81.363975,0,8,0,0,3,1,0,1,3,10,0,10,0,0000000,22,4,22,7,22,29,0,0,0,1,0
39,390145,2,2,0,0,0,2,2,1,0,1,2,2012,4,5,30,0,2,3,SR-32,CR-0198,184,38.95972222,-83.35861111,0,12,6,0,1,1,0,1,2,10,0,10,0,0000000,5,51,5,56,88,88,0,0,0,1,0
39,390146,2,2,0,0,0,2,2,173,0,1,2,2012,4,7,15,0,13,2,US-6,RUDOLPH RD,116,41.349175,-83.6695,0,12,6,0,2,2,0,1,1,1,0,1,0,0000000,7,23,7,28,7,46,0,0,0,1,0
39,390147,2,2,0,1,1,2,2,49,1800,2,2,2012,5,22,27,0,13,4,CR-17 MORSE RD,KINGSHILL DR,15,40.06111111,-82.99027778,0,8,0,0,3,1,0,1,3,10,0,10,0,0000000,22,28,22,32,88,88,0,0,0,1,0
39,390148,2,2,0,0,0,2,2,25,490,3,2,2012,6,17,56,0,15,3,SR-132,SR-32 APPALACHIAN HWY,128,39.08779167,-84.17375,0,12,6,1,2,3,0,1,6,1,0,1,0,0000000,17,58,18,5,18,26,0,0,0,1,0
39,390150,1,1,0,0,0,1,1,151,0,5,2,2012,1,11,0,0,6,6,CR-276 DOWNING ST,,0,40.68396111,-81.40486389,0,59,0,0,1,1,0,4,1,1,0,1,0,0000000,99,99,99,99,88,88,0,0,0,1,1
39,390151,2,2,0,0,0,3,3,141,0,7,2,2012,3,14,54,0,15,5,CR-223 CHARLESTON PIKE,,0,39.33891944,-82.84286667,0,12,1,0,1,1,0,1,1,10,0,10,0,0000000,15,19,15,36,15,40,0,0,0,1,0
39,390153,1,1,0,1,1,1,1,35,4480,8,1,2012,1,15,41,0,15,6,RIDGEBURY BLVD,BRAINARD RD,0,41.53067778,-81.47793333,0,8,0,0,3,2,0,1,1,1,0,1,0,0000000,15,46,15,52,16,23,0,0,0,1,0
39,390154,1,1,0,1,1,1,1,35,6370,3,2,2012,6,6,40,0,13,2,US-42 PEARL RD,,88,41.38354722,-81.77602778,0,8,0,0,1,1,0,1,3,10,0,10,0,0000000,6,44,6,45,7,10,0,0,0,1,0
39,390155,1,1,0,0,0,4,4,175,0,4,3,2012,1,1,55,0,4,3,SR-67,,15,40.70615833,-83.43171944,0,34,0,0,1,1,0,4,2,1,0,1,0,0000000,1,59,2,13,3,10,0,0,0,3,1
39,390156,2,2,0,0,0,2,2,151,0,16,3,2012,6,20,30,0,3,3,SR-43,,49,40.71516944,-81.29699444,0,12,2,0,1,1,0,1,2,1,0,1,0,0000000,20,35,20,43,21,16,0,0,0,1,1
39,390157,1,1,0,0,0,1,1,71,0,28,3,2012,4,22,5,0,6,5,TR-140 KAY RD,,0,39.02171667,-83.81334167,0,34,0,0,1,1,0,4,2,1,0,1,0,0000000,88,88,88,88,88,88,0,0,0,1,1
39,390158,2,2,0,0,0,2,2,141,0,30,3,2012,6,9,20,0,4,4,CR-550,,0,39.38590556,-83.11405833,0,12,2,0,1,1,0,1,1,10,0,10,0,0000000,9,23,9,32,10,0,0,0,0,1,0
39,390159,2,2,0,0,0,6,6,157,0,1,4,2012,1,8,30,1,11,1,I-77,,256,40.55986111,-81.50640556,0,12,7,0,1,1,0,1,1,10,0,10,0,0000000,8,37,8,40,10,31,0,0,0,1,0
39,390160,1,1,0,0,0,4,4,5,0,3,4,2012,3,0,5,0,5,4,CR-775,,0,40.65459444,-82.24723889,0,32,0,0,1,1,0,4,2,1,0,1,0,0000000,0,11,0,22,0,57,0,0,0,1,1
39,390161,2,2,0,0,0,3,3,113,2090,3,4,2012,3,17,15,0,13,3,SR-4,,151,39.7834,-84.15137222,0,12,2,0,1,1,0,1,1,10,0,10,0,0000000,17,17,17,26,17,59,0,0,0,1,0
39,390162,3,1,2,0,2,1,3,35,7880,6,4,2012,6,15,59,0,16,6,ROYALTON RD,,0,41.31305556,-81.81624722,0,14,0,0,1,1,0,5,1,1,0,1,0,0000000,16,1,16,7,16,25,0,0,0,1,1
39,390163,1,1,0,1,1,1,1,35,4870,16,3,2012,6,15,52,0,15,6,LANDER RD,,0,41.52365556,-81.46347778,0,8,0,0,1,1,0,1,1,1,0,1,0,0000000,15,54,15,56,16,3,0,0,0,1,0
39,390164,1,1,0,0,0,2,2,153,0,31,3,2012,7,2,32,0,13,3,SR-241,,73,41.01370833,-81.4635,0,40,0,0,1,1,0,4,2,1,0,1,0,0000000,2,36,2,40,3,3,0,0,0,1,1
39,390165,1,1,0,0,0,1,1,35,3670,8,2,2012,4,16,39,1,11,1,I-77,,67,41.37253056,-81.65213056,0,39,0,0,1,1,0,3,1,10,0,10,0,0000000,16,41,16,43,17,6,0,0,0,1,0
39,390166,1,1,0,0,0,1,1,151,0,9,2,2012,5,23,25,0,14,5,12TH ST,,44,40.810925,-81.42836667,0,30,0,0,1,1,0,4,2,1,0,1,0,0000000,23,26,23,34,88,88,0,0,0,1,1
39,390167,1,1,0,0,0,1,1,45,0,11,2,2012,7,9,0,0,3,3,SR-37 LANCASTER NEWARK RD N E,,7,39.92029722,-82.54878056,0,34,0,0,1,1,0,4,1,4,0,4,0,0000000,9,1,9,2,9,14,0,0,0,1,0
39,390168,1,1,0,0,0,1,1,141,0,11,2,2012,7,11,10,0,4,3,SR-41,,130,39.32895833,-83.35379722,0,35,0,0,1,1,0,4,1,10,0,10,0,0000000,11,14,99,99,88,88,0,0,0,1,0
39,390169,2,2,0,0,0,3,3,173,6490,11,2,2012,7,14,5,0,14,3,SR-25 N DIXIE HWY,REITZ RD,182,41.49279167,-83.64382222,0,12,6,0,2,2,0,1,1,4,0,4,0,0000000,14,3,14,17,99,99,0,0,0,1,0
39,390170,2,2,0,0,0,3,3,49,1800,12,2,2012,1,2,45,1,11,1,I-71,,251,40.06166667,-82.99777778,0,12,7,0,1,1,0,1,3,10,0,10,0,0000000,2,45,2,51,3,10,0,0,0,2,0
39,390171,1,1,0,0,0,3,3,155,0,13,2,2012,2,11,0,0,6,4,CR-108 KALE ADAMS RD,,6,41.19786944,-80.92555,0,17,0,0,1,1,0,4,1,1,0,1,0,0000000,11,4,11,7,11,27,0,0,0,2,0
39,390172,2,2,0,0,0,2,2,133,7875,14,2,2012,3,15,2,0,13,3,SR-14 CLEVE E LIVERPOOL RD,,63,41.20856944,-81.30253333,0,12,2,0,1,1,0,1,1,4,0,4,0,0000000,15,5,15,9,16,6,0,0,0,1,0
39,390173,1,1,0,0,0,2,2,51,0,14,2,2012,3,7,42,0,15,4,CR-D,,124,41.52969722,-84.141025,0,53,0,0,1,1,0,4,1,4,0,4,0,0000000,7,42,7,42,8,7,0,0,0,1,0
39,390174,1,1,0,0,0,1,1,131,550,15,2,2012,4,1,17,0,5,4,CR-66 GERMANY RD,,75,39.04965833,-82.93023611,0,42,0,0,1,1,0,4,2,10,0,10,0,0000000,88,88,88,88,88,88,0,0,0,1,0
39,390175,4,4,0,0,0,7,7,49,1800,14,2,2012,3,17,50,1,1,1,I-70,,156,39.95416667,-82.9775,0,12,7,0,1,1,0,1,5,2,0,2,0,0000000,18,6,18,14,18,26,0,0,0,1,0
39,390176,1,1,0,1,1,1,1,151,4390,16,2,2012,5,19,28,0,13,3,SR-44 N CHAPEL ST,,127,40.83713889,-81.25954722,0,8,0,0,1,1,0,1,3,2,0,2,0,0000000,99,99,99,99,99,99,0,0,0,1,0
39,390177,1,1,0,1,1,1,1,61,2470,16,2,2012,5,6,53,0,16,6,VINE ST,,0,39.18682778,-84.48818611,0,8,0,0,1,1,0,1,4,2,0,2,0,0000000,6,53,6,54,99,99,0,0,0,1,0
39,390178,1,1,0,0,0,1,1,173,0,16,2,2012,5,4,0,0,6,5,TR-90 MERCER RD,,35,41.43833333,-83.62861111,0,34,0,0,1,1,0,4,2,2,0,2,0,0000000,88,88,88,88,88,88,0,0,0,1,1
39,390179,1,1,0,0,0,1,1,161,0,4,4,2012,4,3,11,0,6,5,TR-58A,,0,40.77899167,-84.61184444,0,30,0,0,1,1,0,4,2,1,0,1,0,0000000,99,99,99,99,88,88,0,0,0,1,1
39,390180,1,1,0,0,0,1,1,135,0,7,4,2012,7,1,0,0,6,5,TR-355 KINSEY RD,,0,39.6582,-84.4918,0,24,0,0,1,1,0,4,2,1,0,1,0,0000000,88,88,88,88,88,88,0,0,0,1,1
39,390181,1,1,0,0,0,2,2,135,0,11,4,2012,4,19,46,0,4,3,SR-726,,31,39.82109444,-84.670325,0,30,0,0,1,1,0,4,1,1,0,1,0,0000000,20,8,20,15,20,50,0,0,0,1,0
39,390182,1,1,0,0,0,2,2,153,70,13,4,2012,6,21,34,0,16,6,HILBISH AVE,,0,41.04165556,-81.45395278,0,33,0,0,1,1,0,4,2,10,0,10,0,0000000,21,36,21,42,22,8,0,0,0,2,1
39,390183,2,2,0,0,0,2,2,119,0,13,4,2012,6,16,35,0,13,3,SR-60 S RIVER RD,SR-555 CENTER RD,146,39.91076667,-82.0013,0,12,6,0,2,3,0,1,1,1,0,1,0,0000000,16,36,16,41,16,58,0,0,0,1,1
39,390184,1,1,0,1,1,1,1,49,2780,16,4,2012,2,21,33,1,11,1,I-270,,379,39.98546944,-82.856825,0,8,0,0,1,1,0,1,2,1,0,1,0,0000000,21,33,21,38,22,15,0,0,0,1,0
39,390185,1,1,0,0,0,1,1,173,0,19,4,2012,5,8,18,0,6,5,TR-37 ROUNDHEAD RD,,0,41.25848056,-83.86267222,0,10,0,0,6,1,0,1,1,10,0,10,0,155765E,8,28,8,58,9,19,0,0,0,1,0
39,390186,2,2,0,1,1,2,2,61,1610,16,3,2012,6,7,15,0,16,6,LAFEUILLE AVE,WESTBROOK DR,0,39.13341667,-84.59075278,0,8,0,0,2,2,0,1,3,10,0,10,0,0000000,88,88,88,88,88,88,0,0,0,1,0
39,390187,1,1,0,0,0,4,4,139,1180,17,2,2012,6,3,2,0,4,4,CR-77 OLIVESBURG FITCHVILLE RD,,10,40.90115833,-82.23541944,0,35,0,0,1,1,0,4,2,1,0,1,0,0000000,3,14,3,32,4,5,0,0,0,1,1
39,390188,2,2,0,0,0,3,3,29,0,17,2,2012,6,21,4,0,4,4,CR-403 KNOX SCHOOL RD,TR-0800 HARTLEY RD,85,40.88691111,-81.03099167,0,12,6,0,2,2,0,1,2,10,0,10,0,0000000,21,31,21,40,22,52,0,0,0,1,1
39,390189,2,2,0,0,0,2,2,123,0,20,2,2012,2,15,29,1,2,3,SR-2,,113,41.58218889,-83.09324444,0,12,6,0,1,1,0,1,1,1,0,1,0,0000000,15,29,15,42,99,99,0,0,0,1,0
39,390190,2,2,0,0,0,5,5,119,0,20,2,2012,2,12,55,0,3,3,SR-60 FRAZEYSBURG RD,,270,40.06739722,-82.06097778,0,12,6,0,8,1,0,1,1,1,0,1,0,0000000,13,4,13,17,99,99,0,0,0,1,0
39,390191,2,2,0,0,0,3,3,153,70,22,2,2012,4,20,50,0,16,6,W WILBETH RD,,10,41.03931111,-81.55418333,0,12,2,0,1,1,0,1,3,10,0,10,0,0000000,20,55,21,1,21,34,0,0,0,2,1
39,390192,2,2,0,0,0,4,4,79,0,23,2,2012,5,11,12,1,2,2,US-35,CR-79 CLARY RD,181,38.99921111,-82.55336111,0,12,6,0,2,2,0,1,1,1,0,1,0,0000000,99,99,99,99,99,99,0,0,0,1,0
39,390193,2,2,0,0,0,4,4,165,0,24,2,2012,6,20,50,0,3,2,US-42,,175,39.50478889,-84.11813889,0,12,6,0,1,1,0,1,2,4,0,4,0,0000000,20,50,20,55,21,28,0,0,0,2,0
39,390194,2,2,0,0,0,4,4,157,0,25,2,2012,7,6,35,1,2,2,US-250,,249,40.40283056,-81.30289167,0,12,6,0,1,1,0,1,2,4,0,4,0,0000000,6,41,7,2,7,57,0,0,0,1,0
39,390196,1,1,0,0,0,2,2,43,7290,25,2,2012,7,3,23,0,14,4,CR-5 PERKINS AVE,,30,41.43264444,-82.67883056,0,42,0,0,1,1,0,4,3,10,0,10,0,0000000,3,23,3,28,3,49,0,0,0,2,1
39,390197,2,2,0,0,0,2,2,35,6360,27,2,2012,2,14,59,0,2,3,SR-176,,9,41.40707222,-81.69155833,0,1,0,0,4,1,0,1,1,1,0,1,0,0000000,14,59,15,3,15,19,0,0,0,1,0
39,390198,2,2,0,0,0,5,5,15,0,27,2,2012,2,20,5,0,2,3,SR-52,TR-26 STIEMAN RD,130,39.00333333,-83.78111111,0,12,6,0,2,2,0,1,2,1,0,1,0,0000000,20,6,20,20,20,38,0,0,0,1,0