STATE,ST_CASE,VE_TOTAL,VE_FORMS,PVH_INVL,PEDS,PERNOTMVIT,PERMVIT,PERSONS,COUNTY,CITY,DAY,MONTH,YEAR,DAY_WEEK,HOUR,MINUTE,NHS,ROAD_FNC,ROUTE,TWAY_ID,TWAY_ID2,MILEPT,LATITUDE,LONGITUD,SP_JUR,HARM_EV,MAN_COLL,RELJCT1,RELJCT2,TYP_INT,WRK_ZONE,REL_ROAD,LGT_COND,WEATHER1,WEATHER2,WEATHER,SCH_BUS,RAIL,NOT_HOUR,NOT_MIN,ARR_HOUR,ARR_MIN,HOSP_HR,HOSP_MN,CF1,CF2,CF3,FATALS,DRUNK_DR
39,390199,1,1,0,0,0,4,4,93,2480,27,2,2012,2,18,10,0,13,3,SR-2,,110,41.40424722,-82.14326389,0,35,0,0,1,1,0,4,5,1,0,1,0,0000000,18,14,18,25,19,4,0,0,0,1,0
39,390200,2,2,0,0,0,2,2,23,0,28,3,2012,4,17,40,0,14,3,SR-72,KINNANE ST,64,39.88900833,-83.81209167,0,12,6,0,2,3,0,1,1,10,0,10,0,0000000,17,40,17,47,99,99,0,0,0,1,0
39,390202,1,1,0,0,0,1,1,35,6000,23,4,2012,2,6,44,0,14,6,STEARNS RD,,0,41.40723333,-81.94344167,0,42,0,0,1,1,0,4,1,1,0,1,0,0000000,6,44,6,50,7,4,0,0,0,1,0
39,390203,1,1,0,1,1,1,1,61,0,23,4,2012,2,5,51,0,14,6,HARRISON AVE,,0,39.25435556,-84.79711667,0,8,0,0,1,1,0,1,2,1,0,1,0,0000000,88,88,88,88,88,88,0,0,0,1,0
39,390204,1,1,0,0,0,1,1,49,1800,25,4,2012,4,0,54,1,11,1,I-71 NORTH,,214,40.01740278,-82.99496389,0,33,0,0,1,1,0,4,3,1,0,1,0,0000000,0,57,1,1,1,39,0,0,0,1,1
39,390205,1,1,0,0,0,1,1,37,0,29,4,2012,1,6,17,0,6,4,CR-49 GRUBBS REX RD,,0,39.96241667,-84.48652222,0,34,0,0,1,1,0,4,9,99,0,99,0,0000000,88,88,88,88,88,88,0,0,0,1,1
39,390206,2,2,0,0,0,2,2,107,0,6,3,2012,3,12,19,0,4,3,SR-119,US-127,128,40.40725833,-84.57162778,0,12,6,0,2,2,0,1,1,1,0,1,0,0000000,12,29,12,33,13,2,0,0,0,1,0
39,390207,1,1,0,1,1,1,1,95,8120,13,3,2012,3,21,30,0,13,3,SR-25 GREENBELT PKWY,BUSH ST,108,41.66839167,-83.5241,0,9,0,0,2,3,0,1,3,1,0,1,0,0000000,21,31,21,38,21,51,0,0,0,1,0
39,390208,2,2,0,0,0,2,2,57,0,18,4,2012,4,16,29,0,6,6,CHARLESTON RD,,0,39.74147778,-83.68461667,0,12,1,0,4,1,0,1,1,1,0,1,0,0000000,16,29,16,33,99,99,0,0,0,1,0
39,390209,1,1,0,0,0,1,1,41,0,21,4,2012,7,3,30,0,6,4,CR-18 MILLER PAUL,,0,40.19447222,-82.82585,0,30,0,0,1,1,0,4,2,2,0,2,0,0000000,88,88,88,88,88,88,0,0,0,1,1
39,390210,1,1,0,0,0,1,1,95,8120,29,4,2012,1,2,17,0,13,3,SR-2 NAVARRE AVE,,204,41.63642778,-83.50758611,0,42,0,0,1,1,0,4,3,10,0,10,0,0000000,88,88,88,88,88,88,0,0,0,1,1
39,390211,1,1,0,0,0,1,1,25,8990,6,4,2012,6,15,30,0,2,3,SR-32,,150,39.06198889,-84.02143056,0,30,0,0,1,1,0,4,1,1,0,1,0,0000000,15,33,15,37,16,10,0,0,0,1,0
39,390212,1,1,0,0,0,1,1,69,0,8,4,2012,1,2,52,0,6,5,TR-3,,0,41.20901389,-83.91991944,0,10,0,0,6,1,0,1,2,10,0,10,0,115751W,2,59,3,31,4,27,0,0,0,1,1
39,390213,1,1,0,0,0,2,2,33,0,14,4,2012,7,15,19,0,6,5,TR-99 HIEBER RD,,0,40.87387778,-82.94071667,0,10,0,0,6,1,0,1,1,10,0,10,0,481576E,99,99,99,99,99,99,0,0,0,2,1
39,390214,1,1,0,0,0,1,1,115,0,23,4,2012,2,13,15,0,3,3,SR-78,,303,39.67903056,-81.6919,0,18,0,0,1,1,0,4,1,1,0,1,0,0000000,13,25,13,36,88,88,0,0,0,1,0
39,390215,1,1,0,0,0,1,1,67,0,27,4,2012,6,16,30,0,6,4,CR-15,,0,40.23686389,-80.94623889,0,24,0,0,1,1,0,4,1,1,0,1,0,0000000,16,33,16,39,16,58,0,0,0,1,1
39,390216,2,2,0,0,0,2,2,57,0,27,4,2012,6,17,40,1,13,2,US-35,TREBEIN RD,62,39.70062778,-83.99839444,0,12,6,0,2,2,0,1,1,10,0,10,0,0000000,17,41,18,5,99,99,0,0,0,1,0
39,390217,2,2,0,0,0,2,2,33,1130,27,4,2012,6,9,30,0,14,3,SR-19,,128,40.79540278,-82.95751389,0,12,2,0,1,1,0,1,1,1,0,1,0,0000000,99,99,99,99,99,99,0,0,0,1,0
39,390218,1,1,0,0,0,1,1,159,4800,10,5,2012,5,8,44,0,15,6,9TH STREET,PLUM STREET,0,40.23193333,-83.36611667,0,33,0,0,3,2,0,4,1,1,0,1,0,0000000,8,46,8,50,9,1,0,0,0,1,0
39,390220,1,1,0,1,1,1,1,93,7480,2,3,2012,6,20,30,0,14,3,SR-254 N RIDGE RD EAST,,1,41.41888889,-82.11726111,0,8,0,0,1,1,0,1,2,10,0,10,0,0000000,20,28,20,36,20,49,0,0,0,1,0
39,390221,2,2,0,1,1,3,3,113,4960,2,3,2012,6,2,40,1,1,1,I-75,,35,39.63636111,-84.23066111,0,8,0,0,1,1,0,1,3,1,0,1,0,0000000,2,41,2,56,3,9,0,0,0,1,0
39,390222,3,3,0,0,0,3,3,93,7493,2,3,2012,6,6,57,0,13,3,SR-611 COLORADO AVE,,68,41.46111944,-82.10151667,0,12,2,0,1,1,0,1,4,10,0,10,0,0000000,7,7,7,8,99,99,0,0,0,1,1
39,390223,2,2,0,0,0,6,6,173,0,2,3,2012,6,2,17,1,1,1,I-75,,191,41.43956111,-83.62023611,0,12,2,0,1,1,0,1,2,1,0,1,0,0000000,2,36,2,50,3,16,0,0,0,4,0
39,390224,2,2,0,0,0,2,2,107,0,16,4,2012,2,11,45,0,3,2,US-127,,78,40.46728611,-84.571725,0,12,8,0,1,1,0,1,1,1,0,1,0,0000000,88,88,88,88,88,88,0,0,0,1,0
39,390225,1,1,0,0,0,1,1,151,0,30,4,2012,2,10,25,0,4,6,PARIS AVE,,0,40.85408056,-81.19520556,0,35,0,0,1,1,0,4,1,10,0,10,0,0000000,10,26,10,35,11,16,0,0,0,1,0
39,390226,2,2,0,0,0,2,2,117,0,2,5,2012,4,5,30,0,4,3,SR-314,,17,40.36849444,-82.68988611,0,12,2,0,1,1,0,1,2,10,0,10,0,0000000,5,30,5,43,6,10,0,0,0,1,0
39,390227,1,1,0,0,0,1,1,137,0,3,5,2012,5,18,14,0,6,4,CR-M,,0,40.99112222,-84.28180556,0,32,0,0,1,1,0,4,1,1,0,1,0,0000000,18,14,18,22,20,12,0,0,0,1,1
39,390228,1,1,0,0,0,2,2,7,0,5,5,2012,7,1,39,0,13,3,SR-11,,275,41.88150278,-80.77260556,0,24,0,0,1,1,0,3,2,10,0,10,0,0000000,1,42,1,47,2,12,0,0,0,1,1
39,390229,2,2,0,0,0,3,3,139,0,5,5,2012,7,13,4,0,6,6,OSWALT RD,,0,40.87023056,-82.47906667,0,12,2,0,1,1,0,1,1,1,0,1,0,0000000,13,4,13,11,13,44,0,0,0,1,0
39,390230,2,1,1,0,0,2,2,3,4220,6,5,2012,1,2,56,0,16,6,GREENLAWN AVE,,0,40.72861944,-84.10846389,0,14,0,0,1,1,0,7,3,1,0,1,0,0000000,2,56,3,3,3,22,20,0,0,1,1
39,390231,1,1,0,0,0,1,1,79,0,6,5,2012,1,12,38,0,6,4,CR-46 ORPHEUS RD,,0,38.95308611,-82.47225556,0,38,0,0,1,1,0,4,1,1,0,1,0,0000000,88,88,88,88,88,88,0,0,0,1,1
39,390232,1,1,0,0,0,1,1,109,0,29,5,2012,3,14,55,0,4,3,SR-185,,12,40.26751111,-84.68307222,0,42,0,0,1,1,0,4,1,1,0,1,0,0000000,88,88,88,88,88,88,0,0,0,1,0
39,390234,2,2,0,0,0,6,6,95,7980,3,3,2012,7,23,42,1,13,2,US-20,,91,41.67570278,-83.69430278,0,12,6,0,1,1,0,1,3,1,0,1,0,0000000,23,43,23,52,0,28,0,0,0,1,0
39,390235,1,1,0,1,1,1,1,99,9230,4,3,2012,1,0,55,0,14,6,GLENWOOD AVE,CLEVELAND ST,75,41.08693611,-80.67248056,0,8,0,0,2,3,0,1,3,10,0,10,0,0000000,0,56,1,0,1,18,0,0,0,1,0
39,390236,1,1,0,0,0,1,1,113,2090,5,3,2012,2,5,0,1,13,2,US-35,,168,39.75443611,-84.15643889,0,25,0,0,1,1,0,3,3,4,0,4,0,0000000,5,1,5,8,5,48,0,0,0,1,0
39,390237,1,1,0,1,1,1,1,113,8180,6,3,2012,3,3,17,0,14,4,CR-26 SHILOH SPRINGS RD,,100,39.81983611,-84.25461667,0,8,0,0,1,1,0,1,2,1,0,1,0,0000000,3,18,3,24,99,99,0,0,0,1,0
39,390238,1,1,0,0,0,3,3,17,7099,6,3,2012,3,21,32,0,4,3,SR-128,,35,39.34739444,-84.61873333,0,30,0,0,1,1,0,4,3,1,0,1,0,0000000,21,55,22,7,22,26,0,0,0,1,1
39,390239,2,2,0,0,0,4,4,99,865,7,3,2012,4,14,49,0,13,2,US-224,SR-7,178,41.02434722,-80.66268333,0,12,6,0,2,2,0,1,1,1,0,1,0,0000000,14,53,14,58,15,24,0,0,0,1,0
39,390240,1,1,0,0,0,1,1,109,8100,7,3,2012,4,23,11,0,16,4,CR-155 W 3RD ST,,11,39.977125,-84.173,0,42,0,0,1,1,0,4,3,1,0,1,0,0000000,23,8,23,14,99,99,0,0,0,1,1
39,390241,2,2,0,0,0,2,2,169,9140,7,3,2012,4,6,43,1,12,2,US-30,,112,40.79406111,-81.91938056,0,12,1,1,5,1,0,1,4,10,0,10,0,0000000,6,46,6,50,88,88,0,0,0,1,0
39,390242,2,2,0,0,0,2,2,141,0,7,3,2012,4,4,27,0,4,3,SR-207,,19,39.40261944,-83.0003,0,12,2,0,1,1,0,1,3,1,0,1,0,0000000,4,33,4,40,99,99,0,0,0,2,0
39,390243,1,1,0,0,0,1,1,93,3980,9,3,2012,6,21,47,0,14,4,CR-27 NICKLE PLATE DIAGONAL RD,,40,41.24793056,-82.15767778,0,53,0,0,1,1,0,4,2,10,0,10,0,0000000,21,51,22,2,88,88,0,0,0,1,1
39,390244,1,1,0,0,0,2,2,49,1800,10,3,2012,7,1,50,1,11,1,I-270,,106,40.00277778,-83.11888889,0,24,0,0,1,1,0,4,3,1,0,1,0,0000000,1,49,1,55,2,25,0,0,0,1,0
39,390245,2,2,0,0,0,3,3,95,8120,12,3,2012,2,3,6,1,11,1,I-75,,37,41.66361111,-83.56385556,0,12,2,0,1,1,0,1,3,10,0,10,0,0000000,3,7,3,12,99,99,0,0,0,2,1
39,390246,2,2,0,0,0,2,2,107,0,24,4,2012,3,14,7,0,13,3,SR-29,,99,40.54540833,-84.61398056,0,12,8,0,1,1,0,1,1,1,0,1,0,0000000,14,9,14,14,14,38,0,0,0,1,0
39,390247,2,1,1,0,0,3,3,7,330,12,5,2012,7,13,55,0,16,6,WALNUT BLVD,,0,41.90128056,-80.79983889,0,14,0,0,1,1,0,7,1,10,0,10,0,0000000,13,55,14,0,15,16,0,0,0,1,0
39,390248,1,1,0,0,0,3,3,49,0,21,5,2012,2,17,19,0,15,6,OBETZ RD,CLABBER RD,0,39.87836111,-82.97938611,0,5,0,0,2,3,0,1,1,10,0,10,0,0000000,17,19,17,19,18,55,0,0,0,1,0
39,390249,1,1,0,0,0,1,1,113,2090,7,4,2012,7,10,42,0,15,6,KITRIDGE RD,,0,39.823925,-84.09676389,0,18,0,0,1,1,0,1,1,1,0,1,0,0000000,88,88,88,88,88,88,0,0,0,1,1
39,390251,1,1,0,0,0,1,1,95,8120,15,5,2012,3,23,55,0,14,6,CRABB RD,US-24 TELEGRAPH RD,0,41.7119,-83.546925,0,33,0,0,2,3,0,4,3,1,0,1,0,0000000,99,99,99,99,99,99,0,0,0,1,1
39,390252,2,2,0,0,0,3,3,71,0,16,5,2012,4,15,21,0,3,3,SR-73,,64,39.24459722,-83.65054167,0,12,6,0,1,1,0,1,1,1,0,1,0,0000000,15,23,15,28,16,0,0,0,0,2,0
39,390253,1,1,0,0,0,2,2,37,0,28,5,2012,2,16,40,0,5,4,CR-16 HOLLANSBURG RICHMOND RD,TR-358 TILSON RD,0,39.98615556,-84.80116111,0,1,0,0,2,3,0,1,1,1,0,1,0,0000000,16,42,16,51,17,30,0,0,0,1,0
39,390254,2,2,0,0,0,5,5,29,0,13,3,2012,3,13,57,0,15,3,SR-165 N MARTEK ST,,41,40.85055556,-80.545,0,12,2,0,1,1,0,1,1,1,0,1,0,0000000,13,59,14,4,99,99,0,0,0,1,0
39,390255,2,2,0,0,0,3,3,141,0,14,3,2012,4,9,45,0,6,4,CR-11,TR-0236,10,39.40765278,-82.97459722,0,12,1,0,3,1,0,1,1,1,0,1,0,0000000,9,46,9,56,88,88,0,0,0,2,0
39,390256,4,3,1,0,0,4,4,113,2090,14,3,2012,4,3,45,1,2,2,US-35,LISCUM DR,117,39.73771111,-84.26829167,0,12,6,0,2,2,0,1,3,1,0,1,0,0000000,3,45,3,50,4,9,0,0,0,1,1
39,390257,1,1,0,1,1,1,1,155,8740,15,3,2012,5,12,15,0,3,3,SR-88 E MAIN ST,,17,41.39051944,-80.97085278,0,8,0,0,1,1,0,1,1,10,0,10,0,0000000,88,88,88,88,88,88,0,0,0,1,0
39,390258,1,1,0,1,1,1,1,13,0,16,3,2012,6,15,34,0,4,3,SR-331 BANNOCK UNIONTOWN RD,,117,40.11478611,-80.97989722,0,8,0,0,1,1,0,1,1,10,0,10,0,0000000,15,38,15,48,16,26,0,0,0,1,0
39,390259,2,2,0,0,0,2,2,35,1680,16,3,2012,6,2,9,0,3,4,CR-9 ST CLAIR AVE,EDDY RD,61,41.54138056,-81.60104444,0,12,6,0,2,2,0,1,3,10,0,10,0,0000000,2,9,2,14,99,99,0,0,0,1,1
39,390260,1,1,0,1,1,2,2,155,8530,17,3,2012,7,0,30,0,6,6,RIVERVIEW ST N W,,3,41.24583333,-80.08361111,0,8,0,0,1,1,0,1,3,10,0,10,0,0000000,0,34,0,41,1,3,0,0,0,1,1
39,390262,3,3,0,0,0,11,11,61,1610,13,5,2012,1,16,55,0,14,6,W NORTH BEND RD,,0,39.19691944,-84.56601944,0,12,7,0,1,1,0,1,1,2,0,2,0,0000000,16,57,17,3,17,31,0,0,0,1,0
39,390263,1,1,0,1,1,2,2,23,7800,17,3,2012,7,21,46,0,16,6,E NATIONAL RD,,164,39.92305556,-83.74472222,0,8,0,0,1,1,0,1,2,10,0,10,0,0000000,88,88,88,88,88,88,0,0,0,1,1
39,390264,1,1,0,0,0,2,2,49,1800,18,3,2012,1,14,15,0,14,6,HILLIARD-ROME RD,,117,39.9807,-83.15064444,0,30,0,0,1,1,0,5,1,1,0,1,0,0000000,14,12,14,15,14,36,0,0,0,1,0
39,390265,1,1,0,1,1,1,1,61,0,18,3,2012,1,5,45,0,3,2,US-50 WOOSTER PIKE,,338,39.15036111,-84.32711944,0,8,0,0,1,1,0,2,2,10,0,10,0,0000000,88,88,88,88,88,88,0,0,0,1,0
39,390266,2,2,0,0,0,5,5,165,0,19,3,2012,2,15,45,0,4,3,SR-122 CR-230,,12,39.4875,-84.22083333,0,12,2,0,1,1,0,1,1,1,0,1,0,0000000,15,45,15,50,16,36,0,0,0,1,0
39,390267,2,2,0,0,0,2,2,171,0,19,3,2012,2,12,30,0,2,3,SR-15,,132,41.51041111,-84.55561111,0,12,6,0,4,1,0,1,1,1,0,1,0,0000000,12,30,12,32,12,49,0,0,0,1,1
39,390269,3,3,0,0,0,3,3,61,0,20,3,2012,3,14,4,0,2,3,SR-264 GLENWAY AVE,,87,39.14734444,-84.62648333,0,12,6,0,4,1,0,1,1,1,0,1,0,0000000,14,5,14,10,14,26,14,0,0,1,0
39,390270,1,1,0,1,1,1,1,141,0,20,3,2012,3,8,31,0,4,3,SR-104 S BRIDGE ST,TR-0187 LUNBECK RD,94,39.298375,-82.95398611,0,9,0,0,2,3,0,1,1,1,0,1,0,0000000,8,32,8,44,88,88,0,0,0,1,0
39,390271,1,1,0,1,1,1,1,61,1610,21,3,2012,4,18,20,0,15,4,CR-717 FAIRBANKS AVE,,11,39.10864444,-84.56847222,0,8,0,0,1,1,0,1,1,1,0,1,0,0000000,18,22,18,26,99,99,0,0,0,1,0
39,390272,1,1,0,0,0,3,3,171,0,21,3,2012,4,22,6,0,6,4,CR-13,,110,41.612075,-84.574325,0,32,0,0,1,1,0,4,2,1,0,1,0,0000000,22,8,22,17,22,51,0,0,0,1,1
39,390273,2,2,0,0,0,2,2,99,865,21,3,2012,4,16,30,0,3,4,CR-151 SOUTH AVE,CR-76 MCCLURG RD,6,40.995075,-80.63392778,0,12,6,0,2,2,0,1,1,1,0,1,0,0000000,16,30,16,99,16,53,0,0,0,1,0
39,390274,2,2,0,0,0,4,4,153,880,23,3,2012,6,12,24,0,15,3,SR-303,,100,41.23251111,-81.51727778,0,32,0,0,1,1,0,5,1,1,0,1,0,0000000,12,26,12,38,13,12,0,0,0,1,0
39,390275,1,1,0,0,0,1,1,31,0,25,3,2012,1,20,26,0,6,5,TR-162,,4,40.24777778,-81.80805556,0,42,0,0,1,1,0,4,2,10,0,10,0,0000000,20,31,20,35,88,88,0,0,0,1,1
39,390276,1,1,0,0,0,1,1,85,9010,21,4,2012,7,2,39,1,12,3,SR-2,,40,41.64241389,-81.42558056,0,25,0,0,1,1,0,8,3,2,0,2,0,0000000,2,41,2,46,3,1,0,0,0,1,1
39,390277,3,3,0,0,0,3,3,31,0,29,4,2012,1,16,28,0,5,3,SR-751,,83,40.33379722,-81.64585556,0,12,2,0,1,1,0,1,1,1,0,1,0,0000000,16,33,16,47,17,30,0,0,0,1,0
39,390278,2,2,0,0,0,2,2,17,0,2,5,2012,4,6,58,0,4,3,SR-177,HARRIS RD,114,39.52320556,-84.67111944,0,12,6,0,2,2,0,1,4,10,0,10,0,0000000,7,28,7,38,8,5,0,0,0,1,0
39,390279,1,1,0,0,0,2,2,123,0,4,5,2012,6,1,50,0,13,3,SR-163,,283,41.51844444,-82.88441944,0,34,0,0,1,1,0,4,3,1,0,1,0,0000000,1,55,1,59,3,33,0,0,0,1,1
39,390280,1,1,0,0,0,1,1,157,0,6,5,2012,1,14,45,0,5,4,CR-24,,0,40.43595,-81.46501111,0,1,0,0,1,1,0,4,1,1,0,1,0,0000000,14,45,14,53,99,99,0,0,0,1,0
39,390281,2,2,0,0,0,2,2,93,0,10,5,2012,5,7,7,0,4,3,SR-57,SR-303,28,41.23692778,-82.02331944,0,12,6,0,2,2,0,1,1,1,0,1,0,0000000,7,9,7,18,88,88,0,0,0,1,0
39,390282,2,2,0,0,0,5,5,31,0,12,5,2012,7,14,7,0,3,2,US-36,,47,40.34171389,-82.10632778,0,12,8,0,1,1,0,1,1,1,0,1,0,0000000,99,99,99,99,99,99,0,0,0,1,1
39,390283,1,1,0,0,0,3,3,133,7875,16,5,2012,4,9,50,1,11,1,I-80,,16,41.25550833,-81.37405278,0,52,0,0,1,1,0,4,1,10,0,10,0,0000000,10,5,10,13,99,99,0,0,0,1,0
39,390284,1,1,0,0,0,2,2,103,0,16,5,2012,4,1,15,0,5,4,CR-42 GRAFTON RD,,0,41.26051944,-81.9571,0,34,0,0,1,1,0,4,2,1,0,1,0,0000000,1,20,1,24,2,44,0,0,0,1,1
39,390285,1,1,0,0,0,2,2,69,0,19,5,2012,7,1,56,0,6,4,CR-E,,0,41.22496111,-84.04571944,0,1,0,0,1,1,0,4,2,1,0,1,0,0000000,1,56,2,5,2,40,0,0,0,1,1
39,390286,2,2,0,0,0,2,2,11,0,22,5,2012,3,10,20,0,4,3,SR-117 SPENCERVILLE RD,KEMP RD,97,40.71448333,-84.22299722,0,12,6,0,2,2,0,1,1,1,0,1,0,0000000,88,88,88,88,88,88,0,0,0,1,0
39,390287,1,1,0,0,0,1,1,51,0,24,5,2012,5,0,13,0,6,4,CR-B,,0,41.50149722,-83.9973,0,34,0,0,1,1,0,4,2,1,0,1,0,0000000,0,22,0,38,1,6,0,0,0,1,1
39,390288,1,1,0,1,1,5,5,45,4050,29,5,2012,3,21,56,0,15,6,N MEMORIAL DR,,0,39.71813333,-82.60692222,0,8,0,0,1,1,0,1,2,1,0,1,0,0000000,21,57,21,59,22,11,0,0,0,1,0
39,390289,2,2,0,0,0,2,2,37,0,28,3,2012,4,10,30,1,2,3,SR-49,,135,40.06286944,-84.61443056,0,12,8,0,1,1,0,1,1,1,0,1,0,0000000,88,88,88,88,88,88,0,0,0,1,0
39,390290,1,1,0,1,1,1,1,99,0,29,3,2012,5,6,59,0,4,4,CR-32 W WESTERN RESERVE RD,,6,40.98775,-80.9949,0,9,0,0,1,1,0,1,1,10,0,10,0,0000000,7,1,7,31,88,88,0,0,0,1,0
39,390292,1,1,0,0,0,1,1,109,0,29,3,2012,5,18,20,0,15,3,SR-66,,17,40.169775,-84.25749444,0,34,0,0,1,1,0,4,1,10,0,10,0,0000000,99,99,99,99,99,99,0,0,0,1,0
39,390293,3,3,0,0,0,4,4,153,3139,18,5,2012,6,20,27,1,11,1,I-77,,25,40.940275,-81.44244444,0,12,1,0,1,1,0,1,1,1,0,1,0,0000000,20,32,20,36,21,10,0,0,0,1,1
39,390294,1,1,0,0,0,1,1,103,8470,19,5,2012,7,0,52,0,14,3,SR-94,,45,41.05528056,-81.735775,0,33,0,0,1,1,0,4,3,1,0,1,0,0000000,88,88,88,88,88,88,0,0,0,1,1
39,390295,1,1,0,0,0,1,1,67,0,21,5,2012,2,12,30,0,4,3,SR-151,,64,40.42859722,-81.16538333,0,30,0,0,1,1,0,4,1,1,0,1,0,0000000,12,37,12,45,13,14,0,0,0,1,0
39,390296,2,2,0,0,0,5,5,41,0,26,5,2012,7,20,41,0,3,2,US-42,SHOEMAKER RD,168,40.38550556,-82.97068333,0,12,6,0,2,2,0,1,1,1,0,1,0,0000000,20,42,20,47,99,99,0,0,0,1,0
39,390297,1,1,0,0,0,2,2,105,0,27,5,2012,1,15,58,0,4,3,SR-681,,3,39.19726111,-82.15654444,0,34,0,0,1,1,0,4,1,1,0,1,0,0000000,15,58,16,17,16,38,0,0,0,1,1
39,390298,5,5,0,0,0,7,7,31,0,1,5,2012,3,20,58,0,13,2,US-36,,164,40.30287222,-81.91211944,0,12,2,0,1,1,0,1,2,2,0,2,0,0000000,20,58,21,6,21,42,0,0,0,1,1
39,390299,1,1,0,0,0,1,1,93,6025,2,6,2012,7,7,4,0,14,6,LORAIN RD,,0,41.38451111,-81.97793333,0,42,0,0,1,1,0,4,1,1,0,1,0,0000000,7,6,7,12,7,33,0,0,0,1,1
39,390300,3,1,2,0,0,1,1,113,2090,20,5,2012,1,1,30,0,15,6,XENIA AVE,,0,39.75285278,-84.16169722,0,14,0,0,1,1,0,7,3,1,0,1,0,0000000,1,30,1,37,2,2,0,0,0,1,1
39,390301,1,1,0,0,0,1,1,153,6065,25,5,2012,6,20,18,1,11,1,I-76,,42,41.04062222,-81.61279167,0,57,0,0,1,1,0,3,5,1,0,1,0,0000000,20,18,20,24,20,44,0,0,0,1,0
39,390302,1,1,0,0,0,1,1,69,0,30,3,2012,6,3,43,0,5,5,TR-13,,10,41.45759444,-84.114775,0,53,0,0,1,1,0,5,2,1,0,1,0,0000000,3,43,3,59,88,88,0,0,0,1,1
39,390303,2,2,0,0,0,5,5,107,0,31,3,2012,7,20,17,0,4,2,US-127,,74,40.465,-84.57111111,0,12,2,0,1,1,0,1,2,1,0,1,0,0000000,20,21,20,21,21,8,0,0,0,5,0
39,390304,1,1,0,0,0,1,1,153,70,18,5,2012,6,0,41,0,14,6,EAST AVE,,0,41.07144444,-81.54755833,0,43,0,0,1,1,0,4,3,10,0,10,0,0000000,88,88,88,88,88,88,0,0,0,1,1
39,390305,2,2,0,0,0,2,2,139,0,3,6,2012,1,16,55,0,3,3,SR-309,HORNING RD,16,40.75825,-82.69809444,0,12,7,0,2,2,0,1,1,1,0,1,0,0000000,16,57,17,1,17,26,0,0,0,1,0
39,390306,2,2,0,0,0,2,2,123,0,31,5,2012,5,12,44,1,2,3,SR-2,,39,41.60384444,-83.20796111,0,12,2,0,1,1,0,1,1,10,0,10,0,0000000,88,88,88,88,88,88,0,0,0,2,0
39,390307,2,2,0,0,0,3,3,123,0,28,5,2012,2,13,56,0,4,3,SR-579,,70,41.60373056,-83.27952222,0,12,1,0,1,1,0,1,1,1,0,1,0,0000000,13,59,14,3,14,37,0,0,0,1,0
39,390308,2,2,0,0,0,4,4,169,0,20,5,2012,1,14,5,0,6,5,TR-105 NW LEBANON RD,,0,40.81437222,-81.66829167,0,1,0,0,1,1,0,1,1,1,0,1,0,0000000,14,16,14,21,14,50,0,0,0,1,0
39,390309,2,2,0,0,0,2,2,93,0,13,5,2012,1,1,17,0,14,3,SR-82,,46,41.31365833,-81.98086389,0,12,1,0,1,1,0,1,2,10,0,10,0,0000000,88,88,88,88,88,88,0,0,0,1,2
39,390310,1,1,0,0,0,1,1,113,0,13,6,2012,4,7,3,0,6,6,SWEET POTATO RIDGE RD,,0,39.889,-84.46921944,0,42,0,0,1,1,0,4,1,1,0,1,0,0000000,99,99,99,99,99,99,0,0,0,1,0
39,390312,1,1,0,0,0,4,4,135,0,1,4,2012,1,6,50,1,11,1,I-70,,16,39.82829444,-84.78261389,0,35,0,1,5,1,0,4,4,1,0,1,0,0000000,6,55,7,5,99,99,0,0,0,1,0
39,390313,2,2,0,0,0,2,2,37,0,3,4,2012,3,10,40,0,3,2,US-127,ARCANUM HOLLANSBURG RD,51,39.990025,-84.63176667,0,12,6,0,2,2,0,1,1,1,0,1,0,0000000,10,45,10,49,11,48,0,0,0,1,0
39,390314,1,1,0,0,0,1,1,133,2460,3,4,2012,3,21,47,0,6,4,CR-120 CABEL LINE RD,,9,41.13416111,-81.17201389,0,24,0,0,1,1,0,5,2,10,0,10,0,0000000,21,48,21,57,88,88,20,0,0,1,1
39,390315,1,1,0,1,1,1,1,51,0,4,4,2012,4,20,45,0,6,4,CR-F,,29,41.55783333,-84.29908333,0,8,0,0,1,1,0,1,2,1,0,1,0,0000000,20,48,20,53,88,88,0,0,0,1,0
39,390316,2,2,0,0,0,3,3,145,0,5,4,2012,5,18,5,0,4,3,SR-73,,112,38.83241944,-83.15351111,0,12,2,0,1,1,0,1,1,10,0,10,0,0000000,99,99,99,99,99,99,0,0,0,1,0
39,390317,1,1,0,1,1,1,1,113,0,5,4,2012,5,0,14,0,2,4,CR-74 NEEDMORE RD,TR-1295 SCHOOL DR,133,39.81945278,-84.19630833,0,8,0,0,2,2,0,1,2,10,0,10,0,0000000,0,14,0,16,1,3,0,0,0,1,0
39,390318,2,2,0,0,0,4,4,51,0,6,4,2012,6,19,38,1,2,2,US-20,CR-02,269,41.67204444,-83.89820833,0,12,8,0,2,2,0,1,1,1,0,1,0,0000000,19,38,19,43,20,42,0,0,0,1,0
39,390319,2,2,0,0,0,3,3,97,0,7,4,2012,7,15,4,0,4,3,SR-142,GREGG RD,61,39.92159722,-83.34459167,0,12,6,0,2,3,0,1,1,10,0,10,0,0000000,15,7,15,13,88,88,0,0,0,2,1
39,390320,1,1,0,0,0,1,1,61,0,8,4,2012,1,20,4,1,2,1,I-74,,80,39.20652778,-84.71108333,0,24,0,1,5,1,0,4,1,1,0,1,0,0000000,20,5,20,12,21,5,0,0,0,1,0