STATE,ST_CASE,VE_TOTAL,VE_FORMS,PVH_INVL,PEDS,PERNOTMVIT,PERMVIT,PERSONS,COUNTY,CITY,DAY,MONTH,YEAR,DAY_WEEK,HOUR,MINUTE,NHS,ROAD_FNC,ROUTE,TWAY_ID,TWAY_ID2,MILEPT,LATITUDE,LONGITUD,SP_JUR,HARM_EV,MAN_COLL,RELJCT1,RELJCT2,TYP_INT,WRK_ZONE,REL_ROAD,LGT_COND,WEATHER1,WEATHER2,WEATHER,SCH_BUS,RAIL,NOT_HOUR,NOT_MIN,ARR_HOUR,ARR_MIN,HOSP_HR,HOSP_MN,CF1,CF2,CF3,FATALS,DRUNK_DR
39,390321,2,2,0,0,0,3,3,25,8990,9,4,2012,2,15,7,0,2,3,SR-32,DE LA PALMA RD,154,39.06314722,-84.03220556,0,12,6,0,2,2,0,1,1,1,0,1,0,0000000,15,10,15,22,15,44,0,0,0,2,0
39,390322,2,2,0,0,0,2,2,49,1800,28,5,2012,2,22,33,0,14,6,KARL RD,,0,40.07408611,-82.97622222,0,12,6,0,4,1,0,1,3,1,0,1,0,0000000,22,33,22,36,22,59,0,0,0,1,1
39,390323,1,1,0,0,0,1,1,123,0,31,5,2012,5,10,40,0,4,3,SR-163,,327,41.53077778,-82.81348889,0,32,0,0,1,1,0,4,1,1,0,1,0,0000000,11,5,11,22,12,10,0,0,0,1,0
39,390324,1,1,0,1,1,2,2,93,0,2,6,2012,7,0,22,0,13,3,SR-58,,189,41.33641944,-82.21603889,0,8,0,0,1,1,0,1,2,10,0,10,0,0000000,0,22,0,28,99,99,0,0,0,1,0
39,390325,2,2,0,0,0,2,2,49,1800,3,6,2012,1,18,44,0,14,6,KARL RD,,0,40.07008333,-82.97655,0,12,2,0,1,1,0,1,1,1,0,1,0,0000000,18,44,18,47,19,16,0,0,0,1,0
39,390326,2,2,0,0,0,3,3,45,130,8,6,2012,6,13,50,0,4,3,SR-674,SR-188,0,39.67601667,-82.83519444,0,12,6,0,2,2,0,1,1,1,0,1,0,0000000,14,7,14,20,14,57,0,0,0,1,0
39,390327,2,2,0,0,0,3,3,5,0,9,6,2012,7,10,53,0,4,3,SR-39,,4,40.70116667,-82.33350833,0,12,8,0,1,1,0,1,1,1,0,1,0,0000000,10,54,11,3,88,88,0,0,0,1,0
39,390328,1,1,0,0,0,2,2,43,0,10,6,2012,1,19,11,0,15,5,TR-110 CAMPBELL ST,,0,41.40103056,-82.70615278,0,50,0,0,1,1,0,4,1,1,0,1,0,0000000,19,23,19,41,20,31,0,0,0,1,1
39,390329,2,2,0,0,0,3,3,5,0,10,6,2012,1,10,49,0,4,3,SR-302,CR-601,68,40.92313333,-82.24324722,0,12,6,0,2,2,0,1,1,1,0,1,0,0000000,99,99,99,99,99,99,0,0,0,1,0
39,390330,1,1,0,0,0,1,1,49,1800,15,6,2012,6,0,2,1,11,1,I-71,,219,40.02401944,-82.99468056,0,21,0,0,1,1,0,4,3,1,0,1,0,0000000,88,88,88,88,88,88,0,0,0,1,1
39,390331,1,1,0,0,0,1,1,49,1800,25,6,2012,2,13,54,1,11,1,I-270,,273,40.10571944,-82.95007778,0,24,0,1,5,1,0,4,1,1,0,1,0,0000000,13,57,14,7,14,18,0,0,0,1,1
39,390333,1,1,0,0,0,1,1,155,0,7,6,2012,5,18,54,0,15,4,CR-56 NILES VIENNA RD,,0,41.20564167,-80.70784722,0,24,0,0,1,1,0,4,1,1,0,1,0,0000000,18,55,18,59,19,18,0,0,0,1,0
39,390334,2,2,0,0,0,3,3,67,0,14,6,2012,5,2,50,0,2,2,US-22,,49,40.19790556,-81.17317222,0,12,2,0,1,1,0,1,3,1,0,1,0,0000000,3,1,3,17,6,50,0,0,0,1,0
39,390335,1,1,0,0,0,1,1,95,0,14,6,2012,5,15,42,0,4,6,PROVIDENCE NEAPOLIS SWANTON RD,,0,41.51568056,-83.87526389,0,1,0,0,1,1,0,4,1,1,0,1,0,0000000,15,47,16,1,16,33,0,0,0,1,1
39,390336,1,1,0,1,1,2,2,73,4090,15,6,2012,6,21,35,0,6,6,PIKE ST,,0,39.47236389,-82.73837778,0,8,0,0,1,1,0,1,3,1,0,1,0,0000000,21,37,21,38,22,20,0,0,0,1,0
39,390337,1,1,0,0,0,1,1,147,0,16,6,2012,7,3,0,0,6,5,TR-56,,0,41.03613056,-83.40395278,0,59,0,0,1,1,0,4,2,1,0,1,0,0000000,88,88,88,88,88,88,0,0,0,1,1
39,390338,2,2,0,0,0,7,7,7,0,17,6,2012,1,12,29,0,14,3,SR-84,,118,41.84680833,-80.80315556,0,12,2,0,1,1,0,1,1,1,0,1,0,0000000,12,31,12,37,13,15,0,0,0,2,0
39,390339,1,1,0,0,0,2,2,45,0,18,6,2012,2,17,0,0,5,4,CR-17 PLEASANTVILLE RD,,0,39.80425833,-82.40473333,0,32,0,0,1,1,0,4,1,1,0,1,0,0000000,88,88,88,88,88,88,0,0,0,2,1
39,390340,2,2,0,0,0,2,2,45,0,20,6,2012,4,15,0,0,4,3,SR-159,,53,39.62855833,-82.7392,0,12,2,0,1,1,0,1,1,1,0,1,0,0000000,15,11,15,24,15,58,0,0,0,1,0
39,390341,1,1,0,0,0,1,1,27,0,23,6,2012,7,3,5,0,4,3,SR-350,,118,39.35502222,-83.79414167,0,42,0,0,1,1,0,4,2,1,0,1,0,0000000,88,88,88,88,88,88,0,0,0,1,1
39,390342,1,1,0,0,0,3,3,139,0,24,6,2012,1,16,45,0,14,3,SR-314,,33,40.75745556,-82.66038056,0,32,0,0,1,1,0,4,1,1,0,1,0,0000000,16,46,16,48,17,17,0,0,0,2,1
39,390343,1,1,0,0,0,1,1,61,7795,12,5,2012,7,22,55,1,11,1,I-275,,245,39.29470833,-84.46438611,0,1,0,1,5,1,0,1,3,10,0,10,0,0000000,22,56,23,1,23,29,0,0,0,1,0
39,390344,1,1,0,0,0,1,1,155,8530,26,5,2012,7,16,47,0,16,6,ADELAIDE AVE,,0,41.22993333,-80.79187222,0,59,0,0,1,1,0,4,1,1,0,1,0,0000000,16,52,16,54,88,88,0,0,0,1,0
39,390345,2,2,0,0,0,3,3,95,8120,7,6,2012,5,3,7,0,14,2,US-24 N DETROIT AVE,MONROE ST,256,41.66470833,-83.570225,0,12,6,0,2,2,0,1,3,1,0,1,0,0000000,99,99,99,99,99,99,0,0,0,1,0
39,390346,1,1,0,0,0,1,1,3,0,1,7,2012,1,3,9,0,6,6,N PHILLIPS RD,,0,40.86405278,-83.93795,0,18,0,0,1,1,0,1,2,1,0,1,0,0000000,88,88,88,88,88,88,0,0,0,1,1
39,390347,1,1,0,0,0,1,1,161,0,11,4,2012,4,5,25,0,3,2,US-127,,46,40.79465278,-84.58101111,0,32,0,0,1,1,0,4,2,1,0,1,0,0000000,88,88,88,88,88,88,0,0,0,1,0
39,390348,2,2,0,0,0,5,5,133,7906,11,4,2012,4,6,0,0,3,2,US-24,SR-43,24,41.02719722,-81.34693056,0,12,6,0,2,2,0,1,3,4,0,4,0,0000000,6,4,6,6,99,99,0,0,0,1,0
39,390349,2,2,0,0,0,4,4,29,0,12,4,2012,5,17,35,0,3,3,SR-7,,216,40.80190278,-80.63265556,0,12,8,0,1,1,0,1,1,10,0,10,0,0000000,17,59,18,6,18,29,0,0,0,1,1
39,390350,1,1,0,0,0,2,2,7,2870,13,4,2012,6,2,27,0,16,5,TR-209,,21,41.82769722,-80.93691944,0,53,0,0,1,1,0,4,2,1,0,1,0,0000000,2,37,2,42,3,5,0,0,0,2,1
39,390351,1,1,0,0,0,1,1,111,0,15,4,2012,1,16,15,0,5,3,SR-255,,156,39.65232778,-80.92292222,0,35,0,0,1,1,0,4,1,1,0,1,0,0000000,16,5,16,11,88,88,0,0,0,1,0
39,390352,1,1,0,0,0,2,2,41,0,17,4,2012,3,10,51,0,16,6,MILL RUN CROSSING,,0,40.239825,-82.87585278,0,33,0,0,1,1,0,5,1,1,0,1,0,0000000,10,52,10,56,11,21,0,0,0,1,0
39,390353,1,1,0,0,0,3,3,169,0,18,4,2012,4,14,46,0,6,5,TR-119,,36,40.83684167,-81.70107778,0,17,0,0,1,1,0,4,1,1,0,1,0,0000000,14,49,14,56,15,17,0,0,0,1,0
39,390354,2,2,0,0,0,4,4,113,2090,18,4,2012,4,15,45,0,3,4,CR-539 RIVERSIDE DR,RIDGE AVE,10,39.78233889,-84.20310556,0,12,6,0,2,2,0,1,1,1,0,1,0,0000000,15,46,15,58,16,1,0,0,0,1,0
39,390355,1,1,0,0,0,1,1,61,1610,13,7,2012,6,20,40,0,13,6,COLUMBIA PARKWAY,,0,39.11580278,-84.4368,0,40,0,0,1,1,0,4,1,1,0,1,0,0000000,20,44,20,50,21,11,0,0,0,1,1
39,390356,1,1,0,0,0,1,1,151,110,3,7,2012,3,18,28,0,6,6,S MAHONING AVE,,0,40.91362222,-81.08666944,0,19,0,0,1,1,0,5,1,1,0,1,0,0000000,18,42,19,7,19,45,0,0,0,1,1
39,390357,3,3,0,0,0,3,3,69,0,23,6,2012,7,4,20,1,2,2,US-24,,9,41.41945,-83.89635,0,12,8,0,1,1,0,1,2,1,0,1,0,0000000,4,34,4,58,5,25,0,0,0,1,1
39,390358,1,1,0,1,1,1,1,153,6065,13,6,2012,4,22,57,1,12,3,SR-21,EASTERN RD,0,40.98885278,-81.66361667,0,8,0,0,3,2,0,1,2,1,0,1,0,0000000,88,88,88,88,88,88,0,0,0,1,0
39,390359,2,2,0,0,0,3,3,23,7800,1,4,2012,1,9,40,0,14,4,CR-508 E HIGH ST,,29,39.92138889,-83.77888889,0,12,2,0,1,1,0,1,1,1,0,1,0,0000000,9,41,9,42,10,3,0,0,0,1,0
39,390360,2,2,0,0,0,7,7,153,70,19,4,2012,5,3,21,0,14,4,CR-634 W CEDAR ST,WABASH AVE,6,41.07870833,-81.53018056,0,12,6,0,2,2,0,1,2,1,0,1,0,0000000,3,22,3,27,99,99,1,0,0,1,0
39,390361,2,2,0,0,0,3,3,61,5260,21,4,2012,7,3,34,1,1,1,I-71,,159,39.25809722,-84.36159167,0,25,0,1,5,1,0,4,2,2,0,2,0,0000000,3,52,4,1,4,25,0,0,0,1,1
39,390362,1,1,0,0,0,1,1,57,0,21,4,2012,7,13,51,0,4,3,SR-72,,130,39.72183056,-83.78349722,0,34,0,0,1,1,0,5,1,10,0,10,0,0000000,13,51,13,55,14,35,0,0,0,1,0
39,390363,1,1,0,0,0,1,1,151,0,21,4,2012,7,14,0,0,6,5,TR-163 MOTTICE DR,,3,40.68171111,-81.26978889,0,59,0,0,1,1,0,4,1,10,0,10,0,0000000,14,7,14,12,88,88,0,0,0,1,1
39,390364,2,2,0,0,0,2,2,17,5010,23,4,2012,2,13,56,0,2,3,SR-122 ROOSEVELT BLVD,WICOFF ST,86,39.50249444,-84.38945556,0,12,6,0,2,2,0,1,1,1,0,1,0,0000000,13,56,13,57,88,88,0,0,0,1,0
39,390365,2,2,0,0,0,2,2,99,0,24,4,2012,3,15,0,0,4,4,CR-65 BAILEY RD,CR-190 GLADSTONE RD,71,41.12728889,-80.88733889,0,12,6,0,2,2,0,1,1,1,0,1,0,0000000,15,11,15,16,88,88,0,0,0,1,0
39,390366,2,2,0,0,0,5,5,151,1320,24,4,2012,3,7,50,0,16,4,CR-359 ARLINGTON AVE NW,CROWN PLACE NW,4,40.80397222,-81.40044444,0,12,6,0,2,2,0,1,1,1,0,1,0,0000000,7,51,7,58,8,7,0,0,0,1,0
39,390367,2,2,0,0,0,2,2,29,0,25,4,2012,4,10,0,0,2,2,US-62 SR-45,CR-409 GOSHEN RD,121,40.91701389,-80.86786389,0,12,6,0,2,2,0,1,1,1,0,1,0,0000000,10,27,10,37,11,2,0,0,0,1,0
39,390368,2,2,0,0,0,3,3,145,6700,30,1,2012,2,14,58,0,16,6,2ND ST,,0,38.73149722,-82.99735,0,12,2,0,1,1,0,1,1,1,0,1,0,0000000,15,4,15,9,15,38,0,0,0,1,0
39,390369,1,1,0,0,0,1,1,135,0,26,4,2012,5,20,50,0,5,4,CR-31 GEORGETOWN VERONA RD,,113,39.89524722,-84.59973889,0,35,0,0,1,1,0,4,2,1,0,1,0,0000000,99,99,99,99,88,88,0,0,0,1,0
39,390370,2,2,0,0,0,2,2,147,0,27,4,2012,6,13,47,0,3,3,SR-53,CR-592,141,41.18126667,-83.16866111,0,12,6,0,2,2,0,1,1,1,0,1,0,0000000,13,51,14,4,99,99,0,0,0,1,0
39,390371,1,1,0,0,0,1,1,47,0,27,4,2012,6,23,48,0,3,2,US-22,,136,39.51483611,-83.53505278,0,30,0,0,1,1,0,4,2,1,0,1,0,0000000,23,49,23,57,0,14,0,0,0,1,1
39,390373,1,1,0,0,0,1,1,175,0,27,4,2012,6,2,54,0,6,5,TR-29,,10,40.92751111,-83.246575,0,42,0,0,1,1,0,4,2,10,0,10,0,0000000,2,57,3,14,88,88,0,0,0,1,0
39,390374,2,2,0,0,0,3,3,167,0,28,4,2012,7,14,48,0,2,3,SR-7,,498,39.50129722,-81.08968611,0,12,7,0,1,1,0,1,1,2,0,2,0,0000000,14,49,15,0,15,44,0,0,0,1,0
39,390375,2,2,0,0,0,2,2,61,0,29,4,2012,1,19,22,0,4,4,CR-176 E MIAMI RIVER RD,,3,39.19571389,-84.74219722,0,12,2,0,1,1,0,1,1,1,0,1,0,0000000,19,22,19,29,99,99,0,0,0,1,1
39,390376,1,1,0,0,0,2,2,149,890,29,4,2012,1,2,10,0,6,4,CR-29 LOCK TWO RD,,0,40.45305556,-84.18055556,0,30,0,0,1,1,0,5,2,1,0,1,0,0000000,99,99,99,99,99,99,0,0,0,1,1
39,390377,2,2,0,0,0,2,2,49,1800,29,4,2012,1,18,25,0,13,2,US-40 E MAIN ST,NOE BIXBY RD,214,39.95469167,-82.85115278,0,12,7,0,2,2,0,1,1,1,0,1,0,0000000,18,29,18,33,19,13,0,0,0,1,1
39,390378,1,1,0,0,0,1,1,129,0,30,4,2012,2,14,58,0,4,4,CR-511 N COURT ST,,28,39.65473889,-82.95683056,0,23,0,0,1,1,0,4,1,1,0,1,0,0000000,14,59,15,7,88,88,0,0,0,1,0
39,390379,1,1,0,0,0,1,1,55,0,3,5,2012,5,2,30,0,16,5,TR-105 HEALTH RD,,21,41.52277778,-81.29666667,0,33,0,0,1,1,0,4,2,10,0,10,0,0000000,4,22,4,28,88,88,0,0,0,1,1
39,390380,1,1,0,0,0,2,2,61,1610,3,5,2012,5,21,32,0,13,2,US-27 CENTRAL PARKWAY,,45,39.13675,-84.53241667,0,42,0,0,1,1,0,5,3,1,0,1,0,0000000,21,40,21,43,22,99,0,0,0,1,1
39,390381,3,3,0,0,0,4,4,17,0,3,5,2012,5,16,16,0,3,2,US-127,SR-73,165,39.50795556,-84.66372778,0,12,6,0,2,2,0,1,1,1,0,1,0,0000000,16,34,16,51,17,27,0,0,0,2,0
39,390382,2,2,0,0,0,2,2,99,6640,4,5,2012,6,18,20,0,3,3,SR-289,,95,41.03364167,-80.52481667,0,12,2,0,1,1,0,1,1,10,0,10,0,0000000,18,22,18,39,19,9,0,0,0,1,1
39,390383,1,1,0,0,0,1,1,75,0,5,5,2012,7,11,22,0,4,4,CR-59,,38,40.45973889,-81.83363333,0,42,0,0,1,1,0,4,1,1,0,1,0,0000000,11,26,11,45,12,16,0,0,0,1,0
39,390384,2,2,0,0,0,4,4,153,0,6,5,2012,1,17,52,0,6,4,CR-27 NORTHHAMPTON RD,,94,41.20926389,-81.55816389,0,12,6,0,1,1,0,1,1,1,0,1,0,0000000,88,88,88,88,88,88,0,0,0,1,0
39,390385,1,1,0,0,0,1,1,7,5715,8,5,2012,3,16,11,0,4,3,SR-46,,64,41.59222778,-80.78035833,0,34,0,0,1,1,0,4,1,10,0,10,0,0000000,16,12,16,17,88,88,0,0,0,1,1
39,390386,2,2,0,0,0,2,2,95,0,11,5,2012,6,19,5,0,15,4,CR-118 EBER RD,,40,41.61093889,-83.73668056,0,12,2,0,1,1,0,1,1,1,0,1,0,0000000,19,10,19,25,20,7,0,0,0,1,1
39,390387,1,1,0,0,0,1,1,57,0,12,5,2012,7,16,0,0,6,5,TR-147 SMITH RD,,13,39.592525,-83.89067778,0,35,0,0,1,1,0,4,1,10,0,10,0,0000000,16,6,16,19,99,99,0,0,0,1,0
39,390388,1,1,0,0,0,1,1,117,0,12,5,2012,7,22,59,0,6,4,CR-29 W POINT BELLVILLE RD,,72,40.63905,-82.73821944,0,24,0,0,1,1,0,5,2,1,0,1,0,0000000,23,1,23,16,88,88,0,0,0,1,1
39,390389,1,1,0,1,1,1,1,9,0,12,5,2012,7,21,39,0,4,4,CR-16 PLEASANTON RD,,17,39.23861389,-82.08003333,0,8,0,0,1,1,0,1,2,1,0,1,0,0000000,88,88,88,88,88,88,0,0,0,1,0
39,390390,1,1,0,1,1,2,2,35,0,13,5,2012,1,5,30,1,11,1,I-80,,47,41.35618333,-81.88375556,0,8,0,0,1,1,0,1,2,10,0,10,0,0000000,5,32,5,49,88,88,19,0,0,1,0
39,390391,1,1,0,0,0,1,1,175,7970,15,5,2012,3,7,56,0,6,4,CR-16,,0,39.707125,-81.25356667,0,30,0,0,1,1,0,4,1,1,0,1,0,0000000,7,59,8,6,88,88,0,0,0,1,0
39,390392,3,3,0,0,0,3,3,173,0,16,5,2012,4,16,17,1,2,2,US-6,,108,41.35180833,-83.68629722,0,12,2,0,1,1,0,1,1,1,0,1,0,0000000,16,30,16,36,16,54,0,0,0,1,0
39,390393,2,2,0,0,0,2,2,43,8400,16,5,2012,4,10,10,0,4,3,SR-60 STATE RD,,64,41.37499167,-82.36361389,0,12,1,0,1,1,0,1,1,10,0,10,0,0000000,10,15,10,22,88,88,0,0,0,1,0
39,390394,1,1,0,0,0,1,1,61,7450,18,5,2012,6,11,5,0,3,6,E KEMPER RD,,106,39.28465556,-84.43436944,0,31,0,0,1,1,0,5,1,1,0,1,0,0000000,11,9,11,12,11,30,0,0,0,1,0
39,390395,2,2,0,0,0,3,3,151,0,18,5,2012,6,22,5,0,13,3,SR-172 W LINCOLN WAY NW,,33,40.79695556,-81.58646389,0,12,6,0,4,1,0,1,2,1,0,1,0,0000000,22,6,22,14,88,88,0,0,0,2,0
39,390396,1,1,0,0,0,1,1,61,0,18,5,2012,6,23,51,1,13,3,SR-125 BEECHMONT AVE,,44,39.07858056,-84.36855556,0,42,0,0,1,1,0,4,3,10,0,10,0,0000000,23,51,23,55,0,13,0,0,0,1,0
39,390397,2,2,0,0,0,5,5,67,0,19,5,2012,7,17,50,1,13,2,US-250,,48,40.35439722,-81.20766389,0,12,6,0,4,1,0,1,1,1,0,1,0,0000000,18,7,18,34,19,24,0,0,0,1,0
39,390398,2,2,0,0,0,2,2,151,4820,20,5,2012,1,18,42,0,14,3,SR-241 FINEFROCK RD,SR-21 ERIE ST,78,40.78134167,-81.51651944,0,12,6,0,2,2,0,1,1,1,0,1,0,0000000,99,99,99,99,99,99,0,0,0,1,0
39,390399,1,1,0,0,0,2,2,93,2480,20,5,2012,1,2,20,1,11,1,I-90,,130,41.40461667,-82.12248889,0,42,0,1,5,1,0,5,2,1,0,1,0,0000000,2,39,2,54,99,99,0,0,0,1,1
39,390400,1,1,0,0,0,1,1,11,0,20,5,2012,1,18,21,0,4,3,SR-197,,115,40.63110833,-84.29431944,0,30,0,0,1,1,0,4,1,1,0,1,0,0000000,18,23,18,58,88,88,0,0,0,1,1
39,390401,1,1,0,0,0,1,1,79,0,3,6,2012,1,23,3,0,4,3,SR-124,,242,39.09347222,-82.42361667,0,1,0,0,1,1,0,1,2,1,0,1,0,0000000,23,11,23,30,0,26,0,0,0,1,0
39,390402,2,2,0,0,0,2,2,23,0,26,6,2012,3,15,57,0,4,3,SR-235,SR-41 TROY RD,88,39.99499167,-84.00091667,0,12,6,0,2,2,0,1,1,1,0,1,0,0000000,88,88,88,88,88,88,0,0,0,1,0
39,390403,1,1,0,0,0,1,1,89,0,27,6,2012,4,3,12,0,16,5,TR-36 PALMER RD,,0,39.94478056,-82.73612778,0,31,0,0,1,1,0,4,2,1,0,1,0,0000000,99,99,99,99,88,88,0,0,0,1,1
39,390404,1,1,0,0,0,1,1,91,0,28,6,2012,5,2,20,1,2,2,US-33,,18,40.50650556,-83.93338611,0,34,0,0,1,1,0,4,2,1,0,1,0,0000000,99,99,99,99,99,99,0,0,0,1,1
39,390405,1,1,0,0,0,1,1,145,0,29,6,2012,6,11,44,0,6,5,TR-157 COON HOLLOW RD,,0,38.93625833,-82.95238889,0,35,0,0,1,1,0,4,1,10,0,10,0,0000000,11,58,12,6,88,88,0,0,0,1,1
39,390406,1,1,0,0,0,2,2,87,0,29,6,2012,6,17,56,0,3,3,SR-93,,100,38.64488333,-82.67236389,0,43,0,0,1,1,0,4,1,10,0,10,0,0000000,17,57,18,12,19,21,0,0,0,1,1
39,390407,3,3,0,0,0,3,3,23,0,29,6,2012,6,16,35,0,15,6,MIDDLE URBANA RD,,0,39.99635833,-83.76259444,0,1,0,0,1,1,0,1,1,2,0,2,0,0000000,16,38,16,40,17,0,0,0,0,1,1
39,390408,1,1,0,0,0,1,1,167,0,1,7,2012,1,3,25,0,6,5,TR-390 BARLOW TOWNSHIP RD,TR-448,0,39.40845,-81.69090833,0,1,0,0,2,4,0,1,2,1,0,1,0,0000000,2,46,2,58,3,52,0,0,0,1,1
39,390409,1,1,0,0,0,2,2,7,0,1,7,2012,1,13,24,0,5,4,CR-217 NEW LONDON RD,,0,41.84078056,-80.91235278,0,34,0,0,1,1,0,4,1,1,0,1,0,0000000,99,99,99,99,99,99,0,0,0,1,0
39,390410,4,4,0,0,0,5,5,135,0,2,7,2012,2,19,39,1,1,1,I-70,,152,39.83738889,-84.53023333,0,12,7,0,1,1,0,1,1,1,0,1,0,0000000,19,39,19,42,88,88,19,0,0,1,0
39,390411,2,2,0,0,0,2,2,101,4740,30,6,2012,7,14,43,0,15,6,SILVER ST,COMMERCIAL ST,0,40.59301111,-83.134425,0,12,11,0,2,3,0,1,1,1,0,1,0,0000000,99,99,99,99,99,99,0,0,0,1,1
39,390413,3,3,0,0,0,5,5,23,7800,7,7,2012,7,19,5,0,14,6,W HIGH ST,S YELLOW SPRINGS ST,0,39.92383611,-83.81948333,0,12,6,0,3,2,0,1,1,1,0,1,0,0000000,19,7,19,9,19,24,0,0,0,1,1
39,390414,1,1,0,0,0,6,6,37,0,12,7,2012,5,20,15,0,5,4,CR-18 NORTH STAR FORT LORAMIE,,0,40.32295556,-84.63495556,0,5,0,0,4,1,0,1,1,1,0,1,0,0000000,99,99,99,99,99,99,0,0,0,1,1
39,390415,1,1,0,0,0,1,1,151,0,10,7,2012,3,22,10,0,14,4,CR-224 DRESSLER RD,,0,40.84410833,-81.43483333,0,33,0,0,1,1,0,4,2,1,0,1,0,0000000,88,88,88,88,88,88,0,0,0,1,1
39,390416,5,5,0,0,0,9,9,113,4960,16,7,2012,2,16,27,0,13,3,SR-725,I-75 RAMPS,147,39.63997222,-84.23350833,0,12,6,0,3,2,0,1,1,1,0,1,0,0000000,16,31,17,11,17,43,0,0,0,1,1
39,390417,1,1,0,0,0,1,1,113,2090,1,7,2012,1,17,15,1,11,1,I-75 N,,107,39.7525,-84.20475278,0,20,0,0,1,1,4,4,1,1,0,1,0,0000000,88,88,88,88,88,88,0,0,0,1,1
39,390418,1,1,0,0,0,1,1,93,6025,8,7,2012,1,3,24,0,15,6,LEAR NAGLE RD,,0,41.40124444,-81.99039167,0,38,0,0,1,1,0,5,3,1,0,1,0,0000000,88,88,88,88,88,88,0,0,0,1,1
39,390419,1,1,0,3,3,1,1,49,1800,9,5,2012,4,19,40,0,16,4,CR-538 TAYLOR AVE,ALLEY,11,39.98492778,-82.96025556,0,9,0,0,8,1,0,1,1,1,0,1,0,0000000,19,43,19,46,99,99,0,0,0,2,0
39,390420,2,2,0,0,0,6,6,149,0,13,5,2012,1,16,19,0,6,4,CR-25 HOUSTON RD,PATTERSON HALPIN RD,41,40.25695,-84.27261667,0,12,6,0,2,2,0,1,1,1,0,1,0,0000000,99,99,99,99,99,99,0,0,0,1,0
39,390421,1,1,0,0,0,1,1,57,2530,17,5,2012,5,11,13,0,3,6,E DAYTON YELLOW SPRINGS RD,,23,39.78295833,-84.00170556,0,24,0,0,1,1,0,4,1,1,0,1,0,0000000,11,17,11,18,99,99,0,0,0,1,0
39,390422,1,1,0,0,0,1,1,149,0,17,5,2012,5,0,14,0,6,5,TR-117 WALZER RD,,13,40.27393611,-84.39589722,0,32,0,0,1,1,0,4,2,1,0,1,0,0000000,88,88,88,88,88,88,0,0,0,1,1
39,390423,2,2,0,0,0,2,2,153,501,21,5,2012,2,16,50,1,12,3,SR-18 STONEY HILL,N HAMETOWN RD,8,41.13610833,-81.670625,0,12,6,1,2,2,0,1,1,10,0,10,0,0000000,16,58,17,1,17,18,0,0,0,1,0
39,390424,1,1,0,0,0,3,3,13,470,22,5,2012,3,16,45,0,6,4,CR-102 MT OLIVETT RD,,171,39.99138889,-81.16555556,0,16,0,0,1,1,0,1,1,1,0,1,0,0000000,16,39,16,40,16,59,0,0,0,1,0
39,390425,2,2,0,0,0,2,2,49,0,22,5,2012,3,11,33,1,12,2,US-33,RAGER RD,287,39.86455556,-82.84340556,0,12,6,1,2,2,0,1,1,1,0,1,0,0000000,11,33,11,37,99,99,0,0,0,1,0
39,390426,2,2,0,0,0,2,2,107,0,25,5,2012,6,12,48,0,6,4,CR-80A CLOVER FOUR RD,HARRISON RD,31,40.46549722,-84.51001111,0,12,6,0,2,3,0,1,1,1,0,1,0,0000000,13,0,13,2,13,32,0,0,0,1,0
39,390428,1,1,0,0,0,1,1,13,0,26,5,2012,7,18,25,0,4,4,CR-4 SAND HILL RD,,45,40.00454167,-80.83084722,0,30,0,0,1,1,0,5,1,1,0,1,0,0000000,18,24,18,35,88,88,0,0,0,1,1
39,390429,1,1,0,0,0,1,1,41,0,26,5,2012,7,2,15,0,5,4,CR-220 HORSESHOE RD,,75,40.40028889,-83.03303889,0,59,0,0,1,1,0,4,2,1,0,1,0,0000000,2,37,2,47,99,99,0,0,0,1,1
39,390430,2,2,0,0,0,3,3,145,0,27,5,2012,1,19,30,0,16,4,CR-241 TICK RIDGE RD,,2,38.78083611,-82.84055833,0,12,6,0,4,1,0,1,5,1,0,1,0,0000000,19,32,19,40,20,18,0,0,0,1,0
39,390431,1,1,0,1,1,1,1,27,810,28,5,2012,2,7,45,0,4,6,W MAIN ST,,4,39.29094167,-83.99534167,0,24,0,0,1,1,0,4,1,1,0,1,0,0000000,7,50,7,51,99,99,0,0,0,1,1
39,390432,1,1,0,0,0,1,1,151,0,29,5,2012,3,21,40,0,15,4,CR-86 EASTON ST,,120,40.876,-81.17386111,0,52,0,0,1,1,0,4,2,10,0,10,0,0000000,21,45,21,49,88,88,0,0,0,1,1
39,390433,3,3,0,0,0,3,3,61,1610,29,5,2012,3,14,35,1,2,3,SR-32 BEECHMONT AVE,,2,39.11920278,-84.41526944,0,12,8,0,1,1,0,1,1,1,0,1,0,0000000,14,35,14,40,88,88,0,0,0,1,0
39,390434,1,1,0,0,0,3,3,33,0,30,5,2012,4,13,28,0,4,4,CR-330 LINCOLN HWY,,14,40.84374167,-83.083975,0,35,0,0,1,1,0,4,1,1,0,1,0,0000000,13,29,13,54,14,21,0,0,0,1,0
39,390435,2,2,0,0,0,1,1,171,0,25,6,2012,2,22,37,0,2,3,SR-15,CR-J,100,41.5576,-84.55557778,0,12,2,0,2,2,0,1,2,1,0,1,0,0000000,22,44,23,9,23,55,19,0,0,1,1
39,390436,1,1,0,0,0,1,1,151,0,25,6,2012,2,22,50,1,2,2,US-30,,29,40.77665278,-81.59895833,0,1,0,0,1,1,0,4,2,1,0,1,0,0000000,0,58,1,13,88,88,0,0,0,1,0