STATE,ST_CASE,VE_TOTAL,VE_FORMS,PVH_INVL,PEDS,PERNOTMVIT,PERMVIT,PERSONS,COUNTY,CITY,DAY,MONTH,YEAR,DAY_WEEK,HOUR,MINUTE,NHS,ROAD_FNC,ROUTE,TWAY_ID,TWAY_ID2,MILEPT,LATITUDE,LONGITUD,SP_JUR,HARM_EV,MAN_COLL,RELJCT1,RELJCT2,TYP_INT,WRK_ZONE,REL_ROAD,LGT_COND,WEATHER1,WEATHER2,WEATHER,SCH_BUS,RAIL,NOT_HOUR,NOT_MIN,ARR_HOUR,ARR_MIN,HOSP_HR,HOSP_MN,CF1,CF2,CF3,FATALS,DRUNK_DR
39,390437,2,2,0,0,0,2,2,51,0,7,7,2012,7,16,52,0,3,2,US-20A,CR-19,81,41.57250556,-84.22959444,0,12,6,0,2,2,0,1,1,1,0,1,0,0000000,16,54,17,0,88,88,0,0,0,1,0
39,390438,2,2,0,0,0,3,3,61,1610,29,7,2012,1,2,53,0,13,6,VINE ST,,0,39.15236667,-84.50833333,0,12,8,0,1,1,0,1,3,1,0,1,0,0000000,88,88,88,88,88,88,0,0,0,1,1
39,390439,1,1,0,0,0,1,1,155,0,2,7,2012,2,1,50,0,14,4,CR-54 HEATON NORTH RD,,0,41.25232222,-80.773875,0,42,0,0,1,1,0,4,2,10,0,10,0,0000000,1,55,2,0,88,88,0,0,0,1,1
39,390440,1,1,0,1,1,1,1,35,1680,5,2,2012,1,22,35,0,16,6,W 81ST ST,,0,41.47572778,-81.74071111,0,8,0,0,1,1,0,1,3,1,0,1,0,0000000,22,36,22,44,23,1,0,0,0,1,0
39,390441,1,1,0,0,0,1,1,51,0,5,7,2012,5,2,35,0,3,2,US-20A,,28,41.57231389,-84.31061389,0,42,0,0,1,1,0,4,2,1,0,1,0,0000000,2,45,2,59,88,88,0,0,0,1,0
39,390442,3,3,0,0,0,5,5,61,0,3,6,2012,1,13,34,0,14,4,CR-142 NORTH BEND RD,,0,39.18944722,-84.58246944,0,12,7,0,1,1,0,1,1,1,0,1,0,0000000,13,43,13,52,14,18,0,0,0,1,0
39,390443,2,2,0,0,0,2,2,93,0,20,6,2012,4,21,0,0,5,4,CR-58 ISLAND RD,,0,41.28738056,-82.00161667,0,11,0,0,1,1,0,1,5,1,0,1,0,0000000,21,13,21,34,22,13,0,0,0,1,2
39,390444,1,1,0,0,0,3,3,75,0,17,6,2012,1,12,45,0,4,3,SR-557,,77,40.52664444,-81.805525,0,18,0,0,1,1,0,4,1,1,0,1,0,0000000,13,28,13,41,14,2,0,0,0,1,0
39,390445,1,1,0,0,0,1,1,49,1800,20,5,2012,1,20,29,0,14,6,STELZER RD,,0,40.06291667,-82.91450833,0,33,0,0,1,1,0,3,1,1,0,1,0,0000000,20,30,20,35,88,88,0,0,0,1,0
39,390446,2,2,0,0,0,2,2,133,7875,16,6,2012,7,18,39,0,15,4,CR-145 RAVENNA RD,SEASONS RD,0,41.20765833,-81.37771944,0,12,6,0,2,2,0,1,1,1,0,1,0,0000000,18,41,18,44,19,16,0,0,0,1,0
39,390447,3,3,0,0,0,5,5,49,1800,1,8,2012,4,15,57,0,15,6,GEORGESVILLE RD,CLIME RD,0,39.93271111,-83.11533056,0,12,6,0,2,3,0,1,1,1,0,1,0,0000000,16,3,16,8,16,32,0,0,0,1,0
39,390448,1,1,0,0,0,3,3,49,1800,13,5,2012,1,19,25,0,16,6,E HUDSON ST,,0,40.01384444,-82.97168889,0,33,0,0,1,1,0,5,1,10,0,10,0,0000000,19,27,19,30,19,48,0,0,0,1,1
39,390449,1,1,0,0,0,1,1,85,4920,19,5,2012,7,1,10,0,15,4,CR-518 JORDAN RD,,22,41.74888056,-81.29699167,0,34,0,0,1,1,0,4,2,1,0,1,0,0000000,1,11,1,16,1,45,0,0,0,1,1
39,390450,3,2,1,0,0,2,2,29,0,9,7,2012,2,16,3,0,4,3,SR-46,TR-939 ADAMS RD,25,40.83076111,-80.58796944,0,12,6,0,2,2,0,1,1,1,0,1,0,0000000,99,99,99,99,99,99,0,0,0,1,0
39,390451,2,2,0,0,0,5,5,17,0,26,7,2012,5,15,59,1,13,3,SR-4,KIESTER RD,263,39.58383611,-84.37446389,0,12,6,0,2,2,0,1,1,1,0,1,0,0000000,16,10,16,19,16,50,0,0,0,2,0
39,390452,1,1,0,0,0,1,1,7,1850,28,7,2012,7,21,40,0,6,6,OLD MILL RD,,0,41.93741667,-80.563775,0,43,0,0,1,1,1,1,2,1,0,1,0,0000000,88,88,88,88,88,88,0,0,0,1,1
39,390453,2,2,0,0,0,2,2,131,0,12,7,2012,5,7,30,0,2,3,SR-32,CR-58 SHYVILLE RD,167,39.051725,-82.99558333,0,12,6,0,2,2,1,1,1,1,0,1,0,0000000,99,99,99,99,99,99,0,0,0,1,0
39,390454,1,1,0,0,0,1,1,139,0,12,7,2012,5,0,14,0,14,4,CR-48 MILLSBORO RD,,0,40.74682778,-82.60721111,0,35,0,0,1,1,0,4,2,1,0,1,0,0000000,88,88,88,88,88,88,0,0,0,1,1
39,390455,1,1,0,0,0,1,1,151,0,13,7,2012,6,11,43,0,14,4,CR-228 PORTAGE ST,,0,40.8817,-81.42524167,0,18,0,0,6,1,0,1,1,1,0,1,0,142892T,12,40,12,52,88,88,0,0,0,1,0
39,390456,1,1,0,0,0,1,1,93,0,13,7,2012,6,5,16,0,3,3,SR-58,,5,41.07198333,-82.22046667,0,34,0,0,1,1,0,4,2,1,0,1,0,0000000,99,99,99,99,88,88,0,0,0,1,0
39,390457,1,1,0,0,0,2,2,135,0,14,7,2012,7,19,11,0,5,4,CR-56 LEXINGTON SALEM RD,,0,39.78012222,-84.50251111,0,42,0,0,1,1,0,4,1,1,0,1,0,0000000,99,99,99,99,99,99,0,0,0,1,1
39,390458,2,2,0,0,0,4,4,85,0,15,7,2012,1,14,40,0,13,2,US-20 NORTH RIDGE RD,CR-123 LANE RD,205,41.76622778,-81.18098889,0,12,6,0,2,2,0,1,1,1,0,1,0,0000000,99,99,99,99,99,99,0,0,0,1,0
39,390459,2,2,0,0,0,5,5,23,0,17,7,2012,3,17,38,0,4,4,CR-68 URBANA RD,TR-174 WILLOW RD,0,40.01210833,-83.79191111,0,12,6,0,2,2,0,1,1,10,0,10,0,0000000,17,39,17,43,18,30,0,0,0,1,0
39,390460,1,1,0,0,0,3,3,145,0,17,7,2012,3,14,30,0,4,3,SR-348,,44,38.86216389,-83.21180833,0,59,0,0,1,1,0,4,1,10,0,10,0,0000000,14,31,14,50,15,36,0,0,0,1,0
39,390461,2,2,0,0,0,4,4,41,0,20,7,2012,6,22,51,1,1,1,I-71,,100,40.27228333,-82.92661389,0,12,7,1,7,1,0,1,2,10,0,10,0,0000000,22,51,22,58,23,34,0,0,0,1,0
39,390462,3,3,0,0,0,4,4,165,0,22,7,2012,1,8,53,0,4,3,SR-28,,43,39.28418333,-84.01677222,0,12,1,0,8,1,0,1,1,1,0,1,0,0000000,9,12,9,31,99,99,0,0,0,1,0
39,390463,1,1,0,0,0,3,3,87,0,29,7,2012,1,19,52,0,16,4,CR-12 BIG PADDY RD,,0,38.51953889,-82.33173056,0,42,0,0,1,1,0,4,1,1,0,1,0,0000000,88,88,88,88,88,88,0,0,0,3,1
39,390464,2,1,1,0,0,1,1,35,4685,31,3,2012,7,22,38,0,6,6,CLEMENT ST,,0,41.42105278,-81.55997778,0,33,0,0,1,1,0,4,3,1,0,1,0,0000000,23,49,23,50,23,53,0,0,0,1,1
39,390465,1,1,0,0,0,1,1,59,0,15,5,2012,3,1,51,1,11,1,I-70,,96,39.99792778,-81.56283333,0,59,0,0,1,1,0,4,2,5,0,5,0,0000000,99,99,99,99,99,99,0,0,0,1,0
39,390466,1,1,0,0,0,2,2,13,0,22,7,2012,1,0,10,0,4,2,US-40,,66,40.05752222,-81.11778056,0,1,0,0,1,1,0,5,2,10,0,10,0,0000000,0,27,0,40,88,88,0,0,0,1,1
39,390467,2,2,0,0,0,3,3,153,9997,24,7,2012,3,12,30,0,13,3,SR-93,,23,40.94286111,-81.56854722,0,12,6,0,4,1,0,1,1,1,0,1,0,0000000,12,34,12,35,13,0,0,0,0,1,0
39,390468,1,1,0,1,1,1,1,151,0,24,7,2012,3,1,10,0,3,3,SR-43,,14,40.68043611,-81.26120556,0,8,0,0,1,1,0,1,2,1,0,1,0,0000000,88,88,88,88,88,88,0,0,0,1,0
39,390469,1,1,0,1,1,1,1,41,0,28,7,2012,7,22,37,1,2,2,US-36,,166,40.26911667,-82.95186944,0,8,0,0,1,1,0,1,2,1,0,1,0,0000000,88,88,88,88,88,88,0,0,0,1,0
39,390470,1,1,0,0,0,1,1,39,0,29,7,2012,1,4,0,0,6,6,JERICHO RD,,0,41.26744167,-84.57064167,0,53,0,0,1,1,0,4,2,1,0,1,0,0000000,4,8,4,15,88,88,0,0,0,1,1
39,390471,1,1,0,0,0,1,1,49,0,30,7,2012,2,6,20,1,11,1,I-270,,39,39.91000833,-83.10375278,0,35,0,0,1,1,4,3,4,1,0,1,0,0000000,16,23,16,32,88,88,0,0,0,1,0
39,390472,1,1,0,0,0,2,2,77,0,30,7,2012,2,17,10,0,16,4,CR-12 TOWN LINE RD,,0,41.06644722,-82.52747222,0,1,0,0,1,1,0,4,1,1,0,1,0,0000000,17,17,17,27,19,28,0,0,0,2,1
39,390473,2,2,0,0,0,4,4,89,0,2,8,2012,5,16,40,0,6,4,CR-39 YORK RD,TR-36 PALMER RD,0,39.93934444,-82.62931667,0,12,6,0,2,2,0,1,1,1,0,1,0,0000000,16,43,16,52,17,24,0,0,0,1,0
39,390474,1,1,0,0,0,1,1,43,0,3,8,2012,6,18,26,0,6,4,CR-15 STRECKER RD,,0,41.32551944,-82.79888611,0,31,0,0,1,1,0,4,1,1,0,1,0,0000000,18,26,18,40,19,1,0,0,0,1,0
39,390475,4,1,3,0,0,2,2,87,3700,12,8,2012,1,8,2,0,15,6,S 8TH ST,,0,38.51828333,-82.6642,0,14,0,0,1,1,0,7,1,1,0,1,0,0000000,88,88,88,88,88,88,0,0,0,1,0
39,390476,1,1,0,0,0,1,1,155,5900,9,6,2012,7,3,30,0,13,3,SR-46,,19,41.16258611,-80.76755556,0,43,0,0,1,1,0,4,2,10,0,10,0,0000000,88,88,88,88,88,88,0,0,0,1,0
39,390477,1,1,0,0,0,1,1,75,0,6,7,2012,6,12,0,0,5,3,SR-520,,99,40.509975,-82.02915833,0,1,0,0,1,1,0,1,1,1,0,1,0,0000000,12,3,12,10,88,88,0,0,0,1,0
39,390478,1,1,0,0,0,1,1,93,2480,25,3,2012,1,3,22,0,15,6,LOWELL ST,,0,41.37520833,-82.14061944,0,33,0,0,1,1,0,4,2,1,0,1,0,0000000,99,99,99,99,99,99,0,0,0,1,1
39,390479,1,1,0,0,0,4,4,57,558,28,5,2012,2,4,1,0,13,6,FAIRKNOLL DR,CLAYDOR DR,0,39.7505,-84.06161944,0,42,0,0,3,3,0,4,2,1,0,1,0,0000000,4,4,4,7,88,88,0,0,0,1,1
39,390480,2,2,0,0,0,2,2,135,0,4,8,2012,7,22,39,0,4,3,SR-725,,168,39.64343333,-84.50570556,0,12,8,0,1,1,0,1,2,1,0,1,0,0000000,99,99,99,99,99,99,0,0,0,1,1
39,390481,2,2,0,0,0,2,2,23,5640,8,8,2012,4,9,0,0,15,3,SR-571 W JEFFERSON ST,S SMITH ST,6,39.93564722,-84.03437222,0,12,6,0,2,3,0,1,7,1,0,1,0,0000000,9,3,9,6,9,42,0,0,0,1,0
39,390482,2,2,0,0,0,2,2,99,9230,13,8,2012,2,18,5,0,15,6,WARDLE AVE,SHAW AVE,0,41.12623333,-80.59129444,0,12,1,0,2,3,0,1,1,1,0,1,0,0000000,99,99,99,99,99,99,0,0,0,1,0
39,390483,2,2,0,0,0,4,4,129,0,15,8,2012,4,12,17,0,6,4,CR-3 LONDON RD,,0,39.68220278,-83.11192778,0,12,8,0,1,1,0,1,1,1,0,1,0,0000000,12,25,12,35,13,23,0,0,0,1,1
39,390484,1,1,0,0,0,1,1,43,0,1,6,2012,6,15,31,0,16,5,TR-90 BELL AVE,,3,41.4268,-82.69781944,0,30,0,0,1,1,0,4,1,10,0,10,0,0000000,15,31,15,99,15,55,0,0,0,1,0
39,390485,2,2,0,0,0,5,5,37,0,1,6,2012,6,18,28,1,2,3,SR-49,,45,39.97258611,-84.48710833,0,12,8,0,1,1,0,1,1,2,0,2,0,0000000,18,33,18,46,19,25,0,0,0,1,0
39,390486,2,2,0,0,0,3,3,41,0,2,6,2012,7,20,17,0,15,4,CR-3 SMOTHERS RD,,26,40.13126111,-82.88318889,0,12,2,0,1,1,0,1,5,10,0,10,0,0000000,20,99,20,31,21,10,0,0,0,1,1
39,390488,1,1,0,0,0,5,5,93,0,3,6,2012,1,0,11,0,16,5,TR-13 BOSTON RD,,7,41.27508333,-81.88528889,0,34,0,0,1,1,0,5,2,1,0,1,0,0000000,0,21,0,37,1,20,0,0,0,4,0
39,390489,1,1,0,0,0,1,1,25,0,5,6,2012,3,11,45,0,4,3,SR-222 NEW RICHMOND,,145,38.95421944,-84.16938056,0,59,0,0,1,1,0,4,1,10,0,10,0,0000000,12,18,12,37,12,59,0,0,0,1,0
39,390490,2,2,0,0,0,3,3,113,2090,6,6,2012,4,8,48,0,14,4,CR-53 N GETTYSBURG AVE,HOOVER AVE,65,39.76146111,-84.25333889,0,12,6,0,2,2,0,1,1,1,0,1,0,0000000,8,50,8,54,9,25,20,0,0,1,0
39,390491,1,1,0,0,0,1,1,123,0,20,7,2012,6,3,34,0,6,5,TR-270 TRENTON AVE,,0,41.64560833,-82.83044167,0,1,0,0,1,1,0,1,2,1,0,1,0,0000000,3,36,3,40,4,28,0,0,0,1,0
39,390492,1,1,0,0,0,1,1,61,7795,6,6,2012,4,17,35,1,11,1,I-275,,244,39.2948,-84.46555278,0,24,0,1,5,1,0,4,1,1,0,1,0,0000000,17,35,17,40,88,88,0,0,0,1,0
39,390493,1,1,0,0,0,2,2,141,0,7,6,2012,5,19,58,0,6,5,TR-246 AULT RD,,2,39.29995833,-82.86495556,0,42,0,0,1,1,0,4,1,10,0,10,0,0000000,99,99,20,24,21,35,0,0,0,1,1
39,390494,2,2,0,0,0,2,2,155,0,7,6,2012,5,23,20,1,2,3,SR-11,,42,41.27111944,-80.70585,0,12,11,0,1,1,0,1,2,10,0,10,0,0000000,23,21,23,30,99,99,19,0,0,1,1
39,390495,2,2,0,0,0,2,2,37,0,9,6,2012,7,21,14,0,6,9,KESTER BYARD RD,RIFFLE RD,16,40.20833333,-84.59972222,0,12,1,0,1,1,0,1,5,1,0,1,0,0000000,99,99,99,99,99,99,0,0,0,1,2
39,390496,1,1,0,0,0,1,1,61,0,9,6,2012,7,2,5,0,13,2,US-42 READING RD,,79,39.18555556,-84.46496667,0,33,0,0,1,1,0,4,3,1,0,1,0,0000000,2,5,2,10,88,88,0,0,0,1,0
39,390497,1,1,0,0,0,2,2,155,0,10,6,2012,1,1,48,0,3,3,SR-45 PAINESVILLE WARREN RD,,171,41.36935278,-80.86527778,0,11,0,0,1,1,0,1,2,1,0,1,0,0000000,1,48,2,8,99,99,0,0,0,1,1
39,390498,1,1,0,0,0,1,1,1,0,10,6,2012,1,15,29,0,4,3,SR-247,,206,38.97619444,-83.57690278,0,34,0,0,1,1,0,4,1,1,0,1,0,0000000,15,28,15,38,88,88,0,0,0,1,0
39,390499,2,2,0,0,0,2,2,61,1610,11,6,2012,2,7,23,1,11,1,I-75,,41,39.1374,-84.48897778,0,12,1,0,1,1,0,1,1,2,0,2,0,0000000,7,27,7,30,99,99,0,0,0,1,0
39,390500,2,2,0,0,0,2,2,165,2710,12,6,2012,3,16,49,0,6,5,TR-105 DECKER RD,SHAKER RD,10,39.53833333,-84.30583333,0,12,6,0,2,2,0,1,1,1,0,1,0,0000000,16,50,16,53,17,17,0,0,0,1,0
39,390502,2,2,0,0,0,3,3,37,3180,12,6,2012,3,10,12,1,13,2,US-127 N GREENVILLE RD,TR-153 KRUCKEBERG RD,146,40.12145556,-84.60608889,0,12,6,0,2,2,0,1,1,1,0,1,0,0000000,10,14,10,19,99,99,0,0,0,1,0
39,390503,1,1,0,1,1,3,3,111,0,13,6,2012,4,22,30,0,3,3,SR-78,,236,39.74927222,-80.98126667,0,8,0,0,1,1,0,1,2,1,0,1,0,0000000,22,30,22,40,88,88,0,0,0,1,0
39,390504,2,2,0,0,0,2,2,133,2460,14,6,2012,5,8,24,0,2,3,SR-14,,161,41.11838056,-81.17290833,0,12,1,0,1,1,0,1,1,1,0,1,0,0000000,8,24,8,28,99,99,0,0,0,1,0
39,390505,1,1,0,0,0,1,1,157,0,14,6,2012,5,23,30,0,2,3,SR-212,,40,40.63841111,-81.44015,0,43,0,0,1,1,0,4,2,1,0,1,0,0000000,0,28,0,37,88,88,0,0,0,1,1
39,390506,1,1,0,0,0,1,1,99,0,14,6,2012,5,22,15,1,11,1,I-680,,32,41.11187222,-80.69171389,0,30,0,0,1,1,0,4,3,10,0,10,0,0000000,22,17,22,55,88,88,0,0,0,1,1
39,390507,2,2,0,0,0,3,3,119,7750,15,6,2012,6,12,14,1,2,2,US-22 N MAYSVILLE AVE,E MAIN ST,91,39.90325278,-82.02030278,0,12,2,0,1,1,0,1,1,1,0,1,0,0000000,12,25,12,30,13,27,0,0,0,1,0
39,390508,1,1,0,0,0,1,1,153,3139,15,6,2012,6,18,49,0,6,6,GLEN EAGLES BLVD,,0,40.96393056,-81.44338333,0,32,0,0,1,1,0,4,1,1,0,1,0,0000000,18,52,18,57,88,88,0,0,0,1,1
39,390509,1,1,0,0,0,1,1,155,8530,16,6,2012,7,22,33,0,15,4,CR-67 AUSTINTOWN WARREN RD,,73,41.21406389,-80.81638333,0,30,0,0,1,1,0,4,2,10,0,10,0,0000000,22,38,22,45,88,88,0,0,0,1,1
39,390510,1,1,0,0,0,1,1,141,0,16,6,2012,7,2,18,0,3,3,SR-159,,45,39.40026389,-82.96233611,0,30,0,0,1,1,0,4,2,1,0,1,0,0000000,2,18,2,33,3,0,0,0,0,1,1
39,390511,1,1,0,0,0,1,1,25,0,16,6,2012,7,10,25,0,6,4,CR-17 BETHEL HYGUEBE RD,,31,38.94527778,-84.09666667,0,42,0,0,1,1,0,4,1,1,0,1,0,0000000,10,25,10,27,88,88,0,0,0,1,0
39,390512,1,1,0,0,0,1,1,79,0,26,7,2012,5,20,11,0,4,3,SR-140,,20,38.86015833,-82.60728611,0,42,0,0,1,1,0,4,1,2,0,2,0,0000000,20,11,20,14,99,99,0,0,0,1,0
39,390513,2,2,0,0,0,4,4,25,0,29,7,2012,1,19,2,0,13,3,SR-32,TR-849 BELLS LANE,6,39.10614167,-84.29884167,0,12,6,0,2,2,0,1,1,1,0,1,0,0000000,19,4,19,5,19,33,20,0,0,2,0
39,390514,1,1,0,0,0,1,1,103,0,2,8,2012,5,23,25,0,5,4,CR-4 SMITH RD,,0,41.13644167,-82.06830833,0,34,0,0,1,1,0,4,2,1,0,1,0,0000000,23,29,23,35,88,88,0,0,0,1,0
39,390515,1,1,0,0,0,6,6,99,7890,10,6,2012,1,22,47,1,13,3,SR-616 N BRIDGE ST,,33,41.06139444,-80.58036111,0,33,0,0,1,1,0,4,3,1,0,1,0,0000000,22,53,23,0,99,99,0,0,0,1,0
39,390516,1,1,0,0,0,2,2,173,0,17,6,2012,1,3,0,0,6,5,TR-83 BLOOMDALE RD,,21,41.21838611,-83.55498611,0,1,0,0,1,1,0,5,2,1,0,1,0,0000000,6,57,7,18,7,46,0,0,0,1,1
39,390517,1,1,0,0,0,4,4,149,0,17,6,2012,1,2,25,0,6,4,CR-29 LOCK TWP RD,,143,40.45416111,-84.06686944,0,5,0,0,1,1,0,4,2,1,0,1,0,0000000,2,32,2,50,88,88,0,0,0,1,1
39,390518,2,2,0,0,0,2,2,11,0,4,8,2012,7,0,55,1,1,1,I-75,,107,40.63238889,-84.13619722,0,12,2,0,1,1,0,1,2,1,0,1,0,0000000,0,58,1,5,1,47,0,0,0,1,1
39,390519,2,2,0,0,0,3,3,161,0,5,8,2012,1,11,38,0,6,4,CR-418 LINCOLN HWY,TR-151 CHENOWITH RD,0,40.87831667,-84.48571667,0,12,6,0,3,2,0,1,1,10,0,10,0,0000000,99,99,99,99,99,99,0,0,0,1,0
39,390520,2,2,0,0,0,2,2,29,0,6,8,2012,2,8,53,0,4,4,CR-400 GEORGETOWN RD,CR-403 KNOX SCHOOL RD,0,40.83472222,-81.03093333,0,12,6,0,2,2,0,1,1,1,0,1,0,0000000,8,55,9,4,88,88,0,0,0,1,0
39,390521,1,1,0,1,1,1,1,27,0,6,8,2012,2,22,19,0,4,2,US-22,,66,39.44492778,-83.87117222,0,8,0,0,1,1,0,1,2,1,0,1,0,0000000,88,88,88,88,88,88,0,0,0,1,0
39,390522,1,1,0,0,0,5,5,49,0,8,8,2012,4,17,0,0,15,6,AMITY RD,,0,40.01085,-83.24849167,0,38,0,0,1,1,0,4,1,10,0,10,0,0000000,17,3,17,12,17,51,0,0,0,1,0
39,390523,5,5,0,0,0,8,8,113,2090,11,8,2012,7,23,55,1,11,1,I-75,,166,39.81076667,-84.18884444,0,12,2,0,1,1,0,1,3,10,0,10,0,0000000,23,57,0,5,0,30,0,0,0,1,1
39,390524,1,1,0,0,0,1,1,87,0,11,8,2012,7,16,50,0,15,4,CR-1,,0,38.42208056,-82.48624722,0,1,0,0,1,1,0,4,1,10,0,10,0,0000000,16,57,17,3,17,37,0,0,0,1,0
39,390525,2,2,0,0,0,4,4,83,0,12,8,2012,1,11,32,0,6,5,TR-363 KEYS RD,,0,40.37413889,-82.55899167,0,12,8,0,1,1,0,1,1,1,0,1,0,0000000,88,88,88,88,88,88,0,0,0,1,0
39,390526,1,1,0,0,0,1,1,21,0,12,8,2012,1,22,25,0,4,3,SR-55,,98,40.06127778,-83.86108333,0,35,0,0,1,1,0,4,2,1,0,1,0,0000000,99,99,99,99,99,99,0,0,0,1,0
39,390527,1,1,0,0,0,1,1,41,0,18,8,2012,7,20,58,0,14,6,WORTHINGTON RD,,0,40.20796389,-82.90527778,0,42,0,0,1,1,0,4,2,1,0,1,0,0000000,21,0,21,4,21,35,0,0,0,1,1
39,390528,1,1,0,0,0,2,2,49,0,19,8,2012,1,14,53,0,15,3,SR-104,,14,39.82516667,-83.03261667,0,1,0,0,1,1,0,1,1,1,0,1,0,0000000,14,57,15,3,15,25,0,0,0,1,0
39,390529,1,1,0,1,1,1,1,61,1610,28,8,2012,3,6,10,0,15,6,WILMER AVE,,0,39.10971389,-84.42083889,0,9,0,0,1,1,0,1,3,1,0,1,0,0000000,6,15,6,16,6,30,0,0,0,1,0
39,390530,1,1,0,1,1,1,1,49,1800,20,5,2012,1,22,23,0,2,3,SR-16 E BROAD ST,,69,39.97611111,-82.87305556,0,9,0,0,1,1,0,1,2,1,0,1,0,0000000,22,24,22,29,22,58,0,0,0,1,0
39,390531,2,1,1,2,2,1,1,125,0,17,6,2012,1,14,2,0,3,2,US-127,,74,41.09853056,-84.57338333,0,8,0,0,1,1,0,1,1,10,0,10,0,0000000,14,2,14,20,14,42,0,0,0,1,0
39,390532,2,2,0,0,0,3,3,49,2270,18,6,2012,2,16,12,0,5,3,SR-257,,12,40.11755,-83.10940833,0,12,1,0,1,1,0,1,1,1,0,1,0,0000000,16,18,16,41,17,2,0,0,0,1,0
39,390533,2,2,0,0,0,2,2,131,0,19,6,2012,3,13,53,0,4,3,SR-220 NORTH ST,,60,39.12986111,-83.01326944,0,12,2,0,4,1,0,1,1,1,0,1,0,0000000,99,99,99,99,99,99,0,0,0,1,0
39,390534,2,2,0,0,0,3,3,143,0,20,6,2012,4,2,0,1,2,2,US-6 MAIN ST,,83,41.34135,-83.25467222,0,12,2,0,1,1,0,1,2,1,0,1,0,0000000,1,59,2,9,99,99,0,0,0,1,1
39,390535,3,3,0,0,0,4,4,49,0,21,6,2012,5,23,19,1,13,2,US-23 S HIGH ST,SR-317 LONDON-GROVEPORT RD,21,39.83307778,-83.00020278,0,12,1,0,3,1,0,1,2,1,0,1,0,0000000,23,22,23,29,88,88,0,0,0,1,0
39,390536,2,2,0,0,0,2,2,135,0,23,6,2012,7,5,15,0,6,4,CR-65 QUAKER TRACE RD,,60,39.65762778,-84.57487778,0,12,2,0,1,1,0,1,4,1,0,1,0,0000000,5,24,5,39,99,99,0,0,0,1,0
39,390537,1,1,0,0,0,2,2,7,3327,23,6,2012,7,14,43,0,4,3,SR-307,,22,41.75953056,-80.95951111,0,31,0,0,1,1,0,4,1,1,0,1,0,0000000,14,46,14,51,15,10,0,0,0,1,0
39,390539,2,2,0,0,0,4,4,57,0,23,6,2012,7,19,59,0,4,3,SR-72,BRICKEL RD,90,39.67905278,-83.73925,0,12,2,0,2,3,0,1,1,1,0,1,0,0000000,19,59,20,8,20,49,0,0,0,2,0
39,390540,1,1,0,1,1,1,1,23,7800,24,6,2012,1,18,23,0,16,4,CR-700 MT VERNON,,4,39.92887222,-83.79947778,0,33,0,0,1,1,0,4,1,1,0,1,0,0000000,18,24,18,27,88,88,20,0,0,1,1
39,390541,2,2,0,0,0,3,3,155,1025,26,6,2012,3,12,33,0,2,3,SR-82,SR-7,86,41.22880833,-80.56803611,0,1,0,0,2,2,0,1,1,1,0,1,0,0000000,12,33,12,34,99,99,0,0,0,2,0
39,390542,2,2,0,0,0,2,2,63,0,26,6,2012,3,23,9,0,4,4,CR-18,CR-236,0,41.11460278,-83.59292222,0,12,6,0,2,4,0,1,2,1,0,1,0,0000000,88,88,88,88,88,88,0,0,0,1,0
39,390543,1,1,0,0,0,1,1,49,1800,26,6,2012,3,2,56,1,11,1,I-71,,259,40.07972222,-82.9875,0,52,0,0,1,1,0,4,3,1,0,1,0,0000000,88,88,88,88,88,88,0,0,0,1,0
39,390544,2,2,0,0,0,2,2,49,1800,18,7,2012,4,1,57,1,11,1,I-71,,143,39.93931944,-83.00951944,0,12,6,0,1,1,0,1,3,1,0,1,0,0000000,1,57,2,1,2,46,0,0,0,1,1
39,390545,1,1,0,0,0,1,1,139,4680,4,8,2012,7,7,46,1,13,2,US-30,,110,40.77726111,-82.52853611,0,23,0,0,1,1,0,4,1,1,0,1,0,0000000,7,47,7,56,88,88,0,0,0,1,0
39,390546,1,1,0,1,1,2,2,57,0,4,8,2012,7,23,5,0,13,3,SR-444,,36,39.80230278,-84.0369,0,9,0,0,1,1,0,1,2,10,0,10,0,0000000,23,9,23,12,23,54,0,0,0,1,0
39,390547,1,1,0,0,0,2,2,93,0,17,8,2012,6,0,4,0,14,3,SR-252,,34,41.32253889,-81.90928333,0,24,0,0,1,1,0,4,2,10,0,10,0,0000000,0,18,0,38,1,25,0,0,0,1,1
39,390548,1,1,0,0,0,1,1,95,0,23,8,2012,5,21,45,0,6,6,PARK COLONY RD,CORDUROY RD,0,41.66107222,-83.27978333,0,35,0,0,3,3,0,4,2,1,0,1,0,0000000,21,50,21,57,23,35,0,0,0,1,1
39,390549,1,1,0,1,1,1,1,49,1800,27,8,2012,2,5,15,0,13,6,HAMILTON RD,,0,39.99598333,-82.868475,0,9,0,0,1,1,0,1,2,1,0,1,0,0000000,5,18,5,25,5,42,0,0,0,1,0
39,390550,1,1,0,0,0,2,2,173,0,29,8,2012,4,21,50,0,6,6,DOWLING RD,,0,41.4779,-83.59055833,0,42,0,0,1,1,0,4,2,1,0,1,0,0000000,21,50,21,59,23,15,0,0,0,1,1
39,390551,2,2,0,0,0,2,2,43,0,1,9,2012,7,6,54,0,4,4,CR-10 BOGART RD,,0,41.39671667,-82.71300833,0,12,8,0,1,1,0,1,4,1,0,1,0,0000000,7,11,7,18,8,15,0,0,0,1,1
39,390552,2,2,0,0,0,2,2,5,0,27,6,2012,4,19,0,0,3,3,SR-60,,22,40.66228611,-82.230525,0,12,2,0,1,1,0,1,1,1,0,1,0,0000000,19,5,19,13,19,55,0,0,0,1,0