STATE,ST_CASE,VE_TOTAL,VE_FORMS,PVH_INVL,PEDS,PERNOTMVIT,PERMVIT,PERSONS,COUNTY,CITY,DAY,MONTH,YEAR,DAY_WEEK,HOUR,MINUTE,NHS,ROAD_FNC,ROUTE,TWAY_ID,TWAY_ID2,MILEPT,LATITUDE,LONGITUD,SP_JUR,HARM_EV,MAN_COLL,RELJCT1,RELJCT2,TYP_INT,WRK_ZONE,REL_ROAD,LGT_COND,WEATHER1,WEATHER2,WEATHER,SCH_BUS,RAIL,NOT_HOUR,NOT_MIN,ARR_HOUR,ARR_MIN,HOSP_HR,HOSP_MN,CF1,CF2,CF3,FATALS,DRUNK_DR
39,390553,2,2,0,0,0,2,2,113,0,28,6,2012,5,1,47,1,1,1,I-75,,36,39.64401667,-84.23284167,0,12,1,0,1,1,0,1,3,10,0,10,0,0000000,1,47,1,56,88,88,0,0,0,1,1
39,390554,2,2,0,0,0,4,4,149,0,29,6,2012,6,9,54,0,6,4,CR-15 SHARP RD,TR-166 SCOTT RD,9,40.34568611,-84.18882778,0,12,1,0,2,2,0,1,1,1,0,1,0,0000000,9,58,10,6,10,24,0,0,0,1,0
39,390555,3,3,0,0,0,3,3,151,0,29,6,2012,6,14,30,0,3,3,SR-800 CLEVELAND AVE SE,,37,40.70691944,-81.34568056,0,12,2,0,1,1,0,1,1,1,0,1,0,0000000,14,33,14,37,15,10,0,0,0,1,0
39,390556,1,1,0,0,0,2,2,119,9260,29,6,2012,6,8,17,1,11,1,I-70,,114,39.948175,-82.02010833,0,30,0,0,1,1,0,4,1,1,0,1,0,0000000,8,19,8,21,88,88,0,0,0,2,0
39,390557,1,1,0,0,0,1,1,27,0,30,6,2012,7,16,26,1,1,1,I-71,,80,39.51609444,-83.85405833,0,38,0,0,1,1,0,4,1,1,0,1,0,0000000,16,31,16,38,88,88,0,0,0,1,0
39,390558,2,2,0,0,0,2,2,103,0,30,6,2012,7,3,20,0,4,2,US-42 LAFAYETTE RD,,8,41.00239167,-82.06606111,0,12,2,0,1,1,0,1,2,10,0,10,0,0000000,3,21,3,28,4,6,0,0,0,1,1
39,390559,2,2,0,0,0,5,5,5,0,30,6,2012,7,16,56,0,4,2,US-42,SR-302,147,40.91421389,-82.19342778,0,12,6,0,2,2,0,1,1,1,0,1,0,0000000,16,51,17,0,17,14,0,0,0,1,1
39,390560,2,2,0,0,0,2,2,49,6890,1,7,2012,1,7,20,1,2,2,US-40 E MAIN ST,LANCASTER AVE,241,39.95527778,-82.80277778,0,12,6,0,2,2,0,1,1,1,0,1,0,0000000,7,22,7,26,7,50,0,0,0,2,1
39,390561,2,2,0,0,0,5,5,151,0,1,7,2012,1,19,12,0,15,5,WOODLAWN AVE NW,,0,40.82931389,-81.43409722,0,12,2,0,1,1,0,1,1,10,0,10,0,0000000,19,18,19,26,19,35,0,0,0,2,0
39,390562,1,1,0,0,0,1,1,131,0,2,7,2012,2,18,17,0,4,3,SR-124,,7,39.07255556,-83.36970556,0,24,0,0,1,1,0,4,1,1,0,1,0,0000000,99,99,99,99,88,88,0,0,0,1,0
39,390563,2,2,0,0,0,6,6,99,0,2,7,2012,2,12,10,0,6,4,CR-28 E MIDDLETOWN RD,CR-175 UNITY RD,153,40.95795833,-80.57673889,0,12,6,0,2,2,0,1,1,1,0,1,0,0000000,12,7,12,13,12,50,0,0,0,1,0
39,390564,2,2,0,0,0,3,3,151,6565,2,7,2012,2,21,32,0,14,4,CR-86 EASTON ST,PINETREE AVE NE,0,40.87338333,-81.32283056,0,12,6,0,2,3,0,1,2,1,0,1,0,0000000,21,35,21,39,22,27,0,0,0,1,1
39,390565,2,2,0,0,0,3,3,35,1680,22,5,2012,3,5,45,1,13,3,SR-14 BROADWAY AVE,JONES RD,49,41.45118056,-81.63048056,0,12,6,0,2,2,0,1,4,1,0,1,0,0000000,5,48,5,53,6,13,0,0,0,1,1
39,390566,1,1,0,0,0,2,2,155,0,3,7,2012,3,10,4,0,3,4,CR-28 TIBBETS WICK RD,,10,41.18429722,-80.69641389,0,53,0,0,1,1,0,4,1,10,0,10,0,0000000,10,8,10,14,99,99,0,0,0,1,0
39,390567,1,1,0,0,0,1,1,165,4810,3,7,2012,3,20,2,0,16,6,TYLERSVILLE RD,,999,39.34416667,-84.2975,0,33,0,0,1,1,0,3,1,10,0,10,0,0000000,88,88,88,88,88,88,0,0,0,1,0
39,390568,2,2,0,0,0,2,2,155,2950,5,7,2012,5,13,25,1,11,1,I-80,,31,41.14836111,-80.68361944,0,25,0,0,1,1,0,3,1,10,0,10,0,0000000,13,30,13,36,14,5,0,0,0,1,0
39,390569,2,2,0,0,0,3,3,5,0,5,7,2012,5,12,53,0,4,3,SR-511,CR-500,223,40.99291389,-82.31055278,0,12,6,0,2,4,0,1,1,1,0,1,0,0000000,12,57,13,15,99,99,0,0,0,1,0
39,390570,2,2,0,0,0,2,2,129,0,5,7,2012,5,6,58,0,3,2,US-62,,18,39.75269444,-83.24801944,0,12,6,0,1,1,0,1,1,1,0,1,0,0000000,7,0,7,5,7,49,0,0,0,1,0
39,390571,1,1,0,0,0,1,1,153,70,5,7,2012,5,11,8,0,15,4,CR-10 PORTAGE TRAIL HILL,,38,41.13751111,-81.54750278,0,42,0,0,1,1,0,4,1,10,0,10,0,0000000,11,11,11,29,99,99,0,0,0,1,0
39,390572,2,2,0,0,0,3,3,27,0,6,7,2012,6,16,34,1,2,2,US-22,,128,39.45786944,-83.7659,0,12,2,0,1,1,0,1,1,1,0,1,0,0000000,16,35,16,40,17,5,0,0,0,1,0
39,390573,1,1,0,0,0,1,1,135,3120,7,7,2012,7,23,20,0,4,4,CR-21 GREENBUSH RD,,135,39.58937222,-84.53114444,0,34,0,0,1,1,0,4,2,1,0,1,0,0000000,23,23,23,35,88,88,0,0,0,1,1
39,390574,1,1,0,1,1,1,1,151,1320,7,7,2012,7,1,45,0,12,3,SR-62,,262,40.83902778,-81.31850278,0,8,0,0,1,1,0,2,2,1,0,1,0,0000000,6,4,6,26,88,88,0,0,0,1,0
39,390575,2,2,0,0,0,2,2,133,7065,7,7,2012,7,20,50,0,4,4,CR-18 TALLMADGE RD,,73,41.09937778,-81.25258889,0,12,6,0,4,1,0,1,1,1,0,1,0,0000000,20,51,20,52,21,17,0,0,0,1,1
39,390576,2,2,0,0,0,4,4,89,0,9,7,2012,2,13,55,1,2,3,SR-13 MT VERNON RD NE,,221,40.22153889,-82.44750833,0,12,6,0,1,1,0,1,1,1,0,1,0,0000000,13,56,13,59,99,99,0,0,0,1,0
39,390577,2,2,0,0,0,2,2,17,2535,9,7,2012,2,17,51,0,3,4,CR-20 TYLERSVILLE RD,,11,39.38027222,-84.53457222,0,12,6,0,4,1,0,1,1,1,0,1,0,0000000,17,52,17,56,99,99,0,0,0,1,1
39,390578,1,1,0,2,2,4,4,35,7040,19,8,2012,1,1,15,1,11,1,I-90,,72,41.47186389,-81.822775,0,8,0,0,1,1,0,1,3,1,0,1,0,0000000,1,2,1,5,1,44,0,0,0,1,0
39,390579,1,1,0,0,0,1,1,117,0,25,8,2012,7,0,20,1,1,1,I-71,,71,40.44281111,-82.79994167,0,42,0,0,1,1,0,4,2,1,0,1,0,0000000,0,25,0,35,2,35,0,0,0,1,1
39,390580,1,1,0,1,1,1,1,101,0,1,9,2012,7,0,14,0,14,4,CR-175 E FAIRGROUND ST,,0,40.60009167,-83.10191944,0,9,0,0,1,1,0,1,2,1,0,1,0,0000000,0,17,0,22,0,51,0,0,0,1,0
39,390581,1,1,0,0,0,1,1,153,70,10,7,2012,3,14,30,1,12,3,SR-59,,11,41.08703056,-81.51465556,0,1,0,1,18,1,0,1,1,10,0,10,0,0000000,14,40,14,45,88,88,0,0,0,1,0
39,390582,1,1,0,0,0,5,5,173,0,10,7,2012,3,20,38,0,4,4,CR-321 TRACY RD,,42,41.58279167,-83.52751111,0,34,0,0,1,1,0,4,1,1,0,1,0,0000000,20,39,21,9,21,28,0,0,0,1,0
39,390583,1,1,0,0,0,1,1,1,0,12,7,2012,5,15,21,0,4,3,SR-247,,205,38.97631944,-83.57718056,0,34,0,0,1,1,0,4,1,1,0,1,0,0000000,15,21,15,25,15,35,0,0,0,1,0
39,390584,2,2,0,0,0,2,2,93,0,12,7,2012,5,22,48,0,3,3,SR-58,,99,41.20638889,-82.21861111,0,12,2,0,1,1,0,1,2,1,0,1,0,0000000,23,1,23,14,23,47,0,0,0,1,1
39,390585,2,2,0,0,0,5,5,113,8710,13,7,2012,6,3,12,1,11,1,I-75,,62,39.67801667,-84.23190556,0,12,1,0,1,1,1,1,2,1,0,1,0,0000000,3,19,3,23,3,50,19,0,0,1,0
39,390586,3,3,0,0,0,4,4,15,0,13,7,2012,6,17,14,1,2,3,SR-41,,208,38.66142778,-83.76145833,0,12,8,0,1,1,0,1,1,2,0,2,0,0000000,17,14,17,21,17,36,0,0,0,2,0
39,390587,2,2,0,0,0,3,3,89,0,13,7,2012,6,13,11,0,4,3,SR-37,CR-139,192,40.02085833,-82.52446111,0,12,6,0,2,2,0,1,1,1,0,1,0,0000000,13,19,13,21,13,58,0,0,0,1,0
39,390588,1,1,0,0,0,1,1,63,0,13,7,2012,6,5,37,1,2,2,US-224,,178,41.05773889,-83.57601111,0,43,0,0,1,1,0,4,2,1,0,1,0,0000000,99,99,99,99,99,99,0,0,0,1,0
39,390589,2,2,0,0,0,4,4,61,1610,12,9,2012,4,12,33,0,5,2,US-27 COLERAIN AVE,,76,39.17124444,-84.55981944,0,12,8,0,1,1,0,1,1,1,0,1,0,0000000,12,33,12,36,13,5,0,0,0,1,0
39,390590,1,1,0,1,1,1,1,173,0,15,2,2012,4,6,13,1,1,1,I-75,SR-18 DESHLER RD,141,41.17255278,-83.65068333,0,8,0,1,3,3,0,1,2,10,0,10,0,0000000,99,99,99,99,99,99,0,0,0,1,0
39,390591,2,1,1,0,1,3,4,93,0,20,4,2012,6,22,52,1,11,1,I-80,,60,41.37707222,-82.24133889,0,14,0,0,1,1,0,4,2,2,0,2,0,0000000,23,17,23,27,99,99,0,0,0,1,0
39,390592,1,1,0,0,0,1,1,25,0,14,7,2012,7,6,28,1,2,2,US-52,,88,38.91388889,-84.24833333,0,42,0,0,1,1,0,4,4,10,0,10,0,0000000,6,20,6,29,6,52,0,0,0,1,0
39,390593,3,3,0,0,0,5,5,113,2090,15,7,2012,1,11,40,1,12,2,US-35,,141,39.74914444,-84.23057222,0,33,0,0,1,1,0,4,1,1,0,1,0,0000000,11,42,11,46,12,10,0,0,0,1,1
39,390594,1,1,0,0,0,2,2,145,0,15,7,2012,1,16,25,0,4,4,CR-28 LUCASVILLE MINFORD RD,,6,38.87183056,-82.95443889,0,34,0,0,1,1,0,4,1,10,0,10,0,0000000,16,19,16,27,17,5,0,0,0,1,0
39,390595,2,2,0,0,0,2,2,61,0,16,7,2012,2,8,11,0,4,3,SR-128 HAMILTON CLEVES RD,MORGAN RD,20,39.20074444,-84.75526111,0,12,2,0,1,1,0,1,1,1,0,1,0,0000000,8,12,8,16,8,33,0,0,0,1,1
39,390596,2,2,0,0,0,2,2,57,0,17,7,2012,3,18,58,1,1,1,I-71,,33,39.58389444,-83.67528333,0,12,1,0,1,1,0,1,1,1,0,1,0,0000000,18,58,19,20,88,88,0,0,0,1,1
39,390597,2,2,0,0,0,5,5,101,4740,17,7,2012,3,21,5,0,4,4,CR-174 POLE LANE RD,CR-167 LIKENS RD,33,40.63021944,-83.07337778,0,12,6,0,2,2,0,1,2,1,0,1,0,0000000,21,50,21,58,22,21,0,0,0,1,0
39,390598,1,1,0,1,1,2,2,153,0,17,7,2012,3,21,30,0,15,6,ALBRECHT AVE,,0,41.04125556,-81.41757778,0,8,0,0,1,1,0,1,2,10,0,10,0,0000000,21,32,21,38,88,88,0,0,0,1,0
39,390599,2,2,0,0,0,3,3,71,0,18,7,2012,4,14,25,1,2,2,US-62,,128,39.1767,-83.62000556,0,12,2,0,1,1,0,1,1,10,0,10,0,0000000,14,25,14,99,99,99,0,0,0,3,0
39,390600,1,1,0,0,0,2,2,91,0,14,8,2012,3,22,15,0,4,4,CR-1,,0,40.32290833,-83.740525,0,34,0,0,1,1,0,4,2,1,0,1,0,0000000,22,15,22,21,23,59,0,0,0,1,0
39,390601,1,1,0,1,1,1,1,61,1610,11,9,2012,3,20,29,0,16,6,CALIFORNIA AVE,OAKDALE AVE,0,39.176125,-84.47575,0,9,0,0,2,2,0,1,3,1,0,1,0,0000000,20,30,20,35,88,88,0,0,0,1,0
39,390602,2,2,0,0,0,3,3,135,0,19,7,2012,5,13,4,0,4,3,SR-503,LEXINGTON RD,142,39.76023889,-84.53411111,0,12,6,0,2,2,0,1,1,2,0,2,0,0000000,13,13,13,18,13,59,0,0,0,2,0
39,390603,1,1,0,0,0,1,1,61,2533,19,7,2012,5,22,14,0,2,4,CR-67 COLBANK RD,,4,39.1389,-84.40419722,0,33,0,0,5,1,0,4,3,1,0,1,0,0000000,22,20,22,25,88,88,0,0,0,1,1
39,390604,1,1,0,2,2,1,1,95,8120,21,7,2012,7,20,20,0,14,3,SR-65 MIAMI ST,,4,41.62036111,-83.540775,0,40,0,1,19,1,0,4,1,1,0,1,0,0000000,20,21,20,27,20,51,0,0,0,1,0
39,390605,2,2,0,0,0,3,3,165,2710,21,7,2012,7,16,37,0,16,5,TR-118 PENNYROYAL RD,,13,39.58049722,-84.26520278,0,12,2,0,1,1,0,1,1,1,0,1,0,0000000,16,34,16,37,88,88,0,0,0,1,1
39,390606,2,2,0,0,0,2,2,157,0,20,8,2012,2,20,25,1,2,2,US-250,,267,40.40148611,-81.27613333,0,12,6,0,4,1,0,1,5,10,0,10,0,0000000,20,26,20,33,88,88,0,0,0,1,1
39,390607,1,1,0,0,0,1,1,9,0,1,9,2012,7,1,30,0,4,3,SR-56,,69,39.32623333,-82.1995,0,59,0,0,1,1,0,4,2,1,0,1,0,0000000,88,88,88,88,88,88,0,0,0,1,1
39,390608,2,2,0,0,0,2,2,51,0,4,9,2012,3,11,28,0,4,3,SR-109,US-20,81,41.671625,-84.03636944,0,12,6,0,2,2,0,1,1,10,0,10,0,0000000,11,28,11,45,88,88,0,0,0,1,0
39,390609,2,2,0,0,0,4,4,145,0,5,9,2012,4,13,5,0,4,3,SR-104,,122,38.88233056,-83.02046667,0,12,7,0,4,1,0,1,1,10,0,10,0,0000000,13,6,13,15,14,12,0,0,0,1,0
39,390611,1,1,0,0,0,4,4,107,0,14,7,2012,7,2,58,0,4,3,SR-119,FLEETFOOT RD,108,40.40716667,-84.60989722,0,34,0,0,3,2,0,4,2,1,0,1,0,0000000,2,58,3,6,3,33,0,0,0,2,1
39,390612,2,2,0,1,1,5,5,35,1680,20,7,2012,6,0,45,0,14,6,DENISON AVE,W 73RD ST,0,41.46262778,-81.73877222,0,8,0,0,3,3,0,1,3,1,0,1,0,0000000,88,88,88,88,88,88,0,0,0,1,0
39,390613,1,1,0,0,0,1,1,107,0,21,7,2012,7,18,57,0,6,4,CR-196 TAMA RD,,0,40.63350556,-84.75638056,0,30,0,0,1,1,0,4,1,1,0,1,0,0000000,19,0,19,11,88,88,0,0,0,1,1
39,390614,1,1,0,0,0,2,2,49,1800,8,9,2012,7,8,17,0,13,6,MORSE RD,,0,40.05725556,-82.90489167,0,59,0,0,1,1,0,4,1,2,0,2,0,0000000,88,88,88,88,88,88,0,0,0,2,1
39,390615,1,1,0,0,0,1,1,107,0,22,7,2012,1,0,50,0,4,3,SR-49,,188,40.61677222,-84.78486111,0,11,0,0,1,1,0,1,2,1,0,1,0,0000000,0,50,1,6,88,88,0,0,0,1,0
39,390616,1,1,0,0,0,1,1,49,1800,9,9,2012,1,2,38,0,13,6,S HIGH ST,,0,39.91646667,-82.99541111,0,59,0,0,1,1,0,4,3,1,0,1,0,0000000,2,39,2,44,2,56,0,0,0,1,0
39,390618,1,1,0,1,1,2,2,141,0,3,9,2012,2,23,22,0,6,4,CR-184 ROZELLE CREEK RD,,0,39.24347778,-83.02538889,0,8,0,0,1,1,0,1,2,10,0,10,0,0000000,99,99,99,99,99,99,0,0,0,1,0
39,390619,1,1,0,1,1,1,1,95,8120,4,9,2012,3,22,32,0,13,3,SR-2,,45,41.59195833,-83.816025,0,8,0,0,1,1,0,1,2,1,0,1,0,0000000,22,33,22,38,88,88,0,0,0,1,0
39,390620,2,2,0,0,0,2,2,93,170,6,9,2012,5,22,12,0,14,3,SR-113,,90,41.36856944,-82.18065833,0,1,0,0,1,1,0,1,2,10,0,10,0,0000000,22,14,22,24,88,88,0,0,0,1,1
39,390621,1,1,0,0,0,2,2,79,0,12,9,2012,4,1,30,0,6,5,TR-191 JACK VAUGHN RD,,0,39.14628611,-82.60041667,0,42,0,0,1,1,0,4,2,1,0,1,0,0000000,88,88,88,88,88,88,0,0,0,2,0
39,390622,2,2,0,0,0,3,3,145,0,14,9,2012,6,16,24,0,4,3,SR-522,,34,38.69921111,-82.83031667,0,1,0,0,1,1,0,1,1,1,0,1,0,0000000,88,88,88,88,88,88,0,0,0,1,0
39,390623,1,1,0,0,0,1,1,35,1680,18,5,2012,6,17,12,1,11,1,I-71,,131,41.44506667,-81.77960833,0,25,0,0,1,1,0,3,1,1,0,1,0,0000000,17,12,17,20,17,42,0,0,0,1,0
39,390624,1,1,0,1,1,1,1,47,0,3,9,2012,2,20,57,0,4,3,SR-41 N,,167,39.58513889,-83.49202778,0,9,0,0,1,1,0,1,2,10,0,10,0,0000000,20,59,21,6,21,27,0,0,0,1,0
39,390625,2,2,0,0,0,3,3,47,0,4,9,2012,3,19,35,0,3,2,US-22 NE,CR-138 BOGUS RD NE,114,39.54344722,-83.37755,0,12,6,0,2,2,0,1,1,10,0,10,0,0000000,19,35,19,41,19,56,0,0,0,1,0
39,390626,2,2,0,0,0,2,2,153,70,12,7,2012,5,14,1,1,11,1,I-76 E,,76,41.05990833,-81.56021944,0,12,7,0,1,1,0,1,1,1,0,1,0,0000000,14,1,14,11,14,22,0,0,0,1,0
39,390627,2,2,0,0,0,2,2,157,3055,13,9,2012,5,8,2,0,3,3,SR-39,,179,40.49509722,-81.38873333,0,12,2,0,1,1,0,1,1,1,0,1,0,0000000,8,5,8,10,88,88,0,0,0,1,0
39,390628,1,1,0,0,0,1,1,133,0,16,9,2012,1,21,15,0,6,4,CR-278 POPE RD,,0,41.34292778,-81.16980278,0,34,0,0,1,1,0,4,2,10,0,10,0,0000000,21,26,21,33,88,88,0,0,0,1,1
39,390629,1,1,0,0,0,4,4,49,1800,22,7,2012,1,1,7,0,15,6,MCKINLEY AVE,TRABUE RD,0,39.994575,-83.08602778,0,42,0,0,1,1,0,4,3,1,0,1,0,0000000,1,16,1,25,1,47,0,0,0,2,1
39,390630,1,1,0,0,0,1,1,153,0,22,7,2012,1,16,42,1,13,3,SR-93 MANCHESTER RD,,57,40.99228056,-81.55816944,0,59,0,0,1,1,0,4,1,1,0,1,0,0000000,16,45,16,52,88,88,0,0,0,1,0
39,390631,1,1,0,0,0,1,1,171,0,22,7,2012,1,8,50,1,2,2,US-20,,165,41.66568056,-84.51036944,0,34,0,0,1,1,0,4,1,1,0,1,0,0000000,8,51,8,59,88,88,0,0,0,1,0
39,390632,1,1,0,1,1,2,2,49,1800,22,7,2012,1,22,53,0,14,6,FISHER RD,OLD HILLIARD ROME RD,0,39.97295833,-83.14643056,0,9,0,0,2,2,0,1,3,1,0,1,0,0000000,22,53,22,99,23,29,0,0,0,1,1
39,390633,2,2,0,0,0,3,3,3,0,23,7,2012,2,16,46,0,6,6,SELLERS RD,W HUME RD,0,40.66436111,-84.18443611,0,12,6,0,2,2,0,1,1,1,0,1,0,0000000,16,50,16,58,17,20,0,0,0,1,1
39,390634,1,1,0,0,0,1,1,49,0,23,7,2012,2,18,56,0,16,6,SQUAD DRIVE,,0,39.96756389,-83.22749722,0,33,0,0,1,1,0,4,1,1,0,1,0,0000000,18,56,19,0,19,8,0,0,0,1,0
39,390635,2,2,0,0,0,6,6,103,0,24,7,2012,3,11,2,1,1,1,I-71,,20,40.99721111,-81.9992,0,12,1,0,1,1,0,1,1,1,0,1,0,0000000,11,18,11,31,11,49,0,0,0,1,0
39,390636,2,2,0,0,0,4,4,171,0,24,7,2012,3,9,5,0,4,3,SR-576,CR-R,190,41.67981944,-84.63123889,0,12,6,0,2,2,0,1,1,2,0,2,0,0000000,9,17,9,38,10,25,0,0,0,1,0
39,390637,1,1,0,0,0,1,1,175,7970,24,7,2012,3,14,14,0,4,3,SR-67,,265,40.95328611,-83.17460278,0,10,0,0,6,1,0,1,1,1,0,1,0,001919L,14,10,14,14,88,88,0,0,0,1,0
39,390638,3,1,2,1,1,1,1,113,0,22,7,2012,1,12,57,0,13,3,SR-48,,164,39.80456667,-84.22154722,0,33,0,0,1,1,0,5,1,1,0,1,0,0000000,12,58,13,4,13,21,0,0,0,1,1
39,390639,1,1,0,0,0,1,1,41,0,25,7,2012,4,22,41,0,4,3,SR-229,,39,40.41464167,-83.01405556,0,30,0,0,1,1,0,4,2,1,0,1,0,0000000,22,43,22,57,88,88,0,0,0,1,1
39,390640,1,1,0,0,0,1,1,155,0,26,7,2012,5,23,30,1,13,3,SR-82,,176,41.23251111,-80.74811944,0,32,0,0,1,1,0,4,2,1,0,1,0,0000000,23,27,23,29,0,2,0,0,0,1,0
39,390641,1,1,0,0,0,3,3,117,0,26,7,2012,5,15,46,0,6,4,CR-46 JACKSON RD,,0,40.59828056,-82.74776944,0,30,0,0,1,1,0,4,1,10,0,10,0,0000000,15,46,15,55,16,16,0,0,0,1,0
39,390642,2,2,0,0,0,2,2,157,0,26,7,2012,5,16,58,0,15,4,CR-102 FT LAURENS RD,,0,40.61313333,-81.48576389,0,12,6,0,4,1,0,1,1,1,0,1,0,0000000,99,99,99,99,99,99,0,0,0,1,1
39,390643,1,1,0,0,0,3,3,145,0,26,7,2012,5,19,57,0,15,3,SR-140,,38,38.76181944,-82.82236111,0,42,0,0,1,1,0,4,1,2,0,2,0,0000000,19,51,20,1,99,99,0,0,0,2,0
39,390644,1,1,0,0,0,1,1,153,70,22,7,2012,1,20,55,0,14,6,MERRIMAN RD,,0,41.11543056,-81.54064167,0,42,0,0,1,1,0,4,5,1,0,1,0,0000000,88,88,88,88,88,88,0,0,0,1,1
39,390646,2,2,0,0,0,3,3,33,0,30,8,2012,5,9,46,0,6,4,CR-36 HOLMES CENTER RD,TR-59 QUAKER RD,0,40.8341,-83.01648056,0,12,6,0,2,2,0,1,1,1,0,1,0,0000000,9,51,10,12,11,8,0,0,0,1,0
39,390647,1,1,0,0,0,2,2,129,0,28,7,2012,7,16,15,0,4,3,SR-56,,299,39.51398889,-82.78458889,0,30,0,0,1,1,0,4,1,1,0,1,0,0000000,16,17,16,38,17,7,0,0,0,1,0
39,390648,1,1,0,0,0,1,1,7,382,28,7,2012,7,21,23,0,6,4,CR-14 CORK COLD SPRINGS RD,,0,41.73086389,-80.88926944,0,1,0,0,1,1,0,1,2,1,0,1,0,0000000,21,28,21,36,88,88,0,0,0,1,0
39,390649,2,2,0,0,0,4,4,17,2535,28,7,2012,7,13,19,0,14,4,CR-31 E RIVER RD,,0,39.33865556,-84.56837222,0,12,2,0,1,1,0,1,1,1,0,1,0,0000000,13,21,13,25,99,99,0,0,0,1,0
39,390650,2,2,0,0,0,2,2,139,0,30,7,2012,2,9,26,0,4,3,SR-545 OLIVESBURG RD,,49,40.8243,-82.48061389,0,12,2,0,1,1,0,1,1,1,0,1,0,0000000,9,26,9,37,99,99,0,0,0,1,0
39,390651,2,2,0,0,0,3,3,19,0,1,8,2012,4,11,30,0,3,3,SR-43 CANTON RD NW,,216,40.68831944,-81.15545833,0,12,2,0,1,1,0,1,1,1,0,1,0,0000000,11,33,11,43,12,12,0,0,0,1,0
39,390652,2,2,0,0,0,3,3,151,0,1,8,2012,4,13,20,0,3,3,SR-43,,23,40.69324722,-81.26432778,0,12,8,0,1,1,0,1,1,1,0,1,0,0000000,13,22,13,27,99,99,0,0,0,1,0
39,390654,1,1,0,0,0,1,1,37,0,4,8,2012,7,6,11,0,6,4,CR-49 GRUBBS REX RD,,0,39.96144167,-84.52971667,0,34,0,0,1,1,0,4,2,10,0,10,0,0000000,88,88,88,88,88,88,0,0,0,1,0
39,390655,1,1,0,0,0,1,1,13,0,4,8,2012,7,20,40,0,4,4,CR-72 MT HOPE RD,,0,40.10720556,-81.029525,0,43,0,0,1,1,0,4,2,10,0,10,0,0000000,20,58,21,12,22,1,0,0,0,1,1
39,390657,2,2,0,0,0,2,2,63,0,6,8,2012,2,14,43,0,6,5,TR-150,TR-184,0,40.86248611,-83.58547778,0,12,6,0,2,2,0,1,1,1,0,1,0,0000000,14,47,14,59,15,49,0,0,0,1,0
39,390658,6,6,0,0,0,6,6,165,0,6,8,2012,2,9,50,1,1,1,I-71,,137,39.41388889,-84.135,0,12,1,0,1,1,1,1,1,1,0,1,0,0000000,9,52,10,2,10,41,0,0,0,1,0
39,390659,2,2,0,0,0,3,3,95,0,7,8,2012,3,14,43,0,6,6,GARDEN RD,,0,41.59566111,-83.69799167,0,12,6,0,4,1,0,1,1,1,0,1,0,0000000,14,45,14,53,15,99,0,0,0,1,0
39,390660,1,1,0,0,0,1,1,143,0,8,8,2012,4,14,38,1,11,1,I-80,,121,41.40283889,-83.11695,0,59,0,0,1,1,0,4,1,1,0,1,0,0000000,14,99,14,50,88,88,0,0,0,1,0
39,390661,1,1,0,1,1,1,1,13,0,8,8,2012,4,1,30,0,14,2,US-40,,219,40.07148611,-80.84870278,0,8,0,0,1,1,0,1,2,1,0,1,0,0000000,88,88,88,88,88,88,0,0,0,1,1
39,390662,2,2,0,0,0,3,3,49,0,10,8,2012,6,20,55,0,14,6,FRANK RD,,0,39.917325,-83.01535,0,12,2,0,1,1,0,1,5,10,0,10,0,0000000,20,58,21,2,99,99,0,0,0,2,1
39,390663,1,1,0,0,0,4,4,131,0,25,8,2012,7,22,20,0,4,3,SR-335,,217,39.1566,-82.913625,0,43,0,0,1,1,0,1,2,1,0,1,0,0000000,22,24,99,99,99,99,0,0,0,1,1
39,390664,2,2,0,0,0,2,2,173,0,31,8,2012,6,5,26,1,1,1,I-80,,87,41.523925,-83.45794722,0,12,1,0,1,1,0,1,3,1,0,1,0,0000000,99,99,99,99,99,99,0,0,0,1,0
39,390665,3,3,0,0,0,3,3,51,8600,6,9,2012,5,7,50,0,13,3,SR-108,CR-D,30,41.52968889,-84.13423056,0,12,6,0,2,2,0,1,1,5,0,5,0,0000000,8,7,8,24,8,51,0,0,0,1,0
39,390666,1,1,0,0,0,2,2,155,4937,9,9,2012,1,3,42,0,4,3,SR-534,,248,41.47323611,-80.95129167,0,11,0,0,1,1,0,1,3,2,0,2,0,0000000,99,99,99,99,88,88,0,0,0,2,1
39,390668,1,1,0,0,0,1,1,25,0,11,8,2012,7,18,5,0,14,3,SR-28,,29,39.18773056,-84.25243056,0,1,0,0,1,1,0,4,1,10,0,10,0,0000000,18,17,18,28,19,2,0,0,0,1,0
39,390669,2,2,0,1,1,2,2,99,865,13,8,2012,2,23,30,0,14,3,SR-170 E MIDLOTHIAN BLVD,,134,41.06070278,-80.63613889,0,8,0,0,1,1,0,1,3,1,0,1,0,0000000,23,34,23,38,99,99,14,0,0,1,1
39,390671,1,1,0,0,0,1,1,133,0,14,8,2012,3,13,39,0,4,3,SR-88,,143,41.3128,-81.09818333,0,24,0,0,1,1,0,4,1,10,0,10,0,0000000,13,41,13,43,88,88,0,0,0,1,0
39,390672,1,1,0,0,0,2,2,113,3895,17,8,2012,6,4,20,1,11,1,I-75,,8,39.59808889,-84.23866111,0,59,0,0,1,1,2,4,3,10,1,10,0,0000000,4,20,4,29,4,47,0,0,0,2,1