STATE,ST_CASE,VE_TOTAL,VE_FORMS,PVH_INVL,PEDS,PERNOTMVIT,PERMVIT,PERSONS,COUNTY,CITY,DAY,MONTH,YEAR,DAY_WEEK,HOUR,MINUTE,NHS,ROAD_FNC,ROUTE,TWAY_ID,TWAY_ID2,MILEPT,LATITUDE,LONGITUD,SP_JUR,HARM_EV,MAN_COLL,RELJCT1,RELJCT2,TYP_INT,WRK_ZONE,REL_ROAD,LGT_COND,WEATHER1,WEATHER2,WEATHER,SCH_BUS,RAIL,NOT_HOUR,NOT_MIN,ARR_HOUR,ARR_MIN,HOSP_HR,HOSP_MN,CF1,CF2,CF3,FATALS,DRUNK_DR
39,390673,1,1,0,0,0,1,1,173,6490,17,8,2012,6,18,59,0,15,4,CR-805 DUNBRIDGE RD,REITZ RD,0,41.49265556,-83.60713333,0,43,0,0,1,1,0,4,1,1,0,1,0,0000000,19,8,19,27,88,88,0,0,0,1,1
39,390674,1,1,0,1,1,1,1,113,2090,18,8,2012,7,21,5,0,13,6,WAYNE AVE,,0,39.74723889,-84.17183056,0,8,0,0,1,1,0,1,3,1,0,1,0,0000000,21,5,21,11,21,35,0,0,0,1,0
39,390675,1,1,0,0,0,1,1,49,0,19,8,2012,1,2,28,0,14,6,BRAND RD,,0,40.11833333,-83.13194444,0,30,0,0,1,1,0,4,2,1,0,1,0,0000000,2,29,2,33,88,88,0,0,0,1,1
39,390676,2,2,0,0,0,2,2,143,0,19,8,2012,1,12,50,0,6,4,CR-92 MOUNT HOPE RD,,0,41.41733611,-83.24003889,0,12,6,0,4,1,0,1,1,1,0,1,0,0000000,12,52,13,0,13,10,0,0,0,1,1
39,390677,3,3,0,0,0,3,3,27,0,20,8,2012,2,19,33,0,3,3,SR-73,,189,39.37345,-83.73605,0,12,6,0,1,1,0,1,1,1,0,1,0,0000000,99,99,99,99,99,99,14,20,0,1,1
39,390678,1,1,0,0,0,2,2,21,0,15,7,2012,1,2,10,0,4,3,SR-559,,56,40.14620556,-83.52920556,0,1,0,0,1,1,0,1,2,1,0,1,0,0000000,99,99,99,99,99,99,0,0,0,1,1
39,390679,2,2,0,0,0,2,2,77,0,20,9,2012,5,1,2,1,2,2,US-20,TR-157 MEDUSA RD,182,41.24906944,-82.53248056,0,12,6,0,2,2,0,1,3,1,0,1,0,0000000,99,99,99,99,99,99,0,0,0,1,1
39,390680,1,1,0,0,0,1,1,23,0,23,9,2012,1,1,51,0,4,2,US-40,,233,39.92689722,-83.61676667,0,34,0,0,1,1,0,4,2,1,0,1,0,0000000,99,99,99,99,99,99,0,0,0,1,1
39,390682,1,1,0,0,0,1,1,43,0,22,8,2012,4,16,40,0,3,3,SR-4 W BOGART RD,,77,41.39694444,-82.73225833,0,1,0,0,1,1,0,1,1,1,0,1,0,0000000,16,35,16,41,16,54,0,0,0,1,0
39,390683,1,1,0,0,0,1,1,103,0,24,8,2012,6,12,2,1,2,2,US-224 GREENWHICH RD,,8,41.02745,-82.14803611,0,34,0,0,1,1,0,4,1,1,0,1,0,0000000,12,4,12,9,99,99,0,0,0,1,0
39,390684,1,1,0,0,0,1,1,7,6230,26,8,2012,1,19,20,0,3,3,SR-45,,47,41.57787222,-80.86548889,0,34,0,0,1,1,0,4,1,1,0,1,0,0000000,19,20,19,26,99,99,0,0,0,1,0
39,390685,3,3,0,0,0,6,6,123,0,26,8,2012,1,13,42,0,15,3,SR-579,CR-2 N FOSTONIA RD,0,41.60195,-83.41561667,0,12,6,0,2,2,0,1,1,1,0,1,0,0000000,13,46,13,56,14,39,14,0,0,1,0
39,390686,1,1,0,0,0,4,4,163,0,27,8,2012,2,14,31,0,6,4,CR-26A BUCKEYE BRANCH RD,,0,39.06596111,-82.42838889,0,34,0,0,1,1,0,4,1,1,0,1,0,0000000,14,31,14,58,99,99,0,0,0,1,1
39,390687,1,1,0,0,0,1,1,41,0,27,8,2012,2,9,4,0,6,5,TR-139 CLARK SHAW RD,,0,40.22876944,-83.11341111,0,42,0,0,1,1,0,4,1,10,0,10,0,0000000,9,5,9,10,88,88,0,0,0,1,0
39,390688,2,2,0,0,0,3,3,129,0,28,8,2012,3,11,19,0,4,3,SR-56,SR-24 PHERSON PIKE,83,39.65595556,-83.11947222,0,12,6,0,2,2,0,1,1,1,0,1,0,0000000,11,29,11,41,12,28,0,0,0,2,0
39,390689,2,2,0,0,0,4,4,55,4980,31,8,2012,6,10,0,0,13,3,SR-528 MADISON RD,,74,41.47156111,-81.05123889,0,12,2,0,1,1,0,1,1,1,0,1,0,0000000,10,2,10,5,99,99,0,0,0,1,0
39,390690,2,2,0,0,0,2,2,155,0,30,8,2012,5,15,20,0,4,3,SR-193 YOUNGSTOWN KINGSVILLE,,134,41.32481944,-80.65571111,0,12,2,0,1,1,0,1,1,1,0,1,0,0000000,15,20,15,23,99,99,0,0,0,1,0
39,390691,1,1,0,0,0,1,1,7,382,29,8,2012,4,19,42,0,6,4,CR-16 CLAY ST,,0,41.78205,-80.88853889,0,30,0,0,1,1,0,4,1,1,0,1,0,0000000,19,42,19,52,88,88,0,0,0,1,0
39,390692,2,2,0,0,0,4,4,109,0,29,8,2012,4,9,57,0,15,3,SR-571,,133,40.60720278,-84.34426389,0,12,8,0,1,1,0,1,1,1,0,1,0,0000000,9,58,10,8,10,48,0,0,0,1,0
39,390693,1,1,0,0,0,1,1,93,0,25,8,2012,7,14,34,0,4,4,CR-53 W RIDGE RD,,0,41.31548333,-82.15188333,0,34,0,0,1,1,0,4,1,1,0,1,0,0000000,14,33,14,39,88,88,0,0,0,1,1
39,390694,1,1,0,1,1,2,2,95,8120,10,9,2012,2,20,44,0,13,3,SR-184 ALEXIS RD,LIVINGSTON DR,54,41.72124167,-83.58708611,0,9,0,0,2,3,0,1,3,1,0,1,0,0000000,99,99,99,99,99,99,0,0,0,1,0
39,390695,3,3,0,0,0,5,5,35,6040,14,6,2012,5,17,32,0,15,6,BOSTON RD,QUEENSBRIDGE LN,0,41.27657222,-81.77143889,0,12,8,0,3,3,0,1,1,1,0,1,0,0000000,17,50,18,26,18,50,0,0,0,1,0
39,390697,1,1,0,0,0,1,1,25,0,17,9,2012,2,8,47,0,4,3,SR-133,,322,39.19225,-84.05572778,0,34,0,0,1,1,0,4,1,1,0,1,0,0000000,88,88,88,88,88,88,0,0,0,1,0
39,390698,2,2,0,0,0,4,4,89,0,25,9,2012,3,10,47,0,4,2,US-62,SR-661,149,40.22686389,-82.51963889,0,12,6,0,2,2,0,1,1,10,0,10,0,0000000,10,50,11,13,12,0,0,0,0,2,0
39,390699,2,2,0,0,0,3,3,23,5273,25,9,2012,3,14,55,0,13,3,SR-4,MIDDLE URBANA RD,180,39.95553333,-83.763075,0,12,6,0,2,3,0,1,1,10,0,10,0,0000000,15,11,15,25,15,47,0,0,0,1,0
39,390700,1,1,0,0,0,1,1,43,5060,28,9,2012,6,19,57,0,6,5,TR-116 KELLEY RD,,0,41.32689167,-82.630075,0,11,0,0,1,1,0,1,2,1,0,1,0,0000000,20,14,20,14,21,3,0,0,0,1,1
39,390701,2,2,0,0,0,2,2,35,6360,29,4,2012,1,14,12,0,14,3,SR-94,PERSHING AVE,94,41.40954722,-81.71045833,0,12,6,0,2,3,0,1,1,1,0,1,0,0000000,99,99,99,99,99,99,0,0,0,1,0
39,390702,1,1,0,1,1,5,5,145,6700,2,7,2012,2,23,7,0,6,6,8TH ST,,0,38.73583333,-82.97388889,0,8,0,0,1,1,0,1,3,1,0,1,0,0000000,99,99,99,99,99,99,0,0,0,1,0
39,390703,2,2,0,0,0,2,2,31,0,8,7,2012,1,20,14,1,2,2,US-36,,174,40.29981111,-81.89416944,0,12,8,0,1,1,0,1,1,1,0,1,0,0000000,20,15,20,24,21,5,0,0,0,1,0
39,390704,1,1,0,0,0,1,1,149,0,15,7,2012,1,10,25,0,4,3,SR-29,,205,40.27753889,-84.09369167,0,1,0,0,1,1,0,4,1,2,0,2,0,0000000,99,99,99,99,99,99,0,0,0,1,0
39,390705,1,1,0,0,0,2,2,59,0,22,7,2012,1,3,23,0,6,5,TR-342 PATTON HOLLOW RD,,4,39.97046667,-81.60674444,0,30,0,0,1,1,0,4,2,1,0,1,0,0000000,99,99,99,99,99,99,0,0,0,1,1
39,390706,1,1,0,0,0,1,1,35,970,29,7,2012,1,3,33,0,14,3,SR-82 ROYALTON RD,,133,41.32001389,-81.62681389,0,33,0,0,1,1,0,4,3,1,0,1,0,0000000,3,41,3,45,88,88,0,0,0,1,0
39,390707,2,2,0,0,0,3,3,21,8300,10,6,2012,1,13,4,0,14,2,US-36,,167,40.10590833,-83.71794444,0,12,2,0,1,1,0,1,1,1,0,1,0,0000000,13,12,13,29,13,58,0,0,0,1,0
39,390708,2,2,0,0,0,5,5,91,0,3,8,2012,6,13,35,1,2,2,US-68,,35,40.29222222,-83.76027778,0,34,0,0,1,1,0,4,1,1,0,1,0,0000000,13,37,13,50,99,99,0,0,0,2,0
39,390709,2,2,0,0,0,3,3,109,0,12,8,2012,1,14,7,0,4,3,SR-48,SR-185,168,40.16106389,-84.35551389,0,12,6,1,2,2,0,1,1,1,0,1,0,0000000,14,9,14,16,14,58,0,0,0,1,0
39,390710,1,1,0,1,1,1,1,99,9230,19,8,2012,1,3,38,0,16,3,SR-882 HILLMAN ST,,21,41.09185,-80.66399167,0,8,0,0,1,1,0,1,3,1,0,1,0,0000000,3,40,3,43,4,30,0,0,0,1,0
39,390711,2,2,0,0,0,3,3,49,0,21,8,2012,3,12,25,1,2,2,US-23,COTTAGE ST,21,39.83305556,-83.00027778,0,12,6,0,2,2,0,1,1,1,0,1,0,0000000,12,35,12,38,13,3,0,0,0,1,0
39,390712,2,2,0,0,0,4,4,113,5275,27,8,2012,2,12,17,1,11,1,I-75,,87,39.71057778,-84.22793611,0,34,0,0,1,1,0,3,1,1,0,1,0,0000000,12,17,12,26,12,48,0,0,0,2,0
39,390713,1,1,0,4,4,1,1,35,1680,29,7,2012,1,19,0,0,13,2,US-6 CLIFTON BLVD,,110,41.48723889,-81.76736667,0,26,0,0,1,1,0,5,1,1,0,1,0,0000000,19,5,19,18,19,43,0,0,0,2,1
39,390714,1,1,0,1,1,1,1,35,1680,9,8,2012,5,2,15,0,14,6,CR-398 E 93RD ST,GEORGE AVE,15,41.46155833,-81.62146111,0,8,0,0,2,2,0,1,2,1,0,1,0,0000000,2,14,2,18,2,38,0,0,0,1,1
39,390715,2,2,0,0,0,3,3,61,0,18,8,2012,7,9,53,1,2,2,US-27 COLERAIN AVE,HAVERKOS DR,137,39.25138611,-84.59801111,0,12,6,0,2,2,0,1,1,1,0,1,0,0000000,9,53,9,57,10,24,0,0,0,1,0
39,390716,1,1,0,0,0,2,2,107,0,26,8,2012,1,3,57,0,6,4,CR-70 PHILOTHEA RD,,37,40.45056944,-84.67310833,0,34,0,0,1,1,0,4,2,1,0,1,0,0000000,4,14,4,14,4,34,0,0,0,1,1
39,390717,1,1,0,0,0,1,1,57,2530,27,8,2012,2,16,25,0,15,4,CR-54 W GARLAND AVE,,35,40.3525,-84.055,0,33,0,0,1,1,0,4,1,1,0,1,0,0000000,99,99,99,99,99,99,0,0,0,1,1
39,390718,1,1,0,0,0,1,1,5,0,2,9,2012,1,22,21,0,3,3,SR-179,,43,40.71972222,-82.18027778,0,34,0,0,1,1,0,4,2,1,0,1,0,0000000,22,30,23,4,23,54,0,0,0,1,1
39,390719,2,2,0,0,0,2,2,173,0,2,9,2012,1,16,47,1,2,2,US-6 BOWLING GREEN RD EAST,,192,41.36203333,-83.52973333,0,12,2,0,1,1,0,1,1,1,0,1,0,0000000,99,99,99,99,99,99,0,0,0,1,0
39,390720,1,1,0,0,0,3,3,83,0,3,9,2012,2,9,58,0,4,2,US-62,,138,40.46322222,-82.19629444,0,24,0,0,1,1,0,4,1,1,0,1,0,0000000,9,54,99,99,99,99,0,0,0,1,1
39,390721,2,2,0,0,0,2,2,77,0,4,9,2012,3,9,56,0,3,2,US-224 DELPHI,CR-150 NEW STATE RD,114,41.03091111,-82.60785278,0,12,6,0,2,2,0,1,1,2,10,2,0,0000000,9,57,10,6,99,99,0,0,0,1,0
39,390722,2,2,0,0,0,3,3,23,0,4,9,2012,3,3,37,1,1,1,I-70,,99999,39.877525,-83.96379167,0,12,1,0,1,1,0,1,2,1,0,1,0,0000000,3,45,3,58,88,88,0,0,0,1,0
39,390723,1,1,0,0,0,1,1,71,0,7,9,2012,6,21,15,0,6,4,CR-83 N BEACH RD,,11,39.20956111,-83.48398056,0,30,0,0,1,1,0,4,2,1,0,1,0,0000000,21,15,21,20,88,88,0,0,0,1,1
39,390724,2,2,0,1,1,4,4,35,2040,2,9,2012,1,21,47,1,1,1,I-77,,111,41.43625833,-81.64965556,0,8,0,0,1,1,0,1,3,1,0,1,0,0000000,21,50,21,54,99,99,14,0,0,1,0
39,390725,4,3,1,0,0,5,5,49,1800,2,9,2012,1,17,54,0,14,4,CR-125 CLIME RD,DEMOREST RD,50,39.92772778,-83.090525,0,12,7,0,2,4,0,1,1,10,1,10,0,0000000,99,99,99,99,99,99,0,0,0,1,0
39,390726,1,1,0,1,1,0,0,143,1740,4,9,2012,3,17,37,0,5,6,S MULBERRY ST,,6,41.30163889,-82.9805,0,8,0,0,1,1,0,1,1,1,0,1,0,0000000,99,99,99,99,99,99,0,0,0,1,0
39,390727,2,2,0,0,0,3,3,119,3602,8,9,2012,7,19,8,1,1,1,I-70,,21,39.95083333,-82.175,0,24,0,0,1,1,0,3,1,1,0,1,0,0000000,19,13,19,20,99,99,0,0,0,1,0
39,390728,2,2,0,0,0,6,6,131,0,8,9,2012,7,1,36,0,2,3,SR-32,US-23,151,39.04527778,-83.02694444,0,12,6,1,2,2,0,1,2,10,0,10,0,0000000,1,59,99,99,99,99,0,0,0,1,1
39,390729,1,1,0,0,0,2,2,113,0,9,9,2012,1,1,56,0,15,5,TR-71 BRANTFORD RD,,5,39.83442222,-84.21751667,0,30,0,0,1,1,0,4,2,10,0,10,0,0000000,1,57,2,6,2,23,0,0,0,1,1
39,390730,1,1,0,0,0,4,4,141,0,9,9,2012,1,5,30,0,6,4,CR-92 NORMAN HILL RD,,70,39.3593,-83.16448056,0,42,0,0,1,1,0,4,2,1,0,1,0,0000000,5,34,5,44,99,99,0,0,0,1,0
39,390731,2,1,1,0,0,1,1,29,0,10,9,2012,2,22,5,0,15,4,CR-424 Y AND O RD,,35,40.66251667,-80.63760278,0,52,0,0,1,1,0,4,2,1,0,1,0,0000000,22,6,22,8,22,99,0,0,0,1,1
39,390732,2,2,0,0,0,2,2,23,0,11,9,2012,3,16,10,0,15,3,SR-235 DAYTON LAKEVIEW RD,,8,39.88935556,-84.04746944,0,12,6,0,4,1,0,1,1,1,0,1,0,0000000,16,99,16,15,99,99,0,0,0,1,0
39,390733,2,2,0,0,0,3,3,169,0,12,9,2012,4,13,25,0,3,3,SR-585 AKRON RD,,85,40.89859444,-81.806225,0,12,2,0,1,1,0,1,1,1,0,1,0,0000000,13,28,13,36,14,10,0,0,0,1,0
39,390734,3,3,0,0,0,4,4,27,0,13,9,2012,5,4,8,1,1,1,I-71,,45,39.49528056,-83.91431667,0,12,1,0,1,1,0,1,3,1,0,1,0,0000000,4,23,4,34,5,29,14,0,0,1,0
39,390735,1,1,0,0,0,2,2,129,0,15,9,2012,7,2,40,0,6,5,TR-159 BALLAH RD,,10,39.78089722,-83.18151667,0,53,0,0,1,1,0,4,2,1,0,1,0,0000000,2,46,2,55,99,99,0,0,0,1,1
39,390736,2,2,0,0,0,8,8,169,1285,15,9,2012,7,19,0,0,3,3,SR-3 CLEVELAND RD,CR-48 E PLEASANT HOME RD,231,40.91558889,-81.91027778,0,12,6,0,2,2,0,1,1,1,0,1,0,0000000,19,7,19,38,20,4,0,0,0,1,0
39,390737,2,2,0,0,0,2,2,113,5275,11,9,2012,3,15,53,1,13,3,SR-4 DAYTON GERMANTOWN PIKE,S UNION RD,72,39.67789444,-84.30876389,0,12,6,0,2,2,0,1,1,1,0,1,0,0000000,99,99,99,99,99,99,0,0,0,1,0
39,390738,2,2,0,0,0,3,3,25,0,21,9,2012,6,15,11,0,16,4,CR-20 BRANCH HILL MIAMIVILLE,,0,39.21895833,-84.30193056,0,12,8,0,1,1,0,1,1,1,0,1,0,0000000,14,59,15,8,88,88,0,0,0,1,0
39,390739,2,2,0,0,0,3,3,13,0,22,9,2012,7,0,48,1,12,3,SR-7,,182,40.0477,-80.73336944,0,12,6,0,1,1,0,1,3,10,0,10,0,0000000,0,50,0,56,1,36,0,0,0,1,1
39,390740,2,2,0,0,0,4,4,83,0,23,9,2012,1,16,20,0,3,3,SR-3 WOOSTER RD,,218,40.44170833,-82.44468889,0,12,6,0,1,1,0,1,1,1,0,1,0,0000000,16,27,16,38,18,40,0,0,0,2,0
39,390741,1,1,0,0,0,1,1,15,0,26,9,2012,4,2,43,0,5,3,SR-221,,12,38.80553889,-83.95773056,0,35,0,0,1,1,1,4,2,2,0,2,0,0000000,2,43,2,52,5,4,0,0,0,1,1
39,390742,2,1,1,1,1,1,1,49,1800,29,9,2012,7,3,45,1,11,1,I-71,,241,40.058725,-82.99823333,0,14,0,0,1,1,0,2,3,1,0,1,0,0000000,3,46,3,54,4,8,0,0,0,1,1
39,390743,2,2,0,0,0,6,6,97,0,18,9,2012,3,14,23,0,3,3,SR-142 PLAIN CITY GEORGESVILLE,,122,39.96101389,-83.25606389,0,12,2,0,1,1,0,1,1,10,0,10,0,0000000,14,26,14,36,15,6,0,0,0,1,0
39,390744,2,1,1,0,0,1,1,155,0,19,9,2012,4,16,35,0,3,4,CR-1103 W LIBERTY ST,,7,41.13891944,-80.7282,0,24,0,0,1,1,0,4,1,1,0,1,0,0000000,16,39,16,45,99,99,0,0,0,1,0
39,390745,2,2,0,0,0,2,2,55,3648,19,9,2012,4,16,25,0,6,4,CR-37CLAY ST,CR-14 CHARDON WINDSOR RD,19,41.52859167,-81.07120278,0,12,6,0,2,2,0,1,1,1,0,1,0,0000000,16,29,16,36,99,99,0,0,0,1,0
39,390746,1,1,0,0,0,1,1,61,5260,20,9,2012,5,3,45,1,11,1,I-71,,175,39.27085278,-84.35123056,0,32,0,1,5,1,0,4,2,1,0,1,0,0000000,99,99,99,99,88,88,0,0,0,1,1
39,390747,1,1,0,0,0,1,1,49,1800,23,9,2012,1,4,17,0,15,4,CR-335 CORR RD,,9,39.90536667,-82.98055833,0,42,0,0,1,1,0,4,2,1,0,1,0,0000000,4,26,4,29,88,88,0,0,0,1,1
39,390748,1,1,0,0,0,5,5,61,1610,23,9,2012,1,3,15,0,13,2,US-42 READING RD,,19,39.11007222,-84.50440833,0,33,0,0,1,1,0,4,3,1,0,1,0,0000000,3,18,3,22,3,50,0,0,0,1,1
39,390749,2,2,0,0,0,3,3,165,0,24,9,2012,2,8,50,0,6,4,CR-278 HART RD,TR-102 KIRBY RD,21,39.47551944,-84.22664167,0,12,6,0,2,4,0,1,1,1,0,1,0,0000000,8,50,8,55,88,88,0,0,0,1,0
39,390750,1,1,0,0,0,2,2,127,0,29,9,2012,7,0,54,0,5,3,SR-188,,12,39.85861111,-82.45416667,0,24,0,0,1,1,0,4,2,10,0,10,0,0000000,1,1,1,15,88,88,0,0,0,1,1
39,390751,2,2,0,0,0,2,2,109,0,4,10,2012,5,13,45,0,6,4,CR-89 KLINGER RD,,16,40.14119722,-84.39898889,0,12,2,0,1,1,0,1,1,1,0,1,0,0000000,99,99,99,99,99,99,0,0,0,1,0
39,390752,1,1,0,0,0,1,1,109,0,9,10,2012,3,2,46,0,2,4,CR-193 TROY URBANA RD,,33,40.06805556,-84.15916667,0,34,0,0,1,1,0,4,2,1,0,1,0,0000000,99,99,99,99,88,88,0,0,0,1,0
39,390753,1,1,0,0,0,1,1,49,1800,30,9,2012,1,4,53,0,14,6,E 5TH AVE,,0,39.98515278,-82.95565556,0,30,0,0,1,1,0,4,3,1,0,1,0,0000000,99,99,99,99,88,88,0,0,0,1,1
39,390754,2,2,0,0,0,2,2,99,0,3,10,2012,4,21,5,0,3,3,SR-7,,27,40.93832778,-80.65415278,0,12,2,0,1,1,0,1,2,1,0,1,0,0000000,21,5,21,14,21,58,0,0,0,1,1
39,390755,2,2,0,0,0,2,2,29,0,2,10,2012,3,12,13,0,4,4,CR-400 GEORGETOWN RD,CR-405 WESTVILLE LAKE RD,0,40.84301667,-80.99424167,0,12,6,0,2,2,0,1,1,2,0,2,0,0000000,12,13,12,22,14,0,0,0,0,1,0
39,390756,1,1,0,0,0,2,2,77,0,7,10,2012,1,11,33,0,4,3,SR-61,,222,41.27254722,-82.56635,0,53,0,0,1,1,0,4,1,10,0,10,0,0000000,11,33,11,36,12,29,0,0,0,1,0
39,390757,1,1,0,0,0,1,1,61,1610,12,10,2012,6,2,0,0,13,6,MADISON RD,,0,39.13371111,-84.4588,0,59,0,0,1,1,0,4,3,1,0,1,0,0000000,2,2,2,5,88,88,0,0,0,1,0
39,390758,1,1,0,0,0,3,3,169,0,12,8,2012,1,13,12,1,2,2,US-250,,7,40.84420278,-82.11161111,0,35,0,0,1,1,0,4,1,1,0,1,0,0000000,13,24,13,36,14,2,0,0,0,1,1
39,390759,1,1,0,1,1,2,2,95,8120,7,7,2012,7,22,9,0,14,6,HILL AVE,MCTIGUE DR,0,41.63851667,-83.67714444,0,8,0,0,3,3,0,1,2,10,0,10,0,0000000,99,99,99,99,99,99,0,0,0,1,0
39,390760,1,1,0,0,0,1,1,61,2652,23,9,2012,1,13,6,0,16,6,CREST RD,,0,39.29240278,-84.56361667,0,33,0,0,1,1,0,4,1,10,0,10,0,0000000,13,6,13,13,13,38,0,0,0,1,0
39,390762,2,2,0,0,0,2,2,129,0,26,9,2012,4,23,56,0,4,4,CR-143 WELCH RD,,0,39.79336389,-83.07507778,0,12,2,0,1,1,0,1,2,10,0,10,0,0000000,23,56,0,16,0,49,0,0,0,1,1
39,390763,2,2,0,0,0,6,6,113,0,6,10,2012,7,16,49,0,6,6,FARMERSVILLE WEST CARROLLTON,GERMANTOWN LIBERTY RD,0,39.67290833,-84.33468056,0,12,6,0,2,2,0,1,1,1,0,1,0,0000000,16,50,17,16,17,49,0,0,0,1,0
39,390764,2,2,0,0,0,2,2,43,0,9,10,2012,3,12,35,0,3,3,SR-4,CR-15 STRECKER RD,26,41.32475556,-82.76673056,0,12,6,0,2,2,0,1,1,1,0,1,0,0000000,12,42,12,56,13,28,0,0,0,1,0
39,390765,2,2,0,0,0,4,4,21,0,10,10,2012,4,9,45,0,4,2,US-36,LUDLOW RD,194,40.10696389,-83.66773889,0,12,6,0,2,2,0,1,1,10,0,10,0,0000000,9,53,10,2,10,27,0,0,0,1,0
39,390766,2,2,0,0,0,2,2,61,0,24,9,2012,2,19,31,0,13,3,SR-264 GLENWAY AVE,KAREN AVE,83,39.15287778,-84.62803056,0,12,6,0,3,3,0,1,5,1,0,1,0,0000000,19,31,19,34,20,4,0,0,0,1,0
39,390767,1,1,0,0,0,2,2,127,0,16,7,2012,2,21,6,0,6,5,TR-1064,,0,39.91181667,-82.41109167,0,5,0,0,1,1,0,1,2,1,0,1,0,0000000,21,6,21,8,21,30,0,0,0,1,0
39,390768,2,2,0,0,0,3,3,61,1610,19,10,2012,6,18,53,0,15,6,KIRBY AVE,,0,39.18128611,-84.55711111,0,12,6,0,1,1,0,1,3,2,0,2,0,0000000,18,55,19,6,19,59,0,0,0,2,0
39,390769,3,3,0,0,0,4,4,169,0,5,10,2012,6,5,20,0,3,3,SR-83,,239,40.96926389,-81.99596111,0,12,2,0,1,1,0,1,2,1,0,1,0,0000000,5,20,5,26,6,17,0,0,0,1,1
39,390770,2,2,0,0,0,2,2,151,0,5,10,2012,6,12,4,0,3,3,SR-153,ANDERSON AVE,139,40.8342,-81.11534444,0,12,6,0,2,2,0,1,1,10,0,10,0,0000000,12,8,12,15,12,45,0,0,0,1,0
39,390771,2,2,0,0,0,3,3,7,0,11,10,2012,5,14,0,1,1,1,I-90,,162,41.84353056,-80.71888611,0,12,6,0,1,1,0,1,1,1,0,1,0,0000000,14,4,14,18,88,88,0,0,0,2,0
39,390772,3,3,0,0,0,3,3,151,0,6,6,2012,4,20,48,0,16,6,FRANK AVE,HUCKLEBERRY ST,0,40.88505278,-81.44120833,0,12,1,0,2,3,0,1,5,1,0,1,0,0000000,88,88,88,88,88,88,0,0,0,1,1
39,390773,1,1,0,0,0,1,1,35,1050,15,7,2012,1,4,29,0,16,6,HOLLAND RD,,0,41.39572778,-81.80657222,0,30,0,0,1,1,0,4,3,1,0,1,0,0000000,4,30,4,32,4,58,0,0,0,1,1
39,390774,4,4,0,0,0,5,5,49,0,23,7,2012,2,18,22,0,14,2,US-62,,239,39.20046667,-83.61196667,0,12,1,0,1,1,0,1,1,1,0,1,0,0000000,18,22,18,27,18,45,0,0,0,1,1
39,390775,2,2,0,0,0,2,2,125,0,19,9,2012,4,7,31,0,4,3,SR-111,,231,41.19461667,-84.45299167,0,12,1,0,1,1,1,1,1,1,0,1,0,0000000,7,33,7,44,88,88,0,0,0,1,0
39,390776,1,1,0,0,0,2,2,61,7450,15,9,2012,7,20,58,1,11,1,I-75,,172,39.29073056,-84.43820556,0,25,0,1,5,1,0,2,3,1,0,1,0,0000000,21,7,21,16,88,88,0,0,0,2,0
39,390777,3,3,0,0,0,3,3,41,0,15,10,2012,2,16,35,0,4,3,SR-315,,65,40.22668333,-83.06471944,0,12,8,0,1,1,0,1,1,10,0,10,0,0000000,16,36,16,43,16,59,0,0,0,1,0
39,390778,1,1,0,0,0,1,1,155,0,11,10,2012,5,1,29,0,3,3,SR-5,,261,41.38830556,-80.67171389,0,42,0,0,1,1,0,4,2,10,0,10,0,0000000,2,58,3,17,88,88,0,0,0,1,1
39,390779,2,2,0,0,0,7,7,9,0,12,10,2012,6,16,15,1,13,2,US-33,CR-7,122,39.36801389,-82.119575,0,12,6,0,2,2,0,1,1,1,0,1,0,0000000,16,48,16,53,17,15,0,0,0,1,0
39,390780,2,2,0,0,0,2,2,15,0,12,10,2012,6,19,20,0,2,3,SR-32,CR-24C,160,38.97374167,-83.74044722,0,12,6,0,2,2,0,1,2,1,0,1,0,0000000,19,39,19,54,88,88,0,0,0,1,0
39,390781,1,1,0,0,0,1,1,165,0,14,10,2012,1,1,11,0,16,6,4TH ST,WALNUT ST,0,39.30356111,-84.08796944,0,1,0,0,3,3,0,1,2,1,0,1,0,0000000,88,88,88,88,88,88,0,0,0,1,1
39,390782,2,2,0,0,0,5,5,49,1800,25,8,2012,7,1,11,0,16,6,COLLEGE AVE,,0,39.93193056,-82.92738333,0,12,1,0,1,1,0,1,3,1,0,1,0,0000000,88,88,88,88,88,88,0,0,0,1,1
39,390783,2,2,0,1,1,2,2,113,2090,14,10,2012,1,20,10,0,13,3,SR-48 N MAIN ST,,153,39.78915,-84.21331389,0,12,7,0,1,1,0,1,3,10,0,10,0,0000000,20,14,20,17,21,9,0,0,0,1,0
39,390784,2,2,0,0,0,5,5,19,0,27,9,2012,5,15,29,0,3,3,SR-43,SR-171 WAYNESBURG RD,161,40.61707778,-81.10347778,0,12,6,0,2,2,0,1,1,2,0,2,0,0000000,15,21,15,26,16,1,0,0,0,1,0
39,390785,2,2,0,0,0,4,4,5,0,16,10,2012,3,14,20,0,4,2,US-42,SR-302,147,40.913975,-82.19366944,0,12,6,0,2,2,0,1,1,1,0,1,0,0000000,14,29,14,41,15,18,0,0,0,1,0
39,390786,1,1,0,0,0,1,1,31,0,23,6,2012,7,23,8,0,6,4,CR-93,,0,40.34068889,-81.68319444,0,34,0,0,1,1,0,4,2,1,0,1,0,0000000,23,19,23,26,88,88,0,0,0,1,1
39,390787,2,2,0,0,0,3,3,11,0,15,10,2012,2,11,18,1,11,1,I-75,,47,40.551625,-84.16965556,0,57,0,1,5,1,0,3,1,10,0,10,0,0000000,99,99,99,99,99,99,0,0,0,2,1