STATE,ST_CASE,VE_TOTAL,VE_FORMS,PVH_INVL,PEDS,PERNOTMVIT,PERMVIT,PERSONS,COUNTY,CITY,DAY,MONTH,YEAR,DAY_WEEK,HOUR,MINUTE,NHS,ROAD_FNC,ROUTE,TWAY_ID,TWAY_ID2,MILEPT,LATITUDE,LONGITUD,SP_JUR,HARM_EV,MAN_COLL,RELJCT1,RELJCT2,TYP_INT,WRK_ZONE,REL_ROAD,LGT_COND,WEATHER1,WEATHER2,WEATHER,SCH_BUS,RAIL,NOT_HOUR,NOT_MIN,ARR_HOUR,ARR_MIN,HOSP_HR,HOSP_MN,CF1,CF2,CF3,FATALS,DRUNK_DR
39,390788,2,2,0,0,0,3,3,37,0,27,10,2012,7,13,27,0,3,2,US-127,SR-503,59,40.00108611,-84.63313333,0,12,6,0,2,2,0,1,1,1,0,1,0,0000000,13,28,13,35,99,99,0,0,0,1,0
39,390789,2,2,0,0,0,2,2,165,0,21,10,2012,1,19,29,0,14,4,CR-19 CINCINNATI DAYTON RD,,0,39.51584167,-84.33145833,0,12,6,0,1,1,0,1,2,1,0,1,0,0000000,19,29,19,33,19,50,0,0,0,1,0
39,390790,1,1,0,0,0,1,1,49,1800,26,10,2012,6,22,21,0,15,6,SHANNON RD,,0,39.89321111,-82.85208333,0,3,0,0,1,1,0,5,3,2,0,2,0,0000000,22,34,22,37,0,4,0,0,0,1,0
39,390791,1,1,0,1,1,2,2,49,1800,27,10,2012,7,4,0,0,14,6,E 5TH AVE,,0,39.98508889,-82.93048889,0,8,0,0,1,1,0,1,3,2,0,2,0,0000000,4,2,4,4,4,19,0,0,0,1,0
39,390792,2,2,0,0,0,2,2,45,0,29,10,2012,2,7,54,0,4,3,SR-204,,97,39.90251667,-82.63036667,0,12,8,0,1,1,0,1,1,2,0,2,0,0000000,7,54,7,54,8,32,0,0,0,1,0
39,390793,1,1,0,0,0,1,1,3,4220,13,6,2012,4,15,41,0,16,6,W ELM ST,,0,40.73725,-84.10516944,0,59,0,0,1,1,0,4,1,1,0,1,0,0000000,15,42,15,43,16,56,0,0,0,1,0
39,390794,2,2,0,0,0,2,2,147,0,22,9,2012,7,13,52,0,6,4,CR-33,,0,41.18479167,-83.14209722,0,12,6,0,4,1,0,1,1,10,0,10,0,0000000,13,52,13,56,14,20,0,0,0,1,0
39,390795,1,1,0,1,1,1,1,49,0,25,10,2012,5,22,8,0,14,2,US-40 W BROAD ST,OLD VILLAGE RD,59,39.95246389,-83.12366667,0,8,0,0,3,2,0,1,3,1,0,1,0,0000000,99,99,99,99,99,99,0,0,0,1,0
39,390796,1,1,0,0,0,1,1,49,0,16,4,2012,2,20,40,1,2,2,US-33 RIVERSIDE DR,,45,40.09114444,-83.10863056,0,24,0,0,1,1,0,4,5,1,0,1,0,0000000,99,99,99,99,99,99,0,0,0,1,0
39,390797,2,2,0,0,0,5,5,99,865,13,6,2012,4,16,6,0,15,4,CR-155 SOUTHERN BLVD,MAPLE AVE,14,41.00798611,-80.65328056,0,12,6,0,2,2,0,1,1,1,0,1,0,0000000,16,6,16,14,16,53,0,0,0,2,0
39,390798,1,1,0,0,0,1,1,57,558,21,7,2012,7,21,51,0,16,4,CR-121 CARTHAGE DR,,1,39.70583333,-84.05611111,0,53,0,0,1,1,0,4,2,1,0,1,0,0000000,21,52,21,58,22,20,0,0,0,1,1
39,390799,2,2,0,0,0,2,2,35,2520,24,7,2012,3,0,24,0,13,2,US-20 EUCLID AVE,US-6 HIGHLAND RD,229,41.56732222,-81.537,0,12,6,0,2,2,0,1,3,1,0,1,0,0000000,0,27,0,32,0,56,0,0,0,1,1
39,390800,2,2,0,0,0,2,2,153,6065,2,8,2012,5,13,26,0,13,3,SR-261 WADSWORTH RD,SR-21,13,41.04959444,-81.662175,0,12,6,0,2,2,0,1,1,1,0,1,0,0000000,13,26,13,99,13,44,0,0,0,1,0
39,390801,2,2,0,0,0,2,2,113,2910,4,8,2012,7,16,47,0,3,3,SR-201BRANDT PIKE,KITRIDGE RD,59,39.82550556,-84.12246667,0,12,6,0,2,2,0,1,1,1,0,1,0,0000000,16,52,16,58,99,99,0,0,0,1,0
39,390802,3,3,0,0,0,7,7,113,0,5,8,2012,1,15,31,0,4,2,US-40 W NATIONAL RD,ARLINGTON RD,31,39.866225,-84.4261,0,12,6,0,2,2,0,1,1,1,0,1,0,0000000,15,42,15,48,16,46,0,0,0,1,0
39,390803,1,1,0,0,0,1,1,45,4050,7,8,2012,3,14,29,0,16,6,SCHORRWAY DR,,0,39.73613611,-82.62727222,0,33,0,0,1,1,0,4,1,1,0,1,0,0000000,14,29,14,37,88,88,0,0,0,1,0
39,390804,1,1,0,0,0,3,3,141,0,28,8,2012,3,10,6,0,6,4,CR-184,,18,39.24351944,-83.02631944,0,32,0,0,1,1,0,4,1,1,0,1,0,0000000,10,11,10,23,11,1,0,0,0,1,0
39,390805,1,1,0,0,0,1,1,61,7450,29,8,2012,4,15,0,1,11,1,I-275,,298,39.27472222,-84.35636111,0,25,0,0,1,1,0,3,1,1,0,1,0,0000000,15,6,15,13,88,88,0,0,0,1,0
39,390806,1,1,0,0,0,2,2,67,0,15,9,2012,7,20,20,0,6,5,TR-65 BEECH RD,,6,40.28693611,-80.88569722,0,1,0,0,1,1,0,4,5,1,0,1,0,0000000,20,20,20,30,21,13,0,0,0,1,1
39,390807,2,2,0,0,0,5,5,85,9010,21,9,2012,6,21,35,0,16,3,SR-967 HARMONY LANE,,4,41.62120833,-81.42913333,0,12,6,0,4,1,0,1,3,2,0,2,0,0000000,21,36,21,40,22,4,0,0,0,1,1
39,390808,2,2,0,0,0,3,3,155,0,21,9,2012,6,22,30,0,6,4,CR-105 S CANAL ST,,12,41.15095,-80.99490833,0,12,2,0,1,1,0,1,2,10,0,10,0,0000000,22,39,99,99,99,99,0,0,0,2,1
39,390809,3,3,0,0,0,5,5,153,70,6,9,2012,5,22,10,1,11,1,I-76,,131,41.06260278,-81.47581667,0,12,2,0,1,1,0,1,3,10,0,10,0,0000000,22,12,22,17,22,41,0,0,0,1,1
39,390810,2,2,0,1,1,4,4,111,0,13,9,2012,5,21,9,0,2,3,SR-7,,110,39.63320833,-80.87569444,0,8,0,0,1,1,0,1,2,1,0,1,0,0000000,99,99,99,99,88,88,14,0,0,1,0
39,390811,1,1,0,0,0,2,2,85,0,24,9,2012,2,1,18,1,1,1,I-90,,162,41.67831944,-81.22673333,0,43,0,0,1,1,1,5,3,2,0,2,0,0000000,1,16,1,40,2,10,0,0,0,1,1
39,390812,1,1,0,0,0,2,2,77,0,25,9,2012,3,2,20,0,3,3,SR-4,,67,41.26734722,-82.79383056,0,32,0,0,1,1,0,4,2,10,0,10,0,0000000,3,15,3,31,4,7,0,0,0,1,1
39,390813,2,2,0,0,0,2,2,141,0,26,9,2012,4,15,0,0,3,3,SR-104,GATEWAY DR,147,39.36016667,-83.002825,0,12,6,0,2,2,0,1,1,10,0,10,0,0000000,15,7,15,11,15,38,0,0,0,1,0
39,390814,2,2,0,0,0,4,4,147,0,29,9,2012,7,1,13,1,2,2,US-224,CR-23,249,41.0768,-83.44010278,0,12,6,0,2,2,0,1,2,1,0,1,0,0000000,1,22,1,31,2,22,0,0,0,1,1
39,390815,2,2,0,0,0,4,4,45,0,29,9,2012,7,15,0,0,15,4,CR-20 PICKERINGTON RD,TR-223 AULT RD,106,39.91015278,-82.72793056,0,12,2,0,2,4,0,1,1,1,0,1,0,0000000,15,12,15,14,15,52,0,0,0,2,0
39,390816,2,2,0,0,0,2,2,63,0,30,9,2012,1,23,12,1,1,1,I-75,,62,40.93500556,-83.78748056,0,12,2,0,1,1,0,1,2,1,0,1,0,0000000,23,16,23,34,99,99,0,0,0,1,1
39,390817,1,1,0,1,1,1,1,95,0,2,10,2012,3,6,25,0,2,4,CR-120 W CENTRAL AVE,,108,41.67673056,-83.66863333,0,8,0,0,1,1,0,1,6,2,0,2,0,0000000,6,23,6,32,6,44,0,0,0,1,0
39,390818,3,3,0,0,0,3,3,37,0,2,10,2012,3,7,5,1,2,3,SR-49,,55,40.64716389,-84.84469167,0,12,2,0,1,1,0,1,2,2,0,2,0,0000000,99,99,99,99,99,99,14,0,0,1,0
39,390819,1,1,0,1,1,2,2,59,1260,3,10,2012,4,20,48,1,1,1,I-77,,75,39.99786667,-81.55549722,0,8,0,0,1,1,0,1,3,1,0,1,0,0000000,99,99,99,99,88,88,0,0,0,1,0
39,390820,1,1,0,0,0,1,1,95,0,6,10,2012,7,2,50,0,6,4,CR-95 E MONCLOVA RD,,17,41.56019444,-83.83729444,0,42,0,0,1,1,0,4,2,10,0,10,0,0000000,99,99,99,99,88,88,0,0,0,1,1
39,390821,2,2,0,0,0,2,2,55,0,8,10,2012,2,7,25,0,15,4,CR-4 AUBURN RD,TR-97 SHERMAN RD,72,41.53695833,-81.24342222,0,12,6,0,2,2,0,1,4,1,0,1,0,0000000,7,27,7,29,8,2,0,0,0,1,0
39,390822,1,1,0,0,0,1,1,155,3380,10,10,2012,4,17,55,0,4,4,CR-43 WARNER RD,SR-305 WILSON SHARPSVILLE RD,213,41.31123611,-80.61767778,0,24,0,0,1,1,0,4,1,10,0,10,0,0000000,17,59,18,4,18,35,20,0,0,1,1
39,390823,2,2,0,0,0,2,2,49,0,11,10,2012,5,9,1,0,3,4,CR-122 ALUMCREEK DR,RATHMELL RD,23,39.86331389,-82.9372,0,12,6,0,2,2,0,1,1,1,0,1,0,0000000,99,99,99,99,99,99,0,0,0,1,0
39,390824,1,1,0,1,1,1,1,49,1800,12,10,2012,6,19,56,0,15,4,CR-253 BRIGGS RD,,14,39.92882222,-83.06448611,0,8,0,0,1,1,0,1,3,1,0,1,0,0000000,99,99,99,99,99,99,0,0,0,1,0
39,390825,1,1,0,0,0,1,1,143,0,13,10,2012,7,19,20,0,4,4,CR-41,,25,41.31303611,-83.36868056,0,34,0,0,1,1,0,4,2,2,10,2,0,0000000,99,99,19,45,88,88,0,0,0,1,0
39,390827,1,1,0,2,2,1,1,49,1800,11,10,2012,5,19,52,0,13,4,CR-103 N HAMILTON RD,THOMPSON RD,31,40.05493611,-82.86352222,0,8,0,0,3,1,0,1,3,1,0,1,0,0000000,19,53,20,0,20,27,0,0,0,1,0
39,390828,1,1,0,1,1,1,1,17,2535,11,10,2012,5,2,47,1,13,3,SR-14 DIXIE HWY,,10,39.31600833,-84.48955833,0,8,0,0,1,1,0,1,2,1,0,1,0,0000000,2,49,2,53,88,88,0,0,0,1,0
39,390829,3,3,0,0,0,4,4,45,0,14,10,2012,1,10,0,0,5,4,CR-17 PLEASANTVILLE RD,,19,39.81621944,-82.67742222,0,12,2,0,1,1,0,1,1,10,0,10,0,0000000,10,2,10,17,10,44,14,0,0,1,0
39,390830,1,1,0,0,0,2,2,61,1610,16,10,2012,3,0,58,0,16,6,SOUTH SIDE AVE,,8,39.08385278,-84.57252222,0,33,0,0,1,1,0,4,3,1,0,1,0,0000000,99,99,99,99,99,99,0,0,0,1,1
39,390831,1,1,0,1,1,1,1,113,2090,16,10,2012,3,16,35,0,2,4,CR-605 S SMITHVILLE RD,,12,39.73040278,-84.14121667,0,9,0,0,4,1,0,1,1,1,0,1,0,0000000,16,37,17,22,99,99,0,0,0,1,0
39,390832,1,1,0,0,0,1,1,155,8440,16,10,2012,3,13,58,1,2,3,SR-11,,142,41.27163611,-80.70196111,0,30,0,0,5,1,0,4,1,10,0,10,0,0000000,14,3,14,13,14,40,0,0,0,1,0
39,390833,2,2,0,0,0,2,2,155,0,17,10,2012,4,20,38,0,16,5,TR-10 MT EVERETT RD,,4,41.17749444,-80.61666944,0,1,0,0,1,1,0,4,2,1,0,1,0,0000000,20,33,20,47,99,99,0,0,0,1,2
39,390834,1,1,0,0,0,2,2,75,0,19,10,2012,6,19,35,0,3,3,SR-83,,107,40.577575,-81.91905,0,17,0,0,1,1,0,4,2,2,0,2,0,0000000,19,38,19,46,21,18,0,0,0,1,0
39,390835,2,2,0,0,0,2,2,119,0,22,10,2012,2,11,0,0,2,4,CR-64 NORFIELD RD,,83,40.01880556,-81.80441111,0,12,1,0,1,1,0,1,1,1,0,1,0,0000000,11,8,11,21,11,43,0,0,0,1,0
39,390836,2,2,0,0,0,2,2,61,1610,22,10,2012,2,19,0,0,2,4,CR-612 MADISON RD,,79,39.16145,-84.40561111,0,12,6,0,4,1,0,1,5,10,0,10,0,0000000,19,2,19,12,99,99,0,0,0,1,1
39,390837,2,2,0,0,0,2,2,37,0,27,10,2012,7,5,29,0,3,2,US-127,SR-47,59,40.22279444,-84.57515556,0,12,6,0,2,2,0,1,2,1,0,1,0,0000000,5,29,5,41,99,99,0,0,0,1,0
39,390838,1,1,0,0,0,3,3,37,0,27,10,2012,7,17,16,0,6,5,TR-120 BYRKET RD,,30,40.04099167,-84.66658333,0,1,0,0,1,1,0,5,1,1,0,1,0,0000000,17,18,17,26,88,88,0,0,0,3,0
39,390839,1,1,0,0,0,2,2,49,1800,27,10,2012,7,0,52,1,11,1,I-70,,191,39.93175833,-82.919825,0,23,0,0,1,1,0,4,3,2,0,2,0,0000000,0,55,0,59,88,88,0,0,0,2,0
39,390840,1,1,0,0,0,1,1,161,0,10,8,2012,6,14,20,0,6,4,CR-133 JONESTOWN RD,,0,40.73119722,-84.5136,0,59,0,0,1,1,0,4,1,10,0,10,0,0000000,99,99,99,99,88,88,0,0,0,1,0
39,390841,1,1,0,0,0,1,1,165,0,1,11,2012,5,6,22,0,4,3,SR-741,,127,39.51454444,-84.23710556,0,34,0,0,1,1,0,4,2,1,0,1,0,0000000,88,88,88,88,88,88,0,0,0,1,0
39,390842,2,2,0,0,0,2,2,153,70,14,5,2012,2,16,20,1,12,3,SR-8,,11,41.07536389,-81.50422778,0,12,7,0,1,1,0,1,1,1,0,1,0,0000000,16,28,16,34,16,52,0,0,0,1,1
39,390843,1,1,0,0,0,1,1,61,0,19,10,2012,6,16,22,0,3,4,CR-358 CLOUGH PIKE,,35,39.09060278,-84.34414444,0,35,0,0,1,1,0,4,1,2,0,2,0,0000000,16,22,16,27,88,88,0,0,0,1,0
39,390844,2,2,0,0,0,2,2,151,0,22,10,2012,2,20,0,0,2,2,US-62,,320,40.8774,-81.23013333,0,12,6,0,1,1,0,1,2,10,0,10,0,0000000,20,2,20,9,20,38,0,0,0,1,0
39,390845,3,3,0,0,0,3,3,173,0,10,11,2012,7,15,52,0,4,3,SR-65,,104,41.48575833,-83.72361667,0,12,6,0,4,1,0,1,1,1,0,1,0,0000000,15,53,16,7,16,38,0,0,0,1,1
39,390846,1,1,0,0,0,3,3,157,0,21,10,2012,1,0,51,1,1,1,I-77,,144,40.41813056,-81.54474722,0,1,0,0,1,1,0,3,2,1,0,1,0,0000000,0,51,1,4,99,99,0,0,0,1,1
39,390847,1,1,0,1,1,2,2,151,1320,24,10,2012,4,20,0,0,13,3,SR-172 TUSCARAWAS ST,HARRISON AVE NW,134,40.79969167,-81.39833889,0,8,0,0,2,4,0,1,2,1,0,1,0,0000000,99,99,99,99,99,99,0,0,0,1,0
39,390848,2,2,0,0,0,2,2,169,0,25,10,2012,5,8,50,1,2,2,US-250,,282,40.68589444,-81.6797,0,12,2,0,1,1,0,1,1,1,0,1,0,0000000,99,99,99,99,99,99,0,0,0,1,1
39,390849,2,2,0,0,0,3,3,145,0,3,11,2012,7,18,36,0,4,3,SR-73,,205,38.79806667,-83.0098,0,12,2,0,1,1,0,1,2,2,0,2,0,0000000,18,36,18,44,19,27,0,0,0,1,1
39,390850,2,2,0,0,0,2,2,165,2105,25,10,2012,5,19,20,0,15,4,CR-15 COLUMBIA RD,CR-290 SIMPSON TRACE,16,39.31195833,-84.28304722,0,12,6,0,2,2,0,1,2,1,0,1,0,0000000,19,20,19,22,19,42,0,0,0,1,0
39,390851,1,1,0,0,0,1,1,93,0,6,11,2012,3,23,5,0,4,4,CR-51 BAUMHART RD,,53,41.33746389,-82.27419444,0,11,0,0,1,1,0,1,2,1,0,1,0,0000000,99,99,99,99,99,99,0,0,0,1,0
39,390852,1,1,0,1,1,2,2,35,1680,14,10,2012,1,16,0,0,15,6,ST CLAIR AVE,E 107TH ST,0,41.5401,-81.61156111,0,8,0,0,3,2,0,1,1,2,0,2,0,0000000,16,5,16,12,16,30,0,0,0,1,0
39,390853,2,2,0,0,0,2,2,129,0,22,10,2012,2,19,1,0,3,2,US-22,,232,39.62765,-82.84788889,0,12,8,0,1,1,0,1,5,1,0,1,0,0000000,99,99,99,99,99,99,0,0,0,1,0
39,390854,2,2,0,0,0,2,2,133,0,30,10,2012,3,16,3,0,4,3,SR-88,,142,41.31949167,-81.09417778,0,12,6,0,1,1,0,1,1,2,0,2,0,0000000,99,99,99,99,99,99,0,0,0,1,0
39,390855,2,2,0,0,0,2,2,5,0,1,11,2012,5,4,30,1,1,1,I-71,,104,40.87501111,-82.21305,0,12,1,0,1,1,0,1,2,2,0,2,0,0000000,99,99,99,99,99,99,0,0,0,1,0
39,390856,2,2,0,0,0,2,2,159,0,6,11,2012,3,16,15,0,6,4,CR-351 W MANSFIELD MT VICTORY,,0,40.46737222,-83.51229167,0,12,2,0,1,1,0,1,1,1,0,1,0,0000000,16,30,16,34,17,36,0,0,0,1,0
39,390857,1,1,0,0,0,2,2,85,9011,6,11,2012,3,0,29,0,15,3,SR-174 RIVER RD,,13,41.58768611,-81.41586389,0,42,0,0,1,1,0,4,2,10,0,10,0,0000000,0,35,1,10,1,47,0,0,0,1,1
39,390858,1,1,0,0,0,1,1,45,0,12,11,2012,2,18,0,0,6,4,CR-58 MAPLE ST,,0,39.87808889,-82.53644167,0,53,0,0,1,1,0,4,2,2,0,2,0,0000000,18,6,18,14,18,37,0,0,0,1,0
39,390859,3,3,0,0,0,4,4,61,0,26,10,2012,6,10,52,0,3,2,US-50,,36,39.17129167,-84.76154444,0,12,1,0,4,1,0,1,1,2,0,2,0,0000000,10,57,11,5,11,51,0,0,0,1,0
39,390860,1,1,0,0,0,6,6,57,0,4,11,2012,1,0,41,0,15,6,WAGNER RD,,0,39.68258333,-84.10213333,0,59,0,0,1,1,0,4,2,10,0,10,0,0000000,1,5,1,11,1,33,0,0,0,3,0
39,390861,1,1,0,1,1,1,1,29,7260,9,11,2012,6,21,20,0,13,3,SR-14 E STATE ST,,148,40.90096389,-80.85341667,0,8,0,0,1,1,0,1,3,10,0,10,0,0000000,21,21,21,25,21,36,0,0,0,1,1
39,390862,1,1,0,0,0,1,1,99,9230,11,11,2012,1,18,50,1,11,1,I-680 S,,65,41.08718611,-80.65035556,0,59,0,1,5,1,1,1,2,1,0,1,0,0000000,18,55,19,2,19,25,0,0,0,1,1
39,390863,2,2,0,0,0,4,4,49,3500,20,11,2012,3,8,44,0,14,6,HILLIARD ROME RD,TINAPPLE RD,0,40.01689444,-83.15653889,0,12,6,0,2,3,0,1,1,10,0,10,0,0000000,8,45,8,49,9,19,0,0,0,1,0
39,390864,1,1,0,0,0,1,1,167,0,8,11,2012,5,18,56,0,2,2,US-50,,33,39.28035,-81.68460833,0,1,0,0,1,1,0,3,2,1,0,1,0,0000000,99,99,99,99,99,99,0,0,0,1,1
39,390865,2,2,0,0,0,2,2,133,0,9,11,2012,6,0,50,1,13,3,SR-5,,59,41.15133611,-81.17486111,0,12,8,0,1,1,0,1,2,1,0,1,0,0000000,0,55,1,6,99,99,0,0,0,1,1
39,390866,2,2,0,0,0,2,2,25,0,9,11,2012,6,14,59,0,4,3,SR-133,TR-129 WEAVER RD,296,39.15909444,-84.06342778,0,12,6,0,2,2,0,1,1,1,0,1,0,0000000,99,99,99,99,88,88,0,0,0,1,0
39,390867,1,1,0,0,0,1,1,17,5010,28,9,2012,6,2,42,0,13,5,TR-179 TYTUS AVE,,53,39.53127778,-84.37348889,0,42,0,0,1,1,0,5,2,1,0,1,0,0000000,2,42,2,46,3,11,0,0,0,1,1
39,390868,1,1,0,0,0,1,1,35,1680,14,10,2012,1,7,58,0,6,4,CR-8 LEE RD,,29,41.76436111,-81.94721111,0,30,0,0,1,1,0,4,1,1,0,1,0,0000000,7,59,8,4,8,28,0,0,0,1,0
39,390869,2,2,0,0,0,2,2,67,0,16,10,2012,3,14,35,0,5,2,US-250 CADIZ-DENNISON RD,SR-151 PATTERSON RD,7,40.39111667,-81.26193889,0,12,6,0,2,3,0,1,1,1,0,1,0,0000000,14,37,14,46,15,36,0,0,0,1,0
39,390870,1,1,0,0,0,2,2,95,4840,19,10,2012,6,22,50,1,12,2,US-24,,193,41.58187778,-83.61948611,0,42,0,0,1,1,0,4,3,2,0,2,0,0000000,22,50,22,58,88,88,0,0,0,1,1
39,390871,1,1,0,0,0,1,1,129,0,9,11,2012,6,22,57,0,6,5,TR-20 DUVALL RD,,41,39.76948889,-82.90432222,0,34,0,0,1,1,0,4,2,10,0,10,0,0000000,22,57,23,7,88,88,0,0,0,1,1
39,390872,1,1,0,0,0,2,2,17,0,9,11,2012,6,3,55,0,4,4,CR-27 EATON RD,,39,39.46255556,-84.58317778,0,34,0,0,1,1,0,4,2,1,0,1,0,0000000,88,88,88,88,88,88,0,0,0,2,1
39,390873,1,1,0,0,0,1,1,117,0,10,11,2012,7,20,5,0,6,4,CR-24,,54,40.41364167,-82.85973889,0,34,0,0,1,1,0,4,2,1,0,1,0,0000000,20,10,20,19,88,88,0,0,0,1,1
39,390874,2,2,0,0,0,5,5,151,0,24,9,2012,2,20,26,0,15,4,CR-229 FRANK AVE NW,OLD SPRING ST NW,18,40.87673889,-81.44135,0,12,6,0,2,2,0,1,3,10,0,10,0,0000000,99,99,99,99,99,99,0,0,0,1,1
39,390875,1,1,0,1,1,4,4,133,0,6,11,2012,3,16,21,0,4,3,SR-88,,65,41.22373056,-81.16131389,0,8,0,0,1,1,0,1,1,1,0,1,0,0000000,16,26,16,34,99,99,0,0,0,1,0
39,390876,4,4,0,0,0,7,7,41,2150,8,11,2012,5,20,42,1,2,2,US-23,,88,40.25556111,-83.06278889,0,12,1,0,1,1,0,1,2,1,0,1,0,0000000,20,44,20,50,21,5,14,0,0,1,1
39,390877,3,3,0,0,0,5,5,49,8940,15,11,2012,5,7,50,0,13,3,SR-317 S HAMILTON RD,E MOUND ST,134,39.95111111,-82.87722222,0,12,7,0,3,1,0,1,1,1,0,1,0,0000000,7,53,7,55,8,42,0,0,0,1,0
39,390878,2,2,0,0,0,2,2,49,1800,12,11,2012,2,16,31,0,3,4,CR-177 S JAMES RD,I-70,7,39.93269167,-82.91575556,0,12,6,1,2,3,0,1,1,10,0,10,0,0000000,16,34,16,45,17,6,0,0,0,1,1
39,390879,1,1,0,0,0,2,2,13,0,17,11,2012,7,17,5,0,6,5,TR-118 N ANDERSON RUN RD,,1,39.97310278,-80.96487222,0,11,0,0,1,1,0,1,5,1,0,1,0,0000000,17,5,17,14,18,4,0,0,0,1,1
39,390880,3,3,0,0,0,4,4,25,0,21,10,2012,1,16,28,0,6,5,TR-233 DRY RUN RD,,0,39.16253056,-84.20710556,0,12,6,0,1,1,0,1,1,1,0,1,0,0000000,16,29,16,36,17,22,0,0,0,1,1
39,390881,2,2,0,0,0,7,7,25,0,5,11,2012,2,20,8,1,1,1,I-275,,54,39.18196111,-84.26504722,0,12,1,0,1,1,0,1,3,1,0,1,0,0000000,20,9,20,18,21,2,19,0,0,1,0
39,390882,5,5,0,0,0,7,7,3,0,13,11,2012,3,8,30,1,1,1,I-75,,87,40.75530278,-84.07513611,0,59,0,0,1,1,0,4,1,10,0,10,0,0000000,99,99,99,99,99,99,14,0,0,1,0
39,390883,1,1,0,1,1,1,1,11,5210,15,8,2012,4,11,30,0,6,6,N MAIN ST,,0,40.40408056,-84.37668333,0,9,0,0,1,1,0,1,1,1,0,1,0,0000000,11,48,11,58,12,29,0,0,0,1,0
39,390884,1,1,0,0,0,1,1,57,0,17,11,2012,7,20,34,0,5,4,CR-34 HUSSEY RD,,0,39.59778889,-83.82699444,0,1,0,0,1,1,0,4,2,1,0,1,0,0000000,20,34,20,47,21,21,0,0,0,1,1
39,390885,1,1,0,1,1,1,1,141,0,20,11,2012,3,18,20,0,4,3,SR-772,,143,39.30725833,-82.99365,0,8,0,0,8,1,0,1,2,1,0,1,0,0000000,88,88,88,88,88,88,0,0,0,1,0
39,390886,1,1,0,0,0,1,1,25,0,20,11,2012,3,20,16,0,15,3,SR-132,,41,38.98498889,-84.22246111,0,53,0,0,1,1,0,4,2,1,0,1,0,0000000,88,88,88,88,88,88,0,0,0,1,1
39,390887,1,1,0,0,0,3,3,29,0,24,11,2012,7,7,53,0,4,4,CR-425 E LIVERPOOL RD,,0,40.69318611,-80.65418611,0,35,0,0,1,1,0,4,1,4,0,4,0,0000000,8,1,8,6,9,55,0,0,0,1,0
39,390888,1,1,0,0,0,1,1,29,0,25,11,2012,1,4,13,0,4,3,SR-518,,15,40.70327778,-80.85813889,0,24,0,0,1,1,0,4,2,10,0,10,0,0000000,4,41,5,0,88,88,0,0,0,1,1
39,390889,1,1,0,0,0,1,1,123,0,25,11,2012,1,15,24,0,6,5,TR-53 REIMAN RD,,0,41.54293056,-83.37805,0,43,0,0,1,1,0,4,1,1,0,1,0,0000000,15,24,15,31,16,4,0,0,0,1,0
39,390890,1,1,0,1,1,1,1,23,7800,29,11,2012,5,19,10,0,6,6,E NATIONAL RD,,0,39.92297222,-83.75174167,0,8,0,0,1,1,0,1,2,10,0,10,0,0000000,99,99,99,99,99,99,0,0,0,1,0
39,390891,1,1,0,0,0,1,1,97,0,2,12,2012,1,15,47,0,5,4,CR-36 AMITY PIKE,,0,40.07455556,-83.23121667,0,34,0,0,1,1,0,4,1,10,0,10,0,0000000,15,47,15,56,88,88,0,0,0,1,0
39,390892,2,2,0,0,0,2,2,141,0,4,12,2012,3,11,1,0,6,5,TR-79 MALLOW RD,,0,39.40250556,-83.23043056,0,12,8,0,1,1,0,1,1,10,0,10,0,0000000,11,6,11,28,11,33,0,0,0,1,1
39,390893,1,1,0,1,1,1,1,95,8120,9,11,2012,6,18,5,0,13,3,SR-51 MONROE ST,,87,41.68731111,-83.61803333,0,8,0,0,1,1,0,1,3,10,0,10,0,0000000,99,99,99,99,99,99,0,0,0,1,0
39,390894,1,1,0,0,0,2,2,69,0,11,11,2012,1,0,1,0,13,3,SR-108,,184,41.42474444,-84.13253611,0,1,0,0,1,1,0,4,2,1,0,1,0,0000000,0,3,0,6,88,88,0,0,0,2,0
39,390896,1,1,0,0,0,1,1,141,0,30,11,2012,6,23,40,0,3,2,US-50,,2,39.23111667,-83.33978889,0,24,0,0,1,1,0,4,2,10,0,10,0,0000000,23,40,23,55,88,88,0,0,0,1,1
39,390897,1,1,0,1,1,1,1,145,0,3,12,2012,2,18,0,0,14,3,SR-522,,11,38.70321111,-82.85781111,0,9,0,0,1,1,0,1,2,10,0,10,0,0000000,99,99,99,99,99,99,0,0,0,1,0
39,390898,2,2,0,0,0,2,2,23,7800,3,12,2012,2,10,59,0,14,6,S WESTERN AVE,W PLEASANT ST,0,39.91991111,-83.82801111,0,12,6,0,2,2,0,1,1,10,0,10,0,0000000,88,88,88,88,88,88,0,0,0,1,0
39,390899,1,1,0,0,0,1,1,119,0,5,12,2012,4,20,10,0,3,3,SR-60 FRAZEYSBURG RD,,265,40.0604,-82.06037778,0,1,0,0,1,1,0,4,2,1,0,1,0,0000000,20,20,20,30,88,88,0,0,0,1,1
39,390900,1,1,0,0,0,1,1,93,4360,2,8,2012,5,1,30,1,13,2,US-6 W ERIE AVE,,67,41.44441944,-82.22896944,0,52,0,0,1,1,0,5,3,1,0,1,0,0000000,99,99,99,99,99,99,0,0,0,1,1