STATE,ST_CASE,VE_TOTAL,VE_FORMS,PVH_INVL,PEDS,PERNOTMVIT,PERMVIT,PERSONS,COUNTY,CITY,DAY,MONTH,YEAR,DAY_WEEK,HOUR,MINUTE,NHS,ROAD_FNC,ROUTE,TWAY_ID,TWAY_ID2,MILEPT,LATITUDE,LONGITUD,SP_JUR,HARM_EV,MAN_COLL,RELJCT1,RELJCT2,TYP_INT,WRK_ZONE,REL_ROAD,LGT_COND,WEATHER1,WEATHER2,WEATHER,SCH_BUS,RAIL,NOT_HOUR,NOT_MIN,ARR_HOUR,ARR_MIN,HOSP_HR,HOSP_MN,CF1,CF2,CF3,FATALS,DRUNK_DR
39,390901,1,1,0,0,0,2,2,65,7124,27,10,2012,7,22,24,0,4,3,SR-235,,32,40.57120556,-83.83753333,0,1,0,0,1,1,0,4,2,1,0,1,0,0000000,23,50,23,58,99,99,0,0,0,1,1
39,390902,1,1,0,1,1,1,1,63,4520,17,11,2012,7,1,48,0,4,3,SR-186 S PARK DR,,35,41.10629444,-83.78439444,0,8,0,0,1,1,0,1,3,1,0,1,0,0000000,99,99,99,99,88,88,0,0,0,1,0
39,390903,3,3,0,0,0,3,3,157,2240,20,11,2012,3,11,50,1,1,1,I-77,,247,40.54451111,-81.50121944,0,12,2,0,1,1,0,1,1,10,0,10,0,0000000,11,50,11,55,88,88,14,0,0,1,0
39,390904,1,1,0,0,0,4,4,165,0,21,11,2012,4,4,45,0,6,4,CR-25 HARVEYSBURG RD,,19,39.46611111,-83.99444444,0,1,0,0,1,1,0,5,3,10,0,10,0,0000000,4,48,5,9,88,88,0,0,0,4,1
39,390905,1,1,0,0,0,1,1,69,0,24,11,2012,7,6,44,0,16,5,TR-15,,0,41.35604444,-84.10293611,0,34,0,0,1,1,0,4,2,10,0,10,0,0000000,6,53,7,13,99,99,0,0,0,1,1
39,390907,5,5,0,0,0,6,6,35,1680,8,9,2012,7,16,19,1,12,1,I-90,,264,41.57914444,-81.54473611,0,12,8,0,1,1,0,1,1,10,0,10,0,0000000,16,15,16,17,17,6,14,0,0,1,0
39,390908,2,2,0,0,0,3,3,23,3325,1,12,2012,7,12,5,0,4,3,SR-54 S URBANA LISBON RD,PLATTSBURG RD,31,39.89635556,-83.61131111,0,12,6,0,2,2,0,1,1,10,0,10,0,0000000,12,8,12,16,14,24,0,0,0,1,0
39,390909,2,2,0,0,0,2,2,113,2090,1,12,2012,7,9,35,0,15,6,WESLEYAN RD,CORNELL DR,0,39.77624444,-84.24371944,0,12,6,0,2,2,0,1,1,10,0,10,0,0000000,9,36,9,41,10,1,0,0,0,1,0
39,390910,2,2,0,0,0,3,3,155,0,3,12,2012,2,10,27,0,3,3,SR-88 GREENVILLE RD,SR-534,25,41.39046389,-80.95476111,0,12,6,0,2,2,0,1,1,10,0,10,0,0000000,10,36,10,41,11,27,0,0,0,1,0
39,390911,2,1,1,0,0,2,2,139,4680,19,10,2012,6,19,42,0,15,6,W 6TH ST,,0,40.76331944,-82.49599167,0,14,0,0,1,1,0,7,3,2,0,2,0,0000000,19,43,19,47,20,9,0,0,0,1,0
39,390912,1,1,0,0,0,1,1,155,0,11,12,2012,3,22,25,0,4,3,SR-304,,96,41.16942222,-80.52560833,0,34,0,0,1,1,0,4,2,10,0,10,0,0000000,22,27,22,34,88,88,0,0,0,1,1
39,390913,1,1,0,1,1,1,1,113,0,12,12,2012,4,18,33,1,13,3,SR-741,,60,39.67269722,-84.22203056,0,8,0,0,1,1,0,1,2,1,0,1,0,0000000,18,33,18,35,18,57,0,0,0,1,0
39,390914,2,2,0,0,0,4,4,89,0,12,12,2012,4,4,55,1,2,3,SR-37 JOHNSTOWN ALEXANDRIA RD,MOOTS RUN RD,123,40.08327222,-82.60896944,0,12,6,0,2,2,0,1,2,1,0,1,0,0000000,99,99,99,99,99,99,0,0,0,1,0
39,390915,1,1,0,0,0,1,1,155,0,18,12,2012,3,16,43,0,4,4,CR-330 WARREN MEADVILLE RD,,0,41.29813056,-80.77018333,0,42,0,0,1,1,0,4,1,10,0,10,0,0000000,16,49,16,53,88,88,0,0,0,1,0
39,390916,1,1,0,0,0,1,1,107,1430,4,2,2012,7,18,22,0,16,6,FAIRLAWN DR,,0,40.55749722,-84.58348056,0,41,0,0,1,1,0,5,2,1,0,1,0,0000000,18,26,18,28,18,57,0,0,0,1,0
39,390917,1,1,0,0,0,2,2,17,0,5,8,2012,1,15,2,0,3,3,SR-73 TRENTON OXFORD RD,,39,39.50797778,-84.66005833,0,53,0,0,1,1,0,4,1,98,0,98,0,0000000,15,20,15,30,99,99,0,0,0,1,0
39,390918,1,1,0,1,1,1,1,11,0,20,12,2012,5,6,55,0,6,6,GLYNWOOD RD,,0,40.57601111,-84.20530833,0,8,0,0,1,1,0,1,3,1,0,1,0,0000000,6,56,7,6,88,88,0,0,0,1,0
39,390919,2,2,0,1,1,2,2,89,0,24,12,2012,2,18,50,0,6,4,CR-42 WATKINS RD,,0,39.98533333,-82.64496389,0,12,11,0,1,1,0,1,2,5,0,5,0,0000000,18,50,19,0,19,38,23,0,0,1,0
39,390920,1,1,0,0,0,2,2,99,9230,1,9,2012,7,8,38,0,4,6,MAHONING AVE,,0,41.101825,-80.65841389,0,30,0,0,1,1,0,4,1,1,0,1,0,0000000,8,43,8,47,9,4,0,0,0,1,0
39,390921,1,1,0,0,0,1,1,35,1680,1,11,2012,5,2,43,0,16,6,UNION AVE,,0,41.46331389,-81.63572778,0,33,0,0,1,1,0,4,3,2,0,2,0,0000000,2,44,2,47,88,88,0,0,0,1,1
39,390922,1,1,0,0,0,2,2,115,0,17,11,2012,7,3,0,0,6,5,TR-208 REED RD,,0,39.67518889,-81.70760833,0,42,0,0,1,1,0,4,2,1,0,1,0,0000000,7,23,7,29,88,88,0,0,0,1,1
39,390924,1,1,0,0,0,1,1,35,1680,19,5,2012,7,14,25,1,11,1,I-480,,153,41.42108333,-81.6905,0,25,0,1,7,1,0,3,1,1,0,1,0,0000000,14,27,14,36,14,55,0,0,0,1,0
39,390926,3,1,2,0,0,1,1,17,3260,21,7,2012,7,16,21,0,14,6,ROSS AVE,,0,39.40250278,-84.56925833,0,14,0,0,1,1,0,7,1,10,0,10,0,0000000,16,22,16,25,16,42,0,0,0,1,1
39,390927,1,1,0,0,0,1,1,121,0,22,5,2012,3,19,59,0,4,3,SR-566 OPPOSSUM RUN RD,,11,39.87305556,-81.4225,0,1,0,0,1,1,0,4,1,1,0,1,0,0000000,99,99,99,99,99,99,0,0,0,1,1
39,390928,2,2,0,0,0,4,4,3,0,28,7,2012,7,23,57,0,4,4,CR-270 N DIXIE HWY,,37,40.79672222,-84.01756667,0,12,6,0,8,1,0,1,2,1,0,1,0,0000000,23,57,0,5,0,44,0,0,0,1,1
39,390929,1,1,0,1,1,1,1,49,0,5,12,2012,4,23,0,1,2,2,US-62 HARRISBURG PIKE,,102,39.92913611,-83.05296111,0,8,0,0,1,1,0,1,2,10,0,10,0,0000000,23,0,99,99,99,99,0,0,0,1,0
39,390930,2,2,0,0,0,2,2,79,0,5,12,2012,4,8,26,0,2,3,SR-32,US-35,117,39.045575,-82.61297222,0,12,6,1,2,2,0,1,1,5,0,5,0,0000000,88,88,88,88,88,88,0,0,0,1,0
39,390931,1,1,0,0,0,1,1,157,0,10,12,2012,2,13,31,0,6,5,TR-299 IRISH RUN RD SE,,0,40.42545833,-81.30665278,0,30,0,0,1,1,0,4,1,2,0,2,0,0000000,12,29,12,30,88,88,0,0,0,1,0
39,390932,1,1,0,0,0,1,1,9,0,13,12,2012,5,7,4,1,13,3,SR-13,,40,39.41948056,-82.12675833,0,24,0,0,1,1,0,4,2,1,0,1,0,0000000,7,4,99,99,88,88,0,0,0,1,1
39,390933,2,2,0,0,0,2,2,93,3060,18,12,2012,3,9,27,0,3,3,SR-83 AVON BELDEN RD,,19,41.22885,-82.02331389,0,12,2,0,1,1,0,1,1,1,0,1,0,0000000,9,31,9,36,10,26,0,0,0,1,0
39,390934,2,2,0,0,0,5,5,45,0,20,12,2012,5,6,30,0,4,4,CR-39 LITHOPOLIS RD,TR-195 SITTERLY RD,0,39.78316667,-82.78649444,0,12,6,0,2,2,0,1,2,1,0,1,0,0000000,6,31,6,38,7,9,0,0,0,1,0
39,390935,1,1,0,0,0,1,1,119,0,23,12,2012,1,17,32,1,1,1,I-70,,19,39.97260278,-81.82716667,0,24,0,0,1,1,0,5,2,1,0,1,0,0000000,17,37,99,99,88,88,0,0,0,1,1
39,390937,2,2,0,0,0,4,4,95,7980,24,12,2012,2,22,40,0,2,4,CR-69 CENTENNIAL RD,,0,41.685,-83.7425,0,12,6,0,1,1,0,1,2,10,0,10,0,0000000,22,99,23,0,23,99,0,0,0,1,1
39,390938,2,2,0,0,0,2,2,17,3260,7,5,2012,2,16,43,1,13,3,SR-129,HAMPSHIRE DR,162,39.39053611,-84.53338333,0,12,6,0,2,2,0,1,1,1,0,1,0,0000000,16,43,16,48,17,3,0,0,0,1,0
39,390939,1,1,0,0,0,4,4,129,0,24,7,2012,3,18,36,0,6,5,TR-130 HILL RD,,0,39.6479,-83.09046944,0,34,0,0,1,1,0,4,1,1,0,1,0,0000000,18,36,18,50,19,37,0,0,0,1,1
39,390940,1,1,0,0,0,1,1,35,1680,27,7,2012,6,5,30,0,13,6,STOKES BLVD,,0,41.49358056,-81.60311111,0,30,0,0,1,1,0,4,4,1,0,1,0,0000000,88,88,88,88,88,88,0,0,0,1,1
39,390941,1,1,0,0,0,1,1,165,0,29,7,2012,1,16,52,1,13,3,SR-73,,75,39.54848889,-84.20340833,0,1,0,0,1,1,0,4,1,10,0,10,0,0000000,16,52,16,58,17,21,0,0,0,1,0
39,390942,2,2,0,0,0,2,2,41,0,30,8,2012,5,18,48,0,13,2,US-23 COLUMBUS PIKE,PEACHBLOW RD,64,40.22781389,-83.03757222,0,12,6,0,2,2,0,1,5,1,0,1,0,0000000,18,50,18,55,19,32,0,0,0,1,0
39,390943,1,1,0,0,0,1,1,25,0,18,12,2012,3,1,43,0,4,3,SR-222,,286,39.11428889,-84.19505278,0,30,0,0,1,1,0,4,2,2,0,2,0,0000000,1,43,1,48,88,88,0,0,0,1,1
39,390944,3,3,0,0,0,11,11,165,0,23,12,2012,1,2,23,1,11,1,I-75,,65,39.52654444,-84.31453333,0,12,2,0,1,1,0,1,2,1,0,1,0,0000000,2,31,2,41,3,0,0,0,0,4,1
39,390945,2,2,0,0,0,3,3,35,6910,14,11,2012,4,9,46,0,15,2,US-6 CHARDON RD,,271,41.57197778,-81.50463611,0,12,8,0,1,1,0,1,1,1,0,1,0,0000000,9,46,9,52,10,24,0,0,0,1,0
39,390946,1,1,0,0,0,4,4,49,1800,5,11,2012,2,21,31,0,16,6,COURTRIGHT RD,,0,39.92266111,-82.89846389,0,19,0,0,1,1,0,5,3,1,0,1,0,0000000,21,37,21,41,22,10,0,0,0,1,1
39,390947,1,1,0,0,0,1,1,49,1800,2,12,2012,1,22,13,0,16,6,BENT TREE BLVD,,0,40.10346944,-83.07475833,0,42,0,0,1,1,0,4,3,2,0,2,0,0000000,22,16,22,20,23,23,0,0,0,1,1
39,390948,2,2,0,0,0,4,4,49,1800,5,12,2012,4,12,55,1,13,3,SR-161 E DUBLIN GRANVILLE RD,BEECHCROFT RD,126,40.08665,-82.96459167,0,12,6,0,2,2,0,1,1,1,0,1,0,0000000,12,56,12,58,13,15,0,0,0,1,0
39,390949,2,2,0,0,0,2,2,113,8180,11,4,2012,4,18,38,0,15,6,CR-105 BLOOMFIELD DR,DENLINGER RD,21,39.8245,-84.27405278,0,12,6,0,2,2,0,1,1,1,0,1,0,0000000,18,40,18,45,19,14,0,0,0,1,0
39,390950,2,2,0,0,0,2,2,49,1800,6,11,2012,3,11,43,1,11,1,I-71,,244,40.06138889,-82.99805556,0,12,1,0,1,1,0,1,1,1,0,1,0,0000000,11,45,11,56,99,99,0,0,0,1,0
39,390951,2,2,0,0,0,3,3,153,7855,12,12,2012,4,12,32,0,15,6,DARROW RD,,0,41.17015278,-81.440375,0,12,1,0,1,1,0,1,1,1,0,1,0,0000000,12,32,12,36,13,33,0,0,0,1,0
39,390952,2,2,0,0,0,2,2,95,8120,25,12,2012,3,3,7,1,11,1,I-75,,83,41.69045556,-83.51428889,0,12,2,0,1,1,0,1,3,1,0,1,0,0000000,3,8,3,16,99,99,0,0,0,1,1
39,390953,2,2,0,0,0,3,3,41,0,29,12,2012,7,6,11,0,14,4,CR-10 S OLD STATE RD,PARKLAWN DR,0,40.18933056,-82.991175,0,12,6,0,3,3,0,1,2,4,0,4,0,0000000,6,8,6,10,88,88,0,0,0,1,1
39,390954,1,1,0,1,1,1,1,23,0,30,12,2012,1,10,50,0,6,6,N HAMPTON RD,,0,39.98043333,-83.94525,0,8,0,0,8,1,0,1,1,10,0,10,0,0000000,10,51,10,57,88,88,0,0,0,1,0
39,390955,2,2,0,0,0,2,2,151,1320,31,12,2012,2,16,10,0,14,3,SR-800,,57,40.72791944,-81.36558056,0,12,6,0,1,1,0,1,1,4,0,4,0,0000000,16,14,16,25,16,43,0,0,0,1,0
39,390956,3,3,0,0,0,6,6,165,7790,23,10,2012,3,19,30,0,16,6,S MAIN ST,,0,39.55459444,-84.23321944,0,7,0,0,1,1,0,1,5,1,0,1,0,0000000,19,33,19,39,19,57,0,0,0,1,1
39,390957,2,1,1,0,0,2,2,155,2950,28,11,2012,4,14,57,0,13,2,US-422 N STATE ST,OLIVE ST,203,41.161025,-80.70334444,0,30,0,0,3,3,0,4,1,1,0,1,0,0000000,15,7,15,13,15,42,0,0,0,1,0
39,390958,4,4,0,0,0,4,4,89,5570,19,5,2012,7,15,18,1,12,3,SR-16,,207,40.06102222,-82.41155278,0,12,1,0,1,1,0,1,1,1,0,1,0,0000000,15,19,15,27,15,58,0,0,0,1,0
39,390959,2,2,0,0,0,3,3,17,0,24,8,2012,6,20,20,0,4,6,JACKSONBURG RD,,0,39.45529722,-84.52646667,0,12,2,0,1,1,0,1,5,1,0,1,0,0000000,20,34,20,45,21,26,0,0,0,1,0
39,390960,1,1,0,0,0,1,1,59,4351,30,6,2012,7,17,50,0,6,5,LONDON RD,,0,40.26388889,-81.47583333,0,35,0,0,1,1,0,4,1,1,0,1,0,0000000,88,88,88,88,88,88,0,0,0,1,1
39,390961,3,3,0,1,1,3,3,93,400,12,9,2012,4,9,12,1,11,1,I-90,,223,41.46514167,-81.98718889,0,12,7,0,1,1,1,1,1,1,0,1,0,0000000,99,99,99,99,99,99,0,0,0,1,0
39,390962,1,1,0,1,1,1,1,91,0,25,10,2012,5,99,99,0,4,3,SR-274,,193,40.46998889,-83.66276667,0,8,0,0,1,1,0,4,1,1,0,1,0,0000000,10,1,10,12,12,6,0,0,0,1,1
39,390963,2,2,0,0,0,3,3,153,3139,11,11,2012,1,16,42,0,15,6,E CASTON RD,CHRISTMAN RD,0,40.95441389,-81.52380833,0,12,6,0,2,2,0,1,1,1,0,1,0,0000000,16,43,16,48,17,11,0,0,0,1,0
39,390964,2,2,0,0,0,2,2,61,0,26,12,2012,4,15,9,1,11,1,I-71,,194,39.28825278,-84.32229167,0,57,0,0,1,1,0,3,1,4,0,4,0,0000000,88,88,88,88,88,88,0,0,0,1,0
39,390965,2,2,0,0,0,3,3,17,2535,30,12,2012,1,1,19,1,13,3,SR-4 DIXIE HWY,CAMELOT DR,35,39.33635556,-84.52868056,0,12,7,0,3,1,0,1,3,1,0,1,0,0000000,1,43,1,55,2,19,0,0,0,1,1
39,390966,1,1,0,0,0,1,1,59,0,20,10,2012,7,21,42,0,6,4,CR-57 INSTITUE RD,,0,40.01438611,-81.46848333,0,42,0,0,1,1,0,4,2,1,0,1,0,0000000,21,42,21,50,22,19,0,0,0,1,0
39,390967,2,2,0,0,0,4,4,119,9260,29,10,2012,2,6,58,0,14,6,MOXAHALA AVE,SR-719,0,39.91068889,-82.00521389,0,12,6,0,2,2,0,1,3,2,0,2,0,0000000,7,7,7,9,7,32,0,0,0,1,0
39,390968,1,1,0,1,1,1,1,113,2090,3,11,2012,7,23,25,0,15,4,CR-621 NICHOLAS RD,,1,39.73132222,-84.25021111,0,8,0,0,1,1,0,1,3,10,0,10,0,0000000,23,26,23,3,88,88,0,0,0,1,0
39,390969,1,1,0,0,0,1,1,135,0,19,11,2012,2,1,38,0,5,4,CR-56 LEXINGTON RD EAST,,36,39.75862222,-84.59440833,0,43,0,0,1,1,0,4,2,1,0,1,0,0000000,88,88,88,88,88,88,0,0,0,1,0
39,390970,2,2,0,0,0,3,3,153,3139,30,11,2012,6,13,58,0,3,4,CR-15 S ARLINGTON RD,,52,40.98451944,-81.49295,0,12,1,0,1,1,0,1,1,1,0,1,0,0000000,14,1,14,6,14,21,0,0,0,1,0
39,390971,1,1,0,1,1,1,1,51,8600,14,12,2012,6,6,11,0,16,4,CR-15-1 ENTERPRISE AVE,,0,41.55420833,-84.15677222,0,8,0,0,1,1,0,1,2,1,0,1,0,0000000,6,48,6,55,7,45,0,0,0,1,0
39,390972,1,1,0,0,0,2,2,151,4820,17,12,2012,2,12,20,1,13,3,SR-241,,106,40.81317778,-81.50915278,0,33,0,0,1,1,0,4,1,10,0,10,0,0000000,12,21,12,28,12,52,0,0,0,1,0
39,390973,2,2,0,0,0,4,4,89,0,21,12,2012,6,14,30,0,15,4,CR-311 LINNVILLE RD,FAIRVIEW RD,0,39.97166667,-82.35277778,0,12,6,0,1,1,0,1,1,4,0,4,0,0000000,14,42,14,50,15,26,0,0,0,1,0
39,390974,1,1,0,0,0,1,1,61,0,24,12,2012,2,1,13,0,3,4,CR-209 CLEVES WARSAW PIKE,,23,39.11933889,-84.62356667,0,42,0,0,1,1,0,4,2,1,0,1,0,0000000,1,16,1,21,88,88,0,0,0,1,1
39,390975,2,2,0,0,0,6,6,51,7960,26,12,2012,4,15,22,0,3,2,US-20A,,228,41.57406389,-83.94659722,0,12,6,0,1,1,0,1,1,4,0,4,0,0000000,99,99,99,99,99,99,0,0,0,1,0
39,390976,1,1,0,1,1,1,1,49,0,30,12,2012,1,2,41,0,16,4,CR-248 OBETZ,,3,39.86723889,-82.95114722,0,9,0,0,1,1,0,1,2,10,0,10,0,0000000,2,44,2,46,3,3,0,0,0,1,1
39,390977,2,2,0,0,0,3,3,41,3323,30,12,2012,1,14,57,0,6,4,CR-18 MILLER PAUL RD,CR-25 CENTER VILLAGE RD,0,40.16651667,-82.825925,0,12,6,0,2,2,0,1,1,10,0,10,0,0000000,14,56,15,4,15,35,0,0,0,1,0
39,390978,2,2,0,0,0,2,2,95,7980,31,12,2012,2,18,26,1,2,2,US-20,MCCORD RD,91,41.68069444,-83.70528056,0,12,6,0,2,2,0,1,3,4,0,4,0,0000000,18,26,18,31,18,99,0,0,0,1,1
39,390980,2,2,0,0,0,3,3,51,0,19,9,2012,4,15,46,0,4,3,SR-64,,27,41.61385833,-83.90658056,0,12,6,0,1,1,0,1,1,1,0,1,0,0000000,15,46,15,56,88,88,0,0,0,1,1
39,390981,1,1,0,0,0,2,2,131,0,18,10,2012,5,7,45,0,4,3,SR-220,,9,39.11041111,-83.09721944,0,42,0,0,1,1,0,4,1,10,0,10,0,0000000,99,99,99,99,99,99,0,0,0,1,0
39,390982,2,2,0,0,0,2,2,71,0,20,10,2012,7,16,47,0,4,3,SR-247,,68,39.1185,-83.59921667,0,12,6,0,1,1,0,1,1,10,0,10,0,0000000,99,99,99,99,99,99,0,0,0,1,1
39,390983,2,2,0,0,0,2,2,119,0,24,10,2012,4,22,31,0,4,2,US-22,CR-105,239,39.98005556,-81.79319722,0,12,6,0,2,3,0,1,2,1,0,1,0,0000000,22,31,22,40,23,6,0,0,0,1,2
39,390984,1,1,0,0,0,4,4,147,0,27,10,2012,7,3,30,0,6,5,TR-71A,CR-62,0,41.25441667,-83.31294444,0,34,0,0,3,2,0,4,2,2,0,2,0,0000000,99,99,99,99,99,99,0,0,0,1,1
39,390985,2,2,0,0,0,3,3,169,0,6,11,2012,3,12,50,1,13,3,SR-57,CR-70,125,40.97837222,-81.76173889,0,12,6,0,2,2,0,1,1,1,0,1,0,0000000,12,50,12,52,13,30,0,0,0,1,0
39,390986,1,1,0,1,1,1,1,147,2690,15,11,2012,5,17,35,0,15,6,COLUMBUS AVE,,0,41.150025,-83.40141111,0,8,0,0,1,1,0,1,2,10,0,10,0,0000000,99,99,99,99,99,99,0,0,0,1,1
39,390987,2,2,0,0,0,4,4,163,0,22,11,2012,5,15,10,0,5,4,CR-25 WOLF HILL RD,,0,39.24041389,-82.48788056,0,12,2,0,1,1,0,1,1,1,0,1,0,0000000,15,12,15,19,99,99,0,0,0,1,0
39,390988,2,2,0,0,0,6,6,147,0,27,11,2012,3,19,10,0,4,4,CR-7,TR-112,0,41.12346667,-83.28542222,0,12,6,0,2,2,0,1,2,10,0,10,0,0000000,99,99,99,99,99,99,0,0,0,3,0
39,390989,1,1,0,0,0,1,1,43,0,5,12,2012,4,10,0,0,6,5,TR-106,,0,41.37940556,-82.76354722,0,53,0,0,1,1,0,4,1,1,0,1,0,0000000,88,88,88,88,88,88,0,0,0,1,0
39,390990,3,3,0,0,0,3,3,137,0,13,12,2012,5,21,43,0,3,3,SR-65,,35,40.95438889,-84.05548056,0,12,2,0,1,1,0,1,2,1,0,1,0,0000000,21,43,21,50,22,35,0,0,0,1,0
39,390991,2,2,0,0,0,2,2,67,0,20,12,2012,5,11,50,1,2,2,US-22,,202,40.30869167,-80.96180278,0,12,8,0,1,1,0,1,1,10,0,10,0,0000000,99,99,99,99,99,99,0,0,0,1,0
39,390992,3,3,0,0,0,11,11,31,0,23,12,2012,1,13,38,1,2,3,SR-16,,18,40.17133056,-81.91023056,0,12,8,0,1,1,0,1,1,1,0,1,0,0000000,14,15,14,29,15,5,0,0,0,1,0
39,390993,1,1,0,0,0,1,1,51,0,25,12,2012,3,18,49,0,3,2,US-20A,,17,41.58613333,-84.35023611,0,1,0,0,1,1,0,4,2,10,0,10,0,0000000,18,52,18,57,88,88,0,0,0,1,1
39,390994,2,2,0,0,0,3,3,57,0,28,12,2012,6,13,26,1,1,1,I-71,,36,39.58713333,-83.66978056,0,12,7,0,1,1,0,1,1,1,0,1,0,0000000,99,99,99,99,99,99,0,0,0,1,0
39,390995,2,2,0,0,0,4,4,105,0,31,12,2012,2,20,34,0,6,4,CR-174 HAPPY HOLLOW RD,,0,39.04155,-82.11343611,0,12,8,0,1,1,0,1,2,1,0,1,0,0000000,99,99,99,99,88,88,0,0,0,2,1
39,390996,2,2,0,0,0,1,1,151,1320,9,8,2012,5,0,8,0,13,6,CLEVELAND AVE NW,,0,40.85266111,-81.39366111,0,12,1,0,1,1,0,1,3,1,0,1,0,0000000,0,9,0,15,0,30,0,0,0,1,1
39,390997,2,2,0,0,0,2,2,25,0,2,10,2012,3,6,59,0,13,3,SR-32,,44,39.08778056,-84.22556111,0,12,1,0,1,1,0,1,2,10,0,10,0,0000000,88,88,88,88,88,88,0,0,0,1,0
39,390998,1,1,0,0,0,1,1,173,6490,17,10,2012,4,8,18,0,14,3,SR-65,,161,41.54479444,-83.66770556,0,42,0,0,1,1,0,4,1,10,0,10,0,0000000,8,19,8,25,88,88,0,0,0,1,0
39,390999,1,1,0,0,0,3,3,35,7420,15,11,2012,5,3,48,0,15,6,FAIRMOUNT BLVD,FAIRMOUNT CIRCLE,0,41.48653333,-81.53765278,0,33,0,0,3,5,0,3,3,1,0,1,0,0000000,88,88,88,88,88,88,0,0,0,1,1
39,391000,1,1,0,0,0,1,1,35,1680,25,11,2012,1,4,52,1,11,1,I-71,,165,41.45378056,-81.71893611,0,39,0,1,5,1,0,4,3,10,0,10,0,0000000,88,88,88,88,88,88,0,0,0,1,1
39,391001,1,1,0,0,0,1,1,35,1680,25,12,2012,3,21,45,0,16,6,BENHAM AVE,,0,41.46156944,-81.60391111,0,38,0,0,1,1,0,4,3,10,0,10,0,0000000,21,48,21,53,22,15,0,0,0,1,0
39,391002,1,1,0,1,1,1,1,61,1610,2,9,2012,1,22,30,0,15,6,HARRISON AVE,,0,39.13331389,-84.56589722,0,8,0,0,1,1,0,1,3,2,0,2,0,0000000,88,88,88,88,88,88,0,0,0,1,0
39,391003,1,1,0,3,3,1,1,61,1610,8,10,2012,2,4,30,0,15,6,MCHENRY AVE,,0,39.14260833,-84.57946111,0,30,0,0,1,1,0,4,3,1,0,1,0,0000000,4,34,4,44,4,58,0,0,0,1,1
39,391004,4,4,0,0,0,4,4,113,6990,12,11,2012,2,15,19,0,13,6,HARSHMAN RD,ARROWROCK AVE,0,39.80603889,-84.13076111,0,12,7,0,2,3,0,1,1,10,0,10,0,0000000,15,32,15,35,15,48,0,0,0,1,0
39,391006,3,2,1,0,0,3,3,49,1800,26,8,2012,1,15,17,0,15,6,BELLOWS AVE,S SOUDER AVE,0,39.95236389,-83.02146389,0,12,6,0,2,2,0,1,1,10,0,10,0,0000000,15,19,15,23,15,30,0,0,0,1,1
39,391007,2,2,0,0,0,3,3,49,1800,11,11,2012,1,14,12,0,15,6,PARSONS AVE,,0,39.88564722,-82.98744167,0,12,8,0,1,1,0,1,1,1,0,1,0,0000000,14,15,14,18,14,31,0,0,0,1,0
39,391008,1,1,0,0,0,2,2,109,0,17,11,2012,7,20,12,0,4,4,CR-15 PIQUA TROY RD,,0,40.11616944,-84.22768056,0,30,0,0,1,1,0,4,2,1,0,1,0,0000000,99,99,99,99,99,99,0,0,0,1,1
39,391009,2,2,0,0,0,3,3,35,572,2,8,2012,5,17,7,1,11,1,I-271,AURARA RD,44,41.41343333,-81.50741111,0,24,0,0,1,1,0,4,1,1,0,1,0,0000000,17,9,17,13,88,88,0,0,0,1,0
39,391010,2,2,0,0,0,3,3,95,8120,11,9,2012,3,2,29,0,4,3,SR-65 N SUMMIT,,70,41.66131667,-83.51667222,0,30,0,0,1,1,0,4,3,10,0,10,0,0000000,2,31,2,39,3,0,0,0,0,1,0
39,391011,1,1,0,0,0,1,1,25,0,12,9,2012,4,3,0,0,15,4,CR-106 ROUNDBOTTOM RD,,0,39.13689444,-84.24220278,0,24,0,0,1,1,0,4,2,10,0,10,0,0000000,88,88,88,88,88,88,0,0,0,1,1
39,391012,2,2,0,0,0,2,2,171,0,11,10,2012,5,9,37,0,4,2,US-20A,SR-15,11,41.63921111,-84.55329444,0,12,6,0,2,2,0,1,1,1,0,1,0,0000000,9,41,9,49,10,43,0,0,0,1,1
39,391013,2,2,0,0,0,2,2,35,4040,18,10,2012,5,21,45,1,13,2,US-6A DETROIT AVE,MATHEWS AVE,96,41.48182778,-81.82891944,0,12,6,0,2,2,0,1,3,10,0,10,0,0000000,21,46,21,47,22,10,0,0,0,1,2
39,391014,1,1,0,1,1,2,2,95,8120,21,10,2012,1,19,10,0,3,4,CR-1980 SUMMIT ST,,86,41.67145,-83.50533056,0,8,0,0,1,1,0,1,3,1,0,1,0,0000000,19,11,19,17,19,43,0,0,0,1,0
39,391015,2,2,0,0,0,2,2,51,0,23,10,2012,3,5,53,0,4,3,SR-66,CR-L,102,41.62272778,-84.32598889,0,12,2,0,2,4,0,1,2,10,0,10,0,0000000,5,51,6,4,7,6,0,0,0,1,0
39,391016,1,1,0,0,0,1,1,161,0,26,10,2012,6,19,48,0,6,5,TR-173 DOG CREEK RD,,25,40.93486944,-84.450825,0,53,0,0,1,1,0,5,2,10,0,10,0,0000000,19,51,20,6,21,5,0,0,0,1,1
39,391017,1,1,0,0,0,5,5,13,0,27,10,2012,7,16,44,1,1,1,I-70,,218,40.06604722,-80.834425,0,35,0,0,1,1,0,5,1,2,0,2,0,0000000,16,45,16,48,17,5,0,0,0,1,0