STATE,ST_CASE,VE_TOTAL,VE_FORMS,PVH_INVL,PEDS,PERNOTMVIT,PERMVIT,PERSONS,COUNTY,CITY,DAY,MONTH,YEAR,DAY_WEEK,HOUR,MINUTE,NHS,ROAD_FNC,ROUTE,TWAY_ID,TWAY_ID2,MILEPT,LATITUDE,LONGITUD,SP_JUR,HARM_EV,MAN_COLL,RELJCT1,RELJCT2,TYP_INT,WRK_ZONE,REL_ROAD,LGT_COND,WEATHER1,WEATHER2,WEATHER,SCH_BUS,RAIL,NOT_HOUR,NOT_MIN,ARR_HOUR,ARR_MIN,HOSP_HR,HOSP_MN,CF1,CF2,CF3,FATALS,DRUNK_DR
39,391018,2,2,0,0,0,3,3,137,0,30,10,2012,3,8,28,0,4,3,SR-115,,130,41.033075,-84.19812778,0,12,6,0,1,1,0,1,1,4,0,4,0,0000000,8,27,8,49,9,19,0,0,0,1,0
39,391019,2,2,0,0,0,2,2,51,0,30,10,2012,3,8,49,1,2,2,US-20A,,148,41.57337222,-84.08529167,0,12,2,0,1,1,0,1,1,3,0,3,0,0000000,8,49,8,52,9,26,0,0,0,1,0
39,391020,1,1,0,0,0,2,2,1,0,12,11,2012,2,16,10,0,4,3,SR-247,,97,38.82972222,-83.55083333,0,35,0,0,1,1,0,4,1,10,0,10,0,0000000,16,10,16,12,16,37,0,0,0,1,1
39,391021,1,1,0,0,0,1,1,75,0,12,11,2012,2,23,45,1,2,4,CR-19,,9,40.45556667,-81.88723611,0,38,0,0,1,1,0,5,2,10,0,10,0,0000000,0,4,0,18,0,50,0,0,0,1,1
39,391022,1,1,0,0,0,1,1,149,0,15,11,2012,5,20,29,0,4,4,CR-40 RIVER RD,,24,40.22946111,-84.19018889,0,10,0,0,6,1,0,1,2,1,0,1,0,155227X,88,88,88,88,88,88,0,0,0,1,0
39,391023,1,1,0,0,0,1,1,29,0,19,11,2012,2,4,43,0,4,3,SR-558 BACON AVE,,125,40.83001111,-80.598275,0,59,0,0,1,1,0,5,2,1,0,1,0,0000000,88,88,88,88,88,88,0,0,0,1,1
39,391024,1,1,0,0,0,2,2,71,0,22,11,2012,5,3,25,0,6,5,TR-268A GREEN RD,,0,39.16639444,-83.60611667,0,42,0,0,1,1,0,4,2,1,0,1,0,0000000,3,36,3,40,4,14,0,0,0,1,1
39,391025,3,3,0,0,0,7,7,81,5390,24,11,2012,7,17,32,0,4,3,SR-150,,47,40.18588611,-80.797225,0,12,2,0,1,1,0,1,2,10,0,10,0,0000000,17,42,17,45,18,11,14,0,0,1,0
39,391026,2,2,0,0,0,2,2,95,8120,29,11,2012,5,14,15,0,15,6,TRACY RD,,0,41.62074444,-83.52819444,0,12,6,0,4,1,0,1,1,1,0,1,0,0000000,14,21,14,25,14,45,0,0,0,1,0
39,391027,2,2,0,0,0,4,4,31,0,30,11,2012,6,16,9,1,2,3,SR-16,,1,40.15948333,-81.93840278,0,12,2,0,1,1,0,1,1,10,0,10,0,0000000,16,18,16,33,17,7,0,0,0,1,0
39,391028,6,2,4,0,0,2,2,49,8940,30,11,2012,6,5,23,1,13,2,US-40 E MAIN ST,BEECHWOOD RD,191,39.95594722,-82.89406944,0,12,6,0,2,2,0,1,3,1,0,1,0,0000000,4,34,4,38,5,0,20,0,0,1,0
39,391029,2,2,0,0,0,3,3,23,0,2,12,2012,1,23,46,0,4,4,CR-351 SELMA PIKE,,63,39.85138889,-83.76838056,0,12,6,0,1,1,0,1,2,5,0,5,0,0000000,23,48,99,99,99,99,0,0,0,1,0
39,391030,2,2,0,0,0,2,2,91,0,3,12,2012,2,5,33,0,4,3,SR-117,CR-96,33,40.48247778,-83.81241944,0,12,6,0,2,2,0,1,2,5,0,5,0,0000000,5,35,5,58,6,36,0,0,0,1,0
39,391031,2,1,1,1,1,1,1,95,8120,5,12,2012,4,10,50,1,11,1,I-75,,76,41.68973333,-83.52691111,0,8,0,0,1,1,0,1,1,1,0,1,0,0000000,10,50,10,58,88,88,0,0,0,1,0
39,391032,1,1,0,0,0,1,1,119,0,11,12,2012,3,22,20,0,6,4,CR-706 N DRESDEN RD,,0,40.14789722,-82.00507778,0,42,0,0,1,1,0,4,2,10,0,10,0,0000000,11,43,11,50,88,88,0,0,0,1,1
39,391033,1,1,0,0,0,1,1,75,3910,16,12,2012,1,15,0,0,5,4,CR-622,,5,40.50603333,-81.97565278,0,43,0,0,1,1,0,5,1,10,0,10,0,0000000,99,99,99,99,99,99,0,0,0,1,0
39,391034,2,2,0,0,0,2,2,85,6480,19,12,2012,4,20,15,0,4,3,SR-84 S RIDGE RD,,222,41.72586944,-81.17671111,0,12,2,0,1,1,0,1,2,10,0,10,0,0000000,20,16,20,20,21,17,0,0,0,1,0
39,391035,1,1,0,0,0,1,1,35,1680,27,12,2012,5,11,40,1,11,1,I-90,,261,41.57761944,-81.54966389,0,33,0,1,5,1,0,4,1,10,0,10,0,0000000,11,43,11,49,12,36,0,0,0,1,0
39,391036,1,1,0,0,0,1,1,57,558,23,12,2012,1,5,37,0,3,4,CR-25 GRANGE HALL RD,GARDENVIEW DR,54,39.767175,-84.07570833,0,5,0,0,1,1,0,1,3,1,0,1,0,0000000,5,36,5,43,5,55,0,0,0,1,0
39,391037,1,1,0,0,0,1,1,25,4400,6,10,2012,7,1,51,0,14,3,SR-48 PAXTON AV,,60,39.26215556,-84.25326111,0,33,0,0,1,1,0,4,2,2,0,2,0,0000000,1,52,99,99,2,23,0,0,0,1,1
39,391038,2,2,0,0,0,6,6,99,9230,10,10,2012,4,21,10,0,6,3,SR-715 E FLORIDA AV,HOMESTEAD AV,9,41.07027778,-80.64027778,0,12,6,0,2,2,0,1,3,10,0,10,0,0000000,21,16,21,24,21,52,0,0,0,1,0
39,391039,1,1,0,0,0,1,1,105,7170,10,11,2012,7,15,0,0,4,3,SR-124,,138,39.0331,-82.11768889,0,53,0,0,1,1,0,4,1,1,0,1,0,0000000,15,4,15,10,88,88,0,0,0,1,0
39,391040,1,1,0,0,0,2,2,67,7535,27,11,2012,3,15,40,0,4,2,US-250 CADIZ-HARRISVILLE RD,,299,40.18186667,-80.89973333,0,53,0,0,1,1,0,4,1,10,0,10,0,0000000,15,41,15,54,99,99,0,0,0,1,0
39,391041,1,1,0,0,0,1,1,67,1210,5,12,2012,4,11,45,1,2,2,US-250 CADIZ-DENNISEN RD,,154,40.28894444,-81.04197222,0,1,0,0,1,1,0,4,1,10,0,10,0,0000000,11,45,99,99,88,88,0,0,0,1,0
39,391042,2,2,0,0,0,3,3,49,1800,15,12,2012,7,8,14,0,14,3,SR-710 SCHROCK RD,,26,40.10698056,-82.964175,0,12,2,0,1,1,0,1,4,1,0,1,0,0000000,8,23,8,26,8,49,0,0,0,1,0
39,391043,2,1,1,0,0,1,1,35,2840,10,10,2012,4,0,36,0,15,6,MCCRACKEN RD,,0,41.42233056,-81.60996389,0,33,0,0,1,1,0,5,3,1,0,1,0,0000000,99,99,99,99,99,99,0,0,0,1,1
39,391044,1,1,0,0,0,2,2,119,9260,1,12,2012,7,5,33,0,14,6,LINDEN AVE,,0,39.95161389,-82.00720833,0,33,0,0,1,1,0,4,3,1,0,1,0,0000000,5,33,5,33,5,47,0,0,0,1,1
39,391045,1,1,0,0,0,1,1,85,4920,3,12,2012,2,15,19,0,16,6,HIDDEN GLEN DR,,0,41.65415833,-81.3097,0,18,0,0,1,1,0,4,1,10,0,10,0,0000000,15,20,15,26,16,6,0,0,0,1,1
39,391046,2,2,0,0,0,3,3,49,1800,5,12,2012,4,22,54,0,16,6,FREBIS AVE,LINWOOD AVE,0,39.93470833,-82.96694444,0,12,6,0,2,2,0,1,3,1,0,1,0,0000000,22,56,23,0,23,13,0,0,0,1,1
39,391047,1,1,0,0,0,3,3,39,0,15,10,2012,2,15,50,0,5,6,BUCKSKIN RD,,0,41.32600556,-84.47649444,0,34,0,0,1,1,0,4,1,10,0,10,0,0000000,16,0,16,21,18,0,0,0,0,1,0
39,391049,3,3,0,0,0,8,8,87,0,10,11,2012,7,18,5,1,2,2,US-52,TR-276,210,38.41668889,-82.51149444,0,12,6,0,2,2,0,1,2,1,0,1,0,0000000,99,99,99,99,99,99,0,0,0,1,0
39,391050,1,1,0,0,0,1,1,103,0,12,11,2012,2,22,48,0,5,4,CR-16,,18,41.00986944,-81.82706111,0,32,0,0,1,1,0,4,2,1,0,1,0,0000000,14,45,14,49,16,31,18,0,0,1,1
39,391051,1,1,0,0,0,1,1,21,0,3,12,2012,2,19,25,0,4,3,SR-29,,155,40.15461944,-83.78819167,0,34,0,0,1,1,0,4,2,10,0,10,0,0000000,19,25,19,34,88,88,0,0,0,1,1
39,391052,2,2,0,0,0,2,2,35,4970,4,12,2012,3,10,35,1,13,6,W 130TH ST,,0,41.37705278,-81.78475,0,12,2,0,4,1,0,1,1,10,0,10,0,0000000,10,36,10,43,11,5,0,0,0,1,0
39,391053,1,1,0,1,1,2,2,35,1680,8,12,2012,7,17,50,0,14,2,US-42,WALTON AVE,164,41.47110833,-81.69956111,0,8,0,0,2,2,0,1,3,10,0,10,0,0000000,17,52,17,57,18,16,0,0,0,1,0
39,391054,1,1,0,1,1,2,2,49,0,20,11,2012,3,19,27,0,15,6,INNIS RD,,0,40.03717222,-82.95663333,0,8,0,0,1,1,0,1,2,1,0,1,0,0000000,99,99,99,99,99,99,0,0,0,1,0
39,391055,1,1,0,0,0,1,1,35,1680,30,6,2012,7,18,20,0,15,6,LAKEWOOD HTS BLVD,,0,41.46891667,-81.78096111,0,26,0,0,1,1,0,3,1,1,0,1,0,0000000,18,20,18,27,18,44,0,0,0,1,1
39,391056,2,2,0,0,0,3,3,103,0,20,12,2012,5,14,12,0,4,3,SR-301,,51,41.06326111,-82.12493056,0,12,8,0,1,1,0,1,1,2,0,2,0,0000000,14,14,14,22,15,2,0,0,0,1,0
39,391057,1,1,0,0,0,1,1,49,2780,4,10,2012,5,0,23,1,11,1,I-270,,380,39.99972222,-82.8575,0,38,0,0,1,1,0,5,6,99,0,99,0,0000000,88,88,88,88,88,88,0,0,0,1,0
39,391058,2,2,0,0,0,5,5,9,360,12,10,2012,6,21,1,0,4,3,SR-56 LUHRIG,CR-9 SALEM RD,88,39.31676389,-82.16765278,0,12,2,0,2,2,0,1,2,1,0,1,0,0000000,99,99,99,99,99,99,0,0,0,1,0
39,391059,1,1,0,0,0,1,1,35,1680,15,10,2012,2,14,0,0,15,6,BROOKPARK RD,,0,41.41890556,-81.7146,0,33,0,0,1,1,0,5,1,2,0,2,0,0000000,14,5,14,19,88,88,0,0,0,1,0
39,391060,1,1,0,1,1,1,1,117,0,29,10,2012,2,16,48,0,3,3,SR-309,,18,40.64046111,-82.92861944,0,8,0,0,1,1,0,1,1,2,0,2,0,0000000,16,48,16,52,17,15,0,0,0,1,0
39,391061,1,1,0,1,1,1,1,85,8960,13,10,2012,7,18,52,0,14,2,US-20 EUCLID AVE,DRENIK DR,20,41.61726111,-81.45938611,0,8,0,0,2,2,0,1,5,2,0,2,0,0000000,18,54,18,56,19,19,0,0,0,1,0
39,391062,1,1,0,0,0,1,1,123,0,2,11,2012,6,14,11,0,15,3,SR-579,,4,41.60204167,-83.40516389,0,34,0,0,1,1,0,4,1,1,0,1,0,0000000,14,13,14,21,14,44,0,0,0,1,0
39,391063,2,2,0,0,0,2,2,95,8120,1,6,2012,6,0,7,0,16,6,TALMADGE,SPRINGBROOK,0,41.68740556,-83.64443889,0,12,6,0,2,2,0,1,3,2,0,2,0,0000000,0,8,0,14,0,39,0,0,0,1,0
40,400002,1,1,0,0,0,2,2,151,0,2,1,2012,2,6,15,0,3,2,US-64,CR-480,30,36.79736111,-98.59412778,0,34,0,0,1,1,0,4,2,1,0,1,0,0000000,7,58,9,7,10,24,0,0,0,1,0
40,400003,1,1,0,0,0,2,2,83,0,1,1,2012,1,10,20,0,6,4,CR-STEVENS RD,,0,35.73982222,-97.36266667,0,42,0,0,1,1,0,4,1,1,0,1,0,0000000,10,19,10,33,88,88,0,0,0,1,1
40,400004,2,2,0,0,0,3,3,83,0,7,1,2012,7,19,50,0,4,4,CR-BROADWAY,CR-WATERLOO RD,0,35.72554444,-97.47835,0,12,1,0,3,2,0,1,2,1,0,1,0,0000000,19,42,19,55,21,0,0,0,0,1,1
40,400005,2,2,0,0,0,3,3,39,0,4,1,2012,4,12,45,0,4,3,SR-54,,15,35.48603611,-98.72899167,0,43,0,0,1,1,0,4,1,1,0,1,0,0000000,12,54,13,24,14,16,14,0,0,2,0
40,400006,1,1,0,0,0,2,2,79,0,4,1,2012,4,16,59,0,4,4,CR-LATHAM RD,,0,35.13225,-94.73304722,0,30,0,0,1,1,0,4,1,1,0,1,0,0000000,16,57,17,19,19,24,0,0,0,1,0
40,400007,1,1,0,0,0,1,1,97,0,2,1,2012,2,23,50,1,2,2,US-69,,62,36.39160556,-95.28875278,0,59,0,0,1,1,0,4,6,1,0,1,0,0000000,23,51,0,3,0,40,0,0,0,1,0
40,400008,1,1,0,0,0,1,1,117,0,1,1,2012,1,0,20,0,6,4,CR- 3600,,0,36.294475,-96.58558889,0,35,0,0,1,1,0,4,2,1,0,1,0,0000000,0,43,1,15,1,52,0,0,0,1,1
40,400009,2,2,0,0,0,2,2,109,3550,2,1,2012,2,13,34,0,16,6,NORTH EASTERN,EAST WILSHIRE,0,35.5511,-97.47656944,0,12,6,0,2,2,0,1,1,1,0,1,0,0000000,13,36,13,42,14,5,0,0,0,1,0
40,400010,2,2,0,0,0,2,2,149,0,6,1,2012,6,14,20,0,4,3,SR- 54,,39,35.172225,-98.86336944,0,12,6,0,8,1,1,1,1,1,0,1,0,0000000,14,27,14,41,99,99,0,0,0,1,0
40,400011,2,2,0,0,0,3,3,49,0,10,1,2012,3,17,1,0,4,3,SR- 19,,100,34.82146944,-97.49678889,0,12,6,0,1,1,0,1,1,10,0,10,0,0000000,16,59,17,6,18,3,0,0,0,1,0
40,400012,1,1,0,1,1,2,2,109,3550,12,1,2012,5,21,49,0,16,6,S MAY AVE,,0,35.39759722,-97.56553889,0,8,0,0,1,1,0,1,2,1,0,1,0,0000000,21,51,21,54,22,9,0,0,0,1,0
40,400013,2,2,0,1,1,3,3,109,3550,14,1,2012,7,20,25,0,16,6,SW 59TH ST,,0,35.40620556,-97.55046111,0,9,0,0,1,1,0,1,3,1,0,1,0,0000000,20,26,20,27,20,48,16,0,0,1,0
40,400014,2,2,0,0,0,4,4,143,0,8,1,2012,1,1,8,1,13,2,US- 75,CR- 116TH STREET N,124,36.32157222,-95.92386389,0,12,6,0,2,2,0,1,3,10,0,10,0,0000000,1,8,1,13,1,42,0,0,0,1,1
40,400015,1,1,0,0,0,1,1,143,4780,12,1,2012,5,8,30,0,16,6,N 89TH EA,,0,36.16660556,-95.87770278,0,30,0,0,1,1,0,4,1,1,0,1,0,0000000,8,35,8,37,9,57,0,0,0,1,0
40,400016,1,1,0,1,1,3,3,143,3630,15,1,2012,1,7,14,0,16,6,N GARNETT ROAD,,0,36.33531667,-95.84811944,0,8,0,0,1,1,0,1,2,1,0,1,0,0000000,7,14,7,24,88,88,0,0,0,1,0
40,400017,1,1,0,0,0,1,1,107,0,15,1,2012,1,17,16,0,4,3,SR- 48,,67,35.35984444,-96.37051944,0,32,0,0,1,1,0,4,5,1,0,1,0,0000000,99,99,99,99,88,88,0,0,0,1,0
40,400018,1,1,0,0,0,1,1,37,0,17,1,2012,3,23,55,0,2,3,SR- 117,,47,35.98836944,-96.03079167,0,43,0,0,1,1,0,4,2,1,0,1,0,0000000,23,55,0,2,88,88,0,0,0,1,1
40,400019,1,1,0,1,1,1,1,109,3550,6,1,2012,6,17,59,0,16,6,NW 10TH ST,,0,35.47881944,-97.62791944,0,8,0,0,1,1,0,1,2,1,0,1,0,0000000,18,1,18,6,18,35,0,0,0,1,0
40,400020,1,1,0,0,0,2,2,143,4780,12,1,2012,5,13,42,0,16,6,E 121ST ST,,0,35.988325,-95.92751944,0,30,0,0,1,1,0,2,1,1,0,1,0,0000000,13,41,13,48,14,32,0,0,0,1,0
40,400021,1,1,0,0,0,3,3,113,0,19,1,2012,5,15,45,0,4,3,SR- 97,,17,36.1777,-96.10028889,0,1,0,0,1,1,0,4,1,1,0,1,0,0000000,16,14,16,21,99,99,0,0,0,1,0
40,400022,1,1,0,0,0,1,1,19,0,4,1,2012,4,11,11,0,16,6,MT PLEASANT RD,,0,34.25221944,-96.99808611,0,1,0,0,1,1,0,1,1,1,0,1,0,0000000,11,17,11,49,12,48,0,0,0,1,0
40,400023,3,3,0,0,0,3,3,109,3550,6,1,2012,6,12,46,1,11,1,I- 35,,41,35.59599722,-97.43186944,0,57,0,0,1,1,0,3,1,10,0,10,0,0000000,12,48,12,59,13,36,14,0,0,1,0
40,400024,1,1,0,0,0,6,6,13,0,21,1,2012,7,1,26,1,2,2,US- 70,,37,33.99788611,-96.30958333,0,1,0,0,1,1,0,4,2,1,0,1,0,0000000,1,36,2,19,3,10,0,0,0,1,1
40,400025,2,1,1,0,0,2,2,143,590,22,1,2012,1,0,40,0,16,6,WEST KENOSHA ST,,0,36.06096111,-95.79290556,0,32,0,0,1,1,0,4,3,10,1,10,0,0000000,0,41,0,46,1,23,0,0,0,1,1
40,400026,3,3,0,0,0,3,3,143,4780,6,1,2012,6,18,54,1,1,1,I- 44 WB,,57,36.09061667,-95.93996111,0,12,1,0,1,1,0,1,3,10,0,10,0,0000000,18,54,19,0,19,18,0,0,0,1,0
40,400027,1,1,0,1,1,1,1,143,4780,9,1,2012,2,99,99,0,16,6,N ST LOUIS AVE,,0,36.19485278,-95.97103333,0,8,0,0,1,1,0,1,2,1,0,1,0,0000000,18,28,18,34,18,53,16,0,0,1,0
40,400028,1,1,0,0,0,1,1,127,0,22,1,2012,1,8,1,0,3,2,US- 271,,53,34.28768333,-95.57963889,0,35,0,0,1,1,0,4,2,5,0,5,0,0000000,8,7,8,15,88,88,0,0,0,1,1
40,400029,2,2,0,0,0,2,2,117,0,25,1,2012,4,17,0,1,2,8,CIMMARON TPK,,140,36.21966111,-96.56125556,0,12,6,0,1,1,0,4,1,10,0,10,0,0000000,16,58,17,11,18,23,0,0,0,1,0
40,400030,1,1,0,0,0,1,1,21,0,26,1,2012,5,9,51,0,4,3,SR- 10,,125,36.06851667,-94.88183056,0,42,0,0,1,1,0,4,1,10,0,10,0,0000000,9,46,10,4,88,88,0,0,0,1,0
40,400031,1,1,0,1,1,1,1,109,360,19,1,2012,5,18,19,0,12,6,NW 39TH EXPRESSWAY,,0,35.51115,-97.62667778,0,8,0,0,1,1,0,1,3,1,0,1,0,0000000,18,20,18,27,88,88,16,0,0,1,0
40,400032,1,1,0,0,0,1,1,47,0,26,1,2012,5,22,30,0,16,4,CR-SKELETON,,0,36.30363056,-98.07961667,0,1,0,0,1,1,0,4,2,1,0,1,0,0000000,2,9,2,31,3,29,0,0,0,1,0
40,400033,1,1,0,0,0,1,1,9,0,29,1,2012,1,2,54,0,4,3,SR- 06,,86,35.4072,-99.69308056,0,32,0,0,1,1,0,4,2,1,0,1,0,0000000,3,12,3,31,88,88,0,0,0,1,0
40,400034,1,1,0,0,0,1,1,43,0,29,1,2012,1,21,40,1,2,2,US- 183,,62,35.90151944,-98.97321944,0,26,0,0,1,1,0,4,2,1,0,1,0,0000000,21,49,21,57,22,22,0,0,0,1,1
40,400035,1,1,0,0,0,1,1,109,3550,31,1,2012,3,5,24,0,6,6,N KELLY,,0,35.56135,-97.49592222,0,42,0,0,1,1,0,4,2,10,1,10,0,0000000,5,25,5,34,88,88,0,0,0,1,1
40,400036,2,2,0,0,0,3,3,109,3550,2,2,2012,5,17,11,0,16,6,SE 29,SE GRAND BLVD,0,35.43525833,-97.46281389,0,12,6,1,2,2,0,1,1,1,0,1,0,0000000,17,11,17,22,18,7,0,0,0,1,0
40,400037,1,1,0,1,1,2,2,143,4780,3,2,2012,6,18,37,0,16,6,N PEORIA AVE,E SEMINOLE PL,0,36.18139167,-95.97581111,0,8,0,1,2,2,0,1,2,2,0,2,0,0000000,18,39,18,46,19,0,16,0,0,1,0
40,400038,4,4,0,0,0,4,4,37,0,4,2,2012,7,15,45,1,1,1,I- 44,,345,36.01742778,-96.09766667,0,12,2,0,1,1,0,1,1,1,0,1,0,0000000,15,46,15,53,16,27,0,0,0,2,1
40,400039,2,2,0,0,0,2,2,93,0,9,2,2012,5,8,40,1,2,2,US- 412,,95,36.400175,-98.72496944,0,12,2,0,1,1,0,1,1,10,0,10,0,0000000,8,42,9,1,9,45,0,0,0,1,0
40,400040,1,1,0,0,0,1,1,143,4780,9,2,2012,5,14,17,1,13,2,US-75,,93,36.07978333,-96.00655278,0,1,0,0,1,1,0,4,1,10,0,10,0,0000000,14,17,14,25,88,88,0,0,0,1,0
40,400041,1,1,0,0,0,1,1,143,4780,13,2,2012,2,16,31,1,13,2,US-412,,138,36.156375,-96.02214167,0,24,0,0,1,1,0,2,1,2,0,2,0,0000000,16,30,16,36,16,48,0,0,0,1,1
40,400042,2,2,0,0,0,5,5,11,0,15,2,2012,4,12,10,0,3,3,SR- 51A,SR- 51,3,36.06201389,-98.48177222,0,12,6,1,2,2,0,1,1,10,0,10,0,0000000,12,10,12,25,12,56,0,0,0,2,0
40,400043,2,2,0,0,0,3,3,119,4460,13,1,2012,6,17,48,1,13,2,US- 177,MCELROY RD,9,36.12981667,-97.05152778,0,12,6,1,2,3,0,1,5,1,0,1,0,0000000,17,50,17,55,18,36,0,0,0,1,0
40,400044,2,2,0,0,0,2,2,109,3550,29,1,2012,1,14,52,0,16,6,SOUTH PENNSYLVANIA,WEST RENO,0,35.46420833,-97.54789444,0,12,6,1,2,2,0,1,1,1,0,1,0,0000000,14,55,15,1,15,13,0,0,0,1,1
40,400045,1,1,0,0,0,4,4,153,0,7,2,2012,3,4,49,0,4,3,SR- 50,,181,36.68465833,-99.16968889,0,24,0,0,1,1,0,4,2,10,0,10,0,0000000,4,58,5,53,6,46,0,0,0,1,1
40,400046,1,1,0,0,0,2,2,95,0,11,2,2012,7,21,51,1,2,2,US- 377,,12,34.09981389,-96.75652778,0,43,0,0,1,1,0,4,2,10,0,10,0,0000000,22,22,22,44,23,37,0,0,0,1,1
40,400047,1,1,0,0,0,1,1,39,0,12,2,2012,1,13,36,0,6,4,CR-2110,,0,35.73139444,-99.25248056,0,35,0,0,1,1,0,4,1,10,0,10,0,0000000,14,15,14,35,16,35,0,0,0,1,0
40,400048,2,2,0,0,0,4,4,143,4780,12,2,2012,1,16,6,0,6,6,E 51ST ST,S HUDSON PL,0,36.08986944,-95.91256944,0,12,6,1,2,3,0,1,1,10,0,10,0,0000000,16,5,16,9,16,36,0,0,0,1,1
40,400049,2,2,0,0,0,2,2,137,543,13,2,2012,2,7,54,0,3,3,SR- 29,,110,34.63787222,-97.76926944,0,12,6,0,1,1,0,1,1,4,0,4,0,0000000,7,53,8,12,9,6,0,0,0,1,0
40,400050,4,4,0,0,0,6,6,119,0,1,2,2012,4,16,55,0,3,3,SR- 33,,11,35.97758056,-97.21396111,0,12,2,0,1,1,0,1,1,10,0,10,0,0000000,16,58,17,14,18,15,0,0,0,2,0
40,400051,1,1,0,0,0,1,1,117,0,14,2,2012,3,13,50,0,3,3,SR- 99,,29,36.20486389,-96.57298333,0,42,0,0,1,1,0,4,1,1,0,1,0,0000000,99,99,99,99,99,99,0,0,0,1,0
40,400052,2,2,0,0,0,2,2,117,0,24,2,2012,6,18,13,0,3,3,SR- 99,,64,36.25383611,-96.56790556,0,12,2,0,1,1,0,1,5,1,0,1,0,0000000,18,9,18,17,19,15,0,0,0,1,0
40,400055,1,1,0,0,0,1,1,51,0,7,2,2012,3,11,1,0,4,3,SR- 19,,72,34.94478889,-97.83818889,0,42,0,0,1,1,0,4,9,99,0,99,0,0000000,11,6,11,18,11,34,0,0,0,1,0
40,400056,1,1,0,0,0,2,2,143,4780,20,2,2012,2,1,59,0,16,6,S 89TH EAST AVE,,0,36.15054167,-95.87770278,0,42,0,0,1,1,0,3,2,1,0,1,0,0000000,1,58,2,4,3,6,0,0,0,1,1
40,400057,2,2,0,0,0,2,2,21,0,27,2,2012,2,7,59,0,4,3,SR- 82,,111,36.02686667,-95.04780833,0,12,6,0,1,1,0,2,1,1,0,1,0,0000000,8,4,8,25,8,52,0,0,0,1,0
40,400058,1,1,0,0,0,1,1,79,0,3,3,2012,7,11,38,0,4,3,SR- 63,,231,34.64824167,-94.68130278,0,1,0,0,1,1,0,4,1,1,0,1,0,0000000,11,32,11,54,88,88,0,0,0,1,1
40,400059,2,2,0,0,0,4,4,133,0,23,1,2012,2,11,9,0,14,3,SR- 3,,59,35.25919722,-96.71128056,0,12,2,0,1,1,0,1,1,1,0,1,0,0000000,11,3,11,13,11,48,0,0,0,1,0
40,400060,6,6,0,0,0,6,6,125,4300,14,2,2012,3,5,45,1,12,2,US-270,,65,35.31110556,-96.94326389,0,43,0,0,1,1,0,1,2,3,5,3,0,0000000,5,47,5,56,8,19,0,0,0,1,0
40,400061,1,1,0,0,0,1,1,129,0,17,2,2012,6,21,23,0,3,2,US- 283,,89,35.54780556,-99.67335278,0,42,0,0,1,1,0,4,2,10,0,10,0,0000000,21,11,21,19,22,26,0,0,0,1,0
40,400062,1,1,0,0,0,3,3,37,0,25,2,2012,7,7,43,0,3,3,SR- 48,,43,35.94148611,-96.40482778,0,52,0,0,1,1,0,4,1,1,0,1,0,0000000,7,59,8,26,8,54,0,0,0,1,0
40,400063,2,2,0,0,0,2,2,121,0,27,2,2012,2,17,29,0,6,6,CABINESS RD,,0,34.99900556,-96.00094167,0,12,6,0,1,1,0,1,1,1,0,1,0,0000000,17,40,17,59,18,47,0,0,0,1,0
40,400064,1,1,0,0,0,1,1,143,4780,4,3,2012,1,1,19,1,13,2,US- 169 ON-RAMP,,48,36.07782222,-95.85933056,0,1,0,0,5,1,0,8,3,1,0,1,0,0000000,1,19,1,25,1,40,0,0,0,1,1
40,400065,1,1,0,0,0,2,2,99,0,2,2,2012,5,22,45,0,4,2,US-77,,2,34.378925,-97.13587778,0,1,0,0,1,1,0,4,2,10,0,10,0,0000000,22,44,22,57,23,22,0,0,0,1,0
40,400066,1,1,0,1,1,2,2,119,4460,7,2,2012,3,18,45,1,13,2,US-177,,12,36.13286944,-97.05155556,0,8,0,0,1,1,0,1,3,2,0,2,0,0000000,18,46,18,51,19,11,0,0,0,1,0
40,400067,1,1,0,0,0,1,1,153,0,16,2,2012,5,20,5,1,2,3,SR-15,,21,36.39930278,-99.57389167,0,43,0,0,1,1,0,4,2,1,0,1,0,0000000,99,99,99,99,88,88,0,0,0,1,1
40,400068,2,2,0,0,0,2,2,97,0,23,2,2012,5,4,45,1,1,1,I-44,,25,36.40774722,-95.40924167,0,12,1,0,1,1,0,1,2,1,0,1,0,0000000,99,99,99,99,88,88,0,0,0,1,0
40,400069,2,2,0,0,0,2,2,11,0,24,2,2012,6,9,0,0,4,3,SR-51,,118,36.09378333,-98.44595833,0,12,7,0,1,1,0,1,1,10,0,10,0,0000000,9,2,9,15,88,88,0,0,0,1,0
40,400070,1,1,0,0,0,1,1,137,0,26,2,2012,1,10,44,0,4,4,CR-CADDO,,0,34.63757222,-98.11573889,0,38,0,0,1,1,0,4,1,1,0,1,0,0000000,10,46,10,55,88,88,0,0,0,1,0
40,400071,1,1,0,0,0,3,3,121,0,26,2,2012,1,12,41,0,3,2,US-270,,64,34.89640833,-95.67334722,0,1,0,0,1,1,0,4,1,1,0,1,0,0000000,12,48,12,56,13,17,0,0,0,1,0
40,400072,1,1,0,1,1,4,4,73,3510,27,2,2012,2,5,29,0,6,4,CR-WATERLOO RD,,0,35.72545833,-98.01789444,0,8,0,0,1,1,0,1,2,1,0,1,0,0000000,99,99,99,99,88,88,23,0,0,1,0