STATE,ST_CASE,VE_TOTAL,VE_FORMS,PVH_INVL,PEDS,PERNOTMVIT,PERMVIT,PERSONS,COUNTY,CITY,DAY,MONTH,YEAR,DAY_WEEK,HOUR,MINUTE,NHS,ROAD_FNC,ROUTE,TWAY_ID,TWAY_ID2,MILEPT,LATITUDE,LONGITUD,SP_JUR,HARM_EV,MAN_COLL,RELJCT1,RELJCT2,TYP_INT,WRK_ZONE,REL_ROAD,LGT_COND,WEATHER1,WEATHER2,WEATHER,SCH_BUS,RAIL,NOT_HOUR,NOT_MIN,ARR_HOUR,ARR_MIN,HOSP_HR,HOSP_MN,CF1,CF2,CF3,FATALS,DRUNK_DR
40,400073,2,2,0,0,0,2,2,97,0,5,3,2012,2,3,55,1,2,2,US-412,CR-S431,5,36.16756944,-95.33310556,0,12,6,0,2,2,0,1,2,1,0,1,0,0000000,3,45,3,57,4,44,0,0,0,1,1
40,400074,1,1,0,0,0,1,1,143,4780,13,1,2012,6,10,32,0,16,6,E 57TH ST,,0,36.08127778,-95.9033,0,42,0,0,1,1,0,4,1,1,0,1,0,0000000,10,34,10,39,11,8,0,0,0,1,0
40,400075,1,1,0,0,0,1,1,83,0,16,1,2012,2,17,8,1,1,1,I-35,,14,35.74512778,-97.41618611,0,57,0,0,1,1,0,3,1,1,0,1,0,0000000,17,11,17,21,88,88,0,0,0,1,0
40,400076,1,1,0,1,1,1,1,109,1300,3,2,2012,6,18,23,0,16,6,S SUNNYLANE RD,,0,35.44246389,-97.44146389,0,8,0,0,1,1,0,1,3,2,0,2,0,0000000,18,25,18,30,18,53,0,0,0,1,0
40,400077,2,1,1,0,0,1,1,47,1550,5,2,2012,1,13,39,0,16,6,W BROADWAY,,0,36.39678056,-97.89857778,0,14,0,0,1,1,0,7,1,10,0,10,0,0000000,13,40,13,44,14,3,0,0,0,1,0
40,400078,2,2,0,0,0,4,4,17,5290,14,2,2012,3,8,32,1,1,1,I-40,,319,35.48639722,-97.75973056,0,12,7,0,1,1,0,1,1,5,0,5,0,0000000,8,29,8,40,9,14,0,0,0,1,0
40,400079,1,1,0,1,1,1,1,109,3550,24,2,2012,6,15,10,0,16,6,N CLASSEN BLVD,NW 24TH ST,0,35.49423889,-97.53236111,0,8,0,0,3,2,0,1,1,1,0,1,0,0000000,15,11,15,21,15,35,0,0,0,1,0
40,400080,1,1,0,1,1,1,1,109,3550,24,2,2012,6,21,45,0,16,6,N MAY AVE,,0,35.502125,-97.56569444,0,8,0,0,1,1,0,1,3,1,0,1,0,0000000,21,46,21,53,22,10,0,0,0,1,0
40,400081,2,2,0,0,0,2,2,47,0,29,2,2012,4,17,47,0,4,3,SR-15,,147,36.53488056,-97.49194167,0,12,2,0,1,1,0,1,1,1,0,1,0,0000000,15,32,15,46,88,88,0,0,0,1,0
40,400082,2,2,0,0,0,4,4,87,0,2,3,2012,6,13,31,0,4,3,SR-59,,40,34.91345278,-97.40633056,0,12,1,0,1,1,0,1,1,1,0,1,0,0000000,13,33,13,40,14,5,0,0,0,1,0
40,400083,1,1,0,1,1,1,1,109,3550,4,3,2012,1,2,25,1,11,1,I-40,,52,35.459975,-97.578775,0,8,0,0,1,1,0,1,3,10,0,10,0,0000000,2,25,99,97,99,97,0,0,0,1,0
40,400084,2,2,0,0,0,2,2,125,4650,26,1,2012,5,18,40,0,13,3,SR-9,,7,35.26066389,-96.90883611,0,12,6,0,1,1,0,1,2,1,0,1,0,0000000,18,40,18,48,19,49,0,0,0,1,1
40,400085,1,1,0,0,0,1,1,85,0,5,3,2012,2,8,18,0,4,3,SR-32,,224,33.94039444,-97.17082222,0,38,0,0,1,1,0,4,1,1,0,1,0,0000000,8,20,8,25,8,49,0,0,0,1,0
40,400086,3,3,0,0,0,4,4,63,0,5,3,2012,2,16,44,0,13,2,US-270,,43,35.09688611,-96.39755556,0,12,1,0,8,1,0,1,1,1,0,1,0,0000000,16,41,16,48,17,19,0,0,0,1,0
40,400087,1,1,0,0,0,1,1,31,2750,7,3,2012,4,1,2,0,16,6,SW 67TH ST,SW CHAUCER DR,0,34.60053056,-98.47480556,0,33,0,0,1,1,0,3,3,1,0,1,0,0000000,99,99,99,99,88,88,0,0,0,1,0
40,400088,1,1,0,0,0,2,2,21,0,8,3,2012,5,0,49,0,4,4,CR-WELLING,,0,35.92109444,-94.91344444,0,38,0,0,1,1,0,4,2,1,0,1,0,0000000,0,40,0,47,1,48,0,0,0,1,0
40,400089,1,1,0,0,0,1,1,9,0,9,3,2012,6,4,58,0,3,3,SR-6,,80,35.40723889,-99.70374167,0,32,0,0,1,1,0,4,2,1,0,1,0,0000000,99,99,99,99,88,88,0,0,0,1,0
40,400090,1,1,0,0,0,2,2,101,0,10,3,2012,7,7,0,0,6,4,CR-OLD HIGHWAY 16,,0,35.75486111,-95.67744722,0,38,0,0,1,1,0,4,2,1,0,1,0,0000000,7,29,7,55,8,19,0,0,0,1,1
40,400091,2,2,0,0,0,2,2,37,0,10,3,2012,7,8,37,0,3,3,SR-33,,194,35.98855833,-96.28521667,0,12,2,0,1,1,0,1,1,10,0,10,0,0000000,8,39,8,55,88,88,0,0,0,1,0
40,400092,1,1,0,0,0,1,1,109,3550,10,3,2012,7,20,51,0,16,6,S TRIPLE X RD,,0,35.40124722,-97.23041944,0,34,0,0,1,1,0,4,2,2,0,2,0,0000000,20,52,21,6,88,88,0,0,0,1,1
40,400093,2,2,0,0,0,3,3,115,0,10,3,2012,7,21,28,0,4,3,SR-10,CR-E120,27,36.84204722,-94.69814722,0,12,6,0,2,2,0,1,2,10,0,10,0,0000000,21,28,21,29,88,88,0,0,0,1,0
40,400094,1,1,0,0,0,3,3,93,0,29,2,2012,4,17,20,0,4,4,CR-ISABELLA BLACKTOP,,0,36.23172222,-98.342475,0,1,0,0,1,1,0,1,1,1,0,1,0,0000000,17,23,17,32,18,6,0,0,0,1,0
40,400095,3,3,0,0,0,3,3,103,0,12,3,2012,2,21,24,1,1,1,I-35,,158,36.38833889,-97.32697778,0,12,1,0,1,1,0,1,2,1,0,1,0,0000000,21,30,21,50,22,9,0,0,0,1,0
40,400096,2,2,0,0,0,2,2,139,0,14,3,2012,4,14,55,1,2,2,US-64,,193,36.73491944,-101.4921167,0,12,6,0,8,1,0,1,1,1,0,1,0,0000000,14,53,14,59,15,27,0,0,0,1,1
40,400097,1,1,0,0,0,2,2,109,1300,4,3,2012,1,19,54,0,16,6,NE 10TH ST,,0,35.47864167,-97.43350833,0,33,0,0,1,1,0,4,2,1,0,1,0,0000000,20,0,20,3,20,30,0,0,0,1,0
40,400098,1,1,0,0,0,1,1,35,0,15,3,2012,5,17,39,0,4,3,SR-66,,28,36.59703333,-95.29330278,0,59,0,0,1,1,0,4,1,1,0,1,0,0000000,17,42,17,54,88,88,0,0,0,1,1
40,400099,1,1,0,0,0,1,1,109,3550,15,3,2012,5,19,30,0,12,3,SR-74,KILPATRICK TPK ON-RAMP,70,35.60451389,-97.58495833,0,59,0,1,5,1,0,4,1,10,0,10,0,0000000,19,31,19,35,88,88,0,0,0,1,0
40,400100,1,1,0,0,0,1,1,129,0,15,3,2012,5,22,38,0,4,3,SR-47,,75,35.61135278,-99.77837778,0,1,0,0,1,1,0,2,2,1,0,1,0,0000000,22,48,22,57,88,88,0,0,0,1,0
40,400101,1,1,0,1,1,1,1,143,0,16,3,2012,6,5,41,0,3,3,SR-51,265 W AVE,6,36.13019444,-96.28708333,0,8,0,0,2,2,0,1,2,10,0,10,0,0000000,99,99,99,99,88,88,0,0,0,1,0
40,400102,1,1,0,0,0,2,2,17,3550,16,3,2012,6,15,10,1,13,8,KILPATRICK TURNPIKE,,103,35.47072778,-97.71076667,0,1,0,0,1,1,0,4,1,10,0,10,0,0000000,15,16,15,21,15,56,99,99,99,1,0
40,400103,1,1,0,0,0,3,3,109,1480,1,3,2012,5,19,24,0,16,6,E 15TH ST,,0,35.63811944,-97.34665278,0,1,0,0,1,1,0,4,2,1,0,1,0,0000000,19,24,19,47,20,13,0,0,0,2,1
40,400104,1,1,0,0,0,1,1,49,0,16,3,2012,6,20,13,0,4,3,SR-74,,20,34.53533611,-97.40519722,0,1,0,0,1,1,0,4,2,1,0,1,0,0000000,20,12,20,21,20,55,0,0,0,1,1
40,400105,1,1,0,0,0,1,1,89,0,18,3,2012,1,4,38,0,6,4,CR-NO NAME,,0,33.89551667,-94.80041111,0,1,0,0,1,1,0,4,2,10,0,10,0,0000000,3,53,4,3,88,88,0,0,0,1,1
40,400106,2,2,0,0,0,2,2,3,0,20,3,2012,3,2,45,0,3,2,US-64,CR-NO NAME,50,36.79719722,-98.45043056,0,12,6,0,2,2,0,1,2,10,0,10,0,0000000,1,6,1,20,88,88,0,0,0,1,0
40,400107,1,1,0,1,1,2,2,81,0,24,3,2012,7,23,36,1,1,1,I-44,,168,35.72453333,-96.85633889,0,8,0,0,1,1,0,1,2,10,0,10,0,0000000,99,99,99,99,88,88,0,0,0,1,0
40,400108,1,1,0,0,0,2,2,143,4780,25,3,2012,1,2,35,1,11,1,I-244 RAMP,US-169,143,36.16610556,-95.85063611,0,20,0,1,5,1,1,4,3,1,0,1,0,0000000,2,34,2,39,4,2,0,0,0,1,1
40,400109,1,1,0,0,0,1,1,81,0,25,3,2012,1,2,46,1,1,1,I-44 RAMP,,62,35.68348056,-97.03925,0,38,0,1,5,1,0,4,2,1,0,1,0,0000000,2,57,3,11,4,15,0,0,0,1,1
40,400110,1,1,0,0,0,1,1,27,4335,25,3,2012,1,21,31,0,4,3,SR-77,,39,35.05730833,-97.33556667,0,38,0,0,1,1,0,4,2,1,0,1,0,0000000,21,35,21,41,88,88,0,0,0,1,0
40,400111,2,2,0,0,0,2,2,9,0,26,3,2012,2,18,58,0,4,3,SR-6,,64,35.40755278,-99.73216667,0,12,6,0,1,1,0,1,1,1,0,1,0,0000000,19,3,19,14,19,46,0,0,0,1,0
40,400112,1,1,0,0,0,1,1,121,0,28,3,2012,4,14,8,0,4,3,SR-63,,202,34.84586944,-95.60375278,0,42,0,0,1,1,0,4,1,1,0,1,0,0000000,99,99,99,99,88,88,0,0,0,1,0
40,400113,1,1,0,1,1,1,1,109,3550,29,3,2012,5,0,37,1,12,3,SR-74 OFF-RAMP,,65,35.59773611,-97.58497222,0,8,0,1,5,1,0,1,3,1,0,1,0,0000000,0,39,0,46,88,88,0,0,0,1,0
40,400114,3,3,0,0,0,3,3,99,0,16,2,2012,5,8,9,1,2,8,CHICKASAW TURNPIKE,SR-7,0,34.50613056,-97.01226111,0,12,6,1,2,3,0,1,1,10,0,10,0,0000000,8,5,8,7,8,16,14,0,0,1,0
40,400115,1,1,0,0,0,2,2,39,0,31,3,2012,7,18,24,0,4,3,SR-33,,172,35.63864444,-99.07192778,0,1,0,0,1,1,0,1,1,1,0,1,0,0000000,18,36,18,57,20,17,0,0,0,1,0
40,400116,2,2,0,0,0,4,4,51,0,31,3,2012,7,21,33,0,3,2,US-62,,43,35.07895556,-98.01935,0,12,2,0,1,1,0,1,2,1,0,1,0,0000000,21,30,21,37,21,37,0,0,0,2,1
40,400117,2,2,0,0,0,2,2,91,0,3,4,2012,3,15,10,0,4,4,CR-117,,0,35.33341389,-95.52041111,0,12,2,0,1,1,0,1,1,10,0,10,0,0000000,15,9,15,22,16,42,0,0,0,1,0
40,400118,1,1,0,0,0,5,5,97,2720,12,2,2012,1,2,5,0,16,6,MAPLEBROOK RD,,0,36.4639,-95.05206111,0,1,0,0,1,1,0,1,2,1,0,1,0,0000000,2,4,2,15,3,39,0,0,0,1,1
40,400119,1,1,0,1,1,1,1,109,3550,27,2,2012,2,19,51,0,16,6,SW 59TH ST,S DOUGLAS AVE,0,35.40625278,-97.53474722,0,8,0,0,2,2,0,1,3,1,0,1,0,0000000,19,53,19,56,20,13,0,0,0,1,0
40,400120,1,1,0,1,1,1,1,109,3550,24,3,2012,7,23,6,0,16,6,S BRYANT,,0,35.41852778,-97.45919722,0,8,0,0,1,1,0,1,2,1,0,1,0,0000000,23,9,23,14,88,88,0,0,0,1,0
40,400121,1,1,0,0,0,1,1,59,0,26,3,2012,2,14,52,0,4,4,CR-013,,0,36.82656667,-99.54844444,0,1,0,0,1,1,0,1,1,10,0,10,0,0000000,99,99,99,99,88,88,0,0,0,1,0
40,400122,1,1,0,0,0,3,3,49,0,21,1,2012,7,22,23,0,6,4,CR-3300,,0,34.7255,-97.125475,0,34,0,0,1,1,0,4,2,1,0,1,0,0000000,22,27,22,48,23,39,0,0,0,1,0
40,400123,2,2,0,0,0,4,4,119,0,23,3,2012,6,17,16,0,4,3,SR-33,SR-99,65,35.98551111,-96.65202222,0,12,6,0,2,3,0,1,1,10,0,10,0,0000000,17,32,17,40,18,13,0,0,0,2,0
40,400124,1,1,0,0,0,3,3,143,4780,25,3,2012,1,1,40,1,13,2,US-64,,51,36.11485278,-95.906475,0,30,0,0,1,1,0,4,3,1,0,1,0,0000000,1,39,1,43,2,9,0,0,0,1,1
40,400125,2,2,0,0,0,5,5,21,4600,7,3,2012,4,15,30,0,13,3,SR-51,STICK ROSS MOUNTAIN RD,187,35.89171389,-94.98793611,0,12,6,0,2,2,0,1,1,10,0,10,0,0000000,15,36,16,6,16,47,0,0,0,1,0
40,400126,1,1,0,0,0,1,1,19,0,20,3,2012,3,10,8,0,4,2,US-77,,27,34.11015,-97.14283333,0,38,0,0,1,1,0,4,1,2,0,2,0,0000000,10,18,10,31,11,37,0,0,0,1,0
40,400127,2,2,0,0,0,6,6,19,0,23,3,2012,6,13,36,0,3,2,US-70,SR-76,50,34.17291944,-97.4752,0,12,6,0,2,2,0,1,1,1,0,1,0,0000000,13,35,13,37,14,9,0,0,0,2,0
40,400128,1,1,0,0,0,2,2,143,4780,23,3,2012,6,21,31,0,16,6,E 101ST ST,,0,36.01740278,-95.92927778,0,42,0,0,1,1,0,4,2,10,0,10,0,0000000,21,27,21,32,21,57,0,0,0,1,1
40,400129,1,1,0,0,0,3,3,15,0,10,4,2012,3,3,7,0,3,2,US-62,,18,35.04402222,-98.32923056,0,43,0,0,1,1,0,4,2,10,0,10,0,0000000,3,16,3,22,3,54,0,0,0,1,0
40,400130,2,2,0,0,0,2,2,9,0,10,4,2012,3,8,4,0,4,3,SR-34,SR-152,0,35.29135833,-99.50566111,0,12,6,0,2,2,0,1,1,5,0,5,0,0000000,7,50,8,7,8,51,0,0,0,1,0
40,400131,1,1,0,0,0,1,1,101,0,2,4,2012,2,3,10,0,4,3,SR-10,,86,35.64865,-95.18262222,0,42,0,0,1,1,0,4,2,1,0,1,0,0000000,3,6,3,24,88,88,0,0,0,1,1
40,400132,1,1,0,0,0,2,2,143,4780,24,3,2012,7,19,6,0,16,6,W 23RD ST,,0,36.12977778,-95.99741111,0,1,0,0,1,1,0,1,1,1,0,1,0,0000000,19,6,19,10,19,31,0,0,0,1,1
40,400133,1,1,0,0,0,1,1,37,0,9,4,2012,2,20,37,0,6,4,CR-369TH WEST AVE,,0,36.08869722,-96.40500556,0,42,0,0,1,1,0,4,2,1,0,1,0,0000000,20,46,20,56,88,88,0,0,0,1,0
40,400134,2,2,0,0,0,3,3,17,3320,10,4,2012,3,17,39,0,16,6,N MUSTANG RD,,0,35.39369167,-97.72460556,0,12,6,0,8,1,0,1,1,10,0,10,0,0000000,17,40,17,47,18,17,14,0,0,1,0
40,400135,1,1,0,0,0,1,1,51,0,13,4,2012,6,9,46,1,2,2,US-81,,10,34.69603611,-97.95811111,0,34,0,0,1,1,0,4,1,10,0,10,0,0000000,9,56,10,8,88,88,0,0,0,1,0
40,400136,1,1,0,0,0,2,2,71,0,13,4,2012,6,13,16,0,6,4,CR-KILDARE RD,,0,36.81050278,-97.02951111,0,42,0,0,1,1,0,5,1,10,0,10,0,0000000,12,27,12,36,12,56,20,0,0,1,1
40,400137,1,1,0,0,0,1,1,41,0,14,4,2012,7,1,42,0,6,4,CR-S670,,0,36.31917778,-94.68389722,0,1,0,0,1,1,0,4,2,10,0,10,0,0000000,1,35,1,52,88,88,0,0,0,1,1
40,400140,1,1,0,0,0,1,1,143,4780,6,4,2012,6,99,99,0,16,6,S TRENTON AVE,,0,36.14468889,-95.96971111,0,33,0,0,1,1,0,4,1,1,0,1,0,0000000,12,53,12,56,88,88,0,0,0,1,0
40,400141,2,2,0,0,0,2,2,143,590,30,3,2012,6,2,13,0,4,6,EAST 61ST ST,S 129TH EAST AVE,0,36.07544167,-95.83316667,0,12,6,0,2,2,0,1,3,1,0,1,0,0000000,2,18,2,22,88,88,20,0,0,1,1
40,400142,2,2,0,0,0,3,3,89,0,14,4,2012,7,17,45,0,3,3,SR-3,,152,33.82306944,-94.60873889,0,12,6,0,1,1,0,1,1,10,0,10,0,0000000,17,49,18,19,18,49,0,0,0,2,1
40,400143,1,1,0,0,0,2,2,27,2800,13,1,2012,6,16,15,0,6,6,144TH ST,,0,34.97129722,-97.23030833,0,1,0,0,1,1,0,4,1,1,0,1,0,0000000,16,19,16,45,17,27,0,0,0,1,1
40,400144,1,1,0,1,1,1,1,143,4780,7,1,2012,7,20,11,0,16,6,S 101ST ST EAST,,0,36.14520833,-95.86434722,0,9,0,0,1,1,0,1,2,1,0,1,0,0000000,20,14,20,16,20,41,0,0,0,1,0
40,400145,2,2,0,0,0,3,3,5,4510,17,3,2012,7,12,26,1,2,2,US-69/75,FRED'S FISH CAMP RD,88,34.47757222,-96.05045833,0,12,6,0,7,1,0,1,1,1,0,1,0,0000000,12,23,12,35,12,53,0,0,0,1,0
40,400146,1,1,0,0,0,4,4,37,0,25,3,2012,1,0,25,0,6,4,CR-161ST WEST AVE,,0,36.01896944,-96.17238611,0,42,0,0,1,1,0,4,2,1,0,1,0,0000000,0,26,0,43,1,50,0,0,0,1,0
40,400147,2,2,0,0,0,3,3,79,3840,14,4,2012,7,0,6,1,13,2,US-59,HICKORY AVE,27,35.06503611,-94.62274722,0,12,6,0,2,3,0,1,3,10,0,10,0,0000000,0,19,0,19,0,30,0,0,0,1,1
40,400148,2,2,0,0,0,2,2,91,1570,16,4,2012,2,13,10,1,2,2,US-69 RAMP,SR-9,53,35.292275,-95.59307222,0,12,6,1,2,3,0,1,1,1,0,1,0,0000000,13,21,13,33,13,43,0,0,0,1,0
40,400149,2,2,0,0,0,4,4,143,4780,18,4,2012,4,20,30,0,16,6,N CINCINNATI AVE,,0,36.20296667,-95.99356389,0,12,6,0,1,1,0,1,2,1,0,1,0,0000000,20,31,20,37,21,25,0,0,0,1,2
40,400150,2,2,0,0,0,4,4,19,0,19,3,2012,2,7,30,0,4,3,SR-53,,43,34.33273611,-97.43253056,0,12,2,0,1,1,0,1,1,10,0,10,0,0000000,7,33,7,47,8,33,0,0,0,3,0
40,400151,2,2,0,0,0,2,2,145,0,17,4,2012,3,16,25,0,4,3,SR-16,,63,35.87516944,-95.35592222,0,12,6,0,1,1,0,1,1,1,0,1,0,0000000,16,23,16,31,17,17,0,0,0,1,0
40,400152,2,2,0,0,0,2,2,81,0,3,4,2012,3,10,50,0,4,3,SR-18,,48,35.77146667,-96.87605278,0,12,6,0,8,1,0,1,1,2,0,2,0,0000000,10,45,10,53,88,88,0,0,0,1,0
40,400153,1,1,0,1,1,1,1,143,4780,18,4,2012,4,21,49,1,13,2,US-64,,62,36.09817222,-95.85953333,0,8,0,0,1,1,0,1,3,1,0,1,0,0000000,21,49,22,1,22,19,19,0,0,1,0
40,400154,1,1,0,0,0,1,1,133,0,24,4,2012,3,18,11,0,4,3,SR-56,,15,34.94031944,-96.65708056,0,1,0,0,1,1,0,4,1,1,0,1,0,0000000,99,99,99,99,88,88,0,0,0,1,0
40,400155,1,1,0,0,0,1,1,41,0,20,4,2012,6,14,22,0,6,4,CR-HORSECREEK DR,,0,36.64448056,-94.90038889,0,35,0,0,1,1,0,4,1,10,0,10,0,0000000,14,26,14,45,88,88,0,0,0,1,1
40,400156,1,1,0,0,0,1,1,135,0,24,4,2012,3,6,25,1,1,1,I-40,,90,35.39907778,-94.66665278,0,42,0,0,1,1,0,4,2,1,0,1,0,0000000,6,57,7,5,88,88,0,0,0,1,1
40,400157,1,1,0,0,0,1,1,39,0,23,4,2012,2,16,29,1,1,1,I-40,,39,35.479975,-99.079625,0,1,0,0,1,1,0,4,1,1,0,1,0,0000000,16,51,17,6,18,1,0,0,0,1,0
40,400158,1,1,0,0,0,1,1,135,0,27,4,2012,6,18,18,1,2,2,US-59,,38,35.38890833,-94.81448056,0,59,0,0,1,1,0,3,1,1,0,1,0,0000000,18,18,18,26,18,45,0,0,0,1,1
40,400159,1,1,0,0,0,1,1,77,0,28,4,2012,7,15,50,0,3,3,SR-2,,38,34.72593333,-95.29080556,0,21,0,0,1,1,0,4,1,10,0,10,0,0000000,99,99,99,99,88,88,0,0,0,1,1
40,400160,1,1,0,0,0,1,1,109,3550,27,3,2012,3,8,3,1,11,1,I-35,,7,35.55110556,-97.45603056,0,21,0,0,1,1,0,4,1,1,0,1,0,0000000,8,12,8,23,88,88,0,0,0,1,0
40,400161,2,2,0,0,0,2,2,109,3550,27,3,2012,3,8,0,0,16,6,E MEMORIAL RD,PRINCETON LN,0,35.60900278,-97.46860833,0,12,6,0,2,2,0,1,1,1,0,1,0,0000000,8,0,8,10,88,88,0,0,0,1,0
40,400162,2,2,0,0,0,2,2,109,3550,15,4,2012,1,11,50,0,16,6,SE 66TH ST,S SHIELDS BLVD,0,35.39892778,-97.50814167,0,12,6,0,2,2,0,1,1,10,0,10,0,0000000,11,50,11,55,12,23,0,0,0,1,0
40,400163,2,2,0,0,0,3,3,17,3550,22,4,2012,1,1,57,0,16,6,S MUSTANG RD,W RENO AVE,0,35.46436111,-97.72471667,0,12,1,0,3,2,0,1,3,1,0,1,0,0000000,1,58,2,4,2,22,0,0,0,1,0
40,400164,2,2,0,0,0,2,2,17,3320,23,4,2012,2,12,19,0,13,3,SR-152,,95,35.39162778,-97.76835833,0,12,2,0,1,1,0,1,1,1,0,1,0,0000000,12,20,12,32,13,13,0,0,0,1,0
40,400165,2,2,0,0,0,7,7,109,3550,14,3,2012,4,14,33,0,16,6,S PENNSYLVANIA AVE,,0,35.40708333,-97.54793056,0,12,6,0,8,1,0,1,1,1,0,1,0,0000000,14,34,14,39,15,29,0,0,0,1,0
40,400166,1,1,0,0,0,2,2,99,0,15,4,2012,1,5,14,1,1,1,I-35,,84,34.48864722,-97.16136111,0,1,0,0,1,1,4,3,2,2,0,2,0,0000000,5,15,5,22,6,0,0,0,0,1,1
40,400167,1,1,0,0,0,1,1,111,0,24,4,2012,3,23,44,1,11,1,I-40,,42,35.43343333,-96.01362778,0,42,0,0,1,1,0,4,3,1,0,1,0,0000000,23,45,0,2,88,88,0,0,0,1,0
40,400168,1,1,0,0,0,1,1,11,0,26,4,2012,5,20,29,0,6,4,CR-NO NAME,,0,35.78594444,-98.31320833,0,1,0,0,1,1,0,1,2,10,0,10,0,0000000,20,39,21,11,88,88,0,0,0,1,1
40,400169,1,1,0,0,0,1,1,125,4300,24,3,2012,7,16,1,0,16,6,E WALLACE ST,N MCKINLEY AVE,0,35.33870833,-96.91346111,0,1,0,0,2,2,0,1,1,10,0,10,0,0000000,16,1,16,8,16,57,0,0,0,1,0
40,400170,1,1,0,0,0,1,1,143,4780,7,4,2012,7,3,29,1,11,1,I-244,,125,36.16177778,-95.88344722,0,59,0,0,1,1,1,4,3,10,0,10,0,0000000,3,40,3,41,88,88,0,0,0,1,1
40,400171,2,1,1,0,1,2,3,85,0,10,4,2012,3,5,13,1,1,1,I-35,,40,33.77708889,-97.13473333,0,14,0,0,1,1,0,2,2,10,0,10,0,0000000,5,16,5,24,6,15,0,0,0,1,0
40,400172,1,1,0,0,0,2,2,143,0,15,4,2012,1,18,28,1,2,8,CREEK TURNPIKE,,2,36.00890556,-96.02512778,0,1,0,0,1,1,0,2,1,10,0,10,0,0000000,18,29,18,42,19,6,0,0,0,1,0
40,400173,1,1,0,0,0,1,1,27,3430,18,4,2012,4,10,6,1,11,1,I-35,,67,35.28114722,-97.48422222,0,1,0,0,1,1,0,3,1,1,0,1,0,0000000,10,8,10,11,10,35,0,0,0,1,0
40,400174,2,2,0,0,0,2,2,23,0,19,4,2012,5,20,22,1,2,2,US-70,CR-4080,101,34.02402778,-95.76400833,0,12,6,0,2,2,0,1,2,1,0,1,0,0000000,20,23,20,36,21,25,0,0,0,1,0
40,400175,2,2,0,0,0,2,2,101,3310,26,4,2012,5,21,45,1,13,2,US-69,,16,35.778325,-95.40243611,0,12,1,0,1,1,0,1,2,1,0,1,0,0000000,21,46,21,50,22,16,0,0,0,1,0
40,400176,1,1,0,0,0,3,3,115,0,2,5,2012,4,2,8,1,1,1,I-44,,13,36.70680833,-94.97836389,0,11,0,0,1,1,0,1,2,10,0,10,0,0000000,2,15,2,32,3,39,0,0,0,1,0
40,400177,2,2,0,0,0,4,4,35,0,22,4,2012,1,9,40,0,6,4,CR-300,CR-S4480,0,36.58272222,-95.02370833,0,12,6,0,2,2,0,1,1,1,0,1,0,0000000,10,3,10,36,11,30,0,0,0,1,0
40,400178,1,1,0,0,0,3,3,111,0,9,3,2012,6,16,55,0,6,4,CR-N160,,0,35.82356389,-96.08617222,0,1,0,0,1,1,0,1,1,1,0,1,0,0000000,16,54,17,7,18,3,0,0,0,1,0
40,400179,1,1,0,1,1,4,4,135,3290,15,3,2012,5,20,40,0,4,2,US-64,,146,35.40536944,-94.55766944,0,8,0,0,1,1,0,1,2,1,0,1,0,0000000,20,47,21,6,88,88,0,0,0,1,0
40,400180,2,2,0,0,0,2,2,71,3800,27,3,2012,3,12,21,1,13,2,US-77,,37,36.73398056,-97.06723056,0,12,2,0,1,1,0,1,1,1,0,1,0,0000000,12,22,12,27,12,44,0,0,0,1,0
40,400181,2,2,0,0,0,2,2,27,3430,20,2,2012,2,18,29,0,3,3,SR-9,,85,35.18936389,-97.2694,0,12,6,0,1,1,0,1,5,10,0,10,0,0000000,18,32,18,42,19,8,0,0,0,1,0
40,400182,1,1,0,0,0,1,1,145,0,22,4,2012,1,16,49,0,6,4,CR-E 71ST ST SOUTH,,0,36.06068889,-95.59016111,0,1,0,0,1,1,0,4,1,1,0,1,0,0000000,16,46,99,97,99,97,0,0,0,1,1
40,400183,1,1,0,1,1,2,2,89,0,29,4,2012,1,3,2,1,2,2,US-70,,29,33.95719167,-94.75540556,0,8,0,0,1,1,0,1,2,1,0,1,0,0000000,3,4,3,14,88,88,0,0,0,1,0
40,400184,2,2,0,0,0,3,3,1,0,3,5,2012,5,20,27,1,2,2,US-59,,51,35.89948611,-94.62993333,0,12,9,0,1,1,0,1,2,1,0,1,0,0000000,20,28,20,37,21,34,0,0,0,1,0
40,400185,2,2,0,0,0,4,4,153,0,6,5,2012,1,15,39,0,6,4,CR-NS207 RD,CR-EW47 RD,0,36.34804444,-99.31782778,0,12,6,0,2,2,0,1,1,1,0,1,0,0000000,15,38,15,49,16,20,0,0,0,1,1
40,400186,3,1,2,0,0,1,1,95,3470,1,5,2012,3,20,20,0,6,6,MAIN ST,,0,34.09883056,-96.79248889,0,42,0,0,1,1,0,4,5,1,0,1,0,0000000,20,18,20,24,88,88,0,0,0,1,1
40,400187,1,1,0,0,0,1,1,119,0,9,4,2012,2,13,3,0,4,3,SR-108,,60,36.20431944,-96.9256,0,32,0,0,1,1,0,4,1,1,0,1,0,0000000,13,9,13,32,14,21,0,0,0,1,0
40,400188,1,1,0,0,0,1,1,83,0,2,5,2012,4,17,38,0,3,3,SR-33,,4,35.84224722,-97.66713889,0,38,0,0,1,1,0,4,1,1,0,1,0,0000000,17,29,17,31,88,88,0,0,0,1,0
40,400189,1,1,0,0,0,1,1,125,0,5,5,2012,7,21,10,0,6,4,CR-NS339,,0,35.39534167,-96.96511944,0,59,0,0,1,1,0,4,2,1,0,1,0,0000000,21,3,21,10,21,33,0,0,0,1,0
40,400190,1,1,0,0,0,1,1,127,0,28,4,2012,7,10,0,0,4,3,SR-2,,124,34.38914444,-95.60267222,0,35,0,0,1,1,0,4,1,10,0,10,0,0000000,10,9,10,44,11,44,0,0,0,1,0