STATE,ST_CASE,VE_TOTAL,VE_FORMS,PVH_INVL,PEDS,PERNOTMVIT,PERMVIT,PERSONS,COUNTY,CITY,DAY,MONTH,YEAR,DAY_WEEK,HOUR,MINUTE,NHS,ROAD_FNC,ROUTE,TWAY_ID,TWAY_ID2,MILEPT,LATITUDE,LONGITUD,SP_JUR,HARM_EV,MAN_COLL,RELJCT1,RELJCT2,TYP_INT,WRK_ZONE,REL_ROAD,LGT_COND,WEATHER1,WEATHER2,WEATHER,SCH_BUS,RAIL,NOT_HOUR,NOT_MIN,ARR_HOUR,ARR_MIN,HOSP_HR,HOSP_MN,CF1,CF2,CF3,FATALS,DRUNK_DR
40,400191,1,1,0,0,0,1,1,17,0,5,5,2012,7,7,9,0,4,4,CR-OLD SR-66,,0,35.53696944,-98.06988889,0,31,0,0,1,1,0,4,2,1,0,1,0,0000000,99,99,99,99,88,88,0,0,0,1,1
40,400192,1,1,0,0,0,1,1,63,0,7,5,2012,2,23,6,0,4,4,CR-YEAGER RD,,0,35.10571667,-96.35331111,0,1,0,0,1,1,0,4,2,10,0,10,0,0000000,99,99,99,99,88,88,0,0,0,1,1
40,400193,2,2,0,0,0,3,3,131,0,6,5,2012,1,17,52,1,2,2,US-169,,149,36.56538889,-95.68249722,0,12,2,0,1,1,0,1,1,10,0,10,0,0000000,17,53,18,0,18,53,0,0,0,1,0
40,400194,2,2,0,0,0,3,3,27,3550,12,5,2012,7,15,48,1,11,1,I-35,,134,35.37698611,-97.49490833,0,12,1,0,1,1,0,1,1,10,0,10,0,0000000,15,50,15,58,16,9,0,0,0,1,0
40,400195,1,1,0,0,0,2,2,109,3550,14,5,2012,2,12,16,1,11,1,I-40,,22,35.46035833,-97.63267778,0,1,0,0,1,1,0,4,1,10,0,10,0,0000000,10,53,11,9,11,29,0,0,0,1,0
40,400196,1,1,0,0,0,4,4,89,0,15,4,2012,1,4,0,1,2,2,US-259,,152,33.84611944,-94.82648333,0,35,0,0,1,1,0,4,2,10,0,10,0,0000000,3,59,4,5,4,40,0,0,0,1,0
40,400197,1,1,0,0,0,1,1,143,4780,18,5,2012,6,22,47,1,11,1,I-244 RAMP,,126,36.16201111,-95.88077778,0,52,0,1,5,1,1,4,3,10,0,10,0,0000000,22,48,22,56,88,88,0,0,0,1,1
40,400198,1,1,0,0,0,1,1,11,0,28,4,2012,7,17,29,0,6,4,CR-NO NAME,,0,35.72815278,-98.419425,0,32,0,0,1,1,0,4,1,10,0,10,0,0000000,17,50,18,36,19,16,0,0,0,1,0
40,400199,2,2,0,0,0,2,2,23,4208,1,5,2012,3,7,45,1,2,2,US-70,,0,34.02520278,-95.34779167,0,12,2,0,1,1,4,1,1,1,0,1,0,0000000,7,55,8,22,9,25,0,0,0,1,0
40,400200,1,1,0,1,1,1,1,29,1040,2,5,2012,4,5,56,0,4,3,SR-31,,0,34.54164722,-96.21768889,0,15,0,0,1,1,0,1,2,1,0,1,0,0000000,6,8,6,41,7,36,0,0,0,1,0
40,400201,1,1,0,0,0,1,1,119,4460,2,5,2012,4,13,55,0,14,6,MCELROY RD,,0,36.13050278,-97.03585,0,33,0,0,1,1,0,4,1,10,0,10,0,0000000,13,57,14,2,14,32,0,0,0,1,0
40,400202,1,1,0,0,0,1,1,79,0,17,5,2012,5,9,41,0,6,4,CR-CALHOUN,,0,35.11192778,-94.70141111,0,42,0,0,1,1,0,4,1,1,0,1,0,0000000,9,36,9,50,88,88,0,0,0,1,0
40,400203,1,1,0,0,0,1,1,145,0,24,4,2012,3,16,10,0,4,3,SR-51B,,139,35.85612778,-95.48020556,0,1,0,0,1,1,0,1,1,1,0,1,0,0000000,16,21,16,37,17,13,0,0,0,1,0
40,400204,1,1,0,1,1,1,1,47,1550,15,4,2012,1,22,48,1,13,2,US-412,S HOOVER ST,104,36.39076667,-97.916725,0,8,0,0,3,2,0,1,3,1,0,1,0,0000000,22,49,22,55,23,15,0,0,0,1,0
40,400205,2,2,0,0,0,2,2,109,2080,17,4,2012,3,16,28,0,16,6,NE 23RD ST,,0,35.49301667,-97.17356111,0,12,6,0,8,1,0,1,1,1,0,1,0,0000000,16,30,16,35,17,15,0,0,0,1,0
40,400206,1,1,0,0,0,1,1,109,3550,10,4,2012,3,10,11,0,16,6,N SOONER RD,,0,35.50842778,-97.42569722,0,5,0,0,1,1,0,1,1,1,0,1,0,0000000,10,12,10,21,10,36,0,0,0,1,0
40,400207,2,2,0,0,0,4,4,9,1510,4,5,2012,6,23,0,0,16,6,W 20TH ST,S RANDALL AVE,0,35.39287222,-99.41733889,0,12,6,0,2,2,0,1,3,10,0,10,0,0000000,23,6,23,10,23,35,0,0,0,1,1
40,400208,2,2,0,0,0,3,3,131,870,8,5,2012,3,17,11,0,4,3,SR-167,,26,36.20008611,-95.75842222,0,12,2,0,1,1,0,1,1,1,0,1,0,0000000,17,28,17,46,18,21,0,0,0,1,1
40,400209,1,1,0,0,0,1,1,41,0,19,5,2012,7,21,22,0,4,3,SR-28,,21,36.47066944,-94.97420278,0,32,0,0,1,1,0,4,2,10,0,10,0,0000000,21,21,21,39,88,88,0,0,0,1,1
40,400210,1,1,0,0,0,1,1,97,0,22,5,2012,3,14,21,0,4,3,SR-28,,55,36.45076111,-95.1798,0,42,0,0,1,1,0,4,1,1,0,1,0,0000000,14,29,14,54,16,1,0,0,0,1,0
40,400211,1,1,0,0,0,1,1,79,0,23,5,2012,4,13,50,0,4,3,SR-1,,192,34.71324444,-94.66883611,0,24,0,0,1,1,0,4,1,1,0,1,0,0000000,13,43,14,17,88,88,0,0,0,1,0
40,400212,1,1,0,0,0,1,1,71,0,26,5,2012,7,6,20,0,6,4,CR-BENDER RD,,0,36.92686389,-97.12968333,0,1,0,0,1,1,0,4,2,1,0,1,0,0000000,6,20,6,29,88,88,0,0,0,1,1
40,400213,1,1,0,0,0,1,1,39,0,26,5,2012,7,10,24,1,11,1,I-40,,114,35.52099722,-98.71819444,0,1,0,0,1,1,0,3,1,10,0,10,0,0000000,10,23,10,25,88,88,0,0,0,1,0
40,400214,1,1,0,0,0,1,1,23,0,27,5,2012,1,3,10,0,6,4,CR-MAPLE RD,,0,33.93471389,-95.50566389,0,35,0,0,1,1,0,4,2,1,0,1,0,0000000,3,10,3,24,88,88,0,0,0,1,1
40,400215,2,2,0,0,0,2,2,109,3550,12,4,2012,5,9,32,1,1,1,I-240,,142,35.39563889,-97.32549722,0,12,1,0,1,1,4,1,1,1,0,1,0,0000000,9,33,9,59,10,36,23,0,0,1,0
40,400216,3,3,0,0,0,3,3,109,3550,28,4,2012,7,16,49,0,16,6,N COLTRANE RD,,0,35.60834167,-97.44285,0,12,6,0,1,1,0,1,1,10,0,10,0,0000000,16,50,17,1,17,37,0,0,0,1,0
40,400217,1,1,0,1,1,2,2,109,3550,9,5,2012,4,21,20,0,16,6,S SHIELDS BLVD,,0,35.40636111,-97.50792778,0,8,0,0,1,1,0,1,3,1,0,1,0,0000000,21,21,21,24,21,42,0,0,0,1,0
40,400218,2,2,0,0,0,3,3,41,0,2,4,2012,2,16,42,0,4,3,SR-20,,59,36.41631667,-94.69322778,0,12,1,0,8,1,0,1,1,1,0,1,0,0000000,16,44,17,2,17,57,0,0,0,1,0
40,400219,2,2,0,0,0,3,3,53,0,15,5,2012,3,13,30,0,4,3,SR-132,CR-GRANT,58,36.73778056,-98.03770833,0,12,6,0,2,2,0,1,1,10,0,10,0,0000000,13,35,13,58,14,50,0,0,0,1,0
40,400220,2,2,0,0,0,2,2,125,0,19,5,2012,7,10,6,0,4,3,SR-3,CR-ECONTUCHKA RD,69,35.33306389,-96.789825,0,12,6,0,2,2,0,1,1,10,0,10,0,0000000,10,1,10,15,11,3,0,0,0,1,0
40,400221,2,2,0,0,0,2,2,125,0,13,4,2012,6,6,25,0,3,2,US-177,,24,35.41901944,-97.0006,0,12,1,0,1,1,0,1,2,10,0,10,0,0000000,6,25,6,35,88,88,0,0,0,1,0
40,400222,2,2,0,0,0,4,4,111,3560,22,4,2012,1,13,55,1,13,2,US-75,GUN CLUB RD,31,35.653525,-95.96187222,0,12,6,0,2,2,0,1,1,1,0,1,0,0000000,13,55,14,3,88,88,0,0,0,1,0
40,400223,1,1,0,0,0,4,4,89,0,6,5,2012,1,3,30,1,2,2,US-259,,23,34.06036667,-94.739175,0,24,0,0,1,1,0,4,2,1,0,1,0,0000000,19,53,19,55,20,12,0,0,0,1,1
40,400224,1,1,0,0,0,1,1,91,0,23,5,2012,4,19,40,0,6,4,CR-TEXANNA RD,,0,35.34821667,-95.42991667,0,1,0,0,1,1,0,4,1,1,0,1,0,0000000,19,53,20,16,21,7,0,0,0,1,1
40,400225,1,1,0,0,0,1,1,97,0,26,5,2012,7,4,39,0,6,4,CR-N4418,,0,36.31746111,-95.13955833,0,42,0,0,1,1,0,4,2,1,0,1,0,0000000,4,31,4,51,88,88,0,0,0,1,1
40,400226,1,1,0,0,0,1,1,75,0,26,5,2012,7,14,0,0,3,3,SR-44,,16,34.87805278,-99.29365278,0,25,0,0,1,1,0,4,1,1,0,1,0,0000000,99,99,99,99,99,99,0,0,0,1,0
40,400227,1,1,0,1,1,1,1,13,0,2,5,2012,4,0,2,0,4,3,SR-91,CR-MEADOWVIEW LN,30,33.85296667,-96.55538056,0,8,0,0,2,3,0,1,2,10,0,10,0,0000000,0,33,0,36,88,88,0,0,0,1,1
40,400228,1,1,0,1,1,1,1,109,3550,6,5,2012,1,0,48,0,16,6,S SHIELDS BLVD,SE 57TH ST,0,35.40811944,-97.50794167,0,8,0,0,2,2,0,1,3,1,0,1,0,0000000,0,49,0,52,88,88,0,0,0,1,0
40,400229,2,2,0,1,1,3,3,65,0,9,5,2012,4,17,30,0,4,3,SR-5,,15,34.50723056,-99.30716944,0,12,6,0,1,1,0,1,1,1,0,1,0,0000000,17,35,18,14,19,27,23,0,0,1,0
40,400230,2,2,0,0,0,5,5,125,0,16,5,2012,4,3,6,0,3,2,US-377,,19,35.42716667,-96.66567222,0,12,6,0,1,1,0,1,2,1,0,1,0,0000000,3,11,3,49,4,56,0,0,0,1,0
40,400231,1,1,0,0,0,1,1,111,0,18,5,2012,6,15,25,0,4,4,CR-SHARP RD,,0,35.59399722,-96.01523611,0,17,0,0,1,1,0,4,1,1,0,1,0,0000000,15,25,15,31,88,88,0,0,0,1,0
40,400232,1,1,0,0,0,1,1,29,0,21,5,2012,2,12,0,1,2,2,US-75,,78,34.68663889,-96.26440833,0,38,0,0,1,1,0,4,1,1,0,1,0,0000000,12,3,12,17,88,88,0,0,0,1,1
40,400233,1,1,0,0,0,1,1,143,4780,24,5,2012,5,21,0,1,13,2,US-64 OFF-RAMP,,136,36.15673611,-96.02705,0,34,0,0,5,1,0,8,3,10,0,10,0,0000000,21,0,21,7,21,22,20,0,0,1,0
40,400234,1,1,0,0,0,1,1,51,0,25,5,2012,6,16,51,1,1,1,I-44,,248,35.15130833,-97.80386667,0,24,0,0,1,1,0,4,1,1,0,1,0,0000000,17,2,17,21,18,5,0,0,0,1,0
40,400235,1,1,0,0,0,1,1,129,0,25,5,2012,6,23,29,0,3,2,US-283,,59,35.69329167,-99.69325556,0,43,0,0,1,1,0,4,2,1,0,1,0,0000000,23,14,23,24,88,88,0,0,0,1,1
40,400236,2,2,0,0,0,3,3,19,0,28,5,2012,2,16,28,0,4,3,SR-76,CR-WATER MOCCASIN RD,0,34.07118889,-97.42204444,0,12,6,0,3,2,0,1,1,10,0,10,0,0000000,16,17,16,36,88,88,0,0,0,1,1
40,400237,2,2,0,0,0,5,5,53,0,28,5,2012,2,18,20,0,3,3,SR-11,CR-910,161,36.81082222,-97.81913056,0,1,0,0,3,2,0,1,1,1,0,1,0,0000000,18,23,18,31,88,88,0,0,0,2,1
40,400238,2,2,0,0,0,4,4,109,3550,22,5,2012,3,2,42,0,16,6,NE 10TH ST,,0,35.47867778,-97.43956111,0,12,6,0,1,1,0,1,2,1,0,1,0,0000000,99,99,99,99,99,99,0,0,0,1,2
40,400239,1,1,0,0,0,2,2,143,4780,2,6,2012,7,2,32,0,16,6,S DELAWARE AVE,E 116TH PL S,0,35.99488611,-95.93586389,0,1,0,0,2,3,0,4,3,10,0,10,0,0000000,2,36,2,49,88,88,0,0,0,2,1
40,400240,1,1,0,0,0,4,4,13,0,25,5,2012,6,2,0,0,6,4,CR-MCLEAN,,0,33.96857222,-96.35558333,0,42,0,0,1,1,0,4,2,1,0,1,0,0000000,2,5,2,15,3,0,0,0,0,1,1
40,400241,1,1,0,0,0,1,1,129,0,5,6,2012,3,18,52,0,3,2,US-283,,104,35.75358611,-99.71114722,0,43,0,0,1,1,0,4,1,2,0,2,0,0000000,18,30,18,43,19,35,0,0,0,1,0
40,400242,1,1,0,0,0,6,6,9,0,7,6,2012,5,2,30,1,1,1,I-40,,20,35.33939722,-99.59103611,0,34,0,0,1,1,0,8,2,10,0,10,0,0000000,2,35,2,45,2,58,0,0,0,1,0
40,400243,1,1,0,0,0,1,1,21,0,27,5,2012,1,21,6,0,4,3,SR-82,,104,36.01985278,-95.040075,0,42,0,0,1,1,0,4,2,1,0,1,0,0000000,21,0,21,15,88,88,0,0,0,1,0
40,400244,1,1,0,0,0,1,1,17,1540,3,6,2012,1,7,23,1,11,1,I-40,,189,35.51045833,-97.98186667,0,52,0,0,1,1,0,4,1,1,0,1,0,0000000,7,24,7,30,88,88,0,0,0,1,1
40,400245,1,1,0,1,1,1,1,31,2750,10,4,2012,3,4,31,1,12,2,US-62,,34,34.63794167,-98.45381111,0,8,0,0,1,1,0,1,2,10,0,10,0,0000000,4,35,4,44,88,88,0,0,0,1,0
40,400246,1,1,0,0,0,2,2,111,0,17,5,2012,5,16,4,0,4,4,CR-WILSON,,0,35.53354722,-96.03466389,0,1,0,0,1,1,0,4,1,1,0,1,0,0000000,16,4,16,14,99,99,0,0,0,1,0
40,400247,2,2,0,0,0,3,3,133,0,11,6,2012,2,7,51,0,4,3,SR-9A,,88,35.08720833,-96.75792778,0,12,2,0,1,1,0,1,1,10,0,10,0,0000000,7,31,8,4,8,48,0,0,0,1,0
40,400248,1,1,0,1,1,1,1,89,0,3,6,2012,1,4,0,0,6,4,CR-CLOUSE,,0,34.02181667,-94.70481667,0,8,0,0,1,1,0,1,2,1,0,1,0,0000000,99,99,99,99,88,88,0,0,0,1,0
40,400249,1,1,0,0,0,3,3,3,0,11,6,2012,2,23,5,0,6,4,CR-CARTER,,0,36.55000278,-98.28344722,0,34,0,0,1,1,0,4,2,1,0,1,0,0000000,22,59,23,6,0,2,0,0,0,1,0
40,400250,1,1,0,0,0,1,1,143,4780,13,6,2012,4,19,53,0,16,6,N PEORIA AVE,,0,36.16693889,-95.97563611,0,38,0,0,1,1,0,4,6,1,0,1,0,0000000,19,53,19,55,88,88,0,0,0,1,0
40,400251,2,2,0,0,0,3,3,119,4460,4,5,2012,6,13,24,1,13,2,US-177,,15,36.13838889,-97.05158889,0,12,2,0,8,1,0,1,1,10,0,10,0,0000000,13,26,13,46,14,30,0,0,0,1,0
40,400252,2,2,0,0,0,2,2,151,130,15,5,2012,3,0,10,1,13,2,US-281,,129,36.79754167,-98.64914167,0,12,2,0,1,1,0,1,3,1,0,1,0,0000000,0,5,0,10,0,29,0,0,0,1,0
40,400253,2,2,0,0,0,2,2,143,590,17,5,2012,5,17,15,0,16,6,N ELM PL,W FARGO ST,0,36.08016389,-95.79739444,0,12,6,0,2,2,0,1,1,1,0,1,0,0000000,17,16,17,21,88,88,0,0,0,2,0
40,400254,2,2,0,0,0,2,2,145,4910,17,4,2012,3,21,28,1,13,2,US-69,SW 15TH ST,93,35.94486389,-95.39519444,0,12,1,0,3,2,0,1,3,1,0,1,0,0000000,21,30,21,37,88,88,0,0,0,1,0
40,400255,1,1,0,1,1,1,1,107,0,16,6,2012,7,0,8,0,4,3,SR-48,,7,35.48198056,-96.38834722,0,8,0,0,1,1,0,1,2,1,0,1,0,0000000,0,10,0,17,88,88,0,0,0,1,0
40,400256,2,2,0,0,0,2,2,109,3550,14,6,2012,5,7,53,0,16,6,N SANTA FE,NW 44TH ST,0,35.51720833,-97.51214722,0,12,6,0,2,3,0,1,1,1,0,1,0,0000000,7,54,8,4,8,17,0,0,0,1,0
40,400257,1,1,0,0,0,1,1,13,0,20,5,2012,1,4,20,0,4,3,SR-78,,181,33.86301667,-96.37376944,0,32,0,0,1,1,0,4,2,1,0,1,0,0000000,4,26,4,34,88,88,0,0,0,1,1
40,400258,2,2,0,0,0,2,2,151,0,11,6,2012,2,5,10,0,3,2,US-64,,35,36.79776667,-98.818475,0,12,2,0,1,1,0,1,2,1,0,1,0,0000000,5,8,5,19,5,46,0,0,0,1,0
40,400259,2,2,0,0,0,2,2,31,3123,15,6,2012,6,10,10,0,4,3,SR-58,,10,34.73610556,-98.47243889,0,12,6,0,1,1,0,1,1,1,0,1,0,0000000,10,13,10,20,10,59,0,0,0,1,0
40,400260,1,1,0,0,0,1,1,15,0,17,6,2012,1,2,2,0,3,2,US-62,,45,35.04124444,-98.28387222,0,53,0,0,1,1,0,4,2,1,0,1,0,0000000,1,55,2,3,88,88,0,0,0,1,1
40,400261,2,2,0,0,0,6,6,39,0,1,6,2012,6,14,15,1,11,1,I-40,,94,35.49676389,-98.98836667,0,12,6,0,1,1,0,1,1,1,0,1,0,0000000,14,19,14,20,14,33,0,0,0,1,0
40,400262,1,1,0,0,0,2,2,87,3870,9,6,2012,7,10,28,1,1,1,I-40,,178,35.09333333,-97.42126944,0,57,0,0,1,1,0,3,1,1,0,1,0,0000000,10,36,11,9,11,38,19,0,0,1,0
40,400263,1,1,0,0,0,1,1,59,0,10,6,2012,1,0,15,0,3,2,US-64,,193,36.82716111,-99.67175,0,31,0,0,1,1,0,4,2,1,0,1,0,0000000,0,16,0,30,88,88,0,0,0,1,0
40,400264,1,1,0,0,0,1,1,109,3170,8,4,2012,1,23,2,1,11,1,I-40,,41,35.43734444,-97.41245556,0,25,0,0,1,1,0,3,3,10,0,10,0,0000000,99,99,99,99,88,88,0,0,0,1,1
40,400265,1,1,0,0,0,3,3,101,0,3,6,2012,1,17,38,1,2,8,MUSKOGEE TPK,,183,35.70685278,-95.30963056,0,1,0,0,1,1,0,3,1,10,0,10,0,0000000,17,33,17,45,18,31,0,0,0,1,0
40,400266,1,1,0,0,0,1,1,125,0,23,6,2012,7,0,49,0,4,4,CR-335,,0,34.93938611,-97.03654444,0,35,0,0,1,1,0,4,2,1,0,1,0,0000000,99,99,99,99,88,88,0,0,0,1,1
40,400267,1,1,0,0,0,2,2,81,0,26,6,2012,3,20,47,0,4,2,US-62,,38,35.499825,-97.07773056,0,1,0,0,1,1,0,4,5,1,0,1,0,0000000,99,99,99,99,88,88,0,0,0,1,1
40,400268,1,1,0,0,0,1,1,143,0,20,5,2012,1,13,43,0,6,4,CR-96TH ST N,,0,36.29304444,-95.95925278,0,34,0,0,1,1,0,4,1,10,0,10,0,0000000,13,39,13,47,14,23,0,0,0,1,0
40,400269,1,1,0,0,0,4,4,139,0,14,6,2012,5,14,25,1,2,2,US-54,,87,36.94433333,-101.0833972,0,1,0,0,1,1,0,4,1,1,0,1,0,0000000,14,31,14,46,99,99,0,0,0,1,0
40,400270,1,1,0,0,0,1,1,41,0,20,6,2012,4,0,45,0,4,3,SR-127,,96,36.49819722,-94.831725,0,1,0,0,1,1,0,1,2,10,0,10,0,0000000,1,46,2,0,88,88,0,0,0,1,1
40,400271,1,1,0,0,0,1,1,61,0,25,6,2012,2,9,31,0,4,3,SR-71,,39,35.28371944,-95.37202222,0,58,0,0,1,1,0,4,1,1,0,1,0,0000000,9,28,9,43,88,88,0,0,0,1,0
40,400272,1,1,0,0,0,1,1,35,0,2,6,2012,7,10,0,1,1,1,I-44,,35,36.54708611,-95.22868056,0,38,0,0,1,1,0,4,1,1,0,1,0,0000000,10,20,10,41,11,34,0,0,0,1,0
40,400273,2,2,0,0,0,8,8,143,4780,3,6,2012,1,21,5,1,11,1,I-244,,110,36.1628,-95.90908889,0,12,7,0,1,1,0,1,3,10,0,10,0,0000000,20,56,21,0,21,48,0,0,0,1,1
40,400274,3,3,0,0,0,3,3,145,590,29,5,2012,3,12,9,1,13,3,SR-51,S 232ND EAST AVE,35,36.021525,-95.71596667,0,12,6,0,2,3,0,1,1,1,0,1,0,0000000,12,15,12,34,99,96,0,0,0,1,0
40,400275,3,3,0,0,0,6,6,47,1550,22,5,2012,3,7,40,1,13,2,US-412,GRAND,7,36.390875,-97.87831111,0,12,6,0,2,2,0,1,1,1,0,1,0,0000000,7,42,7,47,8,2,0,0,0,1,0
40,400276,2,2,0,0,0,3,3,15,0,30,5,2012,4,8,10,1,1,1,I-40,,54,35.53002778,-98.52869722,0,12,7,0,1,1,0,1,1,10,0,10,0,0000000,8,35,8,43,9,11,0,0,0,1,0
40,400277,2,2,0,0,0,2,2,41,0,14,6,2012,5,16,30,0,4,3,SR-10,,55,36.63079722,-94.71040556,0,12,1,0,8,1,0,1,1,10,0,10,0,0000000,16,31,16,55,17,16,0,0,0,1,0
40,400278,2,2,0,0,0,3,3,35,0,25,6,2012,2,15,24,1,11,1,I-44,,112,36.62773889,-95.13966389,0,12,6,0,1,1,0,1,1,1,0,1,0,0000000,15,28,15,39,18,4,0,0,0,1,0
40,400279,2,2,0,0,0,3,3,143,4780,26,6,2012,3,17,5,0,16,6,E 21ST ST,S LYNN LANE RD,0,36.13346944,-95.77959722,0,12,6,0,2,2,0,1,1,1,0,1,0,0000000,17,19,17,42,18,0,0,0,0,1,1
40,400280,1,1,0,0,0,2,2,41,0,30,6,2012,7,20,54,0,6,4,CR-E344,,0,36.51913333,-94.94534167,0,42,0,0,1,1,0,4,2,10,0,10,0,0000000,21,5,22,6,22,35,0,0,0,1,1
40,400281,2,2,0,0,0,3,3,41,0,9,6,2012,7,14,35,0,4,3,SR-10,,23,36.59793889,-94.72826667,0,12,6,0,8,1,0,1,1,1,0,1,0,0000000,14,36,15,2,16,40,0,0,0,1,0
40,400282,1,1,0,0,0,1,1,15,0,20,6,2012,4,6,47,0,4,4,CR-2610,,0,35.28342778,-98.34194167,0,32,0,0,1,1,0,4,2,10,0,10,0,0000000,99,99,99,99,88,88,0,0,0,1,0
40,400283,1,1,0,0,0,1,1,51,0,23,6,2012,7,0,29,0,4,2,US-81B,US-81,29,34.804925,-97.96666389,0,33,0,1,5,1,0,4,2,1,0,1,0,0000000,0,28,0,37,1,49,0,0,0,1,1
40,400284,1,1,0,0,0,3,3,63,0,29,6,2012,6,5,46,0,3,2,US-75,,117,34.93148056,-96.24838611,0,1,0,0,1,1,0,4,2,1,0,1,0,0000000,5,51,6,26,7,17,0,0,0,2,0
40,400285,2,2,0,0,0,2,2,39,1030,15,5,2012,3,18,30,0,4,3,SR-66,,36,35.51445,-98.94099444,0,12,1,0,8,1,0,1,1,10,0,10,0,0000000,18,33,18,38,19,10,0,0,0,1,0
40,400286,1,1,0,0,0,1,1,79,2150,17,6,2012,1,18,12,0,6,6,MORRIS CREEK RD,,0,34.88296944,-94.59333056,0,42,0,0,1,1,0,4,1,1,0,1,0,0000000,18,14,18,30,88,88,0,0,0,1,1
40,400287,2,2,0,0,0,3,3,109,3550,18,6,2012,2,21,14,0,16,6,NE 23RD ST,N COLTRANE RD,0,35.49321389,-97.44162222,0,12,6,0,2,2,0,1,5,1,0,1,0,0000000,21,15,21,23,21,45,0,0,0,1,1
40,400288,1,1,0,0,0,1,1,63,0,1,7,2012,1,6,22,0,6,4,CR-EW136,,0,35.04316389,-96.41839444,0,32,0,0,1,1,0,4,2,1,0,1,0,0000000,6,20,6,32,88,88,0,0,0,1,1
40,400289,1,1,0,0,0,1,1,47,0,6,7,2012,6,19,48,0,4,3,SR-74,,35,36.58551667,-97.58648889,0,1,0,0,1,1,0,4,1,10,0,10,0,0000000,19,56,20,14,88,88,0,0,0,1,0
40,400290,2,2,0,0,0,2,2,71,0,13,6,2012,4,16,33,0,6,4,CR-TOWER,CR-T,0,36.78225833,-97.17489444,0,12,6,0,2,2,0,1,1,1,0,1,0,0000000,16,33,16,47,17,10,0,0,0,1,1
40,400291,1,1,0,0,0,1,1,51,4800,26,4,2012,5,22,20,0,6,6,E SILVER CITY RIDGE RD,,0,35.31986111,-97.77146944,0,1,0,0,1,1,0,5,2,1,0,1,0,0000000,22,20,22,28,23,49,0,0,0,1,0
40,400292,2,2,0,0,0,2,2,147,1340,5,7,2012,5,17,33,1,13,2,US-75,,45,36.79366667,-95.93556667,0,12,2,0,1,1,0,1,1,1,0,1,0,0000000,17,31,17,38,18,8,0,0,0,1,1
40,400293,1,1,0,0,0,4,4,99,0,27,6,2012,4,20,7,0,4,3,SR-1,,32,34.55021111,-96.84483333,0,31,0,0,1,1,0,4,1,1,0,1,0,0000000,19,47,20,6,20,45,0,0,0,1,1
40,400294,4,4,0,1,1,6,6,143,4170,11,7,2012,4,16,23,0,15,3,SR-97,,3,36.12379444,-96.11610833,0,12,1,0,1,1,0,1,1,1,0,1,0,0000000,16,24,16,55,17,38,23,0,0,1,0
40,400295,2,2,0,0,0,8,8,51,4120,4,6,2012,2,19,3,1,2,2,US-81,SR-17,71,34.78245278,-97.96628889,0,33,0,0,2,2,0,4,1,1,0,1,0,0000000,19,29,19,42,20,32,0,0,0,2,0
40,400296,1,1,0,0,0,1,1,13,0,23,6,2012,7,19,49,0,6,4,CR-RIVER,,0,33.79479444,-96.44686389,0,35,0,0,1,1,0,4,1,1,0,1,0,0000000,19,48,19,58,20,27,0,0,0,1,1
40,400297,1,1,0,0,0,2,2,5,0,2,7,2012,2,12,45,0,6,4,CR-PITTSBURG,,0,34.5603,-95.77673333,0,1,0,0,1,1,0,4,1,10,0,10,0,0000000,13,15,13,43,14,58,0,0,0,1,0
40,400298,2,2,0,0,0,3,3,27,3550,3,7,2012,3,19,10,0,4,3,SR-77H,SE 134TH ST,50,35.33435833,-97.42467222,0,12,6,0,2,2,0,1,1,10,0,10,0,0000000,19,13,19,39,19,59,0,0,0,2,0
40,400299,1,1,0,0,0,2,2,89,0,12,7,2012,5,20,40,0,6,4,CR-NO NAME,,0,33.82438611,-94.6265,0,1,0,0,1,1,0,1,2,10,0,10,0,0000000,20,40,20,57,21,21,0,0,0,1,1
40,400300,2,2,0,0,0,3,3,59,0,6,7,2012,6,16,39,0,3,2,US-64,US-283,67,36.81213056,-99.89166667,0,12,6,0,2,2,0,1,1,1,0,1,0,0000000,16,40,16,52,17,9,0,0,0,1,0
40,400301,1,1,0,0,0,1,1,117,0,7,7,2012,7,10,2,0,3,2,US-64,,110,36.2497,-96.416975,0,35,0,0,1,1,0,4,1,10,0,10,0,0000000,10,7,10,11,88,88,0,0,0,1,0
40,400302,1,1,0,0,0,3,3,19,0,1,7,2012,1,13,46,1,1,1,I-35,,27,34.10990833,-97.15206111,0,1,0,0,1,1,0,4,1,10,0,10,0,0000000,14,5,14,21,15,5,0,0,0,2,0
40,400303,2,2,0,0,0,2,2,101,0,6,7,2012,6,15,43,0,4,2,US-62,,120,35.73482222,-95.64216111,0,12,2,0,1,1,0,1,1,1,0,1,0,0000000,15,40,15,50,88,88,0,0,0,2,1
40,400304,1,1,0,0,0,2,2,1,0,8,7,2012,1,11,4,1,2,2,US-59,,97,35.76517778,-94.62782222,0,42,0,0,1,1,0,4,1,1,0,1,0,0000000,10,56,11,9,11,41,0,0,0,1,0
40,400305,1,1,0,1,1,2,2,43,0,11,7,2012,4,22,13,0,4,2,US-60,,142,36.14416944,-99.04633611,0,8,0,0,1,1,0,1,2,1,0,1,0,0000000,22,16,22,28,88,88,0,0,0,1,0
40,400306,1,1,0,0,0,1,1,135,0,20,7,2012,6,13,40,0,6,4,CR-N4780,CR-E1150,0,35.34698611,-94.51338611,0,34,0,0,2,3,0,4,1,1,0,1,0,0000000,99,99,99,99,88,88,0,0,0,1,1