STATE,ST_CASE,VE_TOTAL,VE_FORMS,PVH_INVL,PEDS,PERNOTMVIT,PERMVIT,PERSONS,COUNTY,CITY,DAY,MONTH,YEAR,DAY_WEEK,HOUR,MINUTE,NHS,ROAD_FNC,ROUTE,TWAY_ID,TWAY_ID2,MILEPT,LATITUDE,LONGITUD,SP_JUR,HARM_EV,MAN_COLL,RELJCT1,RELJCT2,TYP_INT,WRK_ZONE,REL_ROAD,LGT_COND,WEATHER1,WEATHER2,WEATHER,SCH_BUS,RAIL,NOT_HOUR,NOT_MIN,ARR_HOUR,ARR_MIN,HOSP_HR,HOSP_MN,CF1,CF2,CF3,FATALS,DRUNK_DR
40,400307,1,1,0,0,0,1,1,61,0,20,7,2012,6,20,36,0,3,3,SR-9,,43,35.25359722,-95.16110278,0,42,0,0,1,1,4,4,5,1,0,1,0,0000000,20,28,20,34,88,88,0,0,0,1,1
40,400308,1,1,0,0,0,2,2,75,0,30,6,2012,7,11,1,0,3,3,SR-9,CR-2360,52,35.08995278,-98.77895833,0,1,0,0,3,2,4,1,1,1,0,1,0,0000000,11,7,11,52,12,57,0,0,0,1,0
40,400309,1,1,0,0,0,1,1,37,0,6,7,2012,6,22,28,0,4,4,CR-W 186TH ST SO,,0,35.89208333,-96.10393333,0,34,0,0,1,1,0,4,2,1,0,1,0,0000000,22,25,22,51,23,36,0,0,0,1,1
40,400310,1,1,0,0,0,1,1,109,3550,7,7,2012,7,3,24,0,14,6,N KELLEY AVE,,0,35.55616111,-97.49591389,0,42,0,0,1,1,0,4,2,1,0,1,0,0000000,99,99,99,99,88,88,0,0,0,1,0
40,400311,1,1,0,0,0,1,1,109,3550,14,7,2012,7,1,49,1,12,3,SR-152,,40,35.42305833,-97.627725,0,1,0,0,1,1,0,3,2,1,0,1,0,0000000,1,50,2,6,88,88,0,0,0,1,1
40,400312,1,1,0,0,0,1,1,125,2950,16,7,2012,2,0,0,1,1,1,I-40,,26,35.383775,-97.09522778,0,1,0,0,1,1,0,1,2,1,0,1,0,0000000,0,10,0,14,88,88,0,0,0,1,0
40,400313,1,1,0,0,0,1,1,143,4780,17,7,2012,3,20,35,1,12,3,SR-51,,129,36.15853056,-96.03816111,0,32,0,0,1,1,0,3,3,10,0,10,0,0000000,20,42,20,48,88,88,0,0,0,1,0
40,400314,1,1,0,2,2,1,1,87,1877,9,6,2012,7,9,26,1,1,1,I-35,,203,35.12183889,-97.44771111,0,8,0,0,1,1,0,2,1,1,0,1,0,0000000,9,29,9,44,88,88,23,0,0,2,0
40,400315,2,1,1,0,1,7,8,111,0,25,6,2012,2,12,35,1,11,1,I-40,,70,35.43105833,-95.93113611,0,14,0,0,1,1,4,4,1,1,0,1,0,0000000,12,21,12,33,13,15,0,0,0,1,0
40,400316,1,1,0,1,1,1,1,137,0,17,7,2012,3,3,45,1,2,2,US-81,,91,34.62205,-97.96700278,0,8,0,0,1,1,0,1,2,10,0,10,0,0000000,99,99,99,99,88,88,0,0,0,1,0
40,400317,2,2,0,0,0,3,3,139,0,12,7,2012,5,16,5,0,6,4,CR-NO NAME,CR-NO NAME,0,36.8054,-101.1157361,0,12,6,0,2,2,0,1,1,1,0,1,0,0000000,16,16,16,27,17,6,0,0,0,1,0
40,400318,2,2,0,0,0,2,2,47,1550,9,6,2012,7,1,30,1,12,2,US-60,OAKWOOD RD,99,36.39065278,-97.92574722,0,12,7,1,2,2,0,1,3,1,0,1,0,0000000,1,35,1,41,2,14,0,0,0,1,1
40,400319,1,1,0,0,0,1,1,31,2750,30,6,2012,7,2,17,0,16,6,NE GORE BLVD,,0,34.60888889,-98.38136944,0,33,0,0,1,1,0,4,2,1,0,1,0,0000000,2,17,2,24,2,38,0,0,0,1,1
40,400320,1,1,0,0,0,2,2,83,0,4,7,2012,4,12,7,0,16,6,MIDWEST BLVD,,0,35.73958333,-97.38936389,0,1,0,0,1,1,0,1,1,1,0,1,0,0000000,12,10,12,21,88,88,0,0,0,1,0
40,400321,1,1,0,0,0,1,1,121,0,14,7,2012,7,0,52,1,2,2,US-69,SR-9A OFF-RAMP,163,35.21405556,-95.61331389,0,1,0,1,5,1,0,4,2,1,0,1,0,0000000,0,54,1,17,2,6,0,0,0,1,1
40,400322,3,3,0,0,0,4,4,143,4780,20,7,2012,6,16,55,0,14,6,S MINGO RD,,0,36.06621111,-95.86853611,0,12,2,0,1,1,0,1,1,1,0,1,0,0000000,16,54,17,12,17,47,14,0,0,1,1
40,400323,1,1,0,0,0,1,1,47,0,25,7,2012,4,7,0,0,6,4,CR-LAKE HELLUMS RD,,0,36.47778333,-97.88135,0,1,0,0,1,1,0,1,1,1,0,1,0,0000000,7,9,7,15,88,88,0,0,0,1,0
40,400324,1,1,0,0,0,2,2,109,0,26,7,2012,5,2,39,0,14,6,NE 36TH ST,,0,35.50747778,-97.34420278,0,53,0,0,1,1,0,4,2,1,0,1,0,0000000,2,41,2,48,3,24,0,0,0,1,1
40,400325,2,2,0,0,0,3,3,137,0,4,7,2012,4,18,1,1,2,2,US-81,,93,34.42142222,-97.97409444,0,12,6,0,1,1,0,1,1,10,0,10,0,0000000,17,59,18,8,19,0,0,0,0,1,1
40,400326,1,1,0,0,0,2,2,51,0,15,7,2012,1,11,2,0,4,3,SR-19,,165,34.876,-97.69912222,0,24,0,0,1,1,0,4,1,1,0,1,0,0000000,11,3,11,11,11,40,0,0,0,1,0
40,400327,1,1,0,0,0,1,1,111,0,9,7,2012,2,11,10,0,4,2,US-62,,48,35.60936389,-95.87649167,0,1,0,0,1,1,0,2,1,10,0,10,0,0000000,11,9,11,13,99,99,0,0,0,1,0
40,400329,1,1,0,0,0,1,1,143,4780,17,7,2012,3,22,30,1,13,2,US-75,,21,36.18418889,-95.96233611,0,42,0,0,1,1,0,4,3,1,0,1,0,0000000,22,34,22,45,23,0,20,0,0,1,1
40,400330,1,1,0,0,0,1,1,51,0,23,7,2012,2,2,15,0,4,3,SR-19,,91,34.926775,-97.81291389,0,1,0,0,1,1,0,4,2,1,0,1,0,0000000,2,26,2,42,88,88,0,0,0,1,1
40,400331,2,2,0,0,0,5,5,119,0,1,8,2012,4,17,30,0,3,3,SR-18,,96,36.12388889,-96.767425,0,12,2,0,1,1,0,1,1,10,0,10,0,0000000,17,34,17,40,88,88,0,0,0,1,0
40,400332,1,1,0,0,0,1,1,49,0,2,8,2012,5,5,29,0,3,3,SR-29,,48,34.62311389,-97.48040278,0,42,0,0,1,1,0,4,2,1,0,1,0,0000000,5,30,5,39,6,19,0,0,0,1,0
40,400333,1,1,0,0,0,2,2,27,0,29,7,2012,1,15,14,1,2,2,US-77,,31,35.04459444,-97.33556111,0,1,0,0,1,1,0,1,1,1,0,1,0,0000000,15,9,15,12,99,99,0,0,0,1,1
40,400334,1,1,0,0,0,1,1,41,0,7,7,2012,7,21,58,0,4,4,CR-E 335 RD,,0,36.53231111,-94.71593611,0,1,0,0,1,1,0,4,2,10,0,10,0,0000000,21,54,22,5,88,88,0,0,0,1,1
40,400335,1,1,0,0,0,1,1,37,0,21,7,2012,7,23,17,0,3,3,SR-48,,80,35.99155278,-96.39244444,0,32,0,0,1,1,0,4,2,1,0,1,0,0000000,99,99,99,99,88,88,0,0,0,1,1
40,400336,1,1,0,0,0,1,1,17,5290,6,8,2012,2,21,10,0,4,3,SR-66,,82,35.50780556,-97.79181944,0,23,0,0,1,1,0,4,2,1,0,1,0,0000000,21,12,21,19,88,88,0,0,0,1,0
40,400337,1,1,0,0,0,1,1,81,0,29,6,2012,6,15,29,1,2,3,SR-99,,8,35.47244444,-96.680825,0,1,0,0,1,1,0,4,1,1,0,1,0,0000000,15,30,15,49,99,99,0,0,0,1,1
40,400338,1,1,0,0,0,1,1,133,0,25,7,2012,4,13,35,0,4,4,CR-EW1190,,0,35.28973056,-96.73559722,0,38,0,0,1,1,0,4,1,1,0,1,0,0000000,13,35,13,41,99,99,19,0,0,1,1
40,400339,1,1,0,0,0,3,3,41,0,25,7,2012,4,19,12,0,6,4,CR-S567,,0,36.20656667,-94.87433889,0,5,0,0,1,1,0,1,5,10,0,10,0,0000000,99,99,99,99,88,88,0,0,0,1,1
40,400340,1,1,0,0,0,1,1,113,0,6,8,2012,2,22,23,0,4,3,SR-123,,9,36.56795556,-96.14774444,0,35,0,0,1,1,0,4,2,1,0,1,0,0000000,22,29,22,44,88,88,0,0,0,1,1
40,400341,2,2,0,0,0,3,3,143,4410,1,7,2012,1,2,11,0,3,3,SR-11,CR-76TH ST NORTH,118,36.26276111,-95.97368611,0,12,6,0,2,2,0,1,3,10,0,10,0,0000000,2,8,2,26,2,53,0,0,0,2,1
40,400342,2,2,0,0,0,2,2,147,300,3,6,2012,1,17,17,1,13,2,US-75,,27,36.76759167,-95.93546111,0,12,2,0,1,1,0,1,1,10,0,10,0,0000000,17,27,17,58,18,34,0,0,0,1,0
40,400343,2,2,0,0,0,4,4,37,0,22,7,2012,1,15,42,0,4,3,SR-16,,80,35.90197778,-96.54278056,0,12,6,0,8,1,0,1,1,10,0,10,0,0000000,15,40,15,54,88,88,0,0,0,2,0
40,400344,1,1,0,0,0,2,2,37,0,27,7,2012,6,13,43,0,3,3,SR-48,,141,36.07866389,-96.38735833,0,53,0,0,1,1,0,4,1,10,0,10,0,0000000,13,41,13,50,14,46,0,0,0,1,0
40,400345,2,2,0,0,0,2,2,27,3220,1,8,2012,4,21,0,0,16,6,SE 19TH ST,,0,35.31989167,-97.48525556,0,1,0,0,1,1,0,1,3,1,0,1,0,0000000,21,3,21,7,21,42,0,0,0,1,0
40,400346,1,1,0,0,0,1,1,35,0,4,8,2012,7,5,25,0,4,2,US-59,,19,36.8745,-95.033375,0,35,0,0,1,1,0,4,2,10,0,10,0,0000000,5,20,5,59,88,88,0,0,0,1,1
40,400347,1,1,0,0,0,2,2,149,0,29,7,2012,1,14,13,1,1,1,I-40,,122,35.45000833,-99.16011111,0,59,0,0,1,1,0,4,1,10,0,10,0,0000000,13,27,13,39,14,16,0,0,0,1,0
40,400348,2,2,0,0,0,2,2,49,0,10,7,2012,3,7,27,0,3,3,SR-19,,137,34.79658333,-97.00881944,0,12,2,0,1,1,0,2,1,10,0,10,0,0000000,99,99,99,99,88,88,0,0,0,1,0
40,400349,1,1,0,0,0,2,2,49,0,2,8,2012,5,0,18,0,4,4,CR-AIRLINE,,0,34.70281944,-97.27226111,0,34,0,0,1,1,0,4,2,1,0,1,0,0000000,0,23,0,42,1,41,0,0,0,1,0
40,400351,1,1,0,0,0,1,1,109,3550,29,7,2012,1,2,36,0,14,6,HEFNER RD,,0,35.582425,-97.58486389,0,33,0,0,1,1,0,4,3,1,0,1,0,0000000,2,38,2,45,88,88,0,0,0,1,1
40,400352,1,1,0,0,0,1,1,111,320,8,6,2012,6,12,54,0,4,3,SR-16,,7,35.74078333,-96.01799167,0,42,0,0,1,1,0,4,1,1,0,1,0,0000000,12,58,13,2,88,88,0,0,0,1,0
40,400353,1,1,0,0,0,2,2,125,4300,16,6,2012,7,8,38,1,11,1,I-40 RAMP,,124,35.38381667,-96.92585,0,1,0,1,5,1,0,4,1,1,0,1,0,0000000,8,55,9,25,9,49,0,0,0,1,0
40,400354,2,2,0,0,0,2,2,143,590,3,7,2012,3,17,15,0,16,6,W NEW ORLEANS ST,,0,36.01738056,-95.83223889,0,1,0,0,1,1,0,1,1,1,0,1,0,0000000,99,99,99,99,88,88,14,0,0,1,0
40,400355,2,2,0,0,0,2,2,65,0,12,7,2012,5,10,17,0,4,3,SR-6,,0,34.41275833,-99.73563333,0,12,6,0,1,1,0,1,1,1,0,1,0,0000000,10,26,10,35,88,88,0,0,0,1,0
40,400356,1,1,0,0,0,2,2,95,2970,10,8,2012,6,1,45,0,3,2,US-377 RAMP,SR-99C,149,34.07096667,-96.79436667,0,1,0,1,5,1,0,8,3,10,0,10,0,0000000,1,46,1,51,99,99,0,0,0,1,1
40,400357,1,1,0,0,0,1,1,113,0,13,8,2012,2,15,7,0,6,4,CR-JAVINE HILL RD,,0,36.46882222,-96.07596667,0,1,0,0,1,1,0,4,1,1,0,1,0,0000000,15,8,15,19,88,88,0,0,0,1,0
40,400358,2,2,0,0,0,6,6,115,0,14,8,2012,3,19,28,0,15,4,CR-E120,,0,36.84448333,-94.90191389,0,1,0,0,1,1,0,1,5,10,0,10,0,0000000,19,29,19,36,20,2,0,0,0,1,1
40,400359,1,1,0,0,0,1,1,17,3550,21,7,2012,7,15,2,1,11,1,I-40,,330,35.47666667,-97.74256111,0,5,0,0,1,1,0,1,1,8,0,8,0,0000000,15,3,15,9,15,29,0,0,0,1,0
40,400360,1,1,0,0,0,1,1,45,0,1,8,2012,4,16,55,0,3,2,US-283,,174,36.10656389,-99.75705,0,42,0,0,1,1,0,4,1,1,0,1,0,0000000,99,99,99,99,88,88,0,0,0,1,0
40,400361,1,1,0,0,0,1,1,137,0,19,8,2012,1,21,21,0,15,4,CR-2ND ST,,0,34.47225278,-97.94750278,0,32,0,0,1,1,0,4,2,1,0,1,0,0000000,99,99,99,99,88,88,0,0,0,1,0
40,400362,2,2,0,0,0,3,3,119,0,14,8,2012,3,19,9,0,3,2,US-177,,2,35.94473611,-97.01755833,0,12,6,0,1,1,0,4,1,2,0,2,0,0000000,19,7,19,23,19,59,0,0,0,2,0
40,400363,2,2,0,0,0,2,2,49,0,15,8,2012,4,8,49,0,3,3,SR-29,,204,34.65170556,-97.22301389,0,12,2,0,8,1,0,1,1,10,0,10,0,0000000,8,50,8,57,88,88,0,0,0,1,0
40,400364,2,2,0,0,0,2,2,153,0,15,8,2012,4,18,58,0,6,4,CR-NS203,CR-EW45,0,36.33268056,-99.389425,0,12,6,0,2,2,0,1,1,1,0,1,0,0000000,18,57,19,3,19,24,0,0,0,1,0
40,400365,2,2,0,0,0,5,5,109,3550,18,8,2012,7,1,45,0,16,6,NW 10TH ST,,0,35.47877778,-97.67081389,0,12,6,0,8,1,0,1,3,10,0,10,0,0000000,1,46,1,54,2,24,0,0,0,2,2
40,400366,2,2,0,0,0,2,2,17,3550,8,8,2012,4,7,53,1,13,8,KILPATRICK TURNPIKE,,39,35.55714167,-97.68888333,0,12,2,0,1,1,0,1,1,10,0,10,0,0000000,7,55,8,11,9,12,0,0,0,1,0
40,400367,1,1,0,0,0,2,2,37,0,10,8,2012,6,17,20,0,4,3,SR-66,,55,35.80150833,-96.53784167,0,1,0,0,1,1,0,4,1,1,0,1,0,0000000,18,37,19,2,19,41,0,0,0,1,1
40,400368,1,1,0,0,0,1,1,119,0,20,8,2012,2,12,31,0,3,3,SR-33,,60,35.98567222,-96.821675,0,31,0,0,1,1,0,4,1,1,0,1,0,0000000,12,32,12,33,88,88,0,0,0,1,1
40,400369,1,1,0,0,0,1,1,115,0,22,8,2012,4,19,24,1,1,1,I-44,,229,36.92667778,-94.73842222,0,35,0,0,1,1,0,4,1,10,0,10,0,0000000,99,99,99,99,88,88,0,0,0,1,0
40,400370,1,1,0,1,1,1,1,109,3550,26,8,2012,1,0,58,1,11,1,I-44,,36,35.44506944,-97.569775,0,8,0,0,1,1,0,2,3,2,0,2,0,0000000,0,59,1,9,1,22,0,0,0,1,0
40,400371,2,2,0,0,0,2,2,37,0,1,8,2012,4,7,16,0,3,3,SR-48,,99,36.01785556,-96.38712778,0,12,1,0,8,1,0,1,1,10,0,10,0,0000000,7,12,7,24,8,14,0,0,0,1,0
40,400372,1,1,0,1,1,1,1,73,0,19,8,2012,1,3,0,0,6,4,CR-NO NAME,,0,36.00055833,-97.87202222,0,8,0,0,1,1,0,1,2,99,0,99,0,0000000,3,45,4,0,88,88,0,0,0,1,0
40,400373,2,2,0,0,0,3,3,143,4780,18,5,2012,6,18,15,0,16,6,E 11TH ST,S MEMORIAL DR,0,36.14784722,-95.88663611,0,12,6,0,2,2,0,1,1,1,0,1,0,0000000,18,15,18,41,19,17,0,0,0,1,0
40,400374,15,15,0,0,0,19,19,9,0,31,3,2012,7,8,30,1,1,1,I-40,,10,35.22866944,-99.98260556,0,12,7,0,1,1,0,1,1,5,0,5,0,0000000,9,28,9,48,10,38,0,0,0,2,1
40,400375,1,1,0,0,0,1,1,17,1540,13,6,2012,4,11,44,0,16,6,S RADIO RD,,0,35.52261111,-97.90161944,0,10,0,0,6,1,0,1,1,10,0,10,0,595458U,11,55,12,6,88,88,0,0,0,1,0
40,400376,2,2,0,0,0,3,3,17,3780,9,6,2012,7,11,35,0,4,6,EDMOND RD NE,SARA RD,0,35.65298611,-97.70961944,0,12,6,0,2,2,0,1,1,1,0,1,0,0000000,11,45,12,2,12,28,0,0,0,1,0
40,400377,1,1,0,1,1,2,2,109,3550,7,7,2012,7,22,26,0,16,6,N LYREWOOD LN,,0,35.54413889,-97.63016667,0,8,0,0,1,1,0,1,3,10,0,10,0,0000000,22,30,22,39,88,88,0,0,0,1,0
40,400378,3,3,0,0,0,7,7,109,3550,17,8,2012,6,13,23,0,13,6,N COUNCIL RD,MELROSE LN,0,35.47151111,-97.65425278,0,12,6,0,2,2,0,1,1,10,0,10,0,0000000,13,23,13,36,13,53,14,0,0,1,0
40,400379,1,1,0,0,0,3,3,37,0,2,8,2012,5,15,48,0,6,4,CR-FRANKOMA RD,,0,36.03635833,-96.10118056,0,1,0,0,1,1,0,4,1,1,0,1,0,0000000,15,48,15,57,16,29,0,0,0,2,0
40,400380,1,1,0,0,0,1,1,109,3550,10,8,2012,6,13,40,1,11,1,I-40,,100,35.46227778,-97.49554444,0,18,0,0,1,1,1,1,1,1,0,1,0,0000000,13,39,13,51,88,88,0,0,0,1,0
40,400381,2,2,0,0,0,2,2,91,0,15,8,2012,4,2,44,1,1,1,I-40,,187,35.45828333,-95.55062778,0,12,11,0,1,1,0,1,2,10,0,10,0,0000000,99,99,99,99,88,88,19,0,0,1,0
40,400382,1,1,0,0,0,1,1,67,0,6,9,2012,5,7,26,0,6,4,CR-NS2790,CR-EW2000,0,34.11480833,-98.01746667,0,38,0,0,3,3,0,4,4,10,0,10,0,0000000,99,99,99,99,88,88,0,0,0,1,0
40,400383,2,2,0,0,0,6,6,53,0,14,8,2012,3,14,25,0,4,3,SR-11A,CR-JACKSON,10,36.82524167,-97.92987778,0,12,6,0,2,2,0,1,1,2,0,2,0,0000000,14,28,14,41,15,37,0,0,0,2,0
40,400384,1,1,0,0,0,1,1,109,3550,25,8,2012,7,2,4,0,14,6,N WESTERN AVE,,0,35.66436944,-97.53173056,0,32,0,0,1,1,0,4,2,1,0,1,0,0000000,2,4,2,14,2,55,0,0,0,1,1
40,400385,1,1,0,0,0,1,1,129,0,9,9,2012,1,12,3,0,3,2,US-283,,43,35.48293611,-99.66236111,0,1,0,0,1,1,0,4,1,1,0,1,0,0000000,11,55,12,6,88,88,0,0,0,1,1
40,400386,2,2,0,0,0,5,5,17,3320,12,8,2012,1,13,16,0,13,3,SR-152,,141,35.39164444,-97.68541944,0,12,2,0,1,1,0,1,1,10,0,10,0,0000000,13,22,13,44,14,9,0,0,0,1,0
40,400387,2,2,0,0,0,3,3,109,3550,13,8,2012,2,17,38,0,13,6,N CLASSEN BLVD,NW 4TH ST,0,35.47219444,-97.52868056,0,12,6,0,2,2,0,1,1,1,0,1,0,0000000,17,39,17,44,18,1,0,0,0,1,0
40,400388,1,1,0,0,0,1,1,49,0,4,9,2012,3,1,36,1,1,1,I-35 OFF RAMP,,185,34.75608056,-97.27941389,0,32,0,1,5,1,0,4,2,1,0,1,0,0000000,1,36,1,47,88,88,0,0,0,1,1
40,400389,2,2,0,0,0,2,2,51,960,14,7,2012,7,19,34,0,14,6,9TH ST,MISSOURI AVE,0,35.03907222,-97.94402222,0,12,6,0,2,2,0,1,1,1,0,1,0,0000000,19,35,19,39,20,3,0,0,0,1,0
40,400390,3,3,0,0,0,3,3,27,3430,21,3,2012,4,19,52,1,11,1,I-35,,32,35.23111111,-97.48542222,0,12,11,0,1,1,0,1,3,10,0,10,0,0000000,19,53,20,5,88,88,0,0,0,1,0
40,400391,1,1,0,0,0,1,1,83,2730,21,7,2012,7,4,4,0,4,4,CR-74 E RD,,0,35.94313611,-97.27024722,0,1,0,0,1,1,0,4,2,1,0,1,0,0000000,99,99,99,99,88,88,0,0,0,1,1
40,400392,2,2,0,0,0,2,2,143,590,29,7,2012,1,18,34,0,16,6,ALBANY ST,OLIVE AVE,0,36.07544444,-95.83320556,0,12,1,0,3,2,0,1,1,1,0,1,0,0000000,18,35,18,39,19,2,0,0,0,1,1
40,400393,2,2,0,0,0,2,2,145,590,6,8,2012,2,5,43,0,13,3,SR-51,,11,36.04369444,-95.74899167,0,12,8,0,1,1,0,1,4,1,0,1,0,0000000,99,99,99,99,99,99,0,0,0,1,0
40,400394,1,1,0,1,1,1,1,109,3550,15,7,2012,1,0,19,0,16,6,SW 34TH ST,,0,35.43023056,-97.51648611,0,8,0,0,1,1,0,99,2,1,0,1,0,0000000,0,39,0,45,88,88,0,0,0,1,0
40,400396,1,1,0,1,1,2,2,125,4300,21,8,2012,3,0,45,1,11,1,I-40,,72,35.38078611,-97.01718889,0,8,0,0,1,1,0,1,3,1,0,1,0,0000000,0,47,0,55,1,42,0,0,0,1,0
40,400397,1,1,0,0,0,1,1,109,3170,23,8,2012,5,17,50,1,11,1,I-40,,49,35.43419444,-97.39922778,0,1,0,0,1,1,0,1,1,1,0,1,0,0000000,17,51,17,57,18,17,0,0,0,1,0
40,400398,1,1,0,0,0,4,4,49,0,24,8,2012,6,16,26,1,1,1,I-35,,173,34.74245556,-97.26551389,0,38,0,0,1,1,0,4,1,10,0,10,0,0000000,16,26,16,42,17,34,0,0,0,1,0
40,400399,1,1,0,0,0,1,1,81,0,4,8,2012,7,6,51,0,4,4,CR-NS3500,,0,35.92029167,-96.76709444,0,34,0,0,1,1,0,4,4,1,0,1,0,0000000,6,54,7,0,88,88,0,0,0,1,1
40,400400,2,2,0,0,0,2,2,119,0,27,8,2012,2,14,18,0,3,3,SR-51,,89,36.11489444,-97.34498056,0,12,1,0,1,1,0,1,1,1,0,1,0,0000000,14,18,14,46,15,17,0,0,0,1,0
40,400401,1,1,0,0,0,2,2,121,0,14,9,2012,6,21,36,1,2,2,US-69 ON-RAMP,,164,35.21501389,-95.612225,0,1,0,1,5,1,0,4,2,2,0,2,0,0000000,22,22,22,50,23,46,0,0,0,2,0
40,400402,1,1,0,0,0,1,1,109,3550,1,8,2012,4,23,57,0,15,6,E BRITTON RD,,0,35.56571667,-97.38206111,0,34,0,0,1,1,0,4,3,1,0,1,0,0000000,23,57,0,10,88,88,0,0,0,1,0
40,400403,2,2,0,0,0,3,3,75,0,6,8,2012,2,11,28,0,6,4,CR-NS2050,CR-EW1410,0,34.97234722,-99.32525278,0,12,6,0,2,2,0,1,1,1,0,1,0,0000000,11,30,12,0,12,27,0,0,0,1,0
40,400404,1,1,0,0,0,1,1,117,0,6,9,2012,5,18,6,0,4,2,US-64,,57,36.28634167,-96.68780833,0,34,0,0,1,1,0,4,1,10,0,10,0,0000000,18,3,18,13,18,50,0,0,0,1,0
40,400405,2,2,0,0,0,2,2,145,0,30,7,2012,2,11,20,0,4,4,CR-E71,,0,36.06059444,-95.65103333,0,12,6,0,1,1,0,1,1,10,0,10,0,0000000,11,30,11,46,12,29,0,0,0,1,0
40,400406,3,3,0,0,0,5,5,109,3550,19,8,2012,1,0,44,1,11,1,I-40,,70,35.42904722,-97.36309167,0,12,7,0,1,1,0,1,2,1,0,1,0,0000000,0,46,1,6,1,35,0,0,0,1,1
40,400407,3,3,0,0,0,4,4,135,0,28,8,2012,3,18,20,0,4,2,US-64,,129,35.46359167,-94.87267778,0,12,1,0,4,1,0,1,1,1,0,1,0,0000000,18,20,18,22,19,15,14,0,0,1,0
40,400408,1,1,0,0,0,1,1,143,4780,25,8,2012,7,2,53,0,16,6,N HARVARD AV,,0,36.20305,-95.940275,0,32,0,0,1,1,0,4,3,10,0,10,0,0000000,2,52,3,0,3,22,0,0,0,1,0
40,400409,2,2,0,0,0,2,2,83,2000,3,9,2012,2,16,17,0,4,2,US-77,,20,35.90921111,-97.42534722,0,12,2,0,1,1,0,1,1,10,0,10,0,0000000,16,21,16,25,88,88,0,0,0,1,1
40,400410,1,1,0,0,0,5,5,115,0,3,9,2012,2,19,55,0,4,4,CR-S700,,0,36.967025,-94.61940556,0,34,0,0,1,1,0,4,5,1,0,1,0,0000000,19,51,19,57,20,29,0,0,0,1,1
40,400411,2,2,0,0,0,2,2,109,3550,29,8,2012,4,1,56,1,11,1,I-240,,42,35.39195278,-97.50106111,0,12,1,0,1,1,0,1,2,1,0,1,0,0000000,1,58,2,1,2,19,0,0,0,1,1
40,400412,2,2,0,0,0,2,2,51,3200,6,9,2012,5,15,33,1,2,2,US-81,,216,35.36469722,-97.92913889,0,12,2,0,1,1,0,1,1,1,0,1,0,0000000,15,44,15,55,16,50,0,0,0,1,0
40,400413,4,4,0,0,0,6,6,83,0,8,9,2012,7,2,2,1,1,1,I-35,,92,35.85287222,-97.39410833,0,12,6,0,1,1,0,1,2,1,0,1,0,0000000,2,17,2,24,99,99,14,0,0,2,2
40,400414,2,2,0,0,0,3,3,147,300,9,9,2012,1,13,58,0,14,6,HILLCREST DR,,0,36.71933056,-95.96243333,0,24,0,0,1,1,0,4,1,1,0,1,0,0000000,13,59,14,4,14,25,0,0,0,1,0
40,400415,1,1,0,0,0,1,1,37,4190,9,9,2012,1,23,0,1,13,8,CREEK TURNPIKE OFF-RAMP,TURNER TURNPIKE,350,36.02383611,-96.09396944,0,1,0,1,5,1,0,4,2,10,0,10,0,0000000,23,0,23,4,88,88,0,0,0,1,0
40,400416,1,1,0,0,0,1,1,131,0,10,9,2012,2,9,46,0,4,3,SR-88,,92,36.41881667,-95.676275,0,1,0,0,1,1,0,4,1,10,0,10,0,0000000,9,45,9,53,10,37,0,0,0,1,0
40,400417,2,2,0,0,0,6,6,81,0,14,9,2012,6,6,32,0,3,2,US-177,CR-900 RD,20,35.71024722,-97.01744167,0,12,6,0,2,2,0,1,2,10,0,10,0,0000000,6,30,6,49,7,52,0,0,0,2,0
40,400418,1,1,0,0,0,1,1,61,0,14,9,2012,6,9,55,0,4,3,SR-82,,99,35.238,-95.12369722,0,42,0,0,1,1,0,4,1,2,0,2,0,0000000,9,58,10,5,88,88,0,0,0,1,0
40,400419,1,1,0,0,0,1,1,147,0,14,9,2012,6,12,12,0,4,4,CR-GAP RD,,0,36.69173333,-95.99158056,0,42,0,0,1,1,0,4,1,2,0,2,0,0000000,12,11,12,20,88,88,0,0,0,1,0
40,400420,1,1,0,0,0,1,1,71,0,19,9,2012,4,22,45,0,6,4,CR-NORTH AVE,,0,36.68073333,-97.35985833,0,24,0,0,1,1,0,4,1,1,0,1,0,0000000,99,99,99,99,88,88,18,0,0,1,1
40,400421,1,1,0,0,0,1,1,143,4780,20,9,2012,5,1,56,1,13,2,US-75,,102,36.09216111,-96.00652222,0,24,0,0,1,1,0,4,2,1,0,1,0,0000000,1,51,1,58,2,18,0,0,0,1,1
40,400422,1,1,0,0,0,1,1,21,0,20,9,2012,5,5,4,0,3,3,SR-51,,9,35.92946111,-95.25491944,0,43,0,0,1,1,4,4,2,1,0,1,0,0000000,4,54,5,16,88,88,0,0,0,1,0
40,400423,3,3,0,0,0,3,3,37,0,20,9,2012,5,23,50,1,1,1,I-44,,331,36.00896389,-96.12078889,0,12,2,0,1,1,0,1,2,1,0,1,0,0000000,23,6,23,12,23,53,0,0,0,2,1
40,400424,1,1,0,0,0,1,1,67,0,14,9,2012,6,3,2,0,4,3,SR-89,,9,33.9941,-97.56968333,0,1,0,0,1,1,0,1,2,10,0,10,0,0000000,3,17,3,43,88,88,0,0,0,1,0
40,400425,2,2,0,0,0,3,3,15,0,17,9,2012,2,20,0,0,4,3,SR-19,CR-NS2580,140,34.89875833,-98.39110278,0,12,6,0,2,2,0,1,5,1,0,1,0,0000000,19,54,19,58,99,99,0,0,0,1,1