STATE,ST_CASE,VE_TOTAL,VE_FORMS,PVH_INVL,PEDS,PERNOTMVIT,PERMVIT,PERSONS,COUNTY,CITY,DAY,MONTH,YEAR,DAY_WEEK,HOUR,MINUTE,NHS,ROAD_FNC,ROUTE,TWAY_ID,TWAY_ID2,MILEPT,LATITUDE,LONGITUD,SP_JUR,HARM_EV,MAN_COLL,RELJCT1,RELJCT2,TYP_INT,WRK_ZONE,REL_ROAD,LGT_COND,WEATHER1,WEATHER2,WEATHER,SCH_BUS,RAIL,NOT_HOUR,NOT_MIN,ARR_HOUR,ARR_MIN,HOSP_HR,HOSP_MN,CF1,CF2,CF3,FATALS,DRUNK_DR
40,400426,1,1,0,0,0,1,1,143,0,21,9,2012,6,2,5,0,6,4,CR-131ST ST,,0,36.34232778,-95.97343611,0,42,0,0,1,1,0,4,2,1,0,1,0,0000000,2,7,2,13,88,88,0,0,0,1,1
40,400427,1,1,0,0,0,1,1,73,0,21,9,2012,6,20,48,1,2,2,US-81,,41,35.92119444,-97.93385556,0,1,0,0,1,1,0,3,2,1,0,1,0,0000000,99,99,99,99,99,99,0,0,0,1,1
40,400428,2,2,0,0,0,5,5,103,0,22,9,2012,7,1,7,0,6,4,CR-ACRE,,0,36.53596389,-97.04651944,0,12,2,0,1,1,0,1,2,1,0,1,0,0000000,0,16,0,59,1,26,0,0,0,1,1
40,400429,2,2,0,0,0,2,2,143,4780,23,7,2012,2,0,8,0,14,6,E 11TH ST,,0,36.14799444,-95.83745833,0,12,2,0,8,1,0,1,3,1,0,1,0,0000000,0,7,0,13,0,38,0,0,0,1,1
40,400430,1,1,0,1,1,1,1,131,0,21,9,2012,6,21,24,0,13,3,SR-20,,26,36.32181944,-95.76496944,0,8,0,0,1,1,0,1,2,10,0,10,0,0000000,21,24,21,31,88,88,0,0,0,1,0
40,400431,1,1,0,0,0,1,1,145,590,23,9,2012,1,1,55,0,13,3,SR-51,,28,36.025575,-95.72756111,0,32,0,0,1,1,0,4,2,10,0,10,0,0000000,99,99,99,99,88,88,0,0,0,1,1
40,400432,2,2,0,0,0,2,2,47,0,12,9,2012,4,7,29,1,2,2,US-64,,71,36.39750278,-97.71115556,0,12,1,0,1,1,0,1,1,10,0,10,0,0000000,7,28,7,40,8,4,0,0,0,1,0
40,400433,1,1,0,0,0,1,1,77,0,24,9,2012,2,15,30,0,4,4,CR-HIGHBRIDGE RD,,0,34.92597778,-95.519875,0,34,0,0,1,1,0,4,1,10,0,10,0,0000000,15,29,15,45,88,88,0,0,0,1,0
40,400434,1,1,0,0,0,1,1,9,0,27,9,2012,5,2,4,0,4,3,SR-30,,121,35.37360556,-99.91140278,0,43,0,0,1,1,0,4,2,10,0,10,0,0000000,99,99,99,99,88,88,0,0,0,1,0
40,400435,2,2,0,0,0,2,2,47,0,27,9,2012,5,15,14,1,2,2,US-64,,45,36.39746111,-97.75763333,0,12,1,0,6,1,0,1,1,10,0,10,0,011717R,15,13,15,22,88,88,0,0,0,1,0
40,400436,2,2,0,0,0,3,3,19,210,10,8,2012,6,15,2,1,11,1,I-35 EXIT RAMP,US-70,47,34.13893056,-97.15549444,0,12,6,1,5,1,0,1,1,10,0,10,0,0000000,14,59,15,8,15,30,0,0,0,1,0
40,400437,1,1,0,0,0,1,1,79,0,22,9,2012,7,7,47,0,4,4,CR-OLD HWY 112,,0,35.07267778,-94.570425,0,34,0,0,1,1,0,4,1,1,0,1,0,0000000,7,41,7,50,88,88,0,0,0,1,0
40,400438,1,1,0,0,0,1,1,49,0,2,9,2012,1,7,11,0,3,2,US-177,,8,34.648425,-96.96761389,0,1,0,0,1,1,0,4,1,1,0,1,0,0000000,7,23,7,33,8,20,0,0,0,1,0
40,400439,1,1,0,0,0,2,2,31,0,5,9,2012,4,21,10,0,4,4,CR-4 MILE RD,,0,34.75930556,-98.45752222,0,32,0,0,1,1,0,4,2,10,0,10,0,0000000,21,13,21,23,21,58,0,0,0,1,1
40,400440,1,1,0,1,1,1,1,109,3550,28,9,2012,6,20,33,0,14,6,S PENN,,0,35.39258056,-97.547875,0,8,0,0,1,1,0,1,3,10,0,10,0,0000000,20,33,20,38,20,55,0,0,0,1,0
40,400441,1,1,0,0,0,2,2,89,2370,11,8,2012,7,14,42,1,13,2,US-259,US-70,49,33.91926667,-94.77306389,0,59,0,0,3,3,0,3,1,1,0,1,0,0000000,14,39,14,46,15,8,0,0,0,1,0
40,400442,1,1,0,0,0,1,1,95,0,7,9,2012,6,17,42,0,4,3,SR-99C,,42,34.04824167,-96.84791944,0,31,0,0,1,1,0,4,1,10,0,10,0,0000000,17,55,18,25,19,16,0,0,0,1,0
40,400443,1,1,0,0,0,1,1,125,367,18,9,2012,3,16,42,0,6,4,CR-BETHEL RD,,0,35.252075,-97.01872222,0,34,0,0,1,1,0,4,1,1,0,1,0,0000000,16,38,16,47,88,88,0,0,0,1,1
40,400444,2,2,0,0,0,2,2,51,0,26,9,2012,4,14,33,1,2,2,US-81,,32,35.10588889,-97.96133056,0,12,6,0,1,1,0,1,1,10,0,10,0,0000000,99,99,99,99,88,88,0,0,0,1,0
40,400445,1,1,0,1,1,5,5,115,0,27,9,2012,5,5,36,0,3,2,US-69A,,36,36.96194167,-94.78215556,0,8,0,0,1,1,0,1,2,2,0,2,0,0000000,5,30,5,35,88,88,0,0,0,1,0
40,400446,1,1,0,0,0,1,1,19,0,5,10,2012,6,20,22,0,4,2,US-77,,52,34.25021389,-97.14301667,0,1,0,0,1,1,0,4,2,10,0,10,0,0000000,20,21,20,31,88,88,0,0,0,1,0
40,400447,1,1,0,0,0,1,1,51,0,6,10,2012,7,18,46,0,4,4,CR-1520,,0,34.81193056,-97.71225833,0,11,0,0,1,1,0,1,1,10,0,10,0,0000000,18,47,19,14,88,88,0,0,0,1,1
40,400448,1,1,0,0,0,1,1,43,0,7,10,2012,1,8,50,0,3,3,SR-34,,90,35.931675,-99.30989167,0,43,0,0,1,1,0,4,1,1,0,1,0,0000000,8,36,8,55,88,88,0,0,0,1,0
40,400449,2,2,0,0,0,4,4,95,0,21,8,2012,3,14,18,1,2,2,US-70,,70,34.09993056,-96.84510278,0,12,6,0,1,1,0,1,1,1,0,1,0,0000000,14,18,14,32,15,29,0,0,0,3,0
40,400450,1,1,0,0,0,1,1,115,0,7,9,2012,6,16,7,1,1,1,I-44,,92,36.78493611,-94.88768611,0,51,0,0,1,1,0,1,1,6,0,6,0,0000000,16,25,16,35,88,88,0,0,0,1,0
40,400451,1,1,0,0,0,1,1,109,3550,11,9,2012,3,99,99,0,14,6,S COUNCIL RD,,0,35.35987778,-97.65364722,0,35,0,0,1,1,0,5,9,1,0,1,0,0000000,88,88,88,88,88,88,0,0,0,1,0
40,400452,2,2,0,0,0,2,2,27,3430,30,7,2012,2,5,54,0,14,6,ROBINSON ST,NEWTON DR,0,35.23294722,-97.45523889,0,12,6,0,2,3,4,1,3,10,0,10,0,0000000,5,55,6,1,6,20,0,0,0,1,0
40,400453,2,2,0,0,0,4,4,147,0,28,9,2012,6,8,51,0,4,4,CR-2400,CR-4010,0,36.66991944,-95.86351389,0,12,6,0,2,2,0,1,1,5,0,5,0,0000000,8,47,8,59,9,33,0,0,0,1,0
40,400454,2,2,0,0,0,2,2,47,0,5,10,2012,6,17,10,0,6,4,CR-SKELETON,CR-STABE,0,36.30363611,-98.08675278,0,12,6,0,2,2,0,1,1,10,0,10,0,0000000,17,18,17,40,18,22,0,0,0,1,0
40,400455,1,1,0,0,0,3,3,87,0,28,6,2012,5,15,58,0,4,3,SR-74,,12,34.87267222,-97.40637222,0,1,0,0,1,1,0,4,1,10,0,10,0,0000000,16,0,16,5,99,99,0,0,0,2,0
40,400456,1,1,0,0,0,1,1,109,3550,6,9,2012,5,2,9,1,12,3,SR-74,,26,35.54404167,-97.57511944,0,57,0,0,1,1,0,3,2,10,0,10,0,0000000,1,58,2,7,2,59,0,0,0,1,0
40,400457,4,4,0,0,0,9,9,143,4780,11,10,2012,5,18,54,0,16,6,S HARVARD AVE,,0,36.08764722,-95.94017778,0,33,0,0,1,1,0,4,1,10,0,10,0,0000000,18,53,18,57,19,23,14,0,0,1,0
40,400458,2,2,0,0,0,8,8,7,0,26,9,2012,4,6,29,1,2,2,US-412,,105,36.61636667,-100.64025,0,12,2,0,1,1,0,1,2,1,0,1,0,0000000,6,41,7,32,8,46,0,0,0,7,0
40,400459,2,2,0,0,0,2,2,7,0,2,10,2012,3,22,55,0,3,2,US-83,,199,36.77344722,-100.8538639,0,12,2,0,1,1,0,1,2,1,0,1,0,0000000,23,0,23,28,88,88,0,0,0,2,1
40,400460,2,1,1,0,0,2,2,143,4780,20,9,2012,5,2,7,0,16,6,E 46TH PL,,0,36.0948,-95.87130278,0,1,0,0,1,1,0,1,2,1,0,1,0,0000000,2,10,2,16,88,88,0,0,0,2,1
40,400461,2,2,0,0,0,3,3,117,0,14,9,2012,6,18,30,0,3,3,SR-18,CR-4400 RD,28,36.37666667,-96.79302222,0,12,6,0,2,2,0,1,5,2,0,2,0,0000000,18,39,18,45,19,30,0,0,0,1,0
40,400462,2,2,0,0,0,3,3,11,0,5,10,2012,6,17,30,0,4,3,SR-51A,,99,35.99941111,-98.47628889,0,12,2,0,1,1,0,4,1,10,0,10,0,0000000,17,56,18,39,19,20,0,0,0,1,0
40,400463,1,1,0,1,1,4,4,17,5290,12,10,2012,6,4,44,1,11,1,I-40,,319,35.48557778,-97.75826944,0,8,0,0,1,1,0,1,2,10,0,10,0,0000000,4,46,4,51,5,12,0,0,0,1,0
40,400464,1,1,0,0,0,1,1,23,4370,8,10,2012,2,7,20,1,2,2,US-70,,144,34.03291389,-95.69150556,0,42,0,0,1,1,0,4,2,1,0,1,0,0000000,99,99,99,99,88,88,0,0,0,1,1
40,400465,1,1,0,0,0,1,1,77,0,15,10,2012,2,2,0,0,4,4,CR-PLEASANT HILL RD,,0,34.8997,-95.29643611,0,35,0,0,1,1,0,4,2,1,0,1,0,0000000,1,40,1,50,88,88,0,0,0,1,1
40,400466,1,1,0,0,0,1,1,135,1900,15,10,2012,2,18,38,0,4,3,SR-100,,19,35.55637222,-95.09855833,0,1,0,0,1,1,0,4,1,1,0,1,0,0000000,99,99,99,99,88,88,0,0,0,1,0
40,400467,1,1,0,0,0,1,1,109,3550,29,9,2012,7,14,20,0,16,6,SW 44TH ST,,0,35.420725,-97.56920833,0,33,0,0,1,1,0,4,1,2,0,2,0,0000000,14,21,14,30,14,46,0,0,0,1,0
40,400468,2,2,0,0,0,3,3,109,3550,30,9,2012,1,5,6,1,13,3,SR-3,N COUNCIL RD,11,35.56583611,-97.65656667,0,12,6,0,2,2,0,1,3,2,0,2,0,0000000,5,6,5,12,5,44,0,0,0,1,0
40,400469,3,3,0,0,0,4,4,143,0,4,10,2012,5,16,14,0,4,3,SR-266,,1,36.22479167,-95.81363056,0,12,2,0,1,1,0,1,1,10,0,10,0,0000000,16,7,16,19,17,12,0,0,0,3,0
40,400470,1,1,0,0,0,1,1,137,3070,6,10,2012,7,0,50,0,4,4,CR-PLAINSMAN RD,CR-MEDCALF RD,0,34.59438611,-97.93183889,0,59,0,0,3,4,0,4,2,10,0,10,0,0000000,99,99,99,99,88,88,0,0,0,1,1
40,400471,1,1,0,0,0,1,1,129,0,14,10,2012,1,6,26,0,4,3,SR-33,,135,35.66007222,-99.44894722,0,35,0,0,1,1,0,4,2,1,0,1,0,0000000,88,88,88,88,88,88,0,0,0,1,1
40,400472,2,2,0,0,0,2,2,125,2950,16,10,2012,3,0,14,1,1,1,I-40,,42,35.38167222,-97.06829722,0,12,6,0,1,1,0,1,2,1,0,1,0,0000000,0,21,0,30,1,30,0,0,0,1,1
40,400473,1,1,0,0,0,2,2,133,0,20,10,2012,7,23,6,0,6,4,CR-NS 355,,0,35.26388611,-96.68873889,0,42,0,0,1,1,0,4,2,1,0,1,0,0000000,23,6,23,11,0,50,0,0,0,1,1
40,400474,1,1,0,0,0,3,3,143,4780,6,10,2012,7,22,45,1,11,1,I-244,,101,36.159175,-95.92429167,0,59,0,0,1,1,0,8,3,10,0,10,0,0000000,22,46,22,51,23,27,0,0,0,1,1
40,400475,2,2,0,0,0,13,13,131,990,1,7,2012,1,16,2,0,13,3,SR-66,JM DAVIS BLVD,127,36.30521389,-95.62238056,0,12,6,0,2,2,0,1,1,1,0,1,0,0000000,16,9,16,12,16,39,0,0,0,1,0
40,400476,1,1,0,0,0,2,2,35,4900,9,8,2012,5,17,9,0,4,3,SR-66,,61,36.62675833,-95.25007778,0,18,0,0,1,1,4,4,1,1,0,1,0,0000000,17,19,17,53,18,30,0,0,0,1,0
40,400477,2,2,0,0,0,3,3,109,3170,20,8,2012,2,14,54,0,16,6,N POST RD,,0,35.48479167,-97.35315556,0,12,6,0,8,1,0,1,1,1,0,1,0,0000000,14,59,15,5,15,37,0,0,0,1,0
40,400478,1,1,0,1,1,2,2,143,4780,27,10,2012,7,20,18,0,16,6,S YALE AVE,,0,36.11670278,-95.92250556,0,8,0,0,1,1,0,1,3,10,0,10,0,0000000,20,17,20,20,20,32,0,0,0,1,0
40,400479,2,2,0,0,0,2,2,97,0,6,10,2012,7,10,26,1,2,2,US-412,CR-NS48,30,36.16964444,-95.38689722,0,12,6,0,2,2,0,1,1,10,0,10,0,0000000,10,24,10,38,11,26,0,0,0,1,0
40,400480,1,1,0,0,0,1,1,97,0,27,10,2012,7,18,23,1,2,2,US-412,,15,36.18790833,-95.24241389,0,1,0,0,1,1,0,4,5,1,0,1,0,0000000,18,21,18,28,19,11,0,0,0,1,0
40,400481,2,2,0,0,0,2,2,149,0,4,10,2012,5,7,28,0,4,4,CR-EW115,,0,35.34839722,-98.66213333,0,12,2,0,1,1,0,1,4,1,0,1,0,0000000,7,22,7,38,88,88,0,0,0,1,0
40,400482,1,1,0,0,0,1,1,87,0,14,10,2012,1,12,13,0,4,3,SR-59A,,13,34.88365,-96.94316944,0,1,0,0,1,1,0,4,1,1,0,1,0,0000000,12,26,12,38,88,88,0,0,0,1,1
40,400483,1,1,0,0,0,3,3,75,0,15,9,2012,7,7,28,0,6,4,CR-E1420,,0,34.95733889,-99.02176667,0,1,0,0,1,1,0,4,2,10,0,10,0,0000000,12,1,12,20,13,11,0,0,0,2,1
40,400484,1,1,0,0,0,1,1,37,0,30,9,2012,1,15,15,0,4,4,CR-201ST SOUTH,,0,35.87174167,-96.44610278,0,34,0,0,1,1,0,4,1,1,0,1,0,0000000,99,99,99,99,88,88,0,0,0,1,1
40,400485,1,1,0,0,0,3,3,109,3550,3,8,2012,6,15,24,1,11,1,I-44,,40,35.45140278,-97.57083611,0,1,0,0,1,1,0,1,1,1,0,1,0,0000000,15,38,15,43,15,50,0,0,0,1,0
40,400486,2,2,0,0,0,2,2,153,0,29,9,2012,7,11,15,1,2,3,SR-15,,47,36.41662222,-99.53443333,0,12,2,0,1,1,0,1,1,10,0,10,0,0000000,11,16,11,26,88,88,0,0,0,1,0
40,400487,1,1,0,0,0,1,1,19,0,1,11,2012,5,15,34,0,4,4,CR-DEESE,,0,34.29768056,-97.21284444,0,1,0,0,1,1,0,4,1,1,0,1,0,0000000,15,28,15,41,88,88,0,0,0,1,0
40,400488,2,2,0,0,0,3,3,143,4780,25,10,2012,5,17,2,0,16,6,SOUTHWEST BLVD,,0,36.12158333,-96.00717778,0,1,0,0,8,1,0,1,1,10,0,10,0,0000000,17,3,17,9,17,10,0,0,0,1,0
40,400489,1,1,0,0,0,1,1,113,0,28,10,2012,1,1,45,0,4,4,CR-2706,,0,36.72644167,-96.05301389,0,43,0,0,1,1,0,4,2,1,0,1,0,0000000,1,44,1,53,88,88,0,0,0,1,1
40,400490,1,1,0,0,0,2,2,91,920,1,8,2012,4,11,36,0,4,2,US-69B,,490,99.99990000,999.99990000,0,35,0,0,1,1,0,4,1,1,0,1,0,0000000,11,30,11,46,12,30,0,0,0,1,0
40,400491,1,1,0,0,0,1,1,143,4780,1,10,2012,2,3,35,1,11,1,I-244,US-75 OFF-RAMP,72,36.15901111,-95.97624167,0,25,0,1,5,1,0,4,3,1,0,1,0,0000000,3,6,3,11,88,88,0,0,0,1,1
40,400492,1,1,0,0,0,1,1,19,210,5,10,2012,6,1,50,1,13,2,US-77,,29,34.21581667,-97.14308333,0,33,0,0,1,1,0,4,2,1,0,1,0,0000000,1,53,2,1,88,88,0,0,0,1,1
40,400493,2,2,0,0,0,2,2,31,2750,10,10,2012,4,10,54,0,16,6,NW 38TH ST,NW GORE BLVD,0,34.60909722,-98.43983333,0,1,0,0,3,2,0,1,1,10,0,10,0,0000000,10,58,11,3,88,88,0,0,0,1,0
40,400494,2,2,0,0,0,3,3,11,0,29,10,2012,2,6,52,1,2,2,US-270,SR-33,33,35.84136111,-98.58974167,0,12,6,1,2,2,0,1,2,1,0,1,0,0000000,7,1,7,52,8,24,0,0,0,1,0
40,400495,1,1,0,1,1,3,3,143,4780,31,10,2012,4,6,59,0,16,6,N HARVARD AVE,,0,36.18415278,-95.94031667,0,8,0,0,1,1,0,1,3,1,0,1,0,0000000,6,49,6,55,7,10,0,0,0,1,0
40,400496,1,1,0,0,0,1,1,137,0,30,9,2012,1,2,55,1,2,3,SR-7,,129,34.44898056,-97.76356111,0,32,0,0,1,1,0,4,3,2,0,2,0,0000000,99,99,99,99,88,88,0,0,0,1,1
40,400497,2,2,0,0,0,2,2,51,0,15,10,2012,2,15,37,0,3,2,US-62,,153,35.04405278,-97.8346,0,12,1,0,1,1,0,1,1,1,0,1,1,0000000,15,41,15,54,17,44,0,0,0,1,0
40,400498,1,1,0,0,0,2,2,131,0,19,10,2012,6,21,2,0,4,4,CR-ADMIRAL,,0,36.16234722,-95.72285278,0,32,0,0,1,1,0,4,2,10,0,10,0,0000000,21,4,21,15,22,3,0,0,0,1,1
40,400499,1,1,0,0,0,1,1,119,0,3,11,2012,7,3,8,0,4,4,CR-68TH ST,,0,36.04420278,-96.91093333,0,35,0,0,1,1,0,4,2,1,0,1,0,0000000,3,8,3,24,88,88,0,0,0,1,1
40,400500,3,3,0,0,0,3,3,35,0,9,10,2012,3,13,51,1,13,2,US-60,,67,36.62691111,-95.13101944,0,12,6,0,1,1,0,1,1,10,0,10,0,0000000,13,52,13,54,14,13,0,0,0,1,0
40,400501,2,2,0,0,0,2,2,153,0,21,10,2012,1,12,39,1,2,2,US-183,,62,36.20673056,-99.05648056,0,12,2,0,1,1,0,1,1,1,0,1,0,0000000,12,37,12,55,13,43,0,0,0,1,0
40,400502,2,2,0,0,0,3,3,21,0,24,10,2012,4,17,26,0,13,2,US-62,,83,35.84991389,-95.00190556,0,12,6,0,8,1,0,1,1,1,0,1,0,0000000,17,24,17,27,18,12,0,0,0,1,0
40,400503,2,2,0,0,0,2,2,139,0,24,10,2012,4,21,59,1,13,2,US-54,,14,36.51066667,-101.7676778,0,12,6,0,1,1,0,1,2,1,0,1,0,0000000,22,13,22,34,22,55,0,0,0,1,0
40,400504,1,1,0,1,1,1,1,71,0,25,10,2012,5,12,13,0,14,6,HUBBARD RD,,0,36.75290278,-97.05828611,0,9,0,0,1,1,2,1,1,10,0,10,0,0000000,12,14,12,18,12,37,0,0,0,1,0
40,400505,1,1,0,0,0,2,2,105,0,30,10,2012,3,12,7,1,2,2,US-60,,25,36.71358056,-95.77162778,0,38,0,0,1,1,0,4,1,1,0,1,0,0000000,12,3,12,12,12,53,0,0,0,1,0
40,400506,1,1,0,0,0,2,2,31,0,6,11,2012,3,16,25,0,4,4,CR-195TH ST,,0,34.65639444,-98.15953889,0,42,0,0,1,1,0,4,1,1,0,1,0,0000000,16,21,16,38,17,20,0,0,0,1,0
40,400507,3,3,0,0,0,4,4,1,4470,26,5,2012,7,20,52,1,2,2,US-59,,122,35.80089722,-94.62738611,0,12,1,0,8,1,0,1,3,10,0,10,0,0000000,20,53,20,54,21,27,0,0,0,1,0
40,400508,2,2,0,0,0,4,4,125,0,29,9,2012,7,10,22,0,3,2,US-177,SING RD,93,35.1004,-96.93178056,0,12,6,0,3,3,0,1,1,2,0,2,0,0000000,10,23,10,36,88,88,0,0,0,4,0
40,400509,1,1,0,0,0,1,1,149,0,23,10,2012,3,14,12,0,6,4,CR-NS217,,0,35.10640833,-99.11374444,0,1,0,0,1,1,0,4,1,1,0,1,0,0000000,12,34,12,49,88,88,0,0,0,1,1
40,400510,1,1,0,1,1,2,2,143,590,10,10,2012,4,22,40,0,16,6,NEW ORLEANS ST,,0,36.01743333,-95.76836944,0,9,0,0,1,1,0,1,2,1,0,1,0,0000000,22,40,22,43,88,88,0,0,0,1,0
40,400511,2,2,0,0,0,3,3,11,0,27,10,2012,7,9,30,0,6,4,CR-N2600,CR-E0590,0,36.15897222,-98.3707,0,12,6,0,2,2,0,1,1,1,0,1,0,0000000,9,44,10,1,10,54,0,0,0,1,0
40,400512,1,1,0,0,0,1,1,17,0,3,11,2012,7,1,45,0,6,4,CR-FORT RENO RD,,0,35.59627222,-98.06563056,0,1,0,0,1,1,0,4,2,1,0,1,0,0000000,1,42,1,55,88,88,0,0,0,1,1
40,400513,1,1,0,0,0,3,3,81,0,10,11,2012,7,1,46,1,1,1,I-44,,162,35.72238056,-96.867225,0,52,0,0,1,1,0,4,2,1,0,1,0,0000000,1,45,2,10,3,18,0,0,0,1,0
40,400514,1,1,0,0,0,1,1,143,0,26,9,2012,4,99,99,0,3,3,SR-151,,21,36.15611944,-96.249,0,31,0,0,1,1,0,4,9,99,0,99,0,0000000,88,88,88,88,88,88,0,0,0,1,0
40,400515,1,1,0,0,0,2,2,13,0,29,10,2012,2,18,0,0,4,4,CR-LEAVENWORTH TRAIL,,0,33.99529722,-96.50055,0,38,0,0,1,1,0,4,1,10,0,10,0,0000000,18,1,18,5,88,88,0,0,0,1,0
40,400516,1,1,0,1,1,1,1,143,4780,29,10,2012,2,22,18,0,16,6,W 71ST ST,,0,36.06103611,-95.99732778,0,9,0,0,1,1,0,1,2,1,0,1,0,0000000,22,18,22,23,22,39,0,0,0,1,0
40,400517,2,2,0,0,0,2,2,101,0,10,11,2012,7,13,16,0,4,2,US-64,,139,35.52949444,-95.30969722,0,12,6,0,1,1,0,1,1,1,0,1,0,0000000,13,19,13,30,88,88,0,0,0,2,0
40,400518,1,1,0,0,0,3,3,119,0,12,11,2012,2,22,49,0,16,4,CR-NORFOLK RD,,0,35.96827778,-96.71409167,0,38,0,0,1,1,0,4,2,10,0,10,0,0000000,22,45,22,51,88,88,0,0,0,1,1
40,400519,1,1,0,1,1,1,1,143,0,6,8,2012,2,2,8,1,13,2,US-169,,71,36.24076111,-95.84800278,0,8,0,0,1,1,0,1,2,1,0,1,0,0000000,2,0,2,9,88,88,0,0,0,1,0
40,400520,2,2,0,0,0,5,5,109,3550,28,9,2012,6,8,7,1,11,1,I-240,,36,35.39191667,-97.51099167,0,12,1,0,1,1,0,1,1,1,0,1,0,0000000,8,6,8,20,8,42,0,0,0,1,0
40,400521,2,2,0,0,0,3,3,109,3550,11,10,2012,5,22,35,1,13,3,SR-152,SW 59TH ST,14,35.40624444,-97.66232222,0,12,6,0,2,2,0,1,2,10,0,10,0,0000000,22,35,22,43,23,21,0,0,0,1,1
40,400522,1,1,0,0,0,1,1,85,0,18,10,2012,5,23,14,1,1,1,I-35,,28,33.75969167,-97.13468889,0,24,0,0,1,1,0,4,2,10,0,10,0,0000000,23,15,23,22,88,88,0,0,0,1,0
40,400523,1,1,0,0,0,1,1,81,0,19,10,2012,6,17,34,1,2,3,SR-99,,23,35.51902222,-96.68302222,0,38,0,0,1,1,0,4,1,1,0,1,0,0000000,17,26,17,31,88,88,0,0,0,1,0
40,400524,1,1,0,0,0,6,6,143,4780,21,10,2012,1,0,6,0,16,6,E PORT RD,,0,36.20981111,-95.89292222,0,33,0,0,1,1,0,3,2,1,0,1,0,0000000,0,5,0,16,1,47,0,0,0,1,0
40,400525,1,1,0,0,0,3,3,101,0,23,10,2012,3,16,25,0,6,4,CR-S 54TH ST W,,0,35.72151389,-95.44673611,0,32,0,0,1,1,0,4,1,1,0,1,0,0000000,16,18,16,33,16,58,0,0,0,1,1
40,400526,2,2,0,0,0,3,3,35,0,31,10,2012,4,12,20,1,2,2,US-60,,109,36.62696667,-95.05481667,0,12,2,0,1,1,0,1,1,1,0,1,0,0000000,12,21,12,32,99,99,0,0,0,1,0
40,400527,1,1,0,1,1,1,1,109,3550,31,10,2012,4,19,30,0,16,6,NW 164TH ST,,0,35.63853611,-97.56099722,0,8,0,0,1,1,0,1,2,1,0,1,0,0000000,19,30,19,39,88,88,0,0,0,1,0
40,400528,1,1,0,0,0,1,1,109,3550,23,10,2012,3,23,23,0,16,6,CORONA  DR,S SANTA FE AVE,0,35.38120556,-97.51244722,0,53,0,0,3,3,0,4,3,1,0,1,0,0000000,23,22,23,26,23,45,0,0,0,1,0
40,400529,2,2,0,1,1,2,2,109,3550,3,11,2012,7,19,48,0,16,6,S SHIELDS BLVD,SE 58TH ST,0,35.40743611,-97.50794444,0,8,0,0,1,1,0,1,3,1,0,1,0,0000000,19,48,19,52,88,88,0,0,0,1,0
40,400530,1,1,0,0,0,1,1,131,0,4,11,2012,1,8,59,0,3,3,SR-20,,51,36.307425,-95.52678333,0,34,0,0,1,1,0,4,1,1,0,1,0,0000000,8,59,9,10,88,88,0,0,0,1,0
40,400531,2,2,0,0,0,2,2,109,3550,4,11,2012,1,10,40,0,16,6,NW 16TH ST,N TULSA,0,35.48602778,-97.59219722,0,12,6,0,2,2,0,1,1,1,0,1,0,0000000,10,40,10,44,11,5,0,0,0,1,1
40,400532,2,2,0,0,0,5,5,109,3550,2,9,2012,1,18,45,1,13,3,SR-3,BELLE ISLE BLVD,58,35.52243333,-97.54166944,0,12,6,0,2,7,0,1,1,1,0,1,0,0000000,18,45,18,53,19,34,0,0,0,1,0
40,400534,1,1,0,0,0,1,1,115,0,10,11,2012,7,2,50,0,3,2,US-59,,15,36.68383056,-94.86264444,0,35,0,0,1,1,0,4,2,10,0,10,0,0000000,2,52,3,5,88,88,0,0,0,1,1
40,400535,1,1,0,0,0,3,3,115,0,10,11,2012,7,12,54,1,1,1,I-44,,233,36.92843056,-94.73229167,0,38,0,0,1,1,0,4,1,10,0,10,0,0000000,12,56,13,8,13,53,0,0,0,1,0
40,400536,1,1,0,0,0,1,1,123,0,14,11,2012,4,19,27,0,3,3,SR-3W,CR-3530,121,34.7852,-96.72626944,0,1,0,0,1,1,0,1,2,1,0,1,0,0000000,19,25,19,30,88,88,0,0,0,1,0
40,400537,2,2,0,0,0,2,2,103,0,15,11,2012,5,9,30,1,1,1,I-35,,41,36.21895833,-97.32798056,0,12,6,0,1,1,1,1,1,1,0,1,0,0000000,9,32,9,41,88,88,0,0,0,1,0
40,400538,1,1,0,0,0,1,1,19,0,15,11,2012,5,18,59,0,4,3,SR-76,,70,34.34126944,-97.49254444,0,1,0,0,1,1,0,4,2,1,0,1,0,0000000,18,57,19,8,88,88,0,0,0,1,1
40,400539,1,1,0,0,0,1,1,113,0,17,11,2012,7,17,5,0,4,3,SR-97,,38,36.20994444,-96.10504722,0,35,0,0,1,1,0,4,5,1,0,1,0,0000000,17,4,17,10,88,88,0,0,0,1,1
40,400540,2,2,0,0,0,2,2,67,0,19,11,2012,2,8,17,1,2,2,US-81,,149,34.08449722,-97.959075,0,12,6,0,1,1,0,1,1,1,0,1,0,0000000,8,18,8,25,88,88,0,0,0,1,0
40,400541,1,1,0,0,0,1,1,55,0,22,11,2012,5,11,17,0,4,4,CR-1465,,0,34.89269167,-99.34284722,0,43,0,0,1,1,0,4,1,1,0,1,0,0000000,10,53,11,9,11,25,0,0,0,1,1