STATE,ST_CASE,VE_TOTAL,VE_FORMS,PVH_INVL,PEDS,PERNOTMVIT,PERMVIT,PERSONS,COUNTY,CITY,DAY,MONTH,YEAR,DAY_WEEK,HOUR,MINUTE,NHS,ROAD_FNC,ROUTE,TWAY_ID,TWAY_ID2,MILEPT,LATITUDE,LONGITUD,SP_JUR,HARM_EV,MAN_COLL,RELJCT1,RELJCT2,TYP_INT,WRK_ZONE,REL_ROAD,LGT_COND,WEATHER1,WEATHER2,WEATHER,SCH_BUS,RAIL,NOT_HOUR,NOT_MIN,ARR_HOUR,ARR_MIN,HOSP_HR,HOSP_MN,CF1,CF2,CF3,FATALS,DRUNK_DR
40,400542,1,1,0,1,1,1,1,109,3550,17,11,2012,7,20,46,0,16,6,N MACARTHUR BLVD,,0,35.47991944,-97.61893056,0,8,0,0,1,1,0,1,2,1,0,1,0,0000000,20,46,20,52,88,88,0,0,0,1,0
40,400543,2,2,0,0,0,2,2,15,0,21,11,2012,4,10,40,0,4,3,SR-152,SR-37,89,35.33402222,-98.13058333,0,12,6,0,3,2,0,1,1,1,0,1,0,0000000,11,9,11,35,12,3,0,0,0,1,0
40,400544,2,2,0,0,0,2,2,145,0,22,11,2012,5,0,22,0,4,4,CR-E760 RD,,0,35.91535833,-95.36471389,0,12,2,0,1,1,0,1,2,1,0,1,0,0000000,23,58,0,11,0,24,18,0,0,1,1
40,400545,1,1,0,0,0,2,2,119,0,22,11,2012,5,19,17,0,3,3,SR-51,,53,36.110825,-97.25995278,0,1,0,0,1,1,0,3,2,1,0,1,0,0000000,19,14,19,22,19,54,0,0,0,1,0
40,400546,1,1,0,0,0,2,2,15,0,23,11,2012,6,20,56,0,3,2,US-281,,128,35.25498611,-98.26239444,0,1,0,0,1,1,0,4,2,1,0,1,0,0000000,20,54,21,5,22,31,0,0,0,1,0
40,400547,1,1,0,0,0,1,1,41,0,24,11,2012,7,23,48,0,4,3,SR-20,,19,36.41831111,-94.75955833,0,1,0,0,1,1,0,4,2,1,0,1,0,0000000,23,44,23,50,88,88,0,0,0,1,1
40,400548,1,1,0,1,1,3,3,143,1060,7,11,2012,4,20,6,0,16,6,146TH ST NORTH,,0,36.36554444,-95.81823056,0,8,0,0,1,1,0,1,2,1,0,1,0,0000000,99,99,99,99,99,99,0,0,0,1,1
40,400549,2,2,0,0,0,6,6,115,0,25,11,2012,1,16,19,0,3,2,US-60,,164,36.80780556,-94.67421111,0,12,2,0,1,1,0,1,1,1,0,1,0,0000000,16,39,17,8,17,27,0,0,0,4,1
40,400550,1,1,0,1,1,1,1,23,0,27,11,2012,3,19,5,1,2,2,US-70,,5,33.99711667,-95.46875278,0,8,0,0,1,1,0,1,2,10,0,10,0,0000000,19,7,19,14,88,88,0,0,0,1,0
40,400551,1,1,0,0,0,1,1,31,0,29,11,2012,5,7,10,0,4,4,CR-CACHE,,0,34.62298889,-98.26660278,0,34,0,0,1,1,0,4,2,1,0,1,0,0000000,7,11,7,21,88,88,0,0,0,1,1
40,400552,3,3,0,0,0,7,7,51,3416,29,11,2012,5,14,21,1,13,2,US-81,PIKES PEAK RD,5,35.00053889,-97.93480278,0,12,6,0,2,7,0,1,1,1,0,1,0,0000000,14,21,14,28,15,6,0,0,0,1,0
40,400553,1,1,0,0,0,1,1,109,3550,30,11,2012,6,0,35,1,12,3,SR-74,,58,35.58662222,-97.58334722,0,34,0,0,1,1,0,5,2,1,0,1,0,0000000,0,35,0,41,88,88,0,0,0,1,1
40,400554,1,1,0,0,0,1,1,73,0,30,11,2012,6,23,55,0,6,4,CR-NO NAME,,0,35.76943333,-97.97521111,0,38,0,0,1,1,0,4,2,10,0,10,0,0000000,6,46,6,59,88,88,18,0,0,1,1
40,400555,2,2,0,0,0,3,3,143,0,7,12,2012,6,15,43,1,2,2,US-75,,109,36.29989444,-95.92383056,0,12,7,0,1,1,0,1,1,10,0,10,0,0000000,15,44,15,58,16,22,0,0,0,1,0
40,400556,1,1,0,0,0,1,1,71,3800,17,8,2012,6,6,58,0,14,6,SOUTH AVE,PINE ST,0,36.69525556,-97.087075,0,1,0,0,3,3,0,1,1,1,0,1,0,0000000,6,59,7,3,7,21,0,0,0,1,0
40,400557,3,3,0,0,0,4,4,143,0,23,10,2012,3,6,53,1,12,2,US-169,,71,36.24076111,-95.84800278,0,12,6,0,1,1,0,1,2,10,0,10,0,0000000,6,52,6,55,7,32,0,0,0,1,0
40,400558,2,2,0,0,0,5,5,131,0,30,10,2012,3,15,22,0,4,3,SR-66,CR-EW44,58,36.37985556,-95.55838611,0,12,6,0,2,7,0,1,1,10,0,10,0,0000000,15,29,15,47,16,10,0,0,0,1,0
40,400559,3,3,0,0,0,5,5,79,0,15,11,2012,5,8,14,1,2,2,US-59,SR-83,70,34.98546111,-94.63947222,0,12,6,0,2,2,0,1,1,1,0,1,0,0000000,8,20,8,57,9,57,0,0,0,1,0
40,400560,1,1,0,0,0,1,1,109,3550,2,12,2012,1,23,24,1,11,1,I-44,,1,35.39722778,-97.57571944,0,5,0,0,1,1,0,1,3,10,0,10,0,0000000,23,24,23,32,88,88,0,0,0,1,1
40,400561,1,1,0,0,0,1,1,83,0,7,12,2012,6,0,38,1,11,1,I-35,,10,35.74005,-97.41618333,0,57,0,0,1,1,0,3,2,10,0,10,0,0000000,0,40,0,54,1,33,0,0,0,1,1
40,400562,2,2,0,0,0,3,3,123,0,7,12,2012,6,23,51,0,3,3,SR-3W,,88,34.87357778,-96.84965278,0,12,6,0,1,1,0,1,2,10,0,10,0,0000000,23,48,0,0,0,31,0,0,0,1,0
40,400563,1,1,0,1,1,2,2,109,3550,19,11,2012,2,19,35,0,14,6,NW 50TH ST,N BRUNSON ST,0,35.52229444,-97.59448611,0,8,0,0,2,3,0,1,3,10,0,10,0,0000000,19,35,19,40,20,0,0,0,0,1,0
40,400564,1,1,0,1,1,1,1,31,2750,30,11,2012,6,22,8,0,13,6,NW CACHE RD,,0,34.62318056,-98.41535833,0,8,0,0,1,1,0,1,3,1,0,1,0,0000000,22,9,22,14,88,88,0,0,0,1,0
40,400565,2,2,0,0,0,3,3,71,0,8,12,2012,7,8,3,0,4,3,SR-11,,101,36.81099722,-97.10003611,0,12,8,0,1,1,0,1,1,10,0,10,0,0000000,8,1,8,9,8,44,0,0,0,1,0
40,400566,1,1,0,0,0,1,1,27,3430,13,10,2012,7,11,2,0,16,6,60TH AVE SE,,0,35.21631111,-97.35305833,0,31,0,0,1,1,0,4,1,2,0,2,0,0000000,11,3,11,13,88,88,0,0,0,1,0
40,400567,3,3,0,0,0,3,3,143,4170,6,12,2012,5,6,48,0,16,6,41ST ST SOUTH,,0,36.10458611,-96.09696944,0,12,2,0,1,1,0,1,2,1,0,1,0,0000000,6,54,7,1,7,45,0,0,0,1,0
40,400568,1,1,0,0,0,1,1,123,0,11,11,2012,1,6,40,0,4,4,CR-1570,,0,34.73829722,-96.75362778,0,1,0,0,1,1,0,4,2,10,0,10,0,0000000,6,40,6,48,88,88,0,0,0,1,1
40,400569,1,1,0,0,0,2,2,85,0,19,11,2012,2,3,33,0,4,3,SR-32,,140,33.94030278,-97.31677778,0,38,0,0,1,1,0,4,2,10,0,10,0,0000000,3,23,3,34,4,29,21,0,0,1,0
40,400570,1,1,0,0,0,1,1,137,3070,6,12,2012,5,23,30,0,4,4,CR-PLAINSMAN RD,CR-MEDCALF RD,0,34.59438611,-97.93192778,0,59,0,0,2,4,0,4,2,1,0,1,0,0000000,23,38,23,45,88,88,0,0,0,1,1
40,400571,1,1,0,0,0,1,1,17,5290,14,12,2012,6,23,31,0,16,6,N 11TH ST,,0,35.52361944,-97.76025278,0,38,0,0,1,1,0,6,3,2,0,2,0,0000000,23,32,23,40,88,88,0,0,0,1,1
40,400572,2,2,0,0,0,3,3,135,0,21,12,2012,6,17,6,0,4,4,CR-E1070,CR-S4670,0,35.4635,-94.70789444,0,12,6,0,3,2,0,1,5,1,0,1,0,0000000,17,4,17,17,17,44,0,0,0,1,1
40,400573,4,4,0,0,0,4,4,105,0,5,12,2012,4,17,43,1,2,2,US-169,,187,36.97071944,-95.62778611,0,12,1,0,8,1,0,1,2,1,0,1,0,0000000,17,43,17,49,18,28,0,0,0,1,0
40,400574,2,2,0,0,0,3,3,97,0,14,12,2012,6,16,46,0,4,2,US-412A,,79,36.20056111,-95.14185833,0,12,6,0,1,1,0,1,1,2,0,2,0,0000000,16,48,17,10,18,9,0,0,0,1,0
40,400575,1,1,0,1,1,1,1,109,3550,22,8,2012,4,22,5,0,16,6,SW 29TH ST,,0,35.43523611,-97.52316111,0,8,0,0,1,1,0,1,3,1,0,1,0,0000000,22,5,22,12,88,88,0,0,0,1,0
40,400576,2,2,0,0,0,3,3,37,0,11,11,2012,1,12,14,0,3,3,SR-33,,234,35.98857222,-96.21389722,0,12,2,0,1,1,0,1,1,10,0,10,0,0000000,12,17,12,23,88,88,0,0,0,3,0
40,400577,1,1,0,0,0,1,1,59,0,28,11,2012,4,20,35,0,4,4,CR-NS176,,0,36.94245,-99.89166111,0,1,0,0,1,1,0,4,2,1,0,1,0,0000000,20,42,20,59,88,88,0,0,0,1,1
40,400578,1,1,0,0,0,1,1,85,0,10,12,2012,2,6,50,1,1,1,I-35,,12,33.73851944,-97.14494444,0,1,0,0,1,1,0,3,2,1,0,1,0,0000000,6,38,6,45,88,88,0,0,0,1,0
40,400579,2,2,0,0,0,3,3,35,0,15,12,2012,7,12,14,0,3,3,SR-10,SR-2,173,36.87382778,-95.09887222,0,12,6,0,2,2,0,1,1,1,0,1,0,0000000,12,15,12,32,13,8,0,0,0,1,0
40,400580,1,1,0,1,1,1,1,119,0,20,12,2012,5,5,47,0,4,3,SR-51,,40,36.11639167,-96.97910556,0,8,0,0,1,1,0,1,2,6,0,6,0,0000000,5,56,6,6,88,88,0,0,0,1,0
40,400581,3,3,0,0,0,6,6,33,0,25,12,2012,3,17,46,1,1,1,I-44,,24,34.20496111,-98.48324167,0,12,6,0,1,1,0,1,2,11,0,11,0,0000000,17,51,18,13,19,5,0,0,0,1,0
40,400582,1,1,0,1,1,1,1,125,0,27,12,2012,5,18,56,0,4,4,CR-EW114,,0,35.36174444,-96.96846389,0,8,0,0,1,1,0,1,2,10,0,10,0,0000000,18,41,18,45,88,88,0,0,0,1,0
40,400583,1,1,0,0,0,1,1,15,0,29,12,2012,7,23,45,0,16,4,CR-2640,,0,35.02031944,-98.28636389,0,35,0,0,1,1,0,4,2,1,0,1,0,0000000,23,54,0,6,88,88,0,0,0,1,1
40,400584,1,1,0,1,1,1,1,87,440,8,6,2012,6,1,3,0,4,3,SR-76,,51,35.20803333,-97.65316667,0,8,0,0,1,1,0,1,2,1,0,1,0,0000000,99,99,99,99,88,88,0,0,0,1,0
40,400585,1,1,0,0,0,1,1,31,2750,24,8,2012,6,1,21,1,11,1,I-44,,76,34.60755,-98.376525,0,35,0,0,1,1,0,4,2,10,0,10,0,0000000,1,22,1,29,1,56,0,0,0,1,1
40,400586,1,1,0,0,0,2,2,15,160,16,9,2012,1,19,29,0,16,6,BROADWAY AVE,,0,35.07484444,-98.253825,0,38,0,0,1,1,0,4,1,1,0,1,0,0000000,20,7,20,41,21,13,3,0,0,1,1
40,400587,1,1,0,0,0,2,2,109,3550,24,9,2012,2,21,31,0,16,6,N MIDWEST BLVD,,0,35.54100278,-97.38874167,0,38,0,0,1,1,0,4,2,1,0,1,0,0000000,21,31,21,46,22,9,0,0,0,1,0
40,400588,1,1,0,1,1,2,2,97,2720,29,9,2012,7,21,40,0,4,3,SR-82,,40,36.45919722,-95.04846389,0,15,0,0,1,1,0,1,2,1,0,1,0,0000000,21,48,21,52,23,16,0,0,0,1,0
40,400589,1,1,0,0,0,1,1,81,4530,16,10,2012,3,16,9,0,4,3,SR-66,,94,35.72405556,-96.74163333,0,1,0,0,8,1,0,4,1,1,0,1,0,0000000,16,20,16,45,17,21,0,0,0,1,0
40,400590,1,1,0,0,0,1,1,51,3416,27,10,2012,7,1,20,0,4,2,US-277,,380,34.95676944,-97.95157778,0,59,0,0,1,1,0,4,3,1,0,1,0,0000000,1,26,1,30,88,88,0,0,0,1,1
40,400591,2,1,1,0,0,1,1,105,3460,23,10,2012,3,8,34,0,16,6,S MARTIN RD,,0,36.69526944,-95.64376389,0,38,0,0,1,1,0,6,1,1,0,1,1,0000000,8,34,8,37,8,46,21,0,0,1,0
40,400592,2,2,0,0,0,2,2,109,3170,2,11,2012,6,7,24,0,14,6,NE 10TH ST,N LEE DR,0,35.47854167,-97.36359444,0,12,6,0,2,3,0,1,3,1,0,1,0,0000000,7,26,7,29,8,6,0,0,0,1,0
40,400593,1,1,0,1,1,2,2,143,590,2,11,2012,6,23,27,0,14,6,W WASHINGTON ST,,0,36.03192222,-95.81980556,0,8,0,0,1,1,0,1,3,1,0,1,0,0000000,23,30,23,36,88,88,0,0,0,1,0
40,400594,1,1,0,0,0,2,2,109,3550,10,11,2012,7,2,58,0,14,6,NE 10TH ST,STONEWALL AVE,0,35.47816111,-97.49320833,0,33,0,0,3,3,0,4,3,1,0,1,0,0000000,3,0,3,4,3,28,0,0,0,1,1
40,400595,1,1,0,0,0,4,4,51,0,15,11,2012,5,22,2,1,2,2,US-81,,138,34.87583056,-97.95207222,0,1,0,0,1,1,0,4,2,1,0,1,0,0000000,22,18,22,37,23,8,0,0,0,1,0
40,400596,1,1,0,1,1,2,2,107,3540,21,9,2012,6,20,15,0,4,2,US-62,THIRD ST,55,35.43517222,-96.30358333,0,8,0,0,3,2,4,1,2,1,0,1,0,0000000,20,3,20,6,20,29,0,0,0,1,0
40,400597,1,1,0,1,1,1,1,143,4780,6,12,2012,5,6,30,0,14,6,S YALE AVE,,0,36.07118333,-95.92211667,0,8,0,0,1,1,4,1,2,1,0,1,0,0000000,6,29,6,36,6,52,0,0,0,1,0
40,400598,1,1,0,0,0,1,1,63,0,22,12,2012,7,15,53,0,4,4,CR-N380,,0,35.26403333,-96.24660833,0,59,0,0,1,1,0,4,1,1,0,1,0,0000000,15,52,16,5,88,88,0,0,0,1,1
40,400599,3,3,0,0,0,11,11,13,1050,21,9,2012,6,15,20,1,2,2,US-69,,20,33.846675,-96.51253889,0,12,7,1,5,1,0,1,1,1,0,1,0,0000000,15,36,15,45,16,18,0,0,0,3,0
40,400600,1,1,0,0,0,1,1,17,3550,19,12,2012,4,18,25,0,3,3,SR-4,,29,35.37020833,-97.71189722,0,1,0,0,1,1,0,4,2,10,0,10,0,0000000,18,30,18,53,19,7,0,0,0,1,0
40,400601,2,2,0,0,0,2,2,99,0,21,12,2012,6,6,5,1,2,3,SR-7,,37,34.50613611,-97.05638611,0,12,1,0,1,1,0,1,2,1,0,1,0,0000000,5,57,6,2,6,14,0,0,0,1,0
40,400602,1,1,0,0,0,3,3,95,0,24,12,2012,2,16,37,0,4,4,CR-OU BIO STATION RD,,0,33.88180833,-96.82183611,0,1,0,0,1,1,0,4,1,10,0,10,0,0000000,16,36,16,52,17,18,0,0,0,1,0
40,400603,1,1,0,0,0,1,1,111,0,3,12,2012,2,15,22,0,4,2,US-266,,28,35.46689444,-95.91682222,0,42,0,0,1,1,0,6,1,1,0,1,0,0000000,15,21,15,30,88,88,0,0,0,1,0
40,400604,2,2,0,0,0,4,4,93,0,25,12,2012,3,10,35,1,2,2,US-412,,1,36.39080278,-98.43892778,0,12,6,0,1,1,0,1,1,4,0,4,0,0000000,10,36,10,47,11,39,0,0,0,2,0
40,400605,2,2,0,0,0,4,4,109,3550,26,12,2012,4,19,5,0,16,6,NE 10TH ST,,0,35.4786,-97.46464167,0,5,0,0,8,1,0,1,2,1,0,1,0,0000000,19,5,19,15,19,26,14,0,0,1,0
40,400606,1,1,0,1,1,1,1,109,3550,26,12,2012,4,20,23,0,16,6,SW 59TH ST,,0,35.40621667,-97.55218611,0,8,0,0,1,1,0,1,3,10,0,10,0,0000000,88,88,88,88,88,88,0,0,0,1,0
40,400607,1,1,0,0,0,3,3,97,0,30,12,2012,1,22,58,0,4,4,CR-E590,,0,36.16172222,-95.13992778,0,42,0,0,1,1,0,4,2,10,0,10,0,0000000,22,55,23,14,0,38,0,0,0,1,1
40,400608,2,2,0,0,0,4,4,89,2370,7,9,2012,6,19,42,1,13,2,US-70,,20,33.88126111,-94.79231389,0,59,0,0,1,1,0,4,1,10,0,10,0,0000000,19,39,19,41,19,41,0,0,0,1,1
40,400609,1,1,0,1,1,1,1,143,590,7,11,2012,4,19,29,0,16,6,KENOSHA ST,,0,36.06097222,-95.77487778,0,8,0,0,1,1,0,1,3,1,0,1,0,0000000,19,30,19,32,20,5,0,0,0,1,0
40,400610,1,1,0,0,0,1,1,83,0,22,12,2012,7,11,31,1,1,1,I-35,,34,35.77457222,-97.41575833,0,1,0,0,1,1,0,4,1,1,0,1,0,0000000,11,31,11,37,88,88,0,0,0,1,0
40,400611,2,2,0,0,0,3,3,143,4780,29,12,2012,7,23,26,0,14,6,S PEORIA AVE,,0,36.07158056,-95.97578611,0,12,6,0,1,1,1,1,3,1,0,1,0,0000000,23,27,23,33,23,56,0,0,0,2,1
40,400612,1,1,0,0,0,6,6,145,0,5,12,2012,4,16,49,1,2,8,MUSKOGEE TPK,,57,36.01287222,-95.66719167,0,1,0,0,1,1,0,2,1,10,0,10,0,0000000,16,46,15,54,17,50,0,0,0,2,0
40,400613,2,2,0,1,1,5,5,131,0,28,12,2012,6,21,36,1,11,1,I-44,,64,36.23475278,-95.66978611,0,12,6,0,1,1,0,1,2,1,0,1,0,0000000,21,45,22,13,23,7,23,0,0,1,0
40,400614,1,1,0,0,0,1,1,97,0,30,12,2012,1,19,14,0,4,4,CR-523,,0,36.25956667,-95.093475,0,42,0,0,1,1,0,4,2,10,0,10,0,0000000,19,14,19,25,88,88,0,0,0,1,0
40,400615,2,2,0,0,0,6,6,41,340,30,10,2012,3,19,12,0,4,3,SR-85A,,31,36.61875833,-94.914825,0,12,2,0,1,1,0,1,6,1,0,1,0,0000000,19,25,19,56,20,35,0,0,0,1,0
40,400616,2,2,0,0,0,6,6,25,0,30,12,2012,1,8,40,1,2,2,US-64,SR-171,136,36.76271667,-102.2494972,0,12,6,0,2,2,0,1,1,10,0,10,0,0000000,8,48,9,8,9,36,0,0,0,1,0
40,400617,2,2,0,0,0,2,2,127,0,17,12,2012,2,19,51,1,2,3,SR-3,,121,34.20038056,-95.40671389,0,12,1,0,1,1,0,1,3,1,0,1,0,0000000,19,36,19,40,20,15,0,0,0,1,0
40,400619,1,1,0,0,0,1,1,109,3550,25,11,2012,1,2,46,0,16,6,N TULSA AVE,,0,35.51106389,-97.59225833,0,19,0,0,1,1,0,5,2,10,0,10,0,0000000,2,46,2,56,88,88,0,0,0,1,1
40,400620,2,2,0,0,0,5,5,109,3550,23,12,2012,1,14,37,1,11,7,I-240 FRONTAGE RD,SR-77,86,35.39079444,-97.42310833,0,12,6,1,2,2,0,1,1,10,0,10,0,0000000,14,37,14,41,15,10,0,0,0,1,0
40,400621,2,2,0,0,0,3,3,37,0,15,12,2012,7,8,37,1,13,3,SR-97,CR-W 61ST ST SOUTH,54,36.07508056,-96.11938889,0,12,6,0,2,2,0,1,1,1,0,1,0,0000000,8,38,8,45,9,31,0,0,0,1,0
40,400622,1,1,0,0,0,1,1,109,4406,1,12,2012,7,20,31,0,16,6,NE 54TH ST,N WASHINGTON BLVD,0,35.52742222,-97.32846667,0,1,0,0,3,3,0,1,2,1,0,1,0,0000000,20,29,20,42,21,36,0,0,0,1,0
40,400623,1,1,0,0,0,1,1,17,3550,16,12,2012,1,12,12,1,11,1,I-40,,346,35.46446111,-97.71849167,0,18,0,0,1,1,0,4,1,1,0,1,0,0000000,12,14,12,23,12,52,0,0,0,1,0
40,400624,2,2,0,0,0,3,3,143,1870,17,11,2012,7,14,40,1,13,2,US-75,141ST ST SOUTH,13,35.96323056,-96.011675,0,12,6,0,3,1,0,1,1,1,0,1,0,0000000,14,40,14,43,88,88,0,0,0,1,0
40,400625,2,2,0,0,0,4,4,39,0,22,12,2012,7,9,41,0,3,3,SR-54,CR-E1010,22,35.55241944,-98.72083889,0,12,6,0,2,2,0,1,1,1,0,1,0,0000000,9,40,9,44,88,88,0,0,0,1,0
40,400626,1,1,0,0,0,2,2,83,0,5,12,2012,4,2,44,0,4,4,CR-WESTERN AVE,,0,35.74026389,-97.53183333,0,35,0,0,1,1,0,4,2,1,0,1,0,0000000,2,37,2,48,88,88,0,0,0,2,1
40,400627,2,2,0,0,0,2,2,145,1150,21,11,2012,4,21,56,1,12,8,MUSKOGEE TURNPIKE OFF-RAMP,SH-51,121,35.95200278,-95.58920556,0,12,6,1,2,2,0,1,3,10,0,10,0,0000000,21,57,22,3,22,59,0,0,0,1,0
40,400628,3,3,0,0,0,4,4,31,2750,24,11,2012,7,18,42,0,13,6,NW CACHE RD,,0,34.62345833,-98.49311667,0,12,1,0,8,1,0,1,2,1,0,1,0,0000000,18,42,18,51,19,11,0,0,0,1,0
40,400629,2,2,0,0,0,2,2,31,2750,28,11,2012,4,10,6,0,14,6,SW 52ND ST,,0,34.58812778,-98.45722222,0,12,6,0,1,1,0,1,1,1,0,1,0,0000000,10,20,10,26,10,48,0,0,0,1,0
40,400630,2,2,0,0,0,7,7,147,3940,7,12,2012,6,22,12,1,2,2,US-75,CR-3350,74,36.52991389,-95.928,0,12,6,0,2,2,0,1,2,10,0,10,0,0000000,22,0,22,14,22,50,0,0,0,1,0
40,400631,2,2,0,0,0,2,2,101,0,22,12,2012,7,21,52,0,3,3,SR-16,,107,35.75386111,-95.45621944,0,12,2,0,1,1,0,1,2,1,0,1,0,0000000,21,52,21,57,22,56,0,0,0,1,1
40,400632,1,1,0,0,0,1,1,93,0,27,12,2012,5,0,15,1,2,2,US-60,CR-NO NAME,110,36.39105833,-98.24426111,0,59,0,0,3,3,0,4,2,10,0,10,0,0000000,0,21,0,27,88,88,0,0,0,1,1
40,400633,1,1,0,1,1,2,2,49,0,17,12,2012,2,22,39,0,4,4,CR-1565,,0,34.74647222,-97.37901667,0,8,0,0,1,1,0,1,2,10,0,10,0,0000000,22,44,23,33,23,58,23,0,0,1,0
40,400634,1,1,0,1,1,1,1,123,0,20,12,2012,5,5,13,0,4,4,CR-1495,,0,34.84665556,-96.58056944,0,8,0,0,1,1,0,1,2,1,0,1,0,0000000,5,18,5,32,88,88,0,0,0,1,0
40,400635,2,2,0,0,0,5,5,83,0,29,12,2012,7,19,23,0,6,4,CR-60,COUNCIL,0,36.14510278,-97.657525,0,12,6,0,2,2,0,1,2,1,0,1,0,0000000,19,17,19,49,20,30,0,0,0,1,1
40,400636,2,2,0,1,1,2,2,13,0,4,12,2012,3,18,0,1,13,2,US-70,,16,33.99763333,-96.345525,0,8,0,0,1,1,0,1,3,1,0,1,0,0000000,18,2,18,7,18,34,0,0,0,1,0
40,400637,1,1,0,0,0,4,4,1,0,15,12,2012,7,4,35,0,4,3,SR-100,,56,35.797325,-94.73121111,0,1,0,0,1,1,0,4,2,10,0,10,0,0000000,4,29,4,40,5,3,0,0,0,1,1
40,400638,1,1,0,0,0,1,1,51,960,17,11,2012,7,14,51,0,15,6,S 1 ST,,0,35.03986111,-97.93253056,0,1,0,0,1,1,0,1,1,1,0,1,0,0000000,14,51,14,55,15,14,0,0,0,1,0
40,400639,1,1,0,1,1,1,1,135,4080,8,12,2012,7,20,2,0,4,2,US-64,,150,35.40530278,-94.55023611,0,8,0,0,8,1,0,2,2,1,0,1,0,0000000,20,5,20,7,88,88,0,0,0,1,0
40,400640,2,2,0,0,0,4,4,145,1150,14,12,2012,6,10,42,1,13,3,SR-51,,87,35.966825,-95.65686389,0,12,6,0,8,1,0,1,1,10,0,10,0,0000000,11,11,11,21,12,9,0,0,0,1,0
40,400641,2,2,0,0,0,2,2,27,3430,6,12,2012,5,15,46,0,3,3,SR-9,120TH AVE SE,87,35.18934444,-97.26586944,0,12,6,0,2,3,0,1,1,1,0,1,0,0000000,15,47,15,58,88,88,0,0,0,1,0
40,400642,1,1,0,0,0,1,1,51,0,31,12,2012,2,3,53,1,1,1,I-44,,88,34.98133333,-97.98614722,0,43,0,0,1,1,0,4,2,2,0,2,0,0000000,4,24,4,32,88,88,0,0,0,1,0
40,400643,1,1,0,0,0,1,1,109,2470,1,12,2012,7,16,55,0,15,6,NE 63RD ST,,0,35.53668611,-97.26685,0,42,0,0,1,1,0,4,1,1,0,1,0,0000000,16,57,17,2,88,88,0,0,0,1,1
40,400644,6,6,0,0,0,6,6,27,3430,11,12,2012,3,6,55,0,13,2,US-77,,0,35.26834167,-97.47898333,0,12,2,0,1,1,0,1,3,1,0,1,0,0000000,6,55,7,1,7,26,0,0,0,2,0
40,400646,1,1,0,0,0,2,2,31,2750,10,12,2012,2,22,27,0,16,6,SW 7TH ST,,0,34.608175,-98.39846667,0,33,0,0,1,1,0,4,3,1,0,1,0,0000000,22,29,22,33,88,88,0,0,0,2,1
40,400647,2,2,0,0,0,2,2,137,4847,8,12,2012,7,20,0,1,2,3,SR-7,PERDUE ST,183,34.44901111,-97.66906111,0,12,2,0,3,2,0,1,2,1,0,1,0,0000000,20,12,20,22,21,2,0,0,0,1,1
40,400648,2,2,0,0,0,3,3,37,4190,17,12,2012,2,10,47,0,3,3,SR-117,,31,35.98840833,-96.05861389,0,12,6,0,1,1,0,1,1,1,0,1,0,0000000,10,53,11,0,11,27,0,0,0,1,0
40,400649,1,1,0,0,0,1,1,109,3550,11,12,2012,3,6,0,0,14,6,N MARTIN LUTHER KING BLVD,,0,35.48596389,-97.47669167,0,33,0,0,1,1,0,4,2,1,0,1,0,0000000,6,3,6,7,88,88,20,0,0,1,1
40,400650,1,1,0,0,0,1,1,113,0,7,12,2012,6,7,42,1,2,2,US-60,,20,36.68054722,-97.03197778,0,42,0,0,1,1,0,4,1,10,0,10,0,0000000,7,48,8,37,9,20,0,0,0,1,0
40,400651,2,2,0,0,0,6,6,109,3550,10,8,2012,6,1,2,1,11,1,I-35 ONRAMP,,61,35.46216944,-97.48795556,0,12,6,1,5,1,0,1,2,1,0,1,0,0000000,1,39,1,41,88,88,0,0,0,5,0
40,400652,1,1,0,0,0,2,2,125,2950,20,12,2012,5,18,30,1,1,1,I-40,,21,35.38382222,-97.10545556,0,20,0,0,1,1,0,4,2,1,0,1,0,0000000,19,16,19,45,20,14,0,0,0,1,0
40,400653,2,2,0,0,0,2,2,27,3430,21,11,2012,4,16,5,0,3,3,SR-9,,102,35.19768333,-97.24331667,0,12,2,0,1,1,0,1,1,1,0,1,0,0000000,16,6,16,20,16,49,0,0,0,1,0
40,400655,5,5,0,0,0,10,10,19,1352,28,9,2012,6,21,32,0,3,3,SR-199,,70,34.18721111,-97.03513333,0,12,7,0,1,1,4,1,2,2,0,2,0,0000000,21,38,21,48,23,1,14,0,0,1,0
41,410001,2,2,0,0,0,2,2,39,0,2,1,2012,2,20,27,0,3,4,CR-RIVER RD,CR-BROWNS LANDING RD,0,44.20094444,-123.171875,0,12,2,0,2,3,0,1,2,10,0,10,0,0000000,20,27,99,97,99,97,0,0,0,2,1
41,410002,1,1,0,1,1,2,2,51,1650,6,1,2012,6,19,44,0,13,3,SR-43 (ODOT 3),SW PENDLETON ST,15,45.48111667,-122.6733972,0,8,0,0,3,2,0,1,3,10,2,2,0,0000000,19,44,19,47,20,6,0,0,0,1,0
41,410003,2,2,0,0,0,3,3,51,1650,12,1,2012,5,22,59,1,13,3,SR-99 (ODOT 81),,39,45.47268056,-122.6400833,0,12,1,0,1,1,0,1,3,1,0,1,0,0000000,23,1,23,7,23,29,0,0,0,1,1
41,410004,2,2,0,0,0,6,6,39,0,15,1,2012,1,17,47,1,2,3,SR-126 (ODOT 62),,419,44.06760833,-123.4586528,0,12,6,0,1,1,0,1,2,10,0,10,0,0000000,17,47,18,21,19,18,0,0,0,1,0