STATE,ST_CASE,VE_TOTAL,VE_FORMS,PVH_INVL,PEDS,PERNOTMVIT,PERMVIT,PERSONS,COUNTY,CITY,DAY,MONTH,YEAR,DAY_WEEK,HOUR,MINUTE,NHS,ROAD_FNC,ROUTE,TWAY_ID,TWAY_ID2,MILEPT,LATITUDE,LONGITUD,SP_JUR,HARM_EV,MAN_COLL,RELJCT1,RELJCT2,TYP_INT,WRK_ZONE,REL_ROAD,LGT_COND,WEATHER1,WEATHER2,WEATHER,SCH_BUS,RAIL,NOT_HOUR,NOT_MIN,ARR_HOUR,ARR_MIN,HOSP_HR,HOSP_MN,CF1,CF2,CF3,FATALS,DRUNK_DR
41,410006,2,2,0,0,0,3,3,27,0,6,1,2012,6,12,4,1,2,3,SR-35 (ODOT 26),,781,45.46926667,-121.5626472,0,12,6,0,1,1,0,1,1,1,0,1,0,0000000,12,4,12,14,12,52,0,0,0,2,2
41,410007,1,1,0,1,1,1,1,29,1770,19,1,2012,5,9,58,0,4,6,E MAIN ST,PIONEER CT,0,42.43275278,-123.1634889,0,8,0,0,3,3,0,1,1,10,2,2,0,0000000,9,58,10,1,88,88,0,0,0,1,0
41,410008,1,1,0,1,1,1,1,53,0,27,1,2012,6,10,49,0,4,4,CR-HOPEWELL RD NW,,13,45.05774722,-123.09005,0,9,0,0,1,1,0,1,1,1,0,1,0,0000000,10,50,11,6,88,88,0,0,0,1,0
41,410009,1,1,0,1,1,1,1,51,1650,28,1,2012,7,18,59,0,15,6,SE FOSTER RD,SE 70TH AVE,0,45.48736667,-122.5912722,0,8,0,0,3,2,0,1,2,10,0,10,0,0000000,18,59,19,2,99,99,0,0,0,1,0
41,410010,2,2,0,0,0,12,12,47,0,1,1,2012,1,3,0,0,3,3,SR-99E (ODOT 81),,443,45.00684444,-122.9757556,0,12,2,0,1,1,0,1,2,10,0,10,0,0000000,3,0,3,2,99,99,0,0,0,2,1
41,410011,1,1,0,0,0,1,1,33,0,3,1,2012,3,99,99,0,5,4,CR-GALICE RD,,120,42.650625,-123.5849111,0,42,0,0,1,1,0,4,9,99,0,99,0,0000000,9,42,10,10,88,88,0,0,0,1,0
41,410012,1,1,0,0,0,3,3,31,0,6,1,2012,6,21,36,1,2,2,US-26 (ODOT 53),,1129,44.70799167,-121.1778528,0,1,0,0,1,1,0,4,3,5,0,5,0,0000000,21,36,22,24,22,59,0,0,0,1,1
41,410013,3,3,0,0,0,8,8,67,180,8,1,2012,1,19,48,0,13,3,SR-8 (ODOT 29),,13,45.49855833,-122.7616611,0,12,2,0,1,1,0,1,2,10,5,5,0,0000000,19,48,19,53,20,36,0,0,0,1,1
41,410014,1,1,0,1,1,3,3,39,0,12,1,2012,5,14,52,1,2,3,SR-126 (ODOT 15),,143,44.07569167,-122.77945,0,8,0,0,1,1,0,1,1,10,0,10,0,0000000,14,52,14,57,99,99,0,0,0,1,0
41,410015,1,1,0,1,1,3,3,39,0,21,1,2012,7,21,44,1,1,1,I-5,,1766,43.82846389,-123.031725,0,9,0,0,1,1,0,1,2,10,0,10,0,0000000,21,44,21,50,88,88,0,0,0,1,0
41,410016,1,1,0,1,1,1,1,41,1225,22,1,2012,1,18,40,1,13,2,US-101 (ODOT 9),,1134,44.98670833,-124.0062194,0,8,0,0,1,1,0,1,3,2,0,2,0,0000000,18,40,18,44,19,5,0,0,0,1,0
41,410017,1,1,0,0,0,1,1,1,0,24,1,2012,3,12,30,1,1,1,I-84,,2951,44.91278889,-117.8195417,0,59,0,0,1,1,0,8,1,4,11,4,0,0000000,12,34,12,51,88,88,0,0,0,1,0
41,410018,1,1,0,1,1,1,1,47,1030,25,1,2012,4,16,16,0,3,3,SR-99E (ODOT 81),D ST,293,45.18126389,-122.8048444,0,8,0,0,3,1,0,1,1,10,0,10,0,0000000,16,16,16,19,17,15,0,0,0,1,0
41,410019,1,1,0,0,0,1,1,33,0,31,1,2012,3,0,33,1,2,2,US-199 (ODOT 25),,148,42.343725,-123.5680833,0,42,0,0,1,1,0,4,2,10,0,10,0,0000000,0,33,0,43,88,88,0,0,0,1,0
41,410020,1,1,0,0,0,3,3,53,1810,29,1,2012,1,1,3,0,14,6,ORCHARD HEIGHTS RD,,0,44.96048333,-123.0810417,0,42,0,0,1,1,0,4,3,10,0,10,0,0000000,1,3,1,8,1,34,0,0,0,1,1
41,410021,1,1,0,1,1,1,1,67,2065,1,2,2012,4,20,43,0,13,6,SW SCHOLLS FERRY RD,,0,45.44379722,-122.8043861,0,8,0,0,1,1,0,1,2,10,0,10,0,0000000,20,44,20,50,21,16,0,0,0,1,0
41,410022,1,1,0,0,0,3,3,33,0,4,2,2012,7,22,55,0,3,3,SR-238 (ODOT 272),,75,42.34223333,-123.3154278,0,35,0,0,1,1,0,4,2,1,0,1,0,0000000,22,55,23,3,23,26,0,0,0,1,1
41,410023,3,3,0,0,0,6,6,17,1720,6,2,2012,2,7,4,1,13,2,US-97 (ODOT 4),,1196,44.29663889,-121.1664528,0,12,6,0,1,1,0,1,4,5,0,5,0,0000000,7,6,7,13,7,31,0,0,0,2,0
41,410024,1,1,0,0,0,1,1,71,0,10,2,2012,6,23,30,0,3,3,SR-47 (ODOT 29),,275,45.41678333,-123.1338361,0,30,0,0,1,1,0,4,2,1,0,1,0,0000000,23,32,23,41,88,88,0,0,0,1,0
41,410025,1,1,0,0,0,1,1,3,0,11,2,2012,7,0,22,0,3,3,SR-34 (ODOT 27),,558,44.51503056,-123.4298167,0,1,0,0,1,1,0,1,2,5,0,5,0,0000000,0,23,0,32,99,99,0,0,0,1,1
41,410026,1,1,0,1,1,1,1,7,80,13,2,2012,2,10,28,1,14,2,US-30 (ODOT 92),12TH AVE,982,46.18901944,-123.8301861,0,8,0,0,3,2,0,1,1,1,0,1,0,0000000,10,30,10,33,10,45,0,0,0,1,0
41,410027,2,2,0,0,0,3,3,35,0,14,2,2012,3,19,5,1,2,2,US-97 (ODOT 4),,2906,42.017875,-121.8832472,0,12,2,0,1,1,0,1,2,10,0,10,0,0000000,19,5,19,24,19,59,0,0,0,1,0
41,410028,2,2,0,0,0,2,2,39,0,9,2,2012,5,17,30,0,3,3,SR-99W (ODOT 91),,1144,44.14812778,-123.2004722,0,12,2,0,1,1,0,1,5,10,0,10,0,0000000,5,32,5,35,99,99,0,0,0,1,0
41,410029,2,2,0,0,0,4,4,35,0,14,2,2012,3,17,30,1,2,2,US-97 (ODOT 4),,1864,43.44958333,-121.7054194,0,12,6,0,1,1,0,1,1,10,0,10,0,0000000,17,33,17,43,19,24,0,0,0,2,1
41,410030,1,1,0,0,0,1,1,29,0,16,2,2012,5,8,1,0,6,4,CR-BIGHAM BROWN RD,,9,42.43980833,-122.8019361,0,42,0,0,1,1,0,5,1,1,0,1,0,0000000,8,1,8,7,8,40,0,0,0,1,1
41,410031,1,1,0,1,1,1,1,17,1205,16,2,2012,5,19,25,1,2,2,US-97 (ODOT 4),,1666,43.68706944,-121.4900389,0,8,0,0,1,1,0,1,2,1,0,1,0,0000000,19,26,19,33,88,88,0,0,0,1,0
41,410032,1,1,0,0,0,1,1,39,0,18,2,2012,7,5,35,1,1,1,I-5,,1811,43.89191944,-123.0143361,0,1,0,0,1,1,0,4,2,3,0,3,0,0000000,5,35,5,42,88,88,0,0,0,1,0
41,410033,1,1,0,0,0,1,1,47,0,26,2,2012,1,21,2,0,4,4,CR-WHISKEY HILL RD,,11,45.18018056,-122.7573333,0,35,0,0,1,1,0,4,2,10,0,10,0,0000000,21,2,21,14,88,88,0,0,0,1,1
41,410034,1,1,0,0,0,1,1,59,0,27,2,2012,2,6,50,1,2,3,SR-11 (ODOT 8),,338,45.97938333,-118.3872917,0,1,0,0,1,1,0,5,1,4,0,4,0,0000000,6,54,6,56,88,88,0,0,0,1,0
41,410035,1,1,0,1,1,1,1,51,880,8,2,2012,4,18,8,0,13,6,NE DIVISION ST,NE LINDEN AVE,0,45.50498056,-122.4236167,0,15,0,0,3,2,0,1,2,10,0,10,0,0000000,18,8,18,12,18,45,0,0,0,1,0
41,410036,1,1,0,0,0,1,1,71,0,28,2,2012,3,99,99,0,3,3,SR-47 (ODOT 29),,305,45.40216111,-123.1241306,0,5,0,0,1,1,0,4,2,99,0,99,0,0000000,7,31,7,47,88,88,0,0,0,1,0
41,410038,1,1,0,1,1,2,2,47,1810,29,2,2012,4,18,48,0,14,6,RIVER RD S,,0,44.908925,-123.0764694,0,8,0,0,1,1,0,1,2,2,0,2,0,0000000,18,49,18,55,19,8,0,0,0,1,0
41,410039,2,1,1,1,3,1,3,61,0,28,2,2012,3,13,38,0,4,4,CR-PALMER JCT RD,,30,45.60706389,-117.9167083,0,8,0,0,1,1,2,1,1,10,0,10,0,0000000,13,38,13,54,14,25,0,0,0,1,0
41,410040,1,1,0,1,1,1,1,51,1650,29,2,2012,4,12,5,0,14,6,E BURNSIDE ST,,0,45.52288056,-122.6435583,0,8,0,0,1,1,0,1,1,4,0,4,0,0000000,12,11,12,16,12,39,0,0,0,1,0
41,410041,1,1,0,0,0,1,1,53,0,1,3,2012,5,5,55,1,2,3,SR-22W (ODOT 30),,120,44.96426944,-123.2918028,0,1,0,0,1,1,0,5,2,4,0,4,0,0000000,7,6,7,11,88,88,0,0,0,1,0
41,410042,1,1,0,1,1,1,1,9,2178,6,3,2012,3,22,55,1,2,2,US-30 (ODOT 92),,231,45.78928889,-122.8706083,0,8,0,0,1,1,0,1,2,1,0,1,0,0000000,22,58,23,3,88,88,0,0,0,1,0
41,410043,1,1,0,1,1,1,1,3,0,9,3,2012,6,18,48,0,4,4,CR-FERN RD,,22,44.518225,-123.3670528,0,8,0,0,1,1,0,1,2,10,0,10,0,0000000,18,49,18,56,88,88,0,0,0,1,0
41,410044,1,1,0,0,0,3,3,59,0,10,3,2012,7,22,53,1,2,2,US-395 (ODOT 28),,42,45.63022222,-118.8124917,0,11,0,0,1,1,0,1,2,10,0,10,0,0000000,22,55,22,59,88,88,0,0,0,1,0
41,410045,1,1,0,0,0,4,4,51,1650,12,3,2012,2,16,16,0,14,6,NE 162ND AVE,,0,45.54615,-122.4958361,0,42,0,0,1,1,0,4,1,2,0,2,0,0000000,16,16,16,32,17,13,0,0,0,2,1
41,410046,1,1,0,1,1,1,1,51,1650,16,3,2012,6,2,42,0,13,2,US-26 (ODOT 26),SE CESAR CHAVEZ BLVD,29,45.497325,-122.6226472,0,8,0,0,3,2,0,1,3,2,0,2,0,0000000,2,46,2,49,3,7,0,0,0,1,1
41,410047,2,2,0,0,0,3,3,53,0,17,3,2012,7,12,25,1,2,3,SR-22 (ODOT 30),,86,44.99371667,-123.3486944,0,12,2,0,1,1,0,1,1,3,0,3,0,0000000,12,25,12,32,13,20,0,0,0,1,0
41,410048,2,2,0,0,0,3,3,17,0,17,3,2012,7,18,45,1,2,2,US-20 (ODOT 17),,92,44.18513889,-121.3849083,0,12,2,0,1,1,0,1,1,1,0,1,0,0000000,18,45,18,59,99,99,0,0,0,2,2
41,410049,2,2,0,0,0,2,2,5,485,23,3,2012,6,8,15,0,14,6,SE FOSTER RD,,0,45.42287778,-122.4589139,0,12,2,0,1,1,0,1,1,1,0,1,0,0000000,8,15,8,20,99,99,0,0,0,1,0
41,410050,2,2,0,0,0,2,2,39,0,30,3,2012,6,12,0,1,2,3,SR-58 (ODOT 18),,597,43.59268611,-122.0245639,0,12,2,0,1,1,0,1,1,4,0,4,0,0000000,12,0,12,31,88,88,0,0,0,1,0
41,410051,1,1,0,1,1,2,2,51,670,26,1,2012,5,19,36,0,15,6,W ARATA RD,WOOD VILLAGE BLVD,0,45.53426667,-122.4278917,0,8,0,0,2,3,0,1,3,1,0,1,0,0000000,19,36,19,40,88,88,0,0,0,1,0
41,410052,2,2,0,0,0,2,2,19,0,29,2,2012,4,9,40,1,2,2,US-101 (ODOT 9),,2061,43.77038056,-124.1382444,0,12,6,0,1,1,0,1,1,3,0,3,0,0000000,9,46,9,48,88,88,0,0,0,1,0
41,410053,1,1,0,1,1,2,2,51,1650,31,3,2012,7,23,19,0,14,6,W BURNSIDE ST,NW MAYWOOD DR,0,45.523875,-122.7074944,0,8,0,0,2,3,0,1,3,2,0,2,0,0000000,23,19,23,24,88,88,0,0,0,1,1
41,410054,3,3,0,0,0,5,5,39,660,7,3,2012,4,0,34,0,13,6,W 11TH AVE,BERTELSEN RD,0,44.04798889,-123.1624389,0,12,6,0,2,2,0,1,3,1,0,1,0,0000000,0,34,0,38,1,9,20,0,0,2,0
41,410055,2,2,0,0,0,2,2,67,0,4,1,2012,4,7,7,1,2,2,US-26 (ODOT 47),,502,45.62630556,-123.0873306,0,12,2,0,1,1,0,1,2,5,0,5,0,0000000,7,10,7,19,8,14,0,0,0,1,0
41,410056,2,2,0,0,0,3,3,39,0,3,4,2012,3,14,40,1,2,3,SR-126 (ODOT 15),,372,44.12368611,-122.3858528,0,12,6,0,8,1,0,1,1,1,0,1,0,0000000,14,40,14,55,88,88,0,0,0,1,0
41,410057,1,1,0,1,1,4,4,67,180,8,4,2012,1,0,51,1,12,2,US-26 (ODOT 47),,698,45.50743056,-122.7745611,0,8,0,0,1,1,0,1,3,1,0,1,0,0000000,0,55,0,58,88,88,0,0,0,1,0
41,410058,1,1,0,1,1,3,3,43,0,17,2,2012,6,20,13,0,13,2,US-20 (ODOT 16),,13,44.62981111,-123.0588417,0,8,0,0,1,1,0,1,2,2,0,2,0,0000000,20,13,20,19,88,88,0,0,0,1,0
41,410059,2,2,0,0,0,3,3,5,0,5,2,2012,1,18,25,0,3,3,SR-21 (ODOT 161),CR-CANBY-MARQUAM HWY,76,45.15098889,-122.6813778,0,12,6,0,2,3,0,1,2,1,0,1,0,0000000,18,28,18,38,88,88,0,0,0,2,0
41,410060,1,1,0,0,0,1,1,47,1810,7,3,2012,4,15,17,0,13,6,LANCASTER DR NE,WOLVERINE ST NE,0,44.95828056,-122.9836056,0,1,0,0,2,3,0,1,1,1,0,1,0,0000000,15,17,15,22,15,58,0,0,0,1,0
41,410061,2,2,0,0,0,3,3,59,0,7,4,2012,7,10,56,0,4,6,S EDWARDS RD,E COE RD,0,45.78055833,-119.2050111,0,12,6,0,2,2,0,1,1,1,0,1,0,0000000,10,57,11,5,11,38,0,0,0,1,0
41,410062,2,2,0,0,0,2,2,39,0,8,4,2012,1,3,0,0,4,3,SR-99S (ODOT 226),,125,43.82322778,-123.0457944,0,12,2,0,1,1,0,1,2,1,0,1,0,0000000,3,10,3,20,3,57,0,0,0,1,1
41,410063,2,2,0,0,0,2,2,29,320,8,4,2012,1,11,2,0,15,6,BEEBE RD,,0,42.382825,-122.8997639,0,12,6,0,1,1,0,1,1,1,0,1,0,0000000,11,3,11,9,88,88,0,0,0,1,0
41,410064,1,1,0,0,0,1,1,7,0,15,4,2012,1,11,28,0,4,3,SR-202 (ODOT 102),,296,45.93528056,-123.4992889,0,30,0,0,1,1,0,4,1,10,0,10,0,0000000,11,30,11,39,88,88,0,0,0,1,0
41,410065,2,2,0,0,0,2,2,47,0,17,4,2012,3,12,59,0,2,4,CR-YERGEN RD NE,,24,45.22786944,-122.8645917,0,53,0,0,1,1,0,4,1,1,0,1,0,0000000,12,59,13,8,88,88,0,0,0,1,0
41,410066,1,1,0,0,0,2,2,57,0,17,4,2012,3,17,2,0,3,3,SR-6 (ODOT 37),,62,45.47343611,-123.7313472,0,1,0,0,1,1,0,5,1,10,0,10,0,0000000,17,10,17,17,18,16,0,0,0,1,0
41,410067,2,2,0,0,0,3,3,45,0,22,4,2012,1,15,35,1,2,2,US-26 (ODOT 5),,2485,44.42173889,-118.115425,0,12,2,0,1,1,0,1,1,1,0,1,0,0000000,15,49,16,16,88,88,0,0,0,3,1
41,410068,1,1,0,1,1,1,1,5,1580,25,4,2012,4,22,10,0,14,6,BEAVERCREEK RD,,0,45.33346944,-122.5966639,0,8,0,0,1,1,0,1,2,2,0,2,0,0000000,22,17,22,23,22,54,0,0,0,1,0
41,410069,1,1,0,0,0,1,1,39,0,28,4,2012,7,20,32,0,5,4,CR-DORSEY LN,,5,44.19576389,-123.2396944,0,34,0,0,1,1,0,5,5,1,0,1,0,0000000,20,33,20,38,88,88,0,0,0,1,1
41,410070,2,2,0,0,0,2,2,7,0,2,5,2012,4,5,25,1,2,2,US-101 (ODOT 9),,20,46.21956944,-123.8640806,0,12,2,0,1,1,0,1,4,10,0,10,0,0000000,5,25,5,32,6,38,0,0,0,1,0
41,410071,1,1,0,0,0,1,1,29,1770,2,5,2012,4,3,20,0,4,6,FOOTHILL BLVD,,0,42.435375,-123.1806806,0,42,0,0,1,1,0,4,2,1,0,1,0,0000000,3,21,3,30,88,88,0,0,0,1,1
41,410072,1,1,0,0,0,3,3,29,0,7,5,2012,2,16,0,0,6,4,CR-RESERVOIR RD,,4,42.31552778,-122.9843083,0,35,0,0,1,1,0,4,1,98,0,98,0,0000000,16,3,16,6,99,99,22,0,0,1,1
41,410074,2,2,0,0,0,2,2,45,0,9,5,2012,4,23,31,0,3,3,SR-201 (ODOT 455),,225,44.08701667,-116.9792361,0,12,6,0,1,1,0,1,2,1,0,1,0,0000000,23,31,23,40,88,88,0,0,0,1,0
41,410075,1,1,0,0,0,1,1,9,0,10,5,2012,5,14,35,0,4,3,SR-47 (ODOT 102),,658,45.83454167,-123.2256056,0,42,0,0,1,1,0,4,1,1,0,1,0,0000000,14,35,14,42,88,88,0,0,0,1,0
41,410076,1,1,0,1,1,1,1,53,0,31,3,2012,7,11,22,0,2,3,SR-99 (ODOT 91),,627,44.86309444,-123.2291278,0,9,0,0,1,1,0,1,1,1,0,1,0,0000000,11,24,11,29,88,88,0,0,0,1,0
41,410077,2,2,0,0,0,2,2,39,660,20,4,2012,6,13,25,0,14,6,M L KING JR BLVD,,0,44.05958333,-123.0632444,0,12,2,0,1,1,0,1,1,1,0,1,0,0000000,13,31,13,37,13,52,0,0,0,1,0
41,410078,1,1,0,0,0,2,2,37,0,4,5,2012,6,13,53,0,3,3,SR-3 (ODOT 19),,1071,42.60674444,-120.4182833,0,1,0,0,1,1,0,1,1,10,0,10,0,0000000,13,56,14,8,15,0,0,0,0,1,0
41,410079,1,1,0,0,0,2,2,29,0,5,5,2012,7,10,55,0,5,4,CR-N RIVER RD,,0,42.42831389,-123.1136611,0,5,0,0,1,1,0,4,1,1,0,1,0,0000000,10,55,11,5,11,46,0,0,0,1,0
41,410080,1,1,0,0,0,4,4,67,0,13,5,2012,1,17,42,0,6,4,CR-NW BACONA RD,,0,45.76128889,-123.1315944,0,35,0,0,1,1,0,4,1,1,0,1,0,0000000,17,43,18,19,19,19,0,0,0,1,0
41,410081,2,2,0,0,0,2,2,5,485,14,5,2012,2,15,55,0,15,6,SE TILLSTROM RD,,0,45.44230833,-122.4544694,0,12,2,0,1,1,0,1,1,1,0,1,0,0000000,15,55,16,0,88,88,0,0,0,1,1
41,410082,1,1,0,1,1,1,1,19,0,11,4,2012,4,23,15,0,4,4,CR-S OLD PACIFIC HWY,,8,42.97445,-123.3288972,0,8,0,0,1,1,0,1,2,10,0,10,0,0000000,23,16,23,20,99,99,0,0,0,1,0
41,410083,1,1,0,0,0,1,1,57,0,13,4,2012,6,18,40,1,2,2,US-101 (ODOT 9),,532,45.56888056,-123.9420194,0,1,0,0,1,1,0,4,1,10,0,10,0,0000000,18,44,19,20,99,99,0,0,0,1,1
41,410084,3,1,2,0,0,2,2,51,1650,16,5,2012,4,1,56,0,14,6,E BURNSIDE ST,NE 148TH AVE,0,45.52239167,-122.5106806,0,30,0,0,3,2,0,5,3,1,0,1,0,0000000,1,57,2,0,2,41,0,0,0,1,1
41,410085,1,1,0,1,1,2,2,51,1650,16,5,2012,4,20,32,0,15,6,SW MADISON ST,SW 3RD AVE,0,45.51491667,-122.6773722,0,9,0,0,2,2,0,1,5,1,0,1,0,0000000,20,32,20,36,20,54,0,0,0,1,0
41,410086,1,1,0,0,0,1,1,47,0,19,5,2012,7,0,0,1,1,1,I-5,,2650,45.07608056,-122.9567,0,42,0,0,1,1,0,4,2,1,0,1,0,0000000,0,0,0,7,88,88,0,0,0,1,0
41,410087,1,1,0,1,1,4,4,53,0,19,5,2012,7,14,25,1,2,3,SR-18 (ODOT 39),,240,45.060925,-123.5565639,0,9,0,0,1,1,0,1,1,10,0,10,0,0000000,14,26,14,30,15,20,0,0,0,1,0
41,410088,2,2,0,0,0,3,3,67,0,19,5,2012,7,15,27,0,4,4,CR-SW LAURELWOOD RD,,0,45.42041111,-123.0650833,0,1,0,0,1,1,0,1,1,10,0,10,0,0000000,15,28,15,37,88,88,0,0,0,1,0
41,410089,1,1,0,0,0,1,1,59,0,19,5,2012,7,2,29,0,4,3,SR-37 (OODT 36),,250,45.73596111,-118.8076278,0,35,0,0,1,1,0,4,2,1,0,1,0,0000000,2,29,2,38,88,88,0,0,0,1,1
41,410090,2,2,0,0,0,4,4,67,1000,23,5,2012,4,7,50,1,13,3,SR-8 (ODOT 29),,93,45.49966111,-122.9232861,0,12,6,0,1,1,0,1,1,1,0,1,0,0000000,7,58,8,11,8,28,0,0,0,1,0
41,410091,2,2,0,0,0,2,2,55,0,24,5,2012,5,9,0,1,2,2,US-97 (ODOT 42),MUD HOLLOW RD,73,45.64736389,-120.8085944,0,12,2,0,2,3,0,1,1,1,0,1,0,0000000,9,3,9,43,10,27,0,0,0,1,0
41,410092,1,1,0,1,1,3,3,17,0,26,5,2012,7,0,1,1,13,2,US-97 (ODOT 4),,1653,43.70586667,-121.4758139,0,8,0,0,1,1,0,1,2,10,0,10,0,0000000,0,4,0,10,88,88,0,0,0,1,0
41,410093,1,1,0,1,1,1,1,39,0,26,5,2012,7,23,2,0,3,4,CR-30TH AVE,,10,44.01694167,-123.0512389,0,9,0,0,1,1,0,1,2,1,0,1,0,0000000,23,4,23,10,23,32,0,0,0,1,0
41,410094,3,3,0,0,0,3,3,1,0,28,5,2012,2,12,27,0,3,3,SR-7 (ODOT 71),,400,44.65058056,-117.9041722,0,12,2,0,1,1,0,1,1,10,0,10,0,0000000,12,28,12,45,99,99,0,0,0,1,0
41,410095,1,1,0,1,1,1,1,5,0,10,4,2012,3,22,53,1,13,3,SR-224 (ODOT 171),,51,45.40743333,-122.5672167,0,8,0,0,1,1,0,1,2,10,0,10,0,0000000,22,53,22,57,23,22,0,0,0,1,0
41,410096,1,1,0,0,0,1,1,51,1650,31,5,2012,5,19,33,1,13,6,N COLUMBIA BLVD,,0,45.58921667,-122.6986306,0,42,0,0,1,1,0,4,8,1,0,1,0,0000000,19,33,19,35,88,88,0,0,0,1,1
41,410097,2,2,0,0,0,7,7,59,0,29,5,2012,3,15,55,0,6,4,CR-N CAYUSE RD,,55,45.68841111,-118.5809806,3,12,2,0,1,1,0,1,1,1,0,1,0,0000000,16,3,16,15,99,99,0,0,0,5,0
41,410098,1,1,0,0,0,3,3,7,80,2,6,2012,7,0,10,1,13,2,US-30 (ODOT 92),,989,46.19058889,-123.8460889,0,30,0,0,1,1,0,4,3,10,0,10,0,0000000,0,10,0,15,88,88,0,0,0,1,1
41,410099,1,1,0,0,0,3,3,17,0,4,6,2012,2,2,10,1,2,2,US-97 (ODOT 4),,1320,44.13621111,-121.2759417,0,35,0,0,1,1,0,4,2,2,0,2,0,0000000,2,12,2,15,2,43,0,0,0,1,0
41,410100,1,1,0,1,1,1,1,7,1870,6,6,2012,4,9,35,1,13,2,US-101 (ODOT 9),BROADWAY ST,211,45.9931,-123.9205778,0,8,0,0,3,2,0,1,1,10,0,10,0,0000000,9,36,9,40,10,6,0,0,0,1,0
41,410101,1,1,0,0,0,1,1,33,0,6,6,2012,4,0,30,0,6,4,CR-DICK GEORGE RD,,8,42.11461111,-123.5771833,0,1,0,0,1,1,0,4,2,10,0,10,0,0000000,5,30,6,0,99,99,0,0,0,1,1
41,410102,1,1,0,1,1,1,1,39,0,6,6,2012,4,22,11,0,3,4,CR-30TH AVE,,18,44.01467222,-123.0418083,0,8,0,0,1,1,0,2,3,10,0,10,0,0000000,10,13,10,17,99,99,0,0,0,1,0
41,410104,1,1,0,1,1,1,1,51,1650,10,6,2012,1,21,28,0,13,3,SR-213 (ODOT 68),,46,45.49908611,-122.5787278,0,8,0,0,1,1,0,1,3,1,0,1,0,0000000,21,28,21,33,88,88,0,0,0,1,0
41,410105,2,2,0,0,0,2,2,51,1650,11,6,2012,2,8,15,1,13,6,N COLUMBIA BLVD,N PENINSULA AVE,0,45.58878056,-122.69715,0,12,2,0,2,2,0,1,1,1,0,1,0,0000000,8,16,8,21,8,53,0,0,0,1,1
41,410106,2,2,0,0,0,2,2,7,0,14,6,2012,5,9,10,1,2,2,US-30 (ODOT 92),,850,46.16451389,-123.6383444,0,12,2,0,1,1,0,1,1,10,0,10,0,0000000,9,11,9,20,9,54,0,0,0,1,0
41,410107,1,1,0,0,0,1,1,67,180,15,6,2012,6,21,25,0,14,6,SW 170TH AVE,SR-8 (ODOT 29),0,45.49226944,-122.8518444,0,33,0,0,3,2,0,3,3,1,0,1,0,0000000,21,26,21,30,22,10,0,0,0,1,1
41,410108,1,1,0,0,0,1,1,51,1650,15,6,2012,6,5,14,0,13,2,US-30BY (ODOT 123),NE BRYANT ST,75,45.57298889,-122.6332167,0,33,0,0,3,3,0,4,4,1,0,1,0,0000000,5,14,5,19,6,2,0,0,0,1,1
41,410109,1,1,0,0,0,1,1,35,0,21,6,2012,5,8,52,1,2,2,US-97 (ODOT 4),,2704,42.27981389,-121.8129889,0,43,0,0,1,1,0,4,1,1,0,1,0,0000000,8,52,9,0,88,88,0,0,0,1,0
41,410110,1,1,0,1,1,1,1,43,2030,21,6,2012,5,15,23,1,13,2,US-20 (ODOT 16),,300,44.40635556,-122.67835,0,15,0,0,1,1,0,1,1,1,0,1,0,0000000,15,23,15,26,88,88,0,0,0,1,0
41,410111,1,1,0,0,0,4,4,57,0,21,6,2012,5,21,2,0,6,4,CR-CEDAR BUTTE RD,,5,45.546575,-123.6095917,0,1,0,0,1,1,0,5,1,1,0,1,0,0000000,21,54,22,49,23,7,0,0,0,1,1
41,410112,2,2,0,0,0,2,2,57,0,22,6,2012,6,19,36,1,2,2,US-101 (ODOT 9),MINNEHAHA ST,519,45.59748056,-123.9465444,0,12,6,0,2,2,0,1,5,2,0,2,0,0000000,19,37,19,44,99,99,0,0,0,1,0
41,410113,3,3,0,0,0,3,3,51,1650,22,6,2012,6,17,38,0,14,6,NE LOMBARD ST,,0,45.57027778,-122.6193917,0,12,2,0,1,1,0,1,1,2,0,2,0,0000000,17,39,17,54,18,9,0,0,0,1,0
41,410114,3,3,0,0,0,4,4,19,1780,22,6,2012,6,14,56,0,14,6,STEWART PARKWAY,MERCY DR,0,43.23983889,-123.3670167,0,12,6,0,2,3,0,1,1,2,0,2,0,0000000,14,56,14,57,15,22,0,0,0,1,0
41,410115,1,1,0,0,0,1,1,47,1810,24,6,2012,1,1,59,0,15,6,CROISAN CREEK RD S,,0,44.90034722,-123.0733611,0,42,0,0,1,1,0,4,2,10,0,10,0,0000000,1,59,2,6,2,27,0,0,0,1,1
41,410116,2,2,0,0,0,2,2,71,0,24,6,2012,1,15,13,1,2,3,SR-18 (ODOT 39),,356,45.10327222,-123.3370611,0,12,6,0,1,1,0,1,1,10,0,10,0,0000000,15,14,15,19,88,88,0,0,0,1,0
41,410117,2,2,0,0,0,3,3,19,0,25,6,2012,2,7,48,1,2,3,SR-38 (ODOT 45),,249,43.66743056,-123.6972778,0,12,2,0,1,1,0,1,1,98,0,98,0,0000000,7,48,8,1,99,99,0,0,0,1,0
41,410118,2,2,0,0,0,4,4,3,0,25,6,2012,2,9,43,0,4,3,SR-200 (ODOT 200),,20,44.28533056,-123.2954056,0,12,2,0,1,1,0,1,1,2,0,2,0,0000000,9,43,9,52,99,99,0,0,0,1,0
41,410121,1,1,0,0,0,1,1,59,0,24,6,2012,1,11,58,0,4,3,SR-37 (ODOT 36),,277,45.71455,-118.8076611,0,1,0,0,1,1,0,4,1,1,0,1,0,0000000,11,59,12,5,12,59,0,0,0,1,0