STATE,ST_CASE,VE_TOTAL,VE_FORMS,PVH_INVL,PEDS,PERNOTMVIT,PERMVIT,PERSONS,COUNTY,CITY,DAY,MONTH,YEAR,DAY_WEEK,HOUR,MINUTE,NHS,ROAD_FNC,ROUTE,TWAY_ID,TWAY_ID2,MILEPT,LATITUDE,LONGITUD,SP_JUR,HARM_EV,MAN_COLL,RELJCT1,RELJCT2,TYP_INT,WRK_ZONE,REL_ROAD,LGT_COND,WEATHER1,WEATHER2,WEATHER,SCH_BUS,RAIL,NOT_HOUR,NOT_MIN,ARR_HOUR,ARR_MIN,HOSP_HR,HOSP_MN,CF1,CF2,CF3,FATALS,DRUNK_DR
41,410122,1,1,0,0,0,1,1,39,0,23,6,2012,7,12,30,0,5,4,CR-JEANS RD,,0,44.06720833,-123.3223028,0,34,0,0,1,1,0,4,1,10,0,10,0,0000000,12,32,12,35,88,88,0,0,0,1,0
41,410123,2,2,0,0,0,4,4,33,0,23,6,2012,7,18,24,1,2,2,US-199 (ODOT 25),,268,42.19174722,-123.6492,0,12,2,0,1,1,0,1,1,1,0,1,0,0000000,18,28,18,32,99,99,0,0,0,1,0
41,410124,1,1,0,1,1,1,1,51,1650,25,6,2012,2,13,30,0,15,6,NE 28TH AVE,,0,45.53239722,-122.6370833,0,8,0,0,1,1,0,1,1,10,0,10,0,0000000,13,31,13,36,13,55,0,0,0,1,0
41,410125,2,1,1,0,0,1,1,17,190,25,6,2012,2,9,50,0,16,6,NE CONNERS AVE,,0,44.07011944,-121.261725,0,14,0,0,1,1,0,4,1,10,0,10,0,0000000,9,53,9,58,10,13,0,0,0,1,0
41,410126,1,1,0,1,1,1,1,51,1650,2,7,2012,2,21,9,0,13,3,SR-213 (ODOT 68),SE INSLEY ST,57,45.48351667,-122.5789361,0,8,0,0,3,3,0,1,3,1,0,1,0,0000000,21,9,21,11,21,36,0,0,0,1,0
41,410127,1,1,0,0,0,2,2,33,0,6,7,2012,6,20,11,0,4,4,CR-PLACER RD,,33,42.63191944,-123.3172861,0,1,0,0,1,1,0,5,1,1,0,1,0,0000000,20,11,20,35,99,99,0,0,0,1,1
41,410128,1,1,0,0,0,1,1,33,0,6,7,2012,6,9,0,1,2,2,US-199 (ODOT 25),,137,42.35469167,-123.5515389,0,11,0,0,1,1,0,1,1,1,0,1,0,0000000,9,4,9,45,10,22,0,0,0,1,0
41,410129,3,3,0,0,0,5,5,47,0,8,7,2012,1,13,24,1,1,1,I-5,,2442,44.78788611,-123.0371306,0,5,0,0,1,1,0,1,1,1,0,1,0,0000000,13,24,13,37,13,59,0,0,0,1,0
41,410131,1,1,0,0,0,2,2,33,0,13,7,2012,6,20,15,1,2,2,US-199 (ODOT 25),,400,42.01816944,-123.7288139,0,42,0,0,1,1,0,4,1,1,0,1,0,0000000,20,20,20,28,99,99,0,0,0,1,0
41,410132,1,1,0,0,0,1,1,29,0,15,7,2012,1,17,30,0,14,4,CR-WILSON RD,,10,42.39663611,-122.9077472,0,42,0,0,1,1,0,4,1,1,0,1,0,0000000,17,30,17,41,88,88,0,0,0,1,0
41,410133,1,1,0,0,0,2,2,65,0,15,7,2012,1,18,27,0,4,4,CR-RESERVATION RD,,14,45.12275556,-121.2708944,0,17,0,0,1,1,0,4,1,1,0,1,0,0000000,18,30,18,48,19,45,0,0,0,1,0
41,410134,1,1,0,1,1,1,1,47,1810,16,7,2012,2,20,14,1,13,3,SR-22 (ODOT 72),HAWTHORNE AVE SE,83,44.91825556,-122.9975972,0,8,0,0,3,3,0,1,1,1,0,1,0,0000000,20,14,20,18,88,88,0,0,0,1,0
41,410135,2,2,0,0,0,2,2,51,0,6,7,2012,6,23,55,1,1,1,I-84,,233,45.53008889,-122.2798833,0,12,2,0,1,1,0,1,2,1,0,1,0,0000000,23,52,0,16,0,46,0,0,0,1,1
41,410136,1,1,0,0,0,3,3,43,0,19,7,2012,5,20,6,0,6,4,CR-W MCCULLY MTN RD,,5,44.76126111,-122.6589306,0,42,0,0,1,1,0,4,1,2,0,2,0,0000000,20,29,20,59,22,27,0,0,0,1,1
41,410138,1,1,0,0,0,1,1,39,1960,20,5,2012,1,22,26,1,13,3,SR-126 (ODOT 15),,28,44.04454444,-122.998825,0,42,0,0,1,1,0,4,3,1,0,1,0,0000000,22,27,22,36,99,99,0,0,0,1,0
41,410139,1,1,0,0,0,1,1,13,0,2,6,2012,7,11,14,0,4,4,CR-SE RESERVOIR RD,,8,44.08125556,-120.7840167,0,1,0,0,1,1,0,1,1,10,0,10,0,0000000,11,15,11,37,12,17,0,0,0,1,0
41,410140,2,2,0,0,0,5,5,3,0,20,6,2012,4,16,9,1,2,2,US-20 (ODOT 33),,390,44.60037778,-123.5529889,0,12,2,0,1,1,0,1,1,1,0,1,0,0000000,16,12,16,17,99,99,0,0,0,1,0
41,410141,1,1,0,1,1,1,1,5,0,10,7,2012,3,19,39,0,4,4,CR-S NEW ERA RD,,0,45.29021667,-122.6554583,0,8,0,0,1,1,1,1,1,1,0,1,0,0000000,19,44,20,4,20,23,0,0,0,1,0
41,410143,2,2,0,0,0,2,2,39,0,22,7,2012,1,12,12,0,4,4,CR-COTTAGE GROVE RD,,118,43.84093889,-123.2220028,0,12,6,0,8,1,0,1,1,1,0,1,0,0000000,12,14,12,34,99,99,0,0,0,1,0
41,410144,2,2,0,0,0,8,8,29,1310,23,7,2012,2,3,44,0,13,3,SR-62 (ODOT 22),RIVERSIDE AVE,1,42.34525833,-122.8815972,0,12,6,0,2,2,0,1,2,1,0,1,0,0000000,3,45,3,51,4,10,0,0,0,1,0
41,410145,1,1,0,0,0,1,1,19,0,24,7,2012,3,9,10,1,2,3,SR-42 (ODOT 35),,458,42.965775,-123.7859417,0,35,0,0,1,1,0,4,1,1,0,1,0,0000000,9,14,9,42,10,34,0,0,0,1,0
41,410146,1,1,0,0,0,1,1,29,0,26,7,2012,5,23,8,1,1,1,I-5,,70,42.12136111,-122.6247139,0,1,0,0,1,1,0,4,2,1,0,1,0,0000000,11,8,11,19,88,88,0,0,0,1,0
41,410147,2,2,0,0,0,4,4,67,0,27,7,2012,6,23,51,0,14,4,CR-SW 175TH AVE,,0,45.44985833,-122.8568028,0,12,2,0,1,1,0,1,2,10,0,10,0,0000000,23,51,23,56,99,99,0,0,0,2,1
41,410148,1,1,0,0,0,1,1,19,0,29,7,2012,1,18,39,0,5,4,CR-MELQUA RD,,155,43.351725,-123.4875194,0,42,0,0,1,1,0,4,1,1,0,1,0,0000000,18,40,18,46,88,88,0,0,0,1,0
41,410149,1,1,0,0,0,2,2,71,0,28,7,2012,7,99,99,0,6,4,CR-HAUGEN RD,,7,45.31034167,-122.8901611,0,35,0,0,1,1,0,4,1,1,0,1,0,0000000,15,15,15,25,88,88,0,0,0,2,1
41,410150,1,1,0,0,0,1,1,35,0,30,7,2012,2,99,99,0,4,4,CR-CLOVER CREEK RD,,80,42.24693056,-122.1178833,0,17,0,0,1,1,0,4,1,1,0,1,0,0000000,16,42,17,10,88,88,0,0,0,1,0
41,410151,2,2,0,0,0,3,3,45,0,3,8,2012,6,22,43,1,2,2,US-20 (ODOT 7),,2247,43.86181944,-117.5862556,0,12,2,0,1,1,0,1,2,1,0,1,0,0000000,22,46,23,7,23,42,0,0,0,1,0
41,410152,1,1,0,0,0,2,2,43,0,4,8,2012,7,15,14,0,2,2,US-20 (ODOT 16),,346,44.40860278,-122.5938083,0,24,0,0,1,1,0,4,1,1,0,1,0,0000000,15,19,15,51,16,14,0,0,0,2,0
41,410153,1,1,0,0,0,4,4,1,0,4,8,2012,7,19,15,0,4,3,SR-86 (ODOT 12),,250,44.81949167,-117.4020028,0,1,0,0,1,1,0,1,1,1,0,1,0,0000000,19,15,19,21,99,99,0,0,0,1,0
41,410154,1,1,0,0,0,2,2,33,0,4,8,2012,7,21,39,1,2,2,US-199 (ODOT 25),,169,42.33858889,-123.5782944,0,42,0,0,1,1,0,4,2,1,0,1,0,0000000,21,36,21,52,22,37,0,0,0,1,0
41,410155,1,1,0,0,0,3,3,29,0,7,8,2012,3,23,52,0,15,4,CR-PIONEER RD,,30,42.25995833,-122.8362639,0,38,0,0,1,1,0,5,2,1,0,1,0,0000000,23,54,0,1,0,35,0,0,0,1,1
41,410156,2,2,0,0,0,2,2,17,190,9,8,2012,5,20,24,0,14,2,US-20 (ODOT 7),NE 27TH ST,26,44.05490556,-121.2636611,0,12,1,0,3,2,0,1,1,1,0,1,0,0000000,20,22,20,29,88,88,0,0,0,1,1
41,410157,2,2,0,0,0,2,2,41,0,10,8,2012,6,14,10,1,2,2,US-20 (ODOT 33),,290,44.61932222,-123.6770472,0,12,2,0,1,1,0,1,1,1,0,1,0,0000000,14,11,14,35,88,88,0,0,0,1,0
41,410158,1,1,0,0,0,1,1,53,0,11,8,2012,7,11,52,1,2,3,SR-22 (ODOT 30),,55,45.049975,-123.4825444,0,24,0,0,1,1,0,4,1,1,0,1,0,0000000,11,53,11,55,88,88,0,0,0,1,0
41,410159,2,2,0,0,0,2,2,43,0,15,8,2012,4,10,33,0,3,3,SR-228 (ODOT 212),,91,44.37745833,-122.9285694,0,12,2,0,1,1,0,1,1,1,0,1,0,0000000,10,34,10,39,11,33,0,0,0,1,0
41,410160,2,2,0,0,0,3,3,51,1650,16,8,2012,5,13,5,1,13,2,US-30 (ODOT 92),,49,45.56136111,-122.7429417,0,12,6,0,1,1,3,1,1,1,0,1,0,0000000,13,5,13,14,13,41,0,0,0,1,0
41,410161,2,2,0,0,0,2,2,19,0,17,8,2012,6,9,30,0,15,6,E HAPPY VALLEY RD,,0,43.16151111,-123.3976944,0,12,2,0,1,1,0,1,1,1,0,1,0,0000000,9,30,9,33,10,3,0,0,0,1,0
41,410162,2,2,0,0,0,4,4,39,0,18,8,2012,7,13,26,1,2,3,SR-126 (ODOT 62),,140,44.01627222,-123.9264222,0,12,2,0,1,1,0,4,1,1,0,1,0,0000000,1,24,1,40,99,99,0,0,0,1,0
41,410163,1,1,0,1,1,1,1,5,800,19,8,2012,1,3,4,1,11,1,I-205,,109,45.41624167,-122.5740944,0,8,0,0,1,1,0,1,3,1,0,1,0,0000000,3,3,3,6,88,88,0,0,0,1,0
41,410164,2,2,0,0,0,4,4,19,0,19,8,2012,1,10,35,0,3,3,SR-138 (ODOT 231),,84,43.593825,-123.5718528,0,12,2,0,1,1,0,1,1,1,0,1,0,0000000,10,37,10,54,11,49,0,0,0,2,0
41,410165,3,3,0,0,0,9,9,5,0,17,6,2012,1,13,37,0,4,3,SR-224 (ODOT 171),,499,45.088675,-122.0613528,0,12,2,0,1,1,0,1,1,10,0,10,0,0000000,13,38,14,12,88,88,0,0,0,1,0
41,410166,1,1,0,0,0,1,1,1,0,22,8,2012,4,9,25,1,2,2,US-26 (ODOT 5),,2151,44.43000833,-118.1399056,0,1,0,0,1,1,0,4,1,1,0,1,0,0000000,9,30,10,18,88,88,0,0,0,1,0
41,410167,1,1,0,1,1,2,2,17,1720,9,5,2012,4,22,0,0,13,3,SR-480 (ODOT 480),,1202,44.28779722,-121.1739611,0,8,0,0,1,1,0,1,2,1,0,1,0,0000000,22,5,22,9,88,88,0,0,0,1,0
41,410168,2,2,0,0,0,2,2,51,0,21,4,2012,7,16,47,0,15,3,SR-100 (ODOT 100),,35,45.51835278,-122.3471611,0,12,2,0,1,1,0,1,1,1,0,1,0,0000000,16,47,16,51,88,88,0,0,0,1,1
41,410169,2,2,0,0,0,3,3,5,0,3,6,2012,1,18,44,0,3,3,SR-211 (ODOT 161),,87,45.148925,-122.6438139,0,12,2,0,1,1,0,1,1,1,0,1,0,0000000,18,45,19,6,19,31,0,0,0,1,1
41,410170,5,5,0,0,0,6,6,11,0,17,7,2012,3,16,55,1,2,2,US-101 (ODOT 9),,2230,43.57583889,-124.1933222,0,12,6,0,1,1,0,1,1,10,0,10,0,0000000,16,57,17,3,99,99,20,0,0,1,1
41,410171,1,1,0,0,0,1,1,47,0,2,8,2012,5,18,47,0,6,4,CR-RIDGEWAY DR SE,CR-DAISEY LN SE,9,44.81482778,-123.0050944,0,42,0,0,3,3,0,4,1,1,0,1,0,0000000,18,47,18,54,88,88,0,0,0,1,0
41,410172,1,1,0,0,0,1,1,71,0,4,8,2012,7,18,35,0,4,4,CR-MEADOW LAKE RD,,35,45.29138611,-123.2522583,0,34,0,0,1,1,0,5,1,1,0,1,0,0000000,18,38,18,47,99,99,0,0,0,1,1
41,410173,1,1,0,0,0,1,1,47,1810,11,8,2012,7,1,0,0,13,3,SR-99 (ODOT 72),DIVISION ST NE,47,44.94748056,-123.038775,0,33,0,0,3,3,0,3,3,1,0,1,0,0000000,1,0,1,4,1,14,0,0,0,1,1
41,410174,2,2,0,0,0,3,3,17,0,9,8,2012,5,21,25,1,2,3,SR-126 (ODOT 15),,1090,44.27277778,-121.2320611,0,12,2,0,1,1,0,1,2,1,0,1,0,0000000,21,25,21,30,22,9,0,0,0,1,0
41,410175,1,1,0,0,0,1,1,39,1960,12,8,2012,1,8,53,0,14,6,GLENWOOD BLVD,,0,44.04129167,-123.0423389,0,42,0,0,1,1,0,4,1,1,0,1,0,0000000,8,53,9,0,88,88,0,0,0,1,0
41,410176,2,2,0,0,0,2,2,43,0,12,8,2012,1,21,8,0,4,4,CR-OLD SALEM RD,,0,44.64643056,-123.0629639,0,12,6,0,8,1,0,1,3,1,0,1,0,0000000,21,9,21,16,21,43,0,0,0,1,0
41,410177,1,1,0,0,0,1,1,5,0,17,8,2012,6,18,30,0,5,8,USFS RD 58,USFS RD 5810,0,45.09326944,-121.9259611,0,1,0,0,3,3,0,1,1,1,0,1,0,0000000,19,14,19,29,88,88,0,0,0,1,1
41,410178,1,1,0,0,0,1,1,23,0,23,8,2012,5,10,15,0,4,4,CR-COUNTY RD 20,,137,44.66778333,-118.7170444,0,42,0,0,1,1,0,4,1,1,0,1,0,0000000,10,31,11,19,88,88,0,0,0,1,0
41,410179,2,2,0,0,0,2,2,51,0,25,8,2012,7,19,44,0,4,4,CR-GORDON CREEK RD,,0,45.46984167,-122.2631139,0,12,2,0,1,1,0,1,1,1,0,1,0,0000000,19,45,20,0,88,88,0,0,0,1,1
41,410180,1,1,0,0,0,1,1,59,0,25,8,2012,7,13,30,0,6,8,USFS RD 52,,0,45.01779167,-118.6718667,0,33,0,0,1,1,0,4,1,1,0,1,0,0000000,13,37,14,19,15,39,0,0,0,1,0
41,410181,1,1,0,1,1,1,1,51,1650,27,8,2012,2,20,30,0,13,6,SE DIVISION ST,SE 156TH AVE,0,45.50437778,-122.5029889,0,8,0,0,3,3,0,1,3,1,0,1,0,0000000,20,30,20,34,88,88,0,0,0,1,0
41,410182,1,1,0,1,1,1,1,29,70,29,8,2012,4,8,30,0,13,3,SR-99 (ODOT 63),N WATER ST,191,42.19793333,-122.7156111,0,8,0,0,3,3,0,1,1,1,0,1,0,0000000,8,30,8,33,8,57,0,0,0,1,0
41,410183,1,1,0,0,0,3,3,5,0,1,9,2012,7,12,51,1,1,1,I-205,,45,45.35874722,-122.6670694,0,1,0,0,1,1,0,3,1,1,0,1,0,0000000,12,53,12,56,13,25,0,0,0,1,0
41,410184,1,1,0,0,0,3,3,37,0,2,9,2012,1,0,34,0,3,3,SR-31 (ODOT 19),,512,43.12846944,-120.9689639,0,1,0,0,1,1,0,4,2,1,0,1,0,0000000,0,39,1,1,99,99,0,0,0,1,0
41,410185,3,3,0,0,0,3,3,43,0,5,9,2012,4,14,39,0,2,3,SR-34 (ODOT 210),,22,44.56407222,-123.214075,0,12,7,0,1,1,1,1,1,1,0,1,0,0000000,14,39,14,44,99,99,0,0,0,1,0
41,410186,1,1,0,0,0,1,1,51,1650,5,9,2012,4,22,34,0,15,6,SW ARTHUR ST,,0,45.50371389,-122.678175,0,33,0,0,1,1,0,4,2,1,0,1,0,0000000,22,34,22,37,22,51,0,0,0,1,1
41,410187,1,1,0,0,0,1,1,39,1960,28,8,2012,3,14,15,0,16,6,1ST PL,,0,44.05626667,-123.0244556,0,5,0,0,1,1,0,4,1,10,0,10,0,0000000,14,15,14,21,88,88,0,0,0,1,0
41,410188,2,2,0,0,0,3,3,63,0,3,9,2012,2,5,35,0,2,3,SR-82 (ODOT 10),,346,45.61763611,-117.7064472,0,12,6,0,1,1,0,1,2,1,0,1,0,0000000,6,3,7,15,7,42,0,0,0,1,0
41,410189,1,1,0,0,0,1,1,37,1200,6,9,2012,5,6,0,0,6,6,N J ST,,0,42.19965,-120.3510583,0,38,0,0,1,1,0,5,4,10,0,10,0,0000000,8,27,99,97,99,97,0,0,0,1,1
41,410190,1,1,0,0,0,2,2,53,0,8,9,2012,7,0,49,0,13,3,SR-223 (ODOT 189),,5,44.94698611,-123.2907583,0,34,0,0,1,1,0,4,2,1,0,1,0,0000000,0,55,0,59,1,31,0,0,0,1,1
41,410191,1,1,0,1,1,2,2,51,880,8,9,2012,7,19,36,0,13,2,US-26 (ODOT 26),,143,45.49333056,-122.4040556,0,8,0,0,1,1,0,1,5,1,0,1,0,0000000,19,37,19,44,20,17,0,0,0,1,0
41,410192,1,1,0,0,0,1,1,31,0,9,9,2012,1,2,0,1,2,2,US-26 (ODOT 53),,1108,44.7215,-121.1773972,0,1,0,0,1,1,0,1,8,98,0,98,0,0000000,2,0,2,10,88,88,0,0,0,1,0
41,410193,1,1,0,1,1,1,1,67,0,11,9,2012,3,14,30,0,13,4,CR-SW 185TH AVE,,0,45.50753889,-122.8674139,0,8,0,0,1,1,0,4,1,1,0,1,0,0000000,14,30,14,35,15,19,0,0,0,1,0
41,410195,1,1,0,1,1,1,1,41,0,14,9,2012,6,5,30,1,2,2,US-101 (ODOT 9),,1585,44.39685,-124.0860806,0,8,0,0,1,1,0,1,8,5,0,5,0,0000000,5,35,5,50,99,99,0,0,0,1,0
41,410196,2,2,0,0,0,4,4,29,0,14,9,2012,6,13,30,1,1,1,I-5,,475,42.41175,-123.1490833,0,12,1,0,1,1,0,1,1,1,0,1,0,0000000,13,35,13,40,14,39,0,0,0,1,0
41,410197,1,1,0,1,1,1,1,39,690,16,9,2012,1,20,20,1,2,2,US-101 (ODOT 9),17TH ST,1901,43.98163056,-124.1012639,0,8,0,0,3,2,0,1,3,1,0,1,0,0000000,20,21,20,24,20,32,0,0,0,1,0
41,410198,1,1,0,0,0,1,1,33,0,16,9,2012,1,11,49,0,4,3,SR-260 (ODOT 260),,59,42.48725833,-123.4730667,0,42,0,0,1,1,0,4,1,1,0,1,0,0000000,11,49,11,53,88,88,0,0,0,1,0
41,410199,1,1,0,0,0,1,1,17,0,17,9,2012,2,1,42,0,4,4,CR-OLD BEND-REDMND HWY,,0,44.18853056,-121.2839583,0,42,0,0,1,1,0,4,2,1,0,1,0,0000000,1,42,1,53,88,88,0,0,0,1,1
41,410200,1,1,0,0,0,1,1,37,0,17,9,2012,2,19,30,0,4,4,CR-CHRISTMAS VLY RD,,368,43.21021389,-120.2986528,0,1,0,0,1,1,0,4,5,1,0,1,0,0000000,20,0,20,45,88,88,0,0,0,1,1
41,410201,2,2,0,0,0,2,2,51,1650,17,9,2012,2,10,51,0,13,2,US-26 (ODOT 26),SE 77TH AVE,48,45.49741944,-122.5836167,0,12,6,0,2,3,0,1,1,1,0,1,0,0000000,10,51,10,54,11,18,0,0,0,1,0
41,410202,1,1,0,0,0,1,1,17,0,18,9,2012,3,3,9,1,2,2,US-97 (ODOT 4),,1555,43.83813056,-121.4219417,0,42,0,0,1,1,0,6,2,1,0,1,0,0000000,3,11,3,20,88,88,0,0,0,1,0
41,410203,2,2,0,0,0,2,2,53,0,20,9,2012,5,8,45,1,2,3,SR-22 (ODOT 30),,140,44.97148611,-123.30495,0,12,6,0,1,1,0,1,1,10,0,10,0,0000000,8,46,9,3,9,35,0,0,0,1,0
41,410204,2,2,0,0,0,3,3,5,0,21,9,2012,6,18,58,1,2,2,US-26 (ODOT 26),CR-SE FIRWOOD RD,269,45.37782222,-122.2252056,0,12,6,0,2,3,0,1,2,10,0,10,0,0000000,18,56,18,59,88,88,0,0,0,1,0
41,410205,1,1,0,0,0,1,1,69,0,21,9,2012,6,17,25,1,2,2,US-26 (ODOT 41),,521,44.52176389,-120.3747972,0,24,0,0,1,1,0,4,1,1,0,1,0,0000000,17,25,17,27,88,88,0,0,0,1,1
41,410206,1,1,0,0,0,1,1,5,0,21,9,2012,6,6,59,0,4,4,CR-SW STAFFORD RD,,0,45.33179444,-122.7437389,0,34,0,0,1,1,0,4,4,2,0,2,0,0000000,6,59,7,5,88,88,0,0,0,1,0
41,410207,1,1,0,0,0,2,2,33,2251,21,9,2012,6,21,30,0,5,6,WILLIAMS HWY,,0,42.22559444,-123.2691917,0,34,0,0,1,1,0,4,2,1,0,1,0,0000000,21,27,21,49,22,22,0,0,0,1,0
41,410208,1,1,0,0,0,1,1,35,1170,22,9,2012,7,11,38,1,13,3,SR-140 (ODOT 424),MEMORIAL DR,7,42.19993889,-121.8092611,0,1,0,0,3,3,0,4,1,1,0,1,0,0000000,11,36,11,47,99,99,0,0,0,1,0
41,410209,1,1,0,0,0,1,1,25,0,15,9,2012,7,16,45,0,3,3,SR-205 (ODOT 440),,85,43.46154722,-119.0201111,0,1,0,0,1,1,0,1,1,1,0,1,0,0000000,17,2,17,16,99,99,0,0,0,1,0
41,410210,1,1,0,0,0,1,1,19,0,24,9,2012,2,1,45,0,4,4,CR-REUBEN RD,,9,42.75330278,-123.4497111,0,58,0,0,1,1,0,4,2,1,0,1,0,0000000,9,56,10,5,88,88,0,0,0,1,0
41,410211,1,1,0,0,0,2,2,33,0,26,9,2012,4,16,15,0,3,4,CR-REDWOOD AVE,,41,42.40963611,-123.428475,0,42,0,0,1,1,0,5,1,1,0,1,0,0000000,16,19,16,26,16,52,0,0,0,1,1
41,410212,2,2,0,0,0,4,4,67,0,27,9,2012,5,19,16,0,3,4,CR-SW ROY ROGERS RD,,0,45.37975833,-122.8569667,0,12,6,0,1,1,0,1,5,1,0,1,0,0000000,19,16,19,22,88,88,0,0,0,1,0
41,410213,2,2,0,0,0,3,3,35,0,28,9,2012,6,16,57,1,13,2,US-97 (ODOT 4),,2713,42.29479167,-121.8170583,0,12,6,0,1,1,0,1,1,1,0,1,0,0000000,16,57,17,1,99,99,0,0,0,1,0
41,410215,1,1,0,0,0,1,1,59,0,29,9,2012,7,14,30,0,3,3,SR-244 (ODOT 341),,50,45.15340556,-118.8734778,0,1,0,0,1,1,0,4,1,1,0,1,0,0000000,14,54,15,13,88,88,0,0,0,1,0
41,410216,2,2,0,0,0,3,3,17,0,29,9,2012,7,15,54,0,5,4,CR-STATE REC RD,,0,43.76780833,-121.4622583,0,12,2,0,1,1,0,1,1,1,0,1,0,0000000,15,57,16,6,99,99,0,0,0,1,0
41,410217,1,1,0,0,0,2,2,51,1650,29,9,2012,7,18,0,0,15,6,SW HARRISON ST,SW 1ST AVE,0,45.50972222,-122.6780278,0,5,0,0,2,2,0,1,5,1,0,1,0,0000000,18,0,18,4,88,88,0,0,0,1,0
41,410218,1,1,0,1,1,2,2,51,1650,30,9,2012,1,2,33,0,13,6,BURNSIDE BRIDGE,,0,45.52305833,-122.6683528,0,8,0,0,1,1,0,1,3,1,0,1,0,0000000,2,33,2,37,88,88,0,0,0,1,1
41,410219,2,2,0,0,0,2,2,11,0,9,9,2012,1,14,59,0,4,4,CR-W BEAVER HILL,,56,43.27553333,-124.3564806,0,12,2,0,1,1,0,1,1,1,0,1,0,0000000,15,1,15,19,88,88,0,0,0,1,0
41,410220,1,1,0,0,0,1,1,67,2100,24,9,2012,2,0,18,0,14,6,SW TUALATIN SHERWOOD,,0,45.38120556,-122.7671139,0,42,0,0,1,1,0,4,3,1,0,1,0,0000000,0,18,0,21,88,88,0,0,0,1,0
41,410221,1,1,0,1,1,5,5,59,1610,28,9,2012,6,11,50,0,14,6,SW COURT AVE,,0,45.66651111,-118.8075972,9,8,0,0,4,1,0,1,1,1,0,1,0,0000000,11,51,11,52,99,99,0,0,0,1,0
41,410222,1,1,0,0,0,3,3,51,0,29,9,2012,7,21,10,0,6,8,RAMP I-84,,180,45.5446,-122.37755,0,1,0,0,5,1,0,4,2,1,0,1,0,0000000,21,10,21,17,21,57,0,0,0,2,0
41,410223,3,3,0,0,0,9,9,3,0,30,9,2012,1,12,41,0,3,3,SR-99 (ODOT 91),,945,44.42844722,-123.2780778,0,12,6,0,1,1,0,1,1,1,0,1,0,0000000,12,42,12,55,88,88,14,0,0,1,0
41,410224,1,1,0,1,1,1,1,51,1650,30,9,2012,1,21,3,0,13,6,SE 148TH AVE,SE MILL ST,0,45.510225,-122.5107611,0,9,0,0,3,2,0,1,3,1,0,1,0,0000000,21,3,21,9,88,88,0,0,0,1,0
41,410225,1,1,0,0,0,1,1,71,1890,6,10,2012,7,2,55,0,4,3,SR-18B (ODOT 157),,56,45.09565,-123.4262889,0,34,0,0,1,1,0,4,2,1,0,1,0,0000000,2,56,3,3,88,88,0,0,0,1,1
41,410226,1,1,0,0,0,1,1,35,0,7,10,2012,1,18,32,0,5,4,CR-KENO ACCESS RD,,0,42.14688333,-122.0482472,0,42,0,0,1,1,0,4,5,1,0,1,0,0000000,18,33,18,55,88,88,0,0,0,1,1
41,410227,2,2,0,0,0,2,2,67,1000,11,10,2012,5,7,20,0,13,6,NE BROOKWOOD PKWY,NE CORNELL RD,0,45.53267778,-122.938125,0,12,2,0,2,2,0,1,4,5,0,5,0,0000000,7,20,7,23,88,88,0,0,0,1,0
41,410228,1,1,0,1,1,1,1,67,1000,28,6,2012,5,17,8,1,13,3,SR-8 (ODOT 29),SW DENNIS AVE,135,45.51889722,-122.9957889,0,9,0,0,3,2,0,1,1,10,0,10,0,0000000,17,16,17,35,18,3,0,0,0,1,0
41,410229,1,1,0,0,0,1,1,19,0,1,8,2012,4,17,0,1,1,1,I-5,,1460,43.50767778,-123.3172917,0,35,0,0,1,1,0,4,1,1,0,1,0,0000000,17,0,17,41,18,11,0,0,0,1,0
41,410230,2,2,0,0,0,3,3,63,0,29,9,2012,7,19,30,0,2,3,SR-82 (ODOT 10),,440,45.59945,-117.5636889,0,11,0,0,1,1,0,1,2,1,0,1,0,0000000,19,36,19,55,88,88,0,0,0,1,1
41,410231,1,1,0,0,0,2,2,59,0,14,5,2012,2,15,22,0,6,4,CR-CAYUSE RD,,99,45.66463889,-118.5584056,3,1,0,0,1,1,0,1,1,1,0,1,0,0000000,15,44,15,53,99,99,0,0,0,1,1
41,410232,1,1,0,1,1,2,2,3,420,8,6,2012,6,22,30,1,13,3,SR-99 (ODOT 91),,820,44.58565556,-123.2546917,0,15,0,0,1,1,0,1,2,10,2,2,0,0000000,22,31,22,35,99,99,0,0,0,1,1
41,410233,1,1,0,0,0,1,1,31,0,9,6,2012,7,17,50,0,6,8,USFS RD 1180,,0,44.41279722,-121.6098194,5,42,0,0,1,1,0,4,1,98,0,98,0,0000000,99,99,99,99,99,99,0,0,0,1,1
41,410234,2,2,0,0,0,2,2,33,0,4,10,2012,5,16,58,0,4,4,CR-GALICE RD,,83,42.54860556,-123.5612278,0,12,2,0,1,1,0,1,1,1,0,1,0,0000000,16,20,16,55,17,36,0,0,0,1,0
41,410235,1,1,0,1,1,1,1,67,0,6,10,2012,7,2,54,1,13,3,SR-8 (ODOT 29),,68,45.49421944,-122.8708833,0,8,0,0,1,1,0,1,2,1,0,1,0,0000000,2,54,3,0,3,51,0,0,0,1,1
41,410237,1,1,0,0,0,1,1,17,1720,12,10,2012,6,22,12,0,16,6,NW POPLAR AVE,NW 20TH CT,0,44.29600833,-121.1908194,0,11,0,0,3,3,0,1,2,2,0,2,0,0000000,22,12,99,99,88,88,0,0,0,1,1
41,410238,2,2,0,0,0,4,4,39,0,14,10,2012,1,13,50,1,2,3,SR-126W (ODOT 62),,357,44.05322222,-123.5333528,0,12,6,0,1,1,0,1,1,2,0,2,0,0000000,13,50,13,57,15,45,0,0,0,1,0