STATE,ST_CASE,VE_TOTAL,VE_FORMS,PVH_INVL,PEDS,PERNOTMVIT,PERMVIT,PERSONS,COUNTY,CITY,DAY,MONTH,YEAR,DAY_WEEK,HOUR,MINUTE,NHS,ROAD_FNC,ROUTE,TWAY_ID,TWAY_ID2,MILEPT,LATITUDE,LONGITUD,SP_JUR,HARM_EV,MAN_COLL,RELJCT1,RELJCT2,TYP_INT,WRK_ZONE,REL_ROAD,LGT_COND,WEATHER1,WEATHER2,WEATHER,SCH_BUS,RAIL,NOT_HOUR,NOT_MIN,ARR_HOUR,ARR_MIN,HOSP_HR,HOSP_MN,CF1,CF2,CF3,FATALS,DRUNK_DR
41,410239,2,2,0,0,0,2,2,17,0,20,10,2012,7,19,20,1,13,3,SR-126 (ODOT 15),,1087,44.27297778,-121.2384556,0,12,1,0,1,1,0,1,2,10,0,10,0,0000000,19,23,19,28,88,88,0,0,0,1,1
41,410240,3,3,0,0,0,3,3,27,0,16,10,2012,3,15,9,1,2,3,SR-35 (ODOT 26),,919,45.59326111,-121.5509333,0,12,6,0,8,1,0,1,1,1,0,1,0,0000000,15,9,15,17,88,88,0,0,0,1,0
41,410241,2,2,0,0,0,3,3,39,0,17,10,2012,4,16,4,0,4,4,CR-SHOREVIEW DR,,17,43.77836667,-122.9534556,0,12,2,0,1,1,0,1,1,1,0,1,0,0000000,16,7,16,17,17,3,0,0,0,1,0
41,410242,2,2,0,0,0,3,3,39,0,19,10,2012,6,14,20,0,13,3,SR-99 (ODOT 91),AWBREY LN,1158,44.127825,-123.1953222,0,12,6,0,2,2,0,1,1,10,0,10,0,0000000,14,22,14,25,14,54,0,0,0,1,0
41,410243,1,1,0,0,0,4,4,43,0,20,10,2012,7,2,24,0,6,4,CR-SANTIAM BLUFFS RD,,3,44.71291667,-123.0369083,0,42,0,0,1,1,0,4,2,10,0,10,0,0000000,2,24,2,31,3,14,0,0,0,1,0
41,410244,1,1,0,0,0,2,2,47,0,21,10,2012,1,19,10,0,3,4,CR-STAYTON RD SE,,21,44.77554444,-122.8656778,0,1,0,0,1,1,0,4,2,10,0,10,0,0000000,19,11,99,99,99,99,0,0,0,1,1
41,410245,1,1,0,0,0,3,3,33,0,22,10,2012,2,3,0,1,2,2,US-199 (ODOT 25),,276,42.18226389,-123.6446528,0,42,0,0,1,1,0,4,2,2,0,2,0,0000000,3,6,3,18,4,14,0,0,0,1,1
41,410246,1,1,0,0,0,3,3,59,0,23,10,2012,3,22,0,1,1,1,I-84,,2290,45.59568889,-118.4851111,0,1,0,0,1,1,0,3,2,1,0,1,0,0000000,22,5,22,30,99,99,0,0,0,1,0
41,410247,2,2,0,0,0,4,4,41,0,25,10,2012,5,8,15,1,2,3,SR-20 (ODOT 33),,241,44.62943333,-123.7673417,0,12,2,0,1,1,1,1,1,5,0,5,0,0000000,8,17,8,33,9,34,0,0,0,2,0
41,410248,2,2,0,0,0,4,4,27,0,25,10,2012,5,12,57,1,2,3,SR-35 (ODOT 26),CENTRAL VALE DR,935,45.60615833,-121.5358472,0,12,6,0,2,2,0,1,1,1,0,1,0,0000000,12,57,13,4,99,99,0,0,0,1,0
41,410249,1,1,0,1,1,1,1,51,1650,28,10,2012,1,9,10,0,14,6,HAWTHORNE BRIDGE,,0,45.51321111,-122.6709111,0,8,0,0,1,1,0,1,1,10,0,10,0,0000000,9,10,9,14,9,46,0,0,0,1,0
41,410250,1,1,0,0,0,2,2,57,0,27,10,2012,7,16,0,0,6,4,CR-GAULDY LOOKOUT RD,,11,45.21261111,-123.861775,0,1,0,0,1,1,0,4,1,98,0,98,0,0000000,20,3,20,22,22,14,0,0,0,1,0
41,410251,1,1,0,0,0,2,2,51,1650,29,10,2012,2,1,29,0,14,6,NE HALSEY ST,NE 74TH AVE,0,45.53360556,-122.5871806,0,30,0,0,3,3,0,4,3,2,0,2,0,0000000,1,30,1,36,2,11,0,0,0,1,1
41,410252,2,2,0,0,0,2,2,51,1650,31,10,2012,4,17,37,0,13,6,NE SANDY BLVD,,0,45.52709722,-122.6424278,0,12,1,0,1,1,0,1,3,2,0,2,0,0000000,17,37,17,41,18,13,0,0,0,1,0
41,410253,1,1,0,1,1,1,1,51,1650,31,10,2012,4,21,9,0,13,2,US-26 (ODOT 26),SE 71ST AVE,45,45.49744444,-122.5898778,0,8,0,0,3,3,0,1,3,2,0,2,0,0000000,21,10,21,12,21,37,0,0,0,1,0
41,410254,1,1,0,1,1,1,1,5,0,1,11,2012,5,20,10,0,3,3,SR-213 (ODOT 160),,130,45.19257222,-122.5853667,0,8,0,0,1,1,0,1,3,10,0,10,0,0000000,20,13,20,19,88,88,0,0,0,1,0
41,410255,2,2,0,0,0,2,2,47,0,2,11,2012,6,14,27,0,3,3,SR-214 (ODOT 140),DOWNS RD,479,45.04215556,-122.7933194,0,12,6,0,2,2,0,1,1,2,0,2,0,0000000,14,27,14,33,99,99,0,0,0,1,0
41,410256,2,2,0,0,0,5,5,51,1650,2,11,2012,6,15,32,0,13,2,US-30BY (ODOT 123),,79,45.57164444,-122.6263917,0,12,6,0,1,1,0,1,1,2,0,2,0,0000000,15,32,15,38,16,18,0,0,0,1,0
41,410257,1,1,0,0,0,2,2,43,0,3,11,2012,7,16,43,0,3,3,SR-226 (ODOT 211),,180,44.73261667,-122.6949472,0,42,0,0,1,1,0,4,1,1,0,1,0,0000000,16,44,16,56,17,54,0,0,0,1,0
41,410258,1,1,0,1,1,2,2,3,0,3,11,2012,7,10,4,0,5,4,CR-SULPHUR SPRNGS RD,,0,44.643,-123.3016056,0,9,0,0,1,1,0,1,1,10,2,2,0,0000000,10,7,10,13,99,99,0,0,0,1,0
41,410259,1,1,0,1,1,3,3,47,0,4,11,2012,1,21,32,1,1,1,I-5,,2770,45.21803611,-122.8197806,0,8,0,0,1,1,0,1,2,1,0,1,0,0000000,21,32,21,40,88,88,0,0,0,1,0
41,410260,1,1,0,0,0,1,1,11,0,4,11,2012,1,1,51,0,4,3,SR-241 (ODOT 241),,36,43.36588611,-124.1528528,0,59,0,0,1,1,0,4,3,10,0,10,0,0000000,1,51,2,5,2,43,0,0,0,1,1
41,410261,1,1,0,0,0,2,2,11,0,6,11,2012,3,23,20,1,2,2,US-101 (ODOT 9),,2275,43.51835,-124.2168167,0,42,0,0,1,1,0,4,2,10,0,10,0,0000000,23,20,23,22,88,88,0,0,0,2,0
41,410262,1,1,0,1,1,2,2,47,1810,7,11,2012,4,17,43,0,13,6,PORTLAND RD NE,,0,44.97411389,-123.0020167,0,9,0,0,1,1,0,1,3,10,0,10,0,0000000,17,43,17,47,18,9,0,0,0,1,0
41,410263,1,1,0,0,0,1,1,3,0,7,11,2012,4,4,0,0,6,4,CR-BOTKIN RD,,10,44.46827222,-123.4612889,0,42,0,0,1,1,0,4,2,10,0,10,0,0000000,88,88,88,88,88,88,0,0,0,1,1
41,410264,2,2,0,0,0,2,2,29,0,9,11,2012,6,11,56,0,3,3,SR-62 (ODOT 22),,134,42.51848889,-122.8124722,0,12,2,0,1,1,0,1,1,10,0,10,0,0000000,11,57,12,2,88,88,0,0,0,1,0
41,410265,1,1,0,0,0,1,1,5,0,10,11,2012,7,99,99,0,6,4,CR-HEIPLE RD,,0,45.31637778,-122.3704056,0,1,0,0,1,1,0,4,2,10,0,10,0,0000000,99,99,99,99,88,88,0,0,0,1,1
41,410266,2,2,0,0,0,3,3,33,0,12,11,2012,2,10,57,1,2,2,US-199 (ODOT 25),,76,42.39288889,-123.4639333,0,12,2,0,1,1,0,1,1,2,0,2,0,0000000,10,57,11,3,11,34,0,0,0,1,0
41,410267,2,2,0,0,0,3,3,43,20,14,11,2012,4,19,52,0,14,6,KNOX BUTTE RD,,0,44.64387222,-123.0468833,0,12,2,0,1,1,0,1,2,10,0,10,0,0000000,19,52,19,57,20,26,0,0,0,1,0
41,410268,1,1,0,0,0,1,1,19,0,15,11,2012,5,8,30,0,5,4,CR-COOS BAY WAGON RD,,18,43.13749444,-123.6496417,0,1,0,0,1,1,0,4,1,10,0,10,0,0000000,8,39,9,0,88,88,0,0,0,1,0
41,410269,1,1,0,0,0,1,1,33,0,17,11,2012,7,99,99,1,1,1,I-5,,796,42.73151389,-123.3699611,0,24,0,0,1,1,0,4,2,2,0,2,0,0000000,7,34,7,45,88,88,0,0,0,1,1
41,410270,2,2,0,0,0,2,2,19,1780,17,11,2012,7,9,28,0,13,3,SR-138 (ODOT 138),,20,43.21493611,-123.2680972,0,12,2,0,1,1,0,1,1,98,0,98,0,0000000,99,99,99,99,99,99,0,0,0,1,0
41,410271,2,2,0,0,0,3,3,39,0,19,11,2012,2,17,35,1,2,3,SR-58 (ODOT 18),,145,43.909475,-122.7567333,0,12,2,0,1,1,0,1,2,2,0,2,0,0000000,17,37,18,4,19,5,0,0,0,1,1
41,410272,1,1,0,2,2,1,1,51,1650,20,11,2012,3,20,20,0,14,6,SE WASHINGTON ST,SE 108TH AVE,0,45.51881111,-122.5527139,0,8,0,0,3,2,0,1,3,2,0,2,0,0000000,20,22,20,29,20,50,0,0,0,1,0
41,410273,2,2,0,0,0,2,2,5,0,21,11,2012,4,7,51,0,14,4,CR-SE 122ND AVE,CR-SE MATHER RD,0,45.42497222,-122.5381139,0,12,6,0,2,2,0,1,1,10,0,10,0,0000000,7,51,7,55,8,28,0,0,0,1,0
41,410274,1,1,0,0,0,1,1,49,0,21,11,2012,4,6,54,0,5,4,CR-TOWER RD,,0,45.81075556,-119.7972194,0,1,0,0,1,1,0,4,4,10,0,10,0,0000000,6,56,7,9,7,55,0,0,0,1,0
41,410275,2,2,0,0,0,4,4,3,0,22,9,2012,7,18,18,0,3,3,SR-34 (ODOT 27),,308,44.36782222,-123.6657556,0,12,2,0,1,1,0,1,1,1,0,1,0,0000000,18,18,18,38,99,99,0,0,0,1,0
41,410276,1,1,0,3,3,1,1,71,1490,8,10,2012,2,15,44,0,14,6,E 4TH ST,S MERIDIAN ST,0,45.29783333,-122.9705778,0,15,0,0,3,2,0,1,1,1,0,1,0,0000000,15,44,15,46,16,34,0,0,0,1,0
41,410277,1,1,0,0,0,1,1,25,0,28,10,2012,1,0,28,0,3,3,SR-205 (ODOT 440),,95,43.41678333,-118.9847167,0,41,0,0,1,1,0,4,2,10,0,10,0,0000000,0,28,0,42,99,99,0,0,0,1,1
41,410278,1,1,0,0,0,1,1,47,1810,18,11,2012,1,3,8,0,14,6,HOOD ST NE,FAIRGROUNDS RD NE,0,44.95223056,-123.0281167,0,19,0,0,3,7,0,5,3,10,2,2,0,0000000,3,9,3,12,88,88,0,0,0,1,1
41,410279,1,1,0,1,1,1,1,19,1780,18,11,2012,1,22,19,0,14,6,NW GARDEN VALLEY BLV,,0,43.22903056,-123.3683417,0,8,0,0,1,1,0,1,3,10,0,10,0,0000000,22,19,22,24,22,38,0,0,0,1,0
41,410281,1,1,0,1,1,3,3,5,0,22,11,2012,5,18,25,0,2,3,SR-213 (ODOT 160),,85,45.44368611,-122.5789528,0,8,0,0,1,1,0,1,3,1,0,1,0,0000000,18,25,18,32,18,55,0,0,0,1,0
41,410282,2,2,0,0,0,2,2,51,0,26,11,2012,2,99,99,0,14,3,SR-43 (ODOT 3),,48,45.43623056,-122.6533194,0,12,6,0,1,1,0,1,2,10,0,10,0,0000000,1,27,1,37,2,2,0,0,0,1,1
41,410283,1,1,0,0,0,1,1,45,0,28,11,2012,4,22,50,1,2,2,US-95 (ODOT 456),,582,42.81796389,-117.6871472,0,1,0,0,1,1,0,4,2,10,0,10,0,0000000,23,30,0,8,88,88,0,0,0,1,0
41,410284,1,1,0,1,1,1,1,67,180,28,11,2012,4,18,38,1,13,6,SW MILLIKAN WAY,SW MURRAY BLVD,0,45.49445556,-122.8262806,0,8,0,0,3,2,0,1,3,10,0,10,0,0000000,18,39,18,43,19,10,0,0,0,1,0
41,410285,1,1,0,1,1,1,1,39,660,29,11,2012,5,8,41,0,14,6,CHAMBERS ST,W 18TH AVE,0,44.04044167,-123.1177722,0,8,0,0,3,2,0,1,1,2,0,2,0,0000000,8,42,8,48,9,8,0,0,0,1,0
41,410286,2,2,0,0,0,3,3,53,0,29,11,2012,5,12,25,0,3,3,SR-223 (ODOT 189),RICKREALL RD,35,44.92876667,-123.2464806,0,12,6,0,2,3,0,1,1,1,0,1,0,0000000,12,27,12,28,13,13,0,0,0,1,0
41,410287,1,1,0,0,0,1,1,5,0,29,11,2012,5,20,15,0,6,4,CR-SE LARENCE RD,,0,45.29162222,-122.3121139,0,32,0,0,1,1,0,4,2,10,0,10,0,0000000,20,16,20,23,88,88,0,0,0,1,1
41,410288,2,2,0,0,0,3,3,7,0,30,11,2012,6,18,30,1,2,2,US-30 (ODOT 92),BURNSIDE LOOP RD,880,46.16671111,-123.6984139,0,12,6,0,2,3,0,1,2,2,0,2,0,0000000,18,35,99,99,99,99,0,0,0,1,1
41,410289,1,1,0,0,0,1,1,57,0,2,12,2012,1,8,34,0,4,4,CR-RESORT DR,,15,45.20471111,-123.9489778,0,58,0,0,1,1,0,5,2,2,0,2,0,0000000,88,88,88,88,88,88,0,0,0,1,1
41,410290,1,1,0,0,0,1,1,39,0,6,12,2012,5,20,45,0,3,4,CR-RIVER RD,,25,44.20356667,-123.1727833,0,30,0,0,1,1,0,4,2,10,0,10,0,0000000,20,45,20,52,88,88,0,0,0,1,1
41,410291,1,1,0,0,0,1,1,59,0,8,12,2012,7,2,20,0,5,4,CR-BIRCH CREEK RD,,0,45.97663056,-118.3353444,0,35,0,0,1,1,0,4,2,1,0,1,0,0000000,2,21,2,31,88,88,0,0,0,1,1
41,410292,1,1,0,0,0,4,4,19,0,8,12,2012,7,23,19,0,4,4,CR-HAPPY VALLEY RD,,44,43.15395,-123.4582722,0,1,0,0,1,1,0,1,2,1,0,1,0,0000000,23,20,23,29,0,5,0,0,0,1,0
41,410293,1,1,0,1,1,1,1,53,0,10,12,2012,2,16,55,1,2,3,SR-18 (ODOT 39),,239,45.050675,-123.5081694,0,8,0,0,1,1,0,1,2,10,0,10,0,0000000,16,56,17,2,88,88,0,0,0,1,0
41,410294,1,1,0,1,1,1,1,39,660,11,12,2012,3,17,49,0,14,6,ROYAL AVE,,0,44.07006389,-123.179825,0,8,0,0,1,1,0,1,3,2,0,2,0,0000000,17,49,17,55,18,16,0,0,0,1,1
41,410295,1,1,0,0,0,3,3,67,1000,24,11,2012,7,17,7,0,15,6,NW 229TH AVE,,0,45.54816944,-122.9101056,0,42,0,0,1,1,0,4,3,10,0,10,0,0000000,17,7,17,12,17,45,0,0,0,1,0
41,410296,2,2,0,0,0,6,6,17,0,15,12,2012,7,18,28,1,2,2,US-97 (ODOT 4),,1135,44.33945278,-121.1779639,0,12,6,0,1,1,0,1,2,4,0,4,0,0000000,18,30,18,40,19,14,0,0,0,2,0
41,410297,1,1,0,0,0,2,2,39,0,15,12,2012,7,13,25,1,2,3,SR-126 (ODOT 15),,506,44.17348333,-122.1580778,0,1,0,0,1,1,0,4,1,4,0,4,0,0000000,13,28,13,41,88,88,0,0,0,1,0
41,410298,1,1,0,1,1,1,1,51,1650,18,12,2012,3,6,26,0,13,6,BEAVERTON-HILLSDALE,SW SHATTUCK RD,0,45.48705833,-122.7316417,0,8,0,0,3,2,0,1,3,10,4,4,0,0000000,6,26,6,32,88,88,0,0,0,1,0
41,410299,2,2,0,0,0,8,8,35,0,20,12,2012,5,19,30,1,2,2,US-97 (ODOT 4),,1840,43.48711111,-121.682575,0,12,2,0,1,1,0,1,2,4,0,4,0,0000000,19,32,19,41,21,0,0,0,0,1,0
41,410300,2,2,0,0,0,4,4,47,0,21,12,2012,6,22,29,0,3,3,SR-99 (ODOT 81),,340,45.11945278,-122.8606639,0,12,2,0,1,1,0,1,2,1,0,1,0,0000000,22,29,22,37,23,30,0,0,0,1,1
41,410301,1,1,0,0,0,2,2,67,0,6,10,2012,7,3,38,0,15,4,CR-SW GASSNER RD,,0,45.45844722,-122.8854556,0,42,0,0,1,1,0,4,2,10,0,10,0,0000000,3,39,3,48,4,47,0,0,0,1,1
41,410302,1,1,0,0,0,5,5,33,0,14,10,2012,1,2,50,0,6,4,CR-GRANITE HILL RD,,0,42.49659444,-123.2523639,0,42,0,0,1,1,0,4,2,5,0,5,0,0000000,2,50,3,17,4,7,0,0,0,1,1
41,410303,2,2,0,0,0,2,2,5,0,21,12,2012,6,13,30,0,3,3,SR-99E (ODOT 81),,179,45.36918056,-122.6011667,0,12,2,0,1,1,0,1,1,10,0,10,0,0000000,13,31,13,36,14,29,0,0,0,1,0
41,410304,1,1,0,0,0,1,1,51,880,21,12,2012,6,0,50,0,14,6,SE ORIENT DR,,0,45.47765556,-122.387575,0,42,0,0,1,1,0,4,2,2,0,2,0,0000000,0,57,1,3,88,88,0,0,0,1,1
41,410305,2,2,0,0,0,5,5,27,0,23,12,2012,1,14,27,1,2,3,SR-35 (ODOT 26),,620,45.28778611,-121.6867833,0,12,6,0,1,1,0,1,1,4,0,4,0,0000000,14,30,15,3,88,88,0,0,0,1,0
41,410306,3,2,1,0,0,3,3,51,1650,24,12,2012,2,16,17,0,14,6,SE 11TH AVE,SE SHERMAN ST,0,45.50649444,-122.6547417,0,12,6,0,2,2,0,1,5,10,0,10,0,0000000,16,17,16,21,88,88,0,0,0,1,0
41,410307,2,2,0,0,0,4,4,59,0,26,12,2012,4,13,15,1,2,3,SR-11 (ODOT 8),W FERNDALE RD,339,45.98036389,-118.3873056,0,12,6,0,2,2,0,1,1,10,0,10,0,0000000,13,17,13,17,99,99,0,0,0,1,0
41,410308,1,1,0,0,0,2,2,59,0,30,12,2012,1,6,40,1,1,1,I-84,,1917,45.77824444,-119.2921639,0,1,0,0,1,1,0,3,2,10,0,10,0,0000000,6,46,6,59,7,32,0,0,0,1,0
41,410309,1,1,0,0,0,47,47,59,0,30,12,2012,1,10,10,1,1,1,I-84,,2275,45.59436667,-118.5253028,0,24,0,0,1,1,0,3,1,10,0,10,0,0000000,10,10,10,33,18,35,0,0,0,9,0
41,410310,1,1,0,1,1,1,1,39,0,31,12,2012,2,15,15,0,4,4,CR-LONDON RD,,76,43.65313056,-123.0815944,0,8,0,0,1,1,0,2,1,10,0,10,0,0000000,15,22,15,51,88,88,0,0,0,1,0
41,410311,1,1,0,0,0,2,2,65,0,31,12,2012,2,16,36,1,1,1,I-84,,693,45.68778333,-121.4119361,0,24,0,0,1,1,0,4,5,10,0,10,0,0000000,16,39,16,56,99,99,0,0,0,1,0
41,410312,1,1,0,1,1,1,1,51,0,29,10,2012,2,19,50,0,6,4,CR-SE LUSTED RD,,0,45.47223611,-122.2980556,0,8,0,0,1,1,0,1,2,2,0,2,0,0000000,19,50,19,53,88,88,0,0,0,1,0
41,410313,1,1,0,0,0,1,1,51,880,19,9,2012,4,16,56,0,15,6,SW BUTLER RD,,0,45.47024722,-122.4481944,0,42,0,0,1,1,0,4,1,1,0,1,0,0000000,16,58,17,3,17,34,0,0,0,1,0
41,410314,2,2,0,0,0,2,2,29,0,2,11,2012,6,8,44,0,5,4,CR-ANTELOPE RD,,30,42.427325,-122.8580667,0,12,1,0,8,1,0,1,1,10,0,10,0,0000000,8,44,8,47,99,99,0,0,0,1,0
41,410315,1,1,0,1,1,1,1,71,1490,3,10,2012,4,14,10,0,14,3,SR-99 (ODOT 91),,222,45.30601389,-122.9482861,0,15,0,0,4,1,0,1,1,98,0,98,0,0000000,99,99,99,99,99,99,0,0,0,1,0
41,410316,1,1,0,0,0,1,1,33,0,3,10,2012,4,17,0,0,4,4,CR-NEW HOPE RD,CR-STRINGER GAP RD,0,42.36904444,-123.3669833,0,99,0,0,2,2,0,99,1,98,0,98,0,0000000,99,99,99,99,99,99,0,0,0,1,0
41,410317,1,1,0,0,0,2,2,31,0,8,10,2012,2,99,99,0,5,4,CR-TENINO RD,,95,44.73312778,-121.4354056,3,58,0,0,1,1,0,4,9,98,0,98,0,0000000,99,99,99,99,99,99,0,0,0,1,1
41,410318,2,2,0,0,0,3,3,47,1030,20,11,2012,3,15,0,0,3,3,SR-99 (ODOT 81),,289,45.18554722,-122.8007639,0,12,1,0,1,1,0,1,1,98,0,98,0,0000000,99,99,99,99,99,99,0,0,0,1,0
41,410319,1,1,0,0,0,1,1,51,0,11,12,2012,3,19,39,0,4,4,CR-NW SAUVIE ISLAND RD,CR-NW REEDER RD,0,45.65255278,-122.8321417,0,31,0,0,3,3,0,4,2,98,0,98,0,0000000,99,99,99,99,99,99,0,0,0,1,0
42,420001,1,1,0,0,0,3,3,119,0,7,1,2012,7,2,10,0,4,3,SR-235,,34,40.87836944,-77.19876667,0,42,0,0,1,1,0,4,2,1,0,1,0,0000000,99,99,99,99,99,99,0,0,0,1,1
42,420002,1,1,0,0,0,1,1,107,0,29,1,2012,1,7,30,1,1,1,I-81 AMERICAN LEGION MEMOR HWY,,989,40.5256,-76.43524722,0,42,0,0,1,1,0,4,1,1,0,1,0,0000000,99,99,99,99,88,88,0,0,0,1,0
42,420003,1,1,0,0,0,1,1,107,0,7,1,2012,7,15,30,0,4,3,SR-4034 ARISTES RD,,8,40.84029444,-76.28521667,0,42,0,0,1,1,0,4,1,1,0,1,0,0000000,99,99,99,99,88,88,0,0,0,1,1
42,420004,1,1,0,0,0,4,4,17,0,28,1,2012,7,3,14,0,3,3,SR-212 QUAKERTOWN RD,,47,40.49764444,-75.30701111,0,34,0,0,1,1,0,4,2,1,0,1,0,0000000,3,18,3,24,99,99,0,0,0,1,1
42,420005,1,1,0,0,0,1,1,133,0,7,1,2012,7,19,47,0,4,3,SR-124 EAST PROSPECT RD,,91,39.966425,-76.54683056,0,30,0,0,1,1,0,4,2,1,0,1,0,0000000,19,48,19,53,88,88,0,0,0,1,1
42,420006,1,1,0,0,0,1,1,97,0,12,1,2012,5,11,30,1,2,3,SR-61,,145,40.84818333,-76.59114722,0,33,0,0,1,1,0,4,1,2,0,2,0,0000000,99,99,99,99,88,88,0,0,0,1,0
42,420007,1,1,0,0,0,1,1,123,0,24,1,2012,3,7,0,0,5,3,SR-4003 PLANK RD,,19,41.96398611,-79.58963611,0,42,0,0,1,1,0,4,4,1,0,1,0,0000000,7,10,7,22,7,50,0,0,0,1,0
42,420008,1,1,0,0,0,1,1,29,0,4,1,2012,4,0,20,0,6,5,STATE RD,,0,39.81506944,-75.81812778,0,42,0,0,1,1,0,5,2,1,0,1,0,0000000,0,19,0,30,88,88,0,0,0,1,1
42,420009,1,1,0,1,1,1,1,67,8420,31,1,2012,3,21,10,0,5,3,SR-333 MAIN ST,POND ST,217,40.56490278,-77.23315556,0,8,0,0,2,3,0,1,2,1,0,1,0,0000000,21,16,21,18,21,47,0,0,0,1,0
42,420010,1,1,0,0,0,1,1,17,615,24,1,2012,3,19,48,1,12,3,SR-63 WOODHAVEN RD,,3,40.07326389,-74.96310833,0,25,0,0,1,1,0,3,3,1,0,1,0,0000000,19,53,19,59,88,88,0,0,0,1,0
42,420011,1,1,0,0,0,1,1,9,0,8,1,2012,1,16,39,0,6,5,BELDEN RD,,0,40.06518056,-78.51103889,0,31,0,0,1,1,0,4,1,1,0,1,0,0000000,16,38,16,49,88,88,0,0,0,1,1
42,420012,1,1,0,1,1,1,1,3,6600,12,1,2012,5,16,21,0,16,6,LIBERTY AVENUE,,0,40.44437778,-79.99311667,0,8,0,0,1,1,0,1,1,2,0,2,0,0000000,99,99,99,99,99,99,0,0,0,1,0
42,420013,2,2,0,0,0,2,2,3,5640,8,1,2012,1,11,41,1,13,3,SR-837,,147,40.40772778,-79.89156944,0,12,2,0,1,1,0,1,1,1,0,1,0,0000000,11,42,11,48,12,27,0,0,0,1,0
42,420014,1,1,0,0,0,2,2,51,0,3,1,2012,3,16,25,1,13,2,US-119,,332,40.08945833,-79.55919444,0,24,0,0,1,1,0,2,5,4,0,4,0,0000000,16,21,16,28,17,37,0,0,0,1,0
42,420015,1,1,0,0,0,1,1,111,780,1,1,2012,1,23,5,0,4,3,SR-601,,126,40.16875278,-79.02805278,0,42,0,0,1,1,0,4,2,4,0,4,0,0000000,23,13,23,16,88,88,0,0,0,1,1
42,420016,1,1,0,0,0,2,2,3,3200,25,1,2012,4,2,40,0,6,6,MANSFIELD BRIDGE,,0,40.34450556,-79.88376389,0,24,0,0,1,1,0,2,3,1,0,1,0,0000000,2,53,2,58,3,14,0,0,0,1,0
42,420017,1,1,0,0,0,3,3,89,0,4,1,2012,4,13,17,0,16,6,ASTOLAT ROAD,,0,40.9416,-75.44963889,0,42,0,0,1,1,0,4,1,1,0,1,0,0000000,99,99,99,99,99,99,0,0,0,1,0
42,420018,1,1,0,1,1,1,1,83,0,5,1,2012,5,18,0,0,6,5,KINGS RUN RD,,0,41.99376667,-78.27325,0,8,0,0,1,1,0,1,2,1,0,1,0,0000000,99,99,99,99,99,99,0,0,0,1,0
42,420019,1,1,0,1,1,1,1,77,0,27,1,2012,6,18,6,1,12,2,US-22 LEHIGH VALLEY THRUWAY,,26,40.60290556,-75.55201667,0,8,0,0,1,1,0,1,2,1,0,1,0,0000000,99,99,99,99,99,99,0,0,0,1,0
42,420020,1,1,0,0,0,1,1,89,0,6,1,2012,6,99,99,0,4,3,SR-447,,32,41.02695556,-75.19800833,0,30,0,0,1,1,0,4,1,1,0,1,0,0000000,99,99,99,99,99,99,0,0,0,1,0
42,420021,1,1,0,0,0,1,1,69,0,18,1,2012,4,5,8,0,6,5,CENTER ST,,0,41.31211944,-75.501575,0,42,0,0,1,1,0,4,2,1,0,1,0,0000000,5,7,5,21,88,88,4,0,0,1,0
42,420022,1,1,0,0,0,1,1,33,0,3,1,2012,3,15,18,0,5,3,SR-4011,,6,41.0782,-78.73506667,0,30,0,0,1,1,0,4,1,4,0,4,0,0000000,15,22,15,31,88,88,0,0,0,1,0
42,420023,1,1,0,0,0,1,1,91,0,13,1,2012,6,10,55,0,16,6,SYCAMORE AVENUE,,0,40.00131111,-75.24759167,0,59,0,0,1,1,0,6,1,1,0,1,0,0000000,10,57,11,3,11,24,0,0,0,1,0
42,420024,1,1,0,0,0,1,1,121,8217,13,1,2012,6,9,26,0,15,3,SR-4010,,35,41.42390556,-79.88531389,0,35,0,0,1,1,0,6,1,4,0,4,0,0000000,99,99,99,99,99,99,0,0,0,1,0
42,420025,1,1,0,1,1,2,2,91,870,23,1,2012,2,20,52,1,13,2,US-202 DEKALB ST,SIXTH ST,37,40.10433056,-75.34764167,0,8,0,0,3,2,0,1,3,5,0,5,0,0000000,20,52,20,58,21,11,0,0,0,1,0
42,420026,1,1,0,1,1,2,2,17,0,16,1,2012,2,18,39,0,14,3,SR-2033 WOODBOURNE RD,,32,40.16233889,-74.871,0,8,0,0,1,1,0,1,2,1,0,1,0,0000000,88,88,88,88,88,88,0,0,0,1,1
42,420027,1,1,0,0,0,1,1,101,6540,29,1,2012,1,3,29,1,11,1,I-76 SCHUYLKILL EXPY,,3402,40.00730278,-75.1998,0,25,0,0,1,1,0,4,3,1,0,1,0,0000000,3,34,3,44,88,88,0,0,0,1,1
42,420028,1,1,0,1,1,1,1,17,0,6,1,2012,6,7,46,1,13,3,SR-132 STREET RD,,82,40.15859722,-75.01582222,0,8,0,0,1,1,0,1,1,1,0,1,0,0000000,7,46,7,47,8,3,0,0,0,1,1
42,420029,1,1,0,0,0,4,4,17,0,20,1,2012,6,22,45,0,15,3,SR-2067 HOLLAND RD,,3,40.17790278,-74.98564167,0,35,0,0,1,1,0,5,3,1,0,1,0,0000000,99,99,99,99,99,99,0,0,0,1,0
42,420030,1,1,0,1,1,3,3,43,3500,28,1,2012,7,2,52,0,13,3,SR-230 CAMERON ST,,29,40.24506667,-76.86040278,0,9,0,0,1,1,0,1,3,1,0,1,0,0000000,99,99,99,99,99,99,0,0,0,1,1
42,420031,1,1,0,0,0,2,2,97,0,16,1,2012,2,20,29,0,3,3,SR-901,,12,40.77460278,-76.50908611,0,24,0,0,1,1,0,2,2,3,0,3,0,0000000,99,99,99,99,99,99,0,0,0,1,0