STATE,ST_CASE,VE_TOTAL,VE_FORMS,PVH_INVL,PEDS,PERNOTMVIT,PERMVIT,PERSONS,COUNTY,CITY,DAY,MONTH,YEAR,DAY_WEEK,HOUR,MINUTE,NHS,ROAD_FNC,ROUTE,TWAY_ID,TWAY_ID2,MILEPT,LATITUDE,LONGITUD,SP_JUR,HARM_EV,MAN_COLL,RELJCT1,RELJCT2,TYP_INT,WRK_ZONE,REL_ROAD,LGT_COND,WEATHER1,WEATHER2,WEATHER,SCH_BUS,RAIL,NOT_HOUR,NOT_MIN,ARR_HOUR,ARR_MIN,HOSP_HR,HOSP_MN,CF1,CF2,CF3,FATALS,DRUNK_DR
42,420032,1,1,0,0,0,1,1,1,0,18,1,2012,4,17,35,0,6,5,KINNEMAN RD,,0,39.87579167,-76.99566389,0,58,0,0,1,1,0,1,2,1,0,1,0,0000000,17,39,17,45,88,88,0,0,0,1,0
42,420033,1,1,0,1,1,1,1,101,6540,13,1,2012,6,20,16,0,14,3,SR-1005 CASTOR AV,,47,40.03346944,-75.08319167,0,8,0,0,1,1,0,1,3,1,0,1,0,0000000,20,16,20,26,20,41,0,0,0,1,0
42,420034,1,1,0,1,1,1,1,101,6540,23,1,2012,2,15,39,0,16,6,WOODLAND AV,FORTYNINTH ST,0,39.94083889,-75.21258611,0,8,0,0,3,2,0,1,1,2,0,2,0,0000000,15,35,15,42,88,88,0,0,0,1,0
42,420035,1,1,0,1,1,1,1,11,800,10,1,2012,3,17,34,0,14,3,SR-562 READING AV,,135,40.33029167,-75.644275,0,8,0,0,1,1,0,1,3,2,0,2,0,0000000,99,99,99,99,99,99,0,0,0,1,0
42,420036,1,1,0,0,0,3,3,101,6540,29,1,2012,1,3,48,0,13,3,SR-2001 RICHMOND ST,,66,39.97323056,-75.11943889,0,30,0,0,1,1,4,4,3,1,0,1,0,0000000,3,48,3,53,4,20,0,0,0,2,1
42,420037,1,1,0,1,1,2,2,129,6030,28,1,2012,7,22,50,1,11,1,I-70,,6,40.13345556,-79.86562222,0,8,0,0,1,1,0,1,2,1,0,1,0,0000000,99,99,22,56,88,88,0,0,0,1,0
42,420038,2,2,0,0,0,2,2,5,0,6,1,2012,6,11,25,0,14,3,SR-66,SR-128 FIFTH AV,194,40.77969167,-79.52133056,0,12,6,0,2,2,0,1,1,1,0,1,0,0000000,11,30,11,42,88,88,0,0,0,1,0
42,420039,2,2,0,0,0,2,2,45,0,19,1,2012,5,7,39,0,14,3,SR-1005 EAGLE RD,MARYLAND AVE,14,39.97823333,-75.31863333,0,12,6,0,2,2,0,1,1,1,0,1,0,0000000,99,99,99,99,99,99,0,0,0,1,0
42,420040,2,2,0,0,0,3,3,49,2640,6,1,2012,6,2,5,0,16,6,FOURTEENTH ST,FRENCH ST,0,42.12221389,-80.07876944,0,12,6,0,2,2,0,1,3,1,0,1,0,0000000,2,24,2,28,99,99,0,0,0,1,2
42,420041,1,1,0,0,0,1,1,127,0,19,1,2012,5,3,50,0,4,3,SR-670,,81,41.68269722,-75.33695833,0,41,0,0,1,1,0,4,2,1,0,1,0,0000000,3,55,4,5,88,88,0,0,0,1,1
42,420042,1,1,0,0,0,1,1,117,0,2,1,2012,2,14,8,0,5,3,SR-2018,,10,41.74227222,-77.24196944,0,32,0,0,1,1,0,4,1,4,0,4,0,0000000,14,8,99,99,14,33,0,0,0,1,0
42,420043,1,1,0,0,0,1,1,7,0,17,1,2012,3,11,2,0,14,3,SR-3007,,19,40.57921389,-80.25670556,0,38,0,0,1,1,0,4,1,1,0,1,0,0000000,99,99,99,99,99,99,0,0,0,1,0
42,420044,1,1,0,0,0,3,3,101,6540,4,1,2012,4,20,0,0,16,6,FRANKLIN MILLS CIRCLE,,0,40.09335556,-74.95755833,0,99,99,0,1,1,0,2,3,1,0,1,0,0000000,19,56,20,8,88,88,0,0,0,3,1
42,420045,1,1,0,0,0,1,1,75,7894,20,1,2012,6,16,10,1,13,2,US-422,,96,40.34157778,-76.40192222,0,35,0,0,1,1,0,6,1,1,0,1,0,0000000,16,14,16,18,17,2,0,0,0,1,0
42,420046,1,1,0,0,0,1,1,29,0,20,1,2012,6,0,43,0,14,3,SR-2022,,37,40.02654167,-75.55063611,0,59,0,0,1,1,0,6,3,1,0,1,0,0000000,0,45,0,51,1,3,0,0,0,1,1
42,420047,2,2,0,0,0,2,2,11,0,11,1,2012,4,22,26,1,13,2,US-222 ALLENTOWN PK,SR-1001 SNYDER RD,187,40.44536667,-75.9034,0,12,6,0,3,4,0,1,3,2,0,2,0,0000000,99,99,99,99,99,99,0,0,0,1,0
42,420048,2,2,0,0,0,2,2,81,0,10,1,2012,3,16,0,0,4,3,SR-44 COUDERSPORT PK,,235,41.24194722,-77.32720278,0,12,2,0,1,1,0,1,1,1,0,1,0,0000000,16,3,16,21,16,57,0,0,0,1,1
42,420049,2,2,0,0,0,2,2,37,0,17,1,2012,3,5,30,0,4,3,SR-642 DANVILLE RD,,7,41.065725,-76.58028889,0,12,8,0,1,1,0,1,2,2,0,2,0,0000000,99,99,99,99,99,99,0,0,0,1,0
42,420050,1,1,0,0,0,2,2,71,0,18,1,2012,4,19,50,1,2,3,SR-283/300,,61,40.12955278,-76.52471111,0,58,0,0,1,1,0,5,2,1,0,1,0,0000000,19,56,20,5,99,99,0,0,0,1,0
42,420051,2,2,0,0,0,4,4,51,0,13,1,2012,6,13,42,0,14,3,SR-1051 BREAKNECK RD,,114,40.02971667,-79.57008889,0,12,6,0,1,1,0,1,1,4,0,4,0,0000000,13,38,13,42,14,15,0,0,0,2,0
42,420052,2,2,0,0,0,2,2,113,0,29,1,2012,1,4,30,0,3,2,US-220,,26,41.34385556,-76.585325,0,12,6,0,1,1,0,1,2,1,0,1,0,0000000,4,37,4,51,88,88,0,0,0,1,1
42,420053,2,2,0,0,0,2,2,95,0,31,1,2012,3,6,49,1,11,1,I-78,,749,40.66888611,-75.22363611,0,12,1,0,1,1,0,2,2,1,0,1,0,0000000,99,99,99,99,88,88,23,0,0,1,0
42,420054,2,2,0,0,0,3,3,63,0,23,1,2012,2,16,2,0,3,3,SR-286,,345,40.70881944,-78.96126667,0,31,0,0,1,1,0,4,1,1,0,1,0,0000000,16,2,16,21,17,10,0,0,0,1,1
42,420055,2,1,1,0,1,1,2,29,0,21,1,2012,7,10,2,1,11,1,I-76,,3078,40.09570556,-75.73564444,0,14,0,0,1,1,0,2,1,4,0,4,0,0000000,9,59,10,19,11,28,19,0,0,1,0
42,420056,2,2,0,0,0,2,2,79,0,4,1,2012,4,15,47,0,3,2,US-11 SALEM BL,,46,41.07554444,-76.14357222,0,12,2,0,1,1,0,1,1,1,0,1,0,0000000,15,58,16,24,99,99,0,0,0,1,1
42,420057,3,3,0,0,0,3,3,89,0,14,1,2012,7,2,55,1,2,3,SR-33,,179,40.86565278,-75.29611389,0,12,2,0,1,1,0,1,2,1,0,1,0,0000000,99,99,99,99,99,99,0,0,0,1,0
42,420058,2,2,0,0,0,4,4,71,0,1,1,2012,1,1,2,0,14,3,SR-272 READING RD,,364,40.21129444,-76.130775,0,12,1,0,1,1,0,1,2,1,0,1,0,0000000,1,4,1,8,1,52,0,0,0,2,2
42,420059,2,1,1,0,0,1,1,37,740,8,1,2012,1,18,4,0,14,3,SR-4009 MILLVILLE RD,,10,41.01424722,-76.46748056,0,14,0,0,1,1,0,5,3,1,0,1,0,0000000,99,99,99,99,88,88,0,0,0,1,0
42,420060,2,2,0,0,0,3,3,71,0,19,1,2012,5,14,15,0,14,3,SR-462 COLUMBIA AV,,89,40.03995833,-76.36830278,0,12,2,0,1,1,0,1,1,1,0,1,0,0000000,14,22,14,25,14,47,0,0,0,1,0
42,420061,2,2,0,0,0,3,3,101,6540,16,1,2012,2,15,2,0,13,3,SR-3007 KELLY DR,,51,39.99225833,-75.194475,0,12,2,0,1,1,0,1,1,1,0,1,0,0000000,14,52,14,58,15,28,0,0,0,2,0
42,420062,2,2,0,0,0,4,4,101,6540,21,1,2012,7,2,15,0,16,6,E HUNTING PARK AV,,0,40.01331944,-75.12198611,0,12,6,0,1,1,0,1,3,4,0,4,0,0000000,2,14,2,22,2,44,0,0,0,2,1
42,420063,2,2,0,0,0,5,5,101,6540,29,1,2012,1,10,53,0,16,6,YORK ST,TWENTYFOURTH ST,0,39.99145556,-75.17176389,0,12,6,0,2,2,0,1,1,1,0,1,0,0000000,10,52,10,55,11,11,0,0,0,1,0
42,420064,1,1,0,0,0,1,1,29,0,8,1,2012,1,22,27,0,14,3,SR-352 N CHESTER RD,E BOOT RD,34,39.99209167,-75.54354167,0,19,0,0,3,3,0,5,2,1,0,1,0,0000000,22,27,22,35,88,88,0,0,0,1,0
42,420065,2,2,0,0,0,4,4,51,0,21,2,2012,3,19,4,0,13,3,SR-21 MCCLELLANDTOWN RD,,107,39.902375,-79.75223056,0,12,6,0,8,1,0,1,3,1,0,1,0,0000000,99,99,99,99,99,99,0,0,0,1,0
42,420066,2,2,0,0,0,2,2,77,0,1,2,2012,4,19,26,0,14,3,SR-329 OLD POST RD,,20,40.68056389,-75.57608056,0,12,6,0,1,1,0,1,2,1,0,1,0,0000000,99,99,99,99,88,88,0,0,0,2,0
42,420067,2,2,0,0,0,2,2,99,4540,6,2,2012,2,21,10,1,2,2,US-11 SUSQUEHANNA TR,,243,40.58118889,-76.98018056,0,12,6,0,8,1,0,1,3,1,0,1,0,0000000,21,21,21,31,88,88,0,0,0,1,0
42,420068,1,1,0,0,0,1,1,9,0,12,2,2012,1,17,47,0,6,3,SR-1017 HICKORY BOTTOM RD,,26,40.23309722,-78.35140833,0,35,0,0,1,1,0,4,2,1,0,1,0,0000000,17,47,18,1,88,88,0,0,0,1,0
42,420069,3,3,0,0,0,9,9,33,0,19,1,2012,5,21,15,1,1,1,I-80,,1274,40.99823056,-78.26904722,0,12,7,0,1,1,0,1,2,4,0,4,0,0000000,21,23,21,40,23,23,0,0,0,1,0
42,420070,1,1,0,0,0,1,1,85,0,18,2,2012,7,14,0,0,4,2,US-19 FRANKLIN ST,SR-62 FRANKLIN RD,85,41.23511111,-80.23803333,0,35,0,0,3,4,0,4,1,1,0,1,0,0000000,14,8,14,10,88,88,0,0,0,1,1
42,420071,1,1,0,0,0,1,1,77,0,16,2,2012,5,19,9,0,6,3,SR-2029 PALM RD,,2,40.44811111,-75.52530833,0,42,0,0,1,1,0,5,2,2,0,2,0,0000000,99,99,99,99,88,88,4,0,0,1,0
42,420072,3,3,0,0,0,3,3,45,0,1,1,2012,1,5,50,1,11,1,I-95,,15,39.83204167,-75.426925,0,12,7,0,1,1,0,1,2,1,0,1,0,0000000,99,99,99,99,99,99,23,0,0,1,0
42,420073,2,1,1,0,0,2,2,101,6540,16,2,2012,5,9,31,0,16,6,WILLIAMS AV,LIMEKILN PK,0,40.06856111,-75.15997222,0,14,0,0,3,4,0,2,1,2,0,2,0,0000000,9,31,9,36,10,9,0,0,0,1,0
42,420074,2,2,0,0,0,3,3,49,0,2,2,2012,5,18,45,1,2,2,US-SR3006 CROSSINGVILLE RD,,176,41.88089167,-80.16343333,0,12,8,0,1,1,0,1,2,1,0,1,0,0000000,18,47,18,59,19,40,0,0,0,1,0
42,420075,1,1,0,0,0,1,1,55,0,22,2,2012,4,12,54,0,3,3,SR-16 BUCHANAN TR,,24,39.86934722,-77.95641389,0,1,0,0,1,1,0,2,1,1,0,1,0,0000000,99,99,99,99,99,99,0,0,0,1,0
42,420076,9,3,6,0,0,5,5,11,6900,22,2,2012,4,23,25,0,14,3,SR-2007 NORTH NINTH ST,,14,40.35211944,-75.91961667,0,12,1,0,1,1,0,1,3,1,0,1,0,0000000,99,99,99,99,99,99,20,14,0,1,1
42,420077,1,1,0,0,0,5,5,103,0,18,2,2012,7,20,20,0,3,3,SR-402,,135,41.32134167,-75.11679722,0,35,0,0,1,1,0,4,2,8,0,8,0,0000000,20,22,20,43,22,0,0,0,0,1,0
42,420078,1,1,0,0,0,1,1,39,0,22,2,2012,4,6,20,0,2,2,US-322 TWENTYEIGHTH DIVISIO HW,,24,41.50905556,-80.48582778,0,35,0,0,1,1,0,4,2,8,0,8,0,0000000,6,33,6,50,88,88,0,0,0,1,0
42,420079,3,3,0,0,0,5,5,19,0,24,2,2012,6,18,31,0,14,3,SR-3015 MARS EVANS CITY RD,,34,40.71742222,-80.02182778,0,12,6,0,1,1,0,1,5,1,0,1,0,0000000,18,33,18,38,19,42,0,0,0,1,1
42,420080,1,1,0,0,0,1,1,79,0,11,2,2012,7,11,6,0,3,3,SR-3030 E DIAMOND AV,,16,40.96510556,-75.945575,0,35,0,0,1,1,0,5,1,1,0,1,0,0000000,11,10,11,14,88,88,0,0,0,1,1
42,420081,1,1,0,0,0,1,1,81,0,12,2,2012,1,15,25,0,5,3,SR-2009 MUNCY EXCHANGE RD,,9,41.179425,-76.73288056,0,35,0,0,1,1,0,4,1,1,0,1,0,0000000,15,26,15,39,88,88,0,0,0,1,1
42,420082,3,2,1,0,0,2,2,129,3370,23,2,2012,5,14,57,0,13,3,SR-3026 PITTSBURGH ST,,12,40.30103889,-79.55436389,0,12,7,0,1,1,0,1,1,1,0,1,0,0000000,14,58,14,58,15,44,0,0,0,1,0
42,420083,1,1,0,0,0,1,1,79,0,13,2,2012,2,7,50,0,5,3,SR-1026 KUNKLE ALDERSON RD,,22,41.3747,-75.98912222,0,42,0,0,1,1,0,5,1,1,0,1,0,0000000,7,51,7,55,9,9,0,0,0,1,0
42,420084,1,1,0,0,0,1,1,17,0,19,2,2012,1,1,8,1,13,3,SR-413 VETERANS HW,,11,40.09920556,-74.87420278,0,42,0,0,1,1,0,5,3,1,0,1,0,0000000,1,9,1,15,88,88,0,0,0,1,1
42,420085,1,1,0,0,0,1,1,133,0,18,2,2012,7,1,41,0,6,5,N WALNUT ST,,0,39.90877778,-76.646525,0,30,0,0,1,1,0,5,2,1,0,1,0,0000000,99,99,99,99,88,88,20,0,0,1,1
42,420086,3,3,0,0,0,3,3,81,0,17,1,2012,3,7,36,0,14,3,SR-2014 JOHN BRADY DR,,153,41.23263056,-76.81309444,0,12,6,0,1,1,0,1,1,2,0,2,0,0000000,7,39,7,49,88,88,0,0,0,1,0
42,420087,1,1,0,0,0,1,1,19,1020,17,2,2012,6,3,13,0,13,3,SR-3001 HANSEN AV,SIXTH AV,8,40.85789444,-79.91113056,0,43,0,0,3,7,0,4,3,1,0,1,0,0000000,99,99,99,99,99,99,0,0,0,1,1
42,420088,2,2,0,0,0,2,2,9,0,20,2,2012,2,11,50,0,4,3,SR-26 CLEAR RIDGE RD,,170,39.92696389,-78.39463056,0,12,6,0,1,1,0,1,1,1,0,1,0,0000000,11,48,11,59,99,99,0,0,0,1,1
42,420089,2,2,0,0,0,2,2,91,0,7,2,2012,3,8,12,0,13,3,SR-363 PARK AV,,36,40.15304722,-75.38883333,0,12,2,0,1,1,0,1,1,1,0,1,0,0000000,8,12,8,15,9,23,0,0,0,1,0
42,420090,1,1,0,0,0,1,1,33,0,23,2,2012,5,2,11,1,2,2,US-19 BUFFALO PITTSBURGH HW,,16,41.07993611,-78.78603889,0,35,0,0,1,1,0,5,2,2,0,2,0,0000000,99,99,99,99,88,88,0,0,0,1,1
42,420091,1,1,0,0,0,1,1,91,0,10,2,2012,6,15,42,0,6,5,REIFSNYDER RD,,0,40.30001944,-75.56219444,0,53,0,0,1,1,0,4,1,1,0,1,0,0000000,15,46,15,56,88,88,0,0,0,1,1
42,420092,1,1,0,0,0,1,1,21,0,3,2,2012,6,17,9,0,15,3,SR-1005 SAINT JOSEPH ST,,11,40.47440556,-78.60035,0,42,0,0,1,1,0,5,1,1,0,1,0,0000000,17,9,17,12,88,88,0,0,0,1,0
42,420093,4,2,2,0,0,3,3,39,0,16,1,2012,2,18,28,0,3,3,SR-0018,SR-4004 DICKSONBURG RD,121,41.70460278,-80.32927222,0,12,6,0,2,2,0,1,2,2,0,2,0,0000000,18,28,18,41,19,33,0,0,0,1,0
42,420094,1,1,0,0,0,4,4,13,0,11,2,2012,7,19,15,0,3,3,SR-36 WOODBURY PK,,13,40.29183333,-78.37971944,0,34,0,0,1,1,0,5,2,4,0,4,0,0000000,19,34,19,51,99,99,0,0,0,1,0
42,420095,2,2,0,0,0,2,2,3,4720,9,2,2012,5,7,35,0,13,3,SR-3104 MCKEES ROCKS BR,,6,40.47601389,-80.05263333,0,12,6,0,1,1,0,1,1,1,0,1,0,0000000,7,35,7,40,88,88,0,0,0,1,0
42,420096,2,2,0,0,0,2,2,121,0,9,2,2012,5,9,18,0,4,3,SR-2013 ROCKLAND CRANBERRY RD,,47,41.31382222,-79.72357222,0,12,6,0,1,1,0,1,1,4,0,4,0,0000000,99,99,99,99,99,99,0,0,0,1,0
42,420097,1,1,0,0,0,1,1,5,0,28,2,2012,3,5,40,0,3,3,SR-268,,129,40.94606667,-79.64811667,0,32,0,0,1,1,0,4,2,1,0,1,0,0000000,5,45,5,49,88,88,0,0,0,1,0
42,420098,2,2,0,0,0,2,2,101,6540,13,2,2012,2,13,33,0,13,3,SR-4001 HENRY AV,,27,40.03465556,-75.20866111,0,33,0,0,1,1,4,3,1,1,0,1,0,0000000,13,32,13,37,14,20,0,0,0,1,0
42,420099,2,2,0,0,0,2,2,101,6540,18,2,2012,7,22,55,0,16,6,LINCOLN DR,,0,40.02295833,-75.19738333,0,12,2,0,1,1,0,1,3,1,0,1,0,0000000,22,57,23,2,23,30,0,0,0,1,1
42,420100,3,3,0,0,0,4,4,129,7185,28,2,2012,3,20,19,1,11,1,I-70,,422,40.14024722,-79.85079167,0,12,2,0,1,1,0,1,2,1,0,1,0,0000000,99,99,99,99,99,99,0,0,0,1,1
42,420101,1,1,0,0,0,1,1,81,0,28,2,2012,3,15,45,0,14,3,SR-2018 FOUR MILE DR,SR-2039 WARRENSVILLE RD,39,41.26098333,-76.93649722,0,24,0,0,3,3,0,2,1,1,0,1,0,0000000,15,50,15,53,88,88,0,0,0,1,0
42,420102,1,1,0,0,0,2,2,25,0,22,2,2012,4,20,4,1,1,1,I-80-SR8004 RAMP,,4,41.06442778,-75.703275,0,26,0,1,5,1,0,1,3,1,0,1,0,0000000,99,99,99,99,99,99,0,0,0,1,0
42,420103,1,1,0,1,1,1,1,59,0,3,2,2012,6,6,57,0,6,3,SR-4007 MAIN ST,SR-4015 STRONGTOWN RD,1,39.932025,-80.38644444,0,8,0,0,3,3,0,1,2,1,0,1,0,0000000,7,0,7,18,88,88,0,0,0,1,0
42,420104,2,2,0,0,0,2,2,19,0,23,2,2012,5,1,30,1,11,1,I-76 PA TURNPIKE HW,,270,40.69765,-80.11716111,0,12,1,0,1,1,0,1,2,2,0,2,0,0000000,1,34,1,52,88,88,0,0,0,1,1
42,420105,1,1,0,0,0,4,4,103,0,12,2,2012,1,7,7,1,1,1,I-84 FALLEN TROOPER MEMORIA HW,,407,41.34872778,-74.93832222,0,52,0,0,1,1,0,2,1,1,0,1,0,0000000,7,6,7,17,8,13,0,0,0,1,0
42,420106,1,1,0,0,0,1,1,129,0,24,2,2012,6,15,5,0,13,3,SR-366 GREENSBURG RD,,63,40.51725278,-79.69143056,0,31,0,0,1,1,0,5,1,1,0,1,0,0000000,15,8,15,10,88,88,0,0,0,1,0
42,420107,1,1,0,1,1,1,1,131,0,17,2,2012,6,1,17,0,3,3,SR-29 LAKE RD,,35,41.41785,-76.06851667,0,8,0,0,1,1,0,1,2,5,0,5,0,0000000,99,99,99,99,88,88,19,0,0,1,0
42,420108,1,1,0,0,0,1,1,47,0,20,2,2012,2,3,50,0,3,3,SR-255,,87,41.350675,-78.52634444,0,1,0,0,1,1,0,1,2,1,0,1,0,0000000,4,0,4,22,4,35,0,0,0,1,1
42,420109,3,3,0,0,0,4,4,125,1000,24,2,2012,6,7,4,0,3,3,SR-18 MAIN ST,,338,40.37252778,-80.389925,0,12,7,0,1,1,0,1,1,1,0,1,0,0000000,99,99,99,99,88,88,0,0,0,1,1
42,420110,1,1,0,1,1,1,1,19,1020,3,1,2012,3,9,14,0,13,3,SR-68,,182,40.86256944,-79.90631667,0,9,0,0,1,1,0,1,1,4,0,4,0,0000000,99,99,99,99,99,99,0,0,0,1,0
42,420111,1,1,0,0,0,1,1,13,0,2,2,2012,5,19,49,1,1,1,I-99,,174,40.29398889,-78.44419167,0,34,0,0,1,1,0,6,2,1,0,1,0,0000000,19,57,20,20,88,88,0,0,0,1,1
42,420112,1,1,0,0,0,1,1,101,6540,8,1,2012,1,22,0,0,16,6,FRONT STREET,YORK STREET,0,39.986325,-75.13184722,0,31,0,0,2,7,0,4,3,1,0,1,0,0000000,22,0,22,6,22,44,0,0,0,1,1
42,420113,1,1,0,0,0,1,1,73,5970,4,1,2012,4,10,13,0,4,3,SR-158,,20,41.11216667,-80.33759444,0,24,0,0,1,1,0,2,1,1,0,1,0,0000000,10,13,10,21,88,88,0,0,0,1,0
42,420114,2,2,0,0,0,2,2,21,8240,4,2,2012,7,1,0,1,2,2,US-219,,116,40.37603333,-78.76546111,0,12,2,0,1,1,0,1,2,1,0,1,0,0000000,1,3,1,17,99,99,0,0,0,1,1
42,420115,1,1,0,1,1,1,1,91,3740,27,1,2012,6,20,38,1,13,3,SR-611,BROADWAY AVENUE,92,40.18756111,-75.1345,0,8,0,0,2,3,0,1,2,1,0,1,0,0000000,20,38,20,41,88,88,0,0,0,1,1
42,420116,1,1,0,0,0,1,1,3,6600,11,2,2012,7,3,50,0,14,3,SR-2108 WILKINS AV,,27,40.44411111,-79.91898056,0,33,0,0,1,1,0,4,3,4,0,4,0,0000000,3,55,4,0,4,35,0,0,0,1,1
42,420117,1,1,0,0,0,1,1,57,0,1,2,2012,4,22,25,1,2,2,US-522 GREAT COVE RD,,334,40.06983056,-77.91989722,0,34,0,0,1,1,0,5,2,1,0,1,0,0000000,22,36,22,49,88,88,0,0,0,1,0
42,420119,1,1,0,1,1,1,1,43,0,28,2,2012,3,2,18,1,11,1,I-83 VFW OF US MEM HW,,474,40.27065,-76.81529167,0,8,0,0,1,1,0,1,2,1,0,1,0,0000000,2,20,2,30,88,88,0,0,0,1,0
42,420120,1,1,0,1,1,1,1,13,8670,17,2,2012,6,22,1,0,15,2,US-SR4027,,18,40.66416944,-78.25279444,0,8,0,0,1,1,0,1,2,1,0,1,0,0000000,22,5,22,7,88,88,0,0,0,1,0
42,420121,1,1,0,1,1,1,1,121,8217,17,2,2012,6,21,39,0,14,3,SR-417 ROCKY GROVE RD,,8,41.41353889,-79.82178889,0,8,0,0,1,1,0,1,3,1,0,1,0,0000000,99,99,99,99,99,99,0,0,0,1,0
42,420122,1,1,0,0,0,3,3,11,0,23,2,2012,5,11,43,1,13,2,US-SR3222,,9,40.30027778,-75.99285833,0,30,0,0,1,1,0,5,1,1,0,1,0,0000000,99,99,99,99,99,99,0,0,0,1,0
42,420123,1,1,0,1,1,1,1,75,4340,24,2,2012,6,7,1,0,16,6,8TH ST,,0,40.33460278,-76.42393333,0,8,0,0,1,1,0,1,4,2,0,2,0,0000000,99,99,99,99,99,99,0,0,0,1,0
42,420124,1,1,0,0,0,1,1,95,0,10,2,2012,6,0,0,0,15,3,SR-2019 BUSHKILL DR,,9,40.7023,-75.23256667,0,34,0,0,1,1,0,5,2,1,0,1,0,0000000,99,99,99,99,99,99,0,0,0,1,1
42,420125,1,1,0,1,1,1,1,91,7220,7,2,2012,3,18,14,0,14,3,SR-4014 MAIN ST,,9,40.19168333,-75.53129167,0,8,0,0,1,1,0,1,3,1,0,1,0,0000000,18,15,18,19,88,88,0,0,0,1,0
42,420126,1,1,0,1,1,1,1,101,6540,21,2,2012,3,18,43,0,13,3,SR-4001 HENRY AV,,13,40.02070556,-75.1927,0,8,0,0,1,1,0,1,3,1,0,1,0,0000000,18,39,18,45,19,12,0,0,0,1,0
42,420127,1,1,0,1,1,1,1,101,6540,29,2,2012,4,16,23,0,13,3,SR-3009 RIDGE AV,,89,40.06901111,-75.24046667,0,8,0,0,1,1,0,1,1,2,0,2,0,0000000,16,24,16,31,17,5,0,0,0,1,0
42,420128,1,1,0,0,0,1,1,39,0,22,2,2012,4,7,0,0,3,3,SR-27,,109,41.59587778,-79.96584444,0,31,0,0,1,1,0,5,1,1,0,1,0,0000000,7,18,7,38,7,46,0,0,0,1,0
42,420129,1,1,0,1,1,1,1,101,6540,5,2,2012,1,2,20,1,13,3,SR-611 BROAD ST,SR-1004 ERIE AV,52,40.00924167,-75.15122778,0,8,0,0,3,2,0,1,3,1,0,1,0,0000000,2,25,2,30,2,41,0,0,0,1,0
42,420130,1,1,0,1,1,1,1,101,6540,10,2,2012,6,99,99,0,15,3,SR-1011 WILLITS RD,,3,40.05675278,-75.01340556,0,8,0,0,1,1,0,1,3,1,0,1,0,0000000,19,55,20,0,20,20,0,0,0,1,0
42,420131,2,2,0,0,0,2,2,5,0,10,2,2012,6,9,16,1,2,2,US-422 BENJAMIN FRANKLIN HW,,221,40.708275,-79.3648,0,12,2,0,1,1,0,1,1,1,0,1,0,0000000,9,15,9,32,88,88,0,0,0,1,0
42,420132,2,2,0,0,0,4,4,115,0,26,2,2012,1,17,40,0,3,3,SR-267,,285,41.99888333,-76.00086667,0,12,6,0,8,1,0,1,5,1,0,1,0,0000000,99,99,99,99,99,99,0,0,0,1,0
42,420133,2,2,0,0,0,2,2,99,0,6,2,2012,2,6,14,0,3,3,SR-850 LANDISBURG RD,,181,40.35381389,-77.22834444,0,12,6,0,1,1,0,1,4,1,0,1,1,0000000,99,99,99,99,88,88,0,0,0,1,0
42,420134,2,2,0,0,0,3,3,19,0,24,2,2012,6,1,22,1,1,1,I-80 KEYSTONE SHORTWAY RD,,438,41.16944167,-79.70535833,0,12,1,0,1,1,0,1,2,2,0,2,0,0000000,99,99,99,99,88,88,0,0,0,1,0
42,420135,2,2,0,0,0,3,3,5,0,31,1,2012,3,13,41,0,3,3,SR-2066 DIME RD,,10,40.61769444,-79.54678611,0,12,6,0,1,1,0,1,1,1,0,1,0,0000000,13,38,13,46,14,46,0,0,0,1,0
42,420136,2,2,0,0,0,2,2,49,0,8,2,2012,4,22,15,1,2,2,US-6 GRAND ARMY OF THE REPU HW,,92,41.87199167,-79.87831111,0,12,6,0,1,1,0,2,2,1,0,1,0,0000000,99,99,99,99,99,99,0,0,0,1,1
42,420137,1,1,0,0,0,1,1,91,0,4,2,2012,7,17,27,0,4,5,CROSSKEYS ROAD,GREENES WAY CIRCLE,0,40.18162778,-75.43750556,0,33,0,0,2,3,0,4,1,1,0,1,0,0000000,17,27,17,35,17,59,0,0,0,1,1
42,420138,1,1,0,0,0,3,3,37,0,30,3,2012,6,20,21,0,3,3,SR-1020,,17,41.11640833,-76.33276667,0,1,0,0,1,1,0,4,2,1,0,1,0,0000000,99,99,99,99,99,99,0,0,0,1,0
42,420139,1,1,0,0,0,2,2,55,0,17,3,2012,7,1,18,0,3,3,SR-0016,,32,39.86595556,-77.942925,0,39,0,0,1,1,0,4,2,1,0,1,0,0000000,99,99,99,99,99,99,0,0,0,2,1
42,420140,2,2,0,0,0,2,2,133,0,20,2,2012,2,6,15,0,4,3,SR-216 SEAKS RUN RD,SR-3001 SUSQUEHANNA TR,199,39.82301944,-76.69670833,0,12,6,0,2,3,0,1,2,1,0,1,0,0000000,99,99,99,99,88,88,0,0,0,1,0
42,420141,2,2,0,0,0,3,3,75,0,4,2,2012,7,12,50,1,1,1,I-78 78TH DIVISION HW,,5,40.42611389,-76.51771111,0,12,6,0,1,1,0,1,1,1,0,1,0,0000000,99,99,99,99,99,99,0,0,0,1,0
42,420142,2,2,0,0,0,2,2,73,0,14,2,2012,3,6,50,1,1,1,I-376 BEAVER VALLEY EX,,59,41.10559167,-80.41578611,0,12,1,0,1,1,0,1,2,1,0,1,0,0000000,99,99,99,99,88,88,19,0,0,1,0