STATE,ST_CASE,VE_TOTAL,VE_FORMS,PVH_INVL,PEDS,PERNOTMVIT,PERMVIT,PERSONS,COUNTY,CITY,DAY,MONTH,YEAR,DAY_WEEK,HOUR,MINUTE,NHS,ROAD_FNC,ROUTE,TWAY_ID,TWAY_ID2,MILEPT,LATITUDE,LONGITUD,SP_JUR,HARM_EV,MAN_COLL,RELJCT1,RELJCT2,TYP_INT,WRK_ZONE,REL_ROAD,LGT_COND,WEATHER1,WEATHER2,WEATHER,SCH_BUS,RAIL,NOT_HOUR,NOT_MIN,ARR_HOUR,ARR_MIN,HOSP_HR,HOSP_MN,CF1,CF2,CF3,FATALS,DRUNK_DR
42,420143,2,2,0,0,0,3,3,49,0,18,2,2012,7,23,5,0,15,3,SR-5 LAKE RD,,349,42.20358333,-79.93081111,0,12,2,0,1,1,0,1,2,1,0,1,0,0000000,23,13,23,27,99,99,0,0,0,1,1
42,420144,2,2,0,0,0,3,3,131,0,8,2,2012,4,9,5,0,6,3,SR-1011,,16,41.62224444,-75.8516,0,12,2,0,1,1,0,1,1,1,0,1,0,0000000,9,14,9,26,10,9,0,0,0,2,0
42,420145,2,2,0,0,0,5,5,7,0,17,2,2012,6,7,35,0,3,2,US-30 LINCOLN HW,,91,40.52897778,-80.39236389,0,12,2,0,1,1,0,1,1,1,0,1,0,0000000,99,99,99,99,99,99,0,0,0,1,0
42,420146,2,2,0,0,0,2,2,41,9480,3,2,2012,6,6,30,0,13,3,SR-1027 FRONT ST,,6,40.25562778,-76.89947778,0,12,2,0,1,1,0,1,3,1,0,1,0,0000000,99,99,99,99,99,99,0,0,0,1,0
42,420147,9,9,0,0,0,10,10,121,0,25,2,2012,7,14,42,1,1,1,I-80,,361,41.19261389,-79.84414722,0,12,7,0,1,1,0,1,1,4,0,4,0,0000000,15,0,15,45,99,99,0,0,0,1,0
42,420148,2,2,0,0,0,2,2,3,0,26,2,2012,1,19,5,0,6,5,BLAZIER DR,,0,40.5862,-80.03580278,0,12,8,0,1,1,0,1,2,1,0,1,0,0000000,19,5,19,8,19,30,20,0,0,1,1
42,420149,2,1,1,0,0,1,1,109,0,1,2,2012,4,9,10,0,4,3,SR-235,,52,40.75238333,-77.21208056,0,14,0,0,1,1,0,4,1,1,0,1,0,0000000,99,99,99,99,99,99,0,0,0,1,0
42,420150,1,1,0,0,0,2,2,111,0,2,2,2012,5,10,10,0,4,3,SR-653 BRIDGE ST,,73,39.93508333,-79.18781111,0,34,0,0,1,1,0,4,1,1,0,1,0,0000000,10,36,10,43,99,99,0,0,0,1,0
42,420151,2,2,0,1,1,3,3,17,0,19,2,2012,1,0,30,0,13,3,SR-2006 NEW FALLS RD,,43,40.16367778,-74.84404167,0,8,0,0,1,1,0,2,3,1,0,1,0,0000000,0,31,0,34,88,88,14,0,0,1,0
42,420152,1,1,0,0,0,1,1,111,0,25,2,2012,7,15,9,0,4,3,SR-160,,167,39.89898056,-78.95397222,0,24,0,0,1,1,0,2,1,4,0,4,0,0000000,15,5,15,13,15,35,0,0,0,1,1
42,420153,1,1,0,0,0,1,1,85,0,5,3,2012,2,13,9,1,1,1,I-79,,1134,41.152825,-80.15653611,0,52,0,0,1,1,0,3,1,1,0,1,0,0000000,13,11,13,22,88,88,0,0,0,1,0
42,420154,2,2,0,0,0,2,2,11,0,3,2,2012,6,12,30,0,5,3,SR-2001 CALIFORNIA RD,,4,40.176725,-75.92455833,0,12,2,0,1,1,0,1,1,1,0,1,0,0000000,99,99,99,99,99,99,0,0,0,1,0
42,420155,4,4,0,0,0,6,6,121,0,25,2,2012,7,14,42,1,1,1,I-80,,362,41.19270556,-79.84382222,0,12,7,0,1,1,0,1,1,4,0,4,0,0000000,15,0,15,20,88,88,19,0,0,2,0
42,420156,2,2,0,1,1,2,2,45,5215,9,2,2012,5,19,43,1,13,3,SR-3 MARKET ST,,118,39.96276111,-75.247275,0,8,0,0,1,1,0,1,2,1,0,1,0,0000000,99,99,99,99,88,88,0,0,0,1,0
42,420157,1,1,0,0,0,1,1,107,0,23,1,2012,2,10,35,0,14,3,SR-443,,202,40.64714722,-76.13688333,0,59,0,0,1,1,0,6,1,2,0,2,0,0000000,99,99,99,99,99,99,0,0,0,1,0
42,420158,1,1,0,2,2,1,1,115,5890,25,2,2012,7,2,21,0,3,2,US-11 MAIN ST,,181,41.86842778,-75.73234444,0,8,0,0,1,1,0,1,3,1,0,1,0,0000000,2,19,2,36,4,18,0,0,0,2,1
42,420159,1,1,0,0,0,1,1,7,460,19,1,2012,5,21,30,0,16,6,MARKET STREET,,0,40.69071944,-80.30478333,0,42,0,0,1,1,0,6,3,4,0,4,0,0000000,99,99,99,99,88,88,0,0,0,1,0
42,420160,1,1,0,0,0,1,1,33,3290,8,1,2012,1,2,16,1,2,2,US-219,,252,40.96047222,-78.61210278,0,35,0,0,1,1,0,4,2,1,0,1,0,0000000,99,99,99,99,99,99,0,0,0,1,1
42,420161,2,1,1,1,1,1,1,41,4400,4,1,2012,4,0,7,1,12,3,SR-581 AMERICAN EX-POW MEM HWY,,70,40.237525,-76.89669167,0,8,0,0,1,1,0,1,2,1,0,1,0,0000000,0,9,0,17,88,88,23,0,0,1,0
42,420162,1,1,0,0,0,1,1,17,0,2,3,2012,6,0,13,0,6,5,FOX VALLEY DR,,0,40.34929167,-75.03895556,0,42,0,0,1,1,0,4,2,1,0,1,0,0000000,0,20,0,30,88,88,4,2,0,1,1
42,420163,1,1,0,0,0,2,2,17,0,27,1,2012,6,23,39,0,15,3,SR-2020,,3,40.19549444,-74.81876389,0,42,0,0,1,1,0,6,3,1,0,1,0,0000000,23,43,23,48,0,14,0,0,0,1,1
42,420164,1,1,0,0,0,1,1,125,0,26,3,2012,2,7,20,0,3,3,SR-136 MAIN ST,,122,40.18224167,-80.03483056,0,30,0,0,1,1,0,4,1,1,0,1,0,0000000,7,20,7,33,88,88,0,0,0,1,0
42,420165,3,3,0,1,1,1,1,11,6900,29,2,2012,4,23,14,1,12,3,SR-12 WARREN STREET BP,,4,40.35505556,-75.95052778,0,12,7,0,1,1,0,1,3,2,0,2,0,0000000,99,99,99,99,99,99,19,0,0,1,1
42,420166,1,1,0,0,0,1,1,107,0,19,3,2012,2,8,35,0,3,3,SR-924,,70,40.85514444,-76.167425,0,1,0,0,1,1,0,4,1,1,0,1,0,0000000,99,99,99,99,88,88,0,0,0,1,1
42,420167,1,1,0,0,0,1,1,13,0,25,1,2012,4,3,40,0,2,3,SR-1001 PLEASANT VALLEY BL,CAMPUS DR,120,40.62240833,-78.30048333,0,30,0,1,2,3,0,4,3,1,0,1,0,0000000,3,46,3,53,88,88,0,0,0,1,0
42,420168,1,1,0,0,0,1,1,33,0,3,3,2012,7,1,20,0,3,3,SR-255 PENFIELD RD,,132,41.21804444,-78.55991667,0,42,0,0,1,1,0,4,2,1,0,1,0,0000000,1,27,1,35,88,88,0,0,0,1,1
42,420169,1,1,0,0,0,1,1,33,0,3,3,2012,7,11,25,0,5,3,SR-1006 GOSHEN RD,,45,41.07889722,-78.41167778,0,1,0,0,1,1,0,4,1,1,0,1,0,0000000,11,31,11,40,88,88,0,0,0,1,0
42,420170,1,1,0,0,0,1,1,115,0,29,3,2012,5,22,0,0,3,3,SR-267,,119,41.79283889,-76.05931111,0,42,0,0,1,1,0,4,2,1,0,1,0,0000000,22,12,22,27,88,88,0,0,0,1,1
42,420171,2,2,0,0,0,3,3,101,6540,27,1,2012,6,23,32,0,13,3,SR-2009 ARAMINGO AVE,,6,39.97755556,-75.11914167,0,12,6,0,8,1,0,1,3,1,0,1,0,0000000,23,32,23,39,23,52,0,0,0,1,1
42,420172,1,1,0,0,0,2,2,11,0,24,3,2012,7,2,27,1,13,2,US-422 BENJAMIN FRANKLIN HW,FORTYSEVENTH ST,229,40.30564722,-75.85968333,0,33,0,0,3,2,0,4,3,1,0,1,0,0000000,99,99,99,99,88,88,0,0,0,1,1
42,420173,1,1,0,0,0,1,1,69,4980,16,2,2012,5,3,38,0,13,2,US-SR6006 SCRANTON CARBONDA HW,SR-1023 PLANK RD,97,41.54883889,-75.53263889,0,46,0,0,3,4,0,4,3,1,0,1,0,0000000,99,99,99,99,99,99,0,0,0,1,0
42,420174,1,1,0,0,0,1,1,77,0,4,3,2012,1,13,20,0,13,3,SR-873 LEHIGH GAP RD,SR-4024 MOUNTAIN GAP RD,86,40.7804,-75.60906111,0,35,0,0,3,4,0,4,1,1,0,1,0,0000000,99,99,99,99,88,88,0,0,0,1,0
42,420175,1,1,0,1,1,2,2,125,0,9,3,2012,6,19,45,0,14,3,SR-1009 PIKE ST,,34,40.21931667,-80.22083333,0,8,0,0,1,1,0,1,3,1,0,1,0,0000000,99,99,99,99,99,99,16,0,0,1,0
42,420176,1,1,0,1,1,2,2,109,0,28,3,2012,4,14,47,0,3,3,SR-104 CENTERVILLE ST,,165,40.85889167,-77.05763056,0,8,0,0,1,1,0,5,1,1,0,1,0,0000000,99,99,99,99,99,99,0,0,0,1,0
42,420177,1,1,0,1,1,1,1,89,0,14,3,2012,4,17,10,0,14,3,SR-115,,56,40.98363889,-75.44963889,0,8,0,0,1,1,0,2,1,1,0,1,0,0000000,99,99,99,99,99,99,0,0,0,1,0
42,420178,1,1,0,0,0,1,1,99,0,10,3,2012,7,0,9,0,4,3,SR-17 SUNBURY ST,,316,40.59226944,-77.04723056,0,34,0,0,1,1,0,4,2,1,0,1,0,0000000,0,7,0,17,88,88,0,0,0,1,1
42,420179,1,1,0,0,0,2,2,5,0,18,3,2012,1,1,20,0,14,3,SR-66,,10,40.60338611,-79.57510833,0,52,0,0,1,1,0,2,2,1,0,1,0,0000000,1,17,1,23,2,18,0,0,0,1,1
42,420180,7,7,0,0,0,11,11,121,0,25,2,2012,7,14,42,1,1,1,I-80,,361,41.19281944,-79.84340833,0,12,7,0,1,1,0,1,1,4,0,4,0,0000000,15,0,15,0,16,24,19,0,0,1,0
42,420181,1,1,0,0,0,1,1,9,0,9,3,2012,6,14,45,0,4,2,US-SR4009 SPRINGS DR,,38,39.99534167,-78.51299167,0,42,0,0,1,1,0,4,1,1,0,1,0,0000000,14,43,14,49,14,59,0,0,0,1,0
42,420182,2,2,0,0,0,2,2,27,0,29,3,2012,5,4,45,0,3,3,SR-150 BALD EAGLE VALLEY RD,SCHENCKS GROVE RD,164,41.03594167,-77.65190278,0,12,6,0,2,3,0,1,2,1,0,1,0,0000000,4,53,5,1,99,99,0,0,0,1,1
42,420183,4,1,3,1,1,2,2,101,6540,18,3,2012,1,4,0,1,13,3,SR-291 BROAD ST,ELLSWORTH ST,75,39.93668611,-75.16695278,0,8,0,0,3,2,0,1,3,1,0,1,0,0000000,3,58,4,2,4,23,0,0,0,1,1
42,420184,1,1,0,0,0,1,1,85,0,21,3,2012,4,10,52,0,6,5,PEARSON RD,,0,41.41527778,-80.25066944,0,1,0,0,1,1,0,1,1,1,0,1,0,0000000,99,99,99,99,99,99,0,0,0,1,0
42,420185,1,1,0,1,1,3,3,31,0,23,3,2012,6,20,45,0,3,3,SR-68,,157,41.11425278,-79.45269167,0,8,0,0,1,1,0,1,2,1,0,1,0,0000000,99,99,99,99,88,88,0,0,0,1,0
42,420186,2,2,0,0,0,2,2,129,0,19,3,2012,2,13,26,0,3,3,SR-31 DONEGAL RD,,207,40.11851111,-79.39972222,0,12,6,0,8,1,0,1,1,1,0,1,0,0000000,13,28,13,34,14,22,0,0,0,1,0
42,420187,2,2,0,0,0,3,3,107,0,14,3,2012,4,16,45,0,3,3,SR-443 CHESTNUT ST,MARKET ST,270,40.67826667,-76.02414167,0,12,6,0,2,2,0,1,1,1,0,1,0,0000000,99,99,99,99,99,99,0,0,0,2,0
42,420188,3,3,0,0,0,9,9,79,9080,5,3,2012,2,14,14,1,13,3,SR-93 BROAD ST,FIFTH ST,37,40.95866667,-75.99379722,0,12,1,0,3,2,0,1,1,1,0,1,0,0000000,14,15,14,19,14,32,0,0,0,1,0
42,420189,2,2,0,4,4,3,3,101,6540,25,3,2012,1,12,31,0,16,6,WASHINGTON AV,EIGHTH ST,0,39.93594444,-75.15689167,0,12,6,0,2,2,0,1,1,1,0,1,0,0000000,13,11,13,17,99,99,0,0,0,1,0
42,420190,1,1,0,0,0,1,1,77,0,4,3,2012,1,18,8,0,6,5,OLD MILL ROAD,,0,40.73144167,-75.64722222,0,42,0,0,1,1,0,4,2,1,0,1,0,0000000,99,99,99,99,88,88,0,0,0,1,0
42,420191,1,1,0,0,0,1,1,81,0,7,3,2012,4,16,10,0,15,3,SR-2012,,33,41.23034167,-76.94678889,0,42,0,0,1,1,0,6,1,1,0,1,0,0000000,16,8,16,19,88,88,0,0,0,1,0
42,420192,1,1,0,0,0,1,1,77,0,14,3,2012,4,11,0,0,6,6,TOWNSHIP LINE ROAD,,0,40.61164167,-75.634675,0,42,0,0,1,1,0,5,1,1,0,1,0,0000000,99,99,99,99,88,88,0,0,0,1,0
42,420193,1,1,0,0,0,1,1,29,0,7,3,2012,4,21,0,0,6,6,LIMESTONE ROAD,,0,39.97121944,-75.93040833,0,7,0,0,1,1,0,1,2,1,0,1,0,0000000,20,54,21,4,12,27,0,0,0,1,0
42,420194,1,1,0,0,0,1,1,129,0,31,3,2012,7,4,9,0,3,3,SR-711 STAHLSTOWN LIGONIER RD,,79,40.18549167,-79.28594444,0,32,0,0,1,1,0,4,2,1,0,1,0,0000000,4,7,4,18,88,88,0,0,0,1,0
42,420195,2,2,0,0,0,5,5,49,2640,15,3,2012,5,15,38,0,13,3,SR-4016 THIRTYEIGHTH ST,SR-197 OLD FRENCH RD,91,42.10405278,-80.06176944,0,12,6,0,2,2,0,1,1,1,0,1,0,0000000,99,99,99,99,99,99,0,0,0,1,0
42,420196,3,2,1,0,0,7,7,21,0,3,3,2012,7,2,15,0,3,3,SR-36 COLONEL DRAKE HW,,89,40.60161111,-78.605725,0,12,6,0,1,1,0,1,2,1,0,1,0,0000000,2,18,2,29,99,99,0,0,0,2,1
42,420197,1,1,0,0,0,2,2,3,9355,19,3,2012,2,15,2,1,11,3,SR-8020,,3,40.44231667,-79.82687222,0,35,0,1,5,1,0,4,1,1,0,1,0,0000000,15,0,15,9,15,39,0,0,0,1,0
42,420198,1,1,0,0,0,1,1,121,0,24,3,2012,7,2,30,0,3,3,SR-417,,74,41.49979167,-79.79036944,0,34,0,0,1,1,0,4,2,2,0,2,0,0000000,3,29,3,38,88,88,0,0,0,1,1
42,420199,1,1,0,0,0,1,1,61,0,22,3,2012,5,21,50,0,3,3,SR-45 SPRUCE CREEK RD,,46,40.62702778,-78.11340278,0,35,0,0,1,1,0,5,3,1,0,1,0,0000000,21,51,22,6,22,38,0,0,0,1,1
42,420200,1,1,0,1,1,1,1,101,6540,27,1,2012,6,5,56,1,13,2,US-6001,SR-532,77,40.07420556,-75.03473056,0,8,0,0,2,2,0,1,3,2,0,2,0,0000000,5,56,6,2,88,88,0,0,0,1,0
42,420201,1,1,0,0,0,1,1,3,6600,19,3,2012,2,6,20,0,13,3,SR-2045,,32,40.37831944,-79.92218889,0,30,0,0,1,1,0,5,4,1,0,1,0,0000000,6,35,6,47,88,88,0,0,0,1,0
42,420202,2,2,0,0,0,2,2,17,0,22,3,2012,5,15,33,0,13,3,SR-152 LIMEKILN PK,BELMONT DR,17,40.26857778,-75.19969444,0,12,11,0,2,3,1,1,1,1,0,1,1,0000000,15,33,15,43,88,88,0,0,0,1,0
42,420203,1,1,0,0,0,1,1,79,4385,1,3,2012,5,6,20,0,6,4,CR-OLD ROUTE 115 HIGHWAY,,0,41.30593889,-75.98453889,0,42,0,0,1,1,0,6,4,1,0,1,0,0000000,99,99,99,99,88,88,0,0,0,1,0
42,420204,1,1,0,1,1,3,3,29,0,17,3,2012,7,19,36,1,13,2,US-1 BALTIMORE PK,,235,39.865425,-75.67466944,0,8,0,0,1,1,0,1,2,1,0,1,0,0000000,19,36,19,46,20,12,0,0,0,1,0
42,420205,1,1,0,0,0,2,2,27,0,18,3,2012,1,10,15,1,1,1,I-99 BUD SHUSTER HW,,648,40.82200833,-78.00987778,0,34,0,0,1,1,0,3,1,1,0,1,0,0000000,10,27,10,32,99,99,0,0,0,1,0
42,420206,1,1,0,0,0,1,1,49,0,11,3,2012,1,15,35,1,1,1,I-79 RAYMOND P SHAFER HW,,1730,41.98534167,-80.1745,0,52,0,0,1,1,0,3,1,1,0,1,0,0000000,16,32,16,32,88,88,0,0,0,1,0
42,420207,2,2,0,0,0,3,3,3,6486,18,2,2012,7,17,39,0,3,3,SR-2058 VERONA RD,,32,40.47492222,-79.84961667,0,12,2,0,1,1,0,1,5,1,0,1,0,0000000,17,40,17,44,18,55,20,0,0,1,0
42,420208,1,1,0,0,0,2,2,51,0,15,3,2012,5,14,5,1,13,2,US-119 MEMORIAL BL,,297,40.04368889,-79.57410833,0,41,0,0,1,1,0,4,1,1,0,1,0,0000000,13,58,14,2,15,2,0,0,0,1,0
42,420209,1,1,0,0,0,1,1,49,2640,18,3,2012,1,8,52,0,16,6,LYNN ST,,0,42.13869167,-80.05674722,0,43,0,0,1,1,0,5,1,1,0,1,0,0000000,8,48,9,0,9,20,0,0,0,1,1
42,420210,1,1,0,0,0,1,1,31,0,20,3,2012,3,15,3,0,4,3,SR-1005 MIOLA RD,,12,41.22933333,-79.38754722,0,35,0,0,1,1,0,4,1,1,0,1,0,0000000,15,4,15,10,15,34,0,0,0,1,0
42,420211,2,2,0,0,0,2,2,101,6540,13,3,2012,3,15,16,0,14,3,SR-2007 FRANKFORD AV,BUTLER ST,34,40.00115278,-75.09719722,0,12,6,0,3,3,0,1,1,1,0,1,0,0000000,15,16,15,23,88,88,0,0,0,1,0
42,420212,1,1,0,1,1,2,2,95,8820,7,3,2012,4,19,53,0,14,3,SR-4022 MAIN ST,,4,40.75633889,-75.59568056,0,8,0,0,1,1,0,1,3,1,0,1,0,0000000,99,99,99,99,88,88,0,0,0,1,0
42,420213,2,2,0,0,0,2,2,69,200,29,2,2012,4,11,32,0,13,3,SR-6006 SCRANTON-CARBONDALE HW,,78,41.53048611,-75.55814167,0,12,2,0,1,1,0,1,1,4,0,4,0,0000000,11,36,11,44,12,9,0,0,0,1,1
42,420214,1,1,0,1,1,1,1,45,0,5,3,2012,2,18,46,0,13,3,SR-320 SPROUL RD,,79,39.96724444,-75.35947778,0,8,0,0,1,1,0,1,3,1,0,1,0,0000000,99,99,99,99,99,99,0,0,0,1,0
42,420215,1,1,0,1,1,1,1,95,0,7,3,2012,4,14,13,0,6,5,GREENWOOD AV,,0,40.67428889,-75.25923889,0,8,0,0,1,1,0,1,1,1,0,1,0,0000000,99,99,99,99,99,99,0,0,0,1,0
42,420216,1,1,0,0,0,1,1,79,0,30,3,2012,6,1,49,0,14,3,SR-309 MOUNTAIN BL,,216,41.18246111,-75.89005,0,24,0,0,1,1,0,2,2,1,0,1,0,0000000,99,99,99,99,88,88,0,0,0,1,1
42,420217,2,2,0,0,0,2,2,101,6540,6,3,2012,3,21,50,0,16,6,HEGERMAN ST,UNRUH ST,0,40.02323333,-75.04566389,0,12,6,0,2,2,0,1,3,1,0,1,0,0000000,21,49,22,2,22,27,0,0,0,1,2
42,420218,1,1,0,1,1,1,1,133,9610,24,3,2012,7,15,33,0,16,6,N GEORGE ST,NORTH ST,0,39.96647222,-76.72980556,0,8,0,0,3,2,0,1,1,2,0,2,0,0000000,15,37,15,41,16,5,16,0,0,1,0
42,420219,1,1,0,1,1,2,2,5,0,7,3,2012,4,19,1,0,14,3,SR-56 FIRST ST,,29,40.58268333,-79.56316667,0,8,0,0,1,1,0,1,2,1,0,1,0,0000000,19,8,19,13,20,10,0,0,0,1,0
42,420220,1,1,0,1,1,1,1,43,0,9,3,2012,6,6,49,0,6,5,CLEARFIELD ST,KRISTY LN,0,40.26694722,-76.76054444,0,9,0,0,3,3,0,1,1,1,0,1,0,0000000,99,99,99,99,99,99,16,0,0,1,0
42,420221,1,1,0,0,0,2,2,99,0,13,3,2012,3,19,28,0,3,3,SR-34 KEYSTONE WY,,163,40.45939722,-77.14508889,0,18,0,0,1,1,0,5,2,1,0,1,0,0000000,19,29,19,35,99,99,0,0,0,1,1
42,420222,1,1,0,0,0,1,1,91,0,12,3,2012,2,2,30,0,15,3,SR-1020,,13,40.25728056,-75.42123333,0,42,0,0,1,1,0,6,2,1,0,1,0,0000000,2,33,2,39,88,88,0,0,0,1,1
42,420223,1,1,0,0,0,1,1,89,8475,3,3,2012,7,15,56,0,3,3,SR-940,SR-4005,40,41.11979722,-75.54570278,0,7,0,0,2,3,0,1,1,1,0,1,0,0000000,99,99,99,99,99,99,0,0,0,1,1
42,420224,1,1,0,0,0,2,2,3,4710,23,2,2012,5,2,15,0,13,3,SR-148,,38,40.35248889,-79.83956389,0,43,0,0,1,1,0,6,3,2,0,2,0,0000000,2,15,2,19,5,30,0,0,0,1,0
42,420225,1,1,0,0,0,1,1,45,0,9,4,2012,2,20,31,0,15,3,SR-1034,,7,39.99113056,-75.42411111,0,1,0,0,1,1,0,1,2,1,0,1,0,0000000,99,99,99,99,88,88,0,0,0,1,1
42,420226,1,1,0,0,0,3,3,43,0,10,3,2012,7,15,11,0,4,3,SR-2002 SCHOOLHOUSE RD,,4,40.22816111,-76.71296111,0,35,0,0,1,1,0,4,1,1,0,1,0,0000000,15,13,15,20,15,48,0,0,0,1,0
42,420227,1,1,0,0,0,2,2,91,0,25,3,2012,1,14,54,0,6,5,YERGER RD,,0,40.27171389,-75.59871389,0,1,0,0,1,1,0,2,1,1,0,1,0,0000000,15,0,15,6,15,18,0,0,0,1,0
42,420228,1,1,0,0,0,2,2,3,0,17,4,2012,3,21,13,0,13,3,SR-60,,50,40.44161111,-80.09457778,0,33,0,0,1,1,0,4,3,1,0,1,0,0000000,21,14,21,19,21,39,0,0,0,2,0
42,420229,1,1,0,0,0,1,1,25,0,12,3,2012,2,11,42,0,4,3,SR-895 LIZARD CREEK RD,,29,40.77293611,-75.73776667,0,39,0,0,1,1,0,5,1,1,0,1,0,0000000,99,99,99,99,88,88,0,0,0,1,0
42,420230,1,1,0,0,0,1,1,125,163,9,4,2012,2,5,47,1,1,1,I-79,,241,40.03747778,-80.17888333,0,1,0,0,1,1,0,1,2,1,0,1,0,0000000,4,40,6,6,6,52,0,0,0,1,1
42,420231,1,1,0,1,1,1,1,45,0,5,3,2012,2,11,5,0,14,3,SR-2005 LANSDOWNE AV,SR-2026 STATE RD,40,39.95935278,-75.28766389,0,8,0,0,3,2,0,1,1,1,0,1,0,0000000,99,99,99,99,99,99,0,0,0,1,0
42,420232,1,1,0,1,1,1,1,43,3500,12,3,2012,2,6,47,0,13,3,SR-230,,23,40.251125,-76.86619444,0,8,0,0,1,1,0,1,4,1,0,1,0,0000000,99,99,99,99,99,99,0,0,0,1,0
42,420233,1,1,0,1,1,1,1,101,6540,26,3,2012,2,9,51,0,13,2,US-13 FRANKFORD AV,,124,40.054925,-75.00453889,0,8,0,0,1,1,0,7,1,1,0,1,0,0000000,9,52,9,55,10,27,0,0,0,1,0
42,420234,1,1,0,1,1,2,2,43,3500,29,3,2012,5,16,58,0,14,3,SR-3012,,19,40.26131944,-76.85671111,0,8,0,0,1,1,0,1,1,1,0,1,0,0000000,99,99,99,99,99,99,0,0,0,1,0
42,420235,1,1,0,1,1,1,1,101,6540,2,3,2012,6,0,25,1,13,3,SR-309 CHELTENHAM AV,BROAD ST,2,40.06326111,-75.13935556,0,8,0,0,3,3,0,1,2,1,0,1,0,0000000,99,99,99,99,88,88,0,0,0,1,0
42,420236,2,2,0,0,0,25,25,111,0,14,3,2012,4,14,38,0,3,3,SR-281 KINGWOOD RD,,121,39.92159167,-79.24949167,0,12,2,0,1,1,0,1,1,1,0,1,1,0000000,14,45,15,0,99,99,0,0,0,1,0
42,420237,1,1,0,0,0,3,3,45,0,7,3,2012,4,2,43,1,13,3,SR-3 MARKET ST,,117,39.96290833,-75.24866944,0,20,0,0,1,1,0,3,3,1,0,1,0,0000000,99,99,99,99,99,99,0,0,0,1,1
42,420238,1,1,0,1,1,2,2,101,6540,22,3,2012,5,19,0,0,16,6,TABOR RD,,0,40.03488333,-75.13136111,0,8,0,0,1,1,0,1,1,1,0,1,0,0000000,19,1,19,5,19,22,0,0,0,1,0
42,420239,1,1,0,0,0,3,3,101,6540,3,3,2012,7,1,35,0,16,6,BAMBREY ST,,0,40.00333889,-75.17187222,0,31,0,0,1,1,0,5,3,2,0,2,0,0000000,1,35,1,40,88,88,0,0,0,1,1
42,420240,1,1,0,0,0,3,3,101,6540,11,3,2012,1,2,50,1,13,3,SR-2009 ARAMINGO AV,ORTHODOX ST,35,40.00424444,-75.07750556,0,30,0,0,3,2,0,5,3,1,0,1,0,0000000,3,0,3,17,3,42,0,0,0,1,1
42,420241,2,2,0,0,0,2,2,1,0,1,3,2012,5,10,30,0,3,3,SR-97 BALTIMORE PK,,46,39.75991111,-77.12850833,0,12,2,0,1,1,0,1,1,1,0,1,0,0000000,10,27,10,34,88,88,0,0,0,1,0
42,420242,3,2,1,0,0,4,4,101,6540,30,3,2012,6,21,55,0,16,6,ONTARIO ST,TENTH ST,0,40.00376944,-75.14534167,0,12,6,0,2,2,0,1,3,1,0,1,0,0000000,22,11,22,16,22,40,20,0,0,1,1
42,420243,1,1,0,1,1,1,1,101,6540,26,3,2012,2,0,23,0,15,3,SR-1016 LINDEN AV,,20,40.05776111,-75.00821389,0,9,0,0,1,1,0,1,3,1,0,1,0,0000000,0,24,0,27,0,46,0,0,0,1,0
42,420244,2,2,0,0,0,2,2,71,0,18,3,2012,1,20,9,0,5,3,SR-2015 MAY POST OFFICE RD,,57,39.92754167,-76.13343333,0,12,6,0,1,1,0,1,2,1,0,1,0,0000000,20,14,20,24,99,99,0,0,0,1,0
42,420245,2,2,0,0,0,4,4,89,0,19,3,2012,2,15,55,1,2,2,US-209,,80,40.92561944,-75.38281944,0,12,2,0,1,1,0,1,1,1,0,1,0,0000000,99,99,99,99,99,99,0,0,0,1,0
42,420246,2,2,0,0,0,3,3,89,0,13,3,2012,3,11,37,1,11,1,I-80 KEYSTONE SHORTWAY HW,,3020,41.00248889,-75.27865833,0,12,7,0,1,1,0,1,1,1,0,1,0,0000000,99,99,99,99,99,99,0,0,0,1,0
42,420247,2,2,0,0,0,2,2,29,0,5,2,2012,1,6,56,1,13,2,US-322 HORSE SHOW PK,OLD HORSE SHOE PK,127,40.01855278,-75.73675278,0,12,7,0,2,3,0,1,2,1,0,1,0,0000000,22,59,23,6,23,27,0,0,0,1,0
42,420248,2,2,0,1,1,2,2,19,0,3,3,2012,7,0,50,1,1,1,I-79 RAYMOND P SHAFER HW,,909,40.85175556,-80.10396667,0,8,0,0,1,1,0,1,2,1,0,1,0,0000000,0,46,1,0,88,88,14,0,0,1,0
42,420249,2,2,0,1,1,3,3,51,0,21,3,2012,4,12,10,1,12,2,US-119 GEO C MARSHALL PY,,175,39.92118333,-79.71083611,0,8,0,0,1,1,0,1,1,1,0,1,0,0000000,12,15,12,17,99,99,23,0,0,1,0
42,420250,2,2,0,0,0,2,2,89,0,20,3,2012,3,2,3,1,11,1,I-80 KEYSTONE SHORTWAY HW,,3044,40.98679444,-75.23564722,0,12,1,1,18,1,0,1,2,1,0,1,0,0000000,99,99,99,99,88,88,0,0,0,1,1
42,420251,1,1,0,0,0,2,2,3,9350,5,3,2012,2,0,44,0,13,3,SR-8,MONTIER STREET,6,40.44063611,-79.87658611,0,33,0,0,2,4,0,4,3,4,0,4,0,0000000,99,99,99,99,99,99,20,0,0,2,0
42,420252,1,1,0,0,0,1,1,17,0,11,3,2012,1,1,39,0,14,3,SR-2071,,95,40.30508611,-74.901575,0,59,0,0,1,1,0,6,2,1,0,1,0,0000000,99,99,99,99,99,99,0,0,0,1,1
42,420253,2,2,0,0,0,2,2,73,0,24,3,2012,7,11,13,1,1,1,I-7060,,438,40.97768611,-80.39915556,0,12,1,0,1,1,0,1,1,1,0,1,0,0000000,11,14,11,19,12,0,0,0,0,1,1