STATE,ST_CASE,VE_TOTAL,VE_FORMS,PVH_INVL,PEDS,PERNOTMVIT,PERMVIT,PERSONS,COUNTY,CITY,DAY,MONTH,YEAR,DAY_WEEK,HOUR,MINUTE,NHS,ROAD_FNC,ROUTE,TWAY_ID,TWAY_ID2,MILEPT,LATITUDE,LONGITUD,SP_JUR,HARM_EV,MAN_COLL,RELJCT1,RELJCT2,TYP_INT,WRK_ZONE,REL_ROAD,LGT_COND,WEATHER1,WEATHER2,WEATHER,SCH_BUS,RAIL,NOT_HOUR,NOT_MIN,ARR_HOUR,ARR_MIN,HOSP_HR,HOSP_MN,CF1,CF2,CF3,FATALS,DRUNK_DR
42,420254,2,2,0,0,0,3,3,79,0,11,3,2012,1,22,39,0,6,5,SORBERTOWN HILL RD,,0,41.25721944,-76.08374167,0,12,2,0,1,1,0,1,2,1,0,1,0,0000000,22,35,22,50,23,10,0,0,0,1,1
42,420255,2,2,0,0,0,2,2,73,0,6,3,2012,3,16,35,1,2,2,US-422 BENJAMIN FRANKLIN HW,,201,40.968625,-80.18808056,0,12,2,0,1,1,0,1,1,1,0,1,0,0000000,16,38,16,50,17,52,0,0,0,1,0
42,420256,1,1,0,0,0,1,1,73,0,6,4,2012,6,3,0,0,3,3,SR-65,,37,40.88776667,-80.26101389,0,24,0,0,1,1,0,2,2,1,0,1,0,0000000,99,99,99,99,88,88,0,0,0,1,1
42,420257,2,2,0,0,0,3,3,51,0,18,3,2012,1,6,45,1,13,2,US-119 UNIVERSITY DR,SR-1067 OGLEVEE LN,256,39.99613056,-79.60954722,0,12,6,0,2,2,0,1,2,1,0,1,0,0000000,6,58,7,2,88,88,0,0,0,1,1
42,420258,2,2,0,0,0,2,2,17,0,7,3,2012,4,15,46,0,3,3,SR-32 RIVER RD,,245,40.41456944,-75.05334444,0,1,0,0,1,1,0,1,1,1,0,1,0,0000000,15,47,15,56,88,88,0,0,0,1,0
42,420259,1,1,0,0,0,1,1,3,652,30,4,2012,2,10,34,0,14,3,SR-3004,,63,40.30021389,-80.05056944,0,30,0,0,1,1,0,6,1,1,0,1,0,0000000,99,99,99,99,99,99,0,0,0,1,0
42,420260,2,2,0,0,0,2,2,3,652,7,3,2012,4,12,31,0,14,3,SR-3009,PARK AVENUE,34,40.32862222,-80.02904722,0,12,6,0,2,2,0,1,1,1,0,1,0,0000000,12,33,12,34,13,8,0,0,0,1,0
42,420261,2,2,0,0,0,2,2,71,0,14,3,2012,4,13,1,0,6,5,E NEWPORT RD,,0,40.16346111,-76.27796389,0,12,2,0,1,1,0,1,1,1,0,1,0,0000000,99,99,99,99,99,99,0,0,0,1,0
42,420262,2,2,0,0,0,2,2,11,6900,18,3,2012,1,23,34,1,12,3,SR-12 WARREN ST BP,,13,40.36313611,-75.94195833,0,12,1,0,1,1,0,1,2,1,0,1,0,0000000,99,99,99,99,99,99,0,0,0,1,0
42,420263,3,3,0,0,0,3,3,3,6600,13,3,2012,3,12,50,0,13,3,SR-8 BUTLER ST,SR-2122 BUTLER ST,66,40.48841667,-79.93718056,0,12,8,0,2,3,0,1,1,1,0,1,0,0000000,99,99,99,99,99,99,0,0,0,1,1
42,420264,2,2,0,0,0,3,3,71,0,23,3,2012,6,0,50,1,2,3,SR-300 283RD FIELD ARTILLER HW,,1,40.18505,-76.61021111,0,54,11,0,1,1,0,1,2,5,0,5,0,0000000,99,99,99,99,88,88,14,0,0,1,0
42,420265,1,1,0,1,1,1,1,129,4603,22,3,2012,5,21,19,0,15,3,SR-4081,COULSON ROAD,19,40.58799444,-79.71133056,0,8,0,0,2,3,0,1,3,1,0,1,0,0000000,99,99,99,99,99,99,0,0,0,1,0
42,420266,1,1,0,0,0,1,1,7,0,23,4,2012,2,14,12,1,11,1,I-376,,432,40.61413611,-80.32015278,0,35,0,0,1,1,0,5,1,1,0,1,0,0000000,99,99,99,99,88,88,0,0,0,1,0
42,420267,1,1,0,0,0,1,1,11,0,25,4,2012,4,5,29,0,4,5,KISTLER VALLEY ROAD,,0,40.63120556,-75.82558889,0,42,0,0,1,1,0,5,2,1,0,1,0,0000000,99,99,99,99,88,88,0,0,0,1,1
42,420268,1,1,0,0,0,1,1,11,0,23,4,2012,2,3,6,0,14,3,SR-3029,,15,39.87658889,-75.46688056,0,24,0,0,1,1,0,2,2,2,0,2,0,0000000,99,99,99,99,88,88,0,0,0,1,1
42,420269,1,1,0,0,0,1,1,51,0,4,4,2012,4,14,20,0,6,5,MCCOY HOLLOW ROAD,,0,40.0114,-79.54826111,0,42,0,0,1,1,0,5,1,1,0,1,0,0000000,99,99,99,99,99,99,0,0,0,1,0
42,420270,1,1,0,1,1,1,1,3,3690,6,4,2012,6,6,6,0,16,6,WATERFRONT DRIVE,AMITY STREET,0,40.41125278,-79.91332222,0,8,0,0,2,3,0,1,3,1,0,1,0,0000000,99,99,99,99,99,99,0,0,0,1,0
42,420271,1,1,0,1,1,1,1,3,6486,2,4,2012,2,3,29,0,13,3,SR-400,,75,40.46077778,-79.86814167,0,8,0,0,1,1,0,1,3,1,0,1,0,0000000,99,99,99,99,88,88,0,0,0,1,0
42,420272,1,1,0,0,0,1,1,99,0,21,4,2012,7,15,47,0,6,5,HUCKLEBERRY ROAD,,0,40.4063,-77.17400556,0,53,0,0,1,1,0,4,1,2,0,2,0,0000000,15,47,15,53,88,88,0,0,0,1,1
42,420273,1,1,0,0,0,1,1,133,0,14,4,2012,7,0,3,1,11,1,I-83 VFW OF US MEM HW,,207,39.97961111,-76.72511389,0,1,0,0,1,1,0,1,2,1,0,1,0,0000000,0,3,0,13,0,28,0,0,0,1,1
42,420274,1,1,0,0,0,1,1,129,0,3,4,2012,3,3,59,0,6,5,WALTON TEA ROOM RD,,0,40.30568333,-79.60294722,0,35,0,0,1,1,0,4,2,1,0,1,0,0000000,3,59,4,4,88,88,0,0,0,1,0
42,420275,1,1,0,0,0,1,1,55,0,13,4,2012,6,5,55,0,6,3,SR-2019 FIVE FORKS RD,,13,39.78774722,-77.62779167,0,1,0,0,1,1,0,4,2,1,0,1,0,0000000,99,99,99,99,88,88,0,0,0,1,0
42,420276,1,1,0,0,0,1,1,79,8330,10,4,2012,3,13,25,0,16,6,SIMPSON ST,WARSAW ST,0,41.29497222,-75.8689,0,19,0,0,3,3,0,5,1,1,0,1,0,0000000,13,30,13,32,14,20,0,0,0,1,0
42,420277,1,1,0,0,0,3,3,21,0,8,4,2012,1,22,52,0,14,3,SR-3037 WILLIAM PENN AV,,14,40.34173056,-78.90546111,0,30,0,0,1,1,0,5,2,1,0,1,0,0000000,22,51,22,58,99,99,0,0,0,1,1
42,420278,2,2,0,0,0,3,3,97,0,7,3,2012,4,15,9,0,3,3,SR-54 ELYSBURG RD,,137,40.88302222,-76.55085278,0,12,11,0,1,1,0,1,1,1,0,1,1,0000000,15,12,15,16,15,48,0,0,0,1,0
42,420279,2,2,0,1,1,2,2,3,408,8,3,2012,5,20,40,1,13,3,SR-51 CLAIRTON BL,,129,40.3437,-79.97058611,0,8,0,0,1,1,0,1,3,2,0,2,0,0000000,99,99,99,99,99,99,0,0,0,1,0
42,420280,2,2,0,0,0,2,2,95,0,27,3,2012,3,12,1,1,2,3,SR-248 LEHIGH DR,,57,40.74871389,-75.51512222,0,12,2,0,1,1,0,1,1,1,0,1,0,0000000,99,99,99,99,99,99,0,0,0,1,0
42,420281,1,1,0,0,0,4,4,23,0,21,4,2012,7,18,0,0,4,3,SR-555,,5,41.360725,-78.24355,0,42,0,0,1,1,0,5,1,2,0,2,0,0000000,99,99,99,99,99,99,0,0,0,1,1
42,420282,1,1,0,0,0,1,1,117,0,16,4,2012,2,13,2,0,5,3,SR-1011,,58,41.92139722,-76.94659722,0,7,0,0,1,1,0,2,1,1,0,1,0,0000000,13,0,99,99,99,99,0,0,0,1,0
42,420283,1,1,0,0,0,1,1,85,0,22,4,2012,1,22,30,1,1,1,I-79,,14,41.13333889,-80.15318611,0,20,0,0,1,1,0,3,2,1,0,1,0,0000000,99,99,99,99,88,88,0,0,0,1,0
42,420284,1,1,0,0,0,1,1,27,0,26,4,2012,5,15,5,0,4,3,SR-144,,217,40.97482222,-77.84475278,0,7,0,0,1,1,0,4,1,1,0,1,0,0000000,15,13,15,14,88,88,0,0,0,1,0
42,420285,1,1,0,0,0,2,2,15,0,5,4,2012,5,11,20,0,5,3,SR-4031,,67,41.94157222,-76.874825,0,42,0,0,1,1,0,6,1,1,0,1,0,0000000,11,24,11,38,12,3,0,0,0,1,0
42,420286,2,2,0,0,0,2,2,91,0,23,3,2012,6,22,42,0,6,5,SWEDE RD,,0,40.14306389,-75.32259167,0,12,6,0,8,1,0,1,2,1,0,1,0,0000000,22,44,22,47,23,5,0,0,0,1,1
42,420287,2,2,0,0,0,2,2,3,0,5,4,2012,5,20,28,0,13,3,SR-8,ANDERSON DRIVE,144,40.58653333,-79.95031667,0,12,6,0,2,3,0,1,5,1,0,1,0,0000000,20,30,20,32,20,45,0,0,0,1,1
42,420288,1,1,0,1,1,2,2,101,6540,15,3,2012,5,22,21,0,13,3,SR-4019,,23,40.07051667,-75.15516944,0,8,0,0,1,1,0,1,3,2,0,2,0,0000000,22,21,22,26,22,55,0,0,0,1,0
42,420290,1,1,0,0,0,2,2,27,0,3,4,2012,3,15,45,1,2,2,US-322 PORT MATILDA HW,,47,40.86515556,-78.17092778,0,34,0,0,1,1,0,4,1,1,0,1,0,0000000,99,99,99,99,99,99,0,0,0,1,1
42,420291,1,1,0,0,0,1,1,115,0,13,4,2012,6,21,52,0,3,3,SR-171 STATE ST,,314,41.95889167,-75.70435278,0,34,0,0,1,1,0,4,2,1,0,1,0,0000000,22,1,22,9,88,88,0,0,0,1,1
42,420292,6,6,0,0,0,6,6,101,6540,29,3,2012,5,8,44,1,11,1,I-95 DELAWARE EX,,211,39.94667778,-75.14236389,0,12,1,0,1,1,0,1,1,1,0,1,0,0000000,8,51,9,8,9,13,0,0,0,1,0
42,420293,2,2,0,0,0,2,2,13,0,27,4,2012,6,22,32,0,4,3,SR-3003 KNOB RUN RD,MOYER RD,65,40.37036111,-78.49853056,0,12,6,0,2,3,0,1,2,1,0,1,0,0000000,22,44,22,53,88,88,0,0,0,1,1
42,420294,2,2,0,0,0,2,2,17,0,6,4,2012,6,19,10,1,13,3,SR-132 STREET RD,HEPPE DR,77,40.16239722,-75.02241389,0,12,6,0,2,2,0,1,1,1,0,1,0,0000000,19,12,19,12,19,44,0,0,0,1,0
42,420295,2,2,0,0,0,2,2,81,0,14,4,2012,7,3,30,0,14,3,SR-405,BRICK CHURCH RD,19,41.18532778,-76.84293056,0,12,6,0,2,2,0,1,2,1,0,1,0,0000000,3,32,3,42,88,88,0,0,0,1,1
42,420296,2,2,0,0,0,2,2,129,0,11,4,2012,4,15,39,1,2,3,SR-51,,68,40.20340556,-79.83695,0,12,6,0,8,1,0,1,1,1,0,1,0,0000000,15,39,15,45,17,37,0,0,0,1,0
42,420297,2,2,0,0,0,12,12,13,0,17,4,2012,3,13,45,0,4,3,SR-3012,,41,40.42533889,-78.48968056,0,12,8,0,1,1,0,1,1,1,0,1,0,0000000,13,48,13,58,14,39,0,0,0,1,1
42,420298,2,2,0,0,0,5,5,3,6600,15,4,2012,1,1,55,1,11,1,I-376 PENN LINCOLN PY,,708,40.43421944,-79.99541944,0,12,2,0,1,1,0,1,3,2,0,2,0,0000000,1,56,1,56,2,26,0,0,0,1,2
42,420299,2,2,0,0,0,3,3,125,0,14,4,2012,7,16,46,1,13,2,US-19 WASHINGTON RD,,169,40.20436944,-80.20213333,0,12,1,0,1,1,0,1,1,1,0,1,0,0000000,16,19,16,25,17,8,0,0,0,2,0
42,420300,2,2,0,0,0,2,2,49,0,14,4,2012,7,8,52,0,4,3,SR-5  WEST LAKE RD,,74,42.01141111,-80.37921111,0,12,6,0,1,1,0,1,1,1,0,1,0,0000000,8,56,9,6,99,99,0,0,0,1,0
42,420301,1,1,0,0,0,1,1,107,0,28,4,2012,7,11,54,0,6,5,CATAWISSA RD,,0,40.73237222,-76.02853889,0,30,0,0,1,1,0,4,1,1,0,1,0,0000000,99,99,99,99,99,99,0,0,0,1,0
42,420302,1,1,0,0,0,1,1,129,6087,13,4,2012,6,23,22,0,14,3,SR-3049,,21,40.30703889,-79.73782778,0,32,0,0,1,1,0,6,3,1,0,1,0,0000000,23,23,23,27,99,96,0,0,0,1,1
42,420303,1,1,0,0,0,3,3,91,0,22,4,2012,1,0,19,1,12,2,US-422,,1704,40.19445278,-75.52400278,0,24,0,0,1,1,0,2,2,1,0,1,0,0000000,0,25,0,33,1,7,0,0,0,1,1
42,420304,1,1,0,1,1,1,1,55,3343,17,4,2012,3,15,57,0,4,3,SR-997,,171,39.93953889,-77.5518,0,8,0,0,8,1,0,1,1,1,0,1,0,0000000,15,55,15,58,99,99,16,0,0,1,0
42,420305,3,3,0,0,0,3,3,77,0,11,3,2012,1,3,20,1,12,2,US-22,,3197,40.61367778,-75.51169167,0,24,0,0,1,1,0,2,2,1,0,1,0,0000000,99,99,99,99,88,88,0,0,0,1,1
42,420306,2,2,0,0,0,5,5,9,0,29,4,2012,1,4,52,0,4,2,US-SR4009 RICHARD ST,,81,40.04985833,-78.51128333,0,12,6,0,1,1,0,1,3,1,0,1,0,0000000,4,54,4,58,99,99,0,0,0,1,1
42,420307,1,1,0,0,0,1,1,21,0,30,4,2012,2,15,50,0,14,3,SR-3029 FULMER RD,,12,40.31766944,-78.86163611,0,42,0,0,1,1,0,5,1,1,0,1,0,0000000,15,51,15,59,16,26,0,0,0,1,0
42,420308,1,1,0,0,0,1,1,3,9170,27,2,2012,2,1,31,0,15,3,SR-2034,,9,40.33837778,-79.89824444,0,21,0,0,1,1,0,2,3,1,0,1,0,0000000,1,35,1,40,88,88,0,0,0,1,1
42,420309,2,2,0,0,0,2,2,117,0,21,4,2012,7,23,55,0,4,3,SR-549 ROSEVILLE RD,,31,41.83466389,-77.01385278,0,35,0,0,1,1,0,4,2,1,0,1,0,0000000,99,99,99,99,99,99,0,0,0,1,1
42,420310,1,1,0,0,0,1,1,95,660,4,4,2012,4,19,4,0,14,3,SR-3007,PEMBROKE ROAD,4,40.62858056,-75.35896111,0,7,0,0,2,2,0,1,1,1,0,1,0,0000000,99,99,99,99,99,99,0,0,0,1,0
42,420311,1,1,0,0,0,1,1,17,0,3,4,2012,3,18,40,0,6,5,EMILIE RD,,0,40.14695,-74.85791111,0,42,0,0,1,1,0,5,1,1,0,1,0,0000000,99,99,99,99,99,99,0,0,0,1,0
42,420312,1,1,0,1,1,1,1,101,6540,20,4,2012,6,9,19,0,13,3,SR-2008,,22,39.97042778,-75.15001389,0,8,0,0,1,1,0,1,1,1,0,1,0,0000000,9,17,9,21,9,33,0,0,0,1,0
42,420313,1,1,0,0,0,1,1,3,5640,15,4,2012,1,23,40,0,16,6,HOMESTEAD DUQUESNE RD,,0,40.38681111,-79.89458611,0,24,0,0,1,1,0,2,3,1,0,1,0,0000000,23,44,23,48,0,16,0,0,0,1,0
42,420314,2,2,0,0,0,2,2,129,0,5,4,2012,5,13,41,0,3,3,SR-981 AVONMORE RD,PUMPING STATION RD,406,40.44016667,-79.41064167,0,12,2,0,2,3,0,1,1,1,0,1,0,0000000,13,48,13,58,14,39,0,0,0,1,0
42,420315,2,2,0,0,0,2,2,129,0,14,3,2012,4,7,22,0,4,3,SR-819 FORBES FIVE POINTS RD,CARASEA DR,215,40.37310556,-79.52043611,0,12,6,0,2,2,0,1,1,1,0,1,0,0000000,7,21,7,27,8,10,0,0,0,1,0
42,420316,2,2,0,0,0,3,3,61,6260,23,4,2012,2,15,36,0,4,3,SR-994 MEADOWS ST,WATER ST,273,40.24213889,-77.89403611,0,12,6,0,2,3,0,1,1,2,0,2,0,0000000,15,34,15,41,16,26,0,0,0,1,0
42,420317,2,2,0,0,0,5,5,85,0,27,4,2012,6,17,11,1,1,1,I-79 RAYMOND P SHAFER HW,,1163,41.19445833,-80.16126389,0,12,2,0,1,1,0,2,1,1,0,1,0,0000000,17,14,18,28,99,99,0,0,0,1,1
42,420318,2,1,1,0,0,1,1,77,110,20,4,2012,6,18,54,0,16,6,LEHIGH PY,,0,40.58860556,-75.48436111,0,14,0,0,1,1,0,7,1,1,0,1,0,0000000,99,99,99,99,99,99,0,0,0,1,1
42,420319,1,1,0,0,0,1,1,129,0,22,4,2012,1,1,3,0,13,3,SR-GREENSBURG RD,,49,40.53128056,-79.70973889,0,30,0,0,1,1,0,4,2,2,0,2,0,0000000,0,59,1,6,88,88,0,0,0,1,0
42,420320,2,2,0,0,0,3,3,45,6830,11,4,2012,4,15,16,1,13,2,US-13 CHESTER PK,,86,39.88035556,-75.31008056,0,12,1,0,8,1,0,1,1,1,0,1,0,0000000,99,99,99,99,99,99,0,0,0,1,0
42,420321,2,2,0,0,0,3,3,71,0,7,4,2012,7,1,34,0,4,3,SR-743 MAYTOWN RD,,40,40.11216111,-76.59171944,0,12,2,0,1,1,0,1,2,1,0,1,0,0000000,1,38,1,44,2,30,0,0,0,1,2
42,420322,2,2,0,0,0,8,8,101,6540,8,4,2012,1,22,45,0,13,3,SR-4002 STENTON AV,WASHINGTON LN,31,40.05905278,-75.16460833,0,12,6,0,2,3,0,1,3,1,0,1,0,0000000,22,45,22,50,23,34,0,0,0,1,1
42,420323,2,2,0,0,0,6,6,89,0,5,4,2012,5,9,5,0,14,3,SR-611,INDUSTRIAL PARK DR,219,41.14645833,-75.37325833,0,12,6,0,2,2,0,1,1,1,0,1,0,0000000,99,99,99,99,99,99,0,0,0,1,0
42,420324,1,1,0,2,2,1,1,17,0,1,4,2012,1,0,45,0,14,3,SR-513 HULMEVILLE RD,BUCKINGHAM DR,46,40.13456111,-74.91875833,0,8,0,0,2,3,0,1,3,1,0,1,0,0000000,0,45,0,52,1,8,15,0,0,1,0
42,420325,2,2,0,0,0,3,3,101,6540,14,4,2012,7,15,40,0,13,3,SR-2035 CHELTENHAM AV,MT AIRY AV,8,40.08083333,-75.16989722,0,12,6,0,2,3,0,1,1,1,0,1,0,0000000,15,38,15,47,99,99,0,0,0,1,0
42,420326,1,1,0,0,0,1,1,23,0,24,4,2012,3,13,0,0,4,3,SR-872 FIRST FORK RD,,120,41.46245278,-78.06442222,0,32,0,0,1,1,0,5,1,2,0,2,0,0000000,99,99,99,99,88,88,0,0,0,1,0
42,420327,1,1,0,0,0,1,1,49,2640,29,4,2012,1,19,9,1,13,3,SR-4034 BAYFRONT PY,,8,42.11716389,-80.11543056,0,33,0,0,1,1,0,4,1,1,0,1,0,0000000,19,8,19,15,19,27,0,0,0,1,1
42,420328,2,2,0,0,0,3,3,43,3500,1,4,2012,1,2,17,0,16,6,MARKET STREET,HALE AVENUE,0,40.27169167,-76.848775,0,12,6,0,2,3,0,1,3,1,0,1,0,0000000,99,99,99,99,99,99,0,0,0,1,0
42,420329,2,2,0,0,0,4,4,55,0,7,3,2012,4,18,57,0,4,2,US-11,SR-3012,112,39.87303333,-77.68793611,0,12,6,0,2,3,0,1,2,1,0,1,0,0000000,99,99,99,99,88,88,0,0,0,1,0
42,420330,1,1,0,0,0,2,2,91,0,29,4,2012,1,0,56,0,6,5,PAPERMILL ROAD,,0,40.388025,-75.5534,0,21,0,0,1,1,0,4,2,1,0,1,0,0000000,11,2,11,7,11,37,0,0,0,1,1
42,420331,1,1,0,0,0,1,1,83,0,29,4,2012,1,16,55,0,4,3,SR-155,,58,41.77105278,-78.26408889,0,24,0,0,1,1,0,2,1,1,0,1,0,0000000,99,99,99,99,99,99,0,0,0,1,1
42,420332,2,2,0,0,0,3,3,125,600,3,4,2012,3,3,15,1,11,1,I-70,,329,40.13351667,-79.99566111,0,12,6,1,5,1,0,1,2,1,0,1,0,0000000,3,15,3,22,4,37,0,0,0,1,2
42,420333,3,3,0,0,0,5,5,129,5880,18,4,2012,4,18,44,0,13,3,SR-366 TARENTUM RD,,4,40.58147222,-79.74794444,0,12,6,0,1,1,0,1,1,1,0,1,0,0000000,19,7,19,10,19,50,0,0,0,1,0
42,420334,2,1,1,0,0,2,2,133,0,12,4,2012,5,22,51,0,14,3,SR-181 GEORGE STREET EX,,64,40.07485,-76.71979444,0,52,0,0,1,1,0,2,3,1,0,1,0,0000000,22,54,23,1,99,99,0,0,0,1,1
42,420335,1,1,0,0,0,1,1,11,0,31,3,2012,7,2,5,1,13,2,US-422,,293,40.26474722,-75.75143611,0,42,0,0,1,1,0,6,2,2,0,2,0,0000000,99,99,99,99,88,88,0,0,0,1,1
42,420336,3,2,1,0,0,2,2,47,7300,18,4,2012,4,11,10,0,3,3,SR-120 BUCKTAIL TRAIL HW,,129,41.432275,-78.51150278,0,12,2,0,1,1,0,1,1,1,0,1,0,0000000,99,99,99,99,88,88,0,0,0,1,0
42,420337,1,1,0,0,0,1,1,7,0,21,4,2012,7,0,6,1,11,1,I-376,,327,40.74723889,-80.36566389,0,7,0,0,1,1,0,1,2,1,0,1,0,0000000,99,99,99,99,99,99,0,0,0,1,1
42,420338,2,2,0,0,0,2,2,55,0,23,4,2012,2,7,12,0,3,3,SR-997 CUMBERLAND HW,,268,40.04613333,-77.65665556,0,12,6,0,1,1,0,1,1,2,0,2,0,0000000,99,99,99,99,99,99,0,0,0,1,0
42,420339,2,2,0,0,0,2,2,125,0,3,4,2012,3,5,48,0,14,3,SR-18,,136,40.139425,-80.271375,0,12,2,0,1,1,0,1,2,1,0,1,0,0000000,5,49,5,51,99,99,0,0,0,1,1
42,420340,2,2,0,0,0,3,3,101,6540,26,4,2012,5,8,21,0,16,6,DISSTON ST,DITMAN ST,0,40.02762778,-75.04300833,0,12,6,0,2,2,0,1,1,1,0,1,0,0000000,8,20,8,27,99,99,0,0,0,2,0
42,420341,2,2,0,0,0,2,2,101,6540,29,4,2012,1,2,40,0,16,6,KENSINGTON AV,SEDGLEY AV,0,40.00285278,-75.10169167,0,12,1,0,3,7,0,1,3,1,0,1,0,0000000,2,44,2,46,3,12,0,0,0,1,1
42,420342,2,2,0,0,0,3,3,71,0,14,4,2012,7,12,39,1,1,1,I-76,,2852,40.22419444,-76.09760556,0,59,0,0,1,1,0,3,1,1,0,1,0,0000000,99,99,99,99,99,99,14,0,0,1,0
42,420343,2,1,1,0,0,1,1,17,0,11,4,2012,4,13,0,0,6,5,HARDING RD,,0,40.18348333,-75.04615,0,14,0,0,1,1,0,5,1,1,0,1,0,0000000,13,2,13,5,13,34,0,0,0,1,0
42,420344,2,2,0,0,0,4,4,99,0,8,4,2012,1,21,20,0,3,3,SR-34 SPRING RD,,40,40.33327778,-77.18167222,0,12,2,0,1,1,0,1,2,1,0,1,0,0000000,99,99,99,99,99,99,0,0,0,1,1
42,420345,1,1,0,0,0,2,2,81,5450,10,4,2012,3,14,13,1,11,1,I-180,,220,41.26178056,-76.92759444,0,1,0,0,1,1,0,1,1,1,0,1,0,0000000,14,16,14,20,14,47,0,0,0,1,0
42,420346,2,2,0,0,0,3,3,87,0,14,4,2012,7,11,30,1,2,2,US-322 TWENTY EIGHTH DIVISI HW,,3,40.75008611,-77.62485278,0,12,7,0,1,1,0,1,1,1,0,1,0,0000000,11,36,11,50,12,3,0,0,0,1,0
42,420347,1,1,0,1,1,1,1,11,0,25,4,2012,4,4,43,0,5,3,SR-1015 OLD ROUTE 22 HW,,31,40.57661944,-75.85539444,0,8,0,0,1,1,0,1,2,1,0,1,0,0000000,99,99,99,99,88,88,4,0,0,1,0
42,420348,1,1,0,1,1,1,1,79,0,21,3,2012,4,20,30,1,11,1,I-81,,1704,41.25403611,-75.82036944,0,8,0,0,1,1,0,1,2,1,0,1,0,0000000,99,99,99,99,88,88,0,0,0,1,0
42,420349,2,2,0,0,0,5,5,117,4830,15,3,2012,5,11,45,1,2,2,US-6 W WELLSBORO ST,DORSETT HEIGHTS RD,326,41.80418611,-77.08959444,0,12,6,1,2,2,0,1,1,1,0,1,0,0000000,11,45,11,58,12,15,0,0,0,2,0
42,420350,1,1,0,0,0,1,1,115,4523,27,5,2012,1,1,45,0,4,3,SR-4018 MAPLE AV,,3,41.98635833,-76.13960833,0,38,0,0,1,1,0,4,2,1,0,1,0,0000000,1,49,2,14,88,88,0,0,0,1,1
42,420351,1,1,0,0,0,1,1,115,0,27,5,2012,1,5,30,0,4,3,SR-4002 QUAKER LAKE RD,,55,41.97565833,-75.91141389,0,42,0,0,1,1,0,4,4,1,0,1,0,0000000,6,16,6,41,7,30,0,0,0,1,0
42,420352,1,1,0,0,0,1,1,9,0,3,5,2012,5,13,3,1,1,1,I-76,,1401,40.01453889,-78.59335833,0,23,0,0,1,1,0,4,1,1,0,1,0,0000000,13,2,13,21,15,19,0,0,0,1,0
42,420353,2,2,0,0,0,3,3,43,0,16,4,2012,2,15,17,0,14,3,SR-3001,,6,40.21955833,-76.791225,0,12,6,0,1,1,0,1,1,1,0,1,0,0000000,15,19,15,24,15,42,0,0,0,1,1
42,420354,2,2,0,0,0,3,3,101,6540,16,4,2012,2,17,46,0,14,3,SR-1013,NE AIRPORT ROAD,19,40.0705,-75.005,0,12,6,0,2,3,0,1,1,1,0,1,0,0000000,17,46,17,54,18,17,0,0,0,1,0
42,420355,1,1,0,0,0,1,1,11,0,6,5,2012,1,17,1,0,6,5,HILL DRIVE,,0,40.53681667,-75.99266667,0,7,0,0,1,1,0,4,1,1,0,1,0,0000000,99,99,99,99,99,99,0,0,0,1,1
42,420356,1,1,0,0,0,1,1,89,0,13,5,2012,1,5,24,0,5,3,SR-3003 SILVER SPRINGS BL,,15,40.86821667,-75.47089167,0,42,0,0,1,1,0,4,4,1,0,1,0,0000000,99,99,99,99,88,88,0,0,0,1,1
42,420357,1,1,0,0,0,1,1,79,0,31,5,2012,5,1,52,0,14,3,SR-2004 MAIN ST,,69,41.31369722,-75.80689167,0,39,0,0,1,1,0,5,3,1,0,1,0,0000000,1,55,2,4,88,88,20,0,0,1,1
42,420358,1,1,0,0,0,1,1,123,1556,19,5,2012,7,17,0,0,6,5,FACTORY ROAD,,0,41.97888889,-79.58919167,0,59,0,0,1,1,0,2,1,1,0,1,0,0000000,18,19,18,33,18,46,0,0,0,1,0
42,420359,2,2,0,0,0,3,3,85,0,21,4,2012,7,2,48,1,2,3,SR-18,,207,41.37303333,-80.40134167,0,12,7,0,1,1,0,1,2,1,0,1,0,0000000,2,49,2,54,88,88,0,0,0,2,2
42,420360,1,1,0,0,0,1,1,115,0,31,5,2012,5,2,50,0,5,3,SR-3023,SR-29,101,41.74496111,-75.89841944,0,44,0,0,2,3,0,1,2,1,0,1,0,0000000,99,99,99,99,88,88,0,0,0,1,1
42,420361,2,2,0,0,0,3,3,129,6220,26,4,2012,5,21,20,0,14,3,SR-4034,,55,40.57955278,-79.57600833,0,12,2,0,1,1,0,1,3,1,0,1,0,0000000,21,22,21,27,22,26,0,0,0,1,0
42,420362,1,1,0,0,0,2,2,89,0,5,5,2012,7,20,45,1,11,1,I-80 KEYSTONE SHORTWAY HW,,3025,40.99757778,-75.26931389,0,1,0,0,1,1,0,3,2,2,0,2,0,0000000,99,99,99,99,99,99,0,0,0,1,0
42,420363,1,1,0,0,0,1,1,129,0,20,5,2012,1,2,0,0,4,3,SR-981 ALVERTON MT PLEASANT RD,,122,40.14603889,-79.57738889,0,38,0,0,1,1,0,5,2,1,0,1,0,0000000,8,40,8,44,88,88,0,0,0,1,1
42,420364,1,1,0,0,0,1,1,111,0,15,5,2012,3,22,25,0,3,3,SR-985 SOMERSET PK,,5,40.07375278,-79.082475,0,1,0,0,1,1,0,1,2,1,0,1,0,0000000,22,27,22,36,88,88,0,0,0,1,1
42,420365,1,1,0,0,0,1,1,35,0,16,5,2012,4,2,30,0,4,3,SR-144 HALLS RUN RD,,109,41.269225,-77.77393889,0,24,0,0,1,1,0,2,2,5,0,5,0,0000000,7,6,7,46,88,88,0,0,0,1,0