STATE,ST_CASE,VE_TOTAL,VE_FORMS,PVH_INVL,PEDS,PERNOTMVIT,PERMVIT,PERSONS,COUNTY,CITY,DAY,MONTH,YEAR,DAY_WEEK,HOUR,MINUTE,NHS,ROAD_FNC,ROUTE,TWAY_ID,TWAY_ID2,MILEPT,LATITUDE,LONGITUD,SP_JUR,HARM_EV,MAN_COLL,RELJCT1,RELJCT2,TYP_INT,WRK_ZONE,REL_ROAD,LGT_COND,WEATHER1,WEATHER2,WEATHER,SCH_BUS,RAIL,NOT_HOUR,NOT_MIN,ARR_HOUR,ARR_MIN,HOSP_HR,HOSP_MN,CF1,CF2,CF3,FATALS,DRUNK_DR
42,420366,1,1,0,0,0,3,3,35,0,22,5,2012,3,0,51,0,6,5,FAIRPOINT RD,,0,41.12906667,-77.49511667,0,35,0,0,1,1,0,5,2,2,0,2,0,0000000,0,47,0,55,99,99,0,0,0,1,0
42,420367,1,1,0,0,0,2,2,11,0,20,4,2012,6,23,40,0,6,5,MOUNTAIN RD,,0,40.35453056,-75.67838611,0,42,0,0,1,1,0,5,2,1,0,1,0,0000000,99,99,99,99,88,88,0,0,0,1,1
42,420368,1,1,0,0,0,1,1,1,0,5,5,2012,7,15,25,0,6,5,STONE BRIDGE RD,,0,39.83264444,-77.086525,0,35,0,0,1,1,0,4,1,1,0,1,0,0000000,99,99,99,99,99,99,0,0,0,1,1
42,420369,1,1,0,0,0,1,1,89,0,30,5,2012,4,14,59,0,3,3,SR-940,,26,41.10820833,-75.56862222,0,42,0,0,1,1,0,5,1,1,0,1,0,0000000,99,99,99,99,88,88,0,0,0,1,0
42,420370,1,1,0,1,1,4,4,21,0,5,5,2012,7,0,43,0,6,5,WILLOW BEACH RD,,0,40.40171944,-78.70685833,0,8,0,0,1,1,0,4,2,1,0,1,0,0000000,0,45,0,52,99,99,4,0,0,1,0
42,420371,2,2,0,0,0,2,2,35,0,24,5,2012,5,5,53,0,6,5,DRAKETOWN RD,,0,41.11570278,-77.47096667,0,12,6,0,8,1,0,1,1,1,0,1,0,0000000,99,99,99,99,99,99,0,0,0,1,0
42,420372,3,3,0,0,0,4,4,77,0,28,5,2012,2,15,54,0,5,3,SR-4024 MOUNTAIN RD,REXTOWN RD,95,40.76722222,-75.64553889,0,12,1,0,3,3,0,1,1,1,0,1,0,0000000,99,99,99,99,99,99,0,0,0,1,0
42,420373,2,2,0,0,0,2,2,79,0,1,5,2012,3,13,0,0,13,3,SR-2004 MAIN ST,,65,41.30207778,-75.83007222,0,12,2,0,1,1,0,1,1,1,0,1,0,0000000,13,3,13,8,13,30,0,0,0,1,0
42,420374,1,1,0,0,0,1,1,89,0,17,3,2012,7,23,38,0,6,5,CHESTNUT DRIVE,,0,40.88305556,-75.40043333,0,7,0,0,1,1,0,1,2,1,0,1,0,0000000,99,99,99,99,99,99,0,0,0,1,1
42,420375,2,2,0,0,0,2,2,33,505,15,4,2012,1,10,45,0,3,3,SR-53,,4,40.73203611,-78.52737778,0,12,2,0,1,1,0,1,1,1,0,1,0,0000000,99,99,99,99,99,99,0,0,0,1,0
42,420376,1,1,0,0,0,1,1,33,4045,19,5,2012,7,22,50,0,4,3,SR-879,,328,41.12469167,-78.14133333,0,1,0,0,4,1,0,1,2,1,0,1,0,0000000,99,99,99,99,99,99,0,0,0,1,1
42,420377,1,1,0,0,0,1,1,29,0,5,5,2012,7,23,55,0,5,3,SR-4031,,96,40.13865833,-75.70790556,0,34,0,0,1,1,0,4,2,1,0,1,0,0000000,0,10,0,23,88,88,0,0,0,1,1
42,420378,2,2,0,0,0,4,4,81,9380,20,5,2012,1,10,35,1,11,1,I-180,,260,41.24446389,-76.99130278,0,12,2,0,1,1,0,1,1,1,0,1,0,0000000,10,37,10,41,99,99,0,0,0,1,0
42,420379,2,2,0,0,0,3,3,133,0,17,5,2012,5,17,49,0,13,3,SR-74 CARLISLE AV,US-30-SR8004 RAMP,325,39.9648,-76.77039444,0,12,6,1,2,2,0,1,1,1,0,1,0,0000000,99,99,99,99,99,99,0,0,0,1,0
42,420380,1,1,0,0,0,1,1,17,0,10,5,2012,5,2,23,0,14,3,SR-2002 STATE RD,,23,40.068875,-74.94526111,0,30,0,0,1,1,0,4,2,2,0,2,0,0000000,2,24,2,35,88,88,0,0,0,1,1
42,420381,2,2,0,0,0,3,3,3,1330,16,5,2012,4,9,45,1,11,1,I-376,,793,40.44492778,-79.85133333,0,12,7,0,1,1,0,1,1,1,0,1,0,0000000,9,44,9,50,10,24,0,0,0,1,0
42,420382,1,1,0,0,0,1,1,117,0,1,5,2012,3,5,0,0,2,3,SR-8005,,1,41.92745278,-77.11603611,0,7,0,1,5,1,0,4,2,1,0,1,0,0000000,5,45,6,6,88,88,0,0,0,1,1
42,420383,2,2,0,0,0,4,4,1,0,6,5,2012,1,15,35,1,2,2,US-15 BLUE-GRAY HW,,118,39.85058889,-77.19646944,0,12,6,0,1,1,0,1,1,1,0,1,0,0000000,15,38,15,44,16,17,0,0,0,1,0
42,420384,1,1,0,0,0,1,1,129,0,4,5,2012,6,19,41,0,5,3,SR-1018,,59,40.35242222,-79.32874722,0,7,0,0,1,1,0,1,2,1,0,1,0,0000000,19,41,19,45,20,56,0,0,0,1,1
42,420385,2,2,0,0,0,4,4,29,0,23,5,2012,4,7,15,0,14,3,SR-29 PHOENIXVILLE PK,,28,40.08020556,-75.53798333,0,12,8,0,1,1,0,1,1,1,0,1,0,0000000,7,2,7,10,88,88,0,0,0,1,0
42,420386,1,1,0,0,0,1,1,3,9320,31,5,2012,5,5,34,0,16,4,CR-COULTERVILLE ROAD,,0,40.30145833,-79.79658611,0,11,0,0,1,1,0,1,4,1,0,1,0,0000000,5,42,5,51,6,37,0,0,0,1,0
42,420387,2,2,0,0,0,2,2,31,0,3,5,2012,5,14,0,1,2,2,US-322 TWENTYEIGHTH DIVISIO HW,,187,41.19467778,-79.29413333,0,12,2,0,1,1,0,1,1,1,0,1,0,0000000,99,99,99,99,99,99,0,0,0,1,0
42,420388,2,2,0,0,0,5,5,3,0,1,5,2012,3,19,30,1,12,3,SR-28 ALLEGHENY VALLEY EX,,90,40.49928611,-79.86397778,0,12,1,1,18,1,0,1,1,1,0,1,0,0000000,19,32,19,36,20,0,0,0,0,1,0
42,420389,1,1,0,0,0,1,1,95,440,24,4,2012,3,18,5,0,14,3,SR-329 RACE ST,,66,40.72478611,-75.39563056,0,3,0,0,1,1,0,5,1,1,0,1,0,0000000,99,99,99,99,88,88,0,0,0,1,0
42,420390,2,2,0,0,0,4,4,7,0,15,5,2012,3,11,36,0,6,5,GEORGETOWN RD,,0,40.77025556,-80.428725,0,12,6,0,1,1,0,1,1,1,0,1,0,0000000,11,37,11,40,13,16,4,0,0,1,0
42,420391,2,2,0,0,0,2,2,51,6510,22,5,2012,3,17,25,1,2,3,SR-51 PITTSBURGH RD,,142,40.08685556,-79.76083889,0,12,6,0,8,1,0,1,1,1,0,1,0,0000000,17,26,17,30,18,6,0,0,0,1,0
42,420392,2,2,0,0,0,4,4,125,0,11,5,2012,6,7,40,0,5,3,SR-4012 JOFFRE BULGER RD,,29,40.37987778,-80.34828056,0,12,8,0,1,1,0,1,1,1,0,1,0,0000000,99,99,99,99,99,99,0,0,0,3,0
42,420393,2,2,0,0,0,3,3,17,0,13,5,2012,1,3,44,1,12,2,US-1 LINCOLN HW,,119,40.19708056,-74.79726111,0,24,0,0,1,1,0,2,2,1,0,1,0,0000000,3,45,3,49,99,99,0,0,0,1,0
42,420394,3,3,0,0,0,3,3,29,0,16,5,2012,4,8,56,1,13,3,SR-100 POTTSTOWN PK,COMMERCE DR,37,40.02607778,-75.62692778,0,12,1,0,3,2,0,1,1,1,0,1,0,0000000,8,56,9,3,9,50,0,0,0,1,0
42,420395,3,3,0,0,0,4,4,5,0,29,5,2012,3,5,30,1,2,2,US-422 BENJAMIN FRANKLIN HW,,162,40.76869167,-79.42939722,0,12,8,0,1,1,0,1,4,1,0,1,0,0000000,5,28,5,37,6,7,0,0,0,1,0
42,420396,3,2,1,0,0,3,3,3,0,12,5,2012,7,12,59,0,14,3,SR-2058 MILLTOWN UNINTY RD,,72,40.49752222,-79.78944444,0,12,6,0,1,1,0,1,1,1,0,1,0,0000000,12,59,13,2,14,10,0,0,0,1,1
42,420397,3,3,0,0,0,9,9,3,9170,20,5,2012,1,23,0,1,13,3,SR-837 KENNYWOOD BL,,129,40.38997778,-79.86855278,0,12,2,0,1,1,0,1,3,1,0,1,0,0000000,23,2,23,11,23,45,0,0,0,1,0
42,420398,1,1,0,0,0,1,1,95,0,29,5,2012,3,18,24,0,6,5,KROMER RD,,0,40.820575,-75.30725,0,30,0,0,1,1,0,5,1,2,0,2,0,0000000,99,99,99,99,88,88,0,0,0,1,0
42,420399,3,1,2,1,2,4,5,7,480,26,5,2012,7,22,2,0,13,3,SR-18 SEVENTH AV,,259,40.75885556,-80.31937222,0,14,0,0,1,1,0,7,3,1,0,1,0,0000000,22,5,22,10,22,52,0,0,0,1,0
42,420400,3,3,0,0,0,3,3,101,6540,14,5,2012,2,19,53,0,16,6,LINCOLN DR,,0,40.02918056,-75.18996667,0,12,2,0,1,1,0,1,3,2,0,2,0,0000000,19,52,19,58,20,31,0,0,0,1,1
42,420401,1,1,0,1,1,1,1,49,2640,13,5,2012,1,0,25,0,13,3,SR-4016 THIRTYEIGHTH ST,,74,42.09348056,-80.09021389,0,8,0,0,1,1,0,1,3,1,0,1,0,0000000,99,99,99,99,88,88,0,0,0,1,0
42,420402,1,1,0,0,0,2,2,71,0,24,5,2012,5,18,50,0,4,3,SR-987 SWARTZVILLE RD,,214,40.25423889,-76.08583611,0,1,0,0,1,1,0,5,1,1,0,1,0,0000000,18,52,18,59,19,16,0,0,0,1,0
42,420403,1,1,0,1,1,1,1,91,0,21,5,2012,2,22,23,1,13,2,US-202 DEKALB PK,,24,40.093675,-75.36639167,0,8,0,0,1,1,0,1,2,2,0,2,0,0000000,22,25,22,26,88,88,0,0,0,1,1
42,420404,1,1,0,0,0,1,1,89,0,1,5,2012,3,14,59,0,5,3,SR-1002 CHERRY LANE ROAD,,12,41.069875,-75.25478611,0,1,0,0,1,1,0,4,1,1,0,1,0,0000000,99,99,99,99,88,88,0,0,0,1,0
42,420405,2,1,1,0,0,1,1,75,0,28,4,2012,7,21,16,0,4,3,SR-897 MAIN STREET,,56,40.307225,-76.32939444,0,42,0,0,1,1,0,5,2,1,0,1,0,0000000,21,17,21,22,88,88,14,0,0,1,1
42,420406,1,1,0,0,0,2,2,89,0,4,5,2012,6,21,35,0,6,3,SR-3017 HAMILTON STREET,,13,40.87253333,-75.31645556,0,42,0,0,1,1,0,5,2,2,0,2,0,0000000,99,99,99,99,88,88,0,0,0,2,1
42,420407,1,1,0,0,0,1,1,35,0,5,5,2012,7,9,30,0,4,3,SR-144 HALLS RUN ROAD,,3,41.18348333,-77.87805278,0,35,0,0,1,1,0,5,1,99,0,99,0,0000000,7,17,7,46,8,57,0,0,0,1,0
42,420408,5,2,3,0,0,2,2,95,0,24,5,2012,5,12,55,0,15,3,SR-3001 FLINT HILL RD,SR-412 LEITHSVILLE RD,11,40.55391667,-75.33616944,0,12,6,0,3,3,0,1,1,1,0,1,0,0000000,99,99,99,99,99,99,0,0,0,1,0
42,420409,1,1,0,0,0,2,2,35,0,5,5,2012,7,12,18,1,1,1,I-80 Z H CONFAIR MEMORIAL HW,,1943,41.04936111,-77.14636667,0,42,0,0,1,1,0,3,1,1,0,1,0,0000000,13,44,14,19,14,53,0,0,0,2,0
42,420410,1,1,0,0,0,3,3,29,0,15,3,2012,5,1,0,1,11,1,I-76,,3107,40.07320833,-75.69013889,0,24,0,0,1,1,0,2,2,1,0,1,0,0000000,0,59,1,14,2,25,0,0,0,1,0
42,420411,1,1,0,0,0,1,1,133,0,22,5,2012,3,21,7,0,4,3,SR-0425 NEW BRIDGEVILLE ROAD,,224,39.93277222,-76.48766667,0,18,0,0,1,1,0,1,2,1,0,1,0,0000000,99,99,99,99,88,88,0,0,0,1,1
42,420412,2,2,0,0,0,14,14,45,1540,27,4,2012,6,12,45,0,13,3,SR-2006 MACDADE BL,,63,39.90906111,-75.28323056,0,12,1,0,1,1,0,1,1,2,0,2,0,0000000,99,99,99,99,99,99,0,0,0,1,0
42,420413,1,1,0,0,0,1,1,41,1060,27,5,2012,1,17,35,0,12,3,SR-8004 RAMP F ROAD,,12,40.23085833,-76.93171389,0,25,0,1,5,1,0,4,1,1,0,1,0,0000000,17,35,17,38,88,88,0,0,0,1,1
42,420414,1,1,0,0,0,1,1,39,0,28,5,2012,2,22,4,0,3,3,SR-27,,61,41.62356111,-80.041325,0,42,0,0,1,1,0,5,2,1,0,1,0,0000000,88,88,88,88,88,88,0,0,0,1,1
42,420415,1,1,0,0,0,2,2,131,0,31,5,2012,5,19,7,0,6,3,SR-1001 BILLINGS MILL RD,,25,41.580425,-75.91658611,0,1,0,0,1,1,0,1,1,1,0,1,0,0000000,19,9,19,18,19,42,0,0,0,1,1
42,420416,3,2,1,0,0,4,4,11,0,5,5,2012,7,20,22,0,4,3,SR-4028 OLD RTE 22 RD,,91,40.571825,-75.91259167,0,12,6,0,8,1,0,1,5,1,0,1,0,0000000,99,99,99,99,88,88,0,0,0,2,1
42,420417,4,4,0,0,0,4,4,101,6540,17,5,2012,5,12,21,0,16,6,MARTIN LUTHER KING JR DR PS,,0,39.99628056,-75.19535556,0,12,6,0,1,1,0,1,1,1,0,1,0,0000000,8,21,8,40,8,52,0,0,0,1,0
42,420418,1,1,0,1,1,1,1,101,6540,3,5,2012,5,18,46,1,13,2,US-SR6001 ROOSEVELT BL,SR-73 COTTMAN AV,54,40.04430833,-75.05405278,0,8,0,0,3,2,0,1,1,1,0,1,0,0000000,18,46,18,51,19,9,0,0,0,1,1
42,420419,1,1,0,0,0,5,5,91,6780,21,5,2012,2,23,28,0,15,3,SR-4040 STATE RD,10TH ST,5,40.25849167,-75.65038889,0,19,0,0,3,3,0,5,3,2,0,2,0,0000000,23,29,23,36,0,5,0,0,0,2,1
42,420420,1,1,0,1,1,1,1,77,660,4,5,2012,6,20,30,0,16,6,BROAD ST,,0,40.62241389,-75.38644722,0,8,0,0,1,1,0,1,3,2,0,2,0,0000000,99,99,99,99,99,99,0,0,0,1,1
42,420421,1,1,0,0,0,3,3,89,0,12,5,2012,7,21,20,0,6,5,POLK TWP RD,,0,40.90968333,-75.48945,0,30,0,0,1,1,0,5,3,1,0,1,0,0000000,99,99,99,99,99,99,0,0,0,1,1
42,420422,1,1,0,0,0,2,2,13,0,26,5,2012,7,13,18,1,1,1,I-99 BUD SHUSTER HW,,185,40.30949722,-78.44066389,0,24,0,0,1,1,1,3,1,1,0,1,0,0000000,13,22,13,40,99,99,20,0,0,1,0
42,420423,1,1,0,0,0,2,2,97,5330,14,5,2012,2,16,31,0,16,6,CENTER STREET,,0,41.01783333,-76.85204444,0,10,0,0,6,1,0,1,1,2,0,2,0,501563L,99,99,99,99,99,99,0,0,0,1,0
42,420424,1,1,0,0,0,2,2,85,0,13,5,2012,1,2,23,0,3,3,SR-18 CONNEAUT LAKE ROAD,,283,41.47046667,-80.36498056,0,24,0,0,1,1,0,2,2,1,0,1,0,0000000,99,99,99,99,99,99,0,0,0,2,1
42,420425,1,1,0,1,1,1,1,43,3500,16,5,2012,4,7,41,0,13,3,SR-3018 SEVENTH STREET,BOAS STREET,0,40.26967778,-76.88229722,0,8,0,0,2,3,0,1,1,1,0,1,0,0000000,99,99,99,99,99,99,0,0,0,1,0
42,420426,1,1,0,0,0,1,1,21,0,26,3,2012,2,20,55,0,6,3,SR-1022 ROSELAND RD,,2,40.71620833,-78.51907778,0,42,0,0,1,1,0,4,2,1,0,1,0,0000000,20,58,21,12,88,88,0,0,0,1,0
42,420427,2,2,0,0,0,3,3,3,2660,6,5,2012,1,15,55,1,12,3,SR-28,,44,40.49441111,-79.94254722,0,12,1,1,17,1,0,1,1,1,0,1,0,0000000,16,2,16,6,16,31,0,0,0,1,0
42,420428,1,1,0,0,0,1,1,101,6540,28,5,2012,2,19,8,0,13,2,US-13 ROOSEVELT BOULEVARD,,81,40.02058889,-75.14218056,0,34,0,0,1,1,0,4,1,1,0,1,0,0000000,19,8,19,12,19,35,0,0,0,1,0
42,420429,2,2,0,0,0,3,3,39,0,28,5,2012,2,9,56,0,3,2,US-19 PERRY HW,SR-285,41,41.54109722,-80.187275,0,12,6,0,2,2,0,1,1,1,0,1,0,0000000,10,10,10,23,11,20,0,0,0,1,0
42,420430,2,2,0,0,0,3,3,85,7550,30,5,2012,4,9,57,0,15,3,SR-3021 FORKER BL,HIGHLAND RD,0,41.23898056,-80.48735,0,12,6,0,2,2,0,1,1,1,0,1,0,0000000,10,2,10,5,10,33,0,0,0,1,0
42,420431,2,2,0,0,0,3,3,29,0,26,5,2012,7,21,44,0,4,3,SR-472 LANCASTER PIKE,SR-3028 STREET ROAD,100,39.80084444,-76.01431944,0,12,6,0,2,2,0,1,3,1,0,1,0,0000000,21,44,21,55,22,31,0,0,0,2,2
42,420432,2,2,0,0,0,2,2,91,0,3,5,2012,5,11,21,1,13,3,SR-309 BETHLEHEM PK,SR-2018 BETHLEHEM PK,118,40.19953889,-75.22404444,0,12,7,0,2,4,0,1,1,1,0,1,0,0000000,11,23,11,27,11,39,0,0,0,1,0
42,420433,1,1,0,1,1,2,2,101,6540,29,5,2012,3,20,53,0,14,3,SR-2007 FRANKFORD AVENUE,ELKHART STREET,22,39.99111111,-75.11427778,0,15,0,0,2,3,0,1,1,2,0,2,0,0000000,20,53,20,59,21,23,0,0,0,1,0
42,420434,2,2,0,0,0,2,2,27,0,8,5,2012,3,15,8,1,1,1,I-99 BUD SHUSTER HW,,692,40.81777222,-77.93761944,0,12,2,0,1,1,0,1,1,1,0,1,0,0000000,99,99,99,99,99,99,0,0,0,1,0
42,420435,2,2,0,0,0,2,2,11,0,8,5,2012,3,9,53,1,12,2,US-422 BENJAMIN FRANKLIN HW,,224,40.30756389,-75.86754167,0,12,1,0,1,1,0,1,1,1,0,1,0,0000000,99,99,99,99,99,99,0,0,0,1,1
42,420436,2,2,0,0,0,3,3,69,2120,11,5,2012,6,14,26,0,13,3,SR-2020 E DRINKER ST,,2,41.42178056,-75.63029167,0,12,1,0,1,1,0,1,1,1,0,1,0,0000000,99,99,99,99,99,99,0,0,0,1,0
42,420437,2,2,0,0,0,3,3,27,0,4,5,2012,6,16,37,0,13,3,SR-26 COLLEGE AV,,106,40.82242222,-77.81383333,0,12,6,0,8,1,0,1,1,1,0,1,0,0000000,16,38,16,45,17,6,0,0,0,1,0
42,420438,1,1,0,0,0,1,1,15,0,29,5,2012,3,14,39,0,4,3,SR-187,,117,41.68167222,-76.30697222,0,35,0,0,1,1,0,4,1,1,0,1,0,0000000,14,26,14,43,88,88,0,0,0,1,0
42,420439,2,2,0,0,0,5,5,129,3900,3,5,2012,5,18,19,1,13,2,US-30 LINCOLN HW,,52,40.32341944,-79.69960833,0,1,0,0,8,1,0,1,1,1,0,1,0,0000000,18,18,18,25,99,99,14,0,0,1,0
42,420440,1,1,0,0,0,1,1,1,0,1,5,2012,3,14,0,0,3,3,SR-97 BALTIMORE PK,SR-2003 HICKORY RD,61,39.77150278,-77.15234722,0,38,0,0,3,3,0,4,1,1,0,1,0,0000000,99,99,99,99,88,88,0,0,0,1,0
42,420441,1,1,0,0,0,4,4,41,1100,26,5,2012,7,18,17,1,11,1,I-81 AMERICAN LEGION MEMORI HW,,457,40.18724722,-77.20436111,0,42,0,1,5,1,0,5,1,2,0,2,0,0000000,99,99,99,99,99,99,0,0,0,1,0
42,420442,1,1,0,1,1,1,1,101,6540,28,5,2012,2,22,15,0,15,3,SR-1004 TORRESDALE AV,,92,40.04595833,-75.00654167,0,9,0,0,1,1,0,1,3,1,0,1,0,0000000,22,16,22,20,22,52,0,0,0,1,0
42,420443,1,1,0,0,0,1,1,129,0,19,5,2012,7,2,0,0,6,5,HORNERTOWN RD,,0,40.09458333,-79.60645833,0,1,0,0,1,1,0,1,2,1,0,1,0,0000000,5,49,6,0,88,88,4,0,0,1,1
42,420444,1,1,0,3,3,1,1,101,6540,19,5,2012,7,6,35,0,16,6,RED LION RD,,0,40.10669167,-75.03535833,0,8,0,0,1,1,0,6,1,1,0,1,0,0000000,6,44,6,48,7,30,0,0,0,1,0
42,420445,2,2,0,0,0,3,3,125,0,6,5,2012,1,17,10,0,3,2,US-40 NATIONAL PK,,231,40.11778056,-80.11149444,0,54,11,0,1,1,0,1,1,1,0,1,0,0000000,17,10,17,27,18,7,14,0,0,1,1
42,420446,3,1,2,3,3,1,1,69,7460,24,5,2012,5,16,20,1,12,2,US-11 JOSEPH M MCDADE EX,,88,41.44318889,-75.67106389,0,35,0,1,5,1,0,5,1,1,0,1,0,0000000,16,23,16,31,16,45,0,0,0,1,0
42,420447,3,3,0,0,0,5,5,59,0,28,5,2012,2,18,45,0,3,3,SR-21 ROY E FURMAN HIGHWAY,,97,39.925775,-80.37037778,0,12,7,0,1,1,0,1,1,1,0,1,0,0000000,99,99,99,99,99,99,0,0,0,1,0
42,420448,5,5,0,0,0,6,6,69,0,13,5,2012,1,3,5,1,1,1,I-81 AMERICAN LEGION MEM HW,,2003,41.57035278,-75.652075,0,12,7,0,1,1,0,1,2,1,0,1,0,0000000,3,7,3,14,3,40,14,0,0,1,1
42,420449,1,1,0,0,0,1,1,107,0,2,6,2012,7,20,40,0,3,2,US-209 TREMONT STREET,,141,40.65617778,-76.34549722,0,24,0,0,1,1,0,2,2,1,0,1,0,0000000,99,99,99,99,88,88,0,0,0,1,1
42,420450,1,1,0,0,0,1,1,79,0,2,6,2012,7,8,0,0,6,5,NUREMBURG BYPASS,,0,40.94205278,-76.16676389,0,42,0,0,1,1,0,5,2,99,0,99,0,0000000,99,99,99,99,88,88,0,0,0,1,1
42,420451,2,2,0,0,0,2,2,101,6540,28,4,2012,7,5,18,1,11,1,I-95 DELAWARE EX,,267,40.00221389,-75.07842222,0,12,1,0,1,1,0,1,3,1,0,1,0,0000000,5,19,5,29,6,12,0,0,0,1,1
42,420452,1,1,0,0,0,1,1,71,0,7,6,2012,5,18,0,0,6,5,OAKLYN DR,,0,40.19260556,-75.99845,0,38,0,0,1,1,0,4,1,1,0,1,0,0000000,99,99,99,99,99,99,0,0,0,1,0
42,420453,1,1,0,0,0,2,2,73,9997,24,6,2012,1,10,20,0,4,3,SR-168 EASTBROOK RD,,18,40.87623333,-80.39420278,0,30,0,0,1,1,0,4,1,1,0,1,0,0000000,99,99,99,99,99,99,0,0,0,1,1
42,420454,1,1,0,0,0,1,1,19,0,17,6,2012,1,1,55,0,5,3,SR-138 EUCLID RD,,2,40.972075,-79.96701944,0,42,0,0,1,1,0,4,2,1,0,1,0,0000000,99,99,99,99,88,88,0,0,0,1,1
42,420455,1,1,0,1,1,1,1,81,9380,2,5,2012,4,23,24,0,14,3,SR-2016 HIGH ST,,14,41.24486667,-77.02531944,0,8,0,0,1,1,0,1,3,2,0,2,0,0000000,23,26,23,35,88,88,0,0,0,1,1
42,420456,1,1,0,0,0,1,1,129,0,23,6,2012,7,2,0,0,5,3,SR-1018 PITTSBURGH ST,,50,40.35836667,-79.34798056,0,35,0,0,1,1,0,4,2,1,0,1,0,0000000,99,99,99,99,88,88,0,0,0,1,1
42,420457,1,1,0,0,0,2,2,85,0,30,6,2012,7,23,0,0,5,3,SR-1004 FREDONIA RD,,39,41.33705,-80.13471111,0,35,0,0,1,1,0,6,2,1,0,1,0,0000000,99,99,99,99,99,99,0,0,0,1,1
42,420458,1,1,0,0,0,1,1,87,0,2,6,2012,7,15,10,1,2,2,US-522,,97,40.67784444,-77.41636667,0,30,0,0,1,1,0,4,1,1,0,1,0,0000000,15,11,15,23,15,49,0,0,0,1,0
42,420459,1,1,0,0,0,2,2,9,0,9,6,2012,7,21,0,0,6,3,SR-3017 BUFFALO RD,,43,39.96907778,-78.60013056,0,38,0,0,1,1,0,4,2,1,0,1,0,0000000,20,58,21,7,21,25,0,0,0,1,0
42,420460,1,1,0,0,0,1,1,35,0,13,6,2012,4,11,27,0,6,3,SR-2004 MAPLE AV,,25,41.06819444,-77.47063889,0,42,0,0,1,1,0,5,1,1,0,1,0,0000000,11,36,11,43,12,27,0,0,0,1,0
42,420461,1,1,0,0,0,2,2,129,0,29,6,2012,6,18,13,0,6,5,WALTON TEA ROOM RD,,0,40.28776944,-79.59625556,0,32,0,0,1,1,0,4,1,1,0,1,0,0000000,18,13,18,22,19,1,0,0,0,1,0
42,420462,4,4,0,0,0,5,5,75,0,10,5,2012,5,11,33,1,13,3,SR-72 EBENEZER RD,,96,40.39570833,-76.48686389,0,12,6,0,1,1,0,1,1,1,0,1,0,0000000,99,99,99,99,99,99,14,0,0,2,0
42,420463,1,1,0,0,0,4,4,1,0,2,6,2012,7,20,6,0,5,3,SR-3019 TABLEROCK RD,,17,39.87076667,-77.23003889,0,30,0,0,1,1,0,5,1,1,0,1,0,0000000,99,99,99,99,99,99,0,0,0,2,1
42,420464,1,1,0,1,1,1,1,41,0,4,6,2012,2,15,23,0,5,3,SR-3006 PINE RD,,88,40.11585278,-77.23987222,0,8,0,0,1,1,0,1,1,1,0,1,0,0000000,99,99,99,99,88,88,0,0,0,1,0
42,420465,1,1,0,0,0,1,1,83,0,1,6,2012,6,12,0,0,3,3,SR-59,,41,41.85986111,-78.84147778,0,35,0,0,1,1,0,4,1,1,0,1,0,0000000,99,99,99,99,88,88,0,0,0,1,0
42,420466,1,1,0,0,0,1,1,69,0,28,6,2012,5,21,12,0,4,3,SR-435 DRINKER PK,,33,41.282925,-75.50992778,0,11,0,0,1,1,0,1,2,1,0,1,0,0000000,21,14,21,24,21,46,0,0,0,1,0
42,420467,1,1,0,0,0,1,1,129,0,13,6,2012,4,7,49,0,4,3,SR-2029 HELLEN SCHOOL ROAD,,9,40.10261111,-79.38864722,0,35,0,0,1,1,0,5,1,1,0,1,0,0000000,99,99,99,99,99,99,0,0,0,1,0
42,420468,1,1,0,0,0,1,1,35,1136,16,6,2012,7,21,11,0,14,3,SR-120 PAUL MACK BOULEVARD,,493,41.12871667,-77.44008611,0,1,0,1,5,1,0,5,3,1,0,1,0,0000000,21,4,21,10,21,32,0,0,0,1,1
42,420469,1,1,0,0,0,1,1,107,0,18,6,2012,2,0,45,1,13,3,SR-61,,90,40.64498056,-76.13046111,0,59,0,0,1,1,0,5,2,1,0,1,0,0000000,99,99,99,99,88,88,0,0,0,1,0
42,420470,1,1,0,0,0,1,1,63,0,22,6,2012,6,3,40,1,2,2,US-422 BENJAMIN FRANKLIN HW,,240,40.56176389,-78.94581389,0,24,0,0,1,1,1,4,2,1,0,1,0,0000000,99,99,99,99,88,88,0,0,0,1,1
42,420471,1,1,0,0,0,1,1,115,0,27,5,2012,1,20,12,0,6,5,FERNHEIM RD,,0,41.85856944,-75.84540833,0,42,0,0,1,1,0,4,5,1,0,1,0,0000000,20,14,20,19,20,28,4,0,0,1,1
42,420472,1,1,0,0,0,1,1,101,6540,17,5,2012,5,2,19,1,11,1,I-676 VINE STREET EX,,16,39.95676667,-75.15421667,0,25,0,1,19,1,0,4,3,1,0,1,0,0000000,2,20,2,32,99,99,0,0,0,1,1
42,420473,2,2,0,0,0,2,2,75,0,9,6,2012,7,21,5,0,4,3,SR-1020 MAIN ST,SUGAR RD,40,40.44528333,-76.44048056,0,12,6,0,2,4,0,1,3,1,0,1,0,0000000,99,99,99,99,99,99,0,0,0,1,0
42,420474,2,2,0,0,0,12,12,41,0,11,6,2012,2,11,55,0,5,3,SR-233 CENTERVILLE RD,SR-174 WALNUT BOTTOM RD,103,40.11484444,-77.33193333,0,12,6,0,2,2,0,1,1,1,0,1,0,0000000,11,53,12,2,99,99,0,0,0,1,0