STATE,ST_CASE,VE_TOTAL,VE_FORMS,PVH_INVL,PEDS,PERNOTMVIT,PERMVIT,PERSONS,COUNTY,CITY,DAY,MONTH,YEAR,DAY_WEEK,HOUR,MINUTE,NHS,ROAD_FNC,ROUTE,TWAY_ID,TWAY_ID2,MILEPT,LATITUDE,LONGITUD,SP_JUR,HARM_EV,MAN_COLL,RELJCT1,RELJCT2,TYP_INT,WRK_ZONE,REL_ROAD,LGT_COND,WEATHER1,WEATHER2,WEATHER,SCH_BUS,RAIL,NOT_HOUR,NOT_MIN,ARR_HOUR,ARR_MIN,HOSP_HR,HOSP_MN,CF1,CF2,CF3,FATALS,DRUNK_DR
42,420475,2,2,0,0,0,3,3,97,0,12,6,2012,3,14,15,0,2,3,SR-147,,308,40.94806389,-76.85361111,0,12,2,0,1,1,0,1,1,2,0,2,0,0000000,14,14,14,22,88,88,0,0,0,1,0
42,420476,1,1,0,0,0,1,1,87,0,9,6,2012,7,17,15,0,6,5,GUSS RD,,0,40.64974722,-77.47688611,0,35,0,0,1,1,0,4,1,1,0,1,0,0000000,99,99,99,99,88,88,0,0,0,1,1
42,420477,1,1,0,0,0,2,2,107,0,10,5,2012,5,17,30,0,5,3,SR-4020 DEEP CREEK RD,,69,40.72445,-76.40241944,0,32,0,0,1,1,0,5,1,1,0,1,0,0000000,99,99,99,99,99,99,0,0,0,1,0
42,420478,1,1,0,0,0,1,1,35,0,5,6,2012,3,18,30,0,3,3,SR-120 BUCKTAIL TRAIL HW,,85,41.26225278,-77.90676111,0,18,0,0,1,1,0,5,1,1,0,1,0,0000000,18,32,18,49,88,88,0,0,0,1,1
42,420479,2,2,0,0,0,2,2,51,0,8,6,2012,6,8,30,0,2,3,SR-21 MCCLELLANDTOWN RD,SR-3012 LECKRONE HIGHHOUSE RD,27,39.87054444,-79.89029444,0,12,6,0,2,2,0,1,1,1,0,1,0,0000000,8,31,8,35,8,59,0,0,0,1,0
42,420480,1,1,0,0,0,1,1,3,0,2,6,2012,7,0,40,0,13,3,SR-60 STEUBENVILLE PIKE,,46,40.43961111,-80.089425,0,43,0,0,1,1,0,5,3,1,0,1,0,0000000,0,42,0,46,88,88,20,0,0,1,1
42,420481,1,1,0,0,0,1,1,17,0,2,6,2012,7,9,32,0,13,3,SR-213 MAPLE AVENUE,,61,40.17665278,-74.89323333,0,7,0,0,1,1,0,2,1,1,0,1,0,0000000,9,34,9,41,88,88,0,0,0,1,1
42,420482,1,1,0,0,0,1,1,109,0,21,6,2012,5,16,2,1,2,2,US-15 GRANGER HOLLOW ROAD,,20,40.87508611,-76.83346389,0,11,0,0,1,1,0,1,1,1,0,1,0,0000000,16,4,16,8,17,5,0,0,0,1,0
42,420483,1,1,0,0,0,1,1,91,2995,30,6,2012,7,1,40,0,15,3,SR-1016,,25,40.33158333,-75.35163889,0,35,0,0,1,1,0,6,2,1,0,1,0,0000000,1,40,1,47,2,13,0,0,0,1,1
42,420484,1,1,0,0,0,1,1,15,4406,6,6,2012,4,4,45,0,3,3,SR-414,,53,41.66152778,-76.76429167,0,34,0,0,1,1,0,4,2,1,0,1,0,0000000,4,54,5,4,99,99,0,0,0,1,0
42,420485,2,2,0,0,0,3,3,19,0,23,6,2012,7,13,48,1,13,3,SR-8 MAIN ST,GERMAINE RD,152,40.877,-79.89623611,0,12,11,0,2,3,0,1,1,1,0,1,0,0000000,99,99,99,99,88,88,0,0,0,1,0
42,420486,1,1,0,0,0,1,1,3,6115,24,6,2012,1,21,16,0,6,5,MARYLAND AVENUE,,0,40.38104722,-79.83350833,0,30,0,0,1,1,0,6,5,1,0,1,0,0000000,21,20,21,24,22,7,0,0,0,1,0
42,420487,2,2,0,0,0,2,2,61,0,23,6,2012,7,7,25,0,4,3,SR-550 PENNINGTON RD,,31,40.69080278,-78.16771944,0,12,2,0,8,1,0,1,1,1,0,1,0,0000000,99,99,99,99,99,99,0,0,0,1,0
42,420488,1,1,0,0,0,1,1,17,0,20,6,2012,4,1,18,0,6,5,BUSTLETON PIKE,,0,40.16196667,-75.00571944,0,42,0,0,1,1,0,4,3,1,0,1,0,0000000,1,22,1,24,1,44,0,0,0,1,1
42,420489,2,2,0,0,0,4,4,17,0,30,6,2012,7,19,5,1,13,3,SR-132 STREET RD,KNOWLES AV,66,40.17156944,-75.03871667,0,12,6,0,2,2,0,1,1,1,0,1,0,0000000,19,6,19,10,19,24,0,0,0,2,1
42,420490,2,2,0,0,0,3,3,19,0,16,6,2012,7,17,59,0,3,3,SR-356 NORTH PIKE RD,SR-2010 WINFIELD RD,77,40.76006667,-79.77881944,0,12,6,0,2,2,0,1,1,1,0,1,0,0000000,17,59,18,10,18,51,0,0,0,1,0
42,420491,2,2,0,0,0,2,2,71,0,13,6,2012,4,15,15,0,14,3,SR-3028 LAMPETER RD,PEONY RD,62,40.03043611,-76.26991667,0,12,1,0,3,2,0,1,1,1,0,1,0,0000000,15,21,15,27,15,51,0,0,0,1,0
42,420492,2,2,0,0,0,3,3,11,0,10,6,2012,1,13,9,1,13,2,US-422 BENJAMIN FRANKLIN HW,SR-2025 MONOCACY CREEK RD,293,40.26502222,-75.75207222,0,12,6,0,2,2,0,1,1,1,0,1,0,0000000,99,99,99,99,99,99,0,0,0,1,0
42,420493,2,2,0,0,0,2,2,59,0,6,6,2012,4,6,30,0,4,3,SR-18 GOLDEN OAKS RD,,80,39.79793611,-80.36651667,0,12,2,0,1,1,0,1,1,1,0,1,0,0000000,6,36,6,58,88,88,0,0,0,1,0
42,420494,2,2,0,0,0,2,2,75,0,27,6,2012,4,7,46,0,3,3,SR-501 FURNACE HILL PK,,16,40.27548056,-76.29555,0,12,2,0,1,1,0,1,1,1,0,1,0,0000000,99,99,99,99,88,88,0,0,0,1,0
42,420495,1,1,0,0,0,1,1,39,0,26,6,2012,3,8,0,0,3,2,US-19 PERRY HW,,88,41.6071,-80.19800278,0,34,0,0,1,1,0,5,1,1,0,1,0,0000000,8,2,8,11,9,13,0,0,0,1,0
42,420496,1,1,0,0,0,2,2,61,0,2,6,2012,7,6,37,1,2,2,US-22 WILLIAM PENN HIGHWAY,,206,40.40335833,-77.9335,0,59,0,0,1,1,0,6,1,1,0,1,0,0000000,99,99,99,99,99,99,0,0,0,1,0
42,420497,1,1,0,0,0,2,2,11,0,3,6,2012,1,2,0,0,5,3,SR-1024 WOODSIDE AVENUE,,92,40.47595556,-75.69993056,0,59,0,0,1,1,0,6,2,1,0,1,0,0000000,99,99,99,99,99,99,0,0,0,1,1
42,420498,1,1,0,0,0,2,2,129,0,10,6,2012,1,19,50,1,2,2,US-22 WILLIAM PENN HIGHWAY,,197,40.42176667,-79.34934722,0,7,0,0,1,1,0,1,1,1,0,1,0,0000000,99,99,99,99,99,99,0,0,0,2,0
42,420499,1,1,0,0,0,1,1,85,0,14,6,2012,5,21,30,0,5,3,SR-4025 DONATION ROAD,,66,41.39188333,-80.32941389,0,11,0,0,1,1,0,1,2,1,0,1,0,0000000,21,37,21,48,22,12,0,0,0,1,0
42,420500,1,1,0,0,0,2,2,115,1445,24,6,2012,1,13,10,0,5,3,SR-247,,12,41.65066944,-75.54605,0,7,0,0,1,1,0,1,1,1,0,1,0,0000000,13,16,13,38,14,8,0,0,0,1,0
42,420501,2,2,0,0,0,4,4,15,0,8,6,2012,6,12,51,0,4,3,SR-1022,,69,41.86177222,-76.38308889,0,12,2,0,1,1,0,1,1,1,0,1,0,0000000,99,99,99,99,99,99,0,0,0,2,0
42,420502,2,2,0,0,0,5,5,39,0,1,6,2012,6,16,56,0,3,3,SR-27,,31,41.63636944,-80.09425556,0,12,6,0,1,1,0,1,1,2,0,2,0,0000000,16,56,17,16,17,33,0,0,0,1,0
42,420503,1,1,0,0,0,1,1,11,6900,6,6,2012,4,5,16,1,12,2,US-422 WEST RIVER DRIVE,,181,40.325925,-75.93578333,0,7,0,0,1,1,0,1,1,1,0,1,0,0000000,99,99,99,99,88,88,0,0,0,1,0
42,420504,2,2,0,0,0,3,3,91,0,4,4,2012,4,22,56,0,3,3,SR-1033 KUTZTOWN RD,,25,40.40290278,-75.54460833,0,12,6,0,8,1,0,1,2,1,0,1,0,0000000,99,99,99,99,99,99,0,0,0,1,1
42,420505,2,2,0,0,0,2,2,7,0,21,6,2012,5,21,29,0,3,3,SR-68 SUNFLOWER ROAD,,171,40.73402222,-80.26880833,0,12,2,0,1,1,0,1,2,1,0,1,0,0000000,99,99,99,99,99,99,0,0,0,1,1
42,420506,1,1,0,0,0,1,1,133,4790,9,6,2012,7,1,26,0,14,3,SR-181 GEORGE STREET,,27,40.02103611,-76.72762222,0,35,0,0,1,1,0,4,3,1,0,1,0,0000000,99,99,99,99,99,99,0,0,0,1,1
42,420507,2,2,0,2,2,1,1,91,0,14,5,2012,2,13,25,1,12,3,SR-309 FORT WASHINGTON EX,,62,40.12584444,-75.20358611,0,8,0,0,1,1,0,1,1,1,0,1,0,0000000,13,23,13,30,14,27,14,23,0,2,0
42,420508,1,1,0,0,0,5,5,3,0,20,6,2012,4,19,34,0,6,5,SCOTTS RUN ROAD,,0,40.40475833,-80.12848333,0,42,0,0,1,1,0,5,1,1,0,1,0,0000000,19,39,19,49,20,35,0,0,0,1,0
42,420509,1,1,0,0,0,1,1,43,0,28,6,2012,5,22,8,0,14,3,SR-3012 DERRY STREET,,56,40.26276667,-76.79024444,0,33,0,0,1,1,0,4,3,1,0,1,0,0000000,99,99,99,99,99,99,0,0,0,1,1
42,420510,2,2,0,0,0,2,2,3,0,14,6,2012,5,23,17,1,11,1,I-79 RAYMOND P SHAFER HW,,51,40.32728889,-80.14151667,0,12,1,0,1,1,0,1,3,1,0,1,0,0000000,99,99,99,99,88,88,0,0,0,1,1
42,420511,2,2,0,0,0,3,3,19,0,11,6,2012,2,4,30,0,4,3,SR-308 W SUNBURY RD,,59,40.97894167,-79.9058,0,12,8,0,1,1,0,1,2,1,0,1,0,0000000,4,35,4,46,5,28,0,0,0,1,0
42,420512,2,2,0,0,0,2,2,125,0,23,6,2012,7,17,2,0,13,3,SR-88 SHERIDAN AV,,337,40.26941111,-80.01224167,0,12,2,0,1,1,0,1,1,1,0,1,0,0000000,17,5,17,12,88,88,0,0,0,1,1
42,420513,3,1,2,0,0,1,1,35,0,16,6,2012,7,23,30,0,5,3,SR-2020 LUSK RUN RD,,28,41.14045278,-77.47722778,0,1,0,0,1,1,0,5,2,1,0,1,0,0000000,23,28,23,37,88,88,0,0,0,1,1
42,420514,2,2,0,0,0,3,3,1,0,13,6,2012,4,99,99,0,13,3,SR-116 THIRD ST,,248,39.80483333,-77.00406389,0,12,1,0,1,1,1,1,1,1,0,1,0,0000000,10,14,10,19,11,3,0,0,0,1,0
42,420515,2,2,0,0,0,4,4,119,0,30,6,2012,7,15,32,0,4,3,SR-2003 NEW BERLIN MOUNT RD,,22,40.905875,-76.96838056,0,12,6,0,1,1,0,4,1,1,0,1,0,0000000,99,99,99,99,99,99,4,0,0,1,0
42,420516,2,2,0,0,0,2,2,123,0,18,6,2012,2,12,22,1,2,2,US-6 GRAND ARMY OF THE REP HW,,156,41.83959167,-79.38428611,0,12,2,0,1,1,0,1,1,1,0,1,0,0000000,12,20,12,32,13,22,0,0,0,1,0
42,420517,2,2,0,0,0,2,2,3,0,7,6,2012,5,8,40,0,14,3,SR-1001 MAIN ST,,22,40.49320556,-79.91294167,0,12,2,0,1,1,0,1,1,1,0,1,0,0000000,8,41,8,45,9,16,0,0,0,1,0
42,420518,2,2,0,0,0,2,2,91,0,18,5,2012,6,22,2,1,11,1,I-276,,3408,40.14595833,-75.1538,0,12,1,0,1,1,0,1,2,1,0,1,0,0000000,22,3,22,11,88,88,0,0,0,1,1
42,420519,2,2,0,0,0,3,3,41,0,21,6,2012,5,13,53,1,13,2,US-11 CARLISLE PK,,322,40.2466,-77.00240833,0,12,6,0,8,1,0,2,1,1,0,1,0,0000000,99,99,99,99,99,99,0,0,0,1,0
42,420520,2,2,0,0,0,2,2,71,0,16,6,2012,7,17,8,1,2,3,SR-72 LEBANON RD,,161,40.22730833,-76.43195833,0,12,6,0,8,1,0,1,1,1,0,1,0,0000000,99,99,99,99,99,99,0,0,0,1,1
42,420521,2,2,0,0,0,2,2,21,0,25,6,2012,2,5,40,0,6,5,DONALD LN,,0,40.28084167,-78.84585833,0,12,6,0,1,1,0,1,1,2,0,2,0,0000000,5,43,5,47,6,26,0,0,0,1,0
42,420522,2,2,0,0,0,2,2,17,0,10,6,2012,1,15,36,1,13,3,SR-309 BETHLEHEM PK,,151,40.47249722,-75.37088333,0,12,6,0,8,1,0,1,1,1,0,1,0,0000000,99,99,99,99,99,99,0,0,0,1,0
42,420523,2,2,0,0,0,2,2,77,0,23,6,2012,7,1,19,1,13,2,US-222,,57,40.56499444,-75.59335556,0,12,6,0,1,1,0,1,2,1,0,1,0,0000000,99,99,99,99,99,99,0,0,0,1,1
42,420524,1,1,0,0,0,1,1,7,0,28,6,2012,5,16,28,0,6,5,20TH ST ET,,0,40.75748333,-80.34716389,0,42,0,0,1,1,0,5,1,1,0,1,0,0000000,99,99,99,99,99,99,0,0,0,1,0
42,420525,1,1,0,1,1,1,1,7,3060,27,6,2012,4,9,48,0,16,3,SR-2002 HARVEY RUN RD,5TH AV,1,40.68195,-80.24943889,0,8,0,0,3,2,0,1,1,8,0,8,0,0000000,99,99,99,99,99,99,0,0,0,1,0
42,420526,2,2,0,0,0,2,2,29,0,15,6,2012,6,0,45,1,12,2,US-202,,96,40.02815833,-75.58886667,0,12,2,0,1,1,0,1,2,1,0,1,0,0000000,0,52,1,0,1,45,0,0,0,1,2
42,420527,1,1,0,0,0,1,1,79,0,9,6,2012,7,2,13,0,3,2,US-11 SALEM BOULEVARD,,46,41.07539722,-76.14387778,0,42,0,0,1,1,0,6,2,1,0,1,0,0000000,99,99,99,99,99,99,0,0,0,1,0
42,420528,1,1,0,0,0,2,2,111,0,9,6,2012,7,0,1,0,4,3,SR-160 MAIN STREET,,12,39.73926389,-78.85368611,0,42,0,0,1,1,0,4,2,1,0,1,0,0000000,99,99,99,99,99,99,0,0,0,1,1
42,420529,1,1,0,0,0,1,1,69,6230,9,6,2012,7,16,15,0,14,3,SR-3015 MOOSIC ROAD,,3,41.35799444,-75.72714444,0,33,0,0,1,1,0,2,1,1,0,1,0,0000000,99,99,99,99,99,99,0,0,0,1,1
42,420530,1,1,0,0,0,1,1,37,0,16,6,2012,7,13,0,0,3,3,SR-487,,204,41.09950833,-76.38382778,0,34,0,0,1,1,0,6,1,1,0,1,0,0000000,99,99,99,99,88,88,0,0,0,1,0
42,420531,1,1,0,0,0,1,1,133,0,20,6,2012,4,16,15,0,5,3,SR-4022 LEWISBERRY ROAD,,19,40.138475,-76.92500278,0,53,0,0,1,1,0,5,1,1,0,1,0,0000000,16,16,16,29,88,88,0,0,0,1,1
42,420532,3,3,0,0,0,5,5,3,5300,21,6,2012,5,22,30,1,12,2,US-28 EAST OHIO STREET,,21,40.47130556,-79.97406667,0,12,2,0,1,1,4,1,2,1,0,1,0,0000000,18,5,99,99,99,99,0,0,0,1,0
42,420533,1,1,0,0,0,4,4,107,0,2,6,2012,7,1,25,1,2,3,SR-61,,211,40.75936111,-76.20446111,0,24,0,0,1,1,0,2,2,2,0,2,0,0000000,99,99,99,99,99,99,0,0,0,3,0
42,420534,1,1,0,1,1,1,1,107,0,14,6,2012,5,11,4,0,6,5,CHAPEL DRIVE,,0,40.55413056,-76.43228889,0,8,0,0,1,1,0,1,1,1,0,1,0,0000000,99,99,99,99,88,88,0,0,0,1,0
42,420535,1,1,0,1,1,5,5,119,0,17,6,2012,1,18,5,0,3,3,SR-45 OLD TURNPIKE ROAD,,160,40.9379,-76.989425,0,8,0,0,1,1,0,6,1,1,0,1,0,0000000,18,2,18,5,88,88,0,0,0,1,0
42,420536,3,3,0,0,0,7,7,75,0,19,6,2012,3,18,1,0,5,3,SR-897 MAIN ST,MARKET  ST,44,40.29797778,-76.29349444,0,12,6,0,2,2,0,1,1,1,0,1,0,0000000,17,59,18,11,18,27,0,0,0,1,0
42,420537,1,1,0,0,0,1,1,71,2225,19,6,2012,3,13,32,0,6,5,WALLACE ROAD,,0,40.08312222,-76.04031111,0,35,0,0,1,1,0,6,1,1,0,1,0,0000000,99,99,99,99,99,99,0,0,0,1,0
42,420538,2,2,0,0,0,4,4,21,0,17,6,2012,1,18,36,1,13,2,US-219 THEATRE DR,,297,40.61803889,-78.71556944,0,12,6,0,1,1,0,1,1,1,0,1,0,0000000,18,39,18,44,99,99,0,0,0,1,1
42,420539,2,2,0,0,0,3,3,1,0,16,6,2012,7,14,16,1,13,3,SR-94 CARLISLE PK,BRICKYARD RD,28,39.86435833,-77.02219444,0,12,6,0,2,3,0,1,1,1,0,1,0,0000000,99,99,99,99,99,99,0,0,0,1,0
42,420540,1,1,0,1,1,1,1,79,9340,15,6,2012,6,2,12,0,13,3,SR-2004 RIVER STREET,NORTHAMPTON STREET,15,41.24643333,-75.88707222,0,15,0,0,2,3,0,1,3,1,0,1,0,0000000,2,15,2,20,2,48,0,0,0,1,0
42,420541,1,1,0,1,1,1,1,101,6540,2,6,2012,7,5,45,0,16,6,AMERICAN STREET,,0,39.9908,-75.13637778,0,8,0,0,1,1,0,1,6,99,0,99,0,0000000,5,1,5,14,5,55,0,0,0,1,0
42,420542,2,2,0,0,0,2,2,89,0,7,6,2012,5,14,45,0,4,3,SR-8010 RAMP C ROAD,,12,40.99605,-75.26909167,0,7,0,1,5,1,0,1,1,1,0,1,0,0000000,88,88,88,88,88,88,0,0,0,1,0
42,420543,1,1,0,1,1,1,1,11,6900,14,6,2012,5,18,50,0,16,6,COTTON STREET,,0,40.32869722,-75.91827778,0,8,0,0,1,1,0,1,1,1,0,1,0,0000000,99,99,99,99,99,99,0,0,0,1,0
42,420544,2,2,0,1,1,1,1,129,5645,23,6,2012,7,5,30,0,15,3,SR-286 SALTSBURG ROAD,,26,40.48353333,-79.66169722,0,8,0,0,1,1,0,1,6,1,0,1,0,0000000,99,99,99,99,99,99,19,0,0,1,1
42,420545,2,2,0,0,0,6,6,77,0,28,6,2012,5,14,36,0,5,3,SR-4019 BAKE OVEN RD,SR-4024 MOUNTAIN RD,97,40.72934722,-75.71803056,0,12,6,0,2,2,0,1,1,1,0,1,0,0000000,99,99,99,99,99,99,0,0,0,5,0
42,420546,1,1,0,0,0,1,1,133,0,17,6,2012,1,17,25,0,15,3,SR-4035 YORK RD,,44,40.14856389,-76.96641944,0,30,0,0,1,1,0,5,1,1,0,1,0,0000000,17,28,17,35,88,88,0,0,0,1,1
42,420547,1,1,0,1,1,1,1,69,5480,29,6,2012,6,14,15,1,13,2,US-11 BIRNEY AVENUE,,12,41.35850278,-75.72052778,0,8,0,0,1,1,0,1,1,1,0,1,0,0000000,14,19,14,21,14,40,0,0,0,1,0
42,420548,2,2,0,0,0,2,2,101,6540,8,6,2012,6,19,54,1,13,3,SR-611 BROAD ST,MARKET ST,27,39.97445,-75.15871944,0,12,6,0,2,2,0,1,1,1,0,1,0,0000000,19,54,19,59,20,9,0,0,0,1,0
42,420549,3,3,0,0,0,4,4,75,0,3,5,2012,5,15,15,1,13,3,SR-72 EBENEZER RD,SR-4005 THOMPSON AV,98,40.39554722,-76.48661667,0,12,6,0,2,2,0,1,1,1,0,1,0,0000000,99,99,99,99,99,99,0,0,0,1,0
42,420550,1,1,0,0,0,1,1,71,0,19,6,2012,3,0,4,0,3,3,SR-772 NEWPORT RD,,265,40.07801667,-76.18468333,0,19,0,0,1,1,0,5,2,1,0,1,0,0000000,0,6,0,12,88,88,0,0,0,1,1
42,420551,1,1,0,0,0,1,1,129,0,30,6,2012,7,2,23,0,6,5,MAHAFFEY HILL RD,,0,40.36950278,-79.76417778,0,24,0,0,1,1,0,2,2,1,0,1,0,0000000,2,27,2,35,88,88,4,0,0,1,1
42,420552,5,4,1,0,0,7,7,43,5120,3,6,2012,1,15,36,0,13,3,SR-230 MAIN ST,SR-441 UNION ST,108,40.19980556,-76.73125278,0,12,6,0,2,2,0,1,1,1,0,1,0,0000000,15,36,15,41,16,10,20,0,0,1,0
42,420553,4,3,1,0,0,6,6,11,0,26,6,2012,3,10,51,1,13,2,US-422 CONRAD WEISER PY,SR-3035 HILL RD,55,40.358725,-76.16539167,0,12,6,0,2,2,0,1,1,1,0,1,0,0000000,99,99,99,99,99,99,0,0,0,1,0
42,420554,1,1,0,1,1,2,2,11,0,13,6,2012,4,17,32,0,14,3,SR-562 READING RD,,108,40.31527222,-75.68924167,0,8,0,0,1,1,0,1,1,1,0,1,0,0000000,99,99,99,99,88,88,0,0,0,1,0
42,420555,1,1,0,0,0,1,1,17,0,22,6,2012,6,0,6,0,15,3,SR-2049 DURHAM ROAD,,18,40.13496389,-74.88984444,0,42,0,0,1,1,0,5,2,1,0,1,0,0000000,0,8,0,11,0,36,0,0,0,1,1
42,420556,2,2,0,0,0,2,2,17,0,2,6,2012,7,16,33,0,15,3,SR-2083 STONY BROOK ROAD,,42,40.30862222,-74.90835556,0,12,6,0,8,1,0,1,1,1,0,1,0,0000000,16,34,16,45,17,14,0,0,0,1,0
42,420557,2,2,0,0,0,4,4,21,0,11,6,2012,2,20,10,0,4,3,SR-3024 FRANKSTOWN ROAD,,57,40.34144444,-78.81854722,0,12,2,0,1,1,0,1,1,1,0,1,0,0000000,20,12,20,23,88,88,0,0,0,2,1
42,420558,2,2,0,0,0,2,2,19,1747,15,6,2012,6,14,33,0,13,3,SR-228 MARS CRIDER ROAD,CRANBERRY COMMONS DRIVE,9,40.68564444,-80.08409444,0,12,6,0,2,3,0,1,1,1,0,1,0,0000000,99,99,99,99,99,99,0,0,0,1,1
42,420559,7,7,0,0,0,9,9,43,0,24,6,2012,1,13,35,1,11,1,I-81 AMERICAN LEGION MEM HW,,768,40.3534,-76.72011944,0,12,9,0,1,1,0,3,1,1,0,1,0,0000000,99,99,99,99,99,99,14,0,0,1,0
42,420560,2,2,0,0,0,3,3,11,0,12,5,2012,7,17,12,0,4,3,SR-1010 STATE ST,,180,40.48710833,-75.61434722,0,32,0,0,1,1,0,4,1,1,0,1,0,0000000,99,99,99,99,99,99,0,0,0,1,0
42,420561,2,2,0,0,0,2,2,133,0,5,6,2012,3,13,11,0,3,3,SR-4026 OLD YORK RD,,36,40.09778056,-76.9728,0,12,6,0,8,1,0,1,1,1,0,1,0,0000000,99,99,99,99,99,99,0,0,0,1,0
42,420562,1,1,0,0,0,1,1,101,6540,19,6,2012,3,23,34,0,13,3,SR-3007 KELLY DR,,14,39.96770556,-75.18183889,0,42,0,0,1,1,0,4,3,1,0,1,0,0000000,23,35,23,42,0,8,0,0,0,1,0
42,420563,2,1,1,0,0,1,1,101,6540,27,6,2012,4,9,15,1,14,3,SR-1005 DELAWARE AV,SR-2016 ALLEGHENY AV,0,39.97870556,-75.09766944,0,31,0,0,3,3,0,1,1,1,0,1,0,0000000,9,28,9,34,9,52,0,0,0,1,0
42,420564,1,1,0,0,0,4,4,101,6540,30,6,2012,7,1,50,1,13,3,SR-3030 SCHUYLKILL AV,,1,39.95665,-75.18045278,0,33,0,0,1,1,0,4,3,2,0,2,0,0000000,1,37,1,41,2,16,0,0,0,1,1
42,420565,1,1,0,0,0,1,1,29,0,28,6,2012,5,19,59,0,14,3,SR-3070 BUSINESS 30/LINCOLN HW,,44,39.984225,-75.84460556,0,31,0,0,1,1,0,5,1,1,0,1,0,0000000,19,58,20,3,99,99,0,0,0,1,1
42,420566,1,1,0,0,0,1,1,17,0,10,6,2012,1,2,20,1,12,3,SR-309 BETHLEHEM PK,,27,40.31304167,-75.30063056,0,1,0,0,1,1,0,5,2,1,0,1,0,0000000,2,23,2,32,88,88,0,0,0,1,1
42,420567,1,1,0,0,0,1,1,133,0,20,6,2012,4,21,52,1,11,1,I-83 VFW OF US MEM HW,,271,40.06796389,-76.75745833,0,35,0,0,1,1,0,5,2,1,0,1,0,0000000,99,99,99,99,88,88,0,0,0,1,0
42,420568,1,1,0,0,0,1,1,33,0,20,5,2012,1,9,50,1,13,2,US-219 SALEM TO DUBOIS RD,,391,41.08965,-78.76895556,0,34,0,0,1,1,0,5,1,1,0,1,0,0000000,99,99,99,99,99,99,0,0,0,1,0
42,420569,1,1,0,0,0,1,1,59,0,3,7,2012,3,20,0,0,4,2,US-219 MT MORRIS RD,,116,39.85392778,-80.13574722,0,42,0,0,1,1,0,5,1,1,0,1,0,0000000,99,99,99,99,88,88,0,0,0,1,1
42,420570,1,1,0,0,0,2,2,51,0,28,7,2012,7,17,55,0,3,3,SR-4028 TIPPECANOE RD,,46,40.0196,-79.79045278,0,24,0,0,1,1,0,2,1,1,0,1,0,0000000,17,50,17,55,18,50,0,0,0,1,0
42,420571,1,1,0,0,0,1,1,41,0,7,7,2012,7,6,45,1,1,1,I-81 AMERICAN LEGION MEM HW,,387,40.143575,-77.32302222,0,1,0,0,1,1,0,4,1,1,0,1,0,0000000,99,99,99,99,88,88,0,0,0,1,1
42,420572,1,1,0,0,0,1,1,7,0,10,6,2012,1,1,20,1,11,1,I-376 BEAVER VALLEY EXPRESSWAY,,101,40.63970556,-80.32025833,0,1,0,0,1,1,0,5,2,1,0,1,0,0000000,99,99,99,99,99,99,0,0,0,1,1
42,420573,2,2,0,0,0,2,2,41,0,11,6,2012,2,10,15,0,13,3,SR-641 TRINDLE ROAD,,283,40.20286389,-77.04273889,0,12,2,0,1,1,0,1,1,1,0,1,0,0000000,10,12,10,20,99,99,0,0,0,1,0
42,420574,2,2,0,0,0,2,2,99,0,12,6,2012,3,3,20,1,2,2,US-22 WILLIAM PENN HIGHWAY,,93,40.47824167,-77.06379444,0,12,1,0,1,1,0,1,2,1,0,1,0,0000000,99,99,99,99,99,99,19,0,0,1,0
42,420575,1,1,0,0,0,1,1,49,0,27,7,2012,6,21,22,0,6,5,DONATION ROAD,,0,42.02838889,-80.00026667,0,34,0,0,1,1,0,6,2,1,0,1,0,0000000,21,26,21,35,22,3,0,0,0,1,1
42,420576,2,2,0,0,0,4,4,7,2310,16,7,2012,2,9,40,1,13,3,SR-51 OHIO RIVER BL,STEWART AV,93,40.69577778,-80.26592222,0,12,6,0,2,3,0,1,1,1,0,1,0,0000000,99,99,99,99,99,99,0,0,0,1,0
42,420577,1,1,0,0,0,1,1,115,0,29,7,2012,1,14,38,0,3,3,SR-171 UPPER ROAD,,99,41.77799167,-75.48573611,0,30,0,0,1,1,0,6,1,1,0,1,0,0000000,99,99,99,99,99,99,0,0,0,1,1
42,420578,2,1,1,0,0,1,1,13,0,20,5,2012,1,0,35,0,13,3,SR-1001 PLEASANT VALLEY BL,,122,40.62506667,-78.29775278,0,26,0,0,1,1,1,1,2,1,0,1,0,0000000,0,38,99,97,99,97,0,0,0,1,0
42,420579,1,1,0,0,0,1,1,3,6486,9,7,2012,2,0,0,0,6,5,OLD WILLIAM PENN HIGHWAY,,0,40.443125,-79.81445278,0,52,0,0,1,1,0,6,6,99,0,99,0,0000000,88,88,88,88,88,88,0,0,0,1,1
42,420580,2,2,0,0,0,3,3,71,0,16,7,2012,2,18,45,0,14,3,SR-272 READING RD,GARDEN SPOT RD,349,40.20301389,-76.15731389,0,12,6,0,2,2,0,1,1,1,0,1,0,0000000,99,99,99,99,99,99,0,0,0,1,0
42,420581,2,2,0,0,0,4,4,11,6900,24,7,2012,3,21,46,0,13,2,US-422B MINERAL SPRINGS RD,OVER GLEN RD,28,40.33071389,-75.89816111,0,12,6,0,2,3,0,1,3,1,0,1,0,0000000,99,99,99,99,99,99,0,0,0,1,0
42,420582,2,2,0,0,0,6,6,101,6540,20,7,2012,6,15,30,1,13,3,SR-3003 UNIVERSITY AV,SR-3005 CIVIC CENTER BL,23,39.94608889,-75.19850556,0,12,6,0,2,3,0,1,1,1,0,1,0,0000000,15,52,15,58,16,13,0,0,0,1,0