STATE,ST_CASE,VE_TOTAL,VE_FORMS,PVH_INVL,PEDS,PERNOTMVIT,PERMVIT,PERSONS,COUNTY,CITY,DAY,MONTH,YEAR,DAY_WEEK,HOUR,MINUTE,NHS,ROAD_FNC,ROUTE,TWAY_ID,TWAY_ID2,MILEPT,LATITUDE,LONGITUD,SP_JUR,HARM_EV,MAN_COLL,RELJCT1,RELJCT2,TYP_INT,WRK_ZONE,REL_ROAD,LGT_COND,WEATHER1,WEATHER2,WEATHER,SCH_BUS,RAIL,NOT_HOUR,NOT_MIN,ARR_HOUR,ARR_MIN,HOSP_HR,HOSP_MN,CF1,CF2,CF3,FATALS,DRUNK_DR
42,420583,1,1,0,0,0,1,1,43,0,29,7,2012,1,22,25,0,14,2,US-22 ALLENTOWN BL,,273,40.35274444,-76.68165,0,18,0,0,1,1,1,2,2,1,0,1,0,0000000,99,99,99,99,88,88,0,0,0,1,1
42,420584,1,1,0,0,0,2,2,79,0,19,7,2012,5,21,4,1,1,1,I-81 AMERICAN LEGION MEM HW,,1623,41.18128611,-75.93075556,0,42,0,0,1,1,0,3,2,1,0,1,0,0000000,21,14,21,21,99,99,0,0,0,1,0
42,420585,1,1,0,1,1,1,1,77,0,31,7,2012,3,10,12,0,6,5,BOGER STADT RD,VALLEY RD,0,40.59931944,-75.69701389,0,9,0,0,2,2,0,1,1,1,0,1,0,0000000,99,99,99,99,88,88,16,0,0,1,0
42,420586,1,1,0,0,0,2,2,27,0,5,7,2012,5,14,5,0,6,5,TAYLOR HILL RD,,0,40.78735556,-77.69327778,0,42,0,0,1,1,0,4,1,1,0,1,0,0000000,14,6,14,13,99,99,0,0,0,1,0
42,420587,1,1,0,0,0,1,1,115,0,6,7,2012,6,1,10,0,6,3,SR-2061 TINGLEY LAKE RD,,57,41.84225278,-75.73176667,0,34,0,0,1,1,0,4,2,1,0,1,0,0000000,1,7,1,24,99,99,0,0,0,1,0
42,420588,1,1,0,0,0,1,1,15,0,24,7,2012,3,18,59,0,4,3,SR-4014 MILAN RD,,132,41.89271944,-76.57911667,0,34,0,0,1,1,0,4,1,1,0,1,0,0000000,99,99,99,99,88,88,0,0,0,1,1
42,420589,3,2,1,0,0,2,2,29,0,6,7,2012,6,9,40,1,13,2,US-30 LANCASTER AV,,290,40.04599722,-75.44563333,0,12,6,0,8,1,0,1,1,1,0,1,0,0000000,9,40,9,41,9,58,0,0,0,1,0
42,420590,3,3,0,0,0,3,3,71,0,12,7,2012,5,16,19,0,14,3,SR-324 NEW DANVILLE PK,BRENNEMAN RD,106,39.99174167,-76.314375,0,12,1,0,3,3,0,1,1,1,0,1,0,0000000,99,99,99,99,88,88,14,0,0,1,0
42,420591,2,2,0,0,0,3,3,43,0,6,6,2012,4,10,37,1,11,1,I-283 INTERSTATE 283 RD,,19,40.24284722,-76.80598611,0,12,6,0,1,1,0,1,1,1,0,1,0,0000000,99,99,99,99,99,99,0,0,0,1,0
42,420592,2,2,0,0,0,3,3,45,1270,29,7,2012,1,3,31,1,11,1,I-95 VIETNAM VETERANS MEMOR HW,,46,39.85117778,-75.375625,0,24,0,0,1,1,0,2,2,1,0,1,0,0000000,99,99,99,99,88,88,0,0,0,1,1
42,420593,1,1,0,0,0,1,1,49,0,28,7,2012,7,19,28,0,4,3,SR-2006 WATTSBURG WATERFORD RD,,70,41.95899444,-79.87202222,0,42,0,0,1,1,0,5,1,1,0,1,0,0000000,19,28,19,38,20,17,0,0,0,1,1
42,420594,2,2,0,0,0,6,6,127,0,7,7,2012,7,10,33,0,4,3,SR-507 MILL CREEK RD,,69,41.27036667,-75.38320833,0,12,6,0,8,1,0,1,1,1,0,1,0,0000000,10,29,10,40,11,28,0,0,0,1,0
42,420595,2,2,0,0,0,5,5,79,0,24,7,2012,3,18,42,0,4,3,SR-487,,13,41.30588333,-76.29425556,0,12,6,0,1,1,0,1,1,1,0,1,0,0000000,18,39,18,55,19,25,0,0,0,1,1
42,420596,2,2,0,0,0,3,3,9,0,29,7,2012,1,21,51,0,4,3,SR-4009 WILLIAM PENN RD,,118,40.10542222,-78.52560833,0,12,2,0,1,1,0,1,2,1,0,1,0,0000000,21,52,22,0,22,50,0,0,0,3,0
42,420597,2,2,0,0,0,2,2,25,0,5,7,2012,5,10,43,0,3,3,SR-940,,91,41.08310833,-75.61001389,0,12,2,0,1,1,0,1,1,1,0,1,0,0000000,99,99,99,99,99,99,0,0,0,1,0
42,420598,2,2,0,0,0,2,2,49,4705,7,7,2012,7,6,30,0,4,3,SR-699 MAIN ST,,109,42.00230833,-80.14225,0,12,6,0,1,1,0,1,1,1,0,1,0,0000000,6,34,6,43,7,0,4,0,0,1,0
42,420599,2,2,0,0,0,2,2,31,0,28,7,2012,7,1,23,0,3,3,SR-68,,206,41.15984167,-79.39656944,0,12,2,0,1,1,0,1,2,1,0,1,0,0000000,1,21,1,37,99,99,0,0,0,1,0
42,420600,1,1,0,0,0,1,1,39,0,16,7,2012,2,5,15,0,5,3,SR-1037 LITTLE COOLEY RD,,18,41.77005,-79.87701111,0,18,0,0,1,1,0,1,4,5,0,5,0,0000000,5,35,5,57,88,88,0,0,0,1,0
42,420601,3,3,0,0,0,6,6,91,0,20,7,2012,6,12,46,0,2,3,SR-29 GRAVEL PK,SR-1044 PALM HILL RD,240,40.42661111,-75.53235556,0,12,6,0,2,3,0,1,1,2,0,2,0,0000000,12,46,12,53,13,44,0,0,0,2,0
42,420602,2,2,0,0,0,2,2,127,0,24,7,2012,3,13,50,0,14,2,US-6,,167,41.52736667,-75.20644722,0,12,2,0,1,1,0,1,1,1,0,1,0,0000000,13,51,13,55,15,0,0,0,0,1,0
42,420603,2,2,0,0,0,2,2,101,6540,8,7,2012,1,3,14,1,11,1,I-95,,292,40.02258611,-75.03669167,0,12,2,0,1,1,0,1,3,1,0,1,0,0000000,3,18,3,26,88,88,0,0,0,1,1
42,420604,2,2,0,0,0,3,3,27,0,3,7,2012,3,13,24,0,13,3,SR-150 BENNER PK,,7,40.838625,-77.79911667,0,30,0,0,1,1,0,5,1,1,0,1,0,0000000,13,24,13,32,13,42,14,0,0,1,0
42,420605,2,2,0,0,0,2,2,89,0,18,7,2012,4,13,45,0,3,3,SR-390 PETERSON RD,,34,41.19162222,-75.25408333,0,12,8,0,1,1,0,1,1,2,0,2,0,0000000,99,99,99,99,99,99,0,0,0,1,0
42,420606,1,1,0,0,0,5,5,107,0,31,7,2012,3,18,20,0,6,5,BACK RD,,0,40.79461111,-76.10183333,0,35,0,0,1,1,0,4,1,1,0,1,0,0000000,99,99,99,99,99,99,4,0,0,1,0
42,420607,2,2,0,0,0,3,3,101,6540,15,7,2012,1,16,15,0,16,6,ENTERPRISE AV,,0,39.88393333,-75.22297222,0,12,1,0,1,1,0,1,1,1,0,1,0,0000000,16,16,16,27,16,49,0,0,0,1,0
42,420608,2,2,0,0,0,3,3,17,0,8,7,2012,1,2,9,1,12,2,US-13 BRISTOL PK,,126,40.16983889,-74.81254167,0,12,1,1,18,1,0,1,2,1,0,1,0,0000000,2,11,2,21,99,99,0,0,0,2,1
42,420609,1,1,0,1,1,1,1,5,0,9,7,2012,2,14,40,0,6,5,MEADOW ST,,0,40.76856944,-79.52444722,0,8,0,0,1,1,0,1,1,1,0,1,0,0000000,14,41,14,46,15,47,0,0,0,1,0
42,420610,1,1,0,0,0,1,1,133,0,10,7,2012,3,13,0,0,15,3,SR-624 CRALEY RD,,31,39.91989167,-76.55919167,0,42,0,0,1,1,0,5,1,1,0,1,0,0000000,99,99,99,99,88,88,0,0,0,1,0
42,420611,1,1,0,0,0,1,1,101,6540,7,7,2012,7,5,55,0,13,3,SR-3005 BELMONT AV,,41,39.99915278,-75.21928333,0,42,0,0,1,1,0,4,1,1,0,1,0,0000000,6,10,6,16,6,45,0,0,0,1,0
42,420612,1,1,0,0,0,2,2,99,0,4,7,2012,4,21,27,0,3,3,SR-274 SHERMANS VALLEY RD,,200,40.36099167,-77.36238333,0,35,0,0,1,1,0,5,2,1,0,1,0,0000000,99,99,99,99,99,99,0,0,0,1,1
42,420613,2,2,0,0,0,5,5,13,0,27,5,2012,1,12,57,1,2,2,US-22 WILLIAM PENN HW,,208,40.49496389,-78.24486111,0,12,8,0,1,1,0,1,1,1,0,1,0,0000000,12,57,13,6,13,28,0,0,0,1,1
42,420614,2,1,1,0,0,1,1,129,0,29,6,2012,6,19,13,0,15,3,SR-4004 RADEBAUGH RD,,19,40.32293056,-79.60571944,0,34,0,0,1,1,0,5,1,1,0,1,0,0000000,19,18,19,21,88,88,0,0,0,1,1
42,420615,1,1,0,0,0,3,3,65,0,28,7,2012,7,5,25,0,4,3,SR-536,,19,41.00405278,-79.18811111,0,42,0,0,1,1,0,4,2,2,0,2,0,0000000,99,99,99,99,99,99,0,0,0,1,0
42,420616,2,2,0,0,0,6,6,77,0,13,6,2012,4,15,1,0,14,3,SR-2012 LOWER MACUNGIE RD,,9,40.54844444,-75.57505833,0,12,2,0,1,1,0,1,1,1,0,1,0,0000000,99,99,99,99,99,99,0,0,0,1,0
42,420617,1,1,0,0,0,4,4,57,0,10,7,2012,3,1,37,0,4,3,SR-915 NORTH VALLEY RD,,121,40.08219722,-78.15118333,0,42,0,0,1,1,0,4,2,1,0,1,0,0000000,1,39,2,0,99,99,0,0,0,2,1
42,420618,1,1,0,0,0,2,2,95,0,20,7,2012,6,19,0,0,6,5,TOTTS GAP RD,,0,40.91812222,-75.156225,0,53,0,0,1,1,0,5,1,2,0,2,0,0000000,99,99,99,99,99,99,0,0,0,1,0
42,420619,1,1,0,0,0,2,2,105,0,16,7,2012,2,4,12,0,3,3,SR-49 GOLD RD,,72,41.84340833,-77.88869167,0,30,0,0,1,1,0,4,2,1,0,1,0,0000000,99,99,99,99,99,99,0,0,0,1,1
42,420620,1,1,0,0,0,4,4,71,0,21,7,2012,7,6,5,1,11,1,I-76,,2853,40.2236,-76.09580833,0,25,0,0,1,1,0,4,4,1,0,1,0,0000000,99,99,99,99,99,99,0,0,0,2,1
42,420621,1,1,0,0,0,3,3,117,0,30,6,2012,7,6,33,1,2,2,US-15 WILLIAM B WILSON HIGHWAY,,76,41.64288889,-77.10066111,0,34,0,0,1,1,0,3,1,1,0,1,0,0000000,6,24,6,42,7,46,0,0,0,1,0
42,420622,1,1,0,0,0,1,1,71,0,1,7,2012,1,17,19,0,3,3,SR-441 RIVER ROAD,,142,40.09588333,-76.66604167,0,1,0,0,1,1,0,5,1,1,0,1,0,0000000,88,88,88,88,88,88,0,0,0,1,1
42,420623,1,1,0,0,0,1,1,69,1880,1,7,2012,1,14,55,1,13,2,US-6 G.A.R. HIGHWAY,,22,41.54769167,-75.74420833,0,43,0,0,1,1,0,5,1,1,0,1,0,0000000,14,56,15,4,15,39,0,0,0,1,1
42,420624,1,1,0,0,0,1,1,17,0,6,7,2012,6,11,45,1,13,2,US-13 PAPER ST,SR-9107 RAMP RD,90,40.1256,-74.83744167,0,43,0,0,3,4,0,4,1,1,0,1,0,0000000,11,45,11,55,12,24,0,0,0,1,0
42,420625,1,1,0,0,0,2,2,125,8880,14,7,2012,7,0,35,0,13,2,US-19 MAIDEN ST,,136,40.16839444,-80.24038611,0,33,0,0,1,1,0,5,3,1,0,1,0,0000000,0,38,0,42,1,26,0,0,0,1,1
42,420626,2,2,0,0,0,2,2,61,0,29,3,2012,5,9,15,0,6,3,SR-4007 PETERSBURG PK,,32,40.55356389,-78.00673056,0,12,7,0,1,1,0,1,1,1,0,1,0,0000000,99,99,99,99,99,99,0,0,0,1,0
42,420627,1,1,0,0,0,1,1,129,0,1,7,2012,1,0,20,1,2,2,US-30 LINCOLN HIGHWAY,,392,40.19234722,-79.15636111,0,35,0,0,1,1,0,5,2,1,0,1,0,0000000,99,99,99,99,99,99,0,0,0,1,1
42,420628,1,1,0,0,0,1,1,71,0,11,7,2012,4,17,2,0,6,5,HOOVER ROAD,BREWSTER DRIVE,0,40.00625278,-76.30708056,0,7,0,0,2,3,0,1,1,1,0,1,0,0000000,88,88,88,88,88,88,0,0,0,1,0
42,420629,1,1,0,0,0,1,1,13,0,13,7,2012,6,2,45,1,2,2,US-22 WILLIAM PENN HW,,8,40.47422778,-78.531725,0,24,0,0,1,1,0,2,2,1,0,1,0,0000000,99,99,99,99,88,88,0,0,0,1,1
42,420630,1,1,0,0,0,1,1,117,0,22,7,2012,1,3,13,0,3,2,US-15B MAIN ST,,162,41.77540833,-77.07169167,0,35,0,0,1,1,0,4,3,1,0,1,0,0000000,3,16,3,27,88,88,0,0,0,1,0
42,420631,1,1,0,0,0,1,1,3,6115,30,7,2012,2,11,25,0,14,3,SR-2031 FOSTER ROAD,NAYSMITH ROAD,41,40.36427222,-79.80967778,0,42,0,0,1,1,0,5,1,1,0,1,0,0000000,11,28,11,42,88,88,0,0,0,1,0
42,420632,1,1,0,0,0,1,1,19,1747,31,7,2012,3,23,44,0,6,5,ROLLING ROAD,,0,40.67516389,-80.11817778,0,33,0,0,1,1,0,4,2,1,0,1,0,0000000,23,45,23,50,1,5,0,0,0,1,1
42,420633,1,1,0,0,0,1,1,83,0,31,7,2012,3,0,57,0,15,3,SR-346 WASHINGTON STREET,,152,41.95713611,-78.66410278,0,18,0,0,1,1,0,5,2,1,0,1,0,0000000,88,88,88,88,88,88,0,0,0,1,1
42,420634,1,1,0,0,0,1,1,49,0,14,7,2012,7,3,15,0,5,3,SR-1017 GULF RD,SR-1012 HOPKINS RD,22,42.22206111,-79.77140833,0,18,0,0,3,4,0,5,2,1,0,1,0,0000000,15,9,15,16,88,88,0,0,0,1,1
42,420635,1,1,0,0,0,1,1,79,6660,29,7,2012,1,21,34,0,16,6,MOUNTAIN RD,,0,41.24250833,-75.96021111,0,24,0,0,1,1,0,2,3,1,0,1,0,0000000,21,34,21,37,88,88,0,0,0,1,1
42,420636,2,2,0,0,0,4,4,1,0,22,7,2012,1,14,57,0,3,3,SR-97 BALTIMORE PK,GETTYSBURG RD,43,39.75857222,-77.12305556,0,12,1,0,3,3,0,1,1,1,0,1,0,0000000,99,99,99,99,88,88,0,0,0,1,1
42,420638,1,1,0,0,0,1,1,49,0,5,7,2012,5,14,40,0,4,3,SR-1005 DONATION RD,,25,41.98613333,-79.96413056,0,58,0,0,1,1,0,5,1,1,0,1,0,0000000,11,17,11,29,88,88,0,0,0,1,0
42,420639,1,1,0,0,0,1,1,15,0,11,7,2012,4,6,0,0,5,3,SR-3009 BURLINGTON TURNPIKE RD,,22,41.73291111,-76.50425,0,42,0,0,1,1,0,4,4,5,0,5,0,0000000,88,88,88,88,88,88,0,0,0,1,0
42,420640,1,1,0,0,0,1,1,103,0,18,7,2012,4,19,0,0,5,3,SR-2004 SILVER LAKE RD,,46,41.25766389,-75.00101667,0,18,0,0,1,1,0,4,1,1,0,1,0,0000000,88,88,88,88,88,88,0,0,0,1,0
42,420641,1,1,0,1,1,3,3,45,1270,22,7,2012,1,23,40,1,13,2,US-13 NINTH ST,,43,39.846675,-75.37589722,0,8,0,0,1,1,0,1,3,1,0,1,0,0000000,99,99,99,99,99,99,0,0,0,1,0
42,420642,3,3,0,0,0,3,3,107,0,8,6,2012,6,12,45,1,2,3,SR-309 CENTER ST,,103,40.77931944,-75.96085556,0,12,11,0,8,1,0,1,1,1,0,1,0,0000000,99,99,99,99,88,88,14,0,0,1,0
42,420643,1,1,0,1,1,1,1,103,0,14,7,2012,7,12,6,0,3,3,SR-507 WALLENPAUPACK RD,,98,41.40346667,-75.23874444,0,8,0,0,1,1,0,2,1,1,0,1,0,0000000,99,99,99,99,88,88,0,0,0,1,0
42,420644,1,1,0,0,0,2,2,47,0,11,7,2012,4,2,52,0,3,3,SR-255,,41,41.29099444,-78.50430556,0,42,0,0,1,1,0,4,2,1,0,1,0,0000000,99,99,99,99,99,99,0,0,0,1,1
42,420645,2,2,0,0,0,2,2,29,9997,5,7,2012,5,14,46,0,15,3,SR-3016 LOCUST ST,RISINGHURST LN,35,39.78011944,-75.98974722,0,12,6,0,3,3,0,1,1,1,0,1,0,0000000,14,46,14,49,99,99,0,0,0,1,0
42,420646,1,1,0,0,0,2,2,19,0,11,7,2012,4,23,12,0,6,5,THOMPSONTOWN RD,,0,40.98631667,-79.91590278,0,1,0,0,1,1,0,1,2,1,0,1,0,0000000,99,99,99,99,99,99,4,0,0,1,1
42,420647,2,2,0,0,0,2,2,107,0,31,7,2012,3,20,48,0,4,3,SR-895 FAIR RD,,116,40.57092222,-76.18474444,0,12,6,0,8,1,0,1,2,1,0,1,0,0000000,99,99,99,99,88,88,0,0,0,1,0
42,420648,1,1,0,0,0,1,1,9,9997,3,7,2012,3,0,43,0,4,3,SR-915 SANDY RUN RD,,59,40.13564444,-78.26927222,0,1,0,0,1,1,0,4,3,1,0,1,0,0000000,0,38,0,50,88,88,0,0,0,1,1
42,420649,1,1,0,0,0,1,1,91,0,6,7,2012,6,6,35,0,6,5,MOYER ROAD,,0,40.28915,-75.60745833,0,1,0,0,1,1,0,4,1,1,0,1,0,0000000,6,37,6,56,99,99,0,0,0,1,0
42,420650,2,2,0,0,0,2,2,3,6600,7,7,2012,7,13,2,0,13,3,SR-8 BUTLER STREET,,54,40.48698056,-79.91625833,0,12,2,0,1,1,0,1,1,1,0,1,0,0000000,13,0,13,7,13,29,0,0,0,1,0
42,420651,1,1,0,1,1,1,1,77,110,23,7,2012,2,15,32,0,16,6,HANOVER AVENUE,CARLISLE STREET,0,40.60928056,-75.44856389,0,8,0,0,2,3,0,1,1,1,0,1,0,0000000,99,99,99,99,99,99,0,0,0,1,0
42,420652,1,1,0,1,1,1,1,3,6600,25,7,2012,4,5,10,0,13,3,SR-8 PENN AVENUE,,18,40.44795,-79.89770833,0,15,0,0,1,1,0,1,3,1,0,1,0,0000000,5,11,5,13,5,27,0,0,0,1,0
42,420653,7,7,0,0,0,7,7,115,0,18,7,2012,4,13,50,1,1,1,I-81 AMERICAN LEGION MEM HW,,2093,41.68571389,-75.686475,0,12,1,0,1,1,2,1,1,1,0,1,0,0000000,14,7,14,18,14,57,0,0,0,1,0
42,420654,1,1,0,0,0,1,1,75,0,9,7,2012,2,12,20,0,5,3,SR-443 MOONSHINE RD,,56,40.453725,-76.59677778,0,30,0,0,1,1,0,4,1,1,0,1,0,0000000,99,99,99,99,88,88,0,0,0,1,0
42,420655,2,2,0,0,0,6,6,69,8380,21,7,2012,7,14,44,0,15,3,SR-3012 OAK ST,,7,41.39420278,-75.70604167,0,12,1,0,1,1,0,1,1,1,0,1,0,0000000,14,46,14,49,15,26,0,0,0,2,1
42,420656,2,2,0,0,0,2,2,11,6900,14,7,2012,7,17,10,1,12,3,SR-12 WARREN ST BP,,9,40.359525,-75.94337778,0,25,0,0,1,1,0,3,1,1,0,1,0,0000000,99,99,99,99,88,88,14,0,0,1,0
42,420657,1,1,0,1,1,3,3,71,0,6,7,2012,6,20,7,1,2,2,US-30 LINCOLN HW,,278,39.99671389,-76.04966944,0,8,0,0,1,1,0,4,1,1,0,1,0,0000000,99,99,99,99,88,88,0,0,0,1,0
42,420658,1,1,0,1,1,1,1,11,9530,6,7,2012,6,20,55,0,14,3,SR-3019 PARK RD,VAN REED RD,4,40.34121389,-75.957375,0,8,0,0,3,2,0,1,5,1,0,1,0,0000000,99,99,99,99,99,99,0,0,0,1,0
42,420659,1,1,0,1,1,1,1,101,6540,8,7,2012,1,23,9,0,13,3,SR-3019 PASSYUNK AV,,26,39.91801111,-75.20988611,0,8,0,0,1,1,0,1,3,1,0,1,0,0000000,23,8,23,17,23,51,0,0,0,1,1
42,420660,1,1,0,0,0,3,3,49,2640,10,7,2012,3,22,51,1,13,3,SR-4034 BAYFRONT PY,,27,42.13428056,-80.08863611,0,39,0,0,1,1,0,4,3,1,0,1,0,0000000,22,56,22,59,99,99,0,0,0,1,1
42,420661,2,2,0,1,1,1,1,129,0,27,7,2012,6,14,49,0,4,3,SR-993 BUSHEY RUN RD,,123,40.36141111,-79.606225,0,8,0,0,1,1,0,1,1,1,0,1,0,0000000,14,52,14,58,15,47,17,23,0,1,0
42,420662,1,1,0,0,0,1,1,73,5800,28,7,2012,7,8,7,0,14,3,SR-65 EAST WASHINGTON ST,,117,40.98156389,-80.32246389,0,30,0,0,1,1,0,4,1,1,0,1,0,0000000,8,9,8,11,8,33,0,0,0,1,0
42,420663,1,1,0,0,0,2,2,71,0,5,7,2012,5,3,20,0,6,5,OWL HILL RD,,0,40.14492778,-76.28084444,0,35,0,0,1,1,0,5,2,1,0,1,0,0000000,99,99,99,99,88,88,0,0,0,1,1
42,420664,1,1,0,0,0,1,1,77,110,8,7,2012,1,17,29,0,16,6,RIVER DR,,0,40.60351389,-75.442725,0,34,0,0,1,1,0,4,1,1,0,1,0,0000000,99,99,99,99,99,99,0,0,0,1,1
42,420665,2,2,0,0,0,2,2,15,0,18,7,2012,4,18,13,0,3,3,SR-14,,62,41.67645556,-76.85348611,0,24,0,0,1,1,0,2,1,1,0,1,0,0000000,99,99,99,99,99,99,0,0,0,1,0
42,420666,2,2,0,0,0,2,2,3,6600,27,7,2012,6,15,12,0,16,6,SECOND AVENUE,TENTH STREET BRIDGE,0,40.43457778,-79.98981667,0,12,6,0,2,2,0,1,1,1,0,1,0,0000000,15,11,15,25,16,2,0,0,0,1,0
42,420667,2,2,0,0,0,3,3,51,6680,6,7,2012,6,19,55,0,16,6,STELLA AVENUE,RAILROAD STREET ALLEY,0,39.73624722,-79.900425,0,12,2,0,2,2,0,1,6,1,0,1,0,0000000,19,56,20,1,20,50,0,0,0,1,0
42,420668,1,1,0,1,1,1,1,91,4495,11,7,2012,4,21,53,0,14,3,SR-4014 TOWNSHIP LINE ROAD,,28,40.20919167,-75.50552222,0,9,0,0,1,1,0,1,2,1,0,1,0,0000000,21,53,22,1,22,17,0,0,0,1,1
42,420669,2,2,0,0,0,4,4,3,7455,30,7,2012,2,23,16,1,11,1,I-376 PENN LINCOLN PARKWAY,,652,40.41059167,-80.07125833,0,25,0,0,1,1,0,1,3,1,0,1,0,0000000,23,16,23,30,23,43,14,0,0,1,0
42,420670,1,1,0,1,1,1,1,17,0,22,7,2012,1,0,27,0,13,3,SR-2006 NEW FALLS ROAD,,17,40.13849722,-74.87858333,0,8,0,0,1,1,0,1,3,1,0,1,0,0000000,0,28,0,33,0,53,0,0,0,1,0
42,420671,2,1,1,0,1,1,2,17,0,13,7,2012,6,15,29,1,12,2,US-1 LINCOLN HIGHWAY,,76,40.19308056,-74.87672778,0,14,0,0,1,1,0,2,1,1,0,1,0,0000000,99,99,99,99,99,99,0,0,0,1,0
42,420672,2,2,0,0,0,4,4,97,0,17,7,2012,3,20,0,1,12,3,SR-61,,257,40.85114722,-76.80398889,0,12,2,0,1,1,0,1,1,1,0,1,0,0000000,99,99,99,99,99,99,0,0,0,2,1
42,420673,1,1,0,0,0,1,1,3,0,2,8,2012,5,10,25,0,14,3,SR-910,,137,40.58872222,-79.88649444,0,41,0,0,1,1,0,5,1,1,0,1,0,0000000,10,25,10,31,11,5,0,0,0,1,1
42,420674,1,1,0,0,0,1,1,121,0,5,8,2012,1,0,10,0,6,5,BRANDON ROAD,,0,41.31165278,-79.84354722,0,34,0,0,1,1,0,5,2,1,0,1,0,0000000,2,22,2,28,3,49,0,0,0,1,1
42,420675,1,1,0,0,0,1,1,71,0,25,7,2012,4,9,42,1,2,2,US-222,,385,40.14738333,-76.18422222,0,52,0,0,1,1,0,2,1,1,0,1,0,0000000,99,99,99,99,88,88,0,0,0,1,0
42,420676,1,1,0,0,0,1,1,3,6645,18,8,2012,7,1,23,1,11,1,I-76 EAST WEST TURNPIKE,,490,40.52355833,-79.81898889,0,25,0,0,1,1,0,2,2,1,0,1,0,0000000,1,27,99,97,99,97,0,0,0,1,1
42,420677,1,1,0,0,0,1,1,45,0,20,7,2012,6,11,6,0,15,3,SR-1021 KING OF PRUSSIA RD,,37,40.05737778,-75.36855278,0,33,0,0,1,1,0,4,1,1,0,1,0,0000000,99,99,99,99,99,99,0,0,0,1,0
42,420678,1,1,0,0,0,1,1,107,0,7,7,2012,7,18,14,0,14,3,SR-924 GOLD STAR HW,,17,40.80130833,-76.21575556,0,35,0,0,1,1,0,4,1,2,0,2,0,0000000,99,99,99,99,99,99,0,0,0,1,0
42,420679,1,1,0,0,0,1,1,29,0,3,8,2012,6,22,18,0,5,3,SR-842 CLONMELL UPLAND RD,,9,39.88255833,-75.82174722,0,35,0,0,1,1,0,4,2,1,0,1,0,0000000,22,16,22,27,88,88,0,0,0,1,1
42,420680,2,2,0,1,1,2,2,19,0,17,7,2012,3,14,8,1,2,2,US-422 BENJAMIN FRANKLIN HW,CURRIE RD,9,40.96511389,-80.14551944,0,12,11,0,2,3,0,1,1,1,0,1,0,0000000,14,9,14,24,88,88,15,0,0,1,0
42,420681,1,1,0,0,0,5,5,109,0,5,8,2012,1,12,30,0,3,3,SR-35,,117,40.76872778,-76.921275,0,42,0,0,1,1,0,4,1,1,0,1,0,0000000,12,35,12,43,13,42,0,0,0,1,0
42,420682,1,1,0,0,0,1,1,39,0,13,8,2012,2,0,20,0,4,2,US-19 PERRY HW,,23,41.51498889,-80.18685278,0,34,0,0,1,1,0,4,2,1,0,1,0,0000000,0,15,0,22,88,88,0,0,0,1,1
42,420683,1,1,0,0,0,1,1,17,0,20,8,2012,2,7,20,0,4,3,SR-4047 RICHLANDTOWN PK,,65,40.52950556,-75.33269722,0,34,0,0,1,1,0,4,4,1,0,1,0,0000000,7,23,7,31,88,88,0,0,0,1,0
42,420684,1,1,0,0,0,1,1,125,0,13,8,2012,2,10,0,0,5,3,SR-3043 MAJORSVILLE RD,,26,39.97464167,-80.48609444,0,42,0,0,1,1,0,4,1,1,0,1,0,0000000,10,27,10,35,11,59,4,0,0,1,0
42,420685,1,1,0,0,0,2,2,31,0,12,8,2012,1,6,8,1,1,1,I-80 KEYSTONE SHORTWAY RD,,688,41.17248611,-79.27249722,0,35,0,0,1,1,0,4,2,1,0,1,0,0000000,6,9,6,21,6,59,0,0,0,1,0
42,420686,1,1,0,0,0,2,2,33,0,18,8,2012,7,11,0,1,1,1,I-80 Z H CONFAIR MEMORIAL HW,,1161,41.06254722,-78.45571944,0,24,0,0,1,1,0,3,1,1,0,1,0,0000000,99,99,99,99,99,99,0,0,0,1,0
42,420687,1,1,0,0,0,2,2,79,0,31,8,2012,6,14,36,0,13,3,SR-924 HAZELTON SHEPTON HW,,45,40.94698056,-76.01596667,0,42,0,0,1,1,0,4,1,1,0,1,0,0000000,14,38,14,44,99,99,0,0,0,1,0
42,420688,1,1,0,0,0,1,1,43,0,4,8,2012,7,4,48,0,3,3,SR-147 N RIVER RD,,106,40.50316111,-76.95097778,0,53,0,0,1,1,0,4,2,1,0,1,0,0000000,99,99,99,99,88,88,0,0,0,1,0
42,420689,1,1,0,0,0,2,2,83,0,29,8,2012,4,17,20,1,2,2,US-6 GRAND ARMY OF THE REPU HW,,151,41.68080833,-78.72381667,0,42,0,0,1,1,0,5,1,1,0,1,0,0000000,99,99,99,99,99,99,0,0,0,1,0
42,420690,1,1,0,0,0,1,1,33,0,22,8,2012,4,23,40,1,2,2,US-219 MAHAFFEY TO CURRY RU RD,,197,40.90979444,-78.67038056,0,1,0,0,1,1,0,1,2,1,0,1,0,0000000,99,99,99,99,88,88,0,0,0,1,1
42,420691,1,1,0,0,0,3,3,51,0,13,8,2012,2,1,0,0,3,3,SR-166 NEW GENEVA RD,,88,39.838525,-79.90365,0,35,0,0,1,1,0,4,3,1,0,1,0,0000000,0,52,0,58,1,40,0,0,0,1,0
42,420692,1,1,0,0,0,1,1,39,0,14,8,2012,3,0,39,0,4,2,US-6 GRAND ARMY OF THE REP HW,,49,41.67065833,-80.45397222,0,35,0,0,1,1,0,5,2,1,0,1,0,0000000,0,41,0,52,88,88,0,0,0,1,1