STATE,ST_CASE,VE_TOTAL,VE_FORMS,PVH_INVL,PEDS,PERNOTMVIT,PERMVIT,PERSONS,COUNTY,CITY,DAY,MONTH,YEAR,DAY_WEEK,HOUR,MINUTE,NHS,ROAD_FNC,ROUTE,TWAY_ID,TWAY_ID2,MILEPT,LATITUDE,LONGITUD,SP_JUR,HARM_EV,MAN_COLL,RELJCT1,RELJCT2,TYP_INT,WRK_ZONE,REL_ROAD,LGT_COND,WEATHER1,WEATHER2,WEATHER,SCH_BUS,RAIL,NOT_HOUR,NOT_MIN,ARR_HOUR,ARR_MIN,HOSP_HR,HOSP_MN,CF1,CF2,CF3,FATALS,DRUNK_DR
42,420693,1,1,0,0,0,1,1,39,0,28,8,2012,3,12,50,0,4,3,SR-98 RESERVOIR RD,,77,41.72721944,-80.23886389,0,42,0,0,1,1,0,5,1,1,0,1,0,0000000,99,99,99,99,88,88,0,0,0,1,0
42,420694,1,1,0,1,1,1,1,79,0,7,8,2012,3,22,0,0,13,2,US-11,,193,41.218525,-76.01060833,0,9,0,0,1,1,0,2,3,1,0,1,0,0000000,21,47,21,52,22,21,0,0,0,1,1
42,420695,1,1,0,0,0,1,1,109,0,3,8,2012,6,14,30,0,5,3,SR-4012 BACK MOUNTAIN RD,,13,40.76394722,-77.30228056,0,35,0,0,1,1,0,5,1,1,0,1,0,0000000,88,88,88,88,88,88,0,0,0,1,0
42,420696,1,1,0,0,0,1,1,103,0,20,8,2012,2,19,27,0,6,5,WINONA FALLS RD,,0,41.10352222,-75.04540833,0,35,0,0,1,1,0,5,5,2,5,2,0,0000000,99,99,99,99,99,99,0,0,0,1,0
42,420697,1,1,0,0,0,1,1,29,0,23,8,2012,5,22,6,0,6,5,COVENTRYVILLE RD,,0,40.15633333,-75.697525,0,42,0,0,1,1,0,5,2,1,0,1,0,0000000,22,6,99,97,99,97,0,0,0,1,0
42,420698,2,2,0,0,0,4,4,63,0,9,6,2012,7,0,45,0,5,3,SR-1012 STARFORD RD,,68,40.69240556,-78.96101389,0,12,1,0,1,1,0,1,2,1,0,1,0,0000000,0,50,1,2,2,22,0,0,0,1,1
42,420699,1,1,0,0,0,1,1,77,0,20,7,2012,6,22,59,1,13,3,SR-309,,53,40.57768889,-75.55189722,0,25,0,0,1,1,0,3,2,1,0,1,0,0000000,99,99,99,99,88,88,0,0,0,1,0
42,420700,1,1,0,0,0,1,1,123,0,28,7,2012,7,17,15,0,3,3,SR-666 DAVID ZEISBERGER HW,HENRYS MILL RD,9,41.63715278,-79.04345833,0,1,0,0,3,3,0,1,1,1,0,1,0,0000000,99,99,99,99,99,99,0,0,0,1,1
42,420701,2,2,0,0,0,3,3,99,4540,10,7,2012,3,8,8,1,2,2,US-11 SUSQUEHANNA TR,,229,40.56521667,-76.99395556,0,12,6,0,8,1,0,1,1,1,0,1,0,0000000,99,99,99,99,88,88,0,0,0,2,0
42,420702,1,1,0,0,0,1,1,125,0,8,8,2012,4,4,19,0,4,3,SR-50 AVELLA RD,,39,40.27218056,-80.45756389,0,24,0,0,1,1,0,2,2,1,0,1,0,0000000,4,48,5,13,88,88,0,0,0,1,0
42,420703,1,1,0,0,0,1,1,81,0,9,8,2012,5,1,48,0,14,3,SR-2029 NORTHWAY RD,,7,41.256225,-76.96993889,0,33,0,0,1,1,0,4,3,1,0,1,0,0000000,1,47,1,51,2,26,0,0,0,1,1
42,420704,1,1,0,1,1,1,1,3,9350,31,7,2012,3,22,0,1,13,3,SR-8 PENN AV,PEEBLES ST,16,40.44634167,-79.89276111,0,9,0,0,3,3,0,1,3,1,0,1,0,0000000,99,99,99,99,99,99,0,0,0,1,0
42,420705,1,1,0,0,0,1,1,51,0,5,8,2012,1,22,30,0,4,3,SR-4006 NEW SALEM RD,,15,39.95039722,-79.86964167,0,41,0,0,1,1,0,4,2,1,0,1,0,0000000,22,34,22,44,88,88,0,0,0,1,0
42,420706,1,1,0,0,0,5,5,19,0,5,8,2012,1,10,12,0,3,3,SR-38,,111,41.00469722,-79.82468889,0,18,0,0,1,1,0,1,1,1,0,1,0,0000000,10,16,10,28,10,55,0,0,0,1,0
42,420707,1,1,0,0,0,1,1,13,0,4,8,2012,7,6,0,0,4,3,SR-4002 SUGAR RUN RD,,17,40.47646389,-78.51315556,0,35,0,0,1,1,0,5,4,99,0,99,0,0000000,88,88,88,88,88,88,0,0,0,1,0
42,420708,1,1,0,0,0,1,1,25,8260,17,8,2012,6,13,55,0,4,3,SR-902 LAUREL DR,,36,40.81628333,-75.83140278,0,17,0,0,1,1,0,5,1,1,0,1,0,0000000,88,88,88,88,88,88,0,0,0,1,0
42,420709,1,1,0,0,0,1,1,91,3740,27,8,2012,2,3,38,0,6,5,COUNTY LINE RD,,0,40.19804722,-75.11651944,0,33,0,0,1,1,0,4,3,1,0,1,0,0000000,88,88,88,88,88,88,0,0,0,1,1
42,420710,1,1,0,0,0,1,1,129,0,9,8,2012,5,5,50,0,14,3,SR-3077 YOUGHIOGHENY ST,,27,40.31428611,-79.65181944,0,42,0,0,1,1,0,4,4,1,0,1,0,0000000,5,55,6,1,6,39,0,0,0,1,1
42,420711,1,1,0,0,0,1,1,101,6540,2,8,2012,5,22,50,0,13,2,US-1 ROOSEVELT BL,,64,40.02035,-75.15295556,0,25,0,0,1,1,0,4,3,1,0,1,0,0000000,88,88,88,88,88,88,0,0,0,1,1
42,420712,1,1,0,0,0,3,3,91,0,18,8,2012,7,20,54,0,6,5,LONGFORD RD,,0,40.13151389,-75.4814,0,38,0,0,1,1,0,5,2,1,0,1,0,0000000,20,55,21,3,21,44,0,0,0,1,1
42,420713,1,1,0,0,0,1,1,25,0,11,8,2012,7,2,16,0,3,3,SR-93 HUDSON DR,,69,40.92788333,-75.87637222,0,35,0,0,1,1,0,4,2,2,0,2,0,0000000,99,99,99,99,88,88,0,0,0,1,1
42,420714,2,2,0,0,0,2,2,11,0,1,8,2012,4,2,30,0,3,3,SR-662 MEMORIAL HW,SR-2020 OLEY TURNPIKE RD,74,40.35369167,-75.76574167,0,12,6,0,2,2,0,1,2,1,0,1,0,0000000,99,99,99,99,88,88,0,0,0,1,1
42,420715,2,2,0,0,0,2,2,119,0,19,8,2012,1,12,55,1,2,2,US-15 MARINE CORPS LEAG MEM HW,SR-1002 COL JOHN KELLY RD,93,41.00630556,-76.86814722,0,12,6,0,2,3,0,1,1,1,0,1,0,0000000,13,3,13,8,13,49,0,0,0,1,0
42,420716,2,2,0,0,0,2,2,19,0,30,8,2012,5,13,15,0,4,3,SR-528,HARMONY RD,109,40.86999722,-80.04048333,0,12,11,0,2,3,0,1,1,1,0,1,0,0000000,13,22,13,38,88,88,0,0,0,1,0
42,420717,2,2,0,0,0,3,3,109,0,3,8,2012,6,1,37,0,4,3,SR-4018 TROXELVILLE RD,,61,40.84428889,-77.09895556,0,12,2,0,1,1,0,1,2,1,0,1,0,0000000,1,41,1,50,2,39,0,0,0,1,0
42,420718,2,2,0,0,0,3,3,27,0,6,8,2012,2,21,42,1,13,3,SR-150 BENNER PK,,23,40.85878611,-77.78518889,0,12,2,0,1,1,0,1,2,1,0,1,0,0000000,99,99,99,99,99,99,0,0,0,1,0
42,420719,2,2,0,0,0,2,2,11,0,3,8,2012,6,6,33,1,1,1,I-78 WILLIAM PENN HW,,405,40.57732778,-75.79871944,0,12,6,0,1,1,0,1,1,1,0,1,0,0000000,99,99,99,99,88,88,0,0,0,1,1
42,420720,1,1,0,1,1,1,1,43,3500,9,8,2012,5,8,17,0,16,6,MARKET ST,,0,40.26884167,-76.85923611,0,8,0,0,1,1,0,1,1,1,0,1,0,0000000,99,99,99,99,88,88,0,0,0,1,0
42,420721,2,2,0,0,0,4,4,79,0,21,8,2012,3,11,39,1,1,1,I-81 AMERICAN LEGION MEM HW,SR-8005 RAMP E RD,1514,41.05108611,-76.00794167,0,12,6,1,5,1,0,1,1,1,0,1,0,0000000,11,39,11,54,12,27,0,0,0,1,0
42,420722,1,1,0,0,0,1,1,79,0,6,5,2012,1,21,11,1,11,3,SR-8015 RAMP L RD,,16,41.25657778,-75.8189,0,34,0,1,5,1,0,5,2,1,0,1,0,0000000,21,7,21,13,88,88,0,0,0,1,1
42,420723,2,2,0,0,0,3,3,49,0,8,8,2012,4,16,3,0,14,2,US-20 BUFFALO RD,,345,42.17127778,-79.947875,0,12,2,0,8,1,0,1,1,1,0,1,0,0000000,15,58,16,7,16,27,0,0,0,1,0
42,420724,2,2,0,0,0,3,3,99,0,16,8,2012,5,6,25,1,2,2,US-11 SUSQUEHANNA TR,,131,40.44763889,-76.98147778,0,12,2,0,1,1,0,1,4,5,0,5,0,0000000,99,99,99,99,88,88,0,0,0,2,0
42,420725,2,2,0,0,0,3,3,27,0,9,8,2012,5,14,10,1,11,1,I-99 BUD SHUSTER HW,,764,40.84556389,-77.81467778,0,12,6,1,17,1,0,1,1,1,0,1,0,0000000,14,9,99,99,99,99,0,0,0,2,0
42,420726,3,3,0,0,0,5,5,55,0,6,6,2012,4,14,15,0,3,3,SR-16 BUCHANAN TR,,237,39.76442778,-77.60788333,0,12,1,0,8,1,0,1,1,1,0,1,0,0000000,99,99,99,99,99,99,0,0,0,1,0
42,420727,2,2,0,0,0,2,2,131,0,13,8,2012,2,13,30,0,5,3,SR-4002,,66,41.58038611,-76.106075,0,12,6,0,1,1,0,1,1,1,0,1,0,0000000,13,34,13,44,88,88,0,0,0,1,0
42,420728,2,2,0,0,0,2,2,27,0,9,8,2012,5,6,0,1,2,2,US-220A ALT 0220 RD,,226,40.92215833,-77.84739167,0,12,2,0,1,1,0,1,1,1,0,1,0,0000000,6,6,6,16,88,88,0,0,0,1,0
42,420729,2,2,0,0,0,2,2,35,0,3,8,2012,6,9,5,0,4,3,SR-64,,43,41.05454167,-77.49625278,0,12,8,0,1,1,0,1,1,1,0,1,0,0000000,9,7,9,19,9,55,0,0,0,1,0
42,420730,2,2,0,0,0,2,2,121,9997,28,8,2012,3,10,16,1,2,3,SR-8 WILLIAM FLYNN HW,SR-208 CLINTONVILLE RD,13,41.18854722,-79.97609167,0,12,6,0,2,2,0,1,1,1,0,1,0,0000000,10,23,10,31,11,16,22,0,0,1,0
42,420731,2,2,0,0,0,4,4,27,0,18,8,2012,7,12,3,0,3,3,SR-64 NITTANY VALLEY DR,SR-550 ZION RD,35,40.91816944,-77.67744722,0,1,0,0,2,3,0,1,1,1,0,1,0,0000000,12,3,12,11,99,99,0,0,0,1,0
42,420732,1,1,0,0,0,1,1,7,0,7,8,2012,3,7,44,0,6,5,GRANDVIEW RD,,0,40.82884722,-80.27974444,0,42,0,0,1,1,0,5,1,1,0,1,0,0000000,99,99,99,99,99,99,0,0,0,1,0
42,420733,2,2,0,0,0,4,4,89,0,8,8,2012,4,16,33,0,3,3,SR-940 POCONO BL,SR-1011 CARLTON RD,177,41.12734444,-75.31035833,0,12,6,0,2,3,0,1,1,1,0,1,0,0000000,99,99,99,99,99,99,0,0,0,1,0
42,420734,2,2,0,0,0,6,6,33,9997,10,8,2012,6,15,24,0,3,3,SR-53 GLEN HOPE BL,SR-729 TYRONE TURNPIKE HW,79,40.79794444,-78.49989722,0,12,6,0,2,2,0,1,1,1,0,1,0,0000000,99,99,99,99,99,99,0,0,0,1,0
42,420735,2,2,0,0,0,3,3,121,0,4,8,2012,7,18,15,0,3,3,SR-157 FRYSBURG RD,TOY RD,31,41.39703611,-79.62522778,0,12,6,0,2,4,0,1,1,1,0,1,0,0000000,99,99,99,99,99,99,0,0,0,3,0
42,420736,1,1,0,0,0,2,2,17,0,18,8,2012,7,8,26,0,14,3,SR-152 LIMEKILN PK,,59,40.31843333,-75.23240556,0,42,0,0,1,1,0,5,1,1,0,1,0,0000000,8,26,8,34,9,30,0,0,0,1,0
42,420737,2,2,0,0,0,2,2,55,0,19,6,2012,3,15,12,0,14,3,SR-16 BUCHANAN TR,,233,39.76606944,-77.61429722,0,12,2,0,1,1,0,1,1,1,0,1,0,0000000,99,99,99,99,99,99,0,0,0,1,0
42,420738,1,1,0,1,1,1,1,85,3410,17,8,2012,6,11,17,0,14,3,SR-173 BROAD ST,CHESTNUT ST,39,41.16485833,-80.08266389,0,9,0,0,2,2,0,1,1,2,0,2,0,0000000,11,19,11,23,11,27,16,0,0,1,0
42,420739,1,1,0,0,0,2,2,111,0,20,8,2012,2,0,44,0,5,3,SR-3017,,52,39.98818889,-79.10260278,0,53,0,0,1,1,0,5,2,1,0,1,0,0000000,0,43,0,54,1,50,0,0,0,1,1
42,420740,2,2,0,0,0,5,5,3,0,22,8,2012,4,17,25,0,3,3,SR-1028 BAKERSTOWN RD,,106,40.66140833,-79.7574,0,12,2,0,1,1,0,1,1,1,0,1,0,0000000,17,30,17,42,18,30,0,0,0,1,1
42,420741,2,2,0,0,0,2,2,129,0,31,8,2012,6,16,25,0,4,3,SR-982 NEW DERRY RD,,235,40.41245556,-79.34285,0,12,2,0,1,1,0,1,1,1,0,1,0,0000000,16,16,16,22,16,56,0,0,0,1,0
42,420742,2,2,0,0,0,4,4,65,0,21,8,2012,3,21,0,0,3,2,US-322 TWENTYEIGHTH DIVISIO HW,,49,41.17002778,-79.12081111,0,12,6,0,1,1,0,1,2,1,0,1,0,0000000,99,99,99,99,99,99,0,0,0,2,1
42,420743,2,2,0,0,0,2,2,77,0,6,8,2012,2,3,49,1,1,1,I-78 WILLIAM PENN HW,,484,40.57544722,-75.64838056,0,12,1,0,1,1,0,1,2,1,0,1,0,0000000,99,99,99,99,88,88,0,0,0,1,0
42,420744,2,2,0,0,0,3,3,79,0,23,8,2012,5,11,9,0,3,3,SR-118,SR-4011 OLD TIOGA PK,6,41.28956389,-76.30128333,0,12,6,0,2,2,0,1,1,1,0,1,0,0000000,11,8,11,26,11,43,0,0,0,1,0
42,420745,1,1,0,0,0,1,1,21,0,26,8,2012,1,4,30,0,5,3,SR-1020 SAINT LAWRENCE RD,,11,40.69956667,-78.60441111,0,33,0,0,1,1,0,4,2,1,0,1,0,0000000,99,99,99,99,99,99,0,0,0,1,1
42,420746,2,2,0,0,0,3,3,67,0,14,8,2012,3,16,0,0,3,3,SR-104,HESS HILL RD,4,40.63314444,-76.95366667,0,12,6,0,2,2,0,1,1,1,0,1,0,0000000,99,99,99,99,99,99,0,0,0,1,0
42,420747,2,2,0,0,0,2,2,63,0,28,8,2012,3,17,10,1,2,2,US-119,SR-403 MAIN ST,267,40.76803889,-79.05675556,0,12,2,0,2,3,0,1,1,1,0,1,0,0000000,17,13,17,13,17,23,0,0,0,1,0
42,420748,1,1,0,1,1,1,1,107,4660,9,8,2012,5,15,5,1,13,3,SR-309,,196,40.901625,-75.99375,0,8,0,0,1,1,0,1,1,1,0,1,0,0000000,99,99,99,99,99,99,16,0,0,1,1
42,420749,2,2,0,0,0,2,2,129,0,17,8,2012,6,8,21,1,13,3,SR-356,SR-66,0,40.55188333,-79.58905833,0,12,6,0,2,3,0,1,1,1,0,1,0,0000000,8,23,8,31,88,88,0,0,0,1,0
42,420750,2,2,0,0,0,2,2,41,0,18,8,2012,7,13,45,0,14,3,SR-114 CONODOQUENET PY,SR-8031 RAMP D RD,11,40.26767778,-77.0435,0,12,6,1,2,3,0,1,1,1,0,1,0,0000000,99,99,99,99,99,99,0,0,0,1,1
42,420751,2,2,0,0,0,2,2,19,9670,7,8,2012,3,6,0,0,14,3,SR-288 NEW CASTLE ST,SR-588,2,40.79425556,-80.15278333,0,12,6,0,2,4,0,1,1,1,0,1,0,0000000,6,5,6,11,6,42,0,0,0,1,0
42,420752,2,2,0,0,0,2,2,59,0,5,8,2012,1,13,24,0,4,3,SR-2012 CRUCIBLE RD,,60,39.952475,-79.96626667,0,12,8,0,1,1,0,5,1,2,0,2,0,0000000,13,23,13,33,14,36,0,0,0,1,1
42,420753,2,2,0,0,0,3,3,41,0,4,8,2012,7,15,14,0,15,3,SR-2026 GRANTHAM RD,ROSEGARDEN BL,9,40.15590556,-77.01353889,0,12,6,0,2,2,0,1,1,1,0,1,0,0000000,99,99,99,99,99,99,0,0,0,1,0
42,420754,2,1,1,0,0,1,1,1,0,25,8,2012,7,2,0,0,4,3,SR-134 TANEYTOWN RD,,32,39.76096111,-77.23236111,0,34,0,0,1,1,0,5,2,1,0,1,0,0000000,99,99,99,99,88,88,0,0,0,1,1
42,420755,2,2,0,0,0,2,2,51,0,1,8,2012,4,23,39,1,2,2,US-40 NATIONAL PK,,39,39.98505833,-79.83658333,0,12,2,0,1,1,0,1,2,1,0,1,0,0000000,23,41,23,44,0,40,0,0,0,1,2
42,420756,4,3,1,0,0,7,7,101,6540,23,8,2012,5,22,43,0,14,3,SR-3012 LANCASTER AV,,3,39.96988333,-75.21323056,0,12,6,0,1,1,0,1,3,1,0,1,0,0000000,22,45,22,50,23,18,0,0,0,1,0
42,420757,3,3,0,0,0,3,3,81,0,23,8,2012,5,16,25,0,4,3,SR-44 RT 44 RD,,3,41.12300278,-76.97332222,0,12,2,0,1,1,0,1,1,1,0,1,0,0000000,16,24,16,30,16,36,0,0,0,1,0
42,420758,2,2,0,0,0,3,3,91,3970,22,8,2012,4,10,45,1,13,3,SR-611 OLD YORK RD,RYDAL RD,28,40.09989722,-75.12581389,0,12,6,0,2,2,0,1,1,1,0,1,0,0000000,10,44,10,50,10,57,0,0,0,1,0
42,420759,2,2,0,0,0,4,4,17,0,12,8,2012,1,20,54,1,13,3,SR-132 STREET RD,NEWTOWN RD,43,40.19172778,-75.07353056,0,12,11,0,2,3,0,1,2,1,0,1,0,0000000,99,99,99,99,99,99,0,0,0,1,0
42,420760,2,2,0,0,0,2,2,125,0,9,8,2012,5,18,0,0,4,3,SR-4004 STEUBENVILLE PK,,88,40.42929722,-80.37246944,0,12,2,0,1,1,0,1,1,1,0,1,0,0000000,18,3,18,8,88,88,0,0,0,1,1
42,420761,2,2,0,0,0,30,30,101,6540,13,8,2012,2,18,2,0,16,6,OLD YORK RD,,0,40.04679722,-75.145425,0,12,2,0,1,1,0,1,1,1,0,1,0,0000000,18,3,18,11,18,33,0,0,0,1,1
42,420762,1,1,0,1,1,1,1,101,6540,15,8,2012,4,1,10,0,13,3,SR-232 OXFORD AV,,32,40.07665833,-75.08515,0,8,0,0,1,1,0,1,3,2,0,2,0,0000000,1,8,1,17,1,57,0,0,0,1,0
42,420763,1,1,0,1,1,1,1,101,6540,26,8,2012,1,2,14,1,13,3,SR-6001 ROOSEVELT BL,HARTEL AV,59,40.05188333,-75.05054722,0,8,0,0,2,3,0,1,3,1,0,1,0,0000000,2,14,2,19,88,88,0,0,0,1,0
42,420764,2,2,0,0,0,4,4,13,0,6,8,2012,2,11,39,0,6,5,CREAM HOLLOW RD,,0,40.362625,-78.43649167,0,12,8,0,1,1,0,1,1,1,0,1,0,0000000,11,43,99,97,99,97,0,0,0,1,1
42,420765,2,2,0,0,0,2,2,43,0,21,8,2012,3,1,40,1,1,1,I-81 AMERICAN LEGION MEMORIAL,,748,40.33880833,-76.75223611,0,24,0,0,1,1,0,2,2,1,0,1,0,0000000,88,88,88,88,88,88,0,0,0,1,0
42,420766,3,3,0,0,0,4,4,101,6540,29,8,2012,4,23,29,1,11,1,I-95 DELAWARE EX,,239,39.97660556,-75.11391111,0,12,1,0,1,1,0,1,3,1,0,1,0,0000000,23,30,23,37,0,20,0,0,0,1,0
42,420767,1,1,0,0,0,1,1,133,0,22,6,2012,6,19,57,0,6,5,BALD EAGLE RD,,0,39.77213333,-76.43085833,0,42,0,0,1,1,0,5,5,5,0,5,0,0000000,99,99,99,99,99,99,0,0,0,1,1
42,420768,2,2,0,0,0,3,3,129,5880,3,8,2012,6,20,25,0,13,3,SR-366 STEVENSON BL,CARL AV,18,40.58741667,-79.7497,0,12,6,0,2,2,0,1,5,1,0,1,0,0000000,20,26,20,30,20,43,0,0,0,2,0
42,420769,1,1,0,0,0,1,1,11,0,20,5,2012,1,18,41,0,6,5,DIETRICH LN,,0,40.52887778,-75.93762222,0,5,0,0,1,1,0,1,1,1,0,1,0,0000000,99,99,99,99,99,99,22,0,0,1,0
42,420770,2,2,0,0,0,2,2,17,0,6,8,2012,2,16,44,0,15,3,SR-2077 MEARNS RD,,27,40.23382222,-75.06125833,0,12,8,0,1,1,0,1,1,1,0,1,0,0000000,16,47,16,52,17,21,0,0,0,1,0
42,420771,2,2,0,0,0,7,7,133,0,18,8,2012,7,13,1,1,13,3,SR-462 MARKET ST,ROCKBURN ST,39,39.97331944,-76.68961944,0,12,6,0,2,2,0,1,1,1,0,1,0,0000000,99,99,99,99,99,99,0,0,0,1,0
42,420772,2,2,0,0,0,2,2,37,0,29,8,2012,4,20,29,0,13,3,SR-8003 RAMP D RD,,5,40.98906389,-76.4804,0,1,0,1,5,1,0,1,5,1,0,1,0,0000000,20,3,99,97,99,97,0,0,0,1,0
42,420773,2,2,0,0,0,5,5,129,7185,29,8,2012,4,9,38,1,11,1,I-70,SR-8024 RAMP A RD,463,40.15443056,-79.77845833,0,12,7,1,2,4,0,1,1,1,0,1,0,0000000,99,99,99,99,99,99,0,0,0,2,0
42,420774,2,2,0,0,0,2,2,95,0,1,8,2012,4,15,49,0,15,3,SR-3020 NEWBURG RD,WERNER RD,19,40.71716944,-75.35877222,0,12,2,0,2,3,0,1,1,1,0,1,0,0000000,99,99,99,99,88,88,0,0,0,1,0
42,420775,1,1,0,0,0,1,1,45,0,8,8,2012,4,1,12,0,14,3,SR-2015 OAK LN,,31,39.91733889,-75.29620556,0,33,0,0,1,1,0,4,3,1,0,1,0,0000000,99,99,99,99,99,99,0,0,0,1,0
42,420776,2,2,0,0,0,4,4,71,0,5,8,2012,1,11,21,0,5,3,SR-3017 SAFE HARBORD RD,,85,39.95758611,-76.39799444,0,12,2,0,1,1,0,1,1,1,0,1,0,0000000,99,99,99,99,88,88,0,0,0,1,0
42,420777,3,3,0,0,0,4,4,71,0,27,8,2012,2,6,53,1,12,2,US-30 LINCOLN HW,,144,40.06131389,-76.27855833,0,12,7,0,1,1,0,1,1,1,0,1,0,0000000,99,99,99,99,99,99,0,0,0,1,0
42,420778,1,1,0,0,0,1,1,25,3995,4,8,2012,7,18,15,0,3,3,SR-3012 LENTZ TR,,49,40.84731389,-75.79905,0,42,0,0,1,1,0,5,1,1,0,1,0,0000000,99,99,99,99,99,99,0,0,0,1,0
42,420779,1,1,0,2,2,1,1,101,6540,29,8,2012,4,22,52,1,13,2,US-1 ROOSEVELT BL,,61,40.05575,-75.04806389,0,8,0,0,1,1,0,1,3,1,0,1,0,0000000,22,50,22,56,23,24,0,0,0,1,1
42,420780,1,1,0,1,1,1,1,101,6540,27,8,2012,2,10,50,1,13,3,SR-1004 ERIE AV,L ST,33,40.00559167,-75.10328056,0,8,0,0,3,2,0,1,1,2,0,2,1,0000000,10,50,10,51,11,17,0,0,0,1,0
42,420781,1,1,0,1,1,2,2,17,0,18,8,2012,7,23,26,1,13,3,SR-132 STREET RD,,135,40.10426944,-74.95047222,0,8,0,0,8,1,0,1,3,1,0,1,0,0000000,99,99,99,99,99,99,0,0,0,1,0
42,420782,4,4,0,0,0,11,11,77,110,15,8,2012,4,10,23,1,11,1,I-78,,576,40.56441389,-75.48368889,0,12,1,0,1,1,0,1,1,1,0,1,0,0000000,99,99,99,99,99,99,0,0,0,1,0
42,420783,1,1,0,0,0,1,1,11,0,3,8,2012,6,14,4,1,12,3,SR-12 WARREN ST BP,,21,40.3702,-75.93067222,0,35,0,0,1,1,0,5,1,1,0,1,0,0000000,99,99,99,99,99,99,0,0,0,1,0
42,420784,1,1,0,0,0,1,1,17,0,25,8,2012,7,16,35,1,2,3,SR-309 BETHLEHEM PK,,79,40.37710833,-75.33033333,0,1,0,0,1,1,0,1,1,1,0,1,0,0000000,99,99,99,99,99,99,0,0,0,1,0
42,420785,1,1,0,0,0,1,1,7,0,23,8,2012,5,22,42,0,5,3,SR-4002 TAGGART RD,,11,40.83506111,-80.49927222,0,32,0,0,1,1,0,4,2,1,0,1,0,0000000,22,41,22,54,88,88,0,0,0,1,1
42,420786,1,1,0,0,0,1,1,37,740,2,8,2012,5,19,41,0,16,6,FORT MCCLURE BL,,0,40.97861944,-76.46691111,0,43,0,0,1,1,0,5,1,1,0,1,0,0000000,99,99,99,99,88,88,0,0,0,1,1
42,420787,1,1,0,0,0,6,6,47,7300,6,8,2012,2,22,25,0,4,3,SR-1001 GLEN HAZEL RD,,69,41.48801111,-78.58591111,0,5,0,0,8,1,0,1,2,1,0,1,0,0000000,99,99,99,99,99,99,0,0,0,1,0
42,420788,1,1,0,0,0,4,4,91,0,30,8,2012,5,21,50,1,11,1,I-276 EAST/WEST PK,,3440,40.16320278,-75.09998611,0,25,0,0,1,1,0,4,2,1,0,1,0,0000000,21,54,22,1,22,18,0,0,0,1,0
42,420789,1,1,0,0,0,2,2,101,6540,30,8,2012,5,8,53,1,13,2,US-13 BALTIMORE AV,,9,39.94778333,-75.231025,0,33,0,0,1,1,0,4,1,1,0,1,0,0000000,8,53,8,55,9,31,0,0,0,1,0
42,420790,1,1,0,0,0,1,1,101,6540,12,8,2012,1,1,50,1,12,3,SR-63 WOODHAVEN RD,SR-8029 RAMP M RD,21,40.08601944,-74.97018889,0,24,0,1,5,1,0,8,3,1,0,1,0,0000000,1,53,1,59,88,88,0,0,0,1,1
42,420791,2,1,1,2,2,1,1,45,1270,15,8,2012,4,14,55,0,14,3,SR-3001 KERLIN ST,,2,39.85130556,-75.37349722,0,14,0,0,1,1,1,7,1,1,0,1,0,0000000,99,99,99,99,99,99,15,0,0,1,0
42,420792,1,1,0,0,0,1,1,79,0,17,9,2012,2,14,25,1,1,1,I-80,,2496,41.01886944,-76.17234722,0,24,0,0,1,1,0,2,1,1,0,1,0,0000000,99,99,99,99,88,88,0,0,0,1,0
42,420793,1,1,0,0,0,1,1,109,0,17,9,2012,2,9,28,0,4,3,SR-204,,29,40.84916667,-76.87938333,0,30,0,0,1,1,0,5,1,1,0,1,0,0000000,9,29,9,34,88,88,0,0,0,1,0
42,420794,1,1,0,0,0,1,1,33,0,24,9,2012,2,7,0,1,1,1,I-80 Z H CONFAIR MEMORIAL HW,,1188,41.041375,-78.41260833,0,24,0,0,1,1,0,2,4,1,0,1,0,0000000,99,99,99,99,88,88,0,0,0,1,0
42,420795,1,1,0,0,0,1,1,1,0,18,9,2012,3,17,40,0,4,3,SR-3011 CASHTOWN RD,,108,39.91745833,-77.31152778,0,59,0,0,1,1,0,4,1,2,0,2,0,0000000,99,99,99,99,88,88,0,0,0,1,1
42,420796,1,1,0,0,0,1,1,97,7811,27,9,2012,5,9,56,0,4,3,SR-4012 SNYDERTOWN RD,,50,40.87849722,-76.69416944,0,42,0,0,1,1,0,5,1,1,0,1,0,0000000,9,57,10,5,88,88,0,0,0,1,0
42,420797,1,1,0,0,0,1,1,65,0,22,9,2012,7,23,7,0,4,3,SR-1009 STEVENSON HILL RD,,50,41.18797778,-78.85033889,0,42,0,0,1,1,0,4,2,1,0,1,0,0000000,99,99,99,99,88,88,4,0,0,1,1
42,420798,1,1,0,0,0,2,2,119,0,30,9,2012,1,2,35,1,2,2,US-15 MARINE CORPS LEAG MEM HW,,188,41.13381111,-76.91411667,0,59,0,0,1,1,0,4,2,1,0,1,0,0000000,99,99,99,99,99,99,0,0,0,1,1
42,420799,1,1,0,0,0,1,1,133,9610,16,9,2012,1,3,24,0,16,6,PENNSYLVANIA AV,,0,39.96981389,-76.74253333,0,33,0,0,1,1,0,4,3,1,0,1,0,0000000,99,99,99,99,99,99,20,0,0,1,0
42,420800,1,1,0,0,0,1,1,125,0,6,9,2012,5,16,10,1,11,1,I-70,,179,40.1874,-80.23828611,0,35,0,0,1,1,0,4,1,1,0,1,0,0000000,99,99,99,99,99,99,0,0,0,1,0
42,420801,1,1,0,0,0,2,2,21,0,12,9,2012,4,7,29,0,6,5,ALLIE BUCK RD,,0,40.50048056,-78.8131,0,42,0,0,1,1,0,5,1,1,0,1,0,0000000,7,29,99,99,99,99,0,0,0,1,0