STATE,ST_CASE,VE_TOTAL,VE_FORMS,PVH_INVL,PEDS,PERNOTMVIT,PERMVIT,PERSONS,COUNTY,CITY,DAY,MONTH,YEAR,DAY_WEEK,HOUR,MINUTE,NHS,ROAD_FNC,ROUTE,TWAY_ID,TWAY_ID2,MILEPT,LATITUDE,LONGITUD,SP_JUR,HARM_EV,MAN_COLL,RELJCT1,RELJCT2,TYP_INT,WRK_ZONE,REL_ROAD,LGT_COND,WEATHER1,WEATHER2,WEATHER,SCH_BUS,RAIL,NOT_HOUR,NOT_MIN,ARR_HOUR,ARR_MIN,HOSP_HR,HOSP_MN,CF1,CF2,CF3,FATALS,DRUNK_DR
42,420802,1,1,0,0,0,5,5,89,0,16,9,2012,1,21,0,1,1,1,I-380,,61,41.15493889,-75.41340556,0,42,0,0,1,1,0,5,2,1,0,1,0,0000000,99,99,99,99,99,99,0,0,0,1,0
42,420803,1,1,0,0,0,1,1,19,0,8,9,2012,7,19,28,0,6,5,YELLOW CREEK RD,,0,40.89763611,-80.099775,0,42,0,0,1,1,0,4,1,1,0,1,0,0000000,99,99,99,99,88,88,4,0,0,1,1
42,420804,1,1,0,0,0,2,2,113,0,3,9,2012,2,22,15,0,4,3,SR-487,,161,41.50990556,-76.37690556,0,18,0,0,1,1,0,4,2,5,0,5,0,0000000,22,10,22,20,23,21,0,0,0,1,1
42,420805,2,2,0,0,0,3,3,117,0,9,8,2012,5,15,10,0,4,3,SR-249,,5,41.84942778,-77.28156944,0,12,11,0,1,1,0,1,1,2,0,2,0,0000000,15,12,15,22,15,55,0,0,0,2,0
42,420806,2,2,0,0,0,3,3,55,0,14,9,2012,6,21,19,1,2,2,US-30 LINCOLN WY,SR-997 ANTHONY HW,258,39.90616389,-77.520775,0,12,2,0,2,3,0,1,3,1,0,1,0,0000000,99,99,99,99,99,99,0,0,0,1,0
42,420807,1,1,0,0,0,1,1,59,0,16,9,2012,1,3,0,0,4,3,SR-3001 DAY RD,,261,39.95996944,-80.51609444,0,24,0,0,1,1,0,2,2,1,0,1,0,0000000,99,99,99,99,88,88,4,0,0,1,1
42,420808,4,4,0,0,0,4,4,95,0,16,9,2012,1,1,57,1,11,1,I-78,,721,40.64372222,-75.26114167,0,12,1,0,1,1,0,1,2,1,0,1,0,0000000,99,99,99,99,99,99,14,0,0,1,0
42,420809,1,1,0,1,1,2,2,101,6540,15,9,2012,7,19,0,1,13,3,SR-3003 UNIVERSITY AV,SR-8018 RAMP RD,21,39.94413056,-75.19701389,4,9,0,1,5,1,0,1,1,1,0,1,0,0000000,99,99,99,99,99,99,0,0,0,1,0
42,420810,2,2,0,0,0,3,3,133,0,18,7,2012,4,17,26,0,4,3,SR-216 STICKS RD,,110,39.74772778,-76.79414444,0,12,6,0,1,1,0,1,1,2,0,2,0,0000000,99,99,99,99,99,99,19,0,0,1,0
42,420811,2,2,0,0,0,3,3,133,0,21,9,2012,6,16,39,0,6,5,INTERMEDIATE AV,FREDERICK CT,0,39.99951389,-76.85554722,0,12,11,0,2,3,0,1,1,1,0,1,0,0000000,99,99,99,99,99,99,0,0,0,1,0
42,420812,2,2,0,0,0,2,2,65,0,10,9,2012,2,16,40,0,3,2,US-322 TWENTYEIGHTH DIVISIO HW,SR-3035 MENDENHALL RD,41,41.17477778,-79.13403611,0,12,6,0,2,3,0,1,1,1,0,1,0,0000000,99,99,99,99,88,88,0,0,0,1,0
42,420813,2,2,0,0,0,6,6,129,0,12,9,2012,4,15,10,0,15,3,SR-1022 GARFIELD RD,SR-1026 UNITY ST,92,40.31520556,-79.395075,0,12,6,0,2,3,0,1,1,1,0,1,0,0000000,15,10,15,13,16,10,0,0,0,1,0
42,420814,3,3,0,0,0,4,4,17,0,1,9,2012,7,18,19,0,15,3,SR-4003,PARK RD,8,40.31500556,-75.21065556,0,12,6,0,2,2,0,1,1,1,0,1,0,0000000,18,19,18,27,99,99,4,0,0,1,0
42,420815,2,2,0,0,0,3,3,71,0,16,9,2012,1,21,20,0,5,3,SR-1010 LANCASTER AV,,95,40.15351667,-76.07676944,0,12,2,0,1,1,0,1,2,1,0,1,0,0000000,99,99,99,99,99,99,0,0,0,1,0
42,420816,2,2,0,0,0,2,2,77,0,25,9,2012,3,15,14,1,13,2,US-222,KROCKS RD,73,40.56599167,-75.56456667,0,12,6,0,2,2,0,1,1,1,0,1,0,0000000,99,99,99,99,99,99,0,0,0,1,0
42,420817,1,1,0,0,0,2,2,3,0,30,9,2012,1,2,13,1,13,3,SR-8 WILLIAM FLYNN HW,,87,40.51371389,-79.95127222,0,33,0,0,1,1,0,4,3,1,0,1,0,0000000,2,14,2,19,2,38,0,0,0,1,1
42,420818,1,1,0,0,0,1,1,129,0,1,9,2012,7,0,40,1,13,3,SR-51,,61,40.19618611,-79.82852222,0,11,0,0,1,1,0,1,2,1,0,1,0,0000000,0,41,0,48,0,56,0,0,0,1,1
42,420819,1,1,0,0,0,1,1,33,0,7,9,2012,6,18,30,0,14,3,SR-4009 SALEM RD,,2,41.05129722,-78.75804722,0,53,0,0,1,1,0,4,1,1,0,1,0,0000000,88,88,88,88,88,88,0,0,0,1,1
42,420820,1,1,0,0,0,5,5,107,0,4,8,2012,7,2,15,1,1,1,I-80 AMERICAN LEGION MEM HW,,1186,40.73451944,-76.30701111,0,35,0,0,1,1,0,3,2,1,0,1,0,0000000,99,99,99,99,99,99,0,0,0,3,0
42,420821,1,1,0,0,0,1,1,101,6540,8,9,2012,7,2,8,1,11,1,I-95 DELAWARE EX,,286,40.01813611,-75.04773611,0,25,0,0,1,1,0,4,3,1,0,1,0,0000000,2,9,2,16,88,88,0,0,0,1,1
42,420822,1,1,0,0,0,1,1,77,0,22,9,2012,7,20,4,0,14,3,SR-329 OLD POST RD,,19,40.68146389,-75.57788611,0,1,0,0,1,1,0,2,2,2,0,2,0,0000000,88,88,88,88,88,88,0,0,0,1,1
42,420823,1,1,0,0,0,2,2,81,0,11,7,2012,4,14,55,0,6,3,SR-2079 MORDAN HOLLOW RD,,14,41.27091389,-76.51674167,0,42,0,0,1,1,0,5,1,1,0,1,0,0000000,99,99,99,99,99,99,0,0,0,1,0
42,420824,1,1,0,0,0,1,1,29,0,9,9,2012,1,17,44,0,14,3,SR-4005 CALN RD,,56,39.99753611,-75.78849722,0,30,0,0,1,1,0,5,1,1,0,1,0,0000000,17,45,17,49,88,88,0,0,0,1,1
42,420825,1,1,0,0,0,1,1,9,0,30,9,2012,1,4,50,0,3,3,SR-31 ALLEGHENY RD,,87,40.02361944,-78.57334444,0,35,0,0,1,1,0,4,2,2,0,2,0,0000000,4,49,5,3,5,45,0,0,0,1,1
42,420826,1,1,0,0,0,1,1,13,0,12,7,2012,5,3,20,1,1,1,I-99 BUD SHUSTER HW,,528,40.71753056,-78.16861944,0,1,0,0,1,1,0,1,2,1,0,1,0,0000000,99,99,99,99,88,88,0,0,0,1,0
42,420827,1,1,0,0,0,1,1,129,0,6,9,2012,5,0,59,0,5,3,SR-2016 YOUNGSTOWN RIDGE AV,,17,40.26940556,-79.33570556,0,35,0,0,1,1,0,4,2,1,0,1,0,0000000,1,1,1,8,88,88,4,0,0,1,1
42,420828,1,1,0,0,0,2,2,19,0,6,9,2012,5,15,50,0,4,3,SR-2007 SAXONBURG BL,,11,40.68643056,-79.83288889,0,42,0,0,1,1,0,5,1,1,0,1,1,0000000,15,50,15,58,16,43,0,0,0,1,0
42,420829,1,1,0,0,0,1,1,127,0,1,9,2012,7,18,47,0,6,5,BRACE BROOK RD,,0,41.71605,-75.46004722,0,42,0,0,1,1,0,4,1,1,0,1,0,0000000,18,48,19,0,88,88,4,0,0,1,1
42,420830,1,1,0,0,0,1,1,129,0,13,9,2012,5,19,0,0,3,3,SR-711 STAHLSTOWN LIGONIER RD,,95,40.19996389,-79.26475278,0,30,0,0,1,1,0,5,1,1,0,1,0,0000000,99,99,99,99,88,88,0,0,0,1,0
42,420831,2,2,0,0,0,7,7,119,0,29,9,2012,7,23,15,0,3,3,SR-45 OLD TURNPIKE RD,SR-1001 JOHNSON MILL RD,174,40.94528333,-76.96642778,0,12,6,0,3,3,0,1,2,1,0,1,0,0000000,23,7,23,15,23,55,0,0,0,1,1
42,420832,1,1,0,0,0,1,1,11,0,25,9,2012,3,9,17,0,4,3,SR-1021 NOBLE ST,,79,40.49423056,-75.76253611,0,30,0,0,1,1,0,5,1,1,0,1,0,0000000,99,99,99,99,88,88,0,0,0,1,1
42,420833,1,1,0,0,0,1,1,129,0,1,9,2012,7,14,32,0,16,5,RIDGE RD,,0,40.1423,-79.81808889,0,35,0,0,1,1,0,5,1,1,0,1,0,0000000,14,32,14,40,88,88,4,0,0,1,0
42,420834,1,1,0,0,0,1,1,121,0,1,9,2012,7,16,55,0,6,5,BEAGLE CLUB RD,,0,41.51087778,-79.90895833,0,42,0,0,1,1,0,4,1,1,0,1,0,0000000,99,99,99,99,88,88,4,0,0,1,1
42,420835,2,2,0,0,0,5,5,9,0,13,9,2012,5,22,26,0,3,2,US-30 LINCOLN HW,SR-1033 SUNNYSIDE EX,171,40.02010278,-78.48410278,0,12,6,0,2,2,0,1,2,1,0,1,0,0000000,99,99,99,99,99,99,0,0,0,1,0
42,420836,2,2,0,0,0,2,2,71,0,24,9,2012,2,11,17,0,6,3,SR-1019 SHIRKTOWN RD,LITTLE HILL RD,13,40.12945833,-75.93427778,0,12,6,0,2,3,0,1,1,1,0,1,0,0000000,99,99,99,99,99,99,0,0,0,1,0
42,420837,1,1,0,1,1,3,3,37,0,12,7,2012,5,9,40,0,6,5,OLD READING RD,CREEK RD,0,40.95335278,-76.44742222,0,9,0,0,2,3,0,1,1,1,0,1,0,0000000,9,42,9,49,10,18,16,0,0,1,0
42,420838,2,2,0,0,0,3,3,111,0,28,7,2012,7,14,45,0,4,3,SR-160 CUMBERLAND HW,SR-2011,63,39.77045278,-78.91246389,0,12,1,0,3,3,0,1,1,1,0,1,0,0000000,99,99,99,99,99,99,0,0,0,1,0
42,420839,1,1,0,0,0,2,2,83,840,9,8,2012,5,9,1,0,16,6,KING ST,HIGH ST,0,41.95225278,-78.64304444,0,19,0,0,3,3,0,5,1,1,0,1,0,0000000,99,99,99,99,99,99,0,0,0,1,0
42,420840,1,1,0,0,0,1,1,103,0,4,8,2012,7,14,57,0,3,2,US-6 G.A.R.HW,,136,41.39328056,-74.96869167,0,24,0,0,1,1,0,2,1,1,0,1,0,0000000,15,2,15,17,16,38,0,0,0,1,0
42,420841,1,1,0,1,1,2,2,39,0,21,8,2012,3,22,30,0,14,3,SR-27,,19,41.63605,-80.11677778,0,35,0,0,1,1,0,5,2,1,0,1,0,0000000,22,39,22,43,99,99,0,0,0,1,0
42,420842,2,1,1,0,0,1,1,91,0,8,9,2012,7,2,29,1,13,3,SR-309 BETHLEHEM PK,,182,40.286475,-75.26370556,0,33,0,0,1,1,0,3,2,1,0,1,0,0000000,99,99,99,99,99,99,0,0,0,1,1
42,420843,2,1,1,1,2,1,2,55,0,14,9,2012,6,11,52,0,3,3,SR-16 BUCHANAN TR,,123,39.80518056,-77.81054167,0,8,0,0,1,1,4,1,1,1,0,1,0,0000000,99,99,99,99,99,99,0,0,0,1,0
42,420844,1,1,0,0,0,1,1,125,1803,19,9,2012,4,23,36,0,4,3,SR-4029 CROSSCREEK RD,,14,40.29148889,-80.44750833,0,30,0,0,1,1,0,5,2,1,0,1,0,0000000,88,88,88,88,88,88,0,0,0,1,1
42,420845,1,1,0,0,0,1,1,129,0,21,9,2012,6,10,45,1,2,2,US-22 WILLIAM PENN HW,,122,40.39693056,-79.48273889,0,43,0,0,1,1,0,5,1,1,0,1,0,0000000,10,49,10,53,11,49,0,0,0,1,1
42,420846,1,1,0,0,0,1,1,81,9380,20,9,2012,5,2,0,0,16,6,FOURTH ST,HEPBURN ST,0,41.24011389,-77.00653889,0,1,0,0,2,7,0,4,3,1,0,1,0,0000000,2,1,2,5,2,32,0,0,0,1,1
42,420847,1,1,0,1,1,1,1,7,0,6,9,2012,5,10,11,0,16,3,SR-4021 SHENANGO RD,,12,40.75673889,-80.37398056,0,8,0,0,1,1,0,1,1,1,0,1,0,0000000,88,88,88,88,88,88,0,0,0,1,1
42,420848,1,1,0,0,0,2,2,51,0,15,9,2012,7,3,10,0,4,3,SR-4010 UPPER MIDDLETOWN RD,OLD ROUTE 51 RD,59,39.96659444,-79.75624722,0,30,0,0,2,2,0,5,2,1,0,1,0,0000000,3,4,3,12,3,26,0,0,0,1,1
42,420849,2,2,0,0,0,2,2,49,2640,17,9,2012,2,6,40,1,13,2,US-19 PEACH ST,SR-4014 GRANDVIEW BL,163,42.08644444,-80.08733611,0,12,2,0,3,2,0,1,4,1,0,1,0,0000000,99,99,99,99,99,99,0,0,0,1,0
42,420850,2,2,0,0,0,2,2,11,800,4,9,2012,3,15,23,0,14,3,SR-2067 NORTH READING AV,SPRING ST,3,40.33738056,-75.63378056,0,12,6,0,2,3,0,1,1,1,0,1,0,0000000,99,99,99,99,88,88,0,0,0,1,0
42,420851,3,3,0,0,0,3,3,1,0,14,9,2012,6,21,17,1,2,2,US-30 CHAMBERSBURG RD,,25,39.89756944,-77.42449167,0,12,8,0,1,1,0,1,2,1,0,1,0,0000000,99,99,99,99,99,99,0,0,0,1,1
42,420852,2,2,0,0,0,3,3,17,0,19,9,2012,4,19,34,0,15,3,SR-2027 NEWPORTVILLE RD,NESHAMINY RD,3,40.09821111,-74.90673889,0,12,6,0,2,3,0,1,5,1,0,1,0,0000000,99,99,99,99,99,99,0,0,0,1,2
42,420853,2,2,0,0,0,4,4,41,0,23,9,2012,1,16,48,0,15,3,SR-1004 VALLEY RD,PINE HILL RD,9,40.29662778,-76.96346389,0,12,1,0,3,2,0,1,1,1,0,1,0,0000000,99,99,99,99,99,99,0,0,0,1,0
42,420854,2,2,0,0,0,3,3,49,0,25,9,2012,3,16,25,1,13,2,US-20 TWENTYSIXTH ST,SR-4015 ZUCK RD,231,42.09018611,-80.13226944,0,12,6,0,2,3,0,1,1,1,0,1,0,0000000,99,99,99,99,99,99,0,0,0,1,0
42,420855,2,2,0,0,0,3,3,51,0,18,9,2012,3,19,5,1,13,2,US-119 MEMORIAL BL,,343,40.10471111,-79.55618056,0,12,1,0,1,1,0,1,5,2,0,2,0,0000000,99,99,99,99,99,99,0,0,0,1,0
42,420856,2,2,0,0,0,2,2,125,0,18,9,2012,3,15,47,1,11,1,I-79,,456,40.27150556,-80.159175,0,12,6,0,1,1,0,1,1,2,0,2,0,0000000,15,47,15,54,88,88,0,0,0,1,0
42,420857,2,2,0,0,0,5,5,63,0,18,9,2012,3,10,2,0,5,3,SR-2023 LUCERNE RD,,8,40.5634,-79.15403056,0,12,2,0,1,1,0,1,1,2,0,2,0,0000000,10,2,10,7,10,28,0,0,0,1,0
42,420858,1,1,0,0,0,1,1,17,0,16,9,2012,1,13,34,0,5,3,SR-1015 UPPER TINICUM CHURC RD,,5,40.51126111,-75.08041389,0,42,0,0,1,1,0,5,1,1,0,1,0,0000000,99,99,99,99,88,88,4,22,0,1,1
42,420859,1,1,0,0,0,3,3,15,7410,25,9,2012,3,14,23,0,16,6,ELLISTOWN RD,CAYUTA ST,0,41.99343333,-76.51668889,0,33,0,0,3,3,0,4,1,1,0,1,0,0000000,99,99,99,99,99,99,0,0,0,1,0
42,420860,2,2,0,0,0,4,4,3,6190,1,9,2012,7,17,29,1,13,3,SR-2073 ALLEGHENY AV,,28,40.52223889,-79.84254722,0,12,1,0,1,1,0,1,1,1,0,1,0,0000000,17,37,17,38,18,15,0,0,0,1,0
42,420861,5,1,4,0,0,1,1,101,6540,16,9,2012,1,5,0,1,13,3,SR-3019 ESSINGTON AV,,6,39.89723889,-75.22713056,0,43,0,0,1,1,0,5,3,1,0,1,0,0000000,5,8,5,13,88,88,14,0,0,1,0
42,420862,4,4,0,0,0,8,8,35,0,30,9,2012,1,15,10,0,14,3,SR-150 HOGAN BL,,70,41.11624444,-77.47674444,0,12,1,0,8,1,0,1,1,1,0,1,0,0000000,15,10,15,13,15,32,0,0,0,1,1
42,420863,2,2,0,0,0,3,3,95,0,5,9,2012,4,9,42,0,6,5,HANOVERVILLE RD,,0,40.69185278,-75.33992222,0,12,2,0,1,1,0,1,1,1,0,1,0,0000000,99,99,99,99,99,99,0,0,0,2,0
42,420864,2,2,0,0,0,2,2,91,0,14,9,2012,6,9,46,1,13,2,US-202 DEKALB PK,CHERRY LN,86,40.16172222,-75.29549444,0,12,6,0,3,3,0,1,1,1,0,1,0,0000000,9,46,9,49,10,6,0,0,0,1,0
42,420865,2,2,0,0,0,1,1,17,0,15,9,2012,7,22,52,0,6,5,GABLE HILL RD,,0,40.146975,-74.85059722,0,12,2,0,1,1,0,1,3,1,0,1,0,0000000,99,99,99,99,88,88,0,0,0,1,1
42,420866,2,2,0,0,0,3,3,95,420,23,9,2012,1,13,56,0,14,3,SR-512 MARKET ST,,203,40.86717778,-75.21031944,0,12,1,0,1,1,0,1,1,1,0,1,0,0000000,99,99,99,99,99,99,0,0,0,2,0
42,420867,1,1,0,0,0,3,3,17,615,3,9,2012,2,22,25,1,12,2,US-1 LINCOLN HW,,3,40.12321111,-74.97493889,0,24,0,0,1,1,0,3,2,1,0,1,0,0000000,22,25,22,34,99,99,0,0,0,1,0
42,420868,1,1,0,1,1,1,1,77,0,4,9,2012,3,5,36,0,4,3,SR-8009 RAMP HJ RD,,11,40.57118611,-75.54192222,0,8,0,1,5,1,0,1,1,1,0,1,0,0000000,99,99,99,99,99,99,16,0,0,1,0
42,420869,1,1,0,0,0,1,1,37,0,26,9,2012,4,18,56,0,4,3,SR-1022 ZANERS BRIDGE RD,,29,41.12964167,-76.3727,0,42,0,0,1,1,0,4,5,2,0,2,0,0000000,88,88,88,88,88,88,0,0,0,1,0
42,420870,1,1,0,1,1,1,1,17,0,9,9,2012,1,13,36,0,15,3,SR-2027 NEWPORTVILLE RD,,17,40.11799167,-74.90239722,0,9,0,0,1,1,0,1,1,1,0,1,0,0000000,13,37,13,44,14,5,16,0,0,1,0
42,420871,1,1,0,1,1,1,1,107,4770,11,9,2012,3,9,4,0,6,3,SR-0054 CENTRE ST,SR-1010 MAIN ST,144,40.81272778,-76.14169444,0,8,0,0,2,2,0,1,1,1,0,1,0,0000000,99,99,99,99,99,99,0,0,0,1,0
42,420872,1,1,0,0,0,2,2,33,0,2,9,2012,1,1,15,0,6,5,RIDGE RD,,0,40.99918889,-78.71661667,0,1,0,0,1,1,0,4,2,1,0,1,0,0000000,99,99,99,99,99,99,0,0,0,1,1
42,420873,2,1,1,0,0,1,1,43,0,20,9,2012,5,1,30,0,5,3,SR-443 MOUNTAIN RD,,110,40.40248333,-76.72489444,0,35,0,0,1,1,0,5,2,1,0,1,0,0000000,88,88,88,88,88,88,14,0,0,1,1
42,420874,2,2,0,0,0,3,3,101,6540,23,9,2012,1,20,30,1,13,3,SR-611 BROAD ST,SR-2016 ALLEGHENY AV,46,40.00158333,-75.15279722,0,12,6,0,2,2,0,1,3,1,0,1,0,0000000,20,36,20,42,21,11,0,0,0,2,1
42,420875,1,1,0,0,0,1,1,89,0,6,9,2012,5,22,47,0,6,5,STONY HOLLOW RD,,0,41.07698889,-75.50598611,0,21,0,0,1,1,0,4,2,1,0,1,0,0000000,99,99,99,99,88,88,0,0,0,1,0
42,420876,2,2,0,0,0,2,2,73,0,4,9,2012,3,10,35,1,2,2,US-422 BENJAMIN FRANKLIN HW,HARBOR RD,75,41.03253056,-80.39876389,0,12,6,0,2,3,1,1,1,1,0,1,0,0000000,99,99,99,99,99,99,0,0,0,1,0
42,420877,1,1,0,1,1,3,3,109,0,11,9,2012,3,15,49,1,2,2,US-522,,224,40.806475,-76.95513333,0,8,0,0,1,1,0,1,1,1,0,1,0,0000000,15,50,15,57,88,88,0,0,0,1,0
42,420878,1,1,0,0,0,1,1,77,0,2,9,2012,1,17,33,0,6,5,SHANKWEILER RD,,0,40.63946111,-75.59848333,0,38,0,0,1,1,0,5,1,1,0,1,0,0000000,99,99,99,99,88,88,0,0,0,1,0
42,420879,1,1,0,0,0,1,1,45,0,18,9,2012,3,5,47,0,6,5,DELMAR RD,,0,39.92695556,-75.31013611,0,30,0,0,1,1,0,4,3,2,0,2,0,0000000,99,99,99,99,88,88,0,0,0,1,0
42,420880,3,3,0,0,0,4,4,13,0,27,9,2012,5,19,16,0,14,3,SR-36 WOODBURY PK,,71,40.36246667,-78.42098333,0,12,6,0,1,1,0,1,2,2,0,2,0,0000000,19,22,19,33,99,99,0,0,0,1,0
42,420881,1,1,0,1,1,1,1,43,0,10,9,2012,2,20,17,0,14,3,SR-441 EISENHOWER BL,,109,40.239075,-76.80484444,0,8,0,0,1,1,0,1,2,1,0,1,0,0000000,99,99,99,99,99,99,0,0,0,1,0
42,420882,1,1,0,1,1,1,1,45,0,29,9,2012,7,19,5,0,15,3,SR-1009 LANDOVER RD,,8,40.01383611,-75.32609722,0,8,0,0,1,1,0,1,3,1,0,1,0,0000000,99,99,99,99,99,99,0,0,0,1,0
42,420883,1,1,0,0,0,2,2,59,8930,25,9,2012,3,15,11,0,16,6,7TH ST,WOODLAND AV,0,39.89971667,-80.17664722,0,33,0,0,3,3,0,4,1,1,0,1,0,0000000,15,15,15,18,16,22,22,0,0,2,0
42,420884,1,1,0,0,0,1,1,19,0,12,9,2012,4,21,42,0,14,3,SR-2019,,2,40.67164167,-79.69648611,0,1,0,0,1,1,1,1,2,1,0,1,0,0000000,21,41,21,48,22,30,0,0,0,1,0
42,420885,1,1,0,0,0,1,1,3,0,3,9,2012,2,0,20,1,12,3,SR-28 ALLEGHENY VALLEY EX,,100,40.51189167,-79.85442778,0,1,0,0,1,1,0,4,2,1,0,1,0,0000000,99,99,99,99,99,99,0,0,0,1,1
42,420886,2,2,0,0,0,3,3,101,6540,17,9,2012,2,14,57,0,14,3,SR-1007 STATE RD,,34,40.03468056,-75.015675,0,12,2,0,1,1,0,1,1,1,0,1,0,0000000,14,57,15,1,15,32,0,0,0,1,0
42,420887,2,2,0,0,0,2,2,129,0,24,9,2012,2,16,21,0,4,3,SR-2012 ARMBURST BRINKERTON RD,,49,40.224075,-79.53829167,0,12,1,0,1,1,0,1,1,1,0,1,1,0000000,16,21,16,48,88,88,0,0,0,1,0
42,420888,3,3,0,0,0,3,3,3,0,23,9,2012,1,0,23,1,12,3,SR-28 EAST OHIO ST,,38,40.48895278,-79.95393889,0,12,7,0,1,1,0,1,3,1,0,1,0,0000000,0,23,0,32,0,58,0,0,0,1,0
42,420889,3,3,0,0,0,3,3,91,0,27,9,2012,5,8,53,1,13,3,SR-309 BETHLEHEM PK,,174,40.27433889,-75.25892222,0,12,2,0,1,1,0,1,1,2,0,2,0,0000000,8,54,9,1,9,40,0,0,0,1,0
42,420890,1,1,0,0,0,4,4,119,0,14,9,2012,6,8,45,0,4,3,SR-304,,69,40.88404167,-76.956125,0,35,0,0,1,1,0,4,1,1,0,1,0,0000000,8,48,8,57,10,51,0,0,0,1,0
42,420891,1,1,0,0,0,1,1,99,0,20,9,2012,5,18,25,1,2,2,US-22 WILLIAM PENN HW,,52,40.50122778,-77.12881111,0,35,0,0,1,1,0,4,1,1,0,1,0,0000000,99,99,99,99,99,99,0,0,0,1,1
42,420892,1,1,0,0,0,1,1,69,0,11,9,2012,3,14,50,1,13,2,US-6 CHRISTY MATHEWSON HW,,4,41.5635,-75.76838333,0,34,0,0,1,1,0,4,1,1,0,1,0,0000000,14,47,14,52,15,30,0,0,0,1,0
42,420893,1,1,0,1,1,1,1,37,0,16,9,2012,1,5,30,0,6,5,RIDGE RD,,0,41.04367778,-76.37805556,0,8,0,0,1,1,0,1,2,5,0,5,0,0000000,99,99,99,99,99,99,4,0,0,1,1
42,420894,2,2,0,0,0,3,3,79,0,2,9,2012,1,0,18,1,13,3,SR-315 DUPONT HW,,55,41.30790278,-75.76260278,0,12,6,0,4,1,0,1,3,1,0,1,0,0000000,0,18,0,28,99,96,0,0,0,2,1
42,420895,2,2,0,0,0,3,3,91,0,10,9,2012,2,13,2,0,14,3,SR-2018 BETHLEHEM PK,HAGUES MILL RD,53,40.16264722,-75.21699722,0,12,6,0,2,2,0,1,1,1,0,1,0,0000000,88,88,88,88,88,88,0,0,0,1,0
42,420896,1,1,0,4,4,1,1,77,0,10,9,2012,2,15,26,0,14,3,SR-1004 RACE ST,,23,40.66115,-75.43608333,0,43,0,0,1,1,0,4,1,1,0,1,0,0000000,99,99,99,99,99,99,0,0,0,2,0
42,420897,3,3,0,0,0,3,3,55,0,13,9,2012,5,11,0,1,11,1,I-81 AMERICAN LEGION MEM HW,,16,39.74409444,-77.72840556,0,12,7,0,1,1,0,1,1,1,0,1,0,0000000,99,99,99,99,99,99,0,0,0,1,0
42,420898,1,1,0,0,0,1,1,9,0,5,10,2012,6,13,23,1,1,1,I-6000 PA TURNPIKE,,1304,39.97721944,-78.75092222,0,25,0,0,1,1,1,3,1,1,0,1,0,0000000,13,23,13,41,99,99,0,0,0,1,0
42,420899,1,1,0,0,0,1,1,1,0,25,10,2012,5,22,25,0,6,5,HILLTOWN RD,,0,39.89358611,-77.35858333,0,35,0,0,1,1,0,5,2,1,0,1,0,0000000,88,88,88,88,88,88,0,0,0,1,1
42,420900,2,2,0,0,0,2,2,91,0,10,9,2012,2,19,55,1,13,2,US-202  DEKALB PK,,119,40.199675,-75.25626389,0,12,1,0,8,1,0,1,5,1,0,1,0,0000000,19,58,20,2,20,27,0,0,0,1,0
42,420901,2,2,0,0,0,2,2,11,0,18,9,2012,3,15,43,0,4,3,SR-419 REHRERSBURG RD,,41,40.40484167,-76.20062222,0,12,2,0,1,1,0,1,1,2,0,2,0,0000000,99,99,99,99,99,99,5,0,0,1,0
42,420902,2,2,0,0,0,2,2,63,0,13,9,2012,5,6,45,0,3,3,SR-36 COLONEL DRAKE HW,,1,40.90128333,-78.80599167,0,12,6,0,1,1,0,2,1,1,0,1,0,0000000,6,57,7,10,88,88,0,0,0,1,1
42,420903,2,2,0,0,0,7,7,133,0,2,9,2012,1,11,18,0,15,3,SR-616 SEVEN VALLEY RD,LINTON TE,107,39.88631389,-76.78468889,0,12,6,0,2,3,0,1,1,1,0,1,0,0000000,99,99,99,99,99,99,0,0,0,1,0
42,420904,2,2,0,0,0,2,2,121,0,10,9,2012,2,21,53,1,2,3,SR-8 WILLIAM FLYNN HW,,2,41.17481944,-79.98571667,0,12,2,0,1,1,0,1,2,1,0,1,0,0000000,21,50,21,59,22,20,0,0,0,1,0
42,420905,2,2,0,0,0,2,2,127,0,30,9,2012,1,18,10,0,6,3,SR-4019 NILES POND RD,,14,41.66344167,-75.27366389,0,12,2,0,1,1,0,1,1,1,0,1,0,0000000,99,99,99,99,99,99,4,0,0,1,0
42,420906,2,2,0,0,0,2,2,17,0,18,9,2012,3,13,2,0,14,3,SR-2018 TRENTON RD,,19,40.16191111,-74.8854,0,12,6,0,1,1,0,1,1,1,0,1,0,0000000,13,3,13,5,13,32,0,0,0,1,0
42,420907,2,2,0,0,0,5,5,33,0,17,9,2012,2,9,57,0,4,3,SR-879 SHAWVILLE RD,AIRPORT RD,146,41.04340833,-78.39363889,0,12,6,0,2,3,0,1,1,1,0,1,0,0000000,99,99,99,99,99,99,0,0,0,2,0
42,420908,2,2,0,0,0,2,2,13,0,1,9,2012,7,20,12,0,6,5,HOMERS GAP RD,,0,40.56752778,-78.41157222,0,12,6,0,8,1,0,1,2,1,0,1,0,0000000,20,14,20,24,88,88,0,0,0,1,2
42,420909,3,3,0,0,0,5,5,11,6900,5,9,2012,4,15,26,1,13,2,US-222B BINGAMAN ST,,3,40.32761667,-75.93056389,0,12,2,0,1,1,0,1,1,1,0,1,0,0000000,99,99,99,99,99,99,0,0,0,1,0