STATE,ST_CASE,VE_TOTAL,VE_FORMS,PVH_INVL,PEDS,PERNOTMVIT,PERMVIT,PERSONS,COUNTY,CITY,DAY,MONTH,YEAR,DAY_WEEK,HOUR,MINUTE,NHS,ROAD_FNC,ROUTE,TWAY_ID,TWAY_ID2,MILEPT,LATITUDE,LONGITUD,SP_JUR,HARM_EV,MAN_COLL,RELJCT1,RELJCT2,TYP_INT,WRK_ZONE,REL_ROAD,LGT_COND,WEATHER1,WEATHER2,WEATHER,SCH_BUS,RAIL,NOT_HOUR,NOT_MIN,ARR_HOUR,ARR_MIN,HOSP_HR,HOSP_MN,CF1,CF2,CF3,FATALS,DRUNK_DR
42,420910,2,2,0,0,0,2,2,49,0,22,9,2012,7,5,16,0,3,2,US-20 RIDGE RD,,57,41.9638,-80.418225,0,12,1,0,1,1,0,1,2,2,0,2,0,0000000,99,99,99,99,88,88,0,0,0,1,1
42,420911,2,2,0,0,0,3,3,45,0,12,9,2012,4,0,0,1,11,1,I-95 VIETNAM VETERANS MEMOR HW,,68,39.86803333,-75.34049167,0,12,1,0,1,1,0,1,2,1,0,1,0,0000000,99,99,99,99,99,99,0,0,0,1,1
42,420912,2,2,0,0,0,3,3,71,0,9,9,2012,1,16,8,0,3,3,SR-441 RIVER RD,SR-23 MARIETTA AV,64,40.06084167,-76.53668056,0,12,6,0,2,2,0,1,1,1,0,1,0,0000000,99,99,99,99,99,99,0,0,0,1,0
42,420913,4,4,0,0,0,5,5,11,0,17,9,2012,2,18,1,0,4,3,SR-419 REHRERSBURG RD,,32,40.39283611,-76.19915556,0,12,2,0,1,1,0,1,1,1,0,1,0,0000000,99,99,99,99,99,99,0,0,0,1,1
42,420914,1,1,0,1,1,3,3,129,0,20,10,2012,7,21,35,0,14,3,SR-982 LATROBE ST,,125,40.29163333,-79.37143333,0,8,0,0,1,1,0,1,2,1,0,1,0,0000000,99,99,99,99,88,88,0,0,0,1,0
42,420915,1,1,0,0,0,3,3,79,0,14,10,2012,1,23,40,0,6,3,SR-2036 BALD MOUNTAIN RD,,6,41.25301111,-75.76193056,0,34,0,0,1,1,0,4,2,1,0,1,0,0000000,23,36,23,50,0,2,0,0,0,1,0
42,420916,1,1,0,0,0,1,1,111,5090,17,10,2012,4,12,0,0,4,3,SR-2047 GRANT ST,,16,39.81699167,-79.02976944,0,35,0,0,1,1,0,4,1,1,0,1,0,0000000,12,0,12,1,12,21,0,0,0,1,0
42,420917,1,1,0,0,0,1,1,125,0,29,10,2012,2,14,45,0,6,5,LETHERMAN BRIDGE RD,,0,40.1177,-80.09015278,0,38,0,0,1,1,0,5,1,2,0,2,0,0000000,14,52,15,3,88,88,0,0,0,1,0
42,420918,1,1,0,0,0,1,1,123,0,10,10,2012,4,19,4,0,6,5,PRESTON RD,,0,41.85823889,-79.1919,0,35,0,0,1,1,0,5,2,2,0,2,0,0000000,19,6,19,19,19,58,0,0,0,1,0
42,420919,1,1,0,0,0,1,1,13,0,14,10,2012,1,15,6,0,6,5,CRAWFORD RD,,0,40.61009167,-78.25136111,0,1,0,0,8,1,0,1,1,1,0,1,0,0000000,15,5,15,24,15,56,0,0,0,1,0
42,420920,1,1,0,0,0,1,1,119,0,31,10,2012,4,18,45,0,4,3,SR-192 BUFFALO RD,,66,40.98938333,-77.08714722,0,42,0,0,1,1,0,5,2,1,0,1,0,0000000,18,51,19,3,19,45,0,0,0,1,0
42,420921,1,1,0,0,0,1,1,11,0,28,10,2012,1,1,9,0,4,3,SR-4025 SHOEY RD,,4,40.48536944,-75.99328056,0,30,0,0,1,1,0,5,2,1,0,1,0,0000000,99,99,99,99,99,99,0,0,0,1,1
42,420922,2,2,0,0,0,2,2,59,0,23,10,2012,3,12,12,1,2,3,SR-21 ROY E FURMAN HW,SR-1019 GREEN VALLEY RD,274,39.88010556,-79.993975,0,12,6,0,2,3,0,1,1,1,0,1,0,0000000,99,99,99,99,99,99,0,0,0,1,0
42,420923,1,1,0,0,0,1,1,3,6600,21,10,2012,1,4,35,0,16,6,BAUSMAN ST,,0,40.41430278,-79.99221389,0,30,0,0,1,1,0,5,3,1,0,1,0,0000000,99,99,99,99,99,99,0,0,0,1,1
42,420924,1,1,0,0,0,1,1,69,1090,6,10,2012,7,15,38,0,16,6,WESTSIDE DR,,0,41.57108333,-75.51095833,0,25,0,0,1,1,0,4,1,1,0,1,0,0000000,15,41,15,43,16,15,0,0,0,1,0
42,420925,1,1,0,0,0,1,1,45,0,20,10,2012,7,22,17,0,14,3,SR-491 NAAMANS CREEK RD,,35,39.83566944,-75.473725,1,42,0,0,1,1,0,5,3,1,0,1,0,0000000,88,88,88,88,88,88,0,0,0,1,1
42,420926,1,1,0,0,0,1,1,29,0,24,10,2012,4,0,46,0,14,3,SR-724 SCHUYKILL RD,,32,40.23241389,-75.64015833,0,30,0,0,1,1,0,5,3,1,0,1,0,0000000,0,48,0,53,99,99,0,0,0,1,1
42,420927,2,2,0,0,0,2,2,7,0,4,10,2012,5,10,0,0,4,3,SR-168 OHIOVILLE RD,SR-251 BLACKHAWK RD,233,40.75777778,-80.47010556,0,12,6,0,2,2,0,1,1,1,0,1,0,0000000,10,3,10,10,10,44,0,0,0,1,0
42,420928,2,2,0,0,0,4,4,11,0,20,10,2012,7,17,10,0,3,3,SR-73 BLANDON RD,HARTZ RD,56,40.41848333,-75.86388889,0,12,6,0,2,2,0,1,1,1,0,1,0,0000000,99,99,99,99,99,99,0,0,0,1,0
42,420929,2,2,0,0,0,2,2,105,0,3,10,2012,4,20,0,1,2,2,US-6 GRAND ARMY OF THE REPU HW,MAIN ST,15,41.79058333,-78.17885278,0,12,6,0,3,3,0,1,3,1,0,1,0,0000000,99,99,99,99,88,88,0,0,0,1,0
42,420930,2,2,0,0,0,3,3,15,0,9,10,2012,3,18,46,0,3,2,US-220,SR-2027,147,41.73905278,-76.45300556,0,12,6,0,2,3,0,1,1,1,0,1,0,0000000,99,99,99,99,99,99,0,0,0,1,0
42,420931,1,1,0,0,0,1,1,79,0,31,10,2012,4,4,45,0,4,3,SR-487,,11,41.30227778,-76.29408056,0,30,0,0,1,1,0,4,2,99,0,99,0,0000000,8,16,8,40,88,88,0,0,0,1,0
42,420932,1,1,0,0,0,1,1,21,0,2,10,2012,3,13,51,0,14,3,SR-3037 WILLIAM PENN AV,,36,40.36653889,-78.88584167,0,42,0,0,1,1,0,5,1,2,0,2,0,0000000,13,50,13,55,14,27,0,0,0,1,0
42,420933,1,1,0,0,0,2,2,43,0,24,10,2012,4,21,40,0,16,5,GALEN RD,,0,40.33161667,-76.881775,0,33,0,0,1,1,0,4,2,1,0,1,0,0000000,99,99,99,99,99,99,0,0,0,1,1
42,420934,1,1,0,0,0,2,2,85,0,20,10,2012,7,7,3,0,3,3,SR-58 MERCER RD,,150,41.34987778,-80.34480278,0,53,0,0,1,1,0,5,2,1,0,1,0,0000000,99,99,99,99,99,99,0,0,0,1,0
42,420935,1,1,0,0,0,2,2,75,0,20,10,2012,7,15,57,0,3,2,US-22 ALLENTOWN BL,,131,40.44556111,-76.41442222,0,31,0,0,1,1,0,5,1,1,0,1,0,0000000,99,99,99,99,99,99,0,0,0,2,0
42,420936,1,1,0,0,0,2,2,129,5942,25,10,2012,5,0,15,0,15,3,SR-3071 ARONA RD,,0,40.22788889,-79.61050833,0,21,0,0,1,1,0,5,2,1,0,1,0,0000000,0,16,0,19,0,57,0,0,0,1,0
42,420937,1,1,0,0,0,3,3,125,8880,18,10,2012,5,21,49,1,13,3,SR-18 JEFFERSON AV,FACTORY WY,170,40.17746111,-80.25844722,0,30,0,0,2,3,0,5,3,1,0,1,0,0000000,21,53,21,56,22,7,0,0,0,1,0
42,420938,1,1,0,0,0,4,4,49,0,10,10,2012,4,4,25,0,15,3,SR-426 GRAHAMVILLE ST,LOOMIS ST,138,42.20997778,-79.81729167,0,34,0,0,2,4,0,6,3,1,0,1,0,0000000,99,99,99,99,99,99,0,0,0,1,1
42,420939,2,1,1,2,2,1,1,3,8360,3,10,2012,4,3,52,0,12,3,SR-8064 RAMP RD TO SR-366,,0,40.60864167,-79.762275,0,8,0,1,5,1,0,1,3,1,0,1,0,0000000,99,99,99,99,99,99,0,0,0,1,0
42,420940,1,1,0,1,1,1,1,101,6540,21,10,2012,1,20,36,1,13,3,SR- 2001 OREGON AVE,TENTH ST,3,39.91599444,-75.16452222,0,9,0,0,2,2,0,1,3,1,0,1,0,0000000,20,36,20,39,21,2,0,0,0,2,0
42,420941,1,1,0,0,0,1,1,107,0,24,10,2012,4,14,5,0,4,3,SR-54,,252,40.82356389,-75.95505556,0,42,0,0,1,1,0,4,1,1,0,1,0,0000000,99,99,99,99,88,88,0,0,0,1,0
42,420942,2,2,0,0,0,2,2,3,6600,16,10,2012,3,3,31,0,16,6,LIBERTY AV,HERRON AV,0,40.46157778,-79.967125,0,12,6,0,2,2,0,1,3,1,0,1,0,0000000,99,99,99,99,99,99,20,0,0,1,0
42,420943,1,1,0,1,1,1,1,101,6540,21,10,2012,1,19,17,1,13,3,SR-1009 BUSTLETON AVE,,34,40.04770556,-75.05993611,3,8,0,0,1,1,0,1,3,1,0,1,0,0000000,19,17,19,22,88,88,0,0,0,1,0
42,420944,1,1,0,1,1,1,1,101,6540,21,10,2012,1,2,38,1,13,3,SR-0003 CHESTNUT ST,56TH ST,8,39.95947222,-75.23319167,0,8,0,0,2,2,0,1,3,1,0,1,0,0000000,2,40,2,45,3,27,0,0,0,1,0
42,420945,1,1,0,0,0,2,2,15,0,3,10,2012,4,23,34,0,3,3,SR-14,,124,41.74774444,-76.79268889,0,35,0,0,1,1,0,4,2,1,0,1,0,0000000,99,99,99,99,99,99,0,0,0,1,1
42,420946,1,1,0,1,1,2,2,3,6632,22,10,2012,2,20,44,1,13,3,SR-51 CLAIRTON BL,,112,40.331675,-79.94581111,0,8,0,0,1,1,0,1,2,1,0,1,0,0000000,99,99,99,99,99,99,0,0,0,1,0
42,420947,1,1,0,0,0,1,1,21,0,19,10,2012,6,22,55,0,5,3,SR-1006 SYBERTON RD,SR-1011 LINCOLN RD,25,40.50926389,-78.59223333,0,1,0,0,2,3,0,1,2,1,0,1,0,0000000,22,55,23,2,23,27,0,0,0,1,1
42,420948,1,1,0,0,0,1,1,99,0,19,10,2012,6,23,19,0,4,3,SR-849 NEWPORT RD,,58,40.44723333,-77.12126111,0,42,0,0,1,1,0,5,2,5,0,5,0,0000000,99,99,99,99,88,88,0,0,0,1,1
42,420949,1,1,0,0,0,2,2,95,0,29,10,2012,2,21,28,0,16,3,SR-1026 OLD ALLENTOWN RD,,24,40.84763333,-75.30463889,0,18,0,0,1,1,0,1,2,2,0,2,0,0000000,99,99,99,99,99,99,0,0,0,1,0
42,420950,1,1,0,0,0,1,1,71,1550,15,10,2012,2,21,10,1,12,2,US-0030 LINCOLN HIGHWAY,,22,40.04434167,-76.49133611,0,24,0,0,1,1,0,3,3,1,0,1,0,0000000,99,99,99,99,99,99,0,0,0,1,1
42,420951,2,2,0,0,0,4,4,19,0,10,10,2012,4,13,35,0,3,3,SR-268 KEEPLES CORNER RD,SR-68,13,40.96508333,-79.70756389,0,12,6,0,2,2,0,1,1,1,0,1,0,0000000,99,99,99,99,99,99,0,0,0,1,0
42,420952,2,2,0,0,0,2,2,67,0,6,10,2012,7,0,3,0,4,3,SR-35,,264,40.5791,-77.37596389,0,12,11,0,8,1,0,1,3,1,0,1,0,0000000,0,2,0,11,88,88,14,0,0,1,1
42,420953,1,1,0,0,0,1,1,133,0,28,10,2012,1,1,54,0,6,3,SR-3044 INDIAN ROCK DAM RD,,18,39.92549444,-76.76131667,0,35,0,0,1,1,0,4,2,1,0,1,0,0000000,99,99,99,99,88,88,0,0,0,1,1
42,420954,1,1,0,0,0,1,1,7,2310,14,10,2012,1,16,49,1,13,3,SR-18 OHIO RIVER BLVD,SR-8037 RAMP A RD,211,40.69934722,-80.28689444,0,33,0,1,2,4,0,2,1,1,0,1,0,0000000,99,99,99,99,99,99,0,0,0,1,1
42,420955,1,1,0,0,0,2,2,57,0,4,10,2012,5,14,30,1,1,1,I-76 EAST/WEST PK,,1665,40.02504167,-78.180225,0,25,0,0,1,1,0,3,1,1,0,1,0,0000000,14,40,14,58,99,99,0,0,0,1,0
42,420956,2,2,0,0,0,4,4,51,0,14,10,2012,1,19,15,1,2,3,SR-21 MCCELLANDTOWN RD,BUKOVITZ FARM RD,57,39.89227778,-79.843475,0,12,6,0,2,2,0,1,2,1,0,1,0,0000000,19,20,19,26,20,1,0,0,0,1,1
42,420957,2,2,0,0,0,6,6,3,5413,4,10,2012,5,19,55,0,16,6,SAUNDERS STATION RD,,0,40.4106,-79.72874722,0,12,2,0,1,1,0,1,3,1,0,1,0,0000000,99,99,99,99,99,99,0,0,0,1,0
42,420958,2,2,0,0,0,2,2,129,4603,24,10,2012,4,15,38,0,4,3,SR-780 SEVENTH ST,SR-4069 DUTCHMANS RUN RD,32,40.55688889,-79.71159444,0,12,1,0,3,3,0,1,1,1,0,1,0,0000000,99,99,99,99,99,99,0,0,0,1,0
42,420959,1,1,0,0,0,1,1,101,6540,6,10,2012,7,19,20,1,11,1,I-0095 DELAWARE EX,,50,39.89881667,-75.16935,0,7,0,0,1,1,0,1,3,1,0,1,0,0000000,19,25,19,40,20,4,0,0,0,1,1
42,420960,1,1,0,0,0,1,1,11,0,19,10,2012,6,0,24,0,6,5,WEISSTOWN RD,,0,40.37555,-75.63870833,0,42,0,0,1,1,0,4,2,1,0,1,0,0000000,99,99,99,99,88,88,0,0,0,1,1
42,420961,1,1,0,1,1,3,3,17,0,7,10,2012,1,19,22,0,15,3,SR-2053 PENN VALLEY RD,,22,40.17188333,-74.83335556,0,8,0,0,1,1,0,1,2,2,0,2,0,0000000,99,99,99,99,99,99,0,0,0,1,0
42,420962,1,1,0,1,1,2,2,11,0,26,10,2012,6,14,46,1,13,2,US-422 PENN AV,,117,40.32649722,-76.05623611,0,9,0,0,1,1,0,1,1,1,0,1,0,0000000,99,99,99,99,99,99,0,0,0,1,0
42,420963,1,1,0,2,2,1,1,79,0,9,10,2012,3,4,12,0,14,3,SR-2019 OAK ST,ENTERPRISE WY,2,41.30748889,-75.76812778,0,8,0,0,2,3,0,1,2,1,0,1,0,0000000,4,14,4,16,4,40,0,0,0,1,0
42,420964,2,2,0,0,0,2,2,3,0,28,10,2012,1,10,33,0,13,3,SR-4021 LOWRIES RUN RD,,22,40.53160278,-80.06815833,0,12,6,0,1,1,0,1,1,2,0,2,0,0000000,10,33,10,42,10,57,0,0,0,1,0
42,420965,2,2,0,0,0,2,2,95,0,3,10,2012,4,13,48,0,3,3,SR-191 BANGOR RD,BOOKS HILL RD,106,40.79770556,-75.26339722,0,12,2,0,2,4,0,1,1,8,0,8,0,0000000,99,99,99,99,99,99,0,0,0,1,0
42,420966,2,1,1,1,1,1,1,77,0,4,10,2012,5,5,58,0,6,5,MORRIS CT,,0,40.56661667,-75.60503889,0,14,0,0,1,1,0,7,2,1,0,1,0,0000000,99,99,99,99,99,99,0,0,0,1,0
42,420967,2,2,0,0,0,3,3,3,0,5,10,2012,6,13,21,0,16,3,SR-1046 PITTSBURGH MILLS BL,SR8114 CONN TO SR-8114,2,40.56890556,-79.7984,0,12,6,1,2,2,0,1,1,1,0,1,0,0000000,99,99,99,99,99,99,0,0,0,1,0
42,420968,2,2,0,0,0,5,5,125,0,27,10,2012,7,14,13,0,3,3,SR-980,,68,40.31513889,-80.23121944,0,12,6,0,1,1,0,1,1,2,0,2,0,0000000,99,99,99,99,99,99,0,0,0,1,0
42,420969,2,2,0,0,0,2,2,133,0,15,10,2012,2,13,48,0,3,3,SR-194 BALTIMORE PK,,103,40.01354722,-77.01783056,0,12,2,0,1,1,0,1,1,2,0,2,0,0000000,99,99,99,99,99,99,0,0,0,1,0
42,420970,2,2,0,0,0,2,2,71,0,16,10,2012,3,7,28,1,2,2,US-30 LINCOLN HW,,204,40.02101944,-76.18545,0,12,1,0,8,1,0,1,1,1,0,1,0,0000000,99,99,99,99,99,99,0,0,0,1,0
42,420971,2,2,0,0,0,3,3,71,0,30,10,2012,3,22,37,1,2,3,SR-300 283RD FIELD ARTILLER HW,,25,40.16108333,-76.57865278,0,12,2,0,1,1,0,1,2,2,0,2,0,0000000,99,99,99,99,99,99,0,0,0,1,0
42,420972,2,2,0,0,0,2,2,17,0,6,10,2012,7,18,9,0,3,3,SR-32 RIVER RD,,321,40.51691111,-75.06842778,0,24,0,0,1,1,0,2,1,1,0,1,0,0000000,99,99,99,99,99,99,0,0,0,1,0
42,420973,2,2,0,0,0,2,2,41,0,5,10,2012,6,17,29,0,4,3,SR-944 WERTZVILLE RD,,215,40.28209722,-77.08114167,0,12,6,0,1,1,0,1,1,1,0,1,0,0000000,99,99,99,99,99,99,0,0,0,1,1
42,420974,2,2,0,0,0,3,3,101,6540,4,10,2012,5,18,22,1,13,3,SR-3007 KELLY DR,,51,39.99262778,-75.19381389,0,12,6,0,1,1,0,1,1,1,0,1,0,0000000,18,24,18,35,18,51,0,0,0,1,0
42,420975,2,1,1,0,0,1,1,29,0,14,10,2012,1,2,45,0,6,5,OCTORARA RD,,0,39.97556111,-75.90575,0,43,0,0,1,1,0,5,2,1,0,1,0,0000000,2,45,2,53,88,88,4,0,0,1,1
42,420976,1,1,0,0,0,1,1,129,0,3,10,2012,4,2,51,0,3,3,SR-31 DONEGAL RD,,209,40.11558056,-79.39701389,0,30,0,0,1,1,0,5,2,1,0,1,0,0000000,2,50,2,56,88,88,0,0,0,1,1
42,420977,2,2,0,0,0,5,5,17,0,28,10,2012,1,7,4,1,2,3,SR-663 JOHN FRIES HW,,17,40.422675,-75.44365278,0,12,2,0,1,1,0,1,4,2,0,2,0,0000000,7,4,7,14,99,99,0,0,0,2,0
42,420978,3,3,0,0,0,3,3,19,0,2,10,2012,3,9,51,1,13,2,US-422 BENJAMIN FRANKLIN HW,,111,40.89025278,-79.99129722,0,12,6,0,8,1,0,1,1,2,0,2,0,0000000,99,99,99,99,99,99,0,0,0,1,0
42,420979,2,2,0,0,0,2,2,97,0,14,10,2012,1,10,30,0,3,3,SR-44 CONTINENTAL BL,,6,41.10514167,-76.74616944,0,12,8,0,1,1,0,1,1,1,0,1,0,0000000,99,99,99,99,99,99,0,0,0,1,0
42,420980,2,2,0,0,0,2,2,77,0,28,10,2012,1,2,48,1,12,2,US-22 LEHIGH VALLEY TW,,77,40.63470556,-75.45783056,0,12,1,0,1,1,0,1,2,1,0,1,0,0000000,99,99,99,99,99,99,19,0,0,1,1
42,420981,2,2,0,0,0,2,2,129,0,4,10,2012,5,1,0,0,14,3,SR-31 RUFFSDALE MT PLEASANT RD,,104,40.16575833,-79.57295833,0,12,2,0,1,1,0,1,2,1,0,1,0,0000000,99,99,99,99,99,99,0,0,0,1,1
42,420982,2,2,0,0,0,4,4,107,0,19,10,2012,6,15,47,0,4,3,SR-125 CENTER ST,,82,40.63725833,-76.40641389,0,12,6,0,1,1,0,1,1,1,0,1,0,0000000,99,99,99,99,99,99,0,0,0,1,0
42,420983,2,2,0,0,0,3,3,71,0,21,10,2012,1,11,51,0,3,3,SR-23 NEW HOLLAND PK,,305,40.13173333,-75.97604444,0,12,6,0,8,1,0,1,1,1,0,1,0,0000000,99,99,99,99,88,88,0,0,0,2,0
42,420984,2,2,0,0,0,6,6,123,0,18,10,2012,5,19,30,0,3,3,SR-27,,179,41.82177222,-79.40981111,0,12,6,0,1,1,0,1,2,2,0,2,0,0000000,18,29,20,3,99,99,0,0,0,1,1
42,420985,1,1,0,0,0,4,4,65,0,24,10,2012,4,16,40,1,2,3,SR-28,,8,41.11649444,-79.19988333,0,42,0,0,1,1,0,4,1,1,0,1,0,0000000,99,99,99,99,99,99,0,0,0,3,0
42,420986,2,2,0,0,0,3,3,63,0,24,10,2012,4,16,10,0,3,3,SR-286,,99,40.54151944,-79.30686667,0,12,1,0,1,1,0,1,1,1,0,1,1,0000000,16,14,16,27,17,12,0,0,0,1,0
42,420987,3,3,0,0,0,5,5,99,0,20,10,2012,7,14,40,1,2,2,US-11 SUSQUEHANNA TR,,152,40.46670833,-76.95103611,0,59,0,0,1,1,0,3,1,1,0,1,0,0000000,99,99,99,99,99,99,0,0,0,3,0
42,420988,2,2,0,1,1,2,2,39,0,19,10,2012,6,21,20,0,3,3,SR-18,,76,41.64427222,-80.30373611,0,8,0,0,1,1,0,1,2,2,0,2,0,0000000,21,22,21,26,88,88,0,0,0,1,0
42,420989,2,2,0,0,0,3,3,11,0,1,10,2012,2,15,27,0,4,3,SR-568 ALLEGHENYVILLE RD,,26,40.23908611,-75.993675,0,12,6,0,8,1,0,1,1,1,0,1,0,0000000,88,88,88,88,88,88,0,0,0,1,0
42,420990,2,2,0,0,0,2,2,101,6540,22,10,2012,2,9,3,0,16,6,SCHOOL HOUSE LN,,0,40.02308889,-75.18847778,0,12,6,0,8,1,0,1,1,1,0,1,0,0000000,9,3,9,10,9,25,0,0,0,1,0
42,420991,2,2,0,0,0,3,3,87,3300,31,10,2012,4,11,38,0,13,3,SR-8012 RAMP M RD,,10,40.58242778,-77.62450833,0,12,1,1,5,1,0,2,1,2,0,2,0,0000000,11,41,11,43,11,52,0,0,0,1,1
42,420992,2,2,0,0,0,3,3,5,0,18,10,2012,5,5,25,1,2,2,US-422 BENJAMIN FRANKLIN HW,,10,40.84969167,-79.66923056,0,18,0,0,1,1,0,1,2,1,0,1,0,0000000,99,99,99,99,99,99,19,0,0,1,0
42,420993,2,2,0,0,0,2,2,79,0,8,10,2012,2,11,8,0,14,3,SR-2002 SANS SOUCI PY,SR-8025 RAMP A RD,14,41.20907778,-75.97833611,0,12,6,1,2,3,0,1,1,1,0,1,0,0000000,99,99,99,99,99,99,22,0,0,1,0
42,420994,2,2,0,1,1,2,2,91,0,17,10,2012,4,6,50,0,15,3,SR-2060 NEW SECOND ST,CLARION AV,4,40.05898889,-75.11964722,0,8,0,0,2,3,0,1,3,1,0,1,0,0000000,6,52,7,2,7,26,14,0,0,1,0
42,420995,3,3,0,1,1,4,4,91,0,22,10,2012,2,8,26,1,1,1,I-76 PA TPK,,3316,40.10526111,-75.31876667,0,12,1,0,1,1,2,2,1,1,0,1,0,0000000,99,99,99,99,99,99,0,0,0,1,0
42,420996,1,1,0,0,0,2,2,95,0,20,11,2012,3,16,35,0,16,5,PAXINOSA RD,,0,40.71311111,-75.20485,0,42,0,0,1,1,0,5,1,1,0,1,0,0000000,99,99,99,99,99,99,0,0,0,2,1
42,420997,3,3,0,0,0,3,3,17,8845,1,10,2012,2,22,9,1,13,3,SR-132 STREET RD,SAINT DAVIDS AV,11,40.21891111,-75.12078333,0,12,7,0,2,3,0,1,3,1,0,1,0,0000000,22,9,22,16,22,38,0,0,0,1,1
42,420998,2,2,0,0,0,3,3,101,6540,16,10,2012,3,0,1,1,13,3,SR-3014 SPRING GARDEN ST,SR-8010 RAMP RD,8,39.96393889,-75.18474444,0,12,6,1,3,3,0,1,3,1,0,1,0,0000000,0,3,0,10,0,32,0,0,0,1,1
42,420999,1,1,0,0,0,2,2,3,6203,3,11,2012,7,15,48,1,12,3,SR-28 ALLEGHENY VALLEY EX,,84,40.49444722,-79.870925,0,24,0,0,1,1,0,2,1,2,0,2,0,0000000,16,1,16,8,16,21,0,0,0,1,0
42,421000,1,1,0,0,0,2,2,111,0,29,10,2012,2,21,36,0,3,3,SR-281 KINGWOOD RD,,84,39.87472778,-79.26540278,0,35,0,0,1,1,0,5,2,4,0,4,0,0000000,21,35,21,56,22,27,0,0,0,1,0
42,421001,1,1,0,0,0,3,3,49,0,23,10,2012,3,20,15,0,3,3,SR-77 SPARTANBURG HW,,5,41.85836389,-79.64786389,0,42,0,0,1,1,0,5,2,1,0,1,0,0000000,20,20,20,25,99,99,0,0,0,1,0
42,421002,3,3,0,0,0,5,5,11,0,14,10,2012,1,2,56,0,4,3,SR-662 FRANKLIN ST,SCHEIRY RD,158,40.47585556,-75.83018611,0,12,11,0,2,3,0,1,2,1,0,1,0,0000000,99,99,99,99,88,88,0,0,0,1,1
42,421003,3,3,0,0,0,7,7,107,1945,31,10,2012,4,20,5,1,13,3,SR-61 CENTER PK,SR-895 MARKET ST,45,40.61976944,-76.05801389,0,12,7,0,3,3,0,1,2,1,0,1,0,0000000,99,99,99,99,99,99,0,0,0,1,1
42,421004,3,3,0,0,0,10,10,59,0,3,10,2012,4,16,34,1,1,1,I-79,,20,39.97715833,-80.17861389,0,1,0,0,1,1,0,3,1,1,0,1,0,0000000,99,99,99,99,99,99,14,0,0,4,0
42,421005,1,1,0,0,0,1,1,127,0,28,10,2012,1,1,30,0,4,3,SR-296 BELMONT PK,SMITH RD,111,41.5993,-75.41193333,0,35,0,0,3,3,0,4,2,1,0,1,0,0000000,8,16,8,21,88,88,0,0,0,1,1
42,421006,3,3,0,0,0,3,3,65,0,31,10,2012,4,16,50,1,2,2,US-219 BUFFALO PITTSBURGH HW,,36,41.21227222,-78.77270556,0,12,6,0,1,1,0,1,1,2,0,2,0,0000000,99,99,99,99,88,88,0,0,0,1,0
42,421007,3,2,1,0,0,2,2,71,2530,21,10,2012,1,2,35,0,16,6,WILLOW ST,SPRUCE ST,0,40.15568056,-76.604175,0,12,6,0,2,3,0,1,3,1,0,1,0,0000000,99,99,99,99,88,88,0,0,0,1,2
42,421008,5,5,0,0,0,5,5,11,0,22,10,2012,2,6,35,1,2,2,US-222 ALLENTOWN PK,,213,40.46831667,-75.86478056,0,12,1,0,1,1,0,1,2,1,0,1,0,0000000,99,99,99,99,99,99,0,0,0,1,0
42,421009,1,1,0,0,0,5,5,115,0,14,10,2012,1,1,8,1,1,1,I-81 AMERICAN LEGION MEM HW,,2188,41.81586389,-75.68210833,0,35,0,0,1,1,0,4,2,2,0,2,0,0000000,99,99,99,99,99,99,0,0,0,2,0
42,421010,1,1,0,0,0,2,2,41,0,14,10,2012,1,1,25,0,4,3,SR-1007 SUNNY SIDE DR,,103,40.29350833,-77.13009444,0,18,0,0,1,1,0,4,2,1,0,1,0,0000000,99,99,99,99,99,99,0,0,0,1,0
42,421011,1,1,0,0,0,1,1,75,0,13,10,2012,7,5,21,0,6,3,SR-1013 PRESCOTT DR,,13,40.37739722,-76.36850833,0,42,0,0,1,1,0,5,2,1,0,1,0,0000000,99,99,99,99,88,88,0,0,0,1,1
42,421012,1,1,0,0,0,1,1,3,0,26,10,2012,6,16,43,0,5,3,SR-3078 BURGETTSTOWN RD,,19,40.45553889,-80.28956111,0,1,0,0,1,1,0,2,1,1,0,1,0,0000000,99,99,99,99,88,88,0,0,0,1,1
42,421013,1,1,0,2,2,1,1,77,0,26,10,2012,6,20,20,0,6,5,SCHANTZ RD,,0,40.58005278,-75.59096111,0,8,0,0,1,1,0,1,2,1,0,1,0,0000000,99,99,99,99,99,99,0,0,0,1,0
42,421014,1,1,0,2,2,1,1,11,0,22,10,2012,2,22,21,0,14,3,SR-1010 PARK RD,,25,40.44174167,-75.87186389,0,49,0,0,1,1,0,1,2,1,0,1,0,0000000,99,99,99,99,99,99,0,0,0,1,0
42,421015,1,1,0,0,0,1,1,17,0,31,10,2012,4,14,20,1,12,3,SR-309 BETHLEHEM PK,,38,40.32583056,-75.31069722,0,24,0,0,1,1,0,2,1,1,0,1,0,0000000,14,20,14,29,88,88,0,0,0,1,1
42,421016,1,1,0,0,0,4,4,101,6540,1,10,2012,2,7,5,0,14,3,SR-1011 WELSH RD,,34,40.10096111,-75.04886667,0,42,0,0,1,1,0,4,1,1,0,1,0,0000000,7,10,7,17,7,53,0,0,0,1,0
42,421017,1,1,0,0,0,2,2,45,5500,30,11,2012,6,16,55,0,16,6,MORTON AVE,MAIN ST,0,39.90858889,-75.32709722,0,26,0,0,2,3,0,1,5,1,0,1,0,0000000,99,99,99,99,99,99,0,0,0,1,1