STATE,ST_CASE,VE_TOTAL,VE_FORMS,PVH_INVL,PEDS,PERNOTMVIT,PERMVIT,PERSONS,COUNTY,CITY,DAY,MONTH,YEAR,DAY_WEEK,HOUR,MINUTE,NHS,ROAD_FNC,ROUTE,TWAY_ID,TWAY_ID2,MILEPT,LATITUDE,LONGITUD,SP_JUR,HARM_EV,MAN_COLL,RELJCT1,RELJCT2,TYP_INT,WRK_ZONE,REL_ROAD,LGT_COND,WEATHER1,WEATHER2,WEATHER,SCH_BUS,RAIL,NOT_HOUR,NOT_MIN,ARR_HOUR,ARR_MIN,HOSP_HR,HOSP_MN,CF1,CF2,CF3,FATALS,DRUNK_DR
42,421018,1,1,0,1,1,1,1,3,6600,2,11,2012,6,22,23,0,13,3,SR-8 PENN AVE,,19,40.44830278,-79.89858611,0,8,0,0,1,1,0,1,3,1,0,1,0,0000000,22,26,22,29,22,46,16,0,0,1,0
42,421019,1,1,0,2,2,1,1,73,5800,25,11,2012,1,14,14,0,16,6,WINSLOW AVE,STANTON AVE,0,40.98945278,-80.32553056,0,8,0,0,2,2,0,5,1,1,0,1,0,0000000,99,99,99,99,99,99,0,0,0,1,0
42,421020,7,3,4,0,0,7,7,45,1270,31,10,2012,4,19,8,0,16,6,7TH ST,,0,39.84971389,-75.36316667,0,12,2,0,1,1,0,1,3,1,0,1,0,0000000,99,99,99,99,99,99,14,4,0,1,1
42,421021,1,1,0,1,1,1,1,91,0,13,11,2012,3,17,35,0,14,3,SR-2026 BLAIR MILL RD,,22,40.18186667,-75.11723889,0,8,0,0,1,1,0,1,3,1,0,1,0,0000000,17,35,17,38,17,59,0,0,0,1,0
42,421022,2,2,0,0,0,3,3,121,0,11,11,2012,1,18,0,0,3,3,SR-157 FRYBURG RD,HORSECREEK RD,10,41.39533333,-79.66329167,0,12,6,0,2,2,0,1,3,1,0,1,0,0000000,99,99,99,99,99,99,0,0,0,2,0
42,421023,2,2,0,0,0,3,3,129,0,15,11,2012,5,18,5,0,14,3,SR-130 HUMPHREY RD,SR-2017 PLEASANT UNITY RD,205,40.24467222,-79.47518056,0,12,6,0,2,3,0,1,2,1,0,1,0,0000000,99,99,99,99,99,99,0,0,0,1,0
42,421024,2,2,0,0,0,3,3,71,0,16,11,2012,6,19,13,1,13,3,SR-72 LANCASTER RD,BUCKNOLL RD,92,40.14368611,-76.38167222,0,12,6,0,2,2,0,1,3,1,0,1,0,0000000,99,99,99,99,99,99,0,0,0,1,0
42,421025,1,1,0,0,0,1,1,59,0,26,11,2012,2,20,0,1,1,1,I-79,,161,39.92540556,-80.16360278,0,1,0,0,1,1,0,3,2,1,0,1,0,0000000,99,99,99,99,99,99,0,0,0,1,0
42,421026,2,2,0,0,0,2,2,133,9610,4,11,2012,1,15,15,0,14,3,SR-1033 SHERMAN ST,WALLACE ST,2,39.97070833,-76.71280278,0,12,6,0,2,2,0,1,1,1,0,1,0,0000000,99,99,99,99,88,88,0,0,0,1,0
42,421027,1,1,0,1,1,1,1,29,0,19,11,2012,2,17,18,0,6,5,BOLMAR ST,,0,39.95548889,-75.58809167,0,8,0,0,1,1,0,1,3,1,0,1,0,0000000,17,18,99,97,99,97,0,0,0,1,1
42,421028,2,2,0,0,0,2,2,101,6540,22,11,2012,5,19,12,0,16,6,SCHOOL HOUSE LN,GREENE ST,0,40.03271389,-75.17439722,0,12,6,0,2,2,0,1,3,1,0,1,0,0000000,19,7,19,12,20,32,4,0,0,1,1
42,421029,1,1,0,0,0,2,2,31,0,17,11,2012,7,17,7,0,3,3,SR-368,,22,41.10537222,-79.63915278,0,30,0,0,1,1,0,4,5,1,0,1,0,0000000,17,5,17,17,99,99,0,0,0,1,1
42,421030,1,1,0,1,1,4,4,91,0,12,11,2012,2,20,55,1,13,3,SR-4031 RIDGE PK,,133,40.24455,-75.599875,0,8,0,0,1,1,0,1,3,1,0,1,0,0000000,20,54,20,57,21,11,0,0,0,1,1
42,421031,2,1,1,0,0,1,1,51,0,1,11,2012,5,23,45,0,14,3,SR-2021 COOLSPRING JUMONVIL RD,,69,39.902775,-79.68407778,0,38,0,0,1,1,0,4,2,2,0,2,0,0000000,99,99,99,99,88,88,0,0,0,1,1
42,421032,1,1,0,0,0,3,3,17,0,25,11,2012,1,19,31,0,6,5,HIETER RD,,0,40.45243611,-75.43873611,0,42,0,0,1,1,0,4,3,1,0,1,0,0000000,19,39,19,48,99,99,0,0,0,1,0
42,421033,1,1,0,1,1,4,4,3,7455,15,11,2012,5,12,34,1,13,3,SR-121 GREENTREE RD,MANORVIEW RD,8,40.39445,-80.06623889,0,8,0,0,2,3,1,1,1,1,0,1,0,0000000,99,99,99,99,99,99,0,0,0,1,0
42,421034,3,3,0,0,0,7,7,125,0,24,11,2012,7,11,28,1,1,1,I-70,,213,40.16321944,-80.18933056,0,12,2,0,1,1,0,1,1,1,0,1,0,0000000,99,99,99,99,99,99,0,0,0,2,0
42,421035,7,2,5,0,0,2,2,11,6900,29,11,2012,5,8,24,0,14,3,SR-183 SCHUYLKILL AV,BUTTONWOOD ST,6,40.34124444,-75.93793611,0,12,6,0,2,2,0,1,1,1,0,1,0,0000000,99,99,99,99,99,99,0,0,0,1,0
42,421036,4,4,0,0,0,6,6,77,0,16,11,2012,6,2,26,1,12,2,US-22 LEHIGH VALLEY TW,,68,40.62945,-75.47460556,0,12,1,0,1,1,1,1,2,1,0,1,0,0000000,99,99,99,99,99,99,0,0,0,1,2
42,421037,2,2,0,0,0,2,2,5,0,27,11,2012,3,6,56,0,3,3,SR-68,,31,40.98656389,-79.63911111,0,12,6,0,1,1,0,1,4,4,0,4,0,0000000,99,99,99,99,88,88,0,0,0,1,0
42,421038,2,2,0,0,0,2,2,17,0,4,11,2012,1,18,0,0,3,3,SR-32 RIVER RD,,374,40.56944444,-75.12215,0,12,2,0,1,1,0,1,2,1,0,1,0,0000000,17,56,18,11,99,99,0,0,0,1,0
42,421039,2,2,0,0,0,2,2,49,0,16,11,2012,6,15,15,0,3,3,SR-8 SMILEY HILL RD,,56,41.93567778,-79.84390556,0,12,2,0,1,1,0,1,1,1,0,1,0,0000000,99,99,99,99,99,99,0,0,0,1,0
42,421040,2,2,0,0,0,2,2,119,0,23,11,2012,6,12,52,0,4,3,SR-192 BUFFALO RD,,13,40.983725,-77.18658056,0,12,6,0,1,1,0,1,1,2,0,2,0,0000000,99,99,99,99,88,88,0,0,0,1,0
42,421041,2,2,0,0,0,3,3,89,0,23,11,2012,6,0,4,0,5,3,SR-715,,81,40.99983056,-75.35358889,0,12,6,0,1,1,0,1,2,1,0,1,0,0000000,99,99,99,99,99,99,0,0,0,1,1
42,421042,2,2,0,0,0,3,3,19,0,21,11,2012,4,17,5,0,4,2,US-19 PERRY HW,,167,40.89904167,-80.1396,0,12,2,0,1,1,0,1,5,1,0,1,0,0000000,17,18,17,26,18,27,0,0,0,2,0
42,421043,1,1,0,0,0,2,2,131,0,21,11,2012,4,23,52,0,5,3,SR-2007 KEELERSBURG RD,,69,41.51431111,-75.95054167,0,42,0,0,1,1,0,4,2,1,0,1,0,0000000,23,55,0,4,0,53,0,0,0,1,1
42,421044,2,2,0,0,0,3,3,15,0,20,11,2012,3,10,21,1,2,2,US-220,,197,41.79492222,-76.48193611,0,12,2,0,1,1,0,1,1,1,0,1,0,0000000,99,99,99,99,99,99,0,0,0,2,0
42,421045,2,2,0,0,0,3,3,129,0,15,11,2012,5,16,30,1,2,2,US-22 WILLIAM PENN HW,SCENIC DR,78,40.39847222,-79.56340556,0,12,6,0,2,3,0,1,1,1,0,1,0,0000000,16,33,16,36,17,14,0,0,0,1,0
42,421046,2,2,0,0,0,4,4,49,0,11,11,2012,1,8,41,0,5,3,SR-2003 FLATT RD,,54,41.92340556,-79.97128889,0,12,2,0,1,1,0,1,1,1,0,1,0,0000000,8,44,8,55,99,99,0,0,0,2,0
42,421047,1,1,0,0,0,2,2,49,0,28,11,2012,4,3,5,0,3,3,SR-18,,1,41.85063889,-80.37129722,0,34,0,0,1,1,0,4,2,1,0,1,0,0000000,3,6,3,20,4,25,20,0,0,2,0
42,421048,1,1,0,1,1,1,1,17,910,16,11,2012,6,17,28,1,13,2,US-13 BRISTOL PK,,67,40.09850556,-74.87385278,0,8,0,1,5,1,0,2,2,1,0,1,0,0000000,17,27,17,32,17,42,0,0,0,1,0
42,421049,2,2,0,0,0,2,2,77,0,11,11,2012,1,21,52,0,15,3,SR-1021 BUCKEYE RD,TANK FARM RD,33,40.51799167,-75.52931944,0,12,6,0,2,2,0,1,2,1,0,1,0,0000000,88,88,88,88,88,88,0,0,0,1,2
42,421050,2,2,0,0,0,6,6,71,0,12,11,2012,2,18,47,1,12,2,US-222,,318,40.08436389,-76.27170278,0,12,1,0,1,1,0,1,3,1,0,1,0,0000000,99,99,99,99,99,99,0,0,0,2,0
42,421051,2,2,0,0,0,3,3,13,130,9,11,2012,6,9,17,0,13,3,SR-764 SIXTH AV,THIRTYSECOND ST,39,40.49450278,-78.41189444,0,33,0,0,2,3,0,4,1,1,0,1,0,0000000,88,88,88,88,88,88,0,0,0,1,0
42,421052,2,2,0,0,0,2,2,77,0,17,11,2012,7,17,19,0,16,3,SR-2018 INDIAN CREEK RD,,51,40.53193333,-75.51864167,0,12,2,0,1,1,0,1,5,1,0,1,0,0000000,88,88,88,88,88,88,0,0,0,1,1
42,421053,2,2,0,0,0,4,4,71,0,2,11,2012,6,13,20,1,13,2,US-222 WILLOW STREET PK,,258,40.00698333,-76.29704444,0,12,2,0,1,1,0,1,1,1,0,1,0,0000000,99,99,99,99,99,99,0,0,0,2,0
42,421054,2,2,0,0,0,3,3,73,0,30,11,2012,6,16,21,1,2,2,US-422 BENJAMIN FRANKLIN HW,,7,41.08931111,-80.50616111,0,24,0,0,1,1,0,2,1,1,0,1,0,0000000,99,99,99,99,99,99,0,0,0,2,0
42,421055,1,1,0,0,0,1,1,85,2800,2,12,2012,1,13,4,0,16,6,IDAHO ST,MARKET ST,0,41.21646944,-80.50603056,0,30,0,0,2,2,0,5,1,2,0,2,0,0000000,13,6,13,7,13,40,0,0,0,1,1
42,421056,2,2,0,0,0,3,3,101,6540,12,11,2012,2,7,10,0,16,6,WOODLAND AV,,0,39.94943889,-75.20250278,0,12,6,0,1,1,0,1,1,1,0,1,0,0000000,7,8,7,13,7,29,0,0,0,1,0
42,421057,2,2,0,0,0,2,2,17,0,6,11,2012,3,4,40,1,12,2,US-1 LINCOLN HW,,35,40.16034167,-74.93915556,0,12,2,0,1,1,0,1,2,1,0,1,0,0000000,4,43,4,53,5,31,0,0,0,1,0
42,421058,2,2,0,0,0,3,3,29,0,18,11,2012,1,18,29,1,13,3,SR-41 GAP NEWPORT PK,,1,39.79496389,-75.71537222,0,12,6,0,8,1,0,1,2,1,0,1,0,0000000,18,29,18,44,88,88,0,0,0,2,1
42,421059,2,2,0,0,0,3,3,43,0,17,11,2012,7,19,17,0,3,2,US-209,,52,40.547025,-76.86639722,0,12,2,0,1,1,0,1,2,1,0,1,0,0000000,99,99,99,99,99,99,0,0,0,1,0
42,421060,2,1,1,0,0,1,1,59,0,23,11,2012,6,15,0,0,4,3,SR-18 BROWNS CREEK RD,,306,39.96886389,-80.317025,0,14,0,0,1,1,0,4,1,1,0,1,0,0000000,14,55,15,8,16,9,0,0,0,1,0
42,421061,2,2,0,0,0,3,3,17,7706,24,11,2012,7,17,19,0,6,3,SR-113 SOUDERTON AV,SR-152 BARINGER AV,32,40.34901389,-75.27016944,0,12,1,0,2,3,0,1,3,1,0,1,0,0000000,17,21,17,31,17,34,0,0,0,2,1
42,421062,2,2,0,0,0,2,2,89,0,3,11,2012,7,6,2,1,11,1,I-380,,39,41.12609444,-75.40027778,0,12,1,0,1,1,0,1,2,1,0,1,0,0000000,99,99,99,99,88,88,0,0,0,1,0
42,421063,2,2,0,0,0,2,2,55,0,16,11,2012,6,17,19,0,5,3,SR-641 NEWBURG RD,,159,40.12996111,-77.58495556,0,12,6,0,1,1,0,1,2,1,0,1,0,0000000,99,99,99,99,99,99,0,0,0,1,1
42,421064,2,2,0,0,0,3,3,41,0,6,11,2012,3,9,41,1,1,1,I-81 AMERICAN LEGION MEM HW,,305,40.07645278,-77.449125,0,24,0,0,1,1,0,2,1,1,0,1,0,0000000,99,99,99,99,99,99,0,0,0,1,0
42,421065,1,1,0,0,0,2,2,91,0,17,11,2012,7,2,4,0,14,3,SR-3052 ROCKHILL RD,,4,40.02180556,-75.2338,0,33,0,0,1,1,0,4,3,1,0,1,0,0000000,2,9,2,18,2,45,0,0,0,1,1
42,421066,2,2,0,0,0,5,5,19,0,11,11,2012,1,18,20,1,2,3,SR-8 WILLIAM FLYNN HW,,269,41.01817222,-80.00595,0,11,0,0,1,1,0,1,2,1,0,1,0,0000000,18,28,18,31,88,88,14,0,0,1,0
42,421067,2,2,0,0,0,2,2,79,0,28,11,2012,4,16,0,0,3,2,US-11 SALEM BL,,63,41.09793056,-76.13651389,0,12,2,0,1,1,0,1,1,1,0,1,0,0000000,99,99,99,99,99,99,0,0,0,1,0
42,421068,2,2,0,0,0,2,2,71,0,30,11,2012,6,16,40,0,6,5,CHARLESTOWN RD,,0,40.01346667,-76.41320278,0,12,2,0,1,1,0,1,1,1,0,1,0,0000000,99,99,99,99,99,99,0,0,0,1,1
42,421069,3,3,0,0,0,6,6,17,0,24,11,2012,7,18,25,1,11,1,I-95 DELAWARE EX,,376,40.09590278,-74.91703889,0,24,0,0,1,1,0,3,2,1,0,1,0,0000000,18,28,18,34,99,99,0,0,0,2,0
42,421070,1,1,0,0,0,2,2,83,0,13,11,2012,3,17,25,0,3,3,SR-46,,139,41.78281667,-78.41200278,0,34,0,0,1,1,0,4,2,2,0,2,0,0000000,99,99,99,99,88,88,0,0,0,2,0
42,421071,3,3,0,0,0,4,4,101,6540,13,11,2012,3,0,18,1,13,3,SR-1009 BUSTLETON AV,SAINT VINCENT ST,33,40.04528889,-75.06068889,0,12,6,0,2,2,0,1,3,1,0,1,0,0000000,0,18,0,23,1,11,0,0,0,2,0
42,421072,1,1,0,0,0,2,2,15,0,30,11,2012,6,16,32,0,6,3,SR-3008 SOUTHSIDE RD,,108,41.684925,-76.65830556,0,42,0,0,1,1,0,4,5,1,0,1,0,0000000,99,99,99,99,99,99,0,0,0,1,0
42,421073,1,1,0,0,0,2,2,41,0,10,11,2012,7,21,14,0,5,3,SR-2003 PARK DR,,17,40.12955833,-77.16326389,0,11,0,0,1,1,0,1,3,1,0,1,0,0000000,99,99,99,99,99,99,0,0,0,1,0
42,421074,1,1,0,0,0,3,3,29,0,4,11,2012,1,14,49,0,15,3,SR-2021 WATERLOO RD,,18,40.04021389,-75.41956944,0,42,0,0,1,1,0,5,1,1,0,1,0,0000000,14,49,14,54,15,20,0,0,0,1,0
42,421075,2,2,0,0,0,4,4,29,9010,27,11,2012,3,14,55,0,14,3,SR-100 HIGH ST,ASHBRIDGE ST,56,39.96741944,-75.61043333,0,12,6,0,2,2,0,1,1,1,0,1,0,0000000,88,88,88,88,88,88,0,0,0,1,0
42,421076,1,1,0,1,1,1,1,63,7598,28,11,2012,4,17,30,1,2,2,US-422 BENJAMIN FRANKLIN HW,,14,40.65645556,-79.29817778,0,8,0,0,1,1,0,1,2,1,0,1,0,0000000,17,34,17,39,18,4,0,0,0,1,0
42,421077,1,1,0,1,1,1,1,13,0,28,11,2012,4,17,27,0,15,3,SR-4019 SIXTH AV,,6,40.53089722,-78.37832222,0,8,0,0,1,1,0,1,2,1,0,1,0,0000000,17,32,17,36,17,54,0,0,0,1,0
42,421078,1,1,0,0,0,1,1,43,0,11,11,2012,1,4,26,0,14,3,SR-3009 FRONT ST,,14,40.27496667,-76.90113611,0,59,0,0,1,1,0,4,3,1,0,1,0,0000000,99,99,99,99,99,99,0,0,0,1,1
42,421079,1,1,0,0,0,1,1,55,1230,2,11,2012,6,21,54,1,13,2,US-11 PHILADELPHIA AVE,,188,39.94784167,-77.65267778,0,43,0,0,1,1,0,5,3,1,0,1,0,0000000,99,99,99,99,99,99,0,0,0,1,0
42,421080,1,1,0,1,1,1,1,91,0,16,11,2012,6,18,16,0,16,6,WARMINSTER RD,LYCOMING AV,0,40.17978056,-75.09285,0,8,0,0,2,3,0,1,3,1,0,1,0,0000000,18,15,18,19,18,43,0,0,0,1,0
42,421081,1,1,0,1,1,1,1,17,0,29,11,2012,5,6,30,0,14,3,SR-2015 BENSALEM BL,PORTSIDE DR,17,40.11335,-74.90993611,0,8,0,0,2,2,0,1,4,1,0,1,0,0000000,6,30,6,36,6,55,0,0,0,1,0
42,421082,1,1,0,0,0,1,1,19,0,18,11,2012,1,18,20,0,2,3,SR-8016 RAMP Z RD,,1,40.96671389,-80.16272222,0,35,0,1,5,1,0,4,2,1,0,1,0,0000000,18,19,18,22,88,88,0,0,0,1,0
42,421083,1,1,0,0,0,1,1,91,0,30,11,2012,6,10,54,0,13,3,SR-3056 RIDGE PIKE,SR-3018 ALAN WOOD RD,0,40.09971944,-75.30254444,0,33,0,0,2,2,0,4,1,1,0,1,0,0000000,10,55,11,3,11,29,0,0,0,1,0
42,421084,1,1,0,1,1,2,2,79,0,5,11,2012,2,22,48,1,13,3,SR-315 DUPONT HW,,55,41.30679167,-75.7637,0,8,0,0,1,1,0,1,3,1,0,1,0,0000000,22,55,23,3,23,13,0,0,0,1,0
42,421085,1,1,0,0,0,1,1,41,0,8,11,2012,5,99,99,0,13,2,US-11 HARRISBURG PIKE,SR-1001 CAVALRY RD,225,40.21550833,-77.17293889,0,33,0,0,2,3,0,4,2,1,0,1,0,0000000,99,99,99,99,99,99,0,0,0,1,0
42,421086,1,1,0,0,0,4,4,101,6540,4,11,2012,1,2,35,0,16,6,BELMONT MANSION DR,,0,39.992775,-75.21420278,0,42,0,0,1,1,0,4,3,1,0,1,0,0000000,3,55,4,5,4,28,20,0,0,1,1
42,421087,1,1,0,1,1,1,1,101,6540,4,11,2012,1,19,5,1,13,3,SR-1002 ADAMS AV,,28,40.03290556,-75.10661111,0,8,0,0,1,1,0,1,3,1,0,1,0,0000000,19,4,19,9,19,30,0,0,0,1,0
42,421088,1,1,0,0,0,1,1,85,0,4,11,2012,1,16,55,0,4,3,SR-18 NEW CASTLE RD,,32,41.15865278,-80.40691667,0,30,0,0,1,1,0,5,5,1,0,1,0,0000000,99,99,99,99,88,88,0,0,0,1,0
42,421089,1,1,0,0,0,1,1,89,0,8,11,2012,5,13,7,0,4,3,SR-423 WARNERTOWN RD,,53,41.16393611,-75.44807222,0,42,0,0,1,1,0,5,1,1,0,1,0,0000000,99,99,99,99,88,88,0,0,0,1,0
42,421090,1,1,0,0,0,1,1,71,0,2,11,2012,6,6,14,0,6,5,BRUNNERVILLE RD,,0,40.16891944,-76.29500833,0,42,0,0,1,1,0,4,2,1,0,1,0,0000000,99,99,99,99,88,88,0,0,0,1,1
42,421091,1,1,0,0,0,1,1,7,160,25,11,2012,1,15,48,1,13,3,SR-65 OHIO RIVER BL,,14,40.59544167,-80.233875,0,24,0,0,1,1,0,2,1,1,0,1,0,0000000,99,99,99,99,99,99,0,0,0,1,1
42,421092,1,1,0,0,0,1,1,29,0,30,11,2012,6,11,44,0,14,3,SR-23 RIDGE RD,,112,40.17654444,-75.63591667,0,42,0,0,1,1,0,4,1,1,0,1,0,0000000,11,44,11,58,88,88,0,0,0,1,0
42,421093,3,3,0,0,0,6,6,17,0,21,11,2012,4,18,45,1,12,3,SR-611 DOYLESTOWN BP,,81,40.31950833,-75.14365,0,12,1,1,18,1,0,1,2,1,0,1,0,0000000,18,46,18,51,19,30,14,0,0,1,1
42,421094,1,1,0,1,1,1,1,9,9997,27,10,2012,7,10,2,0,6,3,SR-4022 POINT RD,,35,40.05316111,-78.57963611,0,8,0,0,1,1,0,1,1,1,0,1,0,0000000,10,1,10,15,10,35,0,0,0,1,0
42,421095,3,2,1,0,0,5,5,71,5550,3,11,2012,7,18,7,0,14,3,SR-230 HARRISBURG PK,,71,40.11658056,-76.53095556,0,12,6,0,8,1,0,1,5,1,0,1,0,0000000,99,99,99,99,99,99,0,0,0,1,1
42,421096,1,1,0,0,0,1,1,91,0,30,11,2012,6,16,31,0,6,5,QUARRY RD,,0,40.25710833,-75.37756389,0,42,0,0,1,1,0,5,1,1,0,1,0,0000000,99,99,99,99,99,99,0,0,0,1,0
42,421097,1,1,0,0,0,1,1,29,0,10,11,2012,7,0,31,0,6,5,ROCK RUN RD,,0,40.17496944,-75.728125,0,30,0,0,1,1,0,4,2,1,0,1,0,0000000,0,30,0,52,88,88,4,0,0,1,1
42,421098,1,1,0,0,0,1,1,39,0,29,11,2012,5,2,17,0,6,5,S CENTER RD,,0,41.76154167,-80.32738611,0,1,0,0,1,1,0,1,2,1,0,1,0,0000000,2,11,99,99,88,88,4,0,0,1,1
42,421099,1,1,0,0,0,1,1,91,0,4,11,2012,1,3,20,1,13,3,SR-73 SKIPPACK PK,,143,40.22001111,-75.3831,0,30,0,0,1,1,0,4,2,1,0,1,0,0000000,3,48,3,56,88,88,0,0,0,1,1
42,421100,1,1,0,1,1,1,1,43,3500,31,10,2012,4,8,40,0,16,6,13TH ST,SYCAMORE ST,0,40.25140556,-76.86321111,0,8,0,0,2,2,0,1,1,2,0,2,0,0000000,99,99,99,99,99,99,0,0,0,1,0
42,421101,1,1,0,0,0,1,1,77,0,6,11,2012,3,16,19,0,5,3,SR-2027 VERA CRUZ RD,,45,40.47993611,-75.498575,0,59,0,0,1,1,0,4,1,1,0,1,0,0000000,99,99,99,99,88,88,0,0,0,1,0
42,421102,1,1,0,1,1,1,1,133,0,27,10,2012,7,5,21,1,11,1,I-83 VFW OF US MEMORIAL HWY,,105,39.86934722,-76.69959444,0,8,0,0,1,1,1,1,2,1,0,1,0,0000000,99,99,99,99,99,99,0,0,0,1,0
42,421103,3,2,1,0,0,3,3,107,0,14,11,2012,4,12,20,1,2,3,SR-61 FOUNTAIN ST,,278,40.77567222,-76.30777222,0,5,0,0,1,1,0,1,1,1,0,1,0,0000000,99,99,99,99,99,99,14,0,0,1,0
42,421104,1,1,0,0,0,1,1,17,0,30,11,2012,6,0,25,1,11,1,I-276 EAST/WEST PK,,3480,40.15299444,-75.02874167,0,25,0,0,1,1,0,3,2,1,0,1,0,0000000,0,27,0,37,1,1,6,0,0,1,0
42,421105,1,1,0,0,0,1,1,9,0,13,11,2012,3,17,29,0,4,3,SR-326 EGOLF RD,,198,39.96489444,-78.49490278,0,35,0,0,1,1,0,4,2,1,0,1,0,0000000,17,27,17,35,88,88,0,0,0,1,0
42,421106,1,1,0,0,0,1,1,111,0,9,11,2012,6,18,33,0,3,3,SR-160 DARK SHADE DR,,382,40.14911389,-78.81758889,0,42,0,0,1,1,0,4,2,1,0,1,0,0000000,18,34,18,53,88,88,0,0,0,1,1
42,421107,1,1,0,0,0,1,1,81,0,10,11,2012,7,13,0,0,3,3,SR-87,,161,41.39194444,-76.77404167,0,49,0,0,1,1,0,4,1,1,0,1,0,0000000,13,10,13,27,88,88,0,0,0,1,0
42,421108,1,1,0,0,0,1,1,21,0,11,11,2012,1,21,29,0,5,3,SR-1016 WOPSY RD,,39,40.59511944,-78.44685556,0,42,0,0,1,1,0,4,2,1,0,1,0,0000000,21,33,21,48,88,88,0,0,0,1,1
42,421109,1,1,0,0,0,1,1,19,1020,28,10,2012,1,20,21,1,13,3,SR-8 PITTSBURGH RD,,131,40.85276111,-79.90170833,0,24,0,0,1,1,0,4,3,2,0,2,0,0000000,99,99,99,99,99,99,0,0,0,1,1
42,421110,1,1,0,1,1,1,1,111,1180,22,10,2012,2,17,55,0,3,3,SR-160 MAIN ST,BROAD AVE,353,40.11094444,-78.80285556,0,8,0,0,2,2,0,1,1,1,0,1,0,0000000,18,0,18,14,99,99,0,0,0,1,0
42,421111,1,1,0,1,1,1,1,45,0,20,10,2012,7,20,16,0,14,3,SR-2005 LANSDOWNE AVE,SE-2026 STATE RD,40,39.95931389,-75.28778889,0,8,0,0,2,2,0,1,3,1,0,1,0,0000000,99,99,99,99,99,99,0,0,0,1,0
42,421112,1,1,0,0,0,1,1,71,6355,4,11,2012,1,0,30,1,2,2,US-30 LINCOLN HWY,,255,40.00237222,-76.09237222,0,30,0,0,1,1,0,5,2,1,0,1,0,0000000,88,88,88,88,88,88,0,0,0,1,1
42,421113,1,1,0,0,0,1,1,107,4770,9,11,2012,6,6,50,1,1,1,I-81 AMERICAN LEGION MEM HWY,,1301,40.80108889,-76.11721944,0,18,0,0,1,1,1,5,2,99,0,99,0,0000000,88,88,88,88,88,88,0,0,0,1,0
42,421114,1,1,0,1,1,1,1,45,5120,17,11,2012,7,9,30,0,6,5,OLD FORGE RD,SR-352 MIDDLETOWN RD,0,39.91950278,-75.44274167,0,8,0,0,2,2,0,1,1,1,0,1,0,0000000,99,99,99,99,99,99,0,0,0,1,0
42,421115,1,1,0,0,0,1,1,107,3170,23,11,2012,6,13,20,0,15,3,SR-4030 MAIN ST,,50,40.79926944,-76.21447778,0,19,0,0,1,1,0,5,1,1,0,1,0,0000000,88,88,88,88,88,88,0,0,0,1,0
42,421116,1,1,0,0,0,1,1,107,0,15,12,2012,7,9,34,0,6,5,AIRPORT RD,TAYLORSVILLE RD,0,40.73712778,-76.37968056,0,24,0,0,2,4,0,2,1,1,0,1,0,0000000,88,88,88,88,88,88,0,0,0,1,0
42,421117,1,1,0,0,0,1,1,33,0,6,12,2012,5,20,55,0,3,3,SR-153,,253,41.1007,-78.53940556,0,59,0,0,1,1,0,3,2,1,0,1,0,0000000,88,88,88,88,88,88,0,0,0,1,1
42,421118,1,1,0,0,0,1,1,133,0,29,12,2012,7,2,19,0,6,5,WOODLAND RD,GRANTLEY CT,0,39.93941389,-76.73222778,0,42,0,0,2,2,0,5,2,1,0,1,0,0000000,88,88,88,88,88,88,0,0,0,1,1
42,421119,1,1,0,0,0,1,1,17,0,30,11,2012,6,2,56,1,13,3,SR-413 DURHAM RD,,207,40.31808889,-75.05198889,0,30,0,0,1,1,0,4,2,1,0,1,0,0000000,3,3,3,13,88,88,0,0,0,1,1
42,421120,2,2,0,0,0,2,2,101,6540,1,11,2012,5,19,7,0,14,3,SR-4009 ROBERTS AVE,,1,40.01053056,-75.17866944,0,12,1,0,1,1,0,1,3,1,0,1,0,0000000,18,57,19,3,19,25,0,0,0,1,0
42,421121,1,1,0,0,0,1,1,75,0,3,12,2012,2,13,40,0,6,6,RIDGE RD,,0,40.48072222,-76.57378056,0,35,0,0,1,1,0,5,1,1,0,1,0,0000000,99,99,99,99,99,99,0,0,0,1,1
42,421122,1,1,0,0,0,1,1,99,0,16,11,2012,6,2,22,1,2,2,US-22 WILLIAM PENN HW,,115,40.46870833,-77.03073056,0,24,0,0,1,1,0,2,2,1,0,1,0,0000000,99,99,99,99,88,88,0,0,0,1,0
42,421123,1,1,0,0,0,1,1,59,0,29,11,2012,5,23,5,0,3,3,SR-18 ROY E FURMAN HW,,179,39.88297222,-80.25021667,0,34,0,0,1,1,0,5,2,1,0,1,0,0000000,99,99,99,99,88,88,0,0,0,1,0
42,421124,1,1,0,0,0,1,1,31,0,8,12,2012,7,7,40,1,1,1,I-80 KEYSTONE SHORTWAY RD,,500,41.18746667,-79.60076944,0,42,0,0,1,1,0,5,4,5,0,5,0,0000000,2,48,3,3,88,88,0,0,0,1,0
42,421125,1,1,0,0,0,1,1,125,0,11,11,2012,1,11,35,0,6,3,SR-3029 BURNSVILLE RIDGE RD,,9,40.00957778,-80.45225556,0,35,0,0,1,1,0,4,1,1,0,1,0,0000000,11,40,12,15,88,88,4,0,0,1,0