STATE,ST_CASE,VE_TOTAL,VE_FORMS,PVH_INVL,PEDS,PERNOTMVIT,PERMVIT,PERSONS,COUNTY,CITY,DAY,MONTH,YEAR,DAY_WEEK,HOUR,MINUTE,NHS,ROAD_FNC,ROUTE,TWAY_ID,TWAY_ID2,MILEPT,LATITUDE,LONGITUD,SP_JUR,HARM_EV,MAN_COLL,RELJCT1,RELJCT2,TYP_INT,WRK_ZONE,REL_ROAD,LGT_COND,WEATHER1,WEATHER2,WEATHER,SCH_BUS,RAIL,NOT_HOUR,NOT_MIN,ARR_HOUR,ARR_MIN,HOSP_HR,HOSP_MN,CF1,CF2,CF3,FATALS,DRUNK_DR
42,421126,1,1,0,0,0,1,1,13,3670,6,12,2012,5,1,23,0,15,3,SR-2014 LOOP RD,RIVER ST,10,40.42821944,-78.37596667,0,35,0,0,2,3,0,5,2,1,0,1,0,0000000,9,44,9,52,88,88,0,0,0,1,0
42,421127,1,1,0,0,0,1,1,95,0,4,11,2012,1,6,2,0,3,3,SR-191,,205,40.91754167,-75.21317778,0,35,0,0,1,1,0,4,4,1,0,1,0,0000000,99,99,99,99,88,88,0,0,0,1,0
42,421128,1,1,0,0,0,1,1,51,0,8,12,2012,7,17,39,1,2,1,I-43 MON VALLEY/FAYETTE EXPY,,27,39.72338333,-79.82001111,0,35,0,0,1,1,0,3,2,2,0,2,0,0000000,17,36,17,49,88,88,0,0,0,1,1
42,421129,1,1,0,0,0,1,1,125,3864,5,12,2012,4,4,0,0,6,6,SUGAR RUN RD,,0,40.21812222,-80.48330278,0,35,0,0,1,1,0,5,2,5,2,2,0,0000000,99,99,99,99,99,99,0,0,0,1,1
42,421130,1,1,0,0,0,1,1,79,0,19,12,2012,4,15,55,1,1,1,I-81 AMERICAN LEGION MEM HWY,,1600,41.16763056,-75.95690556,0,24,0,0,1,1,0,2,1,1,0,1,0,0000000,15,48,16,1,88,88,0,0,0,1,1
42,421131,1,1,0,0,0,1,1,53,0,11,11,2012,1,13,20,1,2,2,US-62 ELM ST,,51,41.51009167,-79.44853611,0,24,0,0,1,1,0,4,1,1,0,1,0,0000000,99,99,99,99,88,88,0,0,0,1,1
42,421132,1,1,0,0,0,1,1,27,0,23,11,2012,6,6,7,1,11,1,I-99 THOMAS LARSON MEM HW,,721,40.81966667,-77.88329722,0,24,0,0,1,1,0,2,2,1,0,1,0,0000000,6,8,6,20,6,46,0,0,0,1,0
42,421133,1,1,0,0,0,1,1,41,0,20,12,2012,5,4,43,0,4,2,US-11 RITNER HW,,33,40.07691944,-77.47834444,0,53,0,0,1,1,0,4,2,1,0,1,0,0000000,99,99,99,99,99,99,0,0,0,1,0
42,421134,1,1,0,0,0,1,1,133,0,20,11,2012,3,14,12,0,6,5,DARK HOLLOW RD,,0,40.03978611,-76.56583056,0,42,0,0,1,1,0,5,1,1,0,1,0,0000000,99,99,99,99,99,99,0,0,0,1,0
42,421135,1,1,0,0,0,1,1,9,0,28,12,2012,6,9,50,0,3,3,SR- CHURCHVIEW RD,,106,40.154875,-78.38483056,0,1,0,0,1,1,0,1,1,1,0,1,0,0000000,99,99,99,99,99,99,0,0,0,1,0
42,421136,1,1,0,0,0,1,1,125,0,11,11,2012,1,5,0,0,4,3,SR-50 AVELLA RD,,40,40.27128333,-80.456125,0,24,0,0,1,1,0,2,4,1,0,1,0,0000000,6,55,7,13,88,88,0,0,0,1,1
42,421137,1,1,0,0,0,1,1,33,0,24,12,2012,2,22,50,1,1,1,I-80 Z H CONFAIR MEMORIAL HW,,1190,41.0392,-78.39414444,0,35,0,0,1,1,0,5,2,4,0,4,0,0000000,99,99,99,99,99,99,0,0,0,1,0
42,421138,6,5,1,0,0,7,7,3,6600,30,10,2012,3,8,8,0,16,6,2ND AV,,0,40.43528056,-79.96874722,0,12,7,0,1,1,0,1,1,2,0,2,0,0000000,99,99,99,99,99,99,0,0,0,1,0
42,421139,1,1,0,0,0,1,1,101,6540,17,12,2012,2,4,55,1,13,3,SR-6001 ROOSEVELT BLVD,,96,40.09794444,-75.01192778,0,42,0,0,1,1,0,3,3,2,0,2,0,0000000,5,1,5,7,88,88,0,0,0,1,1
42,421140,1,1,0,0,0,4,4,77,1150,29,12,2012,7,6,15,0,14,3,SR-1004 RACE ST,RAILROAD ST,2,40.64931111,-75.46761944,0,30,0,0,2,3,0,5,3,1,0,1,0,0000000,99,99,99,99,99,99,0,0,0,2,1
42,421141,1,1,0,0,0,1,1,69,0,4,11,2012,1,3,30,0,4,3,SR-435 DRINKER PK,,4,41.24271667,-75.501525,0,24,0,0,1,1,0,2,2,1,0,1,0,0000000,99,99,99,99,88,88,0,0,0,1,0
42,421142,1,1,0,1,1,1,1,95,6010,2,12,2012,1,17,10,0,16,6,CZAPP AVE,VIENNA ST,0,40.68042222,-75.49385278,0,8,0,0,2,2,0,1,3,1,0,1,0,0000000,99,99,99,99,99,99,0,0,0,1,0
42,421143,1,1,0,0,0,1,1,107,0,24,11,2012,7,1,5,0,6,5,WILD CHERRY RD,,0,40.55371111,-76.28974444,0,42,0,0,1,1,0,4,2,1,0,1,0,0000000,99,99,99,99,88,88,22,0,0,1,1
42,421144,1,1,0,1,1,1,1,71,0,16,12,2012,1,18,19,0,14,3,SR-340 OLD PHILADELPHIA PK,,19,40.04013611,-76.23524444,0,8,0,0,1,1,0,1,2,5,0,5,0,0000000,99,99,99,99,99,99,0,0,0,1,0
42,421145,1,1,0,1,1,2,2,77,0,26,12,2012,4,21,44,1,11,1,I-78,,535,40.578275,-75.55409444,0,8,0,0,1,1,0,1,2,3,0,3,0,0000000,99,99,99,99,99,99,0,0,0,1,0
42,421146,1,1,0,0,0,1,1,69,0,7,12,2012,6,7,45,1,11,1,I-476 NORTHEAST EX,,1272,41.47294167,-75.70395278,0,24,0,0,1,1,0,4,1,2,0,2,0,0000000,99,99,99,99,99,99,0,0,0,1,0
42,421147,1,1,0,0,0,3,3,131,0,20,12,2012,5,1,30,0,3,3,SR-29 JOSEPH W HUNTER HW,,112,41.48125556,-75.99212778,0,53,0,0,1,1,0,4,2,1,0,1,0,0000000,1,35,1,47,2,22,0,0,0,1,1
42,421148,1,1,0,0,0,1,1,49,0,25,12,2012,3,4,30,0,3,2,US-20 BUFFALO RD,,383,42.19662222,-79.88569167,0,42,0,0,1,1,0,5,2,1,0,1,0,0000000,4,30,4,40,88,88,0,0,0,1,0
42,421149,1,1,0,0,0,1,1,123,0,26,12,2012,4,13,10,0,5,3,SR-4003 PLANK RD,,13,41.9573,-79.58446111,0,42,0,0,1,1,0,5,1,4,0,4,0,0000000,88,88,88,88,88,88,4,0,0,1,0
42,421150,1,1,0,1,1,4,4,71,0,14,12,2012,6,15,22,0,4,3,SR-340 OLD PHILADELPHIA PIKE,,147,40.03453889,-76.99566111,0,15,0,0,1,1,0,1,1,1,0,1,0,0000000,88,88,88,88,88,88,0,0,0,1,0
42,421151,1,1,0,1,1,2,2,127,0,9,12,2012,1,18,0,0,3,3,SR-652 BEACH LAKE HW,,51,41.59911389,-75.15157778,0,8,0,0,1,1,0,1,3,5,0,5,0,0000000,18,1,18,10,18,33,0,0,0,1,0
42,421152,1,1,0,1,1,1,1,101,6540,17,12,2012,2,12,53,0,16,6,LINDBERGH BLVD,,0,39.91221667,-75.22870278,0,8,0,0,1,1,0,1,1,1,0,1,0,0000000,12,50,12,55,13,25,0,0,0,1,0
42,421153,1,1,0,1,1,1,1,17,910,14,12,2012,6,2,31,1,13,2,US-13 PAPER ST,,69,40.10261667,-74.86252222,0,8,0,0,1,1,0,1,2,1,0,1,0,0000000,2,29,2,33,88,88,0,0,0,1,0
42,421154,1,1,0,1,1,1,1,45,3547,22,12,2012,7,21,51,1,13,3,SR-3 WEST CHESTER PIKE,SR-2005 DARBY RD,91,39.96888611,-75.29681667,0,8,0,0,2,2,0,1,3,1,0,1,0,0000000,99,99,99,99,99,99,0,0,0,1,0
42,421155,1,1,0,0,0,1,1,127,0,6,12,2012,5,18,40,0,3,3,SR-191 SOUTH STERLING RD,,56,41.31977778,-75.326925,0,42,0,0,1,1,0,4,2,1,0,1,0,0000000,18,45,19,6,88,88,0,0,0,1,0
42,421156,1,1,0,1,1,1,1,101,6540,25,12,2012,3,20,17,0,14,3,SR-2007 FRANKFORD AVE,,24,39.99247222,-75.11127222,0,8,0,0,8,1,0,5,3,1,0,1,0,0000000,20,17,20,23,20,44,0,0,0,1,0
42,421157,1,1,0,0,0,1,1,11,0,14,12,2012,6,13,0,0,6,5,FOREST LN,,0,40.50213611,-75.94358056,0,42,0,0,1,1,0,4,1,1,0,1,0,0000000,99,99,99,99,99,99,0,0,0,1,0
42,421158,2,2,0,0,0,3,3,107,3579,4,12,2012,3,5,45,0,4,3,SR-25,,130,40.66644444,-76.40632222,0,42,0,0,1,1,0,4,2,5,0,5,0,0000000,99,99,99,99,99,99,0,0,0,1,0
42,421159,2,2,0,1,1,3,3,11,0,13,12,2012,5,15,50,1,13,3,SR-2005 ALLENTOWN PIKE,,66,40.41545278,-75.91989722,0,8,0,0,1,1,0,1,1,1,0,1,0,0000000,99,99,99,99,99,99,0,0,0,1,0
42,421160,2,2,0,0,0,4,4,129,0,14,12,2012,6,23,40,0,15,3,SR-3059 MOTORDROME RD,,2,40.17103611,-79.73045,0,12,6,0,1,1,0,1,3,1,0,1,0,0000000,23,42,23,50,88,88,0,0,0,1,0
42,421161,1,1,0,1,1,1,1,45,0,14,12,2012,6,20,6,0,14,3,SR-491 NAAMANS CREEK RD,,22,39.83996667,-75.49783889,0,8,0,0,1,1,0,1,2,1,0,1,0,0000000,99,99,99,99,99,99,0,0,0,1,0
42,421162,1,1,0,0,0,1,1,33,0,10,12,2012,2,20,55,0,4,3,SR-2051,,30,40.88898611,-78.30609167,0,35,0,0,1,1,0,10,2,2,0,2,0,0000000,99,99,99,99,99,99,0,0,0,1,0
42,421163,1,1,0,0,0,1,1,3,6600,31,12,2012,2,0,41,1,13,3,SR-28 EAST OHIO ST,,0,40.45788056,-79.98713056,0,30,0,0,1,1,0,4,2,8,0,8,0,0000000,0,39,0,44,0,58,0,0,0,1,0
42,421164,1,1,0,1,1,1,1,79,9340,21,12,2012,6,22,56,1,13,3,SR-1011 NORTH ST,FRANKLIN ST,1,41.250475,-75.87676389,0,8,0,0,2,3,0,1,3,2,0,2,0,0000000,22,57,23,2,23,17,0,0,0,1,0
42,421165,2,2,0,0,0,4,4,17,0,25,12,2012,3,9,34,0,14,3,SR-2029 BRISTOL OXFORD VALLEY,SR-2033 WOODBURNE RD,49,40.16603889,-74.87458889,0,12,6,0,2,2,0,1,1,1,0,1,0,0000000,9,36,9,41,10,4,0,0,0,1,0
42,421166,1,1,0,0,0,1,1,129,0,17,12,2012,2,15,24,1,11,1,I-70,,489,40.16761667,-79.73422778,0,25,0,0,1,1,0,1,1,2,0,2,0,0000000,15,22,15,32,16,30,0,0,0,1,1
42,421167,1,1,0,0,0,1,1,11,0,20,12,2012,5,22,45,1,12,3,SR-12 WARREN ST BP,,42,40.37963333,-75.89672222,0,52,0,0,1,1,0,3,2,2,0,2,0,0000000,99,99,99,99,99,99,0,0,0,1,0
42,421168,1,1,0,0,0,1,1,45,1270,6,12,2012,5,12,55,0,16,6,MELROSE AVE,,0,39.86730278,-75.35791389,0,59,0,0,1,1,0,4,1,1,0,1,0,0000000,99,99,99,99,99,99,0,0,0,1,0
42,421169,1,1,0,0,0,1,1,7,0,30,12,2012,1,20,15,0,3,2,US-30 LINCOLN HW,,91,40.52910278,-80.39275833,0,35,0,0,1,1,0,5,2,1,0,1,0,0000000,99,99,99,99,88,88,0,0,0,1,1
42,421170,1,1,0,0,0,2,2,89,0,15,12,2012,7,20,20,0,4,3,SR-534,,56,40.90613056,-75.50056111,0,24,0,0,1,1,0,2,2,1,0,1,0,0000000,99,99,99,99,99,99,0,0,0,1,1
42,421171,2,2,0,0,0,2,2,129,0,20,12,2012,5,9,15,1,13,2,US-30 LINCOLN HWY,WEST PENN DR,93,40.31047778,-79.62686389,0,12,2,0,2,2,0,1,1,1,0,1,0,0000000,88,88,88,88,88,88,0,0,0,1,0
42,421172,1,1,0,0,0,1,1,85,0,19,12,2012,4,22,40,0,4,3,SR-258,,159,41.25638333,-80.28663611,0,34,0,0,1,1,0,5,2,5,0,5,0,0000000,22,40,23,0,23,40,0,0,0,1,0
42,421173,2,2,0,0,0,2,2,55,3343,21,12,2012,6,16,23,1,13,2,US-11 NORLAND AVE,,193,39.97603611,-77.62905278,0,12,2,0,1,1,0,1,1,1,0,1,0,0000000,99,99,99,99,99,99,0,0,0,2,0
42,421174,1,1,0,0,0,1,1,29,0,30,12,2012,1,9,55,0,14,3,SR-401 CONESTOGA RD,,146,40.07033611,-75.62020556,0,42,0,0,1,1,0,4,1,1,0,1,0,0000000,10,1,10,11,88,88,0,0,0,1,0
42,421175,2,2,0,0,0,4,4,45,275,22,12,2012,7,13,5,0,14,3,SR-3007 CONCORD RD,TRYENS RD,32,39.87064722,-75.44035833,0,12,6,0,2,4,0,1,1,1,0,1,0,0000000,99,99,99,99,99,99,0,0,0,1,0
42,421176,1,1,0,0,0,1,1,29,0,14,12,2012,6,4,36,0,6,5,S VALLEY RD,,0,40.01784444,-75.47153056,0,30,0,0,1,1,0,4,2,1,0,1,0,0000000,4,36,4,48,88,88,0,0,0,1,1
42,421177,1,1,0,0,0,1,1,95,0,4,12,2012,3,0,45,0,3,3,SR-512 MOORESTOWN RD,,61,40.74893056,-75.39304167,0,42,0,0,1,1,0,5,2,1,0,1,0,0000000,99,99,99,99,88,88,0,0,0,1,1
42,421178,2,2,0,0,0,2,2,43,0,24,12,2012,2,18,15,0,3,3,SR-743 ELIZABETHTOWN RD,,40,40.24620833,-76.62566667,0,12,2,0,1,1,0,1,2,4,0,4,0,0000000,99,99,99,99,99,99,0,0,0,1,2
42,421179,1,1,0,0,0,2,2,55,1230,22,12,2012,7,22,45,1,13,2,US-11 SECOND ST,,161,39.93978333,-77.660775,0,30,0,0,1,1,0,4,3,1,0,1,0,0000000,99,99,99,99,99,99,0,0,0,1,0
42,421180,1,1,0,0,0,5,5,17,0,8,12,2012,7,13,50,0,6,5,OLD JACKSONVILLE RD,,0,40.24575556,-75.03204167,0,42,0,0,1,1,0,5,1,1,0,1,0,0000000,13,54,14,7,99,99,4,0,0,1,0
42,421181,2,2,0,0,0,2,2,11,0,5,12,2012,4,7,30,1,2,2,US-222 KUTZTOWN RD,,239,40.49096667,-75.82494722,0,12,1,0,1,1,0,1,1,1,0,1,0,0000000,99,99,99,99,88,88,0,0,0,1,0
42,421182,1,1,0,1,1,2,2,77,110,13,12,2012,5,13,29,0,14,3,SR-1017 NINETEENTH ST,GREEN ST,1,40.60584444,-75.50136111,0,8,0,0,3,2,0,1,1,1,0,1,0,0000000,99,99,99,99,99,99,0,0,0,1,0
42,421183,1,1,0,1,1,1,1,11,7640,19,12,2012,4,17,33,1,13,2,US-SR3222 LANCASTER AVE,,19,40.307425,-75.95829722,0,8,0,0,1,1,0,1,3,1,0,1,0,0000000,99,99,99,99,99,99,0,0,0,1,0
42,421184,3,3,0,1,1,3,3,3,6600,11,12,2012,3,7,8,0,16,6,SMALLMAN ST,FOURTEENTH ST,0,40.44796389,-79.99053333,0,8,0,0,2,3,0,1,3,2,0,2,0,0000000,7,8,7,17,7,29,0,0,0,1,0
42,421185,1,1,0,1,1,1,1,129,3370,13,12,2012,5,7,31,0,16,6,SPRING AVE,,0,40.29939444,-79.55394722,0,8,0,0,8,1,0,1,4,1,0,1,0,0000000,99,99,99,99,99,99,0,0,0,1,0
42,421186,3,3,0,0,0,4,4,75,0,5,12,2012,4,1,17,1,13,3,SR-72 EBENEZER RD,,56,40.35210278,-76.44639167,0,12,2,0,1,1,0,1,3,2,0,2,0,0000000,99,99,99,99,99,99,0,0,0,1,1
42,421187,1,1,0,0,0,2,2,121,0,16,12,2012,1,18,55,0,3,3,SR-27,,0,41.590975,-79.84923889,0,42,0,0,1,1,0,4,2,1,0,1,0,0000000,18,54,19,12,19,45,0,0,0,1,0
42,421188,1,1,0,1,1,4,4,81,5450,28,12,2012,6,19,47,1,13,3,SR-2014 BROAD ST,,100,41.24779444,-76.91286389,0,8,0,0,1,1,0,1,3,1,0,1,0,0000000,19,47,19,50,20,7,0,0,0,1,0
42,421189,3,3,0,0,0,3,3,11,0,5,12,2012,4,7,29,0,15,3,SR-1010 PARK RD,,44,40.44866944,-75.83543611,0,12,2,0,1,1,0,1,1,1,0,1,0,0000000,99,99,99,99,88,88,0,0,0,1,0
42,421190,3,1,2,0,0,2,2,101,6540,28,12,2012,6,13,40,0,16,6,PATTISON AVE,,0,39.90447222,-75.16654722,0,14,0,0,1,1,0,2,1,1,0,1,0,0000000,13,40,13,44,14,26,0,0,0,1,0
42,421191,3,3,0,0,0,3,3,129,0,12,12,2012,4,2,7,1,13,2,US-30 LINCOLN HWY,,166,40.30180833,-79.51955,0,12,2,0,1,1,0,1,2,1,0,1,0,0000000,99,99,99,99,99,99,0,0,0,1,1
42,421192,2,2,0,0,0,4,4,55,1230,31,12,2012,2,0,16,0,16,6,CLEVELAND AVE,MCKINLEY ST,0,39.92788056,-77.65851389,0,12,6,0,2,2,0,1,3,1,0,1,0,0000000,99,99,99,99,99,99,0,0,0,2,1
42,421193,4,1,3,0,0,1,1,19,0,14,12,2012,6,11,22,0,14,3,SR-3015 MARS VALENCIA RD,,15,40.69363056,-80.00836389,0,53,0,0,1,1,0,5,1,1,0,1,0,0000000,99,99,99,99,99,99,0,0,0,1,0
42,421194,2,2,0,0,0,4,4,3,9170,14,12,2012,6,14,50,0,16,4,CR-NEW ENGLAND RD,,0,40.32566389,-79.91066111,0,12,2,0,1,1,0,1,1,1,0,1,0,0000000,99,99,99,99,99,99,0,0,0,2,0
42,421195,2,2,0,0,0,3,3,39,0,27,12,2012,5,18,36,1,2,2,US-6 GRAND ARMY OF THE REP HWY,,163,41.61177222,-80.271,0,12,6,0,1,1,0,1,3,1,0,1,0,0000000,18,38,18,47,99,99,0,0,0,1,0
42,421196,2,2,0,0,0,4,4,71,0,18,12,2012,3,7,30,0,6,3,SR-1034 SMOKESTOWN RD,,15,40.24430278,-76.09798333,0,12,6,0,1,1,0,1,1,5,0,5,0,0000000,99,99,99,99,99,99,0,0,0,1,0
42,421197,2,2,0,0,0,2,2,45,0,4,12,2012,3,16,47,1,11,1,I-95 VIETNAM VETERANS MEMO HWY,,13,39.82955833,-75.43060833,0,12,7,0,1,1,0,1,3,1,0,1,0,0000000,99,99,99,99,99,99,0,0,0,1,0
42,421198,2,2,0,0,0,2,2,91,0,16,12,2012,1,19,37,1,13,3,SR-611 EASTON RD,,96,40.19240556,-75.136875,0,12,8,0,1,1,0,1,2,2,0,2,0,0000000,99,99,99,99,88,88,0,0,0,1,1
42,421199,1,1,0,1,1,1,1,107,0,31,12,2012,2,20,25,0,4,3,SR-443 SUEDBERG RD,,18,40.52859722,-76.45704167,0,8,0,0,1,1,0,1,2,1,0,1,0,0000000,99,99,99,99,99,99,0,0,0,1,0
42,421200,1,1,0,0,0,1,1,3,0,7,12,2012,6,4,0,1,13,3,SR-60 STEUBENVILLE PK,,79,40.44864167,-80.141875,0,31,0,0,1,1,0,5,3,2,0,2,0,0000000,99,99,99,99,99,99,0,0,0,1,0
42,421201,1,1,0,0,0,1,1,79,0,1,12,2012,7,6,34,0,6,3,SR-1020 CARPENTER RD,,13,41.359225,-76.01085556,0,42,0,0,1,1,0,5,4,1,0,1,0,0000000,6,36,6,45,88,88,0,0,0,1,1
42,421202,1,1,0,0,0,1,1,125,0,27,12,2012,5,10,29,0,14,3,SR-481 SCENIC DR,SR-8032 RAMP SEVEN RD,67,40.124875,-79.95933056,0,24,0,0,3,3,0,4,1,1,0,1,0,0000000,99,99,99,99,99,99,0,0,0,1,0
42,421203,5,1,4,0,0,3,3,101,6540,30,12,2012,1,22,35,0,14,3,SR-3018 HAVERFORD AVE,,35,39.96237222,-75.20806389,0,39,0,0,1,1,0,5,3,1,0,1,0,0000000,22,34,22,37,23,10,0,0,0,2,0
42,421204,1,1,0,1,1,1,1,79,0,28,12,2012,6,14,10,0,14,3,SR-2024 MAIN ST,,38,41.30000556,-75.81003333,0,8,0,0,1,1,0,1,1,1,0,1,0,0000000,14,11,14,15,14,38,0,0,0,1,0
42,421205,1,1,0,1,1,1,1,101,6540,18,12,2012,3,21,16,1,13,2,US-1 ROOSEVELT BLVD,RHAWN ST,133,40.05673611,-75.04686389,0,8,0,0,2,2,0,1,3,1,0,1,0,0000000,21,16,21,21,21,47,0,0,0,1,0
42,421206,1,1,0,1,1,1,1,101,6540,13,12,2012,5,18,13,0,14,3,SR-4002 STENTON AVE,MURDOCH RD,16,40.07205,-75.18725833,0,8,0,0,2,2,0,1,3,1,0,1,0,0000000,18,13,18,14,18,46,0,0,0,1,0
42,421207,1,1,0,1,1,1,1,101,6540,11,12,2012,3,6,40,0,16,6,LINDBERGH BLVD,74TH ST,0,39.90650278,-75.23518056,0,8,0,0,2,3,0,1,3,2,0,2,0,0000000,6,41,6,51,7,7,0,0,0,1,0
42,421208,1,1,0,1,1,1,1,101,6540,3,12,2012,2,22,20,0,14,3,SR-3023 CHESTER AVE,,21,39.94477222,-75.21564722,0,15,0,0,1,1,0,1,3,1,0,1,0,0000000,22,23,22,26,88,88,0,0,0,1,1
42,421209,4,4,0,0,0,5,5,101,6540,16,12,2012,1,1,14,1,13,3,SR-1004 ERIE AVE,,8,40.00899167,-75.14915278,0,12,1,0,1,1,0,1,3,1,0,1,0,0000000,1,14,1,20,1,46,0,0,0,1,0
42,421210,1,1,0,1,1,2,2,101,6540,16,12,2012,1,7,25,0,16,6,60TH ST,VINE ST,0,39.966575,-75.23981389,0,9,0,0,2,2,0,1,1,1,0,1,0,0000000,7,23,7,30,8,7,0,0,0,1,0
42,421211,1,1,0,1,1,1,1,101,6540,5,12,2012,4,16,32,0,14,3,SR-1003 WHITAKER AVE,,17,40.02043333,-75.11389167,0,8,0,0,1,1,0,1,5,1,0,1,0,0000000,16,35,16,44,17,12,0,0,0,1,0
42,421212,2,2,0,0,0,1,1,89,0,10,12,2012,2,3,28,1,1,1,I-80 KEYSTONE SHORTWAY HW,,2953,41.06495556,-75.35873333,0,18,0,0,1,1,0,1,3,5,2,2,0,0000000,99,99,99,99,99,99,14,19,0,1,0
42,421213,2,2,0,0,0,2,2,15,9547,23,8,2012,5,14,16,1,2,2,US-6 GRAND ARMY OF REPUBLIC HW,,297,41.77316111,-76.40534444,0,12,2,0,1,1,0,1,1,1,0,1,0,0000000,99,99,99,99,99,99,0,0,0,1,0
42,421214,6,6,0,0,0,12,12,77,0,21,12,2012,6,18,55,1,11,1,I-476 NORTHEAST EXT,,681,40.73856389,-75.62958611,0,12,1,0,1,1,0,1,2,4,0,4,0,0000000,99,99,99,99,99,99,0,0,0,1,0
44,440001,1,1,0,0,0,1,1,3,230,3,1,2012,3,15,11,1,11,1,I-95 N,,0,41.67610278,-71.47739444,0,42,0,0,1,1,0,3,1,1,0,1,0,0000000,15,8,15,9,15,20,0,0,0,1,0
44,440002,2,2,0,0,0,2,2,7,32,14,1,2012,7,1,11,0,6,6,BUCK HILL RD,,0,41.97956111,-71.76301944,0,12,6,0,1,1,0,1,3,1,0,1,0,0000000,1,11,1,21,2,16,0,0,0,1,1
44,440003,1,1,0,1,1,1,1,7,190,17,1,2012,3,14,52,1,12,2,US-1 N MAIN ST,,0,41.83753611,-71.40941944,0,8,0,0,8,1,0,1,1,2,0,2,0,0000000,14,49,14,53,99,99,0,0,0,1,0
44,440004,1,1,0,0,0,1,1,7,180,19,1,2012,5,12,53,1,11,1,I-95 N,,0,41.87020278,-71.39984722,0,42,0,0,1,1,0,4,1,1,0,1,0,0000000,12,55,13,0,13,44,0,0,0,1,0
44,440005,2,2,0,0,0,2,2,9,208,6,2,2012,2,10,22,0,2,3,SR-138,,0,41.50376389,-71.59828056,0,12,6,0,1,1,0,4,1,1,0,1,0,0000000,10,31,10,34,11,1,0,0,0,1,0
44,440006,1,1,0,0,0,3,3,9,208,15,2,2012,4,0,11,0,16,6,TORREY RD,,0,41.46549444,-71.452675,0,30,0,0,1,1,0,4,3,1,0,1,0,0000000,0,16,0,20,1,21,0,0,0,1,1
44,440007,1,1,0,0,0,1,1,9,155,17,2,2012,6,2,26,1,13,2,US-1 TOWER HILL RD,SR-4 COL RODMAN HWY,0,41.54028056,-71.46857778,0,33,0,0,2,4,0,3,3,3,0,3,0,0000000,2,27,2,33,3,2,0,0,0,1,0
44,440008,1,1,0,0,0,4,4,3,55,19,2,2012,1,3,50,0,16,6,SHIPPEETOWN RD,,0,41.65209722,-71.52249444,0,17,0,0,1,1,0,4,3,1,0,1,0,0000000,3,53,4,3,4,37,0,0,0,2,1
44,440009,2,2,0,0,0,3,3,7,50,23,2,2012,5,11,13,0,13,3,SR-12 SCITUATE AVE,SEVEN MILE RD,0,41.76518611,-71.55435278,0,12,6,0,2,2,0,1,1,1,0,1,0,0000000,11,14,11,17,11,44,0,0,0,1,0
44,440010,1,1,0,0,0,1,1,5,212,1,3,2012,5,18,31,0,14,3,SR-81   CRANDALL RD.,,0,41.6156,-71.14488056,0,42,0,0,1,1,0,4,3,2,0,2,0,0000000,18,31,18,33,19,27,0,0,0,1,1
44,440011,2,2,0,0,0,2,2,3,48,4,3,2012,1,19,21,0,16,6,STATION ST,FAIRWAY DR,0,41.69294444,-71.56466111,0,12,2,0,3,2,0,1,2,1,0,1,0,0000000,19,23,19,26,20,51,4,0,0,1,0
44,440012,1,1,0,0,0,2,2,7,190,28,1,2012,7,3,0,1,11,1,I-95S,,0,41.819875,-71.41937222,0,5,0,0,1,1,0,1,3,1,0,1,0,0000000,2,59,3,6,88,88,0,0,0,1,1
44,440013,1,1,0,0,0,1,1,9,137,5,3,2012,2,0,25,0,16,6,FODDERING FARM RD,,0,41.41290833,-71.48048056,0,31,0,0,1,1,0,4,3,1,0,1,0,0000000,0,27,0,33,0,46,0,0,0,1,1
44,440014,2,2,0,0,0,2,2,7,190,18,3,2012,1,2,9,1,11,1,I-95 S,,0,41.82215556,-71.42013611,0,12,2,0,1,1,0,1,3,1,0,1,0,0000000,2,7,2,10,2,33,0,0,0,1,2
44,440015,1,1,0,1,1,1,1,5,135,22,3,2012,5,17,35,0,16,6,TUCKERMAN AVE,PURGATORY RD,0,41.48939167,-71.28205,0,9,0,0,2,4,0,1,1,1,0,1,0,0000000,17,30,17,32,17,48,0,0,0,1,0
44,440016,1,1,0,0,0,1,1,3,230,6,4,2012,6,11,28,0,16,6,IVES ROAD,,0,41.65660556,-71.43237778,0,42,0,0,1,1,0,4,1,1,0,1,0,0000000,11,26,11,34,11,54,0,0,0,1,0
44,440017,2,2,0,0,0,5,5,9,84,10,4,2012,3,10,5,1,1,1,I-95 S,,0,41.44991667,-71.78465833,0,54,11,0,1,1,0,1,1,1,0,1,0,0000000,10,19,10,20,11,22,14,0,0,1,0
44,440018,1,1,0,0,0,1,1,7,190,19,4,2012,5,9,30,0,16,6,ADMIRAL ST,,0,41.84674444,-71.4324,0,33,0,0,1,1,0,4,1,1,0,1,0,0000000,9,32,9,39,10,5,20,0,0,1,0
44,440019,1,1,0,0,0,1,1,7,105,22,4,2012,1,18,17,1,11,1,I-295,,0,41.82429167,-71.51535278,0,30,0,1,5,1,0,4,1,2,0,2,0,0000000,18,19,18,20,88,88,0,0,0,1,0
44,440020,1,1,0,0,0,3,3,7,190,29,4,2012,1,6,52,0,16,6,ORMS ST,,0,41.833525,-71.42362222,0,38,0,0,1,1,0,5,1,1,0,1,0,0000000,6,48,6,53,7,20,0,0,0,1,1
44,440021,1,1,0,0,0,1,1,3,239,2,5,2012,4,2,7,1,1,1,I-95,,99998,41.65174167,-71.5768,0,30,0,0,5,1,0,10,3,1,0,1,0,0000000,1,59,2,3,2,39,0,0,0,1,1