STATE,ST_CASE,VE_TOTAL,VE_FORMS,PVH_INVL,PEDS,PERNOTMVIT,PERMVIT,PERSONS,COUNTY,CITY,DAY,MONTH,YEAR,DAY_WEEK,HOUR,MINUTE,NHS,ROAD_FNC,ROUTE,TWAY_ID,TWAY_ID2,MILEPT,LATITUDE,LONGITUD,SP_JUR,HARM_EV,MAN_COLL,RELJCT1,RELJCT2,TYP_INT,WRK_ZONE,REL_ROAD,LGT_COND,WEATHER1,WEATHER2,WEATHER,SCH_BUS,RAIL,NOT_HOUR,NOT_MIN,ARR_HOUR,ARR_MIN,HOSP_HR,HOSP_MN,CF1,CF2,CF3,FATALS,DRUNK_DR
44,440022,2,2,0,0,0,3,3,7,206,11,5,2012,6,19,29,1,11,1,I-295 N,,99998,41.86660278,-71.51486667,0,12,6,0,1,1,0,1,1,1,0,1,0,0000000,19,29,19,35,20,2,0,0,0,1,1
44,440023,1,1,0,0,0,1,1,3,230,19,5,2012,7,17,47,0,12,3,SR-37,,0,41.744,-71.43316111,0,25,0,0,5,1,0,4,1,1,0,1,0,0000000,17,45,17,49,18,8,0,0,0,1,1
44,440024,1,1,0,0,0,2,2,9,155,26,5,2012,7,21,7,0,16,6,HAM-ALLERTON RD,,0,41.54605833,-71.45910556,0,42,0,0,1,1,0,4,2,1,0,1,0,0000000,21,7,21,10,21,48,0,0,0,1,0
44,440025,1,1,0,0,0,1,1,7,190,1,6,2012,6,1,2,0,16,6,MANTON AVE,,0,41.833875,-71.46654722,0,33,0,0,1,1,0,4,3,1,0,1,0,0000000,1,1,1,9,88,88,0,0,0,1,1
44,440026,2,2,0,0,0,3,3,3,245,8,6,2012,6,15,45,0,16,6,WAKEFIELD ST,,0,41.72643056,-71.49718056,0,12,2,0,1,1,0,1,1,1,0,1,0,0000000,15,49,15,53,16,12,0,0,0,2,1
44,440027,2,2,0,0,0,2,2,5,212,15,6,2012,6,16,35,0,14,3,SR-77,,0,41.61789722,-71.20439722,0,12,6,0,8,1,0,1,1,1,0,1,0,0000000,16,35,16,43,17,12,0,0,0,1,0
44,440028,2,2,0,0,0,2,2,9,240,16,6,2012,7,20,11,0,16,6,OLD HOPKINTON RD,,0,41.39159722,-71.80461389,0,12,2,0,1,1,0,1,1,1,0,1,0,0000000,20,12,20,16,20,50,0,0,0,1,1
44,440029,1,1,0,1,1,1,1,5,150,19,6,2012,3,13,16,0,13,3,SR-138A,,0,41.48665833,-71.29575,0,9,0,0,1,1,0,1,1,10,0,10,0,0000000,13,15,13,20,13,40,0,0,0,1,0
44,440030,1,1,0,0,0,1,1,3,230,2,7,2012,2,1,32,1,13,2,US-1 POST RD,,0,41.64905556,-71.45905833,0,33,0,0,1,1,0,4,3,1,0,1,0,0000000,1,36,1,37,2,7,0,0,0,1,1
44,440031,1,1,0,0,0,1,1,7,50,3,7,2012,3,5,35,0,12,3,SR-37,,0,41.75322222,-71.47344167,0,33,0,1,5,1,0,6,1,1,0,1,0,0000000,5,36,5,42,88,88,0,0,0,1,0
44,440032,1,1,0,0,0,1,1,5,212,6,7,2012,6,23,55,0,16,6,FISH RD,,0,41.62935556,-71.18610556,0,30,0,0,1,1,0,4,2,1,0,1,0,0000000,23,55,0,3,88,88,0,0,0,1,1
44,440033,1,1,0,0,0,1,1,5,185,7,7,2012,7,1,30,0,13,3,SR-114 WEST MAIN RD,LOCUST AVE,0,41.57434722,-71.27256111,0,33,0,0,2,2,0,4,2,1,0,1,0,0000000,1,30,1,38,2,30,0,0,0,1,1
44,440034,1,1,0,0,0,1,1,7,260,14,6,2012,5,23,36,0,16,6,BLAKELEY ST,GROVE ST,0,41.99248611,-71.51304722,0,42,0,0,2,2,0,4,3,1,0,1,0,0000000,23,35,23,40,0,57,20,0,0,1,1
44,440035,1,1,0,0,0,1,1,9,84,12,7,2012,5,13,36,1,11,1,I-95 S,,99998,41.50059722,-71.70795556,0,42,0,0,1,1,0,4,1,1,0,1,0,0000000,13,33,13,38,88,88,0,0,0,1,0
44,440036,1,1,0,3,3,1,1,7,206,22,7,2012,1,15,9,1,12,2,US-44 PUTNAM PIKE,,0,41.87021667,-71.53651111,0,8,0,0,1,1,0,4,1,1,0,1,0,0000000,15,12,15,15,15,37,0,0,0,1,0
44,440037,2,2,0,0,0,2,2,7,190,3,8,2012,6,20,3,0,16,6,WESTMINSTER ST,SERVICE ROAD 7,0,41.81881111,-71.41883056,0,12,6,0,2,2,0,1,3,1,0,1,0,0000000,20,3,20,5,20,12,0,0,0,1,0
44,440038,1,1,0,0,0,1,1,3,48,17,8,2012,6,0,2,0,16,6,FISH HILL RD,,0,41.64795833,-71.65593056,0,42,0,0,1,1,0,4,2,1,0,1,0,0000000,0,5,0,13,88,88,0,0,0,1,1
44,440039,2,2,0,0,0,3,3,9,208,30,8,2012,5,22,54,0,3,3,SR-2 SOUTH COUNTY TRAIL,,0,41.47795833,-71.59925278,0,12,2,0,1,1,0,1,2,1,0,1,0,0000000,23,0,23,11,23,51,0,0,0,1,2
44,440040,1,1,0,0,0,1,1,5,150,31,8,2012,6,7,59,0,16,6,BELLEVUE AVE,,0,41.45566389,-71.30857222,0,33,0,0,1,1,0,5,1,1,0,1,0,0000000,8,1,8,3,8,28,0,0,0,1,0
44,440041,2,2,0,0,0,2,2,9,240,31,8,2012,6,20,26,1,13,2,US-1 POST RD,ARGYLE DR,0,41.35075,-71.78079167,0,12,6,0,2,3,0,1,2,1,0,1,0,0000000,20,26,20,30,21,3,0,0,0,1,1
44,440042,1,1,0,0,0,4,4,7,59,3,8,2012,6,22,2,0,3,3,SR-101 HARTFORD PIKE,,0,41.85519444,-71.722475,0,39,0,0,1,1,0,4,2,1,0,1,0,0000000,22,2,22,15,22,50,0,0,0,1,1
44,440043,1,1,0,0,0,2,2,7,50,1,4,2012,1,2,15,0,12,3,SR-2  NEW LONDON AVE,,0,41.74076111,-71.478375,0,21,0,1,5,1,0,4,3,1,0,1,0,0000000,2,19,2,21,99,99,20,0,0,1,1
44,440044,1,1,0,1,1,1,1,3,230,1,5,2012,3,21,58,1,13,2,US-1 POST RD,,0,41.71289167,-71.44660556,0,8,0,0,1,1,0,1,3,1,0,1,0,0000000,21,59,22,3,22,26,0,0,0,1,0
44,440045,1,1,0,0,0,1,1,9,194,8,7,2012,1,18,2,0,6,6,CAROLINA NOOSENECK RD,,0,41.53819722,-71.66653611,0,42,0,0,1,1,0,4,1,1,0,1,0,0000000,18,9,18,12,18,56,0,0,0,1,1
44,440046,3,3,0,0,0,3,3,7,50,7,9,2012,6,0,40,0,13,3,SR-5 OAKLAWN AVE,FERNBROOK AVE,0,41.75960833,-71.47397222,0,12,6,0,2,3,0,1,3,1,0,1,0,0000000,0,41,0,44,1,5,0,0,0,1,0
44,440047,1,1,0,0,0,2,2,9,208,8,9,2012,7,22,49,0,16,6,MOONSTONE BEACH RD,,0,41.38664444,-71.57327222,0,30,0,0,1,1,0,4,3,10,0,10,0,0000000,22,50,23,1,23,37,0,0,0,1,1
44,440048,1,1,0,1,1,1,1,7,159,18,9,2012,3,22,17,0,13,3,SR-146S,SAYLES HILL RD,0,41.96051111,-71.49391389,0,8,0,0,2,2,0,1,2,2,0,2,0,0000000,22,18,22,24,88,88,0,0,0,1,0
44,440049,3,3,0,0,0,3,3,3,55,28,9,2012,6,15,59,0,12,3,SR-4,,0,41.62531111,-71.486825,0,12,1,0,1,1,0,1,1,2,0,2,0,0000000,16,0,16,6,16,22,0,0,0,1,0
44,440050,2,2,0,1,1,1,1,7,190,28,9,2012,6,22,48,1,11,1,I-95 N,,99998,41.85489722,-71.40764722,0,12,6,0,1,1,0,1,2,2,0,2,0,0000000,22,48,22,53,99,99,23,0,0,1,0
44,440051,1,1,0,0,0,3,3,3,48,9,10,2012,3,16,30,0,3,3,SR-14 PLAINFIELD PIKE,,0,41.70785833,-71.76143889,0,21,0,0,1,1,0,4,1,1,0,1,0,0000000,16,33,16,47,17,18,0,0,0,1,0
44,440052,1,1,0,0,0,1,1,7,59,13,10,2012,7,17,50,0,6,6,PLAINWOODS RD,,0,41.73896667,-71.76599444,0,43,0,0,1,1,0,4,1,10,0,10,0,0000000,17,50,18,4,88,88,0,0,0,1,1
44,440053,1,1,0,0,0,1,1,9,155,10,11,2012,7,21,8,0,16,6,ANNAQUATUCKET RD,,0,41.56023333,-71.45996389,0,42,0,0,1,1,0,4,3,1,0,1,0,0000000,21,8,21,12,21,43,0,0,0,1,1
44,440054,1,1,0,0,0,1,1,3,230,16,11,2012,6,15,56,1,11,1,I-295 S,,0,41.71553611,-71.47421667,0,17,0,0,1,1,0,3,1,1,0,1,0,0000000,15,52,15,58,16,42,0,0,0,1,0
44,440055,2,2,0,0,0,6,6,5,185,1,12,2012,7,18,44,0,13,3,SR-114,,0,41.63511944,-71.2552,0,12,6,0,1,1,0,1,2,1,0,1,0,0000000,18,53,19,8,19,54,0,0,0,1,1
44,440056,2,2,0,0,0,5,5,3,239,8,12,2012,7,11,2,0,4,3,SR-3,,0,41.64982222,-71.60628611,0,12,6,1,5,1,0,1,1,10,0,10,0,0000000,10,50,10,57,11,36,0,0,0,1,0
44,440057,4,4,0,0,0,4,4,5,185,12,12,2012,4,5,24,0,13,3,SR-114  WEST MAIN RD.,,0,41.59190833,-71.26686389,0,12,6,0,1,1,0,1,3,1,0,1,0,0000000,5,27,5,29,5,50,0,0,0,1,1
44,440058,4,4,0,0,0,4,4,1,225,19,12,2012,4,14,39,0,16,6,SCHOOLHOUSE RD,MARKET ST,0,41.74109444,-71.27349722,0,12,1,0,3,3,0,1,1,1,0,1,0,0000000,14,40,14,43,15,3,0,0,0,1,0
44,440059,1,1,0,0,0,1,1,3,55,21,12,2012,6,11,12,1,11,1,I-95 S,,99998,41.66671667,-71.50305,0,24,0,0,1,1,0,3,1,2,0,2,0,0000000,11,8,11,15,11,59,0,0,0,1,0
44,440060,1,1,0,0,0,1,1,7,260,27,12,2012,5,21,26,0,16,6,SOUTH MAIN ST,SHOVE ST,0,41.99134167,-71.52807778,0,42,0,0,1,1,0,5,3,2,4,4,0,0000000,21,27,21,33,22,11,0,0,0,1,1
44,440061,1,1,0,0,0,1,1,7,50,30,7,2012,2,12,45,0,13,3,SR-14  PLAINFIELD PIKE,,0,41.79001944,-71.50020556,0,38,0,0,1,1,0,4,9,2,0,2,0,0000000,12,45,12,48,88,88,0,0,0,1,0
44,440062,1,1,0,0,0,1,1,9,137,29,7,2012,1,12,57,0,13,3,SR-IA BOSTON NECK RD,,0,41.46848056,-71.433775,0,42,0,0,1,1,0,4,1,1,0,1,0,0000000,12,59,13,2,13,29,0,0,0,1,0
45,450001,3,3,0,0,0,8,8,63,1430,1,1,2012,1,10,40,1,13,2,US-378,LIBBY LANE,165,33.99529722,-81.22421667,0,12,6,0,2,2,0,1,1,1,0,1,0,0000000,99,99,99,99,99,99,0,0,0,1,1
45,450002,1,1,0,1,1,4,4,19,85,3,1,2012,3,18,9,1,2,2,US-17,,99999,32.89582222,-79.73519167,0,8,0,0,1,1,0,1,2,1,0,1,0,0000000,99,98,99,98,99,98,0,0,0,1,0
45,450003,1,1,0,0,0,1,1,67,1630,5,1,2012,5,12,12,1,2,2,US-501,,99999,34.16992778,-79.39971944,0,42,0,0,1,1,0,4,1,1,0,1,0,0000000,12,13,12,17,12,58,0,0,0,1,0
45,450004,1,1,0,0,0,1,1,13,0,6,1,2012,6,19,45,0,4,3,SR-471,,99999,32.39382222,-80.60684722,0,1,0,0,1,1,0,1,2,1,0,1,0,0000000,99,98,99,98,99,98,0,0,0,1,1
45,450005,1,1,0,0,0,2,2,19,1316,7,1,2012,7,17,22,0,15,3,SR-881,,99999,32.98666111,-80.11263889,0,34,0,0,1,1,0,4,5,1,0,1,0,0000000,99,99,99,99,99,99,0,0,0,1,0
45,450006,2,2,0,0,0,5,5,45,0,9,1,2012,2,18,45,1,13,2,US-25,SR-183,314,34.89021111,-82.46858889,0,12,6,0,2,2,0,1,2,10,0,10,0,0000000,99,99,99,99,99,99,0,0,0,1,0
45,450007,2,2,0,0,0,2,2,7,0,8,1,2012,1,20,17,0,3,3,SR-24,,99999,34.54580556,-82.86253056,0,12,2,0,1,1,0,1,2,10,0,10,0,0000000,20,17,20,20,99,99,0,0,0,1,0
45,450008,1,1,0,0,0,1,1,19,2697,9,1,2012,2,22,12,0,3,3,SR-700,,99999,32.687025,-80.15022778,0,42,0,0,1,1,0,4,2,1,0,1,0,0000000,99,98,99,98,99,98,0,0,0,1,1
45,450009,1,1,0,0,0,1,1,45,1040,11,1,2012,4,9,21,1,11,1,I-385,,363,34.83281944,-82.29662778,0,42,0,1,18,1,0,4,1,2,0,2,0,0000000,9,29,9,43,99,99,0,0,0,1,0
45,450010,2,2,0,0,0,3,3,35,0,12,1,2012,5,16,24,0,4,3,SR-62,HUNTERD RIDGE LANE,99999,32.92601667,-80.08180556,0,12,6,0,2,3,0,1,1,1,0,1,0,0000000,16,25,16,34,17,21,0,0,0,1,0
45,450011,2,2,0,0,0,4,4,7,0,12,1,2012,5,21,20,0,3,3,SR-28,,99999,34.52603611,-82.69430556,0,12,2,0,1,1,0,1,3,1,0,1,0,0000000,21,21,21,25,21,54,0,0,0,1,1
45,450012,1,1,0,1,1,3,3,51,0,14,1,2012,7,0,10,1,2,2,US-17,,99999,33.62551944,-78.96708889,0,8,0,0,1,1,0,1,3,1,0,1,0,0000000,0,13,0,20,0,39,0,0,0,1,1
45,450013,1,1,0,0,0,1,1,91,0,14,1,2012,7,2,1,0,14,3,SR-322,,21,34.9308,-81.08499722,0,30,0,0,1,1,0,4,2,1,0,1,0,0000000,99,98,99,98,99,98,0,0,0,1,1
45,450014,2,2,0,0,0,4,4,55,0,6,1,2012,6,17,25,1,2,2,US-521,,4,34.14180833,-80.55891944,0,12,2,0,1,1,0,1,5,1,0,1,0,0000000,17,30,17,43,18,10,0,0,0,1,0
45,450015,1,1,0,0,0,1,1,91,0,8,1,2012,1,2,50,0,3,3,SR-49,,99999,34.96756944,-81.30901111,0,32,0,0,1,1,0,4,2,1,0,1,0,0000000,99,98,99,98,99,98,0,0,0,1,1
45,450016,1,1,0,0,0,1,1,63,0,8,1,2012,1,8,0,0,9,3,SR-624,,130,33.79407778,-81.32479722,0,1,0,0,1,1,0,4,1,1,0,1,0,0000000,8,16,8,22,99,99,0,0,0,1,1
45,450017,1,1,0,0,0,3,3,51,0,14,1,2012,7,22,10,0,3,3,SR-90,,99999,33.85270556,-78.69139722,0,1,0,0,1,1,0,4,2,1,0,1,0,0000000,99,99,99,99,99,99,0,0,0,1,1
45,450018,1,1,0,1,1,1,1,45,0,15,1,2012,1,1,8,1,13,2,US-25,SANDRA AVE,249,34.807075,-82.43416111,0,8,0,0,3,1,0,1,3,1,0,1,0,0000000,99,99,99,99,99,99,0,0,0,1,0
45,450019,4,4,0,0,0,5,5,7,0,16,1,2012,2,18,10,0,3,3,SR-88,FIRETOWER RD,99999,34.71846667,-82.57631111,0,12,1,0,3,1,0,1,2,1,0,1,0,0000000,18,13,18,16,99,99,0,0,0,1,0
45,450020,1,1,0,0,0,1,1,73,0,18,1,2012,4,1,15,0,9,3,SR-181,,4,34.77661111,-83.07568333,0,31,0,0,1,1,0,4,3,2,0,2,0,0000000,99,98,99,98,99,98,0,0,0,1,1
45,450021,3,3,0,0,0,3,3,19,1805,18,1,2012,4,8,0,0,3,3,SR-7,,99999,32.844,-79.98039722,0,12,6,0,1,1,0,1,1,2,0,2,0,0000000,99,99,99,99,99,99,0,0,0,1,0
45,450022,1,1,0,1,1,2,2,51,0,21,1,2012,7,18,42,0,4,3,SR-31,,99999,33.922675,-78.83520556,0,8,0,0,1,1,0,1,2,2,0,2,0,0000000,99,99,99,99,99,99,0,0,0,1,0
45,450023,1,1,0,1,1,1,1,83,0,21,1,2012,7,0,22,0,4,3,SR-41,,33,34.95872778,-82.01478889,0,8,0,0,1,1,0,1,2,2,0,2,0,0000000,99,99,99,99,99,99,0,0,0,1,0
45,450024,2,2,0,0,0,3,3,33,0,21,1,2012,7,15,0,0,4,3,SR-41,,100,34.35442778,-79.15291944,0,12,2,0,1,1,0,1,1,2,0,2,0,0000000,15,7,15,18,15,51,0,0,0,1,0
45,450025,1,1,0,0,0,1,1,89,0,22,1,2012,1,3,30,0,4,3,SR-45,,45,33.38423889,-79.72869444,0,35,0,0,1,1,0,4,2,2,0,2,0,0000000,99,98,99,98,99,98,0,0,0,1,1
45,450026,1,1,0,0,0,2,2,85,0,26,1,2012,5,20,10,1,13,2,US-278,,213,33.92329722,-80.29913611,0,11,0,0,1,1,0,1,2,1,0,1,0,0000000,20,11,20,18,20,40,0,0,0,1,0
45,450027,1,1,0,0,0,1,1,71,0,29,1,2012,1,2,45,1,2,2,US-76,,33,34.35212778,-81.73110833,0,1,0,0,1,1,0,4,2,1,0,1,0,0000000,99,98,99,98,99,98,0,0,0,1,1
45,450028,2,2,0,0,0,1,1,91,0,31,1,2012,3,18,35,1,2,2,US-321,,195,35.06522222,-81.23364444,0,12,1,0,1,1,0,1,2,1,0,1,0,0000000,19,45,19,51,20,37,23,0,0,1,0
45,450029,1,1,0,1,1,1,1,63,1430,31,1,2012,3,19,25,1,13,2,US-1,,192,33.98423889,-81.25222222,0,8,0,0,1,1,0,1,6,1,0,1,0,0000000,99,98,99,98,99,98,0,0,0,1,0
45,450030,1,1,0,1,1,1,1,77,1440,2,2,2012,5,16,26,0,6,6,ODELL STREET,WILLARD STREET,99999,34.77883056,-82.69493056,0,8,0,0,2,3,0,1,1,1,0,1,0,0000000,16,27,16,29,16,56,0,0,0,1,0
45,450031,1,1,0,1,1,2,2,63,0,4,2,2012,7,20,28,1,2,2,US-378,,87,34.00423333,-81.34546667,0,8,0,0,1,1,0,1,2,1,0,1,0,0000000,99,98,99,98,99,98,0,0,0,1,0
45,450032,1,1,0,1,1,1,1,31,0,3,1,2012,3,19,15,0,4,3,SR-19,,75,34.25570556,-79.978375,0,9,0,0,1,1,0,1,2,1,0,1,0,0000000,19,15,19,15,19,51,0,0,0,1,0
45,450033,1,1,0,0,0,2,2,63,0,7,1,2012,7,13,5,0,4,3,SR-883,,99999,33.77511944,-81.37049444,0,35,0,0,1,1,0,4,1,1,0,1,0,0000000,99,99,99,99,99,99,0,0,0,1,0
45,450034,1,1,0,0,0,2,2,79,0,8,1,2012,1,3,45,0,4,3,SR-1223,,5,33.97106667,-80.90946944,0,42,0,0,1,1,0,4,2,1,0,1,0,0000000,99,99,99,99,99,99,0,0,0,1,0
45,450035,1,1,0,0,0,2,2,57,0,8,1,2012,1,19,30,0,4,3,SR-64,,99999,35.04139722,-80.89248333,0,35,0,0,1,1,0,4,2,10,0,10,0,0000000,19,34,19,43,20,13,0,0,0,1,1
45,450036,1,1,0,0,0,1,1,7,0,10,1,2012,3,1,5,1,1,1,I-85,,339,34.68543889,-82.51451944,0,42,0,0,1,1,0,4,2,5,0,5,0,0000000,1,15,1,31,99,99,0,0,0,1,0
45,450037,1,1,0,0,0,2,2,13,0,11,1,2012,4,15,55,0,4,3,SR-33,,33,32.66214444,-80.750425,0,42,0,0,1,1,0,4,1,2,0,2,0,0000000,99,98,99,98,99,98,0,0,0,2,1
45,450038,1,1,0,0,0,2,2,77,0,17,1,2012,3,21,15,1,2,2,US-178,,99999,34.82513056,-82.69951389,0,35,0,0,1,1,0,4,2,2,0,2,0,0000000,21,20,21,29,21,53,0,0,0,1,0
45,450039,1,1,0,0,0,4,4,79,520,18,1,2012,4,4,54,0,4,3,SR-15,,4,33.97782222,-81.016575,0,19,0,0,1,1,0,5,3,2,0,2,0,0000000,99,98,99,98,99,98,0,0,0,4,1
45,450040,1,1,0,0,0,1,1,7,0,18,1,2012,4,18,50,0,4,3,SR-49,,99999,34.37722222,-82.62758333,0,34,0,0,1,1,0,5,2,1,0,1,0,0000000,99,99,99,99,99,99,0,0,0,1,0
45,450041,1,1,0,0,0,1,1,7,0,22,1,2012,1,0,50,0,3,3,SR-184,,41,34.28991389,-82.70626111,0,30,0,0,1,1,0,4,2,1,0,1,0,0000000,0,52,1,13,99,99,0,0,0,1,1
45,450042,2,2,0,0,0,4,4,41,0,26,1,2012,5,18,0,0,3,3,SR-327,24,197,34.230625,-79.68461667,0,12,6,0,2,2,0,1,2,1,0,1,0,0000000,19,9,19,21,99,99,0,0,0,1,0
45,450043,2,2,0,0,0,2,2,35,2530,2,1,2012,2,14,50,0,15,3,SR-65,OLD POSTERN,3,33.02716389,-80.19076111,0,12,6,0,2,3,0,1,1,1,0,1,0,0000000,14,57,15,0,16,0,0,0,0,1,0
45,450044,2,2,0,0,0,3,3,43,0,6,1,2012,6,21,40,0,4,3,SR-24,,99999,33.32456111,-79.47168611,0,12,6,0,8,1,0,1,2,1,0,1,0,0000000,99,99,99,99,99,99,0,0,0,2,1
45,450045,1,1,0,0,0,1,1,83,0,28,1,2012,7,16,0,0,6,6,SEMINOLE DRIVE,,99999,34.96341944,-81.98035833,0,34,0,0,8,1,0,4,1,1,0,1,0,0000000,16,56,17,15,17,45,0,0,0,1,1
45,450046,1,1,0,0,0,1,1,25,0,29,1,2012,1,6,0,0,4,3,SR-895,MCDUFFIE LANE,99999,34.72838056,-80.00050278,0,38,0,0,2,3,0,4,2,1,0,1,0,0000000,6,11,6,53,7,37,0,0,0,1,1
45,450047,1,1,0,0,0,1,1,33,0,29,1,2012,1,2,40,0,9,3,SR-30,,154,34.40913056,-79.31808889,0,42,0,0,1,1,0,4,2,1,0,1,0,0000000,2,53,2,59,99,99,0,0,0,1,1
45,450048,1,1,0,1,1,1,1,17,0,29,1,2012,1,18,34,1,1,1,I-26,,1217,33.83965556,-81.02286667,0,8,0,0,1,1,0,1,2,1,0,1,0,0000000,18,34,18,40,99,99,0,0,0,1,0
45,450049,1,1,0,1,1,1,1,15,0,30,1,2012,2,17,33,0,4,3,SR-964,,99999,33.32935278,-79.82133889,0,9,0,0,1,1,0,1,5,1,0,1,1,0000000,99,99,99,99,99,99,0,0,0,1,0
45,450050,1,1,0,0,0,4,4,13,0,31,1,2012,3,10,54,0,4,3,SR-21,,71,32.61008889,-80.77011944,0,42,0,0,1,1,0,5,1,1,0,1,0,0000000,99,99,99,99,99,99,0,0,0,1,0
45,450051,1,1,0,0,0,1,1,79,520,2,1,2012,2,12,30,0,15,6,CLEMENT,,1,34.03149444,-81.05879722,0,42,0,0,1,1,0,4,1,1,0,1,0,0000000,12,36,12,44,13,18,0,0,0,1,1
45,450052,3,3,0,0,0,3,3,83,0,2,1,2012,2,14,20,0,15,3,SR-41,SR-967,1,34.96598056,-82.02418056,0,12,6,0,2,2,0,1,1,1,0,1,0,0000000,15,13,15,30,15,57,0,0,0,1,0
45,450053,1,1,0,2,2,1,1,91,0,2,1,2012,2,18,30,1,2,2,US-321,,207,35.07845278,-81.22651944,0,8,0,0,1,1,0,1,2,1,0,1,0,0000000,18,46,19,7,19,50,0,0,0,2,0
45,450054,1,1,0,0,0,3,3,79,520,7,1,2012,7,15,5,1,11,1,I-20,,799,34.09210833,-80.86193889,0,1,0,0,1,1,0,3,1,1,0,1,0,0000000,15,8,15,19,15,47,0,0,0,1,0
45,450055,2,2,0,0,0,3,3,73,0,11,1,2012,4,20,30,1,2,2,US-76,,207,34.68441111,-83.00377778,0,12,1,0,1,1,0,1,2,1,0,1,0,0000000,99,99,99,99,99,99,0,0,0,1,0
45,450056,1,1,0,0,0,1,1,63,0,12,1,2012,5,2,15,0,4,3,SR-1811,,281,33.98486389,-81.10660556,0,42,0,0,1,1,0,4,3,1,0,1,0,0000000,99,99,99,99,99,99,0,0,0,1,1
45,450057,1,1,0,0,0,1,1,81,0,12,1,2012,5,0,35,0,3,3,SR-23,,106,33.87739167,-81.58905556,0,43,0,0,1,1,0,4,2,1,0,1,0,0000000,99,99,99,99,99,99,0,0,0,1,1
45,450058,1,1,0,0,0,1,1,29,0,12,1,2012,5,21,35,0,4,3,SR-64,,50,32.92035556,-80.81087222,0,34,0,0,1,1,0,4,2,1,0,1,0,0000000,99,98,99,98,99,98,0,0,0,1,1
45,450059,2,2,0,0,0,5,5,27,0,13,1,2012,6,6,15,0,4,3,SR-38,SR-127,50,33.568625,-80.33290833,0,12,6,0,2,2,0,1,2,1,0,1,0,0000000,6,17,6,31,7,24,0,0,0,1,0
45,450060,4,4,0,1,1,6,6,79,0,20,1,2012,6,6,45,0,3,2,US-321,,158,34.187475,-81.04704722,0,12,1,0,1,1,0,1,2,10,0,10,0,0000000,99,99,99,99,99,99,23,0,0,1,0
45,450061,2,2,0,0,0,2,2,63,0,21,1,2012,7,3,50,1,11,1,I-26,,1064,34.03769722,-81.11181667,0,12,1,1,18,1,0,1,6,10,0,10,0,0000000,99,98,99,98,99,98,0,0,0,1,1
45,450062,2,1,1,0,0,1,1,33,0,22,1,2012,1,6,49,0,4,3,SR-28,,99999,34.27084444,-79.30340556,0,14,0,0,1,1,0,2,2,1,0,1,0,0000000,7,56,8,8,8,50,0,0,0,1,1
45,450063,1,1,0,0,0,1,1,63,0,24,1,2012,3,0,16,0,4,3,SR-875,,9,33.87653333,-81.10416667,0,42,0,0,1,1,0,4,2,1,0,1,0,0000000,99,98,99,98,99,98,0,0,0,1,1
45,450064,2,2,0,0,0,2,2,45,0,24,1,2012,3,9,11,1,11,1,I-385,,310,34.766375,-82.27693611,0,12,1,1,18,1,0,1,1,1,0,1,0,0000000,99,98,99,98,99,98,0,0,0,1,0
45,450065,3,3,0,0,0,4,4,45,1040,25,1,2012,4,7,39,0,3,3,SR- 20,FARIS RD,99999,34.81743056,-82.41618056,0,12,6,0,2,2,0,1,1,1,0,1,0,0000000,99,99,99,99,99,99,0,0,0,1,0
45,450066,2,2,0,0,0,2,2,15,0,25,1,2012,4,9,35,0,4,3,SR-311,59,401,33.27733333,-80.25877778,0,12,6,0,2,2,0,1,1,1,0,1,0,0000000,9,45,9,57,99,99,0,0,0,1,0
45,450067,2,2,0,0,0,3,3,85,0,27,1,2012,6,17,10,1,2,2,US-76,SR-261,60,33.94534444,-80.52395833,0,12,6,0,8,1,0,1,5,1,0,1,0,0000000,17,50,17,50,99,99,0,0,0,1,0
45,450068,2,2,0,0,0,3,3,59,0,28,1,2012,7,16,5,0,3,3,SR-14,OLD LAURENS RD,99999,34.55388056,-82.07583611,0,12,2,0,2,4,0,1,1,1,0,1,0,0000000,16,11,16,17,99,99,0,0,0,1,0
45,450069,1,1,0,0,0,1,1,63,0,28,1,2012,7,12,45,0,4,3,SR-19,,45,33.80301667,-81.4379,0,42,0,0,1,1,0,4,1,1,0,1,0,0000000,12,47,13,1,13,37,0,0,0,1,1
45,450070,1,1,0,0,0,5,5,9,0,29,1,2012,1,2,50,0,4,3,SR-20,,99999,33.31848333,-81.00314722,0,1,0,0,1,1,0,4,2,1,0,1,0,0000000,99,99,99,99,99,99,0,0,0,1,0
45,450071,3,3,0,0,0,5,5,83,0,30,1,2012,2,16,47,0,4,3,SR-44,,99999,34.96898611,-81.91917778,0,12,6,0,1,1,0,1,1,1,0,1,0,0000000,99,99,99,99,99,99,0,0,0,1,1
45,450072,2,2,0,0,0,2,2,45,1060,1,2,2012,4,3,1,0,15,3,SR-136,SR-94,18,34.91441111,-82.23875278,0,12,6,0,2,2,0,1,3,1,0,1,0,0000000,99,99,99,99,99,99,0,0,0,1,1
45,450073,3,3,0,0,0,4,4,77,0,1,2,2012,4,12,18,1,2,2,US-123,144,227,34.82942222,-82.51982222,0,12,6,0,2,2,0,1,1,1,0,1,0,0000000,12,20,12,20,12,50,0,0,0,1,0
45,450074,2,2,0,1,1,2,2,45,0,1,2,2012,4,6,28,1,11,1,I-85,,508,34.83862222,-82.28779167,0,8,0,0,1,1,0,1,2,1,0,1,0,0000000,99,99,99,99,99,99,0,0,0,1,0