STATE,ST_CASE,VE_TOTAL,VE_FORMS,PVH_INVL,PEDS,PERNOTMVIT,PERMVIT,PERSONS,COUNTY,CITY,DAY,MONTH,YEAR,DAY_WEEK,HOUR,MINUTE,NHS,ROAD_FNC,ROUTE,TWAY_ID,TWAY_ID2,MILEPT,LATITUDE,LONGITUD,SP_JUR,HARM_EV,MAN_COLL,RELJCT1,RELJCT2,TYP_INT,WRK_ZONE,REL_ROAD,LGT_COND,WEATHER1,WEATHER2,WEATHER,SCH_BUS,RAIL,NOT_HOUR,NOT_MIN,ARR_HOUR,ARR_MIN,HOSP_HR,HOSP_MN,CF1,CF2,CF3,FATALS,DRUNK_DR
45,450075,1,1,0,1,1,1,1,45,0,2,2,2012,5,18,30,0,14,3,SR-183,13,53,34.86910556,-82.41678056,0,9,0,0,2,3,0,1,2,1,0,1,0,0000000,18,31,18,38,18,55,0,0,0,1,0
45,450076,2,2,0,0,0,3,3,83,0,3,2,2012,6,9,18,1,13,2,US-29,817,225,34.98879722,-81.85325278,0,12,1,0,3,3,0,1,1,1,0,1,0,0000000,9,18,9,18,9,35,0,0,0,1,0
45,450077,2,2,0,0,0,2,2,19,1805,5,2,2012,1,16,36,1,13,2,US-78,,58,32.98800556,-80.09841389,0,12,6,0,8,1,0,1,1,1,0,1,0,0000000,99,99,99,99,99,99,0,0,0,1,1
45,450078,1,1,0,2,2,1,1,3,0,5,2,2012,1,15,0,0,4,3,SR-79,LONE OAK DRIVE,99999,33.504575,-81.68495278,0,9,0,0,2,3,0,1,1,1,0,1,0,0000000,99,99,99,99,99,99,0,0,0,1,0
45,450079,1,1,0,0,0,1,1,61,0,6,2,2012,2,2,0,0,4,3,SR-58,,31,34.042975,-80.05911111,0,34,0,0,1,1,0,4,2,1,0,1,0,0000000,99,99,99,99,99,99,0,0,0,1,1
45,450080,1,1,0,0,0,1,1,41,0,7,2,2012,3,6,30,0,4,3,SR-327,724,145,34.18056944,-79.65233889,0,42,0,0,2,3,0,4,4,1,0,1,0,0000000,8,4,8,21,9,1,0,0,0,1,0
45,450081,1,1,0,1,1,1,1,63,0,8,2,2012,4,18,41,0,4,3,SR-302,,41,33.75426667,-81.25379722,0,8,0,0,1,1,0,1,2,1,0,1,0,0000000,99,98,99,98,99,98,0,0,0,1,0
45,450082,1,1,0,1,1,1,1,51,0,8,2,2012,4,18,22,1,13,2,US-501,,22,33.80957222,-79.02638611,0,8,0,0,1,1,0,1,2,1,0,1,0,0000000,99,99,99,99,99,99,0,0,0,1,0
45,450083,1,1,0,1,1,1,1,7,40,9,2,2012,5,20,11,0,6,6,MARCHBANKS,,99999,34.52716389,-82.628975,0,9,0,0,1,1,0,1,2,1,0,1,0,0000000,99,98,99,98,99,98,0,0,0,1,0
45,450084,1,1,0,0,0,1,1,45,0,10,2,2012,6,18,15,0,15,3,SR-545,,61,34.75494444,-82.24673611,0,35,0,0,1,1,0,4,2,10,0,10,0,0000000,99,99,99,99,99,99,0,0,0,1,0
45,450085,3,3,0,0,0,5,5,63,0,11,2,2012,7,15,28,0,14,3,SR-6,,57,34.02431111,-81.22084722,0,12,6,0,1,1,0,1,1,1,0,1,0,0000000,99,99,99,99,99,99,0,0,0,1,0
45,450086,1,1,0,0,0,1,1,19,15,12,2,2012,1,21,3,0,4,3,SR-38,,99999,32.81340833,-80.40211111,0,42,0,0,1,1,0,4,2,1,0,1,0,0000000,99,98,99,98,99,98,0,0,0,1,1
45,450087,2,2,0,0,0,4,4,75,0,13,2,2012,2,16,40,0,4,2,US-178,1258,299,33.44616944,-80.803925,0,12,6,0,2,3,0,1,1,1,0,1,0,0000000,99,99,99,99,99,99,0,0,0,1,0
45,450088,1,1,0,0,0,1,1,3,20,13,2,2012,2,15,15,0,4,3,SR-1268,,7,33.50787778,-81.74710556,0,42,0,0,1,1,0,4,1,1,0,1,0,0000000,15,18,15,37,16,14,0,0,0,1,1
45,450089,1,1,0,0,0,1,1,85,0,14,2,2012,3,11,50,0,4,3,SR-282,,99999,34.06048611,-80.43411944,0,42,0,0,1,1,0,4,1,1,0,1,0,0000000,11,50,12,2,99,99,0,0,0,1,0
45,450090,1,1,0,0,0,1,1,29,0,15,2,2012,4,0,20,0,4,3,SR-15,,99999,32.97023056,-80.63948056,0,42,0,0,1,1,0,4,2,1,0,1,0,0000000,99,98,99,98,99,98,0,0,0,1,1
45,450091,1,1,0,0,0,1,1,73,0,16,2,2012,5,21,34,0,4,3,SR-21,,99999,34.65179722,-82.93752222,0,1,0,0,1,1,0,4,3,1,0,1,0,0000000,99,98,99,98,99,98,0,0,0,1,1
45,450092,1,1,0,0,0,1,1,29,0,18,2,2012,7,0,18,0,9,3,SR-14,,18,32.73691389,-80.590125,0,42,0,0,1,1,0,4,2,1,0,1,0,0000000,99,98,99,98,99,98,0,0,0,1,1
45,450093,1,1,0,1,1,1,1,19,410,18,2,2012,7,0,45,0,14,3,SR-7,,18,32.80703889,-80.00896944,0,8,0,0,1,1,0,1,3,1,0,1,0,0000000,99,98,99,98,99,98,0,0,0,1,0
45,450094,1,1,0,0,0,1,1,83,0,19,2,2012,1,1,0,0,4,3,SR-197,,4,34.77783611,-82.04286389,0,42,0,0,1,1,0,4,2,2,0,2,0,0000000,1,10,1,19,2,15,0,0,0,1,1
45,450095,2,1,1,0,0,1,1,55,0,19,2,2012,1,0,52,0,4,3,SR-15,,181,34.26489444,-80.57391111,0,42,0,0,1,1,0,4,3,2,0,2,0,0000000,99,98,99,98,99,98,0,0,0,1,0
45,450096,1,1,0,0,0,1,1,91,0,20,2,2012,2,8,0,1,1,1,I-77,,726,34.85651111,-81.00928611,0,42,0,1,18,1,0,4,1,3,0,3,0,0000000,99,99,99,99,99,99,0,0,0,1,0
45,450097,2,2,0,1,1,4,4,79,0,21,2,2012,3,19,13,0,13,2,US-176,,197,34.04033056,-81.09183889,0,8,0,1,18,1,0,1,3,1,0,1,0,0000000,99,98,99,98,99,98,0,0,0,1,0
45,450098,1,1,0,0,0,1,1,47,0,22,2,2012,4,13,45,0,4,3,SR-246,,139,34.21758889,-82.03765556,0,34,0,0,1,1,0,4,1,1,0,1,0,0000000,14,2,14,14,14,34,0,0,0,1,0
45,450099,1,1,0,0,0,1,1,19,85,23,2,2012,5,18,50,0,4,3,SR-98,,99999,32.95879167,-79.76379167,0,34,0,0,1,1,0,4,2,1,0,1,0,0000000,99,98,99,98,99,98,0,0,0,1,1
45,450100,1,1,0,0,0,1,1,19,1245,24,2,2012,6,19,4,0,4,3,SR-91,,72,32.65964722,-80.06701111,0,34,0,0,1,1,0,4,3,2,0,2,0,0000000,19,10,19,18,99,99,0,0,0,1,1
45,450101,1,1,0,1,1,1,1,85,0,24,2,2012,6,16,45,0,14,3,SR-763,,136,33.91528611,-80.29748056,0,8,0,0,1,1,0,1,1,2,0,2,0,0000000,17,27,17,30,17,59,0,0,0,1,0
45,450102,2,2,0,0,0,6,6,41,0,24,2,2012,6,17,2,1,2,2,US-52,,99999,34.24411667,-79.81766389,0,12,8,0,1,1,0,1,1,2,0,2,0,0000000,17,55,18,26,99,99,0,0,0,3,0
45,450103,1,1,0,0,0,1,1,91,0,25,2,2012,7,15,0,0,3,3,SR-557,,10,35.10908611,-81.17366389,0,1,0,0,1,1,0,1,1,1,0,1,0,0000000,99,99,99,99,99,99,0,0,0,1,1
45,450104,1,1,0,0,0,1,1,31,0,25,2,2012,7,15,27,0,9,3,SR-1249,,4,34.25451389,-79.87061111,0,34,0,0,1,1,0,4,1,1,0,1,0,0000000,99,99,99,99,99,99,0,0,0,1,0
45,450105,2,2,0,0,0,7,7,75,0,27,2,2012,2,15,55,0,4,2,US-178,,30,33.44581389,-80.80323889,0,12,2,0,1,1,0,1,1,1,0,1,1,0000000,99,99,99,99,99,99,0,0,0,1,0
45,450106,1,1,0,0,0,1,1,45,0,27,2,2012,2,23,21,0,4,3,SR-677,,1,34.901075,-82.35438889,0,34,0,0,1,1,0,4,2,1,0,1,0,0000000,99,98,99,98,99,98,0,0,0,1,0
45,450107,1,1,0,0,0,1,1,79,0,27,2,2012,2,14,15,1,11,1,I-77,,52,33.95134722,-80.98505278,0,24,0,0,1,1,0,3,1,10,0,10,0,0000000,14,20,14,27,14,58,0,0,0,1,0
45,450108,1,1,0,0,0,1,1,21,0,28,2,2012,3,19,50,0,5,3,SR-70,,12,35.01627222,-81.67454444,0,53,0,0,1,1,0,4,2,10,0,10,0,0000000,99,98,99,98,99,98,0,0,0,1,1
45,450109,1,1,0,0,0,1,1,43,0,1,3,2012,5,8,45,1,2,2,US-17,,99999,33.40413333,-79.19939444,0,42,0,0,1,1,0,3,1,2,0,2,0,0000000,9,0,9,8,9,58,0,0,0,1,0
45,450110,1,1,0,0,0,1,1,73,2710,2,3,2012,6,18,15,0,6,6,PINE STREET/ 165,,99999,34.77134722,-83.07052222,0,35,0,0,1,1,0,4,1,1,0,1,0,0000000,99,99,99,99,99,99,0,0,0,1,1
45,450111,1,1,0,0,0,1,1,51,0,3,3,2012,7,3,50,0,4,3,SR-608,,99999,33.78310278,-79.16956944,0,11,0,0,1,1,0,1,3,1,0,1,0,0000000,99,98,99,98,99,98,0,0,0,1,0
45,450112,1,1,0,0,0,1,1,75,1870,3,3,2012,7,3,47,0,15,3,SR-811,,15,33.51248889,-80.87838056,0,42,0,0,1,1,0,4,3,2,0,2,0,0000000,99,98,99,98,99,98,0,0,0,1,0
45,450113,1,1,0,0,0,1,1,79,0,3,3,2012,7,22,21,0,3,3,SR-263,,38,33.88631667,-80.68566111,0,42,0,0,1,1,0,4,2,2,0,2,0,0000000,99,98,99,98,99,98,0,0,0,1,1
45,450114,1,1,0,0,0,2,2,75,0,4,3,2012,1,2,32,1,1,1,I-26,,164,33.36588333,-80.60010556,0,35,0,0,1,1,0,3,2,2,0,2,0,0000000,99,99,99,99,99,99,0,0,0,1,1
45,450115,1,1,0,0,0,1,1,45,0,5,3,2012,2,1,30,0,4,3,SR-564,,99999,34.82683611,-82.29351389,0,43,0,0,1,1,0,4,2,1,0,1,0,0000000,99,98,99,98,99,98,0,0,0,1,1
45,450116,2,2,0,0,0,2,2,59,0,5,3,2012,2,9,39,1,2,2,US-25,63,37,34.44000556,-82.25011111,0,12,6,0,2,2,0,1,1,1,0,1,0,0000000,99,99,99,99,99,99,0,0,0,1,0
45,450117,1,1,0,0,0,1,1,63,0,6,3,2012,3,3,41,1,11,1,I-26,,1043,34.06710556,-81.14140556,0,35,0,1,5,1,0,3,2,1,0,1,0,0000000,99,99,99,99,99,99,0,0,0,1,1
45,450118,2,2,0,0,0,2,2,23,0,7,3,2012,4,13,47,1,2,3,SR-9,,178,34.69544722,-81.19371944,0,12,6,0,8,1,0,1,1,1,0,1,0,0000000,99,99,99,99,99,99,0,0,0,1,0
45,450119,2,2,0,0,0,5,5,17,0,7,3,2012,4,19,30,0,4,3,SR-29,MARY JOYE LANE,99999,33.64259167,-80.93379167,0,12,6,0,3,1,0,1,2,1,0,1,0,0000000,19,30,19,44,99,99,0,0,0,1,0
45,450120,2,2,0,0,0,3,3,71,0,7,3,2012,4,6,20,0,4,2,US-76,32,61,34.34465278,-81.68581667,0,12,6,0,2,3,0,1,2,1,0,1,0,0000000,99,99,99,99,99,99,0,0,0,1,1
45,450121,3,3,0,0,0,3,3,27,0,8,3,2012,5,20,20,1,1,1,I-95,,1096,33.59335833,-80.344775,0,18,0,0,1,1,0,1,2,2,0,2,0,0000000,99,99,99,99,99,99,0,0,0,1,0
45,450122,2,2,0,0,0,9,9,79,520,13,2,2012,2,16,38,0,14,3,SR-50,,15,33.96273056,-80.94720556,0,12,2,0,1,1,0,1,1,1,0,1,1,0000000,99,99,99,99,99,99,0,0,0,1,0
45,450123,1,1,0,2,2,1,1,75,0,8,3,2012,5,4,55,1,2,2,US-301,,298,33.45869167,-80.61638333,0,8,0,0,1,1,0,1,2,1,0,1,0,0000000,99,99,99,99,99,99,19,23,0,2,0
45,450124,1,1,0,0,0,2,2,41,0,9,3,2012,6,9,45,0,5,3,SR-38,,57,34.05806944,-79.92139444,0,34,0,0,1,1,0,4,1,10,0,10,0,0000000,11,26,11,44,12,39,0,0,0,2,0
45,450125,1,1,0,1,1,1,1,63,2790,10,3,2012,7,19,50,0,3,3,SR-12,313,9,33.98943333,-81.08083056,0,8,0,0,2,2,0,1,2,1,0,1,0,0000000,99,99,99,99,99,99,0,0,0,1,0
45,450126,1,1,0,0,0,1,1,59,0,10,3,2012,7,4,0,0,3,3,SR-252,,53,34.464625,-82.18485833,0,35,0,0,1,1,0,4,2,1,0,1,0,0000000,99,98,99,98,99,98,0,0,0,1,1
45,450127,1,1,0,0,0,1,1,79,520,11,3,2012,1,23,23,0,4,3,SR-350,US-1,2,34.01603889,-81.01458889,0,33,0,0,2,2,0,4,3,1,0,1,0,0000000,99,98,99,98,99,98,0,0,0,1,1
45,450128,1,1,0,0,0,1,1,7,0,11,3,2012,1,21,25,0,9,3,SR-117,BOLT RD,3,34.51932778,-82.93048611,0,42,0,0,2,7,0,4,2,1,0,1,0,0000000,21,29,21,37,22,20,0,0,0,1,0
45,450129,1,1,0,0,0,1,1,83,0,11,3,2012,1,17,58,1,12,3,SR-85,,45,34.98838889,-81.96582778,0,24,0,1,5,1,0,4,1,1,0,1,0,0000000,18,44,18,49,19,7,0,0,0,1,1
45,450130,1,1,0,0,0,1,1,91,2970,12,3,2012,2,17,0,0,15,3,SR-894,SR-671,1,34.93738611,-81.048125,0,5,0,0,2,2,0,1,1,1,0,1,0,0000000,99,98,99,98,99,98,0,0,0,1,1
45,450131,1,1,0,1,1,1,1,7,0,12,3,2012,2,21,5,0,3,3,SR-86,,99999,34.70048056,-82.46850556,0,8,0,0,1,1,0,1,3,2,0,2,0,0000000,21,10,21,15,21,33,0,0,0,1,0
45,450132,2,2,0,0,0,2,2,63,0,12,3,2012,2,15,41,0,4,3,SR-6,164,337,33.73967222,-81.02783056,0,12,6,0,2,2,0,1,1,10,0,10,0,0000000,99,98,99,98,99,98,0,0,0,1,0
45,450133,2,2,0,0,0,3,3,27,0,12,3,2012,2,20,15,1,1,1,I-95,,1096,33.59893056,-80.32973611,0,12,1,0,1,1,0,1,2,1,0,1,0,0000000,99,99,99,99,99,99,0,0,0,1,0
45,450134,1,1,0,0,0,1,1,39,0,12,3,2012,2,16,5,0,4,3,SR-48,,27,34.27077222,-81.17996111,0,42,0,0,1,1,0,4,1,1,0,1,0,0000000,16,5,16,15,17,0,0,0,0,1,0
45,450135,2,2,0,0,0,2,2,45,0,15,3,2012,5,11,36,0,3,3,SR-11,,99999,35.12244444,-82.32529444,0,12,6,0,1,1,0,1,1,1,0,1,0,0000000,99,98,99,98,88,88,0,0,0,1,0
45,450136,1,1,0,0,0,2,2,91,0,16,3,2012,6,11,41,1,1,1,I-77,,726,34.85798056,-81.00731111,0,42,0,1,18,1,0,4,1,1,0,1,0,0000000,99,99,99,99,99,99,0,0,0,1,0
45,450137,2,2,0,0,0,3,3,7,0,16,3,2012,6,15,22,0,3,3,SR-20,GUNNELLS RD,99999,34.42146667,-82.47008333,0,12,6,0,3,1,0,1,1,1,0,1,0,0000000,99,99,99,99,99,99,0,0,0,1,0
45,450138,2,2,0,0,0,3,3,73,0,16,3,2012,6,21,8,0,4,3,SR-488,SR-665,1,34.68672778,-82.99136944,0,12,6,0,2,2,0,1,3,1,0,1,0,0000000,99,99,99,99,99,99,0,0,0,1,0
45,450139,1,1,0,0,0,4,4,45,0,16,3,2012,6,18,55,0,6,6,MAYWOOD DRIVE,,99999,34.65905556,-82.25758889,0,1,0,0,1,1,0,4,1,1,0,1,0,0000000,18,57,19,8,19,22,0,0,0,1,1
45,450140,2,2,0,0,0,4,4,31,0,17,3,2012,7,17,0,0,4,3,SR-133,SR-1169,52,34.31823611,-79.86018333,0,12,2,0,3,3,0,1,1,1,0,1,0,0000000,17,2,17,7,17,45,0,0,0,1,0
45,450141,2,2,0,0,0,2,2,15,0,21,2,2012,3,6,35,1,2,2,US-17,62,0,33.04685556,-80.10815833,0,12,6,0,2,2,0,1,4,1,0,1,0,0000000,99,99,99,99,99,99,0,0,0,1,0
45,450142,2,2,0,0,0,2,2,23,0,18,3,2012,1,12,0,0,4,3,SR-901,SR-97,41,34.60912222,-80.98832222,0,12,6,0,3,1,0,1,1,2,0,2,0,0000000,99,98,99,98,99,98,0,0,0,1,0
45,450143,2,2,0,0,0,4,4,71,0,18,3,2012,1,14,35,0,14,3,SR-642,SR-266,14,34.293125,-81.62215833,0,12,2,0,3,1,0,1,1,1,0,1,0,0000000,14,38,14,44,15,2,0,0,0,1,0
45,450144,3,3,0,0,0,8,8,19,875,18,3,2012,1,13,16,0,3,3,SR-171,,99999,32.68258889,-79.95720556,0,12,2,0,1,1,0,1,1,1,0,1,0,0000000,13,20,13,30,14,5,0,0,0,2,2
45,450145,2,2,0,0,0,3,3,19,1805,14,3,2012,4,8,40,0,13,2,US-52,SR-642,50,32.85656667,-79.97911667,0,12,6,0,2,3,0,1,1,1,0,1,0,0000000,99,99,99,99,99,99,0,0,0,1,0
45,450146,2,2,0,0,0,2,2,17,0,19,3,2012,2,8,20,1,1,1,I-26,,1217,33.84435278,-81.02462778,0,12,1,0,1,1,0,1,1,1,0,1,0,0000000,8,29,8,40,9,24,0,0,0,1,0
45,450147,2,2,0,0,0,2,2,21,930,20,3,2012,3,14,52,1,2,2,US-29,ROBINSON RD,101,35.077775,-81.64865278,0,12,6,0,2,2,0,1,1,1,0,1,0,0000000,14,55,15,1,15,19,0,0,0,1,1
45,450148,1,1,0,0,0,1,1,25,0,20,3,2012,3,12,0,0,4,3,SR-20,,55,34.66763889,-80.0086,0,1,0,0,1,1,0,1,1,1,0,1,0,0000000,12,7,12,12,12,31,0,0,0,1,0
45,450149,1,1,0,0,0,1,1,55,0,21,3,2012,4,14,30,0,4,3,SR-34,,204,34.23945833,-80.51070556,0,35,0,0,1,1,0,4,1,1,0,1,0,0000000,99,99,99,99,99,99,0,0,0,1,1
45,450150,1,1,0,0,0,1,1,15,985,21,3,2012,4,19,37,0,6,6,THISTLE ROAD,VINCA DRIVE,0,32.99673889,-80.01366389,0,31,0,0,1,1,0,4,3,1,0,1,0,0000000,19,45,20,9,20,25,0,0,0,1,1
45,450151,1,1,0,0,0,1,1,63,0,23,3,2012,6,2,55,1,2,2,US-176,,46,33.86344722,-81.50563611,0,1,0,0,1,1,0,1,2,1,0,1,0,0000000,3,6,3,13,4,9,0,0,0,1,1
45,450152,2,1,1,1,1,5,5,45,0,23,3,2012,6,18,15,0,6,6,SIVER MAPLE WAY,,0,34.64096944,-82.39063889,0,8,0,0,1,1,0,4,1,1,0,1,0,0000000,99,98,99,98,99,98,0,0,0,1,0
45,450153,1,1,0,0,0,1,1,59,0,23,3,2012,6,0,10,0,3,3,SR-39,,151,34.41626389,-82.04235278,0,34,0,0,1,1,0,4,2,1,0,1,0,0000000,99,98,99,98,99,98,0,0,0,1,1
45,450154,2,2,0,0,0,3,3,45,0,24,3,2012,7,18,15,1,2,2,US-25,GORDON STREET EXT,99999,34.83824722,-82.44488611,0,12,6,0,2,2,0,1,1,1,0,1,0,0000000,99,99,99,99,99,99,0,0,0,1,0
45,450155,2,2,0,0,0,2,2,47,0,24,3,2012,7,5,35,0,3,3,SR-34,,99999,34.17375556,-82.063675,0,12,1,0,1,1,0,1,2,10,0,10,0,0000000,5,39,5,45,6,7,0,0,0,1,1
45,450156,1,1,0,0,0,1,1,35,0,24,3,2012,7,23,11,1,1,1,I-95,,716,33.11875833,-80.64133056,0,42,0,0,1,1,0,3,2,2,0,2,0,0000000,99,98,99,98,99,98,0,0,0,1,0
45,450157,2,2,0,0,0,2,2,79,0,24,3,2012,7,17,30,1,2,2,US-176,2475,99999,34.16059444,-81.25601667,0,12,1,0,2,3,0,1,1,10,0,10,0,0000000,17,31,17,35,18,9,0,0,0,1,1
45,450158,1,1,0,1,1,1,1,85,0,25,3,2012,1,5,45,1,2,2,US-15,,84,33.88605,-80.34723611,0,9,0,0,1,1,0,1,3,1,0,1,0,0000000,99,99,99,99,99,99,0,0,0,1,0
45,450159,1,1,0,0,0,2,2,41,0,27,3,2012,3,18,36,1,1,1,I-95,,1534,34.28824722,-79.65745833,0,1,0,0,1,1,0,3,1,1,0,1,0,0000000,99,99,99,99,99,99,0,0,0,1,0
45,450160,2,2,0,0,0,3,3,83,0,29,3,2012,5,15,25,0,3,3,SR-101,296,99999,34.85214722,-82.14768889,0,12,6,0,2,2,0,1,1,10,0,10,0,0000000,99,99,99,99,99,99,0,0,0,1,0
45,450161,1,1,0,0,0,1,1,53,0,29,3,2012,5,10,50,0,4,3,SR-424,,9,32.59775,-80.90798889,0,42,0,0,1,1,0,4,1,1,0,1,0,0000000,99,98,99,98,99,98,0,0,0,1,1
45,450162,1,1,0,0,0,2,2,3,0,30,3,2012,6,22,30,0,9,3,SR-2303,,33,33.50319722,-81.80661111,0,34,0,0,1,1,0,4,2,2,0,2,0,0000000,99,99,99,99,99,99,0,0,0,1,1
45,450163,1,1,0,0,0,1,1,79,0,30,3,2012,6,2,45,0,4,3,SR-86,935,82,33.98425556,-80.80385,0,34,0,0,1,1,0,4,2,1,0,1,0,0000000,99,98,99,98,99,98,0,0,0,1,1
45,450164,1,1,0,0,0,1,1,29,0,31,3,2012,7,4,30,0,3,3,SR-63,,6,32.89099444,-80.88974444,0,32,0,0,8,1,0,4,3,2,0,2,0,0000000,4,39,4,50,5,45,0,0,0,1,1
45,450165,1,1,0,0,0,4,4,91,0,31,3,2012,7,16,12,1,11,1,I-77,,853,35.05120556,-80.95853333,0,1,0,0,1,1,0,1,1,10,0,10,0,0000000,99,99,99,99,99,99,0,0,0,1,0
45,450166,1,1,0,1,1,2,2,41,0,11,1,2012,4,0,34,1,2,2,US-52,,14,34.05671667,-79.75595278,0,8,0,0,1,1,0,1,2,5,0,5,0,0000000,0,37,0,48,1,14,0,0,0,1,0
45,450167,2,2,0,0,0,3,3,13,0,2,3,2012,6,7,3,1,2,2,US-278,,5,32.29051111,-80.90456944,0,12,6,0,1,1,0,1,1,1,0,1,0,0000000,99,99,99,99,99,99,0,0,0,1,0
45,450168,2,2,0,0,0,2,2,3,0,5,3,2012,2,7,15,0,4,3,SR-65,,1,33.48268333,-81.83725,0,12,2,0,1,1,0,1,1,1,0,1,0,0000000,99,99,99,99,99,99,0,0,0,2,2
45,450169,2,2,0,0,0,5,5,51,1825,7,3,2012,4,18,15,0,3,3,SR-22,,26,33.80130833,-78.77911944,0,12,7,0,1,1,0,1,5,1,0,1,0,0000000,99,99,99,99,99,99,0,0,0,1,1
45,450170,1,1,0,0,0,1,1,51,1730,9,3,2012,6,0,46,0,4,3,SR-79TH AVE NORTH,US-17,0,33.75643889,-78.82491389,0,42,0,0,2,2,0,4,2,1,0,1,0,0000000,0,46,0,51,1,11,0,0,0,1,1
45,450171,2,1,1,0,0,1,1,47,0,9,3,2012,6,21,30,1,2,2,US-25,,24,34.19786111,-82.17066389,0,42,0,0,1,1,0,4,3,10,0,10,0,0000000,21,31,21,36,99,99,14,0,0,1,1
45,450172,2,2,0,1,1,1,1,45,0,26,3,2012,2,14,0,0,6,6,KEENLAND WAY,,0,34.83571667,-82.22635,0,12,6,0,1,1,0,1,1,1,0,1,0,0000000,14,6,14,14,14,41,0,0,0,1,0
45,450173,2,1,1,1,1,1,1,49,2680,1,4,2012,1,11,50,0,6,6,RENTZ STREET,,0,32.85037222,-81.07618611,0,8,0,0,1,1,0,4,1,1,0,1,0,0000000,12,11,12,17,13,6,0,0,0,1,0
45,450174,1,1,0,0,0,1,1,73,0,1,4,2012,1,16,42,0,4,3,SR-130,,29,34.9632,-83.02641944,0,34,0,0,1,1,0,4,1,1,0,1,0,0000000,16,45,17,7,17,44,0,0,0,1,0
45,450175,2,2,0,0,0,3,3,59,0,1,4,2012,1,14,3,0,4,3,SR-46,SR-68,10,34.45886667,-81.91047222,0,12,6,0,3,1,0,1,1,1,0,1,0,0000000,14,10,14,16,14,30,0,0,0,1,0
45,450176,1,1,0,0,0,3,3,23,0,2,4,2012,2,7,10,1,1,1,I-77,,51,34.55338889,-81.00730278,0,42,0,0,1,1,0,4,4,1,0,1,0,0000000,99,99,99,99,99,99,0,0,0,1,0
45,450177,2,2,0,0,0,6,6,41,0,2,4,2012,2,16,51,1,13,2,US-76,SR-327,23,34.19657778,-79.68391944,0,12,6,0,2,2,0,1,1,1,0,1,0,0000000,17,28,17,37,18,11,0,0,0,1,0
45,450178,1,1,0,0,0,1,1,71,0,2,4,2012,2,8,30,0,3,3,SR-34,,34,34.19205833,-81.84946389,0,1,0,0,1,1,0,1,1,1,0,1,0,0000000,8,43,8,59,99,99,0,0,0,1,0
45,450179,1,1,0,0,0,1,1,87,0,3,4,2012,3,1,40,0,4,3,SR-279,,0,34.76694722,-81.717425,0,30,0,0,1,1,0,4,2,1,0,1,0,0000000,99,98,99,98,99,98,0,0,0,1,1
45,450180,1,1,0,0,0,1,1,77,0,4,4,2012,4,2,45,0,9,3,SR-124,,15,34.790375,-82.83706111,0,42,0,0,1,1,0,4,2,5,0,5,0,0000000,99,99,99,99,99,99,0,0,0,1,1
45,450181,1,1,0,0,0,1,1,19,763,4,4,2012,4,18,15,0,3,3,SR-174,,99999,32.53109444,-80.295275,0,53,0,0,1,1,0,4,5,98,0,98,0,0000000,99,98,99,98,99,98,0,0,0,1,0
45,450182,1,1,0,0,0,2,2,15,0,4,4,2012,4,3,2,0,5,3,SR-40,,7,33.28547222,-79.90265556,0,34,0,0,1,1,0,4,2,10,0,10,0,0000000,99,99,99,99,99,99,0,0,0,1,1
45,450183,1,1,0,0,0,1,1,29,0,5,4,2012,5,7,45,1,1,1,I-95,,62,32.99428333,-80.67106111,0,42,0,0,1,1,0,3,4,1,0,1,0,0000000,99,98,99,98,99,98,0,0,0,1,0
45,450184,1,1,0,0,0,2,2,45,0,5,4,2012,5,21,55,0,4,3,SR-288,,3,35.02382778,-82.52669722,0,42,0,0,1,1,0,4,2,2,0,2,0,0000000,99,98,99,98,99,98,0,0,0,2,1
45,450185,1,1,0,0,0,1,1,79,0,5,4,2012,5,1,30,0,3,3,SR-263,,5,33.93614167,-80.65246111,0,34,0,0,1,1,0,4,2,1,0,1,0,0000000,1,31,1,37,2,8,0,0,0,1,0
45,450186,2,2,0,0,0,3,3,59,0,6,4,2012,6,17,40,0,3,3,SR-66,,0,34.42055833,-81.79113889,0,12,2,0,1,1,0,1,1,1,0,1,0,0000000,99,99,99,99,99,99,0,0,0,1,0
45,450187,1,1,0,0,0,1,1,7,0,7,4,2012,7,18,0,0,4,3,SR-598,,99999,34.54219167,-82.47812778,0,1,0,0,1,1,0,1,1,1,0,1,0,0000000,18,11,18,18,18,46,0,0,0,1,0
45,450188,2,2,0,0,0,5,5,7,0,7,4,2012,7,16,30,0,6,6,CRESTVIEW RD,76,99999,34.562925,-82.60994167,0,12,2,0,2,3,0,1,1,1,0,1,0,0000000,16,41,16,52,17,24,0,0,0,1,0
45,450189,1,1,0,1,1,8,8,33,0,7,4,2012,7,20,40,1,1,1,I-95,,181,34.30150556,-79.62987778,0,8,0,0,1,1,0,1,2,1,0,1,0,0000000,20,53,21,16,21,41,19,0,0,1,0
45,450190,1,1,0,0,0,1,1,25,0,8,4,2012,1,21,30,1,2,2,US-52,,5,34.59616389,-79.88181944,0,1,0,0,1,1,0,4,2,1,0,1,0,0000000,99,98,99,98,99,98,0,0,0,1,1
45,450191,1,1,0,0,0,1,1,37,0,8,4,2012,1,12,45,0,3,3,SR-23,,12,33.78938611,-81.99851944,0,1,0,0,1,1,0,1,1,1,0,1,0,0000000,12,49,12,59,13,21,0,0,0,1,0
45,450192,2,2,0,0,0,4,4,77,0,9,4,2012,2,12,35,0,14,3,SR-183,,11,34.87122778,-82.75520278,0,12,2,0,1,1,0,1,1,1,0,1,0,0000000,99,99,99,99,99,99,0,0,0,1,1