STATE,ST_CASE,VE_TOTAL,VE_FORMS,PVH_INVL,PEDS,PERNOTMVIT,PERMVIT,PERSONS,COUNTY,CITY,DAY,MONTH,YEAR,DAY_WEEK,HOUR,MINUTE,NHS,ROAD_FNC,ROUTE,TWAY_ID,TWAY_ID2,MILEPT,LATITUDE,LONGITUD,SP_JUR,HARM_EV,MAN_COLL,RELJCT1,RELJCT2,TYP_INT,WRK_ZONE,REL_ROAD,LGT_COND,WEATHER1,WEATHER2,WEATHER,SCH_BUS,RAIL,NOT_HOUR,NOT_MIN,ARR_HOUR,ARR_MIN,HOSP_HR,HOSP_MN,CF1,CF2,CF3,FATALS,DRUNK_DR
45,450193,1,1,0,0,0,1,1,77,0,9,4,2012,2,22,32,0,6,6,NORMAN DRIVE,,99999,34.86579444,-82.52997778,0,35,0,0,1,1,0,4,2,1,0,1,0,0000000,99,99,99,99,99,99,0,0,0,1,1
45,450194,1,1,0,0,0,1,1,35,0,9,4,2012,2,9,30,0,3,3,SR-61,,99999,32.89075833,-80.12889722,0,42,0,0,1,1,0,4,1,1,0,1,0,0000000,99,99,99,99,99,99,0,0,0,1,1
45,450195,1,1,0,0,0,1,1,33,0,10,4,2012,3,15,5,0,9,3,SR-524,,2,34.31135833,-79.44542222,0,1,0,0,1,1,0,1,1,1,0,1,0,0000000,15,10,15,14,99,99,0,0,0,1,0
45,450196,1,1,0,0,0,1,1,35,0,10,4,2012,3,19,40,0,4,3,SR-167,,99999,33.16079167,-80.53804444,0,59,0,0,1,1,0,2,1,1,0,1,0,0000000,99,98,99,98,99,98,0,0,0,1,0
45,450197,1,1,0,0,0,1,1,27,0,11,4,2012,4,6,30,0,4,3,SR-145,,2,33.68484167,-80.44254167,0,34,0,0,1,1,0,4,3,1,0,1,0,0000000,99,99,99,99,99,99,0,0,0,1,0
45,450198,2,2,0,0,0,2,2,7,0,12,4,2012,5,16,59,1,2,2,US-29,,99999,34.55603611,-82.55698056,0,12,2,0,1,1,0,1,1,1,0,1,0,0000000,17,0,17,6,17,54,0,0,0,1,0
45,450199,1,1,0,0,0,1,1,63,0,13,4,2012,6,0,1,0,15,3,SR-685,,7,33.98125,-81.14621111,0,42,0,0,1,1,0,4,2,1,0,1,0,0000000,99,98,99,98,99,98,0,0,0,1,1
45,450200,2,2,0,0,0,2,2,63,0,14,4,2012,7,2,30,1,1,1,I-20,,99999,33.936025,-81.27324722,0,12,7,0,1,1,0,1,2,1,0,1,0,0000000,99,99,99,99,99,99,0,0,0,1,1
45,450201,2,2,0,0,0,3,3,15,0,15,4,2012,1,18,5,1,2,2,US-17,JINKS LANE,99999,33.28620278,-79.85890556,0,12,6,0,2,3,0,1,1,1,0,1,0,0000000,99,99,99,99,99,99,0,0,0,1,0
45,450202,1,1,0,0,0,1,1,3,0,15,4,2012,1,16,13,0,6,6,OLD KIMBILL TRAIL,,0,33.65805278,-81.67456111,0,42,0,0,1,1,0,4,1,10,0,10,0,0000000,99,98,99,98,99,98,0,0,0,1,1
45,450203,1,1,0,0,0,2,2,41,0,15,4,2012,1,11,10,0,4,3,SR-66,,0,33.88043333,-79.548225,0,34,0,0,1,1,0,4,1,1,0,1,0,0000000,11,15,11,36,99,99,0,0,0,1,0
45,450204,1,1,0,1,1,3,3,3,0,16,4,2012,2,21,40,0,9,3,SR-23,,2,33.46317222,-81.41869722,0,8,0,0,1,1,0,1,2,1,0,1,0,0000000,99,98,99,98,99,98,0,0,0,1,0
45,450205,2,2,0,0,0,2,2,57,0,16,4,2012,2,20,35,0,4,3,SR-158,,3,34.67420833,-80.75807778,0,12,2,0,1,1,0,1,3,1,0,1,0,0000000,99,99,99,99,99,99,0,0,0,1,1
45,450206,1,1,0,0,0,1,1,7,0,16,4,2012,2,10,0,0,4,3,SR-1142,,0,34.72725556,-82.49581111,0,42,0,0,1,1,0,4,1,1,0,1,0,0000000,99,99,99,99,99,99,0,0,0,1,0
45,450207,3,3,0,0,0,6,6,89,0,16,4,2012,2,17,4,1,2,2,US-52,,17,33.76038889,-79.80457778,0,12,1,0,1,1,0,1,1,1,0,1,1,0000000,99,99,99,99,99,99,0,0,0,1,0
45,450208,2,2,0,1,1,1,1,91,0,17,4,2012,3,10,43,1,2,3,SR-5,,35,34.86204722,-80.89785556,0,12,7,0,1,1,0,1,1,1,0,1,0,0000000,99,98,99,98,99,98,0,0,0,1,0
45,450209,1,1,0,1,1,1,1,35,0,18,4,2012,4,15,20,0,6,6,HUNTERS RIDGE RD,,0,32.92631667,-80.08188611,0,18,0,0,1,1,0,2,1,1,0,1,0,0000000,99,99,99,99,99,99,0,0,0,1,0
45,450210,1,1,0,0,0,1,1,83,2460,10,3,2012,7,19,10,1,2,2,US-29,,0,34.97614722,-81.87745556,0,33,0,0,1,1,0,4,3,1,0,1,0,0000000,19,13,19,20,19,40,0,0,0,1,1
45,450211,1,1,0,0,0,1,1,63,0,19,4,2012,5,19,0,0,3,3,SR-302,,0,33.8049,-81.2268,0,1,0,0,1,1,0,4,1,10,0,10,0,0000000,99,98,99,98,99,98,0,0,0,1,1
45,450212,2,2,0,0,0,3,3,7,0,20,4,2012,6,20,36,0,3,3,SR-81,,0,34.70757778,-82.55843056,0,12,6,0,1,1,0,1,2,1,0,1,0,0000000,20,38,20,49,99,99,0,0,0,2,2
45,450213,2,2,0,0,0,3,3,65,0,21,4,2012,7,21,28,0,3,2,US-221,,26,33.97728889,-82.25099167,0,53,0,0,1,1,0,4,2,1,0,1,0,0000000,99,99,99,99,99,99,0,0,0,2,2
45,450214,1,1,0,0,0,1,1,63,0,21,4,2012,7,3,40,0,4,3,SR-273,,0,34.03464722,-81.12721389,0,34,0,0,1,1,0,4,2,1,0,1,0,0000000,99,98,99,98,99,98,0,0,0,1,1
45,450215,1,1,0,0,0,3,3,13,0,21,4,2012,7,19,45,0,4,3,SR-77,,0,32.40769444,-80.50159722,0,1,0,0,1,1,0,4,1,10,0,10,0,0000000,99,99,99,99,99,99,0,0,0,2,0
45,450216,2,2,0,0,0,2,2,41,0,21,4,2012,7,10,45,0,4,3,SR-150,,0,33.85324167,-79.59267778,0,12,2,0,1,1,0,2,1,1,0,1,0,0000000,11,10,11,34,12,8,0,0,0,1,0
45,450217,2,2,0,0,0,2,2,35,0,22,4,2012,1,7,30,0,3,3,SR-58,,4,33.06631944,-80.22390556,0,12,2,0,1,1,0,1,1,2,0,2,0,0000000,99,99,99,99,99,99,0,0,0,1,1
45,450218,1,1,0,0,0,2,2,3,0,22,4,2012,1,4,27,0,4,3,SR-113,,6,33.48155833,-81.59300833,0,1,0,0,1,1,0,4,2,2,0,2,0,0000000,4,30,4,42,5,37,0,0,0,1,1
45,450219,1,1,0,0,0,1,1,91,0,22,4,2012,1,0,40,0,3,3,SR-49,,0,35.05836667,-81.12440833,0,59,0,0,1,1,0,4,2,2,0,2,0,0000000,99,98,99,98,99,98,0,0,0,1,1
45,450220,1,1,0,1,1,1,1,43,0,23,4,2012,2,6,8,0,4,3,SR-24,,0,33.35199722,-79.4696,0,8,0,0,1,1,0,1,2,1,0,1,0,0000000,6,12,6,19,99,99,0,0,0,1,0
45,450221,1,1,0,0,0,4,4,77,2390,23,4,2012,2,18,45,0,6,6,PONDEROSA DRIVE,,0,34.81019167,-82.80633611,0,1,0,0,1,1,0,1,1,1,0,1,0,0000000,99,99,99,99,99,99,0,0,0,1,0
45,450222,1,1,0,0,0,1,1,91,0,25,4,2012,4,19,45,0,4,3,SR-75,,1,35.00321667,-81.28548611,0,1,0,0,1,1,0,1,5,1,0,1,0,0000000,19,49,19,54,20,13,0,0,0,1,1
45,450223,1,1,0,1,1,1,1,45,0,25,4,2012,4,17,30,0,3,3,SR-14,POLLARD RD,0,34.76418333,-82.26049167,0,9,0,0,2,2,0,1,1,1,0,1,0,0000000,17,51,18,2,18,14,0,0,0,1,0
45,450224,2,2,0,0,0,2,2,79,0,23,3,2012,6,18,20,0,14,3,SR-83,PALMETTO SPRINGS RD,4,34.15343333,-80.91139722,0,12,6,0,2,2,0,1,1,1,0,1,0,0000000,99,99,99,99,99,99,0,0,0,1,0
45,450225,3,3,0,0,0,5,5,51,0,31,3,2012,7,12,55,1,2,2,US-501,,0,33.74954444,-78.95965278,0,12,1,0,1,1,0,1,1,1,0,1,0,0000000,99,99,99,99,99,99,0,0,0,1,0
45,450226,2,2,0,0,0,3,3,75,0,26,4,2012,5,15,40,1,2,2,US- 301,BONNER AVE,0,33.46253889,-80.48628611,0,12,6,0,2,2,0,1,1,1,0,1,0,0000000,99,99,99,99,99,99,0,0,0,1,0
45,450227,2,2,0,0,0,2,2,7,0,26,4,2012,5,18,42,0,3,3,SR-413,CR-439,2,34.33310556,-82.63259722,0,12,1,0,3,1,0,1,1,1,0,1,0,0000000,18,44,18,51,99,99,0,0,0,1,0
45,450228,1,1,0,1,1,1,1,29,0,27,4,2012,6,22,30,0,3,3,SR-61,CR-134,9,33.09278333,-80.66705833,0,8,0,0,3,1,0,1,2,1,0,1,0,0000000,22,41,22,58,23,30,0,0,0,1,0
45,450229,1,1,0,0,0,1,1,29,0,27,4,2012,6,9,50,0,3,3,SR- 64,,18,32.93871389,-80.72930833,0,35,0,0,1,1,0,4,1,1,0,1,0,0000000,99,99,99,99,99,99,0,0,0,1,0
45,450230,2,1,1,1,1,1,1,75,0,27,4,2012,6,0,10,1,1,1,I-26,,167,33.33627778,-80.56630278,0,14,0,0,1,1,0,2,2,1,0,1,0,0000000,99,99,99,99,99,99,0,0,0,1,0
45,450231,1,1,0,0,0,1,1,83,0,27,4,2012,6,22,50,0,6,6,DICKSON RD,,0,35.08688611,-82.12715,0,42,0,0,1,1,0,4,2,1,0,1,0,0000000,99,98,99,98,99,98,0,0,0,1,0
45,450232,1,1,0,0,0,1,1,43,0,27,4,2012,6,10,0,1,2,2,US-701,,14,33.56559167,-79.21273056,0,42,0,0,1,1,0,4,1,1,0,1,0,0000000,10,8,10,36,11,12,0,0,0,1,0
45,450233,1,1,0,0,0,2,2,83,0,29,4,2012,1,18,29,1,1,1,I-26,,28,34.83563056,-81.96939444,0,24,0,0,1,1,0,3,1,1,0,1,0,0000000,18,37,18,51,19,12,0,0,0,1,1
45,450234,1,1,0,0,0,1,1,63,0,29,4,2012,1,3,0,0,15,3,SR-875,,2,33.876575,-81.08091944,0,42,0,0,1,1,0,4,2,1,0,1,0,0000000,99,98,99,98,99,98,0,0,0,1,0
45,450235,2,2,0,0,0,2,2,45,0,29,4,2012,1,22,47,0,4,3,SR-453,NEELY FERRY RD,0,34.69953611,-82.28461111,0,12,6,0,2,2,0,1,3,1,0,1,0,0000000,99,99,99,99,99,99,0,0,0,1,1
45,450236,4,4,0,0,0,6,6,83,0,29,4,2012,1,16,59,1,2,2,US-29,HAMPTON RD,0,34.94725278,-82.20716389,0,12,1,0,2,3,0,1,1,1,0,1,0,0000000,17,5,17,20,17,37,0,0,0,2,2
45,450237,1,1,0,0,0,1,1,83,0,29,4,2012,1,23,42,0,3,3,SR-215,SUNSET DRIVE,0,34.87641389,-81.9629,0,35,0,0,2,3,0,4,3,1,0,1,0,0000000,99,98,99,98,99,98,0,0,0,1,1
45,450238,2,2,0,0,0,4,4,83,0,30,4,2012,2,21,45,0,3,3,SR-292,HICKORY NUT RD,12,35.07589722,-82.07001389,0,12,6,0,2,2,0,1,2,1,0,1,0,0000000,99,99,99,99,99,99,0,0,0,1,1
45,450239,1,1,0,0,0,5,5,89,0,29,4,2012,1,19,25,0,4,3,SR-30,,0,33.55543056,-79.70757222,0,52,0,0,1,1,0,4,1,1,0,1,0,0000000,99,99,99,99,99,99,0,0,0,1,0
45,450240,2,2,0,0,0,2,2,19,1805,9,4,2012,2,7,30,0,4,3,SR-13,PERIMETER RD,5,32.90271944,-79.98030556,0,12,6,0,3,1,0,1,1,1,0,1,0,0000000,7,35,7,38,8,3,0,0,0,1,0
45,450241,2,2,0,0,0,2,2,15,0,1,5,2012,3,22,11,0,4,3,SR-791,,5,33.12225278,-80.01895556,0,12,1,0,1,1,0,1,2,1,0,1,0,0000000,99,99,99,99,99,99,0,0,0,1,1
45,450242,2,1,1,1,2,1,2,83,0,2,5,2012,4,9,51,1,11,1,I-85,,63,34.92506667,-82.09006111,0,8,0,0,1,1,0,2,1,1,0,1,0,0000000,99,99,99,99,99,99,0,0,0,1,0
45,450243,1,1,0,1,1,1,1,59,0,4,5,2012,6,18,30,0,4,3,SR-659,,0,34.33018611,-81.94070278,0,9,0,0,8,1,0,1,1,1,0,1,0,0000000,18,31,18,38,99,99,0,0,0,1,0
45,450244,1,1,0,0,0,1,1,39,0,4,5,2012,6,23,30,1,2,2,US-21,,0,34.26156944,-80.96163611,0,35,0,0,1,1,0,4,2,1,0,1,0,0000000,99,99,99,99,99,99,0,0,0,1,0
45,450245,1,1,0,1,1,2,2,79,520,5,5,2012,7,4,0,0,14,3,SR-10,176,3,34.00115,-81.01696389,0,8,0,0,3,2,0,1,3,1,0,1,0,0000000,99,98,99,98,99,98,0,0,0,1,1
45,450246,2,2,0,0,0,6,6,63,2790,5,5,2012,7,23,25,1,13,2,US-1,ALEXANDER RD,31,33.99491111,-81.05348056,0,12,2,0,2,3,0,1,3,1,0,1,0,0000000,99,99,99,99,99,99,0,0,0,1,0
45,450247,2,2,0,0,0,5,5,45,1040,5,5,2012,7,23,46,0,3,3,SR-291,189,4,34.82066944,-82.36896667,0,12,6,0,2,2,0,1,2,1,0,1,0,0000000,99,99,99,99,99,99,0,0,0,1,0
45,450248,1,1,0,0,0,1,1,51,0,5,5,2012,7,17,9,0,4,3,SR-468,,0,33.93646111,-78.75030833,0,34,0,0,1,1,0,4,1,1,0,1,0,0000000,17,9,17,17,17,51,0,0,0,1,1
45,450249,2,2,0,0,0,2,2,19,2100,5,5,2012,7,4,9,0,4,3,SR-1332,,0,32.82180278,-80.22353333,0,12,1,0,1,1,0,1,2,1,0,1,0,0000000,4,11,4,28,4,57,0,0,0,1,0
45,450250,1,1,0,0,0,2,2,79,0,5,5,2012,7,17,30,1,11,1,I-20,,81,34.12267222,-80.78747222,0,1,0,0,1,1,0,4,1,10,0,10,0,0000000,99,99,99,99,99,99,0,0,0,1,0
45,450251,1,1,0,0,0,1,1,49,0,6,5,2012,1,19,40,0,5,3,SR-17,,13,32.68145833,-80.87575833,0,42,0,0,1,1,0,4,1,1,0,1,0,0000000,99,99,99,99,99,99,0,0,0,1,1
45,450252,2,2,0,0,0,6,6,63,0,6,5,2012,1,10,45,1,1,1,I-20,,57,33.98300833,-81.19318611,0,57,0,0,1,1,0,3,1,1,0,1,0,0000000,99,99,99,99,99,99,0,0,0,2,0
45,450253,1,1,0,0,0,3,3,27,0,6,5,2012,1,16,10,0,4,3,SR-25,,0,33.60571389,-80.21321389,0,5,0,0,1,1,0,1,1,10,0,10,0,0000000,16,15,16,22,16,39,0,0,0,1,0
45,450254,1,1,0,0,0,1,1,15,0,7,5,2012,2,7,59,1,2,2,US-17,,0,33.2326,-79.95081389,0,34,0,0,1,1,0,4,1,1,0,1,0,0000000,99,98,99,98,99,98,0,0,0,1,0
45,450255,3,3,0,0,0,4,4,19,410,8,5,2012,3,18,23,0,6,6,KING STREET,LINE STREET,0,32.79504444,-79.94276667,0,12,2,0,2,2,0,1,1,1,0,1,0,0000000,18,26,18,31,18,41,0,0,0,1,1
45,450256,3,3,0,0,0,3,3,63,0,9,5,2012,4,14,2,1,2,2,US- 378,115,5,34.011825,-81.39776944,0,12,6,0,2,2,0,1,1,10,0,10,0,0000000,99,99,99,99,99,99,0,0,0,1,0
45,450257,1,1,0,0,0,1,1,85,0,10,5,2012,5,14,13,0,9,3,SR-1251,,1,33.88110278,-80.21661944,0,53,0,0,1,1,0,4,1,1,0,1,0,0000000,99,99,99,99,99,99,0,0,0,1,1
45,450258,1,1,0,1,1,1,1,83,0,10,5,2012,5,14,45,0,6,6,CLEVELAND STREET,WATKINS STREET,0,34.95802778,-81.96714444,0,8,0,0,3,2,0,1,1,1,0,1,0,0000000,14,49,15,1,15,9,0,0,0,1,0
45,450259,1,1,0,0,0,1,1,51,0,10,5,2012,5,15,13,0,2,3,SR-31,,13,33.75265556,-78.85900278,0,57,0,0,1,1,0,3,1,1,0,1,0,0000000,15,18,15,27,15,40,0,0,0,1,0
45,450260,1,1,0,0,0,1,1,7,0,10,5,2012,5,3,0,0,4,3,SR-23,,0,34.50187222,-82.947225,0,1,0,0,1,1,0,4,2,1,0,1,0,0000000,99,99,99,99,99,99,0,0,0,1,1
45,450261,2,2,0,0,0,9,9,51,0,10,5,2012,5,18,26,1,2,3,SR-9,664,23,34.03444722,-78.80918333,0,12,6,0,2,2,0,1,1,1,0,1,0,0000000,18,36,19,1,19,20,0,0,0,1,0
45,450262,2,2,0,1,1,5,5,19,875,10,5,2012,5,16,56,0,3,3,SR-171,,0,32.67489167,-79.95034167,0,9,0,0,1,1,0,1,1,1,0,1,0,0000000,16,56,17,2,17,19,0,0,0,1,0
45,450263,1,1,0,0,0,1,1,51,0,10,5,2012,5,2,0,1,13,3,SR-9,,37,33.87549167,-78.68192222,0,21,0,0,1,1,0,4,2,1,0,1,0,0000000,99,98,99,98,99,98,0,0,0,1,0
45,450264,1,1,0,0,0,2,2,51,0,11,5,2012,6,21,15,1,2,2,US-501,953,23,33.80740278,-79.01857222,0,5,0,0,1,1,0,1,2,1,0,1,0,0000000,21,22,21,25,21,42,0,0,0,1,1
45,450265,1,1,0,0,0,1,1,65,0,11,5,2012,6,15,45,0,9,3,SR-135,,16,33.94774444,-82.47461944,0,35,0,0,1,1,0,4,1,1,0,1,0,0000000,99,98,99,98,99,98,0,0,0,1,0
45,450266,1,1,0,0,0,2,2,19,410,11,5,2012,6,19,40,1,11,1,I-26,,0,32.81153056,-79.95150833,0,23,0,0,1,1,0,4,5,1,0,1,0,0000000,19,44,19,49,20,2,0,0,0,2,1
45,450267,2,2,0,0,0,3,3,51,0,11,5,2012,6,14,36,1,2,2,US-17,,0,33.606325,-79.01530833,0,12,1,0,1,1,0,1,1,1,0,1,0,0000000,15,3,15,5,15,10,0,0,0,1,0
45,450268,2,2,0,0,0,3,3,51,0,12,5,2012,7,18,30,0,3,3,SR-544,SAYEBROOK PARKWAY,0,33.65651111,-78.99189167,0,12,7,0,2,3,0,1,1,1,0,1,0,0000000,99,99,99,99,99,99,0,0,0,1,1
45,450269,1,1,0,0,0,1,1,85,0,14,5,2012,2,9,50,1,2,2,US-76,,6,33.95150278,-80.55837778,0,42,0,0,1,1,0,3,1,2,0,2,0,0000000,10,0,10,15,10,54,0,0,0,1,0
45,450270,2,2,0,0,0,3,3,75,0,14,5,2012,2,10,8,1,2,2,US-21,,25,33.52588889,-80.86446944,0,12,2,0,1,1,0,1,1,10,0,10,0,0000000,99,99,99,99,99,99,0,0,0,1,0
45,450271,1,1,0,1,1,2,2,51,1825,18,2,2012,7,21,35,0,6,6,MAIN STREET,,0,33.82666389,-78.67801944,0,8,0,0,1,1,0,1,3,2,0,2,0,0000000,21,43,21,47,22,12,0,0,0,1,0
45,450272,1,1,0,1,1,1,1,61,0,15,5,2012,3,15,3,0,3,3,SR-341,,7,34.25495,-80.24760833,0,8,0,0,1,1,0,1,1,1,0,1,0,0000000,15,6,15,13,99,99,0,0,0,1,0
45,450273,1,1,0,0,0,1,1,69,0,16,5,2012,4,9,30,0,9,3,SR-71,,3,34.70645556,-79.62188056,0,34,0,0,1,1,0,4,1,10,0,10,0,0000000,99,99,99,99,99,99,0,0,0,1,0
45,450274,2,2,0,0,0,2,2,33,0,16,5,2012,4,13,45,0,3,3,SR-9,28,4,34.47472778,-79.45348889,0,12,2,0,2,4,0,1,1,1,0,1,0,0000000,99,99,99,99,99,99,0,0,0,1,0
45,450275,2,1,1,0,0,1,1,41,0,17,5,2012,5,18,5,0,4,3,SR-341,,29,33.82746944,-79.53963611,0,1,0,0,1,1,0,4,1,2,0,2,0,0000000,99,99,99,99,99,99,0,0,0,1,1
45,450276,1,1,0,1,1,2,2,3,0,17,5,2012,5,6,15,0,4,3,SR-144,780,5,33.57673611,-81.83573889,0,8,0,0,2,2,0,1,2,2,0,2,0,0000000,99,99,99,99,99,99,0,0,0,1,0
45,450277,2,2,0,0,0,2,2,83,0,18,5,2012,6,11,15,0,3,3,SR-296,PLATEAU RD,0,34.89064167,-82.04464444,0,12,6,0,2,3,0,1,1,1,0,1,0,0000000,11,15,11,22,11,51,0,0,0,1,0
45,450278,1,1,0,1,1,1,1,79,520,19,5,2012,7,21,26,1,2,2,US-176,OMAREST DRIVE,20,34.03337222,-81.08825833,0,8,0,0,2,2,0,1,2,1,0,1,0,0000000,21,26,21,29,21,48,0,0,0,1,0
45,450279,1,1,0,0,0,1,1,73,0,19,5,2012,7,22,40,0,6,6,HARBIN ACRES RD,,0,34.66495833,-82.89359722,0,35,0,0,1,1,0,4,2,1,0,1,0,0000000,99,98,99,98,99,98,0,0,0,1,1
45,450280,1,1,0,0,0,2,2,7,0,19,5,2012,7,19,10,0,9,3,SR-284,JOYCE RD,0,34.74709722,-82.63687778,0,1,0,0,2,3,0,1,1,1,0,1,0,0000000,99,99,99,99,99,99,0,0,0,1,1
45,450281,1,1,0,1,1,1,1,45,0,19,5,2012,7,1,10,0,15,3,SR-105,,2,34.86168889,-82.41781389,0,9,0,0,1,1,0,1,3,1,0,1,0,0000000,99,98,99,98,99,98,0,0,0,1,0
45,450282,2,2,0,0,0,4,4,15,0,19,5,2012,7,0,15,0,4,3,SR-791,,0,33.17005556,-80.02564444,0,12,2,0,1,1,0,1,2,1,0,1,0,0000000,99,99,99,99,99,99,0,0,0,1,1
45,450283,1,1,0,0,0,2,2,51,1730,20,5,2012,1,15,1,1,2,2,US-17,,0,33.76041667,-78.80644167,0,1,0,0,1,1,0,4,1,1,0,1,0,0000000,99,99,99,99,99,99,0,0,0,2,0
45,450284,1,1,0,0,0,1,1,59,0,20,5,2012,1,0,5,0,3,3,SR-101,SWEETBRIAR RD,0,34.58928889,-82.16965278,0,35,0,0,2,3,0,4,2,1,0,1,0,0000000,99,98,99,98,99,98,0,0,0,1,1
45,450285,2,2,0,0,0,4,4,83,0,20,5,2012,1,13,40,0,5,3,SR-74,364,4,35.09823056,-81.96485833,0,12,6,0,2,4,0,1,1,1,0,1,0,0000000,99,99,99,99,99,99,0,0,0,2,0
45,450286,2,2,0,0,0,2,2,79,520,22,5,2012,3,1,8,1,11,1,I-20,,65,34.04269722,-81.08571944,0,12,1,0,1,1,0,1,2,1,0,1,0,0000000,99,98,99,98,99,98,0,0,0,1,0
45,450287,1,1,0,0,0,1,1,83,0,24,5,2012,5,12,50,1,2,2,US-221,,0,34.97930278,-81.93263611,0,33,0,0,8,1,0,4,1,1,0,1,0,0000000,12,53,12,56,13,10,0,0,0,1,0
45,450288,1,1,0,0,0,1,1,15,0,24,5,2012,5,16,25,1,11,1,I-26,,198,33.053375,-80.16419444,0,42,0,0,1,1,0,3,1,1,0,1,0,0000000,99,99,99,99,99,99,0,0,0,1,0
45,450289,1,1,0,0,0,1,1,67,0,25,5,2012,6,16,37,0,4,3,SR-9,,8,33.99049444,-79.41855556,0,34,0,0,1,1,0,4,1,1,0,1,0,0000000,99,99,99,99,99,99,0,0,0,1,0
45,450290,1,1,0,1,1,1,1,63,0,25,5,2012,6,2,20,1,2,2,US-378,,4,34.01695,-81.42753889,0,52,0,0,1,1,0,4,3,1,0,1,0,0000000,99,98,99,98,99,98,0,0,0,2,1
45,450291,3,3,0,0,0,5,5,55,0,25,5,2012,6,11,8,1,2,2,US-521,,4,34.14592778,-80.56081944,0,12,2,0,1,1,0,1,1,1,0,1,0,0000000,99,99,99,99,99,99,0,0,0,1,0
45,450292,3,3,0,0,0,3,3,51,1730,26,5,2012,7,7,18,0,14,3,SR-84,,7,33.69252222,-78.89666389,0,12,6,0,1,1,0,1,1,1,0,1,0,0000000,99,98,99,98,99,98,0,0,0,1,1
45,450293,1,1,0,0,0,1,1,29,0,26,5,2012,7,16,5,0,4,3,SR-303,,5,32.80576944,-80.63567778,0,34,0,0,1,1,0,4,1,1,0,1,0,0000000,99,98,99,98,99,98,0,0,0,1,0
45,450294,2,2,0,0,0,3,3,63,0,26,5,2012,7,21,0,0,3,3,SR-3,665,0,33.69634722,-81.15055,0,12,6,0,2,2,0,1,2,1,0,1,0,0000000,99,99,99,99,99,99,0,0,0,1,1
45,450295,1,1,0,0,0,1,1,57,0,26,5,2012,7,14,24,0,3,3,SR-97,,3,34.57659722,-80.84082222,0,34,0,0,1,1,0,4,1,1,0,1,0,0000000,14,33,14,47,15,43,0,0,0,1,0
45,450296,1,1,0,0,0,2,2,63,0,27,5,2012,1,4,15,0,4,3,SR-37,,0,33.89847222,-81.3704,0,42,0,0,1,1,0,4,2,1,0,1,0,0000000,99,99,99,99,99,99,0,0,0,1,1
45,450297,1,1,0,0,0,1,1,51,0,29,5,2012,3,7,45,1,2,3,SR-22,,11,33.92353333,-78.92013611,0,1,0,0,1,1,0,3,1,1,0,1,0,0000000,99,98,99,98,99,98,0,0,0,1,0
45,450298,1,1,0,0,0,2,2,7,0,29,5,2012,3,23,0,0,3,3,SR-8,,9,34.73045556,-82.57555278,0,1,0,0,1,1,0,4,2,10,0,10,0,0000000,99,99,99,99,99,99,0,0,0,1,1
45,450299,1,1,0,0,0,2,2,45,0,30,5,2012,4,5,28,0,5,3,SR-969,,2,35.12307778,-82.43488056,0,18,0,0,1,1,0,1,2,1,0,1,0,0000000,99,99,99,99,99,99,0,0,0,1,0
45,450300,1,1,0,0,0,1,1,75,0,30,5,2012,4,2,10,0,4,3,SR-400,,11,33.48755278,-80.93761667,0,16,0,0,1,1,0,1,2,2,0,2,0,0000000,99,98,99,98,99,98,0,0,0,1,0
45,450301,2,2,0,0,0,5,5,15,0,13,5,2012,1,9,15,1,1,1,I-26,,190,33.12241111,-80.27957222,0,12,1,0,1,1,0,1,1,1,0,1,0,0000000,99,99,99,99,99,99,0,0,0,1,0
45,450302,1,1,0,1,1,1,1,19,410,4,5,2012,6,0,30,1,2,2,US-17 SAVANNAH HWY,,0,32.78632222,-80.01111944,0,9,0,0,1,1,0,1,3,1,0,1,0,0000000,99,98,99,98,99,98,0,0,0,1,0
45,450303,1,1,0,0,0,2,2,19,0,8,5,2012,3,23,55,0,15,3,SR-28,,1,32.72693611,-79.94754167,0,42,0,0,1,1,0,4,2,1,0,1,0,0000000,99,99,99,99,99,99,0,0,0,2,1
45,450304,2,2,0,0,0,2,2,17,0,10,5,2012,5,16,10,0,9,3,SR-122,311,2,33.62878333,-80.84376944,0,12,6,0,2,2,0,1,1,1,0,1,0,0000000,16,10,16,20,99,99,0,0,0,1,0
45,450305,1,1,0,1,1,1,1,13,0,22,5,2012,3,16,44,0,4,3,SR-86,,0,32.45968889,-80.75433889,0,8,0,0,1,1,0,4,1,1,0,1,0,0000000,17,28,17,35,17,53,0,0,0,1,0
45,450306,2,2,0,0,0,3,3,75,0,2,6,2012,7,23,0,0,9,3,SR-260,,1,33.50787222,-80.72093889,0,12,7,0,8,1,0,1,2,1,0,1,0,0000000,99,99,99,99,99,99,0,0,0,1,1
45,450307,1,1,0,1,1,1,1,5,0,2,6,2012,7,4,0,0,4,3,SR-47,,4,32.97429722,-81.28302778,0,8,0,0,1,1,0,1,2,1,0,1,0,0000000,99,98,99,98,99,98,0,0,0,1,0
45,450308,2,2,0,0,0,3,3,31,0,3,6,2012,1,9,15,1,2,2,US-401,19,13,34.250525,-79.95181111,0,12,6,0,2,2,0,1,1,1,0,1,0,0000000,9,20,9,25,10,0,0,0,0,1,0
45,450309,1,1,0,0,0,1,1,13,0,4,6,2012,2,22,19,0,9,3,SR-77,,2,32.41828056,-80.49061944,0,30,0,0,1,1,0,4,2,1,0,1,0,0000000,99,98,99,98,99,98,0,0,0,1,1
45,450310,3,3,0,0,0,6,6,83,0,5,6,2012,3,20,40,1,11,1,I-85,,70,34.97418611,-82.02088611,0,57,0,0,1,1,0,3,1,1,0,1,0,0000000,20,40,20,47,21,17,0,0,0,1,0