STATE,ST_CASE,VE_TOTAL,VE_FORMS,PVH_INVL,PEDS,PERNOTMVIT,PERMVIT,PERSONS,COUNTY,CITY,DAY,MONTH,YEAR,DAY_WEEK,HOUR,MINUTE,NHS,ROAD_FNC,ROUTE,TWAY_ID,TWAY_ID2,MILEPT,LATITUDE,LONGITUD,SP_JUR,HARM_EV,MAN_COLL,RELJCT1,RELJCT2,TYP_INT,WRK_ZONE,REL_ROAD,LGT_COND,WEATHER1,WEATHER2,WEATHER,SCH_BUS,RAIL,NOT_HOUR,NOT_MIN,ARR_HOUR,ARR_MIN,HOSP_HR,HOSP_MN,CF1,CF2,CF3,FATALS,DRUNK_DR
45,450311,1,1,0,0,0,1,1,35,0,5,6,2012,3,1,0,0,4,3,SR-19,,21,33.06650556,-80.43548333,0,35,0,0,1,1,0,4,2,10,0,10,0,0000000,99,98,99,98,99,98,0,0,0,1,1
45,450312,2,2,0,0,0,2,2,45,0,6,6,2012,4,15,40,1,2,2,US-25,TAYLOR RD,3,34.55413889,-82.320025,0,12,6,0,2,3,0,1,1,10,0,10,0,0000000,99,98,99,98,99,98,0,0,0,1,0
45,450313,1,1,0,1,1,1,1,91,0,7,6,2012,5,21,0,0,4,3,SR-739,,1,34.84037778,-81.06648889,0,8,0,0,1,1,0,1,2,1,0,1,0,0000000,99,99,99,99,99,99,0,0,0,1,0
45,450314,1,1,0,0,0,1,1,45,0,8,6,2012,6,4,5,0,4,3,SR-492,,0,34.85678056,-82.30077222,0,42,0,0,1,1,0,4,2,10,0,10,0,0000000,4,5,4,6,4,42,0,0,0,1,1
45,450315,2,2,0,0,0,3,3,53,0,9,6,2012,7,21,30,0,3,3,SR-46,,0,32.25265833,-81.03505,0,12,1,0,1,1,0,1,2,1,0,1,0,0000000,99,99,99,99,99,99,0,0,0,1,0
45,450316,2,2,0,0,0,2,2,41,870,11,6,2012,2,5,40,0,4,3,SR-107,,0,34.14523611,-79.79925,0,12,2,0,1,1,0,1,4,1,0,1,0,0000000,99,99,99,99,99,99,0,0,0,1,1
45,450317,1,1,0,1,1,1,1,79,0,13,6,2012,4,5,33,0,4,3,SR-37,,3,33.91271111,-80.87376389,0,8,0,0,1,1,0,1,2,10,0,10,0,0000000,99,99,99,99,99,99,0,0,0,1,0
45,450318,1,1,0,0,0,1,1,1,0,13,6,2012,4,17,45,0,4,3,SR-71,,1,34.21527222,-82.610075,0,53,0,0,1,1,0,4,1,1,0,1,0,0000000,99,99,99,99,99,99,0,0,0,1,1
45,450319,1,1,0,0,0,1,1,13,2080,13,6,2012,4,23,37,0,4,3,SR-441,,2,32.39269444,-80.70308889,0,59,0,0,1,1,0,4,2,1,0,1,0,0000000,23,37,23,41,99,99,20,0,0,1,1
45,450320,1,1,0,1,1,5,5,83,0,16,6,2012,7,3,15,0,13,2,US-29,,13,34.93616944,-81.99498611,0,8,0,1,18,1,0,1,2,1,0,1,0,0000000,3,19,3,28,3,49,0,0,0,1,0
45,450321,1,1,0,0,0,2,2,59,0,16,5,2012,4,14,53,0,3,3,SR-72,,0,34.50469722,-81.704975,0,42,0,0,1,1,0,4,1,1,0,1,0,0000000,14,54,15,10,99,99,0,0,0,1,1
45,450322,1,1,0,0,0,1,1,25,0,20,5,2012,1,1,40,0,6,6,SUGARFOOT RD,,0,34.53378333,-80.12809722,0,35,0,0,1,1,0,4,2,1,0,1,0,0000000,1,50,1,57,99,99,0,0,0,1,1
45,450323,2,2,0,0,0,2,2,63,370,30,5,2012,4,17,47,1,2,2,US-21,1-26,2,33.93537222,-81.07673333,0,12,6,0,7,1,0,1,1,1,0,1,0,0000000,99,98,99,98,99,98,0,0,0,1,1
45,450324,1,1,0,0,0,1,1,83,0,2,6,2012,7,2,20,0,4,3,SR-62,120,3,34.80074167,-82.08039722,0,42,0,0,2,4,0,4,2,10,0,10,0,0000000,2,26,2,28,99,99,0,0,0,1,1
45,450325,1,1,0,0,0,2,2,17,0,3,6,2012,1,9,15,0,4,3,SR-29,,0,33.61273611,-80.9212,0,34,0,0,8,1,0,4,1,1,0,1,0,0000000,99,99,99,99,99,99,0,0,0,1,0
45,450326,2,2,0,0,0,4,4,1,0,6,6,2012,4,20,55,0,3,3,SR-28,,0,34.32652778,-82.53757222,0,12,6,0,1,1,0,1,2,1,0,1,0,0000000,99,99,99,99,99,99,0,0,0,2,1
45,450327,1,1,0,0,0,3,3,19,1170,6,6,2012,4,9,58,0,3,3,SR-165,,0,32.7371,-80.23964722,0,35,0,0,1,1,0,4,1,2,0,2,0,0000000,99,99,99,99,99,99,0,0,0,1,1
45,450328,1,1,0,0,0,1,1,19,1170,8,6,2012,6,10,13,0,3,3,SR-162,,8,32.74725,-80.19532778,0,42,0,0,1,1,0,4,1,1,0,1,0,0000000,99,98,99,98,99,98,0,0,0,1,1
45,450329,1,1,0,0,0,1,1,15,985,10,5,2012,5,23,15,0,6,6,MONTAGUE PLANTATION RD,,0,33.03294722,-80.03267222,0,42,0,0,1,1,0,3,2,1,0,1,0,0000000,23,21,23,27,23,54,0,0,0,1,0
45,450330,2,2,0,0,0,3,3,37,0,21,5,2012,2,12,45,0,9,3,SR-40,,6,33.79135833,-81.89061944,0,12,8,0,1,1,0,1,1,1,0,1,0,0000000,12,51,12,53,99,99,0,0,0,1,0
45,450331,2,2,0,0,0,2,2,79,520,25,5,2012,6,17,0,0,3,3,SR-12,52,14,34.09033889,-80.85477778,0,12,6,0,2,3,0,1,1,1,0,1,0,0000000,99,99,99,99,99,99,0,0,0,1,0
45,450332,1,1,0,0,0,1,1,33,0,10,6,2012,1,21,0,0,4,3,SR-70,,0,34.57375556,-79.40453889,0,35,0,0,1,1,0,4,2,1,0,1,0,0000000,99,99,99,99,99,99,0,0,0,1,0
45,450333,2,2,0,0,0,2,2,77,0,10,6,2012,1,9,5,0,3,3,SR-183,,0,34.89151389,-82.55597222,0,12,2,0,1,1,0,1,1,2,0,2,0,0000000,99,98,99,98,99,98,0,0,0,2,0
45,450334,2,2,0,0,0,2,2,75,0,10,6,2012,1,19,10,0,3,3,SR-6,SR-310,13,33.44989444,-80.43067778,0,12,6,0,3,1,0,1,1,2,0,2,0,0000000,99,99,99,99,99,99,0,0,0,1,2
45,450335,2,2,0,0,0,2,2,83,0,12,6,2012,3,22,30,0,14,3,SR-124,1020,3,34.97874444,-81.94926944,0,12,6,0,2,2,0,1,2,1,0,1,0,0000000,99,99,99,99,99,99,0,0,0,1,0
45,450336,1,1,0,0,0,1,1,45,0,14,6,2012,5,23,20,1,13,3,SR-291,,3,34.80613889,-82.37358611,0,32,0,0,1,1,0,4,2,1,0,1,0,0000000,99,99,99,99,99,99,0,0,0,1,1
45,450337,1,1,0,0,0,1,1,37,0,16,6,2012,7,22,10,0,4,3,SR-75,,9,33.74059722,-81.82459722,0,1,0,0,1,1,0,4,2,1,0,1,0,0000000,99,98,99,98,99,98,0,0,0,1,1
45,450338,2,2,0,0,0,2,2,57,0,16,6,2012,7,16,45,0,3,3,SR-5,358,6,34.85083333,-80.85751111,0,12,6,0,2,3,0,1,1,1,0,1,0,0000000,99,99,99,99,99,99,0,0,0,1,0
45,450339,2,2,0,0,0,5,5,31,0,17,6,2012,1,20,10,0,4,3,SR-13,,15,34.36930278,-79.97289722,0,12,2,0,1,1,0,1,1,1,0,1,0,0000000,99,99,99,99,99,99,0,0,0,3,1
45,450340,1,1,0,0,0,1,1,59,0,18,6,2012,2,5,30,0,4,3,SR-54,,6,34.40656111,-82.127625,0,34,0,0,1,1,0,4,2,1,0,1,0,0000000,5,43,6,0,99,99,0,0,0,1,0
45,450341,3,3,0,0,0,3,3,49,0,19,6,2012,3,13,40,1,2,2,US-601,,5,32.69324167,-81.19161944,0,12,1,0,1,1,0,1,1,1,0,1,0,0000000,99,99,99,99,99,99,0,0,0,1,0
45,450342,1,1,0,0,0,2,2,37,0,20,6,2012,4,9,55,0,4,3,SR-40,,2,33.82769722,-81.85624167,0,43,0,0,1,1,0,4,1,1,0,1,0,0000000,99,98,99,98,99,98,0,0,0,1,0
45,450343,1,1,0,0,0,1,1,57,0,22,6,2012,6,20,35,0,4,3,SR-34,,7,34.61868333,-80.77853611,0,42,0,0,1,1,0,5,1,1,0,1,0,0000000,99,99,99,99,99,99,0,0,0,1,1
45,450344,2,2,0,0,0,3,3,9,0,23,6,2012,7,20,0,0,3,3,SR-61,CR-18,1,33.21629722,-80.87586667,0,12,6,0,3,1,0,1,1,1,0,1,0,0000000,20,20,20,42,21,19,0,0,0,1,0
45,450345,1,1,0,0,0,1,1,85,0,23,6,2012,7,21,30,0,9,3,SR-49,,0,33.89751111,-80.14210556,0,34,0,0,1,1,0,4,2,1,0,1,0,0000000,21,39,21,42,99,99,0,0,0,1,1
45,450346,1,1,0,0,0,1,1,45,0,24,6,2012,1,15,15,1,2,2,US-123,,3,34.84229722,-82.42462222,0,33,0,0,1,1,0,4,1,1,0,1,0,0000000,99,99,99,99,99,99,0,0,0,1,1
45,450347,1,1,0,1,1,1,1,45,0,23,6,2012,7,22,5,0,14,3,SR-20,,3,34.69720556,-82.45235,0,8,0,0,1,1,0,1,1,1,0,1,0,0000000,22,9,22,21,22,47,0,0,0,1,0
45,450348,1,1,0,0,0,3,3,39,0,23,6,2012,7,19,35,0,14,3,SR-41,,3,34.41686667,-80.94754722,0,42,0,0,1,1,0,4,1,10,0,10,0,0000000,99,99,99,99,99,99,0,0,0,1,1
45,450349,2,2,0,0,0,9,9,73,0,22,6,2012,6,16,5,0,4,3,SR-21,,3,34.66039167,-82.93501111,0,12,2,0,1,1,0,1,1,1,0,1,0,0000000,99,99,99,99,99,99,0,0,0,1,0
45,450350,2,2,0,0,0,2,2,7,0,23,6,2012,7,17,35,0,4,3,SR-164,,10,34.70852778,-82.63815556,0,12,2,0,1,1,0,1,1,1,0,1,0,0000000,99,99,99,99,99,99,0,0,0,1,0
45,450351,1,1,0,0,0,1,1,47,0,24,6,2012,1,8,45,1,2,2,US-25,,0,34.28092778,-82.23606944,0,33,0,0,1,1,0,4,1,1,0,1,0,0000000,8,46,8,53,99,99,0,0,0,1,1
45,450352,1,1,0,0,0,1,1,15,0,25,6,2012,2,14,30,1,1,1,I-26,,194,33.07288611,-80.19310833,0,42,0,0,1,1,0,4,1,10,0,10,0,0000000,99,98,99,98,99,98,0,0,0,1,0
45,450353,2,2,0,0,0,2,2,89,0,27,6,2012,4,17,10,1,2,2,US-521,317,13,33.54993056,-79.77024444,0,12,6,0,2,3,0,1,1,1,0,1,0,0000000,99,98,99,98,99,98,0,0,0,1,0
45,450354,3,3,0,1,1,6,6,79,520,27,6,2012,4,23,8,1,11,1,I-20,,71,34.073375,-80.96886667,0,8,0,1,18,1,0,1,2,1,0,1,0,0000000,99,99,99,99,99,99,0,0,0,1,0
45,450355,1,1,0,0,0,5,5,71,0,28,6,2012,5,17,15,1,2,2,US-76,,2,34.37059722,-81.75649444,0,1,0,0,1,1,0,4,1,1,0,1,0,0000000,99,99,99,99,99,99,0,0,0,1,0
45,450356,1,1,0,0,0,1,1,53,2150,29,6,2012,6,2,30,0,9,3,SR-35,SR-124,2,32.47280833,-80.97761111,0,32,0,0,2,3,0,4,2,1,0,1,0,0000000,99,98,99,98,99,98,0,0,0,1,1
45,450357,1,1,0,0,0,1,1,63,0,29,6,2012,6,21,5,0,4,3,SR-279,,0,33.86568611,-81.25617222,0,34,0,0,1,1,0,4,2,1,0,1,0,0000000,21,8,21,15,22,8,0,0,0,1,1
45,450358,1,1,0,1,1,1,1,51,1825,30,6,2012,7,23,24,1,2,2,US-17,,0,33.83965833,-78.66568056,0,8,0,0,1,1,0,1,2,1,0,1,0,0000000,99,98,99,98,99,98,0,0,0,1,0
45,450359,1,1,0,0,0,1,1,41,0,30,6,2012,7,20,30,0,4,3,SR-57,,5,34.13711667,-79.68001111,0,34,0,0,1,1,0,4,5,1,0,1,0,0000000,20,34,20,45,21,7,0,0,0,1,0
45,450360,2,2,0,0,0,6,6,51,0,28,6,2012,5,17,0,0,3,3,SR-9,BUCK TRAIL,0,33.92896944,-78.72705556,0,12,6,0,2,3,0,1,1,1,0,1,0,0000000,17,3,17,7,17,41,0,0,0,1,1
45,450361,1,1,0,0,0,4,4,35,0,1,7,2012,1,4,15,1,1,1,I-26,,174,33.25572222,-80.47345833,0,52,0,0,1,1,0,4,2,1,0,1,0,0000000,99,99,99,99,99,99,0,0,0,1,0
45,450362,1,1,0,0,0,1,1,19,410,2,7,2012,2,23,49,1,2,2,US-52,,0,32.79791111,-79.94168056,0,26,0,0,1,1,0,3,3,1,0,1,0,0000000,99,99,99,99,99,99,0,0,0,1,1
45,450363,2,2,0,0,0,6,6,43,0,3,7,2012,3,15,45,1,2,2,US-17,CR-394,0,33.39064167,-79.32673889,0,12,6,0,3,1,0,1,1,1,0,1,0,0000000,15,49,16,16,16,38,0,0,0,1,0
45,450364,2,2,0,0,0,3,3,19,410,4,7,2012,4,21,2,1,2,2,US-17,WESLEY DRIVE,0,32.77970833,-79.973175,0,12,6,0,2,2,0,1,3,1,0,1,0,0000000,21,3,21,5,21,34,0,0,0,1,0
45,450365,1,1,0,0,0,1,1,51,0,4,7,2012,4,19,30,0,9,3,SR-665,,2,34.08638611,-78.87101667,0,34,0,0,1,1,0,4,1,1,0,1,0,0000000,99,98,99,98,99,98,0,0,0,1,0
45,450366,1,1,0,0,0,2,2,7,0,4,7,2012,4,12,5,0,3,2,US-178,,2,34.69986944,-82.67717778,0,42,0,0,1,1,0,4,1,1,0,1,0,0000000,12,10,12,19,99,99,0,0,0,1,0
45,450367,1,1,0,1,1,1,1,43,0,4,7,2012,4,21,15,0,4,3,SR-24,,1,33.34840556,-79.47142778,0,8,0,0,1,1,0,1,2,1,0,1,0,0000000,21,20,21,32,99,99,0,0,0,1,1
45,450368,1,1,0,0,0,2,2,75,0,4,7,2012,4,1,10,0,4,3,SR-2108,,0,33.32643333,-80.35563056,0,34,0,0,1,1,0,4,2,1,0,1,0,0000000,99,99,99,99,99,99,0,0,0,1,0
45,450369,2,2,0,0,0,2,2,63,0,5,7,2012,5,15,51,1,1,1,I-20,,38,33.80801667,-81.460375,0,12,1,0,1,1,0,1,1,1,0,1,0,0000000,15,51,15,54,16,44,0,0,0,1,0
45,450370,1,1,0,0,0,1,1,83,680,6,7,2012,6,20,32,0,4,3,SR-9789,,0,34.9533,-82.16406389,0,34,0,0,1,1,0,4,5,1,0,1,0,0000000,21,37,21,39,22,16,0,0,0,1,1
45,450371,1,1,0,0,0,3,3,53,1080,6,7,2012,6,9,10,1,1,1,I-95,,0,32.31157222,-81.059325,0,42,0,1,18,1,0,3,1,1,0,1,0,0000000,99,99,99,99,99,99,0,0,0,2,0
45,450372,1,1,0,0,0,1,1,79,0,6,7,2012,6,18,28,0,4,3,SR-708,,0,33.96983056,-80.92971944,0,42,0,0,1,1,0,4,1,1,0,1,0,0000000,99,99,99,99,99,99,0,0,0,1,0
45,450373,1,1,0,0,0,1,1,79,0,7,7,2012,7,17,15,0,4,3,SR-229,,5,34.016475,-81.06913333,0,53,0,0,1,1,0,4,1,1,0,1,0,0000000,99,98,99,98,99,98,0,0,0,1,1
45,450374,1,1,0,0,0,1,1,41,0,3,5,2012,5,18,0,0,4,3,SR-1276,,0,34.1344,-79.87074722,0,34,0,0,1,1,0,4,1,1,0,1,0,0000000,99,98,99,98,99,98,0,0,0,1,0
45,450375,1,1,0,0,0,1,1,35,0,8,7,2012,1,22,17,0,6,6,7 ACRES RD,,0,33.13648889,-80.57038611,0,34,0,0,1,1,0,4,2,1,0,1,0,0000000,99,98,99,98,99,98,0,0,0,1,1
45,450376,1,1,0,0,0,1,1,7,0,9,7,2012,2,21,50,0,15,3,SR-47,,1,34.48019444,-82.65220556,0,53,0,0,1,1,0,4,2,1,0,1,0,0000000,21,55,22,0,22,22,0,0,0,1,0
45,450377,2,2,0,0,0,2,2,21,0,11,7,2012,4,15,31,0,3,3,SR-5 YORK RD,,0,35.12238889,-81.492225,0,12,6,0,8,1,0,1,1,10,0,10,0,0000000,15,33,15,34,15,53,0,0,0,1,0
45,450378,6,6,0,0,0,7,7,51,0,12,7,2012,5,17,37,1,12,2,US-17,,6,33.62645,-78.9995,0,12,6,0,1,1,0,1,1,1,0,1,0,0000000,99,99,99,99,99,99,0,0,0,1,0
45,450379,1,1,0,0,0,1,1,91,0,12,7,2012,5,23,30,0,4,3,SR-162,,1,34.84984722,-80.94829444,0,34,0,0,1,1,0,4,2,10,0,10,0,0000000,99,98,99,98,99,98,0,0,0,1,1
45,450380,2,2,0,0,0,2,2,89,0,13,7,2012,6,16,10,0,4,3,SR-35,,6,33.65578056,-79.98523056,0,12,2,0,1,1,0,1,1,1,0,1,0,0000000,99,99,99,99,99,99,0,0,0,1,1
45,450381,2,2,0,0,0,4,4,81,0,16,5,2012,4,19,50,0,3,3,SR-39,,9,33.92382778,-81.70801667,0,12,6,0,1,1,0,1,2,2,0,2,0,0000000,99,99,99,99,99,99,0,0,0,2,0
45,450382,1,1,0,0,0,4,4,15,0,21,5,2012,2,17,0,0,4,3,SR-133,,0,33.07815556,-79.76545556,0,42,0,0,1,1,0,4,1,2,0,2,0,0000000,99,99,99,99,99,99,0,0,0,1,0
45,450383,1,1,0,0,0,1,1,15,1072,2,7,2012,2,6,6,0,4,3,SR-732,,0,32.93130278,-80.02899444,0,10,0,0,6,1,0,1,4,1,0,1,0,631977V,99,98,99,98,99,98,0,0,0,1,0
45,450384,2,2,0,0,0,3,3,45,0,13,7,2012,6,23,0,1,13,2,US-25,104,32,34.90562222,-82.46083333,0,18,0,0,2,2,0,4,2,2,0,2,0,0000000,23,12,23,27,23,38,0,0,0,1,2
45,450385,2,2,0,0,0,4,4,83,0,13,7,2012,6,9,40,0,4,3,SR-56,,0,35.03000278,-82.02011944,0,12,6,0,1,1,0,1,1,2,0,2,0,0000000,9,41,9,48,10,17,0,0,0,1,0
45,450386,1,1,0,0,0,3,3,31,0,13,7,2012,6,16,0,0,3,2,US-15,QUIET BROOK RD,18,34.44383889,-79.93408333,0,34,0,0,2,3,0,4,1,1,0,1,0,0000000,99,99,99,99,99,99,0,0,0,1,0
45,450387,3,3,0,0,0,4,4,51,0,14,7,2012,7,22,0,1,2,2,US-17,SR-544,6,33.62920833,-78.96263333,0,12,6,0,2,3,0,1,2,1,0,1,0,0000000,22,3,22,8,22,35,0,0,0,1,1
45,450388,1,1,0,0,0,2,2,19,15,14,7,2012,7,21,5,0,4,3,SR-38,,0,32.81315833,-80.40211111,0,30,0,0,1,1,0,4,3,1,0,1,0,0000000,99,99,99,99,99,99,0,0,0,1,1
45,450389,2,2,0,0,0,2,2,7,0,14,7,2012,7,14,16,1,2,2,US-29,,19,34.52305833,-82.59328056,0,12,2,0,1,1,0,1,1,1,0,1,0,0000000,14,18,14,23,99,99,0,0,0,1,1
45,450390,2,1,1,0,0,3,3,19,410,15,7,2012,1,2,13,0,4,3,SR-520,,0,32.79238889,-80.00023889,0,30,0,0,1,1,0,4,3,1,0,1,0,0000000,99,99,99,99,99,99,0,0,0,3,1
45,450391,1,1,0,0,0,1,1,3,0,15,7,2012,1,22,50,0,4,3,SR-113,,0,33.48687222,-81.60635,0,42,0,0,1,1,0,4,2,1,0,1,0,0000000,99,98,99,98,99,98,0,0,0,1,1
45,450392,1,1,0,0,0,2,2,45,0,15,7,2012,1,3,0,0,4,3,SR-173,,0,35.00960833,-82.38929444,0,34,0,0,1,1,0,4,2,1,0,1,0,0000000,99,99,99,99,99,99,0,0,0,1,1
45,450393,1,1,0,1,1,1,1,27,0,17,7,2012,3,3,45,1,1,1,I-95,,120,33.72645,-80.22269444,0,8,0,0,1,1,0,1,2,1,0,1,0,0000000,3,45,4,5,5,0,0,0,0,1,0
45,450394,2,2,0,0,0,2,2,19,1805,17,7,2012,3,22,28,0,13,2,US-52,,11,32.92328056,-80.03133056,0,12,1,0,1,1,0,1,3,1,0,1,0,0000000,99,98,99,98,99,98,0,0,0,1,0
45,450395,2,2,0,0,0,14,14,43,0,17,7,2012,3,18,50,1,2,2,US-17,BEAUMONT DRIVE,0,33.43129722,-79.14285833,0,12,6,0,8,1,0,1,1,1,0,1,0,0000000,18,50,19,12,19,22,0,0,0,1,1
45,450396,1,1,0,0,0,1,1,45,1060,17,7,2012,3,23,1,0,3,3,SR-14,RIVER RD,0,34.97809167,-82.24354444,0,52,0,0,3,3,0,4,2,1,0,1,0,0000000,99,98,99,98,99,98,0,0,0,1,1
45,450397,1,1,0,0,0,1,1,51,0,17,7,2012,3,12,30,0,9,3,SR-548,,7,33.87903611,-79.16163056,0,34,0,0,1,1,0,4,1,1,0,1,0,0000000,99,99,99,99,99,99,0,0,0,1,0
45,450398,1,1,0,0,0,3,3,19,85,18,7,2012,4,22,27,0,4,3,SR-432,,0,33.02091389,-79.59292778,0,1,0,0,1,1,0,4,2,1,0,1,0,0000000,99,99,99,99,99,99,0,0,0,1,0
45,450399,2,2,0,0,0,2,2,3,0,18,7,2012,4,7,0,0,14,3,SR-521,,5,33.51721111,-81.84548333,0,12,6,0,1,1,0,1,1,1,0,1,0,0000000,99,99,99,99,99,99,0,0,0,1,1
45,450400,2,2,0,0,0,2,2,31,0,18,7,2012,4,5,0,0,2,3,SR-151,23,2,34.39482222,-80.16310833,0,12,6,0,1,1,0,1,2,1,0,1,0,0000000,99,99,99,99,99,99,0,0,0,1,0
45,450401,2,2,0,0,0,2,2,51,0,18,7,2012,4,13,30,1,2,3,SR-22,,1,33.929475,-79.12521111,0,12,1,0,1,1,0,1,1,1,0,1,0,0000000,99,98,99,98,99,98,0,0,0,1,0
45,450402,1,1,0,0,0,8,8,17,0,19,7,2012,5,16,32,1,1,1,I-26,,136,33.66456111,-80.89248333,0,1,0,0,1,1,0,4,1,1,0,1,0,0000000,16,36,17,13,17,47,0,0,0,3,0
45,450403,1,1,0,0,0,1,1,45,0,20,7,2012,6,1,45,1,1,1,I-85,,41,34.78688611,-82.44502222,0,30,0,1,18,1,0,4,2,1,0,1,0,0000000,1,49,1,59,99,99,0,0,0,1,0
45,450404,2,2,0,0,0,3,3,45,0,20,7,2012,6,14,30,0,6,6,CLEVELAND EXT,,0,35.03953333,-82.49954444,0,12,6,0,1,1,0,1,1,10,0,10,0,0000000,14,41,14,58,15,20,0,0,0,1,1
45,450405,1,1,0,0,0,1,1,79,0,20,7,2012,6,11,40,0,13,3,SR-215,,2,34.06550556,-81.05149444,0,33,0,0,1,1,0,4,1,1,0,1,0,0000000,99,98,99,98,99,98,0,0,0,1,1
45,450406,1,1,0,0,0,1,1,35,0,21,7,2012,7,5,50,1,1,1,I-26,,179,33.20017222,-80.39961111,0,42,0,0,1,1,0,4,4,1,0,1,0,0000000,99,99,99,99,99,99,0,0,0,1,0
45,450407,1,1,0,1,1,1,1,51,0,22,7,2012,1,21,48,0,4,3,SR-109,,0,33.78908333,-79.113975,0,8,0,0,1,1,0,1,2,1,0,1,0,0000000,99,99,99,99,99,99,0,0,0,1,0
45,450408,1,1,0,0,0,1,1,67,0,22,7,2012,1,14,30,0,3,2,US-501,,4,34.23266667,-79.38726944,0,30,0,1,18,1,0,4,1,1,0,1,0,0000000,14,37,14,43,99,99,0,0,0,1,1
45,450409,2,2,0,0,0,3,3,79,520,15,7,2012,1,21,35,0,13,2,US-21,US-1,1,33.99774167,-81.04484444,0,12,6,0,2,2,0,1,3,1,0,1,0,0000000,21,39,21,44,22,4,0,0,0,1,1
45,450410,1,1,0,0,0,1,1,91,0,23,7,2012,2,16,0,0,4,3,SR-63,,2,34.98285833,-81.35286111,0,35,0,0,1,1,0,4,1,1,0,1,0,0000000,17,10,17,20,18,4,0,0,0,1,0
45,450411,1,1,0,0,0,4,4,91,0,24,7,2012,3,1,40,0,4,3,SR-49,,1,35.05625278,-81.12522222,0,42,0,0,1,1,0,4,2,10,0,10,0,0000000,99,99,99,99,99,99,0,0,0,1,1
45,450412,2,2,0,0,0,2,2,45,0,24,7,2012,3,11,55,1,13,2,US-276,NEW PLAZA DRIVE,29,34.91125278,-82.42615556,0,12,1,0,2,3,0,1,1,1,0,1,0,0000000,12,1,12,14,12,34,0,0,0,1,0
45,450413,2,2,0,0,0,2,2,73,0,24,7,2012,3,14,45,0,3,3,SR-28,,0,34.905525,-83.18005,0,12,1,0,8,1,0,1,1,1,0,1,0,0000000,99,98,99,98,99,98,0,0,0,1,0
45,450414,2,2,0,0,0,2,2,83,0,24,7,2012,3,5,1,0,14,3,SR-101,,20,34.91016667,-82.20520833,0,12,2,0,1,1,0,1,2,1,0,1,0,0000000,99,99,99,99,99,99,0,0,0,1,1
45,450415,1,1,0,0,0,1,1,35,0,26,7,2012,5,17,30,0,4,3,SR-29,,0,33.06366389,-80.52444167,0,1,0,0,1,1,0,4,1,1,0,1,0,0000000,99,99,99,99,99,99,0,0,0,1,0
45,450416,1,1,0,0,0,1,1,17,0,25,7,2012,4,15,0,0,9,3,SR-76,,0,33.56090278,-80.743775,0,42,0,0,1,1,0,4,1,1,0,1,0,0000000,99,99,99,99,99,99,0,0,0,1,0
45,450417,1,1,0,0,0,1,1,29,0,27,7,2012,6,14,8,0,4,3,SR-42,,1,32.99272222,-80.92328889,0,1,0,0,1,1,0,4,1,1,0,1,0,0000000,99,99,99,99,99,99,0,0,0,1,1
45,450418,2,2,0,0,0,2,2,41,0,27,7,2012,6,5,5,1,2,2,US-52,,14,34.04700278,-79.75330833,0,12,1,0,1,1,0,1,2,1,0,1,0,0000000,5,16,5,30,5,49,0,0,0,1,1
45,450419,1,1,0,0,0,2,2,13,1145,28,7,2012,7,21,35,0,4,3,SR-44,THOMPSON STREET,0,32.20934444,-80.70261667,0,59,0,0,2,5,0,1,2,1,0,1,0,0000000,99,99,99,99,99,99,0,0,0,1,1
45,450420,1,1,0,0,0,4,4,71,0,29,7,2012,1,6,45,1,1,1,I-26,,76,34.29512778,-81.54915556,0,1,0,0,1,1,0,4,1,1,0,1,0,0000000,99,99,99,99,99,99,0,0,0,1,0
45,450421,1,1,0,0,0,1,1,31,0,31,7,2012,3,20,45,0,4,3,SR-13,,11,34.31508333,-79.97591667,0,34,0,0,1,1,0,4,5,1,0,1,0,0000000,20,49,20,58,99,99,0,0,0,1,1
45,450422,2,2,0,1,1,1,1,79,520,10,4,2012,3,21,35,1,1,1,I-77,,0,33.97432222,-80.95483333,0,12,1,1,18,1,0,1,2,10,0,10,0,0000000,21,35,21,43,22,10,19,0,0,1,0
45,450423,2,2,0,0,0,4,4,3,0,19,4,2012,5,23,40,0,4,3,SR-21,GUNTER POND RD,0,33.71059167,-81.435625,0,12,6,0,2,2,0,1,2,1,0,1,0,0000000,99,99,99,99,99,99,0,0,0,1,0
45,450424,2,2,0,0,0,6,6,3,0,1,5,2012,3,19,45,0,14,3,SR-126,,2,33.52154722,-81.91355833,0,12,2,0,1,1,0,1,1,1,0,1,0,0000000,19,47,19,55,20,30,0,0,0,1,0
45,450425,2,2,0,0,0,3,3,63,0,5,5,2012,7,14,25,0,14,3,SR-104,,2,33.94976389,-81.161625,0,12,1,0,1,1,0,1,1,1,0,1,0,0000000,99,98,99,98,99,98,0,0,0,1,0
45,450426,2,2,0,0,0,3,3,77,0,14,5,2012,2,12,50,0,3,3,SR-183,305,22,34.89133889,-82.54660556,0,12,6,0,2,2,0,1,1,10,0,10,0,0000000,99,99,99,99,99,99,0,0,0,1,1
45,450427,1,1,0,0,0,2,2,27,0,15,7,2012,1,22,5,1,2,2,US-15,,12,33.64361389,-80.34911111,0,1,0,0,1,1,0,1,2,1,0,1,0,0000000,99,99,99,99,99,99,0,0,0,1,0
45,450428,1,1,0,0,0,1,1,61,0,20,7,2012,6,10,16,1,1,1,I-20,,110,34.20303889,-80.37037778,0,42,0,0,1,1,0,3,1,1,0,1,0,0000000,99,99,99,99,99,99,0,0,0,1,0