STATE,ST_CASE,VE_TOTAL,VE_FORMS,PVH_INVL,PEDS,PERNOTMVIT,PERMVIT,PERSONS,COUNTY,CITY,DAY,MONTH,YEAR,DAY_WEEK,HOUR,MINUTE,NHS,ROAD_FNC,ROUTE,TWAY_ID,TWAY_ID2,MILEPT,LATITUDE,LONGITUD,SP_JUR,HARM_EV,MAN_COLL,RELJCT1,RELJCT2,TYP_INT,WRK_ZONE,REL_ROAD,LGT_COND,WEATHER1,WEATHER2,WEATHER,SCH_BUS,RAIL,NOT_HOUR,NOT_MIN,ARR_HOUR,ARR_MIN,HOSP_HR,HOSP_MN,CF1,CF2,CF3,FATALS,DRUNK_DR
45,450429,1,1,0,1,1,3,3,83,0,27,7,2012,6,21,35,1,2,2,US-29,,2,34.95100556,-82.18737222,0,8,0,0,1,1,0,1,2,1,0,1,0,0000000,21,43,21,57,22,15,0,0,0,1,0
45,450430,1,1,0,0,0,1,1,49,830,2,7,2012,2,21,52,0,6,6,MORISSON AVE,,0,32.74723056,-81.23459722,0,34,0,0,1,1,0,4,2,1,0,1,0,0000000,99,99,99,99,99,99,0,0,0,1,0
45,450431,1,1,0,0,0,1,1,19,15,1,8,2012,4,23,45,0,3,3,SR-174,,0,32.66157222,-80.34029167,0,31,0,0,1,1,0,4,2,1,0,1,0,0000000,99,98,99,98,99,98,0,0,0,1,1
45,450432,1,1,0,0,0,1,1,55,0,1,8,2012,4,2,11,0,4,3,SR-37,,0,34.30536667,-80.72131944,0,42,0,0,1,1,0,4,2,2,0,2,0,0000000,99,99,99,99,99,99,0,0,0,1,1
45,450433,1,1,0,1,1,2,2,79,0,4,8,2012,7,0,55,1,2,2,US-1,,0,34.07852222,-80.93843333,0,8,0,0,1,1,0,1,2,1,0,1,0,0000000,1,1,1,5,1,28,0,0,0,1,0
45,450434,1,1,0,0,0,2,2,45,0,5,8,2012,1,17,57,0,4,3,SR-270,,0,35.04501667,-82.39378889,0,1,0,0,1,1,0,4,1,1,0,1,0,0000000,99,99,99,99,99,99,0,0,0,1,1
45,450435,1,1,0,1,1,1,1,83,1060,5,8,2012,1,1,51,0,6,6,KENDRICKS STREET,,0,34.95076667,-82.22069722,0,8,0,0,1,1,0,1,2,1,0,1,0,0000000,99,98,99,98,99,98,0,0,0,1,0
45,450436,1,1,0,0,0,2,2,83,0,6,8,2012,2,9,21,1,1,1,I-85,,82,35.03722222,-81.83285278,0,24,0,0,1,1,0,4,1,1,0,1,0,0000000,99,99,99,99,99,99,20,0,0,1,0
45,450437,1,1,0,0,0,2,2,41,0,11,8,2012,7,13,37,1,11,1,I-95,,161,34.21153611,-79.82622778,0,24,0,0,1,1,0,4,1,2,0,2,0,0000000,99,99,99,99,99,99,0,0,0,1,0
45,450438,1,1,0,0,0,1,1,79,0,16,8,2012,5,18,5,1,2,2,US-76,,40,33.94296944,-80.734,0,32,0,0,1,1,0,3,1,1,0,1,0,0000000,99,99,99,99,99,99,0,0,0,1,1
45,450439,1,1,0,0,0,1,1,73,0,16,8,2012,5,1,0,0,6,6,MACK REID RD,,0,34.91062222,-82.97596111,0,35,0,0,1,1,0,4,2,1,0,1,0,0000000,99,98,99,98,99,98,0,0,0,1,0
45,450440,1,1,0,1,1,1,1,19,410,17,8,2012,6,20,38,0,4,3,SR-53,,2,32.73348056,-79.98220278,0,9,0,0,1,1,0,1,2,1,0,1,0,0000000,99,99,99,99,99,99,0,0,0,1,0
45,450441,1,1,0,0,0,1,1,63,0,18,8,2012,7,4,20,0,4,3,SR-73,1471,5,33.82703611,-81.16873333,0,34,0,0,2,3,0,4,2,1,0,1,0,0000000,99,98,99,98,99,98,0,0,0,1,1
45,450442,3,2,1,0,0,5,5,63,0,18,8,2012,7,21,50,1,2,2,US-178,774,15,33.75894444,-81.36679444,0,12,6,0,2,4,0,1,2,1,0,1,0,0000000,22,53,23,2,23,53,14,0,0,2,1
45,450443,2,2,0,0,0,2,2,45,0,19,8,2012,1,16,40,0,3,3,SR-414,SR-101,12,35.08792222,-82.31968611,0,12,6,0,2,3,0,1,1,2,0,2,0,0000000,16,40,16,43,17,23,0,0,0,1,0
45,450444,1,1,0,0,0,1,1,77,0,20,8,2012,2,23,40,0,3,3,SR-183,,20,34.89017778,-82.58594444,0,35,0,0,1,1,0,4,2,1,0,1,0,0000000,99,98,99,98,99,98,0,0,0,1,1
45,450445,1,1,0,0,0,2,2,19,85,25,8,2012,7,17,1,1,2,2,US-17,,0,33.06745278,-79.52651111,0,35,0,0,1,1,0,4,1,1,0,1,0,0000000,99,99,99,99,99,99,0,0,0,2,1
45,450446,1,1,0,0,0,1,1,19,410,26,8,2012,1,18,49,0,4,3,SR-91,,7,32.65921389,-80.06761667,0,34,0,0,1,1,0,4,1,1,0,1,0,0000000,99,98,99,98,99,98,0,0,0,1,1
45,450447,1,1,0,1,1,1,1,91,2970,7,7,2012,7,3,30,0,4,3,SR-311,,2,34.98870278,-81.24864722,0,8,0,0,1,1,0,1,2,1,0,1,0,0000000,99,98,99,98,99,98,0,0,0,1,0
45,450448,1,1,0,0,0,2,2,79,0,25,8,2012,7,8,0,0,4,3,SR-1283,,2,33.96262222,-80.84544167,0,30,0,0,1,1,0,4,1,1,0,1,0,0000000,99,99,99,99,99,99,0,0,0,1,0
45,450449,2,2,0,0,0,2,2,47,1050,27,5,2012,1,18,19,1,13,2,US-25,101,17,34.17208056,-82.12716944,0,12,6,0,2,2,0,1,1,1,0,1,0,0000000,99,99,99,99,99,99,0,0,0,1,1
45,450450,1,1,0,1,1,1,1,59,0,28,5,2012,2,23,2,0,4,3,SR-53,,1,34.50853889,-81.94731944,0,8,0,0,1,1,0,1,2,1,0,1,0,0000000,99,98,99,98,99,98,0,0,0,1,0
45,450451,1,1,0,1,1,1,1,19,1805,3,8,2012,6,20,48,0,13,3,SR-642,,3,32.86727222,-80.05269722,0,8,0,0,1,1,0,1,3,1,0,1,0,0000000,99,99,99,99,99,99,0,0,0,1,0
45,450452,4,4,0,0,0,4,4,43,0,4,8,2012,7,20,20,0,4,3,SR-4,,0,33.52574167,-79.31225556,0,12,7,0,1,1,0,1,2,1,0,1,0,0000000,20,23,21,9,21,40,0,0,0,1,0
45,450453,1,1,0,0,0,2,2,43,0,6,8,2012,2,14,45,0,3,3,SR-41,,0,33.36075278,-79.65296667,0,59,0,0,1,1,0,4,1,1,0,1,0,0000000,14,47,15,0,15,47,0,0,0,2,0
45,450454,2,2,0,0,0,3,3,7,0,8,8,2012,4,16,45,0,4,3,SR-22,MEADOWOOD DRIVE,0,34.48133889,-82.74235,0,12,6,0,2,3,0,1,1,1,0,1,0,0000000,17,45,18,2,18,20,0,0,0,1,0
45,450455,1,1,0,0,0,1,1,57,0,11,8,2012,7,20,50,1,2,2,US-521,,0,34.93205556,-80.83451111,0,59,0,0,1,1,0,4,2,1,0,1,0,0000000,20,52,20,53,21,27,0,0,0,1,0
45,450456,2,2,0,0,0,2,2,45,0,19,8,2012,1,21,41,0,3,3,SR-290,SR-253,8,34.99181111,-82.34325556,0,12,6,0,2,3,0,1,2,1,0,1,0,0000000,21,41,21,49,22,28,0,0,0,1,0
45,450457,2,2,0,0,0,2,2,67,0,19,8,2012,1,4,0,1,2,2,US-378,,7,33.84259167,-79.27649722,0,12,2,0,1,1,0,1,2,1,0,1,0,0000000,4,0,4,26,99,99,0,0,0,2,0
45,450458,1,1,0,0,0,1,1,7,0,19,8,2012,1,19,35,1,2,2,US-179,163,4,34.72266111,-82.6777,0,31,0,0,2,3,0,4,1,1,0,1,0,0000000,19,48,20,0,99,99,0,0,0,1,1
45,450459,1,1,0,0,0,2,2,63,0,21,8,2012,3,9,20,0,4,3,SR-484,,1,33.89684444,-81.50213889,0,43,0,0,1,1,0,4,1,2,0,2,0,0000000,10,33,10,40,11,40,0,0,0,1,0
45,450460,1,1,0,0,0,1,1,45,0,20,8,2012,2,23,15,0,4,3,SR-507,,1,34.87569444,-82.42337778,0,39,0,0,1,1,0,4,2,1,0,1,0,0000000,99,99,99,99,99,99,0,0,0,1,1
45,450461,1,1,0,0,0,1,1,45,0,23,8,2012,5,17,55,0,9,3,SR-97,,3,35.09269722,-82.54164444,0,24,0,0,1,1,0,4,1,1,0,1,0,0000000,99,99,99,99,99,99,0,0,0,1,1
45,450462,1,1,0,1,1,1,1,41,0,25,8,2012,7,3,40,0,4,3,SR-461,,5,33.90684167,-79.67021667,0,8,0,0,1,1,0,1,2,1,0,1,0,0000000,99,99,99,99,99,99,0,0,0,1,0
45,450463,1,1,0,0,0,1,1,63,0,26,8,2012,1,5,50,1,2,2,US-378,,6,34.01278889,-81.37880833,0,34,0,0,1,1,0,4,2,1,0,1,0,0000000,99,98,99,98,99,98,0,0,0,1,1
45,450464,2,2,0,0,0,2,2,15,0,26,8,2012,1,20,15,1,2,2,US-17,CR-230,0,33.16734722,-80.04576389,0,12,6,0,3,1,0,1,1,10,0,10,0,0000000,99,98,99,98,99,98,0,0,0,1,0
45,450465,1,1,0,0,0,1,1,19,1805,28,8,2012,3,18,20,1,11,1,I-26,,213,32.87301667,-80.01198611,0,33,0,1,5,1,0,4,1,2,0,2,0,0000000,99,98,99,98,99,98,0,0,0,1,0
45,450466,2,2,0,0,0,3,3,51,0,30,8,2012,5,14,0,1,2,2,US-17,PLAZA DRIVE,1,33.58816667,-79.02647778,0,12,6,0,2,2,0,1,1,1,0,1,0,0000000,14,12,14,18,14,56,0,0,0,1,0
45,450467,1,1,0,0,0,1,1,59,0,12,8,2012,1,23,39,0,3,3,SR-72,,5,34.31922778,-81.99023889,0,52,0,0,1,1,0,4,2,1,0,1,0,0000000,99,99,99,99,99,99,0,0,0,1,0
45,450468,2,2,0,0,0,1,1,11,0,31,8,2012,6,15,29,0,3,3,SR-64,,2,33.24115,-81.43709722,0,12,1,0,1,1,0,1,1,1,0,1,0,0000000,99,99,99,99,99,99,0,0,0,1,0
45,450469,1,1,0,0,0,1,1,63,130,7,4,2012,7,23,56,0,3,2,US-1,850,1,33.90755833,-81.53742778,0,33,0,0,2,2,0,4,3,1,0,1,0,0000000,99,99,99,99,99,99,0,0,0,1,0
45,450470,3,3,0,0,0,4,4,51,1730,20,6,2012,4,19,25,0,6,6,SEABOARD STREET,,0,33.7058,-78.91116111,0,12,8,0,1,1,0,1,1,1,0,1,0,0000000,99,99,99,99,99,99,0,0,0,1,0
45,450471,1,1,0,1,1,1,1,79,520,25,6,2012,2,10,13,0,4,3,SR-10,COLLEGE STREET,0,34.00154722,-81.01709167,0,15,0,0,2,2,0,1,1,1,0,1,0,0000000,10,14,10,19,10,35,0,0,0,1,0
45,450472,1,1,0,0,0,2,2,33,0,16,5,2012,4,22,35,0,3,3,SR-301,,13,34.44351667,-79.34695556,0,1,0,0,1,1,0,4,2,10,0,10,0,0000000,22,38,22,40,99,99,0,0,0,1,0
45,450473,1,1,0,0,0,1,1,59,0,9,7,2012,2,23,14,0,9,3,SR-377,,2,34.59558611,-82.21844444,0,42,0,0,1,1,0,4,2,1,0,1,0,0000000,99,99,99,99,99,99,20,0,0,1,1
45,450474,3,3,0,0,0,4,4,59,0,13,7,2012,6,21,40,1,2,2,US-25,,0,34.47650556,-82.27456667,0,12,1,0,1,1,0,1,2,10,0,10,0,0000000,99,98,99,98,99,98,0,0,0,1,1
45,450475,1,1,0,0,0,1,1,45,0,19,8,2012,1,0,3,0,4,3,SR-173,LANGSTON RD,0,34.97986944,-82.41394722,0,1,0,0,2,3,0,1,3,10,0,10,0,0000000,0,3,0,12,0,45,0,0,0,1,0
45,450476,1,1,0,0,0,1,1,35,0,1,9,2012,7,1,1,0,4,3,SR-73,,0,33.22311111,-80.56368056,0,34,0,0,1,1,0,4,2,1,0,1,0,0000000,99,98,99,98,99,98,0,0,0,1,1
45,450477,1,1,0,0,0,1,1,39,0,5,9,2012,4,20,15,0,4,3,SR-21,,6,34.36349722,-81.07693889,0,30,0,0,1,1,0,4,3,1,0,1,0,0000000,99,99,99,99,99,99,0,0,0,1,0
45,450478,1,1,0,1,1,1,1,17,0,6,9,2012,5,6,50,0,4,3,SR-74,,0,33.528075,-80.66424722,0,8,0,0,1,1,0,1,2,1,0,1,0,0000000,99,98,99,98,99,98,0,0,0,1,0
45,450479,1,1,0,1,1,1,1,45,0,6,9,2012,5,20,47,0,4,3,SR-417,,0,34.87551667,-82.43088611,0,8,0,0,1,1,0,1,2,1,0,1,0,0000000,20,47,20,50,21,20,0,0,0,1,0
45,450480,2,2,0,0,0,7,7,43,0,7,9,2012,6,17,55,1,2,2,US-701,66,2,33.40409167,-79.28804722,0,12,6,0,2,2,0,1,1,1,0,1,0,0000000,99,99,99,99,99,99,0,0,0,1,0
45,450481,1,1,0,1,1,2,2,51,0,7,9,2012,6,0,18,0,3,3,SR-544,,0,33.80187222,-79.01849167,0,8,0,0,1,1,0,1,2,1,0,1,0,0000000,0,20,0,29,0,37,0,0,0,1,0
45,450483,1,1,0,1,1,1,1,23,0,8,9,2012,7,4,0,0,4,3,SR-99,,1,34.59629722,-80.91962778,0,8,0,0,1,1,0,1,2,5,0,5,0,0000000,99,98,99,98,99,98,0,0,0,1,0
45,450484,1,1,0,0,0,3,3,7,0,8,9,2012,7,19,20,0,4,3,SR-555,,0,34.32590833,-82.75839167,0,42,0,0,1,1,0,4,1,10,0,10,0,0000000,19,21,19,34,99,99,0,0,0,1,1
45,450485,1,1,0,0,0,1,1,35,0,9,9,2012,1,18,0,0,5,3,SR-53,,1,33.18064444,-80.62711667,0,42,0,0,1,1,0,4,1,1,0,1,0,0000000,99,98,99,98,99,98,0,0,0,1,1
45,450486,1,1,0,0,0,1,1,67,0,9,9,2012,1,8,50,0,3,3,SR-41,,14,34.07238333,-79.30500278,0,42,0,0,1,1,0,4,1,10,0,10,0,0000000,8,50,9,2,99,99,0,0,0,1,1
45,450487,2,2,0,0,0,2,2,51,2555,10,9,2012,2,15,7,1,2,2,US-17,DEERFIELD LINKS DRIVE,0,33.63668056,-78.99161944,0,12,6,0,8,1,0,1,1,1,0,1,0,0000000,99,99,99,99,99,99,0,0,0,1,1
45,450488,1,1,0,0,0,1,1,53,0,10,9,2012,2,14,44,1,1,1,I-95,,0,32.25540556,-81.10130278,0,42,0,0,1,1,0,3,1,1,0,1,0,0000000,99,98,99,98,99,98,0,0,0,1,0
45,450489,2,2,0,0,0,3,3,15,0,11,9,2012,3,15,31,0,3,3,SR-311,COUNTY LINE RD,4,33.27725556,-80.25867778,0,12,6,0,2,2,0,1,1,1,0,1,0,0000000,99,99,99,99,99,99,0,0,0,1,0
45,450490,2,2,0,0,0,2,2,73,0,11,9,2012,3,15,0,0,3,3,SR-11,220,18,34.73613333,-83.05288611,0,12,6,0,2,2,0,1,1,1,0,1,0,0000000,15,6,15,11,15,41,0,0,0,1,0
45,450491,1,1,0,1,1,1,1,33,0,12,9,2012,4,20,20,1,2,2,US- 301,,14,34.45313056,-79.33822222,0,8,0,0,1,1,0,1,2,1,0,1,0,0000000,20,33,20,38,99,99,0,0,0,1,0
45,450492,1,1,0,1,1,1,1,3,20,13,9,2012,5,6,40,0,3,3,SR-118,,4,33.57571667,-81.70380278,0,8,0,0,1,1,0,1,2,1,0,1,0,0000000,6,57,7,5,7,39,0,0,0,1,0
45,450493,2,2,0,0,0,2,2,85,0,21,4,2012,7,7,15,0,15,3,SR-33,1927,4,33.89821389,-80.39794444,0,12,6,0,2,3,0,1,2,5,0,5,0,0000000,7,19,7,26,7,54,0,0,0,1,0
45,450494,2,2,0,0,0,3,3,63,0,15,9,2012,7,1,37,0,3,3,SR-6,,19,33.84537222,-81.2091,0,12,1,0,1,1,0,1,2,1,0,1,0,0000000,99,98,99,98,99,98,0,0,0,1,1
45,450495,1,1,0,0,0,1,1,19,85,16,9,2012,1,12,31,0,4,3,SR-1032,US-17,4,33.03505,-79.619275,0,42,0,0,2,3,0,4,1,1,0,1,0,0000000,99,99,99,99,99,99,0,0,0,1,1
45,450496,2,1,1,1,1,2,2,3,0,16,6,2012,7,4,15,1,1,1,I-20,,12,33.61582222,-81.83023611,0,14,0,0,1,1,0,2,2,1,0,1,0,0000000,4,17,4,41,5,5,23,0,0,1,1
45,450497,2,2,0,0,0,2,2,79,0,1,7,2012,1,20,45,1,1,1,I-20,,75,34.06816111,-81.01789722,0,12,1,0,1,1,0,1,2,2,0,2,0,0000000,99,98,99,98,99,98,0,0,0,1,1
45,450498,2,2,0,0,0,2,2,15,0,12,8,2012,1,0,30,0,3,3,SR-6,,0,33.36317222,-80.190275,0,12,2,0,1,1,0,1,2,10,0,10,0,0000000,1,28,1,35,2,15,0,0,0,1,2
45,450499,2,2,0,1,1,1,1,51,0,31,8,2012,6,6,20,0,4,3,SR-934,,2,33.82795278,-79.17708333,0,8,0,0,1,1,0,1,2,5,0,5,0,0000000,6,30,6,33,7,27,0,0,0,1,0
45,450500,1,1,0,0,0,1,1,77,0,9,9,2012,1,17,45,1,2,2,US-123,,17,34.80878056,-82.61598333,0,34,0,0,1,1,0,3,1,1,0,1,0,0000000,17,49,17,54,18,20,0,0,0,1,1
45,450501,1,1,0,1,1,1,1,51,0,15,9,2012,7,5,20,0,6,6,LOG CABIN RD,,0,34.06494167,-78.79474722,0,8,0,0,1,1,0,1,2,1,0,1,0,0000000,99,98,99,98,99,98,0,0,0,1,0
45,450502,2,2,0,0,0,4,4,15,0,8,5,2012,3,16,0,1,2,2,US-17,FREDERICK DOUGLAS,0,33.16548611,-80.04838889,0,12,2,0,2,3,0,1,1,1,0,1,0,0000000,99,99,99,99,99,99,0,0,0,1,0
45,450503,1,1,0,0,0,1,1,79,520,9,8,2012,5,17,2,0,4,3,SR-48,,1,33.97926389,-80.98177778,0,34,0,0,1,1,0,4,1,1,0,1,0,0000000,99,98,99,98,99,98,0,0,0,1,1
45,450504,2,2,0,0,0,2,2,81,0,19,8,2012,1,15,16,1,2,2,US-378,,23,34.04085833,-81.52840556,0,12,6,0,1,1,0,1,1,1,0,1,0,0000000,15,17,15,38,15,54,0,0,0,1,0
45,450505,1,1,0,0,0,1,1,59,0,20,8,2012,2,17,40,0,9,3,SR-23,,6,34.56864444,-82.03464167,0,30,0,0,1,1,0,4,1,10,0,10,0,0000000,17,45,17,50,99,99,0,0,0,1,1
45,450506,3,3,0,0,0,4,4,41,870,16,9,2012,1,18,3,1,2,2,US-52,583,22,34.14418889,-79.77049167,0,12,6,0,2,2,0,1,1,1,0,1,0,0000000,18,4,18,9,18,50,0,0,0,2,0
45,450507,2,2,0,0,0,4,4,13,140,2,3,2012,6,15,15,0,14,3,SR-170,,23,32.42768611,-80.72366944,0,12,6,0,8,1,0,1,1,1,0,1,0,0000000,15,18,15,22,15,45,0,0,0,1,0
45,450508,1,1,0,0,0,1,1,31,0,22,7,2012,1,23,50,0,9,3,SR-39,,4,34.39804444,-80.14153889,0,1,0,0,1,1,0,4,2,1,0,1,0,0000000,99,99,99,99,99,99,0,0,0,1,0
45,450509,2,1,1,0,1,1,2,53,2150,31,8,2012,6,2,50,1,1,1,I-95,,16,32.42609444,-81.0034,0,14,0,0,5,1,0,8,3,1,0,1,0,0000000,99,98,99,98,99,98,0,0,0,1,0
45,450510,1,1,0,0,0,1,1,75,0,6,9,2012,5,15,54,1,1,1,I-26,,164,33.36631389,-80.60032222,0,42,0,0,1,1,0,3,1,1,0,1,0,0000000,99,98,99,98,99,98,0,0,0,1,0
45,450511,1,1,0,0,0,1,1,71,0,15,9,2012,7,18,0,0,4,3,SR-773,,3,34.24581667,-81.45445833,0,32,0,0,1,1,0,4,1,1,0,1,0,0000000,99,98,99,98,99,98,0,0,0,1,1
45,450512,1,1,0,0,0,1,1,7,0,15,9,2012,7,11,0,0,6,6,ELROD RD,SLEEPY HOLLOW RD,0,34.72898889,-82.48575833,0,1,0,0,2,3,0,4,1,1,0,1,0,0000000,11,2,11,9,99,99,0,0,0,1,0
45,450513,2,2,0,0,0,2,2,7,0,15,9,2012,7,16,0,0,6,6,ALLIANCE PARKWAY,,0,34.62985278,-82.60073333,0,12,6,0,1,1,0,1,1,1,0,1,0,0000000,99,98,99,98,99,98,0,0,0,1,1
45,450514,2,2,0,0,0,2,2,45,0,17,9,2012,2,15,51,0,3,3,SR-8,,3,34.64336389,-82.45241667,0,12,2,0,1,1,0,1,1,10,0,10,0,0000000,99,98,99,98,99,98,0,0,0,1,0
45,450515,2,2,0,0,0,3,3,25,0,18,9,2012,3,7,55,0,3,3,SR-9,,11,34.76905,-80.326525,0,12,7,0,1,1,0,1,1,2,0,2,0,0000000,99,98,99,98,99,98,0,0,0,1,0
45,450516,2,2,0,0,0,8,8,51,0,22,9,2012,7,13,18,1,2,2,US-17,,0,33.63883056,-78.95100833,0,12,6,0,1,1,0,1,1,1,0,1,0,0000000,99,99,99,99,99,99,0,0,0,1,0
45,450517,1,1,0,0,0,1,1,83,0,26,9,2012,4,18,45,1,11,1,I-26,,16,35.00140278,-82.02128611,0,35,0,0,1,1,0,4,1,1,0,1,0,0000000,99,99,99,99,99,99,0,0,0,1,1
45,450518,1,1,0,1,1,1,1,83,0,26,9,2012,4,6,22,1,11,1,I-85,,74,35.01281944,-81.90595556,0,8,0,1,18,1,0,1,4,1,0,1,0,0000000,99,99,99,99,99,99,0,0,0,1,0
45,450519,3,3,0,0,0,5,5,79,520,28,9,2012,6,3,50,0,13,2,US-176,,21,34.02604722,-81.05183889,0,12,8,0,1,1,0,1,2,1,0,1,0,0000000,99,99,99,99,99,99,0,0,0,1,1
45,450520,1,1,0,0,0,1,1,53,0,30,9,2012,1,5,15,0,3,2,US- 321,,19,32.55228056,-81.16783889,0,23,0,0,1,1,0,4,2,1,0,1,0,0000000,99,98,99,98,99,98,0,0,0,1,1
45,450521,1,1,0,0,0,1,1,19,2697,29,9,2012,7,4,27,0,3,3,SR-700,,0,32.68063889,-80.16269444,0,42,0,0,1,1,0,4,3,1,0,1,0,0000000,99,99,99,99,99,99,0,0,0,1,1
45,450522,1,1,0,0,0,1,1,7,0,7,9,2012,6,20,0,0,6,6,COX RD,,0,34.54998056,-82.59634722,0,32,0,0,1,1,0,4,2,1,0,1,0,0000000,20,3,20,8,99,99,0,0,0,1,0
45,450523,3,3,0,0,0,3,3,7,0,13,9,2012,5,11,40,0,3,3,SR-181,,0,34.35645833,-82.72568333,0,12,7,0,1,1,0,1,1,1,0,1,0,0000000,11,45,11,52,99,99,0,0,0,1,0
45,450524,2,1,1,0,0,1,1,91,500,12,9,2012,4,13,25,0,9,3,SR-588,,2,35.10735278,-81.22536389,0,14,0,0,1,1,0,5,1,1,0,1,0,0000000,99,99,99,99,99,99,0,0,0,1,0
45,450525,1,1,0,1,1,2,2,45,0,18,9,2012,3,6,55,0,4,3,SR-920,,0,34.92772222,-82.34443333,0,8,0,0,1,1,0,1,2,2,0,2,0,0000000,99,99,99,99,99,99,0,0,0,1,0
45,450526,2,2,0,0,0,5,5,21,0,18,9,2012,3,20,12,1,1,1,I-85,,96,35.11219444,-81.58283611,0,57,0,0,1,1,0,3,2,1,0,1,0,0000000,99,99,99,99,99,99,0,0,0,3,0
45,450527,1,1,0,0,0,1,1,83,0,23,9,2012,1,0,35,0,6,6,BERRY RD,,0,35.05958611,-81.93851389,0,53,0,0,1,1,0,4,3,1,0,1,0,0000000,99,98,99,98,99,98,0,0,0,1,1
45,450528,2,2,0,0,0,3,3,31,0,28,9,2012,6,15,35,0,4,3,SR-340,354,8,34.2659,-79.88801944,0,12,6,0,2,2,0,1,1,1,0,1,0,0000000,15,44,15,49,16,15,0,0,0,1,0
45,450529,1,1,0,0,0,2,2,15,0,28,9,2012,6,11,33,0,4,3,SR-42,,4,33.31138611,-79.97850833,0,42,0,0,1,1,0,4,1,1,0,1,0,0000000,99,98,99,98,99,98,0,0,0,1,1
45,450530,1,1,0,0,0,1,1,59,0,29,9,2012,7,15,5,0,3,3,SR-101,,7,34.59264167,-82.16573056,0,1,0,0,1,1,0,4,1,1,0,1,0,0000000,99,99,99,99,99,99,0,0,0,1,1
45,450531,1,1,0,1,1,1,1,91,2200,1,8,2012,4,20,52,0,13,3,SR-901,1136,7,34.90981944,-81.03991667,0,8,0,0,2,2,0,1,3,1,0,1,0,0000000,21,54,21,58,22,20,0,0,0,1,0
45,450532,2,2,0,0,0,4,4,91,900,12,8,2012,1,18,26,1,2,2,US- 21,CREEKSIDE DRIVE,0,35.00436667,-80.96384444,0,12,6,0,2,2,0,1,1,1,0,1,0,0000000,99,99,99,99,99,99,0,0,0,1,1
45,450533,1,1,0,0,0,2,2,75,0,15,9,2012,7,20,19,1,1,1,I-26,,155,33.43923611,-80.70461111,0,42,0,0,1,1,0,4,2,1,0,1,0,0000000,21,3,21,17,21,51,0,0,0,1,0
45,450534,2,2,0,1,1,5,5,59,0,18,9,2012,3,7,0,1,2,2,US-25,GIN MILL RD,8,34.49592778,-82.28698056,0,8,0,0,3,3,0,1,4,10,0,10,0,0000000,99,99,99,99,99,99,0,0,0,1,0
45,450535,2,2,0,0,0,2,2,47,0,20,9,2012,5,12,3,0,4,3,SR-99,SR-100,1,34.20164167,-82.12478889,0,12,6,0,2,2,0,1,1,1,0,1,0,0000000,99,99,99,99,99,99,0,0,0,1,0
45,450536,2,2,0,0,0,4,4,7,0,23,9,2012,1,21,11,1,1,1,I-85,,20,34.57728333,-82.69696389,0,12,1,0,1,1,0,1,3,1,0,1,0,0000000,99,99,99,99,99,99,0,0,0,2,0
45,450537,1,1,0,0,0,1,1,15,0,1,10,2012,2,15,10,0,4,3,SR-791,,6,33.146625,-80.01913889,0,42,0,0,1,1,0,4,1,1,0,1,0,0000000,99,99,99,99,99,99,0,0,0,1,0
45,450538,1,1,0,1,1,1,1,89,0,2,10,2012,3,10,30,0,3,3,SR-527,,9,33.68508056,-79.85140556,0,8,0,0,1,1,0,1,1,1,0,1,0,0000000,99,98,99,98,99,98,0,0,0,1,0
45,450539,2,2,0,0,0,2,2,79,0,2,10,2012,3,8,50,0,15,3,SR-955,,2,34.16343611,-80.85754722,0,12,6,0,1,1,0,1,1,1,0,1,0,0000000,99,99,99,99,99,99,0,0,0,1,0
45,450540,2,2,0,0,0,4,4,7,0,3,10,2012,4,13,14,1,2,2,US-29,96,27,34.62075833,-82.53482778,0,12,2,0,1,1,0,1,1,1,0,1,0,0000000,99,99,99,99,99,99,0,0,0,2,0
45,450541,1,1,0,1,1,2,2,13,0,4,10,2012,5,22,0,0,4,3,SR-40,,0,32.43669167,-80.777125,0,8,0,0,1,1,0,1,2,1,0,1,0,0000000,22,3,22,4,22,28,0,0,0,1,0
45,450542,1,1,0,0,0,1,1,47,0,5,10,2012,6,3,30,1,2,2,US-221,MT PLEASANT CEM RD,1,34.033525,-82.25700278,0,59,0,0,2,3,0,4,2,1,0,1,0,0000000,3,33,3,47,99,99,0,0,0,1,1
45,450543,1,1,0,1,1,1,1,41,0,6,10,2012,7,20,33,0,4,3,SR-58,,0,33.81076944,-79.47412222,0,8,0,0,1,1,0,1,2,1,0,1,0,0000000,99,99,99,99,99,99,0,0,0,1,0
45,450544,1,1,0,0,0,1,1,89,0,7,10,2012,1,0,35,0,9,3,SR-194,,1,33.74498889,-79.49916389,0,34,0,0,1,1,0,4,2,1,0,1,0,0000000,99,98,99,98,99,98,0,0,0,1,1
45,450545,2,2,0,0,0,4,4,35,0,23,8,2012,5,2,10,0,3,3,SR-642,,0,32.93036944,-80.13416944,0,12,1,0,1,1,0,1,3,1,0,1,0,0000000,99,99,99,99,99,99,0,0,0,1,1
45,450546,2,2,0,0,0,3,3,13,0,29,9,2012,7,17,25,0,3,3,SR-72,SR-258,4,32.48342778,-80.66703333,0,12,6,0,2,3,0,1,1,1,0,1,0,0000000,99,99,99,99,99,99,0,0,0,1,0
45,450547,3,3,0,0,0,3,3,53,0,2,10,2012,3,21,40,0,3,3,SR-170,,0,32.35383889,-80.89077222,0,12,2,0,1,1,0,1,2,1,0,1,0,0000000,99,99,99,99,99,99,0,0,0,2,1
45,450548,2,2,0,0,0,2,2,75,0,3,10,2012,4,8,28,0,3,3,SR-33,,0,33.50308611,-80.82494444,0,12,2,0,1,1,0,1,1,1,0,1,0,0000000,99,99,99,99,99,99,0,0,0,1,0