STATE,ST_CASE,VE_TOTAL,VE_FORMS,PVH_INVL,PEDS,PERNOTMVIT,PERMVIT,PERSONS,COUNTY,CITY,DAY,MONTH,YEAR,DAY_WEEK,HOUR,MINUTE,NHS,ROAD_FNC,ROUTE,TWAY_ID,TWAY_ID2,MILEPT,LATITUDE,LONGITUD,SP_JUR,HARM_EV,MAN_COLL,RELJCT1,RELJCT2,TYP_INT,WRK_ZONE,REL_ROAD,LGT_COND,WEATHER1,WEATHER2,WEATHER,SCH_BUS,RAIL,NOT_HOUR,NOT_MIN,ARR_HOUR,ARR_MIN,HOSP_HR,HOSP_MN,CF1,CF2,CF3,FATALS,DRUNK_DR
45,450549,3,3,0,0,0,4,4,55,0,6,10,2012,7,15,5,1,2,2,US-1,,24,34.35426111,-80.48244167,0,12,8,0,1,1,0,1,1,1,0,1,0,0000000,15,9,15,19,15,41,0,0,0,2,0
45,450550,2,1,1,0,0,1,1,83,0,7,10,2012,1,20,5,0,6,6,BUSINESS PARKWAY,INDUSTRIAL CT,0,34.88449722,-82.15528056,0,14,0,0,2,3,0,4,3,1,0,1,0,0000000,99,98,99,98,99,98,0,0,0,1,1
45,450551,1,1,0,1,1,0,0,77,0,12,10,2012,6,7,0,0,6,6,FERNWOOD DRIVE,,0,34.85159167,-82.67175556,0,8,0,0,8,1,0,1,1,1,0,1,0,0000000,99,98,99,98,99,98,0,0,0,1,0
45,450552,2,2,0,0,0,5,5,67,0,13,10,2012,7,6,54,1,2,2,US-76,46,0,34.17855833,-79.46780556,0,12,1,0,2,2,0,1,4,1,0,1,0,0000000,99,98,99,98,99,98,0,0,0,1,1
45,450553,2,2,0,0,0,2,2,45,1060,31,8,2012,6,0,56,1,13,2,US-29,,16,34.94348056,-82.25414722,0,12,1,0,1,1,0,1,2,1,0,1,0,0000000,99,99,99,99,99,99,0,0,0,1,1
45,450554,1,1,0,1,1,1,1,17,0,8,10,2012,2,10,45,1,1,1,I-26,,139,33.62126667,-80.86915,0,8,0,0,1,1,0,1,1,1,0,1,0,0000000,11,6,11,17,11,43,0,0,0,1,0
45,450555,1,1,0,0,0,1,1,75,0,13,10,2012,7,7,0,0,3,3,SR-6,,0,33.46034444,-80.44454444,0,34,0,0,1,1,0,4,4,1,0,1,0,0000000,99,98,99,98,99,98,0,0,0,1,1
45,450556,1,1,0,1,1,2,2,83,0,13,10,2012,7,21,50,0,4,3,SR-191,,6,35.06231389,-81.89335833,0,8,0,0,1,1,0,1,2,1,0,1,0,0000000,21,50,21,55,99,99,0,0,0,1,0
45,450557,1,1,0,0,0,1,1,69,0,14,10,2012,1,5,20,1,2,2,US-15,,0,34.58410556,-79.75825556,0,42,0,0,1,1,0,4,2,1,0,1,0,0000000,99,99,99,99,99,99,0,0,0,1,1
45,450558,1,1,0,0,0,2,2,7,0,16,10,2012,3,15,5,0,6,6,LINMAR CIRCLE,,0,34.55161111,-82.6094,0,5,0,0,1,1,0,1,1,1,0,1,0,0000000,99,98,99,98,99,98,0,0,0,1,0
45,450559,1,1,0,1,1,4,4,45,0,17,10,2012,4,19,23,1,2,2,US-276,,0,34.8988,-82.41371111,0,8,0,0,1,1,0,1,2,1,0,1,0,0000000,99,98,99,98,99,98,0,0,0,1,0
45,450560,3,3,0,0,0,8,8,73,0,21,10,2012,1,16,40,0,3,3,SR-24,184,12,34.58139722,-82.91600556,0,12,6,0,2,2,0,1,1,1,0,1,0,0000000,99,99,99,99,99,99,0,0,0,1,0
45,450561,2,2,0,0,0,2,2,59,0,8,7,2012,1,22,50,1,2,2,US-76,GARLINGTON STREET,0,34.50365278,-81.99575556,0,12,6,0,2,3,0,1,3,1,0,1,0,0000000,99,99,99,99,99,99,0,0,0,1,0
45,450562,2,2,0,0,0,2,2,19,410,13,10,2012,7,18,35,1,2,2,US-17,BEESFERRY RD,0,32.80323333,-80.12062778,0,12,6,0,2,2,0,1,1,1,0,1,0,0000000,18,36,18,47,19,14,0,0,0,1,1
45,450563,1,1,0,0,0,3,3,29,0,14,10,2012,1,0,35,1,1,1,I-95,,68,33.01784722,-80.66604167,0,42,0,0,1,1,0,4,2,1,0,1,0,0000000,99,99,99,99,99,99,0,0,0,1,0
45,450564,1,1,0,0,0,2,2,83,0,17,10,2012,4,19,50,0,4,3,SR-241,,2,34.93978333,-81.87966944,0,42,0,0,1,1,0,4,2,1,0,1,0,0000000,20,0,20,7,20,59,0,0,0,1,0
45,450565,1,1,0,0,0,2,2,63,0,21,10,2012,1,16,55,0,4,3,SR-127,,1,34.00047778,-81.26354722,0,11,0,0,1,1,0,1,1,1,0,1,0,0000000,99,99,99,99,99,99,0,0,0,1,0
45,450566,1,1,0,0,0,1,1,7,0,13,10,2012,7,22,1,1,11,1,I-85,,20,34.579475,-82.69095556,0,34,0,1,5,1,0,4,3,1,0,1,0,0000000,22,31,22,37,99,99,0,0,0,1,1
45,450567,2,2,0,0,0,2,2,57,0,14,10,2012,1,12,40,0,4,3,SR-28,,0,34.78159722,-80.76258889,0,12,6,0,1,1,0,1,1,1,0,1,0,0000000,99,99,99,99,99,99,0,0,0,1,0
45,450568,3,3,0,0,0,3,3,85,2550,19,10,2012,6,11,40,0,3,3,SR-120,,11,33.88296389,-80.39019444,0,12,8,0,1,1,0,1,1,1,0,1,0,0000000,11,42,11,54,99,99,0,0,0,1,0
45,450569,1,1,0,0,0,1,1,79,0,22,10,2012,2,23,15,1,2,2,US-21,,20,34.24274444,-80.96515278,0,34,0,0,1,1,0,4,2,1,0,1,0,0000000,99,99,99,99,99,99,0,0,0,1,1
45,450570,1,1,0,0,0,1,1,49,0,12,10,2012,6,0,5,0,4,3,SR-35,,0,32.70488056,-81.22263889,0,34,0,0,1,1,0,4,2,1,0,1,0,0000000,0,14,0,24,99,99,0,0,0,1,1
45,450571,1,1,0,2,2,1,1,7,0,21,10,2012,1,11,45,1,2,2,US-29,,24,34.58429444,-82.55076111,0,8,0,0,1,1,0,4,1,1,0,1,0,0000000,99,99,99,99,99,99,0,0,0,1,0
45,450572,1,1,0,0,0,2,2,51,1730,22,10,2012,2,17,39,1,2,2,US-17,,0,33.72332778,-78.84660278,0,33,0,0,1,1,0,3,1,1,0,1,0,0000000,17,39,17,41,17,57,0,0,0,1,1
45,450573,1,1,0,0,0,6,6,41,0,4,8,2012,7,16,40,1,1,1,I-20,,139,34.20368889,-79.88293333,0,42,0,0,1,1,0,4,1,1,0,1,0,0000000,16,46,16,57,17,32,0,0,0,1,0
45,450574,1,1,0,1,1,2,2,5,0,13,10,2012,7,20,0,0,3,3,SR-125,,19,33.012,-81.31394722,0,8,0,0,1,1,0,1,3,1,0,1,0,0000000,20,0,20,17,20,22,0,0,0,1,0
45,450575,2,2,0,0,0,3,3,33,0,24,10,2012,4,7,22,0,3,3,SR-917,S ROYAL DRIVE,11,34.291375,-79.32493333,0,12,2,0,2,2,0,1,1,5,0,5,0,0000000,99,99,99,99,99,99,0,0,0,1,0
45,450576,1,1,0,0,0,1,1,7,0,15,9,2012,7,23,29,1,2,2,US-76,,0,34.51397778,-82.47909722,0,43,0,0,1,1,0,4,2,10,0,10,0,0000000,99,99,99,99,99,99,0,0,0,1,1
45,450577,1,1,0,0,0,1,1,43,0,15,10,2012,2,2,45,0,4,3,SR-42,,6,33.34707222,-79.43646389,0,34,0,0,1,1,0,4,2,1,0,1,0,0000000,2,54,3,5,99,99,0,0,0,1,1
45,450578,3,3,0,0,0,4,4,13,0,22,10,2012,2,9,15,1,2,2,US-21,CR-543,25,32.46860278,-80.73614722,0,12,6,0,3,1,0,1,1,1,0,1,0,0000000,99,99,99,99,99,99,0,0,0,1,0
45,450579,1,1,0,0,0,2,2,71,0,11,4,2012,4,11,30,1,1,1,I-26,,82,34.24005556,-81.46402778,0,1,0,1,18,1,0,3,1,1,0,1,0,0000000,99,99,99,99,99,99,0,0,0,1,0
45,450580,2,2,0,0,0,3,3,27,0,2,7,2012,2,21,42,1,1,1,I-95,,114,33.65373056,-80.27698889,0,12,1,1,18,1,0,1,2,1,0,1,0,0000000,99,99,99,99,99,99,0,0,0,1,0
45,450581,1,1,0,1,1,1,1,13,1145,21,7,2012,7,3,7,1,2,2,US-278,,18,32.19571944,-80.74093889,0,8,0,0,1,1,0,1,2,1,0,1,0,0000000,99,98,99,98,99,98,0,0,0,1,0
45,450582,3,2,1,2,2,2,2,71,0,24,7,2012,3,19,54,1,1,1,I-26,,76,34.28975556,-81.54084167,0,12,6,0,1,1,0,1,5,2,0,2,0,0000000,19,57,20,8,20,37,0,0,0,1,0
45,450583,2,2,0,0,0,2,2,7,0,10,8,2012,6,10,44,1,2,2,US-76,,4,34.60462778,-82.76158333,0,12,8,0,1,1,0,1,1,1,0,1,0,0000000,99,99,99,99,99,99,0,0,0,1,0
45,450584,3,3,0,0,0,4,4,45,0,30,8,2012,5,17,10,0,3,3,SR-247,,5,34.62178889,-82.385025,0,12,2,0,1,1,0,1,1,1,0,1,0,0000000,99,99,99,99,99,99,0,0,0,1,0
45,450585,3,3,0,0,0,3,3,77,0,13,9,2012,5,10,40,0,3,3,SR-183,,0,34.88650278,-82.50088056,0,12,1,0,1,1,1,1,1,1,0,1,0,0000000,99,98,99,98,99,98,0,0,0,1,0
45,450586,2,2,0,0,0,3,3,81,0,14,9,2012,6,22,35,0,9,3,SR-37,,2,33.89999167,-81.83861667,0,12,8,0,1,1,0,1,2,1,0,1,0,0000000,99,99,99,99,99,99,0,0,0,1,0
45,450587,2,2,0,0,0,3,3,25,1910,14,10,2012,1,18,55,0,3,3,SR-9,105,3,34.74782778,-80.45185,0,12,6,0,2,2,0,1,5,1,0,1,0,0000000,19,3,19,7,99,99,0,0,0,1,0
45,450588,1,1,0,1,1,1,1,75,0,18,10,2012,5,22,39,1,2,2,US-21,,26,33.53599167,-80.86286389,0,8,0,0,1,1,0,1,2,1,0,1,0,0000000,99,98,99,98,99,98,0,0,0,1,0
45,450589,2,2,0,0,0,3,3,45,0,20,10,2012,7,4,40,0,6,6,EDWARDS RD,166,0,34.90395,-82.32028889,0,12,1,0,2,2,0,1,2,1,0,1,0,0000000,99,99,99,99,99,99,0,0,0,1,1
45,450590,1,1,0,0,0,2,2,75,0,20,10,2012,7,11,45,1,1,1,I-95,,85,33.33464722,-80.53763611,0,1,0,0,1,1,0,3,1,1,0,1,0,0000000,99,99,99,99,99,99,0,0,0,1,0
45,450591,1,1,0,0,0,1,1,75,0,27,10,2012,7,23,9,0,4,3,SR-1203,,1,33.52574722,-80.93244722,0,34,0,0,1,1,0,4,2,1,0,1,0,0000000,99,99,99,99,99,99,0,0,0,1,0
45,450592,1,1,0,0,0,1,1,45,0,27,10,2012,7,3,50,1,2,2,US-25,,0,34.90355833,-82.46194167,0,32,0,0,1,1,0,4,2,1,0,1,0,0000000,3,54,4,3,4,43,0,0,0,1,1
45,450593,3,3,0,0,0,6,6,55,0,28,10,2012,1,20,7,1,1,1,I-20,,97,34.21719167,-80.59576944,0,12,1,1,18,1,0,1,2,1,0,1,0,0000000,99,99,99,99,99,99,0,0,0,1,0
45,450594,1,1,0,0,0,1,1,29,0,28,10,2012,1,20,0,0,4,3,SR-27,,11,33.033575,-80.90311944,0,42,0,0,1,1,0,4,2,10,0,10,0,0000000,99,99,99,99,99,99,0,0,0,1,0
45,450595,1,1,0,0,0,2,2,55,0,28,10,2012,1,4,0,1,1,1,I-20,,97,34.21584167,-80.58366389,0,35,0,0,1,1,0,3,2,99,0,99,0,0000000,99,98,99,98,99,98,0,0,0,2,1
45,450596,1,1,0,0,0,1,1,75,0,21,9,2012,6,23,46,0,3,3,SR-70,,0,33.43446667,-80.98010556,0,1,0,0,1,1,0,4,2,1,0,1,0,0000000,99,98,99,98,99,98,0,0,0,1,1
45,450597,1,1,0,0,0,1,1,91,0,23,10,2012,3,11,12,0,3,3,SR-901,,9,34.83178056,-80.99156944,0,42,0,0,1,1,0,4,1,1,0,1,0,0000000,99,98,99,98,99,98,0,0,0,1,1
45,450598,2,2,0,0,0,3,3,73,0,25,10,2012,5,11,10,0,3,3,SR-28,,0,34.79556389,-83.11514444,0,12,8,0,1,1,0,1,1,1,0,1,0,0000000,99,99,99,99,99,99,0,0,0,1,0
45,450599,2,2,0,0,0,6,6,83,0,26,10,2012,6,18,5,0,3,3,SR-295,OLD CANAAN RD EXT,10,34.91701667,-81.89791111,0,12,6,0,2,2,0,1,1,1,0,1,0,0000000,99,99,99,99,99,99,0,0,0,1,0
45,450600,1,1,0,0,0,1,1,73,0,29,10,2012,2,14,38,0,4,3,SR-95,,0,34.86150833,-83.06685,0,35,0,0,1,1,0,4,1,1,0,1,0,0000000,99,99,99,99,99,99,20,0,0,1,0
45,450601,1,1,0,0,0,1,1,15,0,30,10,2012,3,17,28,0,6,6,BULLHEAD RD,,0,33.3256,-79.86779167,0,42,0,0,1,1,0,4,1,1,0,1,0,0000000,99,98,99,98,99,98,0,0,0,1,0
45,450602,1,1,0,0,0,4,4,53,0,1,11,2012,5,22,15,0,4,3,SR-102,,8,32.45796389,-80.98865556,0,34,0,0,1,1,0,4,2,1,0,1,0,0000000,99,99,99,99,99,99,0,0,0,1,0
45,450603,1,1,0,0,0,1,1,77,0,1,11,2012,5,18,40,0,4,3,SR-67,68,1,34.91195556,-82.70011667,0,11,0,0,2,4,0,1,2,1,0,1,0,0000000,99,98,99,98,99,98,0,0,0,1,0
45,450604,1,1,0,2,2,2,2,79,0,3,11,2012,7,3,40,0,13,2,US-1,,8,34.06709722,-80.95440278,0,8,0,0,1,1,0,1,3,1,0,1,0,0000000,99,98,99,98,99,98,0,0,0,2,0
45,450605,1,1,0,1,1,2,2,83,0,3,11,2012,7,20,20,0,3,3,SR-11,,0,35.12416944,-82.02834722,0,8,0,0,1,1,0,1,2,1,0,1,0,0000000,99,99,99,99,99,99,0,0,0,1,0
45,450606,1,1,0,0,0,1,1,89,0,3,11,2012,7,13,10,0,9,3,SR-804,,0,33.72998056,-79.61771667,0,42,0,0,1,1,0,4,1,1,0,1,0,0000000,99,98,99,98,99,98,0,0,0,1,0
45,450607,1,1,0,1,1,1,1,3,0,3,11,2012,7,23,50,0,3,3,SR-302,,0,33.63872222,-81.40508611,0,8,0,0,1,1,0,1,2,1,0,1,0,0000000,99,99,99,99,99,99,0,0,0,1,0
45,450608,1,1,0,1,1,1,1,23,0,3,9,2012,2,13,35,0,4,3,SR-838,FOXCROFT,0,34.70925556,-80.91518056,0,8,0,0,1,1,0,1,1,2,0,2,0,0000000,99,99,99,99,99,99,0,0,0,1,0
45,450609,2,2,0,0,0,4,4,45,0,13,10,2012,7,19,55,1,2,2,US-25,OLD HWY 25,42,35.02921944,-82.42064444,0,12,6,0,3,1,0,1,2,1,0,1,0,0000000,99,99,99,99,99,99,0,0,0,1,1
45,450610,1,1,0,0,0,1,1,45,0,25,10,2012,5,21,50,0,4,3,SR-542,,0,34.69948889,-82.28454722,0,34,0,0,1,1,0,4,1,1,0,1,0,0000000,99,98,99,98,99,98,0,0,0,1,1
45,450611,1,1,0,0,0,1,1,31,0,27,10,2012,7,23,30,0,9,3,SR-209,,1,34.17382222,-80.00856111,0,42,0,0,1,1,0,4,2,1,0,1,0,0000000,99,98,99,98,99,98,0,0,0,1,1
45,450612,1,1,0,0,0,1,1,89,0,10,11,2012,7,7,50,1,2,2,US-52,,1,33.52726111,-79.95326944,0,59,0,0,1,1,0,4,1,1,0,1,0,0000000,99,99,99,99,99,99,0,0,0,1,0
45,450613,3,3,0,0,0,7,7,73,0,1,11,2012,5,22,35,0,3,3,SR-24,59,8,34.59371944,-82.9856,0,12,2,0,2,4,0,1,2,1,0,1,0,0000000,99,99,99,99,99,99,0,0,0,2,0
45,450614,2,2,0,0,0,2,2,83,0,3,11,2012,7,15,45,0,14,3,SR-296,64,13,34.91661944,-82.00426111,0,12,6,0,2,2,0,1,1,1,0,1,0,0000000,16,31,16,40,99,99,0,0,0,1,1
45,450615,1,1,0,0,0,1,1,83,0,4,11,2012,1,16,55,0,14,6,BROCKMAN MCCLIMON,,0,34.87033889,-82.19934167,0,42,0,0,1,1,0,4,1,10,0,10,0,0000000,17,1,17,19,17,29,0,0,0,1,1
45,450616,1,1,0,0,0,1,1,51,1825,4,11,2012,1,5,30,0,12,3,SR-31,,0,33.85100833,-78.80940556,0,24,0,0,1,1,0,4,6,1,0,1,0,0000000,99,98,99,98,99,98,0,0,0,1,1
45,450617,1,1,0,0,0,1,1,35,0,4,11,2012,1,18,50,0,4,3,SR-89,,1,33.1988,-80.46593333,0,42,0,0,1,1,0,4,2,2,0,2,0,0000000,18,55,19,4,19,53,0,0,0,1,1
45,450618,1,1,0,0,0,1,1,45,0,5,11,2012,2,0,25,0,4,3,SR-134,,0,35.02810278,-82.21991389,0,38,0,0,1,1,0,4,2,1,0,1,0,0000000,99,98,99,98,99,98,0,0,0,1,1
45,450619,2,2,0,0,0,4,4,41,0,6,11,2012,3,5,30,0,3,3,SR-403,SR-56,1,33.90514722,-79.81150278,0,12,6,0,2,2,0,1,1,1,0,1,0,0000000,5,31,5,41,5,56,0,0,0,1,0
45,450620,1,1,0,0,0,4,4,71,1750,22,9,2012,7,0,0,0,14,3,SR-395,,11,34.28714444,-81.62985278,0,33,0,0,1,1,0,4,3,1,0,1,0,0000000,99,99,99,99,99,99,0,0,0,1,1
45,450621,1,1,0,0,0,1,1,35,0,7,11,2012,4,21,45,1,2,2,US-78,,25,33.11641944,-80.30502778,0,34,0,0,1,1,0,4,2,1,0,1,0,0000000,99,99,99,99,99,99,0,0,0,1,0
45,450622,1,1,0,0,0,1,1,73,0,8,11,2012,5,0,20,0,9,3,SR-67,,5,34.60853889,-83.04997778,0,35,0,0,1,1,0,4,2,1,0,1,0,0000000,99,98,99,98,99,98,0,0,0,1,1
45,450623,1,1,0,0,0,1,1,51,0,8,11,2012,5,21,30,0,9,3,SR-847,,3,33.905375,-79.18913333,0,34,0,0,1,1,0,4,2,1,0,1,0,0000000,99,98,99,98,99,98,0,0,0,1,0
45,450624,1,1,0,0,0,8,8,35,2530,22,9,2012,7,17,18,1,1,1,I-26,,0,33.03826667,-80.14685833,0,59,0,1,5,1,0,4,1,1,0,1,0,0000000,99,99,99,99,99,99,0,0,0,1,0
45,450625,2,2,0,0,0,3,3,51,1730,9,7,2012,2,15,51,0,6,6,OSCEOLA STREET,GREENS BLVD,0,33.70926389,-78.89101111,0,12,6,0,2,2,0,1,1,1,0,1,0,0000000,99,99,99,99,99,99,0,0,0,1,0
45,450626,1,1,0,0,0,3,3,13,240,12,10,2012,6,20,26,0,6,6,NEW RIVERSIDE RD,,0,32.21910833,-80.94836944,0,42,0,0,1,1,0,4,2,1,0,1,0,0000000,20,36,20,54,21,23,0,0,0,1,0
45,450627,2,2,0,0,0,4,4,53,2150,12,10,2012,6,15,50,0,4,3,SR-13,SR-336,3,32.47451667,-80.96284444,0,12,6,0,2,3,0,1,1,1,0,1,0,0000000,99,98,99,98,99,98,0,0,0,1,1
45,450628,1,1,0,0,0,1,1,79,0,10,11,2012,7,2,13,0,4,3,SR-33,,0,34.07628056,-80.93990833,0,33,0,0,1,1,0,4,2,1,0,1,0,0000000,2,13,2,20,2,53,0,0,0,1,1
45,450629,2,2,0,0,0,2,2,51,0,10,11,2012,7,11,10,0,3,3,SR-905,GOLD HILL RD,0,33.88710278,-78.95840556,0,12,6,0,3,1,0,1,1,1,0,1,0,0000000,11,13,11,23,11,45,0,0,0,1,0
45,450630,1,1,0,0,0,1,1,79,0,11,11,2012,1,7,15,0,9,3,SR-1790,,6,33.96256667,-80.729475,0,34,0,0,1,1,0,4,2,1,0,1,0,0000000,99,98,99,98,99,98,0,0,0,1,1
45,450631,2,2,0,0,0,2,2,7,0,4,10,2012,5,17,38,0,4,3,SR-29,SR-58,16,34.61334167,-82.71448333,0,12,2,0,3,1,0,1,1,1,0,1,0,0000000,17,40,17,47,18,16,0,0,0,1,0
45,450632,1,1,0,0,0,1,1,71,0,28,10,2012,1,3,30,0,3,3,SR- 34,,6,34.20541111,-81.81724722,0,1,0,0,1,1,0,4,2,1,0,1,0,0000000,99,99,99,99,99,99,0,0,0,1,1
45,450633,1,1,0,1,1,1,1,23,0,8,11,2012,5,21,49,1,1,1,I-77,,55,34.60196667,-81.01731944,0,8,0,0,1,1,0,1,2,1,0,1,0,0000000,99,99,99,99,99,99,0,0,0,1,0
45,450634,2,2,0,0,0,2,2,45,0,11,11,2012,1,12,30,1,2,2,US-25,BLACK HAWK RD,18,34.80310278,-82.42987778,0,12,6,0,3,1,0,1,1,1,0,1,0,0000000,12,33,12,38,99,99,0,0,0,1,1
45,450635,1,1,0,0,0,1,1,91,0,11,11,2012,1,22,25,0,9,3,SR-536,,0,34.92184167,-81.14507778,0,42,0,0,1,1,0,4,2,1,0,1,0,0000000,99,98,99,98,99,98,0,0,0,1,0
45,450636,2,2,0,0,0,3,3,45,0,11,11,2012,1,11,55,0,3,3,SR-11,US 25,10,35.08983611,-82.44600833,0,12,6,0,2,3,0,1,1,1,0,1,0,0000000,99,99,99,99,99,99,0,0,0,1,0
45,450637,1,1,0,0,0,1,1,51,0,12,11,2012,2,22,25,0,4,3,SR-926,,0,33.67588889,-79.01593056,0,24,0,0,1,1,0,4,2,1,0,1,0,0000000,22,29,22,40,23,5,0,0,0,1,0
45,450638,1,1,0,0,0,1,1,43,0,24,9,2012,2,13,8,0,4,3,SR-318,,0,33.46448611,-79.36394722,0,34,0,0,1,1,0,4,1,1,0,1,0,0000000,99,99,99,99,99,99,0,0,0,1,1
45,450639,1,1,0,1,1,1,1,75,0,11,10,2012,5,22,10,0,14,2,US-21,,22,33.48527778,-80.83171944,0,8,0,0,1,1,0,1,2,1,0,1,0,0000000,99,99,99,99,99,99,0,0,0,1,0
45,450640,2,2,0,0,0,3,3,83,0,30,10,2012,3,9,42,1,13,2,US-221,191,28,34.99142222,-81.9178,0,12,6,0,2,3,0,1,1,1,0,1,0,0000000,99,99,99,99,99,99,0,0,0,1,0
45,450641,1,1,0,0,0,1,1,51,0,15,11,2012,5,1,15,0,4,3,SR-65,,0,33.8852,-79.03801111,0,42,0,0,1,1,0,4,2,10,0,10,0,0000000,99,99,99,99,99,99,0,0,0,1,0
45,450642,1,1,0,0,0,1,1,77,0,16,11,2012,6,13,35,0,4,3,SR-135,,0,34.82142778,-82.55001111,0,32,0,0,1,1,0,4,1,1,0,1,0,0000000,99,99,99,99,99,99,20,0,0,1,1
45,450643,4,4,0,0,0,7,7,63,0,23,7,2012,2,15,0,0,3,3,SR-302,TRADE ZONE DRIVE,0,33.94417778,-81.1034,0,12,2,0,2,3,0,1,1,2,0,2,0,0000000,99,99,99,99,99,99,0,0,0,1,0
45,450644,2,2,0,0,0,3,3,3,0,28,7,2012,7,22,50,0,4,3,SR-26,SR-1071,7,33.61581667,-81.71547222,0,12,6,0,2,2,0,1,2,1,0,1,0,0000000,99,99,99,99,99,99,0,0,0,1,1
45,450645,1,1,0,0,0,2,2,47,0,15,9,2012,7,4,25,0,4,3,SR-39,,6,34.26713611,-82.14085556,0,30,0,0,1,1,0,4,2,1,0,1,0,0000000,4,33,4,44,5,15,0,0,0,1,1
45,450646,1,1,0,0,0,1,1,75,0,7,10,2012,1,23,10,0,5,5,IDLEWOOD CT,,6,33.45292778,-80.42821389,0,1,0,0,1,1,0,4,2,1,0,1,0,0000000,99,99,99,99,99,99,0,0,0,1,0
45,450647,1,1,0,1,1,3,3,79,520,10,10,2012,4,14,58,0,6,6,BARNHAMVILLE RD,,0,34.02977778,-81.01498611,0,8,0,0,1,1,0,1,1,1,0,1,0,0000000,99,99,99,99,99,99,0,0,0,1,0
45,450648,1,1,0,0,0,2,2,73,0,16,10,2012,3,0,10,0,4,3,SR-37,,6,34.67226944,-82.89978889,0,42,0,0,1,1,0,4,2,1,0,1,0,0000000,99,99,99,99,99,99,0,0,0,1,1
45,450649,1,1,0,1,1,1,1,79,520,19,10,2012,6,7,3,0,3,3,SR-48,,0,34.00690278,-81.03770833,0,8,0,0,1,1,0,1,3,1,0,1,0,0000000,99,99,99,99,99,99,0,0,0,1,0
45,450650,2,2,0,0,0,2,2,41,0,26,10,2012,6,9,19,0,4,3,SR-57,,0,33.94478889,-79.50111667,0,12,2,0,1,1,0,1,1,1,0,1,0,0000000,9,21,10,51,99,99,0,0,0,1,0
45,450651,1,1,0,0,0,1,1,47,0,4,11,2012,1,9,18,1,2,2,US-25,,11,34.09862222,-82.10154444,0,35,0,0,1,1,0,4,1,1,0,1,0,0000000,99,98,99,98,99,98,0,0,0,1,0
45,450652,1,1,0,1,1,2,2,51,1730,12,11,2012,2,1,35,1,2,2,US-17,,12,33.70696389,-78.92000278,0,8,0,0,1,1,0,1,2,1,0,1,0,0000000,99,98,99,98,99,98,0,0,0,1,0
45,450653,1,1,0,0,0,1,1,51,0,18,11,2012,1,1,45,1,2,2,US-701,,0,33.77076111,-79.07200556,0,34,0,0,1,1,0,4,2,1,0,1,0,0000000,99,99,99,99,99,99,0,0,0,1,1
45,450654,1,1,0,0,0,2,2,31,0,24,11,2012,7,23,50,0,15,3,SR-24,,1,34.38085833,-80.05361111,0,34,0,0,8,1,0,4,3,1,0,1,0,0000000,99,99,99,99,99,99,0,0,0,1,1
45,450655,1,1,0,0,0,1,1,11,0,24,10,2012,4,5,49,0,3,3,SR-70,,7,33.28284722,-81.24806944,0,1,0,0,1,1,0,1,2,5,0,5,0,0000000,5,50,5,56,6,22,0,0,0,1,0
45,450656,4,4,0,0,0,4,4,73,0,16,11,2012,6,6,40,0,3,3,SR-11,,8,34.59984444,-83.04543333,0,12,8,0,1,1,0,1,4,5,0,5,0,0000000,99,99,99,99,99,99,0,0,0,1,0
45,450657,1,1,0,0,0,1,1,51,0,10,11,2012,7,20,25,0,4,3,SR-611,CARAVEL CT,0,33.69457222,-79.047825,0,35,0,0,3,1,0,4,2,1,0,1,0,0000000,99,99,99,99,99,99,0,0,0,1,0
45,450658,1,1,0,1,1,2,2,51,0,15,11,2012,5,19,37,0,4,3,SR-1244,,2,33.71746667,-78.93343333,0,8,0,0,1,1,0,1,2,1,0,1,0,0000000,19,37,19,39,19,55,0,0,0,1,0
45,450659,1,1,0,0,0,2,2,39,0,16,11,2012,6,11,20,1,1,1,I-77,,34,34.29395556,-80.99666111,0,24,0,0,1,1,0,4,1,1,0,1,0,0000000,99,98,99,98,99,98,0,0,0,2,0
45,450660,1,1,0,0,0,1,1,55,0,16,11,2012,6,18,20,1,2,2,US-601,627,4,34.14188333,-80.68975,0,43,0,0,8,1,0,4,2,1,0,1,0,0000000,99,98,99,98,99,98,0,0,0,1,1
45,450661,1,1,0,0,0,2,2,15,0,18,11,2012,1,10,0,0,4,3,SR-98,,8,32.99518611,-79.84651944,0,32,0,0,1,1,0,5,1,2,0,2,0,0000000,99,98,99,98,99,98,0,0,0,2,0
45,450662,2,2,0,0,0,4,4,7,0,19,11,2012,2,6,40,0,3,3,SR-86,,0,34.70258611,-82.47986111,0,12,2,0,1,1,0,1,4,1,0,1,0,0000000,99,99,99,99,99,99,0,0,0,1,0
45,450663,1,1,0,0,0,1,1,35,0,21,11,2012,4,5,30,0,4,3,SR-55,,3,33.21437222,-80.42523611,0,34,0,0,1,1,0,4,2,1,0,1,0,0000000,99,98,99,98,99,98,0,0,0,1,0
45,450664,2,2,0,0,0,2,2,83,0,21,11,2012,4,15,28,0,14,3,SR-129,I-85,5,34.96144444,-82.05415,0,12,6,0,2,2,0,1,1,1,0,1,0,0000000,99,99,99,99,99,99,0,0,0,1,1
45,450665,2,2,0,0,0,3,3,79,0,21,11,2012,4,22,30,0,15,3,SR-1196,,1,34.07354722,-80.92732222,0,12,2,0,1,1,0,1,2,1,0,1,0,0000000,99,99,99,99,99,99,0,0,0,1,1