STATE,ST_CASE,VE_TOTAL,VE_FORMS,PVH_INVL,PEDS,PERNOTMVIT,PERMVIT,PERSONS,COUNTY,CITY,DAY,MONTH,YEAR,DAY_WEEK,HOUR,MINUTE,NHS,ROAD_FNC,ROUTE,TWAY_ID,TWAY_ID2,MILEPT,LATITUDE,LONGITUD,SP_JUR,HARM_EV,MAN_COLL,RELJCT1,RELJCT2,TYP_INT,WRK_ZONE,REL_ROAD,LGT_COND,WEATHER1,WEATHER2,WEATHER,SCH_BUS,RAIL,NOT_HOUR,NOT_MIN,ARR_HOUR,ARR_MIN,HOSP_HR,HOSP_MN,CF1,CF2,CF3,FATALS,DRUNK_DR
45,450666,1,1,0,0,0,1,1,85,0,22,11,2012,5,2,5,0,3,3,SR-120,,2,33.7695,-80.44793889,0,42,0,0,1,1,1,4,2,1,0,1,0,0000000,99,99,99,99,99,99,0,0,0,1,0
45,450667,1,1,0,0,0,1,1,89,0,31,5,2012,5,4,13,1,2,2,US-52,,17,33.75691944,-79.80488333,0,11,0,0,1,1,0,1,2,1,0,1,0,0000000,99,99,99,99,99,99,0,0,0,1,0
45,450668,2,2,0,0,0,2,2,51,0,24,6,2012,1,12,45,0,14,3,SR-544,,2,33.78091944,-79.02135278,0,12,6,0,1,1,0,1,1,10,0,10,0,0000000,12,51,13,7,13,24,0,0,0,1,1
45,450669,1,1,0,0,0,1,1,7,0,12,10,2012,6,6,41,1,2,2,US-29,ORR STREET,0,34.51057222,-82.632825,0,18,0,0,2,2,0,1,3,1,0,1,0,0000000,6,45,6,51,7,5,0,0,0,1,0
45,450670,2,2,0,0,0,3,3,15,1680,27,10,2012,7,1,31,1,2,2,US-52,,11,33.14702222,-80.03245,0,12,2,0,1,1,0,1,2,1,0,1,0,0000000,99,99,99,99,99,99,0,0,0,1,1
45,450671,1,1,0,0,0,2,2,79,520,6,11,2012,3,2,25,1,1,1,I-26,,0,34.00960833,-81.05083889,0,24,0,1,18,1,0,3,3,1,0,1,0,0000000,99,99,99,99,99,99,0,0,0,1,1
45,450672,1,1,0,1,1,2,2,45,0,6,11,2012,3,14,11,0,4,3,SR-778,,1,34.86638056,-82.43988333,0,1,0,0,1,1,0,4,1,1,0,1,0,0000000,14,13,14,17,14,46,0,0,0,1,0
45,450673,1,1,0,1,1,1,1,63,936,7,11,2012,4,18,45,1,2,2,US-321,,9,33.81536111,-81.10179167,0,8,0,0,1,1,0,1,2,1,0,1,0,0000000,18,48,18,56,19,32,0,0,0,1,0
45,450674,2,2,0,0,0,2,2,19,1805,12,11,2012,2,13,55,1,2,2,US-78,,8,32.97566667,-80.06429167,0,12,6,0,1,1,0,1,1,1,0,1,0,0000000,13,56,14,5,14,28,0,0,0,1,0
45,450675,5,5,0,0,0,15,15,15,0,14,11,2012,4,19,30,1,2,2,US-17,,0,33.28521389,-79.70789444,0,12,8,0,1,1,0,1,2,10,0,10,0,0000000,99,99,99,99,99,99,0,0,0,4,1
45,450676,2,2,0,0,0,2,2,59,0,16,11,2012,6,4,45,1,1,1,I-26,,0,34.58880278,-81.89225833,0,12,1,0,1,1,0,1,2,1,0,1,0,0000000,4,56,5,14,99,99,0,0,0,1,0
45,450677,1,1,0,1,1,2,2,35,0,23,11,2012,6,0,2,0,4,3,SR-62,,1,32.92510833,-80.08322222,0,8,0,0,1,1,0,1,3,1,0,1,0,0000000,99,98,99,98,99,98,0,0,0,1,0
45,450678,1,1,0,1,1,1,1,61,0,24,11,2012,7,11,20,0,9,3,SR-229,,0,34.24022778,-80.34301944,0,9,0,0,1,1,0,1,1,1,0,1,0,0000000,11,41,11,51,11,56,0,0,0,1,0
45,450679,2,2,0,0,0,4,4,7,0,24,11,2012,7,6,0,1,13,2,US-29,,16,34.49183056,-82.63284444,0,12,2,0,1,1,0,1,2,1,0,1,0,0000000,6,54,7,4,7,21,0,0,0,1,1
45,450680,1,1,0,1,1,3,3,27,0,26,11,2012,2,19,45,1,1,1,I-95,,132,33.84918889,-80.11911111,0,8,0,0,1,1,0,1,2,1,0,1,0,0000000,19,51,19,58,99,99,0,0,0,1,0
45,450681,1,1,0,0,0,1,1,25,0,26,11,2012,2,20,0,0,4,3,SR-43,,4,34.72398889,-80.33571389,0,1,0,0,1,1,0,4,2,1,0,1,0,0000000,20,8,20,15,20,44,0,0,0,1,1
45,450682,1,1,0,0,0,4,4,31,0,28,11,2012,4,4,10,0,9,3,SR-524,,0,34.37268333,-79.81273611,0,42,0,0,1,1,0,4,2,1,0,1,0,0000000,99,99,99,99,99,99,0,0,0,2,0
45,450683,1,1,0,0,0,1,1,21,0,30,11,2012,6,17,20,0,3,3,SR-105,,4,34.90672778,-81.50755,0,42,0,0,1,1,0,4,5,1,0,1,0,0000000,17,21,17,46,18,35,0,0,0,1,1
45,450684,2,2,0,0,0,2,2,83,2460,26,5,2012,7,16,0,0,3,3,SR-296,,0,34.93466667,-81.94981667,0,12,2,0,1,1,0,1,1,1,0,1,0,0000000,16,5,16,12,16,27,0,0,0,1,0
45,450685,1,1,0,0,0,1,1,83,2460,27,10,2012,7,15,45,0,3,3,SR-292,,2,34.95946389,-82.12507778,0,59,0,0,1,1,0,4,1,1,0,1,0,0000000,99,99,99,99,99,99,0,0,0,1,0
45,450686,2,2,0,0,0,6,6,45,0,10,11,2012,7,15,55,1,2,2,US-276,MCMAKIN DRIVE,31,34.89263889,-82.40770556,0,12,1,0,3,2,0,1,1,1,0,1,0,0000000,16,14,16,16,16,47,0,0,0,1,0
45,450687,2,2,0,0,0,3,3,59,0,21,11,2012,4,14,30,0,3,3,SR-56,SR-560,6,34.33189444,-81.85194444,0,12,6,0,2,2,0,1,1,1,0,1,0,0000000,99,99,99,99,99,99,0,0,0,1,0
45,450688,1,1,0,0,0,1,1,81,0,25,11,2012,1,2,35,0,9,3,SR-107,,5,33.98295,-81.78509722,0,32,0,0,1,1,0,4,2,1,0,1,0,0000000,2,40,2,49,3,19,0,0,0,1,1
45,450689,1,1,0,0,0,1,1,11,0,30,11,2012,6,5,45,0,9,3,SR-663,,0,33.14643611,-81.48937222,0,35,0,0,1,1,0,4,2,1,0,1,0,0000000,6,0,6,23,99,99,0,0,0,1,0
45,450690,1,1,0,0,0,3,3,29,0,1,12,2012,7,12,0,0,6,6,OREGON RD,,0,32.75736111,-80.67522778,0,1,0,0,1,1,0,4,1,1,0,1,0,0000000,99,99,99,99,99,99,0,0,0,2,0
45,450691,1,1,0,0,0,1,1,45,0,1,12,2012,7,6,50,0,4,3,SR-262,,0,34.98264444,-82.38621389,0,53,0,0,1,1,0,4,2,1,0,1,0,0000000,99,98,99,98,99,98,0,0,0,1,0
45,450692,2,2,0,0,0,2,2,47,0,1,12,2012,7,6,0,0,3,3,SR-34,,4,34.16742222,-82.08791111,0,12,2,0,1,1,0,1,2,1,0,1,0,0000000,6,3,6,9,99,99,0,0,0,1,2
45,450693,2,2,0,0,0,2,2,33,0,2,12,2012,1,19,18,0,4,3,SR-23,SR-583,2,34.51045556,-79.36145278,0,12,6,0,1,1,0,1,3,1,0,1,0,0000000,19,18,19,28,99,99,0,0,0,1,0
45,450694,1,1,0,0,0,1,1,91,0,2,12,2012,1,0,3,0,4,3,SR-1662,,0,35.04908333,-81.23825833,0,53,0,0,1,1,0,4,3,1,0,1,0,0000000,99,98,99,98,99,98,0,0,0,1,1
45,450695,2,2,0,0,0,3,3,67,0,2,12,2012,1,16,38,1,2,2,US-501,ADMIRAL LOOP,0,34.24734722,-79.40894722,0,12,6,0,2,3,0,1,1,1,0,1,0,0000000,99,99,99,99,99,99,0,0,0,1,1
45,450696,1,1,0,1,1,1,1,63,520,3,12,2012,2,13,33,1,11,1,I-20,,63,34.026525,-81.12709167,0,39,0,0,1,1,4,4,1,1,0,1,0,0000000,99,98,99,98,99,98,0,0,0,1,0
45,450697,1,1,0,1,1,1,1,83,0,6,12,2012,5,20,15,1,11,1,I-85,,65,34.93799444,-82.07573889,0,8,0,1,18,1,0,1,2,1,0,1,0,0000000,99,99,99,99,99,99,0,0,0,1,0
45,450698,1,1,0,0,0,2,2,45,0,6,12,2012,5,2,0,0,4,3,SR-119,,3,35.07729722,-82.47089722,0,1,0,0,1,1,0,4,2,1,0,1,0,0000000,99,98,99,98,99,98,0,0,0,2,0
45,450699,1,1,0,0,0,4,4,89,0,8,12,2012,7,1,10,0,4,3,SR-45,,4,33.37000278,-79.71690278,0,34,0,0,1,1,0,4,2,1,0,1,0,0000000,99,99,99,99,99,99,0,0,0,1,1
45,450700,1,1,0,0,0,1,1,67,0,8,12,2012,7,1,30,0,4,3,SR-309,,6,34.20813056,-79.18503611,0,42,0,0,1,1,0,4,2,10,0,10,0,0000000,99,98,99,98,99,98,0,0,0,1,0
45,450701,1,1,0,0,0,1,1,29,0,10,12,2012,2,18,20,0,3,3,SR-641,,7,33.03165556,-80.94861111,0,42,0,0,1,1,0,4,2,1,0,1,0,0000000,99,98,99,98,99,98,0,0,0,1,1
45,450702,2,2,0,0,0,3,3,41,0,10,12,2012,2,23,3,1,2,2,US-378,,0,33.91899444,-79.68529722,0,12,8,0,1,1,0,1,2,1,0,1,0,0000000,99,99,99,99,99,99,0,0,0,1,1
45,450703,1,1,0,1,1,1,1,89,0,14,12,2012,6,21,33,0,3,3,SR-261,,33,33.74392778,-79.47363611,0,8,0,0,1,1,0,1,2,1,0,1,0,0000000,99,98,99,98,99,98,0,0,0,1,0
45,450704,3,3,0,0,0,6,6,79,520,14,12,2012,6,0,35,1,2,2,US-21,102,0,33.98958889,-81.041225,0,12,6,0,2,2,0,1,3,1,0,1,0,0000000,99,99,99,99,99,99,20,0,0,2,2
45,450705,2,2,0,0,0,5,5,81,0,15,12,2012,7,2,13,0,3,3,SR-23,,10,33.858325,-81.60355278,0,12,6,0,8,1,0,1,2,1,0,1,0,0000000,2,33,2,51,99,99,0,0,0,2,1
45,450706,1,1,0,1,1,1,1,15,0,15,12,2012,7,0,41,1,13,3,SR-29,,4,32.97101667,-80.01355,0,8,0,0,1,1,0,1,2,1,0,1,0,0000000,0,41,0,45,1,2,0,0,0,1,0
45,450707,1,1,0,0,0,1,1,45,1040,23,10,2012,3,15,9,0,6,6,ARLINGON AVE,,0,34.84281667,-82.42058889,0,7,0,0,1,1,0,1,1,1,0,1,0,0000000,15,10,15,13,15,33,0,0,0,1,0
45,450708,2,2,0,0,0,2,2,45,1060,24,8,2012,6,22,41,1,2,2,US-29,FAIRVIEW RD,0,34.93320278,-82.28322778,0,12,6,0,2,2,0,1,2,1,0,1,0,0000000,99,98,99,98,99,98,0,0,0,1,1
45,450709,2,2,0,0,0,3,3,3,0,4,11,2012,1,10,22,1,2,2,US-1,,0,33.60064167,-81.68668333,0,12,1,0,1,1,0,1,1,1,0,1,0,0000000,99,98,99,98,99,98,0,0,0,1,0
45,450710,1,1,0,0,0,2,2,3,0,14,11,2012,4,2,58,0,3,3,SR-4,,4,33.56397778,-81.61706667,0,1,0,0,1,1,0,4,2,1,0,1,0,0000000,99,99,99,99,99,99,0,0,0,1,1
45,450711,1,1,0,0,0,3,3,27,0,24,11,2012,7,4,30,1,2,2,US-301,308,0,33.73937778,-80.19353611,0,32,0,0,2,4,0,5,2,1,0,1,0,0000000,5,17,5,28,99,99,0,0,0,1,1
45,450712,1,1,0,0,0,2,2,7,0,4,12,2012,3,13,5,0,4,3,SR-108,,1,34.42408056,-82.60407778,0,34,0,0,1,1,0,4,1,1,0,1,0,0000000,99,99,99,99,99,99,20,0,0,1,1
45,450713,2,2,0,0,0,2,2,73,0,7,12,2012,6,19,9,0,3,3,SR-11,127,35,34.91323611,-82.93391667,0,12,2,0,1,1,0,1,1,1,0,1,0,0000000,99,99,99,99,99,99,0,0,0,1,1
45,450714,1,1,0,1,1,2,2,15,0,8,12,2012,7,19,11,0,4,3,SR-29,,0,32.97286944,-80.021975,0,8,0,0,1,1,0,1,2,1,0,1,0,0000000,99,99,99,99,99,99,0,0,0,1,0
45,450715,2,2,0,0,0,2,2,75,0,13,12,2012,5,15,59,0,4,3,SR-61,,0,33.54418889,-80.90611667,0,12,2,0,1,1,0,1,1,1,0,1,0,0000000,99,99,99,99,99,99,0,0,0,1,0
45,450716,1,1,0,0,0,1,1,63,0,15,12,2012,7,18,0,0,4,3,SR-486,,0,34.00668056,-81.31126111,0,31,0,0,1,1,0,4,2,1,0,1,0,0000000,18,3,18,20,18,55,0,0,0,1,1
45,450717,2,2,0,0,0,3,3,41,0,17,12,2012,2,6,18,1,11,1,I-95,,164,34.23175833,-79.79652778,0,12,7,1,18,1,0,1,4,10,0,10,0,0000000,99,99,99,99,99,99,0,0,0,1,0
45,450718,2,2,0,0,0,2,2,39,0,17,12,2012,2,14,50,1,11,1,I-77,,40,34.42070833,-80.99563611,0,12,1,0,1,1,0,1,1,2,0,2,0,0000000,99,98,99,98,99,98,0,0,0,1,0
45,450719,1,1,0,1,1,3,3,41,0,19,12,2012,4,19,55,0,4,3,SR-13,,16,34.14991111,-79.60934444,0,8,0,0,1,1,0,1,2,1,0,1,0,0000000,20,48,21,1,21,38,0,0,0,1,0
45,450720,1,1,0,1,1,1,1,85,2550,25,10,2012,5,7,28,0,13,2,US-401,,2,33.92435,-80.33301667,0,8,0,0,1,1,0,1,4,1,0,1,0,0000000,7,33,7,36,7,42,0,0,0,1,0
45,450721,1,1,0,0,0,1,1,63,0,4,12,2012,3,3,28,1,11,1,I-26,,115,33.88068889,-81.03678333,0,23,0,1,18,1,0,4,2,1,0,1,0,0000000,3,38,3,52,4,3,0,0,0,1,0
45,450722,2,2,0,0,0,3,3,85,0,4,12,2012,3,15,35,0,4,3,SR-1342,,99999,33.988675,-80.40605278,0,12,8,0,1,1,0,1,1,1,0,1,0,0000000,99,99,99,99,99,99,0,0,0,1,0
45,450723,2,2,0,0,0,3,3,85,0,8,12,2012,7,17,25,0,9,3,SR-945,,2,33.82286667,-80.38745833,0,1,0,0,1,1,0,1,1,1,0,1,0,0000000,17,32,17,41,99,99,0,0,0,1,1
45,450724,1,1,0,0,0,1,1,55,0,9,12,2012,1,0,55,0,9,3,SR-701,,1,34.56252778,-80.48013889,0,43,0,0,1,1,0,4,2,1,0,1,0,0000000,99,98,99,98,99,98,0,0,0,1,1
45,450725,1,1,0,1,1,2,2,79,0,17,12,2012,2,17,44,1,11,1,I-20,,80,34.10113889,-80.83944167,0,8,0,0,1,1,4,1,2,2,0,2,0,0000000,99,99,99,99,99,99,0,0,0,1,0
45,450726,1,1,0,0,0,4,4,5,0,15,12,2012,7,2,30,0,4,3,SR-162,,6,33.09374722,-81.30607222,0,42,0,0,1,1,0,4,2,1,0,1,0,0000000,99,99,99,99,99,99,0,0,0,1,1
45,450727,1,1,0,0,0,2,2,85,0,16,12,2012,1,4,45,1,2,2,US-15,,7,33.86510556,-80.359975,0,1,0,0,1,1,0,3,2,5,0,5,0,0000000,99,99,99,99,99,99,0,0,0,1,1
45,450728,1,1,0,0,0,1,1,79,0,18,12,2012,3,4,0,0,4,3,SR-216,,2,34.14004444,-81.27191667,0,19,0,0,1,1,0,4,2,10,0,10,0,0000000,99,98,99,98,99,98,0,0,0,1,0
45,450729,2,2,0,0,0,2,2,15,0,18,12,2012,3,16,19,1,2,2,US-52,FOXBANK PLANTATION RD,7,33.09682778,-80.03054722,0,12,6,0,2,2,0,1,1,1,0,1,0,0000000,99,99,99,99,99,99,0,0,0,1,0
45,450730,2,2,0,0,0,2,2,3,0,20,12,2012,5,18,0,0,3,3,SR-19,,0,33.64808333,-81.75198611,0,12,6,0,8,1,0,1,2,2,0,2,0,0000000,18,1,18,14,18,39,0,0,0,1,0
45,450731,1,1,0,0,0,1,1,29,0,22,12,2012,7,13,13,0,4,3,SR-26,,0,32.72401944,-80.57685833,0,42,0,0,1,1,0,4,1,1,0,1,0,0000000,99,98,99,98,99,98,0,0,0,1,1
45,450732,1,1,0,0,0,1,1,39,0,23,12,2012,1,3,0,0,4,3,SR-269,,9,34.321425,-81.09076111,0,1,0,0,1,1,0,4,2,1,0,1,0,0000000,99,98,99,98,99,98,0,0,0,1,1
45,450733,1,1,0,1,1,3,3,45,0,23,12,2012,1,19,50,0,14,3,SR-20,,1,34.86065556,-82.42689167,0,8,0,0,1,1,0,1,3,1,0,1,0,0000000,99,98,99,98,99,98,0,0,0,1,0
45,450734,2,2,0,0,0,5,5,63,0,24,12,2012,2,13,25,1,11,1,I-26,,109,34.00674167,-81.11070833,0,12,6,1,18,1,0,1,1,2,0,2,0,0000000,13,26,13,36,14,2,0,0,0,1,0
45,450735,1,1,0,0,0,1,1,91,0,26,12,2012,4,16,20,0,9,3,SR-884,,2,34.92820278,-81.11966944,0,52,0,0,1,1,0,4,1,10,0,10,0,0000000,99,98,99,98,99,98,0,0,0,1,1
45,450736,1,1,0,2,2,1,1,19,410,18,11,2012,1,2,30,1,13,2,US-17,COMING STREET,31,32.79495833,-79.94539722,0,8,0,0,2,2,0,1,3,10,0,10,0,0000000,99,99,99,99,99,99,0,0,0,1,0
45,450737,2,2,0,0,0,2,2,33,620,13,11,2012,3,17,40,1,2,2,US-301,102,10,34.41915,-79.36902778,0,12,6,0,2,2,0,1,3,2,0,2,0,0000000,17,42,17,45,17,50,0,0,0,1,0
45,450738,2,2,0,0,0,4,4,53,1080,18,11,2012,1,4,10,1,1,1,I-95,,8,32.313025,-81.059375,0,12,1,1,18,1,0,1,2,1,0,1,0,0000000,99,99,99,99,99,99,0,0,0,1,1
45,450739,2,2,0,0,0,2,2,85,0,17,12,2012,2,7,50,1,2,2,US-521,,25,34.06503333,-80.5057,0,12,6,0,1,1,0,1,1,1,0,1,0,0000000,8,50,9,7,9,58,0,0,0,1,0
45,450740,2,2,0,0,0,5,5,21,0,22,12,2012,7,13,0,0,4,3,SR-71,,3,35.11657778,-81.64261111,0,12,2,0,1,1,0,1,1,1,0,1,0,0000000,99,99,99,99,99,99,0,0,0,1,0
45,450741,2,2,0,0,0,4,4,71,0,17,8,2012,6,21,50,0,3,3,SR-34,CR-500,33,34.36155,-81.46481944,0,12,7,0,3,1,0,1,2,1,0,1,0,0000000,99,99,99,99,99,99,0,0,0,1,2
45,450742,1,1,0,1,1,1,1,13,0,31,10,2012,4,20,35,0,4,3,SR-13,,0,32.22479722,-80.857075,0,8,0,0,1,1,0,1,2,1,0,1,0,0000000,21,22,21,50,22,47,0,0,0,1,0
45,450743,2,2,0,0,0,3,3,51,1730,8,12,2012,7,0,54,1,13,2,US-501,1315,32,33.70155556,-78.90348889,0,12,6,0,2,2,0,1,2,1,0,1,0,0000000,99,99,99,99,99,99,0,0,0,1,0
45,450744,1,1,0,0,0,3,3,27,0,20,12,2012,5,15,0,0,4,3,SR-38,,3,33.55121667,-80.32931389,0,34,0,0,1,1,0,4,1,1,0,1,0,0000000,99,99,99,99,99,99,0,0,0,1,0
45,450745,1,1,0,1,1,1,1,33,0,26,12,2012,4,19,19,0,3,3,SR-9,,7,34.47190278,-79.39625833,0,8,0,0,1,1,0,1,2,10,0,10,0,0000000,19,20,19,26,20,18,0,0,0,1,0
45,450746,1,1,0,0,0,1,1,41,0,28,12,2012,6,8,20,0,9,3,SR-1304,,0,33.844225,-79.75452778,0,34,0,0,1,1,0,4,1,1,0,1,0,0000000,9,0,9,34,99,99,0,0,0,1,0
45,450747,1,1,0,0,0,1,1,7,40,10,7,2012,3,16,22,1,2,2,US-29,,0,34.50342222,-82.61472222,0,1,0,0,1,1,0,4,1,2,0,2,0,0000000,99,99,99,99,99,99,0,0,0,1,0
45,450748,1,1,0,1,1,1,1,45,1060,23,10,2012,3,17,0,1,13,2,US-29,,18,34.94810833,-82.22436667,0,8,0,0,1,1,0,1,3,1,0,1,0,0000000,99,99,99,99,99,99,0,0,0,1,0
45,450749,2,2,0,0,0,2,2,85,0,29,12,2012,7,0,9,1,2,2,US-521,,25,34.06929722,-80.51200833,0,12,2,0,1,1,0,1,2,10,0,10,0,0000000,99,99,99,99,99,99,0,0,0,1,0
45,450750,1,1,0,1,1,1,1,51,0,22,12,2012,7,6,42,0,5,5,HARPER RD,,25,33.76088333,-79.08689444,0,8,0,0,1,1,0,1,2,1,0,1,0,0000000,99,98,99,98,99,98,0,0,0,1,0
45,450751,2,2,0,0,0,2,2,13,0,27,12,2012,5,6,48,0,4,3,SR-40,,0,32.43043611,-80.76107778,0,12,2,0,1,1,0,1,2,1,0,1,0,0000000,99,98,99,98,99,98,0,0,0,1,0
45,450752,1,1,0,0,0,1,1,45,0,31,12,2012,2,23,21,0,3,3,SR-146,,0,34.80243333,-82.20918333,0,42,0,0,1,1,0,4,3,1,0,1,0,0000000,99,98,99,98,99,98,0,0,0,1,1
45,450753,1,1,0,0,0,1,1,45,0,17,9,2012,2,18,46,0,4,3,SR-455,,0,34.61154722,-82.26376944,0,42,0,0,1,1,0,4,1,10,0,10,0,0000000,18,56,19,10,19,48,0,0,0,1,1
45,450754,1,1,0,1,1,2,2,45,0,13,10,2012,7,19,55,1,2,2,US-25,,0,35.02890278,-82.42008611,0,8,0,0,1,1,0,1,2,1,0,1,0,0000000,99,99,99,99,99,99,0,0,0,1,0
45,450755,1,1,0,0,0,1,1,27,0,25,10,2012,5,13,0,0,4,3,SR-63,,5,33.63393333,-80.22112222,0,1,0,0,1,1,0,4,1,1,0,1,0,0000000,13,9,13,14,13,34,0,0,0,1,1
45,450756,2,2,0,0,0,2,2,83,1370,18,12,2012,3,14,20,0,3,3,SR-14,,0,35.17245278,-82.19327778,0,12,2,0,1,1,0,1,1,1,0,1,0,0000000,14,26,14,32,99,99,0,0,0,1,1
45,450757,1,1,0,0,0,1,1,19,0,24,12,2012,2,3,0,0,4,3,SR-98,,6,33.02662778,-79.85496944,0,1,0,0,1,1,0,4,2,1,0,1,0,0000000,99,98,99,98,99,98,0,0,0,1,1
45,450759,3,3,0,0,0,3,3,51,0,19,10,2012,6,19,25,0,3,3,SR-9,23,1,34.214575,-79.107575,0,12,6,0,2,2,0,1,2,1,0,1,0,0000000,19,30,19,38,20,18,0,0,0,1,0
45,450761,2,2,0,0,0,2,2,59,0,15,12,2012,7,5,50,0,4,3,SR-76,,0,34.60135,-82.19729722,0,12,6,0,1,1,0,1,2,1,0,1,0,0000000,99,99,99,99,99,99,0,0,0,1,1
45,450762,2,2,0,0,0,3,3,41,0,18,12,2012,3,21,4,1,2,2,US-76,,25,34.19625278,-79.65486944,0,12,1,0,1,1,0,1,2,1,0,1,0,0000000,21,12,21,21,21,47,0,0,0,1,1
45,450763,2,2,0,0,0,2,2,83,2460,20,12,2012,5,17,29,1,2,2,US-29,REGENCY RD,0,34.97119722,-81.886275,0,12,6,0,3,3,0,1,5,2,0,2,0,0000000,17,33,17,41,18,4,0,0,0,1,0
45,450764,1,1,0,0,0,1,1,49,0,31,12,2012,2,18,40,0,4,3,SR-41,,2,32.83823889,-81.21089167,0,34,0,0,1,1,0,4,2,1,0,1,0,0000000,99,99,99,99,99,99,0,0,0,1,0
45,450765,1,1,0,0,0,1,1,79,520,5,11,2012,2,22,45,0,4,3,SR-484,,0,33.99478889,-81.03618889,0,33,0,0,1,1,0,3,3,1,0,1,0,0000000,99,98,99,98,99,98,0,0,0,1,0
45,450766,1,1,0,0,0,1,1,75,0,16,12,2012,1,7,20,0,4,3,SR-49,,4,33.40732778,-80.87846944,0,59,0,0,1,1,0,4,1,1,0,1,0,0000000,99,99,99,99,99,99,0,0,0,1,1
45,450767,1,1,0,0,0,2,2,83,0,21,12,2012,6,22,16,0,4,3,SR-678,,0,34.89319444,-81.98590556,0,53,0,0,1,1,0,4,2,1,0,1,0,0000000,99,99,99,99,99,99,0,0,0,1,0
45,450768,1,1,0,0,0,1,1,73,2710,26,12,2012,4,15,40,0,3,3,SR-28,148,15,34.76562778,-83.06866111,0,30,0,0,3,2,0,4,1,10,0,10,0,0000000,99,99,99,99,99,99,0,0,0,1,0
45,450769,2,2,0,0,0,2,2,7,0,31,10,2012,4,12,32,0,3,3,SR-81,,0,34.75705556,-82.49778056,0,12,1,0,1,1,0,1,1,1,0,1,0,0000000,12,43,12,46,13,17,0,0,0,1,0
45,450770,2,2,0,0,0,3,3,7,40,13,11,2012,3,8,5,0,6,6,SIMPSON RD,ANNADALE STREET,0,34.53639722,-82.62781667,0,12,6,0,2,2,0,1,1,1,0,1,0,0000000,8,8,8,20,8,39,0,0,0,1,0
45,450771,2,1,1,1,1,5,5,25,0,28,11,2012,4,7,25,0,4,3,SR-20,,2,34.70831389,-80.046875,0,14,0,0,1,1,0,2,1,1,0,1,0,0000000,99,99,99,99,99,99,0,0,0,1,0
45,450772,2,2,0,0,0,2,2,73,0,18,12,2012,3,9,25,0,3,3,SR-59,BRANDON DRIVE,0,34.50724722,-82.98833056,0,12,6,0,2,3,0,1,1,1,0,1,0,0000000,99,99,99,99,99,99,0,0,0,1,0
45,450773,2,2,0,0,0,2,2,63,370,20,3,2012,3,14,17,0,14,3,SR-35,I-77,1,33.92761944,-81.04251111,0,12,6,0,3,3,0,1,1,1,0,1,0,0000000,99,99,99,99,99,99,0,0,0,1,0
45,450774,2,2,0,0,0,2,2,19,410,17,12,2012,2,16,35,1,2,2,US-17,20,20,32.80255,-80.10911944,0,12,6,0,2,2,0,1,1,2,0,2,0,0000000,99,98,99,98,99,98,0,0,0,1,1
45,450775,1,1,0,1,1,1,1,19,763,25,9,2012,3,19,30,0,3,3,SR-174,JENKINS STREET,0,32.48298056,-80.32711111,0,8,0,0,3,2,0,1,2,1,0,1,0,0000000,19,37,20,11,20,30,0,0,0,1,0
45,450776,1,1,0,1,1,1,1,63,0,24,11,2012,7,18,8,1,2,2,US-1,,0,33.97328333,-81.15430833,0,8,0,0,1,1,0,1,6,1,0,1,0,0000000,99,98,99,98,99,98,0,0,0,1,0
45,450777,2,2,0,1,1,2,2,45,0,31,12,2012,2,18,26,0,4,3,SR-347,,0,34.88622222,-82.29012778,0,8,0,0,1,1,0,1,2,1,0,1,0,0000000,99,98,99,98,99,98,0,0,0,1,0
45,450778,2,2,0,0,0,6,6,15,0,6,10,2012,7,22,20,0,4,3,SR-16,,7,33.14793889,-80.14702778,0,12,1,0,1,1,0,1,2,1,0,1,0,0000000,99,99,99,99,99,99,0,0,0,1,0
45,450779,2,2,0,0,0,2,2,83,0,28,11,2012,4,7,50,1,11,1,I-85,,79,35.026425,-81.876975,0,12,7,1,18,1,0,1,1,1,0,1,0,0000000,8,3,8,13,8,32,0,0,0,1,0
45,450780,2,2,0,0,0,8,8,39,0,18,11,2012,1,18,48,1,1,1,I-77,,40,34.41278333,-80.99495,0,12,6,0,1,1,0,1,2,10,0,10,0,0000000,99,99,99,99,99,99,0,0,0,1,1
45,450781,2,2,0,0,0,3,3,13,2080,23,3,2012,6,19,37,0,3,3,SR-170,,20,32.39648889,-80.76594167,0,12,6,0,8,1,0,1,5,10,0,10,0,0000000,19,39,19,41,20,9,0,0,0,1,0
45,450782,4,4,0,0,0,6,6,57,1350,9,8,2012,5,15,32,1,13,2,US-521,,23,34.73012778,-80.77622222,0,12,1,0,1,1,0,1,1,10,0,10,0,0000000,15,33,15,42,16,7,0,0,0,1,0
45,450783,2,2,0,0,0,2,2,21,0,17,9,2012,2,7,47,1,1,1,I-85,,92,35.09700556,-81.67739167,0,12,6,0,5,1,0,1,1,2,0,2,0,0000000,7,51,8,1,8,12,0,0,0,1,0
45,450784,2,2,0,0,0,2,2,17,0,5,10,2012,6,11,0,0,4,3,SR-29,SR-22,0,33.60938889,-80.92089167,0,12,6,0,3,1,0,1,1,1,0,1,0,0000000,11,23,11,39,12,16,0,0,0,1,0
45,450785,2,2,0,0,0,2,2,11,0,18,11,2012,1,17,5,0,3,3,SR-3,,26,33.44826111,-81.28380278,0,12,2,0,1,1,0,1,1,1,0,1,0,0000000,99,99,99,99,99,99,0,0,0,1,1
45,450786,1,1,0,0,0,1,1,71,0,23,11,2012,6,0,30,1,2,2,US-76,,5,34.34865833,-81.69231111,0,42,0,0,1,1,0,4,2,1,0,1,0,0000000,99,99,99,99,99,99,0,0,0,1,1