STATE,ST_CASE,VE_TOTAL,VE_FORMS,PVH_INVL,PEDS,PERNOTMVIT,PERMVIT,PERSONS,COUNTY,CITY,DAY,MONTH,YEAR,DAY_WEEK,HOUR,MINUTE,NHS,ROAD_FNC,ROUTE,TWAY_ID,TWAY_ID2,MILEPT,LATITUDE,LONGITUD,SP_JUR,HARM_EV,MAN_COLL,RELJCT1,RELJCT2,TYP_INT,WRK_ZONE,REL_ROAD,LGT_COND,WEATHER1,WEATHER2,WEATHER,SCH_BUS,RAIL,NOT_HOUR,NOT_MIN,ARR_HOUR,ARR_MIN,HOSP_HR,HOSP_MN,CF1,CF2,CF3,FATALS,DRUNK_DR
45,450787,1,1,0,0,0,1,1,53,1080,7,12,2012,6,14,46,1,1,1,I-95,,16,32.31168056,-81.05950556,0,42,0,1,18,1,0,3,1,1,0,1,0,0000000,14,48,14,56,15,16,0,0,0,1,0
45,450788,2,2,0,0,0,2,2,59,0,8,12,2012,7,9,20,0,4,3,SR-53,ROCKY SPRINGS CHURCH RD,0,34.50878333,-81.95488611,0,12,2,0,2,4,0,1,1,1,0,1,0,0000000,9,55,9,58,10,17,0,0,0,1,0
45,450789,2,2,0,0,0,2,2,37,0,11,12,2012,3,7,10,1,2,2,US-25,,15,33.62466944,-81.92017778,0,12,1,0,1,1,0,1,4,1,0,1,0,0000000,99,99,99,99,99,99,0,0,0,1,0
45,450790,2,2,0,1,1,3,3,45,1634,17,12,2012,2,18,25,0,4,3,SR-448,,0,34.75713333,-82.32290556,0,8,0,0,1,1,0,1,2,1,0,1,0,0000000,99,98,99,98,99,98,0,0,0,1,0
45,450791,1,1,0,0,0,1,1,91,900,23,12,2012,1,17,0,0,4,4,CR-428,,0,35.01192222,-80.93568611,0,42,0,0,1,1,0,4,1,1,0,1,0,0000000,17,58,18,13,19,5,0,0,0,1,0
45,450792,1,1,0,1,1,1,1,13,0,14,10,2012,1,21,34,0,9,3,SR-235,,2,32.60718889,-80.794725,0,8,0,0,1,1,0,1,2,1,0,1,0,0000000,99,99,99,99,99,99,0,0,0,1,0
45,450793,1,1,0,1,1,1,1,13,1145,14,11,2012,4,22,30,0,6,6,DIANAH'S DRIVE,,0,32.19609722,-80.73577778,0,8,0,0,1,1,0,1,2,1,0,1,0,0000000,99,98,99,98,99,98,0,0,0,1,1
45,450794,1,1,0,0,0,2,2,25,0,4,12,2012,3,22,40,0,4,3,SR-107,,1,34.746025,-80.40744167,0,42,0,0,1,1,0,4,2,1,0,1,0,0000000,99,99,99,99,99,99,0,0,0,1,0
45,450795,2,2,0,0,0,4,4,75,0,25,12,2012,3,23,30,1,2,2,US-15,SR-210,9,33.41979167,-80.50423889,0,12,6,0,2,2,0,1,2,10,0,10,0,0000000,99,99,99,99,99,99,0,0,0,1,0
45,450796,2,2,0,0,0,3,3,45,0,29,12,2012,7,19,35,0,3,3,SR-296,,0,34.82164167,-82.19603056,0,12,2,0,1,1,0,1,2,1,0,1,0,0000000,99,99,99,99,99,99,0,0,0,1,1
45,450797,1,1,0,0,0,1,1,1,0,10,12,2012,2,23,45,0,3,3,SR-184,,8,34.31442778,-82.55974167,0,42,0,0,1,1,0,4,2,1,0,1,0,0000000,99,99,99,99,99,99,0,0,0,1,0
45,450798,1,1,0,0,0,2,2,55,330,29,12,2012,7,19,17,0,13,2,US-1,CAMPBELL STREET,14,34.24610278,-80.61110278,0,42,0,0,1,1,0,4,3,1,0,1,0,0000000,19,31,19,44,20,25,0,0,0,1,1
45,450799,2,2,0,0,0,2,2,13,0,29,11,2012,5,6,15,0,3,2,US-21,,1,32.41509444,-80.65283611,0,12,2,0,1,1,0,1,4,1,0,1,0,0000000,6,27,6,36,7,11,0,0,0,1,0
45,450800,4,1,3,0,0,1,1,89,1300,30,5,2012,4,11,26,0,4,3,SR-72,,0,33.66324444,-79.831675,0,14,0,0,1,1,0,5,1,1,0,1,0,0000000,11,30,11,57,12,30,0,0,0,1,0
45,450801,2,2,0,1,1,3,3,51,0,22,3,2012,5,21,5,1,12,2,US-17,,1,33.60269444,-79.01781111,0,8,0,0,1,1,0,1,2,1,0,1,0,0000000,99,99,99,99,99,99,0,0,0,1,0
45,450802,1,1,0,0,0,1,1,51,0,6,7,2012,6,20,30,0,9,3,SR-132,,2,33.95947778,-79.17929167,0,34,0,0,1,1,0,4,5,1,0,1,0,0000000,99,99,99,99,99,99,0,0,0,1,1
45,450803,2,2,0,0,0,3,3,91,0,18,12,2012,3,15,12,0,3,3,SR-55,FOREST VIEW RD,0,35.08841944,-81.36125556,0,12,6,0,2,3,0,1,1,1,0,1,0,0000000,15,21,15,37,16,27,0,0,0,1,0
45,450804,1,1,0,0,0,1,1,29,0,2,12,2012,1,0,54,1,1,1,I-95,,42,32.77598611,-80.79660833,0,42,0,0,1,1,0,3,2,1,0,1,0,0000000,99,98,99,98,99,98,0,0,0,1,0
45,450805,1,1,0,0,0,1,1,29,0,21,12,2012,6,18,30,0,4,3,SR-21,US-17,0,32.91852778,-80.62981944,0,59,0,0,2,3,0,4,2,1,0,1,0,0000000,99,99,99,99,99,99,0,0,0,1,0
45,450806,2,2,0,0,0,6,6,41,0,9,10,2012,3,19,0,1,1,1,I-95,,0,34.28239444,-79.679275,0,12,7,0,1,1,0,1,2,1,0,1,0,0000000,19,2,19,15,19,51,0,0,0,1,0
45,450807,1,1,0,1,1,1,1,19,1710,21,10,2012,1,0,25,0,13,3,SR-703,516,1,32.79156389,-79.87955,0,8,0,0,2,2,0,1,3,1,0,1,0,0000000,0,28,0,34,0,53,0,0,0,1,0
45,450808,2,2,0,0,0,6,6,53,0,27,12,2012,5,15,25,0,3,3,SR-315,,0,32.184925,-81.02986389,0,12,2,0,8,1,0,1,1,1,0,1,0,0000000,99,99,99,99,99,99,20,0,0,1,0
45,450809,1,1,0,0,0,1,1,57,1350,6,10,2012,7,20,18,0,4,3,SR-79,,6,34.72569722,-80.76018056,0,42,0,0,1,1,0,4,3,1,0,1,0,0000000,20,31,20,35,21,8,0,0,0,1,0
46,460001,2,2,0,0,0,2,2,127,0,4,1,2012,4,17,10,1,3,3,SR-50,473RD AVE,4194,42.77901667,-96.74675556,0,12,6,1,2,2,0,1,5,1,0,1,0,0000000,17,17,17,30,18,15,0,0,0,1,0
46,460002,2,2,0,0,0,4,4,15,0,11,1,2012,4,10,19,1,1,1,I-90 W,,2828,43.73813611,-98.98097778,0,12,6,0,1,1,0,1,1,11,0,11,0,0000000,10,25,10,55,11,27,0,0,0,1,0
46,460003,4,3,1,0,1,3,4,61,0,25,1,2012,4,8,30,1,1,1,I-90 W,,3485,43.66583333,-97.6967,0,45,0,0,1,1,2,1,1,5,10,5,0,0000000,8,34,8,58,88,88,0,0,0,1,0
46,460004,2,2,0,0,0,2,2,57,0,25,1,2012,4,11,30,0,6,4,CR-184TH ST,CR-465TH AVE,0,44.71743611,-96.904925,0,12,6,0,2,2,0,1,1,5,0,5,0,0000000,11,35,11,51,88,88,0,0,0,1,0
46,460005,2,2,0,0,0,2,2,21,0,2,2,2012,5,11,9,0,4,4,CR-108TH ST,CR-312TH AVE,0,45.825475,-99.9446,0,12,6,0,2,2,0,1,1,1,0,1,0,0000000,99,99,99,99,99,99,0,0,0,1,0
46,460006,1,1,0,0,0,1,1,71,0,6,2,2012,2,22,50,1,1,1,I-90 W,,1312,43.835775,-101.8875222,0,59,0,0,1,1,0,3,2,3,10,3,0,0000000,22,50,23,20,88,88,0,0,0,1,0
46,460007,2,2,0,0,0,2,2,79,0,9,2,2012,5,12,4,0,3,3,SR-34,457TH AVE,4194,43.98163056,-97.06954444,0,12,6,0,2,2,0,1,1,1,0,1,0,0000000,12,4,12,14,88,88,0,0,0,1,0
46,460008,1,1,0,0,0,1,1,19,0,4,3,2012,1,22,0,1,2,2,US-212,,183,44.69107222,-103.7607111,0,38,0,0,1,1,0,4,2,1,0,1,0,0000000,88,88,88,88,88,88,0,0,0,1,0
46,460009,1,1,0,0,0,1,1,3,0,10,3,2012,7,13,45,0,3,2,US-281,,600,43.54571667,-98.43995556,0,1,0,0,1,1,0,4,1,1,0,1,0,0000000,88,88,88,88,88,88,0,0,0,1,0
46,460010,3,3,0,0,0,6,6,99,2450,1,3,2012,5,20,42,0,14,6,60TH ST E,CLIFF AVE N,0,43.60196944,-96.71128889,0,12,7,0,2,2,0,1,2,1,0,1,0,0000000,20,42,20,50,21,9,20,0,0,1,1
46,460011,1,1,0,0,0,1,1,99,2450,15,3,2012,5,20,14,1,11,1,I-29 S,,761,43.50382778,-96.78594167,0,1,0,0,1,1,0,3,2,1,0,1,0,0000000,20,16,20,20,20,34,0,0,0,1,0
46,460012,1,1,0,0,0,1,1,33,0,17,3,2012,7,9,47,0,2,2,US-385,,474,43.56301389,-103.4745139,0,33,0,0,1,1,0,4,1,1,0,1,0,0000000,9,49,10,0,88,88,0,0,0,1,1
46,460013,2,2,0,0,0,6,6,103,0,18,3,2012,1,14,13,1,2,2,US-16 E,GOLDEN HILLS DR,557,43.95918611,-103.3551639,0,12,6,0,2,2,0,1,1,10,0,10,0,0000000,14,13,14,28,15,4,14,0,0,1,0
46,460014,2,2,0,0,0,4,4,83,2450,10,1,2012,3,13,23,0,14,6,69TH ST W,LOUISE AVE S,0,43.48978889,-96.76728333,0,12,6,0,2,2,0,1,1,1,0,1,0,0000000,88,88,88,88,88,88,0,0,0,1,0
46,460015,1,1,0,0,0,3,3,101,0,8,3,2012,5,23,1,0,6,4,CR-478TH AVE,CR-242ND ST,0,43.87723611,-96.64734167,0,1,0,0,2,3,0,4,2,1,0,1,0,0000000,23,8,23,24,23,45,0,0,0,1,1
46,460016,2,2,0,0,0,7,7,35,1850,24,3,2012,7,14,53,0,14,6,1ST AVE W,DUFF ST N,0,43.70943056,-98.02828056,0,12,6,0,2,2,0,1,1,1,0,1,0,0000000,14,54,14,56,15,5,20,0,0,1,1
46,460017,1,1,0,0,0,1,1,33,0,28,3,2012,4,17,27,0,6,4,CR-BUFFALO BUTTE RD,,0,43.52503056,-103.6742972,0,1,0,0,1,1,0,4,1,1,0,1,0,0000000,17,30,17,52,88,88,0,0,0,1,0
46,460018,1,1,0,0,0,1,1,99,0,31,3,2012,7,12,38,0,4,4,CR-464TH AVE,,0,43.72495833,-96.93061389,0,1,0,0,1,1,0,1,1,1,0,1,0,0000000,12,41,12,56,13,28,0,0,0,1,1
46,460019,2,2,0,0,0,2,2,99,2450,28,3,2012,4,17,27,0,14,6,26TH ST W,EDNA AVE S,0,43.52928611,-96.78823889,0,12,6,0,2,2,0,1,1,1,0,1,0,0000000,17,30,17,34,88,88,0,0,0,1,0
46,460020,2,2,0,0,0,4,4,103,0,1,4,2012,1,18,1,0,4,4,CR-SHERIDAN LAKE RD,,0,43.98830278,-103.4038083,0,12,2,0,1,1,0,1,1,1,0,1,0,0000000,18,1,18,27,19,7,0,0,0,1,0
46,460021,2,2,0,0,0,4,4,79,0,2,4,2012,2,11,11,0,3,3,SR-34 E,457TH AVE,3903,43.98161944,-97.06948056,0,12,1,0,3,1,0,1,1,1,0,1,0,0000000,11,11,99,97,99,97,0,0,0,1,0
46,460022,1,1,0,0,0,3,3,101,0,8,4,2012,1,6,13,1,1,1,I-29 N,228TH ST,1168,44.08039167,-96.75859167,0,24,0,0,1,1,0,4,4,1,0,1,0,0000000,7,7,7,23,8,20,0,0,0,2,1
46,460023,1,1,0,0,0,1,1,109,0,20,4,2012,6,4,30,0,4,4,CR-469TH AVE,,0,45.56121111,-96.82066944,0,1,0,0,1,1,0,4,2,1,0,1,0,0000000,4,35,4,46,88,88,0,0,0,1,1
46,460024,1,1,0,1,1,1,1,11,0,25,4,2012,4,6,4,1,1,1,I-29 S,US-14,1327,44.31173056,-96.758725,0,8,0,1,18,1,0,1,4,10,0,10,0,0000000,8,3,8,10,88,88,0,0,0,1,1
46,460025,2,2,0,0,0,3,3,55,0,28,4,2012,7,0,20,0,2,3,SR-34,,1674,44.37210833,-101.2027111,0,12,2,0,1,1,0,1,2,2,10,2,0,0000000,0,30,1,13,2,10,0,0,0,1,1
46,460026,1,1,0,0,0,2,2,83,0,28,4,2012,7,16,9,0,3,2,US-18,,4310,43.25785556,-96.87749722,0,1,0,0,1,1,0,1,1,1,0,1,0,0000000,16,12,16,39,17,18,0,0,0,1,0
46,460027,1,1,0,0,0,1,1,109,0,4,5,2012,6,22,30,0,4,4,CR-451ST ST,,0,45.61693056,-97.18126111,0,1,0,0,1,1,0,4,2,10,0,10,0,0000000,22,35,22,52,88,88,0,0,0,1,1
46,460028,1,1,0,0,0,1,1,101,0,8,5,2012,3,7,26,0,3,3,SR-13,,1093,44.069525,-96.58735278,0,35,0,0,1,1,0,4,1,10,0,10,0,0000000,7,27,7,37,7,51,0,0,0,1,0
46,460029,2,2,0,0,0,2,2,103,2250,9,5,2012,4,7,56,0,16,6,SAINT PATRICK ST E,HAWTHORNE AVE,0,44.067525,-103.203725,0,12,6,0,2,3,0,1,1,1,0,1,0,0000000,7,57,8,3,8,17,0,0,0,1,0
46,460030,1,1,0,0,0,2,2,109,0,17,5,2012,5,16,24,0,6,4,CR-456TH AVE,,0,45.57941389,-97.08230278,0,1,0,0,1,1,0,4,1,1,0,1,0,0000000,16,47,17,5,17,34,0,0,0,1,1
46,460031,1,1,0,0,0,2,2,47,0,28,5,2012,2,11,0,0,4,3,SR-471,,82,43.11374444,-103.6774056,0,1,0,0,1,1,0,4,1,1,0,1,0,0000000,11,6,11,42,12,57,0,0,0,1,0
46,460032,1,1,0,0,0,5,5,113,0,3,2,2012,6,15,39,0,4,4,CR-BIA-27,,0,43.14074167,-102.3651028,3,1,0,0,1,1,0,4,1,1,0,1,0,0000000,99,99,99,99,99,99,0,0,0,2,1
46,460033,1,1,0,0,0,1,1,109,0,3,6,2012,1,21,7,0,6,4,CR-107TH ST,,0,45.83349722,-97.18758611,0,1,0,0,1,1,0,4,1,1,0,1,0,0000000,21,16,21,26,22,5,0,0,0,1,1
46,460034,1,1,0,0,0,1,1,53,0,5,6,2012,3,9,15,0,3,3,SR-44,,2831,43.37707222,-99.27597778,0,1,0,0,1,1,0,4,1,1,0,1,0,0000000,9,17,9,40,10,3,0,0,0,1,0
46,460035,2,2,0,0,0,4,4,47,0,6,6,2012,4,22,0,0,4,4,CR-FR6484,,0,43.31470278,-103.8297389,0,12,1,0,1,1,0,1,2,2,0,2,0,0000000,22,24,22,36,22,56,0,0,0,1,1
46,460036,1,1,0,0,0,5,5,7,0,15,6,2012,6,16,50,1,2,2,US-18,,1712,43.21491944,-101.3223917,0,35,0,0,1,1,0,4,1,1,0,1,0,0000000,16,52,17,10,17,45,0,0,0,1,0
46,460037,2,2,0,0,0,6,6,33,0,29,6,2012,6,12,54,0,4,3,SR-40,SR-79,479,43.83970278,-103.199575,0,12,6,0,2,2,0,1,1,1,0,1,0,0000000,12,58,13,5,99,99,0,0,0,3,1
46,460038,2,2,0,0,0,2,2,119,0,30,6,2012,7,16,40,0,4,4,CR-191ST ST,CR-297TH AVE,0,44.62051389,-100.2027889,0,12,6,0,2,2,0,1,1,1,0,1,0,0000000,88,88,88,88,88,88,0,0,0,1,0
46,460039,1,1,0,0,0,1,1,53,0,1,7,2012,1,3,0,0,3,3,SR-47,,284,43.33805,-99.43526111,0,1,0,0,1,1,0,4,2,1,0,1,0,0000000,88,88,88,88,88,88,0,0,0,1,1
46,460040,2,2,0,0,0,6,6,99,0,30,6,2012,7,13,14,0,4,4,CR-463RD AVE,,0,43.57760278,-96.95028611,0,12,6,0,8,1,0,1,1,1,0,1,0,0000000,13,21,13,32,14,2,0,0,0,1,0
46,460041,1,1,0,0,0,1,1,79,0,4,7,2012,4,12,15,0,4,4,CR-36,,0,44.00776389,-97.06533611,0,1,0,0,1,1,0,1,1,1,0,1,0,0000000,12,16,12,23,88,88,0,0,0,1,0
46,460042,2,2,0,0,0,4,4,113,0,24,3,2012,7,22,30,0,4,4,CR-BIA-27,,0,43.09481111,-102.3771528,3,12,2,0,1,1,0,1,2,1,0,1,0,0000000,99,99,99,99,99,99,0,0,0,3,1
46,460043,1,1,0,0,0,1,1,13,0,4,7,2012,4,16,0,0,3,3,SR-10,,3011,45.79077222,-98.16445278,0,1,0,0,1,1,0,4,1,1,0,1,0,0000000,16,14,16,29,88,88,0,0,0,1,0
46,460044,1,1,0,0,0,3,3,63,0,7,7,2012,7,17,20,0,4,4,CR-752,,0,45.36245833,-103.9763944,0,1,0,0,1,1,0,4,1,1,0,1,0,0000000,17,30,18,5,99,99,0,0,0,1,1
46,460045,1,1,0,0,0,1,1,59,0,9,7,2012,2,5,30,0,3,3,SR-45,,1200,44.64069444,-98.98855,0,1,0,0,1,1,0,1,4,1,0,1,0,0000000,5,34,5,48,88,88,0,0,0,1,0
46,460046,1,1,0,0,0,4,4,103,0,12,7,2012,5,3,0,1,1,1,I-90 W,,1236,43.8988,-102.0297056,0,1,0,0,1,1,0,1,2,1,0,1,0,0000000,3,5,3,26,99,99,0,0,0,1,0
46,460047,1,1,0,0,0,1,1,105,0,12,7,2012,5,14,29,0,4,4,CR-USTA RD,,0,45.26355,-102.5015917,0,1,0,0,1,1,0,4,1,1,0,1,0,0000000,14,22,99,97,99,97,0,0,0,1,0
46,460048,1,1,0,0,0,1,1,101,0,15,7,2012,1,1,4,1,1,1,I-29 N,,1030,43.88134722,-96.75785556,0,11,0,0,1,1,0,1,2,1,0,1,0,0000000,1,5,1,25,88,88,0,0,0,1,0
46,460049,2,2,0,0,0,4,4,13,0,20,7,2012,6,21,56,0,3,3,SR-37,,2342,45.80285556,-98.14495278,0,12,6,0,1,1,0,1,2,1,0,1,0,0000000,21,56,22,7,22,30,0,0,0,1,1
46,460050,1,1,0,0,0,1,1,13,0,22,7,2012,1,17,0,0,6,4,CR-119TH ST,,0,45.66097222,-98.00473333,0,1,0,0,1,1,0,4,1,1,0,1,0,0000000,88,88,88,88,88,88,0,0,0,1,0
46,460051,1,1,0,0,0,7,7,113,0,4,5,2012,6,13,50,0,4,4,CR-BIA41,,0,43.34960556,-102.8063139,3,1,0,0,1,1,0,4,1,1,0,1,0,0000000,99,99,99,99,99,99,0,0,0,1,1
46,460052,2,2,0,0,0,4,4,103,0,24,7,2012,3,18,59,1,2,2,US-16 W,,550,43.96291667,-103.3537611,0,12,7,0,1,1,0,1,1,10,0,10,0,0000000,18,59,19,16,19,40,0,0,0,1,1
46,460053,5,5,0,0,0,5,5,99,2450,25,7,2012,4,17,51,0,13,6,MINNESOTA AVE,,0,43.52951111,-96.73129167,0,12,1,0,1,1,0,1,1,10,0,10,0,0000000,17,53,18,0,18,7,0,0,0,1,0
46,460054,2,2,0,0,0,3,3,99,2450,28,7,2012,7,0,7,0,14,6,26TH ST W,GRANGE AVE S,0,43.52946944,-96.74123333,0,12,1,0,3,2,0,1,3,10,0,10,0,0000000,99,99,99,99,99,99,0,0,0,1,1
46,460055,1,1,0,0,0,2,2,81,0,1,8,2012,4,17,10,0,4,4,CR-VANOCKER RD,,0,44.21684722,-103.5052306,0,1,0,0,1,1,0,1,1,1,0,1,0,0000000,17,10,17,35,18,26,0,0,0,1,0
46,460056,1,1,0,0,0,1,1,103,0,5,8,2012,1,15,7,0,3,3,SR-44,,272,44.09878056,-103.5108667,0,31,0,0,1,1,0,4,1,1,0,1,0,0000000,15,22,15,31,16,18,0,0,0,1,1
46,460057,1,1,0,0,0,1,1,81,0,5,8,2012,1,21,40,0,15,4,CR-OLD HWY 14,,0,44.51795278,-103.8938389,0,1,0,0,1,1,0,1,2,1,0,1,0,0000000,21,45,21,53,88,88,0,0,0,1,1
46,460058,2,2,0,0,0,2,2,103,0,6,8,2012,2,12,49,0,3,3,SR-244,,322,43.87483611,-103.4611389,0,1,0,0,1,1,0,1,1,1,0,1,0,0000000,12,49,12,52,88,88,14,0,0,1,0
46,460059,1,1,0,0,0,1,1,83,0,4,8,2012,7,23,41,0,4,4,CR-294TH ST,,0,43.12703333,-96.505825,0,35,0,0,1,1,0,10,2,1,0,1,0,0000000,23,58,0,29,0,40,0,0,0,1,1
46,460060,1,1,0,0,0,1,1,117,1030,5,8,2012,1,4,16,0,6,6,BUFFALO RD,,0,44.37007222,-100.3925361,0,38,0,0,1,1,0,4,2,1,0,1,0,0000000,88,88,88,88,88,88,0,0,0,1,1
46,460061,1,1,0,0,0,6,6,83,0,5,8,2012,1,17,20,1,1,1,I-29 S,,633,43.32388889,-96.79634167,0,1,0,0,1,1,0,4,1,1,0,1,0,0000000,17,25,17,43,18,17,0,0,0,1,0
46,460062,1,1,0,0,0,2,2,81,0,6,8,2012,2,12,58,0,2,2,US-14A,,314,44.29245278,-103.8304417,0,1,0,0,1,1,0,4,1,1,0,1,0,0000000,13,1,13,11,13,34,0,0,0,1,0
46,460063,2,2,0,0,0,4,4,19,0,7,8,2012,3,13,15,1,2,2,US-85 S,BUTTE RD,501,44.59706389,-103.8627389,0,12,6,0,2,4,0,1,1,1,0,1,0,0000000,13,19,13,27,13,54,0,0,0,1,0
46,460064,2,2,0,0,0,2,2,81,0,7,8,2012,3,15,9,1,2,2,US-85,,317,44.41592778,-103.7126889,0,12,8,0,1,1,0,1,1,1,0,1,0,0000000,15,9,15,10,16,5,0,0,0,1,1
46,460065,1,1,0,0,0,2,2,99,0,8,8,2012,4,11,47,1,1,1,I-90 E,,3894,43.60893611,-96.91043056,0,1,0,0,1,1,0,1,1,1,0,1,0,0000000,11,48,12,7,12,25,0,0,0,2,0
46,460066,2,2,0,0,0,4,4,19,0,8,8,2012,4,15,42,0,4,3,SR-34,,82,44.64746111,-103.8905194,0,12,2,0,1,1,0,1,1,1,0,1,0,0000000,15,42,15,46,16,13,0,0,0,2,1
46,460067,2,2,0,0,0,2,2,83,0,9,8,2012,5,8,50,0,3,2,US-18,466TH AVE,4307,43.25793056,-96.88585556,0,12,6,0,2,2,0,1,1,1,0,1,0,0000000,8,52,9,0,88,88,0,0,0,1,0
46,460068,2,2,0,0,0,3,3,33,0,10,8,2012,6,13,5,0,3,3,SR-87,,756,43.85235556,-103.5747361,0,1,0,0,1,1,0,1,1,1,0,1,0,0000000,13,10,13,24,13,40,0,0,0,1,0
46,460069,1,1,0,0,0,2,2,93,0,10,8,2012,6,16,54,0,6,4,CR-SERVICE RD,,0,44.29886944,-103.4351667,0,1,0,0,1,1,0,1,1,10,0,10,0,0000000,16,54,16,59,17,19,0,0,0,1,1
46,460070,2,2,0,0,0,3,3,65,0,11,8,2012,7,14,4,1,2,2,US-14,,2511,44.51455,-99.98118056,0,12,6,0,8,1,0,1,1,1,0,1,0,0000000,88,88,88,88,88,88,0,0,0,1,0
46,460071,1,1,0,0,0,3,3,17,1035,28,7,2012,7,19,20,0,3,3,SR-34,SEEKING LAND RD,2717,44.07746667,-99.387525,3,1,0,0,2,4,0,4,5,1,0,1,0,0000000,19,23,19,42,20,30,20,0,0,1,1
46,460072,1,1,0,0,0,2,2,67,0,4,8,2012,7,16,44,0,6,4,CR-411TH AVE,,0,43.45515278,-97.97761944,0,1,0,0,1,1,0,4,1,1,0,1,0,0000000,16,47,16,55,17,3,0,0,0,1,0
46,460073,1,1,0,0,0,4,4,7,0,20,8,2012,2,2,5,1,2,2,US-18,,1482,43.17214722,-101.7462556,3,1,0,0,1,1,0,4,2,1,0,1,0,0000000,2,11,2,20,2,40,0,0,0,2,1
46,460074,2,1,1,0,0,1,1,35,1850,9,8,2012,5,15,4,0,14,6,SPRUCE ST,,0,43.68759167,-98.01349167,0,31,0,0,1,1,0,4,1,1,0,1,0,0000000,88,88,88,88,88,88,0,0,0,1,0
46,460075,2,2,0,0,0,3,3,83,0,25,8,2012,7,5,58,1,1,1,I-29 S,,649,43.33855278,-96.79660556,0,12,2,0,1,1,0,1,4,10,0,10,0,0000000,6,2,6,17,99,99,0,0,0,1,1
46,460076,1,1,0,0,0,1,1,81,0,25,8,2012,7,19,4,0,6,4,CR-DEER MOUNTAIN RD,,0,44.31032778,-103.8037389,0,17,0,0,1,1,0,4,5,1,0,1,0,0000000,19,8,19,19,88,88,0,0,0,1,1
46,460077,1,1,0,0,0,4,4,127,0,25,8,2012,7,20,24,0,15,4,CR-SIOUX POINT RD,,0,42.50657222,-96.49804444,0,33,0,0,1,1,0,4,3,10,0,10,0,0000000,20,24,20,26,20,50,0,0,0,1,0
46,460078,1,1,0,0,0,4,4,71,0,29,8,2012,4,12,10,1,1,1,I-90 E,,1522,43.85069444,-101.4859778,0,1,0,0,1,1,0,3,1,1,0,1,0,0000000,12,13,12,21,13,0,0,0,0,1,0
46,460079,1,1,0,0,0,1,1,71,0,2,8,2012,5,19,35,0,3,3,SR-44,,1484,43.57740278,-101.6569389,0,38,0,0,1,1,0,4,1,1,0,1,0,0000000,19,28,19,30,99,99,0,0,0,1,1
46,460080,2,2,0,0,0,2,2,73,0,6,9,2012,5,9,43,0,3,3,SR-34,,3099,44.08102778,-98.62340556,0,12,6,0,8,1,0,1,1,1,0,1,0,0000000,99,99,99,97,99,97,0,0,0,1,0
46,460081,1,1,0,0,0,2,2,81,0,9,9,2012,1,21,37,1,1,1,I-90 W,,215,44.47821667,-103.6704778,0,24,0,0,1,1,0,4,2,1,0,1,0,0000000,21,39,21,53,22,30,0,0,0,1,0
46,460082,1,1,0,0,0,2,2,97,0,12,9,2012,4,20,41,0,4,4,CR-425TH AVE,,0,44.19379444,-97.70990278,0,1,0,0,1,1,0,4,2,10,0,10,0,0000000,20,46,99,99,88,88,0,0,0,1,0
46,460083,1,1,0,0,0,1,1,11,360,14,9,2012,6,12,35,0,16,6,10TH ST W,,0,44.3128,-96.826775,0,10,0,0,6,1,0,1,1,1,0,1,0,197483E,12,38,12,45,88,88,0,0,0,1,0
46,460084,1,1,0,0,0,1,1,21,0,22,9,2012,7,3,24,1,2,2,US-83,,2305,45.79431944,-100.0690667,0,35,0,0,1,1,0,4,2,1,0,1,0,0000000,3,25,3,36,88,88,0,0,0,1,1
46,460085,1,1,0,1,1,2,2,99,2450,22,9,2012,7,16,26,0,16,6,MINNESOTA AVE S,40TH ST W,0,43.51580278,-96.73123611,0,8,0,0,2,3,0,1,1,1,0,1,0,0000000,16,29,16,35,16,50,0,0,0,1,0
46,460086,1,1,0,0,0,1,1,93,0,23,9,2012,1,19,1,0,4,4,CR-ALKALI RD,,0,44.422825,-103.3874861,0,1,0,0,1,1,0,4,2,1,0,1,0,0000000,19,1,19,12,19,37,0,0,0,1,1
46,460087,2,2,0,0,0,3,3,99,0,19,8,2012,1,13,35,0,4,4,CR-258TH ST,CR-470TH AVE,0,43.64524444,-96.81128333,0,12,6,0,2,2,0,1,1,1,0,1,0,0000000,13,39,13,51,14,25,0,0,0,1,0
46,460088,1,1,0,0,0,1,1,103,0,29,9,2012,7,16,15,0,4,4,CR-DEERFIELD RD,,0,43.96648333,-103.6136528,0,42,0,0,1,1,0,4,1,1,0,1,0,0000000,16,15,16,21,17,20,0,0,0,1,0
46,460089,2,2,0,0,0,2,2,37,2880,29,9,2012,7,12,42,1,2,2,US-12,SD-25,3435,45.34098611,-97.51994722,0,12,6,0,2,2,0,1,1,1,0,1,0,0000000,12,42,12,45,12,55,0,0,0,1,0
46,460090,2,2,0,0,0,3,3,87,0,3,10,2012,4,13,53,0,4,3,SR-38,431ST AVE,3222,43.71622222,-97.58874722,0,12,6,0,2,2,0,1,1,1,0,1,0,0000000,13,54,14,7,14,51,0,0,0,1,0
46,460091,2,2,0,0,0,3,3,29,0,5,10,2012,6,11,15,1,2,2,US-212,,3641,44.87625,-97.36076389,0,12,8,0,1,1,0,1,1,1,0,1,0,0000000,11,18,11,35,12,1,0,0,0,1,0
46,460092,1,1,0,0,0,1,1,47,0,6,9,2012,5,9,28,0,6,4,CR-FIDDLE CREEK RD,,0,43.25340556,-103.9098056,0,11,0,0,1,1,0,1,1,1,0,1,0,0000000,9,28,9,44,99,99,0,0,0,1,0