STATE,ST_CASE,VE_TOTAL,VE_FORMS,PVH_INVL,PEDS,PERNOTMVIT,PERMVIT,PERSONS,COUNTY,CITY,DAY,MONTH,YEAR,DAY_WEEK,HOUR,MINUTE,NHS,ROAD_FNC,ROUTE,TWAY_ID,TWAY_ID2,MILEPT,LATITUDE,LONGITUD,SP_JUR,HARM_EV,MAN_COLL,RELJCT1,RELJCT2,TYP_INT,WRK_ZONE,REL_ROAD,LGT_COND,WEATHER1,WEATHER2,WEATHER,SCH_BUS,RAIL,NOT_HOUR,NOT_MIN,ARR_HOUR,ARR_MIN,HOSP_HR,HOSP_MN,CF1,CF2,CF3,FATALS,DRUNK_DR
46,460093,1,1,0,0,0,2,2,73,0,14,10,2012,1,15,55,0,4,4,CR-392ND AVE,,0,44.19534722,-98.37583333,0,1,0,0,1,1,0,4,1,1,0,1,0,0000000,16,0,16,21,16,42,0,0,0,2,0
46,460094,1,1,0,0,0,2,2,103,0,20,10,2012,7,17,4,0,3,3,SR-44,,331,44.06524722,-103.4263583,0,24,0,0,1,1,0,4,1,1,0,1,0,0000000,17,4,17,18,17,44,0,0,0,1,1
46,460095,2,2,0,0,0,6,6,99,2450,16,10,2012,3,18,23,0,13,6,10TH ST E,CHAPEL HILL RD,0,43.54674444,-96.69032222,0,12,6,0,2,3,0,1,1,1,0,1,0,0000000,18,26,18,35,18,55,0,0,0,1,0
46,460096,4,4,0,0,0,4,4,81,0,26,10,2012,6,16,37,0,3,3,SR-34,CENTER ST,203,44.54665833,-103.7227694,0,12,6,0,2,2,0,1,1,1,0,1,0,0000000,16,38,16,44,88,88,0,0,0,1,0
46,460097,1,1,0,0,0,5,5,31,0,12,6,2012,3,19,34,0,3,3,SR-63,,2436,45.70150278,-100.8132833,3,1,0,0,1,1,0,4,1,1,0,1,0,0000000,20,0,20,27,20,54,0,0,0,1,1
46,460098,1,1,0,0,0,2,2,31,0,29,6,2012,6,10,3,0,4,4,CR-BIA20,,0,45.76173056,-101.0550333,3,1,0,0,1,1,0,4,1,1,0,1,0,0000000,99,99,99,99,99,99,0,0,0,2,0
46,460099,2,2,0,0,0,6,6,115,0,7,11,2012,4,5,41,1,2,2,US-281,SD-20,1734,45.15828611,-98.51410278,0,12,6,0,2,2,0,1,2,1,0,1,0,0000000,5,41,6,5,6,30,0,0,0,4,0
46,460100,1,1,0,0,0,1,1,89,940,28,8,2012,3,20,15,0,6,6,6TH ST,B AVE,0,45.77454722,-99.61994444,0,1,0,0,2,3,0,1,5,1,0,1,0,0000000,20,9,20,14,20,30,0,0,0,1,1
46,460101,2,2,0,0,0,3,3,99,2450,2,11,2012,6,17,0,0,13,3,SR-11,,717,43.53641389,-96.65185278,0,12,2,0,1,1,0,1,1,10,0,10,0,0000000,17,5,17,10,17,45,0,0,0,1,0
46,460102,1,1,0,0,0,2,2,99,2450,15,11,2012,5,19,40,0,16,6,26TH ST W,SERTOMA AVE S,0,43.52931111,-96.81586111,0,33,0,0,1,1,4,4,3,1,0,1,0,0000000,19,42,19,47,20,17,0,0,0,1,0
46,460103,1,1,0,0,0,2,2,99,0,27,11,2012,3,9,58,1,1,1,I-90 W,,3796,43.64373611,-97.08901111,0,1,0,1,18,1,0,3,1,1,0,1,0,0000000,9,58,10,6,10,37,0,0,0,1,0
46,460104,2,2,0,0,0,2,2,97,0,29,11,2012,5,17,20,0,3,3,SR-34,,3606,44.00723611,-97.63758056,0,12,2,0,1,1,0,1,2,1,0,1,0,0000000,17,25,17,34,99,99,0,0,0,1,0
46,460105,1,1,0,0,0,1,1,37,0,2,12,2012,1,4,58,0,4,4,CR-144TH ST,,0,45.29751667,-97.28205833,0,1,0,0,1,1,0,4,2,1,0,1,0,0000000,5,1,5,26,88,88,0,0,0,1,1
46,460106,1,1,0,0,0,1,1,87,0,3,12,2012,2,0,45,0,4,3,SR-38,,3420,43.70157222,-97.19916944,0,35,0,0,1,1,0,4,2,1,0,1,0,0000000,88,88,88,88,88,88,0,0,0,1,1
46,460107,3,3,0,0,0,5,5,45,0,7,12,2012,6,10,34,1,2,2,US-12,,2707,45.4476,-98.87284167,0,12,2,0,1,1,0,1,1,4,0,4,0,0000000,10,35,10,45,11,14,0,0,0,2,0
46,460108,1,1,0,0,0,1,1,85,0,7,12,2012,6,0,55,0,6,4,CR-293RD AVE,CR-236TH ST,0,43.963075,-100.2863222,0,1,0,0,1,1,0,4,2,10,0,10,0,0000000,88,88,88,88,88,88,0,0,0,1,1
46,460109,2,2,0,0,0,4,4,129,0,9,12,2012,1,17,41,1,2,2,US-12,,1949,45.53715,-100.3248667,0,12,6,0,1,1,0,1,2,1,0,1,0,0000000,17,43,17,55,18,24,0,0,0,1,0
46,460110,1,1,0,0,0,2,2,7,0,3,12,2012,2,12,44,0,6,4,CR-BIA 22,,0,43.27579444,-101.8446639,3,1,0,0,1,1,0,4,1,1,0,1,0,0000000,88,88,88,88,88,88,0,0,0,1,1
46,460111,3,3,0,0,0,4,4,127,0,18,12,2012,3,7,0,1,1,1,I-29 S,,150,42.66396111,-96.65576667,0,12,6,0,1,1,0,1,2,10,0,10,0,0000000,7,3,7,14,7,35,14,0,0,1,0
46,460112,1,1,0,0,0,3,3,127,0,18,12,2012,3,7,5,1,1,1,I-29 N,,271,42.79228333,-96.79485556,0,1,0,0,1,1,0,3,4,3,0,3,0,0000000,7,5,7,34,8,1,0,0,0,1,0
46,460113,1,1,0,0,0,1,1,127,0,18,12,2012,3,7,38,1,1,1,I-29 S,,351,42.90813611,-96.79518333,0,1,0,0,1,1,0,3,4,3,10,3,0,0000000,7,43,8,0,8,22,0,0,0,1,0
46,460114,2,2,0,0,0,2,2,9,0,20,12,2012,5,12,35,0,3,3,SR-46,SR-37,3055,43.08240833,-97.96970556,0,12,6,0,2,2,0,1,1,1,0,1,0,0000000,12,37,12,59,88,88,0,0,0,1,0
46,460115,2,2,0,0,0,3,3,99,2450,6,12,2012,5,17,13,0,3,3,SR-115,254TH ST,964,43.70322778,-96.71130833,0,12,6,0,2,2,0,1,2,1,0,1,0,0000000,17,24,17,33,18,49,0,0,0,1,0
46,460116,1,1,0,0,0,1,1,9,0,22,12,2012,7,18,30,0,6,4,CR-310TH ST,,0,42.89386667,-97.82096667,0,35,0,0,1,1,0,4,2,1,0,1,0,0000000,18,27,18,39,19,29,0,0,0,1,1
46,460117,2,2,0,0,0,2,2,95,0,27,12,2012,5,8,29,1,2,2,US-83,,363,43.45473056,-100.7406056,0,12,2,0,1,1,0,1,1,4,0,4,0,0000000,8,29,8,45,10,30,0,0,0,1,0
46,460119,1,1,0,0,0,2,2,113,0,31,8,2012,6,22,37,0,4,4,CR-BIA27,,0,43.20331667,-102.3329333,3,1,0,0,1,1,0,4,2,1,0,1,0,0000000,99,99,99,99,99,99,0,0,0,1,1
47,470001,1,1,0,0,0,1,1,77,0,4,1,2012,4,99,99,0,5,4,CR-CORINTH RD,,64,35.72258333,-88.25554167,0,42,0,0,1,1,0,4,9,99,0,99,0,0000000,99,99,99,99,88,88,0,0,0,1,1
47,470002,1,1,0,0,0,2,2,147,2340,2,1,2012,2,20,43,0,3,3,SR-49,,137,36.527575,-86.84031111,0,35,0,0,1,1,0,4,2,1,0,1,0,0000000,99,99,99,99,99,99,0,0,0,1,1
47,470003,1,1,0,1,1,1,1,93,0,4,1,2012,4,17,7,0,6,4,CR-GOVERNORWOOD DR,,0,36.01101111,-84.07170556,0,8,0,0,1,1,0,1,1,1,0,1,0,0000000,99,99,99,99,88,88,0,0,0,1,0
47,470005,1,1,0,0,0,1,1,93,1300,2,1,2012,2,19,31,0,14,3,SR-169 MIDDLEBROOK PIKE,SUTHERLAND AVE,109,35.96221111,-83.94775,0,30,0,1,3,2,0,3,3,1,0,1,0,0000000,99,99,99,99,88,88,0,0,0,1,1
47,470006,1,1,0,0,0,2,2,29,0,6,1,2012,6,21,15,1,1,1,I-40,,32,35.96486944,-83.22024167,0,34,0,0,1,1,0,4,2,1,0,1,0,0000000,99,99,99,99,99,99,0,0,0,1,1
47,470007,1,1,0,0,0,1,1,181,0,10,1,2012,3,11,25,0,3,3,SR-13 COLLINWOOD HWY,,176,35.21550556,-87.71956111,0,35,0,0,1,1,0,4,1,1,0,1,0,0000000,99,99,99,99,99,99,0,0,0,1,0
47,470008,1,1,0,0,0,3,3,157,1620,1,1,2012,1,0,3,0,14,3,SR-23 WALNUT GROVE RD,,34,35.13549444,-89.96185556,0,33,0,0,1,1,0,4,3,8,0,8,0,0000000,99,99,99,99,99,99,0,0,0,1,1
47,470009,2,2,0,0,0,2,2,93,1300,4,1,2012,4,13,1,0,14,6,CENTRAL AVE PK,,51,36.01781111,-83.98261111,0,12,2,0,1,1,0,1,1,1,0,1,0,0000000,99,99,99,99,99,99,0,0,0,1,0
47,470010,4,4,0,0,0,6,6,57,173,6,1,2012,6,17,55,1,2,2,US-25E SR-32,LIVINGSTON RD,11,36.27861667,-83.28197222,0,12,6,0,2,3,0,1,1,1,0,1,0,0000000,99,99,99,99,99,99,0,0,0,1,1
47,470011,2,2,0,0,0,2,2,39,0,26,1,2012,5,22,10,1,2,3,SR-69,CR-BRODIES LANDING RD,353,35.74159167,-88.09588333,0,12,6,1,3,2,0,1,2,2,0,2,0,0000000,99,99,99,99,99,99,0,0,0,1,1
47,470012,2,2,0,0,0,2,2,163,1280,29,1,2012,1,2,40,1,11,1,I-81,,155,36.50862778,-82.42801667,0,12,1,0,1,1,0,1,2,1,0,1,0,0000000,88,88,88,88,88,88,0,0,0,1,1
47,470013,2,2,0,0,0,3,3,93,0,6,1,2012,6,23,42,0,14,4,CR- FOUNTAIN CITY ROAD,,22,36.04086667,-83.96021389,0,12,8,0,1,1,0,1,2,1,0,1,0,0000000,99,99,99,99,88,88,0,0,0,1,1
47,470014,2,2,0,0,0,4,4,157,1620,11,1,2012,4,14,49,1,13,3,SR-14 AUSTIN PEAY HWY,,219,35.21951944,-89.91080833,0,12,6,0,4,1,0,1,1,2,0,2,0,0000000,99,99,99,99,99,99,0,0,0,1,0
47,470015,2,2,0,0,0,2,2,49,0,12,1,2012,5,7,15,0,3,3,SR-52 LIVINGSTON HWY,,79,36.43749444,-84.98001667,0,12,2,0,1,1,0,1,1,10,0,10,0,0000000,99,99,99,99,99,99,0,0,0,1,0
47,470016,1,1,0,0,0,3,3,93,0,15,1,2012,1,17,18,0,14,4,CR-STRAWBERRY PLAINS PK,,55,35.98075556,-83.82085278,0,1,0,0,1,1,0,1,2,1,0,1,0,0000000,99,99,99,99,99,99,0,0,0,1,1
47,470017,1,1,0,0,0,1,1,115,0,18,1,2012,4,7,17,1,1,1,I-24,,21,35.22652778,-85.82287778,0,35,0,0,1,1,0,3,1,1,0,1,0,0000000,99,99,99,99,99,99,0,0,0,1,0
47,470018,2,2,0,0,0,3,3,157,1620,24,1,2012,3,13,25,0,14,2,US-51 SR-3 THOMAS ST,MARBLE AVE,142,35.17282778,-90.03599722,0,12,6,0,2,2,0,1,1,1,0,1,0,0000000,99,99,99,99,99,99,0,0,0,2,0
47,470019,2,2,0,0,0,3,3,157,1620,24,1,2012,3,20,34,0,13,3,SR-177 GERMANTOWN RD,,78,35.16028333,-89.79518889,0,12,2,0,1,1,0,1,3,1,0,1,0,0000000,99,99,99,99,99,99,0,0,0,1,0
47,470020,1,1,0,0,0,1,1,59,0,25,1,2012,4,16,40,0,6,4,CR-CARPENTERS CHAPEL RD,,0,36.23373333,-82.98026389,0,34,0,0,1,1,0,4,1,1,0,1,0,0000000,99,99,99,99,88,88,0,0,0,1,0
47,470021,1,1,0,0,0,1,1,57,0,14,1,2012,7,19,35,0,4,3,SR-131,,148,36.34524167,-83.46163611,0,34,0,0,1,1,0,4,2,10,0,10,0,0000000,99,99,99,99,88,88,0,0,0,1,0
47,470022,1,1,0,0,0,1,1,73,0,16,1,2012,2,99,99,0,6,4,CR-SPEEDWELL CHURCH RD,,0,36.279275,-83.01163889,0,35,0,0,1,1,0,4,1,10,0,10,0,0000000,99,99,99,99,88,88,0,0,0,1,0
47,470023,1,1,0,1,1,3,3,37,1760,13,1,2012,6,23,8,0,13,2,US-31A/41A SR-11 NOLENSVILLE P,,72,36.08238889,-86.72715278,0,8,0,0,1,1,0,1,3,1,0,1,0,0000000,99,99,99,99,23,27,0,0,0,1,0
47,470024,1,1,0,0,0,2,2,163,250,13,1,2012,6,99,99,0,16,6,BIG SPRINGS RD,,0,36.49256389,-82.15510278,0,42,0,0,1,1,0,4,9,4,0,4,0,0000000,99,99,99,99,99,99,0,0,0,1,0
47,470025,1,1,0,0,0,2,2,157,1620,15,1,2012,1,5,30,1,11,1,I-40,,171,35.17254444,-89.84224167,0,35,0,0,1,1,0,4,3,1,0,1,0,0000000,99,99,99,99,99,99,0,0,0,1,1
47,470026,1,1,0,1,1,1,1,33,20,20,1,2012,6,7,21,0,4,3,SR-88 S BELLS ST,VINE ST,109,35.780725,-89.11736944,0,8,0,0,2,2,0,1,1,1,0,1,0,0000000,99,99,99,99,88,88,0,0,0,1,0
47,470027,1,1,0,0,0,3,3,55,0,21,1,2012,7,14,32,0,3,2,US-31 SR-7 COLUMBIA HWY,,262,35.28043611,-87.03170556,0,21,0,0,1,1,0,4,1,1,0,1,0,0000000,99,99,99,99,99,99,0,0,0,1,0
47,470028,1,1,0,0,0,1,1,107,110,21,1,2012,7,0,45,0,5,6,CR-172,,28,35.48830556,-84.63594722,0,43,0,0,1,1,0,4,2,5,0,5,0,0000000,99,99,99,99,99,99,0,0,0,1,1
47,470029,1,1,0,0,0,2,2,93,1300,23,1,2012,2,0,17,0,16,6,ADAIR DR,NORVELL DR,0,36.02102222,-83.93515833,0,42,0,0,2,3,0,4,3,2,0,2,0,0000000,99,99,99,99,99,99,0,0,0,1,1
47,470030,1,1,0,0,0,1,1,161,0,11,1,2012,4,16,45,1,2,2,US-79 SR-76 DONELSON PKWY,,86,36.47906944,-87.92416111,0,34,0,0,1,1,0,4,5,2,0,2,0,0000000,99,99,99,99,88,88,0,0,0,1,0
47,470031,4,4,0,0,0,6,6,179,1260,23,1,2012,2,18,13,1,13,2,US-11E/321 SR-34 E JACKSON BLV,HEADTOWN RD,123,36.30586111,-82.44803611,0,12,1,0,3,2,0,1,3,1,0,1,0,0000000,99,99,99,99,99,99,14,0,0,1,0
47,470032,2,2,0,0,0,2,2,157,90,5,1,2012,5,99,99,0,14,2,US-70/79 SR-1,JETWAY AVE,277,35.29188056,-89.6794,0,12,1,0,3,3,0,1,1,1,0,1,0,0000000,99,99,99,99,99,99,0,0,0,1,0
47,470033,1,1,0,0,0,1,1,1,0,27,1,2012,6,15,25,0,4,3,SR-61 OLIVER SPRINGS HWY,CR-BILL KEY LN,38,36.02385556,-84.29135556,0,35,0,0,2,3,0,4,1,1,0,1,0,0000000,99,99,99,99,99,99,0,0,0,1,0
47,470034,3,3,0,0,0,7,7,131,0,7,1,2012,7,16,34,0,4,3,SR-21 W MAIN ST,,88,36.34017222,-89.27198889,0,12,6,0,1,1,0,1,1,1,0,1,0,0000000,99,99,99,99,99,99,0,0,0,3,0
47,470035,2,2,0,0,0,3,3,35,540,14,1,2012,7,13,31,0,4,2,US-70N SR-24,,123,35.99392778,-85.09151667,0,12,2,0,1,1,0,1,1,1,0,1,0,0000000,13,29,13,39,14,8,0,0,0,2,1
47,470036,1,1,0,0,0,1,1,131,0,22,1,2012,1,4,0,1,2,2,US-51 SR-3 JERE B FORD MEMORIA,,146,36.38578889,-89.10626389,0,59,0,0,1,1,0,3,2,5,0,5,0,0000000,99,99,99,99,88,88,0,0,0,1,1
47,470037,1,1,0,1,1,1,1,29,0,27,1,2012,6,18,31,1,11,1,I-40 US-321,,61,35.93323611,-83.193975,0,8,0,0,1,1,0,1,2,1,0,1,0,0000000,99,99,99,99,99,99,19,0,0,1,0
47,470038,2,2,0,0,0,3,3,157,1620,28,1,2012,7,17,59,0,13,6,WINCHESTER RD,OLD GETWELL RD,70,35.05188611,-89.93713333,0,12,6,1,2,2,0,1,3,1,0,1,0,0000000,99,99,99,99,99,99,0,0,0,1,0
47,470039,2,2,0,0,0,3,3,157,1620,15,1,2012,1,19,17,0,13,2,US-64/70 SR-1 E H CRUMP BLVD,,11,35.12440278,-90.04723889,0,12,6,0,8,1,0,1,3,1,0,1,0,0000000,99,99,99,99,99,99,0,0,0,1,0
47,470040,2,2,0,0,0,2,2,179,1250,3,2,2012,6,12,11,0,14,2,US-11E/19W SR-34 N ROAN ST,SWANEE DR,200,36.35606111,-82.38322222,0,12,6,1,3,3,0,1,1,1,0,1,0,0000000,99,99,99,99,99,99,0,0,0,1,0
47,470041,3,3,0,0,0,6,6,157,1620,1,2,2012,4,14,0,1,13,2,US-61 SR-14 S THIRD ST,,38,35.03071944,-90.077875,0,12,2,0,1,1,0,1,1,10,0,10,0,0000000,99,99,99,99,99,99,0,0,0,1,0
47,470043,2,2,0,0,0,4,4,125,410,3,2,2012,6,7,39,0,14,2,US-41A SR-112 MADISON ST,,121,36.51783333,-87.32604167,0,12,2,0,1,1,0,1,1,1,0,1,0,0000000,99,99,99,99,99,99,0,0,0,1,0
47,470044,1,1,0,0,0,1,1,43,0,30,1,2012,2,19,41,0,5,4,CR-JONES CREEK RD,,58,36.10654167,-87.32421389,0,42,0,0,1,1,0,4,2,1,0,1,0,0000000,99,99,99,99,99,99,0,0,0,1,0
47,470045,1,1,0,0,0,2,2,157,1620,31,1,2012,3,1,5,0,16,6,HAYNES ST,BARRON AVE,2,35.10064444,-89.9657,0,33,0,1,3,3,0,4,3,1,0,1,0,0000000,99,99,99,99,99,99,0,0,0,1,0
47,470046,1,1,0,0,0,1,1,131,0,28,1,2012,7,7,40,0,6,4,CR-BRUNDIGE RD,,0,36.46164444,-88.86801667,0,32,0,0,1,1,0,4,1,1,0,1,0,0000000,99,99,99,99,88,88,0,0,0,1,0
47,470047,1,1,0,1,1,3,3,147,2565,1,2,2012,4,21,0,1,11,1,I-65 RAMP,,40,36.46649444,-86.68335556,0,8,0,1,5,1,0,1,3,10,0,10,0,0000000,99,99,99,99,99,99,23,0,0,1,0
47,470048,3,3,0,0,0,5,5,149,0,30,1,2012,2,17,40,1,11,1,I-24,,175,35.82383056,-86.40943611,0,12,6,0,1,1,0,1,2,1,0,1,0,0000000,99,99,99,99,99,99,0,0,0,1,0
47,470049,3,3,0,0,0,4,4,59,1010,6,2,2012,2,11,57,1,13,2,US-11E/321 SR-34 W ANDREW JOHN,,189,36.17873056,-82.82136944,0,12,6,0,1,1,0,1,1,10,0,10,0,0000000,99,99,99,99,99,99,14,0,0,1,0
47,470050,1,1,0,0,0,1,1,163,290,22,1,2012,1,19,0,0,3,2,US-421 SR-34 CARL R MOORE PKWY,,288,36.55760833,-82.08901111,0,31,0,0,1,1,0,4,2,1,0,1,0,0000000,99,99,99,99,88,88,0,0,0,1,1
47,470051,1,1,0,0,0,1,1,43,0,28,1,2012,7,12,45,0,3,2,US-70 SR-1,,159,36.10505556,-87.27475,0,42,0,0,1,1,0,4,1,1,0,1,0,0000000,99,99,99,99,88,88,0,0,0,1,0
47,470052,2,2,0,0,0,4,4,87,0,25,1,2012,4,15,59,0,3,3,SR-290 OLD GAINESBORO HWY,CR-JIM ANDERSON RD,118,36.23504722,-85.59815278,0,12,2,0,2,3,0,1,1,10,0,10,0,0000000,99,99,99,99,99,99,0,0,0,1,0
47,470053,1,1,0,0,0,1,1,37,1760,1,1,2012,1,12,2,1,11,1,I-24 RAMP,,203,36.08725556,-86.70122222,0,7,0,1,5,1,0,4,1,1,0,1,0,0000000,99,99,99,99,99,99,0,0,0,1,0
47,470054,2,2,0,0,0,4,4,123,1540,14,1,2012,7,18,53,1,2,2,US-411 SR-33 WARREN ST,,83,35.53456667,-84.33660556,0,12,6,0,8,1,0,1,3,1,0,1,0,0000000,99,99,99,99,99,99,0,0,0,1,0
47,470055,1,1,0,0,0,1,1,187,0,19,1,2012,5,5,0,0,6,4,CR-BARKER ROAD,,0,35.79299444,-86.98123056,0,35,0,0,1,1,0,4,2,1,0,1,0,0000000,99,99,99,99,99,99,0,0,0,1,0
47,470056,1,1,0,0,0,1,1,53,0,5,2,2012,1,2,30,0,5,4,CR-WILBUR NELSON RD,,4,35.890625,-88.79865,0,32,0,0,1,1,0,4,2,10,0,10,0,0000000,99,99,99,99,99,99,0,0,0,1,1
47,470057,1,1,0,0,0,1,1,97,0,6,2,2012,2,99,99,0,5,4,CR-TWIN RIVERS RD,,16,35.88070833,-89.36576389,0,42,0,0,1,1,0,4,2,5,0,5,0,0000000,99,99,99,99,88,88,0,0,0,1,0
47,470058,1,1,0,0,0,1,1,75,0,5,2,2012,1,99,99,0,5,4,CR-DR HESS RD,,136,35.64251389,-89.12205278,0,42,0,0,1,1,0,4,9,99,0,99,0,0000000,99,99,99,99,88,88,0,0,0,1,1
47,470059,1,1,0,0,0,1,1,171,0,10,2,2012,6,23,42,0,15,4,CR-UNICOI DR,CR-MARBLETON RD,36,36.25131667,-82.32116389,0,30,0,1,2,3,0,4,2,2,0,2,0,0000000,99,99,99,99,99,99,0,0,0,1,1
47,470060,2,2,0,0,0,2,2,37,1760,14,1,2012,7,3,42,1,11,1,I-40,,100,36.13265,-86.89670278,0,12,98,0,1,1,0,1,2,1,0,1,0,0000000,99,99,99,99,88,88,19,0,0,1,0
47,470061,1,1,0,0,0,1,1,5,330,9,2,2012,5,10,16,0,16,6,CHALK HILL CHURCH RD,,5,36.06290278,-88.04791667,0,42,0,0,1,1,0,4,1,1,0,1,0,0000000,99,99,99,99,99,99,0,0,0,1,1
47,470062,1,1,0,1,1,1,1,163,0,9,2,2012,5,15,10,0,14,3,SR-75 MCKELLAR DR,,12,36.45939167,-82.43399167,0,8,0,0,1,1,1,1,1,1,0,1,0,0000000,99,99,99,99,99,99,0,0,0,1,0
47,470063,2,2,0,3,3,3,3,47,0,30,1,2012,2,17,9,1,1,1,I-40,,134,35.38047222,-89.44109722,0,12,1,0,1,1,0,2,1,1,0,1,0,0000000,99,99,99,99,99,99,14,0,0,1,0
47,470064,2,2,0,0,0,2,2,65,400,11,2,2012,7,16,51,1,13,3,SR-319 AMNICOLA HWY RAMP,,42,35.13014444,-85.24565,0,12,6,1,5,1,0,1,1,10,0,10,0,0000000,99,99,99,99,99,99,0,0,0,1,0
47,470065,1,1,0,0,0,1,1,131,0,4,2,2012,7,99,99,0,5,4,CR-S BLUFF RD,,21,36.21474722,-89.41387222,0,38,0,0,1,1,0,4,2,10,0,10,0,0000000,99,99,99,99,88,88,0,0,0,1,1
47,470066,1,1,0,0,0,1,1,51,0,6,2,2012,2,23,54,0,5,4,CR-LIBERTY RD,,1,35.16108333,-86.10646944,0,53,0,0,1,1,0,4,2,1,0,1,0,0000000,99,99,99,99,99,99,0,0,0,1,1
47,470067,2,2,0,0,0,4,4,177,0,10,2,2012,6,19,30,0,5,4,CR-SHORT MOUNTAIN RD,CR-MERRY OAKS RD,72,35.76903889,-85.86967778,0,12,8,0,2,3,0,1,2,2,0,2,0,0000000,99,99,99,99,99,99,0,0,0,4,2
47,470068,1,1,0,0,0,1,1,49,0,8,2,2012,4,13,35,0,4,3,SR-154 N YORK HWY,,45,36.46100833,-84.93905,0,34,0,0,1,1,0,4,1,10,0,10,0,0000000,99,99,99,99,99,99,0,0,0,1,1
47,470069,1,1,0,0,0,2,2,63,1700,11,2,2012,7,3,21,0,13,2,US-11E SR-34 W MORRIS BLVD,,76,36.20216389,-83.31542778,0,33,0,0,1,1,0,4,3,2,0,2,0,0000000,99,99,99,99,99,99,0,0,0,1,1
47,470070,1,1,0,0,0,2,2,113,0,11,2,2012,7,99,99,0,5,4,CR-COTTON GROVE RD,,27,35.64060278,-88.73800278,0,34,0,0,1,1,0,4,2,1,0,1,0,0000000,99,99,99,99,99,99,0,0,0,1,1
47,470071,2,2,0,0,0,2,2,157,1620,13,2,2012,2,2,0,1,11,1,I-55,,113,35.119875,-90.06958056,0,12,2,0,1,1,0,1,2,1,0,1,0,0000000,99,99,99,99,88,88,0,0,0,1,0
47,470072,4,4,0,0,0,4,4,187,272,30,1,2012,2,17,50,1,11,1,I-65,,194,36.01815833,-86.786425,0,12,1,0,1,1,0,1,3,1,0,1,0,0000000,99,99,99,99,99,99,14,19,0,1,0
47,470073,2,2,0,0,0,2,2,19,760,12,2,2012,1,14,3,1,13,2,US-321 SR-67 BROAD ST,ACADEMY ST,72,36.35191111,-82.21265833,0,12,6,1,2,2,0,1,1,1,0,1,0,0000000,99,99,99,99,99,99,0,0,0,1,0
47,470074,2,2,0,0,0,2,2,33,0,12,1,2012,5,6,28,1,2,2,US-412 SR-20,,180,35.72073333,-89.05944444,0,12,1,0,7,1,0,1,4,4,0,4,0,0000000,99,99,99,99,99,99,0,0,0,1,0
47,470075,1,1,0,0,0,1,1,153,0,28,1,2012,7,16,10,0,6,4,CR-HERITAGE RD,CR-SILVEY RD,0,35.20625556,-85.37755833,0,1,0,0,3,1,0,4,1,1,0,1,0,0000000,99,99,99,99,88,88,0,0,0,1,1
47,470076,1,1,0,0,0,1,1,11,420,7,2,2012,3,17,0,1,11,1,I-75,,101,35.198225,-84.87823056,0,24,0,0,1,1,0,4,1,1,0,1,0,0000000,99,99,99,99,88,88,0,0,0,1,1
47,470077,1,1,0,0,0,2,2,73,405,12,2,2012,1,22,1,0,14,3,SR-346 W MAIN ST,,82,36.52173611,-82.71261111,0,42,0,0,1,1,0,4,2,1,0,1,0,0000000,99,99,99,99,99,99,0,0,0,1,0
47,470078,1,1,0,0,0,1,1,111,0,12,2,2012,1,16,54,0,5,4,CR-AKERSVILLE RD,,20,36.55505,-86.01742778,0,31,0,0,1,1,0,4,1,1,0,1,0,0000000,99,99,99,99,99,99,0,0,0,1,0
47,470079,2,2,0,0,0,2,2,157,1620,18,2,2012,7,4,7,1,11,1,I-55,,103,35.10774167,-90.07552778,0,12,6,0,1,1,0,1,3,1,0,1,0,0000000,99,99,99,99,88,88,0,0,0,1,0
47,470080,1,1,0,0,0,1,1,7,0,13,2,2012,2,22,35,0,4,3,SR-101 BELLVIEW RD,,83,35.74890833,-85.17635556,0,31,0,0,1,1,0,4,2,2,0,2,0,0000000,99,99,99,99,88,88,0,0,0,1,1
47,470081,2,2,0,0,0,2,2,127,0,15,2,2012,4,7,46,0,5,4,CR-LEDFORD MILL RD,,27,35.38566111,-86.29596389,0,12,2,0,1,1,0,1,1,1,0,1,0,0000000,99,99,99,99,99,99,0,0,0,1,0
47,470082,1,1,0,0,0,1,1,159,0,16,2,2012,5,20,10,0,4,3,SR-53 NEW MIDDLETON HWY,,184,36.23851111,-85.81585,0,53,0,0,1,1,0,4,2,1,0,1,0,0000000,99,99,99,99,88,88,0,0,0,1,0
47,470083,2,2,0,0,0,5,5,61,0,18,2,2012,7,12,50,0,5,4,CR-NORTHCUTTS COVE RD,,28,35.46879167,-85.73990278,0,12,6,0,1,1,0,1,1,1,0,1,0,0000000,99,99,99,99,99,99,0,0,0,2,0
47,470084,3,3,0,0,0,9,9,17,0,31,1,2012,3,19,0,0,5,4,CR-ROWLAND MILL RD,,34,36.00220556,-88.24968889,0,12,8,0,1,1,0,1,2,10,0,10,0,0000000,99,99,99,99,99,99,14,0,0,1,0
47,470085,1,1,0,0,0,1,1,173,1595,3,2,2012,6,99,99,0,16,6,MONROE RD,,0,36.24459722,-83.78859167,0,35,0,0,1,1,0,4,1,1,0,1,0,0000000,99,99,99,99,99,99,4,0,0,1,1
47,470086,1,1,0,1,1,3,3,125,410,14,2,2012,3,17,57,0,13,2,US-41BP SR-12 RIVERSIDE DR,,148,36.53373889,-87.36620833,0,8,0,0,1,1,0,1,3,1,0,1,0,0000000,99,99,99,99,99,99,0,0,0,1,0