STATE,ST_CASE,VE_TOTAL,VE_FORMS,PVH_INVL,PEDS,PERNOTMVIT,PERMVIT,PERSONS,COUNTY,CITY,DAY,MONTH,YEAR,DAY_WEEK,HOUR,MINUTE,NHS,ROAD_FNC,ROUTE,TWAY_ID,TWAY_ID2,MILEPT,LATITUDE,LONGITUD,SP_JUR,HARM_EV,MAN_COLL,RELJCT1,RELJCT2,TYP_INT,WRK_ZONE,REL_ROAD,LGT_COND,WEATHER1,WEATHER2,WEATHER,SCH_BUS,RAIL,NOT_HOUR,NOT_MIN,ARR_HOUR,ARR_MIN,HOSP_HR,HOSP_MN,CF1,CF2,CF3,FATALS,DRUNK_DR
47,470087,2,2,0,0,0,9,9,9,0,18,2,2012,7,12,15,0,3,2,US-411 SR-35 SEVIERVILLE RD,,125,35.82104444,-83.82026111,0,35,0,0,1,1,0,4,1,1,0,1,0,0000000,99,99,99,99,99,99,0,0,0,1,0
47,470088,2,2,0,0,0,2,2,93,1300,23,2,2012,5,9,12,1,13,3,SR-162 PELLISSIPPI PKWY,SCHAEFFER RD,26,35.94849167,-84.15576667,0,12,6,0,2,3,0,1,1,10,0,10,0,0000000,99,99,99,99,88,88,0,0,0,1,0
47,470089,1,1,0,0,0,2,2,165,890,24,2,2012,6,22,57,0,14,3,SR-174 LONG HOLLOW PK,BARRY AVE,151,36.38817222,-86.46581944,0,34,0,0,2,3,0,4,3,1,0,1,0,0000000,99,99,99,99,88,88,0,0,0,2,1
47,470090,2,2,0,0,0,3,3,13,1240,13,2,2012,2,19,0,1,1,1,I-75,,301,36.57216389,-84.11857222,0,12,1,0,1,1,0,1,2,1,0,1,0,0000000,99,99,99,99,99,99,0,0,0,1,0
47,470091,2,2,0,0,0,4,4,11,0,15,2,2012,4,15,7,0,4,3,SR-74 SPRING PLACE RD,,65,35.07271111,-84.81400278,0,12,6,0,8,1,0,1,1,1,0,1,0,0000000,99,99,99,99,99,99,0,0,0,1,0
47,470092,1,1,0,0,0,2,2,179,1250,14,2,2012,3,21,46,0,14,6,KNOB CREEK RD,,8,36.32355278,-82.38196667,0,33,0,0,1,1,0,4,3,10,0,10,0,0000000,99,99,99,99,99,99,20,0,0,1,1
47,470093,2,2,0,0,0,2,2,163,1953,23,2,2012,5,16,8,0,15,6,MOUNTAIN VIEW DR,ROCK LN,1,36.43483611,-82.27991667,0,12,1,0,3,2,0,1,1,1,0,1,0,0000000,99,99,99,99,99,99,0,0,0,1,0
47,470094,1,1,0,0,0,1,1,7,0,18,2,2012,7,22,30,0,5,4,CR-SUMMER CITY RD,,43,35.61017222,-85.06786389,0,35,0,0,1,1,0,4,3,2,0,2,0,0000000,99,99,99,99,99,99,0,0,0,1,1
47,470095,1,1,0,0,0,1,1,183,0,22,2,2012,4,11,40,0,4,3,SR-89 PALMERSVILLE RD,,3,36.36269444,-88.61703611,0,30,0,0,1,1,0,4,1,1,0,1,0,0000000,99,99,99,99,99,99,0,0,0,1,0
47,470096,1,1,0,0,0,1,1,1,1820,21,2,2012,3,21,47,0,5,6,PARK LN,,49,36.2613,-84.03928889,0,17,0,0,1,1,0,4,2,1,0,1,0,0000000,99,99,99,99,88,88,0,0,0,1,1
47,470097,1,1,0,0,0,1,1,71,0,25,2,2012,7,0,35,0,6,4,CR-LEATH RD,CR-NARROWS LN,0,35.074675,-88.29855278,0,1,0,0,2,4,0,1,2,1,0,1,0,0000000,99,99,99,99,99,99,6,0,0,1,1
47,470098,1,1,0,1,1,1,1,157,1620,26,2,2012,1,15,30,0,14,6,OVERTON CROSSING RD,BEECHMONT ST,8,35.19853611,-90.00326944,0,9,0,1,2,3,0,1,1,1,0,1,0,0000000,99,99,99,99,99,99,16,0,0,1,0
47,470099,1,1,0,0,0,1,1,141,0,27,2,2012,2,14,18,0,6,4,CR-AUSTIN BOTTOM RD,,0,36.05634167,-85.65912222,0,42,0,0,1,1,0,4,1,1,0,1,0,0000000,99,99,99,99,99,99,0,0,0,1,1
47,470100,1,1,0,0,0,1,1,59,0,18,2,2012,7,19,18,1,1,1,I-81,,290,36.38025833,-82.66688889,0,1,0,0,1,1,0,3,1,1,0,1,0,0000000,99,99,99,99,88,88,0,0,0,1,0
47,470101,1,1,0,0,0,1,1,55,1980,28,2,2012,3,15,13,0,14,3,SR-11 MILL ST,VALES MILL RD,174,35.18984722,-87.04720833,0,30,0,0,3,3,0,4,1,1,0,1,0,0000000,99,99,99,99,88,88,0,0,0,1,0
47,470102,1,1,0,0,0,1,1,131,2480,29,2,2012,4,13,7,1,13,2,US-51 SR-3 N EVERETT BLVD,,192,36.43773889,-89.06690556,0,42,0,0,1,1,0,4,1,10,0,10,0,0000000,99,99,99,99,99,99,0,0,0,1,0
47,470103,1,1,0,0,0,2,2,83,0,16,1,2012,2,99,99,0,3,3,SR-49,,78,36.30269444,-87.63505833,0,32,0,0,8,1,0,4,2,10,0,10,0,0000000,99,99,99,99,99,99,0,0,0,1,1
47,470104,4,4,0,0,0,5,5,77,1911,29,2,2012,4,5,35,1,1,1,I-40,,132,35.78906111,-88.39207222,0,12,2,0,1,1,0,1,3,2,0,2,0,0000000,99,99,99,99,99,99,0,0,0,2,0
47,470105,2,2,0,0,0,3,3,163,1280,1,3,2012,5,23,11,1,11,1,I-81,,84,36.50110278,-82.45066944,0,12,1,0,1,1,0,1,2,1,0,1,0,0000000,99,99,99,99,99,99,0,0,0,1,1
47,470107,2,2,0,0,0,5,5,59,0,2,3,2012,6,21,0,1,2,2,US-11E/321 SR-34 E ANDREW JOHN,CR-N HERITAGE RD,274,36.23141111,-82.65301389,0,12,6,0,2,3,0,1,2,10,0,10,0,0000000,99,99,99,99,99,99,0,0,0,2,1
47,470108,1,1,0,0,0,2,2,63,1700,19,1,2012,5,20,35,0,4,6,CARROLL RD,DOVER RD,5,36.209425,-83.21683889,0,42,0,0,3,3,0,4,2,1,0,1,0,0000000,99,99,99,99,99,99,0,0,0,1,0
47,470109,1,1,0,0,0,2,2,187,0,11,2,2012,7,99,99,0,6,4,CR-HALEY LN,,0,35.83799722,-86.63001944,0,42,0,0,1,1,0,4,1,1,0,1,0,0000000,99,99,99,99,99,99,0,0,0,1,0
47,470110,1,1,0,0,0,1,1,189,0,12,2,2012,1,2,14,0,5,4,CR-BECKWITH RD,,16,36.16693333,-86.45838889,0,42,0,0,1,1,0,4,2,1,0,1,0,0000000,99,99,99,99,88,88,0,0,0,1,1
47,470111,1,1,0,0,0,2,2,153,690,19,2,2012,1,2,17,0,4,2,US-127 SR-8 TAFT HWY,,135,35.34083611,-85.39690556,0,35,0,0,1,1,0,4,2,2,0,2,0,0000000,99,99,99,99,99,99,0,0,0,1,1
47,470112,1,1,0,0,0,4,4,87,0,25,2,2012,7,5,0,0,4,3,SR-135 DODSON BRANCH HWY,,82,36.34629722,-85.54910556,0,42,0,0,1,1,0,4,2,1,0,1,0,0000000,99,99,99,99,99,99,0,0,0,2,1
47,470113,3,1,2,0,0,3,3,149,0,26,2,2012,1,0,35,0,5,4,CR-RICHLAND RD,,0,35.84050556,-86.29706111,0,32,0,0,1,1,0,4,2,1,0,1,0,0000000,99,99,99,99,99,99,0,0,0,2,1
47,470114,1,1,0,0,0,1,1,147,0,1,3,2012,5,8,30,0,4,3,SR-256 CHARLIE MAXEY RD,,22,36.46921111,-87.08106667,0,35,0,0,1,1,0,4,1,1,0,1,0,0000000,99,99,99,99,99,99,0,0,0,1,0
47,470115,1,1,0,0,0,2,2,75,300,10,2,2012,6,16,10,0,16,6,COLLEGE ST,,0,35.59834167,-89.24742778,0,10,0,0,6,1,0,1,1,10,0,10,0,348447D,99,99,99,99,88,88,0,0,0,2,1
47,470116,2,2,0,0,0,3,3,19,760,2,3,2012,6,19,43,1,13,2,US-19E/321 SR-37,,202,36.32712222,-82.20129167,0,12,6,0,8,1,0,1,3,1,0,1,0,0000000,99,99,99,99,99,99,0,0,0,1,0
47,470117,1,1,0,0,0,1,1,55,0,2,3,2012,6,10,45,0,6,4,CR-HAGAN RD,,0,35.00050278,-87.09618611,0,35,0,0,1,1,0,4,1,10,0,10,0,0000000,99,99,99,99,88,88,0,0,0,1,0
47,470118,2,2,0,0,0,3,3,5,0,8,3,2012,5,14,10,1,1,1,I-40,,74,35.86858889,-87.96493333,0,25,0,0,1,1,0,3,1,2,0,2,0,0000000,99,99,99,99,99,99,0,0,0,1,0
47,470119,2,2,0,0,0,4,4,163,0,16,2,2012,5,15,40,1,2,2,US-11W SR-1,CR-DECK VALLEY RD,183,36.5876,-82.28742222,0,12,6,0,2,2,0,1,1,10,0,10,0,0000000,99,99,99,99,99,99,0,0,0,1,1
47,470120,1,1,0,0,0,1,1,125,410,3,3,2012,7,23,1,0,13,2,US-79 SR-13 WILMA RUDOLPH BLVD,,219,36.56073056,-87.315325,0,33,0,0,1,1,0,4,3,1,0,1,0,0000000,99,99,99,99,99,99,0,0,0,1,1
47,470121,2,2,0,0,0,2,2,11,420,7,3,2012,4,15,39,0,14,6,MICHIGAN AVE RD NE,,1,35.16369444,-84.82621389,0,12,8,0,1,1,0,1,1,1,0,1,0,0000000,99,99,99,99,99,99,2,0,0,1,0
47,470122,1,1,0,0,0,1,1,109,2160,7,3,2012,4,9,40,1,2,2,US-45 SR-5 GENERAL MARCUS J WR,,165,35.1953,-88.61546667,0,1,0,0,1,1,0,3,1,1,0,1,0,0000000,99,99,99,99,99,99,0,0,0,1,0
47,470123,2,2,0,0,0,6,6,133,0,29,2,2012,4,15,25,1,2,3,SR-111 COOKEVILLE HWY,,0,36.26568333,-85.39121944,0,12,2,0,1,1,0,1,1,2,0,2,0,0000000,99,99,99,99,99,99,0,0,0,1,0
47,470124,1,1,0,0,0,2,2,149,0,4,3,2012,1,4,27,1,11,1,I-24,,164,35.82484722,-86.41025,0,35,0,1,5,1,0,4,2,1,0,1,0,0000000,99,99,99,99,99,99,0,0,0,1,1
47,470125,1,1,0,0,0,3,3,21,0,27,2,2012,2,17,33,0,6,4,CR-RIDGE CIR,,7,36.36704722,-86.96417778,0,42,0,0,1,1,0,4,1,1,0,1,0,0000000,99,99,99,99,99,99,4,0,0,1,0
47,470126,1,1,0,0,0,1,1,145,0,2,3,2012,6,18,53,1,2,3,SR-61 HANNAH HWY,,2,35.99819167,-84.40876111,0,1,0,0,1,1,0,4,5,10,0,10,0,0000000,99,99,99,99,99,99,0,0,0,1,0
47,470127,1,1,0,0,0,1,1,97,0,4,3,2012,1,99,99,0,5,4,CR-ARP-CENTRAL RD,,100,35.80236944,-89.55480833,0,1,0,0,1,1,0,4,2,1,0,1,0,0000000,99,99,99,99,99,99,0,0,0,1,1
47,470128,2,2,0,0,0,3,3,163,0,4,3,2012,1,18,0,0,14,3,SR-126 MEMORIAL BLVD,,79,36.54901389,-82.45001667,0,12,2,0,1,1,0,1,5,10,0,10,0,0000000,99,99,99,99,99,99,0,0,0,1,0
47,470129,1,1,0,0,0,4,4,71,0,2,3,2012,6,13,56,0,6,4,CR-GLADDEN RD,,0,35.08553611,-88.33911111,0,23,0,0,1,1,0,4,1,1,0,1,0,0000000,99,99,99,99,99,99,0,0,0,1,0
47,470130,1,1,0,0,0,1,1,109,1994,3,3,2012,7,22,55,0,3,3,SR-57,,100,35.06874167,-88.62486944,0,59,0,0,1,1,0,4,2,1,0,1,0,0000000,99,99,99,99,99,99,0,0,0,1,1
47,470131,3,3,0,0,0,4,4,99,1350,3,3,2012,7,18,26,0,14,6,WEAKLEY CREEK RD,SPRINGER RD,15,35.25578889,-87.31638611,0,12,1,0,2,4,0,1,3,1,0,1,0,0000000,99,99,99,99,99,99,14,0,0,1,0
47,470132,1,1,0,0,0,2,2,167,0,4,3,2012,1,6,38,0,3,3,SR-14,,111,35.50602778,-89.56347778,0,43,0,0,1,1,0,4,1,1,0,1,0,0000000,99,99,99,99,99,99,0,0,0,1,1
47,470134,1,1,0,0,0,1,1,185,0,5,3,2012,2,6,20,0,5,4,CR-FRANKS FERRY RD,,45,35.88317222,-85.522725,0,32,0,0,1,1,0,4,4,1,0,1,0,0000000,6,29,6,37,7,2,0,0,0,1,1
47,470135,2,2,0,0,0,2,2,157,0,5,3,2012,2,17,15,0,6,4,CR-TRACY RD,,0,35.40370556,-89.76228333,0,12,2,0,1,1,0,1,1,1,0,1,0,0000000,99,99,99,99,88,88,0,0,0,1,0
47,470136,1,1,0,0,0,1,1,151,2603,7,3,2012,4,21,20,0,5,6,PLEASANT GROVE RD,,5,36.56138611,-84.44056111,0,42,0,0,1,1,0,4,2,1,0,1,0,0000000,99,99,99,99,88,88,0,0,0,1,1
47,470137,2,2,0,0,0,4,4,157,1620,5,3,2012,2,22,40,0,15,6,LABELLE ST,DWIGHT AVE,2,35.08456667,-89.97448889,0,12,6,1,2,2,0,1,3,1,0,1,0,0000000,99,99,99,99,99,99,0,0,0,1,0
47,470138,1,1,0,0,0,1,1,149,0,7,3,2012,4,12,41,0,5,4,CR-ARMSTRONG VALLEY,,5,35.74727778,-86.45814444,0,1,0,0,1,1,0,4,1,1,0,1,0,0000000,99,99,99,99,99,99,0,0,0,1,1
47,470139,2,2,0,0,0,4,4,157,1620,5,3,2012,2,19,32,1,13,2,US-61 SR-14 S THIRD ST,,43,35.03621111,-90.07239444,0,5,0,0,8,1,0,1,3,1,0,1,0,0000000,99,99,99,99,99,99,14,0,0,1,0
47,470140,1,1,0,1,1,1,1,157,1620,14,3,2012,4,22,11,0,13,2,US-64/70 SR-57 E PKWY N,VANHORN AVE,8,35.14612778,-89.98194444,0,8,0,0,3,3,0,1,3,1,0,1,0,0000000,99,99,99,99,99,99,0,0,0,1,0
47,470141,3,3,0,0,0,3,3,13,350,13,3,2012,3,15,50,1,1,1,I-75,,78,36.33588333,-84.22824167,0,12,1,0,1,1,1,1,1,1,0,1,0,0000000,99,99,99,99,99,99,3,0,0,1,0
47,470142,2,2,0,0,0,4,4,27,0,2,3,2012,6,13,10,0,6,4,CR-LEONARD RD,,0,36.54025,-85.79633056,0,12,2,0,1,1,0,1,1,1,0,1,0,0000000,99,99,99,99,99,99,0,0,0,1,1
47,470143,2,2,0,0,0,3,3,1,0,3,3,2012,7,9,50,0,4,2,US-25W SR-9 LAKE CITY HWY,,21,36.12373889,-84.13601389,0,12,2,0,1,1,0,1,1,1,0,1,0,0000000,99,99,99,99,99,99,0,0,0,1,1
47,470144,1,1,0,0,0,1,1,149,1750,12,3,2012,2,18,4,0,15,3,SR-268 COMPTON RD,DUTTON CT,68,35.90553889,-86.3406,0,32,0,0,2,3,0,4,1,1,0,1,0,0000000,99,99,99,99,88,88,0,0,0,1,0
47,470145,1,1,0,0,0,3,3,121,0,11,3,2012,1,7,25,0,3,3,SR-58,,1,35.65335,-84.68432222,0,23,0,0,1,1,0,4,4,1,0,1,0,0000000,99,99,99,99,99,99,0,0,0,1,1
47,470146,1,1,0,0,0,1,1,107,110,15,3,2012,5,9,12,0,16,6,DENSO DR,,0,35.469675,-84.65063889,0,24,0,0,1,1,0,4,1,1,0,1,0,0000000,99,99,99,99,88,88,0,0,0,1,0
47,470147,1,1,0,0,0,1,1,37,1760,11,1,2012,4,14,42,0,15,6,PETTUS RD,,14,36.02790556,-86.67425278,0,7,0,0,1,1,0,4,1,10,0,10,0,0000000,99,99,99,99,88,88,0,0,0,1,1
47,470148,1,1,0,0,0,1,1,1,0,16,3,2012,6,21,45,0,6,4,CR-OFFUTT RD,,26,36.15219722,-84.13383056,0,42,0,0,1,1,0,4,2,2,0,2,0,0000000,99,99,99,99,99,99,0,0,0,1,1
47,470149,3,3,0,0,0,4,4,31,0,14,3,2012,4,7,30,0,4,3,SR-127 HILLSBORO-VIOLA RD,,69,35.42481389,-85.96291944,0,12,8,0,1,1,0,1,1,1,0,1,0,0000000,99,99,99,99,99,99,0,0,0,1,0
47,470150,1,1,0,0,0,1,1,121,600,14,3,2012,4,21,5,0,3,3,SR-30,,54,35.51266111,-84.79771667,0,32,0,0,1,1,0,4,2,1,0,1,0,0000000,99,99,99,99,99,99,0,0,0,1,1
47,470151,2,2,0,0,0,2,2,157,1620,14,3,2012,4,7,20,0,13,6,WINCHESTER RD,GRAVES ST,11,35.05473056,-90.04086111,0,12,6,0,2,2,0,1,1,1,0,1,0,0000000,99,99,99,99,88,88,0,0,0,1,0
47,470152,2,2,0,0,0,2,2,37,1760,22,1,2012,1,4,38,0,13,2,US-41/70S SR-1 MURFREESBORO RD,,253,36.10273611,-86.66555,0,12,1,0,1,1,0,1,3,1,0,1,0,0000000,99,99,99,99,88,88,0,0,0,1,1
47,470153,2,2,0,0,0,3,3,189,0,18,3,2012,1,17,48,0,5,4,CR-STEWARTS FERRY PIKE,,83,36.11798333,-86.49240833,0,12,6,0,1,1,0,1,1,1,0,1,0,0000000,99,99,99,99,99,99,0,0,0,2,0
47,470154,3,3,0,0,0,9,9,37,1760,8,2,2012,4,11,5,1,13,3,SR-45 OLD HICKORY BLVD,FRIST BLVD,170,36.18209444,-86.60811944,0,12,6,0,2,3,0,1,1,10,0,10,0,0000000,99,99,99,99,99,99,0,0,0,1,0
47,470155,2,2,0,0,0,3,3,133,0,22,3,2012,5,15,20,0,4,3,SR-164 HANGING LIMB HWY,,68,36.20945833,-85.17911111,0,12,2,0,1,1,0,1,1,1,0,1,1,0000000,99,99,99,99,99,99,0,0,0,1,0
47,470156,1,1,0,0,0,1,1,37,1760,27,2,2012,2,8,7,0,14,6,S GRAYCROFT AVE,,9,36.25305833,-86.73385833,0,33,0,0,1,1,0,4,1,1,0,1,0,0000000,99,99,99,99,99,99,0,0,0,1,0
47,470157,2,2,0,0,0,2,2,55,770,10,3,2012,7,11,20,0,4,3,SR-273 PROSPECT ELKTON RD,,95,35.05036111,-86.90037222,0,12,2,0,1,1,0,1,1,1,0,1,0,0000000,99,99,99,99,99,99,0,0,0,1,0
47,470158,1,1,0,0,0,4,4,143,590,11,3,2012,1,13,15,0,16,6,BACK VALLEY RD,,0,35.52904444,-85.00394722,0,53,0,0,1,1,0,4,1,1,0,1,0,0000000,99,99,99,99,99,99,4,0,0,3,0
47,470159,1,1,0,0,0,2,2,3,0,14,3,2012,4,23,5,0,6,4,CR-BENFORD RD,,23,35.56286389,-86.41529722,0,42,0,0,1,1,0,4,2,1,0,1,0,0000000,99,99,99,99,99,99,0,0,0,1,1
47,470160,1,1,0,1,1,1,1,43,640,16,3,2012,6,20,45,0,3,3,SR-46,,24,36.00229167,-87.32701944,0,9,0,0,1,1,0,1,2,1,0,1,0,0000000,99,99,99,99,99,99,0,0,0,1,0
47,470161,3,3,0,0,0,4,4,157,1620,22,3,2012,5,17,40,1,13,2,US-51 SR-3 THOMAS ST,,178,35.23674722,-90.01362778,0,12,8,0,1,1,0,1,1,1,0,1,0,0000000,99,99,99,99,99,99,0,0,0,2,1
47,470162,2,2,0,1,1,2,2,37,1760,23,2,2012,5,20,4,1,11,1,I-24,,153,36.16135556,-86.7606,0,8,0,0,1,1,0,1,3,1,0,1,0,0000000,99,99,99,99,20,42,0,0,0,1,0
47,470163,2,2,0,0,0,2,2,37,1760,13,3,2012,3,13,47,0,13,2,US-31A/41 SR-1 LAFAYETTE ST,US-31A/41A SR-11 4TH AVE S,184,36.15181111,-86.771225,0,12,6,0,2,2,0,1,1,1,0,1,0,0000000,99,99,99,99,13,57,0,0,0,1,0
47,470164,1,1,0,0,0,1,1,93,1300,24,3,2012,7,21,58,1,11,1,I-40,,282,36.00278056,-83.78026111,0,35,0,0,1,1,0,5,2,2,0,2,0,0000000,99,99,99,99,99,99,0,0,0,1,1
47,470165,2,2,0,0,0,4,4,157,1620,24,3,2012,7,16,18,0,14,6,KIMBALL RD,ROBIN HOOD LN,5,35.09320278,-89.93930556,0,12,6,0,2,2,0,1,1,1,0,1,0,0000000,99,99,99,99,99,99,0,0,0,1,0
47,470166,1,1,0,1,1,1,1,145,2070,22,3,2012,5,20,25,1,13,2,US-27/70 SR-1 N GATEWAY AVE,,49,35.86965556,-84.68153889,0,8,0,0,1,1,0,1,3,1,0,1,0,0000000,99,99,99,99,99,99,0,0,0,1,0
47,470167,1,1,0,0,0,1,1,65,400,24,3,2012,7,15,59,0,15,6,NAVAJO DR,,35,35.02166667,-85.258225,0,30,0,0,1,1,0,4,1,10,0,10,0,0000000,99,99,99,99,99,99,0,0,0,1,1
47,470168,2,2,0,0,0,2,2,65,400,2,3,2012,6,8,27,0,13,2,US-11/64 SR-2 E 23RD ST,S ORCHARD KNOB AVE,95,35.01945556,-85.28370556,0,12,6,0,2,3,0,1,1,10,0,10,0,0000000,99,99,99,99,99,99,0,0,0,1,0
47,470169,1,1,0,1,1,1,1,1,1850,24,3,2012,7,22,33,0,14,6,MELTON LAKE DR,,10,36.02579167,-84.18369444,0,8,0,0,1,1,0,2,2,2,0,2,0,0000000,99,99,99,99,88,88,0,0,0,1,1
47,470170,1,1,0,1,1,1,1,93,829,24,3,2012,7,3,30,1,11,1,I-40,,11,35.88469444,-84.22387778,0,8,0,0,1,1,0,1,2,2,0,2,0,0000000,99,99,99,99,99,99,19,0,0,1,0
47,470171,1,1,0,0,0,1,1,35,0,23,3,2012,6,6,30,0,4,3,SR-101 LANTANA RD,,90,35.89093056,-85.07939167,0,42,0,0,1,1,0,4,4,2,0,2,0,0000000,6,36,6,45,7,21,0,0,0,1,0
47,470172,1,1,0,1,1,1,1,37,960,31,1,2012,3,6,21,0,13,2,US-31E SR-6 GALLATIN PK,,215,36.30098611,-86.694525,0,8,0,0,1,1,0,1,3,1,0,1,0,0000000,99,99,99,99,99,99,0,0,0,1,0
47,470173,2,2,0,0,0,3,3,25,0,31,3,2012,7,2,55,1,2,2,US-25E SR-32,CR-LONE MOUNTAIN RD,45,36.42388056,-83.52443056,0,12,6,0,2,3,0,1,2,2,0,2,0,0000000,99,99,99,99,99,99,0,0,0,2,0
47,470174,1,1,0,0,0,3,3,83,0,11,3,2012,1,23,0,0,4,3,SR-13 CLARKSVILLE HWY,,96,36.32713889,-87.63000833,0,53,0,0,1,1,0,4,2,2,0,2,0,0000000,99,99,99,99,99,99,0,0,0,1,1
47,470175,2,2,0,0,0,4,4,3,0,18,3,2012,1,12,10,0,3,3,SR-64 WALKING HORSE PKWY,,54,35.46638056,-86.5766,0,12,6,0,4,1,0,1,1,1,0,1,0,0000000,99,99,99,99,99,99,0,0,0,1,0
47,470176,2,2,0,0,0,3,3,65,400,21,3,2012,4,15,40,1,13,3,SR-153,GRUBB RD,108,35.15813333,-85.24848889,0,12,6,0,2,2,0,1,1,1,0,1,0,0000000,99,99,99,99,99,99,0,0,0,1,0
47,470177,1,1,0,0,0,1,1,21,0,23,3,2012,6,17,54,0,5,4,CR-HARRISTOWN RD,,8,36.35817778,-87.07082778,0,35,0,0,1,1,0,4,1,10,0,10,0,0000000,99,99,99,99,88,88,0,0,0,1,0
47,470178,2,2,0,0,0,4,4,59,1715,1,4,2012,1,8,0,1,2,2,US-11E SR-34 W ANDREW JOHNSON,BRIDGE BURNERS BLVD,44,36.20966111,-83.01429722,0,12,6,0,3,3,0,1,1,5,0,5,0,0000000,99,99,99,99,99,99,0,0,0,2,0
47,470179,2,2,0,0,0,3,3,11,0,6,3,2012,3,15,49,0,2,3,SR-60 GEORGETOWN PK,,223,35.26666667,-84.92059167,0,12,2,0,1,1,0,1,1,1,0,1,0,0000000,99,99,99,99,99,99,0,0,0,1,0
47,470180,3,3,0,0,0,4,4,37,1760,4,1,2012,4,17,25,0,14,2,US-31 SR-6 FRANKLIN PK,HILLVIEW HEIGHTS,65,36.12695278,-86.77729722,0,12,1,0,2,3,0,1,3,1,0,1,0,0000000,99,99,99,99,99,99,14,0,0,1,1
47,470181,2,2,0,0,0,4,4,9,0,25,3,2012,1,10,18,0,6,4,CR-WHITES MILL RD,,0,35.73728056,-83.90110556,0,12,2,0,1,1,0,1,1,10,0,10,0,0000000,99,99,99,99,99,99,0,0,0,1,0
47,470182,1,1,0,0,0,1,1,43,0,19,3,2012,2,19,58,0,3,3,SR-48,,193,36.20591667,-87.34336667,0,42,0,0,1,1,0,4,2,10,0,10,0,0000000,99,99,99,99,99,99,0,0,0,1,1
47,470183,1,1,0,0,0,2,2,111,0,23,3,2012,6,20,16,0,6,4,CR-SHILOH RD,,0,36.60725556,-86.09445,0,1,0,0,1,1,0,4,2,1,0,1,0,0000000,99,99,99,99,88,88,0,0,0,1,1
47,470184,1,1,0,0,0,1,1,131,0,23,3,2012,6,22,30,0,5,4,CR-OLD SAMBURG RD,,2,36.38759444,-89.33941111,0,1,0,0,1,1,0,4,6,10,0,10,0,0000000,99,99,99,99,99,99,0,0,0,1,0
47,470185,1,1,0,0,0,3,3,69,0,15,3,2012,5,13,20,0,5,4,CR-PARK SWAIN RD,,37,35.00093056,-89.18125556,0,59,0,0,1,1,0,4,1,2,0,2,0,0000000,99,99,99,99,99,99,0,0,0,1,0
47,470186,2,2,0,0,0,5,5,171,2477,27,3,2012,3,19,0,0,5,6,SCIOTO RD,,10,36.20046111,-82.32268889,0,12,2,0,1,1,0,1,1,1,0,1,0,0000000,99,99,99,99,99,99,0,0,0,1,0
47,470187,1,1,0,0,0,2,2,47,0,25,3,2012,1,16,39,0,4,3,SR-195 RHEA RD,,47,35.19173333,-89.38361667,0,42,0,0,1,1,0,4,1,1,0,1,0,0000000,99,99,99,99,99,99,0,0,0,1,0
47,470188,2,2,0,0,0,2,2,147,0,27,3,2012,3,19,30,0,3,2,US-41 SR-11,,210,36.56796111,-87.03078611,0,12,6,0,8,1,0,1,2,1,0,1,0,0000000,99,99,99,99,99,99,0,0,0,1,0
47,470189,2,2,0,0,0,6,6,81,0,25,3,2012,1,16,30,0,3,3,SR-100,CR-MAPLE ST,230,35.89667778,-87.35051944,0,12,6,0,2,3,0,1,1,1,0,1,0,0000000,99,99,99,99,99,99,0,0,0,1,0
47,470190,1,1,0,0,0,1,1,189,0,25,3,2012,1,6,15,0,15,4,CR-N GREENHILL RD,CR-SAUNDERSVILLE RD,38,36.25950556,-86.54258056,0,24,0,0,3,3,0,4,4,1,0,1,0,0000000,99,99,99,99,88,88,0,0,0,1,0
47,470191,2,2,0,0,0,2,2,117,0,28,3,2012,4,17,28,0,3,3,SR-99 SYLVESTER CHUNN HWY,CR-HEARTHSTONE DR,42,35.60596944,-86.75356389,0,12,1,0,2,3,0,1,1,1,0,1,0,0000000,99,99,99,99,88,88,0,0,0,1,1
47,470192,1,1,0,0,0,1,1,11,0,24,3,2012,7,18,30,0,5,4,CR-BENTON PK,,67,35.17302222,-84.738575,0,38,0,0,1,1,0,4,1,10,0,10,0,0000000,99,99,99,99,99,99,0,0,0,1,0
47,470193,1,1,0,0,0,1,1,29,0,29,3,2012,5,2,30,0,5,2,US-25E SR-32,,268,35.99560556,-83.22324167,0,34,0,0,1,1,0,4,2,1,0,1,0,0000000,99,99,99,99,99,99,0,0,0,1,1
47,470194,1,1,0,0,0,1,1,115,1220,29,3,2012,5,13,42,0,16,6,N PRYOR COVE RD,,0,35.09424444,-85.63371944,0,1,0,0,1,1,0,4,1,1,0,1,0,0000000,99,99,99,99,99,99,0,0,0,1,0
47,470195,1,1,0,0,0,1,1,131,0,31,3,2012,7,99,99,0,6,4,CR-N NEWMAN GLOVER RD,,0,36.46684167,-89.22581111,0,35,0,0,1,1,0,4,1,5,0,5,0,0000000,99,99,99,99,99,99,0,0,0,1,0
47,470196,2,2,0,0,0,2,2,125,410,29,3,2012,5,5,23,1,13,3,SR-374 PURPLE HEART PKWY,ASHRIDGE DR,127,36.58115278,-87.42970278,0,12,6,0,2,2,0,1,4,1,0,1,0,0000000,99,99,99,99,99,99,0,0,0,1,0