STATE,ST_CASE,VE_TOTAL,VE_FORMS,PVH_INVL,PEDS,PERNOTMVIT,PERMVIT,PERSONS,COUNTY,CITY,DAY,MONTH,YEAR,DAY_WEEK,HOUR,MINUTE,NHS,ROAD_FNC,ROUTE,TWAY_ID,TWAY_ID2,MILEPT,LATITUDE,LONGITUD,SP_JUR,HARM_EV,MAN_COLL,RELJCT1,RELJCT2,TYP_INT,WRK_ZONE,REL_ROAD,LGT_COND,WEATHER1,WEATHER2,WEATHER,SCH_BUS,RAIL,NOT_HOUR,NOT_MIN,ARR_HOUR,ARR_MIN,HOSP_HR,HOSP_MN,CF1,CF2,CF3,FATALS,DRUNK_DR
47,470197,1,1,0,0,0,2,2,107,0,30,3,2012,6,13,46,1,1,1,I-75,,6,35.323875,-84.78506111,0,35,0,0,1,1,0,3,1,2,0,2,0,0000000,99,99,99,99,99,99,0,0,0,1,0
47,470198,1,1,0,0,0,1,1,155,0,19,3,2012,2,16,25,0,6,4,CR-NEW CENTER RD,,0,35.88173333,-83.45807222,0,7,0,0,1,1,0,1,1,1,0,1,0,0000000,99,99,99,99,99,99,0,0,0,1,1
47,470199,2,2,0,0,0,5,5,155,0,22,3,2012,5,12,20,0,3,2,US-411 SR-35 NEWPORT HWY,,227,35.89861389,-83.42848889,0,12,6,0,8,1,0,1,1,1,0,1,0,0000000,99,99,99,99,99,99,0,0,0,1,0
47,470200,3,3,0,0,0,4,4,31,0,31,3,2012,7,14,45,0,3,3,SR-53 WOODBURY HWY,,23,35.51944167,-86.08298333,0,12,1,0,1,1,0,1,1,2,0,2,0,0000000,99,99,99,99,99,99,14,0,0,2,0
47,470201,2,2,0,0,0,2,2,123,0,28,3,2012,4,11,40,0,3,2,US-129 SR-115 CALDERWOOD HWY,,0,35.55821111,-84.08823333,0,12,2,0,1,1,0,1,1,1,0,1,0,0000000,99,99,99,99,88,88,0,0,0,1,0
47,470202,1,1,0,0,0,1,1,145,2070,2,4,2012,2,14,0,1,1,1,I-40,,11,35.88531389,-84.68742222,0,1,0,0,1,1,1,1,1,1,0,1,0,0000000,99,99,99,99,99,99,0,0,0,1,1
47,470203,1,1,0,0,0,1,1,85,2530,15,3,2012,5,12,55,0,5,6,N CLYDETON RD,,222,36.094175,-87.80253333,0,53,0,0,1,1,0,4,1,1,0,1,0,0000000,99,99,99,99,99,99,0,0,0,1,0
47,470204,1,1,0,1,1,1,1,93,1300,29,3,2012,5,21,20,0,13,2,US-11W SR-1 RUTLEDGE PK,,238,36.005175,-83.87435556,0,8,0,0,1,1,0,1,3,10,0,10,0,0000000,99,99,99,99,99,99,0,0,0,1,0
47,470205,1,1,0,0,0,2,2,165,0,16,3,2012,6,13,18,0,3,4,CR-ROGUES FORK RD,,35,36.5437,-86.30223889,0,42,0,0,1,1,0,4,1,10,0,10,0,0000000,99,99,99,99,99,99,0,0,0,1,0
47,470206,1,1,0,0,0,1,1,177,0,1,4,2012,1,16,26,0,6,4,CR-WILDWOOD RD,,0,35.61346944,-85.63857222,0,34,0,0,1,1,0,4,1,1,0,1,0,0000000,99,99,99,99,99,99,4,0,0,1,0
47,470207,1,1,0,0,0,1,1,51,0,2,4,2012,2,5,45,0,4,3,SR-130 OLD TULLAHOMA RD,,91,35.23475,-86.17538889,0,42,0,0,1,1,0,4,1,5,0,5,0,0000000,99,99,99,99,99,99,0,0,0,1,0
47,470208,1,1,0,1,1,1,1,13,350,24,2,2012,6,21,5,0,2,2,US-25W SR-9 VETERANS MEMORIAL,,315,36.30937778,-84.21047778,0,8,0,0,1,1,0,1,2,1,0,1,0,0000000,99,99,99,99,99,99,0,0,0,1,0
47,470209,2,1,1,0,0,1,1,65,0,29,3,2012,5,18,5,0,6,4,CR-ROYAL HARBOR CIR,CR-CROWN DR,0,35.14061111,-85.07369167,0,41,0,0,3,3,0,4,1,1,0,1,0,0000000,99,99,99,99,99,99,14,0,0,1,0
47,470210,1,1,0,0,0,1,1,9,2503,12,3,2012,2,17,4,0,5,6,ELLEJOY RD,,25,35.79472778,-83.816175,0,42,0,0,1,1,0,4,1,1,0,1,0,0000000,99,99,99,99,99,99,0,0,0,1,0
47,470211,1,1,0,0,0,1,1,113,1200,11,3,2012,1,99,99,1,13,2,US-45BP SR-186 RAMP KEITH SHOR,HOLLYWOOD DR,16,35.64035833,-88.85037222,0,30,0,0,5,1,0,8,3,1,0,1,0,0000000,99,99,99,99,88,88,0,0,0,1,1
47,470212,1,1,0,0,0,4,4,165,1648,23,3,2012,6,9,10,1,11,1,I-65,,55,36.40874167,-86.72068889,0,1,0,0,1,1,0,3,1,10,0,10,0,0000000,99,99,99,99,99,99,0,0,0,1,0
47,470213,1,1,0,0,0,1,1,65,0,7,4,2012,7,9,5,0,14,4,CR-2205,,30,35.12145,-85.08596111,0,42,0,0,1,1,0,4,1,1,0,1,0,0000000,99,99,99,99,99,99,0,0,0,1,0
47,470214,1,1,0,0,0,3,3,121,2383,12,4,2012,5,8,20,0,16,6,CENTERPOINT RD,,0,35.63555,-84.676925,0,35,0,0,1,1,0,4,1,1,0,1,0,0000000,99,99,99,99,99,99,0,0,0,1,0
47,470215,2,2,0,0,0,2,2,111,0,7,4,2012,7,12,34,0,2,3,SR-52,,163,36.49840556,-85.96623333,0,12,6,0,8,1,0,1,1,1,0,1,0,0000000,99,99,99,99,99,99,0,0,0,1,0
47,470216,4,4,0,0,0,5,5,165,960,23,3,2012,6,17,8,0,13,2,US-41 SR-11 SPRINGFIELD HWY,,8,36.35064722,-86.72219167,0,12,7,0,1,1,0,1,1,1,0,1,0,0000000,99,99,99,99,99,99,0,0,0,1,0
47,470217,1,1,0,5,5,3,3,31,0,11,4,2012,4,18,43,0,6,4,CR-OAK HILL RD,,0,35.51670278,-86.17681944,0,9,0,0,1,1,0,1,1,1,0,1,0,0000000,99,99,99,99,99,99,0,0,0,1,0
47,470218,1,1,0,1,1,1,1,157,1620,26,3,2012,2,16,5,1,13,2,US-51 SR-3 THOMAS ST,N WATKINS ST,189,35.23628056,-90.01406389,0,8,0,1,2,2,0,1,1,1,0,1,0,0000000,99,99,99,99,99,99,0,0,0,1,0
47,470219,1,1,0,0,0,3,3,161,0,1,4,2012,1,19,47,0,6,4,CR-BROWNFIELD RD,,0,36.39390278,-87.98065,0,35,0,0,1,1,0,4,2,1,0,1,0,0000000,99,99,99,99,99,99,0,0,0,2,1
47,470220,1,1,0,0,0,2,2,163,1280,15,4,2012,1,18,0,1,12,3,SR-93 JOHN B DENNIS HWY,,70,36.50721389,-82.54895,0,1,0,0,1,1,0,1,1,1,0,1,0,0000000,99,99,99,99,99,99,0,0,0,1,1
47,470221,1,1,0,0,0,1,1,11,420,12,4,2012,5,19,20,0,13,3,SR-2 KEITH ST NW,,112,35.18970556,-84.86679444,0,33,0,0,1,1,0,4,1,1,0,1,0,0000000,99,99,99,99,88,88,0,0,0,1,0
47,470223,2,2,0,0,0,2,2,93,0,14,4,2012,7,3,33,1,13,2,US-129 SR-115 ALCOA HWY,,11,35.89057222,-83.95425,0,12,2,0,1,1,0,1,3,1,0,1,0,0000000,99,99,99,99,99,99,0,0,0,1,1
47,470224,2,2,0,0,0,2,2,155,2170,15,4,2012,1,18,16,0,15,6,OLD KNOXVILLE HWY,,40,35.87444444,-83.57485833,0,12,6,0,1,1,0,1,1,1,0,1,0,0000000,99,99,99,99,99,99,0,0,0,1,0
47,470225,1,1,0,1,1,1,1,59,0,12,4,2012,5,6,40,0,6,4,CR-HOLDER RD,,0,36.21670833,-82.77258611,0,8,0,0,1,1,0,1,4,1,0,1,1,0000000,99,99,99,99,99,99,0,0,0,1,0
47,470226,2,2,0,0,0,2,2,125,410,18,4,2012,4,17,3,0,14,3,SR-236 TINY TOWN RD,TARA BLVD,34,36.62881111,-87.375675,0,12,6,0,3,3,0,1,1,1,0,1,0,0000000,99,99,99,99,99,99,0,0,0,1,0
47,470227,1,1,0,0,0,1,1,9,0,5,4,2012,5,0,33,0,3,2,US-129 SR-115 CALDERWOOD HWY,,86,35.673775,-84.04423333,0,41,0,0,1,1,0,4,2,10,0,10,0,0000000,99,99,99,99,99,99,0,0,0,1,1
47,470228,1,1,0,0,0,1,1,107,0,15,4,2012,1,21,15,0,6,4,CR-187,,0,35.52890278,-84.67369722,0,42,0,0,1,1,0,4,2,1,0,1,0,0000000,99,99,99,99,99,99,4,0,0,1,1
47,470229,1,1,0,1,1,3,3,185,0,15,4,2012,1,18,8,0,4,3,SR-136 OLD KENTUCKY RD,,98,35.93183056,-85.57436944,0,9,0,0,1,1,0,1,1,1,0,1,0,0000000,99,99,99,99,99,99,0,0,0,1,0
47,470230,1,1,0,0,0,1,1,37,0,31,3,2012,7,23,14,0,3,2,US-431 SR-65 WHITES CREEK PK,,114,36.33128889,-86.86970556,0,53,0,0,1,1,0,4,2,1,0,1,0,0000000,99,99,99,99,99,99,0,0,0,1,0
47,470231,3,3,0,0,0,2,2,113,1200,11,4,2012,4,19,51,0,13,2,US-70 SR-1 DR F E WRIGHT DR,,172,35.63131389,-88.78632222,0,12,1,0,1,1,0,1,3,1,0,1,0,0000000,99,99,99,99,99,99,23,0,0,1,0
47,470232,2,2,0,0,0,3,3,115,0,7,4,2012,7,12,40,0,2,3,SR-28,,73,35.13267778,-85.553225,0,12,2,0,1,1,0,1,1,1,0,1,0,0000000,99,99,99,99,99,99,0,0,0,1,0
47,470233,1,1,0,0,0,1,1,115,1777,14,4,2012,7,18,0,0,4,3,SR-156 SHELLMOUND RD,,190,34.99625278,-85.63702222,0,42,0,0,1,1,0,4,1,1,0,1,0,0000000,99,99,99,99,99,99,0,0,0,1,1
47,470234,2,2,0,0,0,3,3,143,590,17,4,2012,3,15,37,1,13,2,US-27 SR-29 RHEA COUNTY HWY,PEAVYHOUSE RD,88,35.52651389,-84.98794167,0,12,6,0,2,2,0,1,1,2,0,2,0,0000000,99,99,99,99,99,99,0,0,0,1,0
47,470235,1,1,0,0,0,1,1,29,0,20,4,2012,6,15,30,0,6,4,CR-FUGATE RD,,0,35.92450278,-83.01394167,0,35,0,0,1,1,0,4,1,1,0,1,0,0000000,99,99,99,99,88,88,0,0,0,1,0
47,470236,1,1,0,0,0,1,1,113,1200,20,4,2012,6,99,99,0,15,6,RIVERSIDE DR,,39,35.60444722,-88.83075833,0,30,0,0,1,1,0,4,2,1,0,1,0,0000000,99,99,99,99,99,99,0,0,0,1,0
47,470237,1,1,0,0,0,1,1,157,1620,24,4,2012,3,11,35,0,13,6,POPLAR AVE,COOPER ST,4,35.14173333,-89.98933333,0,33,0,0,2,3,0,4,1,1,0,1,0,0000000,99,99,99,99,99,99,0,0,0,1,0
47,470238,2,2,0,0,0,3,3,37,960,14,3,2012,4,11,9,0,14,6,MYATT DR,,25,36.29277778,-86.69534167,0,12,2,0,1,1,0,1,1,1,0,1,0,0000000,99,99,99,99,99,99,0,0,0,1,0
47,470239,1,1,0,1,1,1,1,37,1341,17,3,2012,7,22,44,1,13,3,SR-45 HADLEY AVE,,121,36.24516111,-86.63818333,0,8,0,0,1,1,0,1,3,2,0,2,0,0000000,99,99,99,99,23,9,0,0,0,1,0
47,470240,1,1,0,0,0,1,1,157,1620,24,4,2012,3,8,45,0,14,6,AIRWAYS BLVD,,5,35.00165,-89.98983611,0,33,0,0,1,1,0,4,1,1,0,1,0,0000000,99,99,99,99,99,99,0,0,0,1,0
47,470241,2,2,0,0,0,2,2,65,400,21,4,2012,7,13,42,0,13,3,SR-58,JERSEY PK,63,35.093325,-85.17994167,0,12,6,0,2,4,0,1,1,10,0,10,0,0000000,99,99,99,99,99,99,0,0,0,1,0
47,470242,2,2,0,0,0,2,2,189,1360,4,4,2012,4,12,4,0,16,6,MEADOW LANE DR,,0,36.20239167,-86.31001944,0,12,6,0,4,1,0,1,1,1,0,1,0,0000000,99,99,99,99,99,99,0,0,0,1,0
47,470243,1,1,0,0,0,2,2,79,0,28,3,2012,4,21,0,0,6,4,CR-MAYS BRIDGE RD,,20,36.23705556,-88.18551389,0,17,0,0,1,1,0,4,2,1,0,1,0,0000000,99,99,99,99,99,99,0,0,0,1,1
47,470244,2,2,0,0,0,6,6,61,1900,17,4,2012,3,15,45,0,16,6,ROCK AVE,,0,35.35700278,-85.56161944,0,12,2,0,1,1,0,1,1,1,0,1,0,0000000,99,99,99,99,99,99,0,0,0,1,0
47,470245,1,1,0,0,0,2,2,167,280,19,4,2012,5,20,28,0,16,6,HOLLY GROVE RD,,0,35.52807778,-89.75858333,0,32,0,0,1,1,0,4,2,1,0,1,0,0000000,99,99,99,99,99,99,0,0,0,1,1
47,470246,1,1,0,0,0,1,1,29,0,26,4,2012,5,0,15,0,3,3,SR-73 EDWINA RD,,95,35.92578333,-83.17182778,0,53,0,0,1,1,0,4,2,10,0,10,0,0000000,99,99,99,99,99,99,0,0,0,1,1
47,470247,2,2,0,0,0,2,2,5,330,28,3,2012,4,18,15,0,3,2,US-70 SR-1,,106,36.02153611,-88.06225833,0,12,6,0,8,1,0,1,5,1,0,1,0,0000000,99,99,99,99,88,88,0,0,0,1,0
47,470248,2,2,0,0,0,3,3,57,0,24,4,2012,3,14,25,0,6,4,CR-BOWEN RD,,0,36.27836944,-83.422375,0,38,0,0,1,1,0,4,1,1,0,1,0,0000000,99,99,99,99,99,99,20,0,0,1,1
47,470249,2,2,0,0,0,2,2,99,0,24,4,2012,3,10,5,1,2,2,US-64 SR-15 WAYNESBORO HWY,CR-GORE RD,80,35.30181944,-87.44324722,0,12,6,0,2,2,0,1,1,1,0,1,0,0000000,99,99,99,99,99,99,0,0,0,1,0
47,470250,1,1,0,0,0,1,1,69,0,24,3,2012,7,13,45,0,4,3,SR-179 WHITEVILLE RD,,14,35.36915,-89.15567778,0,32,0,0,1,1,0,4,1,1,0,1,0,0000000,99,99,99,99,99,99,0,0,0,1,0
47,470251,2,2,0,0,0,5,5,27,0,27,4,2012,6,17,30,0,5,4,CR-ARCOTT RD,,6,36.54781111,-85.51876944,0,12,8,0,1,1,0,1,1,1,0,1,0,0000000,99,99,99,99,99,99,0,0,0,1,1
47,470252,2,2,0,0,0,3,3,93,1300,28,4,2012,7,10,54,0,16,6,JIM WOLFE RD,,0,36.15386389,-83.80179444,0,12,2,0,1,1,0,1,1,1,0,1,0,0000000,99,99,99,99,99,99,0,0,0,1,0
47,470253,3,3,0,0,0,9,9,125,0,29,4,2012,1,18,45,0,5,4,CR-HICKORY POINT RD,,41,36.43559167,-87.24839722,0,7,0,0,1,1,0,1,1,1,0,1,0,0000000,99,99,99,99,88,88,14,0,0,1,0
47,470254,2,2,0,0,0,2,2,161,545,24,4,2012,3,17,23,0,3,3,SR-149,,24,36.39544722,-87.62364722,0,12,7,0,1,1,0,1,1,1,0,1,0,0000000,99,99,99,99,88,88,0,0,0,1,1
47,470255,1,1,0,0,0,1,1,73,0,30,4,2012,2,99,99,0,5,4,CR-CLINCH VALLEY RD,,26,36.48028611,-83.10464722,0,17,0,0,1,1,0,4,1,1,0,1,0,0000000,99,99,99,99,88,88,18,0,0,1,0
47,470256,1,1,0,0,0,1,1,1,440,28,4,2012,7,99,99,1,13,3,SR-61 CHARLES G SEIVERS BLVD,,145,36.09026111,-84.14100556,0,33,0,0,1,1,0,4,3,1,0,1,0,0000000,99,99,99,99,88,88,18,0,0,1,0
47,470257,1,1,0,0,0,1,1,93,1300,30,4,2012,2,12,9,0,14,3,SR-332 S NORTHSHORE DR,PERSHING HILL LN,101,35.89575278,-84.02997778,0,53,0,0,3,3,0,4,1,1,0,1,0,0000000,99,99,99,99,99,99,0,0,0,1,0
47,470258,1,1,0,0,0,1,1,107,110,1,5,2012,3,20,42,0,13,2,US-11 SR-2 CONGRESS PKWY,,145,35.462525,-84.61124444,0,34,0,0,1,1,0,4,3,1,0,1,0,0000000,99,99,99,99,99,99,0,0,0,1,0
47,470259,1,1,0,0,0,1,1,65,750,18,4,2012,4,9,30,0,15,6,S SEMINOLE DR,,24,35.00965833,-85.26479722,0,53,0,0,1,1,0,4,1,1,0,1,0,0000000,99,99,99,99,88,88,0,0,0,1,0
47,470260,1,1,0,0,0,1,1,11,0,4,5,2012,6,12,17,1,1,1,I-75,,49,35.15237222,-84.94761111,0,21,0,0,1,1,0,3,1,1,0,1,0,0000000,99,99,99,99,88,88,0,0,0,1,0
47,470261,1,1,0,0,0,1,1,93,1300,4,5,2012,6,2,39,1,11,1,I-275,,30,36.00033056,-83.95855833,0,24,0,0,1,1,0,4,3,10,0,10,0,0000000,99,99,99,99,0,0,0,0,0,1,0
47,470262,2,2,0,0,0,4,4,93,1300,3,5,2012,5,23,29,1,11,1,I-40,,272,36.00633333,-83.80676667,0,12,2,0,1,1,0,1,2,2,0,2,0,0000000,99,99,99,99,99,99,0,0,0,1,1
47,470263,3,3,0,0,0,3,3,119,0,25,4,2012,4,13,20,1,1,1,I-65,,141,35.69169722,-86.88533056,0,12,6,0,1,1,0,1,1,1,0,1,0,0000000,99,99,99,99,99,99,14,0,0,1,0
47,470264,2,2,0,0,0,2,2,37,1760,14,4,2012,7,16,24,1,11,1,I-40,,52,36.07437778,-86.97056389,0,12,1,0,1,1,0,2,1,1,0,1,0,0000000,99,99,99,99,88,88,0,0,0,1,0
47,470265,2,2,0,0,0,2,2,37,1760,2,5,2012,4,11,40,0,14,6,WOODLAWN DR,COMPTON RD,16,36.12330556,-86.81951667,0,12,6,0,2,3,0,1,1,1,0,1,0,0000000,99,99,99,99,99,99,0,0,0,1,0
47,470266,2,1,1,0,0,1,1,75,0,17,3,2012,7,2,23,0,3,3,SR-76,,32,35.44275556,-89.28320833,0,1,0,0,1,1,0,1,2,1,0,1,0,0000000,99,99,99,99,99,99,14,0,0,1,0
47,470267,1,1,0,0,0,1,1,43,640,23,4,2012,2,15,0,0,16,6,JONES CREEK RD,,0,36.10314444,-87.328125,0,30,0,0,1,1,0,4,1,1,0,1,0,0000000,99,99,99,99,99,99,0,0,0,1,0
47,470268,1,1,0,0,0,1,1,121,0,23,4,2012,2,20,49,0,6,4,CR-307 GOODFIELD RD,,0,35.50082778,-84.81282222,0,53,0,0,1,1,0,4,2,1,0,1,0,0000000,99,99,99,99,88,88,0,0,0,1,0
47,470269,1,1,0,0,0,1,1,17,0,27,4,2012,6,1,50,0,4,3,SR-77 GORDON BROWNING HWY,,265,36.14285556,-88.32352778,0,1,0,0,1,1,0,4,2,1,0,1,0,0000000,99,99,99,99,88,88,0,0,0,1,1
47,470270,2,2,0,0,0,3,3,157,1620,25,4,2012,4,15,15,0,15,6,N HIGHLAND ST,TUTWILER AVE,52,35.15201111,-89.94440278,0,12,6,1,2,2,0,1,1,1,0,1,0,0000000,99,99,99,99,99,99,0,0,0,1,0
47,470271,1,1,0,0,0,1,1,93,0,28,4,2012,7,14,32,0,14,3,SR-168 W GOVERNOR JOHN SEVIER,,34,35.89298333,-83.89669444,0,24,0,0,1,1,0,4,1,1,0,1,0,0000000,99,99,99,99,88,88,0,0,0,1,1
47,470272,1,1,0,0,0,1,1,167,0,29,4,2012,1,21,1,0,5,4,CR-GAINESVILLE RD,,73,35.41388889,-89.58700833,0,35,0,0,1,1,0,5,2,1,0,1,0,0000000,99,99,99,99,99,99,0,0,0,1,1
47,470273,1,1,0,0,0,1,1,53,0,30,4,2012,2,16,35,0,5,4,CR-8176 CHRISTMASVILLE RD,,2,35.79419722,-88.73641667,0,32,0,0,1,1,0,4,1,10,0,10,0,0000000,99,99,99,99,88,88,0,0,0,1,0
47,470274,1,1,0,0,0,1,1,57,0,1,5,2012,3,18,0,0,5,4,CR-OWL HOLE GAP RD,,159,36.187475,-83.50128889,0,24,0,0,1,1,0,4,1,1,0,1,0,0000000,99,99,99,99,88,88,0,0,0,1,1
47,470275,1,1,0,1,1,1,1,115,0,1,5,2012,3,14,50,0,4,2,US-41/64 SR-2 DIXIE HWY,,232,35.04752778,-85.53131944,0,34,0,0,1,1,0,4,1,1,0,1,0,0000000,99,99,99,99,99,99,0,0,0,1,0
47,470276,1,1,0,0,0,3,3,177,0,2,5,2012,4,12,0,0,5,4,CR-GOODBAR RD,,31,35.75878889,-85.62196667,0,34,0,0,1,1,0,4,1,1,0,1,0,0000000,99,99,99,99,99,99,0,0,0,3,1
47,470277,1,1,0,0,0,1,1,133,0,30,4,2012,2,16,5,0,4,3,SR-294 WILLOW GROVE HWY,,37,36.47848056,-85.271025,0,32,0,0,1,1,0,4,1,1,0,1,0,0000000,99,99,99,99,99,99,0,0,0,1,1
47,470278,1,1,0,0,0,1,1,103,0,3,5,2012,5,9,15,1,2,2,US-231/431 SR-10 HUNTSVILLE HW,,51,35.06211389,-86.572825,0,30,0,0,1,1,0,4,1,2,0,2,0,0000000,99,99,99,99,99,99,0,0,0,1,1
47,470279,1,1,0,0,0,1,1,51,620,21,4,2012,7,16,35,0,16,6,WILLIAMS ST,,8,35.20479167,-86.05908889,0,32,0,0,8,1,0,4,1,1,0,1,0,0000000,99,99,99,99,99,99,0,0,0,1,0
47,470280,1,1,0,0,0,1,1,165,1648,4,5,2012,6,6,30,1,11,1,I-65,,59,36.414825,-86.72058333,0,35,0,0,1,1,0,4,1,10,0,10,0,0000000,99,99,99,99,99,99,0,0,0,1,0
47,470281,1,1,0,0,0,1,1,157,1620,7,5,2012,2,0,23,1,13,3,SR-175 E SHELBY DR,,124,35.02050278,-89.89044444,0,30,0,0,1,1,0,4,3,2,0,2,0,0000000,99,99,99,99,88,88,0,0,0,1,0
47,470282,1,1,0,1,1,1,1,157,1620,8,5,2012,3,22,26,0,14,6,HORN LAKE RD,,34,35.03759444,-90.06951944,0,8,0,0,1,1,0,1,3,1,0,1,0,0000000,99,99,99,99,99,99,0,0,0,1,0
47,470283,1,1,0,0,0,1,1,29,0,9,5,2012,4,8,50,0,3,2,US-321 SR-73 HOOPER HWY,,19,35.77114444,-83.27011389,0,32,0,0,1,1,0,4,1,2,0,2,0,0000000,99,99,99,99,99,99,0,0,0,1,1
47,470284,1,1,0,0,0,1,1,105,1370,9,5,2012,4,19,50,1,11,1,I-75,,152,35.82875,-84.27953056,0,21,0,0,1,1,0,4,1,1,0,1,0,0000000,99,99,99,99,99,99,0,0,0,1,1
47,470285,4,4,0,0,0,5,5,93,829,2,5,2012,4,17,39,1,11,1,I-40 RAMP,,38,35.89786667,-84.17805,0,12,1,1,5,1,0,1,1,1,0,1,0,0000000,99,99,99,99,99,99,0,0,0,1,1
47,470286,1,1,0,0,0,1,1,163,1280,11,5,2012,6,9,10,1,11,1,I-26 US-23 JAMES H QUILLEN PKW,,20,36.53523333,-82.58172222,0,24,0,0,1,1,0,4,1,1,0,1,0,0000000,99,99,99,99,99,99,0,0,0,1,0
47,470287,1,1,0,0,0,1,1,133,1420,6,5,2012,1,23,52,0,3,3,SR-85 W BROAD ST,,3,36.38226111,-85.32843889,0,19,0,0,8,1,0,4,3,1,0,1,0,0000000,99,99,99,99,99,99,0,0,0,1,0
47,470288,4,4,0,0,0,5,5,43,640,11,5,2012,6,16,30,0,13,3,SR-46,,45,36.02813333,-87.34544722,0,12,6,0,1,1,0,1,1,1,0,1,0,0000000,99,99,99,99,99,99,14,0,0,1,0
47,470289,2,2,0,0,0,2,2,117,0,29,4,2012,1,15,15,0,3,2,US-431 SR-50 FAYETTEVILLE HWY,,173,35.34668056,-86.67858889,0,12,2,0,1,1,0,1,1,1,0,1,0,0000000,99,99,99,99,88,88,0,0,0,1,0
47,470290,1,1,0,0,0,1,1,121,0,14,4,2012,7,12,52,0,6,4,CR-431 WOODS HOLLOW RD,,15,35.60223333,-84.73153889,0,35,0,0,1,1,0,4,1,1,0,1,0,0000000,99,99,99,99,88,88,4,0,0,1,0
47,470291,2,2,0,0,0,2,2,79,0,28,4,2012,7,3,30,1,2,2,US-641 SR-69,,7,36.18428333,-88.17046944,0,12,2,0,1,1,0,1,2,1,0,1,0,0000000,99,99,99,99,99,99,0,0,0,1,1
47,470292,1,1,0,0,0,1,1,131,0,28,4,2012,7,99,99,0,6,4,CR-ROBERT WOODS RD,,9,36.30641111,-89.30591667,0,35,0,0,1,1,0,4,2,1,0,1,0,0000000,99,99,99,99,88,88,0,0,0,1,1
47,470293,1,1,0,0,0,4,4,129,441,29,4,2012,1,21,30,0,16,6,COAL HILL RD,,0,36.02598889,-84.42213056,0,5,0,0,1,1,0,1,2,1,0,1,0,0000000,99,99,99,99,99,99,0,0,0,1,0
47,470294,2,2,0,0,0,7,7,21,1965,2,5,2012,4,16,0,0,3,3,SR-49,OLD CLARKSVILLE PIKE,128,36.36621389,-87.04480833,0,12,6,0,2,2,0,1,1,1,0,1,0,0000000,99,99,99,99,99,99,0,0,0,1,0
47,470295,2,2,0,0,0,2,2,43,640,4,5,2012,6,99,99,0,13,2,US-70 SR-1 E COLLEGE ST,,113,36.08053333,-87.35056389,0,12,2,0,1,1,0,1,1,10,0,10,0,0000000,99,99,99,99,99,99,0,0,0,2,0
47,470296,1,1,0,0,0,1,1,151,2064,4,5,2012,6,15,0,0,5,6,OLD HWY 27,,6,36.38391944,-84.57317222,0,35,0,0,1,1,0,4,1,1,0,1,0,0000000,99,99,99,99,99,99,0,0,0,1,1
47,470297,1,1,0,0,0,4,4,63,1700,5,5,2012,7,1,30,0,15,6,JOE HALL RD,DEBI CIR,1,36.20803889,-83.27442222,0,33,0,0,2,3,0,4,3,1,0,1,0,0000000,99,99,99,99,99,99,0,0,0,1,1
47,470298,1,1,0,0,0,2,2,179,0,10,5,2012,5,1,50,0,5,4,CR-TELFORD NEW VICTORY RD,,14,36.23216667,-82.53515278,0,42,0,0,1,1,0,6,2,1,0,1,0,0000000,99,99,99,99,99,99,0,0,0,1,1
47,470299,1,1,0,0,0,2,2,57,242,7,5,2012,2,16,40,0,16,6,RICHLAND RD,,0,36.12769722,-83.69799722,0,38,0,0,1,1,0,4,1,2,0,2,0,0000000,99,99,99,99,99,99,0,0,0,1,1
47,470300,1,1,0,0,0,4,4,187,0,9,5,2012,4,18,0,0,6,4,CR-LAKE VALLEY DR,,5,35.98384167,-86.87965556,0,53,0,0,1,1,0,4,1,1,0,1,0,0000000,99,99,99,99,99,99,0,0,0,1,0
47,470301,2,2,0,0,0,6,6,139,0,10,5,2012,5,14,24,0,5,4,CR-OLD FEDERAL RD,,10,35.10103056,-84.70500556,0,12,2,0,1,1,0,1,1,1,0,1,0,0000000,99,99,99,99,99,99,0,0,0,2,0
47,470302,1,1,0,0,0,1,1,109,0,16,4,2012,2,15,45,0,5,4,CR-SULPHUR SPRINGS RD,,65,35.15515556,-88.65758056,0,42,0,0,1,1,0,4,1,1,0,1,0,0000000,99,99,99,99,99,99,0,0,0,1,0
47,470303,2,2,0,0,0,3,3,149,1750,7,5,2012,2,11,27,0,15,6,SULPHUR SPRINGS RD,CLAYS MILL DR,8,35.90979722,-86.42364167,0,12,6,0,2,3,0,1,1,1,0,1,0,0000000,99,99,99,99,99,99,0,0,0,1,0
47,470304,2,2,0,0,0,2,2,37,1760,22,2,2012,4,4,1,1,11,1,I-65,,78,36.14275833,-86.77680556,0,12,2,0,1,1,0,1,3,10,0,10,0,0000000,99,99,99,99,4,29,0,0,0,1,1
47,470305,1,1,0,1,1,1,1,37,1760,3,3,2012,7,18,28,0,13,2,US-31A/41A SR-11 4TH AVE S,,124,36.14778333,-86.76855556,0,8,0,0,1,1,0,1,3,1,0,1,0,0000000,99,99,99,99,88,88,0,0,0,1,0
47,470306,3,3,0,0,0,6,6,37,1535,17,3,2012,7,21,42,0,14,6,MYATT DR,,14,36.28554167,-86.69271667,0,12,2,0,1,1,0,1,3,2,0,2,0,0000000,99,99,99,99,99,99,0,0,0,1,1
47,470307,2,2,0,0,0,3,3,37,1760,29,4,2012,1,17,34,0,5,6,LICKTON PIKE,,22,36.30266667,-86.807,0,12,6,0,1,1,0,1,1,1,0,1,0,0000000,99,99,99,99,99,99,0,0,0,1,0