STATE,ST_CASE,VE_TOTAL,VE_FORMS,PVH_INVL,PEDS,PERNOTMVIT,PERMVIT,PERSONS,COUNTY,CITY,DAY,MONTH,YEAR,DAY_WEEK,HOUR,MINUTE,NHS,ROAD_FNC,ROUTE,TWAY_ID,TWAY_ID2,MILEPT,LATITUDE,LONGITUD,SP_JUR,HARM_EV,MAN_COLL,RELJCT1,RELJCT2,TYP_INT,WRK_ZONE,REL_ROAD,LGT_COND,WEATHER1,WEATHER2,WEATHER,SCH_BUS,RAIL,NOT_HOUR,NOT_MIN,ARR_HOUR,ARR_MIN,HOSP_HR,HOSP_MN,CF1,CF2,CF3,FATALS,DRUNK_DR
47,470308,1,1,0,0,0,1,1,37,1760,3,5,2012,5,11,12,1,12,3,SR-115 BRILEY PKWY,,268,36.15894444,-86.86529444,0,1,0,0,1,1,0,4,1,1,0,1,0,0000000,99,99,99,99,88,88,0,0,0,1,0
47,470309,1,1,0,0,0,1,1,169,0,7,5,2012,2,6,15,1,2,2,US-231 SR-376,,43,36.45069444,-86.267025,0,23,0,0,1,1,0,4,1,1,0,1,0,0000000,99,99,99,99,99,99,0,0,0,1,0
47,470310,2,2,0,0,0,2,2,149,0,11,5,2012,6,20,6,1,2,2,US-70S SR-1 JOHN BRAGG HWY,CR-MURRAY KITTRELL RD,257,35.82165,-86.24624722,0,12,6,0,7,1,0,1,1,1,0,1,0,0000000,99,99,99,99,99,99,0,0,0,1,0
47,470311,2,2,0,0,0,3,3,1,1850,11,5,2012,6,17,37,0,14,3,SR-170 EDGEMOOR RD,,0,36.00075278,-84.18505556,9,12,6,0,1,1,0,1,1,1,0,1,0,0000000,99,99,99,99,99,99,0,0,0,1,0
47,470312,1,1,0,0,0,1,1,49,0,12,5,2012,7,99,99,0,5,4,CR-BANNER-ROSLIN RD,,17,36.26336389,-84.96531389,0,42,0,0,1,1,0,4,4,1,0,1,0,0000000,99,99,99,99,99,99,18,0,0,1,1
47,470313,2,2,0,0,0,6,6,93,1300,12,5,2012,7,22,41,0,16,6,S CASTLE ST,,0,35.98782778,-83.87941667,0,12,2,0,1,1,0,1,3,10,0,10,0,0000000,99,99,99,99,99,99,0,0,0,1,0
47,470314,1,1,0,0,0,2,2,165,1648,12,5,2012,7,18,0,1,11,1,I-65,,44,36.37986111,-86.71376944,0,1,0,0,1,1,0,3,1,2,0,2,0,0000000,99,99,99,99,99,99,0,0,0,1,0
47,470315,1,1,0,0,0,1,1,189,0,13,5,2012,1,13,55,0,5,4,CR-BIG SPRINGS RD,CR-RAMSEY LN,50,36.22958056,-86.17694444,0,24,0,0,3,3,0,4,1,2,0,2,0,0000000,99,99,99,99,88,88,0,0,0,1,0
47,470316,2,2,0,0,0,2,2,79,0,14,5,2012,2,14,8,0,5,4,CR-REYNOLDSBURG RD,,33,36.22545,-88.25983889,0,12,6,0,1,1,0,1,1,1,0,1,0,0000000,99,99,99,99,99,99,0,0,0,1,0
47,470317,2,2,0,0,0,2,2,71,0,15,5,2012,3,17,30,0,3,3,SR-57,,70,35.04529444,-88.26040833,0,12,2,0,8,1,0,1,1,1,0,1,0,0000000,99,99,99,99,99,99,0,0,0,1,0
47,470318,1,1,0,0,0,2,2,93,1300,15,5,2012,3,16,33,1,11,1,I-40 RAMP,PAPERMILL DR,142,35.94114444,-84.00395278,0,30,0,0,5,1,0,4,1,10,0,10,0,0000000,99,99,99,99,99,99,0,0,0,2,0
47,470319,1,1,0,0,0,1,1,63,1700,11,5,2012,6,0,30,0,14,6,W ANDREW JOHNSON HWY,N FAIRMONT AVE RAMP,7,36.20807222,-83.30799722,0,30,0,0,3,4,0,4,3,1,0,1,0,0000000,99,99,99,99,99,99,1,0,0,1,1
47,470320,1,1,0,0,0,1,1,99,0,17,5,2012,5,11,38,0,4,3,SR-242 BUFFALO RD,,265,35.29481111,-87.34953611,0,34,0,0,1,1,0,4,1,1,0,1,0,0000000,99,99,99,99,99,99,0,0,0,1,0
47,470321,1,1,0,1,1,2,2,157,1620,18,5,2012,6,20,40,0,13,2,US-64/70 SR-1 SUMMER AVE,,81,35.14946389,-89.95826389,0,8,0,0,1,1,0,1,3,1,0,1,0,0000000,99,99,99,99,99,99,0,0,0,1,0
47,470322,1,1,0,0,0,1,1,85,0,19,5,2012,7,4,34,0,5,4,CR-1816 BOX HOLLOW RD,,12,36.0368,-87.89724167,0,34,0,0,1,1,0,4,2,1,0,1,0,0000000,99,99,99,99,99,99,0,0,0,1,1
47,470323,1,1,0,0,0,1,1,93,1300,19,5,2012,7,20,44,0,16,6,PARKDALE RD,RIDGECREST DR,4,36.03578333,-83.95685556,0,42,0,0,3,3,0,4,3,1,0,1,0,0000000,99,99,99,99,88,88,0,0,0,1,1
47,470324,1,1,0,0,0,3,3,115,0,19,5,2012,7,20,41,1,1,1,I-24,,245,35.0308,-85.57629722,0,35,0,0,1,1,0,4,2,1,0,1,0,0000000,99,99,99,99,99,99,0,0,0,1,0
47,470325,1,1,0,0,0,1,1,163,1280,19,5,2012,7,18,13,0,15,6,DIANA RD,DIANA CIR,3,36.50078889,-82.57559444,0,31,0,0,3,3,0,4,1,1,0,1,0,0000000,99,99,99,99,99,99,0,0,0,1,0
47,470326,2,2,0,0,0,2,2,157,1620,22,5,2012,3,8,42,1,13,2,US-61 SR-14 S THIRD ST,,38,35.03059722,-90.07803611,0,12,6,0,4,1,0,1,1,1,0,1,0,0000000,99,99,99,99,99,99,0,0,0,1,0
47,470327,1,1,0,0,0,2,2,157,1620,28,5,2012,2,0,2,0,14,6,WHITTEN RD,,46,35.16641667,-89.836525,0,30,0,0,1,1,0,4,3,1,0,1,0,0000000,99,99,99,99,88,88,0,0,0,2,1
47,470328,2,2,0,0,0,3,3,177,0,25,5,2012,6,6,50,1,2,3,SR-55 MANCHESTER HWY,,83,35.64645278,-85.82314444,0,12,2,0,1,1,0,1,1,1,0,1,0,0000000,99,99,99,99,99,99,0,0,0,2,0
47,470329,2,2,0,0,0,5,5,179,1250,23,5,2012,4,22,20,1,13,2,US-321 SR-381 W STATE OF FRANK,W WALNUT ST,9,36.307225,-82.36462778,0,12,6,1,2,3,0,1,3,1,0,1,0,0000000,99,99,99,99,99,99,0,0,0,1,1
47,470330,2,2,0,0,0,5,5,157,1620,26,5,2012,7,22,45,0,14,6,NATIONAL ST,BAYLISS AVE,8,35.17203611,-89.94204444,0,12,6,1,2,2,0,1,3,1,0,1,0,0000000,99,99,99,99,99,99,0,0,0,1,1
47,470331,1,1,0,0,0,2,2,59,1010,30,5,2012,4,14,18,0,16,6,ROARING FORK RD,,9,36.22137778,-82.85359444,0,42,0,0,1,1,0,4,1,1,0,1,0,0000000,99,99,99,99,99,99,0,0,0,1,0
47,470332,1,1,0,2,2,1,1,93,1300,30,5,2012,4,1,47,0,14,6,WASHINGTON PK,,37,36.01703889,-83.89004444,0,8,0,0,1,1,0,1,3,1,0,1,0,0000000,99,99,99,99,88,88,23,0,0,2,0
47,470333,1,1,0,0,0,1,1,163,1280,31,5,2012,5,17,37,1,11,1,I-81,,49,36.46819444,-82.50097222,0,1,0,0,1,1,0,1,1,1,0,1,0,0000000,99,99,99,99,99,99,0,0,0,1,0
47,470334,2,2,0,0,0,3,3,125,410,29,5,2012,3,16,39,1,13,2,US-41A SR-12 FT CAMPBELL BLVD,HADLEY DR,205,36.59568889,-87.41918056,0,12,6,0,2,2,0,1,1,2,0,2,0,0000000,99,99,99,99,99,99,0,0,0,1,0
47,470335,2,2,0,0,0,4,4,31,1550,27,5,2012,1,12,5,0,15,6,E COFFEE ST,S SPRING ST,10,35.47406944,-86.08928056,0,12,6,0,2,2,0,1,1,1,0,1,0,0000000,99,99,99,99,99,99,0,0,0,1,0
47,470336,2,2,0,0,0,2,2,97,0,24,5,2012,5,20,2,0,5,4,CR-EDITH NANKIPOO RD,,57,35.87501389,-89.53984722,0,12,2,0,1,1,0,1,5,1,0,1,0,0000000,99,99,99,99,88,88,0,0,0,1,1
47,470337,1,1,0,0,0,1,1,157,1620,29,5,2012,3,22,21,1,11,1,I-240,,193,35.14774722,-89.87905833,0,42,0,0,1,1,0,4,3,1,0,1,0,0000000,99,99,99,99,88,88,0,0,0,1,0
47,470338,1,1,0,0,0,1,1,67,0,20,4,2012,6,22,58,0,3,3,SR-31,CR-DUCK CREEK RD,62,36.50176667,-83.23768889,0,43,0,0,3,2,0,4,2,1,0,1,0,0000000,99,99,99,99,88,88,24,0,0,1,1
47,470339,2,2,0,0,0,2,2,37,1760,3,5,2012,5,17,30,0,13,3,SR-251 OLD HICKORY BLVD,,100,36.09700278,-86.92476667,0,12,2,0,1,1,0,1,1,1,0,1,0,0000000,99,99,99,99,88,88,0,0,0,1,0
47,470340,2,2,0,0,0,2,2,113,1200,3,5,2012,5,18,40,0,5,6,OLD HUMBOLDT RD,WINDY CITY RD,52,35.74196944,-88.90722778,0,12,6,0,2,2,0,1,1,1,0,1,0,0000000,99,99,99,99,99,99,0,0,0,1,0
47,470341,1,1,0,0,0,1,1,37,1760,17,5,2012,5,0,5,0,4,3,SR-171 HOBSON PK,,74,36.099875,-86.55228889,0,24,0,0,1,1,0,4,2,1,0,1,0,0000000,99,99,99,99,88,88,0,0,0,1,0
47,470342,2,2,0,0,0,2,2,139,215,21,5,2012,2,23,19,1,2,2,US-411 SR-33,,163,35.18378056,-84.64095556,0,43,0,0,1,1,1,4,2,2,0,2,0,0000000,99,99,99,99,99,99,3,0,0,1,1
47,470343,1,1,0,0,0,1,1,149,1750,19,5,2012,7,2,35,1,11,1,I-24 RAMP,MEDICAL CENTER PKWY,133,35.86302222,-86.45231944,0,26,0,1,5,1,0,4,2,1,0,1,0,0000000,99,99,99,99,88,88,0,0,0,1,1
47,470344,1,1,0,0,0,1,1,11,420,20,5,2012,1,21,24,0,13,2,US-11/64 SR-2 S LEE HWY,,81,35.15223889,-84.89776944,0,30,0,0,1,1,0,4,3,1,0,1,0,0000000,99,99,99,99,99,99,20,0,0,1,0
47,470345,1,1,0,0,0,2,2,13,0,16,5,2012,4,4,0,0,4,2,US-25W SR-9,,103,36.54324167,-84.07411667,0,52,0,0,1,1,0,4,2,5,0,5,0,0000000,99,99,99,99,99,99,0,0,0,1,0
47,470346,1,1,0,0,0,1,1,125,410,26,5,2012,7,99,99,0,16,6,HAZELWOOD RD,,0,36.61445833,-87.34830833,0,34,0,0,1,1,0,4,3,1,0,1,0,0000000,99,99,99,99,99,99,0,0,0,1,1
47,470347,1,1,0,0,0,1,1,157,1620,29,5,2012,3,18,47,1,11,1,I-40,,164,35.16984444,-89.85018333,0,24,0,0,1,1,0,4,1,1,0,1,0,0000000,99,99,99,99,88,88,0,0,0,1,0
47,470348,1,1,0,0,0,1,1,109,230,1,6,2012,6,13,58,1,2,2,US-45 SR-5 GENERAL MARCUS J WR,,180,35.21840556,-88.61549444,0,35,0,0,1,1,0,4,1,1,0,1,0,0000000,99,99,99,99,99,99,0,0,0,1,0
47,470349,1,1,0,0,0,2,2,77,0,29,5,2012,3,17,50,0,4,3,SR-22 HWY 22A,,74,35.59806111,-88.42971111,0,32,0,0,1,1,0,4,1,1,0,1,0,0000000,99,99,99,99,99,99,0,0,0,1,1
47,470350,2,2,0,0,0,2,2,189,0,23,5,2012,4,18,7,0,6,4,CR-ROUND TOP RD,,13,36.02918333,-86.06583056,0,12,1,0,1,1,0,1,1,1,0,1,0,0000000,99,99,99,99,99,99,4,22,0,1,1
47,470351,1,1,0,0,0,2,2,115,1777,26,5,2012,7,12,40,0,4,3,SR-156 SHELLMOUND RD,,182,35.00096944,-85.64953333,0,42,0,0,1,1,0,4,1,1,0,1,0,0000000,99,99,99,99,99,99,0,0,0,1,0
47,470352,1,1,0,0,0,1,1,111,1310,27,5,2012,1,11,50,0,3,3,SR-10 HARTSVILLE RD,,60,36.50856944,-86.04168889,0,52,0,0,1,1,0,4,1,1,0,1,0,0000000,99,99,99,99,99,99,0,0,0,1,0
47,470353,1,1,0,0,0,1,1,157,0,29,5,2012,3,13,0,0,5,4,CR-ARMOUR RD,CR-KERRVILLE ROSEMARK RD,33,35.36790833,-89.82296111,0,42,0,0,3,3,0,5,1,1,0,1,0,0000000,99,99,99,99,88,88,0,0,0,1,0
47,470354,1,1,0,0,0,1,1,51,0,31,5,2012,5,17,44,0,3,2,US-64 SR-50 OLD ALTO HWY,,7,35.25554167,-86.01514444,0,35,0,0,1,1,0,4,1,1,0,1,0,0000000,99,99,99,99,88,88,0,0,0,1,1
47,470355,1,1,0,0,0,2,2,51,0,1,6,2012,6,9,20,0,6,4,CR-ROCK CREEK RD,,60,35.31311944,-86.20102222,0,42,0,0,1,1,0,4,1,10,0,10,0,0000000,99,99,99,99,99,99,0,0,0,1,0
47,470356,1,1,0,0,0,1,1,169,1070,2,6,2012,7,17,45,0,5,6,BOAT DOCK RD,,21,36.38776389,-86.19284722,0,34,0,0,1,1,0,4,1,1,0,1,0,0000000,99,99,99,99,99,99,0,0,0,1,0
47,470357,2,2,0,0,0,3,3,93,1300,3,6,2012,1,15,41,1,11,1,I-40,,163,35.95759167,-83.96960833,0,24,0,0,1,1,0,4,1,1,0,1,0,0000000,99,99,99,99,99,99,0,0,0,2,0
47,470358,1,1,0,0,0,1,1,23,0,19,5,2012,7,11,19,0,4,3,SR-125,,10,35.34905,-88.80275,0,1,0,0,1,1,0,1,1,1,0,1,0,0000000,99,99,99,99,99,99,0,0,0,1,0
47,470359,3,3,0,0,0,4,4,125,410,18,5,2012,6,13,44,0,14,2,US-79 SR-76 DOVER RD,DONNA DR,112,36.55424444,-87.43095833,0,12,6,1,2,3,0,1,1,1,0,1,0,0000000,99,99,99,99,99,99,14,0,0,1,0
47,470360,2,2,0,0,0,2,2,31,2470,2,6,2012,7,16,14,0,14,6,W LINCOLN ST,,7,35.33988889,-86.26258333,0,12,6,0,8,1,0,1,1,10,0,10,0,0000000,99,99,99,99,99,99,0,0,0,1,0
47,470361,1,1,0,0,0,1,1,163,290,24,3,2012,7,4,47,0,15,3,SR-390 BLUFF CITY HWY,ATLAS DR,21,36.50186111,-82.26208611,0,1,0,0,3,3,0,4,2,1,0,1,0,0000000,99,99,99,99,88,88,0,0,0,1,0
47,470362,1,1,0,1,1,1,1,117,1380,4,4,2012,4,21,19,0,14,2,US-31ABR SR-11 N 2ND AVE,COLLEGE ST,120,35.45366667,-86.78855278,0,9,0,0,2,3,0,1,3,1,0,1,0,0000000,99,99,99,99,99,99,0,0,0,1,0
47,470364,3,3,0,0,0,5,5,93,0,6,6,2012,4,17,28,1,13,2,US-129 SR-115 ALCOA HWY RAMP,,11,35.88514722,-83.95358056,0,12,1,1,5,1,0,1,1,1,0,1,0,0000000,99,99,99,99,99,99,0,0,0,1,0
47,470365,1,1,0,0,0,2,2,177,0,9,6,2012,7,10,10,0,6,4,CR-BETHANY RD,,28,35.71677778,-85.85426667,0,35,0,0,1,1,0,4,1,1,0,1,0,0000000,99,99,99,99,99,99,0,0,0,1,0
47,470366,1,1,0,0,0,1,1,11,420,10,6,2012,1,16,45,0,14,6,WESTSIDE DR NW,,13,35.19468333,-84.8829,0,42,0,0,1,1,0,5,1,10,0,10,0,0000000,99,99,99,99,99,99,0,0,0,1,0
47,470367,2,2,0,0,0,3,3,25,0,6,6,2012,4,12,38,1,2,2,US-25E SR-32 DIXIE HWY,,7,36.40784167,-83.46783611,0,12,2,0,1,1,0,1,1,1,0,1,0,0000000,99,99,99,99,99,99,0,0,0,2,0
47,470368,1,1,0,0,0,1,1,5,0,19,4,2012,5,16,15,1,1,7,I-40 RAMP,,70,35.86836667,-87.97111111,0,1,0,0,5,1,0,8,1,1,0,1,0,0000000,99,99,99,99,99,99,0,0,0,1,0
47,470369,1,1,0,0,0,1,1,97,0,25,5,2012,6,18,25,0,5,4,CR-CURVE NANIKIPOO RD,,6,35.80676667,-89.47388889,0,1,0,0,1,1,0,4,1,1,0,1,0,0000000,99,99,99,99,99,99,0,0,0,1,0
47,470370,1,1,0,0,0,1,1,109,0,26,5,2012,7,20,6,0,6,4,CR-LITT WILSON RD,,0,35.33581944,-88.60822778,0,42,0,0,1,1,0,4,2,1,0,1,0,0000000,99,99,99,99,99,99,0,0,0,1,1
47,470371,1,1,0,0,0,1,1,35,0,31,5,2012,5,13,35,0,4,2,US-70 SR-1,,195,35.94632222,-84.94701111,0,31,0,0,1,1,0,4,1,1,0,1,0,0000000,99,99,99,99,99,99,0,0,0,1,0
47,470372,1,1,0,0,0,1,1,13,0,1,6,2012,6,19,0,0,6,4,CR-OAK GROVE RD,,21,36.25515556,-84.15744444,0,38,0,0,1,1,0,4,1,1,0,1,0,0000000,99,99,99,99,99,99,0,0,0,1,0
47,470373,1,1,0,0,0,1,1,107,0,2,6,2012,7,16,10,0,4,3,SR-307 OLD MADISONVILLE RD,,49,35.48281111,-84.52110556,0,34,0,0,1,1,0,4,1,1,0,1,0,0000000,99,99,99,99,88,88,0,0,0,1,1
47,470374,1,1,0,0,0,1,1,9,0,6,6,2012,4,16,30,0,3,2,US-129 SR-115,,35,35.49603611,-83.93401111,0,17,0,0,1,1,0,4,1,1,0,1,0,0000000,99,99,99,99,99,99,0,0,0,1,0
47,470375,1,1,0,0,0,1,1,121,0,7,6,2012,5,19,45,0,3,3,SR-58,,85,35.40998611,-84.89034722,0,35,0,0,1,1,0,4,5,1,0,1,0,0000000,99,99,99,99,88,88,0,0,0,1,1
47,470376,1,1,0,0,0,3,3,105,0,5,6,2012,3,0,1,0,3,3,SR-72 LOUDON HWY,,125,35.73508611,-84.4046,0,35,0,0,1,1,0,4,2,1,0,1,0,0000000,99,99,99,99,99,99,20,0,0,2,0
47,470377,1,1,0,0,0,2,2,149,1345,5,6,2012,3,19,59,0,16,6,JFK DR,ROCKY TOCK DR,3,36.009675,-86.59147778,0,30,0,0,2,3,0,4,1,1,0,1,0,0000000,99,99,99,99,99,99,0,0,0,1,1
47,470378,2,2,0,0,0,3,3,89,1230,9,6,2012,7,12,36,0,14,3,SR-92 OLD ANDREW JOHNSON RD,DAVIS HOLLOW RD,148,36.07219722,-83.47619444,0,1,0,0,2,3,0,1,1,1,0,1,0,0000000,99,99,99,99,99,99,0,0,0,1,0
47,470379,1,1,0,0,0,1,1,73,0,6,6,2012,4,12,10,0,4,3,SR-347 BUREM RD,,50,36.41638611,-82.92488333,0,38,0,0,1,1,0,4,1,1,0,1,0,0000000,99,99,99,99,99,99,0,0,0,1,0
47,470380,2,2,0,0,0,3,3,131,0,6,6,2012,4,6,20,0,5,4,CR-ELDBRIDGE-OBION RD,,60,36.26461389,-89.30617778,0,12,1,0,1,1,0,1,1,1,0,1,0,0000000,99,99,99,99,88,88,0,0,0,1,1
47,470381,2,2,0,0,0,2,2,73,0,10,6,2012,1,0,10,0,4,3,SR-113,,35,36.32673889,-83.08931389,0,42,0,0,1,1,0,4,2,1,0,1,0,0000000,99,99,99,99,99,99,0,0,0,1,1
47,470382,2,2,0,0,0,4,4,65,400,24,5,2012,5,12,56,0,14,6,MCCALIE AVE,ONEAL ST,4,35.04125,-85.2892,0,12,6,0,2,3,0,1,1,1,0,1,0,0000000,99,99,99,99,99,99,0,0,0,1,0
47,470383,2,2,0,0,0,2,2,9,30,15,6,2012,6,5,50,0,13,3,SR-35 HALL RD,,7,35.78548889,-83.98758889,0,12,6,0,7,1,0,1,4,1,0,1,0,0000000,99,99,99,99,88,88,0,0,0,1,0
47,470384,2,2,0,0,0,2,2,157,0,30,5,2012,4,14,2,0,3,3,SR-205 COLLIERVILLE-ARLINGTON,CR-RALEIGH LAGRANGE RD,46,35.10879167,-89.65771944,0,12,6,0,2,3,0,1,1,1,0,1,0,0000000,99,99,99,99,88,88,0,0,0,1,0
47,470385,1,1,0,0,0,2,2,99,1194,6,6,2012,4,15,58,0,4,3,SR-227 IRON CITY RD,,26,35.02728056,-87.56698056,0,43,0,0,1,1,0,4,1,1,0,1,0,0000000,99,99,99,99,99,99,0,0,0,2,0
47,470386,1,1,0,0,0,1,1,119,2350,9,6,2012,7,16,46,0,16,6,JIM WARREN RD,,16,35.7223,-86.86686389,0,34,0,0,1,1,0,4,1,1,0,1,0,0000000,99,99,99,99,88,88,0,0,0,1,1
47,470387,1,1,0,0,0,1,1,89,0,10,6,2012,1,2,25,0,4,2,US-25W/70 SR-9,,170,36.03831111,-83.33565556,0,23,0,0,1,1,0,4,2,10,0,10,0,0000000,99,99,99,99,99,99,0,0,0,1,1
47,470388,1,1,0,0,0,1,1,173,0,2,5,2012,4,16,25,0,4,3,SR-61,TEXAS HOLLOW RD,133,36.24540278,-83.74635278,0,34,0,0,3,1,0,4,1,1,0,1,0,0000000,99,99,99,99,99,99,0,0,0,1,0
47,470389,1,1,0,0,0,1,1,31,0,13,6,2012,4,22,6,0,5,4,CR-ROCK RD,,63,35.53893333,-85.9866,0,42,0,0,8,1,0,4,2,1,0,1,0,0000000,99,99,99,99,99,99,0,0,0,1,1
47,470390,1,1,0,0,0,1,1,113,0,13,6,2012,4,22,20,0,4,2,US-70 SR-1 BROWNSVILLE HWY,,16,35.58639444,-89.04526389,0,11,0,0,1,1,0,1,2,1,0,1,0,0000000,99,99,99,99,99,99,0,0,0,1,1
47,470391,1,1,0,0,0,2,2,103,0,16,6,2012,7,23,20,0,4,3,SR-275 FLINTVILLE RD,,119,35.06273333,-86.41983889,0,11,0,0,1,1,0,1,3,1,0,1,0,0000000,99,99,99,99,99,99,0,0,0,2,0
47,470392,2,2,0,0,0,2,2,5,330,15,6,2012,6,22,0,0,3,2,US-70 SR-1,SR-191 BIRDSONG RD,77,36.03594722,-88.07842222,0,12,6,0,2,2,0,1,2,1,0,1,0,0000000,99,99,99,99,99,99,0,0,0,1,1
47,470393,2,2,0,0,0,2,2,155,0,7,6,2012,5,17,30,0,3,2,US-321 SR-73 PITTMAN PKWY,,247,35.76315556,-83.30096389,0,12,2,0,1,1,0,1,1,1,0,1,0,0000000,99,99,99,99,99,99,0,0,0,1,1
47,470394,2,2,0,0,0,2,2,163,245,13,6,2012,4,18,25,0,16,6,ISLAND RD,,26,36.56318056,-82.31656111,0,12,6,0,8,1,0,1,1,1,0,1,0,0000000,99,99,99,99,99,99,0,0,0,1,1
47,470395,2,2,0,0,0,2,2,63,1700,15,6,2012,6,19,54,0,3,3,SR-160 ENKA HWY,,56,36.18269444,-83.24188333,0,12,2,0,1,1,0,1,1,1,0,1,0,0000000,99,99,99,99,99,99,0,0,0,2,1
47,470396,2,2,0,0,0,3,3,35,0,13,6,2012,4,12,9,0,4,2,US-70N SR-24,CR-POMONA RD,112,35.99613056,-85.11061944,0,12,2,1,2,2,0,1,1,1,0,1,0,0000000,99,99,99,99,99,99,0,0,0,1,0
47,470397,2,2,0,0,0,3,3,183,0,14,6,2012,5,0,35,0,6,4,CR-ADAMS RD,CR-HAWKINS RD,34,36.23853611,-88.89870278,0,12,6,0,2,2,0,1,2,1,0,1,0,0000000,99,99,99,99,99,99,0,0,0,1,1
47,470398,2,2,0,0,0,4,4,7,0,27,5,2012,1,6,30,0,2,2,US-127 SR-28 COLD SPRINGS CROS,CR-PHILIP LN,200,35.67053889,-85.13706389,0,12,2,0,3,3,0,1,1,1,0,1,0,0000000,99,99,99,99,99,99,0,0,0,2,0
47,470399,1,1,0,3,3,1,1,133,0,13,6,2012,4,20,46,0,3,3,SR-85 HILHAM HWY,,72,36.3883,-85.40024444,0,9,0,0,1,1,0,1,2,1,0,1,0,0000000,99,99,99,99,99,99,0,0,0,1,0
47,470400,1,1,0,0,0,1,1,165,0,19,6,2012,3,16,17,0,4,3,SR-174 DOBBINS PIKE,,286,36.55875556,-86.38973889,0,53,0,0,1,1,0,4,1,1,0,1,0,0000000,99,99,99,99,88,88,0,0,0,1,0
47,470401,1,1,0,0,0,2,2,29,0,20,6,2012,4,6,37,1,1,1,I-40,,1,35.98420278,-83.27940278,0,57,0,0,1,1,0,4,4,1,0,1,0,0000000,99,99,99,99,99,99,0,0,0,1,0
47,470402,1,1,0,0,0,1,1,111,0,1,6,2012,6,21,45,0,6,4,CR-TRENT RD,,18,36.55751944,-86.02598333,0,53,0,0,1,1,0,4,2,1,0,1,0,0000000,99,99,99,99,88,88,0,0,0,1,1
47,470403,1,1,0,0,0,3,3,147,0,18,6,2012,2,18,33,0,5,4,CR-BETHLEHEM RD,,7,36.49090278,-86.74598056,0,42,0,0,1,1,0,4,1,1,0,1,0,0000000,99,99,99,99,99,99,0,0,0,1,0
47,470404,2,2,0,0,0,5,5,167,520,11,6,2012,2,16,20,1,13,2,US-51 SR-3,,142,35.53707778,-89.67359722,0,12,6,1,8,1,0,1,1,2,0,2,0,0000000,99,99,99,99,99,99,0,0,0,1,0
47,470405,3,3,0,0,0,6,6,141,0,29,5,2012,3,20,45,1,1,1,I-40,,239,36.14040278,-85.42890278,0,12,7,0,1,1,0,1,2,1,0,1,0,0000000,99,99,99,99,99,99,0,0,0,1,0
47,470406,2,2,0,0,0,2,2,93,1300,6,6,2012,4,11,27,0,14,6,CEDAR LN,,34,36.02343889,-83.95699444,0,12,2,0,1,1,0,1,1,1,0,1,0,0000000,99,99,99,99,99,99,0,0,0,1,0
47,470407,1,1,0,1,1,1,1,157,1620,23,5,2012,4,23,36,0,14,6,SOUTH PARKWAY WEST,,5,35.10784722,-90.06764444,0,8,0,0,1,1,0,1,7,1,0,1,0,0000000,99,99,99,99,99,99,0,0,0,1,0
47,470408,1,1,0,0,0,1,1,1,0,16,6,2012,7,3,20,0,4,2,US-25W SR-9,,36,36.18443889,-84.14458889,0,35,0,0,1,1,0,4,2,1,0,1,0,0000000,99,99,99,99,88,88,0,0,0,1,1
47,470409,1,1,0,0,0,1,1,37,1760,4,6,2012,2,10,7,1,1,1,I-24,,91,36.27135,-86.794175,0,35,0,0,1,1,0,4,1,1,0,1,0,0000000,99,99,99,99,88,88,0,0,0,1,0
47,470410,2,2,0,0,0,2,2,55,0,28,6,2012,5,13,37,1,2,2,US-64 SR-15 FAYETTEVILLE HWY,,192,35.19499167,-86.89311389,0,12,1,0,1,1,0,2,1,1,0,1,0,0000000,99,99,99,99,99,99,0,0,0,1,1
47,470411,1,1,0,0,0,1,1,93,0,19,6,2012,3,99,99,0,14,3,SR-168 W GOV JOHN SEVIER HWY,,92,35.94658889,-83.80700278,0,34,0,0,1,1,0,4,2,1,0,1,0,0000000,99,99,99,99,88,88,0,0,0,1,0
47,470412,1,1,0,0,0,1,1,99,0,19,6,2012,3,22,0,0,6,4,CR-BEARTOWN RD,,20,35.04649167,-87.45595833,0,32,0,0,1,1,0,4,2,1,0,1,0,0000000,99,99,99,99,99,99,0,0,0,1,0
47,470413,3,2,1,0,0,3,3,31,0,16,6,2012,7,13,35,1,1,1,I-24,,193,35.42958056,-86.02910833,0,12,1,0,1,1,0,1,1,1,0,1,0,0000000,99,99,99,99,99,99,19,0,0,1,0
47,470414,1,1,0,0,0,1,1,35,0,3,6,2012,1,99,99,0,6,4,CR-MORNING STAR DR,,1,35.8475,-85.12757222,0,38,0,0,1,1,0,4,2,1,0,1,0,0000000,5,22,5,36,6,0,0,0,0,1,0
47,470415,3,3,0,0,0,10,10,157,1620,9,6,2012,7,12,18,0,14,6,PERKINS RD,WILLOW RD,36,35.08570833,-89.90715833,0,12,6,0,2,2,0,1,1,1,0,1,0,0000000,99,99,99,99,99,99,14,0,0,1,0
47,470416,3,3,0,0,0,5,5,173,0,22,6,2012,6,11,10,0,3,3,SR-33 MAYNARDVILLE HWY,,39,36.21147778,-83.86775,0,12,6,0,1,1,0,1,1,1,0,1,0,0000000,99,99,99,99,99,99,0,0,0,1,0