STATE,ST_CASE,VE_TOTAL,VE_FORMS,PVH_INVL,PEDS,PERNOTMVIT,PERMVIT,PERSONS,COUNTY,CITY,DAY,MONTH,YEAR,DAY_WEEK,HOUR,MINUTE,NHS,ROAD_FNC,ROUTE,TWAY_ID,TWAY_ID2,MILEPT,LATITUDE,LONGITUD,SP_JUR,HARM_EV,MAN_COLL,RELJCT1,RELJCT2,TYP_INT,WRK_ZONE,REL_ROAD,LGT_COND,WEATHER1,WEATHER2,WEATHER,SCH_BUS,RAIL,NOT_HOUR,NOT_MIN,ARR_HOUR,ARR_MIN,HOSP_HR,HOSP_MN,CF1,CF2,CF3,FATALS,DRUNK_DR
47,470417,1,1,0,0,0,4,4,137,0,24,6,2012,1,19,50,0,6,4,CR-LICK CREEK RD,,4,36.60017778,-85.09041111,0,34,0,0,1,1,0,4,5,1,0,1,0,0000000,99,99,99,99,99,99,6,0,0,1,1
47,470418,2,2,0,0,0,3,3,145,0,21,6,2012,5,0,15,1,11,1,I-40,,113,35.88579167,-84.51695,0,12,1,0,1,1,0,1,2,1,0,1,0,0000000,99,99,99,99,99,99,0,0,0,1,0
47,470419,1,1,0,0,0,1,1,119,470,20,5,2012,1,3,37,0,13,2,US-31 SR-6 NASHVILLE HWY,WALNUT DR,269,35.68424444,-86.99687778,0,43,0,0,3,3,0,3,2,1,0,1,0,0000000,99,99,99,99,88,88,0,0,0,1,0
47,470420,1,1,0,0,0,4,4,99,0,4,6,2012,2,22,53,0,5,4,CR-1838 RAILROAD PK,,63,35.43361944,-87.34149167,0,1,0,0,1,1,0,4,2,1,0,1,0,0000000,99,99,99,99,99,99,0,0,0,1,1
47,470421,1,1,0,0,0,1,1,47,0,9,6,2012,7,10,57,0,6,4,CR-COWAN LOOP,,81,35.05458611,-89.34190833,0,10,0,0,6,1,0,1,1,1,0,1,0,732093T,99,99,99,99,88,88,0,0,0,1,1
47,470422,1,1,0,0,0,1,1,77,0,3,7,2012,3,20,16,1,1,1,I-40,,164,35.80253889,-88.33385,0,42,0,0,1,1,0,4,2,1,0,1,0,0000000,99,99,99,99,88,88,0,0,0,1,0
47,470423,3,3,0,0,0,4,4,143,590,26,5,2012,7,15,17,1,13,2,US-27 SR-29 US HWY 27,BLACK OAK RIDGE RD,39,35.47018611,-85.03524167,0,12,6,0,2,3,0,1,1,1,0,1,0,0000000,99,99,99,99,99,99,14,0,0,2,0
47,470424,1,1,0,0,0,1,1,145,0,8,6,2012,6,20,35,0,4,3,SR-327 BLAIR RD,,30,35.95976667,-84.40125278,0,52,0,0,1,1,0,4,1,1,0,1,0,0000000,99,99,99,99,99,99,0,0,0,1,0
47,470425,2,2,0,0,0,3,3,53,0,25,6,2012,2,22,45,0,2,2,US-45W SR-5 JAMES A HADLEY SR,,84,35.89576111,-88.92853056,0,12,2,0,1,1,0,1,2,1,0,1,0,0000000,99,99,99,99,99,99,0,0,0,1,0
47,470426,2,2,0,0,0,3,3,163,245,25,6,2012,2,18,35,0,14,3,SR-75 BRISTOL HWY,,71,36.51459167,-82.37046111,0,12,2,0,1,1,0,1,1,1,0,1,0,0000000,99,99,99,99,99,99,0,0,0,1,0
47,470427,2,2,0,0,0,4,4,147,499,26,6,2012,3,22,5,0,3,2,US-431 SR-65 TOM AUSTIN MEMORI,OLD HWY 431,12,36.42286111,-86.90065556,0,12,6,0,2,3,0,1,2,1,0,1,0,0000000,99,99,99,99,99,99,0,0,0,1,0
47,470428,1,1,0,0,0,1,1,67,0,28,6,2012,5,19,40,0,3,3,SR-70,,6,36.55501944,-83.03653889,0,34,0,0,1,1,0,4,1,1,0,1,0,0000000,99,99,99,99,88,88,0,0,0,1,0
47,470429,1,1,0,0,0,1,1,43,0,3,1,2012,3,1,12,0,5,4,CR-387 LITTLE BARTONS CREEK RD,SR-235 SLAYDEN-MARION RD,108,36.26316944,-87.4633,0,35,0,0,3,3,0,4,2,1,0,1,0,0000000,99,99,99,99,99,99,0,0,0,1,0
47,470430,1,1,0,0,0,1,1,9,0,15,6,2012,6,13,0,0,3,2,US-129 SR-115 CALDERWOOD HWY,,82,35.50298611,-83.96868611,0,42,0,0,1,1,0,4,1,1,0,1,0,0000000,99,99,99,99,99,99,0,0,0,1,0
47,470431,1,1,0,0,0,1,1,149,0,1,7,2012,1,5,1,0,3,3,SR-96 LASCASSAS PIKE,,200,35.90974444,-86.32282778,0,24,0,0,1,1,0,4,4,1,0,1,0,0000000,99,99,99,99,99,99,0,0,0,1,1
47,470432,2,2,0,0,0,2,2,165,960,10,7,2012,3,1,25,0,14,2,US-31W SR-41 LOUISVILLE HWY,,7,36.35148056,-86.71518889,0,12,8,0,8,1,0,1,2,2,0,2,0,0000000,99,99,99,99,88,88,0,0,0,1,0
47,470433,3,3,0,0,0,5,5,39,0,29,6,2012,6,22,35,1,2,3,SR-69 N,,390,35.79228889,-88.08945556,0,12,2,0,1,1,0,1,2,1,0,1,0,0000000,99,99,99,99,88,88,0,0,0,3,0
47,470434,1,1,0,0,0,2,2,89,0,29,6,2012,6,21,30,1,1,1,I-40,,37,36.01422778,-83.50909444,0,1,0,0,1,1,0,1,2,1,0,1,0,0000000,99,99,99,99,99,99,0,0,0,1,0
47,470435,1,1,0,0,0,1,1,139,0,29,6,2012,6,23,18,1,2,2,US-64/74 SR-40,,193,35.06875556,-84.47378056,0,34,0,0,1,1,0,3,2,1,0,1,0,0000000,99,99,99,99,88,88,0,0,0,1,1
47,470436,1,1,0,0,0,1,1,155,0,29,6,2012,6,17,40,0,3,2,US-411/441 SR-35 CHAPMAN HWY,,34,35.85866111,-83.73180833,0,42,0,0,1,1,0,6,1,1,0,1,0,0000000,99,99,99,99,99,99,0,0,0,1,0
47,470437,1,1,0,0,0,1,1,93,1300,30,6,2012,7,20,10,0,16,6,HUCKLEBERRY SPRINGS RD,,13,35.99777222,-83.76479444,0,1,0,0,1,1,0,4,1,1,0,1,0,0000000,99,99,99,99,88,88,0,0,0,1,0
47,470438,2,2,0,1,1,5,5,157,1620,30,6,2012,7,22,36,1,13,3,SR-14 AUSTIN PEAY HWY,,220,35.21985278,-89.91046389,0,8,0,0,8,1,0,1,3,1,0,1,0,0000000,99,99,99,99,88,88,14,0,0,1,0
47,470439,3,3,0,0,0,6,6,165,1648,1,7,2012,1,15,29,1,11,1,I-65,,32,36.37276389,-86.71191389,0,12,6,0,1,1,0,1,1,1,0,1,0,0000000,99,99,99,99,99,99,0,0,0,1,0
47,470440,1,1,0,0,0,1,1,125,0,4,6,2012,2,99,99,0,3,2,US-79 SR-13 GUTHRIE HWY,,314,36.61104444,-87.24991111,0,35,0,0,1,1,0,4,9,99,0,99,0,0000000,99,99,99,99,88,88,0,0,0,1,1
47,470441,1,1,0,0,0,2,2,179,1250,2,7,2012,2,11,56,1,13,2,US-11E/19W SR-34 BRISTOL HWY,,223,36.38396944,-82.36395833,0,34,0,0,1,1,0,5,1,1,0,1,0,0000000,99,99,99,99,99,99,0,0,0,1,0
47,470442,1,1,0,0,0,1,1,11,0,2,7,2012,2,22,20,0,3,3,SR-60 DALTON PK,,75,35.08893611,-84.88406389,0,34,0,0,1,1,0,4,2,1,0,1,0,0000000,99,99,99,99,99,99,0,0,0,1,0
47,470443,1,1,0,0,0,1,1,83,0,5,7,2012,5,17,14,0,5,4,CR-574,,96,36.30601111,-87.91798889,0,42,0,0,1,1,0,4,1,1,0,1,0,0000000,99,99,99,99,88,88,0,0,0,1,0
47,470444,2,2,0,0,0,3,3,113,1200,4,7,2012,4,15,5,0,14,2,US-412 SR-20,,123,35.64863333,-88.80195833,0,12,6,0,8,1,0,1,1,1,0,1,0,0000000,99,99,99,99,99,99,0,0,0,1,0
47,470445,1,1,0,1,1,2,2,9,0,28,6,2012,5,21,48,0,4,3,SR-73/337,CR-POTLEG HILL RD,9,35.67516111,-83.71892778,0,8,0,0,3,3,0,1,2,1,0,1,0,0000000,99,99,99,99,99,99,0,0,0,1,0
47,470446,1,1,0,0,0,1,1,51,0,30,6,2012,7,19,35,0,4,3,SR-156 JUMPOFF RD,,6,35.2062,-85.890625,0,34,0,0,1,1,0,4,2,1,0,1,0,0000000,99,99,99,99,88,88,0,0,0,1,1
47,470447,1,1,0,0,0,1,1,77,0,27,6,2012,4,21,19,0,3,4,CR-BARGERTON-UNION CROSS RD,,47,35.73371389,-88.48014167,0,42,0,0,1,1,0,4,2,1,0,1,0,0000000,99,99,99,99,99,99,0,0,0,1,1
47,470448,1,1,0,0,0,1,1,59,2473,1,7,2012,1,18,30,1,13,2,US-11E/321 SR-34 W ANDREW JOHN,SR-107 ERWIN HWY,207,36.18211111,-82.74739722,0,1,0,0,3,3,0,4,1,1,0,1,0,0000000,99,99,99,99,99,99,0,0,0,1,1
47,470449,2,2,0,0,0,4,4,111,0,27,6,2012,4,16,10,0,2,3,SR-52 HWY 52W,,5,36.54455278,-86.21359722,0,12,2,0,1,1,0,1,1,1,0,1,0,0000000,99,99,99,99,99,99,0,0,0,1,0
47,470450,2,2,0,0,0,7,7,59,0,7,7,2012,7,16,11,0,3,3,SR-107 ERWIN HWY,,170,36.151125,-82.65817778,0,12,6,0,4,1,0,1,1,1,0,1,0,0000000,99,99,99,99,99,99,0,0,0,1,0
47,470451,2,2,0,0,0,4,4,41,0,23,6,2012,7,3,37,0,3,2,US-70 SR-26 NASHVILLE HWY,,130,36.01379444,-86.00190556,0,12,2,0,1,1,0,1,2,1,0,1,0,0000000,99,99,99,99,99,99,0,0,0,1,1
47,470452,2,2,0,0,0,5,5,155,0,7,7,2012,7,6,30,1,2,2,US-13/321 SR-73 WEARS VALLEY R,,35,35.7281,-83.63365833,0,12,2,0,1,1,0,1,1,1,0,1,0,0000000,99,99,99,99,99,99,0,0,0,3,0
47,470453,1,1,0,0,0,1,1,157,1620,7,7,2012,7,3,36,1,11,1,I-240 AVRON B FOGELMAN EXPY,,104,35.07772222,-89.91546111,0,32,0,0,1,1,0,4,3,1,0,1,0,0000000,99,99,99,99,88,88,0,0,0,1,1
47,470454,1,1,0,0,0,2,2,189,1727,7,7,2012,7,5,43,0,16,4,CR-ROYAL DR,,3,36.25876111,-86.526,0,53,0,0,1,1,0,4,4,1,0,1,0,0000000,99,99,99,99,99,99,0,0,0,2,1
47,470455,1,1,0,0,0,4,4,187,0,4,7,2012,4,22,31,0,4,3,SR-46 PINEWOOD RD,,126,35.8941,-87.02926944,0,34,0,0,1,1,0,4,2,1,0,1,0,0000000,99,99,99,99,99,99,0,0,0,1,1
47,470456,1,1,0,0,0,1,1,85,0,6,7,2012,6,14,28,1,1,1,I-40,,103,35.88357778,-87.763925,0,34,0,0,1,1,0,4,1,2,0,2,0,0000000,99,99,99,99,99,99,0,0,0,1,0
47,470457,1,1,0,0,0,2,2,93,1300,7,7,2012,7,6,15,0,14,3,SR-169 MIDDLEBROOK PK,,68,35.94805,-84.01783056,0,42,0,0,1,1,0,3,4,10,0,10,0,0000000,99,99,99,99,88,88,0,0,0,2,1
47,470458,1,1,0,0,0,1,1,185,0,3,7,2012,3,3,0,0,6,4,CR-OLD SMITHVILLE HWY N,,21,35.95695,-85.53610833,0,34,0,0,1,1,0,4,2,1,0,1,0,0000000,99,99,99,99,88,88,0,0,0,1,1
47,470459,1,1,0,0,0,5,5,107,0,9,7,2012,2,14,54,1,1,1,I-75,,11,35.3244,-84.78291667,0,52,0,1,19,1,0,3,1,1,0,1,0,0000000,99,99,99,99,99,99,0,0,0,1,0
47,470460,2,2,0,0,0,2,2,65,400,10,7,2012,3,13,4,1,13,3,SR-153,BEREAN LN,98,35.14428333,-85.24911389,0,12,6,0,2,3,0,1,1,10,0,10,0,0000000,99,99,99,99,99,99,0,0,0,1,0
47,470461,1,1,0,0,0,7,7,89,0,1,7,2012,1,4,55,1,11,1,I-81,,42,36.11062222,-83.334675,0,52,0,0,1,1,0,3,3,1,0,1,0,0000000,99,99,99,99,99,99,0,0,0,1,0
47,470462,1,1,0,0,0,3,3,93,0,10,7,2012,3,19,57,0,16,4,CR-BOB GRAY RD,,15,35.93651667,-84.11974722,0,42,0,0,1,1,0,4,1,10,0,10,0,0000000,99,99,99,99,99,99,0,0,0,1,1
47,470463,1,1,0,0,0,1,1,125,410,15,7,2012,1,13,35,0,16,6,SWIFT DR,,6,36.50981667,-87.35093056,0,32,0,0,1,1,0,4,1,1,0,1,0,0000000,99,99,99,99,99,99,0,0,0,1,0
47,470464,2,2,0,0,0,2,2,87,0,10,7,2012,3,11,35,0,3,3,SR-56 S GRUNDY QUARLES HWY,,37,36.26695556,-85.614975,0,12,2,0,1,1,0,1,1,2,0,2,0,0000000,99,99,99,99,99,99,0,0,0,1,0
47,470465,1,1,0,0,0,1,1,113,0,8,7,2012,1,99,99,0,6,4,CR-WAYNICK RD,,32,35.71234444,-88.67197778,0,34,0,0,1,1,0,6,2,99,0,99,0,0000000,99,99,99,99,99,99,18,0,0,1,1
47,470466,1,1,0,0,0,1,1,157,1620,8,7,2012,1,3,1,0,2,6,SOUTH PARKWAY E,,47,35.10911667,-89.99504167,0,33,0,0,1,1,0,4,3,7,0,7,0,0000000,99,99,99,99,88,88,0,0,0,1,0
47,470467,4,4,0,0,0,6,6,65,400,7,7,2012,7,14,30,0,14,6,SHALLOWFORD RD,EDGMON FOREST LN,10,35.049625,-85.17488056,0,12,8,0,3,3,0,1,1,1,0,1,0,0000000,99,99,99,99,99,99,14,0,0,1,1
47,470468,1,1,0,1,1,1,1,167,520,6,1,2012,6,18,32,1,13,2,US-51 SR-3 US-HWY 51 N,ANTIOCH 51 RD,191,35.59743611,-89.631725,0,8,0,0,2,3,0,1,2,1,0,1,0,0000000,99,99,99,99,99,99,0,0,0,1,0
47,470469,1,1,0,0,0,1,1,73,2080,14,7,2012,7,13,10,1,2,2,US-11W SR-1,,145,36.39280556,-83.03325556,0,39,0,0,1,1,0,4,1,1,0,1,0,0000000,99,99,99,99,88,88,0,0,0,1,0
47,470470,1,1,0,0,0,3,3,113,0,16,7,2012,2,10,9,1,1,2,US-45 SR-5,,43,35.50725,-88.74545278,0,1,0,0,1,1,0,3,1,1,0,1,0,0000000,99,99,99,99,99,99,0,0,0,1,0
47,470471,2,2,0,0,0,2,2,9,0,19,7,2012,5,21,9,0,6,4,CR-LAWS CHAPEL RD,,8,35.71588333,-83.893125,0,12,6,0,1,1,0,1,2,1,0,1,0,0000000,99,99,99,99,99,99,0,0,0,1,1
47,470472,2,2,0,0,0,2,2,45,710,10,5,2012,5,8,37,1,13,2,US-51 SR-3,,74,36.04764444,-89.4061,0,12,6,0,1,1,0,1,1,1,0,1,0,0000000,99,99,99,99,99,99,0,0,0,1,0
47,470473,2,2,0,0,0,3,3,149,0,27,6,2012,4,16,49,1,11,1,I-24,,217,35.77844722,-86.36820556,0,54,11,0,1,1,0,1,1,1,0,1,0,0000000,99,99,99,99,99,99,14,0,0,1,0
47,470474,2,2,0,0,0,4,4,113,1834,21,7,2012,7,17,40,0,5,4,CR-CHRISTMASVILLE RD,,89,35.78196944,-88.73775,0,5,0,0,1,1,0,1,1,1,0,1,0,0000000,99,99,99,99,99,99,14,0,0,1,0
47,470475,2,2,0,0,0,2,2,35,0,11,7,2012,4,9,20,0,4,3,SR-419 PIGEON RIDGE RD,CR-WASHINGTON ST,32,35.90991944,-85.04010556,0,12,6,0,2,3,0,1,1,2,0,2,0,0000000,99,99,99,99,99,99,0,0,0,1,0
47,470476,2,2,0,0,0,2,2,53,0,11,7,2012,4,22,55,1,2,2,US-45E SR-43,CR-OLD HWY 45E,225,36.09171667,-88.81311111,0,12,6,0,2,4,0,1,2,1,0,1,0,0000000,99,99,99,99,99,99,0,0,0,1,0
47,470477,2,2,0,0,0,2,2,79,0,14,7,2012,7,14,10,1,2,2,US-641 SR-69 US-641S,,31,36.24803056,-88.14914444,0,12,2,0,1,1,0,1,1,2,0,2,0,0000000,99,99,99,99,99,99,0,0,0,1,0
47,470478,2,2,0,0,0,2,2,15,2610,15,7,2012,1,13,25,0,3,3,SR-53 S MCCRARY ST,E ROGERS ST,124,35.81938889,-86.06853889,0,12,2,0,2,2,0,1,1,1,0,1,0,0000000,99,99,99,99,88,88,0,0,0,1,0
47,470479,1,1,0,0,0,2,2,29,0,16,7,2012,2,0,10,0,3,2,US-25/70 SR-9 DIXIE HWY,,142,35.94545556,-83.06028333,0,1,0,0,1,1,0,4,2,10,0,10,0,0000000,99,99,99,99,99,99,0,0,0,1,1
47,470480,1,1,0,0,0,2,2,59,0,19,7,2012,5,12,41,0,4,3,SR-351 CHUCKEY PK,,120,36.14737222,-82.67438889,0,30,0,0,1,1,0,4,1,1,0,1,0,0000000,99,99,99,99,99,99,0,0,0,1,1
47,470481,1,1,0,0,0,2,2,163,290,24,7,2012,3,2,0,0,16,6,MORRELL CREEK LN,,42,36.47825833,-82.11199167,0,35,0,0,1,1,0,4,2,1,0,1,0,0000000,99,99,99,99,99,99,0,0,0,1,1
47,470482,2,2,0,0,0,2,2,65,400,5,5,2012,7,13,28,0,13,2,US-127 SR-8 SIGNAL MOUNTAIN RD,,130,35.09334444,-85.32966111,0,12,6,0,8,1,0,1,1,1,0,1,0,0000000,99,99,99,99,99,99,0,0,0,1,0
47,470483,2,1,1,0,1,1,2,93,0,23,7,2012,2,19,41,0,14,4,CR-CENTRAL AVE PK,CR-BEAVER CREEK LN,67,36.03606944,-83.99913889,0,45,0,0,2,3,3,1,1,1,0,1,0,0000000,99,99,99,99,88,88,14,0,0,1,0
47,470484,1,1,0,0,0,2,2,35,0,15,6,2012,6,22,0,1,1,1,I-40,,306,35.88303333,-84.81788333,0,1,0,0,1,1,0,4,2,1,0,1,0,0000000,22,11,22,25,23,16,0,0,0,1,1
47,470485,1,1,0,0,0,1,1,169,0,8,7,2012,1,4,0,1,2,2,US-231 SR-10 US-HWY 231S,CR-ROBERTSON LN,17,36.32415556,-86.25871944,0,34,0,0,3,3,0,4,2,1,0,1,0,0000000,99,99,99,99,99,99,0,0,0,1,1
47,470486,1,1,0,0,0,3,3,139,680,18,7,2012,4,21,15,1,2,2,US-64/74 SR-40,,266,35.02869167,-84.37445,0,1,0,0,1,1,0,4,2,10,0,10,0,0000000,99,99,99,99,99,99,0,0,0,2,1
47,470487,3,3,0,0,0,6,6,125,410,25,7,2012,4,15,22,1,11,1,I-24,,99,36.52846667,-87.22471944,0,12,7,1,17,1,0,1,1,1,0,1,0,0000000,99,99,99,99,99,99,0,0,0,1,0
47,470488,3,3,0,0,0,4,4,65,400,30,7,2012,2,0,8,1,13,3,SR-153,,27,35.05603889,-85.191425,0,12,1,0,1,1,0,1,3,1,0,1,0,0000000,99,99,99,99,88,88,14,0,0,1,1
47,470489,3,3,0,0,0,6,6,65,400,29,7,2012,1,23,15,1,11,1,I-24,,88,35.02567222,-85.30257778,0,12,7,0,1,1,1,1,2,1,0,1,0,0000000,99,99,99,99,99,99,0,0,0,1,0
47,470490,3,3,0,0,0,4,4,51,820,3,8,2012,6,6,58,1,2,2,US-41A SR-16 MAIN ST,,77,35.25213056,-86.12055278,0,12,8,0,1,1,0,1,1,10,0,10,0,0000000,99,99,99,99,99,99,0,0,0,1,0
47,470491,2,2,0,0,0,3,3,11,420,28,7,2012,7,2,50,0,14,6,GEORGETOWN RD NW,,10,35.17713333,-84.88120833,0,12,2,0,1,1,0,1,3,1,0,1,0,0000000,99,99,99,99,99,99,20,0,0,1,1
47,470492,1,1,0,0,0,1,1,49,0,28,7,2012,7,0,55,0,4,3,SR-154 PICKETT PARK HWY,,64,36.47379444,-84.86665,0,42,0,0,1,1,0,4,2,1,0,1,0,0000000,99,99,99,99,99,99,0,0,0,1,1
47,470493,1,1,0,0,0,4,4,63,1700,29,7,2012,1,2,15,0,16,6,INMAN BEND RD,RED BIRD ST,4,36.21857222,-83.37791389,0,30,0,0,3,1,0,4,3,1,0,1,0,0000000,99,99,99,99,99,99,0,0,0,1,1
47,470494,2,2,0,0,0,6,6,75,0,30,7,2012,2,17,20,1,1,1,I-40,,119,35.52368056,-89.25962222,0,12,2,0,1,1,0,1,1,10,0,10,0,0000000,99,99,99,99,99,99,0,0,0,3,0
47,470495,1,1,0,0,0,2,2,77,0,4,7,2012,4,20,30,0,6,4,CR-STICKY RIDGE RD,,23,35.49421667,-88.28977222,0,34,0,0,1,1,0,4,2,1,0,1,0,0000000,99,99,99,99,99,99,0,0,0,1,1
47,470496,2,2,0,0,0,2,2,157,1620,13,7,2012,6,3,30,0,13,6,WINCHESTER RD,,45,35.05348611,-89.98710833,0,12,2,0,1,1,0,1,3,2,0,2,0,0000000,99,99,99,99,99,99,0,0,0,1,0
47,470497,1,1,0,0,0,1,1,65,2210,19,7,2012,5,18,21,0,14,2,US-127 SR-8,,167,35.1202,-85.34755833,0,35,0,0,1,1,0,4,2,1,0,1,0,0000000,99,99,99,99,88,88,0,0,0,1,0
47,470498,1,1,0,0,0,1,1,113,0,21,7,2012,7,19,50,1,1,1,I-40,,228,35.69753889,-88.69390833,0,1,0,0,1,1,0,1,2,1,0,1,0,0000000,99,99,99,99,99,99,0,0,0,1,0
47,470499,1,1,0,0,0,3,3,149,0,25,7,2012,4,6,50,1,1,1,I-24,,312,35.656925,-86.2654,0,42,0,0,1,1,0,4,1,1,0,1,0,0000000,99,99,99,99,99,99,0,0,0,1,0
47,470500,2,2,0,0,0,3,3,165,352,25,7,2012,4,16,42,0,3,3,SR-25 HARTSVILLE PK,,220,36.39707778,-86.32666111,0,12,2,0,1,1,0,1,1,1,0,1,0,0000000,99,99,99,99,99,99,0,0,0,1,0
47,470501,1,1,0,0,0,5,5,99,0,30,7,2012,2,1,36,0,3,3,SR-20,CR-RAILROAD BED PK,8,35.43821667,-87.31722222,0,42,0,0,3,1,0,4,2,1,0,1,0,0000000,99,99,99,99,99,99,0,0,0,1,0
47,470502,1,1,0,0,0,1,1,183,0,25,7,2012,4,10,20,0,5,4,CR-SHADES BRIDGE RD,CR-PITTMAN RD,60,36.10924167,-88.74024444,0,1,0,0,3,3,0,1,1,1,0,1,0,0000000,99,99,99,99,99,99,6,0,0,1,0
47,470503,2,2,0,0,0,2,2,183,1560,26,7,2012,5,21,5,0,16,6,INDUSTRIAL PARK RD,,2,36.33573056,-88.82112778,0,12,6,0,8,1,0,1,2,2,0,2,0,0000000,99,99,99,99,99,99,0,0,0,1,1
47,470504,1,1,0,0,0,1,1,37,960,30,7,2012,2,16,50,1,11,1,I-65,,200,36.3042,-86.70788056,0,21,0,0,1,1,0,4,1,10,0,10,0,0000000,99,99,99,99,99,99,0,0,0,1,0
47,470505,1,1,0,0,0,1,1,1,0,30,7,2012,2,16,15,0,4,3,SR-116 NEW RIVER HWY,,94,36.13018889,-84.232725,0,1,0,0,1,1,0,4,1,1,0,1,0,0000000,99,99,99,99,88,88,0,0,0,1,1
47,470506,1,1,0,0,0,1,1,71,0,5,6,2012,3,18,56,0,3,3,SR-57,,61,35.04190556,-88.275075,0,1,0,0,1,1,0,4,1,1,0,1,0,0000000,99,99,99,99,99,99,0,0,0,1,1
47,470507,3,2,1,0,0,3,3,167,0,2,7,2012,2,22,8,0,4,3,SR-59 HWY 59 W,,150,35.55791667,-89.71761389,0,12,1,0,1,1,0,1,3,1,0,1,0,0000000,99,99,99,99,99,99,0,0,0,1,2
47,470508,1,1,0,0,0,1,1,29,0,25,7,2012,4,14,25,0,3,2,US-321 SR-32 COSBY,,164,35.85251111,-83.21708611,0,34,0,0,1,1,0,4,1,1,0,1,0,0000000,99,99,99,99,99,99,0,0,0,1,0
47,470509,1,1,0,0,0,1,1,51,0,25,7,2012,4,99,99,1,2,2,US-41A SR-15 SEWANEE HWY,,264,35.19346389,-85.91972222,0,24,0,0,1,1,0,4,2,1,0,1,0,0000000,99,99,99,99,99,99,0,0,0,1,0
47,470510,1,1,0,0,0,3,3,43,0,30,7,2012,2,99,99,0,3,2,US-70 SR-1,,140,36.09490833,-87.30598333,0,42,0,0,1,1,0,4,1,1,0,1,0,0000000,99,99,99,99,99,99,0,0,0,2,0
47,470511,2,2,0,0,0,4,4,157,1620,24,7,2012,3,12,5,0,14,6,E RAINES RD,AUBUTN RD,37,35.03530833,-90.03501944,0,12,6,0,2,2,0,1,1,1,0,1,0,0000000,99,99,99,99,99,99,0,0,0,1,0
47,470512,2,2,0,0,0,3,3,119,0,28,7,2012,7,12,15,0,5,4,CR-LEIPERS CREEK RD,,0,35.78880556,-87.16233333,0,12,2,0,1,1,0,1,1,1,0,1,0,0000000,99,99,99,99,88,88,0,0,0,1,0
47,470513,1,1,0,0,0,1,1,157,1620,30,7,2012,2,14,10,0,16,6,JACKSON PIT RD,,7,35.0135,-89.96390556,0,1,0,0,1,1,0,1,1,1,0,1,0,0000000,99,99,99,99,99,99,0,0,0,1,0
47,470514,1,1,0,0,0,1,1,123,0,31,7,2012,3,22,19,0,5,4,CR-GRIFFITH BRANCH RD,,48,35.50420833,-84.27306111,0,34,0,0,1,1,0,4,2,10,0,10,0,0000000,99,99,99,99,99,99,0,0,0,1,1
47,470516,1,1,0,0,0,4,4,147,2340,2,8,2012,5,2,40,0,16,6,PERRY DR,,5,36.504075,-86.87173889,0,42,0,0,1,1,0,4,3,1,0,1,0,0000000,99,99,99,99,99,99,0,0,0,2,1
47,470517,1,1,0,0,0,1,1,125,0,5,8,2012,1,99,99,0,6,4,CR-HODGES RD,CR-BRYANT HOLLOW RD,13,36.33856944,-87.45310278,0,1,0,0,3,3,0,4,1,1,0,1,0,0000000,99,99,99,99,88,88,0,0,0,1,1
47,470518,2,2,0,0,0,4,4,157,1620,5,8,2012,1,2,39,0,14,3,SR-23 WALNUT GROVE RD,WHITE STATION RD,77,35.13045278,-89.88735278,0,12,2,0,2,2,0,1,3,1,0,1,0,0000000,99,99,99,99,99,99,0,0,0,2,1
47,470519,2,2,0,0,0,3,3,49,0,7,8,2012,3,8,0,0,2,2,US-127 SR-28 S YORK HWY,,101,36.30390556,-84.97493889,0,12,2,0,1,1,0,1,1,10,0,10,0,0000000,99,99,99,99,99,99,0,0,0,2,0
47,470520,1,1,0,0,0,1,1,31,0,6,8,2012,2,8,43,0,5,4,CR-ASBURY RD,,8,35.462275,-85.94200833,0,43,0,0,1,1,0,4,1,10,0,10,0,0000000,99,99,99,99,99,99,0,0,0,1,0
47,470521,1,1,0,0,0,1,1,93,0,3,8,2012,6,11,58,1,1,1,I-40,,304,36.00506944,-83.75016111,0,21,0,0,1,1,0,3,1,10,0,10,0,0000000,99,99,99,99,88,88,0,0,0,1,0
47,470522,2,2,0,0,0,2,2,65,0,6,8,2012,2,23,37,0,14,4,CR-MIDDLE VALLEY RD,,9,35.16256944,-85.21128889,0,12,2,0,1,1,0,1,2,1,0,1,0,0000000,99,99,99,99,99,99,0,0,0,1,1
47,470523,1,1,0,0,0,1,1,165,1085,23,6,2012,7,2,44,0,16,6,INDIAN LAKE RD,,2,36.26924722,-86.58228889,0,53,0,0,1,1,0,4,2,1,0,1,0,0000000,99,99,99,99,99,99,0,0,0,1,1
47,470524,2,2,0,0,0,6,6,65,400,31,7,2012,3,20,37,1,13,2,US-11/41 SR-2 BROAD ST/LEE HWY,W 25TH ST,70,35.02849167,-85.31623333,0,12,6,0,2,2,0,1,5,1,0,1,0,0000000,99,99,99,99,99,99,0,0,0,1,0
47,470525,1,1,0,1,1,1,1,93,1300,31,7,2012,3,10,2,0,15,6,PAPERMILL RD,PAPERMILL POINTE WAY,10,35.95140833,-83.98685556,0,8,0,0,3,3,0,1,1,10,0,10,0,0000000,99,99,99,99,99,99,0,0,0,1,0
47,470527,1,1,0,0,0,5,5,11,0,1,8,2012,4,14,51,0,13,2,US-11 SR-2 N LEE HWY,,170,35.24821944,-84.79793056,0,42,0,0,1,1,0,4,1,1,0,1,0,0000000,99,99,99,99,99,99,0,0,0,2,0