STATE,ST_CASE,VE_TOTAL,VE_FORMS,PVH_INVL,PEDS,PERNOTMVIT,PERMVIT,PERSONS,COUNTY,CITY,DAY,MONTH,YEAR,DAY_WEEK,HOUR,MINUTE,NHS,ROAD_FNC,ROUTE,TWAY_ID,TWAY_ID2,MILEPT,LATITUDE,LONGITUD,SP_JUR,HARM_EV,MAN_COLL,RELJCT1,RELJCT2,TYP_INT,WRK_ZONE,REL_ROAD,LGT_COND,WEATHER1,WEATHER2,WEATHER,SCH_BUS,RAIL,NOT_HOUR,NOT_MIN,ARR_HOUR,ARR_MIN,HOSP_HR,HOSP_MN,CF1,CF2,CF3,FATALS,DRUNK_DR
47,470528,1,1,0,0,0,1,1,65,0,6,8,2012,2,16,33,1,2,2,US-27 SR-29 J LON FOUST HWY,,264,35.37452778,-85.11315833,0,33,0,0,1,1,0,4,1,1,0,1,0,0000000,99,99,99,99,99,99,0,0,0,1,0
47,470529,2,2,0,0,0,4,4,119,470,16,6,2012,7,9,10,1,13,2,US-412 SR-99 BEAR CREEK PK,,170,35.63553056,-87.01660833,0,12,6,0,8,1,0,1,1,1,0,1,0,0000000,99,99,99,99,99,99,0,0,0,1,0
47,470530,1,1,0,1,1,1,1,37,1760,6,6,2012,4,21,46,0,13,3,SR-251 OLD HICKORY BLVD,,113,36.07931944,-86.91900833,0,8,0,0,1,1,0,1,2,1,0,1,0,0000000,99,99,99,99,21,59,0,0,0,1,0
47,470531,1,1,0,1,1,1,1,37,1760,21,6,2012,5,22,33,0,13,2,US-70S SR-1 MEMPHIS-BRISTOL HW,COLICE JEANNE RD,67,36.07403889,-86.93530556,0,8,0,0,2,2,0,1,3,1,0,1,0,0000000,99,99,99,99,88,88,0,0,0,1,0
47,470532,1,1,0,0,0,1,1,37,2576,8,6,2012,6,21,6,0,3,2,US-431 SR-65 WHITES CREEK PK,,70,36.27903333,-86.83446667,0,35,0,0,1,1,0,4,3,1,0,1,0,0000000,99,99,99,99,88,88,0,0,0,1,0
47,470533,1,1,0,3,3,1,1,37,1760,28,1,2012,7,0,11,0,14,6,TUSCULUM RD,COLERIDGE DR,14,36.05466667,-86.69406389,0,33,0,0,2,3,0,4,3,1,0,1,0,0000000,99,99,99,99,99,99,0,0,0,1,1
47,470534,1,1,0,0,0,1,1,37,1760,27,6,2012,4,1,32,0,14,2,US-31A/41A SR-11 DICKERSON PK,,182,36.25208333,-86.757475,0,42,0,0,1,1,0,4,3,1,0,1,0,0000000,99,99,99,99,99,99,0,0,0,1,0
47,470535,1,1,0,1,1,1,1,37,1535,9,6,2012,7,21,49,1,13,3,SR-45 OLD HICKORY BLVD,DELAWARE AVE,76,36.26383056,-86.70446111,0,8,0,0,2,2,0,1,2,10,0,10,0,0000000,99,99,99,99,99,99,0,0,0,1,0
47,470536,1,1,0,1,1,1,1,37,1760,16,5,2012,4,21,31,1,13,3,SR-45 HADLEY AVE,,120,36.24593333,-86.63926944,0,9,0,0,1,1,0,1,3,1,0,1,0,0000000,99,99,99,99,88,88,0,0,0,1,0
47,470537,1,1,0,0,0,2,2,37,1760,27,5,2012,1,2,56,0,15,6,BROOK HOLLOW RD,,9,36.10623889,-86.8848,0,35,0,0,1,1,0,4,3,1,0,1,0,0000000,99,99,99,99,3,15,0,0,0,1,1
47,470538,1,1,0,0,0,1,1,187,272,19,6,2012,3,18,30,0,14,3,SR-253 CONCORD RD,,65,35.99196667,-86.70127222,0,42,0,0,1,1,0,4,1,1,0,1,0,0000000,99,99,99,99,88,88,0,0,0,1,1
47,470539,1,1,0,0,0,2,2,37,1760,30,6,2012,7,20,17,0,16,6,BROOKWOOD TER,RED OAK DR,3,36.12824167,-86.85580833,0,24,0,0,3,4,0,4,3,1,0,1,0,0000000,99,99,99,99,99,99,0,0,0,1,0
47,470540,1,1,0,0,0,1,1,113,0,1,8,2012,4,2,5,0,4,3,SR-223 DENMARK JACKSON RD,,49,35.52900556,-89.00164444,0,1,0,0,1,1,0,4,2,1,0,1,0,0000000,99,99,99,99,88,88,0,0,0,1,1
47,470541,1,1,0,0,0,2,2,53,0,8,8,2012,4,0,45,0,4,3,SR-188 RIVERSIDE YORKVILLE RD,CR-FULLER RD,44,36.02151667,-89.11432222,0,32,0,0,3,3,0,4,2,1,0,1,0,0000000,99,99,99,99,99,99,0,0,0,2,1
47,470542,2,2,0,0,0,2,2,97,0,8,8,2012,4,16,10,0,5,4,CR-EDITH NANKIPOO RD,CR-STEELMAN RD,109,35.87301111,-89.45500278,0,12,6,0,2,2,0,1,1,1,0,1,0,0000000,99,99,99,99,99,99,0,0,0,1,1
47,470543,1,1,0,0,0,1,1,149,1750,14,8,2012,3,19,19,0,14,6,S RUTHERFORD BLVD,,29,35.82195833,-86.35078333,0,7,0,0,1,1,0,1,1,1,0,1,0,0000000,99,99,99,99,99,99,0,0,0,1,0
47,470544,1,1,0,1,1,2,2,157,1620,2,7,2012,2,7,25,0,14,6,SAM COOPER BLVD,TILLMAN ST,9,35.14653889,-89.96130278,0,8,0,0,3,2,0,1,1,1,0,1,0,0000000,99,99,99,99,99,99,0,0,0,1,0
47,470545,1,1,0,0,0,1,1,47,0,5,8,2012,1,14,7,1,1,1,I-40,,143,35.38515278,-89.42541944,0,42,0,0,1,1,0,4,1,1,0,1,0,0000000,99,99,99,99,88,88,0,0,0,1,0
47,470546,1,1,0,0,0,2,2,37,1760,1,7,2012,1,0,23,1,11,1,I-40,,236,36.14409444,-86.69461111,0,35,0,0,1,1,0,4,3,1,0,1,0,0000000,99,99,99,99,99,99,0,0,0,1,1
47,470547,1,1,0,1,1,2,2,43,0,6,8,2012,2,20,58,0,3,3,SR-49,,249,36.26465278,-87.21763889,0,8,0,0,1,1,0,1,2,1,0,1,0,0000000,99,99,99,99,99,99,0,0,0,1,0
47,470548,1,1,0,0,0,1,1,125,0,10,8,2012,6,2,58,0,5,4,CR-SHADY GROVE RD,,67,36.44451111,-87.208675,0,32,0,0,1,1,0,4,2,10,0,10,0,0000000,99,99,99,99,88,88,0,0,0,1,1
47,470549,1,1,0,0,0,2,2,89,0,12,8,2012,1,16,50,1,1,1,I-40,,108,36.05908611,-83.40136944,0,1,0,0,1,1,0,1,1,1,0,1,0,0000000,99,99,99,99,99,99,0,0,0,1,0
47,470550,2,2,0,0,0,3,3,71,0,2,8,2012,5,11,35,0,4,3,SR-203,,50,35.19820556,-88.16681389,0,12,2,0,1,1,0,1,1,1,0,1,0,0000000,99,99,99,99,99,99,0,0,0,1,1
47,470551,1,1,0,0,0,1,1,157,1620,7,8,2012,3,10,36,1,13,3,SR-4 LAMAR AVE,CASTALIA ST,106,35.11270833,-89.99499722,0,30,0,0,2,3,0,4,1,1,0,1,0,0000000,99,99,99,99,99,99,0,0,0,1,0
47,470552,1,1,0,0,0,1,1,163,0,10,8,2012,6,22,20,0,14,4,CR-BLOOMINGDALE RD,,55,36.58684444,-82.46609444,0,53,0,0,1,1,0,4,2,10,0,10,0,0000000,99,99,99,99,99,99,20,0,0,1,0
47,470553,2,2,0,0,0,2,2,9,1570,31,7,2012,3,4,33,1,13,2,US-129 SR-115 US HWY 129 BYPAS,,112,35.74699722,-83.99462222,0,12,2,0,1,1,0,1,3,2,0,2,0,0000000,99,99,99,99,99,99,0,0,0,1,0
47,470554,3,3,0,0,0,7,7,3,2200,3,8,2012,6,15,7,0,13,2,US-41A SR-16 UNION ST,,157,35.51046944,-86.49355278,0,12,1,0,1,1,0,1,1,1,0,1,0,0000000,99,99,99,99,99,99,14,0,0,1,0
47,470555,3,3,0,0,0,4,4,37,1760,14,5,2012,2,17,48,1,1,1,I-24,,52,36.31509444,-86.83296389,0,34,0,0,1,1,0,3,1,1,0,1,0,0000000,99,99,99,99,99,99,0,0,0,1,0
47,470556,1,1,0,0,0,1,1,25,1065,13,8,2012,2,99,99,0,2,3,SR-63 APPALACHIAN HWY,,180,36.56614444,-83.65579722,0,38,0,0,1,1,0,4,2,1,0,1,0,0000000,99,99,99,99,88,88,0,0,0,1,1
47,470558,3,3,0,0,0,5,5,125,410,15,8,2012,4,17,43,1,13,3,SR-374 101ST AIRBORNE DIVISION,RINGGOLD RD,107,36.58663889,-87.39521111,0,12,6,0,2,2,0,1,1,1,0,1,0,0000000,99,99,99,99,99,99,0,0,0,1,0
47,470559,4,4,0,0,0,8,8,107,0,11,8,2012,7,10,3,1,1,1,I-75,,61,35.37658611,-84.73123889,0,12,6,0,1,1,0,1,1,1,0,1,0,0000000,99,99,99,99,99,99,0,0,0,1,1
47,470560,2,2,0,0,0,2,2,145,0,12,8,2012,1,18,35,1,13,2,US-27 SR-29 HARRIMAN HWY,RIDGECREST RD,116,35.96823056,-84.50711111,0,12,6,0,2,2,0,1,1,1,0,1,0,0000000,99,99,99,99,99,99,0,0,0,1,0
47,470561,1,1,0,0,0,1,1,107,0,15,8,2012,4,17,19,0,6,4,CR-321,,4,35.54397778,-84.55170556,0,1,0,0,1,1,0,4,1,1,0,1,0,0000000,99,99,99,99,99,99,0,0,0,1,1
47,470562,1,1,0,0,0,1,1,51,0,12,8,2012,1,2,5,0,4,3,SR-156 JUMPOFF RD,,10,35.19994722,-85.89224167,0,34,0,0,1,1,0,4,2,1,0,1,0,0000000,99,99,99,99,88,88,0,0,0,1,1
47,470563,3,3,0,0,0,2,2,45,0,14,8,2012,3,9,48,0,4,3,SR-104,SR-182 LENOX-NAUVOO RD,103,36.036325,-89.50002222,0,12,6,0,2,2,0,1,1,1,0,1,0,0000000,99,99,99,99,99,99,14,0,0,1,0
47,470564,2,2,0,0,0,5,5,141,0,12,8,2012,1,17,15,0,4,4,CR-PIPPIN RD,,38,36.20733333,-85.59057222,0,12,2,0,1,1,0,1,1,1,0,1,0,0000000,99,99,99,99,99,99,0,0,0,1,0
47,470565,1,1,0,0,0,1,1,107,0,15,8,2012,4,17,29,0,6,4,CR-110 SPRING CREEK VALLEY RD,,0,35.45830556,-84.69846389,0,35,0,0,1,1,0,4,1,1,0,1,0,0000000,99,99,99,99,88,88,0,0,0,1,0
47,470566,2,2,0,0,0,2,2,157,930,17,8,2012,6,14,18,0,14,6,WOLF RIVER RD,FOREST HILL - IRENE RD,70,35.09690556,-89.75755833,0,12,6,0,2,3,0,1,1,10,0,10,0,0000000,99,99,99,99,99,99,0,0,0,1,0
47,470567,2,2,0,0,0,2,2,155,0,17,1,2012,3,7,30,0,13,2,US-441 SR-71 CHAPMAN HWY,,300,35.87893056,-83.774975,0,12,2,0,1,1,0,1,1,10,0,10,0,0000000,99,99,99,99,99,99,0,0,0,1,0
47,470568,1,1,0,0,0,1,1,187,0,16,8,2012,5,11,49,1,2,3,SR-840,,303,35.82090833,-86.7528,0,21,0,0,1,1,0,3,1,1,0,1,0,0000000,99,99,99,99,88,88,0,0,0,1,0
47,470569,2,2,0,0,0,2,2,99,1350,16,8,2012,5,17,56,1,13,2,US-43 SR-6 S LOCUST AVE,BUFORDS WAY RD/DUNN RD,172,35.19399167,-87.33973333,0,12,6,0,3,3,0,1,1,1,0,1,0,0000000,99,99,99,99,99,99,0,0,0,1,0
47,470570,1,1,0,0,0,1,1,99,0,7,8,2012,3,18,27,0,3,3,SR-20 SUMMERTOWN HWY,,24,35.43885278,-87.29111944,0,34,0,0,1,1,0,4,1,1,0,1,0,0000000,99,99,99,99,88,88,0,0,0,1,0
47,470571,1,1,0,1,1,1,1,185,0,12,8,2012,1,11,17,0,4,3,SR-135 BURGESS FALLS RD,,72,36.0192,-85.57481111,0,9,0,0,1,1,0,1,1,1,0,1,0,0000000,99,99,99,99,99,99,0,0,0,1,0
47,470572,1,1,0,0,0,2,2,19,760,14,8,2012,3,1,47,0,15,3,SR-359 MILLIGAN HWY,,28,36.29818889,-82.30166111,0,31,0,0,1,1,0,4,3,1,0,1,0,0000000,99,99,99,99,99,99,0,0,0,1,1
47,470573,1,1,0,0,0,1,1,171,0,20,8,2012,2,18,5,0,5,4,CR-UPPER HIGGINS CREEK,,14,35.998575,-82.53708056,0,1,0,0,1,1,0,4,1,1,0,1,0,0000000,99,99,99,99,88,88,0,0,0,1,0
47,470574,1,1,0,0,0,1,1,155,0,21,8,2012,3,4,45,0,3,2,US-321 SR-73 E PKWY,,247,35.76308056,-83.30118333,0,35,0,0,1,1,0,4,2,1,0,1,0,0000000,99,99,99,99,88,88,0,0,0,1,0
47,470575,1,1,0,0,0,2,2,31,0,21,8,2012,3,12,15,1,1,1,I-24,,254,35.36107778,-85.95928889,0,1,0,0,1,1,0,3,1,1,0,1,0,0000000,12,24,12,37,13,5,0,0,0,1,1
47,470576,1,1,0,0,0,1,1,93,1577,19,8,2012,1,9,34,0,5,4,CR-CLEAR SPRINGS RD,,63,36.07000833,-83.72219722,0,42,0,0,1,1,0,4,1,10,0,10,0,0000000,99,99,99,99,99,99,0,0,0,1,0
47,470577,1,1,0,0,0,1,1,85,0,20,8,2012,2,12,53,0,3,2,US-70 SR-1 HWY 70W,,75,36.06508889,-87.88376111,0,1,0,0,1,1,0,1,1,1,0,1,0,0000000,99,99,99,99,99,99,0,0,0,1,0
47,470578,1,1,0,1,1,1,1,35,540,22,8,2012,4,23,15,0,13,2,US-127 SR-28 N MAIN ST,,149,35.9612,-85.03545833,0,8,0,0,8,1,0,1,3,1,0,1,0,0000000,23,17,23,21,23,39,0,0,0,1,0
47,470579,1,1,0,0,0,1,1,9,0,23,8,2012,5,2,49,0,14,3,SR-336 MONTVALE RD,,132,35.66620833,-83.96515278,0,34,0,0,1,1,0,4,2,1,0,1,0,0000000,99,99,99,99,99,99,0,0,0,1,1
47,470581,2,2,0,0,0,4,4,155,0,24,8,2012,6,20,31,0,3,2,US-411 SR-35 NEWPORT HWY,CR-HATTIE BRANCH RD,217,35.88974167,-83.44405833,0,12,2,0,2,2,0,1,5,1,0,1,0,0000000,99,99,99,99,99,99,0,0,0,2,0
47,470582,1,1,0,0,0,2,2,109,10,21,8,2012,3,18,16,0,6,4,CR-NEELY SHARP RD,,0,35.24320833,-88.41428889,0,34,0,0,1,1,0,4,1,1,0,1,0,0000000,99,99,99,99,99,99,0,0,0,1,0
47,470583,1,1,0,0,0,1,1,97,0,25,8,2012,7,18,0,0,4,3,SR-19,,157,35.7739,-89.60414722,0,35,0,0,1,1,0,4,1,1,0,1,0,0000000,99,99,99,99,99,99,0,0,0,1,1
47,470584,1,1,0,0,0,2,2,149,0,26,8,2012,1,2,55,0,4,3,SR-266 W JEFFERSON PK,,98,35.9864,-86.41951389,0,34,0,0,1,1,0,4,2,5,0,5,0,0000000,99,99,99,99,99,99,0,0,0,1,1
47,470585,2,2,0,0,0,2,2,157,1620,27,8,2012,2,8,53,0,13,7,I-55 RAMP,BROOKS RD,23,35.0613,-90.01613333,0,12,1,0,3,2,0,1,1,1,0,1,0,0000000,99,99,99,99,99,99,0,0,0,1,0
47,470586,1,1,0,0,0,1,1,105,0,9,8,2012,5,10,20,0,6,4,CR-PHELPS RD,CR-POINT HARBOR DR,13,35.79166389,-84.22179722,0,1,0,0,3,4,0,4,1,10,0,10,0,0000000,99,99,99,99,99,99,0,0,0,1,0
47,470587,3,3,0,0,0,5,5,163,0,20,8,2012,2,18,25,0,13,3,SR-394,SR-126 BRISTOL HWY,160,36.53274167,-82.32742778,0,12,6,0,2,2,0,1,1,1,0,1,0,0000000,99,99,99,99,99,99,0,0,0,1,0
47,470589,2,2,0,0,0,2,2,9,0,14,8,2012,3,15,44,1,2,2,US-411 SR-33,,48,35.68483611,-84.06270833,0,12,2,0,1,1,0,1,1,1,0,1,0,0000000,99,99,99,99,99,99,0,0,0,2,0
47,470590,1,1,0,0,0,1,1,61,1033,22,8,2012,4,99,99,0,6,6,CR-COLONY RD,,2,35.39243333,-85.69591944,0,42,0,0,1,1,0,4,1,1,0,1,0,0000000,99,99,99,99,99,99,0,0,0,1,0
47,470591,1,1,0,0,0,2,2,57,0,23,8,2012,5,9,58,0,4,3,SR-131,,148,36.346075,-83.45955,0,35,0,0,1,1,0,4,1,1,0,1,0,0000000,99,99,99,99,99,99,20,0,0,1,1
47,470592,2,2,0,0,0,2,2,57,0,24,8,2012,6,23,10,1,2,2,US-25E SR-32 DIXIE HWY,,105,36.35245556,-83.40757222,0,12,2,0,1,1,0,1,2,1,0,1,0,0000000,99,99,99,99,88,88,0,0,0,1,1
47,470593,2,2,0,0,0,2,2,31,0,25,8,2012,7,2,45,1,1,1,I-24,,110,35.51753333,-86.12300556,0,12,2,0,1,1,0,1,2,1,0,1,0,0000000,2,45,2,53,99,99,0,0,0,2,1
47,470594,2,2,0,0,0,4,4,91,0,25,8,2012,7,23,51,0,3,3,SR-67,,102,36.43625833,-81.91338056,0,12,2,0,1,1,0,1,2,1,0,1,0,0000000,99,99,99,99,99,99,0,0,0,2,0
47,470595,1,1,0,0,0,1,1,179,1260,26,8,2012,1,3,42,0,14,3,SR-353 DEPOT ST,,121,36.26888056,-82.49589167,0,30,0,0,1,1,0,4,2,1,0,1,0,0000000,88,88,88,88,88,88,0,0,0,1,1
47,470596,2,2,0,0,0,3,3,37,0,15,7,2012,1,16,7,0,14,2,US-31W/41 SR-11 DICKERSON PK,CR-BELLSHIRE DR,187,36.25933889,-86.75777222,0,12,6,0,2,3,0,1,1,1,0,1,0,0000000,99,99,99,99,99,99,0,0,0,1,0
47,470597,1,1,0,1,1,1,1,37,1760,23,7,2012,2,21,17,1,13,3,SR-254 OLD HICKORY BLVD,BRENTWOOD CHASE DR,87,36.03968056,-86.75983056,0,8,0,0,2,2,0,1,3,1,0,1,0,0000000,99,99,99,99,99,99,0,0,0,1,0
47,470598,2,2,0,0,0,2,2,15,0,27,8,2012,2,14,5,1,2,2,US-70S SR-1 JOHN BRAGG HWY,CR-N LASSITER-BARKER RD,0,35.80754444,-86.1791,0,12,6,1,3,2,0,1,1,1,0,1,0,0000000,14,5,14,5,88,88,0,0,0,1,0
47,470599,2,2,0,0,0,4,4,157,1620,27,8,2012,2,13,55,1,11,1,I-240,,78,35.07531111,-89.99599167,0,12,7,0,1,1,0,1,1,1,0,1,0,0000000,99,99,99,99,99,99,0,0,0,1,0
47,470600,6,6,0,0,0,10,10,77,0,27,8,2012,2,11,55,1,1,1,I-40,,214,35.81750278,-88.24856944,0,12,6,0,1,1,0,1,1,1,0,1,0,0000000,99,99,99,99,99,99,19,0,0,2,0
47,470601,1,1,0,1,1,1,1,71,0,7,9,2012,6,1,30,0,3,3,SR-69,,71,35.07253611,-88.08151389,0,8,0,0,1,1,0,1,2,10,0,10,0,0000000,99,99,99,99,99,99,0,0,0,1,0
47,470602,2,2,0,0,0,2,2,149,1750,16,8,2012,5,9,51,0,13,2,US-41/70S SR-1 NW BROAD ST,FLORENCE RD,100,35.92466667,-86.46809167,0,12,6,0,2,2,0,1,1,1,0,1,0,0000000,99,99,99,99,99,99,0,0,0,1,0
47,470603,1,1,0,0,0,1,1,149,0,27,8,2012,2,15,37,0,6,4,CR-FLOYD RD,CR-CHEATHAM SPRINGS RD,6,35.71668611,-86.67590556,0,1,0,0,1,1,0,4,1,1,0,1,0,0000000,99,99,99,99,88,88,0,0,0,1,0
47,470604,1,1,0,0,0,1,1,89,0,21,8,2012,3,13,59,0,4,3,SR-113,,3,36.04558889,-83.34223611,0,21,0,0,1,1,0,4,1,1,0,1,0,0000000,99,99,99,99,88,88,0,0,0,1,0
47,470605,2,2,0,0,0,5,5,157,1620,26,8,2012,1,14,42,1,13,3,SR-4 E EH CRUMP BLVD,WALNUT ST,134,35.12895833,-90.03513056,0,12,6,0,2,7,0,1,1,1,0,1,0,0000000,99,99,99,99,99,99,0,0,0,2,0
47,470606,1,1,0,1,1,1,1,155,1948,17,8,2012,6,23,19,1,13,2,US-321/441 SR-71 PARKWAY,,237,35.79982778,-83.56985,0,8,0,0,7,1,0,1,3,1,0,1,0,0000000,99,99,99,99,99,99,0,0,0,1,0
47,470607,1,1,0,0,0,4,4,103,0,19,8,2012,1,99,99,0,4,3,SR-110 ARDMORE HWY,,174,35.07708611,-86.61084722,0,5,0,0,1,1,0,4,9,1,0,1,0,0000000,99,99,99,99,99,99,0,0,0,1,0
47,470608,2,2,0,0,0,3,3,157,1620,29,8,2012,4,14,25,0,13,3,SR-177 GERMANTOWN PKWY,WALNUT RUN RD,68,35.14699167,-89.79533611,0,12,6,0,2,2,0,1,1,1,0,1,0,0000000,99,99,99,99,99,99,0,0,0,1,0
47,470609,1,1,0,0,0,1,1,149,0,29,8,2012,4,6,3,0,6,4,CR-BROWNS MILL RD,,0,35.90939167,-86.27543611,0,35,0,0,1,1,0,4,1,1,0,1,0,0000000,99,99,99,99,99,99,0,0,0,1,1
47,470610,1,1,0,0,0,1,1,149,0,9,8,2012,5,20,30,0,6,4,CR-STONES RIVER LN,,2,35.730075,-86.41433056,0,34,0,0,1,1,0,4,2,1,0,1,0,0000000,99,99,99,99,99,99,0,0,0,1,0
47,470611,1,1,0,0,0,2,2,13,0,13,8,2012,2,20,45,0,6,4,CR-DOAKS CREEK RD,,16,36.45350556,-83.97010833,0,5,0,0,1,1,0,1,2,1,0,1,0,0000000,99,99,99,99,99,99,0,0,0,1,0
47,470612,2,2,0,0,0,2,2,93,0,21,8,2012,3,17,36,0,14,3,SR-131 LOVELL RD,CR-BOB GRAY RD,28,35.93081389,-84.146875,0,12,6,0,2,2,0,1,1,1,0,1,0,0000000,99,99,99,99,88,88,0,0,0,1,0
47,470613,1,1,0,0,0,1,1,165,0,25,8,2012,7,13,46,0,6,4,CR-MUTTON HOLLOW HILL RD,,23,36.47376667,-86.31228889,0,21,0,0,1,1,0,4,1,1,0,1,0,0000000,99,99,99,99,99,99,0,0,0,1,0
47,470614,2,2,0,0,0,4,4,91,0,31,8,2012,6,19,40,0,6,4,CR-RED BRUSH RD,,4,36.52203333,-81.756325,0,12,2,0,1,1,0,1,1,1,0,1,0,0000000,99,99,99,99,99,99,0,0,0,1,0
47,470615,1,1,0,0,0,4,4,149,1750,31,8,2012,6,6,51,0,13,2,US-41/70S SR-1 NW BROAD ST,,104,35.91890556,-86.46301111,0,32,0,0,1,1,0,3,1,1,0,1,0,0000000,99,99,99,99,99,99,0,0,0,1,0
47,470616,1,1,0,1,1,1,1,157,1620,31,8,2012,6,20,45,0,14,6,WALNUT GROVE RD,,40,35.13220556,-89.79896667,0,8,0,0,1,1,0,1,2,1,0,1,0,0000000,99,99,99,99,88,88,0,0,0,1,0
47,470617,1,1,0,0,0,1,1,155,0,2,8,2012,5,7,43,0,4,3,SR-339 JONES COVE RD,,30,35.85956111,-83.45478333,0,35,0,0,1,1,0,4,1,1,0,1,0,0000000,99,99,99,99,99,99,0,0,0,1,0
47,470619,1,1,0,1,1,1,1,89,0,7,9,2012,6,2,50,1,1,1,I-40,,10,35.99424722,-83.56373056,0,8,0,0,1,1,0,1,2,1,0,1,0,0000000,99,99,99,99,88,88,0,0,0,1,0
47,470620,1,1,0,0,0,1,1,165,890,19,3,2012,2,11,29,0,13,3,SR-25 HARTSVILLE PK,,167,36.394475,-86.41513333,0,34,0,0,1,1,0,4,1,1,0,1,0,0000000,99,99,99,99,99,99,0,0,0,1,0
47,470621,1,1,0,0,0,1,1,59,0,12,3,2012,2,5,30,0,6,4,CR-OLD KNOXVILLE HWY,,14,36.16375,-82.87483889,0,34,0,0,1,1,0,4,2,1,0,1,0,0000000,99,99,99,99,99,99,0,0,0,1,0
47,470622,1,1,0,0,0,1,1,179,985,13,4,2012,6,1,51,0,16,6,OAK GROVE RD,,1,36.40970278,-82.42427778,0,53,0,0,1,1,0,4,2,1,0,1,0,0000000,99,99,99,99,99,99,0,0,0,1,0
47,470623,1,1,0,0,0,1,1,107,0,16,4,2012,2,99,99,0,6,4,CR-370 LEGION RD,,29,35.47932778,-84.56675278,0,32,0,0,1,1,0,4,2,1,0,1,0,0000000,99,99,99,99,99,99,0,0,0,1,0
47,470624,2,1,1,0,0,2,2,139,215,25,3,2012,1,15,20,0,16,6,CLEMMER FERRY RD,,4,35.1709,-84.65977222,0,1,0,0,1,1,0,4,1,1,0,1,0,0000000,99,99,99,99,99,99,0,0,0,1,1
47,470625,2,2,0,0,0,2,2,23,1080,13,9,2012,5,7,28,0,3,3,SR-100,E MAIN ST,139,35.446325,-88.60850556,0,12,6,0,2,3,0,1,1,1,0,1,0,0000000,99,99,99,99,99,99,0,0,0,1,1
47,470626,2,2,0,0,0,5,5,13,0,5,9,2012,4,2,5,1,1,1,I-75 US-25W SR-9,,34,36.27866667,-84.20705,0,12,1,0,1,1,0,1,2,1,0,1,0,0000000,99,99,99,99,99,99,0,0,0,1,0
47,470627,1,1,0,0,0,3,3,155,1959,3,9,2012,2,11,30,0,4,3,SR-454 BUCKHORN RD,,6,35.74405833,-83.43021667,0,1,0,0,1,1,0,4,1,10,0,10,0,0000000,99,99,99,99,99,99,0,0,0,1,0
47,470628,3,3,0,0,0,4,4,35,0,28,8,2012,3,15,20,0,4,3,SR-101 PEAVINE RD,,170,35.97255278,-84.97294444,0,12,6,0,1,1,0,1,1,1,0,1,0,0000000,15,23,15,32,17,41,0,0,0,1,0
47,470629,3,3,0,0,0,3,3,157,1620,27,8,2012,2,15,44,0,13,3,SR-177 GERMANTOWN RD,,67,35.14471944,-89.79556944,0,12,7,0,1,1,0,1,1,1,0,1,0,0000000,99,99,99,99,99,99,0,0,0,1,0
47,470630,5,5,0,0,0,5,5,189,1360,13,9,2012,5,23,6,1,11,1,I-40,,128,36.18322222,-86.34049167,0,12,6,0,1,1,0,1,2,1,0,1,0,0000000,99,99,99,99,88,88,0,0,0,1,0
47,470631,3,3,0,2,2,3,3,63,1700,10,9,2012,2,7,48,0,16,6,MEADOWVIEW LN,,0,36.22644722,-83.27663611,0,12,1,0,1,1,0,1,1,1,0,1,1,0000000,99,99,99,99,99,99,14,19,0,1,0
47,470632,2,2,0,0,0,14,14,155,0,16,9,2012,1,9,25,0,3,2,US-411/441 SR-35 CHAPMAN HWY,,86,35.8616,-83.65425556,0,12,2,0,1,1,0,1,1,1,0,1,0,0000000,99,99,99,99,99,99,0,0,0,2,0
47,470633,1,1,0,0,0,2,2,65,750,19,6,2012,3,21,2,1,11,1,I-75,,4,34.99057778,-85.20405556,0,42,0,0,1,1,0,8,3,1,0,1,0,0000000,99,99,99,99,99,99,0,0,0,1,0
47,470634,2,2,0,0,0,3,3,163,290,25,8,2012,7,20,38,0,13,3,SR-394,,90,36.50915833,-82.25169167,0,12,6,0,1,1,0,1,3,1,0,1,0,0000000,99,99,99,99,99,99,0,0,0,1,0
47,470635,2,2,0,0,0,8,8,35,0,1,9,2012,7,15,25,0,4,2,US-70 SR-1,,197,35.94141944,-84.94575556,0,12,2,0,1,1,0,1,1,1,0,1,0,0000000,99,99,99,99,99,99,0,0,0,1,0
47,470636,1,1,0,0,0,3,3,77,0,1,9,2012,7,15,8,1,1,1,I-40,,225,35.81648333,-88.22668333,0,24,0,0,1,1,0,4,1,1,0,1,0,0000000,99,99,99,99,99,99,0,0,0,2,0
47,470637,1,1,0,0,0,1,1,107,0,2,9,2012,1,4,0,0,6,4,CR-2,,19,35.34153611,-84.778525,0,35,0,0,1,1,0,4,2,1,0,1,0,0000000,99,99,99,99,88,88,0,0,0,1,1
47,470638,1,1,0,0,0,1,1,101,0,1,9,2012,7,99,99,0,3,3,SR-20 SUMMERTOWN HWY,,169,35.49793611,-87.40209722,0,11,0,0,1,1,0,1,2,1,0,1,0,0000000,99,99,99,99,88,88,0,0,0,1,0
47,470639,1,1,0,0,0,1,1,163,290,25,2,2012,7,17,0,0,16,6,JONES HOLLOW RD,,5,36.55607222,-82.128925,0,1,0,0,1,1,0,1,1,1,0,1,0,0000000,99,99,99,99,99,99,0,0,0,1,0