STATE,ST_CASE,VE_TOTAL,VE_FORMS,PVH_INVL,PEDS,PERNOTMVIT,PERMVIT,PERSONS,COUNTY,CITY,DAY,MONTH,YEAR,DAY_WEEK,HOUR,MINUTE,NHS,ROAD_FNC,ROUTE,TWAY_ID,TWAY_ID2,MILEPT,LATITUDE,LONGITUD,SP_JUR,HARM_EV,MAN_COLL,RELJCT1,RELJCT2,TYP_INT,WRK_ZONE,REL_ROAD,LGT_COND,WEATHER1,WEATHER2,WEATHER,SCH_BUS,RAIL,NOT_HOUR,NOT_MIN,ARR_HOUR,ARR_MIN,HOSP_HR,HOSP_MN,CF1,CF2,CF3,FATALS,DRUNK_DR
47,470640,3,3,0,0,0,9,9,49,0,3,9,2012,2,13,55,0,2,2,US-127 ST-28 S YORK HWY,,25,36.20325556,-85.01925833,0,12,8,0,1,1,0,1,1,2,0,2,0,0000000,99,99,99,99,99,99,0,0,0,1,0
47,470641,2,2,0,0,0,2,2,59,1715,1,9,2012,7,8,18,1,2,2,US-11E SR-34 W ANDREW JOHNSON,MAIN ST,69,36.18873611,-82.97935,0,12,6,0,2,3,0,1,1,10,0,10,0,0000000,99,99,99,99,99,99,0,0,0,1,0
47,470642,1,1,0,0,0,1,1,123,0,5,9,2012,4,10,40,0,3,3,SR-68,,271,35.33896111,-84.30293333,0,35,0,0,1,1,0,5,1,10,0,10,0,0000000,99,99,99,99,88,88,0,0,0,1,0
47,470643,1,1,0,0,0,1,1,25,1065,2,9,2012,1,16,20,0,6,6,RIVER RD,CHATSWORTH RD,11,36.57062778,-83.63401667,0,35,0,0,3,3,0,4,1,2,0,2,0,0000000,99,99,99,99,99,99,0,0,0,1,0
47,470644,1,1,0,0,0,3,3,37,1760,25,8,2012,7,0,32,0,14,2,US-431 SR-65 WHITES CREEK PK,W NOCTURNE DR,18,36.21149722,-86.797575,0,30,0,0,2,2,0,4,3,1,0,1,0,0000000,99,99,99,99,99,99,0,0,0,1,0
47,470645,3,3,0,3,3,1,1,113,1200,4,9,2012,3,9,59,0,14,2,US-45 SR-5 N HIGHLAND AVE,,191,35.70685833,-88.83272222,0,12,1,0,1,1,0,1,1,1,0,1,0,0000000,99,99,99,99,99,99,23,0,0,1,0
47,470646,1,1,0,1,1,1,1,157,1620,8,9,2012,7,19,9,0,16,6,WARFORD ST,,3,35.21715556,-89.96312222,0,8,0,0,1,1,0,1,3,1,0,1,0,0000000,99,99,99,99,99,99,0,0,0,1,0
47,470647,1,1,0,0,0,2,2,5,240,24,8,2012,6,0,5,0,16,6,OLD HOMESTEAD RD,,5,36.25901667,-88.06642778,0,42,0,0,1,1,0,4,2,1,0,1,0,0000000,99,99,99,99,99,99,0,0,0,1,1
47,470648,2,2,0,0,0,6,6,121,600,30,8,2012,5,20,49,0,3,3,SR-58,,177,35.50865833,-84.79353333,0,12,2,0,1,1,0,1,2,1,0,1,0,0000000,99,99,99,99,99,99,0,0,0,1,0
47,470649,3,3,0,1,1,2,2,11,0,24,9,2012,2,3,41,1,1,1,I-75,,189,35.31266944,-84.80451944,0,12,1,0,1,1,1,2,2,1,0,1,0,0000000,99,99,99,99,99,99,3,0,0,2,0
47,470650,2,2,0,0,0,3,3,75,0,9,9,2012,1,15,27,0,3,3,SR-54 OLD TURNPIKE RD,,32,35.58167222,-89.42938889,0,12,6,0,1,1,0,1,1,1,0,1,0,0000000,99,99,99,99,99,99,0,0,0,1,0
47,470651,1,1,0,0,0,2,2,123,0,9,9,2012,1,11,15,0,3,3,SR-68,,295,35.31215833,-84.29332778,0,1,0,0,1,1,0,1,1,1,0,1,0,0000000,99,99,99,99,99,99,0,0,0,1,0
47,470652,1,1,0,1,1,1,1,37,1760,10,9,2012,2,0,1,1,13,3,SR-255 HARDING PL,,36,36.08235556,-86.71150833,0,24,0,0,1,1,0,4,3,1,0,1,0,0000000,99,99,99,99,88,88,0,0,0,1,0
47,470653,1,1,0,0,0,1,1,109,1994,16,9,2012,1,8,33,0,3,3,SR-57,,90,35.07230278,-88.61303333,0,34,0,0,1,1,0,4,1,1,0,1,0,0000000,99,99,99,99,88,88,0,0,0,1,1
47,470654,2,2,0,0,0,3,3,103,0,9,9,2012,1,12,53,1,2,2,US-64 SR-15 PULASKI HWY,SR-244 BOONSHILL PETERSBURG RD,66,35.20584444,-86.72395833,0,12,6,0,2,2,0,1,1,1,0,1,0,0000000,99,99,99,99,99,99,0,0,0,1,0
47,470655,1,1,0,0,0,2,2,93,0,16,9,2012,1,19,37,0,14,4,CR-EBENEZER RD,,6,35.89545556,-84.07010278,0,30,0,0,1,1,0,4,1,1,0,1,0,0000000,99,99,99,99,99,99,0,0,0,1,0
47,470656,1,1,0,0,0,1,1,37,1535,8,9,2012,7,14,7,1,11,1,I-65 RAMP,,170,36.26183611,-86.73785833,0,1,0,1,5,1,0,4,1,1,0,1,0,0000000,99,99,99,99,99,99,0,0,0,1,1
47,470657,1,1,0,0,0,1,1,97,0,20,9,2012,5,16,5,1,2,3,SR-3 JERE B FORD HWY,,209,35.88948889,-89.42186389,0,35,0,0,1,1,0,4,1,1,0,1,0,0000000,99,99,99,99,99,99,0,0,0,1,1
47,470658,2,2,0,0,0,2,2,89,2570,7,9,2012,6,11,28,0,14,2,US-25E SR-32 STATE ST,,39,36.09643611,-83.27928056,0,12,2,0,8,1,0,1,1,1,0,1,0,0000000,99,99,99,99,99,99,0,0,0,1,0
47,470659,1,1,0,0,0,5,5,89,0,10,9,2012,2,15,25,0,3,2,US-11E SR-34 ANDREW JOHNSON HW,,17,36.06800556,-83.66456944,0,1,0,0,1,1,0,4,1,1,0,1,0,0000000,99,99,99,99,99,99,0,0,0,2,0
47,470660,2,2,0,0,0,4,4,53,1170,12,9,2012,4,21,0,0,13,2,US-70ABP/79BP SR-366,,9,35.82083333,-88.89024444,0,12,1,0,1,1,0,1,2,1,0,1,0,0000000,99,99,99,99,99,99,0,0,0,1,1
47,470661,2,2,0,0,0,3,3,147,0,11,9,2012,3,13,7,0,6,4,CR-LEE JONES RD,CR-BARNES RD,7,36.59871389,-87.11508611,0,12,1,0,3,3,0,1,1,1,0,1,0,0000000,99,99,99,99,99,99,0,0,0,1,0
47,470662,2,2,0,0,0,2,2,15,0,15,9,2012,7,20,20,1,2,2,US-70S SR-1 MCMINNVILLE HWY,,110,35.80218889,-86.00514444,0,12,2,0,1,1,0,1,2,1,0,1,0,0000000,99,99,99,99,99,99,0,0,0,1,1
47,470663,2,2,0,0,0,3,3,183,0,18,9,2012,3,18,20,0,4,3,SR-124,,18,36.15785,-88.77088056,0,12,2,0,1,1,0,1,1,1,0,1,0,0000000,99,99,99,99,99,99,0,0,0,1,0
47,470664,1,1,0,0,0,1,1,53,0,15,9,2012,7,16,55,0,4,3,SR-54 ALAMO HWY,,52,35.91235,-89.01144167,0,35,0,0,1,1,0,4,1,2,0,2,0,0000000,99,99,99,99,88,88,0,0,0,1,0
47,470665,1,1,0,0,0,2,2,115,2590,12,9,2012,4,21,38,0,3,3,SR-108 CUMBERLAND DR,,11,35.20541944,-85.51998611,0,34,0,0,1,1,0,4,2,1,0,1,0,0000000,99,99,99,99,99,99,0,0,0,1,1
47,470666,1,1,0,0,0,1,1,75,0,17,9,2012,2,4,56,0,3,3,SR-76/179,,13,35.41671111,-89.29168056,0,42,0,0,1,1,0,4,2,2,0,2,0,0000000,99,99,99,99,99,99,0,0,0,1,0
47,470667,1,1,0,0,0,1,1,89,0,27,9,2012,5,0,45,0,3,3,SR-92 CHESTNUT HILL RD,,44,35.96268056,-83.38565833,0,30,0,0,1,1,0,4,2,5,0,5,0,0000000,99,99,99,99,99,99,0,0,0,1,0
47,470668,2,2,0,0,0,2,2,157,1620,26,9,2012,4,20,12,0,14,6,CORDOVA RD,,11,35.15914167,-89.8034,0,12,6,0,1,1,0,1,3,1,0,1,0,0000000,99,99,99,99,99,99,0,0,0,1,1
47,470669,1,1,0,0,0,2,2,133,0,17,9,2012,2,10,15,0,3,3,SR-85 HILHAM HWY,,75,36.38523889,-85.39638889,0,34,0,0,1,1,0,4,1,2,0,2,0,0000000,99,99,99,99,99,99,0,0,0,1,0
47,470670,1,1,0,0,0,1,1,163,1280,18,9,2012,3,20,0,0,14,4,CR-FALL CREEK RD,,69,36.51033333,-82.47285556,0,32,0,0,1,1,0,4,3,2,0,2,0,0000000,99,99,99,99,99,99,0,0,0,1,0
47,470671,1,1,0,0,0,1,1,149,1750,14,9,2012,6,9,54,0,15,6,E MAIN ST,,14,35.84458333,-86.37870833,0,30,0,0,1,1,0,4,1,1,0,1,0,0000000,99,99,99,99,99,99,0,0,0,1,0
47,470672,1,1,0,0,0,1,1,3,2200,22,9,2012,7,17,4,0,14,6,BLUE RIBBON PKWY,PERFECTION DR,8,35.49435833,-86.44394444,0,59,0,0,3,1,0,5,1,1,0,1,0,0000000,99,99,99,99,99,99,0,0,0,1,0
47,470673,1,1,0,0,0,1,1,11,420,26,9,2012,4,22,0,0,15,6,TASSO LN NE,,2,35.21195556,-84.80095,0,24,0,0,1,1,0,4,2,1,0,1,0,0000000,99,99,99,99,88,88,0,0,0,1,0
47,470674,1,1,0,0,0,2,2,3,0,28,9,2012,6,23,45,0,5,4,CR-HALLS MILL RD,,35,35.56576389,-86.58171944,0,1,0,0,1,1,0,4,2,1,0,1,0,0000000,99,99,99,99,99,99,0,0,0,1,1
47,470675,1,1,0,0,0,1,1,41,0,27,9,2012,5,99,99,0,3,3,SR-56 MCMINNVILLE HWY,,60,35.93205833,-85.82036389,0,53,0,0,1,1,0,4,2,1,0,1,0,0000000,99,99,99,99,99,99,0,0,0,1,1
47,470676,1,1,0,0,0,1,1,9,0,28,9,2012,6,99,99,0,3,2,US-129 SR-115,,80,35.50455556,-83.96725556,0,35,0,0,1,1,0,4,1,1,0,1,0,0000000,99,99,99,99,99,99,0,0,0,1,0
47,470677,2,2,0,0,0,2,2,163,0,26,9,2012,4,12,50,0,13,3,SR-36 FT HENRY DRIVE,CR-JACKSON HOLLOW RD,15,36.45963333,-82.47228889,0,12,1,0,2,3,0,1,1,1,0,1,0,0000000,99,99,99,99,99,99,0,0,0,1,0
47,470678,1,1,0,0,0,2,2,157,1620,17,9,2012,2,16,34,1,11,1,I-40,,139,35.15444722,-89.888325,0,1,0,0,1,1,0,1,1,2,0,2,0,0000000,99,99,99,99,99,99,0,0,0,1,0
47,470679,1,1,0,0,0,1,1,93,1300,4,10,2012,5,3,37,0,16,6,MAYFIELD AVE,MAXEY ST,0,35.930025,-83.91794167,0,30,0,0,2,3,0,4,3,1,0,1,0,0000000,99,99,99,99,88,88,0,0,0,1,0
47,470680,1,1,0,0,0,2,2,155,0,29,9,2012,7,3,5,0,5,4,CR-PORTERFIELD GAP RD,,10,35.9046,-83.73396389,0,30,0,0,1,1,0,4,2,10,0,10,0,0000000,99,99,99,99,99,99,0,0,0,1,1
47,470681,2,2,0,0,0,2,2,105,0,25,9,2012,3,5,45,0,3,3,SR-72,,43,35.69053056,-84.30175556,0,12,2,0,1,1,0,1,2,1,0,1,0,0000000,99,99,99,99,99,99,0,0,0,1,0
47,470683,2,2,0,0,0,4,4,75,300,1,10,2012,2,9,19,0,13,3,SR-76 ANDERSON AVE,SUNNY HILL CV,98,35.54031667,-89.24799722,0,12,6,0,2,3,0,1,1,2,0,2,0,0000000,99,99,99,99,99,99,0,0,0,1,0
47,470684,2,2,0,0,0,2,2,157,0,14,9,2012,6,19,12,0,3,3,SR-14 AUSTIN PEAY HWY,,332,35.34649167,-89.78451111,0,12,2,0,1,1,0,1,5,1,0,1,0,0000000,99,99,99,99,99,99,0,0,0,1,0
47,470685,1,1,0,0,0,1,1,79,0,21,9,2012,6,7,19,1,2,2,US-641 SR-54,,249,36.49927222,-88.32637222,0,42,0,0,1,1,0,4,1,1,0,1,0,0000000,99,99,99,99,99,99,0,0,0,1,0
47,470686,1,1,0,0,0,1,1,177,0,28,9,2012,6,99,99,0,4,3,SR-287 JACKSBORO RD,,71,35.62841667,-85.92221667,0,42,0,0,1,1,0,4,2,1,0,1,0,0000000,99,99,99,99,88,88,0,0,0,1,0
47,470687,1,1,0,0,0,1,1,149,1750,29,9,2012,7,18,20,1,11,1,I-24 RAMP,,120,35.88148056,-86.47226389,0,7,0,1,5,1,0,8,5,1,0,1,0,0000000,99,99,99,99,99,99,0,0,0,1,0
47,470688,2,2,0,0,0,4,4,57,0,1,10,2012,2,8,52,0,14,2,US-11W SR-1,,245,36.32983611,-83.37453889,0,12,2,0,1,1,0,1,1,10,0,10,0,0000000,99,99,99,99,99,99,0,0,0,2,0
47,470689,1,1,0,0,0,2,2,131,0,2,10,2012,3,15,10,0,4,3,SR-214 KEN TENN HWY,,62,36.48201944,-88.93054722,0,35,0,0,1,1,0,4,1,1,0,1,0,0000000,99,99,99,99,99,99,0,0,0,1,0
47,470690,1,1,0,0,0,1,1,99,0,4,10,2012,5,2,38,0,5,4,CR-REVILO RD,,34,35.11819722,-87.26075556,0,34,0,0,1,1,0,4,2,1,0,1,0,0000000,99,99,99,99,99,99,0,0,0,1,0
47,470691,2,2,0,0,0,2,2,87,0,27,9,2012,5,19,0,0,5,4,CR-CUMMINS MILL RD,,1,36.23836111,-85.60043889,0,12,2,0,1,1,0,1,2,1,0,1,0,0000000,99,99,99,99,99,99,0,0,0,1,0
47,470692,1,1,0,0,0,1,1,43,640,2,10,2012,3,21,24,0,6,4,CR-MURRELL RD,,0,36.02519722,-87.40998056,0,1,0,0,1,1,0,5,2,1,0,1,0,0000000,99,99,99,99,99,99,0,0,0,1,1
47,470693,1,1,0,0,0,1,1,53,0,3,10,2012,4,99,99,0,5,3,SR-8176 CHRISTMASVILLE RD,,2,35.79491944,-88.73616944,0,42,0,0,1,1,0,4,2,1,0,1,0,0000000,99,99,99,99,88,88,0,0,0,1,1
47,470694,2,2,0,0,0,4,4,157,930,6,10,2012,7,16,30,1,13,2,US-72 SR-57 POPLAR AVE,BRACHTON AVE,142,35.07498611,-89.77293333,0,12,6,0,2,3,0,1,1,2,0,2,0,0000000,99,99,99,99,99,99,0,0,0,1,0
47,470695,2,2,0,0,0,3,3,51,1190,8,10,2012,2,11,25,1,2,2,US-64 SR-15 DAVID CROCKETT HWY,SR-122 MAIN ST,28,35.07293889,-86.27079444,0,12,6,0,2,2,0,1,1,10,0,10,0,0000000,99,99,99,99,99,99,0,0,0,1,0
47,470696,2,2,0,0,0,2,2,11,420,5,10,2012,6,14,34,0,13,2,US-11/64 SR-2 S LEE HWY,US-11 SR-74 OCOEE ST NE,125,35.19838611,-84.84863611,0,12,1,0,2,4,0,1,1,1,0,1,0,0000000,99,99,99,99,99,99,0,0,0,1,0
47,470697,1,1,0,1,1,1,1,19,760,11,10,2012,5,13,17,1,13,2,US-321 SR-67 BROAD ST,N LYNN AVE,67,36.35066111,-82.220875,0,8,0,0,2,2,0,1,1,1,0,1,0,0000000,99,99,99,99,99,99,0,0,0,1,0
47,470698,2,2,0,0,0,3,3,37,1760,5,7,2012,5,13,30,0,13,2,US-41/70 S SR-1 MURFREESBORO R,,266,36.0893,-86.65005,0,12,2,0,1,1,0,1,1,1,0,1,0,0000000,99,99,99,99,99,99,0,0,0,1,0
47,470699,1,1,0,0,0,1,1,149,1750,28,9,2012,6,19,46,0,5,4,CR-ARMSTRONG VALLEY RD,WHITUS RD,8,35.75106944,-86.4602,0,35,0,0,3,4,0,4,2,1,0,1,0,0000000,99,99,99,99,99,99,0,0,0,1,0
47,470700,1,1,0,0,0,1,1,35,540,13,10,2012,7,15,44,0,16,6,KINGS ROW,,0,35.95821389,-85.06338611,0,34,0,0,1,1,0,4,1,1,0,1,0,0000000,99,99,99,99,99,99,0,0,0,1,1
47,470701,1,1,0,0,0,1,1,157,1620,13,10,2012,7,4,15,0,16,6,BIRCHLEAF ST,,2,35.04399722,-90.02927778,0,33,0,0,1,1,0,4,3,5,0,5,0,0000000,99,99,99,99,99,99,0,0,0,1,0
47,470702,1,1,0,0,0,2,2,13,0,6,10,2012,7,15,35,0,4,3,SR-90,,12,36.54327222,-84.04365278,0,42,0,0,1,1,0,4,1,1,0,1,0,0000000,99,99,99,99,99,99,0,0,0,2,1
47,470703,1,1,0,0,0,1,1,147,0,14,10,2012,1,16,30,0,4,3,SR-256 GLEN RAVEN RD,,35,36.48510833,-87.07006667,0,32,0,0,1,1,0,4,1,1,0,1,0,0000000,99,99,99,99,88,88,0,0,0,1,1
47,470704,1,1,0,0,0,1,1,65,0,13,10,2012,7,18,35,0,6,4,CR-LEE PK,,5,35.31205833,-85.12449722,0,34,0,0,1,1,0,4,1,10,0,10,0,0000000,99,99,99,99,99,99,0,0,0,1,0
47,470705,2,2,0,0,0,3,3,99,0,10,10,2012,4,18,25,0,5,4,CR-OLD FLORENCE PULASKI RD,,15,35.14896389,-87.31934167,0,12,2,0,1,1,0,1,1,1,0,1,0,0000000,99,99,99,99,99,99,0,0,0,2,0
47,470706,2,1,1,0,0,1,1,37,1760,13,8,2012,2,21,32,0,14,6,BELMONT BLVD,,25,36.12935556,-86.79547778,0,1,0,0,1,1,0,4,3,1,0,1,0,0000000,99,99,99,99,88,88,14,0,0,1,0
47,470707,3,3,0,0,0,4,4,109,0,10,10,2012,4,7,34,1,2,2,US-45 SR-5,,93,35.12393889,-88.56513333,0,12,7,0,1,1,0,1,1,1,0,1,0,0000000,99,99,99,99,99,99,0,0,0,1,0
47,470708,1,1,0,0,0,1,1,145,0,13,10,2012,7,15,5,1,13,3,SR-58 GALLAHER RD,,158,35.86071667,-84.45633056,0,42,0,0,1,1,0,4,1,1,0,1,0,0000000,99,99,99,99,88,88,0,0,0,1,0
47,470709,1,1,0,1,1,1,1,155,0,15,10,2012,2,21,20,0,3,2,US-411 SR-35 NEWPORT HWY,,227,35.89386667,-83.43683889,0,8,0,0,1,1,0,1,2,1,0,1,0,0000000,99,99,99,99,99,99,0,0,0,1,0
47,470710,2,2,0,0,0,2,2,93,1300,11,10,2012,5,15,40,0,14,3,SR-131 W WMORY RD,,84,35.991725,-84.10679444,0,12,6,0,8,1,0,1,1,1,0,1,0,0000000,99,99,99,99,99,99,0,0,0,1,0
47,470711,1,1,0,0,0,1,1,33,0,10,10,2012,4,2,30,0,4,4,CR-EGG HILL RD,,30,35.77203056,-89.16408333,0,42,0,0,1,1,0,4,2,1,0,1,0,0000000,99,99,99,99,88,88,0,0,0,1,0
47,470712,1,1,0,0,0,3,3,99,0,11,10,2012,5,0,28,0,5,4,CR-WEAKLEY CREEK RD,,26,35.26672222,-87.28328889,0,42,0,0,1,1,0,4,2,1,0,1,0,0000000,99,99,99,99,99,99,0,0,0,2,1
47,470713,2,2,0,0,0,4,4,141,0,13,10,2012,7,11,50,0,13,2,US-70N SR-24 W BROAD ST,,159,36.17400833,-85.55409444,0,12,2,0,1,1,0,1,1,1,0,1,0,0000000,99,99,99,99,99,99,0,0,0,1,0
47,470714,2,2,0,0,0,3,3,79,1910,9,5,2012,4,11,12,0,13,3,SR-356 E WOOD ST,,9,36.30221111,-88.31047222,0,12,1,0,1,1,0,1,1,1,0,1,0,0000000,99,99,99,99,99,99,0,0,0,1,0
47,470715,2,2,0,0,0,2,2,37,960,20,7,2012,6,14,58,0,13,2,US-31E SR-6 GALLATIN PK,,210,36.29477222,-86.70103333,0,12,6,0,8,1,0,1,1,1,0,1,0,0000000,99,99,99,99,99,99,0,0,0,1,0
47,470716,1,1,0,0,0,2,2,37,1760,13,9,2012,5,18,39,0,16,6,AARONWOOD DR,,6,36.21720833,-86.62716389,0,5,0,0,1,1,0,1,1,1,0,1,0,0000000,99,99,99,99,99,99,0,0,0,1,0
47,470717,1,1,0,1,1,1,1,125,410,16,10,2012,3,11,16,1,13,2,US-41A SR-12 FT CAMPBELL BLVD,,193,36.59344167,-87.417425,0,8,0,0,1,1,0,1,1,1,0,1,0,0000000,99,99,99,99,99,99,0,0,0,1,0
47,470718,1,1,0,0,0,1,1,69,0,14,10,2012,1,99,99,0,5,4,CR-SAIN RD,,111,35.18741944,-88.98828056,0,34,0,0,1,1,0,4,1,99,0,99,0,0000000,99,99,99,99,99,99,0,0,0,1,0
47,470719,1,1,0,0,0,1,1,9,0,18,10,2012,5,6,28,0,6,4,CR-GARLAND RD,,3,35.60806667,-84.10139444,0,42,0,0,1,1,0,4,2,2,0,2,0,0000000,99,99,99,99,99,99,0,0,0,1,0
47,470720,1,1,0,0,0,1,1,157,1620,20,10,2012,7,1,7,0,14,6,WEAVER RD,,34,35.05966389,-90.09313611,0,30,0,0,1,1,0,4,3,1,0,1,0,0000000,99,99,99,99,99,99,0,0,0,1,1
47,470721,2,2,0,0,0,2,2,149,1750,8,8,2012,4,14,41,0,14,6,N RUTHERFORD BLVD,,2,35.84224722,-86.35188889,0,12,6,0,7,1,0,1,1,1,0,1,0,0000000,99,99,99,99,99,99,0,0,0,1,1
47,470722,2,2,0,0,0,6,6,19,760,18,10,2012,5,19,40,1,13,2,US-19E/321 SR-37,,196,36.318825,-82.19966944,0,12,6,0,1,1,0,1,3,10,0,10,0,0000000,99,99,99,99,99,99,0,0,0,3,0
47,470723,1,1,0,0,0,1,1,81,0,20,10,2012,7,21,0,0,3,3,SR-100,,193,35.86181944,-87.36455556,0,1,0,0,1,1,0,4,2,1,0,1,0,0000000,99,99,99,99,88,88,0,0,0,1,1
47,470724,2,2,0,0,0,2,2,65,0,11,10,2012,5,14,5,0,13,3,SR-58,CR-GREENWOOD RD,147,35.16808611,-85.07800833,0,12,6,0,2,2,0,1,1,1,0,1,0,0000000,99,99,99,99,99,99,0,0,0,1,0
47,470725,2,2,0,0,0,2,2,37,1760,22,8,2012,4,21,54,0,15,6,SAUNDERSVILLE RD,,10,36.22906944,-86.59695,0,12,2,0,1,1,0,1,2,1,0,1,0,0000000,99,99,99,99,99,99,0,0,0,1,1
47,470726,1,1,0,0,0,1,1,13,0,3,10,2012,4,11,20,0,5,4,CR-MIDDLESBORO HWY 63,,31,36.42494444,-84.01383889,0,30,0,0,1,1,0,4,1,1,0,1,0,0000000,99,99,99,99,99,99,0,0,0,1,0
47,470727,1,1,0,0,0,1,1,107,0,20,10,2012,7,12,59,1,1,1,I-75,,162,35.49320278,-84.62172222,0,42,0,0,1,1,0,4,1,1,0,1,0,0000000,99,99,99,99,88,88,0,0,0,1,0
47,470728,1,1,0,0,0,1,1,9,0,22,10,2012,2,11,40,0,3,2,US-129 SR-115,,36,35.49508611,-83.93488333,1,34,0,0,1,1,0,4,1,1,0,1,0,0000000,99,99,99,99,99,99,0,0,0,1,0
47,470730,1,1,0,0,0,1,1,75,0,15,10,2012,2,11,20,0,5,4,CR-NUNN RD,,23,35.67881944,-89.42908333,0,1,0,0,1,1,0,4,1,1,0,1,0,0000000,99,99,99,99,88,88,0,0,0,1,0
47,470731,2,2,0,0,0,3,3,137,0,22,10,2012,2,12,30,0,4,3,SR-325 CORDELL HULL MEMORIAL,,24,36.58171389,-85.186175,0,12,2,0,1,1,0,1,1,1,0,1,0,0000000,99,99,99,99,99,99,0,0,0,1,0
47,470732,1,1,0,0,0,1,1,9,0,24,10,2012,4,16,20,0,3,2,US-129 SR-115 CALDERWOOD HWY,,200,35.55358333,-84.09200278,0,34,0,0,1,1,0,4,1,1,0,1,0,0000000,99,99,99,99,88,88,0,0,0,1,0
47,470733,1,1,0,0,0,2,2,157,1620,25,10,2012,5,9,8,0,15,6,BASKIN ST,,4,35.2042,-90.02057778,0,33,0,0,1,1,0,4,1,1,0,1,0,0000000,99,99,99,99,99,99,0,0,0,1,0
47,470734,2,2,0,0,0,4,4,157,1620,21,10,2012,1,3,0,1,11,1,I-240,,162,35.1131,-89.86970833,0,12,6,0,1,1,1,1,2,1,0,1,0,0000000,99,99,99,99,99,99,23,0,0,1,1
47,470735,1,1,0,0,0,3,3,177,0,18,10,2012,5,23,45,0,3,3,SR-30 SPENCER RD,,2,35.71196111,-85.69955,0,42,0,0,1,1,0,4,2,1,0,1,0,0000000,99,99,99,99,99,99,0,0,0,1,1
47,470736,1,1,0,0,0,4,4,99,2107,20,10,2012,7,99,99,0,4,3,SR-257 IRON CITY RD,,61,35.03663611,-87.51388056,0,43,0,0,1,1,0,4,1,1,0,1,0,0000000,99,99,99,99,99,99,0,0,0,1,0
47,470737,5,5,0,0,0,5,5,45,710,19,10,2012,6,12,8,1,13,2,US-51 SR-3,SR-78 LAKE RD,87,36.05798056,-89.39479167,0,12,2,0,2,2,0,1,1,1,0,1,0,0000000,99,99,99,99,99,99,0,0,0,1,0
47,470738,2,2,0,0,0,2,2,157,1620,27,10,2012,7,17,36,0,15,6,COTTONWOOD RD,CHERRY RD,8,35.06948611,-89.91797222,0,12,6,0,2,2,0,1,1,1,0,1,0,0000000,99,99,99,99,99,99,0,0,0,1,0
47,470739,1,1,0,1,1,2,2,13,1198,16,10,2012,3,22,58,0,2,2,US-25W SR-9 APPALACHIAN HWY,,295,36.330925,-84.18911389,0,8,0,0,1,1,0,1,2,1,0,1,0,0000000,99,99,99,99,88,88,0,0,0,1,0
47,470740,3,3,0,0,0,3,3,9,1570,29,10,2012,2,11,42,1,13,2,US-129/411 SR-33 W BROADWAY AV,,98,35.73254722,-83.99528333,0,12,2,0,1,1,0,1,1,10,0,10,0,0000000,99,99,99,99,99,99,0,0,0,1,0
47,470741,1,1,0,0,0,1,1,187,272,23,10,2012,3,20,30,0,15,6,HOLLY TREE GAP RD,,33,35.990275,-86.82918056,0,30,0,0,1,1,0,4,2,1,0,1,0,0000000,99,99,99,99,88,88,0,0,0,1,1
47,470742,6,6,0,0,0,8,8,65,400,26,10,2012,6,10,10,1,11,1,I-24,,96,35.018575,-85.28793333,0,12,1,0,1,1,0,1,1,1,0,1,0,0000000,99,99,99,99,99,99,0,0,0,1,0
47,470743,2,2,0,0,0,2,2,55,0,22,10,2012,2,9,20,0,3,2,US-31A SR-11 LEWISBURG HWY,,250,35.25855556,-86.93479167,0,12,8,0,1,1,0,1,1,1,0,1,0,0000000,99,99,99,99,99,99,0,0,0,1,0
47,470744,2,2,0,0,0,5,5,183,0,25,10,2012,5,14,45,0,4,3,SR-89 PALMERSVILLE HWY,,208,36.32889722,-88.64493333,0,12,2,0,1,1,0,1,1,1,0,1,1,0000000,99,99,99,99,99,99,0,0,0,1,0
47,470745,2,2,0,0,0,2,2,185,2310,26,10,2012,6,11,36,0,5,6,RAY BROYLES RD,,14,35.95089722,-85.45396667,0,12,6,0,1,1,0,1,1,2,0,2,0,0000000,99,99,99,99,99,99,0,0,0,1,0
47,470746,1,1,0,0,0,1,1,149,0,28,10,2012,1,14,33,0,6,4,CR-E COUNTY FARM RD,,30,35.76595833,-86.37908333,0,34,0,0,1,1,0,4,1,1,0,1,0,0000000,99,99,99,99,88,88,0,0,0,1,0
47,470747,2,2,0,0,0,3,3,111,1310,9,10,2012,3,9,51,0,2,3,SR-52,SR-10,69,36.51891111,-86.03445278,0,12,6,0,2,2,0,1,1,1,0,1,0,0000000,99,99,99,99,99,99,0,0,0,1,0
47,470748,2,2,0,0,0,3,3,77,0,27,10,2012,7,16,20,1,2,2,US-412 SR-20,CR-NEW FLANAGAN RD,49,35.69069444,-88.52416111,0,12,6,0,3,3,0,1,1,1,0,1,0,0000000,99,99,99,99,99,99,0,0,0,1,0
47,470749,1,1,0,0,0,1,1,37,1760,28,9,2012,6,21,45,1,12,3,SR-155 BRILEY PKWY,,267,36.16095278,-86.86663056,0,24,0,0,1,1,0,3,3,1,0,1,0,0000000,99,99,99,99,88,88,0,0,0,1,1