STATE,ST_CASE,VE_TOTAL,VE_FORMS,PVH_INVL,PEDS,PERNOTMVIT,PERMVIT,PERSONS,COUNTY,CITY,DAY,MONTH,YEAR,DAY_WEEK,HOUR,MINUTE,NHS,ROAD_FNC,ROUTE,TWAY_ID,TWAY_ID2,MILEPT,LATITUDE,LONGITUD,SP_JUR,HARM_EV,MAN_COLL,RELJCT1,RELJCT2,TYP_INT,WRK_ZONE,REL_ROAD,LGT_COND,WEATHER1,WEATHER2,WEATHER,SCH_BUS,RAIL,NOT_HOUR,NOT_MIN,ARR_HOUR,ARR_MIN,HOSP_HR,HOSP_MN,CF1,CF2,CF3,FATALS,DRUNK_DR
47,470750,1,1,0,0,0,3,3,29,1780,3,11,2012,7,10,35,0,15,6,RANKIN RD,SEEHORN DR,7,35.98191389,-83.18683611,0,34,0,0,3,2,0,4,1,1,0,1,0,0000000,99,99,99,99,99,99,0,0,0,1,0
47,470751,1,1,0,0,0,1,1,93,1300,3,11,2012,7,0,35,0,16,6,BEAVER CREEK RD,,17,36.00381944,-84.06400833,0,1,0,0,1,1,0,4,2,1,0,1,0,0000000,99,99,99,99,88,88,0,0,0,1,1
47,470752,1,1,0,0,0,1,1,157,1620,3,11,2012,7,23,49,1,13,2,US-61 SR-14 S THIRD ST,,69,35.07101667,-90.05834722,0,33,0,0,1,1,0,4,3,1,0,1,0,0000000,99,99,99,99,88,88,0,0,0,1,0
47,470753,2,2,0,0,0,3,3,59,1010,22,10,2012,2,16,0,0,5,6,MT HEBRON RD,,33,36.13730556,-82.78578056,0,12,6,0,8,1,0,1,1,1,0,1,0,0000000,99,99,99,99,99,99,0,0,0,1,0
47,470755,2,2,0,0,0,3,3,155,0,20,10,2012,7,22,10,0,3,2,US-411 SR-35 NEWPORT HWY,CR-FAIRGARDEN RD,237,35.90654722,-83.41456667,0,12,6,0,3,4,0,1,2,1,0,1,0,0000000,99,99,99,99,99,99,0,0,0,1,0
47,470756,1,1,0,0,0,1,1,113,1200,25,10,2012,5,12,0,1,13,2,US-45/45BP SR-5 S HIGHLAND AVE,,6,35.61233889,-88.823025,0,1,0,0,1,1,0,3,1,1,0,1,0,0000000,99,99,99,99,99,99,0,0,0,1,0
47,470757,1,1,0,0,0,1,1,45,710,1,9,2012,7,99,99,0,15,6,MILLSFIELD HWY PARR AVE,,2,36.05844167,-89.38064444,0,30,0,0,1,1,0,4,3,1,0,1,0,0000000,99,99,99,99,88,88,18,0,0,1,0
47,470758,1,1,0,0,0,1,1,103,0,31,10,2012,4,23,0,0,4,4,CR-PROSPECT RD,,38,35.06761389,-86.53190556,0,34,0,0,1,1,0,4,2,1,0,1,0,0000000,99,99,99,99,99,99,0,0,0,1,1
47,470759,1,1,0,1,1,2,2,59,0,3,11,2012,7,5,30,0,6,4,CR-CHUCKEY HWY,,171,36.21048333,-82.7036,0,8,0,0,1,1,0,1,2,1,0,1,0,0000000,99,99,99,99,88,88,0,0,0,1,0
47,470760,2,2,0,0,0,1,1,11,420,25,10,2012,5,21,30,1,1,1,I-75,,65,35.16428333,-84.93114722,0,12,1,0,1,1,0,1,2,1,0,1,0,0000000,99,99,99,99,99,99,19,0,0,1,0
47,470761,1,1,0,0,0,1,1,9,0,4,11,2012,1,99,99,0,16,4,CR-MIDDLESETTLEMENTS RD,,25,35.77765278,-84.02735556,0,32,0,0,1,1,0,4,2,1,0,1,0,0000000,99,99,99,99,88,88,0,0,0,1,1
47,470762,1,1,0,0,0,1,1,89,0,6,11,2012,3,3,15,0,6,4,CR-S CHUCKY PK,,8,36.108275,-83.36153889,0,52,0,0,1,1,0,4,2,10,0,10,0,0000000,99,99,99,99,99,99,0,0,0,1,0
47,470763,2,2,0,0,0,4,4,65,448,1,11,2012,5,16,11,0,14,2,US-11/64 SR-2 LEE HWY,EDGMON RD,227,35.07908333,-85.03373056,0,12,6,0,2,3,0,1,1,1,0,1,0,0000000,99,99,99,99,99,99,0,0,0,1,0
47,470764,1,1,0,0,0,2,2,93,0,3,11,2012,7,15,31,0,6,4,CR-SEVIERVILLE PK,,25,35.91409722,-83.81838889,0,42,0,0,1,1,0,4,1,1,0,1,0,0000000,99,99,99,99,99,99,0,0,0,1,0
47,470765,3,3,0,0,0,4,4,37,1760,1,10,2012,2,10,43,1,11,1,I-440 FOUR-FORTY PKWY,,55,36.11985556,-86.76634722,0,12,6,0,1,1,0,1,1,2,0,2,0,0000000,99,99,99,99,99,99,14,0,0,1,0
47,470766,2,1,1,0,0,1,1,19,2063,1,7,2012,1,21,24,0,5,6,TIGER CREEK RD,,84,36.18165278,-82.1306,0,14,0,0,1,1,0,5,2,1,0,1,0,0000000,99,99,99,99,99,99,0,0,0,1,0
47,470767,1,1,0,0,0,1,1,35,0,21,7,2012,7,0,4,0,14,3,SR-101 PEAVINE RD,,161,35.96376944,-84.98176111,0,35,0,0,1,1,0,4,2,10,0,10,0,0000000,99,99,99,99,99,99,0,0,0,1,0
47,470768,2,2,0,0,0,4,4,159,0,25,10,2012,5,1,10,1,1,1,I-40,,20,36.16893333,-86.05678333,0,12,1,0,5,1,0,2,2,1,0,1,0,0000000,99,99,99,99,99,99,0,0,0,1,0
47,470769,2,2,0,0,0,2,2,123,0,1,11,2012,5,14,0,0,5,4,CR-GLENLOCK RD,,81,35.62191389,-84.37526667,0,12,2,0,1,1,0,1,1,1,0,1,0,0000000,99,99,99,99,99,99,0,0,0,1,0
47,470770,1,1,0,0,0,1,1,157,1620,7,11,2012,4,20,45,0,14,6,N CLEVELAND ST,AUTUMN AVE,63,35.15083056,-90.01386944,0,30,0,0,3,2,0,4,3,1,0,1,0,0000000,99,99,99,99,99,99,0,0,0,1,0
47,470771,1,1,0,0,0,1,1,81,370,7,11,2012,4,22,30,0,5,4,CR-961 GOODRICH RD,,61,35.84446944,-87.47905556,0,35,0,0,1,1,0,4,2,1,0,1,0,0000000,99,99,99,99,88,88,0,0,0,1,1
47,470772,1,1,0,0,0,1,1,143,0,8,11,2012,5,21,15,0,4,3,SR-443 OGDEN RD,,7,35.51291111,-85.095175,0,42,0,0,1,1,0,4,2,1,0,1,0,0000000,99,99,99,99,99,99,0,0,0,1,0
47,470773,2,2,0,0,0,4,4,155,0,13,10,2012,7,23,57,1,2,2,US-321/441 SR-71 PARKWAY,CR-LITTLE SMOKY RD,175,35.73378333,-83.51987778,0,12,6,0,2,2,0,1,2,1,0,1,0,0000000,99,99,99,99,99,99,0,0,0,1,0
47,470774,1,1,0,0,0,1,1,167,0,23,10,2012,3,99,99,0,6,4,CR-SCOTT RD,CR-RIALTO RD,75,35.61460833,-89.60330278,0,34,0,0,3,3,0,4,9,99,0,99,0,0000000,99,99,99,99,99,99,18,0,0,1,0
47,470775,2,2,0,0,0,3,3,37,1245,15,6,2012,6,19,39,1,1,1,I-24,,39,36.32074167,-86.85219167,0,12,7,0,1,1,0,1,1,2,0,2,0,0000000,99,99,99,99,99,99,0,0,0,1,0
47,470776,1,1,0,0,0,1,1,157,1620,8,11,2012,5,5,16,0,13,3,SR-175 SHELBY DR,,137,35.02031389,-89.868275,0,42,0,0,1,1,0,5,3,1,0,1,0,0000000,99,99,99,99,88,88,0,0,0,1,0
47,470777,1,1,0,0,0,1,1,9,0,18,9,2012,3,10,29,0,15,4,CR-MINT RD,,13,35.695025,-84.02314444,0,42,0,0,1,1,0,4,1,2,0,2,0,0000000,99,99,99,99,99,99,0,0,0,1,0
47,470778,1,1,0,0,0,1,1,135,0,28,10,2012,1,10,30,0,6,4,CR-MAYBERRY PRONG RD,,0,35.48778611,-87.87220278,0,24,0,0,1,1,0,4,1,1,0,1,0,0000000,99,99,99,99,99,99,0,0,0,1,0
47,470779,3,3,0,1,1,1,1,183,0,31,10,2012,4,22,36,0,2,3,SR-22,,275,36.37306111,-88.9179,0,12,7,0,1,1,0,2,2,1,0,1,0,0000000,99,99,99,99,99,99,23,0,0,1,0
47,470780,2,2,0,0,0,3,3,5,0,13,11,2012,3,23,2,1,1,1,I-40,,44,35.87055556,-88.01618889,0,12,6,0,1,1,0,1,2,1,0,1,0,0000000,99,99,99,99,99,99,0,0,0,1,0
47,470781,2,2,0,0,0,8,8,89,0,23,9,2012,1,18,15,1,1,1,I-40,,11,36.06712778,-83.38801111,0,12,6,1,5,1,1,1,1,1,0,1,0,0000000,99,99,99,99,99,99,3,0,0,1,0
47,470782,1,1,0,0,0,1,1,155,0,1,11,2012,5,21,55,0,14,4,CR-S OLD SEVIERVILLE PK,,60,35.88575556,-83.78033333,0,53,0,0,1,1,0,4,2,1,0,1,0,0000000,99,99,99,99,99,99,0,0,0,1,0
47,470783,2,2,0,0,0,2,2,159,0,1,11,2012,5,3,58,1,1,1,I-40,,119,36.16193889,-85.88636944,0,52,0,0,1,1,0,3,2,1,0,1,0,0000000,99,99,99,99,99,99,19,0,0,1,1
47,470784,3,3,0,0,0,4,4,1,0,1,11,2012,5,17,53,0,4,3,SR-61 OLIVER SPRINGS HWY,,87,36.06505278,-84.22033056,0,12,2,0,1,1,0,1,1,1,0,1,0,0000000,99,99,99,99,99,99,0,0,0,2,0
47,470785,2,2,0,0,0,3,3,141,0,4,11,2012,1,12,21,0,4,3,SR-290 GAINESBORO GRADE,CR-COUNTY FARM RD,30,36.20365833,-85.54939444,0,12,6,0,2,3,0,1,1,1,0,1,0,0000000,99,99,99,99,99,99,0,0,0,1,0
47,470786,1,1,0,2,2,1,1,157,1620,8,11,2012,5,9,56,0,13,2,US-51 SR-3 ELVIS PRESLEY BLVD,,0,34.99585556,-90.02546944,0,18,0,0,1,1,0,1,1,1,0,1,0,0000000,99,99,99,99,99,99,15,0,0,1,0
47,470787,2,2,0,0,0,2,2,157,1620,10,11,2012,7,1,16,1,13,3,SR-14 AUSTIN PEAY HWY,LAKEHURST DR,223,35.23008333,-89.90031389,0,12,6,0,3,3,0,1,3,1,0,1,0,0000000,99,99,99,99,99,99,0,0,0,1,0
47,470788,1,1,0,0,0,1,1,69,0,11,11,2012,1,99,99,0,3,3,SR-125,,73,35.09918056,-88.90305833,0,35,0,0,1,1,0,4,2,1,0,1,0,0000000,99,99,99,99,99,99,0,0,0,1,0
47,470789,1,1,0,0,0,1,1,145,1850,13,11,2012,3,19,29,0,13,3,SR-95 WHITE RING RD,,23,35.91505,-84.33365556,0,42,0,0,1,1,0,4,2,1,0,1,0,0000000,99,99,99,99,99,99,0,0,0,1,0
47,470790,1,1,0,0,0,1,1,59,1715,9,11,2012,6,18,30,0,5,6,BROWN SPRINGS RD,,36,36.20337222,-82.94450556,0,42,0,0,1,1,0,4,2,1,0,1,0,0000000,99,99,99,99,99,99,0,0,0,1,1
47,470791,1,1,0,0,0,1,1,157,1620,13,11,2012,3,12,1,0,14,6,STAGE RD,,0,35.20347222,-90.03308889,0,33,0,0,1,1,0,4,1,1,0,1,0,0000000,99,99,99,99,99,99,0,0,0,1,0
47,470792,1,1,0,0,0,1,1,165,2565,5,7,2012,5,13,19,0,14,2,US-31W SR-41,,96,36.46283333,-86.66101944,0,34,0,0,1,1,0,4,1,1,0,1,0,0000000,99,99,99,99,99,99,0,0,0,1,0
47,470793,1,1,0,0,0,1,1,125,0,14,11,2012,4,12,15,0,5,4,CR-BRYANT HOLLOW RD,,1,36.33025833,-87.43806389,0,53,0,0,1,1,0,4,1,1,0,1,0,0000000,99,99,99,99,88,88,0,0,0,1,0
47,470794,1,1,0,0,0,2,2,149,1750,12,11,2012,2,12,59,0,16,6,JOHN RICE BLVD,,10,35.85843611,-86.44830833,0,30,0,0,1,1,0,4,1,10,0,10,0,0000000,99,99,99,99,99,99,0,0,0,1,0
47,470795,1,1,0,0,0,1,1,9,0,14,11,2012,4,14,53,0,14,4,CR-MORGANTOWN RD,,28,35.68784167,-84.10409722,0,42,0,0,1,1,0,5,1,1,0,1,0,0000000,99,99,99,99,99,99,0,0,0,1,0
47,470796,1,1,0,0,0,1,1,147,1888,16,11,2012,6,22,30,0,4,3,SR-49 E,,245,36.61239444,-86.7101,0,42,0,0,1,1,0,4,2,1,0,1,0,0000000,99,99,99,99,88,88,0,0,0,1,1
47,470797,3,3,0,0,0,4,4,163,0,10,11,2012,7,16,50,0,14,3,SR-126 MEMORIAL BLVD,,98,36.5454,-82.41628889,0,12,1,0,1,1,0,1,1,1,0,1,0,0000000,99,99,99,99,88,88,0,0,0,1,0
47,470798,2,2,0,0,0,2,2,151,0,13,11,2012,3,15,10,1,2,2,US-27 SR-29 SCOTT HWY,NIGGS CREEK RD,157,36.48483333,-84.53255,0,12,6,0,2,3,0,1,1,1,0,1,0,0000000,99,99,99,99,99,99,0,0,0,1,0
47,470799,2,2,0,0,0,3,3,63,1700,19,11,2012,2,14,55,0,14,3,SR-343 S CUMBERLAND ST,OLD WITT RD,9,36.17328889,-83.27781111,0,12,6,0,2,3,0,1,1,1,0,1,0,0000000,99,99,99,99,99,99,0,0,0,1,0
47,470800,2,2,0,0,0,2,2,65,400,1,11,2012,5,14,58,1,13,3,SR-153,,3,35.15425833,-85.24879444,0,12,6,0,8,1,0,1,1,1,0,1,0,0000000,99,99,99,99,99,99,0,0,0,1,0
47,470801,2,2,0,0,0,7,7,65,0,13,11,2012,3,8,5,0,3,3,SR-58,,241,35.27703333,-84.97979167,0,12,2,0,1,1,0,1,1,1,0,1,0,0000000,99,99,99,99,99,99,0,0,0,2,0
47,470802,2,2,0,0,0,3,3,93,1300,27,11,2012,3,0,32,1,11,1,I-40 US-25W,,242,36.01349167,-83.85611667,0,12,7,0,1,1,0,1,3,2,0,2,0,0000000,99,99,99,99,99,99,0,0,0,1,0
47,470803,2,2,0,0,0,3,3,157,1620,14,11,2012,4,15,16,0,14,6,KIRBY PKWY,RAINES RD,28,35.03498889,-89.84765833,0,12,6,0,2,2,0,1,1,1,0,1,0,0000000,99,99,99,99,99,99,0,0,0,1,0
47,470804,1,1,0,0,0,1,1,165,1085,15,11,2012,5,15,53,0,6,4,CR-SAUNDERSVILLE RD,,5,36.32891111,-86.57336111,0,33,0,0,1,1,0,4,1,1,0,1,0,0000000,99,99,99,99,99,99,0,0,0,1,0
47,470805,3,3,0,0,0,4,4,157,1620,26,11,2012,2,7,37,1,11,1,I-240,,30,35.100075,-90.02890556,0,12,7,0,1,1,0,1,1,2,0,2,0,0000000,99,99,99,99,99,99,0,0,0,1,0
47,470806,2,2,0,0,0,3,3,37,1760,10,10,2012,4,5,57,1,13,3,SR-45 ROBINSON RD,HICKORY INDUSTRIAL DR,97,36.26679444,-86.67034167,0,12,6,0,2,2,0,1,3,1,0,1,0,0000000,99,99,99,99,88,88,0,0,0,1,0
47,470807,1,1,0,1,1,1,1,37,1760,24,6,2012,1,20,52,0,14,2,US-31W/41 SR-11 DICKERSON PK,,161,36.22198611,-86.76153611,0,8,0,0,1,1,0,1,3,99,0,99,0,0000000,99,99,99,99,99,99,0,0,0,1,0
47,470808,2,2,0,0,0,2,2,189,0,16,11,2012,6,11,41,0,6,4,CR-WALTER MORRIS RD,,0,36.26501944,-86.121075,0,12,2,0,1,1,0,1,1,1,0,1,0,0000000,99,99,99,99,99,99,4,0,0,1,0
47,470809,2,2,0,0,0,4,4,109,1627,17,11,2012,7,11,25,0,3,3,SR-22,,43,35.046375,-88.44598056,0,12,6,0,1,1,0,2,1,1,0,1,0,0000000,99,99,99,99,99,99,0,0,0,2,0
47,470810,1,1,0,0,0,1,1,97,0,18,11,2012,1,0,23,0,5,4,CR-CENTRAL CURVE RD,,5,35.80538889,-89.45901389,0,52,0,0,1,1,0,4,2,1,0,1,0,0000000,99,99,99,99,88,88,0,0,0,1,1
47,470811,1,1,0,0,0,1,1,35,0,19,11,2012,2,21,50,0,4,3,SR-101 PEAVINE RD,,216,36.00653889,-84.90983056,0,34,0,0,1,1,0,4,2,1,0,1,0,0000000,21,53,21,57,22,25,0,0,0,1,1
47,470812,1,1,0,0,0,1,1,1,0,10,11,2012,7,15,41,0,6,4,CR-MOUNTAIN RD,,14,36.14360833,-84.08455278,0,42,0,0,1,1,0,4,1,1,0,1,0,0000000,99,99,99,99,99,99,0,0,0,1,0
47,470813,2,2,0,0,0,3,3,141,480,20,11,2012,3,15,43,0,14,3,SR-136 S JEFFERSON AVE,,3,36.10685833,-85.50536111,0,12,1,0,1,1,0,1,1,1,0,1,0,0000000,99,99,99,99,99,99,0,0,0,1,1
47,470814,1,1,0,0,0,2,2,157,1620,19,11,2012,2,16,41,0,13,3,SR-175 SHELBY DR,,96,35.02065556,-89.94095833,0,33,0,0,1,1,0,4,6,1,0,1,0,0000000,99,99,99,99,88,88,0,0,0,2,1
47,470815,1,1,0,0,0,1,1,9,1570,23,11,2012,6,23,10,0,14,3,SR-336 MONTVALE RD,SOUTHVIEW DR,172,35.71733056,-83.96496111,0,42,0,0,3,3,0,4,3,1,0,1,0,0000000,99,99,99,99,99,99,0,0,0,1,0
47,470816,1,1,0,0,0,1,1,119,470,25,11,2012,1,99,99,0,16,6,HAVEN CIR,,3,35.60665,-87.07371389,0,1,0,0,1,1,0,4,3,1,0,1,0,0000000,99,99,99,99,99,99,0,0,0,1,1
47,470817,1,1,0,0,0,1,1,93,0,26,11,2012,2,17,28,0,16,4,CR-TOPSIDE RD,,10,35.88227778,-83.94418056,0,35,0,0,1,1,0,4,2,10,0,10,0,0000000,99,99,99,99,99,99,0,0,0,1,1
47,470818,2,2,0,0,0,2,2,187,850,21,11,2012,4,16,51,0,13,2,US-431 SR-106 HILLSBORO RD,,148,35.95524722,-86.84491944,0,12,2,0,1,1,0,1,5,1,0,1,0,0000000,99,99,99,99,99,99,0,0,0,1,1
47,470819,2,2,0,0,0,3,3,97,0,1,11,2012,5,12,45,1,2,2,US-51 SR-3 JERE B FORD HWY,,9,35.82128333,-89.46131389,0,12,6,0,8,1,0,1,1,1,0,1,0,0000000,99,99,99,99,99,99,0,0,0,1,0
47,470820,2,2,0,1,1,3,3,43,0,11,11,2012,1,21,50,1,11,1,I-40,,91,36.01945,-87.336525,0,8,0,0,1,1,0,1,2,10,0,10,0,0000000,99,99,99,99,99,99,0,0,0,1,0
47,470821,2,2,0,0,0,1,1,93,0,20,11,2012,3,13,13,1,13,2,US-11W SR-1 RUTLEDGE PK,,290,36.0508,-83.80085556,0,12,1,0,1,1,0,2,1,1,0,1,0,0000000,99,99,99,99,99,99,0,0,0,1,0
47,470822,1,1,0,0,0,1,1,147,2565,1,12,2012,7,0,45,1,11,1,I-65,,60,36.49198889,-86.67191944,0,24,0,0,1,1,0,4,2,1,0,1,0,0000000,99,99,99,99,99,99,0,0,0,1,0
47,470823,2,2,0,0,0,2,2,37,1760,2,12,2012,1,23,30,1,13,2,US-31A/41A SR-11 4TH AVE S,I-40 RAMP,1,36.15080556,-86.77053611,0,12,6,1,17,1,0,1,3,1,0,1,0,0000000,99,99,99,99,99,99,0,0,0,1,0
47,470824,2,2,0,0,0,4,4,147,2340,7,12,2012,6,15,12,0,3,3,SR-49,,128,36.51496944,-86.86185278,0,12,8,0,1,1,0,1,1,1,0,1,0,0000000,99,99,99,99,99,99,0,0,0,2,0
47,470825,1,1,0,1,1,1,1,157,0,4,12,2012,3,2,21,1,13,2,US-51 SR-3,,251,35.27336111,-89.98203611,0,8,0,0,1,1,0,1,2,10,0,10,0,0000000,99,99,99,99,99,99,0,0,0,1,0
47,470826,2,2,0,0,0,3,3,11,0,5,12,2012,4,6,54,1,13,2,US-11 SR-2 N LEE HWY,,160,35.23611667,-84.80961111,0,12,6,0,1,1,0,1,2,2,0,2,1,0000000,99,99,99,99,99,99,0,0,0,1,0
47,470827,1,1,0,1,1,1,1,37,1760,2,11,2012,6,20,24,1,13,3,SR-45 OLD HICKORY BLVD,,177,36.17206944,-86.60178056,0,8,0,0,1,1,0,1,2,1,0,1,0,0000000,99,99,99,99,99,99,0,0,0,1,0
47,470828,1,1,0,1,1,1,1,37,1760,8,11,2012,5,19,36,1,13,3,SR-254 OLD HICKORY BLVD,,106,36.039525,-86.72837778,0,8,0,0,1,1,0,1,3,1,0,1,0,0000000,99,99,99,99,88,88,0,0,0,1,0
47,470829,2,2,0,0,0,6,6,29,0,1,12,2012,7,5,13,1,1,1,I-40,,79,35.91372222,-83.18651111,0,12,2,0,1,1,0,1,2,1,0,1,0,0000000,99,99,99,99,99,99,0,0,0,1,1
47,470830,1,1,0,0,0,4,4,51,0,1,12,2012,7,13,29,0,6,4,CR-POST OAK RD,CR-MARSHALL RD,0,35.14565833,-86.24106667,0,1,0,0,3,3,0,4,1,1,0,1,0,0000000,99,99,99,99,99,99,0,0,0,1,1
47,470831,1,1,0,0,0,1,1,125,0,1,12,2012,7,18,20,0,6,4,CR-MT CARMEL RD,CR-SANGO RD,54,36.47746667,-87.14925556,0,1,0,0,3,3,0,4,5,1,0,1,0,0000000,99,99,99,99,88,88,0,0,0,1,1
47,470832,2,2,0,0,0,2,2,37,1760,29,9,2012,7,19,55,1,13,3,SR-255 DONELSON PK,,107,36.16324444,-86.66395,0,12,6,0,8,1,0,1,3,1,0,1,0,0000000,99,99,99,99,20,7,0,0,0,1,0
47,470833,2,2,0,0,0,2,2,37,1760,30,10,2012,3,20,10,0,15,6,ANDREW JACKSON PKWY,,8,36.17383889,-86.61436944,0,53,0,0,8,1,0,4,3,1,0,1,0,0000000,99,99,99,99,99,99,0,0,0,1,0
47,470834,2,2,0,0,0,3,3,81,0,13,11,2012,3,14,10,0,3,3,SR-100,,264,35.92841111,-87.31019444,0,12,6,0,1,1,0,1,1,1,0,1,0,0000000,99,99,99,99,99,99,0,0,0,1,0
47,470835,2,2,0,0,0,2,2,125,410,10,11,2012,7,16,35,1,13,3,SR-76,SANGO RD,175,36.524675,-87.22490278,0,12,6,0,3,3,1,1,2,1,0,1,0,0000000,99,99,99,99,99,99,0,0,0,1,0
47,470836,1,1,0,0,0,1,1,97,0,18,11,2012,1,99,99,0,4,3,SR-87,,176,35.68408333,-89.62175833,0,30,0,0,1,1,0,4,2,1,0,1,0,0000000,99,99,99,99,88,88,0,0,0,1,0
47,470837,1,1,0,0,0,2,2,157,930,1,12,2012,7,4,10,0,15,6,CROSS VILLAGE DR,,5,35.06740833,-89.80446111,0,33,0,0,1,1,0,4,3,1,0,1,0,0000000,99,99,99,99,99,99,0,0,0,1,1
47,470838,1,1,0,0,0,1,1,155,0,20,11,2012,3,7,55,0,3,2,US-411/441 SR-35 CHAPMAN HWY,,90,35.85774444,-83.64913056,0,53,0,0,1,1,0,4,1,10,0,10,0,0000000,99,99,99,99,88,88,0,0,0,1,0
47,470839,1,1,0,0,0,1,1,53,0,16,11,2012,6,12,55,0,3,3,SR-77,,156,35.94195,-88.83257778,0,34,0,0,1,1,0,4,1,1,0,1,0,0000000,99,99,99,99,99,99,0,0,0,1,0
47,470840,1,1,0,0,0,2,2,89,0,22,11,2012,5,18,0,0,4,3,SR-139,,12,35.97103889,-83.51546389,0,1,0,0,1,1,0,4,2,1,0,1,0,0000000,99,99,99,99,99,99,0,0,0,1,1
47,470841,2,2,0,0,0,2,2,125,410,24,11,2012,7,16,0,1,13,3,SR-76 MARTIN LUTHER KING JR PK,OLD FARMERS RD,159,36.51681667,-87.25033333,0,12,6,0,2,3,0,1,1,1,0,1,0,0000000,99,99,99,99,99,99,0,0,0,1,0
47,470842,1,1,0,0,0,1,1,19,0,25,11,2012,1,13,2,0,16,4,CR-SMALLING RD,,15,36.34080556,-82.28145833,0,30,0,0,1,1,0,4,1,1,0,1,0,0000000,99,99,99,99,88,88,0,0,0,1,0
47,470843,1,1,0,0,0,2,2,93,1300,2,12,2012,1,13,3,0,15,6,BROOKS AVE,,22,35.98283889,-83.871125,0,33,0,0,1,1,0,4,1,1,0,1,0,0000000,99,99,99,99,99,99,0,0,0,1,1
47,470845,3,3,0,0,0,3,3,11,0,27,11,2012,3,8,5,1,1,1,I-75 US-74,,46,35.15518889,-84.94259722,0,12,6,0,1,1,0,1,1,2,0,2,0,0000000,99,99,99,99,99,99,0,0,0,1,0
47,470846,1,1,0,0,0,2,2,87,0,23,11,2012,6,9,50,0,4,3,SR-290 SHEPARDSVILLE HWY,,98,36.23258889,-85.62945278,0,35,0,0,1,1,0,4,1,1,0,1,0,0000000,99,99,99,99,99,99,0,0,0,1,0
47,470847,1,1,0,0,0,1,1,29,0,28,11,2012,4,99,99,0,6,4,CR-CLEAR CREEK RD,,6,35.99075833,-83.15313056,0,21,0,0,1,1,0,4,2,10,0,10,0,0000000,99,99,99,99,99,99,18,0,0,1,1
47,470848,2,2,0,0,0,2,2,97,0,28,11,2012,4,6,35,0,4,3,SR-87 HENNING-ORYSA RD,,236,35.64661944,-89.55728889,0,11,0,0,1,1,0,1,4,5,0,5,0,0000000,99,99,99,99,88,88,14,0,0,1,0
47,470849,1,1,0,0,0,1,1,41,0,28,11,2012,4,13,45,0,4,3,SR-146 SHORT MOUNTAIN RD,,48,35.92476389,-85.85505,0,35,0,0,1,1,0,4,1,1,0,1,0,0000000,99,99,99,99,99,99,0,0,0,1,0
47,470850,1,1,0,0,0,2,2,89,1230,28,6,2012,5,13,28,0,3,2,US-11E ANDREW JOHNSON HWY,,163,36.15318611,-83.42893056,0,5,0,0,1,1,0,1,1,1,0,1,0,0000000,99,99,99,99,99,99,0,0,0,1,0
47,470851,2,2,0,0,0,3,3,109,0,8,11,2012,5,18,52,1,2,2,US-64 SR-15,CR-ROSE CREEK RD,48,35.20612222,-88.69943611,0,12,6,0,3,3,0,1,2,1,0,1,0,0000000,99,99,99,99,99,99,0,0,0,1,0
47,470852,1,1,0,0,0,2,2,123,2380,18,11,2012,1,9,45,0,5,6,RAFTER RD,,129,35.36216944,-84.27880833,0,34,0,0,1,1,0,4,1,1,0,1,0,0000000,99,99,99,99,99,99,0,0,0,1,0
47,470853,2,2,0,0,0,2,2,113,1200,25,11,2012,1,13,55,0,16,6,PASSMORE LN,,0,35.73360278,-88.8506,0,12,2,0,1,1,0,1,1,1,0,1,0,0000000,99,99,99,99,99,99,0,0,0,1,0
47,470854,2,2,0,0,0,3,3,99,0,28,11,2012,4,17,50,1,2,2,US-64 SR-15 WAYNESBORO HWY,CR-ROBERTSON RD,92,35.29610556,-87.42259444,0,12,6,0,2,2,0,1,2,1,0,1,0,0000000,99,99,99,99,99,99,0,0,0,1,0
47,470855,2,2,0,0,0,3,3,65,400,25,11,2012,1,0,29,1,11,1,I-15 US-74,,31,35.01333333,-85.18288333,0,52,0,0,1,1,0,4,3,1,0,1,0,0000000,99,99,99,99,99,99,14,0,0,1,1
47,470856,1,1,0,0,0,1,1,51,0,20,11,2012,3,0,55,0,4,3,SR-127 AEDC RD,,97,35.28324444,-86.06934167,0,34,0,0,1,1,0,4,2,1,0,1,0,0000000,99,99,99,99,88,88,0,0,0,1,0
47,470857,1,1,0,0,0,1,1,77,2150,8,10,2012,2,2,11,0,3,3,SR-100,,95,35.522825,-88.26073611,0,21,0,0,1,1,0,4,3,10,0,10,0,0000000,99,99,99,99,88,88,0,0,0,1,0
47,470858,2,2,0,0,0,5,5,93,0,9,11,2012,6,17,14,1,11,1,I-40,,274,36.00575556,-83.80273056,0,1,0,0,1,1,0,1,1,1,0,1,0,0000000,99,99,99,99,99,99,0,0,0,1,1
47,470859,3,3,0,0,0,7,7,157,1620,2,12,2012,1,20,13,1,13,2,US-61 SR-14 S THIRD ST,E GAGE AVE,81,35.08749167,-90.05662778,0,12,6,0,2,4,0,1,3,1,0,1,0,0000000,99,99,99,99,99,99,0,0,0,1,1
47,470860,2,2,0,0,0,2,2,37,1760,19,10,2012,6,13,18,0,15,6,HADLEY AVE,13TH ST,19,36.25751389,-86.64781111,0,12,6,0,2,2,0,1,1,1,0,1,0,0000000,99,99,99,99,99,99,0,0,0,1,0