STATE,ST_CASE,VE_TOTAL,VE_FORMS,PVH_INVL,PEDS,PERNOTMVIT,PERMVIT,PERSONS,COUNTY,CITY,DAY,MONTH,YEAR,DAY_WEEK,HOUR,MINUTE,NHS,ROAD_FNC,ROUTE,TWAY_ID,TWAY_ID2,MILEPT,LATITUDE,LONGITUD,SP_JUR,HARM_EV,MAN_COLL,RELJCT1,RELJCT2,TYP_INT,WRK_ZONE,REL_ROAD,LGT_COND,WEATHER1,WEATHER2,WEATHER,SCH_BUS,RAIL,NOT_HOUR,NOT_MIN,ARR_HOUR,ARR_MIN,HOSP_HR,HOSP_MN,CF1,CF2,CF3,FATALS,DRUNK_DR
47,470861,2,2,0,0,0,3,3,109,2160,24,8,2012,6,14,6,1,2,2,US-64 SR-15 E POPLAR AVE,POPLAR AVE,132,35.16876111,-88.55538056,0,12,6,0,2,3,0,1,1,1,0,1,0,0000000,99,99,99,99,99,99,0,0,0,1,0
47,470862,1,1,0,1,1,1,1,53,0,21,11,2012,4,4,58,0,3,2,US-70A/79 SR-76,SR-187,44,35.85200556,-88.87203889,0,19,0,0,3,3,0,5,2,5,0,5,0,0000000,99,99,99,99,88,88,0,0,0,1,1
47,470863,2,2,0,0,0,2,2,189,0,3,12,2012,2,6,46,1,2,3,SR-109,,103,36.27525278,-86.44217778,0,12,6,0,1,1,0,1,4,1,0,1,0,0000000,99,99,99,99,99,99,0,0,0,2,0
47,470864,1,1,0,0,0,1,1,65,400,3,11,2012,7,6,8,0,14,2,US-127 SR-8 MARKET ST,,98,35.05821944,-85.30933611,0,33,0,0,1,1,0,4,3,1,0,1,0,0000000,99,99,99,99,99,99,0,0,0,1,0
47,470865,1,1,0,0,0,1,1,125,410,18,11,2012,1,3,3,0,16,6,RINGGOLD RD,,8,36.59588333,-87.39801944,0,52,0,0,1,1,0,4,3,1,0,1,0,0000000,99,99,99,99,99,99,0,0,0,1,0
47,470866,1,1,0,1,1,1,1,123,1540,4,12,2012,3,18,22,1,2,2,US-411 SR-33,ISBILL RD,50,35.50501389,-84.37929444,0,8,0,0,2,2,0,1,3,10,0,10,0,0000000,99,99,99,99,88,88,0,0,0,1,0
47,470867,1,1,0,1,1,1,1,119,470,28,11,2012,4,3,35,0,14,3,SR-245 CAMPBELLSVILLE PK,EDGE PARK CT,115,35.58496389,-87.05281667,0,8,0,0,2,3,0,1,2,1,0,1,0,0000000,99,99,99,99,99,99,0,0,0,1,0
47,470868,2,2,0,0,0,3,3,15,0,5,12,2012,4,18,15,0,4,4,CR-MURFREESBORO RD,,45,35.82578611,-86.10455556,0,12,6,0,1,1,0,1,2,1,0,1,0,0000000,18,11,18,14,18,47,0,0,0,1,0
47,470869,1,1,0,1,1,1,1,37,1760,30,11,2012,6,19,35,0,14,2,US-41A SR-12 ROSA PARKS BLVD,,7,36.17621111,-86.79329444,0,8,0,0,1,1,0,1,3,1,0,1,0,0000000,99,99,99,99,19,44,0,0,0,1,0
47,470870,1,1,0,0,0,2,2,13,0,26,10,2012,6,18,14,0,6,4,CR-CELL TOWER RD,,0,36.37341111,-84.23900278,9,1,0,0,1,1,0,1,1,1,0,1,0,0000000,99,99,99,99,99,99,0,0,0,1,1
47,470871,2,2,0,0,0,3,3,9,30,6,12,2012,5,13,25,1,13,2,US-129 SR-115 AIRPORT HWY,,168,35.82391944,-83.97711389,0,12,6,0,8,1,0,1,1,10,0,10,0,0000000,99,99,99,99,99,99,0,0,0,2,0
47,470872,2,2,0,0,0,3,3,103,0,6,12,2012,5,15,30,0,4,3,SR-110 ARDMORE HWY,CR-ORCHARD HILL RD,201,35.10378333,-86.58850278,0,12,6,0,2,3,0,1,1,10,0,10,0,0000000,99,99,99,99,99,99,0,0,0,2,0
47,470873,1,1,0,0,0,3,3,103,0,1,12,2012,7,23,0,0,4,4,CR-OLD LINCOLN RD,,10,35.06645,-86.51761667,0,42,0,0,1,1,0,4,2,1,0,1,0,0000000,99,99,99,99,99,99,0,0,0,1,1
47,470874,1,1,0,1,1,3,3,157,1620,5,12,2012,4,18,37,0,14,2,US-51 SR-3 BELLEVUE BLVD,E MCLEMORE AVE,84,35.11527222,-90.02165,0,8,0,0,2,2,0,1,3,1,0,1,0,0000000,99,99,99,99,99,99,0,0,0,1,0
47,470875,2,2,0,0,0,4,4,157,1620,6,12,2012,5,11,55,1,13,2,US-51 SR-3 ELVIS PRESLEY BLVD,,34,35.04466111,-90.02506667,0,12,2,0,1,1,0,1,1,2,0,2,0,0000000,99,99,99,99,99,99,0,0,0,1,0
47,470876,1,1,0,0,0,2,2,97,0,8,12,2012,7,99,99,0,6,4,CR-BUTNER RD,,8,35.75985,-89.43965833,0,34,0,0,1,1,0,4,1,2,0,2,0,0000000,99,99,99,99,99,99,0,0,0,1,1
47,470877,2,2,0,0,0,3,3,165,0,6,12,2012,5,18,38,0,3,3,SR-174 LONG HOLLOW PK,LONGVIEW DR,75,36.37553889,-86.59403056,0,12,6,0,2,2,0,1,3,10,0,10,0,0000000,99,99,99,99,99,99,0,0,0,1,0
47,470878,2,2,0,0,0,2,2,149,1750,8,12,2012,7,6,4,1,13,6,MEDICAL CENTER PKWY,,65,35.866075,-86.44778333,0,33,0,0,1,1,0,4,3,1,0,1,0,0000000,99,99,99,99,88,88,0,0,0,1,1
47,470879,1,1,0,0,0,1,1,69,0,9,12,2012,1,4,40,0,3,3,SR-18,,212,35.3022,-88.95233889,0,42,0,0,1,1,0,4,2,99,0,99,0,0000000,99,99,99,99,99,99,0,0,0,1,1
47,470880,1,1,0,0,0,2,2,13,0,9,12,2012,1,21,30,0,4,2,US-25W SR-9,,91,36.55118889,-84.06323889,0,35,0,0,1,1,0,4,2,2,0,2,0,0000000,99,99,99,99,99,99,18,0,0,1,0
47,470881,2,2,0,0,0,2,2,125,410,9,12,2012,1,0,37,0,14,3,SR-48 TRENTON RD,SR-374 101ST AIRBORNE DIVISION,79,36.57765833,-87.31506111,0,12,6,0,2,2,0,1,3,2,0,2,0,0000000,99,99,99,99,99,99,0,0,0,1,1
47,470882,1,1,0,0,0,1,1,77,0,7,12,2012,6,18,20,0,4,3,SR-104,,240,35.56298889,-88.35881111,0,1,0,0,1,1,0,4,2,1,0,1,0,0000000,99,99,99,99,88,88,0,0,0,1,0
47,470883,1,1,0,0,0,4,4,107,0,11,12,2012,3,17,20,1,1,1,I-75,,244,35.58563611,-84.52671111,0,1,0,0,1,1,0,3,5,1,0,1,0,0000000,99,99,99,99,99,99,0,0,0,1,0
47,470884,2,2,0,0,0,3,3,11,420,7,12,2012,6,18,42,1,13,3,SR-2 KEITH ST NW,RAIDER DR NW,115,35.19118056,-84.86415833,0,12,6,0,2,2,0,1,3,1,0,1,0,0000000,99,99,99,99,99,99,0,0,0,1,1
47,470885,2,2,0,0,0,3,3,3,0,12,12,2012,4,16,5,0,4,3,SR-82,,74,35.43971389,-86.43968889,0,12,2,0,1,1,0,1,1,1,0,1,0,0000000,99,99,99,99,99,99,0,0,0,3,1
47,470886,2,2,0,0,0,2,2,77,0,13,12,2012,5,22,15,0,6,4,CR-MCCANEY MILL RD,,41,35.63225,-88.52381944,0,12,6,0,1,1,0,1,2,1,0,1,0,0000000,99,99,99,99,99,99,0,0,0,1,1
47,470887,1,1,0,0,0,4,4,11,420,15,12,2012,7,12,30,1,11,1,I-75,,94,35.19423611,-84.88481944,0,41,0,1,5,1,0,8,1,1,0,1,0,0000000,99,99,99,99,99,99,0,0,0,1,0
47,470888,1,1,0,0,0,1,1,161,0,15,12,2012,7,99,99,0,4,3,SR-232,,87,36.43560556,-87.96948056,0,59,0,0,1,1,0,4,2,1,0,1,0,0000000,99,99,99,99,88,88,0,0,0,1,1
47,470889,1,1,0,0,0,1,1,185,0,15,12,2012,7,15,25,0,5,4,CR-2202 EASTLAND RD,,105,35.90359167,-85.21558889,0,24,0,0,1,1,0,4,1,1,0,1,0,0000000,15,31,15,45,16,44,0,0,0,1,0
47,470890,2,2,0,0,0,3,3,115,2300,13,12,2012,5,15,40,1,2,2,US-72 SR-27,SR-156,22,35.01806389,-85.70006111,0,12,6,0,2,2,0,1,1,1,0,1,0,0000000,99,99,99,99,99,99,0,0,0,1,0
47,470891,1,1,0,0,0,1,1,141,0,14,12,2012,6,4,15,0,3,3,SR-62,,45,36.12422222,-85.19930556,0,33,0,0,1,1,0,4,2,1,0,1,0,0000000,99,99,99,99,99,99,0,0,0,1,0
47,470892,2,2,0,0,0,2,2,65,400,10,12,2012,2,18,34,1,13,2,US-11/64 SR-2 LEE HWY,AIRPORT RD,158,35.02230278,-85.19847778,0,12,6,0,2,2,0,1,3,2,0,2,0,0000000,99,99,99,99,99,99,0,0,0,1,0
47,470893,1,1,0,0,0,1,1,33,0,18,11,2012,1,99,99,1,2,2,US-412 SR-20 HWY 412 N,,1,35.82935556,-89.17818889,0,11,0,0,1,1,0,1,2,1,0,1,0,0000000,99,99,99,99,99,99,0,0,0,1,0
47,470894,2,2,0,0,0,6,6,157,1620,16,12,2012,1,17,7,0,14,6,NEW ALLEN RD,,68,35.24705,-89.94434722,0,12,1,0,1,1,0,1,3,2,0,2,0,0000000,99,99,99,99,99,99,0,0,0,2,0
47,470895,1,1,0,0,0,1,1,165,0,15,12,2012,7,6,99,0,3,3,SR-25 HARTSVILLE PK,,226,36.39681944,-86.31495556,0,30,0,0,1,1,0,4,4,2,0,2,0,0000000,99,99,99,99,88,88,0,0,0,1,0
47,470896,1,1,0,0,0,2,2,11,0,6,12,2012,5,99,99,0,4,3,SR-74 SPRING PLACE RD,,18,35.0088,-84.78776944,0,34,0,0,1,1,0,4,1,1,0,1,0,0000000,99,99,99,99,99,99,0,0,0,1,0
47,470897,1,1,0,0,0,1,1,161,0,7,12,2012,6,99,99,0,3,3,SR-49,,120,36.47807222,-87.74204444,0,35,0,0,1,1,0,5,2,99,0,99,0,0000000,99,99,99,99,99,99,0,0,0,1,0
47,470898,1,1,0,0,0,1,1,157,1660,14,12,2012,6,11,37,1,12,1,I-269 SR-385 PAUL W BARRET PKW,,230,35.33038056,-89.92025556,0,34,0,0,1,1,0,3,1,1,0,1,0,0000000,99,99,99,99,88,88,0,0,0,1,0
47,470899,1,1,0,0,0,2,2,39,0,17,12,2012,2,21,29,1,2,3,SR-69 N,,363,35.75343889,-88.08524444,0,11,0,0,1,1,0,1,2,1,0,1,0,0000000,99,99,99,99,99,99,0,0,0,1,0
47,470900,1,1,0,0,0,1,1,85,2530,20,12,2012,5,99,99,0,6,4,CR-OGDEN RD,,8,36.12241389,-87.76694722,0,42,0,0,1,1,0,4,1,1,0,1,0,0000000,99,99,99,99,99,99,0,0,0,1,0
47,470902,1,1,0,0,0,2,2,177,0,16,12,2012,1,20,40,0,3,3,SR-30 SPENCER RD,,3,35.71356389,-85.67341944,0,35,0,0,1,1,0,4,2,2,0,2,0,0000000,99,99,99,99,99,99,0,0,0,1,1
47,470903,2,1,1,2,2,2,2,35,0,14,12,2012,6,7,46,0,4,2,US-70E SR-1,,328,35.86533611,-84.7594,0,8,0,0,1,1,0,1,1,1,0,1,0,0000000,7,55,8,5,8,48,19,0,0,1,0
47,470904,1,1,0,0,0,1,1,65,0,20,12,2012,5,0,17,0,5,4,CR-GRASSHOPPER RD,CR-DOLLY POND RD,28,35.29188889,-85.00006111,0,35,0,0,3,3,0,4,2,1,0,1,0,0000000,99,99,99,99,88,88,0,0,0,1,1
47,470905,1,1,0,0,0,3,3,65,0,20,12,2012,5,10,6,1,2,2,US-27 SR-29,,254,35.35849167,-85.12100278,0,18,0,0,1,1,0,4,1,2,0,2,0,0000000,99,99,99,99,99,99,0,0,0,1,0
47,470906,2,2,0,0,0,4,4,163,1280,21,12,2012,6,11,30,1,14,3,SR-357 AIRPORT ACCESS RD,FLAGSHIP DR,22,36.50444722,-82.43078333,0,12,6,0,2,3,0,1,1,11,0,11,0,0000000,99,99,99,99,99,99,0,0,0,1,0
47,470907,2,2,0,0,0,6,6,13,0,24,12,2012,2,17,15,1,2,3,SR-63 GEN CARL STINER HWY,,105,36.4094,-84.05917778,0,12,6,0,1,1,0,1,5,2,0,2,0,0000000,99,99,99,99,99,99,0,0,0,3,0
47,470908,3,3,0,0,0,6,6,157,0,22,12,2012,7,12,11,1,11,1,I-40,,306,35.27516667,-89.63954444,0,12,1,0,1,1,0,1,1,1,0,1,0,0000000,99,99,99,99,99,99,19,0,0,1,0
47,470909,2,2,0,0,0,2,2,157,1620,24,12,2012,2,3,11,1,11,1,I-40,,202,35.19503333,-89.79233611,0,12,2,0,1,1,0,1,3,2,0,2,0,0000000,99,99,99,99,99,99,0,0,0,1,1
47,470910,1,1,0,0,0,2,2,157,1620,25,12,2012,3,0,46,0,13,6,PLEASANT HILL RD,,8,34.99867222,-89.90148889,0,42,0,0,1,1,0,4,2,1,0,1,0,0000000,99,99,99,99,88,88,0,0,0,2,0
47,470911,1,1,0,0,0,1,1,93,1300,31,12,2012,2,99,99,0,14,3,SR-332 S NORTHSHORE DR,THUNDERHEAD RD,63,35.85681667,-84.07901111,0,24,0,0,3,4,0,4,9,99,0,99,0,0000000,99,99,99,99,99,99,0,0,0,1,1
47,470912,1,1,0,0,0,1,1,65,400,28,12,2012,6,99,99,0,16,6,LOWER MILL RD,,24,35.16228333,-85.21621111,0,42,0,0,1,1,0,4,2,10,0,10,0,0000000,99,99,99,99,88,88,0,0,0,1,0
47,470913,1,1,0,0,0,1,1,65,0,26,12,2012,4,17,35,1,2,3,SR-60,,8,35.30768611,-84.96786389,0,42,0,0,1,1,0,4,1,10,0,10,0,0000000,99,99,99,99,99,99,0,0,0,1,1
47,470914,2,2,0,0,0,2,2,65,400,7,12,2012,6,16,29,1,13,3,SR-17 ST ELMO AVE,,13,35.00166944,-85.32914444,0,12,1,0,1,1,0,1,1,1,0,1,0,0000000,99,99,99,99,88,88,0,0,0,1,0
47,470915,2,2,0,0,0,6,6,189,1727,28,12,2012,6,19,56,1,11,1,I-40,,55,36.17632778,-86.47087778,0,12,6,0,1,1,1,1,2,2,0,2,0,0000000,99,99,99,99,99,99,0,0,0,1,0
47,470917,2,2,0,0,0,2,2,93,1300,27,12,2012,5,5,45,0,15,6,DELROSE DR,RIVERSIDE RD,21,35.97831944,-83.8705,0,12,8,0,3,3,0,1,2,10,0,10,0,0000000,99,99,99,99,99,99,0,0,0,1,0
47,470918,1,1,0,0,0,1,1,69,0,18,12,2012,3,99,99,0,3,3,SR-125,,117,35.16516667,-88.92126667,0,58,0,0,1,1,0,4,1,1,0,1,0,0000000,99,99,99,99,88,88,0,0,0,1,0
47,470919,1,1,0,0,0,2,2,65,400,22,12,2012,7,1,54,1,13,2,US-27 SR-27,DOYLE ST,59,35.01365833,-85.29424722,0,39,0,0,3,3,0,4,3,1,0,1,0,0000000,99,99,99,99,88,88,0,0,0,2,1
47,470921,1,1,0,0,0,2,2,65,0,26,12,2012,4,99,99,0,14,4,CR-E BRAINERD RD,,47,34.99448333,-85.08150556,0,42,0,0,1,1,0,4,2,10,0,10,0,0000000,99,99,99,99,88,88,0,0,0,2,1
47,470922,1,1,0,0,0,1,1,165,0,26,12,2012,4,99,99,1,2,2,US-31E/231 SR-6,,337,36.58876111,-86.23785,0,42,0,0,1,1,0,4,2,1,0,1,0,0000000,99,99,99,99,88,88,0,0,0,1,0
47,470923,1,1,0,0,0,2,2,37,1760,26,10,2012,6,21,15,1,13,2,US-70S SR-1 MEMPHIS-BRISTOL HW,,66,36.07447778,-86.93693889,0,42,0,0,1,1,0,4,3,2,0,2,0,0000000,99,99,99,99,88,88,0,0,0,2,0
47,470924,2,2,0,1,1,1,1,37,1760,18,11,2012,1,3,37,1,11,1,I-40,,281,36.16064722,-86.62113889,0,12,6,0,1,1,0,1,3,5,0,5,0,0000000,99,99,99,99,88,88,19,0,0,1,0
47,470925,3,1,2,0,0,1,1,93,1300,22,12,2012,7,1,12,1,13,2,US-11/70 SR-1 KINGSTON PK,,124,35.930475,-84.02885,0,31,0,0,1,1,0,4,3,10,0,10,0,0000000,99,99,99,99,99,99,0,0,0,1,1
47,470926,1,1,0,0,0,1,1,163,290,25,12,2012,3,0,50,0,14,3,SR-126,,214,36.5742,-82.24673611,0,30,0,0,1,1,0,4,2,10,0,10,0,0000000,99,99,99,99,88,88,0,0,0,1,0
47,470927,1,1,0,0,0,1,1,45,0,26,12,2012,4,12,15,0,3,4,CR-LEXIE COBB RD,,9,36.11086111,-89.34623333,0,24,0,0,1,1,0,4,1,10,0,10,0,0000000,99,99,99,99,99,99,0,0,0,1,0
47,470928,1,1,0,0,0,1,1,37,1760,29,11,2012,5,2,58,0,15,6,SAUNDERSVILLE RD,,12,36.22921389,-86.5967,0,42,0,0,1,1,0,4,2,1,0,1,0,0000000,99,99,99,99,88,88,0,0,0,1,1
47,470929,1,1,0,0,0,1,1,37,1760,9,12,2012,1,2,33,1,11,1,I-40 RAMP,,293,36.16956667,-86.60084444,0,34,0,0,5,1,0,4,3,2,0,2,0,0000000,99,99,99,99,88,88,0,0,0,1,1
47,470930,1,1,0,0,0,1,1,37,1760,29,12,2012,7,10,34,1,11,1,I-440 FOUR-FORTY PKWY,,59,36.12151667,-86.75831111,0,1,0,0,1,1,0,4,1,2,0,2,0,0000000,99,99,99,99,88,88,1,0,0,1,0
47,470931,4,4,0,1,1,4,4,37,1760,28,12,2012,6,18,19,1,13,2,US-70 SR-24 LEBANON PK,,222,36.18900833,-86.62814167,0,8,0,0,1,1,0,1,3,2,0,2,0,0000000,99,99,99,99,99,99,0,0,0,1,0
47,470932,2,2,0,0,0,2,2,179,1250,23,8,2012,5,17,13,0,16,6,FLOURVILLE RD,,11,36.39973333,-82.39136944,0,12,2,0,1,1,0,1,1,1,0,1,0,0000000,99,99,99,99,99,99,0,0,0,1,0
47,470933,1,1,0,0,0,1,1,43,0,22,9,2012,7,19,15,0,6,4,CR-STRINGFELLOW RD,,3,36.17942778,-87.15984722,0,42,0,0,1,1,0,4,5,1,0,1,0,0000000,99,99,99,99,99,99,0,0,0,1,0
47,470934,2,2,0,0,0,2,2,165,0,13,9,2012,5,13,9,1,2,3,SR-109,CR-OLD HWY 109,131,36.48786111,-86.49003333,0,12,6,0,2,2,0,1,1,1,0,1,0,0000000,99,99,99,99,88,88,0,0,0,1,0
47,470935,2,2,0,0,0,2,2,37,1760,10,11,2012,7,12,38,0,3,2,US-70 SR-24 CHARLOTTE PK,,51,36.1293,-86.90418889,0,12,6,0,4,1,0,1,1,1,0,1,0,0000000,99,99,99,99,99,99,0,0,0,1,0
47,470936,2,2,0,0,0,3,3,37,1760,29,12,2012,7,23,37,0,14,6,DR D B TODD JR BLVD,,10,36.16486944,-86.80476111,0,12,2,0,1,1,0,1,3,1,0,1,0,0000000,99,99,99,99,99,99,0,0,0,1,0
47,470937,3,3,0,0,0,3,3,163,290,20,12,2012,5,17,51,1,13,3,SR-394,,50,36.519425,-82.29114444,1,12,2,0,1,1,0,1,3,2,0,2,0,0000000,99,99,99,99,99,99,0,0,0,1,0
47,470938,2,2,0,0,0,5,5,163,290,24,12,2012,2,14,6,1,13,3,SR-394,,48,36.52421389,-82.31377778,0,12,6,0,8,1,0,1,1,2,0,2,0,0000000,99,99,99,99,99,99,0,0,0,1,0
47,470939,2,1,1,0,0,1,1,141,170,15,9,2012,7,2,20,0,16,6,FOURTH AVE N,,3,36.15538056,-85.64055,0,19,0,0,1,1,0,6,3,1,0,1,0,0000000,99,99,99,99,99,99,0,0,0,1,0
47,470940,2,2,0,0,0,3,3,149,1750,29,12,2012,7,19,38,0,16,6,BUTLER DRIVE,STEVENSON DRIVE,2,35.8046,-86.39371944,0,12,1,0,3,1,0,1,2,4,0,4,0,0000000,99,99,99,99,99,99,0,0,0,1,0
47,470941,1,1,0,1,1,2,2,163,1280,3,12,2012,2,11,54,0,16,6,FAIRVIEW AVE,,35,36.55861944,-82.57694444,0,8,0,0,1,1,0,1,1,1,0,1,0,0000000,99,99,99,99,99,99,0,0,0,1,0
47,470942,3,3,0,0,0,4,4,149,2250,7,11,2012,4,16,29,0,14,3,SR-266 SAM RIDLEY PKWY,OLD NASHVILLE HWY,15,35.98638889,-86.54858889,0,12,1,0,3,2,0,1,1,10,0,10,0,0000000,99,99,99,99,99,99,14,0,0,1,0
47,470943,1,1,0,0,0,1,1,187,850,5,12,2012,4,14,15,1,13,2,US-431 SR-106 HILLSBORO RD,,159,35.94202222,-86.880075,0,53,0,0,1,1,0,4,1,1,0,1,0,0000000,99,99,99,99,99,99,0,0,0,1,0
47,470944,2,2,0,0,0,2,2,93,1300,15,10,2012,2,14,58,0,14,6,MERCHANT DR,CENTRAL AVE PK,41,36.01135833,-83.97011667,0,12,6,0,2,2,0,1,1,1,0,1,0,0000000,99,99,99,99,99,99,0,0,0,1,0
47,470945,1,1,0,0,0,2,2,109,1994,25,12,2012,3,17,45,0,3,3,SR-57,,95,35.06616111,-88.63338611,0,34,0,0,1,1,0,4,2,2,0,2,0,0000000,99,99,99,99,99,99,0,0,0,1,0
47,470946,2,2,0,0,0,1,1,145,2070,9,11,2012,6,12,56,0,15,6,E WINCHESTER AVE,,6,35.86917222,-84.67905556,0,12,1,0,1,1,0,1,1,1,0,1,0,0000000,99,99,99,99,99,99,0,0,0,1,0
47,470947,1,1,0,1,1,3,3,119,470,14,12,2012,6,23,30,1,13,3,SR-50 S JAMES M CAMPBELL BLVD,,154,35.59421389,-87.05387778,0,8,0,0,1,1,0,1,3,1,0,1,0,0000000,99,99,99,99,99,99,0,0,0,1,0
47,470948,1,1,0,0,0,3,3,9,0,22,12,2012,7,14,33,0,6,4,CR-LITTLE RIVER RD,,0,35.82777222,-83.94196667,0,42,0,0,1,1,0,4,1,1,0,1,0,0000000,99,99,99,99,99,99,0,0,0,1,0
48,480001,1,1,0,0,0,4,4,61,0,1,1,2012,1,4,36,0,6,5,GAMBLE RD,,0,26.09780278,-97.6417,0,38,0,0,1,1,0,4,2,5,0,5,0,0000000,4,39,4,53,5,15,0,0,0,1,1
48,480002,2,2,0,0,0,3,3,113,1730,1,1,2012,1,14,15,0,16,5,SINGLETON BLVD,PEORIA ST,0,32.77851944,-96.89530556,0,12,6,0,2,2,0,1,1,1,0,1,0,0000000,14,17,14,25,14,49,0,0,0,1,1
48,480003,1,1,0,0,0,1,1,113,4530,1,1,2012,1,7,18,1,11,1,I-635,,57,32.77684167,-96.62436667,0,43,0,0,1,1,0,4,1,1,0,1,0,0000000,7,19,7,24,7,46,0,0,0,1,0
48,480004,1,1,0,1,1,2,2,201,3280,1,1,2012,1,18,45,1,11,1,I-610,,97,29.69675278,-95.30761667,0,8,0,0,1,1,0,1,3,1,0,1,0,0000000,88,88,88,88,88,88,0,0,0,1,0
48,480005,1,1,0,0,0,1,1,331,0,1,1,2012,1,11,22,0,4,8,FM 485,,125,30.88492222,-96.79913056,0,1,0,0,1,1,0,4,1,1,0,1,0,0000000,88,88,88,88,88,88,0,0,0,1,1
48,480006,1,1,0,1,1,1,1,339,1510,1,1,2012,1,1,35,0,14,8,FM 2854,,166,30.308275,-95.468275,0,9,0,0,1,1,1,1,2,10,0,10,0,0000000,1,34,1,42,2,15,0,0,0,1,0
48,480007,1,1,0,1,1,2,2,453,330,1,1,2012,1,5,7,1,11,1,I-35,,41,30.15504722,-97.79086944,0,8,0,1,18,1,0,1,2,1,0,1,0,0000000,6,13,6,21,7,2,0,0,0,1,0
48,480008,1,1,0,0,0,1,1,85,2320,2,1,2012,2,10,29,0,3,3,SR-78,,196,33.12340278,-96.41004167,0,32,0,0,1,1,0,4,1,1,0,1,0,0000000,10,30,10,37,11,26,0,0,0,1,0
48,480009,1,1,0,1,1,1,1,339,0,2,1,2012,2,16,0,0,6,4,CR-LEGENDS TRAIL DR,CR-LEGENDS ESTATES DR,0,30.12831389,-95.40004444,0,8,0,0,2,3,0,1,1,1,0,1,0,0000000,16,5,16,13,16,33,0,0,0,1,0
48,480010,3,3,0,0,0,2,2,339,1510,2,1,2012,2,21,40,1,11,1,I-45,,184,30.370675,-95.48513611,0,12,1,0,1,1,1,1,2,1,0,1,0,0000000,88,88,88,88,88,88,23,0,0,1,1
48,480011,1,1,0,0,0,1,1,453,330,2,1,2012,2,2,0,0,16,5,PLEASANT VALLEY RD,,0,30.17813611,-97.74721944,0,30,0,0,1,1,0,4,3,1,0,1,0,0000000,88,88,88,88,88,88,0,0,0,1,1
48,480012,1,1,0,1,1,1,1,29,6090,3,1,2012,3,18,43,1,13,2,US-281,,14,29.31510833,-98.47565833,0,8,0,0,1,1,0,1,3,1,0,1,0,0000000,18,44,18,58,20,11,0,0,0,1,0
48,480013,1,1,0,0,0,1,1,183,4080,3,1,2012,3,1,0,0,14,8,FM2605 TENNERYVILLE RD,,13,32.537075,-94.82757778,0,53,0,0,1,1,0,4,2,1,0,1,0,0000000,88,88,88,88,88,88,0,0,0,1,1
48,480014,2,2,0,0,0,2,2,241,0,3,1,2012,3,16,40,0,4,8,FM1005,,101,30.70355278,-94.02504722,0,11,0,0,1,1,0,1,1,1,0,1,0,0000000,16,42,17,2,18,21,0,0,0,1,0
48,480015,2,2,0,0,0,2,2,479,0,3,1,2012,3,18,10,1,2,2,US-59 LLOYD BENTSEN HWY,,164,27.69276944,-99.04531389,0,12,2,0,1,1,0,1,2,1,0,1,0,0000000,88,88,88,88,88,88,0,0,0,1,0
48,480016,1,1,0,0,0,2,2,29,6090,4,1,2012,4,13,0,0,16,5,RECIO,,0,29.39113889,-98.51780833,0,30,0,0,1,1,0,4,1,1,0,1,0,0000000,13,1,13,11,13,49,0,0,0,1,0
48,480017,1,1,0,0,0,3,3,41,0,4,1,2012,4,7,33,0,6,4,CR-SHILOH AVE,,0,30.650925,-96.41130833,0,30,0,0,1,1,0,4,1,1,0,1,0,0000000,7,37,7,43,8,1,0,0,0,2,0
48,480018,1,1,0,0,0,3,3,113,3420,4,1,2012,4,2,50,1,12,3,SR-348 NORTHWEST HWY,,166,32.87465556,-96.93361389,0,33,0,0,1,1,1,3,2,1,0,1,0,0000000,88,88,88,88,88,88,0,0,0,3,1
48,480019,1,1,0,2,2,2,2,201,3280,4,1,2012,4,14,54,0,16,5,W MONTGOMERY RD,,0,29.87994722,-95.44582778,0,8,0,0,1,1,0,1,1,1,0,1,0,0000000,14,54,14,58,15,31,0,0,0,1,0
48,480020,2,2,0,0,0,5,5,29,6090,5,1,2012,5,15,10,0,16,5,PLEASANTON RD,,0,29.29037778,-98.50273889,0,12,2,0,1,1,0,1,1,1,0,1,0,0000000,15,21,15,49,16,17,0,0,0,2,1
48,480021,2,2,0,0,0,2,2,41,0,5,1,2012,5,14,40,0,6,4,CR-OLD RELIANCE ROAD,,0,30.70190278,-96.33392778,0,12,2,0,1,1,0,1,1,1,0,1,0,0000000,88,88,88,88,88,88,0,0,0,1,0
48,480022,2,2,0,0,0,2,2,85,2320,5,1,2012,5,12,30,1,2,2,US-380,CR-607,85,33.15883333,-96.38603889,0,12,11,0,2,2,0,1,1,1,0,1,0,0000000,88,88,88,88,88,88,0,0,0,1,0
48,480023,1,1,0,0,0,1,1,113,2800,5,1,2012,5,18,37,0,16,5,LAKE RIDGE PKWY,,0,32.59441389,-97.03593889,0,24,0,0,1,1,0,4,1,1,0,1,0,0000000,18,40,18,47,19,24,0,0,0,1,0
48,480024,1,1,0,1,1,1,1,227,640,5,1,2012,5,19,15,0,16,5,SGT PARADEZ,,0,32.25495833,-101.4885806,0,8,0,0,1,1,0,1,2,1,0,1,0,0000000,19,14,19,17,19,44,0,0,0,1,0