STATE,ST_CASE,VE_TOTAL,VE_FORMS,PVH_INVL,PEDS,PERNOTMVIT,PERMVIT,PERSONS,COUNTY,CITY,DAY,MONTH,YEAR,DAY_WEEK,HOUR,MINUTE,NHS,ROAD_FNC,ROUTE,TWAY_ID,TWAY_ID2,MILEPT,LATITUDE,LONGITUD,SP_JUR,HARM_EV,MAN_COLL,RELJCT1,RELJCT2,TYP_INT,WRK_ZONE,REL_ROAD,LGT_COND,WEATHER1,WEATHER2,WEATHER,SCH_BUS,RAIL,NOT_HOUR,NOT_MIN,ARR_HOUR,ARR_MIN,HOSP_HR,HOSP_MN,CF1,CF2,CF3,FATALS,DRUNK_DR
48,480025,1,1,0,0,0,1,1,293,0,5,1,2012,5,18,19,0,6,4,CR-456,,0,31.59037222,-96.52189444,0,44,0,0,1,1,0,1,2,1,0,1,0,0000000,18,20,18,50,19,34,0,0,0,1,1
48,480026,1,1,0,2,2,1,1,375,0,5,1,2012,5,16,15,1,1,7,I-40,,112,35.18967778,-101.9841556,0,9,0,0,1,1,0,1,1,1,0,1,0,0000000,99,99,99,99,99,99,0,0,0,1,0
48,480027,1,1,0,0,0,1,1,499,0,5,1,2012,5,23,30,0,4,8,FM 515,,51,32.93239722,-95.34743889,0,24,0,0,1,1,0,4,2,1,0,1,0,0000000,88,88,88,88,88,88,0,0,0,1,0
48,480028,2,2,0,0,0,3,3,163,0,6,1,2012,6,20,3,0,4,8,FM 1581,,43,28.80678056,-99.21421944,0,12,6,0,8,1,0,1,2,1,0,1,0,0000000,20,10,21,19,21,54,0,0,0,1,0
48,480029,1,1,0,0,0,1,1,439,2990,6,1,2012,6,4,58,0,16,5,HALTOM RD,,0,32.83522778,-97.27294167,0,10,0,0,6,1,0,1,2,1,0,1,0,789558M,88,88,88,88,88,88,0,0,0,1,0
48,480030,2,2,0,0,0,2,2,453,0,6,1,2012,6,15,14,1,13,3,SR-71,,180,30.27157222,-97.912025,0,12,6,0,1,1,0,1,1,1,0,1,0,0000000,88,88,88,88,88,88,0,0,0,1,0
48,480031,1,1,0,1,1,2,2,467,0,6,1,2012,6,2,47,0,4,8,FM47,,53,32.78668056,-95.970225,0,8,0,0,1,1,0,1,2,1,0,1,0,0000000,88,88,88,88,88,88,0,0,0,1,0
48,480032,1,1,0,0,0,4,4,499,0,6,1,2012,6,23,54,0,6,4,CR-3270,,0,32.75679444,-95.32275833,0,42,0,0,1,1,0,4,2,1,0,1,0,0000000,0,15,0,49,1,27,0,0,0,1,1
48,480033,1,1,0,1,1,1,1,113,1730,7,1,2012,7,15,37,0,16,5,ROYAL LN,AUDELIA RD,0,32.89458889,-96.717975,0,8,0,0,3,2,0,1,1,1,0,1,0,0000000,15,38,15,41,16,12,0,0,0,1,0
48,480034,1,1,0,0,0,1,1,163,0,7,1,2012,7,20,0,1,1,1,I-35,,231,28.81963611,-99.11843333,0,1,0,0,1,1,0,3,2,1,0,1,0,0000000,88,88,88,88,88,88,0,0,0,1,0
48,480035,2,2,0,0,0,2,2,171,0,7,1,2012,7,16,32,0,4,8,RM1376,CR-LUCKENBACH RD,46,30.18121667,-98.75645278,0,12,1,0,2,3,0,1,1,1,0,1,0,0000000,16,43,16,57,17,35,0,0,0,1,1
48,480036,1,1,0,0,0,1,1,177,0,7,1,2012,7,8,32,0,5,8,FM1116,,1,29.46043611,-97.45824167,0,32,0,0,1,1,0,4,4,5,0,5,0,0000000,88,88,88,88,88,88,0,0,0,1,1
48,480037,1,1,0,0,0,1,1,201,0,7,1,2012,7,8,29,0,6,4,CR-FRICK RD,,0,29.9228,-95.47123889,0,42,0,0,1,1,0,4,1,1,0,1,0,0000000,88,88,88,88,88,88,0,0,0,1,1
48,480038,2,2,0,0,0,1,1,257,0,7,1,2012,7,18,33,1,13,2,US-80,FM1392,57,32.73810278,-96.34286944,0,12,6,0,2,3,0,1,2,1,0,1,0,0000000,88,88,88,88,88,88,0,0,0,1,0
48,480039,1,1,0,0,0,2,2,309,0,7,1,2012,7,1,15,0,6,4,CR-SURREY RIDGE RD,,0,31.44410833,-97.17109722,0,42,0,0,1,1,0,4,2,1,0,1,0,0000000,88,88,88,88,88,88,0,0,0,2,1
48,480040,2,2,0,0,0,3,3,327,0,7,1,2012,7,11,50,0,3,2,US-83,,88,30.96686667,-99.78809167,0,12,2,0,1,1,0,1,1,1,0,1,0,0000000,99,99,99,99,99,99,0,0,0,2,0
48,480041,2,1,1,0,0,1,1,85,5390,8,1,2012,1,8,48,0,16,5,14TH ST,BRADSHAW DR,0,33.00755833,-96.64868889,0,38,0,0,1,1,0,4,1,10,0,10,0,0000000,8,50,8,54,9,16,0,0,0,1,0
48,480042,2,2,0,0,0,4,4,201,0,8,1,2012,1,2,44,0,6,4,CR-WESTGREEN BLVD,,0,29.79722222,-95.7352,0,12,1,0,1,1,0,1,2,10,0,10,0,0000000,99,99,99,99,99,99,0,0,0,1,1
48,480043,3,3,0,0,0,6,6,201,3280,8,1,2012,1,15,22,1,11,1,I-10,,219,29.77915,-95.44943889,0,12,9,0,1,1,0,1,1,1,0,1,0,0000000,15,27,15,37,15,56,0,0,0,1,0
48,480044,2,2,0,0,0,2,2,309,0,8,1,2012,1,10,1,1,2,3,SR-31,FM 2311,112,31.6791,-96.96888889,0,12,6,0,2,2,1,1,1,10,0,10,0,0000000,88,88,88,88,88,88,0,0,0,1,0
48,480045,1,1,0,0,0,1,1,473,0,8,1,2012,1,3,40,1,1,1,I-10,,37,29.78248611,-95.97923611,0,42,0,0,1,1,0,4,2,5,0,5,0,0000000,88,88,88,88,88,88,0,0,0,1,1
48,480046,2,2,0,0,0,3,3,25,0,9,1,2012,2,17,5,1,2,2,US-181,,4,28.66598056,-97.81881389,0,12,6,0,1,1,0,1,1,10,0,10,0,0000000,99,99,99,99,99,99,0,0,0,1,0
48,480047,1,1,0,0,0,1,1,201,3280,9,1,2012,2,2,15,0,16,5,HEMPSTEAD RD,,0,29.80748333,-95.46835833,0,46,0,1,19,1,0,3,3,2,0,2,0,0000000,88,88,88,88,88,88,0,0,0,1,1
48,480048,1,1,0,0,0,2,2,207,0,9,1,2012,2,18,15,0,4,8,FM 3495,,9,33.07561389,-99.62901944,0,38,0,0,1,1,0,4,2,2,0,2,0,0000000,18,35,18,59,19,57,0,0,0,1,0
48,480049,1,1,0,0,0,2,2,253,0,9,1,2012,2,6,30,1,2,2,US-277,,18,32.93512778,-99.82209444,0,59,0,0,1,1,0,3,2,2,4,4,0,0000000,6,45,6,56,7,45,0,0,0,1,0
48,480050,1,1,0,0,0,2,2,303,6410,9,1,2012,2,12,37,1,13,2,US-84,,348,33.44045,-101.6661444,0,34,0,0,1,1,0,4,1,4,0,4,0,0000000,14,19,14,25,15,2,0,0,0,1,0
48,480051,1,1,0,1,1,1,1,91,0,10,1,2012,3,17,24,0,6,4,CR-MEXICAN HAT DR,,0,29.95548056,-98.31603333,0,8,0,0,1,1,0,1,5,10,0,10,0,0000000,17,34,17,52,18,18,0,0,0,1,0
48,480052,1,1,0,0,0,1,1,203,4360,10,1,2012,3,9,47,0,14,8,SL 390 ERNEST F SMITH PKWY,,46,32.57006944,-94.38351944,0,30,0,0,1,1,0,4,1,2,0,2,0,0000000,9,52,9,57,10,22,0,0,0,1,0
48,480053,1,1,0,0,0,1,1,325,0,10,1,2012,3,11,54,0,4,8,FM 462,,55,29.55648333,-99.23659722,0,1,0,0,1,1,0,1,1,1,0,1,0,0000000,88,88,88,88,88,88,0,0,0,1,0
48,480054,1,1,0,0,0,1,1,381,0,10,1,2012,3,21,50,0,5,8,FM 1258,,91,35.05998889,-101.6854472,0,31,0,0,1,1,0,4,2,1,0,1,0,0000000,88,88,88,88,88,88,0,0,0,1,1
48,480055,1,1,0,1,1,1,1,453,330,10,1,2012,3,18,55,0,16,5,WELLS BRANCH PKWY,,0,30.441175,-97.66471389,0,8,0,0,1,1,0,1,2,1,0,1,0,0000000,88,88,88,88,88,88,0,0,0,1,0
48,480057,3,3,0,2,2,2,2,113,1730,12,1,2012,5,18,40,1,13,2,US-352,,26,32.76916944,-96.75605556,0,12,1,0,1,1,0,1,2,1,0,1,0,0000000,18,44,18,47,19,2,19,23,0,1,0
48,480058,1,1,0,1,1,1,1,113,1730,13,1,2012,6,6,49,0,16,5,HICKORY ST,,0,32.78107222,-96.77435278,0,8,0,0,1,1,0,1,3,1,0,1,0,0000000,6,50,6,53,7,4,0,0,0,1,0
48,480059,3,3,0,0,0,3,3,135,5030,13,1,2012,6,6,47,1,11,1,I-20,,369,31.84528056,-102.3274278,0,25,0,0,1,1,0,3,2,1,0,1,0,0000000,88,88,88,88,88,88,0,0,0,1,0
48,480060,1,1,0,1,1,1,1,141,2190,13,1,2012,6,15,24,1,13,3,SR-20 MESA ST,GLORY RD,184,31.77761944,-106.5038611,0,8,0,0,3,2,0,1,1,1,0,1,0,0000000,15,25,15,45,15,55,0,0,0,1,0
48,480061,2,2,0,0,0,2,2,157,6660,14,1,2012,7,8,28,1,13,3,SR-6,AUSTIN PKWY,47,29.58056389,-95.58291389,0,12,6,0,2,2,0,1,1,1,0,1,0,0000000,8,40,8,57,9,27,0,0,0,1,0
48,480063,1,1,0,0,0,1,1,121,2395,15,1,2012,1,20,27,0,16,5,FLOWER MOUND RD,CLEAR POINT RD,0,33.03025833,-97.09926944,0,43,0,0,3,2,1,4,2,1,0,1,0,0000000,88,88,88,88,88,88,0,0,0,1,1
48,480064,1,1,0,0,0,1,1,127,0,15,1,2012,1,2,40,0,4,8,FM1557,,64,28.46203333,-99.76700278,0,32,0,0,1,1,0,4,2,1,0,1,0,0000000,88,88,88,88,88,88,0,0,0,1,1
48,480065,4,4,0,0,0,6,6,407,6344,15,1,2012,1,13,27,1,2,2,US-59,SL424,71,30.47570278,-95.00873889,0,12,6,0,2,2,1,1,1,1,0,1,0,0000000,99,99,99,99,99,99,0,0,0,1,0
48,480066,1,1,0,0,0,1,1,421,0,15,1,2012,1,3,15,1,2,2,US-287,,183,36.10301389,-102.0158,0,1,0,0,1,1,0,3,2,1,0,1,0,0000000,88,88,88,88,88,88,0,0,0,1,1
48,480067,2,2,0,0,0,2,2,439,260,15,1,2012,1,1,38,1,11,1,I-20,,84,32.67813889,-97.11699167,0,12,1,0,1,1,0,1,3,1,0,1,0,0000000,88,88,88,88,88,88,0,0,0,1,0
48,480068,1,1,0,0,0,2,2,457,0,15,1,2012,1,11,52,0,4,8,FM1745,,44,30.96595278,-94.54878056,0,42,0,0,1,1,0,4,1,1,0,1,0,0000000,12,7,13,16,13,59,0,0,0,1,0
48,480069,1,1,0,0,0,3,3,13,0,16,1,2012,2,23,44,1,1,1,I-37,,44,28.90849722,-98.43292222,0,59,0,0,1,1,0,3,2,1,0,1,0,0000000,0,0,0,12,0,44,18,0,0,2,0
48,480070,2,1,1,1,2,1,2,75,0,16,1,2012,2,5,54,1,2,2,US-287,,43,34.49509167,-100.3540306,0,14,0,0,1,1,0,2,2,1,0,1,0,0000000,5,56,6,8,6,28,23,0,0,1,0
48,480071,1,1,0,1,1,1,1,121,1840,16,1,2012,2,18,19,0,14,8,SL288,,199,33.26009167,-97.12152222,0,8,0,0,1,1,0,1,2,1,0,1,0,0000000,99,99,99,99,99,99,0,0,0,1,0
48,480072,1,1,0,0,0,1,1,201,3280,16,1,2012,2,20,58,0,16,5,LITTLE YOUR RD,N WAYSIDE DR,0,29.87186111,-95.28221389,0,1,0,0,3,2,0,4,3,2,0,2,0,0000000,20,58,21,2,21,23,0,0,0,1,1
48,480073,3,3,0,0,0,3,3,85,4230,17,1,2012,3,19,18,1,13,2,US-380 UNIVERSITY DR,N RIDGE RD,61,33.21800833,-96.69726111,0,12,6,0,2,3,0,1,3,1,0,1,0,0000000,19,20,19,40,20,8,0,0,0,1,1
48,480075,1,1,0,1,1,1,1,201,0,17,1,2012,3,19,57,0,6,4,CR-AIRLINE DR,,0,29.87945278,-95.38880278,0,9,0,0,1,1,0,11,2,1,0,1,0,0000000,99,99,99,99,99,99,0,0,0,1,0
48,480076,2,2,0,1,1,5,5,29,6090,18,1,2012,4,19,35,0,16,5,CULEBRA RD,,0,29.44843056,-98.59751111,0,8,0,0,1,1,0,1,2,1,0,1,0,0000000,19,36,19,42,20,6,0,0,0,1,0
48,480077,1,1,0,0,0,1,1,91,4870,19,1,2012,5,22,5,1,13,3,SR-46,,166,29.72144444,-98.17914722,0,33,0,0,1,1,0,3,2,1,0,1,0,0000000,88,88,88,88,88,88,0,0,0,1,1
48,480078,4,4,0,0,0,4,4,375,150,19,1,2012,5,21,27,1,11,1,I-40,,270,35.19320556,-101.6942,0,12,8,0,1,1,0,4,2,1,0,1,0,0000000,99,99,21,44,22,17,0,0,0,1,1
48,480079,2,2,0,0,0,2,2,485,0,19,1,2012,5,0,56,1,2,2,US-82 SEYMOUR HWY,,215,33.85755556,-98.63955833,0,12,1,0,1,1,0,1,2,1,0,1,0,0000000,88,88,88,88,88,88,0,0,0,1,1
48,480080,2,2,0,0,0,2,2,29,6090,20,1,2012,6,6,49,0,16,5,E MAINLAND DR,,0,29.50907222,-98.644125,0,12,6,0,1,1,0,1,4,5,0,5,0,0000000,99,99,6,58,6,59,0,0,0,1,0
48,480081,1,1,0,1,1,1,1,29,6090,21,1,2012,7,18,41,1,13,8,FM 1976 WALZEM RD,PATRIOT DR,12,29.51028889,-98.38511667,0,15,0,0,2,3,0,1,2,1,0,1,0,0000000,88,88,88,88,88,88,0,0,0,1,0
48,480082,2,2,0,0,0,3,3,201,480,21,1,2012,7,1,7,1,12,3,SR-146,,138,29.74798056,-94.98505,0,12,2,0,1,1,0,1,3,1,0,1,0,0000000,1,10,1,36,2,10,0,0,0,1,2
48,480084,2,2,0,0,0,4,4,375,150,22,1,2012,1,1,15,0,13,8,BI 40 AMARILLO BLVD,FLORIDA ST,0,35.222075,-101.8675528,0,12,6,0,2,2,0,1,3,1,0,1,0,0000000,99,99,99,99,99,99,0,0,0,2,1
48,480085,1,1,0,0,0,1,1,439,6485,22,1,2012,1,19,54,0,16,5,DOVE RD,,0,32.97053333,-97.16705833,0,42,0,0,1,1,0,4,2,1,0,1,0,0000000,19,54,19,56,20,37,20,0,0,1,0
48,480086,1,1,0,1,1,1,1,201,0,23,1,2012,2,23,10,0,6,5,JONES,,0,29.92616389,-95.58488889,0,9,0,0,1,1,0,1,2,1,0,1,0,0000000,23,14,23,19,23,35,0,0,0,1,1
48,480087,1,1,0,1,1,1,1,453,330,23,1,2012,2,22,26,1,12,7,US-183,,1,30.43228889,-97.76471944,0,9,0,0,1,1,0,1,2,1,0,1,0,0000000,88,88,88,88,88,88,0,0,0,1,0
48,480088,1,1,0,0,0,3,3,27,570,25,1,2012,4,4,50,1,13,2,US-190,,262,31.05032778,-97.49004167,0,42,0,0,1,1,0,4,2,2,0,2,0,0000000,4,52,4,59,5,25,0,0,0,1,0
48,480089,1,1,0,0,0,1,1,423,0,27,1,2012,6,20,48,1,2,3,SR-64,,232,32.33284444,-95.24731111,0,33,0,0,1,1,0,4,2,1,0,1,0,0000000,20,45,20,48,21,15,0,0,0,1,0
48,480090,1,1,0,1,1,1,1,29,6090,28,1,2012,7,20,28,1,11,7,I-35 RANDOLPH BLVD,,326,29.52402778,-98.390625,0,8,0,0,1,1,0,1,3,1,0,1,0,0000000,88,88,88,88,88,88,0,0,0,1,0
48,480091,1,1,0,0,0,2,2,85,0,1,1,2012,1,6,40,0,4,8,FM 545,,70,33.29458056,-96.48267778,0,24,0,0,1,1,0,4,2,1,0,1,0,0000000,88,88,88,88,88,88,0,0,0,2,1
48,480092,1,1,0,1,1,2,2,201,3280,1,1,2012,1,1,33,0,16,5,STANCLIFF RD,,0,29.65984444,-95.57130278,0,8,0,0,1,1,0,1,8,1,0,1,0,0000000,88,88,88,88,88,88,0,0,0,1,0
48,480093,1,1,0,0,0,4,4,355,1550,1,1,2012,1,2,17,1,13,8,FM 655 OLD BROWNSVILLE RD,,230,27.76760278,-97.44503611,0,33,0,0,1,1,0,4,3,5,0,5,0,0000000,2,17,2,23,2,27,0,0,0,1,0
48,480094,1,1,0,0,0,2,2,119,0,4,1,2012,4,18,5,0,3,3,SR-19,,15,33.46225,-95.58795,0,35,0,0,1,1,0,4,2,10,0,10,0,0000000,18,11,18,20,18,50,0,0,0,1,0
48,480095,2,2,0,0,0,6,6,113,1730,6,1,2012,6,10,30,0,16,5,HAMPTON RD,JEFFERSON BLVD,0,32.74746944,-96.85678333,0,12,6,0,2,2,0,1,1,1,0,1,0,0000000,10,37,10,40,11,9,0,0,0,1,0
48,480096,1,1,0,0,0,2,2,273,0,6,1,2012,6,19,2,1,2,2,US-77,,101,27.43278889,-97.85467778,0,1,0,0,1,1,0,3,2,1,0,1,0,0000000,99,99,99,99,99,99,0,0,0,1,0
48,480097,2,1,1,0,0,5,5,201,3280,9,1,2012,2,13,50,1,11,1,I-610,,35,29.73773611,-95.26521667,0,14,0,0,1,1,0,2,1,2,0,2,0,0000000,13,53,14,3,14,30,0,0,0,1,0
48,480098,2,2,0,0,0,3,3,7,0,11,1,2012,4,7,13,0,3,3,SR-35,,87,28.18085833,-96.99478889,0,12,2,0,1,1,0,1,1,1,0,1,0,0000000,88,88,88,88,88,88,0,0,0,3,0
48,480099,1,1,0,0,0,1,1,281,0,13,1,2012,6,17,43,0,4,8,FM 1715,,19,31.09870833,-98.10146667,0,1,0,0,1,1,0,4,1,1,0,1,0,0000000,99,99,99,99,99,99,0,0,0,1,0
48,480100,1,1,0,0,0,2,2,287,0,15,1,2012,1,3,45,1,2,3,SR-21,,4,30.23264167,-97.066925,0,43,0,0,1,1,0,4,2,1,0,1,0,0000000,99,99,99,99,99,99,0,0,0,1,0
48,480101,1,1,0,1,1,2,2,113,2590,17,1,2012,3,6,58,0,16,5,BROADWAY BLVD,,0,32.83942222,-96.59566389,0,8,0,0,1,1,0,1,3,1,0,1,0,0000000,99,99,99,99,99,99,0,0,0,1,0
48,480102,1,1,0,1,1,3,3,201,3280,17,1,2012,3,20,16,0,16,5,HILLCROFT AVE,SKYLINE DR,0,29.72803889,-95.501225,0,8,0,0,3,3,0,1,3,1,0,1,0,0000000,88,88,88,88,88,88,0,0,0,1,0
48,480103,1,1,0,1,1,5,5,209,6170,17,1,2012,3,20,44,1,13,3,SR-123,,102,29.86618611,-97.93857778,0,8,0,0,1,1,0,1,3,1,0,1,0,0000000,88,88,88,88,88,88,0,0,0,1,0
48,480104,2,2,0,0,0,3,3,351,0,17,1,2012,3,13,10,0,4,3,SR-87,FM363,145,30.69244167,-93.82262222,0,12,6,0,2,2,0,1,1,10,0,10,0,0000000,13,21,13,58,15,48,0,0,0,1,0
48,480105,1,1,0,0,0,1,1,201,3280,18,1,2012,4,9,52,0,16,5,MEMORIAL DR,,0,29.76244167,-95.38175,0,33,0,0,1,1,0,4,1,99,0,99,0,0000000,88,88,88,88,88,88,0,0,0,1,1
48,480106,1,1,0,0,0,1,1,355,1550,19,1,2012,5,3,10,1,12,3,SR-286 CROSSTOWN EXPY,,13,27.77933056,-97.41061944,0,1,0,0,1,1,0,10,3,10,0,10,0,0000000,3,10,3,17,3,23,0,0,0,1,0
48,480107,1,1,0,0,0,1,1,113,1730,20,1,2012,6,16,22,1,11,1,I-635 LBJ FWY,,65,32.92450833,-96.76834167,0,20,0,0,5,1,0,8,1,1,0,1,0,0000000,16,25,16,33,17,1,0,0,0,1,0
48,480108,1,1,0,1,1,1,1,145,0,20,1,2012,6,6,4,0,3,2,US-77,,185,31.13563056,-97.00285278,0,8,0,0,1,1,0,1,2,5,0,5,0,0000000,88,88,88,88,88,88,0,0,0,1,0
48,480109,4,4,0,0,0,8,8,187,6290,20,1,2012,6,12,26,1,13,8,BS123B N AUSTIN ST,W HUMPHREYS ST,39,29.57646667,-97.96473889,0,12,2,0,3,2,0,1,1,10,0,10,0,0000000,12,27,12,32,13,1,0,0,0,1,0
48,480110,1,1,0,0,0,2,2,113,1730,22,1,2012,1,23,10,1,11,7,I-30 RAMP,,320,32.87592778,-96.52098333,0,1,0,0,5,1,0,1,2,1,0,1,0,0000000,99,99,99,99,99,99,0,0,0,1,0
48,480111,1,1,0,1,1,1,1,113,1730,22,1,2012,1,2,59,0,16,5,BRUTON RD,,0,32.74861944,-96.65268056,0,8,0,0,1,1,0,1,3,10,0,10,0,0000000,88,88,88,88,88,88,0,0,0,1,0
48,480112,1,1,0,0,0,3,3,139,4570,22,1,2012,1,2,33,0,14,8,FM 663,BU 287Q,10,32.48223889,-96.99317778,0,46,0,0,3,3,0,4,3,2,0,2,0,0000000,2,35,2,37,3,27,0,0,0,1,1
48,480113,1,1,0,0,0,1,1,285,0,22,1,2012,1,15,17,0,4,3,SR-111,,202,29.17120278,-96.92960833,0,31,0,0,1,1,0,4,1,10,0,10,0,0000000,88,88,88,88,88,88,0,0,0,1,0
48,480114,3,3,0,0,0,5,5,423,0,23,1,2012,2,11,44,0,4,8,FM 848 BASCOM RD,,35,32.27569167,-95.19571111,0,12,6,0,1,1,0,1,1,1,0,1,0,0000000,88,88,88,88,88,88,0,0,0,1,0
48,480115,1,1,0,1,1,1,1,113,1730,24,1,2012,3,22,10,0,16,5,WALNUT HILL LN,,0,32.88118333,-96.88652222,0,8,0,0,8,1,0,1,2,2,0,2,0,0000000,22,12,22,15,23,11,0,0,0,1,0
48,480116,2,2,0,0,0,3,3,457,0,24,1,2012,3,16,28,0,4,8,FM 1013,,36,30.67859167,-94.33014444,0,12,6,0,1,1,0,1,1,2,0,2,0,0000000,16,29,16,42,17,19,0,0,0,2,0
48,480117,1,1,0,1,1,1,1,39,0,25,1,2012,4,4,59,0,6,4,CR-543,,0,29.12690278,-95.39224722,0,8,0,0,1,1,0,1,2,10,0,10,0,0000000,88,88,88,88,88,88,0,0,0,1,0
48,480118,2,2,0,0,0,2,2,141,2190,26,1,2012,5,19,58,0,16,5,AIRWAY BLVD,,0,31.78402222,-106.3955278,0,12,6,0,1,1,0,1,3,1,0,1,0,0000000,19,54,19,58,20,19,0,0,0,1,1
48,480119,2,2,0,0,0,2,2,37,6850,27,1,2012,6,13,1,1,13,3,SR-93 LAKE DR,,103,33.40391111,-94.06469167,0,12,6,0,8,1,0,1,1,1,0,1,0,0000000,13,5,13,11,13,29,0,0,0,1,1
48,480120,1,1,0,1,1,1,1,439,2450,27,1,2012,6,5,29,1,12,3,SR-199 JACKSBORO HWY,,127,32.78628889,-97.38416667,0,8,0,0,1,1,0,1,3,1,0,1,0,0000000,99,99,99,99,99,99,0,0,0,1,0
48,480121,1,1,0,0,0,2,2,113,1730,31,1,2012,3,15,15,1,13,8,SL12 N WALTON WALKER BLVD,,54,32.76292778,-96.91513889,0,24,0,0,1,1,0,4,1,1,0,1,0,0000000,15,18,15,25,15,47,20,0,0,1,1
48,480122,2,2,0,0,0,2,2,199,0,31,1,2012,3,11,25,0,3,8,FM418,,84,30.36846111,-94.20636389,0,12,2,0,1,1,0,1,1,10,0,10,0,0000000,11,26,11,36,12,40,0,0,0,1,0
48,480123,2,2,0,0,0,5,5,121,3960,1,1,2012,1,0,33,0,16,5,SAM RAYBURN TOLLWAY,,0,33.03890278,-96.9229,0,12,7,0,1,1,0,1,2,1,0,1,0,0000000,0,38,0,46,1,16,19,23,0,1,0
48,480124,1,1,0,1,1,1,1,227,640,3,1,2012,3,13,0,1,13,2,US-87 S GREGG ST,BI20 W 4TH ST,223,32.25029722,-101.4783722,0,8,0,0,3,2,0,1,1,1,0,1,0,0000000,13,1,13,5,13,25,0,0,0,1,0
48,480125,2,2,0,0,0,3,3,291,0,6,1,2012,6,16,6,0,4,8,FM834,FM770,27,30.15956389,-94.64485556,0,12,6,0,2,2,0,1,1,1,0,1,0,0000000,88,88,88,88,88,88,0,0,0,2,0
48,480126,1,1,0,1,1,1,1,121,1730,7,1,2012,7,22,1,0,16,5,PRESIDENT GEORGE BUSH TPKE,,0,32.99961667,-96.85781944,0,8,0,0,1,1,0,1,2,10,0,10,0,0000000,99,99,99,99,99,99,0,0,0,1,0
48,480127,2,2,0,0,0,2,2,201,3280,7,1,2012,7,10,2,1,19,1,I-610,UA90,99999,29.67800278,-95.42713333,0,12,6,1,2,2,0,1,1,10,0,10,0,0000000,10,10,10,17,10,46,0,0,0,1,0
48,480128,1,1,0,0,0,1,1,89,0,8,1,2012,1,2,13,1,1,1,I-10,,86,29.69021111,-96.70658056,0,35,0,0,1,1,0,4,2,10,0,10,0,0000000,88,88,88,88,88,88,0,0,0,1,0
48,480130,2,2,0,0,0,2,2,291,0,8,1,2012,1,18,50,0,3,8,FM1960,,34,30.04578889,-95.0025,0,12,6,0,8,1,0,1,2,10,0,10,0,0000000,18,51,18,58,20,9,0,0,0,1,0
48,480131,2,2,0,0,0,2,2,395,0,9,1,2012,2,8,0,1,2,2,US-190,,39,30.84658333,-96.55763611,0,12,6,0,1,1,0,1,1,2,0,2,0,0000000,88,88,88,88,88,88,0,0,0,1,0
48,480133,1,1,0,0,0,1,1,305,0,11,1,2012,4,21,26,0,4,8,FM 1730,,2,33.38788889,-101.9294,0,38,0,0,1,1,0,4,2,1,0,1,0,0000000,88,88,88,88,88,88,0,0,0,1,0
48,480134,2,1,1,1,2,2,3,473,0,12,1,2012,5,2,20,1,1,1,I-10,,11,29.77475,-96.02011944,0,59,0,0,1,1,1,3,2,1,0,1,0,0000000,88,88,88,88,88,88,23,0,0,2,1
48,480135,1,1,0,0,0,2,2,135,0,13,1,2012,6,2,30,1,2,2,US-385,,37,31.797525,-102.3656806,0,41,0,0,1,1,0,3,3,1,0,1,0,0000000,88,88,88,88,88,88,0,0,0,2,1
48,480136,2,2,0,0,0,3,3,215,50,13,1,2012,6,22,51,1,13,8,BU-83S,13TH ST,36,26.18456667,-98.12755,0,12,6,0,2,2,0,1,3,1,0,1,0,0000000,22,43,22,46,23,19,0,0,0,1,0
48,480137,1,1,0,0,0,2,2,291,0,13,1,2012,6,15,42,0,5,8,FM 1909,,60,30.05006944,-94.71914722,0,10,0,0,6,1,0,1,1,1,0,1,0,762760U,15,52,16,9,16,39,0,0,0,1,1
48,480138,2,2,0,0,0,3,3,489,0,13,1,2012,6,12,50,0,3,3,SR-186,CR-45,36,26.48351667,-97.93869722,0,12,6,0,2,3,0,1,1,1,0,1,0,0000000,12,47,12,57,13,59,0,0,0,1,0
48,480139,1,1,0,0,0,4,4,61,0,14,1,2012,7,1,15,0,3,3,SR-4,,221,25.95441389,-97.31559722,0,1,0,0,1,1,0,1,2,1,0,1,0,0000000,1,49,2,20,2,43,0,0,0,1,1
48,480140,1,1,0,0,0,1,1,157,0,15,1,2012,1,6,0,1,2,2,US-59,,265,29.47995,-95.94547778,0,52,0,0,1,1,0,3,1,1,0,1,0,0000000,88,88,88,88,88,88,0,0,0,1,1
48,480141,2,2,0,1,1,5,5,187,4870,15,1,2012,1,5,17,1,13,3,SR-46,,26,29.66429444,-98.05130556,0,8,0,0,1,1,0,1,2,1,0,1,0,0000000,5,33,5,40,6,10,0,0,0,1,0
48,480142,1,1,0,0,0,4,4,315,0,15,1,2012,1,10,45,0,4,8,FM 248,,38,32.82740556,-94.31179444,0,42,0,0,1,1,0,4,1,1,0,1,0,0000000,10,50,11,1,12,26,0,0,0,1,0
48,480143,1,1,0,0,0,2,2,475,0,15,1,2012,1,22,5,1,1,1,I-20,,217,31.54303333,-103.0552861,0,1,0,0,1,1,0,4,2,1,0,1,0,0000000,22,9,22,16,22,47,0,0,0,2,0
48,480144,1,1,0,0,0,2,2,507,0,16,1,2012,2,15,0,0,9,2,US-83,,163,28.85764167,-99.85278056,0,42,0,0,1,1,0,4,1,1,0,1,0,0000000,99,99,99,99,99,99,0,0,0,1,1