STATE,ST_CASE,VE_TOTAL,VE_FORMS,PVH_INVL,PEDS,PERNOTMVIT,PERMVIT,PERSONS,COUNTY,CITY,DAY,MONTH,YEAR,DAY_WEEK,HOUR,MINUTE,NHS,ROAD_FNC,ROUTE,TWAY_ID,TWAY_ID2,MILEPT,LATITUDE,LONGITUD,SP_JUR,HARM_EV,MAN_COLL,RELJCT1,RELJCT2,TYP_INT,WRK_ZONE,REL_ROAD,LGT_COND,WEATHER1,WEATHER2,WEATHER,SCH_BUS,RAIL,NOT_HOUR,NOT_MIN,ARR_HOUR,ARR_MIN,HOSP_HR,HOSP_MN,CF1,CF2,CF3,FATALS,DRUNK_DR
48,480145,1,1,0,0,0,3,3,355,5850,17,1,2012,3,13,54,1,12,2,US-77,,8,27.79124444,-97.65436111,0,59,0,0,1,1,0,3,1,1,0,1,0,0000000,13,54,13,56,14,34,0,0,0,1,0
48,480146,2,2,0,0,0,2,2,409,0,17,1,2012,3,18,45,1,2,2,US-77,,95,28.03026389,-97.53039444,0,12,1,0,8,1,0,1,2,1,0,1,0,0000000,99,99,99,99,99,99,0,0,0,1,0
48,480147,1,1,0,0,0,1,1,201,3280,18,1,2012,4,16,18,0,16,5,TEXACO RD,,0,29.79992222,-95.21563889,0,42,0,0,1,1,0,4,1,1,0,1,0,0000000,16,18,16,31,16,53,0,0,0,1,0
48,480148,1,1,0,0,0,3,3,423,0,18,1,2012,4,21,35,0,6,4,CR-1178,,0,32.18751389,-95.43916389,0,42,0,0,1,1,0,4,2,1,0,1,0,0000000,99,99,99,99,99,99,0,0,0,1,0
48,480149,3,3,0,0,0,3,3,423,0,19,1,2012,5,11,30,0,3,3,SR-31,,223,32.36835833,-95.07894444,0,12,6,0,1,1,0,1,1,1,0,1,0,0000000,99,99,99,99,99,99,0,0,0,1,0
48,480150,1,1,0,1,1,1,1,113,1730,21,1,2012,7,18,44,1,13,8,SL 12,,317,32.693325,-96.77468889,0,8,0,0,1,1,0,1,3,1,0,1,0,0000000,18,47,18,50,19,8,0,0,0,1,0
48,480151,1,1,0,1,1,1,1,201,3280,21,1,2012,7,19,45,0,16,5,JENSEN DR,,0,29.84596389,-95.34294167,0,8,0,0,1,1,0,1,3,1,0,1,0,0000000,19,57,19,59,20,24,0,0,0,1,1
48,480152,2,2,0,0,0,3,3,493,0,21,1,2012,7,4,10,1,2,2,US-181,,67,29.19575556,-98.20471389,0,12,2,0,1,1,0,1,2,5,0,5,0,0000000,4,25,4,28,5,15,0,0,0,1,1
48,480153,2,2,0,0,0,3,3,89,0,24,1,2012,3,11,58,0,3,3,SR-71,,24,29.55016944,-96.45484444,0,12,6,0,1,1,0,1,1,2,0,2,0,0000000,11,58,12,6,13,2,0,0,0,2,0
48,480154,1,1,0,0,0,1,1,231,0,25,1,2012,4,9,35,1,2,2,US-69,,292,33.00946389,-95.95469167,0,32,0,0,1,1,0,4,1,2,0,2,0,0000000,88,88,88,88,88,88,0,0,0,1,0
48,480155,1,1,0,0,0,1,1,329,0,25,1,2012,4,13,20,1,13,8,BI20E,,78,31.95000833,-102.1636306,0,1,0,0,1,1,0,10,1,2,0,2,0,0000000,88,88,88,88,88,88,0,0,0,1,0
48,480156,2,2,0,0,0,4,4,215,5330,27,1,2012,6,14,5,1,12,2,US-83,,280,26.20536944,-98.17266667,0,12,11,0,1,1,0,1,1,1,0,1,0,0000000,14,6,14,12,14,33,0,0,0,1,0
48,480157,1,1,0,0,0,1,1,287,0,27,1,2012,6,5,46,0,4,8,FM180,,16,30.17046111,-96.81813611,0,11,0,0,1,1,0,1,2,1,0,1,0,0000000,88,88,88,88,88,88,0,0,0,1,0
48,480158,2,2,0,0,0,6,6,453,330,27,1,2012,6,21,11,0,16,5,OAK SPRINGS DR,,0,30.27349444,-97.69063056,0,12,6,0,8,1,0,1,3,1,0,1,0,0000000,21,12,21,15,21,54,0,0,0,1,0
48,480159,2,2,0,0,0,4,4,257,0,28,1,2012,7,11,0,0,4,8,FM148,OAK TRL,8,32.42805833,-96.35966667,0,12,6,0,2,3,0,1,1,1,0,1,0,0000000,11,15,11,36,12,11,0,0,0,1,0
48,480160,2,2,0,0,0,3,3,483,0,28,1,2012,7,20,9,0,5,8,FM453 PAKAN RD,,65,35.265925,-100.4317194,0,12,6,0,1,1,0,4,2,1,0,1,0,0000000,88,88,88,88,88,88,0,0,0,3,1
48,480161,1,1,0,0,0,1,1,201,0,29,1,2012,1,21,15,1,12,7,SL 8 S SAM HOUSTON PKY,,14,29.59715,-95.41888056,0,59,0,1,18,1,0,4,3,1,0,1,0,0000000,88,88,88,88,88,88,0,0,0,1,1
48,480162,1,1,0,0,0,1,1,437,0,29,1,2012,1,3,16,1,11,1,I-27 RAMP,,157,34.52739167,-101.7946917,0,59,0,1,5,1,0,8,3,1,0,1,0,0000000,88,88,88,88,88,88,0,0,0,1,1
48,480163,1,1,0,0,0,1,1,493,0,30,1,2012,2,8,20,0,4,8,FM 1681,,1,29.374375,-97.95591944,0,1,0,0,1,1,0,1,1,10,0,10,0,0000000,88,88,88,88,88,88,0,0,0,1,0
48,480164,1,1,0,0,0,2,2,125,0,31,1,2012,3,12,30,1,2,2,US-82,,62,33.61078889,-100.5748917,0,24,0,0,1,1,0,3,1,1,0,1,0,0000000,12,36,13,0,13,48,0,0,0,1,0
48,480165,2,2,0,0,0,3,3,361,0,31,1,2012,3,18,45,0,3,3,SR-62,,135,30.07855,-93.82175833,0,1,0,0,1,1,0,1,2,2,0,2,0,0000000,18,43,18,58,19,13,0,0,0,1,0
48,480166,1,1,0,0,0,1,1,29,0,12,1,2012,5,19,48,1,1,1,I-37,,76,29.21812778,-98.41254722,0,1,0,1,19,1,0,3,2,1,0,1,0,0000000,19,52,20,3,20,35,0,0,0,1,1
48,480167,1,1,0,2,2,2,2,141,2190,31,1,2012,3,16,24,0,16,5,LEE BLVD,EDGEMERE BLVD,0,31.79142778,-106.2937833,0,8,0,0,3,2,0,1,1,1,0,1,0,0000000,16,25,16,30,16,57,0,0,0,1,0
48,480168,2,2,0,0,0,2,2,85,0,17,1,2012,3,8,23,1,13,2,US-380,BRIDGEFARMER RD,152,33.18961944,-96.54779444,0,12,1,0,3,2,0,1,1,1,0,1,0,0000000,88,88,88,88,88,88,0,0,0,1,0
48,480169,2,2,0,0,0,2,2,493,0,17,1,2012,3,13,13,0,3,3,SR-123,,182,29.11638889,-97.94195,0,12,2,0,1,1,0,1,1,1,0,1,0,0000000,88,88,88,88,88,88,0,0,0,1,0
48,480170,2,2,0,0,0,2,2,135,0,20,1,2012,6,15,35,1,13,8,BI 20E,,50,31.81427778,-102.4258028,0,12,6,0,1,1,0,1,1,1,0,1,0,0000000,15,34,15,43,15,43,0,0,0,1,0
48,480171,1,1,0,1,1,1,1,135,0,20,1,2012,6,18,41,0,6,4,CR-WESTCLIFF RD,,0,31.79495556,-102.5263528,0,9,0,0,1,1,0,1,2,1,0,1,0,0000000,88,88,88,88,88,88,0,0,0,1,0
48,480172,1,1,0,0,0,1,1,415,0,25,1,2012,4,15,23,0,6,4,CR-CAMPSPRINGS RD,,99999,32.75043889,-100.7386611,0,52,0,0,1,1,0,4,1,2,0,2,0,0000000,88,88,88,88,88,88,0,0,0,1,0
48,480173,1,1,0,0,0,1,1,423,7070,28,1,2012,7,18,20,0,15,8,FM 756 PALUXY DR,,10,32.29384444,-95.27883611,0,33,0,0,1,1,0,4,2,1,0,1,0,0000000,99,99,99,99,99,99,0,0,0,1,1
48,480174,1,1,0,0,0,1,1,59,0,29,1,2012,1,13,50,0,4,8,FM 880,,118,32.28527222,-99.18163056,0,1,0,0,1,1,0,1,1,1,0,1,0,0000000,88,88,88,88,88,88,0,0,0,1,0
48,480175,2,2,0,0,0,7,7,253,0,29,1,2012,1,22,47,0,3,2,US-180,FM 600,117,32.75060833,-99.71340278,0,12,6,0,2,2,0,1,2,1,0,1,0,0000000,22,48,23,0,0,0,0,0,0,4,1
48,480176,1,1,0,1,1,1,1,453,330,30,1,2012,2,18,41,0,16,5,JOLLYVILLE RD,BRAKER LN,0,30.40068889,-97.74882778,0,8,0,0,2,2,0,1,2,2,0,2,0,0000000,18,42,18,48,19,12,0,0,0,1,0
48,480177,1,1,0,0,0,1,1,21,0,7,1,2012,7,23,0,0,4,8,FM 535,,289,29.99374167,-97.17962222,0,38,0,0,1,1,0,4,2,1,0,1,0,0000000,88,88,88,88,88,88,0,0,0,1,1
48,480178,1,1,0,0,0,2,2,215,5330,7,1,2012,7,2,44,1,12,2,US-281,,57,26.23863333,-98.17675556,0,5,0,0,1,1,0,1,3,1,0,1,0,0000000,2,46,2,58,3,32,0,0,0,1,1
48,480179,1,1,0,0,0,5,5,165,0,9,1,2012,2,19,14,0,6,4,CR-214,,0,32.82851389,-103.0357,0,1,0,0,1,1,0,4,2,4,0,4,0,0000000,17,55,18,14,19,13,0,0,0,1,0
48,480180,2,2,0,0,0,5,5,291,1380,10,1,2012,3,15,36,1,13,8,SL 573 WASHINGTON AVE,,25,30.33961389,-95.09194722,0,12,6,0,8,1,0,1,1,1,0,1,0,0000000,15,55,16,12,16,45,0,0,0,1,0
48,480181,1,1,0,1,1,1,1,113,1730,16,1,2012,2,20,0,0,16,5,HAMPTON RD,CLARENDON DR,0,32.73490833,-96.85676111,0,8,0,0,3,2,0,1,3,1,0,1,0,0000000,20,3,20,23,20,31,0,0,0,1,0
48,480182,3,3,0,0,0,4,4,427,0,27,1,2012,6,16,55,1,2,2,US-83,,6,26.6158,-99.08871944,0,12,2,0,1,1,0,1,1,1,0,1,0,0000000,99,99,99,99,99,99,0,0,0,3,1
48,480183,1,1,0,0,0,1,1,491,0,28,1,2012,7,0,56,1,2,2,US-183,,6,30.82359444,-97.89680556,0,32,0,0,8,1,0,4,2,1,0,1,0,0000000,88,88,88,88,88,88,0,0,0,1,1
48,480184,1,1,0,0,0,2,2,71,0,30,1,2012,2,2,15,1,1,7,I-10,,43,29.83984167,-94.63913611,0,42,0,0,1,1,0,4,2,1,0,1,0,0000000,2,48,3,9,3,39,0,0,0,1,0
48,480185,1,1,0,0,0,2,2,209,3760,18,1,2012,4,21,42,1,11,1,I-35,,162,29.99181389,-97.87160278,0,5,0,0,1,1,0,1,2,1,0,1,0,0000000,88,88,88,88,88,88,0,0,0,1,0
48,480186,2,2,0,0,0,5,5,15,0,19,1,2012,5,13,23,0,4,8,FM-2502,FM-109,1,30.03723056,-96.48333889,0,12,6,0,2,2,0,1,1,1,0,1,0,0000000,13,28,13,50,14,34,0,0,0,1,0
48,480187,3,3,0,0,0,5,5,469,7190,20,1,2012,6,10,21,0,14,3,SR-185 LAURENT ST,JUAN LINN ST,60,28.79248056,-96.99255833,0,12,1,0,3,2,0,1,1,10,0,10,0,0000000,10,23,10,25,10,47,0,0,0,1,0
48,480188,1,1,0,0,0,1,1,317,0,21,1,2012,7,13,30,1,2,3,SR-349,,83,32.20708611,-102.1323333,0,38,0,0,1,1,0,4,1,1,0,1,0,0000000,88,88,88,88,88,88,0,0,0,1,0
48,480189,1,1,0,0,0,4,4,291,0,23,1,2012,2,18,56,1,2,2,US-59,CR-379,88,30.28720556,-95.12481944,0,1,0,0,2,3,0,5,2,1,0,1,0,0000000,18,0,19,17,20,6,0,0,0,1,0
48,480190,2,2,0,0,0,2,2,343,0,25,1,2012,4,13,5,0,3,2,US-259,,32,33.26315,-94.74303333,0,12,2,0,1,1,0,2,1,2,0,2,0,0000000,88,88,88,88,88,88,0,0,0,1,1
48,480191,3,3,0,1,1,3,3,201,0,28,1,2012,7,19,7,1,13,3,SR-6,ROYAL MILE LN,66,29.84321111,-95.64576389,0,8,0,0,3,3,0,1,2,1,0,1,0,0000000,88,88,88,88,88,88,0,0,0,1,0
48,480192,2,2,0,0,0,3,3,93,0,29,1,2012,1,19,8,0,4,3,SR-16,,124,31.94485833,-98.56906667,0,12,6,0,1,1,0,1,2,1,0,1,0,0000000,99,99,99,99,99,99,0,0,0,1,1
48,480193,2,2,0,0,0,2,2,201,3280,29,1,2012,1,1,39,0,16,5,DIXIE DR,WALTRIP ST,0,29.68091667,-95.30785556,0,12,2,0,3,3,0,1,3,1,0,1,0,0000000,1,54,2,2,2,29,0,0,0,1,1
48,480194,1,1,0,0,0,2,2,157,0,30,1,2012,2,17,29,0,6,4,CR-FAIRWAY BEND,,0,29.73371667,-95.74073056,0,42,0,0,1,1,0,4,5,10,0,10,0,0000000,17,44,17,52,18,11,0,0,0,1,0
48,480195,2,2,0,0,0,5,5,389,5280,30,1,2012,2,9,45,0,14,3,SR-17,,118,31.39658611,-103.5223444,0,12,1,0,1,1,0,1,1,1,0,1,0,0000000,99,99,99,99,99,99,0,0,0,1,1
48,480196,1,1,0,0,0,1,1,471,0,30,1,2012,2,19,5,0,5,8,FM 1374 MONTGOMERY RD,,30,30.66415556,-95.57644167,0,42,0,0,1,1,0,4,2,1,0,1,0,0000000,88,88,88,88,88,88,0,0,0,1,0
48,480197,1,1,0,0,0,1,1,363,0,31,1,2012,3,22,53,0,6,4,CR-OLD MILLSAP HWY,,0,32.75849444,-98.06908611,0,32,0,0,1,1,0,4,2,1,0,1,0,0000000,88,88,88,88,88,88,0,0,0,1,1
48,480198,1,1,0,1,1,2,2,201,3280,7,1,2012,7,1,30,0,16,5,WASHINGTON AVE,,0,29.77001111,-95.40173056,0,8,0,0,1,1,0,1,3,1,0,1,0,0000000,88,88,88,88,88,88,0,0,0,1,1
48,480199,1,1,0,0,0,1,1,367,0,14,1,2012,7,12,10,1,1,1,I-20,,310,32.72918333,-97.59950833,0,21,0,1,19,1,0,10,1,1,0,1,0,0000000,99,99,99,99,99,99,0,0,0,1,0
48,480200,2,2,0,0,0,37,37,27,0,17,1,2012,3,7,25,0,4,8,FM 93,CR-OLD HWY 95 RD,165,31.03286111,-97.34818611,0,12,6,0,2,2,0,1,4,5,0,5,1,0000000,7,30,7,52,8,5,0,0,0,1,0
48,480201,2,1,1,0,2,1,3,37,0,18,1,2012,4,0,27,1,1,1,I-30,,163,33.46176944,-94.47739444,0,14,0,0,1,1,0,2,3,1,0,1,0,0000000,88,88,88,88,88,88,0,0,0,1,0
48,480202,1,1,0,0,0,3,3,203,0,21,1,2012,7,0,6,0,4,3,SR-154,,20,32.67104444,-94.672925,0,53,0,0,1,1,0,4,2,1,0,1,0,0000000,0,10,0,19,1,18,0,0,0,2,0
48,480203,1,1,0,0,0,1,1,215,0,21,1,2012,7,1,30,0,6,4,CR-MILE 12 N,,0,26.22827222,-97.97363611,0,38,0,0,1,1,0,4,2,1,0,1,0,0000000,88,88,88,88,88,88,0,0,0,1,1
48,480204,3,2,1,2,2,1,1,317,0,23,1,2012,2,19,28,0,4,3,SR-176,,82,32.31304722,-102.0875694,0,8,0,0,1,1,0,1,2,1,0,1,0,0000000,19,28,19,35,21,5,19,23,0,2,0
48,480205,1,1,0,0,0,2,2,283,0,25,1,2012,4,0,17,1,1,1,I-35,,188,28.52095833,-99.21486389,0,52,0,1,18,1,0,3,2,2,0,2,0,0000000,88,88,88,88,88,88,0,0,0,2,0
48,480206,3,3,0,0,0,3,3,283,0,27,1,2012,6,16,10,0,4,8,FM 624,,140,28.20233056,-98.80537778,0,12,1,0,1,1,1,1,1,1,0,1,0,0000000,16,8,17,29,18,36,3,0,0,1,0
48,480207,1,1,0,0,0,1,1,339,0,28,1,2012,7,19,38,0,6,4,CR-FERNE DR,,0,30.14275278,-95.28773889,0,59,0,0,1,1,0,4,2,1,0,1,0,0000000,88,88,88,88,88,88,0,0,0,1,1
48,480208,2,2,0,0,0,3,3,89,0,31,1,2012,3,22,57,1,1,1,I-10,,226,29.7148,-96.47645833,0,12,1,0,1,1,0,1,2,5,0,5,0,0000000,23,2,23,12,23,58,0,0,0,1,0
48,480209,2,2,0,0,0,2,2,121,1645,4,1,2012,4,9,43,1,2,2,US-380,,222,33.23249722,-97.00786111,0,12,7,0,1,1,0,1,1,1,0,1,0,0000000,9,51,10,14,10,32,0,0,0,1,0
48,480210,1,1,0,0,0,2,2,61,0,28,1,2012,7,0,30,0,6,4,CR-W ALABAMA AVE,,0,25.86622222,-97.39317222,0,42,0,0,1,1,0,4,2,1,0,1,0,0000000,0,39,0,50,1,16,0,0,0,1,1
48,480211,1,1,0,1,1,1,1,157,0,12,1,2012,5,4,15,1,12,3,SR-99,,54,29.63364444,-95.70275556,0,8,0,0,1,1,0,1,2,1,0,1,0,0000000,88,88,88,88,88,88,19,0,0,1,0
48,480213,1,1,0,0,0,1,1,377,0,21,1,2012,7,15,41,0,3,2,US-67,,65,29.66839444,-104.3613528,0,1,0,0,1,1,0,4,1,1,0,1,0,0000000,88,88,88,88,88,88,0,0,0,1,0
48,480214,2,2,0,0,0,2,2,423,7070,24,1,2012,3,15,52,1,13,2,US-69,FM2813,74,32.23908889,-95.30961389,0,12,6,0,2,2,0,1,1,2,0,2,0,0000000,15,58,16,4,16,43,0,0,0,1,0
48,480215,1,1,0,0,0,1,1,453,0,24,1,2012,3,9,30,0,6,4,CR-CITY PARK RD,,0,30.36251111,-97.81633056,0,24,0,0,1,1,0,4,1,10,0,10,0,0000000,9,39,9,48,10,50,0,0,0,1,0
48,480216,2,2,0,0,0,3,3,55,4040,20,1,2012,6,18,13,1,13,2,US-183,,112,29.88060278,-97.66945833,0,12,6,0,8,1,0,1,1,1,0,1,0,0000000,88,88,88,88,88,88,20,0,0,1,0
48,480217,1,1,0,1,1,3,3,303,4140,29,1,2012,1,1,0,0,16,5,UNIVERSITY AVE,,0,33.58992778,-101.8707806,0,9,0,0,1,1,0,1,3,1,0,1,0,0000000,1,3,1,7,1,18,0,0,0,3,1
48,480218,1,1,0,0,0,1,1,39,0,1,2,2012,4,17,7,0,4,8,FM523,,8,29.19072778,-95.47000556,0,32,0,0,1,1,0,4,1,1,0,1,0,0000000,17,9,17,15,18,13,0,0,0,1,0
48,480220,2,2,0,0,0,6,6,303,0,3,2,2012,6,10,21,0,4,8,FM179,FM41,219,33.41373889,-102.0159944,0,12,6,0,2,2,0,1,1,1,0,1,0,0000000,10,27,10,37,11,2,0,0,0,2,0
48,480221,1,1,0,0,0,3,3,39,0,16,1,2012,2,19,39,0,6,4,CR-40 LOCKRIDGE RD,,0,29.33296944,-95.569525,0,1,0,0,1,1,0,1,2,1,0,1,0,0000000,19,47,20,8,20,55,20,0,0,1,1
48,480222,3,3,0,0,0,6,6,135,5030,2,2,2012,5,14,53,1,13,3,SR-385 ANDREWS HWY,21ST ST,210,31.86312778,-102.3786889,0,5,0,0,2,3,0,1,1,1,0,1,0,0000000,14,53,15,8,15,29,0,0,0,1,0
48,480223,1,1,0,1,1,1,1,141,0,3,2,2012,6,19,7,0,15,8,FM 1110 CLINT SAN ELIZARIO RD,,59,31.59893056,-106.1972806,0,8,0,0,1,1,0,1,2,1,0,1,0,0000000,88,88,88,88,88,88,0,0,0,1,0
48,480224,1,1,0,0,0,3,3,401,0,4,2,2012,7,21,0,0,4,3,SR-42,,142,32.18245,-94.95069722,0,42,0,0,1,1,0,4,2,1,0,1,0,0000000,88,88,88,88,88,88,0,0,0,3,1
48,480225,1,1,0,0,0,2,2,439,2450,4,2,2012,7,7,27,1,13,8,SS-580,,23,32.72089444,-97.50813611,0,52,0,0,1,1,0,4,3,10,0,10,0,0000000,7,29,7,35,8,24,0,0,0,1,1
48,480226,1,1,0,0,0,4,4,491,0,4,2,2012,7,3,16,0,4,8,FM 970,,21,30.78564722,-97.84443333,0,38,0,0,1,1,0,4,2,1,0,1,0,0000000,3,17,3,35,4,25,0,0,0,2,1
48,480227,1,1,0,0,0,1,1,201,3280,5,2,2012,1,10,0,0,16,5,KURLAND DR,,0,29.61456944,-95.20078889,0,33,0,0,1,1,0,4,1,10,0,10,0,0000000,88,88,88,88,88,88,0,0,0,1,1
48,480228,2,2,0,0,0,2,2,329,4560,5,2,2012,1,22,16,1,2,3,SR-191,,59,31.97903889,-102.2323889,0,12,1,0,1,1,0,1,2,1,0,1,0,0000000,22,17,22,27,22,38,0,0,0,1,1
48,480229,2,2,0,0,0,4,4,439,2450,5,2,2012,1,8,44,1,12,7,SR-121,RIVERSIDE DR,74,32.76799444,-97.30167222,0,12,6,1,2,2,0,1,1,1,0,1,0,0000000,8,45,8,47,9,6,0,0,0,1,0
48,480230,1,1,0,0,0,2,2,37,6850,6,2,2012,2,10,47,1,11,7,I-30,,409,33.46366111,-94.06844444,0,33,0,0,1,1,0,4,1,1,0,1,0,0000000,10,48,10,53,11,17,0,0,0,1,0
48,480231,2,2,0,0,0,2,2,141,2190,6,2,2012,2,15,20,1,12,7,US-54 GATEWAY NORTH BLVD,DIANA DR,131,31.88283333,-106.4403944,0,12,6,1,2,2,0,1,1,1,0,1,0,0000000,99,99,99,99,99,99,0,0,0,1,0
48,480232,2,2,0,0,0,3,3,9,0,7,2,2012,3,18,45,1,2,3,SR-114,,6,33.45427778,-98.94364722,0,12,2,0,1,1,0,1,5,1,0,1,0,0000000,18,56,19,34,20,22,0,0,0,2,1
48,480233,1,1,0,0,0,2,2,213,0,9,2,2012,5,21,9,0,4,8,FM 317,,0,32.22922778,-95.64931111,0,5,0,0,8,1,0,1,3,1,0,1,0,0000000,88,88,88,88,88,88,0,0,0,1,0
48,480234,2,2,0,1,1,4,4,59,1400,12,2,2012,1,18,37,1,1,1,I-20,,62,32.41845,-99.52591111,0,12,6,1,18,1,0,1,2,4,0,4,0,0000000,18,42,18,51,19,34,19,0,0,1,0
48,480235,1,1,0,0,0,2,2,347,0,12,2,2012,1,21,5,0,5,8,FM 343,,37,31.73673056,-94.90067222,0,42,0,0,1,1,0,4,2,10,0,10,0,0000000,22,34,22,49,23,33,0,0,0,1,0
48,480236,1,1,0,0,0,4,4,347,0,13,2,2012,2,17,25,0,3,3,SR-21,,381,31.51757778,-94.36547778,0,42,0,0,1,1,0,4,1,10,0,10,0,0000000,17,34,17,54,18,24,0,0,0,3,0
48,480237,3,1,2,1,2,1,2,355,0,13,2,2012,2,18,29,1,2,2,US-77,,44,27.744,-97.69716944,0,14,0,0,1,1,0,2,5,1,0,1,0,0000000,88,88,88,88,88,88,0,0,0,1,0
48,480238,1,1,0,0,0,1,1,455,0,13,2,2012,2,19,45,0,3,2,US-287,,61,31.09885278,-95.18048056,0,32,0,0,1,1,0,4,2,2,0,2,0,0000000,88,88,88,88,88,88,0,0,0,1,0
48,480239,1,1,0,1,1,1,1,201,3280,14,2,2012,3,19,50,0,16,5,PARK PLACE BLVD,COLGATE ST,0,29.68545556,-95.28166667,0,8,0,0,2,2,0,1,3,10,0,10,0,0000000,19,53,19,57,20,17,0,0,0,1,0
48,480240,2,2,0,0,0,2,2,251,120,14,2,2012,3,21,0,1,1,7,I-35,CR-319,117,32.41125,-97.22685833,0,12,6,1,2,3,0,1,2,1,0,1,0,0000000,88,88,88,88,88,88,0,0,0,1,0
48,480241,1,1,0,1,1,1,1,113,1730,20,1,2012,6,6,46,0,16,5,E UNIVERSITY BLVD,,0,32.84555278,-96.76973333,0,8,0,0,1,1,0,1,3,5,0,5,0,0000000,99,99,99,99,99,99,0,0,0,1,0
48,480242,1,1,0,0,0,1,1,201,3280,15,2,2012,4,9,5,0,16,5,FREEHILL ST,,0,29.61535278,-95.19805278,0,33,0,0,1,1,0,4,1,2,0,2,0,0000000,88,88,88,88,88,88,0,0,0,1,0
48,480243,1,1,0,1,1,1,1,337,800,15,2,2012,4,19,25,0,15,8,FM1125,,12,33.55394167,-97.84410556,0,8,0,0,1,1,0,1,2,1,0,1,0,0000000,99,99,99,99,99,99,0,0,0,1,0
48,480244,1,1,0,0,0,1,1,419,0,15,2,2012,4,22,5,1,2,2,US-59,,6,31.97548333,-94.23368056,0,59,0,0,1,1,0,3,2,5,0,5,0,0000000,88,88,88,88,88,88,0,0,0,1,0
48,480245,2,2,0,0,0,2,2,351,1894,16,2,2012,5,0,42,0,3,3,SR-12,,33,30.27642222,-93.78097222,0,12,2,0,1,1,0,1,2,5,0,5,0,0000000,99,99,99,99,99,99,0,0,0,1,0
48,480246,1,1,0,0,0,1,1,113,3420,18,2,2012,7,22,29,0,16,5,ROCHELLE RD,,0,32.84270278,-96.97014167,0,1,0,0,1,1,0,4,3,2,0,2,0,0000000,22,30,22,33,88,88,0,0,0,1,1
48,480247,1,1,0,1,1,1,1,201,3505,18,2,2012,7,20,55,1,12,2,US-290,,299,29.87408333,-95.55725278,0,8,0,0,1,1,0,1,2,10,0,10,0,0000000,88,88,88,88,88,88,0,0,0,1,0
48,480248,3,3,0,1,1,6,6,453,330,19,2,2012,1,20,27,1,12,8,SL1 MOPAC EXPY,,184,30.251075,-97.80267222,0,8,0,0,1,1,0,1,3,1,0,1,0,0000000,88,88,88,88,88,88,0,0,0,1,0
48,480249,1,1,0,1,1,1,1,27,6810,20,2,2012,2,19,14,0,14,8,FM1741,,226,31.05734444,-97.37406944,0,8,0,0,1,1,0,1,6,1,0,1,0,0000000,99,99,99,99,99,99,0,0,0,1,0
48,480250,1,1,0,0,0,1,1,201,0,20,2,2012,2,21,5,0,6,4,CR-LEMM RD NO TWO,CR-MEGAN ST,0,30.04522222,-95.41316389,0,35,0,0,3,3,0,4,2,10,0,10,0,0000000,88,88,88,88,88,88,0,0,0,1,1
48,480251,2,2,0,0,0,3,3,27,3690,21,2,2012,3,0,58,0,14,3,SR-201 CLEAR CREEK RD,,15,31.10136944,-97.80413333,0,12,6,0,8,1,0,1,2,1,0,1,0,0000000,1,2,1,7,1,24,20,0,0,1,1
48,480252,1,1,0,1,1,1,1,29,6090,29,2,2012,4,23,25,1,13,8,SL368 N AUSTIN HWY,,123,29.50245278,-98.41810833,0,8,0,0,1,1,0,1,3,1,0,1,0,0000000,23,26,23,29,23,53,0,0,0,1,0
48,480253,2,2,0,0,0,2,2,351,0,3,2,2012,6,9,50,0,4,8,FM363,,4,30.67721667,-93.86932222,0,24,0,0,1,1,0,4,1,2,0,2,0,0000000,10,4,10,20,11,30,0,0,0,1,0
48,480254,1,1,0,0,0,1,1,355,1550,3,2,2012,6,17,10,0,16,5,GOLLIHAR RD,,0,27.72959722,-97.38889444,0,30,0,0,1,1,0,4,1,10,0,10,0,0000000,88,88,88,88,88,88,0,0,0,1,0
48,480255,1,1,0,0,0,5,5,61,940,4,2,2012,7,22,3,1,12,2,US-77,,251,26.06689167,-97.57028611,0,26,0,0,1,1,0,4,2,2,0,2,0,0000000,22,4,22,15,22,32,0,0,0,1,0
48,480256,1,1,0,0,0,1,1,113,3420,4,2,2012,7,1,6,1,12,3,SR-183,,47,32.83703889,-96.97063056,0,26,0,0,1,1,1,3,3,10,0,10,0,0000000,1,7,1,14,1,40,0,0,0,1,1
48,480257,1,1,0,0,0,1,1,141,2190,4,2,2012,7,3,25,1,13,8,BU54 S GATEWAY BLVD,,157,31.93055833,-106.4254528,0,33,0,0,1,1,0,3,2,1,0,1,0,0000000,99,99,3,34,3,56,0,0,0,1,0
48,480258,1,1,0,0,0,1,1,309,0,4,2,2012,7,22,50,0,6,4,CR-MAZANEC RD,,0,31.64676111,-97.08210278,0,34,0,0,1,1,0,4,2,1,0,1,0,0000000,88,88,88,88,88,88,0,0,0,1,1
48,480259,2,2,0,0,0,4,4,491,330,4,2,2012,7,16,52,1,12,3,SR-45,,47,30.47076111,-97.79038056,0,1,0,0,1,1,0,1,1,1,0,1,0,0000000,88,88,88,88,88,88,0,0,0,1,1
48,480260,2,2,0,0,0,3,3,255,0,5,2,2012,1,6,29,1,2,2,US-181,,230,28.73908889,-97.85110833,0,12,2,0,1,1,0,1,2,2,0,2,0,0000000,99,99,6,36,7,10,0,0,0,2,0