STATE,ST_CASE,VE_TOTAL,VE_FORMS,PVH_INVL,PEDS,PERNOTMVIT,PERMVIT,PERSONS,COUNTY,CITY,DAY,MONTH,YEAR,DAY_WEEK,HOUR,MINUTE,NHS,ROAD_FNC,ROUTE,TWAY_ID,TWAY_ID2,MILEPT,LATITUDE,LONGITUD,SP_JUR,HARM_EV,MAN_COLL,RELJCT1,RELJCT2,TYP_INT,WRK_ZONE,REL_ROAD,LGT_COND,WEATHER1,WEATHER2,WEATHER,SCH_BUS,RAIL,NOT_HOUR,NOT_MIN,ARR_HOUR,ARR_MIN,HOSP_HR,HOSP_MN,CF1,CF2,CF3,FATALS,DRUNK_DR
48,480261,1,1,0,1,1,1,1,333,2700,5,2,2012,1,12,28,1,2,2,US-183 FISHER ST,,16,31.44938056,-98.56879722,0,8,0,0,1,1,0,1,1,1,0,1,0,0000000,99,99,99,99,99,99,0,0,0,1,0
48,480262,1,1,0,0,0,2,2,453,330,5,2,2012,1,2,45,0,16,5,SHOAL CREEK BLVD,,0,30.33035833,-97.74583611,0,33,0,0,1,1,0,4,3,1,0,1,0,0000000,2,45,2,53,3,24,0,0,0,1,1
48,480263,1,1,0,1,1,1,1,201,3280,6,2,2012,2,15,34,0,16,5,BELLAIRE BLVD,,0,29.70512778,-95.54064167,0,8,0,0,4,1,0,1,1,10,0,10,0,0000000,99,99,99,99,15,39,0,0,0,1,0
48,480264,2,2,0,0,0,3,3,339,1510,6,2,2012,2,16,35,1,13,8,SL336,,151,30.29741111,-95.40329722,0,12,6,0,1,1,0,1,1,1,0,1,0,0000000,16,35,16,41,17,18,0,0,0,1,0
48,480265,1,1,0,1,1,1,1,29,6090,8,2,2012,4,19,50,1,11,1,I-10,,19,29.6221,-98.60893889,0,8,0,0,1,1,0,1,2,1,0,1,0,0000000,19,54,20,0,20,32,0,0,0,1,0
48,480266,2,2,0,0,0,2,2,365,0,2,2,2012,5,8,57,0,4,8,FM959,,267,32.28865556,-94.43917222,0,12,2,0,1,1,0,1,1,1,0,1,0,0000000,99,99,99,99,99,99,0,0,0,1,0
48,480267,2,1,1,0,1,1,2,365,0,2,2,2012,5,11,40,0,4,3,SR-315,,61,32.07417778,-94.53178611,0,14,0,0,1,1,0,2,1,1,0,1,0,0000000,99,99,99,99,99,99,0,0,0,1,0
48,480268,5,5,0,0,0,6,6,491,5990,5,2,2012,1,8,40,1,13,8,RM1431 UNIVERSITY BLVD,,95,30.55655278,-97.709625,0,12,8,0,1,1,0,1,1,2,0,2,0,0000000,9,17,9,26,9,39,14,0,0,1,0
48,480269,2,2,0,0,0,5,5,85,5390,9,2,2012,5,16,31,0,16,5,PRESIDENT GEORGE BUSH TPKE,,0,32.99945556,-96.76476944,0,12,1,0,1,1,0,1,1,1,0,1,0,0000000,16,36,16,46,16,57,23,0,0,1,0
48,480270,1,1,0,1,1,1,1,493,0,10,2,2012,6,6,32,0,4,8,FM1346 LAVERNIA RD,,103,29.378275,-98.18470556,0,8,0,0,1,1,0,1,2,2,0,2,0,0000000,88,88,88,88,88,88,0,0,0,1,0
48,480271,2,2,0,0,0,2,2,201,5230,14,1,2012,7,18,51,0,16,5,SPENCER HWY,WATTERS RD,0,29.66523611,-95.17950556,0,12,2,0,2,2,0,1,3,1,0,1,0,0000000,19,22,19,32,19,48,0,0,0,1,1
48,480272,1,1,0,1,1,1,1,215,4650,13,2,2012,2,18,41,0,16,5,MOOREFIELD RD,,0,26.21403056,-98.35728889,0,8,0,0,1,1,0,1,3,10,0,10,0,0000000,18,42,18,49,19,14,0,0,0,1,0
48,480273,1,1,0,1,1,1,1,61,940,14,2,2012,3,0,3,1,13,3,SR-48 BOCA CHICA BLVD,,0,25.91546111,-97.44735556,0,8,0,0,1,1,0,2,2,10,0,10,0,0000000,0,5,0,11,0,25,0,0,0,1,1
48,480274,1,1,0,0,0,1,1,373,0,16,2,2012,5,15,10,0,6,4,CR-WALDING RD,,0,30.75875278,-95.01676944,0,42,0,0,1,1,0,4,1,10,0,10,0,0000000,15,10,15,23,15,50,0,0,0,1,0
48,480275,1,1,0,1,1,1,1,141,2190,18,2,2012,7,13,13,0,16,5,NANCY MCDONALD DR,,0,31.78190833,-106.289,0,8,0,0,4,1,0,5,1,1,0,1,0,0000000,99,99,99,99,99,99,0,0,0,1,0
48,480276,2,2,0,2,2,2,2,453,330,19,2,2012,1,19,3,0,16,5,GUADALUPE ST,,0,30.29814444,-97.74108333,0,12,1,0,1,1,0,11,3,1,0,1,0,0000000,19,5,19,7,19,24,0,0,0,1,0
48,480277,1,1,0,1,1,1,1,347,0,20,2,2012,2,18,50,0,3,3,SR-21,,333,31.54114167,-94.43984722,0,8,0,0,1,1,0,1,2,1,0,1,0,0000000,88,88,88,88,88,88,0,0,0,1,0
48,480278,2,2,0,0,0,2,2,113,1730,23,2,2012,5,1,54,1,11,7,I-35E STEMMONS FWY,,198,32.80557222,-96.83784722,0,1,0,1,5,1,0,1,2,1,0,1,0,0000000,2,1,2,7,2,23,14,0,0,1,1
48,480279,1,1,0,0,0,1,1,29,6090,24,2,2012,6,2,20,1,11,1,I-37 RAMP,,92,29.32959444,-98.41425,0,24,0,1,19,1,0,4,3,1,0,1,0,0000000,2,11,2,19,2,50,0,0,0,1,1
48,480280,1,1,0,0,0,1,1,85,4445,26,2,2012,1,17,30,1,12,2,US-75 N CENTRAL EXPY RAMP,,79,33.28363056,-96.59187222,0,44,0,1,5,1,0,8,1,1,0,1,0,0000000,17,32,17,39,18,13,0,0,0,1,0
48,480281,1,1,0,0,0,1,1,339,1510,26,2,2012,1,2,40,0,16,5,CRIGHTON RD,,0,30.27293889,-95.42506667,0,42,0,0,1,1,0,4,2,1,0,1,0,0000000,2,42,3,9,3,45,0,0,0,1,1
48,480282,2,2,0,0,0,3,3,419,0,26,2,2012,1,9,50,0,5,8,FM 2669,,3,31.94498333,-94.22021111,0,12,8,0,1,1,0,1,1,1,0,1,0,0000000,88,88,88,88,88,88,0,0,0,1,1
48,480283,2,2,0,0,0,2,2,185,4830,8,2,2012,4,17,26,0,14,8,BS 6S SL-508,,212,30.40689167,-96.099525,0,12,6,0,1,1,0,1,1,1,0,1,0,0000000,88,88,88,88,88,88,0,0,0,1,0
48,480284,1,1,0,0,0,1,1,29,6090,10,2,2012,6,21,45,1,13,8,FM 1517 ECKHERT RD,,113,29.51918333,-98.61420556,0,59,0,0,1,1,0,4,3,1,0,1,0,0000000,88,88,88,88,88,88,0,0,0,1,1
48,480285,1,1,0,1,1,1,1,355,1550,10,2,2012,6,18,37,0,16,5,MORGAN AVE,BROWNLEE BLVD,0,27.77848889,-97.407025,0,8,0,0,3,2,0,1,3,1,0,1,0,0000000,18,37,18,42,18,46,0,0,0,1,0
48,480286,2,2,0,0,0,2,2,113,3420,11,2,2012,7,6,1,1,13,8,SL 12 WALTON WALKER BLVD,,62,32.85263056,-96.90703611,0,12,1,0,1,1,1,1,2,1,0,1,0,0000000,99,99,99,99,99,99,0,0,0,1,1
48,480287,1,1,0,0,0,1,1,29,6090,12,2,2012,1,2,44,1,12,2,US-281,,201,29.49600556,-98.4841,0,1,0,0,1,1,0,1,3,1,0,1,0,0000000,88,88,88,88,88,88,0,0,0,1,1
48,480288,2,1,1,0,0,1,1,113,2800,12,2,2012,1,23,10,1,11,1,I-30,,45,32.76227222,-96.9573,0,59,0,0,1,1,1,4,3,2,0,2,0,0000000,23,13,23,31,23,49,0,0,0,1,1
48,480289,1,1,0,1,1,3,3,121,1840,14,2,2012,3,20,55,0,14,8,FM 1830 COUNTRY CLUB RD,,6,33.16815556,-97.14190833,0,15,0,0,1,1,0,1,3,1,0,1,0,0000000,20,59,21,17,21,55,0,0,0,1,0
48,480290,2,1,1,0,0,1,1,85,5390,15,2,2012,4,23,26,0,16,5,PARKWOOD BLVD,LEGACY DR,0,33.07738056,-96.81868611,0,59,0,0,2,3,0,4,3,1,0,1,0,0000000,23,30,23,46,0,2,0,0,0,1,1
48,480291,2,2,0,0,0,6,6,5,4160,16,2,2012,5,19,23,1,13,3,SR-103,,129,31.36496944,-94.75808611,0,12,1,0,1,1,0,1,2,1,0,1,0,0000000,99,99,99,99,99,99,23,0,0,1,0
48,480292,1,1,0,0,0,2,2,29,6090,18,2,2012,7,3,31,0,3,3,SR-16 PALO ALTO RD,SS-66 LONE STAR PASS,66,29.27242778,-98.57430556,0,46,0,0,3,2,0,8,3,2,0,2,0,0000000,88,88,88,88,88,88,0,0,0,1,1
48,480293,1,1,0,1,1,2,2,29,6090,18,2,2012,7,23,41,1,11,1,I-410,,324,29.50168611,-98.54822778,0,8,0,1,18,1,0,1,3,1,0,1,0,0000000,88,88,88,88,88,88,0,0,0,1,0
48,480294,3,3,0,0,0,4,4,423,7070,18,2,2012,7,13,35,1,13,3,SR-96 MINEOLA HWY,,112,32.38615833,-95.33286111,0,12,2,0,1,1,0,1,1,2,0,2,0,0000000,13,46,13,48,14,33,0,0,0,1,0
48,480295,2,2,0,0,0,7,7,493,6705,1,2,2012,4,14,35,1,2,2,US-87,,130,29.27458333,-98.05645278,0,12,6,0,8,1,0,1,1,10,0,10,0,0000000,15,36,15,54,16,20,0,0,0,1,0
48,480296,2,2,0,0,0,5,5,497,5710,1,2,2012,4,7,0,1,2,2,US-81,,175,33.03480278,-97.45208056,0,12,1,0,1,1,0,1,4,1,0,1,0,0000000,7,4,7,15,8,35,0,0,0,1,0
48,480297,1,1,0,0,0,1,1,51,0,2,2,2012,5,13,34,1,2,3,SR-36,,94,30.42410833,-96.62055833,0,39,0,0,1,1,0,4,1,2,0,2,0,0000000,13,42,13,53,14,14,0,0,0,1,0
48,480298,1,1,0,0,0,1,1,473,0,2,2,2012,5,15,14,1,1,1,I-10,,32,29.78245833,-95.985575,0,42,0,0,1,1,0,3,1,10,0,10,0,0000000,88,88,88,88,88,88,0,0,0,1,0
48,480299,2,2,0,0,0,2,2,387,0,5,2,2012,1,20,40,0,4,8,FM-44,,143,33.52904722,-94.8926,0,12,7,0,1,1,0,1,2,1,0,1,0,0000000,88,88,88,88,88,88,0,0,0,1,2
48,480300,1,1,0,0,0,1,1,53,0,6,2,2012,2,16,6,0,9,8,FM-1980,,999,30.60471111,-98.30245833,0,43,0,0,1,1,0,4,1,10,0,10,0,0000000,16,9,16,14,17,17,0,0,0,1,0
48,480302,3,3,0,0,0,4,4,257,0,8,2,2012,4,10,5,0,3,3,SR-34,,65,32.65030278,-96.26415833,0,12,6,0,1,1,0,1,1,10,0,10,0,0000000,99,99,99,99,99,99,0,0,0,1,0
48,480303,2,2,0,0,0,2,2,495,0,8,2,2012,4,17,43,0,3,3,SR-302,,111,31.85229167,-103.0689778,0,12,2,0,1,1,0,1,1,1,0,1,0,0000000,17,44,17,47,18,14,0,0,0,1,0
48,480304,1,1,0,1,1,0,0,339,0,9,2,2012,5,6,30,0,6,4,CR-MADELIN MANOR LN,,0,30.09852222,-95.39513611,0,8,0,0,1,1,0,1,3,1,0,1,0,0000000,88,88,88,88,88,88,0,0,0,1,0
48,480305,1,1,0,1,1,1,1,29,6090,10,2,2012,6,20,33,0,16,5,WESTFALL,,0,29.4028,-98.46315,0,8,0,0,1,1,0,1,2,1,0,1,0,0000000,20,42,20,55,21,17,0,0,0,1,0
48,480306,2,2,0,0,0,3,3,203,0,10,2,2012,6,10,27,0,6,4,CR-1114 MAGNOLIA RD,,0,32.44592222,-94.05375,0,12,2,0,1,1,0,1,1,1,0,1,0,0000000,99,99,99,99,99,99,0,0,0,2,0
48,480307,2,2,0,0,0,3,3,339,0,10,2,2012,6,10,30,0,6,4,CR-ROBERTS CEMETERY RD,,0,30.10666667,-95.77645833,0,12,6,0,1,1,0,1,1,2,0,2,0,0000000,99,99,10,47,11,10,0,0,0,2,0
48,480308,2,2,0,0,0,3,3,479,0,10,2,2012,6,6,6,1,2,2,US-83,,180,27.95821667,-99.51529167,0,12,2,0,1,1,0,1,2,5,0,5,0,0000000,99,99,99,99,99,99,0,0,0,1,0
48,480309,1,1,0,0,0,2,2,113,1730,12,2,2012,1,3,28,1,11,1,I-635 LBJ FWY,,13,32.88096111,-96.6927,0,1,0,0,1,1,0,4,3,1,0,1,0,0000000,3,31,3,36,4,3,0,0,0,1,1
48,480310,2,2,0,0,0,3,3,209,0,12,2,2012,1,7,53,1,2,2,US-290,,128,30.19404722,-98.03507778,0,12,2,0,1,1,0,1,1,10,0,10,0,0000000,99,99,99,99,99,99,0,0,0,2,1
48,480311,4,4,0,0,0,5,5,465,0,12,2,2012,1,6,55,1,2,2,US-90,,129,29.38989444,-100.7064917,0,12,2,0,1,1,0,1,2,3,0,3,0,0000000,7,11,7,28,8,20,0,0,0,1,0
48,480312,1,1,0,0,0,3,3,5,0,14,2,2012,3,16,40,0,6,4,CR-62A TEDWELL RD,,0,31.242775,-94.78932778,0,35,0,0,1,1,0,4,1,10,0,10,0,0000000,16,40,16,56,17,27,0,0,0,1,0
48,480313,2,2,0,0,0,6,6,491,0,14,2,2012,3,14,53,0,3,3,SR-29,,283,30.64120278,-97.57477222,0,12,1,0,8,1,0,1,1,1,0,1,0,0000000,14,53,15,6,15,38,0,0,0,2,0
48,480314,1,1,0,0,0,2,2,113,1730,15,2,2012,4,0,10,0,16,5,W RED BIRD LN,,0,32.67555556,-96.87789167,0,1,0,0,1,1,0,1,3,1,0,1,0,0000000,88,88,88,88,88,88,0,0,0,1,1
48,480315,1,1,0,0,0,2,2,271,0,15,2,2012,4,12,35,0,4,8,RM334,,77,29.37383889,-100.3206722,0,1,0,0,1,1,0,4,1,1,0,1,0,0000000,12,42,13,6,13,57,0,0,0,1,0
48,480316,1,1,0,0,0,1,1,473,0,15,2,2012,4,21,10,0,6,4,CR-MELLMAN RD,,0,30.17874444,-95.99186667,0,1,0,0,1,1,0,4,2,5,0,5,0,0000000,21,40,21,51,23,0,0,0,0,1,1
48,480317,1,1,0,0,0,1,1,217,3440,16,2,2012,5,11,14,0,4,8,FM934 W MAIN ST,,50,32.15903056,-97.15221667,0,59,0,0,1,1,0,4,1,10,0,10,0,0000000,88,88,88,88,88,88,0,0,0,1,0
48,480318,1,1,0,0,0,6,6,163,0,18,2,2012,7,10,45,0,3,2,US-57,,110,28.97220556,-99.24253333,0,21,0,1,5,1,0,4,1,10,0,10,0,0000000,99,99,99,99,99,99,0,0,0,1,0
48,480319,1,1,0,0,0,1,1,113,1730,19,2,2012,1,2,20,1,11,1,I-345,,202,32.78738333,-96.7926,0,24,0,0,5,1,0,4,3,10,0,10,0,0000000,2,26,2,31,2,47,0,0,0,1,1
48,480320,2,2,0,0,0,2,2,27,0,20,2,2012,2,17,58,1,2,2,US-190 MESQUITE AVE,,79,30.97051667,-97.268,0,12,8,0,1,1,0,1,1,1,0,1,0,0000000,88,88,88,88,88,88,0,0,0,1,1
48,480321,1,1,0,0,0,1,1,29,4015,22,2,2012,4,7,15,1,11,7,I-35,,377,29.56185278,-98.34031944,0,20,0,0,1,1,0,10,1,10,0,10,0,0000000,7,24,7,31,8,18,0,0,0,1,1
48,480322,1,1,0,0,0,1,1,193,0,22,2,2012,4,6,26,0,4,8,FM 218,,0,31.69793056,-98.21543056,0,42,0,0,1,1,0,4,2,1,0,1,0,0000000,88,88,88,88,88,88,0,0,0,1,0
48,480323,2,2,0,0,0,4,4,53,0,23,2,2012,5,16,4,0,3,3,SR-29,CR-252,47,30.74942778,-98.15183333,0,12,1,0,3,3,0,1,1,1,0,1,1,0000000,99,99,99,99,99,99,0,0,0,2,0
48,480324,1,1,0,0,0,4,4,245,0,24,2,2012,6,14,52,0,3,8,SS 93 PORT ARTHUR RD,,34,29.98650278,-94.06212778,0,30,0,0,1,1,0,4,1,1,0,1,0,0000000,14,53,15,5,15,32,0,0,0,1,0
48,480325,2,2,0,0,0,3,3,461,0,24,2,2012,6,14,35,0,3,3,SR-349,,256,31.29916389,-101.9438028,0,12,9,0,8,1,0,1,1,1,0,1,0,0000000,14,23,14,53,15,15,0,0,0,1,0
48,480326,2,2,0,0,0,3,3,91,0,25,2,2012,7,15,18,1,13,8,FM 306,,75,29.90747222,-98.20711389,0,12,6,0,1,1,0,1,1,1,0,1,0,0000000,15,35,15,50,16,17,0,0,0,1,1
48,480327,1,1,0,0,0,1,1,167,0,25,2,2012,7,0,28,0,3,3,SR-87,,106,29.49709444,-94.53101389,0,1,0,0,1,1,0,4,2,6,0,6,0,0000000,99,99,99,99,99,99,0,0,0,1,0
48,480328,1,1,0,1,1,1,1,311,0,25,2,2012,7,5,54,0,4,3,SR-72,,279,28.452375,-98.37652778,0,8,0,0,1,1,0,1,2,1,0,1,0,0000000,88,88,88,88,88,88,23,0,0,1,0
48,480329,1,1,0,0,0,1,1,347,0,25,2,2012,7,19,45,0,3,3,SR-21,,337,31.53955,-94.42861389,0,1,0,0,1,1,0,4,2,1,0,1,0,0000000,99,99,99,99,20,22,0,0,0,1,1
48,480330,1,1,0,0,0,1,1,439,502,25,2,2012,7,12,53,1,12,3,SR-183,,4,32.83757222,-97.11859722,0,20,0,0,1,1,1,4,1,1,0,1,0,0000000,12,56,13,9,13,18,0,0,0,1,0
48,480331,2,2,0,0,0,3,3,157,6568,26,2,2012,1,2,55,1,12,2,US-59,,8,29.64008889,-95.58011667,0,12,2,0,1,1,0,1,3,1,0,1,0,0000000,3,3,3,17,3,49,0,0,0,2,1
48,480332,1,1,0,0,0,2,2,201,0,26,2,2012,1,0,40,0,6,4,CR-CUNNINGHAM RD,,0,29.86114167,-95.58148056,0,30,0,0,1,1,0,4,2,10,0,10,0,0000000,0,46,0,57,1,41,0,0,0,1,1
48,480333,1,1,0,0,0,2,2,423,0,26,2,2012,1,3,36,0,6,4,CR-285 OLD OMEN RD,,0,32.24996944,-95.14951667,0,1,0,0,1,1,0,4,2,1,0,1,0,0000000,88,88,88,88,88,88,0,0,0,2,1
48,480334,2,2,0,0,0,6,6,467,0,26,2,2012,1,18,49,0,5,8,FM-3080,,53,32.37940556,-96.0023,0,12,8,0,1,1,0,1,5,1,0,1,0,0000000,18,50,19,8,20,5,0,0,0,1,1
48,480335,2,2,0,0,0,7,7,359,0,27,2,2012,2,2,57,1,1,1,I-40,,356,35.23894167,-102.4013889,0,12,2,0,1,1,0,1,2,1,0,1,0,0000000,3,5,3,32,4,28,0,0,0,2,1
48,480336,3,3,0,0,0,4,4,439,260,27,2,2012,2,9,51,1,13,8,FM-157,,166,32.71018333,-97.11471667,0,12,2,0,1,1,0,1,1,10,0,10,0,0000000,9,51,9,51,10,37,0,0,0,1,0
48,480337,1,1,0,0,0,1,1,469,0,28,2,2012,3,4,18,0,3,3,SR-185,,114,28.72277222,-96.95133889,0,32,0,0,1,1,0,4,2,5,0,5,0,0000000,88,88,88,88,88,88,0,0,0,1,0
48,480338,1,1,0,0,0,7,7,479,3899,28,2,2012,3,19,52,0,16,5,SMITH AVE,BISMARK ST,0,27.48599167,-99.46340833,0,53,0,0,3,2,0,4,3,1,0,1,0,0000000,99,99,99,99,99,99,20,0,0,1,0
48,480339,2,2,0,0,0,2,2,113,3420,29,2,2012,4,8,52,1,12,3,SR-183 RAMP,BELT LINE RD,33,32.83745833,-96.99260278,0,1,0,1,5,1,0,1,1,1,0,1,0,0000000,8,54,9,1,9,14,0,0,0,1,0
48,480340,2,2,0,0,0,3,3,201,0,29,2,2012,4,6,29,1,13,2,US-90 CROSBY FWY,LINDSTROM RD,201,29.92293056,-95.04131111,0,12,6,0,2,2,0,1,2,10,8,8,0,0000000,6,33,6,41,7,59,0,0,0,1,0
48,480341,1,1,0,1,1,2,2,265,3670,29,2,2012,4,19,3,1,12,3,SR-27,,50,29.99124167,-99.09948611,0,9,0,0,1,1,0,2,2,1,0,1,0,0000000,19,4,19,7,19,26,0,0,0,1,0
48,480342,1,1,0,0,0,1,1,73,0,1,2,2012,4,17,25,1,2,2,US-69,,334,31.69695278,-95.09443611,0,43,0,0,1,1,0,3,1,1,0,1,0,0000000,88,88,88,88,88,88,0,0,0,1,0
48,480343,1,1,0,0,0,1,1,277,0,2,2,2012,5,12,45,0,4,8,FM79,,180,33.70592778,-95.622,0,42,0,0,1,1,0,4,1,1,0,1,0,0000000,12,51,12,53,13,24,0,0,0,1,0
48,480344,2,2,0,0,0,4,4,367,0,2,2,2012,5,7,0,0,4,8,FM51,,143,32.82636944,-97.77039444,0,12,1,0,8,1,0,1,3,10,0,10,0,0000000,88,88,88,88,88,88,0,0,0,1,0
48,480345,2,2,0,0,0,3,3,309,7210,3,2,2012,6,6,38,1,13,2,US-84,,215,31.53443333,-97.1636,0,12,1,0,1,1,0,1,3,10,0,10,0,0000000,6,47,6,53,7,31,0,0,0,1,1
48,480346,1,1,0,0,0,1,1,181,0,6,2,2012,2,18,10,0,6,4,CR-GAGE RD,,0,33.67471667,-96.76926111,0,42,0,0,1,1,0,4,2,1,0,1,0,0000000,18,25,18,30,19,16,0,0,0,1,0
48,480347,1,1,0,0,0,2,2,119,0,8,2,2012,4,2,0,0,4,8,FM71,,16,33.25535556,-95.85145556,0,42,0,0,1,1,0,4,2,10,0,10,0,0000000,2,28,2,45,4,14,0,0,0,1,1
48,480348,1,1,0,0,0,1,1,201,3280,11,2,2012,7,6,0,1,11,1,I-610,,9,29.80318611,-95.44874167,0,18,0,1,18,1,1,3,4,1,0,1,0,0000000,88,88,88,88,88,88,0,0,0,1,1
48,480349,3,3,0,0,0,3,3,39,0,12,2,2012,1,16,50,0,4,8,FM521,,112,29.00828611,-95.61041111,0,12,8,0,1,1,0,1,1,10,0,10,0,0000000,15,56,16,0,16,42,0,0,0,1,0
48,480351,3,3,0,0,0,11,11,469,0,15,2,2012,4,7,31,1,12,2,US-59,HILL RD,18,28.842775,-96.90157778,0,12,6,0,2,2,0,1,1,5,0,5,0,0000000,7,28,7,33,7,57,0,0,0,1,0
48,480352,4,4,0,0,0,5,5,167,3220,16,2,2012,5,17,13,0,3,8,FM 2004,,155,29.3093,-95.10591944,0,12,6,0,1,1,0,1,1,10,0,10,0,0000000,17,20,17,28,18,12,0,0,0,1,0
48,480354,2,2,0,0,0,2,2,375,150,18,2,2012,7,0,59,1,13,2,US-60,EASTERN ST,130,35.221975,-101.7777083,0,12,1,0,3,2,0,1,3,10,0,10,0,0000000,99,99,99,99,99,99,0,0,0,1,1
48,480355,1,1,0,1,1,2,2,439,2450,18,2,2012,7,2,24,0,16,5,LAS VEGAS AVE,CALMONT AVE,0,32.735675,-97.46676111,0,8,0,0,2,2,0,1,2,2,0,2,0,0000000,88,88,88,88,88,88,0,0,0,1,1
48,480356,2,2,0,0,0,2,2,141,2190,19,2,2012,1,2,37,1,13,3,SR-20 DONIPHAN DR,MONTOYA LN,89,31.87233333,-106.5917278,0,12,2,0,2,3,0,1,6,1,0,1,0,0000000,88,88,88,88,88,88,0,0,0,2,2
48,480357,1,1,0,0,0,3,3,439,2450,19,2,2012,1,2,2,0,19,8,SS 347 BELKNAP ST,THROCKMORTON ST,99999,32.75704167,-97.33495833,0,19,0,0,3,3,0,5,3,1,0,1,0,0000000,1,5,2,9,2,47,0,0,0,1,1
48,480358,1,1,0,0,0,1,1,469,7190,26,2,2012,1,4,14,0,16,5,BEN JORDAN ST,GUADALUPE ST,0,28.80910833,-96.98263889,0,30,0,0,1,1,0,4,3,10,0,10,0,0000000,4,15,4,22,4,35,0,0,0,1,0
48,480359,1,1,0,0,0,2,2,277,0,22,2,2012,4,11,6,0,4,8,FM 906,,43,33.85359167,-95.52868056,0,24,0,0,1,1,0,4,1,1,0,1,0,0000000,11,5,11,21,12,2,0,0,0,1,0
48,480360,2,2,0,0,0,2,2,339,0,22,2,2012,4,20,39,1,2,3,SR-105,,149,30.35211111,-95.57806667,0,12,1,0,1,1,0,1,2,10,0,10,0,0000000,20,39,20,55,21,42,19,23,0,1,1
48,480361,1,1,0,1,1,4,4,157,0,25,2,2012,7,2,56,1,12,2,US-90A,,200,29.59393333,-95.74282222,0,8,0,0,1,1,0,1,2,10,0,10,0,0000000,3,3,3,21,3,45,0,0,0,1,1
48,480362,1,1,0,0,0,1,1,481,0,25,2,2012,7,18,18,0,6,4,CR-148,,0,29.37334444,-96.06736667,0,1,0,0,1,1,0,4,5,1,0,1,0,0000000,88,88,88,88,88,88,0,0,0,1,1
48,480363,1,1,0,0,0,3,3,389,0,1,2,2012,4,8,30,1,1,1,I-10,,121,31.02926667,-103.9009139,0,1,0,0,1,1,0,5,1,1,0,1,0,0000000,99,99,99,99,99,99,0,0,0,1,0
48,480364,1,1,0,0,0,6,6,215,4650,12,2,2012,1,0,26,1,12,2,US-83,,178,26.20093056,-98.32674722,0,25,0,0,1,1,1,4,3,10,0,10,0,0000000,0,39,0,49,1,2,0,0,0,1,0
48,480365,1,1,0,0,0,1,1,231,0,24,2,2012,6,8,0,0,3,8,BU 69D,,89,33.17803333,-96.13348333,0,24,0,0,1,1,0,4,1,1,0,1,0,0000000,8,8,8,32,9,7,0,0,0,1,0
48,480366,1,1,0,1,1,1,1,113,1730,20,1,2012,6,15,49,1,11,1,I-30 RL THORNTON,,106,32.79636389,-96.68835556,0,8,0,0,1,1,0,1,1,1,0,1,0,0000000,15,51,15,57,16,22,0,0,0,1,0
48,480367,1,1,0,0,0,1,1,3,0,28,2,2012,3,6,51,0,3,3,SR-115,,119,32.20539722,-102.6953889,0,1,0,0,1,1,0,4,4,1,0,1,0,0000000,88,88,88,88,88,88,0,0,0,1,0
48,480368,2,2,0,0,0,3,3,139,2240,15,2,2012,4,5,2,1,13,2,US-287,,67,32.33396389,-96.61560278,0,12,6,0,1,1,1,1,2,10,0,10,0,0000000,5,3,5,13,6,10,0,0,0,1,0
48,480369,2,2,0,0,0,3,3,339,1510,11,2,2012,7,10,11,1,13,3,SR-105,,255,30.32114167,-95.41344444,0,12,2,0,1,1,0,1,1,1,0,1,0,0000000,10,11,10,22,10,56,0,0,0,1,0
48,480370,1,1,0,0,0,3,3,309,957,3,3,2012,7,23,35,1,1,1,I-35,,35,31.32258056,-97.232375,0,25,0,0,1,1,0,4,2,1,0,1,0,0000000,88,88,88,88,88,88,0,0,0,1,1
48,480371,1,1,0,0,0,1,1,439,260,3,3,2012,7,0,11,0,16,5,SUBLETT,TWIN MAPLE DR,0,32.64501944,-97.09359444,0,30,0,0,3,2,0,4,3,1,0,1,0,0000000,88,88,88,88,88,88,0,0,0,1,0
48,480372,2,1,1,0,0,1,1,453,330,3,3,2012,7,0,52,0,16,5,RUTLAND DR,,0,30.37677222,-97.71026667,0,33,0,0,1,1,0,4,3,1,0,1,0,0000000,0,53,0,59,1,21,0,0,0,1,1
48,480373,1,1,0,0,0,1,1,113,3420,4,3,2012,1,15,11,0,16,5,CROSS TIMBERS DR,SKYVIEW DR,0,32.79921389,-96.98544722,0,1,0,0,1,1,0,1,1,10,0,10,0,0000000,15,12,15,14,15,42,0,0,0,1,1
48,480374,1,1,0,1,1,3,3,199,0,4,3,2012,1,10,35,1,2,3,SR-105,,32,30.13901944,-94.35868611,0,9,0,0,1,1,0,2,1,1,0,1,0,0000000,99,99,99,99,99,99,0,0,0,1,0
48,480375,2,2,0,0,0,2,2,113,2800,4,3,2012,1,17,48,1,13,3,SR-180,23RD ST,0,32.73974722,-97.03561389,0,12,6,0,2,2,0,1,5,1,0,1,0,0000000,88,88,88,88,88,88,0,0,0,1,0
48,480376,1,1,0,1,1,1,1,469,7190,4,3,2012,1,0,2,1,13,2,US-77 RAMP,,2,28.86381111,-97.00044167,0,8,0,1,5,1,0,1,3,10,0,10,0,0000000,0,37,0,37,0,48,0,0,0,1,0
48,480377,3,3,0,0,0,2,2,29,6090,5,3,2012,2,12,30,1,11,1,I-410,,324,29.43723889,-98.39033333,0,12,1,1,18,1,0,1,1,1,0,1,0,0000000,12,30,12,43,13,15,0,0,0,1,0