STATE,ST_CASE,VE_TOTAL,VE_FORMS,PVH_INVL,PEDS,PERNOTMVIT,PERMVIT,PERSONS,COUNTY,CITY,DAY,MONTH,YEAR,DAY_WEEK,HOUR,MINUTE,NHS,ROAD_FNC,ROUTE,TWAY_ID,TWAY_ID2,MILEPT,LATITUDE,LONGITUD,SP_JUR,HARM_EV,MAN_COLL,RELJCT1,RELJCT2,TYP_INT,WRK_ZONE,REL_ROAD,LGT_COND,WEATHER1,WEATHER2,WEATHER,SCH_BUS,RAIL,NOT_HOUR,NOT_MIN,ARR_HOUR,ARR_MIN,HOSP_HR,HOSP_MN,CF1,CF2,CF3,FATALS,DRUNK_DR
48,480378,2,2,0,0,0,2,2,355,1550,5,3,2012,2,12,17,1,2,8,FM-624,CR-73,132,27.85966389,-97.67566667,0,12,6,0,2,2,0,1,1,1,0,1,0,0000000,12,17,12,21,12,50,0,0,0,1,0
48,480379,1,1,0,0,0,1,1,407,0,5,3,2012,2,1,34,1,2,3,SR-105,,3,30.326775,-95.22048333,0,32,0,0,1,1,0,4,2,1,0,1,0,0000000,88,88,88,88,88,88,0,0,0,1,1
48,480380,2,2,0,0,0,3,3,439,2850,5,3,2012,2,17,45,0,16,5,HANOVER DR,,0,32.92685278,-97.07042778,0,1,0,0,8,1,0,1,1,1,0,1,0,0000000,88,88,88,88,88,88,0,0,0,1,0
48,480381,2,2,0,0,0,2,2,339,1510,5,3,2012,2,14,47,1,11,1,I-45,,173,30.35391944,-95.48391389,0,1,0,0,5,1,1,1,1,1,0,1,0,0000000,99,99,99,99,99,99,0,0,0,1,0
48,480382,2,2,0,0,0,2,2,233,0,6,3,2012,3,10,47,0,3,3,SR-136,,221,35.78009722,-101.4261417,0,12,6,0,1,1,0,2,1,1,0,1,0,0000000,88,88,88,88,88,88,0,0,0,1,0
48,480383,1,1,0,1,1,1,1,497,0,6,3,2012,3,18,47,0,4,8,FM51,,356,33.01635,-97.67269167,0,8,0,0,1,1,0,1,5,1,0,1,0,0000000,18,49,18,59,19,49,0,0,0,1,0
48,480384,1,1,0,0,0,2,2,205,0,7,3,2012,4,19,34,1,2,2,US-84,,77,35.91688056,-102.7047917,0,1,0,0,1,1,0,1,2,1,0,1,0,0000000,99,99,99,99,99,99,0,0,0,2,0
48,480385,1,1,0,0,0,3,3,245,0,7,3,2012,4,2,38,0,4,3,SR-124,,6,29.91516111,-94.25859444,0,35,0,0,1,1,0,4,2,1,0,1,0,0000000,88,88,88,88,88,88,0,0,0,3,1
48,480386,1,1,0,1,1,1,1,423,7070,7,3,2012,4,20,21,1,13,3,SR-110,,40,32.29489167,-95.26085833,0,9,0,0,1,1,0,1,3,2,0,2,0,0000000,20,24,20,30,20,51,0,0,0,1,0
48,480387,1,1,0,0,0,1,1,61,3030,10,3,2012,7,1,59,1,12,2,US-83,S BRAZIL RD,90,26.18736944,-97.72605,0,42,0,0,5,1,0,10,3,2,0,2,0,0000000,88,88,88,88,88,88,0,0,0,1,0
48,480388,2,2,0,0,0,12,12,121,2395,10,3,2012,7,16,58,1,13,2,US-377,,89,33.05007778,-97.20413056,0,12,9,0,1,1,0,1,5,2,0,2,0,0000000,17,9,17,16,17,59,0,0,0,1,0
48,480389,1,1,0,0,0,1,1,453,330,11,3,2012,1,21,57,0,16,5,ADELPHI LN,,0,30.42482222,-97.72409722,0,42,0,0,1,1,0,4,3,1,0,1,0,0000000,88,88,88,88,88,88,0,0,0,1,1
48,480390,1,1,0,1,1,4,4,201,480,15,3,2012,5,13,42,0,16,5,WOODFORD ST,SANFORD ST,0,29.81985278,-94.98592222,0,8,0,0,4,1,0,1,1,1,0,1,0,0000000,13,43,13,47,14,32,0,0,0,1,0
48,480391,1,1,0,0,0,2,2,29,6090,18,3,2012,1,2,32,1,12,2,US-90,,10,29.39839444,-98.64535556,0,24,0,0,1,1,0,3,3,1,0,1,0,0000000,88,88,88,88,88,88,0,0,0,2,1
48,480392,1,1,0,0,0,2,2,29,6090,22,2,2012,4,7,55,0,16,5,BABCOCK RD,,0,29.51058611,-98.59127222,0,42,0,0,1,1,0,5,1,10,0,10,0,0000000,7,57,8,7,8,27,0,0,0,1,0
48,480393,2,2,0,0,0,2,2,29,6090,22,2,2012,4,17,25,0,16,5,JUDSON RD,,0,29.56134167,-98.36130278,0,12,6,0,8,1,0,1,1,1,0,1,0,0000000,88,88,88,88,88,88,0,0,0,1,0
48,480394,5,5,0,0,0,5,5,201,3280,1,2,2012,4,15,5,1,12,2,US-290 NORTHWEST FWY,,376,29.80935833,-95.458,0,12,2,1,17,1,0,1,1,1,0,1,0,0000000,15,9,15,19,15,47,14,0,0,1,0
48,480395,2,2,0,0,0,2,2,209,6170,1,2,2012,4,16,14,0,14,8,FM 2439 HOPKINS ST,NORTH ST,0,29.88255,-97.94551111,0,12,2,0,2,2,0,1,1,1,0,1,0,0000000,99,99,99,99,99,99,0,0,0,1,0
48,480396,1,1,0,1,1,3,3,201,0,2,2,2012,5,18,30,0,6,4,CR-MASON RD,,0,29.77917778,-95.75191111,0,8,0,0,1,1,0,1,3,10,0,10,0,0000000,88,88,88,88,88,88,0,0,0,1,0
48,480397,1,1,0,1,1,2,2,85,92,5,2,2012,1,23,0,1,12,3,SR-121 SAM RAYBURN TOLLWAY,,163,33.12788333,-96.72443333,0,8,0,0,1,1,0,1,2,1,0,1,0,0000000,22,56,23,4,23,29,0,0,0,1,0
48,480398,1,1,0,0,0,1,1,201,0,15,2,2012,4,19,45,0,6,4,CR-CEDAR BAYOU LYNCHBURG RD,,0,29.78599444,-95.02627222,0,34,0,0,1,1,0,4,2,10,0,10,0,0000000,88,88,88,88,88,88,0,0,0,1,1
48,480399,2,2,0,0,0,2,2,29,6090,16,2,2012,5,17,38,0,4,7,SL 1604 CHARLES W ANDERSON LP,,41,29.60126389,-98.54953889,0,12,1,0,1,1,0,1,1,1,0,1,0,0000000,88,88,88,88,88,88,0,0,0,1,1
48,480400,2,2,0,0,0,3,3,133,0,18,2,2012,7,18,6,1,1,1,I-20,,180,32.38451389,-98.80375833,0,12,6,0,1,1,0,2,1,2,0,2,0,0000000,18,5,18,12,18,50,0,0,0,1,0
48,480401,2,2,0,0,0,4,4,201,0,18,2,2012,7,19,0,0,6,4,CR-ALIEF CLODINE RD,CR-SUGARLAND HOWELL RD,0,29.7115,-95.63455278,0,12,6,0,2,3,0,1,3,2,0,2,0,0000000,99,99,19,10,19,58,0,0,0,1,0
48,480402,1,1,0,0,0,1,1,475,0,18,2,2012,7,2,20,0,4,3,SR-18,FM1233,140,31.517775,-102.8962361,0,24,0,0,3,3,0,4,2,2,0,2,0,0000000,2,29,2,34,2,49,0,0,0,1,0
48,480403,2,2,0,0,0,6,6,183,0,19,2,2012,1,3,12,1,11,1,I-20,,74,32.43286944,-94.85751667,0,12,7,0,1,1,0,1,3,1,0,1,0,0000000,99,99,99,99,99,99,0,0,0,3,1
48,480404,2,2,0,0,0,3,3,249,0,20,2,2012,2,19,42,0,4,8,BU281,,219,27.77614444,-98.08299167,0,12,1,0,1,1,0,1,3,10,0,10,0,0000000,88,88,88,88,88,88,0,0,0,1,0
48,480405,4,4,0,0,0,4,4,339,0,20,2,2012,2,14,31,0,3,8,FM1314,CR-RIVERWALK DR,182,30.11863889,-95.27264167,0,12,1,0,3,2,0,1,1,1,0,1,0,0000000,14,42,14,49,15,31,0,0,0,1,0
48,480406,1,1,0,0,0,1,1,3,0,21,2,2012,3,19,52,0,6,4,CR-3000,,0,32.28958611,-102.4674194,0,1,0,0,1,1,0,4,2,1,0,1,0,0000000,88,88,88,88,88,88,0,0,0,1,1
48,480407,1,1,0,1,1,1,1,215,7330,21,2,2012,3,19,32,1,13,8,BU83S,,120,26.16025556,-97.99469167,0,8,0,0,1,1,0,1,3,10,0,10,0,0000000,88,88,88,88,88,88,0,0,0,1,0
48,480408,1,1,0,0,0,10,10,71,0,23,2,2012,5,4,33,1,1,1,I-10,,64,29.83834444,-94.60570833,0,1,0,0,1,1,0,1,2,1,0,1,0,0000000,4,47,5,8,5,54,0,0,0,1,0
48,480409,1,1,0,0,0,1,1,215,4650,24,2,2012,6,14,4,1,13,8,BU83S,,7,26.21545,-98.33976111,0,42,0,0,1,1,0,4,1,10,0,10,0,0000000,99,99,14,13,14,36,0,0,0,1,0
48,480410,1,1,0,0,0,1,1,217,0,24,2,2012,6,9,15,1,1,1,I-35W,,295,32.24294444,-97.15836389,0,35,0,0,1,1,0,3,1,1,0,1,0,0000000,99,99,99,99,99,99,0,0,0,1,0
48,480411,1,1,0,0,0,1,1,63,0,25,2,2012,7,23,30,0,6,4,CR-3042,,0,32.98375278,-95.04698333,0,1,0,0,1,1,0,4,2,1,0,1,0,0000000,88,88,88,88,88,88,0,0,0,1,1
48,480412,1,1,0,1,1,1,1,113,1730,25,2,2012,7,21,11,0,16,5,LEDBETTER DR,,0,32.69786944,-96.76516944,0,15,0,0,1,1,0,1,2,1,0,1,0,0000000,21,12,21,15,21,46,0,0,0,1,0
48,480413,1,1,0,0,0,6,6,459,0,25,2,2012,7,21,47,0,3,2,US-80,,66,32.5732,-95.06023056,0,1,0,0,1,1,0,4,2,1,0,1,0,0000000,21,51,21,55,22,55,0,0,0,1,0
48,480414,2,2,0,0,0,2,2,493,0,25,2,2012,7,12,35,1,2,2,US-181,FM-775,32,29.22991111,-98.24611667,0,12,6,0,2,2,0,1,1,10,0,10,0,0000000,88,88,88,88,88,88,0,0,0,1,0
48,480415,1,1,0,0,0,1,1,203,0,26,2,2012,1,11,15,0,4,8,FM-1997,,36,32.65948056,-94.39589444,0,38,0,0,1,1,0,4,1,1,0,1,0,0000000,88,88,88,88,88,88,0,0,0,1,0
48,480416,1,1,0,0,0,1,1,25,0,28,2,2012,3,17,19,0,5,8,FM 1465,,39,28.56507222,-97.80368889,0,1,0,0,1,1,0,4,1,1,0,1,0,0000000,88,88,88,88,88,88,0,0,0,1,0
48,480417,2,2,0,0,0,2,2,39,0,28,2,2012,3,6,30,0,3,8,SL-419,,566,29.07656944,-95.76119444,0,12,6,0,8,1,0,1,4,5,0,5,0,0000000,88,88,88,88,88,88,0,0,0,1,0
48,480418,1,1,0,0,0,1,1,289,0,28,2,2012,3,7,15,1,2,2,US-79,,32,31.30424722,-96.21845833,0,24,0,0,1,1,0,4,1,10,0,10,0,0000000,99,99,99,99,99,99,0,0,0,1,0
48,480419,3,3,0,0,0,5,5,27,0,29,2,2012,4,17,5,0,3,3,SR-36,,56,31.21303333,-97.45519167,0,12,6,0,8,1,0,1,1,1,0,1,0,0000000,17,6,17,25,17,44,0,0,0,1,0
48,480420,1,1,0,0,0,1,1,201,0,2,2,2012,5,22,30,0,6,5,STUEBNER AIRLINE RD,,0,30.01721389,-95.51975,0,33,0,0,1,1,0,3,3,10,0,10,0,0000000,22,33,22,33,23,39,0,0,0,1,1
48,480421,1,1,0,1,1,1,1,225,2840,25,2,2012,7,20,58,0,3,2,US-287,,252,31.50491389,-95.475675,0,8,0,0,1,1,0,1,2,1,0,1,0,0000000,20,55,20,58,88,88,0,0,0,1,0
48,480422,1,1,0,0,0,3,3,373,0,2,2,2012,5,17,39,0,4,8,FM 350,,55,30.90486944,-94.910975,0,38,0,0,1,1,0,4,1,10,0,10,0,0000000,99,99,99,99,99,99,0,0,0,1,0
48,480423,4,4,0,0,0,7,7,473,910,2,2,2012,5,15,59,1,1,1,I-10 KATY FWY,,47,29.77893333,-95.96040278,0,12,1,0,1,1,0,1,1,10,0,10,0,0000000,99,99,99,99,99,99,0,0,0,1,0
48,480424,1,1,0,1,1,2,2,113,1730,9,2,2012,5,7,17,0,16,5,FOURAKER ST,,0,32.75016944,-96.83635833,0,8,0,0,1,1,0,1,1,1,0,1,0,0000000,7,21,7,25,7,37,0,0,0,1,0
48,480425,2,2,0,0,0,2,2,339,3280,14,2,2012,3,22,55,1,12,2,US-59 EASTEX FWY,,170,30.06635556,-95.24786667,0,12,1,0,1,1,0,1,3,10,0,10,0,0000000,23,2,23,9,0,0,0,0,0,1,0
48,480426,2,2,0,0,0,2,2,39,3388,15,2,2012,4,8,13,1,2,3,SR-288,CR-57,107,29.45236944,-95.42447778,0,12,6,0,2,2,0,1,4,1,0,1,0,0000000,88,88,88,88,88,88,0,0,0,1,0
48,480427,1,1,0,0,0,2,2,113,1730,18,2,2012,7,16,37,1,13,8,SS 482 STOREY LN,,101,32.85433611,-96.88524167,0,24,0,1,18,1,0,4,1,2,0,2,0,0000000,16,49,16,50,17,12,0,0,0,1,1
48,480428,2,2,0,0,0,2,2,113,1730,20,2,2012,2,6,0,1,12,8,SL 12 WALTON WALKER FWY,,177,32.72338611,-96.91700278,0,12,1,0,5,1,0,1,3,1,0,1,0,0000000,99,99,99,99,99,99,0,0,0,1,0
48,480429,1,1,0,0,0,1,1,113,1730,21,2,2012,3,13,54,1,11,1,I-30 RL THORNTON FWY,,32,32.78071944,-96.78315278,0,24,0,1,5,1,0,4,1,1,0,1,0,0000000,88,88,88,88,88,88,0,0,0,1,0
48,480430,1,1,0,0,0,2,2,37,0,25,2,2012,7,16,10,0,3,2,US-67,FINCHER DR,72,33.33406944,-94.34175,0,1,0,0,6,1,0,1,1,1,0,1,0,789598K,88,88,88,88,88,88,0,0,0,1,0
48,480431,2,2,0,0,0,2,2,37,0,25,2,2012,7,3,10,1,2,2,US-82,,83,33.48119167,-94.49807778,0,12,2,0,1,1,0,1,2,1,0,1,0,0000000,3,14,3,20,4,51,0,0,0,2,0
48,480432,2,2,0,0,0,3,3,439,2450,27,2,2012,2,2,15,1,12,2,US-287,,219,32.74170833,-97.30283611,0,12,2,0,1,1,0,1,2,1,0,1,0,0000000,2,15,2,22,3,0,0,0,0,2,1
48,480433,3,3,0,0,0,3,3,283,0,28,2,2012,3,5,13,0,5,8,FM-469,,128,28.55828333,-99.15723333,0,12,8,0,1,1,0,1,2,2,0,2,0,0000000,88,88,88,88,88,88,0,0,0,2,0
48,480434,2,2,0,0,0,2,2,67,0,29,2,2012,4,18,1,0,3,3,SR-8,FM 995,96,33.12314444,-94.37098056,0,12,6,0,2,2,0,1,1,1,0,1,0,0000000,18,6,18,20,99,99,0,0,0,1,0
48,480435,2,2,0,1,1,5,5,215,0,12,2,2012,1,19,35,1,13,8,BU 83,,203,26.15177222,-97.86199444,0,9,0,0,1,1,0,1,2,2,0,2,0,0000000,88,88,88,88,88,88,0,0,0,1,0
48,480436,2,2,0,0,0,2,2,495,0,13,2,2012,2,20,50,0,3,3,SR-302,,129,31.86054444,-103.0387583,0,12,6,0,1,1,0,1,2,1,0,1,0,0000000,88,88,88,88,88,88,0,0,0,2,1
48,480437,2,2,0,0,0,2,2,245,5430,20,2,2012,2,18,33,1,13,8,FM 365,,146,29.91915278,-94.01959167,0,12,2,0,1,1,0,1,2,1,0,1,0,0000000,18,33,18,38,19,3,0,0,0,1,1
48,480438,2,2,0,0,0,6,6,59,0,24,2,2012,6,18,14,0,3,3,SR-36,CR-459,247,32.1719,-99.28121944,0,12,6,0,2,3,0,1,1,1,0,1,0,0000000,18,14,18,28,19,20,0,0,0,1,0
48,480439,2,2,0,0,0,2,2,453,0,27,2,2012,2,23,30,1,2,3,SR-71,,109,30.317725,-98.00268889,0,12,6,0,1,1,0,1,2,2,0,2,0,0000000,23,46,0,1,0,36,0,0,0,1,0
48,480440,2,2,0,0,0,2,2,83,0,28,2,2012,3,19,30,1,2,2,US-67,,249,31.73452222,-99.26835,0,12,6,0,1,1,0,1,2,1,0,1,0,0000000,19,32,20,36,21,17,0,0,0,1,0
48,480441,2,2,0,0,0,4,4,481,3323,14,2,2012,3,10,20,0,4,3,SR-60,FM1161 E WALNUT ST,314,29.39429167,-96.08001944,0,12,11,0,2,2,0,1,1,10,0,10,0,0000000,10,20,10,26,11,1,0,0,0,1,0
48,480442,2,2,0,0,0,8,8,41,1440,18,2,2012,7,2,38,0,16,5,TEXAS AVE S,HOLLEMAN DRIVE E,0,30.61274444,-96.31596944,0,12,6,0,2,2,0,1,3,2,0,2,0,0000000,2,38,2,44,3,11,0,0,0,2,1
48,480443,3,3,0,0,0,3,3,201,0,23,2,2012,5,20,14,0,4,8,FM1942,,58,29.85164167,-94.99502222,0,12,2,0,1,1,0,1,2,1,0,1,0,0000000,20,15,20,21,20,53,0,0,0,1,1
48,480444,2,2,0,0,0,2,2,157,0,24,2,2012,6,22,0,0,4,8,FM359,,203,29.6293,-95.7846,0,12,2,0,1,1,0,11,2,1,0,1,0,0000000,22,4,22,14,23,6,0,0,0,1,1
48,480445,1,1,0,1,1,1,1,375,150,24,2,2012,6,19,30,0,16,5,MARTIN RD,DALE ST,0,35.22564722,-101.8121083,0,8,0,0,2,2,0,1,3,1,0,1,0,0000000,99,99,99,99,99,99,0,0,0,1,0
48,480446,2,2,0,0,0,2,2,3,0,27,2,2012,2,6,30,1,2,2,US-385,CR-1900,167,32.28991111,-102.5369056,0,12,6,0,2,3,0,1,2,10,0,10,0,0000000,88,88,88,88,88,88,0,0,0,1,1
48,480447,1,1,0,1,1,1,1,355,1550,16,2,2012,5,21,20,0,16,5,N BROWNLEE BLVD,,0,27.79135278,-97.40852778,0,9,0,0,1,1,0,1,3,10,0,10,0,0000000,88,88,88,88,88,88,0,0,0,1,0
48,480448,2,2,0,0,0,2,2,255,0,1,3,2012,5,6,10,0,4,3,SR-239,,6,28.8179,-97.81533056,0,12,6,0,8,1,0,1,4,5,10,5,0,0000000,88,88,88,88,88,88,0,0,0,1,0
48,480449,3,3,0,1,1,3,3,37,0,2,3,2012,6,17,55,1,1,1,I-30,,274,33.47401667,-94.29361667,0,12,1,0,1,1,1,1,1,1,0,1,0,0000000,99,99,99,99,99,99,19,23,0,1,0
48,480450,2,2,0,0,0,5,5,113,1730,3,3,2012,7,12,49,1,11,7,I-35,LEDBETTER DR,94,32.687075,-96.82328056,0,12,6,1,2,2,0,1,1,1,0,1,0,0000000,12,50,12,57,13,15,0,0,0,1,0
48,480451,3,3,0,0,0,9,9,401,0,3,3,2012,7,19,58,1,2,2,US-79,CR-414,72,32.08016667,-94.89283889,0,12,1,0,3,3,0,1,2,1,0,1,0,0000000,19,58,20,5,20,43,0,0,0,1,0
48,480452,2,2,0,0,0,2,2,113,1730,4,3,2012,1,3,35,0,16,5,ILLINOIS AVE,,0,32.72030556,-96.83189167,0,12,1,0,1,1,0,1,3,1,0,1,0,0000000,3,34,3,38,4,0,19,0,0,1,0
48,480453,1,1,0,0,0,2,2,361,7200,8,3,2012,5,22,53,0,16,5,ORANGE ST,,0,30.12373889,-94.00277222,0,42,0,0,1,1,0,4,2,10,0,10,0,0000000,88,88,88,88,88,88,0,0,0,2,0
48,480454,2,2,0,0,0,2,2,493,0,8,3,2012,5,6,4,1,2,2,US-87,,98,29.30975,-98.08528889,0,12,6,0,1,1,0,1,2,10,0,10,0,0000000,88,88,88,88,88,88,0,0,0,1,0
48,480455,2,2,0,0,0,3,3,173,0,9,3,2012,6,13,30,0,4,3,SR-137,SR-158,117,31.88897222,-101.7098056,0,12,6,0,2,2,0,1,1,2,0,2,0,0000000,99,99,99,99,99,99,0,0,0,1,0
48,480456,4,2,2,0,2,2,4,201,0,9,3,2012,6,15,12,0,6,4,CR-WILLOW RIVER CR,,0,29.89538889,-95.64053889,0,14,0,0,1,1,0,7,1,2,0,2,0,0000000,15,14,15,19,15,50,14,0,0,1,0
48,480457,1,1,0,0,0,2,2,245,0,9,3,2012,6,8,40,1,2,3,SR-73,,148,29.84734444,-94.13906111,0,1,0,0,1,1,0,3,1,2,0,2,0,0000000,8,47,9,3,9,58,19,0,0,1,0
48,480458,1,1,0,0,0,1,1,45,0,10,3,2012,7,13,14,0,4,3,SR-207,,152,34.53260278,-101.4206361,0,31,0,0,1,1,0,4,1,2,0,2,0,0000000,99,99,99,99,99,99,0,0,0,1,0
48,480459,1,1,0,0,0,1,1,265,3670,10,3,2012,7,12,14,1,13,3,SR-27,,61,29.97565278,-99.09103333,0,11,0,0,1,1,0,1,1,2,0,2,0,0000000,12,15,12,26,13,2,0,0,0,1,0
48,480460,1,1,0,0,0,3,3,497,1780,10,3,2012,7,13,30,1,13,2,US-81,,177,33.23776944,-97.59783889,0,59,0,0,1,1,0,3,1,2,0,2,0,0000000,13,37,13,39,14,2,0,0,0,1,0
48,480461,2,2,0,0,0,8,8,141,0,11,3,2012,1,4,34,0,6,4,CR-MARVIN LN,CR-BUNTLINE DR,0,31.81295,-106.1727111,0,12,6,0,2,2,0,1,2,1,0,1,0,0000000,88,88,88,88,88,88,0,0,0,1,1
48,480462,2,2,0,0,0,2,2,201,0,11,3,2012,1,19,53,0,4,8,FM 1485,,0,30.14519722,-95.12539167,0,12,2,0,1,1,0,1,2,10,0,10,0,0000000,19,58,20,6,20,50,0,0,0,1,0
48,480463,2,2,0,0,0,4,4,461,0,12,3,2012,2,15,30,0,3,3,SR-349,,289,31.36848333,-101.9412667,0,12,2,0,1,1,0,1,1,1,0,1,0,0000000,15,5,15,18,16,25,0,0,0,1,0
48,480464,1,1,0,0,0,1,1,507,0,12,3,2012,2,15,59,0,4,8,FM 140,,86,29.04639444,-99.43156944,0,1,0,0,1,1,0,4,1,1,0,1,0,0000000,88,88,88,88,88,88,0,0,0,1,0
48,480465,3,3,0,0,0,3,3,201,0,13,3,2012,3,5,30,0,14,8,FM 2920,SPRING WEST DR,190,30.07037778,-95.44602222,0,12,1,0,3,2,0,1,2,1,0,1,0,0000000,5,33,5,37,6,56,0,0,0,1,0
48,480466,1,1,0,1,1,2,2,1,5170,14,3,2012,4,20,54,0,19,8,SL 256,,99999,31.73475278,-95.62935278,0,8,0,0,1,1,0,1,2,10,0,10,0,0000000,20,54,20,56,21,1,0,0,0,1,0
48,480467,2,2,0,0,0,2,2,157,6660,14,3,2012,4,10,40,1,12,8,UA 90,,264,29.61614722,-95.64375278,0,12,6,0,7,1,0,1,1,1,0,1,0,0000000,10,40,10,51,11,12,0,0,0,1,0
48,480468,1,1,0,1,1,2,2,201,0,14,3,2012,4,20,25,1,12,7,SL 8 SAM HOUSTON PKWY,,103,29.644975,-95.15796389,0,8,0,0,1,1,0,1,2,10,0,10,0,0000000,20,27,20,31,20,58,0,0,0,1,0
48,480469,2,2,0,0,0,2,2,293,0,14,3,2012,4,6,8,0,4,3,SR-164,,122,31.53114167,-96.62239722,0,12,11,0,1,1,0,1,2,1,0,1,0,0000000,88,88,88,88,88,88,19,23,0,1,0
48,480470,3,3,0,0,0,4,4,113,3420,15,3,2012,5,15,47,1,12,3,SR-114,,131,32.90333333,-96.98789167,0,57,0,0,1,1,0,3,1,1,0,1,0,0000000,15,49,15,57,16,25,14,0,0,1,0
48,480471,2,2,0,0,0,3,3,201,0,15,3,2012,5,12,47,0,14,8,FM 525 ALDINE BENDER RD,CR-SEQUOIA BEND RD,60,29.93042222,-95.31471944,0,12,6,0,2,3,0,1,1,1,0,1,0,0000000,12,51,13,5,13,25,0,0,0,1,0
48,480472,1,1,0,0,0,4,4,319,0,15,3,2012,5,16,35,0,4,3,SR-29,,119,30.78928611,-99.32284444,0,1,0,0,1,1,0,4,1,1,0,1,0,0000000,16,40,17,23,18,19,0,0,0,1,0
48,480473,2,2,0,0,0,2,2,321,5160,15,3,2012,5,7,7,1,13,3,SR-36,HORNET RD,435,28.71390833,-96.23803333,0,12,6,0,2,3,0,1,3,1,0,1,0,0000000,88,88,88,88,88,88,0,0,0,1,0
48,480474,2,2,0,1,1,2,2,439,260,15,3,2012,5,20,26,1,13,8,FM 157 COOPER ST,LOVERS LN,164,32.71395278,-97.11465833,0,8,0,0,2,2,0,1,2,1,0,1,0,0000000,88,88,88,88,88,88,0,0,0,1,0
48,480475,1,1,0,0,0,1,1,479,3899,15,3,2012,5,3,15,0,16,5,MICHIGAN AVE,,0,27.57374444,-99.49745,0,33,0,0,1,1,0,4,3,1,0,1,0,0000000,3,15,3,21,3,33,0,0,0,1,0
48,480476,2,2,0,0,0,3,3,29,6090,16,3,2012,6,21,20,1,13,2,US-87 RIGSBY AVE,,34,29.39831667,-98.38746944,0,12,1,0,8,1,0,1,3,1,0,1,0,0000000,20,51,21,4,21,32,0,0,0,1,0
48,480477,2,2,0,0,0,2,2,113,2800,16,3,2012,6,11,25,0,19,7,SR-161,DICKEY RD,99999,32.7288,-97.01921111,0,12,6,1,2,2,1,1,1,1,0,1,0,0000000,11,26,11,31,12,19,0,0,0,1,0
48,480478,2,1,1,0,0,1,1,141,2190,16,3,2012,6,12,38,0,16,5,WILCOX DR,,0,31.75781944,-106.3673083,0,39,0,0,1,1,0,5,1,1,0,1,0,0000000,88,88,88,88,88,88,0,0,0,1,0
48,480480,1,1,0,0,0,2,2,439,502,16,3,2012,6,21,8,1,12,3,SR-121,,147,32.83933333,-97.12057778,0,20,0,1,19,1,1,8,1,1,0,1,0,0000000,99,99,99,99,99,99,0,0,0,1,0
48,480481,1,1,0,1,1,1,1,157,3280,17,3,2012,7,4,14,0,16,5,BELLFORT ST,,0,29.66133611,-95.60855,0,8,0,0,1,1,0,1,3,1,0,1,0,0000000,88,88,88,88,88,88,0,0,0,1,1
48,480482,1,1,0,0,0,1,1,167,2570,17,3,2012,7,3,0,0,16,5,STEWART RD,68TH ST,0,29.27241111,-94.83810556,0,1,0,0,2,4,0,4,3,1,0,1,0,0000000,88,88,88,88,88,88,0,0,0,1,0
48,480483,1,1,0,3,3,1,1,201,3280,17,3,2012,7,22,50,0,16,5,HARWIN,,0,29.71738333,-95.54587222,0,8,0,0,1,1,0,5,3,1,0,1,0,0000000,22,58,23,4,23,28,0,0,0,1,1
48,480484,1,1,0,0,0,1,1,297,0,17,3,2012,7,7,47,0,6,4,CR-144,,0,28.23923889,-98.27105833,0,1,0,0,1,1,0,1,9,99,0,99,0,0000000,88,88,88,88,88,88,0,0,0,1,1
48,480485,1,1,0,2,2,1,1,381,0,17,3,2012,7,1,45,1,1,7,I-27,,53,35.07080556,-101.9188111,0,8,0,0,1,1,0,1,2,1,0,1,0,0000000,99,99,99,99,99,99,0,0,0,1,0
48,480486,2,2,0,0,0,3,3,113,1730,18,3,2012,1,6,17,1,11,1,I-20,,184,32.65563333,-96.74852222,0,12,2,0,1,1,0,1,2,1,0,1,0,0000000,6,18,6,28,6,57,0,0,0,1,1
48,480487,1,1,0,0,0,1,1,201,0,18,3,2012,1,6,5,0,6,5,AIRLINE DR,,0,29.897,-95.39853333,0,33,0,0,1,1,0,4,2,1,0,1,0,0000000,88,88,88,88,88,88,0,0,0,1,1
48,480488,1,1,0,1,1,3,3,201,0,18,3,2012,1,22,5,1,12,3,SR-249,,215,29.89780278,-95.44255278,0,8,0,0,1,1,0,1,2,10,0,10,0,0000000,88,88,88,88,88,88,0,0,0,1,0
48,480489,1,1,0,0,0,1,1,201,3280,18,3,2012,1,11,20,0,16,5,ALLEN PKWY,,0,29.76108333,-95.38745278,0,42,0,0,1,1,0,4,1,10,0,10,0,0000000,11,20,11,24,11,47,0,0,0,1,0
48,480490,1,1,0,0,0,2,2,379,0,18,3,2012,1,1,17,0,4,8,FM-2795,,11,32.89749722,-95.79736944,0,1,0,0,1,1,0,4,2,10,0,10,0,0000000,88,88,88,88,88,88,0,0,0,1,1
48,480491,1,1,0,0,0,1,1,213,6314,19,3,2012,2,21,44,0,4,3,SR-274 SEVEN POINTS BLVD,,2,32.35084722,-96.23807222,0,34,0,0,1,1,0,4,2,10,0,10,0,0000000,21,49,21,56,22,18,0,0,0,1,1
48,480492,2,2,0,0,0,3,3,423,0,19,3,2012,2,4,51,0,3,3,SR-64,FM 2607,329,32.27094722,-95.09824167,0,12,6,0,2,2,0,1,2,1,0,1,0,0000000,5,11,5,22,6,0,0,0,0,1,0