STATE,ST_CASE,VE_TOTAL,VE_FORMS,PVH_INVL,PEDS,PERNOTMVIT,PERMVIT,PERSONS,COUNTY,CITY,DAY,MONTH,YEAR,DAY_WEEK,HOUR,MINUTE,NHS,ROAD_FNC,ROUTE,TWAY_ID,TWAY_ID2,MILEPT,LATITUDE,LONGITUD,SP_JUR,HARM_EV,MAN_COLL,RELJCT1,RELJCT2,TYP_INT,WRK_ZONE,REL_ROAD,LGT_COND,WEATHER1,WEATHER2,WEATHER,SCH_BUS,RAIL,NOT_HOUR,NOT_MIN,ARR_HOUR,ARR_MIN,HOSP_HR,HOSP_MN,CF1,CF2,CF3,FATALS,DRUNK_DR
48,480493,2,2,0,0,0,2,2,347,0,20,3,2012,3,8,48,0,3,3,SR-21,,333,31.53946944,-94.42766667,0,12,6,0,1,1,0,1,1,2,0,2,0,0000000,8,54,9,12,9,48,0,0,0,1,0
48,480494,1,1,0,0,0,1,1,29,6090,21,3,2012,4,2,18,1,11,7,I-410,,398,29.32236111,-98.477875,0,25,0,0,1,1,0,10,3,10,0,10,0,0000000,99,99,99,99,99,99,0,0,0,1,0
48,480495,2,2,0,0,0,2,2,183,4080,21,3,2012,4,23,59,0,14,8,SS-63 MCCANN RD,RUTHLYNN DR,208,32.53011667,-94.75129444,0,12,6,0,2,2,0,1,3,1,0,1,0,0000000,23,59,0,3,0,29,0,0,0,1,2
48,480496,2,1,1,0,2,1,3,29,6090,22,3,2012,5,0,28,1,11,1,I-10,,211,29.47926944,-98.52347778,0,14,0,0,1,1,0,2,3,1,0,1,0,0000000,0,28,0,36,1,6,23,0,0,2,1
48,480497,2,2,0,0,0,2,2,215,2110,2,3,2012,6,14,50,0,14,8,FM 3362 S JACKSON RD,,18,26.27954722,-98.19040278,0,12,6,0,8,1,0,1,1,1,0,1,0,0000000,14,49,14,58,15,24,0,0,0,1,0
48,480498,1,1,0,0,0,4,4,215,2110,2,3,2012,6,2,43,0,16,5,MILE 17 1/2,,0,26.32391389,-98.16675,0,31,0,0,1,1,0,4,2,1,0,1,0,0000000,2,44,2,53,3,28,0,0,0,1,1
48,480499,1,1,0,1,1,1,1,113,3420,23,3,2012,6,2,35,1,13,8,SL-12 WALTON WALKER BLVD,,54,32.805075,-96.92176389,0,8,0,0,1,1,0,1,2,1,0,1,0,0000000,2,36,2,43,2,59,0,0,0,1,0
48,480500,2,1,1,0,0,1,1,29,6090,24,3,2012,7,11,20,0,16,5,KONTIKI DR,,0,29.37052222,-98.61658056,0,5,0,0,4,1,0,1,1,10,0,10,0,0000000,11,23,11,33,11,56,0,0,0,1,0
48,480501,2,2,0,0,0,2,2,71,9997,24,3,2012,7,23,12,1,13,3,SR-146,,72,29.78434167,-94.91209167,0,12,2,0,1,1,0,1,2,1,0,1,0,0000000,23,20,23,41,0,8,0,0,0,1,0
48,480502,2,2,0,0,0,3,3,141,2190,24,3,2012,7,1,19,1,12,7,SL375,BOB HOPE DR,108,31.71835833,-106.2687806,0,12,6,0,2,2,0,1,3,1,0,1,0,0000000,1,23,1,28,2,1,20,0,0,1,0
48,480503,1,1,0,0,0,1,1,199,0,24,3,2012,7,6,51,0,4,8,FM1293,,43,30.37270833,-94.36253611,0,42,0,0,1,1,0,4,4,1,0,1,0,0000000,88,88,88,88,88,88,0,0,0,1,0
48,480504,1,1,0,0,0,1,1,213,0,24,3,2012,7,15,20,1,2,3,SR-31,,144,32.29675,-95.64913333,0,42,0,0,1,1,0,4,1,1,0,1,0,0000000,88,88,88,88,88,88,0,0,0,1,0
48,480505,2,2,0,0,0,2,2,309,7210,24,3,2012,7,21,51,1,13,2,US-84,,250,31.57293056,-97.12677778,0,12,1,0,1,1,0,1,3,1,0,1,0,0000000,88,88,88,88,88,88,0,0,0,1,1
48,480506,1,1,0,0,0,1,1,457,0,24,3,2012,7,22,50,0,6,4,CR-4400,,0,30.78066667,-94.17485,0,1,0,0,1,1,0,1,2,1,0,1,0,0000000,88,88,88,88,88,88,0,0,0,1,1
48,480507,2,2,0,1,1,2,2,29,6090,25,3,2012,1,3,4,1,12,7,US-90,,71,29.4042,-98.54664167,0,8,0,0,1,1,0,1,3,10,0,10,0,0000000,88,88,88,88,88,88,0,0,0,1,0
48,480508,1,1,0,0,0,2,2,423,0,25,3,2012,1,1,0,0,14,3,SR-110,,187,32.38634167,-95.36267222,0,1,0,0,1,1,0,4,2,1,0,1,0,0000000,1,9,1,15,1,48,0,0,0,1,1
48,480509,1,1,0,0,0,1,1,213,0,26,3,2012,2,6,5,0,6,4,CR-4802,,0,32.19017222,-95.74696667,0,53,0,0,1,1,0,4,2,1,0,1,0,0000000,88,88,88,88,88,88,0,0,0,1,0
48,480510,2,2,0,1,1,2,2,113,1730,27,3,2012,3,20,50,1,11,1,I-35 N STEMMONS FWY,,275,32.89719167,-96.89805556,0,8,0,0,1,1,0,1,3,1,0,1,0,0000000,88,88,88,88,88,88,20,0,0,1,0
48,480511,3,3,0,0,0,6,6,187,6290,27,3,2012,3,22,15,1,13,3,SR-46,UA 60 W. COURT ST,112,29.56926389,-97.98890556,0,12,6,0,2,2,0,1,2,1,0,1,0,0000000,99,99,99,99,99,99,14,0,0,1,0
48,480512,2,1,1,0,1,1,2,201,3280,4,3,2012,1,13,5,1,12,3,SR-288,,98,29.61576389,-95.38666389,0,14,0,1,19,1,0,2,1,1,0,1,0,0000000,88,88,88,88,88,88,0,0,0,1,0
48,480513,2,2,0,0,0,3,3,217,0,4,3,2012,1,21,10,0,4,2,US-77,,68,32.05486389,-97.07440833,0,12,6,0,1,1,0,1,2,10,0,10,0,0000000,21,13,21,59,22,32,0,0,0,2,0
48,480514,1,1,0,0,0,2,2,257,0,4,3,2012,1,5,40,0,4,8,FM 148,,139,32.58246944,-96.43594722,0,1,0,0,1,1,0,4,4,1,0,1,0,0000000,5,44,5,58,6,57,0,0,0,1,1
48,480515,2,2,0,0,0,2,2,331,0,4,3,2012,1,17,18,0,3,2,US-77,FM 485,87,30.91930278,-96.98269444,0,12,6,0,2,2,0,1,1,1,0,1,0,0000000,17,23,17,26,17,43,0,0,0,1,0
48,480516,2,1,1,2,2,2,2,439,2450,4,3,2012,1,14,26,0,16,5,SOUTHCREST DR,,0,32.67053889,-97.34510833,0,8,0,0,1,1,0,1,1,1,0,1,0,0000000,14,23,14,27,14,49,0,0,0,1,0
48,480517,1,1,0,0,0,3,3,135,0,2,3,2012,6,2,10,1,11,1,I-20 RAMP,,296,31.81784444,-102.4238667,0,31,0,1,5,1,0,10,2,1,0,1,0,0000000,99,99,99,99,99,99,0,0,0,1,1
48,480518,2,2,0,0,0,2,2,187,0,2,3,2012,6,17,32,0,14,8,FM 1044,,16,29.64248889,-98.13029167,0,1,0,0,8,1,0,1,1,1,0,1,0,0000000,88,88,88,88,88,88,0,0,0,1,0
48,480519,2,2,0,0,0,2,2,123,0,3,3,2012,7,11,36,1,2,2,US-87,SR-72,122,29.08286944,-97.35464444,0,12,6,0,2,2,0,1,1,1,0,1,0,0000000,88,88,88,88,88,88,0,0,0,1,1
48,480520,1,1,0,0,0,2,2,143,0,4,3,2012,1,0,18,0,6,4,CR-148,,0,32.35653333,-98.0115,0,5,0,0,1,1,0,1,2,1,0,1,0,0000000,88,88,88,88,88,88,0,0,0,1,1
48,480521,2,2,0,0,0,2,2,329,0,7,3,2012,4,23,18,1,2,3,SR-158,CR-60,62,32.014675,-102.2104917,0,12,6,0,2,2,0,1,3,1,0,1,0,0000000,23,8,23,17,23,44,0,0,0,1,0
48,480523,1,1,0,2,2,1,1,215,4197,10,3,2012,7,19,55,0,16,5,LA LOMITA RD,,0,26.31056667,-98.24395833,0,8,0,0,1,1,0,1,2,1,0,1,0,0000000,99,99,99,99,99,99,0,0,0,1,0
48,480524,2,2,0,0,0,10,10,85,5390,11,3,2012,1,0,33,1,12,3,SR-190 PGB TURNPIKE,,81,33.00369167,-96.72879167,0,12,1,0,1,1,0,1,3,2,0,2,0,0000000,1,3,1,10,1,38,0,0,0,1,0
48,480525,3,3,0,0,0,4,4,329,0,15,3,2012,5,15,0,1,11,1,I-20,,58,31.91905556,-102.2006278,0,12,2,0,1,1,0,1,1,1,0,1,0,0000000,88,88,88,88,88,88,0,0,0,4,0
48,480526,2,2,0,0,0,2,2,231,0,22,3,2012,5,7,35,0,3,3,SR-276,CR-3608,26,32.90368611,-96.08433333,0,12,6,0,2,3,0,1,4,2,0,2,0,0000000,7,30,7,33,8,21,0,0,0,1,0
48,480527,1,1,0,1,1,1,1,215,4197,23,3,2012,6,6,50,0,16,5,HARVEY AVE,,0,26.23018611,-98.23806389,0,8,0,0,1,1,0,1,2,1,0,1,0,0000000,88,88,88,88,88,88,0,0,0,1,0
48,480528,2,2,0,0,0,2,2,215,2110,28,3,2012,4,3,18,1,13,3,SR-107,FM-3362,0,26.30488333,-98.18629722,0,12,1,0,2,2,0,1,3,1,0,1,0,0000000,88,88,88,88,88,88,0,0,0,1,2
48,480529,2,2,0,0,0,2,2,29,6090,31,3,2012,7,4,50,1,11,1,I-35,,210,29.43967778,-98.48673889,0,25,0,0,1,1,0,3,3,10,0,10,0,0000000,88,88,88,88,88,88,0,0,0,1,1
48,480530,1,1,0,0,0,1,1,113,1190,6,3,2012,3,5,28,9,19,7,SR-190 TRINITY MILLS RD,,99999,32.98370833,-96.91442222,0,38,0,0,1,1,0,10,2,1,0,1,0,0000000,88,88,88,88,88,88,0,0,0,1,0
48,480531,1,1,0,0,0,1,1,141,2190,6,3,2012,3,17,57,0,16,5,AIRWAY BLVD,,0,31.79448611,-106.3960889,0,30,0,0,1,1,0,3,1,1,0,1,0,0000000,99,99,99,99,99,99,0,0,0,1,1
48,480532,1,1,0,1,1,2,2,135,5030,7,3,2012,4,20,1,1,13,2,US-385 S GRANT AVE,,8,31.83579167,-102.3606278,0,8,0,0,1,1,0,1,3,1,0,1,0,0000000,20,0,20,5,20,22,0,0,0,1,0
48,480533,1,1,0,0,0,2,2,249,0,7,3,2012,4,20,35,1,2,2,US-281,,113,27.30666389,-98.13064722,0,53,0,0,1,1,0,4,2,1,0,1,0,0000000,20,52,21,1,21,49,0,0,0,1,0
48,480534,1,1,0,0,0,3,3,5,1900,8,3,2012,5,14,1,0,16,5,MAYNARD ST,,0,31.17355556,-94.7913,0,10,0,0,6,1,0,1,1,10,0,10,0,755795B,88,88,88,88,88,88,0,0,0,3,0
48,480535,1,1,0,0,0,1,1,203,0,8,3,2012,5,1,34,0,4,3,SR-154,,211,32.56598611,-94.41040833,0,53,0,0,1,1,0,4,2,2,0,2,0,0000000,88,88,88,88,88,88,0,0,0,1,1
48,480536,1,1,0,1,1,1,1,239,2120,8,3,2012,5,6,8,1,13,3,SR-111,,18,28.97075556,-96.63714722,0,8,0,0,1,1,0,1,3,10,0,10,0,0000000,6,8,6,10,6,36,0,0,0,1,0
48,480537,1,1,0,0,0,1,1,215,0,1,3,2012,5,6,50,0,6,4,CR-M DAVILA SR RD,,0,26.4727,-98.04085,0,1,0,0,1,1,0,4,1,1,0,1,0,0000000,88,88,88,88,88,88,0,0,0,1,0
48,480538,3,3,0,0,0,3,3,29,0,6,3,2012,3,0,25,1,1,1,I-10,,49,29.68316389,-98.64094167,0,57,0,0,1,1,0,3,2,1,0,1,0,0000000,99,99,99,99,99,99,14,0,0,1,1
48,480540,1,1,0,0,0,2,2,439,2450,7,3,2012,4,0,40,0,16,5,VAUGHN BLVD,SHACKLEFORD ST,0,32.7058,-97.27146111,0,38,0,0,3,3,0,4,3,10,0,10,0,0000000,0,47,0,56,1,29,0,0,0,1,1
48,480541,1,1,0,0,0,1,1,201,3280,9,3,2012,6,1,23,1,11,1,I-45,BROADWAY ST,157,29.68583333,-95.27762778,0,33,0,1,3,2,0,8,3,10,0,10,0,0000000,88,88,88,88,88,88,20,0,0,1,1
48,480542,1,1,0,1,1,1,1,201,480,10,3,2012,7,2,37,1,12,7,SS330 DECKER DR,,42,29.75814444,-94.99864167,0,9,0,0,1,1,0,1,3,2,0,2,0,0000000,88,88,88,88,88,88,0,0,0,1,0
48,480543,1,1,0,1,1,2,2,215,6666,11,3,2012,1,21,44,0,6,4,CR-EL FARO RD,,99999,26.29410556,-98.54941389,0,8,0,0,1,1,0,1,2,1,0,1,0,0000000,21,47,22,17,22,38,0,0,0,1,0
48,480544,2,2,0,0,0,4,4,481,0,12,3,2012,2,8,20,1,2,2,US-59,CR-212,18,29.43048333,-96.02832222,0,12,6,0,2,3,0,1,1,5,0,5,0,0000000,8,21,8,35,9,29,0,0,0,1,0
48,480545,2,2,0,0,0,5,5,201,480,13,3,2012,3,18,39,1,11,1,I-10,,523,29.80800833,-94.965225,0,12,1,0,1,1,0,1,1,1,0,1,0,0000000,18,39,18,49,19,30,19,0,0,1,0
48,480546,1,1,0,0,0,4,4,251,0,14,3,2012,4,22,18,0,6,4,CR-1106,,0,32.21562222,-97.40458611,0,42,0,0,1,1,0,4,2,10,0,10,0,0000000,22,19,22,35,23,11,0,0,0,1,0
48,480547,2,2,0,0,0,4,4,269,0,14,3,2012,4,10,20,1,2,2,US-82,,13,33.60176111,-100.497225,0,12,2,0,1,1,0,1,1,10,0,10,0,0000000,88,88,88,88,88,88,0,0,0,1,0
48,480548,2,2,0,0,0,2,2,251,0,16,3,2012,6,15,8,0,3,3,SR-174,,51,32.27163889,-97.39223056,0,12,8,0,1,1,0,1,1,10,0,10,0,0000000,88,88,88,88,88,88,0,0,0,1,0
48,480549,1,1,0,1,1,3,3,61,940,18,3,2012,1,15,43,1,13,3,SR-100,,6,26.08031111,-97.57110556,0,8,0,0,1,1,0,4,1,10,0,10,0,0000000,15,45,99,99,16,13,0,0,0,1,0
48,480550,1,1,0,0,0,1,1,291,0,19,3,2012,2,6,26,0,4,8,FM1413,CR-487,17,29.961575,-94.959775,0,1,0,0,3,4,0,4,2,10,0,10,0,0000000,88,88,88,88,88,88,0,0,0,1,0
48,480551,2,2,0,0,0,3,3,375,150,19,3,2012,2,2,20,0,14,8,SL 395 10TH AVE,AUTHOR ST,16,35.20186389,-101.8252917,0,12,6,0,2,2,0,1,3,10,0,10,0,0000000,99,99,99,99,99,99,0,0,0,1,1
48,480552,3,3,0,0,0,4,4,375,150,21,3,2012,4,21,32,1,13,8,SL 335 LAKESIDE ST,,222,35.19972778,-101.7422194,0,12,2,1,18,1,0,1,3,10,0,10,0,0000000,99,99,99,99,99,99,0,0,0,3,0
48,480553,1,1,0,2,2,1,1,201,0,22,3,2012,5,17,30,0,6,4,CR-LOUETTA RD,,0,30.04123333,-95.48711944,0,9,0,0,1,1,0,1,1,1,0,1,0,0000000,17,44,17,58,18,33,0,0,0,1,0
48,480554,1,1,0,0,0,1,1,29,7077,23,3,2012,6,23,8,0,16,5,UNIVERSAL CITY BLVD,,0,29.54576944,-98.304925,0,33,0,0,1,1,0,3,3,1,0,1,0,0000000,88,88,88,88,88,88,0,0,0,1,1
48,480555,2,2,0,0,0,3,3,201,0,23,3,2012,6,21,5,1,11,7,I-10,,444,29.78973056,-95.09105556,0,12,6,0,4,1,0,4,3,1,0,1,0,0000000,21,10,21,15,23,8,0,0,0,1,1
48,480556,3,3,0,0,0,4,4,121,4007,24,3,2012,7,19,36,1,13,8,FM 423,SMOTHERMAN RD,99,33.16324722,-96.89078333,0,1,0,0,3,3,1,1,5,1,0,1,0,0000000,19,39,19,47,20,23,0,0,0,1,0
48,480557,1,1,0,0,0,2,2,183,0,24,3,2012,7,22,15,0,6,4,CR-OLD GLADEWATER HWY,,0,32.47751944,-94.96875,0,1,0,0,1,1,0,4,2,1,0,1,0,0000000,22,27,22,43,23,1,0,0,0,1,1
48,480558,1,1,0,1,1,3,3,453,330,24,3,2012,7,22,55,1,11,1,I-35,,107,30.18014444,-97.77731389,0,8,0,0,1,1,0,1,2,1,0,1,0,0000000,88,88,88,88,88,88,0,0,0,1,0
48,480559,1,1,0,0,0,4,4,5,0,25,3,2012,1,1,50,0,4,8,FM 1194 LOTUS LN,,7,31.35040278,-94.77485,0,42,0,0,1,1,0,4,2,1,0,1,0,0000000,1,57,2,2,2,31,0,0,0,1,1
48,480560,1,1,0,0,0,1,1,483,0,26,3,2012,2,7,40,0,5,8,FM 48,,13,35.60121944,-100.324925,0,42,0,0,1,1,0,4,2,1,0,1,0,0000000,99,99,99,99,88,88,0,0,0,1,0
48,480561,4,4,0,0,0,5,5,373,0,28,3,2012,4,15,40,1,2,2,US-59,,143,30.93090278,-94.8253,0,12,7,0,1,1,0,1,1,1,0,1,0,0000000,99,99,99,99,99,99,0,0,0,1,0
48,480562,2,2,0,0,0,2,2,1,5170,30,3,2012,6,16,0,9,19,8,SL256,,99999,31.74108056,-95.64518056,0,12,6,0,1,1,0,1,1,1,0,1,0,0000000,99,99,16,3,16,13,0,0,0,1,0
48,480563,1,1,0,0,0,2,2,113,2010,30,3,2012,6,1,37,1,11,1,I-20,HILL CITY DR,82,32.66683611,-96.915975,0,21,0,1,18,1,0,4,3,10,0,10,0,0000000,88,88,88,88,88,88,0,0,0,2,1
48,480564,1,1,0,1,1,1,1,141,2190,30,3,2012,6,20,45,1,13,3,SR-20 ALAMEDA AVE,,331,31.75143889,-106.3895278,0,8,0,0,1,1,0,1,3,1,0,1,0,0000000,20,46,20,51,21,19,0,0,0,1,0
48,480565,1,1,0,0,0,1,1,201,3280,30,3,2012,6,19,10,0,16,5,E OREM DR,,0,29.62559722,-95.32760833,0,33,0,0,1,1,0,3,1,10,0,10,0,0000000,88,88,88,88,88,88,0,0,0,1,1
48,480566,2,2,0,0,0,2,2,423,0,30,3,2012,6,20,20,0,4,8,FM2661,CR-1261 BIG EDDY RD,107,32.23015556,-95.45117778,0,12,6,0,2,2,0,1,2,1,0,1,0,0000000,20,35,20,46,22,12,0,0,0,1,0
48,480567,1,1,0,1,1,1,1,61,940,31,3,2012,7,11,14,1,12,7,US-77,SR-4,375,25.90521389,-97.48358889,0,9,0,1,2,2,0,1,1,1,0,1,0,0000000,11,14,11,18,11,35,0,0,0,1,0
48,480568,1,1,0,1,1,1,1,201,0,31,3,2012,7,23,29,1,12,3,SR-249 TOMBALL PKWY,,186,29.9172,-95.48965,0,8,0,0,1,1,0,1,2,1,0,1,0,0000000,88,88,88,88,88,88,0,0,0,1,0
48,480569,1,1,0,2,2,1,1,201,3280,31,3,2012,7,14,29,1,13,8,FM1093 WESTHEIMER RD,PANAGARD DR,38,29.73581667,-95.63199722,0,8,0,0,3,2,0,1,1,1,0,1,0,0000000,88,88,88,88,88,88,0,0,0,2,0
48,480570,2,2,0,0,0,5,5,439,2990,31,3,2012,7,12,23,1,11,1,I-820,,131,32.83944444,-97.29034722,0,12,1,0,1,1,1,1,1,1,0,1,0,0000000,88,88,88,88,88,88,0,0,0,1,0
48,480571,2,2,0,0,0,2,2,453,330,31,3,2012,7,6,41,1,12,7,SL 1 MOPAC EXPY,STECK AVE,87,30.36792778,-97.74196111,0,12,6,1,2,2,0,1,3,1,0,1,0,0000000,6,43,6,45,7,5,0,0,0,1,1
48,480572,2,2,0,0,0,2,2,201,3280,16,3,2012,6,7,40,0,16,5,34TH ST,,0,29.81956667,-95.46740278,0,12,6,0,8,1,0,1,1,1,0,1,0,0000000,7,49,7,56,8,23,0,0,0,1,0
48,480573,1,1,0,0,0,1,1,29,0,29,2,2012,4,2,41,0,4,8,FM 2790 SOMERSET RD,,85,29.25705278,-98.63781667,0,11,0,0,1,1,0,1,2,1,0,1,0,0000000,2,43,2,50,3,36,0,0,0,1,1
48,480574,2,2,0,0,0,2,2,27,6810,17,3,2012,7,10,53,1,11,1,I-35,,228,31.09918611,-97.36146944,0,12,9,1,18,1,0,1,1,1,0,1,0,0000000,99,99,99,99,99,99,0,0,0,1,0
48,480575,3,3,0,0,0,3,3,215,5330,21,3,2012,4,17,10,1,12,2,US-281,,80,26.20697222,-98.18186111,0,12,2,1,18,1,0,1,1,1,0,1,0,0000000,17,14,17,18,17,21,0,0,0,1,0
48,480576,1,1,0,1,1,1,1,453,330,21,3,2012,4,21,9,0,16,5,STASSNEY LN,,0,30.21603889,-97.79872222,0,8,0,0,1,1,0,1,3,1,0,1,0,0000000,21,10,21,13,21,52,0,0,0,1,0
48,480577,2,2,0,0,0,3,3,409,0,9,3,2012,6,23,37,0,3,3,SR-35,,86,27.92744722,-97.24014444,0,12,2,0,1,1,0,1,2,2,0,2,0,0000000,23,40,23,46,0,26,0,0,0,1,1
48,480578,3,3,0,0,0,3,3,355,0,11,3,2012,1,20,39,0,3,8,FM 624,,61,27.90111389,-97.79991389,0,12,6,0,1,1,0,1,2,1,0,1,0,0000000,20,56,21,18,21,43,0,0,0,1,1
48,480579,1,1,0,0,0,2,2,399,0,13,3,2012,3,13,20,0,4,8,FM 382,,246,31.78505556,-99.90723056,0,1,0,0,1,1,0,4,1,10,0,10,0,0000000,13,24,13,32,14,36,0,0,0,1,0
48,480580,1,1,0,0,0,2,2,339,0,14,3,2012,4,2,7,0,4,8,FM 1485,,176,30.26455278,-95.3196,0,30,0,0,1,1,0,4,2,1,0,1,0,0000000,2,9,2,14,3,28,0,0,0,1,1
48,480581,1,1,0,0,0,1,1,291,0,15,3,2012,5,17,37,0,4,8,FM 1008,,86,30.12390556,-94.87085,0,1,0,0,1,1,0,1,1,1,0,1,0,0000000,17,45,18,5,18,36,0,0,0,1,0
48,480582,1,1,0,0,0,2,2,249,0,17,3,2012,7,16,28,0,4,8,FM624,,15,28.04346667,-98.123225,0,1,0,0,1,1,0,1,1,1,0,1,0,0000000,99,99,99,99,99,99,0,0,0,1,0
48,480583,1,1,0,0,0,2,2,343,0,17,3,2012,7,0,40,0,3,2,US-67,,77,33.18688889,-94.76285,0,42,0,0,1,1,0,4,2,1,0,1,0,0000000,0,57,1,16,2,2,0,0,0,1,1
48,480584,1,1,0,0,0,3,3,249,0,18,3,2012,1,15,43,0,6,4,CR-145,,0,27.77889722,-98.22030833,0,1,0,0,1,1,0,4,1,1,0,1,0,0000000,15,54,16,15,16,35,0,0,0,1,0
48,480585,3,3,0,0,0,6,6,97,0,19,3,2012,2,16,10,0,4,8,FM922,,28,33.49413333,-97.45875556,0,12,8,0,1,1,0,1,1,2,0,2,0,0000000,16,21,16,42,17,42,0,0,0,2,0
48,480586,2,2,0,0,0,2,2,291,0,19,3,2012,2,16,27,0,3,8,FM563,,76,29.971125,-94.73003056,0,12,2,0,1,1,1,1,1,10,0,10,0,0000000,16,36,16,53,17,53,0,0,0,2,0
48,480587,1,1,0,0,0,1,1,287,0,20,3,2012,3,19,30,0,5,8,FM1624,,239,30.38828056,-97.06421389,0,3,0,0,1,1,0,1,2,10,0,10,0,0000000,88,88,88,88,88,88,5,0,0,1,0
48,480588,1,1,0,0,0,1,1,353,0,20,3,2012,3,23,40,0,6,4,CR-147,,0,32.36285556,-100.4358611,0,1,0,0,1,1,0,1,2,1,0,1,0,0000000,88,88,88,88,88,88,0,0,0,1,0
48,480589,1,1,0,0,0,1,1,221,0,23,3,2012,6,1,15,0,4,8,FM2425,MITCHELL BEND CT,30,32.34697222,-97.72612778,0,38,0,0,1,1,0,4,2,10,0,10,0,0000000,99,99,99,99,99,99,0,0,0,1,0
48,480590,1,1,0,0,0,1,1,399,0,29,3,2012,5,7,15,0,4,3,SR-153,,98,31.96026389,-100.0638167,0,59,0,0,1,1,0,4,1,5,0,5,0,0000000,88,88,88,88,88,88,0,0,0,1,0
48,480591,2,2,0,0,0,2,2,13,0,1,3,2012,5,13,50,1,2,2,US-281,FM-3006,91,29.01113611,-98.47733889,0,12,6,0,2,3,0,1,1,1,0,1,0,0000000,99,99,99,99,99,99,0,0,0,1,0
48,480592,1,1,0,1,1,1,1,251,1030,1,3,2012,5,16,11,0,14,8,FM-731,,103,32.51756389,-97.34579167,0,8,0,0,1,1,0,1,1,1,0,1,0,0000000,16,20,16,34,17,6,0,0,0,1,0
48,480593,1,1,0,1,1,1,1,303,4140,1,3,2012,5,19,53,0,16,5,50TH ST,,0,33.54872778,-101.8660528,0,8,0,0,1,1,0,1,3,1,0,1,0,0000000,19,53,19,58,20,17,0,0,0,1,0
48,480594,2,2,0,0,0,2,2,319,0,1,3,2012,5,14,20,0,3,3,SR-29,,10,30.74758333,-99.21456944,0,12,1,0,8,1,0,1,1,1,0,1,0,0000000,14,26,15,10,16,21,0,0,0,1,0
48,480595,3,3,0,0,0,5,5,201,3280,2,3,2012,6,14,25,0,16,5,RICHMOND AVE,,0,29.72882778,-95.54701111,0,12,7,0,1,1,0,1,1,10,0,10,0,0000000,14,31,14,50,15,5,0,0,0,1,0
48,480596,2,2,0,0,0,3,3,7,0,10,3,2012,7,10,35,0,14,3,SR-35,,145,28.00501944,-97.09805556,0,12,6,0,8,1,0,1,1,5,0,5,0,0000000,10,33,10,38,11,6,0,0,0,1,0
48,480597,1,1,0,0,0,2,2,165,0,10,3,2012,7,0,48,1,2,2,US-62,,95,32.72631111,-102.9286833,0,1,0,0,1,1,0,3,2,2,0,2,0,0000000,99,99,99,99,99,99,0,0,0,1,0
48,480598,1,1,0,0,0,2,2,91,0,11,3,2012,1,1,4,0,6,4,CR-CHARTER OAK,,0,29.83653056,-98.24929722,0,34,0,0,1,1,0,4,2,2,0,2,0,0000000,1,7,1,13,1,47,0,0,0,1,1
48,480599,1,1,0,0,0,1,1,181,0,11,3,2012,1,2,55,0,4,8,FM-120,,55,33.75528056,-96.45825,0,59,0,0,1,1,0,4,2,2,0,2,0,0000000,88,88,88,88,88,88,0,0,0,1,1
48,480600,2,2,0,0,0,3,3,177,0,12,3,2012,2,0,41,1,2,2,US-87,,69,29.27243333,-97.67646944,0,12,2,0,1,1,0,2,2,5,0,5,0,0000000,99,99,99,99,99,99,0,0,0,1,1
48,480601,1,1,0,0,0,1,1,229,0,12,3,2012,2,11,8,0,6,4,CR-N RANCH VERDE RD,,0,31.76796944,-105.3729972,0,35,0,0,1,1,0,4,1,1,0,1,0,0000000,88,88,88,88,88,88,0,0,0,1,0
48,480602,1,1,0,1,1,1,1,453,0,13,3,2012,3,20,30,0,14,8,FM2304 MANCHACA RD,,72,30.14649167,-97.83305,0,8,0,0,1,1,0,1,3,10,0,10,0,0000000,88,88,88,88,88,88,0,0,0,1,0
48,480603,2,2,0,0,0,3,3,87,0,14,3,2012,4,19,24,0,3,8,UA90,,234,29.56785556,-97.81855,0,12,6,0,1,1,0,1,5,1,0,1,0,0000000,19,41,19,52,20,26,0,0,0,1,0
48,480604,1,1,0,1,1,1,1,201,3280,14,3,2012,4,2,0,0,16,5,W FUQUA ST,,0,29.61360833,-95.42714722,0,8,0,0,1,1,0,1,3,1,0,1,0,0000000,88,88,88,88,88,88,0,0,0,1,0
48,480605,1,1,0,0,0,1,1,453,0,14,3,2012,4,7,30,0,6,4,CR-HAMILTON POOL RD,,0,30.322225,-98.104625,0,1,0,0,1,1,0,4,2,10,0,10,0,0000000,88,88,88,88,88,88,0,0,0,1,1
48,480606,1,1,0,0,0,1,1,471,0,14,3,2012,4,7,30,0,4,8,FM247,,129,30.77829444,-95.55861944,0,42,0,0,1,1,0,4,2,1,0,1,0,0000000,88,88,88,88,88,88,0,0,0,1,0
48,480607,2,2,0,0,0,2,2,39,0,15,3,2012,5,14,0,0,6,4,CR-101 BAILEY RD,CR-905,0,29.52995556,-95.35555556,0,12,6,0,2,3,0,1,1,1,0,1,0,0000000,88,88,88,88,88,88,0,0,0,1,0
48,480608,1,1,0,0,0,4,4,335,0,15,3,2012,5,8,0,0,4,3,SR-163,,124,32.24565833,-100.9747278,0,1,0,0,1,1,0,1,1,10,0,10,0,0000000,8,3,8,20,9,15,0,0,0,1,0