STATE,ST_CASE,VE_TOTAL,VE_FORMS,PVH_INVL,PEDS,PERNOTMVIT,PERMVIT,PERSONS,COUNTY,CITY,DAY,MONTH,YEAR,DAY_WEEK,HOUR,MINUTE,NHS,ROAD_FNC,ROUTE,TWAY_ID,TWAY_ID2,MILEPT,LATITUDE,LONGITUD,SP_JUR,HARM_EV,MAN_COLL,RELJCT1,RELJCT2,TYP_INT,WRK_ZONE,REL_ROAD,LGT_COND,WEATHER1,WEATHER2,WEATHER,SCH_BUS,RAIL,NOT_HOUR,NOT_MIN,ARR_HOUR,ARR_MIN,HOSP_HR,HOSP_MN,CF1,CF2,CF3,FATALS,DRUNK_DR
48,480609,2,2,0,0,0,2,2,93,0,16,3,2012,6,13,18,1,2,3,SR-6,,159,32.08736944,-98.43232778,0,12,2,0,1,1,0,1,1,1,0,1,0,0000000,88,88,88,88,88,88,0,0,0,2,0
48,480610,2,2,0,0,0,2,2,113,2678,16,3,2012,6,5,49,0,16,5,S HAMPTON RD,W BEAR CREEK RD,0,32.56075556,-96.85689167,0,12,6,0,2,2,0,1,3,10,0,10,0,0000000,99,99,99,99,99,99,20,0,0,1,0
48,480611,1,1,0,0,0,2,2,335,0,16,3,2012,6,8,47,0,3,3,SR-208,,78,32.36461389,-100.8324611,0,32,0,0,1,1,0,4,1,10,0,10,0,0000000,88,88,88,88,88,88,0,0,0,1,0
48,480612,2,2,0,0,0,2,2,399,6002,16,3,2012,6,17,38,1,2,2,US-67,FM 2872,86,31.64879167,-100.0508139,0,12,6,0,2,2,0,1,1,1,0,1,0,0000000,17,25,17,41,18,20,0,0,0,1,0
48,480613,2,2,0,0,0,2,2,453,0,17,3,2012,7,22,9,0,6,4,CR-WELLS BRANCH PKWY,,0,30.43693889,-97.67362222,0,12,6,0,8,1,0,1,3,1,0,1,0,0000000,22,9,22,17,22,37,0,0,0,1,0
48,480614,2,2,0,0,0,2,2,37,0,17,3,2012,7,20,23,0,4,3,SR-98,,8,33.46865,-94.47035556,0,12,2,0,1,1,0,1,2,1,0,1,0,0000000,20,22,20,26,21,39,0,0,0,1,0
48,480615,2,2,0,0,0,2,2,201,0,17,3,2012,7,10,15,0,6,4,CR-MASON RD,MERRYMOUNT DR,0,29.77718333,-95.75184167,0,12,6,0,8,1,0,1,1,1,0,1,0,0000000,99,99,99,99,99,99,0,0,0,1,0
48,480616,1,1,0,0,0,1,1,371,0,22,3,2012,5,17,5,0,4,2,US-385,,127,30.71993611,-102.9234167,0,1,0,0,1,1,0,1,1,1,0,1,0,0000000,88,88,88,88,88,88,0,0,0,1,0
48,480617,2,2,0,0,0,2,2,135,0,18,3,2012,1,21,5,0,6,4,CR-MURPHY ST,,0,31.8159,-102.4214472,0,12,6,0,1,1,0,1,2,1,0,1,0,0000000,88,88,88,88,88,88,0,0,0,1,1
48,480618,1,1,0,1,1,2,2,335,0,19,3,2012,2,21,56,1,1,1,I-20,,83,32.34341111,-101.0594611,0,8,0,0,1,1,0,1,2,1,0,1,0,0000000,88,88,88,88,88,88,0,0,0,1,0
48,480619,1,1,0,0,0,2,2,253,0,20,3,2012,3,18,8,0,4,8,FM 600,,73,32.68178333,-99.67101667,0,32,0,0,1,1,0,4,1,1,0,1,0,0000000,18,24,18,56,18,59,0,0,0,1,0
48,480620,1,1,0,0,0,2,2,395,0,21,3,2012,4,14,20,0,6,4,CR-TROJACEK RD,,0,31.1235,-96.56205833,0,42,0,0,1,1,0,4,1,1,0,1,0,0000000,14,27,14,45,15,59,0,0,0,1,0
48,480621,1,1,0,0,0,1,1,97,2550,24,3,2012,7,14,46,1,11,1,I-35,,130,33.60956944,-97.15206111,0,24,0,0,1,1,0,4,1,1,0,1,0,0000000,14,51,14,58,15,37,0,0,0,1,0
48,480622,2,2,0,0,0,4,4,313,0,24,3,2012,7,16,28,0,4,8,FM39,,6,31.02115278,-96.11311111,0,1,0,0,8,1,0,1,1,1,0,1,0,0000000,99,99,99,99,99,99,0,0,0,1,0
48,480623,1,1,0,0,0,1,1,475,0,24,3,2012,7,9,35,0,6,4,CR-SHELL OIL,,0,31.60538889,-102.8549167,0,10,0,0,6,1,0,1,1,1,0,1,0,796276N,88,88,88,88,88,88,0,0,0,1,0
48,480625,1,1,0,0,0,2,2,157,0,25,3,2012,1,3,21,0,6,4,CR-ORCHARD SHADOW DR,,0,29.61981667,-95.6886,0,3,0,0,1,1,0,4,3,5,0,5,0,0000000,3,39,3,52,4,34,0,0,0,2,0
48,480626,2,1,1,1,1,1,1,201,3280,25,3,2012,1,15,31,0,16,5,LAVENDER,,0,29.80193333,-95.32057778,0,8,0,0,8,1,0,1,1,1,0,1,0,0000000,99,99,99,99,99,99,0,0,0,1,0
48,480627,3,1,2,0,1,1,2,371,0,25,3,2012,1,15,0,1,1,1,I-10,,864,30.86348889,-102.0852222,0,33,0,0,5,1,0,4,1,1,0,1,0,0000000,15,18,15,34,16,5,0,0,0,1,0
48,480628,1,1,0,0,0,1,1,85,92,27,3,2012,3,20,20,1,12,3,SR-121 SAM RAYBURN TOLLWAY,,114,33.15529722,-96.64955556,0,25,0,1,5,1,0,4,3,1,0,1,0,0000000,88,88,88,88,88,88,20,0,0,1,0
48,480629,1,1,0,1,1,1,1,7,0,28,3,2012,4,20,5,0,14,8,FM1069 W MARKET ST,,73,28.02486389,-97.0685,0,8,0,0,1,1,0,1,2,1,0,1,0,0000000,88,88,88,88,88,88,0,0,0,1,0
48,480630,1,1,0,0,0,1,1,173,0,28,3,2012,4,2,1,1,2,3,SR-158,CR-125,142,31.8637,-101.5593528,0,38,0,0,3,3,0,5,2,1,0,1,0,0000000,88,88,88,88,88,88,0,0,0,1,0
48,480631,2,2,0,0,0,2,2,461,0,29,3,2012,5,7,0,0,3,3,SR-349,,98,31.50502222,-101.9421917,0,12,6,0,1,1,0,1,1,1,0,1,0,0000000,99,99,99,99,99,99,0,0,0,1,0
48,480632,1,1,0,0,0,2,2,201,5230,30,3,2012,6,0,40,0,16,5,FAIRMONT PKWY,,0,29.64951667,-95.17438056,0,1,0,0,1,1,0,1,3,10,0,10,0,0000000,0,49,1,0,1,26,0,0,0,1,1
48,480633,1,1,0,0,0,2,2,385,0,30,3,2012,6,15,35,0,4,8,RM-337,,53,29.72505833,-99.95352778,0,1,0,0,1,1,0,1,1,1,0,1,0,0000000,15,59,16,30,17,27,0,0,0,1,1
48,480634,1,1,0,0,0,2,2,465,0,30,3,2012,6,15,15,0,5,8,RM 189,,126,30.27116389,-100.9649056,0,35,0,0,1,1,0,4,1,1,0,1,0,0000000,16,3,16,57,18,11,0,0,0,1,0
48,480635,2,2,0,0,0,3,3,375,150,17,3,2012,7,12,0,1,13,8,SL 335 SAINT FRANCIS LOOP,,138,35.26563056,-101.8127778,0,12,6,0,1,1,0,1,1,1,0,1,0,0000000,88,88,88,88,88,88,0,0,0,1,0
48,480636,2,1,1,0,1,1,2,373,0,1,3,2012,5,9,20,0,3,2,US-190,,123,30.73664167,-94.998175,0,14,0,0,1,1,0,2,1,1,0,1,0,0000000,9,23,9,32,9,55,0,0,0,1,0
48,480637,1,1,0,1,1,2,2,453,330,1,3,2012,5,19,10,1,13,8,SL 275,,47,30.37535278,-97.69010556,0,8,0,0,1,1,0,11,2,10,0,10,0,0000000,88,88,88,88,88,88,0,0,0,1,0
48,480638,2,2,0,0,0,2,2,475,4660,25,3,2012,1,14,19,1,13,3,SR-18,DORIS AVE,79,31.60433889,-102.9014472,0,12,6,0,2,2,0,1,1,1,0,1,0,0000000,14,20,14,22,14,33,0,0,0,1,0
48,480639,2,2,0,0,0,3,3,475,4660,29,3,2012,5,18,47,1,11,8,BI-20 SEALY,SL 464,308,31.58814722,-102.9171222,0,12,6,0,2,2,0,1,1,1,0,1,0,0000000,18,49,18,51,19,1,0,0,0,1,0
48,480640,1,1,0,1,1,1,1,113,1730,2,3,2012,6,19,40,0,16,5,MARTIN LUTHER KING JR BLVD,,0,32.76537222,-96.77278056,0,8,0,0,1,1,0,1,3,1,0,1,0,0000000,19,32,19,35,19,46,0,0,0,1,0
48,480641,2,2,0,0,0,3,3,359,0,18,2,2012,7,6,26,1,1,1,I-40,,387,35.22846944,-102.3445944,0,12,6,0,1,1,0,1,3,2,0,2,0,0000000,88,88,88,88,88,88,0,0,0,1,0
48,480642,1,1,0,0,0,3,3,491,0,2,3,2012,6,22,56,0,6,4,CR-HAIRY MAN RD,,0,30.525625,-97.7213,0,1,0,0,1,1,0,4,2,1,0,1,0,0000000,23,0,23,8,23,32,0,0,0,1,1
48,480643,1,1,0,0,0,1,1,215,0,21,3,2012,4,1,30,0,14,8,FM-681,,270,26.32131944,-98.33855,0,1,0,0,1,1,0,4,2,1,0,1,0,0000000,88,88,88,88,88,88,0,0,0,1,1
48,480644,2,2,0,0,0,20,20,57,0,23,3,2012,6,9,4,1,2,3,SR-35,,145,28.49759444,-96.84158056,0,12,6,0,1,1,0,1,1,1,0,1,0,0000000,9,26,9,43,10,49,0,0,0,1,0
48,480645,1,1,0,0,0,1,1,485,0,26,3,2012,2,17,41,0,14,8,FM 367,,176,33.91926667,-98.56994167,0,1,0,0,1,1,0,4,1,1,0,1,0,0000000,99,99,99,99,99,99,0,0,0,1,1
48,480646,2,2,0,0,0,2,2,77,9997,28,3,2012,4,18,42,0,3,3,SR-79,,84,33.94578889,-98.35214444,0,12,2,0,8,1,0,1,1,1,0,1,0,0000000,18,47,19,2,19,24,0,0,0,1,0
48,480647,1,1,0,0,0,4,4,167,0,30,3,2012,6,15,2,1,11,1,I-45,,157,29.316425,-94.91561667,0,1,0,0,1,1,0,1,1,1,0,1,0,0000000,15,35,15,41,16,8,0,0,0,1,0
48,480648,2,2,0,0,0,2,2,453,330,2,3,2012,6,16,22,1,13,8,FM-2304 MANCHACA RD,SHILOH DR,0,30.19121111,-97.81293889,0,12,6,0,2,2,0,1,1,1,0,1,0,0000000,16,23,16,26,16,57,0,0,0,1,0
48,480649,1,1,0,1,1,2,2,245,5430,14,3,2012,4,11,8,1,13,8,FM-365,,171,29.94910278,-93.99138889,0,8,0,0,4,1,0,5,1,10,0,10,0,0000000,11,9,11,10,11,30,0,0,0,1,0
48,480650,1,1,0,1,1,1,1,181,0,15,3,2012,5,20,20,0,3,8,FM 406,,36,33.79656389,-96.62593056,0,8,0,0,1,1,0,1,2,1,0,1,0,0000000,88,88,88,88,88,88,0,0,0,1,0
48,480651,2,2,0,0,0,2,2,245,5430,17,3,2012,7,16,13,1,13,2,US-69 MEMORIAL BLVD,,189,29.90263611,-93.93401111,0,12,6,0,8,1,0,1,1,1,0,1,0,0000000,16,14,16,17,16,27,0,0,0,1,1
48,480652,2,2,0,0,0,7,7,349,2210,17,3,2012,7,23,45,0,4,8,FM3383,,50,32.16315278,-96.57559444,0,12,6,0,1,1,0,4,2,1,0,1,0,0000000,23,50,0,4,1,1,20,0,0,1,1
48,480653,1,1,0,0,0,5,5,389,0,18,3,2012,1,15,30,1,1,1,I-10,,57,31.06989444,-103.9997306,0,1,0,0,1,1,0,3,1,6,0,6,0,0000000,99,99,99,99,99,99,0,0,0,2,0
48,480654,2,2,0,0,0,2,2,157,0,20,3,2012,3,3,9,1,12,2,US-59,,113,29.55446389,-95.72347222,0,12,2,0,1,1,0,1,2,1,0,1,0,0000000,99,99,99,99,99,99,0,0,0,1,2
48,480655,2,2,0,0,0,3,3,37,0,23,3,2012,6,7,1,0,4,3,SR-98,FM1840,31,33.43620278,-94.47316944,0,12,6,0,2,2,0,1,1,1,0,1,0,0000000,7,2,7,7,8,8,0,0,0,1,0
48,480656,2,2,0,0,0,1,1,121,1190,23,3,2012,6,22,35,0,16,5,PRESIDENT GEORGE BUSH TPKE,,0,32.9855,-96.88438056,0,12,1,0,1,1,0,1,2,1,0,1,0,0000000,22,40,22,46,23,2,0,0,0,1,0
48,480657,1,1,0,0,0,1,1,199,0,25,3,2012,1,3,50,0,6,4,CR-NEYLAND RD,,0,30.38834444,-94.19133056,0,42,0,0,1,1,0,4,2,1,0,1,0,0000000,88,88,88,88,88,88,0,0,0,1,1
48,480658,1,1,0,0,0,1,1,491,0,25,3,2012,1,23,10,0,6,4,CR-126,,0,30.64207222,-97.54114167,0,1,0,0,1,1,0,4,2,1,0,1,0,0000000,88,88,88,88,88,88,0,0,0,1,1
48,480659,2,2,0,0,0,2,2,39,0,26,3,2012,2,18,4,1,2,3,SR-36,,242,29.02173333,-95.55648611,0,12,6,0,8,1,0,1,1,1,0,1,0,0000000,88,88,88,88,88,88,0,0,0,1,0
48,480660,3,3,0,0,0,3,3,61,0,27,3,2012,3,21,8,1,2,2,US-77,,37,26.28876944,-97.75983611,0,12,1,0,1,1,0,1,2,1,0,1,0,0000000,88,88,88,88,88,88,0,0,0,1,1
48,480661,2,2,0,0,0,3,3,453,0,28,3,2012,4,0,5,0,6,7,CR-TL 130,MAHA LP,0,30.09299444,-97.67956389,0,12,6,1,2,2,0,1,3,1,0,1,0,0000000,0,11,0,25,0,57,0,0,0,1,0
48,480662,1,1,0,0,0,1,1,147,0,29,3,2012,5,23,20,0,4,8,FM 100,,81,33.84074722,-95.92790556,0,59,0,0,1,1,0,4,2,1,0,1,0,0000000,88,88,88,88,88,88,0,0,0,1,1
48,480663,2,2,0,0,0,5,5,395,0,29,3,2012,5,12,42,1,2,2,US-190,,88,30.79619444,-96.50344722,0,12,6,0,1,1,0,1,1,2,0,2,0,0000000,12,44,12,54,13,20,0,0,0,3,0
48,480664,5,1,4,0,0,1,1,201,3280,30,3,2012,6,13,0,1,12,7,US-290 NORTHWEST FWY,,324,29.85742222,-95.52130278,0,33,0,0,1,1,0,4,1,1,0,1,0,0000000,88,88,88,88,88,88,0,0,0,1,0
48,480665,4,4,0,0,0,8,8,27,0,1,4,2012,1,13,48,1,1,1,I-35,,310,31.20515,-97.30354444,0,12,1,1,18,1,0,1,1,1,0,1,0,0000000,13,49,13,52,14,19,0,0,0,1,0
48,480666,1,1,0,0,0,2,2,29,6090,1,4,2012,1,2,48,0,16,5,RAY ELLISON BLVD,,0,29.38700833,-98.65398056,0,38,0,0,1,1,0,4,3,1,0,1,0,0000000,88,88,88,88,88,88,0,0,0,1,1
48,480667,1,1,0,0,0,1,1,85,5390,1,4,2012,1,1,55,1,12,7,SR-190 P.G.W. BUSH TLWY,,79,33.12561389,-96.73275278,0,21,0,1,19,1,0,8,3,10,0,10,0,0000000,1,56,2,1,2,18,0,0,0,1,1
48,480668,1,1,0,0,0,2,2,99,0,1,4,2012,1,7,35,0,3,2,US-84,,24,31.47500556,-98.10879167,0,32,0,0,1,1,0,4,1,1,0,1,0,0000000,10,37,11,8,12,47,0,0,0,2,1
48,480670,1,1,0,1,1,1,1,167,366,1,4,2012,1,2,45,0,3,8,BAYSHORE DR,,241,29.50807222,-94.96845556,0,8,0,0,1,1,0,2,2,1,0,1,0,0000000,88,88,88,88,88,88,0,0,0,1,0
48,480671,1,1,0,0,0,2,2,323,0,1,4,2012,1,2,54,0,4,3,SR-131,,44,29.02200556,-100.4852167,0,1,0,0,1,1,0,1,2,1,0,1,0,0000000,99,99,99,99,99,99,0,0,0,1,0
48,480672,2,2,0,0,0,2,2,423,0,1,4,2012,1,1,18,0,3,3,SR-64,,298,32.29444444,-95.1454,0,12,1,0,1,1,0,1,2,1,0,1,0,0000000,88,88,88,88,88,88,0,0,0,1,1
48,480673,1,1,0,0,0,2,2,435,0,1,4,2012,1,14,41,1,2,2,US-277,,78,30.46219167,-100.6982861,0,1,0,0,1,1,0,4,1,1,0,1,0,0000000,14,43,14,52,15,14,0,0,0,1,0
48,480674,1,1,0,1,1,1,1,453,330,1,4,2012,1,20,33,0,16,5,CESAR CHAVEZ,CHALMERS AVE,0,30.25779444,-97.72653889,0,8,0,0,3,2,0,1,2,1,0,1,0,0000000,20,34,20,38,20,50,0,0,0,1,0
48,480675,1,1,0,1,1,1,1,453,330,1,4,2012,1,21,15,0,16,5,WEST GATE BLVD,WINDSWEPT CV,0,30.22944444,-97.80113056,0,8,0,0,2,3,0,1,2,1,0,1,0,0000000,21,15,21,20,21,44,0,0,0,1,0
48,480676,2,2,0,0,0,4,4,29,0,2,4,2012,2,15,20,0,4,8,SL 1604,MARBACH RD,18,29.40313889,-98.706625,0,12,6,0,2,2,0,1,1,1,0,1,0,0000000,15,22,15,27,16,6,0,0,0,1,0
48,480677,1,1,0,0,0,1,1,29,6090,2,4,2012,2,20,53,0,16,5,NAKOMA ST,GORDON ST,0,29.54549167,-98.47913889,0,1,0,0,2,2,0,1,3,1,0,1,0,0000000,20,39,20,48,21,11,0,0,0,1,0
48,480678,5,4,1,0,3,5,8,183,0,2,4,2012,2,7,50,1,11,1,I-20,,74,32.43276667,-94.86056667,0,12,1,0,1,1,0,1,1,1,0,1,0,0000000,7,50,8,1,8,30,19,23,0,2,0
48,480679,1,1,0,0,0,2,2,339,1692,2,4,2012,2,18,0,0,4,8,FM 1484,,143,30.35118333,-95.33708611,0,43,0,0,1,1,0,4,1,10,0,10,0,0000000,18,5,18,25,19,0,0,0,0,1,1
48,480680,2,2,0,0,0,2,2,367,7280,2,4,2012,2,15,42,0,14,2,US-180,,32,32.75843333,-97.77498611,0,12,6,0,4,1,0,1,1,1,0,1,0,0000000,88,88,88,88,88,88,0,0,0,1,0
48,480681,1,1,0,0,0,1,1,459,0,2,4,2012,2,9,59,1,2,2,US-271,,99,32.77843889,-94.94696944,0,38,0,0,1,1,0,4,1,10,0,10,0,0000000,88,88,88,88,88,88,0,0,0,1,0
48,480682,1,1,0,0,0,1,1,487,0,2,4,2012,2,3,15,1,2,2,US-287,,154,34.21685556,-99.3907,0,32,0,0,1,1,0,4,2,1,0,1,0,0000000,88,88,88,88,88,88,0,0,0,1,0
48,480683,1,1,0,0,0,2,2,27,3690,3,4,2012,3,3,0,0,16,5,ROBINETT RD,WATERCREST RD,0,31.11191944,-97.78368056,0,1,0,0,2,3,0,1,2,1,0,1,0,0000000,88,88,88,88,88,88,0,0,0,2,1
48,480684,1,1,0,0,0,1,1,79,0,3,4,2012,3,9,15,0,4,3,SR-125,,23,33.58865278,-103.0426306,0,1,0,0,1,1,0,4,1,10,0,10,0,0000000,99,99,99,99,99,99,0,0,0,1,0
48,480685,1,1,0,1,1,1,1,89,0,3,4,2012,3,23,30,1,1,1,I-10,,285,29.73096111,-96.38301389,0,8,0,0,1,1,0,1,2,10,0,10,0,0000000,88,88,88,88,88,88,0,0,0,1,0
48,480686,2,2,0,0,0,2,2,201,3280,3,4,2012,3,7,15,0,16,5,BAY AREA BLVD,,0,29.56425,-95.11368889,0,12,6,0,8,1,0,1,1,10,0,10,0,0000000,7,29,7,40,7,58,0,0,0,1,0
48,480687,1,1,0,0,0,2,2,265,0,3,4,2012,3,14,18,0,3,3,SR-16,,68,29.97646389,-99.17123056,0,42,0,0,1,1,0,4,1,1,0,1,0,0000000,14,19,14,39,15,12,0,0,0,1,0
48,480688,1,1,0,1,1,1,1,329,0,3,4,2012,3,6,35,1,13,3,SR-349,,112,31.94147222,-102.06395,0,8,0,0,1,1,0,1,2,1,0,1,0,0000000,88,88,88,88,88,88,0,0,0,1,0
48,480690,1,1,0,0,0,1,1,439,590,3,4,2012,3,13,26,1,13,2,US-37 BENBROOK BLVD,,57,32.66771111,-97.47591111,0,42,0,0,1,1,0,4,1,2,0,2,0,0000000,88,88,88,88,88,88,0,0,0,1,1
48,480691,1,1,0,0,0,1,1,27,0,4,4,2012,4,18,55,0,6,4,CR-GEORGE WILSON RD,,0,31.06780833,-97.52881667,0,1,0,0,1,1,0,1,1,1,0,1,0,0000000,88,88,88,88,88,88,0,0,0,1,1
48,480692,2,1,1,0,0,1,1,113,5730,4,4,2012,4,22,5,0,16,5,ARAPAHO RD,,0,32.96064444,-96.71775833,0,45,0,0,1,1,4,5,3,1,0,1,0,0000000,88,88,88,88,88,88,0,0,0,1,1
48,480693,2,2,0,0,0,2,2,201,0,4,4,2012,4,5,15,0,6,5,GREENHOUSE RD,REDWING KNOLL,0,29.88489722,-95.70340556,0,12,6,0,2,3,0,1,3,10,0,10,0,0000000,5,18,5,23,6,5,0,0,0,1,0
48,480694,3,3,0,0,0,4,4,201,480,4,4,2012,4,10,59,1,12,8,BI-146,ML WISMER,51,29.71851111,-94.96983333,0,12,6,0,2,3,0,1,1,10,0,10,0,0000000,99,99,99,99,99,99,0,0,0,1,0
48,480695,2,2,0,0,0,2,2,39,130,5,4,2012,5,23,32,1,13,3,SR-35,FM-528,311,29.44806389,-95.23845,0,12,6,0,2,3,0,1,3,1,0,1,0,0000000,88,88,88,88,88,88,0,0,0,1,1
48,480696,2,1,1,0,0,1,1,117,3140,5,4,2012,5,23,23,0,14,8,FM 1259 MAIN ST,,15,34.80735833,-102.3928583,0,53,0,0,1,1,0,4,3,1,0,1,0,0000000,88,88,88,88,88,88,0,0,0,1,1
48,480697,3,3,0,0,0,4,4,201,0,5,4,2012,5,4,12,1,13,3,SR-249,BOUDREUX RD,14,30.05418056,-95.61547778,0,12,6,0,2,2,0,1,3,1,0,1,0,0000000,99,99,99,99,99,99,0,0,0,1,3
48,480699,3,3,0,1,1,3,3,209,6170,5,4,2012,5,0,31,1,11,7,I-35,,52,29.85455833,-97.955275,0,8,0,0,1,1,0,1,3,1,0,1,0,0000000,0,31,0,42,1,2,0,0,0,1,0
48,480700,1,1,0,0,0,1,1,309,0,5,4,2012,5,19,45,0,6,4,CR-NEIGHBORS CORNER RD,,0,31.56459722,-96.87385278,0,42,0,0,1,1,0,4,5,1,0,1,0,0000000,19,55,20,16,21,3,0,0,0,1,1
48,480701,1,1,0,0,0,2,2,355,1550,5,4,2012,5,2,33,0,16,5,WEBER RD,MCARDLE RD,0,27.72503056,-97.39651944,0,33,0,0,3,2,0,4,3,1,0,1,0,0000000,2,35,2,41,3,4,0,0,0,1,1
48,480702,1,1,0,0,0,2,2,39,1395,6,4,2012,6,11,32,0,16,5,COLLEGE BLVD,,0,29.04545556,-95.40486111,0,33,0,0,1,1,0,3,1,1,0,1,0,0000000,11,34,11,37,12,13,0,0,0,1,0
48,480703,2,2,0,0,0,2,2,121,320,6,4,2012,6,10,3,0,4,8,FM 428 SHERMAN RD,,101,33.30483333,-97.02323611,0,12,2,0,1,1,0,2,1,1,0,1,0,0000000,88,88,88,88,88,88,0,0,0,1,0
48,480704,1,1,0,1,1,1,1,209,6170,6,4,2012,6,22,0,1,11,1,I-35,,78,29.87984444,-97.92490833,0,8,0,1,18,1,0,1,3,1,0,1,0,0000000,88,88,88,88,88,88,0,0,0,1,0
48,480705,2,2,0,0,0,3,3,231,5590,6,4,2012,6,21,50,1,2,3,SR-34,,59,32.903925,-96.12805833,0,12,6,0,8,1,0,1,3,1,0,1,0,0000000,99,99,99,99,99,99,0,0,0,1,0
48,480706,1,1,0,1,1,1,1,397,6010,6,4,2012,6,13,42,0,16,5,JOE BAILEY RD,,0,32.96997778,-96.32065278,0,9,0,0,8,1,0,1,1,1,0,1,0,0000000,99,99,99,99,99,99,0,0,0,1,0
48,480707,1,1,0,0,0,1,1,491,0,6,4,2012,6,0,52,0,4,3,SR-138,,29,30.84448333,-97.87981389,0,32,0,0,1,1,0,4,2,1,0,1,0,0000000,88,88,88,88,88,88,0,0,0,1,1
48,480708,2,2,0,0,0,5,5,27,3690,7,4,2012,7,16,41,0,16,5,STAGECOACH RD,GREEN OAKS RD,0,31.05344167,-97.73693889,0,12,6,0,3,3,0,1,1,1,0,1,0,0000000,16,47,16,54,17,12,0,0,0,1,0
48,480709,1,1,0,0,0,1,1,29,0,7,4,2012,7,12,26,1,2,2,US-90,,37,29.37536389,-98.74276944,0,1,0,1,18,1,0,1,1,1,0,1,0,0000000,12,28,12,36,12,57,0,0,0,1,0
48,480710,1,1,0,0,0,1,1,113,3880,7,4,2012,7,14,30,0,16,5,NOKOMIS RD,,0,32.55576389,-96.72898056,0,34,0,0,1,1,0,4,1,1,0,1,0,0000000,88,88,88,88,88,88,0,0,0,1,0
48,480711,1,1,0,0,0,1,1,113,6685,7,4,2012,7,8,42,1,12,7,US-80,EASTFORK RD,81,32.78172222,-96.54092778,0,1,0,0,1,1,0,1,1,1,0,1,0,0000000,8,49,9,4,9,24,0,0,0,1,0
48,480712,2,2,0,0,0,2,2,339,1510,7,4,2012,7,13,48,1,13,3,SR-105,,221,30.31351944,-95.46842778,0,12,6,0,8,1,1,1,1,1,0,1,0,0000000,88,88,88,88,88,88,0,0,0,1,0
48,480713,1,1,0,0,0,2,2,407,0,7,4,2012,7,20,6,0,6,4,CR-THOMAS WINDT RD,,0,30.44061944,-95.00546944,0,43,0,0,4,1,0,5,3,1,0,1,0,0000000,88,88,88,88,88,88,0,0,0,1,1
48,480714,1,1,0,1,1,1,1,453,330,7,4,2012,7,23,11,1,12,7,US-183,,71,30.3516,-97.7135,0,8,0,0,1,1,0,1,3,1,0,1,0,0000000,88,88,88,88,88,88,0,0,0,1,0
48,480715,1,1,0,1,1,1,1,113,1190,8,4,2012,1,23,7,0,16,5,PGB TURNPIKE,,0,32.95561389,-96.92585833,0,8,0,1,5,1,0,1,3,5,0,5,0,0000000,88,88,88,88,88,88,23,0,0,1,0
48,480716,2,2,0,0,0,2,2,113,1730,8,4,2012,1,5,40,1,11,1,I-20,,96,32.92584167,-96.81975278,0,12,1,0,1,1,1,1,1,1,0,1,0,0000000,88,88,88,88,88,88,0,0,0,1,1
48,480717,1,1,0,0,0,1,1,113,1730,8,4,2012,1,8,55,1,13,8,SL-354,,61,32.91162778,-96.89620278,0,30,0,0,1,1,0,4,9,10,0,10,0,0000000,9,1,9,8,9,28,0,0,0,1,0
48,480718,1,1,0,0,0,1,1,139,2240,8,4,2012,1,16,31,1,13,2,US-287,,22,32.32575833,-96.70473333,0,20,0,0,1,1,0,3,1,2,0,2,0,0000000,88,88,88,88,88,88,0,0,0,1,0
48,480719,1,1,0,0,0,1,1,141,2190,8,4,2012,1,3,59,1,2,8,SL-375,,0,31.82237222,-106.2811583,0,52,0,0,1,1,0,4,2,1,0,1,0,0000000,88,88,88,88,88,88,0,0,0,1,0
48,480720,1,1,0,1,1,2,2,201,2178,8,4,2012,1,0,10,1,13,3,SR-NASA PKWY,,85,29.56632778,-95.05596111,0,8,0,0,1,1,0,1,2,1,0,1,0,0000000,88,88,88,88,88,88,0,0,0,1,0
48,480721,1,1,0,0,0,2,2,201,3320,8,4,2012,1,23,12,0,16,5,SOUTH HOUSTON AVE,,0,29.97354444,-95.26243056,0,42,0,0,1,1,0,4,3,1,0,1,0,0000000,23,17,23,26,23,54,0,0,0,1,0
48,480722,2,2,0,0,0,7,7,231,0,8,4,2012,1,18,0,0,4,8,FM 36,,47,33.09903333,-96.23267222,0,12,6,0,1,1,0,1,1,10,0,10,0,0000000,17,56,18,8,18,33,0,0,0,1,1
48,480723,2,2,0,0,0,8,8,337,0,8,4,2012,1,12,40,0,4,3,SR-101,,23,33.44190556,-97.78573611,0,12,6,0,1,1,0,1,1,2,0,2,0,0000000,12,54,13,2,13,28,0,0,0,1,0
48,480724,2,2,0,0,0,3,3,347,4810,8,4,2012,1,14,48,0,14,8,FM 1275 UNIVERSITY DR,MARTINSVILLE ST,38,31.61094444,-94.64021667,0,12,6,0,2,2,0,1,1,1,0,1,0,0000000,14,58,15,3,15,11,0,0,0,1,0
48,480725,1,1,0,0,0,1,1,439,4300,8,4,2012,1,2,26,0,16,5,HOLLAND RD,,0,32.56881389,-97.06581389,0,38,0,0,1,1,0,5,2,1,0,1,0,0000000,88,88,88,88,88,88,0,0,0,1,0
48,480726,1,1,0,0,0,1,1,453,330,8,4,2012,1,23,8,1,12,2,US-183 RAMP BASTROP HWY,,114,30.22478333,-97.68326667,0,41,0,1,5,1,0,8,2,1,0,1,0,0000000,88,88,88,88,88,88,0,0,0,1,0