STATE,ST_CASE,VE_TOTAL,VE_FORMS,PVH_INVL,PEDS,PERNOTMVIT,PERMVIT,PERSONS,COUNTY,CITY,DAY,MONTH,YEAR,DAY_WEEK,HOUR,MINUTE,NHS,ROAD_FNC,ROUTE,TWAY_ID,TWAY_ID2,MILEPT,LATITUDE,LONGITUD,SP_JUR,HARM_EV,MAN_COLL,RELJCT1,RELJCT2,TYP_INT,WRK_ZONE,REL_ROAD,LGT_COND,WEATHER1,WEATHER2,WEATHER,SCH_BUS,RAIL,NOT_HOUR,NOT_MIN,ARR_HOUR,ARR_MIN,HOSP_HR,HOSP_MN,CF1,CF2,CF3,FATALS,DRUNK_DR
48,480727,1,1,0,0,0,2,2,201,0,9,4,2012,2,4,40,0,6,4,CR-VETERANS MEMORIAL DR,,0,29.97473889,-95.48836389,0,43,0,0,1,1,0,4,3,1,0,1,0,0000000,99,99,99,99,99,99,0,0,0,1,1
48,480728,2,2,0,0,0,5,5,349,0,9,4,2012,2,14,50,0,14,2,US-287,,56,32.03072778,-96.35839444,0,12,1,0,8,1,0,1,1,1,0,1,0,0000000,15,22,15,33,16,23,21,0,0,1,0
48,480729,1,1,0,0,0,1,1,453,0,9,4,2012,2,23,0,0,6,4,CR-OLD HWY 20,,0,30.33492222,-97.51084722,0,24,0,0,1,1,0,4,2,1,0,1,0,0000000,22,56,23,2,23,31,0,0,0,1,1
48,480730,1,1,0,0,0,1,1,453,330,9,4,2012,2,2,23,1,13,8,FM 2222,,18,30.39188056,-97.83096389,0,33,0,0,1,1,0,4,3,1,0,1,0,0000000,88,88,88,88,88,88,0,0,0,1,1
48,480731,2,2,0,2,2,2,2,29,6090,10,4,2012,3,16,50,0,16,5,JUNG RD,BRIARCREST DR,0,29.57645833,-98.40820278,0,12,6,0,2,2,0,1,1,1,0,1,0,0000000,99,99,99,99,99,99,0,0,0,2,0
48,480732,2,2,0,0,0,2,2,139,7270,10,4,2012,3,3,55,1,11,1,I-35,,281,32.47383333,-96.83635556,0,12,1,0,1,1,0,1,2,1,0,1,0,0000000,4,15,4,50,5,20,0,0,0,1,0
48,480733,1,1,0,0,0,1,1,453,5325,6,3,2012,3,15,58,1,13,3,SR-45,HEATHERWILDE BLVD,247,30.48303056,-97.61395278,0,33,0,1,3,1,0,4,1,6,0,6,0,0000000,88,88,88,88,88,88,0,0,0,1,0
48,480734,2,2,0,0,0,2,2,15,0,31,3,2012,7,14,20,0,4,8,FM-389,FM-1457,10,30.02311944,-96.59804444,0,12,6,0,2,2,0,1,1,1,0,1,0,0000000,14,20,14,32,15,24,0,0,0,1,0
48,480735,3,3,0,0,0,6,6,471,3340,3,4,2012,3,1,3,1,11,1,I-45,,109,30.66118056,-95.51123889,0,12,2,0,1,1,0,1,2,1,0,1,0,0000000,1,6,1,14,1,43,0,0,0,2,1
48,480736,1,1,0,0,0,1,1,61,940,11,4,2012,4,17,30,1,13,3,SR-550,,14,26.02176944,-97.50688611,0,1,0,0,1,1,0,3,1,1,0,1,0,0000000,17,33,17,41,17,57,0,0,0,1,0
48,480737,2,2,0,1,1,1,1,201,0,11,4,2012,4,7,35,0,6,4,CR-CYPRESS ROSEHILL RD,,0,29.98588611,-95.69941389,0,8,0,0,1,1,0,1,1,1,0,1,0,0000000,88,88,88,88,88,88,0,0,0,1,0
48,480738,1,1,0,1,1,1,1,201,0,11,4,2012,4,12,23,1,13,3,SR-6,,47,29.87099167,-95.64523611,0,8,0,0,1,1,0,1,1,1,0,1,0,0000000,12,24,12,31,12,53,0,0,0,1,0
48,480739,5,5,0,0,0,6,6,201,3280,11,4,2012,4,23,43,1,12,7,US-59,TIDWELL RD,12,29.84870556,-95.33303889,0,12,6,1,2,2,0,1,3,1,0,1,0,0000000,23,45,23,48,0,19,0,0,0,1,1
48,480740,2,2,0,0,0,2,2,339,0,12,4,2012,5,21,26,0,3,8,FM 1314,,88,30.22474167,-95.36139167,0,12,6,0,1,1,0,1,2,1,0,1,0,0000000,21,26,21,32,22,19,0,0,0,1,1
48,480741,1,1,0,0,0,1,1,29,6090,13,4,2012,6,3,13,0,16,5,HEATH RD,,0,29.48545556,-98.63733056,0,30,0,0,1,1,0,4,3,1,0,1,0,0000000,99,99,99,99,99,99,0,0,0,1,1
48,480742,3,1,2,0,1,1,2,85,1730,13,4,2012,6,22,48,0,16,5,DUFFIELD DR,MCCALLUM BLVD,0,32.98781111,-96.79125556,0,33,0,0,3,4,0,4,3,10,0,10,0,0000000,99,99,99,99,99,99,14,0,0,1,1
48,480743,1,1,0,0,0,1,1,99,1540,13,4,2012,6,1,39,0,16,5,D AVE,,0,31.13213056,-97.91505833,0,1,0,0,1,1,0,4,2,1,0,1,0,0000000,99,99,99,99,99,99,0,0,0,1,1
48,480744,1,1,0,0,0,1,1,439,2850,13,4,2012,6,3,16,1,12,3,SR-114,,105,32.93146944,-97.03446389,0,59,0,0,1,1,1,8,2,1,0,1,0,0000000,88,88,88,88,88,88,0,0,0,1,0
48,480745,1,1,0,0,0,4,4,27,3690,14,4,2012,7,19,39,0,16,5,N COLLEGE ST,W CHURCH ST,0,31.12481389,-97.73133889,0,30,0,0,3,2,0,4,5,10,0,10,0,0000000,19,43,19,47,20,7,20,0,0,2,0
48,480746,1,1,0,0,0,3,3,237,0,14,4,2012,7,0,35,0,3,2,US-281,SR-199,374,33.13690278,-98.07903611,0,1,0,0,3,4,0,4,3,1,0,1,0,0000000,0,50,1,12,1,56,0,0,0,1,0
48,480747,2,2,0,0,0,3,3,257,0,14,4,2012,7,12,30,0,3,3,SR-243,FM2727,111,32.58508333,-96.27916944,0,12,6,0,2,3,0,1,1,10,0,10,0,0000000,12,36,13,6,13,36,0,0,0,1,1
48,480748,3,3,0,0,0,5,5,309,0,14,4,2012,7,18,50,1,2,3,SR-6,CR-OLD CRAWFORD RD,92,31.58968056,-97.32784722,0,12,1,0,3,4,0,1,1,1,0,1,0,0000000,18,57,19,7,19,57,0,0,0,1,0
48,480749,2,2,0,0,0,4,4,339,0,14,4,2012,7,18,34,0,4,3,SR-75,,31,30.48220278,-95.49321944,0,12,8,0,8,1,0,1,1,1,0,1,0,0000000,18,34,18,38,19,25,0,0,0,1,0
48,480750,2,2,0,0,0,3,3,463,7090,14,4,2012,7,14,18,1,13,2,US-90 N MAIN ST,FM481 N SGT JOEY ALVAREZ,196,29.20020556,-99.81042222,0,12,6,0,2,2,0,1,1,1,0,1,0,0000000,14,46,15,17,16,9,0,0,0,1,0
48,480751,1,1,0,0,0,2,2,497,0,14,4,2012,7,17,24,1,2,2,US-81,,72,33.34670556,-97.68523889,0,52,0,1,19,1,0,10,1,1,0,1,0,0000000,17,25,17,34,18,3,0,0,0,1,0
48,480752,2,2,0,0,0,2,2,27,570,15,4,2012,1,7,41,1,13,2,US-190,,257,31.05230278,-97.49851389,0,12,1,0,1,1,0,1,1,10,0,10,0,0000000,7,44,7,49,8,3,0,0,0,1,0
48,480753,1,1,0,1,1,1,1,201,0,15,4,2012,1,4,0,1,12,3,SR-249 MT HOUSTON RD,,219,29.89790278,-95.43573611,0,8,0,0,1,1,0,1,2,10,0,10,0,0000000,88,88,88,88,88,88,0,0,0,1,0
48,480754,2,2,0,0,0,4,4,201,0,15,4,2012,1,4,40,1,12,7,SL 8 SAM HOUSTON PKWY,CR-LEE RD,124,29.94026667,-95.30336111,0,12,1,1,3,2,0,1,3,1,0,1,0,0000000,5,19,5,30,6,20,0,0,0,1,1
48,480755,3,2,1,0,0,3,3,201,0,15,4,2012,1,13,43,0,6,4,CR-MOSSFOREST DR,CR-WILD OAK DR,0,30.03139167,-95.44806667,0,12,2,0,2,3,0,1,1,10,0,10,0,0000000,13,59,14,11,14,49,0,0,0,1,1
48,480756,1,1,0,0,0,6,6,253,30,15,4,2012,1,3,39,0,14,8,FM 600,,54,32.53480833,-99.71843333,0,42,0,0,1,1,0,5,2,10,0,10,0,0000000,99,99,99,99,99,99,0,0,0,2,1
48,480757,1,1,0,0,0,1,1,303,4140,15,4,2012,1,4,28,1,12,7,SL 289,,83,33.52895,-101.8447722,0,24,0,1,19,1,0,10,2,1,0,1,0,0000000,88,88,88,88,88,88,0,0,0,1,1
48,480758,1,1,0,0,0,2,2,325,3250,15,4,2012,1,2,0,0,16,5,CASTRO AVE,,0,29.36320833,-99.15952222,0,58,0,0,1,1,0,4,2,1,0,1,0,0000000,2,15,2,36,3,13,0,0,0,1,1
48,480759,2,2,0,0,0,3,3,397,5910,15,4,2012,1,10,19,1,13,3,SR-205 GOLIAD ST,ST MARY ST,13,32.92581944,-96.46035,0,12,6,0,2,3,0,1,1,1,0,1,0,0000000,10,22,10,24,10,45,0,0,0,1,0
48,480760,1,1,0,1,1,1,1,439,2450,15,4,2012,1,1,46,1,11,1,I-30,,209,32.732875,-97.37044722,0,8,0,1,18,1,0,1,3,10,0,10,0,0000000,1,48,1,58,2,19,0,0,0,1,0
48,480761,2,2,0,0,0,3,3,441,30,15,4,2012,1,20,52,1,13,8,BU 83D TREADAWAY BLVD,NORTH 10TH ST,50,32.46002222,-99.72568056,0,12,6,0,2,2,0,1,3,1,0,1,0,0000000,99,99,99,99,99,99,0,0,0,2,0
48,480762,2,2,0,0,0,2,2,113,0,16,4,2012,2,4,57,0,6,4,CR-MILLER RD,ROWLETT RD,0,32.89378333,-96.56943611,0,12,6,0,2,2,1,1,3,1,0,1,0,0000000,4,53,4,56,5,32,20,0,0,1,1
48,480763,1,1,0,0,0,1,1,113,1730,16,4,2012,2,11,42,0,16,5,HAMPTON RD,,0,32.70801111,-96.85718333,0,33,0,0,1,1,0,4,1,1,0,1,0,0000000,88,88,88,88,88,88,0,0,0,1,0
48,480764,1,1,0,0,0,2,2,215,0,16,4,2012,2,2,0,1,13,3,SR-107,,250,26.29671944,-98.08061389,0,34,0,0,1,1,0,4,3,1,0,1,0,0000000,99,99,99,99,99,99,0,0,0,1,1
48,480765,1,1,0,0,0,1,1,339,0,16,4,2012,2,16,15,0,4,8,FM 149,,80,30.50651111,-95.71715278,1,42,0,0,1,1,0,4,1,1,0,1,0,0000000,88,88,88,88,88,88,0,0,0,1,0
48,480766,1,1,0,1,1,1,1,423,7070,16,4,2012,2,8,40,1,13,8,SL 323,,189,32.3106,-95.27453889,0,9,0,0,8,1,0,1,1,1,0,1,0,0000000,8,43,8,49,8,59,0,0,0,1,1
48,480767,3,2,1,0,0,6,6,485,7490,16,4,2012,2,12,6,1,12,7,US-277 HOLLIDAY ST,11TH ST,102,33.90389722,-98.49871389,0,12,6,1,2,2,0,1,1,1,0,1,0,0000000,12,13,12,15,12,23,0,0,0,1,0
48,480768,2,2,0,0,0,9,9,113,1730,17,4,2012,3,21,17,1,11,1,I-35E RL THORNTON FWY,,106,32.70178889,-96.82486389,0,12,1,1,18,1,0,1,2,1,0,1,0,0000000,21,23,21,32,21,54,23,0,0,2,0
48,480769,1,1,0,0,0,2,2,141,0,17,4,2012,3,13,6,1,11,1,I-10,,40,31.94278333,-106.5826806,0,43,0,0,1,1,0,4,1,1,0,1,0,0000000,13,6,13,15,13,43,0,0,0,1,0
48,480770,2,2,0,0,0,2,2,201,5230,17,4,2012,3,14,56,1,12,7,SL 8 SAM HOUSTON TLWY,PRESTON RD,225,29.63366667,-95.16779167,0,12,6,1,2,2,0,1,1,1,0,1,0,0000000,15,1,15,9,15,34,0,0,0,1,0
48,480771,2,2,0,0,0,3,3,141,2190,18,4,2012,4,22,29,1,13,2,US-62 E PAISANO DR,TROWBRIDGE ST,107,31.78181389,-106.419925,0,12,6,0,2,2,0,1,3,1,0,1,0,0000000,22,29,22,43,23,2,0,0,0,1,0
48,480772,1,1,0,0,0,1,1,185,0,18,4,2012,4,20,30,0,6,4,CR-162,,0,30.7194,-96.16586944,0,35,0,0,1,1,0,4,2,1,0,1,0,0000000,88,88,88,88,88,88,0,0,0,1,0
48,480773,3,3,0,0,0,4,4,201,3280,18,4,2012,4,17,55,1,11,7,I-610 S LOOP E,WAYSIDE DR,98,29.803875,-95.28468611,0,12,6,1,2,2,0,1,1,1,0,1,0,0000000,18,2,18,8,18,34,0,0,0,1,1
48,480774,1,1,0,1,1,2,2,215,2110,18,4,2012,4,20,30,0,14,8,FM 1426 RAUL LONGORIA RD,,8,26.2869,-98.13891667,0,8,0,0,1,1,0,1,2,1,0,1,0,0000000,88,88,88,88,88,88,0,0,0,1,0
48,480775,1,1,0,0,0,1,1,5,0,19,4,2012,5,21,50,0,3,3,SR-63,,102,31.10608889,-94.27967778,0,1,0,0,1,1,0,4,2,1,0,1,0,0000000,88,88,88,88,88,88,0,0,0,1,0
48,480776,3,3,0,0,0,3,3,201,3280,19,4,2012,5,9,40,0,16,5,VICTORY DR,ALABONSON RD,0,29.86572222,-95.48038889,0,12,1,0,3,3,0,1,1,1,0,1,0,0000000,9,48,9,53,10,36,0,0,0,1,0
48,480777,2,2,0,0,0,3,3,201,3320,19,4,2012,5,7,51,0,16,5,WILL CLAYTON PKWY,,0,29.97907222,-95.24758889,0,30,0,0,1,1,0,4,1,1,0,1,0,0000000,7,59,8,17,8,48,14,0,0,2,0
48,480778,1,1,0,0,0,1,1,201,3890,19,4,2012,5,18,55,1,12,3,SR-146,,96,29.68636667,-95.03016111,0,25,0,1,18,1,0,10,1,1,0,1,0,0000000,18,55,19,0,19,39,0,0,0,1,0
48,480779,2,2,0,0,0,2,2,201,3280,19,4,2012,5,22,49,0,16,5,FAIRLAKE LN,PAGE LN,0,30.01554722,-95.11255,0,12,98,0,2,3,0,1,3,10,0,10,0,0000000,88,88,88,88,88,88,0,0,0,1,1
48,480780,2,2,0,0,0,2,2,483,0,19,4,2012,5,8,9,0,3,3,SR-152,,96,35.44441944,-100.1005861,0,12,2,0,1,1,0,1,1,1,0,1,0,0000000,99,99,99,99,99,99,0,0,0,1,0
48,480781,1,1,0,0,0,1,1,113,2590,22,1,2012,1,15,58,0,16,5,N FIRST ST,,0,32.92026944,-96.63073056,0,33,0,0,1,1,0,3,1,1,0,1,0,0000000,15,58,16,0,16,40,0,0,0,1,0
48,480782,1,1,0,0,0,3,3,113,1730,26,1,2012,5,16,13,1,13,3,SR-342 S LANCASTER RD,,84,32.67151944,-96.78306111,0,38,0,0,1,1,0,4,1,1,0,1,0,0000000,16,13,16,17,17,7,0,0,0,1,0
48,480783,2,2,0,0,0,3,3,397,1730,12,2,2012,1,0,35,1,11,1,I-30,,40,32.89043056,-96.488125,0,12,1,0,1,1,0,1,2,1,0,1,0,0000000,99,99,99,99,99,99,0,0,0,1,1
48,480784,1,1,0,1,1,1,1,427,0,24,3,2012,7,0,5,1,2,2,US-83,,343,26.34912222,-98.75933611,0,8,0,0,1,1,0,1,2,1,0,1,0,0000000,88,88,88,88,88,88,0,0,0,1,0
48,480785,2,1,1,0,2,1,3,29,6090,25,1,2012,4,14,8,0,16,5,AUSTIN ST,,0,29.43725556,-98.47553056,0,14,0,0,1,1,0,7,1,10,0,10,0,0000000,14,8,14,16,14,42,0,0,0,1,0
48,480786,1,1,0,0,0,2,2,501,0,7,4,2012,7,1,1,0,6,4,CR-390 LIGHT PLANT RD,,0,32.96415556,-102.7708972,0,53,0,0,1,1,0,4,2,1,0,1,0,0000000,1,6,1,14,1,34,0,0,0,1,1
48,480787,1,1,0,0,0,20,20,215,0,9,4,2012,2,10,10,1,13,2,US-83,,70,26.24818056,-98.48836667,0,38,0,0,1,1,0,4,1,1,0,1,0,0000000,99,99,10,13,10,45,0,0,0,1,0
48,480788,2,2,0,0,0,2,2,305,0,9,4,2012,2,15,34,1,2,2,US-87,,41,33.33305278,-101.8064,0,12,7,0,7,1,0,1,1,1,0,1,0,0000000,88,88,88,88,88,88,0,0,0,1,0
48,480789,1,1,0,0,0,1,1,401,0,9,4,2012,2,22,32,0,4,8,FM225,,231,31.94762222,-94.82003056,0,11,0,0,1,1,0,1,2,1,0,1,0,0000000,88,88,88,88,88,88,0,0,0,1,0
48,480790,2,2,0,0,0,2,2,113,1730,10,4,2012,3,17,39,0,16,5,ABRAMS RD,VANDERBILT AVE,0,32.82424167,-96.75286944,0,12,6,0,3,3,0,1,1,1,0,1,0,0000000,17,43,17,49,18,22,0,0,0,1,0
48,480791,2,2,0,0,0,3,3,409,0,11,4,2012,4,16,36,1,2,2,US-77,CR-2081,178,27.93029444,-97.60285,0,12,6,0,2,3,0,1,1,2,0,2,0,0000000,99,99,99,99,99,99,0,0,0,1,0
48,480792,2,2,0,0,0,3,3,365,0,12,4,2012,5,13,42,1,13,2,US-79,,57,32.34360278,-94.1133,0,12,1,0,1,1,1,1,1,1,0,1,0,0000000,88,88,88,88,88,88,0,0,0,2,0
48,480793,1,1,0,0,0,4,4,409,0,15,4,2012,1,19,44,1,1,1,I-37,,56,27.96689444,-97.66763056,0,59,0,0,1,1,0,3,1,1,0,1,0,0000000,19,50,20,4,20,53,0,0,0,1,1
48,480794,1,1,0,0,0,1,1,409,240,15,4,2012,1,3,3,0,16,5,S AVE A,,0,27.90510556,-97.17175833,0,42,0,0,1,1,0,4,2,6,0,6,0,0000000,88,88,88,88,88,88,20,0,0,1,1
48,480795,1,1,0,0,0,2,2,73,0,17,4,2012,3,20,3,0,6,4,CR-4209,,0,31.97203889,-95.22834167,0,42,0,0,1,1,0,4,2,1,0,1,0,426611U,99,99,99,99,99,99,0,0,0,1,1
48,480796,1,1,0,0,0,3,3,113,1730,18,4,2012,4,22,5,0,16,5,SINGLETON BLVD,,0,32.77888333,-96.86161389,0,33,0,0,1,1,0,4,3,1,0,1,0,0000000,22,16,22,22,22,46,0,0,0,1,1
48,480797,3,3,0,1,1,7,7,135,5030,20,4,2012,6,21,23,1,13,2,US-385 S GRANT AVE,,19,31.82115833,-102.3563472,0,8,0,0,1,1,0,1,2,1,0,1,0,0000000,88,88,88,88,88,88,0,0,0,1,0
48,480798,2,2,0,0,0,3,3,179,0,20,4,2012,6,15,35,1,1,1,I-40,,57,35.21286667,-100.7519333,0,57,0,0,1,1,0,3,1,1,0,1,0,0000000,15,44,15,49,16,45,0,0,0,1,0
48,480799,1,1,0,1,1,1,1,453,330,20,4,2012,6,2,1,0,16,5,CROSSING PL,,0,30.23644444,-97.71416667,0,8,0,0,1,1,0,1,3,1,0,1,0,0000000,2,2,2,7,2,29,0,0,0,1,0
48,480800,1,1,0,1,1,1,1,27,3690,21,4,2012,7,3,27,0,16,5,E ELMS RD,,0,31.08263056,-97.74263611,0,8,0,0,1,1,0,1,2,1,0,1,0,0000000,88,88,88,88,88,88,0,0,0,1,0
48,480801,1,1,0,1,1,2,2,139,0,21,4,2012,7,15,24,0,14,8,FM 875,,142,32.41284444,-97.01834444,0,8,0,0,1,1,0,1,1,1,0,1,0,0000000,16,17,16,43,17,29,16,0,0,1,0
48,480802,1,1,0,1,1,4,4,251,1030,21,4,2012,7,3,10,1,11,1,I-35,,159,32.46088889,-97.26369167,0,8,0,0,1,1,0,1,2,1,0,1,0,0000000,88,88,88,88,88,88,0,0,0,1,0
48,480803,1,1,0,1,1,1,1,251,1030,21,4,2012,7,3,10,1,11,1,I-35,,159,32.46096111,-97.26373611,0,8,0,0,1,1,0,1,2,1,0,1,0,0000000,88,88,88,88,88,88,19,0,0,1,0
48,480804,1,1,0,0,0,1,1,407,0,21,4,2012,7,16,51,0,3,8,FM 2025,,119,30.40413333,-95.10796389,0,1,0,0,1,1,0,4,1,1,0,1,0,0000000,17,9,17,36,18,28,0,0,0,1,1
48,480805,1,1,0,0,0,1,1,59,0,22,4,2012,1,6,50,0,4,2,US-283,,115,32.36367778,-99.38112222,0,42,0,0,1,1,0,4,4,1,0,1,0,0000000,88,88,88,88,88,88,0,0,0,1,0
48,480806,1,1,0,0,0,1,1,201,0,22,4,2012,1,3,40,1,13,2,US-290 NORTHWEST FWY,,171,29.95773889,-95.68002222,0,52,0,0,1,1,0,10,2,1,0,1,0,0000000,88,88,88,88,88,88,0,0,0,1,1
48,480807,1,1,0,0,0,4,4,201,3280,22,4,2012,1,3,0,0,16,5,HOFFMAN ST,,0,29.78321111,-95.31052222,0,42,0,0,1,1,0,4,3,1,0,1,0,0000000,3,6,3,10,3,46,0,0,0,3,1
48,480808,1,1,0,0,0,4,4,271,0,22,4,2012,1,21,13,1,2,2,US-277,,65,29.17715278,-100.6914028,0,35,0,0,1,1,0,4,2,1,0,1,0,0000000,21,21,22,0,23,24,0,0,0,1,1
48,480809,2,2,0,0,0,2,2,367,0,22,4,2012,1,8,30,0,5,8,FM 2257 KNOB HILL RD,CR-ALYSSA CT,142,32.97958889,-97.59815833,0,12,6,0,2,3,0,1,1,1,0,1,0,0000000,88,88,88,88,88,88,0,0,0,1,0
48,480810,1,1,0,0,0,1,1,375,0,22,4,2012,1,19,30,0,4,8,RM 1061,,118,35.35127222,-102.0901167,0,38,0,0,1,1,0,4,1,1,0,1,0,0000000,88,88,88,88,88,88,0,0,0,1,1
48,480811,1,1,0,0,0,1,1,425,0,22,4,2012,1,1,43,0,4,8,FM 56,,11,32.19506944,-97.71755556,0,59,0,0,1,1,0,4,2,1,0,1,0,0000000,88,88,88,88,88,88,0,0,0,1,1
48,480812,2,2,0,0,0,2,2,135,5030,23,4,2012,2,0,47,1,12,3,SR-191,,56,31.89145556,-102.3433889,0,12,6,0,8,1,0,1,3,1,0,1,0,0000000,0,46,0,51,1,33,0,0,0,1,0
48,480813,1,1,0,0,0,1,1,201,0,23,4,2012,2,2,40,0,6,5,WESTFIELD VILLAGE,,0,29.84625278,-95.72944722,0,19,0,0,1,1,0,5,3,1,0,1,0,0000000,88,88,88,88,88,88,0,0,0,1,0
48,480814,3,3,0,0,0,3,3,251,1030,23,4,2012,2,16,35,0,16,5,HOUSTON RD,,0,32.53491667,-97.28251389,0,12,2,0,1,1,0,1,1,1,0,1,0,0000000,16,48,17,0,17,16,0,0,0,1,0
48,480816,1,1,0,1,1,1,1,347,0,23,4,2012,2,19,35,0,3,3,SR-21,,149,31.621975,-94.72066389,0,8,0,0,1,1,0,1,1,1,0,1,0,0000000,19,49,19,57,20,19,0,0,0,1,0
48,480817,1,1,0,0,0,1,1,353,0,23,4,2012,2,1,0,0,4,3,SR-70,,104,32.34568056,-100.3521639,0,33,0,0,1,1,0,4,2,1,0,1,0,0000000,88,88,88,88,88,88,0,0,0,1,0
48,480818,2,2,0,0,0,2,2,3,180,24,4,2012,3,6,40,1,13,2,US-385 MAIN ST,MUSTANG,155,32.30635556,-102.5424861,0,12,6,0,2,2,0,1,4,1,0,1,0,0000000,88,88,88,88,88,88,0,0,0,1,0
48,480819,1,1,0,1,1,1,1,27,6810,24,4,2012,3,22,0,1,13,7,US-190,,28,31.08501111,-97.38424444,0,8,0,0,1,1,0,1,2,1,0,1,0,0000000,99,99,99,99,99,99,0,0,0,1,0
48,480820,1,1,0,0,0,2,2,113,1730,24,4,2012,3,4,25,0,16,5,REGAL ROW,,98,32.82781389,-96.88553333,0,30,0,0,1,1,0,8,3,1,0,1,0,0000000,4,29,4,34,4,50,0,0,0,1,0
48,480821,3,3,0,0,0,4,4,201,480,24,4,2012,3,5,37,1,13,3,SR-146,,0,29.77010278,-94.91683056,0,12,7,0,1,1,0,1,2,1,0,1,0,0000000,5,37,5,50,6,11,0,0,0,1,0
48,480822,2,2,0,1,1,2,2,201,3280,24,4,2012,3,6,48,0,16,5,ELYSIAN ST,CAVALCADE ST,0,29.80345278,-95.35144722,0,12,6,0,2,2,0,1,1,1,0,1,0,0000000,6,50,6,52,7,28,0,0,0,1,0
48,480823,2,2,0,0,0,2,2,453,0,24,4,2012,3,8,53,1,13,3,SR-71,,180,30.27361944,-97.91325556,0,1,0,0,8,1,1,1,1,1,0,1,0,0000000,88,88,88,88,88,88,14,0,0,1,0
48,480824,2,2,0,0,0,2,2,39,0,25,4,2012,4,9,10,1,13,8,BS288B,,45,29.102325,-95.41801111,0,12,1,0,8,1,0,1,1,1,0,1,0,0000000,9,13,9,22,9,59,0,0,0,1,0
48,480825,1,1,0,0,0,1,1,85,5390,25,4,2012,4,16,51,0,16,5,PRESTON MEADOW DR,SPRING CREEK PKWY,0,33.06009167,-96.77870278,0,33,0,0,3,1,0,4,1,1,0,1,0,0000000,16,52,16,59,17,11,0,0,0,1,1
48,480826,2,1,1,2,2,2,2,167,2570,25,4,2012,4,18,5,0,16,5,SEAWALL BLVD,,0,29.29705,-94.77906389,0,8,0,0,1,1,0,4,1,1,0,1,0,0000000,18,15,18,19,18,33,0,0,0,2,1
48,480827,2,2,0,0,0,2,2,201,3280,25,4,2012,4,22,55,0,16,5,RICHMOND AVE,,0,29.73447778,-95.39802222,0,12,1,0,1,1,0,1,3,1,0,1,0,0000000,22,55,23,7,23,19,0,0,0,1,1
48,480829,2,2,0,0,0,3,3,309,7210,26,4,2012,5,6,20,0,16,5,ORCHARD LN,KENDALL LN,0,31.56789167,-97.10424722,0,12,6,0,2,3,0,1,4,1,0,1,0,0000000,88,88,88,88,88,88,0,0,0,1,0
48,480830,1,1,0,0,0,2,2,485,0,26,4,2012,5,15,20,1,12,2,US-287,,242,33.95730556,-98.60997222,0,32,0,0,1,1,0,4,1,1,0,1,0,0000000,15,22,15,30,15,52,0,0,0,1,0
48,480831,1,1,0,0,0,1,1,497,0,26,4,2012,5,15,1,0,4,8,FM 730,,89,33.12249722,-97.58505278,0,32,0,0,1,1,0,4,1,1,0,1,0,0000000,88,88,88,88,88,88,0,0,0,1,0
48,480832,2,2,0,0,0,2,2,29,6090,27,4,2012,6,20,10,1,11,1,I-10W,,171,29.52128889,-98.55511667,0,12,6,1,18,1,0,1,3,1,0,1,0,0000000,20,16,20,23,20,50,0,0,0,1,1
48,480833,1,1,0,1,1,1,1,183,4080,27,4,2012,6,5,15,1,13,3,SR-300 GILMER RD,,61,32.52533056,-94.78358333,0,8,0,0,1,1,0,1,2,1,0,1,0,0000000,5,20,5,24,5,39,0,0,0,1,0
48,480834,1,1,0,1,1,2,2,201,0,27,4,2012,6,13,55,0,14,8,FM 2920,,188,30.07035,-95.44858333,0,8,0,0,1,1,0,1,1,1,0,1,0,0000000,88,88,88,88,88,88,0,0,0,1,0
48,480835,2,2,0,0,0,5,5,27,3690,28,4,2012,7,0,52,1,13,8,BU 190 VETERANS MEMORIAL BLVD,,37,31.09466111,-97.68560278,0,12,1,0,1,1,0,1,2,1,0,1,0,0000000,88,88,88,88,88,88,0,0,0,1,1
48,480836,2,2,0,0,0,2,2,89,0,28,4,2012,7,5,35,0,4,8,FM 3013,,61,29.59400556,-96.28331389,0,1,0,0,1,1,0,1,2,10,0,10,0,0000000,99,99,99,99,99,99,0,0,0,1,0
48,480837,1,1,0,0,0,2,2,113,1240,28,4,2012,7,1,7,1,12,2,US-67,,171,32.59765,-96.93801944,0,5,0,0,1,1,0,3,2,1,0,1,0,0000000,88,88,88,88,88,88,0,0,0,2,1
48,480838,1,1,0,0,0,1,1,157,0,28,4,2012,7,2,32,0,6,4,CR-READING RD,,0,29.53148889,-95.72615278,0,33,0,0,1,1,0,4,3,10,0,10,0,0000000,88,88,88,88,88,88,0,0,0,1,1
48,480839,3,3,0,0,0,8,8,423,0,28,4,2012,7,21,10,1,2,2,US-69,,128,32.16263611,-95.31485833,0,12,2,0,1,1,0,1,2,1,0,1,0,0000000,21,8,21,9,21,49,0,0,0,1,1
48,480840,2,2,0,0,0,2,2,41,970,29,4,2012,1,3,31,1,12,3,SR-6 N EARL RUDDER FWY,,73,30.66316944,-96.32712222,0,12,1,0,1,1,0,1,2,10,0,10,0,0000000,88,88,88,88,88,88,0,0,0,1,1