STATE,ST_CASE,VE_TOTAL,VE_FORMS,PVH_INVL,PEDS,PERNOTMVIT,PERMVIT,PERSONS,COUNTY,CITY,DAY,MONTH,YEAR,DAY_WEEK,HOUR,MINUTE,NHS,ROAD_FNC,ROUTE,TWAY_ID,TWAY_ID2,MILEPT,LATITUDE,LONGITUD,SP_JUR,HARM_EV,MAN_COLL,RELJCT1,RELJCT2,TYP_INT,WRK_ZONE,REL_ROAD,LGT_COND,WEATHER1,WEATHER2,WEATHER,SCH_BUS,RAIL,NOT_HOUR,NOT_MIN,ARR_HOUR,ARR_MIN,HOSP_HR,HOSP_MN,CF1,CF2,CF3,FATALS,DRUNK_DR
48,480841,1,1,0,1,1,4,4,97,2550,29,4,2012,1,12,15,1,11,1,I-35,,187,33.685775,-97.15846389,0,8,0,0,1,1,0,1,1,1,0,1,0,0000000,88,88,88,88,88,88,0,0,0,1,0
48,480842,1,1,0,0,0,1,1,439,3594,29,4,2012,1,23,6,0,16,5,KELLER SMITHFIELD RD,SPYGLASS HILL DR,0,32.92283056,-97.22055833,0,33,0,0,2,2,0,4,3,1,0,1,0,0000000,88,88,88,88,88,88,0,0,0,1,0
48,480843,3,3,0,0,0,3,3,201,0,30,4,2012,2,13,20,1,2,2,US-290,,67,30.03051944,-95.84191667,0,25,0,0,1,1,0,3,1,1,0,1,0,0000000,88,88,88,88,88,88,0,0,0,1,0
48,480844,6,6,0,0,0,8,8,209,990,30,4,2012,2,5,5,1,11,1,I-35,,218,30.06661944,-97.83037222,0,12,1,0,1,1,0,1,2,1,0,1,0,0000000,5,9,5,13,5,53,0,0,0,1,0
48,480845,2,2,0,0,0,2,2,133,0,28,3,2012,4,6,24,0,4,8,FM 2214,CR-534,53,32.34191667,-98.69703333,0,12,6,0,2,3,0,1,2,1,0,1,0,0000000,88,88,88,88,88,88,0,0,0,1,0
48,480846,2,2,0,0,0,4,4,163,0,13,4,2012,6,20,44,0,4,8,FM 1582,,121,28.74884167,-98.95787778,0,44,0,0,1,1,0,1,2,1,0,1,0,0000000,21,4,21,32,22,21,0,0,0,3,1
48,480847,2,2,0,0,0,2,2,239,0,13,4,2012,6,6,0,0,4,3,SR-173,,128,28.86325833,-96.46592778,0,12,2,0,1,1,0,1,2,1,0,1,0,0000000,99,99,99,99,99,99,0,0,0,1,0
48,480849,1,1,0,0,0,1,1,259,0,17,4,2012,3,15,15,0,6,5,CASCADE CAVERNS RD,,0,29.75672222,-98.69608333,0,42,0,0,1,1,0,4,1,1,0,1,0,0000000,88,88,88,88,88,88,0,0,0,1,1
48,480850,1,1,0,0,0,1,1,201,3280,24,4,2012,3,13,57,0,16,5,JOHN F. KENNEDY BLVD,,0,29.96513889,-95.33600556,0,33,0,0,1,1,0,3,1,1,0,1,0,0000000,13,50,14,6,14,13,0,0,0,1,0
48,480851,1,1,0,0,0,2,2,355,0,28,4,2012,7,0,35,0,3,8,FM624,,111,27.87026944,-97.70565,0,1,0,0,1,1,0,4,2,10,0,10,0,0000000,0,36,0,43,1,14,0,0,0,1,1
48,480852,1,1,0,1,1,1,1,29,6090,19,3,2012,2,15,29,0,16,5,WURZBACH RD,,0,29.47083889,-98.62368889,0,8,0,0,1,1,0,1,1,10,0,10,0,0000000,99,99,99,99,99,99,0,0,0,1,0
48,480853,3,3,0,0,0,4,4,163,0,3,4,2012,3,13,15,0,4,3,SR-85,FM1582,50,28.77208889,-98.98456944,0,12,1,0,3,2,0,1,1,1,0,1,0,0000000,99,99,99,99,99,99,0,0,0,2,0
48,480854,2,2,0,0,0,3,3,309,2186,6,4,2012,6,7,57,1,11,1,I-35,,10,31.6724,-97.09942222,0,54,11,0,1,1,1,1,1,1,0,1,0,0000000,88,88,88,88,88,88,14,0,0,1,0
48,480855,1,1,0,0,0,1,1,489,0,7,4,2012,7,1,30,0,4,8,BU77W FLORIDA AVE,,172,26.350175,-97.79102778,0,1,0,0,1,1,0,4,2,1,0,1,0,0000000,88,88,88,88,88,88,0,0,0,1,1
48,480856,1,1,0,1,1,1,1,201,3280,17,4,2012,3,16,45,0,16,5,HAMMERLY,PECH RD,0,29.81104722,-95.49629167,0,8,0,0,2,2,0,1,1,1,0,1,0,0000000,16,49,16,56,17,29,0,0,0,1,0
48,480857,1,1,0,0,0,1,1,309,0,21,4,2012,7,16,50,0,4,8,FM933 GHOLSON RD,,55,31.69694444,-97.21312778,0,1,0,0,1,1,0,4,1,1,0,1,0,0000000,16,58,17,10,17,50,0,0,0,1,0
48,480858,1,1,0,0,0,1,1,411,0,21,4,2012,7,0,3,0,4,8,RM501,,51,30.97969167,-98.63290833,0,1,0,0,1,1,0,4,2,1,0,1,0,0000000,88,88,88,88,88,88,0,0,0,1,1
48,480859,2,2,0,0,0,4,4,477,1287,21,4,2012,7,8,15,1,2,2,US-290,FM1155 MAIN ST,264,30.13538611,-96.25710278,0,12,6,0,2,2,0,1,1,1,0,1,0,0000000,8,18,8,26,8,46,0,0,0,1,0
48,480860,1,1,0,0,0,9,9,149,0,22,4,2012,1,12,33,1,1,1,I-10,,108,29.69126667,-96.99954722,0,1,0,0,1,1,0,1,1,1,0,1,0,0000000,12,38,12,45,13,50,0,0,0,1,0
48,480861,1,1,0,1,1,1,1,439,2450,22,4,2012,1,23,20,1,13,8,SS303 E ROSEDALE ST,,116,32.72947778,-97.21082778,0,8,0,0,1,1,0,1,3,1,0,1,0,0000000,88,88,88,88,88,88,0,0,0,1,0
48,480862,1,1,0,1,1,1,1,439,2450,22,4,2012,1,20,11,0,16,5,WICHITA ST,,0,32.693,-97.280325,0,8,0,0,1,1,0,1,3,1,0,1,0,0000000,20,13,20,17,20,38,0,0,0,1,0
48,480863,1,1,0,0,0,3,3,411,0,25,4,2012,4,15,49,0,6,4,CR-436,CR-440,0,31.10145278,-98.50843611,0,1,0,0,3,4,0,4,1,1,0,1,0,0000000,15,52,16,8,17,59,0,0,0,1,1
48,480864,2,2,0,0,0,3,3,471,0,25,4,2012,4,16,25,0,3,3,SR-30,,95,30.68976944,-95.67591667,0,12,2,0,1,1,0,2,1,1,0,1,0,0000000,16,29,17,4,17,54,0,0,0,1,0
48,480865,1,1,0,1,1,1,1,453,0,28,4,2012,7,14,24,1,13,8,SL360,,217,30.27565,-97.818,0,9,0,0,1,1,0,2,1,1,0,1,0,0000000,88,88,88,88,88,88,0,0,0,1,0
48,480866,2,2,0,0,0,4,4,173,0,29,4,2012,1,22,30,1,2,3,SR-158,,115,31.86377222,-101.6040583,0,12,6,0,1,1,0,1,2,1,0,1,0,0000000,88,88,88,88,88,88,0,0,0,3,0
48,480867,1,1,0,0,0,1,1,339,0,29,4,2012,1,15,15,0,4,8,FM149,,292,30.21355556,-95.68651944,0,35,0,0,1,1,0,4,1,10,0,10,0,0000000,88,88,88,88,88,88,0,0,0,1,0
48,480868,2,2,0,0,0,3,3,145,0,30,4,2012,2,12,50,1,2,3,SR-6,,164,31.24955556,-96.84754722,0,12,6,0,7,1,0,1,1,10,0,10,0,0000000,13,2,13,42,14,10,0,0,0,1,0
48,480869,1,1,0,0,0,3,3,157,0,30,4,2012,2,1,55,1,13,8,FM1093,,124,29.70240556,-95.74123611,0,33,0,0,1,1,0,4,3,1,0,1,0,0000000,1,58,2,16,2,39,0,0,0,2,1
48,480870,1,1,0,1,1,1,1,217,7480,7,3,2012,4,5,32,0,3,3,SR-22,,68,31.94693889,-97.31520278,0,8,0,0,1,1,0,1,2,1,0,1,0,0000000,88,88,88,88,88,88,0,0,0,1,0
48,480871,1,1,0,1,1,2,2,161,0,30,3,2012,6,23,20,0,3,2,US-84,,223,31.71629167,-96.12585556,0,8,0,0,1,1,0,1,2,1,0,1,0,0000000,23,24,23,32,23,52,0,0,0,1,0
48,480872,1,1,0,0,0,1,1,209,0,15,4,2012,1,13,18,0,4,5,FM-150,,106,30.06993333,-98.00069722,0,38,0,0,1,1,0,4,1,1,0,1,0,0000000,99,99,99,99,99,99,0,0,0,1,1
48,480873,2,2,0,0,0,2,2,141,2190,28,4,2012,7,2,29,0,16,5,LEE TREVINO DR,,0,31.76865833,-106.3191361,0,1,0,0,8,1,0,1,3,1,0,1,0,0000000,88,88,88,88,88,88,0,0,0,1,0
48,480874,1,1,0,1,1,3,3,439,2450,28,4,2012,7,12,43,1,11,7,I-35,BERRY ST,40,32.70586111,-97.32026389,0,8,0,1,3,2,0,1,1,1,0,1,0,0000000,12,42,12,46,13,0,0,0,0,1,0
48,480875,2,2,0,0,0,2,2,445,0,29,3,2012,5,8,12,1,2,2,US-82,,107,33.18203056,-102.4105,0,12,2,0,1,1,0,2,1,1,0,1,0,0000000,99,99,99,99,99,99,0,0,0,2,0
48,480876,2,2,0,0,0,2,2,387,0,4,4,2012,4,12,45,1,2,2,US-82,,193,33.60483333,-94.99559722,0,12,6,0,1,1,0,2,1,1,0,1,0,0000000,88,88,88,88,88,88,0,0,0,1,1
48,480877,1,1,0,0,0,6,6,389,0,6,4,2012,6,15,30,1,1,1,I-10,,173,31.009025,-103.8234611,0,1,0,0,1,1,0,3,1,1,0,1,0,0000000,99,99,99,99,99,99,0,0,0,1,0
48,480878,1,1,0,1,1,1,1,113,1730,7,4,2012,7,20,42,0,16,5,HARVEST HILL RD,,0,32.92249444,-96.81051944,0,8,0,0,1,1,0,1,3,10,0,10,0,0000000,20,44,20,46,21,10,0,0,0,1,0
48,480879,2,2,0,0,0,2,2,257,0,15,4,2012,1,13,15,0,5,8,FM 2727,TRAVIS LN,20,32.60074722,-96.25805278,0,12,1,0,3,2,0,1,1,1,0,1,0,0000000,99,99,99,99,99,99,0,0,0,1,0
48,480880,1,1,0,0,0,2,2,497,1780,21,4,2012,7,13,17,0,15,8,FM 51,,220,33.20509722,-97.60204167,0,53,0,0,1,1,0,4,1,1,0,1,0,0000000,13,24,13,50,14,10,0,0,0,1,0
48,480881,1,1,0,0,0,1,1,293,0,24,4,2012,3,9,22,0,4,8,FM 937,,152,31.34197222,-96.40198056,0,1,0,0,1,1,0,4,1,1,0,1,0,0000000,88,88,88,88,88,88,0,0,0,1,0
48,480882,1,1,0,0,0,1,1,113,1730,26,4,2012,5,13,10,0,16,5,DALLAS NORTH TLWY,,0,32.98891111,-96.82868333,0,25,0,1,19,1,0,3,1,1,0,1,0,0000000,88,88,88,88,88,88,0,0,0,1,0
48,480883,2,2,0,0,0,3,3,139,0,27,4,2012,6,6,12,0,3,3,SR-34,,183,32.24864722,-96.73073611,0,12,2,0,1,1,0,1,2,1,0,1,0,0000000,6,40,7,2,7,30,0,0,0,2,0
48,480884,2,2,0,0,0,5,5,231,0,27,4,2012,6,17,55,0,3,8,FM 751,,33,32.87348056,-96.07548889,0,12,6,0,8,1,0,1,1,1,0,1,0,0000000,18,33,18,40,19,31,0,0,0,1,0
48,480885,1,1,0,0,0,4,4,201,3280,29,4,2012,1,1,32,0,16,5,RICE AVE,,0,29.73299444,-95.46838056,0,30,0,0,1,1,0,5,3,1,0,1,0,0000000,1,38,1,48,2,30,0,0,0,1,1
48,480886,2,2,0,0,0,3,3,439,2450,30,4,2012,2,7,29,1,11,1,I-20 RONALD REAGAN MEMORIAL HW,,102,32.66985278,-97.30725833,0,12,1,1,18,1,0,1,1,1,0,1,0,0000000,7,45,7,47,99,99,23,0,0,1,0
48,480887,2,2,0,0,0,2,2,245,5430,12,4,2012,5,14,22,1,12,3,SR-73,,243,29.88541389,-94.00160278,0,12,2,0,1,1,0,1,1,2,0,2,0,0000000,88,88,88,88,88,88,0,0,0,1,1
48,480888,2,2,0,0,0,3,3,283,0,14,4,2012,7,6,38,0,4,8,FM 624,,87,28.20199444,-98.88971667,0,12,2,0,1,1,0,1,4,1,0,1,0,0000000,99,99,99,99,99,99,0,0,0,1,1
48,480889,2,2,0,0,0,4,4,141,2190,21,4,2012,7,11,47,1,13,2,US-62 PAISANO DR,TROWBRIDGE,107,31.781825,-106.419925,0,12,6,0,2,2,0,1,1,1,0,1,0,0000000,88,88,88,88,88,88,0,0,0,1,0
48,480890,1,1,0,0,0,1,1,117,0,22,4,2012,1,14,41,0,5,8,FM 1259,,70,34.80563611,-102.2986806,0,1,0,0,1,1,0,4,1,1,0,1,0,0000000,99,99,99,99,99,99,0,0,0,1,0
48,480891,1,1,0,0,0,1,1,267,0,2,4,2012,2,22,3,1,1,1,I-10,,181,30.34551944,-99.58800278,0,24,0,0,1,1,0,4,2,1,0,1,0,0000000,88,88,88,88,88,88,0,0,0,1,0
48,480892,2,2,0,0,0,3,3,181,550,3,4,2012,3,11,45,0,3,2,US-69,SR-56,129,33.61111667,-96.41041111,0,12,6,0,2,2,0,1,1,10,0,10,0,0000000,11,54,12,2,13,0,0,0,0,1,0
48,480893,2,2,0,0,0,5,5,39,190,4,4,2012,4,11,38,1,13,8,BS 288B,,187,29.17486111,-95.43249167,0,12,2,0,8,1,0,1,1,10,0,10,0,0000000,11,39,11,43,12,6,0,0,0,1,0
48,480894,1,1,0,0,0,1,1,419,1270,8,3,2012,5,12,50,1,13,2,US-96 HURST ST,FOSTER ST,6,31.80221667,-94.19125556,0,1,0,0,1,1,0,11,1,10,0,10,0,0000000,99,99,99,99,99,99,0,0,0,1,0
48,480895,2,2,0,0,0,5,5,113,5730,5,3,2012,2,13,55,0,16,5,MAIN,GREENVILLE AVE,0,32.94831389,-96.72922778,0,12,1,0,3,2,0,1,1,1,0,1,0,0000000,13,56,14,1,14,20,0,0,0,1,0
48,480896,2,2,0,0,0,2,2,453,0,19,4,2012,5,10,46,0,15,8,FM 973,,0,30.46420833,-97.46730833,0,12,2,0,1,1,0,1,1,1,0,1,0,0000000,99,99,99,99,99,99,0,0,0,1,0
48,480897,2,2,0,0,0,2,2,27,3690,25,4,2012,4,21,4,0,14,8,FM 3470,,72,31.06974722,-97.72829722,0,12,6,0,8,1,0,1,3,1,0,1,0,0000000,99,99,99,99,99,99,0,0,0,1,0
48,480898,1,1,0,0,0,2,2,201,3280,28,4,2012,7,2,0,0,16,5,BRIAR FOREST DR,,0,29.74952778,-95.58978056,0,53,0,0,1,1,0,4,3,1,0,1,0,0000000,88,88,88,88,88,88,0,0,0,2,1
48,480899,2,2,0,0,0,2,2,225,0,3,5,2012,5,20,45,0,3,3,SR-21,,101,31.524325,-95.24806389,0,12,1,0,1,1,0,1,2,10,0,10,0,0000000,20,47,21,0,21,45,0,0,0,1,0
48,480900,2,2,0,0,0,2,2,439,4300,3,5,2012,5,10,42,1,13,8,FM 1187,GRIFFIN LN,286,32.58339167,-97.17760833,0,12,6,0,2,3,1,1,1,1,0,1,0,0000000,88,88,88,88,88,88,0,0,0,1,0
48,480901,1,1,0,0,0,4,4,499,0,3,5,2012,5,14,27,0,6,4,CR-2231,,0,32.68081111,-95.55301389,0,23,0,0,1,1,0,4,1,1,0,1,0,0000000,14,27,14,34,15,44,0,0,0,2,0
48,480902,1,1,0,1,1,1,1,29,6090,4,5,2012,6,23,40,0,16,5,CULEBRA,,0,29.44850278,-98.56112222,0,8,0,0,1,1,0,4,3,1,0,1,0,0000000,23,41,23,46,0,5,0,0,0,1,1
48,480903,1,1,0,0,0,1,1,201,0,4,5,2012,6,8,57,0,6,4,CR-W LITTLE YORK RD,,0,29.86297778,-95.61830833,0,42,0,0,1,1,0,3,1,1,0,1,0,0000000,88,88,88,88,88,88,0,0,0,1,1
48,480904,2,2,0,0,0,3,3,229,0,4,5,2012,6,21,30,1,1,1,I-10,,371,31.21743611,-105.4857833,0,12,6,0,1,1,0,4,2,1,0,1,0,0000000,88,88,88,88,88,88,0,0,0,1,0
48,480906,1,1,0,0,0,2,2,507,0,4,5,2012,6,14,57,0,3,2,US-57,,61,28.93538056,-99.73751667,0,1,0,0,1,1,0,4,1,1,0,1,0,0000000,99,99,99,99,99,99,0,0,0,1,0
48,480907,2,2,0,0,0,2,2,27,3690,5,5,2012,7,21,16,1,2,3,SR-195 S FORT HOOD ST,,70,31.03297222,-97.75878056,0,12,2,0,1,1,0,1,2,10,0,10,0,0000000,88,88,88,88,88,88,0,0,0,2,0
48,480908,1,1,0,0,0,3,3,61,3030,5,5,2012,7,2,38,1,12,7,US-83,,90,26.18726389,-97.72411944,0,42,0,0,1,1,0,10,3,1,0,1,0,0000000,2,42,2,46,3,10,0,0,0,1,0
48,480909,1,1,0,0,0,1,1,107,0,5,5,2012,7,9,1,0,4,8,FM261,,30,33.40734722,-101.1668972,0,1,0,0,1,1,0,4,1,1,0,1,0,0000000,88,88,88,88,88,88,0,0,0,1,1
48,480910,2,2,0,0,0,6,6,187,6290,5,5,2012,7,17,56,0,15,8,FM1620,FM78,50,29.59354444,-98.02379444,0,12,6,0,2,2,0,1,1,1,0,1,0,0000000,18,24,18,30,18,52,0,0,0,1,0
48,480911,1,1,0,0,0,1,1,201,0,5,5,2012,7,21,40,0,6,4,CR-TRACY LN,,0,29.81144444,-95.02675833,0,33,0,0,1,1,0,4,2,1,0,1,0,0000000,88,88,88,88,88,88,0,0,0,1,1
48,480912,3,3,0,0,0,3,3,375,150,5,5,2012,7,18,0,1,11,1,I-40,,175,35.195375,-101.8560778,0,12,6,0,1,1,0,1,1,1,0,1,0,0000000,99,99,99,99,99,99,0,0,0,1,0
48,480913,2,2,0,0,0,2,2,381,150,5,5,2012,7,22,22,0,16,5,WESTERN ST,,0,35.17233056,-101.8839361,0,12,1,0,1,1,0,1,3,1,0,1,0,0000000,99,99,99,99,99,99,0,0,0,1,1
48,480914,1,1,0,0,0,2,2,451,0,5,5,2012,7,23,19,1,2,2,US-87,,218,31.59164167,-100.6212417,0,1,0,0,1,1,0,3,2,10,0,10,0,0000000,23,23,23,42,0,5,0,0,0,1,1
48,480915,2,2,0,0,0,6,6,29,6090,6,5,2012,1,13,27,1,11,1,I-35,,299,29.47148889,-98.40536667,0,1,0,0,1,1,0,3,1,1,0,1,0,0000000,13,34,13,43,14,12,0,0,0,2,0
48,480916,1,1,0,1,1,1,1,41,0,6,5,2012,1,2,45,0,5,8,FM-159,,156,30.43301667,-96.22150833,0,8,0,0,1,1,0,1,2,1,0,1,0,0000000,2,46,3,8,3,51,0,0,0,1,0
48,480917,1,1,0,0,0,1,1,201,3280,6,5,2012,1,2,2,0,16,5,VOSS RD,,0,29.74891389,-95.50099722,0,33,0,0,1,1,0,3,3,1,0,1,0,0000000,2,6,2,12,3,4,0,0,0,1,1
48,480918,1,1,0,0,0,1,1,241,0,6,5,2012,1,20,22,1,2,2,US-96,,88,30.35738056,-94.07158333,0,1,0,0,1,1,0,3,2,1,0,1,0,0000000,88,88,88,88,88,88,0,0,0,1,0
48,480920,1,1,0,0,0,2,2,411,0,6,5,2012,1,6,45,0,4,3,SR-16,,214,31.05890278,-98.73156667,0,42,0,0,1,1,0,4,4,10,0,10,0,0000000,99,99,99,99,99,99,0,0,0,1,1
48,480921,1,1,0,0,0,1,1,479,3899,6,5,2012,1,2,18,1,11,1,I-35,,35,27.543675,-99.50296944,0,25,0,0,1,1,0,3,2,1,0,1,0,0000000,99,99,99,99,99,99,0,0,0,1,0
48,480922,1,1,0,0,0,2,2,201,3280,7,5,2012,2,2,40,1,12,2,US-59 EASTEX FWY,,12,29.84943889,-95.33342778,0,25,0,0,1,1,0,3,3,1,0,1,0,0000000,99,99,99,99,2,57,0,0,0,1,0
48,480923,2,2,0,0,0,3,3,215,2110,7,5,2012,2,4,32,1,2,2,US-281,,257,26.41561111,-98.13749167,0,12,6,0,1,1,0,1,3,1,0,1,0,0000000,88,88,88,88,88,88,0,0,0,1,0
48,480924,1,1,0,0,0,2,2,309,0,7,5,2012,2,16,5,0,4,8,FM2671,,41,31.37786944,-97.44664444,0,1,0,0,1,1,0,4,1,10,0,10,0,0000000,16,15,16,42,17,7,0,0,0,1,0
48,480925,1,1,0,2,2,2,2,453,330,7,5,2012,2,17,18,1,13,8,SL343,,14,30.26635,-97.75616111,0,8,0,0,1,1,0,4,1,10,0,10,0,0000000,17,19,17,27,17,49,0,0,0,1,0
48,480926,1,1,0,0,0,1,1,1,0,8,5,2012,3,13,25,0,5,8,FM2574,,31,31.86714722,-95.49541944,0,30,0,0,1,1,0,4,1,2,0,2,0,0000000,13,35,13,49,14,17,0,0,0,1,0
48,480927,4,4,0,0,0,5,5,221,0,8,5,2012,3,11,34,0,4,3,SR-144,FM2425 MITCHELL BEND HWY,67,32.33215,-97.75445556,0,12,6,0,3,2,0,1,1,10,0,10,0,0000000,11,46,12,0,12,22,0,0,0,1,0
48,480928,1,1,0,0,0,1,1,241,0,8,5,2012,3,17,35,0,5,8,FM777,,96,30.85950833,-94.12183056,0,1,0,0,1,1,0,4,1,1,0,1,0,0000000,88,88,88,88,88,88,0,0,0,1,1
48,480929,1,1,0,0,0,1,1,381,150,8,5,2012,3,0,30,0,16,5,SUMMIT CIR,,0,35.16500278,-101.892625,0,53,0,0,1,1,0,4,3,1,0,1,0,0000000,88,88,88,88,88,88,0,0,0,1,0
48,480930,1,1,0,0,0,1,1,39,2490,9,5,2012,4,2,49,0,14,8,FM523,FM1495,262,28.96814444,-95.34944722,0,59,0,0,3,4,0,4,3,1,0,1,0,0000000,99,99,99,99,99,99,0,0,0,1,1
48,480931,2,2,0,0,0,2,2,85,2520,9,5,2012,4,21,27,1,12,7,SR-121,CUSTER RD,168,33.12571667,-96.73315,0,12,1,1,2,2,0,1,3,1,0,1,0,0000000,21,29,21,40,22,10,0,0,0,1,0
48,480932,2,2,0,0,0,2,2,121,1730,9,5,2012,4,7,46,0,16,5,MIDWAY RD,,0,32.99496389,-96.84381111,0,12,6,0,8,1,0,1,1,1,0,1,0,0000000,88,88,88,88,88,88,0,0,0,1,0
48,480933,2,2,0,0,0,2,2,423,7070,9,5,2012,4,21,17,0,15,8,FM-756,,41,32.24941111,-95.27758889,0,12,2,0,1,1,0,1,2,1,0,1,0,0000000,21,22,21,27,21,53,0,0,0,1,0
48,480934,1,1,0,0,0,1,1,439,260,9,5,2012,4,14,7,0,16,5,COLLINS ST,ENDICOTT DR,0,32.66269167,-97.09047778,0,33,0,0,1,1,0,3,1,1,0,1,0,0000000,14,8,14,15,14,56,0,0,0,1,0
48,480935,2,2,0,0,0,2,2,1,0,10,5,2012,5,7,10,0,4,8,FM-645,,148,31.76895556,-95.81607778,0,12,2,0,1,1,0,2,1,10,0,10,0,0000000,7,13,7,33,8,7,0,0,0,1,0
48,480936,2,2,0,0,0,4,4,23,0,10,5,2012,5,22,0,1,2,2,US-277,FM 1152,104,33.54207778,-99.33861667,0,12,6,0,2,2,0,1,2,2,0,2,0,0000000,22,5,22,21,23,2,0,0,0,1,0
48,480937,1,1,0,0,0,1,1,27,4924,10,5,2012,5,2,18,1,12,2,US-190,,142,31.07620833,-97.60663611,0,52,0,0,1,1,0,3,3,1,0,1,0,0000000,88,88,88,88,88,88,0,0,0,1,1
48,480938,2,2,0,0,0,4,4,3,0,16,4,2012,2,14,1,0,4,3,SR-176,FM 1788,404,32.32513333,-102.3975944,0,12,6,0,2,2,0,1,1,1,0,1,0,0000000,14,2,14,17,14,38,0,0,0,1,0
48,480939,2,2,0,0,0,3,3,3,0,18,4,2012,4,15,49,0,3,3,SR-115,CR-5000,113,32.21167222,-102.6888583,0,12,6,0,2,2,0,1,1,1,0,1,0,0000000,15,53,16,4,16,45,0,0,0,1,0
48,480940,1,1,0,0,0,3,3,61,0,27,4,2012,6,1,45,0,3,8,FM-509,,74,26.06698333,-97.73593333,0,1,0,0,1,1,0,4,2,1,0,1,0,0000000,2,0,2,15,2,43,0,0,0,1,1
48,480941,1,1,0,0,0,1,1,215,0,28,4,2012,7,11,5,0,6,4,CR-SENECIO ST,,0,26.32178611,-98.38275833,0,1,0,0,1,1,0,4,1,1,0,1,0,0000000,88,88,88,88,88,88,0,0,0,1,0
48,480942,1,1,0,0,0,1,1,329,0,5,5,2012,7,1,34,0,6,4,CR-1160 SALT LAKE RD,,0,31.86388889,-101.9863556,0,38,0,0,1,1,0,4,2,1,0,1,0,0000000,88,88,88,88,88,88,0,0,0,1,1
48,480943,1,1,0,0,0,4,4,329,0,6,5,2012,1,9,0,1,1,1,I-20,,272,32.08689444,-101.8974278,0,1,0,0,1,1,0,3,1,1,0,1,0,0000000,99,99,9,10,10,35,0,0,0,4,0
48,480944,2,2,0,0,0,8,8,113,1730,6,5,2012,1,17,35,1,13,8,SL12,CHAPEL RD,213,32.856125,-96.8714,0,12,6,0,2,2,0,1,1,1,0,1,0,0000000,17,35,17,41,17,56,0,0,0,1,0
48,480945,2,2,0,0,0,2,2,113,1730,10,5,2012,5,5,47,0,16,5,S COCKRELL HILL RD,RED BIRD LN,0,32.67646389,-96.89131944,0,12,6,0,2,2,0,1,3,1,0,1,0,0000000,5,58,6,4,6,31,0,0,0,1,0
48,480946,1,1,0,1,1,1,1,167,2570,11,5,2012,6,16,18,1,13,3,SR-87 BROADWAY ST,51ST,59,29.29153333,-94.82397778,0,8,0,0,2,2,0,1,1,1,0,1,1,0000000,88,88,88,88,88,88,0,0,0,1,0
48,480947,2,2,0,0,0,4,4,183,4080,11,5,2012,6,18,7,1,13,2,US-80 W MARSHALL AVE,,108,32.50587778,-94.78108056,0,12,6,0,1,1,0,1,1,10,0,10,0,0000000,18,7,18,9,18,32,0,0,0,1,0
48,480948,2,2,0,0,0,3,3,201,3280,11,5,2012,6,15,47,0,16,5,N WILLOW PLACE DR,MISTY WILLOW DR,0,29.96195278,-95.55610833,0,12,6,0,2,2,0,1,1,1,0,1,0,0000000,15,49,15,56,16,25,0,0,0,1,0
48,480949,2,2,0,0,0,2,2,445,0,11,5,2012,6,14,24,0,14,3,SR-137,CR-460 DAWSON ST,108,33.15206944,-102.2819194,0,1,0,0,2,2,0,1,1,2,0,2,0,0000000,99,99,99,99,99,99,0,0,0,1,0
48,480950,2,2,0,0,0,5,5,339,1510,12,5,2012,7,6,50,0,15,8,FM3083,AVE M EXT,85,30.31068889,-95.40559444,0,12,6,0,2,2,0,1,4,1,0,1,0,0000000,99,99,99,99,99,99,0,0,0,3,0
48,480951,1,1,0,0,0,1,1,355,5850,12,5,2012,7,1,40,0,16,5,CR44,,0,27.81082222,-97.63798056,0,1,0,0,1,1,0,1,3,1,0,1,0,0000000,88,88,88,88,88,88,0,0,0,1,0
48,480952,1,1,0,0,0,1,1,105,0,13,5,2012,1,22,45,0,6,4,CR-208,,0,31.01055833,-101.6545306,0,1,0,0,1,1,0,4,2,10,0,10,0,0000000,88,88,88,88,88,88,0,0,0,1,0
48,480953,1,1,0,0,0,3,3,113,1240,13,5,2012,1,18,55,1,13,8,FM1382 S BELTLINE RD,,93,32.62067222,-96.97496389,0,1,0,0,1,1,0,4,1,1,0,1,0,0000000,99,99,99,99,99,99,0,0,0,1,0
48,480954,1,1,0,0,0,1,1,203,0,13,5,2012,1,20,5,0,5,8,FM968,,48,32.46057778,-94.63691389,0,32,0,0,1,1,0,4,5,1,0,1,0,0000000,88,88,88,88,88,88,0,0,0,1,1
48,480955,1,1,0,0,0,6,6,415,0,13,5,2012,1,17,19,1,2,2,US-84,,312,32.65212778,-100.7773694,0,1,0,0,1,1,0,4,1,10,0,10,0,0000000,17,20,17,35,18,19,0,0,0,1,0
48,480956,1,1,0,0,0,1,1,467,0,13,5,2012,1,6,40,0,5,8,RM2909,,51,32.47344444,-95.82154167,0,1,0,0,1,1,0,1,1,1,0,1,0,0000000,88,88,88,88,88,88,0,0,0,1,1
48,480957,1,1,0,0,0,2,2,1,5170,14,5,2012,2,23,0,0,15,8,FM3309 N LINK ST,,66,31.78875833,-95.63059444,0,30,0,0,1,1,0,4,2,1,0,1,0,0000000,0,11,0,17,0,45,18,0,0,1,0