STATE,ST_CASE,VE_TOTAL,VE_FORMS,PVH_INVL,PEDS,PERNOTMVIT,PERMVIT,PERSONS,COUNTY,CITY,DAY,MONTH,YEAR,DAY_WEEK,HOUR,MINUTE,NHS,ROAD_FNC,ROUTE,TWAY_ID,TWAY_ID2,MILEPT,LATITUDE,LONGITUD,SP_JUR,HARM_EV,MAN_COLL,RELJCT1,RELJCT2,TYP_INT,WRK_ZONE,REL_ROAD,LGT_COND,WEATHER1,WEATHER2,WEATHER,SCH_BUS,RAIL,NOT_HOUR,NOT_MIN,ARR_HOUR,ARR_MIN,HOSP_HR,HOSP_MN,CF1,CF2,CF3,FATALS,DRUNK_DR
48,480958,1,1,0,0,0,1,1,167,2570,14,5,2012,2,23,32,0,16,5,31ST ST,,0,29.28500556,-94.79686111,0,1,0,0,1,1,0,1,3,1,0,1,0,0000000,23,33,23,38,0,2,0,0,0,1,1
48,480959,1,1,0,0,0,1,1,337,0,14,5,2012,2,8,13,1,2,2,US-81,,57,33.51025556,-97.81419722,0,1,0,0,1,1,0,3,1,1,0,1,0,0000000,99,99,99,99,99,99,0,0,0,1,0
48,480960,2,2,0,0,0,2,2,397,6010,14,5,2012,2,21,39,1,1,7,I-30,,139,32.96975556,-96.33020278,0,12,2,0,5,1,0,1,2,1,0,1,0,0000000,21,44,22,8,22,40,0,0,0,1,1
48,480961,2,2,0,0,0,2,2,473,0,14,5,2012,2,13,54,0,5,8,FM 2855,CR-MORTON RD,40,29.81619444,-95.88996944,0,12,6,0,2,2,0,1,1,1,0,1,0,0000000,88,88,88,88,88,88,0,0,0,1,0
48,480962,2,2,0,0,0,2,2,485,0,14,5,2012,2,20,45,1,13,8,BU 287J OLD IOWA PARK RD,,224,33.93695833,-98.57702778,0,12,6,0,1,1,0,1,2,1,0,1,0,0000000,20,48,20,55,21,29,0,0,0,1,1
48,480963,2,2,0,0,0,2,2,53,0,15,5,2012,3,14,29,1,2,2,US-281,,139,30.84167778,-98.23715556,0,12,6,0,1,1,0,1,1,10,0,10,0,0000000,99,99,99,99,99,99,0,0,0,1,0
48,480964,1,1,0,0,0,1,1,453,330,15,5,2012,3,0,29,1,11,1,I-35,,253,30.36376667,-97.68409444,0,30,0,1,5,1,0,4,3,2,0,2,0,0000000,0,30,0,36,0,55,0,0,0,1,1
48,480966,2,2,0,0,0,2,2,29,6090,16,5,2012,4,20,30,1,13,8,SL 13,,38,29.36571667,-98.58724722,0,12,6,0,1,1,0,1,5,1,0,1,0,0000000,99,99,99,99,99,99,0,0,0,1,0
48,480967,2,2,0,0,0,5,5,85,2520,16,5,2012,4,7,26,0,16,5,LEBANON RD,STARWOOD DR,0,33.12021111,-96.82740833,0,12,6,0,2,3,0,1,1,1,0,1,0,0000000,7,27,7,32,8,22,0,0,0,1,0
48,480968,1,1,0,0,0,1,1,121,3960,16,5,2012,4,10,44,1,11,7,I-35E,,93,33.078475,-97.02453333,0,26,0,0,1,1,0,10,1,1,0,1,0,0000000,88,88,88,88,88,88,0,0,0,1,1
48,480969,1,1,0,0,0,1,1,213,0,16,5,2012,4,8,31,0,4,8,FM 315,,200,32.10834722,-95.57884167,0,1,0,0,1,1,0,4,1,1,0,1,0,0000000,8,31,8,41,9,57,0,0,0,1,1
48,480970,2,2,0,0,0,3,3,303,4140,16,5,2012,4,8,23,1,13,3,SR-114,,86,33.57772778,-102.0177639,0,12,1,0,6,1,0,1,1,1,0,1,0,9999999,8,24,8,29,8,55,0,0,0,1,0
48,480971,1,1,0,1,1,1,1,453,330,16,5,2012,4,19,29,0,16,5,LENDALL LN,,0,30.17710278,-97.75954722,0,8,0,0,1,1,0,1,1,1,0,1,0,0000000,88,88,88,88,88,88,0,0,0,1,1
48,480972,2,2,0,0,0,2,2,209,6170,17,5,2012,5,21,55,1,11,1,I-35,,113,29.92208889,-97.89301944,0,12,1,0,1,1,1,1,2,1,0,1,0,0000000,88,88,88,88,88,88,0,0,0,1,0
48,480973,3,3,0,0,0,3,3,113,1730,18,5,2012,6,15,55,1,11,1,I-30,,82,32.76687778,-96.89389722,0,12,1,0,1,1,0,1,1,1,0,1,0,0000000,88,88,88,88,88,88,0,0,0,1,0
48,480974,1,1,0,0,0,1,1,201,0,18,5,2012,6,2,30,0,6,5,HOUSTON ROSSLYN RD,,0,29.91413333,-95.49576944,0,25,0,0,1,1,1,3,2,1,0,1,0,0000000,2,33,2,39,3,19,0,0,0,1,1
48,480975,1,1,0,0,0,6,6,441,30,18,5,2012,6,10,0,1,11,1,I-20,,35,32.48589444,-99.71291667,0,58,0,0,1,1,0,5,1,1,0,1,0,0000000,10,0,10,5,10,52,19,0,0,1,0
48,480976,1,1,0,0,0,2,2,41,0,19,5,2012,7,18,28,0,6,4,CR-DILLY SHAW TAP RD,,0,30.75882778,-96.33803611,0,43,0,0,1,1,0,4,1,1,0,1,0,0000000,99,99,99,99,99,99,0,0,0,1,1
48,480977,2,2,0,0,0,2,2,113,1730,19,5,2012,7,16,32,1,11,1,I-35,,196,32.80685,-96.84061389,0,12,6,0,1,1,0,1,1,1,0,1,0,0000000,88,88,88,88,88,88,0,0,0,1,0
48,480978,1,1,0,0,0,3,3,113,2800,19,5,2012,7,5,45,1,11,1,I-20,,27,32.67546667,-97.00719444,0,35,0,0,1,1,0,8,4,10,0,10,0,0000000,6,26,6,40,7,11,0,0,0,1,1
48,480979,2,2,0,0,0,4,4,121,4007,19,5,2012,7,16,33,1,2,2,US-380,,261,33.22127222,-96.94617222,0,5,0,0,1,1,0,1,1,6,0,6,0,0000000,88,88,88,88,88,88,14,0,0,1,0
48,480980,1,1,0,4,4,1,1,141,2190,19,5,2012,7,16,59,1,13,8,BU-54 DYER ST,,190,31.96185,-106.3526333,0,8,0,0,1,1,0,4,1,1,0,1,0,0000000,17,1,17,12,17,37,0,0,0,2,0
48,480981,2,2,0,0,0,3,3,455,0,19,5,2012,7,0,30,0,3,3,SR-94,,258,31.00159444,-95.3057,0,12,6,0,1,1,0,1,2,1,0,1,0,0000000,0,34,1,18,2,2,0,0,0,2,2
48,480982,1,1,0,0,0,1,1,135,5030,20,5,2012,1,17,19,1,11,7,I-20,,356,31.8296,-102.34755,0,24,0,0,1,1,0,10,1,1,0,1,0,0000000,99,99,99,99,99,99,0,0,0,1,1
48,480983,1,1,0,0,0,1,1,201,0,20,5,2012,1,20,34,0,6,4,CR-RANKIN RD,CR-RANKIN PARK,0,29.96591944,-95.40983333,0,32,0,0,3,3,0,4,2,10,0,10,0,0000000,88,88,88,88,88,88,0,0,0,1,1
48,480984,1,1,0,2,2,1,1,201,0,20,5,2012,1,20,40,0,6,4,CR-BARBERS HILL RD,,0,29.84207778,-95.026575,0,8,0,0,1,1,0,1,5,1,0,1,0,0000000,21,17,21,27,22,11,0,0,0,1,1
48,480985,3,3,0,0,0,9,9,201,3280,20,5,2012,1,22,0,1,11,1,I-610,,95,29.700675,-95.28022222,0,12,1,0,1,1,0,1,3,1,0,1,0,0000000,22,12,22,22,22,48,0,0,0,1,2
48,480986,1,1,0,1,1,1,1,113,1730,21,5,2012,2,23,25,0,16,5,S MARSALIS AVE,,0,32.70286111,-96.81455,0,8,0,0,1,1,0,1,3,1,0,1,0,0000000,88,88,88,88,88,88,0,0,0,1,0
48,480988,2,2,0,0,0,2,2,113,1730,22,5,2012,3,8,8,0,16,5,S PEARL,CANTON ST,0,32.77989722,-96.79129722,0,1,0,0,3,2,0,1,1,1,0,1,0,0000000,8,9,8,13,8,25,0,0,0,1,0
48,480989,1,1,0,0,0,1,1,355,1550,22,5,2012,3,2,10,1,12,8,PR22 S PADRE ISLAND DR,,27,27.65740278,-97.260625,0,23,0,0,1,1,0,4,2,1,0,1,0,0000000,2,12,2,19,2,43,0,0,0,1,0
48,480990,1,1,0,0,0,1,1,361,5100,23,5,2012,4,21,58,1,13,3,SR-87,,32,30.06370833,-93.80169722,0,1,0,0,1,1,0,3,3,1,0,1,0,0000000,88,88,88,88,88,88,0,0,0,1,1
48,480991,2,1,1,0,2,1,3,381,1160,23,5,2012,4,8,15,1,11,1,I-27,,166,34.983275,-101.8829722,0,14,0,0,5,1,0,2,1,1,0,1,0,0000000,99,99,99,99,99,99,0,0,0,1,0
48,480992,2,2,0,0,0,6,6,25,0,24,5,2012,5,13,3,1,2,2,US-181,,51,28.6015,-97.80414722,0,24,0,0,1,1,0,4,1,1,0,1,0,0000000,13,22,13,53,14,35,0,0,0,2,0
48,480993,3,3,0,0,0,4,4,201,3280,24,5,2012,5,0,46,1,12,3,SR-288RAMP SOUTH FWY,,43,29.69608333,-95.37706667,0,12,7,1,5,1,0,1,2,1,0,1,0,0000000,99,99,0,59,1,46,0,0,0,1,2
48,480994,1,1,0,0,0,1,1,201,3280,24,5,2012,5,5,40,1,11,1,I-610 S LP E,,102,29.68069444,-95.35928056,0,38,0,0,1,1,0,10,3,1,0,1,0,0000000,88,88,88,88,88,88,0,0,0,1,1
48,480995,1,1,0,0,0,2,2,245,0,24,5,2012,5,11,35,1,1,1,I-10,,20,29.87790833,-94.334125,0,24,0,1,18,1,0,4,1,1,0,1,0,0000000,88,88,88,88,88,88,0,0,0,1,0
48,480996,1,1,0,1,1,2,2,397,2330,24,5,2012,5,6,10,1,1,1,I-30,,91,32.92598333,-96.39600833,0,8,0,0,1,1,0,1,4,1,0,1,0,0000000,88,88,88,88,88,88,23,0,0,1,0
48,480997,1,1,0,1,1,1,1,439,260,24,5,2012,5,19,2,0,16,5,ANGEL FIRE LN,,0,32.63876389,-97.13014167,0,8,0,0,8,1,0,1,1,1,0,1,0,0000000,19,2,19,9,19,27,0,0,0,1,0
48,480998,2,2,0,0,0,2,2,451,0,24,5,2012,5,0,31,1,2,2,US-87,GRAPE CREEK RD,301,31.54528056,-100.4980167,0,12,6,0,2,2,0,1,2,1,0,1,0,0000000,0,33,0,39,1,3,0,0,0,1,2
48,480999,1,1,0,1,1,1,1,29,6090,25,5,2012,6,3,37,1,11,1,I-410,,369,29.33289722,-98.41029722,0,8,0,1,5,1,0,1,3,1,0,1,0,0000000,88,88,88,88,88,88,23,0,0,1,0
48,481000,1,1,0,0,0,1,1,113,2590,25,5,2012,6,22,51,1,12,3,SR-3 RMP PRES GEORGE BUSH TPKE,,136,32.9515,-96.61939722,0,24,0,1,5,1,0,4,3,1,0,1,0,0000000,22,51,23,4,23,20,0,0,0,1,1
48,481001,2,2,0,0,0,3,3,201,3280,25,5,2012,6,2,10,0,16,5,HARWIN DR,FONDREN RD,0,29.717725,-95.51990556,0,12,6,0,2,2,0,1,3,10,0,10,0,0000000,88,88,88,88,88,88,0,0,0,1,0
48,481002,2,2,0,0,0,2,2,375,0,25,5,2012,6,8,0,0,3,3,SR-136,WEBB RD,69,35.28815556,-101.7069444,0,12,1,0,3,2,0,1,1,1,0,1,0,0000000,88,88,88,88,88,88,0,0,0,1,0
48,481003,1,1,0,0,0,1,1,439,260,25,5,2012,6,18,32,0,16,5,WOODCREST ST,,0,32.71895278,-97.11445278,0,33,0,0,1,1,0,4,1,1,0,1,0,0000000,18,33,18,36,19,13,0,0,0,1,0
48,481004,2,2,0,0,0,6,6,29,6090,26,5,2012,7,23,48,1,11,1,I-410,,423,29.32020833,-98.53691667,0,24,0,0,1,1,0,4,3,1,0,1,0,0000000,22,39,23,47,0,56,0,0,0,1,1
48,481005,1,1,0,1,1,1,1,29,6090,27,5,2012,1,2,25,1,13,8,SS 421 CULEBRA RD,,19,29.44613611,-98.53521389,0,8,0,0,1,1,0,1,3,1,0,1,0,0000000,99,99,99,99,99,99,0,0,0,1,0
48,481006,1,1,0,1,1,1,1,29,6090,27,5,2012,1,19,10,1,13,8,FM 2696 BLANCO RD,,160,29.55625,-98.51575,0,8,0,0,1,1,0,4,1,1,0,1,0,0000000,19,17,19,27,19,52,0,0,0,1,0
48,481007,1,1,0,1,1,1,1,201,3280,27,5,2012,1,15,18,0,16,5,RANCHESTER DR,,0,29.71174722,-95.54546667,0,8,0,0,1,1,0,1,1,1,0,1,0,0000000,99,99,99,99,99,99,0,0,0,1,0
48,481008,1,1,0,0,0,3,3,453,330,27,5,2012,1,23,23,1,12,2,US-183,,107,30.23532778,-97.68536944,0,1,0,0,1,1,0,1,3,1,0,1,0,0000000,23,24,23,26,23,46,0,0,0,2,0
48,481009,1,1,0,1,1,2,2,29,6090,28,5,2012,2,21,21,1,13,8,SL 345,,281,29.46952222,-98.53113611,0,8,0,0,1,1,0,1,3,1,0,1,0,0000000,88,88,88,88,88,88,0,0,0,1,0
48,481010,1,1,0,0,0,6,6,29,6090,28,5,2012,2,21,35,1,11,1,I-37,,43,29.34623056,-98.42388889,0,52,0,0,1,1,0,4,2,1,0,1,0,0000000,21,37,21,38,22,35,0,0,0,1,0
48,481011,2,2,0,0,0,6,6,67,310,28,5,2012,2,17,21,0,14,3,SR-77 PINECREST DR,FM 1841 BOGGIE ST,19,33.10188333,-94.15613611,0,12,2,0,2,2,0,1,1,1,0,1,0,0000000,88,88,88,88,88,88,0,0,0,2,1
48,481012,1,1,0,0,0,1,1,449,4750,29,5,2012,3,21,33,0,5,8,FM 2152 GREENHILL RD,,76,33.18926944,-94.97293889,0,32,0,0,1,1,0,4,2,1,0,1,0,0000000,99,99,99,99,99,99,0,0,0,1,1
48,481013,1,1,0,0,0,1,1,209,6170,31,5,2012,5,18,55,0,16,5,SESSOM DR,LBJ DR,0,29.89173611,-97.94225,0,1,0,0,3,2,0,4,1,1,0,1,0,0000000,99,99,99,99,99,99,0,0,0,1,0
48,481014,2,2,0,0,0,4,4,135,5030,31,5,2012,5,16,34,0,16,5,52ND ST,,0,31.90514722,-102.3309722,0,12,2,0,1,1,0,1,1,1,0,1,0,0000000,16,34,16,50,17,1,0,0,0,2,0
48,481015,2,2,0,0,0,3,3,223,0,4,4,2012,4,18,9,1,2,3,SR-19,,55,33.27703333,-95.58448889,0,12,6,0,1,1,0,1,1,1,0,1,0,0000000,18,11,18,20,18,38,0,0,0,1,0
48,481016,1,1,0,0,0,17,17,255,0,21,4,2012,7,4,15,0,4,8,FM 792,,64,28.90411944,-97.829425,0,44,0,0,1,1,0,1,2,1,0,1,0,0000000,4,16,4,59,5,44,0,0,0,2,0
48,481017,2,2,0,0,0,5,5,255,0,25,4,2012,4,14,11,0,4,3,SR-239,CR-128,61,28.76931944,-97.74910556,0,12,1,0,1,1,1,1,1,1,0,1,0,0000000,99,99,99,99,99,99,0,0,0,2,0
48,481018,2,2,0,0,0,2,2,163,0,26,4,2012,5,21,33,0,3,2,US-57,,165,29.00771389,-99.18906944,0,18,0,0,1,1,0,1,2,1,0,1,0,0000000,21,34,22,0,22,39,0,0,0,1,0
48,481019,1,1,0,0,0,1,1,59,0,1,5,2012,3,21,4,0,5,8,FM 2945,,30,32.38586944,-99.12026389,0,1,0,0,1,1,0,1,2,1,0,1,0,0000000,88,88,88,88,88,88,0,0,0,1,1
48,481020,1,1,0,0,0,1,1,59,0,5,5,2012,7,21,36,0,4,8,FM 2047,,24,32.41383611,-99.41794722,0,1,0,0,1,1,0,4,2,1,0,1,0,0000000,99,99,99,99,99,99,0,0,0,1,1
48,481021,1,1,0,0,0,2,2,367,0,9,5,2012,4,0,40,0,4,8,FM1886,,21,32.83253333,-97.60834444,0,1,0,0,1,1,0,4,2,1,0,1,0,0000000,99,99,99,99,99,99,0,0,0,1,1
48,481022,1,1,0,0,0,1,1,441,0,12,5,2012,7,8,40,0,4,8,FM1235,,24,32.333175,-99.87281944,0,32,0,0,1,1,0,4,2,10,0,10,0,0000000,88,88,88,88,88,88,0,0,0,1,0
48,481023,2,2,0,0,0,2,2,367,0,13,5,2012,1,19,0,1,1,1,I-20,,23,32.66543611,-98.03215556,0,12,1,0,1,1,1,1,1,1,0,1,0,0000000,99,99,99,99,99,99,0,0,0,1,0
48,481024,1,1,0,0,0,1,1,91,4870,15,5,2012,3,1,59,1,11,1,I-35,,86,29.6576,-98.18298333,0,25,0,0,1,1,0,3,3,2,0,2,0,0000000,88,88,88,88,88,88,0,0,0,1,0
48,481025,2,2,0,0,0,2,2,367,0,15,5,2012,3,14,20,0,4,8,FM1885,,190,32.83095,-97.86325,0,12,6,0,8,1,0,1,1,1,0,1,0,0000000,88,88,88,88,88,88,0,0,0,1,0
48,481026,1,1,0,0,0,1,1,289,0,17,5,2012,5,9,52,1,2,2,US-79,,122,31.33040833,-96.19426944,0,42,0,0,1,1,0,4,1,1,0,1,0,0000000,88,88,88,88,88,88,0,0,0,1,0
48,481027,1,1,0,0,0,1,1,363,0,17,5,2012,5,10,54,0,3,2,US-180,,291,32.78348333,-98.22012778,0,38,0,0,1,1,0,4,1,1,0,1,0,0000000,99,99,99,99,99,99,0,0,0,1,0
48,481028,1,1,0,0,0,2,2,221,0,23,5,2012,4,16,45,0,6,4,CR-BOLTON RD,,0,32.50975833,-97.7824,0,42,0,0,1,1,0,4,1,1,0,1,0,0000000,16,52,17,2,17,42,0,0,0,1,0
48,481029,1,1,0,0,0,5,5,137,0,28,5,2012,2,22,1,0,4,3,SR-55,,260,30.06056667,-100.312675,0,1,0,0,1,1,0,4,2,1,0,1,0,0000000,22,36,23,30,0,59,0,0,0,1,0
48,481030,2,2,0,0,0,2,2,373,0,29,5,2012,3,6,58,1,2,2,US-59,,361,30.64648889,-94.94507222,0,12,6,0,7,1,0,1,1,1,0,1,0,0000000,88,88,88,88,88,88,0,0,0,1,0
48,481031,2,2,0,0,0,4,4,373,0,30,5,2012,4,15,10,1,2,2,US-59,SL 116,257,30.77283333,-94.89655,0,12,6,0,2,3,0,1,1,1,0,1,0,0000000,88,88,88,88,88,88,0,0,0,3,0
48,481032,2,2,0,0,0,2,2,199,0,31,5,2012,5,6,50,0,3,8,FM-770,,80,30.29761944,-94.45872222,0,12,2,0,1,1,1,4,1,5,0,5,0,0000000,7,2,7,25,8,55,0,0,0,1,0
48,481033,1,1,0,0,0,2,2,265,3670,31,5,2012,5,2,12,1,13,3,SR-27,WOODLAWN AVE,59,30.05558333,-99.15717222,0,30,0,0,3,2,0,8,3,1,0,1,0,0000000,2,53,3,24,3,59,0,0,0,1,1
48,481034,1,1,0,0,0,3,3,201,3280,22,4,2012,1,4,41,1,12,7,SR-249,,137,29.96413889,-95.55261111,0,33,0,0,1,1,0,4,3,1,0,1,0,0000000,4,42,4,46,5,15,0,0,0,1,1
48,481035,1,1,0,1,1,1,1,215,3165,26,4,2012,5,10,40,1,12,7,US-83,10TH ST,238,26.18908611,-98.23215556,0,8,0,1,3,1,0,1,1,1,0,1,0,0000000,10,45,10,55,11,2,0,0,0,1,0
48,481036,2,2,0,0,0,3,3,339,0,5,5,2012,7,14,20,0,3,3,SR-242,FIRETOWER RD,165,30.21780278,-95.25896667,0,12,6,0,2,2,0,1,1,10,0,10,0,0000000,14,43,15,1,15,31,0,0,0,1,0
48,481037,2,2,0,0,0,3,3,339,0,10,5,2012,5,18,56,0,6,4,CR-ROSE RD,,0,30.40026944,-95.40391389,0,12,6,0,1,1,1,4,1,10,0,10,0,0000000,18,49,18,58,19,46,0,0,0,1,1
48,481038,1,1,0,1,1,1,1,339,0,10,5,2012,5,22,1,0,3,8,FM 1314,,173,30.12833333,-95.28176389,0,9,0,0,1,1,0,1,2,10,0,10,0,0000000,88,88,88,88,88,88,0,0,0,1,0
48,481039,1,1,0,1,1,3,3,231,0,18,5,2012,6,22,20,1,1,7,I-30,,92,33.05322222,-96.16908611,0,8,0,0,1,1,1,1,2,1,0,1,0,0000000,88,88,88,88,88,88,23,0,0,1,0
48,481040,1,1,0,0,0,1,1,471,0,19,5,2012,7,19,55,0,4,3,SR-150,,37,30.52954444,-95.42287222,0,1,0,0,1,1,0,4,5,1,0,1,0,0000000,19,54,20,14,20,48,0,0,0,1,0
48,481042,2,2,0,0,0,4,4,291,0,22,5,2012,3,12,25,0,4,8,FM 770,FM 160,85,30.07621389,-94.65633611,0,12,1,0,3,3,0,1,1,1,0,1,0,0000000,12,55,13,18,13,53,0,0,0,1,0
48,481043,2,2,0,0,0,2,2,85,2520,26,5,2012,7,5,24,0,16,5,DALLAS  NORTH TLWY,,0,33.10585,-96.82283611,0,12,6,1,18,1,0,1,3,1,0,1,0,0000000,99,99,99,99,99,99,0,0,0,1,1
48,481044,1,1,0,0,0,1,1,113,1730,27,5,2012,1,6,0,1,11,1,I-35E N STEMMONS FWY,,288,32.91354722,-96.89783333,0,24,0,1,19,1,0,4,9,99,0,99,0,0000000,88,88,88,88,88,88,0,0,0,1,1
48,481045,1,1,0,0,0,7,7,349,1570,27,5,2012,1,20,13,1,11,1,I-45,,145,32.04744444,-96.44836944,0,1,0,0,1,1,0,1,5,1,0,1,0,0000000,99,99,99,99,99,99,0,0,0,1,0
48,481046,1,1,0,0,0,3,3,369,0,27,5,2012,1,6,50,1,2,2,US-60,,71,34.45613333,-102.9497639,0,34,0,0,1,1,0,4,1,1,0,1,0,0000000,6,58,7,9,7,44,0,0,0,1,0
48,481047,1,1,0,1,1,1,1,27,4924,1,5,2012,3,18,52,1,12,7,US-190 CENTRAL TX EXPY,,134,31.08001944,-97.61545278,0,9,0,0,1,1,0,1,1,1,0,1,0,0000000,88,88,88,88,88,88,0,0,0,1,0
48,481048,1,1,0,0,0,1,1,85,2520,1,5,2012,3,20,24,1,13,2,US-380,,22,33.21901944,-96.80124167,0,52,0,1,19,1,1,4,5,1,0,1,0,0000000,88,88,88,88,88,88,0,0,0,1,0
48,481049,2,1,1,0,1,2,3,91,9997,1,5,2012,3,3,24,1,11,1,I-35,,26,29.63430556,-98.22337778,0,14,0,0,5,1,0,2,3,1,0,1,0,0000000,88,88,88,88,88,88,0,0,0,2,1
48,481050,3,3,0,0,0,3,3,181,0,1,5,2012,3,21,2,1,2,2,US-69,,98,33.65113889,-96.43681111,0,12,6,0,1,1,0,1,2,1,0,1,0,0000000,99,99,99,99,99,99,14,0,0,1,1
48,481051,1,1,0,1,1,1,1,479,3899,1,5,2012,3,14,23,1,13,8,BI35A SAN BERNARDO AVE,FARIAS ST,5,27.54014167,-99.50431111,0,8,0,0,3,2,0,1,1,1,0,1,0,0000000,99,99,99,99,99,99,0,0,0,1,0
48,481052,2,2,0,0,0,3,3,285,0,5,5,2012,7,14,0,0,3,2,US-77,CR-413,169,29.21355,-96.98396111,0,12,6,0,2,2,0,1,1,1,0,1,0,0000000,14,5,14,21,15,8,0,0,0,1,1
48,481053,1,1,0,0,0,1,1,57,0,6,5,2012,1,0,5,1,2,3,SR-35,,144,28.49694167,-96.84236944,0,42,0,0,1,1,0,4,2,1,0,1,0,0000000,88,88,88,88,88,88,0,0,0,1,1
48,481054,2,1,1,0,0,1,1,121,9997,8,5,2012,3,11,59,1,13,3,SR-114,,59,33.02678056,-97.29675833,0,14,0,0,1,1,1,2,1,10,0,10,0,0000000,12,9,12,26,13,4,0,0,0,1,0
48,481055,1,1,0,0,0,2,2,141,2190,9,5,2012,4,4,14,1,11,7,I-10,,99,31.85684444,-106.5748556,0,5,0,0,1,1,0,1,2,1,0,1,0,0000000,88,88,88,88,88,88,0,0,0,1,0
48,481056,2,2,0,0,0,8,8,21,0,12,5,2012,7,22,16,1,2,3,SR-21,FM1209,125,30.10995,-97.43628333,0,12,6,0,2,2,0,1,2,1,0,1,0,0000000,99,99,99,99,99,99,0,0,0,1,1
48,481057,1,1,0,1,1,2,2,201,0,13,5,2012,1,17,47,0,6,4,CR-BLACKHAWK BLVD,,0,29.57919722,-95.23352778,0,8,0,0,1,1,0,1,1,1,0,1,0,0000000,17,53,18,6,18,42,0,0,0,1,0
48,481058,1,1,0,0,0,1,1,439,2450,13,5,2012,1,5,10,1,11,1,I-20,,111,32.66536389,-97.292725,0,25,0,1,18,1,0,3,3,1,0,1,0,0000000,88,88,88,88,88,88,0,0,0,1,1
48,481059,2,2,0,0,0,3,3,439,2450,14,5,2012,2,13,0,0,16,5,E LONG AVE,N SYLVANIA AVE,0,32.81067778,-97.30847778,0,12,6,0,2,2,0,1,1,1,0,1,0,0000000,13,6,13,13,13,26,0,0,0,1,0
48,481060,3,3,0,0,0,3,3,433,0,15,5,2012,3,7,48,0,3,2,US-380,,177,33.17792778,-100.2506417,0,12,1,0,1,1,0,1,1,1,0,1,0,0000000,88,88,88,88,88,88,0,0,0,1,1
48,481061,2,2,0,0,0,3,3,439,2450,15,5,2012,3,13,0,1,11,1,I-35W,,18,32.91746389,-97.31726389,0,12,1,0,1,1,0,1,1,1,0,1,0,0000000,13,19,13,29,14,18,0,0,0,1,0
48,481062,2,2,0,0,0,2,2,499,0,15,5,2012,3,9,17,1,2,2,US-69,FM779,73,32.73026111,-95.54731944,0,12,6,0,2,2,0,1,1,1,0,1,0,0000000,9,19,9,30,10,33,0,0,0,1,0
48,481063,1,1,0,0,0,3,3,121,0,17,5,2012,5,10,50,0,3,8,FM455,,63,33.35791389,-97.2839,0,1,0,0,1,1,0,4,1,1,0,1,0,0000000,11,6,11,11,12,1,0,0,0,1,0
48,481064,1,1,0,0,0,1,1,177,0,17,5,2012,5,8,12,0,4,8,FM108,,10,29.25296389,-97.63945,0,23,0,0,1,1,0,4,1,1,0,1,0,0000000,88,88,88,88,88,88,0,0,0,1,0
48,481065,2,2,0,0,0,4,4,439,2450,17,5,2012,5,22,50,1,12,3,SR-121 AIRPORT FWY,,60,32.76670556,-97.31520833,0,12,7,1,18,1,0,1,3,1,0,1,0,0000000,88,88,88,88,88,88,0,0,0,1,0
48,481066,2,2,0,0,0,2,2,417,0,19,5,2012,7,7,25,0,3,2,US-180,,147,32.72413611,-99.48413611,0,12,8,0,1,1,0,1,1,1,0,1,0,0000000,7,26,7,56,9,6,0,0,0,1,1
48,481067,1,1,0,0,0,1,1,491,0,19,5,2012,7,12,24,0,6,4,CR-201,,0,30.70966667,-97.95260833,0,1,0,0,1,1,0,4,1,1,0,1,0,0000000,12,28,12,36,13,18,0,0,0,1,0
48,481068,2,2,0,0,0,3,3,27,0,20,5,2012,1,0,10,1,2,2,US-190,CR-PRITCHARD RD,55,31.00020556,-97.28974722,0,12,6,0,2,2,0,1,2,1,0,1,0,0000000,88,88,88,88,88,88,0,0,0,3,0
48,481069,1,1,0,0,0,3,3,203,0,20,5,2012,1,13,13,1,1,1,I-20,,315,32.49344167,-94.17169167,0,1,0,0,1,1,0,3,1,1,0,1,0,0000000,13,13,13,23,13,57,0,0,0,1,0
48,481070,1,1,0,0,0,1,1,465,0,20,5,2012,1,18,36,0,6,4,CR-CIENEGAS RD,,0,29.36119722,-100.9365139,0,38,0,0,1,1,0,4,1,1,0,1,0,0000000,18,56,19,2,19,22,0,0,0,1,0
48,481071,1,1,0,0,0,1,1,499,0,20,5,2012,1,21,29,0,4,3,SR-183,,111,32.80298611,-95.48229444,0,1,0,0,1,1,0,1,2,1,0,1,0,0000000,21,37,22,7,22,57,0,0,0,1,0
48,481072,3,3,0,0,0,4,4,285,0,22,5,2012,3,23,15,0,3,2,US-77,,33,29.58564167,-96.91785278,0,12,2,0,1,1,0,1,2,1,0,1,0,0000000,23,55,0,52,1,31,0,0,0,1,1
48,481073,1,1,0,0,0,1,1,39,1395,23,5,2012,4,20,48,1,13,3,SR-322 RAMP,BS 288B,68,29.00373611,-95.38979722,0,24,0,1,5,1,0,4,2,1,0,1,0,0000000,20,29,20,35,20,52,0,0,0,1,1
48,481074,2,2,0,0,0,4,4,113,1730,23,5,2012,4,23,30,0,16,5,CORINTH ST,ERVAY ST,0,32.76855,-96.78509167,0,12,6,0,2,2,0,1,3,1,0,1,0,0000000,23,35,23,41,0,0,0,0,0,1,1
48,481075,1,1,0,0,0,2,2,439,2420,24,5,2012,5,22,41,1,11,1,I-20,,142,32.661575,-97.28113611,0,31,0,0,1,1,0,10,3,1,0,1,0,0000000,88,88,88,88,88,88,0,0,0,2,0