STATE,ST_CASE,VE_TOTAL,VE_FORMS,PVH_INVL,PEDS,PERNOTMVIT,PERMVIT,PERSONS,COUNTY,CITY,DAY,MONTH,YEAR,DAY_WEEK,HOUR,MINUTE,NHS,ROAD_FNC,ROUTE,TWAY_ID,TWAY_ID2,MILEPT,LATITUDE,LONGITUD,SP_JUR,HARM_EV,MAN_COLL,RELJCT1,RELJCT2,TYP_INT,WRK_ZONE,REL_ROAD,LGT_COND,WEATHER1,WEATHER2,WEATHER,SCH_BUS,RAIL,NOT_HOUR,NOT_MIN,ARR_HOUR,ARR_MIN,HOSP_HR,HOSP_MN,CF1,CF2,CF3,FATALS,DRUNK_DR
48,481076,1,1,0,0,0,2,2,453,0,24,5,2012,5,23,11,0,6,5,CHAPARRAL DR,,0,30.59828611,-97.96475278,0,42,0,0,1,1,0,4,2,1,0,1,0,0000000,23,53,0,24,1,7,0,0,0,1,1
48,481077,3,3,0,0,0,3,3,453,9997,24,5,2012,5,15,22,1,2,3,SR-71,,124,30.316975,-97.98152222,0,24,0,0,1,1,0,4,1,1,0,1,0,0000000,15,24,15,31,16,23,0,0,0,1,1
48,481078,1,1,0,0,0,1,1,499,0,24,5,2012,5,14,32,0,4,8,FM 515,,56,32.93604167,-95.33838611,0,53,0,0,1,1,0,4,1,1,0,1,0,0000000,88,88,88,88,88,88,0,0,0,1,0
48,481079,2,2,0,0,0,3,3,187,0,25,5,2012,6,14,17,0,3,8,UA-90,,205,29.56796944,-97.86628611,0,12,2,0,1,1,0,1,1,1,0,1,0,0000000,14,32,15,2,15,20,0,0,0,1,0
48,481080,2,2,0,0,0,3,3,217,0,25,5,2012,6,18,10,0,3,3,SR-22,,98,31.97172222,-97.2746,0,12,2,0,1,1,0,1,1,1,0,1,0,0000000,18,12,18,34,19,11,0,0,0,1,0
48,481081,2,2,0,0,0,4,4,439,2450,25,5,2012,6,20,49,0,16,5,HULEN ST,ALLEYWAY,0,32.73410833,-97.38775278,0,12,6,0,2,3,0,1,2,1,0,1,0,0000000,20,52,21,6,21,37,20,0,0,1,1
48,481082,2,2,0,0,0,4,4,443,0,25,5,2012,6,16,0,1,2,2,US-90,,543,29.90445278,-101.8224361,0,12,2,0,1,1,0,1,1,1,0,1,0,0000000,16,24,17,38,19,27,20,0,0,2,0
48,481083,1,1,0,1,1,1,1,485,7490,25,5,2012,6,3,35,1,12,7,US-82 KELL BLVD,,279,33.88328333,-98.53608611,0,8,0,0,1,1,0,1,2,1,0,1,0,0000000,88,88,88,88,88,88,0,0,0,1,0
48,481084,3,3,0,0,0,4,4,497,0,25,5,2012,6,16,8,1,2,2,US-81,,146,33.27753333,-97.62604167,0,12,1,0,1,1,0,1,1,1,0,1,0,0000000,88,88,88,88,88,88,0,0,0,1,0
48,481085,1,1,0,0,0,1,1,73,0,26,5,2012,7,13,48,0,5,8,FM22,,29,31.90646389,-95.19168333,0,42,0,0,1,1,0,4,1,1,0,1,0,0000000,88,88,88,88,88,88,0,0,0,1,0
48,481086,3,3,0,0,0,4,4,91,0,26,5,2012,7,1,45,1,13,8,FM306,,46,29.93106667,-98.23752778,0,12,8,0,1,1,1,1,2,1,0,1,0,0000000,2,2,2,9,2,41,0,0,0,1,1
48,481087,1,1,0,0,0,1,1,215,0,26,5,2012,7,6,50,0,6,4,CR-WESTERN RD,,0,26.30525833,-98.39576667,0,38,0,0,1,1,0,4,1,1,0,1,0,0000000,88,88,88,88,88,88,0,0,0,1,1
48,481088,1,1,0,0,0,1,1,215,4197,26,5,2012,7,18,11,1,13,8,FM2220 S WARE RD,W COMINA AVE,200,26.17206111,-98.26734167,0,33,0,0,1,1,0,4,1,1,0,1,0,0000000,88,88,88,88,88,88,20,0,0,1,1
48,481089,2,2,0,0,0,2,2,503,0,26,5,2012,7,9,48,0,3,3,SR-67,,71,33.09355556,-98.61141389,0,12,6,0,8,1,0,1,1,10,0,10,0,0000000,9,51,9,54,88,88,0,0,0,1,0
48,481090,1,1,0,1,1,1,1,113,1730,27,5,2012,1,0,35,1,13,8,SL12 GREAT TRINITY FOREST WAY,,250,32.69678611,-96.76476667,0,8,0,0,1,1,0,1,3,1,0,1,0,0000000,88,88,88,88,88,88,0,0,0,1,0
48,481091,1,1,0,0,0,1,1,299,0,27,5,2012,1,23,41,0,4,8,RM 3014,,4,30.86610833,-98.45939444,1,1,0,0,1,1,0,4,2,1,0,1,0,0000000,88,88,88,88,88,88,0,0,0,1,1
48,481092,1,1,0,0,0,2,2,499,0,27,5,2012,1,21,45,0,4,8,FM 14,FM 2869,181,32.65306389,-95.22425,0,59,0,0,3,2,0,3,3,1,0,1,0,0000000,21,54,22,16,22,48,0,0,0,1,0
48,481093,1,1,0,0,0,1,1,201,0,28,5,2012,2,14,0,1,12,7,SL 8 SAM HOUSTON PKWY N,,89,29.81170833,-95.163225,0,1,0,1,8,1,0,1,1,10,0,10,0,0000000,14,16,14,30,14,48,0,0,0,1,0
48,481094,1,1,0,0,0,1,1,213,0,28,5,2012,2,23,40,0,15,8,FM 1615,,12,32.15851111,-95.83305833,0,42,0,0,1,1,0,4,2,1,0,1,0,0000000,88,88,88,88,88,88,0,0,0,1,0
48,481095,2,2,0,0,0,4,4,425,0,28,5,2012,2,16,40,1,2,2,US-67,,91,32.17893056,-97.88481111,0,12,2,0,1,1,0,1,1,1,0,1,0,0000000,16,54,17,18,17,49,0,0,0,1,0
48,481096,1,1,0,0,0,5,5,439,2450,28,5,2012,2,0,50,0,16,5,LONG AVE,,0,32.80451944,-97.36944167,0,33,0,0,1,1,0,3,3,1,0,1,0,0000000,99,99,99,99,99,99,0,0,0,1,0
48,481097,2,2,0,0,0,2,2,361,0,29,5,2012,3,15,42,0,3,3,SR-62,,30,30.21741667,-93.87910556,0,53,0,0,1,1,0,4,1,1,0,1,0,0000000,15,46,15,58,16,37,0,0,0,1,0
48,481098,2,2,0,0,0,5,5,257,2430,30,5,2012,4,23,26,1,11,1,I-20,,19,32.69852222,-96.49028889,0,12,2,0,1,1,0,1,2,10,0,10,0,0000000,88,88,88,88,88,88,0,0,0,5,1
48,481099,1,1,0,0,0,1,1,201,0,30,5,2012,4,8,22,0,6,4,CR-ATASCOCITA RD,,0,29.96074444,-95.25599722,0,32,0,0,1,1,0,4,1,1,0,1,0,0000000,88,88,88,88,88,88,0,0,0,1,0
48,481100,3,3,0,0,0,2,2,201,3280,30,5,2012,4,23,35,0,16,5,KEMPWOOD DR,,0,29.82055556,-95.50026944,0,12,1,0,1,1,0,1,3,10,0,10,0,0000000,23,28,23,40,0,23,0,0,0,1,1
48,481101,1,1,0,0,0,1,1,365,0,30,5,2012,4,3,15,1,13,2,US-79,,150,32.24505278,-94.21675833,0,18,0,0,1,1,0,1,2,1,0,1,0,0000000,88,88,88,88,88,88,0,0,0,1,0
48,481102,1,1,0,0,0,1,1,61,0,31,5,2012,5,7,0,0,6,4,CR-TRACT 43 RD,,0,26.11067222,-97.44175278,0,42,0,0,1,1,0,4,1,1,0,1,0,0000000,88,88,88,88,88,88,0,0,0,1,1
48,481103,2,2,0,0,0,4,4,187,0,31,5,2012,5,14,17,0,3,3,SR-123,FM1339,63,29.71603333,-97.96211944,0,12,6,0,3,3,0,1,1,10,0,10,0,0000000,14,22,14,31,15,23,0,0,0,1,0
48,481104,1,1,0,1,1,1,1,183,4080,3,5,2012,5,21,58,1,13,8,SL281 ESTES PKWY,,14,32.45024444,-94.724225,0,8,0,0,1,1,0,1,2,1,0,1,0,0000000,22,2,22,6,22,18,0,0,0,1,0
48,481105,1,1,0,0,0,1,1,201,3280,6,5,2012,1,2,30,9,99,2,US-90 CROSBY FWY,WALLISVILLE RD,99999,29.80200278,-95.22051111,0,33,0,0,3,4,0,3,3,1,0,1,0,0000000,2,31,2,35,3,17,0,0,0,1,1
48,481106,1,1,0,1,1,3,3,215,0,8,5,2012,3,23,25,0,14,8,FM1015 MILE 3 RD W,,52,26.21786944,-97.95955556,0,8,0,0,1,1,0,1,2,10,0,10,0,0000000,88,88,88,88,88,88,0,0,0,1,0
48,481107,1,1,0,0,0,1,1,201,3280,11,5,2012,6,9,29,0,16,5,LANGLEY RD,,0,29.86665,-95.315575,0,38,0,0,1,1,0,4,1,10,0,10,0,0000000,9,31,9,42,10,6,0,0,0,1,0
48,481108,1,1,0,0,0,1,1,463,0,12,5,2012,7,20,59,0,4,3,SR-55,,160,29.408,-100.0039278,0,11,0,0,1,1,0,1,2,1,0,1,0,0000000,99,99,99,99,21,18,0,0,0,1,0
48,481109,1,1,0,0,0,2,2,479,0,19,5,2012,7,15,30,1,1,1,I-35,,90,27.78022778,-99.42568889,0,57,0,0,1,1,0,3,1,1,0,1,0,0000000,15,33,15,52,16,57,0,0,0,1,0
48,481110,2,2,0,0,0,2,2,481,2130,19,5,2012,7,18,40,0,16,5,W 5TH ST,OSCAR ST,0,29.18996667,-96.26713611,0,12,6,0,2,2,0,1,1,1,0,1,0,0000000,18,42,18,43,19,12,0,0,0,1,1
48,481111,1,1,0,1,1,1,1,339,0,23,5,2012,4,10,0,0,6,4,CR-STERLING RIDGE DR,CR-BANTAM WOODS DR,0,30.19063611,-95.55988889,0,9,0,0,2,3,0,1,1,1,0,1,0,0000000,9,44,9,48,10,15,0,0,0,1,0
48,481112,2,2,0,0,0,3,3,473,0,25,5,2012,6,18,47,0,6,4,CR-FIELDS STORE RD,,0,30.13063056,-95.911225,0,12,6,0,1,1,0,1,1,1,0,1,0,0000000,18,39,18,48,19,39,0,0,0,1,0
48,481113,1,1,0,0,0,1,1,27,0,26,5,2012,7,19,9,0,6,4,CR-SPARTA RD,,0,31.11363889,-97.53243611,0,38,0,0,1,1,0,4,5,1,0,1,0,0000000,88,88,88,88,88,88,0,0,0,1,1
48,481114,1,1,0,0,0,1,1,201,3280,26,5,2012,7,0,52,0,16,5,DURHAM DR,,0,29.81201944,-95.41226111,0,33,0,0,1,1,0,4,3,1,0,1,0,0000000,88,88,88,88,88,88,0,0,0,1,1
48,481115,2,2,0,0,0,5,5,271,0,26,5,2012,7,17,15,1,2,2,US-277,,35,29.21073056,-100.727,0,12,2,0,1,1,0,1,1,1,0,1,0,0000000,17,53,18,20,19,26,0,0,0,3,0
48,481116,2,2,0,0,0,2,2,465,1820,26,5,2012,7,19,18,0,16,5,MILAGRO LN,,0,29.38254444,-100.9618139,0,12,6,0,1,1,0,1,1,1,0,1,0,0000000,19,7,19,18,19,50,0,0,0,1,0
48,481117,1,1,0,1,1,1,1,201,3280,27,5,2012,1,4,57,1,12,3,SR-249,,147,29.95730833,-95.54355833,0,8,0,0,1,1,0,2,4,10,0,10,0,0000000,4,57,5,7,5,42,0,0,0,1,0
48,481118,1,1,0,0,0,1,1,61,0,28,5,2012,2,0,3,0,14,8,FM 1419 OKLAHOMA AVE,,89,25.86076944,-97.37757778,0,38,0,0,1,1,0,4,2,1,0,1,0,0000000,88,88,88,88,88,88,0,0,0,1,1
48,481120,2,2,0,0,0,3,3,479,0,30,5,2012,4,22,26,0,4,3,SR-44,,220,27.99006944,-99.11591389,0,12,8,0,1,1,0,1,2,1,0,1,0,0000000,99,99,99,99,99,99,0,0,0,1,0
48,481121,1,1,0,0,0,1,1,505,0,30,5,2012,4,3,0,0,3,3,SR-16,,168,26.96666389,-99.18043889,0,31,0,0,1,1,0,4,2,1,0,1,0,0000000,88,88,88,88,88,88,0,0,0,1,0
48,481122,1,1,0,0,0,2,2,175,0,31,5,2012,5,20,5,0,4,8,FM1726,,103,28.69583056,-97.41802778,0,38,0,0,1,1,0,4,5,10,0,10,0,0000000,20,15,20,40,21,27,0,0,0,1,1
48,481123,3,3,0,0,0,4,4,311,0,31,5,2012,5,6,30,0,3,3,SR-16,,173,28.41078056,-98.55331944,0,12,8,0,1,1,0,1,4,10,0,10,0,0000000,6,34,6,45,7,51,0,0,0,2,0
48,481124,1,1,0,0,0,1,1,473,0,31,5,2012,5,13,49,1,1,1,I-10,,32,29.78233333,-95.98628611,0,1,0,0,1,1,0,3,9,99,0,99,0,0000000,88,88,88,88,88,88,0,0,0,1,0
48,481125,1,1,0,1,1,1,1,29,6090,17,1,2012,3,17,48,0,16,5,OLD US-90W,,0,29.42455833,-98.57774722,0,9,0,0,1,1,0,1,1,1,0,1,0,0000000,99,99,99,99,99,99,0,0,0,1,0
48,481126,2,2,0,0,0,2,2,201,3280,1,5,2012,3,4,56,1,13,8,SS261 N SHEPHERD DR,,9,29.81539167,-95.41046389,0,33,0,0,1,1,0,3,3,1,0,1,0,0000000,88,88,88,88,88,88,20,0,0,1,1
48,481127,1,1,0,1,1,1,1,439,260,1,5,2012,3,18,33,0,16,5,NEW YORK AVE,,0,32.71771111,-97.08031944,0,8,0,0,1,1,0,1,1,1,0,1,0,0000000,18,34,18,39,18,53,0,0,0,1,0
48,481128,2,2,0,0,0,2,2,29,6090,2,5,2012,4,3,10,0,16,5,E NAKOMA ST,COLWICK DR,0,29.55202778,-98.49349722,0,12,6,0,2,4,0,1,3,1,0,1,0,0000000,3,20,3,25,3,51,0,0,0,1,1
48,481129,4,4,0,0,0,9,9,201,3280,13,5,2012,1,8,23,1,12,7,SL8 W SAM HOUSTON PKWY N,HAMMERLY BLVD,134,29.81261389,-95.56329167,0,12,6,1,2,2,0,1,1,1,0,1,0,0000000,8,23,8,27,9,2,0,0,0,1,0
48,481130,2,2,0,0,0,2,2,477,0,30,5,2012,4,4,40,1,2,3,SR-36,,125,30.17809167,-96.42139722,0,12,2,0,1,1,0,1,2,1,0,1,0,0000000,88,88,88,88,88,88,0,0,0,1,1
48,481131,2,2,0,0,0,2,2,141,2190,2,5,2012,4,9,33,1,13,3,SR-20,,91,31.86938056,-106.5906028,0,12,2,0,1,1,0,1,1,1,0,1,0,0000000,9,36,9,40,10,12,0,0,0,1,0
48,481132,1,1,0,0,0,2,2,1,0,3,5,2012,5,16,20,0,6,4,CR-2107,,0,31.66546667,-95.66725833,0,34,0,0,1,1,0,4,1,1,0,1,0,0000000,99,99,99,99,99,99,0,0,0,1,0
48,481133,1,1,0,0,0,2,2,37,0,3,5,2012,5,19,16,0,6,4,CR-LOWER DAM RD,,0,33.31383333,-94.15997222,0,1,0,0,1,1,0,4,1,1,0,1,0,0000000,19,14,19,31,20,9,0,0,0,1,1
48,481135,1,1,0,0,0,1,1,489,0,18,5,2012,6,23,0,0,4,3,SR-186,,58,26.48900833,-97.57376111,0,5,0,0,1,1,0,4,2,1,0,1,0,0000000,88,88,88,88,88,88,0,0,0,1,1
48,481136,1,1,0,0,0,1,1,251,0,20,5,2012,1,17,0,0,4,8,FM 917,,44,32.45882778,-97.31693889,0,1,0,0,1,1,0,1,1,1,0,1,0,0000000,17,3,17,21,17,59,0,0,0,1,0
48,481137,1,1,0,1,1,5,5,61,940,21,5,2012,2,7,9,1,13,3,SR-4,,15,25.90160833,-97.48850278,0,8,0,0,1,1,0,1,1,1,0,1,0,0000000,99,99,99,99,99,99,0,0,0,1,0
48,481138,1,1,0,0,0,3,3,67,0,23,5,2012,4,22,15,1,2,2,US-59,,207,33.06004722,-94.28074722,0,6,0,0,1,1,0,1,2,1,0,1,0,0000000,22,24,22,33,23,40,0,0,0,1,0
48,481140,2,2,0,0,0,3,3,25,0,25,5,2012,6,17,19,0,3,2,US-181,BU-181J,139,28.37056944,-97.73291667,0,12,6,0,2,2,0,1,1,1,0,1,0,0000000,99,99,99,99,99,99,0,0,0,1,0
48,481141,1,1,0,1,1,2,2,147,0,25,3,2012,1,2,16,0,4,8,FM1396,,61,33.69650556,-96.04979722,0,8,0,0,1,1,0,1,2,1,0,1,0,0000000,88,88,88,88,88,88,0,0,0,1,1
48,481142,1,1,0,0,0,1,1,121,0,26,5,2012,7,14,52,0,4,8,FM1173,,55,33.29236389,-97.31625,0,32,0,0,1,1,0,4,1,1,0,1,0,0000000,88,88,88,88,88,88,0,0,0,1,0
48,481143,2,2,0,0,0,5,5,47,0,28,5,2012,2,12,8,0,3,3,SR-285,,326,27.22685556,-98.10249444,0,12,2,0,8,1,0,1,1,1,0,1,0,0000000,12,18,12,35,13,35,0,0,0,2,0
48,481144,2,2,0,0,0,9,9,135,0,29,5,2012,3,17,7,1,2,2,US-385,,136,31.96886667,-102.4125389,0,12,1,0,7,1,0,1,1,1,0,1,0,0000000,99,99,99,99,99,99,0,0,0,3,0
48,481145,1,1,0,0,0,1,1,159,0,30,5,2012,4,18,45,0,6,4,CR-4350,,0,33.01576667,-95.18829722,0,38,0,0,1,1,0,4,1,1,0,1,0,0000000,88,88,88,88,88,88,0,0,0,1,0
48,481146,2,2,0,0,0,3,3,231,0,31,5,2012,5,22,29,0,3,8,FM118,,48,33.15667778,-96.072475,0,12,6,0,1,1,0,1,2,1,0,1,0,0000000,22,46,23,4,23,40,0,0,0,1,1
48,481147,2,2,0,0,0,3,3,27,3690,18,5,2012,6,18,44,0,14,8,FM3470 STAN SCHLUETER LP,LONESOME DOVE RD,37,31.08524444,-97.78385278,0,12,6,0,2,3,0,1,1,1,0,1,0,0000000,99,99,99,99,99,99,0,0,0,1,0
48,481148,2,2,0,0,0,2,2,201,0,30,5,2012,4,0,40,0,6,4,CR-ALDINE WESTFIELD RD,CR-OLD ALDINE WESTFIELD RD,0,30.05980278,-95.40051944,0,12,1,0,2,4,0,1,2,1,0,1,0,0000000,99,99,2,40,3,14,0,0,0,1,0
48,481149,1,1,0,1,1,0,0,201,3280,31,5,2012,5,14,30,0,16,5,GRAY ST,,0,29.74526667,-95.365725,0,8,0,0,1,1,4,1,1,10,0,10,0,0000000,88,88,88,88,88,88,0,0,0,1,0
48,481150,1,1,0,0,0,1,1,323,0,25,5,2012,6,14,55,1,2,2,US-277,,368,28.69250556,-100.3808583,0,32,0,0,1,1,0,4,1,10,0,10,0,0000000,99,99,99,99,99,99,0,0,0,1,0
48,481151,2,1,1,0,0,1,1,491,6780,15,2,2012,4,8,45,0,16,5,3RD ST,,0,30.5694,-97.41285278,0,14,0,0,1,1,0,7,4,5,0,5,0,0000000,8,48,8,57,9,34,0,0,0,1,0
48,481152,1,1,0,0,0,1,1,201,3280,24,3,2012,7,4,45,0,16,5,WHEATLEY ST,LITTLE YORK RD,0,29.8636,-95.42930278,0,42,0,0,3,3,0,4,3,10,0,10,0,0000000,4,47,5,15,5,24,0,0,0,1,0
48,481153,2,2,0,0,0,2,2,281,0,25,3,2012,1,4,38,1,2,2,US-183,,210,31.12082222,-98.25827778,0,12,2,0,1,1,0,1,2,10,0,10,0,0000000,88,88,88,88,88,88,0,0,0,1,0
48,481154,2,2,0,0,0,4,4,37,0,10,4,2012,3,17,38,1,1,1,I-30,,253,33.46888611,-94.32906667,0,12,9,0,1,1,1,1,1,1,0,1,0,0000000,17,38,17,49,18,42,3,0,0,1,0
48,481155,1,1,0,0,0,1,1,201,5230,29,4,2012,1,20,40,0,16,5,FEDERAL RD,,0,29.66295833,-95.19499722,0,30,0,0,1,1,0,4,2,1,0,1,0,0000000,88,88,88,88,88,88,0,0,0,1,1
48,481156,1,1,0,0,0,1,1,491,5990,5,5,2012,7,20,47,0,16,5,STONE OAK DR,,0,30.56023333,-97.73373889,0,33,0,0,1,1,0,4,2,1,0,1,0,0000000,88,88,88,88,88,88,0,0,0,1,1
48,481157,4,4,0,0,0,7,7,201,3280,6,5,2012,1,8,51,1,12,2,US-290,,374,29.81309444,-95.46204444,0,20,0,1,19,1,0,8,1,1,0,1,0,0000000,88,88,88,88,88,88,14,0,0,1,1
48,481158,2,2,0,0,0,2,2,29,0,9,5,2012,4,10,16,0,4,3,SR-211 TX RESEARCH HWY,FM 1957 POTRANCO RD,15,29.4213,-98.78265556,0,12,6,0,2,3,0,1,1,1,0,1,0,0000000,10,15,10,23,10,53,0,0,0,1,0
48,481159,2,2,0,0,0,6,6,135,0,11,5,2012,6,23,9,0,14,8,FM 2020 UNIVERSITY DR,MOCKINGBIRD LN,58,31.84892222,-102.4666917,0,12,6,0,2,3,0,1,2,1,0,1,0,0000000,23,6,23,17,23,37,0,0,0,4,1
48,481160,2,2,0,0,0,2,2,3,0,15,5,2012,3,15,46,1,2,2,US-385,,237,32.19346389,-102.4957889,0,12,2,0,1,1,0,1,1,1,0,1,0,0000000,15,52,16,0,16,27,0,0,0,1,0
48,481161,1,1,0,0,0,1,1,245,5430,18,5,2012,6,0,4,0,15,3,SR-82,,32,29.79431667,-93.94769167,0,34,0,0,1,1,0,4,2,1,0,1,0,0000000,88,88,88,88,88,88,0,0,0,1,0
48,481162,2,2,0,0,0,2,2,99,0,20,5,2012,1,19,43,0,4,8,FM 1113,OAK SPRING RD,53,31.16111111,-97.95709722,0,12,2,0,2,3,0,1,1,1,0,1,0,0000000,99,99,99,99,99,99,0,0,0,1,0
48,481163,1,1,0,0,0,3,3,389,0,24,5,2012,5,19,7,0,4,8,FM 652,,58,31.82516944,-103.9438361,0,1,0,0,1,1,0,4,1,1,0,1,0,0000000,88,88,88,88,88,88,0,0,0,1,0
48,481164,2,2,0,0,0,2,2,127,0,26,5,2012,7,15,16,1,2,2,US-83,,355,28.24196111,-99.6143,0,12,6,0,1,1,0,4,1,1,0,1,0,0000000,88,88,88,88,88,88,0,0,0,1,0
48,481165,1,1,0,0,0,1,1,13,0,27,5,2012,1,8,22,0,5,8,FM 791,ALT 381,117,28.75135556,-98.3078,0,38,0,0,3,3,0,4,1,1,0,1,0,0000000,88,88,88,88,88,88,0,0,0,1,0
48,481166,1,1,0,0,0,4,4,201,0,27,5,2012,1,12,56,1,2,2,US-290,,69,30.02336667,-95.83351111,0,1,0,0,1,1,0,10,1,1,0,1,0,0000000,13,4,13,12,13,58,0,0,0,2,0
48,481167,1,1,0,2,2,1,1,201,0,28,5,2012,2,14,25,0,6,4,CR-LOUETTA,,0,30.04086111,-95.48764722,0,9,0,0,1,1,0,2,1,1,0,1,0,0000000,14,27,14,33,15,8,0,0,0,1,0
48,481168,2,2,0,0,0,5,5,473,0,28,5,2012,2,21,33,0,4,8,FM 529,,0,29.91514722,-96.11406389,0,12,7,0,1,1,0,1,2,1,0,1,0,0000000,99,99,99,99,99,99,0,0,0,1,2
48,481169,2,2,0,0,0,3,3,127,0,29,5,2012,3,12,55,0,4,8,FM 133,,89,28.31566944,-99.48212778,0,54,11,0,1,1,0,1,1,1,0,1,0,0000000,13,2,13,31,14,54,14,0,0,1,0
48,481170,1,1,0,0,0,1,1,113,0,23,3,2012,6,14,10,0,6,4,CR-HAINES RD,,0,32.59650556,-96.53504444,0,34,0,0,1,1,0,4,1,1,0,1,0,0000000,13,55,14,12,14,41,0,0,0,1,0
48,481171,1,1,0,0,0,1,1,245,0,23,5,2012,4,15,35,0,6,4,CR-ENGLIN RD,,0,29.79528056,-94.32888056,0,42,0,0,1,1,0,4,1,1,0,1,0,0000000,15,47,16,4,17,15,0,0,0,1,0
48,481172,2,2,0,0,0,4,4,451,0,4,6,2012,2,11,9,1,2,2,US-277,VENADO DR,45,31.23915833,-100.4866028,0,12,6,0,2,2,0,1,1,1,0,1,0,0000000,11,10,11,27,12,0,0,0,0,2,0
48,481173,1,1,0,1,1,1,1,453,330,4,6,2012,2,18,55,1,13,8,FM-734,,38,30.41610278,-97.69628889,0,8,0,0,1,1,0,1,1,1,0,1,0,0000000,88,88,88,88,88,88,0,0,0,1,0
48,481174,1,1,0,0,0,2,2,61,3030,5,6,2012,3,6,55,1,12,2,US-77,,124,26.18662778,-97.71655278,0,42,0,0,1,1,1,4,1,1,0,1,0,0000000,7,3,7,12,7,30,0,0,0,1,0
48,481175,1,1,0,0,0,1,1,167,3220,5,6,2012,3,3,0,0,14,8,FM 519,,48,29.35713056,-95.00946389,0,32,0,0,1,1,0,4,2,10,0,10,0,0000000,88,88,88,88,88,88,0,0,0,1,0
48,481176,3,3,0,0,0,5,5,201,0,5,6,2012,3,20,31,0,6,4,CR-STUEBNER AIRLINE RD,,0,30.05313611,-95.54111389,0,12,1,0,8,1,0,1,5,1,0,1,0,0000000,20,31,20,34,21,16,0,0,0,1,0
48,481177,2,2,0,0,0,2,2,201,0,5,6,2012,3,18,35,0,6,4,CR-ELDRIDGE PKWY,,0,29.92306389,-95.60573056,0,12,6,0,8,1,0,1,1,1,0,1,0,0000000,18,42,18,51,19,19,0,0,0,1,1
48,481178,1,1,0,0,0,1,1,245,0,5,6,2012,3,14,3,1,2,3,SR-73,,106,29.83033889,-94.21766389,0,1,0,0,1,1,0,4,1,1,0,1,0,0000000,88,88,88,88,88,88,0,0,0,1,0
48,481179,2,2,0,0,0,3,3,255,0,5,6,2012,3,17,9,0,4,3,SR-239,,6,28.81808056,-97.81593611,0,12,6,0,1,1,0,1,1,1,0,1,0,0000000,99,99,99,99,99,99,0,0,0,1,0
48,481180,1,1,0,0,0,1,1,47,0,6,6,2012,4,9,15,0,4,8,FM 755,,110,26.86153611,-98.28209722,0,30,0,0,1,1,0,4,1,1,0,1,0,0000000,88,88,88,88,88,88,0,0,0,1,0
48,481181,2,2,0,0,0,3,3,97,0,6,6,2012,4,15,39,0,4,8,FM 51,,189,33.43994722,-97.31781667,0,1,0,0,1,1,0,1,1,2,0,2,0,0000000,88,88,88,88,88,88,0,0,0,1,0
48,481182,1,1,0,0,0,1,1,113,3350,6,6,2012,4,7,58,1,11,1,I-20,,191,32.65735278,-96.73911389,0,30,0,0,1,1,0,10,1,1,0,1,0,0000000,88,88,88,88,88,88,0,0,0,1,0
48,481183,2,2,0,0,0,3,3,219,0,6,6,2012,4,17,27,0,4,8,FM 168,FM 1294,251,33.67518611,-102.1747222,0,12,6,0,2,2,0,1,1,1,0,1,0,0000000,17,15,17,30,17,59,0,0,0,1,0
48,481184,2,2,0,0,0,2,2,339,0,6,6,2012,4,16,45,0,6,4,CR-STIDHAM RD,CR-BIMBO LN,0,30.24986111,-95.40038611,0,1,0,0,2,2,0,1,1,1,0,1,0,0000000,88,88,88,88,88,88,0,0,0,1,0
48,481185,2,2,0,0,0,2,2,29,6090,7,6,2012,5,16,24,0,4,7,SL 1604,SW BITTERS RD,43,29.60273056,-98.53342778,0,59,0,0,3,2,1,10,1,1,0,1,0,0000000,16,24,16,35,17,7,0,0,0,1,1
48,481186,2,2,0,0,0,2,2,85,0,7,6,2012,5,7,55,0,15,8,FM 2514 PARKER RD,,27,33.02916944,-96.54693889,0,12,6,0,1,1,0,1,1,2,0,2,0,0000000,7,58,8,2,8,32,0,0,0,1,0
48,481187,1,1,0,1,1,2,2,245,0,7,6,2012,5,14,15,1,13,3,SR-87,,56,29.92919722,-93.90308056,0,9,0,0,8,1,0,1,1,1,0,1,0,0000000,88,88,88,88,88,88,0,0,0,1,0
48,481188,1,1,0,0,0,1,1,339,0,7,6,2012,5,15,40,0,6,4,CR-TAMINA RD,,0,30.21655278,-95.58454444,0,53,0,0,1,1,0,4,1,1,0,1,0,0000000,15,51,16,10,16,42,0,0,0,1,0
48,481189,1,1,0,0,0,1,1,403,0,7,6,2012,5,14,20,0,6,4,CR-SID DENNIS LN,,0,31.46545556,-93.94223611,0,2,0,0,1,1,0,4,1,1,0,1,0,0000000,88,88,88,88,88,88,0,0,0,1,1
48,481190,1,1,0,1,1,1,1,113,1730,8,6,2012,6,22,31,0,16,5,GRAND AVE,,0,32.77039444,-96.77307222,0,8,0,0,1,1,0,1,3,1,0,1,0,0000000,22,32,22,34,22,45,0,0,0,1,0
48,481191,1,1,0,0,0,2,2,135,5030,8,6,2012,6,14,54,0,16,5,ALLEY,,0,31.90109167,-102.3182389,0,1,0,0,1,1,0,1,1,1,0,1,0,0000000,99,99,15,0,15,18,0,0,0,1,0