STATE,ST_CASE,VE_TOTAL,VE_FORMS,PVH_INVL,PEDS,PERNOTMVIT,PERMVIT,PERSONS,COUNTY,CITY,DAY,MONTH,YEAR,DAY_WEEK,HOUR,MINUTE,NHS,ROAD_FNC,ROUTE,TWAY_ID,TWAY_ID2,MILEPT,LATITUDE,LONGITUD,SP_JUR,HARM_EV,MAN_COLL,RELJCT1,RELJCT2,TYP_INT,WRK_ZONE,REL_ROAD,LGT_COND,WEATHER1,WEATHER2,WEATHER,SCH_BUS,RAIL,NOT_HOUR,NOT_MIN,ARR_HOUR,ARR_MIN,HOSP_HR,HOSP_MN,CF1,CF2,CF3,FATALS,DRUNK_DR
48,481192,1,1,0,0,0,1,1,201,3280,8,6,2012,6,23,45,1,11,7,I-610,HEMPSTEAD RD,6,29.79466111,-95.451225,0,43,0,1,3,3,0,5,3,10,0,10,0,0000000,88,88,88,88,88,88,0,0,0,1,1
48,481193,1,1,0,0,0,1,1,367,0,8,6,2012,6,2,25,1,1,1,I-20,,40,32.680475,-98.009525,0,24,0,0,1,1,1,4,2,1,0,1,0,0000000,88,88,88,88,88,88,0,0,0,1,0
48,481194,1,1,0,0,0,2,2,423,0,8,6,2012,6,10,45,0,4,8,FM14,,30,32.54295278,-95.25433056,0,34,0,0,1,1,0,4,1,1,0,1,0,0000000,11,4,11,20,12,12,0,0,0,1,0
48,481195,1,1,0,0,0,1,1,453,330,8,6,2012,6,10,15,1,11,1,I-35 RAMP,,141,30.21754167,-97.75063889,0,24,0,1,5,1,0,4,1,10,0,10,0,0000000,88,88,88,88,88,88,0,0,0,1,0
48,481196,2,2,0,0,0,2,2,461,0,8,6,2012,6,6,45,0,3,3,SR-349,,281,31.38069167,-101.9406917,0,12,8,0,1,1,0,1,1,1,0,1,0,0000000,99,99,99,99,99,99,0,0,0,1,0
48,481197,2,2,0,0,0,2,2,7,0,9,6,2012,7,7,35,0,4,8,FM136,,7,28.06438056,-97.21782222,0,12,2,0,1,1,0,1,1,1,0,1,0,0000000,88,88,88,88,88,88,0,0,0,1,0
48,481198,1,1,0,0,0,1,1,53,0,9,6,2012,7,12,50,0,6,4,CR-269,,0,30.73624167,-98.03423889,0,10,0,0,6,1,0,1,1,1,0,1,0,745347T,88,88,88,88,88,88,0,0,0,1,1
48,481199,1,1,0,0,0,1,1,171,0,9,6,2012,7,16,27,0,6,4,CR-LOWER ALBERT RD,,0,30.230325,-98.60399167,0,1,0,0,1,1,0,4,1,1,0,1,0,0000000,88,88,88,88,88,88,0,0,0,1,1
48,481200,2,2,0,0,0,2,2,257,0,9,6,2012,7,23,5,0,3,8,FM741,,92,32.64398611,-96.46718611,0,12,2,0,1,1,0,1,2,1,0,1,0,0000000,23,17,0,1,0,35,0,0,0,1,1
48,481201,2,2,0,0,0,3,3,423,0,9,6,2012,7,11,15,0,4,8,FM2767 KILGORE RD,,155,32.39328889,-95.01533889,0,12,6,0,1,1,0,1,1,1,0,1,0,0000000,11,16,11,26,12,16,0,0,0,1,0
48,481202,1,1,0,0,0,1,1,453,330,9,6,2012,7,0,33,1,13,8,RM2222 KOENIG LN,,108,30.32646667,-97.72708889,0,1,0,0,1,1,0,1,3,1,0,1,0,0000000,0,33,0,35,0,52,0,0,0,1,1
48,481203,2,2,0,0,0,2,2,453,330,9,6,2012,7,9,29,0,16,5,E MARTIN LUTHER KING JR BLVD,WALNUT AVE,0,30.281025,-97.71334444,0,12,6,0,2,3,0,1,1,1,0,1,0,0000000,9,30,9,33,9,51,0,0,0,1,0
48,481204,1,1,0,0,0,1,1,43,0,10,6,2012,1,20,45,0,4,3,SR-118,,10,29.980975,-103.5715139,0,31,0,0,1,1,0,4,5,1,0,1,0,0000000,88,88,88,88,88,88,0,0,0,1,0
48,481205,1,1,0,0,0,1,1,113,1730,10,6,2012,1,16,11,1,11,1,I-30,DOLPHIN RD,76,32.79182778,-96.73733333,0,21,0,1,18,1,0,4,1,1,0,1,0,0000000,88,88,88,88,88,88,0,0,0,1,0
48,481206,1,1,0,1,1,2,2,163,0,10,6,2012,1,1,50,1,1,1,I-35,,321,29.05938056,-99.00420556,0,8,0,0,1,1,0,1,2,1,0,1,0,0000000,88,88,88,88,88,88,0,0,0,1,0
48,481207,2,2,0,0,0,6,6,201,3280,10,6,2012,1,1,54,1,13,8,FM1960,MILLS RD,59,29.95546111,-95.55375,0,12,1,0,3,2,0,1,3,10,0,10,0,0000000,99,99,99,99,99,99,0,0,0,1,1
48,481208,1,1,0,0,0,1,1,201,3280,10,6,2012,1,2,50,1,13,8,FM865 CULLEN BLVD,,61,29.61701389,-95.355575,0,59,0,0,1,1,0,4,3,1,0,1,0,0000000,88,88,88,88,88,88,0,0,0,1,1
48,481209,1,1,0,0,0,3,3,237,980,10,6,2012,1,8,27,0,16,5,W YORK ST,,0,33.16281667,-98.39188611,0,38,0,0,1,1,0,4,1,1,0,1,0,0000000,8,31,9,8,10,5,0,0,0,1,1
48,481210,1,1,0,0,0,7,7,347,0,10,6,2012,1,19,2,0,5,8,FM1087,,72,31.83810278,-94.57104444,0,1,0,0,1,1,0,1,1,1,0,1,0,0000000,19,6,19,23,20,8,0,0,0,1,1
48,481211,1,1,0,0,0,3,3,367,7280,10,6,2012,1,19,51,0,16,5,VINE ST,,0,32.76551944,-97.81961944,0,42,0,0,1,1,0,4,2,1,0,1,0,0000000,99,99,99,99,99,99,0,0,0,1,0
48,481212,1,1,0,1,1,1,1,375,0,10,6,2012,1,14,38,0,6,4,CR-DOWELL RD,,0,35.219025,-101.9922528,0,9,0,0,1,1,0,1,1,1,0,1,0,0000000,88,88,88,88,88,88,0,0,0,1,0
48,481213,1,1,0,0,0,4,4,437,0,10,6,2012,1,7,31,1,1,1,I-27,,85,34.64678056,-101.8260694,0,1,0,1,19,1,0,3,1,1,0,1,0,0000000,7,40,7,52,8,28,0,0,0,1,0
48,481214,1,1,0,1,1,1,1,453,330,10,6,2012,1,6,37,0,16,5,SLAUGHTER LN,,0,30.20365833,-97.88503611,0,26,0,0,1,1,0,3,4,1,0,1,0,0000000,99,99,99,99,99,99,0,0,0,1,0
48,481215,2,2,0,0,0,2,2,29,6090,11,6,2012,2,7,21,1,11,1,I-410,,217,29.52048889,-98.47709167,0,20,0,1,5,1,0,8,1,1,0,1,0,0000000,99,99,99,99,99,99,0,0,0,1,1
48,481216,2,2,0,0,0,3,3,113,1730,11,6,2012,2,14,10,1,11,1,I-30 RL THORNTON FWY,I-30 RAMP,34,32.76976111,-96.80214722,0,12,11,1,18,1,0,1,1,1,0,1,0,0000000,14,11,14,16,14,30,0,0,0,1,0
48,481217,2,2,0,0,0,3,3,113,2590,11,6,2012,2,18,53,0,16,5,CENTERVILLE RD,,0,32.92359722,-96.59681667,0,30,0,0,1,1,0,3,1,1,0,1,0,0000000,99,99,99,99,99,99,0,0,0,1,0
48,481218,1,1,0,0,0,2,2,255,0,11,6,2012,2,1,0,0,5,8,FM 626,,84,28.78440556,-97.98528889,0,38,0,0,1,1,0,5,2,10,0,10,0,0000000,88,88,88,88,88,88,0,0,0,1,0
48,481219,1,1,0,1,1,1,1,397,1730,11,6,2012,2,3,17,1,11,1,I-30,,21,32.88428333,-96.50171389,0,8,0,0,1,1,0,1,2,1,0,1,0,0000000,88,88,88,88,88,88,23,0,0,1,0
48,481220,2,2,0,0,0,2,2,465,1820,11,6,2012,2,6,42,1,2,2,US-90,US-90 RAMP,59,99.99990000,999.99990000,0,12,6,1,5,1,0,1,1,1,0,1,0,0000000,6,45,6,51,88,88,0,0,0,1,0
48,481221,4,4,0,0,0,4,4,1,5170,12,6,2012,3,17,48,1,13,3,SR-19 CROCKETT RD,,32,31.73467778,-95.60560833,0,12,8,0,1,1,0,1,1,2,0,2,0,0000000,99,99,99,99,99,99,0,0,0,2,0
48,481222,3,3,0,0,0,5,5,27,6810,12,6,2012,3,18,12,0,14,3,SR-36 AIRPORT RD,OLD HOWARD RD,19,31.12913611,-97.39961111,0,12,6,0,2,2,0,1,1,2,0,2,0,0000000,18,13,18,30,18,43,0,0,0,1,0
48,481223,1,1,0,0,0,1,1,29,0,12,6,2012,3,20,27,0,6,4,CR-TPC PKWY,,0,29.66247222,-98.418275,0,33,0,0,1,1,0,3,3,1,0,1,0,0000000,88,88,88,88,88,88,0,0,0,1,0
48,481224,2,2,0,0,0,4,4,85,92,12,6,2012,3,17,14,0,16,5,E MAIN ST,S FOUNTAIN GATE DR,0,33.10016111,-96.64615278,0,12,6,0,2,2,0,1,1,1,0,1,0,0000000,17,21,17,26,18,1,0,0,0,1,0
48,481225,1,1,0,0,0,1,1,183,2670,12,6,2012,3,1,40,1,13,2,US-271 N MAIN ST,E ALLISON ST,11,32.53791389,-94.941525,0,33,0,0,2,3,0,4,3,10,0,10,0,0000000,88,88,88,88,88,88,0,0,0,1,1
48,481226,1,1,0,0,0,1,1,427,0,12,6,2012,3,1,0,0,4,8,FM490,,94,26.51317222,-98.53892778,0,1,0,0,1,1,0,4,2,1,0,1,0,0000000,88,88,88,88,88,88,0,0,0,1,0
48,481227,1,1,0,1,1,1,1,481,2130,12,6,2012,3,21,20,0,16,5,W MONSERATTE ST,,0,29.18905,-96.27974444,0,9,0,0,1,1,0,1,2,1,0,1,0,0000000,21,31,22,10,22,52,0,0,0,1,0
48,481229,3,3,0,0,0,6,6,29,6090,14,6,2012,5,17,20,1,11,1,I-410,,49,29.37229444,-98.63725278,0,57,0,0,1,1,0,3,1,1,0,1,0,0000000,17,21,17,35,17,58,0,0,0,1,0
48,481230,4,4,0,0,0,5,5,29,6329,14,6,2012,5,11,55,0,14,8,FM1535 NW MILITARY HWY,S WARBLER WAY,42,29.58086667,-98.54982778,0,12,1,0,2,3,0,1,1,1,0,1,0,0000000,11,58,12,2,12,15,0,0,0,1,0
48,481231,2,2,0,0,0,3,3,73,0,14,6,2012,5,12,30,0,6,4,CR-2734 FORREST RD,CR-2741 PRESTON RD,0,31.49542778,-94.95850278,0,12,2,0,3,1,0,1,1,1,0,1,0,0000000,12,37,13,12,14,15,0,0,0,1,0
48,481232,1,1,0,0,0,1,1,85,0,14,6,2012,5,0,4,0,3,3,SR-78,,298,33.02195,-96.46357222,0,1,0,0,8,1,0,1,2,1,0,1,0,0000000,0,10,0,32,0,56,0,0,0,1,0
48,481233,3,3,0,0,0,5,5,183,7445,14,6,2012,5,11,35,1,13,2,US-80,INDUSTRIAL BLVD,74,32.51361111,-94.83766389,0,12,1,0,2,2,0,1,1,10,0,10,0,0000000,11,37,11,42,12,7,0,0,0,2,0
48,481234,1,1,0,1,1,1,1,365,0,14,6,2012,5,7,49,0,4,8,FM 959,,31,32.17303611,-94.42670278,0,8,0,0,1,1,0,1,1,2,0,2,0,0000000,88,88,88,88,88,88,0,0,0,1,0
48,481235,1,1,0,0,0,1,1,467,0,14,6,2012,5,14,17,0,5,8,FM 858,,28,32.45417778,-95.66382222,0,53,0,0,1,1,0,4,1,1,0,1,0,0000000,88,88,88,88,88,88,0,0,0,1,0
48,481236,1,1,0,0,0,1,1,487,0,14,6,2012,5,23,0,0,4,8,FM 3207,FM 433,59,34.07889722,-99.30221111,0,24,0,0,3,2,0,4,2,10,0,10,0,0000000,88,88,88,88,88,88,0,0,0,1,0
48,481237,2,2,0,0,0,2,2,21,460,6,3,2012,3,19,56,1,2,3,SR-21,,115,30.11086944,-97.375875,0,12,1,0,7,1,0,1,2,1,0,1,0,0000000,20,8,20,24,21,3,0,0,0,1,0
48,481238,2,2,0,0,0,3,3,181,6350,15,6,2012,6,23,20,0,14,8,FM 1417,LAMBERTH RD,37,33.65510556,-96.64251389,0,12,6,0,2,2,0,1,3,1,0,1,0,0000000,23,21,23,29,0,5,0,0,0,1,0
48,481239,2,2,0,0,0,3,3,439,260,15,6,2012,6,2,43,0,16,5,SUBLETT RD,NEW YORK AVE,0,32.64844722,-97.077075,0,12,11,0,2,2,0,1,3,1,0,1,0,0000000,2,44,2,51,3,16,0,0,0,1,1
48,481240,3,3,0,0,0,3,3,453,330,15,6,2012,6,15,27,1,12,7,US-290 FRONTAGE,PACKSADDLE PASS RD,298,30.23125,-97.79192778,0,12,6,1,2,2,0,1,1,1,0,1,0,0000000,88,88,88,88,88,88,20,0,0,1,0
48,481241,1,1,0,1,1,1,1,1,0,16,6,2012,7,21,49,1,2,2,US-79,,78,31.69432778,-95.727825,0,8,0,0,8,1,0,1,2,1,0,1,0,0000000,88,88,88,88,88,88,0,0,0,1,0
48,481242,1,1,0,1,1,2,2,201,3320,16,6,2012,7,2,19,1,13,7,FM 1960,,250,30.00464722,-95.26084167,0,8,0,1,18,1,0,1,2,1,0,1,0,0000000,88,88,88,88,88,88,0,0,0,1,1
48,481243,2,2,0,0,0,3,3,227,0,16,6,2012,7,3,40,1,1,1,I-20,,335,32.28493056,-101.3402333,0,12,1,1,18,1,0,1,2,1,0,1,0,0000000,3,39,4,11,4,47,23,0,0,1,0
48,481244,1,1,0,0,0,1,1,367,0,16,6,2012,7,20,15,0,6,4,CR-GOFORTH RD,,0,32.59043056,-97.57508889,0,53,0,0,1,1,0,4,1,1,0,1,0,0000000,20,26,20,47,21,11,0,0,0,1,1
48,481245,2,2,0,0,0,5,5,453,330,16,6,2012,7,23,24,1,13,8,SS 69,,17,30.32056944,-97.71554444,0,12,2,1,18,1,0,1,3,1,0,1,0,0000000,23,27,23,36,23,49,0,0,0,1,1
48,481246,2,2,0,0,0,2,2,485,7490,16,6,2012,7,6,12,1,11,1,I-44,,42,33.94864444,-98.52439444,0,12,6,0,1,1,0,1,4,1,0,1,0,0000000,6,14,6,19,6,31,0,0,0,1,1
48,481247,2,2,0,0,0,4,4,91,0,17,6,2012,1,21,24,1,13,8,FM 2673,,176,29.84193889,-98.19035556,0,12,2,0,1,1,0,1,2,1,0,1,0,0000000,21,51,22,2,22,35,0,0,0,1,1
48,481248,4,4,0,0,0,7,7,113,1730,17,6,2012,1,7,25,1,11,1,I-35 STEMMONS RWY,,211,32.81239722,-96.86263611,0,12,2,1,18,1,0,1,1,1,0,1,0,0000000,7,33,7,38,8,12,0,0,0,1,1
48,481249,1,1,0,0,0,2,2,185,0,17,6,2012,1,8,49,0,5,8,FM 3090,,121,30.49101944,-96.074875,0,42,0,0,1,1,0,5,1,1,0,1,0,0000000,8,57,9,18,9,38,0,0,0,1,0
48,481250,1,1,0,0,0,1,1,201,3280,17,6,2012,1,1,15,1,13,8,FM 529 FREEMAN RD,ENCHANTED CREEK DR,83,29.87971389,-95.71838333,0,1,0,0,2,2,1,1,3,10,0,10,0,0000000,1,31,1,49,2,17,0,0,0,1,1
48,481251,3,3,0,0,0,4,4,201,0,17,6,2012,1,13,55,1,13,8,FM1960,,226,30.00471111,-95.30036944,0,12,2,0,1,1,0,1,1,1,0,1,0,0000000,14,4,14,22,14,41,0,0,0,1,1
48,481252,2,2,0,0,0,2,2,309,7210,17,6,2012,1,22,53,1,11,7,I-35 N JACK KULTGEN EXPY,SP299 BELLMEAD DR,176,31.57973889,-97.11025,0,12,7,1,3,2,0,1,3,1,0,1,0,0000000,88,88,88,88,88,88,0,0,0,1,0
48,481253,1,1,0,0,0,2,2,409,0,17,6,2012,1,7,0,0,4,8,FM893,,43,27.9031,-97.40895556,0,32,0,0,1,1,0,4,4,1,0,1,0,0000000,7,31,7,44,8,10,0,0,0,1,0
48,481254,1,1,0,0,0,1,1,497,0,17,6,2012,1,21,27,0,5,8,FM2264,,73,33.18380278,-97.44671667,0,1,0,0,1,1,0,4,1,1,0,1,0,0000000,88,88,88,88,88,88,0,0,0,1,1
48,481255,2,1,1,0,0,6,6,29,6090,18,6,2012,2,0,16,0,16,5,MIDINA BASE RD,,0,29.36711111,-98.62676111,0,14,0,0,1,1,1,4,2,1,0,1,0,0000000,0,16,0,27,1,0,0,0,0,5,1
48,481256,1,1,0,1,1,1,1,29,6090,18,6,2012,2,8,58,1,11,7,I-35,,353,29.5435,-98.371925,0,9,0,0,1,1,0,1,1,10,0,10,0,0000000,88,88,88,88,88,88,0,0,0,1,0
48,481257,1,1,0,1,1,1,1,201,3280,19,6,2012,3,9,19,0,16,5,MAIN ST,CAMBRIDGE ST,0,29.71587222,-95.397475,0,8,0,0,2,2,0,1,1,1,0,1,0,0000000,9,19,9,25,9,34,0,0,0,1,0
48,481258,3,3,0,0,0,9,9,285,0,19,6,2012,3,14,46,0,4,8,UA77,,173,29.42678056,-96.99866389,0,12,6,0,1,1,0,1,1,10,0,10,0,0000000,99,99,99,99,99,99,0,0,0,4,0
48,481259,2,2,0,0,0,3,3,469,0,19,6,2012,3,12,25,1,2,2,US-87,,95,28.88676111,-97.05824722,0,12,6,0,1,1,0,1,1,2,0,2,0,0000000,12,25,12,31,12,47,0,0,0,1,0
48,481260,1,1,0,0,0,1,1,469,7190,19,6,2012,3,11,44,1,13,2,US-87 MAIN ST,,136,28.84566944,-97.01268056,0,1,0,0,1,1,0,4,1,10,0,10,0,0000000,88,88,88,88,88,88,0,0,0,1,0
48,481261,2,2,0,0,0,2,2,29,6090,20,6,2012,4,5,54,1,11,1,I-35,,178,29.36294167,-98.52163056,0,12,1,0,1,1,0,1,3,10,0,10,0,0000000,5,54,6,19,6,46,0,0,0,1,1
48,481262,1,1,0,0,0,1,1,67,0,20,6,2012,4,8,1,0,4,8,FM 250,,100,33.05730833,-94.59233611,0,1,0,0,1,1,0,1,1,10,0,10,0,0000000,88,88,88,88,88,88,0,0,0,1,0
48,481263,1,1,0,0,0,1,1,423,0,20,6,2012,4,0,10,0,3,3,SR-110,,144,32.43161389,-95.40514722,0,43,0,0,1,1,0,4,3,1,0,1,0,0000000,88,88,88,88,88,88,0,0,0,1,0
48,481264,1,1,0,1,1,1,1,453,330,20,6,2012,4,1,40,1,11,1,I-35,,212,30.31156944,-97.70926389,0,8,0,0,1,1,0,1,3,1,0,1,0,0000000,88,88,88,88,88,88,0,0,0,1,0
48,481265,3,3,0,0,0,3,3,113,2800,21,6,2012,5,16,53,1,11,1,I-20,,11,32.67545556,-97.03441111,0,12,7,0,1,1,0,1,1,1,0,1,0,0000000,88,88,88,88,88,88,0,0,0,1,0
48,481266,2,2,0,0,0,2,2,139,9997,21,6,2012,5,1,4,1,13,2,US-287,,30,32.51032222,-97.06343333,0,12,2,0,1,1,0,1,2,1,0,1,0,0000000,88,88,88,88,88,88,0,0,0,2,1
48,481267,1,1,0,0,0,1,1,373,0,21,6,2012,5,9,45,0,3,8,FM 356,,2,30.84359167,-95.17265,0,42,0,0,1,1,0,4,1,1,0,1,0,0000000,99,99,99,99,99,99,0,0,0,1,0
48,481268,1,1,0,1,1,1,1,201,480,22,6,2012,6,18,18,0,16,5,MAIN ST,,0,29.79357778,-94.96398056,0,9,0,0,1,1,0,1,1,1,0,1,0,0000000,88,88,88,88,88,88,0,0,0,1,0
48,481269,2,2,0,0,0,1,1,201,3280,22,6,2012,6,8,0,1,11,7,I-10,,73,29.78438611,-95.69311111,0,12,1,0,1,1,0,1,1,1,0,1,0,0000000,8,6,8,27,8,46,0,0,0,1,0
48,481270,1,1,0,0,0,1,1,201,5230,22,6,2012,6,20,22,0,16,5,WICHITA ST,,0,29.67221667,-95.176125,0,42,0,0,1,1,0,4,1,1,0,1,0,0000000,99,99,99,99,99,99,0,0,0,1,0
48,481271,2,2,0,0,0,3,3,341,0,22,6,2012,6,11,40,0,4,8,FM 119,,64,35.97213611,-101.8288833,0,12,2,0,1,1,0,2,1,1,0,1,0,0000000,99,99,99,99,99,99,0,0,0,1,0
48,481272,2,2,0,0,0,2,2,361,5100,22,6,2012,6,1,30,1,11,1,I-10,,181,30.11317778,-93.80972778,0,52,0,1,5,1,0,8,3,1,0,1,0,0000000,1,28,1,38,2,22,0,0,0,1,1
48,481273,2,2,0,0,0,4,4,113,3420,23,6,2012,7,14,25,1,13,3,SR-356 IRVING BLVD,ROGER WILLIAMS DR,111,32.83035833,-96.98190278,0,12,6,0,2,2,0,1,1,1,0,1,0,0000000,14,27,14,31,15,1,0,0,0,1,0
48,481274,1,1,0,0,0,1,1,201,480,23,6,2012,7,2,50,0,16,5,CEDAR BAYOU RD,,0,29.749875,-94.93656944,0,43,0,0,1,1,0,4,3,1,0,1,0,0000000,2,55,3,13,3,50,0,0,0,1,0
48,481275,1,1,0,1,1,1,1,349,1570,23,6,2012,7,2,2,1,13,2,US-287,,29,32.05302778,-96.42412778,0,8,0,0,1,1,0,1,2,1,0,1,0,0000000,2,6,2,16,2,27,0,0,0,1,0
48,481276,2,2,0,0,0,6,6,459,5115,23,6,2012,7,18,54,0,16,5,WISTERIA ST,,0,32.80556944,-94.69839167,0,12,2,0,1,1,0,1,1,1,0,1,0,0000000,19,27,19,28,20,1,0,0,0,1,0
48,481277,1,1,0,0,0,1,1,27,3690,24,6,2012,1,14,35,0,14,8,FM 3470 STAN SCHLEUTER LP,,76,31.06729167,-97.71966944,0,1,0,0,1,1,0,4,2,1,0,1,0,0000000,88,88,88,88,88,88,0,0,0,1,1
48,481278,2,2,0,0,0,3,3,121,1840,25,6,2012,2,6,51,0,4,8,FM 428 SHERMAN DR,,57,33.28406111,-97.09020833,0,12,2,0,1,1,0,1,1,1,0,1,0,0000000,88,88,88,88,88,88,0,0,0,1,0
48,481279,1,1,0,0,0,1,1,259,0,25,6,2012,2,7,2,0,4,3,SR-46,,48,29.76719167,-98.76408056,0,59,0,0,1,1,0,4,9,1,0,1,0,0000000,7,58,8,19,9,1,0,0,0,1,0
48,481280,1,1,0,1,1,1,1,423,7070,25,6,2012,2,0,15,1,13,2,US-69 W GENTRY PKWY,,116,32.38051944,-95.33161389,0,8,0,0,1,1,0,1,3,1,0,1,0,0000000,0,15,0,18,0,37,0,0,0,1,0
48,481281,2,2,0,0,0,2,2,441,30,25,6,2012,2,8,50,1,13,3,SR-351,FM2833,33,32.48169444,-99.69066667,0,12,6,0,2,2,1,1,1,1,0,1,0,0000000,99,99,8,57,9,9,0,0,0,1,0
48,481282,1,1,0,0,0,17,17,215,5183,10,4,2012,3,22,27,1,12,7,US-83,,136,26.23443056,-98.38105,0,18,0,0,1,1,0,4,3,1,0,1,0,0000000,22,51,23,10,23,26,20,0,0,9,0
48,481283,2,2,0,0,0,3,3,331,1100,29,6,2012,6,19,46,1,13,2,US-190 W 4TH ST,N SCOTT AVE,159,30.85512222,-96.98349167,0,12,6,0,2,2,0,1,1,1,0,1,0,0000000,19,48,19,59,21,25,0,0,0,1,0
48,481284,1,1,0,1,1,1,1,201,3280,1,6,2012,6,2,6,1,11,1,I-10,,72,29.78518889,-95.69664167,0,8,0,0,1,1,0,1,3,1,0,1,0,0000000,88,88,88,88,88,88,0,0,0,1,0
48,481285,2,2,0,0,0,2,2,361,7200,2,6,2012,7,22,35,1,13,8,FM105 S MAIN ST,,3,30.11910278,-94.01008333,0,1,0,0,8,1,0,1,3,1,0,1,0,0000000,88,88,88,88,88,88,0,0,0,1,0
48,481286,1,1,0,0,0,4,4,309,0,22,6,2012,6,5,40,0,5,8,FM2416,,70,31.42434722,-97.315975,0,38,0,0,1,1,0,4,2,1,0,1,0,0000000,6,0,6,10,6,55,0,0,0,2,1
48,481287,1,1,0,0,0,1,1,401,0,22,6,2012,6,18,58,0,4,8,FM2276,,0,32.37103056,-94.80943611,0,42,0,0,1,1,0,4,1,1,0,1,0,0000000,99,99,19,20,20,7,0,0,0,1,1
48,481288,2,2,0,0,0,2,2,453,0,22,6,2012,6,14,45,0,6,4,CR-CUERNAVACA DR,,0,30.31805278,-97.87278333,0,12,2,0,1,1,0,1,1,1,0,1,0,0000000,14,49,14,58,15,50,0,0,0,1,0
48,481289,2,2,0,0,0,6,6,493,6610,22,6,2012,6,11,20,0,3,3,SR-123,BU87U SE MAIN ST,99,29.23676389,-97.95990833,0,12,6,0,2,2,0,1,1,1,0,1,0,0000000,11,24,11,33,12,33,3,0,0,1,0
48,481290,2,2,0,0,0,5,5,61,940,23,6,2012,7,2,23,1,13,3,SR-48 E 14TH ST,,33,25.92322778,-97.46208056,0,12,1,0,1,1,0,1,3,10,0,10,0,0000000,2,23,2,31,2,59,0,0,0,2,0
48,481291,1,1,0,1,1,1,1,397,2330,23,6,2012,7,22,20,1,1,7,I-30,,88,32.92389722,-96.39984444,0,8,0,0,1,1,0,1,2,1,0,1,0,0000000,88,88,88,88,88,88,0,0,0,1,0
48,481293,2,2,0,0,0,2,2,201,3280,24,6,2012,1,18,24,0,16,5,ALMEDA GENOA RD,KARALIS RD,0,29.61383333,-95.39685556,0,12,6,0,2,3,0,1,1,1,0,1,0,0000000,18,22,18,29,19,4,0,0,0,1,0
48,481294,4,2,2,1,1,4,4,215,4197,24,6,2012,1,1,26,1,12,2,US-83,,228,26.19265833,-98.24839167,0,12,7,1,18,1,0,1,3,1,0,1,0,0000000,1,29,1,31,1,51,0,0,0,1,0
48,481295,1,1,0,0,0,2,2,35,0,25,6,2012,2,18,5,0,4,8,FM 56,,146,31.918975,-97.46854444,0,42,0,0,1,1,0,4,1,1,0,1,0,0000000,18,7,18,16,18,51,0,0,0,1,0
48,481296,1,1,0,1,1,1,1,201,0,25,6,2012,2,4,58,0,6,4,CR-VETERANS MEMORIAL DR,,0,29.9287,-95.45311111,0,8,0,0,1,1,0,1,2,1,0,1,0,0000000,88,88,88,88,88,88,0,0,0,1,0
48,481297,1,1,0,0,0,1,1,439,2420,26,6,2012,3,17,19,1,11,1,I-20,,144,32.66515833,-97.24207778,0,24,0,1,19,1,0,3,1,1,0,1,0,0000000,88,88,88,88,88,88,0,0,0,1,0
48,481298,1,1,0,2,2,2,2,355,1550,27,6,2012,4,21,27,0,16,5,GRAHAM RD,,0,27.66411111,-97.29034722,0,8,0,0,1,1,0,1,2,1,0,1,0,0000000,21,27,21,32,21,52,0,0,0,1,0
48,481299,2,2,0,0,0,4,4,381,0,27,6,2012,4,17,25,0,4,8,FM 1541 WASHINGTON ST,TRAMMELL RD,63,35.09708889,-101.848275,0,12,6,0,3,3,0,1,1,1,0,1,0,0000000,88,88,88,88,88,88,0,0,0,1,0
48,481300,1,1,0,0,0,1,1,403,0,27,6,2012,4,12,45,0,5,8,FM 1175 CAMPBELL DR,,10,31.34138056,-93.87668333,0,42,0,0,1,1,0,4,1,1,0,1,0,0000000,88,88,88,88,88,88,0,0,0,1,0
48,481301,2,2,0,0,0,2,2,365,0,28,6,2012,5,5,25,1,2,2,US-59,,261,32.01546111,-94.25903056,0,12,1,0,1,1,0,1,4,1,0,1,0,0000000,88,88,88,88,88,88,0,0,0,1,0
48,481302,1,1,0,1,1,1,1,37,4831,29,6,2012,6,22,50,1,13,2,US-82,,91,33.44258056,-94.12481667,0,8,0,0,1,1,0,1,2,1,0,1,0,0000000,88,88,88,88,88,88,0,0,0,1,0
48,481303,1,1,0,0,0,1,1,113,7520,29,6,2012,6,13,30,1,11,7,I-45,,12,32.56398056,-96.66552778,0,33,0,0,1,1,0,4,1,1,0,1,0,0000000,88,88,88,88,88,88,0,0,0,1,0
48,481304,1,1,0,0,0,2,2,365,0,29,6,2012,6,14,45,0,4,8,FM 123,,307,32.23077222,-94.20770278,0,42,0,0,1,1,0,4,1,1,0,1,0,0000000,99,99,99,99,99,99,0,0,0,1,0
48,481305,1,1,0,0,0,1,1,441,30,29,6,2012,6,21,48,1,12,7,SL 322,,35,32.41615278,-99.70183333,0,24,0,0,1,1,0,4,2,1,0,1,0,0000000,88,88,88,88,88,88,0,0,0,1,1
48,481306,4,4,0,0,0,5,5,121,1840,30,6,2012,7,21,0,1,13,2,US-380,,107,33.23123056,-97.20621667,0,12,8,0,1,1,0,1,2,1,0,1,0,0000000,21,0,21,8,21,27,0,0,0,2,0