STATE,ST_CASE,VE_TOTAL,VE_FORMS,PVH_INVL,PEDS,PERNOTMVIT,PERMVIT,PERSONS,COUNTY,CITY,DAY,MONTH,YEAR,DAY_WEEK,HOUR,MINUTE,NHS,ROAD_FNC,ROUTE,TWAY_ID,TWAY_ID2,MILEPT,LATITUDE,LONGITUD,SP_JUR,HARM_EV,MAN_COLL,RELJCT1,RELJCT2,TYP_INT,WRK_ZONE,REL_ROAD,LGT_COND,WEATHER1,WEATHER2,WEATHER,SCH_BUS,RAIL,NOT_HOUR,NOT_MIN,ARR_HOUR,ARR_MIN,HOSP_HR,HOSP_MN,CF1,CF2,CF3,FATALS,DRUNK_DR
48,481307,1,1,0,0,0,1,1,25,0,1,6,2012,6,18,43,0,6,4,CR-KINKLER LN,,0,28.29645,-97.81050278,0,35,0,0,1,1,0,4,1,1,0,1,0,0000000,88,88,88,88,88,88,0,0,0,1,1
48,481308,1,1,0,0,0,2,2,29,0,1,6,2012,6,17,18,1,1,1,I-37,,51,29.14452778,-98.42859722,0,1,0,0,1,1,0,4,1,1,0,1,0,0000000,88,88,88,88,88,88,0,0,0,1,0
48,481309,1,1,0,0,0,1,1,113,4530,1,6,2012,6,2,49,1,11,1,I-635,,87,32.81921944,-96.62915833,0,1,0,0,1,1,0,4,3,1,0,1,0,0000000,99,99,99,99,99,99,0,0,0,1,1
48,481310,2,2,0,0,0,2,2,135,5030,9,6,2012,7,23,9,1,13,8,BI 20 E,JBS PARKWAY,126,31.86888889,-102.3210278,0,12,6,0,2,2,0,1,3,1,0,1,0,0000000,23,7,23,14,23,39,0,0,0,1,1
48,481311,3,3,0,0,0,3,3,439,2850,13,6,2012,4,11,4,1,12,3,SR-114,,82,32.92274444,-97.06783611,0,20,0,0,1,1,1,8,1,10,0,10,0,0000000,11,6,11,15,11,46,0,0,0,1,0
48,481312,1,1,0,1,1,1,1,441,4500,28,4,2012,7,9,35,0,16,5,NORTH 3RD ST,,0,32.47313056,-100.0150583,0,8,0,0,8,1,0,1,1,1,0,1,0,0000000,9,37,9,40,10,10,0,0,0,1,0
48,481313,1,1,0,0,0,1,1,241,0,27,6,2012,4,11,0,1,2,2,US-96,,105,30.51526667,-93.94339167,0,35,0,0,1,1,0,3,1,1,0,1,0,0000000,88,88,88,88,88,88,0,0,0,1,0
48,481314,1,1,0,0,0,1,1,135,5030,28,6,2012,5,2,9,1,11,1,I-20,,364,31.83930278,-102.3340444,0,24,0,0,1,1,0,10,2,1,0,1,0,0000000,2,10,2,12,2,35,0,0,0,1,1
48,481315,1,1,0,0,0,1,1,85,2520,30,6,2012,7,3,29,0,14,8,FM 3537 MAIN ST,,126,33.15228056,-96.75921944,0,42,0,0,1,1,0,4,2,10,0,10,0,0000000,3,42,3,53,4,36,0,0,0,1,1
48,481316,2,2,0,0,0,3,3,113,1730,2,6,2012,7,12,30,1,13,8,SL 12 LEDBETTER DR,,347,32.68751944,-96.82448889,0,12,11,0,1,1,0,1,1,1,0,1,0,0000000,88,88,88,88,88,88,0,0,0,1,0
48,481317,1,1,0,0,0,1,1,139,4570,2,6,2012,7,22,46,1,12,7,US-67,,40,32.49801389,-96.99039167,0,1,0,0,1,1,0,4,3,1,0,1,0,0000000,22,39,22,45,23,8,0,0,0,1,1
48,481318,1,1,0,1,1,3,3,497,0,2,6,2012,7,1,18,0,5,8,FM 2123,,19,33.17268056,-97.75925,0,8,0,0,1,1,0,1,2,1,0,1,0,0000000,88,88,88,88,88,88,23,19,0,1,0
48,481319,2,2,0,0,0,2,2,31,0,3,6,2012,1,17,26,0,4,8,RM 165,,97,30.13495833,-98.28036667,0,12,6,0,4,1,0,1,1,1,0,1,0,0000000,88,88,88,88,88,88,0,0,0,1,0
48,481320,2,2,0,0,0,3,3,91,0,3,6,2012,1,0,14,1,13,8,FM 306,,42,29.86544167,-98.16651667,0,12,2,0,1,1,0,1,2,1,0,1,0,0000000,0,20,0,37,1,21,0,0,0,1,2
48,481321,1,1,0,0,0,1,1,185,0,3,6,2012,1,10,47,0,5,8,FM 3090,,130,30.48570556,-96.06299722,0,38,0,0,1,1,0,4,1,1,0,1,0,0000000,10,51,11,4,11,38,0,0,0,1,0
48,481323,2,2,0,0,0,4,4,399,0,10,6,2012,1,6,0,0,5,8,FM 2887,,18,31.82708056,-99.956,0,12,2,0,1,1,0,1,2,1,0,1,0,0000000,5,56,6,14,7,0,0,0,0,3,1
48,481324,2,2,0,0,0,2,2,85,5730,12,6,2012,3,2,20,0,16,5,PRESIDENTGEORGEBUSHTURNPIKE,,0,33.00369722,-96.73165278,0,12,1,0,1,1,0,1,3,1,0,1,0,0000000,2,29,2,38,3,3,0,0,0,1,1
48,481325,2,2,0,0,0,2,2,143,6590,12,6,2012,3,23,45,0,14,8,FM-8 LINGLEVILLE RD,KINGLAND DR,206,32.22958611,-98.21513889,0,12,6,0,2,3,0,1,3,1,0,1,0,0000000,88,88,88,88,88,88,0,0,0,1,1
48,481326,1,1,0,0,0,1,1,497,0,13,6,2012,4,18,15,1,2,2,US-287,,80,33.15028889,-97.50748889,0,1,0,0,1,1,0,1,1,1,0,1,0,0000000,99,99,99,99,99,99,0,0,0,1,0
48,481327,2,2,0,0,0,2,2,55,0,16,6,2012,7,21,28,0,4,8,FM 672,,257,29.92725833,-97.59567778,0,12,6,0,1,1,0,1,2,1,0,1,0,0000000,99,99,99,99,99,99,0,0,0,1,1
48,481328,2,2,0,0,0,3,3,173,0,16,6,2012,7,8,23,0,4,3,SR-137,CR-110,176,31.80531667,-101.6831778,0,12,6,0,2,2,0,1,1,1,0,1,0,0000000,99,99,99,99,99,99,0,0,0,1,0
48,481329,1,1,0,0,0,2,2,439,2450,16,6,2012,7,0,35,0,16,5,KELLER HICKS RD,,0,32.93893056,-97.28925278,0,30,0,0,1,1,0,4,2,1,0,1,0,0000000,0,42,0,45,1,54,0,0,0,1,1
48,481330,1,1,0,1,1,1,1,481,7410,16,6,2012,7,1,32,0,14,8,FM 102,,189,29.32459167,-96.11655556,0,8,0,0,1,1,0,4,2,1,0,1,0,0000000,1,32,1,44,1,53,0,0,0,1,0
48,481331,1,1,0,1,1,1,1,439,2450,17,6,2012,1,3,47,1,11,1,I-820,,239,32.78477222,-97.46539444,0,8,0,1,18,1,0,1,2,1,0,1,0,0000000,88,88,88,88,88,88,19,0,0,1,0
48,481332,2,2,0,0,0,2,2,439,2450,17,6,2012,1,3,55,1,11,1,I-820,,239,32.78473611,-97.46543611,0,12,2,1,18,1,0,1,2,1,0,1,0,0000000,3,55,4,2,4,28,19,0,0,1,0
48,481333,3,3,0,0,0,3,3,223,0,19,6,2012,3,17,1,0,3,3,SR-11,CR-4710,214,33.161475,-95.68139722,0,12,1,0,3,3,0,1,1,10,0,10,0,0000000,88,88,88,88,88,88,0,0,0,1,0
48,481334,3,3,0,0,0,3,3,439,2450,19,6,2012,3,7,47,1,11,1,I-820,,287,32.73283889,-97.22496111,0,24,0,0,1,1,0,4,1,1,0,1,0,0000000,7,48,8,13,8,41,0,0,0,1,0
48,481335,2,2,0,0,0,3,3,201,1790,20,6,2012,4,14,9,0,16,5,CENTER ST,,0,29.66421667,-95.12296111,0,12,6,0,8,1,0,1,1,10,0,10,0,0000000,14,21,14,38,15,0,0,0,0,1,0
48,481336,3,3,0,0,0,5,5,201,3280,20,6,2012,4,17,35,0,16,5,ELDRIDGE PKWY,,0,29.82601111,-95.60534444,0,12,6,0,1,1,0,1,1,10,0,10,0,0000000,17,44,17,58,18,31,0,0,0,3,0
48,481337,3,3,0,0,0,3,3,29,0,21,6,2012,5,23,0,1,1,1,I-10,,56,29.67403056,-98.63456944,0,12,1,0,1,1,0,1,2,1,0,1,0,0000000,23,28,23,38,0,38,0,0,0,1,0
48,481338,1,1,0,0,0,1,1,113,1730,21,6,2012,5,2,40,1,13,8,SL12 E NORTHWEST HWY,,295,32.85818611,-96.72496944,0,18,0,0,1,1,3,1,2,1,0,1,0,0000000,99,99,2,48,3,18,19,0,0,1,1
48,481339,1,1,0,0,0,3,3,97,7112,24,6,2012,1,21,35,1,1,1,I-35,,49,33.48904722,-97.16258333,0,1,0,0,1,1,0,4,3,1,0,1,0,0000000,21,36,21,47,22,38,0,0,0,1,0
48,481340,1,1,0,0,0,1,1,113,2678,24,6,2012,1,10,8,0,16,5,S HAMPTON RD,,0,32.56194167,-96.85698333,0,1,0,0,1,1,0,4,1,1,0,1,0,0000000,10,8,10,10,10,37,0,0,0,1,1
48,481341,2,2,0,0,0,10,10,453,330,24,6,2012,1,1,38,0,16,5,N PLEASANT VALLEY RD,E CESAR CHAVEZ ST,0,30.25301111,-97.71278889,0,12,6,0,2,2,0,1,3,1,0,1,0,0000000,2,0,2,8,2,17,0,0,0,1,0
48,481342,3,3,0,0,0,3,3,113,4530,25,6,2012,2,21,35,1,11,1,I-635,,37,32.75019722,-96.61469444,0,12,1,0,1,1,0,1,3,1,0,1,0,0000000,21,36,21,46,22,18,0,0,0,1,0
48,481343,1,1,0,0,0,1,1,371,0,25,6,2012,2,8,30,1,2,2,US-285,,510,30.31373333,-102.4418861,0,39,0,0,1,1,0,4,2,1,0,1,0,0000000,88,88,88,88,88,88,0,0,0,1,0
48,481344,1,1,0,0,0,1,1,479,3899,25,6,2012,2,21,4,1,11,1,I-35,,18,27.68538611,-99.46308889,0,23,0,0,1,1,0,3,3,1,0,1,0,0000000,99,99,99,99,99,99,0,0,0,1,0
48,481345,1,1,0,0,0,1,1,29,0,26,6,2012,3,21,55,0,6,4,CR-W BRUAN RD,,0,29.54213889,-98.70165,0,30,0,0,1,1,0,4,3,1,0,1,0,0000000,21,57,22,15,22,36,0,0,0,1,1
48,481346,3,3,0,0,0,3,3,257,4190,27,6,2012,4,9,46,0,4,3,SR-198,,11,32.34193611,-96.10894167,0,12,6,0,1,1,0,1,1,1,0,1,0,0000000,99,99,99,99,99,99,0,0,0,1,0
48,481347,2,2,0,0,0,2,2,29,6090,30,6,2012,7,7,55,0,16,5,S NEW BRAUNFELS ST,PORTER ST,0,29.40591111,-98.46126111,0,12,6,0,2,2,0,1,1,1,0,1,0,0000000,7,56,8,0,8,47,0,0,0,1,0
48,481348,1,1,0,0,0,2,2,181,1830,30,6,2012,7,4,45,1,12,2,US-75,,101,33.72011111,-96.585075,0,1,0,0,1,1,0,1,2,1,0,1,0,0000000,5,4,5,23,6,4,0,0,0,1,0
48,481349,2,2,0,0,0,3,3,215,2110,30,6,2012,7,3,29,0,16,5,N JACKSON RD,W SCHUNIOR ST,0,26.31180556,-98.18499444,0,12,1,0,3,2,0,1,3,1,0,1,0,0000000,99,99,99,99,99,99,0,0,0,1,1
48,481350,2,2,0,0,0,7,7,215,0,1,6,2012,6,22,40,0,6,4,CR-MOOREFIELD RD,,0,26.273925,-98.34690278,0,12,6,0,8,1,0,1,2,1,0,1,0,0000000,99,99,99,99,99,99,0,0,0,1,1
48,481351,2,2,0,0,0,2,2,347,0,1,6,2012,6,10,42,1,2,2,US-59,FM 2864,135,31.70848333,-94.633625,0,12,6,0,3,3,0,1,1,1,0,1,0,0000000,10,48,10,57,11,23,0,0,0,1,0
48,481352,1,1,0,0,0,1,1,449,0,1,6,2012,6,20,40,0,6,4,CR-1312,,0,33.20134722,-95.00312222,0,38,0,0,1,1,0,4,2,1,0,1,0,0000000,20,47,20,54,21,15,0,0,0,1,1
48,481353,1,1,0,0,0,1,1,457,0,1,6,2012,6,16,45,1,2,2,US-69,,62,30.70645278,-94.40831944,0,42,0,0,1,1,0,4,1,1,0,1,0,0000000,16,46,16,53,17,20,0,0,0,1,0
48,481354,2,2,0,0,0,2,2,201,0,2,6,2012,7,2,0,0,14,8,FM 2920,FALVEL RD,171,30.07051389,-95.47650556,0,12,6,0,2,2,0,1,3,1,0,1,0,0000000,2,7,2,23,3,6,0,0,0,1,1
48,481355,1,1,0,0,0,3,3,257,0,2,6,2012,7,0,45,0,6,4,CR-LONE STAR BLVD,,0,32.68364167,-96.40518889,0,1,0,0,1,1,0,4,2,1,0,1,0,0000000,0,47,1,0,2,41,0,0,0,1,0
48,481356,1,1,0,0,0,1,1,439,2450,2,6,2012,7,6,45,1,11,1,I-820,I-35,144,32.83973889,-97.30971944,0,18,0,1,18,1,1,3,4,1,0,1,0,0000000,7,8,7,21,7,47,0,0,0,1,0
48,481357,2,2,0,0,0,3,3,177,0,3,6,2012,1,15,56,0,4,3,SR-80,FM 466,81,29.49861111,-97.70516944,0,12,6,0,2,2,0,1,1,1,0,1,0,0000000,16,9,16,21,17,2,0,0,0,1,0
48,481358,2,1,1,0,0,1,1,309,7210,3,6,2012,1,2,50,0,16,5,3RD ST,,0,31.539175,-97.1071,0,14,0,0,1,1,0,2,2,1,0,1,0,0000000,2,58,3,2,3,46,0,0,0,1,1
48,481359,1,1,0,0,0,1,1,141,2190,10,6,2012,1,3,57,0,16,5,BABE RUTH,,0,31.93124722,-106.4172333,0,42,0,0,1,1,0,4,3,1,0,1,0,0000000,88,88,88,88,88,88,0,0,0,1,1
48,481360,1,1,0,1,1,1,1,201,3280,10,6,2012,1,7,27,0,16,5,LOCKWOOD DR,,0,29.79097222,-95.31603056,0,8,0,0,1,1,0,4,1,10,0,10,0,0000000,7,27,7,31,7,49,0,0,0,1,1
48,481361,2,2,0,0,0,4,4,339,0,16,6,2012,7,17,39,0,6,4,CR-MCCALEB RD,,0,30.34096389,-95.58335833,0,12,6,0,1,1,0,1,1,2,0,2,0,0000000,17,35,17,43,18,50,0,0,0,1,0
48,481362,1,1,0,0,0,3,3,457,0,19,6,2012,3,10,0,0,3,2,US-190,,93,30.83888056,-94.27493889,0,1,0,0,1,1,0,4,1,2,0,2,0,0000000,99,99,99,99,99,99,0,0,0,1,0
48,481363,1,1,0,0,0,1,1,21,0,22,6,2012,6,9,15,0,4,8,FM 2571,,89,30.01485833,-97.17500278,0,5,0,0,1,1,0,4,1,1,0,1,0,0000000,88,88,88,88,88,88,0,0,0,1,0
48,481364,1,1,0,0,0,1,1,339,4999,23,6,2012,7,0,15,1,11,1,I-45 NORTH FWY,,33,30.157475,-95.44928611,0,25,0,1,19,1,0,3,3,1,0,1,0,0000000,88,88,88,88,88,88,0,0,0,1,1
48,481365,1,1,0,1,1,1,1,259,0,28,6,2012,5,19,8,1,11,7,I-10,,166,29.82323889,-98.7562,0,9,0,0,1,1,0,1,1,1,0,1,0,0000000,88,88,88,88,88,88,0,0,0,1,0
48,481366,1,1,0,0,0,1,1,51,0,29,6,2012,6,11,5,0,6,4,CR-410,,0,30.38245833,-96.63612222,0,38,0,0,1,1,0,4,1,1,0,1,0,0000000,88,88,88,88,88,88,0,0,0,1,0
48,481367,2,2,0,0,0,4,4,339,0,29,6,2012,6,2,55,1,11,1,I-45 NORTH FWY,,69,30.209125,-95.45650833,0,12,2,1,18,1,0,1,2,1,0,1,0,0000000,3,30,3,35,3,56,0,0,0,2,1
48,481368,1,1,0,0,0,5,5,31,0,30,6,2012,7,4,52,0,3,2,US-281,,135,30.30160278,-98.39562778,0,1,0,0,1,1,0,1,2,1,0,1,0,0000000,4,58,5,5,6,9,0,0,0,2,0
48,481369,2,2,0,0,0,2,2,251,0,30,6,2012,7,17,48,0,15,8,FM 2738,FM 917 SYCAMORE RD,307,32.49688056,-97.18431111,0,12,6,0,2,2,0,1,1,1,0,1,0,0000000,17,50,18,6,19,3,0,0,0,1,0
48,481370,2,2,0,0,0,2,2,453,0,30,6,2012,7,2,23,0,6,4,CR-BRATTON LN,,0,30.47074444,-97.674325,0,12,6,0,8,1,0,1,2,1,0,1,0,0000000,2,23,2,31,2,50,0,0,0,1,1
48,481371,1,1,0,0,0,1,1,213,0,23,6,2012,7,22,50,0,3,8,FM85,,46,32.32244722,-96.29185,0,1,0,0,1,1,0,4,2,1,0,1,0,0000000,88,88,88,88,88,88,0,0,0,1,1
48,481372,1,1,0,0,0,3,3,375,0,23,6,2012,7,4,15,0,4,8,RM1061,,95,35.38533889,-102.0970083,0,31,0,0,1,1,0,4,2,1,0,1,0,0000000,99,99,99,99,99,99,0,0,0,1,1
48,481373,2,2,0,0,0,3,3,183,0,27,6,2012,4,8,5,1,2,3,SR-31,,54,32.43606944,-94.82646667,0,12,1,0,1,1,1,1,1,1,0,1,0,0000000,8,7,8,14,8,59,0,0,0,1,0
48,481374,2,2,0,0,0,5,5,211,0,27,6,2012,4,6,52,1,2,2,US-60,,78,35.7959,-100.4220444,0,12,2,0,1,1,0,1,1,1,0,1,0,0000000,6,55,7,8,7,24,0,0,0,2,0
48,481376,2,2,0,0,0,3,3,459,0,30,6,2012,7,16,25,0,3,2,US-259,FM726,125,32.73926111,-94.74803333,0,12,6,0,2,2,0,1,1,1,0,1,0,0000000,16,28,16,31,17,13,0,0,0,1,0
48,481377,1,1,0,0,0,1,1,213,0,1,6,2012,6,4,0,0,4,8,FM317,,74,32.238725,-95.53009167,0,1,0,0,1,1,0,4,6,1,0,1,0,0000000,88,88,88,88,88,88,0,0,0,1,1
48,481378,1,1,0,0,0,2,2,41,1440,2,6,2012,7,3,54,0,15,8,FM2347 GEORGE BUSH DR,,17,30.59587778,-96.34888056,0,33,0,0,1,1,0,4,3,1,0,1,0,0000000,88,88,88,88,88,88,0,0,0,2,0
48,481379,1,1,0,0,0,1,1,259,0,2,6,2012,7,3,51,1,1,1,I-10,,44,29.95327778,-98.88449722,0,32,0,0,1,1,2,4,2,10,0,10,0,0000000,88,88,88,88,88,88,0,0,0,1,1
48,481380,1,1,0,0,0,7,7,389,0,3,6,2012,1,17,30,1,1,1,I-10,,336,30.97078333,-103.5070806,0,1,0,0,1,1,0,3,1,1,0,1,0,0000000,99,99,99,99,99,99,0,0,0,2,0
48,481381,2,2,0,0,0,2,2,135,0,5,6,2012,3,13,35,1,11,1,I-20,,278,31.79543889,-102.462125,0,12,1,0,1,1,0,1,1,1,0,1,0,0000000,99,99,99,99,99,99,0,0,0,1,0
48,481382,1,1,0,0,0,1,1,3,0,12,6,2012,3,11,37,0,6,4,CR-COYOTE CORNER RD,,0,32.11150556,-102.7056361,0,1,0,0,1,1,0,4,1,1,0,1,0,0000000,88,88,88,88,88,88,0,0,0,1,0
48,481383,2,2,0,0,0,2,2,495,0,13,6,2012,4,5,26,0,3,3,SR-302,,208,31.88038056,-102.9120083,0,12,6,0,1,1,0,1,2,1,0,1,0,0000000,88,88,88,88,88,88,0,0,0,1,0
48,481384,2,2,0,0,0,2,2,329,0,15,6,2012,6,17,18,1,2,8,BI 20E,CR-1130,228,32.03995278,-101.9889722,0,12,6,0,2,3,0,1,1,1,0,1,0,0000000,88,88,88,88,88,88,0,0,0,1,0
48,481385,2,2,0,0,0,3,3,3,0,19,6,2012,3,10,17,0,3,3,SR-115,FM 181,155,32.18199444,-102.7487583,0,12,6,0,2,2,0,1,1,1,0,1,0,0000000,99,99,99,99,99,99,0,0,0,1,0
48,481386,2,2,0,0,0,2,2,329,0,24,6,2012,1,23,19,1,1,1,I-20,,262,32.076,-101.9189444,0,12,1,0,1,1,0,1,2,1,0,1,0,0000000,88,88,88,88,88,88,0,0,0,1,0
48,481387,2,2,0,0,0,3,3,201,3280,25,6,2012,2,16,50,0,16,5,KELLEY ST,JENSEN DR,0,29.813175,-95.34236944,0,12,6,0,2,2,0,1,1,1,0,1,0,0000000,16,51,16,55,17,29,0,0,0,1,0
48,481388,2,2,0,0,0,2,2,201,3280,25,6,2012,2,18,46,0,16,5,GESSNER DR,HARDISON LN,0,29.85096944,-95.54510833,0,12,1,0,1,1,0,1,5,1,0,1,0,0000000,18,47,19,2,19,38,0,0,0,1,1
48,481389,2,2,0,0,0,2,2,477,880,25,6,2012,2,9,10,0,14,8,FM-577,OLD CHAPPELL HILL RD,29,30.17003333,-96.38130833,0,12,6,0,2,2,0,1,1,1,0,1,0,0000000,9,12,9,17,9,44,0,0,0,1,0
48,481390,2,2,0,0,0,4,4,311,0,26,6,2012,3,11,20,0,4,3,SR-72,,110,28.4717,-98.62221111,0,12,8,0,1,1,0,1,1,1,0,1,0,0000000,11,26,11,37,12,44,0,0,0,1,0
48,481391,1,1,0,1,1,1,1,349,196,27,6,2012,4,21,15,1,1,1,I-45,,118,32.00505278,-96.43238056,0,8,0,1,18,1,0,1,5,10,0,10,0,0000000,88,88,88,88,88,88,0,0,0,1,0
48,481392,2,2,0,0,0,6,6,215,0,29,6,2012,6,19,14,0,15,8,FM 1423 VAL VERDE RD,,16,26.27391944,-98.07079722,0,12,6,0,1,1,0,1,1,1,0,1,0,0000000,99,99,99,99,99,99,0,0,0,2,0
48,481393,2,2,0,0,0,2,2,475,0,29,6,2012,6,9,15,1,1,1,I-20,,231,31.549925,-103.0339778,0,12,6,0,1,1,0,1,1,1,0,1,0,0000000,99,99,99,99,99,99,0,0,0,1,0
48,481394,2,2,0,0,0,4,4,329,0,30,6,2012,7,16,31,0,4,3,SR-137,,32,32.05655278,-101.7800694,0,12,2,0,1,1,0,4,1,1,0,1,0,0000000,16,30,16,55,17,51,0,0,0,1,0
48,481395,1,1,0,0,0,1,1,241,0,29,3,2012,5,13,52,0,4,8,FM 105,,69,30.25173056,-94.09566389,0,42,0,0,1,1,0,4,9,10,0,10,0,0000000,88,88,88,88,88,88,0,0,0,1,0
48,481397,1,1,0,0,0,1,1,329,0,28,6,2012,5,6,40,0,6,4,CR-1160,,0,31.69088333,-101.9306694,0,1,0,0,1,1,0,1,1,1,0,1,0,0000000,88,88,88,88,88,88,0,0,0,1,1
48,481398,2,2,0,0,0,2,2,171,0,11,4,2012,4,11,57,1,2,2,US-290,,52,30.22528333,-98.80504444,0,12,6,0,8,1,0,1,1,1,0,1,0,0000000,11,58,12,3,12,58,0,0,0,1,0
48,481399,2,1,1,0,1,1,2,71,0,24,6,2012,1,19,30,1,1,1,I-10,,52,29.82810556,-94.82495556,0,14,0,0,1,1,0,2,1,1,0,1,0,0000000,19,34,19,59,20,30,0,0,0,1,0
48,481400,1,1,0,0,0,2,2,39,0,3,6,2012,1,22,20,0,6,4,CR-690 LEVEE RD,,0,28.99175278,-95.30599167,0,1,0,0,1,1,0,4,2,1,0,1,0,0000000,22,31,22,43,23,36,0,0,0,1,1
48,481401,1,1,0,0,0,4,4,347,0,1,6,2012,6,9,30,1,2,2,US-59,,308,31.48593056,-94.72096667,0,1,0,0,1,1,0,4,1,1,0,1,0,0000000,9,39,9,51,10,14,0,0,0,1,0
48,481402,1,1,0,0,0,1,1,439,2450,3,6,2012,1,2,30,1,11,1,I-35W,,116,32.81818333,-97.31280833,0,1,0,0,1,1,1,10,3,1,0,1,0,0000000,99,99,99,99,99,99,0,0,0,1,1
48,481403,1,1,0,0,0,1,1,85,5390,4,6,2012,2,17,25,1,12,7,SR-121 SAM RAYBURN TOLLWAY,,237,33.08560278,-96.83996944,0,38,0,1,5,1,0,4,1,1,0,1,0,0000000,88,88,88,88,88,88,0,0,0,1,0
48,481404,2,2,0,0,0,2,2,479,0,15,6,2012,6,6,25,1,2,2,US-83,,294,27.80175556,-99.46329722,0,12,2,0,1,1,0,1,1,1,0,1,0,0000000,99,99,99,99,99,99,0,0,0,1,0
48,481405,2,2,0,0,0,2,2,201,3280,26,6,2012,3,10,27,1,11,7,I-10 N LOOP E,HOMESTEAD RD,105,29.80695833,-95.3018,0,12,6,1,2,2,0,1,1,1,0,1,0,0000000,10,27,10,38,10,50,0,0,0,1,0
48,481406,1,1,0,0,0,1,1,395,870,2,6,2012,7,23,47,0,4,8,FM 46 MAIN ST,,1,31.15686111,-96.68005278,0,43,0,0,1,1,0,4,2,1,0,1,0,0000000,99,99,99,99,99,99,0,0,0,1,1
48,481407,2,2,0,0,0,2,2,67,0,9,6,2012,7,0,19,0,3,3,SR-11,,69,33.00211667,-94.536675,0,12,2,0,1,1,0,1,2,1,0,1,0,0000000,0,23,0,40,1,15,0,0,0,1,1
48,481408,1,1,0,0,0,3,3,201,0,15,6,2012,6,23,50,0,6,4,CR-HUFSMITH KOHRVILLE RD,,0,30.02521111,-95.58582778,0,1,0,0,1,1,0,1,2,1,0,1,0,0000000,23,47,0,1,0,36,0,0,0,1,0
48,481409,2,2,0,0,0,2,2,331,5880,15,6,2012,6,22,43,0,3,2,US-77,,122,30.66567222,-96.9804,0,12,6,1,5,1,0,1,3,1,0,1,0,0000000,22,42,22,57,23,8,0,0,0,1,0
48,481410,1,1,0,0,0,1,1,29,0,22,6,2012,6,3,48,0,6,4,CR-TRUMBO RD,,0,29.17439167,-98.52644167,0,42,0,0,1,1,0,5,2,1,0,1,0,0000000,88,88,88,88,88,88,0,0,0,1,1
48,481411,2,2,0,0,0,3,3,201,3280,22,3,2012,5,15,15,0,16,5,DAIRY ASHFORD,,0,29.77041111,-95.60620556,0,12,6,0,8,1,0,1,1,1,0,1,0,0000000,15,24,15,28,15,58,0,0,0,1,0
48,481412,1,1,0,0,0,1,1,61,0,9,6,2012,7,20,10,0,6,4,CR-SAN FELIPPO RD,CR-HOOKS AND HODGES RD,0,26.274475,-97.81403056,0,30,0,0,3,4,0,4,1,1,0,1,0,0000000,20,14,20,29,21,5,0,0,0,1,0
48,481413,1,1,0,1,1,2,2,303,4140,11,6,2012,2,21,24,1,13,2,US-84,,24,33.56935,-101.8553111,0,8,0,0,1,1,0,1,2,1,0,1,0,0000000,21,26,21,30,21,43,0,0,0,1,0
48,481414,1,1,0,0,0,1,1,201,3280,30,6,2012,7,1,53,0,16,5,GREENBRIAR DR,,0,29.69146944,-95.40425833,0,25,0,0,1,1,0,3,3,10,0,10,0,0000000,88,88,88,88,88,88,20,0,0,1,0
48,481415,2,2,0,0,0,3,3,355,1550,30,6,2012,7,20,25,0,16,5,HORNE RD,S PORT AVE,0,27.75283056,-97.42003056,0,12,6,0,2,2,0,1,3,1,0,1,0,0000000,20,25,20,27,20,36,0,0,0,1,0
48,481416,1,1,0,0,0,1,1,59,0,25,6,2012,2,10,10,0,3,3,SR-36,,151,32.23190833,-99.42536667,0,42,0,0,1,1,0,4,1,1,0,1,0,0000000,88,88,88,88,88,88,0,0,0,1,0
48,481417,2,2,0,0,0,2,2,17,0,27,6,2012,4,7,38,1,2,2,US-70,CR-133 PEACH ST,50,34.27844444,-102.8103194,0,12,6,0,2,2,0,1,1,1,0,1,0,0000000,7,40,8,8,8,58,0,0,0,1,0
48,481418,1,1,0,0,0,2,2,37,0,28,6,2012,5,14,32,1,1,1,I-30,,309,33.46936389,-94.24427222,0,32,0,0,1,1,0,4,1,1,0,1,0,0000000,14,37,14,51,15,19,0,0,0,1,0
48,481419,1,1,0,0,0,1,1,275,0,30,6,2012,7,5,0,0,4,3,SR-6,,220,33.64723611,-99.80194444,0,1,0,0,1,1,0,4,2,1,0,1,0,0000000,88,88,88,88,88,88,0,0,0,1,1
48,481420,3,3,0,0,0,8,8,479,3899,16,3,2012,6,19,28,1,13,8,SL20 BOB BULLOCK LOOP,CASA BLANCA RD,179,27.53208333,-99.44647778,0,12,2,0,2,3,0,1,1,1,0,1,0,0000000,19,29,19,35,19,43,0,0,0,1,0
48,481421,1,1,0,0,0,1,1,201,480,27,4,2012,6,10,9,1,12,8,SS 330,,31,29.76879722,-95.01175278,0,33,0,0,1,1,1,3,1,1,0,1,0,0000000,10,20,10,37,11,11,0,0,0,1,0
48,481422,1,1,0,1,1,1,1,309,545,24,4,2012,3,22,5,1,13,2,US-84,,22,31.60042778,-97.08738333,0,8,0,0,1,1,0,1,2,1,0,1,0,0000000,88,88,88,88,88,88,0,0,0,1,0
48,481423,1,1,0,1,1,1,1,439,0,28,4,2012,7,3,30,1,11,1,I-20 RAMP,,43,32.69347222,-97.4939,0,8,0,1,5,1,0,1,2,1,0,1,0,0000000,3,36,3,41,4,21,0,0,0,1,0
48,481424,2,2,0,0,0,4,4,29,6090,3,7,2012,3,23,50,1,13,8,SP 421 BANDERA RD,STONEGATE DR,134,29.45603611,-98.55338056,0,12,6,0,2,3,0,1,3,10,0,10,0,0000000,23,50,23,58,0,26,0,0,0,1,1