STATE,ST_CASE,VE_TOTAL,VE_FORMS,PVH_INVL,PEDS,PERNOTMVIT,PERMVIT,PERSONS,COUNTY,CITY,DAY,MONTH,YEAR,DAY_WEEK,HOUR,MINUTE,NHS,ROAD_FNC,ROUTE,TWAY_ID,TWAY_ID2,MILEPT,LATITUDE,LONGITUD,SP_JUR,HARM_EV,MAN_COLL,RELJCT1,RELJCT2,TYP_INT,WRK_ZONE,REL_ROAD,LGT_COND,WEATHER1,WEATHER2,WEATHER,SCH_BUS,RAIL,NOT_HOUR,NOT_MIN,ARR_HOUR,ARR_MIN,HOSP_HR,HOSP_MN,CF1,CF2,CF3,FATALS,DRUNK_DR
48,481425,2,2,0,0,0,4,4,71,4666,3,7,2012,3,17,4,0,3,3,SR-146,,10,29.87606667,-94.89369444,0,12,6,0,8,1,0,1,1,10,0,10,0,0000000,17,6,17,7,17,52,0,0,0,1,1
48,481426,2,2,0,0,0,6,6,147,0,3,7,2012,3,15,30,0,3,3,SR-131,,105,33.47793056,-96.26178889,0,12,2,0,1,1,0,11,1,1,0,1,0,0000000,15,44,16,7,16,45,0,0,0,2,0
48,481427,2,2,0,0,0,5,5,173,0,3,7,2012,3,17,30,0,4,8,RM 1357,RM 2401,86,31.65515278,-101.7412,0,12,6,0,2,2,0,1,1,1,0,1,0,0000000,88,88,88,88,88,88,0,0,0,2,0
48,481428,2,2,0,0,0,2,2,185,0,3,7,2012,3,8,45,0,2,3,SR-105,,20,30.37465278,-96.04887778,0,12,1,0,8,1,0,1,1,10,0,10,0,0000000,88,88,88,88,88,88,0,0,0,1,0
48,481429,1,1,0,1,1,1,1,201,3280,3,7,2012,3,20,50,0,16,5,GESSNER DR,,0,29.79913889,-95.54486944,0,8,0,0,1,1,0,1,3,1,0,1,0,0000000,21,2,21,12,21,24,0,0,0,1,0
48,481430,1,1,0,1,1,1,1,339,1510,3,7,2012,3,5,30,0,14,8,FM 2854,,141,30.31415278,-95.50858333,0,8,0,0,1,1,0,2,2,1,0,1,0,0000000,88,88,88,88,88,88,0,0,0,1,0
48,481431,2,2,0,0,0,5,5,85,2520,4,7,2012,4,10,3,0,14,8,FM 2478,RIDGE CREEK PKWY,89,33.13287222,-96.73285278,0,12,6,0,2,3,0,1,1,10,0,10,0,0000000,99,99,99,99,99,99,0,0,0,1,0
48,481432,1,1,0,0,0,1,1,85,5730,4,7,2012,4,1,12,0,16,5,NORTH STAR,,0,32.99512222,-96.64038889,0,33,0,0,1,1,0,3,3,1,0,1,0,0000000,88,88,88,88,88,88,0,0,0,1,1
48,481433,1,1,0,1,1,1,1,157,6660,4,7,2012,4,3,0,1,12,2,US-59,,28,29.61738889,-95.60490556,0,8,0,0,1,1,0,1,3,1,0,1,0,0000000,88,88,88,88,88,88,0,0,0,1,0
48,481434,1,1,0,0,0,1,1,285,0,4,7,2012,4,2,59,0,4,3,SR-95,,97,29.49124167,-97.14920833,0,1,0,0,1,1,0,1,2,10,0,10,0,0000000,88,88,88,88,88,88,0,0,0,1,0
48,481435,1,1,0,0,0,1,1,373,0,4,7,2012,4,0,55,0,14,8,FM-350,,6,30.71120833,-94.96930833,0,59,0,0,1,1,0,4,2,1,0,1,0,0000000,99,99,99,99,99,99,0,0,0,1,1
48,481436,1,1,0,0,0,1,1,401,0,4,7,2012,4,2,3,0,6,4,CR-4111,,0,32.17171944,-94.94598333,0,42,0,0,1,1,0,4,2,1,0,1,0,0000000,88,88,88,88,88,88,0,0,0,1,0
48,481437,1,1,0,1,1,1,1,481,2130,4,7,2012,4,6,5,1,2,2,US-59,,265,29.17487778,-96.27904167,0,8,0,0,1,1,0,1,2,1,0,1,0,0000000,88,88,88,88,88,88,0,0,0,1,0
48,481438,1,1,0,0,0,1,1,491,2620,4,7,2012,4,0,12,0,14,8,FM-1460,,7,30.62278611,-97.67383889,0,33,0,0,1,1,0,3,2,10,0,10,0,0000000,88,88,88,88,88,88,0,0,0,1,1
48,481439,1,1,0,1,1,4,4,5,0,5,7,2012,5,1,25,1,2,2,US-59,,36,31.40473333,-94.72001667,0,8,0,0,1,1,0,1,2,1,0,1,0,0000000,88,88,88,88,88,88,0,0,0,1,0
48,481440,2,2,0,0,0,2,2,121,3960,5,7,2012,5,18,38,0,14,8,FM 3040,OAK BEND DR,124,33.00344167,-96.98972778,0,12,6,0,2,2,0,1,1,1,0,1,0,0000000,88,88,88,88,88,88,0,0,0,1,0
48,481441,1,1,0,1,1,1,1,141,2190,5,7,2012,5,2,12,0,16,5,BOEING DR,AIRWAY BLVD,0,31.79184444,-106.3954556,0,8,0,0,3,2,0,1,3,2,0,2,0,0000000,88,88,88,88,88,88,0,0,0,1,0
48,481442,1,1,0,0,0,6,6,435,0,5,7,2012,5,13,33,1,1,1,I-10,,374,30.44375,-100.2152861,0,1,0,0,1,1,0,1,1,1,0,1,0,0000000,13,36,14,4,15,3,0,0,0,4,0
48,481443,2,2,0,0,0,3,3,439,2450,5,7,2012,5,13,50,1,13,8,SS 580 CAMP BOWIE BLVD,HORSESHOE TRL,17,32.72156944,-97.51850278,0,12,6,1,2,2,0,1,1,1,0,1,0,0000000,13,59,14,4,14,30,0,0,0,1,1
48,481444,1,1,0,0,0,1,1,215,2110,3,7,2012,3,22,0,1,12,2,US-281,,311,26.33840833,-98.14534444,0,1,0,1,19,1,0,10,2,1,0,1,0,0000000,99,99,99,99,99,99,0,0,0,1,0
48,481445,2,2,0,0,0,2,2,29,0,6,7,2012,6,7,49,1,2,3,SR-16,ITLL DO LN,112,29.72051667,-98.91675278,0,12,2,0,3,3,0,1,1,1,0,1,0,0000000,8,8,8,21,8,40,0,0,0,1,0
48,481446,2,2,0,1,1,3,3,113,1730,6,7,2012,6,18,47,1,12,7,SR-67 MARVIN D LOVE FWY,,18,32.68856111,-96.84698889,0,9,0,1,18,1,0,1,1,1,0,1,0,0000000,18,48,18,51,19,0,0,0,0,1,0
48,481447,2,2,0,0,0,2,2,201,0,6,7,2012,6,11,35,1,11,1,I-10,,452,29.79393333,-95.07533611,0,25,0,1,19,1,0,3,1,1,0,1,0,0000000,88,88,88,88,88,88,0,0,0,1,0
48,481448,2,2,0,0,0,2,2,201,480,6,7,2012,6,4,26,1,13,3,SR-146,TOMPKINS DR,1,29.76934167,-94.91757222,0,12,6,0,2,3,0,1,3,1,0,1,0,0000000,88,88,88,88,88,88,0,0,0,1,0
48,481450,2,2,0,0,0,6,6,215,2110,6,7,2012,6,20,53,1,13,8,FM 1925 MONTE CRISTO RD,DOOLITTLE RD,21,26.33237778,-98.12308333,0,12,2,0,2,3,0,1,3,1,0,1,0,0000000,99,99,99,99,99,99,0,0,0,1,1
48,481451,1,1,0,0,0,1,1,217,0,6,7,2012,6,5,25,1,1,1,I-35,,38,31.89177222,-97.08716667,0,1,0,0,1,1,1,10,2,1,0,1,0,0000000,99,99,5,28,6,11,0,0,0,1,0
48,481452,1,1,0,1,1,1,1,321,0,6,7,2012,6,1,21,0,4,8,FM1095,,13,28.89575278,-96.14085278,0,8,0,0,1,1,0,1,2,1,0,1,0,0000000,88,88,88,88,88,88,0,0,0,1,1
48,481453,2,2,0,0,0,7,7,201,0,7,7,2012,7,21,50,1,12,3,SR-146,,89,29.69871389,-95.02259167,0,12,1,0,1,1,0,1,3,1,0,1,0,0000000,99,99,99,99,99,99,0,0,0,3,2
48,481454,1,1,0,0,0,1,1,201,0,7,7,2012,7,13,22,0,6,4,CR-GREENS RD,,0,29.953,-95.3726,0,24,0,0,1,1,0,3,1,1,0,1,0,0000000,88,88,88,88,88,88,0,0,0,1,1
48,481455,1,1,0,0,0,2,2,201,0,7,7,2012,7,22,15,0,6,4,CR-SHAY LN,,0,29.99549444,-95.20503889,0,5,0,0,1,1,0,1,2,10,0,10,0,0000000,88,88,88,88,88,88,0,0,0,1,1
48,481456,1,1,0,0,0,6,6,291,0,7,7,2012,7,14,25,0,4,8,FM787,,203,30.456525,-94.8142,0,42,0,0,1,1,0,4,1,2,0,2,0,0000000,14,41,15,21,16,14,0,0,0,2,0
48,481457,2,2,0,0,0,4,4,451,6080,7,7,2012,7,18,16,0,16,5,N CHADBOURNE ST,E 31ST ST,0,31.49164722,-100.4556778,0,12,6,0,2,2,0,1,1,1,0,1,0,0000000,18,17,18,20,18,39,0,0,0,1,0
48,481458,2,2,0,0,0,2,2,5,0,8,7,2012,1,1,10,1,2,2,US-69 E DENMAN AVE,,31,31.30875278,-94.67883889,0,12,7,0,1,1,0,1,2,10,0,10,0,0000000,99,99,99,99,99,99,0,0,0,1,2
48,481459,2,2,0,0,0,4,4,61,940,8,7,2012,1,6,15,1,13,3,SR-4 BOCA CHICA BLVD,,132,25.91543611,-97.4411,0,12,6,0,1,1,0,1,4,1,0,1,0,0000000,6,17,6,28,6,48,0,0,0,1,0
48,481460,1,1,0,0,0,1,1,113,2590,8,7,2012,1,3,13,0,16,5,E CENTERVILLE RD,,0,32.87176944,-96.63013889,0,39,0,0,1,1,0,4,3,10,0,10,0,0000000,88,88,88,88,88,88,0,0,0,1,1
48,481461,3,3,0,0,0,8,8,141,2270,8,7,2012,1,22,7,0,4,3,SR-20,,503,31.48522222,-106.1385694,0,12,2,0,1,1,0,1,2,1,0,1,0,0000000,22,32,22,43,23,46,0,0,0,1,2
48,481462,2,2,0,0,0,3,3,213,2256,8,7,2012,1,16,10,1,2,2,US-175,,50,32.31035278,-96.01063611,0,12,2,0,1,1,0,1,1,2,0,2,0,0000000,16,54,17,4,17,34,0,0,0,2,0
48,481463,1,1,0,0,0,2,2,295,0,8,7,2012,1,3,40,0,6,4,CR-OLD DARROUZETT HWY,,0,36.43236944,-100.3816222,0,1,0,0,1,1,0,1,2,10,0,10,0,0000000,3,59,4,13,5,1,0,0,0,1,0
48,481464,2,2,0,0,0,3,3,13,0,9,7,2012,2,21,35,1,1,1,I-37,,115,28.75148056,-98.29526389,0,1,0,0,1,1,0,1,2,1,0,1,0,0000000,21,36,21,57,22,57,0,0,0,1,0
48,481465,2,2,0,0,0,4,4,29,6090,9,7,2012,2,10,5,1,12,2,US-281,,105,29.58954167,-98.47422778,0,12,1,0,1,1,0,1,1,10,0,10,0,0000000,10,38,10,45,11,5,23,0,0,1,0
48,481466,2,2,0,0,0,2,2,29,6090,10,7,2012,3,2,27,1,12,2,US-90,,27,29.40422778,-98.61824167,0,12,1,0,1,1,0,1,3,2,0,2,0,0000000,88,88,88,88,88,88,0,0,0,1,1
48,481467,1,1,0,0,0,1,1,251,0,15,7,2012,1,3,15,0,6,4,CR-MARTIN CREEK RD,,0,32.41917778,-97.44380278,0,18,0,0,1,1,0,4,2,1,0,1,0,0000000,88,88,88,88,88,88,0,0,0,1,1
48,481468,3,3,0,0,0,3,3,453,0,10,7,2012,3,6,38,0,14,8,FM-973,,44,30.41464444,-97.50929444,0,12,6,0,1,1,0,1,4,2,0,2,0,0000000,6,38,6,49,7,29,0,0,0,1,0
48,481469,2,2,0,0,0,3,3,303,4140,7,6,2012,5,15,39,1,11,7,I-27,42ND ST,43,33.55610833,-101.8456194,0,12,6,1,2,2,0,1,1,1,0,1,0,0000000,15,40,15,45,16,9,0,0,0,1,0
48,481470,1,1,0,2,2,1,1,29,6090,1,7,2012,1,1,0,0,16,5,GENERAL MCMULLEN DR,,0,29.40923889,-98.55677222,0,8,0,0,1,1,0,1,3,10,0,10,0,0000000,1,0,1,7,1,31,0,0,0,1,1
48,481471,1,1,0,0,0,3,3,41,0,1,7,2012,1,10,55,1,12,2,US-190,,113,30.73523333,-96.4364,0,1,0,0,1,1,0,4,1,10,0,10,0,0000000,99,99,99,99,99,99,0,0,0,1,0
48,481472,1,1,0,1,1,2,2,73,3470,1,7,2012,1,23,22,1,13,2,US-69 JACKSON ST,,232,31.93905,-95.25090556,0,8,0,0,1,1,0,1,2,1,0,1,0,0000000,99,99,99,99,99,99,0,0,0,1,0
48,481473,1,1,0,0,0,2,2,201,3280,1,7,2012,1,23,30,1,12,2,US-59,,53,29.72950556,-95.43102222,0,25,0,1,19,1,0,3,3,1,0,1,0,0000000,23,52,23,57,0,21,0,0,0,1,1
48,481474,1,1,0,0,0,1,1,251,0,1,7,2012,1,5,48,0,4,8,PR 21,,13,32.30082778,-97.49076944,0,32,0,0,1,1,0,4,4,1,0,1,0,0000000,88,88,88,88,88,88,0,0,0,1,0
48,481475,2,2,0,0,0,8,8,257,0,1,7,2012,1,20,16,0,3,3,SR-243,,187,32.57129722,-96.14891111,0,12,1,0,1,1,0,1,1,1,0,1,0,0000000,20,29,20,57,21,30,19,0,0,1,0
48,481476,2,2,0,0,0,4,4,339,0,1,7,2012,1,1,34,1,11,1,I-45,,37,30.15839167,-95.44978333,0,12,2,1,18,1,0,1,3,1,0,1,0,0000000,1,34,1,41,2,1,0,0,0,3,1
48,481477,2,2,0,0,0,2,2,439,2450,1,7,2012,1,18,20,1,13,8,BU 287 RIVERSIDE DR,GLEN GARDEN DR,45,32.71047778,-97.30403333,0,12,6,0,2,2,0,1,1,1,0,1,0,0000000,18,22,18,29,18,51,0,0,0,1,0
48,481478,2,2,0,0,0,2,2,209,0,24,7,2012,3,15,45,1,2,3,SR-21 CAMINO REAL HWY,,82,29.94410556,-97.79886667,0,12,2,0,1,1,0,1,1,1,0,1,0,0000000,99,99,99,99,99,99,0,0,0,1,0
48,481479,1,1,0,0,0,2,2,453,330,1,7,2012,1,3,4,0,16,5,TWILIGHT SHADOW DR,,0,30.21974167,-97.89183056,0,30,0,0,1,1,0,4,3,10,0,10,0,0000000,88,88,88,88,88,88,0,0,0,1,0
48,481480,1,1,0,1,1,1,1,113,1730,2,7,2012,2,8,30,1,13,3,SR-289 NORTHWEST FWY,SL 12 PRESTON RD,93,32.86561667,-96.80416389,0,8,0,0,3,2,0,1,1,1,0,1,0,0000000,88,88,88,88,88,88,0,0,0,1,0
48,481481,1,1,0,0,0,1,1,179,0,2,7,2012,2,12,45,0,3,3,SR-152,,136,35.54851667,-100.7592639,0,32,0,0,1,1,0,4,1,1,0,1,0,0000000,88,88,88,88,88,88,0,0,0,1,0
48,481482,1,1,0,0,0,1,1,285,2970,2,7,2012,2,17,37,0,16,5,S MARKET ST,,0,29.44303889,-96.9358,0,19,0,0,1,1,0,4,1,1,0,1,0,0000000,88,88,88,88,88,88,0,0,0,1,1
48,481483,1,1,0,1,1,1,1,355,1550,5,7,2012,5,21,19,0,16,5,S STAPLES ST,,0,27.69239444,-97.37956667,0,15,0,0,8,1,1,1,2,1,0,1,0,0000000,21,19,21,23,21,51,0,0,0,1,0
48,481484,1,1,0,1,1,3,3,185,0,6,7,2012,6,23,57,1,2,3,SR-105,,112,30.34519167,-95.90991389,0,8,0,0,1,1,0,1,2,1,0,1,0,0000000,88,88,88,88,88,88,0,0,0,1,0
48,481485,2,2,0,0,0,4,4,367,0,6,7,2012,6,20,35,1,13,3,SR-199,,147,32.9292,-97.6165,0,12,6,0,8,1,0,1,1,1,0,1,0,0000000,99,99,99,99,99,99,0,0,0,1,0
48,481486,2,2,0,0,0,2,2,471,4908,6,7,2012,6,1,18,1,1,1,I-45,,26,30.54683056,-95.49743056,0,12,1,0,1,1,0,1,2,1,0,1,0,0000000,88,88,88,88,88,88,0,0,0,1,0
48,481487,1,1,0,0,0,1,1,367,0,7,7,2012,7,2,37,0,4,8,FM1189,,104,32.64958333,-97.91418889,0,1,0,0,1,1,0,4,2,10,0,10,0,0000000,88,88,88,88,88,88,0,0,0,1,1
48,481488,2,2,0,0,0,2,2,493,0,7,7,2012,7,2,27,1,2,2,US-181 W FRONT ST,,222,29.02060556,-98.05389722,0,12,8,0,1,1,0,1,2,1,0,1,0,0000000,88,88,88,88,88,88,0,0,0,1,1
48,481489,1,1,0,1,1,1,1,29,6090,11,7,2012,4,22,37,0,16,5,N MCCULLOUGH AVE,,0,29.44646944,-98.49185278,0,8,0,0,1,1,0,1,3,10,0,10,0,0000000,88,88,88,88,88,88,0,0,0,1,0
48,481490,1,1,0,0,0,5,5,31,0,11,7,2012,4,6,36,0,4,8,RM1623,,127,30.10290278,-98.459,0,5,0,0,1,1,1,2,1,10,0,10,0,0000000,6,52,7,6,8,22,0,0,0,1,0
48,481491,2,2,0,0,0,3,3,179,0,11,7,2012,4,12,45,1,2,2,US-60,SR-152,89,35.54896389,-100.8421056,0,12,6,0,2,3,0,1,1,1,0,1,0,0000000,88,88,88,88,88,88,0,0,0,1,0
48,481493,2,2,0,0,0,3,3,27,6810,12,7,2012,5,21,16,0,14,3,SR-36 AIRPORT,,96,31.16071667,-97.42341944,0,12,2,0,1,1,1,1,3,1,0,1,0,0000000,21,19,21,24,21,53,0,0,0,1,1
48,481494,1,1,0,0,0,1,1,235,0,12,7,2012,5,1,29,0,3,2,US-67,,94,31.14033889,-101.2573444,0,38,0,0,1,1,0,4,2,1,0,1,0,0000000,88,88,88,88,88,88,0,0,0,1,0
48,481495,1,1,0,0,0,2,2,265,3670,12,7,2012,5,17,59,1,1,1,I-10,,208,30.06803611,-99.07524444,0,39,0,0,1,1,0,4,1,1,0,1,0,0000000,18,15,18,22,18,57,0,0,0,1,1
48,481496,1,1,0,0,0,1,1,439,2450,12,7,2012,5,15,35,0,16,5,LONGHORN,GRAND CHAMPION,0,32.84800833,-97.37885556,0,33,0,0,1,1,0,3,1,1,0,1,0,0000000,88,88,88,88,88,88,20,0,0,1,0
48,481497,1,1,0,0,0,1,1,141,2190,13,7,2012,6,13,17,0,14,8,FM 1505,,6,31.76916111,-106.4142389,0,10,0,0,6,1,0,1,1,1,0,1,0,741216B,88,88,88,88,88,88,0,0,0,1,0
48,481498,1,1,0,0,0,1,1,201,0,13,7,2012,6,2,20,0,6,5,HUFSMITH KOHRVILLE RD,,0,30.00568611,-95.58556111,0,33,0,0,1,1,0,3,3,1,0,1,0,0000000,88,88,88,88,88,88,0,0,0,1,1
48,481499,1,1,0,0,0,3,3,227,0,13,7,2012,6,0,45,1,2,2,US-87,,253,32.20908611,-101.4750722,0,35,0,0,1,1,0,4,2,1,0,1,0,0000000,0,50,0,52,2,2,0,0,0,1,1
48,481500,1,1,0,1,1,2,2,245,0,13,7,2012,6,22,20,1,13,3,SR-87,,46,29.93652222,-93.89641944,0,8,0,0,1,1,0,1,3,1,0,1,0,0000000,88,88,88,88,88,88,0,0,0,1,0
48,481501,1,1,0,0,0,1,1,355,0,13,7,2012,6,6,30,0,6,4,CR-36,,0,27.77036667,-97.548,0,1,0,0,1,1,0,4,2,1,0,1,0,0000000,88,88,88,88,88,88,0,0,0,1,0
48,481502,2,2,0,0,0,2,2,477,0,13,7,2012,6,13,30,1,2,3,SR-36,,118,30.18465,-96.41520833,0,12,6,0,1,1,0,1,1,10,0,10,0,0000000,13,33,13,38,14,13,0,0,0,1,0
48,481503,3,3,0,0,0,5,5,21,0,14,7,2012,7,6,2,0,3,3,SR-95,,67,30.24571667,-97.32109444,0,12,8,0,1,1,0,1,4,10,0,10,0,0000000,99,99,99,99,99,99,0,0,0,1,1
48,481504,3,3,0,0,0,5,5,29,6090,14,7,2012,7,5,24,1,12,8,SL1604,,282,29.60819722,-98.46488333,0,12,1,0,1,1,1,1,2,10,0,10,0,0000000,5,24,5,39,6,27,0,0,0,1,0
48,481505,1,1,0,0,0,3,3,29,6090,14,7,2012,7,15,30,1,11,1,I-410,,340,29.42705,-98.38890556,0,1,0,0,1,1,0,10,1,1,0,1,0,0000000,88,88,88,88,88,88,0,0,0,1,0
48,481506,1,1,0,0,0,1,1,123,0,14,7,2012,7,5,27,0,4,2,US-77ALT,,0,29.22370556,-97.22405,0,42,0,0,1,1,0,4,2,1,0,1,0,0000000,88,88,88,88,88,88,0,0,0,1,0
48,481507,3,3,0,0,0,3,3,135,5030,14,7,2012,7,7,32,1,13,8,BI20E W 2ND ST,N LAUDERDALE AVE,83,31.83752222,-102.3834556,0,12,1,0,2,3,0,1,1,1,0,1,0,0000000,88,88,88,88,88,88,0,0,0,1,1
48,481508,1,1,0,0,0,1,1,181,1830,14,7,2012,7,20,27,1,12,2,US-75,,95,33.72961667,-96.58553611,0,1,0,0,1,1,0,1,5,10,0,10,0,0000000,20,27,20,27,20,47,0,0,0,1,0
48,481509,2,2,0,0,0,3,3,185,0,14,7,2012,7,21,32,1,2,3,SR-6,FM2,114,30.27345,-96.04217222,0,12,6,0,2,2,0,1,2,1,0,1,0,0000000,88,88,88,88,88,88,0,0,0,2,0
48,481510,1,1,0,0,0,1,1,265,0,14,7,2012,7,17,2,0,3,3,SR-173,,120,29.87998056,-99.10639444,0,1,0,0,1,1,0,4,1,10,0,10,0,0000000,88,88,88,88,88,88,0,0,0,1,0
48,481511,2,2,0,0,0,6,6,289,0,14,7,2012,7,22,30,0,3,3,SR-7,,187,31.33424722,-95.73381389,0,12,1,0,1,1,0,1,2,10,0,10,0,0000000,99,99,99,99,99,99,0,0,0,1,0
48,481512,1,1,0,0,0,1,1,293,0,14,7,2012,7,10,0,0,4,8,FM 937,,82,31.43588056,-96.44495278,0,1,0,0,1,1,0,4,1,1,0,1,0,0000000,88,88,88,88,88,88,0,0,0,1,0
48,481513,1,1,0,1,1,4,4,21,2160,1,7,2012,1,23,28,1,13,2,US-290,,26,30.33806667,-97.37282778,0,8,0,0,8,1,0,1,2,1,0,1,0,0000000,99,99,99,99,99,99,0,0,0,1,0
48,481514,1,1,0,0,0,1,1,203,0,11,7,2012,4,20,17,1,1,1,I-20,,353,32.48248056,-94.10523889,0,1,0,0,1,1,0,1,2,2,10,2,0,0000000,20,23,20,29,20,54,0,0,0,1,0
48,481515,2,2,0,0,0,2,2,127,1180,15,7,2012,1,1,40,1,13,2,US-277 PENA ST,6TH ST,190,28.52214444,-99.861225,0,12,6,0,3,2,0,1,3,1,0,1,0,0000000,1,44,1,48,1,53,0,0,0,1,1
48,481516,1,1,0,0,0,1,1,141,2270,15,7,2012,1,11,42,1,1,1,I-10,,512,31.50811667,-106.1217944,0,1,0,0,1,1,0,3,1,1,0,1,0,0000000,88,88,88,88,88,88,0,0,0,1,1
48,481517,1,1,0,0,0,1,1,157,0,15,7,2012,1,22,55,1,13,8,FM 1093,,152,29.70794444,-95.69045,0,33,0,0,1,1,0,3,3,1,0,1,0,0000000,99,99,99,99,99,99,0,0,0,1,1
48,481518,2,2,0,0,0,2,2,29,6090,16,7,2012,2,15,5,1,13,8,FM 2252 NACOGDOCHES RD,,153,29.55898889,-98.39645833,0,12,6,0,8,1,0,11,1,1,0,1,0,0000000,15,4,15,13,15,39,0,0,0,1,0
48,481519,1,1,0,0,0,1,1,453,330,9,6,2012,7,5,13,0,16,5,LAKE CREEK PKWY,,0,30.45581389,-97.80694444,0,42,0,0,1,1,0,3,2,1,0,1,0,0000000,88,88,88,88,88,88,0,0,0,1,0
48,481520,2,2,0,0,0,2,2,55,4040,16,7,2012,2,8,1,0,14,8,FM 20 STATE PARK RD,MEDINA ST,112,29.86871944,-97.67664444,0,12,2,0,2,2,0,1,1,10,0,10,0,0000000,99,99,99,99,99,99,0,0,0,1,0
48,481521,3,3,0,0,0,3,3,179,0,16,7,2012,2,8,25,1,1,1,I-40,,133,35.22748889,-100.6197944,0,57,0,0,1,1,1,3,1,10,0,10,0,0000000,8,32,8,58,9,55,0,0,0,3,0
48,481522,1,1,0,1,1,1,1,201,3280,16,7,2012,2,22,45,1,12,2,US-59 EASTEX FWY,,87,29.74981667,-95.35819167,0,8,0,1,18,1,0,1,3,10,0,10,0,0000000,88,88,88,88,88,88,0,0,0,1,0
48,481523,1,1,0,1,1,1,1,209,6170,16,7,2012,2,2,2,1,11,7,I-35,,6,29.80653611,-98.00966111,0,9,0,0,1,1,0,1,2,10,0,10,0,0000000,88,88,88,88,88,88,0,0,0,1,0
48,481524,5,5,0,1,1,9,9,225,0,16,7,2012,2,10,35,1,2,3,SR-7,,34,31.31486111,-95.39924444,0,12,1,0,1,1,1,1,1,10,0,10,0,0000000,10,55,11,22,12,9,3,0,0,1,0
48,481525,2,2,0,0,0,2,2,271,0,16,7,2012,2,6,0,1,2,2,US-90,,356,29.23724722,-100.1508889,0,12,2,0,1,1,0,1,2,1,0,1,0,0000000,88,88,88,88,88,88,0,0,0,2,0
48,481526,2,2,0,0,0,2,2,329,4560,16,7,2012,2,10,29,1,11,1,I-20,,132,31.96835556,-102.0915056,0,12,11,1,18,1,0,1,1,1,0,1,0,0000000,10,30,10,35,10,48,0,0,0,1,0
48,481527,1,1,0,0,0,3,3,367,6555,16,7,2012,2,23,15,0,4,8,FM 51 MAIN ST,,18,32.98606944,-97.68433333,0,59,0,0,1,1,0,4,3,1,0,1,0,0000000,99,99,99,99,99,99,0,0,0,1,0
48,481528,1,1,0,0,0,2,2,439,6485,16,7,2012,2,1,41,1,12,7,SR-114 NORTHWEST PKWY,,63,32.94279722,-97.10531111,0,25,0,1,19,1,1,8,2,1,0,1,0,0000000,1,43,2,8,2,32,0,0,0,1,1
48,481529,1,1,0,0,0,1,1,467,0,16,7,2012,2,3,30,0,6,4,CR-1106,,0,32.62065,-95.83129722,0,11,0,0,1,1,0,1,2,1,0,1,0,0000000,3,10,3,26,4,37,0,0,0,1,0
48,481530,2,2,0,0,0,3,3,21,0,17,7,2012,3,10,0,0,4,8,FM 2104,ARROWHEAD RD,118,30.05590278,-97.10882222,0,12,2,0,2,3,0,1,1,1,0,1,0,0000000,10,9,10,32,11,9,0,0,0,1,0
48,481531,1,1,0,0,0,2,2,29,6090,17,7,2012,3,3,0,1,11,1,I-10,,246,29.43894167,-98.50596389,0,39,0,1,5,1,0,10,3,1,0,1,0,0000000,88,88,88,88,88,88,20,0,0,1,1
48,481532,2,1,1,1,1,2,2,231,0,17,7,2012,3,21,40,1,1,1,I-30,,36,32.99740278,-96.24210556,0,14,0,0,1,1,0,2,2,1,0,1,0,0000000,88,88,88,88,88,88,23,0,0,1,0
48,481533,1,1,0,0,0,1,1,223,0,18,7,2012,4,19,30,0,6,4,CR-4721,,0,33.13109444,-95.77934167,0,10,0,0,6,1,0,1,5,1,0,1,0,331657S,88,88,88,88,88,88,0,0,0,1,1
48,481534,1,1,0,0,0,1,1,375,150,18,7,2012,4,20,14,0,16,5,SMELTER RD,,0,35.23640556,-101.8661361,0,30,0,0,1,1,0,4,1,1,0,1,0,0000000,99,99,99,99,99,99,0,0,0,1,0
48,481535,1,1,0,0,0,2,2,409,0,18,7,2012,4,2,51,1,1,1,I-37,,106,28.01741944,-97.72411667,0,1,0,0,1,1,0,4,2,10,0,10,0,0000000,3,20,3,38,4,0,0,0,0,1,0
48,481536,2,2,0,0,0,2,2,423,0,18,7,2012,4,19,0,1,2,2,US-271,,15,32.43270833,-95.17868333,0,12,99,0,7,1,0,1,5,1,0,1,0,0000000,19,4,19,15,19,44,0,0,0,1,0
48,481537,1,1,0,0,0,2,2,453,330,18,7,2012,4,19,27,0,16,5,GOODWIN AVE,,0,30.26858056,-97.69811944,0,30,0,0,1,1,0,4,1,1,0,1,0,0000000,19,28,19,33,19,47,0,0,0,1,0
48,481538,1,1,0,0,0,1,1,201,0,19,7,2012,5,4,0,0,6,4,CR-FALLBROOK DR,,0,29.91942222,-95.46763056,0,1,0,0,1,1,0,3,2,1,0,1,0,0000000,88,88,88,88,88,88,0,0,0,1,1
48,481539,1,1,0,1,1,1,1,451,6080,19,7,2012,5,9,31,0,14,8,SL545 SHERWOOD WAY,A & M AVE,44,31.44721944,-100.4762722,0,8,0,0,2,2,0,1,1,1,0,1,0,0000000,9,33,9,40,9,53,0,0,0,1,0
48,481540,1,1,0,1,1,2,2,463,0,19,7,2012,5,5,59,1,2,2,US-90,,30,29.24316111,-100.0801583,0,8,0,0,1,1,0,2,2,10,0,10,0,0000000,99,99,99,99,99,99,23,0,0,1,0