STATE,ST_CASE,VE_TOTAL,VE_FORMS,PVH_INVL,PEDS,PERNOTMVIT,PERMVIT,PERSONS,COUNTY,CITY,DAY,MONTH,YEAR,DAY_WEEK,HOUR,MINUTE,NHS,ROAD_FNC,ROUTE,TWAY_ID,TWAY_ID2,MILEPT,LATITUDE,LONGITUD,SP_JUR,HARM_EV,MAN_COLL,RELJCT1,RELJCT2,TYP_INT,WRK_ZONE,REL_ROAD,LGT_COND,WEATHER1,WEATHER2,WEATHER,SCH_BUS,RAIL,NOT_HOUR,NOT_MIN,ARR_HOUR,ARR_MIN,HOSP_HR,HOSP_MN,CF1,CF2,CF3,FATALS,DRUNK_DR
48,481541,2,2,0,0,0,2,2,97,0,20,7,2012,6,18,12,0,4,8,FM1199,,35,33.66693333,-97.25458889,0,12,99,0,8,1,0,1,1,10,0,10,0,0000000,88,88,88,88,88,88,0,0,0,1,0
48,481542,1,1,0,0,0,3,3,213,0,20,7,2012,6,23,38,0,6,4,CR-SPRINGWOOD CIR,,0,32.23001111,-95.50753889,0,5,0,0,1,1,0,1,2,1,0,1,0,0000000,23,41,23,58,0,15,0,0,0,1,1
48,481543,3,3,0,0,0,5,5,217,0,20,7,2012,6,19,22,0,3,3,SR-22,,136,31.98096667,-97.21591667,0,12,1,0,1,1,0,1,1,1,0,1,0,0000000,88,88,88,88,88,88,0,0,0,1,1
48,481544,1,1,0,1,1,1,1,293,0,20,7,2012,6,21,0,1,13,3,SR-14 N M L KING JR HWY,,36,31.70686667,-96.48222778,0,8,0,0,1,1,0,2,2,1,0,1,0,0000000,88,88,88,88,88,88,0,0,0,1,0
48,481545,3,3,0,0,0,7,7,113,1730,21,7,2012,7,15,43,1,13,3,SR-310,,129,32.69476389,-96.74198611,0,12,1,0,8,1,0,1,1,1,0,1,0,0000000,15,49,15,54,16,30,0,0,0,1,1
48,481546,1,1,0,4,4,2,2,167,2570,21,7,2012,7,23,0,0,16,5,21ST ST MOODY AVE,AVENUE L,0,29.29884444,-94.78901389,0,49,0,0,2,2,0,1,3,1,0,1,0,0000000,23,1,23,5,23,29,0,0,0,1,1
48,481547,2,2,0,0,0,3,3,217,0,21,7,2012,7,21,14,0,4,8,FM67,,145,32.19552778,-97.22123333,0,12,2,0,1,1,0,1,2,10,0,10,0,0000000,99,99,21,22,22,44,0,0,0,1,0
48,481548,1,1,0,0,0,2,2,381,150,21,7,2012,7,4,47,0,16,5,WS 58TH AVE,,0,35.14716389,-101.8806306,0,33,0,0,1,1,0,4,3,1,0,1,0,0000000,99,99,99,99,99,99,0,0,0,1,0
48,481549,1,1,0,0,0,2,2,401,0,21,7,2012,7,13,40,0,3,2,US-79,,1,32.05116389,-94.92550556,0,42,0,0,1,1,0,4,1,1,0,1,0,0000000,13,41,13,46,14,53,0,0,0,1,0
48,481550,2,2,0,0,0,6,6,141,0,22,7,2012,1,15,13,0,6,4,CR-JOHN HENRY ST,CR-SANTIESTEBAN LN,0,31.80632778,-106.1834778,0,12,6,0,2,2,0,1,1,1,0,1,0,0000000,88,88,88,88,88,88,0,0,0,5,1
48,481551,1,1,0,0,0,23,23,175,0,22,7,2012,1,18,34,1,2,2,US-59,,137,28.55308056,-97.55606389,0,42,0,0,1,1,0,4,1,1,0,1,0,0000000,18,34,19,12,19,45,0,0,0,15,0
48,481552,1,1,0,1,1,1,1,201,0,22,7,2012,1,7,28,0,6,4,CR-CARBY RD,,0,29.87808889,-95.38196944,0,8,0,0,1,1,0,1,1,10,0,10,0,0000000,7,29,7,48,8,12,0,0,0,1,0
48,481553,2,2,0,0,0,4,4,201,0,22,7,2012,1,17,56,1,13,3,SR-1 NASA PKWY,KINGS PARK LN,54,29.54826111,-95.09929722,0,12,6,0,2,2,0,1,1,1,0,1,0,0000000,18,2,18,9,18,42,0,0,0,2,1
48,481554,1,1,0,0,0,1,1,215,0,22,7,2012,1,21,30,0,6,4,CR-MILE 2 WEST RD,,0,26.26431389,-97.94423611,0,1,0,0,1,1,0,1,2,1,0,1,0,0000000,88,88,88,88,88,88,0,0,0,1,1
48,481555,1,1,0,0,0,1,1,231,0,22,7,2012,1,0,25,0,6,4,CR-2514,,0,32.97750833,-96.21509167,0,42,0,0,1,1,0,4,2,1,0,1,0,0000000,23,50,0,13,0,41,0,0,0,1,1
48,481556,2,2,0,0,0,2,2,141,2190,23,7,2012,2,15,58,0,16,5,PULLMAN DR,,0,31.72540556,-106.2983139,0,12,6,0,8,1,0,1,1,10,0,10,0,0000000,88,88,88,88,88,88,0,0,0,1,0
48,481557,2,2,0,0,0,2,2,453,330,23,7,2012,2,17,57,0,16,5,7TH ST,GONZALES ST,0,30.26039444,-97.71053889,0,12,6,0,2,3,0,1,1,1,0,1,0,0000000,17,57,18,2,18,18,0,0,0,1,0
48,481558,2,2,0,0,0,2,2,71,0,24,7,2012,3,14,12,0,3,3,SR-73,COUNTY LINE RD,212,29.82561389,-94.35704722,0,12,6,0,2,2,0,1,1,1,0,1,0,0000000,14,15,14,18,15,4,0,0,0,1,0
48,481559,1,1,0,0,0,3,3,85,4802,24,7,2012,3,0,20,0,16,5,LOVE BIRD LN,,0,32.98720833,-96.60543889,0,5,0,0,1,1,0,1,3,1,0,1,0,0000000,99,99,99,99,99,99,0,0,0,1,1
48,481560,2,2,0,0,0,2,2,309,957,24,7,2012,3,10,7,1,1,1,I-35 RAMP,I-35,11,31.29306111,-97.25312222,0,12,6,0,2,3,0,1,1,1,0,1,0,0000000,99,99,99,99,99,99,0,0,0,1,0
48,481561,1,1,0,0,0,1,1,361,5100,24,7,2012,3,3,30,0,16,5,TEAL RD,,0,30.19913333,-93.79604722,0,35,0,0,1,1,0,4,2,1,0,1,0,0000000,88,88,88,88,88,88,0,0,0,1,1
48,481562,1,1,0,0,0,3,3,105,0,25,7,2012,4,11,50,1,1,1,I-10,,504,30.66913056,-100.9858889,0,1,0,0,1,1,0,1,1,1,0,1,0,0000000,12,1,12,45,13,36,0,0,0,1,0
48,481563,1,1,0,0,0,1,1,181,6350,25,7,2012,4,7,55,1,12,7,US-75 SAM RAYBURN FWY,,94,33.64042222,-96.616475,0,33,0,1,19,1,0,10,9,99,0,99,0,0000000,88,88,88,88,88,88,0,0,0,1,0
48,481564,1,1,0,0,0,1,1,419,0,25,7,2012,4,7,50,0,3,3,SR-7,,63,31.869475,-94.10854722,0,42,0,0,1,1,0,5,1,1,0,1,0,0000000,8,2,8,39,9,21,0,0,0,1,0
48,481565,2,2,0,0,0,5,5,439,260,25,7,2012,4,12,47,0,16,5,GREEN OAKS BLVD,WELLSTON DR,0,32.65305278,-97.084,0,12,6,0,2,2,0,1,1,1,0,1,0,0000000,12,48,12,51,13,24,0,0,0,1,0
48,481566,1,1,0,1,1,2,2,113,1730,26,7,2012,5,5,45,1,13,8,SL 12,,318,32.69307222,-96.77490833,0,8,0,0,1,1,0,1,6,1,0,1,0,0000000,99,99,99,99,99,99,0,0,0,1,0
48,481567,1,1,0,0,0,2,2,185,4830,26,7,2012,5,14,50,0,16,5,HOLLISTER ST,,0,30.37370278,-96.08369722,0,38,0,0,1,1,0,4,1,1,0,1,0,0000000,99,99,99,99,99,99,0,0,0,1,0
48,481568,2,2,0,0,0,3,3,217,0,26,7,2012,5,15,25,0,4,3,SR-81,,94,32.11733611,-97.13320556,0,12,2,0,1,1,1,1,1,1,0,1,0,0000000,15,25,15,40,16,28,0,0,0,1,0
48,481569,1,1,0,0,0,1,1,485,1020,26,7,2012,5,15,28,1,11,1,I-44,,145,34.096875,-98.55165833,0,32,0,1,19,1,0,10,1,10,0,10,0,0000000,15,32,15,47,16,14,0,0,0,1,0
48,481570,1,1,0,1,1,1,1,29,6090,27,7,2012,6,0,0,1,11,7,I-35,,152,29.34223333,-98.55526944,0,8,0,1,18,1,0,1,2,1,0,1,0,0000000,88,88,88,88,88,88,0,0,0,1,0
48,481571,1,1,0,1,1,1,1,29,6090,27,7,2012,6,3,37,0,16,5,TRADING POST,,0,29.33873611,-98.60032778,0,8,0,0,1,1,0,1,3,1,0,1,0,0000000,99,99,99,99,99,99,0,0,0,1,0
48,481572,1,1,0,0,0,1,1,29,6090,27,7,2012,6,7,45,1,11,1,I-410,,12,29.32236944,-98.61051944,0,24,0,0,1,1,0,4,4,10,0,10,0,0000000,99,99,99,99,99,99,0,0,0,1,0
48,481573,3,1,2,1,1,1,1,29,0,27,7,2012,6,17,8,1,1,1,I-10,,216,29.50051389,-98.18748889,0,14,0,0,1,1,0,2,1,1,0,1,0,0000000,88,88,88,88,88,88,23,0,0,1,0
48,481574,3,3,0,0,0,3,3,201,0,27,7,2012,6,10,5,0,6,4,CR-SPRING STUEBNER RD,,0,30.08280278,-95.45700833,0,12,7,0,1,1,0,1,1,1,0,1,0,0000000,10,12,10,18,11,11,20,0,0,1,0
48,481575,4,4,0,0,0,5,5,201,5230,27,7,2012,6,14,24,1,12,7,SL-8,RED BLUFF RD,189,29.68360556,-95.15432222,0,12,6,1,2,2,0,1,1,1,0,1,0,0000000,14,27,14,40,15,0,0,0,0,1,0
48,481576,4,1,3,0,1,1,2,329,4560,27,7,2012,6,17,3,1,2,8,SL 250,,41,31.95431944,-102.1433111,0,42,0,0,1,1,0,4,1,10,0,10,0,0000000,16,57,17,3,17,27,0,0,0,1,0
48,481577,1,1,0,0,0,1,1,355,1550,27,7,2012,6,23,39,0,16,5,AYERS ST,PORT AVE,0,27.74695833,-97.420225,0,43,0,0,2,4,0,3,3,1,0,1,0,0000000,23,39,23,42,23,58,0,0,0,1,0
48,481578,2,2,0,0,0,3,3,453,330,27,7,2012,6,13,20,1,13,7,US-290,SR-130,74,30.34113611,-97.59059444,0,12,1,0,3,2,0,1,1,1,0,1,0,0000000,13,19,13,25,13,52,0,0,0,1,0
48,481579,3,3,0,0,0,3,3,41,1440,28,7,2012,7,12,41,0,16,5,WILLIAM D FITCH,TONKAWAY LAKE RD,0,30.59960833,-96.22025,0,12,6,0,2,2,0,1,1,1,0,1,0,0000000,12,41,12,49,13,5,0,0,0,2,0
48,481580,1,1,0,0,0,2,2,159,0,28,7,2012,7,1,46,0,3,3,SR-37,,123,33.01177778,-95.27367778,0,32,0,0,1,1,0,4,2,1,0,1,0,0000000,99,99,99,99,99,99,0,0,0,1,1
48,481581,1,1,0,1,1,2,2,183,4080,28,7,2012,7,0,30,0,16,5,W COTTON ST,,0,32.49586111,-94.74657778,0,8,0,0,1,1,0,1,3,1,0,1,0,0000000,0,31,0,35,0,47,0,0,0,1,1
48,481582,2,2,0,0,0,4,4,201,3280,28,7,2012,7,8,42,0,16,5,HEMPSTEAD RD,,0,29.81416111,-95.47756667,0,12,6,0,1,1,0,1,1,1,0,1,0,0000000,88,88,88,88,88,88,0,0,0,1,1
48,481583,1,1,0,1,1,2,2,201,3280,28,7,2012,7,22,55,1,11,1,I-10,,346,29.77370278,-95.25066944,0,8,0,0,1,1,0,1,3,1,0,1,0,0000000,88,88,88,88,88,88,0,0,0,1,0
48,481584,2,2,0,0,0,3,3,329,4560,28,7,2012,7,4,45,1,12,8,BS158B ANDREWS HWY,SL250,100,31.99777778,-102.1539056,0,12,6,1,18,1,0,1,3,1,0,1,0,0000000,4,47,4,54,5,20,19,0,0,1,1
48,481585,1,1,0,0,0,2,2,375,150,28,7,2012,7,1,59,1,11,1,I-27,,1,35.18395556,-101.8379861,0,24,0,0,1,1,0,4,3,1,0,1,0,0000000,99,99,99,99,99,99,0,0,0,1,1
48,481586,1,1,0,0,0,2,2,439,7258,28,7,2012,7,4,12,0,16,5,HIGHTOWER DR,,0,32.8741,-97.25570278,0,33,0,0,1,1,0,4,2,1,0,1,0,0000000,99,99,99,99,99,99,0,0,0,1,1
48,481587,1,1,0,1,1,1,1,215,2110,29,7,2012,1,20,45,0,14,8,FM2128 E SCHUNIOR ST,,5,26.30732778,-98.15373056,0,8,0,0,1,1,0,1,2,1,0,1,0,0000000,99,99,20,48,20,59,0,0,0,1,0
48,481588,2,2,0,0,0,2,2,29,6090,30,7,2012,2,3,0,0,16,5,WETMORE RD,,0,29.52781389,-98.45999722,0,12,8,0,1,1,0,1,2,1,0,1,0,0000000,88,88,88,88,88,88,0,0,0,1,1
48,481589,1,1,0,0,0,1,1,201,3320,30,7,2012,2,1,0,1,13,8,FM1960,TOWNSEN BLVD,237,30.00503889,-95.28247222,0,33,0,0,3,2,0,4,3,1,0,1,0,0000000,1,1,1,3,1,39,0,0,0,1,0
48,481590,1,1,0,1,1,1,1,423,7070,30,7,2012,2,4,45,1,13,3,SR-110 TROUP HWY,,39,32.29630556,-95.26246389,0,8,0,0,1,1,0,1,2,1,0,1,0,0000000,88,88,88,88,88,88,0,0,0,1,0
48,481591,4,4,0,0,0,4,4,29,6090,31,7,2012,3,6,26,1,12,2,US-90,,67,29.40428611,-98.55279722,0,12,1,1,18,1,0,1,4,1,0,1,0,0000000,6,26,6,47,8,7,19,0,0,1,0
48,481592,1,1,0,0,0,1,1,113,3420,31,7,2012,3,11,18,1,12,3,SR-161,,115,32.86560556,-97.00243056,0,50,0,1,19,1,0,10,1,1,0,1,0,0000000,88,88,88,88,88,88,0,0,0,1,0
48,481593,1,1,0,0,0,1,1,213,5238,31,7,2012,3,15,0,0,4,8,FM 316,,66,32.28167222,-96.07183889,0,38,0,0,1,1,0,4,1,98,0,98,0,0000000,14,55,14,55,15,14,0,0,0,1,0
48,481594,1,1,0,0,0,1,1,321,0,31,7,2012,3,0,53,0,6,4,CR-142,,0,29.00135278,-95.84861944,0,1,0,0,1,1,0,1,2,1,0,1,0,0000000,88,88,88,88,88,88,0,0,0,1,1
48,481595,1,1,0,1,1,1,1,453,330,31,7,2012,3,6,20,1,12,2,US-290 BEN WHITE BLVD,,24,30.22302778,-97.76391111,0,8,0,1,18,1,0,1,3,1,0,1,0,0000000,88,88,88,88,88,88,0,0,0,1,0
48,481596,1,1,0,0,0,1,1,201,0,14,7,2012,7,7,0,1,12,3,SR-249 W MT HOUSTON RD,,205,29.89755556,-95.45991389,0,38,0,0,1,1,0,4,1,1,0,1,0,0000000,88,88,88,88,88,88,0,0,0,1,1
48,481597,2,2,0,0,0,3,3,463,0,28,7,2012,7,13,59,1,2,2,US-90,,60,29.31585833,-99.57267778,0,12,1,0,8,1,0,1,1,1,0,1,0,0000000,88,88,88,88,88,88,0,0,0,2,0
48,481598,1,1,0,0,0,1,1,501,0,28,7,2012,7,15,32,0,3,2,US-82/380,,199,33.18195278,-102.6598361,0,1,0,0,1,1,0,4,1,1,0,1,0,0000000,88,88,88,88,88,88,0,0,0,1,0
48,481599,1,1,0,0,0,1,1,161,0,29,7,2012,1,17,24,0,4,8,FM 80,,49,31.68656944,-96.32377222,0,1,0,0,1,1,0,4,1,1,0,1,0,0000000,88,88,88,88,88,88,0,0,0,1,0
48,481600,3,3,0,3,3,1,1,91,9997,30,7,2012,2,3,10,1,11,1,I-35,,21,29.62990278,-98.23109167,0,12,1,0,1,1,0,1,3,1,0,1,0,0000000,88,88,88,88,88,88,19,0,0,3,0
48,481601,3,3,0,0,0,3,3,311,0,30,7,2012,2,9,50,0,4,3,SR-72,,289,28.459925,-98.40338056,0,12,8,0,1,1,0,1,1,1,0,1,0,0000000,10,3,10,37,12,1,0,0,0,2,0
48,481602,1,1,0,0,0,1,1,251,0,15,7,2012,1,10,54,0,4,8,FM157,,46,32.48680833,-97.12380833,0,38,0,0,1,1,0,4,1,1,0,1,0,0000000,10,58,11,11,11,54,0,0,0,1,0
48,481603,3,3,0,0,0,6,6,85,0,20,7,2012,6,12,53,0,3,8,FM2478,,26,33.22510556,-96.73270833,0,12,2,0,1,1,1,1,1,1,0,1,0,0000000,99,99,12,54,99,99,0,0,0,1,0
48,481604,3,3,0,0,0,10,10,367,0,20,7,2012,6,18,20,0,4,8,FM920,,159,32.79580278,-97.83207778,0,12,6,0,1,1,0,1,1,2,0,2,0,0000000,99,99,99,99,99,99,0,0,0,1,0
48,481605,1,1,0,1,1,1,1,439,2450,22,7,2012,1,3,35,1,12,2,US-287 MARTIN LUTHER KING FWY,,223,32.736775,-97.29925556,0,8,0,0,5,1,0,1,3,1,0,1,0,0000000,88,88,88,88,88,88,0,0,0,1,0
48,481606,1,1,0,1,1,1,1,439,2450,25,7,2012,4,9,52,1,13,7,I-35W SOUTH FWY,E LANCASTER AVE,139,32.74623611,-97.31995556,0,8,0,1,2,2,0,1,1,1,0,1,1,0000000,99,99,99,99,99,99,0,0,0,1,0
48,481607,1,1,0,0,0,5,5,105,0,26,7,2012,5,14,24,1,1,1,I-10,,319,30.69473611,-101.4576222,0,31,0,1,18,1,0,4,1,1,0,1,0,0000000,14,29,14,53,16,27,0,0,0,2,0
48,481608,2,2,0,0,0,4,4,327,0,26,7,2012,5,11,27,0,4,3,SR-29,,136,30.86911667,-99.54028611,0,12,6,0,8,1,0,1,1,1,0,1,0,0000000,11,32,12,25,13,9,0,0,0,1,0
48,481609,2,2,0,0,0,2,2,143,0,27,7,2012,6,23,0,1,2,2,US-377,,57,32.33065833,-98.06967778,0,12,2,0,1,1,0,1,2,1,0,1,0,0000000,23,4,23,15,0,4,0,0,0,1,1
48,481610,2,2,0,0,0,3,3,303,4140,19,6,2012,3,12,3,0,16,5,INDIANA AVE,58TH ST,0,33.54155556,-101.8877306,0,12,6,0,2,2,0,1,1,1,0,1,0,0000000,12,3,12,7,12,19,0,0,0,1,0
48,481611,2,2,0,0,0,2,2,139,7270,28,7,2012,7,0,22,1,13,2,US-77,,108,32.4059,-96.84271111,0,12,6,0,8,1,0,1,3,1,0,1,0,0000000,99,99,99,99,99,99,0,0,0,1,1
48,481612,2,2,0,0,0,2,2,201,3280,28,7,2012,7,2,6,1,13,8,FM1093,AUGUSTA DR,129,29.73787222,-95.48244722,0,12,6,0,2,3,0,1,3,1,0,1,0,0000000,88,88,88,88,88,88,0,0,0,1,0
48,481613,1,1,0,0,0,2,2,201,0,29,7,2012,1,19,10,0,6,4,CR-AQUEDUCT RD,,0,29.88551111,-95.15951389,0,30,0,0,1,1,0,4,1,1,0,1,0,0000000,88,88,88,88,88,88,0,0,0,2,1
48,481614,2,2,0,0,0,2,2,497,0,29,7,2012,1,22,32,0,3,3,SR-114,FM-51,264,33.10938056,-97.65789444,0,12,6,0,2,2,1,1,2,1,0,1,0,0000000,22,33,22,41,23,26,0,0,0,1,0
48,481615,1,1,0,0,0,5,5,201,3280,30,7,2012,2,15,0,1,12,2,US-590,,4,29.86070833,-95.333325,0,25,0,0,1,1,0,3,1,1,0,1,0,0000000,15,3,15,6,15,31,0,0,0,1,0
48,481616,1,1,0,1,1,2,2,203,0,30,7,2012,2,21,0,0,3,2,US-80,,123,32.51759722,-94.50170278,0,8,0,0,1,1,0,1,2,1,0,1,0,0000000,88,88,88,88,88,88,0,0,0,1,1
48,481617,2,2,0,0,0,3,3,13,0,31,7,2012,3,7,31,0,4,8,FM 1333,,170,28.89476667,-98.71339167,0,54,11,0,1,1,0,1,1,1,0,1,0,0000000,88,88,88,88,88,88,14,0,0,2,0
48,481618,2,2,0,1,1,3,3,141,2190,24,7,2012,3,21,46,1,13,3,SR-20,,337,31.67677222,-106.3097,0,8,0,0,1,1,0,1,2,10,0,10,0,0000000,88,88,88,88,88,88,0,0,0,1,0
48,481619,3,1,2,0,0,4,4,113,1730,20,6,2012,4,0,30,0,16,5,JIM MILLER RD,,0,32.72242222,-96.700125,0,19,0,0,1,1,0,4,3,10,0,10,0,0000000,0,32,0,37,0,56,0,0,0,1,1
48,481620,1,1,0,1,1,1,1,303,4140,7,7,2012,7,2,37,1,13,8,FM 2255,,79,33.59237778,-101.8899389,0,9,0,0,1,1,0,1,3,10,0,10,0,0000000,2,38,2,39,2,48,0,0,0,1,1
48,481621,1,1,0,0,0,1,1,245,5430,8,7,2012,1,19,24,0,16,5,3RD ST,DIXIE DR,0,29.89940833,-93.90629167,0,38,0,0,3,3,0,4,1,1,0,1,0,0000000,88,88,88,88,88,88,0,0,0,1,0
48,481622,2,2,0,0,0,3,3,113,1730,13,7,2012,6,21,27,0,16,5,FOREST LN,JOSEY LN,0,32.90931944,-96.88163056,0,12,6,0,2,2,0,1,3,1,0,1,0,0000000,21,29,21,33,21,47,0,0,0,1,0
48,481623,1,1,0,0,0,1,1,49,0,15,7,2012,1,1,0,1,2,2,US-67,,34,31.72085278,-99.01735556,0,35,0,0,1,1,0,4,2,1,0,1,0,0000000,99,99,99,99,99,99,0,0,0,1,1
48,481624,2,2,0,0,0,6,6,35,4490,6,7,2012,6,19,19,0,3,3,SR-22 MORGAN ST,SR-6,145,31.91545833,-97.66534722,0,12,6,0,2,2,0,1,1,1,0,1,0,0000000,19,10,19,13,20,1,0,0,0,1,0
48,481625,1,1,0,0,0,1,1,441,0,16,7,2012,2,16,55,0,3,3,SR-36,,142,32.34594444,-99.63835556,0,42,0,0,1,1,0,4,1,10,0,10,0,0000000,88,88,88,88,88,88,0,0,0,1,0
48,481626,1,1,0,1,1,1,1,43,0,20,7,2012,6,14,15,0,3,2,US-90,,304,30.26793056,-103.42135,0,9,0,0,1,1,0,1,1,1,0,1,0,0000000,88,88,88,88,88,88,0,0,0,1,1
48,481627,1,1,0,0,0,5,5,353,0,20,7,2012,6,12,44,1,1,1,I-20,,115,32.45173611,-100.4756167,0,1,0,0,1,1,0,1,1,1,0,1,0,0000000,99,99,99,99,99,99,0,0,0,2,0
48,481628,1,1,0,0,0,1,1,339,0,21,7,2012,7,0,45,0,4,8,FM 1485,,8,30.15028889,-95.19988889,0,1,0,0,1,1,0,4,2,1,0,1,0,0000000,0,40,0,47,1,38,0,0,0,1,1
48,481629,3,3,0,0,0,4,4,201,3280,25,7,2012,4,15,1,1,12,2,US-59,,92,29.72236667,-95.49296111,0,12,1,0,1,1,0,1,1,1,0,1,0,0000000,15,3,15,8,15,26,0,0,0,1,0
48,481630,1,1,0,0,0,2,2,113,1730,27,7,2012,6,23,55,0,16,5,CESAR CHAVEZ BLVD,,0,32.77558056,-96.78618889,0,24,0,1,5,1,0,3,3,1,0,1,0,0000000,88,88,88,88,88,88,0,0,0,2,1
48,481631,2,2,0,1,1,2,2,21,0,28,7,2012,7,23,8,0,3,3,SR-95,,113,30.17792778,-97.31622778,0,8,0,0,1,1,0,2,3,1,0,1,0,0000000,88,88,88,88,88,88,0,0,0,1,0
48,481632,1,1,0,0,0,3,3,229,0,28,7,2012,7,18,33,0,4,8,RM 1111,,179,31.57787222,-105.3604972,0,59,0,0,1,1,0,4,1,10,0,10,0,0000000,18,38,19,11,21,53,0,0,0,1,0
48,481633,1,1,0,0,0,4,4,481,0,29,7,2012,1,17,8,1,2,2,US-59,,331,29.13191389,-96.37107222,0,1,0,0,1,1,0,1,1,1,0,1,0,0000000,17,6,17,17,99,99,0,0,0,1,0
48,481634,2,2,0,0,0,7,7,453,0,30,7,2012,2,9,45,0,3,3,SR-95,,4,30.41808889,-97.38076389,0,12,2,0,1,1,0,1,1,1,0,1,0,0000000,9,47,10,1,10,25,0,0,0,3,0
48,481635,2,2,0,0,0,2,2,89,0,31,7,2012,3,15,55,0,3,3,SR-71,,62,29.640075,-96.51198889,0,12,6,0,1,1,0,2,1,1,0,1,0,0000000,15,58,16,5,16,42,0,0,0,1,0
48,481636,3,3,0,0,0,3,3,339,0,31,7,2012,3,20,35,0,4,8,FM 2978,,90,30.17498889,-95.60094722,0,12,1,0,1,1,0,1,2,1,0,1,0,0000000,20,35,20,42,21,33,0,0,0,1,0
48,481637,2,2,0,0,0,5,5,303,4140,25,5,2012,6,10,8,1,11,7,I-27,66TH ST,229,33.53427778,-101.8450278,0,12,6,1,2,2,0,1,1,1,0,1,0,0000000,10,12,10,16,10,36,0,0,0,1,0
48,481638,1,1,0,0,0,4,4,463,0,15,7,2012,1,18,5,0,3,2,US-83,,117,29.48833333,-99.74590833,0,42,0,0,1,1,0,4,1,10,0,10,0,0000000,99,99,99,99,99,99,0,0,0,1,0
48,481639,1,1,0,0,0,1,1,273,0,23,7,2012,2,18,55,0,3,3,SR-141,,83,27.53108333,-97.92521667,0,1,0,0,1,1,0,4,1,1,0,1,0,0000000,99,99,99,99,99,99,0,0,0,1,0
48,481640,2,2,0,0,0,2,2,83,1430,2,7,2012,2,19,30,1,13,2,US-84,SR-153,43,31.82277778,-99.41008333,0,12,6,0,2,3,0,1,1,1,0,1,0,0000000,88,88,88,88,88,88,0,0,0,1,0
48,481641,1,1,0,0,0,1,1,331,5880,2,7,2012,2,18,39,0,14,8,FM908 OAK ST,,10,30.65056667,-96.99690833,0,42,0,0,1,1,0,4,1,1,0,1,0,0000000,18,43,18,47,19,44,0,0,0,1,1
48,481642,1,1,0,1,1,1,1,201,3280,4,7,2012,4,22,15,0,13,8,FM521 ALMEDA RD,,66,29.60525,-95.42281389,0,8,0,0,1,1,0,1,3,10,0,10,0,0000000,22,20,22,29,23,1,0,0,0,1,0
48,481643,1,1,0,0,0,1,1,201,3280,8,7,2012,1,1,11,1,11,1,I-610,,344,29.733775,-95.45959444,0,25,0,0,1,1,0,3,3,1,0,1,0,0000000,1,24,1,36,2,11,0,0,0,1,1
48,481644,3,3,0,0,0,5,5,201,3280,8,7,2012,1,22,50,1,13,8,UA90,,173,29.72531944,-95.31086111,0,12,1,0,1,1,0,1,3,1,0,1,0,0000000,23,1,23,6,23,33,0,0,0,1,0
48,481645,3,3,0,0,0,4,4,501,0,12,7,2012,5,14,12,0,3,2,US-82,,196,33.18210278,-102.7503389,0,12,2,0,1,1,0,1,1,1,0,1,0,0000000,99,99,99,99,99,99,0,0,0,2,0
48,481646,2,2,0,0,0,5,5,491,0,18,7,2012,4,14,52,0,3,3,SR-29,,45,30.68115,-97.9561,0,12,6,0,1,1,1,1,1,10,0,10,0,0000000,14,52,15,2,15,14,0,0,0,1,0
48,481647,1,1,0,0,0,1,1,487,0,20,7,2012,6,17,0,1,2,2,US-70,,218,34.13029167,-99.15973611,0,57,0,0,1,1,0,3,1,1,0,1,0,0000000,88,88,88,88,88,88,0,0,0,1,0
48,481648,3,3,0,0,0,8,8,453,0,23,7,2012,2,17,38,1,2,3,SR-71,CREEK MEADOW CV,75,30.34539167,-98.0488,0,12,2,0,3,3,1,1,1,1,0,1,0,0000000,99,99,17,43,18,46,14,0,0,1,0
48,481649,2,2,0,0,0,2,2,147,0,24,7,2012,3,23,53,1,2,2,US-82,,82,33.60413056,-96.24208611,0,12,2,0,1,1,0,2,2,1,0,1,0,0000000,23,56,0,3,1,19,0,0,0,1,1
48,481650,2,2,0,0,0,3,3,303,4140,28,7,2012,7,0,43,0,16,5,50TH ST,,0,33.54871111,-101.8546472,0,12,2,0,1,1,0,1,3,1,0,1,0,0000000,0,43,0,49,1,7,0,0,0,1,1
48,481651,3,3,0,0,0,12,12,141,2270,30,7,2012,2,1,0,1,1,1,I-10,,538,31.48648889,-106.0857806,0,1,0,0,1,1,0,3,2,1,0,1,0,0000000,1,29,1,37,2,18,0,0,0,5,0
48,481652,2,2,0,0,0,3,3,331,0,2,7,2012,2,7,45,0,4,8,FM485,,32,30.91003333,-96.94758056,0,12,8,0,1,1,0,1,1,1,0,1,0,0000000,7,50,8,0,9,1,0,0,0,2,0
48,481653,2,2,0,0,0,5,5,427,0,2,7,2012,2,13,45,1,2,2,US-83,,400,26.32080833,-98.67404167,0,12,1,0,1,1,0,1,1,10,0,10,0,0000000,13,47,13,55,14,47,0,0,0,1,0
48,481654,1,1,0,0,0,1,1,181,0,14,7,2012,7,2,5,0,6,4,CR-PRESTON BEND RD,,0,33.87223889,-96.65501667,0,1,0,0,1,1,0,4,2,1,0,1,0,0000000,2,19,2,47,3,42,0,0,0,1,1