STATE,ST_CASE,VE_TOTAL,VE_FORMS,PVH_INVL,PEDS,PERNOTMVIT,PERMVIT,PERSONS,COUNTY,CITY,DAY,MONTH,YEAR,DAY_WEEK,HOUR,MINUTE,NHS,ROAD_FNC,ROUTE,TWAY_ID,TWAY_ID2,MILEPT,LATITUDE,LONGITUD,SP_JUR,HARM_EV,MAN_COLL,RELJCT1,RELJCT2,TYP_INT,WRK_ZONE,REL_ROAD,LGT_COND,WEATHER1,WEATHER2,WEATHER,SCH_BUS,RAIL,NOT_HOUR,NOT_MIN,ARR_HOUR,ARR_MIN,HOSP_HR,HOSP_MN,CF1,CF2,CF3,FATALS,DRUNK_DR
48,481655,1,1,0,1,1,1,1,303,4140,22,7,2012,1,0,41,1,13,2,US-84,,167,33.60178611,-101.8654556,0,8,0,0,1,1,0,1,3,1,0,1,0,0000000,0,46,0,52,1,6,0,0,0,1,0
48,481656,1,1,0,0,0,1,1,181,0,26,7,2012,5,14,30,0,4,8,FM902,,37,33.55909444,-96.85096667,0,24,0,0,1,1,0,4,1,1,0,1,0,0000000,88,88,88,88,88,88,0,0,0,1,0
48,481657,1,1,0,1,1,4,4,113,1730,26,7,2012,5,22,25,9,19,8,SS244 E NORTHWEST HWY,,304,32.86430278,-96.71170556,0,8,0,0,1,1,0,1,3,1,0,1,0,0000000,22,28,22,32,23,1,0,0,0,1,0
48,481658,1,1,0,0,0,2,2,503,0,3,7,2012,3,13,31,0,3,3,SR-79,,334,33.39975833,-98.75088889,0,1,0,0,1,1,0,4,1,1,0,1,0,0000000,13,44,13,58,14,26,0,0,0,1,0
48,481659,1,1,0,0,0,1,1,19,0,3,7,2012,3,7,55,1,2,3,SR-16,,150,29.70063333,-98.86257778,0,1,0,0,1,1,0,4,1,1,0,1,0,0000000,7,55,8,3,8,30,0,0,0,1,0
48,481660,1,1,0,1,1,1,1,363,4630,25,7,2012,4,0,47,1,13,3,SR-180,,384,32.81074167,-98.06830278,0,9,0,0,1,1,0,2,2,1,0,1,0,0000000,88,88,88,88,88,88,0,0,0,1,1
48,481662,1,1,0,0,0,1,1,27,3690,27,7,2012,6,9,6,1,12,7,US-190,,86,31.07659167,-97.69134722,0,38,0,0,8,1,0,5,1,1,0,1,0,0000000,88,88,88,88,88,88,0,0,0,1,0
48,481663,1,1,0,0,0,1,1,13,0,1,8,2012,4,21,20,1,1,1,I-37,,148,28.78550556,-98.32240278,0,1,0,0,1,1,0,4,2,1,0,1,0,0000000,88,88,88,88,88,88,0,0,0,1,0
48,481665,1,1,0,0,0,1,1,29,6090,21,8,2012,3,15,42,1,11,7,I-410,,178,29.51112778,-98.53528611,0,33,0,1,19,1,0,10,1,1,0,1,0,0000000,15,42,15,49,15,51,0,0,0,1,0
48,481666,1,1,0,1,1,1,1,141,2190,1,8,2012,4,21,2,0,16,5,ANTONIO AVE,,0,31.88440278,-106.4184306,0,8,0,0,1,1,0,1,2,1,0,1,0,0000000,21,3,21,6,21,30,0,0,0,1,1
48,481667,2,2,0,0,0,7,7,277,0,1,8,2012,4,15,18,1,2,2,US-82,,80,33.64177778,-95.72903889,0,12,2,0,1,1,0,1,1,1,0,1,0,0000000,15,23,16,12,17,7,0,0,0,3,0
48,481668,2,2,0,0,0,2,2,395,0,1,8,2012,4,4,8,1,2,2,US-190,,120,30.75804722,-96.47271944,0,12,2,0,1,1,0,1,2,1,0,1,0,0000000,4,11,4,17,5,30,0,0,0,2,1
48,481669,2,2,0,0,0,3,3,113,6685,21,8,2012,3,11,40,1,13,3,SR-352,,117,32.78124722,-96.56483611,0,12,6,0,1,1,0,1,1,2,0,2,0,0000000,11,42,11,48,12,2,0,0,0,1,0
48,481670,1,1,0,0,0,1,1,441,30,1,8,2012,4,15,46,0,16,5,T&P LN,,0,32.44693889,-99.71374167,0,10,0,0,6,1,0,1,1,1,0,1,0,796035A,88,88,88,88,88,88,0,0,0,1,0
48,481671,2,2,0,0,0,7,7,439,2450,24,2,2012,6,15,49,0,16,5,S MITCHELL DR,S GLEN GARDEN AVE,0,32.70253889,-97.28558056,0,12,2,0,2,3,0,1,1,1,0,1,0,0000000,15,49,15,50,16,13,0,0,0,2,1
48,481672,1,1,0,1,1,1,1,113,1730,3,4,2012,3,5,50,0,16,5,E COLORADO BLVD,,0,32.75860556,-96.82052778,0,8,0,0,1,1,0,1,3,99,0,99,0,0000000,5,51,5,56,6,6,0,0,0,1,0
48,481673,1,1,0,0,0,5,5,215,2110,15,4,2012,1,21,33,0,16,5,SEMINARY RD,,0,26.34835278,-98.16913611,0,30,0,0,1,1,0,4,3,1,0,1,0,0000000,21,36,21,43,21,49,0,0,0,2,0
48,481674,1,1,0,1,1,1,1,167,2570,5,5,2012,7,23,42,0,16,5,29TH ST,AVE N,0,29.29381389,-94.79738333,0,9,0,0,2,2,0,1,3,1,0,1,0,0000000,23,45,23,50,0,14,0,0,0,1,0
48,481675,2,2,0,0,0,3,3,313,4260,9,5,2012,4,15,23,1,2,2,US-190 W MAIN ST,,159,30.929675,-95.95391667,0,12,8,0,1,1,0,1,1,1,0,1,0,0000000,15,35,16,11,16,25,0,0,0,2,0
48,481676,3,3,0,0,0,7,7,491,3925,10,5,2012,5,18,40,1,13,3,SR-183,,205,30.55155833,-97.84161944,0,12,8,0,1,1,0,1,5,1,0,1,0,0000000,18,47,18,51,19,19,0,0,0,1,0
48,481677,1,1,0,1,1,2,2,355,1550,29,5,2012,3,2,53,1,11,7,I-37,,109,27.84494167,-97.56593056,0,8,0,0,1,1,0,2,3,10,0,10,0,0000000,88,88,88,88,88,88,0,0,0,1,0
48,481678,2,2,0,0,0,2,2,215,3165,16,6,2012,7,6,37,1,13,2,US-281 MILITARY HWY,,25,26.0994,-98.23606667,0,12,7,0,1,1,0,1,4,1,0,1,0,0000000,6,41,6,47,7,54,0,0,0,1,1
48,481680,3,3,0,0,0,4,4,3,0,28,6,2012,5,7,38,0,4,3,SR-176,CR-100 NE,464,32.32475,-102.2455833,0,12,1,0,3,3,0,1,1,1,0,1,0,0000000,99,99,99,99,99,99,0,0,0,1,0
48,481681,2,2,0,0,0,5,5,181,0,27,7,2012,6,22,0,0,3,2,US-377,FM 901,52,33.79863611,-96.87327222,0,12,6,1,2,2,0,1,2,1,0,1,0,0000000,22,20,23,0,23,37,0,0,0,1,1
48,481682,1,1,0,0,0,3,3,183,0,3,8,2012,6,14,45,1,11,1,I-20,,64,32.43259722,-94.87808611,0,59,0,0,1,1,0,4,1,1,0,1,0,0000000,14,44,14,49,15,56,0,0,0,2,0
48,481683,1,1,0,0,0,2,2,211,0,3,8,2012,6,23,28,1,2,2,US-60,,165,35.93933333,-100.3694417,0,24,0,0,1,1,0,4,2,1,0,1,0,0000000,23,35,23,44,0,6,0,0,0,1,1
48,481684,2,2,0,0,0,4,4,381,0,3,8,2012,6,10,20,0,4,8,FM 1541,,69,35.09203611,-101.8482361,0,12,6,0,8,1,0,1,1,1,0,1,0,0000000,10,24,10,37,11,8,0,0,0,1,0
48,481685,3,3,0,2,2,1,1,39,0,4,8,2012,7,5,29,0,4,8,FM 2611,,20,28.92667222,-95.61696667,0,12,1,0,1,1,0,1,2,1,0,1,0,0000000,88,88,88,88,88,88,23,0,0,2,1
48,481686,2,2,0,0,0,5,5,91,4870,4,8,2012,7,18,51,1,13,8,SL 46/337,,162,29.72981944,-98.12039167,0,12,2,0,1,1,0,1,1,1,0,1,0,0000000,18,51,18,54,19,13,0,0,0,2,0
48,481687,1,1,0,1,1,1,1,113,1730,4,8,2012,7,4,50,1,13,3,SR-354,,78,32.88691389,-96.88776111,0,33,0,0,1,1,0,4,3,1,0,1,0,0000000,88,88,88,88,88,88,0,0,0,1,0
48,481688,1,1,0,1,1,1,1,141,0,4,8,2012,7,23,16,1,11,1,I-10,,384,31.666025,-106.2449306,0,8,0,0,1,1,0,1,3,1,0,1,0,0000000,88,88,88,88,88,88,0,0,0,1,0
48,481689,1,1,0,0,0,1,1,179,0,4,8,2012,7,22,30,0,4,3,SR-273,,159,35.49308611,-100.8699861,0,5,0,0,1,1,0,1,2,1,0,1,0,0000000,88,88,88,88,88,88,0,0,0,1,1
48,481690,1,1,0,0,0,1,1,201,3280,4,8,2012,7,1,20,1,11,1,I-45,,173,29.70214722,-95.29549722,0,24,0,0,1,1,0,3,2,1,0,1,0,0000000,88,88,88,88,88,88,0,0,0,1,1
48,481691,2,2,0,0,0,2,2,223,6670,4,8,2012,7,9,18,0,14,3,SR-154,,50,33.08268056,-95.59833333,0,12,6,0,8,1,0,1,1,10,0,10,0,0000000,99,99,9,52,10,48,0,0,0,1,0
48,481692,1,1,0,0,0,2,2,253,0,4,8,2012,7,19,4,0,4,8,FM1226,,79,32.66244722,-99.76938333,0,1,0,0,1,1,0,4,1,1,0,1,0,0000000,88,88,88,88,88,88,0,0,0,1,1
48,481693,1,1,0,0,0,1,1,283,0,4,8,2012,7,16,22,0,6,4,CR-KRUEGER RD,,0,28.05496667,-99.36521111,0,1,0,0,1,1,0,4,1,1,0,1,0,0000000,88,88,88,88,88,88,0,0,0,1,0
48,481694,1,1,0,0,0,3,3,309,7210,4,8,2012,7,2,1,0,16,5,N MARTIN LUTHER KING BLVD,,0,31.58590556,-97.15143611,0,32,0,0,1,1,0,4,3,1,0,1,0,0000000,2,5,2,10,2,36,0,0,0,2,1
48,481695,1,1,0,0,0,1,1,415,0,4,8,2012,7,1,33,0,6,4,CR-4114,CR-4129,0,32.63832222,-100.7438083,0,1,0,0,3,3,0,4,2,1,0,1,0,0000000,88,88,88,88,88,88,0,0,0,1,1
48,481696,2,2,0,0,0,3,3,41,0,5,8,2012,1,14,19,1,2,2,US-190,,117,30.81026667,-96.238475,0,54,11,0,1,1,0,1,1,1,0,1,0,0000000,14,20,14,32,15,4,14,0,0,1,0
48,481697,1,1,0,0,0,1,1,53,4310,5,8,2012,1,1,0,0,16,5,MANZANO MILE,,0,30.59810278,-98.23968611,0,38,0,0,1,1,0,4,2,1,0,1,0,0000000,88,88,88,88,88,88,0,0,0,1,1
48,481698,2,2,0,0,0,5,5,113,1730,5,8,2012,1,17,32,0,16,5,OAK LAWN AVE,DALLAS NORTH TOLLWAY RAMP,0,32.80208056,-96.81670556,0,12,6,1,2,3,0,1,1,1,0,1,0,0000000,17,34,17,40,18,1,0,0,0,1,0
48,481699,1,1,0,0,0,1,1,215,4197,5,8,2012,1,2,22,1,12,7,US-83,,229,26.19277222,-98.24636944,0,38,0,0,1,1,0,4,3,1,0,1,0,0000000,88,88,88,88,88,88,0,0,0,1,1
48,481700,1,1,0,1,1,1,1,423,7070,5,8,2012,1,22,53,1,13,3,SR-155 S VINE ST,W 6TH ST,102,32.32985278,-95.31223889,0,8,0,0,2,2,0,1,2,10,0,10,0,0000000,88,88,88,88,88,88,0,0,0,1,0
48,481701,2,2,0,0,0,3,3,439,2450,5,8,2012,1,2,30,1,12,3,SR-199 JACKSBORO HWY,,68,32.82296389,-97.47201944,0,12,2,0,1,1,0,1,2,1,0,1,0,0000000,2,36,2,42,3,40,0,0,0,1,1
48,481702,1,1,0,1,1,2,2,113,1730,6,8,2012,2,1,0,1,11,1,I-30 RAMP,,318,32.87444444,-96.52306389,0,8,0,1,5,1,0,1,2,1,0,1,0,0000000,99,99,99,99,99,99,0,0,0,1,0
48,481703,1,1,0,0,0,1,1,249,0,6,8,2012,2,12,26,0,6,4,CR-433,,0,27.46120278,-98.19215833,0,38,0,0,1,1,0,4,1,1,0,1,0,0000000,99,99,99,99,99,99,20,0,0,1,0
48,481704,1,1,0,0,0,1,1,401,0,6,8,2012,2,18,0,0,4,3,SR-315,,63,31.99957222,-94.63656944,0,35,0,0,1,1,0,4,1,1,0,1,0,0000000,88,88,88,88,88,88,0,0,0,1,0
48,481705,2,2,0,0,0,2,2,485,0,6,8,2012,2,16,57,1,1,1,I-44,,90,34.01768611,-98.55283611,0,12,2,0,1,1,0,1,1,1,0,1,0,0000000,17,6,17,17,17,44,0,0,0,1,0
48,481706,1,1,0,0,0,1,1,29,0,7,8,2012,3,19,19,1,1,7,I-10W,,41,29.69217222,-98.64754444,0,32,0,0,1,1,0,4,1,1,0,1,0,0000000,88,88,88,88,88,88,0,0,0,1,1
48,481707,3,3,0,0,0,3,3,99,0,7,8,2012,3,16,46,0,3,3,SR-36,,37,31.58032222,-97.83901667,0,12,6,0,1,1,0,1,1,1,0,1,0,0000000,88,88,88,88,88,88,0,0,0,1,0
48,481708,1,1,0,0,0,1,1,133,0,7,8,2012,3,14,5,1,1,1,I-20,,182,32.38850278,-98.79899444,0,1,0,1,19,1,0,10,1,1,0,1,0,0000000,88,88,88,88,88,88,0,0,0,1,1
48,481709,1,1,0,1,1,2,2,201,3280,7,8,2012,3,13,53,0,16,5,JENSEN DR,NEWHOFF ST,0,29.78551389,-95.34193056,0,9,0,0,2,3,0,1,1,1,0,1,0,0000000,88,88,88,88,88,88,0,0,0,1,0
48,481710,3,3,0,0,0,3,3,215,5330,7,8,2012,3,17,50,0,16,5,PHARR INTERNATIONAL BRIDGE,,0,26.09075278,-98.20157222,0,12,2,0,1,1,0,1,1,1,0,1,0,0000000,88,88,88,88,88,88,0,0,0,1,0
48,481711,2,2,0,0,0,2,2,225,0,7,8,2012,3,12,59,0,5,8,FM 2423,FM 2022,0,31.47621111,-95.37837778,0,12,6,0,2,3,0,1,1,1,0,1,0,0000000,88,88,88,88,88,88,0,0,0,1,0
48,481712,2,2,0,0,0,2,2,329,4560,7,8,2012,3,9,27,1,2,3,SR-191,,71,31.98320556,-102.2132833,0,12,2,0,1,1,0,1,1,1,0,1,0,0000000,88,88,88,88,88,88,0,0,0,2,0
48,481713,1,1,0,1,1,1,1,423,0,7,8,2012,3,20,31,1,13,3,SR-31,,54,32.33278056,-95.38163889,0,9,0,0,1,1,0,1,5,1,0,1,0,0000000,88,88,88,88,88,88,0,0,0,1,0
48,481714,2,2,0,0,0,2,2,113,1190,8,8,2012,4,12,4,1,11,7,I-35,WHITLOCK LN,325,32.96846667,-96.91906944,0,12,1,1,3,2,0,1,1,10,0,10,0,0000000,12,4,12,9,12,25,0,0,0,1,0
48,481715,2,1,1,1,1,2,2,453,330,8,8,2012,4,19,59,0,16,5,DELONEY ST,,0,30.28263333,-97.69375556,0,8,0,0,1,1,0,7,5,1,0,1,0,0000000,20,0,20,5,20,21,0,0,0,1,1
48,481716,2,2,0,0,0,2,2,479,3899,8,8,2012,4,6,15,1,13,3,SR-359,,37,27.49716389,-99.44784167,0,12,1,0,1,1,0,1,3,10,0,10,0,0000000,99,99,99,99,99,99,0,0,0,1,1
48,481717,2,2,0,0,0,3,3,85,4445,9,8,2012,5,14,59,1,2,3,SR-121,,145,33.27978333,-96.567425,0,12,2,0,1,1,0,4,1,1,0,1,0,0000000,15,21,15,21,15,45,0,0,0,1,0
48,481718,2,2,0,0,0,2,2,113,1730,9,8,2012,5,21,18,1,12,3,SR-183,,110,32.81616111,-96.86907778,0,12,7,1,18,1,0,1,3,1,0,1,0,0000000,88,88,88,88,88,88,0,0,0,1,0
48,481719,1,1,0,0,0,2,2,113,2590,9,8,2012,5,1,28,1,11,1,I-635 RAMP,,4,32.87291944,-96.68048611,0,34,0,1,5,1,0,10,3,1,0,1,0,0000000,99,99,99,99,99,99,20,0,0,2,0
48,481720,2,2,0,0,0,2,2,133,0,9,8,2012,5,7,45,1,1,1,I-20,,123,32.375475,-98.90747222,0,12,1,0,1,1,0,1,1,1,0,1,0,0000000,88,88,88,88,88,88,0,0,0,1,0
48,481721,2,2,0,0,0,3,3,201,0,9,8,2012,5,5,55,0,4,8,FM 2100 CROSBY HUFFMAN RD,,72,30.06985,-95.10296389,0,12,2,0,1,1,0,1,2,1,0,1,0,0000000,99,99,99,99,99,99,0,0,0,2,0
48,481722,2,2,0,1,1,3,3,201,3280,9,8,2012,5,5,40,0,16,5,TIDWELL RD,,0,29.84723056,-95.40815556,0,8,0,0,8,1,0,1,3,1,0,1,0,0000000,88,88,88,88,88,88,0,0,0,1,0
48,481723,2,2,0,0,0,4,4,287,2640,9,8,2012,5,9,59,0,14,2,US-77 MAIN ST,BRENHAM ST,257,30.18571111,-96.93664444,0,12,6,0,2,2,0,1,1,1,0,1,0,0000000,9,55,9,58,10,45,0,0,0,1,0
48,481724,1,1,0,1,1,2,2,329,4560,9,8,2012,5,22,7,0,16,5,LAMESA RD,,0,32.00785,-102.0674528,0,9,0,0,1,1,0,1,3,1,0,1,0,0000000,22,7,22,12,22,19,0,0,0,1,0
48,481725,1,1,0,0,0,1,1,415,6440,9,8,2012,5,21,20,0,15,8,FM 1673,,13,32.73379444,-100.9047167,0,1,0,0,1,1,0,4,2,1,0,1,0,0000000,21,21,21,31,21,54,0,0,0,1,1
48,481726,1,1,0,0,0,1,1,65,0,10,8,2012,6,20,20,1,2,2,US-60,,30,35.27950556,-101.5630333,0,1,0,0,1,1,0,4,1,1,0,1,0,0000000,88,88,88,88,88,88,0,0,0,1,0
48,481727,1,1,0,0,0,1,1,113,4530,10,8,2012,6,8,36,1,11,1,I-635,,80,32.81156667,-96.62801944,0,24,0,0,5,1,0,4,1,1,0,1,0,0000000,88,88,88,88,88,88,0,0,0,1,0
48,481728,2,2,0,0,0,7,7,297,0,10,8,2012,6,14,30,1,1,7,I-37,FM 799,202,28.33782778,-98.02569167,0,12,6,1,2,2,0,1,1,1,0,1,0,0000000,14,33,15,3,16,26,0,0,0,1,1
48,481729,2,2,0,0,0,2,2,361,0,10,8,2012,6,5,1,0,3,3,SR-62,,25,30.22470278,-93.88342778,0,12,2,0,1,1,0,1,2,1,0,1,0,0000000,99,99,99,99,99,99,0,0,0,2,0
48,481730,2,2,0,0,0,2,2,439,2450,10,8,2012,6,16,25,0,16,5,BEACH ST,CLAY AVE,0,32.82896389,-97.29043333,0,1,0,0,3,2,0,1,1,1,0,1,0,0000000,88,88,88,88,88,88,0,0,0,1,0
48,481731,2,2,0,1,1,3,3,29,6090,11,8,2012,7,0,3,1,11,1,I-410,,451,29.32201111,-98.4775,0,8,0,1,18,1,0,1,3,1,0,1,0,0000000,88,88,88,88,88,88,0,0,0,1,0
48,481732,1,1,0,0,0,1,1,113,1730,11,8,2012,7,17,48,1,11,1,I-635,,41,32.90749722,-96.729125,0,52,0,0,5,1,0,10,1,1,0,1,0,0000000,17,50,17,54,18,24,0,0,0,1,1
48,481733,1,1,0,0,0,1,1,113,3420,11,8,2012,7,2,26,0,16,5,COLWELL BLVD,,0,32.88334167,-96.94676111,0,33,0,0,1,1,0,3,3,1,0,1,0,0000000,88,88,88,88,88,88,0,0,0,1,1
48,481734,1,1,0,0,0,1,1,167,2570,11,8,2012,7,3,23,1,13,8,SS 342 61ST ST,,11,29.28671111,-94.83700556,0,30,0,0,1,1,0,4,3,1,0,1,0,0000000,88,88,88,88,88,88,0,0,0,1,1
48,481735,1,1,0,0,0,1,1,201,3280,11,8,2012,7,8,30,1,13,8,UA-90,,232,29.78731111,-95.28,0,32,0,0,1,1,0,4,1,10,0,10,0,0000000,8,34,8,39,8,51,0,0,0,1,0
48,481736,2,2,0,0,0,3,3,201,3280,11,8,2012,7,21,5,1,11,7,I-10 KATY FWY,STUDEMONT ST,257,29.77715278,-95.38820556,0,12,1,1,3,3,0,1,3,1,0,1,0,0000000,21,9,21,16,21,41,0,0,0,1,0
48,481737,2,1,1,0,1,1,2,367,0,11,8,2012,7,6,10,1,1,1,I-20,,259,32.74748611,-97.67391944,0,14,0,1,18,1,0,2,4,1,0,1,0,0000000,99,99,99,99,99,99,0,0,0,1,0
48,481738,2,2,0,0,0,5,5,375,0,11,8,2012,7,11,15,0,3,3,SR-136,,2,35.615975,-101.6237028,0,12,2,0,1,1,0,1,1,1,0,1,0,0000000,11,28,11,33,12,47,0,0,0,1,1
48,481739,1,1,0,0,0,1,1,41,970,12,8,2012,1,1,52,0,16,5,COULTER DR,,0,30.67166389,-96.355875,0,1,0,0,1,1,0,1,3,1,0,1,0,0000000,88,88,88,88,88,88,0,0,0,1,0
48,481740,1,1,0,0,0,1,1,141,0,12,8,2012,1,8,54,1,2,8,SL 375,,90,31.89426389,-106.4745667,0,24,0,0,1,1,0,4,1,1,0,1,0,0000000,88,88,88,88,88,88,0,0,0,1,0
48,481741,1,1,0,0,0,2,2,201,0,12,8,2012,1,4,5,0,6,4,CR-CLAY RD,,0,29.831475,-95.7903,0,1,0,0,1,1,0,4,2,1,0,1,0,0000000,99,99,99,99,99,99,0,0,0,1,1
48,481742,2,2,0,0,0,3,3,215,7330,12,8,2012,1,10,34,0,14,8,FM 1015/INTERNATIONAL BLVD,CAMINO REAL RD,80,26.14724444,-97.95818333,0,12,6,0,2,3,0,1,1,1,0,1,0,0000000,10,34,10,38,12,31,0,0,0,1,0
48,481743,1,1,0,0,0,1,1,225,0,12,8,2012,1,2,35,1,2,3,SR-21,,6,31.08573333,-95.69423889,0,1,0,0,1,1,0,4,2,1,0,1,0,0000000,88,88,88,88,88,88,0,0,0,1,1
48,481744,1,1,0,0,0,7,7,289,0,12,8,2012,1,18,43,1,1,1,I-45,,286,31.47962778,-96.09078333,0,1,0,0,1,1,0,4,1,1,0,1,0,0000000,99,99,99,99,99,99,0,0,0,1,0
48,481745,2,2,0,0,0,3,3,303,4140,12,8,2012,1,19,28,1,13,2,US-84/SLATON HWY,,229,33.51498056,-101.7688722,0,12,2,0,1,1,0,4,1,1,0,1,0,0000000,19,42,19,49,20,6,0,0,0,1,1
48,481746,2,2,0,0,0,2,2,311,0,12,8,2012,1,11,3,0,3,3,SR-16,FM 624,369,28.13385833,-98.58972222,0,12,6,0,2,2,0,1,1,1,0,1,0,0000000,11,6,11,34,12,57,0,0,0,1,0
48,481747,1,1,0,0,0,1,1,339,0,12,8,2012,1,2,20,0,6,4,CR-WALNUT CREEK RD,,0,30.11710833,-95.72736111,0,38,0,0,1,1,0,4,2,1,0,1,0,0000000,88,88,88,88,88,88,0,0,0,1,1
48,481748,2,2,0,0,0,7,7,91,1012,13,8,2012,2,15,30,0,3,3,SR-46,BLANCO RD,17,29.81176389,-98.52498056,0,12,6,0,2,4,0,1,1,1,0,1,0,0000000,99,99,99,99,99,99,0,0,0,1,0
48,481749,1,1,0,0,0,1,1,453,0,13,8,2012,2,7,15,0,14,8,FM 973,,22,30.31174167,-97.56408611,0,32,0,0,1,1,0,4,2,1,0,1,0,0000000,88,88,88,88,88,88,0,0,0,1,1
48,481750,1,1,0,0,0,1,1,291,0,14,8,2012,3,23,29,0,4,8,FM 1008,,121,30.07959722,-94.86540278,0,1,0,0,1,1,0,4,2,1,0,1,0,0000000,88,88,88,88,88,88,0,0,0,1,1
48,481751,2,2,0,0,0,2,2,303,4140,14,8,2012,3,8,55,0,16,5,82ND ST,QUAKER AVE,0,33.51970833,-101.9049778,0,12,6,0,2,2,0,1,1,1,0,1,0,0000000,8,58,9,1,9,17,0,0,0,1,0
48,481752,1,1,0,0,0,1,1,347,0,14,8,2012,3,12,35,0,4,8,FM-225,,105,31.5844,-94.81193056,0,32,0,0,1,1,0,4,1,1,0,1,0,0000000,88,88,88,88,88,88,0,0,0,1,0
48,481753,2,2,0,0,0,3,3,407,0,14,8,2012,3,15,14,1,2,2,US-59,,232,30.39839722,-95.056475,0,12,1,0,8,1,0,1,1,1,0,1,0,0000000,88,88,88,88,88,88,0,0,0,1,0
48,481754,2,2,0,0,0,2,2,89,0,15,8,2012,4,23,25,1,1,1,I-10,,220,29.71301111,-96.48878611,0,12,1,0,1,1,0,2,3,1,0,1,0,0000000,88,88,88,88,88,88,23,0,0,1,0
48,481755,1,1,0,0,0,1,1,121,1190,15,8,2012,4,23,55,0,16,5,HEBRON PKWY,1ST ST,0,33.02456111,-96.86463333,0,33,0,0,2,3,0,3,3,1,0,1,0,0000000,99,99,99,99,99,99,0,0,0,1,1
48,481756,1,1,0,0,0,4,4,277,0,15,8,2012,4,7,50,0,6,4,CR-23200,,0,33.59947222,-95.6496,0,42,0,0,1,1,0,4,1,1,0,1,0,0000000,8,11,8,54,9,49,0,0,0,1,0
48,481757,1,1,0,0,0,1,1,375,150,15,8,2012,4,23,55,0,16,5,WESTGATE PKWY,,0,35.18420833,-101.9356222,0,42,0,0,1,1,0,3,3,10,0,10,0,0000000,88,88,88,88,88,88,0,0,0,1,1
48,481758,2,2,0,1,1,2,2,439,260,15,8,2012,4,6,39,1,13,8,FM-157,,133,32.74464722,-97.09735278,0,8,0,0,1,1,0,1,3,2,0,2,0,0000000,88,88,88,88,88,88,0,0,0,1,0
48,481759,3,3,0,0,0,5,5,53,0,16,8,2012,5,9,29,0,4,8,RM 1431,,20,30.63658611,-98.40834167,0,12,8,0,1,1,0,1,1,1,0,1,0,0000000,9,33,9,41,11,7,0,0,0,1,0
48,481760,2,2,0,0,0,4,4,85,5390,16,8,2012,5,0,45,1,12,2,US-75,,111,33.03559167,-96.70564444,0,12,1,0,1,1,0,1,2,1,0,1,0,0000000,88,88,88,88,88,88,0,0,0,1,1
48,481761,1,1,0,0,0,3,3,199,0,16,8,2012,5,22,18,0,3,8,FM 92,,95,30.38992222,-94.17576667,0,1,0,0,1,1,0,1,2,1,0,1,0,0000000,99,99,99,99,99,99,0,0,0,2,0
48,481762,2,2,0,0,0,3,3,339,1510,16,8,2012,5,17,10,0,14,8,FM 1488,,201,30.22964444,-95.51129167,0,12,2,0,1,1,0,1,1,10,0,10,0,0000000,17,8,17,18,17,57,0,0,0,1,0
48,481764,2,2,0,0,0,2,2,441,30,16,8,2012,5,12,40,1,12,2,US-83 N WINTERS FWY,,14,32.51610278,-99.75086111,0,12,6,1,18,1,0,1,1,1,0,1,0,0000000,88,88,88,88,88,88,0,0,0,1,1
48,481765,2,2,0,0,0,5,5,89,0,17,8,2012,6,7,38,0,4,8,FM 1093,,16,29.59038056,-96.30040278,0,12,6,0,1,1,0,1,1,1,0,1,0,0000000,7,40,8,1,8,43,0,0,0,2,0
48,481766,1,1,0,1,1,1,1,201,3280,17,8,2012,6,21,51,0,16,5,SCOTT ST,,0,29.69369167,-95.36166667,0,8,0,0,1,1,0,1,3,1,0,1,0,0000000,21,3,21,10,21,28,0,0,0,1,0
48,481767,2,2,0,0,0,2,2,295,0,17,8,2012,6,21,5,0,3,2,US-83,,15,36.08044444,-100.5187194,0,12,2,0,1,1,0,1,2,1,0,1,0,0000000,88,88,88,88,88,88,0,0,0,2,1
48,481768,2,2,0,0,0,2,2,339,0,17,8,2012,6,6,15,0,3,3,SR-242,,127,30.213725,-95.32603333,0,12,6,0,1,1,0,1,2,1,0,1,0,0000000,6,5,6,13,6,49,0,0,0,1,0
48,481769,1,1,0,0,0,1,1,439,2450,17,8,2012,6,9,5,0,16,5,TRINITY BLVD,,0,32.81691667,-97.09241111,0,42,0,0,1,1,0,4,9,99,0,99,0,0000000,88,88,88,88,88,88,0,0,0,1,1
48,481770,2,2,0,0,0,3,3,27,3690,18,8,2012,7,0,9,0,14,3,SR-201,JOHN DAVID DR,21,31.09390278,-97.80706111,0,12,2,0,2,3,0,1,3,1,0,1,0,0000000,0,9,0,19,0,45,0,0,0,1,0
48,481771,1,1,0,0,0,1,1,39,0,18,8,2012,7,21,50,0,6,4,CR-400 BRAZOS RIVER RD,,0,28.97698056,-95.43326389,0,38,0,0,1,1,0,4,1,10,0,10,0,0000000,88,88,88,88,88,88,0,0,0,1,1
48,481772,2,2,0,0,0,3,3,73,3470,18,8,2012,7,2,15,1,13,2,US-69 N JACKSON ST,,101,32.01281944,-95.27991667,0,12,2,0,1,1,0,1,2,10,0,10,0,0000000,2,23,2,27,2,51,0,0,0,2,2