STATE,ST_CASE,VE_TOTAL,VE_FORMS,PVH_INVL,PEDS,PERNOTMVIT,PERMVIT,PERSONS,COUNTY,CITY,DAY,MONTH,YEAR,DAY_WEEK,HOUR,MINUTE,NHS,ROAD_FNC,ROUTE,TWAY_ID,TWAY_ID2,MILEPT,LATITUDE,LONGITUD,SP_JUR,HARM_EV,MAN_COLL,RELJCT1,RELJCT2,TYP_INT,WRK_ZONE,REL_ROAD,LGT_COND,WEATHER1,WEATHER2,WEATHER,SCH_BUS,RAIL,NOT_HOUR,NOT_MIN,ARR_HOUR,ARR_MIN,HOSP_HR,HOSP_MN,CF1,CF2,CF3,FATALS,DRUNK_DR
48,481773,1,1,0,2,2,1,1,201,0,18,8,2012,7,2,30,1,13,8,FM1960,,303,29.99840833,-95.17629444,0,8,0,0,1,1,0,1,2,1,0,1,0,0000000,88,88,88,88,88,88,15,0,0,1,0
48,481774,2,2,0,0,0,3,3,231,0,18,8,2012,7,17,24,1,2,3,SR-276,,96,32.90948333,-96.19145833,0,12,6,0,1,1,0,1,1,2,0,2,0,0000000,99,99,17,28,18,23,0,0,0,2,0
48,481775,1,1,0,0,0,2,2,297,0,18,8,2012,7,6,0,1,2,2,US-59,,203,28.21148889,-98.23330278,0,32,0,0,1,1,1,4,2,1,0,1,0,0000000,88,88,88,88,88,88,0,0,0,2,0
48,481776,2,2,0,0,0,3,3,453,330,18,8,2012,7,13,39,1,13,8,FM969,,163,30.271725,-97.632775,0,12,6,0,1,1,1,1,1,2,0,2,0,0000000,13,39,13,47,14,16,0,0,0,1,0
48,481777,2,1,1,1,1,2,2,15,0,19,8,2012,1,0,24,0,4,3,SR-159,,16,29.96198889,-96.23206111,0,8,0,0,1,1,0,2,2,2,0,2,0,0000000,88,88,88,88,88,88,0,0,0,1,1
48,481778,1,1,0,0,0,1,1,201,3280,19,8,2012,1,21,10,0,16,5,ALLISON RD,,0,29.61650278,-95.34106389,0,34,0,0,1,1,0,4,3,1,0,1,0,0000000,88,88,88,88,88,88,0,0,0,1,1
48,481779,1,1,0,0,0,2,2,209,0,19,8,2012,1,3,3,0,4,8,FM2001,,30,30.05023333,-97.8035,0,42,0,0,1,1,0,4,2,2,0,2,0,0000000,88,88,88,88,88,88,0,0,0,1,1
48,481780,2,2,0,1,1,2,2,453,0,19,8,2012,1,22,32,0,14,8,FM3177 DECKER LN,,34,30.30619167,-97.61833056,0,9,0,0,1,1,0,1,2,1,0,1,0,0000000,88,88,88,88,88,88,0,0,0,1,0
48,481781,2,2,0,0,0,3,3,141,2190,20,8,2012,2,10,57,0,16,5,ALABAMA CIR,SUNNYSIDE CT,0,31.83743889,-106.4573917,0,12,6,0,2,3,0,1,1,1,0,1,0,0000000,88,88,88,88,88,88,0,0,0,2,0
48,481782,1,1,0,0,0,4,4,215,4197,20,8,2012,2,10,33,1,12,2,US-83,,251,26.18929167,-98.21272778,0,25,0,1,19,1,0,3,1,1,0,1,0,0000000,10,35,10,41,11,18,0,0,0,1,0
48,481783,4,4,0,1,1,4,4,439,2450,20,8,2012,2,23,15,1,11,1,I-35W SOUTH FWY,,61,32.73806389,-97.32056944,0,8,0,1,18,1,0,1,3,1,0,1,0,0000000,88,88,88,88,88,88,0,0,0,1,0
48,481784,1,1,0,0,0,2,2,177,0,18,8,2012,7,8,18,1,1,1,I-10,,47,29.64979444,-97.48409722,0,58,0,0,1,1,0,3,1,1,0,1,0,0000000,8,52,9,7,9,47,0,0,0,1,0
48,481786,1,1,0,1,1,2,2,201,3280,21,8,2012,3,22,15,0,16,5,ALDINE WESTFIELD RD,,0,29.90507778,-95.35514722,0,8,0,0,1,1,0,1,2,1,0,1,0,0000000,88,88,88,88,88,88,0,0,0,1,0
48,481787,2,2,0,0,0,2,2,453,330,21,8,2012,3,15,26,0,16,5,DESSAU RD,BRAKER LN,0,30.37233889,-97.66575278,0,12,6,0,2,2,0,1,1,10,0,10,0,0000000,15,28,15,31,16,4,0,0,0,1,0
48,481788,1,1,0,0,0,1,1,27,0,22,8,2012,4,19,34,0,6,4,CR-OAKALIA RD,,0,31.00663056,-97.88836389,0,5,0,0,1,1,0,1,1,1,0,1,0,0000000,99,99,99,99,99,99,0,0,0,1,0
48,481789,3,2,1,2,3,2,3,141,2190,22,8,2012,4,23,51,1,11,1,I-10,,81,31.88175833,-106.5814583,0,12,1,1,18,1,1,1,3,10,0,10,0,0000000,23,55,0,3,0,32,1,0,0,1,0
48,481790,2,2,0,0,0,2,2,187,6290,22,8,2012,4,5,51,1,13,2,US-90 W.KINGSBURY ST,,15,29.57344722,-97.99268889,0,12,6,0,8,1,0,1,2,1,0,1,0,0000000,99,99,99,99,99,99,0,0,0,1,0
48,481791,1,1,0,0,0,1,1,201,0,22,8,2012,4,4,40,1,13,8,FM1960 W CYPRESS CREEK PKWY,,143,30.01969167,-95.43387222,0,25,0,0,1,1,0,8,3,1,0,1,0,0000000,4,40,4,44,5,22,0,0,0,1,0
48,481792,1,1,0,0,0,1,1,201,3280,22,8,2012,4,0,15,0,16,5,GESSNER RD,,0,29.84786389,-95.54508333,0,42,0,0,1,1,0,3,3,10,0,10,0,0000000,88,88,88,88,88,88,0,0,0,1,1
48,481793,2,2,0,0,0,2,2,439,2450,22,8,2012,4,23,25,0,16,5,W BERRY ST,CLEBURNE AVE,0,32.70595278,-97.34782222,0,12,6,0,2,2,0,1,3,1,0,1,0,0000000,23,30,23,36,23,57,0,0,0,1,0
48,481794,1,1,0,0,0,2,2,251,3593,23,8,2012,5,6,40,0,4,8,FM3136,,64,32.39130556,-97.28079444,0,32,0,0,1,1,0,4,4,10,0,10,0,0000000,88,88,88,88,88,88,0,0,0,2,1
48,481795,1,1,0,0,0,1,1,337,0,23,8,2012,5,11,49,0,4,8,FM1749,,10,33.460175,-97.75204444,0,1,0,0,1,1,0,4,1,1,0,1,0,0000000,99,99,11,52,12,34,0,0,0,1,0
48,481797,2,2,0,0,0,2,2,1,5170,24,8,2012,6,12,42,0,16,5,OLD ELKHART,,0,31.73538333,-95.61306667,0,33,0,0,8,1,0,4,1,10,0,10,0,0000000,88,88,88,88,88,88,0,0,0,1,0
48,481798,2,2,0,0,0,2,2,29,0,24,8,2012,6,9,33,1,1,7,I-10,NAPA LANDING,25,29.71318889,-98.66053889,0,12,6,0,2,3,0,1,1,1,0,1,0,0000000,88,88,88,88,88,88,0,0,0,1,0
48,481799,1,1,0,0,0,1,1,201,0,24,8,2012,6,2,40,1,13,2,US-90 CROSBY FWY,,180,29.89274167,-95.05853333,0,25,0,0,1,1,0,3,2,1,0,1,0,0000000,99,99,99,99,99,99,0,0,0,1,1
48,481800,2,2,0,0,0,2,2,201,3280,24,8,2012,6,5,40,1,13,8,FM521 ALMEDA RD,,92,29.64174722,-95.40826389,0,33,0,0,1,1,0,4,3,10,0,10,0,0000000,88,88,88,88,88,88,0,0,0,1,1
48,481802,1,1,0,0,0,2,2,29,6090,25,8,2012,7,2,51,1,13,8,FM 2696 BLANCO RD,,150,29.56966111,-98.5185,0,39,0,0,1,1,0,4,3,1,0,1,0,0000000,99,99,99,99,99,99,0,0,0,2,1
48,481803,1,1,0,0,0,4,4,201,480,25,8,2012,7,5,8,0,16,5,MAIN ST,,0,29.79468056,-94.96402222,0,32,0,0,1,1,0,4,3,1,0,1,0,0000000,99,99,99,99,99,99,0,0,0,1,0
48,481804,2,2,0,0,0,3,3,265,0,25,8,2012,7,13,13,0,4,3,SR-16 FREDERICKSBURG HWY,,20,30.10755556,-99.07346944,0,12,6,0,4,1,0,1,1,10,0,10,0,0000000,13,21,13,29,13,59,0,0,0,1,0
48,481805,3,3,0,0,0,4,4,29,6090,26,8,2012,1,22,58,1,11,1,I-410,,465,29.32026389,-98.50433889,0,12,6,0,1,1,0,1,3,1,0,1,0,0000000,22,58,23,7,0,30,0,0,0,1,1
48,481806,1,1,0,0,0,4,4,375,0,26,8,2012,1,18,25,1,1,1,I-40,,58,35.191575,-102.0818861,0,1,0,0,1,1,0,4,1,1,0,1,0,0000000,99,99,99,99,99,99,0,0,0,1,0
48,481807,2,2,0,0,0,2,2,423,7070,26,8,2012,1,4,21,1,13,3,SR-110 TROUP,THISTLE,37,32.29771389,-95.26424444,0,12,1,0,3,2,0,1,3,1,0,1,0,0000000,4,23,4,29,4,56,0,0,0,1,0
48,481808,1,1,0,0,0,1,1,479,0,26,8,2012,1,17,9,1,2,8,FM 1472 OLD EAGLE PASS RD,,146,27.71011944,-99.72851389,0,1,0,0,1,1,0,4,1,1,0,1,0,0000000,99,99,99,99,99,99,0,0,0,1,0
48,481809,2,2,0,0,0,3,3,29,6090,27,8,2012,2,17,45,0,16,5,TIOGA DR,WURZBACH,0,29.53666667,-98.55656111,0,12,6,0,2,2,0,1,1,1,0,1,0,0000000,99,99,99,99,99,99,0,0,0,1,0
48,481810,1,1,0,1,1,1,1,29,6090,27,8,2012,2,18,37,0,16,5,RITTIMAN RD,GOLDFIELD,0,29.48408333,-98.39731111,0,8,0,0,3,3,0,1,1,1,0,1,0,0000000,88,88,88,88,88,88,0,0,0,1,0
48,481811,1,1,0,1,1,1,1,201,0,27,8,2012,2,2,15,0,6,4,CR-BARKER CYPRESS RD,,0,29.86230556,-95.68319444,0,8,0,0,1,1,0,1,2,1,0,1,0,0000000,99,99,99,99,99,99,0,0,0,1,0
48,481812,2,2,0,0,0,4,4,201,3280,27,8,2012,2,13,0,1,11,7,I-45 GULF FWY,,116,29.63724444,-95.23976667,0,12,6,1,5,1,0,1,1,1,0,1,0,0000000,13,0,13,8,13,40,0,0,0,1,0
48,481813,1,1,0,1,1,1,1,201,3280,27,8,2012,2,22,0,1,13,8,FM 1960 CYPRESS CREEK PKY,,65,29.96220278,-95.54578611,0,8,0,1,18,1,0,1,2,1,0,1,0,0000000,88,88,88,88,88,88,0,0,0,1,0
48,481814,1,1,0,0,0,1,1,453,330,27,8,2012,2,10,56,1,11,1,I-35,,102,30.17090278,-97.78386667,0,35,0,1,5,1,0,8,1,1,0,1,0,0000000,10,57,11,1,11,17,0,0,0,1,0
48,481815,1,1,0,0,0,1,1,485,7490,27,8,2012,2,22,56,1,11,7,I-44,,60,33.98229444,-98.53992778,0,1,0,1,19,1,0,10,2,1,0,1,0,0000000,22,59,23,8,23,25,0,0,0,1,0
48,481816,2,2,0,0,0,2,2,347,0,28,8,2012,3,6,17,1,2,2,US-59,FM 2782,301,31.49500833,-94.71412222,0,12,6,0,2,3,0,1,2,1,0,1,0,0000000,88,88,88,88,88,88,0,0,0,1,0
48,481817,1,1,0,0,0,1,1,407,0,28,8,2012,3,16,33,0,4,8,FM 224,,46,30.64260833,-95.142825,0,42,0,0,1,1,0,4,1,1,0,1,0,0000000,99,99,99,99,99,99,0,0,0,1,1
48,481818,1,1,0,1,1,1,1,111,0,30,8,2012,5,6,31,0,4,2,US-385,,59,36.43620556,-102.5403111,0,8,0,0,1,1,0,1,2,1,0,1,0,0000000,88,88,88,88,88,88,0,0,0,1,0
48,481819,1,1,0,0,0,2,2,201,3280,31,8,2012,6,2,35,0,16,5,NAVIGATION BLVD,,0,29.74946389,-95.31971111,0,42,0,0,1,1,0,4,3,1,0,1,0,0000000,2,40,2,54,3,10,0,0,0,1,1
48,481820,2,2,0,0,0,2,2,245,0,31,8,2012,6,2,15,1,11,1,I-10,,39,30.09468056,-94.09289444,0,12,2,0,1,1,0,1,3,10,0,10,0,0000000,2,19,2,28,3,33,0,0,0,1,1
48,481821,2,2,0,0,0,2,2,439,4300,31,8,2012,6,16,24,0,16,5,W BROAD ST,,0,32.5569,-97.16139167,0,12,2,0,1,1,0,1,1,1,0,1,1,0000000,88,88,88,88,88,88,0,0,0,1,0
48,481822,1,1,0,0,0,2,2,213,0,5,8,2012,1,17,10,0,4,8,FM59,,33,32.15219167,-95.87966944,0,1,0,0,1,1,0,4,1,1,0,1,0,0000000,99,99,17,13,17,41,0,0,0,1,0
48,481823,1,1,0,0,0,3,3,73,0,6,8,2012,2,6,40,1,2,2,US-79,,68,31.98619444,-95.08031389,0,1,0,0,1,1,0,4,1,1,0,1,0,0000000,6,47,7,2,7,42,0,0,0,1,0
48,481824,1,1,0,0,0,3,3,203,0,7,8,2012,3,16,53,0,6,4,CR-WILLOW RD,,0,32.5022,-94.59802222,0,35,0,0,1,1,0,4,1,1,0,1,0,0000000,16,47,17,0,17,48,0,0,0,1,0
48,481825,2,2,0,0,0,5,5,183,0,8,8,2012,4,23,17,0,4,8,FM349,FM2963 DODD ST,0,32.39359444,-94.69717222,0,12,6,0,2,2,0,1,2,10,0,10,0,0000000,23,22,23,22,0,13,0,0,0,1,0
48,481826,2,2,0,0,0,5,5,73,0,11,8,2012,7,22,41,1,2,2,US-175,,46,32.01748333,-95.36427778,0,12,2,0,1,1,0,1,2,1,0,1,0,0000000,22,45,23,1,0,15,0,0,0,1,1
48,481827,2,2,0,0,0,2,2,499,0,15,8,2012,4,16,40,0,4,3,SR-154,,52,32.79816111,-95.35664444,0,12,6,0,8,1,0,1,1,1,0,1,0,0000000,16,41,16,47,17,19,0,0,0,1,0
48,481828,1,1,0,0,0,1,1,391,0,17,8,2012,6,5,40,1,2,2,US-77,,18,28.51670556,-97.05110278,0,1,0,0,1,1,0,3,4,5,0,5,0,0000000,88,88,88,88,88,88,0,0,0,1,0
48,481830,1,1,0,0,0,5,5,181,6350,19,8,2012,1,16,10,1,2,2,US-75,,194,33.57050556,-96.60093056,0,24,0,0,1,1,0,4,1,1,0,1,0,0000000,16,16,16,29,17,5,0,0,0,1,0
48,481831,1,1,0,0,0,1,1,183,0,20,8,2012,2,10,30,0,4,8,FM 2087,,47,32.41823056,-94.80318889,0,42,0,0,1,1,0,4,1,1,0,1,0,0000000,88,88,88,88,88,88,0,0,0,1,0
48,481832,1,1,0,0,0,12,12,467,0,20,8,2012,2,14,15,1,1,1,I-20,,239,32.51925,-95.69738333,0,1,0,1,19,1,0,10,1,1,0,1,0,0000000,14,26,14,36,15,23,0,0,0,5,0
48,481833,7,7,0,0,0,10,10,113,1730,21,8,2012,3,4,57,1,11,1,I-35E RL THORNTON FWY,,109,32.71885556,-96.82817222,0,12,6,1,18,1,0,1,3,1,0,1,0,0000000,4,55,4,58,5,28,14,19,0,2,2
48,481834,1,1,0,0,0,3,3,401,0,26,8,2012,1,1,50,0,6,4,CR-3227,,0,31.88898889,-94.79454444,0,42,0,0,1,1,0,4,2,1,0,1,0,0000000,99,99,99,99,99,99,0,0,0,2,1
48,481835,2,2,0,1,1,1,1,297,0,27,8,2012,2,2,24,1,1,1,I-37,,426,28.64994444,-98.24213056,0,12,6,0,1,1,0,1,2,1,0,1,0,0000000,88,88,88,88,88,88,19,0,0,1,0
48,481836,1,1,0,1,1,2,2,309,0,27,8,2012,2,21,49,1,11,1,I-35,,189,31.59121111,-97.1093,0,8,0,0,1,1,0,1,2,1,0,1,0,0000000,21,49,21,56,22,32,0,0,0,1,0
48,481837,1,1,0,1,1,0,0,121,2395,30,8,2012,5,21,21,0,19,8,FM 2499 LONG PRAIRIE RD,FM 1711 CROSS TIMBERS RD,27,33.03647778,-97.0702,0,8,0,0,3,2,0,1,3,1,0,1,0,0000000,88,88,88,88,88,88,0,0,0,1,0
48,481838,1,1,0,0,0,21,21,131,0,31,8,2012,6,3,18,0,4,3,SR-359,,149,27.46019167,-98.508975,0,1,0,0,1,1,0,4,2,1,0,1,0,0000000,99,99,99,99,99,99,0,0,0,2,0
48,481839,1,1,0,0,0,4,4,249,90,23,7,2012,2,3,3,0,16,5,WRIGHT ST,DEWEY AVE,0,27.74178889,-98.07436111,0,38,0,0,3,3,0,4,3,1,0,1,0,0000000,99,99,99,99,99,99,0,0,0,1,0
48,481840,1,1,0,0,0,1,1,215,0,9,8,2012,5,3,40,0,6,4,CR-VICTORIA RD,,0,26.20350833,-98.02495,0,1,0,0,1,1,0,4,2,1,0,1,0,0000000,88,88,88,88,88,88,0,0,0,1,0
48,481841,2,2,0,0,0,2,2,289,0,10,8,2012,6,17,0,0,6,4,CR-327,,0,31.39115,-96.05409167,0,12,2,0,1,1,0,1,1,1,0,1,0,0000000,17,17,17,38,18,49,0,0,0,1,0
48,481842,1,1,0,1,1,1,1,177,0,11,8,2012,7,10,20,0,3,2,US-90A,,208,29.50942222,-97.41028333,0,8,0,0,4,1,0,1,1,1,0,1,0,0000000,10,35,11,5,11,41,0,0,0,1,0
48,481843,1,1,0,0,0,3,3,487,0,13,8,2012,2,4,30,1,2,2,US-287,,107,34.24388056,-99.45951944,0,11,0,0,1,1,0,1,2,1,0,1,0,0000000,4,31,4,34,5,0,0,0,0,1,0
48,481844,1,1,0,0,0,2,2,61,0,14,8,2012,3,10,6,0,4,8,FM 507,,33,26.264775,-97.66173611,0,35,0,0,1,1,0,4,1,1,0,1,0,0000000,10,4,10,9,10,52,0,0,0,2,0
48,481845,1,1,0,0,0,1,1,355,1550,22,8,2012,4,0,42,1,13,8,SP544/AGNES ST,PUEBLO ST,122,27.78569722,-97.43406667,0,30,0,0,3,3,0,4,3,1,0,1,0,0000000,99,99,99,99,99,99,20,0,0,1,0
48,481846,2,2,0,0,0,3,3,177,0,25,8,2012,7,6,15,1,2,2,US-183,,7,29.63143333,-97.57691944,0,12,2,0,1,1,0,1,2,10,0,10,0,0000000,6,25,7,1,7,47,0,0,0,1,1
48,481847,1,1,0,1,1,1,1,201,3280,25,8,2012,7,10,0,0,16,5,SCOTT ST,,0,29.70785833,-95.35718889,0,9,0,0,16,1,0,1,1,1,0,1,0,0000000,10,6,10,41,10,43,0,0,0,1,0
48,481848,1,1,0,1,1,1,1,27,6810,27,8,2012,2,23,36,1,13,7,SR-190/ HK DODGEN LP,FM 1741/ 31 ST,42,31.07263611,-97.36841667,0,8,0,1,3,2,0,1,3,1,0,1,0,0000000,99,99,99,99,99,99,0,0,0,1,0
48,481849,1,1,0,0,0,2,2,13,0,28,8,2012,3,23,10,0,6,4,CR-DITTO RD,,0,29.07605556,-98.60547222,0,30,0,0,1,1,0,4,2,1,0,1,0,0000000,23,31,23,51,0,15,0,0,0,1,0
48,481850,2,2,0,0,0,2,2,113,1730,29,8,2012,4,20,31,0,16,5,ILLINOIS AVE,BEAUCHAMP AVE,0,32.71598056,-96.77045556,0,12,6,0,2,2,0,1,3,1,0,1,0,0000000,99,99,99,99,99,99,0,0,0,1,0
48,481851,3,3,0,0,0,6,6,27,6810,30,8,2012,5,18,52,1,11,7,I-35 GENERAL BRUCE DR,US-190 H K DODGEN LP,220,31.09036667,-97.38648056,0,33,0,1,3,2,0,4,1,1,0,1,0,0000000,88,88,88,88,88,88,14,0,0,1,0
48,481852,1,1,0,0,0,2,2,113,1730,22,7,2012,1,22,10,1,13,3,SR-352 SCYENE RD,,21,32.76556389,-96.71541667,0,42,0,0,1,1,0,4,3,1,0,1,0,0000000,22,12,22,13,22,39,0,0,0,1,1
48,481853,1,1,0,0,0,2,2,113,1730,19,8,2012,1,3,15,1,11,1,I-635 LYNDON B JOHNSON FWY,,68,32.92445833,-96.77289444,0,18,0,0,1,1,1,4,3,10,0,10,0,0000000,3,19,3,26,4,0,0,0,0,1,1
48,481854,2,2,0,0,0,3,3,163,0,22,8,2012,4,18,40,0,4,8,FM117,FM1581,109,28.76146389,-99.25526389,0,12,6,0,2,4,0,1,1,1,0,1,0,0000000,99,99,99,99,99,99,0,0,0,1,0
48,481855,2,2,0,1,1,2,2,29,6090,24,8,2012,6,22,0,1,13,8,FM2252 NACOGDOCHES RD,,149,29.56307778,-98.39140556,0,8,0,0,1,1,0,1,3,1,0,1,0,0000000,99,99,99,99,99,99,0,0,0,1,0
48,481856,2,2,0,0,0,3,3,479,3899,24,8,2012,6,2,52,0,16,5,ELM ST,CANADA AVE,0,27.52589444,-99.46589722,0,12,6,0,2,2,0,1,3,1,0,1,0,0000000,2,52,2,56,3,12,0,0,0,1,0
48,481857,2,2,0,0,0,8,8,113,1730,25,8,2012,7,22,30,0,16,5,W KIEST BLVD,ARPEGE CIR,0,32.70587778,-96.83796389,0,12,6,0,2,2,0,1,3,1,0,1,0,0000000,22,31,22,34,22,47,0,0,0,1,0
48,481858,1,1,0,0,0,1,1,113,1730,25,8,2012,7,23,50,1,13,3,SR-352,,61,32.76225833,-96.65136389,0,33,0,0,1,1,0,3,3,1,0,1,0,0000000,88,88,88,88,88,88,0,0,0,1,1
48,481859,2,2,0,0,0,3,3,239,0,31,8,2012,6,3,40,0,4,3,SR-111,,301,28.95166667,-96.43855833,0,11,0,0,1,1,0,1,2,10,0,10,0,0000000,3,43,4,19,4,49,0,0,0,1,0
48,481860,1,1,0,0,0,3,3,113,1730,5,8,2012,1,0,40,1,13,8,FM1382,EAGLE FORD DR,78,32.64346111,-96.97364722,0,58,0,0,3,3,0,3,2,1,0,1,0,0000000,0,43,0,47,1,28,0,0,0,1,0
48,481861,1,1,0,0,0,1,1,459,2650,13,8,2012,2,22,48,0,3,3,SR-155,,1,32.71170833,-94.94500278,0,21,0,1,19,1,1,3,2,1,0,1,0,0000000,22,51,22,53,23,19,20,0,0,1,0
48,481862,1,1,0,0,0,1,1,257,0,14,8,2012,3,20,15,0,5,8,FM-1392,,15,32.77431944,-96.34265,0,1,0,0,1,1,0,4,2,1,0,1,0,0000000,20,10,20,18,21,13,0,0,0,1,1
48,481863,1,1,0,0,0,1,1,387,0,24,8,2012,6,18,10,0,4,8,FM-1699,,113,33.608475,-94.84938056,0,1,0,0,1,1,0,4,1,1,0,1,0,0000000,88,88,88,88,88,88,0,0,0,1,1
48,481864,1,1,0,0,0,1,1,113,4530,25,8,2012,7,22,34,1,11,1,I-635,,86,32.82082222,-96.62906944,0,52,0,1,5,1,0,8,3,1,0,1,0,0000000,88,88,88,88,88,88,0,0,0,1,1
48,481865,1,1,0,0,0,6,6,349,0,26,8,2012,1,16,56,0,3,3,SR-14,,0,31.85903333,-96.44529444,0,38,0,0,1,1,0,4,3,1,0,1,0,0000000,16,45,17,5,18,29,0,0,0,1,0
48,481866,1,1,0,0,0,1,1,37,0,28,8,2012,3,6,0,0,6,4,CR-TRI-STATE RD,,0,33.43858333,-94.17626667,0,42,0,0,1,1,0,4,2,1,0,1,0,0000000,88,88,88,88,88,88,0,0,0,1,0
48,481867,2,2,0,0,0,4,4,257,0,31,8,2012,6,10,35,1,2,2,US-175,BU-175,144,32.45661944,-96.23409444,0,12,6,0,2,3,0,1,1,1,0,1,0,0000000,10,42,10,50,11,19,0,0,0,1,0
48,481868,1,1,0,0,0,1,1,3,0,8,7,2012,1,23,4,0,6,4,CR-1000,,0,32.32233056,-102.4497028,0,1,0,0,1,1,0,4,2,1,0,1,0,0000000,88,88,88,88,88,88,0,0,0,1,1
48,481869,10,10,0,0,0,14,14,329,0,23,7,2012,2,18,29,1,11,1,I-20,,11,31.88563056,-102.2656389,0,12,1,0,1,1,0,1,1,7,0,7,0,0000000,18,21,18,33,19,1,0,0,0,2,0
48,481870,2,2,0,0,0,2,2,329,0,29,7,2012,1,16,49,0,19,3,SR-349,FM 1369,99999,32.07138611,-102.1771806,0,12,6,0,2,2,0,1,1,1,0,1,0,0000000,16,50,17,4,17,18,0,0,0,1,0
48,481871,1,1,0,0,0,1,1,135,0,11,8,2012,7,2,19,1,1,1,I-20,,41,31.68671944,-102.6861778,0,1,0,0,1,1,1,4,2,1,0,1,0,0000000,88,88,88,88,88,88,0,0,0,1,1
48,481872,1,1,0,0,0,1,1,157,0,12,8,2012,1,3,0,1,12,8,UA90,PITTS RD,206,29.596325,-95.733775,0,38,0,0,3,3,0,4,3,1,0,1,0,0000000,88,88,88,88,88,88,0,0,0,1,1
48,481873,2,2,0,0,0,2,2,41,970,15,8,2012,4,17,0,9,19,2,US-190 EARL RUDDER FWY,,2,30.72176111,-96.41685556,0,12,2,1,18,1,0,1,1,1,0,1,0,0000000,99,99,99,99,99,99,0,0,0,1,0
48,481874,1,1,0,0,0,5,5,389,0,19,8,2012,1,13,10,1,1,1,I-10,,197,31.01118611,-103.7819083,0,1,0,0,1,1,0,4,1,1,0,1,0,0000000,99,99,99,99,15,0,0,0,0,1,0
48,481875,1,1,0,0,0,2,2,475,0,19,8,2012,1,3,0,0,6,8,RM2355,,126,31.50798056,-103.3804778,0,38,0,0,1,1,0,4,2,1,0,1,0,0000000,99,99,99,99,99,99,0,0,0,1,1
48,481876,2,2,0,0,0,5,5,157,0,24,8,2012,6,8,48,1,2,3,SR-36,FM1489 ORCHARD RD,30,29.60392222,-95.97781111,0,12,6,0,2,2,0,1,1,1,0,1,0,0000000,99,99,8,56,9,59,0,0,0,2,0
48,481877,2,2,0,0,0,2,2,57,0,30,8,2012,5,20,59,0,3,2,US-87,,47,28.61505,-96.70373333,0,12,2,0,1,1,0,1,1,1,0,1,0,0000000,21,15,21,19,21,38,0,0,0,1,1
48,481878,1,1,0,0,0,1,1,115,0,31,8,2012,6,7,37,1,2,2,US-87,,316,32.58616389,-101.7767194,0,1,0,0,1,1,0,3,1,1,0,1,0,0000000,99,99,99,99,99,99,0,0,0,1,0
48,481879,1,1,0,1,1,2,2,121,1840,31,8,2012,6,0,22,1,11,1,I-35,,141,33.218975,-97.17038333,0,8,0,0,1,1,0,1,2,1,0,1,0,0000000,88,88,88,88,88,88,0,0,0,1,0
48,481880,2,1,1,0,0,1,1,339,0,31,8,2012,6,4,0,0,5,8,FM1486,,40,30.41998056,-95.78953056,0,32,0,0,1,1,0,4,2,1,0,1,0,0000000,88,88,88,88,88,88,0,0,0,1,1
48,481881,1,1,0,1,1,1,1,467,0,1,8,2012,4,7,3,1,1,1,I-20,,9,32.64776667,-96.06385,0,8,0,1,18,1,0,1,2,1,0,1,0,0000000,88,88,88,88,88,88,0,0,0,1,0
48,481882,1,1,0,0,0,1,1,469,0,1,8,2012,4,0,1,0,4,8,FM 622,,16,28.84773889,-97.16686389,0,34,0,0,1,1,0,4,2,1,0,1,0,0000000,88,88,88,88,88,88,0,0,0,1,1
48,481883,2,2,0,0,0,2,2,29,6090,2,8,2012,5,4,20,0,16,5,NACOGDOCHES RD,OLD MOSS RD,0,29.52043056,-98.44783333,0,12,6,0,2,3,0,1,3,10,0,10,0,0000000,88,88,88,88,88,88,0,0,0,1,1
48,481884,1,1,0,1,1,1,1,61,6110,2,8,2012,5,21,0,1,12,7,US-83,HIDALGO ST,186,26.13013333,-97.64242222,0,8,0,0,2,3,0,1,3,1,0,1,0,0000000,21,4,21,10,21,55,0,0,0,1,0
48,481885,1,1,0,0,0,1,1,83,1430,2,8,2012,5,19,0,0,16,8,FRIO ST,,0,31.83428056,-99.42622222,0,10,0,0,6,1,0,1,1,1,0,1,0,021228H,19,2,19,7,19,40,0,0,0,1,0
48,481886,2,2,0,0,0,3,3,177,0,2,8,2012,5,17,10,0,4,3,SR-80,FM 466,81,29.49861389,-97.70518611,0,12,6,0,2,2,0,1,1,1,0,1,0,0000000,17,28,17,40,18,10,0,0,0,1,0
48,481887,1,1,0,0,0,1,1,367,7280,2,8,2012,5,19,57,1,11,1,I-20,,213,32.74145556,-97.75115556,0,58,0,0,1,1,1,3,1,1,0,1,0,0000000,88,88,88,88,88,88,0,0,0,1,0
48,481888,1,1,0,0,0,1,1,393,0,2,8,2012,5,17,38,0,4,8,RM 282,,191,35.68926667,-100.6851278,0,43,0,0,1,1,0,4,1,1,0,1,0,0000000,88,88,88,88,88,88,0,0,0,1,0
48,481889,1,1,0,0,0,2,2,481,0,2,8,2012,5,11,32,0,4,8,FM 961,,73,29.31774722,-96.24427778,0,1,0,0,1,1,0,4,1,1,0,1,0,0000000,11,34,11,44,12,13,0,0,0,1,0