STATE,ST_CASE,VE_TOTAL,VE_FORMS,PVH_INVL,PEDS,PERNOTMVIT,PERMVIT,PERSONS,COUNTY,CITY,DAY,MONTH,YEAR,DAY_WEEK,HOUR,MINUTE,NHS,ROAD_FNC,ROUTE,TWAY_ID,TWAY_ID2,MILEPT,LATITUDE,LONGITUD,SP_JUR,HARM_EV,MAN_COLL,RELJCT1,RELJCT2,TYP_INT,WRK_ZONE,REL_ROAD,LGT_COND,WEATHER1,WEATHER2,WEATHER,SCH_BUS,RAIL,NOT_HOUR,NOT_MIN,ARR_HOUR,ARR_MIN,HOSP_HR,HOSP_MN,CF1,CF2,CF3,FATALS,DRUNK_DR
48,481890,1,1,0,0,0,1,1,121,1840,3,8,2012,6,0,35,1,13,2,US-380,CARROLL BLVD,147,33.23076667,-97.13681111,0,33,0,0,3,2,0,4,3,1,0,1,0,0000000,0,38,0,56,1,20,0,0,0,1,0
48,481891,1,1,0,1,1,1,1,141,2190,3,8,2012,6,22,3,0,16,5,CAROLINA DR,,0,31.73924722,-106.346875,0,8,0,0,1,1,0,1,3,1,0,1,0,0000000,88,88,88,88,88,88,0,0,0,1,0
48,481892,1,1,0,0,0,1,1,223,0,9,8,2012,5,7,6,1,2,3,SR-19,,100,33.21116111,-95.586625,0,35,0,0,1,1,0,4,1,1,0,1,0,0000000,99,99,99,99,99,99,0,0,0,1,0
48,481893,2,1,1,0,1,1,2,339,0,10,8,2012,6,14,0,1,2,2,US-59,,22,30.24499722,-95.15608056,0,14,0,1,19,1,0,2,1,1,0,1,0,0000000,88,88,88,88,88,88,0,0,0,1,0
48,481894,2,2,0,0,0,3,3,127,0,18,8,2012,7,5,25,0,3,2,US-83,,35,28.59398889,-99.83908889,0,12,2,0,1,1,0,1,2,1,0,1,0,0000000,5,34,5,56,7,0,0,0,0,1,1
48,481895,1,1,0,0,0,1,1,201,3280,18,8,2012,7,1,0,1,11,7,I-610 NORTH LP,,67,29.81431667,-95.36151111,0,33,0,1,19,1,0,4,3,1,0,1,0,0000000,88,88,88,88,88,88,0,0,0,1,1
48,481896,2,2,0,1,1,1,1,317,0,18,8,2012,7,6,35,1,1,1,I-20,,85,32.14073889,-101.7740528,0,12,11,0,1,1,0,1,2,1,0,1,0,0000000,88,88,88,88,88,88,19,0,0,1,0
48,481897,1,1,0,0,0,2,2,401,0,30,8,2012,5,23,34,0,6,4,CR-146 SEXTON RD,,0,32.31052222,-94.90894722,0,24,0,0,1,1,0,4,2,1,0,1,0,0000000,23,36,23,47,0,35,0,0,0,1,1
48,481898,2,2,0,0,0,2,2,271,0,31,8,2012,6,17,21,1,2,2,US-90,,19,29.38314167,-100.67765,0,1,0,0,1,1,0,1,1,1,0,1,0,0000000,99,99,99,99,99,99,0,0,0,1,0
48,481899,2,2,0,0,0,6,6,409,0,31,8,2012,6,21,31,1,1,1,I-37,,161,28.08121944,-97.80076389,0,1,0,0,1,1,0,1,2,1,0,1,0,0000000,21,40,22,0,22,36,0,0,0,3,1
48,481900,1,1,0,1,1,1,1,355,1550,11,2,2012,7,21,39,0,16,5,MCARDLE RD,,0,27.69653056,-97.33892222,0,8,0,0,1,1,0,1,3,1,0,1,0,0000000,21,39,21,44,21,57,0,0,0,1,0
48,481901,2,2,0,0,0,2,2,485,7490,2,6,2012,7,11,17,1,12,2,US-82 E CENTRAL FWY,,128,33.88541111,-98.44439167,0,12,6,0,1,1,0,1,1,1,0,1,0,0000000,11,21,11,27,11,47,0,0,0,1,0
48,481902,2,2,0,0,0,5,5,241,0,15,6,2012,6,20,30,0,4,8,RE255,,16,30.98191111,-94.22815,0,12,6,0,1,1,0,1,2,1,0,1,0,0000000,20,36,21,4,22,59,0,0,0,4,1
48,481903,1,1,0,0,0,1,1,181,6980,26,6,2012,3,12,28,0,3,3,SR-11,,75,33.53522778,-96.50726667,0,53,0,0,1,1,0,4,1,1,0,1,0,0000000,12,57,13,6,13,33,0,0,0,1,0
48,481904,2,2,0,1,1,2,2,141,2190,2,8,2012,5,4,44,1,11,1,I-10,,180,31.76223056,-106.5048167,0,8,0,0,1,1,0,1,3,1,0,1,0,0000000,88,88,88,88,88,88,0,0,0,1,0
48,481905,1,1,0,0,0,1,1,453,0,18,8,2012,7,22,12,0,6,4,CR-S DUNLAP RD,,0,30.23303611,-97.57091389,0,1,0,0,1,1,0,4,2,10,0,10,0,0000000,88,88,88,88,88,88,0,0,0,1,1
48,481906,2,2,0,0,0,2,2,49,950,20,8,2012,2,17,7,1,13,8,FM2524,AVE J,212,31.70550556,-98.97387778,0,12,6,0,2,2,0,1,1,1,0,1,0,0000000,99,99,99,99,99,99,0,0,0,1,0
48,481907,1,1,0,0,0,1,1,99,0,22,8,2012,4,23,41,0,3,3,SR-36,,71,31.55226389,-97.80908889,0,32,0,0,1,1,0,4,2,1,0,1,0,0000000,88,88,88,88,88,88,0,0,0,1,1
48,481908,2,2,0,0,0,4,4,215,4197,24,8,2012,6,0,59,1,13,8,FM2061 N MCCOLL RD,E LA VISTA AVE,83,26.22290556,-98.20916111,0,12,6,0,2,2,0,1,3,1,0,1,0,0000000,1,5,1,7,1,25,0,0,0,1,0
48,481909,1,1,0,0,0,2,2,93,0,25,8,2012,7,15,5,1,2,2,US-67,,76,31.87413889,-98.68880556,0,1,0,0,1,1,0,4,1,1,0,1,0,0000000,15,7,15,29,99,99,0,0,0,1,1
48,481910,1,1,0,0,0,3,3,317,0,25,8,2012,7,20,0,1,1,7,I-20,,12,32.09316389,-101.8772917,0,1,0,0,1,1,0,4,2,10,0,10,0,0000000,99,99,99,99,99,99,0,0,0,1,1
48,481911,2,2,0,0,0,2,2,453,0,25,8,2012,7,3,22,0,14,8,FM973,,107,30.21323056,-97.63951667,0,12,2,0,1,1,0,1,2,10,0,10,0,0000000,3,23,3,29,3,51,0,0,0,1,2
48,481912,1,1,0,0,0,3,3,109,0,27,8,2012,2,14,20,1,1,1,I-10,,110,31.07097778,-104.4397194,0,1,0,0,1,1,0,3,1,1,0,1,0,0000000,99,99,99,99,99,99,0,0,0,2,0
48,481913,2,2,0,0,0,2,2,227,0,31,8,2012,6,6,10,1,13,2,US-87 LAMESA HWY,,204,32.27452222,-101.4941139,0,12,6,0,8,1,0,1,4,1,0,1,0,0000000,88,88,88,88,88,88,0,0,0,1,0
48,481914,6,6,0,0,0,9,9,361,7200,31,8,2012,6,10,55,1,11,1,I-10,,87,30.12980278,-93.94799444,0,12,1,0,1,1,0,1,1,1,0,1,0,0000000,88,88,88,88,88,88,0,0,0,1,0
48,481915,1,1,0,0,0,1,1,491,0,31,8,2012,6,7,23,0,6,4,CR-432,,0,30.57946667,-97.31623611,0,1,0,0,1,1,0,4,2,1,0,1,0,0000000,88,88,88,88,88,88,0,0,0,1,1
48,481916,2,2,0,0,0,2,2,141,2190,6,8,2012,2,7,39,1,13,2,US-54 RAMP,US- 62 E PAISANO DR,16,31.76814167,-106.4475667,0,12,6,1,2,2,0,1,1,1,0,1,0,0000000,88,88,88,88,88,88,0,0,0,1,0
48,481917,1,1,0,0,0,2,2,113,3880,22,4,2012,1,21,20,0,16,5,NOKOMIS RD,,0,32.55615556,-96.73649444,0,17,0,0,1,1,0,4,2,1,0,1,0,0000000,21,26,21,35,22,8,0,0,0,1,1
48,481918,2,2,0,0,0,1,1,309,545,5,6,2012,3,18,6,1,11,7,I-35,,188,31.59878333,-97.10841667,0,12,1,0,1,1,0,1,1,1,0,1,0,0000000,18,9,18,10,18,42,0,0,0,1,0
48,481919,1,1,0,0,0,2,2,439,2450,7,6,2012,5,9,43,1,12,3,SR-183 RAMP AIRPORT FWY,,115,32.83629722,-97.06195,0,25,0,1,5,1,0,4,1,2,0,2,0,0000000,9,48,9,56,10,43,0,0,0,1,0
48,481920,1,1,0,0,0,4,4,261,0,16,6,2012,7,20,0,1,2,2,US-77,,212,26.96804444,-97.79461111,0,1,0,0,1,1,0,3,1,1,0,1,0,0000000,99,99,99,99,99,99,0,0,0,1,0
48,481921,1,1,0,0,0,4,4,475,0,1,7,2012,1,16,0,1,1,1,I-20,,242,31.527075,-103.1399,0,1,0,0,1,1,0,3,1,1,0,1,0,0000000,15,56,16,8,16,44,0,0,0,1,0
48,481922,1,1,0,0,0,4,4,109,0,15,7,2012,1,15,11,0,3,2,US-90,,142,30.84208611,-104.7673611,0,1,0,0,1,1,0,1,1,1,0,1,0,0000000,99,99,99,99,99,99,0,0,0,1,0
48,481923,1,1,0,0,0,2,2,389,0,27,7,2012,6,22,50,0,5,8,FM 2903,,210,31.02514722,-103.7408167,0,1,0,0,1,1,0,1,2,1,0,1,0,0000000,88,88,88,88,88,88,0,0,0,1,0
48,481924,1,1,0,0,0,2,2,85,0,2,8,2012,5,21,39,0,6,4,CR-695,,0,33.08863889,-96.30465833,0,1,0,0,1,1,0,1,2,1,0,1,0,0000000,21,56,22,16,22,58,0,0,0,1,0
48,481925,4,1,3,6,7,2,3,439,3840,4,8,2012,7,13,40,0,16,8,UNNAMED PARKING LOT WAY,,92,32.81249167,-97.429275,0,8,0,0,1,1,0,1,1,1,0,1,0,0000000,13,42,13,45,14,18,0,0,0,1,0
48,481926,1,1,0,1,1,1,1,389,0,5,8,2012,1,0,16,0,3,3,SR-17,,246,31.21021944,-103.5726778,0,8,0,0,1,1,0,1,2,1,0,1,0,0000000,0,20,0,37,1,7,0,0,0,1,0
48,481927,1,1,0,0,0,1,1,497,0,9,8,2012,5,7,55,0,6,4,CR-4599 GARVIN RD,,0,33.07528333,-97.63757222,0,38,0,0,1,1,0,4,1,1,0,1,0,0000000,88,88,88,88,88,88,0,0,0,1,0
48,481928,1,1,0,1,1,1,1,215,0,11,8,2012,7,21,10,0,6,4,CR-EUBANKS RD,,0,26.34611667,-98.20655833,0,8,0,0,1,1,0,1,2,1,0,1,0,0000000,99,99,99,99,99,99,0,0,0,1,0
48,481929,2,2,0,0,0,3,3,245,490,11,8,2012,7,19,10,0,14,8,FM 364,,164,30.0444,-94.18933889,0,12,6,0,1,1,0,1,1,2,0,2,0,0000000,19,11,19,17,19,44,0,0,0,1,0
48,481930,2,2,0,0,0,2,2,475,0,23,8,2012,5,13,27,1,1,1,I-20,,40,31.60321389,-102.8493444,0,12,1,0,1,1,0,1,1,1,0,1,0,0000000,13,31,13,36,13,57,0,0,0,1,0
48,481931,2,2,0,0,0,6,6,39,0,25,8,2012,7,22,45,0,12,3,SR-288,,41,29.540025,-95.38691389,0,12,1,0,1,1,0,1,2,1,0,1,0,0000000,22,48,23,0,23,45,23,0,0,1,1
48,481932,1,1,0,0,0,1,1,113,1730,25,8,2012,7,3,5,0,16,5,FORT WORTH AVE,,0,32.77183889,-96.83373611,0,30,0,0,1,1,0,3,3,1,0,1,0,0000000,99,99,99,99,99,99,0,0,0,1,1
48,481933,1,1,0,0,0,2,2,291,0,25,8,2012,7,21,57,0,6,4,CR-2068,,0,30.23724444,-94.72321389,0,32,0,0,1,1,0,4,2,1,0,1,0,0000000,99,99,99,99,99,99,0,0,0,1,1
48,481934,1,1,0,0,0,1,1,425,0,25,8,2012,7,11,6,0,5,8,FM51,,10,32.23494167,-97.90472778,0,32,0,0,1,1,0,4,1,1,0,1,0,0000000,11,16,11,29,12,5,0,0,0,1,0
48,481935,2,2,0,0,0,3,3,439,2850,27,8,2012,2,19,45,1,12,3,SR-114,,102,32.92978611,-97.09366667,0,12,1,0,1,1,1,1,1,1,0,1,0,0000000,20,8,20,14,20,42,0,0,0,1,1
48,481936,1,1,0,0,0,1,1,313,0,31,8,2012,6,11,15,0,4,8,FM39,,48,30.95926389,-96.10963333,0,42,0,0,1,1,0,4,1,1,0,1,0,0000000,88,88,88,88,88,88,0,0,0,1,0
48,481937,1,1,0,0,0,1,1,39,0,9,6,2012,7,0,44,0,6,4,CR-504A,,0,29.11812778,-95.33907222,0,1,0,0,1,1,0,4,2,10,0,10,0,0000000,0,45,1,0,1,30,0,0,0,1,1
48,481938,2,2,0,1,1,2,2,245,490,23,6,2012,7,5,30,1,12,7,US-69 EASTEX FWY,,2,30.13585556,-94.17083889,0,12,1,0,1,1,0,1,3,1,0,1,0,0000000,5,32,5,39,6,1,23,0,0,2,0
48,481939,7,7,0,0,0,9,9,245,490,30,7,2012,2,15,54,1,11,1,I-10,,34,30.095425,-94.10250556,0,12,7,0,1,1,0,1,1,1,0,1,0,0000000,15,55,16,8,16,20,14,0,0,1,1
48,481940,1,1,0,0,0,1,1,5,4160,1,9,2012,7,17,5,0,14,3,SR-94 W FRANK AVE,,99,31.33530278,-94.74883611,0,33,0,0,1,1,0,4,1,1,0,1,0,0000000,17,8,17,18,18,13,0,0,0,1,0
48,481941,3,3,0,0,0,8,8,21,0,1,9,2012,7,17,20,1,2,2,US-290,,179,30.22347778,-97.16736667,0,12,6,0,1,1,0,1,1,10,0,10,0,0000000,99,99,99,99,99,99,0,0,0,1,0
48,481942,2,2,0,0,0,2,2,55,0,1,9,2012,7,7,9,0,4,8,FM-1854,,65,29.99091944,-97.59678056,0,24,0,0,1,1,0,4,1,1,0,1,0,0000000,99,99,99,99,99,99,0,0,0,1,1
48,481943,1,1,0,0,0,2,2,201,0,1,9,2012,7,22,5,1,13,8,FM-1960,,266,29.999275,-95.23696944,0,38,0,0,1,1,0,4,3,1,0,1,0,0000000,99,99,99,99,99,99,0,0,0,1,0
48,481944,2,2,0,0,0,3,3,259,0,1,9,2012,7,23,48,0,4,3,SR-46,,4,29.7465,-98.82469444,0,12,2,0,1,1,0,1,2,1,0,1,0,0000000,0,6,0,20,0,41,0,0,0,1,1
48,481945,1,1,0,1,1,2,2,355,1550,1,9,2012,7,10,56,1,12,3,SR-358 S PADRE ISLAND DR,STAPLES ST,99,27.70793611,-97.36988889,0,8,0,1,2,2,0,1,1,10,0,10,0,0000000,10,58,11,1,11,18,0,0,0,1,0
48,481946,1,1,0,0,0,1,1,487,0,1,9,2012,7,22,52,1,2,2,US-287,,195,34.18548889,-99.33134444,0,32,0,0,1,1,0,4,2,1,0,1,0,0000000,88,88,88,88,88,88,0,0,0,1,0
48,481947,1,1,0,0,0,1,1,491,0,1,9,2012,7,22,5,0,3,3,SR-195,,261,30.77340278,-97.7538,0,38,0,0,1,1,0,4,2,1,0,1,0,0000000,88,88,88,88,88,88,20,0,0,1,1
48,481948,1,1,0,1,1,2,2,51,0,2,9,2012,1,10,55,0,6,4,CR-LAKEVIEW DR,,0,30.50971944,-96.779175,0,8,0,0,1,1,0,1,1,1,0,1,0,0000000,11,1,11,32,12,17,0,0,0,1,0
48,481949,1,1,0,0,0,1,1,73,0,2,9,2012,1,8,45,0,4,8,FM-2138,,37,31.88865,-95.27497778,0,35,0,0,1,1,0,4,1,1,0,1,0,0000000,88,88,88,88,88,88,0,0,0,1,0
48,481950,3,3,0,0,0,9,9,91,4870,2,9,2012,1,18,17,0,14,8,BS 46C SEQUIN AVE,,203,29.70440278,-98.12673333,0,12,2,0,1,1,0,1,1,1,0,1,0,0000000,18,35,18,47,19,18,0,0,0,1,1
48,481951,3,2,1,2,3,1,2,113,1730,2,9,2012,1,20,40,1,12,2,US-75 RAMP,,129,32.81960556,-96.78743056,0,8,0,0,5,1,0,1,3,1,0,1,0,0000000,20,42,20,48,21,1,14,23,0,1,0
48,481952,1,1,0,1,1,1,1,113,3420,2,9,2012,1,0,4,0,16,5,VALLEY VIEW LN,,0,32.85171944,-97.02151111,0,8,0,0,1,1,0,1,2,1,0,1,0,0000000,88,88,88,88,88,88,0,0,0,1,0
48,481953,1,1,0,0,0,1,1,141,2190,2,9,2012,1,1,11,0,16,5,PADRES DR,,0,31.69270278,-106.3370056,0,38,0,0,1,1,0,4,3,1,0,1,0,0000000,1,18,1,32,1,58,0,0,0,1,1
48,481954,2,2,0,0,0,2,2,201,0,2,9,2012,1,1,0,1,13,8,FM 529 FREEMAN,,98,29.87979444,-95.69271389,0,12,7,0,1,1,0,1,2,1,0,1,0,0000000,1,17,1,19,1,49,0,0,0,1,1
48,481955,1,1,0,1,1,1,1,201,0,2,9,2012,1,2,53,1,12,3,SR-249 TOMBALL PKWY,,204,29.899225,-95.46514444,0,8,0,0,1,1,0,1,2,1,0,1,0,0000000,88,88,88,88,88,88,0,0,0,1,0
48,481956,1,1,0,0,0,2,2,439,260,2,9,2012,1,0,44,1,12,7,SR-360/WATSON RD,,123,32.74666389,-97.06211667,0,21,0,1,19,1,0,8,2,1,0,1,0,0000000,99,99,99,99,99,99,0,0,0,2,1
48,481957,1,1,0,0,0,1,1,441,0,2,9,2012,1,15,45,0,4,8,FM 126,,79,32.43984444,-100.0397111,0,1,0,0,1,1,0,4,1,1,0,1,0,0000000,88,88,88,88,88,88,0,0,0,1,1
48,481958,1,1,0,1,1,1,1,453,330,2,9,2012,1,1,27,1,11,7,I-35,,114,30.184175,-97.77432778,0,8,0,0,1,1,0,1,2,1,0,1,0,0000000,88,88,88,88,88,88,0,0,0,1,0
48,481959,1,1,0,0,0,1,1,9,0,3,9,2012,2,8,44,0,3,2,US-281,,101,33.6994,-98.47395278,0,38,0,0,1,1,0,4,1,1,0,1,0,0000000,99,99,99,99,99,99,0,0,0,1,0
48,481960,1,1,0,1,1,1,1,209,6170,3,9,2012,2,2,58,9,19,8,FM 3704/WONDER WORLD DR,,16,29.86255,-97.95971111,0,8,0,0,1,1,0,1,2,1,0,1,0,0000000,88,88,88,88,88,88,0,0,0,1,1
48,481961,2,2,0,0,0,2,2,73,0,4,9,2012,3,8,30,0,3,3,SR-204,,129,31.940425,-95.19427778,0,12,6,0,1,1,0,4,1,1,0,1,0,0000000,8,36,8,38,8,59,0,0,0,1,0
48,481962,1,1,0,0,0,1,1,187,0,4,9,2012,3,8,52,0,3,8,UA90,,255,29.5563,-97.78775833,0,1,0,0,1,1,0,4,1,1,0,1,0,0000000,88,88,88,88,88,88,0,0,0,1,0
48,481963,1,1,0,0,0,1,1,213,0,4,9,2012,3,9,5,0,4,8,FM317,,17,32.22775,-95.61956389,0,1,0,0,1,1,0,1,1,1,0,1,0,0000000,9,7,9,10,9,56,0,0,0,1,0
48,481965,1,1,0,0,0,3,3,323,0,4,9,2012,3,17,0,0,4,8,FM481,,71,28.98954444,-100.1993194,0,24,0,0,1,1,0,4,1,1,0,1,0,0000000,99,99,99,99,99,99,0,0,0,1,0
48,481966,1,1,0,0,0,4,4,367,0,4,9,2012,3,11,30,0,4,3,SR-171,,73,32.68067778,-97.75155278,0,1,0,0,1,1,0,4,1,1,0,1,0,0000000,99,99,99,99,99,99,0,0,0,1,0
48,481967,2,2,0,0,0,3,3,391,0,4,9,2012,3,13,58,1,2,2,US-77,,168,28.35225833,-97.22745833,0,12,1,0,1,1,0,1,1,1,0,1,0,0000000,88,88,88,88,88,88,0,0,0,1,0
48,481968,1,1,0,1,1,2,2,5,3305,5,9,2012,4,20,20,0,3,3,SR-94 W TED TROUT DR,,77,31.32465556,-94.79691944,0,8,0,0,1,1,0,1,2,1,0,1,0,0000000,88,88,88,88,88,88,0,0,0,1,0
48,481969,2,2,0,0,0,2,2,29,6090,5,9,2012,4,5,50,0,16,5,E SONTERRA,,0,29.61479167,-98.48412778,0,12,7,0,1,1,0,1,3,1,0,1,0,0000000,88,88,88,88,88,88,0,0,0,1,0
48,481970,1,1,0,0,0,2,2,39,0,5,9,2012,4,17,25,0,6,4,CR-244,,0,29.05204167,-95.63870833,0,32,0,0,1,1,0,4,1,1,0,1,0,0000000,99,99,99,99,99,99,0,0,0,1,0
48,481971,2,2,0,0,0,2,2,181,550,5,9,2012,4,12,57,1,2,3,SR-56 E BELLS BLVD,,331,33.60599167,-96.39404722,0,12,6,0,8,1,0,1,1,1,0,1,0,0000000,88,88,88,88,88,88,0,0,0,1,0
48,481972,1,1,0,0,0,1,1,201,3280,5,9,2012,4,1,20,0,16,5,BARKER CYPRESS RD,,0,29.80101944,-95.68823056,0,42,0,0,1,1,0,4,2,1,0,1,0,0000000,88,88,88,88,88,88,0,0,0,1,1
48,481973,2,2,0,0,0,2,2,493,0,5,9,2012,4,5,50,1,2,2,US-87,,80,29.33410833,-98.09893056,0,12,2,0,1,1,0,1,2,1,0,1,0,0000000,6,29,6,43,7,20,0,0,0,1,0
48,481974,1,1,0,0,0,1,1,21,0,6,9,2012,5,23,37,1,2,3,SR-71,,192,30.08123611,-97.24202222,0,57,0,0,1,1,0,3,2,1,0,1,0,0000000,99,99,99,99,99,99,0,0,0,1,1
48,481975,2,2,0,0,0,2,2,121,6881,6,9,2012,5,1,46,1,12,7,SR-121,,33,33.07058333,-96.87737222,0,12,1,0,1,1,0,1,2,10,0,10,0,0000000,1,49,1,51,2,20,0,0,0,1,1
48,481976,1,1,0,0,0,1,1,249,0,6,9,2012,5,12,12,1,2,3,SR-44,,190,27.7777,-97.94246667,0,43,0,0,1,1,0,4,1,1,0,1,0,0000000,88,88,88,88,88,88,0,0,0,1,0
48,481977,2,2,0,0,0,2,2,355,1550,6,9,2012,5,2,2,1,13,3,SR-357,,121,27.68739167,-97.38747222,0,12,2,0,1,1,0,1,3,1,0,1,0,0000000,2,2,2,10,2,28,0,0,0,2,2
48,481978,1,1,0,0,0,1,1,359,0,6,9,2012,5,9,0,1,1,1,I-40,,19,35.26638889,-102.7367222,0,57,0,0,1,1,0,3,1,1,0,1,0,0000000,88,88,88,88,88,88,0,0,0,1,0
48,481979,2,2,0,0,0,5,5,29,6090,7,9,2012,6,22,53,0,16,5,W MALONE AVE,CHARLOTTE ST,0,29.38769167,-98.52955,0,12,6,0,2,2,0,1,3,1,0,1,0,0000000,22,53,23,2,23,25,0,0,0,2,0
48,481980,1,1,0,0,0,1,1,121,3960,7,9,2012,6,18,20,0,16,5,HOLFORDS PRAIRIE RD,,0,33.04133611,-96.93635833,0,31,0,0,1,1,0,4,1,1,0,1,0,0000000,88,88,88,88,88,88,0,0,0,1,0
48,481981,1,1,0,0,0,1,1,215,5330,7,9,2012,6,16,44,1,13,8,FM 3461,,14,26.23406389,-98.18445278,0,43,0,0,1,1,0,4,1,1,0,1,0,0000000,88,88,88,88,88,88,0,0,0,1,0
48,481982,1,1,0,0,0,1,1,339,0,7,9,2012,6,0,45,0,6,4,CR-RILEY FUZZEL RD,,0,30.10068889,-95.39875556,0,32,0,0,1,1,0,4,2,1,0,1,0,0000000,88,88,88,88,88,88,0,0,0,1,1
48,481983,1,1,0,0,0,1,1,51,0,8,9,2012,7,16,40,0,4,8,FM-60,,185,30.38709722,-96.56864167,0,59,0,0,1,1,0,4,1,1,0,1,0,0000000,88,88,88,88,88,88,0,0,0,1,0
48,481984,2,2,0,0,0,3,3,51,0,8,9,2012,7,19,21,0,4,8,FM-60,PR-57,115,30.35946667,-96.667875,0,1,0,0,1,1,0,1,1,1,0,1,0,0000000,19,24,20,0,20,44,0,0,0,1,0
48,481985,2,2,0,0,0,9,9,161,0,8,9,2012,7,11,21,0,6,4,CR-971,CR-930,0,31.68647222,-96.41625,0,12,6,0,2,2,0,1,1,1,0,1,0,0000000,11,14,11,22,12,1,0,0,0,1,0
48,481986,1,1,0,1,1,1,1,201,3280,8,9,2012,7,4,35,0,16,5,HARTSOOK ST,,0,29.63471111,-95.22894167,0,8,0,0,1,1,0,1,2,10,0,10,0,0000000,88,88,88,88,88,88,0,0,0,1,0
48,481987,2,2,0,0,0,2,2,339,1510,8,9,2012,7,6,35,0,14,8,FM 3083,,46,30.35006389,-95.44654167,0,12,2,0,1,1,0,1,2,1,0,1,0,0000000,99,99,99,99,99,99,0,0,0,1,1
48,481988,1,1,0,0,0,1,1,355,1550,8,9,2012,7,2,6,1,12,2,US-181,,32,27.82212778,-97.39006667,0,59,0,0,1,1,0,4,3,1,0,1,0,0000000,99,99,99,99,99,99,0,0,0,1,1
48,481989,1,1,0,0,0,1,1,361,4415,8,9,2012,7,23,48,0,16,5,ROYAL OAKS CIR,,0,30.21605278,-93.85758333,0,53,0,0,1,1,0,4,2,1,0,1,0,0000000,99,99,99,99,99,99,0,0,0,1,0
48,481990,2,2,0,0,0,4,4,61,3030,9,9,2012,1,18,26,1,12,7,US-77,,106,26.21315278,-97.72071111,0,12,1,0,1,1,0,1,1,1,0,1,0,0000000,18,33,18,40,18,57,0,0,0,1,1
48,481991,2,2,0,0,0,2,2,113,1730,9,9,2012,1,15,38,1,11,1,I-20 LYNDON B JOHNSON FWY,,162,32.64624167,-96.78448333,0,12,1,1,18,1,0,1,1,1,0,1,0,0000000,15,38,15,46,88,88,0,0,0,1,0
48,481992,2,2,0,0,0,6,6,201,6247,9,9,2012,1,17,38,1,12,3,SR-146 BAYPORT BLVD,,77,29.56272778,-95.0256,0,12,1,0,1,1,0,1,1,1,0,1,0,0000000,17,29,17,45,18,13,0,0,0,1,0
48,481993,1,1,0,0,0,1,1,421,0,9,9,2012,1,20,46,0,4,8,FM 119,FM 1573,234,36.13990556,-101.8288556,0,38,0,0,3,3,0,4,5,1,0,1,0,0000000,99,99,99,99,88,88,0,0,0,1,1
48,481994,1,1,0,0,0,2,2,439,260,9,9,2012,1,2,39,0,16,5,EDEN RD,,0,32.63338333,-97.18116111,0,1,0,0,1,1,0,4,2,1,0,1,0,0000000,2,40,2,47,3,21,0,0,0,1,1
48,481995,2,2,0,0,0,7,7,453,9997,9,9,2012,1,12,13,0,16,5,ANDERSON MILL RD,,0,30.50123611,-97.85863333,0,12,2,0,1,1,0,1,1,1,0,1,0,0000000,88,88,88,88,88,88,0,0,0,1,0
48,481996,1,1,0,0,0,1,1,483,0,9,9,2012,1,4,44,0,4,8,FM 277 S. WHEELER AVE,,223,35.60493611,-100.10115,0,1,0,0,1,1,0,4,2,1,0,1,0,0000000,99,99,99,99,88,88,0,0,0,1,0
48,481997,1,1,0,1,1,1,1,113,1730,10,9,2012,2,20,45,1,13,2,US-175 S M WRIGHT FWY,,25,32.75918889,-96.76933333,0,8,0,1,18,1,0,1,3,1,0,1,0,0000000,20,55,21,0,21,14,0,0,0,1,0
48,481998,2,1,1,0,1,1,2,161,0,10,9,2012,2,13,30,1,1,1,I-45,,251,31.80299722,-96.260275,0,45,0,0,1,1,2,1,1,1,0,1,0,0000000,99,99,99,99,99,99,3,0,0,1,0
48,481999,1,1,0,1,1,1,1,201,3280,10,9,2012,2,1,0,0,16,5,SCOTT ST,,0,29.68236389,-95.36622778,0,59,0,0,1,1,0,3,3,1,0,1,0,0000000,88,88,88,88,88,88,0,0,0,1,1
48,482000,3,3,0,0,0,3,3,245,490,10,9,2012,2,8,4,1,12,2,US-69 EASTEX FWY,,52,30.17106389,-94.18472778,0,12,1,1,18,1,0,1,1,1,0,1,0,0000000,8,4,8,13,8,29,19,0,0,1,0
48,482001,1,1,0,1,1,1,1,19,0,11,9,2012,3,7,20,0,4,8,FM470,,268,29.71835556,-99.13681389,0,9,0,0,1,1,0,1,4,1,0,1,0,0000000,88,88,88,88,88,88,0,0,0,1,0
48,482002,1,1,0,0,0,1,1,29,6090,11,9,2012,3,18,55,0,16,5,VANCE JACKSON,,0,29.5561,-98.57398889,0,1,0,0,1,1,0,1,1,1,0,1,0,0000000,18,57,19,3,19,29,0,0,0,1,0
48,482003,2,2,0,0,0,3,3,41,0,11,9,2012,3,20,42,0,4,8,FM1179,,48,30.7018,-96.28341389,0,12,8,0,1,1,0,1,2,1,0,1,0,0000000,99,99,99,99,99,99,0,0,0,1,1
48,482004,1,1,0,1,1,1,1,61,940,11,9,2012,3,21,24,0,16,5,OLD PORT ISABEL RD,,0,25.93326667,-97.47436667,0,8,0,0,1,1,0,1,2,1,0,1,0,0000000,21,24,21,31,21,42,0,0,0,1,0
48,482005,1,1,0,0,0,1,1,201,3280,11,9,2012,3,23,40,0,16,5,BELLAIRE BLVD,,0,29.70340833,-95.59433611,0,30,0,0,1,1,0,4,3,1,0,1,0,0000000,88,88,88,88,88,88,0,0,0,1,1