STATE,ST_CASE,VE_TOTAL,VE_FORMS,PVH_INVL,PEDS,PERNOTMVIT,PERMVIT,PERSONS,COUNTY,CITY,DAY,MONTH,YEAR,DAY_WEEK,HOUR,MINUTE,NHS,ROAD_FNC,ROUTE,TWAY_ID,TWAY_ID2,MILEPT,LATITUDE,LONGITUD,SP_JUR,HARM_EV,MAN_COLL,RELJCT1,RELJCT2,TYP_INT,WRK_ZONE,REL_ROAD,LGT_COND,WEATHER1,WEATHER2,WEATHER,SCH_BUS,RAIL,NOT_HOUR,NOT_MIN,ARR_HOUR,ARR_MIN,HOSP_HR,HOSP_MN,CF1,CF2,CF3,FATALS,DRUNK_DR
48,482006,1,1,0,0,0,1,1,273,0,11,9,2012,3,20,53,0,6,4,CR-1030 FRANKLIN ADAMS ST,,0,27.47512222,-97.87306667,0,32,0,0,1,1,0,4,2,1,0,1,0,0000000,88,88,88,88,88,88,0,0,0,1,1
48,482007,1,1,0,0,0,1,1,347,0,11,9,2012,3,10,55,1,2,2,US-59,,303,31.49328056,-94.71462222,0,1,0,0,1,1,0,4,1,1,0,1,0,0000000,11,5,11,15,11,42,0,0,0,1,0
48,482009,2,2,0,0,0,3,3,455,0,11,9,2012,3,7,40,0,3,3,SR-94,CR-SAMMY DAVIS RD,274,31.02305,-95.29638611,0,12,6,0,2,3,0,1,1,10,0,10,0,0000000,7,52,8,21,9,21,0,0,0,1,0
48,482010,2,2,0,0,0,3,3,25,0,12,9,2012,4,9,10,1,2,2,US-181,SR-359,86,28.24654444,-97.68306389,0,12,6,1,2,3,0,1,1,1,0,1,0,0000000,88,88,88,88,88,88,0,0,0,2,0
48,482011,2,2,0,0,0,2,2,69,0,12,9,2012,4,12,2,0,6,4,CR-614,,0,34.55891389,-102.4309222,0,12,2,0,1,1,0,1,1,1,0,1,0,0000000,99,99,99,99,99,99,0,0,0,1,0
48,482012,2,2,0,0,0,3,3,201,3280,12,9,2012,4,1,32,1,11,1,I-610,,24,29.81256111,-95.43098056,0,12,1,0,1,1,0,1,2,1,0,1,0,0000000,1,33,1,42,2,26,23,0,0,1,1
48,482013,2,2,0,0,0,2,2,409,0,12,9,2012,4,17,35,0,14,3,SR-35,CR-114,37,27.92273333,-97.16026111,0,12,6,0,2,2,0,1,1,1,0,1,0,0000000,17,43,17,55,18,37,0,0,0,1,0
48,482014,2,2,0,0,0,2,2,29,6090,13,9,2012,5,17,44,1,11,7,I-10,RIM DR,24,29.61578056,-98.60555833,0,12,6,0,8,1,0,1,1,10,0,10,0,0000000,17,39,18,2,18,36,0,0,0,1,0
48,482015,2,2,0,0,0,3,3,29,6090,13,9,2012,5,20,23,1,11,1,I-10,,149,29.54372778,-98.57725,0,12,1,0,1,1,0,1,2,10,0,10,0,0000000,88,88,88,88,88,88,0,0,0,1,1
48,482016,2,2,0,0,0,3,3,297,0,13,9,2012,5,12,48,1,1,1,I-37,,428,28.65201389,-98.24401667,0,12,6,0,1,1,0,1,1,10,0,10,0,0000000,13,12,13,42,14,17,0,0,0,1,0
48,482017,3,3,0,0,0,3,3,39,130,14,9,2012,6,7,2,1,13,3,SR-35,STEELE RD,322,29.43490833,-95.22838333,0,12,6,0,2,2,0,1,1,1,0,1,0,0000000,99,99,99,99,99,99,0,0,0,1,0
48,482018,1,1,0,0,0,1,1,201,480,14,9,2012,6,22,0,1,12,8,BS 146E,,58,29.71345833,-94.98281667,0,38,0,0,1,1,0,4,9,99,0,99,0,0000000,88,88,88,88,88,88,0,0,0,1,0
48,482019,2,2,0,0,0,2,2,209,6170,14,9,2012,6,1,0,1,13,3,SR-123,CLOVIS BARKER RD,126,29.83295278,-97.94191111,0,12,1,0,2,3,0,1,3,10,0,10,0,0000000,1,4,1,9,1,38,0,0,0,1,1
48,482020,2,2,0,0,0,2,2,309,7210,14,9,2012,6,9,55,0,16,5,26TH ST,SANGER AVE,0,31.54414444,-97.15646389,0,12,6,0,2,2,0,1,1,2,0,2,0,0000000,10,6,10,11,10,32,0,0,0,1,0
48,482021,1,1,0,0,0,1,1,57,0,15,9,2012,7,13,38,1,2,3,SR-35,,139,28.49918611,-96.83906389,0,42,0,0,1,1,0,4,1,10,0,10,0,0000000,88,88,88,88,88,88,0,0,0,1,0
48,482022,2,2,0,1,1,2,2,113,1730,15,9,2012,7,19,57,1,13,8,SL-12/NORTHWEST HWY,,200,32.85835556,-96.8755,0,8,0,0,1,1,0,1,3,10,0,10,0,0000000,19,59,20,2,20,19,0,0,0,1,0
48,482023,1,1,0,0,0,6,6,369,0,15,9,2012,7,4,20,1,2,2,US-70,,97,34.3228,-102.8983722,0,1,0,0,1,1,0,1,2,1,0,1,0,0000000,4,22,4,43,5,20,0,0,0,1,0
48,482024,1,1,0,0,0,1,1,381,150,15,9,2012,7,22,19,0,16,5,GEORGIA ST,,0,35.16118333,-101.8664722,0,30,0,0,1,1,0,10,3,1,0,1,0,0000000,88,88,88,88,88,88,0,0,0,1,0
48,482025,1,1,0,0,0,1,1,457,0,15,9,2012,7,2,30,0,6,4,CR-3725,,0,30.96351667,-94.25581667,0,42,0,0,1,1,0,4,2,5,0,5,0,0000000,88,88,88,88,88,88,0,0,0,1,1
48,482026,3,3,0,0,0,3,3,479,3899,15,9,2012,7,2,22,1,13,8,SL 20/BOB BULLOCK LOOP,,201,27.51190278,-99.44876389,0,12,8,0,1,1,1,1,3,1,0,1,0,0000000,2,22,2,28,2,44,0,0,0,1,1
48,482027,1,1,0,1,1,1,1,29,6090,16,9,2012,1,2,20,0,16,5,TIMBERHILL DR,,0,29.47396944,-98.62608056,0,53,0,0,1,1,0,4,3,10,0,10,0,0000000,88,88,88,88,88,88,0,0,0,2,1
48,482028,2,2,0,0,0,4,4,53,1040,16,9,2012,1,11,2,1,2,2,US-280/WATER ST,,210,30.73876111,-98.23556944,0,12,6,0,1,1,0,1,1,2,0,2,0,0000000,11,4,11,7,11,26,0,0,0,2,0
48,482029,2,2,0,0,0,2,2,141,2190,16,9,2012,1,6,20,1,11,7,I-10/DESERT BLVD,VINTON AVE,57,31.91772778,-106.5832278,0,12,6,0,2,3,0,1,4,1,0,1,0,0000000,99,99,99,99,99,99,0,0,0,1,1
48,482030,1,1,0,0,0,5,5,167,2570,16,9,2012,1,0,8,0,16,5,SEAWALL BLVD,,0,29.31373056,-94.76515,0,41,0,0,1,1,0,4,3,1,0,1,0,0000000,0,9,0,14,0,48,0,0,0,1,0
48,482031,2,2,0,0,0,6,6,271,0,16,9,2012,1,21,0,1,2,2,US-277,,103,29.12776111,-100.6572583,0,12,2,0,1,1,0,1,1,1,0,1,0,0000000,22,0,23,21,0,50,0,0,0,2,0
48,482032,2,2,0,0,0,4,4,375,150,16,9,2012,1,18,53,0,14,8,SL279,S FAIRMONT ST,185,35.21120556,-101.8781694,0,1,0,0,3,2,0,1,1,1,0,1,0,0000000,99,99,99,99,99,99,14,0,0,1,1
48,482033,1,1,0,0,0,3,3,283,0,17,9,2012,2,23,22,1,1,1,I-35,,123,28.30836667,-99.27109167,0,1,0,0,1,1,0,3,2,1,0,1,0,0000000,23,24,23,39,0,36,0,0,0,2,1
48,482034,1,1,0,0,0,1,1,439,2450,17,9,2012,2,7,10,0,16,5,38TH ST,,0,32.81399444,-97.34874722,0,10,0,0,6,1,0,1,1,10,0,10,0,020528T,88,88,88,88,88,88,0,0,0,1,0
48,482035,2,2,0,0,0,2,2,71,0,18,9,2012,3,3,10,1,1,1,I-10,,167,29.82697222,-94.43566944,0,12,1,0,1,1,0,1,2,1,0,1,0,0000000,99,99,99,99,99,99,0,0,0,1,1
48,482036,1,1,0,0,0,1,1,71,9997,18,9,2012,3,13,2,0,16,5,W BAY SHORE DR,,0,29.68935556,-94.68443333,0,34,0,0,1,1,0,4,1,1,0,1,0,0000000,88,88,88,88,88,88,0,0,0,1,0
48,482037,1,1,0,1,1,1,1,201,0,18,9,2012,3,19,55,0,6,4,CR-FAIRBANKS NORTH HOUSTON RD,CR-TAUB RD,0,29.91273611,-95.52492778,0,9,0,0,2,3,0,1,2,1,0,1,0,0000000,19,57,20,4,20,29,0,0,0,1,0
48,482038,2,2,0,0,0,2,2,213,6314,18,9,2012,3,3,5,0,3,8,FM85,,59,32.32279444,-96.27131944,0,12,6,0,1,1,0,1,3,1,0,1,0,0000000,99,99,3,11,4,23,0,0,0,1,1
48,482039,1,1,0,1,1,1,1,309,3769,18,9,2012,3,2,10,1,11,1,I-35,,226,31.650275,-97.10029167,0,8,0,1,18,1,1,2,2,1,0,1,0,0000000,88,88,88,88,88,88,0,0,0,1,0
48,482040,1,1,0,0,0,3,3,357,0,18,9,2012,3,20,30,0,3,2,US-83,,15,36.47810278,-100.8023556,0,1,0,0,1,1,0,4,2,1,0,1,0,0000000,99,99,20,31,20,55,0,0,0,1,1
48,482041,1,1,0,1,1,1,1,423,0,18,9,2012,3,6,15,0,3,3,SR-110,,164,32.40447222,-95.39092778,0,8,0,0,1,1,0,1,2,1,0,1,0,0000000,6,10,6,26,7,0,0,0,0,1,0
48,482042,2,2,0,0,0,7,7,29,0,19,9,2012,4,17,0,1,1,7,I-35 RAMP,,46,29.25898333,-98.71761111,0,12,6,1,5,1,0,1,1,1,0,1,0,0000000,16,47,16,56,17,17,20,0,0,1,0
48,482044,1,1,0,1,1,1,1,201,0,19,9,2012,4,23,20,1,11,1,I-45 NORTH HWY,,412,30.00079167,-95.42585556,0,8,0,1,18,1,0,1,3,10,0,10,0,0000000,23,27,23,35,0,12,0,0,0,1,0
48,482045,1,1,0,0,0,1,1,203,4360,19,9,2012,4,10,36,1,13,2,US-80,,181,32.54652778,-94.40321111,0,42,0,0,1,1,0,5,1,1,0,1,0,0000000,10,39,10,44,10,59,0,0,0,1,0
48,482046,1,1,0,0,0,2,2,29,0,20,9,2012,5,1,14,0,16,5,SHAENFIELD RD,,0,29.52263333,-98.71074444,0,33,0,0,1,1,0,3,2,1,0,1,0,0000000,99,99,99,99,99,99,0,0,0,1,1
48,482047,2,2,0,0,0,2,2,201,480,20,9,2012,5,15,6,1,12,3,SR-99,BS 146E,18,29.72192222,-94.96060556,0,12,6,0,3,3,0,1,1,1,0,1,0,0000000,15,16,15,32,15,45,0,0,0,1,0
48,482048,1,1,0,0,0,1,1,453,0,20,9,2012,5,19,50,0,15,8,RM 2769,,48,30.44459167,-97.86255833,0,42,0,0,1,1,0,4,2,1,0,1,0,0000000,99,99,99,99,99,99,0,0,0,1,1
48,482049,3,3,0,0,0,7,7,29,6090,21,9,2012,6,19,38,1,11,1,I-410,,17,29.33118611,-98.62086111,0,12,2,1,18,1,0,1,1,1,0,1,0,0000000,20,10,20,21,20,41,20,0,0,1,0
48,482050,2,2,0,0,0,3,3,113,2590,21,9,2012,6,20,23,0,16,5,CENTERVILLE RD,,0,32.87026111,-96.63181944,0,12,6,0,1,1,0,1,3,1,0,1,0,0000000,99,99,99,99,99,99,0,0,0,1,1
48,482051,2,2,0,0,0,4,4,187,6290,21,9,2012,6,19,46,1,11,7,I-10,GUADALUPE ST,147,29.59834722,-97.96999722,0,12,6,1,2,2,0,1,2,1,0,1,0,0000000,19,47,19,55,20,21,0,0,0,1,0
48,482052,3,3,0,0,0,3,3,201,0,21,9,2012,6,8,15,0,6,4,CR-C E KING PKWY,STONEFIELD MANOR DR,0,29.85964167,-95.21141667,0,12,6,0,2,3,0,1,1,1,0,1,0,0000000,8,24,8,41,9,0,0,0,0,1,0
48,482053,1,1,0,0,0,1,1,201,3280,21,9,2012,6,2,15,0,16,5,MONROE RD,,0,29.63076667,-95.26529722,0,33,0,0,1,1,0,4,3,1,0,1,0,0000000,88,88,88,88,88,88,0,0,0,1,0
48,482054,1,1,0,0,0,2,2,201,3280,21,9,2012,6,2,23,0,16,5,CLEAR LAKE CITY BLVD,,0,29.58809722,-95.14504722,0,42,0,0,1,1,0,3,3,1,0,1,0,0000000,2,23,2,28,99,99,0,0,0,1,0
48,482055,2,2,0,0,0,4,4,29,0,22,9,2012,7,6,9,0,4,8,SL 1604,,100,29.34238889,-98.25098056,0,12,6,0,1,1,0,1,1,10,0,10,0,0000000,88,88,88,88,88,88,0,0,0,2,1
48,482056,1,1,0,0,0,1,1,113,1730,22,9,2012,7,23,18,1,11,1,I-35,,214,32.81496389,-96.86695833,0,1,0,0,1,1,0,3,3,1,0,1,0,0000000,23,17,23,22,23,46,0,0,0,1,1
48,482057,1,1,0,0,0,1,1,201,3580,22,9,2012,7,2,40,0,16,5,KATYLAND DR,,0,29.79728889,-95.81076944,0,32,0,0,1,1,0,4,2,1,0,1,0,0000000,88,88,88,88,88,88,0,0,0,1,0
48,482058,2,2,0,0,0,2,2,355,1550,22,9,2012,7,2,50,1,11,1,I-37,,108,27.84410278,-97.56491111,0,12,1,0,1,1,0,1,2,1,0,1,0,0000000,88,88,88,88,88,88,0,0,0,1,0
48,482059,1,1,0,1,1,1,1,439,260,22,9,2012,7,4,9,1,11,1,I-30,,255,32.759875,-97.12799444,0,8,0,0,1,1,0,1,3,1,0,1,0,0000000,88,88,88,88,88,88,0,0,0,1,0
48,482061,1,1,0,0,0,1,1,113,1730,23,9,2012,1,23,10,1,11,1,I-20,,60,32.66994167,-96.95255556,0,1,0,0,1,1,0,3,3,1,0,1,0,0000000,88,88,88,88,88,88,0,0,0,1,1
48,482062,1,1,0,0,0,3,3,201,3280,23,9,2012,1,2,45,0,16,5,43RD,,0,29.8332,-95.483575,0,21,0,1,19,1,0,4,3,1,0,1,0,0000000,88,88,88,88,88,88,0,0,0,1,0
48,482063,2,2,0,0,0,7,7,201,3280,23,9,2012,1,20,19,0,16,5,LYONS AVE,ZOE ST,0,29.77648056,-95.303225,0,12,6,0,2,2,0,1,3,1,0,1,0,0000000,20,20,20,23,20,49,0,0,0,1,1
48,482064,1,1,0,0,0,2,2,201,3280,23,9,2012,1,21,10,0,16,5,MARKET ST,,0,29.76953889,-95.265025,0,33,0,1,19,1,0,3,3,1,0,1,0,0000000,21,8,21,13,21,44,0,0,0,1,1
48,482065,2,2,0,0,0,4,4,209,0,23,9,2012,1,9,49,0,4,8,FM 2001,,42,30.04198611,-97.78973611,0,12,9,0,1,1,0,1,1,1,0,1,0,0000000,88,88,88,88,88,88,0,0,0,2,0
48,482066,1,1,0,1,1,1,1,453,330,23,9,2012,1,4,35,0,16,5,CONGRESS AVE,,0,30.26013889,-97.74570556,0,9,0,0,1,1,0,1,3,1,0,1,0,0000000,88,88,88,88,88,88,0,0,0,1,1
48,482067,1,1,0,0,0,1,1,441,30,24,9,2012,2,0,35,0,14,8,FM 3438,,4,32.46438611,-99.80774444,0,1,0,0,1,1,0,4,2,1,0,1,0,0000000,88,88,88,88,88,88,0,0,0,1,1
48,482068,2,2,0,0,0,2,2,85,5390,25,9,2012,3,18,27,0,16,5,K,,0,33.00781667,-96.69946111,0,12,1,0,1,1,0,1,1,1,0,1,0,0000000,18,27,18,34,18,48,0,0,0,1,0
48,482069,3,3,0,0,0,4,4,113,2590,25,9,2012,3,23,9,1,11,1,I-635,,121,32.86054722,-96.65569167,0,12,1,0,1,1,0,1,2,1,0,1,0,0000000,99,99,99,99,99,99,14,0,0,1,1
48,482070,2,2,0,0,0,2,2,235,0,25,9,2012,3,13,33,0,3,2,US-67,,81,31.18527778,-100.9053583,0,12,1,0,1,1,0,1,1,1,0,1,0,0000000,13,33,14,35,15,32,0,0,0,1,0
48,482071,1,1,0,0,0,1,1,451,0,25,9,2012,3,9,45,1,2,2,US-67,,82,31.52970833,-100.3417083,0,1,0,0,1,1,0,4,1,1,0,1,0,0000000,99,99,99,99,99,99,0,0,0,1,0
48,482072,2,2,0,0,0,4,4,19,0,26,9,2012,4,18,55,0,4,3,SR-46,,85,29.73568056,-98.84396111,0,12,2,0,1,1,0,1,1,10,0,10,0,0000000,18,55,19,3,19,46,0,0,0,1,0
48,482073,1,1,0,1,1,1,1,29,6090,26,9,2012,4,15,17,0,16,5,WEST AVE,W SILVER SANDS,0,29.55018611,-98.50486667,0,9,0,0,3,2,0,1,1,1,0,1,0,0000000,88,88,88,88,88,88,0,0,0,1,0
48,482074,1,1,0,0,0,1,1,201,3280,26,9,2012,4,16,30,0,16,5,FEATHERWOOD DR,,0,29.61898333,-95.21415833,0,30,0,0,1,1,0,4,1,10,0,10,0,0000000,99,99,99,99,99,99,0,0,0,1,0
48,482075,3,3,0,0,0,6,6,355,1550,27,9,2012,5,17,52,0,16,5,SANTA FE ST,MORGAN AVE,0,27.778975,-97.39768889,0,12,6,0,2,2,0,1,1,1,0,1,0,0000000,17,56,18,4,18,21,0,0,0,1,0
48,482076,1,1,0,0,0,1,1,29,6090,28,9,2012,6,8,30,1,11,1,I-410,,325,29.51044444,-98.53887222,0,1,0,0,1,1,0,10,1,10,0,10,0,0000000,99,99,99,99,99,99,0,0,0,1,0
48,482077,1,1,0,0,0,2,2,157,5970,29,9,2012,7,1,0,1,13,8,UA90 AVE H,,761,29.55862222,-95.792475,0,31,0,0,1,1,0,4,3,10,0,10,0,0000000,1,5,1,11,1,28,0,0,0,1,0
48,482078,1,1,0,0,0,1,1,265,0,29,9,2012,7,14,50,0,4,3,SR-39,,160,30.06933611,-99.29413056,0,42,0,0,1,1,0,4,1,2,0,2,0,0000000,99,99,99,99,99,99,0,0,0,1,0
48,482079,3,1,2,0,0,1,1,113,1730,30,9,2012,1,14,25,0,16,5,LAKELAND DR,,0,32.80856389,-96.69744722,0,5,0,0,1,1,0,1,1,1,0,1,0,0000000,14,26,14,27,14,48,0,0,0,1,1
48,482080,2,2,0,0,0,6,6,113,1730,30,9,2012,1,23,56,1,13,3,SR-180 W DAVIS ST,N GILPIN AVE,92,32.749575,-96.88080278,0,12,1,0,3,2,0,1,3,1,0,1,0,0000000,23,59,0,2,0,18,0,0,0,2,1
48,482081,1,1,0,1,1,1,1,201,3280,30,9,2012,1,1,15,0,16,5,SELINSKY RD,,0,29.63759444,-95.33096667,0,8,0,0,1,1,0,1,3,1,0,1,0,0000000,1,37,1,43,1,55,0,0,0,1,0
48,482082,2,2,0,0,0,4,4,201,3280,30,9,2012,1,2,28,0,16,5,RICHMOND AVE,,0,29.72911944,-95.52393889,0,12,6,0,1,1,0,1,3,10,0,10,0,0000000,88,88,88,88,88,88,0,0,0,1,1
48,482083,1,1,0,0,0,1,1,201,3280,30,9,2012,1,19,48,1,12,7,US-59,,156,29.65290556,-95.56723333,0,30,0,0,1,1,0,4,3,10,0,10,0,0000000,88,88,88,88,88,88,0,0,0,1,0
48,482084,1,1,0,1,1,1,1,245,490,12,2,2012,1,5,38,1,13,5,FANNIN ST,SS 380 MLK PKWY,0,30.077175,-94.10451111,0,8,0,0,1,1,0,1,2,1,0,1,0,0000000,88,88,88,88,88,88,0,0,0,1,0
48,482085,1,1,0,1,1,1,1,201,3280,16,2,2012,5,0,27,1,13,8,FM-1093 WESTHEIMER RD,,40,29.73588056,-95.62835278,0,8,0,0,1,1,0,1,2,5,0,5,0,0000000,88,88,88,88,88,88,0,0,0,1,0
48,482086,1,1,0,1,1,1,1,201,3280,17,4,2012,3,17,30,0,16,5,MAIN ST,,0,29.73426944,-95.38280833,0,8,0,0,8,1,0,1,1,1,0,1,0,0000000,88,88,88,88,88,88,0,0,0,1,0
48,482087,2,2,0,0,0,2,2,147,0,1,9,2012,7,17,33,1,2,2,US-82,CR-2900,37,33.60629167,-96.11172778,0,12,1,0,1,1,0,1,1,1,0,1,0,0000000,88,88,88,88,88,88,0,0,0,1,0
48,482088,4,4,0,0,0,6,6,67,0,5,9,2012,4,14,23,0,3,3,SR-8,,0,33.25707222,-94.3539,0,12,1,0,1,1,0,1,1,1,0,1,0,0000000,14,24,14,46,16,11,0,0,0,1,0
48,482089,1,1,0,0,0,1,1,113,1190,15,9,2012,7,6,21,0,16,5,PGB TURNPIKE TOLLWAY,,0,32.97761944,-96.93357222,0,25,0,0,1,1,0,3,3,10,0,10,0,0000000,88,88,88,88,88,88,0,0,0,1,1
48,482090,2,2,0,0,0,4,4,231,0,15,9,2012,7,19,15,1,2,3,SR-276,,38,32.91693611,-96.24220833,0,12,6,0,8,1,0,11,1,1,0,1,0,0000000,99,99,99,99,99,99,0,0,0,1,0
48,482091,3,3,0,0,0,4,4,257,0,16,9,2012,1,18,10,1,1,1,I-20,,83,32.69043333,-96.23363611,0,12,6,0,1,1,0,1,1,2,0,2,0,0000000,88,88,88,88,88,88,0,0,0,2,0
48,482092,2,2,0,0,0,3,3,201,0,19,9,2012,4,7,0,0,6,4,CR-LAUDER RD,CR-HOMESTEAD RD,0,29.9107,-95.30183333,0,12,6,0,2,2,0,1,1,10,0,10,0,0000000,99,99,99,99,88,88,0,0,0,1,0
48,482093,2,2,0,0,0,3,3,257,0,19,9,2012,4,13,30,0,4,8,FM 148,,159,32.54913889,-96.41956111,0,12,1,0,1,1,1,1,1,1,0,1,0,0000000,88,88,88,88,88,88,3,0,0,1,0
48,482094,1,1,0,1,1,1,1,439,2450,24,9,2012,2,12,34,0,16,5,BEACH ST,,0,32.84930278,-97.29022222,0,31,0,0,1,1,0,4,1,1,0,1,0,0000000,88,88,88,88,88,88,0,0,0,1,0
48,482095,5,1,4,0,0,1,1,201,3280,30,9,2012,1,7,20,0,16,5,BELLAIRE BLVD,,0,29.70474444,-95.54966667,0,42,0,0,1,1,0,5,4,10,0,10,0,0000000,6,51,6,53,7,45,14,0,0,1,0
48,482096,1,1,0,0,0,2,2,245,490,13,4,2012,6,0,5,0,16,5,FOURTH ST,,0,30.08168056,-94.11556389,0,30,0,0,1,1,0,4,3,1,0,1,0,0000000,99,99,99,99,99,99,0,0,0,1,0
48,482097,1,1,0,1,1,1,1,493,2390,28,7,2012,7,5,15,0,16,5,2ND ST,,0,29.13676667,-98.16309722,0,8,0,0,1,1,0,1,2,1,0,1,0,0000000,88,88,88,88,88,88,0,0,0,1,0
48,482098,1,1,0,1,1,1,1,317,0,10,8,2012,6,7,15,1,1,7,I-20,,108,32.14925,-101.7366944,0,8,0,0,1,1,0,1,2,1,0,1,0,0000000,88,88,88,88,88,88,0,0,0,1,0
48,482099,1,1,0,0,0,2,2,283,0,18,8,2012,7,9,20,0,4,8,FM 624,,377,28.25518889,-99.04557222,0,51,0,0,1,1,0,4,1,1,0,1,0,0000000,9,46,10,20,11,6,0,0,0,1,0
48,482100,1,1,0,1,1,1,1,141,2190,30,8,2012,5,22,0,0,16,5,SANTE FE ST,MAIN LN,0,31.75862778,-106.4909472,0,8,0,0,3,3,0,1,3,1,0,1,0,0000000,99,99,99,99,99,99,0,0,0,1,0
48,482101,1,1,0,1,1,4,4,141,2190,13,9,2012,5,20,0,1,13,2,US-62,,58,31.755325,-106.4869972,0,8,0,0,1,1,0,1,2,1,0,1,0,0000000,99,99,99,99,99,99,0,0,0,1,0
48,482102,1,1,0,0,0,2,2,355,0,2,9,2012,1,1,44,0,4,8,FM 70,,271,27.57583889,-97.660675,0,42,0,0,1,1,0,4,2,1,0,1,0,0000000,2,1,2,27,2,57,0,0,0,1,1
48,482103,1,1,0,1,1,1,1,143,1990,11,9,2012,3,18,7,0,4,2,US-67,TROWBRIDGE ST,14,32.08028333,-98.34405556,0,49,0,0,2,3,0,1,1,1,0,1,0,0000000,88,88,88,88,88,88,0,0,0,1,0
48,482104,1,1,0,0,0,1,1,339,0,13,9,2012,5,16,8,0,6,4,CR-ANDERSON RD,,0,30.15689444,-95.63541944,0,16,0,0,1,1,0,1,1,2,0,2,0,0000000,16,6,16,15,16,54,0,0,0,1,0
48,482105,1,1,0,0,0,3,3,201,0,16,9,2012,1,2,52,0,6,4,CR-HOUSTON ROSSYLN RD,,0,29.91617222,-95.49576389,0,40,0,0,1,1,0,3,2,1,0,1,0,0000000,2,55,3,3,3,34,0,0,0,1,1
48,482106,1,1,0,1,1,1,1,363,0,17,9,2012,2,17,34,0,3,2,US-180,,313,32.79790278,-98.18614167,0,9,0,0,1,1,0,1,1,1,0,1,0,0000000,88,88,88,88,88,88,0,0,0,1,0
48,482107,1,1,0,0,0,1,1,497,0,17,9,2012,2,5,55,1,2,2,US-81,,63,33.37013056,-97.70632222,0,52,0,0,1,1,0,4,2,5,0,5,0,0000000,88,88,88,88,88,88,0,0,0,1,0
48,482108,2,2,0,0,0,2,2,257,3590,18,9,2012,3,9,22,0,14,8,FM-1388,,110,32.56159444,-96.31720278,0,12,2,0,1,1,0,1,1,10,0,10,0,0000000,99,99,99,99,99,99,0,0,0,1,0
48,482109,1,1,0,1,1,1,1,381,0,20,9,2012,5,15,15,0,4,3,SR-217,,51,34.98505833,-101.8314861,0,9,0,0,1,1,0,1,1,1,0,1,0,0000000,99,99,99,99,99,99,0,0,0,1,0
48,482110,1,1,0,0,0,2,2,401,0,20,9,2012,5,4,19,0,3,3,SR-149,,46,32.32794444,-94.53954167,0,1,0,0,1,1,0,4,2,1,0,1,0,0000000,4,20,4,30,5,25,0,0,0,1,1
48,482111,4,4,0,0,0,14,14,141,2190,21,9,2012,6,22,55,1,13,3,SR-20 ALAMEDA AVE,,337,31.67636667,-106.3092917,0,12,2,0,1,1,0,1,2,1,0,1,0,0000000,22,55,23,7,23,32,0,0,0,1,0
48,482112,2,2,0,0,0,2,2,157,0,21,9,2012,6,23,10,0,4,8,FM1489 SIMONTON RD,CR-JOHNSON RD,46,29.62689444,-95.97515556,0,12,8,0,2,2,0,1,2,1,0,1,0,0000000,88,88,88,88,88,88,0,0,0,1,1
48,482113,3,3,0,0,0,3,3,291,0,21,9,2012,6,14,33,0,3,8,FM1960,,111,30.04626667,-94.94074722,0,12,1,0,1,1,0,1,1,1,0,1,0,0000000,14,44,15,0,15,35,0,0,0,1,0
48,482114,2,2,0,0,0,2,2,341,0,24,9,2012,2,9,3,1,2,2,US-287,,83,35.93860556,-101.9849444,0,12,1,0,6,1,0,1,1,10,0,10,0,017060K,9,9,9,37,10,16,0,0,0,1,0
48,482115,2,2,0,0,0,3,3,367,0,24,9,2012,2,6,50,1,2,3,SR-199,,52,32.98233056,-97.76748889,0,12,2,0,1,1,0,1,2,1,0,1,0,0000000,99,99,99,99,99,99,0,0,0,2,0
48,482116,1,1,0,0,0,1,1,201,0,25,9,2012,3,21,55,1,13,8,BU90U,,302,29.84280556,-95.18566389,0,21,0,1,18,1,0,4,2,1,0,1,0,0000000,22,4,22,15,22,34,0,0,0,1,0
48,482117,1,1,0,0,0,1,1,1,0,26,9,2012,4,23,3,0,3,2,US-84,,50,31.74683889,-95.56420556,0,32,0,0,1,1,0,4,2,1,0,1,0,0000000,88,88,88,88,88,88,0,0,0,1,0
48,482118,1,1,0,1,1,3,3,201,6568,26,9,2012,4,21,0,0,16,5,CRAVEN RD,,0,29.63589722,-95.54070833,0,8,0,0,1,1,0,1,2,1,0,1,0,0000000,88,88,88,88,88,88,0,0,0,1,0
48,482119,1,1,0,0,0,3,3,241,0,26,9,2012,4,12,10,0,6,4,CR-PONDRILL LN,,0,30.49824444,-93.95448333,0,5,0,0,8,1,0,1,1,1,0,1,0,0000000,12,11,12,36,12,52,0,0,0,1,0
48,482120,1,1,0,0,0,1,1,339,0,26,9,2012,4,15,0,0,6,4,CR-CUDE CEMETERY RD,,0,30.42562222,-95.54243333,0,34,0,0,1,1,0,4,1,1,0,1,0,0000000,15,8,15,24,15,59,0,0,0,1,1
48,482121,2,2,0,0,0,2,2,113,1730,27,9,2012,5,16,25,1,11,1,I-20 RAMP,,122,32.64581389,-96.85366111,0,12,1,1,5,1,0,1,1,1,0,1,0,0000000,16,28,16,35,16,52,0,0,0,1,1
48,482122,1,1,0,0,0,2,2,179,0,27,9,2012,5,5,45,0,3,2,US-60,,67,35.48809167,-101.0595917,0,33,0,0,1,1,0,4,2,2,0,2,0,0000000,88,88,88,88,88,88,0,0,0,2,0