STATE,ST_CASE,VE_TOTAL,VE_FORMS,PVH_INVL,PEDS,PERNOTMVIT,PERMVIT,PERSONS,COUNTY,CITY,DAY,MONTH,YEAR,DAY_WEEK,HOUR,MINUTE,NHS,ROAD_FNC,ROUTE,TWAY_ID,TWAY_ID2,MILEPT,LATITUDE,LONGITUD,SP_JUR,HARM_EV,MAN_COLL,RELJCT1,RELJCT2,TYP_INT,WRK_ZONE,REL_ROAD,LGT_COND,WEATHER1,WEATHER2,WEATHER,SCH_BUS,RAIL,NOT_HOUR,NOT_MIN,ARR_HOUR,ARR_MIN,HOSP_HR,HOSP_MN,CF1,CF2,CF3,FATALS,DRUNK_DR
48,482123,1,1,0,0,0,2,2,407,0,27,9,2012,5,16,31,0,6,4,CR-JAYHAWKER RD,,0,30.3706,-95.18086944,0,1,0,0,1,1,0,4,1,1,0,1,0,0000000,99,99,99,99,99,99,0,0,0,1,0
48,482124,1,1,0,0,0,3,3,5,0,29,9,2012,7,17,10,0,6,4,CR-RIVERCREST RD,,0,31.42568056,-94.667675,0,42,0,0,1,1,0,4,1,2,0,2,0,0000000,99,99,99,99,88,88,0,0,0,1,1
48,482125,2,2,0,0,0,2,2,141,2190,29,9,2012,7,14,5,1,11,7,I-10 GATEWAY WEST RD,,252,31.78186389,-106.4113944,0,12,6,0,8,1,0,1,1,10,0,10,0,0000000,88,88,88,88,88,88,0,0,0,1,0
48,482126,1,1,0,0,0,1,1,199,0,29,9,2012,7,0,35,0,6,4,CR-DUBURY RD,,0,30.43637222,-94.19587222,0,42,0,0,1,1,0,4,2,10,0,10,0,0000000,99,99,99,99,99,99,0,0,0,1,0
48,482127,1,1,0,1,1,1,1,201,480,29,9,2012,7,18,0,0,16,5,CEDAR BAYOU,,0,29.74916944,-94.953775,0,8,0,0,1,1,0,1,1,2,0,2,0,0000000,99,99,99,99,99,99,0,0,0,1,0
48,482128,1,1,0,2,2,3,3,375,150,30,9,2012,1,20,14,0,16,5,MIRROR ST,WICHITA AVE,0,35.21892778,-101.8181694,0,8,0,0,2,2,0,1,3,10,0,10,0,0000000,88,88,88,88,88,88,0,0,0,2,0
48,482129,2,2,0,0,0,2,2,167,2570,8,9,2012,7,2,30,1,11,1,I-45,,10,29.33576667,-94.93979444,0,12,1,0,1,1,0,1,2,10,0,10,0,0000000,88,88,88,88,88,88,0,0,0,1,0
48,482130,1,1,0,0,0,2,2,201,3280,1,1,2012,1,4,0,0,16,5,STELLA LINK RD,,0,29.669025,-95.43985,0,42,0,0,1,1,0,3,3,10,0,10,0,0000000,4,8,4,10,4,41,0,0,0,1,1
48,482131,2,2,0,0,0,3,3,277,5220,27,5,2012,1,22,20,0,14,8,BU82H CLARKSVILLE ST,8TH ST SE,88,33.66048056,-95.54825278,0,12,6,0,2,2,0,1,3,1,0,1,0,0000000,99,99,99,99,99,99,0,0,0,1,2
48,482132,1,1,0,0,0,4,4,201,3280,8,6,2012,6,11,50,0,16,5,E EDGEBROOK DR,,0,29.65089444,-95.21419444,0,33,0,0,1,1,0,4,1,10,0,10,0,0000000,11,50,12,5,12,30,0,0,0,1,0
48,482134,2,1,1,0,0,1,1,201,3280,19,8,2012,1,21,25,0,16,5,MADDOX ST,,0,29.85000833,-95.27920278,0,14,0,0,1,1,0,4,3,10,0,10,0,0000000,21,40,21,49,22,15,0,0,0,1,0
48,482135,1,1,0,1,1,1,1,309,545,19,8,2012,1,0,38,1,13,8,SL340,,79,31.6007,-97.09206667,0,8,0,0,1,1,0,1,2,2,0,2,0,0000000,88,88,88,88,88,88,0,0,0,1,0
48,482136,1,1,0,0,0,2,2,67,0,31,8,2012,6,23,20,0,4,3,SR-77,,24,33.20484444,-94.62743611,0,32,0,0,1,1,0,4,2,1,0,1,0,0000000,23,31,23,49,1,7,0,0,0,1,0
48,482137,1,1,0,0,0,1,1,479,0,31,8,2012,6,4,5,0,4,3,SR-44,,306,27.963925,-98.9653,0,24,0,0,1,1,0,4,4,1,0,1,0,0000000,88,88,88,88,88,88,0,0,0,1,0
48,482138,3,3,0,0,0,3,3,85,5530,6,9,2012,5,7,58,1,2,2,US-380 W PRINCETON DR,FOREST GROVE,159,33.18446667,-96.53601944,0,12,2,0,2,3,0,1,1,1,0,1,0,0000000,88,88,88,88,88,88,0,0,0,1,0
48,482139,1,1,0,0,0,1,1,221,0,6,9,2012,5,9,0,1,2,2,US-377,,125,32.39359444,-97.90444444,0,59,0,0,1,1,0,4,1,1,0,1,0,0000000,88,88,88,88,88,88,0,0,0,1,0
48,482140,3,1,2,0,0,1,1,3,180,8,9,2012,7,6,30,0,16,5,GOLF COURSE RD,,0,32.33201111,-102.5355694,0,14,0,0,1,1,0,2,2,1,0,1,0,0000000,88,88,88,88,88,88,0,0,0,1,1
48,482141,2,2,0,0,0,2,2,97,7112,10,9,2012,2,11,30,1,1,1,I-35,,33,33.46921389,-97.16334722,0,12,1,0,1,1,1,1,1,1,0,1,0,0000000,11,31,11,51,12,16,0,0,0,1,0
48,482142,1,1,0,0,0,5,5,387,0,15,9,2012,7,10,35,1,2,2,US-271,,103,33.42658611,-95.1734,0,24,0,0,1,1,0,4,1,1,0,1,0,0000000,10,35,10,52,11,49,0,0,0,1,0
48,482143,1,1,0,0,0,1,1,37,6850,21,9,2012,6,3,15,1,11,1,I-30 RAMP,US-59,392,33.45123333,-94.09724167,0,23,0,1,5,1,0,4,3,1,0,1,0,0000000,3,15,3,21,3,44,0,0,0,1,1
48,482144,2,2,0,0,0,2,2,65,0,24,9,2012,2,5,56,0,3,3,SR-207,,155,35.47748056,-101.3852333,0,12,2,0,1,1,0,2,2,1,0,1,0,0000000,88,88,88,88,88,88,0,0,0,2,0
48,482145,1,1,0,1,1,1,1,273,3700,26,9,2012,4,5,17,1,13,3,SR-141,,128,27.51573889,-97.85625556,0,8,0,0,1,1,0,1,3,1,0,1,0,0000000,5,19,5,21,5,29,0,0,0,1,0
48,482146,1,1,0,0,0,1,1,349,0,26,9,2012,4,16,0,0,5,8,FM1838,,93,31.835,-96.61421944,0,1,0,0,1,1,0,4,1,1,0,1,0,0000000,88,88,88,88,88,88,0,0,0,1,0
48,482147,1,1,0,0,0,1,1,147,0,27,9,2012,5,13,50,0,4,3,SR-78,,77,33.37555,-96.36534444,0,42,0,0,1,1,0,4,1,1,0,1,0,0000000,88,88,88,88,88,88,0,0,0,1,0
48,482148,2,2,0,0,0,2,2,85,2520,28,9,2012,6,12,25,0,16,5,INDEPENDENCE PKWY,,0,33.16296944,-96.75038333,0,12,1,0,1,1,0,1,1,10,0,10,0,0000000,99,99,99,99,99,99,0,0,0,1,0
48,482149,2,2,0,0,0,3,3,209,990,28,9,2012,6,10,30,0,15,8,FM967,,142,30.08663889,-97.84875,0,12,6,0,4,1,0,1,1,10,0,10,0,0000000,10,30,10,34,11,8,0,0,0,1,0
48,482150,2,2,0,0,0,4,4,201,3280,29,9,2012,7,21,20,0,16,5,BARRYKNOLL LN,BETTINA CT,0,29.77854167,-95.5396,0,12,6,0,2,3,0,1,3,2,0,2,0,0000000,99,99,99,99,99,99,0,0,0,1,0
48,482151,1,1,0,0,0,1,1,427,5780,29,9,2012,7,22,59,0,16,5,RIO CONCHO ST,,0,26.32012222,-98.68232222,0,38,0,0,1,1,0,4,2,1,0,1,0,0000000,22,59,23,9,23,37,0,0,0,1,0
48,482152,1,1,0,0,0,1,1,113,4530,29,9,2012,7,5,17,1,11,1,I-635 RAMP,,67,32.7908,-96.62516111,0,43,0,1,5,1,0,4,3,2,0,2,0,0000000,5,17,5,24,5,46,0,0,0,1,0
48,482153,1,1,0,0,0,8,8,489,0,17,9,2012,2,19,30,0,6,4,CR-LA ROSITA RD,,0,26.43505,-97.66038889,0,1,0,0,1,1,0,1,1,1,0,1,0,0000000,19,50,20,20,20,51,0,0,0,1,0
48,482154,2,2,0,0,0,2,2,201,3280,19,9,2012,4,17,44,0,16,5,AIRPORT BLVD,KOPMAN DR,0,29.64745,-95.30596944,0,12,6,0,2,3,0,1,1,10,0,10,0,0000000,17,57,18,9,18,25,0,0,0,1,0
48,482155,1,1,0,1,1,4,4,215,0,21,9,2012,6,20,20,1,13,8,FM 907,TUMI ST,79,26.2311,-98.11510278,0,8,0,0,1,1,0,1,2,1,0,1,0,0000000,88,88,88,88,88,88,0,0,0,1,0
48,482156,1,1,0,1,1,1,1,439,2450,26,9,2012,4,6,18,0,16,5,ROBERTS CUT OFF RD,,0,32.76040556,-97.39986944,0,8,0,0,1,1,0,1,2,1,0,1,0,0000000,6,21,6,29,6,47,0,0,0,1,0
48,482157,2,2,0,0,0,4,4,257,3590,27,9,2012,5,14,25,1,2,2,US-175,,23,32.59156667,-96.34975,0,12,1,0,1,1,0,1,1,1,0,1,0,0000000,14,35,14,58,15,36,0,0,0,1,0
48,482158,2,2,0,0,0,2,2,341,0,28,9,2012,6,15,43,0,4,8,FM 722,,127,35.82224444,-102.0250306,0,12,2,0,1,1,0,1,1,10,0,10,0,0000000,15,43,15,53,16,29,0,0,0,1,0
48,482159,2,2,0,0,0,2,2,27,6810,29,9,2012,7,20,13,0,16,5,M AVE,,0,31.09180278,-97.37344722,0,12,2,0,1,1,0,1,3,2,0,2,0,0000000,20,14,20,18,21,29,0,0,0,1,1
48,482160,1,1,0,0,0,5,5,39,0,1,7,2012,1,14,20,0,4,8,FM 521 RAMP,,13,29.05841667,-95.55394722,0,21,0,1,5,1,0,4,1,1,0,1,0,0000000,14,10,14,17,15,0,0,0,0,1,0
48,482161,1,1,0,0,0,2,2,375,0,26,7,2012,5,1,0,0,3,3,SR-136,,160,35.3936,-101.6359444,0,1,0,0,1,1,0,4,2,10,0,10,0,0000000,1,12,1,33,1,56,0,0,0,1,1
48,482162,1,1,0,0,0,1,1,439,2255,2,8,2012,5,10,8,0,16,5,S INTERNATIONAL PKWY,,0,32.92240278,-97.04073611,0,42,0,0,1,1,0,3,1,1,0,1,0,0000000,99,99,99,99,99,99,0,0,0,1,0
48,482163,2,2,0,0,0,2,2,201,0,5,8,2012,1,13,42,0,6,4,CR-S MAIN ST,,0,29.79623333,-95.05526944,0,12,6,0,1,1,0,1,1,2,0,2,0,0000000,13,48,14,7,14,26,0,0,0,1,0
48,482164,1,1,0,0,0,1,1,157,0,22,9,2012,7,7,0,0,6,4,CR-JANDA,,0,29.444825,-95.77805833,0,1,0,0,1,1,0,4,1,5,0,5,0,0000000,88,88,88,88,88,88,0,0,0,1,1
48,482165,1,1,0,0,0,1,1,339,0,25,9,2012,3,23,3,0,6,4,CR-LITTLE EGYPT,,0,30.39755278,-95.51633889,0,42,0,0,1,1,0,4,2,1,0,1,0,0000000,99,99,99,99,99,99,0,0,0,1,0
48,482166,3,3,0,0,0,3,3,121,1840,26,9,2012,4,12,20,1,11,1,I-35E,,103,33.19245556,-97.11793889,0,12,99,0,5,1,0,1,1,1,0,1,0,0000000,12,23,12,34,13,13,0,0,0,1,1
48,482167,4,4,0,0,0,6,6,303,4140,28,9,2012,6,16,18,1,12,8,SL289,,94,33.52941944,-101.8609889,0,12,6,0,1,1,0,1,1,2,0,2,0,0000000,16,20,16,27,16,43,0,0,0,1,0
48,482168,1,1,0,0,0,2,2,339,0,23,8,2012,5,12,45,0,4,8,FM1485,,23,30.14663056,-95.17583611,0,42,0,0,1,1,0,4,1,10,0,10,0,0000000,99,99,99,99,99,99,0,0,0,1,0
48,482169,2,2,0,0,0,2,2,253,0,12,9,2012,4,5,55,1,2,2,US-83,CR-484,269,32.68119167,-99.86320278,0,12,6,0,2,2,0,1,2,1,0,1,0,0000000,99,99,99,99,99,99,0,0,0,1,0
48,482170,1,1,0,1,1,1,1,113,1730,15,9,2012,7,19,56,0,16,5,E ILLINOIS AVE,,0,32.72015833,-96.80335278,0,8,0,0,1,1,0,1,5,1,0,1,0,0000000,19,57,20,2,20,15,0,0,0,1,0
48,482171,1,1,0,1,1,1,1,215,5330,19,9,2012,4,3,19,1,12,2,US-281,,57,26.23644444,-98.17744722,0,8,0,0,1,1,0,1,2,1,0,1,0,0000000,88,88,88,88,88,88,0,0,0,1,0
48,482172,2,2,0,0,0,3,3,291,0,19,9,2012,4,5,34,0,3,3,SR-146,,126,30.30831944,-94.74944167,0,12,6,0,1,1,0,1,2,1,0,1,0,0000000,5,42,5,57,6,45,0,0,0,1,0
48,482173,3,3,0,0,0,4,4,251,3593,21,9,2012,6,8,41,0,14,8,FM 2280,WALLEN RIDGE,5,32.38536111,-97.33858889,0,12,6,0,2,2,0,1,1,1,0,1,0,0000000,8,45,9,3,9,36,0,0,0,1,0
48,482174,1,1,0,0,0,1,1,423,0,22,9,2012,7,7,46,0,14,3,SR-110,,189,32.38301111,-95.36032778,0,11,0,0,1,1,0,1,1,1,0,1,0,0000000,7,45,7,50,8,15,0,0,0,1,0
48,482175,1,1,0,0,0,5,5,353,0,24,9,2012,2,14,35,1,2,2,US-84,,84,32.45396111,-100.5578222,0,1,0,0,1,1,0,4,1,1,0,1,0,0000000,14,44,15,2,15,39,0,0,0,1,0
48,482176,3,2,1,1,1,2,2,353,6720,26,9,2012,4,5,0,1,1,1,I-20,,133,32.44983889,-100.4433306,0,12,6,1,18,1,0,1,2,1,0,1,0,0000000,5,13,5,20,6,7,23,0,0,1,0
48,482177,2,2,0,0,0,3,3,441,0,28,9,2012,6,16,20,1,1,1,I-20,,6,32.49456944,-100.1467,0,12,6,0,1,1,0,1,1,2,0,2,0,0000000,16,22,16,41,17,17,23,0,0,1,0
48,482178,2,2,0,0,0,3,3,339,0,29,9,2012,7,7,23,1,2,3,SR-105,,45,30.38875,-95.74067778,0,12,2,0,1,1,0,1,1,2,0,2,0,0000000,7,25,7,43,8,36,0,0,0,1,0
48,482179,1,1,0,1,1,1,1,245,490,15,2,2012,4,14,45,1,11,1,I-10,,17,30.09606667,-94.13168889,0,8,0,0,1,1,0,1,1,2,0,2,0,0000000,14,46,14,50,15,10,0,0,0,1,0
48,482180,2,2,0,0,0,3,3,219,3950,8,3,2012,5,21,42,1,13,3,SR-114,,170,33.593575,-102.3291194,0,12,1,0,1,1,0,1,2,10,0,10,0,0000000,21,37,21,42,22,19,0,0,0,1,1
48,482181,2,2,0,0,0,5,5,209,3760,16,7,2012,2,10,16,0,15,7,IH-35 RAMP,IH-35 SERVICE ROAD,98,30.00280556,-97.86606111,0,12,2,0,2,4,0,1,1,1,0,1,0,0000000,99,99,99,99,99,99,0,0,0,1,0
48,482182,1,1,0,0,0,3,3,167,0,7,9,2012,6,9,50,0,6,4,CR-AVENUE T,,0,29.35188611,-95.10660278,0,32,0,0,1,1,0,4,1,1,0,1,0,0000000,88,88,88,88,88,88,0,0,0,1,0
48,482183,1,1,0,0,0,1,1,415,6440,23,9,2012,1,1,48,1,13,2,US-84,FM1673,83,32.73073056,-100.901675,0,35,0,0,3,2,0,4,2,1,0,1,0,0000000,99,99,99,99,99,99,0,0,0,1,1
48,482184,2,2,0,0,0,3,3,135,0,1,9,2012,7,2,0,1,2,8,SL338,,318,31.85423333,-102.3005194,0,12,2,0,1,1,0,1,2,1,0,1,0,0000000,2,5,2,11,2,44,0,0,0,2,2
48,482185,2,2,0,0,0,3,3,135,0,8,9,2012,7,3,4,1,13,8,SL338,,166,31.91293333,-102.4307639,0,12,2,0,1,1,0,1,2,1,0,1,0,0000000,3,18,3,20,3,48,0,0,0,2,2
48,482186,1,1,0,0,0,2,2,447,6930,14,9,2012,6,14,43,0,3,2,US-183,,46,33.33777222,-99.20136111,0,1,0,0,1,1,0,1,1,10,0,10,0,0000000,14,45,14,57,15,11,0,0,0,1,0
48,482187,2,2,0,0,0,2,2,3,0,21,9,2012,6,19,51,0,3,8,FM 1788,CR-800,114,32.16467778,-102.3444889,0,12,6,0,2,2,0,1,1,1,0,1,0,0000000,88,88,88,88,88,88,0,0,0,1,0
48,482188,2,2,0,0,0,5,5,149,0,29,9,2012,7,5,50,0,3,2,US-77,,185,29.8405,-96.91058889,0,12,6,0,1,1,1,1,2,2,0,2,0,0000000,5,45,5,49,7,12,0,0,0,1,0
48,482189,4,4,0,0,0,4,4,257,3590,26,4,2012,5,20,53,1,12,2,US-175,,65,32.56561667,-96.29415556,0,12,1,0,1,1,0,1,2,1,0,1,0,0000000,88,88,88,88,88,88,14,0,0,1,2
48,482190,2,2,0,0,0,2,2,113,1730,1,6,2012,6,23,39,1,11,1,I-635/LBJ FWY,,129,32.91245,-96.87495833,0,12,1,0,1,1,1,1,3,1,0,1,0,0000000,99,99,99,99,99,99,3,0,0,1,0
48,482191,1,1,0,1,1,1,1,375,150,9,6,2012,7,1,29,1,13,2,US-60,,146,35.22194722,-101.7506194,0,8,0,0,1,1,0,1,6,1,0,1,0,0000000,99,99,99,99,99,99,0,0,0,1,0
48,482193,1,1,0,1,1,1,1,439,2255,7,9,2012,6,5,45,1,13,8,FM-157,,72,32.83201944,-97.09969444,0,8,0,0,1,1,0,1,3,1,0,1,0,0000000,5,45,5,49,6,17,0,0,0,1,0
48,482194,1,1,0,2,2,2,2,245,5430,14,9,2012,6,19,11,0,16,5,9TH AVE,,0,29.92082222,-93.93869444,0,8,0,0,1,1,0,1,1,1,0,1,0,0000000,19,12,19,15,19,33,0,0,0,1,0
48,482195,2,1,1,0,4,1,5,215,6160,16,9,2012,1,21,35,1,12,2,US-83,,307,26.1925,-98.13220556,0,14,0,0,1,1,0,2,3,1,0,1,0,0000000,21,39,21,43,22,16,0,0,0,1,1
48,482196,2,2,0,0,0,3,3,389,0,20,9,2012,5,23,30,0,4,8,RR-2119,,290,31.46783889,-103.635975,0,12,6,0,1,1,0,1,2,1,0,1,0,0000000,99,99,99,99,99,99,23,0,0,1,0
48,482197,1,1,0,0,0,1,1,85,4230,23,9,2012,1,2,20,1,12,5,SAM RAYBURN TOLLWAY RAMP,,21,33.1534,-96.64685278,0,1,0,1,5,1,0,1,3,1,0,1,0,0000000,88,88,88,88,88,88,0,0,0,1,1
48,482198,2,2,0,0,0,5,5,257,3610,23,9,2012,1,12,40,1,2,2,US-175,FM 1895,155,32.44637778,-96.22116111,0,12,6,0,2,2,0,1,1,1,0,1,0,0000000,12,43,12,43,14,1,0,0,0,2,1
48,482199,1,1,0,0,0,2,2,3,0,28,9,2012,6,13,3,1,2,2,US-385,,258,32.16544722,-102.4813111,0,1,0,0,1,1,0,3,1,2,0,2,0,0000000,13,8,13,17,13,39,0,0,0,2,0
48,482200,2,2,0,0,0,5,5,377,0,28,9,2012,6,14,39,0,3,2,US-67,,357,29.87831667,-104.2778,0,12,2,0,1,1,0,1,1,2,0,2,0,0000000,99,99,99,99,99,99,0,0,0,1,1
48,482201,1,1,0,0,0,2,2,479,3899,18,8,2012,7,10,55,0,16,5,E HILLSIDE RD,DOGWOOD AVE,0,27.54500278,-99.47710556,0,30,0,0,3,3,0,4,1,1,0,1,0,0000000,10,55,11,1,11,12,0,0,0,1,0
48,482202,2,2,0,0,0,3,3,375,150,10,9,2012,2,13,5,1,13,2,US-60,,134,35.22200278,-101.7711583,0,12,6,0,8,1,0,1,1,1,0,1,0,0000000,99,99,99,99,99,99,0,0,0,2,0
48,482203,1,1,0,0,0,1,1,439,590,6,9,2012,5,19,11,1,13,2,US-377 BENBROOK BLVD,HAWKINS HOME BLVD,77,32.64975278,-97.50108889,0,39,0,0,3,3,0,4,1,1,0,1,0,0000000,19,20,19,37,19,52,0,0,0,1,0
48,482204,1,1,0,1,1,1,1,303,0,18,9,2012,3,13,11,1,2,2,US-62,,217,33.65321944,-101.7181056,0,8,0,0,1,1,1,1,1,1,0,1,0,0000000,88,88,88,88,88,88,0,0,0,1,0
48,482205,1,1,0,0,0,3,3,303,0,26,9,2012,4,14,30,1,2,2,US-84,,318,33.47282778,-101.693825,0,1,0,0,1,1,0,4,1,1,0,1,0,0000000,14,30,14,36,15,38,0,0,0,1,0
48,482206,1,1,0,1,1,1,1,201,3280,24,9,2012,2,9,20,0,16,5,AIRLINE DR,TIDWELL RD,0,29.84558611,-95.38445556,0,15,0,0,3,2,0,1,1,1,0,1,0,0000000,9,28,9,37,10,3,0,0,0,1,0
48,482207,1,1,0,0,0,2,2,255,0,22,9,2012,7,5,0,0,3,3,SR-123,,11,29.05971389,-97.93452222,0,42,0,0,1,1,0,4,2,1,0,1,0,0000000,99,99,99,99,99,99,0,0,0,1,0
48,482208,1,1,0,0,0,1,1,469,0,30,9,2012,1,16,25,0,6,4,CR-BOTTOM RD,,0,28.77740278,-97.00134722,0,34,0,0,1,1,0,4,1,10,0,10,0,0000000,16,31,16,38,17,5,0,0,0,1,0
48,482209,2,2,0,0,0,4,4,29,6090,1,10,2012,2,6,49,0,16,5,N FOSTER RD,,0,29.45726389,-98.35948333,0,12,6,0,1,1,0,1,4,1,0,1,1,0000000,6,49,6,59,8,21,0,0,0,1,0
48,482210,2,2,0,0,0,2,2,39,0,1,10,2012,2,16,20,0,4,8,FM1462,,89,29.37206111,-95.32123611,0,12,1,0,8,1,0,1,1,1,0,1,0,0000000,99,99,16,42,17,7,0,0,0,1,0
48,482211,2,2,0,0,0,3,3,441,0,1,10,2012,2,20,40,1,2,2,US-83,,72,32.16944444,-99.8094,0,12,2,0,1,1,0,4,2,1,0,1,0,0000000,20,49,21,9,21,38,0,0,0,1,0
48,482212,2,2,0,0,0,4,4,113,1730,2,10,2012,3,21,5,1,13,8,SL-12/BUCKNER BLVD,TILLMAN ST,89,32.74399167,-96.68289722,0,12,6,0,2,3,0,1,2,1,0,1,0,0000000,21,7,21,11,21,49,14,0,0,1,0
48,482213,2,2,0,0,0,3,3,135,0,2,10,2012,3,6,57,1,13,8,SL-338,,159,31.90253889,-102.4277361,0,12,1,0,7,1,0,1,3,1,0,1,0,0000000,88,88,88,88,88,88,0,0,0,1,0
48,482215,1,1,0,0,0,1,1,201,3280,2,10,2012,3,19,15,0,16,5,SPACE CENTER BLVD,,0,29.57783611,-95.09353056,0,24,0,0,1,1,0,4,1,10,0,10,0,0000000,19,34,19,48,20,8,0,0,0,1,0
48,482216,1,1,0,1,1,1,1,201,3280,2,10,2012,3,21,25,1,11,1,I-610 SOUTH LP,,97,29.67922778,-95.44047222,0,8,0,0,1,1,0,1,3,10,0,10,0,0000000,21,28,21,38,21,54,19,0,0,1,0
48,482217,1,1,0,0,0,1,1,215,0,2,10,2012,3,22,0,0,3,3,SR-186,FM 493,87,26.49287222,-98.00455833,0,59,0,0,3,3,0,4,3,1,0,1,0,0000000,88,88,88,88,88,88,0,0,0,1,1
48,482218,2,1,1,0,0,5,5,453,330,2,10,2012,3,0,22,0,16,5,GARDEN ST,,0,30.25263056,-97.72102222,0,14,0,0,1,1,0,7,3,1,0,1,0,0000000,0,24,0,32,1,20,20,0,0,2,0
48,482219,1,1,0,1,1,1,1,453,1821,2,10,2012,3,4,20,1,12,3,SR-71,FM 973,148,30.20333333,-97.63935833,0,8,0,0,2,3,1,1,2,1,0,1,0,0000000,88,88,88,88,88,88,0,0,0,1,0
48,482220,2,2,0,0,0,2,2,13,0,3,10,2012,4,16,57,0,3,3,SR-16,FM 140,275,28.78974167,-98.54021667,0,12,6,0,2,2,0,1,1,1,0,1,0,0000000,99,99,99,99,99,99,0,0,0,1,0
48,482221,2,2,0,0,0,2,2,121,0,3,10,2012,4,2,34,0,6,4,CR-SCHLUTER RD,,0,33.20247778,-97.32654167,0,12,2,0,1,1,0,1,2,1,0,1,0,0000000,2,38,3,1,3,46,0,0,0,2,2
48,482222,1,1,0,1,1,1,1,201,3280,3,10,2012,4,19,45,1,11,7,I-100,,140,29.78478333,-95.58232222,0,8,0,0,1,1,0,1,3,1,0,1,0,0000000,99,99,99,99,99,99,0,0,0,1,0
48,482223,1,1,0,0,0,1,1,287,0,3,10,2012,4,17,24,0,6,4,CR-216,,0,30.151175,-96.94595,0,42,0,0,1,1,0,4,1,1,0,1,0,0000000,17,28,17,41,18,20,0,0,0,1,1
48,482224,2,2,0,0,0,2,2,439,2450,3,10,2012,4,18,38,1,13,2,US-183,CALMONT AVE,12,32.73400556,-97.44068611,0,12,1,0,2,2,0,1,1,1,0,1,0,0000000,18,38,18,41,19,27,20,0,0,1,1
48,482225,2,2,0,0,0,2,2,113,6260,4,10,2012,5,6,49,0,4,8,FM 1389,,5,32.63561111,-96.51188056,0,12,2,0,1,1,0,1,1,1,0,1,0,0000000,99,99,99,99,99,99,0,0,0,1,0
48,482226,2,2,0,0,0,6,6,201,2560,4,10,2012,5,21,45,0,16,5,CLINTON DR,,0,29.73244444,-95.22956944,0,12,1,0,1,1,0,1,2,1,0,1,0,0000000,22,11,22,22,22,42,0,0,0,1,1
48,482227,2,2,0,0,0,3,3,303,4140,4,10,2012,5,2,44,1,12,8,LOOP 289,,136,33.53683611,-101.9286528,0,12,7,1,18,1,0,1,3,1,0,1,0,0000000,2,45,2,49,3,4,0,0,0,1,1
48,482228,1,1,0,0,0,1,1,479,3899,4,10,2012,5,4,5,1,13,7,I-20,,205,27.50474722,-99.44801667,0,33,0,0,1,1,0,4,2,1,0,1,0,0000000,88,88,88,88,88,88,0,0,0,1,0
48,482229,1,1,0,0,0,4,4,113,1730,5,10,2012,6,1,20,1,12,7,US-75,,147,32.80111944,-96.79270833,0,38,0,1,18,1,0,4,3,1,0,1,0,0000000,1,31,1,36,1,52,0,0,0,2,1
48,482230,1,1,0,0,0,1,1,265,0,5,10,2012,6,9,8,0,3,3,SR-16,,95,29.96313333,-99.20803611,0,11,0,0,1,1,0,1,1,1,0,1,0,0000000,8,17,8,25,9,4,0,0,0,1,0
48,482231,1,1,0,1,1,2,2,339,1510,5,10,2012,6,19,56,1,11,1,I-45,,172,30.35303611,-95.48395,0,8,0,0,1,1,1,1,2,1,0,1,0,0000000,88,88,88,88,88,88,19,0,0,1,0
48,482232,4,4,0,0,0,4,4,347,0,5,10,2012,6,7,55,1,2,2,US-59,,259,31.54953056,-94.68720833,0,12,8,0,1,1,0,1,1,1,0,1,0,0000000,99,99,99,99,99,99,0,0,0,1,1
48,482233,1,1,0,0,0,2,2,423,7070,5,10,2012,6,0,37,0,14,3,SR-57 W GRANDE,,7,32.28221944,-95.345475,0,1,0,0,1,1,0,4,2,1,0,1,0,0000000,0,40,0,44,1,27,0,0,0,1,1
48,482234,1,1,0,0,0,1,1,439,2850,5,10,2012,6,1,33,0,16,5,MUSTANG DR,,0,32.92198333,-97.09747778,0,42,0,0,1,1,0,3,2,1,0,1,0,0000000,88,88,88,88,88,88,0,0,0,1,0
48,482235,2,2,0,1,1,2,2,453,330,5,10,2012,6,19,54,1,12,7,US-183,,295,30.43743333,-97.77497778,0,12,7,0,1,1,0,1,3,1,0,1,0,0000000,19,56,20,1,20,18,0,0,0,1,0
48,482236,2,2,0,0,0,2,2,481,0,5,10,2012,6,20,7,1,2,2,US-59,BU59R,47,29.40603611,-96.06555833,0,12,6,0,2,3,0,1,2,1,0,1,0,0000000,20,17,20,53,21,28,0,0,0,1,0
48,482237,2,2,0,0,0,2,2,139,2240,6,10,2012,7,0,39,1,13,2,US-287 W ENNIS AVE,,66,32.32667778,-96.74838056,0,12,1,0,8,1,0,1,2,10,0,10,0,0000000,99,99,99,99,99,99,0,0,0,1,1
48,482238,1,1,0,1,1,1,1,201,3280,6,10,2012,7,23,4,0,16,5,CLUB CREEK DR,,0,29.68606389,-95.55138333,0,8,0,0,1,1,0,1,3,1,0,1,0,0000000,88,88,88,88,88,88,0,0,0,1,0
48,482239,3,3,0,0,0,9,9,323,2030,6,10,2012,7,6,37,1,13,2,US-57,CARLETON DR,9,28.72171389,-100.4618722,0,12,6,0,2,3,0,1,2,1,0,1,0,0000000,99,99,99,99,99,99,0,0,0,1,0