STATE,ST_CASE,VE_TOTAL,VE_FORMS,PVH_INVL,PEDS,PERNOTMVIT,PERMVIT,PERSONS,COUNTY,CITY,DAY,MONTH,YEAR,DAY_WEEK,HOUR,MINUTE,NHS,ROAD_FNC,ROUTE,TWAY_ID,TWAY_ID2,MILEPT,LATITUDE,LONGITUD,SP_JUR,HARM_EV,MAN_COLL,RELJCT1,RELJCT2,TYP_INT,WRK_ZONE,REL_ROAD,LGT_COND,WEATHER1,WEATHER2,WEATHER,SCH_BUS,RAIL,NOT_HOUR,NOT_MIN,ARR_HOUR,ARR_MIN,HOSP_HR,HOSP_MN,CF1,CF2,CF3,FATALS,DRUNK_DR
48,482240,2,2,0,0,0,6,6,439,2450,6,10,2012,7,16,30,0,16,5,S HULEN ST,BRIARHAVEN RD,0,32.68871944,-97.39346111,0,12,6,0,2,2,0,1,1,1,0,1,0,0000000,99,99,16,34,17,4,0,0,0,1,0
48,482241,1,1,0,0,0,1,1,471,0,6,10,2012,7,9,30,0,3,3,SR-75,,130,30.55711111,-95.47668611,0,32,0,0,1,1,0,4,1,1,0,1,0,0000000,9,46,9,50,10,26,0,0,0,1,1
48,482242,3,1,2,0,3,1,4,91,4870,7,10,2012,1,12,54,1,11,1,I-35,,85,29.68115278,-98.144625,0,14,0,0,1,1,0,2,1,6,0,6,0,0000000,12,56,12,56,13,22,0,0,0,1,0
48,482243,1,1,0,0,0,1,1,113,6001,7,10,2012,1,16,10,0,16,5,ROWLETT RD,,0,32.92466111,-96.58150278,0,42,0,0,1,1,0,3,1,1,0,1,0,0000000,16,12,16,17,16,36,0,0,0,1,0
48,482244,1,1,0,0,0,1,1,243,0,7,10,2012,1,12,54,0,3,2,US-90,,243,30.52891667,-104.4239111,0,1,0,0,1,1,0,4,1,1,0,1,0,0000000,99,99,99,99,99,99,0,0,0,1,0
48,482245,1,1,0,0,0,1,1,459,0,7,10,2012,1,4,10,0,6,4,CR-BLUEBIRD RD,,0,32.68833056,-94.92810278,0,35,0,0,1,1,0,4,2,1,0,1,0,0000000,88,88,88,88,88,88,0,0,0,1,1
48,482246,1,1,0,0,0,2,2,1,0,8,10,2012,2,3,0,0,3,2,US-287,,91,31.91396944,-95.91442778,0,11,0,0,1,1,0,1,2,10,0,10,0,0000000,99,99,99,99,99,99,0,0,0,1,0
48,482247,3,3,0,0,0,7,7,29,6090,8,10,2012,2,8,1,1,13,8,SL 13 MILITARY DR,,45,29.36280556,-98.57596944,0,12,1,0,1,1,0,1,1,1,0,1,0,0000000,7,59,8,13,9,0,0,0,0,1,0
48,482248,2,2,0,0,0,2,2,147,0,8,10,2012,2,6,53,1,2,2,US-82,,64,33.60582778,-96.25943056,0,12,2,0,1,1,0,1,4,1,0,1,0,0000000,88,88,88,88,88,88,0,0,0,2,1
48,482249,1,1,0,1,1,2,2,29,6090,9,10,2012,3,7,8,1,13,8,SL 345 FREDERICKSBURG RD,AGARITA AVE,222,29.45821111,-98.51984444,0,15,0,0,2,3,0,1,3,1,0,1,0,0000000,7,8,7,15,8,10,0,0,0,1,0
48,482250,1,1,0,1,1,2,2,29,6090,9,10,2012,3,19,30,1,13,8,FM 1976,,21,29.50957778,-98.37122778,0,8,0,0,8,1,0,1,2,1,0,1,0,0000000,88,88,88,88,88,88,0,0,0,1,0
48,482251,1,1,0,1,1,1,1,29,6090,9,10,2012,3,20,5,1,11,7,I-35,,113,29.30572778,-98.62058611,0,8,0,0,1,1,0,1,2,1,0,1,0,0000000,88,88,88,88,88,88,0,0,0,1,0
48,482252,3,3,0,0,0,4,4,135,5030,9,10,2012,3,15,10,0,14,8,SL 338,RIDERS RD,294,31.88344167,-102.3134139,0,12,6,0,2,2,0,1,1,1,0,1,1,0000000,15,8,15,18,15,33,0,0,0,2,0
48,482253,2,2,0,0,0,2,2,147,7010,9,10,2012,3,14,25,0,3,2,US-69,,112,33.42066111,-96.31939722,0,12,2,0,1,1,0,1,1,1,0,1,0,0000000,88,88,88,88,88,88,0,0,0,1,0
48,482254,1,1,0,0,0,1,1,347,0,9,10,2012,3,20,8,1,2,2,US-59,,155,31.68828333,-94.65786944,0,32,0,0,1,1,0,4,2,1,0,1,0,0000000,88,88,88,88,88,88,0,0,0,1,1
48,482255,1,1,0,1,1,2,2,439,2450,9,10,2012,3,22,2,1,11,1,I-820,,162,32.84267778,-97.34159444,0,8,0,1,18,1,0,1,3,10,0,10,0,0000000,88,88,88,88,88,88,0,0,0,1,0
48,482256,2,2,0,0,0,2,2,27,6810,10,10,2012,4,22,24,1,13,7,US-190 HK DODGEN LP,FM 1741 31ST ST,41,31.07258333,-97.36828056,0,12,6,1,2,2,0,1,3,1,0,1,0,0000000,22,24,22,28,22,41,0,0,0,1,0
48,482257,2,2,0,0,0,2,2,205,0,10,10,2012,4,11,20,1,2,2,US-87,,38,36.02382222,-102.476575,0,12,1,0,1,1,0,1,1,1,0,1,0,0000000,88,88,88,88,88,88,0,0,0,1,0
48,482258,1,1,0,0,0,13,13,249,0,10,10,2012,4,10,19,0,6,4,CR-425,,0,27.41400278,-98.20085833,0,1,0,0,1,1,0,4,1,1,0,1,0,0000000,10,26,10,42,11,26,20,0,0,1,0
48,482259,1,1,0,1,1,1,1,29,6090,11,10,2012,5,7,12,1,12,2,US-90,,18,29.40152778,-98.63225833,0,8,0,0,1,1,0,1,3,10,0,10,0,0000000,7,14,7,23,8,37,0,0,0,1,0
48,482260,1,1,0,0,0,1,1,87,0,11,10,2012,5,18,25,0,5,8,FM 1642,,13,34.81979444,-100.0973083,0,1,0,0,1,1,0,4,1,1,0,1,0,0000000,88,88,88,88,88,88,0,0,0,1,0
48,482261,3,3,0,0,0,3,3,183,4080,11,10,2012,5,7,22,1,13,8,SL 281,,17,32.45255556,-94.73506944,0,12,2,0,1,1,0,1,1,10,0,10,0,0000000,7,23,7,29,8,5,0,0,0,1,0
48,482262,1,1,0,1,1,1,1,183,4080,11,10,2012,5,22,5,0,16,5,ESTES PKWY,,0,32.45403889,-94.72713333,0,9,0,0,1,1,0,1,2,10,0,10,0,0000000,88,88,88,88,88,88,0,0,0,1,0
48,482263,1,1,0,0,0,1,1,201,3280,11,10,2012,5,2,5,0,16,5,43RD ST,,0,29.832475,-95.44262222,0,42,0,0,1,1,0,3,3,1,0,1,0,0000000,88,88,88,88,88,88,0,0,0,1,1
48,482264,1,1,0,0,0,1,1,201,3280,11,10,2012,5,4,30,1,12,7,SL 8 WEST SAM HOUSTON PKWY,,53,29.693275,-95.55669167,0,52,0,0,1,1,0,4,3,1,0,1,0,0000000,4,36,4,58,5,14,0,0,0,1,0
48,482265,1,1,0,0,0,1,1,201,3280,11,10,2012,5,5,2,1,11,1,I-610 RAMP SOUTH LP FWY,,217,29.69646389,-95.28811111,0,26,0,1,5,1,0,4,2,1,0,1,0,0000000,88,88,88,88,88,88,0,0,0,1,0
48,482266,1,1,0,0,0,3,3,201,3280,11,10,2012,5,6,45,1,13,8,FM 1093 WESTHEIMER RD,,115,29.73735556,-95.52153611,0,33,0,0,1,1,0,4,3,1,0,1,0,0000000,7,5,7,9,7,46,13,0,0,1,1
48,482267,2,2,0,0,0,3,3,221,0,11,10,2012,5,6,55,0,4,8,FM 3210,WILL WALTERS RD,14,32.37751111,-97.73877778,0,12,1,0,3,3,0,1,2,10,0,10,0,0000000,88,88,88,88,88,88,0,0,0,1,0
48,482269,2,2,0,0,0,2,2,21,0,12,10,2012,6,6,22,0,4,3,SR-304,,112,29.98422778,-97.30252222,0,12,2,0,1,1,0,1,2,5,0,5,0,0000000,88,88,88,88,88,88,0,0,0,2,2
48,482270,2,1,1,3,3,1,1,85,200,12,10,2012,6,13,59,0,4,8,FM 2862 4TH ST,,10,33.34911944,-96.55026667,0,30,0,0,1,1,0,5,1,1,0,1,0,0000000,14,1,14,2,14,45,0,0,0,1,0
48,482271,2,2,0,0,0,3,3,135,5030,12,10,2012,6,0,31,0,16,5,N DIXIE BLVD,E 31ST ST,0,31.87443611,-102.3698583,0,12,6,0,2,2,0,1,3,1,0,1,0,0000000,99,99,99,99,99,99,0,0,0,1,1
48,482272,2,2,0,2,2,4,4,201,0,12,10,2012,6,19,14,0,6,4,CR-AIRLINE DR,,0,29.91028056,-95.40330278,0,8,0,0,1,1,0,1,5,1,0,1,0,0000000,19,17,19,31,20,8,0,0,0,2,1
48,482273,2,2,0,0,0,2,2,233,0,13,10,2012,7,2,10,0,3,3,SR-136,,90,35.62455,-101.5450583,0,12,2,0,1,1,0,1,2,10,0,10,0,0000000,99,99,99,99,99,99,0,0,0,1,1
48,482274,1,1,0,1,1,1,1,245,0,12,10,2012,6,21,20,0,3,2,US-90,,54,30.04474167,-94.3561,0,8,0,0,1,1,0,1,2,1,0,1,0,0000000,88,88,88,88,88,88,0,0,0,1,0
48,482275,1,1,0,0,0,1,1,293,0,12,10,2012,6,12,45,0,3,3,SR-7,,4,31.31005,-96.65045833,0,38,0,0,1,1,0,4,1,10,0,10,0,0000000,88,88,88,88,88,88,0,0,0,1,0
48,482276,2,2,0,0,0,2,2,303,4140,12,10,2012,6,22,6,0,16,5,E 82ND ST,ASH AVE,0,33.51982778,-101.835675,0,12,6,0,2,2,0,1,3,10,0,10,0,0000000,23,7,23,12,23,35,0,0,0,1,0
48,482277,1,1,0,0,0,1,1,303,4140,12,10,2012,6,23,48,0,14,8,FM2528 N FRANKFORD AVE,,145,33.60378333,-101.940025,0,32,0,0,1,1,0,4,3,1,0,1,0,0000000,88,88,88,88,88,88,0,0,0,1,0
48,482278,2,2,0,0,0,8,8,329,4560,13,10,2012,7,15,4,0,16,5,N LAMESA RD,,0,32.04461667,-102.0774806,0,12,6,0,1,1,0,1,1,1,0,1,0,0000000,15,6,15,14,15,33,0,0,0,1,1
48,482279,1,1,0,1,1,2,2,375,0,13,10,2012,7,21,29,1,13,2,US-287,,89,35.19168333,-101.6787306,0,8,0,0,1,1,0,2,2,1,0,1,0,0000000,88,88,88,88,88,88,0,0,0,1,0
48,482280,1,1,0,0,0,2,2,391,0,13,10,2012,7,5,54,0,4,8,FM2441,,73,28.25318333,-97.340625,0,32,0,0,1,1,0,4,2,10,0,10,0,0000000,6,11,6,31,7,18,0,0,0,1,1
48,482281,2,2,0,0,0,3,3,453,330,13,10,2012,7,18,14,1,13,8,FM2304 MANCHACA RD,,35,30.19466944,-97.81070556,0,12,6,0,1,1,0,1,5,2,0,2,0,0000000,18,14,18,18,18,46,0,0,0,1,0
48,482282,2,2,0,0,0,3,3,453,330,13,10,2012,7,0,58,0,16,5,CAMERON RD,,0,30.33136111,-97.68713056,0,12,1,0,1,1,0,1,3,10,0,10,0,0000000,0,59,1,3,1,22,0,0,0,1,1
48,482283,1,1,0,1,1,1,1,113,1730,14,10,2012,1,19,49,0,16,5,E SANER AVE,,0,32.71314167,-96.82198611,0,8,0,0,1,1,0,1,3,1,0,1,0,0000000,19,50,20,0,20,16,0,0,0,1,0
48,482284,6,6,0,1,1,6,6,201,3280,14,10,2012,1,2,48,1,12,2,US-59,,72,29.72681667,-95.46541389,0,8,0,1,18,1,0,1,3,1,0,1,0,0000000,88,88,88,88,88,88,0,0,0,1,0
48,482285,2,1,1,0,0,1,1,201,3280,14,10,2012,1,4,34,0,16,5,M L KING BLVD,,0,29.63295278,-95.33960833,0,38,0,0,1,1,0,4,3,1,0,1,0,0000000,88,88,88,88,88,88,0,0,0,1,0
48,482286,1,1,0,0,0,2,2,201,0,14,10,2012,1,20,5,1,12,7,SL8 N SAM HOUSTON PKWY,,242,29.93740556,-95.51498889,0,1,0,1,18,1,0,10,2,1,0,1,0,0000000,88,88,88,88,88,88,0,0,0,2,0
48,482287,1,1,0,0,0,3,3,339,0,14,10,2012,1,22,40,0,6,4,CR-LONGSTREET RD,,0,30.44331944,-95.56209167,0,59,0,0,1,1,0,4,2,10,0,10,0,0000000,99,99,99,99,99,99,0,0,0,1,1
48,482288,1,1,0,0,0,1,1,361,5100,14,10,2012,1,2,31,0,16,5,ELMIRA,,0,30.17202222,-93.73280278,0,1,0,0,1,1,0,4,2,1,0,1,0,0000000,99,99,2,34,3,14,0,0,0,1,0
48,482289,1,1,0,1,1,2,2,439,2450,14,10,2012,1,3,17,1,11,1,I-30,,150,32.75265278,-97.27344444,0,8,0,0,1,1,0,2,3,10,0,10,0,0000000,88,88,88,88,88,88,0,0,0,1,0
48,482290,2,2,0,0,0,4,4,29,6090,15,10,2012,2,15,20,1,12,3,SR-151,,4,29.47954722,-98.70294444,0,12,1,0,1,1,0,1,1,1,0,1,0,0000000,15,29,15,49,15,56,0,0,0,1,0
48,482291,1,1,0,0,0,8,8,61,940,15,10,2012,2,22,48,1,13,8,FM 802/RUBEN M TORRES BLVD,,63,25.95055833,-97.51864167,0,42,0,0,1,1,0,4,3,1,0,1,0,0000000,22,48,22,56,23,18,0,0,0,2,0
48,482292,2,2,0,0,0,3,3,201,3280,15,10,2012,2,0,21,1,12,7,US-59,,45,29.73016667,-95.41829722,0,33,0,0,1,1,0,4,3,1,0,1,0,0000000,0,25,0,29,0,55,0,0,0,2,1
48,482293,1,1,0,0,0,1,1,201,7286,15,10,2012,2,2,36,1,11,1,I-45/GULF FREEWAY,,25,29.53715,-95.13878889,0,59,0,0,1,1,0,4,2,1,0,1,0,0000000,88,88,88,88,88,88,0,0,0,1,1
48,482294,2,2,0,0,0,7,7,121,4960,28,7,2012,7,21,25,1,11,7,I-35W,SR-114,30,33.026575,-97.27261667,0,12,6,1,2,2,0,1,2,1,0,1,0,0000000,21,32,21,46,22,10,0,0,0,1,0
48,482295,1,1,0,0,0,1,1,385,0,17,9,2012,2,12,35,0,4,8,RR 337,,325,29.74153056,-99.60928889,0,24,0,0,1,1,0,4,1,1,0,1,0,0000000,88,88,88,88,88,88,0,0,0,1,0
48,482296,1,1,0,0,0,2,2,201,0,23,9,2012,1,17,57,1,12,8,SL 8,,183,29.87359722,-95.55753889,0,39,0,1,5,1,0,4,1,1,0,1,0,0000000,17,59,18,7,18,46,0,0,0,1,0
48,482297,1,1,0,0,0,1,1,265,3670,4,10,2012,5,1,21,0,16,5,GUADALUPE ST,,0,30.05562778,-99.16559444,0,42,0,0,1,1,0,4,3,1,0,1,0,0000000,88,88,88,88,88,88,20,0,0,1,1
48,482298,1,1,0,0,0,1,1,469,0,4,10,2012,5,11,45,0,4,8,FM 444,,224,28.9189,-96.81497778,0,1,0,0,1,1,0,4,1,1,0,1,0,0000000,88,88,88,88,88,88,0,0,0,1,0
48,482299,1,1,0,0,0,1,1,221,0,6,10,2012,7,14,5,0,4,8,FM 4,,27,32.47661667,-97.88625278,0,1,0,0,1,1,0,4,1,10,0,10,0,0000000,88,88,88,88,88,88,0,0,0,1,1
48,482300,2,2,0,1,1,1,1,141,2190,12,5,2012,7,4,4,9,19,8,SP 601/LIBERTY EXPY,,99999,31.82489167,-106.3714833,0,12,7,0,1,1,0,1,3,1,0,1,0,0000000,88,88,88,88,88,88,23,0,0,1,1
48,482301,3,3,0,0,0,10,10,397,5910,18,8,2012,7,22,36,0,4,3,SR-276,ROCHELLE,10,32.904725,-96.40099444,0,12,8,0,2,2,0,1,2,10,0,10,0,0000000,22,39,22,43,23,44,0,0,0,1,0
48,482302,2,2,0,0,0,5,5,171,0,11,9,2012,3,16,49,0,3,2,US-87,OLD COMFORT RD,243,30.19452778,-98.870375,0,12,1,0,3,4,0,1,1,1,0,1,0,0000000,17,10,17,22,17,57,0,0,0,2,0
48,482303,2,2,0,0,0,5,5,441,30,11,9,2012,3,11,23,1,11,8,BI20R,SL322 RAMP,100,32.44605,-99.68249722,0,12,6,1,2,2,0,1,1,1,0,1,0,0000000,99,99,11,27,11,54,0,0,0,1,0
48,482304,1,1,0,0,0,1,1,423,0,17,9,2012,2,7,39,0,3,3,SR-31,,124,32.34933611,-95.248825,0,38,0,0,1,1,0,4,1,1,0,1,0,0000000,88,88,88,88,88,88,0,0,0,1,0
48,482305,2,2,0,0,0,3,3,181,0,23,9,2012,1,1,35,0,6,4,CR-DAVY LN,,0,33.73701944,-96.61378611,0,12,6,0,1,1,0,1,2,1,0,1,0,0000000,88,88,88,88,88,88,0,0,0,1,1
48,482306,1,1,0,0,0,1,1,85,0,27,9,2012,5,13,20,0,4,8,FM982,,76,33.08591111,-96.50222778,0,33,0,0,1,1,0,4,1,1,0,1,0,0000000,88,88,88,88,88,88,0,0,0,1,0
48,482307,3,3,0,0,0,4,4,181,0,2,10,2012,3,6,59,0,3,2,US-377,,151,33.43979167,-96.92704167,0,12,2,0,1,1,0,1,4,1,0,1,0,0000000,7,20,7,30,8,7,0,0,0,1,0
48,482308,1,1,0,0,0,1,1,231,0,4,10,2012,5,20,20,0,5,8,FM499,,33,33.13782778,-96.05256944,0,42,0,0,1,1,0,4,2,10,0,10,0,0000000,88,88,88,88,88,88,0,0,0,1,1
48,482309,1,1,0,0,0,1,1,181,0,10,10,2012,4,1,0,0,6,4,CR-DRIPPING SPGS RD,,0,33.68333611,-96.51794167,0,1,0,0,1,1,0,4,2,1,0,1,0,0000000,99,99,99,99,99,99,0,0,0,1,1
48,482310,1,1,0,0,0,2,2,423,0,10,10,2012,4,17,20,0,6,4,CR-217 OLD PROVIDENCE RD,,0,32.29876389,-95.00513333,0,42,0,0,1,1,0,4,1,1,0,1,0,0000000,88,88,88,88,88,88,0,0,0,1,1
48,482311,2,2,0,0,0,3,3,55,0,11,10,2012,5,18,29,0,3,3,SR-80,,13,29.74218056,-97.76072778,0,12,6,0,1,1,0,2,2,1,0,1,0,0000000,88,88,88,88,88,88,0,0,0,1,0
48,482312,1,1,0,1,1,1,1,401,0,12,10,2012,6,2,20,0,4,3,SR-323,,109,32.18023056,-94.83566944,0,8,0,0,1,1,0,1,2,1,0,1,0,0000000,88,88,88,88,88,88,0,0,0,1,0
48,482313,1,1,0,0,0,1,1,467,0,12,10,2012,6,19,35,0,4,8,FM47,,62,32.77856944,-95.98277222,0,35,0,0,1,1,0,4,2,1,0,1,0,0000000,88,88,88,88,88,88,0,0,0,1,1
48,482314,2,2,0,0,0,3,3,51,0,13,10,2012,7,1,36,0,3,8,FM60,,104,30.50517222,-96.47157778,0,12,2,0,1,1,0,1,2,1,0,1,0,0000000,99,99,99,99,99,99,0,0,0,1,1
48,482315,2,2,0,0,0,3,3,85,0,13,10,2012,7,19,19,1,13,2,US-380,,141,33.195025,-96.56472222,0,12,6,0,8,1,0,1,2,10,0,10,0,0000000,19,21,19,31,19,59,0,0,0,1,1
48,482316,1,1,0,0,0,1,1,315,0,13,10,2012,7,19,52,0,4,8,FM726,,33,32.7286,-94.53678889,0,1,0,0,1,1,0,4,2,1,0,1,0,0000000,88,88,88,88,88,88,0,0,0,1,1
48,482317,1,1,0,0,0,1,1,213,0,15,10,2012,2,10,36,1,2,3,SR-31,,346,32.30746667,-95.57604167,0,53,0,0,1,1,0,4,1,1,0,1,0,0000000,88,88,88,88,88,88,0,0,0,1,0
48,482318,1,1,0,0,0,1,1,499,0,15,10,2012,2,8,16,0,4,8,FM2869,,108,32.92721944,-95.27197778,0,1,0,0,1,1,0,1,1,1,0,1,0,0000000,8,19,8,32,99,99,0,0,0,1,0
48,482319,1,1,0,0,0,2,2,143,0,29,8,2012,4,9,55,0,6,4,CR-188,,0,32.22323889,-98.06488611,0,38,0,0,1,1,0,4,1,1,0,1,0,0000000,99,99,99,99,99,99,0,0,0,1,1
48,482320,2,2,0,0,0,2,2,463,0,31,8,2012,6,21,41,1,2,2,US-83,,350,29.18201944,-99.80118333,0,12,2,0,1,1,0,1,2,1,0,1,0,0000000,99,99,99,99,99,99,0,0,0,1,0
48,482321,1,1,0,0,0,3,3,453,330,1,7,2012,1,1,46,0,16,5,EAST AVE,,0,30.25136111,-97.73605278,0,3,0,0,8,1,0,5,3,2,0,2,0,0000000,1,47,1,50,2,41,0,0,0,1,1
48,482322,2,2,0,0,0,2,2,221,2780,3,10,2012,4,19,46,1,13,2,US-377,,95,32.45707778,-97.72686667,0,12,6,0,8,1,0,1,2,1,0,1,0,0000000,19,45,20,8,20,33,0,0,0,1,0
48,482323,1,1,0,0,0,11,11,215,1970,7,10,2012,1,7,57,0,15,8,FM 493,,263,26.12305278,-98.05183056,0,35,0,0,1,1,0,4,1,10,0,10,0,0000000,8,7,8,17,8,53,20,0,0,4,0
48,482324,1,1,0,0,0,1,1,251,0,9,10,2012,3,20,15,0,6,4,CR-401,,0,32.34302778,-97.21438889,0,43,0,0,1,1,0,5,2,1,0,1,0,0000000,20,19,20,55,21,24,0,0,0,1,1
48,482325,1,1,0,0,0,1,1,257,3590,10,10,2012,4,18,40,0,3,3,SR-34,,8,32.55441389,-96.34460833,0,1,0,0,1,1,0,5,1,1,0,1,0,0000000,18,43,18,47,20,5,0,0,0,1,0
48,482326,3,3,0,0,0,4,4,1,0,16,10,2012,3,13,12,1,2,2,US-79,,29,31.87870278,-95.46146667,0,12,6,0,1,1,0,1,1,1,0,1,0,0000000,99,99,99,99,99,99,0,0,0,1,0
48,482327,2,2,0,0,0,5,5,27,6810,16,10,2012,3,21,54,0,14,3,SR-36 AIRPORT RD,RESEARCH PKWY/OLD HOWARD RD,20,31.12916667,-97.39963333,0,12,6,0,2,2,0,1,6,1,0,1,0,0000000,21,58,22,6,22,32,0,0,0,1,1
48,482328,1,1,0,1,1,1,1,113,1730,16,10,2012,3,19,48,1,12,7,US-75 CENTRAL EXPY,LEMMON AVE,145,32.80346111,-96.79341111,0,8,0,1,3,2,0,1,3,10,0,10,0,0000000,19,51,19,55,20,17,0,0,0,1,0
48,482329,4,4,0,0,0,5,5,183,0,16,10,2012,3,1,13,1,11,1,I-20,,169,32.45223611,-94.7027,0,12,1,0,1,1,0,1,2,1,0,1,0,0000000,88,88,88,88,88,88,14,0,0,2,1
48,482330,2,2,0,0,0,2,2,187,6290,16,10,2012,3,8,9,0,14,3,SR-46,,118,29.55983611,-97.99008611,0,12,6,0,1,1,0,1,1,10,0,10,0,0000000,99,99,99,99,88,88,0,0,0,1,0
48,482331,1,1,0,0,0,1,1,189,0,16,10,2012,3,6,19,1,11,1,I-27,,319,34.23172778,-101.7110028,0,30,0,1,18,1,0,3,3,1,0,1,0,0000000,88,88,88,88,88,88,0,0,0,1,0
48,482332,3,3,0,0,0,5,5,339,0,16,10,2012,3,9,28,0,4,8,FM2978,,95,30.17134167,-95.59912222,0,12,1,0,8,1,0,1,1,1,0,1,0,0000000,99,99,9,35,10,3,0,0,0,2,0
48,482333,1,1,0,0,0,2,2,375,0,16,10,2012,3,11,57,1,1,1,I-40,,91,35.19039722,-102.0261583,0,31,0,0,1,1,0,3,1,1,0,1,0,0000000,99,99,99,99,99,99,0,0,0,1,0
48,482334,1,1,0,1,1,1,1,13,3540,17,10,2012,4,2,55,0,3,3,SR-97,,6,28.92474167,-98.53575833,0,8,0,0,1,1,0,1,2,1,0,1,0,0000000,88,88,88,88,88,88,0,0,0,1,0
48,482335,1,1,0,1,1,1,1,39,0,17,10,2012,4,6,0,1,13,3,SR-6,,79,29.45688056,-95.32547222,0,8,0,0,1,1,0,1,1,1,0,1,0,0000000,88,88,88,88,88,88,0,0,0,1,0
48,482336,2,2,0,0,0,6,6,203,4080,17,10,2012,4,20,18,1,13,2,US-80,SL281 RAMP,17,32.50377778,-94.67202778,0,12,7,0,7,1,0,1,3,1,0,1,0,0000000,20,18,20,24,20,35,0,0,0,1,0
48,482337,2,2,0,0,0,2,2,309,0,17,10,2012,4,22,20,1,1,1,I-35,,39,31.74274167,-97.10376389,0,12,1,0,1,1,1,1,2,1,0,1,0,0000000,22,45,23,4,23,21,0,0,0,1,0
48,482338,1,1,0,1,1,3,3,453,330,17,10,2012,4,23,51,1,13,8,SL275 N LAMAR BLVD,THURMOND ST,65,30.353325,-97.70561944,0,8,0,0,3,3,0,1,3,1,0,1,0,0000000,23,51,23,56,0,18,0,0,0,1,0
48,482339,1,1,0,0,0,1,1,39,5765,18,10,2012,5,2,14,1,13,8,FM2004,,216,29.09703611,-95.39365556,0,32,0,0,1,1,0,4,2,1,0,1,0,0000000,88,88,88,88,88,88,0,0,0,1,1
48,482340,5,5,0,0,0,7,7,123,0,19,10,2012,6,9,50,1,2,2,US-183,,33,29.28839444,-97.29412778,0,12,6,0,1,1,0,1,1,1,0,1,0,0000000,9,55,9,59,11,7,0,0,0,1,1
48,482341,2,2,0,0,0,3,3,373,0,18,10,2012,5,6,40,1,2,2,US-59,,360,30.64822778,-94.94496111,0,12,6,0,7,1,0,1,4,1,0,1,0,0000000,6,47,6,51,99,99,0,0,0,1,0
48,482342,1,1,0,0,0,1,1,439,2450,18,10,2012,5,7,52,1,11,1,I-30 WEST FWY,,171,32.73561111,-97.43422222,0,21,0,1,19,1,0,10,1,1,0,1,0,0000000,88,88,88,88,88,88,0,0,0,1,0
48,482343,1,1,0,0,0,1,1,445,0,18,10,2012,5,21,40,1,2,2,US-62,,9,33.352875,-102.1969917,0,1,0,0,1,1,0,4,2,1,0,1,0,0000000,99,99,99,99,99,99,0,0,0,1,0
48,482344,1,1,0,1,1,1,1,59,1400,19,10,2012,6,5,5,1,1,1,I-20,,97,32.40836111,-99.45995556,0,8,0,0,1,1,0,1,3,1,0,1,0,0000000,88,88,88,88,88,88,0,0,0,1,0
48,482345,3,3,0,0,0,3,3,167,6213,19,10,2012,6,19,16,1,13,3,SR-6,,28,29.39105833,-95.14248611,0,12,1,0,1,1,0,1,3,1,0,1,0,0000000,99,99,99,99,99,99,0,0,0,2,0
48,482346,1,1,0,0,0,1,1,201,0,19,10,2012,6,13,30,0,16,5,HARDY TOLL RD,,0,29.90879444,-95.374625,0,20,0,1,19,1,0,8,1,1,0,1,0,0000000,99,99,99,99,99,99,0,0,0,1,0
48,482347,3,3,0,0,0,6,6,201,480,19,10,2012,6,22,10,0,16,5,GARTH RD,ROLLINGBROOK RD,0,29.76128889,-94.97737222,0,12,1,0,3,2,0,1,3,1,0,1,0,0000000,22,15,22,32,23,7,20,0,0,1,0
48,482348,1,1,0,0,0,1,1,113,31,20,10,2012,7,14,44,0,16,5,BELTLINE RD,MARSH LN,0,32.95324444,-96.8558,0,1,0,0,2,2,0,1,1,1,0,1,0,0000000,14,44,14,48,15,12,0,0,0,1,0
48,482349,1,1,0,1,1,2,2,113,1730,20,10,2012,7,2,5,1,11,1,I-30 R L THORNTON FWY,,69,32.79779167,-96.68417778,0,8,0,1,18,1,0,1,3,1,0,1,0,0000000,2,8,2,14,2,32,0,0,0,1,0
48,482350,1,1,0,0,0,1,1,113,1730,20,10,2012,7,4,9,1,11,1,I-20 LYNDON B JOHNSON FWY,,50,32.67088611,-96.96974722,0,24,0,1,19,1,0,4,3,1,0,1,0,0000000,88,88,88,88,88,88,0,0,0,1,1
48,482351,3,3,0,0,0,8,8,157,0,20,10,2012,7,5,55,1,13,3,SR-99,SANDHILL,28,29.59893889,-95.68260833,0,12,6,0,2,2,0,1,3,1,0,1,0,0000000,6,3,6,11,6,45,0,0,0,1,1
48,482352,2,2,0,0,0,6,6,171,0,20,10,2012,7,12,20,1,2,2,US-290,,78,30.22087778,-98.76146111,0,12,1,0,8,1,0,1,1,1,0,1,0,0000000,12,36,12,49,13,40,0,0,0,1,0
48,482353,4,4,0,0,0,12,12,245,0,20,10,2012,7,14,51,1,11,1,I-10E,,36,30.09456389,-94.09862778,0,12,1,0,1,1,0,1,1,1,0,1,0,0000000,99,99,99,99,99,99,19,0,0,1,0