STATE,ST_CASE,VE_TOTAL,VE_FORMS,PVH_INVL,PEDS,PERNOTMVIT,PERMVIT,PERSONS,COUNTY,CITY,DAY,MONTH,YEAR,DAY_WEEK,HOUR,MINUTE,NHS,ROAD_FNC,ROUTE,TWAY_ID,TWAY_ID2,MILEPT,LATITUDE,LONGITUD,SP_JUR,HARM_EV,MAN_COLL,RELJCT1,RELJCT2,TYP_INT,WRK_ZONE,REL_ROAD,LGT_COND,WEATHER1,WEATHER2,WEATHER,SCH_BUS,RAIL,NOT_HOUR,NOT_MIN,ARR_HOUR,ARR_MIN,HOSP_HR,HOSP_MN,CF1,CF2,CF3,FATALS,DRUNK_DR
48,482354,1,1,0,1,1,5,5,355,1550,20,10,2012,7,23,29,0,16,5,CHAPARRAL ST,,0,27.80443889,-97.39361389,0,8,0,0,1,1,0,1,3,1,0,1,0,0000000,23,30,23,33,23,43,0,0,0,1,0
48,482355,1,1,0,0,0,1,1,383,0,20,10,2012,7,21,15,0,4,8,RM 2600,RM 33,50,31.55138056,-101.47885,0,1,0,0,2,3,0,1,2,1,0,1,0,0000000,88,88,88,88,88,88,0,0,0,1,0
48,482356,1,1,0,0,0,1,1,391,0,20,10,2012,7,22,12,0,4,3,SR-202,,60,28.33902778,-97.30238333,0,1,0,0,1,1,0,4,2,1,0,1,0,0000000,88,88,88,88,88,88,0,0,0,1,1
48,482357,1,1,0,0,0,1,1,463,0,20,10,2012,7,16,23,0,3,2,US-83,,26,29.58800278,-99.74683056,0,24,0,0,1,1,0,4,1,1,0,1,0,0000000,88,88,88,88,88,88,0,0,0,1,0
48,482358,1,1,0,0,0,1,1,5,0,21,10,2012,1,3,46,1,2,2,US-59,,124,31.152225,-94.80045556,0,1,0,0,1,1,0,4,2,1,0,1,0,0000000,88,88,88,88,88,88,0,0,0,1,1
48,482359,2,2,0,0,0,2,2,13,0,21,10,2012,1,5,5,0,3,3,SR-16,,363,28.66343611,-98.54138611,0,12,2,0,1,1,0,1,2,1,0,1,0,0000000,99,99,99,99,99,99,0,0,0,1,1
48,482360,3,3,0,0,0,5,5,27,3690,21,10,2012,1,14,12,1,13,3,SR-195/FT HOOD ST,,11,31.11753333,-97.744275,0,12,8,0,8,1,0,11,1,1,0,1,0,0000000,14,12,14,16,14,30,14,0,0,1,0
48,482361,3,3,0,2,2,3,3,113,1730,21,10,2012,1,0,22,1,12,2,US-75,,74,32.90030833,-96.76916944,0,12,1,0,1,1,0,1,3,10,0,10,0,0000000,0,28,0,32,1,11,19,0,0,1,1
48,482362,1,1,0,1,1,2,2,135,5030,21,10,2012,1,2,14,1,12,3,SR-191,,61,31.89279167,-102.3372778,0,8,0,0,1,1,0,1,3,1,0,1,0,0000000,88,88,88,88,88,88,0,0,0,1,0
48,482363,2,2,0,0,0,4,4,143,0,21,10,2012,1,17,30,1,2,2,US-67,CR-379,78,32.15509444,-98.29062222,0,1,0,0,2,3,0,1,1,1,0,1,0,0000000,17,43,17,53,18,20,0,0,0,1,0
48,482364,1,1,0,0,0,4,4,177,0,21,10,2012,1,4,19,0,6,4,CR-197A,,0,29.27057222,-97.40454722,0,42,0,0,1,1,0,4,2,1,0,1,0,0000000,99,99,99,99,99,99,0,0,0,1,1
48,482365,2,2,0,1,1,2,2,201,3280,21,10,2012,1,4,7,1,12,8,UA-90,MAIN,51,29.64892222,-95.46003333,0,8,0,0,1,1,0,1,2,10,0,10,0,0000000,88,88,88,88,88,88,0,0,0,1,0
48,482366,1,1,0,0,0,1,1,231,0,21,10,2012,1,20,25,0,6,4,CR-2458,,0,32.85551667,-96.29513889,0,1,0,0,1,1,0,4,2,1,0,1,0,0000000,88,88,88,88,88,88,0,0,0,1,1
48,482367,2,2,0,0,0,3,3,289,0,21,10,2012,1,5,45,0,3,3,SR-7,,189,31.33621667,-95.68130556,0,12,1,0,8,1,0,1,2,1,0,1,0,0000000,99,99,99,99,99,99,0,0,0,2,1
48,482368,1,1,0,1,1,1,1,29,6090,22,10,2012,2,22,16,1,13,8,SL 345,,257,29.49744167,-98.55618889,0,8,0,0,1,1,0,1,2,10,0,10,0,0000000,88,88,88,88,88,88,0,0,0,1,0
48,482369,1,1,0,0,0,1,1,113,1730,22,10,2012,2,20,5,0,16,5,PAIRIE CREEK RD,,0,32.76699722,-96.66558056,0,30,0,0,1,1,0,4,3,1,0,1,0,0000000,19,36,19,45,20,28,0,0,0,1,0
48,482370,1,1,0,1,1,2,2,167,3850,22,10,2012,2,17,14,0,16,5,FANNIN ST,HOUSTON DR,0,29.36508611,-94.98683889,0,15,0,0,2,2,0,1,1,10,0,10,0,0000000,88,88,88,88,88,88,0,0,0,1,0
48,482371,1,1,0,1,1,1,1,241,0,22,10,2012,2,5,36,0,3,3,SR-62,,67,30.36645,-93.93370833,0,8,0,0,1,1,0,1,3,10,0,10,0,0000000,88,88,88,88,88,88,0,0,0,1,0
48,482372,1,1,0,1,1,1,1,453,330,22,10,2012,2,0,56,1,12,2,US-290,,30,30.32138889,-97.69453333,0,8,0,1,18,1,0,1,3,10,0,10,0,0000000,0,58,1,6,1,21,0,0,0,1,0
48,482373,1,1,0,1,1,2,2,215,3795,23,10,2012,3,6,4,1,13,2,US-83,SANTO RAMIREZ ST,84,26.24644444,-98.46665,0,8,0,0,3,3,0,1,2,1,0,1,0,0000000,88,88,88,88,88,88,0,0,0,1,0
48,482374,2,2,0,0,0,4,4,469,0,23,10,2012,3,7,30,0,3,3,SR-185,MATCHETT RD,121,28.71464167,-96.94442222,0,12,6,0,2,2,0,1,1,1,0,1,0,0000000,7,25,7,34,7,59,0,0,0,1,0
48,482375,2,2,0,0,0,2,2,29,6090,24,10,2012,4,0,48,1,13,8,SL 13 SW MILITARY DR,SOMERSET RD,6,29.35731944,-98.54908611,0,12,1,0,3,2,0,1,3,1,0,1,0,0000000,0,51,1,3,2,26,0,0,0,1,1
48,482376,1,1,0,0,0,1,1,319,0,24,10,2012,4,12,8,0,4,3,SR-29,,65,30.82823056,-99.39143611,0,1,0,0,1,1,0,4,1,1,0,1,0,0000000,88,88,88,88,88,88,0,0,0,1,0
48,482377,3,3,0,0,0,3,3,355,1550,24,10,2012,4,21,52,1,13,3,SR-357 RODD FIELD RD,CORSAIR DR,154,27.68524444,-97.34661389,0,12,1,0,3,3,0,1,3,10,0,10,0,0000000,21,53,21,59,22,19,0,0,0,1,0
48,482378,2,2,0,0,0,5,5,481,0,24,10,2012,4,9,25,0,4,8,FM 102,,81,29.41338056,-96.247525,0,12,6,0,8,1,0,1,1,1,0,1,0,0000000,99,99,99,99,99,99,0,0,0,1,0
48,482379,1,1,0,1,1,4,4,157,6660,25,10,2012,5,20,51,1,12,2,US-59,W GRAND PKWY,94,29.56474444,-95.67507222,0,8,0,1,18,1,0,1,2,1,0,1,0,0000000,88,88,88,88,88,88,0,0,0,1,0
48,482380,4,1,3,2,5,1,4,309,0,25,10,2012,5,0,34,1,1,1,I-35,,12,31.68580278,-97.09974444,0,45,0,1,19,1,1,4,2,1,0,1,0,0000000,0,41,0,54,1,24,3,0,0,1,0
48,482381,1,1,0,1,1,1,1,439,260,25,10,2012,5,23,55,1,11,1,I-20 RAMP,,117,32.67916111,-97.06519167,0,8,0,1,5,1,0,1,2,10,0,10,0,0000000,88,88,88,88,88,88,0,0,0,1,0
48,482382,1,1,0,1,1,1,1,497,1780,25,10,2012,5,5,25,1,13,2,US-81/287,,175,33.23985833,-97.60064167,0,8,0,0,1,1,0,1,2,1,0,1,0,0000000,5,30,5,32,5,54,0,0,0,1,0
48,482383,2,2,0,0,0,2,2,29,6090,26,10,2012,6,3,40,1,12,3,SR-151/STOTZER FWY,,91,29.42253889,-98.59281111,0,12,2,0,1,1,0,1,3,1,0,1,0,0000000,4,0,4,7,4,37,0,0,0,1,1
48,482384,2,2,0,0,0,5,5,113,1730,26,10,2012,6,16,30,0,16,5,ILLINOIS AVE,,0,32.71970278,-96.79168611,0,12,2,0,1,1,0,1,1,1,0,1,0,0000000,16,34,16,40,17,15,0,0,0,1,0
48,482385,2,2,0,0,0,3,3,201,0,26,10,2012,6,18,50,0,4,8,FM 1942,STABLES LN,53,29.85675278,-95.00096111,0,12,2,0,2,3,0,1,2,10,0,10,0,0000000,19,8,19,24,19,48,4,0,0,2,0
48,482386,2,2,0,1,1,3,3,201,530,26,10,2012,6,7,34,0,16,5,CHIMNEY ROCK RD,PINE ST,0,29.694725,-95.47612222,0,12,6,0,2,4,0,1,1,1,0,1,0,0000000,7,43,7,51,8,19,0,0,0,1,0
48,482387,3,3,0,0,0,3,3,201,3280,26,10,2012,6,17,22,0,16,5,MONTGOMERY RD,WILBURFORCE,0,29.85785,-95.42174167,0,12,6,0,2,3,0,1,1,10,0,10,0,0000000,17,22,17,26,17,40,0,0,0,1,0
48,482388,1,1,0,0,0,1,1,201,3280,26,10,2012,6,23,45,0,16,5,WILLOW TERRACE DR,,0,30.05602778,-95.160375,0,42,0,0,1,1,0,3,3,10,0,10,0,0000000,88,88,88,88,88,88,0,0,0,1,0
48,482389,1,1,0,0,0,4,4,339,0,26,10,2012,6,22,39,0,6,4,CR-NICHOLS SAWMILL RD,,0,30.12833611,-95.75287778,0,1,0,0,1,1,0,4,2,10,0,10,0,0000000,22,41,22,44,23,54,0,0,0,2,1
48,482390,2,2,0,0,0,2,2,355,9997,26,10,2012,6,18,29,0,3,8,FM 665,,86,27.68739167,-97.62617222,0,12,6,0,1,1,0,1,5,2,0,2,0,0000000,88,88,88,88,88,88,0,0,0,1,0
48,482391,1,1,0,0,0,1,1,439,4300,26,10,2012,6,6,37,0,16,5,CARDINAL RD,,0,32.573125,-97.14934444,0,42,0,0,1,1,0,4,3,1,0,1,0,0000000,6,44,6,50,7,29,0,0,0,1,0
48,482392,2,2,0,0,0,2,2,113,1730,27,10,2012,7,6,44,1,11,1,I-635 LYNDON B JOHNSON FWY,,28,32.89611111,-96.71288056,0,12,1,0,1,1,0,1,3,1,0,1,0,0000000,99,99,99,99,88,88,23,0,0,1,0
48,482393,2,2,0,0,0,4,4,127,0,27,10,2012,7,5,13,1,2,2,US-277,,66,28.62619722,-100.0871694,0,12,2,0,1,1,0,1,2,1,0,1,0,0000000,88,88,88,88,88,88,0,0,0,4,0
48,482394,1,1,0,0,0,1,1,215,2110,27,10,2012,7,0,6,1,12,7,US 281 W. 24TH AVE,,330,26.31054722,-98.14694167,0,1,0,1,18,1,0,1,2,1,0,1,0,0000000,88,88,88,88,88,88,0,0,0,1,0
48,482395,2,2,0,0,0,2,2,245,490,27,10,2012,7,19,23,1,11,1,I-10,,191,30.05907222,-94.136175,0,25,0,0,1,1,0,3,3,1,0,1,0,0000000,19,23,19,28,19,56,0,0,0,1,0
48,482396,2,1,1,1,2,1,2,339,1510,27,10,2012,7,8,25,1,11,7,I-45 RAMP,,146,30.31704722,-95.47256667,0,45,0,1,5,1,1,5,1,1,0,1,0,0000000,99,99,99,99,99,99,15,0,0,1,0
48,482397,1,1,0,0,0,2,2,157,3580,28,10,2012,1,0,11,1,11,7,I-10,,24,29.77845556,-95.81644444,0,33,0,1,19,1,0,8,2,1,0,1,0,0000000,0,17,0,38,1,0,0,0,0,1,1
48,482398,2,2,0,0,0,3,3,201,0,28,10,2012,1,2,2,1,12,3,SR-249,ANTOINE DR,193,29.91121389,-95.48001389,0,12,6,0,3,2,0,1,3,1,0,1,0,0000000,99,99,99,99,99,99,0,0,0,2,1
48,482399,1,1,0,5,5,1,1,201,0,28,10,2012,1,0,45,0,6,4,CR-OLD GREENHOUSE RD,CR-GUMMERT RD,0,29.85641389,-95.68981111,0,38,0,0,3,3,0,5,2,1,0,1,0,0000000,0,48,0,55,1,55,0,0,0,1,1
48,482400,2,2,0,0,0,2,2,255,0,28,10,2012,1,23,46,1,2,2,US-181,,66,28.93454167,-97.90190278,0,12,2,0,1,1,0,1,2,1,0,1,0,0000000,23,54,0,48,1,26,0,0,0,1,0
48,482401,1,1,0,0,0,1,1,375,150,28,10,2012,1,0,9,1,12,2,US-87 RAMP,,275,35.26328056,-101.8332944,0,33,0,0,5,1,1,10,3,1,0,1,0,0000000,99,99,99,99,99,99,0,0,0,1,1
48,482402,2,1,1,1,1,2,2,439,2450,28,10,2012,1,2,40,1,11,1,I-35,,58,32.73308056,-97.32060833,0,8,0,1,18,1,0,1,3,1,0,1,0,0000000,88,88,88,88,88,88,19,0,0,1,1
48,482403,1,1,0,0,0,1,1,439,2450,28,10,2012,1,3,10,0,16,5,PARK VISTA BLVD,,0,32.88331111,-97.27314167,0,33,0,0,1,1,0,4,3,1,0,1,0,0000000,88,88,88,88,88,88,0,0,0,1,1
48,482404,1,1,0,1,1,1,1,453,330,28,10,2012,1,2,7,0,16,5,S 1ST ST,,0,30.20552778,-97.78296111,0,8,0,0,1,1,0,1,3,1,0,1,0,0000000,88,88,88,88,88,88,0,0,0,1,0
48,482405,4,4,0,0,0,6,6,113,1730,29,10,2012,2,21,24,0,16,5,MILITARY PKWY,JIM MILLER RD,0,32.77270556,-96.70014167,0,12,6,0,2,2,0,1,3,1,0,1,0,0000000,21,27,21,34,21,54,0,0,0,2,1
48,482406,2,2,0,0,0,3,3,113,2800,29,10,2012,2,18,23,1,11,1,I-30 RAMP,BELTLINE RD,23,32.75905833,-96.99483056,0,12,6,1,2,2,0,1,1,1,0,1,0,0000000,18,25,18,32,18,45,0,0,0,1,0
48,482407,1,1,0,0,0,1,1,201,3280,29,10,2012,2,9,41,0,16,5,ALMEDA GENOA RD,,0,29.61671944,-95.35704444,0,32,0,0,1,1,0,4,1,1,0,1,0,0000000,88,88,88,88,88,88,0,0,0,1,0
48,482408,2,2,0,0,0,4,4,453,330,29,10,2012,2,17,22,1,11,7,I-35,FM1327,10,30.11248889,-97.80621944,0,12,6,1,2,2,0,1,1,1,0,1,0,0000000,17,23,17,36,18,17,0,0,0,1,0
48,482409,1,1,0,1,1,1,1,113,1730,30,10,2012,3,5,36,0,16,5,GOODLATIMER,CANTON ST,0,32.78166944,-96.7859,0,8,0,1,3,2,0,1,2,1,0,1,0,0000000,5,38,5,42,6,2,0,0,0,1,0
48,482410,1,1,0,0,0,1,1,113,2010,30,10,2012,3,11,43,1,11,1,I-20,,87,32.66538889,-96.90789444,0,21,0,0,1,1,0,4,1,1,0,1,0,0000000,88,88,88,88,88,88,0,0,0,1,0
48,482411,1,1,0,0,0,1,1,201,0,30,10,2012,3,20,5,0,6,4,CR-GLEN CHASE DR,,0,29.88235833,-95.64178333,0,42,0,0,1,1,0,3,3,1,0,1,0,0000000,20,21,20,41,21,5,0,0,0,1,0
48,482412,1,1,0,1,1,2,2,113,1730,31,10,2012,4,21,8,0,16,5,ARAPAHO RD,,0,32.96209444,-96.77009722,0,8,0,0,1,1,0,1,3,1,0,1,0,0000000,99,99,99,99,99,99,0,0,0,1,0
48,482413,1,1,0,0,0,1,1,187,1325,31,10,2012,4,3,25,0,16,5,CR-383,,0,29.56168333,-98.22710833,0,10,0,0,6,1,0,1,2,1,0,1,0,742630T,88,88,88,88,88,88,0,0,0,1,0
48,482414,1,1,0,0,0,2,2,147,0,19,9,2012,4,18,35,0,6,4,CR-4900,,0,33.41860833,-96.35070833,0,25,0,0,1,1,0,4,1,1,0,1,0,0000000,18,16,18,58,19,32,0,0,0,1,0
48,482415,3,3,0,0,0,4,4,491,0,25,9,2012,3,17,17,1,2,2,US-183,RM-1869,110,30.68882222,-97.87896667,0,12,1,0,2,3,0,1,1,1,0,1,0,0000000,17,19,17,30,17,57,0,0,0,1,0
48,482416,4,4,0,0,0,4,4,441,0,11,10,2012,5,6,41,0,4,8,FM 707,CR-314,12,32.37030833,-99.84438333,0,12,6,0,2,2,0,1,2,5,0,5,0,0000000,6,46,6,52,7,18,0,0,0,1,0
48,482417,2,2,0,0,0,3,3,251,0,15,10,2012,2,19,41,0,6,4,CR-RENFRO ST,LONGBRANCH RD,0,32.50575,-97.25644444,0,12,6,0,2,3,0,1,2,1,0,1,0,0000000,19,42,19,53,20,34,0,0,0,1,1
48,482418,2,2,0,0,0,3,3,449,4750,12,10,2012,6,22,3,1,13,2,US-271 RAMP,,195,33.15113611,-94.96860556,0,12,7,0,5,1,0,1,3,1,0,1,0,0000000,22,18,22,18,23,25,0,0,0,1,0
48,482419,2,2,0,0,0,5,5,297,0,16,10,2012,3,20,31,0,3,3,SR-72,,45,28.45366944,-98.27820833,0,12,6,0,1,1,0,1,2,2,0,2,0,0000000,99,99,99,99,99,99,0,0,0,1,1
48,482420,1,1,0,0,0,2,2,65,0,23,10,2012,3,15,47,0,6,4,CR-O,,0,35.3082,-101.3640194,0,38,0,0,1,1,0,4,1,1,0,1,0,0000000,15,48,15,55,16,50,0,0,0,1,0
48,482421,2,2,0,0,0,2,2,395,0,23,10,2012,3,14,22,1,2,2,US-190,,71,30.81194167,-96.52417222,0,12,6,0,1,1,0,1,1,1,0,1,0,0000000,99,99,99,99,99,99,0,0,0,1,1
48,482422,2,2,0,0,0,5,5,427,0,23,10,2012,3,20,25,1,2,2,US-83,,236,26.38982778,-98.91310833,0,12,2,0,1,1,0,1,2,1,0,1,0,0000000,20,35,20,44,21,12,0,0,0,1,1
48,482423,1,1,0,1,1,1,1,251,3593,25,10,2012,5,23,50,1,2,2,US-67,,27,32.40048611,-97.28515556,0,8,0,0,1,1,0,1,2,1,0,1,0,0000000,88,88,88,88,88,88,0,0,0,1,0
48,482424,2,2,0,0,0,2,2,281,0,25,10,2012,5,11,16,1,13,2,US-190,,153,31.09163611,-97.95832222,0,12,6,0,1,1,0,1,1,1,0,1,0,0000000,88,88,88,88,88,88,0,0,0,1,0
48,482425,3,3,0,0,0,10,10,201,3280,26,10,2012,6,23,40,1,11,7,I-10 EAST FWY,UVALDE RD,385,29.77105556,-95.18644444,0,12,6,1,2,2,0,1,3,1,0,1,0,0000000,23,43,23,49,0,22,0,0,0,1,0
48,482426,1,1,0,0,0,1,1,361,5100,27,10,2012,7,7,1,0,3,3,SR-62,,154,30.05453611,-93.82020833,0,30,0,0,1,1,0,4,1,1,0,1,0,0000000,88,88,88,88,88,88,0,0,0,1,0
48,482427,2,2,0,0,0,4,4,463,0,27,10,2012,7,23,23,1,2,2,US-90,,128,29.21127778,-99.92183889,0,12,2,0,1,1,1,1,2,1,0,1,0,0000000,99,99,99,99,99,99,0,0,0,3,0
48,482428,3,3,0,0,0,4,4,149,0,28,10,2012,1,15,20,0,3,2,US-77,,149,29.88105556,-96.87739722,0,12,2,0,1,1,1,1,1,1,0,1,0,0000000,15,22,15,36,17,9,1,0,0,1,0
48,482429,1,1,0,0,0,1,1,289,0,28,10,2012,1,2,53,0,3,3,SR-7,,126,31.24320556,-96.0646,0,42,0,0,1,1,0,4,2,1,0,1,0,0000000,88,88,88,88,88,88,0,0,0,1,0
48,482430,1,1,0,0,0,4,4,421,0,28,10,2012,1,14,30,1,2,2,US-287,,132,36.15875278,-102.0260389,0,1,0,0,1,1,0,1,1,1,0,1,0,0000000,14,44,15,2,99,99,0,0,0,1,0
48,482431,2,1,1,0,0,4,4,185,0,31,10,2012,4,11,25,1,2,3,SR-6,,45,30.36973333,-96.06620278,0,26,0,0,1,1,1,5,1,10,0,10,0,0000000,11,40,11,52,12,39,0,0,0,1,0
48,482432,1,1,0,0,0,1,1,167,6860,31,8,2012,6,17,19,0,16,5,ROYAL OAK,,0,29.3851,-94.96783611,0,19,0,0,1,1,0,4,1,1,0,1,0,0000000,99,99,99,99,99,99,0,0,0,1,0
48,482433,1,1,0,1,1,1,1,41,1440,12,10,2012,6,5,20,0,16,5,ROCK PRAIRIE RD,LONG MIRE DR,0,30.58373889,-96.28725,0,8,0,0,2,2,0,1,3,10,0,10,0,0000000,5,26,5,32,5,41,0,0,0,1,0
48,482434,2,2,0,0,0,2,2,439,590,22,10,2012,2,21,47,0,16,5,SPROLES DR,,0,32.67281389,-97.46851667,0,12,6,0,8,1,0,1,6,1,0,1,0,0000000,21,48,22,10,22,37,0,0,0,1,0
48,482435,1,1,0,0,0,1,1,331,0,28,10,2012,1,0,50,0,4,8,FM-487,,147,30.73882222,-97.07872778,0,1,0,0,1,1,0,1,2,1,0,1,0,0000000,88,88,88,88,88,88,0,0,0,1,1
48,482436,1,1,0,2,2,1,1,167,2570,26,1,2012,5,15,36,0,16,5,53RD ST,SEAWALL BLVD,0,29.27067778,-94.81944444,0,8,0,0,2,3,0,1,1,1,0,1,0,0000000,15,42,15,50,16,10,0,0,0,1,0
48,482437,2,2,0,0,0,2,2,439,2450,8,2,2012,4,16,50,1,11,1,I-35,,20,32.67680278,-97.32054167,0,12,2,0,1,1,0,1,1,1,0,1,0,0000000,16,55,17,5,17,50,0,0,0,1,0
48,482438,1,1,0,1,1,1,1,85,4230,15,3,2012,5,19,55,0,16,5,GREENWOOD RD,,0,33.20375278,-96.63064722,0,9,0,0,1,1,0,1,2,1,0,1,0,0000000,19,57,20,11,20,22,0,0,0,1,1
48,482439,2,2,0,0,0,2,2,439,0,18,4,2012,4,7,45,1,13,8,FM-1187,,54,32.56943611,-97.46408611,0,12,2,0,1,1,0,1,4,1,0,1,0,0000000,7,52,8,13,8,38,0,0,0,1,0
48,482440,1,1,0,0,0,2,2,141,9997,19,4,2012,5,23,45,1,11,7,I-10,,417,31.62431111,-106.212925,0,34,0,0,1,1,0,10,2,1,0,1,0,0000000,23,45,23,57,0,25,0,0,0,1,1
48,482441,2,2,0,0,0,2,2,41,1440,15,6,2012,6,13,32,1,13,8,FM 2818 HARVEY MITCHELL PKWY,HOLLEMAN ST,130,30.58670278,-96.33804444,0,1,0,0,3,2,0,1,1,1,0,1,0,0000000,13,34,13,41,13,51,0,0,0,1,0
48,482442,1,1,0,1,1,1,1,439,2450,18,7,2012,4,8,5,1,11,7,I-30 WEST FWY,,167,32.73648611,-97.43799444,0,8,0,1,5,1,0,1,1,1,0,1,0,0000000,99,99,99,99,99,99,0,0,0,1,0
48,482443,2,2,0,0,0,2,2,37,6850,11,8,2012,7,0,9,1,11,1,I-30,,394,33.45321389,-94.09451944,0,12,2,0,1,1,0,1,3,1,0,1,0,0000000,0,11,0,15,1,12,0,0,0,1,1
48,482444,1,1,0,1,1,1,1,491,5990,11,8,2012,7,5,17,1,13,8,RM 620,,98,30.51268056,-97.70188056,0,8,0,0,1,1,0,1,3,1,0,1,0,0000000,88,88,88,88,88,88,0,0,0,1,0
48,482445,1,1,0,1,1,1,1,215,4197,21,8,2012,3,21,28,0,16,5,NOLANA AVE,1ST ST,0,26.23806389,-98.21229722,0,9,0,0,2,2,0,1,3,1,0,1,0,0000000,99,99,99,99,99,99,0,0,0,1,0
48,482446,3,3,0,0,0,3,3,491,5990,28,8,2012,3,16,16,1,13,7,SR-45 LOUIS HENNA BLVD,AW GRIMES BLVD,69,30.48508611,-97.64981944,0,12,6,1,2,2,0,1,1,1,0,1,0,0000000,88,88,88,88,88,88,0,0,0,1,0
48,482448,2,2,0,0,0,2,2,491,5990,10,9,2012,2,6,53,1,11,7,I-35 MORRELL,BI 35L HESTERS CROSSING RD,7,30.48930833,-97.67607778,0,12,6,1,2,2,0,1,1,1,0,1,0,0000000,88,88,88,88,88,88,0,0,0,1,0
48,482449,2,2,0,0,0,2,2,233,780,14,9,2012,6,16,54,1,13,3,SR-136 WILSON ST,OPAL ST,5,35.66063333,-101.4065833,0,12,6,0,2,2,0,1,1,1,0,1,0,0000000,16,57,17,20,17,59,0,0,0,1,0
48,482450,1,1,0,0,0,2,2,215,0,2,10,2012,3,18,50,0,6,4,CR-VICTORIA RD,,0,26.12731944,-98.03471389,0,43,0,0,1,1,0,4,5,1,0,1,0,0000000,19,12,19,22,19,49,0,0,0,1,0
48,482452,3,3,0,2,2,1,1,201,3280,13,10,2012,7,1,43,1,1,2,US-290 NORTHWEST FWY,,374,29.81176389,-95.46060833,0,8,0,0,1,1,0,1,3,1,0,1,0,0000000,1,43,1,48,2,31,15,0,0,2,1
48,482453,1,1,0,0,0,2,2,231,2860,17,10,2012,4,11,55,1,11,1,I-30,,148,33.11133611,-96.1017,0,25,0,0,1,1,0,3,1,6,0,6,0,0000000,11,55,12,5,12,26,0,0,0,1,0
48,482454,2,2,0,0,0,4,4,315,0,21,10,2012,1,9,44,0,4,8,FM729,,77,32.80103889,-94.5869,0,12,2,0,1,1,0,1,1,1,0,1,0,0000000,10,8,10,26,11,15,0,0,0,1,0
48,482455,2,2,0,0,0,2,2,63,0,23,10,2012,3,4,30,1,2,2,US-271,,57,32.91048611,-94.95295,0,12,1,0,1,1,0,1,2,1,0,1,0,0000000,5,24,5,30,5,52,0,0,0,1,0
48,482456,1,1,0,0,0,1,1,39,0,26,10,2012,6,23,33,1,12,3,SR-288,,81,28.99755556,-95.38519444,0,52,0,0,1,1,0,4,2,10,0,10,0,0000000,88,88,88,88,88,88,0,0,0,1,0
48,482457,1,1,0,1,1,1,1,13,0,28,10,2012,1,3,55,0,4,8,FM476,,53,29.13205556,-98.68228611,0,8,0,0,1,1,0,1,2,1,0,1,0,0000000,88,88,88,88,88,88,0,0,0,1,0
48,482458,2,2,0,0,0,3,3,453,330,28,10,2012,1,18,59,0,16,5,MONTOPOLIS DR,HOGAN AVE,0,30.23456111,-97.69735,0,1,0,0,2,2,0,1,3,1,0,1,0,0000000,18,59,19,3,19,25,0,0,0,1,1
48,482459,2,2,0,0,0,5,5,423,0,30,10,2012,3,20,41,1,1,1,I-20,,64,32.47891111,-95.48718333,0,12,2,0,1,1,0,1,1,1,0,1,0,0000000,99,99,99,99,99,99,0,0,0,1,0
48,482460,1,1,0,0,0,1,1,223,0,31,10,2012,4,0,50,1,2,3,SR-19,,63,33.26301667,-95.58430833,0,1,0,0,1,1,0,1,2,1,0,1,0,0000000,88,88,88,88,88,88,0,0,0,1,0
48,482461,2,2,0,0,0,2,2,283,0,31,10,2012,4,14,27,0,4,8,FM624,,289,28.341125,-99.13861944,0,12,2,0,1,1,0,1,1,1,0,1,0,0000000,88,88,88,88,88,88,0,0,0,2,0
48,482462,2,2,0,0,0,2,2,141,2190,7,10,2012,1,2,26,1,11,1,I-10,,169,31.77924167,-106.5171972,0,12,11,0,1,1,0,1,3,1,0,1,0,0000000,2,26,2,32,2,53,0,0,0,1,0
48,482463,2,2,0,0,0,2,2,39,0,21,10,2012,1,19,15,0,4,8,FM1462,CR-606A NORRIS RD,34,29.35173056,-95.40741944,0,12,6,0,2,3,0,1,2,1,0,1,0,0000000,88,88,88,88,88,88,0,0,0,1,0
48,482464,1,1,0,0,0,1,1,479,0,21,10,2012,1,0,39,1,2,2,US-59,,350,27.58044167,-99.32348611,0,1,0,0,1,1,0,1,2,1,0,1,0,0000000,88,88,88,88,88,88,0,0,0,1,1
48,482466,2,2,0,0,0,3,3,81,0,28,10,2012,1,3,40,0,3,3,SR-158,,113,31.90446389,-100.6406417,0,12,2,0,1,1,0,1,2,1,0,1,0,0000000,4,31,4,59,5,27,0,0,0,1,0
48,482467,1,1,0,0,0,1,1,497,0,28,10,2012,1,2,28,0,4,8,FM730,,286,32.99930278,-97.54425,0,38,0,0,1,1,0,4,2,1,0,1,0,0000000,88,88,88,88,88,88,0,0,0,1,1
48,482468,1,1,0,1,1,1,1,231,0,29,10,2012,2,17,28,0,4,8,FM36,,44,33.02269722,-96.20634722,0,8,0,0,1,1,0,1,1,1,0,1,0,0000000,88,88,88,88,88,88,0,0,0,1,0