STATE,ST_CASE,VE_TOTAL,VE_FORMS,PVH_INVL,PEDS,PERNOTMVIT,PERMVIT,PERSONS,COUNTY,CITY,DAY,MONTH,YEAR,DAY_WEEK,HOUR,MINUTE,NHS,ROAD_FNC,ROUTE,TWAY_ID,TWAY_ID2,MILEPT,LATITUDE,LONGITUD,SP_JUR,HARM_EV,MAN_COLL,RELJCT1,RELJCT2,TYP_INT,WRK_ZONE,REL_ROAD,LGT_COND,WEATHER1,WEATHER2,WEATHER,SCH_BUS,RAIL,NOT_HOUR,NOT_MIN,ARR_HOUR,ARR_MIN,HOSP_HR,HOSP_MN,CF1,CF2,CF3,FATALS,DRUNK_DR
48,482469,1,1,0,0,0,1,1,21,0,30,10,2012,3,5,39,1,2,2,US-290,,64,30.318025,-97.31374722,0,38,0,0,1,1,0,4,2,1,0,1,0,0000000,99,99,99,99,99,99,0,0,0,1,0
48,482470,3,3,0,0,0,5,5,471,0,30,10,2012,3,16,3,0,3,3,SR-30,,108,30.69268611,-95.66097778,0,12,8,0,1,1,0,1,1,1,0,1,0,0000000,16,25,17,5,18,2,0,0,0,1,0
48,482471,1,1,0,1,1,1,1,21,0,31,10,2012,4,21,13,0,4,8,FM 1441,CR-SUZANNE DR,7,30.16128333,-97.30723611,0,8,0,0,2,3,0,1,2,1,0,1,0,0000000,88,88,88,88,88,88,0,0,0,1,0
48,482472,1,1,0,0,0,5,5,149,0,26,10,2012,6,15,2,0,3,3,SR-71,,77,29.93819722,-96.99673889,0,1,0,0,1,1,0,1,1,10,0,10,0,0000000,15,3,15,22,16,18,0,0,0,2,0
48,482473,3,3,0,0,0,6,6,13,0,1,11,2012,5,6,58,0,3,3,SR-16,,281,28.77991944,-98.54031389,0,12,2,0,1,1,0,1,2,5,0,5,0,0000000,7,15,7,32,8,15,0,0,0,2,0
48,482474,2,2,0,0,0,2,2,39,0,1,11,2012,5,13,24,0,4,8,FM 521,CR-36,97,29.27558056,-95.45598889,0,12,6,0,2,3,0,1,1,1,0,1,0,0000000,13,47,14,1,14,22,0,0,0,1,0
48,482475,2,2,0,0,0,3,3,67,5580,1,11,2012,5,17,53,1,2,2,US-59,,85,33.17620833,-94.15226944,0,12,6,0,1,1,0,1,1,1,0,1,0,0000000,88,88,88,88,88,88,0,0,0,1,0
48,482476,2,2,0,0,0,4,4,201,0,1,11,2012,5,22,21,1,12,3,SR-249,BUNNY RUN DR,228,29.89808056,-95.41862778,0,12,6,0,2,3,0,1,3,1,0,1,0,0000000,22,23,22,25,23,2,0,0,0,1,0
48,482477,1,1,0,0,0,1,1,209,6170,1,11,2012,5,3,10,1,13,3,SR-123,,110,29.85505278,-97.93979444,0,46,0,0,1,1,0,4,2,1,0,1,0,0000000,99,99,99,99,99,99,0,0,0,1,1
48,482478,2,2,0,0,0,2,2,423,0,1,11,2012,5,15,40,0,3,3,SR-31/FRONT ST,,123,32.34927778,-95.25036111,0,12,2,0,1,1,0,1,1,10,0,10,0,0000000,99,99,99,99,99,99,0,0,0,1,0
48,482479,2,2,0,0,0,2,2,451,0,1,11,2012,5,6,21,1,2,2,US-277,,28,31.35568056,-100.4336444,0,12,2,0,1,1,0,1,2,1,0,1,0,0000000,99,99,99,99,99,99,0,0,0,1,0
48,482480,1,1,0,0,0,1,1,453,330,1,11,2012,5,2,17,1,12,2,US-183/RESEARCH BLVD,,60,30.36666944,-97.71843889,0,25,0,0,1,1,0,3,3,1,0,1,0,0000000,88,88,88,88,88,88,0,0,0,1,1
48,482481,2,2,0,0,0,3,3,29,6090,2,11,2012,6,20,26,0,16,5,MONTGOMERY RD,,0,29.51208611,-98.36595,0,12,6,0,1,1,0,1,3,1,0,1,0,0000000,99,99,99,99,99,99,0,0,0,1,0
48,482482,1,1,0,0,0,3,3,85,5730,2,11,2012,6,12,12,0,16,5,CHAINHURST DR,,0,32.98623056,-96.64769167,0,5,0,0,1,1,0,1,1,1,0,1,0,0000000,99,99,12,12,12,33,0,0,0,1,0
48,482483,2,2,0,0,0,2,2,167,3920,2,11,2012,6,4,19,1,11,1,I-45,,148,29.47120556,-95.09501944,0,12,6,0,5,1,0,1,3,5,0,5,0,0000000,88,88,88,88,88,88,0,0,0,1,1
48,482484,2,2,0,0,0,2,2,199,6380,2,11,2012,6,19,0,0,14,3,SR-92 5TH ST,ROOSEVELT DR,121,30.35283889,-94.17649722,0,12,6,0,2,2,0,1,3,1,0,1,0,0000000,99,99,99,99,99,99,0,0,0,1,0
48,482485,1,1,0,1,1,3,3,439,2450,2,11,2012,6,20,17,1,13,3,SR-180,,181,32.74098056,-97.24952778,0,8,0,0,1,1,0,1,3,1,0,1,0,0000000,20,19,20,23,20,43,0,0,0,1,0
48,482486,2,2,0,0,0,6,6,157,0,2,11,2012,6,20,5,1,2,3,SR-36,,194,29.32704444,-95.75069722,0,12,2,0,1,1,0,1,2,1,0,1,0,0000000,20,8,20,18,21,26,0,0,0,2,1
48,482487,1,1,0,0,0,1,1,381,150,2,11,2012,6,2,16,0,16,5,SW 46TH AVE,S LIPSCOMB ST,0,35.16233333,-101.8522583,0,43,0,0,3,2,0,4,2,1,0,1,0,0000000,88,88,88,88,88,88,0,0,0,1,0
48,482488,2,2,0,0,0,2,2,497,0,2,11,2012,6,12,5,0,4,8,FM718,GREEN OAKS LN,9,33.05680278,-97.52664722,0,12,2,0,2,3,0,1,1,1,0,1,0,0000000,88,88,88,88,88,88,0,0,0,1,0
48,482489,3,1,2,0,0,1,1,29,6090,3,11,2012,7,17,37,0,16,5,ECKHERT RD,,0,29.50388056,-98.63411667,0,33,0,0,1,1,0,4,1,1,0,1,0,0000000,99,99,99,99,99,99,14,0,0,1,0
48,482490,1,1,0,0,0,1,1,59,0,3,11,2012,7,23,26,1,1,1,I-20,,215,32.38101944,-99.27076944,0,52,0,0,1,1,0,3,2,1,0,1,0,0000000,88,88,88,88,88,88,0,0,0,1,0
48,482491,2,2,0,0,0,3,3,63,0,3,11,2012,7,19,34,0,4,8,FM-1520,CR-2212,60,33.02968333,-94.97941944,0,12,6,0,2,3,0,1,2,10,0,10,0,0000000,88,88,88,88,88,88,0,0,0,1,0
48,482492,1,1,0,0,0,2,2,121,0,3,11,2012,7,3,54,0,6,4,CR-VIEW RD,,0,33.40471667,-97.20176111,0,30,0,0,1,1,0,4,2,1,0,1,0,0000000,3,57,4,15,5,6,0,0,0,1,1
48,482493,1,1,0,0,0,1,1,133,0,3,11,2012,7,8,42,1,1,1,I-20,,138,32.37559722,-98.88125833,0,59,0,0,1,1,0,10,1,1,0,1,0,0000000,88,88,88,88,88,88,0,0,0,1,0
48,482494,2,1,1,0,1,1,2,167,3220,3,11,2012,7,0,49,1,13,3,SR-6,,116,29.35509444,-95.03825278,0,14,0,0,1,1,0,2,2,1,0,1,0,0000000,88,88,88,88,88,88,0,0,0,1,1
48,482495,1,1,0,0,0,1,1,201,0,3,11,2012,7,2,55,0,6,4,CR-FRANZ RD,,0,29.80166944,-95.74244444,0,33,0,0,1,1,0,4,3,1,0,1,0,0000000,88,88,88,88,88,88,0,0,0,1,1
48,482496,1,1,0,0,0,2,2,201,3280,3,11,2012,7,6,25,0,16,5,HILLCROFT,,0,29.687525,-95.49238056,0,30,0,0,1,1,0,4,3,1,0,1,0,0000000,6,27,6,40,7,6,0,0,0,1,0
48,482497,1,1,0,1,1,1,1,201,0,3,11,2012,7,23,15,0,13,2,US-290,,188,29.941325,-95.65670833,0,8,0,0,1,1,0,1,2,10,0,10,0,0000000,88,88,88,88,88,88,0,0,0,1,0
48,482498,2,2,0,0,0,2,2,259,0,3,11,2012,7,10,35,1,1,1,I-10,,76,29.92122778,-98.84793333,0,12,1,0,1,1,0,1,1,1,0,1,0,0000000,88,88,88,88,88,88,0,0,0,1,0
48,482499,2,2,0,0,0,3,3,339,0,3,11,2012,7,23,37,0,6,4,CR-NICHOLS SAWMILL RD,,0,30.14291944,-95.75284722,0,12,2,0,1,1,0,1,2,1,0,1,0,0000000,99,99,99,99,99,99,0,0,0,1,0
48,482500,1,1,0,0,0,2,2,397,9997,3,11,2012,7,0,1,0,16,5,SCENIC DR,,0,32.91888611,-96.50958056,0,33,0,0,1,1,0,4,3,1,0,1,0,0000000,99,99,99,99,99,99,0,0,0,1,0
48,482501,2,2,0,1,1,6,6,439,2450,3,11,2012,7,1,11,1,11,1,I-30 EAST FWY,,176,32.75729167,-97.26416111,0,12,1,1,18,1,0,1,3,1,0,1,0,0000000,88,88,88,88,88,88,0,0,0,1,0
48,482502,1,1,0,1,1,2,2,453,330,3,11,2012,7,0,20,0,16,5,RIVERSIDE DR,,0,30.22084167,-97.69478333,0,9,0,0,1,1,0,1,2,1,0,1,0,0000000,0,22,0,29,0,46,0,0,0,1,1
48,482503,1,1,0,0,0,1,1,167,2570,4,11,2012,1,1,5,0,16,5,SEAWALL BLVD,,0,29.297825,-94.77815556,0,31,0,0,1,1,0,4,3,1,0,1,0,0000000,1,6,1,10,1,30,0,0,0,1,0
48,482504,1,1,0,1,1,2,2,485,7490,3,11,2012,7,1,35,1,11,1,I-44 CENTRAL FWY,,66,33.98270556,-98.53941944,0,8,0,1,18,1,0,1,2,1,0,1,0,0000000,88,88,88,88,88,88,0,0,0,1,0
48,482506,1,1,0,0,0,1,1,201,0,4,11,2012,1,1,13,0,6,4,CR-MAIN ST,,0,29.795725,-95.05531944,0,31,0,0,1,1,0,4,2,10,0,10,0,0000000,1,18,1,53,2,17,20,0,0,1,1
48,482507,3,3,0,0,0,5,5,201,3280,4,11,2012,1,2,26,1,11,1,I-45 NORTH FWY,,347,29.91486944,-95.41241111,0,12,1,1,18,1,0,1,3,1,0,1,0,0000000,88,88,88,88,88,88,0,0,0,1,1
48,482509,4,4,0,0,0,9,9,215,4197,4,11,2012,1,2,50,1,12,2,US-83,,229,26.19235833,-98.24732778,0,12,6,1,18,1,0,1,3,1,0,1,0,0000000,99,99,99,99,99,99,14,0,0,1,1
48,482510,2,2,0,0,0,3,3,249,0,4,11,2012,1,18,25,1,2,3,SR-44/359,,71,27.75017778,-98.12812778,0,12,6,0,7,1,0,1,2,10,0,10,0,0000000,99,99,99,99,99,99,0,0,0,1,0
48,482511,2,2,0,0,0,2,2,255,0,4,11,2012,1,0,2,0,4,3,SR-80,,78,29.11808611,-97.78453333,0,12,6,0,1,1,0,1,2,1,0,1,0,0000000,88,88,88,88,88,88,0,0,0,1,0
48,482512,1,1,0,0,0,1,1,281,0,4,11,2012,1,9,35,0,4,8,FM 580,,47,31.12465833,-98.47811389,0,38,0,0,1,1,0,4,1,1,0,1,0,0000000,88,88,88,88,88,88,0,0,0,1,0
48,482513,2,2,0,0,0,4,4,481,2130,4,11,2012,1,18,15,1,13,2,US-59,DIVIDE ST,237,29.19473611,-96.24523333,0,12,6,0,2,3,0,1,5,1,0,1,0,0000000,18,17,18,22,18,57,0,0,0,2,2
48,482514,2,2,0,0,0,2,2,5,0,5,11,2012,2,21,45,1,2,2,US-59,,37,31.40294722,-94.71958056,0,12,1,0,1,1,0,1,2,1,0,1,0,0000000,88,88,88,88,88,88,0,0,0,1,1
48,482515,2,2,0,0,0,2,2,63,0,5,11,2012,2,18,30,1,2,2,US-271,,25,32.95865,-94.95388889,0,12,6,0,1,1,0,1,2,1,0,1,0,0000000,88,88,88,88,88,88,0,0,0,1,0
48,482516,1,1,0,1,1,1,1,139,7270,5,11,2012,2,18,57,1,12,7,US-287/287 BYPASS,,420,32.41881944,-96.83465278,0,8,0,0,1,1,0,1,2,1,0,1,0,0000000,99,99,99,99,99,99,0,0,0,1,0
48,482517,1,1,0,0,0,1,1,167,2570,5,11,2012,2,1,34,1,13,3,SR-87/SEAWALL BLVD,,27,29.54207222,-94.40900833,0,1,0,0,1,1,0,1,3,1,0,1,0,0000000,88,88,88,88,88,88,0,0,0,1,1
48,482518,1,1,0,0,0,1,1,167,2570,5,11,2012,2,4,14,0,16,5,83RD ST,BELUCHE DR,0,29.259825,-94.84953611,0,5,0,0,3,3,0,4,2,1,0,1,0,0000000,88,88,88,88,88,88,0,0,0,1,1
48,482519,2,2,0,0,0,5,5,181,3290,5,11,2012,2,15,37,0,3,3,SR-5/DENNY ST,CR-BLYTHE RD,48,33.46538333,-96.59515278,0,12,6,0,2,2,0,1,1,1,0,1,0,0000000,15,47,16,15,16,39,0,0,0,1,0
48,482520,1,1,0,0,0,1,1,183,0,5,11,2012,2,6,5,0,4,8,FM 2767/OLD KILGORE HWY,,0,32.38566944,-94.98535556,0,18,0,0,1,1,1,5,2,1,0,1,0,0000000,88,88,88,88,88,88,0,0,0,1,1
48,482521,2,2,0,0,0,3,3,201,3280,5,11,2012,2,13,5,0,16,5,TIDWELL RD,DUOTO ST,0,29.84693889,-95.44276944,0,12,6,0,2,2,0,1,1,1,0,1,0,0000000,13,8,13,15,13,49,0,0,0,1,0
48,482522,1,1,0,0,0,1,1,287,0,5,11,2012,2,14,40,0,4,8,FM696,,98,30.41069722,-97.10508333,0,1,0,0,1,1,0,4,1,1,0,1,0,0000000,88,88,88,88,88,88,0,0,0,1,0
48,482523,2,2,0,0,0,8,8,321,5160,5,11,2012,2,13,55,0,14,3,SR-35,,453,28.72383056,-96.264325,0,12,2,0,1,1,0,1,1,1,0,1,0,0000000,99,99,14,7,14,31,0,0,0,1,0
48,482524,4,4,0,0,0,9,9,323,2030,5,11,2012,2,16,28,1,13,8,FM3443 S VETERANS BLVD,,3,28.7054,-100.4744444,0,12,8,0,1,1,0,1,1,1,0,1,0,0000000,99,99,99,99,99,99,0,0,0,1,0
48,482525,2,2,0,0,0,3,3,397,0,5,11,2012,2,6,22,0,4,3,SR-276,FM548,0,32.89970833,-96.33986944,0,12,6,0,2,2,0,1,4,5,0,5,0,0000000,6,24,6,32,6,59,0,0,0,1,0
48,482526,2,2,0,0,0,4,4,113,4530,6,11,2012,3,19,11,1,11,1,I-635,,70,32.78507778,-96.62459444,0,12,7,0,1,1,0,1,2,1,0,1,0,0000000,19,12,19,19,19,33,0,0,0,1,0
48,482527,2,2,0,0,0,3,3,201,3280,6,11,2012,3,6,41,0,16,5,W 43RD ST,SOUTHERLAND RD,0,29.83435556,-95.49367778,0,12,6,0,2,2,0,1,1,1,0,1,0,0000000,6,43,6,53,7,58,0,0,0,2,0
48,482528,2,2,0,1,1,1,1,201,3280,6,11,2012,3,14,30,1,12,8,SL8,,188,29.60049722,-95.34201389,0,12,1,0,1,1,0,1,1,1,0,1,0,0000000,14,33,14,40,15,25,15,23,0,1,1
48,482529,2,2,0,0,0,3,3,467,0,6,11,2012,3,13,32,0,3,3,SR-64,CR-4126,138,32.54986389,-95.85038889,0,12,6,0,2,3,0,1,1,1,0,1,0,0000000,88,88,88,88,88,88,0,0,0,1,0
48,482530,1,1,0,1,1,1,1,29,6090,7,11,2012,4,20,45,1,13,8,SL13,,41,29.35668056,-98.49165556,0,8,0,0,1,1,0,1,3,1,0,1,0,0000000,88,88,88,88,88,88,0,0,0,1,0
48,482531,1,1,0,1,1,1,1,85,92,7,11,2012,4,8,33,0,16,5,VINEHILL CT,ALLEY,0,33.11805556,-96.63948056,0,8,0,0,3,1,0,1,1,1,0,1,0,0000000,8,36,8,40,9,6,0,0,0,1,0
48,482532,1,1,0,0,0,2,2,113,1730,7,11,2012,4,7,0,0,16,5,WESTMORELAND RD,,0,32.76624444,-96.87398056,0,33,0,0,1,1,0,4,1,1,0,1,0,0000000,88,88,88,88,88,88,0,0,0,2,0
48,482533,1,1,0,0,0,4,4,183,4080,7,11,2012,4,14,58,0,16,5,AIRLINE RD,,0,32.54043056,-94.73952222,0,1,0,0,1,1,0,4,1,1,0,1,0,0000000,14,58,15,3,15,21,0,0,0,1,0
48,482534,2,2,0,0,0,2,2,203,4360,7,11,2012,4,8,12,0,14,8,FM-1998,SL-390,104,32.54537222,-94.29845556,0,12,6,0,2,2,0,1,1,1,0,1,0,0000000,99,99,99,99,99,99,0,0,0,1,0
48,482535,1,1,0,1,1,1,1,213,2938,7,11,2012,4,8,26,0,16,5,BEDFORDS BEND,,0,32.32249167,-96.15403611,0,8,0,0,1,1,0,1,4,1,0,1,0,0000000,88,88,88,88,88,88,0,0,0,1,0
48,482536,2,2,0,0,0,2,2,483,0,7,11,2012,4,8,33,0,3,3,SR-152,,141,35.43642778,-100.0249944,0,12,2,0,1,1,0,1,1,1,0,1,0,0000000,99,99,99,99,99,99,0,0,0,1,0
48,482537,1,1,0,0,0,1,1,29,6090,8,11,2012,5,3,50,0,16,5,JUANITA ST,,0,29.41114444,-98.55856667,0,18,0,0,1,1,0,1,3,1,0,1,0,0000000,88,88,88,88,88,88,0,0,0,1,1
48,482538,1,1,0,1,1,2,2,113,1730,8,11,2012,5,19,1,1,13,8,SL-12,,205,32.71310556,-96.69314444,0,8,0,0,1,1,0,1,3,1,0,1,0,0000000,19,18,19,25,19,41,0,0,0,1,0
48,482539,1,1,0,1,1,1,1,201,0,8,11,2012,5,18,18,0,6,4,CR-ALIEF CLODINE RD,TRES LAGUNAS,0,29.711125,-95.63879167,0,8,0,0,3,3,0,1,2,1,0,1,0,0000000,18,28,18,42,19,4,0,0,0,1,0
48,482540,2,1,1,0,0,1,1,245,0,8,11,2012,5,0,20,1,2,3,SR-73,,152,29.84768611,-94.13719167,0,14,0,0,1,1,0,2,2,1,0,1,0,0000000,88,88,88,88,88,88,0,0,0,1,0
48,482542,1,1,0,0,0,1,1,457,0,8,11,2012,5,5,50,0,6,4,CR-HUBERT CEMETERY,,0,30.77095556,-94.60107222,0,42,0,0,1,1,0,4,2,1,0,1,0,0000000,6,59,8,8,8,54,0,0,0,1,1
48,482543,1,1,0,0,0,2,2,27,3690,9,11,2012,6,2,7,0,16,5,GILMER ST,,0,31.12084167,-97.73828611,0,10,0,0,6,1,0,1,2,1,0,1,0,024539U,88,88,88,88,88,88,0,0,0,2,1
48,482544,1,1,0,0,0,1,1,201,0,9,11,2012,6,23,5,0,6,4,CR-PARK ROW BLVD,,0,29.79027778,-95.72068333,0,30,0,0,1,1,0,4,3,1,0,1,0,0000000,88,88,88,88,88,88,0,0,0,1,0
48,482545,2,2,0,0,0,4,4,215,2110,9,11,2012,6,17,7,1,2,2,US-281,,238,26.44399444,-98.13271111,0,12,7,0,1,1,0,1,1,1,0,1,0,0000000,99,99,99,99,99,99,0,0,0,2,0
48,482546,2,2,0,0,0,2,2,339,0,9,11,2012,6,7,20,0,4,8,FM-2090,CR-HUFF/DAW COLLINS RD,246,30.25963056,-95.23887222,0,12,6,0,2,2,0,1,1,1,0,1,0,0000000,99,99,99,99,99,99,0,0,0,1,0
48,482547,2,2,0,0,0,2,2,413,0,9,11,2012,6,6,28,0,4,2,US-190,,109,30.86699722,-100.8010333,0,32,0,0,1,1,0,4,4,10,0,10,0,0000000,7,3,7,33,8,29,0,0,0,1,0
48,482548,1,1,0,0,0,1,1,439,2450,9,11,2012,6,2,30,0,16,5,OLD MANSFIELD RD,,0,32.71036389,-97.30035278,0,43,0,0,1,1,0,4,2,1,0,1,0,0000000,88,88,88,88,88,88,0,0,0,1,1
48,482549,1,1,0,0,0,2,2,131,0,10,11,2012,7,5,50,1,2,2,US-59,,63,28.00294444,-98.45749722,0,1,0,0,1,1,0,4,2,1,0,1,0,0000000,6,24,6,41,7,20,0,0,0,1,0
48,482550,1,1,0,0,0,1,1,141,0,10,11,2012,7,4,50,0,6,4,CR-ALARCON RD,,0,31.58102778,-106.2735028,0,42,0,0,1,1,0,4,2,1,0,1,0,0000000,88,88,88,88,88,88,0,0,0,1,1
48,482551,1,1,0,0,0,2,2,149,0,10,11,2012,7,0,15,0,4,3,SR-95,,31,29.64700556,-97.12731111,0,38,0,0,1,1,0,4,2,1,0,1,0,0000000,0,22,0,59,1,28,0,0,0,1,1
48,482552,1,1,0,0,0,1,1,201,0,10,11,2012,7,1,40,0,6,4,CR-BARKER CYPRESS,,0,29.91606667,-95.686025,0,1,0,0,1,1,0,4,2,1,0,1,0,0000000,99,99,99,99,99,99,0,0,0,1,1
48,482553,1,1,0,1,1,1,1,201,0,10,11,2012,7,22,50,1,11,7,I-10,,429,29.78172222,-95.11565833,0,8,0,0,1,1,0,1,2,10,0,10,0,0000000,88,88,88,88,88,88,0,0,0,1,0
48,482554,2,2,0,0,0,5,5,291,1770,10,11,2012,7,11,1,0,3,3,SR-321,CR-668,235,30.08066944,-94.91173889,0,12,2,0,2,3,0,1,1,1,0,1,0,0000000,11,5,11,28,11,55,0,0,0,2,0
48,482555,1,1,0,1,1,1,1,113,2590,11,11,2012,1,0,33,1,11,1,I-30,,276,32.84483889,-96.58391389,0,8,0,0,1,1,0,1,3,1,0,1,0,0000000,99,99,99,99,99,99,20,0,0,1,0
48,482556,2,2,0,0,0,7,7,201,3280,11,11,2012,1,2,46,1,11,7,I-10,S FRY RD,57,29.78448889,-95.71892778,0,12,6,1,2,2,0,1,2,1,0,1,0,0000000,99,99,2,47,3,4,0,0,0,1,0
48,482557,2,1,1,0,0,1,1,201,3280,11,11,2012,1,20,41,0,16,5,HICKOK LN,,0,29.62914444,-95.26994167,0,14,0,0,1,1,0,2,3,1,0,1,0,0000000,20,46,20,54,21,11,0,0,0,1,1
48,482558,1,1,0,1,1,2,2,309,7210,11,11,2012,1,20,52,1,11,1,I-35 JACK KULTGEN EXPY,,151,31.54704722,-97.125225,0,8,0,0,1,1,0,1,3,1,0,1,0,0000000,88,88,88,88,88,88,0,0,0,1,0
48,482559,1,1,0,1,1,1,1,321,0,11,11,2012,1,12,19,0,5,8,FM2853,,74,28.80037778,-96.15387778,0,9,0,0,1,1,0,1,1,1,0,1,0,0000000,12,39,13,18,14,16,0,0,0,1,1
48,482560,2,2,0,0,0,11,11,407,6344,11,11,2012,1,3,54,1,2,2,US-59,,51,30.50028611,-94.98843333,0,12,2,0,1,1,0,1,3,1,0,1,0,0000000,4,1,4,24,4,57,0,0,0,1,1
48,482561,2,2,0,0,0,3,3,453,9997,11,11,2012,1,13,48,0,16,5,TOLLWAY 130 S PICKLE PARKWAY,,0,30.06049167,-97.69241111,0,12,6,0,1,1,0,1,1,10,0,10,0,0000000,99,99,99,99,99,99,0,0,0,1,0
48,482562,2,2,0,0,0,3,3,1,5170,12,11,2012,2,16,8,1,13,2,US-287,LOOP 256,205,31.77014167,-95.65635,0,12,6,1,2,2,0,1,1,1,0,1,0,0000000,99,99,99,99,99,99,0,0,0,1,0
48,482563,2,2,0,0,0,6,6,121,1840,12,11,2012,2,7,39,0,14,8,FM-2449,,122,33.176825,-97.19255278,0,12,6,0,1,1,2,1,1,1,0,1,0,0000000,7,40,99,99,8,17,0,0,0,1,0
48,482564,3,2,1,0,0,3,3,161,0,12,11,2012,2,9,10,0,4,3,SR-75,FM 489,90,31.59543611,-96.14015278,0,12,6,0,2,2,0,1,1,1,0,1,0,0000000,9,23,9,39,10,32,14,0,0,2,0
48,482565,1,1,0,0,0,1,1,201,3280,12,11,2012,2,0,30,1,12,5,MEMORIAL DR,SAM HOUSTON PKWY,107,29.77280556,-95.56295833,0,46,0,1,2,4,0,3,2,2,0,2,0,0000000,88,88,88,88,88,88,0,0,0,1,1
48,482566,1,1,0,0,0,2,2,317,0,12,11,2012,2,0,45,0,4,8,FM 1212,,175,32.14749444,-101.9026667,0,1,0,0,1,1,0,1,2,1,0,1,0,0000000,99,99,99,99,99,99,0,0,0,1,0
48,482567,2,2,0,0,0,3,3,127,0,13,11,2012,3,6,0,1,2,2,US-83,,115,28.49848889,-99.82687778,0,12,6,0,8,1,0,1,2,1,0,1,0,0000000,88,88,88,88,88,88,0,0,0,1,0
48,482568,2,2,0,0,0,2,2,131,0,13,11,2012,3,6,1,1,2,2,US-59,,127,27.83596667,-98.75643333,0,12,2,0,1,1,0,1,2,1,0,1,0,0000000,99,99,99,99,99,99,0,0,0,1,0
48,482569,1,1,0,0,0,1,1,371,0,13,11,2012,3,9,18,1,1,1,I-10,,0,30.89745278,-103.0001889,0,1,0,0,1,1,0,10,1,1,0,1,0,0000000,99,99,99,99,99,99,0,0,0,1,0
48,482570,2,2,0,0,0,4,4,13,0,14,11,2012,4,7,45,0,4,3,SR-97,,70,28.90476111,-98.61950278,0,12,6,0,1,1,0,1,1,1,0,1,0,0000000,8,16,8,34,9,10,0,0,0,1,0
48,482571,1,1,0,1,1,1,1,41,1440,14,11,2012,4,22,37,1,12,7,SR-6,,107,30.56982222,-96.270825,0,8,0,0,1,1,0,1,2,1,0,1,0,0000000,99,99,99,99,99,99,0,0,0,1,0
48,482572,3,3,0,0,0,2,2,121,3960,14,11,2012,4,11,42,0,16,5,VALLEY RIDGE BLVD,,0,33.05872222,-97.02901944,0,12,1,0,1,1,0,1,1,1,0,1,0,0000000,11,43,11,47,12,19,0,0,0,1,0
48,482573,2,2,0,0,0,2,2,201,0,14,11,2012,4,6,10,0,6,4,CR-TIDAL RD,,0,29.71405278,-95.11319722,0,12,6,0,8,1,0,1,4,1,0,1,0,0000000,99,99,99,99,99,99,0,0,0,1,0
48,482574,2,1,1,0,1,1,2,339,0,14,11,2012,4,22,0,1,11,1,I-45,,70,30.20915,-95.45626389,0,14,0,0,1,1,0,3,3,1,0,1,0,0000000,22,8,22,19,22,50,0,0,0,1,1
48,482575,1,1,0,1,1,2,2,491,1242,14,11,2012,4,19,34,1,13,2,US-183,,212,30.54130278,-97.83888333,0,8,0,0,1,1,0,1,2,1,0,1,0,0000000,19,37,19,40,20,12,0,0,0,1,0
48,482576,1,1,0,0,0,2,2,491,2620,14,11,2012,4,23,12,0,19,8,FM 2338,,99999,30.69722778,-97.73692222,0,30,0,0,1,1,0,4,2,1,0,1,0,0000000,23,13,23,19,23,58,0,0,0,1,0
48,482577,2,1,1,0,0,1,1,27,3690,15,11,2012,5,21,56,0,16,5,BRIDLE DR,,0,31.08275556,-97.79619444,0,5,0,0,1,1,0,1,3,1,0,1,0,0000000,99,99,99,99,99,99,0,0,0,1,0
48,482578,2,2,0,0,0,2,2,215,0,15,11,2012,5,17,42,0,14,8,FM-2128,DOOLITTLE RD,20,26.30385833,-98.12877778,0,12,6,0,2,3,0,1,1,10,0,10,0,0000000,99,99,99,99,99,99,0,0,0,1,0
48,482579,2,2,0,0,0,26,26,329,4560,15,11,2012,5,16,35,0,16,5,GARFIELD AVE,INDUSTRIAL,0,31.98561389,-102.0935083,0,10,0,0,6,1,0,1,1,1,0,1,0,796331L,16,36,16,43,16,56,0,0,0,4,0
48,482580,2,2,0,0,0,3,3,439,2450,15,11,2012,5,18,23,1,13,2,US-287 MANSFIELD HWY,COLLETT LITTLE RD,90,32.670525,-97.24112778,0,12,6,0,2,3,0,1,1,1,0,1,0,0000000,18,24,18,31,19,31,0,0,0,2,0
48,482581,2,2,0,0,0,2,2,1,0,16,11,2012,6,10,0,1,2,2,US-79,,49,31.81968889,-95.55633333,0,12,2,0,1,1,0,1,1,1,0,1,0,0000000,99,99,99,99,99,99,0,0,0,2,0
48,482582,1,1,0,1,1,1,1,27,3690,16,11,2012,6,23,14,1,13,3,SR-195/FT HOOD RD,,34,31.08328056,-97.75660278,0,8,0,0,1,1,0,1,2,1,0,1,0,0000000,88,88,88,88,88,88,0,0,0,1,0
48,482583,1,1,0,0,0,1,1,27,6810,16,11,2012,6,1,22,0,14,8,FM-93,,117,31.04384167,-97.42505833,0,42,0,0,1,1,0,4,2,1,0,1,0,0000000,88,88,88,88,88,88,0,0,0,1,0
48,482584,1,1,0,1,1,1,1,225,0,16,11,2012,6,16,45,0,5,8,FM-132,,66,31.28706111,-95.58493333,0,8,0,0,1,1,0,1,5,1,0,1,0,0000000,88,88,88,88,88,88,0,0,0,1,0