STATE,ST_CASE,VE_TOTAL,VE_FORMS,PVH_INVL,PEDS,PERNOTMVIT,PERMVIT,PERSONS,COUNTY,CITY,DAY,MONTH,YEAR,DAY_WEEK,HOUR,MINUTE,NHS,ROAD_FNC,ROUTE,TWAY_ID,TWAY_ID2,MILEPT,LATITUDE,LONGITUD,SP_JUR,HARM_EV,MAN_COLL,RELJCT1,RELJCT2,TYP_INT,WRK_ZONE,REL_ROAD,LGT_COND,WEATHER1,WEATHER2,WEATHER,SCH_BUS,RAIL,NOT_HOUR,NOT_MIN,ARR_HOUR,ARR_MIN,HOSP_HR,HOSP_MN,CF1,CF2,CF3,FATALS,DRUNK_DR
48,482585,2,2,0,0,0,3,3,241,0,16,11,2012,6,9,50,0,3,3,SR-62,,135,30.272575,-93.90469167,0,12,8,0,1,1,0,1,1,1,0,1,0,0000000,10,4,10,20,11,38,0,0,0,1,0
48,482586,2,2,0,0,0,2,2,295,0,16,11,2012,6,6,55,0,4,3,SR-305,,288,36.17071667,-100.2759639,0,12,8,0,1,1,0,1,4,1,0,1,0,0000000,88,88,88,88,88,88,0,0,0,1,0
48,482587,1,1,0,0,0,2,2,409,240,16,11,2012,6,13,50,0,14,3,SR-35 BYPASS,,48,27.92959167,-97.18181111,0,43,0,1,19,1,0,4,1,1,0,1,0,0000000,88,88,88,88,88,88,0,0,0,1,0
48,482588,2,2,0,0,0,3,3,423,7070,16,11,2012,6,23,0,1,2,2,US-271 (SR155),,57,32.41278889,-95.2355,0,12,2,0,1,1,0,1,2,1,0,1,0,0000000,23,7,23,13,0,44,0,0,0,1,1
48,482589,1,1,0,1,1,1,1,29,6090,17,11,2012,7,20,3,0,16,5,GIBBS-SPRAWL RD,,0,29.48427222,-98.36841944,0,8,0,0,1,1,0,1,2,1,0,1,0,0000000,20,3,20,5,20,32,0,0,0,1,1
48,482590,2,2,0,0,0,2,2,113,1730,17,11,2012,7,16,51,0,16,5,GREENVILLE AVE,,0,32.85496944,-96.76909722,0,12,6,0,8,1,0,1,1,1,0,1,0,0000000,16,55,16,57,17,36,0,0,0,1,0
48,482591,2,2,0,0,0,9,9,157,4655,17,11,2012,7,18,45,1,13,3,SR-6,OILFIELD RD,71,29.55495833,-95.55506944,0,12,6,0,2,2,0,1,3,1,0,1,0,0000000,18,52,19,15,19,41,0,0,0,1,0
48,482592,1,1,0,0,0,1,1,453,330,17,11,2012,7,23,13,0,16,5,N LAMAR BLVD,,0,30.35596111,-97.70226389,0,42,0,0,1,1,0,4,3,1,0,1,0,0000000,88,88,88,88,88,88,0,0,0,1,0
48,482593,3,3,0,0,0,4,4,201,0,18,11,2012,1,19,47,0,6,4,CR-BARKER CYPRESS RD,,0,29.92073056,-95.68631944,0,12,7,0,1,1,0,1,2,1,0,1,0,0000000,19,51,19,58,20,49,0,0,0,1,1
48,482594,2,2,0,0,0,2,2,201,3280,18,11,2012,1,3,22,1,11,7,I-45 NORTH FWY,,349,29.91086111,-95.41206111,0,12,1,0,1,1,0,1,3,1,0,1,0,0000000,3,39,3,49,4,19,0,0,0,1,1
48,482595,2,2,0,0,0,3,3,439,4965,18,11,2012,1,16,27,1,12,3,SR-121/183 AIRPORT FWY,,191,32.83903889,-97.18798056,0,12,7,0,1,1,1,1,1,1,0,1,0,0000000,16,27,16,31,16,55,0,0,0,1,0
48,482596,2,2,0,0,0,2,2,71,0,19,11,2012,2,4,30,1,1,1,I-10,,69,29.83825,-94.59595833,0,12,6,0,1,1,0,1,2,1,0,1,0,0000000,88,88,88,88,88,88,0,0,0,1,0
48,482597,1,1,0,0,0,2,2,117,0,19,11,2012,2,19,15,0,5,8,FM1259,,72,34.80620278,-102.2990306,0,31,0,0,1,1,0,4,2,1,0,1,0,0000000,88,88,88,88,88,88,0,0,0,2,1
48,482598,1,1,0,0,0,3,3,311,0,19,11,2012,2,3,30,0,3,3,SR-16,,304,28.20979167,-98.57039167,0,1,0,0,1,1,0,4,2,10,0,10,0,0000000,4,5,4,38,5,27,0,0,0,1,0
48,482599,2,2,0,0,0,6,6,61,3030,20,11,2012,3,10,47,1,12,2,US-77,,110,26.20686667,-97.72123056,0,12,1,0,1,1,0,1,1,1,0,1,0,0000000,10,54,11,0,11,16,0,0,0,1,0
48,482600,1,1,0,0,0,2,2,419,0,20,11,2012,3,5,7,0,3,3,SR-87,,231,31.76384722,-94.0819,0,42,0,0,1,1,0,4,2,1,0,1,0,0000000,99,99,99,99,99,99,0,0,0,2,1
48,482601,2,2,0,0,0,4,4,115,3860,21,11,2012,4,12,11,1,13,2,US-87,US180,15,32.73687222,-101.9501972,0,12,6,0,2,2,0,1,1,1,0,1,0,0000000,99,99,99,99,99,99,0,0,0,1,0
48,482602,1,1,0,0,0,1,1,201,0,21,11,2012,4,22,6,0,6,4,CR-GOLDEN GATE DR,,0,29.87676667,-95.57379444,0,33,0,0,1,1,0,4,3,1,0,1,0,0000000,22,4,22,11,22,33,0,0,0,1,1
48,482603,2,2,0,0,0,4,4,375,150,21,11,2012,4,16,53,1,11,1,I-27,,9,35.19682222,-101.8364278,0,12,1,0,1,1,0,1,1,1,0,1,0,0000000,99,99,99,99,99,99,0,0,0,1,0
48,482604,2,2,0,0,0,3,3,381,0,21,11,2012,4,9,33,1,2,2,US-60,,13,34.93436111,-102.1483556,0,12,6,0,1,1,0,1,1,1,0,1,0,0000000,99,99,99,99,99,99,0,0,0,1,0
48,482605,2,2,0,0,0,3,3,397,5910,21,11,2012,4,6,16,0,14,3,SR-205/GOLIAD ST,FM 549/BUFFALO WAY RD,53,32.87756389,-96.42420833,0,12,6,0,2,3,0,1,2,1,0,1,0,0000000,6,18,6,21,7,10,0,0,0,1,0
48,482606,1,1,0,0,0,3,3,439,2800,21,11,2012,4,2,44,1,12,7,SR-360/WATSON,,201,32.63548056,-97.06326111,0,18,0,0,1,1,1,4,3,1,0,1,0,0000000,3,5,3,28,3,47,0,0,0,1,1
48,482607,2,2,0,0,0,4,4,451,6080,21,11,2012,4,23,4,1,12,7,US-67/HOUSTON HARTE EXPWY,,38,31.45211111,-100.4817389,0,12,1,0,8,1,0,1,3,1,0,1,0,0000000,23,5,23,14,23,32,0,0,0,1,1
48,482608,4,1,3,0,0,2,2,1,5170,22,11,2012,5,2,12,0,15,8,FM 322/SYCAMORE ST,,203,31.75771944,-95.63058333,0,14,0,0,1,1,0,7,2,1,0,1,0,0000000,99,99,99,99,99,99,0,0,0,1,1
48,482609,1,1,0,1,1,2,2,29,6090,22,11,2012,5,18,25,0,16,5,OLD HIGHWAY 90,ELDRIDGE AVE,0,29.42130556,-98.58553333,0,8,0,0,2,3,0,1,3,1,0,1,0,0000000,18,24,18,30,18,53,0,0,0,1,0
48,482610,3,3,0,1,1,8,8,29,6090,22,11,2012,5,0,48,1,12,8,SL 1604,,66,29.59475,-98.5742,0,8,0,0,1,1,0,1,2,1,0,1,0,0000000,88,88,88,88,88,88,0,0,0,1,0
48,482611,7,3,4,0,2,3,5,245,0,22,11,2012,5,8,15,1,1,1,I-10,,44,29.90038889,-94.30685,0,57,0,0,1,1,0,3,1,5,0,5,0,0000000,0,0,0,0,0,0,19,0,0,2,0
48,482612,2,2,0,0,0,2,2,299,0,22,11,2012,5,0,35,0,3,3,SR-71,,190,30.55527222,-98.46965,0,12,2,0,1,1,0,1,2,1,0,1,0,0000000,0,42,1,4,1,41,0,0,0,1,2
48,482613,1,1,0,0,0,1,1,453,330,22,11,2012,5,4,11,1,11,1,I-35,,42,30.15631389,-97.79071944,0,25,0,0,1,1,0,3,3,1,0,1,0,0000000,4,11,4,20,4,42,0,0,0,1,1
48,482614,2,2,0,0,0,5,5,421,0,23,11,2012,6,16,50,1,2,2,US-54,FM 119,161,36.47880833,-101.8234667,0,12,2,0,2,3,0,1,1,1,0,1,0,0000000,99,99,99,99,99,99,0,0,0,2,0
48,482615,1,1,0,0,0,1,1,29,0,24,11,2012,7,6,17,0,6,4,CR-ROSENBACHER RD,,0,29.38930833,-98.72651389,0,1,0,0,1,1,0,4,2,1,0,1,0,0000000,88,88,88,88,88,88,0,0,0,1,1
48,482616,1,1,0,1,1,1,1,113,1730,24,11,2012,7,19,7,0,16,5,MARTIN LUTHER KING JR BLVD,,0,32.76983056,-96.76759167,0,8,0,0,1,1,0,1,3,1,0,1,0,0000000,19,9,19,11,19,25,0,0,0,1,0
48,482617,2,2,0,0,0,3,3,441,30,24,11,2012,7,2,15,1,13,7,US-83,US-277,80,32.42759722,-99.7852,0,12,6,0,2,2,0,1,3,1,0,1,0,0000000,99,99,99,99,99,99,0,0,0,2,2
48,482618,2,2,0,0,0,2,2,201,0,25,11,2012,1,3,20,1,12,3,SR-249,,214,29.89773333,-95.44488889,0,12,2,0,1,1,0,1,2,10,0,10,0,0000000,3,29,3,38,4,26,0,0,0,1,2
48,482619,1,1,0,0,0,2,2,201,3280,25,11,2012,1,22,49,1,12,8,SL-8 RAMP,,28,29.65863889,-95.55669444,0,25,0,1,5,1,0,3,2,1,0,1,0,0000000,22,54,23,8,23,33,0,0,0,1,1
48,482620,2,2,0,0,0,2,2,281,0,25,11,2012,1,19,55,1,2,2,US-281,,136,31.25585833,-98.17658333,0,12,6,0,1,1,0,1,2,1,0,1,0,0000000,20,3,20,32,21,7,0,0,0,1,0
48,482621,1,1,0,0,0,1,1,381,0,25,11,2012,1,11,43,1,1,7,I-27,,90,34.88265556,-101.8457056,0,1,0,0,1,1,0,4,1,1,10,10,0,0000000,88,88,88,88,88,88,0,0,0,1,0
48,482622,1,1,0,0,0,1,1,453,330,25,11,2012,1,2,15,1,13,8,FM 734 PARMER LN,,57,30.33789167,-97.59631944,0,33,0,0,1,1,0,4,2,1,0,1,0,0000000,88,88,88,88,88,88,0,0,0,1,1
48,482623,1,1,0,1,1,1,1,113,1730,26,11,2012,2,12,50,0,16,5,HARRY HINES BLVD,,0,32.79724722,-96.81308611,0,8,0,0,1,1,0,1,1,1,0,1,0,0000000,12,54,13,0,13,15,16,0,0,1,0
48,482624,2,2,0,0,0,4,4,201,3280,26,11,2012,2,1,10,1,11,1,I-45,,363,29.93183889,-95.41203889,0,12,1,1,18,1,0,1,3,1,0,1,0,0000000,1,27,1,28,2,15,0,0,0,2,2
48,482625,3,3,0,0,0,8,8,201,3280,26,11,2012,2,4,25,0,16,5,HOLMAN,,0,29.73226667,-95.36600833,0,12,2,0,1,1,0,1,3,1,0,1,0,0000000,4,25,4,33,5,4,0,0,0,1,0
48,482626,2,2,0,0,0,2,2,211,0,27,11,2012,3,7,18,0,3,2,US-83,,12,35.68920833,-100.3706056,0,12,2,0,1,1,0,1,1,1,0,1,0,0000000,7,20,7,35,8,40,0,0,0,1,0
48,482627,1,1,0,0,0,1,1,85,5390,28,11,2012,4,6,40,1,13,3,SR-289 PRESTON RD,ALLIANCE BLVD,292,33.01466944,-96.79536111,0,33,0,0,3,2,0,3,4,1,0,1,0,0000000,6,41,6,47,7,7,0,0,0,1,0
48,482628,2,2,0,0,0,3,3,113,2800,28,11,2012,4,8,9,0,16,5,3RD ST,,0,32.72812222,-97.00716111,0,12,6,0,1,1,0,1,1,1,0,1,0,0000000,8,9,8,13,8,50,0,0,0,1,0
48,482629,1,1,0,4,4,1,1,29,0,29,11,2012,5,16,6,0,6,4,CR-FOSTER RD,,0,29.44964444,-98.3607,0,30,0,0,1,1,0,4,1,10,0,10,0,0000000,16,8,16,19,16,40,0,0,0,2,0
48,482630,2,2,0,0,0,2,2,29,6090,29,11,2012,5,21,57,0,4,8,SS 66 LONE STAR PASS,APPLEWHITE RD,15,29.26611389,-98.55065,0,12,6,0,2,2,0,1,3,1,0,1,0,0000000,22,15,22,29,22,49,0,0,0,1,0
48,482631,1,1,0,1,1,1,1,29,6090,29,11,2012,5,22,25,0,16,5,E BASSE RD,,0,29.49817222,-98.47438611,0,9,0,0,1,1,0,1,3,1,0,1,0,0000000,88,88,88,88,88,88,0,0,0,1,0
48,482632,1,1,0,0,0,1,1,423,0,29,11,2012,5,19,55,0,4,8,FM16,,171,32.51234167,-95.43817778,0,38,0,0,1,1,0,4,2,1,0,1,0,0000000,19,54,20,3,20,55,0,0,0,1,1
48,482633,1,1,0,0,0,3,3,423,0,30,11,2012,6,22,13,0,4,8,FM2767 KILGORE RD,,15,32.36131389,-95.24689444,0,1,0,0,1,1,0,4,2,1,0,1,0,0000000,99,99,22,12,22,24,0,0,0,1,0
48,482634,3,3,0,0,0,4,4,113,1730,20,9,2012,5,7,10,1,11,1,I-20 LBJ FWY,,71,32.67012778,-96.93378333,0,12,1,0,1,1,0,1,1,1,0,1,0,0000000,7,32,7,38,8,16,0,0,0,1,0
48,482635,2,2,0,0,0,2,2,165,0,6,10,2012,7,8,0,1,13,2,US-180,,265,32.71171389,-102.6308694,0,12,2,0,1,1,0,1,4,10,0,10,0,0000000,88,88,88,88,88,88,0,0,0,1,0
48,482636,3,3,0,0,0,3,3,427,5780,9,10,2012,3,10,20,1,13,2,US-83,,301,26.37861667,-98.80734167,0,12,2,0,1,1,0,1,1,1,0,1,0,0000000,99,99,10,29,10,43,0,0,0,1,0
48,482638,2,2,0,0,0,2,2,201,3280,21,10,2012,1,20,35,1,12,3,SR-288,,70,29.65814444,-95.38695556,0,12,6,0,1,1,0,1,3,1,0,1,0,0000000,20,35,20,40,20,54,0,0,0,1,1
48,482639,1,1,0,0,0,5,5,215,4650,21,10,2012,1,20,13,1,12,7,US-83,,197,26.19650278,-98.296475,0,30,0,0,1,1,0,4,3,1,0,1,0,0000000,99,99,99,99,99,99,0,0,0,1,0
48,482640,1,1,0,1,1,1,1,215,0,23,10,2012,3,1,30,0,14,8,FM681,CR-LOS EBANOS RD,280,26.31796944,-98.3248,0,9,0,0,2,2,0,1,3,1,0,1,0,0000000,88,88,88,88,88,88,0,0,0,1,0
48,482641,1,1,0,0,0,1,1,67,0,31,10,2012,4,2,30,0,4,3,SR-43,,81,33.02685556,-94.205175,0,42,0,0,1,1,0,4,2,1,0,1,0,0000000,88,88,88,88,88,88,0,0,0,1,0
48,482642,2,2,0,0,0,2,2,449,0,1,11,2012,5,18,55,1,2,2,US-271,,144,33.20793333,-95.00596111,0,12,6,0,8,1,0,1,2,1,0,1,0,0000000,18,58,19,2,19,18,0,0,0,1,0
48,482643,1,1,0,0,0,4,4,257,0,5,11,2012,2,19,30,0,4,8,FM-986,,37,32.8052,-96.26946944,0,1,0,0,1,1,0,4,2,1,0,1,0,0000000,19,32,19,47,20,55,0,0,0,1,0
48,482644,1,1,0,0,0,1,1,21,0,8,11,2012,5,16,3,0,4,3,SR-304,,34,30.07952778,-97.35880833,0,42,0,0,1,1,0,4,1,1,0,1,0,0000000,88,88,88,88,88,88,0,0,0,1,0
48,482646,1,1,0,0,0,1,1,425,0,15,11,2012,5,15,10,1,2,2,US-67,,52,32.19144444,-97.82393611,0,38,0,0,1,1,0,4,1,1,0,1,0,0000000,88,88,88,88,88,88,0,0,0,1,0
48,482647,2,2,0,0,0,3,3,329,4560,16,11,2012,6,23,30,0,16,5,LAMESA RD,WALNUT LN,0,32.00726111,-102.0673361,0,12,6,0,2,3,0,1,6,1,0,1,0,0000000,23,29,23,35,23,55,0,0,0,1,1
48,482648,1,1,0,0,0,5,5,1,0,17,11,2012,7,3,20,0,6,4,CR-2101,,0,31.652475,-95.67589722,0,42,0,0,1,1,0,4,2,1,0,1,0,0000000,99,99,99,99,99,99,0,0,0,1,1
48,482649,1,1,0,1,1,4,4,201,6490,17,11,2012,7,21,18,0,16,5,SPENCER HWY,8TH ST,0,29.66455833,-95.22184167,0,8,0,0,3,2,0,1,3,10,0,10,0,0000000,21,28,21,44,22,2,0,0,0,1,0
48,482650,2,1,1,0,0,2,2,309,0,17,11,2012,7,12,43,1,11,1,I-35,,62,31.43213056,-97.18865,0,14,0,0,1,1,0,2,1,1,0,1,0,0000000,12,43,12,52,13,25,0,0,0,1,0
48,482651,1,1,0,0,0,4,4,63,0,21,11,2012,4,20,3,0,4,8,FM 556,,44,32.94201667,-95.00868889,0,42,0,0,1,1,0,4,2,1,0,1,0,0000000,20,2,20,11,21,20,0,0,0,1,0
48,482652,1,1,0,1,1,2,2,113,3420,21,11,2012,4,14,52,0,16,5,SHADY GROVE RD,,0,32.80109722,-96.95876944,0,8,0,0,8,1,0,1,1,1,0,1,0,0000000,14,52,14,57,15,14,0,0,0,1,0
48,482653,1,1,0,1,1,1,1,183,4080,21,11,2012,4,18,52,0,16,5,LEE ST,,0,32.52803889,-94.81078333,0,8,0,0,1,1,0,1,2,1,0,1,0,0000000,18,52,18,59,19,20,0,0,0,1,1
48,482654,1,1,0,1,1,3,3,209,6170,21,11,2012,4,19,26,1,11,1,I-35,,60,29.86224444,-97.94720278,0,8,0,0,1,1,0,1,3,1,0,1,0,0000000,99,99,99,99,99,99,0,0,0,1,0
48,482655,3,3,0,0,0,6,6,331,0,21,11,2012,4,20,31,0,3,2,US-77,,23,30.79845833,-96.96179444,0,12,2,0,1,1,0,1,2,1,0,1,0,0000000,20,31,21,4,21,25,14,0,0,1,0
48,482656,2,2,0,0,0,2,2,309,0,23,11,2012,6,19,54,1,2,3,SR-31,FM 2311,112,31.67907778,-96.96873056,0,12,6,0,2,2,0,1,2,1,0,1,0,0000000,20,10,20,28,21,10,0,0,0,1,0
48,482657,1,1,0,0,0,6,6,365,0,23,11,2012,6,14,37,0,6,4,CR-430,,0,32.00221944,-94.15977778,0,5,0,0,1,1,0,1,1,1,0,1,0,0000000,88,88,88,88,88,88,0,0,0,1,1
48,482658,1,1,0,0,0,2,2,159,0,24,11,2012,7,18,30,0,4,8,FM 21,,41,33.12283611,-95.17573889,0,1,0,0,1,1,0,4,2,1,0,1,0,0000000,19,0,19,16,20,3,0,0,0,1,0
48,482659,1,1,0,1,1,1,1,113,2800,27,11,2012,3,19,26,0,16,5,POLO RD,,0,32.65831667,-97.01784444,0,9,0,0,1,1,0,1,3,1,0,1,0,0000000,99,99,99,99,99,99,0,0,0,1,1
48,482660,1,1,0,0,0,1,1,201,3280,27,11,2012,3,14,5,1,11,1,I-10/EAST FWY,,278,29.76691111,-95.35964444,0,25,0,0,1,1,0,4,1,1,0,1,0,0000000,99,99,99,99,99,99,0,0,0,1,0
48,482661,2,2,0,0,0,3,3,277,0,28,11,2012,4,13,0,1,2,2,US-271,,143,33.54783611,-95.35493333,0,12,6,0,1,1,0,1,1,1,0,1,0,0000000,88,88,88,88,88,88,0,0,0,3,1
48,482662,2,2,0,0,0,4,4,5,0,30,11,2012,6,23,35,1,2,2,US-69,,200,31.18627778,-94.44685278,0,12,6,0,1,1,0,1,2,1,0,1,0,0000000,23,43,0,3,0,36,0,0,0,1,1
48,482663,1,1,0,1,1,1,1,203,4360,30,11,2012,6,18,3,0,16,5,N FRANKLIN ST,,0,32.56017778,-94.36921389,0,8,0,0,1,1,0,1,3,1,0,1,0,0000000,18,5,18,9,18,29,0,0,0,1,0
48,482664,1,1,0,0,0,1,1,19,0,21,11,2012,4,10,29,1,2,3,SR-16,,59,29.74509167,-98.99742778,0,5,0,0,1,1,0,1,1,1,0,1,0,0000000,10,40,10,55,11,28,0,0,0,1,0
48,482665,2,2,0,0,0,6,6,483,7420,17,3,2012,7,21,0,0,3,2,US-83,,10,35.43071389,-100.2720444,0,12,1,0,8,1,0,1,3,1,0,1,0,0000000,88,88,88,88,88,88,0,0,0,1,1
48,482666,2,2,0,0,0,3,3,439,0,28,4,2012,7,16,11,1,13,8,FM1187,,249,32.57623056,-97.23721944,0,12,2,0,1,1,0,1,1,1,0,1,0,0000000,16,20,16,36,17,20,0,0,0,2,0
48,482667,1,1,0,0,0,3,3,121,5001,19,5,2012,7,16,32,0,14,8,FM720,,29,33.17963611,-96.97686944,0,32,0,0,1,1,0,4,1,1,0,1,0,0000000,16,39,16,51,17,29,0,0,0,2,0
48,482668,3,3,0,0,0,9,9,349,1760,15,6,2012,6,20,45,1,2,3,SR-31,,23,31.89744167,-96.72563889,0,7,0,0,1,1,0,1,2,1,0,1,0,0000000,21,15,21,22,99,99,0,0,0,1,0
48,482669,2,2,0,0,0,2,2,303,4140,7,10,2012,1,16,50,0,16,5,INDIANA AVE,42ND ST,0,33.55606667,-101.887775,0,12,6,0,2,2,0,1,1,10,0,10,0,0000000,16,50,16,54,17,8,0,0,0,1,0
48,482670,2,2,0,0,0,3,3,231,0,1,11,2012,5,19,40,0,3,2,US-69,,25,33.26144444,-96.18145833,0,12,2,0,1,1,0,2,2,1,0,1,0,0000000,88,88,88,88,88,88,0,0,0,3,0
48,482671,1,1,0,0,0,1,1,181,0,2,11,2012,6,17,20,0,5,8,FM-697,,152,33.52670556,-96.42072222,0,59,0,0,1,1,0,4,1,1,0,1,0,0000000,88,88,88,88,88,88,0,0,0,1,0
48,482672,1,1,0,0,0,1,1,155,0,8,11,2012,5,17,20,0,6,4,CR-430,,0,34.06161111,-99.78426667,0,42,0,0,1,1,0,4,1,1,0,1,0,0000000,88,88,88,88,88,88,0,0,0,1,0
48,482673,2,2,0,0,0,2,2,469,0,14,11,2012,4,11,28,0,4,8,FM 447,,22,28.89691111,-97.14159722,0,12,6,0,1,1,0,4,1,1,0,1,0,0000000,88,88,88,88,88,88,0,0,0,1,0
48,482674,2,2,0,0,0,2,2,177,0,18,11,2012,1,3,20,0,3,2,US-90A,,150,29.51397778,-97.49006944,0,12,6,0,1,1,0,1,2,1,0,1,0,0000000,88,88,88,88,88,88,0,0,0,1,1
48,482675,1,1,0,0,0,1,1,285,0,22,11,2012,5,2,17,0,3,2,US-77,,28,29.59308056,-96.91675833,0,1,0,0,1,1,0,4,2,5,0,5,0,0000000,88,88,88,88,88,88,0,0,0,1,1
48,482676,2,2,0,0,0,2,2,177,0,23,11,2012,6,23,20,1,2,2,US-183,,245,29.36735833,-97.3511,0,12,2,0,1,1,0,1,2,1,0,1,0,0000000,99,99,99,99,99,99,0,0,0,1,0
48,482677,1,1,0,0,0,1,1,435,0,23,11,2012,6,20,0,1,2,2,US-277,,123,30.41049167,-100.6931,0,11,0,0,1,1,0,1,2,1,0,1,0,0000000,88,88,88,88,88,88,0,0,0,1,0
48,482678,2,2,0,0,0,2,2,259,0,24,11,2012,7,12,25,0,4,3,SR-46,,34,29.77050556,-98.78079722,0,12,2,0,1,1,0,1,1,1,0,1,0,0000000,12,32,12,40,13,22,0,0,0,1,0
48,482679,1,1,0,0,0,1,1,175,0,25,11,2012,1,3,11,0,4,8,FM-622,,91,28.77972222,-97.25990556,0,38,0,0,1,1,0,4,2,1,0,1,0,0000000,3,11,3,29,4,0,0,0,0,1,1
48,482680,2,2,0,0,0,4,4,439,2450,25,11,2012,1,10,11,1,11,1,I-820,,329,32.79228056,-97.21218333,0,12,1,0,1,1,0,1,1,1,0,1,0,0000000,10,12,10,16,10,46,0,0,0,1,0
48,482681,2,2,0,0,0,2,2,293,0,27,11,2012,3,18,10,0,3,2,US-84,,51,31.64925833,-96.79967222,0,12,6,0,1,1,0,2,2,1,0,1,0,0000000,18,19,18,58,19,25,0,0,0,1,0
48,482682,2,2,0,0,0,4,4,503,0,30,11,2012,6,13,27,0,3,2,US-380,,87,33.12279722,-98.52851667,0,12,1,0,8,1,0,1,1,1,0,1,0,0000000,13,40,14,21,15,20,0,0,0,1,0
48,482683,2,2,0,0,0,5,5,479,3899,21,4,2012,7,20,42,1,13,8,SL 20 BOB BULLOCK LP,DEL MAR BLVD,147,27.58618333,-99.44029167,0,12,6,0,2,2,0,1,3,1,0,1,0,0000000,20,48,20,57,21,13,0,0,0,1,0
48,482684,1,1,0,0,0,1,1,27,3027,28,7,2012,7,2,7,0,16,5,ROBIN LN,,0,31.07963333,-97.66285278,0,41,0,0,1,1,0,4,2,10,0,10,0,0000000,88,88,88,88,88,88,20,0,0,1,1
48,482685,1,1,0,0,0,3,3,201,3280,29,11,2012,5,3,20,0,16,5,WILLOWBROOK DR,,0,29.95569167,-95.53913889,0,33,0,0,1,1,0,4,3,1,0,1,0,0000000,3,24,3,30,4,12,0,0,0,1,1
48,482686,2,2,0,0,0,4,4,113,1730,18,3,2012,1,0,30,1,12,2,US-75,,149,32.79838611,-96.79313611,0,12,2,1,18,1,0,1,3,1,0,1,0,0000000,0,32,0,38,0,57,0,0,0,1,2
48,482688,4,4,0,1,1,7,7,201,0,23,11,2012,6,19,47,1,12,3,SR-249 TOMBALL PKY,,202,29.90133333,-95.46571667,0,8,0,0,1,1,0,1,2,10,0,10,0,0000000,88,88,88,88,88,88,0,0,0,1,0
48,482689,5,1,4,0,0,1,1,457,0,30,11,2012,6,5,40,1,2,2,US-69,FM 1013,1,30.66935833,-94.38671944,0,59,0,0,3,3,0,4,2,1,0,1,0,0000000,88,88,88,88,88,88,0,0,0,1,0
48,482690,1,1,0,0,0,1,1,141,2190,26,10,2012,6,0,4,1,2,8,SL 375,,245,31.81907778,-106.2718028,0,24,0,0,1,1,0,3,2,1,0,1,0,0000000,88,88,88,88,88,88,0,0,0,1,0
48,482691,1,1,0,1,1,1,1,141,2190,5,11,2012,2,19,18,1,11,1,I-10,,182,31.76283056,-106.5052889,0,8,0,1,18,1,0,1,3,1,0,1,0,0000000,88,88,88,88,88,88,0,0,0,1,0
48,482692,2,2,0,0,0,2,2,449,0,20,4,2012,6,7,56,1,1,1,I-30,,15,33.16010278,-95.10011111,0,12,1,0,1,1,0,1,1,2,0,2,0,0000000,88,88,88,88,88,88,0,0,0,1,0
48,482693,2,2,0,0,0,3,3,441,30,31,8,2012,6,16,35,1,11,7,I-20 RAMP,OVERLAND TRL,50,32.47403889,-99.69395278,0,12,6,1,3,3,0,1,1,1,0,1,0,0000000,16,37,16,40,17,0,0,0,0,1,0
48,482694,2,2,0,0,0,2,2,61,940,9,9,2012,1,4,54,1,13,3,SR-48,,49,25.935825,-97.44081944,0,12,6,0,1,1,0,1,3,10,0,10,0,0000000,88,88,88,88,88,88,0,0,0,1,1
48,482695,1,1,0,1,1,1,1,135,0,6,10,2012,7,2,52,0,3,3,SR-302,,49,31.92199167,-102.7359111,0,8,0,0,1,1,0,1,2,1,0,1,0,0000000,88,88,88,88,88,88,0,0,0,1,1
48,482696,2,2,0,0,0,2,2,135,0,19,10,2012,6,23,50,0,15,8,FM 2020,,24,31.83576667,-102.5228806,0,11,0,0,1,1,0,1,2,1,0,1,0,0000000,88,88,88,88,88,88,0,0,0,1,1
48,482697,2,2,0,0,0,2,2,165,0,25,10,2012,5,6,14,1,2,2,US-62,CR-209,218,32.725675,-102.7088083,0,12,6,0,2,2,0,1,4,5,0,5,0,0000000,88,88,88,88,88,88,0,0,0,1,0
48,482698,2,2,0,0,0,3,3,165,0,25,10,2012,5,6,15,1,2,2,US-62,CR-209,218,32.72539722,-102.7087972,0,12,6,0,2,2,0,1,4,5,0,5,0,0000000,99,99,99,99,99,99,23,0,0,1,0
48,482699,1,1,0,0,0,2,2,251,0,3,11,2012,7,3,17,0,3,3,SR-174,,40,32.28567222,-97.391525,0,30,0,0,1,1,0,4,2,1,0,1,0,0000000,3,15,3,25,4,28,0,0,0,1,0
48,482700,1,1,0,0,0,1,1,329,0,13,11,2012,3,23,25,1,1,1,I-20,,229,32.05173056,-101.9673167,0,1,0,1,5,1,0,1,2,1,0,1,0,0000000,88,88,88,88,88,88,0,0,0,1,1
48,482701,2,2,0,0,0,2,2,201,0,15,11,2012,5,15,55,1,13,8,FM 529,,144,29.87941667,-95.61745278,0,12,7,0,8,1,0,1,1,1,0,1,0,0000000,99,99,99,99,99,99,0,0,0,1,0