STATE,ST_CASE,VE_TOTAL,VE_FORMS,PVH_INVL,PEDS,PERNOTMVIT,PERMVIT,PERSONS,COUNTY,CITY,DAY,MONTH,YEAR,DAY_WEEK,HOUR,MINUTE,NHS,ROAD_FNC,ROUTE,TWAY_ID,TWAY_ID2,MILEPT,LATITUDE,LONGITUD,SP_JUR,HARM_EV,MAN_COLL,RELJCT1,RELJCT2,TYP_INT,WRK_ZONE,REL_ROAD,LGT_COND,WEATHER1,WEATHER2,WEATHER,SCH_BUS,RAIL,NOT_HOUR,NOT_MIN,ARR_HOUR,ARR_MIN,HOSP_HR,HOSP_MN,CF1,CF2,CF3,FATALS,DRUNK_DR
48,482702,2,2,0,0,0,3,3,135,5030,17,11,2012,7,12,40,1,13,8,BI-20E/BUSINESS 20 HWY,JOHN BEN SHEPPARD PARKWAY BLVD,126,31.8689,-102.3210306,0,12,6,0,2,2,0,1,1,1,0,1,0,0000000,99,99,99,99,99,99,0,0,0,1,0
48,482703,2,2,0,0,0,2,2,279,0,17,11,2012,7,23,53,1,2,2,US-84,,302,33.85685556,-102.2399194,0,12,2,0,1,1,0,1,2,1,0,1,0,0000000,0,16,0,31,0,59,0,0,0,1,1
48,482704,1,1,0,0,0,1,1,257,0,18,11,2012,1,18,50,1,12,8,SP-557,,9,32.73914444,-96.37154722,0,57,0,0,1,1,0,3,2,1,0,1,0,0000000,88,88,88,88,88,88,0,0,0,1,1
48,482705,1,1,0,0,0,1,1,85,2520,22,11,2012,5,11,45,0,16,5,DALLAS NORTH TOLLWAY,,0,33.10795,-96.82324167,0,1,0,0,1,1,0,1,1,1,0,1,0,0000000,11,48,11,56,12,18,0,0,0,1,0
48,482706,2,2,0,0,0,2,2,353,6720,24,11,2012,7,1,22,1,13,8,BS70G/LAMAR ST,,21,32.45676389,-100.4001889,0,12,2,0,1,1,0,1,3,1,0,1,0,0000000,1,25,1,27,1,38,0,0,0,1,0
48,482707,2,2,0,0,0,2,2,117,0,25,11,2012,1,10,40,0,3,2,US-385,CR-GG,301,34.76665833,-102.3883806,0,12,6,0,2,2,0,1,1,1,0,1,0,0000000,10,43,11,29,12,1,0,0,0,1,0
48,482708,1,1,0,0,0,2,2,483,0,25,11,2012,1,3,29,1,1,1,I-40,,141,35.22694444,-100.0230861,0,1,0,0,1,1,0,3,2,1,0,1,0,0000000,99,99,99,99,99,99,0,0,0,1,1
48,482709,2,2,0,2,2,14,14,201,3280,28,11,2012,4,17,44,0,16,5,BRAESWOOD BLVD,HOLCOMBE BLVD,0,29.70612222,-95.39473333,0,12,2,0,2,2,0,1,3,1,0,1,0,0000000,17,50,18,1,18,20,0,0,0,1,1
48,482710,1,1,0,0,0,1,1,143,6590,30,8,2012,5,16,36,0,16,5,LOCKHART RD,,0,32.2048,-98.23622778,0,10,0,0,6,1,0,1,1,1,0,1,0,020958D,88,88,88,88,88,88,0,0,0,1,0
48,482711,3,3,0,0,0,8,8,479,0,15,11,2012,5,6,48,1,2,2,US-83,,27,28.16061111,-99.59883056,0,12,6,0,1,1,0,1,1,10,0,10,0,0000000,88,88,88,88,88,88,0,0,0,2,0
48,482712,1,1,0,0,0,1,1,385,0,18,11,2012,1,13,25,0,5,8,RM 336,,99,29.93021944,-99.80086389,0,32,0,0,1,1,0,4,1,1,0,1,0,0000000,99,99,99,99,88,88,0,0,0,1,0
48,482713,2,2,0,0,0,3,3,177,2720,28,11,2012,4,8,50,1,2,2,US-183,,128,29.47643333,-97.44570278,0,12,6,0,1,1,0,1,1,1,0,1,0,0000000,99,99,99,99,99,99,0,0,0,1,0
48,482714,1,1,0,0,0,1,1,153,0,30,11,2012,6,20,40,0,6,4,CR-159,CR-120,0,34.17161667,-101.3294861,0,1,0,0,3,3,0,1,2,1,0,1,0,0000000,88,88,88,88,88,88,0,0,0,1,0
48,482715,1,1,0,0,0,3,3,401,0,31,10,2012,4,14,40,0,6,4,CR-203 MORRIS AVE,,0,32.18758056,-94.81669444,0,35,0,0,1,1,0,4,1,1,0,1,0,0000000,99,99,99,99,99,99,0,0,0,1,0
48,482716,2,2,0,0,0,2,2,55,9997,9,10,2012,3,23,32,1,2,2,US-183 RAMP,SR-21 RAMP,8,30.02788056,-97.68651944,0,33,0,1,5,1,1,4,2,1,0,1,0,0000000,88,88,88,88,88,88,0,0,0,1,1
48,482717,1,1,0,0,0,1,1,339,0,14,10,2012,1,2,34,0,6,4,CR-OLD HIGHWAY 105,,0,30.33771111,-95.56215278,0,32,0,0,1,1,0,4,2,10,0,10,0,0000000,88,88,88,88,88,88,0,0,0,1,1
48,482718,2,2,0,0,0,3,3,141,2190,28,10,2012,1,6,24,0,16,5,RAILROAD DR,DIANA DR,0,31.84603056,-106.4224222,0,25,0,0,3,4,0,3,3,1,0,1,0,0000000,6,40,6,46,7,7,0,0,0,1,1
48,482719,1,1,0,0,0,4,4,257,0,3,11,2012,7,0,15,0,6,4,CR-VALLEY VIEW,CR-UNIVERSITY DR,37,32.79961944,-96.43220278,0,18,0,0,3,1,0,4,2,1,0,1,0,0000000,0,34,1,3,1,46,0,0,0,1,1
48,482720,1,1,0,0,0,2,2,133,0,13,11,2012,3,18,0,0,4,8,FM 8,,89,32.24020278,-98.61475,0,1,0,0,1,1,0,4,6,1,0,1,0,0000000,18,19,18,38,19,19,0,0,0,1,0
48,482721,1,1,0,0,0,8,8,489,0,20,11,2012,3,0,12,1,2,2,US-77,THOMAS RANCH RD,101,26.59704722,-97.76689167,0,1,0,0,3,2,0,1,2,1,0,1,0,0000000,99,99,99,99,99,99,4,0,0,4,0
48,482722,2,2,0,1,1,6,6,473,0,21,11,2012,4,22,28,0,4,8,FM-1774,RILEY RD,3,30.24126111,-95.81926944,0,9,0,0,2,3,0,1,2,1,0,1,0,0000000,88,88,88,88,88,88,0,0,0,1,0
48,482723,2,2,0,0,0,2,2,353,0,23,11,2012,6,2,34,1,1,1,I-20,,45,32.424775,-100.5877806,0,12,2,0,1,1,0,1,2,1,0,1,0,0000000,2,50,3,23,4,10,0,0,0,1,1
48,482724,2,2,0,0,0,2,2,361,0,26,11,2012,2,6,11,1,13,3,SR-73,,64,30.00240278,-93.86531667,0,12,6,0,1,1,0,1,4,10,0,10,0,0000000,6,7,6,14,6,43,0,0,0,1,0
48,482725,2,2,0,1,1,6,6,113,2590,3,7,2012,3,20,40,0,16,5,NORTHWEST HWY,CENTERVILLE RD,0,32.86135,-96.64279444,0,12,1,0,3,2,0,1,5,1,0,1,0,0000000,20,45,20,56,21,12,20,0,0,1,1
48,482726,1,1,0,0,0,1,1,491,2620,15,8,2012,4,15,37,0,16,5,DEL WEBB BLVD,,0,30.70461944,-97.72876667,0,42,0,0,1,1,0,3,1,1,0,1,0,0000000,14,8,14,19,14,58,0,0,0,1,0
48,482728,1,1,0,0,0,1,1,309,4095,10,11,2012,7,3,57,1,1,1,I-35,,22,31.38057222,-97.21378611,0,24,0,1,18,1,0,4,2,1,0,1,0,0000000,88,88,88,88,88,88,0,0,0,1,0
48,482729,2,2,0,0,0,3,3,13,0,21,11,2012,4,6,51,0,4,8,FM-476,,123,29.06416667,-98.620275,0,12,2,0,1,1,0,1,4,10,0,10,0,0000000,7,53,8,10,8,39,0,0,0,3,0
48,482730,2,2,0,0,0,2,2,91,0,22,11,2012,5,20,14,0,3,2,US-281,,97,29.87409167,-98.40915556,0,12,2,0,1,1,0,1,2,1,0,1,0,0000000,20,26,20,40,21,15,0,0,0,1,1
48,482731,1,1,0,1,1,1,1,423,0,30,6,2012,7,0,15,0,6,4,CR-230 SWINNEY RD,,0,32.24854167,-95.10244444,0,8,0,0,1,1,0,1,2,1,0,1,0,0000000,88,88,88,88,88,88,0,0,0,1,0
48,482732,1,1,0,0,0,4,4,167,0,3,9,2012,2,17,57,1,11,1,I-45 GULF FWY RAMP,,5,29.33034722,-94.9331,0,33,0,1,5,1,0,3,1,1,0,1,0,0000000,18,7,18,32,18,57,0,0,0,1,0
48,482733,1,1,0,1,1,1,1,167,6860,24,9,2012,2,7,52,0,16,5,26TH ST,30TH AVE,0,29.41149167,-94.93225833,0,8,0,0,3,1,0,1,1,1,0,1,1,0000000,88,88,88,88,88,88,0,0,0,1,0
48,482734,1,1,0,0,0,1,1,245,490,12,10,2012,6,23,59,1,12,7,US-69/287,,26,30.14072222,-94.17445278,0,33,0,0,1,1,0,4,3,1,0,1,0,0000000,88,88,88,88,88,88,0,0,0,1,0
48,482735,1,1,0,1,1,2,2,39,3800,29,10,2012,2,15,35,0,16,5,CIRCLE WAY,OYSTER CREEK DR,0,29.04213333,-95.44139722,0,8,0,0,3,2,0,1,1,10,0,10,0,0000000,99,99,99,99,99,99,0,0,0,1,0
48,482736,2,2,0,0,0,2,2,497,0,1,11,2012,5,4,35,1,2,2,US-81,CR-4843 RAMHORN HILL RD,193,33.0116,-97.43854167,0,12,6,0,2,2,0,1,2,1,0,1,0,0000000,88,88,88,88,88,88,0,0,0,1,0
48,482738,2,2,0,0,0,3,3,321,5160,7,11,2012,4,19,15,1,13,3,SR-35,E CRAYMER AVE,414,28.71906667,-96.21038056,0,12,6,0,2,2,0,1,3,1,0,1,0,0000000,99,99,99,99,99,99,0,0,0,1,1
48,482739,1,1,0,0,0,1,1,177,2720,10,11,2012,7,4,13,0,14,8,SS146,,22,29.51107778,-97.42193056,0,42,0,0,1,1,0,4,2,1,0,1,0,0000000,88,88,88,88,88,88,0,0,0,1,1
48,482740,2,2,0,0,0,3,3,209,0,11,11,2012,1,13,16,0,4,8,RM12,DEER CREEK CIR,14,30.26179167,-98.05995833,0,1,0,0,2,3,0,1,1,1,0,1,0,0000000,88,88,88,88,88,88,0,0,0,1,0
48,482741,3,3,0,0,0,4,4,13,0,19,11,2012,2,13,58,0,4,8,FM-791,,99,28.83633889,-98.19110833,0,12,6,0,1,1,0,1,1,1,0,1,0,0000000,14,46,15,10,15,39,0,0,0,1,0
48,482742,1,1,0,0,0,1,1,339,0,24,11,2012,7,2,15,0,6,4,CR-CEDAR LN,,0,30.40993889,-95.36666667,0,1,0,0,1,1,0,1,2,1,0,1,0,0000000,88,88,88,88,88,88,0,0,0,1,1
48,482743,2,2,0,0,0,2,2,401,0,28,11,2012,4,13,58,1,2,2,US-79,SL 571,53,32.12005278,-94.82711667,0,12,6,0,2,3,0,1,1,1,0,1,0,0000000,14,7,14,14,14,26,0,0,0,1,0
48,482744,1,1,0,0,0,2,2,113,1730,1,12,2012,7,1,0,1,11,1,I-30 RAMP,,104,32.76804722,-96.85491111,0,33,0,1,5,1,0,3,3,10,0,10,0,0000000,1,0,1,8,2,3,0,0,0,1,1
48,482745,3,3,0,0,0,3,3,113,2590,1,12,2012,7,4,25,0,16,5,FOREST LN,JUPITER RD,0,32.90913889,-96.68298333,0,12,2,0,2,2,0,1,3,10,0,10,0,0000000,88,88,88,88,88,88,0,0,0,1,0
48,482746,2,2,0,0,0,2,2,171,2480,1,12,2012,7,8,20,1,13,2,US-290,,23,30.24626111,-98.84643611,0,12,2,0,1,1,1,1,1,10,0,10,0,0000000,8,24,8,25,8,52,0,0,0,1,0
48,482747,1,1,0,0,0,1,1,231,2860,1,12,2012,7,0,2,0,14,8,BU-69D,POWER LN,93,33.17171389,-96.13036389,0,59,0,0,2,3,0,3,2,1,0,1,0,0000000,88,88,88,88,88,88,0,0,0,1,1
48,482748,1,1,0,0,0,4,4,439,260,1,12,2012,7,2,1,1,11,1,I-30,,253,32.75990833,-97.13049167,0,25,0,0,1,1,0,3,2,1,0,1,0,0000000,2,2,2,7,2,30,0,0,0,1,1
48,482749,1,1,0,0,0,1,1,477,0,1,12,2012,7,8,45,0,5,8,FM 2502,,152,30.11081667,-96.5534,0,38,0,0,1,1,0,4,1,1,0,1,0,0000000,88,88,88,88,88,88,0,0,0,1,0
48,482750,2,2,0,1,1,4,4,27,3690,2,12,2012,1,1,10,1,13,3,SR-195,,13,31.11438056,-97.74549722,0,8,0,0,1,1,0,1,2,1,0,1,0,0000000,88,88,88,88,88,88,0,0,0,1,0
48,482751,1,1,0,0,0,1,1,27,4924,2,12,2012,1,15,10,1,12,2,US-190,,141,31.07838056,-97.61273333,0,1,0,0,1,1,0,3,1,1,0,1,0,0000000,15,13,15,27,15,58,20,0,0,1,0
48,482752,1,1,0,0,0,1,1,41,0,2,12,2012,1,21,33,0,3,8,FM2154,,208,30.47556667,-96.23387778,0,11,0,0,1,1,0,1,2,1,0,1,0,0000000,88,88,88,88,88,88,0,0,0,1,0
48,482753,2,2,0,0,0,3,3,85,1730,2,12,2012,1,2,36,0,16,5,DALLAS N TLWY,,0,32.98964444,-96.82881667,0,12,7,0,1,1,0,1,3,1,0,1,0,0000000,2,38,2,50,3,5,0,0,0,1,1
48,482754,2,2,0,0,0,4,4,113,1730,2,12,2012,1,12,16,0,16,5,HARRY HINES BLVD,EMPIRE CENTRAL DR,0,32.826175,-96.85484444,0,12,6,0,2,2,0,1,1,1,0,1,0,0000000,12,17,12,19,12,35,0,0,0,1,0
48,482755,1,1,0,0,0,1,1,121,1840,2,12,2012,1,19,56,1,11,7,I-35,,163,33.24900833,-97.17769444,0,30,0,0,1,1,0,4,6,1,0,1,0,0000000,88,88,88,88,88,88,0,0,0,1,1
48,482756,1,1,0,0,0,6,6,121,3960,2,12,2012,1,7,5,1,11,1,I-35E,,97,33.08683889,-97.02693611,0,25,0,0,1,1,0,4,1,10,0,10,0,0000000,7,5,7,11,7,28,0,0,0,2,0
48,482757,2,2,0,0,0,6,6,255,0,2,12,2012,1,1,49,0,4,3,SR-239,,34,28.80758889,-97.80805833,0,12,2,0,1,1,0,1,2,10,0,10,0,0000000,99,99,99,99,99,99,0,0,0,1,1
48,482758,1,1,0,0,0,1,1,355,1550,2,12,2012,1,13,59,1,11,1,I-37 RAMP,,5,27.79701111,-97.41003333,0,24,0,1,5,1,0,4,1,1,0,1,0,0000000,13,59,14,12,14,21,0,0,0,1,0
48,482759,1,1,0,0,0,1,1,439,260,2,12,2012,1,2,34,1,11,1,I-30,,251,32.75967778,-97.13505833,0,52,0,0,1,1,0,4,2,1,0,1,0,0000000,99,99,99,99,99,99,0,0,0,1,1
48,482760,2,2,0,0,0,7,7,453,330,2,12,2012,1,20,7,1,12,7,US-290,US-183 E ANDERSON LANE,23,30.32576944,-97.67458056,0,12,6,1,2,2,1,1,3,1,0,1,0,0000000,20,8,20,13,20,47,0,0,0,1,0
48,482761,1,1,0,0,0,1,1,497,0,2,12,2012,1,4,33,0,6,4,CR-4733,,0,33.07660833,-97.43380556,0,42,0,0,1,1,0,4,2,1,0,1,0,0000000,88,88,88,88,88,88,0,0,0,1,1
48,482762,2,2,0,1,1,2,2,29,6090,3,12,2012,2,5,48,1,13,8,FM 3487,FM 1957,110,29.45511389,-98.63399167,0,8,0,0,2,2,0,1,3,1,0,1,0,0000000,88,88,88,88,88,88,0,0,0,1,0
48,482763,1,1,0,1,1,1,1,113,3420,3,12,2012,2,18,30,1,12,3,SR-161,,164,32.91084167,-96.94680833,0,9,0,1,18,1,0,1,3,10,0,10,0,0000000,18,33,18,44,19,4,0,0,0,1,0
48,482764,2,2,0,0,0,4,4,201,0,3,12,2012,2,0,35,0,6,4,CR-MORTON RD,GREENHOUSE RD,0,29.81491944,-95.70378333,0,12,1,0,3,2,0,1,3,10,0,10,0,0000000,0,40,0,46,1,1,0,0,0,1,1
48,482765,1,1,0,1,1,1,1,201,0,3,12,2012,2,18,17,0,6,4,CR-LITTLE YORK RD,,0,29.86248611,-95.71468333,0,8,0,0,1,1,0,1,2,1,0,1,0,0000000,18,26,18,45,19,4,0,0,0,1,0
48,482766,1,1,0,0,0,2,2,231,0,3,12,2012,2,20,30,0,6,4,CR-CHAPEL RD,,0,32.93443056,-96.18082222,0,42,0,0,1,1,0,4,2,1,0,1,0,0000000,20,45,20,56,21,41,0,0,0,1,0
48,482767,2,2,0,0,0,3,3,295,0,3,12,2012,2,7,10,1,2,2,US-60,,13,36.06399444,-100.1591889,0,12,2,0,1,1,0,1,4,1,0,1,0,0000000,7,21,8,16,9,46,0,0,0,1,0
48,482768,2,2,0,0,0,2,2,373,0,3,12,2012,2,5,35,0,4,8,FM 2665,,45,30.57023611,-94.89366944,0,12,2,0,1,1,0,1,2,10,0,10,0,0000000,99,99,99,99,99,99,0,0,0,1,0
48,482769,1,1,0,0,0,1,1,99,0,4,12,2012,3,13,27,0,4,8,FM-116,,70,31.349675,-97.85248056,0,1,0,0,1,1,0,4,1,1,0,1,0,0000000,88,88,88,88,88,88,0,0,0,1,0
48,482770,1,1,0,0,0,1,1,113,1730,4,12,2012,3,0,45,0,16,5,TURTLE CREEK BLVD,,0,32.81360278,-96.79938889,0,42,0,0,1,1,0,4,3,1,0,1,0,0000000,88,88,88,88,88,88,0,0,0,1,1
48,482771,1,1,0,0,0,2,2,131,0,4,12,2012,3,20,42,0,3,3,SR-16,,75,27.95479167,-98.61868333,0,38,0,0,1,1,0,4,2,1,0,1,0,0000000,20,50,21,5,23,0,0,0,0,1,1
48,482772,2,2,0,0,0,2,2,285,0,4,12,2012,3,14,52,0,4,3,SR-95,CR-301,162,29.40244444,-97.171325,0,12,1,0,2,3,0,1,1,10,0,10,0,0000000,14,55,15,30,16,25,0,0,0,1,0
48,482773,1,1,0,0,0,1,1,407,0,4,12,2012,3,3,23,1,2,2,US-59,,23,30.54055278,-94.96989444,0,42,0,0,1,1,0,4,2,10,0,10,0,0000000,88,88,88,88,88,88,0,0,0,1,0
48,482774,1,1,0,0,0,1,1,481,0,4,12,2012,3,12,33,0,4,8,FM 102,,166,29.33493333,-96.14766667,0,1,0,0,1,1,0,5,1,2,0,2,0,0000000,12,35,12,44,13,15,0,0,0,1,0
48,482775,1,1,0,0,0,1,1,77,0,5,12,2012,4,1,58,0,4,8,FM 172,,109,33.67506389,-98.260175,0,38,0,0,1,1,0,5,2,1,0,1,0,0000000,88,88,88,88,88,88,0,0,0,1,0
48,482776,1,1,0,1,1,1,1,245,490,5,12,2012,4,6,52,1,12,2,US-69 EASTEX FWY,,22,30.14547778,-94.17830278,0,8,0,0,1,1,0,2,2,1,0,1,0,0000000,88,88,88,88,88,88,0,0,0,1,1
48,482777,1,1,0,0,0,1,1,363,0,5,12,2012,4,8,35,0,5,8,FM 129,,60,32.65571667,-98.13975833,0,38,0,0,1,1,0,4,1,1,0,1,0,0000000,8,33,8,57,9,43,0,0,0,1,0
48,482778,1,1,0,0,0,2,2,401,0,5,12,2012,4,20,40,0,5,8,FM 839,,176,31.88982778,-94.9764,0,42,0,0,1,1,0,4,2,1,0,1,0,0000000,20,52,21,9,21,56,0,0,0,1,1
48,482779,2,2,0,0,0,2,2,401,0,5,12,2012,4,23,45,0,4,3,SR-315,,52,31.98724722,-94.64818333,0,12,2,0,1,1,0,1,2,1,0,1,0,0000000,99,99,99,99,99,99,0,0,0,1,0
48,482780,1,1,0,0,0,2,2,439,2990,5,12,2012,4,2,26,1,11,1,I-820,,116,32.83976944,-97.26209444,0,24,0,1,5,1,1,8,2,1,0,1,0,0000000,2,30,2,38,3,11,0,0,0,1,0
48,482781,5,2,3,0,0,5,5,303,4140,6,12,2012,5,0,10,0,16,5,GLENNA GOODACRE BLVD,,0,33.58829167,-101.8573472,0,12,1,0,1,1,0,1,3,1,0,1,0,0000000,0,12,0,15,0,26,14,0,0,1,1
48,482782,1,1,0,0,0,1,1,315,0,6,12,2012,5,10,19,0,4,8,FM248,,69,32.80848889,-94.33023333,0,32,0,0,1,1,0,4,1,10,0,10,0,0000000,99,99,99,99,99,99,0,0,0,1,0
48,482783,3,3,0,0,0,4,4,423,7070,6,12,2012,5,11,45,1,13,2,US-69 S BROADWAY,E HERITAGE DR,55,32.26637222,-95.30723056,0,12,2,0,2,2,0,1,1,10,0,10,0,0000000,11,48,11,53,12,22,0,0,0,1,0
48,482784,1,1,0,1,1,1,1,439,4965,6,12,2012,5,18,4,0,16,5,VANCE RD,,0,32.823475,-97.23203333,0,8,0,0,1,1,0,1,1,1,0,1,0,0000000,18,4,18,7,18,29,0,0,0,1,0
48,482785,2,2,0,0,0,2,2,481,0,6,12,2012,5,5,25,0,4,3,SR-60,,335,29.364725,-96.09070833,0,12,11,0,1,1,0,1,3,5,0,5,0,0000000,5,28,5,36,6,31,0,0,0,1,0
48,482786,2,2,0,3,3,4,4,39,130,7,12,2012,6,23,32,0,6,4,CR-144,,0,29.4729,-95.27011389,0,8,0,0,1,1,0,1,2,10,0,10,0,0000000,99,99,99,99,99,99,23,0,0,2,1
48,482787,2,2,0,0,0,5,5,113,1730,7,12,2012,6,22,40,0,16,5,WEBB CHAPEL RD,MERRELL RD,0,32.88776389,-96.87044444,0,12,6,0,2,2,0,1,3,1,0,1,0,0000000,22,44,22,49,23,7,20,0,0,1,0
48,482788,1,1,0,1,1,1,1,183,0,7,12,2012,6,7,38,0,3,3,SR-135,,134,32.475675,-94.95143333,0,8,0,0,1,1,0,4,1,10,0,10,0,0000000,88,88,88,88,88,88,0,0,0,1,0
48,482789,1,1,0,1,1,3,3,187,4252,7,12,2012,6,3,12,0,16,5,TERMINAL LP,,0,29.60944167,-98.04655278,0,8,0,0,1,1,0,1,2,5,0,5,0,0000000,88,88,88,88,88,88,0,0,0,1,0
48,482790,1,1,0,0,0,2,2,285,7630,7,12,2012,6,3,55,0,14,8,FM3475 CARL RAMERT DR,N SOUTH ST,11,29.30781389,-97.13168056,0,5,0,0,3,2,0,1,3,5,0,5,0,0000000,4,7,4,8,4,16,0,0,0,1,1
48,482791,1,1,0,1,1,1,1,355,1550,7,12,2012,6,23,35,0,14,8,SS 407/LEOPARD ST,,61,27.82168333,-97.537525,0,8,0,0,1,1,0,1,2,1,0,1,0,0000000,88,88,88,88,88,88,0,0,0,1,0
48,482792,2,2,0,0,0,4,4,357,0,7,12,2012,6,9,20,0,4,3,SR-70,FM 281,147,36.10043056,-100.8219444,0,12,6,0,2,2,0,1,1,1,0,1,0,0000000,9,29,9,53,10,13,0,0,0,1,0
48,482793,1,1,0,0,0,1,1,397,0,7,12,2012,6,16,6,0,6,4,CR-BUENA VISTA RD,,0,32.87028333,-96.30099722,0,1,0,0,1,1,0,4,1,1,0,1,0,0000000,88,88,88,88,88,88,0,0,0,1,1
48,482794,1,1,0,0,0,1,1,29,6090,8,12,2012,7,20,7,1,11,1,I-10 RAMP,,251,29.43236667,-98.50046111,0,24,0,1,5,1,0,4,3,1,0,1,0,0000000,88,88,88,88,88,88,0,0,0,1,0
48,482795,1,1,0,0,0,2,2,113,3420,8,12,2012,7,2,19,1,12,7,SR-114/JOHN CARPENTER FWY,,34,32.85068611,-96.91776667,0,33,0,0,1,1,0,4,3,1,0,1,0,0000000,2,22,2,31,3,16,0,0,0,1,1
48,482796,1,1,0,1,1,3,3,201,3280,8,12,2012,7,19,50,1,11,1,I-10/KATY FWY,,249,29.77730833,-95.41214722,0,8,0,0,1,1,0,1,3,1,0,1,0,0000000,19,58,20,15,20,28,0,0,0,1,0
48,482797,2,2,0,0,0,3,3,373,0,8,12,2012,7,22,25,0,3,3,SR-146,,78,30.62220556,-94.85676389,0,12,2,0,1,1,0,1,2,1,0,1,0,0000000,22,38,22,46,23,39,0,0,0,2,1
48,482798,1,1,0,0,0,1,1,29,6090,9,12,2012,1,6,53,1,11,7,I-10,,376,29.37426389,-98.39475,0,34,0,0,1,1,0,8,4,10,0,10,0,0000000,6,53,7,5,7,35,0,0,0,1,0
48,482799,1,1,0,1,1,1,1,201,0,9,12,2012,1,3,53,1,13,8,FM 529,,94,29.87981944,-95.70093056,0,8,0,0,1,1,0,1,2,5,0,5,0,0000000,3,55,3,59,4,59,0,0,0,1,0
48,482800,1,1,0,0,0,1,1,201,0,9,12,2012,1,14,15,0,6,5,CR-HARDY ST,CR-HOPPER RD,0,29.87969167,-95.36675833,0,1,0,0,3,3,0,1,1,1,0,1,0,0000000,14,17,14,35,15,40,20,0,0,1,0
48,482801,1,1,0,0,0,1,1,201,3280,9,12,2012,1,23,55,0,16,5,W BAY AREA BLVD,,0,29.538825,-95.14628333,0,42,0,0,1,1,0,3,3,2,0,2,0,0000000,0,16,0,46,1,4,0,0,0,1,1
48,482802,1,1,0,0,0,1,1,291,0,9,12,2012,1,0,59,0,4,8,FM787,,174,30.43170833,-94.84380556,0,1,0,0,1,1,0,4,2,5,0,5,0,0000000,1,6,1,36,2,8,0,0,0,1,1
48,482803,1,1,0,0,0,1,1,453,330,9,12,2012,1,3,5,0,16,5,MAGIN MEADOW DR,STONLEIGH PL,0,30.17994444,-97.76278333,0,33,0,0,3,3,0,4,3,1,0,1,0,0000000,3,5,3,10,3,34,0,0,0,1,1
48,482804,1,1,0,0,0,1,1,491,330,9,12,2012,1,9,2,1,11,1,I-35,,266,30.41053611,-97.67383889,0,24,0,1,18,1,0,4,1,10,0,10,0,0000000,9,3,9,7,9,29,0,0,0,1,0
48,482805,2,2,0,0,0,4,4,73,1010,10,12,2012,2,11,51,1,2,2,US-69,CR-3801,17,32.12700278,-95.30479167,0,12,6,0,2,2,0,1,1,1,0,1,0,0000000,11,54,11,58,12,29,0,0,0,1,0
48,482806,2,2,0,0,0,3,3,199,0,10,12,2012,2,16,10,1,2,2,US-69/287,,51,30.31981944,-94.25431944,0,12,2,0,1,1,0,1,1,1,0,1,0,0000000,16,18,16,30,17,0,0,0,0,1,0
48,482807,2,2,0,0,0,4,4,483,0,10,12,2012,2,7,54,0,3,3,SR-152,,40,35.44449444,-100.2005972,0,12,2,0,1,1,0,2,1,1,0,1,0,0000000,88,88,88,88,88,88,0,0,0,1,0
48,482808,1,1,0,0,0,1,1,329,4560,11,12,2012,3,17,44,1,12,8,SL250,,173,32.03130278,-102.1394972,0,1,0,0,1,1,0,10,1,1,0,1,0,0000000,99,99,99,99,99,99,0,0,0,1,0
48,482810,1,1,0,0,0,1,1,401,0,11,12,2012,3,15,8,0,4,8,FM2276,,64,32.28372222,-94.81803333,0,24,0,0,1,1,0,4,1,1,0,1,0,0000000,88,88,88,88,88,88,0,0,0,1,0
48,482811,2,2,0,0,0,2,2,29,6090,12,12,2012,4,23,21,1,11,1,I-10 MCDERMOTT FWY,,166,29.52792222,-98.55893889,0,12,7,0,1,1,0,1,3,1,0,1,0,0000000,99,99,99,99,88,88,0,0,0,1,0
48,482812,2,2,0,0,0,2,2,163,0,12,12,2012,4,4,20,0,4,8,FM 117,,92,28.77129444,-99.27673333,0,12,2,0,1,1,0,1,2,1,0,1,0,0000000,99,99,99,99,99,99,0,0,0,1,0
48,482813,1,1,0,1,1,3,3,167,2570,12,12,2012,4,15,36,1,13,3,SR-87 BROADWAY ST,53RD ST,61,29.29114444,-94.82639722,0,8,0,0,3,2,0,1,1,1,0,1,0,0000000,15,40,15,44,16,1,0,0,0,1,0
48,482814,2,2,0,0,0,5,5,439,260,12,12,2012,4,16,53,0,16,5,GREEN OAKS,,0,32.67685556,-97.1936,0,12,6,0,8,1,0,1,1,1,0,1,0,0000000,16,53,16,57,17,20,0,0,0,1,0
48,482815,1,1,0,0,0,3,3,13,0,13,12,2012,5,22,8,1,1,1,I-37,,83,28.70777778,-98.28013333,0,42,0,0,1,1,0,3,2,1,0,1,0,0000000,22,31,22,56,99,99,0,0,0,1,0
48,482816,2,2,0,0,0,4,4,227,0,13,12,2012,5,5,16,1,2,2,US-87 LAMESA HWY,FM 846,91,32.415175,-101.5832694,0,12,6,0,2,2,0,1,2,1,0,1,0,0000000,88,88,88,88,88,88,0,0,0,3,0
48,482817,1,1,0,0,0,1,1,201,3280,14,12,2012,6,1,12,1,11,1,I-610,,53,29.7096,-95.26715278,0,20,0,1,19,1,0,8,3,10,0,10,0,0000000,88,88,88,88,88,88,0,0,0,1,1