STATE,ST_CASE,VE_TOTAL,VE_FORMS,PVH_INVL,PEDS,PERNOTMVIT,PERMVIT,PERSONS,COUNTY,CITY,DAY,MONTH,YEAR,DAY_WEEK,HOUR,MINUTE,NHS,ROAD_FNC,ROUTE,TWAY_ID,TWAY_ID2,MILEPT,LATITUDE,LONGITUD,SP_JUR,HARM_EV,MAN_COLL,RELJCT1,RELJCT2,TYP_INT,WRK_ZONE,REL_ROAD,LGT_COND,WEATHER1,WEATHER2,WEATHER,SCH_BUS,RAIL,NOT_HOUR,NOT_MIN,ARR_HOUR,ARR_MIN,HOSP_HR,HOSP_MN,CF1,CF2,CF3,FATALS,DRUNK_DR
48,482818,1,1,0,0,0,2,2,201,3280,14,12,2012,6,13,27,1,11,1,I-610,,211,29.69595833,-95.30127778,0,1,0,1,18,1,0,1,1,10,0,10,0,0000000,13,27,13,35,13,53,0,0,0,1,1
48,482819,1,1,0,0,0,1,1,201,3280,14,12,2012,6,20,46,0,16,5,AIRPORT BLVD,,0,29.64386389,-95.33788056,0,33,0,0,1,1,0,3,3,10,0,10,0,0000000,88,88,88,88,88,88,0,0,0,1,1
48,482820,1,1,0,0,0,1,1,381,0,14,12,2012,6,15,57,0,4,8,FM 1541 WASHINGTON ST,,92,35.05784167,-101.84775,0,1,0,0,1,1,0,1,1,2,6,2,0,0000000,88,88,88,88,88,88,0,0,0,1,0
48,482821,1,1,0,0,0,1,1,29,6090,15,12,2012,7,0,41,1,12,3,SR-16,,35,29.31151667,-98.55435556,0,1,0,0,1,1,0,4,2,1,0,1,0,0000000,88,88,88,88,88,88,0,0,0,1,1
48,482822,3,3,0,0,0,4,4,29,6090,15,12,2012,7,1,58,1,13,8,SL345 FREDERICKSBURG RD,,278,29.47324167,-98.53474444,0,30,0,0,1,1,0,4,3,99,0,99,0,0000000,1,58,2,3,2,29,0,0,0,1,1
48,482823,1,1,0,0,0,1,1,91,0,15,12,2012,7,6,59,0,5,8,FM1102 HUNTER RD,,96,29.77424444,-98.06661944,0,1,0,0,1,1,0,4,4,2,0,2,0,0000000,7,4,7,11,7,27,0,0,0,1,0
48,482824,1,1,0,0,0,2,2,105,0,15,12,2012,7,10,10,1,1,1,I-10,,530,30.69421389,-101.263475,0,1,0,0,1,1,0,3,1,1,0,1,0,0000000,99,99,99,99,99,99,0,0,0,1,0
48,482825,1,1,0,1,1,4,4,113,1730,15,12,2012,7,21,50,0,16,5,W CAMP WISDOM RD,,0,32.66216389,-96.86795,0,8,0,0,1,1,0,1,3,1,0,1,0,0000000,21,54,21,59,22,35,0,0,0,1,0
48,482826,2,1,1,0,0,1,1,201,3280,15,12,2012,7,4,28,0,16,5,MULLINS DR,,0,29.70111667,-95.48671389,0,30,0,0,1,1,0,4,3,10,0,10,0,0000000,88,88,88,88,88,88,0,0,0,1,1
48,482827,2,2,0,0,0,5,5,201,3280,15,12,2012,7,4,30,0,16,5,N HOUSTON ROSSLYN RD,ROMONA,0,29.90867778,-95.49567222,0,12,6,0,2,2,0,1,3,10,0,10,0,0000000,4,38,4,44,5,24,0,0,0,3,0
48,482829,1,1,0,0,0,2,2,453,330,15,12,2012,7,2,0,1,11,7,I-35,,248,30.35868611,-97.68693889,0,42,0,0,1,1,0,4,3,2,0,2,0,0000000,2,1,2,5,2,34,0,0,0,2,0
48,482830,1,1,0,1,1,1,1,113,3420,16,12,2012,1,17,55,0,16,5,S STORY RD,,0,32.79825833,-96.97704444,0,8,0,0,1,1,0,1,3,1,0,1,0,0000000,17,56,18,0,18,19,0,0,0,1,0
48,482831,1,1,0,1,1,2,2,203,4360,16,12,2012,1,19,26,1,13,2,US-59 EAST END BLVD,,126,32.53458333,-94.35013333,0,8,0,0,1,1,0,1,3,10,0,10,0,0000000,19,29,19,32,19,46,0,0,0,1,0
48,482832,2,2,0,0,0,4,4,67,310,17,12,2012,2,13,1,0,14,8,FM1841 S BOGGIE ST,KINSEY,229,33.10665833,-94.15733056,0,12,1,0,2,3,0,1,1,1,0,1,0,0000000,13,1,13,4,13,15,0,0,0,1,0
48,482833,1,1,0,0,0,1,1,121,3960,17,12,2012,2,0,8,0,16,5,ACE LN,,0,33.001975,-97.01570556,0,1,0,0,1,1,0,1,2,1,0,1,0,0000000,0,18,0,27,0,43,0,0,0,1,1
48,482834,2,2,0,0,0,3,3,201,0,18,12,2012,3,7,20,0,6,4,CR-KINGSLAND BLVD,,0,29.77664444,-95.71123333,0,33,0,0,1,1,0,3,1,1,0,1,0,0000000,7,36,7,48,8,6,0,0,0,1,0
48,482835,2,1,1,0,0,1,1,201,0,18,12,2012,3,7,35,0,6,4,CR-JUNE FOREST DR,,0,29.98233611,-95.20298056,0,14,0,0,1,1,0,4,1,1,0,1,0,0000000,7,37,7,42,8,10,0,0,0,1,0
48,482836,1,1,0,0,0,1,1,289,5000,18,12,2012,3,7,5,1,2,2,US-79 W BROAD ST,,10,31.58324444,-95.85225,0,42,0,0,1,1,0,4,1,1,0,1,0,0000000,88,88,88,88,88,88,0,0,0,1,0
48,482837,3,1,2,0,0,1,1,201,3280,19,12,2012,4,2,30,1,12,2,US-59 SOUTHWEST FWY,,143,29.66666667,-95.55215556,0,24,0,0,1,1,0,4,3,1,0,1,0,0000000,88,88,88,88,88,88,0,0,0,1,1
48,482838,1,1,0,0,0,2,2,407,0,19,12,2012,4,14,32,0,3,2,US-190,,18,30.73992778,-95.32625,0,42,0,0,1,1,0,4,1,1,0,1,0,0000000,99,99,99,99,99,99,0,0,0,1,1
48,482839,2,2,0,0,0,3,3,419,0,19,12,2012,4,9,16,0,4,8,FM139,CR-3193,110,31.95145278,-94.02969444,0,12,6,0,2,2,0,1,1,10,0,10,0,0000000,9,27,10,11,10,35,0,0,0,2,0
48,482840,3,3,0,0,0,3,3,29,6090,20,12,2012,5,9,50,0,16,5,BULVERDE RD,,0,29.64052222,-98.42479722,0,12,2,0,1,1,1,1,1,1,0,1,0,0000000,10,13,10,25,10,47,0,0,0,2,0
48,482841,1,1,0,0,0,1,1,29,6090,20,12,2012,5,23,26,1,11,1,I-37,,14,29.30536111,-98.39738611,0,24,0,0,1,1,0,4,2,1,0,1,0,0000000,23,45,23,55,0,15,0,0,0,1,0
48,482842,2,1,1,0,1,1,2,113,1730,20,12,2012,5,1,37,1,12,8,SP 366/WOODALL ROGERS FWY,,14,32.78476667,-96.80731389,0,14,0,0,1,1,0,2,3,1,0,1,0,0000000,88,88,88,88,88,88,24,0,0,1,1
48,482843,1,1,0,1,1,2,2,439,260,20,12,2012,5,2,18,1,13,8,FM 157/COLLINS ST,,124,32.75707222,-97.09717222,0,8,0,0,1,1,0,1,3,10,0,10,0,0000000,88,88,88,88,88,88,0,0,0,1,0
48,482844,1,1,0,1,1,1,1,129,0,21,12,2012,6,1,28,1,2,2,US-287,,111,34.95748333,-100.9246722,0,8,0,0,1,1,0,1,2,1,0,1,0,0000000,88,88,88,88,88,88,0,0,0,1,0
48,482845,2,2,0,0,0,4,4,141,2190,21,12,2012,6,15,26,0,16,5,RESLER DR,NORTHERN PASS DR,0,31.88969722,-106.5731806,0,12,6,0,2,2,0,1,1,1,0,1,0,0000000,15,38,15,53,16,28,0,0,0,1,0
48,482846,1,1,0,0,0,1,1,113,3880,22,12,2012,7,13,36,0,16,5,ROGERS ST,,0,32.613625,-96.77755556,0,32,0,0,1,1,0,4,1,1,0,1,0,0000000,99,99,99,99,99,99,0,0,0,1,0
48,482847,2,2,0,0,0,2,2,135,5030,22,12,2012,7,23,44,1,13,2,US-382/GRANT ST,BS 20,0,31.84566944,-102.3675722,0,12,1,0,3,2,0,1,3,1,0,1,0,0000000,23,46,23,48,23,56,0,0,0,1,0
48,482848,1,1,0,1,1,1,1,201,0,22,12,2012,7,6,0,1,12,3,SR-249/MOUNT HOUSTON,,207,29.89753056,-95.45635278,0,8,0,0,1,1,0,1,1,1,0,1,0,0000000,88,88,88,88,88,88,0,0,0,1,0
48,482849,2,2,0,0,0,4,4,29,3095,23,12,2012,1,22,23,1,13,3,SR-16/BANDERA RD,,19,29.56908611,-98.689425,0,12,2,0,1,1,0,1,2,1,0,1,0,0000000,22,55,23,2,23,28,0,0,0,1,1
48,482850,1,1,0,1,1,1,1,29,6090,23,12,2012,1,23,4,0,16,5,CULEBRA RD,,0,29.44936944,-98.5694,0,8,0,0,1,1,0,1,3,1,0,1,0,0000000,88,88,88,88,88,88,0,0,0,1,0
48,482851,1,1,0,1,1,1,1,113,1730,23,12,2012,1,22,50,0,14,3,SR-78,,129,32.83903889,-96.69553611,0,8,0,0,1,1,0,1,3,1,0,1,0,0000000,88,88,88,88,88,88,0,0,0,1,0
48,482852,1,1,0,1,1,1,1,201,0,23,12,2012,1,2,5,1,13,3,SR-6,,72,29.833775,-95.64564722,0,8,0,0,1,1,0,1,3,1,0,1,0,0000000,88,88,88,88,88,88,0,0,0,1,0
48,482853,1,1,0,0,0,1,1,325,0,23,12,2012,1,18,20,1,13,8,FM-1796,,39,29.46300556,-99.34838889,0,1,0,0,1,1,0,4,2,1,0,1,0,0000000,88,88,88,88,88,88,0,0,0,1,0
48,482854,1,1,0,1,1,1,1,5,0,24,12,2012,2,23,45,1,13,2,US-59,,79,31.22723333,-94.76948889,0,8,0,0,1,1,0,1,2,1,0,1,0,0000000,88,88,88,88,88,88,0,0,0,1,0
48,482855,1,1,0,1,1,1,1,29,6090,24,12,2012,2,20,23,0,16,5,GOLIAD RD,GRECIAN DR,0,29.37191389,-98.44580833,0,8,0,0,1,1,0,1,3,1,0,1,0,0000000,88,88,88,88,88,88,0,0,0,1,0
48,482856,3,3,0,0,0,7,7,215,5330,24,12,2012,2,18,27,1,13,8,FM 2061,JUAN BALLIE ST,42,26.13658333,-98.21451111,0,12,6,0,8,1,0,1,2,1,0,1,0,0000000,18,39,18,52,19,16,0,0,0,1,0
48,482857,2,2,0,0,0,6,6,85,7620,25,12,2012,3,14,50,0,15,8,FM-2514,,32,33.02658333,-96.53898056,0,12,6,0,1,1,0,1,1,4,0,4,0,0000000,14,50,14,56,15,37,0,0,0,1,0
48,482858,1,1,0,0,0,2,2,201,3280,25,12,2012,3,6,54,0,16,5,ROWE LN,,0,29.62221944,-95.28250556,0,1,0,0,1,1,0,4,4,10,0,10,0,0000000,6,56,7,2,7,47,0,0,0,1,1
48,482859,2,1,1,0,0,1,1,209,6170,25,12,2012,3,22,40,0,16,5,POST RD,,0,29.90721944,-97.91152222,0,30,0,0,1,1,0,4,2,1,0,1,0,0000000,99,99,99,99,99,99,0,0,0,1,1
48,482860,2,2,0,0,0,2,2,201,3280,26,12,2012,4,6,30,1,12,2,US-59,,145,29.66475833,-95.55360556,0,18,0,0,1,1,0,1,3,1,0,1,0,0000000,88,88,88,88,88,88,0,0,0,1,0
48,482861,1,1,0,0,0,1,1,201,3320,26,12,2012,4,4,4,1,12,2,US-59,,10,29.98329722,-95.27636667,0,20,0,0,5,1,0,8,2,1,0,1,0,0000000,88,88,88,88,88,88,0,0,0,1,0
48,482862,2,2,0,0,0,6,6,201,0,27,12,2012,5,21,3,0,6,4,CR-BOUDREAUX RD,,0,30.06932222,-95.56264722,0,12,2,0,1,1,0,1,2,2,0,2,0,0000000,21,2,21,8,21,48,0,0,0,1,1
48,482863,1,1,0,0,0,1,1,201,3280,27,12,2012,5,5,20,1,11,7,I-10,,346,29.77403889,-95.25697778,0,41,0,0,5,1,0,4,3,1,0,1,0,0000000,88,88,88,88,88,88,0,0,0,1,1
48,482864,2,2,0,0,0,3,3,29,6090,28,12,2012,6,23,10,0,16,5,APPLEWHITE RD,,0,29.28606667,-98.54818056,0,1,0,0,1,1,0,1,2,1,0,1,0,0000000,88,88,88,88,88,88,14,0,0,2,1
48,482865,1,1,0,0,0,3,3,61,940,28,12,2012,6,6,17,1,13,2,US-281 MILITARY HWY,,103,25.953675,-97.56178056,0,1,0,0,1,1,0,4,2,1,0,1,0,0000000,6,21,6,31,6,45,0,0,0,1,0
48,482866,1,1,0,0,0,1,1,373,4020,28,12,2012,6,14,44,1,2,7,US-59,,337,30.69215833,-94.95276111,0,34,0,1,19,1,0,4,1,10,0,10,0,0000000,88,88,88,88,88,88,0,0,0,1,0
48,482867,1,1,0,0,0,2,2,373,0,29,12,2012,7,4,55,0,3,2,US-190,,319,30.745375,-95.01686111,0,24,0,0,1,1,0,4,2,1,0,1,0,0000000,5,5,5,13,6,4,0,0,0,1,1
48,482868,3,1,2,1,3,1,3,29,6090,30,12,2012,1,2,2,1,11,1,I-10,,46,29.40443056,-98.442275,0,14,0,1,5,1,0,4,2,1,0,1,0,0000000,88,88,88,88,88,88,23,0,0,1,0
48,482869,1,1,0,0,0,1,1,157,5970,31,12,2012,2,1,12,0,16,5,MUEGGE RD,,0,29.54677778,-95.84998056,0,34,0,0,1,1,0,4,2,1,0,1,0,0000000,1,21,1,31,2,13,0,0,0,1,1
48,482870,1,1,0,0,0,4,4,355,1550,31,12,2012,2,5,47,0,16,5,STAPLES ST,KOSTORYZ RD,0,27.75402222,-97.39755556,0,33,0,0,3,3,0,4,3,2,0,2,0,0000000,88,88,88,88,88,88,0,0,0,1,1
48,482871,1,1,0,0,0,1,1,209,990,16,5,2012,4,21,21,1,11,7,I-35,,218,30.06532778,-97.83152222,0,1,0,0,1,1,0,4,2,1,0,1,0,0000000,21,25,21,27,21,48,0,0,0,1,1
48,482872,1,1,0,0,0,1,1,27,6810,18,9,2012,3,16,2,1,13,7,US-190 SW H K DODGEN LP,,43,31.07331944,-97.36609722,0,33,0,1,19,1,0,4,1,1,0,1,0,0000000,99,99,99,99,99,99,0,0,0,1,0
48,482873,2,1,1,0,1,1,2,201,3280,22,10,2012,2,18,56,1,11,1,I-10,,131,29.78442778,-95.59611111,0,14,0,0,1,1,0,2,3,1,0,1,0,0000000,99,99,99,99,99,99,23,0,0,1,1
48,482874,2,2,0,0,0,2,2,363,4630,31,10,2012,4,17,55,0,16,5,SW 16TH ST,SW 7TH AVE,0,32.79621667,-98.12113889,0,12,2,0,2,3,0,1,5,1,0,1,0,0000000,99,99,18,0,18,20,0,0,0,1,1
48,482875,1,1,0,1,1,1,1,27,570,4,11,2012,1,4,45,0,14,3,SR-317,,137,31.089325,-97.456,0,8,0,0,1,1,0,1,2,10,0,10,0,0000000,88,88,88,88,88,88,0,0,0,1,0
48,482876,3,3,0,0,0,6,6,221,0,7,11,2012,4,21,35,0,4,8,FM2580,,77,32.47953611,-97.83893056,0,12,2,0,1,1,0,1,3,1,0,1,0,0000000,21,44,21,54,22,7,0,0,0,2,0
48,482877,1,1,0,1,1,1,1,201,3280,11,11,2012,1,20,37,1,12,7,US-59 SOUTHWEST FWY RAMP,,90,29.72419722,-95.49130556,0,8,0,1,5,1,0,1,2,1,0,1,0,0000000,20,40,20,48,99,99,0,0,0,1,0
48,482878,1,1,0,0,0,6,6,475,0,15,11,2012,5,14,20,0,4,8,FM1233,,154,31.49754722,-102.8140694,0,1,0,0,1,1,0,4,1,1,0,1,0,0000000,99,99,99,99,14,26,0,0,0,1,0
48,482879,3,3,0,0,0,5,5,187,0,16,11,2012,6,13,55,0,4,8,FM775,CR-412,156,29.385425,-98.09960833,0,12,2,0,2,4,0,1,1,1,0,1,0,0000000,14,1,14,19,15,11,0,0,0,1,0
48,482880,1,1,0,0,0,5,5,271,0,17,11,2012,7,16,18,1,2,2,US-90,,11,29.25610556,-100.2242861,0,1,0,0,1,1,0,4,1,1,0,1,0,0000000,99,99,99,99,99,99,0,0,0,1,0
48,482881,1,1,0,0,0,1,1,491,5990,17,11,2012,7,3,14,0,14,8,FM 3406,,55,30.53038611,-97.72074722,0,42,0,0,1,1,0,4,2,1,0,1,0,0000000,88,88,88,88,88,88,0,0,0,1,1
48,482882,2,2,0,0,0,4,4,61,0,29,11,2012,5,17,10,1,13,3,SR-100,,93,26.06859167,-97.43303611,0,12,2,0,1,1,0,1,1,1,0,1,0,0000000,17,19,17,36,17,59,0,0,0,2,0
48,482883,3,3,0,0,0,6,6,389,0,29,11,2012,5,19,25,1,1,1,I-20,,208,31.23747222,-103.8820667,0,1,0,0,1,1,0,1,2,1,0,1,0,0000000,99,99,99,99,21,0,0,0,0,1,0
48,482884,2,2,0,0,0,2,2,305,0,29,11,2012,5,18,6,1,2,2,US-87,,100,33.15195,-101.7971333,0,1,0,0,1,1,0,1,2,1,0,1,0,0000000,99,99,99,99,99,99,0,0,0,1,1
48,482885,1,1,0,0,0,3,3,465,0,29,11,2012,5,16,44,0,4,3,SR-163,,60,30.22858056,-101.1030861,0,32,0,0,1,1,0,4,1,1,0,1,0,0000000,17,3,17,51,18,50,0,0,0,1,0
48,482886,1,1,0,0,0,3,3,43,0,30,11,2012,6,22,52,0,5,8,FM-1703,,85,30.35799444,-103.6933528,0,59,0,0,1,1,0,4,2,1,0,1,0,0000000,99,99,99,99,99,99,0,0,0,1,1
48,482887,2,2,0,0,0,2,2,313,0,30,11,2012,6,12,32,1,2,2,US-190,,148,30.89422222,-96.15596667,0,12,1,0,1,1,1,1,1,1,0,1,0,0000000,99,99,99,99,99,99,0,0,0,1,0
48,482888,2,2,0,0,0,2,2,251,120,1,12,2012,7,21,37,0,4,8,FM 3136,,94,32.39383333,-97.23462778,0,12,2,0,1,1,0,1,2,1,0,1,0,0000000,88,88,88,88,88,88,0,0,0,1,1
48,482889,1,1,0,0,0,2,2,215,0,2,12,2012,1,17,26,0,6,4,CR-10TH,FM 493,0,26.43781389,-98.01443889,0,5,0,0,2,2,0,1,1,1,0,1,0,0000000,99,99,99,99,99,99,0,0,0,1,0
48,482890,1,1,0,0,0,1,1,229,0,2,12,2012,1,15,40,1,1,1,I-20,,518,31.11386944,-105.1499694,0,1,0,0,1,1,0,3,1,1,0,1,0,0000000,99,99,99,99,99,99,0,0,0,1,0
48,482891,2,2,0,0,0,2,2,435,6470,4,12,2012,3,22,13,1,2,2,US-277,SL467 CROCKETT AVE,255,30.57519167,-100.6520028,0,12,6,0,2,3,0,1,3,1,0,1,0,0000000,20,14,20,16,20,28,0,0,0,1,0
48,482893,1,1,0,1,1,1,1,37,0,9,12,2012,1,6,25,0,4,8,FM990,,32,33.45728611,-94.59077778,0,8,0,0,1,1,0,1,2,10,0,10,0,0000000,88,88,88,88,88,88,0,0,0,1,0
48,482894,1,1,0,0,0,1,1,49,0,9,12,2012,1,14,51,0,3,3,SR-279,,229,31.89952222,-99.12251389,0,38,0,0,1,1,0,4,1,1,0,1,0,0000000,88,88,88,88,88,88,0,0,0,1,0
48,482895,2,2,0,0,0,3,3,149,0,9,12,2012,1,17,43,0,3,3,SR-71,FM955,111,29.85330278,-96.72925,0,12,6,0,2,2,0,1,2,10,0,10,0,0000000,17,46,17,54,19,27,0,0,0,2,1
48,482896,1,1,0,0,0,1,1,371,0,9,12,2012,1,4,43,0,3,3,SR-18,,1,31.30510556,-102.8785,0,24,0,0,1,1,0,4,2,1,0,1,0,0000000,88,88,88,88,88,88,0,0,0,1,1
48,482897,1,1,0,0,0,2,2,385,0,9,12,2012,1,5,15,0,4,3,SR-55,,60,29.637325,-100.0074583,0,42,0,0,1,1,0,4,2,5,0,5,0,0000000,5,19,5,32,6,35,0,0,0,1,0
48,482898,1,1,0,0,0,2,2,303,0,10,12,2012,2,9,37,0,3,3,SR-114,,62,33.58216667,-102.0597083,0,1,0,0,1,1,0,4,1,1,0,1,0,0000000,99,99,9,46,10,7,0,0,0,1,0
48,482899,1,1,0,1,1,1,1,439,260,12,12,2012,4,18,50,0,16,5,N FIELDER RD,RANDOL MILL RD,0,32.75013333,-97.13168889,0,8,0,0,3,2,0,1,3,1,0,1,0,0000000,18,55,19,8,19,29,0,0,0,1,0
48,482900,2,2,0,0,0,3,3,187,0,13,12,2012,5,14,25,0,4,2,US-90,,146,29.65233333,-97.7897,0,12,6,0,1,1,0,1,1,10,0,10,0,0000000,14,41,15,4,15,34,0,0,0,2,0
48,482901,2,2,0,0,0,2,2,389,0,14,12,2012,6,14,50,1,1,1,I-20,,374,31.36796944,-103.6677917,0,12,1,0,1,1,0,1,1,7,0,7,0,0000000,88,88,88,88,88,88,19,0,0,1,0
48,482902,3,3,0,0,0,3,3,201,3280,15,12,2012,7,2,59,1,11,1,I-610,,99,29.67924444,-95.44171667,0,12,6,0,1,1,0,1,3,1,0,1,0,0000000,2,58,3,4,3,30,0,0,0,1,1
48,482903,3,3,0,0,0,9,9,249,0,15,12,2012,7,22,50,0,6,4,CR-364,,0,28.02423611,-97.90694444,0,12,2,0,1,1,0,1,2,1,0,1,0,0000000,88,88,88,88,88,88,0,0,0,2,1
48,482904,1,1,0,0,0,1,1,401,0,15,12,2012,7,21,0,0,5,8,FM-1662,,77,31.9176,-94.91467222,0,42,0,0,1,1,0,4,2,1,0,1,0,0000000,88,88,88,88,88,88,0,0,0,1,1
48,482905,1,1,0,0,0,1,1,39,0,17,12,2012,2,4,50,0,6,4,CR-48,,0,29.41255833,-95.44383611,0,35,0,0,1,1,0,4,2,1,0,1,0,0000000,5,10,5,35,6,5,0,0,0,1,1
48,482906,2,2,0,0,0,2,2,127,0,17,12,2012,2,19,25,1,2,2,US-277,,142,28.57388889,-99.908875,0,12,6,0,8,1,0,1,2,1,0,1,0,0000000,88,88,88,88,88,88,0,0,0,1,1
48,482907,1,1,0,1,1,1,1,139,0,17,12,2012,2,17,54,1,11,7,I-45,,8,32.274725,-96.52046944,0,8,0,0,1,1,0,1,2,1,0,1,0,0000000,88,88,88,88,88,88,0,0,0,1,0
48,482908,2,2,0,0,0,2,2,39,0,18,12,2012,3,5,55,0,4,8,FM 521,CR-54,89,29.40128056,-95.47986111,0,12,2,0,2,2,0,1,3,1,0,1,0,0000000,88,88,88,88,88,88,0,0,0,1,0
48,482909,2,2,0,0,0,2,2,123,0,18,12,2012,3,13,27,0,4,8,UA 77,,123,29.15320556,-97.27448611,0,12,6,0,1,1,0,1,1,1,0,1,0,0000000,99,99,99,99,99,99,0,0,0,1,0
48,482910,1,1,0,0,0,2,2,487,0,18,12,2012,3,10,20,1,2,2,US-70,,200,34.14025833,-99.19458056,0,1,0,0,1,1,0,1,1,1,0,1,0,0000000,10,26,10,34,99,99,0,0,0,1,0
48,482911,1,1,0,0,0,1,1,185,0,19,12,2012,4,3,16,0,3,3,SR-30,,275,30.64928333,-95.85110278,0,32,0,0,1,1,0,4,2,1,0,1,0,0000000,88,88,88,88,88,88,0,0,0,1,1
48,482912,2,2,0,0,0,4,4,303,0,19,12,2012,4,12,45,1,1,1,I-27,,210,33.80415833,-101.8379444,0,12,1,0,1,1,0,1,1,7,0,7,0,0000000,13,1,13,14,13,49,19,0,0,1,0
48,482913,1,1,0,0,0,2,2,389,0,20,12,2012,5,21,15,1,1,1,I-10,,316,30.97766389,-103.5792722,0,1,0,0,1,1,0,3,2,1,0,1,0,0000000,99,99,99,99,99,99,0,0,0,1,0
48,482914,2,2,0,1,1,2,2,29,6090,21,12,2012,6,18,49,1,11,1,I-37,,119,29.43399167,-98.47819722,0,8,0,0,1,1,0,1,3,1,0,1,0,0000000,88,88,88,88,88,88,0,0,0,1,0
48,482915,2,1,1,0,0,1,1,251,0,23,12,2012,1,15,54,0,6,4,CR-TRAILWOOD DR,,0,32.47338889,-97.36786667,0,42,0,0,1,1,0,4,1,1,0,1,0,0000000,88,88,88,88,88,88,0,0,0,1,0
48,482916,2,2,0,0,0,2,2,309,5845,23,12,2012,1,12,32,1,13,3,SR-77/ROBINSON DR,KETTLER,69,31.45653056,-97.11047778,0,12,6,0,2,3,0,1,1,1,0,1,0,0000000,99,99,99,99,99,99,0,0,0,1,0
48,482917,1,1,0,0,0,1,1,289,0,24,12,2012,2,20,24,1,1,1,I-45,,209,31.39502778,-96.03159167,0,1,0,0,1,1,0,10,2,1,0,1,0,0000000,99,99,99,99,99,99,0,0,0,1,0
48,482918,1,1,0,0,0,1,1,55,0,25,12,2012,3,2,58,0,5,8,FM 2720,,31,29.93091944,-97.76077778,0,38,0,0,1,1,0,4,2,10,0,10,0,0000000,88,88,88,88,88,88,0,0,0,1,1
48,482919,3,3,0,0,0,3,3,231,0,26,12,2012,4,17,30,1,2,2,US-380,,69,33.13688333,-96.17180278,0,12,2,0,1,1,1,1,5,10,8,8,0,0000000,17,34,17,55,18,36,0,0,0,1,0
48,482920,2,2,0,0,0,4,4,439,502,26,12,2012,4,23,39,1,12,3,SR-183/AIRPORT FWY,,3,32.83772222,-97.11784722,0,25,0,0,1,1,1,4,2,1,0,1,0,0000000,0,5,0,13,1,6,0,0,0,1,1
48,482921,2,2,0,0,0,7,7,113,1730,27,12,2012,5,15,0,1,11,1,I-35E STEMMONS FWY,,254,32.86484722,-96.89536111,0,25,0,0,1,1,0,3,1,10,0,10,0,0000000,15,10,15,17,15,58,0,0,0,1,0
48,482922,1,1,0,0,0,1,1,291,0,27,12,2012,5,17,24,0,6,4,CR-2212,,0,30.36652778,-94.99843889,0,42,0,0,1,1,0,4,2,2,0,2,0,0000000,88,88,88,88,88,88,0,0,0,1,0
48,482923,2,2,0,0,0,6,6,401,0,27,12,2012,5,9,0,0,4,8,FM3053,,126,32.31551111,-94.97223611,0,12,2,0,1,1,0,1,1,10,0,10,0,0000000,88,88,88,88,88,88,0,0,0,1,0
48,482924,1,1,0,0,0,1,1,183,0,28,12,2012,6,9,30,1,1,1,I-20,,113,32.43267778,-94.77706389,0,42,0,0,1,1,0,4,1,10,0,10,0,0000000,88,88,88,88,88,88,0,0,0,1,0
48,482925,2,2,0,0,0,2,2,201,0,28,12,2012,6,15,18,1,13,8,FM1960 CYPRESS CREEK PKWY,BEAVER SPRINGS DR,130,30.01220833,-95.45432222,0,12,6,0,2,3,0,1,1,1,0,1,0,0000000,15,18,15,18,15,42,0,0,0,1,0
48,482926,1,1,0,0,0,1,1,297,0,28,12,2012,6,4,3,1,1,1,I-37,,289,28.48532778,-98.13727778,0,23,0,0,1,1,0,3,2,1,0,1,0,0000000,88,88,88,88,88,88,0,0,0,1,0
48,482927,3,3,0,0,0,3,3,355,0,28,12,2012,6,14,10,0,4,8,FM70,FM665,45,27.71741667,-97.90813056,0,12,6,0,2,2,0,1,1,1,0,1,0,0000000,14,26,14,41,15,5,0,0,0,1,0
48,482928,2,2,0,0,0,4,4,389,0,28,12,2012,6,13,30,1,2,2,US-285,,152,31.80514722,-103.8914889,0,12,99,0,1,1,0,4,1,1,0,1,0,0000000,88,88,88,88,88,88,0,0,0,2,1
48,482929,1,1,0,0,0,1,1,395,0,28,12,2012,6,13,55,0,5,8,SP231,,14,30.74416111,-96.46781944,0,10,0,0,6,1,0,1,1,10,0,10,0,743184F,88,88,88,88,88,88,0,0,0,1,0
48,482930,3,3,0,0,0,4,4,441,30,28,12,2012,6,8,37,0,14,8,BI20R,,104,32.44502222,-99.67746667,0,12,2,0,1,1,0,1,1,5,0,5,0,0000000,8,44,9,0,9,27,0,0,0,1,0
48,482931,1,1,0,0,0,1,1,497,0,29,12,2012,7,21,53,0,6,4,CR-4522,,0,33.16770833,-97.41791389,0,18,0,0,1,1,0,4,2,1,0,1,0,0000000,21,54,22,8,22,49,0,0,0,1,1
48,482932,2,2,0,0,0,4,4,113,1730,30,12,2012,1,3,5,0,16,5,8TH ST,CORINTH ST RD,0,32.74916944,-96.79908889,0,12,2,0,2,2,0,1,3,1,0,1,0,0000000,3,8,3,14,3,26,0,0,0,1,1
48,482933,1,1,0,0,0,5,5,257,0,30,12,2012,1,1,45,0,4,3,SR-274,,38,32.40559444,-96.24183333,0,58,0,0,1,1,0,4,2,1,0,1,0,0000000,2,12,2,47,3,23,0,0,0,1,0