STATE,ST_CASE,VE_TOTAL,VE_FORMS,PVH_INVL,PEDS,PERNOTMVIT,PERMVIT,PERSONS,COUNTY,CITY,DAY,MONTH,YEAR,DAY_WEEK,HOUR,MINUTE,NHS,ROAD_FNC,ROUTE,TWAY_ID,TWAY_ID2,MILEPT,LATITUDE,LONGITUD,SP_JUR,HARM_EV,MAN_COLL,RELJCT1,RELJCT2,TYP_INT,WRK_ZONE,REL_ROAD,LGT_COND,WEATHER1,WEATHER2,WEATHER,SCH_BUS,RAIL,NOT_HOUR,NOT_MIN,ARR_HOUR,ARR_MIN,HOSP_HR,HOSP_MN,CF1,CF2,CF3,FATALS,DRUNK_DR
48,482934,1,1,0,0,0,1,1,29,6090,31,12,2012,2,5,45,1,11,1,I-410,,96,29.44278611,-98.63837222,0,1,0,0,1,1,0,1,3,2,0,2,0,0000000,88,88,88,88,88,88,0,0,0,1,0
48,482935,2,2,0,0,0,3,3,187,3698,31,12,2012,2,17,4,0,6,4,CR-KINGSBURY RD,,0,29.66739167,-97.83613056,0,12,6,0,1,1,0,1,5,2,0,2,0,0000000,17,10,17,20,18,17,0,0,0,1,0
48,482936,2,2,0,0,0,2,2,201,0,31,12,2012,2,17,19,0,6,4,CR-FARRELL RD,,0,29.98563611,-95.38293333,0,12,2,0,1,1,0,1,5,2,0,2,0,0000000,17,20,17,28,18,37,0,0,0,1,2
48,482937,1,1,0,0,0,1,1,367,0,31,12,2012,2,0,10,1,1,1,I-20 RAMP,,291,32.73573889,-97.63625278,0,52,0,1,5,1,0,10,2,2,0,2,0,0000000,88,88,88,88,88,88,0,0,0,1,1
48,482938,1,1,0,0,0,2,2,451,6080,31,12,2012,2,23,30,0,14,8,FM 1223,,8,31.43424444,-100.4339444,0,30,0,0,1,1,0,4,3,10,0,10,0,0000000,23,56,0,2,0,23,0,0,0,1,1
48,482939,2,2,0,0,0,5,5,141,2190,14,11,2012,4,18,26,1,13,8,SL 375,FM 76,136,31.68683056,-106.2984528,0,12,6,0,2,2,0,1,3,1,0,1,0,0000000,18,26,18,34,19,7,0,0,0,1,0
48,482940,1,1,0,1,1,1,1,367,7280,25,11,2012,1,18,45,0,15,8,FM 2552,BRIARHAVEN BLVD,31,32.73966389,-97.77058889,0,8,0,0,2,3,0,1,3,1,0,1,0,0000000,88,88,88,88,88,88,0,0,0,1,0
48,482941,1,1,0,0,0,4,4,453,0,30,11,2012,6,6,35,1,12,3,SR-130,,470,30.17499167,-97.63841389,0,1,0,0,1,1,0,3,4,5,0,5,0,0000000,88,88,88,88,88,88,0,0,0,1,0
48,482942,1,1,0,1,1,1,1,201,3280,5,12,2012,4,20,46,0,16,5,MACGREGOR WAY,,0,29.71092778,-95.34581389,0,8,0,0,1,1,0,1,3,10,0,10,0,0000000,20,52,20,56,21,49,0,0,0,1,0
48,482943,1,1,0,0,0,1,1,21,0,6,12,2012,5,4,58,0,6,4,CR-205 HILLS PRAIRIE RD,,0,30.04424444,-97.32025833,0,1,0,0,1,1,0,1,2,5,0,5,0,0000000,88,88,88,88,88,88,0,0,0,1,0
48,482944,1,1,0,1,1,2,2,261,0,8,12,2012,7,18,45,1,2,2,US-77,,52,26.71114722,-97.76858611,0,8,0,0,1,1,0,1,2,1,0,1,0,0000000,88,88,88,88,88,88,0,0,0,1,0
48,482945,1,1,0,0,0,1,1,439,2450,12,12,2012,4,0,24,0,16,5,OLD GRANBURY RD,,0,32.59972778,-97.43266389,0,1,0,0,1,1,0,4,2,1,0,1,0,0000000,88,88,88,88,88,88,0,0,0,1,0
48,482946,2,2,0,0,0,2,2,53,0,15,12,2012,7,10,42,1,2,2,US-183,,189,30.86741667,-97.91457778,0,12,2,0,1,1,0,1,1,10,0,10,0,0000000,99,99,99,99,99,99,0,0,0,1,0
48,482947,2,2,0,0,0,4,4,85,2520,16,12,2012,1,20,31,1,13,3,SR-289,,186,33.16570556,-96.80309722,0,12,2,0,1,1,0,1,2,1,0,1,0,0000000,20,32,20,36,21,33,0,0,0,2,0
48,482948,3,3,0,0,0,4,4,453,330,19,12,2012,4,23,3,1,12,7,US-SR71,S 1ST ST,21,30.22612222,-97.76966944,0,12,6,1,2,2,0,1,3,6,0,6,0,0000000,99,99,99,99,99,99,0,0,0,1,0
48,482949,2,2,0,0,0,3,3,323,0,23,12,2012,1,8,18,0,3,2,US-57,,110,28.91185556,-100.1337583,0,12,2,0,1,1,0,1,4,5,0,5,0,0000000,99,99,99,99,99,99,0,0,0,1,0
48,482950,2,2,0,0,0,4,4,215,0,28,12,2012,6,11,35,0,14,8,FM681,,266,26.32721111,-98.33745,0,12,2,0,1,1,0,1,1,1,0,1,0,0000000,99,99,99,99,99,99,0,0,0,3,0
48,482951,1,1,0,0,0,1,1,363,0,29,12,2012,7,17,5,1,1,1,I-20,,175,32.61220278,-98.1072,0,52,0,1,5,1,0,4,1,1,0,1,0,0000000,88,88,88,88,88,88,0,0,0,1,0
48,482952,2,2,0,0,0,7,7,453,330,29,12,2012,7,12,58,1,12,3,SR-71,FM 973,149,30.20330833,-97.63941389,0,12,6,0,2,3,1,1,1,10,0,10,0,0000000,12,58,13,8,13,31,0,0,0,1,0
48,482953,1,1,0,0,0,1,1,309,5845,31,12,2012,2,11,19,1,13,3,SR-6,,224,31.49043611,-97.14284167,0,43,0,0,1,1,0,4,1,2,0,2,0,0000000,11,22,11,24,11,53,0,0,0,1,0
48,482954,5,5,0,0,0,6,6,453,330,31,12,2012,2,9,12,0,16,5,ANDERSON MILL RD,,0,30.45194722,-97.82154722,0,12,6,0,1,1,0,1,1,2,0,2,0,0000000,9,12,9,16,9,37,0,0,0,1,0
48,482955,2,2,0,0,0,2,2,215,3165,25,2,2012,7,15,11,1,13,2,US-281 MILITARY HWY,S. JACKSON RD,15,26.09736389,-98.22119167,0,12,6,0,2,2,0,1,1,1,0,1,0,0000000,99,99,99,99,99,99,0,0,0,1,0
48,482956,2,2,0,0,0,2,2,29,6090,26,10,2012,6,22,35,0,4,8,SL 1604,,380,29.21364167,-98.51141389,0,12,2,0,1,1,0,1,2,10,0,10,0,0000000,22,43,22,54,23,38,0,0,0,1,0
48,482957,1,1,0,0,0,1,1,29,6090,11,11,2012,1,2,42,0,4,8,FM 2696 BLANCO RD,,77,29.66726944,-98.52047222,0,33,0,0,1,1,0,4,2,1,0,1,0,0000000,88,88,88,88,88,88,0,0,0,1,1
48,482958,2,2,0,0,0,2,2,453,0,14,11,2012,4,20,12,0,14,8,FM 2304 MANCHACA RD,,70,30.14944722,-97.83318889,0,12,6,0,8,1,0,1,1,1,0,1,0,0000000,99,99,99,99,99,99,0,0,0,1,1
48,482960,1,1,0,0,0,2,2,29,0,16,11,2012,6,4,5,0,6,4,CR-BULVERDE RD,,0,29.67627778,-98.434475,0,38,0,0,1,1,0,4,2,10,0,10,0,0000000,88,88,88,88,88,88,0,0,0,1,1
48,482961,14,14,0,0,0,19,19,145,0,19,11,2012,2,12,43,1,1,1,I-35,,10,31.280225,-97.25960278,0,12,1,0,1,1,1,1,1,1,0,1,0,0000000,12,48,13,6,13,51,0,0,0,1,0
48,482962,1,1,0,0,0,1,1,257,0,24,11,2012,7,19,15,0,4,8,FM 148,PAGE LN,199,32.52149167,-96.38752778,0,59,0,0,1,1,0,4,2,1,0,1,0,0000000,19,23,19,49,20,19,0,0,0,1,0
48,482963,1,1,0,0,0,1,1,275,0,3,12,2012,2,2,0,1,2,2,US-114,,43,33.58984167,-99.72389444,0,1,0,0,1,1,0,4,2,1,0,1,0,0000000,88,88,88,88,88,88,0,0,0,1,1
48,482964,1,1,0,0,0,2,2,147,0,8,12,2012,7,3,6,0,4,3,SR-78,,80,33.64158333,-96.18051389,0,42,0,0,1,1,0,4,6,1,0,1,0,0000000,3,7,3,11,4,23,0,0,0,2,1
48,482965,5,5,0,0,0,13,13,423,0,8,12,2012,7,14,5,0,3,8,SP 364,,33,32.31078889,-95.35236944,0,12,1,0,1,1,0,1,1,10,0,10,0,0000000,14,19,14,25,14,45,0,0,0,2,0
48,482966,2,2,0,0,0,5,5,257,0,9,12,2012,1,19,52,0,4,8,FM 987,,56,32.61473611,-96.31786389,0,12,6,0,1,1,0,1,2,1,0,1,0,0000000,19,56,20,1,21,5,0,0,0,1,0
48,482967,1,1,0,1,1,1,1,277,0,19,12,2012,4,18,28,1,2,2,US-271,,3,33.87440833,-95.50271944,0,8,0,0,1,1,0,1,2,1,0,1,0,0000000,88,88,88,88,88,88,0,0,0,1,0
48,482968,1,1,0,0,0,2,2,471,3340,19,12,2012,4,20,20,0,14,3,SR-30,,0,30.73308333,-95.52789167,0,5,0,0,1,1,0,1,2,10,0,10,0,0000000,99,99,99,99,99,99,0,0,0,1,0
48,482969,1,1,0,0,0,1,1,185,0,21,12,2012,6,22,59,1,2,3,SR-6,,64,30.34039167,-96.0496,0,42,0,1,5,1,0,3,2,1,0,1,0,0000000,88,88,88,88,88,88,0,0,0,1,0
48,482970,2,2,0,0,0,2,2,231,0,21,12,2012,6,7,0,1,2,3,SR-276,,115,32.91058333,-96.15760556,0,12,6,0,1,1,0,1,4,1,0,1,0,0000000,99,99,99,99,99,99,0,0,0,1,0
48,482971,1,1,0,0,0,1,1,291,0,21,12,2012,6,12,59,0,4,8,FM1008,,122,30.07918056,-94.86576389,0,1,0,0,1,1,0,4,1,1,0,1,0,0000000,88,88,88,88,88,88,0,0,0,1,0
48,482972,1,1,0,0,0,2,2,167,6860,22,12,2012,7,17,14,1,13,8,SL197 TX CITY PORT BLVD,,62,29.36928611,-94.913925,0,30,0,0,1,1,0,3,1,1,0,1,0,0000000,17,22,17,49,18,5,0,0,0,1,0
48,482973,1,1,0,0,0,3,3,339,0,23,12,2012,1,1,45,0,6,4,CR-KEENAN CUT-OFF RD,,0,30.32313056,-95.69328889,0,30,0,0,1,1,0,4,3,1,0,1,0,0000000,1,47,1,58,2,58,0,0,0,1,1
48,482974,1,1,0,0,0,2,2,231,2860,24,12,2012,2,10,53,1,11,1,I-30,,137,33.09737778,-96.10802778,0,1,0,0,1,1,0,1,1,1,0,1,0,0000000,99,99,99,99,99,99,0,0,0,1,0
48,482975,1,1,0,0,0,1,1,257,3610,24,12,2012,2,22,43,0,4,3,SR-274,,62,32.36953333,-96.24011111,0,43,0,0,1,1,0,4,2,10,0,10,0,0000000,88,88,88,88,88,88,0,0,0,1,1
48,482976,2,2,0,0,0,2,2,147,0,26,12,2012,4,13,52,0,4,8,FM273,,49,33.68202222,-96.15475833,0,12,2,0,1,1,0,1,1,10,0,10,0,0000000,13,57,14,3,14,44,0,0,0,1,0
48,482977,2,2,0,1,1,1,1,201,3505,31,12,2012,2,1,55,1,12,2,US-290 NORTHWEST FWY,,229,29.89528333,-95.59112778,0,8,0,0,1,1,0,1,3,10,0,10,0,0000000,2,0,2,4,2,24,19,0,0,1,0
48,482978,2,2,0,0,0,5,5,157,5970,20,4,2012,6,17,45,1,2,2,US-59,COTTONWOOD CHURCH RD,206,29.53225556,-95.86022222,0,12,6,0,2,3,0,1,1,10,0,10,0,0000000,19,46,19,59,20,42,0,0,0,1,0
48,482979,1,1,0,1,1,1,1,439,0,21,6,2012,5,5,44,0,6,4,CR-WILLOW SPRINGS RD,,0,32.98043889,-97.39793611,0,8,0,0,1,1,0,1,2,1,0,1,0,0000000,88,88,88,88,88,88,0,0,0,1,0
48,482980,2,2,0,0,0,3,3,439,0,9,7,2012,2,17,19,0,15,8,FM1886 CONFEDERATE PARK RD,,6,32.82528056,-97.53784722,0,12,2,0,1,1,0,1,1,2,0,2,0,0000000,17,20,17,33,18,16,0,0,0,1,0
48,482981,1,1,0,0,0,2,2,439,0,16,8,2012,5,2,7,0,15,8,FM 718/AVONDALE-HASLET RD,,14,32.98428889,-97.44774722,0,24,0,0,1,1,0,4,2,1,0,1,0,0000000,2,11,2,42,3,12,0,0,0,1,1
48,482982,2,2,0,0,0,3,3,439,0,23,8,2012,5,1,43,1,11,1,I-20/RONALD REAGAN MEMORIAL,,42,32.69257222,-97.49748611,0,12,6,0,1,1,0,1,2,1,0,1,0,0000000,1,54,2,17,2,38,0,0,0,1,1
48,482983,2,2,0,0,0,4,4,113,2010,30,8,2012,5,19,57,0,6,5,WHEATLAND RD,TUCSON DR,0,32.64728056,-96.939275,0,12,6,0,2,3,0,1,5,1,0,1,0,0000000,20,5,20,6,20,42,0,0,0,2,1
48,482984,2,2,0,0,0,2,2,439,0,27,9,2012,5,19,15,0,6,4,CR-TEN MILE BRIDGE,,0,32.85640556,-97.46415556,0,12,6,0,1,1,0,1,5,10,0,10,0,0000000,19,19,19,37,19,56,0,0,0,1,0
48,482985,1,1,0,1,1,2,2,15,560,12,10,2012,6,0,21,0,16,5,MECHANIC ST,,0,29.94042222,-96.25074722,0,8,0,0,1,1,0,1,3,1,0,1,0,0000000,0,23,0,29,1,5,0,0,0,1,1
48,482986,2,2,0,0,0,2,2,141,2190,19,10,2012,6,10,13,1,11,1,I-10/GATEWAY EAST BLVD RAMP,,241,31.77708889,-106.4286667,0,24,0,0,5,1,0,4,1,1,0,1,0,0000000,88,88,88,88,88,88,0,0,0,1,0
48,482987,1,1,0,0,0,1,1,363,0,6,11,2012,3,7,52,0,14,8,FM 2372,,28,32.55114167,-98.52051111,0,43,0,0,1,1,0,4,2,1,0,1,0,0000000,88,88,88,88,88,88,0,0,0,1,0
48,482988,1,1,0,0,0,1,1,491,0,11,11,2012,1,2,28,0,6,4,CR-A.W. GRIMES,,0,30.48224444,-97.64687222,0,42,0,0,1,1,0,4,2,1,0,1,0,0000000,88,88,88,88,88,88,0,0,0,1,1
48,482989,2,2,0,0,0,2,2,133,0,3,12,2012,2,15,38,0,4,8,FM 2214,,97,32.320175,-98.63209722,0,12,8,0,1,1,0,1,1,1,0,1,0,0000000,99,99,99,99,99,99,0,0,0,1,0
48,482990,2,2,0,0,0,2,2,303,0,6,12,2012,5,21,15,1,2,2,US-84,,282,33.50279444,-101.74715,0,12,1,0,1,1,0,1,2,1,0,1,0,0000000,88,88,88,88,88,88,0,0,0,1,0
48,482991,3,3,0,0,0,3,3,453,330,10,12,2012,2,12,40,0,16,5,MANCHACA RD,,0,30.20565278,-97.80640278,0,12,2,0,1,1,0,1,1,1,0,1,0,0000000,12,44,12,51,13,22,0,0,0,1,0
48,482992,2,2,0,0,0,2,2,201,0,12,12,2012,4,5,55,0,3,8,FM2920,,78,30.06675833,-95.79523889,0,12,1,0,1,1,1,1,2,1,0,1,1,0000000,88,88,88,88,88,88,0,0,0,1,0
48,482993,1,1,0,0,0,3,3,85,1260,21,12,2012,6,22,54,0,4,8,FM1461 E FRONTIER PKWY,,26,33.26242222,-96.75600278,0,5,0,0,1,1,0,1,2,1,0,1,0,0000000,99,99,23,3,23,35,0,0,0,1,0
48,482994,1,1,0,0,0,2,2,141,0,22,12,2012,7,8,30,1,11,1,I-10,,382,31.66643889,-106.2453722,0,1,0,0,1,1,0,10,1,1,0,1,0,0000000,8,36,8,48,9,12,0,0,0,1,0
48,482995,1,1,0,0,0,1,1,425,0,22,12,2012,7,20,0,1,2,2,US-67,,67,32.19264722,-97.8499,0,32,0,0,1,1,0,4,2,1,0,1,0,0000000,99,99,99,99,99,99,0,0,0,1,0
48,482996,1,1,0,0,0,3,3,273,0,23,12,2012,1,12,20,1,2,2,US-77,,7,27.55179444,-97.80992778,0,1,0,0,1,1,0,4,1,1,0,1,0,0000000,99,99,99,99,99,99,0,0,0,1,0
48,482997,1,1,0,0,0,2,2,189,5380,24,12,2012,2,2,17,1,11,1,I-27 RAMP,,298,34.21800556,-101.7261306,0,33,0,0,5,1,0,4,3,1,0,1,0,0000000,88,88,88,88,88,88,0,0,0,2,1
48,482998,2,2,0,0,0,5,5,109,0,26,12,2012,4,14,30,1,1,1,I-10,,60,31.06185556,-104.5080056,0,12,7,0,1,1,0,1,1,1,0,1,0,0000000,88,88,88,88,88,88,0,0,0,1,0
48,482999,1,1,0,1,1,1,1,167,2570,7,6,2012,5,19,7,0,16,5,AVE O,23RD ST,0,29.293875,-94.78984444,0,8,0,0,2,2,0,1,1,1,0,1,0,0000000,99,99,99,99,99,99,0,0,0,1,0
48,483000,2,2,0,0,0,4,4,27,6810,2,8,2012,5,20,30,0,15,8,FM2305 W ADAMS AVE,,28,31.12324722,-97.45100278,0,12,2,0,1,1,0,1,1,1,0,1,0,0000000,20,33,20,40,21,13,0,0,0,1,0
48,483001,2,2,0,0,0,3,3,215,114,20,8,2012,2,21,16,0,16,5,STEWART ST,DIAMONDHEAD ST,0,26.28918611,-98.28886944,0,12,7,0,2,3,0,1,2,1,0,1,0,0000000,88,88,88,88,88,88,0,0,0,1,0
48,483002,1,1,0,0,0,1,1,113,1730,26,8,2012,1,3,48,1,12,8,SP366 WOODALL RODGERS FWY,,19,32.78856111,-96.80264167,0,25,0,0,1,1,0,3,3,1,0,1,0,0000000,3,54,4,0,4,22,0,0,0,1,0
48,483003,2,2,0,0,0,4,4,439,0,14,9,2012,6,16,51,1,13,8,FM1187 RENDON BLOODWORTH RD,,250,32.57621667,-97.23707222,0,12,6,0,1,1,0,1,1,10,0,10,0,0000000,16,53,17,2,17,37,0,0,0,1,0
48,483004,1,1,0,2,2,1,1,213,300,6,10,2012,7,21,45,0,14,8,FM2495,,1,32.20925,-95.82924722,0,8,0,0,1,1,0,4,2,1,0,1,0,0000000,99,99,99,99,99,99,0,0,0,1,1
48,483005,1,1,0,0,0,2,2,491,3360,24,10,2012,4,23,22,0,15,8,FM1660,,15,30.52094444,-97.54577222,0,35,0,0,1,1,0,4,2,1,0,1,0,0000000,99,99,23,27,23,59,20,0,0,1,0
48,483006,3,3,0,0,0,3,3,201,3280,5,11,2012,2,14,15,0,16,5,W 18TH ST,YALE,0,29.80186944,-95.39918611,0,12,6,0,2,2,0,1,1,1,0,1,0,0000000,14,19,14,24,14,51,14,0,0,1,0
48,483007,1,1,0,1,1,2,2,29,6090,12,11,2012,2,18,50,0,16,5,FREDERICKSBURG RD,,0,29.508925,-98.56546389,0,8,0,0,1,1,0,1,3,1,0,1,0,0000000,99,99,99,99,99,99,0,0,0,1,0
48,483008,2,2,0,0,0,5,5,201,3280,18,11,2012,1,3,50,0,14,8,FM525 ALDINE BENDER RD,,13,29.93186944,-95.39117222,0,12,6,0,8,1,0,1,3,1,0,1,0,0000000,88,88,88,88,88,88,0,0,0,1,1
48,483009,1,1,0,0,0,7,7,469,0,21,11,2012,4,16,8,1,2,2,US-59,,39,28.89501389,-96.81509444,0,1,0,0,1,1,0,1,1,1,0,1,0,0000000,99,99,99,99,99,99,0,0,0,1,0
48,483010,1,1,0,1,1,1,1,355,1550,23,11,2012,6,3,45,1,12,8,PR22 S PADRE ISLAND DR,,16,27.66579444,-97.27726111,0,8,0,0,1,1,0,1,3,1,0,1,0,0000000,3,46,3,51,4,10,0,0,0,1,0
48,483011,1,1,0,0,0,2,2,423,0,29,11,2012,5,16,44,1,2,2,US-69,,56,32.55347222,-95.42417778,0,35,0,0,1,1,0,5,5,1,0,1,0,0000000,17,13,17,14,18,8,0,0,0,1,0
48,483012,2,1,1,1,2,1,2,479,0,30,11,2012,6,17,39,1,2,2,US-59,,45,27.77150833,-98.85246667,0,8,0,0,1,1,0,1,5,1,0,1,0,0000000,88,88,88,88,88,88,0,0,0,1,0
48,483013,2,2,0,0,0,2,2,355,0,1,12,2012,7,22,5,0,3,8,FM 665,,14,27.66850833,-97.72648889,0,12,2,0,1,1,0,1,1,1,0,1,0,0000000,88,88,88,88,88,88,0,0,0,2,1
48,483014,2,2,0,0,0,2,2,147,0,5,12,2012,4,7,36,0,4,8,FM 2216,,16,33.730975,-95.88328889,0,12,6,0,8,1,0,1,1,1,0,1,0,0000000,88,88,88,88,88,88,0,0,0,1,0
48,483015,2,2,0,0,0,2,2,135,5030,7,12,2012,6,23,10,0,16,5,UNIVERSITY,,0,31.87843889,-102.3343306,0,12,1,0,1,1,0,1,3,1,0,1,0,0000000,88,88,88,88,88,88,20,0,0,1,1
48,483016,1,1,0,0,0,1,1,157,0,8,12,2012,7,2,50,1,2,3,SR-36,WILLIAMS SCHOOL RD,80,29.45679167,-95.82146111,0,23,0,0,3,4,0,4,2,5,0,5,0,0000000,88,88,88,88,88,88,0,0,0,1,1
48,483017,2,2,0,0,0,3,3,495,0,8,12,2012,7,14,30,0,3,3,SR-115,CR-207,130,31.82620278,-103.1254472,0,12,6,0,2,2,0,1,1,1,0,1,0,0000000,88,88,88,88,88,88,0,0,0,1,1
48,483018,1,1,0,0,0,2,2,135,0,9,12,2012,1,16,44,1,2,2,US-385 S. GRANT AVE,,71,31.74976389,-102.36005,0,1,0,0,1,1,0,4,1,1,0,1,0,0000000,16,41,16,51,17,6,0,0,0,1,0
48,483019,1,1,0,1,1,1,1,245,5430,14,12,2012,6,8,58,0,16,5,CEDAR ST,,0,29.89651111,-94.01192778,0,8,0,0,1,1,0,1,1,10,0,10,0,0000000,88,88,88,88,88,88,0,0,0,1,0
48,483020,1,1,0,0,0,5,5,201,3280,16,12,2012,1,2,40,1,12,7,US-59,,2,29.86691389,-95.33245278,0,33,0,1,5,1,0,8,2,10,0,10,0,0000000,2,50,3,0,3,18,0,0,0,4,0
48,483021,2,2,0,0,0,7,7,475,0,17,12,2012,2,0,15,1,11,1,I-20,,319,31.57633333,-102.8875667,0,12,1,0,1,1,0,1,3,1,0,1,0,0000000,0,20,0,22,0,47,0,0,0,2,0
48,483022,1,1,0,0,0,1,1,215,7330,19,12,2012,4,2,13,1,12,7,US-83,BORDER AVE,392,26.17246389,-97.99889444,0,25,0,0,3,3,0,3,3,1,0,1,0,0000000,88,88,88,88,88,88,0,0,0,1,1
48,483023,1,1,0,1,1,3,3,439,2450,21,12,2012,6,20,52,1,11,7,I-35W,,26,32.68418611,-97.32023333,0,8,0,0,1,1,0,1,3,1,0,1,0,0000000,99,99,99,99,99,99,0,0,0,1,0
48,483024,1,1,0,0,0,2,2,133,0,22,12,2012,7,14,53,1,1,1,I-20,,18,32.37559444,-99.08511944,0,1,0,0,1,1,0,3,1,1,0,1,0,0000000,99,99,99,99,99,99,0,0,0,1,0
48,483025,1,1,0,0,0,1,1,121,1545,23,12,2012,1,12,28,1,11,1,I-35E,,131,33.14365,-97.05318056,0,24,0,0,1,1,0,4,1,1,0,1,0,0000000,12,32,12,45,13,13,0,0,0,1,0
48,483026,2,2,0,0,0,5,5,201,3280,24,12,2012,2,19,50,0,16,5,TIDWELL RD,,0,29.85006667,-95.26683611,0,12,6,0,8,1,0,1,3,1,0,1,0,0000000,19,59,20,7,20,49,0,0,0,1,0
48,483028,1,1,0,0,0,2,2,339,0,24,12,2012,2,0,18,0,6,4,CR-WHIPPORWILL RD,,0,30.33288056,-95.38484444,0,32,0,0,1,1,0,4,2,1,0,1,0,0000000,0,16,0,27,0,58,0,0,0,1,1
48,483029,2,2,0,0,0,3,3,339,0,27,12,2012,5,18,0,0,15,8,FM1485,,3,30.150075,-95.20886111,0,12,6,0,1,1,0,1,2,2,0,2,0,0000000,18,7,18,27,19,8,0,0,0,1,0
48,483030,1,1,0,0,0,1,1,85,4230,31,12,2012,2,1,27,1,12,2,US-75 RAMP,,26,33.15921667,-96.64572222,0,23,0,1,5,1,0,4,2,1,0,1,0,0000000,1,19,1,27,2,5,0,0,0,1,1
48,483031,2,2,0,0,0,4,4,453,330,31,12,2012,2,18,7,1,12,2,US-183 E ANDERSON LN,US-290,102,30.32583611,-97.67456389,0,12,6,1,2,2,0,1,3,2,0,2,0,0000000,18,7,18,12,18,34,0,0,0,1,0
48,483032,1,1,0,0,0,2,2,475,0,31,12,2012,2,9,5,1,1,1,I-20,,366,31.61190278,-102.8298083,0,1,0,0,1,1,0,10,1,1,0,1,0,0000000,9,6,9,10,9,31,0,0,0,1,0
48,483033,1,1,0,0,0,1,1,113,1730,3,11,2012,7,10,15,1,11,1,I-30,,55,32.78260278,-96.77019444,0,24,0,1,5,1,0,10,1,1,0,1,0,0000000,10,16,10,20,10,29,0,0,0,1,0
48,483034,2,2,0,0,0,2,2,215,114,8,8,2012,4,15,55,1,13,8,FM676 E MAIN AVE,,49,26.28473056,-98.29853611,0,43,0,0,1,1,0,4,1,1,0,1,0,0000000,88,88,88,88,88,88,0,0,0,1,1
48,483035,2,2,0,0,0,3,3,381,150,12,11,2012,2,13,17,0,16,5,SW 34TH AVE,S COULTER RD,0,35.17648889,-101.9202444,0,12,6,0,2,2,0,1,9,1,0,1,0,0000000,99,99,99,99,99,99,0,0,0,1,0
48,483036,1,1,0,0,0,1,1,267,0,20,12,2012,5,8,24,1,1,1,I-10,,43,30.48469722,-100.0456389,0,1,0,0,1,1,0,4,9,99,0,99,0,0000000,8,30,8,54,9,53,0,0,0,1,0
48,483037,2,2,0,0,0,2,2,303,4140,3,10,2012,4,19,52,1,13,8,FM2255 4TH ST,FLINT AVE,83,33.5923,-101.8822056,0,12,6,0,2,2,0,1,3,1,0,1,0,0000000,19,55,19,56,20,5,0,0,0,1,0
48,483038,1,1,0,0,0,1,1,285,0,3,11,2012,7,16,9,0,4,8,FM318,FM3475,55,29.29694444,-97.12143889,0,1,0,0,3,3,0,1,1,10,0,10,0,0000000,16,29,17,2,17,57,0,0,0,1,0
48,483039,1,1,0,1,1,3,3,475,4660,10,11,2012,7,11,40,0,16,5,S GARY AVE,,0,31.58785833,-102.882325,0,9,0,0,8,1,0,1,1,1,0,1,0,0000000,11,43,11,45,11,51,0,0,0,1,0
48,483040,1,1,0,1,1,1,1,453,330,19,12,2012,4,13,14,0,16,5,JEFFERSON ST,35TH ST,0,30.30772778,-97.75160278,0,8,0,0,2,2,0,1,1,1,0,1,0,0000000,13,14,13,21,13,43,0,0,0,1,0
48,483041,2,2,0,0,0,5,5,29,33,25,8,2012,7,4,48,1,2,2,US-87,OAK PARK RD,60,29.35898333,-98.20802222,0,5,0,0,2,3,0,1,2,10,0,10,0,0000000,88,88,88,88,88,88,14,0,0,1,1
48,483042,1,1,0,1,1,1,1,141,2190,26,11,2012,2,8,12,0,16,5,DELTA DR,BUENA VISTA,0,31.76135833,-106.4225389,0,8,0,0,3,2,0,1,1,1,0,1,0,0000000,99,99,99,99,99,99,0,0,0,1,0
48,483043,1,1,0,1,1,2,2,141,2190,4,12,2012,3,23,5,0,16,5,ZARAGOZA RD,,0,31.68735278,-106.3298111,0,8,0,0,1,1,0,1,3,1,0,1,0,0000000,88,88,88,88,88,88,0,0,0,1,0
48,483044,4,4,0,1,1,6,6,141,2190,16,12,2012,1,7,15,1,11,1,I-10,,274,31.77178611,-106.3782194,0,12,1,0,1,1,0,1,1,1,0,1,0,0000000,7,28,7,40,8,14,0,0,0,2,0
48,483045,2,2,0,0,0,3,3,141,2190,17,12,2012,2,0,34,1,13,2,US-62,,220,31.80801944,-106.2571222,0,12,1,0,8,1,0,1,3,1,0,1,0,0000000,0,45,0,52,1,42,0,0,0,1,1
48,483046,2,2,0,0,0,3,3,167,6860,19,12,2012,4,11,46,1,13,8,FM 1764 PALMER HWY,,110,29.39531667,-94.94235833,0,12,6,0,8,1,0,1,1,1,0,1,0,0000000,99,99,99,99,99,99,0,0,0,1,0
48,483047,1,1,0,1,1,1,1,429,860,3,12,2012,2,18,37,0,13,2,US-183,,1,32.75361667,-98.90254722,0,8,0,0,1,1,0,1,3,1,0,1,0,0000000,88,88,88,88,88,88,0,0,0,1,0