STATE,ST_CASE,VE_TOTAL,VE_FORMS,PVH_INVL,PEDS,PERNOTMVIT,PERMVIT,PERSONS,COUNTY,CITY,DAY,MONTH,YEAR,DAY_WEEK,HOUR,MINUTE,NHS,ROAD_FNC,ROUTE,TWAY_ID,TWAY_ID2,MILEPT,LATITUDE,LONGITUD,SP_JUR,HARM_EV,MAN_COLL,RELJCT1,RELJCT2,TYP_INT,WRK_ZONE,REL_ROAD,LGT_COND,WEATHER1,WEATHER2,WEATHER,SCH_BUS,RAIL,NOT_HOUR,NOT_MIN,ARR_HOUR,ARR_MIN,HOSP_HR,HOSP_MN,CF1,CF2,CF3,FATALS,DRUNK_DR
48,483048,1,1,0,0,0,2,2,113,1730,14,10,2012,1,6,47,1,12,2,US-175,,82,32.69442778,-96.63781111,0,52,0,0,1,1,0,4,4,10,0,10,0,0000000,99,99,99,99,99,99,0,0,0,1,0
48,483049,1,1,0,1,1,1,1,201,0,1,12,2012,7,20,7,1,12,3,SR-249,,181,29.91593889,-95.48759722,0,8,0,0,1,1,0,1,2,1,0,1,0,0000000,20,13,20,16,21,0,0,0,0,1,0
48,483050,1,1,0,1,1,1,1,309,545,21,12,2012,6,18,16,0,13,8,SL 340,,75,31.60283056,-97.09758333,0,8,0,0,1,1,0,1,2,1,0,1,0,0000000,18,20,18,23,18,58,0,0,0,1,0
48,483051,2,2,0,0,0,3,3,259,0,1,7,2012,1,7,20,1,13,1,I-10,,12,29.97983611,-98.90330833,0,12,1,1,18,1,0,1,1,1,0,1,0,0000000,88,88,88,88,88,88,0,0,0,1,0
48,483052,2,2,0,0,0,2,2,167,6860,10,9,2012,2,6,56,1,12,3,SR-146,FM 519/MAIN ST,141,29.35835556,-94.94583611,0,12,6,1,2,2,0,1,1,1,0,1,0,0000000,88,88,88,88,88,88,0,0,0,1,0
48,483053,1,1,0,0,0,1,1,199,0,4,12,2012,3,20,0,1,2,3,SR-105/FM 770,,235,30.24941389,-94.58913889,0,35,0,0,1,1,0,4,2,2,0,2,0,0000000,99,99,99,99,99,99,0,0,0,1,0
48,483054,2,2,0,0,0,2,2,159,0,20,11,2012,3,19,1,0,4,2,US-67,CR-2080/JUSTISS LN,5,33.17311111,-95.13366111,0,12,6,0,2,3,0,1,2,1,0,1,0,0000000,88,88,88,88,88,88,0,0,0,1,0
48,483055,1,1,0,0,0,1,1,441,4500,26,11,2012,2,0,18,1,1,1,I-20,,91,32.47665556,-100.0056111,0,24,0,0,1,1,0,4,2,1,0,1,0,0000000,99,99,99,99,99,99,0,0,0,1,1
48,483056,2,2,0,0,0,2,2,113,1730,7,5,2012,2,8,0,0,16,5,HILLCREST RD,CLIFFBROOK DR,0,32.94466944,-96.78591389,0,12,6,0,2,2,0,1,1,1,0,1,0,0000000,88,88,88,88,88,88,0,0,0,1,0
48,483057,1,1,0,1,1,1,1,113,1730,19,3,2012,2,23,5,0,16,5,MALCOLM X BLVD,,0,32.75957778,-96.75710278,0,8,0,0,1,1,0,1,3,2,0,2,0,0000000,23,9,23,11,23,30,0,0,0,1,0
48,483058,1,1,0,0,0,1,1,113,1730,2,4,2012,2,10,43,0,16,5,ABRAMS RD,,0,32.82240833,-96.75293056,0,59,0,0,1,1,0,4,1,10,0,10,0,0000000,10,46,10,58,11,23,0,0,0,1,0
48,483059,1,1,0,1,1,4,4,131,2500,19,12,2012,4,23,14,1,2,2,US-59 E RILEY ST,TIPTON ST,178,27.88276667,-98.61096667,0,8,0,0,3,3,0,1,2,10,0,10,0,0000000,23,25,0,7,1,43,0,0,0,1,0
48,483060,2,2,0,0,0,3,3,39,130,2,7,2012,2,16,13,1,13,3,SR-35,E HOUSE ST,34,29.41621944,-95.22946944,0,12,6,0,2,2,0,1,1,1,0,1,0,0000000,16,18,16,29,17,0,0,0,0,1,0
48,483061,2,2,0,0,0,3,3,141,2190,15,10,2012,2,1,59,1,11,7,I-10,FM 659,330,31.72024167,-106.3050194,0,12,6,1,2,2,0,1,3,1,0,1,0,0000000,2,11,2,24,2,44,0,0,0,1,0
48,483062,2,2,0,0,0,2,2,113,1730,28,3,2012,4,22,20,1,13,8,SL 12,PICKWICK LN,247,32.86560278,-96.80059722,0,12,6,0,2,3,0,1,3,1,0,1,0,0000000,88,88,88,88,88,88,0,0,0,1,1
48,483063,1,1,0,1,1,1,1,499,0,17,8,2012,6,23,30,0,3,2,US-80,,88,32.64381111,-95.39734444,0,8,0,0,1,1,0,1,2,10,0,10,0,0000000,99,99,99,99,99,99,0,0,0,1,0
48,483064,2,2,0,1,1,3,3,141,2190,18,8,2012,7,2,25,1,11,1,I-10,,278,31.76844167,-106.3708806,0,12,6,0,1,1,0,1,3,2,0,2,0,0000000,99,99,99,99,99,99,19,23,0,1,1
48,483065,1,1,0,0,0,1,1,29,390,21,10,2012,1,3,5,1,11,1,I-20,,193,29.49058333,-98.54614444,0,1,0,0,1,1,0,3,3,1,0,1,0,0000000,88,88,88,88,88,88,0,0,0,1,1
48,483066,1,1,0,1,1,1,1,141,0,9,12,2012,1,1,56,0,4,8,FM 76/NORTH LOOP,,208,31.53183611,-106.1651806,0,8,0,0,1,1,0,2,2,1,0,1,0,0000000,88,88,88,88,88,88,0,0,0,1,0
48,483067,2,2,0,0,0,2,2,41,970,20,9,2012,5,18,55,1,13,8,FM 2818/HARVEY MITCHELL PKWY,CLEAR LEAF DR,70,30.64890556,-96.39457778,0,12,6,0,2,3,0,1,1,1,0,1,0,0000000,88,88,88,88,88,88,0,0,0,1,0
48,483068,1,1,0,1,1,1,1,141,2190,1,12,2012,7,12,56,0,16,5,CHITO SAMANIEGO DR,GEORGE DIETER,0,31.73495556,-106.3017194,0,8,0,0,3,2,0,1,1,1,0,1,0,0000000,99,99,99,99,99,99,0,0,0,1,0
48,483069,3,3,0,0,0,4,4,157,0,9,12,2012,1,9,0,0,15,8,FM762/THOMPSON RD,,28,29.55656389,-95.75508889,0,12,8,0,1,1,0,1,1,10,0,10,0,0000000,9,7,9,20,9,30,0,0,0,1,1
48,483070,1,1,0,0,0,1,1,157,0,22,12,2012,7,19,50,0,4,8,FM 2977,,20,29.51573333,-95.755275,0,1,0,0,1,1,0,1,2,1,0,1,0,0000000,99,99,99,99,99,99,0,0,0,1,1
48,483071,2,2,0,0,0,4,4,187,6290,31,12,2012,2,7,42,1,13,2,US-90 ALT/COURT ST,SR-46,112,29.56890278,-97.98881667,0,12,6,1,2,2,0,1,4,2,0,2,0,0000000,99,99,99,99,99,99,0,0,0,1,0
48,483073,4,4,0,0,0,7,7,257,6830,23,10,2012,3,20,32,1,13,2,US-80 E MOORE AVE,SR-34 S VIRGINIA ST,152,32.73611389,-96.275025,0,12,6,0,2,2,0,1,3,1,0,1,0,0000000,99,99,99,99,99,99,0,0,0,1,0
48,483074,1,1,0,0,0,1,1,61,6110,24,11,2012,7,3,21,1,12,7,US-77,SHERER RD,229,26.10991944,-97.60788611,0,33,0,1,3,3,0,4,2,2,0,2,0,0000000,88,88,88,88,88,88,0,0,0,1,1
48,483075,3,3,0,0,0,6,6,201,0,11,5,2012,6,15,47,1,13,8,FM1960 HUMBLE WESTFIELD RD,,198,30.01422778,-95.34594722,0,12,6,0,1,1,0,1,1,1,0,1,0,0000000,15,47,15,53,16,33,0,0,0,1,0
48,483076,1,1,0,0,0,2,2,201,0,3,11,2012,7,17,50,0,6,4,CR-STOKER RD,,0,29.96993056,-95.05651944,0,59,0,0,1,1,0,4,1,10,0,10,0,0000000,18,11,18,28,18,47,0,0,0,1,0
48,483077,2,2,0,0,0,5,5,21,2160,29,12,2012,7,11,0,0,14,3,SR-95,FRONTAGE RD,42,30.35381389,-97.38484444,0,12,6,0,2,3,0,1,1,1,0,1,0,0000000,99,99,99,99,99,99,0,0,0,1,0
48,483078,4,4,0,0,0,9,9,491,5990,26,10,2012,6,3,24,1,11,1,I-35,,44,30.54396389,-97.69245833,0,12,1,0,1,1,0,1,3,1,0,1,0,0000000,88,88,88,88,88,88,0,0,0,1,0
48,483079,1,1,0,1,1,1,1,39,3800,29,11,2012,5,18,17,0,16,5,N DIXIE DR,,0,29.02207778,-95.420925,0,8,0,0,1,1,0,1,2,1,0,1,0,0000000,18,24,18,49,19,18,0,0,0,1,0
48,483080,5,5,0,0,0,5,5,283,0,11,11,2012,1,6,1,1,1,1,I-35,,3,28.43248611,-99.2513,0,12,1,0,1,1,0,1,2,1,0,1,0,0000000,99,99,99,99,99,99,19,0,0,1,0
48,483081,1,1,0,0,0,1,1,113,1730,17,8,2012,6,23,55,0,16,5,MOCKINGBIRD LN,,0,32.83679722,-96.82495556,0,42,0,0,1,1,0,4,3,10,0,10,0,0000000,99,99,99,99,99,99,0,0,0,1,1
48,483082,2,2,0,0,0,3,3,113,1730,6,10,2012,7,2,45,0,16,5,S. FITZHUGH AVE,E. GRAND AVE,0,32.78709444,-96.75465278,0,12,6,0,2,2,0,1,3,1,0,1,0,0000000,2,58,3,0,3,25,0,0,0,1,1
48,483083,2,2,0,0,0,2,2,29,6090,10,12,2012,2,2,46,0,16,5,MEDICAL DR,,0,29.52120833,-98.55781667,0,33,0,0,1,1,0,4,3,1,0,1,0,0000000,99,99,99,99,99,99,5,0,0,1,0
48,483084,1,1,0,0,0,2,2,157,6660,8,10,2012,2,23,5,1,12,8,UA 90,,280,29.62328333,-95.61898889,0,33,0,0,1,1,0,4,3,1,0,1,0,0000000,99,99,99,99,99,99,0,0,0,1,1
48,483085,2,2,0,0,0,2,2,67,690,21,11,2012,4,10,25,0,4,8,FM 249 E. MAIN ST,FM 3129 S. ARKANSAS ST,380,33.13777222,-94.06004722,0,12,6,0,2,2,0,1,1,1,0,1,0,0000000,10,29,10,40,99,99,0,0,0,1,0
48,483086,1,1,0,1,1,1,1,147,2070,24,11,2012,7,18,12,0,4,8,FM 898,,2,33.57998333,-96.27347778,0,8,0,0,1,1,0,1,2,1,0,1,0,0000000,18,17,18,24,18,58,0,0,0,1,0
48,483087,2,2,0,0,0,2,2,37,0,25,11,2012,1,9,5,1,13,2,US-59,CR-1347 EYLAU LOOP,146,33.37298056,-94.12122222,0,12,6,0,8,1,0,1,1,1,0,1,0,0000000,88,88,88,88,88,88,0,0,0,1,0
48,483088,2,2,0,0,0,6,6,479,3899,9,12,2012,1,3,36,1,13,8,FM 1472 MINES RD,,148,27.61044722,-99.52095556,0,12,2,0,1,1,0,1,3,1,0,1,0,0000000,3,35,3,48,3,55,0,0,0,1,1
48,483089,1,1,0,1,1,2,2,217,3440,2,11,2012,6,3,18,1,1,1,I-35W RAMP,,237,32.16768611,-97.13298889,0,8,0,1,5,1,0,1,2,1,0,1,0,0000000,88,88,88,88,88,88,0,0,0,1,0
48,483090,1,1,0,1,1,1,1,29,6090,12,12,2012,4,7,0,0,16,5,OLD HWY 90,,0,29.42259167,-98.58235833,0,8,0,0,1,1,0,1,1,1,0,1,0,0000000,99,99,99,99,99,99,0,0,0,1,0
48,483091,1,1,0,0,0,1,1,113,2590,18,5,2012,6,13,49,1,12,7,SR-190 GEORGE BUSH HWY,,119,32.96705556,-96.64231111,0,1,0,1,18,1,0,1,1,1,0,1,0,0000000,13,51,13,56,14,20,0,0,0,1,0
48,483092,1,1,0,1,1,2,2,29,0,9,12,2012,1,6,14,0,6,4,CR-KELLY RD,,0,29.31326111,-98.73251389,0,8,0,0,1,1,0,1,2,10,0,10,0,0000000,6,17,6,33,7,9,0,0,0,1,0
48,483093,3,2,1,0,0,3,3,439,4965,21,8,2012,3,15,59,1,13,3,SR-35,REEVES ST,30,32.81294444,-97.24206667,0,12,6,0,2,2,0,1,1,1,0,1,0,0000000,99,99,99,99,99,99,0,0,0,1,0
48,483094,3,3,0,0,0,6,6,29,6090,19,12,2012,4,18,20,0,16,5,WEST AVE,NASSAU DR,0,29.49543611,-98.52597778,0,12,1,0,2,3,0,1,3,1,0,1,0,0000000,18,22,18,27,18,50,0,0,0,1,0
48,483095,1,1,0,0,0,4,4,29,0,3,9,2012,2,7,43,1,1,1,I-10,,206,29.49468889,-98.20341667,0,1,0,0,1,1,0,10,1,1,0,1,0,0000000,99,99,99,99,99,99,0,0,0,1,0
48,483096,2,2,0,0,0,2,2,29,6090,14,12,2012,6,9,54,0,16,5,GAULT LANE,CITADELL PLAZA,0,29.51496389,-98.46769444,0,12,6,0,2,3,0,1,1,2,0,2,0,0000000,9,56,10,8,10,34,0,0,0,1,0
48,483097,3,1,2,0,0,1,1,97,2550,27,4,2012,6,13,2,0,14,8,FM 51,,16,33.62421111,-97.12269167,0,59,0,0,1,1,0,4,1,1,0,1,0,0000000,13,5,13,9,13,37,0,0,0,1,0
48,483098,1,1,0,1,1,2,2,441,30,15,6,2012,6,21,55,0,14,8,BI-20,PORTLAND AVE,58,32.45013611,-99.75364444,0,8,0,0,2,2,0,1,3,1,0,1,0,0000000,21,55,22,1,22,10,0,0,0,1,0
48,483099,1,1,0,0,0,5,5,469,0,25,6,2012,2,15,6,1,2,2,US-59,,116,28.74000556,-97.02653056,0,1,0,0,1,1,0,3,1,1,0,1,0,0000000,99,99,99,99,99,99,0,0,0,1,0
48,483100,1,1,0,0,0,1,1,29,6090,6,1,2012,6,3,5,1,11,1,I-10,,58,29.45801944,-98.32035833,0,25,0,0,1,1,0,3,3,1,0,1,0,0000000,3,7,3,8,3,49,0,0,0,1,1
48,483101,1,1,0,1,1,1,1,29,6090,24,12,2012,2,18,11,0,16,5,PLEASANTON,,0,29.35367778,-98.50390556,0,8,0,0,1,1,0,1,3,1,0,1,0,0000000,88,88,88,88,88,88,0,0,0,1,0
48,483102,2,2,0,0,0,2,2,479,3899,5,10,2012,6,4,58,1,13,3,SR-359,LP 20,36,27.49751944,-99.44768333,0,12,1,0,3,2,1,1,3,1,0,1,0,0000000,99,99,99,99,99,99,0,0,0,1,0
49,490001,2,1,1,0,0,1,1,57,1350,5,1,2012,5,16,58,0,16,6,GRANT AVE,,0,41.25633889,-111.9730639,0,14,0,0,1,1,0,2,1,1,0,1,0,0000000,16,59,17,6,17,19,0,0,0,1,1
49,490002,1,1,0,0,0,2,2,57,1350,14,1,2012,7,12,37,0,16,5,MONROE BLVD,,0,41.24656944,-111.9542444,0,38,0,0,1,1,0,5,1,1,0,1,0,0000000,12,39,12,52,13,17,0,0,0,1,1
49,490003,1,1,0,0,0,3,3,45,0,26,1,2012,5,22,7,0,3,3,SR-36,,347,40.26120556,-112.3998806,0,1,0,0,1,1,0,5,2,1,0,1,0,0000000,22,9,22,30,99,99,0,0,0,1,0
49,490004,2,2,0,0,0,2,2,11,910,31,1,2012,3,12,12,0,13,2,US-89,EASTSIDE DR,99998,41.08027222,-111.9110556,0,12,6,0,3,3,0,1,1,1,0,1,0,0000000,12,13,12,20,12,45,0,0,0,1,0
49,490005,1,1,0,0,0,2,2,7,0,29,1,2012,1,2,0,0,6,5,NINE MILE RD,,524,39.77455833,-110.4568417,0,1,0,0,1,1,0,5,2,1,0,1,0,0000000,88,88,88,88,88,88,0,0,0,2,1
49,490006,3,3,0,0,0,6,6,41,0,11,1,2012,4,13,36,1,1,1,I-70,,382,38.76315,-112.1043778,0,12,1,0,1,1,3,1,1,1,0,1,0,0000000,13,36,13,44,14,5,0,0,0,1,0
49,490007,1,1,0,0,0,3,3,47,0,10,2,2012,6,17,45,0,6,5,SEEP RIDGE RD,,0,39.91508889,-109.6064889,0,1,0,0,1,1,0,4,2,1,0,1,0,0000000,18,44,18,48,99,99,0,0,0,1,1
49,490008,1,1,0,1,1,4,4,49,692,4,2,2012,7,16,11,0,16,5,WILDFLOWER LN,,0,40.45795,-111.8001472,0,8,0,0,8,1,0,1,1,1,0,1,0,0000000,16,13,16,20,99,99,0,0,0,1,0
49,490009,1,1,0,0,0,4,4,45,0,19,2,2012,1,22,10,0,6,5,DROUBAY RD,,0,40.56718333,-112.2746444,0,1,0,0,1,1,0,4,2,4,0,4,0,0000000,22,12,22,21,99,99,0,0,0,1,0
49,490010,1,1,0,0,0,3,3,45,0,19,2,2012,1,7,26,1,1,1,I-80,,971,40.66780833,-112.3043667,0,1,0,0,1,1,0,3,1,1,0,1,0,0000000,7,29,7,39,99,99,0,0,0,1,1
49,490011,1,1,0,1,1,1,1,35,1700,21,2,2012,3,7,27,0,16,5,400 S,200 E,0,40.75201389,-111.8877722,0,8,0,1,2,2,0,1,1,1,0,1,0,0000000,7,27,99,99,99,99,0,0,0,1,0
49,490012,1,1,0,0,0,2,2,35,1710,26,2,2012,1,3,52,0,16,5,HIGH POINT PARKWAY,,0,40.60815,-111.8570306,0,42,0,0,1,1,0,4,2,1,0,1,0,0000000,3,54,4,0,88,88,0,0,0,2,0
49,490013,1,1,0,0,0,4,4,35,1710,28,2,2012,3,17,33,0,14,2,US-89,,99998,40.56831389,-111.8906417,0,33,0,0,1,1,0,4,1,1,0,1,0,0000000,17,36,17,39,99,99,0,0,0,1,0
49,490014,2,1,1,0,0,1,1,35,865,1,2,2012,4,2,46,0,14,3,SR-172,,0,40.66573611,-112.0247389,0,14,0,0,1,1,0,4,3,1,0,1,0,0000000,2,46,99,99,99,99,0,0,0,1,0
49,490015,1,1,0,0,0,5,5,43,0,27,2,2012,2,16,6,1,2,2,US-40,,6,40.72820278,-111.4950278,0,31,0,1,18,1,0,4,1,10,0,10,0,0000000,16,6,16,14,16,28,0,0,0,1,0
49,490016,1,1,0,0,0,1,1,11,1320,27,2,2012,2,12,6,1,11,1,I-215,,284,40.83481667,-111.9183278,0,1,0,1,5,1,0,1,1,1,0,1,0,0000000,12,6,12,16,88,88,0,0,0,1,0
49,490017,2,2,0,0,0,2,2,53,0,3,2,2012,6,15,19,0,3,3,SR-59,,116,37.114225,-113.1537833,0,12,2,0,1,1,0,1,1,1,0,1,0,0000000,15,19,15,25,16,20,0,0,0,1,0
49,490018,2,2,0,0,0,3,3,47,0,19,2,2012,1,16,48,1,2,2,US-40,,1370,40.39877778,-109.5921278,0,12,6,0,1,1,0,1,1,4,0,4,0,0000000,16,49,16,59,99,99,0,0,0,1,0
49,490019,2,2,0,0,0,2,2,27,0,22,2,2012,4,16,5,0,6,5,LONE TREE RD,2500 S,0,39.28681389,-112.5779611,0,12,6,0,2,2,0,1,1,10,0,10,0,0000000,16,5,16,15,99,99,0,0,0,1,0
49,490020,1,1,0,0,0,1,1,27,0,4,3,2012,1,18,20,1,1,1,I-15,,1910,39.32269444,-112.0835389,0,58,0,0,1,1,0,3,1,1,0,1,0,0000000,18,26,18,26,88,88,0,0,0,1,0
49,490021,1,1,0,0,0,2,2,35,0,4,3,2012,1,0,43,1,11,1,I-80,,1305,40.73626111,-111.7448861,0,42,0,0,1,1,0,6,3,1,0,1,0,0000000,0,43,1,15,99,99,0,0,0,1,0
49,490022,1,1,0,2,2,1,1,35,2113,4,3,2012,1,2,4,0,14,3,SR-68,,0,40.69896667,-111.9390056,0,8,0,0,1,1,0,1,2,10,0,10,0,0000000,2,5,2,10,99,99,0,0,0,2,0
49,490023,1,1,0,0,0,2,2,35,1700,7,3,2012,4,15,14,1,11,1,I-215,,211,40.75155833,-111.9485806,0,59,0,0,1,1,0,4,1,1,0,1,0,0000000,15,15,15,22,99,99,0,0,0,1,0
49,490024,1,1,0,0,0,1,1,5,2080,9,3,2012,6,15,56,0,3,2,US-91,,159,41.66372778,-111.8909,0,25,0,0,1,1,0,3,1,1,0,1,0,0000000,16,3,16,3,99,99,0,0,0,1,0
49,490025,1,1,0,0,0,1,1,45,0,10,3,2012,7,23,38,1,1,1,I-80,,217,40.73813889,-113.7828,0,1,0,0,1,1,0,3,2,1,0,1,0,0000000,23,59,0,2,88,88,0,0,0,1,1
49,490026,1,1,0,0,0,2,2,57,1650,14,3,2012,4,17,36,0,16,5,4800 S,1800 W,0,41.17612222,-112.0239889,0,30,0,0,3,2,0,6,3,10,0,10,0,0000000,17,37,17,38,99,99,0,0,0,1,0
49,490027,1,1,0,0,0,1,1,53,2050,21,3,2012,4,13,56,0,16,5,3050 E,,0,37.11327222,-113.5207,0,5,0,0,8,1,0,1,1,1,0,1,0,0000000,14,0,14,5,14,17,0,0,0,1,0
49,490028,1,1,0,2,2,1,1,35,1700,14,3,2012,4,15,59,0,14,2,US-89,KENSINGTON AVE,99998,40.73701667,-111.8883167,0,8,0,0,2,2,0,1,1,1,0,1,0,0000000,15,59,16,4,99,99,0,0,0,1,0
49,490029,2,1,1,0,2,1,3,35,344,3,3,2012,7,23,52,1,11,1,I-15,,2912,40.53454167,-111.8923861,0,14,0,0,1,1,0,2,3,10,0,10,0,0000000,23,52,0,2,88,88,0,0,0,1,0
49,490030,2,2,0,0,0,5,5,45,0,4,3,2012,1,5,51,0,3,3,SR-138,,132,40.60325278,-112.4019556,0,12,2,0,1,1,0,1,2,1,0,1,0,0000000,5,57,6,22,6,53,0,0,0,1,1
49,490031,2,2,0,1,1,2,2,49,1560,5,3,2012,2,16,54,0,14,3,SR-114,900 W,0,40.23378333,-111.6744611,0,12,6,0,2,2,4,1,1,1,0,1,0,0000000,16,55,16,58,17,9,0,0,0,1,0
49,490032,2,2,0,0,0,3,3,11,260,6,3,2012,3,20,13,1,11,1,I-15,,3344,41.12651111,-112.0254333,0,57,0,1,18,1,0,3,2,4,0,4,0,0000000,20,16,20,21,88,88,0,0,0,2,0
49,490033,1,1,0,0,0,1,1,35,1700,25,3,2012,1,14,21,0,16,5,CHANDLER DR,,0,40.78076944,-111.8580361,0,33,0,0,8,1,0,6,1,1,0,1,0,0000000,14,21,99,99,99,99,0,0,0,1,0
49,490034,1,1,0,0,0,1,1,37,0,26,3,2012,2,5,40,0,3,3,SR-95,,1029,37.57821389,-109.5124194,0,1,0,0,1,1,0,4,2,1,0,1,0,0000000,6,55,7,20,88,88,0,0,0,1,0
49,490035,1,1,0,1,1,1,1,11,460,27,3,2012,3,18,8,0,14,3,SR-227,400 W,0,40.98076111,-111.89675,0,8,0,0,2,2,0,1,1,1,0,1,0,0000000,18,8,18,9,99,99,0,0,0,1,0
49,490036,2,2,0,0,0,2,2,27,0,31,3,2012,7,9,20,1,1,1,I-15,,1402,38.68800556,-112.603675,0,31,0,0,1,1,0,3,1,6,0,6,0,0000000,9,45,9,45,88,88,0,0,0,1,0
49,490037,1,1,0,1,1,1,1,35,1700,5,4,2012,5,21,32,0,16,5,2300 E,,0,40.73782222,-111.8251306,0,15,0,0,8,1,0,1,3,10,0,10,0,0000000,9,35,9,39,99,99,0,0,0,1,0
49,490038,1,1,0,0,0,1,1,35,1700,15,4,2012,1,11,5,1,11,1,I-15,,3069,40.74726389,-111.9064833,0,25,0,0,1,1,0,6,1,1,0,1,0,0000000,11,14,11,14,88,88,0,0,0,1,0
49,490039,1,1,0,0,0,2,2,17,0,19,4,2012,5,18,55,1,2,2,US-89,,1552,38.13304167,-112.3158583,0,11,0,0,1,1,0,1,1,1,0,1,0,0000000,19,0,19,8,19,27,0,0,0,1,0
49,490040,1,1,0,0,0,1,1,19,0,21,4,2012,7,15,0,0,6,5,KANE CREEK RD,,0,38.50350556,-109.6037139,0,35,0,0,1,1,0,6,1,1,0,1,0,0000000,16,10,16,10,88,88,0,0,0,1,1
49,490041,1,1,0,0,0,1,1,43,0,23,4,2012,2,17,37,0,3,3,SR-32,,135,40.66065278,-111.2807944,0,1,0,0,1,1,0,1,1,1,0,1,0,0000000,17,49,17,49,99,99,0,0,0,1,0
49,490042,1,1,0,1,1,1,1,35,1700,25,4,2012,4,0,37,0,16,5,500 S,MAIN,0,40.75829167,-111.8908194,0,8,0,0,2,2,0,1,3,1,0,1,0,0000000,0,38,99,99,99,99,0,0,0,1,1
49,490043,2,2,0,0,0,4,4,35,2100,6,2,2012,2,16,38,0,14,3,SR-111,OLD BINGHAM HWY,0,40.56622222,-112.0635583,0,12,6,0,2,2,0,1,1,1,0,1,0,0000000,16,39,16,44,99,99,0,0,0,1,0
49,490044,2,2,0,0,0,2,2,57,1350,13,4,2012,6,16,14,0,14,3,SR-39,1200 W,0,41.24463889,-112.0095333,0,12,6,0,2,2,0,1,1,1,0,1,0,0000000,16,14,16,21,99,99,0,0,0,1,0
49,490045,2,2,0,0,0,2,2,37,0,21,4,2012,7,20,45,0,3,2,US-191,,1098,38.03012778,-109.3462389,0,12,2,0,1,1,0,1,2,1,0,1,0,0000000,21,5,21,5,99,99,20,0,0,1,1
49,490046,2,2,0,0,0,2,2,11,1900,23,4,2012,2,19,1,1,11,1,I-15,,3376,41.14801667,-112.0256056,0,57,0,0,1,1,1,3,1,1,0,1,0,0000000,19,8,19,8,88,88,0,0,0,1,0
49,490047,3,3,0,0,0,3,3,49,940,3,5,2012,5,7,27,1,11,1,I-15,,2850,40.44094167,-111.9009889,0,12,1,0,1,1,0,1,1,10,0,10,0,0000000,7,53,8,7,99,99,0,0,0,1,0
49,490048,2,2,0,0,0,7,7,51,0,6,5,2012,1,14,0,1,2,2,US-189,,227,40.44045278,-111.4891194,0,12,2,0,1,1,4,1,1,1,0,1,0,0000000,14,3,14,10,14,22,0,0,0,3,0
49,490049,2,2,0,0,0,5,5,35,2113,9,5,2012,4,12,15,0,14,3,SR-172,4100 S,99998,40.68258611,-112.0247806,0,12,6,0,3,2,0,1,1,1,0,1,0,0000000,12,17,12,24,12,55,0,0,0,2,0
49,490050,3,3,0,0,0,4,4,49,1560,20,5,2012,1,20,23,0,14,2,US-189,1860 S,99998,40.20851111,-111.6587306,0,12,1,1,3,2,0,1,5,1,0,1,0,0000000,20,25,20,32,20,44,20,0,0,1,0
49,490051,3,3,0,0,0,4,4,11,2140,24,5,2012,5,8,13,0,14,6,2600 S,WILDCAT WAY,0,40.86131111,-111.899375,0,12,1,0,3,2,0,1,1,1,0,1,0,0000000,8,13,8,19,9,9,0,0,0,1,1
49,490052,2,2,0,0,0,3,3,27,0,30,5,2012,4,16,36,1,1,1,I-15,,1774,39.136,-112.2400944,0,12,1,0,1,1,0,2,1,1,0,1,0,0000000,16,38,16,55,88,88,0,0,0,2,0
49,490053,2,2,0,0,0,4,4,35,1240,23,4,2012,2,13,5,0,13,3,SR-173,700 W,99998,40.65381667,-111.9102222,0,12,6,0,2,2,0,1,1,1,0,1,0,0000000,13,7,13,7,99,99,0,0,0,1,0
49,490054,1,1,0,0,0,1,1,1,0,18,5,2012,6,22,13,1,1,1,I-15,,1312,38.55389444,-112.6079056,0,31,0,0,1,1,0,4,2,1,0,1,0,0000000,22,13,22,25,88,88,0,0,0,1,1
49,490055,1,1,0,0,0,1,1,35,1240,30,5,2012,4,2,12,1,11,1,I-215,,109,40.6349,-111.8983778,0,25,0,1,18,1,0,3,3,1,0,1,0,0000000,2,19,2,19,88,88,0,0,0,1,0
49,490056,2,2,0,0,0,2,2,5,990,29,4,2012,1,8,7,1,13,2,US-89/91,,99999,41.68962778,-111.8689278,0,12,2,0,1,1,0,1,1,1,0,1,0,0000000,8,7,8,14,99,99,0,0,0,1,0
49,490057,1,1,0,0,0,1,1,35,1700,13,5,2012,1,19,25,1,11,1,I-15 RAMP,,3101,40.791175,-111.9163083,0,25,0,1,5,1,0,4,1,1,0,1,0,0000000,19,32,19,41,99,99,0,0,0,1,0
49,490058,1,1,0,1,1,1,1,35,1700,12,5,2012,7,22,28,0,14,3,SR-68,1700 S,99998,40.73329167,-111.9387472,0,8,0,0,2,2,0,1,3,1,0,1,0,0000000,22,30,22,37,88,88,0,0,0,1,0
49,490059,2,2,0,0,0,2,2,49,1460,3,5,2012,5,7,1,1,11,1,I-15,,2510,40.05928889,-111.7286417,0,57,0,1,18,1,0,3,1,1,0,1,0,0000000,7,2,7,9,99,99,14,0,0,1,0