STATE,ST_CASE,VE_TOTAL,VE_FORMS,PVH_INVL,PEDS,PERNOTMVIT,PERMVIT,PERSONS,COUNTY,CITY,DAY,MONTH,YEAR,DAY_WEEK,HOUR,MINUTE,NHS,ROAD_FNC,ROUTE,TWAY_ID,TWAY_ID2,MILEPT,LATITUDE,LONGITUD,SP_JUR,HARM_EV,MAN_COLL,RELJCT1,RELJCT2,TYP_INT,WRK_ZONE,REL_ROAD,LGT_COND,WEATHER1,WEATHER2,WEATHER,SCH_BUS,RAIL,NOT_HOUR,NOT_MIN,ARR_HOUR,ARR_MIN,HOSP_HR,HOSP_MN,CF1,CF2,CF3,FATALS,DRUNK_DR
49,490060,1,1,0,0,0,1,1,27,0,21,3,2012,4,12,30,1,1,1,I-15,,1468,38.76996111,-112.5501167,0,1,0,0,1,1,0,3,1,1,0,1,0,0000000,12,30,12,47,13,7,0,0,0,1,0
49,490061,2,2,0,0,0,4,4,35,1820,13,5,2012,1,17,14,0,14,3,SR-171,WEST TEMPLE,0,40.69989167,-111.8939139,0,12,2,0,2,2,0,1,1,1,0,1,0,0000000,17,15,17,17,99,99,0,0,0,2,0
49,490062,3,3,0,0,0,4,4,49,0,27,4,2012,6,18,20,0,2,2,US-89,,3032,39.89413611,-111.5504556,0,12,6,0,1,1,0,1,1,1,0,1,0,0000000,18,25,18,51,19,39,0,0,0,1,0
49,490063,2,2,0,0,0,3,3,17,0,14,5,2012,2,17,25,0,6,6,SANFORD CREEK DR,US-89,1394,37.94240833,-112.4222889,0,12,6,0,2,3,0,1,1,1,0,1,0,0000000,17,35,99,99,99,99,14,0,0,1,0
49,490064,2,1,1,0,0,1,1,19,0,19,5,2012,7,1,9,1,2,2,US-191,,1292,38.60550556,-109.59235,0,45,0,0,1,1,1,4,2,10,0,10,0,0000000,1,9,1,21,88,88,0,0,0,1,0
49,490065,2,2,0,0,0,3,3,53,1670,23,5,2012,4,6,40,0,16,6,1450 S,,0,37.08345278,-113.5330278,0,12,2,0,1,1,0,1,1,1,0,1,0,0000000,6,42,6,51,7,17,0,0,0,1,0
49,490066,1,1,0,0,0,2,2,47,0,5,6,2012,3,14,34,0,6,5,SEEP RIDGE ROAD,,0,39.69588611,-109.4264778,0,1,0,0,1,1,1,5,1,1,0,1,0,0000000,15,0,15,47,99,99,0,0,0,1,1
49,490067,1,1,0,0,0,2,2,51,0,8,6,2012,6,10,11,0,6,8,CLYDE CK RD,,0,40.22741111,-111.2666167,5,34,0,0,1,1,0,4,1,1,0,1,0,0000000,10,14,10,38,99,99,0,0,0,1,0
49,490068,2,2,0,0,0,3,3,3,0,4,6,2012,2,22,43,1,1,1,I-15,,3526,41.38115278,-112.0425861,0,54,11,0,1,1,0,1,2,1,0,1,0,0000000,22,43,22,53,88,88,14,0,0,1,0
49,490069,1,1,0,0,0,1,1,53,790,9,6,2012,7,8,30,0,16,6,OLD US-91,,0,37.16811667,-113.7055444,0,1,0,0,1,1,0,5,1,1,0,1,0,0000000,8,31,8,35,99,99,0,0,0,1,0
49,490070,2,2,0,0,0,2,2,51,0,10,6,2012,1,11,3,1,2,2,US-189,,227,40.45482222,-111.473325,0,12,2,0,1,1,0,1,1,1,0,1,0,0000000,11,8,11,16,99,99,0,0,0,1,0
49,490071,2,2,0,0,0,5,5,47,2010,13,6,2012,4,17,41,0,16,6,1500 S,US-40,0,40.434,-109.4996028,0,12,6,0,2,2,0,1,1,1,0,1,0,0000000,17,41,17,46,99,99,0,0,0,1,0
49,490072,1,1,0,0,0,1,1,37,0,21,6,2012,5,13,2,0,3,3,SR-95,,1198,37.55789167,-109.5625889,0,17,0,0,1,1,0,5,1,1,0,1,0,0000000,13,2,13,15,99,99,0,0,0,1,0
49,490073,1,1,0,1,1,1,1,49,1390,8,5,2012,3,20,16,0,16,5,560 S,MAIN ST,0,40.28677222,-111.6954111,0,15,0,0,2,3,0,1,5,1,0,1,0,0000000,99,99,99,99,99,99,0,0,0,1,0
49,490074,2,2,0,0,0,4,4,43,0,16,6,2012,7,14,30,0,3,3,SR-150,,101,40.59373333,-111.0725417,0,12,8,0,1,1,0,1,1,1,0,1,0,0000000,14,37,14,58,99,99,0,0,0,2,1
49,490075,2,2,0,0,0,4,4,37,0,15,6,2012,6,14,37,0,6,6,OLD AIRPORT ROAD,US-191,0,38.48718056,-109.4626528,0,12,6,0,2,3,1,1,1,1,0,1,0,0000000,14,39,14,51,99,99,3,0,0,1,0
49,490076,2,2,0,0,0,2,2,35,1800,23,6,2012,7,3,12,0,13,3,SR-154,9800 S,0,40.57334167,-111.9773667,0,12,1,0,2,2,0,1,3,1,0,1,0,0000000,3,16,3,17,88,88,0,0,0,1,1
49,490077,3,3,0,0,0,6,6,35,1800,27,6,2012,4,14,19,0,13,3,SR-68,TEMPLE LANE,0,40.56580556,-111.9387556,0,12,1,0,2,3,0,1,1,1,0,1,0,0000000,14,19,14,30,14,55,0,0,0,1,0
49,490078,1,1,0,0,0,2,2,49,0,8,7,2012,1,4,25,1,2,2,US-189,,101,40.34569722,-111.5990361,0,57,0,0,1,1,1,3,2,1,0,1,0,0000000,99,99,99,99,99,99,0,0,0,2,0
49,490079,2,1,1,0,0,3,3,51,0,6,7,2012,6,10,36,1,2,2,US-40,,345,40.28585,-111.2408972,0,14,0,0,1,1,0,2,1,1,0,1,0,0000000,10,38,10,55,11,38,0,0,0,1,0
49,490080,1,1,0,0,0,2,2,13,0,12,7,2012,5,23,31,1,2,2,US-40,,922,40.16978611,-110.3027639,0,1,0,0,1,1,0,2,2,10,0,10,0,0000000,23,33,23,47,99,99,0,0,0,1,0
49,490081,2,2,0,0,0,6,6,23,0,12,7,2012,5,15,24,0,3,3,SR-28,,226,39.47011389,-111.8968917,0,12,7,0,1,1,0,1,1,1,0,1,0,0000000,15,26,15,37,16,45,0,0,0,1,0
49,490082,1,1,0,0,0,2,2,53,2050,18,7,2012,4,18,15,1,11,1,I-15,,129,37.14303056,-113.5002,0,1,0,0,1,1,0,3,1,1,0,1,0,0000000,18,18,18,25,88,88,0,0,0,2,0
49,490083,3,3,0,0,0,6,6,35,1020,13,7,2012,6,10,5,1,12,3,SR-201,,20,40.72761111,-112.1846389,0,25,0,0,1,1,0,3,1,10,0,10,0,0000000,10,8,10,15,11,3,0,0,0,2,0
49,490084,2,2,0,0,0,2,2,9,0,24,7,2012,3,18,42,0,3,2,US-191,,3831,40.81328056,-109.4668,0,31,0,0,1,1,0,4,1,2,0,2,0,0000000,18,45,19,2,20,28,0,0,0,1,0
49,490085,2,2,0,0,0,5,5,35,0,28,7,2012,7,22,10,0,14,3,SR-202,SR-201,1,40.72611389,-112.1626667,0,12,6,0,2,2,0,1,3,1,0,1,0,0000000,22,10,22,22,22,59,0,0,0,3,0
49,490086,1,1,0,0,0,4,4,45,0,9,7,2012,2,4,5,1,1,1,I-80,,701,40.75478611,-112.7638194,0,1,0,0,1,1,0,1,2,1,0,1,0,0000000,4,6,4,32,5,49,0,0,0,1,0
49,490087,1,1,0,0,0,1,1,33,0,30,6,2012,7,20,30,0,3,3,SR-30,,1292,41.76824722,-111.1716194,0,31,0,0,1,1,0,4,5,1,0,1,0,0000000,13,40,13,59,88,88,18,0,0,1,1
49,490089,1,1,0,0,0,1,1,35,1700,9,6,2012,7,3,30,0,14,3,SR-71,,0,40.71968889,-111.8712194,0,33,0,0,1,1,0,5,6,1,0,1,0,0000000,3,40,3,45,4,29,0,0,0,1,0
49,490090,1,1,0,0,0,1,1,53,1670,19,7,2012,5,14,24,1,11,1,I-15,,70,37.09050556,-113.5749556,0,57,0,0,1,1,0,3,1,10,0,10,0,0000000,14,24,14,41,99,99,0,0,0,1,1
49,490091,1,1,0,0,0,2,2,47,0,25,7,2012,4,17,25,0,6,5,5500 S,,0,40.22236944,-109.6873472,0,1,0,0,1,1,0,5,1,99,0,99,0,0000000,17,27,17,39,18,18,0,0,0,1,1
49,490092,1,1,0,0,0,1,1,35,1924,19,7,2012,5,14,1,0,16,5,1300 W,,0,40.67931944,-111.9293389,0,42,0,0,1,1,0,6,1,1,0,1,0,0000000,13,40,13,48,99,99,0,0,0,1,0
49,490093,1,1,0,1,1,5,5,45,1940,30,7,2012,2,22,23,0,13,3,SR-36,,99998,40.554,-112.2975861,0,8,0,0,1,1,0,1,2,1,0,1,0,0000000,22,23,22,25,23,21,0,0,0,1,0
49,490094,1,1,0,0,0,1,1,17,1990,5,8,2012,1,17,45,0,3,3,SR-12,,220,37.61467778,-112.0745944,0,31,0,0,1,1,0,4,1,10,0,10,0,0000000,18,2,18,5,99,99,0,0,0,1,0
49,490095,1,1,0,0,0,1,1,35,712,13,8,2012,2,17,45,0,16,5,5600 S,,0,40.64944722,-111.8401222,0,38,0,0,1,1,0,6,1,1,0,1,0,0000000,17,46,99,99,99,99,0,0,0,1,0
49,490096,1,1,0,0,0,1,1,35,1710,14,8,2012,3,23,21,0,16,5,WASATCH BLVD,,0,40.55560833,-111.8025639,0,31,0,0,1,1,0,6,3,1,0,1,0,0000000,99,99,99,99,88,88,0,0,0,1,1
49,490097,1,1,0,1,1,1,1,35,1240,18,7,2012,4,16,11,0,14,3,SR-266,,99998,40.67435278,-111.8827667,0,8,0,0,1,1,0,1,1,1,0,1,0,0000000,16,12,16,15,99,99,19,0,0,1,0
49,490098,2,2,0,0,0,5,5,35,2100,13,5,2012,1,6,30,0,13,3,SR-154,,99998,40.60430278,-111.9768444,0,12,6,0,7,1,1,2,4,1,0,1,0,0000000,6,32,6,38,7,5,3,0,0,1,0
49,490099,2,2,0,0,0,2,2,49,1560,10,7,2012,3,10,56,0,14,2,US-189,1460 N,99998,40.25348056,-111.6585806,0,5,0,0,2,2,0,1,1,1,0,1,0,0000000,10,57,11,0,11,8,0,0,0,1,0
49,490100,2,2,0,0,0,3,3,5,2080,20,7,2012,6,21,55,1,2,2,US-89/91,SR-101,190,41.64480833,-111.91405,0,12,6,0,2,2,0,1,3,1,0,1,0,0000000,21,55,22,6,22,35,0,0,0,1,0
49,490101,1,1,0,0,0,2,2,35,1240,15,8,2012,4,11,56,0,16,6,300 W,5900 S,0,40.642925,-111.8983944,0,10,0,0,6,1,0,1,1,1,0,1,0,254762G,11,56,12,6,12,33,0,0,0,1,0
49,490102,3,3,0,0,0,6,6,5,990,25,8,2012,7,15,43,1,13,2,US-89/91,2000 W,219,41.67717778,-111.8813583,0,12,1,0,2,2,0,1,1,10,0,10,0,0000000,15,43,15,51,16,7,0,0,0,1,0
49,490103,3,3,0,0,0,4,4,3,1470,27,8,2012,2,13,30,1,1,1,I-15,,3600,41.45710278,-112.055375,0,12,1,0,1,1,0,1,1,1,0,1,0,0000000,13,32,13,38,13,54,0,0,0,1,0
49,490104,1,1,0,0,0,2,2,45,0,30,4,2012,2,9,42,1,1,1,I-80,,485,40.73813889,-113.8679444,0,31,0,0,1,1,0,5,1,10,0,10,0,0000000,9,43,10,0,99,99,0,0,0,1,0
49,490105,3,2,1,1,1,2,2,11,460,28,8,2012,3,21,1,1,11,1,I-15,,3234,40.98285833,-111.8978889,0,8,0,0,1,1,0,2,2,1,0,1,0,0000000,21,8,21,13,21,52,23,0,0,1,0
49,490106,2,2,0,0,0,2,2,57,1650,31,8,2012,6,14,55,0,16,6,1750 W,SR-26,0,41.16909444,-112.0229194,0,12,6,0,2,3,0,1,1,1,0,1,0,0000000,14,55,15,0,15,27,0,0,0,1,0
49,490107,1,1,0,0,0,2,2,27,0,19,5,2012,7,10,0,1,2,2,US-6,,268,39.08245556,-113.5855778,0,31,0,0,1,1,0,4,1,1,0,1,0,0000000,10,43,10,43,99,99,0,0,0,1,0
49,490108,1,1,0,0,0,1,1,45,0,9,6,2012,7,18,58,0,6,5,MORMON TRAIL,,110,40.48767778,-112.4932806,0,32,0,0,1,1,0,6,1,1,0,1,0,0000000,18,58,19,10,99,99,0,0,0,1,0
49,490109,1,1,0,1,1,1,1,35,344,18,4,2012,4,17,4,0,16,6,150 E,11950 S,0,40.53336944,-111.8865083,0,8,0,0,1,1,0,5,1,10,0,10,0,0000000,17,4,17,9,99,99,0,0,0,1,0
49,490110,2,2,0,0,0,3,3,5,1770,13,6,2012,4,14,55,0,14,2,US-91,,99998,41.84006667,-111.8326083,0,12,2,0,1,1,0,1,1,1,0,1,0,0000000,14,55,14,59,99,99,0,0,0,1,0
49,490111,2,2,0,0,0,2,2,35,865,17,7,2012,3,6,44,0,16,5,6200 S,5600 W,0,40.63858611,-112.0245444,0,12,6,0,2,2,0,1,4,1,0,1,0,0000000,6,46,6,51,7,12,0,0,0,1,0
49,490112,1,1,0,0,0,2,2,57,1350,14,7,2012,7,17,34,0,14,3,SR-39,VALLEY DR,99998,41.23656111,-111.9280111,0,1,0,0,2,3,0,1,1,1,0,1,0,0000000,17,35,17,39,99,99,0,0,0,1,0
49,490113,1,1,0,0,0,2,2,35,1924,5,8,2012,1,14,42,0,16,5,BRIDGESIDE WAY,,0,40.67366667,-111.9109583,0,1,0,0,1,1,0,1,1,1,0,1,0,0000000,14,42,14,42,99,99,0,0,0,1,0
49,490114,1,1,0,1,1,1,1,35,1924,19,8,2012,1,2,24,0,14,3,SR-266,,99998,40.66771389,-111.9349944,0,9,0,0,1,1,0,1,2,1,0,1,0,0000000,2,24,2,27,99,99,0,0,0,1,0
49,490115,2,2,0,0,0,3,3,37,1205,5,8,2012,1,20,18,1,2,2,US-163,,58,37.06392222,-109.5595,3,12,99,0,1,1,0,1,2,10,0,10,0,0000000,20,21,20,46,99,99,0,0,0,1,1
49,490116,1,1,0,0,0,3,3,45,0,20,7,2012,6,20,42,0,2,3,SR-36,,341,40.28142222,-112.3988333,0,1,0,0,1,1,0,4,1,1,0,1,0,0000000,20,51,21,14,22,12,0,0,0,1,0
49,490117,1,1,0,0,0,1,1,27,0,24,8,2012,6,19,9,1,1,1,I-15,,1536,38.84941667,-112.4642861,0,1,0,0,1,1,0,4,1,1,0,1,0,0000000,19,9,19,22,99,99,0,0,0,1,1
49,490118,2,2,0,0,0,2,2,35,2113,3,8,2012,6,16,12,0,13,3,SR-154,2400 S,0,40.71871389,-111.9859444,0,1,0,0,2,2,0,1,1,1,0,1,0,0000000,16,12,16,18,99,99,0,0,0,1,0
49,490119,2,2,0,0,0,4,4,13,1640,4,8,2012,7,16,58,1,13,2,US-40,1400 E,99998,40.30210833,-109.9768667,0,12,7,0,3,3,0,1,1,1,0,1,0,0000000,17,0,17,3,17,15,0,0,0,1,0
49,490120,1,1,0,0,0,1,1,3,390,19,8,2012,1,12,19,1,1,1,I-15,,3761,41.678775,-112.1394028,0,57,0,1,18,1,0,3,1,1,0,1,0,0000000,12,19,12,27,99,99,0,0,0,1,0
49,490121,1,1,0,1,1,1,1,47,2010,2,9,2012,1,21,9,0,16,5,500 W,,0,40.43737778,-109.5378028,0,8,0,0,1,1,0,2,2,1,0,1,0,0000000,21,9,21,11,99,99,0,0,0,1,0
49,490122,1,1,0,0,0,2,2,55,0,3,9,2012,2,20,13,0,3,3,SR-95,,50,38.30157778,-110.6694833,0,1,0,0,1,1,0,4,2,1,0,1,0,0000000,20,17,20,32,99,99,0,0,0,1,0
49,490123,1,1,0,0,0,1,1,15,0,7,9,2012,6,16,39,0,6,5,CLEVELAND ELMO RD,,0,39.37378889,-110.8237194,0,1,0,0,1,1,0,1,1,1,0,1,0,0000000,16,53,16,53,88,88,0,0,0,1,0
49,490124,1,1,0,0,0,1,1,57,9997,10,9,2012,2,5,40,0,3,3,SR-162,,99999,41.32267778,-111.861525,0,1,0,0,1,1,0,4,2,1,0,1,0,0000000,5,40,5,46,99,99,0,0,0,1,0
49,490125,1,1,0,1,1,1,1,11,2140,11,9,2012,3,20,23,0,14,3,SR-68,,99998,40.87128333,-111.9300111,0,8,0,0,1,1,0,1,2,1,0,1,0,0000000,20,25,20,27,99,99,0,0,0,1,0
49,490126,1,1,0,0,0,1,1,39,0,21,9,2012,6,12,49,0,3,2,US-89,HIDEAWAY VALLEY RD,2933,39.797875,-111.4998806,0,31,0,0,3,3,0,6,1,1,0,1,0,0000000,99,99,99,99,99,99,0,0,0,1,0
49,490127,1,1,0,0,0,1,1,43,0,22,9,2012,7,1,5,1,2,2,US-40,,32,40.68669167,-111.4641278,0,5,0,0,1,1,0,3,2,1,0,1,0,0000000,1,5,1,14,99,99,0,0,0,1,0
49,490128,1,1,0,0,0,1,1,49,1860,25,9,2012,3,22,22,0,16,5,1650 W,,0,40.16875833,-111.6387667,0,42,0,0,1,1,0,6,2,1,0,1,0,0000000,22,24,22,35,99,99,0,0,0,1,0
49,490129,1,1,0,0,0,1,1,57,1350,22,9,2012,7,17,20,0,16,5,4275 S,,0,41.18557222,-112.0603833,0,42,0,0,1,1,0,6,1,1,0,1,0,0000000,17,27,17,33,88,88,0,0,0,1,0
49,490130,1,1,0,1,1,1,1,35,1700,25,9,2012,3,7,9,0,16,5,1000 N,CATHERINE ST,0,40.79111944,-111.9331639,0,8,0,0,3,2,0,1,3,2,0,2,0,0000000,7,9,7,16,99,99,0,0,0,1,0
49,490131,4,4,0,0,0,11,11,57,1810,6,7,2012,6,10,42,1,13,2,US-89,SUNSET DR,99998,41.16865,-111.9648028,0,12,6,0,2,2,0,1,1,1,0,1,0,0000000,10,42,10,51,10,59,0,0,0,1,0
49,490132,1,1,0,0,0,1,1,45,0,7,8,2012,3,19,21,1,1,1,I-80,,99,40.73189444,-113.8020278,0,31,0,0,1,1,0,4,1,1,0,1,0,0000000,19,31,19,40,99,96,0,0,0,1,0
49,490133,7,7,0,0,0,8,8,49,970,14,9,2012,6,0,2,1,11,1,I-15,,2740,40.33706111,-111.7488972,0,12,1,0,1,1,1,1,2,1,0,1,0,0000000,0,8,0,17,0,36,14,0,0,1,1
49,490134,2,2,0,0,0,3,3,49,1860,21,9,2012,6,1,57,1,11,1,I-15,,2590,40.14876944,-111.6469306,0,12,6,0,1,1,1,1,2,1,0,1,0,0000000,2,5,2,20,2,52,3,0,0,1,0
49,490135,2,2,0,0,0,2,2,49,1560,6,8,2012,2,17,33,1,13,2,US-189,SR-265,99998,40.25593056,-111.6590389,0,12,6,0,2,2,0,1,1,1,0,1,0,0000000,17,33,17,37,99,99,0,0,0,1,0
49,490136,2,2,0,0,0,3,3,13,0,21,9,2012,6,16,43,1,2,2,US-40,,1092,40.25499444,-110.0657,0,12,6,0,1,1,0,1,1,1,0,1,0,0000000,16,46,16,52,17,21,0,0,0,1,0
49,490137,3,3,0,0,0,6,6,35,2113,22,9,2012,7,6,7,0,13,3,SR-154,SR-201,99998,40.72696944,-111.9863611,0,12,6,1,2,7,0,1,3,1,0,1,0,0000000,6,9,6,16,6,44,6,0,0,1,1
49,490138,2,2,0,0,0,7,7,49,0,7,8,2012,3,14,43,1,2,2,US-6,,1932,39.98994722,-111.3733028,0,12,8,0,1,1,0,1,1,1,0,1,0,0000000,14,44,14,50,99,99,0,0,0,1,0
49,490139,2,2,0,0,0,3,3,3,2120,2,10,2012,3,17,13,1,1,1,I-15,,3548,41.38012222,-112.0418972,0,12,1,0,1,1,0,1,1,1,0,1,0,0000000,17,13,17,20,88,88,19,0,0,1,0
49,490140,3,3,0,0,0,3,3,11,210,4,10,2012,5,6,1,1,11,1,I-15,,3218,40.95228056,-111.8912111,0,12,1,0,1,1,0,1,2,1,0,1,0,0000000,6,3,6,14,7,44,0,0,0,1,0
49,490141,2,1,1,0,0,1,1,11,910,20,8,2012,2,23,50,0,13,3,SR-193,,99998,41.10197222,-111.9462972,0,14,0,0,1,1,0,2,2,1,0,1,0,0000000,23,50,23,54,88,88,0,0,0,1,0
49,490142,1,1,0,1,1,1,1,35,1020,23,9,2012,1,0,25,0,14,3,SR-171,,99998,40.69653056,-112.0860528,0,8,0,0,1,1,0,1,2,1,0,1,0,0000000,0,25,0,29,0,42,0,0,0,1,0
49,490143,1,1,0,0,0,5,5,57,0,22,9,2012,7,3,20,0,13,3,SR-60,,99998,41.166225,-112.007675,0,5,0,0,1,1,0,1,6,1,0,1,0,0000000,3,27,3,34,3,50,0,0,0,1,1
49,490144,2,2,0,0,0,2,2,11,1320,20,8,2012,2,17,29,1,13,2,US-89,NORTH TOWN LANE,99998,40.84360278,-111.9093056,0,12,6,0,2,3,0,1,1,1,0,1,0,0000000,17,29,17,32,88,88,0,0,0,1,0
49,490145,2,2,0,0,0,2,2,11,910,24,8,2012,6,19,30,0,13,3,SR-193,CHURCH ST,0,41.10124444,-111.9391972,0,12,6,0,2,3,0,1,1,1,0,1,0,0000000,19,30,19,36,20,0,0,0,0,1,0
49,490146,1,1,0,0,0,2,2,53,0,6,10,2012,7,16,32,0,6,5,GUNLOCK RD,,0,37.31128889,-113.7380056,0,1,0,0,1,1,0,5,1,1,0,1,0,0000000,16,34,16,47,99,99,0,0,0,1,0
49,490147,1,1,0,0,0,2,2,43,0,6,10,2012,7,16,51,0,6,5,NORTH ICY SPRINGS RD,,0,40.91669167,-111.4620694,0,38,0,0,1,1,0,6,1,1,0,1,0,0000000,16,51,16,59,99,99,0,0,0,1,1
49,490148,1,1,0,0,0,1,1,27,0,7,10,2012,1,8,9,0,6,5,SHORELINE DR,,0,39.34023611,-112.6248694,0,1,0,0,1,1,0,5,2,1,0,1,0,0000000,8,10,8,20,99,99,0,0,0,1,1
49,490149,1,1,0,0,0,1,1,43,0,8,10,2012,2,20,18,1,1,1,I-80,,1785,41.03954722,-111.3277111,0,31,0,1,18,1,0,3,2,1,0,1,0,0000000,20,19,20,36,99,99,0,0,0,1,0
49,490150,1,1,0,1,1,1,1,35,1700,5,10,2012,6,20,58,0,16,5,400 W,,0,40.76238333,-111.9030278,0,8,0,0,1,1,0,1,2,1,0,1,0,0000000,20,58,21,5,99,99,0,0,0,1,0
49,490151,1,1,0,1,1,1,1,35,2100,6,10,2012,7,13,8,0,16,6,COOL WATER WAY,,0,40.608775,-112.0166556,0,8,0,0,4,1,0,1,1,1,0,1,0,0000000,13,8,13,13,99,99,0,0,0,1,0
49,490152,1,1,0,0,0,1,1,45,9997,10,10,2012,4,16,40,1,1,1,I-80,,669,40.78754722,-112.8256167,0,1,0,0,1,1,0,3,1,1,0,1,0,0000000,16,46,17,4,99,99,0,0,0,1,0
49,490153,1,1,0,1,1,1,1,35,1700,11,10,2012,5,20,36,0,14,2,US-89,GORDON LN,99998,40.68038333,-111.8882222,0,8,0,0,2,3,0,1,2,1,0,1,0,0000000,20,36,20,40,99,99,0,0,0,1,0
49,490154,1,1,0,0,0,1,1,53,0,15,10,2012,2,14,16,1,1,1,I-15,,292,37.309175,-113.2959194,0,24,0,0,1,1,1,6,1,1,0,1,0,0000000,14,16,14,29,88,88,0,0,0,1,0
49,490155,1,1,0,0,0,1,1,53,1484,20,10,2012,7,17,45,0,6,5,MOUNTAIN VIEW DRIVE,,0,37.38253056,-113.502475,0,35,0,0,8,1,0,4,1,1,0,1,0,0000000,17,54,18,4,88,88,0,0,0,1,1
49,490156,1,1,0,0,0,1,1,35,1120,21,10,2012,1,0,18,1,11,1,I-15,,2978,40.61868056,-111.9047,0,25,0,1,5,1,0,3,3,1,0,1,0,0000000,0,18,0,28,99,99,0,0,0,1,1
49,490157,1,1,0,0,0,3,3,45,0,29,10,2012,2,8,25,1,1,1,I-80,,430,40.72656111,-113.2441278,0,1,0,0,1,1,0,4,1,1,0,1,0,0000000,8,25,8,38,99,99,0,0,0,1,0
49,490158,1,1,0,1,1,2,2,35,1924,18,10,2012,5,21,54,0,14,3,SR-173,,99998,40.65308889,-111.9471889,0,8,0,0,1,1,0,1,2,1,0,1,0,0000000,21,54,21,59,99,99,0,0,0,1,0
49,490159,1,1,0,1,1,1,1,35,1820,3,11,2012,7,20,53,0,16,5,300 E,,0,40.71103889,-111.8826611,0,8,0,0,1,1,0,1,2,1,0,1,0,0000000,20,54,20,57,99,99,0,0,0,1,0
49,490160,1,1,0,0,0,1,1,29,0,4,11,2012,1,14,36,0,3,3,SR-167,,55,41.18424722,-111.8079972,0,24,0,0,1,1,0,5,1,1,0,1,0,0000000,14,42,14,45,88,88,0,0,0,1,0
49,490161,1,1,0,0,0,2,2,49,0,6,8,2012,2,0,7,0,16,6,10900 S,,0,40.03073889,-111.7711694,0,10,0,0,6,1,0,99,2,99,0,99,0,9999999,0,15,0,40,99,99,0,0,0,1,1
49,490162,2,2,0,0,0,3,3,5,990,1,11,2012,5,14,16,0,16,6,200 E,1400 N,0,41.75747778,-111.8290139,0,12,6,0,2,2,0,1,1,1,0,1,0,0000000,14,16,14,21,14,32,0,0,0,1,0
49,490163,2,2,0,0,0,3,3,45,0,21,11,2012,4,17,36,1,1,1,I-80,,536,40.75868611,-113.0178778,0,1,0,0,1,1,0,1,2,1,0,1,0,0000000,17,39,18,22,19,6,14,0,0,1,0
49,490164,1,1,0,0,0,1,1,35,1710,24,11,2012,7,22,28,0,16,6,9400 S,,0,40.58061111,-111.8685667,0,18,0,0,1,1,1,2,3,10,0,10,0,0000000,22,28,22,34,88,88,0,0,0,1,1
49,490165,1,1,0,0,0,1,1,35,0,15,11,2012,5,19,30,0,14,3,SR-210,,99998,40.571125,-111.7452306,0,24,0,0,1,1,0,5,1,99,0,99,0,0000000,88,88,88,88,88,88,0,0,0,1,0
49,490166,1,1,0,0,0,1,1,15,0,21,11,2012,4,19,0,0,6,5,MOHRLAND CANYON ROAD,,0,39.42631944,-110.9736278,0,1,0,0,1,1,0,1,2,1,0,1,0,0000000,19,31,19,34,88,88,0,0,0,1,0
49,490167,1,1,0,0,0,1,1,25,0,20,11,2012,3,10,20,0,3,3,SR-14,,355,37.49882222,-112.6017139,0,1,0,0,1,1,0,5,1,1,0,1,0,0000000,10,40,11,0,88,88,0,0,0,1,0
49,490168,2,2,0,0,0,3,3,49,1560,3,11,2012,7,5,22,1,11,1,I-15,,2625,40.19988333,-111.6527444,0,12,1,0,1,1,1,1,2,1,0,1,0,0000000,5,22,5,27,99,99,3,0,0,1,0
49,490169,1,1,0,0,0,3,3,25,1400,20,11,2012,3,6,25,1,2,2,US-89,,844,37.26960556,-112.6505528,0,43,0,0,1,1,0,6,2,1,0,1,0,0000000,6,30,6,45,99,99,0,0,0,1,0
49,490170,1,1,0,0,0,2,2,57,1350,25,11,2012,1,10,30,0,14,3,SR-39,,99998,41.24151944,-111.9444056,0,42,0,0,1,1,0,4,1,10,0,10,0,0000000,10,34,10,38,99,99,0,0,0,1,0
49,490171,1,1,0,1,1,1,1,35,1800,28,11,2012,4,6,40,0,16,5,4000 W,SKYE DR,0,40.57344444,-111.9863806,0,8,0,0,2,2,0,1,3,1,0,1,0,0000000,6,41,6,44,88,88,0,0,0,1,0
49,490172,3,3,0,0,0,4,4,45,885,27,11,2012,3,16,0,0,3,3,SR-36,,659,40.68700278,-112.2672028,0,12,1,0,1,1,0,1,1,1,0,1,0,0000000,16,3,16,13,17,2,0,0,0,2,0
49,490173,2,2,0,1,1,2,2,35,1820,28,11,2012,4,18,26,0,14,3,SR-71,3065 S,99998,40.70435278,-111.8713139,0,15,0,0,2,3,0,1,3,1,0,1,0,0000000,18,26,18,30,18,45,0,0,0,1,0
49,490174,1,1,0,0,0,2,2,47,0,25,11,2012,1,3,36,0,6,5,4000 N,LAPOINT HWY,0,40.36022778,-109.8262722,0,1,0,0,3,2,0,4,2,1,0,1,0,0000000,99,99,99,99,99,99,0,0,0,1,1
49,490175,1,1,0,0,0,2,2,37,0,5,11,2012,2,15,54,0,3,3,SR-162,,160,37.25845556,-109.2714528,0,1,0,0,1,1,0,99,1,99,0,99,0,0000000,15,54,16,1,99,99,0,0,0,2,0
49,490176,2,2,0,0,0,2,2,49,1390,21,9,2012,6,11,23,1,13,2,US-89,,99998,40.29516111,-111.6941361,0,12,2,0,1,1,0,1,1,1,0,1,0,0000000,11,24,11,26,11,43,0,0,0,1,0