STATE,ST_CASE,VE_TOTAL,VE_FORMS,PVH_INVL,PEDS,PERNOTMVIT,PERMVIT,PERSONS,COUNTY,CITY,DAY,MONTH,YEAR,DAY_WEEK,HOUR,MINUTE,NHS,ROAD_FNC,ROUTE,TWAY_ID,TWAY_ID2,MILEPT,LATITUDE,LONGITUD,SP_JUR,HARM_EV,MAN_COLL,RELJCT1,RELJCT2,TYP_INT,WRK_ZONE,REL_ROAD,LGT_COND,WEATHER1,WEATHER2,WEATHER,SCH_BUS,RAIL,NOT_HOUR,NOT_MIN,ARR_HOUR,ARR_MIN,HOSP_HR,HOSP_MN,CF1,CF2,CF3,FATALS,DRUNK_DR
49,490177,2,2,0,0,0,2,2,35,2113,7,10,2012,1,5,54,1,13,3,SR-154,,99998,40.71879722,-111.9858972,0,12,8,0,1,1,0,1,3,1,0,1,0,0000000,5,55,6,5,6,48,0,0,0,1,1
49,490178,2,2,0,0,0,2,2,47,0,26,10,2012,6,16,58,0,3,3,SR-88,,19,40.10905,-109.6701472,3,12,2,0,1,1,0,1,1,1,0,1,0,0000000,17,1,17,20,88,88,0,0,0,1,1
49,490179,2,2,0,0,0,2,2,11,260,13,11,2012,3,14,30,0,13,3,SR-193,,99998,41.10355556,-112.0005833,0,12,6,0,8,1,0,1,1,1,0,1,0,0000000,14,30,14,43,88,88,0,0,0,1,0
49,490180,2,2,0,0,0,4,4,35,1700,16,11,2012,6,7,10,1,11,1,I-80,,1060,40.77033056,-112.1276917,0,12,1,0,1,1,0,1,1,1,0,1,0,0000000,7,22,7,22,88,88,0,0,0,1,0
49,490181,2,2,0,0,0,2,2,53,1670,16,11,2012,6,16,44,1,11,1,I-15,,47,37.06136667,-113.5837944,0,31,0,1,18,1,0,4,5,1,0,1,0,0000000,16,44,16,48,17,7,0,0,0,1,0
49,490182,1,1,0,0,0,1,1,35,0,5,11,2012,2,15,17,1,12,3,SR-201 RAMP,I-80,2,40.72277778,-112.2280139,0,25,0,1,5,1,0,4,1,1,0,1,0,0000000,15,17,15,32,88,88,0,0,0,1,0
49,490183,1,1,0,1,1,1,1,11,1900,1,10,2012,2,7,1,0,14,3,SR-126,2300 N,0,41.14715,-112.026075,0,8,0,0,2,3,0,1,4,1,0,1,0,0000000,7,1,7,7,88,88,0,0,0,1,0
49,490184,1,1,0,0,0,1,1,9,0,7,11,2012,4,16,45,0,3,2,US-191,,3803,40.76623333,-109.4709194,0,1,0,0,1,1,0,6,5,1,0,1,0,0000000,16,55,17,12,99,99,0,0,0,1,0
49,490185,1,1,0,0,0,3,3,25,0,11,10,2012,5,21,0,0,6,5,GLENDALE BENCH RD,,0,37.31125833,-112.5581111,0,35,0,0,1,1,0,6,2,2,0,2,0,0000000,9,6,10,3,99,99,18,0,0,1,1
49,490186,1,1,0,1,1,2,2,35,1700,24,10,2012,4,7,9,0,16,5,900 W,600 N,0,40.782575,-111.9170722,0,8,0,0,2,2,0,1,3,2,0,2,0,0000000,7,9,7,13,99,99,0,0,0,1,0
49,490187,1,1,0,0,0,2,2,35,0,1,12,2012,7,23,31,0,14,3,SR-202,,2,40.72683056,-112.1625806,0,59,0,0,1,1,0,4,2,10,0,10,0,0000000,23,32,23,41,88,88,0,0,0,1,1
49,490188,1,1,0,1,1,1,1,57,1350,1,12,2012,7,10,29,0,16,5,27TH ST,,0,41.21597222,-111.9366,0,8,0,0,8,1,0,1,1,1,0,1,0,0000000,10,31,10,35,99,99,0,0,0,1,0
49,490189,1,1,0,0,0,2,2,49,0,1,12,2012,7,11,45,0,3,3,SR-73,,224,40.28601111,-112.0963389,0,1,0,0,1,1,0,5,1,1,0,1,0,0000000,11,45,11,54,12,39,0,0,0,1,0
49,490190,1,1,0,1,1,2,2,37,0,8,12,2012,7,17,38,1,2,2,US-191,,1129,38.43931389,-109.4300667,0,8,0,0,1,1,0,1,2,1,0,1,0,0000000,17,38,17,55,99,99,0,0,0,1,0
49,490191,1,1,0,0,0,1,1,43,0,2,12,2012,1,1,46,0,3,3,SR-224,,95,40.70852778,-111.5459333,0,35,0,0,1,1,0,5,2,1,0,1,0,0000000,1,46,1,54,88,88,0,0,0,1,1
49,490192,1,1,0,0,0,1,1,27,500,12,12,2012,4,20,2,1,1,1,I-15 OFF-RAMP,,1669,38.95094722,-112.3498306,0,1,0,1,5,1,0,4,3,1,0,1,0,0000000,20,5,20,11,88,88,0,0,0,1,1
49,490193,1,1,0,1,1,1,1,45,1940,16,12,2012,1,19,15,0,16,6,PINEHURST AVE,VINE ST,0,40.53065,-112.2926444,0,9,0,0,2,3,0,1,3,1,0,1,0,0000000,19,15,19,19,19,48,0,0,0,1,0
49,490194,1,1,0,0,0,1,1,41,0,17,12,2012,2,9,33,1,1,1,I-70,,472,38.86069167,-111.9840861,0,1,0,0,1,1,0,4,1,1,0,1,0,0000000,9,33,9,50,99,99,0,0,0,1,0
49,490195,2,2,0,0,0,3,3,47,0,13,12,2012,5,16,43,1,2,2,US-40,,1299,40.3165,-109.6978722,0,12,6,0,1,1,0,1,1,1,0,1,0,0000000,16,43,16,52,17,14,0,0,0,1,0
49,490196,2,2,0,0,0,3,3,49,1560,19,12,2012,4,13,31,1,13,2,US-189,4800 N,99998,40.29775556,-111.6572472,0,12,6,0,2,2,1,1,1,10,0,10,0,0000000,13,32,13,35,99,99,0,0,0,1,0
49,490197,2,2,0,0,0,5,5,25,0,26,12,2012,4,13,0,1,2,2,US-89,,785,37.20386667,-112.6765583,0,12,2,0,1,1,0,1,1,4,0,4,0,0000000,13,4,13,20,13,45,0,0,0,1,0
49,490198,2,2,0,0,0,3,3,35,2100,20,12,2012,5,11,2,0,16,5,7000 S,,0,40.62395278,-111.9660167,0,12,1,0,1,1,0,1,1,1,0,1,0,0000000,11,2,11,9,99,99,0,0,0,1,0
49,490199,1,1,0,1,1,1,1,57,1350,24,12,2012,2,18,30,0,14,3,SR-204,,99998,41.21905278,-111.9806944,0,8,0,0,1,1,0,1,2,1,0,1,0,0000000,18,36,18,39,99,99,0,0,0,1,0
49,490200,1,1,0,1,1,1,1,35,1700,6,12,2012,5,18,0,0,16,5,CALIFORNIA AVE,FORTUNE RD,0,40.74064444,-111.9425194,0,9,0,0,2,2,0,1,6,1,0,1,0,0000000,18,0,18,4,18,20,0,0,0,1,0
49,490201,2,2,0,0,0,2,2,35,1700,21,12,2012,6,1,52,1,13,3,SR-154,,227,40.75193333,-111.9869278,0,20,0,0,1,1,0,3,2,1,0,1,0,0000000,2,9,2,9,88,88,14,0,0,1,1
50,500001,1,1,0,1,1,1,1,21,580,1,1,2012,1,20,10,1,12,2,US-7,,1,43.59231944,-72.969275,0,8,0,0,1,1,0,1,3,2,0,2,0,0000000,20,9,20,12,20,27,0,0,0,1,0
50,500002,2,2,0,0,0,5,5,23,365,2,1,2012,2,14,30,0,4,2,US-2,,44,44.27080833,-72.63181111,0,12,6,0,1,1,0,1,1,4,0,4,0,0000000,14,43,14,50,15,13,0,0,0,2,1
50,500003,1,1,0,0,0,1,1,25,275,3,1,2012,3,17,25,0,3,3,SR-30,,43,43.09831667,-72.78782222,0,24,0,0,1,1,1,4,2,1,0,1,0,0000000,17,30,17,40,88,88,0,0,0,1,1
50,500004,1,1,0,0,0,1,1,7,615,4,1,2012,4,0,32,0,6,5,TH-17,,99999,44.36875556,-73.20153889,0,42,0,0,1,1,0,4,2,1,0,1,0,0000000,0,34,0,50,1,27,0,0,0,1,1
50,500005,2,2,0,0,0,7,7,27,101,15,1,2012,1,12,26,1,2,2,US-4,,6,43.60305278,-72.73946944,0,12,2,0,1,1,0,1,1,1,0,1,0,0000000,12,39,13,4,14,6,0,0,0,2,0
50,500006,1,1,0,0,0,1,1,11,612,15,1,2012,1,20,6,0,3,3,SR-105,,34,44.90236389,-72.96476111,0,18,0,0,1,1,0,4,2,1,0,1,0,0000000,20,5,20,18,88,88,0,0,0,1,1
50,500007,1,1,0,0,0,1,1,21,9997,18,1,2012,4,16,44,0,6,5,TH-7 NORTH EAST ROAD,,99999,43.45247778,-73.02809722,0,42,0,0,1,1,0,4,1,1,0,1,0,0000000,16,44,17,4,17,46,0,0,0,1,1
50,500008,1,1,0,0,0,2,2,7,665,19,1,2012,5,22,5,0,4,5,FAS-233 RIVER ROAD,,17,44.51280278,-72.90918333,0,42,0,0,1,1,0,4,2,4,0,4,0,0000000,22,16,22,32,23,17,0,0,0,1,0
50,500009,1,1,0,0,0,1,1,21,689,22,1,2012,1,19,1,0,3,3,SR-30,,34,43.44221389,-73.19616944,0,35,0,0,1,1,0,4,2,1,0,1,0,0000000,19,8,19,17,88,88,0,0,0,1,0
50,500010,1,1,0,0,0,3,3,7,246,27,1,2012,6,8,4,0,4,5,FAS-210 SHELBURNE FALLS RD,,10,44.35070833,-73.15126667,0,42,0,0,1,1,0,4,1,2,0,2,0,0000000,8,4,8,13,8,44,0,0,0,1,0
50,500011,1,1,0,1,1,1,1,7,120,6,2,2012,2,13,3,0,14,6,FAU 5014 COLCHESTER AVE,BARRETT ST.,10,44.48790833,-73.18676944,0,8,0,0,2,3,0,1,1,1,0,1,0,0000000,13,4,13,8,13,16,0,0,0,1,0
50,500012,1,1,0,0,0,1,1,25,296,13,2,2012,2,7,40,0,3,3,SR-11,,74,43.22553889,-72.72962778,0,42,0,0,1,1,0,5,1,4,0,4,0,0000000,7,47,8,13,8,42,0,0,0,1,0
50,500013,1,1,0,2,2,1,1,21,580,21,2,2012,3,18,1,0,15,5,FAU-3036 LINCOLN AVE.,,20,43.61056667,-72.975925,0,8,0,0,1,1,0,1,3,1,0,1,0,0000000,18,2,18,6,18,28,0,0,0,1,0
50,500014,1,1,0,1,1,1,1,25,100,23,2,2012,5,20,11,0,14,2,US-5 CANAL ST.,,20,42.84947778,-72.55921389,0,8,0,0,1,1,0,1,3,1,0,1,0,0000000,20,11,20,12,20,27,0,0,0,1,0
50,500015,2,2,0,0,0,2,2,27,630,23,2,2012,5,22,16,0,3,3,SR-106,,26,43.33478056,-72.51826944,0,12,2,0,1,1,0,1,3,1,0,1,0,0000000,22,19,22,25,23,26,0,0,0,1,0
50,500016,1,1,0,1,1,1,1,25,100,27,2,2012,2,18,14,1,13,3,SR-9,,55,42.85011389,-72.58735,0,8,0,0,1,1,0,1,3,1,0,1,0,0000000,18,15,18,20,18,37,0,0,0,1,0
50,500017,1,1,0,0,0,1,1,23,350,4,3,2012,1,0,45,1,2,2,US-2,,35,44.31701111,-72.38675833,0,42,0,0,1,1,0,4,2,10,0,10,0,0000000,0,53,1,9,88,88,0,0,0,1,0
50,500018,1,1,0,0,0,2,2,11,650,11,3,2012,1,3,54,0,3,3,SR-105,,32,44.87846944,-73.02994167,0,1,0,0,1,1,0,4,2,1,0,1,0,0000000,4,0,4,10,4,25,0,0,0,2,0
50,500019,1,1,0,0,0,1,1,5,38,15,4,2012,1,17,0,0,4,2,US-5,,84,44.36385278,-72.04376111,0,35,0,0,1,1,0,4,1,1,0,1,0,0000000,17,5,17,15,88,88,0,0,0,1,0
50,500020,1,1,0,0,0,1,1,21,580,18,4,2012,4,21,18,0,16,5,COTTAGE ST,WILLIAMS ST,99999,43.61090278,-72.97988333,0,19,0,0,3,3,0,4,3,1,0,1,0,0000000,21,17,21,24,21,49,0,0,0,1,0
50,500021,2,2,0,0,0,3,3,27,242,21,4,2012,7,10,34,0,4,2,US-5,US-4 & VT-14,41,43.652075,-72.31935,0,12,6,0,2,2,0,1,1,1,0,1,0,0000000,10,34,10,38,11,14,0,0,0,1,0
50,500022,1,1,0,0,0,1,1,3,645,4,5,2012,6,5,24,1,2,2,US-7,,62,43.11653611,-73.08425833,0,42,0,0,1,1,0,4,4,2,0,2,0,0000000,5,24,5,40,6,9,0,0,0,1,0
50,500023,2,2,0,0,0,4,4,7,75,7,5,2012,2,7,28,1,1,1,I-89 SB,,704,44.37159167,-72.87524167,0,12,2,0,1,1,0,1,1,1,0,1,0,0000000,7,27,7,40,8,16,0,0,0,3,0
50,500024,1,1,0,0,0,2,2,5,309,11,5,2012,6,1,45,0,6,5,TH-21 BROOK RD.,,99999,44.56315556,-71.94530278,0,1,0,0,1,1,0,4,2,2,0,2,0,0000000,3,37,3,46,88,88,0,0,0,1,1
50,500025,1,1,0,0,0,2,2,27,579,12,5,2012,7,12,48,1,1,1,I-89 NB,,186,43.82140278,-72.52765556,0,35,0,0,1,1,0,3,1,1,0,1,0,0000000,12,54,13,5,13,46,0,0,0,1,0
50,500026,1,1,0,0,0,2,2,7,155,25,5,2012,6,23,35,0,15,5,FAU-5617 BAY ROAD,,1,44.55448056,-73.18853333,0,30,0,0,1,1,0,4,6,10,0,10,0,0000000,23,42,23,53,0,25,0,0,0,1,1
50,500027,1,1,0,0,0,3,3,19,410,26,5,2012,7,22,43,0,14,2,US-5,,2,44.92527222,-72.22779167,0,42,0,0,1,1,0,4,2,1,0,1,0,0000000,22,47,22,54,23,59,0,0,0,1,1
50,500028,1,1,0,0,0,2,2,19,225,28,5,2012,2,20,9,0,4,5,FAS-257 BREEZY AVE.,,6,44.56767222,-72.30413611,0,1,0,0,1,1,0,4,1,1,0,1,0,0000000,20,9,20,24,21,0,0,0,0,1,1
50,500029,1,1,0,0,0,1,1,7,155,29,5,2012,3,10,10,1,11,1,I-89 NB,,924,44.51448611,-73.191525,0,1,0,0,1,1,0,4,1,1,0,1,0,0000000,10,16,10,23,10,45,0,0,0,1,0
50,500030,2,2,0,0,0,2,2,3,70,8,6,2012,6,7,46,0,15,5,FAU-1020 DEWEY ST.,FAU-1060 WEEKS ST.,7,42.87476111,-73.20398889,0,12,6,0,2,3,0,1,1,1,0,1,0,0000000,7,44,7,51,8,20,0,0,0,1,1
50,500031,1,1,0,0,0,1,1,11,218,9,6,2012,7,15,26,0,5,5,MINC-0762 SKUNK HILL RD.,,99999,44.70025833,-73.10084722,0,24,0,0,1,1,0,4,1,1,0,1,0,0000000,15,30,15,34,15,49,0,0,0,1,0
50,500032,1,1,0,0,0,1,1,1,402,10,6,2012,1,22,25,0,6,5,TH-6 NORTH ST.,,99999,44.15525833,-73.15907778,0,24,0,0,1,1,0,4,2,1,0,1,0,0000000,22,22,22,34,22,53,0,0,0,1,1
50,500033,1,1,0,0,0,1,1,23,9999,26,6,2012,3,19,59,0,4,3,SR-17,,39,44.18720278,-72.87903056,0,30,0,0,1,1,0,4,5,2,0,2,0,0000000,20,2,20,8,88,88,0,0,0,1,1
50,500034,1,1,0,0,0,1,1,19,225,28,6,2012,5,16,29,0,4,5,FAS-255 BEND ROAD,,67,44.55974722,-72.27771111,0,42,0,0,1,1,0,4,1,1,0,1,0,0000000,16,29,16,52,88,88,0,0,0,1,1
50,500035,2,2,0,0,0,3,3,15,290,30,6,2012,7,13,40,0,3,3,SR-15,,54,44.62178333,-72.66920833,0,12,1,0,1,1,0,1,1,1,0,1,0,0000000,99,99,13,50,14,16,0,0,0,1,0
50,500036,1,1,0,0,0,1,1,23,350,1,7,2012,1,3,30,1,2,2,US-2,,14,44.29112778,-72.399875,0,30,0,0,1,1,0,4,2,1,0,1,0,0000000,3,47,99,97,99,97,0,0,0,1,0
50,500037,1,1,0,0,0,1,1,9,9997,1,7,2012,1,13,45,0,4,3,SR-102,,32,44.60784167,-71.56193333,0,1,0,0,1,1,0,4,1,1,0,1,0,0000000,14,0,14,16,88,88,0,0,0,1,0
50,500038,1,1,0,0,0,1,1,23,675,14,7,2012,7,16,18,0,6,5,TH-23 FULLER HILL ROAD,,99999,44.10488333,-72.85133056,0,42,0,0,1,1,0,4,1,1,0,1,0,0000000,16,19,16,31,17,50,0,0,0,1,1
50,500039,3,3,0,0,0,9,9,7,570,14,7,2012,7,13,51,0,4,2,US-2,,49,44.394625,-72.954475,0,12,8,0,1,1,0,1,1,1,0,1,0,0000000,13,51,14,0,14,36,0,0,0,1,0
50,500040,1,1,0,0,0,1,1,23,350,19,7,2012,5,14,46,1,2,2,US-2,,50,44.33669722,-72.37416389,0,35,0,0,1,1,0,4,1,1,0,1,0,0000000,14,46,14,59,88,88,0,0,0,1,0
50,500041,2,2,0,0,0,2,2,27,579,20,7,2012,6,16,8,0,4,3,SR-14,,51,43.81713611,-72.56208611,0,12,2,0,1,1,0,1,1,1,0,1,0,0000000,16,11,16,17,88,88,0,0,0,1,0
50,500042,1,1,0,0,0,1,1,19,158,21,7,2012,7,19,26,1,1,1,I-91 NB,,1678,44.89153889,-72.17244722,0,42,0,0,1,1,0,3,1,1,0,1,0,0000000,19,44,19,52,88,88,0,0,0,1,0
50,500043,1,1,0,0,0,1,1,5,38,28,7,2012,7,18,59,1,1,1,I-91 SB,,1264,44.371025,-72.02562222,0,57,0,0,1,1,0,3,1,10,0,10,0,0000000,19,3,19,11,88,88,0,0,0,1,1
50,500044,2,2,0,0,0,3,3,19,661,5,8,2012,1,9,5,0,3,3,SR-105,,16,44.98098333,-72.41168056,0,12,6,0,1,1,0,1,1,1,0,1,0,0000000,9,11,9,25,10,5,0,0,0,2,0
50,500045,2,2,0,0,0,4,4,25,275,19,8,2012,1,15,43,0,3,3,SR-30,,61,43.11943611,-72.8073,0,12,2,0,1,1,0,1,1,1,0,1,0,0000000,15,42,16,2,17,12,0,0,0,1,1
50,500046,1,1,0,0,0,1,1,11,209,22,8,2012,4,9,15,0,6,5,TH-58 WEST STREET,,99999,44.79051111,-72.982825,0,5,0,0,1,1,0,4,1,1,0,1,0,0000000,9,14,9,21,9,46,0,0,0,1,0
50,500047,1,1,0,0,0,2,2,19,50,23,8,2012,5,1,10,0,4,5,FAS-0286 WILLOUGHBY LAKE RD.,,28,44.76374722,-72.13074444,0,42,0,0,1,1,0,4,2,1,0,1,0,0000000,1,21,1,50,88,88,0,0,0,1,1
50,500048,1,1,0,0,0,2,2,23,40,23,8,2012,5,12,26,0,16,6,BALSAM DR.,,99999,44.19325278,-72.47499444,0,5,0,0,1,1,0,1,1,99,0,99,0,0000000,12,26,12,32,13,1,0,0,0,1,0
50,500049,3,3,0,0,0,6,6,27,686,27,8,2012,2,19,52,0,4,3,SR-131,,54,43.41712778,-72.46244722,0,12,8,0,1,1,0,1,2,10,0,10,0,0000000,19,49,20,1,20,47,0,0,0,1,0
50,500050,1,1,0,0,0,2,2,27,630,31,8,2012,6,18,5,1,1,1,I-91 SB,,460,43.32727222,-72.41946111,0,1,0,0,1,1,0,1,5,1,0,1,0,0000000,18,6,18,17,18,50,0,0,0,1,1
50,500051,1,1,0,0,0,1,1,3,70,2,9,2012,1,2,23,0,6,6,MOUNT ANTHONY RD.,,99999,42.85680278,-73.24932778,0,35,0,0,1,1,0,4,2,1,0,1,0,0000000,2,25,2,35,88,88,0,0,0,1,1
50,500052,2,2,0,0,0,2,2,19,254,7,9,2012,6,5,51,0,4,3,SR-58,,31,44.81556667,-72.29610278,0,12,6,0,4,1,0,1,2,5,0,5,0,0000000,6,6,6,16,88,88,0,0,0,1,0
50,500053,1,1,0,0,0,1,1,17,465,16,9,2012,1,14,42,0,6,5,TH-26 EMERY RD.,,99999,44.13181111,-72.40901944,0,1,0,0,1,1,0,4,1,1,0,1,0,0000000,15,41,15,58,88,88,0,0,0,1,0
50,500054,2,2,0,0,0,2,2,15,202,24,9,2012,2,9,10,0,3,3,SR-100,,74,44.73747778,-72.46940556,0,12,2,0,1,1,0,1,1,1,0,1,0,0000000,9,10,9,25,88,88,0,0,0,1,1
50,500055,2,2,0,0,0,4,4,19,158,24,9,2012,2,18,8,0,4,3,SR-14,TH-4 ALDERBROOK RD.,30,44.90567222,-72.25906111,0,12,6,0,2,3,0,1,5,1,0,1,0,0000000,18,8,18,13,18,46,20,0,0,1,0
50,500056,4,1,3,1,5,3,7,21,580,26,9,2012,4,18,4,0,6,5,CLEVELAND AVE.,,99999,43.61275833,-72.98876389,0,14,0,0,1,1,0,5,1,1,0,1,0,0000000,18,4,18,7,18,30,0,0,0,1,1
50,500057,1,1,0,0,0,1,1,15,640,28,9,2012,6,0,42,0,6,5,TH-23 WEEKS HILL RD.,ALGER RD.,99999,44.48113333,-72.69251944,0,42,0,0,2,3,0,4,2,10,0,10,0,0000000,0,53,1,12,88,88,0,0,0,1,1
50,500058,1,1,0,0,0,1,1,5,676,28,9,2012,6,9,45,0,6,5,TH-1 CABOT ROAD,,99999,44.46528889,-72.29653333,0,42,0,0,1,1,0,4,1,10,0,10,0,0000000,9,47,10,8,88,88,0,0,0,1,1
50,500059,1,1,0,1,1,1,1,27,242,6,10,2012,7,2,24,1,1,1,I-91 SB,,730,43.68049167,-72.31612778,0,8,0,0,1,1,0,1,2,8,0,8,0,0000000,2,24,2,32,88,88,0,0,0,1,0
50,500060,2,2,0,0,0,5,5,23,350,6,10,2012,7,6,45,1,2,2,US-2,TH-33 BEAVER MEADOW RD.,45,44.329875,-72.37639722,0,12,6,0,2,3,0,2,1,10,0,10,0,0000000,6,53,7,10,8,1,0,0,0,2,0
50,500061,2,2,0,0,0,2,2,3,70,18,10,2012,5,11,21,0,14,3,SR-7A HARWOOD HILL RD.,SKYTOP DR.,19,42.91646111,-73.21093611,0,12,6,0,2,3,0,2,1,1,0,1,0,0000000,99,99,99,99,99,99,0,0,0,1,0
50,500062,3,3,0,0,0,5,5,25,770,13,11,2012,3,10,57,0,3,3,SR-100,,52,42.90234722,-72.85374722,0,35,0,0,1,1,0,4,1,10,0,10,0,0000000,11,25,11,51,13,37,0,0,0,1,0
50,500063,1,1,0,0,0,1,1,5,165,14,11,2012,4,7,30,1,2,2,US-2,,85,44.43838056,-72.07068333,0,42,0,0,1,1,0,4,1,1,0,1,0,0000000,7,41,7,49,88,88,0,0,0,1,0
50,500064,1,1,0,1,1,1,1,1,110,24,11,2012,7,17,51,0,4,5,FAS-199 NORTH ST.,TH-324 PARK PLACE,0,44.13393056,-73.07869722,0,8,0,0,1,1,0,1,3,1,0,1,0,0000000,17,50,17,55,18,47,0,0,0,1,0
50,500065,2,2,0,0,0,2,2,21,580,26,11,2012,2,6,48,1,13,2,US-7,,24,43.64546389,-72.98512222,0,12,6,0,1,1,0,1,4,10,0,10,0,0000000,6,48,7,1,8,0,0,0,0,1,0
50,500066,3,1,2,2,2,1,1,1,9997,30,11,2012,6,7,30,1,2,2,US-7,,13,44.16114722,-73.23113611,0,8,0,0,1,1,0,1,1,1,0,1,0,0000000,7,34,7,41,8,4,0,0,0,1,0
50,500067,2,2,0,0,0,2,2,11,243,1,12,2012,7,17,45,0,4,3,SR-207,,6,44.91985,-73.05446667,0,12,2,0,1,1,0,1,2,1,0,1,0,0000000,17,55,17,59,19,9,0,0,0,1,0
50,500068,2,2,0,0,0,2,2,21,295,14,12,2012,6,16,33,1,2,2,US-4,,75,43.61308889,-72.75398056,0,12,2,0,1,1,0,1,2,10,0,10,0,0000000,16,38,17,5,17,55,0,0,0,1,1
50,500069,4,4,0,0,0,6,6,1,360,21,12,2012,6,12,18,1,13,2,US-7,,1,43.95846389,-73.11683611,0,1,0,0,1,1,0,1,1,2,0,2,0,0000000,12,21,12,29,12,54,0,0,0,1,0
50,500070,1,1,0,1,1,1,1,21,355,28,12,2012,6,17,18,1,2,2,US-4,,43,43.65813611,-72.87113056,0,8,0,0,1,1,0,1,2,1,0,1,0,0000000,17,21,17,29,88,88,0,0,0,1,0
51,510001,1,1,0,1,1,1,1,810,2540,2,1,2012,2,22,53,1,13,3,SR-13,BURTON STATION RD,1361,36.88134444,-76.18624444,0,8,0,0,2,3,0,1,3,1,10,10,0,0000000,99,99,23,1,88,88,20,0,0,1,0
51,510002,2,2,0,0,0,3,3,15,0,4,1,2012,4,1,37,0,14,2,US-340,MINE BRANCH RD,2228,38.14960278,-78.84079167,0,12,6,0,2,2,0,1,2,1,10,10,0,0000000,1,39,2,10,3,18,0,0,0,1,0
51,510003,2,2,0,0,0,4,4,47,0,4,1,2012,4,18,28,0,3,3,SR-229,,76,38.58530556,-77.97281389,0,12,2,0,1,1,0,1,2,1,10,10,0,0000000,18,26,18,44,19,25,0,0,0,1,0
51,510004,2,2,0,0,0,4,4,29,0,6,1,2012,6,12,20,0,3,3,SR-20,,20,37.56791389,-78.492475,0,12,2,0,1,1,0,1,1,1,10,10,0,0000000,12,18,12,27,12,45,0,0,0,2,0
51,510005,1,1,0,0,0,1,1,25,0,6,1,2012,6,21,35,0,6,4,CR-659,,3,36.670825,-78.00828333,0,42,0,0,1,1,0,4,2,1,10,10,0,0000000,99,99,21,53,22,51,0,0,0,1,0
51,510006,1,1,0,0,0,2,2,640,1050,7,1,2012,7,0,13,0,14,6,850 GLENDALE RD,,11,36.68067222,-80.90642222,0,30,0,0,1,1,0,4,2,1,10,10,0,0000000,99,99,99,99,99,99,0,0,0,1,1
51,510007,2,2,0,0,0,2,2,165,0,6,1,2012,6,22,31,0,3,3,SR-42,,2373,38.5733,-78.82481667,0,12,1,0,1,1,0,1,2,1,10,10,0,0000000,22,48,23,1,1,45,0,0,0,1,1
51,510008,1,1,0,0,0,2,2,680,1490,6,1,2012,6,23,22,0,14,3,SR-128,,14,37.37,-79.15987222,0,31,0,0,1,1,0,4,2,1,10,10,0,0000000,99,99,23,34,99,99,0,0,0,2,0
51,510009,2,2,0,0,0,3,3,105,0,7,1,2012,7,15,0,0,15,4,CR-640,,275,36.71534444,-83.02925,0,12,6,0,1,1,0,1,1,2,0,2,0,0000000,15,13,15,23,16,58,0,0,0,3,0
51,510010,1,1,0,0,0,1,1,117,0,7,1,2012,7,0,30,0,3,3,SR-47,,80,36.78771944,-78.33301389,0,34,0,0,1,1,0,4,2,1,10,10,0,0000000,0,42,0,54,1,25,0,0,0,1,0
51,510011,1,1,0,0,0,1,1,163,0,9,1,2012,2,10,0,0,5,4,CR-610,,93,37.70858333,-79.508925,0,42,0,0,1,1,0,4,1,2,0,2,0,0000000,9,58,10,17,88,88,0,0,0,1,1
51,510012,2,2,0,0,0,2,2,89,0,8,1,2012,1,21,20,0,3,2,US-58,,2586,36.62707778,-79.95424722,0,12,1,0,1,1,0,1,2,2,0,2,0,0000000,21,19,21,31,88,88,0,0,0,1,0
51,510013,1,1,0,0,0,3,3,97,0,11,1,2012,4,14,37,9,3,3,SR-14,,238,37.61615278,-76.78866389,0,34,0,0,1,1,0,4,1,2,0,2,0,0000000,14,37,14,50,15,54,0,0,0,2,0
51,510014,2,1,1,0,0,1,1,710,1760,10,1,2012,3,18,1,0,14,6,200 E BAYVIEW BLVD,,2,36.93293333,-76.25918611,0,14,0,0,1,1,0,4,3,1,10,10,0,0000000,99,99,99,99,99,99,0,0,0,1,0
51,510015,1,1,0,0,0,1,1,35,0,10,1,2012,3,20,30,0,6,4,CR-800,,2,36.58873889,-80.70288056,0,1,0,0,1,1,0,4,2,1,10,10,0,0000000,20,30,20,38,99,99,0,0,0,1,1
51,510016,1,1,0,0,0,2,2,75,0,4,1,2012,4,7,17,0,6,4,CR-669,,14,37.84724444,-78.03080556,0,30,0,0,1,1,0,4,1,1,10,10,0,0000000,7,19,7,28,7,55,20,0,0,1,0
51,510017,1,1,0,0,0,1,1,107,0,11,1,2012,4,1,51,9,99,4,CR-640,,28,39.01279722,-77.47747222,0,24,0,0,1,1,0,4,3,1,10,10,0,0000000,99,99,99,99,99,99,0,0,0,1,1
51,510018,1,1,0,0,0,1,1,119,0,12,1,2012,5,0,43,9,99,3,SR-17,,1083,37.72458889,-76.71973056,0,53,0,0,1,1,0,4,2,1,10,10,0,0000000,0,43,1,12,88,88,0,0,0,1,1
51,510019,1,1,0,0,0,1,1,69,0,15,1,2012,1,1,0,0,4,4,CR-614,,1,39.12454722,-78.18459722,0,42,0,0,1,1,0,4,2,1,10,10,0,0000000,1,23,1,32,2,31,0,0,0,1,1