STATE,ST_CASE,VE_TOTAL,VE_FORMS,PVH_INVL,PEDS,PERNOTMVIT,PERMVIT,PERSONS,COUNTY,CITY,DAY,MONTH,YEAR,DAY_WEEK,HOUR,MINUTE,NHS,ROAD_FNC,ROUTE,TWAY_ID,TWAY_ID2,MILEPT,LATITUDE,LONGITUD,SP_JUR,HARM_EV,MAN_COLL,RELJCT1,RELJCT2,TYP_INT,WRK_ZONE,REL_ROAD,LGT_COND,WEATHER1,WEATHER2,WEATHER,SCH_BUS,RAIL,NOT_HOUR,NOT_MIN,ARR_HOUR,ARR_MIN,HOSP_HR,HOSP_MN,CF1,CF2,CF3,FATALS,DRUNK_DR
51,510020,1,1,0,0,0,2,2,29,0,15,1,2012,1,15,10,0,5,4,CR-655,,14,37.65541944,-78.611625,0,42,0,0,1,1,0,4,1,1,10,10,0,0000000,99,99,15,39,99,99,0,0,0,1,1
51,510021,1,1,0,0,0,4,4,101,0,16,1,2012,2,21,15,0,6,4,CR-33,18TH STREET,2,37.54110833,-76.79818333,0,58,0,0,2,2,0,4,2,1,10,10,0,0000000,21,19,21,21,99,99,0,0,0,1,0
51,510022,2,2,0,0,0,2,2,191,0,15,1,2012,1,20,23,0,4,4,CR-647,,4,36.60434167,-82.12692222,0,12,2,0,1,1,0,1,2,1,10,10,0,0000000,20,33,20,45,21,19,0,0,0,1,0
51,510023,1,1,0,0,0,1,1,143,0,19,1,2012,5,10,10,1,2,2,US-29,,282,36.86216944,-79.40110833,0,53,0,0,1,1,0,4,1,1,10,10,0,0000000,10,20,10,23,88,88,0,0,0,1,0
51,510024,2,2,0,0,0,2,2,149,0,7,1,2012,7,12,1,0,3,3,SR-10,,2373,37.21478333,-77.09071389,0,11,0,0,1,1,0,1,1,1,10,10,0,0000000,99,99,99,99,88,88,0,0,0,1,0
51,510025,3,3,0,0,0,3,3,109,0,19,1,2012,5,7,5,0,3,3,SR-522,,460,38.10961944,-77.91694167,0,12,2,0,1,1,0,1,4,1,10,10,0,0000000,99,99,99,99,99,99,0,0,0,1,0
51,510026,1,1,0,0,0,3,3,101,0,14,1,2012,7,0,52,9,99,4,CR-608,,100,37.79236667,-77.16705833,0,35,0,0,1,1,0,4,2,1,10,10,0,0000000,99,99,99,99,99,99,0,0,0,1,1
51,510027,1,1,0,1,1,1,1,550,468,10,1,2012,3,18,0,9,99,2,US-460,,412,36.77583056,-76.27100556,1,8,0,0,1,1,0,1,2,1,10,10,0,0000000,99,99,99,99,99,99,0,0,0,1,0
51,510028,2,2,0,0,0,3,3,7,0,20,1,2012,6,15,40,1,2,2,US-360,RT-628,1081,37.343875,-77.98664167,0,12,6,0,2,2,0,1,1,2,0,2,0,0000000,15,34,15,43,99,99,0,0,0,1,0
51,510029,1,1,0,0,0,1,1,149,0,22,1,2012,1,17,9,1,2,2,US-301,,478,37.169,-77.35824167,0,42,0,0,1,1,0,4,5,2,0,2,0,0000000,17,9,17,14,88,88,0,0,0,1,0
51,510030,3,3,0,1,1,2,2,710,1760,22,1,2012,1,13,30,1,11,1,I-64,,2838,36.85643056,-76.19543889,0,8,0,0,1,1,0,2,1,1,10,10,0,0000000,99,99,99,99,99,99,19,0,0,1,0
51,510031,2,2,0,0,0,3,3,760,2060,21,1,2012,7,16,35,1,12,3,SR-150,,16,37.5513,-77.5694,0,12,6,0,1,1,0,1,5,2,0,2,0,0000000,99,99,99,99,99,99,0,0,0,2,0
51,510032,5,5,0,0,0,6,6,67,0,23,1,2012,2,15,40,0,3,3,SR-122,,19,37.04293889,-79.8473,0,12,6,0,1,1,0,1,1,1,10,10,0,0000000,99,99,15,47,16,33,14,0,0,1,0
51,510033,1,1,0,0,0,1,1,191,0,25,1,2012,4,18,15,1,1,1,I-81,,205,36.71895833,-81.9199,0,42,0,0,1,1,0,3,1,1,10,10,0,0000000,99,99,99,99,99,99,0,0,0,1,1
51,510034,1,1,0,1,1,1,1,157,0,25,1,2012,4,19,0,1,2,2,US-211,,262,38.66894444,-78.29028889,0,8,0,0,1,1,0,1,1,1,10,10,0,0000000,19,40,19,47,20,53,19,0,0,1,0
51,510035,1,1,0,0,0,1,1,177,0,21,1,2012,7,15,51,0,4,4,CR-738,,25,38.04210556,-77.64639722,0,42,0,0,1,1,0,4,1,2,0,2,0,0000000,99,99,15,53,99,99,0,0,0,1,0
51,510036,2,2,0,0,0,2,2,59,0,24,1,2012,3,19,32,1,13,3,SR-7,,4979,39.01071944,-77.36466667,0,23,0,0,1,1,0,4,3,1,10,10,0,0000000,99,99,19,37,99,99,0,0,0,1,1
51,510037,1,1,0,0,0,1,1,163,0,27,1,2012,6,19,10,1,1,1,I-81,,1840,37.66888611,-79.50599167,0,24,0,0,1,1,0,4,2,1,10,10,0,0000000,99,99,19,37,88,88,0,0,0,1,1
51,510038,1,1,0,0,0,1,1,41,0,28,1,2012,7,23,16,0,16,4,CR-288,,3,37.38331111,-77.44568611,0,1,0,0,1,1,0,4,2,1,10,10,0,0000000,99,99,99,99,88,88,0,0,0,1,1
51,510039,1,1,0,1,1,1,1,69,0,30,1,2012,2,1,15,0,13,3,SR-7,,26,39.18691111,-78.12433333,0,8,0,0,1,1,0,1,2,1,10,10,0,0000000,99,99,99,99,88,88,0,0,0,1,0
51,510040,1,1,0,1,1,1,1,179,0,28,1,2012,7,23,5,1,2,2,US-17,,1820,38.33877222,-77.48926111,0,9,0,0,1,1,0,1,2,1,10,10,0,0000000,99,99,99,99,88,88,0,0,0,1,0
51,510041,2,2,0,0,0,2,2,161,0,31,1,2012,3,12,14,1,13,3,SR-419,I-81 RAMP,996,37.324275,-80.03358056,0,12,6,0,2,3,0,1,1,1,10,10,0,0000000,99,99,99,99,99,99,0,0,0,1,0
51,510042,1,1,0,1,1,1,1,650,1180,29,1,2012,1,4,40,0,14,3,SR-7,,79,37.05516389,-76.34725,0,8,0,0,1,1,0,1,3,1,10,10,0,0000000,99,99,99,99,88,88,0,0,0,1,0
51,510043,1,1,0,1,1,1,1,650,1180,30,1,2012,2,18,44,0,15,3,SR-8113,WAKEFIELD AVE,616,37.00121944,-76.38841111,0,8,0,0,1,1,0,1,2,1,10,10,0,0000000,18,45,18,53,19,13,0,0,0,1,0
51,510044,1,1,0,0,0,3,3,59,0,2,1,2012,2,0,42,0,14,4,CR-1720,,89,38.87196389,-77.19073889,0,42,0,0,1,1,0,4,2,1,10,10,0,0000000,99,99,99,99,99,99,0,0,0,1,1
51,510045,2,2,0,0,0,2,2,163,0,30,1,2012,2,18,5,1,1,1,I-81,,1964,37.84644444,-79.36463611,0,12,1,0,1,1,0,1,5,1,10,10,0,0000000,99,99,99,99,88,88,0,0,0,1,0
51,510046,1,1,0,0,0,1,1,163,0,31,1,2012,3,12,0,0,3,2,US-11,,2070,37.8085,-79.40103611,0,42,0,0,1,1,0,4,1,1,10,10,0,0000000,12,3,12,13,88,88,0,0,0,1,1
51,510047,2,2,0,0,0,3,3,87,0,31,1,2012,3,12,30,0,15,4,CR-161,LOURDES RD,7,37.6249,-77.49196389,0,12,6,0,2,3,0,1,1,1,10,10,0,0000000,12,30,12,35,13,6,0,0,0,1,1
51,510048,2,2,0,0,0,2,2,107,0,25,1,2012,4,12,32,0,15,4,CR-2150,RUNNYMEADE TERRACE,34,39.03731667,-77.47093889,0,12,6,0,2,2,0,1,1,1,10,10,0,0000000,14,40,15,3,15,38,0,0,0,1,0
51,510049,1,1,0,1,1,1,1,550,468,28,1,2012,7,1,46,0,13,2,US-13,,390,36.76152778,-76.28908056,0,8,0,0,1,1,0,1,2,1,10,10,0,0000000,99,99,99,99,99,99,0,0,0,1,0
51,510050,1,1,0,1,1,1,1,820,2610,25,1,2012,4,20,55,0,13,2,US-340,,126,38.06425,-78.93456667,0,8,0,0,1,1,0,1,2,1,10,10,0,0000000,20,55,21,0,21,16,0,0,0,1,0
51,510051,4,4,0,0,0,4,4,93,0,3,1,2012,3,16,18,1,2,2,US-460,,36619,36.80516389,-76.73224722,0,12,1,0,1,1,0,1,1,1,10,10,0,0000000,16,18,16,23,99,99,0,0,0,1,0
51,510052,1,1,0,2,2,1,1,510,40,15,1,2012,1,14,35,0,13,3,SR-149,I-395,1061,38.81524722,-77.13710278,0,8,0,0,1,1,0,4,1,1,10,10,0,0000000,99,99,99,99,99,99,0,0,0,1,1
51,510053,1,1,0,1,1,1,1,59,0,1,2,2012,4,11,36,0,13,4,CR-665,,32,38.93471111,-77.37963056,0,8,0,0,1,1,0,1,1,1,10,10,0,0000000,99,99,99,99,99,99,0,0,0,1,0
51,510054,1,1,0,0,0,1,1,23,0,2,2,2012,5,2,1,1,1,1,I-81 NORTH,,1675,37.58303056,-79.64094444,0,24,0,0,1,1,0,3,2,2,0,2,0,0000000,99,99,99,99,99,99,0,0,0,1,0
51,510055,2,2,0,0,0,2,2,810,2540,2,2,2012,5,6,45,0,14,3,SR-149,CURRY COMB CT,207,36.75931111,-76.06588889,0,12,6,0,2,3,4,1,2,2,0,2,0,0000000,99,99,6,52,7,24,0,0,0,1,0
51,510056,1,1,0,1,1,1,1,800,2390,23,4,2012,2,21,27,0,14,6,E PINNER ST,,17,36.73806944,-76.56640556,0,8,0,0,1,1,0,1,2,1,10,10,0,0000000,99,99,99,99,88,88,0,0,0,1,0
51,510057,1,1,0,0,0,1,1,89,0,2,2,2012,5,23,0,0,4,4,CR-647,,1,36.66128611,-79.71195556,0,34,0,0,1,1,0,4,2,1,10,10,0,0000000,23,1,23,18,0,13,0,0,0,1,1
51,510058,2,2,0,0,0,4,4,9,0,5,2,2012,1,16,55,0,3,3,SR-130,,295,37.48081944,-79.15775833,0,12,6,0,1,1,0,1,1,1,10,10,0,0000000,99,99,99,99,99,99,0,0,0,1,0
51,510059,2,2,0,0,0,2,2,163,0,2,2,2012,5,18,17,1,1,1,I-81,,1765,37.66888611,-79.50908333,0,12,1,0,1,1,0,1,2,1,10,10,0,0000000,99,99,99,99,88,88,0,0,0,1,0
51,510060,2,2,0,0,0,2,2,800,2390,8,2,2012,4,9,7,1,12,2,US-58,,37501,36.76669167,-76.58399722,0,12,2,0,1,1,0,1,1,1,10,10,1,0000000,99,99,99,99,99,99,0,0,0,1,0
51,510061,1,1,0,0,0,1,1,79,0,9,2,2012,5,20,30,9,99,4,CR-637,,67,38.34215556,-78.45800556,0,42,0,0,1,1,0,4,2,1,10,10,0,0000000,99,99,99,99,88,88,0,0,0,1,0
51,510062,3,3,0,0,0,3,3,760,2060,10,2,2012,6,16,15,1,12,1,I-95 DOWNTOWN EXPRESSWAY,,12,37.54175278,-77.44745833,0,12,6,0,1,1,0,1,1,1,10,10,0,0000000,16,15,16,21,99,99,0,0,0,1,0
51,510063,2,2,0,0,0,2,2,680,1490,6,2,2012,2,10,3,1,13,2,US-29,WARDS FERRY RD,4,37.34409167,-79.18884444,0,12,6,0,2,3,0,1,1,1,10,10,0,0000000,10,9,10,14,99,99,0,0,0,1,0
51,510064,1,1,0,0,0,1,1,800,2390,10,2,2012,6,17,28,1,12,3,SR-164,,81,36.86763333,-76.43089444,0,24,0,0,1,1,0,3,5,1,10,10,0,0000000,99,99,99,99,88,88,0,0,0,1,0
51,510065,2,2,0,0,0,4,4,5,0,11,2,2012,7,2,8,1,1,1,I-64,,10,37.82708333,-79.79713611,0,12,9,0,5,1,0,1,2,1,10,10,0,0000000,2,9,2,17,4,10,0,0,0,1,1
51,510066,1,1,0,0,0,4,4,165,0,10,2,2012,6,11,45,0,4,4,CR-602,,71,38.46973611,-78.63116944,0,32,0,0,1,1,0,4,1,1,0,1,0,0000000,11,46,11,57,12,50,0,0,0,1,0
51,510067,1,1,0,0,0,1,1,179,0,1,2,2012,4,19,39,1,2,2,US-17,,1884,38.40581389,-77.58291389,0,24,0,0,1,1,0,4,2,1,10,10,0,0000000,99,99,99,99,99,99,0,0,0,1,1
51,510068,1,1,0,1,1,1,1,87,0,16,2,2012,5,4,45,1,13,2,US-360,,1438,37.56523889,-77.404175,0,8,0,0,1,1,0,1,2,1,10,10,0,0000000,99,99,99,99,99,99,0,0,0,1,0
51,510069,1,1,0,0,0,1,1,19,0,8,2,2012,4,15,45,0,4,3,SR-24,,314,37.40478611,-79.55643056,0,38,0,0,1,1,0,4,1,1,10,10,0,0000000,99,99,99,99,99,99,0,0,0,1,1
51,510070,1,1,0,0,0,1,1,63,0,17,2,2012,6,17,0,0,4,4,CR-681,,63,36.91169167,-80.27936111,0,42,0,0,1,1,0,4,1,1,10,10,0,0000000,99,99,99,99,88,88,0,0,0,1,1
51,510071,1,1,0,0,0,3,3,47,0,17,2,2012,6,17,55,0,6,4,CR-629,,30,38.55117778,-78.06389722,0,42,0,0,1,1,0,4,2,1,10,10,0,0000000,17,58,18,14,18,47,0,0,0,1,1
51,510072,2,2,0,0,0,2,2,171,0,11,2,2012,7,14,50,1,1,1,I-81,,99998,38.97301111,-78.427625,0,12,6,0,1,1,0,1,1,1,10,10,0,0000000,14,49,14,57,15,36,0,0,0,1,0
51,510073,1,1,0,0,0,1,1,1,0,18,2,2012,7,14,20,0,4,3,SR-180,,92,37.61921944,-75.76258611,0,32,0,0,1,1,0,4,1,1,10,10,0,0000000,99,99,99,99,88,88,0,0,0,1,1
51,510074,2,2,0,0,0,6,6,107,0,18,2,2012,7,19,27,0,3,3,SR-9,,10,39.16219167,-77.64123056,0,11,0,0,1,1,0,1,2,1,10,10,0,0000000,99,99,99,99,99,99,14,0,0,1,0
51,510075,2,2,0,0,0,5,5,69,0,18,2,2012,7,11,10,1,11,1,I-81,,3177,39.12330278,-78.08123889,0,12,2,0,1,1,0,1,1,1,10,10,0,0000000,99,99,99,99,99,99,0,0,0,1,0
51,510076,1,1,0,0,0,1,1,15,0,15,2,2012,4,7,25,0,3,3,SR-42,,1966,38.200275,-79.219075,0,35,0,0,1,1,0,4,1,1,10,10,0,0000000,99,99,99,99,99,99,0,0,0,1,0
51,510077,1,1,0,0,0,1,1,710,1760,18,2,2012,7,23,32,1,11,1,I-64 EAST,,2803,36.8917,-76.23124722,0,52,0,0,1,1,0,4,3,1,10,10,0,0000000,99,99,99,99,88,88,0,0,0,1,1
51,510078,1,1,0,0,0,1,1,175,0,18,2,2012,7,3,20,0,6,4,CR-611,,65,36.72924722,-76.96715556,0,1,0,0,1,1,0,4,2,1,10,10,0,0000000,3,24,3,30,88,88,0,0,0,1,1
51,510079,1,1,0,0,0,1,1,143,0,19,2,2012,1,17,39,0,4,4,CR-640,,304,37.03030833,-79.24907222,0,35,0,0,1,1,0,4,2,4,0,4,0,0000000,99,99,99,99,88,88,0,0,0,1,0
51,510080,1,1,0,0,0,1,1,107,0,19,2,2012,1,20,32,0,14,2,US-15,,2147,39.08139167,-77.60339444,0,53,0,0,1,1,0,4,2,1,10,10,0,0000000,20,32,20,44,21,13,0,0,0,1,1
51,510081,2,2,0,0,0,4,4,3,0,19,2,2012,1,14,33,1,11,1,I-64 E,,1199,38.01085,-78.48276944,0,12,1,0,1,1,0,1,1,1,10,10,0,0000000,99,99,99,99,99,99,23,0,0,1,0
51,510082,1,1,0,0,0,1,1,173,0,18,2,2012,7,8,50,9,99,4,CR-645,,97,36.84173611,-81.59286389,0,18,0,0,1,1,0,4,1,1,10,10,0,0000000,9,0,9,18,88,88,0,0,0,1,0
51,510083,1,1,0,0,0,1,1,67,0,22,2,2012,4,19,15,0,3,3,SR-122,,147,37.12685,-79.70385556,0,35,0,0,1,1,0,4,2,2,0,2,0,0000000,99,99,19,20,88,88,0,0,0,1,0
51,510084,2,2,0,0,0,4,4,760,2060,22,2,2012,4,0,37,0,14,6,2ND STREET,E CANAL,43,37.54024444,-77.44422222,0,12,6,0,2,2,0,1,2,1,10,10,0,0000000,99,99,99,99,99,99,0,0,0,1,1
51,510085,1,1,0,1,1,1,1,143,0,24,2,2012,6,18,42,1,2,2,US-29,,324,36.91533333,-79.38605833,0,8,0,0,1,1,0,1,2,1,10,10,0,0000000,18,43,18,57,99,99,0,0,0,1,0
51,510086,1,1,0,0,0,1,1,177,0,23,2,2012,5,0,5,1,1,1,I-95,,1179,38.11448611,-77.51785,0,1,0,0,1,1,0,4,2,2,0,2,0,0000000,99,99,0,16,1,35,0,0,0,1,0
51,510087,1,1,0,0,0,1,1,800,2390,25,2,2012,7,19,48,0,16,6,LIITLE FORK RD,,266,36.56341667,-76.66042222,0,1,0,0,1,1,0,1,2,1,10,10,0,0000000,99,99,99,99,88,88,0,0,0,1,1
51,510088,2,2,0,0,0,2,2,590,720,23,2,2012,5,2,10,1,2,2,US-29,,77,36.58701667,-79.35810833,0,12,7,0,1,1,0,1,2,1,10,10,0,0000000,2,15,2,28,88,88,0,0,0,1,1
51,510089,2,1,1,1,1,1,1,9,0,27,2,2012,2,12,5,0,14,3,SR-130,,1018,37.54193333,-79.29183889,0,8,0,0,1,1,0,1,1,1,10,10,0,0000000,99,99,99,99,88,88,19,0,0,1,0
51,510090,1,1,0,0,0,2,2,135,0,22,2,2012,4,20,23,0,15,4,CR-723,,54,37.08920278,-78.19607222,0,1,0,0,1,1,0,4,2,1,10,10,0,0000000,20,23,20,34,99,99,0,0,0,2,0
51,510091,1,1,0,0,0,1,1,31,0,29,2,2012,4,19,54,0,6,4,CR-711,,449,37.18336389,-79.28758333,0,42,0,0,1,1,0,4,2,2,0,2,0,0000000,99,99,99,99,88,88,0,0,0,1,1
51,510092,1,1,0,0,0,1,1,95,0,25,2,2012,7,0,58,0,3,3,SR-30,,549,37.44448333,-76.83835278,0,42,0,0,1,1,0,4,2,1,10,10,0,0000000,0,59,1,10,3,5,0,0,0,1,0
51,510093,2,2,0,0,0,2,2,47,0,29,2,2012,4,15,25,0,3,3,SR- 229,,89,38.60111389,-77.95906389,0,12,2,0,1,1,0,1,1,1,10,10,0,0000000,15,29,15,36,99,99,0,0,0,1,0
51,510094,1,1,0,0,0,2,2,19,0,14,2,2012,3,20,37,9,9,4,CR-653,JORDANTOWN RD,332,37.2702,-79.79241389,0,19,0,0,2,3,0,5,2,1,10,10,0,0000000,99,99,20,53,99,99,0,0,0,2,1
51,510095,1,1,0,1,1,1,1,121,0,15,2,2012,4,17,40,0,14,2,US-460,,304,37.15065833,-80.41463333,0,8,0,0,1,1,0,1,1,1,10,10,0,0000000,17,40,17,44,18,1,0,0,0,1,0
51,510096,1,1,0,1,1,1,1,550,468,7,2,2012,3,3,49,1,13,2,US-17,,2320,36.77449722,-76.340825,0,8,0,0,1,1,0,1,2,1,10,10,0,0000000,99,99,99,99,88,88,0,0,0,1,0
51,510097,1,1,0,1,1,3,3,800,2390,26,2,2012,1,5,20,0,14,3,SR-13,,343,36.74132778,-76.54849167,0,34,0,0,1,1,0,4,3,1,10,10,0,0000000,99,99,99,99,99,99,0,0,0,1,1
51,510098,1,1,0,0,0,1,1,197,0,6,2,2012,2,13,36,0,15,6,EAST SPRING ST,,62,36.95096944,-81.0805,0,30,0,0,1,1,0,4,1,1,10,10,0,0000000,99,99,99,99,88,88,0,0,0,1,0
51,510099,1,1,0,0,0,3,3,3,0,2,3,2012,6,12,7,0,3,3,SR-231,,205,38.06839167,-78.30173056,0,1,0,0,1,1,0,2,1,1,10,10,0,0000000,99,99,99,99,99,99,0,0,0,1,0
51,510100,1,1,0,0,0,1,1,35,0,5,3,2012,2,16,0,0,4,3,SR-100,,72,36.78858056,-80.71516389,0,16,0,0,1,1,0,1,1,1,10,10,0,0000000,99,99,99,99,88,88,0,0,0,1,0
51,510101,1,1,0,1,1,1,1,87,0,4,3,2012,1,5,5,1,11,1,I-64 WEST,,1934,37.54898889,-77.39785556,0,8,0,0,1,1,0,1,2,1,10,10,0,0000000,99,99,99,99,88,88,0,0,0,1,0
51,510102,2,2,0,0,0,2,2,69,0,6,3,2012,3,3,50,1,1,1,I-81 NORTH,,3217,39.25229722,-78.10393889,0,12,2,0,1,1,0,1,2,1,10,10,0,0000000,3,52,4,6,99,99,0,0,0,1,1
51,510103,2,2,0,0,0,2,2,161,0,7,3,2012,4,11,11,1,1,1,I-81,,1358,37.28044722,-80.131925,0,12,1,1,18,1,0,1,1,1,10,10,0,0000000,11,11,11,18,88,88,0,0,0,1,0
51,510104,1,1,0,1,1,1,1,177,0,7,3,2012,4,16,51,0,16,4,CR-1344,HARRIS MILL CT,17,38.27748056,-77.49680833,0,53,0,0,3,3,0,4,1,1,10,10,0,0000000,16,49,16,58,88,88,0,0,0,1,0
51,510105,1,1,0,0,0,1,1,143,0,8,3,2012,5,18,15,9,99,4,CR-665,,37,37.06847778,-79.35985,0,42,0,0,1,1,0,4,1,1,10,10,0,0000000,99,99,99,99,88,88,0,0,0,1,1
51,510106,1,1,0,0,0,1,1,7,0,8,3,2012,5,20,50,0,15,2,US-360,,15,37.20628056,-78.00668611,0,42,0,0,1,1,0,4,2,1,10,10,0,0000000,20,50,21,5,88,88,0,0,0,1,1
51,510107,1,1,0,1,1,1,1,680,1490,7,3,2012,4,2,20,9,99,6,12TH ST,,73,37.41015,-79.14380278,0,9,0,0,1,1,0,1,2,1,10,10,0,0000000,99,99,99,99,88,88,0,0,0,1,0
51,510108,2,2,0,0,0,2,2,73,0,10,3,2012,7,19,27,1,2,2,US-17,RT-628,7728,37.35940833,-76.52407778,0,12,6,0,2,3,0,1,2,1,10,10,0,0000000,19,27,19,36,99,99,0,0,0,1,0
51,510109,1,1,0,0,0,1,1,53,0,10,3,2012,7,10,56,1,2,2,US-460,,29284,37.14609167,-77.80203611,0,32,0,0,1,1,0,4,1,1,10,10,0,0000000,99,99,11,17,88,88,0,0,0,1,0
51,510110,1,1,0,0,0,1,1,9,0,11,3,2012,1,1,20,1,13,2,US-29,,1516,37.5255,-79.11136944,0,1,0,0,1,1,0,4,2,1,10,10,0,0000000,99,99,99,99,88,88,0,0,0,1,1
51,510111,1,1,0,0,0,1,1,61,0,11,3,2012,1,16,34,0,5,4,CR-628,,1092,38.82053611,-77.73383611,0,42,0,0,1,1,0,4,1,1,10,10,0,0000000,16,36,16,48,88,88,0,0,0,1,0
51,510112,1,1,0,0,0,1,1,710,1760,12,3,2012,2,5,18,0,13,2,US-166,,5018,36.87405833,-76.201,0,33,0,0,1,1,0,4,4,1,10,10,0,0000000,99,99,99,99,88,88,0,0,0,1,0
51,510113,1,1,0,0,0,1,1,31,0,15,3,2012,5,6,34,0,4,3,SR-24,,464,37.24703056,-79.19989722,0,42,0,0,1,1,0,4,2,1,10,10,0,0000000,6,35,6,44,88,88,0,0,0,1,0
51,510114,2,2,0,0,0,2,2,83,0,18,3,2012,1,1,17,0,6,4,CR-761,,15,36.92175278,-79.01021111,0,38,0,0,1,1,0,4,2,1,10,10,0,0000000,99,99,99,99,99,99,20,0,0,1,1
51,510115,1,1,0,0,0,1,1,19,0,17,3,2012,7,21,37,0,6,4,CR-828,,2,37.52617222,-79.41100833,0,42,0,0,1,1,0,4,2,1,10,10,0,0000000,99,99,99,99,88,88,0,0,0,1,0
51,510116,1,1,0,0,0,1,1,85,0,5,3,2012,2,16,34,0,14,2,US-1,,11065,37.78799722,-77.46615556,0,42,0,0,1,1,0,4,1,1,10,10,0,0000000,99,99,16,39,88,88,0,0,0,1,1
51,510117,1,1,0,1,1,1,1,177,0,8,3,2012,5,20,23,0,15,2,US-1,,13480,38.13175278,-77.52155278,0,8,0,0,1,1,0,1,2,1,10,10,0,0000000,99,99,20,32,20,52,0,0,0,1,0
51,510118,2,2,0,0,0,3,3,59,0,29,1,2012,1,13,14,0,14,4,CR-8113,KINGSTOWNE VILLAGE,91,38.76838611,-77.14138611,0,12,6,0,2,2,0,1,1,1,10,10,0,0000000,13,15,13,16,99,99,0,0,0,1,0
51,510119,1,1,0,0,0,1,1,141,0,16,3,2012,6,13,0,0,6,4,CR-645,,94,36.57336111,-80.40098333,0,38,0,0,1,1,0,4,1,1,10,10,0,0000000,13,3,13,13,88,88,0,0,0,1,0
51,510120,1,1,0,0,0,3,3,139,0,17,3,2012,7,1,30,0,14,2,US-340,,511,38.469375,-78.61355,0,42,0,0,1,1,0,4,2,1,10,10,0,0000000,2,2,2,14,2,56,0,0,0,2,0
51,510121,3,3,0,0,0,3,3,161,0,18,3,2012,1,17,50,0,15,3,SR-311,,34,37.33366111,-80.04498333,0,12,2,0,1,1,0,1,1,1,10,10,0,0000000,17,51,17,57,99,99,0,0,0,1,0
51,510122,1,1,0,0,0,1,1,59,0,20,3,2012,3,12,56,1,13,4,CR- 7100,,165,38.90980556,-77.40413056,0,43,0,0,1,1,0,4,1,1,10,10,0,0000000,99,99,99,99,99,99,0,0,0,1,0
51,510123,1,1,0,0,0,1,1,143,0,20,3,2012,3,14,33,0,4,4,CR-750,,175,36.84479722,-79.52719722,0,34,0,0,1,1,0,4,1,1,10,10,0,0000000,99,99,99,99,88,88,0,0,0,1,0
51,510124,1,1,0,1,1,1,1,153,0,10,3,2012,7,18,50,1,13,3,SR-28,,2603,38.77945556,-77.45089167,0,8,0,0,1,1,0,1,3,1,10,10,0,0000000,18,50,18,54,19,25,0,0,0,1,0
51,510125,1,1,0,0,0,1,1,167,0,21,3,2012,4,21,25,9,99,2,US-58,,682,36.83023611,-82.20923889,0,35,0,0,1,1,0,4,1,1,10,10,0,0000000,22,46,23,0,23,35,0,0,0,1,0
51,510126,1,1,0,0,0,1,1,17,0,23,3,2012,6,14,3,0,3,2,US-220,,1581,38.15539722,-79.736525,0,42,0,0,1,1,0,4,1,1,10,10,0,0000000,99,99,99,99,88,88,0,0,0,1,0
51,510127,1,1,0,0,0,1,1,119,0,22,3,2012,5,20,40,0,3,3,SR-33,,573,37.60656389,-76.54128056,0,32,0,0,1,1,0,4,2,1,10,10,0,0000000,20,40,20,47,21,15,0,0,0,1,0
51,510128,1,1,0,0,0,1,1,117,0,24,3,2012,7,19,50,0,6,4,CR-751,,6,36.58807222,-78.13852222,0,42,0,0,1,1,0,4,2,1,10,10,0,0000000,19,57,20,19,88,88,0,0,0,1,1
51,510129,2,2,0,0,0,3,3,147,0,24,3,2012,7,9,15,0,15,4,CR-665,,110,37.13829444,-78.27660833,0,12,6,0,8,1,0,1,1,2,0,2,0,0000000,9,19,9,30,10,58,0,0,0,1,0
51,510130,3,3,0,0,0,4,4,1,0,25,3,2012,1,1,25,1,13,2,US-13,,1152,37.66746111,-75.730525,0,12,1,0,1,1,0,1,2,1,10,10,0,0000000,99,99,99,99,99,99,0,0,0,1,0
51,510131,1,1,0,0,0,2,2,690,1570,24,3,2012,7,23,8,0,13,2,US-57,,60,36.69256944,-79.84406111,0,33,0,0,1,1,0,4,3,1,10,10,0,0000000,99,99,99,99,99,99,0,0,0,1,1
51,510132,2,2,0,0,0,2,2,3,0,27,3,2012,3,13,0,1,13,2,US-29,BOULDERS RD,1473,38.159,-78.41760833,0,12,6,0,2,2,0,1,1,1,10,10,0,0000000,13,0,13,5,88,88,0,0,0,1,0
51,510133,1,1,0,0,0,1,1,185,0,29,3,2012,5,12,50,1,13,2,US-460,,386,37.11216944,-81.86994444,0,24,0,0,1,1,0,3,1,1,10,10,0,0000000,99,99,16,54,88,88,0,0,0,1,0
51,510134,1,1,0,0,0,1,1,165,0,25,3,2012,1,0,2,1,2,4,CR-721,,64,38.52372222,-78.81567778,0,42,0,0,1,1,0,4,2,2,0,2,0,0000000,0,2,0,20,1,4,5,0,0,1,1
51,510135,1,1,0,0,0,1,1,36,0,31,3,2012,7,2,0,0,14,3,SR-5,,274,37.34011667,-77.07932778,0,1,0,0,1,1,0,1,2,1,10,10,0,0000000,2,3,2,21,88,88,20,0,0,1,0