STATE,ST_CASE,VE_TOTAL,VE_FORMS,PVH_INVL,PEDS,PERNOTMVIT,PERMVIT,PERSONS,COUNTY,CITY,DAY,MONTH,YEAR,DAY_WEEK,HOUR,MINUTE,NHS,ROAD_FNC,ROUTE,TWAY_ID,TWAY_ID2,MILEPT,LATITUDE,LONGITUD,SP_JUR,HARM_EV,MAN_COLL,RELJCT1,RELJCT2,TYP_INT,WRK_ZONE,REL_ROAD,LGT_COND,WEATHER1,WEATHER2,WEATHER,SCH_BUS,RAIL,NOT_HOUR,NOT_MIN,ARR_HOUR,ARR_MIN,HOSP_HR,HOSP_MN,CF1,CF2,CF3,FATALS,DRUNK_DR
51,510136,1,1,0,0,0,3,3,111,0,30,3,2012,6,16,25,0,15,4,CR-652,,72,37.02673889,-78.1538,0,42,0,0,1,1,0,4,1,1,10,10,0,0000000,16,31,16,47,99,99,0,0,0,1,0
51,510137,1,1,0,0,0,3,3,59,0,31,3,2012,7,5,28,1,11,1,I-66,,496,38.81473611,-77.47872222,0,25,0,0,1,1,0,3,3,1,10,10,0,0000000,99,99,99,99,99,99,0,0,0,1,0
51,510138,1,1,0,0,0,1,1,165,0,31,3,2012,7,17,40,0,14,2,US-340,,373,38.31457778,-78.72728056,0,35,0,0,1,1,0,4,1,1,10,10,0,0000000,17,41,17,49,18,21,1,0,0,1,0
51,510139,2,2,0,0,0,4,4,61,0,31,3,2012,7,15,47,0,15,3,SR-55,,376,38.907225,-78.03151944,0,12,1,0,1,1,0,1,1,1,10,10,0,0000000,15,48,16,1,88,88,0,0,0,1,0
51,510140,2,2,0,0,0,2,2,59,0,31,3,2012,7,19,59,9,16,4,CR-842,,3,38.797775,-77.13048611,0,12,6,0,8,1,0,1,2,1,10,10,0,0000000,99,99,20,4,20,28,0,0,0,1,0
51,510141,5,5,0,0,0,6,6,145,0,26,3,2012,2,5,10,0,14,2,US-60,,1576,37.56574167,-77.99255833,0,12,2,0,1,1,0,1,2,1,10,10,0,0000000,99,99,99,99,99,99,0,0,0,3,0
51,510142,1,1,0,0,0,1,1,191,0,18,3,2012,1,17,55,0,15,2,US-11,,256,36.75929167,-81.81890556,0,53,0,0,1,1,0,4,1,1,10,10,0,0000000,99,99,99,99,99,99,0,0,0,1,0
51,510143,1,1,0,0,0,1,1,19,0,20,3,2012,3,20,50,1,2,2,US-460,,1909,37.30211111,-79.38258889,0,32,0,0,1,1,0,3,2,1,10,10,0,0000000,99,99,99,99,88,88,0,0,0,1,1
51,510144,1,1,0,0,0,2,2,171,0,9,3,2012,6,12,35,1,1,1,I-81,,27826,38.80796667,-78.60081389,0,24,0,0,1,1,0,3,1,1,10,10,0,0000000,12,38,12,47,13,29,0,0,0,1,0
51,510145,2,2,0,0,0,2,2,31,0,1,4,2012,1,14,20,0,2,4,CR-761,,58,37.13851389,-79.09041389,0,12,2,0,1,1,0,1,1,1,10,10,0,0000000,99,99,99,99,88,88,0,0,0,1,0
51,510146,2,2,0,0,0,3,3,125,0,2,4,2012,2,15,40,1,2,2,US-29,SR-56,1056,37.71113889,-78.92808056,0,12,6,0,2,3,0,1,1,1,10,10,0,0000000,99,99,99,99,99,99,0,0,0,1,0
51,510147,1,1,0,0,0,1,1,27,0,2,4,2012,2,20,20,9,99,4,CR-83,,99999,37.32340833,-81.90754722,0,24,0,0,1,1,0,4,5,1,10,10,0,0000000,20,44,20,58,88,88,0,0,0,1,0
51,510148,2,2,0,0,0,2,2,33,0,2,4,2012,2,17,37,0,2,4,CR-603,GATEWOOD RD,781,38.04875556,-77.56366944,0,12,6,0,2,3,0,1,1,1,10,10,0,0000000,99,99,99,99,88,88,0,0,0,1,0
51,510149,1,1,0,0,0,1,1,155,0,4,4,2012,4,15,37,1,2,1,I-81,,9949,37.08636111,-80.64505,0,35,0,0,1,1,0,3,1,3,0,3,0,0000000,99,99,99,99,88,88,0,0,0,1,0
51,510150,1,1,0,0,0,1,1,87,0,7,4,2012,7,7,22,0,2,4,CR-6,,99999,37.47242222,-77.33974722,0,53,0,0,1,1,0,4,2,1,10,10,0,0000000,99,99,99,99,88,88,0,0,0,1,1
51,510151,2,2,0,0,0,4,4,11,0,7,4,2012,7,15,27,0,2,3,SR-24,RICHMOND HWY,7086,37.3697,-78.82631389,0,12,6,0,5,1,0,1,1,1,10,10,0,0000000,15,24,15,34,16,21,0,0,0,1,0
51,510152,1,1,0,1,1,1,1,820,2610,7,4,2012,7,20,27,0,13,2,US-340,GRANDVIEW DR,1174,38.05773889,-78.94878889,0,8,0,1,2,2,0,1,5,1,10,10,0,0000000,20,27,20,33,88,88,0,0,0,1,0
51,510153,1,1,0,0,0,1,1,41,0,8,4,2012,1,7,30,1,1,3,SR-288,,670,37.23736667,-77.31304167,0,42,0,0,1,1,0,3,4,1,10,10,0,0000000,99,99,99,99,88,88,0,0,0,1,0
51,510154,1,1,0,0,0,1,1,167,0,8,4,2012,1,8,30,1,2,4,CR-640,,422,36.88916111,-82.25949167,0,35,0,0,1,1,0,5,1,1,10,10,0,0000000,8,40,9,1,88,88,0,0,0,1,0
51,510155,1,1,0,0,0,1,1,650,1180,9,4,2012,2,10,30,1,2,6,LASALLE AVE,,496,37.04436389,-76.36371944,0,59,0,1,18,1,0,4,1,1,10,10,0,0000000,99,99,10,40,88,88,0,0,0,1,0
51,510156,2,2,0,0,0,2,2,35,0,9,4,2012,2,16,10,0,2,3,SR-94,,1417,36.77780556,-80.98845556,0,12,6,0,4,1,0,1,1,1,10,10,0,0000000,16,10,16,16,16,58,0,0,0,1,0
51,510157,2,2,0,0,0,3,3,173,0,10,4,2012,3,12,21,0,2,3,SR-107,,538,36.85356944,-81.72968889,0,12,6,0,8,1,0,1,1,1,10,10,0,0000000,15,6,15,19,16,11,0,0,0,1,0
51,510158,1,1,0,0,0,1,1,143,0,9,4,2012,2,18,5,0,2,4,CR-851 EAST,,600,36.66350278,-79.56503333,0,59,0,0,1,1,0,4,1,1,10,10,0,0000000,18,8,18,20,88,88,0,0,0,1,1
51,510159,1,1,0,0,0,1,1,23,0,6,4,2012,6,10,55,1,2,4,CR-672,,20,37.42655833,-79.93141944,0,42,0,0,1,1,0,4,1,1,10,10,0,0000000,10,55,11,5,11,22,0,0,0,1,0
51,510160,1,1,0,0,0,1,1,67,0,12,4,2012,5,9,0,1,2,3,SR-40,,3513,37.01796944,-79.84791111,0,42,0,0,1,1,0,5,1,1,10,10,0,0000000,99,99,99,99,88,88,0,0,0,1,0
51,510161,2,2,0,0,0,2,2,153,0,14,4,2012,7,9,49,1,2,4,CR-0619,,2455,38.554325,-77.36143889,0,12,6,0,1,1,0,1,1,1,10,10,0,0000000,99,99,99,99,88,88,0,0,0,1,0
51,510162,2,2,0,0,0,2,2,107,0,14,4,2012,7,7,53,1,2,2,US-15,,21344,39.06539444,-77.61335,0,12,8,0,1,1,0,1,1,1,10,10,0,0000000,99,99,99,99,99,99,0,0,0,1,0
51,510163,4,4,0,0,0,4,4,710,1760,14,4,2012,7,18,40,1,13,3,SR-170,THOMPSON RD,245,36.91803889,-76.19638056,0,12,6,0,2,2,0,1,1,1,10,10,0,0000000,99,99,99,99,99,99,0,0,0,1,2
51,510164,1,1,0,0,0,1,1,89,0,15,4,2012,1,7,28,0,2,4,CR-687,,72,36.74222778,-80.07773889,0,32,0,0,1,1,0,4,4,1,10,10,0,0000000,7,29,7,41,88,88,0,0,0,1,0
51,510165,1,1,0,0,0,1,1,710,1760,15,4,2012,1,11,20,0,13,3,SR-13,I-64,1296,36.87613333,-76.19493056,0,33,0,0,3,1,0,3,1,1,10,10,0,0000000,99,99,99,99,99,99,0,0,0,1,0
51,510166,1,1,0,0,0,1,1,161,0,15,4,2012,1,16,48,1,2,2,US-221,,8605,37.18696111,-80.12208056,0,1,0,0,1,1,0,1,1,1,10,10,0,0000000,16,48,16,55,88,88,0,0,0,1,0
51,510167,2,2,0,0,0,3,3,153,0,15,4,2012,1,18,59,1,2,4,CR-619,,1582,38.61964167,-77.43622222,0,12,2,0,1,1,0,1,5,1,10,10,0,0000000,99,99,99,99,88,88,0,0,0,1,0
51,510168,2,2,0,0,0,2,2,161,0,15,4,2012,1,16,44,0,14,3,SR-24,STONEBRIDGE DR,524,37.28404444,-79.85445556,0,12,6,0,2,3,0,1,1,1,10,10,0,0000000,99,99,99,99,88,88,0,0,0,1,0
51,510169,3,2,1,0,0,2,2,83,0,3,4,2012,3,9,30,1,2,2,US-58,SR-658,3188,36.62313333,-79.03958889,0,12,6,0,2,2,0,1,1,1,10,10,0,0000000,9,33,9,37,10,25,0,0,0,1,0
51,510170,1,1,0,0,0,6,6,800,2390,17,4,2012,3,6,14,1,13,2,US-58,,46335,36.69479167,-76.71829444,0,32,0,0,1,1,0,3,4,1,10,10,0,0000000,6,14,6,40,7,26,0,0,0,1,0
51,510171,2,2,0,0,0,2,2,89,0,17,4,2012,3,8,28,9,2,3,SR-371,,40,36.73875833,-79.87528611,0,12,1,0,1,1,0,1,1,1,10,10,0,0000000,8,28,8,39,9,5,0,0,0,1,0
51,510172,1,1,0,1,1,1,1,161,0,18,4,2012,4,6,14,1,13,2,US-11 WILLIAMSON ROAD,GREENWAY DR,15728,37.34340278,-79.95581667,0,8,0,0,2,3,0,1,4,2,10,2,0,0000000,99,99,99,99,99,99,0,0,0,1,0
51,510173,2,2,0,0,0,2,2,177,0,18,4,2012,4,23,40,1,2,1,I-95 NORTH,,11189,38.17756389,-77.50191389,0,12,1,0,1,1,0,1,2,1,10,10,0,0000000,99,99,99,99,88,88,0,0,0,1,1
51,510174,1,1,0,0,0,1,1,41,0,19,4,2012,5,14,28,0,2,4,CR-746,,203,37.31144444,-77.37895,0,42,0,0,1,1,0,4,1,1,10,10,0,0000000,99,99,99,99,88,88,0,0,0,1,1
51,510175,2,2,0,0,0,2,2,710,1760,19,4,2012,5,18,40,1,11,1,I-64,,27977,36.89289444,-76.23251944,0,20,0,0,1,1,2,4,1,1,10,10,0,0000000,99,99,99,99,99,99,0,0,0,1,1
51,510176,2,2,0,0,0,3,3,680,1490,21,4,2012,7,2,13,1,13,2,US-460,MISTY MOUNTAIN RD,501,37.35994722,-79.21326667,0,12,6,0,2,3,0,1,3,1,10,10,0,0000000,2,14,2,23,99,99,0,0,0,2,2
51,510177,1,1,0,2,2,1,1,760,2060,21,4,2012,7,2,3,1,2,2,US-360,E CANAL ST,14056,37.53421111,-77.43253056,0,8,0,0,3,2,0,1,3,1,10,10,0,0000000,99,99,99,99,99,99,0,0,0,1,0
51,510178,1,1,0,0,0,1,1,47,0,23,4,2012,2,5,20,9,2,4,CR-633,,1162,38.32135,-78.0698,0,1,0,0,1,1,0,4,2,2,10,2,0,0000000,5,22,5,39,6,22,0,0,0,1,0
51,510179,2,2,0,0,0,3,3,159,0,10,4,2012,3,13,52,0,2,3,SR-3,OLDHAMS RD,8733,37.99720278,-76.72841944,0,12,2,0,2,3,0,1,1,1,10,10,0,0000000,99,99,14,3,99,99,0,0,0,1,0
51,510180,1,1,0,0,0,2,2,3,0,23,4,2012,2,14,33,0,2,3,SR-20,,3465,37.97646944,-78.51171667,0,42,0,0,1,1,0,4,1,2,10,2,0,0000000,99,99,14,42,15,14,0,0,0,1,0
51,510181,1,1,0,2,2,1,1,9,0,25,4,2012,4,13,40,1,2,2,US-29,,8050,37.43753611,-79.08211111,0,8,0,0,1,1,0,1,1,1,10,10,0,0000000,99,99,13,50,14,31,0,0,0,1,0
51,510183,1,1,0,0,0,4,4,187,0,26,4,2012,5,16,13,9,2,4,CR-638,,200,38.90236111,-78.035175,0,1,0,0,1,1,0,4,1,1,10,10,0,0000000,99,99,99,99,99,99,0,0,0,1,1
51,510184,1,1,0,0,0,1,1,155,0,27,4,2012,6,11,19,0,2,3,SR-100,,3387,37.16756389,-80.70253889,0,24,0,0,1,1,0,4,1,1,10,10,0,0000000,99,99,99,99,88,88,0,0,0,1,1
51,510185,1,1,0,0,0,2,2,650,1180,28,4,2012,7,1,30,0,15,6,OLD BUCKROE RD,LAWRENCE AVE,110,37.03566667,-76.308225,0,5,0,0,3,3,0,1,2,1,10,10,0,0000000,99,99,1,36,88,88,0,0,0,1,0
51,510186,1,1,0,0,0,1,1,143,0,27,4,2012,6,2,30,9,99,4,CR-988,,110,37.07856667,-79.33634167,0,42,0,0,1,1,0,4,2,1,10,10,0,0000000,99,99,6,21,88,88,0,0,0,1,1
51,510187,3,3,0,0,0,3,3,197,0,27,4,2012,6,18,16,1,2,1,I-81,,7765,36.93713333,-80.99390556,0,24,0,0,1,1,0,3,1,1,10,10,0,0000000,18,17,18,21,20,54,0,0,0,2,0
51,510188,1,1,0,0,0,2,2,800,2390,29,4,2012,1,2,11,9,16,6,6,,229,36.58385,-76.62550278,0,31,0,0,1,1,0,4,2,1,10,10,0,0000000,99,99,99,99,99,99,0,0,0,1,1
51,510189,2,2,0,0,0,5,5,47,0,30,4,2012,2,19,55,1,2,2,US- 29,REVA RD,17501,38.45728056,-78.11590556,0,12,6,0,3,3,0,1,1,1,10,10,0,0000000,19,55,20,3,99,99,0,0,0,2,0
51,510190,2,1,1,0,0,4,4,89,0,28,4,2012,7,12,15,0,3,3,SR-108,,47,36.74005278,-79.88337778,0,42,0,0,1,1,0,4,1,1,10,10,0,0000000,99,99,99,99,88,88,0,0,0,4,0
51,510191,1,1,0,1,1,1,1,550,468,30,4,2012,2,14,45,0,14,2,US-166,,39329,36.77830833,-76.28560278,0,9,0,0,5,1,0,1,1,1,10,10,0,0000000,14,51,14,56,15,12,0,0,0,1,0
51,510192,1,1,0,0,0,1,1,59,0,6,4,2012,6,10,48,1,11,1,I-395 NORTH,,126,38.798825,-77.16745278,0,26,0,0,1,1,4,3,1,1,10,10,0,0000000,11,25,11,49,12,20,0,0,0,1,1
51,510193,1,1,0,0,0,2,2,550,468,25,4,2012,4,14,19,0,15,6,INDIAN CREEK RD,,328,36.58715,-76.16228611,0,34,0,0,1,1,0,4,1,1,10,10,0,0000000,14,34,14,48,15,26,0,0,0,1,0
51,510194,1,1,0,1,1,1,1,53,0,29,4,2012,1,20,44,1,1,2,US-1,,6566,37.19254167,-77.47176667,0,8,0,0,1,1,0,1,1,1,10,10,0,0000000,99,99,99,99,88,88,0,0,0,1,0
51,510195,1,1,0,0,0,1,1,59,0,29,1,2012,1,16,11,1,13,2,US-29,,9,38.93816944,-77.13376389,1,33,0,0,1,1,0,4,1,1,10,10,0,0000000,99,99,99,99,88,88,0,0,0,1,0
51,510196,2,2,0,0,0,3,3,59,0,20,4,2012,6,6,30,0,99,9,WEST DULLES ACCESS ROAD,,0,38.93698056,-77.26741944,0,20,0,0,1,1,0,4,4,1,10,10,0,0000000,99,99,6,43,99,99,0,0,0,1,0
51,510197,2,2,0,0,0,4,4,31,0,1,5,2012,3,8,33,0,5,4,CR-646,RT-460,70,37.35654722,-79.00083056,0,35,0,0,2,4,0,3,1,1,10,10,0,0000000,99,99,99,99,99,99,0,0,0,1,0
51,510198,1,1,0,0,0,1,1,19,0,2,5,2012,4,13,16,1,2,2,US-460 EAST,,1710,37.22478056,-79.42103889,0,11,0,0,1,1,0,1,1,1,10,10,0,0000000,13,17,13,28,99,99,0,0,0,1,0
51,510199,1,1,0,1,1,1,1,31,0,3,5,2012,5,20,20,1,2,2,US-501,,4017,37.05166111,-78.94601111,0,8,0,0,1,1,0,1,2,1,10,10,0,0000000,99,99,99,99,99,99,0,0,0,1,0
51,510200,1,1,0,0,0,2,2,127,0,3,5,2012,5,17,50,1,2,1,I-64,,21516,37.51126111,-77.16598611,0,1,0,0,1,1,0,4,1,1,10,10,0,0000000,17,50,18,2,99,99,0,0,0,1,0
51,510201,2,2,0,0,0,5,5,680,1490,3,5,2012,5,12,15,9,13,4,CR-460,FLORIDA AVE,0,37.38031111,-79.13346111,0,12,6,0,2,2,0,1,1,1,10,10,0,0000000,99,99,99,99,99,99,0,0,0,1,0
51,510202,3,3,0,0,0,3,3,700,1720,2,5,2012,4,16,9,1,13,3,SR-,,164,37.08786389,-76.48313611,0,12,1,0,1,1,0,1,1,1,10,10,0,0000000,16,9,16,13,16,39,0,0,0,1,0
51,510203,2,2,0,1,1,3,3,153,0,3,5,2012,5,20,40,1,2,4,CR-784,,45,38.64160278,-77.33491944,0,8,0,0,1,1,0,1,2,1,10,10,0,0000000,99,99,99,99,99,99,0,0,0,1,0
51,510204,2,2,0,0,0,8,8,69,0,4,5,2012,6,22,28,1,13,2,US-11,WELLTOWN RD,3325,39.26366944,-78.13388333,0,12,6,0,2,3,0,1,2,1,10,10,0,0000000,22,29,22,37,23,6,20,0,0,2,1
51,510205,3,3,0,0,0,3,3,125,0,4,5,2012,6,13,18,1,2,2,US-29,RT-29 BUSINESS,1056,37.752875,-78.87623889,0,12,6,0,2,2,0,1,1,1,10,10,0,0000000,99,99,99,99,99,99,0,0,0,1,0
51,510206,1,1,0,0,0,1,1,199,0,5,5,2012,7,16,21,1,1,1,I-64,,2348,37.32708611,-76.70235833,0,42,0,0,1,1,0,4,1,2,0,2,0,0000000,99,99,99,99,88,88,0,0,0,1,0
51,510207,4,4,0,0,0,5,5,67,0,5,5,2012,7,20,52,1,2,2,US-220,,488,37.10367778,-79.94265556,0,12,2,0,1,1,0,1,2,1,10,10,0,0000000,99,99,21,9,22,25,0,0,0,3,1
51,510208,1,1,0,1,1,1,1,59,0,4,5,2012,6,11,10,0,15,4,CR-723,,6,38.76288056,-77.09509444,0,8,0,0,1,1,0,1,1,1,10,10,0,0000000,99,99,99,99,99,99,19,0,0,1,0
51,510209,1,1,0,1,1,1,1,670,1290,5,5,2012,7,21,53,0,14,3,SR-156,,168,37.28114167,-77.29582778,0,8,0,0,1,1,0,1,2,2,0,2,0,0000000,99,99,99,99,88,88,0,0,0,1,0
51,510210,3,3,0,0,0,4,4,197,0,7,5,2012,2,0,18,1,1,1,I-81,,736,36.94128333,-81.02150278,0,59,0,0,1,1,0,3,2,1,10,10,0,0000000,99,99,99,99,99,99,14,0,0,1,0
51,510211,2,2,0,0,0,3,3,179,0,7,5,2012,2,0,10,1,1,2,US-1,,1637,38.51797222,-77.36328889,0,12,2,0,1,1,0,1,2,1,10,10,0,0000000,99,99,99,99,99,99,0,0,0,1,0
51,510212,1,1,0,0,0,1,1,127,0,6,5,2012,1,0,37,1,2,1,I-64,,2058,37.51161111,-77.15313611,0,34,0,0,1,1,0,4,2,2,0,2,0,0000000,0,48,1,3,99,99,0,0,0,1,1
51,510213,2,2,0,0,0,3,3,153,0,6,5,2012,1,12,15,0,2,4,CR-619,1040 LIMESTONE DR,14,38.77896944,-77.60065,0,12,6,0,2,2,0,1,1,1,10,10,0,0000000,12,44,12,56,13,45,0,0,0,1,0
51,510214,2,2,0,0,0,2,2,171,0,8,5,2012,3,11,54,1,2,2,US-211,,33,38.643225,-78.62711667,0,12,2,0,1,1,0,1,1,2,10,2,0,0000000,11,54,12,3,12,54,0,0,0,1,0
51,510215,3,3,0,0,0,3,3,760,2060,7,5,2012,2,15,54,0,15,6,5400 WARWICK RD,DORSET RD,54,37.48136389,-77.47578611,0,12,6,0,2,2,0,1,1,1,10,10,0,0000000,99,99,99,99,99,99,0,0,0,1,0
51,510216,1,1,0,0,0,1,1,145,0,8,5,2012,3,20,30,0,2,4,CR-711,,112,37.57374444,-77.71855556,0,32,0,0,1,1,0,4,2,1,10,10,0,0000000,99,99,99,99,88,88,0,0,0,1,1
51,510217,2,2,0,0,0,2,2,117,0,8,5,2012,3,16,45,1,2,2,US-58,RT-884,3725,36.70307222,-78.1806,0,12,6,0,2,3,0,1,1,1,10,10,0,0000000,99,99,17,0,17,13,0,0,0,1,0
51,510218,1,1,0,0,0,1,1,810,2540,9,5,2012,4,2,5,9,16,6,MANGO DRIVE,ALCOTT RD,0,36.84480833,-76.09221111,0,30,0,0,3,3,0,4,2,1,10,10,0,0000000,99,99,99,99,88,88,0,0,0,1,1
51,510219,1,1,0,0,0,1,1,73,0,1,5,2012,3,0,59,1,2,4,CR-614,,96,37.36052222,-76.56359444,0,34,0,0,1,1,0,4,2,1,10,10,0,0000000,1,0,1,10,1,36,0,0,0,1,1
51,510220,2,2,0,0,0,2,2,3,0,10,5,2012,5,14,49,1,2,2,US-29 MONACAN TRAIL,,1209,37.88968056,-78.70583889,0,12,2,0,1,1,0,1,1,1,10,10,0,0000000,14,48,15,11,88,88,0,0,0,1,1
51,510221,3,3,0,0,0,6,6,3,0,10,5,2012,5,21,40,1,2,1,I-64,,1246,38.08466667,-78.22674722,0,12,1,1,18,1,0,1,2,1,10,10,0,0000000,21,40,21,55,99,99,0,0,0,1,1
51,510222,2,2,0,0,0,3,3,177,0,12,5,2012,7,22,20,0,2,4,CR-620,,115,38.26792778,-77.52410556,0,12,2,0,1,1,0,2,2,1,10,10,0,0000000,99,99,99,99,99,99,0,0,0,1,1
51,510223,1,1,0,0,0,1,1,7,0,15,5,2012,3,19,55,0,5,4,CR-615,,23,37.24753611,-77.95556944,0,35,0,0,1,1,0,4,5,1,10,10,0,0000000,20,5,20,26,88,88,0,0,0,1,1
51,510224,1,1,0,0,0,2,2,800,2390,15,5,2012,3,14,7,1,11,3,SR-664 RAMP,,3,36.88720556,-76.42682778,0,24,0,1,5,1,0,4,1,1,10,10,0,0000000,99,99,99,99,99,99,0,0,0,1,0
51,510225,3,3,0,0,0,7,7,41,0,16,5,2012,4,10,31,1,2,2,US-1,BENSLEY COMMONS BLVD,848,37.42453056,-77.43839444,0,12,6,0,2,2,0,1,1,1,10,10,0,0000000,10,31,10,37,11,1,0,0,0,1,0
51,510226,1,1,0,0,0,1,1,179,0,13,5,2012,1,8,49,0,5,4,CR-8900,,23,38.38198889,-77.47616389,0,24,0,0,1,1,0,4,2,1,10,10,0,0000000,99,99,99,99,88,88,0,0,0,1,1
51,510227,1,1,0,0,0,2,2,27,0,17,5,2012,5,15,15,1,2,2,US-460,,206,37.23608611,-82.05546111,0,1,0,0,1,1,0,1,1,1,10,10,0,0000000,15,28,15,46,16,34,0,0,0,1,0
51,510228,2,2,0,0,0,2,2,107,0,2,5,2012,4,13,4,1,1,2,US-15 BYPASS,,2170,39.10153889,-77.57143333,0,12,6,0,1,1,0,1,1,1,10,10,0,0000000,13,4,13,9,99,99,0,0,0,2,1
51,510229,1,1,0,0,0,1,1,103,0,13,5,2012,1,21,15,0,2,3,SR-201,,52,37.74912222,-76.54555556,0,59,0,0,1,1,0,4,2,1,10,10,0,0000000,99,99,21,30,88,88,0,0,0,1,1
51,510230,1,1,0,0,0,1,1,31,0,14,5,2012,2,4,20,0,2,4,CR-738,,34,37.30382222,-79.164025,0,1,0,0,1,1,0,4,2,2,0,2,0,0000000,99,99,99,99,88,88,0,0,0,1,1
51,510231,1,1,0,0,0,1,1,760,2060,9,5,2012,4,22,33,1,11,1,I-64 WEST,,1867,37.58893889,-77.47868056,0,52,0,0,1,1,0,4,2,2,0,2,0,0000000,99,99,99,99,99,99,0,0,0,1,0
51,510232,2,2,0,0,0,2,2,107,0,8,5,2012,3,13,8,0,5,4,CR-621,,105,39.01989722,-77.57603333,0,18,0,0,1,1,0,4,1,2,0,2,0,0000000,99,99,99,99,99,99,2,0,0,1,0
51,510233,2,2,0,0,0,2,2,1,0,12,5,2012,7,9,32,0,5,4,CR-175,,115,37.94258611,-75.53164722,0,12,2,0,1,1,0,1,1,1,10,10,0,0000000,99,99,9,43,99,99,0,0,0,1,0
51,510234,1,1,0,0,0,1,1,41,0,19,5,2012,7,1,50,0,3,4,CR-610,,12,37.33238889,-77.66126944,0,35,0,0,1,1,0,4,2,1,10,10,0,0000000,1,56,2,1,88,88,0,0,0,1,1
51,510235,2,2,0,0,0,2,2,660,1190,19,5,2012,7,14,40,1,11,1,I-81,,2467,38.42708889,-78.87704167,0,12,7,0,1,1,0,1,1,1,10,10,0,0000000,99,99,99,99,99,99,0,0,0,1,0
51,510236,2,2,0,0,0,3,3,141,0,26,4,2012,5,14,0,0,3,3,SR-8,,218,36.79747778,-80.29116389,0,12,6,0,4,1,0,1,1,2,0,2,0,0000000,99,99,14,9,99,99,0,0,0,1,1
51,510237,2,2,0,0,0,2,2,47,0,17,5,2012,5,17,17,1,2,4,CR-694,BURGANDINE AVE,2,38.48593056,-77.97459167,0,12,6,0,2,2,0,1,1,1,10,10,0,0000000,17,24,17,50,18,26,0,0,0,1,0
51,510238,1,1,0,0,0,1,1,143,0,20,5,2012,1,4,0,0,2,3,SR-40,,7221,36.93221944,-79.24762222,0,35,0,0,1,1,0,4,2,1,10,10,0,0000000,99,99,99,99,88,88,0,0,0,1,1
51,510239,2,2,0,0,0,4,4,19,0,16,5,2012,4,14,25,1,2,2,US-460,,1763,37.35111111,-79.62161111,0,34,0,0,1,1,0,4,1,1,10,10,0,0000000,14,39,14,56,15,28,0,0,0,2,0
51,510240,1,1,0,0,0,2,2,510,40,10,5,2012,5,14,50,0,13,3,SR-241,,1390,38.806275,-77.07371111,0,7,0,0,1,1,0,1,1,1,10,10,0,0000000,99,99,99,99,99,99,0,0,0,1,0
51,510241,2,2,0,0,0,2,2,73,0,16,5,2012,4,7,47,0,2,3,SR-198,,88,37.51399722,-76.49621389,0,12,2,0,1,1,0,1,1,1,10,10,0,0000000,99,99,99,99,99,99,0,0,0,1,0
51,510242,2,2,0,0,0,3,3,143,0,21,5,2012,2,11,5,1,2,2,US-29,,278,36.85742778,-79.39843611,0,12,6,0,7,1,0,1,1,1,10,10,0,0000000,99,99,99,99,99,99,0,0,0,1,0
51,510243,1,1,0,0,0,1,1,149,0,21,5,2012,2,0,45,0,2,3,SR-156,,0,37.19353333,-77.26288611,0,42,0,0,1,1,0,4,2,2,0,2,0,0000000,99,99,99,99,88,88,0,0,0,1,0
51,510244,2,2,0,0,0,4,4,179,0,21,5,2012,2,0,45,1,2,1,I-95,,1368,38.38799167,-77.44456667,0,12,6,0,1,1,0,1,2,2,0,2,0,0000000,99,99,99,99,99,99,0,0,0,1,0
51,510245,1,1,0,0,0,4,4,163,0,21,5,2012,2,13,45,9,2,4,CR-698,,0,37.70246389,-79.43540833,0,1,0,0,1,1,0,4,1,1,10,10,0,0000000,99,99,99,99,99,99,0,0,0,1,1
51,510246,1,1,0,0,0,12,12,153,0,22,5,2012,3,4,31,1,1,1,I-95,,1541,38.58550278,-77.32018333,0,24,0,1,18,1,0,3,3,2,0,2,0,0000000,99,99,99,99,99,99,0,0,0,1,0
51,510247,2,2,0,0,0,2,2,25,0,15,5,2012,3,4,56,1,1,1,I-85,,0,36.758575,-77.99609722,0,12,1,0,1,1,0,1,2,2,0,2,0,0000000,5,2,5,13,5,52,0,0,0,1,0
51,510248,3,3,0,0,0,4,4,153,0,22,5,2012,3,7,40,1,2,1,I-95,,1565,38.62348333,-77.29545278,0,12,1,0,1,1,0,1,1,1,10,10,0,0000000,99,99,99,99,88,88,0,0,0,1,0
51,510249,2,2,0,0,0,2,2,187,0,23,5,2012,4,21,0,0,3,2,US-522,,1144,38.90738056,-78.19814722,0,12,6,0,1,1,0,1,2,2,0,2,0,0000000,21,5,21,10,22,30,0,0,0,1,0
51,510250,1,1,0,0,0,2,2,730,1910,4,5,2012,6,5,41,0,15,6,JOHNSON RD,,14,37.19226944,-77.40108056,0,1,0,1,18,1,1,4,2,5,0,5,0,0000000,5,42,5,47,99,99,0,0,0,1,0