STATE,ST_CASE,VE_TOTAL,VE_FORMS,PVH_INVL,PEDS,PERNOTMVIT,PERMVIT,PERSONS,COUNTY,CITY,DAY,MONTH,YEAR,DAY_WEEK,HOUR,MINUTE,NHS,ROAD_FNC,ROUTE,TWAY_ID,TWAY_ID2,MILEPT,LATITUDE,LONGITUD,SP_JUR,HARM_EV,MAN_COLL,RELJCT1,RELJCT2,TYP_INT,WRK_ZONE,REL_ROAD,LGT_COND,WEATHER1,WEATHER2,WEATHER,SCH_BUS,RAIL,NOT_HOUR,NOT_MIN,ARR_HOUR,ARR_MIN,HOSP_HR,HOSP_MN,CF1,CF2,CF3,FATALS,DRUNK_DR
51,510251,1,1,0,1,1,1,1,177,0,24,5,2012,5,1,32,0,5,3,SR-208,,431,38.223325,-77.56656389,0,9,0,0,1,1,0,1,2,1,10,10,0,0000000,99,99,99,99,88,88,0,0,0,1,0
51,510252,2,2,0,0,0,3,3,1,0,24,5,2012,5,20,33,0,2,3,SR-180,,59,37.61985,-75.77490278,0,12,2,0,1,1,0,1,1,1,10,10,0,0000000,99,99,99,99,99,99,0,0,0,1,1
51,510253,2,2,0,0,0,2,2,163,0,7,4,2012,7,0,37,1,1,1,I-64 WEST,,531,37.86318889,-79.58818056,0,12,7,0,1,1,0,1,2,1,10,10,0,0000000,99,99,99,99,88,88,0,0,0,1,1
51,510254,1,1,0,0,0,3,3,75,0,25,5,2012,6,11,50,1,2,1,I-64,,1622,37.708825,-77.77382222,0,42,0,0,1,1,0,4,1,1,10,10,0,0000000,11,50,12,0,12,51,0,0,0,1,0
51,510255,2,2,0,0,0,2,2,23,0,24,5,2012,5,15,4,1,1,3,SR-220,,725,37.71399722,-79.80961667,0,12,1,0,1,1,0,1,1,1,10,10,0,0000000,15,4,15,5,15,40,0,0,0,1,0
51,510256,1,1,0,0,0,1,1,83,0,25,5,2012,6,17,0,0,2,4,CR-704,,57,36.65923333,-78.70427222,0,35,0,0,1,1,0,4,1,1,10,10,0,0000000,17,3,17,9,88,88,0,0,0,1,1
51,510257,1,1,0,0,0,2,2,83,0,26,5,2012,7,2,10,0,2,3,SR-96,,50,36.54538333,-78.82293056,0,53,0,0,1,1,0,4,2,1,10,10,0,0000000,99,99,99,99,99,99,0,0,0,1,1
51,510258,1,1,0,0,0,4,4,17,0,27,5,2012,1,12,57,0,2,4,CR-687,,519,38.00818889,-79.89511389,0,31,0,0,1,1,0,4,1,1,10,10,0,0000000,99,99,13,10,13,44,0,0,0,1,0
51,510259,1,1,0,0,0,1,1,19,0,28,5,2012,2,22,1,1,2,2,US-460,,17234,37.22130833,-79.41686667,0,35,0,0,1,1,0,3,1,1,10,10,0,0000000,99,99,99,99,88,88,0,0,0,1,0
51,510260,1,1,0,0,0,2,2,191,0,28,5,2012,2,22,17,1,2,2,US-11,,2242,36.74113056,-81.86656111,0,53,0,0,1,1,0,4,2,1,10,10,0,0000000,22,17,22,27,23,3,0,0,0,1,0
51,510261,1,1,0,0,0,1,1,15,0,25,5,2012,6,22,35,0,3,2,US-340,,291,38.24267778,-78.8282,0,32,0,0,1,1,0,4,2,1,10,10,0,0000000,99,99,99,99,88,88,0,0,0,1,1
51,510262,1,1,0,0,0,1,1,41,0,30,5,2012,4,18,55,1,1,4,CR-76 NORTH,,0,37.2766,-77.38166944,0,24,0,0,5,1,0,4,1,1,10,10,0,0000000,99,99,99,99,88,88,0,0,0,1,1
51,510263,1,1,0,1,1,1,1,87,0,29,5,2012,3,23,1,1,1,3,SR-6,,9399,37.59700556,-77.61146111,0,8,0,0,1,1,0,1,3,2,0,2,0,0000000,99,99,99,99,88,88,0,0,0,1,0
51,510264,1,1,0,0,0,2,2,5,0,26,5,2012,7,14,0,1,2,2,US-220,,1361,37.87513611,-79.94845278,0,42,0,0,1,1,0,4,1,1,10,10,0,0000000,99,99,99,99,99,99,0,0,0,1,0
51,510265,1,1,0,0,0,3,3,53,0,30,5,2012,4,21,10,1,2,4,CR-703,,47,37.06181667,-77.51721111,0,34,0,0,1,1,0,4,2,1,10,10,0,0000000,99,99,99,99,99,99,0,0,0,1,0
51,510266,2,2,0,0,0,2,2,31,0,22,5,2012,3,13,55,1,2,2,US-460,ENTERPRISE DE,29,37.34218333,-79.23596111,0,12,6,0,2,2,0,1,1,1,10,10,0,0000000,14,7,14,23,99,99,0,0,0,1,0
51,510267,1,1,0,0,0,1,1,75,0,28,5,2012,2,8,22,0,2,3,SR-6,,753,37.69223333,-77.88695278,0,59,0,0,1,1,0,4,1,1,10,10,0,0000000,99,99,99,99,88,88,0,0,0,1,0
51,510268,1,1,0,0,0,1,1,41,0,24,5,2012,5,9,47,1,2,4,CR-602,,11,37.31457222,-77.78373611,0,34,0,0,1,1,0,4,1,1,10,10,0,0000000,10,8,10,26,10,40,6,0,0,1,0
51,510269,2,2,0,0,0,3,3,59,0,27,5,2012,1,17,7,1,13,1,I-66-EB RAMP,RT-29 NB RAMP,308,38.83703611,-77.44603889,0,12,6,1,2,2,0,1,1,1,10,10,0,0000000,99,99,17,16,17,45,0,0,0,1,0
51,510270,2,2,0,0,0,2,2,3,0,28,5,2012,2,17,30,1,2,1,I-64 EAST,,0,38.04305278,-78.80896389,0,24,0,0,1,1,0,4,1,1,10,10,0,0000000,99,99,99,99,99,99,0,0,0,1,1
51,510271,4,4,0,0,0,4,4,59,0,10,5,2012,5,14,15,1,13,2,US-1,5550 CHERWEK DR,1795,38.70005278,-77.21139167,0,12,1,0,3,3,0,1,1,1,10,10,0,0000000,14,17,14,20,14,59,14,0,0,1,0
51,510272,2,2,0,0,0,7,7,760,2060,1,6,2012,6,10,33,0,15,6,CHEROKEE RD,OLD WESTHAM RD,429,37.540425,-77.52431667,0,12,6,0,2,2,0,1,1,1,10,10,0,0000000,99,99,99,99,99,99,0,0,0,1,0
51,510273,1,1,0,0,0,3,3,99,0,2,6,2012,7,10,26,0,2,3,SR-205,,358,38.26546944,-77.1025,0,53,0,0,1,1,0,4,1,1,10,10,0,0000000,10,26,10,28,99,99,0,0,0,1,0
51,510274,3,3,0,0,0,6,6,101,0,3,6,2012,1,15,59,0,4,3,SR-30,,2214,37.73524444,-77.11581111,0,12,1,0,1,1,0,1,1,1,10,10,0,0000000,99,99,99,99,99,99,0,0,0,1,0
51,510275,1,1,0,1,1,1,1,43,0,3,6,2012,1,2,30,1,2,2,US-50,,2560,39.08583056,-78.08914167,0,8,0,0,1,1,0,1,2,1,10,10,0,0000000,99,99,99,99,88,88,0,0,0,1,0
51,510276,1,1,0,0,0,1,1,93,0,3,6,2012,1,0,50,9,3,4,CR-707,,65,37.00095278,-76.55672778,0,42,0,0,1,1,0,4,2,1,10,10,0,0000000,99,99,99,99,88,88,20,0,0,1,1
51,510277,2,2,0,0,0,2,2,121,0,4,6,2012,2,8,14,1,2,1,I-81 NORTH,,13223,37.25263333,-80.18084444,0,54,11,0,1,1,0,1,1,1,10,10,0,0000000,99,99,99,99,88,88,14,0,0,1,0
51,510278,2,2,0,0,0,3,3,19,0,3,6,2012,1,20,5,0,2,4,CR-695,,5,37.39018611,-79.72456944,0,12,6,0,1,1,0,1,1,1,10,10,0,0000000,99,99,99,99,99,99,0,0,0,1,1
51,510279,1,1,0,1,1,1,1,73,0,7,6,2012,5,6,0,1,2,2,US-17,HICKORY FORK RD,764,37.34639444,-76.52395556,0,8,0,0,1,1,0,1,1,1,10,10,0,0000000,6,12,6,20,88,88,0,0,0,1,1
51,510280,1,1,0,0,0,1,1,770,2100,7,6,2012,5,0,34,0,15,6,COVE ROAD,,222,37.30653056,-79.98798333,0,30,0,0,1,1,0,4,3,1,10,10,0,0000000,0,36,0,43,88,88,0,0,0,1,1
51,510281,2,2,0,0,0,4,4,600,900,5,6,2012,3,22,51,1,13,2,US-29,,2339,38.85155,-77.33418611,0,12,6,0,4,1,0,1,3,1,10,10,0,0000000,99,99,99,99,99,99,0,0,0,3,0
51,510282,1,1,0,1,1,1,1,69,0,7,6,2012,5,21,1,0,14,3,SR-277,STICKLEY DR,40,39.08075833,-78.21227778,0,8,0,0,3,2,1,1,3,1,10,10,0,0000000,21,1,21,3,21,22,0,0,0,1,0
51,510283,1,1,0,0,0,1,1,155,0,4,6,2012,2,21,35,1,1,2,US-11,,10659,37.14609167,-80.60082778,0,30,0,0,1,1,0,3,5,2,0,2,0,0000000,99,99,99,99,99,99,0,0,0,1,1
51,510284,4,4,0,0,0,5,5,153,0,9,6,2012,7,22,27,0,14,4,CR-3000,DUMFRIES RD,0,38.715375,-77.464075,0,12,6,0,2,4,0,1,3,1,10,10,0,0000000,99,99,22,30,23,25,14,0,0,1,1
51,510285,1,1,0,0,0,3,3,67,0,4,6,2012,2,22,15,1,2,4,CR-705,TIMBER RIDGE RD,0,36.99014444,-79.76203889,0,30,0,0,2,3,0,5,2,2,0,2,0,0000000,99,99,22,45,23,22,0,0,0,1,0
51,510286,1,1,0,0,0,1,1,165,0,10,6,2012,1,11,56,0,2,4,CR-637,,256,38.41975833,-78.66056667,0,38,0,0,1,1,0,4,1,1,10,10,0,0000000,11,50,12,2,1,22,0,0,0,1,1
51,510287,1,1,0,0,0,1,1,77,0,11,6,2012,2,15,40,0,2,4,CR-613,,270,36.57328611,-80.91068889,0,38,0,0,1,1,0,4,1,1,10,10,0,0000000,15,50,15,57,88,88,0,0,0,1,0
51,510288,2,2,0,0,0,5,5,87,0,11,6,2012,2,17,30,1,13,4,CR-7555,KINGSRIDGE PARKWAY,693,37.55153333,-77.37128889,0,12,6,0,2,2,0,1,1,1,10,10,0,0000000,99,99,99,99,99,99,0,0,0,2,0
51,510289,2,2,0,0,0,2,2,683,1550,13,6,2012,4,7,27,0,14,6,GODWIN DR,UNIVERSITY DR,34,38.74882778,-77.51148611,0,12,6,0,2,2,0,1,1,1,10,10,0,0000000,99,99,99,99,99,99,0,0,0,1,0
51,510290,2,2,0,0,0,2,2,187,0,12,6,2012,3,18,27,1,2,1,I-66,,68,38.97195556,-78.20989167,0,12,1,0,1,1,0,1,1,1,10,10,0,0000000,99,99,99,99,99,99,0,0,0,1,0
51,510291,1,1,0,0,0,1,1,193,0,13,6,2012,4,15,55,9,99,3,SR-203,,622,38.02564167,-76.631975,0,34,0,0,1,1,0,4,1,1,10,10,0,0000000,99,99,99,99,88,88,0,0,0,1,1
51,510292,1,1,0,0,0,4,4,143,0,13,6,2012,4,8,0,0,2,4,CR-750,,2059,36.82942778,-79.53207778,0,32,0,0,1,1,0,4,1,1,10,10,0,0000000,99,99,99,99,99,99,0,0,0,1,0
51,510293,2,2,0,0,0,4,4,179,0,15,6,2012,6,15,10,0,16,4,CR-751,NORTHAMPTON BLVD,61,38.46334167,-77.43653889,0,12,2,0,2,2,0,1,1,1,10,10,0,0000000,99,99,99,99,99,99,0,0,0,1,0
51,510294,1,1,0,0,0,3,3,69,0,14,6,2012,5,10,32,9,6,4,CR-1012,,0,39.07597778,-78.21905833,0,35,0,0,1,1,0,4,1,1,10,10,0,0000000,99,99,99,99,99,99,0,0,0,1,0
51,510295,2,1,1,0,1,1,2,550,468,14,6,2012,5,9,0,1,11,1,I-664,,172,36.81740278,-76.431475,0,14,0,0,1,1,0,2,1,1,10,10,0,0000000,9,10,9,21,99,99,23,0,0,1,0
51,510296,1,1,0,0,0,1,1,93,0,15,6,2012,6,2,57,0,2,4,CR-665,,353,36.96266944,-76.54017778,0,34,0,0,1,1,0,4,2,1,10,10,0,0000000,3,0,3,11,88,88,0,0,0,1,1
51,510297,3,3,0,0,0,3,3,770,2100,14,6,2012,5,14,0,0,14,3,SR-115,,53,37.29096667,-79.92514444,0,12,6,0,8,1,0,1,1,1,10,10,0,0000000,14,0,14,6,14,23,3,0,0,1,0
51,510298,1,1,0,0,0,1,1,47,0,12,6,2012,3,11,51,0,3,2,US-15,,1518,38.37561389,-78.09643056,0,35,0,0,1,1,0,4,1,2,0,2,0,0000000,11,55,12,12,12,41,0,0,0,1,0
51,510299,1,1,0,3,3,2,2,147,0,16,6,2012,7,22,31,1,2,2,US-460,,193,37.26111111,-78.66758889,0,8,0,0,1,1,0,1,2,1,10,10,0,0000000,22,22,22,38,23,7,0,0,0,3,0
51,510300,2,2,0,1,1,2,2,41,0,16,6,2012,7,15,19,1,1,1,I-95,,632,37.37291111,-77.40493333,0,12,1,0,1,1,0,2,1,1,10,10,0,0000000,15,19,15,26,99,99,23,0,0,1,0
51,510301,1,1,0,0,0,1,1,167,0,18,6,2012,2,21,30,1,1,2,US-58,,638,36.85485,-82.26556111,0,1,0,0,1,1,0,3,2,1,10,10,0,0000000,99,99,99,99,88,88,0,0,0,1,0
51,510302,1,1,0,0,0,1,1,165,0,18,6,2012,2,8,4,1,2,1,I-81 NORTH,,23751,38.32613889,-78.93134722,0,35,0,0,1,1,0,3,1,1,10,10,0,0000000,9,20,9,20,10,40,0,0,0,1,0
51,510303,1,1,0,0,0,2,2,179,0,18,6,2012,2,22,0,1,1,2,US-1,,1578,38.43683333,-77.40336389,0,24,0,0,1,1,0,3,2,1,10,10,0,0000000,99,99,99,99,99,99,0,0,0,1,0
51,510304,1,1,0,0,0,1,1,121,0,20,6,2012,4,5,44,1,2,3,SR-8,,500,37.04552778,-80.43891389,0,35,0,0,1,1,0,4,4,5,0,5,0,0000000,5,45,5,49,88,88,0,0,0,1,0
51,510305,1,1,0,0,0,1,1,75,0,19,6,2012,3,19,2,1,2,2,US-250,,12600,37.75871667,-77.87176667,0,53,0,0,1,1,0,4,1,1,10,10,0,0000000,19,2,19,7,88,88,0,0,0,1,0
51,510306,1,1,0,0,0,1,1,89,0,17,6,2012,1,5,20,0,3,3,SR-57,,2155,36.72575278,-79.93742222,0,42,0,0,1,1,0,4,2,1,10,10,0,0000000,99,99,99,99,88,88,20,0,0,1,0
51,510307,2,2,0,0,0,3,3,31,0,20,6,2012,4,20,8,0,9,4,CR-43,SUNBURST RD,259,37.31087222,-79.23749444,0,12,6,0,2,2,0,1,5,1,10,10,0,0000000,99,99,99,99,99,99,0,0,0,2,0
51,510308,1,1,0,0,0,1,1,59,0,19,6,2012,3,23,49,0,15,4,CR-2459,HINTON ST,4,38.79912222,-77.19966667,0,34,0,0,3,3,0,4,3,1,10,10,0,0000000,99,99,99,99,88,88,0,0,0,1,1
51,510309,2,2,0,0,0,6,6,85,0,16,6,2012,7,20,54,1,1,4,CR-627,,410,37.63688611,-77.33818056,0,12,2,0,1,1,0,1,2,1,10,10,0,0000000,99,99,99,99,99,99,0,0,0,1,1
51,510310,1,1,0,0,0,1,1,15,0,21,6,2012,5,21,46,1,2,2,US-340,,1016,38.047025,-78.97781111,0,1,0,0,1,1,0,3,2,1,10,10,0,0000000,21,46,21,49,88,88,0,0,0,1,1
51,510311,2,2,0,0,0,2,2,93,0,22,6,2012,6,19,40,1,2,2,US-258,,2557,36.782375,-76.82026389,0,12,2,0,1,1,0,1,5,2,0,2,0,0000000,19,49,19,50,99,99,0,0,0,1,1
51,510312,2,2,0,0,0,2,2,800,2390,26,6,2012,3,22,2,1,2,2,US-17,I-664,341,36.86462778,-76.43731389,0,12,6,0,3,2,0,1,2,1,10,10,0,0000000,99,99,99,99,99,99,0,0,0,1,0
51,510313,1,1,0,0,0,1,1,109,0,28,6,2012,5,6,40,1,2,2,US-33,,9657,37.94048611,-77.87943056,0,42,0,0,1,1,0,4,4,1,10,10,0,0000000,6,40,6,45,7,44,0,0,0,1,0
51,510314,1,1,0,0,0,1,1,550,468,28,6,2012,5,15,45,1,11,1,I-64 WEST,,29260,36.760825,-76.27069167,0,24,0,0,1,1,0,4,1,1,10,10,0,0000000,99,99,99,99,99,99,0,0,0,1,0
51,510315,1,1,0,0,0,1,1,770,2100,22,6,2012,6,2,19,1,13,2,US-11,COMPTON AVE,1528,37.28505833,-79.93284167,0,30,0,0,2,3,0,4,3,1,10,10,0,0000000,2,19,2,23,88,88,0,0,0,1,1
51,510316,4,4,0,0,0,4,4,59,0,28,6,2012,5,18,0,0,14,4,CR-29,,103,38.83360556,-77.337725,0,12,2,0,1,1,0,1,1,1,10,10,0,0000000,18,1,18,18,18,51,14,0,0,2,1
51,510317,1,1,0,0,0,1,1,121,0,29,6,2012,6,12,43,1,2,1,I-81,,1061,37.05698889,-80.340475,0,35,0,0,1,1,0,4,1,1,10,10,0,0000000,99,99,13,3,99,99,0,0,0,1,0
51,510318,2,2,0,0,0,4,4,59,0,28,6,2012,5,12,49,1,13,3,SR-123,ZION DRIVE,126,38.81583889,-77.32135,0,12,6,0,2,3,0,1,1,1,10,10,0,0000000,99,99,99,99,99,99,0,0,0,1,0
51,510319,1,1,0,0,0,1,1,183,0,20,6,2012,4,13,6,0,2,3,SR-40,,2051,36.92299167,-77.24974722,0,42,0,0,1,1,0,4,1,1,10,10,0,0000000,99,99,99,99,99,99,0,0,0,1,0
51,510320,2,2,0,0,0,2,2,41,0,29,6,2012,6,12,23,1,1,3,SR-288 NORTH,,337,37.23518056,-77.28118889,0,12,2,0,1,1,0,1,1,1,10,10,0,0000000,99,99,99,99,99,99,0,0,0,1,0
51,510321,1,1,0,0,0,1,1,59,0,29,6,2012,6,22,55,0,14,4,CR-644,BAUER DRIVE,29,38.777975,-77.24151389,0,16,0,0,3,2,0,1,2,2,0,2,0,0000000,99,99,99,99,88,88,0,0,0,1,0
51,510322,2,2,0,0,0,2,2,65,0,30,6,2012,7,18,20,1,2,2,US-15,,11174,37.8528,-78.2711,0,5,0,0,1,1,0,1,1,1,10,10,0,0000000,99,99,99,99,88,88,14,0,0,1,0
51,510323,2,2,0,0,0,2,2,101,0,25,6,2012,2,15,43,0,4,3,SR-30,,1906,37.76485278,-77.15125278,0,12,2,0,1,1,0,1,1,2,0,2,0,0000000,99,99,99,99,99,99,0,0,0,1,0
51,510324,2,2,0,0,0,3,3,37,0,30,6,2012,7,15,15,1,2,2,US-360,,5649,36.898875,-78.54026667,0,1,0,0,1,1,0,3,1,1,10,10,0,0000000,15,15,15,31,16,16,0,0,0,1,0
51,510325,1,1,0,0,0,4,4,195,0,24,6,2012,1,13,10,1,2,2,US-23,,309,36.83883056,-82.765,0,1,0,0,1,1,0,3,1,1,10,10,0,0000000,99,99,99,99,99,99,0,0,0,1,0
51,510326,5,5,0,0,0,6,6,149,0,21,6,2012,5,11,51,1,2,2,US-460,,3280,37.14107778,-77.25268056,0,12,6,0,1,1,0,1,1,1,10,10,0,0000000,99,99,99,99,99,99,0,0,0,2,0
51,510327,2,2,0,0,0,2,2,121,0,29,6,2012,6,22,22,0,3,4,CR-610,FISHERSVIEW RD,10615,37.07392778,-80.29218611,0,12,7,0,1,1,0,1,2,1,10,10,0,0000000,99,99,99,99,88,88,0,0,0,1,0
51,510328,1,1,0,0,0,1,1,61,0,16,6,2012,7,16,58,1,2,2,US-211,,521,38.68735833,-77.89931667,0,35,0,0,1,1,0,4,1,1,10,10,0,0000000,16,58,17,8,99,99,0,0,0,1,0
51,510329,2,2,0,1,1,2,2,183,0,21,6,2012,5,1,40,1,2,2,US-460,,3411,37.01806111,-77.06579167,0,8,0,0,1,1,0,1,2,1,10,10,0,0000000,99,99,99,99,88,88,0,0,0,1,0
51,510330,1,1,0,0,0,7,7,25,0,1,7,2012,1,3,0,1,2,1,I-85,,2455,36.82276667,-77.95701667,0,1,0,0,1,1,0,1,2,1,10,10,0,0000000,3,4,3,20,3,46,0,0,0,3,0
51,510331,2,2,0,0,0,5,5,89,0,2,7,2012,2,9,31,1,2,2,US-58,RT-687,2590,36.62994444,-79.94685833,0,12,6,0,8,1,0,1,1,1,10,10,0,0000000,9,31,9,42,11,45,0,0,0,2,0
51,510332,1,1,0,0,0,1,1,113,0,3,7,2012,3,5,0,1,2,4,CR-620,,54,38.27285278,-78.18613611,0,42,0,0,1,1,0,4,2,1,10,10,0,0000000,99,99,99,99,88,88,0,0,0,1,1
51,510333,1,1,0,0,0,1,1,51,0,1,7,2012,1,18,30,0,6,4,CR-83,,0,37.138075,-82.52534444,0,35,0,0,1,1,0,4,1,1,10,10,0,0000000,99,99,99,99,88,88,0,0,0,1,1
51,510334,1,1,0,0,0,4,4,121,0,3,7,2012,3,13,18,1,2,1,I-81,,1212,37.15526389,-80.32462778,0,24,0,0,1,1,1,4,1,1,10,10,0,0000000,99,99,13,30,14,10,0,0,0,2,0
51,510335,3,3,0,0,0,3,3,191,0,3,7,2012,3,16,40,1,1,1,I-81,,0,36.73104444,-81.93700833,0,32,0,0,1,1,0,3,1,1,10,10,0,0000000,99,99,99,99,88,88,14,0,0,1,0
51,510336,1,1,0,1,1,1,1,820,2610,3,7,2012,3,21,7,0,15,6,LEW DEWITT BLVD,,73,38.07283056,-78.93520278,0,8,0,0,1,1,0,1,5,1,10,10,0,0000000,99,99,99,99,88,88,0,0,0,1,0
51,510337,3,3,0,0,0,5,5,107,0,3,7,2012,3,19,20,1,2,3,SR-7 HARRY FLOOD BYRD HWY,BLUE RIDGE MTN ROAD,0,39.115875,-77.84562778,0,12,6,0,2,2,0,1,1,1,10,10,0,0000000,99,99,99,99,99,99,0,0,0,1,0
51,510338,2,2,0,0,0,2,2,67,0,7,7,2012,7,9,10,1,2,4,CR-619,,80,36.93971389,-79.85208333,0,12,6,0,4,1,0,1,1,1,10,10,0,0000000,99,99,99,99,99,99,0,0,0,1,0
51,510339,1,1,0,1,1,1,1,710,1760,7,7,2012,7,8,6,0,15,6,CAPEVIEW AVE,,22,36.93400833,-76.22441111,0,8,0,0,1,1,0,1,1,1,10,10,0,0000000,99,99,99,99,99,99,0,0,0,1,0
51,510340,1,1,0,0,0,1,1,113,0,7,7,2012,7,17,58,1,2,2,US-29,,1603,38.32025556,-78.30904722,0,42,0,0,1,1,0,4,1,1,10,10,0,0000000,99,99,18,9,88,88,0,0,0,1,0
51,510341,2,1,1,0,0,1,1,25,0,8,7,2012,1,2,0,9,6,3,SR-617,,33,36.91701944,-77.99628056,0,43,0,0,1,1,0,4,2,1,10,10,0,0000000,99,99,99,99,88,88,0,0,0,1,1
51,510342,1,1,0,0,0,5,5,195,0,8,7,2012,1,3,40,0,3,2,US-23,RT-757,0,36.95985833,-82.60549722,0,33,0,0,3,2,0,4,2,1,10,10,0,0000000,3,49,3,53,5,35,0,0,0,2,0
51,510343,1,1,0,0,0,1,1,165,0,7,7,2012,7,5,30,9,2,4,CR-636,,56,38.43919722,-78.68533611,0,42,0,0,1,1,0,4,4,1,10,10,0,0000000,6,6,6,17,88,88,0,0,0,1,0
51,510344,1,1,0,0,0,1,1,87,0,8,7,2012,1,8,4,1,1,3,SR-6,,0,37.59744722,-77.60473889,0,43,0,0,1,1,0,4,1,1,10,10,0,0000000,8,4,8,9,88,88,0,0,0,1,0
51,510345,2,2,0,0,0,2,2,83,0,7,7,2012,7,0,55,0,2,4,CR-626,STONEY RIDGE RD,90,36.93501944,-78.89474722,0,12,1,0,2,3,0,1,2,1,10,10,0,0000000,99,99,1,3,2,51,0,0,0,1,1
51,510346,1,1,0,0,0,1,1,23,0,10,7,2012,3,7,59,1,13,2,US-220,,1031,37.51763333,-79.89145278,0,35,0,0,1,1,0,4,1,2,0,2,0,0000000,8,2,8,21,88,88,0,0,0,1,1
51,510347,2,2,0,0,0,4,4,840,2640,12,7,2012,5,10,27,0,14,6,JUBAL EARLY DR,,7,39.16893333,-78.17965556,0,33,0,0,1,1,0,1,1,1,10,10,0,0000000,99,99,99,99,99,99,0,0,0,1,0
51,510348,1,1,0,0,0,1,1,85,0,10,7,2012,3,3,50,1,1,1,I-295,,182,37.58713333,-77.33956944,0,59,0,0,1,1,0,4,2,2,0,2,0,0000000,99,99,4,8,5,6,0,0,0,1,0
51,510349,1,1,0,0,0,4,4,173,0,9,7,2012,2,3,0,9,2,4,CR-707,,15,36.80604167,-81.555425,0,42,0,0,1,1,0,4,2,1,10,10,0,0000000,5,15,5,30,99,99,0,0,0,3,1
51,510350,1,1,0,0,0,1,1,89,0,16,7,2012,2,1,30,0,2,4,CR-698,CRESTRIDGE RD,2,36.71573333,-80.04010278,0,1,0,0,2,3,0,4,2,1,10,10,0,0000000,99,99,13,15,88,88,0,0,0,1,1
51,510351,1,1,0,0,0,2,2,179,0,16,7,2012,2,11,46,9,99,4,CR-1005,,2,38.34261111,-77.45816944,0,35,0,0,1,1,0,4,1,1,10,10,0,0000000,99,99,99,99,99,99,0,0,0,1,0
51,510352,1,1,0,0,0,1,1,710,1760,6,5,2012,1,15,8,0,15,6,PHILPOTTS RD,,6,36.89843889,-76.24984444,0,33,0,0,1,1,0,4,1,1,10,10,0,0000000,99,99,99,99,88,88,0,0,0,1,1
51,510353,1,1,0,0,0,2,2,1,0,16,7,2012,2,11,30,1,2,3,SR-187,,31,37.82351389,-75.60215,0,30,0,0,1,1,0,4,1,1,10,10,0,0000000,99,99,11,34,99,99,0,0,0,1,0
51,510354,1,1,0,0,0,1,1,33,0,16,7,2012,2,3,40,0,4,4,CR-601,,101,37.99960278,-77.43648889,0,58,0,0,1,1,0,4,2,2,0,2,0,0000000,99,99,99,99,88,88,0,0,0,1,1
51,510355,1,1,0,0,0,1,1,85,0,16,7,2012,2,16,50,0,2,3,SR-54,,18,37.82348056,-77.63092778,0,38,0,0,1,1,0,4,1,1,10,10,0,0000000,99,99,17,1,88,88,0,0,0,1,0
51,510356,1,1,0,0,0,1,1,167,0,16,7,2012,2,13,10,1,2,2,US-19,,415,36.94485,-81.95918333,0,42,0,0,1,1,0,4,1,1,10,10,0,0000000,13,16,13,23,88,88,0,0,0,1,0
51,510357,1,1,0,0,0,1,1,185,0,15,7,2012,1,9,5,0,4,3,SR-16,,611,37.0822,-81.5332,0,35,0,0,1,1,0,4,1,1,10,10,0,0000000,9,22,9,50,10,32,0,0,0,1,0
51,510358,3,2,1,0,0,4,4,85,0,17,7,2012,3,11,54,9,2,4,CR-626,YOWELL RD,52,37.76007222,-77.49884722,0,12,6,0,2,2,0,1,1,1,10,10,0,0000000,99,99,11,58,99,99,0,0,0,2,0
51,510359,1,1,0,0,0,1,1,163,0,18,7,2012,4,7,27,0,6,4,CR-608,,245,37.82005278,-79.25386667,0,42,0,0,1,1,0,4,1,1,10,10,0,0000000,99,99,7,47,88,88,0,0,0,1,1
51,510360,4,4,0,0,0,4,4,59,0,17,7,2012,3,10,35,1,13,4,CR-642,I-95,20,38.70520556,-77.22368056,0,12,6,0,2,2,0,1,1,1,10,10,0,0000000,99,99,99,99,99,99,0,0,0,1,0
51,510361,2,2,0,0,0,2,2,111,0,18,7,2012,4,8,20,0,2,3,SR-138,RT-609,131,36.92365,-78.08910278,0,12,6,0,2,2,0,1,1,1,10,10,0,0000000,8,29,8,36,88,88,0,0,0,1,0
51,510362,1,1,0,0,0,2,2,630,1020,18,7,2012,4,23,0,1,11,1,I-95,,1314,38.30709167,-77.50229444,0,24,0,0,1,1,0,4,2,1,10,10,0,0000000,99,99,99,99,99,99,0,0,0,1,1
51,510363,1,1,0,1,1,1,1,13,0,18,7,2012,4,9,26,0,13,3,SR-120,N CARLIN SPRINGS RD,45,38.87817778,-77.11133889,0,8,0,0,2,2,0,1,1,1,10,10,0,0000000,9,26,9,29,9,53,0,0,0,1,0
51,510364,2,2,0,0,0,7,7,125,0,22,7,2012,1,15,48,0,3,3,SR-151,RT-840,318,37.99146944,-78.83706667,0,12,6,0,2,2,0,1,1,1,10,10,0,0000000,15,48,15,49,16,31,0,0,0,2,0
51,510365,3,3,0,0,0,3,3,137,0,19,7,2012,5,7,7,0,2,4,CR-612,,62,38.17901944,-78.03085556,0,12,8,0,1,1,0,1,1,1,10,10,0,0000000,99,99,99,99,99,99,0,0,0,2,0