STATE,ST_CASE,VE_TOTAL,VE_FORMS,PVH_INVL,PEDS,PERNOTMVIT,PERMVIT,PERSONS,COUNTY,CITY,DAY,MONTH,YEAR,DAY_WEEK,HOUR,MINUTE,NHS,ROAD_FNC,ROUTE,TWAY_ID,TWAY_ID2,MILEPT,LATITUDE,LONGITUD,SP_JUR,HARM_EV,MAN_COLL,RELJCT1,RELJCT2,TYP_INT,WRK_ZONE,REL_ROAD,LGT_COND,WEATHER1,WEATHER2,WEATHER,SCH_BUS,RAIL,NOT_HOUR,NOT_MIN,ARR_HOUR,ARR_MIN,HOSP_HR,HOSP_MN,CF1,CF2,CF3,FATALS,DRUNK_DR
51,510366,2,2,0,0,0,2,2,87,0,19,7,2012,5,10,15,1,2,1,I-64 EAST,,2033,37.51499722,-77.215375,0,7,0,1,18,1,0,1,1,1,10,10,0,0000000,10,16,10,26,10,52,14,0,0,1,0
51,510367,1,1,0,0,0,2,2,115,0,21,7,2012,7,16,52,1,2,3,SR-198,,189,37.47791667,-76.33286389,0,30,0,0,1,1,0,4,1,2,0,2,0,0000000,99,99,16,59,21,30,0,0,0,1,1
51,510368,2,2,0,0,0,2,2,141,0,23,7,2012,2,17,0,1,2,2,US-58,CENTRAL ACADEMY RD,2335,36.69671667,-80.29409167,0,12,6,0,2,2,0,1,1,1,10,10,0,0000000,99,99,99,99,88,88,0,0,0,1,0
51,510369,1,1,0,0,0,1,1,27,0,22,7,2012,1,18,35,0,6,9,BEAR CROSSING RD,,0,37.19083056,-82.07466111,0,42,0,0,1,1,0,4,1,1,10,10,0,0000000,99,99,99,99,88,88,0,0,0,1,1
51,510370,2,2,0,0,0,7,7,155,0,14,7,2012,7,16,25,0,4,3,SR-100,OLD BALTIMORE RD,170,36.97588056,-80.78945556,0,12,6,0,2,2,0,1,1,2,0,2,0,0000000,99,99,16,37,17,24,0,0,0,1,0
51,510371,1,1,0,1,1,1,1,13,0,10,7,2012,3,5,43,1,13,3,SR-110 JEFFERSON DAVIS HWY,,12,38.87696389,-77.05732222,0,8,0,1,5,1,0,4,9,1,10,10,0,0000000,5,46,5,53,88,88,0,0,0,1,0
51,510372,1,1,0,0,0,1,1,67,0,23,7,2012,2,7,19,0,2,3,SR-254,,69,37.06593611,-79.71362222,0,53,0,0,1,1,0,4,1,1,10,10,0,0000000,7,19,7,27,7,52,0,0,0,1,0
51,510373,1,1,0,0,0,1,1,15,0,24,7,2012,3,11,9,0,2,3,SR-254,,26,38.17903056,-79.19773333,0,35,0,0,1,1,0,4,1,1,10,10,0,0000000,10,59,11,7,88,88,0,0,0,1,0
51,510374,2,2,0,0,0,2,2,650,1180,25,7,2012,4,17,1,1,13,2,US-258,CHESTNUT AVE,604,37.02654167,-76.42982222,0,12,6,0,2,3,0,1,1,1,10,10,0,0000000,17,7,17,13,17,34,0,0,0,1,0
51,510375,1,1,0,0,0,1,1,169,0,26,7,2012,5,18,0,0,2,3,SR-65,,88,36.72098333,-82.64358333,0,35,0,0,1,1,0,4,1,1,10,10,0,0000000,17,56,18,17,88,88,0,0,0,1,1
51,510376,3,3,0,0,0,4,4,800,2390,25,7,2012,4,7,58,0,4,3,SR-32,,58,36.64141667,-76.63388611,0,12,7,0,8,1,0,1,1,1,10,10,0,0000000,8,0,8,20,10,10,0,0,0,1,0
51,510377,1,1,0,0,0,1,1,59,0,17,7,2012,3,18,40,0,14,3,SR-674,,29,38.99871667,-77.29019167,0,18,0,0,1,1,0,1,1,1,10,10,0,0000000,99,99,99,99,88,88,0,0,0,1,0
51,510378,1,1,0,0,0,1,1,199,0,26,7,2012,5,20,42,1,1,1,I-64 EAST,,2388,37.30949444,-76.68749444,0,42,0,0,1,1,0,3,2,1,10,10,0,0000000,20,37,20,44,88,88,0,0,0,1,1
51,510379,1,1,0,0,0,1,1,113,0,28,7,2012,7,2,40,0,3,3,SR-230,,161,38.31357222,-78.20804167,0,42,0,0,1,1,0,4,2,1,10,10,0,0000000,3,12,3,26,88,88,0,0,0,1,1
51,510380,1,1,0,0,0,1,1,153,0,29,7,2012,1,6,37,0,4,4,CR-619,,141,38.65996111,-77.46430833,0,42,0,0,1,1,0,4,2,1,10,10,0,0000000,99,99,99,99,88,88,2,0,0,1,1
51,510381,1,1,0,1,1,1,1,153,0,29,7,2012,1,5,49,0,99,2,US-29,OLD CAROLINA RD,2161,38.7864,-77.65034722,0,8,0,0,2,2,0,1,2,1,10,10,0,0000000,6,11,6,29,7,7,0,0,0,1,0
51,510382,1,1,0,0,0,1,1,710,1760,29,7,2012,1,16,40,1,11,1,I-64 WEST,,0,36.8812,-76.21159722,0,24,0,0,5,1,0,4,1,1,10,10,0,0000000,99,99,99,99,99,99,0,0,0,1,0
51,510383,1,1,0,1,1,1,1,760,2060,29,7,2012,1,22,24,0,14,3,SR-147,,73,37.56801944,-77.53210278,0,9,0,0,1,1,0,1,2,1,10,10,0,0000000,22,24,22,29,88,88,0,0,0,1,0
51,510384,1,1,0,0,0,1,1,23,0,30,7,2012,2,12,10,1,2,3,SR-F055,,41,37.60023056,-79.62155,0,35,0,0,1,1,0,4,1,1,10,10,0,0000000,12,9,12,18,88,88,0,0,0,1,0
51,510385,2,2,0,0,0,2,2,27,0,31,7,2012,3,14,25,1,2,2,US-460,,244,37.21661944,-82.00733611,0,12,1,0,1,1,0,1,1,1,10,10,0,0000000,14,29,14,35,15,14,0,0,0,1,0
51,510386,1,1,0,0,0,1,1,143,0,23,7,2012,2,19,54,0,4,4,CR-729,,17,36.62515833,-79.34091667,0,59,0,0,1,1,0,4,1,1,10,10,0,0000000,19,53,20,1,21,9,0,0,0,1,0
51,510387,2,2,0,0,0,2,2,710,1760,31,7,2012,3,8,5,0,14,3,SR-165,,341,36.89412778,-76.224,0,12,6,0,8,1,0,1,1,1,10,10,0,0000000,99,99,99,99,99,99,0,0,0,1,0
51,510388,2,2,0,0,0,2,2,87,0,29,7,2012,1,17,50,0,99,2,US-60,OAKLEYS LN,1964,37.51779722,-77.34281944,0,12,6,0,2,2,0,1,1,1,10,10,0,0000000,17,54,17,58,18,29,0,0,0,1,0
51,510389,1,1,0,1,1,1,1,13,0,1,7,2012,1,21,45,0,13,3,SR-244,FOUR MILE RUN DR,52,38.85660278,-77.10925833,0,8,0,0,3,2,0,1,3,1,10,10,0,0000000,99,99,99,99,99,99,0,0,0,1,0
51,510390,2,2,0,0,0,3,3,141,0,31,7,2012,3,21,45,1,2,2,US-58,,2400,36.64050278,-80.2429,0,5,0,0,1,1,0,1,2,1,10,10,0,0000000,99,99,99,99,99,99,14,0,0,1,0
51,510391,1,1,0,1,1,1,1,141,0,27,7,2012,6,12,38,0,2,4,CR-614,,47,36.65261944,-80.46800556,0,15,0,0,1,1,0,1,1,1,10,10,0,0000000,99,99,99,99,88,88,0,0,0,1,0
51,510392,1,1,0,0,0,2,2,700,1720,14,7,2012,7,2,15,0,16,6,JOLAMA DR,,0,37.12050833,-76.55635833,0,5,0,1,18,1,0,1,3,1,10,10,0,0000000,99,99,99,99,99,99,0,0,0,1,0
51,510393,1,1,0,0,0,1,1,53,0,23,7,2012,2,12,56,9,16,4,CR-627,,62,37.15515278,-77.62446389,0,24,0,0,1,1,0,4,1,1,10,10,0,0000000,99,99,99,99,88,88,0,0,0,1,0
51,510394,2,2,0,0,0,8,8,107,0,21,7,2012,7,20,49,0,2,4,CR-68,,62,39.05603056,-77.51869444,0,12,2,0,1,1,0,1,2,2,0,2,0,0000000,20,50,21,8,22,5,0,0,0,2,0
51,510395,1,1,0,0,0,1,1,175,0,4,7,2012,4,13,12,9,2,4,CR-650,,48,36.704675,-77.01126111,0,31,0,0,1,1,0,4,1,1,10,10,0,0000000,13,13,13,22,88,88,0,0,0,1,0
51,510396,1,1,0,1,1,1,1,650,1180,9,7,2012,2,5,40,0,14,3,SR-169,,11,37.03213333,-76.30657778,0,9,0,0,1,1,0,1,4,1,10,10,0,0000000,5,40,5,47,6,11,0,0,0,1,0
51,510397,1,1,0,1,1,1,1,169,2613,24,7,2012,3,16,50,0,99,4,CR-23,,2,36.62843889,-82.55348056,0,8,0,0,1,1,0,1,1,2,10,2,0,0000000,16,39,16,51,17,11,0,0,0,1,0
51,510398,2,2,0,0,0,2,2,113,0,23,7,2012,2,7,40,1,2,2,US-29,RRT-647,1694,38.25078333,-78.12116389,0,12,6,0,2,2,0,1,1,1,10,10,0,0000000,99,99,99,99,99,99,0,0,0,1,0
51,510399,1,1,0,0,0,2,2,700,1720,1,8,2012,4,8,0,1,11,1,I-64 EAST,,2511,37.17246667,-76.55060278,0,42,0,0,1,1,0,4,1,1,10,10,0,0000000,99,99,99,99,99,99,0,0,0,1,0
51,510400,1,1,0,0,0,1,1,77,0,3,8,2012,6,23,0,0,4,4,CR-658,,182,36.74235833,-81.21420556,0,42,0,0,1,1,0,4,2,2,0,2,0,0000000,99,99,99,99,88,88,0,0,0,1,1
51,510401,1,1,0,0,0,1,1,49,0,4,8,2012,7,0,40,0,4,3,SR-45,,284,37.62006111,-78.150575,0,32,0,0,1,1,0,4,2,1,10,10,0,0000000,0,46,1,1,88,88,0,0,0,1,1
51,510402,1,1,0,1,1,1,1,1,0,4,8,2012,7,19,53,0,6,4,CR-648,,26,37.69276111,-75.68255833,0,8,0,0,1,1,0,1,5,1,10,10,0,0000000,99,99,19,59,20,43,0,0,0,1,0
51,510403,1,1,0,0,0,1,1,67,0,5,8,2012,1,0,1,0,6,4,CR-679,,20,37.16498889,-79.8135,0,42,0,0,1,1,0,4,2,1,10,10,0,0000000,99,99,4,34,88,88,0,0,0,1,1
51,510404,2,2,0,0,0,2,2,89,0,4,8,2012,7,16,35,0,4,4,CR-44,,10,36.60246111,-79.800675,0,12,8,0,1,1,0,1,1,1,10,10,0,0000000,16,41,16,47,17,21,0,0,0,1,0
51,510405,1,1,0,1,1,1,1,680,1490,3,8,2012,6,14,2,1,13,2,US-460,,35,37.34914167,-79.23111944,0,8,0,0,1,1,0,1,1,1,10,10,0,0000000,99,99,99,99,99,99,0,0,0,1,0
51,510406,1,1,0,0,0,1,1,33,0,4,8,2012,7,21,34,0,4,4,CR-658,,13,37.99016389,-77.57429444,0,30,0,0,1,1,0,4,2,1,10,10,0,0000000,99,99,21,48,22,34,0,0,0,1,1
51,510407,1,1,0,0,0,1,1,69,0,7,8,2012,3,13,39,0,4,4,CR-657,,34,39.159275,-78.08830278,0,52,0,0,1,1,0,4,1,1,10,10,0,0000000,13,42,13,45,88,88,0,0,0,1,0
51,510408,1,1,0,0,0,1,1,550,468,4,8,2012,7,0,48,1,2,9,POCATY RD,,0,36.67624167,-76.10228611,0,42,0,0,1,1,0,4,3,1,10,10,0,0000000,99,99,99,99,88,88,0,0,0,1,1
51,510409,1,1,0,0,0,1,1,165,0,9,8,2012,5,5,25,0,6,4,CR-717,,17,38.44050833,-78.79973889,0,11,0,0,1,1,0,1,4,1,10,10,0,0000000,99,99,99,99,88,88,0,0,0,1,0
51,510410,3,3,0,0,0,3,3,165,0,7,8,2012,3,5,20,1,1,1,I-81,,2570,38.54157778,-78.76151944,0,1,0,0,1,1,0,4,3,1,10,10,0,0000000,5,10,5,24,88,88,0,0,0,1,0
51,510411,1,1,0,0,0,1,1,105,0,8,8,2012,4,15,20,0,4,4,CR-612,,208,36.70051944,-83.01544444,0,42,0,0,1,1,0,4,1,1,10,10,0,0000000,99,99,99,99,99,99,0,0,0,1,0
51,510412,2,1,1,1,2,1,2,59,0,7,8,2012,3,7,0,1,11,1,I-66,,0,38.84952778,-77.41524722,0,8,0,0,1,1,0,1,1,1,10,10,0,0000000,7,4,7,9,7,31,0,0,0,1,0
51,510413,1,1,0,0,0,4,4,67,0,10,8,2012,6,8,10,1,2,3,SR-220,,466,37.0828,-79.92513611,0,52,0,0,1,1,0,4,1,1,10,10,0,0000000,99,99,99,99,99,99,0,0,0,1,0
51,510414,1,1,0,0,0,3,3,27,0,10,8,2012,6,7,30,0,4,3,SR-635,,87,37.24385556,-81.86836389,0,42,0,0,1,1,0,4,1,1,10,10,0,0000000,99,99,9,33,10,54,0,0,0,1,0
51,510415,1,1,0,0,0,1,1,65,0,8,8,2012,4,2,14,0,4,4,CR-620,,57,37.85858889,-78.42154722,0,42,0,0,1,1,0,4,2,1,10,10,0,0000000,2,15,2,34,99,99,0,0,0,1,1
51,510416,1,1,0,0,0,2,2,117,0,10,8,2012,6,14,40,0,6,3,SR-612,,5,36.56255,-78.05366111,0,1,0,0,1,1,0,4,1,1,10,10,0,0000000,99,99,99,99,88,88,0,0,0,2,1
51,510417,1,1,0,0,0,1,1,143,0,10,8,2012,6,13,8,0,6,4,CR-614,,20,36.71096944,-79.65466944,0,34,0,0,1,1,0,4,1,1,10,10,0,0000000,99,99,99,99,99,99,0,0,0,1,0
51,510418,1,1,0,0,0,1,1,71,0,5,8,2012,1,20,30,0,3,3,SR-100,,387,37.21788889,-80.73889444,0,42,0,0,1,1,0,4,5,2,0,2,0,0000000,99,99,99,99,88,88,0,0,0,1,0
51,510419,1,1,0,0,0,2,2,710,1760,10,8,2012,6,20,57,0,13,2,US-58,GODFREY AVE,4936,36.85254167,-76.25029722,0,30,0,0,2,3,0,4,3,1,10,10,0,0000000,99,99,99,99,88,88,0,0,0,1,1
51,510420,2,2,0,0,0,5,5,620,1010,11,8,2012,7,20,4,0,15,6,ARMORY DRIVER,,0,36.66650556,-76.95725,0,12,2,0,1,1,0,1,2,2,0,2,0,0000000,99,99,99,99,99,99,0,0,0,1,1
51,510421,1,1,0,0,0,2,2,35,0,11,8,2012,7,21,10,0,4,4,CR-638,,124,36.74295556,-80.530325,0,42,0,0,1,1,0,4,2,1,10,10,0,0000000,99,99,21,29,99,99,0,0,0,1,1
51,510422,1,1,0,0,0,1,1,169,0,12,8,2012,1,21,55,1,2,2,US-23,,116,36.64148889,-82.70220556,0,35,0,0,1,1,0,4,2,1,10,10,0,0000000,99,99,99,99,88,88,0,0,0,1,0
51,510423,1,1,0,0,0,2,2,45,0,12,8,2012,1,23,45,0,4,3,SR-311,,290,37.52463056,-80.21324167,0,42,0,0,1,1,0,4,2,1,10,10,0,0000000,99,99,99,99,99,99,0,0,0,1,1
51,510424,1,1,0,0,0,1,1,75,0,7,8,2012,3,5,57,0,4,3,SR-6,,891,37.60117222,-77.69352778,0,42,0,0,1,1,0,4,2,1,10,10,0,0000000,99,99,99,99,88,88,0,0,0,1,0
51,510425,2,2,0,0,0,2,2,145,0,13,8,2012,2,10,53,0,2,3,SR-288,,241,37.55419444,-77.693475,0,12,2,0,1,1,0,1,1,1,10,10,0,0000000,99,99,99,99,99,99,0,0,0,1,0
51,510426,1,1,0,0,0,1,1,143,0,14,8,2012,3,17,8,1,2,2,US-29,,174,36.707,-79.4132,0,24,0,0,1,1,0,4,1,1,10,10,0,0000000,99,99,99,99,88,88,0,0,0,1,0
51,510427,1,1,0,0,0,1,1,19,0,17,8,2012,6,19,45,0,4,3,SR-634,,12,37.23061111,-79.80902222,0,32,0,0,1,1,0,4,1,1,10,10,0,0000000,19,43,19,50,88,88,0,0,0,1,1
51,510428,1,1,0,0,0,4,4,510,40,16,8,2012,5,2,35,1,11,1,I-395,,0,38.81598889,-77.13778056,0,42,0,1,5,1,0,4,2,1,10,10,0,0000000,99,99,99,99,99,99,0,0,0,1,1
51,510429,3,3,0,0,0,9,9,197,0,18,8,2012,7,9,39,0,3,2,US-21,,271,36.87880278,-81.15285,0,12,8,0,1,1,0,1,1,1,10,10,0,0000000,11,25,11,26,11,40,0,0,0,3,0
51,510430,1,1,0,0,0,1,1,37,0,18,8,2012,7,3,0,0,4,4,CR-612,,72,36.95626667,-78.576575,0,42,0,0,1,1,0,4,2,1,10,10,0,0000000,99,99,2,32,88,88,0,0,0,1,0
51,510431,1,1,0,0,0,2,2,121,0,18,8,2012,7,2,15,0,4,4,CR-685,,10,37.18718056,-80.51491667,0,35,0,0,1,1,0,4,2,1,10,10,0,0000000,2,16,2,28,3,22,0,0,0,1,1
51,510432,2,2,0,0,0,2,2,650,1180,18,8,2012,7,0,38,1,11,1,I-64 EAST,,2696,37.01287222,-76.32358611,0,33,0,0,1,1,0,4,3,1,10,10,0,0000000,0,38,0,44,88,88,14,0,0,1,1
51,510433,2,2,0,0,0,2,2,41,0,15,8,2012,4,23,20,0,15,4,CR-653,,69,37.38261944,-77.60669444,0,12,2,0,1,1,0,1,2,1,10,10,0,0000000,99,99,99,99,88,88,0,0,0,1,1
51,510434,2,2,0,1,1,2,2,59,0,17,8,2012,6,23,55,1,11,1,I-95,,1630,38.67047222,-77.25281389,0,8,0,0,1,1,0,2,3,1,10,10,0,0000000,99,99,99,99,88,88,14,0,0,1,1
51,510435,1,1,0,0,0,3,3,81,0,18,8,2012,7,19,39,0,4,4,CR-633,,15,36.56965,-77.64715833,0,42,0,0,1,1,0,4,1,1,10,10,0,0000000,19,35,19,47,20,11,0,0,0,2,1
51,510437,1,1,0,1,1,3,3,53,0,19,8,2012,1,2,28,1,2,2,US-460,,3058,37.19496667,-77.59393611,0,8,0,0,1,1,0,1,2,1,10,10,0,0000000,99,99,99,99,99,99,0,0,0,2,1
51,510438,2,2,0,0,0,2,2,99,0,19,8,2012,1,14,49,1,2,2,US-29,JERSEY RD,1287,38.21035833,-77.15587778,0,12,6,0,2,3,0,1,1,1,10,10,0,0000000,99,99,14,56,88,88,0,0,0,1,0
51,510439,1,1,0,1,1,1,1,600,900,18,8,2012,7,1,16,1,13,2,US-29,,23665,38.86354444,-77.28365556,0,8,0,0,1,1,0,1,3,1,10,10,0,0000000,1,16,1,17,88,88,0,0,0,1,0
51,510440,1,1,0,0,0,3,3,67,0,20,8,2012,2,1,30,0,3,3,SR-122,,19,37.04295278,-79.84703611,0,43,0,0,1,1,0,4,2,1,10,10,0,0000000,99,99,99,99,99,99,0,0,0,1,1
51,510441,3,2,1,0,0,4,4,23,0,12,8,2012,1,15,14,0,13,2,US-460,,1606,37.36408889,-79.81998889,0,12,6,0,8,1,0,1,1,1,10,10,0,0000000,15,5,15,20,15,46,0,0,0,1,0
51,510442,2,2,0,0,0,3,3,810,2540,21,8,2012,3,8,39,0,4,6,600 OCEANA BLVD,BELLS RD,20,36.81899722,-76.00769722,0,12,1,0,2,2,0,1,2,1,10,10,0,0000000,99,99,8,48,9,22,0,0,0,1,0
51,510443,1,1,0,0,0,1,1,167,0,21,8,2012,3,15,0,0,3,3,SR-80,,267,36.99660833,-81.94733889,0,1,0,0,1,1,0,1,1,1,10,10,0,0000000,15,4,15,21,15,53,0,0,0,1,0
51,510444,2,2,0,0,0,2,2,145,0,24,8,2012,6,18,0,0,3,2,US-29,THREE BRIDGE RD,103,37.57409167,-77.93970833,0,12,6,0,2,2,0,1,1,1,10,10,0,0000000,99,99,18,7,18,48,0,0,0,1,0
51,510445,3,3,0,0,0,3,3,155,0,24,8,2012,6,8,34,1,2,2,US-11,,1041,37.13323889,-80.62697778,0,12,6,0,1,1,0,1,4,1,10,10,0,0000000,99,99,99,99,99,99,0,0,0,1,0
51,510446,2,2,0,0,0,3,3,99,0,17,8,2012,6,12,24,0,3,3,SR-3,LAMBS CREEK CHURCH,469,38.25921111,-77.26498333,0,12,6,0,2,3,0,1,1,1,10,10,0,0000000,99,99,12,43,13,20,0,0,0,1,0
51,510447,1,1,0,0,0,1,1,179,0,16,8,2012,5,4,29,1,1,1,I-95,,1392,38.40281389,-77.43225278,0,24,0,0,1,1,0,3,2,1,10,10,0,0000000,8,27,8,36,9,26,0,0,0,1,0
51,510448,6,1,5,0,0,1,1,67,0,23,8,2012,5,14,22,1,2,2,US-220,,445,37.06927222,-79.89265833,0,31,0,0,1,1,0,4,1,1,10,10,0,0000000,99,99,99,99,88,88,14,0,0,1,0
51,510449,1,1,0,0,0,1,1,75,0,25,8,2012,7,2,5,0,5,4,CR-37,,54,37.76048333,-77.93519444,0,38,0,0,1,1,0,4,2,1,10,10,0,0000000,99,99,99,99,88,88,0,0,0,1,1
51,510450,1,1,0,1,1,1,1,41,0,24,8,2012,6,20,8,1,12,3,SR-150,,113,37.26926944,-77.28923056,0,8,0,0,1,1,0,1,5,1,10,10,0,0000000,99,99,99,99,99,99,0,0,0,1,0
51,510451,1,1,0,1,1,1,1,153,0,25,8,2012,7,20,25,0,13,2,US-1,,17570,38.65508889,-77.25215833,0,8,0,0,1,1,0,1,2,2,0,2,0,0000000,99,99,99,99,99,99,0,0,0,1,0
51,510452,1,1,0,0,0,2,2,770,2100,17,8,2012,6,20,58,0,16,6,SOUTHERN HILLS DR,,0,37.227475,-79.96955833,0,5,0,0,1,1,0,1,2,1,10,10,0,0000000,99,99,99,99,99,99,0,0,0,1,0
51,510453,1,1,0,0,0,1,1,3,0,26,8,2012,1,19,22,0,3,2,US-250,,752,38.22,-78.4941,0,35,0,0,1,1,0,4,2,1,10,10,0,0000000,99,99,99,99,99,99,0,0,0,1,1
51,510454,3,3,0,0,0,6,6,810,2540,26,8,2012,1,15,10,0,15,6,LYNNHAVEN PARKWAY,,59,36.79486944,-76.09208056,0,1,0,0,1,1,0,1,1,1,10,10,0,0000000,99,99,99,99,99,99,0,0,0,1,1
51,510455,1,1,0,0,0,3,3,179,0,22,8,2012,4,20,55,1,1,1,I-95,,1390,38.40163611,-77.43239444,0,42,0,0,1,1,0,4,2,1,10,10,0,0000000,99,99,99,99,99,99,0,0,0,1,0
51,510456,1,1,0,1,1,1,1,760,2060,28,8,2012,3,20,42,0,15,6,WALMSLEY BLVD,,16,37.47029722,-77.479725,0,8,0,0,1,1,0,1,2,1,10,10,0,0000000,99,99,99,99,88,88,0,0,0,1,0
51,510457,2,2,0,0,0,3,3,61,2570,2,8,2012,5,13,58,1,13,2,US-29,FLETCHER DR,38,38.727975,-77.79414167,0,12,6,0,2,2,0,1,1,1,10,10,0,0000000,13,59,14,4,14,24,0,0,0,1,0
51,510458,1,1,0,0,0,1,1,550,468,26,8,2012,1,15,0,1,11,1,I-664,,193,36.78657222,-76.42243056,0,30,0,0,1,1,0,4,9,99,0,99,0,0000000,15,0,15,17,88,88,0,0,0,1,1
51,510459,1,1,0,0,0,1,1,9,0,29,8,2012,4,21,45,0,5,3,SR- -210,,16,37.41414722,-79.10764167,0,24,0,0,1,1,0,4,3,1,10,10,0,0000000,99,99,21,56,22,32,0,0,0,1,0
51,510460,1,1,0,7,7,1,1,165,0,31,8,2012,6,7,52,0,6,4,CR-,WEST WIND DR,1,38.44157778,-78.92077222,0,8,0,0,2,3,0,1,1,1,10,10,0,0000000,99,99,21,56,22,32,0,0,0,1,0
51,510461,2,2,0,0,0,2,2,107,0,24,8,2012,6,15,39,0,15,4,CR-50,BRADDOCK RD,43,38.90958333,-77.5444,0,12,6,0,2,2,0,1,1,1,10,10,0,0000000,99,99,99,99,88,88,0,0,0,1,0
51,510462,1,1,0,0,0,1,1,143,0,31,8,2012,6,12,0,1,2,2,US-29,,257,36.87629167,-79.40843889,0,42,0,0,1,1,0,4,1,1,10,10,0,0000000,12,21,12,43,13,33,0,0,0,1,0
51,510463,1,1,0,0,0,1,1,59,0,29,8,2012,4,2,10,1,11,1,I-95 RAMP,,193,38.73979722,-77.18945278,0,24,0,0,5,1,0,4,2,1,10,10,0,0000000,99,99,99,99,88,88,0,0,0,1,0
51,510464,1,1,0,0,0,1,1,19,0,31,8,2012,6,13,45,0,5,4,CR-19,,17,37.157375,-79.48590278,0,53,0,0,1,1,0,4,1,1,10,10,0,0000000,13,53,13,58,88,88,0,0,0,1,1
51,510465,1,1,0,0,0,1,1,61,0,31,8,2012,6,15,50,1,2,2,US-17,,257,38.91276111,-77.92029167,0,42,0,0,1,1,0,4,1,1,10,10,0,0000000,16,2,16,10,99,99,0,0,0,1,0
51,510466,2,2,0,0,0,2,2,97,0,27,8,2012,2,8,38,0,4,4,CR-614,,39,37.65009167,-76.79128056,0,12,2,0,1,1,0,1,1,1,10,10,0,0000000,99,99,99,99,99,99,0,0,0,1,0
51,510467,1,1,0,0,0,1,1,59,0,17,8,2012,6,20,35,1,11,1,I-395,,2,38.80318611,-77.16106944,0,33,0,0,5,1,0,4,3,1,10,10,0,0000000,20,41,20,42,20,58,0,0,0,1,0
51,510468,2,2,0,0,0,2,2,185,0,20,8,2012,2,5,40,1,2,2,US-19,RT-609,540,37.03738611,-81.79785278,0,12,6,0,2,2,0,1,2,1,10,10,0,0000000,5,43,5,57,6,30,0,0,0,1,0
51,510469,1,1,0,0,0,1,1,179,0,1,9,2012,7,5,5,0,4,4,CR-616,,11,38.39669722,-77.53532778,0,34,0,0,1,1,0,4,1,1,10,10,0,0000000,9,19,9,32,88,88,0,0,0,1,1
51,510470,2,2,0,0,0,2,2,650,1180,3,9,2012,2,18,45,1,11,1,I-64 WEST,,566,37.06012222,-76.41845556,0,12,9,0,1,1,0,1,1,1,10,10,0,0000000,18,40,18,51,88,88,0,0,0,1,1
51,510471,1,1,0,1,1,1,1,51,0,4,9,2012,3,10,20,0,3,3,SR-83,OLD GEORGES FORK RD,55,37.135725,-82.51255,0,8,0,0,3,3,4,1,1,1,10,10,0,0000000,10,20,10,26,88,88,0,0,0,1,0
51,510472,1,1,0,1,1,1,1,710,1760,4,9,2012,3,12,25,1,13,2,US-166,,5015,36.87623611,-76.19460833,0,9,0,0,1,1,0,1,1,1,10,10,0,0000000,8,28,8,36,88,88,0,0,0,1,0
51,510473,3,3,0,0,0,4,4,83,0,5,9,2012,4,16,3,0,4,3,SR-57,,806,36.83265278,-79.06944167,0,12,1,0,8,1,0,1,1,1,10,10,0,0000000,16,0,16,19,16,55,0,0,0,1,0
51,510474,1,1,0,0,0,1,1,21,0,6,9,2012,5,15,15,1,11,1,I-77,,566,37.1442,-81.13836667,0,59,0,0,1,1,0,4,1,2,0,2,0,0000000,99,99,99,99,88,88,0,0,0,1,0
51,510475,1,1,0,0,0,1,1,167,0,2,9,2012,1,3,25,1,2,2,US-19,,509,37.02066389,-81.79693333,0,24,0,0,1,1,0,4,3,1,10,10,0,0000000,99,99,99,99,88,88,0,0,0,1,1
51,510476,2,2,0,0,0,2,2,47,0,6,9,2012,5,17,10,0,3,2,US-29,,1513,38.36799167,-78.10301944,0,12,2,0,1,1,0,1,1,1,10,10,0,0000000,17,16,17,31,99,99,0,0,0,1,0
51,510477,2,2,0,0,0,2,2,59,0,6,9,2012,5,11,27,1,11,1,I-95,,1641,38.70221111,-77.2241,0,12,7,0,1,1,0,1,1,2,0,2,0,0000000,99,99,99,99,99,99,0,0,0,1,0
51,510478,1,1,0,0,0,1,1,41,0,6,9,2012,5,10,50,0,14,4,CR-637,,11,37.39660556,-77.45795278,0,34,0,0,1,1,0,4,1,2,0,2,0,0000000,99,99,11,4,11,56,0,0,0,1,0
51,510479,2,2,0,0,0,3,3,19,0,7,9,2012,6,6,39,0,3,3,SR-122,,191,37.16223889,-79.64378889,0,12,2,0,1,1,0,1,4,1,10,10,0,0000000,6,38,6,46,99,99,0,0,0,1,0
51,510480,2,2,0,0,0,2,2,15,0,7,9,2012,6,14,57,0,4,2,US-11,,2232,37.96769167,-79.17723889,0,12,6,0,4,1,0,1,1,1,10,10,0,0000000,99,99,15,0,88,88,0,0,0,1,0
51,510481,2,2,0,0,0,2,2,710,1760,8,9,2012,7,2,0,0,14,3,SR-406,,14,36.92111667,-76.28225833,0,33,0,0,1,1,0,4,3,1,10,10,0,0000000,99,99,99,99,88,88,0,0,0,1,1