STATE,ST_CASE,VE_TOTAL,VE_FORMS,PVH_INVL,PEDS,PERNOTMVIT,PERMVIT,PERSONS,COUNTY,CITY,DAY,MONTH,YEAR,DAY_WEEK,HOUR,MINUTE,NHS,ROAD_FNC,ROUTE,TWAY_ID,TWAY_ID2,MILEPT,LATITUDE,LONGITUD,SP_JUR,HARM_EV,MAN_COLL,RELJCT1,RELJCT2,TYP_INT,WRK_ZONE,REL_ROAD,LGT_COND,WEATHER1,WEATHER2,WEATHER,SCH_BUS,RAIL,NOT_HOUR,NOT_MIN,ARR_HOUR,ARR_MIN,HOSP_HR,HOSP_MN,CF1,CF2,CF3,FATALS,DRUNK_DR
51,510711,2,2,0,0,0,2,2,121,0,25,12,2012,3,1,0,1,11,1,I-81,,1135,37.11276389,-80.44134444,0,12,1,1,18,1,0,1,2,5,0,5,0,0000000,1,4,1,12,88,88,0,0,0,1,0
51,510712,3,3,0,0,0,3,3,59,0,26,12,2012,4,9,31,1,13,2,US-29,,2392,38.87329722,-77.24485833,0,12,6,0,1,1,0,1,1,4,0,4,0,0000000,99,99,99,99,99,99,0,0,0,1,0
51,510713,1,1,0,0,0,1,1,800,2390,23,12,2012,1,15,2,0,5,6,CYPRESS CHAPEL RD,,9,36.62309444,-76.64525278,0,34,0,0,1,1,0,4,1,1,10,10,0,0000000,1,4,1,12,99,99,2,0,0,1,0
51,510714,1,1,0,0,0,2,2,175,0,26,12,2012,4,12,36,1,2,2,US-58,,4338,36.70736111,-77.16748889,0,42,0,0,1,1,0,4,1,2,0,2,0,0000000,99,99,99,99,99,99,0,0,0,1,0
51,510715,1,1,0,1,1,1,1,810,2540,29,12,2012,7,6,40,0,13,2,US-58,,4997,36.84361389,-76.14508333,0,8,0,0,1,1,0,1,3,2,0,2,0,0000000,99,99,99,99,99,99,0,0,0,1,0
51,510716,3,3,0,0,0,3,3,600,900,28,11,2012,4,13,23,0,14,6,3850 JERMANTOWN RD,,5,38.858475,-77.33003056,0,12,2,0,1,1,0,1,1,1,10,10,0,0000000,13,22,13,24,14,19,0,0,0,1,0
51,510717,1,1,0,0,0,2,2,59,0,19,11,2012,2,5,11,0,13,8,G.W.PARKWAY,MOUNT VERNON CIRCLE,99999,99.99990000,999.99990000,1,99,99,0,1,1,0,4,2,1,10,10,0,0000000,7,28,7,33,99,99,0,0,0,1,1
53,530001,2,2,0,0,0,5,5,43,0,1,1,2012,1,2,0,1,2,2,US-2,,2587,47.65763611,-117.9885667,0,12,2,0,1,1,0,1,2,1,0,1,0,0000000,99,99,99,99,99,99,0,0,0,4,1
53,530002,3,3,0,0,0,3,3,5,1850,3,1,2012,3,4,50,0,13,3,SR-240,DUPORTAL,338,46.26776389,-119.3022611,0,12,6,0,2,2,0,1,2,1,0,1,0,0000000,99,99,99,99,99,99,0,0,0,1,0
53,530003,2,2,0,0,0,3,3,73,1210,4,1,2012,4,16,45,0,15,4,CR-W BADGER RD,,20,48.96475278,-122.5707667,0,12,6,0,1,1,0,1,2,2,0,2,0,0000000,99,99,99,99,99,99,0,0,0,2,0
53,530004,2,2,0,0,0,3,3,29,0,8,1,2012,1,11,0,0,2,3,SR-525,,298,48.16168333,-122.6051694,0,12,6,0,8,1,0,1,1,10,0,10,0,0000000,99,99,99,99,99,99,0,0,0,1,0
53,530005,2,2,0,0,0,2,2,53,0,9,1,2012,2,15,55,0,14,3,SR-167,31ST AVE E,12,47.23361111,-122.3870361,0,12,2,0,2,3,0,1,1,2,0,2,0,0000000,99,99,99,99,88,88,0,0,0,2,0
53,530006,1,1,0,0,0,1,1,67,0,14,1,2012,7,19,19,0,4,4,CR-LIBBY RD SE,,29,47.11248333,-122.8650444,0,53,0,0,1,1,0,5,2,10,0,10,0,0000000,99,99,99,99,99,99,0,0,0,1,1
53,530007,1,1,0,0,0,1,1,33,1960,15,1,2012,1,6,6,0,12,3,SR-99,,269,47.54548889,-122.3336056,0,25,0,1,5,1,0,4,3,10,0,10,0,0000000,99,99,99,99,99,99,0,0,0,1,1
53,530008,2,2,0,0,0,2,2,7,0,17,1,2012,3,15,30,1,2,2,US-97A,,2113,47.6014,-120.2427306,0,12,1,0,1,1,0,1,1,4,0,4,0,0000000,99,99,99,99,99,99,0,0,0,1,0
53,530009,2,2,0,0,0,2,2,53,0,17,1,2012,3,15,40,0,2,3,SR-410,,181,47.1645,-122.1045333,0,12,2,0,1,1,0,1,1,10,0,10,0,0000000,99,99,99,99,99,99,0,0,0,1,0
53,530010,1,1,0,0,0,3,3,47,0,22,1,2012,1,1,10,0,3,3,SR-17,,1370,48.013725,-119.6665,0,24,0,0,1,1,0,4,2,1,0,1,0,0000000,99,99,99,99,99,99,0,0,0,1,1
53,530011,1,1,0,1,1,1,1,61,690,23,1,2012,2,4,47,0,12,3,SR-526,,17,47.92288333,-122.2576972,0,8,0,0,1,1,0,1,3,1,0,1,0,0000000,99,99,99,99,88,88,19,0,0,1,0
53,530012,1,1,0,0,0,2,2,33,1960,23,1,2012,2,4,58,0,12,3,SR-509,,295,47.52378611,-122.33335,0,25,0,0,1,1,0,4,2,1,0,1,0,0000000,99,99,99,99,99,99,0,0,0,1,0
53,530013,2,2,0,0,0,2,2,63,0,24,1,2012,3,21,25,1,2,2,US-395,,1725,47.85988611,-117.4218556,0,12,6,0,1,1,0,1,2,10,0,10,0,0000000,21,25,21,30,88,88,0,0,0,1,0
53,530014,1,1,0,1,1,1,1,57,0,25,1,2012,4,18,20,0,5,4,CR-MINKLER RD,,16,48.51751111,-122.1839528,0,8,0,0,1,1,0,1,2,2,0,2,0,0000000,99,99,99,99,99,99,0,0,0,1,0
53,530015,2,2,0,0,0,2,2,23,0,19,1,2012,5,15,25,1,2,2,US-12,,3940,46.498075,-117.7734361,0,12,6,0,1,1,0,1,1,3,0,3,0,0000000,99,99,99,99,99,99,0,0,0,1,0
53,530016,1,1,0,0,0,2,2,29,0,25,1,2012,4,22,24,0,16,6,CROSS ISLAND RD,W CAMANO RD,0,48.22558333,-122.5210778,0,24,0,0,3,3,0,5,2,1,0,1,0,0000000,22,10,22,14,99,99,0,0,0,1,1
53,530017,2,2,0,0,0,2,2,53,2230,30,1,2012,2,18,22,1,11,1,I-5,,1337,47.23278611,-122.4355806,0,12,2,0,1,1,0,1,3,10,0,10,0,0000000,18,26,18,36,99,99,0,0,0,1,0
53,530018,1,1,0,1,1,1,1,63,2110,28,1,2012,7,2,11,0,13,6,MARKET ST,PROVIDENCE AVE,0,47.69246667,-117.3650944,0,8,0,0,3,3,0,1,3,1,0,1,0,0000000,2,13,2,17,2,46,0,0,0,1,1
53,530019,1,1,0,0,0,1,1,35,0,30,1,2012,2,14,23,0,4,4,CR-CARNEY LAKE RD SW,,10,47.4161,-122.758375,0,35,0,0,1,1,0,5,1,1,0,1,0,0000000,14,21,14,37,88,88,0,0,0,1,0
53,530020,1,1,0,1,1,1,1,33,1030,31,1,2012,3,20,43,0,13,3,SR-99,,155,47.39251389,-122.2950444,0,8,0,0,1,1,0,1,3,2,0,2,0,0000000,20,43,20,47,99,99,0,0,0,1,0
53,530021,2,2,0,0,0,3,3,41,0,26,1,2012,5,8,18,1,1,1,I-5,,642,46.48491944,-122.8796028,0,12,1,0,1,1,0,1,1,2,0,2,0,0000000,8,17,8,25,88,88,0,0,0,2,0
53,530022,1,1,0,0,0,1,1,61,0,2,2,2012,5,16,21,0,6,9,MANN RD,,13,47.85017222,-121.7898444,0,38,0,0,1,1,0,6,1,1,0,1,0,0000000,16,21,16,27,88,88,0,0,0,1,0
53,530023,3,3,0,0,0,3,3,33,1960,2,2,2012,5,6,44,0,13,6,4TH AVE S,,0,47.56036111,-122.3294556,0,12,6,0,1,1,0,1,4,1,0,1,0,0000000,6,46,6,49,7,26,0,0,0,1,0
53,530024,2,2,0,0,0,6,6,67,0,3,2,2012,6,18,7,0,4,4,CR-HAWKS PRAIRE RD,,12,47.0868,-122.8011278,0,12,2,0,1,1,0,1,5,1,0,1,0,0000000,18,6,18,17,18,50,0,0,0,1,1
53,530025,1,1,0,1,1,1,1,67,0,4,2,2012,7,10,56,0,6,4,CR-MERIDAN RD E,,99999,47.088875,-122.7383167,0,9,0,0,1,1,0,1,1,1,0,1,0,0000000,10,54,11,4,11,31,0,0,0,1,0
53,530026,1,1,0,0,0,1,1,63,0,6,2,2012,2,9,23,1,2,2,US-2,,2825,47.64306389,-117.5058278,0,42,0,0,1,1,0,5,1,1,0,1,0,0000000,9,21,9,36,99,99,0,0,0,1,1
53,530027,1,1,0,0,0,1,1,25,680,7,2,2012,3,8,45,0,14,6,3RD AVE SW,,0,47.317,-119.5519139,0,10,0,0,6,1,0,1,1,1,0,1,0,065779N,99,99,99,99,88,88,0,0,0,1,0
53,530028,1,1,0,0,0,1,1,39,0,11,2,2012,7,2,50,0,2,3,SR-14,,1230,45.70478333,-120.4346611,0,18,0,0,1,1,0,1,2,2,0,2,0,0000000,3,34,4,23,88,88,0,0,0,1,0
53,530029,1,1,0,0,0,2,2,63,2113,14,2,2012,3,19,5,0,15,6,E BROADWAY AVE,,0,47.66429167,-117.2754972,0,33,0,0,1,1,0,4,3,1,0,1,0,0000000,99,99,99,99,88,88,0,0,0,2,1
53,530030,1,1,0,1,1,1,1,61,0,14,2,2012,3,14,43,0,3,3,SR-99,,500,47.86120833,-122.2846861,0,15,0,0,4,1,0,4,1,10,0,10,0,0000000,99,99,99,99,99,99,0,0,0,1,0
53,530031,1,1,0,0,0,1,1,63,0,17,1,2012,3,16,45,1,2,2,US-195,,890,47.55743333,-117.3955278,0,39,0,0,1,1,0,3,1,10,0,10,0,0000000,99,99,99,99,99,99,0,0,0,1,0
53,530032,1,1,0,0,0,3,3,51,0,14,2,2012,3,22,35,1,2,2,US-2,,3252,48.12028889,-117.2054,0,53,0,0,1,1,0,5,2,1,0,1,0,0000000,22,32,22,43,23,11,0,0,0,2,0
53,530033,2,2,0,1,1,2,2,63,22,15,2,2012,4,5,54,0,15,6,HAYFORD RD,9TH AVE,0,47.64921667,-117.5608667,0,8,0,0,2,3,0,1,2,5,0,5,0,0000000,5,56,6,2,88,88,0,0,0,1,0
53,530034,1,1,0,1,1,1,1,77,0,17,2,2012,6,17,45,0,3,4,CR-ANTANUM RD,,39,46.55796944,-120.5619583,0,8,0,0,1,1,0,1,2,2,0,2,0,0000000,17,47,17,54,99,99,0,0,0,1,0
53,530035,1,1,0,1,1,1,1,63,0,17,2,2012,6,20,15,1,2,2,US-2,,3111,48.00344722,-117.3496139,0,8,0,0,1,1,0,1,2,10,0,10,0,0000000,99,99,99,99,88,88,0,0,0,1,0
53,530036,1,1,0,1,1,1,1,29,0,12,2,2012,1,5,57,0,2,3,SR-20,,417,48.40473056,-122.6445361,0,8,0,0,1,1,0,1,2,10,0,10,0,0000000,99,99,99,99,88,88,19,20,0,1,0
53,530037,2,2,0,0,0,4,4,15,2570,18,2,2012,7,16,4,0,14,3,SR-503,N GOERIG ST,539,45.91146944,-122.7409389,0,12,2,0,2,4,0,1,1,2,0,2,0,0000000,99,99,99,99,99,99,0,0,0,1,1
53,530038,2,2,0,0,0,2,2,27,0,18,2,2012,7,11,9,0,2,3,SR-105,,295,46.84776389,-124.1057083,0,30,0,0,1,1,0,5,1,2,0,2,0,0000000,99,99,99,99,88,88,0,0,0,1,1
53,530039,2,2,0,0,0,4,4,33,0,19,2,2012,1,0,25,0,3,4,CR-SE 400TH ST,212 AVE SE,25,47.24270556,-122.0590194,0,12,6,0,2,2,0,1,2,1,0,1,0,0000000,0,31,0,38,1,26,0,0,0,1,1
53,530040,1,1,0,0,0,1,1,33,1960,20,2,2012,2,3,52,1,11,1,I-5,,1645,47.59495,-122.3206139,0,25,0,1,5,1,0,4,3,10,0,10,0,0000000,3,54,4,0,4,27,0,0,0,1,1
53,530041,2,2,0,0,0,2,2,7,2460,21,2,2012,3,14,54,0,2,3,SR-285,FERRY ST,7,47.41090833,-120.30355,0,12,6,0,2,4,0,1,1,1,0,1,0,0000000,14,56,15,6,99,99,0,0,0,1,0
53,530042,2,2,0,0,0,2,2,33,109,22,2,2012,4,3,56,0,12,3,SR-520,,62,47.63808333,-122.1940667,0,12,2,0,1,1,0,1,3,2,0,2,0,0000000,99,99,99,99,99,99,0,0,0,1,1
53,530043,2,2,0,0,0,2,2,45,0,23,2,2012,5,21,19,0,4,4,CR-SHELTON-MATLOCK RD,,122,47.24260278,-123.3200556,0,12,2,0,1,1,0,1,2,2,0,2,0,0000000,21,29,21,42,22,21,0,0,0,1,1
53,530044,2,2,0,0,0,3,3,35,0,24,2,2012,6,19,57,0,4,4,CR-NW HOLLY RD,,23,47.59753333,-122.8058,0,12,2,0,1,1,0,1,2,2,0,2,0,0000000,99,99,99,99,99,99,0,0,0,1,0
53,530045,2,2,0,0,0,2,2,35,0,24,2,2012,6,5,47,0,14,3,SR-3,,340,47.52961389,-122.6961333,0,12,1,1,5,1,0,1,3,1,0,1,0,0000000,5,45,5,55,6,38,0,0,0,1,0
53,530046,1,1,0,1,1,1,1,73,110,25,2,2012,7,19,20,0,13,6,N SAMISH WAY,,0,48.73934444,-122.4698556,0,8,0,0,1,1,0,1,3,2,0,2,0,0000000,19,22,19,29,19,52,0,0,0,1,0
53,530047,2,2,0,0,0,4,4,59,0,26,2,2012,1,7,25,0,2,3,SR-14,,490,45.71653889,-121.7944472,0,12,6,0,1,1,0,1,1,2,0,2,0,0000000,99,99,99,99,99,99,0,0,0,1,1
53,530048,1,1,0,1,1,3,3,5,1750,28,2,2012,3,16,20,0,16,6,BENSON AVE,,0,46.21040556,-119.7609333,0,8,0,0,4,1,0,1,1,1,0,1,0,0000000,99,99,99,99,99,99,0,0,0,1,0
53,530049,1,1,0,1,1,1,1,33,0,29,2,2012,4,9,9,0,3,4,CR-MILITARY RD S,,11,47.35727778,-122.2924889,0,9,0,0,1,1,0,1,1,10,0,10,0,0000000,9,7,9,10,99,99,0,0,0,1,0
53,530050,2,2,0,0,0,4,4,7,0,1,3,2012,5,16,16,1,2,2,US-97,,1835,47.54711111,-120.6125889,0,12,2,0,1,1,0,1,1,1,0,1,0,0000000,16,13,16,20,99,99,0,0,0,2,0
53,530051,3,3,0,0,0,4,4,33,2310,2,3,2012,6,14,36,1,11,1,I-5,,1560,47.48415278,-122.2702417,0,12,1,0,1,1,0,1,1,2,0,2,0,0000000,14,37,14,52,99,99,0,0,0,1,0
53,530052,1,1,0,0,0,2,2,33,2310,2,3,2012,6,0,40,0,13,6,E MARGINALWAY S,INTERURBAN AVE S,0,47.4866,-122.2759417,0,25,0,0,3,1,0,3,3,1,0,1,0,0000000,0,47,0,52,88,88,0,0,0,1,1
53,530053,1,1,0,0,0,2,2,33,475,3,3,2012,7,21,10,0,14,6,180TH AVE SE,,0,47.36253333,-122.1020056,0,42,0,0,1,1,0,5,3,1,0,1,0,0000000,21,16,21,19,88,88,0,0,0,1,0
53,530054,1,1,0,1,1,1,1,63,2110,14,2,2012,3,17,24,0,13,6,1ST AVE,CEDAR,0,47.65651111,-117.4325056,0,8,0,0,3,2,0,1,5,10,0,10,0,0000000,17,25,17,27,17,50,0,0,0,1,0
53,530055,1,1,0,0,0,2,2,57,1970,5,3,2012,2,3,16,0,16,6,SAPP RD,,0,48.51591389,-122.2375944,0,1,0,0,1,1,0,5,2,2,0,2,0,0000000,99,99,99,99,99,99,0,0,0,1,0
53,530056,3,3,0,0,0,4,4,33,1018,6,3,2012,3,6,57,0,13,3,SR-522,,70,47.75864444,-122.2531194,0,12,2,0,1,1,0,1,4,2,0,2,0,0000000,6,58,7,3,7,40,0,0,0,1,0
53,530057,1,1,0,1,1,1,1,47,0,8,3,2012,5,22,12,0,3,3,SR-155,,769,48.39281111,-119.4651917,3,8,0,0,1,1,0,1,2,1,0,1,0,0000000,22,17,22,24,88,88,0,0,0,1,0
53,530058,1,1,0,1,1,1,1,33,532,8,3,2012,5,15,19,0,16,6,S 216TH ST,,0,47.40837222,-122.3155167,0,8,0,0,1,1,0,1,1,1,0,1,0,0000000,15,20,15,24,99,99,0,0,0,1,0
53,530059,2,2,0,0,0,2,2,67,0,13,3,2012,3,16,51,1,1,1,I-5,,950,46.89695,-122.9605722,0,12,1,0,1,1,0,1,1,8,0,8,0,0000000,16,51,17,4,88,88,0,0,0,1,0
53,530060,2,2,0,0,0,2,2,5,0,14,3,2012,4,5,59,0,3,3,SR-221,,47,46.03876111,-119.6024917,0,12,6,0,1,1,0,1,2,8,0,8,0,0000000,6,0,6,8,88,88,0,0,0,1,0
53,530061,4,1,3,3,5,1,3,53,0,23,1,2012,2,5,24,0,2,3,SR-16,,148,47.35829167,-122.6143139,0,14,0,0,1,1,0,2,2,10,0,10,0,0000000,5,20,5,36,8,3,19,0,0,1,0
53,530062,2,2,0,0,0,3,3,61,0,14,3,2012,4,21,0,0,4,3,SR-9,,301,48.20686944,-122.1302278,0,12,2,0,1,1,0,1,2,2,0,2,0,0000000,21,0,21,7,21,33,0,0,0,2,1
53,530063,1,1,0,0,0,2,2,73,0,15,3,2012,5,22,15,0,6,4,CR-KLING RD,,7,48.81485278,-122.4708222,0,30,0,0,1,1,0,5,2,2,0,2,0,0000000,22,20,22,30,22,41,0,0,0,1,1
53,530064,3,3,0,0,0,4,4,33,109,2,2,2012,5,18,20,1,11,1,I-405,,112,47.58305278,-122.1755972,0,12,1,0,1,1,0,1,7,10,0,10,0,0000000,99,99,99,99,99,99,0,0,0,1,0
53,530065,1,1,0,0,0,4,4,67,0,4,3,2012,1,1,28,0,14,4,CR-LIBBY RD NE,,12,47.08643889,-122.8649833,0,34,0,0,1,1,0,5,2,10,0,10,0,0000000,1,26,1,37,2,53,0,0,0,2,1
53,530066,1,1,0,1,1,1,1,33,109,15,3,2012,5,18,37,0,14,6,NORTHUP WAY,NE 10TH ST,0,47.61803611,-122.1087056,0,8,0,0,3,2,0,1,5,10,0,10,0,0000000,18,37,18,42,88,88,0,0,0,1,0
53,530067,2,2,0,0,0,2,2,53,2230,17,3,2012,7,23,54,0,13,4,CR-104 ST S,,56,47.16355556,-122.4672472,0,12,2,0,1,1,0,1,3,1,0,1,0,0000000,99,99,99,99,99,99,0,0,0,1,0
53,530068,1,1,0,0,0,3,3,77,0,19,3,2012,2,10,29,0,4,4,CR-VANBELLE RD,,45,46.34581111,-120.0819889,0,38,0,0,1,1,0,5,1,1,0,1,0,0000000,10,19,10,31,99,99,0,0,0,1,1
53,530069,2,2,0,0,0,2,2,33,670,21,3,2012,4,19,11,0,5,4,CR-228TH AVE SE,SE 448TH,20,47.19926667,-122.0375111,0,12,6,0,2,2,0,1,5,10,0,10,0,0000000,19,12,19,19,20,10,0,0,0,1,1
53,530070,2,2,0,0,0,3,3,33,1960,21,3,2012,4,1,39,1,11,1,I-5,,1640,47.6017,-122.3244583,0,12,2,0,1,1,0,1,3,1,0,1,0,0000000,1,40,1,45,2,20,0,0,0,1,1
53,530071,1,1,0,0,0,2,2,11,0,21,3,2012,4,20,1,0,4,4,CR-NE102ND AVE,CR-NE COVINGTON RD,7,45.67145556,-122.56775,0,39,0,0,3,3,0,5,3,2,0,2,0,0000000,20,1,20,7,99,99,20,0,0,1,0
53,530072,2,2,0,0,0,3,3,5,0,22,3,2012,5,4,35,0,3,3,SR-221,,216,46.18733611,-119.6908,0,12,6,0,1,1,0,1,2,4,0,4,0,0000000,99,99,99,99,88,88,0,0,0,1,0
53,530073,1,1,0,0,0,1,1,61,0,28,2,2012,3,22,45,0,9,8,92ND ST NW,TURK RD,0,48.07904444,-122.2497722,3,42,0,0,3,3,0,5,2,2,0,2,0,0000000,99,99,99,99,88,88,0,0,0,1,1
53,530074,3,2,1,0,0,3,3,57,0,23,3,2012,6,17,29,0,4,3,SR-11,,98,48.60192778,-122.426375,0,12,2,0,8,1,0,1,1,1,0,1,0,0000000,99,99,99,99,88,88,0,0,0,1,1
53,530075,1,1,0,1,1,1,1,63,2113,24,3,2012,7,19,2,0,15,6,N DICK RD,E BUCKEYE AVE,0,47.68216667,-117.2961639,0,9,0,0,2,2,0,1,5,1,0,1,0,0000000,19,4,19,9,99,99,0,0,0,2,0
53,530076,2,2,0,0,0,4,4,33,0,24,3,2012,7,1,4,1,1,1,I-405,,10,47.46185556,-122.2531889,0,12,11,0,1,1,0,1,2,1,0,1,0,0000000,99,99,99,99,99,99,0,0,0,1,1
53,530077,1,1,0,0,0,3,3,47,0,26,3,2012,2,19,30,0,9,4,CR-GLOVER LANE,,4,48.38449444,-119.59315,0,17,0,0,1,1,0,5,1,1,0,1,0,0000000,99,99,99,99,99,99,0,0,0,1,1
53,530078,1,1,0,1,1,3,3,35,0,27,3,2012,3,21,15,0,2,3,SR-305,,95,47.71328333,-122.6110361,0,8,0,0,1,1,0,1,2,2,0,2,0,0000000,21,12,21,19,88,88,0,0,0,1,0
53,530079,1,1,0,0,0,2,2,15,1000,28,3,2012,4,20,14,0,15,6,HENDRICKSON RD,,0,46.00933889,-122.8475722,0,38,0,0,1,1,0,5,3,2,0,2,0,0000000,99,99,99,99,99,99,0,0,0,1,1
53,530080,1,1,0,0,0,4,4,11,0,29,3,2012,5,23,19,1,1,1,I-5,,121,45.80490556,-122.6811694,0,42,0,0,1,1,0,3,2,2,0,2,0,0000000,23,20,23,26,99,99,0,0,0,1,1
53,530081,2,2,0,0,0,2,2,53,0,6,4,2012,6,17,20,0,15,4,CR-156TH SC E,66TH AVE E,2,47.11409722,-122.3414,0,12,6,0,2,3,0,1,1,10,0,10,0,0000000,17,24,17,36,18,10,0,0,0,1,0
53,530082,1,1,0,1,1,1,1,11,0,30,3,2012,6,21,32,0,3,4,CR-NE 76TH ST,,82,45.67768333,-122.5798222,0,8,0,0,1,1,0,1,2,10,0,10,0,0000000,21,31,21,37,88,88,0,0,0,1,0
53,530083,1,1,0,0,0,1,1,53,0,7,4,2012,7,18,50,0,4,4,CR-40TH AVE S,,49,46.96798333,-122.4841472,0,1,0,0,1,1,0,1,1,1,0,1,0,0000000,18,55,19,1,88,88,0,0,0,1,1
53,530084,2,2,0,0,0,3,3,15,0,8,4,2012,1,18,36,0,3,3,SR-504,SI TOWN RD,27,46.30365,-122.8664972,0,12,1,0,2,3,0,1,2,1,0,1,0,0000000,18,31,18,37,99,99,0,0,0,1,1
53,530085,1,1,0,0,0,1,1,63,0,13,4,2012,6,22,52,0,4,4,CR-W DENISON CHATTAROY,,5,47.90373333,-117.427575,0,42,0,0,1,1,0,5,2,1,0,1,0,0000000,22,54,23,1,88,88,0,0,0,1,1
53,530086,1,1,0,0,0,1,1,67,0,14,4,2012,7,17,35,0,4,4,CR-OLD HWY 99 SE,,144,46.8965,-122.8556722,0,53,0,0,1,1,0,5,1,1,0,1,0,0000000,99,99,99,99,88,88,0,0,0,1,1
53,530087,1,1,0,0,0,3,3,33,109,14,4,2012,7,0,18,0,14,6,NE 6TH,I-405,0,47.61541667,-122.1892333,0,25,0,1,3,3,0,5,3,10,0,10,0,0000000,0,17,0,24,0,56,0,0,0,1,1
53,530088,1,1,0,1,1,1,1,35,0,15,4,2012,1,2,17,0,3,3,SR-3,,456,47.66683056,-122.6878472,0,8,0,1,5,1,0,1,2,1,0,1,0,0000000,99,99,99,99,88,88,19,0,0,1,1
53,530089,2,2,0,0,0,1,1,33,2310,12,4,2012,5,6,45,1,11,1,I-5,,1530,47.45078889,-122.2659417,0,12,1,0,1,1,0,1,4,1,0,1,0,0000000,6,45,6,50,99,99,23,0,0,1,0
53,530090,1,1,0,1,1,1,1,61,0,14,4,2012,7,20,50,0,2,4,CR-164TH ST SW,,1,47.849725,-122.2507556,0,8,0,0,1,1,0,1,3,1,0,1,0,0000000,20,50,20,53,88,88,0,0,0,1,0
53,530091,1,1,0,0,0,1,1,33,1960,1,4,2012,1,22,13,0,13,3,SR-99,,99999,47.60057222,-122.3356028,0,25,0,0,1,1,0,4,3,1,0,1,0,0000000,22,15,22,23,22,47,0,0,0,1,1
53,530092,1,1,0,1,1,1,1,33,1960,14,4,2012,7,21,0,0,13,3,SR-99,WALL ST,99999,47.61278333,-122.3512028,0,8,0,0,2,3,0,1,3,1,0,1,0,0000000,21,1,21,3,21,22,0,0,0,1,0
53,530093,2,1,1,0,1,3,4,73,110,15,4,2012,1,14,37,0,13,6,E MAPLE ST,,0,48.74080556,-122.4717556,0,14,0,0,1,1,0,5,1,1,0,1,0,0000000,14,37,14,56,99,99,0,0,0,1,1
53,530094,1,1,0,0,0,2,2,35,0,22,4,2012,1,2,34,0,4,4,CR-NW ANDERSON HILL RD,,22,47.66481389,-122.7330417,0,30,0,0,1,1,0,5,3,10,0,10,0,0000000,2,34,2,49,4,32,0,0,0,1,1
53,530095,3,3,0,1,1,7,7,61,690,14,4,2012,7,21,49,1,11,1,I-5,,1888,47.91825833,-122.2063,0,8,0,0,1,1,0,1,3,1,0,1,0,0000000,21,55,22,3,88,88,0,0,0,1,0
53,530096,1,1,0,0,0,1,1,47,0,16,4,2012,2,12,48,0,3,3,SR-20,,2131,48.37325556,-119.9164556,0,1,0,0,1,1,0,5,1,10,0,10,0,0000000,99,99,99,99,88,88,0,0,0,1,0
53,530097,2,2,0,0,0,4,4,29,0,21,4,2012,7,20,50,0,4,3,SR-532,HEICHEL RD,9,48.24125833,-122.4390667,0,12,2,0,2,3,0,1,2,1,0,1,0,0000000,99,99,99,99,99,99,0,0,0,1,0
53,530098,1,1,0,0,0,3,3,53,0,22,4,2012,1,1,35,0,3,3,SR-162,ORVILLE RD,110,47.08181667,-122.1868194,0,30,0,0,1,1,0,5,2,1,0,1,0,0000000,99,99,99,99,99,99,0,0,0,1,1
53,530099,2,2,0,0,0,5,5,33,100,22,4,2012,1,22,12,0,14,3,SR-164,ELM ST SE,24,47.28825,-122.190925,3,12,6,1,2,3,0,1,3,1,0,1,0,0000000,22,13,22,18,22,42,0,0,0,1,1
53,530100,1,1,0,0,0,5,5,77,0,8,4,2012,1,16,17,0,4,4,CR-GLADE RD,,25,46.17463889,-120.0012639,0,1,0,0,1,1,0,5,1,1,0,1,0,0000000,16,8,16,24,99,99,0,0,0,2,1
53,530101,2,2,0,0,0,3,3,77,0,22,4,2012,1,5,15,0,2,3,SR-823,,7,46.64139444,-120.5302667,0,12,2,0,1,1,0,1,3,1,0,1,0,0000000,5,13,5,19,99,99,0,0,0,1,1
53,530102,1,1,0,0,0,1,1,75,0,22,4,2012,1,11,38,0,4,4,CR-ROCKER LAKE RD,,31,47.22814167,-117.7139333,0,35,0,0,1,1,0,6,1,1,0,1,0,0000000,11,42,12,6,88,88,0,0,0,1,0
53,530103,1,1,0,0,0,2,2,11,0,24,4,2012,3,23,17,0,4,4,CR-NE RISTON RD,,21,45.77005833,-122.4584194,0,42,0,0,1,1,0,6,2,10,0,10,0,0000000,23,18,23,24,99,99,0,0,0,1,1
53,530104,2,2,0,0,0,2,2,11,0,24,4,2012,3,10,35,0,3,4,CR-63RD ST,CR-NE 58TH AVE,13,45.66787778,-122.6122833,0,12,6,0,2,2,0,1,1,10,0,10,0,0000000,10,34,10,39,99,99,0,0,0,1,0
53,530105,1,1,0,1,1,1,1,67,0,25,4,2012,4,21,11,0,4,3,SR-507,,230,46.84440278,-122.8619639,0,8,0,0,1,1,0,2,2,2,0,2,0,0000000,99,99,99,99,88,88,0,0,0,1,1
53,530107,3,3,0,0,0,3,3,25,0,27,4,2012,6,9,45,0,2,3,SR-281,,72,47.19350556,-119.8533944,0,12,1,0,1,1,0,1,1,1,0,1,0,0000000,9,53,9,54,99,99,0,0,0,1,0
53,530108,3,3,0,0,0,3,3,53,2230,28,4,2012,7,12,38,0,13,3,SR-7,56TH ST,559,47.20638056,-122.4339944,0,12,1,0,3,2,0,1,1,1,0,1,0,0000000,12,32,12,37,99,99,0,0,0,1,0