STATE,ST_CASE,VE_TOTAL,VE_FORMS,PVH_INVL,PEDS,PERNOTMVIT,PERMVIT,PERSONS,COUNTY,CITY,DAY,MONTH,YEAR,DAY_WEEK,HOUR,MINUTE,NHS,ROAD_FNC,ROUTE,TWAY_ID,TWAY_ID2,MILEPT,LATITUDE,LONGITUD,SP_JUR,HARM_EV,MAN_COLL,RELJCT1,RELJCT2,TYP_INT,WRK_ZONE,REL_ROAD,LGT_COND,WEATHER1,WEATHER2,WEATHER,SCH_BUS,RAIL,NOT_HOUR,NOT_MIN,ARR_HOUR,ARR_MIN,HOSP_HR,HOSP_MN,CF1,CF2,CF3,FATALS,DRUNK_DR
53,530109,1,1,0,0,0,1,1,33,0,10,2,2012,6,5,1,0,14,6,SW 108TH ST,12TH AVE SW,0,47.50646667,-122.3499083,0,25,0,0,3,1,0,5,3,10,0,10,0,0000000,5,54,5,57,99,99,0,0,0,1,1
53,530110,2,1,1,1,1,1,1,27,0,30,4,2012,2,16,0,0,4,4,CR-KEYS RD,,4,46.99525833,-123.4816194,0,8,0,0,1,1,0,2,1,2,0,2,0,0000000,99,99,99,99,99,99,0,0,0,1,0
53,530111,1,1,0,0,0,2,2,17,0,1,5,2012,3,18,45,0,4,4,CR-PEARL HILL RD,,20,47.98966667,-119.6311861,0,24,0,0,1,1,0,4,1,1,0,1,0,0000000,18,47,19,0,99,99,0,0,0,1,1
53,530112,2,2,0,0,0,2,2,77,0,4,5,2012,6,11,10,0,4,4,CR-SUMMITVIEW RD,,42,46.69826667,-120.7496,0,12,6,0,1,1,0,1,1,1,0,1,0,0000000,99,99,99,99,99,99,0,0,0,1,0
53,530113,2,2,0,0,0,6,6,75,0,4,5,2012,6,16,50,0,2,3,SR-26,,1034,46.78483611,-117.9300667,0,12,2,0,1,1,0,1,1,10,0,10,0,0000000,99,99,99,99,99,99,0,0,0,1,0
53,530114,2,2,0,0,0,4,4,73,0,4,5,2012,6,7,18,0,4,3,SR-544,,46,48.8914,-122.384725,0,12,2,0,1,1,0,1,1,1,0,1,0,0000000,99,99,99,99,99,99,0,0,0,2,0
53,530115,2,2,0,0,0,2,2,33,1050,4,5,2012,6,14,13,0,15,6,NE 131ST WAY,,0,47.71655278,-122.2181806,0,12,2,0,1,1,0,1,1,2,0,2,0,0000000,14,13,14,20,99,99,0,0,0,1,0
53,530116,1,1,0,0,0,2,2,37,0,4,5,2012,6,23,9,0,5,4,CR-LOOK RD,,15,47.03843889,-120.5172028,0,34,0,0,1,1,0,5,2,1,0,1,0,0000000,23,13,23,21,23,58,0,0,0,1,1
53,530117,1,1,0,0,0,1,1,65,0,6,5,2012,1,12,5,0,4,3,SR-291,,224,47.89010833,-117.6866417,0,24,0,0,1,1,0,4,1,1,0,1,0,0000000,12,6,12,19,88,88,0,0,0,1,1
53,530118,1,1,0,1,1,1,1,57,0,5,5,2012,7,15,45,0,3,3,SR-9,,547,48.48754444,-122.2449389,0,9,0,0,1,1,0,1,1,1,0,1,0,0000000,15,43,15,49,88,88,0,0,0,1,0
53,530119,2,2,0,0,0,2,2,61,1338,6,5,2012,1,16,34,0,15,6,VILLAGE GREEN DR,,0,47.85601389,-122.2022917,0,12,8,0,1,1,0,1,1,1,0,1,0,0000000,99,99,99,99,88,88,0,0,0,1,1
53,530120,1,1,0,0,0,1,1,77,0,6,5,2012,1,14,30,0,4,4,CR-ANTANUM RD,,153,46.53195,-120.7674111,0,17,0,0,1,1,0,5,1,1,0,1,0,0000000,99,99,99,99,99,99,0,0,0,1,1
53,530121,1,1,0,0,0,1,1,63,2110,6,5,2012,1,12,53,0,14,6,NEVADA,,0,47.74361389,-117.3954222,0,33,0,0,1,1,0,4,1,1,0,1,0,0000000,12,53,12,59,13,28,0,0,0,1,0
53,530122,1,1,0,0,0,1,1,33,1820,7,5,2012,2,15,23,0,16,6,NE 55 WAY,160 AVE NE,0,47.65735278,-122.1265972,0,33,0,0,3,1,0,5,1,1,0,1,0,0000000,15,23,15,29,16,54,0,0,0,1,0
53,530123,4,4,0,0,0,8,8,33,1018,7,5,2012,2,10,32,0,14,3,SR-522,,75,47.75674722,-122.2403667,0,12,6,0,1,1,0,1,1,1,0,1,0,0000000,10,34,10,37,11,21,0,0,0,1,0
53,530124,1,1,0,0,0,1,1,9,0,8,5,2012,3,19,56,0,5,4,CR-DEER PARK RD,,59,48.02453611,-123.341725,0,99,0,0,1,1,0,5,1,1,0,1,0,0000000,19,57,20,10,88,88,20,0,0,1,1
53,530125,2,2,0,0,0,4,4,27,1566,8,5,2012,3,19,38,0,16,6,CANAL DR SE,,0,46.98325556,-124.1552583,0,12,6,0,1,1,0,1,1,1,0,1,0,0000000,99,99,99,99,99,99,0,0,0,1,1
53,530126,1,1,0,1,1,1,1,41,0,12,5,2012,7,2,30,0,6,4,CR-BROAKWAY RD,,0,46.64846944,-123.0218778,0,8,0,0,1,1,0,1,2,1,0,1,0,0000000,99,99,99,99,99,99,0,0,0,1,0
53,530127,1,1,0,0,0,1,1,61,0,12,5,2012,7,20,27,0,4,4,CR-OLD SNOHOMISH,,29,47.88330278,-122.0558556,0,43,0,0,1,1,0,5,2,1,0,1,0,0000000,20,27,20,36,88,88,0,0,0,1,1
53,530128,2,2,0,0,0,3,3,33,1830,31,3,2012,7,20,12,0,14,6,RENTON AVE S,,0,47.48407222,-122.2269611,0,12,2,0,1,1,0,1,3,2,0,2,0,0000000,99,99,99,99,99,99,0,0,0,1,1
53,530129,1,1,0,0,0,4,4,45,0,15,5,2012,3,0,0,0,6,4,CR-E MIKKELSEN RD,,1,47.26126389,-123.0510389,0,42,0,0,1,1,0,5,2,1,0,1,0,0000000,0,9,0,33,1,14,0,0,0,1,1
53,530130,1,1,0,0,0,1,1,51,0,16,5,2012,4,8,33,0,3,3,SR-211,,51,48.17193056,-117.3012917,0,17,0,0,1,1,0,6,1,1,0,1,0,0000000,8,30,8,40,88,88,0,0,0,1,0
53,530131,1,1,0,0,0,2,2,33,1960,17,5,2012,5,12,32,0,13,6,N 34TH ST,,0,47.64803056,-122.3357778,0,30,0,0,1,1,0,5,1,1,0,1,0,0000000,12,36,12,41,13,11,0,0,0,2,0
53,530132,1,1,0,0,0,1,1,63,0,18,5,2012,6,0,1,1,2,2,US-395,,1704,47.82033333,-117.4127028,0,38,0,0,1,1,0,5,2,1,0,1,0,0000000,99,99,99,99,88,88,0,0,0,1,0
53,530133,1,1,0,0,0,1,1,49,0,18,5,2012,6,20,33,0,6,4,CR-U ST,,26,46.50513889,-124.0438389,0,42,0,0,1,1,0,5,1,1,0,1,0,0000000,99,99,99,99,88,88,0,0,0,1,1
53,530134,1,1,0,0,0,1,1,53,0,19,5,2012,7,0,43,0,12,3,SR-167,,67,47.20328611,-122.2527639,0,25,0,0,1,1,0,4,3,1,0,1,0,0000000,0,47,0,57,88,88,0,0,0,1,1
53,530135,2,2,0,0,0,3,3,5,0,19,5,2012,7,2,36,1,1,1,I-82,,1278,45.983625,-119.3150139,0,12,2,0,1,1,0,1,2,1,0,1,0,0000000,2,35,2,50,4,6,0,0,0,1,2
53,530136,1,1,0,1,1,2,2,67,0,20,5,2012,1,1,29,0,2,4,CR-YELM HWY,,87,46.98548056,-122.7436167,0,8,0,0,1,1,0,1,2,1,0,1,0,0000000,1,28,1,39,99,99,0,0,0,1,1
53,530137,1,1,0,0,0,2,2,77,0,20,5,2012,1,4,4,0,5,4,CR-N TRACK RD,,87,46.40900833,-120.3575361,0,30,0,0,1,1,0,5,2,10,0,10,0,0000000,3,57,4,14,88,88,0,0,0,2,1
53,530138,2,2,0,0,0,3,3,1,0,24,5,2012,5,20,48,1,1,1,I-90,,2174,47.11098333,-118.4583278,0,12,2,0,1,1,0,1,5,1,0,1,0,0000000,20,51,21,7,21,25,0,0,0,1,0
53,530139,1,1,0,0,0,1,1,53,2210,25,5,2012,6,19,35,0,14,6,VALLEY AVE S,,0,47.20323889,-122.2437806,0,33,0,0,1,1,0,4,1,1,0,1,0,0000000,19,43,19,53,99,99,0,0,0,1,1
53,530140,1,1,0,0,0,2,2,63,2110,26,5,2012,7,1,57,0,16,6,MAIN,STONE,0,47.65935833,-117.3767194,0,43,0,0,2,3,0,5,2,1,0,1,0,0000000,1,58,2,4,2,16,0,0,0,1,1
53,530141,1,1,0,0,0,1,1,53,0,26,5,2012,7,2,30,0,3,4,CR-218TH AVE E,,5,47.21381389,-122.1389583,0,1,0,0,1,1,0,5,3,1,0,1,0,0000000,2,36,2,46,88,88,0,0,0,1,1
53,530143,1,1,0,1,1,2,2,25,0,30,5,2012,4,11,45,0,13,3,SR-17,,592,47.18666667,-119.3439611,0,8,0,0,1,1,0,1,1,1,0,1,0,0000000,99,99,99,99,88,88,0,0,0,1,0
53,530144,1,1,0,1,1,2,2,11,0,2,6,2012,7,0,0,0,4,4,CR-NE 172ND AVE,,5,45.70123889,-122.4958417,0,8,0,0,1,1,0,1,2,1,0,1,0,0000000,21,59,22,3,88,88,0,0,0,1,0
53,530145,3,3,0,0,0,4,4,25,0,4,6,2012,2,10,55,0,3,3,SR-28,SR-17,528,47.38114444,-119.4831833,0,12,6,0,2,2,0,1,1,2,0,2,0,0000000,11,4,11,5,99,99,0,0,0,1,0
53,530146,1,1,0,0,0,1,1,33,1500,12,5,2012,7,23,44,1,11,1,I-90,,313,47.48147778,-121.7893167,0,59,0,0,1,1,0,5,2,1,0,1,0,0000000,23,48,23,54,88,88,0,0,0,1,1
53,530147,1,1,0,0,0,1,1,11,2370,6,6,2012,4,23,36,1,11,1,I-205,,311,45.65960833,-122.5724889,0,43,0,1,5,1,0,5,3,1,0,1,0,0000000,23,32,23,36,88,88,0,0,0,1,1
53,530148,3,3,0,0,0,4,4,33,735,7,6,2012,5,23,11,0,13,3,SR-99,,0,47.26833056,-122.3330389,0,12,2,0,1,1,0,1,3,1,0,1,0,0000000,23,12,23,16,0,9,0,0,0,1,1
53,530149,2,2,0,0,0,2,2,33,1030,8,6,2012,6,9,16,0,14,6,108TH ST,SE 192ND,41,47.43005278,-122.1970583,0,12,6,0,2,2,0,1,1,10,0,10,0,0000000,99,99,99,99,99,99,0,0,0,1,0
53,530150,1,1,0,3,3,2,2,61,1280,9,6,2012,7,23,27,0,15,6,SHOULTES RD,,0,48.08916944,-122.1665056,0,9,0,0,1,1,0,2,3,1,0,1,0,0000000,99,99,99,99,99,99,0,0,0,1,1
53,530151,1,1,0,0,0,1,1,53,0,11,6,2012,2,99,99,0,3,3,SR-7,,168,46.76323611,-122.19265,0,34,0,0,1,1,0,5,1,1,0,1,0,0000000,99,99,99,99,88,88,0,0,0,1,1
53,530152,2,2,0,0,0,2,2,63,2110,15,6,2012,6,5,52,1,14,2,US-2,,2795,47.64296111,-117.5571194,0,12,6,0,8,1,0,1,1,1,0,1,0,0000000,99,99,99,99,99,99,0,0,0,1,0
53,530153,1,1,0,1,1,1,1,11,2370,28,4,2012,7,13,42,0,13,6,E 27TH ST,MAIN ST,0,45.64089722,-122.6710889,0,9,0,0,2,2,0,1,1,1,0,1,0,0000000,13,40,13,48,99,99,0,0,0,1,0
53,530154,1,1,0,1,1,2,2,11,2370,3,5,2012,5,19,18,0,13,6,E 4TH PLAIN RD,NEALS LN,0,45.63755,-122.63475,0,8,0,0,3,3,0,1,1,1,0,1,0,0000000,19,19,19,25,88,88,0,0,0,1,1
53,530155,1,1,0,0,0,2,2,7,0,21,5,2012,2,17,0,0,6,4,CR-CAMAS CREEK RD,,7,47.49362222,-120.6345583,0,42,0,0,1,1,0,5,1,10,0,10,0,0000000,99,99,99,99,99,99,0,0,0,1,0
53,530156,1,1,0,0,0,2,2,61,0,27,4,2012,6,19,23,0,6,4,CR-TURK RD,,3,48.07044722,-122.2716472,3,30,0,0,1,1,0,5,3,1,0,1,0,0000000,99,99,99,99,99,99,0,0,0,1,1
53,530157,2,2,0,0,0,2,2,33,0,15,6,2012,6,12,46,0,3,3,SR-202,308TH AVE SE,195,47.57826667,-121.9319389,0,12,6,0,2,2,0,1,1,1,0,1,0,0000000,12,46,12,51,14,30,0,0,0,1,0
53,530158,2,2,0,0,0,4,4,77,0,16,6,2012,7,7,10,0,4,4,CR-FORT RD,LATERAL A,73,46.37533889,-120.4810583,1,12,6,0,2,2,0,1,1,1,0,1,0,0000000,7,12,7,24,99,99,0,0,0,1,1
53,530159,1,1,0,0,0,1,1,61,690,23,6,2012,7,14,57,0,2,6,BROADWAY,BROADWAY OVERPASS,0,47.96126944,-122.2008028,0,24,0,1,3,4,0,4,1,2,0,2,0,0000000,99,99,99,99,99,99,0,0,0,1,1
53,530160,3,3,0,0,0,5,5,71,0,23,6,2012,7,13,26,1,2,2,US-12,,3124,46.07006667,-118.8158056,0,12,6,0,1,1,0,1,1,6,0,6,0,0000000,13,30,13,50,88,88,0,0,0,1,0
53,530161,1,1,0,0,0,3,3,35,180,23,6,2012,7,4,14,0,12,3,SR-3,,400,47.58389722,-122.6983889,0,42,0,0,1,1,0,5,2,2,0,2,0,0000000,99,99,99,99,99,99,0,0,0,1,0
53,530162,1,1,0,0,0,1,1,5,0,24,6,2012,1,0,5,0,4,4,CR-12,,4,46.25003889,-119.8669639,0,1,0,0,1,1,0,5,2,1,0,1,0,0000000,99,99,99,99,88,88,0,0,0,1,1
53,530163,1,1,0,0,0,1,1,33,1960,24,6,2012,1,14,3,0,13,6,W MARGINAL WAY SW,,0,47.554275,-122.3476056,0,30,0,0,1,1,0,5,1,1,0,1,0,0000000,14,3,14,7,88,88,0,0,0,1,0
53,530164,2,2,0,0,0,2,2,63,0,25,6,2012,2,9,7,0,3,4,CR-GEIGER BL,THOMAS MALLEN RD,15,47.60353333,-117.5403333,0,12,2,0,2,3,0,1,1,1,0,1,0,0000000,99,99,99,99,88,88,0,0,0,1,0
53,530165,1,1,0,0,0,3,3,53,0,27,6,2012,4,2,49,0,15,4,CR-208TH ST E,,27,47.06797778,-122.3997222,0,42,0,0,1,1,0,5,3,10,0,10,0,0000000,99,99,99,99,99,99,0,0,0,1,1
53,530166,1,1,0,0,0,1,1,53,1124,28,6,2012,5,12,42,0,16,6,PERKINS LN SW,,0,47.16408611,-122.4839167,0,33,0,0,8,1,0,4,1,1,0,1,0,0000000,12,43,12,48,88,88,0,0,0,1,0
53,530167,2,2,0,0,0,3,3,39,0,30,6,2012,7,10,46,0,2,3,SR-14,,932,45.66334444,-120.9645861,0,1,0,0,1,1,0,1,1,1,0,1,0,0000000,99,99,99,99,88,88,0,0,0,1,0
53,530168,2,2,0,0,0,7,7,37,0,1,7,2012,1,12,58,1,1,1,I-82,,160,46.785325,-120.3695667,0,12,1,0,1,1,0,1,1,1,0,1,0,0000000,13,8,13,27,13,51,0,0,0,1,0
53,530169,1,1,0,0,0,3,3,61,0,1,7,2012,1,16,35,0,5,4,CR-SULTAN BASIN RD,,47,47.91978889,-121.7868444,0,1,0,0,1,1,0,5,1,10,0,10,0,0000000,16,35,16,46,99,99,0,0,0,1,1
53,530170,2,2,0,0,0,3,3,1,0,2,7,2012,2,13,12,0,6,4,CR-SCHAAKE RD,,1,46.77634722,-119.2638722,0,12,2,0,1,1,0,1,1,1,0,1,0,0000000,99,99,99,99,99,99,0,0,0,1,0
53,530171,2,2,0,0,0,5,5,53,0,4,7,2012,4,15,51,0,14,3,SR-167,,11,47.23503056,-122.3908861,3,12,6,0,8,1,0,1,1,1,0,1,0,0000000,99,99,99,99,99,99,0,0,0,1,0
53,530172,2,2,0,0,0,3,3,29,0,5,7,2012,5,20,8,0,2,3,SR-20,,370,48.35806944,-122.6266528,0,12,2,0,1,1,0,1,1,1,0,1,0,0000000,99,99,99,99,99,99,0,0,0,1,0
53,530173,1,1,0,0,0,1,1,51,0,8,7,2012,1,7,27,1,2,2,US-2,,3178,48.07648889,-117.3294306,0,1,0,0,1,1,0,3,1,1,0,1,0,0000000,7,23,7,32,99,99,0,0,0,1,0
53,530174,1,1,0,0,0,1,1,67,0,7,7,2012,7,13,15,0,4,4,CR-TILLEY RD S,,12,46.85365,-122.930275,0,11,0,0,1,1,0,1,1,1,0,1,0,0000000,99,99,99,99,88,88,0,0,0,1,0
53,530175,1,1,0,0,0,1,1,51,0,7,7,2012,7,1,40,0,4,4,CR-LECLERC RD S,,143,48.30785,-117.2491833,0,35,0,0,1,1,0,5,2,1,0,1,0,0000000,99,99,99,99,88,88,0,0,0,1,1
53,530176,2,2,0,0,0,2,2,11,2370,9,7,2012,2,16,23,0,3,6,SE 136TH AVE,,0,45.61711944,-122.5324611,0,12,6,0,8,1,0,1,1,1,0,1,0,0000000,99,99,99,99,88,88,0,0,0,1,0
53,530177,2,2,0,0,0,2,2,73,0,10,7,2012,3,4,35,0,2,3,SR-9,,940,48.96383056,-122.3048417,0,12,1,0,1,1,0,1,4,1,0,1,0,0000000,4,34,4,39,5,39,0,0,0,1,0
53,530178,1,1,0,0,0,1,1,53,0,14,7,2012,7,2,45,0,4,4,CR-TANWAX RD S,HARTS LAKE RD,61,46.89840278,-122.4440139,0,42,0,0,3,4,0,5,2,1,0,1,0,0000000,99,99,99,99,88,88,0,0,0,1,1
53,530179,1,1,0,0,0,1,1,45,0,16,7,2012,2,2,12,0,4,4,CR-E MCREADY RD,,45,47.29924722,-123.1001556,0,1,0,0,1,1,0,5,2,2,0,2,0,0000000,2,15,2,24,88,88,0,0,0,1,1
53,530180,1,1,0,0,0,1,1,33,0,16,7,2012,2,22,11,0,2,3,SR-203,,155,47.74745833,-121.985925,0,24,0,0,1,1,0,4,2,1,0,1,0,0000000,22,12,22,16,88,88,0,0,0,1,1
53,530182,1,1,0,0,0,1,1,35,0,13,7,2012,6,7,39,0,3,3,SR-160,,65,47.50481389,-122.5096028,0,42,0,0,1,1,0,5,1,1,0,1,0,0000000,7,36,7,43,88,88,0,0,0,1,0
53,530183,1,1,0,0,0,1,1,33,1030,15,7,2012,1,2,49,0,14,6,MILITARY RD S,,0,47.370875,-122.2865333,0,38,0,0,1,1,0,5,3,10,0,10,0,0000000,3,54,4,0,88,88,0,0,0,1,1
53,530184,2,2,0,0,0,2,2,53,0,1,6,2012,6,7,25,0,3,3,SR-507,208TH,420,47.06818889,-122.442625,0,12,6,0,2,3,0,1,1,2,0,2,0,0000000,99,99,99,99,99,99,0,0,0,1,0
53,530185,1,1,0,1,1,1,1,33,1960,8,6,2012,6,8,55,0,13,6,RAINER AVE S,23 AVE S,0,47.58447222,-122.3028861,0,8,0,0,2,7,0,1,1,1,0,1,0,0000000,8,56,8,56,10,18,0,0,0,1,0
53,530186,2,2,0,0,0,3,3,77,0,25,6,2012,2,9,56,1,2,2,US-97,,494,46.2322,-120.4201167,3,12,6,0,1,1,0,1,1,1,0,1,0,0000000,10,1,10,17,99,99,0,0,0,1,0
53,530187,1,1,0,0,0,3,3,61,0,26,5,2012,7,6,52,0,6,4,CR-TURK DR,,11,48.06838333,-122.254825,3,1,0,0,1,1,0,5,4,1,0,1,0,0000000,99,99,99,99,7,10,0,0,0,1,1
53,530188,1,1,0,0,0,2,2,25,0,30,6,2012,7,23,58,0,4,4,CR-PINTO RIDGE RD NE,,17,47.44695833,-119.3281972,0,35,0,0,1,1,0,5,2,1,0,1,0,0000000,99,99,99,99,99,99,0,0,0,1,1
53,530189,1,1,0,0,0,1,1,61,690,4,7,2012,4,12,21,0,2,3,SR-526,,12,47.92196111,-122.2786694,0,33,0,0,1,1,0,4,1,1,0,1,0,0000000,12,22,12,29,13,14,0,0,0,1,0
53,530190,2,2,0,0,0,3,3,53,2230,8,7,2012,1,12,1,0,2,3,SR-509,,42,47.26365833,-122.35695,0,12,2,0,1,1,0,1,1,1,0,1,0,0000000,12,3,12,9,88,88,0,0,0,1,0
53,530191,2,2,0,0,0,2,2,73,110,10,7,2012,3,11,13,0,14,6,IOWA ST,RACINE ST,0,48.7564,-122.4535667,0,12,6,0,2,3,0,1,1,1,0,1,0,0000000,99,99,99,99,99,99,0,0,0,1,0
53,530192,1,1,0,0,0,1,1,27,0,12,7,2012,5,17,52,0,6,4,CR-WALKER RD,,99999,47.18655,-123.9978722,0,11,0,0,1,1,0,1,1,1,0,1,0,0000000,17,53,18,17,88,88,0,0,0,1,0
53,530193,8,8,0,0,0,8,8,33,1960,17,7,2012,3,6,22,0,13,6,ELLIOT AVE W,,0,47.63059444,-122.3736194,0,12,6,0,1,1,0,1,1,1,0,1,0,0000000,99,99,99,99,99,99,0,0,0,1,0
53,530194,1,1,0,0,0,1,1,33,0,27,6,2012,4,23,5,0,5,4,CR-SE 368TH ST,,14,47.27008889,-122.0299944,0,24,0,0,1,1,0,4,2,1,0,1,0,0000000,23,8,23,14,88,88,0,0,0,1,1
53,530196,1,1,0,0,0,4,4,3,0,21,7,2012,7,22,30,0,6,4,CR-MAIL RTE RD,,15,46.37477222,-117.1947167,0,1,0,0,1,1,0,5,2,1,0,1,0,0000000,99,99,99,99,99,99,0,0,0,1,1
53,530197,1,1,0,1,1,3,3,33,735,22,7,2012,1,19,56,0,16,6,SW 333TH ST,24TH AVE SW,0,47.30398333,-122.3644361,0,9,0,0,2,3,0,1,1,1,0,1,0,0000000,19,57,20,3,20,49,0,0,0,1,0
53,530198,1,1,0,0,0,2,2,7,0,26,7,2012,5,12,40,1,2,2,US-97,,1808,47.50633333,-120.6337222,0,42,0,0,1,1,0,5,1,1,0,1,0,0000000,99,99,99,99,99,99,0,0,0,1,0
53,530199,1,1,0,0,0,1,1,9,0,17,7,2012,3,17,30,0,5,4,CR-LOTZGEESELL RD,,14,48.13319722,-123.1706028,0,58,0,0,1,1,0,5,1,1,0,1,0,0000000,17,31,17,39,88,88,0,0,0,1,1
53,530200,1,1,0,0,0,1,1,39,0,28,7,2012,7,10,1,1,2,2,US-97,,18,45.69751111,-120.8156556,0,58,0,0,1,1,0,4,1,1,0,1,0,0000000,99,99,99,99,99,99,0,0,0,1,0
53,530201,2,2,0,0,0,2,2,59,0,28,7,2012,7,9,45,0,2,3,SR-14,,610,45.72170833,-121.57275,0,12,1,0,1,1,0,1,1,1,0,1,0,0000000,99,99,99,99,88,88,0,0,0,1,0
53,530202,1,1,0,1,1,4,4,77,1220,28,7,2012,7,19,25,0,15,6,WASHINGTON ST,,0,46.21482778,-119.9959667,0,8,0,0,1,1,0,1,1,1,0,1,0,0000000,99,99,99,99,99,99,0,0,0,1,0
53,530203,1,1,0,0,0,1,1,53,0,29,7,2012,1,1,31,0,3,3,SR-7,,309,46.86865833,-122.3307639,0,42,0,0,1,1,0,5,2,1,0,1,0,0000000,99,99,99,99,88,88,0,0,0,1,1
53,530204,1,1,0,1,1,1,1,39,0,29,7,2012,1,22,45,0,4,3,SR-142,,124,45.81106944,-121.17185,0,8,0,0,1,1,0,1,2,1,0,1,0,0000000,99,99,99,99,88,88,0,0,0,1,0
53,530205,2,2,0,0,0,2,2,33,1958,30,7,2012,2,15,16,0,14,6,S 160TH ST,,0,47.45907222,-122.2919389,0,12,6,0,8,1,0,1,1,1,0,1,0,0000000,15,18,15,22,88,88,0,0,0,1,0
53,530206,1,1,0,0,0,1,1,65,0,1,8,2012,4,1,0,0,3,3,SR-25,,1056,48.87853333,-117.8366083,0,1,0,0,1,1,0,5,2,1,0,1,0,0000000,99,99,99,99,88,88,0,0,0,1,0
53,530207,1,1,0,0,0,5,5,47,0,2,8,2012,5,11,40,0,3,3,SR-155,,360,48.05210556,-118.98635,0,1,0,0,1,1,0,1,1,1,0,1,0,0000000,99,99,99,99,99,99,0,0,0,1,0
53,530208,3,3,0,0,0,4,4,15,2570,25,7,2012,4,19,46,1,11,1,I-5,,226,45.93823333,-122.7702694,0,12,6,0,1,1,0,1,1,1,0,1,0,0000000,99,99,99,99,99,99,0,0,0,1,0
53,530209,1,1,0,1,1,1,1,33,1820,17,5,2012,5,22,0,0,13,6,REDMOND WAY,,81,47.66621667,-122.1003389,0,8,0,0,1,1,0,1,3,10,0,10,0,0000000,22,2,22,6,88,88,0,0,0,1,0
53,530210,2,2,0,0,0,2,2,5,1020,14,6,2012,5,16,4,0,15,6,45TH AVE,OLYMPIA,0,46.16917778,-119.1381056,0,12,6,0,2,2,0,1,1,1,0,1,0,0000000,16,6,16,13,16,33,0,0,0,1,0
53,530212,2,2,0,0,0,3,3,33,0,3,8,2012,6,9,16,0,6,4,CR-SW 106TH ST,9 AVE SW,2,47.50831667,-122.3460583,0,12,6,0,8,1,0,1,1,1,0,1,0,0000000,9,20,9,24,88,88,0,0,0,1,0
53,530213,1,1,0,1,1,1,1,61,0,4,8,2012,7,23,17,0,4,4,CR-INDEX-GALENA RD,,11,47.81813611,-121.5549389,0,8,0,0,1,1,0,1,2,1,0,1,0,0000000,99,99,99,99,99,99,0,0,0,1,0
53,530214,2,2,0,0,0,10,10,11,2370,5,8,2012,1,21,25,0,3,6,NW LOWER RIVER RD,,45,45.66951944,-122.7477139,0,12,2,0,1,1,0,1,2,1,0,1,0,0000000,21,26,21,33,99,99,0,0,0,1,1
53,530215,1,1,0,1,1,1,1,33,1960,5,8,2012,1,1,50,0,14,6,15TH AVE NW,NE 104TH ST,0,47.70421944,-122.3123694,0,8,0,0,3,2,0,1,3,1,0,1,0,0000000,1,50,1,56,88,88,0,0,0,1,1
53,530216,2,2,0,0,0,3,3,53,1124,5,8,2012,1,8,54,1,11,1,I-5,,1240,47.13431111,-122.5301056,0,12,1,0,1,1,0,1,1,1,0,1,0,0000000,8,59,9,5,99,99,0,0,0,1,0
53,530217,1,1,0,1,1,1,1,67,1590,24,5,2012,5,17,30,0,13,6,PACIFIC AVE SE,LANDSDALE ST SE,0,47.04256111,-122.8570028,0,8,0,0,3,3,0,1,1,1,0,1,0,0000000,17,31,17,33,99,99,0,0,0,1,0
53,530218,2,2,0,0,0,2,2,53,0,5,8,2012,1,15,33,0,2,4,CR-SEHMEL DR NW,,3,47.35453611,-122.6274389,0,12,6,0,1,1,0,1,1,1,0,1,0,0000000,15,36,15,40,16,17,0,0,0,1,0
53,530219,1,1,0,0,0,2,2,53,2230,9,8,2012,5,0,36,0,15,6,DOCK ST,,0,47.25571111,-122.4361167,0,33,0,0,1,1,0,4,3,1,0,1,0,0000000,0,37,0,45,1,12,0,0,0,1,1
53,530220,1,1,0,0,0,2,2,17,0,10,8,2012,6,21,15,1,2,2,US-97,,2335,47.79505833,-119.9801833,0,17,0,0,1,1,0,5,2,1,0,1,0,0000000,99,99,99,99,99,99,0,0,0,1,0
53,530221,2,2,0,0,0,1,1,53,1770,10,8,2012,6,17,11,0,14,4,CR-122ND AVE E,151ST ST E,9,47.11919722,-122.2666861,0,12,6,0,2,3,0,1,1,1,0,1,0,0000000,99,99,99,99,99,99,0,0,0,1,0
53,530222,1,1,0,0,0,1,1,61,1407,18,8,2012,7,1,22,0,14,6,212TH ST SW,,0,47.80652222,-122.3091778,0,30,0,0,1,1,0,5,3,1,0,1,0,0000000,99,99,99,99,88,88,0,0,0,1,0
53,530223,1,1,0,0,0,2,2,39,0,20,8,2012,2,13,45,0,4,3,SR-14,,1461,45.82620833,-119.9828611,0,58,0,0,1,1,0,1,1,1,0,1,0,0000000,99,99,99,99,99,99,0,0,0,1,0
53,530224,1,1,0,0,0,1,1,53,800,20,8,2012,2,23,22,0,14,4,CR-REID DR NW,,3,47.30416389,-122.5686417,0,59,0,0,1,1,0,5,2,1,0,1,0,0000000,23,24,23,31,88,88,0,0,0,1,0
53,530225,1,1,0,0,0,1,1,67,0,20,8,2012,2,21,44,0,4,4,CR-RAINER RD SE,,69,46.955925,-122.7835194,0,32,0,0,1,1,0,5,2,1,0,1,0,0000000,21,39,21,52,88,88,0,0,0,1,1
53,530226,3,3,0,0,0,3,3,57,50,21,8,2012,3,21,40,0,2,3,SR-20   SPUR,,494,48.48368611,-122.5962083,0,12,1,0,1,1,0,1,2,1,0,1,0,0000000,21,42,21,53,22,6,0,0,0,1,0
53,530227,2,2,0,0,0,2,2,53,0,25,8,2012,7,13,18,0,3,3,SR-410,,170,47.16595556,-122.1197028,0,12,2,0,1,1,0,1,1,1,0,1,0,0000000,13,16,13,20,13,22,0,0,0,1,0