STATE,ST_CASE,VE_TOTAL,VE_FORMS,PVH_INVL,PEDS,PERNOTMVIT,PERMVIT,PERSONS,COUNTY,CITY,DAY,MONTH,YEAR,DAY_WEEK,HOUR,MINUTE,NHS,ROAD_FNC,ROUTE,TWAY_ID,TWAY_ID2,MILEPT,LATITUDE,LONGITUD,SP_JUR,HARM_EV,MAN_COLL,RELJCT1,RELJCT2,TYP_INT,WRK_ZONE,REL_ROAD,LGT_COND,WEATHER1,WEATHER2,WEATHER,SCH_BUS,RAIL,NOT_HOUR,NOT_MIN,ARR_HOUR,ARR_MIN,HOSP_HR,HOSP_MN,CF1,CF2,CF3,FATALS,DRUNK_DR
53,530228,2,2,0,0,0,2,2,33,1030,22,8,2012,4,6,44,0,16,6,SE 223RD ST,,0,47.40273611,-122.1776833,0,12,2,0,1,1,0,1,1,10,0,10,0,0000000,6,45,6,51,99,99,0,0,0,1,1
53,530229,2,2,0,0,0,2,2,33,0,23,8,2012,5,9,11,0,14,4,CR-NE UNION HILL RD,,6,47.67119444,-122.0698056,0,12,2,0,1,1,0,1,1,1,0,1,0,0000000,9,13,9,16,88,88,0,0,0,1,0
53,530230,2,2,0,0,0,2,2,63,0,24,8,2012,6,9,20,1,2,2,US-2,,3111,47.98411111,-117.3495778,0,12,6,0,1,1,0,1,1,1,0,1,0,0000000,99,99,99,99,99,99,0,0,0,1,0
53,530231,1,1,0,0,0,1,1,41,300,28,8,2012,3,23,33,0,15,6,W 1ST ST,G ST,0,46.7226,-122.9579194,0,58,0,0,2,2,0,1,3,1,0,1,0,0000000,23,35,23,38,99,99,0,0,0,1,1
53,530232,2,2,0,0,0,3,3,21,1660,6,8,2012,2,10,35,0,13,3,SR-397,E A ST,204,46.22655,-119.0767056,0,12,6,0,2,2,0,1,1,1,0,1,0,0000000,10,33,10,40,11,5,0,0,0,1,0
53,530233,3,3,0,0,0,6,6,33,1050,7,8,2012,3,20,45,0,14,6,JUANITA DR NE,,0,47.70735833,-122.2368444,0,12,2,0,1,1,0,1,3,10,0,10,0,0000000,20,45,20,51,21,10,0,0,0,1,1
53,530234,1,1,0,1,1,0,0,37,0,9,8,2012,5,11,50,0,6,4,CR-ROBBINS RD,,99999,47.11107778,-120.5605611,0,8,0,0,1,1,0,1,1,1,0,1,0,0000000,99,99,99,99,88,88,0,0,0,1,0
53,530235,1,1,0,1,1,1,1,53,2230,9,8,2012,5,14,47,0,14,6,N 26TH ST,,0,47.27164722,-122.52195,0,9,0,0,1,1,0,1,1,1,0,1,0,0000000,14,49,14,54,15,19,0,0,0,1,0
53,530236,2,2,0,0,0,3,3,25,0,9,8,2012,5,22,45,0,2,3,SR-17,,496,47.071975,-119.2152417,0,12,6,0,1,1,0,1,2,1,0,1,0,0000000,99,99,99,99,99,99,0,0,0,1,0
53,530237,1,1,0,1,1,1,1,61,1215,9,8,2012,5,22,35,0,13,3,SR-99,,484,47.84236667,-122.2967528,0,8,0,0,1,1,0,1,3,1,0,1,0,0000000,22,38,22,42,99,99,0,0,0,1,0
53,530238,1,1,0,0,0,1,1,33,109,10,8,2012,6,9,25,0,14,6,NEWCASTLE GOLF CLUB RD,,0,47.535075,-122.1310194,0,24,0,0,1,1,0,4,1,1,0,1,0,0000000,9,30,9,35,10,10,0,0,0,1,0
53,530239,1,1,0,1,1,1,1,53,160,11,8,2012,7,15,32,0,14,6,214TH AVE E,101ST E,0,47.16496111,-122.1442944,0,8,0,0,3,3,0,2,1,1,0,1,0,0000000,15,33,15,42,16,7,0,0,0,1,0
53,530240,1,1,0,0,0,1,1,25,0,11,8,2012,7,20,12,0,6,4,CR-RD 23 SW,,13,46.75541944,-119.8482194,0,35,0,0,1,1,0,5,2,1,0,1,0,0000000,99,99,99,99,88,88,0,0,0,1,0
53,530241,4,4,0,0,0,7,7,25,0,10,8,2012,6,11,38,0,3,3,SR-28,RD 17.6 NW,500,47.34886944,-119.5228778,0,12,1,0,1,1,0,1,1,1,0,1,0,0000000,99,99,99,99,99,99,0,0,0,1,0
53,530242,1,1,0,1,1,1,1,63,2110,11,8,2012,7,19,40,0,14,6,37TH AVE,CRESTLINE ST,0,47.62088889,-117.3793083,0,8,0,0,3,2,0,1,5,1,0,1,0,0000000,19,41,19,45,99,99,0,0,0,1,0
53,530243,1,1,0,0,0,4,4,7,0,12,8,2012,1,14,30,1,2,2,US-97,,1813,47.51583889,-120.6280583,0,1,0,0,1,1,0,5,1,1,0,1,0,0000000,14,33,14,45,99,99,0,0,0,1,0
53,530244,1,1,0,1,1,1,1,57,1410,14,8,2012,3,21,45,1,11,1,I-5,,2270,48.43845,-122.3413111,0,8,0,8,5,1,0,1,3,1,0,1,0,0000000,99,99,99,99,88,88,0,0,0,1,0
53,530245,1,1,0,0,0,1,1,11,0,15,8,2012,4,15,40,0,6,4,CR-NE 262ND AVE,NE BRADFORD RD,0,45.66283333,-122.4036389,0,42,0,0,3,3,0,5,1,1,0,1,0,0000000,99,99,99,99,88,88,0,0,0,1,0
53,530246,1,1,0,0,0,1,1,61,0,15,8,2012,4,23,25,1,1,1,I-5,,1843,47.85261944,-122.2564806,0,1,0,0,1,1,0,5,3,1,0,1,0,0000000,99,99,99,99,88,88,0,0,0,1,1
53,530247,1,1,0,0,0,1,1,11,0,15,8,2012,4,17,25,0,3,4,CR-NE 76TH ST,,79,45.67770833,-122.582575,0,42,0,0,1,1,0,5,1,1,0,1,0,0000000,17,29,17,37,88,88,0,0,0,1,0
53,530248,1,1,0,0,0,1,1,53,0,17,8,2012,6,14,2,0,2,4,CR-KRY PENINSULA HWY,,17,47.36203056,-122.7274639,0,42,0,0,1,1,0,5,1,1,0,1,0,0000000,99,99,99,99,88,88,0,0,0,1,0
53,530249,2,2,0,0,0,7,7,7,0,17,8,2012,6,18,29,1,2,2,US-97A,,2203,47.76223611,-120.1917944,0,1,0,0,1,1,0,1,1,1,0,1,0,0000000,99,99,99,99,99,99,14,0,0,1,0
53,530250,2,1,1,3,3,1,1,61,0,19,8,2012,1,1,17,1,1,1,I-5,,1965,48.019625,-122.1751083,0,8,0,0,1,1,0,1,2,1,0,1,0,0000000,99,99,99,99,99,99,23,0,0,1,1
53,530251,1,1,0,0,0,2,2,5,0,19,8,2012,1,1,0,1,1,1,I-82,,994,46.25919167,-119.4278611,0,1,0,0,1,1,0,5,2,1,0,1,0,0000000,99,99,99,99,99,99,0,0,0,1,0
53,530252,1,1,0,0,0,1,1,73,0,19,8,2012,1,11,30,0,3,3,SR-20,,1365,48.71871667,-121.0108333,0,34,0,0,1,1,0,5,1,1,0,1,0,0000000,99,99,99,99,88,88,0,0,0,1,0
53,530253,2,2,0,0,0,5,5,47,0,21,8,2012,3,16,50,1,2,2,US-97,,2674,48.14350833,-119.6662972,3,12,2,0,1,1,0,1,1,1,0,1,0,0000000,99,99,99,99,99,99,0,0,0,3,0
53,530254,1,1,0,0,0,2,2,35,0,22,8,2012,4,21,38,0,4,4,CR-COLUMBIA ST NE,,16,47.75049722,-122.5781111,0,42,0,0,1,1,0,5,2,1,0,1,0,0000000,21,39,21,46,22,20,0,0,0,2,1
53,530255,1,1,0,0,0,1,1,53,2230,22,8,2012,4,12,31,0,14,3,SR-509,I-705,10,47.24342222,-122.4338139,0,25,0,1,19,1,0,4,1,1,0,1,0,0000000,12,31,12,33,88,88,0,0,0,1,0
53,530256,1,1,0,1,1,1,1,11,2370,23,8,2012,5,19,6,0,14,6,W 8TH ST,,0,45.62728056,-122.6756583,0,15,0,0,1,1,0,1,1,1,0,1,0,0000000,19,7,19,11,88,88,0,0,0,1,0
53,530257,2,2,0,0,0,4,4,59,0,25,8,2012,7,11,50,0,2,3,SR-14,,434,45.68427778,-121.8979583,0,12,6,0,8,1,0,1,1,1,0,1,0,0000000,11,54,11,57,13,44,0,0,0,1,0
53,530258,1,1,0,1,1,1,1,33,0,27,8,2012,2,20,29,0,4,4,CR-112TH AVE NE,,9,47.74165833,-122.191625,0,8,0,0,1,1,0,1,5,1,0,1,0,0000000,20,26,20,33,22,18,0,0,0,1,1
53,530259,1,1,0,0,0,1,1,67,0,28,8,2012,3,1,59,1,1,1,I-5,,1004,46.96523333,-122.9336639,0,25,0,0,1,1,0,3,2,1,0,1,0,0000000,1,57,2,5,88,88,0,0,0,1,0
53,530260,2,2,0,0,0,4,4,61,0,10,8,2012,6,18,15,0,3,4,CR-67TH AVE NE,,6,48.10123611,-122.1406056,0,12,6,0,8,1,0,1,1,1,0,1,0,0000000,18,15,18,21,88,88,0,0,0,1,1
53,530261,2,2,0,0,0,5,5,61,80,30,8,2012,5,15,5,0,12,3,SR-9,,270,48.16278333,-122.1179611,0,12,2,0,1,1,0,1,1,1,0,1,0,0000000,99,99,99,99,99,99,0,0,0,1,1
53,530262,1,1,0,0,0,2,2,41,0,30,8,2012,5,7,45,0,3,4,CR-,,33,46.61216111,-122.8830556,0,32,0,0,1,1,0,5,1,5,0,5,0,0000000,7,46,7,55,8,48,0,0,0,1,0
53,530263,1,1,0,0,0,7,7,53,2230,31,8,2012,6,5,45,0,14,4,CR-22ND AVE E,,11,47.07189444,-122.4004778,0,38,0,0,1,1,0,5,1,1,0,1,0,0000000,99,99,99,99,99,99,0,0,0,1,1
53,530264,2,2,0,0,0,2,2,63,2113,31,8,2012,6,18,56,0,13,6,E SPRAGUE AVE,,0,47.65695833,-117.3175611,0,12,6,0,8,1,0,1,1,1,0,1,0,0000000,99,99,99,99,99,99,0,0,0,1,0
53,530265,2,2,0,0,0,3,3,33,1830,9,5,2012,4,18,2,0,13,3,SR-169,SE 5TH ST,242,47.47706111,-122.1794472,0,12,2,0,2,3,0,1,1,1,0,1,0,0000000,99,99,99,99,99,99,0,0,0,1,0
53,530266,1,1,0,0,0,1,1,11,2370,1,9,2012,7,2,50,0,12,3,SR-14,,30,45.61511667,-122.6116944,0,24,0,0,1,1,0,4,2,1,0,1,0,0000000,2,47,2,55,88,88,0,0,0,1,1
53,530267,2,2,0,0,0,4,4,33,0,2,9,2012,1,17,45,0,4,4,CR-CUMBERLAND-KANASKAT RD SE,,104,47.32496111,-121.9064333,0,12,2,0,1,1,0,1,1,1,0,1,0,0000000,99,99,99,99,88,88,0,0,0,1,1
53,530268,2,1,1,0,0,1,1,53,0,3,9,2012,2,16,49,0,6,4,CR-RHODENDRON DR E,,5,47.15261944,-122.1597139,0,14,0,0,1,1,0,5,1,1,0,1,0,0000000,99,99,99,99,88,88,0,0,0,1,1
53,530269,1,1,0,0,0,2,2,33,1960,3,9,2012,2,23,19,1,11,1,I-5,,1668,47.62520556,-122.3299806,0,25,0,1,5,1,0,4,3,1,0,1,0,0000000,99,99,99,99,99,99,0,0,0,1,0
53,530270,1,1,0,1,1,1,1,33,1960,5,9,2012,4,20,24,0,13,6,RAINER AVE S,,0,47.57566944,-122.2961028,0,8,0,0,1,1,0,1,2,1,0,1,0,0000000,99,99,99,99,99,99,0,0,0,1,0
53,530271,1,1,0,0,0,2,2,33,0,8,9,2012,7,21,55,0,4,4,CR-SE 400 WAY,,68,47.24946111,-121.9715111,0,24,0,0,1,1,0,4,2,1,0,1,0,0000000,99,99,99,99,88,88,0,0,0,2,1
53,530272,1,1,0,0,0,1,1,47,465,8,9,2012,7,11,45,0,14,3,SR-155,BIRCH RD,287,47.96991111,-118.9787333,3,24,0,0,3,4,0,4,1,1,0,1,0,0000000,99,99,99,99,88,88,0,0,0,1,0
53,530273,2,2,0,0,0,2,2,57,230,14,9,2012,6,21,54,0,14,4,CR-PETERSON RD,,10,48.47216389,-122.3894639,0,12,1,0,1,1,0,1,2,1,0,1,0,0000000,99,99,99,99,88,88,0,0,0,1,0
53,530274,3,3,0,0,0,7,7,73,0,3,9,2012,2,18,36,0,4,4,CR-BIRCH BAY LYNDEN RD,CUSTER SCHOOL RD,50,48.93530556,-122.6383583,0,12,6,0,2,2,0,1,1,1,0,1,0,0000000,99,99,99,99,99,99,0,0,0,1,1
53,530275,1,1,0,0,0,1,1,53,0,3,9,2012,2,7,31,0,3,3,SR-507,SR-702,311,46.93785,-122.554125,0,38,0,0,3,3,0,5,4,5,0,5,0,0000000,99,99,99,99,88,88,0,0,0,1,0
53,530276,1,1,0,0,0,1,1,17,0,4,9,2012,3,1,49,0,4,4,CR-MCNEIL CANYON RD,,20,47.83288611,-119.9499722,0,1,0,0,1,1,0,1,2,1,0,1,0,0000000,99,99,99,99,88,88,0,0,0,1,0
53,530277,2,2,0,0,0,2,2,53,0,5,10,2012,6,0,13,0,4,4,CR-B ST E,168TH ST E,7,47.10445833,-122.4292611,0,12,6,0,2,2,0,1,3,1,0,1,0,0000000,99,99,99,99,88,88,0,0,0,1,0
53,530278,2,2,0,0,0,3,3,33,371,2,8,2012,5,0,30,0,15,6,NE POINTS DR,,0,47.63577222,-122.2224889,0,58,0,0,1,1,0,1,9,1,0,1,0,0000000,0,36,0,41,2,27,0,0,0,1,2
53,530279,2,2,0,0,0,2,2,33,0,15,9,2012,7,15,32,0,3,4,CR-SE 4OOTH ST,,39,47.24276944,-122.0283083,0,12,6,0,1,1,0,1,1,1,0,1,0,0000000,99,99,99,99,88,88,0,0,0,1,0
53,530280,1,1,0,0,0,1,1,77,0,17,9,2012,2,16,12,1,2,2,US-12,,1565,46.65301667,-121.2955806,0,58,0,0,1,1,0,1,1,1,0,1,0,0000000,99,99,99,99,88,88,0,0,0,1,0
53,530281,1,1,0,0,0,1,1,75,0,19,9,2012,4,10,48,0,4,3,SR-272,,41,46.9057,-117.2930417,0,35,0,0,1,1,0,5,1,1,0,1,0,0000000,99,99,99,99,88,88,0,0,0,1,0
53,530282,2,2,0,0,0,2,2,73,0,20,9,2012,5,14,15,0,3,3,SR-542,MARSHALL HILL RD,141,48.82105278,-122.20955,0,12,1,0,3,4,0,1,1,1,0,1,0,0000000,99,99,99,99,88,88,0,0,0,1,0
53,530283,1,1,0,0,0,1,1,33,0,5,10,2012,6,19,13,0,6,4,CR-DORRE DAN WAY SE,,4,47.40132778,-122.0359639,0,30,0,0,1,1,0,5,2,1,0,1,0,0000000,99,99,99,99,88,88,0,0,0,1,1
53,530284,2,2,0,0,0,3,3,33,1030,24,9,2012,2,22,15,0,13,6,S 212TH ST,,0,47.41195556,-122.2267528,0,12,6,0,8,1,0,1,3,1,0,1,0,0000000,99,99,99,99,88,88,0,0,0,1,2
53,530285,1,1,0,0,0,1,1,53,1124,8,10,2012,2,18,41,0,13,6,WASHINGTON BLVD SW,,0,47.14895833,-122.5400389,0,42,0,0,1,1,0,5,1,1,0,1,0,0000000,99,99,99,99,99,99,0,0,0,1,0
53,530286,1,1,0,1,1,0,0,63,2110,2,7,2012,2,11,25,0,16,6,DEAN,,0,47.66608056,-117.4456472,0,8,0,0,1,1,0,1,1,1,0,1,0,0000000,99,99,99,99,88,88,23,0,0,1,0
53,530287,1,1,0,0,0,1,1,33,1050,24,8,2012,6,14,22,1,11,1,I-405,,180,47.67750278,-122.1843667,0,59,0,0,1,1,0,5,1,1,0,1,0,0000000,14,23,14,28,88,88,0,0,0,1,0
53,530288,2,2,0,0,0,3,3,61,0,6,9,2012,5,6,3,1,2,2,US-2,,80,47.92209167,-122.0747,0,12,2,0,1,1,0,1,2,1,0,1,0,0000000,99,99,99,99,99,99,0,0,0,1,0
53,530289,3,3,0,0,0,5,5,61,0,7,9,2012,6,11,0,1,2,2,US-2,,393,47.79311667,-121.5126028,0,12,6,0,1,1,0,1,1,1,0,1,0,0000000,99,99,99,99,99,99,0,0,0,1,0
53,530291,1,1,0,0,0,1,1,29,0,16,9,2012,1,2,2,0,5,4,CR-FISH RD,GARDEN LN,4,48.002525,-122.5324417,0,53,0,0,2,2,0,5,2,10,0,10,0,0000000,99,99,99,99,88,88,0,0,0,1,1
53,530292,2,2,0,0,0,4,4,33,1960,18,9,2012,3,5,59,0,13,6,WALL ST,,0,47.61617222,-122.3466861,0,12,6,0,8,1,0,1,3,1,0,1,0,0000000,99,99,99,99,99,99,0,0,0,1,0
53,530293,2,2,0,0,0,3,3,33,1050,8,9,2012,7,18,14,0,14,6,NE 132ND ST,,0,47.71839444,-122.1885083,0,33,0,0,1,1,0,5,1,1,0,1,0,0000000,99,99,99,99,99,99,0,0,0,2,1
53,530294,1,1,0,1,1,2,2,33,2005,20,9,2012,5,15,7,0,16,6,N 157TH ST,WALLINGFORD AVE N,0,47.74318333,-122.3371861,0,15,0,0,2,2,0,1,1,1,0,1,0,0000000,15,8,15,12,99,99,0,0,0,1,0
53,530295,2,2,0,0,0,2,2,25,0,21,9,2012,6,3,16,0,2,3,SR-17,,428,47.00978889,-119.1382944,0,12,2,0,1,1,0,1,2,1,0,1,0,0000000,99,99,99,99,88,88,0,0,0,1,1
53,530296,2,2,0,0,0,2,2,47,0,19,8,2012,1,9,4,0,3,3,SR-153,,122,48.10195556,-120.0140222,0,12,7,0,1,1,0,1,1,1,0,1,0,0000000,99,99,99,99,99,99,0,0,0,1,0
53,530298,1,1,0,0,0,1,1,41,0,24,9,2012,2,15,15,1,2,2,US-12,,1388,46.68858611,-121.5796528,0,24,0,0,1,1,0,4,1,10,0,10,0,0000000,99,99,99,99,99,99,0,0,0,1,0
53,530299,1,1,0,0,0,2,2,25,0,24,9,2012,2,6,31,0,4,4,CR-DODSON RD NW,,188,47.14850556,-119.5553639,0,1,0,0,1,1,0,1,1,1,0,1,0,0000000,99,99,99,99,88,88,0,0,0,2,0
53,530300,1,1,0,0,0,1,1,33,735,25,9,2012,3,0,23,0,13,6,SW CAMPUS DR,,0,47.29755278,-122.3480028,0,33,0,0,1,1,0,4,3,10,0,10,0,0000000,99,99,99,99,99,99,0,0,0,1,0
53,530301,1,1,0,1,1,1,1,61,0,25,9,2012,3,0,40,1,1,1,I-5,,2098,48.20275833,-122.21305,0,8,0,0,1,1,0,1,2,1,0,1,0,0000000,99,99,99,99,88,88,0,0,0,1,0
53,530302,1,1,0,1,1,1,1,63,2110,26,9,2012,4,14,21,0,13,6,2ND STREET,COWLEY,0,47.65455556,-117.4081361,0,8,0,0,2,2,0,1,1,1,0,1,0,0000000,99,99,99,99,99,99,0,0,0,1,0
53,530303,1,1,0,1,1,1,1,15,0,27,9,2012,5,8,1,0,4,4,CR-BEACON HILL RD,,14,46.17861389,-122.9319194,0,8,0,0,1,1,0,2,1,1,0,1,0,0000000,99,99,99,99,88,88,0,0,0,1,0
53,530304,1,1,0,0,0,2,2,77,0,28,9,2012,6,9,29,0,9,4,CR-A3000 RD,,99999,99.99990000,999.99990000,0,1,0,0,1,1,0,5,1,1,0,1,0,0000000,99,99,99,99,88,88,0,0,0,2,1
53,530305,1,1,0,0,0,1,1,53,0,29,9,2012,7,21,57,0,3,3,SR-162,,116,47.08258889,-122.1760833,0,1,0,0,1,1,0,5,2,1,0,1,0,0000000,99,99,99,99,88,88,0,0,0,1,1
53,530306,1,1,0,1,1,1,1,33,1030,1,10,2012,2,5,44,0,13,6,SE 272ND ST,,0,47.35795833,-122.1482861,0,8,0,0,1,1,0,1,3,1,0,1,0,0000000,99,99,99,99,88,88,0,0,0,1,0
53,530307,2,2,0,0,0,2,2,77,0,3,10,2012,4,8,18,0,3,4,CR-AHTANUM RD,64TH AVE,57,46.55814722,-120.5938278,0,12,6,0,2,3,0,1,1,1,0,1,0,0000000,99,99,99,99,88,88,0,0,0,1,0
53,530308,2,2,0,0,0,2,2,25,0,4,10,2012,5,13,25,0,4,4,CR-STRATFORD RD NE,,75,47.23920556,-119.2774806,0,12,2,0,1,1,0,1,1,1,0,1,0,0000000,99,99,99,99,88,88,0,0,0,1,0
53,530309,1,1,0,1,1,1,1,33,1960,4,10,2012,5,19,56,0,13,3,SR-900,S MYRTLE ST,99999,47.53894167,-122.2818583,0,8,0,0,3,2,0,1,3,1,0,1,0,0000000,99,99,99,99,99,99,0,0,0,1,0
53,530310,1,1,0,1,1,1,1,33,532,4,10,2012,5,20,58,0,13,6,MARINE VIEW DR,S 227TH ST,0,47.39789722,-122.3242556,0,8,0,0,2,4,0,1,3,1,0,1,0,0000000,99,99,99,99,99,99,0,0,0,1,0
53,530311,1,1,0,0,0,1,1,33,1958,4,10,2012,5,23,5,0,14,6,S 176TH ST,34TH AVE S,0,47.44525,-122.2890611,0,30,0,0,3,3,0,5,3,1,0,1,0,0000000,99,99,99,99,88,88,0,0,0,1,1
53,530312,2,2,0,0,0,6,6,71,0,5,10,2012,6,16,37,1,2,2,US-12,,3115,46.06619444,-118.8334611,0,12,2,0,1,1,0,1,1,1,0,1,0,0000000,99,99,99,99,99,99,0,0,0,2,0
53,530313,1,1,0,0,0,1,1,53,0,7,10,2012,1,21,58,0,3,3,SR-7,,328,46.88887222,-122.3582694,0,24,0,0,1,1,0,4,2,1,0,1,0,0000000,99,99,99,99,88,88,0,0,0,1,1
53,530314,2,2,0,0,0,2,2,53,0,9,10,2012,3,15,40,0,3,3,SR-161,,87,46.92103333,-122.2873222,0,12,2,0,1,1,0,1,1,1,0,1,0,0000000,99,99,99,99,99,99,0,0,0,1,0
53,530315,2,2,0,0,0,2,2,63,2110,10,10,2012,4,14,37,0,14,6,PERRY,17TH,0,47.6397,-117.3899778,0,12,6,0,2,2,0,1,1,1,0,1,0,0000000,99,99,99,99,99,99,0,0,0,1,0
53,530316,1,1,0,0,0,1,1,63,0,10,10,2012,4,0,50,0,4,3,SR-904,,37,47.45061111,-117.7131,0,1,0,0,1,1,0,5,2,1,0,1,0,0000000,99,99,99,99,88,88,0,0,0,1,1
53,530317,1,1,0,0,0,3,3,63,0,10,10,2012,4,1,15,0,3,4,CR-WELLESLEY AVE,,7,47.70083611,-117.0451694,0,30,0,0,1,1,0,5,3,1,0,1,0,0000000,99,99,99,99,99,99,0,0,0,1,0
53,530318,1,1,0,0,0,2,2,37,0,10,10,2012,4,15,12,1,1,1,I-90,,1142,46.97168611,-120.4245389,0,38,0,0,1,1,0,5,1,1,0,1,0,0000000,99,99,99,99,99,99,0,0,0,1,0
53,530319,1,1,0,0,0,1,1,39,0,11,10,2012,5,14,42,0,6,4,CR-STRINGSTREET RD,,29,45.73713333,-120.8683972,0,17,0,0,1,1,0,5,1,1,0,1,0,0000000,99,99,99,99,88,88,0,0,0,1,0
53,530320,1,1,0,1,1,1,1,77,850,7,9,2012,6,21,9,0,15,3,SR-223,BAILEY AVE,37,46.34521944,-120.1801778,0,8,0,0,2,2,0,1,3,1,0,1,0,0000000,99,99,99,99,88,88,0,0,0,1,0
53,530321,3,3,0,0,0,10,10,53,2230,12,10,2012,6,13,10,0,13,3,SR-7,S 48TH ST,564,47.21361389,-122.4340194,0,12,2,0,2,2,0,1,1,1,0,1,0,0000000,99,99,99,99,99,99,0,0,0,1,0
53,530322,1,1,0,0,0,1,1,77,840,14,10,2012,1,1,0,0,16,6,N ELM ST,,0,46.26557222,-119.8938028,0,33,0,0,1,1,0,4,2,1,0,1,0,0000000,99,99,99,99,88,88,0,0,0,1,1
53,530323,1,1,0,0,0,2,2,71,0,14,10,2012,1,18,51,0,4,4,CR-LOWER DRY CREEK RD,,57,46.09165556,-118.4831611,0,1,0,0,1,1,0,5,2,10,0,10,0,0000000,99,99,99,99,88,88,0,0,0,1,1
53,530324,2,2,0,0,0,3,3,53,0,17,10,2012,4,9,13,0,2,3,SR-302,,111,47.38046667,-122.7024306,0,12,2,0,1,1,0,1,1,10,0,10,0,0000000,99,99,99,99,99,99,0,0,0,1,0
53,530325,5,1,4,1,1,1,1,61,690,17,10,2012,4,19,13,0,13,3,SR-99,,532,47.90216667,-122.246425,0,9,0,0,1,1,0,4,5,1,0,1,0,0000000,99,99,99,99,99,99,0,0,0,1,0
53,530326,2,2,0,0,0,4,4,5,0,20,10,2012,7,14,0,0,4,3,SR-22,,332,46.19298056,-119.8069944,0,12,2,0,1,1,0,1,1,1,0,1,0,0000000,99,99,99,99,99,99,0,0,0,2,0
53,530327,2,2,0,0,0,4,4,7,0,23,10,2012,3,15,52,0,3,3,SR-974,,2368,47.85195556,-119.9660722,0,12,6,0,1,1,0,1,1,1,0,1,0,0000000,99,99,99,99,99,99,0,0,0,3,1
53,530328,3,3,0,0,0,4,4,33,1960,24,10,2012,4,9,57,0,13,3,SR-523,30TH AVE NE,23,47.73373889,-122.2964861,0,12,6,0,2,2,0,1,1,10,0,10,0,0000000,99,99,99,99,99,99,0,0,0,1,0
53,530329,1,1,0,1,1,1,1,35,0,26,10,2012,6,6,57,0,3,4,CR-JACKSON AVE S,SE AZALEA AVE,8,47.51601667,-122.6097889,0,8,0,0,3,3,0,1,2,10,0,10,0,0000000,99,99,99,99,99,99,0,0,0,1,0
53,530330,2,2,0,0,0,3,3,77,0,29,10,2012,2,8,27,0,4,4,CR-YOUNG GRADE,,3,46.65445278,-120.6327639,0,12,2,0,1,1,0,1,1,10,0,10,0,0000000,99,99,99,99,99,99,0,0,0,1,0
53,530331,1,1,0,1,1,1,1,33,1960,30,10,2012,3,14,47,0,16,6,2ND AVE NW,MERCER ST,0,47.62451944,-122.3527222,0,8,0,0,3,2,0,1,1,2,0,2,0,0000000,99,99,99,99,99,99,0,0,0,1,0
53,530332,2,2,0,0,0,2,2,65,0,3,9,2012,2,11,5,0,4,3,SR-292,E JUMP OF JOE RD,29,48.06408333,-117.6826222,0,12,1,0,2,2,0,1,1,1,0,1,0,0000000,99,99,99,99,88,88,0,0,0,1,0
53,530333,1,1,0,0,0,1,1,37,0,10,9,2012,2,16,17,1,1,1,I-90,,885,47.158825,-120.8356556,0,1,0,0,1,1,0,3,1,1,0,1,0,0000000,99,99,99,99,99,99,0,0,0,1,0
53,530334,1,1,0,1,1,1,1,61,0,22,9,2012,7,10,28,0,4,4,CR-ATLAS RD,BARKER RD,0,47.78915278,-122.25815,0,9,0,0,2,3,0,1,1,10,0,10,0,0000000,99,99,99,99,88,88,0,0,0,1,0
53,530335,2,2,0,0,0,3,3,35,180,2,10,2012,3,13,28,0,13,6,LEBO BLVD,WHEATON WAY,0,47.58156944,-122.6268917,0,12,1,0,3,2,0,1,1,1,0,1,0,0000000,99,99,99,99,99,99,0,0,0,2,0
53,530336,1,1,0,0,0,1,1,33,2005,13,10,2012,7,17,25,1,11,1,I-5,,1750,47.76316944,-122.3234333,0,21,0,0,1,1,0,5,1,10,0,10,0,0000000,17,25,17,32,88,88,0,0,0,1,0
53,530337,2,2,0,0,0,5,5,33,1960,13,10,2012,7,8,17,0,13,6,BALLARD BRIDGE,,0,47.65896667,-122.3761861,0,12,6,0,1,1,0,1,1,10,0,10,0,0000000,99,99,99,99,99,99,0,0,0,1,0
53,530338,1,1,0,0,0,1,1,77,2220,28,10,2012,1,5,17,0,15,6,MIDVALE RD,,0,46.28333889,-120.020075,0,33,0,0,1,1,0,4,3,4,0,4,0,0000000,99,99,99,99,99,99,0,0,0,1,1
53,530339,1,1,0,0,0,1,1,41,0,29,10,2012,2,10,0,0,9,8,FS RD 26,,64,99.99990000,999.99990000,0,1,0,0,1,1,0,5,9,99,0,99,0,0000000,88,88,88,88,88,88,0,0,0,1,0
53,530340,2,2,0,0,0,3,3,45,0,30,10,2012,3,12,9,1,2,2,US-101,,3357,47.35324167,-123.16065,0,12,6,0,1,1,0,1,1,2,0,2,0,0000000,99,99,99,99,99,99,0,0,0,2,0
53,530341,3,3,0,0,0,4,4,61,690,30,10,2012,3,17,59,0,13,6,EVERGREEN WAY,,0,47.92746944,-122.2226806,0,12,6,0,1,1,0,1,3,2,0,2,0,0000000,99,99,99,99,99,99,0,0,0,1,1
53,530342,1,1,0,0,0,2,2,77,0,15,10,2012,2,21,0,0,6,4,CR-S WAPATO RD,,75,46.32345556,-120.4180111,3,18,0,0,1,1,0,5,2,2,0,2,0,0000000,99,99,99,99,99,99,0,0,0,1,1