STATE,ST_CASE,VE_TOTAL,VE_FORMS,PVH_INVL,PEDS,PERNOTMVIT,PERMVIT,PERSONS,COUNTY,CITY,DAY,MONTH,YEAR,DAY_WEEK,HOUR,MINUTE,NHS,ROAD_FNC,ROUTE,TWAY_ID,TWAY_ID2,MILEPT,LATITUDE,LONGITUD,SP_JUR,HARM_EV,MAN_COLL,RELJCT1,RELJCT2,TYP_INT,WRK_ZONE,REL_ROAD,LGT_COND,WEATHER1,WEATHER2,WEATHER,SCH_BUS,RAIL,NOT_HOUR,NOT_MIN,ARR_HOUR,ARR_MIN,HOSP_HR,HOSP_MN,CF1,CF2,CF3,FATALS,DRUNK_DR
53,530343,1,1,0,1,1,2,2,33,670,31,10,2012,4,19,55,0,3,3,SR-410,,237,47.19004722,-122.0019194,0,8,0,0,1,1,0,2,2,1,0,1,0,0000000,99,99,99,99,88,88,0,0,0,1,0
53,530344,1,1,0,1,1,1,1,25,1390,31,10,2012,4,21,48,0,13,6,BROADWAY AVE,,0,47.1176,-119.2950583,0,8,0,0,1,1,0,1,3,1,0,1,0,0000000,99,99,99,99,99,99,0,0,0,1,0
53,530345,1,1,0,0,0,1,1,77,0,1,11,2012,5,4,20,1,2,2,US-12,,1828,46.71941944,-120.8209639,0,1,0,0,1,1,0,5,2,1,0,1,0,0000000,99,99,99,99,88,88,0,0,0,1,1
53,530346,2,2,0,0,0,2,2,77,0,2,11,2012,6,9,50,1,1,1,I-82,,370,46.57294444,-120.4717306,0,12,6,0,1,1,0,1,1,1,0,1,0,0000000,99,99,99,99,88,88,0,0,0,1,0
53,530347,1,1,0,0,0,1,1,47,0,3,11,2012,7,99,99,0,6,4,CR-SINLAHEKIN RD,,38,99.99990000,999.99990000,0,1,0,0,1,1,0,5,9,99,0,99,0,0000000,99,99,99,99,88,88,0,0,0,1,1
53,530348,2,2,0,0,0,1,1,33,735,4,11,2012,1,2,29,1,11,1,I-5,,1437,47.31346389,-122.298,0,12,1,0,1,1,0,1,2,10,0,10,0,0000000,99,99,99,99,88,88,19,0,0,1,0
53,530349,1,1,0,1,1,1,1,77,0,6,11,2012,3,2,45,1,1,1,I-82,,400,46.51550278,-120.4553083,0,8,0,0,1,1,0,1,3,1,0,1,0,0000000,99,99,99,99,88,88,0,0,0,1,0
53,530350,1,1,0,0,0,2,2,53,0,7,11,2012,4,22,0,0,9,8,NF-7920,,99999,99.99990000,999.99990000,0,1,0,0,1,1,0,5,2,1,0,1,0,0000000,99,99,99,99,88,88,0,0,0,1,0
53,530351,2,2,0,0,0,2,2,35,0,8,11,2012,5,15,38,0,4,4,CR-SEABECK HOOLY RD NW,PETER HAGEN RD NW,41,47.58230556,-122.8658,0,12,2,0,3,4,0,1,1,1,0,1,0,0000000,99,99,99,99,88,88,0,0,0,1,1
53,530352,1,1,0,0,0,1,1,35,0,9,11,2012,6,11,11,0,2,3,SR-16,,188,47.41724444,-122.6228194,0,42,0,0,1,1,0,5,1,10,0,10,0,0000000,99,99,99,99,99,99,0,0,0,1,0
53,530353,1,1,0,0,0,1,1,67,0,10,11,2012,7,18,56,0,3,4,CR-OLD HWY 99 SE,,103,46.84496111,-122.8822083,0,38,0,0,1,1,0,5,2,1,0,1,0,0000000,99,99,99,99,99,99,0,0,0,1,1
53,530354,2,2,0,0,0,10,10,33,532,10,11,2012,7,15,9,0,14,6,S 240TH ST,20TH AVE S,0,47.38650833,-122.3078194,0,12,6,0,2,2,0,1,1,1,0,1,0,0000000,99,99,99,99,99,99,0,0,0,1,0
53,530355,1,1,0,0,0,6,6,33,1960,11,11,2012,1,20,0,0,16,6,8TH AVE S,,0,47.51714167,-122.3257583,0,30,0,0,1,1,0,5,3,2,0,2,0,0000000,99,99,99,99,99,99,0,0,0,2,0
53,530356,1,1,0,1,1,1,1,61,1280,13,11,2012,3,20,4,0,13,6,STATE AVE,109TH PL NE,0,48.09385278,-122.1732778,0,9,0,0,3,3,0,1,2,2,0,2,0,0000000,99,99,99,99,88,88,0,0,0,1,1
53,530357,1,1,0,1,1,1,1,65,0,13,11,2012,3,19,10,0,4,3,SR-231,,602,48.02912222,-117.7319722,0,8,0,0,1,1,0,1,2,1,0,1,0,0000000,99,99,99,99,88,88,0,0,0,1,0
53,530358,1,1,0,0,0,1,1,47,0,13,11,2012,3,17,48,0,3,3,SR-20,,2714,48.66400556,-119.2649778,0,1,0,0,1,1,0,2,2,10,0,10,0,0000000,99,99,99,99,99,99,0,0,0,1,0
53,530359,2,2,0,0,0,3,3,35,0,14,11,2012,4,19,0,0,2,3,SR-104,,223,47.80905833,-122.536775,0,12,2,0,1,1,0,1,2,1,0,1,0,0000000,99,99,99,99,88,88,0,0,0,3,0
53,530360,2,2,0,0,0,3,3,49,0,15,11,2012,5,15,20,1,2,2,US-101,N NEHMAH RD E,357,46.52026667,-123.8857639,0,12,6,0,2,2,0,1,1,1,0,1,0,0000000,99,99,99,99,99,99,0,0,0,1,0
53,530361,1,1,0,0,0,1,1,77,0,15,11,2012,5,16,9,0,3,4,CR-MAPLEWAY,,4,46.65058889,-120.5648639,0,1,0,0,1,1,0,5,5,8,0,8,0,0000000,99,99,99,99,99,99,0,0,0,1,1
53,530362,2,2,0,0,0,3,3,35,0,17,11,2012,7,1,9,0,2,4,CR-SILVERDALE WAY NW,NW BUCKLIN HILL RD,10,47.65046111,-122.694025,0,12,6,0,2,2,0,1,3,2,0,2,0,0000000,99,99,99,99,99,99,0,0,0,1,2
53,530364,1,1,0,0,0,1,1,27,0,21,11,2012,4,22,30,0,6,4,CR-LUND RD,,12,46.87435,-123.7294306,0,42,0,0,1,1,0,5,2,5,0,5,0,0000000,99,99,99,99,88,88,0,0,0,1,1
53,530365,2,2,0,0,0,3,3,11,0,23,11,2012,6,14,41,0,2,3,SR-502,NE 29TH AVE,30,45.77971389,-122.6410556,0,12,6,0,2,2,0,1,1,2,0,2,0,0000000,99,99,99,99,99,99,0,0,0,1,0
53,530366,2,2,0,0,0,2,2,61,690,23,11,2012,6,16,51,1,11,1,I-5,,1912,47.94648611,-122.198325,0,12,7,0,1,1,0,1,2,2,0,2,0,0000000,99,99,99,99,99,99,0,0,0,1,1
53,530367,1,1,0,0,0,1,1,77,0,26,11,2012,2,11,59,0,6,4,CR-WALTERS RD,,7,46.54617222,-120.3558333,0,42,0,0,1,1,0,5,1,1,0,1,0,0000000,99,99,99,99,88,88,0,0,0,1,1
53,530368,1,1,0,1,1,1,1,11,0,27,11,2012,3,14,52,0,2,4,CR-NE HWY 99,,36,45.67440833,-122.6627417,0,33,0,0,1,1,0,4,1,1,0,1,0,0000000,99,99,99,99,99,99,0,0,0,1,0
53,530369,2,2,0,0,0,2,2,1,0,30,11,2012,6,22,7,1,2,2,US-395,,716,46.83196944,-118.6578,0,12,2,0,1,1,0,1,2,10,0,10,0,0000000,99,99,99,99,99,99,0,0,0,2,1
53,530370,1,1,0,1,1,2,2,49,0,1,12,2012,7,17,26,0,4,3,SR-103,,94,46.46723889,-124.052425,0,8,0,0,1,1,0,1,3,2,0,2,0,0000000,99,99,99,99,88,88,0,0,0,1,0
53,530371,2,2,0,0,0,3,3,5,9898,1,12,2012,7,17,10,0,2,3,SR-240,,371,46.25943056,-119.2639222,0,25,0,0,1,1,0,4,3,1,0,1,0,0000000,99,99,99,99,99,99,0,0,0,1,0
53,530372,2,2,0,1,1,2,2,33,1960,3,12,2012,2,18,42,0,12,3,SR-509,,0,47.54039444,-122.3345139,0,8,0,0,1,1,0,1,3,2,0,2,0,0000000,99,99,99,99,88,88,0,0,0,1,0
53,530373,1,1,0,1,1,1,1,41,310,3,12,2012,2,17,4,0,13,6,S MARKET BLVD,SW 12TH ST,0,46.65426111,-122.9538583,0,15,0,0,3,3,0,1,2,2,0,2,0,0000000,99,99,99,99,99,99,0,0,0,1,0
53,530374,1,1,0,1,1,1,1,61,0,4,12,2012,3,5,30,0,3,4,CR-S MACHIAS RD,,17,47.95649722,-122.0709528,0,8,0,0,1,1,0,2,2,2,0,2,0,0000000,99,99,99,99,88,88,0,0,0,1,1
53,530375,1,1,0,0,0,1,1,37,0,5,12,2012,4,6,41,1,1,1,I-90,,940,47.10694722,-120.7667028,0,34,0,0,1,1,0,5,2,4,0,4,0,0000000,99,99,99,99,99,99,0,0,0,1,0
53,530376,2,2,0,0,0,2,2,67,0,6,12,2012,5,21,41,0,6,4,CR-SMITH PRAIRIE RD SE,,17,46.85875556,-122.5333083,0,12,2,0,1,1,0,1,2,1,0,1,0,0000000,99,99,99,99,99,99,0,0,0,1,1
53,530377,4,4,0,0,0,5,5,61,1120,7,12,2012,6,22,45,0,13,3,SR-9,,162,48.00703611,-122.1069861,0,12,2,0,1,1,1,1,2,10,0,10,0,0000000,99,99,99,99,99,99,0,0,0,1,0
53,530378,2,2,0,0,0,4,4,77,0,9,12,2012,1,15,55,0,4,4,CR-S WAPATO,FORT RD,99999,46.37545556,-120.4177139,3,12,6,0,2,2,0,1,1,1,0,1,0,0000000,99,99,99,99,99,99,0,0,0,1,0
53,530379,1,1,0,0,0,2,2,35,0,10,12,2012,2,4,38,0,4,4,CR-MILLER BAY RD NE,,29,47.78060556,-122.5536444,0,30,0,0,1,1,0,5,2,10,0,10,0,0000000,99,99,99,99,99,99,0,0,0,1,1
53,530380,1,1,0,1,1,1,1,33,1820,11,12,2012,3,14,24,0,13,6,148TH AVE,,0,47.64634444,-122.142975,0,8,0,0,8,1,0,1,1,2,0,2,0,0000000,14,22,14,29,15,33,0,0,0,1,0
53,530381,3,3,0,0,0,4,4,77,2220,11,12,2012,3,11,0,0,14,4,CR-YAKIMA VALLEY HWY,,250,46.32848333,-120.0722222,0,12,1,0,1,1,0,1,1,1,0,1,0,0000000,99,99,99,99,99,99,0,0,0,1,0
53,530382,1,1,0,0,0,1,1,33,1960,8,9,2012,7,12,17,0,15,6,W SEATTLE BRIDGE,,0,47.57093611,-122.3532028,0,25,0,0,1,1,0,3,1,1,0,1,0,0000000,99,99,99,99,99,99,0,0,0,1,0
53,530383,1,1,0,1,1,1,1,33,1960,25,10,2012,5,1,31,1,11,1,I-5,,1597,47.53582778,-122.2973417,0,8,0,0,1,1,0,1,2,1,0,1,0,0000000,99,99,99,99,99,99,0,0,0,1,0
53,530384,1,1,0,0,0,1,1,33,0,12,12,2012,4,10,45,0,12,3,SR-167,,144,47.30389722,-122.2531667,0,25,0,0,5,1,0,5,1,10,0,10,0,0000000,99,99,99,99,88,88,0,0,0,1,0
53,530385,2,2,0,1,1,2,2,5,1020,12,12,2012,4,10,13,0,13,6,W CLEARLASTER,N UNION,0,46.21234167,-119.17975,0,12,7,0,2,2,0,1,1,1,0,1,0,0000000,99,99,99,99,88,88,0,0,0,1,0
53,530386,1,1,0,1,1,1,1,63,0,14,12,2012,6,18,3,1,1,1,I-90,,2775,47.64130278,-117.4637417,0,59,0,0,1,1,0,5,3,10,0,10,0,0000000,99,99,99,99,88,88,0,0,0,1,1
53,530387,1,1,0,0,0,1,1,61,0,14,12,2012,6,4,39,0,4,4,CR-OK MILL RD,,5,47.9975,-122.0114306,0,1,0,0,1,1,0,1,2,2,0,2,0,0000000,99,99,99,99,88,88,0,0,0,1,0
53,530388,1,1,0,0,0,5,5,37,0,15,12,2012,7,10,37,1,1,1,I-90,,1232,46.94659167,-120.2422083,0,1,0,0,1,1,0,3,1,4,0,4,0,0000000,99,99,99,99,99,99,0,0,0,1,0
53,530389,3,1,2,1,1,1,1,37,0,16,12,2012,1,15,41,1,1,1,I-90,,540,47.4012,-121.4028583,0,14,0,0,1,1,0,4,5,4,0,4,0,0000000,99,99,99,99,88,88,23,0,0,1,0
53,530390,1,1,0,0,0,2,2,15,1190,16,12,2012,1,21,53,0,16,6,PENNNSYLVANIA ST,,0,46.15778056,-122.962425,0,42,0,0,1,1,0,5,3,2,0,2,0,0000000,99,99,99,99,99,99,0,0,0,1,0
53,530391,1,1,0,1,1,1,1,11,2370,17,12,2012,2,17,50,0,14,6,MILL PLAIN BLVD,,0,45.62691111,-122.6022611,0,8,0,0,1,1,0,1,3,10,0,10,0,0000000,99,99,99,99,88,88,0,0,0,1,0
53,530392,1,1,0,1,1,1,1,33,735,17,12,2012,2,17,21,0,14,6,S 312TH ST,,0,47.32232778,-122.3143,0,8,0,0,1,1,0,1,3,1,0,1,0,0000000,99,99,99,99,99,99,0,0,0,1,0
53,530393,2,2,0,0,0,2,2,37,0,17,12,2012,2,18,43,1,1,1,I-90,,923,47.12854167,-120.8041667,0,12,7,0,1,1,0,1,2,4,0,4,0,0000000,99,99,99,99,88,88,0,0,0,1,0
53,530394,2,2,0,0,0,9,9,77,0,19,12,2012,4,16,49,0,4,4,CR-FORT ROAD,,139,46.37521944,-120.6191167,3,12,6,0,1,1,0,1,2,3,0,3,0,0000000,99,99,99,99,99,99,0,0,0,1,0
53,530395,1,1,0,0,0,1,1,77,0,21,12,2012,6,2,10,0,6,4,CR-CAMPBELL RD,,61,46.41255556,-120.4385417,3,31,0,0,1,1,0,5,2,1,0,1,0,0000000,99,99,99,99,88,88,0,0,0,1,1
53,530396,1,1,0,0,0,1,1,27,0,21,12,2012,6,16,5,0,4,4,CR-OCEAN BEACH RD,,37,47.05280278,-123.987675,0,42,0,0,1,1,0,5,1,2,0,2,0,0000000,99,99,99,99,88,88,0,0,0,1,1
53,530397,1,1,0,0,0,6,6,7,0,21,12,2012,6,13,20,1,2,2,US-2,,790,47.78562222,-120.847125,0,18,0,0,1,1,0,1,1,4,0,4,0,0000000,99,99,99,99,99,99,0,0,0,2,0
53,530398,3,3,0,0,0,3,3,25,0,25,12,2012,3,19,26,1,1,1,I-90,,75,47.0037,-119.9732528,0,12,8,0,1,1,0,1,2,10,0,10,0,0000000,99,99,99,99,99,99,0,0,0,1,0
53,530399,3,3,0,1,1,3,3,61,1360,26,12,2012,4,19,35,1,2,2,US-2,MAIN ST,152,47.85785556,-121.9641333,0,9,0,0,2,2,0,1,3,2,0,2,0,0000000,99,99,99,99,99,99,0,0,0,1,0
53,530400,2,2,0,0,0,4,4,77,0,24,12,2012,2,17,10,0,4,4,CR-FORT RD,,92,46.37523611,-120.5211278,3,12,6,0,1,1,0,1,5,4,0,4,0,0000000,99,99,99,99,99,99,0,0,0,1,0
53,530401,1,1,0,1,1,1,1,33,1960,26,12,2012,4,18,55,0,13,6,LAKE CITY WAY NE,,0,47.70882222,-122.3011667,0,8,0,0,1,1,0,1,3,2,0,2,0,0000000,99,99,99,99,99,99,0,0,0,1,0
53,530402,1,1,0,0,0,2,2,33,2310,28,12,2012,6,1,42,0,13,6,S 180TH ST,,0,47.44112222,-122.246125,0,3,0,0,1,1,0,5,3,10,0,10,0,0000000,99,99,99,99,88,88,0,0,0,2,1
53,530404,3,3,0,0,0,7,7,11,107,31,12,2012,2,18,56,0,2,3,SR-503,,50,45.73979167,-122.5514694,0,12,2,0,1,1,0,1,2,10,0,10,0,0000000,99,99,99,99,99,99,0,0,0,1,0
53,530405,1,1,0,1,1,1,1,23,0,14,12,2012,6,20,0,1,2,2,US-12,,4119,46.44651667,-117.4474333,0,8,0,0,1,1,0,1,2,10,0,10,0,0000000,99,99,99,99,88,88,0,0,0,1,0
53,530406,2,2,0,0,0,7,7,27,0,13,5,2012,1,13,30,0,3,3,SR-108,,41,47.08336667,-123.2328083,0,12,2,0,1,1,0,1,1,1,0,1,0,0000000,99,99,99,99,88,88,0,0,0,1,1
53,530407,1,1,0,1,1,1,1,33,1960,29,5,2012,3,6,19,0,13,6,BOREN AVE,PIKE ST,0,47.61340833,-122.3288583,0,9,0,0,2,2,0,1,1,1,0,1,0,0000000,99,99,99,99,99,99,0,0,0,1,1
53,530408,2,2,0,0,0,2,2,7,0,26,11,2012,2,7,40,0,3,3,SR-97A,,2115,47.62501111,-120.2406972,0,12,2,0,1,1,0,1,1,1,0,1,0,0000000,99,99,99,99,99,99,0,0,0,1,0
53,530409,1,1,0,0,0,1,1,31,0,22,12,2012,7,16,5,0,5,4,CR-CAPE GEORGE RD,,30,48.09679722,-122.8740722,0,42,0,0,1,1,0,5,9,99,0,99,0,0000000,88,88,88,88,88,88,0,0,0,1,0
53,530410,4,4,0,0,0,7,7,63,2110,22,12,2012,7,11,38,0,13,6,N DIVISION ST,,0,47.72866667,-117.4112694,0,12,6,0,8,1,0,1,1,2,0,2,0,0000000,99,99,99,99,99,99,0,0,0,1,0
53,530412,1,1,0,1,1,1,1,33,1830,1,5,2012,3,5,49,1,13,3,SR-900,HOQUIAM AVE NE,0,47.50595833,-122.1510889,0,8,0,1,98,1,0,99,3,1,0,1,0,0000000,5,49,99,99,99,99,0,0,0,1,0
53,530413,1,1,0,0,0,1,1,41,0,1,8,2012,4,99,99,1,2,2,US-12,,1433,46.67101111,-121.5065944,0,42,0,0,1,1,0,5,9,99,0,99,0,0000000,99,99,99,99,88,88,0,0,0,1,0
54,540001,2,2,0,0,0,2,2,107,2040,2,1,2012,2,8,2,0,13,3,SR-14,EMERSON AVE,152,39.28246389,-81.54769167,0,12,6,0,2,2,0,1,1,10,0,10,0,0000000,8,3,8,7,8,48,0,0,0,1,0
54,540002,1,1,0,0,0,2,2,49,840,2,1,2012,2,7,45,0,16,6,MORGANTOWN AVE,ELKINS ST,0,39.481075,-80.13330833,0,39,0,0,3,3,0,4,1,4,0,4,0,0000000,8,11,8,20,8,26,0,0,0,1,0
54,540003,1,1,0,0,0,2,2,39,2125,4,1,2012,4,23,32,0,4,4,CR-49,,46,38.40320278,-81.524375,0,30,0,0,1,1,0,4,2,1,0,1,0,0000000,99,99,99,99,88,88,0,0,0,1,0
54,540005,1,1,0,0,0,1,1,61,1840,5,1,2012,5,7,21,0,14,4,CR-857,,75,39.64638889,-79.89138889,0,35,0,0,1,1,0,3,1,10,0,10,0,0000000,7,25,7,35,7,56,0,0,0,1,0
54,540007,1,1,0,0,0,2,2,1,0,6,1,2012,6,11,35,0,4,3,SR-57,,54,39.15416944,-80.13638889,0,42,0,0,1,1,0,4,1,1,0,1,0,0000000,99,99,99,99,99,99,0,0,0,1,0
54,540008,4,3,1,0,1,4,5,35,2310,7,1,2012,7,13,23,0,4,4,CR-21,,187,38.78351944,-81.70011944,0,12,1,0,4,1,0,1,1,1,0,1,0,0000000,13,25,13,29,13,53,0,0,0,1,0
54,540009,2,2,0,0,0,3,3,41,62,12,1,2012,5,10,53,0,3,2,US-33,,15,39.02108889,-80.6901,0,12,2,0,1,1,0,1,1,1,0,1,0,0000000,10,55,11,11,11,57,0,0,0,2,0
54,540010,1,1,0,1,1,1,1,81,170,12,1,2012,5,5,30,1,13,1,I-77,,440,37.78800278,-81.22058333,0,8,0,1,5,1,0,1,2,2,0,2,0,0000000,5,42,5,46,88,88,0,0,0,1,0
54,540011,2,2,0,0,0,2,2,63,2100,8,1,2012,1,11,47,1,2,2,US-219,CR-219/38,3,37.40645,-80.75758333,0,12,2,0,2,3,0,1,1,1,0,1,0,0000000,99,99,99,99,99,99,0,0,0,1,1
54,540012,2,2,0,0,0,2,2,5,112,13,1,2012,6,16,15,0,4,4,CR-1,,64,38.18213889,-81.70472778,0,12,6,0,1,1,0,1,1,4,0,4,0,0000000,16,30,16,47,17,33,0,0,0,1,0
54,540013,1,1,0,0,0,1,1,39,2480,17,1,2012,3,5,45,1,11,1,I-64,,560,38.36419444,-81.68929444,0,43,0,0,1,1,1,4,2,2,0,2,0,0000000,88,88,88,88,88,88,0,0,0,1,0
54,540014,1,1,0,0,0,3,3,81,170,20,1,2012,6,21,47,0,14,3,SR-16,,161,37.76809167,-81.19573889,0,23,0,0,1,1,0,3,2,2,5,2,0,0000000,99,99,99,99,99,99,0,0,0,1,0
54,540015,1,1,0,0,0,1,1,69,230,20,1,2012,6,1,10,0,14,3,SR-88,,13,40.041675,-80.68508611,0,30,0,0,1,1,0,4,2,4,0,4,0,0000000,99,99,99,99,88,88,0,0,0,1,1
54,540016,1,1,0,0,0,1,1,61,1840,20,1,2012,6,21,0,1,1,1,I-68,,110,39.65733056,-79.83338056,0,52,0,0,1,1,0,4,2,10,0,10,0,0000000,99,99,99,99,88,88,0,0,0,1,0
54,540017,2,2,0,0,0,2,2,37,0,22,1,2012,1,19,14,0,6,4,CR-30,,7,39.24715833,-77.96204444,0,12,2,0,1,1,0,1,2,1,0,1,0,0000000,19,17,19,21,19,49,0,0,0,1,1
54,540018,1,1,0,0,0,1,1,35,595,22,1,2012,1,19,3,0,4,3,SR-331,,37,38.86345,-81.83129444,0,53,0,0,1,1,0,4,2,1,0,1,0,0000000,99,99,99,99,88,88,0,0,0,1,1
54,540019,2,2,0,0,0,4,4,109,1430,10,1,2012,3,10,10,0,3,3,SR-85,,58,37.75678056,-81.55858611,0,12,2,0,1,1,0,1,1,5,0,5,0,0000000,10,24,10,44,99,99,0,0,0,1,0
54,540020,1,1,0,0,0,1,1,59,0,22,1,2012,1,16,40,0,4,3,SR-65,,239,37.655125,-82.14308056,0,35,0,0,1,1,0,4,9,8,0,8,0,0000000,99,99,99,99,88,88,0,0,0,1,1
54,540021,2,2,0,0,0,3,3,59,0,23,1,2012,2,11,42,1,2,2,US-119,,74,37.74745833,-82.327225,0,25,0,0,1,1,0,3,1,1,0,1,0,0000000,99,99,99,99,99,99,0,0,0,1,0
54,540022,1,1,0,0,0,2,2,51,1850,27,1,2012,6,3,10,1,13,3,SR-2,,191,39.918,-80.74711111,0,33,0,0,1,1,0,4,3,2,0,2,0,0000000,88,88,88,88,88,88,0,0,0,2,0
54,540023,1,1,0,1,1,1,1,39,814,27,1,2012,6,23,10,0,3,2,US-119,,315,38.4501,-81.45841111,0,8,0,0,1,1,0,1,2,1,0,1,0,0000000,99,99,99,99,99,96,0,0,0,1,0
54,540024,1,1,0,1,1,1,1,47,1425,29,1,2012,1,21,54,1,2,2,US-52,,352,37.40816389,-81.42592222,0,8,0,0,1,1,0,1,2,1,0,1,0,0000000,99,99,99,99,99,99,0,0,0,1,0
54,540025,1,1,0,0,0,1,1,45,1420,1,2,2012,4,9,7,0,4,4,CR-16,,91,37.75678889,-81.84946111,0,24,0,0,1,1,0,4,1,2,0,2,0,0000000,99,99,99,99,99,99,0,0,0,1,0
54,540026,1,1,0,0,0,1,1,59,1881,5,2,2012,1,7,30,1,2,2,US-119,,143,37.768775,-82.19758333,0,1,0,0,1,1,0,4,1,2,0,2,0,0000000,99,99,99,99,99,99,0,0,0,1,0
54,540027,1,1,0,0,0,1,1,21,0,8,2,2012,4,15,30,0,6,4,CR-3,,47,38.97608056,-80.8976,0,1,0,0,1,1,0,4,1,4,0,4,0,0000000,15,49,15,56,88,88,0,0,0,1,0
54,540028,2,2,0,0,0,4,4,93,660,10,2,2012,6,18,59,0,3,3,SR-32,,103,39.0703,-79.4473,0,12,6,0,1,1,0,1,2,4,0,4,0,0000000,21,0,21,30,21,52,0,0,0,1,1
54,540029,1,1,0,0,0,1,1,71,950,10,2,2012,6,15,35,0,4,2,US-220,,206,38.71274722,-79.30816944,0,52,0,0,1,1,0,4,1,10,0,10,0,0000000,15,38,15,53,17,3,0,0,0,1,0
54,540030,1,1,0,0,0,1,1,35,2394,12,2,2012,1,16,53,0,4,4,CR-21,,256,38.89103056,-81.68271111,0,30,0,0,1,1,0,4,1,10,0,10,0,0000000,99,99,99,99,99,99,0,0,0,1,0
54,540031,2,2,0,0,0,3,3,25,2340,12,2,2012,1,14,50,1,13,2,US-219,,69,37.69111111,-80.44166944,0,35,0,0,1,1,0,4,1,1,0,1,0,0000000,99,99,99,99,99,99,0,0,0,1,0
54,540032,1,1,0,0,0,2,2,103,1260,13,2,2012,2,14,30,0,6,4,CR-64/7,,10,39.64666944,-80.48443889,0,42,0,0,1,1,0,4,1,1,0,1,0,0000000,99,99,99,99,99,99,0,0,0,1,0
54,540033,2,2,0,0,0,5,5,55,0,15,2,2012,4,16,23,1,2,2,US-52,,31,37.33551944,-81.31088056,0,12,2,0,1,1,0,1,1,1,0,1,0,0000000,16,25,16,37,17,19,0,0,0,3,0
54,540034,1,1,0,0,0,1,1,39,560,21,2,2012,3,18,49,0,6,4,CR-5,,113,38.37038889,-81.36955833,0,1,0,0,1,1,0,4,2,1,0,1,0,0000000,18,49,19,14,20,9,0,0,0,1,1
54,540035,2,2,0,0,0,5,5,55,2180,21,2,2012,3,3,30,1,13,2,US-460,,135,37.34548889,-81.11231111,0,12,2,0,1,1,0,1,2,1,0,1,0,0000000,3,33,3,42,4,23,0,0,0,1,1
54,540036,1,1,0,0,0,1,1,11,130,26,2,2012,1,18,3,0,3,3,SR-10,,0,38.39620278,-82.32433056,0,1,0,0,1,1,0,1,1,10,0,10,0,0000000,18,2,18,12,18,32,0,0,0,1,1
54,540037,1,1,0,0,0,1,1,31,0,27,2,2012,2,18,45,0,6,4,CR-10/2,,20,39.04468889,-79.00806667,0,42,0,0,1,1,0,4,2,1,0,1,0,0000000,99,99,99,99,88,88,0,0,0,1,0
54,540038,2,2,0,0,0,2,2,61,592,28,2,2012,3,14,55,1,2,3,SR-7,,225,39.692425,-80.11309167,0,12,6,0,1,1,0,1,1,1,0,1,0,0000000,99,99,99,99,88,88,0,0,0,1,0
54,540039,1,1,0,0,0,2,2,27,410,13,2,2012,2,3,45,0,3,2,US-50,,331,39.29388889,-78.40388889,0,5,0,0,1,1,0,1,2,1,0,1,0,0000000,3,59,4,12,4,38,0,0,0,1,0
54,540040,2,2,0,0,0,2,2,31,1709,5,2,2012,1,11,5,0,4,3,SR-259,,114,38.90361111,-78.85138889,0,12,6,0,4,1,0,1,1,10,0,10,0,0000000,99,99,99,99,88,88,0,0,0,1,0
54,540041,1,1,0,0,0,1,1,45,245,19,2,2012,1,5,15,0,5,4,CR-2,,25,38.00836667,-82.02350833,0,42,0,0,1,1,0,4,2,10,0,10,0,0000000,5,28,5,37,6,5,0,0,0,1,1
54,540042,2,2,0,0,0,2,2,49,0,23,2,2012,5,11,40,0,6,4,CR-20,,23,39.58903611,-80.25656667,0,12,6,0,1,1,0,1,1,1,0,1,0,0000000,88,88,88,88,88,88,0,0,0,1,0
54,540043,1,1,0,0,0,2,2,3,1027,28,2,2012,3,23,48,0,6,4,CR-7/13,HAMPSHIRE GRADE RD,48,39.44656111,-78.14166667,0,42,0,0,1,1,0,4,2,1,0,1,0,0000000,99,99,99,99,99,99,20,0,0,1,0
54,540044,1,1,0,0,0,2,2,97,2595,28,2,2012,3,11,56,0,6,4,CR-30,,78,38.84583889,-80.16007778,0,34,0,0,1,1,0,4,1,1,0,1,0,0000000,12,15,12,43,13,30,0,0,0,1,1
54,540045,2,2,0,0,0,4,4,5,650,8,2,2012,4,8,40,1,2,2,US-119,WHITE HOUSE RD,108,38.09425278,-81.83699167,0,12,1,0,2,2,0,1,1,4,0,4,0,0000000,99,99,99,99,99,99,0,0,0,1,0
54,540046,1,1,0,0,0,2,2,45,1610,29,2,2012,4,13,20,0,3,3,SR-10,,56,37.73995833,-81.87522222,0,34,0,0,1,1,0,4,1,1,0,1,0,0000000,99,99,99,99,99,99,0,0,0,1,0
54,540047,1,1,0,1,1,1,1,39,2439,1,3,2012,5,21,2,0,6,4,CR-29,,17,38.46250833,-81.64796389,0,8,0,0,1,1,0,1,2,1,0,1,0,0000000,99,99,99,99,88,88,0,0,0,1,0
54,540048,1,1,0,0,0,1,1,35,2240,2,3,2012,6,16,1,1,1,1,I-77,,1460,38.92792778,-81.71663333,0,1,0,0,1,1,0,3,1,10,0,10,0,0000000,99,99,99,99,88,88,0,0,0,1,0
54,540049,2,2,0,0,0,6,6,89,2587,3,3,2012,7,16,40,0,3,3,SR-3,,207,37.66111111,-80.73721944,0,12,8,0,1,1,0,1,1,10,0,10,0,0000000,99,99,99,99,99,99,0,0,0,1,1