STATE,ST_CASE,VE_TOTAL,VE_FORMS,PVH_INVL,PEDS,PERNOTMVIT,PERMVIT,PERSONS,COUNTY,CITY,DAY,MONTH,YEAR,DAY_WEEK,HOUR,MINUTE,NHS,ROAD_FNC,ROUTE,TWAY_ID,TWAY_ID2,MILEPT,LATITUDE,LONGITUD,SP_JUR,HARM_EV,MAN_COLL,RELJCT1,RELJCT2,TYP_INT,WRK_ZONE,REL_ROAD,LGT_COND,WEATHER1,WEATHER2,WEATHER,SCH_BUS,RAIL,NOT_HOUR,NOT_MIN,ARR_HOUR,ARR_MIN,HOSP_HR,HOSP_MN,CF1,CF2,CF3,FATALS,DRUNK_DR
54,540050,1,1,0,1,1,5,5,39,480,4,3,2012,1,0,10,1,11,1,I-77,,1002,38.3496,-81.619,0,8,0,0,1,1,0,1,2,1,0,1,0,0000000,99,99,99,99,99,99,0,0,0,1,0
54,540051,2,2,0,0,0,2,2,5,2820,6,3,2012,3,9,0,0,3,3,SR-85,,145,37.81093056,-81.61414167,0,12,2,0,1,1,0,1,1,1,0,1,0,0000000,99,99,99,99,99,99,0,0,0,1,0
54,540052,1,1,0,0,0,1,1,33,2390,7,3,2012,4,12,0,0,6,4,CR-50/04,,7,39.31021944,-80.53609167,0,42,0,0,1,1,0,4,1,1,0,1,0,0000000,99,99,99,99,99,99,0,0,0,1,0
54,540053,2,1,1,1,1,1,1,79,2890,6,3,2012,3,22,30,1,2,2,US-35,,96,38.53728056,-81.95991111,0,14,0,0,1,1,0,2,2,1,0,1,0,0000000,22,33,22,40,23,16,0,0,0,1,0
54,540054,3,3,0,0,0,8,8,11,1270,9,3,2012,6,3,5,1,11,1,I-64,,60,38.39928889,-82.47469722,0,12,2,0,1,1,0,1,2,1,0,1,0,0000000,3,5,3,12,3,59,0,0,0,2,1
54,540055,1,1,0,0,0,3,3,79,2145,9,3,2012,6,2,35,0,2,4,CR-35,,28,38.46038889,-81.76565556,0,35,0,0,1,1,0,4,2,1,0,1,0,0000000,99,99,99,99,88,88,0,0,0,1,1
54,540056,1,1,0,0,0,1,1,43,64,10,3,2012,7,21,48,1,2,2,US-119,,64,38.26801389,-81.82183333,0,35,0,0,1,1,0,3,2,1,0,1,0,0000000,21,50,22,1,22,51,0,0,0,1,0
54,540057,1,1,0,1,1,1,1,19,695,10,3,2012,7,0,45,0,3,3,SR-612,,50,37.96393889,-81.19370556,0,8,0,0,1,1,0,1,2,1,0,1,0,0000000,0,59,1,8,88,88,0,0,0,1,0
54,540058,1,1,0,0,0,1,1,67,403,10,3,2012,7,12,1,0,3,3,SR-39,,284,38.26921111,-80.80638611,0,42,0,0,1,1,0,4,1,1,0,1,0,0000000,12,3,12,3,12,46,0,0,0,1,0
54,540059,1,1,0,0,0,1,1,89,2079,11,3,2012,1,15,0,0,3,3,SR-12,,261,37.70666944,-80.67056111,0,24,0,0,1,1,0,4,1,1,0,1,0,0000000,99,99,99,99,88,88,0,0,0,1,0
54,540060,3,3,0,0,0,3,3,59,2661,15,3,2012,5,8,38,1,2,2,US-52,,447,37.65306111,-82.02861111,0,12,2,0,1,1,0,1,1,2,0,2,0,0000000,8,40,9,2,9,33,0,0,0,1,0
54,540061,2,2,0,0,0,2,2,11,1458,16,3,2012,6,17,20,0,2,3,SR-2,,28,38.54326944,-82.28700556,0,12,2,0,1,1,0,1,1,1,0,1,0,0000000,17,29,17,37,88,88,0,0,0,1,1
54,540062,1,1,0,0,0,1,1,77,30,17,3,2012,7,19,12,0,5,4,CR-15,,24,39.58846111,-79.67686111,0,1,0,0,1,1,0,1,1,1,0,1,0,0000000,99,99,99,99,99,99,0,0,0,1,1
54,540063,1,1,0,2,2,1,1,51,0,19,3,2012,2,7,7,0,6,4,CR-2/10,,2,39.90075833,-80.79200556,0,8,0,0,1,1,0,1,4,10,0,10,0,0000000,99,99,99,99,99,99,0,0,0,1,0
54,540064,1,1,0,1,1,2,2,79,2247,28,3,2012,4,16,41,0,4,3,SR-34,,233,38.56129167,-81.86413333,0,8,0,0,8,1,0,1,1,10,0,10,0,0000000,16,49,17,1,17,22,0,0,0,1,0
54,540065,1,1,0,0,0,1,1,41,1311,31,3,2012,7,22,23,0,4,2,US-19,,314,39.09333056,-80.41083056,0,30,0,0,1,1,0,4,3,10,0,10,0,0000000,99,99,99,99,88,88,0,0,0,1,1
54,540066,2,2,0,0,0,2,2,37,490,31,3,2012,7,15,49,0,3,3,SR-9,,124,39.26135833,-77.83068056,0,12,2,0,1,1,0,1,1,1,0,1,0,0000000,15,50,15,58,17,14,0,0,0,1,0
54,540067,1,1,0,0,0,1,1,99,626,31,3,2012,7,12,5,1,2,2,US-52,,445,37.96627778,-82.44137222,0,1,0,0,1,1,0,4,1,1,0,1,0,0000000,99,99,99,99,99,99,0,0,0,1,0
54,540068,1,1,0,0,0,4,4,43,1162,1,4,2012,1,14,0,0,6,4,CR-21/1,,17,37.97833056,-82.24721944,0,1,0,0,1,1,0,4,1,1,0,1,0,0000000,14,0,15,1,15,23,0,0,0,1,0
54,540069,2,2,0,0,0,2,2,7,2580,3,4,2012,3,23,58,0,6,4,CR-19/4,,25,38.77589444,-80.50723333,0,12,1,0,1,1,0,1,3,1,0,1,0,0000000,99,99,99,99,88,88,0,0,0,1,1
54,540070,1,1,0,0,0,2,2,39,2480,5,4,2012,5,0,47,1,13,2,US-119,RUTH RD,111,38.30826111,-81.73202778,0,35,0,0,2,2,0,4,2,1,0,1,0,0000000,0,48,0,54,1,14,0,0,0,1,0
54,540071,1,1,0,0,0,1,1,45,0,5,4,2012,5,13,9,0,4,4,CR-3,,59,37.978775,-82.14695278,0,1,0,0,1,1,0,4,1,1,0,1,0,0000000,99,99,99,99,88,88,0,0,0,1,0
54,540072,2,2,0,0,0,4,4,5,1327,6,4,2012,6,9,12,1,2,2,US-119,CAMP CREEK RD,170,38.1375,-81.83611111,0,12,6,0,2,2,0,1,1,1,0,1,0,0000000,99,99,99,99,99,99,0,0,0,1,0
54,540073,1,1,0,1,1,1,1,45,1571,11,4,2012,4,5,17,1,13,3,SR-10,,184,37.82705833,-81.96745556,0,8,0,0,1,1,0,1,2,1,0,1,0,0000000,5,19,5,26,5,35,0,0,0,1,0
54,540074,1,1,0,0,0,1,1,59,680,19,4,2012,5,17,0,0,4,3,SR-65,,130,37.71010556,-82.18386111,0,1,0,0,1,1,0,4,1,1,0,1,0,0000000,17,10,17,24,17,44,0,0,0,1,0
54,540075,1,1,0,0,0,1,1,41,385,20,4,2012,6,20,45,0,3,2,US-33,,111,39.05143889,-80.56281389,0,35,0,0,1,1,0,4,1,1,0,1,0,0000000,20,51,21,8,21,44,0,0,0,1,1
54,540076,1,1,0,0,0,1,1,79,2890,20,4,2012,6,18,29,0,15,3,SR-817,,96,38.53076667,-81.89768611,0,32,0,0,1,1,0,4,1,1,0,1,0,0000000,99,99,99,99,88,88,0,0,0,1,0
54,540077,2,2,0,0,0,2,2,45,470,21,4,2012,7,13,41,0,3,4,CR-6,,6,37.99611111,-82.00611111,0,12,2,0,1,1,0,1,1,2,0,2,0,0000000,99,99,99,99,99,99,0,0,0,1,0
54,540078,2,2,0,0,0,3,3,11,2392,23,4,2012,2,7,45,0,3,3,SR-10,,15,38.33188889,-82.25994444,0,12,6,0,1,1,0,1,1,10,0,10,1,0000000,7,51,8,6,9,9,0,0,0,1,0
54,540079,1,1,0,0,0,1,1,109,1430,26,4,2012,5,10,47,0,3,3,SR-85,,52,37.74595833,-81.57156944,0,43,0,0,1,1,0,4,1,2,0,2,0,0000000,10,51,11,1,13,5,0,0,0,1,0
54,540080,1,1,0,0,0,1,1,39,480,26,4,2012,5,14,0,0,13,3,SR-61,US-119,270,38.3528,-81.6472,0,24,0,0,3,3,0,4,1,1,0,1,0,0000000,88,88,88,88,88,88,0,0,0,1,0
54,540081,2,2,0,0,0,2,2,83,810,26,4,2012,5,11,55,1,2,2,US-33,SR-92,13,38.929175,-79.85000833,0,12,1,0,2,3,0,1,1,1,0,1,0,0000000,99,99,99,99,99,99,0,0,0,1,0
54,540082,1,1,0,0,0,2,2,109,2364,29,4,2012,1,3,55,0,4,4,CR-1,,59,37.68652778,-81.5453,0,35,0,0,1,1,0,4,2,1,0,1,0,0000000,99,99,99,99,99,99,0,0,0,1,1
54,540083,1,1,0,1,1,1,1,19,1855,28,4,2012,7,21,45,0,4,3,SR-61,,262,38.14165833,-81.29001667,0,8,0,0,1,1,0,1,2,10,0,10,0,0000000,21,46,21,53,88,88,0,0,0,1,0
54,540084,2,2,0,0,0,2,2,71,2653,1,5,2012,3,16,45,0,4,2,US-220,,263,38.8549,-79.22695,0,12,1,0,1,1,1,1,1,1,0,1,0,0000000,16,53,17,4,99,99,14,0,0,1,0
54,540085,1,1,0,0,0,2,2,59,0,1,5,2012,3,6,40,1,13,2,US-52,,294,37.60098056,-81.85838889,0,24,0,0,1,1,0,4,1,10,0,10,0,0000000,99,99,99,99,99,99,0,0,0,1,0
54,540086,1,1,0,0,0,1,1,7,1486,2,5,2012,4,15,25,0,4,4,CR-19/40,,58,38.53834444,-80.71232778,0,42,0,0,1,1,0,4,1,1,0,1,0,0000000,99,99,99,99,88,88,0,0,0,1,0
54,540087,2,2,0,0,0,8,8,3,1307,2,5,2012,4,6,44,1,1,1,I-81,,70,39.39384167,-78.02791944,0,12,6,0,1,1,0,1,1,10,0,10,1,0000000,6,51,7,12,7,42,0,0,0,1,0
54,540089,2,2,0,0,0,3,3,3,1660,5,5,2012,7,17,25,0,16,4,CR-12,,60,39.497325,-77.85855833,0,12,6,0,4,1,0,1,1,1,0,1,0,0000000,17,29,17,35,18,37,0,0,0,1,0
54,540090,2,2,0,0,0,3,3,81,1560,6,5,2012,1,16,38,1,13,3,SR-16,,153,37.75333333,-81.21846667,0,12,2,0,4,1,0,1,1,1,0,1,0,0000000,99,99,99,99,99,99,0,0,0,1,0
54,540091,2,2,0,0,0,2,2,45,0,18,5,2012,6,1,39,0,2,4,CR-10,,163,37.84704167,-81.99499722,0,12,2,0,1,1,0,1,2,1,0,1,0,0000000,99,99,99,99,99,99,0,0,0,1,0
54,540092,1,1,0,0,0,1,1,107,2040,18,5,2012,6,11,45,0,3,5,PARKVIEW DR,,304,39.29412778,-81.5394,0,1,0,0,1,1,0,1,1,1,0,1,0,0000000,11,49,11,53,12,28,0,0,0,1,0
54,540093,3,3,0,0,0,3,3,79,2144,6,5,2012,1,14,17,1,2,2,US-35,,212,38.62517222,-81.98365556,0,12,2,0,1,1,0,1,1,1,0,1,0,0000000,14,22,14,32,99,99,0,0,0,1,0
54,540094,1,1,0,0,0,1,1,79,2890,20,5,2012,1,1,26,0,14,3,SR-34,,212,38.53395833,-81.89731111,0,24,0,0,1,1,0,4,2,1,0,1,0,0000000,1,30,1,38,88,88,0,0,0,1,1
54,540095,1,1,0,0,0,1,1,109,1708,20,5,2012,1,23,14,0,3,3,SR-10,,332,37.66574444,-81.60020278,0,42,0,0,1,1,0,4,2,1,0,1,0,0000000,99,99,99,99,99,99,0,0,0,1,0
54,540096,2,2,0,1,1,2,2,55,260,22,5,2012,3,22,21,1,13,2,US-460,,135,37.24864444,-81.20897222,0,8,0,0,1,1,0,1,2,10,0,10,0,0000000,99,99,99,99,99,99,0,0,0,1,2
54,540097,2,2,0,0,0,2,2,39,697,22,5,2012,3,21,12,0,15,4,CR-79/3,WET BRANCH RD,168,38.175725,-81.46330278,0,12,6,0,2,3,0,1,2,1,0,1,0,0000000,21,10,21,14,21,38,0,0,0,1,1
54,540098,1,1,0,0,0,2,2,95,2431,23,5,2012,4,10,35,0,4,3,SR-23,,63,39.39819167,-80.73758611,0,1,0,0,1,1,0,2,1,1,0,1,0,0000000,99,99,99,99,99,99,0,0,0,1,0
54,540099,3,3,0,0,0,4,4,29,1900,23,5,2012,4,14,32,0,4,3,SR-8,,2,40.54054722,-80.56930556,0,12,1,0,1,1,0,1,1,1,0,1,1,0000000,88,88,88,88,88,88,0,0,0,1,0
54,540100,1,1,0,0,0,5,5,105,780,25,5,2012,6,23,50,0,4,3,SR-53,CR-53/3,24,39.06684444,-81.35495278,0,42,0,0,2,3,0,4,2,1,0,1,0,0000000,99,99,99,99,99,99,0,0,0,1,1
54,540101,1,1,0,0,0,1,1,29,0,25,5,2012,6,0,53,0,5,4,CR-20,,13,40.50628333,-80.60275556,0,30,0,0,1,1,0,4,2,1,0,1,0,0000000,0,54,1,12,1,35,0,0,0,1,1
54,540102,1,1,0,0,0,3,3,55,0,25,5,2012,6,20,7,0,4,3,SR-71,,17,37.32909722,-81.24368611,0,34,0,0,1,1,0,4,1,1,0,1,0,0000000,99,99,99,99,99,99,0,0,0,1,1
54,540103,1,1,0,0,0,4,4,99,0,25,5,2012,6,18,0,0,4,4,CR-25,,31,38.16907222,-82.35449444,0,42,0,0,1,1,0,4,1,1,0,1,0,0000000,99,99,99,99,99,99,0,0,0,1,0
54,540104,1,1,0,0,0,1,1,103,0,25,5,2012,6,22,3,0,3,4,CR-21,,26,39.50508056,-80.53985556,0,24,0,0,1,1,0,4,2,1,0,1,0,0000000,99,99,99,99,99,99,0,0,0,1,1
54,540105,1,1,0,0,0,1,1,31,1830,26,5,2012,7,13,32,0,6,4,CR-23/01,,12,39.05065556,-78.93293889,0,1,0,0,1,1,0,4,1,1,0,1,0,0000000,88,88,88,88,88,88,0,0,0,1,1
54,540106,3,3,0,0,0,3,3,53,2485,25,5,2012,6,16,20,1,2,2,US-35,,46,38.714075,-81.96778056,0,12,6,0,1,1,0,1,1,1,0,1,0,0000000,99,99,99,99,88,88,0,0,0,1,1
54,540107,1,1,0,0,0,1,1,93,2375,26,5,2012,7,16,20,0,6,4,CR-9,,22,39.21511667,-79.568925,0,35,0,0,1,1,0,4,1,1,0,1,0,0000000,16,27,16,45,88,88,0,0,0,1,1
54,540108,1,1,0,0,0,1,1,81,2443,29,5,2012,3,4,0,1,2,3,SR-54,,25,37.68439167,-81.342275,0,42,0,0,1,1,0,4,2,1,0,1,0,0000000,99,99,99,99,88,88,0,0,0,1,0
54,540109,1,1,0,0,0,1,1,25,66,31,5,2012,5,16,0,0,3,3,SR-92,,68,37.90638611,-80.21319444,0,1,0,0,1,1,0,1,1,1,0,1,0,0000000,99,99,99,99,88,88,0,0,0,1,1
54,540110,2,2,0,0,0,2,2,47,1326,31,5,2012,5,15,30,1,2,3,SR-83,,53,37.33388889,-81.81306111,0,12,6,0,4,1,0,1,1,1,0,1,0,0000000,99,99,99,99,99,99,0,0,0,1,1
54,540111,2,2,0,0,0,2,2,39,2439,31,5,2012,5,12,53,1,1,1,I-77,,1110,38.52524722,-81.64426111,0,12,2,0,1,1,0,1,1,1,0,1,0,0000000,13,1,13,10,14,20,0,0,0,1,0
54,540112,1,1,0,0,0,1,1,45,0,1,6,2012,6,16,39,0,6,4,CR-16/11,,1,37.78983056,-81.78826944,0,1,0,0,1,1,0,1,1,1,0,1,0,0000000,99,99,99,99,99,99,0,0,0,1,0
54,540113,2,2,0,0,0,3,3,35,2310,2,6,2012,7,20,17,0,3,2,US-33,,182,38.81609722,-81.64484167,0,12,6,0,1,1,0,1,1,1,0,1,0,0000000,99,99,99,99,99,99,0,0,0,1,1
54,540114,1,1,0,0,0,1,1,79,2247,8,6,2012,6,3,10,0,4,3,SR-62,,114,38.53395833,-81.90336111,0,35,0,0,1,1,0,4,2,1,0,1,0,0000000,99,99,99,99,99,99,0,0,0,1,1
54,540115,2,2,0,0,0,2,2,51,1850,9,6,2012,7,18,45,0,5,4,CR-54,,6,39.90253611,-80.72913333,0,24,0,0,1,1,0,4,1,1,0,1,0,0000000,18,50,18,54,19,3,0,0,0,1,0
54,540116,1,1,0,0,0,2,2,109,54,9,6,2012,7,18,26,0,9,3,SR-16,RAILROAD DR,286,37.58588333,-81.35284167,0,35,0,0,2,3,0,4,1,1,0,1,0,0000000,99,99,99,99,99,99,0,0,0,1,0
54,540117,1,1,0,0,0,1,1,39,2370,9,6,2012,7,1,40,0,14,2,US-60,,15,38.38831667,-81.82805833,0,43,0,0,1,1,0,5,2,1,0,1,0,0000000,1,43,1,47,2,35,0,0,0,1,1
54,540118,3,3,0,0,0,5,5,67,2570,9,6,2012,7,16,23,1,2,2,US-19,SR-41,61,38.31075278,-80.83376944,0,12,1,0,2,2,0,1,1,1,0,1,0,0000000,99,99,99,99,99,99,0,0,0,1,0
54,540119,2,2,0,0,0,2,2,61,1840,10,6,2012,1,19,46,1,1,1,I-79,,1585,39.69511389,-80.04325833,0,12,6,0,1,1,0,1,1,1,0,1,0,0000000,19,48,19,56,20,19,0,0,0,1,1
54,540120,1,1,0,0,0,7,7,27,2522,2,6,2012,7,13,30,0,3,3,SR-28,,258,39.46638889,-78.70971944,0,42,0,0,1,1,0,4,1,1,0,1,0,0000000,13,23,13,33,14,26,0,0,0,4,1
54,540121,1,1,0,0,0,2,2,91,2724,4,6,2012,2,5,30,0,14,2,US-119,,39,39.26873056,-80.04251944,0,35,0,0,1,1,0,5,4,1,0,1,0,0000000,6,25,6,35,88,88,0,0,0,2,0
54,540122,1,1,0,0,0,1,1,71,2408,11,6,2012,2,13,30,0,3,2,US-33,,84,38.92982778,-79.312125,0,1,0,0,1,1,0,4,1,2,0,2,0,0000000,18,45,19,9,88,88,0,0,0,1,0
54,540123,1,1,0,0,0,1,1,85,1164,20,6,2012,4,20,46,0,6,4,CR-47/18,,10,39.05041667,-80.93055833,0,42,0,0,1,1,0,4,2,1,0,1,0,0000000,99,99,99,99,88,88,0,0,0,1,1
54,540124,1,1,0,0,0,1,1,89,0,21,6,2012,5,17,12,0,6,4,CR-7/2,,40,37.82391389,-80.90586944,0,1,0,0,1,1,0,4,1,1,0,1,0,0000000,17,12,17,20,20,0,0,0,0,1,0
54,540125,2,2,0,0,0,4,4,103,1930,20,6,2012,4,12,20,1,13,3,SR-12,ROSARY RD,78,39.67184444,-80.85736667,0,12,6,0,2,3,0,1,1,1,0,1,0,0000000,99,99,99,99,99,99,0,0,0,1,0
54,540126,1,1,0,1,1,1,1,39,1305,21,6,2012,5,7,40,0,14,3,SR-25,,61,38.38463611,-81.76726667,0,8,0,0,1,1,0,1,1,1,0,1,0,0000000,7,48,7,51,8,6,0,0,0,1,0
54,540127,2,2,0,0,0,2,2,11,130,22,6,2012,6,23,20,1,2,2,US-60,SR-10,39,38.4114,-82.31991111,0,12,6,0,2,2,0,1,3,1,0,1,0,0000000,23,25,23,32,23,55,0,0,0,1,1
54,540128,1,1,0,0,0,1,1,57,1895,23,6,2012,7,6,45,1,2,2,US-50,,96,39.35671389,-79.04556111,0,42,0,0,1,1,0,4,1,10,0,10,0,0000000,6,50,7,8,88,88,0,0,0,1,0
54,540129,3,3,0,0,0,4,4,19,2070,20,6,2012,4,18,34,1,1,1,I-77,,560,37.94025,-81.25931944,0,12,1,0,1,1,0,1,1,1,0,1,0,0000000,18,37,18,57,99,99,0,0,0,1,0
54,540130,2,2,0,0,0,6,6,19,890,23,6,2012,7,21,55,1,13,2,US-19,KELLER AVE,146,38.06461111,-81.09005556,0,12,1,0,3,1,0,1,2,1,0,1,0,0000000,99,99,99,99,99,99,0,0,0,1,1
54,540131,1,1,0,0,0,1,1,5,1590,23,6,2012,7,0,25,0,3,3,SR-85,,346,37.98277778,-81.71696389,0,30,0,0,1,1,0,4,2,1,0,1,0,0000000,99,99,99,99,88,88,0,0,0,1,1
54,540132,1,1,0,0,0,2,2,45,470,24,6,2012,1,0,1,0,4,4,CR-3,,59,37.97339444,-82.14375556,0,35,0,0,1,1,0,4,2,1,0,1,0,0000000,99,99,99,99,99,99,0,0,0,1,1
54,540133,1,1,0,0,0,1,1,99,1438,28,6,2012,5,23,20,0,4,3,SR-152,,198,38.16343333,-82.50342222,0,24,0,0,1,1,0,4,2,1,0,1,0,0000000,99,99,99,99,88,88,0,0,0,1,1
54,540134,2,2,0,0,0,2,2,55,2180,28,6,2012,5,16,13,1,13,2,US-460,BIG LAUREL HWY,128,37.357225,-81.09647778,0,12,6,0,2,2,0,1,1,1,0,1,0,0000000,16,13,16,15,88,88,0,0,0,1,0
54,540135,1,1,0,0,0,1,1,49,840,29,6,2012,6,9,40,0,16,6,FAIRMONT AVE,,0,39.47166667,-80.15381111,0,40,0,0,1,1,0,4,1,1,0,1,0,0000000,99,99,99,99,99,99,0,0,0,1,0
54,540136,1,1,0,0,0,1,1,73,2380,30,6,2012,7,22,16,0,4,4,CR-7,,37,39.430825,-81.05858333,0,18,0,0,1,1,0,1,2,1,0,1,0,0000000,22,21,22,35,88,88,0,0,0,1,1
54,540137,1,1,0,0,0,2,2,13,2007,30,6,2012,7,22,46,0,5,4,CR-20,,79,38.75450556,-81.16936111,0,1,0,0,1,1,0,4,2,1,0,1,0,0000000,22,51,23,16,23,55,0,0,0,1,0
54,540138,1,1,0,0,0,1,1,15,2684,11,6,2012,2,13,55,1,1,1,I-79,,360,38.58665556,-81.10374167,0,42,0,0,1,1,0,3,1,1,0,1,0,0000000,14,9,14,37,15,16,0,0,0,1,0
54,540139,1,1,0,1,1,2,2,79,2145,12,6,2012,3,21,39,0,4,4,CR-27,,43,38.51621944,-81.77876389,0,8,0,0,1,1,0,1,2,1,0,1,0,0000000,21,47,22,5,22,45,0,0,0,1,0
54,540140,1,1,0,0,0,2,2,41,2688,12,6,2012,3,14,7,0,4,2,US-19,,88,38.89701389,-80.41938056,0,21,0,0,1,1,0,4,1,1,0,1,0,0000000,14,11,14,23,14,48,0,0,0,1,0
54,540141,1,1,0,0,0,1,1,5,2108,13,6,2012,4,16,36,0,4,3,SR-3,,202,38.13479167,-81.67335833,0,30,0,0,1,1,0,4,1,1,0,1,0,0000000,99,99,99,99,99,99,0,0,0,1,1
54,540142,1,1,0,1,1,1,1,3,1660,13,6,2012,4,21,45,1,13,2,US-11,,134,39.44440278,-77.98092778,0,8,0,0,1,1,0,1,3,1,0,1,0,0000000,99,99,99,99,88,88,0,0,0,1,0
54,540143,1,1,0,0,0,3,3,3,1660,13,6,2012,4,23,50,1,1,1,I-81,,100,39.43284167,-77.99424444,0,35,0,0,1,1,0,3,2,1,0,1,0,0000000,88,88,88,88,88,88,0,0,0,3,1
54,540144,1,1,0,0,0,1,1,61,441,13,6,2012,4,15,28,1,13,3,SR-7,,275,39.66723889,-80.03556944,0,1,0,0,1,1,0,4,1,1,0,1,0,0000000,15,32,15,41,16,27,0,0,0,1,0
54,540145,1,1,0,0,0,1,1,25,0,15,6,2012,6,17,40,0,3,2,US-60,,123,37.93721944,-80.65138889,0,38,0,0,1,1,0,5,1,1,0,1,0,0000000,99,99,99,99,88,88,0,0,0,1,0
54,540146,1,1,0,0,0,1,1,93,2050,17,6,2012,1,3,0,1,2,2,US-219,,167,39.09771111,-79.67750278,0,59,0,0,1,1,0,4,2,1,0,1,0,0000000,3,14,3,24,6,0,0,0,0,1,1
54,540147,2,2,0,0,0,4,4,55,0,16,6,2012,7,22,50,1,2,2,US-460,HALLS RIDGE RD,162,37.36454722,-81.03739444,0,12,6,0,3,2,0,1,2,1,0,1,0,0000000,99,99,99,99,99,99,0,0,0,1,0
54,540148,2,2,0,0,0,7,7,19,890,16,6,2012,7,0,9,1,13,2,US-19,WHITE WATER AVE,120,38.03206389,-81.1228,0,12,6,0,2,2,0,1,3,1,0,1,0,0000000,99,99,99,99,99,99,0,0,0,1,0
54,540149,1,1,0,0,0,1,1,47,3003,18,6,2012,2,23,1,1,2,4,CR-83,,170,37.321525,-81.70005833,0,35,0,0,1,1,0,4,2,1,0,1,0,0000000,99,99,99,99,99,99,0,0,0,1,1
54,540150,1,1,0,0,0,1,1,21,2585,18,6,2012,2,17,55,0,4,4,CR-20,,5,38.98091389,-80.94830833,0,42,0,0,1,1,0,4,1,1,0,1,0,0000000,99,99,99,99,99,99,0,0,0,1,0
54,540151,2,2,0,0,0,2,2,3,864,17,6,2012,1,19,32,0,6,4,CR-11/07,,9,39.52832222,-77.93572778,0,12,2,0,1,1,0,1,1,1,0,1,0,0000000,99,99,99,99,88,88,0,0,0,1,0
54,540152,2,2,0,0,0,5,5,39,2439,18,6,2012,2,20,27,0,6,4,CR-32,,33,38.55891111,-81.69089722,0,12,2,0,1,1,0,1,1,1,0,1,0,0000000,20,27,20,43,21,30,0,0,0,1,0
54,540153,1,1,0,0,0,2,2,59,1313,8,7,2012,1,18,20,0,4,4,CR-13,,82,37.54182222,-81.87781389,0,1,0,0,1,1,0,4,1,1,0,1,0,0000000,18,26,18,45,19,41,0,0,0,1,0
54,540154,1,1,0,0,0,1,1,33,2390,4,7,2012,4,16,32,1,2,2,US-50,,39,39.29888889,-80.58028056,0,1,0,0,1,1,0,3,1,1,0,1,0,0000000,16,32,16,44,88,88,0,0,0,1,0
54,540155,1,1,0,0,0,2,2,95,2440,10,7,2012,3,14,50,0,6,3,SR-18,,303,39.532525,-80.92097778,0,58,0,0,1,1,0,4,1,1,0,1,0,0000000,15,4,15,30,99,99,0,0,0,1,0
54,540156,1,1,0,0,0,1,1,81,287,11,7,2012,4,2,30,1,2,1,I-77,,505,37.863925,-81.25940278,0,42,0,0,1,1,0,4,2,1,0,1,0,0000000,99,99,99,99,99,99,0,0,0,1,1
54,540157,1,1,0,0,0,2,2,61,1840,11,7,2012,4,6,25,1,1,1,I-79,,1585,39.69716111,-80.04463333,0,24,0,0,1,1,0,4,1,1,0,1,0,0000000,6,28,6,37,8,30,0,0,0,1,0
54,540158,2,2,0,0,0,3,3,3,1307,12,7,2012,5,11,20,1,11,1,I-77,,30,39.3529,-78.05444167,0,12,1,0,1,1,0,1,1,1,0,1,0,0000000,99,99,99,99,99,99,0,0,0,1,0
54,540159,2,2,0,0,0,2,2,27,2414,12,7,2012,5,18,39,0,3,2,US-50,,131,39.31756111,-78.691525,0,12,6,0,1,1,0,1,1,1,0,1,0,0000000,18,39,19,29,19,36,0,0,0,1,0
54,540160,1,1,0,0,0,1,1,57,934,15,7,2012,1,18,9,0,4,3,SR-46,,329,39.48475556,-78.78915833,0,42,0,0,1,1,0,4,1,10,0,10,0,0000000,18,10,18,25,88,88,0,0,0,1,1
54,540161,2,2,0,0,0,8,8,23,0,15,7,2012,1,20,45,0,4,4,CR-5,,81,39.21166944,-79.02838056,0,12,2,0,1,1,0,1,2,10,0,10,0,0000000,99,99,99,99,99,99,0,0,0,1,1
54,540162,1,1,0,0,0,1,1,1,180,17,7,2012,3,17,30,0,4,3,SR-02,,91,39.07138889,-79.91693889,0,1,0,0,1,1,0,4,1,1,0,1,0,0000000,99,99,99,99,99,99,0,0,0,1,0
54,540163,1,1,0,0,0,1,1,103,1930,19,7,2012,5,21,43,0,6,4,CR-1/2,,31,39.65628333,-80.77993889,0,1,0,0,1,1,0,4,2,1,0,1,0,0000000,88,88,88,88,88,88,0,0,0,1,1
54,540164,1,1,0,0,0,1,1,109,2545,20,7,2012,6,23,40,0,4,3,SR-16,,310,37.57617222,-81.33939444,0,1,0,0,1,1,0,4,3,2,0,2,0,0000000,99,99,99,99,99,96,0,0,0,1,1
54,540165,1,1,0,0,0,1,1,49,840,21,7,2012,7,1,32,1,1,1,I-79,,1415,39.51030556,-80.06730556,0,1,0,0,1,1,0,1,2,2,0,2,0,0000000,1,33,1,45,2,28,0,0,0,1,0
54,540166,1,1,0,0,0,1,1,89,828,21,7,2012,7,4,45,0,3,3,SR-20,,324,37.83953056,-80.81165,0,1,0,0,1,1,0,4,2,10,0,10,0,0000000,99,99,99,99,88,88,0,0,0,1,0
54,540167,1,1,0,0,0,2,2,51,0,21,7,2012,7,18,39,0,6,4,CR-86/1,,6,39.74874167,-80.66138889,0,1,0,0,1,1,0,4,1,10,0,10,0,0000000,99,99,99,99,88,88,0,0,0,1,1