STATE,ST_CASE,VE_TOTAL,VE_FORMS,PVH_INVL,PEDS,PERNOTMVIT,PERMVIT,PERSONS,COUNTY,CITY,DAY,MONTH,YEAR,DAY_WEEK,HOUR,MINUTE,NHS,ROAD_FNC,ROUTE,TWAY_ID,TWAY_ID2,MILEPT,LATITUDE,LONGITUD,SP_JUR,HARM_EV,MAN_COLL,RELJCT1,RELJCT2,TYP_INT,WRK_ZONE,REL_ROAD,LGT_COND,WEATHER1,WEATHER2,WEATHER,SCH_BUS,RAIL,NOT_HOUR,NOT_MIN,ARR_HOUR,ARR_MIN,HOSP_HR,HOSP_MN,CF1,CF2,CF3,FATALS,DRUNK_DR
54,540168,2,2,0,0,0,4,4,87,1928,21,7,2012,7,16,27,1,1,1,I-79,,310,38.58308611,-81.17958056,0,35,0,0,1,1,0,3,1,1,0,1,0,0000000,99,99,99,99,88,88,0,0,0,4,0
54,540169,2,2,0,0,0,3,3,47,2242,18,4,2012,4,12,30,1,2,3,SR-83,,94,37.34277222,-81.78263611,0,12,6,0,1,1,0,1,1,2,0,2,0,0000000,99,99,99,99,99,99,0,0,0,1,0
54,540170,1,1,0,1,1,3,3,1,2110,28,6,2012,5,21,42,0,3,2,US-119,,108,39.14848889,-80.055225,0,8,0,0,1,1,0,1,2,1,0,1,0,0000000,21,45,21,50,88,88,0,0,0,1,0
54,540171,1,1,0,0,0,1,1,87,2510,25,6,2012,2,18,40,0,16,6,PROSPECT ST,ELM ST,0,38.80773056,-81.34925556,0,1,0,0,2,4,0,4,1,1,0,1,0,0000000,88,88,88,88,88,88,0,0,0,1,1
54,540172,1,1,0,1,1,1,1,81,2220,22,7,2012,1,2,0,1,1,1,I-77,,495,37.72653889,-81.18978889,0,8,0,0,1,1,0,1,2,10,5,5,0,0000000,2,4,2,22,88,88,0,0,0,1,0
54,540173,1,1,0,0,0,1,1,81,1433,25,7,2012,4,18,6,0,14,3,SR-41,,38,37.82822222,-81.14205278,0,35,0,0,1,1,0,4,1,1,0,1,0,0000000,99,99,99,99,88,88,0,0,0,1,1
54,540174,1,1,0,1,1,3,3,11,643,24,7,2012,3,2,20,0,14,2,US-60,,267,38.41866944,-82.06402778,0,8,0,0,1,1,0,1,2,10,0,10,0,0000000,2,26,2,29,99,96,0,0,0,1,0
54,540175,1,1,0,0,0,1,1,19,649,25,7,2012,4,1,25,0,4,4,CR-60/18,,31,37.91408611,-80.87313333,0,34,0,0,1,1,0,4,2,5,0,5,0,0000000,99,99,99,99,88,88,0,0,0,1,0
54,540176,2,2,0,0,0,2,2,89,2141,25,7,2012,4,6,55,0,3,3,SR-20,,21,37.58221944,-80.91306111,0,12,6,0,1,1,0,1,1,10,0,10,0,0000000,99,99,99,99,88,88,14,0,0,1,0
54,540177,1,1,0,0,0,2,2,35,1882,26,7,2012,5,14,15,0,5,4,CR-1/2,,7,39.06500278,-81.68211667,0,42,0,0,1,1,0,4,1,1,0,1,0,0000000,15,35,16,15,16,51,0,0,0,1,0
54,540178,1,1,0,0,0,1,1,107,665,27,7,2012,6,0,30,0,6,4,CR-26/2,,9,39.22211389,-81.43237222,0,11,0,0,1,1,0,1,2,2,0,2,0,0000000,0,46,0,59,88,88,0,0,0,1,1
54,540179,1,1,0,0,0,2,2,63,969,28,7,2012,7,11,39,0,6,4,CR-20,,22,37.54775,-80.36141111,0,1,0,0,1,1,0,1,1,1,0,1,0,0000000,99,99,99,99,99,99,0,0,0,1,0
54,540180,3,3,0,0,0,3,3,33,2685,23,7,2012,2,6,40,0,3,3,SR-20,,362,39.43838889,-80.50035,0,12,2,0,1,1,0,1,4,1,0,1,0,0000000,99,99,99,99,99,99,0,0,0,1,0
54,540181,1,1,0,0,0,1,1,15,1012,28,7,2012,7,21,0,0,6,4,CR-3/1,,11,38.43316667,-81.25432778,0,42,0,0,1,1,0,4,2,1,0,1,0,0000000,21,25,22,5,88,88,0,0,0,1,0
54,540182,2,2,0,0,0,2,2,1,1330,30,7,2012,2,7,26,0,3,2,US-250,,15,38.97441389,-79.95324444,0,24,0,0,1,1,0,4,4,1,0,1,0,0000000,7,31,7,40,7,51,0,0,0,1,0
54,540183,2,2,0,0,0,2,2,25,1457,31,7,2012,3,9,29,0,3,3,SR-20,WALKER RD,104,38.04378056,-80.72339444,0,12,6,0,2,3,0,1,1,1,0,1,0,0000000,99,99,99,99,88,88,0,0,0,1,0
54,540184,1,1,0,0,0,9,9,55,393,10,8,2012,6,0,40,1,1,1,I-77,,210,37.50555,-81.11386944,0,31,0,0,1,1,0,4,2,10,0,10,0,0000000,0,41,0,55,1,41,0,0,0,1,0
54,540185,1,1,0,1,1,1,1,11,1270,10,8,2012,6,14,38,0,16,6,6 1/2 ALLEY,1ST ST,0,38.41564444,-82.45657222,0,8,0,0,2,2,0,1,1,1,0,1,0,0000000,14,38,14,43,14,58,0,0,0,1,0
54,540186,1,1,0,0,0,2,2,27,2308,9,8,2012,5,22,0,0,4,4,CR-7,,5,39.14196944,-78.678525,0,42,0,0,1,1,0,4,2,1,0,1,0,0000000,6,46,7,2,8,11,0,0,0,1,0
54,540187,2,2,0,0,0,4,4,3,1660,10,8,2012,6,16,50,0,15,4,CR-45/5,LEE ST,4,39.46673056,-77.92642778,0,12,2,0,2,3,0,1,1,10,0,10,0,0000000,99,99,99,99,99,99,0,0,0,1,0
54,540188,1,1,0,1,1,2,2,33,540,9,8,2012,5,22,26,0,3,3,SR-20,,133,39.27912222,-80.32261944,0,8,0,0,1,1,0,1,3,2,0,2,0,0000000,22,29,22,36,99,99,0,0,0,1,0
54,540189,2,2,0,0,0,2,2,77,1890,7,8,2012,3,12,7,0,3,4,CR-92,,64,39.37650278,-79.85155278,0,12,2,0,1,1,0,1,1,1,0,1,0,0000000,12,8,12,17,88,88,0,0,0,1,0
54,540190,1,1,0,0,0,2,2,43,3000,6,8,2012,2,21,17,0,4,3,SR-3,,155,38.17553611,-81.93085833,0,30,0,0,1,1,0,4,2,1,0,1,0,0000000,21,18,21,22,22,50,0,0,0,1,0
54,540191,1,1,0,0,0,1,1,53,1450,3,8,2012,6,19,25,0,4,3,SR-87,,37,38.79353889,-81.87818889,0,1,0,0,1,1,0,4,1,1,0,1,0,0000000,99,99,99,99,99,99,0,0,0,1,1
54,540193,1,1,0,0,0,1,1,25,2340,1,8,2012,4,19,51,1,13,2,US-219,,64,37.70833056,-80.44056111,0,42,0,0,1,1,0,4,1,1,0,1,0,0000000,99,99,99,99,88,88,0,0,0,1,1
54,540194,2,2,0,0,0,4,4,69,2830,28,6,2012,5,16,28,0,14,2,US-40,LUMBER AVE,64,40.04585556,-80.66071667,0,12,6,0,2,2,0,1,1,1,0,1,0,0000000,99,99,99,99,99,99,0,0,0,1,0
54,540195,1,1,0,0,0,1,1,93,2244,2,8,2012,5,4,45,0,3,3,SR-32,,0,38.97993889,-79.47736667,0,35,0,0,1,1,0,4,2,1,0,1,0,0000000,4,50,5,17,6,1,0,0,0,1,0
54,540196,1,1,0,0,0,3,3,83,1008,2,8,2012,5,17,10,0,6,4,CR-22,,91,38.80925556,-79.73543611,0,1,0,0,1,1,0,4,1,1,0,1,0,0000000,99,99,99,99,99,99,0,0,0,1,1
54,540197,1,1,0,0,0,1,1,27,257,2,8,2012,5,3,10,0,4,3,SR-127,,31,39.40583056,-78.38943889,0,42,0,0,1,1,0,4,2,1,0,1,0,0000000,3,30,3,38,88,88,0,0,0,1,0
54,540198,2,2,0,0,0,2,2,81,2571,5,8,2012,1,10,30,0,4,3,SR-3,,87,37.87373611,-81.50445833,0,12,1,0,4,1,0,1,1,1,0,1,0,0000000,99,99,99,99,88,88,0,0,0,1,0
54,540199,1,1,0,1,1,1,1,81,170,11,8,2012,7,12,7,0,16,6,3RD AVE,1ST ST,0,37.77477222,-81.19415278,0,9,0,0,2,3,0,1,1,1,0,1,0,0000000,99,99,99,99,99,99,0,0,0,1,0
54,540200,1,1,0,0,0,3,3,3,1660,11,8,2012,7,13,55,1,1,1,I-81 NB,,88,39.40876944,-78.02173056,0,1,0,1,5,1,0,4,1,1,0,1,0,0000000,13,57,14,1,14,30,0,0,0,1,1
54,540201,1,1,0,0,0,2,2,63,969,11,8,2012,7,14,20,0,4,3,SR-3,,143,37.57138889,-80.35416944,0,1,0,0,1,1,0,1,1,1,0,1,0,0000000,14,46,14,46,99,99,0,0,0,1,0
54,540202,1,1,0,0,0,1,1,67,249,11,8,2012,7,21,32,1,2,2,US-19,,159,38.50230556,-80.75381667,0,24,0,0,1,1,0,4,2,1,0,1,0,0000000,99,99,99,99,99,99,0,0,0,1,1
54,540203,2,2,0,0,0,4,4,47,0,11,8,2012,7,2,5,0,4,4,CR-1,,50,37.47939444,-81.84615,0,12,2,0,1,1,0,1,2,1,0,1,0,0000000,99,99,99,99,99,99,0,0,0,1,2
54,540204,1,1,0,0,0,1,1,63,969,11,8,2012,7,14,24,0,4,3,SR-3,,279,37.56536667,-80.38363056,0,1,0,0,1,1,0,1,1,1,0,1,0,0000000,14,32,99,99,88,88,0,0,0,1,0
54,540205,1,1,0,0,0,1,1,3,1660,13,8,2012,2,20,45,0,14,3,SR-45,,178,39.45333056,-77.89,0,35,0,0,1,1,0,4,2,10,0,10,0,0000000,88,88,88,88,88,88,0,0,0,1,1
54,540206,1,1,0,0,0,1,1,85,0,14,8,2012,3,21,0,0,4,4,CR-9,,31,39.18789167,-80.92270833,0,1,0,0,1,1,0,4,2,5,0,5,0,0000000,21,31,21,38,88,88,0,0,0,1,1
54,540207,1,1,0,0,0,1,1,107,2880,20,8,2012,2,6,58,1,11,1,I-77,,1866,39.39889722,-81.434475,0,24,0,0,1,1,0,4,1,5,0,5,0,0000000,7,2,7,6,88,88,0,0,0,1,0
54,540208,2,2,0,0,0,2,2,3,864,14,8,2012,3,5,38,1,11,1,I-81,,230,39.56863333,-77.88878611,0,1,0,0,1,1,1,3,2,2,0,2,0,0000000,88,88,88,88,88,88,3,0,0,1,0
54,540209,2,2,0,0,0,2,2,55,2180,18,8,2012,7,15,10,0,14,3,SR-20,,137,37.38516944,-81.05743056,0,12,6,0,1,1,0,1,1,1,0,1,0,0000000,15,18,15,26,15,45,0,0,0,1,0
54,540210,1,1,0,0,0,1,1,19,2070,20,8,2012,2,9,5,0,4,4,CR-23,,45,37.938425,-81.25985833,0,43,0,0,1,1,0,5,1,2,0,2,0,0000000,99,99,99,99,88,88,0,0,0,1,0
54,540211,1,1,0,0,0,1,1,11,1270,23,8,2012,5,18,20,1,11,1,I-64,,70,38.39772222,-82.46573889,0,59,0,0,1,1,0,3,1,1,0,1,0,0000000,18,23,18,29,18,38,0,0,0,1,0
54,540212,1,1,0,0,0,1,1,79,1232,25,8,2012,7,8,35,0,14,3,SR-62,,80,38.5341,-81.858275,0,30,0,0,1,1,0,4,1,1,0,1,0,0000000,8,35,8,40,9,24,0,0,0,1,0
54,540213,2,2,0,0,0,3,3,107,665,27,8,2012,2,20,45,0,4,3,SR-47,,72,39.19689167,-81.44271944,0,24,0,0,1,1,0,4,2,2,0,2,0,0000000,21,1,21,11,21,49,0,0,0,1,0
54,540214,2,2,0,0,0,2,2,55,2180,28,8,2012,3,14,43,1,12,2,US-460,,128,37.34983611,-81.10860556,0,12,1,0,1,1,0,1,1,1,0,1,0,0000000,14,49,14,58,88,88,0,0,0,1,0
54,540215,2,2,0,0,0,2,2,97,340,28,8,2012,3,14,16,0,14,3,SR-20,US-33,261,39.0011,-80.23231389,0,12,6,0,2,2,0,1,1,1,0,1,0,0000000,14,19,14,21,14,32,0,0,0,1,1
54,540216,1,1,0,0,0,1,1,27,2330,29,8,2012,4,20,7,0,3,2,US-50,,103,39.33398889,-78.74388611,0,24,0,0,1,1,0,4,2,1,0,1,0,0000000,20,0,20,28,20,57,0,0,0,1,0
54,540217,2,2,0,0,0,4,4,55,260,28,8,2012,3,22,44,0,4,3,SR-123,,13,37.31565833,-81.13775,0,12,2,0,1,1,0,1,2,1,0,1,0,0000000,22,52,23,1,23,38,0,0,0,1,2
54,540218,2,2,0,0,0,3,3,27,121,30,8,2012,5,12,25,0,3,2,US-50,,189,39.29861111,-78.61166944,0,12,7,0,4,1,0,1,1,1,0,1,0,0000000,12,31,12,34,88,88,0,0,0,1,0
54,540219,1,1,0,0,0,1,1,19,173,31,8,2012,6,20,38,0,4,4,CR-5,,28,38.10234167,-81.14855556,0,24,0,0,1,1,0,4,2,10,0,10,0,0000000,20,40,20,57,88,88,0,0,0,1,1
54,540220,1,1,0,0,0,1,1,25,40,4,9,2012,3,14,29,0,3,3,SR-12,,55,37.77377778,-80.59700278,0,42,0,0,1,1,0,4,1,1,0,1,0,0000000,99,99,99,99,99,99,0,0,0,1,0
54,540221,2,2,0,0,0,2,2,37,1140,8,9,2012,7,7,32,0,3,3,SR-9,,143,39.24927778,-77.8004,0,12,2,0,1,1,0,1,1,1,0,1,0,0000000,7,34,7,44,8,2,0,0,0,1,0
54,540222,1,1,0,0,0,2,2,7,360,14,9,2012,6,21,5,1,1,1,I-79,,805,38.87221944,-80.63666944,0,1,0,0,1,1,0,1,1,10,0,10,0,0000000,99,99,99,99,99,99,0,0,0,1,0
54,540223,1,1,0,0,0,1,1,45,470,14,9,2012,6,18,50,0,4,3,SR-10,,335,37.97667222,-82.01639444,0,34,0,0,1,1,0,4,1,1,0,1,0,0000000,18,52,18,53,99,99,0,0,0,1,0
54,540224,1,1,0,0,0,2,2,39,480,16,9,2012,1,11,37,0,16,6,QUARRY RIDGE RD,,0,38.32411944,-81.62005,0,42,0,0,1,1,0,4,1,1,0,1,0,0000000,99,99,99,99,12,30,0,0,0,1,1
54,540225,2,2,0,0,0,6,6,45,1541,17,9,2012,2,18,53,1,2,3,SR-10,,155,37.78365278,-81.93951389,0,12,2,0,1,1,0,1,2,2,0,2,0,0000000,18,39,18,54,19,27,0,0,0,1,0
54,540226,1,1,0,2,2,1,1,39,1940,19,9,2012,4,22,55,0,14,3,SR-62,,78,38.43153333,-81.81072778,0,8,0,0,1,1,0,1,3,1,0,1,0,0000000,22,56,23,9,23,42,0,0,0,1,0
54,540227,1,1,0,0,0,1,1,99,2720,21,9,2012,6,19,57,0,6,4,CR-37/11,,23,38.19578889,-82.43581667,0,42,0,0,1,1,0,4,2,10,0,10,0,0000000,88,88,88,88,88,88,0,0,0,1,1
54,540228,1,1,0,0,0,1,1,77,330,21,9,2012,6,12,17,0,4,4,CR-3,,2,39.61361111,-79.61361111,0,42,0,0,1,1,0,4,1,1,0,1,0,0000000,99,99,99,99,88,88,0,0,0,1,0
54,540229,2,2,0,0,0,2,2,69,2830,12,9,2012,4,9,56,1,13,3,SR-2,,51,40.06426944,-80.71866389,0,12,2,0,1,1,0,1,1,1,0,1,0,0000000,99,99,99,99,99,99,0,0,0,1,0
54,540230,1,1,0,0,0,1,1,55,260,21,9,2012,6,21,11,1,13,2,US-52,,149,37.26177778,-81.18814722,0,35,0,0,1,1,0,4,2,1,0,1,0,0000000,99,99,99,99,99,99,0,0,0,1,0
54,540231,1,1,0,0,0,2,2,39,2412,23,9,2012,1,11,44,1,1,1,I-77,,760,38.13351944,-81.42831111,0,24,0,0,1,1,0,4,1,1,0,1,0,0000000,99,99,99,99,99,99,0,0,0,1,0
54,540232,1,1,0,1,1,4,4,43,1742,24,9,2012,2,21,20,0,3,3,SR-10,,190,38.18166944,-82.17916944,0,8,0,0,1,1,0,1,2,1,0,1,0,0000000,21,24,21,28,88,88,0,0,0,1,0
54,540233,2,2,0,0,0,2,2,27,121,24,9,2012,2,7,58,0,3,2,US-50,SR-29,191,39.30041667,-78.60353333,0,12,6,0,2,4,0,1,1,1,0,1,0,0000000,7,58,8,8,8,21,0,0,0,1,0
54,540234,4,4,0,0,0,4,4,3,1660,28,9,2012,6,12,2,1,13,3,SR-9,LUTZ AVE,116,39.4881,-77.95788889,0,12,6,0,2,2,0,1,1,10,0,10,0,0000000,12,2,12,6,12,22,0,0,0,1,0
54,540235,1,1,0,0,0,1,1,53,2150,30,9,2012,1,3,45,1,2,3,SR-2,,225,38.84054722,-82.13830833,0,34,0,0,1,1,0,4,2,5,0,5,0,0000000,3,47,4,8,88,88,0,0,0,1,1
54,540236,2,2,0,0,0,2,2,33,2685,28,5,2012,2,14,25,0,3,3,SR-20,,364,39.39878611,-80.47687222,0,12,7,0,1,1,0,1,1,1,0,1,0,0000000,14,41,14,57,88,88,0,0,0,1,0
54,540237,1,1,0,1,1,1,1,39,2370,12,9,2012,4,20,54,0,13,2,US-60,,67,38.358825,-81.75693889,0,8,0,0,1,1,0,1,2,1,0,1,0,0000000,20,54,20,57,21,2,0,0,0,1,0
54,540238,1,1,0,0,0,1,1,39,2370,15,9,2012,7,21,9,0,3,2,US-60,,8,38.39577222,-81.87563889,0,30,0,0,1,1,0,4,2,1,0,1,0,0000000,88,88,88,88,88,88,0,0,0,1,0
54,540239,1,1,0,0,0,3,3,55,1437,27,9,2012,5,17,59,0,6,4,CR-71/12,,49,37.41752222,-81.19100556,0,1,0,0,1,1,0,2,1,1,0,1,0,0000000,99,99,99,99,99,99,0,0,0,1,0
54,540240,1,1,0,1,1,2,2,11,1270,2,10,2012,3,20,26,0,13,2,US-60,,23,38.416775,-82.45969722,0,8,0,0,1,1,0,1,2,10,0,10,0,0000000,20,26,20,29,20,36,0,0,0,1,0
54,540241,1,1,0,0,0,2,2,77,109,1,8,2012,4,14,19,0,4,4,CR-29,,16,39.48098333,-79.85915556,0,35,0,0,1,1,0,4,1,1,0,1,0,0000000,99,99,99,99,99,99,0,0,0,1,0
54,540242,2,1,1,0,0,1,1,83,240,7,8,2012,3,10,10,1,2,2,US-219,,347,38.86836389,-79.84392222,0,14,0,0,1,1,0,5,1,1,0,1,0,0000000,99,99,99,99,99,99,0,0,0,1,0
54,540243,1,1,0,0,0,1,1,49,0,23,8,2012,5,1,20,0,5,4,CR-33/5,,5,39.45510833,-80.007725,0,35,0,0,1,1,0,4,2,10,0,10,0,0000000,99,99,99,99,99,99,0,0,0,1,1
54,540244,1,1,0,0,0,1,1,81,165,6,9,2012,5,10,8,0,14,4,CR-307,,46,37.77163889,-81.09109722,0,34,0,0,1,1,0,4,1,1,0,1,0,0000000,99,99,99,99,99,99,0,0,0,1,0
54,540245,1,1,0,0,0,1,1,41,0,4,10,2012,5,22,49,0,6,4,CR-42/1,MIDDLE FORK RD,7,38.93367222,-80.52919722,0,35,0,0,1,1,1,4,2,1,0,1,0,0000000,99,99,99,99,88,88,0,0,0,1,1
54,540246,1,1,0,0,0,1,1,23,366,4,10,2012,5,12,45,0,6,4,CR-28/11,,60,38.96556111,-79.23693889,0,42,0,0,1,1,0,5,1,1,0,1,0,0000000,99,99,99,99,88,88,0,0,0,1,0
54,540247,1,1,0,0,0,4,4,29,530,2,9,2012,1,2,23,0,6,4,CR-14,,28,40.59351944,-80.55440278,0,35,0,0,1,1,0,4,2,10,0,10,0,0000000,99,99,99,99,99,99,0,0,0,1,1
54,540248,1,1,0,0,0,1,1,107,2327,7,10,2012,1,1,55,1,1,1,I-77,,1625,39.08801944,-81.54320278,0,35,0,0,1,1,0,4,2,10,0,10,0,0000000,3,43,4,0,99,99,0,0,0,1,1
54,540249,2,2,0,0,0,2,2,27,0,8,10,2012,2,20,37,0,3,2,US-50,,265,39.27906389,-78.50933056,0,12,2,0,1,1,0,1,2,2,0,2,0,0000000,20,37,20,51,21,6,0,0,0,1,2
54,540250,1,1,0,0,0,1,1,61,1840,9,10,2012,3,7,45,0,4,4,CR-73,,6,39.57453056,-79.99305556,0,34,0,0,1,1,0,4,1,1,0,1,0,0000000,99,99,99,99,88,88,0,0,0,1,0
54,540251,5,4,1,0,1,7,8,19,1508,6,10,2012,7,13,56,0,3,2,US-60,,304,38.01739722,-80.90826389,0,12,2,0,1,1,0,1,1,5,0,5,0,0000000,99,99,99,99,99,99,0,0,0,1,1
54,540252,2,2,0,0,0,3,3,97,15,8,10,2012,2,19,4,0,4,3,SR-20,,192,38.89700833,-80.28683889,0,24,0,0,1,1,0,4,2,1,0,1,0,0000000,19,5,19,11,19,44,0,0,0,1,0
54,540253,1,1,0,0,0,5,5,67,249,10,10,2012,4,3,22,0,5,4,CR-5,,0,38.52042222,-80.692275,0,1,0,0,1,1,0,1,2,1,0,1,0,0000000,99,99,99,99,99,99,0,0,0,1,0
54,540254,1,1,0,0,0,1,1,3,1170,11,10,2012,5,3,0,1,2,3,SR-9,,55,39.55599167,-77.99625833,0,1,0,0,1,1,0,4,2,1,0,1,0,0000000,99,99,99,99,99,99,0,0,0,1,1
54,540255,1,1,0,0,0,3,3,3,1170,11,10,2012,5,22,20,1,2,3,SR-9,,63,39.57726944,-78.03873611,0,38,0,0,1,1,0,4,2,1,0,1,0,0000000,22,20,22,33,22,51,0,0,0,1,1
54,540256,2,2,0,0,0,2,2,19,1970,12,10,2012,6,12,40,1,13,2,US-19,SR-612,57,37.95638056,-81.15553333,0,12,6,0,2,2,0,1,1,1,0,1,0,0000000,99,99,99,99,99,99,0,0,0,1,0
54,540257,2,2,0,0,0,5,5,11,1270,13,10,2012,7,19,52,1,13,2,US-52,,9,38.42031389,-82.488375,0,1,0,0,1,1,0,1,2,1,0,1,0,0000000,19,54,19,58,88,88,0,0,0,1,1
54,540258,1,1,0,0,0,2,2,5,2644,17,10,2012,4,9,55,1,2,2,US-119,,67,38.01828333,-81.874225,0,1,0,0,1,1,0,2,1,1,0,1,0,0000000,10,0,10,7,11,7,0,0,0,1,0
54,540259,2,2,0,0,0,2,2,5,942,15,10,2012,2,22,45,0,4,3,SR-3,,144,38.10341111,-81.75368889,0,12,6,0,1,1,0,1,2,1,0,1,0,0000000,99,99,99,99,88,88,0,0,0,1,1
54,540260,2,2,0,0,0,5,5,39,1940,18,10,2012,5,17,0,0,15,4,CR-35/1,,5,38.42980556,-81.81398056,0,12,2,0,1,1,0,1,1,10,0,10,0,0000000,99,99,99,99,99,99,0,0,0,1,0
54,540261,1,1,0,1,1,1,1,79,0,21,10,2012,1,6,40,0,4,3,SR-817,,180,38.57635278,-81.99820556,0,8,0,0,1,1,0,1,2,5,0,5,0,0000000,99,99,99,99,88,88,0,0,0,1,0
54,540262,1,1,0,0,0,2,2,81,553,24,10,2012,4,14,2,0,4,4,CR-1,,146,37.88254722,-81.33478056,0,35,0,0,1,1,0,4,1,1,0,1,0,0000000,99,99,99,99,99,99,0,0,0,1,1
54,540263,3,3,0,0,0,5,5,53,2150,24,10,2012,4,15,40,1,13,2,US-35,HUNTINGTON RD,180,38.83008611,-82.14175278,0,12,7,0,1,1,0,1,1,1,0,1,0,0000000,99,99,99,99,99,99,0,0,0,1,0
54,540264,2,2,0,0,0,2,2,61,1595,24,10,2012,4,14,35,0,13,2,US-19,,146,39.66053333,-80.00555833,0,12,6,0,8,1,0,1,1,1,0,1,0,0000000,16,11,16,14,17,0,0,0,0,1,1
54,540265,1,1,0,0,0,1,1,41,1311,25,10,2012,5,14,52,0,6,4,CR-7/8,,3,39.09773056,-80.33438889,0,1,0,0,1,1,0,4,1,1,0,1,0,0000000,99,99,99,99,88,88,0,0,0,1,0
54,540266,1,1,0,1,1,1,1,61,1840,27,10,2012,7,4,30,1,2,2,US-119,,110,39.59458056,-79.95541111,0,8,0,0,1,1,0,1,3,1,0,1,0,0000000,99,99,99,99,99,99,0,0,0,1,0
54,540267,2,2,0,0,0,3,3,93,0,29,10,2012,2,14,15,0,3,3,SR-32,,87,39.12573889,-79.45729444,0,12,2,0,1,1,0,1,1,3,4,4,0,0000000,99,99,99,99,99,99,0,0,0,1,0
54,540268,2,2,0,0,0,3,3,53,968,29,10,2012,2,1,5,1,13,3,SR-2,,224,38.75716389,-82.19155556,0,12,6,0,1,1,0,1,2,2,0,2,0,0000000,99,99,99,99,99,99,0,0,0,1,0
54,540269,2,2,0,1,1,2,2,37,2230,3,11,2012,7,23,3,0,4,3,SR-51,,23,39.30343056,-77.95293333,0,12,7,0,1,1,0,1,2,10,0,10,0,0000000,23,3,23,48,99,99,0,0,0,1,0
54,540270,1,1,0,1,1,1,1,53,2150,4,11,2012,1,13,31,0,4,4,CR-15,,60,38.87348611,-82.12253889,0,8,0,0,1,1,0,1,1,1,0,1,0,0000000,13,33,13,37,13,43,0,0,0,1,0
54,540271,2,2,0,0,0,3,3,59,1446,4,11,2012,1,4,0,0,4,3,SR-65,,196,37.80525556,-82.31750556,0,12,2,0,1,1,0,1,2,1,0,1,0,0000000,99,99,99,99,99,99,0,0,0,2,1
54,540272,2,2,0,0,0,3,3,59,0,7,11,2012,4,19,28,0,4,4,CR-3/5,,108,37.94247778,-82.29518056,0,12,2,0,1,1,0,1,2,1,0,1,1,0000000,99,99,99,99,99,99,0,0,0,1,0
54,540273,2,2,0,0,0,2,2,109,645,19,7,2012,5,13,44,0,3,3,SR-10,,440,37.73218611,-81.70609444,0,12,2,0,1,1,0,1,1,1,0,1,0,0000000,99,99,15,43,99,99,0,0,0,1,0
54,540274,1,1,0,0,0,1,1,45,1541,31,10,2012,4,9,38,1,2,3,SR-10,,151,37.78399167,-81.93981389,0,32,0,0,1,1,0,4,1,2,0,2,0,0000000,99,99,99,99,88,88,0,0,0,1,0
54,540275,1,1,0,0,0,1,1,87,2510,2,11,2012,6,13,40,0,3,2,US-33,,123,38.79277222,-81.30914167,0,42,0,0,1,1,0,4,1,1,0,1,0,0000000,99,99,99,99,99,99,0,0,0,1,0
54,540276,1,1,0,0,0,2,2,107,0,5,11,2012,2,12,39,1,1,1,I-77,,1830,39.35439722,-81.44534722,0,24,0,0,1,1,0,4,1,1,0,1,0,0000000,12,47,12,51,13,46,0,0,0,1,0
54,540277,2,2,0,0,0,2,2,89,1086,9,11,2012,6,7,28,1,1,1,I-64,,1445,37.825,-80.80693889,0,12,1,0,1,1,0,1,4,1,0,1,0,0000000,7,35,7,56,88,88,0,0,0,1,0
54,540278,1,1,0,0,0,1,1,53,0,10,11,2012,7,5,44,0,4,3,SR-62,,135,38.84028056,-82.13212222,0,34,0,0,1,1,0,4,2,1,0,1,0,0000000,99,99,99,99,88,88,0,0,0,1,1
54,540279,1,1,0,0,0,2,2,107,665,11,11,2012,1,2,27,0,16,4,CR-47-3,,10,39.20154444,-81.500175,0,42,0,0,1,1,0,5,2,1,0,1,0,0000000,2,27,2,39,3,43,0,0,0,1,1
54,540280,2,2,0,0,0,3,3,69,0,12,11,2012,2,3,40,1,2,1,I-70,,112,40.07028056,-80.56388889,0,12,2,0,1,1,0,1,2,1,0,1,0,0000000,3,42,3,55,4,26,0,0,0,2,0
54,540281,1,1,0,0,0,1,1,99,626,12,11,2012,2,21,36,1,2,2,US-52,,488,37.97544444,-82.46248611,0,24,0,0,1,1,0,4,2,1,0,1,0,0000000,21,36,21,49,22,38,0,0,0,1,0
54,540282,2,1,1,0,1,1,2,55,2180,14,11,2012,4,18,54,1,13,2,US-460,,135,37.28032222,-81.16586944,0,14,0,0,1,1,0,2,2,1,0,1,0,0000000,99,99,99,99,99,99,0,0,0,1,0
54,540283,2,2,0,0,0,2,2,59,0,16,11,2012,6,6,53,1,2,2,US-52,,13,37.84729444,-82.41611389,0,12,2,0,1,1,0,1,1,1,0,1,0,0000000,99,99,99,99,99,99,0,0,0,2,0
54,540284,1,1,0,0,0,1,1,23,2090,20,11,2012,3,21,25,0,5,4,CR-220/2,,7,38.99201389,-79.15713056,0,18,0,0,1,1,0,1,2,1,0,1,0,0000000,21,28,21,31,88,88,19,0,0,1,0
54,540285,2,2,0,0,0,3,3,11,1458,20,11,2012,3,11,16,1,13,3,SR-2,,94,38.54326944,-82.28717778,0,12,1,0,1,1,3,1,1,1,0,1,0,0000000,11,20,11,32,11,56,0,0,0,1,0