STATE,ST_CASE,VE_TOTAL,VE_FORMS,PVH_INVL,PEDS,PERNOTMVIT,PERMVIT,PERSONS,COUNTY,CITY,DAY,MONTH,YEAR,DAY_WEEK,HOUR,MINUTE,NHS,ROAD_FNC,ROUTE,TWAY_ID,TWAY_ID2,MILEPT,LATITUDE,LONGITUD,SP_JUR,HARM_EV,MAN_COLL,RELJCT1,RELJCT2,TYP_INT,WRK_ZONE,REL_ROAD,LGT_COND,WEATHER1,WEATHER2,WEATHER,SCH_BUS,RAIL,NOT_HOUR,NOT_MIN,ARR_HOUR,ARR_MIN,HOSP_HR,HOSP_MN,CF1,CF2,CF3,FATALS,DRUNK_DR
54,540286,2,2,0,0,0,2,2,39,1095,20,11,2012,3,12,34,0,4,4,CR-21,,33,38.44558056,-81.67023889,0,35,0,0,1,1,0,4,1,10,0,10,0,0000000,12,39,12,43,88,88,0,0,0,1,1
54,540287,1,1,0,0,0,3,3,25,2340,24,11,2012,7,13,55,1,2,2,US-219,,22,37.75556667,-80.46250278,0,42,0,0,1,1,0,4,1,1,0,1,0,0000000,99,99,99,99,99,99,0,0,0,3,1
54,540288,2,2,0,0,0,2,2,9,2750,4,12,2012,3,14,2,0,14,3,SR-27,,1,40.27123056,-80.60650278,0,12,2,0,1,1,0,1,1,2,0,2,0,0000000,99,99,99,99,99,99,0,0,0,1,0
54,540289,1,1,0,0,0,1,1,19,1212,2,8,2012,5,7,28,1,13,2,US-19,,92,37.93837222,-81.15691111,0,1,0,0,1,1,0,2,1,1,0,1,0,0000000,99,99,99,99,99,99,0,0,0,1,0
54,540290,2,2,0,0,0,2,2,23,2090,16,11,2012,6,6,33,0,4,3,SR-220,,94,38.99849722,-79.09775833,0,32,0,0,1,1,0,4,1,1,0,1,0,0000000,6,39,6,43,6,57,0,0,0,1,1
54,540291,1,1,0,0,0,2,2,19,2620,15,6,2012,6,16,0,0,4,4,CR-25,,94,37.9213,-81.05515278,1,1,0,0,1,1,0,1,1,99,0,99,0,0000000,99,99,99,99,99,99,0,0,0,1,0
54,540292,2,2,0,0,0,2,2,33,0,24,5,2012,5,8,35,1,2,2,US-50,,66,39.29370556,-80.55717778,0,12,6,0,1,1,0,1,1,1,0,1,0,0000000,99,99,99,99,88,88,0,0,0,1,0
54,540293,1,1,0,0,0,3,3,1,1781,3,6,2012,1,13,22,0,4,3,SR-92,,221,39.20948333,-79.91098056,0,42,0,0,1,1,0,5,1,1,0,1,0,0000000,99,99,99,99,99,99,0,0,0,1,0
54,540294,3,3,0,0,0,4,4,39,242,23,6,2012,7,1,8,1,2,1,I-79,,25,38.40781389,-81.57940556,0,35,0,0,1,1,0,4,2,1,0,1,0,0000000,1,9,1,11,1,24,0,0,0,1,1
54,540295,1,1,0,1,1,1,1,39,0,21,9,2012,6,22,0,0,13,2,US-60,,86,38.38483889,-81.80596667,0,8,0,0,1,1,0,1,3,1,0,1,0,0000000,22,2,22,6,22,21,0,0,0,1,0
54,540296,1,1,0,1,1,1,1,39,480,26,9,2012,4,8,30,1,1,1,I-77,,1060,38.40976111,-81.62467778,0,8,0,0,1,1,0,1,1,2,0,2,0,0000000,99,99,99,99,88,88,0,0,0,1,0
54,540297,1,1,0,0,0,1,1,87,2510,2,12,2012,1,10,32,0,4,2,US-119,,236,38.77028056,-81.36361111,0,1,0,0,1,1,0,4,1,10,0,10,0,0000000,99,99,99,99,99,99,0,0,0,1,0
54,540298,1,1,0,0,0,1,1,23,1726,11,9,2012,3,20,54,0,6,4,CR-3/3,,30,39.1847,-79.13516944,0,1,0,0,1,1,0,4,5,1,0,1,0,0000000,88,88,88,88,88,88,0,0,0,1,0
54,540299,2,1,1,0,0,1,1,47,2740,13,5,2012,1,19,15,1,2,3,SR-16,,304,37.43987222,-81.57466667,0,38,0,0,1,1,0,5,1,2,0,2,0,0000000,99,99,19,26,20,5,0,0,0,1,0
54,540300,2,2,0,0,0,3,3,45,1620,1,10,2012,2,19,28,1,2,3,SR-10,TAPLIN RD,100,37.74300556,-81.880825,0,12,6,0,2,3,0,1,2,10,0,10,0,0000000,19,31,19,39,19,57,0,0,0,1,0
54,540301,2,1,1,1,1,2,2,85,2080,3,12,2012,2,6,25,1,2,2,US-50,SR-74,183,39.27204167,-80.95753333,0,8,0,0,3,1,0,1,4,2,5,2,0,0000000,99,99,99,99,99,99,19,0,0,1,0
54,540302,3,3,0,0,0,4,4,11,1458,13,12,2012,5,9,5,1,13,3,SR-2,,97,38.5155,-82.297825,0,12,8,0,1,1,0,1,1,5,0,5,0,0000000,9,12,9,27,10,8,0,0,0,2,0
54,540303,1,1,0,0,0,1,1,77,1690,15,12,2012,7,16,30,0,3,3,SR-7,,17,39.56152222,-79.80876389,0,35,0,0,1,1,0,4,1,1,0,1,0,0000000,99,99,99,99,88,88,0,0,0,1,0
54,540304,1,1,0,0,0,1,1,43,1110,18,12,2012,3,0,6,0,4,3,SR-34,,34,38.33721944,-82.05638889,0,42,0,0,1,1,0,4,2,5,0,5,0,0000000,0,7,0,22,88,88,0,0,0,1,0
54,540305,2,2,0,0,0,2,2,45,1420,20,12,2012,5,19,15,0,4,4,CR-16,,12,37.75775,-81.84776944,0,12,6,0,4,1,0,1,2,10,0,10,0,0000000,19,15,19,26,19,57,0,0,0,1,0
54,540306,2,1,1,0,0,1,1,55,260,24,12,2012,2,13,10,0,16,6,GRASSY BRANCH RD,,0,37.274825,-81.19418889,0,14,0,0,1,1,0,2,1,2,0,2,0,0000000,13,10,13,17,88,88,0,0,0,1,0
54,540307,2,2,0,0,0,4,4,69,0,11,11,2012,1,2,48,0,6,4,CR-41/1,CABELA DR,13,40.06228611,-80.58354444,0,12,1,0,3,4,0,1,2,1,0,1,0,0000000,99,99,99,99,99,99,0,0,0,1,1
54,540308,1,1,0,0,0,1,1,39,2439,25,11,2012,1,17,56,1,1,1,I-77,,1080,38.44022778,-81.62750278,0,34,0,0,1,1,0,4,2,1,0,1,0,0000000,17,56,18,2,18,51,0,0,0,1,0
54,540309,2,2,0,0,0,2,2,83,646,26,12,2012,4,12,30,1,2,2,US-219,,279,38.7885,-79.9057,0,12,6,0,1,1,0,1,1,3,0,3,0,0000000,99,99,99,99,99,99,0,0,0,1,0
54,540310,2,2,0,0,0,3,3,3,1307,20,11,2012,3,1,54,1,11,1,I-81,,50,39.37048889,-78.04164722,0,12,2,0,1,1,0,1,2,1,0,1,0,0000000,99,99,99,99,99,99,0,0,0,1,1
54,540311,2,2,0,0,0,5,5,33,0,20,11,2012,3,9,9,0,14,3,SR-20,,202,39.17533889,-80.262475,0,12,6,0,1,1,0,1,1,1,0,1,0,0000000,99,99,99,99,99,99,0,0,0,1,0
54,540312,3,3,0,0,0,3,3,3,1660,18,12,2012,3,13,55,1,1,1,I-81,,80,39.40193889,-78.02666944,0,12,6,0,1,1,0,1,1,10,0,10,0,0000000,99,99,99,99,88,88,14,0,0,1,0
54,540313,1,1,0,0,0,1,1,5,650,13,6,2012,4,18,44,0,4,4,CR-20,,24,37.98794444,-81.86754722,0,42,0,0,1,1,0,5,9,1,0,1,0,0000000,99,99,99,99,88,88,0,0,0,1,0
54,540314,2,2,0,0,0,3,3,55,110,23,7,2012,2,21,22,1,1,1,I-77,,175,37.47933889,-81.07348056,0,12,7,0,1,1,1,1,2,10,0,10,0,0000000,99,99,99,99,99,99,0,0,0,1,0
54,540315,3,3,0,0,0,5,5,39,2439,2,8,2012,5,20,0,1,1,1,I-77,,1070,38.44042222,-81.62759444,0,12,7,0,1,1,0,1,1,1,0,1,0,0000000,99,99,99,99,99,99,0,0,0,1,0
54,540316,1,1,0,0,0,2,2,25,2210,10,11,2012,7,1,20,0,5,4,CR-24,,39,37.93295278,-80.79732222,0,35,0,0,1,1,0,4,2,1,0,1,0,0000000,99,99,99,99,99,99,0,0,0,1,1
54,540317,1,1,0,0,0,1,1,99,705,18,8,2012,7,16,50,0,6,5,COAL HAUL RD,,0,38.00505833,-82.375375,0,42,0,0,1,1,0,4,1,1,0,1,0,0000000,99,99,99,99,99,99,0,0,0,1,0
54,540318,1,1,0,0,0,2,2,57,934,30,11,2012,6,19,0,0,3,3,SR-28,,36,39.50746944,-78.77271389,0,1,0,0,1,1,0,4,2,1,0,1,0,0000000,19,10,19,20,20,4,0,0,0,1,1
54,540319,1,1,0,0,0,2,2,7,2580,4,12,2012,3,9,18,1,1,1,I-79,,570,38.61727222,-80.75915278,0,24,0,1,5,1,0,4,1,1,0,1,0,0000000,99,99,99,99,99,99,0,0,0,1,0
54,540320,1,1,0,0,0,2,2,57,2055,9,12,2012,1,19,0,0,4,4,CR-11,,20,39.43833056,-78.83556111,0,42,0,0,1,1,0,5,2,3,0,3,0,0000000,99,99,99,99,99,99,0,0,0,1,1
54,540321,2,2,0,0,0,7,7,77,1410,21,12,2012,6,12,4,0,3,3,SR-26,,141,39.46513333,-79.681025,0,12,6,0,1,1,0,1,1,4,0,4,0,0000000,12,6,12,13,12,25,0,0,0,2,0
54,540322,2,2,0,0,0,4,4,19,1970,13,12,2012,5,20,59,1,13,2,US-19,SR-16,74,38.05754167,-81.10520278,0,12,6,0,2,3,0,1,2,1,0,1,0,0000000,99,99,99,99,99,99,0,0,0,1,0
55,550001,1,1,0,0,0,1,1,21,0,2,1,2012,2,0,15,0,3,3,SR-60,,0,43.30045,-89.58141111,0,35,0,0,1,1,0,4,2,1,0,1,0,0000000,0,28,0,44,88,88,0,0,0,1,1
55,550002,2,2,0,0,0,3,3,79,3100,1,1,2012,1,6,1,0,13,3,SR-57,ST PAUL AVE W,0,43.0346,-87.94762222,0,34,0,0,2,2,0,1,3,4,0,4,0,0000000,99,99,99,99,99,99,0,0,0,2,2
55,550003,1,1,0,0,0,1,1,115,0,1,1,2012,1,20,17,0,3,3,SR-32,,0,44.76318333,-88.251675,0,42,0,0,1,1,0,4,2,10,0,10,0,0000000,20,18,99,99,88,88,0,0,0,1,0
55,550004,1,1,0,0,0,2,2,41,0,1,1,2012,1,0,44,0,5,5,SOUTH SHORE DR,,0,45.38604722,-88.91052778,0,42,0,0,1,1,0,4,2,4,0,4,0,0000000,99,99,99,99,99,99,0,0,0,1,1
55,550005,2,2,0,0,0,5,5,11,0,11,1,2012,4,17,0,0,2,3,SR-25,,0,44.502475,-92.00910278,0,12,2,0,1,1,0,1,1,4,0,4,0,0000000,17,5,99,99,99,99,19,0,0,1,1
55,550006,1,1,0,0,0,5,5,129,0,11,1,2012,4,20,23,0,4,3,SR-253,,0,45.77857222,-91.86760833,0,1,0,0,1,1,0,4,2,4,0,4,0,0000000,99,99,99,99,99,99,0,0,0,1,0
55,550007,1,1,0,0,0,1,1,37,0,6,1,2012,6,6,58,1,2,2,US-2,,0,45.94838333,-88.30415,0,43,0,0,1,1,0,4,2,10,0,10,0,0000000,0,14,0,30,88,88,0,0,0,1,1
55,550008,2,2,0,0,0,2,2,35,0,12,1,2012,5,16,40,1,11,1,I-94,,641,44.78133611,-91.53894722,0,24,0,0,1,1,0,4,1,4,0,4,0,0000000,16,42,17,3,17,39,0,0,0,1,0
55,550009,1,1,0,1,1,1,1,41,0,1,1,2012,1,6,22,0,3,3,SR-55,,0,45.4845,-88.97589167,3,8,0,0,1,1,0,1,3,4,0,4,0,0000000,6,23,6,53,99,99,0,0,0,1,1
55,550010,2,2,0,0,0,2,2,105,440,13,1,2012,6,10,30,1,13,3,SR-81,PRAIRIE AVE,0,42.511,-89.02129722,0,12,6,0,2,2,0,1,1,4,0,4,0,0000000,10,32,10,35,11,20,0,0,0,1,0
55,550011,1,1,0,0,0,1,1,71,2810,4,1,2012,4,14,15,0,13,3,SR-42,,0,44.12078611,-87.62422778,0,42,0,0,1,1,0,5,1,10,0,10,0,0000000,14,15,14,20,14,30,0,0,0,1,1
55,550012,2,2,0,0,0,3,3,101,4170,14,1,2012,7,18,56,1,13,3,SR-36,RIVER RD N,0,42.72638611,-88.22206667,0,12,6,0,2,2,0,1,2,10,0,10,0,0000000,18,56,18,58,19,10,0,0,0,1,0
55,550013,1,1,0,0,0,1,1,105,0,6,1,2012,6,6,58,1,2,2,US-14,,0,42.65749167,-88.88997222,0,42,0,0,1,1,0,4,2,1,0,1,0,0000000,6,58,7,14,88,88,0,0,0,1,1
55,550014,1,1,0,0,0,2,2,79,3100,15,1,2012,1,1,15,1,13,3,SR-190,,0,43.08971667,-88.02601389,0,42,0,0,1,1,0,3,3,10,0,10,0,0000000,99,99,99,99,99,99,0,0,0,1,1
55,550015,1,1,0,0,0,1,1,9,2211,6,1,2012,6,23,29,1,12,2,US-41,,0,44.5366,-88.07405556,0,34,0,1,19,1,1,8,2,1,0,1,0,0000000,23,29,23,40,23,56,0,0,0,1,1
55,550016,2,2,0,0,0,2,2,5,0,18,1,2012,4,10,15,0,5,4,CR-B,18TH ST,0,45.56715833,-91.78627222,0,12,6,0,2,2,0,1,1,1,0,1,0,0000000,10,19,10,29,11,7,0,0,0,1,0
55,550017,2,2,0,0,0,3,3,117,0,19,1,2012,5,14,28,0,2,3,SR-57,KILEY WAY,0,43.75271944,-87.941175,0,12,6,0,7,1,0,1,1,1,0,1,0,0000000,14,30,14,34,88,88,0,0,0,2,0
55,550018,1,1,0,0,0,2,2,75,0,19,1,2012,5,21,10,0,4,4,CR-B,,0,45.06277778,-87.80595,0,34,0,0,1,1,0,4,2,1,0,1,0,0000000,21,12,21,28,22,7,0,0,0,1,1
55,550019,1,1,0,0,0,1,1,59,0,20,1,2012,6,0,47,0,16,6,22ND ST,,0,42.61955556,-87.87659167,0,42,0,0,1,1,0,4,2,1,0,1,0,0000000,0,49,0,57,88,88,0,0,0,1,1
55,550020,2,2,0,0,0,2,2,101,0,22,1,2012,1,0,33,0,3,3,SR-83,CR-O,0,42.80976944,-88.27686111,0,12,6,0,1,1,0,1,2,10,0,10,0,0000000,0,34,0,50,1,30,0,0,0,1,0
55,550021,1,1,0,0,0,1,1,1,0,7,1,2012,7,13,21,0,6,5,20TH AVE,,0,43.98623611,-89.95572778,0,10,0,0,6,1,0,1,1,1,0,1,0,179265A,13,23,13,34,88,88,0,0,0,1,0
55,550022,1,1,0,0,0,1,1,37,0,22,1,2012,1,17,8,0,3,3,SR-70,SR-139,0,45.92721111,-88.65498611,0,42,0,0,3,3,0,4,2,3,0,3,0,0000000,17,8,17,35,18,19,0,0,0,1,0
55,550023,2,2,0,0,0,2,2,95,0,8,1,2012,1,15,48,0,3,3,SR-35,230TH AVE,0,45.54097778,-92.48857778,0,12,6,0,2,2,0,1,1,1,0,1,0,0000000,15,50,15,56,16,19,0,0,0,1,0
55,550024,2,2,0,0,0,2,2,139,0,11,1,2012,4,14,52,0,14,4,CR-N,POBEREZNY RD,0,43.95215278,-88.57963333,0,12,6,0,2,2,0,1,1,1,0,1,0,0000000,14,54,99,99,15,42,0,0,0,1,1
55,550025,1,1,0,0,0,1,1,15,0,8,1,2012,1,23,40,1,2,2,US-10,N,0,44.21307222,-88.32301111,0,33,0,0,2,6,0,4,3,10,0,10,0,0000000,23,49,0,0,88,88,0,0,0,1,1
55,550026,2,2,0,0,0,4,4,71,0,17,1,2012,3,8,50,0,6,5,DAIRYLAND DR,,0,43.90444722,-87.761375,0,12,6,0,1,1,0,1,1,4,0,4,0,0000000,8,54,9,13,9,59,0,0,0,1,0
55,550027,1,1,0,0,0,1,1,123,0,17,1,2012,3,20,15,0,3,3,SR-27,,0,43.46684722,-90.92476111,0,34,0,0,1,1,0,4,2,1,0,1,0,0000000,20,24,20,40,88,88,0,0,0,1,1
55,550028,1,1,0,0,0,1,1,133,0,10,1,2012,3,0,14,0,15,6,RD T,,0,43.00741389,-88.32075,0,35,0,0,1,1,0,4,2,1,0,1,0,0000000,0,14,0,21,99,99,0,0,0,1,0
55,550029,1,1,0,0,0,4,4,119,0,17,1,2012,3,16,2,0,6,5,HALL DR,,0,45.05479444,-90.23789722,0,34,0,0,1,1,0,4,1,1,0,1,0,0000000,16,7,99,99,99,99,0,0,0,1,0
55,550030,3,3,0,1,1,5,5,79,3100,18,1,2012,4,17,40,0,14,6,VILLARD AVE W,33RD ST N,0,43.11190556,-87.95398889,0,8,0,0,2,2,0,1,3,1,0,1,0,0000000,99,99,99,99,99,99,0,0,0,1,0
55,550031,1,1,0,0,0,1,1,127,0,18,1,2012,4,9,29,0,5,4,CR-STATE LINE RD,,0,42.49375833,-88.70255833,0,34,0,0,1,1,0,4,1,1,0,1,0,0000000,9,35,9,41,10,23,0,0,0,1,0
55,550032,2,2,0,0,0,3,3,31,4730,27,1,2012,6,17,0,0,13,3,SR-35,,0,46.65522222,-92.10443889,0,12,6,0,1,1,0,1,5,10,0,10,0,0000000,17,0,17,5,99,99,0,0,0,2,1
55,550033,2,2,0,0,0,2,2,45,0,27,1,2012,6,17,20,1,2,3,SR-11,,0,42.58851944,-89.47590556,0,12,2,0,1,1,0,1,5,10,0,10,0,0000000,17,24,17,35,18,23,0,0,0,2,0
55,550034,2,2,0,0,0,2,2,87,0,28,1,2012,7,2,36,0,2,3,SR-54,,0,44.40710278,-88.71138611,0,12,6,0,1,1,0,1,2,4,0,4,0,0000000,2,38,2,51,3,20,0,0,0,1,1
55,550035,1,1,0,0,0,1,1,13,0,28,1,2012,7,99,99,0,4,5,MARKSVILLE RD N,,0,46.07721944,-92.2706,0,34,0,0,1,1,0,4,2,10,0,10,0,0000000,23,7,23,22,88,88,0,0,0,1,1
55,550036,1,1,0,0,0,2,2,71,0,29,1,2012,1,1,40,0,4,4,CR-JJ,,0,44.09094167,-87.99516944,0,34,0,0,1,1,0,4,2,10,0,10,0,0000000,1,41,1,54,99,99,0,0,0,1,1
55,550037,1,1,0,0,0,1,1,109,0,30,1,2012,2,99,99,0,4,4,CR-H,,0,45.19573889,-92.55767778,0,24,0,0,1,1,0,4,2,1,0,1,0,0000000,9,3,9,13,88,88,18,0,0,1,1
55,550038,1,1,0,0,0,1,1,117,0,30,1,2012,2,8,45,0,6,5,GOLF COURSE RD,,0,43.81905278,-88.00494167,0,42,0,0,1,1,0,4,1,10,0,10,0,0000000,9,24,9,37,88,88,0,0,0,1,0
55,550039,1,1,0,0,0,1,1,25,0,28,1,2012,7,20,52,0,3,3,SR-78,,0,43.23431944,-89.73915,0,34,0,0,1,1,0,4,2,1,0,1,0,0000000,99,99,99,99,99,99,0,0,0,1,1
55,550040,2,2,0,0,0,4,4,59,2400,30,1,2012,2,20,10,1,14,3,SR-32,SR-158,0,42.58883611,-87.88242778,0,12,6,0,2,2,0,1,3,1,0,1,0,0000000,20,10,20,13,20,41,0,0,0,1,0
55,550041,1,1,0,0,0,2,2,73,0,26,2,2012,1,3,21,0,4,4,CR-V,,0,44.72486389,-90.29914444,0,30,0,0,1,1,0,4,2,1,0,1,0,0000000,3,25,3,34,4,10,0,0,0,1,1
55,550042,1,1,0,0,0,2,2,127,0,26,2,2012,1,8,34,0,14,4,CR-ES,,0,42.72870556,-88.56706389,0,1,0,0,1,1,0,4,1,10,0,10,0,0000000,8,39,8,46,88,88,0,0,0,2,1
55,550043,1,1,0,0,0,3,3,137,0,26,2,2012,1,11,35,0,6,5,CUMBERLAND RD,,0,44.019225,-89.121225,0,34,0,0,1,1,0,4,1,1,0,1,0,0000000,11,38,11,49,99,99,0,0,0,1,1
55,550044,1,1,0,0,0,1,1,109,0,27,2,2012,2,5,20,1,1,1,I-94,,102,44.95951389,-92.56005556,0,21,0,1,18,1,0,4,2,10,0,10,0,0000000,5,23,5,36,88,88,0,0,0,1,0
55,550045,1,1,0,0,0,1,1,89,1950,27,2,2012,2,0,17,0,13,4,CR-V/GRAFTON AVE,SR-60/WASHINGTON ST,0,43.32034167,-87.94673889,0,33,0,0,3,3,0,4,3,1,0,1,0,0000000,0,22,0,29,0,36,0,0,0,1,1
55,550046,1,1,0,0,0,1,1,25,0,28,2,2012,3,0,1,0,3,3,SR-78,,0,42.96985278,-89.76043333,0,42,0,0,1,1,0,4,2,1,0,1,0,0000000,0,9,99,99,88,88,0,0,0,1,1
55,550047,2,2,0,0,0,5,5,75,0,29,2,2012,4,14,25,0,3,3,SR-180,,0,45.14061389,-87.69199444,0,12,2,0,1,1,0,1,1,4,0,4,0,0000000,14,25,14,38,99,99,0,0,0,1,0
55,550048,2,2,0,0,0,2,2,5,0,29,2,2012,4,17,58,0,6,5,20TH ST,,0,45.38039167,-91.74549444,0,12,2,0,1,1,0,1,5,10,0,10,0,0000000,17,58,18,6,99,99,0,0,0,1,0
55,550049,2,2,0,0,0,3,3,129,0,19,2,2012,1,11,45,0,2,3,SR-70,,0,45.82184167,-91.924975,0,12,2,0,1,1,0,1,1,10,0,10,0,0000000,11,53,11,55,12,24,0,0,0,1,0
55,550050,1,1,0,0,0,1,1,39,0,4,2,2012,7,21,45,0,6,4,CR-H,,0,43.56275278,-88.40051389,0,59,0,0,1,1,0,4,2,1,0,1,0,0000000,21,50,22,5,88,88,0,0,0,1,1
55,550051,1,1,0,0,0,9,9,39,0,4,2,2012,7,3,34,0,6,5,BEECHNUT DR,,0,43.60776944,-88.30036944,0,44,0,0,1,1,0,1,2,1,0,1,0,0000000,3,34,3,52,99,99,0,0,0,3,0
55,550052,2,1,1,1,1,1,1,131,4089,10,2,2012,6,14,12,1,12,2,US-41,,0,43.25798056,-88.18166389,0,8,0,0,1,1,0,2,1,4,0,4,0,0000000,14,12,14,22,14,51,19,23,0,1,0
55,550053,2,2,0,0,0,6,6,105,3080,10,2,2012,6,20,50,1,13,3,SR-26,ARTHUR DR,0,42.76121667,-88.93923056,0,12,6,0,2,3,0,1,2,1,0,1,0,0000000,99,99,99,99,99,99,0,0,0,1,0
55,550054,2,2,0,0,0,5,5,133,3352,12,2,2012,1,9,43,0,14,6,SUNNY SLOPE RD,GLENCOVE PKWY,0,42.97963333,-88.0885,0,32,0,0,1,1,0,4,1,1,0,1,0,0000000,9,45,9,50,10,58,0,0,0,3,0
55,550055,2,2,0,0,0,3,3,17,0,12,2,2012,1,5,7,1,13,3,SR-124,JOLES PKWY N,0,44.89824722,-91.41547222,0,12,6,0,7,1,0,1,2,10,0,10,0,0000000,5,7,5,12,99,99,0,0,0,1,0
55,550056,1,1,0,0,0,2,2,89,0,14,2,2012,3,8,37,0,4,4,CR-H,,0,43.44391944,-87.89460833,0,30,0,0,1,1,0,4,1,10,0,10,0,0000000,8,40,8,54,9,27,0,0,0,1,0
55,550057,1,1,0,0,0,5,5,25,1724,18,2,2012,7,17,9,0,16,6,LACY RD,,0,43.00171111,-89.39635833,0,44,0,0,6,1,0,4,1,10,0,10,0,177877P,17,9,17,18,99,99,0,0,0,4,1
55,550058,2,2,0,0,0,3,3,135,0,10,2,2012,6,7,37,1,12,2,US-10,,0,44.33992222,-89.08024722,0,12,1,0,1,1,0,1,1,4,0,4,0,0000000,7,39,7,47,8,5,0,0,0,1,0
55,550059,1,1,0,0,0,2,2,77,0,20,2,2012,2,21,49,1,1,1,I-39,,1070,43.86144167,-89.48275556,0,1,0,0,1,1,0,3,2,10,0,10,0,0000000,21,51,22,0,22,34,0,0,0,1,0
55,550060,1,1,0,0,0,1,1,87,0,21,2,2012,3,4,0,0,3,3,SR-55,,0,44.31118611,-88.28604444,0,42,0,0,1,1,0,4,2,10,0,10,0,0000000,4,1,4,7,99,96,0,0,0,1,0
55,550061,2,2,0,0,0,2,2,73,0,21,2,2012,3,6,38,0,4,4,CR-NN,,0,44.93634167,-89.73286111,0,12,2,0,1,1,0,2,4,4,0,4,0,0000000,6,40,6,56,7,25,0,0,0,1,0
55,550062,3,3,0,0,0,3,3,133,5060,14,2,2012,3,6,47,0,13,5,NORTH ST E,,0,43.02486111,-88.22124444,0,12,6,0,1,1,0,1,1,10,0,10,0,0000000,6,49,6,54,7,11,0,0,0,1,0
55,550063,1,1,0,0,0,1,1,131,2070,24,2,2012,6,7,50,0,14,6,WACKER DR N,,0,43.32380556,-88.39001667,0,10,0,0,6,1,0,1,1,4,0,4,0,387027E,7,54,8,2,88,88,0,0,0,1,0
55,550064,2,2,0,0,0,2,2,115,0,24,2,2012,6,14,15,0,3,3,SR-22,,0,44.70689167,-88.67665556,0,12,2,0,1,1,0,1,1,10,0,10,0,0000000,14,25,14,33,15,14,0,0,0,1,1
55,550065,1,1,0,0,0,1,1,123,0,25,2,2012,7,20,50,0,6,5,RIDGE RD,,0,43.68596389,-90.42344167,0,34,0,0,1,1,0,4,2,1,0,1,0,0000000,21,16,21,33,21,53,0,0,0,1,1
55,550066,1,1,0,0,0,1,1,9,0,26,2,2012,1,2,34,0,4,4,CR-R,,0,44.43865,-87.91665556,0,34,0,0,1,1,0,4,2,10,0,10,0,0000000,2,41,2,49,88,88,0,0,0,1,1
55,550067,2,2,0,0,0,6,6,55,0,19,2,2012,1,17,30,0,2,3,SR-16,NORTH ST,0,43.14973889,-88.59745556,0,12,6,0,2,2,0,1,5,1,0,1,0,0000000,17,35,17,40,18,40,0,0,0,2,0
55,550068,2,2,0,0,0,4,4,9,0,3,3,2012,7,20,25,0,4,4,CR-R/MAIN ST,,0,44.42478889,-87.89696111,0,12,6,0,1,1,0,1,2,4,0,4,0,0000000,20,26,20,37,21,4,0,0,0,1,1
55,550069,2,2,0,0,0,5,5,131,0,8,3,2012,5,20,23,0,6,5,ORCHARD VALLEY RD,,0,43.49461389,-88.09065556,0,12,6,0,1,1,0,1,2,1,0,1,0,0000000,20,23,20,24,99,99,0,0,0,1,0
55,550070,1,1,0,0,0,1,1,121,180,8,3,2012,5,13,38,1,2,3,SR-93,SR-95,0,44.25050556,-91.47326944,0,35,0,0,2,2,0,4,1,1,0,1,0,0000000,13,38,99,99,99,99,0,0,0,1,0
55,550071,2,2,0,0,0,2,2,51,2230,9,3,2012,6,10,24,0,15,6,9TH AVE N,SR-77,0,46.44858056,-90.19196389,0,12,6,0,2,2,0,1,1,10,0,10,0,0000000,10,24,10,29,10,56,0,0,0,1,0
55,550072,1,1,0,0,0,1,1,67,0,10,3,2012,7,19,32,0,15,4,CR-Y,,0,45.12551389,-89.12606667,0,35,0,0,1,1,0,4,2,10,0,10,0,0000000,19,32,19,45,20,22,0,0,0,1,1
55,550073,1,1,0,0,0,1,1,55,2340,11,3,2012,1,19,32,0,4,4,CR-AZTALAN ST,,0,43.07563333,-88.77650556,0,23,0,0,1,1,0,4,5,1,0,1,0,0000000,19,34,19,42,99,99,0,0,0,1,1
55,550074,1,1,0,0,0,2,2,9,0,12,3,2012,2,15,41,1,2,3,SR-57,CHURCH RD,0,44.55276111,-87.88096111,0,32,0,0,2,2,0,4,1,2,0,2,0,0000000,15,42,15,59,16,10,0,0,0,2,0
55,550075,1,1,0,0,0,2,2,25,0,15,3,2012,5,14,43,1,2,2,US-14,,0,43.09129444,-89.58790278,0,34,0,0,1,1,0,4,1,1,0,1,0,0000000,99,99,99,99,99,99,0,0,0,1,0
55,550076,1,1,0,0,0,1,1,33,0,15,3,2012,5,16,5,0,5,4,CR-V,,0,45.19302778,-92.046725,0,35,0,0,1,1,0,4,1,1,0,1,0,0000000,16,13,16,29,88,88,0,0,0,1,0
55,550077,1,1,0,0,0,1,1,109,0,19,3,2012,2,99,99,0,14,4,CR-A,,0,45.08273611,-92.57386111,0,34,0,0,1,1,0,4,9,99,0,99,0,0000000,6,55,6,58,88,88,18,0,0,1,1
55,550078,1,1,0,0,0,1,1,133,0,20,3,2012,3,11,40,0,6,5,CRAIG AVE,,0,42.84635833,-88.29214167,0,35,0,0,1,1,0,4,1,1,0,1,0,0000000,11,41,11,46,88,88,0,0,0,1,0
55,550079,1,1,0,0,0,3,3,71,0,21,3,2012,4,0,38,0,14,4,CR-LS,,0,44.05283333,-87.66071111,0,42,0,0,1,1,0,4,2,1,0,1,0,0000000,0,41,0,47,1,9,0,0,0,2,0
55,550080,1,1,0,0,0,1,1,71,0,23,3,2012,6,16,49,0,4,4,CR-S,,0,44.12343611,-87.82145556,0,35,0,0,1,1,0,4,1,2,0,2,0,0000000,16,50,17,2,99,99,0,0,0,1,0