STATE,ST_CASE,VE_TOTAL,VE_FORMS,PVH_INVL,PEDS,PERNOTMVIT,PERMVIT,PERSONS,COUNTY,CITY,DAY,MONTH,YEAR,DAY_WEEK,HOUR,MINUTE,NHS,ROAD_FNC,ROUTE,TWAY_ID,TWAY_ID2,MILEPT,LATITUDE,LONGITUD,SP_JUR,HARM_EV,MAN_COLL,RELJCT1,RELJCT2,TYP_INT,WRK_ZONE,REL_ROAD,LGT_COND,WEATHER1,WEATHER2,WEATHER,SCH_BUS,RAIL,NOT_HOUR,NOT_MIN,ARR_HOUR,ARR_MIN,HOSP_HR,HOSP_MN,CF1,CF2,CF3,FATALS,DRUNK_DR
55,550081,1,1,0,0,0,1,1,3,0,23,3,2012,6,22,51,1,2,2,US-2,,0,46.55128889,-90.598,0,34,0,0,1,1,0,4,2,2,0,2,0,0000000,22,51,23,8,0,22,18,0,0,1,0
55,550082,1,1,0,0,0,1,1,9,0,24,3,2012,7,16,30,0,6,5,ROSECRANS RD,,0,44.3376,-87.826175,0,34,0,0,1,1,0,4,1,10,0,10,0,0000000,18,30,18,38,20,21,0,0,0,1,1
55,550083,1,1,0,0,0,1,1,67,0,18,3,2012,1,9,58,0,3,3,SR-64,,0,45.18538333,-88.76118889,0,34,0,0,1,1,0,4,1,1,0,1,0,0000000,10,1,10,10,99,99,0,0,0,1,0
55,550084,1,1,0,1,1,2,2,125,0,24,3,2012,7,0,12,0,4,3,SR-155,,0,45.97860833,-89.52343333,0,8,0,0,1,1,0,1,2,5,0,5,0,0000000,0,16,0,38,88,88,0,0,0,1,0
55,550085,1,1,0,0,0,1,1,25,0,26,3,2012,2,21,46,0,15,6,GRINDE RD,,0,43.26680556,-89.33030833,0,42,0,0,1,1,0,5,2,1,0,1,0,0000000,88,88,88,88,88,88,0,0,0,1,1
55,550086,2,2,0,0,0,2,2,25,0,27,3,2012,3,5,11,0,13,2,US-51,,0,43.22650556,-89.32363333,0,12,2,0,1,1,0,1,2,1,0,1,0,0000000,99,99,99,99,99,99,0,0,0,1,0
55,550087,1,1,0,0,0,2,2,25,0,20,3,2012,3,21,2,0,6,5,HILLSIDE RD,,0,42.89689722,-89.04265556,0,34,0,0,1,1,0,4,2,1,0,1,0,0000000,21,3,99,99,99,99,0,0,0,1,0
55,550088,2,2,0,0,0,2,2,27,0,16,3,2012,6,12,14,0,13,3,SR-26,,0,43.23339167,-88.73877778,0,12,1,0,1,1,0,1,1,10,0,10,0,0000000,12,16,99,97,99,97,0,0,0,1,0
55,550089,2,2,0,0,0,3,3,93,0,17,3,2012,7,20,8,0,6,5,650TH ST,CR-J,0,44.81773056,-92.45656389,0,12,6,0,8,1,0,1,2,10,0,10,0,0000000,20,10,20,21,99,99,0,0,0,1,2
55,550090,8,8,0,0,0,21,21,101,0,18,3,2012,1,13,27,1,1,1,I-94,,3255,42.82535,-87.95256667,0,12,6,1,5,1,0,1,1,1,0,1,0,0000000,13,29,13,39,14,19,14,0,0,1,1
55,550091,1,1,0,1,1,1,1,25,2780,27,3,2012,3,23,17,1,13,2,US-151,,0,43.10995833,-89.33501944,0,8,0,0,1,1,0,1,3,1,0,1,0,0000000,99,99,99,98,88,88,0,0,0,1,0
55,550092,2,2,0,0,0,2,2,45,0,29,3,2012,5,14,5,0,2,3,SR-69,,0,42.75220278,-89.60515278,0,12,2,0,1,1,0,1,1,1,0,1,0,0000000,14,8,14,15,99,99,0,0,0,1,0
55,550093,1,1,0,1,1,1,1,69,0,29,3,2012,5,1,58,0,3,3,SR-17,,0,45.30808889,-89.49953056,0,8,0,0,1,1,0,1,3,1,0,1,0,0000000,2,1,2,18,99,99,0,0,0,1,0
55,550094,2,2,0,0,0,2,2,15,0,25,3,2012,1,11,40,1,2,2,US-10,HARWOOD RD,0,44.21291111,-88.24403611,0,12,6,0,2,2,0,1,1,1,0,1,0,0000000,11,31,11,43,12,36,0,0,0,1,1
55,550095,2,2,0,0,0,3,3,79,3100,21,3,2012,4,9,35,1,13,3,SR-190,GRANTOSA DR W,0,43.08966389,-88.04366944,0,12,2,0,2,2,0,1,1,1,0,1,0,0000000,99,99,99,99,99,99,0,0,0,1,0
55,550096,2,2,0,0,0,4,4,101,0,20,3,2012,3,14,46,1,13,3,SR-11,,0,42.68370556,-88.15196111,0,12,2,0,1,1,0,1,1,1,0,1,1,0000000,14,51,14,58,99,99,0,0,0,1,0
55,550097,2,2,0,0,0,5,5,13,0,4,4,2012,4,14,12,0,3,3,SR-35,,0,46.06260278,-92.26623611,0,12,2,0,1,1,0,2,1,10,0,10,0,0000000,14,13,14,17,99,99,0,0,0,3,0
55,550098,1,1,0,0,0,2,2,73,0,13,4,2012,6,1,40,0,4,4,CR-SOUTH MOUNTAIN RD,,0,44.90163611,-89.72552778,0,1,0,0,1,1,0,4,2,1,0,1,0,0000000,1,56,2,4,88,88,0,0,0,1,0
55,550099,1,1,0,0,0,1,1,71,0,5,4,2012,5,15,30,0,4,4,CR-X,,0,43.94951389,-87.86064167,0,35,0,0,1,1,0,4,1,1,0,1,0,0000000,15,35,15,45,99,99,0,0,0,1,1
55,550100,1,1,0,0,0,1,1,77,0,14,4,2012,7,21,40,0,4,4,CR-C,,0,43.78127222,-89.25439722,0,34,0,0,1,1,0,4,2,1,0,1,0,0000000,21,41,21,52,99,99,0,0,0,1,1
55,550101,1,1,0,0,0,2,2,79,3100,15,4,2012,1,12,18,0,16,6,FLAGG AVE W,,0,43.12450278,-88.02958611,0,18,0,0,1,1,0,5,1,10,0,10,0,0000000,12,21,12,28,99,99,0,0,0,1,0
55,550102,2,2,0,0,0,3,3,1,0,15,4,2012,1,15,30,0,6,5,13TH DR,,0,43.97998333,-89.82695,0,12,2,0,1,1,0,1,1,10,0,10,0,0000000,15,30,15,36,15,52,0,0,0,1,0
55,550103,2,2,0,0,0,2,2,95,0,18,4,2012,4,5,40,1,2,2,US-8,,0,45.39585,-92.35896389,0,12,6,0,1,1,2,1,2,2,0,2,0,0000000,5,13,5,53,88,88,0,0,0,1,0
55,550104,2,2,0,0,0,4,4,5,0,6,4,2012,6,18,40,1,2,3,SR-53,CR-V,0,45.610175,-91.76783056,0,12,6,0,2,2,0,1,1,1,0,1,0,0000000,18,44,18,49,88,88,0,0,0,2,0
55,550105,2,1,1,0,2,1,3,131,0,7,4,2012,7,1,45,1,12,2,US-45,,0,43.28114722,-88.18539444,0,14,0,1,5,1,0,8,2,1,0,1,0,0000000,1,45,1,58,88,88,0,0,0,1,1
55,550106,2,2,0,0,0,2,2,21,3830,8,4,2012,1,20,7,0,13,2,US-51,ALBERT ST W,0,43.54883056,-89.46551111,0,12,6,0,2,2,0,1,5,10,0,10,0,0000000,20,10,20,14,20,51,0,0,0,1,0
55,550107,2,2,0,0,0,2,2,27,0,12,4,2012,5,20,8,0,3,3,SR-67,,0,43.38523333,-88.54186111,0,12,2,0,1,1,0,1,2,1,0,1,0,0000000,20,11,20,17,88,88,0,0,0,1,0
55,550108,2,1,1,0,0,1,1,9,1330,14,4,2012,7,15,5,1,13,3,SR-32,THIRD ST,0,44.44738889,-88.06908611,0,33,0,0,2,4,0,4,1,10,0,10,0,0000000,15,7,15,11,15,31,0,0,0,1,0
55,550109,2,2,0,0,0,2,2,111,0,17,4,2012,3,21,40,0,4,4,CR-H,,0,43.58095278,-89.955375,0,12,2,0,1,1,0,1,2,1,0,1,0,0000000,21,47,99,99,99,99,0,0,0,1,0
55,550110,1,1,0,0,0,1,1,59,2400,4,4,2012,4,8,15,1,13,3,SR-31,,0,42.56393333,-87.88823056,0,5,0,0,1,1,0,1,1,1,0,1,0,0000000,8,16,8,21,99,99,0,0,0,1,0
55,550111,1,1,0,1,1,3,3,79,3100,17,4,2012,3,17,15,0,15,6,51ST ST N,,0,43.06205,-87.97753056,0,8,0,0,1,1,0,1,1,1,0,1,0,0000000,99,99,99,99,99,99,0,0,0,1,0
55,550112,2,2,0,0,0,3,3,79,3100,20,4,2012,6,19,28,0,14,2,US-18,SR-57,0,43.04442778,-87.93778889,0,12,6,0,2,2,0,1,5,10,0,10,1,0000000,19,31,19,34,99,99,0,0,0,1,0
55,550113,1,1,0,0,0,1,1,105,0,22,4,2012,1,4,2,1,11,1,I-39,,1770,42.64539444,-88.98288611,0,58,0,0,1,1,0,3,2,1,0,1,0,0000000,4,5,4,15,4,43,0,0,0,1,1
55,550114,1,1,0,1,1,3,3,27,380,22,4,2012,1,17,47,0,16,6,FOURTH ST,,0,43.45949444,-88.84478889,0,8,0,0,1,1,0,1,1,10,0,10,0,0000000,17,50,17,53,18,11,0,0,0,1,0
55,550115,2,2,0,0,0,2,2,11,0,24,4,2012,3,15,57,0,3,3,SR-35,INDIAN CREEK RD,0,44.164875,-91.76036111,0,12,2,1,2,3,0,1,1,1,0,1,0,0000000,15,57,16,11,99,99,0,0,0,1,0
55,550116,2,2,0,0,0,2,2,95,0,26,4,2012,5,19,15,0,6,5,120TH AVE,,0,45.38208889,-92.51255278,0,12,6,0,1,1,0,4,1,10,0,10,0,0000000,19,18,19,26,20,3,0,0,0,1,1
55,550117,1,1,0,0,0,1,1,123,0,27,4,2012,6,18,27,0,6,5,KOLL RD,,0,43.66924167,-91.00271944,0,6,0,0,1,1,0,4,1,1,0,1,0,0000000,18,33,99,99,88,88,0,0,0,1,1
55,550118,2,2,0,0,0,2,2,9,2000,1,4,2012,1,12,40,0,13,3,SR-54/57,,0,44.53499167,-87.88175556,0,12,7,0,1,1,0,1,1,1,0,1,0,0000000,12,40,12,49,13,1,0,0,0,1,0
55,550119,3,3,0,0,0,3,3,101,795,2,4,2012,2,6,25,0,4,4,CR-G/6 MILE RD,,0,42.81385,-87.86534167,0,12,8,0,1,1,0,1,4,1,0,1,0,0000000,6,25,6,30,99,99,0,0,0,1,0
55,550120,2,2,0,0,0,2,2,127,0,2,4,2012,2,18,37,1,2,2,US-14/SR-11,,0,42.65214444,-88.75690556,0,12,2,0,1,1,0,1,1,1,0,1,0,0000000,18,37,18,51,99,99,0,0,0,1,0
55,550121,1,1,0,0,0,1,1,105,0,3,4,2012,3,99,99,0,6,5,CR-KK,,0,42.73217222,-88.85688889,0,1,0,0,1,1,0,4,2,1,0,1,0,0000000,7,30,7,43,88,88,18,0,0,1,1
55,550122,2,2,0,0,0,2,2,95,0,3,4,2012,3,12,1,0,2,3,SR-35,,0,45.34698889,-92.64020278,0,12,6,0,1,1,0,1,1,1,0,1,0,0000000,12,3,12,10,99,99,0,0,0,1,1
55,550123,2,2,0,0,0,3,3,93,0,6,4,2012,6,7,40,0,2,3,SR-63,CR-K,0,44.70301667,-92.51755,0,12,6,0,2,2,0,1,1,1,0,1,0,0000000,7,43,7,48,99,99,0,0,0,1,0
55,550124,1,1,0,0,0,1,1,7,0,18,4,2012,4,22,0,0,6,5,CR-HAUTALA RD,,0,46.675825,-91.50937222,0,32,0,0,1,1,0,4,2,1,0,1,0,0000000,16,2,99,97,99,97,18,0,0,1,1
55,550125,1,1,0,0,0,1,1,135,0,22,4,2012,1,11,10,0,4,3,SR-161,,0,44.51103056,-88.96085,0,34,0,0,1,1,0,4,1,10,0,10,0,0000000,11,14,11,19,88,88,0,0,0,1,0
55,550126,1,1,0,0,0,4,4,59,3795,23,4,2012,2,18,42,1,13,3,SR-32,,0,42.52847222,-87.82534722,0,42,0,0,1,1,0,4,1,1,0,1,0,0000000,18,46,18,51,19,15,0,0,0,1,0
55,550127,1,1,0,0,0,3,3,97,0,29,4,2012,1,2,36,0,3,3,SR-66,,0,44.49113056,-89.62226667,0,30,0,0,1,1,0,4,2,10,0,10,0,0000000,2,37,2,45,88,88,0,0,0,3,1
55,550128,1,1,0,0,0,2,2,63,0,26,4,2012,5,99,99,0,15,4,CR-XX,,0,43.94786944,-91.27826389,0,1,0,0,1,1,0,4,2,99,0,99,0,0000000,6,19,6,32,88,88,18,0,0,2,1
55,550129,1,1,0,0,0,1,1,25,0,26,4,2012,5,23,5,0,6,5,CR-BARLOW RD,,0,43.08319167,-89.68029722,0,42,0,0,1,1,0,4,2,1,0,1,0,0000000,23,19,23,40,88,88,0,0,0,1,1
55,550130,4,1,3,0,0,4,4,79,5160,29,4,2012,1,4,10,0,13,3,SR-100,90TH ST S,0,43.00609167,-88.02509444,0,14,0,0,3,7,0,7,3,10,0,10,0,0000000,99,99,99,99,99,99,14,0,0,1,1
55,550131,1,1,0,1,1,1,1,79,5160,29,4,2012,1,0,56,0,16,6,81ST ST S,,0,43.01424444,-88.01295,0,8,0,0,1,1,0,1,3,10,0,10,0,0000000,0,56,0,59,88,88,0,0,0,1,1
55,550132,2,2,0,0,0,2,2,73,0,25,4,2012,4,10,25,1,2,3,SR-29,,0,44.933,-90.29853611,0,12,6,0,7,1,0,2,1,10,0,10,0,0000000,10,32,10,41,11,32,0,0,0,1,0
55,550133,2,2,0,0,0,2,2,139,0,26,4,2012,5,17,22,0,3,3,SR-44,,0,43.97672222,-88.60833889,0,12,6,0,1,1,0,1,1,1,0,1,0,0000000,99,99,99,99,99,99,0,0,0,1,0
55,550134,2,2,0,0,0,2,2,33,0,16,4,2012,2,15,47,0,5,4,CR-Q,1150TH AVE,0,45.09664167,-92.11128056,0,12,6,0,2,2,0,1,1,10,0,10,0,0000000,15,56,16,5,99,99,0,0,0,1,0
55,550135,1,1,0,0,0,1,1,25,0,5,4,2012,5,11,55,1,1,1,I-39,,1458,43.01212222,-89.23151111,0,35,0,0,1,1,0,4,1,1,0,1,0,0000000,12,0,12,10,99,99,0,0,0,1,0
55,550136,1,1,0,1,1,2,2,133,5060,2,5,2012,4,23,45,0,13,3,SR-59,,0,43.00896667,-88.19991389,0,8,0,0,1,1,0,1,2,10,0,10,0,0000000,23,51,23,55,0,18,0,0,0,1,0
55,550137,1,1,0,0,0,1,1,73,0,6,5,2012,1,1,15,0,13,3,SR-52,,0,44.9772,-89.59418333,0,33,0,0,1,1,0,4,2,10,0,10,0,0000000,1,17,1,30,99,99,0,0,0,1,1
55,550138,1,1,0,0,0,1,1,59,0,6,5,2012,1,0,34,0,4,4,CR-C,,0,42.52456944,-88.08919444,0,34,0,0,1,1,0,4,2,10,0,10,0,0000000,0,35,0,45,1,29,0,0,0,1,1
55,550139,1,1,0,0,0,1,1,13,0,10,5,2012,5,99,99,0,5,6,CR-WILLIAMS RD N,,0,45.78785833,-92.63099444,0,34,0,0,1,1,0,4,2,1,0,1,0,0000000,0,57,1,11,88,88,18,0,0,1,1
55,550140,1,1,0,0,0,1,1,31,0,10,5,2012,5,6,15,0,4,4,CR-B,,0,46.5031,-91.74446944,0,11,0,0,1,1,0,1,1,1,0,1,0,0000000,6,19,6,42,7,16,0,0,0,1,0
55,550141,1,1,0,0,0,1,1,129,0,15,5,2012,3,14,34,0,3,3,SR-77,,0,46.09978333,-91.80658889,0,32,0,0,1,1,0,4,1,1,0,1,0,0000000,14,34,14,41,88,88,0,0,0,1,1
55,550142,1,1,0,0,0,1,1,105,0,15,5,2012,3,23,11,0,3,2,US-53,,0,42.80959167,-89.07276389,0,34,0,0,1,1,0,4,2,1,0,1,0,0000000,23,11,23,18,88,88,0,0,0,1,0
55,550143,1,1,0,0,0,2,2,123,0,16,5,2012,4,18,58,0,3,3,SR-22,,0,43.4687,-91.14724167,0,35,0,0,1,1,0,4,1,1,0,1,0,0000000,19,3,19,24,20,21,0,0,0,1,1
55,550144,2,2,0,0,0,2,2,65,0,17,5,2012,5,9,30,1,2,3,SR-11,CR-E,0,42.58099722,-90.17234167,0,12,6,0,2,2,0,1,1,1,0,1,0,0000000,9,34,9,43,88,88,0,0,0,1,0
55,550145,2,2,0,0,0,3,3,39,1730,1,5,2012,3,13,36,0,14,4,CR-VV,,0,43.76815278,-88.48071667,0,12,2,0,1,1,0,1,1,10,0,10,0,0000000,13,38,13,43,99,99,0,0,0,1,0
55,550146,1,1,0,0,0,3,3,93,0,18,5,2012,6,15,40,0,6,5,CR-950TH ST,,0,44.81540278,-92.61110556,0,1,0,0,1,1,0,4,1,1,0,1,0,0000000,15,42,15,51,16,30,0,0,0,1,0
55,550147,2,2,0,0,0,3,3,15,0,19,5,2012,7,14,35,1,13,2,US-10,,0,44.21200278,-88.39832222,0,12,2,0,1,1,0,1,1,1,0,1,0,0000000,14,36,14,42,88,88,0,0,0,1,1
55,550148,2,2,0,0,0,4,4,95,1020,3,5,2012,5,15,30,1,2,3,SR-63,,0,45.24963333,-92.28452778,0,12,2,0,1,1,0,2,1,1,0,1,0,0000000,15,32,15,43,16,37,0,0,0,1,0
55,550149,2,2,0,0,0,4,4,93,0,20,5,2012,1,16,20,0,3,3,SR-35,,0,44.72781389,-92.70040278,0,12,2,0,1,1,0,1,1,1,0,1,0,0000000,16,21,16,31,99,99,0,0,0,3,1
55,550150,1,1,0,0,0,1,1,43,0,9,5,2012,4,11,50,1,2,2,US-151,,0,42.599075,-90.59613611,0,44,0,0,1,1,1,1,1,1,0,1,0,0000000,11,52,11,58,12,20,3,0,0,1,0
55,550151,1,1,0,0,0,1,1,79,1921,12,5,2012,7,17,31,0,13,6,PORT WASHINGTON RD N,,0,43.11725,-87.91684444,0,33,0,0,1,1,0,4,1,1,0,1,0,0000000,17,35,17,40,88,88,0,0,0,1,1
55,550152,1,1,0,0,0,1,1,75,0,20,5,2012,1,99,99,0,6,5,CR-LENTZ RD,,0,45.07915278,-88.12000556,0,11,0,0,1,1,0,1,9,1,0,1,0,0000000,6,34,6,46,88,88,18,0,0,1,1
55,550153,1,1,0,1,1,1,1,79,3100,16,5,2012,4,15,50,0,14,6,PORT WASHINGTON RD N,,0,43.08283611,-87.91739167,0,8,0,0,1,1,0,1,1,1,0,1,0,0000000,15,51,15,55,88,88,0,0,0,1,0
55,550154,1,1,0,0,0,1,1,27,0,20,5,2012,1,99,99,0,5,5,CR-POND RD,,0,43.31155556,-88.49348056,0,42,0,0,1,1,0,4,9,10,0,10,0,0000000,12,8,12,24,88,88,18,0,0,1,1
55,550155,2,2,0,0,0,3,3,139,0,21,5,2012,2,20,3,1,2,3,SR-21,CR-REIGHMOOR RD,0,44.03318889,-88.6736,0,12,6,0,2,2,0,1,1,1,0,1,0,0000000,99,99,99,99,99,99,0,0,0,1,1
55,550156,3,3,0,0,0,4,4,87,0,22,5,2012,3,14,50,0,2,3,SR-45,,0,44.35863611,-88.73674167,0,12,6,0,1,1,0,1,1,1,0,1,0,0000000,14,53,15,1,15,48,0,0,0,1,0
55,550157,1,1,0,0,0,1,1,45,690,13,5,2012,1,9,30,1,2,3,SR-11,SR-104,0,42.62932222,-89.36741389,0,59,0,0,3,2,0,4,1,1,0,1,0,0000000,9,33,99,99,99,99,0,0,0,1,0
55,550158,1,1,0,0,0,1,1,119,0,22,5,2012,3,21,29,0,4,4,CR-E MONDEAUX RD,,0,45.326575,-90.47330278,0,1,0,0,1,1,0,4,2,1,0,1,0,0000000,22,12,22,32,88,88,0,0,0,1,1
55,550159,2,2,0,0,0,2,2,139,0,23,5,2012,4,16,56,0,6,5,9TH ST RD,BRADLEY RD,0,44.01144167,-88.73474444,0,12,6,0,2,2,0,1,1,1,0,1,0,0000000,99,99,99,99,88,88,0,0,0,1,0
55,550160,1,1,0,1,1,1,1,73,0,23,5,2012,4,11,3,0,4,4,CR-KK,,0,44.84384722,-89.70056667,0,9,0,0,1,1,0,1,1,10,0,10,0,0000000,11,6,11,14,12,2,0,0,0,1,0
55,550161,1,1,0,0,0,1,1,39,0,23,5,2012,4,10,54,0,16,6,RADIO RD,,0,43.82807778,-88.84617778,0,42,0,0,1,1,0,4,1,1,0,1,0,0000000,10,56,11,2,88,88,0,0,0,1,1
55,550162,4,3,1,0,0,6,6,79,3100,4,5,2012,6,1,50,0,13,3,SR-57,ST PAUL AVE W,0,43.03475833,-87.94775,0,12,6,0,2,2,0,1,3,10,0,10,0,0000000,99,99,99,99,99,99,14,0,0,1,1
55,550163,2,2,0,0,0,3,3,139,0,29,5,2012,3,9,4,1,2,3,SR-21,,0,44.03316667,-88.64510833,0,12,2,0,1,1,0,1,1,1,0,1,0,0000000,9,5,9,11,9,29,0,0,0,1,0
55,550164,2,2,0,0,0,2,2,79,3100,30,5,2012,4,6,15,0,13,3,SR-241,GRANGE AVE W,0,42.94466389,-87.94891667,0,12,1,0,2,2,0,1,1,10,0,10,0,0000000,6,19,6,24,99,99,0,0,0,1,0
55,550165,1,1,0,0,0,1,1,77,0,18,5,2012,6,11,15,0,6,5,CR-Y,13TH AVE,0,43.93034167,-89.36595833,0,42,0,0,2,3,0,4,1,1,0,1,0,0000000,11,16,11,29,88,88,0,0,0,1,0
55,550166,1,1,0,0,0,1,1,55,0,25,5,2012,6,10,1,1,1,1,I-94,,2755,43.07113056,-88.58373056,0,1,0,0,1,1,0,3,1,10,0,10,0,0000000,10,1,10,19,88,88,0,0,0,1,0
55,550167,2,2,0,0,0,2,2,69,0,26,5,2012,7,14,5,0,4,4,CR-K,,0,45.20542778,-89.67355556,0,12,2,0,1,1,0,1,1,2,0,2,0,0000000,14,6,14,12,99,99,0,0,0,1,0
55,550168,2,2,0,0,0,2,2,101,795,26,5,2012,7,15,32,0,6,6,NICHOLSON RD,FIVE MILE RD,0,42.79970833,-87.89501111,0,12,6,1,2,2,0,1,1,1,0,1,0,0000000,15,32,15,38,99,99,0,0,0,1,0
55,550169,2,1,1,0,0,1,1,89,930,27,5,2012,1,22,50,0,14,6,BRIDGE RD,,0,43.30105278,-87.9871,0,14,0,0,1,1,0,7,3,1,0,1,0,0000000,22,50,23,0,23,41,0,0,0,1,1
55,550170,2,2,0,0,0,6,6,127,0,28,5,2012,2,9,55,1,2,2,US-12,TAMARACK RD,0,42.79940556,-88.57770833,0,12,6,0,2,3,0,1,1,1,0,1,0,0000000,99,99,99,99,99,99,0,0,0,1,0
55,550171,2,2,0,0,0,2,2,109,0,1,5,2012,3,10,17,1,1,1,I-94,,155,44.94196667,-92.45607778,0,12,1,0,1,1,1,1,1,10,0,10,0,0000000,99,99,99,98,88,88,0,0,0,1,0
55,550172,1,1,0,0,0,1,1,79,3100,23,5,2012,4,1,49,0,15,6,BRUCE ST E,WATER ST S,0,43.02497778,-87.90396111,0,3,0,0,3,3,0,5,3,1,0,1,0,0000000,99,99,99,99,99,99,0,0,0,1,1
55,550173,2,2,0,0,0,7,7,67,0,28,5,2012,2,19,2,0,3,3,SR-64,HILL RD,0,45.16135833,-89.03121389,0,12,6,0,2,2,0,1,1,1,0,1,0,0000000,19,2,19,9,99,99,0,0,0,2,1
55,550174,3,3,0,0,0,4,4,25,0,30,5,2012,4,7,27,1,2,2,US-14,,0,43.15566111,-89.76835833,0,12,1,0,8,1,0,1,1,10,0,10,0,0000000,7,30,7,35,99,99,0,0,0,1,0
55,550175,1,1,0,0,0,1,1,39,0,6,5,2012,1,99,99,0,6,5,CR-SUNNY RD,,0,43.70350278,-88.31853889,0,34,0,0,1,1,0,4,1,10,0,10,0,0000000,18,48,19,7,88,88,0,0,0,1,0
55,550176,1,1,0,0,0,1,1,129,0,14,7,2012,7,3,55,0,6,5,CR-SMITH BRIDGE RD,,0,46.13166389,-91.90155,0,42,0,0,1,1,0,4,2,10,0,10,0,0000000,99,99,99,99,88,88,0,0,0,1,1
55,550177,1,1,0,0,0,1,1,31,0,22,7,2012,1,15,19,0,6,5,CR-LACKSON RD,,0,46.58202778,-91.84650556,0,42,0,0,1,1,0,4,1,1,0,1,0,0000000,15,19,15,42,88,88,6,0,0,1,1
55,550178,1,1,0,1,1,1,1,39,1730,1,5,2012,3,9,7,0,14,6,CR-PARK AVE S,,0,43.76555556,-88.43911111,0,8,0,0,4,1,0,6,1,1,0,1,0,0000000,9,7,9,13,99,99,0,0,0,1,0
55,550179,1,1,0,1,1,1,1,79,3100,26,5,2012,7,2,30,0,14,6,16TH ST S,,0,43.01183333,-87.93305833,0,8,0,0,1,1,0,1,3,2,0,2,0,0000000,99,99,99,99,3,10,0,0,0,1,0
55,550180,11,11,0,0,0,11,11,39,0,31,5,2012,5,14,55,0,3,2,US-151,,0,43.86881389,-88.35486944,0,12,6,0,1,1,0,1,1,10,0,10,0,0000000,14,58,15,12,99,99,14,0,0,2,0
55,550181,1,1,0,0,0,1,1,133,3490,20,3,2012,3,21,32,0,16,6,EXECUTIVE DR,,0,43.07341389,-88.47833333,0,1,0,0,1,1,0,1,3,1,0,1,0,0000000,21,33,21,41,22,14,0,0,0,1,0
55,550182,1,1,0,1,1,1,1,133,3260,19,8,2012,1,9,49,0,15,6,CR-MC SHANE DR,,0,42.90303611,-88.07852778,0,59,0,0,1,1,0,4,1,1,0,1,0,0000000,99,99,99,99,99,99,0,0,0,1,0
55,550183,1,1,0,1,1,1,1,133,708,31,5,2012,5,0,1,0,16,6,WILDERNESS WAY,MCCOY LN,0,43.07435833,-88.14935,0,7,0,0,4,1,0,4,2,10,0,10,0,0000000,12,10,12,17,13,25,0,0,0,1,0
55,550184,3,1,2,0,0,2,2,79,3100,18,5,2012,6,12,3,0,16,8,PICK N SAVE PARKING LOT,,0,43.03510278,-88.01494722,0,14,0,0,1,1,0,5,1,1,0,1,0,0000000,99,99,99,99,99,99,0,0,0,1,0
55,550185,2,2,0,0,0,2,2,133,708,29,5,2012,3,19,3,0,13,4,CR-NORTH AVE,,0,43.06024444,-88.07844167,0,12,2,0,1,1,0,1,1,1,0,1,0,0000000,19,3,19,10,19,46,0,0,0,1,0
55,550186,1,1,0,0,0,4,4,21,0,2,6,2012,7,2,50,1,1,1,I-90,,1073,43.50217222,-89.51041667,0,34,0,0,1,1,0,4,2,10,0,10,0,0000000,2,55,3,7,99,99,0,0,0,1,0
55,550187,2,2,0,0,0,2,2,127,1460,2,6,2012,7,14,49,0,14,4,CR-MAIN ST,,0,42.79235278,-88.38931111,0,12,2,0,4,1,0,1,1,1,0,1,0,0000000,14,49,99,99,99,99,0,0,0,1,0
55,550188,2,2,0,0,0,4,4,71,0,2,6,2012,7,21,31,0,2,3,SR-32/57,,0,43.90217222,-87.98459722,0,12,2,0,1,1,0,1,2,1,0,1,0,0000000,21,35,21,38,99,99,0,0,0,2,1
55,550189,1,1,0,0,0,1,1,77,3160,3,6,2012,1,99,99,0,5,4,CR-Y,PARK ST,0,43.79371111,-89.32685278,0,42,0,0,3,3,0,4,3,1,0,1,0,0000000,88,88,88,88,88,88,18,0,0,1,1
55,550190,1,1,0,0,0,2,2,27,0,3,6,2012,1,11,32,0,3,3,SR-16,,0,43.3289,-88.88329167,0,53,0,0,1,1,0,4,1,1,0,1,0,0000000,11,37,11,52,99,99,0,0,0,1,0
55,550191,1,1,0,0,0,1,1,17,0,3,6,2012,1,12,30,0,3,3,SR-40,,0,45.12776389,-91.45041667,0,32,0,0,1,1,0,4,1,1,0,1,0,0000000,12,30,99,98,88,88,0,0,0,1,1
55,550192,1,1,0,0,0,1,1,59,0,1,6,2012,6,22,24,0,14,3,SR-75,,0,42.57451389,-88.11898333,0,34,0,0,1,1,0,4,1,10,0,10,0,0000000,22,24,22,34,88,88,0,0,0,1,1
55,550193,2,2,0,0,0,2,2,131,0,4,6,2012,2,11,38,0,2,3,SR-33,,0,43.42308889,-88.39212778,0,12,2,0,1,1,0,1,1,1,0,1,0,0000000,11,45,11,49,88,88,0,0,0,1,0
55,550194,1,1,0,1,1,1,1,71,2810,4,6,2012,2,14,56,0,16,6,9TH ST N,CHICAGO ST,0,44.09541389,-87.65916667,0,8,0,0,2,2,0,1,1,10,0,10,0,0000000,14,58,14,59,15,22,0,0,0,1,0
55,550195,1,1,0,0,0,1,1,7,0,28,1,2012,7,22,18,0,6,5,CR-DEEP LAKE RD E,,0,46.55096944,-91.45142222,0,42,0,0,1,1,0,4,3,1,0,1,0,0000000,99,99,99,99,88,88,0,0,0,1,1
55,550196,2,2,0,0,0,4,4,111,0,5,6,2012,3,9,36,1,2,2,US-12,,0,43.28614167,-89.759025,0,12,2,0,1,1,0,1,1,10,0,10,0,0000000,9,37,99,99,99,99,0,0,0,1,0