STATE,ST_CASE,VE_TOTAL,VE_FORMS,PVH_INVL,PEDS,PERNOTMVIT,PERMVIT,PERSONS,COUNTY,CITY,DAY,MONTH,YEAR,DAY_WEEK,HOUR,MINUTE,NHS,ROAD_FNC,ROUTE,TWAY_ID,TWAY_ID2,MILEPT,LATITUDE,LONGITUD,SP_JUR,HARM_EV,MAN_COLL,RELJCT1,RELJCT2,TYP_INT,WRK_ZONE,REL_ROAD,LGT_COND,WEATHER1,WEATHER2,WEATHER,SCH_BUS,RAIL,NOT_HOUR,NOT_MIN,ARR_HOUR,ARR_MIN,HOSP_HR,HOSP_MN,CF1,CF2,CF3,FATALS,DRUNK_DR
55,550197,1,1,0,4,4,1,1,25,2780,5,6,2012,3,17,55,0,13,4,CR-MINERAL POINT RD,,0,43.06074444,-89.47825,0,31,0,0,1,1,0,5,1,1,0,1,0,0000000,18,1,18,15,18,24,0,0,0,1,0
55,550198,1,1,0,0,0,3,3,23,0,5,6,2012,3,19,40,0,15,6,VINEYARD RD,,0,43.02862778,-91.11360278,0,42,0,0,1,1,0,4,1,1,0,1,0,0000000,99,99,99,99,99,99,0,0,0,1,0
55,550199,2,2,0,0,0,3,3,79,1220,30,5,2012,4,12,19,0,14,3,SR-32,,0,42.93045,-87.85035,0,12,2,0,1,1,0,1,1,1,0,1,0,0000000,12,19,12,23,99,99,0,0,0,1,1
55,550200,1,1,0,0,0,1,1,87,0,5,6,2012,3,22,9,0,5,4,CR-VV,,0,44.55953056,-88.39707222,0,11,0,0,1,1,0,1,2,1,0,1,0,0000000,99,99,99,98,88,88,0,0,0,1,0
55,550201,2,2,0,0,0,3,3,73,9997,8,6,2012,6,8,12,0,14,4,CR-X,CR-KOWALSKI RD,0,44.84386944,-89.60882778,0,12,6,0,2,2,0,1,1,2,0,2,0,0000000,99,99,99,99,99,99,0,0,0,1,0
55,550202,3,3,0,0,0,4,4,111,0,6,6,2012,4,17,25,0,3,3,SR-33,COON BLUFF RD,0,43.52816944,-89.867375,0,12,1,0,3,3,0,1,1,10,0,10,0,0000000,17,32,17,40,99,99,14,0,0,1,0
55,550203,1,1,0,3,3,1,1,0,0,6,6,2012,4,18,46,0,6,5,CR-Y,,0,43.83331667,-87.78105,0,9,0,0,1,1,0,2,2,1,0,1,0,0000000,18,49,19,3,19,37,0,0,0,1,0
55,550204,1,1,0,0,0,2,2,127,0,9,6,2012,7,12,26,0,4,4,CR-H,,0,42.80998889,-88.60076667,0,1,0,0,1,1,0,1,1,1,0,1,0,0000000,12,29,12,32,99,99,0,0,0,1,0
55,550205,1,1,0,0,0,1,1,133,0,7,6,2012,5,3,2,0,3,3,SR-67,,0,42.936225,-88.46673611,0,1,0,0,1,1,0,1,2,1,0,1,0,0000000,4,16,4,26,88,88,0,0,0,1,0
55,550206,3,3,0,0,0,5,5,45,0,12,6,2012,3,21,29,1,2,3,SR-11,CR-G,0,42.58824722,-89.4265,0,12,6,0,2,3,0,1,2,1,0,1,0,0000000,21,30,21,39,88,88,0,0,0,1,0
55,550207,1,1,0,0,0,1,1,25,0,13,6,2012,4,7,29,0,3,2,US-51,,0,44.19372778,-89.52250278,0,1,0,0,1,1,0,4,1,1,0,1,0,0000000,7,30,7,38,88,88,0,0,0,1,0
55,550208,2,2,0,0,0,4,4,131,0,8,6,2012,6,18,40,0,4,4,CR-PLEASANT VALLEY RD,US-45 RAMP,0,43.353425,-88.18934167,0,12,6,1,5,1,0,1,1,10,0,10,0,0000000,99,99,99,99,99,99,0,0,0,1,0
55,550209,1,1,0,0,0,1,1,93,0,9,6,2012,7,20,57,0,3,3,SR-35,,0,44.70798889,-92.66130278,0,34,0,0,1,1,0,4,5,1,0,1,0,0000000,20,57,21,12,88,88,0,0,0,1,1
55,550210,1,1,0,0,0,1,1,75,2840,10,6,2012,1,0,35,0,13,3,SR-64,CR-T,0,45.09973333,-87.66039444,0,17,0,0,3,6,0,4,3,1,0,1,0,0000000,0,38,0,44,88,88,0,0,0,1,1
55,550211,1,1,0,0,0,1,1,123,0,10,6,2012,1,3,34,0,3,3,SR-131,,0,43.46895833,-90.70989167,0,34,0,0,1,1,0,4,2,1,0,1,0,0000000,99,99,99,99,88,88,0,0,0,1,1
55,550212,2,2,0,0,0,2,2,15,0,19,6,2012,3,12,43,0,6,5,IRISH RD,,0,44.15501389,-88.14456667,0,12,2,0,1,1,0,1,1,10,0,10,0,0000000,99,99,99,99,99,99,0,0,0,1,0
55,550213,1,1,0,1,1,1,1,79,3100,21,6,2012,5,0,59,0,15,6,16TH ST S,WINDLAKE AVE W,0,43.00010278,-87.93344722,0,8,0,0,2,2,0,1,3,1,0,1,0,0000000,99,99,99,99,99,99,0,0,0,1,0
55,550214,1,1,0,0,0,2,2,137,0,22,6,2012,6,16,21,0,6,5,BADGER RD,,0,44.14284722,-89.00678056,0,43,0,0,1,1,0,4,1,10,0,10,0,0000000,16,22,16,31,17,54,0,0,0,1,1
55,550215,1,1,0,0,0,2,2,111,0,22,6,2012,6,19,23,0,3,3,SR-23,,0,43.45926667,-90.03376389,0,11,0,0,1,1,0,1,1,1,0,1,0,0000000,19,24,19,35,99,99,0,0,0,1,0
55,550216,1,1,0,0,0,1,1,127,0,24,6,2012,1,2,58,0,6,5,TERRITORIAL DR,,0,42.79107222,-88.57575278,0,42,0,0,1,1,0,4,2,10,0,10,0,0000000,3,5,3,9,88,88,0,0,0,1,1
55,550217,1,1,0,0,0,3,3,137,0,24,6,2012,1,16,59,1,2,3,SR-21,,0,44.04096667,-89.00945833,0,19,0,0,1,1,0,5,1,1,0,1,0,0000000,16,59,17,10,99,99,0,0,0,2,0
55,550218,1,1,0,0,0,2,2,89,0,10,6,2012,1,5,49,0,14,4,CR-C,,0,43.34776111,-87.89069444,0,42,0,0,1,1,0,4,1,1,0,1,0,0000000,5,50,6,10,88,88,0,0,0,1,1
55,550219,1,1,0,0,0,1,1,105,0,9,6,2012,7,2,33,0,3,3,SR-140,,0,42.49433333,-88.86398333,0,1,0,0,1,1,0,2,2,1,0,1,0,0000000,2,33,2,46,88,88,0,0,0,1,1
55,550220,2,2,0,0,0,3,3,73,5110,22,6,2012,6,12,4,0,13,2,US-51 BUS N,CR-U,0,44.98912222,-89.65533333,0,12,6,1,5,1,0,1,1,1,0,1,0,0000000,12,6,12,12,12,33,0,0,0,1,0
55,550221,1,1,0,1,1,1,1,35,1470,29,6,2012,6,12,39,1,13,2,US-12,HENDRICKSON DR,0,44.79320556,-91.51609444,0,33,0,0,3,2,0,4,1,1,0,1,0,0000000,12,39,12,42,12,56,0,0,0,1,0
55,550222,1,1,0,0,0,1,1,89,0,30,6,2012,7,99,99,0,4,4,CR-I,,0,43.49289722,-87.98070556,0,42,0,0,1,1,0,4,9,1,0,1,0,0000000,88,88,88,88,88,88,0,0,0,1,1
55,550223,1,1,0,0,0,1,1,35,0,30,6,2012,7,19,49,1,1,1,I-94,CR-K,845,44.6205,-91.25633333,0,25,0,0,1,1,1,3,1,10,0,10,0,0000000,99,99,99,99,88,88,0,0,0,1,0
55,550224,1,1,0,0,0,2,2,19,0,21,6,2012,5,99,99,0,4,4,CR-M,,0,44.70783333,-90.80074722,0,44,0,0,1,1,0,1,2,10,0,10,0,0000000,1,39,2,4,88,88,7,0,0,2,0
55,550225,2,2,0,0,0,1,1,19,0,21,6,2012,5,99,99,0,4,4,CR-M,,0,44.70783333,-90.80074722,0,44,0,0,1,1,0,1,2,10,0,10,0,0000000,1,39,2,4,88,88,19,0,0,1,0
55,550226,1,1,0,0,0,1,1,137,0,14,6,2012,5,7,53,0,4,5,CR-5TH AVE,,0,44.19356389,-89.52255,0,34,0,0,1,1,0,4,1,1,0,1,0,0000000,7,53,7,55,88,88,6,0,0,1,0
55,550227,1,1,0,0,0,1,1,75,0,12,6,2012,3,18,45,0,5,5,CR-MORGAN PARK RD,,0,45.69330556,-87.93611111,0,1,0,0,1,1,0,4,1,1,0,1,0,0000000,88,88,88,88,88,88,0,0,0,1,0
55,550228,1,1,0,0,0,5,5,83,0,15,6,2012,6,0,53,0,6,5,CR-OAK ORCHARD RD,,0,44.77887778,-88.001425,0,34,0,0,1,1,0,4,2,10,0,10,0,0000000,99,99,99,99,99,99,0,0,0,1,0
55,550229,1,1,0,0,0,1,1,55,0,15,6,2012,6,4,2,0,5,4,CR-C,,0,42.95222778,-88.974275,0,42,0,0,1,1,0,4,2,10,0,10,0,0000000,4,3,99,99,88,88,0,0,0,1,0
55,550230,1,1,0,0,0,1,1,59,0,16,6,2012,7,16,1,0,13,4,CR-W,,0,42.49839444,-88.1968,0,30,0,0,1,1,0,4,1,10,0,10,0,0000000,16,1,16,6,88,88,0,0,0,1,1
55,550231,2,2,0,0,0,3,3,25,4720,17,6,2012,1,17,23,0,3,3,SR-19,TOWN HALL DR,0,43.18088611,-89.186825,0,12,6,1,2,2,0,1,1,10,0,10,0,0000000,17,23,17,28,18,25,0,0,0,1,0
55,550232,1,1,0,0,0,1,1,133,3740,17,6,2012,1,19,25,0,14,4,CR-JJ/CAPITOL DR,,0,43.09636389,-88.29897778,0,1,0,0,1,1,0,1,1,1,0,1,0,0000000,19,25,19,32,88,88,0,0,0,1,0
55,550233,1,1,0,0,0,1,1,5,0,16,6,2012,7,4,39,0,4,4,CR-SS,,0,45.28583056,-91.62833611,0,32,0,0,1,1,0,4,4,5,0,5,0,0000000,4,51,5,0,88,88,0,0,0,1,0
55,550234,1,1,0,0,0,1,1,95,0,13,6,2012,4,17,30,0,6,3,SR-65,,0,45.29045833,-92.49986111,0,1,0,0,1,1,0,4,1,1,0,1,0,0000000,17,32,17,45,18,11,0,0,0,1,1
55,550235,1,1,0,0,0,1,1,133,3240,16,6,2012,7,16,7,0,14,4,CR-LO,,0,42.86748611,-88.34815278,0,43,0,0,1,1,0,4,1,10,0,10,0,0000000,16,8,16,15,16,41,0,0,0,1,1
55,550236,1,1,0,0,0,2,2,127,0,3,6,2012,1,13,53,0,4,4,CR-B,,0,42.50481111,-88.38745,0,34,0,0,1,1,0,4,1,1,0,1,0,0000000,13,53,99,99,99,99,0,0,0,1,0
55,550237,2,2,0,0,0,3,3,115,4320,23,6,2012,7,10,48,0,16,6,CR-MAURER ST E,CR-UNION ST S,0,44.77608889,-88.60274722,0,12,6,0,2,2,0,1,1,10,0,10,0,0000000,10,50,10,53,11,5,0,0,0,1,0
55,550238,2,2,0,0,0,2,2,33,0,6,6,2012,4,11,14,0,6,5,CR-W,CR-610TH ST,0,45.16443333,-91.85021667,0,1,0,0,2,3,0,1,1,1,0,1,0,0000000,99,99,99,99,99,99,0,0,0,1,0
55,550239,1,1,0,0,0,1,1,7,0,27,6,2012,4,15,40,0,4,4,CR-C,,0,46.73226111,-91.07110556,0,11,0,0,1,1,0,1,1,1,0,1,0,0000000,15,44,99,99,16,46,0,0,0,1,0
55,550240,2,2,0,0,0,5,5,113,0,8,7,2012,1,0,16,0,3,3,SR-77,CR-DICKSY RD,0,46.07336944,-91.29681111,0,12,6,0,2,3,0,1,2,1,0,1,0,0000000,0,25,0,46,99,99,0,0,0,1,0
55,550241,1,1,0,0,0,1,1,0,0,8,7,2012,1,99,99,0,6,5,CR-JOHNSBURG RD,,0,43.87744722,-88.33828611,0,1,0,0,1,1,0,4,2,1,0,1,0,0000000,4,25,4,39,88,88,18,0,0,1,1
55,550242,1,1,0,1,1,2,2,9,2000,8,7,2012,1,19,24,0,13,2,US-14/SR-29,,0,44.50814722,-87.98992778,0,8,0,0,1,1,0,1,1,1,0,1,0,0000000,19,26,19,29,19,38,0,0,0,1,0
55,550243,1,1,0,0,0,3,3,33,0,8,7,2012,1,11,25,1,1,1,I-94,,470,44.905525,-91.82991111,0,1,0,0,1,1,0,1,1,1,0,1,0,0000000,11,28,11,37,99,99,0,0,0,1,0
55,550244,1,1,0,0,0,1,1,75,0,10,7,2012,3,4,19,0,6,5,CR-REHMS RD,,0,45.08765278,-87.76811111,0,53,0,0,1,1,0,4,2,1,0,1,0,0000000,4,20,4,32,5,7,2,0,0,1,0
55,550245,2,2,0,0,0,3,3,21,0,10,7,2012,3,17,2,0,3,2,US-51,,0,43.33083056,-89.32673333,0,12,2,0,1,1,0,1,1,1,0,1,0,0000000,17,3,17,12,88,88,0,0,0,2,0
55,550246,1,1,0,0,0,2,2,125,0,12,7,2012,5,19,30,0,4,3,SR-47,,0,45.97872778,-89.87074444,0,42,0,0,1,1,0,4,1,1,0,1,0,0000000,19,33,19,35,20,5,0,0,0,1,0
55,550247,1,1,0,0,0,2,2,131,4440,10,7,2012,3,21,33,0,13,3,SR-175,,0,43.33243333,-88.28318889,0,33,0,0,1,1,0,1,2,1,0,1,0,0000000,21,35,21,37,99,99,0,0,0,2,1
55,550248,1,1,0,1,1,1,1,47,0,11,7,2012,4,17,45,0,5,4,CR-X,,0,43.67458611,-89.12210833,0,49,0,0,1,1,0,1,1,1,0,1,0,0000000,17,52,18,3,88,88,0,0,0,1,0
55,550249,1,1,0,0,0,1,1,125,0,4,7,2012,4,18,4,0,4,4,CR-B,,0,46.16496944,-89.54654167,0,1,0,0,1,1,0,1,1,1,0,1,0,0000000,18,3,18,16,99,99,0,0,0,1,0
55,550250,1,1,0,0,0,1,1,97,0,15,7,2012,1,1,27,1,2,3,SR-54,,0,44.453075,-89.57936944,0,1,0,0,1,1,0,4,2,1,0,1,0,0000000,1,27,1,39,88,88,0,0,0,1,1
55,550251,1,1,0,0,0,1,1,81,0,15,7,2012,1,2,48,0,2,3,SR-27,,0,43.76588611,-90.79841944,0,1,0,0,1,1,0,4,2,1,0,1,0,0000000,2,52,3,3,88,88,0,0,0,1,1
55,550252,1,1,0,0,0,1,1,123,0,15,7,2012,1,14,35,0,6,5,CR-DOBSON HOLLOW RD,,0,43.65995278,-91.05962222,0,31,0,0,1,1,0,4,1,1,0,1,0,0000000,14,40,15,1,15,47,0,0,0,1,0
55,550253,2,2,0,0,0,2,2,135,0,19,7,2012,5,13,29,0,4,4,CR-E,,0,44.49344167,-89.03169722,0,12,2,0,1,1,0,1,1,10,0,10,0,0000000,13,31,13,45,14,40,0,0,0,1,1
55,550254,1,1,0,0,0,2,2,57,0,21,7,2012,7,18,21,0,6,5,CR-16TH AVE N,,0,44.08560833,-90.04545833,0,34,0,0,1,1,0,4,1,1,0,1,0,0000000,18,26,19,1,99,99,2,0,0,1,1
55,550255,1,1,0,0,0,1,1,25,2780,23,7,2012,2,16,5,0,15,6,CR-INDEPENDENCE LN,,0,43.12929444,-89.30996111,0,42,0,0,1,1,0,4,1,1,0,1,0,0000000,99,99,99,99,99,99,0,0,0,1,0
55,550256,1,1,0,0,0,3,3,133,1305,24,7,2012,3,3,13,0,15,6,CR-NAGAWICKA RD,,0,43.08907778,-88.37733889,0,30,0,0,1,1,0,4,3,10,0,10,0,0000000,3,14,3,25,4,37,0,0,0,3,1
55,550257,2,2,0,0,0,4,4,115,0,24,7,2012,3,15,11,0,4,4,CR-F,CR0BEECH RD,0,44.74689444,-88.36450833,0,12,6,0,2,2,0,1,1,1,0,1,0,0000000,15,13,15,29,16,8,0,0,0,1,0
55,550258,1,1,0,0,0,1,1,79,5160,26,7,2012,5,15,8,0,14,6,CR-84TH ST,,0,42.98859167,-88.01742222,0,42,0,0,1,1,0,4,1,10,0,10,0,0000000,15,8,15,8,88,88,0,0,0,1,0
55,550259,1,1,0,0,0,1,1,105,440,28,7,2012,7,3,32,0,13,6,CR-PRAIRIE AVE,,0,42.53043611,-89.0119,0,33,0,0,1,1,0,4,3,1,0,1,0,0000000,3,32,3,38,4,31,0,0,0,1,1
55,550260,1,1,0,0,0,1,1,105,0,28,7,2012,7,6,16,0,5,4,CR-J,,0,42.57794167,-88.90396667,0,32,0,0,1,1,0,4,4,1,0,1,0,0000000,6,18,6,29,88,88,0,0,0,1,0
55,550261,1,1,0,0,0,5,5,135,0,29,7,2012,1,4,46,1,2,2,US-10,,0,44.26203889,-88.89539167,0,1,0,0,1,1,0,1,2,1,0,1,0,0000000,4,47,5,3,99,99,0,0,0,2,0
55,550262,1,1,0,0,0,1,1,131,1890,5,7,2012,5,2,39,0,16,6,CR-MARY BUTH LN,,0,43.24427222,-88.073875,0,17,0,0,1,1,0,5,2,1,0,1,0,0000000,2,39,2,53,88,88,0,0,0,1,1
55,550263,1,1,0,0,0,1,1,113,0,28,7,2012,7,20,5,0,3,3,SR-70,,0,45.84440833,-90.68822778,0,11,0,0,1,1,0,1,5,1,0,1,0,0000000,20,5,20,55,99,99,0,0,0,1,1
55,550264,1,1,0,0,0,1,1,9,4705,29,7,2012,1,18,35,0,15,4,CR-M,,0,44.61042222,-88.11643056,0,34,0,0,1,1,0,4,1,1,0,1,0,0000000,18,35,18,54,19,10,0,0,0,1,1
55,550265,1,1,0,1,1,1,1,111,2515,12,7,2012,5,4,41,0,4,4,CR-A,,0,43.60846111,-89.77767222,0,8,0,0,1,1,0,1,4,1,0,1,0,0000000,4,47,4,53,5,32,0,0,0,1,1
55,550266,1,1,0,0,0,1,1,83,0,23,7,2012,2,8,29,0,4,4,CR-I,,0,44.86151944,-88.09162222,0,1,0,0,1,1,0,4,1,1,0,1,0,0000000,8,35,99,99,99,99,0,0,0,1,0
55,550267,1,1,0,0,0,4,4,69,3010,7,6,2012,5,3,0,0,16,6,ALEXANDER ST S,,0,45.17159444,-89.73415833,0,1,0,0,1,1,0,4,2,1,0,1,0,0000000,3,35,3,42,4,4,0,0,0,2,1
55,550268,4,4,0,0,0,5,5,79,3100,2,7,2012,2,1,20,1,12,2,US-41,,0,43.04411111,-87.97326389,0,12,2,1,18,1,0,1,3,10,0,10,0,0000000,1,26,1,31,3,7,0,0,0,3,1
55,550269,2,2,0,0,0,2,2,21,0,2,7,2012,2,13,10,0,3,3,SR-60,SR-188,0,43.29637778,-89.71660278,0,12,6,0,2,2,0,1,1,1,0,1,0,0000000,13,10,13,15,88,88,0,0,0,1,0
55,550270,1,1,0,0,0,1,1,123,0,3,7,2012,3,22,38,0,3,3,SR-82,,0,43.464075,-91.09384444,0,35,0,0,1,1,0,5,2,1,0,1,0,0000000,22,40,22,55,88,88,0,0,0,1,1
55,550271,2,2,0,0,0,2,2,101,0,3,7,2012,3,21,18,1,2,3,SR-11,SR-36/83 BYPASS,0,42.68334167,-88.21939167,0,12,2,0,2,2,0,1,3,1,0,1,0,0000000,21,20,21,26,22,10,0,0,0,1,1
55,550272,2,2,0,0,0,2,2,101,0,5,7,2012,5,13,59,1,2,3,SR-36,KRAMER RD,0,42.77835833,-88.19131667,0,12,6,0,2,2,0,1,1,1,0,1,0,0000000,14,0,14,7,14,36,0,0,0,1,0
55,550273,3,3,0,0,0,3,3,79,3100,6,7,2012,6,14,42,0,13,5,OKLAHOMA AVE E,,0,42.98831389,-87.89502222,0,12,2,0,1,1,0,1,1,1,0,1,0,0000000,99,99,99,99,88,88,0,0,0,1,0
55,550274,1,1,0,0,0,2,2,95,0,7,7,2012,7,12,57,0,6,5,120TH AVE,,0,45.38148889,-92.43038333,0,1,0,0,1,1,0,1,1,1,0,1,0,0000000,12,59,13,16,13,32,0,0,0,1,0
55,550275,1,1,0,1,1,1,1,133,3260,7,7,2012,7,15,41,0,14,6,WOODS RD,,0,42.91911389,-88.075725,0,9,0,0,1,1,0,1,1,1,0,1,0,0000000,15,41,15,45,88,88,0,0,0,1,0
55,550276,3,3,0,0,0,4,4,133,0,11,7,2012,4,15,42,1,13,3,SR-164,GUTHRIE RD,0,42.92271111,-88.19895833,0,12,2,0,2,2,0,1,1,1,0,1,0,0000000,15,42,15,46,99,99,0,0,0,1,0
55,550277,1,1,0,0,0,1,1,57,0,13,7,2012,6,16,58,0,4,4,CR-G,,0,43.89764167,-89.99730556,0,42,0,0,1,1,0,4,1,1,0,1,0,0000000,17,0,17,13,99,99,0,0,0,1,1
55,550278,1,1,0,0,0,3,3,5,0,13,7,2012,6,17,45,0,6,5,5TH ST,,0,45.588675,-92.05244444,0,59,0,0,1,1,0,4,1,10,0,10,0,0000000,17,48,17,55,18,29,0,0,0,1,0
55,550279,1,1,0,1,1,2,2,59,0,13,7,2012,6,21,43,0,14,6,CR-K,,0,42.58280833,-88.09889444,0,8,0,0,8,1,0,1,3,1,0,1,0,0000000,21,46,21,49,99,96,0,0,0,1,0
55,550280,2,2,0,0,0,2,2,79,5270,14,7,2012,7,13,53,0,13,3,SR-32,,0,43.10776667,-87.88972222,0,12,7,0,1,1,0,1,1,1,0,1,0,0000000,13,55,13,59,14,23,0,0,0,1,0
55,550281,2,2,0,0,0,3,3,115,4320,16,7,2012,2,13,16,0,13,3,SR-22,AIRPORT DR,0,44.78173333,-88.56851667,0,12,6,0,2,2,0,1,1,1,0,1,0,0000000,13,16,99,99,99,99,0,0,0,2,0
55,550282,2,2,0,0,0,2,2,117,0,19,7,2012,5,5,30,0,4,5,CAMP EVELYN RD,,0,43.79043611,-88.02143333,0,11,0,0,1,1,0,1,1,10,0,10,0,0000000,5,33,5,41,6,7,0,0,0,1,0
55,550283,1,1,0,0,0,2,2,39,0,20,7,2012,6,15,38,0,4,3,SR-175,,0,43.67526944,-88.45151667,0,38,0,0,1,1,0,5,1,1,0,1,0,0000000,99,99,99,99,99,99,0,0,0,1,0
55,550284,2,1,1,0,0,2,2,63,0,21,7,2012,7,3,24,0,4,4,CR-U,,0,43.90151667,-90.94622778,0,35,0,0,1,1,0,5,2,10,0,10,0,0000000,99,99,99,99,99,99,0,0,0,1,1
55,550285,2,2,0,0,0,4,4,133,5060,21,7,2012,7,3,35,1,13,3,SR-59,,0,43.00461944,-88.19957222,0,12,1,0,1,1,0,1,2,1,0,1,0,0000000,3,37,3,41,4,3,23,0,0,1,2
55,550286,1,1,0,1,1,1,1,127,0,23,7,2012,2,9,44,0,4,4,CR-J,,0,42.80803333,-88.48603056,0,8,0,0,1,1,2,1,1,1,0,1,0,0000000,9,44,99,99,88,88,0,0,0,1,0
55,550287,1,1,0,0,0,5,5,7,0,23,7,2012,2,13,0,0,3,3,SR-13,,0,46.69893333,-90.87352778,0,1,0,0,1,1,0,1,1,1,0,1,0,0000000,13,1,13,9,13,36,0,0,0,1,0
55,550288,1,1,0,1,1,1,1,79,3100,25,7,2012,4,15,20,0,16,6,CARMEN AVE W,89TH ST N,0,43.12345,-88.02310833,0,8,0,0,2,3,0,1,1,1,0,1,1,0000000,99,99,99,99,88,88,16,0,0,1,0
55,550289,2,2,0,0,0,2,2,111,5165,8,7,2012,1,6,53,1,13,2,US-12,,0,43.47236389,-89.76856667,0,12,1,0,1,1,0,1,1,1,0,1,0,0000000,6,55,7,0,99,99,0,0,0,1,0
55,550290,2,2,0,1,1,2,2,79,3100,23,7,2012,2,6,59,1,12,3,SR-145,6TH ST N,0,43.04698611,-87.91884444,0,12,6,0,2,2,0,1,1,1,0,1,0,0000000,99,99,99,99,99,99,0,0,0,1,0
55,550291,1,1,0,1,1,1,1,79,3100,26,7,2012,5,13,40,0,16,6,HUBBARD ST N,GARFIELD AVE E,0,43.05905833,-87.908375,0,9,0,0,2,2,0,1,1,1,0,1,0,0000000,13,43,13,51,14,18,16,0,0,1,0
55,550292,2,2,0,0,0,2,2,41,0,6,7,2012,6,22,36,1,2,2,US-8,,0,45.57295278,-88.99559444,0,12,6,0,1,1,0,1,2,2,0,2,0,0000000,22,36,99,99,88,88,0,0,0,1,0
55,550293,2,2,0,0,0,5,5,109,0,30,7,2012,2,13,20,1,1,1,I-94,,68,44.96333056,-92.63971667,0,12,1,0,1,1,1,1,1,10,0,10,0,0000000,13,24,99,99,99,99,0,0,0,3,0
55,550294,1,1,0,1,1,1,1,79,5160,31,7,2012,3,11,3,0,14,6,70TH ST S,,0,43.01766667,-88.00000556,0,8,0,0,1,1,0,1,1,10,0,10,0,0000000,11,3,99,99,88,88,0,0,0,1,0
55,550295,2,2,0,0,0,2,2,79,3100,31,7,2012,3,12,17,1,11,1,I-43,,731,43.04905,-87.92621667,0,12,1,1,18,1,2,1,1,1,0,1,0,0000000,12,19,99,99,99,99,0,0,0,1,0
55,550296,2,2,0,0,0,3,3,79,3100,31,7,2012,3,18,46,0,13,3,SR-38,LAYTON AVE W,0,42.95924444,-87.90980833,0,12,6,0,2,2,0,1,1,1,0,1,0,0000000,99,99,99,99,99,99,0,0,0,1,0
55,550297,2,2,0,0,0,2,2,33,3000,31,7,2012,3,23,13,1,11,1,I-94,,425,44.90743889,-91.92062778,0,12,1,0,1,1,0,1,2,1,0,1,0,0000000,23,14,23,26,0,14,0,0,0,1,0
55,550298,3,3,0,0,0,4,4,59,0,26,7,2012,5,14,58,0,14,4,CR-S,,0,42.60374444,-87.91005556,0,12,1,0,8,1,0,1,1,10,0,10,0,0000000,14,58,15,6,15,26,0,0,0,1,0
55,550299,2,2,0,0,0,2,2,109,0,31,7,2012,3,11,15,1,1,1,I-94,,127,44.94187222,-92.51522222,0,12,1,0,1,1,0,1,1,1,0,1,0,0000000,11,16,11,34,99,99,0,0,0,1,0
55,550300,1,1,0,0,0,1,1,71,0,28,7,2012,7,2,50,0,6,5,TUMA LAKE RD E,,0,44.290975,-87.72334722,0,35,0,0,1,1,0,4,2,1,0,1,0,0000000,6,20,6,33,88,88,0,0,0,1,1
55,550301,1,1,0,1,1,1,1,87,2440,28,7,2012,7,0,15,0,14,6,KIMBERLY AVE,,0,44.27063611,-88.34524167,0,9,0,0,1,1,0,1,3,1,0,1,0,0000000,0,18,0,29,1,1,0,0,0,1,0
55,550302,2,2,0,0,0,4,4,141,0,30,7,2012,2,11,58,0,2,2,US-10,SR-13,0,44.62644444,-90.14015833,0,12,6,0,2,2,4,1,1,1,0,1,0,0000000,11,59,12,3,12,42,0,0,0,1,0
55,550303,2,2,0,0,0,2,2,85,0,31,7,2012,3,16,25,0,4,5,SQUIRREL LAKE RD,CARTER RD,0,45.86138333,-89.88260556,0,12,6,0,2,3,0,1,1,1,0,1,0,0000000,16,25,16,42,17,18,0,0,0,1,0
55,550304,1,1,0,0,0,2,2,135,5080,1,8,2012,4,12,58,1,12,2,US-10,,0,44.32950278,-89.04064722,0,1,0,1,18,1,0,1,1,1,0,1,0,0000000,13,4,13,6,13,23,0,0,0,2,0
55,550305,2,2,0,0,0,2,2,95,0,3,8,2012,6,0,36,0,4,4,CR-N,220TH ST,0,45.57055556,-92.61000833,0,12,6,0,2,2,0,1,2,1,0,1,0,0000000,0,39,0,52,1,28,0,0,0,1,2
55,550306,2,2,0,0,0,5,5,75,0,3,8,2012,6,13,42,1,2,2,US-41,,0,45.06531667,-87.69404167,0,12,1,0,1,1,0,1,1,10,0,10,0,0000000,13,52,13,58,99,99,0,0,0,1,0
55,550307,2,2,0,0,0,4,4,19,0,5,8,2012,1,17,15,0,2,2,US-10,,0,44.58216111,-90.42040278,0,12,2,0,1,1,0,2,1,1,0,1,0,0000000,17,25,17,39,99,99,0,0,0,3,0
55,550308,2,2,0,0,0,4,4,87,0,8,8,2012,4,18,22,0,14,4,CR-JJ,MAYFLOWER DR,0,44.33006389,-88.49643889,0,12,6,0,2,2,0,1,1,1,0,1,0,0000000,99,99,99,99,99,99,0,0,0,1,0
55,550309,2,2,0,0,0,2,2,111,2515,9,8,2012,5,10,37,0,3,3,SR-23,,0,43.58791111,-89.81379444,0,12,2,0,1,1,0,1,1,2,0,2,0,0000000,10,37,10,41,11,23,0,0,0,1,0
55,550310,1,1,0,0,0,1,1,123,0,9,8,2012,5,16,23,0,3,3,SR-56,,0,43.54276389,-90.85254444,0,35,0,0,1,1,0,4,1,10,0,10,0,0000000,99,99,99,99,88,88,0,0,0,1,1
55,550311,1,1,0,0,0,1,1,131,4089,9,8,2012,5,16,55,0,13,3,SR-175,,0,43.27255833,-88.205925,0,30,0,0,1,1,0,4,1,2,0,2,0,0000000,16,55,17,0,88,88,0,0,0,1,1
55,550312,2,2,0,0,0,4,4,75,0,9,8,2012,5,21,48,1,2,2,US-41,KASAL LN,0,45.05071389,-87.79964444,0,12,6,0,2,2,0,1,3,2,0,2,0,0000000,21,49,22,1,23,6,0,0,0,2,0
55,550313,1,1,0,0,0,1,1,21,0,7,7,2012,7,18,25,0,4,4,CR-J,,0,43.35029444,-89.51446111,0,34,0,0,1,1,0,4,1,1,0,1,0,0000000,18,33,18,42,99,99,0,0,0,1,1