STATE,ST_CASE,VE_TOTAL,VE_FORMS,PVH_INVL,PEDS,PERNOTMVIT,PERMVIT,PERSONS,COUNTY,CITY,DAY,MONTH,YEAR,DAY_WEEK,HOUR,MINUTE,NHS,ROAD_FNC,ROUTE,TWAY_ID,TWAY_ID2,MILEPT,LATITUDE,LONGITUD,SP_JUR,HARM_EV,MAN_COLL,RELJCT1,RELJCT2,TYP_INT,WRK_ZONE,REL_ROAD,LGT_COND,WEATHER1,WEATHER2,WEATHER,SCH_BUS,RAIL,NOT_HOUR,NOT_MIN,ARR_HOUR,ARR_MIN,HOSP_HR,HOSP_MN,CF1,CF2,CF3,FATALS,DRUNK_DR
55,550314,2,2,0,0,0,3,3,85,0,13,8,2012,2,14,40,0,5,5,CR-BLUE LAKE RD,CR-AGAWAK RD,0,45.832275,-89.74128056,0,12,6,0,2,2,0,1,1,10,0,10,0,0000000,14,40,14,47,99,99,0,0,0,2,0
55,550315,2,2,0,0,0,3,3,137,0,16,8,2012,5,7,20,1,2,3,SR-21,,0,44.05528056,-89.16618611,0,12,2,0,1,1,0,1,1,2,0,2,0,0000000,99,98,99,98,99,98,0,0,0,2,0
55,550316,2,2,0,0,0,5,5,105,0,18,8,2012,7,22,20,1,2,3,SR-11,CR-B,0,42.67890278,-89.08111667,0,12,6,0,2,3,0,1,2,1,0,1,0,0000000,22,23,22,31,99,99,0,0,0,1,1
55,550317,1,1,0,0,0,5,5,105,0,19,8,2012,1,2,0,0,6,5,CR-MINERAL POINT RD,,0,42.68653889,-89.10504167,0,34,0,0,1,1,0,4,2,1,0,1,0,0000000,2,2,2,12,2,30,0,0,0,2,1
55,550318,2,2,0,0,0,4,4,137,0,20,8,2012,2,15,32,1,2,3,SR-21,CR-B,0,44.02941944,-89.43570278,0,12,6,0,2,2,0,1,1,98,0,98,0,0000000,15,34,15,35,88,88,0,0,0,1,0
55,550319,1,1,0,0,0,1,1,137,0,20,8,2012,2,18,21,0,5,4,CR-W,,0,44.19381667,-89.12172222,0,11,0,0,1,1,0,1,1,1,0,1,0,0000000,18,20,18,34,99,99,0,0,0,1,0
55,550320,2,2,0,0,0,2,2,111,0,20,8,2012,2,19,17,0,4,4,CR-D,CR-W,0,43.40935278,-89.98368333,0,12,6,0,2,2,0,1,1,1,0,1,0,0000000,19,19,19,35,99,99,0,0,0,1,0
55,550321,1,1,0,0,0,1,1,45,0,9,8,2012,5,19,55,0,4,4,CR-KS,CR-S,0,42.58591389,-89.50446389,0,59,0,0,2,3,0,4,5,10,0,10,0,0000000,19,59,20,12,99,99,0,0,0,1,1
55,550322,1,1,0,0,0,1,1,95,0,11,8,2012,7,19,30,0,6,5,CR-290TH AVE,,0,45.62896667,-92.696325,0,34,0,0,1,1,0,4,1,1,0,1,0,0000000,19,32,19,51,99,99,0,0,0,1,1
55,550323,1,1,0,0,0,1,1,109,0,20,8,2012,2,15,25,0,4,4,CR-G,,0,45.061225,-92.21352222,0,34,0,0,1,1,0,4,1,10,0,10,0,0000000,15,26,15,37,88,88,0,0,0,1,0
55,550324,1,1,0,0,0,1,1,95,0,21,8,2012,3,0,30,0,6,5,CR-ROUND LAKE RD,,0,45.55741667,-92.32544444,0,34,0,0,1,1,0,4,2,1,0,1,0,0000000,6,49,7,7,88,88,18,0,0,1,1
55,550325,1,1,0,0,0,2,2,131,4440,3,8,2012,6,18,6,0,13,3,SR-175,CORPORATE DR,0,43.32188889,-88.26861111,0,1,0,0,2,3,0,1,1,1,0,1,0,0000000,18,8,18,13,18,43,0,0,0,1,1
55,550326,2,2,0,0,0,3,3,115,0,5,8,2012,1,12,9,0,3,3,SR-22,,0,44.83777778,-88.370475,0,12,1,0,1,1,0,1,1,1,0,1,0,0000000,12,15,12,26,99,99,0,0,0,1,0
55,550327,1,1,0,0,0,2,2,133,0,11,8,2012,7,14,20,1,11,1,I-94,,2977,43.03449722,-88.17271111,0,58,0,1,19,1,0,8,1,1,0,1,0,0000000,14,20,14,30,99,99,0,0,0,2,0
55,550328,1,1,0,0,0,1,1,113,0,24,8,2012,6,17,57,0,3,3,SR-27,,0,45.84864444,-91.463025,0,35,0,0,1,1,0,4,1,1,0,1,0,0000000,99,99,99,99,99,99,0,0,0,1,0
55,550329,1,1,0,0,0,1,1,133,470,30,8,2012,5,16,50,1,13,3,SR-164,,0,42.91767222,-88.22336667,0,33,0,0,1,1,0,4,1,1,0,1,0,0000000,16,58,17,1,88,88,0,0,0,1,1
55,550330,7,7,0,0,0,11,11,35,0,20,7,2012,6,18,21,1,13,2,US-12,CR-E,0,44.81414167,-91.53939444,0,12,1,0,3,2,0,1,1,1,0,1,0,0000000,99,99,99,99,99,99,0,0,0,1,1
55,550331,1,1,0,0,0,1,1,53,0,10,8,2012,6,15,50,1,1,1,I-94 RAMP,CR-O,1280,44.19401944,-90.64288056,0,34,0,1,19,1,0,8,1,1,0,1,0,0000000,15,53,16,3,88,88,0,0,0,1,0
55,550332,2,2,0,0,0,3,3,53,0,10,8,2012,6,19,48,0,3,3,SR-53,CR-H,0,44.24161944,-90.89044444,0,12,6,0,2,2,0,1,1,1,0,1,0,0000000,99,99,99,99,99,99,0,0,0,1,1
55,550333,1,1,0,0,0,1,1,71,0,12,8,2012,1,23,47,0,4,4,CR-R,,0,44.29075833,-87.77680278,0,1,0,0,1,1,0,4,2,1,0,1,0,0000000,23,59,0,10,88,88,0,0,0,1,1
55,550334,1,1,0,0,0,5,5,13,0,11,8,2012,7,23,25,0,6,5,GLENDENNING RD,,0,45.98308056,-92.386525,0,5,0,0,1,1,0,1,2,1,0,1,0,0000000,23,34,23,49,88,88,0,0,0,1,1
55,550335,1,1,0,1,1,1,1,39,0,22,8,2012,4,19,53,0,13,2,US-151,CR-WH,0,43.816775,-88.38178611,0,9,0,0,2,2,0,1,5,1,0,1,0,0000000,19,55,99,99,88,88,0,0,0,1,0
55,550336,1,1,0,0,0,2,2,131,0,21,8,2012,3,15,22,1,12,2,US-41,,0,43.35473889,-88.28842778,0,1,0,0,1,1,0,3,1,10,0,10,0,0000000,15,26,15,45,99,99,0,0,0,2,0
55,550337,1,1,0,0,0,2,2,25,2780,24,8,2012,6,13,10,1,13,2,US-51,RIEDER RD,0,43.13551667,-89.32215556,0,51,0,0,2,3,0,1,1,1,0,1,0,0000000,99,99,99,99,99,99,0,0,0,1,0
55,550338,1,1,0,1,1,2,2,79,3100,6,8,2012,2,6,35,0,14,4,CR-HAMPTON AVE W,LEON TER W,0,43.10468611,-87.99356389,0,9,0,0,1,1,0,1,1,1,0,1,0,0000000,99,99,99,99,88,88,0,0,0,1,0
55,550339,1,1,0,0,0,4,4,25,2780,27,5,2012,1,2,48,0,16,6,DENTON PL,ASPEN RD,0,43.03078333,-89.47208056,0,5,0,0,2,3,0,1,2,1,0,1,0,0000000,2,48,2,54,3,12,0,0,0,1,1
55,550340,2,2,0,0,0,2,2,39,0,24,8,2012,6,21,5,0,4,4,CR-B,CR-K,0,43.68928333,-88.40155833,0,12,6,0,2,2,0,1,2,1,0,1,0,0000000,21,5,21,16,22,4,0,0,0,1,0
55,550341,2,2,0,0,0,3,3,93,0,25,8,2012,7,21,50,0,2,2,US-63,CR-Y,0,44.82765,-92.410825,0,12,2,0,2,4,0,1,2,10,0,10,0,0000000,21,53,99,99,99,99,0,0,0,2,1
55,550342,2,2,0,0,0,2,2,79,1796,19,8,2012,1,13,53,0,13,3,SR-241,PUETZ RD W,0,42.88724722,-87.95101667,0,12,6,0,2,2,0,1,1,2,0,2,0,0000000,13,53,13,57,14,36,0,0,0,1,0
55,550343,2,2,0,0,0,3,3,25,0,21,8,2012,3,0,33,0,3,4,CR-N,,0,43.168625,-89.20717222,0,12,1,0,1,1,0,1,2,1,0,1,0,0000000,99,99,99,99,99,99,0,0,0,1,1
55,550344,1,1,0,1,1,1,1,31,4730,17,8,2012,6,21,30,0,15,6,BROADWAY ST,HUGHITT AVE,0,46.72663611,-92.09951944,0,8,0,0,2,2,0,1,3,1,0,1,0,0000000,21,30,99,99,99,99,0,0,0,1,0
55,550345,2,2,0,0,0,4,4,27,0,25,8,2012,7,23,37,0,4,3,SR-89,CR-T,0,43.21239444,-88.99031944,0,12,6,0,2,2,0,1,2,10,0,10,0,0000000,23,40,23,51,99,99,0,0,0,1,0
55,550346,2,2,0,0,0,3,3,7,0,25,8,2012,7,15,45,1,2,2,US-63,,0,46.37824722,-91.06075,0,12,6,0,1,1,0,4,1,10,0,10,0,0000000,15,46,16,4,99,99,0,0,0,1,1
55,550347,2,2,0,0,0,3,3,21,0,25,8,2012,7,9,50,0,4,3,SR-60,,0,43.34052222,-89.14061944,0,12,2,0,1,1,0,1,1,1,0,1,0,0000000,9,52,10,0,10,47,0,0,0,1,1
55,550348,2,2,0,0,0,2,2,123,1150,23,6,2012,7,16,25,1,2,2,US-14,CR-SCHOOL ST,0,43.70239722,-91.01481667,0,12,6,0,2,3,0,1,1,10,0,10,0,0000000,16,30,16,43,17,13,0,0,0,1,0
55,550349,2,2,0,0,0,4,4,29,0,26,8,2012,1,12,53,0,3,3,SR-42,,0,45.23858056,-87.0922,0,12,2,0,8,1,0,1,1,2,0,2,0,0000000,12,54,13,4,13,28,0,0,0,1,0
55,550350,2,2,0,0,0,5,5,61,0,29,8,2012,4,10,46,0,3,3,SR-54,,0,44.60291389,-87.47811944,0,12,1,0,8,1,0,1,1,1,0,1,0,0000000,10,48,10,54,12,15,0,0,0,1,0
55,550351,1,1,0,0,0,1,1,29,0,14,8,2012,3,10,7,0,4,4,CR-DUNN RD W,CR-B,0,44.88956111,-87.38355833,0,42,0,0,2,3,0,4,1,1,0,1,0,0000000,10,10,10,18,88,88,0,0,0,1,0
55,550352,1,1,0,0,0,2,2,141,0,13,8,2012,2,10,18,0,16,6,6,,0,44.36434722,-89.78067778,0,1,0,0,1,1,0,1,1,1,0,1,0,0000000,10,18,10,21,99,99,0,0,0,1,0
55,550353,1,1,0,0,0,1,1,5,0,22,8,2012,4,15,26,0,6,5,20TH AVE,5 1/4TH ST,0,45.49545278,-92.04744444,0,72,0,0,2,2,0,4,1,99,0,99,0,0000000,99,99,99,99,99,99,0,0,0,1,0
55,550354,1,1,0,0,0,1,1,141,0,26,8,2012,1,4,11,0,6,5,CR-FALCON RD,,0,44.57463889,-90.25898056,0,11,0,0,1,1,0,1,2,2,0,2,0,0000000,4,13,4,25,5,7,0,0,0,1,0
55,550355,2,2,0,0,0,3,3,129,0,31,8,2012,6,20,58,0,3,3,SR-70,SR-53 RAMP,0,45.81816111,-91.85787778,0,12,6,1,5,1,0,1,2,1,0,1,0,0000000,20,59,99,99,99,99,0,0,0,1,0
55,550356,1,1,0,0,0,1,1,59,0,29,8,2012,4,22,12,0,5,4,CR-Q,,0,42.51720833,-88.028725,0,59,0,0,1,1,0,4,2,1,0,1,0,0000000,99,99,99,99,99,99,0,0,0,1,0
55,550357,2,2,0,0,0,3,3,39,0,1,9,2012,7,22,20,1,2,3,SR-26,,0,43.78131944,-88.67505833,0,12,2,0,1,1,0,1,2,1,0,1,0,0000000,22,21,99,99,88,88,0,0,0,1,1
55,550358,2,2,0,0,0,4,4,79,3100,1,9,2012,7,22,41,0,15,6,MITCHELL ST W,,0,43.01233333,-87.93626944,0,12,2,0,1,1,0,1,3,10,0,10,0,0000000,22,43,99,99,99,99,0,0,0,1,1
55,550359,1,1,0,0,0,1,1,109,0,2,9,2012,1,21,58,0,4,4,CR-E,,0,45.03638889,-92.59140556,0,35,0,0,1,1,0,4,2,1,0,1,0,0000000,99,99,99,99,88,88,0,0,0,1,0
55,550360,2,2,0,0,0,4,4,75,0,2,9,2012,1,9,50,0,6,5,CR-CREEK RD,CR-RUEFF RD,0,45.300725,-87.92962778,0,12,6,0,2,2,0,1,1,1,0,1,0,0000000,9,53,9,57,10,28,0,0,0,1,0
55,550361,2,2,0,0,0,3,3,119,0,4,9,2012,3,14,10,0,4,4,CR-A,CR-ROBIN DR,0,45.07693056,-90.27903889,0,12,6,0,2,2,0,1,1,10,0,10,0,0000000,14,17,14,25,88,88,0,0,0,1,0
55,550362,1,1,0,0,0,1,1,79,3100,4,9,2012,3,17,3,1,13,3,SR-100,76TH PL,0,43.177825,-88.002375,0,59,0,0,2,3,0,4,1,1,0,1,0,0000000,99,99,99,99,88,88,0,0,0,1,0
55,550363,1,1,0,0,0,1,1,141,0,5,9,2012,4,2,3,0,4,4,CR-A,,0,44.52816389,-90.13999167,0,53,0,0,1,1,0,4,2,10,0,10,0,0000000,2,7,2,17,88,88,0,0,0,1,0
55,550364,3,3,0,0,0,4,4,25,2780,1,9,2012,7,2,2,1,13,4,CR-JOHN NOLEN DR,LAKESIDE ST E,0,43.05599444,-89.38192778,0,33,0,0,2,2,0,4,3,10,0,10,0,0000000,2,6,2,11,2,49,0,0,0,1,1
55,550365,2,2,0,0,0,2,2,79,3100,1,9,2012,7,16,42,0,14,6,MITCHELL ST W,PEARL ST S,0,43.012325,-87.93656389,0,7,0,0,2,7,0,1,1,10,0,10,0,0000000,16,43,99,99,99,99,14,0,0,1,0
55,550366,1,1,0,0,0,1,1,99,0,1,9,2012,7,16,29,0,2,2,US-8,,0,45.54308333,-90.41063333,0,42,0,0,1,1,0,4,1,1,0,1,0,0000000,16,30,17,3,88,88,0,0,0,1,0
55,550367,1,1,0,0,0,1,1,25,0,1,9,2012,7,17,30,0,15,6,THOMPSON DR S,,0,43.17323056,-89.25430556,0,1,0,0,1,1,0,4,1,10,0,10,0,0000000,17,34,17,36,99,99,0,0,0,1,0
55,550368,3,2,1,0,0,5,5,79,3100,1,9,2012,7,17,50,0,14,6,LOVERS LANE RD N,,0,43.12395,-88.05557778,0,12,1,0,8,1,0,1,1,1,0,1,0,0000000,17,52,99,99,99,99,0,0,0,1,1
55,550369,2,2,0,0,0,2,2,9,1330,5,9,2012,4,9,48,0,13,3,SR-57,,0,44.40919722,-88.08413889,0,1,0,0,1,1,0,2,1,1,0,1,0,0000000,9,52,9,59,10,26,0,0,0,1,0
55,550370,1,1,0,1,1,1,1,63,2490,5,9,2012,4,5,33,1,13,2,US-14,33RD ST S,0,43.75663889,-91.20421111,0,8,0,0,2,2,0,1,3,10,0,10,0,0000000,5,35,5,40,6,7,0,0,0,1,0
55,550371,1,1,0,0,0,1,1,33,0,7,9,2012,6,9,35,1,1,1,I-94,,349,44.91936944,-92.07141111,0,24,0,0,1,1,0,4,1,10,0,10,0,0000000,9,39,9,48,88,88,0,0,0,1,0
55,550372,1,1,0,0,0,1,1,105,0,8,9,2012,7,8,46,0,6,5,CR-MILTON SHOPPIERE RD,,0,42.64977222,-88.91428333,0,21,0,0,6,1,0,4,1,1,0,1,0,387969G,8,51,9,1,88,88,0,0,0,1,0
55,550373,2,2,0,0,0,4,4,59,3795,8,9,2012,7,9,30,0,14,4,CR-H,SR-50 75TH ST,0,42.56673611,-87.91419167,0,12,2,0,2,2,0,1,1,1,0,1,0,0000000,9,32,9,34,9,46,0,0,0,1,0
55,550374,1,1,0,0,0,2,2,99,0,7,9,2012,6,19,15,0,6,5,LOUND RD,,0,45.5583,-90.22823889,0,42,0,0,1,1,0,4,5,10,0,10,0,0000000,19,25,19,30,88,88,0,0,0,2,0
55,550375,2,2,0,0,0,10,10,17,0,8,9,2012,7,21,27,0,3,3,SR-124,CR-B,0,44.99530833,-91.38832778,0,12,6,0,2,2,0,1,2,10,0,10,0,0000000,21,29,21,36,22,9,0,0,0,2,1
55,550376,1,1,0,0,0,2,2,97,0,9,9,2012,1,17,28,0,5,4,CR-SUNSET DR,CR-DB,0,44.67465833,-89.63337222,0,34,0,0,3,2,0,4,1,1,0,1,0,0000000,17,32,17,43,88,88,0,0,0,2,1
55,550378,1,1,0,0,0,1,1,53,0,10,9,2012,2,6,24,0,4,4,CR-B,,0,44.53857778,-91.10934444,0,42,0,0,1,1,0,4,4,1,0,1,0,0000000,6,24,99,99,88,88,0,0,0,1,1
55,550379,1,1,0,0,0,1,1,71,0,10,9,2012,2,15,25,0,4,4,CR-XX,,0,43.92090278,-87.80340556,0,34,0,0,1,1,0,4,1,10,0,10,0,0000000,15,27,15,41,99,99,0,0,0,1,1
55,550380,1,1,0,1,1,1,1,63,2490,7,9,2012,6,20,30,1,13,3,SR-16,OAKLAND ST,0,43.81776667,-91.236875,0,8,0,0,3,2,0,1,2,1,0,1,0,0000000,20,31,20,35,20,57,0,0,0,1,0
55,550381,1,1,0,0,0,1,1,79,3100,9,9,2012,1,7,40,1,11,1,I-43 RAMP,,3118,43.02196667,-87.92116667,0,33,0,1,5,1,0,8,1,1,0,1,0,0000000,99,99,7,56,8,19,0,0,0,1,1
55,550382,3,3,0,0,0,6,6,79,2015,8,9,2012,7,17,10,0,13,3,SR-241,CR-COLDSPRING RD W,0,42.96668333,-87.948675,0,12,6,0,2,2,0,1,1,1,0,1,0,0000000,17,10,99,99,99,99,14,0,0,2,0
55,550383,1,1,0,0,0,3,3,89,0,10,9,2012,2,22,51,0,6,5,CR-HAWTHORNE DR W,CR-I,0,43.44033611,-87.98050556,0,42,0,0,3,3,0,5,2,1,0,1,0,0000000,22,51,23,6,99,99,0,0,0,3,1
55,550384,1,1,0,1,1,1,1,139,3620,7,9,2012,6,1,50,1,13,3,SR-44,8TH AVE W,0,44.01110278,-88.552425,0,8,0,0,2,2,0,1,3,1,0,1,0,0000000,1,53,1,57,2,14,0,0,0,1,1
55,550385,2,2,0,0,0,2,2,97,0,11,9,2012,3,10,7,0,3,3,SR-34,CR-P,0,44.59691944,-89.80772222,0,12,6,0,2,2,0,1,1,1,0,1,0,0000000,10,7,10,25,88,88,0,0,0,1,0
55,550386,2,2,0,0,0,4,4,117,4330,12,9,2012,4,7,57,0,14,6,LAKESHORE DR,,0,43.78288333,-87.72671667,0,1,0,0,1,1,1,1,1,1,0,1,0,0000000,8,0,8,0,99,99,14,0,0,1,0
55,550387,3,3,0,0,0,4,4,71,0,13,9,2012,5,12,13,0,3,3,SR-42,NUCLEAR RD,0,44.26945278,-87.56333056,0,12,6,0,2,2,0,1,1,1,0,1,0,0000000,12,18,12,25,88,88,14,0,0,1,0
55,550388,2,2,0,0,0,4,4,39,0,13,9,2012,5,17,34,0,3,2,US-45,,0,43.54538889,-88.23946944,0,12,2,0,1,1,0,1,1,1,0,1,0,0000000,17,38,17,45,18,23,0,0,0,2,1
55,550389,2,2,0,0,0,3,3,131,0,14,9,2012,6,12,50,0,3,3,SR-83,CR-E,0,43.28157778,-88.37059444,0,12,6,0,2,2,0,1,1,10,0,10,0,0000000,12,55,13,2,99,99,0,0,0,1,0
55,550390,2,2,0,0,0,2,2,63,3560,14,9,2012,6,15,37,1,11,1,I-90,,60,43.87469444,-91.16445278,0,12,1,0,1,1,0,1,1,1,0,1,0,0000000,15,39,15,43,16,24,0,0,0,1,1
55,550391,2,2,0,0,0,2,2,137,4010,18,9,2012,3,14,50,1,2,3,SR-21,MAPLE ST,0,44.04395556,-89.10319444,0,12,6,0,1,1,0,1,1,10,0,10,0,0000000,14,51,14,59,14,59,0,0,0,1,0
55,550392,1,1,0,0,0,1,1,78,0,30,9,2012,1,4,25,0,3,3,SR-47,,0,44.91536111,-88.72233056,3,1,0,0,1,1,0,4,2,1,0,1,0,0000000,4,25,99,99,88,88,0,0,0,1,1
55,550393,1,1,0,0,0,2,2,9,2000,11,9,2012,3,2,3,0,15,6,GREENBRIER RD,,0,44.47370556,-87.93519722,0,33,0,0,1,1,0,4,3,1,0,1,0,0000000,2,8,2,16,2,22,0,0,0,1,1
55,550394,2,2,0,0,0,2,2,25,0,11,9,2012,3,6,0,0,3,4,CR-N,,0,43.07262778,-89.19966944,0,12,2,0,1,1,0,1,4,1,0,1,0,0000000,6,6,6,12,6,43,0,0,0,1,0
55,550395,1,1,0,2,2,1,1,73,0,11,9,2012,3,19,28,0,6,5,TOWNLINE RD W,IVORY RD,0,45.03351944,-90.160125,0,49,0,0,2,2,0,1,5,1,0,1,0,0000000,19,28,19,35,99,99,0,0,0,2,0
55,550396,1,1,0,0,0,2,2,97,4620,15,9,2012,7,9,21,1,11,1,I-39 RAMP,,0,44.55058333,-89.57780278,0,35,0,1,5,1,0,4,1,1,0,1,0,0000000,9,23,9,25,9,42,0,0,0,1,0
55,550397,1,1,0,0,0,1,1,85,0,15,9,2012,7,11,3,1,2,2,US-8,CRESCENT RD,0,45.61300278,-89.53989444,0,34,0,0,3,2,0,4,1,1,0,1,0,0000000,11,7,99,99,99,99,0,0,0,1,0
55,550398,1,1,0,1,1,1,1,69,0,16,9,2012,1,0,55,0,4,4,CR-S,,0,45.45100278,-89.72227222,0,8,0,0,1,1,0,1,2,10,0,10,0,0000000,0,58,1,3,1,32,0,0,0,1,0
55,550399,1,1,0,0,0,1,1,1,0,17,9,2012,2,6,29,0,3,3,SR-13,,0,44.03795833,-89.80790556,0,34,0,0,1,1,0,4,4,10,0,10,0,0000000,6,31,6,39,7,20,2,0,0,1,0
55,550400,1,1,0,0,0,1,1,105,2320,18,9,2012,3,20,54,0,14,6,RUGER AVE,,0,42.68565556,-88.98708056,0,18,0,0,1,1,0,1,2,10,0,10,0,0000000,20,55,21,0,21,20,0,0,0,1,1
55,550401,1,1,0,1,1,1,1,109,0,19,9,2012,4,15,5,0,4,4,CR-TT,,0,44.97821389,-92.52049444,0,8,0,0,1,1,0,1,1,1,0,1,0,0000000,15,6,15,20,88,88,0,0,0,1,0
55,550402,2,2,0,0,0,3,3,59,3795,14,9,2012,6,13,36,0,13,3,SR-165,65TH AVE,0,42.52285833,-87.88523889,0,12,6,0,2,2,0,1,1,10,0,10,0,0000000,13,38,13,42,14,3,0,0,0,1,0
55,550403,1,1,0,0,0,2,2,105,0,23,9,2012,1,18,33,0,3,3,SR-213,,0,42.64759444,-89.28394444,0,35,0,0,1,1,0,4,1,1,0,1,0,0000000,18,34,18,42,99,99,0,0,0,1,1
55,550404,1,1,0,0,0,1,1,115,0,22,9,2012,7,19,4,0,4,4,CR-E,,0,44.78776389,-88.31423611,0,34,0,0,1,1,0,4,5,1,0,1,0,0000000,19,6,19,22,88,88,0,0,0,1,1
55,550405,1,1,0,0,0,1,1,109,0,20,9,2012,5,19,25,0,6,4,CR-S,,0,45.12206111,-92.36796111,0,11,0,0,1,1,0,1,5,10,0,10,0,0000000,19,26,19,38,99,99,0,0,0,1,0
55,550406,2,2,0,0,0,3,3,135,0,22,9,2012,7,15,14,0,3,3,SR-49,WARE RD,0,44.39197222,-89.09284444,0,12,6,0,2,2,0,1,1,1,0,1,0,0000000,15,15,15,22,16,7,0,0,0,1,0
55,550407,1,1,0,0,0,1,1,17,0,24,9,2012,2,99,99,0,3,3,SR-40,,0,45.19505,-91.43968611,0,31,0,0,1,1,0,5,2,1,0,1,0,0000000,6,49,99,97,99,97,18,0,0,1,1
55,550408,2,2,0,0,0,3,3,79,3100,21,9,2012,6,16,40,0,13,6,GOOD HOPE RD W,38TH ST S,0,43.14863056,-87.95911944,0,12,6,0,2,2,0,1,1,1,0,1,1,0000000,16,46,99,99,17,30,0,0,0,1,1
55,550409,1,1,0,0,0,1,1,57,0,23,9,2012,1,3,7,0,4,4,CR-G,WINDCREST LN,0,43.89761389,-90.04555833,0,1,0,0,1,1,0,2,2,1,0,1,0,0000000,3,12,3,23,88,88,0,0,0,1,1
55,550410,1,1,0,0,0,1,1,79,3100,24,9,2012,2,17,50,0,13,5,OKLAHOMA AVE W,,0,42.98818333,-87.91746667,0,33,0,0,1,1,0,4,1,1,10,10,0,0000000,99,99,99,99,99,99,0,0,0,1,0
55,550411,1,1,0,0,0,1,1,83,0,25,9,2012,3,99,99,0,3,3,SR-32,,0,45.35755278,-88.60394722,0,42,0,0,1,1,0,4,2,1,0,1,0,0000000,99,98,99,98,88,88,18,0,0,1,1
55,550412,1,1,0,0,0,4,4,49,0,23,9,2012,1,3,45,0,3,3,SR-23,,0,43.03475556,-90.14125556,0,35,0,0,1,1,0,4,2,1,0,1,0,0000000,4,13,4,23,4,56,0,0,0,1,1
55,550413,1,1,0,0,0,1,1,87,0,20,9,2012,5,4,44,0,13,4,CR-CE,,0,44.25646389,-88.305775,0,11,0,0,1,1,0,1,2,1,0,1,0,0000000,4,50,5,0,99,99,0,0,0,1,0
55,550414,1,1,0,0,0,1,1,41,0,29,9,2012,7,16,40,0,4,3,SR-55,,0,45.89588611,-88.82045556,0,11,0,0,1,1,0,1,1,1,0,1,0,0000000,16,40,99,99,99,99,0,0,0,1,0
55,550415,2,2,0,0,0,6,6,35,110,26,9,2012,4,19,29,0,13,2,US-12,MC CANN DR,0,44.7956,-91.44069444,0,12,6,0,2,3,0,1,3,1,0,1,0,0000000,19,30,19,37,20,15,0,0,0,1,0
55,550416,1,1,0,0,0,1,1,117,0,23,9,2012,1,7,30,0,6,5,FOREST VIEW RD,,0,43.60090556,-88.16021111,0,42,0,0,1,1,0,4,2,1,0,1,0,0000000,7,33,7,59,88,88,0,0,0,1,1
55,550417,3,3,0,0,0,11,11,45,0,23,9,2012,1,13,50,1,2,3,SR-11,,0,42.58696667,-89.41035556,0,12,1,0,8,1,0,1,1,1,0,1,0,0000000,13,53,14,1,14,47,0,0,0,1,0
55,550418,2,2,0,0,0,2,2,57,5430,25,9,2012,3,15,52,0,4,4,CR-G,,0,43.64343333,-90.22192222,0,12,6,0,8,1,0,1,1,1,0,1,0,0000000,15,28,15,33,15,52,0,0,0,1,0
55,550419,2,2,0,0,0,2,2,131,4089,26,9,2012,4,7,7,1,13,3,SR-167,,0,43.25084167,-88.18444444,0,12,6,0,8,1,0,1,4,1,0,1,0,0000000,7,8,7,16,7,37,0,0,0,1,0
55,550420,1,1,0,0,0,1,1,53,0,2,9,2012,1,18,45,0,6,5,DECORAH RD,,0,44.34851111,-90.75804722,0,35,0,0,1,1,0,4,1,1,0,1,0,0000000,99,99,99,99,99,99,0,0,0,1,0
55,550421,2,2,0,0,0,2,2,83,0,1,10,2012,2,16,53,0,6,5,OAK ORCHARD RD,FRONTAGE RD E,0,44.77682222,-88.04693056,0,12,6,0,2,2,0,1,1,1,0,1,0,0000000,99,99,99,99,99,99,0,0,0,1,1
55,550422,1,1,0,0,0,1,1,117,0,27,9,2012,5,99,99,0,3,3,SR-28,,0,43.71333611,-87.84150556,0,42,0,0,1,1,0,4,2,1,0,1,0,0000000,6,49,6,53,88,88,0,0,0,1,1
55,550423,2,2,0,0,0,2,2,79,1921,27,9,2012,5,11,36,1,13,3,SR-57,HEMLOCK RD W,0,43.15196389,-87.94043333,0,12,6,1,2,2,0,1,1,10,0,10,0,0000000,12,1,12,4,88,88,0,0,0,1,0
55,550424,2,2,0,0,0,2,2,121,0,2,10,2012,3,16,15,0,3,3,SR-54,,0,44.09036389,-91.23086389,0,1,0,0,1,1,0,1,1,1,0,1,0,0000000,16,15,16,59,99,99,0,0,0,1,0
55,550425,1,1,0,0,0,2,2,79,4490,17,9,2012,2,21,55,0,13,3,SR-32,SWIFT AVE,0,42.93004444,-87.85579722,0,33,0,0,3,3,0,4,3,10,0,10,0,0000000,21,55,22,0,23,5,0,0,0,1,1
55,550426,2,2,0,0,0,3,3,137,0,27,9,2012,5,10,43,0,4,4,CR-F,,0,44.02429167,-89.15906389,0,12,6,0,1,1,0,1,1,10,0,10,0,0000000,10,43,10,54,88,88,0,0,0,1,1
55,550427,2,2,0,0,0,2,2,15,0,20,9,2012,5,12,20,1,2,2,US-10,CR-M,0,44.21279167,-88.22438333,0,12,6,0,2,2,0,1,1,1,0,1,0,0000000,99,99,99,99,99,99,0,0,0,1,0
55,550428,1,1,0,0,0,1,1,39,0,2,10,2012,3,22,56,0,4,4,CR-G,,0,43.85517222,-88.18945556,0,34,0,0,1,1,0,4,2,5,0,5,0,0000000,22,58,23,10,88,88,0,0,0,1,0
55,550429,2,2,0,0,0,5,5,113,0,25,9,2012,3,13,30,0,6,5,CHIEF LAKE RD,,0,45.90757222,-91.30968056,3,12,6,0,1,1,0,1,1,1,0,1,0,0000000,13,32,13,54,14,28,0,0,0,1,0