STATE,ST_CASE,VE_TOTAL,VE_FORMS,PVH_INVL,PEDS,PERNOTMVIT,PERMVIT,PERSONS,COUNTY,CITY,DAY,MONTH,YEAR,DAY_WEEK,HOUR,MINUTE,NHS,ROAD_FNC,ROUTE,TWAY_ID,TWAY_ID2,MILEPT,LATITUDE,LONGITUD,SP_JUR,HARM_EV,MAN_COLL,RELJCT1,RELJCT2,TYP_INT,WRK_ZONE,REL_ROAD,LGT_COND,WEATHER1,WEATHER2,WEATHER,SCH_BUS,RAIL,NOT_HOUR,NOT_MIN,ARR_HOUR,ARR_MIN,HOSP_HR,HOSP_MN,CF1,CF2,CF3,FATALS,DRUNK_DR
55,550430,3,3,0,0,0,4,4,63,3560,30,9,2012,1,13,46,1,12,2,US-157,I-90 E RAMP,0,43.87151667,-91.20982778,0,12,6,1,5,1,0,1,1,1,0,1,0,0000000,13,46,13,52,14,23,0,0,0,1,0
55,550431,2,2,0,0,0,3,3,93,0,3,10,2012,4,16,25,0,2,2,US-63,,0,44.690175,-92.51721667,0,12,2,0,1,1,0,1,1,1,0,1,0,0000000,16,29,16,36,99,99,0,0,0,1,0
55,550432,1,1,0,0,0,1,1,25,2780,19,12,2012,4,10,55,0,16,8,ODANA ROAD PARKING LOT,WHITNEY WAY,0,43.04975556,-89.47428333,0,5,0,0,1,1,0,1,1,10,0,10,0,0000000,10,56,11,3,11,28,0,0,0,1,0
55,550433,2,2,0,0,0,3,3,43,0,4,10,2012,5,11,10,1,2,3,SR-129,LINCOLN AVE,0,42.84249167,-90.68466111,0,12,6,0,2,2,0,1,1,10,0,10,0,0000000,11,13,11,21,99,99,0,0,0,1,0
55,550434,2,2,0,0,0,4,4,115,0,4,10,2012,5,13,35,0,4,4,CR-E,CR-BB,0,44.79551389,-88.29144444,0,12,6,0,2,2,0,1,1,1,0,1,0,0000000,13,37,13,54,99,99,0,0,0,2,0
55,550435,1,1,0,0,0,1,1,27,0,3,10,2012,4,17,10,0,4,4,CR-TW,,0,43.5072,-88.57116667,0,1,0,0,1,1,0,4,1,10,0,10,0,0000000,17,14,17,23,99,99,0,0,0,1,0
55,550436,2,2,0,0,0,2,2,89,0,5,10,2012,6,12,47,0,13,4,CR-V,CR-W,0,43.33123056,-87.93493611,0,12,6,0,2,2,0,1,1,10,0,10,0,0000000,12,48,12,55,13,25,0,0,0,1,0
55,550437,2,2,0,0,0,5,5,75,0,5,10,2012,6,23,29,1,2,2,US-141,,0,45.29234444,-87.99203889,0,12,2,0,8,1,0,1,3,1,0,1,0,0000000,23,30,23,40,0,34,0,0,0,1,1
55,550438,1,1,0,1,1,1,1,47,3950,3,10,2012,4,14,58,0,5,4,CR-T,,0,43.84170556,-89.12858056,0,8,0,0,1,1,0,1,1,1,0,1,0,0000000,14,59,15,4,88,88,0,0,0,1,0
55,550439,1,1,0,1,1,1,1,25,2780,3,10,2012,4,17,1,0,14,6,ABERG AVE,HUXLEY ST,0,43.11411944,-89.35902222,0,9,0,0,2,2,0,1,1,1,0,1,0,0000000,17,1,17,8,99,99,0,0,0,1,0
55,550440,1,1,0,1,1,1,1,25,0,8,10,2012,2,11,37,0,2,4,CR-M,,0,43.12976944,-89.44210278,0,9,0,0,1,1,0,2,1,10,0,10,0,0000000,11,38,11,50,88,88,0,0,0,1,0
55,550441,2,2,0,0,0,3,3,53,0,10,10,2012,4,10,8,0,3,2,US-12,,0,44.32582222,-90.83263333,0,12,2,0,8,1,0,1,1,1,0,1,0,0000000,10,13,10,16,10,42,0,0,0,1,0
55,550442,1,1,0,0,0,2,2,51,0,6,10,2012,7,13,9,0,3,3,SR-47,,0,46.08707222,-89.98595,0,42,0,0,1,1,0,4,1,10,0,10,0,0000000,13,9,13,20,99,99,0,0,0,1,0
55,550443,1,1,0,0,0,1,1,31,0,6,10,2012,7,17,23,0,3,3,SR-27,,0,46.52650556,-91.58130278,0,34,0,0,1,1,0,4,1,1,0,1,0,0000000,17,23,99,99,88,88,0,0,0,1,1
55,550444,1,1,0,0,0,1,1,81,0,11,10,2012,5,5,0,1,1,1,I-90,,294,43.94383056,-90.74131389,0,34,0,0,1,1,0,3,3,10,0,10,0,0000000,5,17,5,27,88,88,0,0,0,1,1
55,550446,1,1,0,0,0,1,1,75,0,12,10,2012,6,1,9,0,6,5,PARKWAY RD,,0,45.31257222,-88.19841944,0,42,0,0,1,1,0,4,2,1,0,1,0,0000000,1,10,1,23,88,88,0,0,0,1,1
55,550447,1,1,0,1,1,1,1,131,2070,14,10,2012,1,18,55,0,14,4,CR-K,,0,43.31179444,-88.3544,0,8,0,0,1,1,0,1,2,2,0,2,0,0000000,18,55,19,3,19,10,0,0,0,1,0
55,550448,1,1,0,0,0,3,3,25,2780,13,10,2012,7,5,27,0,14,6,ODANA RD,,0,43.052,-89.48270833,0,42,0,0,1,1,0,4,3,2,0,2,0,0000000,99,99,99,99,99,99,0,0,0,1,1
55,550449,1,1,0,0,0,1,1,77,0,13,10,2012,7,23,35,0,2,3,SR-82,,0,43.78875833,-89.49723056,0,35,0,0,1,1,0,4,2,2,0,2,0,0000000,23,37,23,49,88,88,0,0,0,1,1
55,550450,2,2,0,0,0,2,2,73,0,9,10,2012,3,6,52,0,4,4,CR-N,,0,44.90173333,-89.71588611,0,11,0,0,1,1,0,1,1,2,0,2,0,0000000,6,55,7,3,7,18,14,0,0,1,0
55,550451,1,1,0,0,0,1,1,39,5090,2,10,2012,3,19,26,0,16,6,GATEWAY DR,,0,43.64080278,-88.71698333,0,11,0,0,1,1,0,1,3,10,0,10,0,0000000,19,28,19,33,99,99,0,0,0,1,0
55,550452,2,2,0,0,0,2,2,73,4230,3,10,2012,4,19,10,0,13,2,US-51 BUS,IMPERIAL AVE,0,44.86621111,-89.63987222,0,12,6,0,2,2,0,1,2,1,0,1,0,0000000,19,10,19,18,99,99,0,0,0,1,0
55,550453,2,2,0,0,0,2,2,27,0,16,10,2012,3,10,53,0,3,3,SR-16,,0,43.32858056,-88.77651944,0,12,2,0,1,1,0,1,1,1,0,1,0,0000000,99,99,99,99,99,99,0,0,0,1,0
55,550454,1,1,0,0,0,1,1,7,0,16,10,2012,3,21,15,1,2,2,US-2,,0,46.58581111,-90.92928333,0,59,0,0,1,1,0,3,2,1,0,1,0,0000000,21,18,21,24,21,48,0,0,0,1,0
55,550455,1,1,0,1,1,1,1,79,2015,15,10,2012,2,15,2,1,13,3,SR-36,,0,42.95800278,-87.97039722,0,8,0,0,1,1,0,1,1,10,0,10,0,0000000,15,2,15,5,88,88,0,0,0,1,0
55,550456,1,1,0,1,1,1,1,119,0,18,10,2012,5,7,1,0,3,3,SR-64,,0,45.16393056,-90.78188333,0,8,0,0,1,1,0,1,2,2,0,2,0,0000000,7,5,7,17,7,55,23,19,0,1,0
55,550457,1,1,0,0,0,1,1,75,0,21,10,2012,1,3,5,0,6,5,CEMETERY RD,,0,45.62620556,-87.96717222,0,42,0,0,1,1,0,5,2,1,0,1,0,0000000,3,10,3,25,88,88,0,0,0,1,1
55,550458,2,2,0,0,0,2,2,133,2080,21,10,2012,1,15,46,0,12,3,SR-16,,0,43.10985,-88.34683056,0,12,2,0,1,1,0,1,1,1,0,1,0,0000000,15,48,15,58,16,17,0,0,0,1,0
55,550459,2,2,0,0,0,3,3,21,0,23,10,2012,3,10,57,0,5,4,CR-EE,MILITARY RD,0,43.61398056,-89.26344722,0,12,6,0,2,2,0,1,1,2,0,2,0,0000000,10,57,11,12,99,99,0,0,0,2,0
55,550460,2,2,0,0,0,3,3,95,0,23,10,2012,3,14,17,0,3,3,SR-35,,0,45.56270278,-92.48891944,0,12,2,0,1,1,0,1,1,2,0,2,0,0000000,14,19,14,27,15,2,0,0,0,1,0
55,550461,1,1,0,0,0,1,1,123,0,18,10,2012,5,21,20,0,6,5,SAINT JOHNS AVE,,0,43.62706944,-90.419525,0,35,0,0,1,1,0,4,2,3,0,3,0,0000000,22,6,22,20,88,88,0,0,0,1,1
55,550462,2,2,0,0,0,3,3,133,0,24,10,2012,4,14,55,0,13,3,SR-83,BOYS SCHOOL RD,0,43.01661111,-88.38369722,0,12,6,0,2,3,0,1,1,10,0,10,0,0000000,14,56,15,1,99,99,0,0,0,1,0
55,550463,1,1,0,0,0,3,3,127,0,24,10,2012,4,18,15,0,3,3,SR-89,,0,42.7767,-88.74930833,0,30,0,0,1,1,0,4,5,1,0,1,0,0000000,18,17,18,28,19,10,0,0,0,1,0
55,550464,1,1,0,0,0,1,1,67,0,24,10,2012,4,12,51,0,5,4,CR-G,,0,45.10181944,-89.154675,0,42,0,0,1,1,0,5,1,10,0,10,0,0000000,12,51,99,99,88,88,0,0,0,1,0
55,550465,1,1,0,0,0,2,2,117,0,30,10,2012,3,17,10,0,6,5,HIGHVIEW RD,,0,43.68395556,-88.04065833,0,42,0,0,1,1,0,4,1,1,0,1,0,0000000,17,16,17,24,88,88,0,0,0,1,0
55,550466,1,1,0,0,0,1,1,49,0,31,10,2012,4,6,36,0,4,4,CR-C,,0,43.15174444,-90.03068333,0,11,0,0,1,1,0,1,2,1,0,1,0,0000000,6,40,6,47,88,88,0,0,0,1,0
55,550467,1,1,0,0,0,1,1,31,3540,13,10,2012,7,18,43,0,15,4,CR-W,,0,46.64900556,-92.19786944,0,11,0,0,1,1,0,1,2,1,0,1,0,0000000,18,43,99,99,99,99,0,0,0,1,1
55,550468,1,1,0,0,0,1,1,101,0,19,10,2012,6,10,32,0,4,4,CR-L,,0,42.83417778,-88.28313333,0,32,0,0,1,1,0,4,1,1,0,1,0,0000000,10,32,99,99,99,98,0,0,0,1,0
55,550469,2,1,1,0,0,1,1,79,5160,20,10,2012,7,20,12,0,14,6,BELOIT RD W,,0,42.997425,-88.007,0,45,0,0,1,1,3,1,3,10,0,10,0,0000000,20,15,20,17,88,88,0,0,0,1,1
55,550470,1,1,0,0,0,2,2,27,5050,20,10,2012,7,1,49,0,16,6,HILL ST,,0,43.20205556,-88.70907222,0,30,0,0,1,1,0,4,3,10,0,10,0,0000000,1,55,2,1,2,25,0,0,0,1,1
55,550471,1,1,0,1,1,1,1,79,3100,23,10,2012,3,18,50,0,15,6,HOPKINS ST W,,0,43.08839167,-87.95198056,0,8,0,0,1,1,0,4,3,5,0,5,0,0000000,18,54,18,57,99,99,0,0,0,1,0
55,550472,2,2,0,0,0,4,4,21,3830,19,10,2012,6,14,23,0,13,2,US-51,,0,43.54346944,-89.46259167,0,12,7,0,1,1,0,1,1,10,0,10,0,0000000,14,23,14,29,14,50,0,0,0,1,0
55,550473,2,2,0,0,0,2,2,95,0,20,10,2012,7,8,51,0,6,5,85TH ST,20TH AVE,0,45.23733056,-92.33676389,0,12,6,0,2,2,0,1,1,5,0,5,0,0000000,8,56,99,99,99,99,0,0,0,1,0
55,550474,2,2,0,0,0,3,3,27,0,24,10,2012,4,14,18,0,5,4,CR-AY,CR-TW,0,43.53655556,-88.48005833,0,12,6,0,2,2,0,1,1,1,0,1,0,0000000,14,20,14,31,15,19,0,0,0,1,0
55,550475,2,2,0,0,0,4,4,55,0,25,10,2012,5,9,29,0,2,3,SR-16 RAMP,WISCONSIN AVE,0,43.13488333,-88.55382778,0,33,0,0,5,1,0,4,1,10,0,10,0,0000000,9,31,10,1,99,99,0,0,0,1,0
55,550476,3,3,0,0,0,3,3,133,0,30,10,2012,3,5,56,0,13,3,SR-59,,0,42.9593,-88.34020278,0,12,1,0,4,1,0,1,2,10,0,10,0,0000000,5,56,6,14,99,99,0,0,0,1,0
55,550477,1,1,0,0,0,3,3,25,0,26,10,2012,6,2,3,0,13,2,US-51,,0,42.95984444,-89.28165833,0,42,0,0,1,1,0,4,2,1,0,1,0,0000000,2,31,2,42,88,88,0,0,0,3,1
55,550478,1,1,0,1,1,1,1,131,5170,30,10,2012,3,18,30,0,13,6,MAIN ST,,0,43.41366667,-88.18106111,0,8,0,0,1,1,0,1,3,1,0,1,0,0000000,18,32,18,36,19,6,0,0,0,1,0
55,550479,2,2,0,0,0,2,2,35,1470,26,10,2012,6,11,42,1,13,3,SR-37,I-94 RAMP,0,44.78015278,-91.53174444,0,12,6,1,5,1,0,1,1,10,0,10,0,0000000,99,99,99,99,99,99,0,0,0,1,0
55,550480,5,4,1,0,0,4,4,79,5160,21,10,2012,1,19,24,0,13,3,SR-59,89TH ST S,0,43.0165,-88.02332222,0,1,0,0,1,1,0,1,3,1,0,1,0,0000000,99,99,99,99,99,99,0,0,0,1,2
55,550481,3,3,0,0,0,8,8,39,0,28,10,2012,1,13,25,1,2,3,SR-26,,0,43.69219167,-88.67440833,0,12,6,0,1,1,0,1,1,1,0,1,0,0000000,99,99,99,99,99,99,0,0,0,1,0
55,550482,1,1,0,0,0,1,1,73,0,4,11,2012,1,2,40,0,6,5,SUGAR BUSH RD,,0,44.78601111,-89.81021389,0,42,0,0,1,1,0,4,2,1,0,1,0,0000000,4,46,6,10,88,88,18,0,0,1,1
55,550483,1,1,0,0,0,1,1,127,0,5,11,2012,2,19,16,1,2,3,SR-50,,0,42.62784722,-88.59108333,0,42,0,0,1,1,0,4,2,10,0,10,0,0000000,99,99,99,99,88,88,0,0,0,1,1
55,550484,1,1,0,0,0,2,2,35,0,4,11,2012,1,2,4,1,2,3,SR-93,,0,44.61864444,-91.449675,0,1,0,0,1,1,0,4,2,1,0,1,0,0000000,2,4,2,19,99,99,0,0,0,1,1
55,550485,2,2,0,0,0,5,5,35,0,6,11,2012,3,7,10,1,2,3,SR-93,,0,44.66449444,-91.44810833,0,12,6,0,1,1,0,1,1,4,0,4,0,0000000,7,14,7,29,8,29,0,0,0,1,0
55,550486,2,2,0,0,0,3,3,103,0,9,11,2012,6,16,12,0,3,3,SR-80,,0,43.378,-90.38885278,0,12,2,0,1,1,0,1,1,10,0,10,0,0000000,16,12,16,23,16,46,0,0,0,2,0
55,550487,1,1,0,0,0,2,2,57,0,10,11,2012,7,10,13,0,6,5,15TH AVE,,0,43.82996667,-90.05538333,0,34,0,0,1,1,0,4,1,1,0,1,0,0000000,10,17,10,25,10,50,0,0,0,1,0
55,550488,1,1,0,0,0,1,1,133,470,12,11,2012,2,0,19,0,16,6,ATESIAN AVE,,0,42.89356667,-88.19820556,0,42,0,0,1,1,0,4,2,10,0,10,0,0000000,0,20,0,25,88,88,0,0,0,1,1
55,550489,2,1,1,0,2,2,4,133,708,1,11,2012,5,2,44,1,11,1,I-94,,3022,43.02555,-88.08978056,0,14,0,0,1,1,0,3,3,1,0,1,0,0000000,2,45,99,99,99,99,0,0,0,1,1
55,550490,2,2,0,0,0,2,2,25,0,13,11,2012,3,7,52,0,13,2,US-51,HALVORSON RD,0,42.94884444,-89.26964167,0,12,6,0,2,2,0,1,1,1,0,1,0,0000000,7,55,8,13,99,99,0,0,0,1,0
55,550491,1,1,0,1,1,1,1,79,3100,4,11,2012,1,2,9,1,13,3,SR-145,,0,43.1017,-87.99108611,0,8,0,0,1,1,0,1,3,1,0,1,0,0000000,99,99,99,99,88,88,0,0,0,1,0
55,550492,1,1,0,0,0,1,1,35,1470,4,11,2012,1,22,56,1,12,2,US-53,,0,44.77939444,-91.43828333,0,1,0,1,5,1,0,8,2,10,0,10,0,0000000,99,99,99,99,99,99,0,0,0,1,1
55,550493,2,2,0,0,0,2,2,39,0,14,11,2012,4,15,16,0,6,5,SHELDON RD,BRANDON RD,0,43.75685556,-88.80539167,0,12,6,0,2,2,0,1,1,1,0,1,0,0000000,15,17,15,30,99,99,0,0,0,1,0
55,550494,2,2,0,0,0,2,2,73,0,6,11,2012,3,17,17,0,3,3,SR-52,,0,45.03211944,-89.46851111,0,12,6,0,1,1,0,1,2,4,0,4,0,0000000,17,21,17,42,18,12,0,0,0,1,0
55,550495,2,2,0,0,0,2,2,73,0,15,11,2012,5,10,32,1,2,3,SR-29,,0,44.92907222,-90.27006111,0,12,6,0,7,1,0,1,1,1,0,1,0,0000000,10,36,10,46,88,88,0,0,0,1,0
55,550496,1,1,0,0,0,3,3,39,1730,16,11,2012,6,2,54,0,14,2,US-45,,0,43.75364722,-88.41348056,0,42,0,0,1,1,0,4,2,10,0,10,0,0000000,2,56,3,1,99,99,0,0,0,1,0
55,550497,1,1,0,0,0,1,1,57,0,16,11,2012,6,9,35,1,1,1,I-90,,581,43.90650278,-90.21540556,0,1,0,0,1,1,0,3,1,1,0,1,0,0000000,9,38,9,52,10,18,0,0,0,1,0
55,550498,1,1,0,1,1,1,1,131,5170,6,11,2012,3,17,12,0,14,6,INDIANA AVE S,KILBOURN ST,0,43.41798611,-88.17606944,0,9,0,0,2,2,0,1,3,2,0,2,0,0000000,17,15,99,99,99,99,0,0,0,1,0
55,550499,1,1,0,0,0,5,5,43,0,21,11,2012,4,16,40,0,6,5,LIBERTY RIDGE RD,,0,42.90872778,-90.62596111,0,38,0,0,1,1,0,5,1,1,0,1,0,0000000,16,42,16,59,99,99,0,0,0,1,0
55,550500,2,2,0,0,0,3,3,9,9997,16,11,2012,6,12,59,1,2,3,SR-29,,0,44.59124444,-88.20544444,0,12,2,0,1,1,0,1,1,1,0,1,0,0000000,12,59,13,11,13,48,0,0,0,1,0
55,550501,1,1,0,0,0,1,1,79,3100,23,11,2012,6,3,50,0,13,6,SILVER SPRING DR W,,0,43.11944167,-87.98293056,0,30,0,0,1,1,0,4,3,10,0,10,0,0000000,99,99,99,99,88,88,0,0,0,1,1
55,550502,2,2,0,0,0,5,5,73,0,16,11,2012,6,16,10,0,4,3,SR-153,,0,44.77098611,-89.41228611,0,12,2,0,1,1,0,1,1,10,0,10,0,0000000,99,99,99,99,99,99,0,0,0,2,0
55,550503,1,1,0,0,0,2,2,79,3100,24,11,2012,7,0,47,0,13,6,SILVER SPRING DR W,,0,43.11930278,-87.97910556,0,30,0,0,1,1,0,4,3,10,0,10,0,0000000,99,99,99,99,88,88,0,0,0,2,1
55,550504,1,1,0,0,0,1,1,5,0,25,11,2012,1,21,21,0,5,4,CR-F,,0,45.252625,-91.97944444,0,34,0,0,1,1,0,4,2,10,0,10,0,0000000,21,24,21,32,88,88,0,0,0,1,0
55,550505,1,1,0,0,0,1,1,85,0,18,11,2012,1,5,16,0,4,5,HIGHWAY X,,0,45.824175,-89.12828889,0,42,0,0,1,1,0,4,2,1,0,1,0,0000000,5,16,5,27,88,88,0,0,0,1,1
55,550506,2,2,0,0,0,2,2,59,3795,18,11,2012,1,9,7,0,13,4,CR-EZ,125TH PL,0,42.49623889,-87.852875,0,12,1,0,3,3,0,1,1,1,0,1,0,0000000,9,9,9,12,88,88,0,0,0,1,0
55,550507,1,1,0,0,0,1,1,21,0,21,11,2012,4,14,30,0,5,4,CR-J,,0,43.32878889,-89.57599167,0,34,0,0,1,1,0,4,1,1,0,1,0,0000000,14,38,14,50,88,88,0,0,0,1,1
55,550508,1,1,0,0,0,4,4,25,1724,26,11,2012,2,17,15,0,13,4,CR-D,BRENDAN AVE,0,43.01365556,-89.42703611,0,6,0,0,3,3,0,1,1,10,0,10,0,0000000,17,17,17,23,17,57,0,0,0,1,0
55,550509,2,2,0,0,0,2,2,79,9997,9,9,2012,1,7,29,0,14,6,15TH AVE,PARK AVE,0,42.92666389,-87.87078056,0,12,6,0,2,2,0,1,1,1,0,1,0,0000000,7,37,7,44,88,88,0,0,0,1,1
55,550510,1,1,0,1,1,1,1,79,3100,28,11,2012,4,16,52,0,13,6,OKLAHOMA AVE E,LOGAN AVE S,0,42.98826667,-87.89674167,0,8,0,0,2,2,0,1,3,1,0,1,0,0000000,99,99,99,99,99,99,0,0,0,1,0
55,550511,1,1,0,0,0,1,1,35,1470,30,11,2012,6,0,19,1,12,2,US-53 OFF RAMP,,0,44.84534167,-91.47372222,0,31,0,1,5,1,0,8,3,10,0,10,0,0000000,0,21,0,27,88,88,0,0,0,1,1
55,550512,1,1,0,0,0,1,1,59,0,30,11,2012,6,10,48,0,15,4,CR-AH,,0,42.53890833,-88.14333611,0,32,0,0,1,1,0,4,1,10,0,10,0,0000000,10,49,10,55,11,26,0,0,0,1,0
55,550513,1,1,0,0,0,1,1,93,0,28,11,2012,4,8,0,0,6,5,250TH AVE,,0,44.62673333,-92.25306389,0,42,0,0,1,1,0,4,1,1,0,1,0,0000000,8,5,99,99,99,99,0,0,0,1,1
55,550514,1,1,0,0,0,1,1,109,2220,23,11,2012,6,15,20,1,13,3,SR-35,HANLEY RD OVERPASS,0,44.94864167,-92.69539167,0,24,0,1,19,1,0,3,1,10,0,10,0,0000000,15,20,15,27,16,6,0,0,0,1,0
55,550515,1,1,0,0,0,1,1,67,0,26,11,2012,2,15,0,0,3,3,SR-64,,0,45.16796111,-88.80660556,0,42,0,0,1,1,0,4,1,10,0,10,0,0000000,15,0,99,99,88,88,0,0,0,1,0
55,550516,1,1,0,0,0,1,1,39,0,1,12,2012,7,99,99,0,6,5,ROSE ELD RD W,,0,43.8223,-88.69511111,0,35,0,0,1,1,0,4,9,99,0,99,0,0000000,8,40,8,58,88,88,18,0,0,1,1
55,550517,1,1,0,0,0,1,1,135,0,2,12,2012,1,1,19,0,6,5,CR-EE,,0,44.30875,-89.07328889,0,53,0,0,1,1,0,4,2,10,0,10,0,0000000,1,25,1,32,88,88,0,0,0,1,1
55,550518,1,1,0,0,0,2,2,87,170,2,12,2012,1,1,34,0,16,6,SOLDIERS SQ E,ONEIDA ST S,0,44.26128611,-88.406025,0,33,0,0,2,2,0,4,3,10,0,10,0,0000000,1,34,1,37,1,56,0,0,0,1,1
55,550519,1,1,0,0,0,1,1,103,0,2,12,2012,1,1,45,0,5,4,CR-D,,0,43.45725278,-90.38661667,0,59,0,0,1,1,0,4,2,10,0,10,0,0000000,2,22,2,36,88,88,0,0,0,1,1
55,550520,1,1,0,0,0,4,4,105,2320,2,12,2012,1,1,55,1,11,1,I-39 RAMP,,1725,42.71388333,-88.98443889,0,34,0,1,5,1,0,4,2,2,0,2,0,0000000,1,58,2,7,2,35,0,0,0,1,0
55,550521,1,1,0,0,0,1,1,111,0,9,12,2012,1,99,99,0,4,4,CR-U,,0,43.53637222,-89.63342222,0,53,0,0,1,1,0,4,2,10,0,10,0,0000000,2,55,99,99,88,88,18,0,0,1,1
55,550522,1,1,0,0,0,1,1,81,4830,6,12,2012,5,16,5,0,13,2,US-12,,0,44.01461389,-90.50522222,0,59,0,0,1,1,0,3,1,1,0,1,0,0000000,16,14,16,21,16,34,0,0,0,1,0
55,550523,2,2,0,0,0,3,3,93,0,1,12,2012,7,18,20,0,3,2,US-10,CR-E,0,44.74183611,-92.63947778,0,12,6,0,2,2,0,1,2,10,0,10,0,0000000,18,21,18,29,99,99,0,0,0,1,0
55,550524,1,1,0,1,1,1,1,117,0,4,12,2012,3,16,5,0,5,4,CR-HH,,0,43.56736389,-88.12045278,0,8,0,0,1,1,0,1,1,1,0,1,0,0000000,16,7,16,23,99,99,0,0,0,1,0
55,550525,1,1,0,0,0,1,1,1,0,12,12,2012,4,0,44,0,4,4,CR-Z,,0,43.79780556,-89.87475,0,42,0,0,1,1,0,4,2,1,0,1,0,0000000,0,47,99,99,88,88,0,0,0,1,1
55,550526,1,1,0,0,0,1,1,99,0,27,12,2012,5,11,18,0,6,5,PENINSULA RD,,0,46.01254167,-90.13010833,0,43,0,0,1,1,0,4,1,1,0,1,0,0000000,99,99,99,99,99,99,0,0,0,1,0
55,550527,1,1,0,0,0,1,1,1,0,30,12,2012,1,1,0,0,6,5,CRESTWOOD AVE,,0,43.83075833,-89.70508611,0,42,0,0,1,1,0,4,2,1,0,1,0,0000000,99,99,99,99,88,88,18,0,0,1,1
55,550528,1,1,0,0,0,1,1,125,0,31,12,2012,2,19,15,0,6,5,DEAD MANS GULCH RD,,0,45.95708889,-89.52415278,0,1,0,0,1,1,0,4,2,1,0,1,0,0000000,99,99,99,99,99,99,0,0,0,1,1
55,550529,2,2,0,0,0,2,2,101,3970,6,12,2012,5,14,33,0,14,6,MEMORIAL DR S,DEKOVEN AVE,0,42.70755,-87.79918889,0,12,6,0,2,2,0,1,1,1,0,1,0,0000000,14,33,14,39,14,52,0,0,0,1,0
55,550530,2,2,0,0,0,3,3,59,0,7,12,2012,6,15,11,0,3,3,SR-142,,0,42.63655556,-88.09175,0,12,6,0,1,1,0,1,1,10,0,10,0,0000000,15,13,15,41,99,99,0,0,0,1,0
55,550531,2,2,0,1,1,2,2,79,3100,9,12,2012,1,9,52,0,16,6,24TH ST S,VIEAU PL W,0,43.01995556,-87.94368333,0,12,7,0,3,3,0,1,1,2,0,2,0,0000000,99,99,99,99,88,88,0,0,0,1,0
55,550532,1,1,0,0,0,1,1,79,9997,13,12,2012,5,1,52,0,16,6,EDGEWOOD AVE,,0,42.89367222,-87.85763333,0,42,0,0,1,1,0,5,3,1,0,1,0,0000000,88,88,88,88,88,88,0,0,0,1,1
55,550533,1,1,0,0,0,2,2,133,0,14,12,2012,6,2,8,0,14,4,CR-KF,,0,43.10818333,-88.27245556,0,34,0,0,1,1,0,4,2,10,0,10,0,0000000,2,8,2,15,88,88,0,0,0,2,1
55,550534,2,2,0,0,0,3,3,139,0,15,12,2012,7,17,9,0,14,4,CR-I,,0,43.95326944,-88.54355556,0,12,2,0,1,1,0,1,2,2,0,2,0,0000000,17,11,17,19,99,99,0,0,0,1,1
55,550535,1,1,0,0,0,1,1,23,0,14,12,2012,6,10,34,0,2,3,SR-35,,0,43.08543889,-91.13749167,0,34,0,0,1,1,0,4,1,1,0,1,0,0000000,10,34,10,39,99,99,0,0,0,1,0
55,550536,1,1,0,0,0,1,1,79,3100,18,12,2012,3,21,48,0,16,6,RESERVOIR AVE E,HUBBARD ST N,0,43.05509722,-87.90838611,0,33,0,0,2,6,0,4,3,3,0,3,0,0000000,99,99,99,99,88,88,0,0,0,1,1
55,550537,1,1,0,0,0,1,1,59,0,20,12,2012,5,21,10,0,6,5,CR-A,,0,42.65432778,-87.88336944,0,10,0,0,6,1,0,4,2,4,0,4,0,176884W,99,99,99,99,88,88,0,0,0,1,0
55,550538,2,2,0,0,0,3,3,127,0,10,12,2012,2,19,50,0,4,5,LINTON RD,,0,42.53084722,-88.52288056,0,12,2,0,1,1,0,1,2,1,0,1,0,0000000,19,57,20,17,99,99,0,0,0,1,0
55,550539,1,1,0,1,1,1,1,63,2490,10,12,2012,2,6,54,0,14,3,SR-35,STATE ST,0,43.81264444,-91.23898889,0,8,0,0,3,2,0,1,3,4,0,4,0,0000000,99,99,99,99,99,99,0,0,0,1,0
55,550540,1,1,0,1,1,1,1,27,0,17,12,2012,2,20,16,0,4,4,CR-E,,0,43.360175,-88.59592778,0,8,0,0,1,1,0,1,2,10,0,10,0,0000000,20,19,99,99,99,99,0,0,0,1,0
55,550541,1,1,0,0,0,2,2,79,3100,25,12,2012,3,23,43,0,14,6,35TH ST S,FOREST HOME AVE W,0,42.994875,-87.95846389,0,30,0,0,2,2,0,3,3,4,0,4,0,0000000,99,99,99,99,99,99,0,0,0,1,1
55,550542,2,2,0,0,0,2,2,63,3560,11,12,2012,3,12,46,0,14,6,THEATRE RD,CR-PH,0,43.87248889,-91.19533333,0,12,6,0,2,2,0,1,1,10,0,10,0,0000000,12,51,12,54,13,36,0,0,0,1,0
55,550543,2,2,0,0,0,2,2,43,3790,11,12,2012,3,15,33,1,2,2,US-151,CR-O,0,42.70192222,-90.52774722,0,12,6,1,2,2,0,1,1,1,0,1,0,0000000,15,38,15,43,16,14,0,0,0,1,0
55,550544,1,1,0,0,0,2,2,59,0,29,12,2012,7,6,51,1,1,1,I-94,,3472,42.522025,-87.95161944,0,38,0,0,1,1,0,5,1,4,0,4,0,0000000,6,53,7,0,7,5,0,0,0,1,0
55,550545,1,1,0,1,1,1,1,79,2010,17,12,2012,2,17,48,0,14,6,GRANGE AVE W,68TH ST S,0,42.94501111,-87.99851389,0,8,0,0,2,3,0,1,3,10,0,10,0,0000000,19,48,19,51,88,88,0,0,0,1,0