STATE,ST_CASE,VE_TOTAL,VE_FORMS,PVH_INVL,PEDS,PERNOTMVIT,PERMVIT,PERSONS,COUNTY,CITY,DAY,MONTH,YEAR,DAY_WEEK,HOUR,MINUTE,NHS,ROAD_FNC,ROUTE,TWAY_ID,TWAY_ID2,MILEPT,LATITUDE,LONGITUD,SP_JUR,HARM_EV,MAN_COLL,RELJCT1,RELJCT2,TYP_INT,WRK_ZONE,REL_ROAD,LGT_COND,WEATHER1,WEATHER2,WEATHER,SCH_BUS,RAIL,NOT_HOUR,NOT_MIN,ARR_HOUR,ARR_MIN,HOSP_HR,HOSP_MN,CF1,CF2,CF3,FATALS,DRUNK_DR
55,550546,1,1,0,0,0,1,1,97,0,18,12,2012,3,17,48,0,4,4,CR-F,SR-73,0,44.24628889,-89.646575,0,59,0,0,3,3,0,4,2,10,0,10,0,0000000,99,98,99,98,88,88,0,0,0,1,1
55,550547,2,2,0,0,0,3,3,105,0,19,12,2012,4,21,28,1,2,3,SR-11,,0,42.67205278,-89.19135278,0,12,6,0,1,1,0,1,2,4,0,4,0,0000000,21,31,21,39,22,10,0,0,0,2,0
55,550548,3,3,0,0,0,7,7,131,2410,24,12,2012,2,21,50,0,3,2,US-45,,0,43.51645,-88.22551667,0,12,2,0,1,1,0,1,3,10,0,10,0,0000000,22,14,22,33,99,99,0,0,0,1,1
55,550549,3,3,0,2,2,1,1,81,0,28,9,2012,6,8,5,0,3,3,SR-173,,0,44.13543889,-90.31676944,0,12,1,0,1,1,0,1,1,5,0,5,0,0000000,8,5,8,20,8,56,14,19,23,1,0
55,550550,2,1,1,0,0,4,4,79,3100,25,12,2012,3,15,17,0,14,6,27TH ST N,,0,43.0765,-87.94721389,0,14,0,0,1,1,0,7,1,1,0,1,0,0000000,99,99,99,99,99,99,0,0,0,1,0
55,550551,2,2,0,0,0,6,6,127,1310,14,9,2012,6,18,14,1,13,3,SR-50,,0,42.62776944,-88.59998889,0,12,6,0,1,1,0,1,1,1,0,1,0,0000000,18,14,18,16,18,41,0,0,0,1,0
56,560001,2,2,0,0,0,2,2,25,0,2,1,2012,2,6,45,0,4,2,US-20,,1820,42.84607778,-106.2034389,0,12,2,0,1,1,0,1,2,1,0,1,0,0000000,6,48,6,55,7,12,0,0,0,1,1
56,560002,1,1,0,0,0,1,1,5,0,9,1,2012,2,7,59,1,2,3,SR-59,,780,43.80351389,-105.4704139,0,24,0,0,1,1,0,4,1,1,0,1,0,0000000,88,88,88,88,88,88,0,0,0,1,0
56,560003,1,1,0,0,0,4,4,13,0,2,1,2012,2,11,50,0,6,8,GIVENS 17 MILE CUTOFF RD,,0,42.98364167,-108.61205,3,35,0,0,1,1,0,4,1,1,0,1,0,0000000,99,99,99,99,99,99,0,0,0,1,1
56,560004,1,1,0,0,0,1,1,9,0,12,1,2012,5,12,0,0,5,3,SR-94,,80,42.64494167,-105.3884778,0,1,0,0,1,1,0,4,1,1,0,1,0,0000000,12,10,12,26,88,88,0,0,0,1,0
56,560005,1,1,0,0,0,1,1,3,0,15,1,2012,1,11,23,1,2,2,US-16,,1895,44.28376389,-108.040425,0,1,0,0,1,1,0,4,1,1,0,1,0,0000000,11,24,11,33,88,88,0,0,0,1,1
56,560006,2,2,0,0,0,6,6,21,0,22,1,2012,1,7,45,1,1,1,I-80,,3769,41.15815,-104.5244972,0,12,7,0,1,1,0,1,4,4,11,4,0,0000000,7,49,8,4,10,12,0,0,0,1,0
56,560007,1,1,0,0,0,1,1,13,460,28,1,2012,7,18,44,1,13,3,SR-789,,813,42.83533889,-108.7202944,0,33,0,0,1,1,0,4,2,1,0,1,0,0000000,18,44,18,51,99,99,0,0,0,1,1
56,560008,1,1,0,0,0,1,1,13,0,10,2,2012,6,8,40,1,2,2,US-26,,1240,43.22058056,-108.1721444,0,31,0,0,1,1,0,4,1,10,0,10,0,0000000,8,45,99,99,88,88,0,0,0,1,1
56,560009,1,1,0,1,1,1,1,19,0,9,2,2012,5,23,56,1,1,1,I-25,,2531,43.70218611,-106.6466944,0,8,0,0,1,1,0,1,2,1,0,1,0,0000000,88,88,88,88,88,88,0,0,0,1,0
56,560010,3,3,0,0,0,3,3,21,100,21,2,2012,3,14,28,0,13,6,CONVERSE AVE,AIRPORT PKWY,0,41.14940556,-104.7891694,0,12,6,0,2,4,0,1,1,10,0,10,0,0000000,14,29,14,34,14,46,0,0,0,1,0
56,560011,1,1,0,0,0,2,2,27,0,20,2,2012,2,20,10,1,2,2,US-20,,598,42.66402222,-104.1207278,0,1,0,0,1,1,0,4,2,1,0,1,0,0000000,20,14,20,20,21,15,0,0,0,1,1
56,560012,3,3,0,0,0,3,3,1,0,3,3,2012,7,9,10,0,3,2,US-30,,2847,41.81432778,-105.9922417,0,12,8,0,1,1,0,1,1,6,0,6,0,0000000,9,17,9,57,11,18,0,0,0,1,0
56,560013,1,1,0,0,0,1,1,3,0,4,3,2012,1,20,55,0,3,2,US-14A,,428,44.83293333,-108.4483944,0,1,0,0,1,1,0,4,2,1,0,1,0,0000000,88,88,88,88,88,88,0,0,0,1,1
56,560014,2,2,0,0,0,10,10,37,0,9,3,2012,6,3,25,1,1,1,I-80,,1776,41.70124722,-107.908575,0,12,1,0,1,1,0,1,2,1,0,1,0,0000000,3,32,3,43,5,2,0,0,0,1,1
56,560015,1,1,0,0,0,4,4,33,0,10,3,2012,7,21,48,0,5,4,CR-89,,97,44.76473056,-107.1656556,0,1,0,0,1,1,0,4,2,1,0,1,0,0000000,21,49,22,25,99,99,0,0,0,1,1
56,560016,1,1,0,0,0,2,2,15,0,17,3,2012,7,13,0,1,2,2,US-85,,1124,42.26116111,-104.2936694,0,1,0,0,1,1,0,1,1,1,0,1,0,0000000,13,11,13,22,13,41,0,0,0,1,0
56,560017,2,2,0,0,0,3,3,11,0,14,3,2012,4,17,50,1,2,2,US-212,,114,44.90902222,-104.2375722,0,12,8,0,1,1,0,1,1,1,0,1,0,0000000,18,1,18,25,99,99,0,0,0,1,0
56,560018,1,1,0,0,0,1,1,33,0,18,3,2012,1,23,0,0,4,2,US-87,,317,44.69126111,-106.9303472,0,34,0,0,1,1,0,4,2,99,0,99,0,0000000,88,88,88,88,88,88,0,0,0,1,1
56,560019,2,2,0,0,0,5,5,23,0,23,3,2012,6,14,42,1,2,2,US-30,,595,41.76341667,-110.4478389,0,31,0,0,1,1,0,4,1,1,0,1,0,0000000,14,45,15,10,15,38,0,0,0,2,0
56,560020,1,1,0,1,1,1,1,25,90,29,3,2012,5,8,36,0,16,6,SECOND ST,BEVERLY ST,0,42.84873333,-106.2980667,0,8,0,0,3,2,0,1,1,1,0,1,0,0000000,8,40,8,46,8,53,0,0,0,1,0
56,560021,1,1,0,0,0,1,1,19,0,1,4,2012,1,16,5,1,2,2,US-16,,866,44.33045,-106.804325,0,24,0,0,1,1,0,4,1,1,0,1,0,0000000,88,88,88,88,88,88,0,0,0,1,0
56,560022,2,2,0,0,0,3,3,21,0,5,4,2012,5,0,54,1,1,1,I-80,,3540,41.11098611,-104.9553917,0,12,2,0,1,1,0,1,2,1,0,1,0,0000000,88,88,88,88,88,88,0,0,0,1,0
56,560023,1,1,0,0,0,1,1,27,0,8,4,2012,1,12,15,0,4,3,SR-270,,5270,42.65242778,-104.6215639,0,34,0,0,1,1,0,4,1,1,0,1,0,0000000,12,20,12,37,88,88,0,0,0,1,1
56,560024,1,1,0,1,1,1,1,25,90,11,4,2012,4,8,48,0,14,6,2ND ST,PENNSYLVANIA AVE,0,42.84876944,-106.2927722,0,8,0,0,3,2,0,1,1,1,0,1,0,0000000,8,50,8,53,99,99,0,0,0,1,0
56,560025,2,2,0,0,0,4,4,1,0,15,4,2012,1,14,45,1,2,2,US-287,,4230,41.02774167,-105.432225,0,12,2,0,1,1,0,1,1,4,0,4,0,0000000,14,54,15,17,15,43,19,0,0,1,0
56,560026,2,2,0,0,0,2,2,9,200,18,4,2012,4,14,53,1,13,3,SR-59,SERVICE RD 0150,26,42.78191111,-105.3746556,0,12,6,0,3,3,0,1,1,1,0,1,0,0000000,14,54,15,0,15,50,0,0,0,1,0
56,560027,1,1,0,0,0,2,2,7,0,19,4,2012,5,3,50,1,1,1,I-80,,2725,41.59743056,-106.2009361,0,23,0,0,1,1,0,3,2,1,0,1,0,0000000,3,59,4,26,5,18,0,0,0,1,0
56,560028,1,1,0,0,0,1,1,3,0,22,4,2012,1,19,40,0,4,3,SR-30,,1064,44.4012,-108.147275,0,31,0,0,1,1,0,4,1,1,0,1,0,0000000,19,40,19,50,20,2,0,0,0,1,1
56,560029,4,4,0,0,0,7,7,21,100,29,4,2012,1,10,37,1,11,1,I-80,,3648,41.12443056,-104.7512333,0,12,1,0,1,1,0,1,1,1,0,1,0,0000000,10,38,10,40,11,5,19,0,0,1,0
56,560030,2,2,0,0,0,2,2,21,100,1,5,2012,3,14,15,0,13,3,SR-219,,27,41.19991944,-104.8283083,0,12,1,0,8,1,0,1,1,1,0,1,0,0000000,14,19,14,23,14,49,0,0,0,1,0
56,560031,1,1,0,0,0,2,2,5,0,2,5,2012,4,15,46,0,6,4,CR-40,,30,44.32758889,-105.1048611,0,1,0,0,1,1,0,4,1,1,0,1,0,0000000,15,46,16,13,17,5,0,0,0,1,0
56,560032,1,1,0,0,0,1,1,7,0,13,5,2012,1,13,11,1,1,1,I-80,,2487,41.74001389,-106.5749694,0,1,0,0,1,1,0,3,1,1,0,1,0,0000000,13,12,13,30,99,99,0,0,0,1,0
56,560033,1,1,0,0,0,1,1,25,90,15,5,2012,3,0,22,0,16,6,WEST 15TH ST,,0,42.83546111,-106.3259444,0,42,0,0,1,1,0,4,2,1,0,1,0,0000000,88,88,88,88,88,88,0,0,0,1,0
56,560034,1,1,0,0,0,4,4,13,0,18,5,2012,6,4,2,1,2,2,US-20,,941,43.22138333,-107.996825,0,1,0,0,1,1,0,1,2,1,0,1,0,0000000,99,99,99,99,99,99,0,0,0,1,0
56,560035,1,1,0,0,0,1,1,7,0,18,5,2012,6,19,48,1,1,1,I-80,,2588,41.70129444,-106.3947361,0,52,0,0,1,1,0,4,5,1,0,1,0,0000000,19,49,20,7,88,88,0,0,0,1,1
56,560036,2,2,0,0,0,3,3,25,0,27,5,2012,1,2,55,1,2,2,US-20,,189,42.94350556,-106.6152944,0,12,2,0,1,1,0,1,2,1,0,1,0,0000000,3,2,3,20,99,99,0,0,0,2,0
56,560037,1,1,0,0,0,4,4,1,0,29,5,2012,3,0,30,1,1,1,I-80,,2987,41.35188889,-105.7216583,0,1,0,0,1,1,0,4,2,1,0,1,0,0000000,0,39,0,55,1,24,0,0,0,1,0
56,560038,1,1,0,0,0,4,4,19,0,31,5,2012,5,20,43,1,1,1,I-25,,2705,43.94435556,-106.6452528,0,1,0,0,1,1,0,3,2,1,0,1,0,0000000,99,99,99,99,99,99,0,0,0,2,0
56,560039,2,2,0,0,0,2,2,33,750,4,6,2012,2,9,2,1,11,1,I-90,,215,44.82555556,-106.9483333,0,1,0,0,1,1,0,3,1,1,0,1,0,0000000,88,88,88,88,88,88,0,0,0,1,0
56,560040,1,1,0,0,0,1,1,29,0,3,6,2012,1,22,45,0,5,4,CR-1AB,,25,44.89996111,-109.1608972,0,31,0,0,1,1,0,4,2,1,0,1,0,0000000,1,35,1,56,88,88,18,0,0,1,1
56,560041,1,1,0,0,0,1,1,25,90,6,6,2012,4,20,17,0,5,6,AMOCO RD,,0,42.87955833,-106.3157917,0,11,0,0,1,1,0,4,1,1,0,1,0,0000000,20,17,20,24,20,40,0,0,0,1,0
56,560042,1,1,0,0,0,3,3,5,0,6,6,2012,4,2,25,0,4,3,SR-51,,1410,44.27960278,-105.1761083,0,34,0,0,1,1,0,4,2,1,0,1,0,0000000,99,99,99,99,99,99,0,0,0,1,1
56,560043,2,2,0,0,0,5,5,25,90,8,6,2012,6,0,37,0,13,2,US-20/26/87,MCKINLEY ST,11,42.85133611,-106.312425,0,12,6,0,2,3,0,1,3,1,0,1,0,0000000,0,37,0,47,99,99,0,0,0,1,0
56,560044,2,2,0,0,0,4,4,39,0,14,6,2012,5,12,38,1,2,2,US-26/89/189/191,,1870,44.44119722,-110.8013778,1,12,6,0,4,1,0,1,1,1,0,1,0,0000000,12,47,13,5,99,99,0,0,0,1,0
56,560045,2,2,0,0,0,2,2,9,0,21,6,2012,5,22,15,1,2,3,SR-59,,90,42.84580833,-105.2868083,0,12,2,0,1,1,0,1,2,1,0,1,0,0000000,88,88,88,88,88,88,0,0,0,1,1
56,560046,1,1,0,0,0,2,2,19,0,23,6,2012,7,15,10,1,1,1,I-90,,440,44.45077778,-106.7690972,0,23,0,0,1,1,0,4,1,1,0,1,0,0000000,15,11,15,26,15,47,0,0,0,1,0
56,560047,2,2,0,0,0,5,5,23,0,28,6,2012,5,10,32,1,2,2,US-89,,961,42.86705,-110.9846333,0,31,0,0,1,1,0,4,1,1,0,1,0,0000000,10,40,10,53,11,13,0,0,0,1,0
56,560048,2,2,0,0,0,3,3,5,0,28,6,2012,5,15,19,0,3,3,SR-387,,1483,43.74246389,-105.5275833,0,12,6,0,8,1,0,1,1,10,0,10,0,0000000,99,99,99,99,99,99,0,0,0,1,0
56,560049,1,1,0,0,0,1,1,19,0,29,6,2012,6,21,0,1,2,2,US-16,,583,44.152275,-107.0267111,0,31,0,0,1,1,0,4,5,1,0,1,0,0000000,21,11,21,43,88,88,0,0,0,1,1
56,560050,2,2,0,0,0,9,9,17,0,30,6,2012,7,10,23,1,2,3,SR-120,,335,43.98458611,-108.6122472,0,12,2,0,1,1,0,1,1,1,0,1,0,0000000,10,23,11,26,99,99,0,0,0,5,0
56,560051,1,1,0,0,0,4,4,37,0,23,6,2012,7,11,0,0,3,2,US-191,,5160,41.34656667,-109.2694667,0,31,0,0,1,1,0,4,1,1,0,1,0,0000000,11,9,11,24,12,10,0,0,0,1,0
56,560052,1,1,0,0,0,1,1,23,0,1,7,2012,1,14,10,1,2,2,US-30,,205,42.016425,-110.9366194,0,1,0,0,1,1,0,4,1,1,0,1,0,0000000,14,15,14,25,99,99,0,0,0,1,0
56,560053,1,1,0,0,0,7,7,31,0,7,7,2012,7,12,20,1,1,1,I-25,,1136,42.53068333,-105.0293528,0,1,0,0,1,1,0,3,1,1,0,1,0,0000000,12,32,12,38,13,20,0,0,0,1,0
56,560054,1,1,0,0,0,4,4,5,310,7,7,2012,7,1,50,1,11,1,I-90 RAMP,,1281,44.28690833,-105.4681167,0,1,0,1,5,1,0,4,2,1,0,1,0,0000000,1,52,1,59,2,11,0,0,0,1,1
56,560055,1,1,0,0,0,1,1,37,0,1,7,2012,1,22,0,0,6,4,CR-1168,,5,41.54739722,-109.3044667,0,41,0,0,1,1,0,4,2,1,0,1,0,0000000,88,88,88,88,88,88,0,0,0,1,1
56,560056,1,1,0,0,0,3,3,37,0,6,7,2012,6,16,19,0,6,8,LIONKOL RD,,0,41.63903333,-109.2010694,0,1,0,0,1,1,0,4,1,1,0,1,0,0000000,16,20,16,34,16,45,0,0,0,1,1
56,560057,1,1,0,0,0,2,2,13,0,3,7,2012,3,17,11,1,2,2,US-20,,860,43.17845833,-107.8583222,0,11,0,0,1,1,0,1,1,1,0,1,0,0000000,17,11,17,33,19,0,0,0,0,1,0
56,560058,3,3,0,0,0,5,5,1,0,23,7,2012,2,14,45,1,2,2,US-287,,4245,41.01065833,-105.4200528,0,12,6,0,1,1,0,1,1,2,0,2,0,0000000,14,47,15,10,99,99,0,0,0,1,0
56,560059,2,2,0,0,0,3,3,37,0,7,7,2012,7,22,14,1,1,1,I-80,,647,41.53493611,-109.9339944,0,12,1,0,1,1,0,1,2,1,0,1,0,0000000,22,18,23,1,23,42,0,0,0,1,1
56,560060,1,1,0,0,0,2,2,37,0,24,7,2012,3,18,41,1,1,1,I-80,,954,41.53287778,-109.3732833,0,35,0,0,1,1,0,4,1,1,0,1,0,0000000,99,99,99,99,99,99,0,0,0,2,0
56,560061,2,2,0,0,0,2,2,21,100,25,7,2012,4,21,55,0,15,7,I-80 SERVICE RD 0276,,20,41.15327222,-104.6704417,0,12,6,0,4,1,0,1,3,1,0,1,0,0000000,22,1,22,11,88,88,0,0,0,1,1
56,560062,1,1,0,0,0,4,4,41,0,3,8,2012,6,23,25,1,1,1,I-80,,158,41.295475,-110.7744083,0,1,0,0,1,1,0,4,2,1,0,1,0,0000000,23,27,23,40,99,99,0,0,0,1,0
56,560063,2,2,0,0,0,3,3,39,0,4,8,2012,7,15,20,1,2,2,US-26,,1349,43.26505,-110.7847556,0,12,6,0,1,1,0,1,1,1,0,1,0,0000000,15,23,15,37,16,10,0,0,0,2,0
56,560064,1,1,0,0,0,2,2,1,0,6,8,2012,2,14,40,0,3,3,SR-34,,110,41.66376111,-105.5336833,0,38,0,0,1,1,0,5,1,1,0,1,0,0000000,14,52,15,20,99,99,0,0,0,1,0
56,560065,2,2,0,0,0,2,2,21,100,10,8,2012,6,7,0,1,11,1,I-25,,5,41.00545,-104.9055028,0,12,1,0,1,1,0,1,1,1,0,1,0,0000000,7,7,7,19,88,88,0,0,0,1,0
56,560066,2,2,0,0,0,3,3,23,0,11,8,2012,7,5,35,1,2,2,US-30,,610,42.44616111,-110.9842056,0,12,8,0,1,1,0,1,4,1,0,1,0,0000000,88,88,88,88,88,88,0,0,0,1,1
56,560067,2,2,0,0,0,7,7,27,0,12,8,2012,1,10,50,1,2,2,US-85,,1773,43.13612222,-104.3461333,0,12,2,0,1,1,0,1,1,1,0,1,0,0000000,99,99,99,99,99,99,0,0,0,2,0
56,560068,1,1,0,0,0,1,1,3,0,13,8,2012,2,22,26,1,2,2,US-16,,2030,44.47407222,-108.0573694,0,1,0,0,1,1,0,4,2,1,0,1,0,0000000,22,29,22,39,99,99,0,0,0,1,1
56,560069,1,1,0,0,0,2,2,29,0,14,8,2012,3,23,14,0,6,4,CR-LANE 9A,,20,44.75363611,-108.6307111,0,1,0,0,1,1,0,4,2,1,0,1,0,0000000,23,15,23,19,99,99,0,0,0,1,1
56,560070,2,2,0,0,0,2,2,13,0,10,8,2012,6,16,45,1,2,2,US-287,SHIPTON LANE,150,42.99539722,-108.8751639,3,12,1,0,2,4,0,1,1,10,0,10,0,0000000,16,49,17,5,99,99,0,0,0,1,0
56,560071,1,1,0,0,0,1,1,5,310,30,8,2012,5,0,16,0,13,3,SR-50,,35,44.26730833,-105.5464167,0,35,0,0,1,1,0,4,2,1,0,1,0,0000000,99,99,99,99,99,99,0,0,0,1,1
56,560072,1,1,0,1,1,1,1,29,130,30,8,2012,5,19,25,1,13,2,US-14A,,10,44.53344444,-109.04555,0,8,0,0,1,1,0,1,1,1,0,1,0,0000000,19,28,19,33,19,48,0,0,0,1,0
56,560073,1,1,0,0,0,2,2,35,0,25,8,2012,7,16,15,0,6,8,FS RD 650,,0,43.32611111,-109.8680556,0,35,0,0,1,1,0,4,1,1,0,1,0,0000000,99,99,99,99,99,99,0,0,0,1,1
56,560074,1,1,0,0,0,2,2,13,0,1,9,2012,7,11,37,0,4,3,SR-136,,41,42.99153611,-108.2917278,0,1,0,0,1,1,0,4,1,1,0,1,0,0000000,11,40,11,53,99,99,0,0,0,1,0
56,560075,1,1,0,0,0,2,2,19,0,4,9,2012,3,18,20,1,2,2,US-16,,863,44.32900556,-106.8089389,0,24,0,0,1,1,0,4,1,1,0,1,0,0000000,88,88,88,88,88,88,0,0,0,2,0
56,560076,1,1,0,0,0,1,1,5,0,2,9,2012,1,1,30,0,3,3,SR-59,,1582,44.83228333,-105.3709167,0,31,0,0,1,1,0,4,2,99,0,99,0,0000000,6,23,7,2,88,88,0,0,0,1,1
56,560077,2,2,0,0,0,2,2,7,0,4,9,2012,3,19,10,0,3,3,SR-789,,291,41.31586389,-107.7534806,0,12,8,0,1,1,0,1,1,1,0,1,0,0000000,88,88,88,88,88,88,0,0,0,1,0
56,560078,1,1,0,0,0,1,1,37,0,11,9,2012,3,14,56,1,1,1,I-80,,976,41.54660278,-109.3363639,0,31,0,0,1,1,0,4,1,1,0,1,0,0000000,14,58,15,3,88,88,0,0,0,1,0
56,560079,1,1,0,0,0,2,2,25,90,12,9,2012,4,1,40,0,14,3,SR-254,,24,42.87775556,-106.3519111,0,35,0,0,1,1,0,4,2,1,0,1,0,0000000,2,11,2,16,2,26,0,0,0,1,1
56,560080,2,2,0,0,0,2,2,23,0,18,9,2012,3,20,38,1,2,2,US-89,,815,42.67379444,-110.9235083,0,12,1,0,1,1,0,1,2,1,0,1,1,0000000,20,40,20,45,20,50,0,0,0,1,1
56,560081,1,1,0,0,0,1,1,9,200,18,9,2012,3,22,15,0,15,3,SR-91,,4,42.75798333,-105.4145,0,35,0,0,1,1,0,4,2,1,0,1,0,0000000,88,88,88,88,88,88,0,0,0,1,1
56,560082,1,1,0,0,0,2,2,37,730,23,9,2012,1,17,15,0,14,3,SR-376,,14,41.56678333,-109.2146972,0,1,0,0,1,1,0,4,1,5,0,5,0,0000000,17,16,17,21,17,39,0,0,0,1,0
56,560083,1,1,0,0,0,1,1,39,0,30,9,2012,1,17,30,0,3,3,SR-22,,57,43.497775,-110.8772944,0,24,0,0,1,1,0,4,1,1,0,1,0,0000000,17,36,17,44,88,88,0,0,0,1,0
56,560084,2,2,0,0,0,2,2,9,0,1,10,2012,2,15,45,0,4,3,SR-95,,35,42.87708333,-105.8557667,0,23,0,0,1,1,0,4,1,1,0,1,0,0000000,15,49,15,52,16,23,0,0,0,1,1
56,560085,1,1,0,0,0,3,3,27,0,3,10,2012,4,19,10,0,6,4,CR-3,,3,43.24653056,-104.6280556,0,34,0,0,1,1,0,4,2,1,0,1,0,0000000,19,26,20,17,21,38,0,0,0,1,1
56,560086,1,1,0,0,0,5,5,9,0,6,10,2012,7,8,15,1,1,1,I-25,,1354,42.73136944,-105.3403194,0,1,0,0,1,1,0,4,1,10,0,10,0,0000000,8,17,8,24,8,40,0,0,0,1,0
56,560087,3,3,0,0,0,3,3,1,0,6,10,2012,7,2,37,1,1,1,I-80,,3301,41.15066667,-105.3915361,0,12,7,0,1,1,0,1,2,5,0,5,0,0000000,2,47,3,11,3,45,19,0,0,1,0
56,560088,2,2,0,0,0,3,3,37,350,14,10,2012,1,18,10,0,15,6,BRIDGER DR,W TETON BLVD,0,41.50326944,-109.4590278,0,12,6,0,2,2,0,1,1,1,0,1,0,0000000,88,88,88,88,88,88,0,0,0,1,1
56,560089,1,1,0,0,0,2,2,29,0,17,10,2012,4,12,11,0,6,4,CR-R7,,2,44.72177778,-108.7193667,0,1,0,0,1,1,0,4,1,1,0,1,0,0000000,12,14,12,23,12,43,0,0,0,1,0
56,560090,2,2,0,0,0,5,5,25,0,20,10,2012,7,14,55,1,1,1,I-25,,2150,43.22709722,-106.3785111,0,12,1,0,1,1,0,1,1,1,0,1,0,0000000,14,58,15,25,16,9,0,0,0,1,0
56,560091,1,1,0,0,0,3,3,25,0,25,10,2012,5,0,3,1,1,1,I-25,,2307,43.44911111,-106.3830639,0,1,0,0,1,1,0,3,2,1,0,1,0,0000000,99,99,99,99,99,99,0,0,0,1,0
56,560092,2,2,0,0,0,4,4,17,830,27,10,2012,7,21,4,1,2,2,US-20,,1334,43.65411667,-108.2016361,0,12,2,0,1,1,0,1,2,1,0,1,0,0000000,21,4,21,9,21,12,0,0,0,1,0
56,560093,1,1,0,0,0,1,1,39,0,25,10,2012,5,9,40,1,2,2,US-189,,1554,43.281025,-110.5932167,0,1,0,0,1,1,0,4,1,4,0,4,0,0000000,9,56,10,27,11,58,0,0,0,1,0
56,560094,2,2,0,0,0,2,2,23,0,12,11,2012,2,19,25,1,2,2,US-30,,356,41.823025,-110.8764972,0,12,2,0,1,1,0,1,2,1,0,1,0,0000000,19,38,20,6,20,29,0,0,0,1,1
56,560095,1,1,0,0,0,1,1,11,0,1,11,2012,5,18,0,0,6,4,CR-103,,13,44.26331389,-104.9955222,0,35,0,0,1,1,0,4,5,1,0,1,0,0000000,18,9,18,18,19,0,0,0,0,1,0
56,560096,1,1,0,0,0,1,1,27,0,18,11,2012,1,13,30,0,4,3,SR-270,,5248,42.62841389,-104.6484444,0,31,0,0,1,1,0,4,1,1,0,1,0,0000000,14,16,14,31,88,88,0,0,0,1,0
56,560097,2,1,1,1,1,1,1,5,310,18,11,2012,1,20,38,1,1,1,I-90 RAMP,I-90,1268,44.27945,-105.4850361,0,8,0,1,5,1,0,2,2,1,0,1,0,0000000,88,88,88,88,88,88,14,19,0,1,1
56,560098,1,1,0,0,0,1,1,7,0,24,11,2012,7,23,3,0,3,3,SR-130,,218,41.43240833,-106.8023722,0,1,0,0,1,1,0,4,2,1,0,1,0,0000000,23,3,23,14,88,88,0,0,0,1,0
56,560099,1,1,0,0,0,1,1,13,0,24,11,2012,7,3,50,1,2,2,US-26,,1192,43.19398056,-108.2379444,0,31,0,0,1,1,0,4,2,1,0,1,0,0000000,3,55,4,13,88,88,0,0,0,1,1
56,560100,1,1,0,1,1,1,1,21,100,27,11,2012,3,18,57,0,16,6,DELL RANGE BLVD,,0,41.16003889,-104.76615,0,8,0,0,1,1,0,1,3,1,0,1,0,0000000,18,58,19,1,19,17,0,0,0,1,0
56,560101,3,3,0,0,0,3,3,37,350,9,11,2012,6,12,18,0,13,3,SR-530,EAST 2ND SOUTH,5,41.52121944,-109.4635417,0,12,6,0,2,3,0,1,1,2,10,2,0,0000000,12,19,12,27,12,54,0,0,0,1,0
56,560102,1,1,0,0,0,1,1,29,0,18,11,2012,1,15,8,0,6,4,CR-1AF,,15,44.92904722,-109.0797417,0,38,0,0,1,1,0,4,1,1,0,1,0,0000000,88,88,88,88,88,88,0,0,0,1,1
56,560103,2,2,0,0,0,3,3,19,0,7,12,2012,6,15,10,0,3,3,SR-192,,70,43.69154167,-106.5074417,0,12,2,0,1,1,0,1,1,1,0,1,0,0000000,15,15,15,35,99,99,0,0,0,1,0
56,560104,2,2,0,0,0,2,2,7,0,8,12,2012,7,1,58,0,3,2,US-30,,2594,41.90033056,-106.4349333,0,12,2,0,1,1,0,1,2,1,0,1,0,0000000,2,3,2,21,3,53,0,0,0,1,0
56,560105,1,1,0,0,0,1,1,31,0,8,12,2012,7,23,0,1,1,1,I-25,,1044,42.40386111,-105.0424611,0,1,0,0,1,1,0,4,2,1,0,1,0,0000000,23,4,23,26,88,88,0,0,0,1,0
56,560106,1,1,0,0,0,2,2,21,100,10,12,2012,2,7,42,1,11,1,I-80,,3589,41.11583611,-104.863175,0,1,0,0,1,1,0,3,1,6,0,6,0,0000000,7,48,7,52,8,26,0,0,0,1,0
56,560107,1,1,0,0,0,3,3,37,0,14,12,2012,6,10,47,0,5,3,SR-374,,695,41.54381944,-109.8574361,0,33,0,0,1,1,0,4,1,1,0,1,0,0000000,10,48,11,12,11,51,0,0,0,1,1
56,560109,1,1,0,0,0,1,1,13,0,24,12,2012,2,7,10,0,6,8,PLUNKETT RD,,45,42.95339722,-108.7227389,3,1,0,0,1,1,0,4,1,1,0,1,0,0000000,7,13,7,31,7,58,0,0,0,1,0
56,560110,1,1,0,0,0,2,2,7,0,21,12,2012,6,1,10,0,4,3,SR-70,,25,41.02186111,-107.6138917,0,1,0,0,1,1,0,4,2,1,0,1,0,0000000,2,4,2,14,3,29,0,0,0,1,1
56,560111,2,2,0,0,0,4,4,0,0,4,7,2012,4,16,47,9,9,9,GRAND LOOP RD,,99999,99.99990000,999.99990000,1,12,98,0,1,1,0,1,1,1,0,1,0,0000000,99,99,99,99,99,99,0,0,0,1,0
56,560112,2,2,0,0,0,2,2,0,0,14,8,2012,3,16,55,9,9,9,GRAND LOOP RD,,99999,99.99990000,999.99990000,1,12,2,0,1,1,0,1,1,1,0,1,0,0000000,99,99,99,99,99,99,0,0,0,1,0
56,560113,2,2,0,0,0,9,9,0,0,20,8,2012,2,15,16,9,9,9,GRAND LOOP RD,,99999,99.99990000,999.99990000,1,12,2,0,1,1,0,1,1,1,0,1,0,0000000,99,99,99,99,99,99,0,0,0,1,0