STATE,ST_CASE,VE_TOTAL,VE_FORMS,PVH_INVL,PEDS,PERNOTMVIT,PERMVIT,PERSONS,COUNTY,CITY,DAY,MONTH,YEAR,DAY_WEEK,HOUR,MINUTE,NHS,ROAD_FNC,ROUTE,TWAY_ID,TWAY_ID2,MILEPT,LATITUDE,LONGITUD,SP_JUR,HARM_EV,MAN_COLL,RELJCT1,RELJCT2,TYP_INT,WRK_ZONE,REL_ROAD,LGT_COND,WEATHER1,WEATHER2,WEATHER,SCH_BUS,RAIL,NOT_HOUR,NOT_MIN,ARR_HOUR,ARR_MIN,HOSP_HR,HOSP_MN,CF1,CF2,CF3,FATALS,DRUNK_DR
4,40022,2,2,0,0,0,3,3,15,0,15,1,2012,1,13,43,0,3,3,SR-68,ESTRELLA RD,178,35.22546389,-114.2890806,0,12,6,0,2,2,0,1,1,1,0,1,0,0000000,13,43,13,50,14,30,0,0,0,1,0
4,40026,1,1,0,0,0,1,1,15,0,18,1,2012,4,15,44,1,2,2,US-93,,511,35.41735833,-114.2744139,0,1,0,0,1,1,0,3,1,1,0,1,0,0000000,15,46,16,8,16,47,0,0,0,1,0
4,40036,1,1,0,0,0,2,2,15,0,25,1,2012,4,13,40,1,1,1,I-40,,235,34.84015556,-114.1453194,0,1,0,0,1,1,0,4,1,1,0,1,0,0000000,13,44,14,3,14,40,0,0,0,1,0
4,40065,1,1,0,0,0,1,1,15,0,2,2,2012,5,12,56,0,6,9,BORIANA MINE RD,,0,34.86038889,-114.0831111,0,1,0,0,1,1,0,6,1,1,0,1,0,0000000,13,0,13,10,88,88,0,0,0,1,0
4,40077,1,1,0,1,1,1,1,27,620,12,2,2012,1,17,11,0,13,6,AVENUE B,8TH ST,0,32.71291111,-114.6504389,0,9,0,0,3,2,0,1,1,1,0,1,0,0000000,17,12,17,15,17,31,0,0,0,1,0
4,40080,1,1,0,0,0,3,3,15,0,19,2,2012,1,6,18,1,2,2,US-93,,249,35.74866944,-114.5006722,0,1,0,0,1,1,0,3,2,1,0,1,0,0000000,6,20,6,45,99,99,0,0,0,2,0
4,40082,1,1,0,0,0,1,1,15,0,20,2,2012,2,22,3,0,5,9,BOUNDARY CONE RD,,0,34.99595278,-114.4318833,0,1,0,0,1,1,0,4,2,1,0,1,0,0000000,22,5,22,22,23,51,0,0,0,1,1
4,40085,2,2,0,0,0,4,4,27,620,24,2,2012,6,7,13,0,16,6,GILA ST,,0,32.72258889,-114.6160333,0,12,2,0,1,1,0,1,1,1,0,1,0,0000000,7,14,7,17,7,43,0,0,0,2,0
4,40091,1,1,0,0,0,2,2,15,260,27,2,2012,2,20,59,1,11,1,I-40 RAMP,,512,35.21637778,-114.03635,0,42,0,1,5,1,0,4,2,1,0,1,0,0000000,21,2,21,6,99,99,0,0,0,1,0
4,40092,2,2,0,0,0,3,3,27,620,28,2,2012,3,6,55,0,13,3,SR-8B,AVENUE 3E,90,32.66978611,-114.5641556,0,12,6,0,2,2,0,1,4,1,0,1,0,0000000,6,56,7,3,7,32,0,0,0,1,0
4,40114,1,1,0,0,0,2,2,12,0,25,2,2012,7,6,41,0,6,9,CIENEGA SPRINGS RD,,0,34.18533889,-114.1898639,0,35,0,0,1,1,0,4,2,1,0,1,0,0000000,6,42,6,54,99,99,0,0,0,1,1
4,40134,2,2,0,0,0,2,2,27,0,13,3,2012,3,5,50,0,5,6,AVENUE G,,0,32.63110556,-114.735925,0,12,2,0,1,1,0,1,4,1,0,1,0,0000000,6,1,6,10,6,43,0,0,0,1,0
4,40137,2,2,0,0,0,2,2,15,0,19,3,2012,2,6,2,1,2,3,SR-95,,1658,34.33844444,-114.1413056,0,12,2,0,1,1,0,1,2,1,0,1,0,0000000,6,4,6,26,99,99,0,0,0,1,0
4,40140,3,3,0,0,0,3,3,15,0,23,3,2012,6,19,34,1,2,2,US-93,,147,35.85873056,-114.5971778,0,1,0,0,1,1,0,5,2,1,0,1,0,0000000,19,34,19,52,99,99,14,0,0,1,1
4,40143,1,1,0,0,0,1,1,27,620,28,3,2012,4,19,53,0,13,6,32ND ST,,0,32.66936944,-114.6222583,0,1,0,0,1,1,0,1,3,1,0,1,0,0000000,19,53,19,56,20,14,0,0,0,1,1
4,40145,3,3,0,0,0,3,3,15,59,29,3,2012,5,11,42,0,13,3,SR-95,,2486,35.154925,-114.5672694,0,12,2,0,1,1,0,1,1,1,0,1,0,0000000,11,44,11,51,12,15,0,0,0,1,0
4,40164,2,2,0,1,1,7,7,15,0,23,3,2012,6,0,17,1,2,2,US-93,,435,35.51369167,-114.3411639,0,8,0,0,1,1,0,1,2,1,0,1,0,0000000,0,18,0,34,88,88,19,23,0,1,0
4,40166,1,1,0,0,0,1,1,15,0,25,3,2012,1,99,99,0,6,9,CHINO DR,,0,35.22884444,-114.1649583,0,1,0,0,1,1,0,4,4,1,0,1,0,0000000,6,38,6,46,88,88,0,0,0,1,1
4,40167,2,2,0,0,0,5,5,15,0,27,3,2012,3,15,14,0,6,9,DIAMOND BAR RD,,0,35.86469444,-114.0713139,0,12,2,0,1,1,0,1,1,1,0,1,0,0000000,15,46,16,7,99,99,0,0,0,1,0
4,40190,1,1,0,1,1,1,1,27,440,29,3,2012,5,23,51,1,2,2,US-95,,99999,32.59672778,-114.6803028,0,8,0,0,1,1,0,1,2,1,0,1,0,0000000,23,51,0,0,88,88,0,0,0,1,0
4,40199,2,2,0,0,0,2,2,27,620,6,4,2012,6,12,15,0,13,6,4TH AVE,13TH ST,0,32.70397778,-114.6246333,0,12,6,0,2,2,0,1,1,1,0,1,0,0000000,12,15,12,19,12,38,0,0,0,1,0
4,40213,1,1,0,0,0,1,1,27,620,19,4,2012,5,19,45,0,15,6,AVENUE A,COUNTY 14TH ST,0,32.62594722,-114.6326667,0,43,0,0,2,2,0,4,3,1,0,1,0,0000000,19,45,19,46,20,15,0,0,0,1,0
4,40221,2,2,0,0,0,3,3,15,0,22,4,2012,1,18,58,0,3,3,SR-68,,264,35.21885278,-114.1375583,0,12,6,0,1,1,0,1,1,1,0,1,0,0000000,18,58,19,11,99,99,0,0,0,2,0
4,40223,1,1,0,0,0,1,1,15,0,25,4,2012,4,14,41,1,1,1,I-40,,236,34.8416,-114.1454111,0,52,0,0,1,1,0,3,1,1,0,1,0,0000000,14,41,14,51,88,88,0,0,0,1,0
4,40231,1,1,0,0,0,1,1,27,620,21,4,2012,7,15,56,0,16,6,PALO VERDE ST,AVENUE 2 1/2 E,0,32.67684444,-114.5900806,0,1,0,0,2,2,0,1,1,1,0,1,0,0000000,15,57,16,1,16,17,0,0,0,1,0
4,40252,1,1,0,1,1,1,1,12,0,24,4,2012,3,21,58,1,2,3,SR-95,,1475,34.17828056,-114.2380889,3,15,0,0,1,1,0,1,2,1,0,1,0,0000000,21,52,21,58,88,88,0,0,0,1,0
4,40277,1,1,0,0,0,3,3,15,0,21,5,2012,2,12,5,1,2,3,SR-95,,1974,34.66691111,-114.3123278,0,2,0,0,1,1,0,2,1,1,0,1,0,0000000,12,5,12,12,88,88,0,0,0,3,0
4,40281,1,1,0,0,0,1,1,15,0,24,5,2012,5,7,50,0,3,3,SR-68,,88,35.19957778,-114.4220556,0,35,0,0,1,1,0,3,1,1,0,1,0,0000000,7,49,8,6,8,41,0,0,0,1,0
4,40297,2,2,0,0,0,3,3,12,387,14,5,2012,2,9,45,1,1,1,I-10,,252,33.67836944,-114.1093944,0,12,6,0,1,1,0,1,1,1,0,1,0,0000000,9,45,9,55,10,34,0,0,0,2,0
4,40332,1,1,0,1,1,1,1,15,260,13,6,2012,4,20,11,0,15,6,MOTOR AVE,,0,35.20888333,-114.033675,0,8,0,0,8,1,0,2,3,1,0,1,0,0000000,20,10,20,14,20,20,0,0,0,1,0
4,40361,1,1,0,1,1,1,1,27,620,2,7,2012,2,20,44,0,14,6,24TH ST,,0,32.683925,-114.6301944,0,8,0,0,1,1,0,1,1,1,0,1,0,0000000,20,44,20,45,21,8,0,0,0,1,0
4,40362,1,1,0,1,1,1,1,27,620,3,7,2012,3,4,21,0,14,6,24TH ST,,0,32.68382222,-114.6658472,0,8,0,0,1,1,0,1,2,1,0,1,0,0000000,4,23,4,30,88,88,0,0,0,1,0
4,40369,3,3,0,0,0,8,8,15,59,8,7,2012,1,18,30,0,13,3,SR-95,,2416,35.07010833,-114.5894139,0,12,2,0,1,1,0,1,1,1,0,1,0,0000000,18,31,18,36,20,4,0,0,0,1,0
4,40383,1,1,0,0,0,1,1,15,260,28,7,2012,7,9,53,1,13,2,US-93,,697,35.20282222,-114.0858556,0,42,0,0,1,1,0,6,1,1,0,1,0,0000000,9,46,9,58,88,88,0,0,0,1,0
4,40384,2,2,0,0,0,3,3,27,0,29,7,2012,1,0,44,1,2,2,US-95,,422,32.79531111,-114.381275,0,12,6,0,1,1,0,1,2,1,0,1,0,0000000,0,44,0,44,88,88,0,0,0,1,0
4,40385,2,1,1,0,0,1,1,27,0,30,7,2012,2,0,35,0,16,9,MESA AVE,,0,32.66060556,-114.4695278,0,14,0,0,1,1,0,7,2,1,0,1,0,0000000,0,30,0,35,99,99,0,0,0,1,0
4,40393,1,1,0,0,0,1,1,12,0,7,6,2012,5,3,22,1,1,1,I-10,,149,33.65351944,-114.2855833,0,5,0,0,1,1,0,3,2,1,0,1,0,0000000,3,22,3,30,88,88,0,0,0,1,0
4,40421,2,2,0,0,0,3,3,27,0,2,7,2012,2,1,24,0,15,9,COUNTY 14TH ST,AVENUE 4E,0,32.62620833,-114.5636306,0,12,6,0,2,2,0,1,2,1,0,1,0,0000000,1,27,1,41,2,5,0,0,0,1,0
4,40446,2,2,0,0,0,2,2,15,260,27,8,2012,2,13,11,0,14,6,STOCKTON HILL RD,,0,35.22023611,-114.03575,0,12,6,0,8,1,0,1,1,1,0,1,0,0000000,13,11,13,13,13,27,0,0,0,1,0
4,40458,2,2,0,0,0,3,3,15,0,22,7,2012,1,15,30,1,1,1,I-40,,96,34.72964722,-114.3199778,0,12,2,1,18,1,0,1,1,1,0,1,0,0000000,15,32,15,45,99,99,0,0,0,2,0
4,40503,1,1,0,0,0,2,2,27,0,1,9,2012,7,10,40,1,1,1,I-8,,319,32.66626111,-114.12425,0,42,0,0,1,1,0,3,1,1,0,1,0,0000000,10,43,10,50,88,88,0,0,0,2,0
4,40542,1,1,0,0,0,1,1,15,0,7,10,2012,1,16,22,1,1,1,I-40,,309,34.94566667,-114.1465278,0,32,0,0,1,1,0,3,1,1,0,1,0,0000000,16,22,16,29,88,88,0,0,0,1,1
4,40550,1,1,0,0,0,2,2,15,0,5,10,2012,6,21,24,0,3,3,SR-68,BRYCE RD,256,35.21879444,-114.1498139,0,1,0,0,2,3,0,1,2,1,0,1,0,0000000,21,24,21,30,22,0,0,0,0,2,0
4,40560,1,1,0,1,1,1,1,27,620,24,10,2012,4,6,16,0,14,6,24TH ST,OLIVIA ST,0,32.68405,-114.6034833,0,8,0,0,3,2,0,1,3,1,0,1,0,0000000,6,17,6,20,88,88,0,0,0,1,0
4,40583,1,1,0,0,0,2,2,15,0,19,10,2012,6,18,5,0,6,9,CENTENNIAL RD,,0,35.05719444,-114.1752167,0,35,0,0,1,1,0,1,5,1,0,1,0,0000000,18,14,18,28,99,99,0,0,0,1,1
4,40639,2,2,0,0,0,2,2,15,260,5,11,2012,2,18,7,0,15,6,GORDON DR,POWELL AVE,0,35.23941111,-114.022375,0,12,6,0,2,3,0,1,3,1,0,1,0,0000000,18,8,18,14,18,48,0,0,0,1,0
4,40640,1,1,0,0,0,2,2,12,0,6,11,2012,3,7,5,1,1,1,I-10,,303,33.66326389,-114.025875,0,1,0,0,1,1,0,3,4,1,0,1,0,0000000,7,5,7,23,99,99,0,0,0,1,0
4,40641,2,2,0,0,0,2,2,27,0,6,11,2012,3,21,30,0,5,9,AVENUE C,COUNTY 13TH ST,0,32.64022778,-114.6671333,0,12,6,0,2,2,0,1,2,1,0,1,0,0000000,21,43,21,50,22,22,0,0,0,1,0
4,40692,1,1,0,1,1,1,1,27,0,26,12,2012,4,99,99,1,13,2,US-95,,155,32.60745,-114.6545806,0,8,0,0,1,1,0,1,2,1,0,1,0,0000000,9,36,9,47,88,88,0,0,0,1,0
4,40701,1,1,0,0,0,1,1,15,260,15,11,2012,5,2,8,1,11,1,I-40 RAMP,,530,35.21683611,-114.0130972,0,33,0,1,5,1,0,4,3,1,0,1,0,0000000,2,8,2,11,88,88,0,0,0,1,1
6,60001,1,1,0,0,0,1,1,37,1980,1,1,2012,1,0,50,1,11,1,I-15 RAMP,,267,34.15308889,-118.2836806,0,24,0,0,5,1,0,4,2,1,0,1,0,0000000,99,99,99,99,88,88,0,0,0,1,1
6,60002,1,1,0,0,0,1,1,97,0,1,1,2012,1,2,55,0,2,3,SR-116,,125,38.49863056,-122.9930889,0,24,0,0,1,1,0,4,3,10,0,10,0,0000000,99,99,99,99,88,88,0,0,0,1,1
6,60003,1,1,0,0,0,1,1,83,3460,1,1,2012,1,2,48,0,14,6,STOWELL RD,BLACK RD,0,34.93828889,-120.4897944,0,35,0,0,3,3,0,5,2,1,0,1,0,0000000,99,99,99,99,88,88,0,0,0,1,1
6,60004,1,1,0,0,0,3,3,79,0,1,1,2012,1,3,0,0,3,4,CR-LINNE RD,LONG HILL PLACE,0,35.59874722,-120.5717833,0,53,0,0,3,3,0,2,2,1,0,1,0,0000000,99,99,99,99,99,99,0,0,0,1,1
6,60005,1,1,0,0,0,1,1,79,0,1,1,2012,1,8,50,0,3,4,CR-NACIMIENTO LAKE,,0,35.72298056,-120.8616806,0,42,0,0,1,1,0,2,1,1,0,1,0,0000000,99,99,99,99,88,88,0,0,0,1,0
6,60006,2,2,0,0,0,4,4,37,0,1,1,2012,1,10,40,0,2,4,CR-BOUQUET CANYON RD,,0,34.46463333,-118.4796444,0,12,6,0,8,1,0,1,1,1,0,1,0,0000000,99,99,99,99,88,88,0,0,0,1,0
6,60007,2,2,0,0,0,3,3,29,0,1,1,2012,1,15,17,0,4,4,CR-EDISON RD,CR-DIGIORGIO RD,0,35.25256389,-118.8783889,0,12,6,0,2,2,0,1,1,1,0,1,0,0000000,99,99,99,99,99,99,0,0,0,1,0
6,60008,1,1,0,0,0,5,5,59,3420,1,1,2012,1,19,12,0,14,6,5TH ST,,0,33.74874167,-117.8963528,0,59,0,0,1,1,0,5,3,1,0,1,0,0000000,99,99,99,99,99,99,0,0,0,2,0
6,60009,1,1,0,0,0,1,1,73,3260,1,1,2012,1,19,32,0,13,6,GENESEE AVE,,0,32.79469444,-117.171125,0,35,0,0,1,1,0,5,2,1,0,1,0,0000000,99,99,99,99,99,99,0,0,0,1,0
6,60010,1,1,0,1,1,1,1,73,3260,1,1,2012,1,16,15,0,16,6,HOWARD AVE,30TH ST,0,32.75406667,-117.1301806,0,8,0,0,3,2,0,1,1,1,0,1,0,0000000,99,99,99,99,99,99,0,0,0,1,0
6,60011,1,1,0,1,1,1,1,61,3110,1,1,2012,1,17,25,0,14,6,DOUGLAS BLVD,,0,38.74417778,-121.2579417,0,8,0,0,1,1,0,1,3,1,0,1,0,0000000,99,99,99,99,99,99,0,0,0,1,0
6,60012,1,1,0,1,1,1,1,67,0,1,1,2012,1,18,5,0,13,6,POWER INN RD,,0,38.49313056,-121.4089806,0,15,0,0,1,1,0,1,2,1,0,1,0,0000000,99,99,99,99,88,88,0,0,0,1,0
6,60013,1,1,0,0,0,3,3,71,4040,1,1,2012,1,99,99,0,14,6,EL EVADO RD,,0,34.52505833,-117.3471444,0,1,0,0,1,1,0,5,8,1,0,1,0,0000000,99,99,99,99,99,99,0,0,0,2,1
6,60014,1,1,0,1,1,1,1,65,750,2,1,2012,2,17,42,0,13,6,HARRISON ST,,0,33.68620556,-116.1814806,0,8,0,0,1,1,0,1,3,1,0,1,0,0000000,99,99,99,99,99,99,0,0,0,1,0
6,60015,2,2,0,1,1,3,3,67,0,2,1,2012,2,19,25,0,2,6,47TH AVE,45TH ST,0,38.51043333,-121.4544694,0,8,0,0,3,3,0,1,3,1,0,1,0,0000000,99,99,99,99,99,99,0,0,0,1,0
6,60016,1,1,0,1,1,1,1,73,2340,2,1,2012,2,19,31,0,14,6,E PLAZA BLVD,B AVE,0,32.67466389,-117.1042028,0,8,0,0,3,2,0,1,2,5,0,5,0,0000000,99,99,99,99,99,99,0,0,0,1,0
6,60017,2,2,0,0,0,3,3,73,0,3,1,2012,3,15,45,0,12,3,SR-78,ASH ST,344,33.05851944,-116.8714389,0,12,6,0,2,2,0,1,1,1,0,1,0,0000000,99,99,99,99,88,88,0,0,0,1,0
6,60018,3,3,0,0,0,3,3,37,810,3,1,2012,3,8,10,0,14,6,COMPTON BLVD,WADSWORTH AVE,0,33.89536944,-118.2584667,0,12,1,0,3,3,0,1,1,1,0,1,0,0000000,99,99,99,99,88,88,14,0,0,1,0
6,60019,1,1,0,0,0,1,1,19,1750,4,1,2012,4,8,35,0,13,3,SR-145,CALIFORNIA AVE,341,36.72065556,-120.0601778,0,38,0,0,3,2,0,5,1,5,0,5,0,0000000,99,99,99,99,99,99,0,0,0,1,0
6,60020,3,3,0,0,0,10,10,37,810,3,1,2012,3,22,5,0,13,6,ALONDRA BLVD,HARRIS AVE,0,33.88873889,-118.1980667,0,12,1,0,3,2,0,1,3,1,0,1,0,0000000,99,99,99,99,99,99,0,0,0,1,0
6,60021,2,2,0,0,0,2,2,71,0,4,1,2012,4,6,30,1,2,3,SR-18,,1050,34.50678889,-117.4726889,0,12,2,0,1,1,0,1,4,1,0,1,0,0000000,99,99,99,99,99,99,0,0,0,1,0
6,60022,2,2,0,0,0,2,2,23,0,4,1,2012,4,7,20,1,13,2,US-101,,840,40.6546,-124.2101861,0,12,2,0,1,1,0,1,4,1,0,1,0,0000000,99,99,99,99,99,99,0,0,0,1,1
6,60023,1,1,0,0,0,1,1,65,0,5,1,2012,5,4,20,1,1,1,I-10,,212,33.9254,-116.9180861,0,35,0,0,1,1,0,5,2,1,0,1,0,0000000,99,99,99,99,88,88,0,0,0,1,1
6,60024,1,1,0,0,0,2,2,63,0,5,1,2012,5,4,45,1,2,3,SR-70,,505,39.91844167,-120.8307111,0,43,0,0,1,1,0,5,2,10,0,10,0,0000000,99,99,99,99,99,99,0,0,0,1,0
6,60025,1,1,0,1,1,1,1,65,2650,5,1,2012,5,8,4,0,13,3,SR-111,RAQUET CLUB RD,544,33.85201944,-116.5514056,0,8,0,0,3,2,0,1,1,1,0,1,0,0000000,99,99,99,99,88,88,0,0,0,1,0
6,60026,2,2,0,0,0,3,3,37,1980,5,1,2012,5,11,45,0,13,6,CRENSHAW BLVD,54TH ST,0,33.99311667,-118.3307389,0,12,6,0,2,2,0,1,1,1,0,1,0,0000000,99,99,99,99,99,99,0,0,0,1,0
6,60027,1,1,0,0,0,1,1,73,0,5,1,2012,5,12,50,0,3,4,CR-FUERTE DR,,0,32.76203056,-116.9521806,0,43,0,0,1,1,0,5,1,1,0,1,0,0000000,99,99,99,99,99,99,0,0,0,1,0
6,60028,2,2,0,0,0,5,5,71,0,5,1,2012,5,17,55,0,12,3,SR-330,,377,34.18511111,-117.1466306,0,12,6,0,1,1,0,1,2,1,0,1,0,0000000,99,99,99,99,99,99,0,0,0,1,0
6,60029,1,1,0,1,1,1,1,71,790,6,1,2012,6,0,9,0,15,6,FAIRWAY DR,CROSS ROADS DR,0,34.06856944,-117.3028444,0,8,0,0,2,3,0,1,3,1,0,1,0,0000000,99,99,99,99,88,88,0,0,0,1,0
6,60030,1,1,0,1,1,1,1,99,2200,6,1,2012,6,6,43,0,16,6,SUTTER AVE,ROUSE AVE,0,37.62056667,-121.0117583,0,9,0,0,2,2,0,1,4,1,0,1,0,0000000,99,99,99,99,99,99,4,0,0,1,0
6,60031,1,1,0,0,0,1,1,87,0,7,1,2012,7,2,15,1,12,3,SR-1 RAMP,,167,36.98998056,-122.0206,0,43,0,1,5,1,0,5,3,10,0,10,0,0000000,99,99,99,99,88,88,0,0,0,1,0
6,60032,1,1,0,0,0,1,1,23,1220,7,1,2012,7,4,33,0,13,6,HARRIS ST,ALBEE ST,0,40.7805,-124.1760389,0,30,0,0,3,3,0,4,3,1,0,1,0,0000000,99,99,99,99,99,99,0,0,0,1,0
6,60033,2,2,0,0,0,4,4,77,0,7,1,2012,7,6,35,0,4,4,CR-COPPEROPOLIS RD,,0,37.97228056,-121.0846806,0,12,6,0,1,1,0,1,2,1,0,1,0,0000000,99,99,99,99,99,99,0,0,0,1,0
6,60034,2,2,0,0,0,2,2,77,0,7,1,2012,7,12,10,0,2,4,CR- WEST LANE,EIGHT MILE RD,0,38.05748889,-121.2962306,0,12,6,0,2,2,0,1,1,1,0,1,0,0000000,99,99,99,99,99,99,0,0,0,1,1
6,60035,1,1,0,0,0,1,1,107,0,7,1,2012,7,21,25,1,2,3,SR-198,,157,36.32691944,-119.1910611,0,42,0,0,1,1,0,2,2,1,0,1,0,0000000,99,99,99,99,88,88,0,0,0,1,0
6,60036,1,1,0,0,0,2,2,7,0,7,1,2012,7,23,30,0,2,3,SR-32,,262,39.91066111,-121.6556194,0,42,0,0,1,1,0,5,2,1,0,1,0,0000000,99,99,99,99,88,88,0,0,0,1,0
6,60037,2,1,1,0,0,1,1,107,0,7,1,2012,7,99,99,0,4,4,CR-176,,0,35.971575,-119.1787083,0,14,0,0,1,1,0,2,1,1,0,1,0,0000000,99,99,99,99,88,88,0,0,0,1,1
6,60038,1,1,0,1,1,4,4,37,1980,8,1,2012,1,1,50,0,14,6,8TH ST,GRAND AVE,0,34.04584722,-118.2579167,0,8,0,0,3,2,0,1,3,1,0,1,0,0000000,99,99,99,99,99,99,0,0,0,1,1
6,60039,1,1,0,0,0,1,1,17,0,8,1,2012,1,15,45,0,3,4,CR-SALMON FALLS RD,,0,38.81357778,-121.0195889,0,30,0,0,1,1,0,5,1,1,0,1,0,0000000,99,99,99,99,88,88,0,0,0,1,0
6,60040,2,2,0,0,0,4,4,37,0,8,1,2012,1,16,15,0,2,3,SR-39,,229,34.21118056,-117.86365,0,12,6,0,1,1,0,1,1,10,0,10,0,0000000,99,99,99,99,99,99,0,0,0,2,0
6,60041,1,1,0,0,0,1,1,65,0,8,1,2012,1,16,23,1,2,3,SR-62,,18,33.93968056,-116.5968889,0,59,0,0,1,1,0,2,1,1,0,1,0,0000000,99,99,99,99,99,99,0,0,0,1,0
6,60042,2,2,0,0,0,2,2,53,0,8,1,2012,1,19,20,0,3,4,CR-RESERVATION RD,,0,36.66388056,-121.7503806,0,12,6,0,1,1,0,1,2,1,0,1,0,0000000,99,99,99,99,99,99,0,0,0,1,0
6,60043,1,1,0,0,0,1,1,35,0,8,1,2012,1,99,99,0,6,4,CR-CONSTANTIA RD,,0,39.97876944,-120.0859389,0,1,0,0,1,1,0,5,2,1,0,1,0,0000000,99,99,99,99,88,88,0,0,0,1,1
6,60044,1,1,0,1,1,1,1,71,3210,9,1,2012,2,5,25,0,13,6,N WATERMAN AVE,E 3RD ST,0,34.10458889,-117.2787556,0,9,0,0,3,2,0,1,3,1,0,1,0,0000000,99,99,99,99,99,99,0,0,0,1,0
6,60045,1,1,0,1,1,1,1,85,3790,9,1,2012,2,6,51,0,14,6,REED AVE,SEQUOIA DR,0,37.36673611,-122.0082611,0,8,0,0,3,2,0,1,3,1,0,1,0,0000000,99,99,99,99,99,99,0,0,0,1,0
6,60046,1,1,0,1,1,1,1,73,3375,9,1,2012,2,17,40,0,16,6,OLEANDER AVE,ALAMITOS WAY,0,33.15306389,-117.207175,0,15,0,0,2,3,0,1,2,1,0,1,0,0000000,99,99,99,99,99,99,0,0,0,1,0
6,60047,1,1,0,1,1,1,1,73,560,7,1,2012,7,18,41,0,13,6,EL CAMINO REAL,,0,33.08727778,-117.268875,0,8,0,0,1,1,0,1,2,1,0,1,0,0000000,99,99,99,99,88,88,0,0,0,1,0
6,60048,1,1,0,0,0,1,1,71,1305,8,1,2012,1,3,10,1,11,1,I-10,,180,34.06794167,-117.4066389,0,24,0,0,1,1,0,3,2,1,0,1,0,0000000,99,99,99,99,88,88,0,0,0,1,1
6,60049,2,2,0,0,0,2,2,99,2200,9,1,2012,2,10,28,0,16,6,G ST,13TH ST,0,37.63978056,-120.9940694,0,12,6,0,2,2,0,1,1,1,0,1,1,0000000,99,99,99,99,99,99,0,0,0,1,0
6,60050,2,2,0,0,0,3,3,47,0,10,1,2012,3,19,35,0,2,3,SR-33,,235,37.20278611,-121.0123694,0,12,2,0,1,1,0,1,2,1,0,1,0,0000000,99,99,99,99,99,99,0,0,0,1,0
6,60051,1,1,0,0,0,3,3,37,2700,10,1,2012,3,20,37,0,14,6,MAPLE ST,,0,34.15297778,-118.1112028,0,42,0,0,1,1,0,4,3,1,0,1,0,0000000,99,99,99,99,99,99,0,0,0,1,1
6,60052,1,1,0,0,0,2,2,37,3445,10,1,2012,3,22,50,0,15,6,SAND CANYON RD,,0,34.40600556,-118.4201333,0,42,0,0,1,1,0,4,1,1,0,1,0,0000000,99,99,99,99,99,99,0,0,0,1,1
6,60053,5,3,2,0,0,3,3,37,1980,11,1,2012,4,12,35,0,14,6,S NORMANDIE AVE,,0,34.00490833,-118.3001556,0,12,1,0,1,1,0,1,1,10,0,10,0,0000000,99,99,99,99,99,99,14,0,0,1,0
6,60054,1,1,0,1,1,1,1,73,3260,17,1,2012,3,7,46,0,16,6,SHORELINE DR,TOSCANA DR,0,32.86591667,-117.2019667,0,8,0,0,3,3,0,1,1,1,0,1,0,0000000,99,99,99,99,99,99,0,0,0,1,0
6,60055,1,1,0,0,0,1,1,71,0,17,1,2012,3,12,12,1,11,1,I-15,,115,34.16968333,-117.4552472,0,31,0,0,1,1,0,4,1,1,0,1,0,0000000,99,99,99,99,99,99,0,0,0,1,0
6,60056,2,2,0,0,0,3,3,67,1108,17,1,2012,3,17,41,0,14,6,KAMMERER RD,,0,38.37259722,-121.391825,0,33,0,0,1,1,0,4,2,1,0,1,0,0000000,99,99,99,99,99,99,0,0,0,2,0
6,60057,1,1,0,1,1,2,2,37,1980,18,1,2012,4,14,5,0,16,6,SALTAR TERRACE,SALTAIR AVE,0,34.05375,-118.4734472,0,8,0,0,3,3,0,1,1,1,0,1,0,0000000,99,99,99,99,99,99,0,0,0,1,0
6,60058,2,2,0,0,0,2,2,111,0,18,1,2012,4,14,41,0,4,4,CR-FOOTHILL RD,,0,34.31512778,-119.1455111,0,12,2,0,1,1,0,1,1,1,0,1,0,0000000,99,99,99,99,99,99,0,0,0,1,1
6,60059,1,1,0,0,0,1,1,63,0,10,1,2012,3,17,47,0,2,3,SR-147,,91,40.29278056,-121.0751194,0,59,0,0,1,1,0,4,2,1,0,1,0,0000000,99,99,99,99,88,88,0,0,0,1,1
6,60060,3,3,0,0,0,3,3,31,0,12,1,2012,5,5,28,0,2,3,SR-43,,271,36.43906944,-119.6361111,0,12,2,0,1,1,0,1,2,1,0,1,0,0000000,99,99,99,99,99,99,0,0,0,1,0
6,60061,2,2,0,0,0,4,4,83,0,12,1,2012,5,14,39,1,2,2,US-101,,551,34.58313056,-120.1938111,0,12,7,0,1,1,0,1,1,1,0,1,0,0000000,99,99,99,99,99,99,0,0,0,1,0
6,60062,2,2,0,0,0,2,2,99,2200,12,1,2012,5,21,47,0,14,6,TULLY RD,W UNION AVE,0,37.69234722,-121.0125778,0,12,2,0,3,3,0,1,3,1,0,1,0,0000000,99,99,99,99,99,99,0,0,0,1,0
6,60063,2,2,0,0,0,2,2,7,0,12,1,2012,5,22,25,1,2,3,SR-149,,4,39.58491111,-121.6274694,0,12,1,0,1,1,0,1,3,1,0,1,0,0000000,99,99,99,99,99,99,0,0,0,1,1
6,60064,2,1,1,0,0,6,6,37,2684,13,1,2012,6,1,30,0,14,6,DOWNEY AVE,SOMERSET RANCH RD,0,33.91313611,-118.1524639,0,33,0,0,3,2,0,4,3,1,0,1,0,0000000,99,99,99,99,99,99,0,0,0,3,1