STATE,ST_CASE,VE_TOTAL,VE_FORMS,PVH_INVL,PEDS,PERNOTMVIT,PERMVIT,PERSONS,COUNTY,CITY,DAY,MONTH,YEAR,DAY_WEEK,HOUR,MINUTE,NHS,ROAD_FNC,ROUTE,TWAY_ID,TWAY_ID2,MILEPT,LATITUDE,LONGITUD,SP_JUR,HARM_EV,MAN_COLL,RELJCT1,RELJCT2,TYP_INT,WRK_ZONE,REL_ROAD,LGT_COND,WEATHER1,WEATHER2,WEATHER,SCH_BUS,RAIL,NOT_HOUR,NOT_MIN,ARR_HOUR,ARR_MIN,HOSP_HR,HOSP_MN,CF1,CF2,CF3,FATALS,DRUNK_DR
6,60065,1,1,0,0,0,2,2,29,0,13,1,2012,6,6,5,1,2,3,SR-178,,138,35.44668889,-118.7883389,0,17,0,0,1,1,0,4,4,1,0,1,0,0000000,99,99,99,99,99,99,0,0,0,1,1
6,60066,2,2,0,0,0,2,2,61,0,9,1,2012,2,18,47,0,2,3,SR-89,,183,39.26738056,-120.2090611,0,12,2,0,1,1,0,1,2,1,0,1,0,0000000,99,99,99,99,99,99,0,0,0,1,1
6,60067,1,1,0,0,0,2,2,77,2070,10,1,2012,3,11,5,0,15,6,WALNUT AVE,,0,37.80236389,-121.2288639,0,10,0,0,6,1,0,1,1,1,0,1,0,752443m,99,99,99,99,99,99,0,0,0,1,0
6,60068,1,1,0,0,0,1,1,61,3110,10,1,2012,3,11,47,0,14,6,FIDDYMENT RD,,0,38.79364444,-121.3584861,0,59,0,0,1,1,0,4,1,1,0,1,0,0000000,99,99,99,99,99,99,0,0,0,1,0
6,60069,1,1,0,1,1,2,2,37,1980,10,1,2012,3,17,30,0,13,6,SUNLAND BL,,0,34.26025556,-118.337675,0,8,0,0,1,1,0,1,3,1,0,1,0,0000000,99,99,99,99,88,88,0,0,0,1,1
6,60070,2,2,0,0,0,4,4,97,0,19,1,2012,5,17,25,0,3,4,CR-MARK WEST SPRINGS RD,CROSS CREEK RD,0,38.50769167,-122.7199111,0,12,6,0,2,3,0,1,2,1,0,1,0,0000000,99,99,99,99,88,88,0,0,0,1,0
6,60071,2,2,0,0,0,3,3,71,0,20,1,2012,6,11,0,1,2,3,SR-18,,563,34.27551111,-116.8188889,0,1,0,0,1,1,0,5,1,1,0,1,0,0000000,99,99,99,99,99,99,0,0,0,1,0
6,60072,2,2,0,0,0,2,2,71,1603,20,1,2012,6,16,22,0,14,6,HESPERIA RD,SEQUOIA ST,0,34.46906111,-117.2923306,0,12,6,0,2,2,0,1,1,1,0,1,0,0000000,99,99,99,99,99,99,0,0,0,1,0
6,60073,1,1,0,1,1,1,1,59,3420,20,1,2012,6,18,41,0,15,6,BROADWAY,WALNUT ST,0,33.74437222,-117.8697306,0,9,0,0,3,2,0,1,3,1,0,1,0,0000000,99,99,99,99,99,99,16,0,0,1,0
6,60074,2,2,0,0,0,2,2,73,1200,24,1,2012,3,16,40,1,11,1,I-15,,267,33.06651111,-117.0692194,0,30,0,1,19,1,0,4,1,1,0,1,0,0000000,99,99,99,99,88,88,14,0,0,1,0
6,60075,2,2,0,0,0,3,3,13,3010,25,1,2012,4,5,40,1,11,1,I-80,,8,37.90538056,-122.3141389,0,12,7,0,1,1,0,1,3,10,0,10,0,0000000,99,99,99,99,88,88,0,0,0,1,0
6,60076,1,1,0,0,0,1,1,37,639,5,1,2012,5,15,52,1,12,3,SR-91,,198,33.87028889,-118.0555389,0,43,0,0,1,1,0,5,1,1,0,1,0,0000000,99,99,99,99,88,88,0,0,0,1,0
6,60077,1,1,0,0,0,4,4,113,4258,6,1,2012,6,21,0,1,11,1,I-5 RAMP,,57,38.67243056,-121.7293194,0,34,0,1,5,1,0,5,3,1,0,1,0,0000000,99,99,99,99,99,99,0,0,0,1,1
6,60078,2,2,0,0,0,5,5,71,0,7,1,2012,7,14,30,1,1,1,I-15,,1128,35.07911944,-116.3930194,0,1,0,0,1,1,0,3,1,1,0,1,0,0000000,99,99,99,99,99,99,0,0,0,1,0
6,60079,1,1,0,0,0,1,1,73,0,8,1,2012,1,13,55,0,2,3,SR-76,,371,33.30111389,-116.9154167,0,1,0,0,1,1,0,1,1,1,0,1,0,0000000,99,99,99,99,88,88,0,0,0,1,0
6,60080,1,1,0,1,1,1,1,37,4190,13,1,2012,6,10,38,0,16,6,WHITTIER BLVD,ROCKNE AVE,0,33.99101389,-118.0655694,0,9,0,0,2,2,0,1,1,1,0,1,0,0000000,99,99,99,99,88,88,0,0,0,1,0
6,60081,3,3,0,0,0,5,5,65,290,14,1,2012,7,5,10,0,12,3,SR-60,WESTERN KNOLLS AVE,300,33.93349444,-117.0081972,0,12,6,1,2,3,0,1,2,1,0,1,0,0000000,99,99,99,99,99,99,0,0,0,1,0
6,60082,2,2,0,0,0,5,5,85,2000,14,1,2012,7,15,47,0,12,3,SR-85,,115,37.26171944,-121.9727889,0,12,7,0,1,1,0,1,1,10,0,10,0,0000000,99,99,99,99,99,99,0,0,0,2,1
6,60083,2,2,0,0,0,3,3,5,0,14,1,2012,7,16,25,0,4,4,CR-SHENANDOAH RD,,0,38.53368056,-120.7589194,0,12,2,0,1,1,0,1,1,1,0,1,0,0000000,99,99,99,99,99,99,0,0,0,1,1
6,60084,1,1,0,0,0,1,1,57,0,14,1,2012,7,19,19,1,1,1,I-80,,67,39.33095833,-120.2877222,0,24,0,0,1,1,0,4,2,1,0,1,0,0000000,99,99,99,99,88,88,0,0,0,1,0
6,60085,1,1,0,1,1,1,1,67,0,14,1,2012,7,19,1,0,2,4,CR-FAIR OAKS BLVD,,0,38.6349,-121.3280111,0,8,0,0,1,1,0,1,2,1,0,1,0,0000000,99,99,99,99,99,99,0,0,0,1,0
6,60086,1,1,0,1,1,1,1,41,3410,14,1,2012,7,21,34,0,13,6,2ND ST,G ST,0,37.97283056,-122.5377028,0,8,0,0,2,2,0,1,3,1,0,1,0,0000000,99,99,99,99,88,88,0,0,0,1,0
6,60087,2,2,0,0,0,3,3,37,1970,15,1,2012,1,17,12,0,13,6,7TH ST,REDONDO AVE,0,33.77534167,-118.1524194,0,12,6,0,2,2,0,1,3,1,0,1,0,0000000,99,99,99,99,88,88,0,0,0,1,0
6,60088,1,1,0,0,0,2,2,37,0,15,1,2012,1,19,49,1,2,3,SR-14,,536,34.50105,-118.1198194,0,1,0,0,1,1,0,5,2,10,0,10,0,0000000,99,99,99,99,88,88,0,0,0,2,0
6,60089,1,1,0,1,1,1,1,115,0,16,1,2012,2,19,55,0,3,5,N BEALE RD,HAMMONTON SMARTVILLE,0,39.12763056,-121.5554806,0,9,0,0,3,2,0,1,3,1,0,1,0,0000000,99,99,99,99,99,99,0,0,0,1,0
6,60090,1,1,0,1,1,1,1,89,2950,17,1,2012,3,5,47,0,14,6,PLACER ST,AIRPARK DR,0,40.57845556,-122.4057889,0,8,0,0,3,3,0,1,3,1,0,1,0,0000000,99,99,99,99,88,88,0,0,0,1,0
6,60091,2,2,0,0,0,2,2,45,0,19,1,2012,5,9,30,0,2,3,SR-20,,126,39.23745833,-123.1111833,0,12,6,0,1,1,0,1,1,2,10,2,0,0000000,99,99,99,99,99,99,0,0,0,1,0
6,60092,1,1,0,1,1,2,2,73,4060,19,1,2012,5,6,15,0,13,6,N MELROSE DR,HIGHLAND DR,0,33.21106944,-117.2555639,0,8,0,0,3,3,0,1,3,1,0,1,0,0000000,99,99,99,99,88,88,0,0,0,1,0
6,60093,2,2,0,0,0,2,2,73,0,23,1,2012,2,14,10,0,3,4,CR-SAN VINCENTE RD,,0,32.99928889,-116.8618194,0,12,6,0,1,1,0,1,1,2,10,2,0,0000000,99,99,99,99,88,88,0,0,0,1,0
6,60094,1,1,0,1,1,1,1,39,0,23,1,2012,2,17,55,0,4,4,CR-ADELL ST,OWENS ST,0,36.98282222,-120.0699722,0,8,0,0,3,3,0,1,2,1,0,1,0,0000000,99,99,99,99,88,88,0,0,0,1,0
6,60095,1,1,0,0,0,1,1,37,1980,24,1,2012,3,22,0,0,13,6,REDONDO BEACH BLVD,,0,33.87896389,-118.3387472,0,30,0,0,1,1,0,4,3,1,0,1,0,0000000,99,99,99,99,99,99,0,0,0,1,0
6,60096,2,2,0,0,0,2,2,31,0,25,1,2012,4,9,35,0,4,4,CR-FLINT AVE,,0,36.37191111,-119.5739556,0,12,6,0,8,1,0,1,1,5,0,5,0,0000000,99,99,99,99,88,88,0,0,0,1,0
6,60097,1,1,0,1,1,1,1,37,0,25,1,2012,4,19,30,0,2,4,CR-ATLANTIC BLVD,,0,34.01279444,-118.1594028,0,8,0,0,1,1,0,1,3,1,0,1,0,0000000,99,99,99,99,99,99,0,0,0,1,0
6,60098,3,3,0,0,0,8,8,65,0,25,1,2012,4,21,28,0,3,4,CR-GILMAN SPRINGS RD,,0,33.83228889,-116.9840917,0,12,2,0,1,1,0,1,3,1,0,1,0,0000000,99,99,99,99,99,99,0,0,0,1,0
6,60099,2,2,0,0,0,4,4,71,2238,25,1,2012,4,22,40,0,13,6,HOLT BLVD,MONTE VISTA AVE,0,34.06320556,-117.6982778,0,12,6,0,2,2,0,1,3,1,0,1,0,0000000,99,99,99,99,99,99,0,0,0,1,0
6,60100,2,2,0,0,0,2,2,89,0,27,1,2012,6,15,15,1,1,1,I-5,,85,40.49357778,-122.3303722,0,12,1,0,1,1,0,1,1,1,0,1,0,0000000,99,99,99,99,99,99,0,0,0,1,0
6,60101,1,1,0,0,0,2,2,23,0,27,1,2012,6,19,40,0,4,4,CR-MATTOLE RD,,0,40.33493889,-124.3061083,0,38,0,0,1,1,0,4,2,1,0,1,0,0000000,99,99,99,99,88,88,0,0,0,1,1
6,60102,3,3,0,0,0,4,4,71,3210,27,1,2012,6,17,47,1,2,3,SR-18,,119,34.22810833,-117.2902889,0,12,2,0,1,1,0,1,2,1,0,1,0,0000000,99,99,99,99,99,99,0,0,0,1,1
6,60103,1,1,0,0,0,4,4,67,3150,28,1,2012,7,16,10,0,16,6,26TH AVE,,0,38.52868611,-121.4810944,0,10,0,0,6,1,0,1,1,1,0,1,0,9999999,99,99,99,99,99,99,0,0,0,3,0
6,60104,1,1,0,2,2,1,1,71,3210,28,1,2012,7,17,57,0,14,6,E HIGHLAND AVE,,0,34.13583056,-117.2311722,0,8,0,0,1,1,0,1,5,1,0,1,0,0000000,99,99,99,99,99,99,0,0,0,1,0
6,60105,2,2,0,0,0,5,5,19,0,28,1,2012,7,20,38,0,3,4,CR-NORTH AVE,DEL REY AVE,0,36.69213889,-119.5922389,0,12,6,0,2,2,0,1,2,1,0,1,0,0000000,99,99,99,99,99,99,0,0,0,2,0
6,60106,1,1,0,1,1,1,1,59,3420,28,1,2012,7,20,38,0,15,6,BROADWAY,,0,33.74143333,-117.8697694,0,8,0,0,1,1,0,1,3,1,0,1,0,0000000,99,99,99,99,88,88,0,0,0,1,0
6,60107,1,1,0,1,1,1,1,19,1370,28,1,2012,7,23,48,0,16,6,ANDREWS AVE,SHELLY AVE,0,36.77995556,-119.6717444,0,8,0,0,3,3,0,1,3,1,0,1,0,0000000,99,99,99,99,99,99,0,0,0,1,1
6,60108,3,3,0,0,0,5,5,29,0,22,1,2012,1,14,10,0,3,4,CR-7TH STANDARD RD,SHAFTER AVE,0,35.44173056,-119.27905,0,12,6,0,2,3,0,1,1,10,0,10,0,0000000,99,99,99,99,99,99,0,0,0,1,0
6,60109,3,3,0,0,0,7,7,1,1364,23,1,2012,2,13,30,0,14,6,FREMONT BLVD,DELAWARE DR,0,37.51886667,-121.9550778,0,12,6,0,2,2,0,1,1,10,0,10,0,0000000,99,99,99,99,99,99,20,0,0,2,1
6,60110,1,1,0,0,0,1,1,37,1980,23,1,2012,2,22,20,0,14,6,SAN PEDRO ST,,0,33.95846944,-118.269975,0,33,0,0,1,1,0,4,3,1,0,1,0,0000000,99,99,99,99,99,99,0,0,0,1,1
6,60111,2,2,0,0,0,2,2,37,3445,24,1,2012,3,13,21,1,12,3,SR-14,,292,34.38933056,-118.4778,0,12,6,0,1,1,0,1,1,1,0,1,0,0000000,99,99,99,99,99,99,0,0,0,1,0
6,60112,2,2,0,0,0,2,2,65,612,14,1,2012,7,19,42,1,11,1,I-10,,363,33.87861111,-116.5022806,0,12,1,0,1,1,0,1,2,1,0,1,0,0000000,99,99,99,99,99,99,19,0,0,1,0
6,60113,1,1,0,1,1,1,1,107,4050,9,1,2012,2,17,39,0,15,6,TULARE AVE,GARDEN ST,0,36.32007778,-119.2897472,0,8,0,0,3,2,0,1,3,1,0,1,0,0000000,99,99,99,99,99,99,0,0,0,1,0
6,60114,1,1,0,0,0,2,2,25,0,16,1,2012,2,16,20,1,1,1,I-8,,742,32.70883056,-114.9466306,0,1,0,0,1,1,0,3,1,6,0,6,0,0000000,99,99,99,99,99,99,0,0,0,1,0
6,60115,1,1,0,0,0,1,1,37,0,28,1,2012,7,99,99,0,4,4,CR-AVENUE R,90TH ST EAST,0,34.57231111,-117.9736306,0,17,0,0,3,3,0,5,9,1,0,1,0,0000000,99,99,99,99,88,88,0,0,0,1,1
6,60116,2,1,1,0,0,1,1,37,1980,29,1,2012,1,1,25,1,12,2,US-101,,70,34.10436944,-118.3240694,0,14,0,0,1,1,0,2,3,1,0,1,0,0000000,99,99,99,99,88,88,0,0,0,1,1
6,60117,1,1,0,0,0,2,2,37,1980,4,2,2012,7,1,50,0,16,6,TAMPA AVE,,0,34.27731389,-118.5590889,0,42,0,0,1,1,0,4,3,1,0,1,0,0000000,99,99,99,99,99,99,0,0,0,1,1
6,60118,1,1,0,1,1,1,1,73,710,4,2,2012,7,3,54,1,11,1,I-805,,81,32.65141111,-117.0673694,0,8,0,0,1,1,0,1,2,1,0,1,0,0000000,99,99,99,99,88,88,0,0,0,1,0
6,60119,2,2,0,0,0,2,2,19,0,4,2,2012,7,15,10,0,4,4,CR-CORNELIA AVE,BELMONT AVE,0,36.75001111,-119.8802694,0,12,6,0,2,2,0,1,1,1,0,1,0,0000000,99,99,99,99,99,99,0,0,0,1,1
6,60120,1,1,0,1,1,2,2,77,0,4,2,2012,7,18,30,0,4,4,CR-ESCALON BELLOTA RD,,0,37.8097,-120.99705,0,8,0,0,1,1,0,1,2,1,0,1,0,0000000,99,99,99,99,99,99,0,0,0,1,0
6,60121,2,2,0,0,0,2,2,67,1108,4,2,2012,7,22,20,0,12,3,SR-99,,144,38.25524722,-121.2356222,0,12,1,0,1,1,0,1,3,1,0,1,0,0000000,99,99,99,99,88,88,0,0,0,1,1
6,60122,1,1,0,1,1,1,1,113,980,4,2,2012,7,23,1,0,14,6,ARLINGTON BLVD,SHASTA DR,0,38.55348889,-121.7813806,0,8,0,0,2,3,0,1,3,1,0,1,0,0000000,99,99,99,99,99,99,0,0,0,1,0
6,60123,1,1,0,0,0,1,1,1,3360,11,1,2012,4,18,3,1,11,1,I-238 RAMP,,163,37.69103889,-122.1310056,0,24,0,1,5,1,0,4,3,1,0,1,0,0000000,99,99,99,99,88,88,0,0,0,1,1
6,60124,1,1,0,0,0,1,1,73,710,13,1,2012,6,16,10,1,12,3,SR-125,,48,32.65578889,-116.9724306,0,24,0,0,1,1,0,4,1,1,0,1,0,0000000,99,99,99,99,99,99,0,0,0,1,0
6,60125,3,1,2,0,0,5,5,37,1980,18,1,2012,4,19,35,0,13,6,MANCHESTER AVE,,0,33.95997778,-118.3034444,0,14,0,0,1,1,0,7,3,1,0,1,0,0000000,99,99,99,99,99,99,14,0,0,1,0
6,60126,3,1,2,0,0,2,2,37,1980,19,1,2012,5,5,45,0,14,6,VANOWEN ST,,0,34.19371944,-118.6347833,0,14,0,0,1,1,0,7,4,1,0,1,0,0000000,99,99,99,99,99,99,14,0,0,1,0
6,60127,1,1,0,1,1,4,4,67,3150,19,1,2012,5,17,10,0,13,6,FRUITRIDGE RD,58TH ST,0,38.52501389,-121.4386278,0,8,0,0,3,3,0,1,5,10,2,2,0,0000000,99,99,99,99,99,99,0,0,0,1,0
6,60128,1,1,0,1,1,1,1,37,1980,19,1,2012,5,22,50,1,11,1,I-5,,445,34.32151944,-118.4978,0,8,0,0,1,1,0,1,2,1,0,1,0,0000000,99,99,99,99,88,88,23,0,0,1,0
6,60129,1,1,0,0,0,3,3,73,0,29,1,2012,1,11,0,0,4,4,CR-BUCKMAN SPRINGS RD,,0,32.66255833,-116.4879944,0,34,0,0,1,1,0,4,1,1,0,1,0,0000000,99,99,99,99,99,99,0,0,0,1,0
6,60130,1,1,0,1,1,1,1,37,2645,31,1,2012,3,15,25,0,16,6,RANCHO VISTA BLVD,22ND ST,0,34.60169167,-118.1698194,0,8,0,0,2,3,0,1,1,1,0,1,0,0000000,99,99,99,99,99,99,0,0,0,1,0
6,60131,1,1,0,0,0,1,1,19,0,31,1,2012,3,18,25,0,6,4,CR-RUTH HILL RD,,0,36.72533056,-119.2227889,0,31,0,0,1,1,0,4,2,1,0,1,0,0000000,99,99,99,99,99,99,0,0,0,1,0
6,60132,2,1,1,0,1,1,2,71,680,1,2,2012,4,3,9,1,12,3,SR-60,,23,34.03011944,-117.6904056,0,14,0,1,18,1,0,2,3,1,0,1,0,0000000,99,99,99,99,99,99,0,0,0,1,1
6,60133,1,1,0,1,1,1,1,111,2270,1,2,2012,4,15,40,0,14,6,SPRING RD,,0,34.27804167,-118.8747056,0,8,0,0,8,1,0,1,1,1,0,1,0,0000000,99,99,99,99,99,99,0,0,0,1,0
6,60134,1,1,0,0,0,1,1,73,0,22,1,2012,1,14,15,0,4,4,CR-MONTEZUMA VLY RD,,0,33.21005,-116.4794111,0,24,0,0,1,1,0,4,1,1,0,1,0,0000000,99,99,99,99,88,88,0,0,0,1,0
6,60135,2,2,0,0,0,3,3,1,1364,7,1,2012,7,19,38,1,11,1,I-680,,15,37.48351944,-121.9133389,0,12,1,0,1,1,0,1,3,1,0,1,0,0000000,99,99,99,99,99,99,0,0,0,1,0
6,60136,1,1,0,0,0,2,2,77,0,20,1,2012,6,8,55,0,4,4,CR-BIRD RD,,0,37.71021944,-121.3615111,0,39,0,0,1,1,0,4,1,10,0,10,0,0000000,99,99,99,99,99,99,0,0,0,1,0
6,60137,1,1,0,1,1,1,1,115,0,20,1,2012,6,18,40,0,4,4,CR-LINDHURST AVE,,0,39.12123056,-121.5655611,0,8,0,0,1,1,0,1,3,10,2,2,0,0000000,99,99,99,99,99,99,0,0,0,1,0
6,60138,1,1,0,1,1,1,1,113,0,21,1,2012,7,3,50,0,2,3,SR-113,,44,38.59041111,-121.7671167,0,8,0,0,1,1,0,1,3,10,0,10,0,0000000,99,99,99,99,88,88,0,0,0,1,0
6,60139,1,1,0,1,1,1,1,59,1410,21,1,2012,7,12,36,0,13,6,BROOKHURST ST,STANDFORD AVE,0,33.76102778,-117.9548639,0,8,0,0,3,2,0,1,1,1,0,1,0,0000000,99,99,99,99,99,99,0,0,0,1,0
6,60140,2,2,0,0,0,3,3,85,3340,16,1,2012,2,8,5,1,12,2,US-101,,208,37.18628889,-121.6867889,0,12,6,0,1,1,0,1,1,1,0,1,0,0000000,99,99,99,99,99,99,0,0,0,1,0
6,60141,1,1,0,1,1,1,1,67,3150,10,1,2012,3,21,37,0,13,6,J ST,26TH ST,0,38.5745,-121.4717167,0,9,0,0,3,2,0,1,3,1,0,1,0,0000000,99,99,99,99,99,99,0,0,0,1,0
6,60142,1,1,0,1,1,1,1,25,520,11,1,2012,4,18,58,1,13,3,SR-111,4TH ST,5,32.66875833,-115.4985972,0,9,0,0,3,3,0,1,3,1,0,1,0,0000000,99,99,99,99,99,99,0,0,0,1,0
6,60143,1,1,0,0,0,1,1,65,0,14,1,2012,7,14,55,0,3,4,CR-S PALM CANYON DR,,0,33.77049444,-116.5456194,0,17,0,0,1,1,0,4,1,1,0,1,0,0000000,99,99,99,99,99,99,0,0,0,1,1
6,60144,1,1,0,1,1,1,1,25,1090,17,1,2012,3,13,19,0,13,3,SR-86,BRADSHAW RD,83,32.81096389,-115.5699611,0,15,0,0,3,2,0,1,1,1,0,1,0,0000000,99,99,99,99,99,99,0,0,0,1,0
6,60145,1,1,0,0,0,1,1,37,1980,21,1,2012,7,12,0,0,16,6,HOLMBY AVE,LINDBROOK DR,0,34.067175,-118.4311417,0,42,0,0,3,2,0,4,1,1,0,1,0,0000000,12,0,99,99,99,99,0,0,0,1,0
6,60146,1,1,0,1,1,1,1,59,470,21,1,2012,7,15,57,0,13,3,SR-39,,132,33.83865,-117.9949417,0,8,0,0,1,1,0,1,1,1,0,1,0,0000000,99,99,99,99,99,99,0,0,0,1,0
6,60147,4,4,0,0,0,6,6,73,0,21,1,2012,7,17,35,0,4,4,CR-CAMINO DEL REY,,0,33.27191111,-117.17525,0,1,0,0,1,1,0,1,2,10,0,10,0,0000000,99,99,99,99,88,88,14,0,0,1,0
6,60148,2,2,0,0,0,3,3,107,3920,21,1,2012,7,17,45,1,2,3,SR-99,,220,36.21508889,-119.3293,0,12,7,0,1,1,0,1,2,1,0,1,0,0000000,99,99,99,99,88,88,0,0,0,1,1
6,60149,3,2,1,0,0,4,4,29,240,22,1,2012,1,8,1,0,15,6,AKERS RD,WHITE LN,0,35.317675,-119.0478194,0,12,6,0,2,2,0,1,1,10,0,10,0,0000000,99,99,99,99,99,99,0,0,0,1,1
6,60150,2,2,0,0,0,2,2,71,0,25,1,2012,4,6,50,1,1,1,I-15,,264,34.35385,-117.4380694,0,12,6,0,1,1,0,1,1,6,0,6,0,0000000,99,99,99,99,88,88,0,0,0,1,0
6,60151,3,3,0,0,0,3,3,111,0,25,1,2012,4,11,45,1,13,3,SR-118,,24,34.27273056,-119.1334611,0,24,0,0,1,1,0,4,1,1,0,1,0,0000000,99,99,99,99,99,99,0,0,0,1,1
6,60152,1,1,0,1,1,1,1,71,4000,30,1,2012,2,12,5,0,13,6,EUCLID AVE,17TH ST,0,34.12512778,-117.6513722,0,8,0,0,3,2,0,1,1,1,0,1,0,0000000,99,99,12,9,99,99,0,0,0,1,0
6,60153,2,2,0,0,0,2,2,29,240,9,1,2012,2,4,59,0,12,6,7TH STANDARD RD,ZERKER RD,0,35.44148611,-119.154325,0,12,6,0,2,2,0,1,3,1,0,1,0,0000000,99,99,99,99,99,99,0,0,0,1,0
6,60154,1,1,0,0,0,7,7,53,0,13,1,2012,6,23,35,0,4,4,CR-MIGUEL CANYON RD,,0,36.84386111,-121.6894611,0,53,0,0,1,1,0,5,2,1,0,1,0,0000000,99,99,99,99,99,99,0,0,0,1,1
6,60155,2,2,0,0,0,6,6,33,0,14,1,2012,7,19,58,0,2,3,SR-29,,185,38.88501111,-122.60385,0,12,6,0,1,1,0,1,2,1,0,1,0,0000000,99,99,99,99,99,99,0,0,0,3,0
6,60156,3,1,2,2,4,3,5,111,0,15,1,2012,1,5,40,0,3,3,SR-1,,267,34.33308889,-119.4031306,0,14,0,0,1,1,0,5,3,1,0,1,0,0000000,99,99,99,99,99,99,14,0,0,1,1
6,60157,2,2,0,0,0,2,2,85,3440,19,1,2012,5,20,45,0,16,6,FRANCIS AVE,,0,37.361925,-121.9803306,0,12,1,0,8,1,0,1,3,10,0,10,0,0000000,99,99,99,99,88,88,0,0,0,1,2
6,60158,3,1,2,0,0,1,1,37,1980,30,1,2012,2,3,15,0,14,6,ROSCOMARE RD,,0,34.08758333,-118.4601917,0,14,0,0,1,1,0,2,3,1,0,1,0,0000000,99,99,99,99,99,99,14,0,0,1,0
6,60159,3,3,0,0,0,3,3,87,0,10,2,2012,6,10,38,0,2,3,SR-129,,32,36.9242,-121.7005,0,12,8,0,1,1,0,1,1,1,0,1,0,0000000,99,99,99,99,99,99,0,0,0,1,0
6,60160,1,1,0,1,1,1,1,59,1345,10,2,2012,6,12,31,0,13,6,WARNER AVE,,0,33.71646389,-117.9265167,0,8,0,0,1,1,0,1,1,1,0,1,0,0000000,99,99,99,99,99,99,0,0,0,1,0
6,60161,1,1,0,1,1,1,1,37,3105,10,2,2012,6,14,45,0,14,6,GARVEY AVE,WALNUT GROVE AVE,0,34.06267778,-118.0820111,0,8,0,0,3,2,0,1,1,1,0,1,0,0000000,99,99,99,99,88,88,0,0,0,1,0
6,60162,1,1,0,0,0,2,2,19,0,10,2,2012,6,16,53,0,3,4,CR-MARKS AVE,,0,36.41608056,-119.8512306,0,31,0,0,1,1,0,5,1,1,0,1,0,0000000,99,99,99,99,99,99,0,0,0,1,0
6,60163,3,3,0,0,0,3,3,85,537,10,2,2012,6,18,33,0,13,6,BASCOM AVE,,0,37.29063056,-121.9319306,0,30,0,0,1,1,0,5,3,1,0,1,0,0000000,99,99,99,99,99,99,0,0,0,1,1
6,60164,1,1,0,1,1,1,1,37,2645,10,2,2012,6,19,20,0,13,6,RANCHO VISTA BL,,0,34.60181667,-118.1838361,0,8,0,0,1,1,0,1,3,10,0,10,0,0000000,99,99,99,99,88,88,0,0,0,1,0
6,60165,1,1,0,1,1,1,1,65,1690,4,1,2012,4,15,26,0,14,6,MONROE ST,,0,33.71690833,-116.2338111,0,9,0,0,8,1,0,3,1,1,0,1,0,0000000,99,99,99,99,99,99,0,0,0,1,0
6,60166,1,1,0,1,1,1,1,67,3150,11,1,2012,4,20,33,0,15,6,DEL PASO BLVD,FRIENZA WAY,0,38.61303056,-121.4461528,0,8,0,0,3,3,0,1,3,1,0,1,0,0000000,99,99,99,99,99,99,0,0,0,1,0
6,60167,1,1,0,0,0,1,1,65,0,14,1,2012,7,5,0,0,3,4,CR-RAMONA EXPRESSWAY,,0,33.83778889,-117.1251111,0,59,0,0,1,1,0,6,2,1,0,1,0,0000000,99,99,99,99,88,88,0,0,0,1,1
6,60168,2,2,0,0,0,6,6,25,0,21,1,2012,7,12,45,0,2,3,SR-86,FREDRICKS RD,242,33.00096111,-115.59045,0,12,6,0,2,2,0,1,1,10,0,10,0,0000000,99,99,99,99,99,99,0,0,0,2,1
6,60169,2,2,0,0,0,5,5,29,0,28,1,2012,7,2,46,1,1,1,I-5,,629,35.50347222,-119.5383611,0,12,6,0,1,1,0,1,2,1,0,1,0,0000000,99,99,99,99,99,99,0,0,0,1,0
6,60170,3,3,0,0,0,3,3,37,3455,4,2,2012,7,0,48,0,13,6,CARMENITA RD,ALONDRA BLVD,0,33.88787778,-118.046625,0,12,6,0,2,2,0,1,3,1,0,1,0,0000000,99,99,99,99,99,99,0,0,0,1,1
6,60171,1,1,0,0,0,2,2,37,0,5,2,2012,1,1,10,0,3,3,SR-39,,287,34.06887222,-117.9078361,0,35,0,0,1,1,0,5,2,1,0,1,0,0000000,99,99,99,99,99,99,0,0,0,1,1
6,60172,1,1,0,0,0,2,2,37,1980,5,2,2012,1,2,5,0,13,6,LEIMERT BLVD,11TH AVE,0,34.005275,-118.3296,0,46,0,0,3,2,0,4,3,1,0,1,0,0000000,99,99,99,99,99,99,20,0,0,1,1
6,60173,1,1,0,0,0,1,1,71,2550,5,2,2012,1,15,5,0,2,4,CR-CENTRAL AVE,,0,34.05734722,-117.6892861,0,42,0,0,1,1,0,3,1,1,0,1,0,0000000,99,99,99,99,99,99,0,0,0,1,1
6,60174,1,1,0,0,0,1,1,73,0,5,2,2012,1,15,40,0,4,4,CR-RICHLAND RD,,0,33.15926111,-117.1412306,0,39,0,0,1,1,0,2,1,1,0,1,0,0000000,99,99,99,99,99,99,0,0,0,1,1
6,60175,1,1,0,1,1,1,1,37,1980,5,2,2012,1,18,15,0,16,6,AVENUE 26,HURON ST,0,34.08450833,-118.2232028,0,8,0,0,3,2,0,1,3,1,0,1,0,0000000,99,99,99,99,99,99,0,0,0,1,0