STATE,ST_CASE,VE_TOTAL,VE_FORMS,PVH_INVL,PEDS,PERNOTMVIT,PERMVIT,PERSONS,COUNTY,CITY,DAY,MONTH,YEAR,DAY_WEEK,HOUR,MINUTE,NHS,ROAD_FNC,ROUTE,TWAY_ID,TWAY_ID2,MILEPT,LATITUDE,LONGITUD,SP_JUR,HARM_EV,MAN_COLL,RELJCT1,RELJCT2,TYP_INT,WRK_ZONE,REL_ROAD,LGT_COND,WEATHER1,WEATHER2,WEATHER,SCH_BUS,RAIL,NOT_HOUR,NOT_MIN,ARR_HOUR,ARR_MIN,HOSP_HR,HOSP_MN,CF1,CF2,CF3,FATALS,DRUNK_DR
6,60176,1,1,0,0,0,2,2,33,0,5,2,2012,1,19,20,0,2,3,SR-20,,196,39.06145,-122.7823611,0,1,0,0,1,1,0,1,2,10,0,10,0,0000000,99,99,99,99,99,99,0,0,0,1,0
6,60177,1,1,0,1,1,1,1,59,3558,5,2,2012,1,20,49,0,13,3,SR-1,,313,33.72630833,-118.0806889,0,8,0,0,1,1,0,1,3,1,0,1,0,0000000,99,99,99,99,88,88,0,0,0,1,0
6,60178,1,1,0,0,0,1,1,19,0,5,2,2012,1,21,15,0,4,4,CR-MCCALL AVE,,0,36.53981111,-119.6107278,0,31,0,0,1,1,0,5,2,1,0,1,0,0000000,99,99,99,99,88,88,0,0,0,1,1
6,60179,1,1,0,0,0,1,1,53,0,5,2,2012,1,99,99,0,13,3,SR-68,,35,36.59648056,-121.9222,0,1,0,0,1,1,0,5,2,1,0,1,0,0000000,99,99,99,99,88,88,0,0,0,1,1
6,60180,1,1,0,1,1,1,1,37,1980,7,2,2012,3,1,20,1,12,2,US-101,,82,34.11796111,-118.3372,0,8,0,1,18,1,0,1,3,1,0,1,0,0000000,99,99,99,99,88,88,0,0,0,1,0
6,60181,1,1,0,0,0,1,1,73,0,7,2,2012,3,14,20,0,3,4,CR-VALLEY CENTER RD,,0,33.23083889,-117.0352194,0,33,0,0,1,1,0,4,1,10,0,10,0,0000000,99,99,99,99,99,99,0,0,0,1,0
6,60182,1,1,0,1,1,1,1,73,3260,7,2,2012,3,19,58,0,13,6,LA JOLLA VILLAGE DR,EXECUTIVE WAY,0,32.87368611,-117.2095472,0,8,0,0,3,2,0,1,3,10,0,10,0,0000000,99,99,99,99,99,96,0,0,0,1,0
6,60183,1,1,0,2,2,1,1,59,0,8,2,2012,4,17,51,0,3,5,GILBERT ST,GUINIDA LN,0,33.81438056,-117.9674889,0,8,0,0,3,3,0,1,3,1,0,1,0,0000000,99,99,99,99,99,99,0,0,0,1,0
6,60184,1,1,0,1,1,1,1,71,0,8,2,2012,4,20,47,0,3,4,CR-ARROW BLVD,,0,34.09921111,-117.5007944,0,8,0,0,1,1,0,1,3,1,0,1,0,0000000,99,99,99,99,88,88,0,0,0,1,0
6,60185,1,1,0,1,1,1,1,39,0,9,2,2012,5,1,48,1,2,3,SR-41,ROAD 208,114,37.03933056,-119.7811111,0,8,0,0,2,2,0,1,2,1,0,1,0,0000000,99,99,99,99,88,88,0,0,0,1,0
6,60186,1,1,0,1,1,1,1,73,3260,9,2,2012,5,7,5,0,14,6,ULRIC ST,,0,32.78616111,-117.1693361,0,8,0,0,1,1,0,1,1,1,0,1,0,0000000,99,99,99,99,99,99,0,0,0,1,0
6,60187,2,2,0,0,0,2,2,47,0,9,2,2012,5,9,35,0,2,3,SR-33,COTTONWOOD RD,235,37.18773889,-121.0125806,0,1,0,0,2,2,0,1,1,1,0,1,0,0000000,99,99,99,99,88,88,0,0,0,1,0
6,60188,2,2,0,0,0,4,4,37,2970,21,1,2012,7,3,3,0,14,6,GRANT AVE,RINDGE LN,0,33.86904167,-118.3726972,0,12,2,0,3,2,0,1,3,2,0,2,0,0000000,99,99,99,99,99,99,0,0,0,1,0
6,60189,1,1,0,0,0,1,1,71,2550,22,1,2012,1,19,46,0,16,6,MERRILL ST,,0,33.98276389,-117.5933944,0,42,0,0,1,1,0,4,2,1,0,1,0,0000000,99,99,99,99,99,99,0,0,0,1,1
6,60190,1,1,0,1,1,1,1,37,1550,22,1,2012,1,21,49,0,14,6,120TH ST,,0,33.92371667,-118.3238722,0,8,0,0,1,1,0,1,3,1,0,1,0,0000000,99,99,99,99,99,99,0,0,0,1,1
6,60191,1,1,0,1,1,1,1,71,4040,23,1,2012,2,4,6,1,12,3,SR-18,,1033,34.50654167,-117.5542,0,8,0,0,1,1,0,1,2,10,0,10,0,0000000,99,99,99,99,88,88,0,0,0,1,0
6,60192,1,1,0,0,0,2,2,77,3880,29,1,2012,1,15,30,1,11,1,I-205,,54,37.75461944,-121.4621694,0,1,0,0,1,1,0,3,1,1,0,1,0,0000000,99,99,99,99,99,99,0,0,0,1,0
6,60193,1,1,0,1,1,3,3,65,0,30,1,2012,2,18,53,0,12,3,SR-74,,442,33.74771111,-116.9079389,0,15,0,0,1,1,0,1,2,1,0,1,0,0000000,99,99,99,99,88,88,0,0,0,1,0
6,60194,1,1,0,1,1,1,1,1,340,30,1,2012,2,19,5,0,16,6,MARIN AVE,TULARE AVE,0,37.88941111,-122.2818694,0,15,0,0,2,2,0,1,3,10,0,10,0,0000000,99,99,99,99,99,99,0,0,0,1,0
6,60195,1,1,0,1,1,1,1,25,0,15,2,2012,4,5,48,0,2,3,SR-115,NORRISH RD,114,32.83295,-115.4061389,0,8,0,0,3,2,0,1,2,1,0,1,0,0000000,99,99,99,99,88,88,0,0,0,1,0
6,60196,1,1,0,1,1,2,2,37,1980,1,2,2012,4,16,5,0,14,6,BUCKINGHAM RD,,0,34.01378889,-118.3424139,0,8,0,0,1,1,0,1,1,1,0,1,0,0000000,99,99,99,99,99,99,0,0,0,1,0
6,60197,1,1,0,1,1,1,1,37,0,1,2,2012,4,18,20,0,6,4,CR-CYPRESS ST,CR-ELLEN DR,0,34.09597222,-117.9293389,0,8,0,0,3,2,0,1,3,1,0,1,0,0000000,99,99,99,99,99,99,0,0,0,1,0
6,60198,1,1,0,1,1,1,1,37,1980,2,2,2012,5,19,50,0,13,6,CRENSHAW BLVD,,0,33.99330833,-118.3307222,0,8,0,0,1,1,0,1,3,1,0,1,0,0000000,99,99,99,99,99,99,0,0,0,1,0
6,60199,2,2,0,0,0,4,4,43,0,14,1,2012,7,18,20,1,12,3,SR-140,,26,37.48627222,-119.9667639,0,12,2,0,1,1,0,1,2,1,0,1,0,0000000,99,99,99,99,99,99,0,0,0,2,0
6,60200,1,1,0,0,0,1,1,53,0,4,2,2012,7,0,12,1,2,2,US-101,,492,36.28176944,-121.1894806,0,1,0,0,1,1,0,3,2,1,0,1,0,0000000,99,99,99,99,88,88,0,0,0,1,0
6,60201,1,1,0,0,0,1,1,7,0,6,2,2012,2,17,10,0,16,4,CR-TARN CT,,0,39.53301111,-121.4704611,0,1,0,0,1,1,0,1,1,1,0,1,0,0000000,99,99,99,99,99,99,0,0,0,1,0
6,60202,1,1,0,1,1,1,1,7,0,6,2,2012,2,19,25,0,12,3,SR-70,,282,39.50369167,-121.5738222,0,9,0,0,1,1,0,1,2,1,0,1,0,0000000,99,99,99,99,88,88,0,0,0,1,0
6,60203,1,1,0,0,0,1,1,35,0,7,2,2012,3,7,47,1,2,2,US-395,,138,39.88757222,-120.0206306,0,35,0,0,1,1,0,5,1,10,0,10,0,0000000,99,99,99,99,88,88,0,0,0,1,0
6,60204,2,1,1,1,1,1,1,37,3300,9,2,2012,5,13,47,0,16,6,CHARLOTTE AVE,CENTRAL AVE,0,34.08808056,-118.0883694,0,43,0,0,3,3,0,5,1,1,0,1,0,0000000,99,99,99,99,99,99,0,0,0,1,0
6,60205,2,2,0,0,0,3,3,37,0,9,2,2012,5,15,34,0,3,4,CR-AVENUE G,70 ST EAST,0,34.73398056,-118.0052806,0,12,6,0,2,2,0,1,1,1,0,1,0,0000000,99,99,99,99,99,99,0,0,0,1,0
6,60206,1,1,0,1,1,1,1,79,0,9,2,2012,5,19,10,0,12,3,SR-1,,506,35.58181944,-121.1174611,0,9,0,0,1,1,0,1,2,1,0,1,0,0000000,99,99,99,99,88,88,0,0,0,1,0
6,60207,2,2,0,0,0,3,3,37,1980,10,2,2012,6,3,0,0,14,6,S BOYLE AVE,E 4TH ST,0,34.04305833,-118.2196417,0,12,6,0,2,2,0,1,3,1,0,1,0,0000000,99,99,99,99,99,99,0,0,0,1,0
6,60208,1,1,0,0,0,1,1,107,4050,10,2,2012,6,8,43,0,14,6,BEN MADDOX WAY,,0,36.32610278,-119.2785417,0,42,0,0,1,1,0,3,1,1,0,1,0,0000000,99,99,99,99,88,88,0,0,0,1,0
6,60209,2,2,0,1,1,5,5,73,3260,15,2,2012,4,15,3,0,15,6,61ST ST,IMPERIAL AVE,0,32.70946667,-117.0667472,0,9,0,0,2,3,0,1,1,10,0,10,0,0000000,99,99,99,99,88,88,0,0,0,1,0
6,60210,2,2,0,0,0,3,3,37,1980,16,2,2012,5,3,43,1,12,2,US-101,,140,34.15661111,-118.4161,0,12,6,0,1,1,0,1,3,1,0,1,0,0000000,99,99,99,99,99,99,19,0,0,1,1
6,60211,3,3,0,1,1,3,3,85,3340,16,2,2012,5,5,56,1,11,1,I-880,,22,37.34374167,-121.9248861,0,25,0,1,18,1,0,3,3,1,0,1,0,0000000,99,99,99,99,99,99,19,0,0,1,0
6,60212,2,2,0,0,0,2,2,101,0,16,2,2012,5,6,5,0,2,3,SR-99,,246,39.05423056,-121.6333806,0,12,2,0,1,1,0,1,2,1,0,1,0,0000000,99,99,99,99,99,99,0,0,0,1,0
6,60213,1,1,0,1,1,1,1,37,1980,17,2,2012,6,4,38,1,11,1,I-5,,178,34.04551111,-118.2153889,0,8,0,1,18,1,0,1,3,1,0,1,0,0000000,99,99,99,99,88,88,0,0,0,1,0
6,60214,3,3,0,0,0,8,8,31,0,17,2,2012,6,18,0,1,2,3,SR-41,JACKSON AVE,378,36.25483056,-119.8088806,0,12,6,0,2,2,0,1,2,1,0,1,0,0000000,99,99,99,99,99,99,0,0,0,1,0
6,60215,2,2,0,0,0,2,2,37,3280,16,2,2012,5,17,24,0,14,6,HUBBARD ST,4TH ST,0,34.29415556,-118.4452028,0,12,6,0,2,2,0,1,5,1,0,1,0,0000000,99,99,99,99,99,99,0,0,0,1,0
6,60216,2,2,0,0,0,3,3,57,0,16,2,2012,5,18,25,0,4,4,CR-DOG BAR RD,,0,39.16806111,-121.04585,0,12,2,0,1,1,0,1,2,1,0,1,0,0000000,99,99,99,99,88,88,0,0,0,1,0
6,60217,2,2,0,0,0,3,3,37,1970,17,2,2012,6,7,42,0,13,3,SR-1,,18,33.77331944,-118.1199167,0,12,6,0,8,1,0,1,1,1,0,1,0,0000000,99,99,99,99,99,99,20,0,0,1,0
6,60218,1,1,0,0,0,1,1,19,0,17,2,2012,6,12,40,1,12,3,SR-99,,180,36.69969722,-119.7671778,0,25,0,0,1,1,0,3,1,1,0,1,0,0000000,99,99,99,99,88,88,0,0,0,1,0
6,60219,1,1,0,0,0,8,8,85,3340,20,2,2012,2,4,40,1,12,2,US-101,,326,37.3026,-121.8151194,0,33,0,1,5,1,0,4,3,10,0,10,0,0000000,99,99,99,99,99,99,0,0,0,1,0
6,60220,2,2,0,0,0,4,4,59,80,29,1,2012,1,1,47,1,12,3,SR-91,,178,33.87323056,-117.6892806,0,12,2,0,1,1,0,1,3,1,0,1,0,0000000,99,99,99,99,99,99,25,0,0,1,1
6,60221,3,2,1,0,0,6,6,39,2050,29,1,2012,1,12,0,0,15,6,SUNSET AVE,,0,36.96011111,-120.0707472,0,12,6,0,8,1,0,1,1,1,0,1,0,0000000,99,99,99,99,99,99,0,0,0,1,0
6,60222,3,3,0,0,0,7,7,71,1305,29,1,2012,1,21,34,0,14,6,BASELINE RD,CHERRY AVE,0,34.12137222,-117.4886,0,12,6,0,2,2,0,1,3,1,0,1,0,0000000,99,99,99,99,99,99,0,0,0,4,1
6,60223,2,1,1,0,0,1,1,57,0,31,1,2012,3,2,10,0,4,4,CR-MCCOURTNEY RD,,0,39.16511111,-121.1303389,0,14,0,0,1,1,0,5,2,1,0,1,0,0000000,99,99,99,99,88,88,0,0,0,1,0
6,60224,2,2,0,0,0,2,2,99,0,24,2,2012,6,16,48,0,4,4,CR-OAKDALE-WATERFORD HWY,,0,37.65713889,-120.7775194,0,12,6,0,1,1,0,1,1,1,0,1,0,0000000,99,99,99,99,99,99,0,0,0,1,0
6,60225,1,1,0,2,2,1,1,65,2650,24,2,2012,6,19,28,0,13,3,SR-111,,540,33.84749722,-116.5472278,0,8,0,0,1,1,0,1,2,1,0,1,0,0000000,99,99,99,99,99,99,0,0,0,2,0
6,60226,1,1,0,1,1,1,1,99,0,24,2,2012,6,22,20,0,4,4,CR-KEYES RD,,0,37.55148056,-121.03905,0,8,0,0,1,1,0,1,2,1,0,1,0,0000000,99,99,99,99,88,88,0,0,0,1,0
6,60227,3,1,2,0,0,1,1,37,1980,24,2,2012,6,23,0,0,14,6,MCKINLEY AVE,,0,33.94154167,-118.2608833,0,41,0,0,1,1,0,4,3,1,0,1,0,0000000,99,99,99,99,88,88,0,0,0,1,1
6,60228,1,1,0,0,0,6,6,37,1980,3,2,2012,6,2,45,0,16,6,FLORENCE AVE,,0,33.97455,-118.3033778,0,42,0,0,1,1,0,4,3,1,0,1,0,0000000,99,99,99,99,99,99,0,0,0,3,1
6,60229,1,1,0,0,0,1,1,25,440,3,2,2012,6,9,41,1,13,3,SR-86,,212,32.978525,-115.5528528,0,30,0,0,1,1,0,4,1,1,0,1,0,0000000,99,99,99,99,99,99,0,0,0,1,0
6,60230,1,1,0,0,0,1,1,89,2950,3,2,2012,6,20,10,0,14,6,HARTNELL AVE,,0,40.56446667,-122.3676083,0,1,0,0,1,1,0,1,1,1,0,1,0,0000000,99,99,99,99,99,99,0,0,0,1,1
6,60231,1,1,0,0,0,2,2,39,0,4,2,2012,7,0,40,0,4,4,CR-222,,0,37.24725,-119.5189,0,42,0,0,1,1,0,4,2,1,0,1,0,0000000,99,99,99,99,88,88,0,0,0,1,1
6,60232,1,1,0,1,1,1,1,29,240,6,1,2012,6,18,11,0,14,6,BRUNDAGE LN,,0,35.35398889,-119.0225389,0,8,0,0,1,1,0,1,3,1,0,1,0,0000000,99,99,99,99,99,99,0,0,0,1,0
6,60233,2,1,1,0,0,1,1,37,480,12,2,2012,1,12,0,0,14,6,ALAMEDA AVE,,0,34.16420833,-118.3106417,0,14,0,0,1,1,0,7,1,1,0,1,0,0000000,99,99,99,99,99,99,0,0,0,1,1
6,60234,1,1,0,0,0,1,1,13,820,12,2,2012,1,15,50,0,12,3,SR-242 RAMP,,31,38.00521944,-122.0378028,0,25,0,1,5,1,0,4,1,1,0,1,0,0000000,99,99,99,99,88,88,0,0,0,1,1
6,60235,1,1,0,0,0,1,1,59,3420,12,2,2012,1,16,0,1,11,1,I-5,,315,33.75181944,-117.8466806,0,25,0,0,1,1,0,3,1,1,0,1,0,0000000,99,99,99,99,88,88,0,0,0,1,0
6,60236,2,2,0,0,0,3,3,37,1980,16,2,2012,5,8,10,0,14,6,6TH ST,CARONDELET ST,0,34.06164722,-118.2795389,0,12,2,0,3,3,0,1,1,1,0,1,0,0000000,99,99,99,99,99,99,20,0,0,1,0
6,60237,1,1,0,1,1,1,1,13,0,17,2,2012,6,18,17,0,13,6,MAIN ST,NORCROSS LN,0,37.99780278,-121.7161278,0,8,0,0,3,3,0,1,3,1,0,1,0,0000000,99,99,99,99,88,88,0,0,0,1,0
6,60238,2,2,0,0,0,2,2,95,4010,17,2,2012,6,19,45,0,16,6,CROCKER DR,,0,38.39993889,-121.9488028,0,12,1,0,1,1,0,1,2,1,0,1,0,0000000,99,99,99,99,99,99,0,0,0,1,0
6,60239,2,1,1,0,0,1,1,13,0,17,2,2012,6,20,55,0,14,4,CR-MARSH RD,,0,37.87448333,-121.7604361,0,14,0,0,1,1,0,4,2,1,0,1,0,0000000,99,99,99,99,99,99,0,0,0,1,1
6,60240,1,1,0,1,1,1,1,71,3000,18,2,2012,7,2,4,1,11,1,I-10,,196,34.06825,-117.3770889,0,8,0,0,1,1,0,1,2,1,0,1,0,0000000,99,99,99,99,88,88,0,0,0,1,0
6,60241,1,1,0,0,0,1,1,73,3260,18,2,2012,7,2,9,0,14,6,S WOODMAN ST,,0,32.68209167,-117.0425611,0,42,0,0,1,1,0,4,2,1,0,1,0,0000000,99,99,99,99,88,88,0,0,0,1,1
6,60242,1,1,0,0,0,4,4,25,0,18,2,2012,7,18,20,0,5,4,CR-WIEMAN RD,CADY RD,0,32.97738889,-115.6585889,0,43,0,0,1,1,0,5,2,1,0,1,0,0000000,99,99,99,99,88,88,0,0,0,2,0
6,60243,1,1,0,0,0,1,1,37,0,19,2,2012,1,0,0,0,4,4,CR-ANGELES FOREST HWY,,0,34.38827222,-118.08595,0,1,0,0,1,1,0,5,1,1,0,1,0,0000000,99,99,99,99,88,88,0,0,0,1,0
6,60244,1,1,0,0,0,1,1,37,0,19,2,2012,1,0,35,0,3,4,CR-EASTERN AVE,,0,34.04631111,-118.174,0,42,0,0,1,1,0,4,3,1,0,1,0,0000000,99,99,99,99,88,88,0,0,0,1,1
6,60245,1,1,0,0,0,3,3,37,1980,19,2,2012,1,2,35,1,11,1,I-110 RAMP,,231,34.05533889,-118.25705,0,24,0,1,5,1,0,4,3,1,0,1,0,0000000,99,99,99,99,99,99,0,0,0,1,0
6,60246,1,1,0,0,0,3,3,67,3150,13,2,2012,2,0,41,0,13,6,J ST,,0,38.56810833,-121.4261,0,42,0,0,1,1,0,3,3,2,0,2,0,0000000,99,99,99,99,99,99,0,0,0,1,1
6,60247,1,1,0,1,1,1,1,59,4130,13,2,2012,2,18,5,0,14,6,SPRINGDALE ST,ASH ST,0,33.75814722,-118.0246028,0,8,0,0,3,3,0,1,3,1,0,1,0,0000000,99,99,99,99,88,88,0,0,0,1,0
6,60248,1,1,0,1,1,1,1,59,1713,14,2,2012,3,7,55,0,14,6,VON KARMAN AVE,MICHELSON DR,0,33.67625,-117.8533972,0,9,0,0,2,2,0,1,1,1,0,1,0,0000000,99,99,99,99,99,99,0,0,0,1,0
6,60249,1,1,0,0,0,2,2,37,1980,14,2,2012,3,16,20,0,13,6,SAN FERNANDO RD,,0,34.31549167,-118.4914778,0,43,0,0,1,1,0,4,1,1,0,1,0,0000000,99,99,99,99,88,88,0,0,0,2,0
6,60250,1,1,0,0,0,1,1,67,0,21,2,2012,3,2,19,0,3,4,CR-ROSEVILLE RD,,0,38.67797778,-121.3622778,0,21,0,0,1,1,0,4,2,1,0,1,0,0000000,99,99,99,99,88,88,0,0,0,1,0
6,60251,1,1,0,1,1,1,1,37,1970,21,2,2012,3,10,58,0,13,6,ATLANTIC AVE,,0,33.77228889,-118.1850194,0,8,0,0,1,1,0,1,1,1,0,1,0,0000000,99,99,99,99,99,99,0,0,0,1,0
6,60252,1,1,0,1,1,1,1,37,3690,30,1,2012,2,17,48,0,13,6,GARFIELD AVE,,0,33.95282222,-118.1640806,0,8,0,0,1,1,0,1,5,1,0,1,0,0000000,99,99,99,99,99,99,0,0,0,1,0
6,60253,1,1,0,1,1,1,1,37,3445,3,2,2012,6,18,0,0,14,6,ORCHARD VILLAGE RD,,0,34.38573056,-118.5441528,0,8,0,0,1,1,0,1,2,1,0,1,0,0000000,18,6,18,9,99,99,0,0,0,1,0
6,60254,1,1,0,0,0,1,1,111,4027,15,2,2012,4,9,55,1,12,3,SR-126,,21,34.27321111,-119.2024889,0,42,0,0,1,1,0,4,1,2,0,2,0,0000000,99,99,99,99,88,88,0,0,0,1,0
6,60255,1,1,0,0,0,1,1,37,1970,21,2,2012,3,13,8,0,16,6,PIER AVE,,0,33.74806944,-118.2045806,0,38,0,0,1,1,0,4,1,1,0,1,0,0000000,99,99,99,99,99,99,0,0,0,1,0
6,60256,1,1,0,1,1,1,1,37,1045,21,2,2012,3,19,58,0,14,6,LAKEWOOD BLVD,ROSECRANS AVENUE,0,33.903775,-118.1429806,0,8,0,0,3,2,0,1,3,1,0,1,0,0000000,99,99,99,99,99,99,0,0,0,1,0
6,60257,2,2,0,0,0,4,4,19,0,22,2,2012,4,2,33,1,2,3,SR-180,,283,36.73438889,-120.3202806,0,12,2,0,1,1,0,1,2,1,0,1,0,0000000,99,99,99,99,99,99,0,0,0,3,0
6,60258,1,1,0,0,0,1,1,73,0,22,2,2012,4,15,39,0,4,4,CR-OLD HIGHWAY 395,STERLING VIEW DR,0,33.38725,-117.1724583,0,1,0,0,2,3,0,1,1,1,0,1,0,0000000,99,99,99,99,99,99,0,0,0,1,1
6,60259,1,1,0,0,0,1,1,39,0,22,2,2012,4,16,40,0,3,4,CR-AVENUE 13,,0,36.9382,-120.1027389,0,1,0,0,1,1,0,1,1,1,0,1,0,0000000,99,99,99,99,99,99,0,0,0,1,0
6,60260,1,1,0,0,0,1,1,101,0,23,2,2012,5,1,10,0,2,4,CR-RIEGO RD,GARDEN HWY,0,38.74945,-121.5939194,0,43,0,0,3,3,0,4,2,1,0,1,0,0000000,99,99,99,99,88,88,0,0,0,1,1
6,60261,1,1,0,0,0,1,1,111,0,23,2,2012,5,15,25,0,2,3,SR-33,,237,34.53576944,-119.2517111,0,33,0,0,1,1,0,4,1,1,0,1,0,0000000,99,99,99,99,88,88,0,0,0,1,0
6,60262,1,1,0,1,1,1,1,37,1970,23,2,2012,5,17,58,0,13,6,7TH STREET,PACIFIC AVE,0,33.77536111,-118.193725,0,8,0,0,3,2,0,1,1,1,0,1,0,0000000,99,99,99,99,99,99,0,0,0,1,0
6,60263,1,1,0,0,0,1,1,73,3260,23,2,2012,5,21,52,0,14,6,BLACK MOUNTAIN RD,BABAUTA PL,0,32.93555,-117.1260361,0,33,0,0,3,3,0,4,3,1,0,1,0,0000000,99,99,99,99,88,88,0,0,0,1,0
6,60264,1,1,0,1,1,1,1,37,1840,16,2,2012,5,21,23,0,14,6,AVENUE L,,0,34.66036667,-118.1682083,0,8,0,0,1,1,0,1,2,1,0,1,0,0000000,99,99,99,99,88,88,0,0,0,1,0
6,60265,3,3,0,0,0,4,4,37,1980,4,2,2012,7,11,15,0,13,6,VENTURA BLVD,,0,34.16641667,-118.5885889,0,12,2,0,1,1,0,1,1,1,0,1,0,0000000,99,99,99,99,99,99,0,0,0,1,0
6,60266,1,1,0,0,0,2,2,107,0,12,2,2012,1,1,20,1,12,3,SR-99 RAMP,,331,36.25705,-119.3593694,0,24,0,1,5,1,0,4,2,1,0,1,0,0000000,99,99,99,99,99,99,0,0,0,1,1
6,60267,5,4,1,0,0,5,5,65,612,16,2,2012,5,9,7,0,13,6,DATE PALM DR,,0,33.81399722,-116.4580056,0,14,0,0,1,1,0,7,1,1,0,1,0,0000000,99,99,99,99,99,99,0,0,0,1,0
6,60268,3,3,0,0,0,4,4,37,1980,17,2,2012,6,7,45,0,13,6,AVALON BL,JEFFERSON ST,0,34.01532778,-118.2652639,0,12,6,0,2,7,0,1,1,1,0,1,0,0000000,99,99,99,99,99,99,0,0,0,1,0
6,60269,2,1,1,0,0,2,2,99,2200,21,2,2012,3,16,34,0,14,6,MORGAN RD,,0,37.603475,-120.97535,0,14,0,0,1,1,0,7,1,1,0,1,0,0000000,99,99,99,99,99,99,0,0,0,1,0
6,60270,2,2,0,0,0,3,3,19,0,22,2,2012,4,11,36,0,5,4,CR-VALERIA AVE,PALM AVE,0,36.98178333,-120.6176194,0,12,6,0,2,2,0,1,1,1,0,1,0,0000000,99,99,99,99,99,99,0,0,0,1,0
6,60271,4,4,0,0,0,6,6,65,0,22,2,2012,4,21,5,0,2,3,SR-74,,212,33.72856111,-117.2911611,0,12,2,0,1,1,0,1,2,1,0,1,0,0000000,99,99,99,99,99,99,0,0,0,1,0
6,60272,5,5,0,0,0,7,7,61,0,23,2,2012,5,15,53,0,2,3,SR-49,,82,38.96563056,-121.10415,0,12,8,0,1,1,0,1,1,1,0,1,0,0000000,99,99,99,99,99,99,14,0,0,1,1
6,60273,3,3,0,2,2,3,3,1,0,23,2,2012,5,23,32,1,1,1,I-880,,209,37.68231111,-122.1254306,0,8,0,0,1,1,0,1,2,1,0,1,0,0000000,99,99,99,99,99,99,23,15,0,2,1
6,60274,1,1,0,0,0,1,1,29,0,23,2,2012,5,99,99,1,2,4,CR-COPUS RD,I-5 RAMP,228,35.09438889,-119.0380389,0,1,0,1,3,1,0,5,2,1,0,1,0,0000000,99,99,99,99,88,88,0,0,0,1,0
6,60275,1,1,0,1,1,1,1,1,1054,24,2,2012,6,6,20,1,11,1,I-580,,184,37.70138056,-121.8791,0,8,0,0,1,1,0,1,2,1,0,1,0,0000000,99,99,99,99,88,88,0,0,0,1,0
6,60276,2,2,0,0,0,2,2,97,0,24,2,2012,6,7,9,0,12,3,SR-116,,334,38.33458056,-122.7389889,0,12,6,0,8,1,0,1,1,1,0,1,0,0000000,99,99,99,99,99,99,0,0,0,1,0
6,60277,3,3,0,0,0,4,4,37,3470,24,2,2012,6,12,20,0,13,6,PICO BLVD,,0,34.01934167,-118.4697139,0,12,6,0,8,1,0,1,1,1,0,1,0,0000000,99,99,99,99,99,99,0,0,0,1,0
6,60278,3,3,0,0,0,3,3,37,2870,27,2,2012,2,11,55,1,12,3,SR-60,,294,34.0234,-117.7472694,0,12,1,0,1,1,0,1,1,10,0,10,0,0000000,99,99,99,99,99,99,0,0,0,1,0
6,60279,1,1,0,0,0,2,2,81,3390,29,2,2012,4,5,20,1,12,2,US-101,,111,37.54411944,-122.2876667,0,46,0,1,18,1,0,3,2,2,10,2,0,0000000,99,99,99,99,99,99,0,0,0,1,0
6,60280,2,2,0,0,0,3,3,37,1825,29,2,2012,4,7,49,0,15,6,VALLEY VIEW AVE,BORA DR,0,33.90518611,-118.0292639,0,12,6,0,2,3,0,1,1,1,0,1,0,0000000,99,99,99,99,99,99,0,0,0,1,1
6,60281,3,3,0,0,0,3,3,77,0,29,2,2012,4,11,30,1,12,3,SR-99,,93,37.82938056,-121.2173306,0,12,6,1,5,1,0,1,1,10,0,10,0,0000000,99,99,99,99,88,88,0,0,0,1,0
6,60282,1,1,0,0,0,1,1,61,0,29,2,2012,4,14,10,0,4,4,CR-PLACER HILLS RD,,0,39.07081111,-120.9758,0,42,0,0,1,1,0,5,1,2,10,2,0,0000000,99,99,99,99,88,88,0,0,0,1,0
6,60283,2,2,0,0,0,3,3,59,80,29,2,2012,4,20,59,0,16,6,E SANTA ANA CANYON RD,,0,33.86730278,-117.7271389,0,12,2,0,1,1,0,1,2,10,0,10,0,0000000,99,99,99,99,99,99,0,0,0,1,0
6,60284,2,2,0,0,0,2,2,59,3420,11,2,2012,7,2,55,1,12,3,SR-55,,123,33.76761111,-117.8307611,0,12,2,0,1,1,0,1,3,10,0,10,0,0000000,99,99,99,99,99,99,0,0,0,1,2
6,60285,2,2,0,0,0,2,2,37,0,27,2,2012,2,6,45,0,4,4,CR-LAKE HUGHES RD,,0,34.52746111,-118.5721111,0,12,2,0,1,1,0,2,1,1,0,1,0,0000000,99,99,99,99,99,99,0,0,0,1,0
6,60286,1,1,0,0,0,1,1,65,850,1,3,2012,5,1,30,0,14,6,ONTARIO AVE,,0,33.85113889,-117.5505861,0,33,0,0,1,1,0,3,3,1,0,1,0,0000000,99,99,99,99,88,88,0,0,0,1,0
6,60287,1,1,0,0,0,2,2,65,1801,1,3,2012,5,8,30,1,11,1,I-15,,264,33.72840833,-117.3833111,0,1,0,0,1,1,1,2,1,1,0,1,0,0000000,99,99,99,99,99,99,0,0,0,1,0
6,60288,2,2,0,0,0,4,4,15,0,1,3,2012,5,8,52,1,2,2,US-101,,180,41.63064722,-124.1127,0,12,6,0,1,1,0,1,1,2,10,2,0,0000000,99,99,99,99,99,99,0,0,0,3,0