STATE,ST_CASE,VE_TOTAL,VE_FORMS,PVH_INVL,PEDS,PERNOTMVIT,PERMVIT,PERSONS,COUNTY,CITY,DAY,MONTH,YEAR,DAY_WEEK,HOUR,MINUTE,NHS,ROAD_FNC,ROUTE,TWAY_ID,TWAY_ID2,MILEPT,LATITUDE,LONGITUD,SP_JUR,HARM_EV,MAN_COLL,RELJCT1,RELJCT2,TYP_INT,WRK_ZONE,REL_ROAD,LGT_COND,WEATHER1,WEATHER2,WEATHER,SCH_BUS,RAIL,NOT_HOUR,NOT_MIN,ARR_HOUR,ARR_MIN,HOSP_HR,HOSP_MN,CF1,CF2,CF3,FATALS,DRUNK_DR
6,60289,1,1,0,0,0,1,1,37,0,1,3,2012,5,17,0,0,4,4,CR-BOUQUET CANYON RD,,0,34.58748889,-118.2961889,0,1,0,0,1,1,0,5,1,1,0,1,0,0000000,99,99,99,99,99,99,0,0,0,1,0
6,60290,1,1,0,0,0,1,1,29,0,1,3,2012,5,20,9,1,12,3,SR-58,,565,35.35288056,-118.9676111,0,24,0,1,18,1,0,4,2,1,0,1,0,0000000,99,99,99,99,88,88,0,0,0,1,1
6,60291,2,2,0,0,0,2,2,59,450,1,3,2012,5,22,3,1,12,3,SR-57,,199,33.91126111,-117.88375,0,12,7,1,18,1,0,1,2,1,0,1,0,0000000,99,99,99,99,88,88,4,0,0,1,0
6,60292,1,1,0,1,1,1,1,19,1370,1,3,2012,5,22,36,0,13,6,BELMONTE AVE,,0,36.75040556,-119.7425444,0,8,0,0,1,1,0,1,2,1,0,1,0,0000000,99,99,99,99,88,88,0,0,0,1,0
6,60293,1,1,0,0,0,1,1,77,3770,1,3,2012,5,22,18,1,12,3,SR-99,,167,37.9331,-121.2337,0,38,0,1,5,1,0,5,3,10,0,10,0,0000000,99,99,99,99,99,99,0,0,0,1,0
6,60294,1,1,0,0,0,1,1,39,0,2,3,2012,6,4,48,0,6,4,CR- RD 200,,0,37.16061111,-119.6438889,0,24,0,0,1,1,0,4,2,1,0,1,0,0000000,99,99,99,99,99,99,0,0,0,1,1
6,60295,2,2,0,0,0,2,2,71,3970,2,3,2012,6,17,41,0,12,6,MIDWAY RD,WHITMORE RD,0,34.14241111,-116.1857306,0,12,6,0,2,2,0,1,6,1,0,1,0,0000000,99,99,99,99,99,99,4,0,0,1,0
6,60296,2,2,0,0,0,3,3,1,0,3,3,2012,7,7,42,0,2,4,CR-CROW CANYON RD,,0,37.71598889,-122.0398806,0,12,2,0,1,1,0,1,4,1,0,1,0,0000000,99,99,99,99,99,99,0,0,0,1,0
6,60297,1,1,0,0,0,1,1,67,0,3,3,2012,7,8,35,0,4,4,CR-GREEN RD,,0,38.41676944,-121.2538111,0,38,0,0,1,1,0,5,1,1,0,1,0,0000000,99,99,99,99,88,88,0,0,0,1,0
6,60298,1,1,0,0,0,1,1,77,0,3,3,2012,7,13,19,0,4,4,CR-PELTIER RD,BRUELLA RD,0,38.18956389,-121.2073556,0,30,0,0,3,2,0,2,1,1,0,1,0,0000000,99,99,99,99,88,88,0,0,0,1,0
6,60299,1,1,0,1,1,1,1,71,0,3,3,2012,7,18,3,0,2,3,SR-247,POST OFFICE RD,431,34.4441,-116.9196417,0,8,0,0,2,3,0,1,2,1,0,1,0,0000000,99,99,99,99,88,88,0,0,0,1,0
6,60300,1,1,0,1,1,1,1,83,0,4,3,2012,1,0,27,1,12,2,US-101,,902,34.97435,-120.4273306,0,8,0,0,1,1,0,1,2,1,0,1,0,0000000,99,99,99,99,88,88,0,0,0,1,0
6,60301,2,2,0,0,0,4,4,19,1370,4,3,2012,1,2,24,0,13,6,KINGS CANYON RD,MAPLE AVE,0,36.73596389,-119.7454722,0,12,6,0,2,2,0,1,3,1,0,1,0,0000000,99,99,99,99,99,99,0,0,0,1,1
6,60302,2,2,0,0,0,6,6,37,1980,4,3,2012,1,10,20,0,13,6,VERMONT AVE,76TH ST,0,33.97105,-118.2916611,0,12,6,0,2,2,0,1,1,1,0,1,0,0000000,99,99,99,99,99,99,0,0,0,1,0
6,60303,1,1,0,0,0,2,2,65,850,5,3,2012,2,0,39,1,12,3,SR-91 RAMP,,54,33.88238889,-117.5834389,0,42,0,1,5,1,0,3,2,1,0,1,0,0000000,99,99,99,99,88,88,0,0,0,1,1
6,60304,1,1,0,0,0,1,1,37,1970,5,3,2012,2,14,26,1,12,3,SR-91 RAMP,,133,33.87633889,-118.1671389,0,33,0,1,5,1,0,4,1,1,0,1,0,0000000,99,99,99,99,88,88,0,0,0,1,0
6,60305,1,1,0,0,0,2,2,97,0,24,2,2012,6,23,50,0,2,3,SR-12,,300,38.3762,-122.5131111,0,42,0,0,1,1,0,4,2,1,0,1,0,0000000,99,99,99,99,88,88,0,0,0,2,1
6,60306,1,1,0,4,4,2,2,97,0,24,2,2012,6,13,25,0,4,4,CR-BOHEMIAN HWY,,0,38.43606111,-122.9739694,0,43,0,0,1,1,0,5,1,1,0,1,0,0000000,99,99,99,99,99,99,15,0,0,1,0
6,60307,1,1,0,0,0,1,1,107,0,25,2,2012,7,0,22,1,2,3,SR-99,,305,36.44335,-119.4823694,0,24,0,0,1,1,0,3,2,1,0,1,0,0000000,99,99,99,99,88,88,0,0,0,1,1
6,60308,2,2,0,0,0,3,3,73,0,25,2,2012,7,7,40,0,2,3,SR-76,,265,33.35476944,-117.0305,0,12,6,0,1,1,0,1,1,1,0,1,0,0000000,99,99,99,99,99,99,0,0,0,1,0
6,60309,1,1,0,0,0,1,1,37,0,25,2,2012,7,11,44,0,4,4,CR-SAN FRANCISQUITO CANYON RD,,0,34.54531111,-118.5204611,0,41,0,0,1,1,0,4,1,1,0,1,0,0000000,99,99,99,99,88,88,0,0,0,1,0
6,60310,2,2,0,0,0,3,3,37,2645,25,2,2012,7,16,12,1,13,3,SR-138,12TH ST,449,34.57959167,-118.1075028,0,12,6,0,2,2,0,1,1,1,0,1,0,0000000,99,99,99,99,99,99,0,0,0,1,0
6,60311,1,1,0,1,1,1,1,73,3260,25,2,2012,7,21,25,0,15,6,REYNARD WY,REDWOOD ST,0,32.7376,-117.1699139,0,8,0,0,3,3,0,1,2,10,0,10,0,0000000,99,99,99,99,99,99,0,0,0,1,0
6,60312,1,1,0,1,1,1,1,37,1045,21,2,2012,3,22,34,0,14,6,WOODRUFF AVE,,0,33.910525,-118.1166556,0,8,0,0,1,1,0,1,2,1,0,1,0,0000000,99,99,99,99,99,99,0,0,0,1,0
6,60313,2,1,1,0,0,1,1,71,3000,25,2,2012,7,23,50,1,11,1,I-10,,196,34.06871944,-117.3774,0,59,0,0,1,1,1,5,3,1,0,1,0,0000000,99,99,99,99,88,88,0,0,0,1,1
6,60314,1,1,0,0,0,1,1,97,0,26,2,2012,1,1,5,0,2,3,SR-116,,6,38.44408889,-123.0992806,0,24,0,0,1,1,0,4,2,1,0,1,0,0000000,99,99,99,99,88,88,0,0,0,1,1
6,60315,1,1,0,0,0,4,4,53,0,26,2,2012,1,99,99,0,4,4,CR-SAN JUAN GRADE RD,,0,36.81253056,-121.5758889,0,59,0,0,1,1,0,4,2,1,0,1,0,0000000,99,99,99,99,99,99,18,0,0,1,1
6,60316,3,3,0,0,0,4,4,73,3260,6,3,2012,3,18,19,0,13,6,GENESEE AVE,SR-163 RAMP,0,32.79123056,-117.1608694,0,12,1,0,3,1,0,1,3,1,0,1,0,0000000,99,99,99,99,99,99,0,0,0,1,0
6,60317,3,3,0,0,0,4,4,71,4040,31,1,2012,3,10,45,1,11,1,I-15,,385,34.48143889,-117.3379167,0,12,2,0,1,1,0,1,1,10,0,10,0,0000000,99,99,99,99,99,99,0,0,0,2,0
6,60318,7,7,0,1,1,7,7,23,0,31,1,2012,3,17,55,1,2,2,US-101,,723,40.72861944,-124.2147611,0,8,0,0,1,1,0,1,2,10,0,10,0,0000000,99,99,99,99,88,88,0,0,0,1,0
6,60319,1,1,0,0,0,1,1,65,0,11,2,2012,7,1,50,1,1,1,I-10,,802,33.66139444,-115.8247528,0,1,0,0,1,1,0,3,2,1,0,1,0,0000000,99,99,99,99,99,99,0,0,0,1,1
6,60320,2,2,0,1,1,2,2,37,1980,12,2,2012,1,0,5,0,13,6,FORREST LAWN DR,,0,34.15125833,-118.3268694,0,8,0,0,1,1,0,1,2,10,0,10,0,0000000,99,99,99,99,88,88,0,0,0,1,0
6,60321,1,1,0,1,1,1,1,85,537,18,2,2012,7,2,28,0,14,6,WINCHESTER BL,,0,37.26531667,-121.9591611,0,8,0,0,1,1,0,1,3,1,0,1,0,0000000,99,99,99,99,88,88,0,0,0,1,1
6,60322,3,3,0,0,0,5,5,73,0,4,3,2012,1,12,40,0,4,4,CR-HIGHLAND VLY RD,,0,33.02516667,-116.9313917,0,12,1,0,1,1,0,1,1,1,0,1,0,0000000,99,99,99,99,99,99,0,0,0,1,0
6,60323,2,2,0,0,0,3,3,19,0,4,3,2012,1,22,7,0,4,4,CR-CALIFORNIA AVE,MARKS AVE,0,36.72121111,-119.84475,0,12,2,0,1,1,0,1,2,1,0,1,0,0000000,99,99,99,99,99,99,0,0,0,1,1
6,60324,2,2,0,0,0,4,4,71,0,4,3,2012,1,22,12,1,1,1,I-15,,1427,35.31833889,-115.9909889,0,12,1,0,1,1,0,1,2,1,0,1,0,0000000,99,99,22,27,99,99,0,0,0,2,0
6,60325,1,1,0,1,1,1,1,29,240,5,3,2012,2,14,59,0,15,6,SOUTH ST,,0,35.33613333,-119.0213139,0,15,0,0,1,1,0,1,1,1,0,1,0,0000000,99,99,99,99,99,99,0,0,0,1,0
6,60326,1,1,0,1,1,1,1,29,240,5,3,2012,2,18,24,0,13,6,24TH ST,,0,35.38104167,-119.0364583,0,8,0,0,1,1,0,2,5,1,0,1,0,0000000,99,99,99,99,99,99,0,0,0,1,0
6,60327,2,2,0,0,0,4,4,89,0,24,2,2012,6,13,13,0,6,4,CR-WEILAND ST,BUSH ST,0,40.62366389,-122.4611583,0,12,2,0,3,2,0,1,1,1,0,1,0,0000000,99,99,99,99,99,99,0,0,0,1,0
6,60328,2,2,0,0,0,2,2,43,0,25,2,2012,7,0,15,1,2,3,SR-140,,180,37.48655556,-119.9983944,0,12,2,0,1,1,0,1,2,1,0,1,0,0000000,99,99,99,99,99,99,0,0,0,1,0
6,60329,3,3,0,0,0,4,4,29,0,8,3,2012,5,20,16,0,2,4,CR-EDISON HWY,COMANCHE DR,0,35.34118056,-118.8430694,0,12,6,0,2,2,0,1,2,1,0,1,0,0000000,99,99,99,99,99,99,0,0,0,1,0
6,60330,1,1,0,1,1,1,1,37,1980,8,3,2012,5,21,40,0,14,6,7TH ST,,0,34.05061667,-118.2635667,0,8,0,0,1,1,0,1,3,1,0,1,0,0000000,99,99,99,99,99,99,0,0,0,1,1
6,60331,5,5,0,0,0,6,6,65,1690,9,3,2012,6,7,53,1,11,1,I-10,,536,33.73928889,-116.2507389,0,12,1,0,1,1,0,1,1,1,0,1,0,0000000,99,99,99,99,99,99,0,0,0,1,0
6,60332,2,2,0,0,0,2,2,111,0,9,3,2012,6,9,58,0,4,4,CR-TICO RD,PALA DR,0,34.44194167,-119.2847194,0,12,2,0,1,1,0,1,1,1,0,1,0,0000000,99,99,99,99,99,99,0,0,0,1,0
6,60333,2,2,0,0,0,2,2,25,0,9,3,2012,6,6,25,1,12,3,SR-86,,411,33.10706944,-115.8293611,0,12,1,0,1,1,0,1,1,1,0,1,0,0000000,99,99,99,99,99,99,0,0,0,1,0
6,60334,1,1,0,0,0,4,4,65,2276,25,2,2012,7,22,18,0,12,3,SR-60,,209,33.94978056,-117.1567611,0,25,0,0,1,1,0,3,2,1,0,1,0,0000000,99,99,99,99,99,99,0,0,0,1,0
6,60335,1,1,0,1,1,1,1,19,0,22,2,2012,4,5,25,0,4,4,CR-MENDOCINO AVE,,0,36.6093,-119.5478,0,8,0,0,1,1,0,1,2,1,0,1,0,0000000,99,99,99,99,88,88,0,0,0,1,0
6,60336,1,1,0,1,1,1,1,37,1980,27,2,2012,2,4,37,1,11,1,I-10,,117,34.0354,-118.3294694,0,8,0,0,1,1,0,1,2,1,0,1,0,0000000,99,99,99,99,88,88,0,0,0,1,0
6,60337,1,1,0,1,1,1,1,59,1660,27,2,2012,2,18,11,0,13,3,SR-39,,16,33.66639167,-117.9883611,0,8,0,0,1,1,0,1,3,10,0,10,0,0000000,99,99,99,99,88,88,0,0,0,1,0
6,60338,1,1,0,0,0,4,4,59,470,10,2,2012,6,2,10,0,13,6,LA MIRADA BLVD,,0,33.88816667,-117.9991528,0,43,0,0,1,1,0,4,3,1,0,1,0,0000000,99,99,99,99,99,99,0,0,0,2,1
6,60339,3,2,1,1,1,4,4,37,2684,21,2,2012,3,13,58,1,11,1,I-710,,147,33.90053889,-118.1864111,0,12,7,1,18,1,0,1,1,1,0,1,0,0000000,99,99,99,99,99,99,0,0,0,1,0
6,60340,4,1,3,1,1,0,0,85,0,9,3,2012,6,10,30,0,6,4,CR-SANTA YNEZ ST,,0,37.41975833,-122.1670917,0,14,0,0,1,1,0,2,1,1,0,1,0,0000000,99,99,99,99,99,99,0,0,0,1,0
6,60341,1,1,0,0,0,3,3,85,3340,11,3,2012,1,1,13,0,14,6,RUBY AVE,AMBUM AVE,0,37.33093889,-121.7826194,0,42,0,0,1,1,0,5,3,1,0,1,0,0000000,99,99,99,99,99,99,0,0,0,1,1
6,60342,3,1,2,0,0,2,2,65,3070,11,3,2012,1,1,22,0,15,6,MITCHELL AVE,,0,33.92418056,-117.4876889,0,14,0,0,1,1,0,2,3,1,0,1,0,0000000,99,99,99,99,99,99,14,0,0,1,1
6,60343,1,1,0,1,1,2,2,73,3260,11,3,2012,1,4,25,1,11,1,I-8,,8,32.756,-117.2305306,0,8,0,0,1,1,0,1,2,10,0,10,0,0000000,99,99,99,99,88,88,0,0,0,1,1
6,60344,1,1,0,0,0,1,1,37,1980,11,3,2012,1,8,0,1,12,2,US-101,,120,34.15375,-118.3781306,0,42,0,1,19,1,0,4,1,10,0,10,0,0000000,99,99,99,99,99,99,0,0,0,1,1
6,60345,1,1,0,1,1,1,1,37,1980,11,3,2012,1,8,55,0,13,6,LANKERSHIM BL,CAMPO DE CAHUENGA,0,34.13905556,-118.3621528,0,8,0,0,3,2,0,1,1,1,0,1,0,0000000,99,99,99,99,99,99,0,0,0,1,0
6,60346,1,1,0,1,1,2,2,1,0,11,3,2012,1,12,40,0,4,4,CR-REDWOOD RD,,0,37.8002,-122.1441611,0,1,0,0,1,1,0,1,1,10,0,10,0,0000000,99,99,99,99,99,99,0,0,0,1,0
6,60347,4,4,0,0,0,5,5,61,3110,12,1,2012,5,17,24,0,13,6,PLEASANT GROVE BLVD,WASHINGTON BLVD,0,38.77392778,-121.3037639,0,12,6,0,2,2,0,1,3,1,0,1,0,0000000,99,99,99,99,88,88,14,0,0,1,0
6,60348,2,2,0,0,0,2,2,37,2700,6,3,2012,3,0,55,0,12,3,SR-110,,305,34.11906944,-118.1614111,0,39,0,0,1,1,0,3,3,10,0,10,0,0000000,99,99,99,99,99,99,0,0,0,1,1
6,60349,1,1,0,1,1,1,1,107,0,6,3,2012,3,4,58,0,15,4,CR-AVENUE 168,,0,36.09476111,-119.2233611,0,8,0,0,1,1,0,1,2,10,0,10,0,0000000,99,99,99,99,99,99,0,0,0,1,0
6,60350,1,1,0,1,1,1,1,65,1801,12,3,2012,2,20,28,0,15,6,GRAND AVE,SHORELINE DR,0,33.65633056,-117.3727028,0,8,0,0,2,2,0,1,3,1,0,1,0,0000000,99,99,99,99,99,99,0,0,0,1,0
6,60351,1,1,0,0,0,1,1,53,0,12,3,2012,2,22,30,0,4,4,CR-SAN MIGUEL CYN RD,,0,36.83939167,-121.6849139,0,38,0,0,1,1,0,4,3,10,0,10,0,0000000,99,99,99,99,88,88,0,0,0,1,1
6,60352,1,1,0,0,0,1,1,65,0,12,3,2012,2,23,26,0,4,4,CR-RECHE CYN RD,,0,34.003575,-117.241375,0,53,0,0,1,1,0,4,3,1,0,1,0,0000000,99,99,99,99,88,88,0,0,0,1,1
6,60353,2,2,0,0,0,3,3,37,1840,13,3,2012,3,0,52,0,14,6,AVENUE L,10TH ST W,0,34.66034167,-118.1477583,0,12,6,0,2,2,0,1,3,1,0,1,0,0000000,99,99,99,99,99,99,0,0,0,1,1
6,60354,2,2,0,0,0,2,2,71,3000,13,3,2012,3,11,5,0,15,6,LOCUST AVE,,0,34.14905278,-117.4097278,0,12,2,0,1,1,0,1,1,10,0,10,0,0000000,99,99,99,99,99,99,0,0,0,1,0
6,60355,1,1,0,0,0,1,1,13,820,13,3,2012,3,12,50,1,11,1,I-680 RAMP,,192,37.96733611,-122.0569722,0,35,0,1,5,1,0,4,1,3,0,3,0,0000000,99,99,99,99,88,88,0,0,0,1,1
6,60356,2,2,0,0,0,3,3,37,602,13,3,2012,3,16,37,1,11,1,I-405,,115,33.84301389,-118.2671139,0,1,0,0,1,1,0,1,1,1,0,1,0,0000000,99,99,99,99,88,88,0,0,0,1,0
6,60357,1,1,0,1,1,2,2,37,1980,13,3,2012,3,18,30,0,13,6,ADAMS BL,,0,34.0325,-118.3582528,0,8,0,0,1,1,0,1,1,1,0,1,0,0000000,99,99,99,99,99,99,0,0,0,1,0
6,60358,1,1,0,1,1,2,2,7,2600,13,3,2012,3,19,29,0,14,6,LINCOLN BL,,0,39.4782,-121.5497694,0,8,0,0,1,1,0,1,3,2,0,2,0,0000000,99,99,99,99,99,99,0,0,0,1,0
6,60359,2,2,0,0,0,2,2,37,1045,16,2,2012,5,17,0,1,12,2,US-101,,146,34.15243889,-118.3762528,0,12,1,0,1,1,0,1,1,1,0,1,0,0000000,99,99,99,99,88,88,0,0,0,1,0
6,60360,1,1,0,0,0,1,1,85,2311,24,2,2012,6,0,52,0,13,6,CENTRAL EXPY,,0,37.407425,-122.1064194,0,43,0,0,1,1,0,4,3,1,0,1,0,0000000,99,99,99,99,88,88,0,0,0,1,1
6,60361,1,1,0,1,1,1,1,71,0,8,3,2012,5,19,5,0,3,4,CR-SAN BERNARDINO AVE,,0,34.0777,-117.4153889,0,15,0,0,1,1,0,1,2,1,0,1,0,0000000,99,99,99,99,99,99,0,0,0,1,0
6,60362,1,1,0,0,0,2,2,47,0,9,3,2012,6,6,53,1,1,1,I-5,,126,36.99881667,-120.9137194,0,1,0,0,1,1,4,4,4,1,0,1,0,0000000,99,99,99,99,99,99,0,0,0,1,0
6,60363,1,1,0,0,0,1,1,67,0,9,3,2012,6,10,30,1,12,3,SR-99,,204,38.50856111,-121.4589111,0,18,0,0,1,1,0,1,1,1,0,1,0,0000000,99,99,99,99,99,99,0,0,0,1,0
6,60364,1,1,0,1,1,1,1,29,240,9,3,2012,6,18,33,0,15,6,WHITE LN,ESTATE ST,0,35.31765278,-119.0430056,0,9,0,0,1,1,0,1,3,1,0,1,0,0000000,99,99,99,99,88,88,0,0,0,1,0
6,60365,1,1,0,0,0,1,1,13,110,9,3,2012,6,20,52,0,16,6,WAGON TRL WY,,0,37.97526389,-121.7539972,0,33,0,0,1,1,0,4,3,1,0,1,0,0000000,99,99,99,99,99,99,0,0,0,1,0
6,60366,1,1,0,1,1,1,1,37,1980,9,3,2012,6,21,30,0,13,6,FLORENCE AVE,HAAS AVE,0,33.97463056,-118.3168167,0,8,0,0,3,3,0,1,3,1,0,1,0,0000000,99,99,99,99,99,99,0,0,0,1,0
6,60367,1,1,0,0,0,1,1,83,0,10,3,2012,7,3,40,1,2,2,US-101,,601,34.65468056,-120.1820194,0,1,0,0,1,1,0,1,2,10,0,10,0,0000000,99,99,99,99,88,88,0,0,0,1,0
6,60368,1,1,0,1,1,1,1,81,3730,10,3,2012,7,23,25,0,14,6,GRAND AVE,WALNUT AVE,0,37.65613611,-122.4142861,0,8,0,0,3,3,0,1,3,1,0,1,0,0000000,99,99,99,99,99,99,0,0,0,1,0
6,60369,1,1,0,0,0,1,1,59,3351,14,1,2012,7,2,2,1,12,3,SR-73,,102,33.53808889,-117.6743111,0,52,0,0,1,1,0,3,3,1,0,1,0,0000000,99,99,99,99,88,88,0,0,0,1,1
6,60370,2,2,0,0,0,4,4,1,2370,18,1,2012,4,9,54,0,13,6,MOWRY AVE,CHERRY ST,0,37.52060833,-122.009925,0,12,6,0,2,2,0,1,1,1,0,1,0,0000000,99,99,99,99,99,99,20,0,0,2,0
6,60371,1,1,0,1,1,1,1,75,3290,18,1,2012,4,11,57,0,15,6,EDDY ST,JONES ST,0,37.78395278,-122.4125556,0,15,0,0,2,2,0,1,1,1,0,1,0,0000000,99,99,99,99,99,99,0,0,0,1,0
6,60372,1,1,0,1,1,1,1,73,710,19,1,2012,5,8,39,0,14,6,FOURTH AVE,,0,32.61825833,-117.0754111,0,9,0,0,8,1,3,1,1,1,0,1,0,0000000,99,99,99,99,99,99,0,0,0,1,0
6,60373,2,2,0,0,0,3,3,111,533,27,2,2012,2,18,35,0,13,6,LAS POSAS RD,CARMEN DR,0,34.23349722,-119.0515361,0,12,6,0,2,2,0,1,3,1,0,1,0,0000000,99,99,99,99,99,99,0,0,0,1,0
6,60374,2,2,0,0,0,2,2,65,0,23,3,2012,6,21,3,0,4,4,CR-OLD ELSINORE ROAD,,0,33.80835278,-117.277325,0,12,2,0,1,1,0,1,2,1,0,1,0,0000000,99,99,99,99,99,99,0,0,0,1,1
6,60375,5,1,4,1,3,3,5,37,1970,24,3,2012,7,0,53,0,16,6,STANLEY AVENUE,,0,33.781175,-118.1622611,0,14,0,0,1,1,0,7,3,10,0,10,0,0000000,88,88,88,88,88,88,0,0,0,1,0
6,60376,1,1,0,0,0,2,2,77,0,24,3,2012,7,5,27,0,4,4,CR-NORTH RIPON ROAD,,0,37.77288889,-121.12475,0,30,0,0,1,1,0,4,2,10,0,10,0,0000000,99,99,99,99,99,99,0,0,0,1,0
6,60377,3,3,0,0,0,3,3,19,0,24,3,2012,7,6,17,0,4,4,CR-AUBERRY ROAD,,0,36.91593889,-119.7157889,0,12,2,0,1,1,0,1,4,1,0,1,0,0000000,99,99,99,99,99,99,0,0,0,1,0
6,60378,1,1,0,0,0,3,3,71,0,7,1,2012,7,3,24,1,1,1,I-15,,866,34.91096944,-116.82095,0,35,0,0,1,1,0,5,3,1,0,1,0,0000000,99,99,99,99,99,99,0,0,0,2,1
6,60379,7,7,0,1,1,7,7,81,970,4,2,2012,7,4,15,1,11,1,I-280,,263,37.69311667,-122.4695444,0,8,0,0,1,1,0,1,2,1,0,1,0,0000000,99,99,99,99,88,88,19,0,0,1,0
6,60380,2,2,0,0,0,4,4,89,2950,27,2,2012,2,10,56,0,14,6,LAKE BLVD,SANTA ROSA WAY,0,40.62133611,-122.4018722,0,12,2,0,3,2,0,1,1,1,0,1,0,0000000,99,99,99,99,99,99,0,0,0,1,0
6,60381,2,2,0,0,0,3,3,73,0,3,3,2012,7,14,30,0,2,3,SR-76,,205,33.34716944,-117.1185111,3,12,2,0,1,1,0,1,1,1,0,1,0,0000000,99,99,99,99,99,99,0,0,0,1,0
6,60382,2,2,0,1,1,2,2,37,1970,2,3,2012,6,20,41,0,14,6,ANAHEIM ST,,0,33.78265556,-118.2053167,0,8,0,0,1,1,0,1,3,1,0,1,0,0000000,99,99,99,99,99,99,0,0,0,1,0
6,60383,1,1,0,0,0,1,1,65,0,5,3,2012,2,18,8,1,1,1,I-10,,184,33.91836111,-116.7970111,0,35,0,0,1,1,0,5,2,1,0,1,0,0000000,99,99,99,99,88,88,0,0,0,1,0
6,60384,1,1,0,1,1,2,2,81,3390,14,3,2012,4,0,30,1,12,2,US-101,,141,37.57735,-122.3213306,0,8,0,0,1,1,0,1,2,2,10,2,0,0000000,99,99,99,99,88,88,0,0,0,1,1
6,60385,1,1,0,0,0,1,1,87,0,14,3,2012,4,1,30,0,2,4,CR-GRAHAM HILL RD,,0,37.04681944,-122.0588389,0,42,0,0,1,1,0,5,2,2,10,2,0,0000000,99,99,99,99,99,99,0,0,0,1,0
6,60386,2,2,0,0,0,8,8,107,0,14,3,2012,4,15,10,0,4,4,CR-RD 42,AVENUE 50,0,35.88051111,-119.4784694,0,12,6,0,2,2,0,1,1,10,0,10,0,0000000,99,99,99,99,99,99,0,0,0,1,0
6,60387,1,1,0,0,0,1,1,113,4258,14,3,2012,4,17,15,1,11,1,I-5 RAMP,,82,38.69483889,-121.7627694,0,42,0,1,5,1,0,6,1,2,10,2,0,0000000,99,99,99,99,88,88,0,0,0,1,0
6,60388,1,1,0,1,1,1,1,37,1980,14,3,2012,4,19,35,0,13,6,VINELAND AVE,ERWIN ST,0,34.18304722,-118.370325,0,8,0,0,2,3,0,1,3,1,0,1,0,0000000,99,99,99,99,99,99,0,0,0,1,0
6,60389,1,1,0,0,0,5,5,65,0,14,3,2012,4,23,45,0,2,3,SR-74,,33,33.63208056,-117.4250889,0,35,0,0,1,1,0,4,2,1,0,1,0,0000000,99,99,99,99,99,99,0,0,0,1,0
6,60390,2,2,0,2,2,1,1,1,2480,15,3,2012,5,4,15,0,12,3,SR-13,,73,37.82121111,-122.2070694,0,8,0,0,1,1,1,1,2,2,10,2,0,0000000,99,99,99,99,99,99,19,0,0,1,0
6,60391,1,1,0,1,1,2,2,37,1980,15,3,2012,5,22,55,0,13,6,ADAMS BLVD,,0,34.03257222,-118.3368333,0,8,0,0,1,1,0,1,3,1,0,1,0,0000000,99,99,99,99,99,99,0,0,0,1,0
6,60392,1,1,0,0,0,2,2,37,0,16,3,2012,6,2,18,0,2,4,CR-TELEGRAPH RD,MILLS AVE,0,33.93675,-118.0415889,0,33,0,0,3,2,0,4,3,1,0,1,0,0000000,99,99,99,99,88,88,0,0,0,2,1
6,60393,2,2,0,0,0,2,2,71,2550,16,3,2012,6,3,35,1,11,1,I-10,,81,34.06740278,-117.5761417,0,12,1,0,1,1,0,1,3,1,0,1,0,0000000,99,99,99,99,88,88,0,0,0,1,1
6,60394,1,1,0,0,0,2,2,71,2922,16,3,2012,6,5,10,1,12,3,SR-210,,56,34.13523889,-117.5995389,0,30,0,0,1,1,0,4,3,10,0,10,0,0000000,99,99,99,99,99,99,0,0,0,1,0
6,60395,1,1,0,0,0,1,1,45,0,16,3,2012,6,10,25,0,2,3,SR-20,,260,39.16669167,-122.9728306,0,43,0,0,1,1,0,2,1,2,10,2,0,0000000,99,99,99,99,88,88,0,0,0,1,0
6,60396,2,2,0,0,0,3,3,1,2840,16,3,2012,6,15,0,1,11,1,I-580,,170,37.7014,-121.85405,0,12,6,1,18,1,0,1,1,10,0,10,0,0000000,99,99,99,99,99,99,0,0,0,1,0
6,60397,1,1,0,0,0,2,2,13,2090,16,3,2012,6,15,22,0,14,6,PACHECO BLVD,CAMINO DEL SOL,0,38.00841667,-122.0958583,0,30,0,0,3,2,0,4,1,2,10,2,0,0000000,99,99,99,99,99,99,0,0,0,1,0
6,60398,1,1,0,0,0,1,1,65,0,16,3,2012,6,20,55,0,4,4,CR-BOREL RD,,0,33.57213056,-117.0695611,0,58,0,0,1,1,0,5,2,10,0,10,0,0000000,99,99,99,99,99,99,0,0,0,1,1
6,60399,2,2,0,0,0,2,2,35,0,21,3,2012,4,12,28,1,2,2,US-395,,145,39.91221111,-120.0146306,0,12,2,0,1,1,0,1,1,10,0,10,0,0000000,99,99,99,99,99,99,0,0,0,1,1
6,60400,2,2,0,0,0,3,3,37,0,21,3,2012,4,22,25,0,3,4,CR-CENTURY BL,,0,33.94548611,-118.2921528,0,12,6,0,8,1,0,1,3,1,0,1,0,0000000,99,99,99,99,99,99,0,0,0,1,0
6,60401,1,1,0,0,0,1,1,71,0,30,3,2012,6,8,37,0,4,4,CR-LYTLE CREEK ROAD,,0,34.20818889,-117.4567389,0,17,0,0,1,1,0,4,1,1,0,1,0,0000000,99,99,99,99,88,88,0,0,0,1,0