STATE,ST_CASE,VE_TOTAL,VE_FORMS,PVH_INVL,PEDS,PERNOTMVIT,PERMVIT,PERSONS,COUNTY,CITY,DAY,MONTH,YEAR,DAY_WEEK,HOUR,MINUTE,NHS,ROAD_FNC,ROUTE,TWAY_ID,TWAY_ID2,MILEPT,LATITUDE,LONGITUD,SP_JUR,HARM_EV,MAN_COLL,RELJCT1,RELJCT2,TYP_INT,WRK_ZONE,REL_ROAD,LGT_COND,WEATHER1,WEATHER2,WEATHER,SCH_BUS,RAIL,NOT_HOUR,NOT_MIN,ARR_HOUR,ARR_MIN,HOSP_HR,HOSP_MN,CF1,CF2,CF3,FATALS,DRUNK_DR
6,60402,2,2,0,0,0,3,3,73,560,30,3,2012,6,17,40,0,13,6,EL CAMINO REAL,,0,33.15172778,-117.3089694,0,12,6,0,8,1,0,1,1,1,0,1,0,0000000,99,99,99,99,99,99,0,0,0,1,0
6,60403,3,3,0,1,1,3,3,73,3260,22,3,2012,5,7,0,0,13,6,BALBOA AVE,,0,32.82166944,-117.1592278,0,9,0,0,5,1,0,1,4,1,0,1,0,0000000,99,99,99,99,88,88,0,0,0,1,0
6,60404,3,3,0,0,0,4,4,37,0,19,3,2012,2,23,25,0,2,4,CR-ROSECRANS AVE,SAN PEDRO ST,0,33.90194167,-118.2689944,0,12,6,0,2,2,0,1,3,1,0,1,0,0000000,99,99,99,99,88,88,14,0,0,1,0
6,60405,1,1,0,0,0,1,1,37,804,30,3,2012,6,23,57,0,13,6,EASTERN AVE,,0,33.99967222,-118.1598861,0,43,0,0,1,1,0,4,3,1,0,1,0,0000000,88,88,88,88,88,88,0,0,0,1,1
6,60406,2,2,0,0,0,2,2,37,0,22,3,2012,5,14,20,1,1,1,I-710,,241,34.02761944,-118.1724806,0,12,7,0,1,1,0,1,1,1,0,1,0,0000000,99,99,99,99,88,88,0,0,0,1,0
6,60407,2,2,0,0,0,2,2,67,2934,30,3,2012,6,19,6,0,14,6,BRADSHAW RD,GORE RD,0,38.57018889,-121.3363167,0,5,0,0,2,2,0,1,1,1,0,1,0,0000000,99,99,99,99,88,88,0,0,0,1,0
6,60408,2,2,0,0,0,5,5,65,0,30,3,2012,6,19,15,0,15,4,CR-JACKSON ST,64TH AVE,0,33.58381944,-116.2161889,0,12,6,0,2,3,0,1,5,1,0,1,0,0000000,99,99,99,99,99,99,0,0,0,1,1
6,60409,1,1,0,0,0,1,1,37,1980,29,1,2012,1,10,7,0,15,6,KNOB HILL AVE,,0,33.82818056,-118.3776611,0,30,0,0,1,1,0,4,1,1,0,1,0,0000000,99,99,99,99,99,99,0,0,0,1,0
6,60410,1,1,0,0,0,2,2,37,0,16,3,2012,6,21,50,0,4,4,CR-SIERRA HIGHWAY,,0,34.51656944,-118.1038306,0,24,0,0,1,1,0,4,2,1,0,1,0,0000000,99,99,99,99,99,99,0,0,0,1,1
6,60411,1,1,0,0,0,3,3,13,0,16,3,2012,6,21,53,0,2,4,CR-KIRKER PASS RD,,0,37.97665,-121.9068,0,25,0,0,1,1,0,3,2,2,10,2,0,0000000,99,99,99,99,99,99,0,0,0,1,0
6,60412,1,1,0,1,1,2,2,37,1980,17,3,2012,7,2,15,0,13,6,VICTORY BLVD,,0,34.18665556,-118.4579194,0,8,0,0,1,1,0,1,3,2,10,2,0,0000000,99,99,99,99,88,88,0,0,0,1,1
6,60413,1,1,0,1,1,1,1,73,3260,17,3,2012,7,6,32,0,13,6,HARBOR DR,,0,32.70470278,-117.1581083,0,33,0,0,1,1,0,5,4,10,0,10,0,0000000,99,99,99,99,99,99,0,0,0,1,0
6,60414,1,1,0,1,1,1,1,37,1980,17,3,2012,7,6,35,0,14,6,GLENOAKS BLVD,MERCER ST,0,34.27518611,-118.4132528,0,8,0,0,3,3,0,1,4,2,10,2,0,0000000,99,99,99,99,88,88,0,0,0,1,0
6,60415,1,1,0,0,0,1,1,99,0,24,3,2012,7,0,51,1,2,3,SR-99,,71,37.53991111,-120.8956,0,38,0,0,1,1,0,4,2,1,0,1,0,0000000,99,99,99,99,88,88,0,0,0,1,0
6,60416,1,1,0,0,0,6,6,107,0,24,3,2012,7,23,48,1,2,3,SR-99,,336,36.2618,-119.3611,0,42,0,0,1,1,0,2,2,1,0,1,0,0000000,99,99,99,99,99,99,0,0,0,3,1
6,60417,1,1,0,0,0,1,1,87,0,18,3,2012,1,0,44,1,12,3,SR-1 RAMP,,104,36.97746944,-121.9101194,0,42,0,1,5,1,0,5,3,2,10,2,0,0000000,99,99,99,99,88,88,0,0,0,1,1
6,60418,1,1,0,0,0,1,1,17,2810,18,3,2012,1,1,1,0,14,6,BROADWAY DR,,0,38.73189722,-120.7831556,0,32,0,0,1,1,0,5,3,2,10,2,0,0000000,99,99,99,99,88,88,0,0,0,1,1
6,60419,1,1,0,1,1,1,1,37,1980,18,3,2012,1,1,45,1,11,1,I-5,,153,34.02218056,-118.1977889,0,8,0,0,1,1,0,1,2,10,0,10,0,0000000,99,98,99,98,88,88,0,0,0,1,0
6,60420,1,1,0,0,0,1,1,37,4030,18,3,2012,1,6,0,0,13,6,DISTRICT BLVD,,0,33.99882222,-118.1917111,0,30,0,0,1,1,0,4,4,10,0,10,0,0000000,99,99,99,99,99,99,0,0,0,1,1
6,60421,2,2,0,0,0,6,6,67,0,6,2,2012,2,0,41,1,12,2,US-50,,168,38.63945,-121.2002806,0,12,2,0,1,1,0,1,2,1,0,1,0,0000000,99,99,99,99,99,99,0,0,0,3,1
6,60422,1,1,0,0,0,1,1,5,0,24,3,2012,7,99,99,0,4,4,CR-CLINTON RD,,0,38.35151944,-120.7474,0,32,0,0,1,1,0,5,2,10,0,10,0,0000000,99,99,99,99,88,88,0,0,0,1,1
6,60423,3,3,0,0,0,4,4,1,2840,25,3,2012,1,20,45,1,11,1,I-680,,190,37.68863889,-121.9181306,0,12,7,0,1,1,0,1,2,1,0,1,0,0000000,99,99,99,99,99,99,0,0,0,1,0
6,60424,1,1,0,0,0,1,1,45,0,25,3,2012,1,99,99,0,2,3,SR-128,,418,38.89811389,-123.2150139,0,17,0,0,1,1,0,5,2,10,0,10,0,0000000,99,98,99,98,88,88,0,0,0,1,1
6,60425,1,1,0,0,0,1,1,79,0,26,3,2012,2,11,13,0,6,4,CR-TURRI RD,,0,35.30236111,-120.7762889,0,42,0,0,1,1,0,5,1,1,0,1,0,0000000,99,99,99,99,88,88,0,0,0,1,1
6,60426,1,1,0,0,0,1,1,61,3110,26,3,2012,2,20,5,1,11,1,I-80,,46,38.77441111,-121.24195,0,42,0,0,1,1,0,5,2,10,0,10,0,0000000,99,99,99,99,88,88,0,0,0,1,0
6,60427,4,4,0,0,0,6,6,87,0,16,3,2012,6,10,43,0,2,3,SR-17,,96,37.10448056,-121.9750472,0,12,6,0,1,1,0,1,1,2,10,2,0,0000000,99,99,99,99,99,99,0,0,0,1,0
6,60428,1,1,0,1,1,1,1,59,80,27,3,2012,3,11,0,0,14,6,W LINCOLN AVE,S CLEMENTINE ST,0,33.83517778,-117.917625,0,15,0,0,3,3,0,1,1,10,0,10,0,0000000,99,99,99,99,99,99,0,0,0,1,0
6,60429,1,1,0,0,0,3,3,23,0,27,3,2012,3,14,7,0,2,3,SR-36,,6,40.54848889,-124.1342389,0,30,0,0,1,1,0,5,1,2,10,2,0,0000000,99,99,99,99,99,99,0,0,0,1,0
6,60430,1,1,0,0,0,1,1,73,0,27,3,2012,3,99,99,0,2,3,SR-79,,528,33.42361111,-116.8351,0,59,0,0,1,1,0,2,2,1,0,1,0,0000000,99,99,99,99,88,88,0,0,0,1,1
6,60431,1,1,0,0,0,1,1,37,11,28,3,2012,4,0,35,0,14,6,REYES ADOBE RD,,0,34.09878889,-118.4729889,0,33,0,0,1,1,0,4,3,1,0,1,0,0000000,99,99,99,99,88,88,0,0,0,1,0
6,60432,1,1,0,1,1,1,1,19,1370,28,3,2012,4,1,36,1,12,3,SR-99,,239,36.76463889,-119.8340306,0,8,0,0,1,1,0,1,2,10,0,10,0,0000000,99,99,99,99,99,99,19,0,0,1,0
6,60433,2,2,0,0,0,2,2,65,3070,28,3,2012,4,1,58,1,11,1,I-215,,434,33.99588056,-117.3555806,0,25,0,1,5,1,0,3,3,1,0,1,0,0000000,99,99,99,99,88,88,0,0,0,1,1
6,60434,2,2,0,1,1,2,2,65,2278,28,3,2012,4,20,30,1,12,3,SR-60,,195,33.93935,-117.1728194,0,8,0,0,1,1,0,1,2,1,0,1,0,0000000,99,99,99,99,88,88,0,0,0,1,0
6,60435,1,1,0,0,0,2,2,107,0,29,3,2012,5,5,0,0,2,3,SR-245,,95,36.44298056,-119.1167389,0,42,0,0,1,1,0,5,2,1,0,1,0,0000000,99,99,99,99,99,99,0,0,0,1,0
6,60436,2,2,0,0,0,3,3,29,0,29,3,2012,5,13,45,0,2,3,SR-43,SAN DIEGO ST,138,35.46346111,-119.2609694,0,12,6,0,2,2,0,1,1,1,0,1,0,0000000,99,99,99,99,99,99,0,0,0,1,1
6,60437,1,1,0,1,1,1,1,37,1980,29,3,2012,5,15,35,0,14,6,MCLAUGHLIN AVE,,0,34.00966111,-118.4254083,0,8,0,0,1,1,0,1,1,1,0,1,0,0000000,99,99,99,99,99,99,0,0,0,1,0
6,60438,1,1,0,0,0,4,4,73,3260,12,2,2012,1,3,25,1,11,1,I-8 RAMP,,36,32.76183056,-117.1629694,0,1,0,1,5,1,0,5,3,10,0,10,0,0000000,99,99,99,99,99,99,0,0,0,1,1
6,60439,1,1,0,1,1,1,1,19,1370,2,3,2012,6,11,53,0,14,6,ASHLAN AVE,GOLDEN STATE BLVD,0,36.79354444,-119.8614361,0,9,0,0,3,2,0,1,1,10,0,10,0,0000000,99,99,99,99,88,88,0,0,0,1,0
6,60440,2,2,0,0,0,3,3,71,0,28,2,2012,3,9,45,0,4,4,CR-ROCK SPRINGS RD,,0,34.41428056,-117.2287806,0,12,1,0,1,1,0,1,1,1,0,1,0,0000000,99,99,99,99,99,99,0,0,0,1,0
6,60441,1,1,0,0,0,1,1,25,0,2,3,2012,6,99,99,0,5,4,CR-MEAD RD,BRYANT RD,0,32.95628056,-115.5264389,0,35,0,0,3,3,0,5,2,1,0,1,0,0000000,99,99,99,99,88,88,0,0,0,1,0
6,60442,2,2,0,0,0,5,5,37,1980,3,1,2012,3,0,45,0,16,6,YUCCA ST,VINE ST,0,34.10370556,-118.3267167,0,12,6,0,2,2,0,1,3,1,0,1,0,0000000,99,99,99,99,99,99,0,0,0,1,1
6,60443,3,3,0,0,0,5,5,67,1300,7,1,2012,7,18,46,0,13,6,FOLSOM BLVD,,0,38.65993611,-121.1832583,0,12,2,0,1,1,0,1,2,1,0,1,0,0000000,99,99,99,99,99,99,0,0,0,2,0
6,60444,1,1,0,2,2,1,1,37,305,8,1,2012,1,2,6,0,13,3,SR-19,,67,33.88622778,-118.1426611,0,8,0,0,1,1,0,1,3,1,0,1,0,0000000,99,99,99,99,99,99,0,0,0,1,0
6,60445,1,1,0,1,1,1,1,59,1410,13,1,2012,6,19,13,0,14,6,HASTER ST,,0,33.78631944,-117.9061444,0,8,0,0,1,1,0,1,3,1,0,1,0,0000000,99,99,99,99,99,99,0,0,0,1,0
6,60446,1,1,0,1,1,1,1,65,2650,14,1,2012,7,19,49,0,14,6,SUNRISE WAY,,0,33.81366111,-116.5282167,0,8,0,0,1,1,0,1,2,1,0,1,0,0000000,99,99,99,99,99,99,0,0,0,1,0
6,60447,1,1,0,0,0,1,1,61,0,24,3,2012,7,15,0,0,6,4,CR-MT WATSON RD,,0,39.2114,-120.1666889,0,42,0,0,1,1,0,4,1,1,0,1,0,0000000,99,99,99,99,88,88,0,0,0,1,1
6,60448,2,2,0,0,0,2,2,37,1980,9,3,2012,6,14,35,0,13,6,SLAUSON AVE,,0,33.98890278,-118.3506222,0,1,0,0,8,1,0,1,1,1,0,1,0,0000000,99,99,99,99,99,99,0,0,0,1,0
6,60449,2,2,0,0,0,5,5,37,1550,18,3,2012,1,8,11,0,13,3,SR-107,120TH ST,48,33.92363889,-118.3612722,0,12,6,0,2,2,0,1,1,10,6,6,0,0000000,99,99,99,99,99,99,0,0,0,1,0
6,60450,2,2,0,0,0,3,3,37,1980,23,3,2012,6,5,25,0,13,6,ALAMEDA ST,CESAR E CHAVEZ AVE,0,34.05808056,-118.2370778,0,12,6,0,2,2,0,1,3,1,0,1,0,0000000,99,99,99,99,99,99,0,0,0,2,0
6,60451,2,2,0,0,0,2,2,71,4040,20,3,2012,3,7,8,0,13,6,PALMDALE RD,BEGONIA RD,0,34.506725,-117.3512056,0,12,6,0,3,2,0,1,1,1,0,1,0,0000000,99,99,99,99,99,99,0,0,0,1,0
6,60452,2,2,0,0,0,3,3,37,1980,20,3,2012,3,14,55,0,13,6,WASHINGTON BL,UNION AVE,0,34.03851667,-118.2811444,0,12,6,0,3,2,0,1,1,1,0,1,0,0000000,99,99,99,99,99,99,0,0,0,1,0
6,60453,1,1,0,0,0,3,3,73,3260,19,3,2012,2,9,55,1,11,1,I-8,,84,32.77958056,-117.0659806,0,52,0,1,18,1,0,10,1,2,0,2,0,0000000,99,99,99,99,99,99,0,0,0,1,0
6,60454,2,2,0,0,0,3,3,71,4040,26,2,2012,1,2,38,1,12,3,SR-18,AMETHYST RD,990,34.50670556,-117.3642167,0,12,6,0,2,2,0,1,3,1,0,1,0,0000000,99,99,99,99,99,99,0,0,0,1,1
6,60455,1,1,0,0,0,1,1,107,0,30,3,2012,6,22,20,0,4,4,CR-TURNER DR,,0,36.16740556,-119.2958778,0,1,0,0,1,1,0,2,2,1,0,1,0,0000000,99,99,99,99,99,99,0,0,0,1,0
6,60456,2,2,0,0,0,3,3,107,0,30,3,2012,6,18,50,0,6,4,CR-AVENUE 184,ROAD 208,0,36.12359444,-119.1074639,0,12,6,0,2,2,0,1,1,1,0,1,0,0000000,99,99,99,99,99,99,0,0,0,1,0
6,60457,2,2,0,0,0,5,5,37,1600,31,3,2012,7,14,59,0,13,6,AVIATION BLVD,OCEAN DR,0,33.86326111,-118.3902889,0,12,6,0,2,2,0,1,1,1,0,1,0,0000000,99,99,99,99,99,99,0,0,0,1,0
6,60458,1,1,0,1,1,3,3,37,1980,30,3,2012,6,22,20,0,14,6,ROWENA AVE,,0,34.10775,-118.2660139,0,8,0,0,1,1,0,1,3,1,0,1,0,0000000,99,99,99,99,99,99,0,0,0,1,0
6,60459,1,1,0,0,0,2,2,23,0,31,3,2012,7,15,55,0,2,3,SR-36,,157,40.47616667,-123.9404306,0,16,0,0,1,1,0,1,1,2,6,2,0,0000000,99,99,99,99,99,99,0,0,0,1,1
6,60460,1,1,0,0,0,2,2,89,0,26,2,2012,1,7,0,0,12,3,SR-151,,20,40.69959444,-122.4245694,0,35,0,0,1,1,0,4,4,10,0,10,0,0000000,99,99,99,99,99,99,0,0,0,1,1
6,60461,2,2,0,0,0,4,4,77,0,26,2,2012,1,16,32,0,6,4,CR-MUNFORD AVE,,0,37.92796389,-121.2337,0,12,6,0,8,1,0,1,1,1,0,1,0,0000000,99,99,99,99,99,99,0,0,0,1,1
6,60462,2,2,0,0,0,3,3,9,0,23,3,2012,6,14,5,0,4,4,CR-POOL STATION RD,,0,38.13866111,-120.66265,0,12,2,0,1,1,0,1,1,1,0,1,0,0000000,99,99,99,99,99,99,0,0,0,1,0
6,60463,2,2,0,0,0,3,3,67,0,20,3,2012,3,18,17,1,2,3,SR-99,ELVERTA RD,354,38.714275,-121.5405583,0,12,6,0,2,2,0,1,5,1,0,1,0,0000000,99,99,99,99,99,99,0,0,0,1,1
6,60464,1,1,0,1,1,1,1,71,4290,2,2,2012,5,11,17,0,16,6,AVE B,1ST ST,0,34.03175833,-117.041025,0,15,0,0,3,2,0,1,1,1,0,1,0,0000000,11,22,11,40,12,23,0,0,0,1,0
6,60465,1,1,0,1,1,1,1,59,3420,6,2,2012,2,18,50,0,14,6,1ST ST,,0,33.74559167,-117.8458333,0,8,0,0,1,1,0,1,3,1,0,1,0,0000000,99,99,99,99,88,88,0,0,0,1,0
6,60466,1,1,0,1,1,1,1,75,3290,15,2,2012,4,15,14,0,14,6,GEARY BLVD,WEBSTER ST,0,37.78461389,-122.4313,0,8,0,0,3,2,0,1,1,1,0,1,0,0000000,99,99,99,99,99,99,0,0,0,1,0
6,60467,1,1,0,0,0,1,1,37,1970,28,2,2012,3,3,31,0,13,6,2ND ST,MARINA DR,0,33.75752778,-118.1130556,0,46,0,0,3,2,0,4,3,1,0,1,0,0000000,99,99,99,99,88,88,0,0,0,1,1
6,60468,1,1,0,1,1,1,1,73,3260,28,2,2012,3,18,35,0,14,6,LOGAN AVE,,0,32.69679444,-117.0892361,0,8,0,0,1,1,0,1,3,1,0,1,0,0000000,99,99,99,99,99,99,0,0,0,1,0
6,60469,1,1,0,0,0,3,3,99,0,29,2,2012,4,3,50,1,12,3,SR-99,,145,37.61876111,-120.9938306,0,24,0,1,18,1,0,3,2,10,0,10,0,0000000,99,99,99,99,99,99,0,0,0,1,1
6,60470,1,1,0,0,0,1,1,59,3250,29,2,2012,4,20,56,1,11,1,I-5,,46,33.44975,-117.6388,0,42,0,0,1,1,0,4,3,1,0,1,0,0000000,99,99,99,99,88,88,0,0,0,1,1
6,60472,1,1,0,0,0,1,1,37,0,2,4,2012,2,20,25,1,2,3,SR-14,,374,34.44626944,-118.3608389,0,24,0,0,1,1,0,4,2,1,0,1,0,0000000,99,99,99,99,88,88,0,0,0,1,0
6,60473,1,1,0,0,0,1,1,37,1980,13,3,2012,3,22,20,0,16,6,BEACHWOOD DR,,0,34.12704167,-118.3175833,0,39,0,0,1,1,0,4,3,1,0,1,0,0000000,99,99,99,99,99,99,0,0,0,1,0
6,60474,2,2,0,1,1,1,1,65,0,13,3,2012,3,22,45,1,1,1,I-10,,748,33.67075,-115.91815,0,12,1,0,1,1,0,1,2,1,0,1,0,0000000,99,99,99,99,99,99,0,0,0,1,0
6,60475,1,1,0,0,0,1,1,37,639,14,3,2012,4,0,20,1,11,1,I-605 RAMP,,39,33.86038889,-118.0968611,0,33,0,0,5,1,0,4,3,1,0,1,0,0000000,99,99,99,99,88,88,0,0,0,1,1
6,60476,2,2,0,0,0,3,3,37,1045,19,3,2012,2,9,50,0,14,6,DOWNEY AVE,GARDENDALE ST,0,33.91490278,-118.1517722,0,12,6,0,2,2,0,1,1,1,0,1,0,0000000,99,99,99,99,99,99,0,0,0,1,0
6,60477,2,2,0,1,1,1,1,61,0,20,3,2012,3,16,10,1,1,1,I-80,,167,38.88958889,-121.0896111,0,8,0,0,1,1,1,1,1,10,0,10,0,0000000,99,99,99,99,99,99,14,0,0,1,0
6,60478,1,1,0,0,0,1,1,99,0,25,3,2012,1,99,99,0,4,4,CR-ORESTIMBA RD,,0,37.31868333,-121.0824444,0,42,0,0,1,1,0,5,1,10,0,10,0,0000000,99,99,99,99,99,99,0,0,0,1,1
6,60479,1,1,0,0,0,1,1,25,0,31,3,2012,7,16,35,0,4,4,CR-SALTON BORREGO SEAWAY,,0,33.27391111,-116.0455694,0,35,0,0,1,1,0,4,1,6,0,6,0,0000000,99,99,99,99,99,99,0,0,0,1,0
6,60480,2,2,0,0,0,2,2,37,1970,31,3,2012,7,22,7,0,13,3,SR-1,OUTER TRAFFIC CIR,36,33.78985278,-118.1438639,0,12,9,0,3,6,0,1,3,10,2,2,0,0000000,99,99,99,99,99,99,0,0,0,1,1
6,60481,1,1,0,0,0,2,2,69,0,13,1,2012,6,2,55,0,6,4,CR-UNION RD,SAN BENITO ST,0,36.82773889,-121.4000056,0,59,0,0,3,3,0,4,3,1,0,1,0,0000000,99,99,99,99,99,99,0,0,0,1,1
6,60482,2,2,0,0,0,3,3,65,0,29,1,2012,1,3,50,1,2,3,SR-79,,114,33.63846111,-117.0852611,0,12,2,0,1,1,0,1,2,1,0,1,0,0000000,99,99,99,99,99,99,0,0,0,1,1
6,60483,2,2,0,0,0,3,3,37,1840,26,2,2012,1,2,26,0,14,6,20TH ST,AVENUE J,0,34.68963056,-118.0947806,0,12,6,0,2,2,0,1,3,1,0,1,0,0000000,99,99,99,99,99,99,0,0,0,2,1
6,60484,1,1,0,0,0,2,2,65,0,3,4,2012,3,18,30,0,2,3,SR-74,,101,33.64578056,-117.3745389,0,1,0,0,1,1,0,4,1,1,0,1,0,0000000,99,99,99,99,99,99,0,0,0,1,0
6,60485,1,1,0,1,1,2,2,79,0,5,4,2012,5,6,12,0,2,3,SR-1,OCEAN BLVD,343,35.43361111,-120.8855889,0,8,0,0,3,2,0,1,4,1,0,1,0,0000000,99,99,99,99,88,88,0,0,0,1,0
6,60486,1,1,0,0,0,1,1,73,0,26,2,2012,1,14,50,0,2,4,CR-SWEENEY PASS RD,,0,32.79611944,-116.1096694,0,1,0,0,1,1,0,4,1,1,0,1,0,0000000,99,99,99,99,88,88,0,0,0,1,0
6,60487,1,1,0,1,1,3,3,1,1364,26,2,2012,1,18,33,0,14,6,WALNUT AVE,,0,37.54417222,-121.9838167,0,8,0,0,1,1,0,1,3,10,0,10,0,0000000,99,99,99,99,99,99,0,0,0,1,0
6,60488,1,1,0,0,0,1,1,63,0,26,2,2012,1,20,33,0,6,4,CR-ARLINGTON RD,,0,40.07484167,-120.8447278,0,59,0,0,1,1,0,4,2,1,0,1,0,0000000,99,99,99,99,88,88,0,0,0,1,1
6,60489,2,2,0,0,0,3,3,61,0,7,3,2012,4,11,4,0,4,4,CR-INDIAN HILL RD,,0,38.8728,-121.1063611,0,12,6,0,8,1,0,1,1,1,0,1,0,0000000,99,99,99,99,99,99,0,0,0,1,0
6,60490,2,2,0,0,0,3,3,97,2740,7,3,2012,4,11,32,0,16,6,INDUSTRIAL AVE,,0,38.26763889,-122.6682028,0,12,9,0,8,1,0,1,1,1,0,1,0,0000000,99,99,99,99,99,99,0,0,0,1,0
6,60491,1,1,0,0,0,1,1,107,0,21,3,2012,4,20,45,0,4,4,CR-AVE 168,,0,36.09466111,-119.2053806,0,42,0,0,1,1,0,4,2,1,0,1,0,0000000,99,99,99,99,88,88,0,0,0,1,1
6,60492,1,1,0,1,1,1,1,19,0,10,3,2012,7,19,55,1,2,3,SR-180,,780,36.72018056,-119.4427389,0,8,0,0,1,1,0,1,2,1,0,1,0,0000000,99,99,99,99,88,88,0,0,0,1,0
6,60493,1,1,0,1,1,1,1,37,3870,23,2,2012,5,17,14,0,13,6,SEPULVEDA BLVD,,0,33.82030833,-118.3207333,0,8,0,0,1,1,0,11,1,1,0,1,0,0000000,99,99,99,99,99,99,0,0,0,1,0
6,60494,2,2,0,0,0,3,3,75,3290,26,2,2012,1,3,26,0,14,6,BATTERY ST,CALIFORNIA ST,0,37.79325556,-122.3999833,0,12,6,0,2,2,0,1,3,1,0,1,0,0000000,99,99,99,99,88,88,0,0,0,1,0
6,60495,1,1,0,0,0,1,1,73,3260,10,3,2012,7,99,99,0,12,3,SR-163 RAMP,,85,32.83081944,-117.1414389,0,24,0,0,5,1,0,4,1,1,0,1,0,0000000,99,99,99,99,88,88,0,0,0,1,1
6,60496,1,1,0,0,0,1,1,65,0,11,3,2012,1,17,48,0,5,4,CR-PIERCE ST,,0,33.64505833,-116.1116028,0,59,0,0,1,1,0,4,1,1,0,1,0,0000000,99,99,99,99,88,88,0,0,0,1,1
6,60497,1,1,0,1,1,1,1,83,3460,1,4,2012,1,20,35,0,14,6,S DEPOT ST,,0,34.937025,-120.4447111,0,9,0,0,1,1,0,1,3,1,0,1,0,0000000,99,99,99,99,99,99,0,0,0,1,0
6,60498,1,1,0,0,0,2,2,99,2200,15,3,2012,5,21,28,0,13,3,SR-108,,264,37.69343611,-120.9943639,0,33,0,0,1,1,0,4,3,10,0,10,0,0000000,99,99,99,99,99,99,0,0,0,1,0
6,60499,2,2,0,0,0,2,2,37,1980,2,3,2012,6,18,0,0,13,6,ROSCOE BLVD,HAYVENHURST AVE,0,34.22133056,-118.4920667,0,12,6,0,2,3,0,1,3,1,0,1,0,0000000,99,99,99,99,99,99,0,0,0,1,0
6,60500,1,1,0,0,0,1,1,73,0,1,4,2012,1,99,99,0,4,4,CR-JAPATUL RD,,0,32.7709,-116.7045194,0,1,0,0,1,1,0,1,1,1,0,1,0,0000000,99,99,99,99,88,88,18,0,0,1,1
6,60501,3,3,0,0,0,5,5,19,0,19,3,2012,2,14,4,0,2,3,SR-269,SR-198,188,36.25523889,-120.1034194,0,12,1,0,3,2,0,1,1,1,0,1,0,0000000,99,99,99,99,99,99,14,0,0,1,0
6,60502,1,1,0,0,0,2,2,17,0,22,3,2012,5,3,25,0,3,3,SR-49,,125,38.78331944,-120.8121694,0,32,0,0,1,1,0,4,2,10,0,10,0,0000000,99,99,99,99,99,99,0,0,0,1,1
6,60503,1,1,0,0,0,1,1,71,2960,1,4,2012,1,22,7,0,3,6,LUGONIA AVE,,0,34.07033056,-117.2240917,0,33,0,0,1,1,0,4,2,1,0,1,0,0000000,99,99,99,99,88,88,0,0,0,1,1
6,60504,2,2,0,0,0,3,3,1,0,2,4,2012,2,17,35,1,1,1,I-580,,66,37.71926944,-121.6716806,0,12,6,0,1,1,0,1,1,1,0,1,0,0000000,99,99,99,99,99,99,0,0,0,1,0
6,60505,3,3,0,0,0,7,7,59,3558,15,1,2012,1,19,18,1,11,1,I-405,,211,33.77419722,-118.0488306,0,12,1,1,5,1,1,8,3,2,10,2,0,0000000,99,99,99,99,99,99,0,0,0,1,1
6,60506,2,2,0,0,0,9,9,111,3860,16,1,2012,2,13,33,0,13,6,LYNN RD,VENTI PARK RD,0,34.1766,-118.9111889,0,12,6,0,2,2,0,1,1,1,0,1,0,0000000,99,99,99,99,99,99,0,0,0,1,0
6,60507,1,1,0,0,0,1,1,67,0,19,1,2012,5,1,10,1,1,1,I-5,,30,38.29878611,-121.4612306,0,35,0,0,1,1,0,5,2,1,0,1,0,0000000,99,99,99,99,88,88,0,0,0,1,0
6,60508,2,2,0,0,0,5,5,65,0,5,4,2012,5,0,5,0,4,4,CR-CAJALCO RD,,0,33.83758611,-117.2599694,0,12,2,0,1,1,0,1,2,1,0,1,0,0000000,99,99,99,99,99,99,0,0,0,1,1
6,60509,1,1,0,0,0,2,2,67,712,5,2,2012,1,6,30,0,13,6,SUNRISE BLVD,,0,38.68349444,-121.2716389,0,42,0,0,1,1,0,5,3,1,0,1,0,0000000,99,99,99,99,99,99,0,0,0,1,0
6,60510,3,3,0,0,0,3,3,37,3445,12,2,2012,1,15,56,0,13,6,SOLEDAD CANYON RD,FLOWERPARK DR,0,34.42838611,-118.4064028,0,12,6,0,2,3,0,1,1,1,0,1,0,0000000,99,99,99,99,99,99,0,0,0,1,0
6,60511,1,1,0,0,0,2,2,73,2510,17,3,2012,7,0,53,0,12,3,SR-76,MICHAGAN ST,123,33.19293056,-117.3770444,0,33,0,0,3,2,0,4,3,2,10,2,0,0000000,99,99,99,99,99,99,0,0,0,1,1
6,60512,1,1,0,0,0,1,1,57,0,18,2,2012,7,8,45,0,4,4,CR-AUBURN RD,,0,39.17704722,-121.0834917,0,17,0,0,1,1,0,5,1,10,0,10,0,0000000,99,99,99,99,88,88,0,0,0,1,1
6,60513,4,4,0,0,0,11,11,53,0,22,2,2012,4,20,43,1,2,2,US-101,,438,36.2093,-121.1606389,0,12,2,0,1,1,0,1,2,1,0,1,0,0000000,99,99,99,99,99,99,14,0,0,3,0
6,60514,2,2,0,0,0,2,2,37,1980,5,4,2012,5,4,55,0,14,6,GLENOAKS BL,PEORIA ST,0,34.24045556,-118.3776389,0,12,6,0,2,2,0,1,3,1,0,1,0,0000000,99,99,99,99,99,99,0,0,0,1,0