STATE,ST_CASE,VE_TOTAL,VE_FORMS,PVH_INVL,PEDS,PERNOTMVIT,PERMVIT,PERSONS,COUNTY,CITY,DAY,MONTH,YEAR,DAY_WEEK,HOUR,MINUTE,NHS,ROAD_FNC,ROUTE,TWAY_ID,TWAY_ID2,MILEPT,LATITUDE,LONGITUD,SP_JUR,HARM_EV,MAN_COLL,RELJCT1,RELJCT2,TYP_INT,WRK_ZONE,REL_ROAD,LGT_COND,WEATHER1,WEATHER2,WEATHER,SCH_BUS,RAIL,NOT_HOUR,NOT_MIN,ARR_HOUR,ARR_MIN,HOSP_HR,HOSP_MN,CF1,CF2,CF3,FATALS,DRUNK_DR
6,60515,2,2,0,0,0,2,2,37,1980,29,3,2012,5,19,30,0,15,6,MARTIN LUTHER KING BLVD,NORMANDIE AVE,0,34.010875,-118.3001833,0,12,6,0,2,2,0,1,3,1,0,1,0,0000000,99,99,99,99,88,88,0,0,0,1,0
6,60516,2,2,0,0,0,2,2,19,1370,5,4,2012,5,18,29,0,14,6,CHURCH AVE,WEST AVE,0,36.71396389,-119.8268194,0,12,8,0,2,2,0,1,1,1,0,1,0,0000000,99,99,99,99,99,99,0,0,0,1,1
6,60517,1,1,0,1,1,2,2,111,2620,21,3,2012,4,11,4,0,15,6,7TH STREET,,0,34.19509167,-119.1820444,0,8,0,0,1,1,0,1,1,1,0,1,0,0000000,99,99,99,99,99,99,0,0,0,1,0
6,60518,1,1,0,0,0,4,4,59,972,14,2,2012,3,2,1,0,13,6,GOLDEN LANTERN ST,TERRA VISTA,0,33.48960833,-117.6977583,0,42,0,0,3,2,0,3,3,10,0,10,0,0000000,99,99,99,99,99,99,0,0,0,3,1
6,60519,2,2,0,0,0,5,5,19,0,7,4,2012,7,9,49,0,2,3,SR-145,SHIELDS AVE,382,36.77853889,-120.0601806,0,12,6,0,2,2,0,1,1,1,0,1,0,0000000,99,99,99,99,99,99,0,0,0,2,1
6,60520,1,1,0,0,0,1,1,85,3340,8,4,2012,1,7,50,1,11,1,I-280,,58,37.31665,-121.9459694,0,33,0,1,5,1,0,4,1,1,0,1,0,0000000,99,99,99,99,88,88,0,0,0,1,0
6,60521,1,1,0,0,0,2,2,23,0,7,4,2012,7,13,55,1,2,2,US-101,,344,40.33543611,-123.9311139,0,1,0,0,1,1,0,1,1,1,0,1,0,0000000,99,99,99,99,99,99,0,0,0,1,0
6,60522,1,1,0,0,0,2,2,7,0,7,4,2012,7,14,50,0,2,3,SR-70,,355,39.74206111,-121.4942806,0,42,0,0,1,1,0,5,1,10,0,10,0,0000000,99,99,99,99,99,99,0,0,0,1,0
6,60523,1,1,0,0,0,1,1,65,1580,7,4,2012,7,15,30,0,15,6,KIRBY ST,,0,33.75934722,-116.9979083,0,1,0,0,8,1,0,1,1,1,0,1,0,0000000,99,99,99,99,99,99,0,0,0,1,0
6,60524,1,1,0,1,1,1,1,57,1460,7,4,2012,7,21,2,0,15,6,NEVADA CITY HIGHWAY,,0,39.23690833,-121.0376222,0,8,0,0,1,1,0,1,3,1,0,1,0,0000000,99,99,99,99,99,99,0,0,0,1,0
6,60525,2,2,0,0,0,5,5,19,0,1,3,2012,5,21,30,0,4,4,CR-CALIFORNIA AVE,CRYSTAL AVE,0,36.72126944,-119.8312806,0,12,6,0,1,1,0,1,3,1,0,1,0,0000000,99,99,99,99,99,99,0,0,0,1,1
6,60526,1,1,0,1,1,1,1,73,1200,29,3,2012,5,20,14,0,14,6,ESCONDIDO BLVD,,0,33.10111944,-117.0707028,0,8,0,0,1,1,0,1,2,1,0,1,0,0000000,99,99,99,99,99,99,0,0,0,1,0
6,60527,2,2,0,0,0,1,1,59,1713,29,3,2012,5,23,35,1,11,1,I-405,,28,33.65765,-117.7775806,0,1,0,0,1,1,0,1,3,1,0,1,0,0000000,99,99,99,99,88,88,19,0,0,1,0
6,60528,1,1,0,0,0,1,1,19,0,22,3,2012,5,7,6,0,2,3,SR-198,,258,36.25361944,-120.2663889,0,1,0,0,1,1,0,4,1,10,0,10,0,0000000,99,99,99,99,88,88,0,0,0,1,0
6,60529,2,2,0,0,0,2,2,17,0,4,1,2012,4,8,0,0,2,3,SR-193,,208,38.79312222,-120.8176167,0,12,7,0,1,1,0,1,1,1,0,1,0,0000000,99,99,99,99,99,99,0,0,0,1,0
6,60530,2,2,0,0,0,3,3,17,0,4,1,2012,4,18,25,0,4,4,CR-MOUNT AUKUM RD,,0,38.62816389,-120.699475,0,12,2,0,1,1,0,1,2,1,0,1,0,0000000,99,99,99,99,99,99,0,0,0,1,1
6,60531,2,2,0,0,0,2,2,67,1108,25,2,2012,7,17,58,0,16,6,BOWMAN WY,,0,38.41597222,-121.4141444,0,12,2,0,1,1,0,1,5,1,0,1,0,0000000,99,99,99,99,99,99,0,0,0,1,1
6,60532,2,2,0,0,0,2,2,13,110,7,1,2012,7,10,56,0,13,6,E 18TH ST,WISNER DR,0,38.00487222,-121.7985528,0,12,6,0,2,3,0,1,1,6,0,6,0,0000000,99,99,99,99,99,99,0,0,0,1,1
6,60533,1,1,0,1,1,1,1,37,1980,24,3,2012,7,10,30,0,14,6,EDGEMONT ST,,0,34.07255278,-118.2974806,0,8,0,0,8,1,0,1,1,1,0,1,0,0000000,99,99,99,99,99,99,0,0,0,1,0
6,60534,1,1,0,1,1,1,1,37,1700,2,2,2012,5,19,12,0,13,6,CRENSHAW BLVD,HARDY ST,0,33.94923611,-118.3264861,0,8,0,0,3,2,0,1,2,1,0,1,0,0000000,99,99,99,99,88,88,23,0,0,1,0
6,60535,2,2,0,1,1,2,2,13,110,23,2,2012,5,21,0,0,14,6,HILLCREST AVE,E TREGALLAS RD,0,37.99481944,-121.7846889,0,8,0,0,2,2,0,1,3,1,0,1,0,0000000,99,99,99,99,99,99,0,0,0,1,0
6,60536,1,1,0,1,1,1,1,1,0,22,1,2012,1,6,11,0,13,6,ALVARADO NILES RD,,0,37.58648333,-122.0187472,0,8,0,0,1,1,0,1,3,10,0,10,0,0000000,99,99,99,99,88,88,0,0,0,1,0
6,60537,1,1,0,0,0,2,2,13,0,24,3,2012,7,18,54,0,2,4,CR-SAN PABLO AVE,TARA HILLS DR.,0,37.99977222,-122.3265306,0,30,0,0,3,2,0,4,1,2,0,2,0,0000000,99,99,99,99,99,99,0,0,0,1,1
6,60538,1,1,0,0,0,1,1,65,1801,4,3,2012,1,13,9,0,15,6,LINCOLN AVE,,0,33.693325,-117.397975,0,42,0,0,1,1,0,3,1,1,0,1,0,0000000,99,99,99,99,88,88,0,0,0,1,1
6,60539,1,1,0,1,1,1,1,37,230,26,1,2012,5,18,10,0,13,6,FOOTHILL BL,DALTON AVE,0,34.13348056,-117.9049361,0,8,0,0,3,2,0,1,3,1,0,1,0,0000000,99,99,99,99,99,99,0,0,0,1,1
6,60540,1,1,0,0,0,1,1,59,2199,1,4,2012,1,20,9,0,3,6,MARGUERITE PKWY,,0,33.60197222,-117.6563056,0,25,0,0,1,1,0,3,3,1,0,1,0,0000000,99,99,99,99,88,88,0,0,0,1,1
6,60541,1,1,0,1,1,1,1,65,3320,26,2,2012,1,18,20,0,15,6,7TH ST,,0,33.78018056,-116.9786833,0,8,0,0,1,1,0,1,2,1,0,1,0,0000000,99,99,99,99,88,88,0,0,0,1,0
6,60542,1,1,0,0,0,1,1,35,0,8,4,2012,1,11,40,0,2,3,SR-299,,32,41.0993,-121.2912417,0,43,0,0,1,1,0,2,1,1,0,1,0,0000000,99,99,99,99,99,99,0,0,0,1,0
6,60543,1,1,0,1,1,3,3,31,0,24,3,2012,7,20,5,0,3,4,CR-LACEY BLVD,,0,36.32798056,-119.6160194,0,8,0,0,1,1,0,1,1,1,0,1,0,0000000,99,99,99,99,88,88,0,0,0,1,1
6,60544,1,1,0,1,1,3,3,13,3010,28,2,2012,3,19,9,0,14,6,BARRETT AVE,,0,37.93845,-122.3510278,0,8,0,0,1,1,0,1,3,10,0,10,0,0000000,99,99,99,99,99,99,0,0,0,1,0
6,60545,2,1,1,1,1,1,1,107,0,8,4,2012,1,18,25,0,2,4,CR-AVENUE 80,,0,35.9352,-119.2924806,0,8,0,0,1,1,0,1,1,1,0,1,0,0000000,99,99,99,99,99,99,0,0,0,1,0
6,60546,2,2,0,0,0,3,3,59,4130,5,4,2012,5,16,57,0,14,6,HOOVER ST,,0,33.75143056,-117.9983611,0,33,0,0,1,1,0,4,1,1,0,1,0,0000000,99,99,99,99,99,99,0,0,0,1,0
6,60547,1,1,0,1,1,5,5,73,3260,8,4,2012,1,20,5,0,13,6,GRAND AVE,,0,32.80170278,-117.2154778,0,8,0,0,1,1,0,1,3,1,0,1,0,0000000,99,99,99,99,99,99,0,0,0,1,0
6,60548,2,2,0,0,0,5,5,37,1980,9,4,2012,2,17,30,0,16,6,105TH ST,CROESUS AVE,0,33.94058056,-118.2338111,0,12,6,0,2,2,0,1,1,1,0,1,0,0000000,99,99,99,99,99,99,0,0,0,1,0
6,60549,2,1,1,1,1,1,1,85,3440,9,4,2012,2,20,57,0,14,6,SHORELINE BLVD,WRIGHT AVE,0,37.39977222,-122.08075,0,8,0,0,3,2,0,99,3,10,0,10,0,0000000,99,99,99,99,88,88,0,0,0,1,0
6,60550,1,1,0,1,1,1,1,37,245,4,4,2012,4,23,45,1,11,1,I-10,,329,34.06918056,-117.9704111,0,8,0,0,1,1,1,1,3,1,0,1,0,0000000,99,99,99,99,99,99,0,0,0,1,1
6,60551,1,1,0,1,1,1,1,19,1370,10,4,2012,3,22,33,0,15,6,CLOVIS AVE,BALCH AVE,0,36.73829444,-119.7001583,0,15,0,0,3,3,0,1,2,1,0,1,0,0000000,99,99,99,99,99,99,0,0,0,1,1
6,60552,2,1,1,1,1,0,0,29,3020,2,4,2012,2,11,0,0,16,6,N INYO ST,,0,35.64020278,-117.6920944,0,8,0,0,8,1,0,1,1,1,0,1,0,0000000,99,99,99,99,99,99,0,0,0,1,0
6,60553,1,1,0,1,1,2,2,59,1660,29,2,2012,4,11,16,0,13,6,BOLSA AVE,ASTRONAUTICS LN,0,33.744525,-118.0308472,0,9,0,0,3,3,0,1,1,1,0,1,0,0000000,99,99,99,99,99,99,0,0,0,1,0
6,60554,3,3,0,0,0,4,4,37,0,11,4,2012,4,7,25,0,3,4,CR-BREA CANYON RD,,0,33.94686111,-117.8695194,0,24,0,0,1,1,0,4,1,10,0,10,0,0000000,99,99,99,99,99,99,0,0,0,1,0
6,60555,1,1,0,1,1,1,1,37,1980,11,4,2012,4,9,35,0,14,6,ECHO PARK AVE,LUCRETIA AVE,0,34.08344722,-118.2544111,0,8,0,0,2,2,0,1,1,10,0,10,0,0000000,99,99,99,99,99,99,0,0,0,1,0
6,60556,1,1,0,0,0,1,1,73,1200,12,4,2012,5,0,52,1,11,1,I-15,,313,33.12375,-117.1037806,0,24,0,1,5,1,0,4,2,1,0,1,0,0000000,99,99,99,99,88,88,0,0,0,1,1
6,60557,1,1,0,0,0,1,1,67,3150,12,4,2012,5,5,0,1,11,1,I-5,,182,38.51046111,-121.5219306,0,42,0,0,1,1,0,5,2,2,10,2,0,0000000,99,99,99,99,99,99,0,0,0,1,0
6,60558,2,2,0,0,0,2,2,67,3150,12,4,2012,5,19,58,1,11,1,I-5,,242,38.58838056,-121.5037889,0,12,7,0,1,1,0,1,2,10,0,10,0,0000000,99,99,99,99,99,99,0,0,0,1,0
6,60559,1,1,0,0,0,1,1,47,0,12,4,2012,5,23,10,0,3,4,CR-NICKERSON FERRY RD,,0,37.27356944,-120.4996306,0,35,0,0,1,1,0,5,2,2,10,2,0,0000000,99,99,99,99,88,88,0,0,0,1,1
6,60560,4,1,3,1,1,1,1,37,1980,7,4,2012,7,14,20,0,13,6,VERMONT AVE,,0,33.88542222,-118.2914056,0,8,0,0,1,1,0,1,1,1,0,1,0,0000000,99,99,99,99,99,99,0,0,0,1,0
6,60561,2,2,0,0,0,2,2,59,1410,12,4,2012,5,20,38,0,13,6,CHAPMAN AVE,PIONEER LN,0,33.788625,-117.9385222,0,12,2,0,2,2,0,1,1,10,0,10,0,0000000,99,99,99,99,99,99,0,0,0,1,1
6,60562,2,2,0,0,0,6,6,29,0,30,3,2012,6,17,0,0,3,4,CR-PANAMA RD,,0,35.26696111,-118.9401889,0,12,6,0,1,1,0,1,1,1,0,1,0,0000000,99,99,99,99,99,99,0,0,0,1,0
6,60563,2,2,0,0,0,2,2,107,0,3,4,2012,3,5,59,0,4,4,CR-RD 152,,0,36.10363056,-119.2922806,0,12,2,0,1,1,0,1,2,10,0,10,0,0000000,99,99,99,99,88,88,0,0,0,1,0
6,60564,3,1,2,0,0,1,1,37,1980,13,4,2012,6,1,20,0,16,6,BUNKER HILL AVE,,0,34.06430556,-118.24265,0,14,0,0,1,1,0,7,3,10,0,10,0,0000000,99,99,99,99,99,99,0,0,0,1,0
6,60565,1,1,0,1,1,1,1,37,1980,13,4,2012,6,4,0,0,13,6,SUNSET BLVD,,0,34.09809167,-118.3098611,0,8,0,0,1,1,0,1,3,10,0,10,0,0000000,99,99,99,99,99,99,0,0,0,1,0
6,60566,3,3,0,0,0,3,3,59,1410,2,4,2012,2,11,31,0,13,6,BROOKHURST ST,CHAPMAN AVE,0,33.78865278,-117.9588306,0,12,6,0,2,2,0,1,1,1,0,1,0,0000000,99,99,99,99,99,99,0,0,0,1,0
6,60567,1,1,0,0,0,1,1,39,0,13,4,2012,6,12,58,1,12,3,SR-99,,240,37.09463056,-120.2141194,0,42,0,0,1,1,0,2,1,10,0,10,0,0000000,99,99,99,99,88,88,0,0,0,1,0
6,60568,4,2,2,2,2,3,3,115,2100,10,4,2012,3,20,43,0,14,6,10TH ST,F ST,0,39.14583611,-121.5917889,0,1,0,0,3,1,0,1,3,10,0,10,0,0000000,99,99,99,99,99,99,0,0,0,1,0
6,60569,2,2,0,0,0,2,2,87,0,13,4,2012,6,13,20,0,4,4,CR-SAN ANDREAS RD,,0,36.9024,-121.8243194,0,12,6,0,1,1,0,1,1,2,10,2,0,0000000,99,99,99,99,99,99,0,0,0,1,0
6,60570,1,1,0,0,0,1,1,73,0,2,4,2012,2,21,10,0,2,3,SR-94,,523,32.63033889,-116.4662889,0,42,0,0,1,1,0,4,2,1,0,1,0,0000000,99,99,99,99,99,99,0,0,0,1,0
6,60571,1,1,0,0,0,1,1,49,0,13,4,2012,6,15,31,0,2,3,SR-299,,470,41.55916667,-120.3591667,0,1,0,0,1,1,0,5,1,4,10,4,0,0000000,99,99,99,99,88,88,0,0,0,1,0
6,60572,2,2,0,0,0,2,2,73,3260,13,4,2012,6,18,6,0,14,6,UNIVERSITY AVE,,0,32.74776667,-117.0760139,0,12,2,0,1,1,0,1,1,10,0,10,0,0000000,99,99,99,99,99,99,0,0,0,1,0
6,60573,1,1,0,0,0,2,2,53,0,3,4,2012,3,17,45,0,5,4,CR-VINEYARD CYN RD,,0,35.81041111,-120.6693694,0,42,0,0,1,1,0,4,1,1,0,1,0,0000000,99,99,99,99,99,99,0,0,0,1,1
6,60574,1,1,0,1,1,1,1,37,0,18,3,2012,1,20,19,0,3,4,CR-HACIENDA BLVD,,0,34.00968056,-117.9632389,0,8,0,0,1,1,0,1,3,1,0,1,0,0000000,99,99,99,99,99,99,0,0,0,1,0
6,60575,1,1,0,0,0,1,1,65,0,13,4,2012,6,22,50,0,4,4,CR-OLD ELSINORE RD,,0,33.82916944,-117.2857917,0,42,0,0,1,1,0,5,2,10,0,10,0,0000000,99,99,99,99,88,88,0,0,0,1,0
6,60576,3,3,0,0,0,10,10,29,522,5,4,2012,5,20,23,0,13,6,CALIFORNIA CITY BL,,0,35.12543611,-118.0489944,0,12,8,0,1,1,0,1,2,1,0,1,0,0000000,99,99,99,99,99,99,0,0,0,3,0
6,60577,1,1,0,0,0,2,2,71,3210,15,4,2012,1,9,54,0,16,6,S TUNGSTEN CT,,0,34.05374444,-117.27785,0,5,0,0,1,1,0,1,1,1,0,1,0,0000000,9,57,10,1,10,29,0,0,0,1,0
6,60578,1,1,0,1,1,1,1,1,3360,6,4,2012,6,20,7,0,14,6,MACARTHUR BLVD,,0,37.73010278,-122.138925,0,8,0,0,1,1,0,1,3,1,0,1,0,0000000,99,99,99,99,99,99,0,0,0,1,0
6,60579,2,2,0,0,0,2,2,13,820,13,4,2012,6,8,6,0,16,6,ROSAL LANE,,0,37.96441111,-121.9997167,0,12,6,0,1,1,0,1,4,1,0,1,0,0000000,99,99,99,99,99,99,0,0,0,1,0
6,60580,3,3,0,1,1,3,3,13,3010,11,4,2012,4,1,30,0,14,6,BARNETT AVE,33RD ST,0,37.93702778,-122.3371972,0,9,0,0,2,2,0,1,3,2,10,2,0,0000000,99,99,99,99,88,88,0,0,0,1,0
6,60581,3,3,0,1,1,6,6,107,0,14,4,2012,7,21,35,0,2,4,CR-AVENUE 152,,0,36.06578056,-119.1654611,0,8,0,0,1,1,0,1,2,1,0,1,0,0000000,99,98,99,98,88,88,0,0,0,1,0
6,60582,1,1,0,0,0,2,2,7,0,14,4,2012,7,0,30,0,3,4,CR-OPHIR RD,,0,39.46563889,-121.5539194,0,42,0,0,1,1,0,2,2,10,0,10,0,0000000,99,99,99,99,99,99,0,0,0,1,0
6,60583,2,1,1,0,0,1,1,47,2150,17,2,2012,6,12,9,0,15,6,E 20TH ST,,0,37.30009444,-120.4698444,0,14,0,0,1,1,0,7,1,1,0,1,0,0000000,99,99,99,99,99,99,0,0,0,1,0
6,60584,2,2,0,0,0,2,2,29,0,15,4,2012,1,1,2,0,3,4,CR-OSWELL ST,NILES ST,0,35.37593889,-118.9497,0,12,6,0,2,2,0,1,3,1,0,1,0,0000000,99,99,99,99,99,99,0,0,0,1,2
6,60585,1,1,0,1,1,1,1,37,1970,6,3,2012,3,20,14,0,13,6,2ND ST,,0,33.75668889,-118.1166333,0,8,0,0,1,1,0,1,3,1,0,1,0,0000000,99,99,99,99,88,88,0,0,0,1,0
6,60586,1,1,0,1,1,1,1,89,0,15,4,2012,1,2,25,0,12,3,SR-273,,103,40.49929167,-122.3730028,0,8,0,0,1,1,0,1,2,1,0,1,0,0000000,99,99,99,99,99,99,0,0,0,1,0
6,60587,2,2,0,0,0,4,4,73,0,15,4,2012,1,10,26,0,4,4,CR- LILAC RD,OLD HIGHWAY 395,0,33.30118056,-117.1535056,0,12,6,0,2,2,0,1,1,1,0,1,0,0000000,99,99,99,99,99,99,0,0,0,2,0
6,60588,2,2,0,0,0,2,2,37,1980,10,3,2012,7,12,55,0,14,6,DE SOTO AVE,NORDHOFF STREET,0,34.23549444,-118.58855,0,12,6,0,3,2,0,1,1,1,0,1,0,0000000,99,99,99,99,88,88,0,0,0,1,0
6,60589,1,1,0,1,1,1,1,111,2270,15,4,2012,1,7,14,0,16,6,N RAND ST,,0,34.29397222,-118.8509306,0,8,0,0,1,1,0,1,1,1,0,1,0,0000000,99,99,99,99,99,99,0,0,0,1,0
6,60590,1,1,0,0,0,1,1,5,1740,21,2,2012,3,0,9,1,13,3,SR-88,,143,38.33883889,-120.761575,0,59,0,0,1,1,0,4,3,1,0,1,0,0000000,99,99,99,99,88,88,20,0,0,1,0
6,60591,1,1,0,0,0,1,1,27,0,15,4,2012,1,11,15,0,14,4,CR-BADWATER RD,HARRY WADE RD,0,35.89985278,-116.656775,0,33,0,0,1,1,0,5,1,1,0,1,0,0000000,99,99,99,99,88,88,0,0,0,1,0
6,60592,1,1,0,0,0,5,5,73,3260,4,4,2012,4,23,44,0,12,3,SR-52,,54,32.83734167,-117.15365,0,25,0,0,1,1,0,3,3,1,0,1,0,0000000,99,99,99,99,99,99,0,0,0,2,0
6,60593,1,1,0,0,0,1,1,13,2090,15,4,2012,1,17,40,0,12,3,SR-4 RAMP,,102,37.99179722,-122.1017194,0,59,0,1,5,1,0,4,1,1,0,1,0,0000000,99,99,99,99,99,99,0,0,0,1,0
6,60594,2,2,0,0,0,2,2,59,2560,7,3,2012,4,9,50,0,15,6,CAMINO CAPISTRANO,,0,33.55123889,-117.674,0,12,6,0,1,1,0,1,1,1,0,1,0,0000000,99,99,99,99,99,99,0,0,0,1,0
6,60595,1,1,0,0,0,1,1,37,1980,17,4,2012,3,19,18,1,11,1,I-405,,403,34.17226111,-118.4677389,0,25,0,1,18,1,0,3,5,1,0,1,0,0000000,99,99,99,99,88,88,0,0,0,1,0
6,60596,1,1,0,0,0,3,3,29,0,15,4,2012,1,18,42,0,4,4,CR-MAST AVE,,0,35.75311944,-119.23185,0,43,0,0,1,1,0,5,1,1,0,1,0,0000000,99,99,99,99,99,99,4,0,0,1,1
6,60597,1,1,0,0,0,3,3,53,0,19,4,2012,5,16,54,1,2,2,US-101,,510,36.29786111,-121.2118194,0,1,0,0,1,1,0,4,1,1,0,1,0,0000000,99,99,99,99,99,99,0,0,0,1,0
6,60598,1,1,0,1,1,1,1,71,3000,17,4,2012,3,21,20,0,13,6,FOOTHILL BLVD,,0,34.10675,-117.3544278,0,8,0,0,1,1,0,1,3,1,0,1,0,0000000,99,99,99,99,99,99,0,0,0,1,0
6,60599,1,1,0,0,0,1,1,93,0,31,3,2012,7,0,30,0,2,3,SR-96,,462,41.79986111,-123.33485,0,59,0,0,1,1,0,4,2,2,0,2,0,0000000,99,99,99,99,88,88,0,0,0,1,1
6,60600,2,2,0,0,0,5,5,37,1440,15,4,2012,1,13,34,1,12,3,SR-2,,202,34.16813889,-118.2234111,0,12,1,0,1,1,0,1,1,1,0,1,0,0000000,99,99,99,99,99,99,0,0,0,1,0
6,60601,2,2,0,0,0,2,2,37,0,10,3,2012,7,16,15,0,3,4,CR-MEYER RD,BEATY AVE,0,33.9245,-118.0450472,0,12,6,0,2,2,0,1,1,1,0,1,0,0000000,99,99,99,99,99,99,0,0,0,1,1
6,60602,1,1,0,0,0,3,3,73,3375,18,4,2012,4,0,20,1,12,3,SR-78,,118,33.14033889,-117.1827611,0,38,0,0,1,1,0,5,2,1,0,1,0,0000000,99,99,99,99,99,99,0,0,0,1,0
6,60603,1,1,0,0,0,1,1,81,3730,15,4,2012,1,17,20,0,15,6,HILLSIDE BLVD,,0,37.6692,-122.4177306,0,33,0,0,1,1,0,4,1,1,0,1,0,0000000,99,99,99,99,88,88,0,0,0,1,1
6,60604,1,1,0,0,0,2,2,97,3490,15,4,2012,1,16,26,0,14,6,STONY POINT RD,,0,38.43785278,-122.7429,0,42,0,0,1,1,0,5,1,1,0,1,0,0000000,99,99,99,99,99,99,0,0,0,1,0
6,60605,1,1,0,0,0,1,1,71,680,16,4,2012,2,16,14,0,12,3,SR-60,,0,34.03049722,-117.6595889,0,25,0,0,1,1,0,3,1,1,0,1,0,0000000,99,99,99,99,88,88,0,0,0,1,0
6,60606,1,1,0,0,0,3,3,37,1970,16,4,2012,2,22,55,1,11,1,I-710,,116,33.85725278,-118.2031306,0,1,0,0,1,1,0,5,2,1,0,1,0,0000000,99,99,99,99,99,99,0,0,0,3,0
6,60607,1,1,0,1,1,1,1,53,3180,16,4,2012,2,16,25,0,16,6,CHICO WAY,,0,36.70801389,-121.6340583,0,8,0,0,8,1,0,1,1,10,0,10,0,0000000,99,99,99,99,99,99,0,0,0,1,1
6,60609,1,1,0,0,0,1,1,37,0,16,4,2012,2,99,99,0,15,4,CR-ESCONDIDO CANYON RD,NORCROSS ST,0,34.49431944,-118.2732306,0,34,0,0,1,1,0,5,2,1,0,1,0,0000000,99,99,99,99,88,88,0,0,0,1,0
6,60610,4,1,3,0,0,2,2,37,810,18,4,2012,4,2,20,0,16,6,NESTOR AVE,SCHOOL ST,0,33.89708611,-118.2488889,0,14,0,0,3,3,0,2,3,1,0,1,0,0000000,99,99,99,99,99,99,0,0,0,1,1
6,60611,1,1,0,0,0,1,1,85,3340,17,4,2012,3,0,35,1,11,1,I-680,,10,37.35193056,-121.8378,0,59,0,0,1,1,0,5,3,1,0,1,0,0000000,99,99,99,99,88,88,0,0,0,1,1
6,60612,1,1,0,0,0,1,1,85,3340,27,1,2012,6,15,36,0,14,6,YERBA BUENA RD,,0,37.29945556,-121.7683889,0,30,0,0,1,1,0,4,1,1,0,1,0,0000000,99,99,99,99,88,88,0,0,0,1,0
6,60613,2,2,0,0,0,3,3,111,3641,7,3,2012,4,18,9,0,14,6,COCHRAN ST,STEARNS ST,0,34.27900833,-118.6913889,0,12,2,0,2,2,0,1,3,1,0,1,0,0000000,99,99,99,99,99,99,0,0,0,1,0
6,60614,1,1,0,0,0,1,1,67,1300,16,4,2012,2,2,14,1,12,2,US-50,,175,38.64106111,-121.1892222,0,42,0,0,1,1,0,5,2,1,0,1,0,0000000,99,99,99,99,88,88,0,0,0,1,0
6,60615,2,2,0,0,0,2,2,19,0,7,3,2012,4,18,30,0,4,4,CR-CRAWFORD AVE,,0,36.6246,-119.3763806,0,12,1,0,1,1,0,1,2,1,0,1,0,0000000,99,99,99,99,88,88,0,0,0,1,0
6,60616,1,1,0,0,0,1,1,13,2583,18,4,2012,4,11,38,1,12,3,SR-24,,26,37.882125,-122.1814167,0,42,0,0,1,1,0,5,1,1,0,1,0,0000000,99,99,99,99,88,88,0,0,0,1,0
6,60617,1,1,0,1,1,2,2,59,1790,6,4,2012,6,20,27,0,13,6,LAMBERT RD,,0,33.92465278,-117.9546083,0,8,0,0,1,1,0,1,2,1,0,1,0,0000000,99,99,99,99,99,99,0,0,0,1,0
6,60618,2,2,0,0,0,5,5,93,0,6,4,2012,6,12,0,1,2,3,SR-89,SKI PARK HWY,294,41.26858056,-122.2148889,0,12,6,0,2,2,0,1,1,1,0,1,0,0000000,99,99,99,99,99,99,0,0,0,2,0
6,60619,2,2,0,0,0,2,2,69,0,8,3,2012,5,6,51,1,2,2,US-101,,18,36.8593,-121.60065,0,12,1,0,1,1,0,1,1,1,0,1,0,0000000,99,99,99,99,88,88,0,0,0,1,0
6,60620,2,2,0,0,0,5,5,37,3690,16,4,2012,2,1,16,1,11,1,I-710,,172,33.93396111,-118.1772806,0,12,2,0,1,1,0,1,3,1,0,1,0,0000000,99,99,99,99,99,99,0,0,0,1,1
6,60621,1,1,0,1,1,1,1,73,3260,18,4,2012,4,15,34,0,14,6,MONTEZUMA RD,,0,32.77021667,-117.0917194,0,9,0,0,1,1,0,4,1,1,0,1,0,0000000,99,99,99,99,88,88,0,0,0,1,0
6,60622,2,2,0,0,0,3,3,19,0,16,4,2012,2,13,48,0,2,3,SR-168,,167,36.87218889,-119.5594111,0,12,2,0,1,1,0,1,1,1,0,1,0,0000000,99,99,99,99,99,99,0,0,0,1,0
6,60623,1,1,0,1,1,1,1,37,1550,19,3,2012,2,20,59,0,13,6,ROSECRANS AVE,YUKON AVE,0,33.90193611,-118.3351972,0,8,0,0,3,2,0,1,3,1,0,1,0,0000000,99,99,99,99,88,88,0,0,0,1,0
6,60624,1,1,0,0,0,3,3,93,0,17,2,2012,6,22,10,0,6,4,CR-JUNIPER KNOLL RD,,0,41.95411111,-121.9238,0,38,0,0,1,1,0,4,2,10,0,10,0,0000000,99,99,99,99,88,88,0,0,0,1,1
6,60625,2,2,0,0,0,2,2,45,0,12,3,2012,2,8,20,1,2,2,US-101,,493,39.2666,-123.2114889,0,12,2,0,1,1,0,1,1,10,0,10,0,0000000,99,99,99,99,88,88,0,0,0,1,0
6,60626,1,1,0,0,0,1,1,59,3250,19,4,2012,5,21,35,0,14,6,AVENIDA PICO,,0,33.44697222,-117.6112583,0,33,0,0,1,1,0,4,3,1,0,1,0,0000000,99,99,99,99,99,99,0,0,0,1,1
6,60627,1,1,0,1,1,1,1,23,1340,17,4,2012,3,7,39,0,14,6,SCHOOL ST,ROHNERVILLE RD,0,40.57018333,-124.1267417,0,8,0,0,3,2,0,1,1,10,0,10,1,0000000,99,99,99,99,88,88,0,0,0,1,0