STATE,ST_CASE,VE_TOTAL,VE_FORMS,PVH_INVL,PEDS,PERNOTMVIT,PERMVIT,PERSONS,COUNTY,CITY,DAY,MONTH,YEAR,DAY_WEEK,HOUR,MINUTE,NHS,ROAD_FNC,ROUTE,TWAY_ID,TWAY_ID2,MILEPT,LATITUDE,LONGITUD,SP_JUR,HARM_EV,MAN_COLL,RELJCT1,RELJCT2,TYP_INT,WRK_ZONE,REL_ROAD,LGT_COND,WEATHER1,WEATHER2,WEATHER,SCH_BUS,RAIL,NOT_HOUR,NOT_MIN,ARR_HOUR,ARR_MIN,HOSP_HR,HOSP_MN,CF1,CF2,CF3,FATALS,DRUNK_DR
6,60628,1,1,0,0,0,2,2,25,0,13,4,2012,6,6,40,1,1,1,I-8,,914,32.74403056,-114.7077,0,1,0,0,1,1,0,5,1,1,0,1,0,0000000,99,99,99,99,99,99,0,0,0,1,0
6,60629,2,2,0,0,0,5,5,79,0,25,4,2012,4,21,10,0,3,4,CR-S BAY BLVD,,0,35.3436,-120.8252639,0,12,2,0,1,1,0,1,2,10,0,10,0,0000000,99,99,99,99,99,99,0,0,0,1,0
6,60630,2,2,0,0,0,2,2,37,2929,28,3,2012,4,14,30,0,13,6,PALOS VERDES DR,,0,33.76411667,-118.3293417,0,12,2,0,1,1,0,1,1,1,0,1,0,0000000,99,99,99,99,99,99,0,0,0,1,0
6,60631,1,1,0,0,0,6,6,71,0,18,4,2012,4,19,23,1,1,1,I-15,,1553,35.4016,-115.7961306,0,1,0,1,18,1,0,3,5,1,0,1,0,0000000,99,99,99,99,99,99,0,0,0,3,0
6,60632,1,1,0,0,0,1,1,113,4258,20,4,2012,6,8,16,0,3,6,COUNTY RD 102,,0,38.64295,-121.7291028,0,1,0,0,1,1,0,1,1,1,0,1,0,0000000,99,99,99,99,99,99,0,0,0,1,0
6,60633,1,1,0,1,1,2,2,25,0,25,4,2012,4,21,25,0,2,3,SR-111,,397,33.22861111,-115.5180694,0,8,0,0,1,1,0,1,2,1,0,1,0,0000000,99,99,99,99,99,99,0,0,0,1,0
6,60634,2,2,0,0,0,5,5,107,0,26,4,2012,5,3,13,0,2,3,SR-190,ROAD 284,211,36.04756667,-118.9372194,0,12,6,0,2,2,0,1,2,2,10,2,0,0000000,99,99,99,99,99,99,0,0,0,3,1
6,60635,1,1,0,0,0,1,1,67,3150,26,4,2012,5,8,19,0,16,6,TURNBRIDGE DR,,0,38.49960833,-121.4643306,0,19,0,0,8,1,0,5,1,1,0,1,0,0000000,99,99,99,99,99,99,0,0,0,1,0
6,60636,3,3,0,0,0,5,5,65,3070,6,4,2012,6,14,6,1,12,3,SR-60,,126,33.94390556,-117.2858889,0,12,7,0,1,1,1,1,1,1,0,1,0,0000000,99,99,99,99,99,99,14,0,0,1,0
6,60637,1,1,0,0,0,1,1,37,1980,18,4,2012,4,23,10,1,11,1,I-105 RAMP,,10,33.93085556,-118.3888028,0,23,0,1,5,1,0,4,3,1,0,1,0,0000000,99,99,99,99,99,99,0,0,0,1,0
6,60638,1,1,0,1,1,1,1,37,810,20,4,2012,6,18,38,0,13,6,SANTA FE AVE,PINE STREET,0,33.91143611,-118.216675,0,9,0,0,3,2,0,1,1,1,0,1,0,0000000,99,99,99,99,99,99,0,0,0,1,0
6,60639,3,3,0,0,0,7,7,111,2620,12,3,2012,2,11,49,0,13,6,VICTORIA AVE,,0,34.21318611,-119.2208861,0,12,2,0,1,1,0,1,1,1,0,1,0,0000000,99,99,99,99,99,99,0,0,0,1,0
6,60640,2,2,0,0,0,3,3,29,0,7,4,2012,7,0,5,0,2,3,SR-119,TUPMAN RD,133,35.26586944,-119.3118889,0,12,6,0,3,2,0,1,3,1,0,1,0,0000000,99,99,99,99,99,99,0,0,0,1,1
6,60641,2,2,0,0,0,6,6,1,2480,19,4,2012,5,5,35,1,11,1,I-580,,388,37.77896944,-122.1699,0,12,7,1,18,1,0,1,2,1,0,1,0,0000000,99,99,99,99,99,99,0,0,0,1,0
6,60642,1,1,0,1,1,1,1,97,3490,28,3,2012,4,20,6,0,13,6,SANTA ROSA AVE,ELSA DR,0,38.40550556,-122.7135111,0,8,0,0,3,3,0,1,5,1,0,1,0,0000000,99,99,99,99,99,99,0,0,0,1,0
6,60643,1,1,0,3,3,1,1,13,820,7,4,2012,7,9,31,0,13,6,TREAT BL,,0,37.938375,-122.0257361,0,9,0,0,1,1,0,4,1,1,0,1,0,0000000,99,99,99,99,99,99,0,0,0,2,0
6,60644,1,1,0,0,0,1,1,75,3290,21,4,2012,7,1,9,1,12,2,US-101,,49,37.76946111,-122.4117889,0,25,0,0,1,1,0,4,3,1,0,1,0,0000000,99,99,99,99,88,88,0,0,0,1,1
6,60645,2,2,0,0,0,2,2,29,0,12,3,2012,2,16,47,0,4,4,CR-ELK HILLS RD,,0,35.28858889,-119.4652306,0,12,2,0,1,1,0,1,1,1,0,1,0,0000000,99,99,99,99,99,99,0,0,0,1,0
6,60646,1,1,0,1,1,1,1,13,3010,26,4,2012,5,11,9,0,15,6,SAN JOAQUIN ST,BURLINGHAM AVE,0,37.908825,-122.3167639,0,9,0,0,3,3,0,1,1,1,0,1,0,0000000,99,99,99,99,99,99,0,0,0,1,0
6,60647,2,2,0,0,0,4,4,9,0,26,4,2012,5,17,20,0,4,4,CR-PARROTS FERRY RD,,0,38.07701944,-120.4572806,0,12,6,0,1,1,0,1,1,1,0,1,0,0000000,99,99,99,99,99,99,0,0,0,1,0
6,60648,1,1,0,0,0,1,1,77,0,30,3,2012,6,4,40,1,2,3,SR-120,,14,37.78827222,-121.2840444,0,1,0,1,18,1,0,8,2,1,0,1,0,0000000,99,99,99,99,88,88,0,0,0,1,1
6,60649,2,2,0,0,0,5,5,69,0,22,4,2012,1,11,34,0,3,4,CR-FAIRVIEW RD,CHURCHILL RD,0,36.92521389,-121.377925,0,12,6,0,2,2,0,1,1,1,0,1,0,0000000,99,99,99,99,99,99,0,0,0,1,0
6,60650,1,1,0,1,1,3,3,37,1980,26,4,2012,5,20,10,0,13,6,SLAUSON AVE,WESTERN AVE,0,33.98922222,-118.3089472,0,8,0,0,3,2,0,1,3,1,0,1,0,0000000,99,99,99,99,99,99,0,0,0,1,0
6,60651,1,1,0,0,0,1,1,29,0,21,4,2012,7,17,25,0,4,4,CR-BUENA VISTA BLVD,,0,35.23821111,-118.8357111,0,30,0,0,1,1,0,4,1,1,0,1,0,0000000,99,99,99,99,88,88,0,0,0,1,1
6,60652,2,2,0,0,0,6,6,107,0,12,3,2012,2,19,5,0,5,4,CR-ROAD 144,AVENUE 56,0,35.89186944,-119.2503694,0,12,6,0,2,2,0,1,1,1,0,1,0,0000000,99,99,99,99,99,99,0,0,0,2,1
6,60653,2,2,0,0,0,2,2,111,538,27,4,2012,6,15,31,0,13,6,SANTA ROSA RD,LOS PUEBLOS DR,0,34.22155,-119.000725,0,12,2,0,2,2,0,1,1,1,0,1,0,0000000,99,99,99,99,88,88,0,0,0,1,0
6,60654,2,2,0,0,0,2,2,71,0,2,4,2012,2,11,47,0,3,4,CR-ETIWANDA AVE,,0,34.08888056,-117.5238389,0,12,1,0,1,1,3,1,1,1,0,1,0,0000000,99,99,99,99,88,88,0,0,0,1,0
6,60655,1,1,0,0,0,1,1,7,0,27,4,2012,6,19,32,0,3,4,CR-SKYWAY RD,,0,39.71206111,-121.7752611,0,35,0,0,1,1,0,3,1,1,0,1,0,0000000,99,99,99,99,99,99,0,0,0,1,0
6,60656,2,2,0,0,0,7,7,13,460,28,4,2012,7,0,7,0,14,6,WALNUT BLVD,BALFOUR RD,0,37.92554167,-121.6961528,0,12,6,0,2,2,0,1,3,1,0,1,0,0000000,99,99,99,99,99,99,0,0,0,1,1
6,60657,1,1,0,0,0,1,1,59,470,21,4,2012,7,22,37,0,13,6,ORANGETHORPE AVE,,0,33.85883333,-118.0226639,0,33,0,0,1,1,0,4,3,1,0,1,0,0000000,99,99,99,99,0,0,0,0,0,1,1
6,60658,2,2,0,0,0,2,2,69,0,23,4,2012,2,14,14,0,2,3,SR-156,,76,36.8469,-121.4540306,0,12,6,0,1,1,0,1,1,1,0,1,0,0000000,99,99,99,99,99,99,0,0,0,1,1
6,60659,2,2,0,0,0,2,2,29,240,14,4,2012,7,20,37,0,14,6,JEWETTA AVE,REINA RD,0,35.41234722,-119.1277361,0,12,1,0,3,2,0,1,3,1,0,1,0,0000000,99,99,99,99,99,99,0,0,0,1,1
6,60660,1,1,0,0,0,1,1,37,1980,28,4,2012,7,0,45,0,13,6,IMPERIAL HIGHWAY,,0,33.93118056,-118.2691,0,30,0,0,1,1,0,5,3,1,0,1,0,0000000,99,99,99,99,88,88,0,0,0,1,1
6,60661,1,1,0,1,1,1,1,29,0,28,4,2012,7,0,50,0,3,4,CR-CHESTER AVE,,0,35.40693056,-119.0210389,0,8,0,0,1,1,0,1,3,1,0,1,0,0000000,99,99,99,99,99,99,0,0,0,1,0
6,60662,1,1,0,0,0,1,1,55,0,28,4,2012,7,10,15,0,2,3,SR-121,,123,38.34921111,-122.2357389,0,35,0,0,1,1,0,4,1,1,0,1,0,0000000,99,99,99,99,99,99,0,0,0,1,0
6,60663,1,1,0,0,0,1,1,99,2710,21,4,2012,7,23,50,0,14,6,SPERRY AVE,,0,37.46448056,-121.1535,0,33,0,0,1,1,0,4,3,1,0,1,0,0000000,99,99,99,99,99,99,0,0,0,1,0
6,60664,2,1,1,0,0,1,1,37,9999,25,4,2012,4,1,20,0,14,4,CR-CARMENITA RD,,0,33.93255,-118.046375,0,33,0,0,1,1,0,3,3,10,0,10,0,0000000,99,99,99,99,99,99,14,0,0,1,1
6,60665,2,2,0,0,0,2,2,73,0,24,4,2012,3,11,0,0,2,3,SR-76,,123,33.292625,-117.2245222,0,12,2,0,1,1,1,1,1,1,0,1,0,0000000,99,99,99,99,88,88,0,0,0,1,0
6,60666,4,3,1,0,0,5,5,37,1980,25,4,2012,4,12,5,0,14,6,108TH ST,,0,33.93822778,-118.2856333,0,12,8,0,1,1,0,1,1,1,0,1,0,0000000,99,99,99,99,99,99,0,0,0,1,0
6,60667,2,2,0,0,0,3,3,65,2278,28,4,2012,7,16,43,0,16,6,IRIS AVE,OLIVER ST,0,33.89541667,-117.1828889,0,12,6,0,2,2,0,1,1,1,0,1,0,0000000,99,99,99,99,99,99,0,0,0,1,0
6,60668,1,1,0,0,0,1,1,71,0,24,4,2012,3,16,6,1,1,1,I-40,,387,34.72667222,-116.24805,0,38,0,0,1,1,0,5,1,1,0,1,0,0000000,99,99,99,99,88,88,0,0,0,1,0
6,60669,2,2,0,0,0,2,2,77,0,4,4,2012,4,11,15,1,2,3,SR-12,,71,38.11543889,-121.4547,0,12,2,0,1,1,0,1,1,1,0,1,0,0000000,99,99,99,99,99,99,0,0,0,1,0
6,60670,2,2,0,0,0,4,4,95,0,28,4,2012,7,18,0,1,2,3,SR-12,,126,38.2283,-121.9002806,0,33,0,0,1,1,0,3,1,1,0,1,0,0000000,99,99,99,99,88,88,0,0,0,1,1
6,60671,2,2,0,0,0,2,2,71,1305,25,4,2012,4,2,0,0,13,6,CR-FOOTHILL BLVD,,0,34.10649167,-117.46525,0,12,6,0,1,1,0,1,3,10,0,10,0,0000000,99,99,99,99,99,99,23,0,0,1,1
6,60672,2,2,0,0,0,2,2,77,9999,25,4,2012,4,4,55,0,2,4,CR-AIRPORT WY,ROTH RD,0,37.85555556,-121.2554111,0,12,6,0,2,3,0,1,3,1,0,1,0,0000000,99,99,99,99,99,99,0,0,0,1,0
6,60673,2,2,0,0,0,3,3,3,0,19,4,2012,5,15,55,0,2,3,SR-89,,38,38.66811111,-119.6490194,0,1,0,0,1,1,0,1,1,1,0,1,0,0000000,99,99,99,99,88,88,0,0,0,1,0
6,60674,2,2,0,0,0,2,2,37,2054,24,4,2012,3,17,8,0,13,3,SR-1,,409,34.03988611,-118.5804917,0,12,2,0,1,1,0,1,1,1,0,1,0,0000000,99,99,99,99,99,99,0,0,0,1,0
6,60675,2,1,1,0,0,1,1,107,0,19,4,2012,5,23,10,0,6,4,CR-AVE 314,,0,36.3578,-119.0763111,0,1,0,0,1,1,0,4,2,1,0,1,0,0000000,99,99,99,99,88,88,0,0,0,1,1
6,60676,1,1,0,0,0,1,1,67,3150,28,4,2012,7,20,1,1,12,3,SR-99,,202,38.50281944,-121.4529694,0,25,0,0,1,1,0,3,1,1,0,1,0,0000000,99,99,99,99,99,99,0,0,0,1,1
6,60677,1,1,0,1,1,1,1,37,0,28,4,2012,7,21,59,0,13,4,CR-SAN GABRIEL BLVD,,0,34.11727222,-118.0912417,0,8,0,0,1,1,0,1,3,1,0,1,0,0000000,99,99,99,99,88,88,0,0,0,1,0
6,60678,3,3,0,0,0,7,7,73,3260,25,4,2012,4,6,37,1,11,1,I-805,,268,32.88719722,-117.203175,0,12,7,0,1,1,1,1,1,10,0,10,0,0000000,99,99,99,99,99,99,0,0,0,1,0
6,60679,1,1,0,1,1,1,1,71,1305,29,4,2012,1,1,27,0,14,6,CITRUS AVE,,0,34.1198,-117.4535667,0,8,0,0,1,1,0,1,3,1,0,1,0,0000000,99,99,99,99,99,99,0,0,0,1,1
6,60680,2,2,0,0,0,3,3,107,0,24,4,2012,3,17,25,1,2,3,SR-65,AVENUE 24,30,35.83413056,-119.0536778,0,12,8,0,2,3,0,1,1,1,0,1,0,0000000,99,99,99,99,99,99,0,0,0,2,0
6,60681,1,1,0,1,1,1,1,37,2870,5,4,2012,5,20,58,0,14,6,WHITE AVE,9TH ST,0,34.05126111,-117.7586444,0,8,0,0,2,2,0,1,3,1,0,1,0,0000000,99,99,99,99,99,99,0,0,0,1,0
6,60682,1,1,0,0,0,1,1,37,1980,29,4,2012,1,8,55,1,12,3,SR-134,,51,34.15551111,-118.2896389,0,43,0,0,1,1,0,2,1,1,0,1,0,0000000,99,99,99,99,88,88,0,0,0,1,0
6,60683,2,2,0,0,0,2,2,19,0,20,4,2012,6,5,52,0,3,4,CR-KINGS CANYON RD,WALLING AVE,0,36.73576667,-119.7023333,0,12,6,0,2,3,0,1,4,1,0,1,0,0000000,99,99,99,99,88,88,0,0,0,1,0
6,60684,1,1,0,1,1,3,3,83,0,29,4,2012,1,13,0,1,2,3,SR-1,,329,34.77481944,-120.4895889,0,9,0,0,1,1,0,2,1,1,0,1,0,0000000,99,99,99,99,99,99,0,0,0,1,0
6,60685,1,1,0,0,0,3,3,19,0,5,4,2012,5,21,30,1,1,1,I-5,,352,36.49658889,-120.4504389,0,1,0,0,1,1,0,3,2,1,0,1,0,0000000,99,99,99,99,99,99,0,0,0,1,0
6,60686,1,1,0,0,0,3,3,19,0,29,4,2012,1,14,12,1,1,1,I-5,,38,36.11633056,-120.1396194,0,1,0,0,1,1,0,1,1,1,0,1,0,0000000,99,99,99,99,99,99,0,0,0,1,0
6,60687,2,2,0,0,0,4,4,73,9999,25,4,2012,4,9,15,0,3,4,CR-VALLEY CENTER RD,,0,33.22530556,-117.0375083,0,12,2,0,1,1,0,1,1,10,0,10,0,0000000,99,99,99,99,99,99,20,0,0,1,0
6,60688,2,2,0,0,0,2,2,39,2050,10,4,2012,3,14,25,0,15,6,GRANADA DR,DEBORAH LN,0,36.97313889,-120.0921972,0,12,2,0,2,3,0,1,1,1,0,1,0,0000000,99,99,99,99,99,99,0,0,0,1,0
6,60689,2,1,1,0,1,1,2,65,3851,30,3,2012,6,7,30,1,11,1,I-15 RAMP,,68,33.52478889,-117.1650111,0,14,0,1,5,1,0,2,1,5,0,5,0,0000000,99,99,99,99,88,88,0,0,0,1,0
6,60690,2,2,0,0,0,3,3,59,80,14,1,2012,7,17,15,0,13,6,W BALL RD,,0,33.81810278,-117.9274889,0,33,0,0,1,1,0,3,5,1,0,1,0,0000000,99,99,99,99,99,99,0,0,0,1,0
6,60691,1,1,0,0,0,2,2,71,0,6,4,2012,6,3,15,1,1,1,I-40,,504,34.72558056,-116.1570389,0,1,0,0,1,1,0,4,2,1,0,1,0,0000000,99,99,99,99,99,99,0,0,0,1,0
6,60692,1,1,0,1,1,1,1,87,9999,4,5,2012,6,99,99,0,2,3,SR-1,,252,36.98236111,-122.1426139,0,8,0,0,1,1,0,2,2,10,0,10,0,0000000,99,98,99,98,88,88,0,0,0,1,0
6,60693,2,2,0,0,0,2,2,19,1370,17,4,2012,3,19,39,0,14,6,FRESNO ST,,0,36.78481389,-119.7814472,0,12,2,0,1,1,0,1,3,1,0,1,0,0000000,99,99,99,99,99,99,0,0,0,1,1
6,60694,4,4,0,0,0,6,6,37,0,29,4,2012,1,2,6,1,12,3,SR-60,,230,34.00045,-117.8455694,0,12,1,0,1,1,1,1,3,1,0,1,0,0000000,99,99,99,99,99,99,3,0,0,1,1
6,60695,1,1,0,0,0,1,1,19,0,6,4,2012,6,16,45,0,2,4,CR-MANNING AVE,,0,36.60433889,-119.5121889,0,43,0,0,1,1,0,4,1,1,0,1,0,0000000,99,99,99,99,88,88,0,0,0,1,0
6,60696,2,2,0,0,0,2,2,37,0,29,4,2012,1,13,30,0,2,3,SR-2,,635,34.35573889,-117.85925,0,1,0,0,1,1,0,1,1,1,0,1,0,0000000,99,99,99,99,99,99,0,0,0,1,0
6,60697,2,2,0,0,0,5,5,53,9999,5,5,2012,7,9,25,0,6,4,CR-SPENCE RD,OLD STAGE RD,0,36.629875,-121.5397833,0,12,6,0,2,3,0,1,1,1,0,1,0,0000000,99,99,99,99,99,99,0,0,0,1,0
6,60698,1,1,0,0,0,1,1,71,3210,6,4,2012,6,18,55,0,14,6,W KENDALL DR,,0,34.15915,-117.2955556,0,33,0,0,1,1,0,4,1,1,0,1,0,0000000,99,99,99,99,99,99,0,0,0,1,1
6,60699,2,2,0,0,0,3,3,65,0,25,4,2012,4,14,0,0,4,4,CR-DOMENIGONI PARKWAY,,0,33.69858056,-117.0546194,0,12,1,0,1,1,2,1,1,10,0,10,0,0000000,99,99,99,99,99,99,0,0,0,1,0
6,60700,1,1,0,0,0,3,3,83,0,18,4,2012,4,2,38,0,2,3,SR-154,,279,34.48596944,-119.78085,0,59,0,0,1,1,0,4,2,1,0,1,0,0000000,99,99,99,99,99,99,0,0,0,1,1
6,60701,1,1,0,0,0,1,1,63,0,27,4,2012,6,16,30,0,2,3,SR-70,,193,40.01175278,-121.1869639,0,1,0,0,1,1,0,5,1,1,0,1,0,0000000,99,99,99,99,88,88,0,0,0,1,0
6,60702,2,2,0,3,3,2,2,37,890,5,5,2012,7,17,19,0,14,6,SAN BERNARDINO RD,VINCENT AVE,0,34.08952778,-117.9253861,0,12,6,0,2,2,0,1,1,1,0,1,0,0000000,99,99,99,99,99,99,0,0,0,1,0
6,60703,1,1,0,0,0,4,4,71,0,28,4,2012,7,10,25,1,1,1,I-15,,1679,35.47376111,-115.5898889,0,1,0,0,1,1,0,5,1,1,0,1,0,0000000,99,99,99,99,99,99,0,0,0,2,0
6,60704,2,2,0,0,0,6,6,25,1090,21,4,2012,7,6,55,1,11,1,I-8,,368,32.77401944,-115.5718694,0,12,7,0,1,1,0,1,1,1,0,1,0,0000000,99,99,99,99,99,99,0,0,0,1,0
6,60705,2,2,0,0,0,2,2,91,0,29,4,2012,1,15,10,0,2,3,SR-49,,85,39.52363056,-120.9454194,0,12,8,0,1,1,0,1,1,1,0,1,0,0000000,99,99,99,99,88,88,0,0,0,2,0
6,60706,2,2,0,0,0,2,2,81,9999,5,5,2012,7,23,58,0,12,3,SR-1,,261,37.42652778,-122.4262056,0,12,2,0,1,1,0,1,2,1,0,1,0,0000000,99,99,99,99,99,99,0,0,0,1,1
6,60707,2,2,0,1,1,6,6,99,0,22,4,2012,1,12,7,0,4,4,CR-RODDEN RD,,0,37.79046944,-120.8092806,0,9,0,0,1,1,0,1,1,1,0,1,0,0000000,99,99,99,99,88,88,0,0,0,1,0
6,60708,2,2,0,0,0,4,4,31,9999,6,5,2012,1,2,5,0,2,3,SR-43,,300,36.156525,-119.5987417,0,12,2,0,1,1,0,1,2,1,0,1,0,0000000,99,99,99,99,99,99,0,0,0,2,1
6,60709,2,2,0,0,0,3,3,71,0,21,4,2012,7,14,0,0,3,4,CR-CAJON BLVD,,0,34.16006111,-117.338,0,12,6,0,1,1,0,1,1,1,0,1,0,0000000,99,99,99,99,99,99,0,0,0,2,0
6,60710,2,2,0,1,1,2,2,59,1660,22,4,2012,1,23,21,0,13,3,SR-39,,31,33.69376667,-117.988975,0,8,0,0,1,1,0,1,3,10,0,10,0,0000000,99,99,99,99,88,88,0,0,0,1,0
6,60711,2,2,0,0,0,2,2,59,3960,13,4,2012,6,5,0,0,13,6,TUSTIN RANCH RD,I-5 RAMP,0,33.72466389,-117.8050056,0,12,6,1,2,3,0,1,3,10,0,10,0,0000000,99,99,99,99,99,99,0,0,0,1,0
6,60712,1,1,0,0,0,1,1,63,0,7,5,2012,2,14,36,0,5,4,CR-PORTOLA MCLEARS RD,,0,39.77398889,-120.5029,0,1,0,0,1,1,0,5,1,1,0,1,0,0000000,99,99,99,99,88,88,0,0,0,1,0
6,60713,2,2,0,0,0,2,2,37,3445,23,4,2012,2,10,35,0,14,6,MCBEAN PKWY,SUMMERHILL LN,0,34.44645556,-118.5534111,0,12,6,0,2,2,0,1,1,10,0,10,0,0000000,99,99,99,99,99,99,0,0,0,1,0
6,60714,1,1,0,1,1,2,2,29,0,7,5,2012,2,11,10,0,6,4,CR-VIRGINIA AVE,WILMA ST,0,35.36132222,-118.9658361,0,8,0,0,2,3,0,1,1,1,0,1,0,0000000,99,99,99,99,99,99,0,0,0,1,0
6,60715,1,1,0,0,0,2,2,65,0,7,5,2012,2,13,58,1,2,3,SR-79,,352,33.86230278,-117.0078556,0,5,0,0,1,1,0,1,1,1,0,1,0,0000000,99,99,99,99,99,99,0,0,0,1,0
6,60716,2,2,0,0,0,2,2,29,0,23,4,2012,2,11,10,1,2,3,SR-46,,154,35.61408889,-119.9597694,0,12,2,0,1,1,1,4,1,1,0,1,0,0000000,99,99,99,99,99,99,0,0,0,1,0
6,60717,2,2,0,0,0,3,3,59,1713,19,4,2012,5,16,32,0,15,6,E YALE LOOP,ALDERWOOD,0,33.68039167,-117.7851694,0,12,6,0,2,2,0,1,1,1,0,1,0,0000000,99,99,99,99,99,99,0,0,0,1,0
6,60718,1,1,0,1,1,2,2,37,1980,6,5,2012,1,2,45,0,14,6,WHITE OAK AVE,,0,34.18899167,-118.5182861,0,8,0,0,1,1,0,1,3,1,0,1,0,0000000,99,99,99,99,99,99,0,0,0,1,0
6,60719,1,1,0,0,0,2,2,9,0,6,5,2012,1,13,30,0,2,3,SR-4,,155,38.04733889,-120.6373611,0,38,0,0,1,1,0,4,1,1,0,1,0,0000000,99,99,99,99,99,99,0,0,0,1,1
6,60720,2,2,0,0,0,3,3,37,0,6,5,2012,1,17,0,1,12,3,SR-60 RAMP,,120,34.03426944,-118.02475,0,24,0,1,5,1,0,4,1,1,0,1,0,0000000,99,99,99,99,88,88,0,0,0,1,1
6,60721,2,2,0,0,0,3,3,71,0,19,4,2012,5,16,50,0,3,4,CR-ARROW RTE,ALMOND AVE,0,34.09928333,-117.4931639,0,12,6,0,2,2,0,1,1,1,0,1,0,0000000,99,99,99,99,99,99,0,0,0,1,0
6,60722,1,1,0,0,0,2,2,59,1974,6,5,2012,1,17,56,1,11,1,I-605,,11,33.79865,-118.0856111,0,32,0,0,1,1,0,4,1,1,0,1,0,0000000,99,99,99,99,99,99,0,0,0,1,0
6,60723,1,1,0,1,1,1,1,65,9997,16,1,2012,2,18,5,0,14,6,MISSION BLVD,,0,34.01182222,-117.4769806,0,8,0,0,1,1,0,1,2,1,0,1,0,0000000,99,99,99,99,88,88,0,0,0,1,0
6,60724,2,2,0,0,0,2,2,37,1980,7,5,2012,2,17,20,0,15,6,WESTCHESTER PARKWAY,,0,33.95357778,-118.3918139,0,12,6,0,8,1,0,1,1,1,0,1,0,0000000,99,99,99,99,99,99,0,0,0,1,0
6,60725,1,1,0,1,1,2,2,107,4050,6,5,2012,1,21,20,0,13,3,SR-63,HAROLD ST,93,36.34409444,-119.2968861,0,8,0,0,3,3,0,1,3,1,0,1,0,0000000,99,99,99,99,99,99,0,0,0,1,0
6,60726,1,1,0,0,0,2,2,73,0,1,5,2012,3,8,0,0,2,3,SR-76,,0,33.29043333,-116.9538472,0,1,0,0,1,1,0,1,1,2,0,2,0,0000000,99,99,99,99,99,99,0,0,0,1,0
6,60727,2,2,0,0,0,2,2,79,0,8,5,2012,3,7,5,0,2,3,SR-229,,7,35.43336111,-120.5448889,0,1,0,0,1,1,0,1,1,1,0,1,0,0000000,99,99,99,99,99,99,0,0,0,1,0
6,60728,1,1,0,1,1,1,1,1,10,8,5,2012,3,7,5,0,13,6,SAN PABLO AVE,BUCHANAN ST,0,37.88778056,-122.2981722,0,8,0,0,3,3,0,1,1,1,0,1,0,0000000,99,99,99,99,99,99,0,0,0,1,0
6,60729,2,2,0,0,0,2,2,7,2600,22,1,2012,1,13,46,0,14,6,TABLE MOUNTAIN BLVD,,0,39.52513611,-121.5602306,0,12,6,0,1,1,0,1,1,10,2,2,0,0000000,99,99,99,99,99,99,0,0,0,1,0
6,60730,1,1,0,1,1,1,1,37,1980,6,5,2012,1,21,55,0,14,6,3RD ST,,0,34.06901667,-118.3008194,0,8,0,0,1,1,0,1,3,1,0,1,0,0000000,99,99,99,99,88,88,0,0,0,1,0
6,60731,1,1,0,1,1,2,2,1,1920,8,5,2012,3,17,17,0,16,6,LOMITAS AVE,KARA PLACE,0,37.65903889,-121.7723944,0,15,0,0,2,3,0,1,1,1,0,1,0,0000000,99,99,99,99,99,99,0,0,0,1,0
6,60732,1,1,0,0,0,1,1,73,1200,8,5,2012,3,18,10,0,12,3,SR-78,,169,33.12833889,-117.0993694,0,42,0,0,1,1,0,5,1,1,0,1,0,0000000,99,99,99,99,88,88,0,0,0,1,1
6,60733,1,1,0,0,0,1,1,47,0,7,5,2012,2,1,25,1,2,3,SR-99,,196,37.32841667,-120.5611667,0,1,0,0,1,1,0,4,2,1,0,1,0,0000000,99,99,99,99,88,88,0,0,0,1,1
6,60734,1,1,0,0,0,1,1,77,0,3,5,2012,5,14,0,0,4,4,CR-TRACY BLVD,,0,37.81231944,-121.4496,0,41,0,0,1,1,0,4,1,10,0,10,0,0000000,99,99,99,99,99,99,0,0,0,1,0
6,60735,1,1,0,1,1,1,1,73,1182,8,5,2012,3,21,27,0,13,6,N EL CAMINO REAL,,0,33.04733889,-117.2595028,0,8,0,0,1,1,0,1,3,1,0,1,0,0000000,99,99,99,99,99,99,0,0,0,1,0
6,60736,1,1,0,1,1,1,1,71,1305,22,1,2012,1,99,99,0,14,6,SAN BERNARDINO AVE,,0,34.07720833,-117.5145639,0,8,0,0,1,1,0,1,2,10,0,10,0,0000000,99,99,99,99,88,88,0,0,0,1,0
6,60737,1,1,0,0,0,1,1,37,0,9,5,2012,4,15,5,0,3,4,CR-AVENUE J,,0,34.69023056,-117.6743611,0,58,0,0,1,1,0,1,1,1,0,1,0,0000000,99,99,99,99,88,88,4,0,0,1,0
6,60738,1,1,0,0,0,1,1,1,0,7,5,2012,2,5,45,0,2,4,CR-CROW CANYON RD,,0,37.76151111,-122.0258889,0,11,0,0,1,1,0,1,4,1,0,1,0,0000000,99,99,99,99,99,99,0,0,0,1,0
6,60739,1,1,0,0,0,1,1,37,0,10,5,2012,5,9,45,0,3,4,CR-MALIBU CANYON RD,,0,34.0484,-118.6925194,0,1,0,0,1,1,0,5,1,10,0,10,0,0000000,99,99,99,99,88,88,0,0,0,1,0
6,60741,1,1,0,0,0,2,2,59,3351,22,4,2012,1,3,10,1,11,1,I-5,,16,33.46698056,-117.6691694,0,25,0,0,1,1,0,3,3,5,0,5,0,0000000,99,99,99,99,99,99,0,0,0,1,0