STATE,ST_CASE,VE_TOTAL,VE_FORMS,PVH_INVL,PEDS,PERNOTMVIT,PERMVIT,PERSONS,COUNTY,CITY,DAY,MONTH,YEAR,DAY_WEEK,HOUR,MINUTE,NHS,ROAD_FNC,ROUTE,TWAY_ID,TWAY_ID2,MILEPT,LATITUDE,LONGITUD,SP_JUR,HARM_EV,MAN_COLL,RELJCT1,RELJCT2,TYP_INT,WRK_ZONE,REL_ROAD,LGT_COND,WEATHER1,WEATHER2,WEATHER,SCH_BUS,RAIL,NOT_HOUR,NOT_MIN,ARR_HOUR,ARR_MIN,HOSP_HR,HOSP_MN,CF1,CF2,CF3,FATALS,DRUNK_DR
6,60742,1,1,0,0,0,1,1,77,0,10,5,2012,5,15,15,0,3,4,CR-CORRAL HOLLOW RD,,0,37.65933889,-121.4723194,0,58,0,0,1,1,0,2,1,1,0,1,0,0000000,99,99,99,99,99,99,0,0,0,1,1
6,60743,2,2,0,0,0,2,2,59,2560,3,5,2012,5,23,52,0,13,6,E CHAPMAN AVE,N JAMBOREE RD,0,33.79235,-117.7612,0,12,6,0,2,2,0,1,3,1,0,1,0,0000000,99,99,99,99,99,99,0,0,0,1,0
6,60744,2,2,0,0,0,2,2,61,0,10,5,2012,5,11,43,0,3,3,SR-28,,51,39.21666944,-120.0877806,0,12,2,0,1,1,0,1,1,1,0,1,0,0000000,99,99,99,99,99,99,0,0,0,1,0
6,60745,1,1,0,0,0,1,1,57,0,11,5,2012,6,0,1,0,6,4,CR-WOLF RD,,0,39.05753056,-121.1118806,0,1,0,0,1,1,0,5,2,1,0,1,0,0000000,99,99,99,99,88,88,0,0,0,1,1
6,60746,2,2,0,1,1,3,3,1,2480,5,5,2012,7,23,44,0,14,6,98TH AVE,INTERNATIONAL BL,0,37.74438889,-122.170375,0,8,0,0,3,2,0,1,3,1,0,1,0,0000000,99,99,99,99,99,99,0,0,0,1,0
6,60748,1,1,0,1,1,1,1,65,850,11,5,2012,6,7,25,0,13,6,6TH ST,,0,33.87670278,-117.5786667,0,8,0,0,1,1,0,1,1,1,0,1,0,0000000,99,99,99,99,99,99,0,0,0,1,0
6,60749,1,1,0,0,0,1,1,77,0,13,5,2012,1,11,25,1,1,1,I-5,,51,37.66101944,-121.3428111,0,1,0,0,1,1,0,5,1,1,0,1,0,0000000,99,99,99,99,88,88,0,0,0,1,0
6,60750,1,1,0,1,1,1,1,37,1980,11,5,2012,6,20,12,1,11,1,I-10,,193,34.05543889,-118.1974306,0,8,0,0,1,1,0,1,5,10,0,10,0,0000000,99,99,99,99,88,88,0,0,0,1,0
6,60751,1,1,0,1,1,1,1,37,1980,11,5,2012,6,20,56,0,3,6,CAHUENGA BLVD,,0,34.14447222,-118.36145,0,8,0,0,1,1,0,1,3,1,0,1,0,0000000,99,99,99,99,88,88,0,0,0,1,0
6,60752,1,1,0,1,1,1,1,73,0,11,5,2012,6,21,0,0,5,4,CR-OLDE HIGHWAY 80,,0,32.85495833,-116.8486639,0,15,0,0,1,1,0,1,2,1,0,1,0,0000000,99,99,99,99,88,88,0,0,0,1,0
6,60753,3,3,0,0,0,4,4,59,1660,9,5,2012,4,7,30,0,13,6,BOLSA CHICA ST,,0,33.73971944,-118.0416194,0,25,0,0,1,1,0,3,1,1,0,1,0,0000000,99,99,99,99,99,99,14,0,0,1,0
6,60754,1,1,0,0,0,1,1,23,0,11,5,2012,6,21,30,0,6,4,CR-WILDER RIDGE RD,,0,40.20990556,-124.1052444,0,42,0,0,1,1,0,5,2,1,0,1,0,0000000,99,99,99,99,88,88,0,0,0,1,1
6,60755,1,1,0,0,0,3,3,37,1980,22,4,2012,1,0,30,0,14,6,ARLINGTON AVE,,0,34.03326944,-118.3176778,0,33,0,0,1,1,0,4,3,10,0,10,0,0000000,99,99,99,99,99,99,0,0,0,1,1
6,60756,1,1,0,1,1,1,1,37,4190,11,5,2012,6,22,39,0,15,6,WHITTIER BLVD,PACIFIC PLACE,0,33.97115,-118.0441611,0,8,0,0,3,3,0,1,3,1,0,1,0,0000000,99,99,99,99,88,88,0,0,0,1,0
6,60757,1,1,0,0,0,1,1,5,0,3,5,2012,5,99,99,1,2,3,SR-88,,560,38.59478889,-120.2294389,0,43,0,0,1,1,0,4,2,10,0,10,0,0000000,99,99,99,99,88,88,0,0,0,1,1
6,60758,2,2,0,1,1,2,2,45,1320,12,5,2012,7,23,49,0,3,3,SR-1,,44,39.5291,-123.7591333,0,8,0,0,1,1,0,1,3,1,0,1,0,0000000,99,99,99,99,88,88,0,0,0,1,1
6,60759,1,1,0,0,0,1,1,103,0,4,5,2012,6,0,40,1,2,3,SR-99,,240,40.1786,-122.1709,0,53,0,0,1,1,0,4,2,10,0,10,0,0000000,99,99,99,99,88,88,0,0,0,1,0
6,60760,1,1,0,0,0,1,1,73,3260,22,4,2012,1,6,10,1,11,1,I-5,,52,32.59168889,-117.0885806,0,42,0,0,1,1,0,4,4,10,0,10,0,0000000,99,99,99,99,88,88,0,0,0,1,0
6,60761,1,1,0,0,0,1,1,93,0,17,5,2012,5,11,33,0,2,3,SR-96,,476,41.85485556,-122.5742306,0,59,0,0,1,1,0,4,1,1,0,1,0,0000000,99,99,99,99,88,88,0,0,0,1,0
6,60762,1,1,0,0,0,1,1,107,0,11,5,2012,6,10,45,0,6,4,CR-ROAD 42,,0,35.88406944,-119.4783806,0,10,0,0,6,1,0,1,1,1,0,1,0,029511v,99,99,99,99,88,88,0,0,0,1,0
6,60763,1,1,0,1,1,1,1,59,4130,23,4,2012,2,0,17,0,13,6,BROOKHURST,HAZARD AVENUE,0,33.75223056,-117.9550056,0,8,0,0,3,2,0,1,3,10,0,10,0,0000000,99,99,99,99,88,88,0,0,0,1,0
6,60764,2,2,0,0,0,3,3,73,0,13,5,2012,1,3,46,1,1,1,I-15,,502,33.38213056,-117.1740583,0,12,6,0,1,1,0,1,3,1,0,1,0,0000000,99,99,99,99,99,99,19,0,0,1,1
6,60765,3,2,1,1,1,3,3,59,80,24,4,2012,3,20,16,0,14,6,CERRITOS AVE,SHERRILL ST,0,33.81029444,-117.97955,0,8,0,0,2,3,0,1,3,1,0,1,0,0000000,99,99,99,99,99,99,23,0,0,1,0
6,60766,1,1,0,0,0,1,1,111,0,4,5,2012,6,15,40,0,2,3,SR-33,,351,34.59138889,-119.2876806,0,35,0,0,1,1,0,4,1,1,0,1,0,0000000,99,99,99,99,88,88,0,0,0,1,0
6,60767,1,1,0,0,0,1,1,113,0,13,5,2012,1,99,99,0,4,4,CR-S RIVER RD,,0,38.40728333,-121.5180972,0,42,0,0,1,1,0,5,2,1,0,1,0,0000000,99,99,99,99,88,88,0,0,0,1,1
6,60768,2,2,0,0,0,2,2,71,115,15,4,2012,1,14,49,0,14,6,APPLE VALLEY RD,,0,34.52450556,-117.2523833,0,12,2,0,1,1,0,1,1,1,0,1,0,0000000,99,99,99,99,99,99,0,0,0,1,1
6,60769,1,1,0,0,0,1,1,65,0,23,4,2012,2,4,40,1,1,1,I-10,,418,33.83448889,-116.4337194,0,1,0,0,1,1,0,4,2,1,0,1,0,0000000,99,99,99,99,88,88,0,0,0,1,1
6,60770,1,1,0,1,1,1,1,1,1054,15,5,2012,3,23,30,0,15,6,DOUGHERTY RD,,0,37.72856389,-121.9106056,0,9,0,0,1,1,0,1,3,1,0,1,0,0000000,99,99,99,99,88,88,0,0,0,1,0
6,60771,1,1,0,1,1,1,1,85,3440,15,5,2012,3,23,43,0,13,6,SAN TOMAS EXPRESSWAY,MONROE STREET,0,37.36337222,-121.9666972,0,9,0,0,2,2,0,1,3,10,0,10,0,0000000,99,99,99,99,99,99,0,0,0,1,0
6,60772,2,1,1,0,0,1,1,59,2560,16,5,2012,4,14,6,0,13,6,KATELLA LANE,,0,33.809075,-117.8545472,0,14,0,0,1,1,0,7,1,1,0,1,0,0000000,99,99,99,99,99,99,0,0,0,1,0
6,60773,2,2,0,0,0,3,3,65,9999,2,4,2012,2,1,35,1,1,1,I-10,,1054,33.71035556,-115.3930361,0,12,7,0,1,1,0,1,2,1,0,1,0,0000000,99,99,99,99,99,99,0,0,0,1,1
6,60774,2,2,0,0,0,2,2,37,0,4,5,2012,6,17,5,0,3,4,CR-SAN FRANCISQUITO CYN,,0,34.47143056,-118.5464806,0,12,2,0,1,1,0,1,1,1,0,1,0,0000000,99,99,99,99,88,88,0,0,0,1,0
6,60775,1,1,0,0,0,1,1,77,3770,2,5,2012,4,1,23,0,6,6,RIVER DR,,0,37.96887222,-121.3503472,0,38,0,0,1,1,0,4,2,1,0,1,0,0000000,99,99,99,99,99,99,0,0,0,1,1
6,60776,1,1,0,0,0,5,5,115,0,16,5,2012,4,21,26,0,6,4,CR-TIMBUCTOO RD,,0,39.21884722,-121.3337639,0,1,0,0,1,1,0,2,2,1,0,1,0,0000000,99,99,99,99,88,88,0,0,0,1,0
6,60777,3,3,0,0,0,6,6,59,80,24,4,2012,3,21,18,1,11,1,I-5,,411,33.84793056,-117.964225,0,12,1,1,18,1,0,1,2,10,0,10,0,0000000,99,99,99,99,99,99,0,0,0,1,0
6,60778,1,1,0,0,0,3,3,33,9999,8,5,2012,3,18,55,0,2,3,SR-29,,120,38.82033056,-122.577,0,42,0,0,1,1,0,4,1,1,0,1,0,0000000,99,99,99,99,99,99,0,0,0,1,1
6,60779,2,2,0,0,0,4,4,71,2550,17,5,2012,5,7,34,1,11,1,I-15,,96,34.06598333,-117.5442528,0,12,7,1,5,1,0,1,1,1,0,1,0,0000000,99,99,99,99,88,88,0,0,0,1,0
6,60780,2,2,0,0,0,2,2,71,1603,10,5,2012,5,15,0,0,15,6,E AVE,,0,34.45275556,-117.2662972,0,12,2,0,1,1,0,1,1,1,0,1,0,0000000,99,99,99,99,99,99,0,0,0,1,0
6,60781,2,2,0,0,0,2,2,37,3270,17,5,2012,5,9,45,1,12,3,SR-57,,110,34.10951111,-117.8229889,0,1,0,0,1,1,0,1,1,1,0,1,0,0000000,99,99,99,99,88,88,0,0,0,1,0
6,60782,1,1,0,1,1,1,1,67,0,29,4,2012,1,22,25,0,2,4,CR-ARDEN WAY,MORSE AVENUE,0,38.59590278,-121.3922361,0,9,0,0,3,2,0,1,3,1,0,1,0,0000000,99,99,99,99,99,99,0,0,0,1,0
6,60783,2,2,0,0,0,2,2,73,3260,17,5,2012,5,23,5,0,12,3,SR-163,,65,32.80056667,-117.1555667,0,12,1,1,18,1,1,1,3,10,0,10,0,0000000,99,99,99,99,88,88,0,0,0,1,1
6,60784,1,1,0,0,0,2,2,65,0,24,4,2012,3,21,41,1,1,1,I-215,,452,34.01859444,-117.3399389,0,42,0,0,1,1,0,5,2,1,0,1,0,0000000,99,99,99,99,99,99,0,0,0,1,0
6,60785,2,2,0,0,0,4,4,111,3860,13,5,2012,1,12,1,0,14,6,HILLCREST DR,,0,34.17763611,-118.8395611,0,12,6,0,8,1,0,1,1,1,0,1,0,0000000,99,99,99,99,99,99,0,0,0,1,0
6,60786,2,2,0,0,0,3,3,59,2560,24,4,2012,3,22,2,0,13,6,LINCOLN AVE,,0,33.83494444,-117.8379889,0,12,2,0,1,1,0,1,3,10,0,10,0,0000000,99,99,99,99,99,99,0,0,0,1,1
6,60787,2,2,0,0,0,3,3,37,1980,4,5,2012,6,17,40,0,3,6,COLDWATER CANYON AVE,,0,34.17766667,-118.4137722,0,12,6,0,1,1,0,1,1,1,0,1,0,0000000,99,99,99,99,99,99,0,0,0,1,0
6,60788,2,2,0,0,0,2,2,37,0,23,4,2012,2,2,40,0,3,4,CR-50TH ST,,0,34.70066944,-118.0413306,0,12,2,0,1,1,0,1,2,1,0,1,0,0000000,99,99,99,99,99,99,0,0,0,1,1
6,60789,1,1,0,0,0,1,1,97,0,2,5,2012,4,10,43,0,6,4,CR-MILLBRAE AVE,,0,38.35003056,-122.7199611,0,38,0,0,1,1,0,4,1,1,0,1,0,0000000,99,99,99,99,88,88,0,0,0,1,0
6,60790,1,1,0,0,0,2,2,107,0,20,5,2012,1,5,27,1,2,3,SR-99,,74,35.89511111,-119.2756611,0,1,0,0,1,1,0,2,2,1,0,1,0,0000000,99,99,99,99,99,99,0,0,0,1,1
6,60791,1,1,0,0,0,1,1,71,0,4,5,2012,6,13,0,0,4,4,CR-KELBAKER RD,KELSO CIMA RD,0,35.01181389,-115.6540667,0,1,0,0,2,3,0,1,1,10,0,10,0,0000000,99,99,99,99,99,96,0,0,0,1,0
6,60792,2,2,0,0,0,3,3,81,0,20,5,2012,1,15,0,0,4,4,CR-PESCADERO CREEK RD,,0,37.30762778,-122.27185,0,12,8,0,1,1,0,1,1,1,0,1,0,0000000,99,99,99,99,99,99,0,0,0,1,1
6,60793,1,1,0,1,1,1,1,65,1801,1,5,2012,3,22,10,0,16,6,LAKE ST,,0,33.72194444,-117.3908333,0,8,0,0,1,1,0,1,2,10,0,10,0,0000000,99,99,99,99,88,88,0,0,0,1,0
6,60794,4,1,3,0,0,1,1,65,3070,16,5,2012,4,0,1,0,14,6,JURUPA AVE,,0,33.96299722,-117.4344583,0,33,0,0,1,1,0,4,3,1,0,1,0,0000000,99,99,99,99,99,99,14,0,0,1,1
6,60795,1,1,0,0,0,1,1,67,0,4,5,2012,6,99,99,1,2,3,SR-99,,63,38.32843889,-121.32895,0,38,0,0,1,1,0,4,2,1,0,1,0,0000000,99,99,99,99,88,88,0,0,0,1,1
6,60796,1,1,0,1,1,1,1,59,80,20,5,2012,1,16,7,0,14,6,MAGNOLIA AVE,W ORANGE AVE,0,33.82489444,-117.9759306,0,8,0,0,3,2,0,1,1,1,0,1,0,0000000,99,99,99,99,99,99,0,0,0,1,0
6,60797,1,1,0,0,0,2,2,47,0,20,5,2012,1,17,30,0,6,4,CR-REYNOLDS AVE,,0,36.99953056,-120.6447222,0,1,0,0,1,1,0,5,1,1,0,1,0,0000000,99,99,99,99,99,99,0,0,0,1,1
6,60798,1,1,0,1,1,1,1,85,3340,27,5,2012,1,21,6,0,14,6,JACKSON AVE,ALUM ROCK AVE,0,37.35849722,-121.8433333,0,8,0,0,3,2,0,1,2,1,0,1,0,0000000,99,99,99,99,99,99,0,0,0,1,0
6,60799,1,1,0,0,0,1,1,39,0,21,5,2012,2,15,49,0,5,4,CR-ROAD 18 1/2,,0,37.06963611,-120.2114389,0,42,0,0,1,1,0,5,1,1,0,1,0,0000000,99,99,99,99,88,88,0,0,0,1,1
6,60800,1,1,0,1,1,1,1,83,3430,27,5,2012,1,21,45,0,13,6,E CABRILLO BL,,0,34.41495556,-119.6840722,0,8,0,0,1,1,0,1,3,1,0,1,0,0000000,99,99,99,99,99,99,0,0,0,1,1
6,60801,1,1,0,0,0,2,2,37,3091,2,5,2012,4,16,13,0,14,6,SILVER SPUR RD,HAWTHORNE BOULEVARD,0,33.77673056,-118.3750056,0,30,0,0,3,2,0,4,1,1,0,1,0,0000000,99,99,99,99,99,99,0,0,0,1,0
6,60802,2,2,0,0,0,2,2,1,1364,18,5,2012,6,8,35,0,14,6,KATO RD,,0,37.48225278,-121.9346083,0,54,11,0,1,1,0,1,1,1,0,1,0,0000000,99,99,99,99,99,99,14,0,0,1,0
6,60803,1,1,0,0,0,4,4,23,0,20,5,2012,1,18,11,0,4,4,CR-FICKLE HILL RD,,0,40.82486944,-124.0059694,0,5,0,0,1,1,0,1,1,10,0,10,0,0000000,99,99,99,99,99,99,0,0,0,1,0
6,60804,1,1,0,0,0,1,1,47,0,20,5,2012,1,20,23,0,6,4,CR-ALMOND AVE,,0,37.38211389,-120.6299028,0,1,0,0,1,1,0,1,5,1,0,1,0,0000000,99,99,99,99,99,99,0,0,0,1,0
6,60805,1,1,0,0,0,2,2,19,0,20,5,2012,1,23,15,0,5,4,CR-BRANNON AVE,,0,36.9483,-120.5996806,0,21,0,0,1,1,0,4,2,1,0,1,0,0000000,99,99,99,99,99,99,0,0,0,1,1
6,60806,2,2,0,0,0,5,5,37,2458,27,5,2012,1,22,10,1,11,1,I-605,,68,33.90208889,-118.1047111,0,12,7,0,5,1,0,1,3,1,0,1,0,0000000,99,99,99,99,99,99,0,0,0,1,0
6,60807,1,1,0,0,0,1,1,37,1980,20,5,2012,1,23,40,0,13,6,BEVERLY BLVD,,0,34.07589722,-118.3276306,0,31,0,0,1,1,0,4,3,1,0,1,0,0000000,99,99,99,99,88,88,0,0,0,1,1
6,60808,2,2,0,0,0,3,3,73,0,19,5,2012,7,11,56,0,2,3,SR-78,,644,33.06651944,-116.5532806,0,12,8,0,1,1,0,1,1,1,0,1,0,0000000,99,99,99,99,88,88,0,0,0,1,0
6,60809,1,1,0,0,0,1,1,73,3260,3,5,2012,5,7,7,1,11,1,I-805,,154,32.84173889,-117.1172,0,42,0,0,1,1,0,4,1,10,0,10,0,0000000,99,99,99,99,88,88,0,0,0,1,0
6,60810,1,1,0,0,0,1,1,37,3445,5,5,2012,7,0,45,0,16,6,OSAGE RIDGE RD,,0,34.44610556,-118.5403472,0,1,0,0,1,1,0,1,3,1,0,1,0,0000000,99,99,99,99,88,88,0,0,0,1,1
6,60811,1,1,0,1,1,1,1,107,2880,21,5,2012,2,8,10,0,16,6,D ST,,0,36.06641389,-119.0184611,0,8,0,0,8,1,0,1,1,1,0,1,0,0000000,99,99,99,99,88,88,0,0,0,1,0
6,60812,2,2,0,0,0,3,3,107,3920,21,5,2012,2,8,20,0,13,6,TULARE AVE,E ST,0,36.206825,-119.3545333,0,12,6,0,2,2,0,1,1,1,0,1,0,0000000,99,99,99,99,99,99,0,0,0,1,0
6,60813,1,1,0,0,0,1,1,81,0,19,5,2012,7,12,15,0,4,4,CR-PESCADERO CREEK RD,,0,37.26677222,-122.3096833,0,1,0,0,1,1,0,1,1,1,0,1,0,0000000,99,99,99,99,99,99,0,0,0,1,0
6,60814,1,1,0,0,0,2,2,37,1980,28,5,2012,2,3,45,1,11,1,I-110,,195,34.01117778,-118.2812889,0,20,0,0,1,1,0,3,3,1,0,1,0,0000000,99,99,99,99,99,99,0,0,0,1,1
6,60815,1,1,0,1,1,1,1,77,0,3,5,2012,5,7,56,0,4,4,CR-W RIPON RD,,0,37.73936944,-121.20325,0,8,0,0,1,1,1,1,1,1,0,1,0,0000000,99,99,99,99,99,99,0,0,0,1,0
6,60816,1,1,0,0,0,3,3,73,0,21,5,2012,2,10,45,1,1,1,I-8,,680,32.66726111,-116.25815,0,17,0,0,1,1,0,3,1,1,0,1,0,0000000,99,99,99,99,99,99,0,0,0,1,0
6,60817,1,1,0,0,0,1,1,57,0,21,5,2012,2,14,23,0,2,3,SR-49,,277,39.34558889,-121.1201611,0,42,0,0,1,1,0,2,1,1,0,1,0,0000000,99,99,99,99,88,88,0,0,0,1,0
6,60818,1,1,0,0,0,1,1,37,1980,19,5,2012,7,14,55,0,16,6,NAVY WY,,0,33.74431944,-118.2451333,0,33,0,0,1,1,0,4,1,1,0,1,0,0000000,99,99,99,99,88,88,0,0,0,1,0
6,60819,1,1,0,1,1,1,1,99,0,12,5,2012,7,21,30,0,3,4,CR-CROWS LANDING RD,,0,37.59321111,-120.9935611,0,8,0,0,1,1,0,1,2,1,0,1,0,0000000,99,99,99,99,99,99,0,0,0,1,0
6,60820,2,2,0,0,0,3,3,1,1364,20,5,2012,1,18,1,0,14,6,FREMONT BLVD,,0,37.50918333,-121.9496639,0,1,0,0,8,1,0,1,1,1,0,1,0,0000000,99,99,99,99,99,99,0,0,0,1,0
6,60821,1,1,0,0,0,1,1,75,3290,28,5,2012,2,20,12,1,13,2,US-101,,44,37.7679,-122.4054194,0,23,0,1,18,1,0,4,1,1,0,1,0,0000000,99,99,99,99,99,99,20,0,0,1,1
6,60822,1,1,0,0,0,3,3,1,340,18,5,2012,6,1,13,0,16,6,CALIFORNIA ST,ALLSTON ST,0,37.86788889,-122.2794778,0,33,0,0,3,2,0,4,3,1,0,1,0,0000000,99,99,99,99,99,99,0,0,0,2,1
6,60823,1,1,0,1,1,1,1,65,2650,21,5,2012,2,1,35,0,14,6,GENE AUTRY TRAIL,,0,33.85038333,-116.5058667,0,8,0,0,1,1,0,1,2,1,0,1,0,0000000,99,99,99,99,88,88,0,0,0,1,0
6,60824,2,2,0,0,0,2,2,37,1980,28,5,2012,2,23,0,0,14,6,FRANKLIN AVE,ARGYLE AVE,0,34.10522778,-118.3251389,0,12,6,0,3,2,0,1,3,1,0,1,0,0000000,99,99,99,99,99,99,0,0,0,1,1
6,60825,2,2,0,0,0,2,2,5,0,21,5,2012,2,17,38,1,3,3,SR-58,,126,38.35933056,-120.8224889,0,1,0,0,8,1,0,1,1,1,0,1,0,0000000,99,99,99,99,88,88,0,0,0,1,0
6,60826,2,2,0,0,0,4,4,39,0,19,5,2012,7,17,57,0,4,4,CR-ROAD 600,,0,37.05611389,-119.9848,0,12,6,0,8,1,0,1,1,1,0,1,0,0000000,99,99,99,99,99,99,0,0,0,2,1
6,60827,1,1,0,1,1,1,1,77,3770,1,2,2012,4,19,49,0,13,6,EL DORADO ST,,0,38.01299444,-121.308975,0,8,0,0,1,1,0,1,3,1,0,1,0,0000000,99,99,99,99,99,99,0,0,0,1,0
6,60828,2,2,0,0,0,3,3,37,1980,21,5,2012,2,20,25,0,13,6,OLYMPIC BLVD,BEVERLY GLEN BLVD,0,34.05033333,-118.4205611,0,1,0,0,2,2,0,1,3,1,0,1,0,0000000,99,99,99,99,88,88,0,0,0,1,0
6,60829,1,1,0,0,0,1,1,53,0,21,5,2012,2,99,99,1,2,3,SR-1,,582,36.21296389,-121.5407361,0,35,0,0,1,1,0,5,2,1,0,1,0,0000000,99,99,99,99,88,88,0,0,0,1,1
6,60830,1,1,0,0,0,2,2,37,2929,18,5,2012,6,0,5,0,14,6,PALOS VERDES DR,,0,33.74778611,-118.4072333,0,33,0,0,1,1,0,3,2,1,0,1,0,0000000,99,99,99,99,99,99,0,0,0,1,1
6,60831,1,1,0,0,0,1,1,65,2327,28,5,2012,2,99,99,1,11,1,I-215,,133,33.60941111,-117.1714889,0,42,0,0,1,1,1,4,2,1,0,1,0,0000000,99,99,99,99,99,99,0,0,0,1,0
6,60833,3,3,0,1,1,3,3,71,115,5,2,2012,1,21,41,1,12,3,SR-18,,914,34.52743889,-117.2223694,0,8,0,0,1,1,0,1,2,1,0,1,0,0000000,21,44,21,46,88,88,0,0,0,1,0
6,60834,1,1,0,0,0,1,1,89,0,29,5,2012,3,2,55,1,2,3,SR-299,,738,40.87243889,-121.6862194,0,42,0,0,1,1,0,4,2,1,0,1,0,0000000,99,99,99,99,88,88,0,0,0,1,1
6,60835,1,1,0,0,0,2,2,29,0,22,5,2012,3,11,55,0,2,3,SR-155,,677,35.66513056,-118.4710889,0,35,0,0,1,1,0,5,1,1,0,1,0,0000000,99,99,99,99,99,99,0,0,0,1,0
6,60836,1,1,0,0,0,1,1,37,0,23,5,2012,4,3,0,0,2,4,CR-90TH ST,,0,34.72436944,-117.9698611,0,30,0,0,1,1,0,2,2,6,0,6,0,0000000,99,99,99,99,88,88,0,0,0,1,0
6,60837,1,1,0,0,0,2,2,71,0,19,5,2012,7,19,37,0,4,4,CR-GLEN HELEN PKWY,,0,34.21628056,-117.4017389,0,25,0,0,6,1,0,5,1,1,0,1,0,9999999,99,99,99,99,99,99,0,0,0,1,1
6,60838,1,1,0,0,0,2,2,107,0,23,5,2012,4,8,25,0,2,3,SR-137,,101,36.20306944,-119.4414889,0,1,0,0,1,1,0,1,1,1,0,1,0,0000000,99,99,99,99,99,99,0,0,0,1,0
6,60839,2,2,0,0,0,2,2,29,0,23,5,2012,4,15,8,0,2,3,SR-184,SUNSET BLVD,10,35.22328889,-118.9144917,0,12,6,0,2,2,0,1,1,1,0,1,0,0000000,99,99,99,99,88,88,0,0,0,1,0
6,60840,1,1,0,1,1,1,1,37,1980,3,5,2012,5,11,56,0,15,6,COTNER AVE,SANTA MONICA BLVD,0,34.04717778,-118.4460972,0,30,0,0,3,2,0,4,1,1,0,1,0,0000000,99,99,99,99,99,99,0,0,0,1,0
6,60841,1,1,0,1,1,2,2,37,2458,29,5,2012,3,8,22,0,14,6,FIRESTONE BL,,0,33.92034722,-118.0961333,0,8,0,0,1,1,0,1,1,1,0,1,0,0000000,99,99,99,99,99,99,0,0,0,1,0
6,60843,2,2,0,0,0,3,3,85,3340,24,5,2012,5,9,55,1,11,1,I-680 RAMP,,25,37.36763611,-121.8454139,0,1,0,1,5,1,0,1,1,1,0,1,0,0000000,99,99,99,99,99,99,0,0,0,1,0
6,60844,1,1,0,0,0,2,2,29,0,29,5,2012,3,10,0,0,4,4,CR-LOST HILLS RD,,0,35.53616944,-119.68955,0,35,0,0,1,1,0,4,1,1,0,1,0,0000000,99,99,99,99,99,99,0,0,0,1,0
6,60845,1,1,0,1,1,1,1,97,0,24,5,2012,5,14,55,0,3,4,CR-ARNOLD DR,,0,38.2977,-122.4913889,0,31,0,0,1,1,0,2,1,1,0,1,0,0000000,99,99,99,99,88,88,0,0,0,1,0
6,60846,2,2,0,0,0,2,2,37,1980,24,5,2012,5,2,15,1,11,1,I-210,,22,34.32373056,-118.4599306,0,12,2,1,18,1,0,1,3,1,0,1,0,0000000,99,99,99,99,88,88,0,0,0,1,1
6,60847,1,1,0,1,1,1,1,71,0,24,5,2012,5,12,50,0,2,3,SR-38,,290,34.17308889,-116.8546889,0,8,0,0,1,1,0,2,1,1,0,1,0,0000000,99,99,99,99,88,88,0,0,0,1,0
6,60848,2,2,0,0,0,2,2,77,0,19,5,2012,7,20,45,0,3,4,CR-MARIPOSA RD,DODDS RD,0,37.85671111,-121.0423806,0,12,6,0,2,2,0,1,3,1,0,1,0,0000000,99,99,99,99,99,99,0,0,0,1,1
6,60849,5,5,0,0,0,6,6,59,3960,29,5,2012,3,12,51,0,13,6,IRVINE BL,,0,33.74844167,-117.8213694,0,12,7,0,1,1,0,1,1,1,0,1,0,0000000,99,99,99,99,99,99,0,0,0,1,0
6,60850,1,1,0,1,1,1,1,97,0,24,5,2012,5,13,30,0,2,3,SR-1,,80,38.32021944,-123.01345,0,9,0,0,1,1,0,1,1,1,0,1,0,0000000,99,99,99,99,99,99,0,0,0,1,0
6,60851,1,1,0,0,0,1,1,67,0,25,5,2012,6,0,50,1,12,2,US-50,,152,38.62617778,-121.2254861,0,1,0,0,1,1,0,2,3,1,0,1,0,0000000,99,99,99,99,88,88,0,0,0,1,1
6,60852,1,1,0,0,0,1,1,103,0,25,5,2012,6,14,17,0,2,3,SR-36,,880,40.36078889,-121.5358,0,41,0,0,1,1,0,2,1,10,0,10,0,0000000,99,99,99,99,88,88,0,0,0,1,1
6,60853,1,1,0,0,0,1,1,37,3445,20,5,2012,1,1,30,0,13,6,SOLEDAD CANYON RD,,0,34.41999722,-118.4365528,0,42,0,0,1,1,0,3,3,1,0,1,0,0000000,99,99,99,99,99,99,0,0,0,1,1
6,60854,1,1,0,0,0,3,3,37,2645,18,5,2012,6,16,40,0,15,6,SIERRA HWY,,0,34.64355278,-118.1279333,0,33,0,0,1,1,0,4,1,1,0,1,0,0000000,99,99,99,99,99,99,0,0,0,1,0
6,60855,3,3,0,0,0,7,7,65,0,29,5,2012,3,15,4,0,4,4,CR-62ND AVE,GRAPEFRUIT BL,0,33.59855,-116.1031611,0,12,6,0,2,2,0,1,1,1,0,1,0,0000000,99,99,99,99,88,88,0,0,0,1,1
6,60856,1,1,0,1,1,1,1,1,2480,25,5,2012,6,21,45,0,14,6,FOOTHILL BLVD,HARRINGTON AVE,0,37.77989167,-122.2176417,0,8,0,0,3,2,0,1,3,1,0,1,0,0000000,99,99,99,99,99,99,0,0,0,1,0