STATE,ST_CASE,VE_TOTAL,VE_FORMS,PVH_INVL,PEDS,PERNOTMVIT,PERMVIT,PERSONS,COUNTY,CITY,DAY,MONTH,YEAR,DAY_WEEK,HOUR,MINUTE,NHS,ROAD_FNC,ROUTE,TWAY_ID,TWAY_ID2,MILEPT,LATITUDE,LONGITUD,SP_JUR,HARM_EV,MAN_COLL,RELJCT1,RELJCT2,TYP_INT,WRK_ZONE,REL_ROAD,LGT_COND,WEATHER1,WEATHER2,WEATHER,SCH_BUS,RAIL,NOT_HOUR,NOT_MIN,ARR_HOUR,ARR_MIN,HOSP_HR,HOSP_MN,CF1,CF2,CF3,FATALS,DRUNK_DR
6,60857,1,1,0,1,1,1,1,71,3000,31,5,2012,5,19,8,0,15,6,WILLOW AVE,MERRILL AVENUE,0,34.09236944,-117.3746889,0,8,0,0,3,2,0,1,1,1,0,1,0,0000000,99,99,99,99,99,99,0,0,0,1,0
6,60858,1,1,0,1,1,2,2,13,3010,19,5,2012,7,16,14,0,16,6,JENKINS WY,,0,37.98526111,-122.3565972,0,8,0,0,1,1,0,1,1,1,0,1,0,0000000,99,99,99,99,99,99,0,0,0,1,0
6,60859,1,1,0,0,0,1,1,55,0,26,5,2012,7,22,50,0,3,4,CR-COOMBSVILLE RD,,0,38.29398889,-122.2358111,0,42,0,0,1,1,0,5,2,1,0,1,0,0000000,99,99,99,99,88,88,0,0,0,1,1
6,60860,1,1,0,0,0,2,2,37,0,26,5,2012,7,21,40,1,1,1,I-5,,880,34.80961944,-118.8833694,0,1,0,0,1,1,0,2,3,1,0,1,0,0000000,99,99,99,99,99,99,0,0,0,1,1
6,60861,1,1,0,1,1,1,1,37,1980,29,5,2012,3,15,45,0,15,5,E 5TH ST,S LOS ANGELES ST,0,34.04606944,-118.24755,0,8,0,0,3,2,0,1,1,1,0,1,0,0000000,99,99,99,99,99,99,0,0,0,1,0
6,60862,1,1,0,1,1,1,1,59,2560,1,6,2012,6,20,52,1,11,1,I-5,,352,33.79118889,-117.88925,0,8,0,0,1,1,0,1,3,1,0,1,0,0000000,99,99,99,99,88,88,19,0,0,1,0
6,60863,1,1,0,1,1,1,1,37,1980,20,5,2012,1,3,30,0,14,6,CESAR E CHAVEZ AVE,,0,34.05548611,-118.2285611,0,8,0,0,1,1,0,1,3,1,0,1,0,0000000,99,99,99,99,88,88,0,0,0,1,0
6,60864,1,1,0,0,0,1,1,29,1000,29,5,2012,3,17,50,1,12,3,SR-99,CECIL AVE,565,35.77573611,-119.2522944,0,24,0,0,1,1,0,4,1,1,0,1,0,0000000,99,99,99,99,99,99,0,0,0,1,1
6,60865,2,2,0,0,0,2,2,13,2830,2,5,2012,4,13,57,0,13,6,TAYLOR BLVD,RUTH DR,0,37.96165278,-122.0656194,0,12,6,0,2,2,0,1,1,1,0,1,0,0000000,99,99,99,99,99,99,0,0,0,1,0
6,60866,1,1,0,0,0,1,1,65,0,30,5,2012,4,2,35,1,1,1,I-10,,82,33.6599,-115.8094,0,1,0,0,1,1,0,4,2,1,0,1,0,0000000,99,99,99,99,88,88,0,0,0,1,0
6,60867,2,2,0,0,0,2,2,37,3445,17,5,2012,5,17,55,0,14,6,DECORO DR,RUTHERFORD PL,0,34.44367778,-118.5507806,0,12,6,0,2,3,0,1,1,1,0,1,0,0000000,99,99,99,99,88,88,0,0,0,1,0
6,60868,1,1,0,1,1,3,3,97,0,31,5,2012,5,23,55,0,4,4,CR-RIVER RD,,0,38.50932778,-122.9222944,0,9,0,0,1,1,0,1,2,1,0,1,0,0000000,99,99,99,99,88,88,0,0,0,1,0
6,60869,1,1,0,1,1,1,1,37,1980,30,5,2012,4,12,40,1,11,1,I-405,,422,34.20103056,-118.4729694,0,8,0,0,5,1,0,1,1,1,0,1,0,0000000,99,99,99,99,99,99,0,0,0,1,0
6,60870,1,1,0,0,0,2,2,23,1220,1,3,2012,5,1,2,0,15,6,WATERFRONT DR,,0,40.79946111,-124.1809917,0,1,0,0,1,1,0,1,3,2,0,2,0,0000000,99,99,99,99,99,99,0,0,0,1,1
6,60871,1,1,0,1,1,1,1,99,2200,30,5,2012,4,13,17,0,13,3,SR-132,11TH ST,151,37.63546667,-120.9924722,0,9,0,0,3,2,0,1,1,1,0,1,0,0000000,99,99,99,99,99,99,0,0,0,1,0
6,60872,1,1,0,0,0,1,1,47,2150,24,3,2012,7,4,8,0,13,6,R ST,,0,37.31194722,-120.4882778,0,10,0,0,6,1,0,1,3,1,0,1,0,028973u,99,99,99,99,88,88,0,0,0,1,0
6,60873,1,1,0,1,1,1,1,55,0,17,5,2012,5,18,34,0,4,4,CR-SILVERADO TRL,,0,38.40561944,-122.3296889,0,9,0,0,1,1,0,2,1,1,0,1,0,0000000,99,99,99,99,99,99,0,0,0,1,0
6,60874,2,2,0,0,0,5,5,107,1900,1,6,2012,6,2,7,1,12,3,SR-65,,301,36.21028889,-119.1096111,0,12,2,0,1,1,0,1,3,1,0,1,0,0000000,99,99,99,99,99,99,0,0,0,1,1
6,60875,1,1,0,0,0,2,2,77,0,27,5,2012,1,15,15,0,5,4,CR-BACON ISLAND RD,,0,37.91971111,-121.4491194,0,1,0,0,1,1,0,2,1,1,0,1,0,0000000,99,99,99,99,99,99,0,0,0,1,1
6,60876,2,2,0,0,0,2,2,53,0,22,4,2012,1,10,4,1,12,2,US-101,,746,36.54316944,-121.4895,0,12,1,0,1,1,0,1,1,10,0,10,0,0000000,99,99,99,99,88,88,0,0,0,1,0
6,60877,1,1,0,1,1,3,3,101,4280,17,5,2012,5,20,50,0,14,6,FRANKLIN RD,WOODBRIDGE AVE,0,39.12729444,-121.6390194,0,8,0,0,3,3,0,1,3,1,0,1,0,0000000,99,99,99,99,99,99,19,0,0,1,0
6,60878,2,2,0,0,0,2,2,25,0,1,6,2012,6,5,15,0,5,4,CR-AUSTIN RD,KEYSTONE RD,0,32.9125,-115.5949194,0,12,6,0,2,2,0,1,4,1,0,1,0,0000000,99,99,99,99,99,99,0,0,0,2,0
6,60879,3,1,2,2,2,1,1,107,0,3,6,2012,1,15,54,0,4,4,CR-SIERRA AVE,ALILA ST,0,35.89188889,-119.2702278,0,8,0,0,3,2,0,4,1,1,0,1,0,0000000,99,99,99,99,99,99,14,0,0,1,0
6,60880,1,1,0,0,0,1,1,59,1380,30,4,2012,2,1,51,0,14,6,MAGNOLIA AVE,,0,33.862525,-117.9762889,0,42,0,0,1,1,0,4,3,10,0,10,0,0000000,99,99,99,99,88,88,0,0,0,1,1
6,60881,1,1,0,0,0,1,1,29,0,3,6,2012,1,10,5,0,4,4,CR-BENA ROAD,,0,35.26381111,-118.6592306,0,38,0,0,1,1,0,4,1,1,0,1,0,0000000,99,99,99,99,99,99,0,0,0,1,0
6,60882,3,3,0,0,0,3,3,85,0,30,4,2012,2,10,42,0,13,3,SR-17,,60,37.21516944,-121.9880889,0,12,7,0,1,1,0,1,1,10,0,10,0,0000000,99,99,99,99,88,88,0,0,0,1,1
6,60883,2,2,0,0,0,5,5,47,0,1,6,2012,6,11,44,0,5,4,CR-BUCHANAN HOLLOW RD,PLAINSBURG RD,0,37.20015556,-120.3250556,0,12,6,0,2,2,0,1,1,1,0,1,0,0000000,99,99,99,99,99,99,0,0,0,2,0
6,60884,2,2,0,0,0,4,4,29,0,4,6,2012,2,12,25,1,1,1,I-5,,542,35.419,-119.4247111,0,12,7,0,1,1,0,1,1,1,0,1,0,0000000,99,99,99,99,99,99,0,0,0,1,0
6,60885,1,1,0,0,0,2,2,19,0,3,6,2012,1,11,50,1,1,1,I-5,,311,36.44723056,-120.4045306,0,1,0,0,1,1,0,3,1,1,0,1,0,0000000,99,99,99,99,99,99,0,0,0,1,0
6,60886,2,2,0,0,0,3,3,71,680,1,6,2012,6,17,49,1,12,3,SR-60,,13,34.03011111,-117.7092111,0,12,1,1,18,1,0,1,1,1,0,1,0,0000000,99,99,99,99,88,88,0,0,0,1,0
6,60887,2,2,0,0,0,4,4,67,1300,3,6,2012,1,11,49,0,14,6,BLUE RAVINE RD,,0,38.66334167,-121.1573667,0,12,2,0,1,1,0,1,1,1,0,1,0,0000000,99,99,99,99,99,99,0,0,0,1,1
6,60888,1,1,0,0,0,1,1,73,0,3,6,2012,1,17,50,0,4,4,CR-PAMO RD,,0,33.08788889,-116.8589889,0,1,0,0,1,1,0,1,1,1,0,1,0,0000000,99,99,99,99,99,99,0,0,0,1,0
6,60889,1,1,0,0,0,1,1,77,0,18,5,2012,6,0,19,0,6,4,CR-PRESCOTT RD,,0,37.83908056,-121.1671806,0,39,0,0,1,1,0,4,2,1,0,1,0,0000000,99,99,99,99,88,88,0,0,0,1,1
6,60890,1,1,0,1,1,1,1,37,1980,1,6,2012,6,21,15,0,15,6,DENKER AVE,EXPOSITION BLVD,0,34.01837778,-118.3044833,0,8,0,0,3,3,0,1,3,1,0,1,0,0000000,99,99,99,99,99,99,0,0,0,1,0
6,60891,1,1,0,0,0,1,1,37,1980,30,4,2012,2,15,55,0,15,6,MULHOLLAND DR,,0,34.12756944,-118.3603306,0,1,0,0,1,1,0,1,1,10,0,10,0,0000000,99,99,99,99,88,88,0,0,0,1,0
6,60892,2,2,0,0,0,3,3,13,0,1,6,2012,6,22,12,0,3,4,CR-MARSH CREEK RD,,0,37.92221944,-121.9045111,0,12,2,0,1,1,0,1,2,1,0,1,0,0000000,99,99,99,99,99,99,0,0,0,2,0
6,60893,1,1,0,0,0,1,1,87,0,4,6,2012,2,15,44,0,4,4,CR-SOQUEL SAN JOSE RD,,0,37.10005,-121.9474889,0,42,0,0,1,1,0,4,1,2,10,2,0,0000000,99,99,99,99,88,88,0,0,0,1,1
6,60894,2,2,0,0,0,5,5,23,1220,30,4,2012,2,20,31,0,13,6,BROADWAY ST,,0,40.77877222,-124.18795,0,12,9,0,1,1,0,1,3,10,3,3,0,0000000,99,99,99,99,99,99,20,0,0,1,1
6,60895,2,2,0,0,0,3,3,7,0,4,6,2012,2,13,5,0,4,4,CR-FORBESTOWN  RD,,0,39.50668056,-121.3598306,0,12,6,0,1,1,0,1,1,2,10,2,0,0000000,99,99,99,99,99,99,0,0,0,1,0
6,60896,1,1,0,0,0,1,1,73,0,4,6,2012,2,19,0,0,3,4,CR-ASHWOOD ST,,0,32.86743056,-116.9150889,0,17,0,0,1,1,0,4,1,1,0,1,0,0000000,99,99,99,99,88,88,0,0,0,1,1
6,60897,3,2,1,0,0,2,2,37,1045,4,6,2012,2,2,52,0,14,6,STEWART AND GRAY RD,OLD RIVER SCHOOL RD,0,33.94021111,-118.1540333,0,12,6,0,2,2,0,1,3,1,0,1,0,0000000,99,99,99,99,99,99,0,0,0,2,1
6,60898,1,1,0,0,0,1,1,65,0,2,6,2012,7,0,5,1,2,3,SR-86,,18,33.44601111,-116.0802639,0,52,0,0,1,1,0,3,2,1,0,1,0,0000000,99,99,99,99,88,88,0,0,0,1,0
6,60899,3,3,0,0,0,3,3,37,1980,8,6,2012,6,22,40,1,11,1,I-110,,178,33.98668056,-118.2800444,0,12,1,0,1,1,1,1,3,1,0,1,0,0000000,99,99,99,99,88,88,14,0,0,1,0
6,60900,2,2,0,0,0,3,3,71,0,30,4,2012,2,21,40,0,4,4,CR-IRWIN RD,,0,34.99738056,-116.9495194,0,12,6,0,1,1,0,1,2,1,0,1,0,0000000,99,99,99,99,99,99,0,0,0,1,1
6,60901,3,3,0,0,0,8,8,19,0,4,6,2012,2,12,24,0,4,4,CR-DICKENSON AVE,SHAW AVE,0,36.80774444,-119.970325,0,12,6,0,2,2,0,1,1,1,0,1,0,0000000,99,99,99,99,99,99,0,0,0,1,0
6,60902,1,1,0,0,0,1,1,73,1182,5,6,2012,3,11,32,0,15,6,BIRMINGHAM DR,,0,33.02612778,-117.2757639,0,24,0,0,5,1,0,4,1,1,0,1,0,0000000,99,99,99,99,99,99,0,0,0,1,0
6,60903,2,2,0,0,0,3,3,37,4030,2,6,2012,7,0,26,0,14,6,SANTA FE AVE,VERNON AVE,0,34.00391944,-118.2302306,0,12,6,0,2,3,0,1,3,1,0,1,0,0000000,99,99,99,99,99,99,0,0,0,1,0
6,60904,1,1,0,0,0,2,2,65,3070,9,6,2012,7,2,5,0,14,6,ARLINGTON AVE,,0,33.95165,-117.5095833,0,1,0,0,1,1,0,1,3,1,0,1,0,0000000,99,99,99,99,99,99,0,0,0,1,1
6,60905,2,2,0,0,0,2,2,59,1410,2,5,2012,4,20,35,0,13,6,VALLEY VIEW ST,GARDEN GROVE BLVD,0,33.77401111,-118.0384,0,12,2,0,3,3,4,1,3,1,0,1,0,0000000,99,99,99,99,99,99,3,0,0,1,0
6,60906,1,1,0,0,0,2,2,85,3340,6,6,2012,4,15,30,0,13,6,MONTEREY RD,,0,37.26439722,-121.8168194,0,42,0,0,1,1,0,3,1,1,0,1,0,0000000,99,99,99,99,99,99,0,0,0,1,0
6,60907,2,2,0,0,0,3,3,19,0,2,6,2012,7,7,40,1,1,1,I-5,,429,36.57618889,-120.5483611,0,12,1,0,1,1,0,1,1,1,0,1,0,0000000,99,99,99,99,99,99,0,0,0,1,0
6,60908,1,1,0,1,1,1,1,65,1580,8,6,2012,6,5,3,0,12,3,SR-74,,440,33.74779167,-116.9117694,0,8,0,0,1,1,0,1,2,1,0,1,0,0000000,99,99,99,99,88,88,0,0,0,1,0
6,60909,2,1,1,0,0,1,1,23,9999,9,6,2012,7,20,30,0,6,4,CR-EMPIRE AVE,REDWAY DR,0,40.11683889,-123.8207944,0,1,0,0,3,3,0,4,1,1,0,1,0,0000000,99,99,99,99,88,88,0,0,0,1,1
6,60910,2,2,0,0,0,2,2,71,3210,2,5,2012,4,22,51,0,14,6,CAJON BLVD,,0,34.21813056,-117.3992611,0,12,6,0,8,1,0,1,3,1,0,1,0,0000000,99,99,99,99,88,88,0,0,0,1,1
6,60911,1,1,0,1,1,1,1,37,1970,9,6,2012,7,21,52,0,14,6,ANAHEIM ST,LINDEN AVE,0,33.7826,-118.1866528,0,8,0,0,3,2,0,1,3,1,0,1,0,0000000,99,99,99,99,99,99,0,0,0,1,0
6,60912,3,3,0,0,0,3,3,99,2200,4,6,2012,2,18,20,0,14,6,FLOYD AVE,KELLER ST,0,37.67805833,-120.9700611,0,12,1,0,2,3,0,1,1,1,0,1,0,0000000,99,99,99,99,99,99,0,0,0,1,0
6,60913,1,1,0,0,0,2,2,29,0,2,6,2012,7,9,30,1,2,3,SR-99,,477,35.65301944,-119.2215611,0,38,0,0,1,1,0,5,1,1,0,1,0,0000000,99,99,99,99,88,88,0,0,0,1,0
6,60914,1,1,0,0,0,1,1,37,120,10,6,2012,1,1,23,1,11,1,I-210,,325,34.1446,-118.0240722,0,25,0,0,1,1,0,3,2,1,0,1,0,0000000,99,99,99,99,88,88,0,0,0,1,1
6,60915,1,1,0,0,0,2,2,9,0,5,6,2012,3,19,52,0,4,4,CR-HOGAN DAM RD,,0,38.16846944,-120.81315,0,38,0,0,1,1,0,4,1,1,0,1,0,0000000,99,99,99,99,99,99,0,0,0,1,1
6,60916,2,1,1,0,0,1,1,37,9999,10,6,2012,1,3,30,0,4,4,CR-DON JULIAN RD,,0,34.03434167,-117.9881972,0,42,0,0,1,1,0,4,3,1,0,1,0,0000000,99,99,99,99,88,88,0,0,0,1,1
6,60917,1,1,0,0,0,1,1,73,0,2,6,2012,7,17,12,0,2,3,SR-79,,459,33.37551944,-116.745,0,33,0,0,1,1,0,4,1,1,0,1,0,0000000,99,99,99,99,88,88,0,0,0,1,1
6,60918,1,1,0,1,1,1,1,37,1840,2,6,2012,7,21,0,0,13,6,AVE I,,0,34.70419444,-118.1084583,0,8,0,0,1,1,0,1,2,1,0,1,0,0000000,99,99,99,99,99,99,0,0,0,1,0
6,60919,1,1,0,0,0,1,1,27,0,7,6,2012,5,1,13,0,4,4,CR-E LUBKEN CANYON RD,,0,36.54306944,-118.0155611,0,1,0,0,1,1,0,4,2,1,0,1,0,0000000,99,99,99,99,88,88,0,0,0,1,1
6,60920,2,1,1,0,0,1,1,55,2330,4,6,2012,2,21,2,0,15,6,SEMINARY ST,,0,38.30232778,-122.2904806,0,14,0,0,1,1,0,7,3,1,0,1,0,0000000,99,99,99,99,99,99,0,0,0,1,1
6,60921,1,1,0,1,1,1,1,111,1280,6,6,2012,4,8,27,1,13,3,SR-126,C ST,206,34.39496389,-118.9271889,0,9,0,0,3,2,0,1,1,1,0,1,0,0000000,8,27,99,99,99,99,0,0,0,1,0
6,60922,1,1,0,0,0,2,2,45,0,8,6,2012,6,10,50,1,2,2,US-101,,655,39.77440556,-123.5458583,0,1,0,0,1,1,0,4,1,1,0,1,0,0000000,99,99,99,99,99,99,0,0,0,1,0
6,60923,3,2,1,1,1,3,3,33,719,29,5,2012,3,14,30,1,12,3,SR-53,POLK AVE,36,38.95991944,-122.6221444,0,12,1,0,3,2,0,1,1,1,0,1,0,0000000,99,99,99,99,99,99,0,0,0,1,0
6,60924,1,1,0,1,1,1,1,37,1980,8,6,2012,6,2,0,0,13,6,NORDHOFF ST,,0,34.23562222,-118.4834861,0,9,0,0,1,1,0,1,3,1,0,1,0,0000000,99,99,99,99,88,88,0,0,0,1,0
6,60925,1,1,0,0,0,1,1,71,0,7,6,2012,5,14,35,1,1,1,I-15,,700,35.47208056,-115.5570611,0,33,0,0,1,1,0,3,1,1,0,1,0,0000000,99,99,99,99,99,99,0,0,0,1,0
6,60926,4,4,0,0,0,6,6,37,3870,28,1,2012,7,8,13,0,13,6,HAWTHORNE BLVD,DEL AMO BLVD,0,33.84861111,-118.35375,0,12,6,0,2,2,0,1,1,1,0,1,0,0000000,99,99,99,99,99,99,0,0,0,1,0
6,60927,2,2,0,0,0,3,3,19,0,4,5,2012,6,1,58,0,2,4,CR-SHAW AVE,,0,36.80763889,-119.9531306,0,12,2,0,1,1,0,1,2,1,0,1,0,0000000,99,99,99,99,99,99,0,0,0,2,0
6,60928,2,2,0,0,0,4,4,115,0,21,3,2012,4,18,15,0,2,3,SR-46,,41,39.44191944,-121.0631694,0,12,2,0,1,1,0,1,1,10,0,10,0,0000000,99,99,99,99,99,99,0,0,0,2,0
6,60929,1,1,0,1,1,1,1,115,0,2,6,2012,7,4,58,0,3,4,CR-HAMMONTON SMARTVILLE,,0,39.1281,-121.55515,0,8,0,0,1,1,0,1,2,1,0,1,0,0000000,99,99,99,99,99,99,0,0,0,1,0
6,60930,1,1,0,1,1,1,1,37,1970,1,6,2012,6,21,31,0,14,6,SPRING ST,,0,33.81046667,-118.0921944,0,8,0,0,1,1,0,1,2,1,0,1,0,0000000,99,99,99,99,99,99,0,0,0,1,1
6,60931,3,3,0,0,0,4,4,85,3340,4,5,2012,6,10,55,0,13,6,ALMADEN EXPWY,IRONWOOD DR,0,37.28921667,-121.8812361,0,33,0,0,3,2,0,3,1,1,0,1,0,0000000,99,99,99,99,99,99,0,0,0,1,0
6,60932,1,1,0,0,0,1,1,19,1370,1,6,2012,6,99,99,0,14,6,FIGARDEN DR,,0,36.82079444,-119.8696611,0,33,0,0,1,1,0,3,3,1,0,1,0,0000000,99,99,99,99,88,88,0,0,0,1,1
6,60933,1,1,0,0,0,1,1,63,0,10,6,2012,1,21,0,0,2,3,SR-70,,211,40.00706667,-121.2497639,0,24,0,0,1,1,0,4,2,1,0,1,0,0000000,99,99,99,99,88,88,0,0,0,1,1
6,60934,1,1,0,0,0,2,2,1,2480,18,5,2012,6,11,45,1,11,1,I-880,,314,37.79856944,-122.2750111,0,24,0,0,1,1,1,3,1,1,0,1,0,0000000,99,99,99,99,99,99,0,0,0,1,0
6,60935,2,2,0,0,0,2,2,65,0,7,5,2012,2,5,25,0,4,4,CR-HOBSON WAY,,0,33.6095,-114.7231389,0,12,2,0,1,1,0,1,4,1,0,1,0,0000000,99,99,99,99,99,99,0,0,0,1,0
6,60936,1,1,0,0,0,1,1,111,538,2,6,2012,7,14,40,1,12,2,US-101,,132,34.21544722,-119.0262833,0,33,0,0,1,1,0,4,1,10,0,10,0,0000000,99,99,99,99,99,99,0,0,0,1,0
6,60937,1,1,0,1,1,1,1,19,1370,10,6,2012,1,23,11,0,14,6,MARKS AVE,,0,36.80251944,-119.8443944,0,8,0,0,1,1,0,1,2,1,0,1,0,0000000,99,99,99,99,88,88,0,0,0,1,0
6,60938,1,1,0,0,0,1,1,59,80,5,6,2012,3,15,15,1,12,3,SR-91,,33,33.85611944,-117.9861,0,1,0,0,1,1,0,1,1,1,0,1,0,0000000,99,99,99,99,99,99,0,0,0,1,0
6,60939,1,1,0,1,1,1,1,99,9999,18,5,2012,6,22,15,0,2,4,CR-MITCHELL RD,,0,37.6355,-120.9574,0,15,0,0,1,1,0,1,2,1,0,1,0,0000000,99,99,99,99,99,99,0,0,0,1,0
6,60940,2,2,0,0,0,2,2,37,1980,19,5,2012,7,0,15,0,13,6,TOPANGA CANYON BLVD,,0,34.27472222,-118.6046972,0,12,1,0,1,1,0,1,2,1,0,1,0,0000000,99,99,99,99,99,99,0,0,0,1,1
6,60941,1,1,0,0,0,1,1,97,0,12,6,2012,3,19,15,0,3,4,CR-ADOBE RD,,0,38.26490833,-122.6020389,0,1,0,0,1,1,0,4,1,1,0,1,0,0000000,99,99,99,99,88,88,0,0,0,1,1
6,60942,1,1,0,0,0,1,1,71,115,9,2,2012,5,20,16,0,16,6,RED FEATHER RD,,0,34.51232222,-117.2466722,0,1,0,0,1,1,0,5,2,1,0,1,0,0000000,99,99,99,99,88,88,0,0,0,1,1
6,60943,1,1,0,0,0,1,1,111,4027,12,6,2012,3,8,20,0,12,3,SR-33,,25,34.31248889,-119.2959306,0,39,0,0,1,1,0,4,1,10,0,10,0,0000000,99,99,99,99,88,88,0,0,0,1,0
6,60944,3,1,2,0,0,1,1,107,0,19,5,2012,7,0,25,0,3,4,CR-ORANGE BELT DR,,0,36.15183056,-119.06425,0,14,0,0,1,1,0,4,2,1,0,1,0,0000000,99,99,99,99,88,88,14,0,0,1,1
6,60945,2,2,0,0,0,2,2,83,0,4,5,2012,6,21,32,0,2,3,SR-166,,581,34.98598889,-119.7912889,0,12,2,0,1,1,0,1,2,1,0,1,0,0000000,99,99,99,99,88,88,0,0,0,1,1
6,60946,2,2,0,0,0,3,3,65,2420,13,6,2012,4,2,14,1,11,1,I-15,,434,33.90518056,-117.5600611,0,12,1,0,1,1,0,1,2,1,0,1,0,0000000,99,99,99,99,99,99,0,0,0,2,1
6,60947,2,1,1,2,4,1,3,37,1980,3,3,2012,7,19,0,1,11,1,I-405,,463,34.25826389,-118.4720528,0,14,0,1,18,1,0,2,2,1,0,1,0,0000000,99,99,99,99,99,99,15,23,0,1,1
6,60948,1,1,0,1,1,1,1,37,2870,2,6,2012,7,22,56,0,13,6,MISSION BLVD,,0,34.05498056,-117.7551556,0,8,0,0,1,1,0,1,3,1,0,1,0,0000000,99,99,99,99,99,99,0,0,0,1,0
6,60949,1,1,0,0,0,1,1,77,1865,16,3,2012,6,1,13,1,2,3,SR-120,,143,37.78823889,-121.3029972,0,1,0,0,1,1,0,5,2,10,0,10,0,0000000,99,99,99,99,88,88,0,0,0,1,1
6,60950,1,1,0,0,0,4,4,59,3420,3,6,2012,1,5,30,1,12,3,SR-55,,79,33.70913056,-117.8513306,0,1,0,0,1,1,0,1,2,1,0,1,0,0000000,99,99,99,99,99,99,0,0,0,1,0
6,60951,1,1,0,0,0,2,2,65,0,12,6,2012,3,22,10,0,3,4,CR-RAMONA EXPWY,,0,33.83406111,-117.0522889,0,1,0,0,1,1,0,4,2,1,0,1,0,0000000,99,99,99,99,99,99,0,0,0,1,0
6,60952,1,1,0,0,0,1,1,67,0,19,5,2012,7,4,37,0,3,4,CR-POWER INN RD,,0,38.48337778,-121.4089167,0,30,0,0,1,1,0,4,3,1,0,1,0,0000000,99,99,99,99,88,88,0,0,0,1,1
6,60953,3,3,0,0,0,4,4,71,0,7,6,2012,5,15,20,1,2,3,SR-58,,6,35.00966944,-117.6246306,0,12,2,0,1,1,0,1,1,1,0,1,0,0000000,99,99,99,99,99,99,0,0,0,1,0
6,60954,1,1,0,0,0,2,2,33,0,15,4,2012,1,6,9,1,2,3,SR-29,,207,38.90951944,-122.6185361,0,42,0,0,1,1,0,5,2,1,0,1,0,0000000,99,99,99,99,88,88,0,0,0,1,1
6,60955,1,1,0,0,0,1,1,37,1980,13,6,2012,4,8,15,0,13,3,SR-1,,120,33.79099444,-118.2888417,0,42,0,0,1,1,0,4,1,10,0,10,0,0000000,99,99,99,99,99,99,0,0,0,1,0
6,60956,1,1,0,0,0,1,1,111,2620,19,5,2012,7,5,46,0,13,3,SR-1,,177,34.19063611,-119.1773944,0,31,0,0,1,1,0,4,1,1,0,1,0,0000000,99,99,99,99,88,88,0,0,0,1,0
6,60957,2,2,0,0,0,3,3,37,3870,16,4,2012,2,1,15,0,13,6,CRENSHAW BLVD,,0,33.85113333,-118.3287083,0,12,1,0,1,1,0,1,3,1,0,1,0,0000000,99,99,99,99,99,99,0,0,0,1,1
6,60958,2,2,0,0,0,3,3,71,0,12,6,2012,3,11,57,0,13,3,SR-38,,58,34.07324167,-117.0892278,0,12,6,0,8,1,0,1,1,1,0,1,0,0000000,99,99,99,99,99,99,0,0,0,1,0
6,60959,1,1,0,0,0,1,1,65,0,13,6,2012,4,14,37,0,4,4,CR-MOUNTAIN VIEW DR.,,0,33.89076111,-116.4742306,0,38,0,0,1,1,0,4,1,1,0,1,0,0000000,99,99,99,99,99,99,0,0,0,1,1
6,60960,2,1,1,2,3,1,2,37,0,3,6,2012,1,0,40,1,12,3,SR-60,,147,34.0172,-117.9856889,0,8,0,0,1,1,0,2,2,1,0,1,0,0000000,99,99,99,99,99,99,0,0,0,1,1
6,60961,1,1,0,0,0,1,1,59,9997,18,4,2012,4,12,12,0,16,6,RUE DE FORTUNA,,0,33.68309722,-117.6583806,0,33,0,0,1,1,0,4,1,1,0,1,0,0000000,99,99,99,99,88,88,0,0,0,1,0
6,60962,2,2,0,0,0,7,7,29,0,12,6,2012,3,15,55,1,1,1,I-5,,121,34.96864444,-118.9396222,0,12,9,0,1,1,0,1,1,1,0,1,0,0000000,99,99,99,99,99,99,0,0,0,1,0
6,60963,2,2,0,0,0,2,2,115,0,7,6,2012,5,6,36,1,2,3,SR-20,,61,39.19468056,-121.5288806,0,12,2,0,1,1,0,1,1,1,0,1,0,0000000,99,99,99,99,99,99,0,0,0,1,0
6,60964,1,1,0,1,1,1,1,71,0,13,6,2012,4,22,30,0,3,4,CR-RIDGECREST RD,,0,34.48436111,-117.2772806,0,8,0,0,1,1,0,1,3,1,0,1,0,0000000,99,99,99,99,99,99,0,0,0,1,1
6,60965,2,1,1,0,0,1,1,81,2140,20,4,2012,6,17,43,0,13,3,SR-82,,14,37.45821111,-122.1921778,0,14,0,0,1,1,0,2,1,1,0,1,0,0000000,99,99,99,99,99,99,0,0,0,1,0
6,60966,1,1,0,0,0,2,2,47,0,14,6,2012,5,5,55,0,6,4,CR-DELTA RD,,0,37.10963056,-120.7620611,0,30,0,0,1,1,0,4,1,1,0,1,0,0000000,99,99,99,99,88,88,0,0,0,1,0
6,60967,2,2,0,0,0,5,5,19,0,8,6,2012,6,21,5,1,2,3,SR-198,,382,36.25546111,-120.0391611,0,12,1,0,1,1,0,1,2,1,0,1,0,0000000,99,99,99,99,99,99,0,0,0,1,0
6,60968,2,2,0,0,0,2,2,19,0,12,6,2012,3,22,12,0,4,4,CR-QUALITY AVE,CALIFORNIA AVE,0,36.72119167,-119.5430194,0,12,6,0,2,2,0,1,2,1,0,1,0,0000000,99,99,99,99,99,99,0,0,0,1,0
6,60969,2,2,0,0,0,4,4,79,0,8,6,2012,6,14,50,1,2,3,SR-41,,479,35.77168889,-120.2369,0,12,6,0,1,1,0,1,1,1,0,1,0,0000000,99,99,99,99,99,99,0,0,0,1,0