STATE,ST_CASE,VE_TOTAL,VE_FORMS,PVH_INVL,PEDS,PERNOTMVIT,PERMVIT,PERSONS,COUNTY,CITY,DAY,MONTH,YEAR,DAY_WEEK,HOUR,MINUTE,NHS,ROAD_FNC,ROUTE,TWAY_ID,TWAY_ID2,MILEPT,LATITUDE,LONGITUD,SP_JUR,HARM_EV,MAN_COLL,RELJCT1,RELJCT2,TYP_INT,WRK_ZONE,REL_ROAD,LGT_COND,WEATHER1,WEATHER2,WEATHER,SCH_BUS,RAIL,NOT_HOUR,NOT_MIN,ARR_HOUR,ARR_MIN,HOSP_HR,HOSP_MN,CF1,CF2,CF3,FATALS,DRUNK_DR
6,60970,1,1,0,0,0,1,1,7,660,29,4,2012,1,1,49,1,12,3,SR-99 RAMP,,361,39.77506667,-121.8721361,0,1,0,1,5,1,0,5,3,1,0,1,0,0000000,99,99,99,99,88,88,0,0,0,1,1
6,60971,2,2,0,0,0,6,6,69,0,13,6,2012,4,9,35,0,12,3,SR-25,WRIGHT RD,519,36.86958333,-121.4064806,0,12,6,0,2,2,0,1,1,1,0,1,0,0000000,99,99,99,99,99,99,0,0,0,1,0
6,60972,1,1,0,0,0,2,2,19,0,3,6,2012,1,19,35,0,6,4,CR-PORTOLA AVE,,0,36.65863889,-119.5940194,0,38,0,0,1,1,0,4,5,1,0,1,0,0000000,99,99,99,99,99,99,3,0,0,1,1
6,60973,1,1,0,0,0,1,1,73,0,14,6,2012,5,0,0,0,6,4,CR-RIDGE HILL RD,,0,32.84270556,-116.8807444,0,38,0,0,1,1,0,4,2,1,0,1,0,0000000,99,99,99,99,88,88,0,0,0,1,1
6,60974,1,1,0,0,0,1,1,59,3420,11,5,2012,6,12,0,1,12,3,SR-55,,95,33.72673889,-117.8347278,0,18,0,1,18,1,0,1,1,1,0,1,0,0000000,99,99,99,99,99,99,0,0,0,1,0
6,60975,1,1,0,1,1,1,1,19,0,9,6,2012,7,6,56,0,4,4,CR-MT WHITNEY AVE,,0,36.43051111,-119.9313,0,8,0,0,1,1,0,2,1,1,0,1,0,0000000,99,99,99,99,88,88,0,0,0,1,0
6,60976,2,2,0,0,0,2,2,67,0,9,6,2012,7,1,40,1,2,3,SR-99,,51,38.31383056,-121.3223194,0,12,1,0,1,1,0,1,2,1,0,1,0,0000000,99,99,99,99,88,88,0,0,0,1,0
6,60977,1,1,0,1,1,1,1,37,1980,17,6,2012,1,1,55,0,13,6,CENTRAL AVE,42ND PLACE,0,34.00663056,-118.2564917,0,8,0,0,3,2,0,1,3,10,0,10,0,0000000,99,99,99,99,88,88,0,0,0,1,0
6,60978,2,2,0,0,0,3,3,65,9997,13,5,2012,1,1,42,1,11,1,I-15,,468,33.95393889,-117.5499694,0,12,2,0,1,1,0,1,2,1,0,1,0,0000000,99,99,99,99,99,99,0,0,0,3,1
6,60979,2,2,0,1,1,2,2,73,3260,13,6,2012,4,21,10,0,15,6,OCEAN VIEW BL,,0,32.70050556,-117.1026,0,8,0,0,1,1,0,1,3,1,0,1,0,0000000,99,99,99,99,99,99,0,0,0,1,0
6,60980,1,1,0,0,0,1,1,71,260,9,6,2012,7,7,25,1,11,1,I-15,,724,34.8864,-117.0439306,0,38,0,0,1,1,0,4,1,1,0,1,0,0000000,99,99,99,99,88,88,0,0,0,1,0
6,60981,1,1,0,1,1,3,3,45,0,15,6,2012,6,10,23,1,2,2,US-101,LAKE MENDOCINO DRIVE,273,39.19044167,-123.21085,0,8,0,0,5,1,0,1,1,1,0,1,0,0000000,99,99,99,99,99,99,23,0,0,1,0
6,60982,2,2,0,0,0,2,2,47,2150,13,5,2012,1,22,47,0,16,6,R ST,W 14TH ST,0,37.30141111,-120.4942694,0,12,6,1,2,7,0,1,3,1,0,1,0,0000000,99,99,99,99,99,99,0,0,0,1,1
6,60983,1,1,0,1,1,1,1,101,0,14,6,2012,5,12,50,0,13,3,SR-99,,292,39.12051389,-121.6345972,0,9,0,0,1,1,0,1,1,1,0,1,0,0000000,99,99,99,99,99,99,0,0,0,1,0
6,60984,2,2,0,0,0,6,6,37,1980,14,6,2012,5,23,45,0,13,6,FIGUEROA ST,,0,34.06108889,-118.2472,0,12,6,0,1,1,0,1,3,1,0,1,0,0000000,99,99,99,99,99,99,0,0,0,1,1
6,60985,2,2,0,0,0,2,2,67,3150,19,5,2012,7,2,45,1,12,2,US-50,,25,38.55178889,-121.4323389,0,12,6,0,1,1,0,1,3,1,0,1,0,0000000,99,99,99,99,99,99,19,23,0,1,0
6,60986,1,1,0,0,0,4,4,65,0,15,6,2012,6,8,2,1,1,1,I-10,,963,33.68104167,-115.5470694,0,24,0,0,1,1,0,4,1,1,0,1,0,0000000,99,99,99,99,99,99,0,0,0,1,0
6,60987,1,1,0,1,1,3,3,77,0,9,6,2012,7,19,32,0,2,4,CR-WILSON WY,,0,37.9896,-121.2677306,0,9,0,0,1,1,0,1,1,1,0,1,0,0000000,99,99,99,99,99,99,0,0,0,1,0
6,60988,1,1,0,1,1,2,2,99,0,24,5,2012,5,13,0,0,2,3,SR-108,,348,37.75086111,-120.9039306,0,9,0,0,1,1,0,2,1,1,0,1,0,0000000,99,99,99,99,99,99,0,0,0,1,0
6,60989,2,2,0,0,0,5,5,29,0,15,6,2012,6,18,30,0,4,4,CR-MCCOMBS AVE,PALM AVE,0,35.61605278,-119.3490722,0,12,6,0,2,2,0,1,1,1,0,1,0,0000000,99,99,99,99,99,99,0,0,0,1,0
6,60990,1,1,0,0,0,1,1,29,0,9,6,2012,7,12,30,1,2,3,SR-178,,487,35.64948889,-118.42455,0,1,0,0,1,1,0,4,1,1,0,1,0,0000000,99,99,99,99,99,99,0,0,0,1,0
6,60991,2,1,1,0,0,1,1,37,0,9,6,2012,7,17,25,1,12,3,SR-14,,568,34.54076111,-118.1228194,0,33,0,0,1,1,0,4,1,1,0,1,0,0000000,99,99,99,99,88,88,0,0,0,1,0
6,60992,1,1,0,1,1,1,1,37,2870,6,6,2012,4,9,26,0,14,6,SAN BERNARDINO AVE,,0,34.07587222,-117.7249056,0,9,0,0,1,1,0,1,1,1,0,1,0,0000000,99,99,99,99,99,99,0,0,0,1,0
6,60993,1,1,0,0,0,2,2,65,2116,14,1,2012,7,3,5,0,15,6,GARBANI RD,,0,33.65758056,-117.1859278,0,35,0,0,1,1,0,5,2,1,0,1,0,0000000,99,99,99,99,99,99,4,0,0,1,1
6,60994,1,1,0,0,0,1,1,65,0,10,6,2012,1,5,15,0,6,4,CR-CHUCKWALLA VALLEY RD,,0,33.64226111,-115.1770306,0,35,0,0,1,1,0,4,4,1,0,1,0,0000000,99,99,99,99,99,99,0,0,0,1,0
6,60995,4,3,1,0,1,8,9,73,3260,15,6,2012,6,23,37,1,11,1,I-5,,346,32.95493889,-117.2448306,0,14,0,0,1,1,0,2,2,1,0,1,0,0000000,99,99,99,99,99,99,0,0,0,1,1
6,60996,1,1,0,1,1,1,1,13,110,1,5,2012,3,15,30,0,13,6,LONE TREE WY,,0,37.98588333,-121.8060167,0,8,0,0,1,1,0,1,1,1,0,1,0,0000000,99,99,99,99,99,99,0,0,0,1,0
6,60997,2,2,0,0,0,2,2,37,1980,16,6,2012,7,2,35,0,13,6,ADAMS BL,CRENSHAW BL,0,34.03256944,-118.3350111,0,12,6,0,2,2,0,1,3,1,0,1,0,0000000,99,99,99,99,99,99,0,0,0,1,2
6,60998,2,2,0,0,0,3,3,71,4040,30,1,2012,2,1,0,0,14,6,BEAR VALLEY RD,INDUSTRIAL BL,0,34.47108889,-117.2828917,0,12,6,0,2,3,0,1,6,1,0,1,0,0000000,99,99,99,99,88,88,0,0,0,1,0
6,60999,2,2,0,0,0,2,2,23,0,7,6,2012,5,15,54,1,2,2,US-101,,345,40.33581389,-123.9315278,0,12,2,0,1,1,0,1,1,1,0,1,0,0000000,99,99,99,99,99,99,0,0,0,1,0
6,61000,1,1,0,0,0,1,1,11,0,27,5,2012,1,11,30,1,2,3,SR-20,,117,39.10648056,-122.3115889,0,1,0,0,1,1,0,4,1,1,0,1,0,0000000,99,99,99,99,88,88,0,0,0,1,0
6,61001,2,2,0,0,0,2,2,29,0,16,6,2012,7,3,48,0,12,3,SR-119,,183,35.26741111,-119.2504611,0,12,2,0,1,1,0,2,2,1,0,1,0,0000000,99,99,99,99,88,88,0,0,0,1,0
6,61002,2,2,0,0,0,5,5,47,1990,6,2,2012,2,12,42,0,14,6,H ST,4TH ST,0,37.06313056,-120.85005,0,12,1,0,3,2,0,1,1,10,0,10,0,0000000,99,99,99,99,99,99,0,0,0,1,0
6,61003,1,1,0,1,1,1,1,37,1980,15,6,2012,6,6,35,0,13,6,VENTURA BLVD,FALLBROOK AVENUE,0,34.16603056,-118.6233056,0,8,0,0,3,2,0,1,4,10,0,10,0,0000000,99,99,99,99,99,99,0,0,0,1,0
6,61004,2,2,0,0,0,5,5,73,0,16,6,2012,7,15,15,0,12,3,SR-94,,516,32.62253333,-116.4746361,0,12,2,0,1,1,0,1,1,1,0,1,0,0000000,99,99,99,99,99,99,0,0,0,1,0
6,61005,1,1,0,0,0,1,1,65,4197,8,6,2012,6,2,35,1,11,1,I-15,,176,33.64202222,-117.2837778,0,52,0,0,1,1,0,3,2,1,0,1,0,0000000,99,99,99,99,88,88,0,0,0,1,1
6,61006,3,3,0,0,0,6,6,37,1980,31,1,2012,3,20,25,1,11,1,I-405,,310,34.0471,-118.44705,0,12,1,0,1,1,1,1,3,1,0,1,0,0000000,99,99,99,99,88,88,19,23,0,1,0
6,61007,1,1,0,1,1,1,1,97,0,8,6,2012,6,8,35,0,4,4,CR-PETALUMA HILL RD,,0,38.31606111,-122.66675,0,9,0,0,1,1,0,2,1,1,0,1,0,0000000,99,99,99,99,99,99,0,0,0,1,0
6,61008,2,2,0,0,0,2,2,67,0,24,5,2012,5,14,55,0,4,4,CR-WATT AVE,,0,38.62478333,-121.3829722,0,12,6,0,8,1,0,1,1,1,0,1,0,0000000,99,99,99,99,99,99,0,0,0,1,0
6,61009,1,1,0,0,0,2,2,7,2680,27,5,2012,1,2,47,0,3,6,SKYWAY RD,,0,39.79926111,-121.5838611,0,42,0,0,1,1,0,2,2,1,0,1,0,0000000,99,99,99,99,99,99,0,0,0,1,1
6,61010,1,1,0,0,0,2,2,35,0,16,5,2012,4,4,0,1,2,3,SR-44,,355,40.4184,-120.7842611,0,43,0,0,1,1,0,2,2,1,0,1,0,0000000,99,99,99,99,88,88,0,0,0,1,0
6,61011,2,2,0,0,0,3,3,109,0,26,5,2012,7,16,5,0,2,3,SR-108,,22,37.91458056,-120.4598,0,12,2,0,1,1,0,1,1,10,0,10,0,0000000,99,99,99,99,88,88,0,0,0,1,0
6,61012,1,1,0,0,0,2,2,97,2740,27,5,2012,1,14,36,0,16,6,GOSSAGE AVE,,0,38.24668333,-122.6602528,0,1,0,0,1,1,0,5,1,98,0,98,0,0000000,99,99,99,99,99,99,0,0,0,2,0
6,61013,1,1,0,0,0,1,1,35,0,20,5,2012,1,13,48,0,2,3,SR-139,,396,40.85551944,-120.75955,0,17,0,0,1,1,0,2,1,1,0,1,0,0000000,99,99,99,99,88,88,0,0,0,1,0
6,61014,1,1,0,0,0,2,2,71,0,22,5,2012,3,5,15,1,1,1,I-40,,483,34.724,-116.1908194,0,1,0,0,1,1,0,1,4,1,0,1,0,0000000,99,99,99,99,99,99,0,0,0,1,0
6,61015,2,2,0,0,0,2,2,19,0,24,5,2012,5,17,6,1,13,3,SR-99,CENTRAL AVE,160,36.67792222,-119.7405917,0,1,0,1,2,3,0,1,1,1,0,1,0,0000000,99,99,99,99,99,99,0,0,0,1,0
6,61016,2,2,0,2,2,2,2,73,0,10,6,2012,1,2,27,1,11,1,I-805,,119,32.70139167,-117.0948167,0,8,0,0,1,1,0,1,3,1,0,1,0,0000000,99,99,99,99,99,99,19,0,0,2,0
6,61017,1,1,0,0,0,1,1,73,0,10,6,2012,1,11,20,0,4,4,CR-4 DE LUZ RD,,0,33.40973889,-117.2931694,0,42,0,0,1,1,0,4,1,1,0,1,0,0000000,99,99,99,99,88,88,0,0,0,1,0
6,61018,2,2,0,0,0,2,2,37,1970,16,6,2012,7,20,7,0,13,3,SR-1,8TH ST,22,33.74494444,-118.10345,0,12,6,0,2,3,0,1,5,1,0,1,0,0000000,99,99,99,99,99,99,0,0,0,1,0
6,61019,1,1,0,0,0,1,1,73,0,16,6,2012,7,12,5,1,12,3,SR-125,,88,32.69273889,-117.0154111,0,25,0,1,19,1,0,3,1,1,0,1,0,0000000,99,99,99,99,99,99,0,0,0,1,0
6,61020,1,1,0,0,0,1,1,19,0,10,6,2012,1,20,31,0,2,3,SR-168,,240,36.96401944,-119.5158694,0,42,0,0,1,1,0,4,5,1,0,1,0,0000000,99,99,99,99,88,88,0,0,0,1,0
6,61021,1,1,0,1,1,1,1,59,1380,16,6,2012,7,21,53,0,14,6,COMMONWEALTH AVE,,0,33.86997222,-117.9719528,0,8,0,0,1,1,0,1,3,1,0,1,0,0000000,99,99,99,99,88,88,0,0,0,1,0
6,61022,1,1,0,0,0,1,1,43,0,23,6,2012,7,11,13,0,4,4,CR-SMITH STATION RD,,0,37.75736111,-120.1059306,0,42,0,0,1,1,0,5,1,1,0,1,0,0000000,99,99,99,99,88,88,0,0,0,1,1
6,61023,4,3,1,1,3,2,4,73,0,11,6,2012,2,2,59,1,1,1,I-8,,274,32.84255833,-116.7962278,0,12,6,0,1,1,0,1,2,1,0,1,0,0000000,99,99,99,99,99,99,19,0,0,2,1
6,61024,1,1,0,0,0,3,3,37,4030,17,6,2012,1,2,56,0,16,6,BANDINI BLVD,,0,33.99730556,-118.172425,0,25,0,0,1,1,0,3,3,1,0,1,0,0000000,99,99,99,99,99,99,0,0,0,1,0
6,61025,2,2,0,0,0,2,2,29,240,24,3,2012,7,2,15,0,16,6,GRISSOM ST,,0,35.31363889,-119.0614222,0,12,1,0,1,1,0,1,2,1,0,1,0,0000000,99,99,99,99,99,99,0,0,0,1,1
6,61026,2,2,0,0,0,3,3,59,80,2,7,2012,2,14,50,0,14,6,S RIO VISTA ST,E LINCOLN AVE,0,33.83709722,-117.8716306,0,12,6,0,2,2,0,1,1,1,0,1,0,0000000,99,99,99,99,99,99,0,0,0,2,0
6,61027,2,2,0,0,0,11,11,25,0,23,6,2012,7,15,30,1,1,1,I-8,,139,32.74273889,-115.9620389,0,12,7,0,1,1,0,1,1,1,0,1,0,0000000,99,99,99,99,99,99,0,0,0,1,0
6,61028,1,1,0,1,1,1,1,65,1688,2,6,2012,7,21,44,0,13,6,FRED WARING DR,,0,33.72873333,-116.3523667,0,9,0,0,1,1,0,1,3,1,0,1,0,0000000,99,99,99,99,88,88,0,0,0,1,1
6,61029,2,2,0,0,0,2,2,85,2311,23,6,2012,7,18,20,0,12,3,SR-85,,225,37.39011944,-122.0685306,0,12,9,0,1,1,0,1,1,1,0,1,0,0000000,99,99,99,99,88,88,0,0,0,1,0
6,61030,1,1,0,0,0,4,4,19,0,23,6,2012,7,99,99,1,2,3,SR-180,,1085,36.72088056,-118.9930389,0,38,0,0,1,1,0,2,2,1,0,1,0,0000000,99,99,99,99,99,99,0,0,0,2,1
6,61031,1,1,0,0,0,1,1,19,0,11,6,2012,2,99,99,0,4,4,CR-RUSSELL AVE,,0,36.89526111,-120.6543028,0,30,0,0,1,1,0,4,2,1,0,1,0,0000000,99,99,99,99,88,88,0,0,0,1,1
6,61032,1,1,0,1,1,1,1,37,1980,18,6,2012,2,12,0,0,13,6,WESTERN AVE,,0,33.99175556,-118.3089389,0,8,0,0,1,1,0,1,1,1,0,1,0,0000000,99,99,99,99,99,99,0,0,0,1,0
6,61033,3,3,0,0,0,3,3,37,1980,14,5,2012,2,6,25,0,14,6,DESOTO AVE,,0,34.27198056,-118.5891944,0,12,10,0,1,1,0,1,1,1,0,1,0,0000000,99,99,99,99,99,99,0,0,0,1,1
6,61034,1,1,0,0,0,1,1,71,0,2,7,2012,2,18,42,0,4,4,CR-LYTLE CREEK RD,,0,34.20883889,-117.4573167,0,1,0,0,1,1,0,2,1,1,0,1,0,0000000,99,99,99,99,88,88,0,0,0,1,1
6,61035,1,1,0,3,3,1,1,59,3420,23,6,2012,7,11,0,0,13,6,17TH ST,SPURGEON ST,0,33.76007778,-117.8652278,0,8,0,0,3,2,1,1,1,1,0,1,0,0000000,99,99,99,99,99,99,0,0,0,1,1
6,61036,2,1,1,1,1,1,1,71,790,30,3,2012,6,17,2,1,11,1,I-10,,225,34.06643056,-117.3268889,0,8,0,1,18,1,0,2,1,1,0,1,0,0000000,99,99,99,99,99,99,23,0,0,1,0
6,61037,1,1,0,0,0,1,1,31,0,16,6,2012,7,12,45,1,2,3,SR-41,,232,36.07286944,-119.9270194,0,1,0,0,1,1,0,4,1,1,0,1,0,0000000,99,99,99,99,99,99,0,0,0,1,0
6,61038,1,1,0,0,0,1,1,45,0,3,7,2012,3,5,58,0,4,4,CR-FLYNN CREEK RD,,0,39.18203333,-123.5968694,0,1,0,0,1,1,0,1,4,1,0,1,0,0000000,99,99,99,99,88,88,0,0,0,1,0
6,61039,2,2,0,0,0,2,2,99,0,24,6,2012,1,2,25,1,1,1,I-5,,213,37.52311944,-121.2469889,0,12,2,0,1,1,0,1,2,1,0,1,0,0000000,99,99,99,99,99,99,0,0,0,1,1
6,61040,1,1,0,0,0,1,1,37,1700,12,6,2012,3,1,35,1,11,1,I-405,,235,33.96388056,-118.3696889,0,35,0,0,1,1,0,4,3,1,0,1,0,0000000,99,99,99,99,88,88,0,0,0,1,1
6,61041,1,1,0,0,0,1,1,27,0,24,6,2012,1,4,20,0,4,4,CR-TRONA-WILDROSE RD,,0,35.80961111,-117.3447306,0,1,0,0,1,1,0,5,2,1,0,1,0,0000000,99,99,99,98,88,88,0,0,0,1,1
6,61042,1,1,0,0,0,1,1,97,0,24,6,2012,1,11,35,0,2,3,SR-128,,247,38.60296111,-122.6459194,0,35,0,0,1,1,0,5,1,1,0,1,0,0000000,99,99,99,99,88,88,0,0,0,1,0
6,61043,1,1,0,0,0,1,1,37,0,3,7,2012,3,15,45,0,4,4,CR-SIERRA HWY,,0,34.49296944,-118.17855,0,31,0,0,1,1,0,4,1,1,0,1,0,0000000,99,99,99,99,99,99,0,0,0,1,0
6,61044,1,1,0,0,0,1,1,37,0,24,6,2012,1,12,7,0,2,3,SR-2,,691,34.36481944,-117.8069806,0,24,0,0,1,1,0,5,1,1,0,1,0,0000000,99,99,99,99,88,88,0,0,0,1,0
6,61045,2,2,0,0,0,3,3,65,2650,19,4,2012,5,20,49,0,14,6,GENE AUTRY TRL,,0,33.87449722,-116.5057722,0,12,6,0,1,1,0,1,6,1,0,1,0,0000000,99,99,99,99,99,99,0,0,0,1,0
6,61046,1,1,0,0,0,1,1,25,0,16,6,2012,7,17,25,1,1,1,I-8,,310,32.77418056,-115.6727611,0,33,0,0,1,1,0,4,1,1,0,1,0,0000000,99,99,99,99,99,99,0,0,0,1,0
6,61047,1,1,0,1,1,1,1,37,1552,24,6,2012,1,13,30,0,13,6,CARSON ST,JUAN AVE,0,33.83141667,-118.0755528,0,15,0,0,3,2,0,1,1,1,0,1,0,0000000,99,99,99,99,99,99,0,0,0,1,0
6,61048,2,2,0,0,0,2,2,37,2700,23,6,2012,7,18,24,0,14,6,WALNUT ST,MERIDITH AV,0,34.14955556,-118.1144667,0,12,6,1,2,2,0,1,1,1,0,1,0,0000000,99,99,99,99,88,88,0,0,0,1,0
6,61049,1,1,0,1,1,1,1,37,930,3,7,2012,3,15,48,0,14,6,SAWTELLE BL,,0,33.99658056,-118.4025194,0,15,0,0,1,1,0,1,1,1,0,1,0,0000000,99,99,99,99,99,99,0,0,0,1,0
6,61050,1,1,0,1,1,3,3,29,0,24,6,2012,1,21,40,0,4,4,CR-VIRGINIA AVE,,0,35.36139167,-118.9541778,0,15,0,0,1,1,0,1,3,1,0,1,0,0000000,99,99,99,99,99,99,0,0,0,1,1
6,61051,2,1,1,1,1,1,1,37,1980,30,6,2012,7,8,45,0,14,6,LITTLE SANTA MONICA BLVD,KELTON AV,0,34.04899722,-118.4390417,0,8,0,0,3,1,0,1,1,1,0,1,0,0000000,99,99,99,99,99,99,0,0,0,1,0
6,61052,2,2,0,0,0,2,2,65,2327,12,6,2012,3,7,30,1,11,1,I-215,,98,33.55994722,-117.1807778,0,1,0,0,1,1,1,1,1,1,0,1,0,0000000,99,99,99,99,88,88,0,0,0,1,0
6,61053,3,3,0,0,0,6,6,65,0,3,7,2012,3,23,15,0,3,4,CR-WARREN RD,,0,33.709,-117.0326694,0,12,8,0,1,1,0,1,2,1,0,1,0,0000000,99,99,99,99,99,99,0,0,0,2,1
6,61054,1,1,0,0,0,2,2,77,0,17,6,2012,1,4,25,0,4,4,CR-ESCALON BELLOTA RD,,0,37.9416,-121.0001194,0,1,0,0,1,1,0,1,4,1,0,1,0,0000000,99,99,99,99,88,88,0,0,0,1,0
6,61055,1,1,0,0,0,2,2,37,1970,25,6,2012,2,0,45,0,13,3,SR-710,,0,34.02745833,-118.1724556,0,33,0,0,1,1,0,3,3,1,0,1,0,0000000,99,99,99,99,99,99,0,0,0,1,1
6,61056,3,3,0,0,0,4,4,31,0,6,7,2012,6,18,45,0,2,3,SR-43,KENT AV,114,36.22591944,-119.6009889,0,12,1,0,3,1,0,1,1,1,0,1,0,0000000,99,99,99,99,99,99,0,0,0,1,0
6,61057,1,1,0,0,0,2,2,111,3480,26,5,2012,7,21,10,1,12,3,SR-126,,113,34.34543056,-119.0694,0,42,0,1,5,1,0,5,6,1,0,1,0,0000000,99,99,99,99,88,88,0,0,0,2,1
6,61058,2,2,0,0,0,3,3,37,1980,25,6,2012,2,21,35,0,14,6,PARTHENIA ST,,0,34.2296,-118.4409306,0,12,8,0,1,1,0,1,3,1,0,1,0,0000000,99,99,99,99,99,99,0,0,0,1,1
6,61059,2,2,0,0,0,2,2,73,3260,26,6,2012,3,5,52,0,14,6,MORENA BLVD,PAUL JONES AVE,0,32.80340278,-117.2124,0,1,0,0,2,3,0,1,1,1,0,1,0,0000000,99,99,99,99,99,99,0,0,0,1,0
6,61060,1,1,0,0,0,1,1,85,3340,28,6,2012,5,1,17,0,16,6,NORTECH PARKWAY,,0,37.42214167,-121.9640056,0,43,0,0,1,1,0,5,3,1,0,1,0,0000000,99,99,99,99,88,88,0,0,0,1,1
6,61061,1,1,0,1,1,1,1,111,4027,27,6,2012,4,20,57,0,14,6,HARBOR BLVD,,0,34.24232778,-119.2568639,0,8,0,0,1,1,0,1,3,1,0,1,0,0000000,99,99,99,99,99,99,0,0,0,1,1
6,61062,2,2,0,0,0,2,2,19,0,26,6,2012,3,21,5,0,2,3,SR-33,MANNING AVE,514,36.60340833,-120.3885583,0,12,6,0,2,2,0,1,3,1,0,1,0,0000000,99,99,99,99,88,88,0,0,0,1,1
6,61063,5,5,0,0,0,7,7,67,0,21,6,2012,5,18,25,1,1,1,I-5,,319,38.67142222,-121.5758194,0,12,1,0,1,1,0,1,1,1,0,1,0,0000000,99,99,99,99,99,99,14,23,0,1,0
6,61064,1,1,0,0,0,2,2,19,0,6,7,2012,6,19,11,1,1,1,I-5,,109,36.20368889,-120.2120694,0,1,0,0,1,1,0,3,1,1,0,1,0,0000000,99,99,99,99,99,99,0,0,0,1,0
6,61065,1,1,0,0,0,1,1,67,1300,3,7,2012,3,99,99,1,12,2,US-50,,223,38.64373333,-121.0995028,0,42,0,0,1,1,0,4,2,1,0,1,0,0000000,99,99,99,99,88,88,0,0,0,1,1
6,61066,1,1,0,0,0,2,2,61,0,28,6,2012,5,3,5,1,1,1,I-80,,413,39.17415,-120.8589694,0,43,0,0,1,1,0,8,3,1,0,1,0,0000000,99,99,99,99,99,99,0,0,0,1,0
6,61067,1,1,0,1,1,2,2,37,230,28,6,2012,5,0,47,0,13,6,AZUSA AVE,,0,34.12100833,-117.9076944,0,8,0,0,1,1,0,1,3,1,0,1,0,0000000,99,99,99,99,99,99,0,0,0,1,0
6,61068,2,1,1,0,0,1,1,37,305,27,5,2012,1,15,15,0,14,6,ARTESIA BLVD,,0,33.87465556,-118.1498667,0,14,0,0,1,1,0,7,1,1,0,1,0,0000000,99,99,99,99,99,99,0,0,0,1,0
6,61069,1,1,0,0,0,1,1,65,0,6,7,2012,6,20,28,0,6,4,CR-9TH AVE,,0,33.71251389,-117.0909667,0,1,0,0,1,1,0,5,5,1,0,1,0,0000000,99,99,99,99,88,88,0,0,0,1,0
6,61070,2,2,0,0,0,4,4,19,0,4,7,2012,4,0,5,1,2,3,SR-180,,481,36.73491111,-119.9715611,0,12,1,0,1,1,0,1,2,1,0,1,0,0000000,99,99,99,99,99,99,0,0,0,1,1
6,61071,1,1,0,1,1,0,0,73,1820,26,6,2012,3,15,21,0,16,6,MILLS ST,,0,32.769175,-117.0214694,0,19,0,0,1,1,0,5,1,1,0,1,0,0000000,99,99,99,99,99,99,0,0,0,1,0
6,61072,1,1,0,0,0,1,1,95,0,22,6,2012,6,99,99,0,6,4,CR-RAMSEY RD,,0,38.19531111,-122.1375306,0,43,0,0,1,1,0,4,2,1,0,1,0,0000000,99,99,99,99,88,88,0,0,0,1,0
6,61073,1,1,0,1,1,0,0,43,0,13,5,2012,1,8,15,0,6,4,CR-DARRAH RD,,0,37.475775,-119.8713667,0,9,0,0,1,1,0,1,1,1,0,1,0,0000000,99,99,99,99,99,99,16,0,0,1,0
6,61074,2,2,0,0,0,2,2,29,0,18,6,2012,2,18,33,1,1,1,I-5,,464,35.34128056,-119.3168111,0,12,1,0,1,1,1,1,1,1,0,1,0,0000000,99,99,99,99,88,88,0,0,0,1,1
6,61075,1,1,0,0,0,5,5,71,0,7,7,2012,7,1,0,1,1,1,I-40,,677,34.73221944,-115.8597806,0,1,0,0,1,1,0,3,2,1,0,1,0,0000000,99,99,99,99,99,99,0,0,0,1,0
6,61076,1,1,0,0,0,1,1,93,0,22,6,2012,6,14,0,0,4,4,CR-COCPO RD,,0,41.89776111,-122.5201889,0,59,0,0,1,1,0,4,1,10,0,10,0,0000000,99,99,99,99,88,88,0,0,0,1,1
6,61077,1,1,0,0,0,2,2,29,240,4,7,2012,4,2,3,0,13,6,COFFEE RD,BRIMHALL RD,0,35.36886667,-119.0921444,0,33,0,0,3,2,0,3,3,1,0,1,0,0000000,99,99,99,99,99,99,0,0,0,1,1
6,61078,2,2,0,0,0,3,3,37,1980,21,6,2012,5,3,55,0,13,6,SLAUSON AVE,,0,33.98911389,-118.3184306,0,12,6,0,1,1,0,1,3,1,0,1,0,0000000,99,99,99,99,99,99,0,0,0,1,1
6,61079,1,1,0,0,0,1,1,85,3340,4,7,2012,4,13,50,1,12,3,SR-87,,67,37.34558056,-121.9029306,0,24,0,0,1,1,0,4,1,1,0,1,0,0000000,99,99,99,99,88,88,0,0,0,1,1
6,61080,1,1,0,1,1,1,1,13,3412,10,6,2012,1,19,7,0,14,6,BOLLINGER CANYON RD,CANYON LAKES DR,0,37.77191389,-121.9468222,0,8,0,0,3,2,0,1,5,1,0,1,0,0000000,99,99,99,99,99,99,0,0,0,1,0
6,61081,2,2,0,0,0,2,2,27,0,7,7,2012,7,13,20,1,2,2,US-395,MILLER ST,765,36.83517222,-118.2280056,3,12,6,0,2,2,0,1,1,1,0,1,0,0000000,99,99,99,99,99,99,0,0,0,1,0
6,61082,1,1,0,1,1,2,2,73,3260,10,7,2012,3,9,22,0,13,6,HARBOR DR,100 5TH AVENUE,0,32.67928889,-117.1169194,0,8,0,0,3,3,0,1,1,1,0,1,0,0000000,99,99,99,99,99,99,0,0,0,1,0
6,61083,1,1,0,0,0,6,6,19,0,7,7,2012,7,14,5,1,1,1,I-5,,317,36.45541944,-120.4117194,0,1,0,0,1,1,0,1,1,1,0,1,0,0000000,99,99,99,99,99,99,0,0,0,1,0