STATE,ST_CASE,VE_TOTAL,VE_FORMS,PVH_INVL,PEDS,PERNOTMVIT,PERMVIT,PERSONS,COUNTY,CITY,DAY,MONTH,YEAR,DAY_WEEK,HOUR,MINUTE,NHS,ROAD_FNC,ROUTE,TWAY_ID,TWAY_ID2,MILEPT,LATITUDE,LONGITUD,SP_JUR,HARM_EV,MAN_COLL,RELJCT1,RELJCT2,TYP_INT,WRK_ZONE,REL_ROAD,LGT_COND,WEATHER1,WEATHER2,WEATHER,SCH_BUS,RAIL,NOT_HOUR,NOT_MIN,ARR_HOUR,ARR_MIN,HOSP_HR,HOSP_MN,CF1,CF2,CF3,FATALS,DRUNK_DR
6,61084,1,1,0,0,0,2,2,111,0,4,7,2012,4,17,40,0,5,4,CR-PIRU CANYON RD,,0,34.45913056,-118.7594111,0,38,0,0,1,1,0,4,1,1,0,1,0,0000000,99,99,99,99,99,99,0,0,0,1,1
6,61085,1,1,0,0,0,4,4,19,0,28,6,2012,5,6,40,1,1,1,I-5,,389,36.53633056,-120.4953111,0,1,0,0,1,1,0,3,1,1,0,1,0,0000000,99,99,99,99,99,99,0,0,0,1,0
6,61086,1,1,0,1,1,1,1,7,2600,28,6,2012,5,8,27,0,14,6,ORO DAM BLVD,LINCON BLVD,0,39.50387778,-121.5522639,0,9,0,0,2,2,0,1,1,1,0,1,0,0000000,99,99,99,99,99,99,0,0,0,1,0
6,61087,1,1,0,0,0,1,1,113,0,28,6,2012,5,9,10,1,1,1,I-505,,167,38.76511944,-121.9489889,0,1,0,0,1,1,0,5,1,1,0,1,0,0000000,99,99,99,99,99,99,0,0,0,1,0
6,61088,1,1,0,0,0,1,1,65,0,29,6,2012,6,2,0,0,2,3,SR-60,,215,33.93791111,-117.1295806,0,35,0,0,1,1,0,5,2,1,0,1,0,0000000,99,99,99,99,88,88,0,0,0,1,1
6,61089,1,1,0,0,0,1,1,19,0,29,6,2012,6,9,45,1,2,3,SR-180,,513,36.7196,-119.386275,0,30,0,0,1,1,0,2,1,1,0,1,0,0000000,99,99,99,99,99,99,0,0,0,1,0
6,61090,1,1,0,0,0,2,2,73,0,29,6,2012,6,22,50,0,3,4,CR-OTAY LAKES RD,,0,32.6572,-116.8465611,0,43,0,0,1,1,0,2,2,1,0,1,0,0000000,99,99,99,99,99,99,0,0,0,1,1
6,61091,1,1,0,0,0,4,4,77,3770,30,6,2012,7,4,2,1,11,1,I-5,,253,37.93688056,-121.2973611,0,24,0,1,18,1,0,4,2,1,0,1,0,0000000,99,99,99,99,99,99,0,0,0,2,1
6,61092,2,2,0,0,0,5,5,51,0,30,6,2012,7,11,27,1,2,2,US-395,OBSIDIAN DOME RD,365,37.77481944,-119.0143194,0,12,6,0,2,2,0,1,1,1,0,1,0,0000000,99,99,99,99,99,99,0,0,0,1,0
6,61093,1,1,0,0,0,1,1,41,0,1,7,2012,1,7,45,1,2,2,US-101,,273,38.18146111,-122.5995,0,24,0,0,1,1,0,4,1,10,0,10,0,0000000,99,99,99,99,88,88,0,0,0,1,0
6,61094,1,1,0,0,0,2,2,37,0,30,6,2012,7,13,13,1,12,3,SR-57,,30,33.98065,-117.8414806,0,24,0,0,1,1,0,4,1,1,0,1,0,0000000,99,99,99,99,99,99,0,0,0,1,0
6,61095,1,1,0,0,0,1,1,47,0,1,7,2012,1,10,0,1,2,3,SR-99,,43,37.19488889,-120.3428611,0,31,0,0,1,1,0,2,1,1,0,1,0,0000000,99,99,99,99,99,99,0,0,0,1,0
6,61096,3,3,0,0,0,4,4,37,4190,26,6,2012,3,11,34,0,14,9,HADLEY ST,CITRUS AVE,0,33.98274167,-118.0460806,0,12,1,0,3,3,0,1,1,1,0,1,0,0000000,99,99,99,99,99,99,14,0,0,1,0
6,61097,2,2,0,0,0,4,4,71,0,30,6,2012,7,16,20,1,2,3,SR-58,VALLEY WELLS RD,253,34.9217,-117.2066167,0,12,6,0,2,2,0,1,1,1,0,1,0,0000000,99,99,99,99,99,99,14,0,0,1,0
6,61098,2,2,0,0,0,6,6,39,0,1,7,2012,1,5,25,0,5,4,CR-AVE 18 1/2,CR-ROAD 16,0,37.01825,-120.2568667,0,12,6,0,2,2,0,1,4,1,0,1,0,0000000,99,99,99,99,99,99,0,0,0,2,0
6,61099,2,2,0,0,0,5,5,95,0,1,7,2012,1,14,20,0,4,4,CR-PITT SCHOOL RD,PORTER RD,0,38.42773889,-121.8411056,0,12,6,0,2,2,0,1,1,1,0,1,0,0000000,99,99,99,99,99,99,0,0,0,3,0
6,61100,1,1,0,0,0,2,2,29,240,1,7,2012,1,18,30,1,12,3,SR-99 RAMP,,212,35.31904444,-119.0369694,0,1,0,1,5,1,0,8,1,1,0,1,0,0000000,99,99,99,99,99,99,0,0,0,1,0
6,61101,1,1,0,0,0,1,1,77,3050,10,6,2012,1,19,56,0,15,6,RIVER RD,N RIPON RD,0,37.76120278,-121.1243833,0,33,0,0,2,6,0,4,1,1,0,1,0,0000000,99,99,99,99,88,88,0,0,0,1,1
6,61102,2,2,0,0,0,5,5,25,0,22,6,2012,6,18,34,0,5,4,CR-AUSTIN RD,KEYSTONE RD,0,32.9126,-115.5949,0,12,6,0,2,2,0,1,1,1,0,1,0,0000000,99,99,99,99,99,99,0,0,0,1,0
6,61103,1,1,0,0,0,1,1,71,0,7,7,2012,7,14,10,1,1,1,I-15,,213,34.32575,-117.4825306,0,24,0,0,1,1,0,5,1,1,0,1,0,0000000,99,99,99,99,88,88,0,0,0,1,1
6,61104,2,2,0,0,0,2,2,97,0,1,7,2012,1,23,58,0,3,4,CR-LAKEVILLE RD,,0,38.17211111,-122.5212222,0,12,6,0,1,1,0,1,3,1,0,1,0,0000000,99,99,99,99,88,88,0,0,0,1,1
6,61105,1,1,0,0,0,1,1,107,0,7,7,2012,7,14,55,0,4,4,CR-OLD STAGE RD,,0,35.79275,-118.7289,0,35,0,0,1,1,0,5,1,1,0,1,0,0000000,99,99,99,99,88,88,0,0,0,1,0
6,61106,2,2,0,0,0,2,2,37,0,2,7,2012,2,6,0,1,2,3,SR-138,110TH STREET WEST,281,34.77603889,-118.3255944,0,12,6,0,2,2,0,1,1,1,0,1,0,0000000,99,99,99,99,99,99,0,0,0,1,0
6,61107,2,2,0,0,0,5,5,85,3340,21,6,2012,5,20,23,0,16,6,BECKHAM DR,,0,37.22573611,-121.8039778,0,12,2,0,1,1,0,1,1,1,0,1,0,0000000,99,99,99,99,99,99,0,0,0,1,1
6,61108,1,1,0,0,0,1,1,73,0,7,7,2012,7,17,0,0,4,4,CR-MONTEZUMA VALLEY RD,,0,33.21018889,-116.5343694,0,30,0,0,1,1,0,5,1,1,0,1,0,0000000,99,99,99,99,88,88,0,0,0,1,0
6,61109,1,1,0,0,0,1,1,83,0,2,7,2012,2,11,30,0,4,4,CR-TEPUSQUET RD,,0,34.99216389,-120.1965889,0,1,0,0,1,1,0,5,1,1,0,1,0,0000000,99,99,99,99,88,88,0,0,0,1,0
6,61110,2,1,1,1,1,1,1,85,2182,11,6,2012,2,0,1,1,11,1,I-880,,79,37.41856111,-121.9141194,0,14,0,0,1,1,0,2,3,1,0,1,0,0000000,99,99,99,99,88,88,15,23,0,1,1
6,61111,2,1,1,1,1,2,2,37,1980,10,7,2012,3,21,30,0,13,6,SEPULVEDA BLVD,,0,34.04508889,-118.4421472,0,8,0,0,1,1,0,1,3,1,0,1,0,0000000,99,99,99,99,99,99,14,0,0,1,1
6,61112,1,1,0,0,0,12,12,99,2200,22,6,2012,6,12,32,0,13,6,CLAUS RD,,0,37.67968333,-120.9214389,0,1,0,0,1,1,0,4,1,1,0,1,0,0000000,99,99,99,99,99,99,0,0,0,1,0
6,61113,2,2,0,0,0,2,2,85,2182,16,6,2012,7,3,23,1,11,1,I-680,,69,37.42523889,-121.8834889,0,12,1,0,1,1,0,1,3,1,0,1,0,0000000,99,99,99,99,99,99,0,0,0,1,1
6,61114,2,2,0,0,0,3,3,77,0,17,6,2012,1,6,10,0,3,4,CR-JACK TONE RD,,0,37.77693056,-121.1428694,0,12,2,0,1,1,0,1,1,1,0,1,0,0000000,99,99,99,99,88,88,0,0,0,2,1
6,61115,1,1,0,0,0,3,3,37,1840,15,7,2012,1,14,5,0,15,6,BUSINESS CENTER PKWY,AVENUE K-10,0,34.66555556,-118.1275222,0,46,0,0,3,2,0,4,1,1,0,1,0,0000000,99,99,99,99,99,99,0,0,0,1,0
6,61116,1,1,0,0,0,6,6,29,0,17,6,2012,1,14,50,1,2,3,SR-99,,528,35.72548889,-119.2377611,0,1,0,0,1,1,0,2,1,1,0,1,0,0000000,99,99,99,99,99,99,0,0,0,4,0
6,61117,2,2,0,0,0,2,2,67,3150,22,6,2012,6,20,52,0,13,6,TRUXEL RD,,0,38.63401389,-121.5007389,0,33,0,1,18,1,0,3,3,1,0,1,0,0000000,99,99,99,99,88,88,0,0,0,1,1
6,61118,1,1,0,0,0,1,1,59,1410,4,7,2012,4,23,50,0,14,6,LAMPSON AVE,MANLEY ST,0,33.78171389,-118.0393333,0,33,0,0,1,1,0,3,3,1,0,1,0,0000000,99,99,99,99,88,88,0,0,0,1,0
6,61119,2,2,0,1,1,2,2,37,1980,11,7,2012,4,9,45,0,14,6,6TH ST,HAUSER BLVD,0,34.064875,-118.3514722,0,12,2,0,2,2,0,1,1,1,0,1,0,0000000,99,99,99,99,99,99,0,0,0,1,0
6,61120,1,1,0,0,0,1,1,111,0,5,7,2012,5,20,15,0,3,4,CR-POTRERO RD,,0,34.14203056,-118.8876694,0,38,0,0,1,1,0,4,5,1,0,1,0,0000000,99,99,99,99,88,88,0,0,0,1,1
6,61121,1,1,0,0,0,1,1,37,3445,22,6,2012,6,22,9,0,13,6,SIERRA HWY,,0,34.43265556,-118.4405472,0,33,0,0,1,1,0,3,3,1,0,1,0,0000000,99,99,99,99,88,88,19,0,0,1,1
6,61122,1,1,0,0,0,2,2,111,0,7,7,2012,7,19,14,0,2,3,SR-1,,115,34.1442,-119.1085111,0,30,0,0,1,1,0,3,1,1,0,1,0,0000000,99,99,99,99,99,99,0,0,0,1,0
6,61123,2,2,0,0,0,2,2,37,804,23,6,2012,7,6,5,0,13,6,WASHINGTON BLVD,,0,33.99943333,-118.1297444,0,12,2,0,1,1,0,1,4,1,0,1,0,0000000,99,99,99,99,88,88,14,0,0,1,1
6,61124,1,1,0,0,0,3,3,29,0,6,7,2012,6,4,34,0,3,4,CR-SILVER QUEEN RD,,0,34.99516667,-118.1780972,0,30,0,0,1,1,0,4,2,1,0,1,0,0000000,99,99,99,99,99,99,0,0,0,1,1
6,61125,2,2,0,1,1,2,2,59,1380,11,7,2012,4,10,21,0,13,6,BASTANCHURY RD,MORELIA AVE,0,33.893475,-117.9332944,0,9,0,0,2,3,0,1,1,1,0,1,0,0000000,99,99,99,99,99,99,16,0,0,1,0
6,61126,1,1,0,0,0,1,1,89,0,8,7,2012,1,12,50,0,6,4,CR-WITHROW RD,,0,40.51961944,-121.9053194,0,1,0,0,1,1,0,4,1,1,0,1,0,0000000,99,99,99,99,88,88,0,0,0,1,1
6,61127,3,2,1,0,0,2,2,67,0,7,7,2012,7,19,43,0,2,4,CR-SUNRISE BLVD,JACKSON RD,0,38.50583056,-121.2424722,0,12,6,0,2,2,0,1,1,1,0,1,0,0000000,19,47,19,52,99,99,0,0,0,1,0
6,61128,1,1,0,0,0,2,2,29,0,17,6,2012,1,3,0,1,2,3,SR-58,,730,35.27110556,-118.7026528,0,59,0,0,1,1,0,4,2,1,0,1,0,0000000,99,99,99,99,88,88,0,0,0,1,1
6,61129,1,1,0,0,0,1,1,109,0,18,7,2012,4,19,5,0,2,3,SR-49,SIMS RD,101,37.89119167,-120.4454222,0,18,0,0,2,3,1,1,1,1,0,1,0,0000000,99,99,99,99,88,88,0,0,0,1,0
6,61130,2,2,0,0,0,3,3,37,0,6,7,2012,6,15,40,0,4,4,CR-PEACE VALLEY RD,FALCON WY,0,34.80891111,-118.8846194,0,12,6,0,2,3,0,1,1,1,0,1,0,0000000,99,99,99,99,88,88,0,0,0,1,0
6,61131,1,1,0,0,0,1,1,111,0,17,6,2012,1,7,20,0,4,4,CR-LAS POSAS RD,,0,34.16465,-119.07545,0,34,0,0,1,1,0,4,1,1,0,1,0,0000000,99,99,99,99,99,99,0,0,0,1,0
6,61132,5,5,0,0,0,6,6,29,0,11,7,2012,4,15,0,1,12,3,SR-99,,308,35.44452222,-119.0903028,0,12,1,0,1,1,1,1,1,1,0,1,0,0000000,99,99,99,99,99,99,0,0,0,1,0
6,61133,1,1,0,0,0,1,1,73,3260,19,7,2012,5,4,37,0,15,6,ROSELLE ST,SORRENTO VALLEY BLVD,0,32.90081111,-117.2238944,0,39,0,0,3,3,0,5,3,1,0,1,0,0000000,99,99,99,99,88,88,0,0,0,1,1
6,61134,4,4,0,0,0,7,7,65,0,7,4,2012,7,12,39,1,2,3,SR-79,,86,33.4676,-116.9586389,0,12,1,0,1,1,0,1,1,1,0,1,0,0000000,99,99,99,99,88,88,14,0,0,1,0
6,61135,2,2,0,1,1,3,3,71,4000,7,7,2012,7,21,16,0,14,6,ARROW HWY,,0,34.09974722,-117.646825,0,8,0,0,1,1,0,1,2,1,0,1,0,0000000,99,99,99,99,88,88,0,0,0,1,0
6,61136,2,2,0,0,0,3,3,51,0,15,5,2012,3,11,0,0,3,3,SR-108,,0,38.3183,-119.7301139,0,1,0,0,1,1,0,1,1,1,0,1,0,0000000,99,99,99,99,88,88,0,0,0,1,0
6,61137,2,2,0,0,0,2,2,67,1300,11,7,2012,4,17,58,0,14,6,BLUE RAVINE RD,NATOMA STATION DR,0,38.65475556,-121.1780167,0,12,6,0,2,2,0,1,1,1,0,1,0,0000000,99,99,99,99,99,99,0,0,0,1,0
6,61138,2,2,0,0,0,2,2,71,0,7,5,2012,2,10,46,1,1,1,I-15,,1427,35.31798611,-115.9916222,0,12,1,0,1,1,0,1,1,1,0,1,0,0000000,99,99,99,99,99,99,0,0,0,1,0
6,61139,1,1,0,0,0,2,2,37,0,14,7,2012,7,13,50,0,2,4,CR-SOLEDAD CANYON RD,,0,34.43533056,-118.3781611,0,24,0,0,1,1,0,4,1,1,0,1,0,0000000,99,99,99,99,99,99,0,0,0,1,0
6,61140,1,1,0,0,0,4,4,93,4266,1,7,2012,1,11,32,1,1,1,I-5,,321,41.56260833,-122.4922194,0,1,0,0,1,1,0,3,1,1,0,1,0,0000000,99,99,99,99,99,99,0,0,0,1,0
6,61141,1,1,0,0,0,1,1,71,0,9,7,2012,2,22,15,0,3,4,CR-CEDAR AVE,5TH STREET,0,34.03813056,-117.3963806,0,33,0,0,3,2,0,4,2,1,0,1,0,0000000,99,99,99,99,99,99,0,0,0,1,1
6,61142,1,1,0,0,0,1,1,23,0,2,7,2012,2,7,55,1,2,2,US-101,,505,40.46573889,-124.0934806,0,1,0,0,1,1,0,2,1,10,0,10,0,0000000,99,99,99,99,99,99,0,0,0,1,0
6,61143,2,1,1,0,0,1,1,77,3770,17,6,2012,1,21,45,1,11,1,I-5,,309,37.99635,-121.3478889,0,38,0,0,1,1,1,3,3,1,0,1,0,0000000,99,99,99,99,88,88,0,0,0,1,1
6,61144,1,1,0,0,0,1,1,85,3440,27,6,2012,4,23,18,1,12,2,US-101 RAMP,,408,37.37628889,-121.9427111,0,43,0,1,5,1,0,8,2,1,0,1,0,0000000,99,99,99,99,99,99,0,0,0,1,1
6,61145,2,2,0,0,0,2,2,65,2278,12,7,2012,5,5,45,0,14,6,PIGEON PASS RD,CHAMBRAY DR,0,33.94445833,-117.2614917,0,12,6,0,2,3,0,1,4,1,0,1,0,0000000,99,99,99,99,88,88,0,0,0,1,0
6,61146,2,2,0,1,1,2,2,71,4040,16,4,2012,2,19,45,0,14,6,BEAR VALLEY RD,FIFTH AVENUE,0,34.47075833,-117.3079139,0,1,0,0,3,2,0,1,5,1,0,1,0,0000000,99,99,99,99,99,99,14,0,0,1,0
6,61147,2,2,0,0,0,2,2,19,3590,29,6,2012,6,10,40,1,12,3,SR-99 RAMP,,64,36.5756,-119.6285111,0,1,0,1,5,1,0,8,1,1,0,1,0,0000000,99,99,99,99,88,88,14,0,0,1,0
6,61148,1,1,0,0,0,2,2,79,0,15,7,2012,1,4,0,0,6,4,CR-SAN SIMEON CREEK RD,,0,35.6099,-121.0842694,0,42,0,0,1,1,0,4,2,10,0,10,0,0000000,99,99,99,99,99,99,0,0,0,1,1
6,61149,1,1,0,0,0,2,2,37,3445,10,7,2012,3,6,0,0,13,6,SOLEDAD CANYON RD,,0,34.41594444,-118.4784861,0,42,0,0,1,1,0,4,1,1,0,1,0,0000000,99,99,99,99,99,99,0,0,0,1,1
6,61150,2,2,0,0,0,3,3,71,1305,25,4,2012,4,1,57,0,13,3,SR-66,,0,34.10652778,-117.4651861,0,12,2,0,1,1,0,1,3,10,0,10,0,0000000,99,99,99,99,99,99,0,0,0,1,2
6,61151,2,2,0,1,1,4,4,23,0,8,7,2012,1,1,20,0,2,4,CR-MYRTLE AVE,17TH ST,0,40.79331944,-124.1351611,0,12,6,0,2,3,0,1,3,10,0,10,0,0000000,99,99,99,99,99,99,0,0,0,1,1
6,61152,2,2,0,0,0,3,3,53,0,29,6,2012,6,13,40,1,2,3,SR-1,SR-183,922,36.77077778,-121.7653944,0,1,0,0,2,3,0,1,1,1,0,1,0,0000000,99,99,99,99,99,99,0,0,0,1,0
6,61153,1,1,0,0,0,1,1,47,0,19,6,2012,3,6,5,1,1,1,I-5,,117,36.98735,-120.9042,0,1,0,0,1,1,0,3,1,1,0,1,0,0000000,99,99,99,99,88,88,0,0,0,1,1
6,61154,1,1,0,1,1,1,1,65,612,7,7,2012,7,1,40,0,13,6,DATE PALM DR,,0,33.7887,-116.4581639,0,8,0,0,1,1,0,1,2,1,0,1,0,0000000,99,99,99,99,88,88,0,0,0,1,1
6,61155,1,1,0,0,0,1,1,31,1540,15,7,2012,1,9,53,0,14,6,N 11TH AVE,W IVY ST,0,36.3392,-119.6550806,0,33,0,0,3,3,0,4,1,1,0,1,0,0000000,99,99,99,99,99,99,0,0,0,1,0
6,61156,1,1,0,0,0,1,1,29,0,19,7,2012,5,14,20,0,2,3,SR-166,,59,35.05801389,-119.2977583,0,34,0,0,1,1,0,5,1,1,0,1,0,0000000,99,99,99,99,88,88,0,0,0,1,1
6,61157,2,2,0,0,0,9,9,111,3860,7,6,2012,5,19,35,0,14,6,MOORPARK RD,THOUSAND OAKS H.S. DRIVEWAY,0,34.21288333,-118.8683028,0,12,7,0,3,3,0,1,5,1,0,1,0,0000000,99,99,99,99,99,99,0,0,0,1,1
6,61158,1,1,0,1,1,2,2,107,0,10,7,2012,3,9,30,0,13,3,SR-63,MILLER AVENUE,237,36.54582222,-119.2869333,0,15,0,0,3,2,0,1,1,1,0,1,0,0000000,99,99,99,99,99,99,0,0,0,1,0
6,61159,2,2,0,0,0,3,3,15,0,8,7,2012,1,9,18,1,2,2,US-199,,274,41.89499444,-123.7812528,0,12,8,0,1,1,0,1,1,1,0,1,0,0000000,99,99,99,99,88,88,0,0,0,1,0
6,61160,1,1,0,0,0,1,1,91,0,15,7,2012,1,13,30,0,2,3,SR-49,,444,39.60394444,-120.348925,0,42,0,0,1,1,0,4,1,1,0,1,0,0000000,99,99,99,99,88,88,0,0,0,1,1
6,61161,1,1,0,0,0,2,2,37,1840,25,7,2012,4,0,45,0,13,6,AVENUE R,,0,34.57312778,-118.0557167,0,1,0,0,1,1,0,1,2,1,0,1,0,0000000,99,99,99,99,99,99,0,0,0,1,1
6,61162,4,4,0,0,0,6,6,59,1786,13,7,2012,6,12,21,0,13,6,CROWN VALLEY PKWY,GREENFIELD DR,0,33.55395556,-117.6848361,0,12,7,0,3,1,0,1,1,10,0,10,0,0000000,99,99,99,99,99,99,0,0,0,1,0
6,61163,2,2,0,0,0,3,3,71,0,20,7,2012,6,13,15,0,3,4,CR-VALLEY BLVD,,0,34.07028611,-117.512025,0,12,1,0,1,1,0,1,1,1,0,1,0,0000000,99,99,99,99,99,99,0,0,0,1,0
6,61164,1,1,0,1,1,1,1,37,3470,16,7,2012,2,0,16,0,13,6,WILSHIRE BL,21ST ST,0,34.03210278,-118.4823028,0,8,0,0,3,2,0,1,3,1,0,1,0,0000000,99,99,99,99,99,99,0,0,0,1,0
6,61165,2,2,0,0,0,2,2,37,1808,20,6,2012,4,18,40,0,14,6,SOUTH ST,SUNFIELD AVE,0,33.86028333,-118.1347833,0,12,2,0,2,2,0,1,1,1,0,1,0,0000000,99,99,99,99,99,99,0,0,0,1,0
6,61166,2,2,0,0,0,6,6,77,0,19,6,2012,3,13,15,0,4,4,CR-RIVER RD,,0,37.761,-120.996,0,12,6,0,8,1,0,1,1,1,0,1,0,0000000,99,99,99,99,99,99,0,0,0,1,0
6,61167,2,2,0,0,0,2,2,37,1840,16,7,2012,2,8,35,0,14,6,AVENUE K-8,15TH ST WEST,0,34.66764167,-118.1567583,0,12,6,0,2,2,0,1,1,1,0,1,0,0000000,99,99,99,99,99,99,0,0,0,1,0
6,61168,1,1,0,1,1,1,1,85,2311,21,6,2012,5,9,29,0,14,6,CALIFORNIA ST,ESCUELA AVE,0,37.39662778,-122.0940028,0,8,0,0,3,2,0,4,1,1,0,1,0,0000000,99,99,99,99,99,99,0,0,0,1,0
6,61169,1,1,0,0,0,1,1,115,0,21,5,2012,2,17,45,0,2,4,CR-MARYSVILLE RD,,0,39.39066111,-121.1357,0,35,0,0,1,1,0,5,1,1,0,1,0,0000000,99,99,99,99,99,99,0,0,0,1,1
6,61170,4,2,2,1,1,6,6,37,1980,28,6,2012,5,19,31,0,13,6,ALAMEDA ST,LOS ANGELES ST,0,33.88252222,-118.2177472,0,12,6,0,2,2,0,1,5,1,0,1,0,0000000,99,99,99,99,99,99,0,0,0,1,0
6,61171,1,1,0,0,0,1,1,37,1980,24,7,2012,3,9,40,0,14,6,SPRING ST,,0,34.06995556,-118.2261194,0,59,0,0,1,1,0,4,1,1,0,1,0,0000000,99,99,99,99,99,99,0,0,0,1,0
6,61172,3,3,0,0,0,4,4,37,2749,14,7,2012,7,1,42,0,13,6,WHITTIER BLVD,ROSEMEAD BLVD,0,34.00135278,-118.0839139,0,12,6,0,2,2,0,1,3,1,0,1,0,0000000,99,99,99,99,99,99,0,0,0,1,1
6,61173,2,2,0,0,0,2,2,83,0,19,7,2012,5,22,53,0,2,3,SR-166,,44,34.95588889,-120.4961611,0,12,1,0,8,1,0,1,2,1,0,1,0,0000000,99,99,99,99,99,99,0,0,0,1,1
6,61174,2,2,0,0,0,5,5,47,0,16,7,2012,2,12,58,1,2,3,SR-140,N ORCHARD DR,398,37.29568889,-120.39715,0,12,2,0,2,3,0,1,1,1,0,1,0,0000000,99,99,99,99,99,99,0,0,0,1,0
6,61175,1,1,0,0,0,1,1,103,0,19,7,2012,5,99,99,0,6,4,CR-CONE GROVE RD,,0,40.1704,-122.1605,0,42,0,0,1,1,0,4,2,1,0,1,0,0000000,99,99,99,99,88,88,0,0,0,1,1
6,61176,3,3,0,0,0,6,6,65,290,20,7,2012,6,17,53,1,11,1,I-10,,79,33.92731944,-116.9716389,0,12,1,0,1,1,0,1,1,1,0,1,0,0000000,99,99,99,99,88,88,0,0,0,1,0
6,61177,1,1,0,0,0,1,1,61,0,19,6,2012,3,14,20,0,5,4,CR-NEWCASTLE RD,,0,38.85173056,-121.1267194,0,38,0,0,1,1,0,4,1,1,0,1,0,0000000,99,99,99,99,99,99,0,0,0,1,0
6,61178,2,2,0,0,0,2,2,47,0,17,7,2012,3,7,20,0,14,4,CR-BUHACH RD,OAKDALE RD,0,37.43983056,-120.5762611,0,1,0,0,2,2,0,1,1,1,0,1,0,0000000,99,99,99,99,88,88,14,0,0,1,0
6,61179,1,1,0,0,0,1,1,79,0,21,7,2012,7,2,0,1,2,2,US-101,,494,35.52713889,-120.7049,0,1,0,0,1,1,0,3,2,1,0,1,0,0000000,99,99,99,99,88,88,0,0,0,1,1
6,61180,2,1,1,0,0,5,5,37,1980,14,7,2012,7,3,40,0,15,6,COMPTON AVE,,0,34.0184,-118.2447028,0,1,0,0,1,1,0,1,3,1,0,1,0,0000000,99,99,99,99,99,99,0,0,0,1,1
6,61181,1,1,0,1,1,1,1,71,2960,21,7,2012,7,21,39,0,14,6,REDLANDS BLVD,,0,34.06298056,-117.2241139,0,8,0,0,1,1,0,1,3,1,0,1,0,0000000,99,99,99,99,99,99,0,0,0,1,1
6,61182,2,2,0,0,0,3,3,37,1980,8,7,2012,1,23,45,0,14,6,E 6TH ST,,0,34.038525,-118.2296889,0,12,6,0,1,1,0,1,3,1,0,1,0,0000000,99,99,99,99,99,99,0,0,0,1,1
6,61183,1,1,0,0,0,2,2,73,0,21,7,2012,7,22,5,0,6,4,CR-VIA DE FORTUNA,,0,33.03775,-117.2119806,0,31,0,0,1,1,0,2,2,1,0,1,0,0000000,99,99,99,99,99,99,0,0,0,1,1
6,61184,1,1,0,1,1,3,3,71,0,22,7,2012,1,0,55,0,4,4,CR-LYTLE CREEK RD,,0,34.25725,-117.49205,0,8,0,0,1,1,0,1,2,1,0,1,0,0000000,99,99,99,99,88,88,0,0,0,1,1
6,61185,1,1,0,1,1,1,1,37,3720,22,7,2012,1,7,46,0,14,6,PASADENA AVE,ARROYO DR,0,34.11231389,-118.1714806,0,8,0,0,3,3,0,1,1,1,0,1,0,0000000,99,99,99,99,88,88,0,0,0,1,0
6,61186,1,1,0,0,0,2,2,37,0,23,7,2012,2,11,35,1,1,1,I-5,,824,34.77043611,-118.8029444,0,24,0,0,1,1,1,3,1,1,0,1,0,0000000,99,99,99,99,99,99,0,0,0,1,0
6,61187,1,1,0,1,1,1,1,37,1980,17,7,2012,3,9,20,0,13,6,WOODMAN AVE,,0,34.21241944,-118.4308778,0,8,0,0,1,1,0,1,1,1,0,1,0,0000000,99,99,99,99,99,99,0,0,0,1,0
6,61188,2,2,0,0,0,2,2,37,1970,23,7,2012,2,15,25,0,14,6,STEARNS ST,LOS COYOTES DIAGONAL,0,33.79623611,-118.1339417,0,12,1,0,2,2,0,1,1,1,0,1,0,0000000,99,99,99,99,99,99,0,0,0,1,0
6,61189,2,2,0,0,0,3,3,83,0,23,7,2012,2,16,10,0,4,4,CR-FOXEN CANYON RD,DOMINION RD,0,34.91028889,-120.3469889,0,12,6,0,2,3,0,1,1,1,0,1,0,0000000,99,99,99,99,88,88,0,0,0,1,0
6,61190,1,1,0,1,1,1,1,73,0,23,7,2012,2,20,25,0,6,4,CR-PERSIMMON AVE,,0,32.81151944,-116.9397389,0,15,0,0,1,1,0,1,2,1,0,1,0,0000000,99,99,99,99,99,99,0,0,0,1,0
6,61192,2,2,0,1,1,2,2,67,0,23,7,2012,2,21,34,0,2,4,CR-FRANKLIN BLVD,41ST AVE,0,38.51578889,-121.4690806,0,9,0,0,2,3,0,1,3,1,0,1,0,0000000,99,99,99,99,99,99,0,0,0,1,0
6,61193,2,2,0,1,1,2,2,37,2970,28,7,2012,7,9,15,0,13,6,ARTESIA BLVD,MACKAY LN,0,33.87284444,-118.3685806,0,12,2,0,2,2,0,1,1,1,0,1,0,0000000,99,99,99,99,99,99,0,0,0,1,0
6,61194,2,2,0,0,0,3,3,31,1880,31,7,2012,3,10,27,0,14,6,N LEMOORE AVE,,0,36.310525,-119.7807833,0,1,0,0,8,1,0,1,1,1,0,1,0,0000000,99,99,99,99,99,99,0,0,0,1,1
6,61195,5,5,0,0,0,9,9,81,3220,28,7,2012,7,12,16,0,14,6,SNEATH LN,,0,37.63653889,-122.42185,0,12,1,0,1,1,0,1,1,10,0,10,0,0000000,99,99,99,99,99,99,0,0,0,2,0