STATE,ST_CASE,VE_TOTAL,VE_FORMS,PVH_INVL,PEDS,PERNOTMVIT,PERMVIT,PERSONS,COUNTY,CITY,DAY,MONTH,YEAR,DAY_WEEK,HOUR,MINUTE,NHS,ROAD_FNC,ROUTE,TWAY_ID,TWAY_ID2,MILEPT,LATITUDE,LONGITUD,SP_JUR,HARM_EV,MAN_COLL,RELJCT1,RELJCT2,TYP_INT,WRK_ZONE,REL_ROAD,LGT_COND,WEATHER1,WEATHER2,WEATHER,SCH_BUS,RAIL,NOT_HOUR,NOT_MIN,ARR_HOUR,ARR_MIN,HOSP_HR,HOSP_MN,CF1,CF2,CF3,FATALS,DRUNK_DR
6,61196,1,1,0,0,0,2,2,63,0,31,7,2012,3,13,50,0,2,3,SR-70,,12,39.79236944,-120.1147833,0,39,0,0,1,1,1,4,1,1,0,1,0,0000000,99,99,99,99,99,99,0,0,0,1,0
6,61197,1,1,0,0,0,2,2,39,0,24,7,2012,3,4,38,0,4,4,CR-ROAD 274,LAKE VIEW DR,0,37.31435,-119.5404389,0,33,0,0,2,3,0,4,2,1,0,1,0,0000000,99,99,99,99,88,88,0,0,0,2,1
6,61198,1,1,0,0,0,2,2,29,0,24,7,2012,3,12,30,1,2,3,SR-58,,721,35.27786111,-118.7163111,0,1,0,0,1,1,0,5,1,1,0,1,0,0000000,99,99,99,99,99,99,0,0,0,1,0
6,61199,1,1,0,0,0,1,1,71,2960,28,7,2012,7,8,45,1,11,1,I-10,,298,34.06531944,-117.2006194,0,21,0,0,1,1,0,5,1,1,0,1,0,0000000,99,99,99,99,88,88,0,0,0,1,0
6,61200,3,3,0,0,0,3,3,29,0,25,7,2012,4,0,10,1,2,3,SR-99,,326,35.46158889,-119.1139306,0,12,1,0,1,1,1,1,2,1,0,1,0,0000000,99,99,99,99,99,99,0,0,0,1,1
6,61201,2,2,0,0,0,5,5,37,1980,25,7,2012,4,4,30,1,11,1,I-10,,217,34.04782222,-118.2665639,0,33,0,1,5,1,0,4,3,10,0,10,0,0000000,99,99,99,99,99,99,0,0,0,1,0
6,61202,2,2,0,0,0,1,1,79,0,14,7,2012,7,5,28,0,2,3,SR-1,,82,35.07033889,-120.5924611,0,12,6,0,1,1,0,1,2,10,0,10,0,0000000,99,99,99,99,88,88,23,0,0,1,1
6,61203,2,2,0,0,0,3,3,97,0,26,7,2012,5,9,10,0,2,3,SR-1,,223,38.45451944,-123.1328361,0,12,2,0,1,1,0,1,1,1,0,1,0,0000000,99,99,99,99,88,88,0,0,0,1,0
6,61204,2,1,1,0,0,2,2,7,2600,26,7,2012,5,9,33,0,14,6,GRAND AVE,,0,39.51857778,-121.5639833,0,14,0,0,1,1,0,2,1,1,0,1,0,0000000,99,99,99,99,99,99,0,0,0,1,0
6,61205,1,1,0,1,1,2,2,37,1980,27,7,2012,6,7,20,0,13,6,MISSION RD,,0,34.06465833,-118.208675,0,8,0,0,1,1,0,1,1,1,0,1,0,0000000,99,99,99,99,99,99,0,0,0,1,0
6,61206,2,2,0,0,0,2,2,85,3340,30,7,2012,2,18,5,0,14,6,ALAMADEN EXPWY,SHADOW DANCE DR,0,37.31061944,-121.8784917,0,12,6,0,2,2,0,1,1,1,0,1,0,0000000,99,99,99,99,88,88,0,0,0,1,0
6,61207,2,2,0,0,0,2,2,37,518,28,7,2012,7,7,35,1,12,2,US-101,,281,34.15578056,-118.6461611,0,12,1,0,1,1,0,1,1,1,0,1,0,0000000,99,99,99,99,99,99,0,0,0,1,0
6,61208,2,2,0,0,0,3,3,59,1713,1,8,2012,4,23,5,1,11,1,I-5,,210,33.64046111,-117.7320194,0,1,0,0,1,1,0,1,3,1,0,1,0,0000000,99,99,99,99,88,88,14,0,0,1,0
6,61209,2,2,0,0,0,2,2,29,0,31,7,2012,3,4,55,0,4,4,CR-DAVID RD,,0,35.09364444,-118.9767472,0,12,2,1,18,1,0,1,4,1,0,1,0,0000000,99,99,99,99,99,99,0,0,0,1,0
6,61210,2,2,0,0,0,5,5,71,1603,28,1,2012,7,2,50,0,14,6,AMARGOSA RD,,0,34.42918056,-117.379525,0,12,2,0,1,1,0,1,2,1,0,1,0,0000000,99,99,99,99,99,99,20,0,0,2,1
6,61211,2,2,0,0,0,2,2,29,0,20,7,2012,6,18,0,0,9,4,CR-CERRO NORDESTE RD,,0,34.8638,-119.2296889,0,1,0,0,1,1,0,1,1,1,0,1,0,0000000,99,99,99,99,99,99,0,0,0,1,0
6,61212,1,1,0,0,0,1,1,91,0,17,7,2012,3,16,15,0,2,3,SR-49,,401,39.617,-120.5071,0,42,0,0,1,1,0,2,1,1,0,1,0,0000000,99,99,99,99,88,88,0,0,0,1,0
6,61213,2,2,0,0,0,3,3,29,3840,3,8,2012,6,12,49,0,13,3,SR-58 RAMP,E TEHACHAPI BL,945,35.12742222,-118.4125972,0,12,6,1,3,3,0,1,1,1,0,1,0,0000000,99,99,99,99,88,88,0,0,0,1,0
6,61214,2,2,0,0,0,3,3,37,1980,20,6,2012,4,11,45,0,14,6,GLENOAKS BLVD,,0,34.25036389,-118.388075,0,12,6,0,1,1,0,1,1,1,0,1,0,0000000,99,99,99,99,99,99,0,0,0,1,0
6,61215,1,1,0,0,0,1,1,65,1801,1,7,2012,1,13,50,0,15,6,CR-GREENWALD AVE,,0,33.69823056,-117.2841194,0,1,0,0,1,1,0,4,1,1,0,1,0,0000000,99,99,99,99,99,99,0,0,0,1,1
6,61216,2,2,0,0,0,2,2,89,2950,17,7,2012,3,17,31,0,14,6,SHASTA VIEW DR,ATRIUM WAY,0,40.58380278,-122.3244472,0,12,6,0,2,2,0,1,1,1,0,1,0,0000000,99,99,99,99,88,88,0,0,0,1,0
6,61217,1,1,0,0,0,1,1,1,1560,22,5,2012,3,0,30,1,12,3,SR-92,,8,37.60816667,-122.1840139,0,23,0,0,1,1,0,4,3,1,0,1,0,0000000,99,99,99,99,88,88,0,0,0,1,0
6,61218,1,1,0,0,0,1,1,45,0,18,7,2012,4,16,6,0,2,3,SR-20,,61,39.40405556,-123.7206167,0,35,0,0,1,1,0,5,1,1,0,1,0,0000000,99,99,99,99,88,88,0,0,0,1,1
6,61219,1,1,0,0,0,1,1,65,0,22,7,2012,1,1,5,1,2,3,SR-74,,334,33.73873056,-117.0926528,0,33,0,0,1,1,0,5,2,1,0,1,0,0000000,99,99,99,99,88,88,0,0,0,1,0
6,61220,1,1,0,0,0,4,4,71,0,22,6,2012,6,6,6,0,2,3,SR-330,,437,34.20535556,-117.1122583,0,35,0,0,1,1,0,4,1,1,0,1,0,0000000,99,99,99,99,99,99,0,0,0,1,1
6,61221,1,1,0,0,0,1,1,77,0,24,6,2012,1,6,16,0,2,3,SR-4,,380,37.9449,-120.9297861,0,38,0,0,1,1,0,4,1,1,0,1,0,0000000,99,99,99,99,88,88,0,0,0,1,1
6,61222,1,1,0,0,0,1,1,105,0,28,7,2012,7,19,45,0,2,4,CR-FOREST ROUTE 30,,0,40.14761944,-123.0772,0,1,0,0,1,1,0,4,5,1,0,1,0,0000000,99,99,99,99,88,88,4,0,0,1,1
6,61223,1,1,0,0,0,1,1,111,0,28,7,2012,7,9,46,0,6,4,CR-LOCKWOOD VALLEY RD,,0,34.79796944,-119.0293111,0,33,0,0,1,1,0,5,1,1,0,1,0,0000000,99,99,99,99,99,99,0,0,0,1,0
6,61224,3,2,1,0,0,2,2,1,0,19,7,2012,5,18,22,0,4,4,CR-PARSONS AVE,WILSON AVE,0,37.70798889,-122.08245,0,12,8,0,2,3,0,1,1,1,0,1,0,0000000,99,99,99,99,88,88,0,0,0,1,0
6,61225,2,2,0,0,0,2,2,65,3851,26,5,2012,7,13,30,1,11,1,I-15,,56,33.50848889,-117.1551167,0,1,0,0,1,1,0,1,1,1,0,1,0,0000000,99,99,99,99,99,99,0,0,0,1,0
6,61226,1,1,0,1,1,1,1,65,2278,29,6,2012,6,4,10,0,14,6,ALESSANDRO BL,GAYE ST,0,33.917275,-117.2278861,0,8,0,0,3,3,0,1,3,1,0,1,0,0000000,99,99,99,99,88,88,0,0,0,1,0
6,61227,1,1,0,0,0,1,1,71,1603,23,5,2012,4,6,44,0,14,6,MARIPOSA RD,,0,34.448175,-117.3630583,0,1,0,0,1,1,0,4,1,1,0,1,0,0000000,99,99,99,99,88,88,0,0,0,1,0
6,61228,1,1,0,1,1,2,2,47,0,3,8,2012,6,20,25,0,3,4,CR-GOLDEN STATE BLVD,,0,37.4608,-120.8093472,0,9,0,0,1,1,0,1,5,1,0,1,0,0000000,99,99,99,99,88,88,0,0,0,1,0
6,61229,2,2,0,0,0,3,3,73,3260,8,7,2012,1,18,29,1,12,3,SR-94,,31,32.71718056,-117.1186889,0,18,0,1,18,1,0,1,1,1,0,1,0,0000000,99,99,99,99,99,99,0,0,0,1,0
6,61230,2,2,0,0,0,3,3,67,0,29,6,2012,6,14,55,0,13,4,CR-EL CAMINO AVE,,0,38.61045278,-121.380725,0,12,6,0,8,1,0,1,1,1,0,1,0,0000000,99,99,99,99,99,99,0,0,0,1,0
6,61231,1,1,0,0,0,4,4,37,30,31,7,2012,3,1,3,1,11,1,I-10 RAMP,,215,34.06208056,-118.1635,0,25,0,1,5,1,0,4,3,1,0,1,0,0000000,99,99,99,99,99,99,0,0,0,2,1
6,61232,2,2,0,0,0,2,2,81,4259,3,8,2012,6,13,27,0,13,3,SR-84,NORTHGATE DR,222,37.44275278,-122.2356389,0,1,0,0,2,2,0,1,1,1,0,1,0,0000000,99,99,99,99,99,99,0,0,0,1,0
6,61233,1,1,0,0,0,1,1,19,0,30,6,2012,7,23,15,0,4,4,CR-JEFFERSON AVE,,0,36.65428333,-120.3295333,0,1,0,0,1,1,0,4,2,1,0,1,0,0000000,99,99,99,99,88,88,0,0,0,1,1
6,61234,2,2,0,0,0,5,5,37,1980,14,3,2012,4,20,25,1,11,1,I-105,,71,33.92866944,-118.2867194,0,20,0,0,1,1,0,3,3,1,0,1,0,0000000,99,99,99,99,88,88,14,0,0,1,0
6,61235,1,1,0,0,0,5,5,107,0,3,8,2012,6,21,50,0,6,4,CR-ROAD 120,,0,35.93695,-119.3038111,0,42,0,0,1,1,0,5,2,1,0,1,0,0000000,99,99,99,99,99,99,0,0,0,1,0
6,61236,2,2,0,0,0,5,5,103,0,10,7,2012,3,11,0,1,2,3,SR-99,,205,40.141,-122.1318,0,12,1,0,8,1,0,1,1,1,0,1,0,0000000,99,99,99,99,88,88,0,0,0,1,0
6,61237,1,1,0,2,2,5,5,37,1980,5,8,2012,1,20,35,0,14,6,WHITE OAK AVE,,0,34.19318333,-118.5185639,0,8,0,0,1,1,0,1,2,1,0,1,0,0000000,99,99,99,99,99,99,0,0,0,1,0
6,61238,1,1,0,1,1,1,1,37,3470,1,7,2012,1,22,27,0,13,3,SR-1,ASHLAND AVE,336,34.00468333,-118.4732833,0,8,0,0,3,3,0,1,3,1,0,1,0,0000000,99,99,99,99,99,99,0,0,0,1,0
6,61239,2,2,0,0,0,6,6,19,0,6,8,2012,2,5,10,0,2,3,SR-269,,167,36.31003889,-120.1017694,0,12,2,0,1,1,0,1,2,1,0,1,0,0000000,99,99,99,99,99,99,0,0,0,1,0
6,61240,1,1,0,0,0,1,1,1,2480,9,6,2012,7,4,8,0,12,3,SR-13,,46,37.789075,-122.18145,0,42,0,0,1,1,0,4,2,1,0,1,0,0000000,99,99,99,99,88,88,0,0,0,1,0
6,61241,1,1,0,1,1,1,1,87,3450,6,8,2012,2,6,7,0,13,6,MAIN ST,,0,36.91641111,-121.7712556,0,8,0,0,1,1,0,1,4,10,0,10,0,0000000,99,99,99,99,99,99,0,0,0,1,0
6,61242,2,1,1,0,1,1,2,73,3260,21,6,2012,5,23,20,1,11,1,I-8,,11,32.75938056,-117.1848194,0,14,0,0,1,1,0,2,3,1,0,1,0,0000000,99,99,99,99,88,88,0,0,0,1,1
6,61243,1,1,0,1,1,4,4,65,2730,7,8,2012,3,20,51,1,11,1,I-215,,239,33.78696111,-117.2210306,0,8,0,0,1,1,0,1,3,1,0,1,0,0000000,99,99,99,99,88,88,0,0,0,1,0
6,61244,1,1,0,0,0,3,3,71,0,8,8,2012,4,10,55,1,1,1,I-15,,843,34.90993611,-116.8321806,0,33,0,0,1,1,0,2,1,1,0,1,0,0000000,99,99,99,99,99,99,0,0,0,1,0
6,61245,1,1,0,0,0,1,1,37,1980,10,7,2012,3,18,15,0,13,6,SUNSET BLVD,,0,34.04649167,-118.5098389,0,33,0,0,1,1,0,4,1,1,0,1,0,0000000,99,99,99,99,99,99,0,0,0,1,0
6,61246,2,2,0,0,0,6,6,85,3340,17,6,2012,1,21,30,1,11,1,I-680,,22,37.36376944,-121.8432306,0,33,0,0,1,1,0,4,3,10,0,10,0,0000000,99,99,99,99,99,99,0,0,0,1,0
6,61247,1,1,0,2,2,1,1,65,0,4,8,2012,7,7,4,0,3,4,CR-COUNTRY CLUB DR,,0,33.74751944,-116.2696,0,9,0,0,1,1,0,1,1,1,0,1,0,0000000,99,99,99,99,88,88,0,0,0,1,0
6,61248,1,1,0,1,1,1,1,37,3870,5,7,2012,5,22,31,0,13,6,TORRANCE,,0,33.837625,-118.3519139,0,8,0,0,4,1,0,1,3,10,0,10,0,0000000,99,99,99,99,99,99,0,0,0,1,0
6,61249,1,1,0,1,1,1,1,97,0,21,6,2012,5,16,40,0,3,4,CR-8TH ST,,0,38.27868889,-122.4374306,0,9,0,0,1,1,0,1,1,1,0,1,0,0000000,99,99,99,99,99,99,0,0,0,1,0
6,61250,1,1,0,1,1,1,1,37,1980,28,7,2012,7,20,30,0,14,6,PARTHENIA ST,ORION AVE,0,34.22830556,-118.4720194,0,8,0,0,3,2,0,1,3,1,0,1,0,0000000,99,99,99,99,99,99,0,0,0,1,0
6,61251,2,2,0,0,0,2,2,13,0,21,6,2012,5,16,52,0,3,4,CR-CHESTNUT ST,,0,37.93274444,-121.6522889,0,12,6,0,8,1,0,1,1,1,0,1,0,0000000,99,99,99,99,88,88,0,0,0,1,0
6,61252,1,1,0,1,1,1,1,37,1980,14,7,2012,7,22,20,0,13,6,OLYMPIC BLVD,,0,34.05368056,-118.3202611,0,8,0,0,1,1,0,1,3,1,0,1,0,0000000,99,99,99,99,99,99,0,0,0,1,1
6,61253,2,2,0,0,0,2,2,79,0,4,8,2012,7,16,48,0,2,3,SR-46,,165,35.55121111,-120.7779694,0,12,2,0,1,1,0,1,1,1,0,1,0,0000000,99,99,99,99,99,99,0,0,0,2,1
6,61254,1,1,0,0,0,3,3,73,0,28,7,2012,7,22,45,0,3,4,CR-VALLEY CENTER RD,,0,33.22831667,-116.9955639,0,30,0,0,1,1,0,4,3,1,0,1,0,0000000,99,99,99,99,99,99,0,0,0,1,1
6,61255,1,1,0,0,0,1,1,73,3260,7,7,2012,7,8,25,1,11,1,I-8 RAMP,,41,32.7661,-117.1621528,0,18,0,1,5,1,0,1,2,1,0,1,0,0000000,99,99,99,99,88,88,0,0,0,1,1
6,61256,5,5,0,0,0,6,6,47,0,22,7,2012,1,12,16,1,2,3,SR-152,,74,37.08647778,-121.1112333,0,12,7,0,1,1,0,1,1,1,0,1,0,0000000,99,99,99,99,99,99,0,0,0,1,0
6,61257,2,2,0,1,1,4,4,71,2550,4,8,2012,7,20,13,1,12,3,SR-60,,65,34.03047778,-117.6051361,0,12,1,0,1,1,0,1,3,1,0,1,0,0000000,99,99,99,99,99,99,23,0,0,2,0
6,61258,1,1,0,1,1,1,1,37,3470,10,7,2012,3,23,10,0,13,3,SR-1,,367,34.02765556,-118.518525,0,9,0,0,1,1,0,1,3,1,0,1,0,0000000,99,99,99,99,88,88,0,0,0,1,0
6,61259,1,1,0,2,2,3,3,89,0,28,7,2012,7,19,30,1,2,3,SR-89,,26,40.71563611,-121.4229583,0,9,0,0,1,1,0,1,1,1,0,1,0,0000000,99,99,99,99,99,99,0,0,0,1,0
6,61260,1,1,0,1,1,1,1,29,0,4,8,2012,7,23,41,0,4,4,CR-EDISON HWY,,0,35.37075,-118.9661306,0,8,0,0,1,1,0,1,2,1,0,1,0,0000000,99,99,99,99,99,99,0,0,0,1,0
6,61261,1,1,0,0,0,1,1,37,804,11,7,2012,4,3,0,0,13,6,SLAUSON AVE,,0,33.97889444,-118.1337889,0,30,0,0,1,1,0,4,3,1,0,1,0,0000000,99,99,99,99,99,99,0,0,0,1,1
6,61262,2,1,1,0,0,1,1,37,1980,1,8,2012,4,3,50,0,14,6,SAN FERNANDO RD,,0,34.29341111,-118.4518444,0,33,0,0,1,1,0,3,3,1,0,1,0,0000000,99,99,99,99,99,99,14,0,0,1,0
6,61263,1,1,0,0,0,1,1,37,2645,5,8,2012,1,0,45,0,16,6,RANCHO VISTA BLVD,AVE VISTA VERDE,0,34.62175,-118.2184806,0,42,0,0,3,2,0,5,3,1,0,1,0,0000000,99,99,99,99,88,88,0,0,0,1,0
6,61264,2,1,1,0,0,4,4,115,0,21,4,2012,7,3,30,0,4,6,CR-FEATHER RIVER BL,,0,39.11568889,-121.5833194,0,30,0,0,1,1,0,5,3,1,0,1,0,0000000,99,99,99,99,99,99,0,0,0,1,1
6,61265,1,1,0,0,0,2,2,71,3000,1,8,2012,4,7,23,0,13,6,RIVERSIDE AVE,,0,34.13835278,-117.3710972,0,33,0,0,1,1,0,4,1,1,0,1,0,0000000,99,99,99,99,99,99,0,0,0,1,0
6,61266,1,1,0,1,1,1,1,37,0,15,5,2012,3,6,18,0,3,4,CR-LENNOX BLVD,CONDON AVE,0,33.93821111,-118.3591944,0,8,0,0,3,2,0,1,1,1,0,1,0,0000000,99,99,99,99,99,99,0,0,0,1,0
6,61267,1,1,0,1,1,1,1,65,0,1,8,2012,4,16,40,0,3,4,CR-GRAND AVE,,0,33.63896944,-117.34475,0,9,0,0,1,1,0,1,1,10,0,10,0,0000000,99,99,99,99,88,88,0,0,0,1,0
6,61268,1,1,0,1,1,1,1,73,1200,29,7,2012,1,1,37,0,14,6,LINCOLN AVE,BEECH ST,0,33.13818611,-117.0747139,0,8,0,0,3,3,0,1,2,10,0,10,0,0000000,99,99,99,99,99,99,0,0,0,1,0
6,61269,1,1,0,1,1,1,1,37,1980,9,7,2012,2,10,0,0,13,6,OLYMPIC BLVD,,0,34.03864444,-118.4404889,0,8,0,0,1,1,0,1,1,1,0,1,0,0000000,99,99,99,99,99,99,0,0,0,1,0
6,61270,2,1,1,0,0,1,1,37,1980,1,8,2012,4,22,40,0,14,6,BRANFORD ST,SAN FERNANDO RD,0,34.24866389,-118.4026111,0,58,0,0,1,1,0,1,3,1,0,1,0,0000000,99,99,99,99,88,88,14,0,0,1,0
6,61271,1,1,0,0,0,1,1,107,0,29,7,2012,1,8,6,1,12,3,SR-99,,69,35.88786111,-119.2730889,0,42,0,0,1,1,0,4,1,1,0,1,0,0000000,99,99,99,99,88,88,0,0,0,1,1
6,61272,1,1,0,0,0,1,1,59,0,16,7,2012,2,5,0,0,2,4,CR-OSO PKWY,BRIDLE PATH,0,33.58213056,-117.5932111,0,46,0,0,3,3,0,4,3,10,0,10,0,0000000,99,99,99,99,99,99,0,0,0,1,1
6,61273,3,3,0,0,0,3,3,73,3260,1,8,2012,4,23,43,1,11,1,I-805,,147,32.73271944,-117.1123889,0,12,1,0,1,1,0,1,2,10,0,10,0,0000000,99,99,99,99,88,88,14,23,0,1,0
6,61274,1,1,0,0,0,1,1,69,1620,29,7,2012,1,16,55,0,16,6,SAN FELIPE RD,,0,36.87024722,-121.4011444,0,42,0,0,1,1,0,4,1,1,0,1,0,0000000,99,99,99,99,88,88,0,0,0,1,0
6,61275,1,1,0,1,1,1,1,99,2200,7,8,2012,3,21,36,0,14,6,CROWSLANDING RD,,0,37.60167778,-120.99355,0,8,0,0,1,1,0,1,3,1,0,1,0,0000000,99,99,99,99,99,99,0,0,0,1,0
6,61276,1,1,0,1,1,1,1,37,1980,8,8,2012,4,12,20,0,13,6,SOTO ST,,0,34.02380556,-118.2198944,0,8,0,0,4,1,0,4,1,1,0,1,0,0000000,99,99,99,99,88,88,0,0,0,1,0
6,61277,1,1,0,0,0,1,1,1,1920,8,8,2012,4,0,34,0,14,6,MURRIETA BLVD,,0,37.69497778,-121.7846472,0,39,0,0,1,1,0,5,3,1,0,1,0,0000000,99,99,99,99,88,88,0,0,0,1,1
6,61278,1,1,0,0,0,7,7,83,0,8,8,2012,4,15,55,0,4,4,CR-FOXEN CANYON RD,,0,34.78368889,-120.1655194,0,38,0,0,1,1,0,5,1,1,0,1,0,0000000,99,99,99,99,99,99,0,0,0,1,0
6,61279,1,1,0,0,0,3,3,45,3990,8,8,2012,4,99,99,1,2,2,US-101,,987,39.01478611,-123.1294611,0,42,0,0,1,1,0,5,2,1,0,1,0,0000000,99,99,99,99,88,88,0,0,0,3,1
6,61280,1,1,0,0,0,1,1,19,1370,5,8,2012,1,3,58,0,14,6,ASHLAN AVE,,0,36.79381389,-119.8202694,0,33,0,0,1,1,0,4,3,1,0,1,0,0000000,99,99,99,99,88,88,0,0,0,1,1
6,61281,2,2,0,1,1,2,2,95,1260,29,1,2012,1,5,21,1,11,1,I-80,,193,38.27363056,-122.0495611,0,8,0,1,18,1,0,1,3,1,0,1,0,0000000,99,99,99,99,99,99,19,23,0,2,0
6,61282,1,1,0,1,1,1,1,85,3790,20,7,2012,6,23,30,0,13,6,LAWRENCE EXWY,SANDIA AVE,0,37.39616389,-121.9957917,0,8,0,0,3,2,0,1,3,1,0,1,0,0000000,99,99,99,99,88,88,0,0,0,1,0
6,61283,2,2,0,0,0,2,2,107,0,5,8,2012,1,7,55,0,2,3,SR-63,,185,36.47558889,-119.29285,0,12,2,0,1,1,0,1,1,1,0,1,0,0000000,99,99,99,99,99,99,0,0,0,1,0
6,61284,1,1,0,0,0,8,8,65,0,9,8,2012,5,7,20,1,1,1,I-10,,407,33.838,-116.4393,0,1,0,0,1,1,0,1,1,1,0,1,0,0000000,99,99,99,99,99,99,0,0,0,1,0
6,61285,1,1,0,0,0,1,1,67,0,5,8,2012,1,8,50,0,5,4,CR-RIVER RD,,0,38.30101944,-121.5691611,0,3,0,0,1,1,0,5,1,1,0,1,0,0000000,99,99,99,99,99,99,0,0,0,1,1
6,61286,2,2,0,0,0,3,3,71,0,9,8,2012,5,19,55,0,4,4,CR-NATIONAL TRAILS HIGHWAY,,0,34.82263056,-115.0731389,0,12,2,0,1,1,0,1,5,10,0,10,0,0000000,99,99,99,99,99,99,0,0,0,1,1
6,61287,1,1,0,1,1,1,1,37,1550,7,2,2012,3,23,36,0,14,6,120TH ST,,0,33.92369444,-118.3369056,0,8,0,0,1,1,0,1,3,10,0,10,0,0000000,99,99,99,99,88,88,0,0,0,1,0
6,61288,1,1,0,0,0,1,1,53,3180,21,7,2012,7,22,13,1,12,2,US-101,,869,36.67176944,-121.6405111,0,33,0,0,5,1,0,4,2,1,0,1,0,0000000,99,99,99,99,99,99,0,0,0,1,1
6,61289,2,2,0,0,0,2,2,29,0,9,8,2012,5,21,20,0,4,4,CR-OLD RIVER RD,,0,35.16536944,-119.1098611,0,12,8,0,1,1,0,1,2,1,0,1,0,0000000,99,99,99,99,88,88,0,0,0,1,1
6,61290,1,1,0,2,2,1,1,37,1980,20,4,2012,6,17,50,0,15,6,SANTA ANA BLVD,WATTS AVE,0,33.93341667,-118.2279139,0,8,0,0,3,3,0,1,1,1,0,1,0,0000000,99,99,99,99,99,99,0,0,0,1,0
6,61291,1,1,0,1,1,1,1,19,1370,8,8,2012,4,22,39,0,13,6,HERNDON AVE,MILBURN AVE,0,36.83715556,-119.8789083,0,8,0,0,3,2,0,1,3,1,0,1,0,0000000,99,99,99,99,99,99,0,0,0,1,0
6,61292,2,2,0,0,0,4,4,67,3150,6,8,2012,2,14,8,0,13,6,POWER INN RD,,0,38.51861389,-121.4091417,0,12,6,0,1,1,0,1,1,1,0,1,0,0000000,99,99,99,99,99,99,0,0,0,1,0
6,61293,1,1,0,1,1,1,1,73,1182,11,8,2012,7,23,30,0,14,6,LEUCADIA BLVD,,0,33.06768889,-117.2643028,0,8,0,0,1,1,0,1,3,1,0,1,0,0000000,99,99,99,99,99,99,0,0,0,1,0
6,61294,1,1,0,1,1,1,1,73,3260,7,8,2012,3,20,46,1,12,3,SR-94,,31,32.71721944,-117.1180389,0,8,0,1,18,1,0,1,3,1,0,1,0,0000000,99,99,99,99,88,88,0,0,0,1,1
6,61295,1,1,0,0,0,1,1,37,0,28,5,2012,2,17,30,0,13,4,CR-CENTURY BLVD,VAN NESS AVE,0,33.94543889,-118.31775,0,33,0,0,3,2,0,4,1,1,0,1,0,0000000,99,99,99,99,99,99,0,0,0,1,1
6,61296,1,1,0,0,0,4,4,73,0,5,8,2012,1,18,10,0,3,4,CR-OTAY LAKES RD,,0,32.64765,-116.9308611,0,1,0,0,1,1,0,5,1,1,0,1,0,0000000,99,99,99,99,99,99,0,0,0,2,1
6,61298,1,1,0,0,0,2,2,107,0,13,8,2012,2,11,25,0,6,4,CR-MOUNTAIN RD,,0,35.9626,-118.5711,0,1,0,0,1,1,0,4,1,1,0,1,0,0000000,99,99,99,99,99,99,0,0,0,1,1
6,61299,1,1,0,0,0,3,3,71,3,19,5,2012,7,21,41,0,14,6,KOALA RD,AUBURN AVE,0,34.59435,-117.4539389,0,35,0,0,3,3,0,4,3,1,0,1,0,0000000,99,99,99,99,99,99,0,0,0,1,1
6,61300,2,2,0,0,0,7,7,47,0,15,7,2012,1,17,39,1,2,3,SR-99,,277,37.3753,-120.6888694,0,12,2,0,1,1,0,1,1,1,0,1,0,0000000,99,99,99,99,99,99,0,0,0,4,1
6,61301,1,1,0,0,0,1,1,77,0,22,7,2012,1,16,37,0,4,4,CR-WOODBRIDGE RD,,0,38.16021111,-121.2713806,0,43,0,0,1,1,1,4,1,1,0,1,0,0000000,99,99,99,99,99,99,0,0,0,1,1
6,61302,1,1,0,1,1,1,1,85,2182,10,8,2012,6,5,20,0,13,3,SR-237,SERRA WAY,97,37.42770278,-121.9105389,0,8,0,0,2,3,0,1,3,1,0,1,0,0000000,99,99,99,99,99,99,0,0,0,1,0
6,61303,1,1,0,1,1,1,1,37,804,26,7,2012,5,23,10,0,15,6,RANDOLPH ST,,0,33.97910278,-118.1604361,0,8,0,0,1,1,0,1,3,1,0,1,0,0000000,99,99,99,99,88,88,0,0,0,1,0
6,61304,3,2,1,0,0,2,2,71,1305,16,7,2012,2,15,54,0,14,6,MERRILL AVE,LOCUST AVE,0,34.09220556,-117.4096222,0,12,1,0,2,2,0,1,1,1,0,1,0,0000000,99,99,99,99,99,99,14,0,0,1,0
6,61305,1,1,0,0,0,1,1,13,3010,25,7,2012,4,19,9,0,12,6,RICHMOND PKWY,,0,37.93589167,-122.37285,0,33,0,0,1,1,0,4,1,1,0,1,0,0000000,99,99,99,99,88,88,0,0,0,1,0
6,61306,1,1,0,0,0,1,1,65,3070,12,8,2012,1,1,41,0,16,6,34TH AVE,,0,33.808575,-116.4901111,0,30,0,0,1,1,0,4,2,1,0,1,0,0000000,99,99,99,99,99,99,0,0,0,1,1
6,61307,2,2,0,0,0,3,3,73,710,27,7,2012,6,17,14,1,11,1,I-805,,41,32.60131944,-117.0365889,0,12,7,0,1,1,0,1,1,1,0,1,0,0000000,99,99,99,99,99,99,0,0,0,1,0
6,61308,2,2,0,0,0,2,2,33,0,18,6,2012,2,18,30,0,2,3,SR-29,,95,38.7858,-122.5682306,0,12,2,0,1,1,0,1,1,1,0,1,0,0000000,99,99,99,99,99,99,0,0,0,1,0
6,61309,1,1,0,0,0,1,1,37,1980,11,8,2012,7,0,55,0,13,6,VERMONT AVE,53DR ST,0,33.99412778,-118.291525,0,1,0,0,2,2,0,1,3,10,0,10,0,0000000,99,99,99,99,99,99,0,0,0,1,0