STATE,ST_CASE,VE_TOTAL,VE_FORMS,PVH_INVL,PEDS,PERNOTMVIT,PERMVIT,PERSONS,COUNTY,CITY,DAY,MONTH,YEAR,DAY_WEEK,HOUR,MINUTE,NHS,ROAD_FNC,ROUTE,TWAY_ID,TWAY_ID2,MILEPT,LATITUDE,LONGITUD,SP_JUR,HARM_EV,MAN_COLL,RELJCT1,RELJCT2,TYP_INT,WRK_ZONE,REL_ROAD,LGT_COND,WEATHER1,WEATHER2,WEATHER,SCH_BUS,RAIL,NOT_HOUR,NOT_MIN,ARR_HOUR,ARR_MIN,HOSP_HR,HOSP_MN,CF1,CF2,CF3,FATALS,DRUNK_DR
6,61310,1,1,0,1,1,1,1,19,2690,11,8,2012,7,21,0,0,15,6,ACADEMY AVE,PARLIER AVE,0,36.61237778,-119.5567056,0,8,0,0,2,3,0,1,3,1,0,1,0,0000000,99,99,99,99,88,88,0,0,0,1,0
6,61311,3,3,0,1,1,4,4,37,1980,8,7,2012,1,18,32,1,12,3,SR-170,,176,34.19193056,-118.4023306,0,12,1,0,1,1,0,1,1,1,0,1,0,0000000,99,99,99,99,99,99,19,0,0,1,0
6,61312,1,1,0,0,0,1,1,61,0,12,8,2012,1,9,30,0,6,4,CR-MOSQUITO RIDGE RD,,0,39.01605,-120.7209528,0,1,0,0,1,1,0,4,1,1,0,1,0,0000000,99,99,99,99,88,88,0,0,0,1,0
6,61313,1,1,0,0,0,1,1,37,0,28,7,2012,7,0,30,0,2,4,CR-ALAMEDA ST,,0,33.96343889,-118.2323611,0,33,0,0,1,1,0,4,3,1,0,1,0,0000000,99,99,99,99,88,88,0,0,0,1,0
6,61314,3,3,0,0,0,5,5,95,1260,5,8,2012,1,20,50,1,11,1,I-80,,131,38.21841944,-122.1355111,0,12,1,0,1,1,0,1,3,1,0,1,0,0000000,99,99,99,99,88,88,0,0,0,1,1
6,61315,2,2,0,0,0,3,3,73,3260,11,8,2012,7,21,25,1,11,1,I-5,,136,32.69753333,-117.137575,0,12,1,0,1,1,0,1,3,1,0,1,0,0000000,99,99,99,99,99,99,0,0,0,1,1
6,61316,3,1,2,0,0,2,2,37,1980,14,7,2012,7,19,30,0,15,6,COMPTON AVE,,0,33.93158056,-118.2462944,0,14,0,0,1,1,0,4,1,1,0,1,0,0000000,99,99,99,99,99,99,0,0,0,1,1
6,61317,2,2,0,0,0,3,3,67,0,1,8,2012,4,12,35,0,2,3,SR-16,,210,38.48366667,-121.0762083,0,12,2,0,1,1,0,1,1,1,0,1,0,0000000,99,99,99,99,99,99,0,0,0,1,0
6,61318,1,1,0,0,0,1,1,71,1305,20,6,2012,4,3,35,1,12,3,SR-210,,130,34.13665,-117.4716694,0,24,0,0,1,1,0,4,3,1,0,1,0,0000000,99,99,99,99,88,88,0,0,0,1,0
6,61319,1,1,0,0,0,1,1,37,1980,12,8,2012,1,1,54,1,12,2,US-101,,171,34.16090833,-118.4691083,0,24,0,1,18,1,0,4,3,1,0,1,0,0000000,99,99,99,99,88,88,0,0,0,1,1
6,61320,1,1,0,0,0,1,1,95,330,12,8,2012,1,6,59,1,11,1,I-780,,40,38.0688,-122.1823,0,24,0,0,1,1,0,4,1,10,0,10,0,0000000,99,99,99,99,88,88,0,0,0,1,1
6,61321,1,1,0,0,0,1,1,81,0,12,8,2012,1,14,0,0,4,4,CR-PESCADERO CREEK RD,,0,37.30210278,-122.2758833,0,42,0,0,1,1,0,5,1,1,0,1,0,0000000,99,99,99,99,88,88,0,0,0,1,0
6,61322,2,2,0,0,0,2,2,83,0,15,7,2012,1,17,23,1,12,2,US-101 RAMP,,823,34.86466111,-120.3949111,0,12,6,1,5,1,0,1,1,1,10,10,0,0000000,99,99,99,99,99,99,0,0,0,1,1
6,61323,1,1,0,1,1,2,2,39,0,21,8,2012,3,1,55,1,2,3,SR-99,,186,37.04118889,-120.1573306,0,8,0,0,1,1,0,1,2,1,0,1,0,0000000,99,99,99,99,88,88,0,0,0,1,0
6,61324,2,2,0,0,0,2,2,85,2182,3,8,2012,6,6,59,0,14,6,JACKLIN RD,HAMILTON AVE,0,37.44635833,-121.9028778,0,12,6,0,2,3,0,1,1,1,0,1,0,0000000,99,99,99,99,99,99,0,0,0,1,1
6,61325,4,1,3,1,2,2,3,37,1980,7,8,2012,3,23,0,0,14,6,VETERAN AVE,,0,34.04981111,-118.4408778,0,8,0,0,1,1,0,1,2,1,0,1,0,0000000,99,99,99,99,99,99,0,0,0,1,0
6,61326,2,2,0,0,0,2,2,37,2870,29,7,2012,1,17,50,0,13,6,TOWNE AVE,LA VERNE AVE,0,34.08030278,-117.7405472,0,12,6,0,2,2,0,1,1,1,0,1,0,0000000,99,99,99,99,99,99,0,0,0,1,1
6,61327,1,1,0,0,0,1,1,37,1980,22,6,2012,6,19,40,0,13,6,SUNSET BLVD,,0,34.08085,-118.4261139,0,39,0,0,1,1,0,4,1,1,0,1,0,0000000,99,99,99,99,99,99,0,0,0,1,1
6,61328,1,1,0,0,0,1,1,9,0,12,8,2012,1,17,5,0,6,4,CR-BANE RD,,0,38.1469,-120.8432694,0,1,0,0,1,1,0,1,1,1,0,1,0,0000000,99,99,99,99,88,88,4,0,0,1,1
6,61329,1,1,0,0,0,1,1,93,0,13,8,2012,2,15,0,0,6,4,CR-CECILVILLE RD,,0,41.21,-123.0477806,0,1,0,0,1,1,0,4,1,1,0,1,0,0000000,99,99,99,99,88,88,0,0,0,1,1
6,61330,2,2,0,0,0,4,4,73,0,5,8,2012,1,17,50,0,4,4,CR-GOPHER CANYON RD,FAIRVIEW RD,0,33.24954722,-117.2219278,0,12,2,0,2,3,0,1,1,1,0,1,0,0000000,99,99,99,99,99,99,0,0,0,1,0
6,61331,1,1,0,1,1,1,1,37,2870,12,8,2012,1,19,57,0,13,6,HOLT AVE,HAMILTON BLVD,0,34.06205556,-117.7634111,0,8,0,0,3,2,0,1,3,1,0,1,0,0000000,99,99,99,99,99,99,0,0,0,1,0
6,61332,1,1,0,1,1,1,1,37,1980,29,7,2012,1,21,35,0,14,6,RESEDA BLVD,,0,34.221675,-118.5360528,0,8,0,0,1,1,0,1,3,1,0,1,0,0000000,99,99,99,99,99,99,0,0,0,1,0
6,61333,2,2,0,0,0,2,2,29,240,19,7,2012,5,16,51,0,15,6,REINA RD,TAHOE PINES RD,0,35.41242778,-119.1229194,0,12,6,0,2,2,0,1,1,1,0,1,0,0000000,99,99,99,99,99,99,0,0,0,1,1
6,61334,3,2,1,0,0,3,3,13,3412,12,8,2012,1,1,22,1,11,1,I-680,,41,37.77505,-121.9744806,0,12,1,0,1,1,2,1,2,1,0,1,0,0000000,99,99,99,99,99,99,0,0,0,2,1
6,61335,1,1,0,1,1,1,1,37,1980,5,8,2012,1,20,55,0,13,6,CENTRAL AVE,32ND ST,0,34.01478889,-118.2565417,0,9,0,0,3,3,0,1,3,1,0,1,0,0000000,99,99,99,99,99,99,0,0,0,1,0
6,61336,1,1,0,0,0,1,1,37,0,13,8,2012,2,16,25,1,1,1,I-5,,0,34.66276944,-118.7571611,0,7,0,0,1,1,1,1,1,1,0,1,0,0000000,99,99,99,99,99,99,0,0,0,1,0
6,61337,2,2,0,0,0,2,2,61,3080,12,8,2012,1,23,46,0,14,6,SUNSET BLVD,,0,38.79500278,-121.2636639,0,12,1,0,1,1,0,1,2,1,0,1,0,0000000,99,99,99,99,88,88,0,0,0,1,0
6,61338,2,2,0,0,0,2,2,7,660,23,7,2012,2,13,51,0,13,3,SR-32,LINDEN ST,98,39.73206944,-121.8250694,0,12,6,0,2,2,0,1,1,1,0,1,0,0000000,99,99,99,99,99,99,0,0,0,1,0
6,61339,2,2,0,0,0,2,2,65,3070,13,8,2012,2,11,36,0,14,6,ALESSANDRO RD,SAN GORGONIO DR,0,33.91728333,-117.2263556,0,12,2,0,2,3,0,1,1,1,0,1,0,0000000,99,99,99,99,99,99,0,0,0,1,0
6,61340,2,2,0,0,0,4,4,57,0,6,8,2012,2,19,10,0,2,3,SR-49,,34,39.05868889,-121.0900722,0,12,2,0,1,1,0,1,1,1,0,1,0,0000000,99,99,99,99,99,99,0,0,0,1,0
6,61341,2,2,0,0,0,4,4,113,980,29,6,2012,6,10,23,1,11,1,I-80,,5,38.54323056,-121.7313111,0,12,7,0,1,1,0,1,1,1,0,1,0,0000000,99,99,99,99,88,88,0,0,0,3,0
6,61343,1,1,0,2,2,1,1,73,0,13,8,2012,2,18,30,0,4,4,CR-CALLE VERDE,,0,32.74831111,-116.9612694,0,8,0,0,1,1,0,1,1,1,0,1,0,0000000,99,99,99,99,99,99,0,0,0,2,0
6,61344,1,1,0,0,0,2,2,23,0,14,8,2012,3,21,42,0,2,3,SR-36,,246,40.47273056,-123.7925389,0,42,0,0,1,1,0,5,2,1,0,1,0,0000000,99,99,99,99,99,99,0,0,0,1,1
6,61345,1,1,0,0,0,1,1,89,0,14,8,2012,3,14,10,1,2,3,SR-299,,276,40.59640833,-122.4881583,0,1,0,0,1,1,0,4,1,1,0,1,0,0000000,99,99,99,99,88,88,0,0,0,1,0
6,61346,1,1,0,1,1,1,1,37,1980,14,8,2012,3,20,25,0,13,6,NORDHOFF ST,,0,34.23540833,-118.4485917,0,8,0,0,1,1,0,1,3,1,0,1,0,0000000,99,99,99,99,99,99,0,0,0,1,0
6,61347,2,2,0,1,1,2,2,73,560,26,7,2012,5,22,18,0,14,6,RANCHO SANTA FE RD,,0,33.07024722,-117.2447972,0,12,1,0,1,1,0,1,3,1,0,1,0,0000000,99,99,99,99,99,99,0,0,0,1,0
6,61348,1,1,0,1,1,1,1,71,1603,7,8,2012,3,21,53,0,14,6,7TH AVE,,0,34.46500278,-117.3123028,0,15,0,0,1,1,0,2,3,1,0,1,0,0000000,99,99,99,99,88,88,0,0,0,1,1
6,61349,1,1,0,1,1,1,1,37,1980,23,8,2012,5,17,30,0,15,6,MARTIN LUTHER KINGS JR BLVD,BUDLONG AVE,0,34.01094722,-118.2960278,0,15,0,0,3,2,0,1,1,1,0,1,0,0000000,99,99,99,99,88,88,0,0,0,1,0
6,61350,1,1,0,1,1,1,1,17,3697,14,8,2012,3,21,17,1,1,2,US-50,,714,38.953125,-119.9474611,0,8,0,0,1,1,0,1,2,10,0,10,0,0000000,99,99,99,99,99,96,0,0,0,1,0
6,61351,1,1,0,1,1,1,1,25,0,14,8,2012,3,21,20,0,4,4,CR-BORREGO SALTON SEA WAY,,0,33.2772,-115.9680694,0,8,0,0,1,1,0,1,2,1,0,1,0,0000000,99,99,99,99,88,88,0,0,0,1,0
6,61352,1,1,0,1,1,1,1,59,470,14,8,2012,3,22,48,0,13,6,LINCOLN AVE,,0,33.83183056,-118.0259417,0,8,0,0,1,1,0,1,3,1,0,1,0,0000000,99,99,99,99,99,99,0,0,0,1,0
6,61353,1,1,0,0,0,1,1,79,0,15,8,2012,4,2,36,0,5,4,CR-S EL POMAR RD,,0,35.53001944,-120.6185,0,30,0,0,1,1,0,5,2,1,0,1,0,0000000,99,99,99,99,88,88,0,0,0,1,1
6,61354,2,2,0,0,0,5,5,29,240,15,8,2012,4,21,40,1,12,3,SR-99,,291,35.4267,-119.0671,0,12,1,0,1,1,1,1,2,1,0,1,0,0000000,99,99,99,99,99,99,0,0,0,1,0
6,61355,2,2,0,0,0,3,3,77,3770,26,7,2012,5,22,49,1,11,1,I-5,,302,37.9869,-121.3445,0,12,7,0,1,1,1,1,3,1,0,1,0,0000000,99,99,99,99,99,99,0,0,0,2,1
6,61356,1,1,0,1,1,1,1,37,0,15,8,2012,4,23,10,1,1,1,I-605 RAMP,,194,34.05341389,-118.0023778,0,8,0,1,5,1,0,1,2,1,0,1,0,0000000,99,99,99,99,99,99,0,0,0,1,0
6,61357,2,2,0,0,0,5,5,37,3870,1,3,2012,5,7,56,0,14,6,VAN NESS AVE,DEL AMO BLVD,0,33.84683056,-118.3177667,0,12,2,0,2,2,0,1,1,1,0,1,0,0000000,99,99,99,99,99,99,0,0,0,1,0
6,61358,1,1,0,0,0,2,2,73,0,16,8,2012,5,11,10,1,1,1,I-8,,301,32.83576944,-116.7521,0,42,0,0,1,1,0,5,1,10,0,10,0,0000000,99,99,99,99,88,88,0,0,0,2,0
6,61359,1,1,0,1,1,1,1,23,1220,23,8,2012,5,17,51,1,13,2,US-101,M STREET,789,40.76158333,-124.1902861,0,8,0,0,3,2,0,1,1,1,0,1,0,0000000,99,99,99,99,99,99,0,0,0,1,1
6,61360,1,1,0,1,1,1,1,29,240,16,3,2012,6,1,41,0,16,6,V ST,,0,35.35740833,-119.0049306,0,8,0,0,1,1,0,1,3,1,0,1,0,0000000,99,99,99,99,99,99,0,0,0,1,0
6,61361,1,1,0,1,1,2,2,59,470,16,8,2012,5,20,53,0,14,6,WESTERN AVE,,0,33.86214722,-118.0025167,0,8,0,0,1,1,0,1,3,1,0,1,0,0000000,99,99,99,99,99,99,0,0,0,1,0
6,61362,1,1,0,0,0,1,1,37,804,4,7,2012,4,21,21,0,13,6,GARFIELD AVE,,0,34.004875,-118.1312389,0,33,0,0,1,1,0,3,3,1,0,1,0,0000000,99,99,99,99,99,99,0,0,0,1,0
6,61363,1,1,0,0,0,2,2,107,4050,2,8,2012,5,3,24,1,12,3,SR-198,,108,36.32671944,-119.2603306,0,1,0,0,1,1,0,4,2,1,0,1,0,0000000,99,99,99,99,88,88,0,0,0,1,1
6,61364,2,2,0,0,0,6,6,25,1680,4,7,2012,4,21,40,0,12,3,SR-86,RALPH RD,123,32.86896944,-115.5701056,0,12,1,0,3,2,0,1,2,1,0,1,0,0000000,99,99,99,99,99,99,0,0,0,1,0
6,61365,1,1,0,0,0,1,1,71,4000,2,8,2012,5,6,33,1,11,1,I-10,,27,34.08745833,-117.6652528,0,1,0,0,1,1,0,1,1,1,0,1,0,0000000,99,99,99,99,99,99,0,0,0,1,0
6,61366,2,1,1,0,0,2,2,71,1603,17,3,2012,7,8,36,0,16,6,CHOICEANA AVE,,0,34.42400556,-117.2505722,0,14,0,0,1,1,0,5,1,1,0,1,0,0000000,99,99,99,99,99,99,0,0,0,1,1
6,61367,1,1,0,1,1,1,1,113,4258,20,8,2012,2,7,50,0,16,6,LEMEN AVE,,0,38.68005556,-121.764325,0,8,0,0,1,1,0,1,1,8,0,8,0,0000000,99,99,99,99,99,99,0,0,0,1,0
6,61368,2,2,0,0,0,2,2,1,2480,5,1,2012,5,17,8,0,14,6,98TH AVE,OLIVE ST,0,37.74741667,-122.1639889,0,12,6,0,2,2,0,1,5,1,0,1,0,0000000,99,99,99,99,88,88,0,0,0,1,0
6,61369,1,1,0,0,0,1,1,111,3641,24,6,2012,1,15,10,0,14,6,KUEHNER DR.,,0,34.276,-118.6620361,0,33,0,0,1,1,0,4,1,1,0,1,0,0000000,99,99,99,99,99,99,0,0,0,1,0
6,61370,2,2,0,0,0,2,2,67,3150,2,8,2012,5,17,54,0,14,6,14TH AVE,REDDING AVE,0,38.53961111,-121.4231639,0,12,6,0,2,3,0,1,1,1,0,1,0,0000000,99,99,99,99,99,99,0,0,0,1,0
6,61371,2,2,0,0,0,2,2,65,2650,24,3,2012,7,20,32,0,14,6,INDIAN CANYON DR,TACHEVAH DR,0,33.83755,-116.545575,0,12,6,0,2,2,0,1,3,1,0,1,0,0000000,99,99,99,99,88,88,0,0,0,1,1
6,61372,3,1,2,2,2,1,1,67,0,22,3,2012,5,17,45,0,6,4,CR-WINDING WY,,0,38.642125,-121.3587278,0,8,0,0,1,1,0,1,1,10,0,10,0,0000000,99,99,99,99,99,99,14,0,0,1,0
6,61373,1,1,0,0,0,1,1,37,0,24,6,2012,1,22,45,0,3,3,SR-39,,320,34.28718889,-117.8428889,0,38,0,0,1,1,0,4,2,1,0,1,0,0000000,99,99,99,99,88,88,0,0,0,1,0
6,61374,1,1,0,1,1,4,4,73,3260,2,8,2012,5,19,24,0,14,6,ROSECRANS ST,NIMITZ BL,0,32.72861944,-117.2258194,0,8,0,0,3,2,0,1,5,1,0,1,0,0000000,99,99,99,99,99,99,0,0,0,1,0
6,61375,1,1,0,1,1,2,2,71,4040,10,2,2012,6,18,31,0,13,6,D ST,6TH ST,0,34.53701944,-117.2937389,0,8,0,0,3,2,0,1,2,1,0,1,0,0000000,99,99,99,99,99,99,0,0,0,1,0
6,61376,2,2,0,1,1,2,2,13,820,16,8,2012,5,7,34,0,14,6,BANCROFT RD,,0,37.93542222,-122.0481222,0,9,0,0,1,1,0,1,1,1,0,1,0,0000000,99,99,99,99,99,99,0,0,0,1,0
6,61377,1,1,0,1,1,1,1,85,3340,9,3,2012,6,19,4,0,15,6,STORY RD,,0,37.34354444,-121.8376167,0,8,0,0,1,1,0,1,3,1,0,1,0,0000000,99,99,99,99,99,99,0,0,0,1,0
6,61378,1,1,0,0,0,1,1,73,3260,2,8,2012,5,20,55,0,13,6,CANON ST,,0,32.72414444,-117.2357667,0,41,0,0,1,1,0,4,3,1,0,1,0,0000000,99,99,99,99,88,88,0,0,0,1,1
6,61379,1,1,0,2,2,1,1,25,0,17,8,2012,6,10,47,1,1,1,I-8,,235,32.76866944,-115.8006306,0,8,0,0,1,1,2,2,1,10,0,10,0,0000000,99,99,99,99,99,99,3,0,0,1,1
6,61380,2,2,0,0,0,5,5,37,1845,3,8,2012,6,11,30,0,13,6,HACIENDA BLVD,,0,34.047525,-117.9472417,0,12,1,0,1,1,0,1,1,1,0,1,0,0000000,99,99,99,99,88,88,0,0,0,1,0
6,61381,2,2,0,0,0,2,2,29,0,21,8,2012,3,5,25,0,12,3,SR-184,MULLER RD,61,35.32496944,-118.9143,0,12,6,0,2,2,0,1,2,1,0,1,0,0000000,99,99,99,99,99,99,0,0,0,1,0
6,61382,1,1,0,0,0,4,4,95,3040,4,7,2012,4,19,48,0,16,6,LIBERTY ISLAND RD,,0,38.24255278,-121.6895611,0,5,0,0,1,1,0,1,1,1,0,1,0,0000000,99,99,99,99,99,99,0,0,0,1,0
6,61383,1,1,0,1,1,1,1,65,3851,27,3,2012,3,21,38,0,15,6,YNEZ RD,RANCHO CALIFORNIA RD,0,33.50278056,-117.1484361,0,15,0,0,3,2,0,1,3,1,0,1,0,0000000,99,99,21,41,88,88,0,0,0,1,0
6,61384,2,2,0,0,0,2,2,81,3220,21,8,2012,3,16,30,1,11,1,I-280,,208,37.62369167,-122.4280917,0,12,6,0,1,1,0,1,1,1,0,1,0,0000000,99,99,99,99,99,99,0,0,0,1,0
6,61385,3,3,0,0,0,5,5,107,0,17,8,2012,6,12,10,0,4,4,CR-ROAD 120,AVENUE 432,0,36.57371944,-119.3051556,0,12,6,0,2,2,0,1,1,1,0,1,0,0000000,99,99,99,99,99,99,0,0,0,2,0
6,61386,1,1,0,1,1,1,1,1,2480,23,4,2012,2,16,10,0,14,6,E 12TH ST,,0,37.78713056,-122.2442917,0,9,0,0,1,1,0,1,1,10,0,10,0,0000000,99,99,99,99,99,99,0,0,0,1,0
6,61387,1,1,0,1,1,1,1,101,4280,17,4,2012,3,5,58,0,15,6,MARKET ST,,0,39.14634722,-121.6145028,0,9,0,0,1,1,0,1,3,1,0,1,0,0000000,99,99,99,99,99,99,0,0,0,1,0
6,61388,2,2,0,0,0,2,2,71,1305,9,8,2012,5,19,46,0,16,6,VOLANTE ST,,0,34.04807778,-117.42875,0,1,0,0,1,1,0,1,3,1,0,1,0,0000000,99,99,99,99,99,99,0,0,0,1,1
6,61389,2,2,0,0,0,2,2,37,0,17,8,2012,6,12,24,0,2,3,SR-2,,807,34.37401111,-117.6788889,0,12,2,0,1,1,0,1,1,10,0,10,0,0000000,99,99,99,99,88,88,0,0,0,1,1
6,61390,1,1,0,0,0,1,1,59,0,13,7,2012,6,15,52,1,12,3,SR-133,,58,33.61505,-117.76035,0,38,0,0,1,1,0,4,1,1,0,1,0,0000000,99,99,99,99,88,88,0,0,0,1,0
6,61391,1,1,0,2,2,1,1,37,3470,21,8,2012,3,20,13,0,14,6,COLORADO AVE,MAIN ST,0,34.01301944,-118.4929361,0,8,0,0,3,3,0,1,3,1,0,1,0,0000000,99,99,99,99,99,99,0,0,0,1,1
6,61392,2,2,0,0,0,3,3,71,2350,18,8,2012,7,0,5,1,11,1,I-40,,1419,34.84591111,-114.6143806,0,12,1,0,1,1,0,3,3,1,0,1,0,0000000,99,99,99,99,99,99,19,0,0,1,0
6,61393,1,1,0,0,0,1,1,73,3260,21,8,2012,3,22,15,1,11,1,I-8,,85,32.77926944,-117.0638889,0,59,0,1,5,1,0,8,2,1,0,1,0,0000000,99,99,99,99,99,99,0,0,0,1,0
6,61394,1,1,0,2,2,1,1,37,306,23,6,2012,7,23,49,0,16,6,PERRY RD,,0,33.96727222,-118.1475139,0,8,0,0,1,1,0,1,2,1,0,1,0,0000000,99,99,99,99,99,99,0,0,0,1,0
6,61395,1,1,0,0,0,2,2,1,2840,18,8,2012,7,0,18,1,11,1,I-650,,176,37.66656944,-121.9089194,0,33,0,0,1,1,0,4,2,10,0,10,0,0000000,99,99,99,99,99,99,0,0,0,1,1
6,61396,1,1,0,0,0,1,1,17,0,3,8,2012,6,23,5,0,3,4,CR-S SHINGLE RD,,0,38.64308056,-120.9437889,0,42,0,0,1,1,0,4,2,1,0,1,0,0000000,99,99,99,99,88,88,0,0,0,1,1
6,61397,1,1,0,1,1,2,2,71,1603,24,4,2012,3,21,19,0,14,6,ESCONDIDO AVE,,0,34.41712778,-117.372925,0,9,0,0,1,1,0,1,3,1,0,1,0,0000000,99,99,99,99,88,88,0,0,0,1,0
6,61398,1,1,0,3,3,1,1,19,1370,25,7,2012,4,21,11,0,16,6,SHEPHERD AVE,,0,36.86643611,-119.7686833,0,9,0,0,1,1,0,1,3,1,0,1,0,0000000,99,99,99,99,99,99,0,0,0,1,1
6,61399,1,1,0,0,0,2,2,59,1410,18,8,2012,7,2,3,0,13,6,CHAPMAN AVE,MORRIE LN,0,33.78861389,-117.9525889,0,33,0,0,2,2,0,4,3,1,0,1,0,0000000,99,99,99,99,99,99,0,0,0,1,1
6,61400,1,1,0,0,0,1,1,81,0,22,8,2012,4,7,40,1,1,1,I-280,,145,37.54800556,-122.3729917,0,33,0,0,1,1,0,3,1,10,0,10,0,0000000,99,99,99,99,88,88,0,0,0,1,0
6,61401,1,1,0,0,0,2,2,73,0,4,7,2012,4,15,25,0,3,4,CR-JAMACHA BLVD,,0,32.71293889,-116.9807056,0,5,0,0,1,1,0,1,1,1,0,1,0,0000000,99,99,99,99,99,99,0,0,0,1,1
6,61402,1,1,0,0,0,1,1,77,0,22,8,2012,4,10,25,0,2,4,CR-KETTLEMAN LN,,0,38.11621389,-121.1859944,0,53,0,0,1,1,0,4,1,1,0,1,0,0000000,99,99,99,99,99,99,0,0,0,1,0
6,61403,1,1,0,1,1,1,1,37,1970,29,4,2012,1,0,58,1,11,1,I-405 RAMP,,73,33.82603889,-118.2036194,0,8,0,1,5,1,0,1,2,1,0,1,0,0000000,99,99,99,99,99,99,0,0,0,1,0
6,61404,2,2,0,0,0,2,2,13,2790,22,8,2012,4,15,56,0,13,6,W LELAND RD,PAMELIA WY,0,38.01260278,-121.8928917,0,12,1,0,3,3,0,1,1,1,0,1,0,0000000,99,99,99,99,88,88,0,0,0,1,0
6,61405,1,1,0,1,1,1,1,81,490,20,8,2012,2,12,16,0,16,6,CORTEZ AVE,,0,37.5822,-122.3663528,0,9,0,0,1,1,0,1,1,1,0,1,0,0000000,99,99,99,99,88,88,16,0,0,1,0
6,61406,1,1,0,0,0,1,1,67,0,14,7,2012,7,1,5,1,12,3,SR-99,,181,38.47848056,-121.4276306,0,39,0,0,1,1,0,4,3,1,0,1,0,0000000,99,99,99,99,88,88,0,0,0,1,0
6,61407,1,1,0,0,0,7,7,65,3851,7,8,2012,3,22,50,1,11,1,I-15,,64,33.51951111,-117.1607806,0,1,0,1,17,1,0,1,3,1,0,1,0,0000000,99,99,99,99,99,99,0,0,0,1,0
6,61408,1,1,0,0,0,2,2,71,0,25,8,2012,7,22,41,0,2,3,SR-62,,1040,34.10737778,-114.9386667,0,1,0,0,1,1,0,5,2,1,0,1,0,0000000,99,99,99,99,88,88,0,0,0,2,1
6,61409,1,1,0,0,0,1,1,33,0,22,8,2012,4,17,8,0,4,4,CR-BUTTS CANYON RD,OAT HILL RD,0,38.72301944,-122.5424667,0,1,0,0,3,3,0,2,1,1,0,1,0,0000000,99,99,99,99,99,99,0,0,0,1,1
6,61410,2,2,0,0,0,7,7,47,2150,22,7,2012,1,16,45,1,12,3,SR-140,,392,37.29524722,-120.4056583,0,12,2,0,1,1,0,1,1,1,0,1,0,0000000,99,99,99,99,99,99,0,0,0,1,1
6,61411,2,2,0,0,0,4,4,29,0,25,8,2012,7,23,52,1,2,3,SR-99,,3,35.02381944,-118.9569111,0,12,1,0,1,1,0,1,2,1,0,1,0,0000000,99,99,99,99,88,88,0,0,0,1,1
6,61412,1,1,0,0,0,1,1,99,0,9,8,2012,5,15,0,0,4,4,CR-MONTE VISTA AVE,,0,37.52128889,-120.7262889,0,38,0,0,1,1,0,4,1,1,0,1,0,0000000,99,99,99,99,99,99,0,0,0,1,0
6,61413,2,2,0,0,0,2,2,29,0,23,8,2012,5,10,38,0,4,4,CR-MCCOMBS AVE,PALM AVE,0,35.61603056,-119.34915,0,12,6,0,2,2,0,1,1,1,0,1,0,0000000,99,99,99,99,88,88,0,0,0,1,0
6,61414,1,1,0,0,0,1,1,37,2870,19,8,2012,1,19,12,0,14,6,GAREY AVE,,0,34.09035278,-117.7491417,0,43,0,0,1,1,0,4,5,1,0,1,0,0000000,99,99,99,99,88,88,0,0,0,1,0
6,61415,2,2,0,0,0,2,2,65,0,13,2,2012,2,8,30,1,1,1,I-10,,406,33.84142222,-116.4446722,0,12,1,0,1,1,0,1,1,1,0,1,0,0000000,99,99,99,99,99,99,0,0,0,1,0
6,61416,1,1,0,0,0,2,2,23,0,19,8,2012,1,19,30,0,4,4,CR-BALD HILLS RD,,0,41.08786944,-123.5069806,0,58,0,0,1,1,0,1,1,1,0,1,0,0000000,99,99,99,99,88,88,0,0,0,2,0
6,61417,1,1,0,1,1,1,1,55,0,18,8,2012,7,9,30,0,4,4,CR-DEER PARK RD,CR-SANITARIUM RD,0,38.52483056,-122.48135,0,9,0,0,2,3,0,1,1,1,0,1,0,0000000,99,99,99,99,99,99,0,0,0,1,0
6,61418,1,1,0,0,0,1,1,23,0,29,7,2012,1,19,0,0,6,4,CR-THOMAS RD,,0,40.21541111,-123.8845389,0,1,0,0,1,1,0,5,1,1,0,1,0,0000000,99,99,99,99,88,88,0,0,0,1,1
6,61419,1,1,0,0,0,3,3,1,0,11,8,2012,7,17,50,1,1,1,I-205,,1,37.74175,-121.5700111,0,33,0,0,1,1,0,4,1,1,0,1,0,0000000,99,99,99,99,88,88,0,0,0,1,0
6,61420,2,1,1,0,0,1,1,71,2960,18,8,2012,7,10,38,0,16,6,RENEE ST,,0,34.06614444,-117.1553667,0,14,0,0,1,1,0,4,1,1,0,1,0,0000000,99,99,99,99,99,99,0,0,0,1,0
6,61421,2,2,0,0,0,4,4,19,0,18,8,2012,7,15,20,0,3,4,CR-FOWLER AVE,BEHYMER AVE,0,36.88104167,-119.6839611,0,12,6,0,2,2,0,1,1,1,0,1,0,0000000,99,99,99,99,88,88,0,0,0,1,0
6,61422,2,2,0,1,1,4,4,37,1980,23,8,2012,5,19,30,0,4,4,CR-TUJUNGA AVE,SARAH ST,0,34.15379722,-118.3790111,0,15,0,0,2,3,0,1,1,1,0,1,0,0000000,99,99,99,99,99,99,0,0,0,1,0
6,61423,2,2,0,0,0,2,2,71,4290,22,5,2012,3,20,32,0,14,6,BRYANT ST,,0,34.07570556,-117.0433944,0,12,2,0,1,1,0,1,2,1,0,1,0,0000000,99,99,99,99,99,99,0,0,0,1,1