STATE,ST_CASE,VE_TOTAL,VE_FORMS,PVH_INVL,PEDS,PERNOTMVIT,PERMVIT,PERSONS,COUNTY,CITY,DAY,MONTH,YEAR,DAY_WEEK,HOUR,MINUTE,NHS,ROAD_FNC,ROUTE,TWAY_ID,TWAY_ID2,MILEPT,LATITUDE,LONGITUD,SP_JUR,HARM_EV,MAN_COLL,RELJCT1,RELJCT2,TYP_INT,WRK_ZONE,REL_ROAD,LGT_COND,WEATHER1,WEATHER2,WEATHER,SCH_BUS,RAIL,NOT_HOUR,NOT_MIN,ARR_HOUR,ARR_MIN,HOSP_HR,HOSP_MN,CF1,CF2,CF3,FATALS,DRUNK_DR
6,61424,3,3,0,0,0,3,3,89,2950,2,4,2012,2,19,44,0,15,6,VICTOR AVE,,0,40.55884167,-122.3385583,0,12,1,0,1,1,0,1,3,1,0,1,0,0000000,99,99,99,99,88,88,0,0,0,1,0
6,61425,1,1,0,0,0,3,3,65,1580,21,8,2012,3,2,8,0,15,6,WHITTIER AVE,,0,33.73665556,-116.9710722,0,42,0,0,1,1,0,4,3,1,0,1,0,0000000,99,99,99,99,99,99,0,0,0,2,0
6,61426,3,3,0,0,0,6,6,37,0,6,5,2012,1,8,20,1,2,3,SR-14,,475,34.49543056,-118.2166889,0,12,2,0,1,1,0,1,1,1,0,1,0,0000000,99,99,99,99,99,99,14,0,0,2,0
6,61427,1,1,0,0,0,1,1,51,0,15,8,2012,4,1,25,1,3,3,SR-120,,66,37.94805,-119.1899889,0,24,0,0,1,1,0,4,2,10,0,10,0,0000000,99,99,99,99,88,88,0,0,0,1,0
6,61428,1,1,0,0,0,1,1,111,538,2,8,2012,5,6,15,0,13,3,SR-34,,138,34.21761944,-119.0333028,0,30,0,0,8,1,0,4,1,1,0,1,0,0000000,99,99,99,99,99,99,0,0,0,1,1
6,61429,2,2,0,0,0,4,4,71,1305,26,5,2012,7,22,5,0,15,6,JUNIPER AVE,CERES AVE,0,34.09421667,-117.4401083,0,12,6,0,2,2,0,1,3,1,0,1,0,0000000,99,99,99,99,99,99,0,0,0,2,0
6,61430,4,3,1,0,4,7,11,37,2020,13,5,2012,1,21,41,1,11,1,I-105,,111,33.92823056,-118.2169194,0,14,0,0,1,1,0,2,3,1,0,1,0,0000000,99,99,99,99,99,99,0,0,0,1,1
6,61431,1,1,0,1,1,1,1,77,3770,22,8,2012,4,21,0,0,13,6,WILSON WY,,0,37.98423333,-121.2707861,0,8,0,0,1,1,0,1,3,1,0,1,0,0000000,99,99,99,99,99,99,0,0,0,1,0
6,61432,1,1,0,0,0,1,1,71,0,19,8,2012,1,99,99,0,4,4,CR-NATIONAL TRAILS HWY,,0,34.56193056,-115.5401806,0,1,0,0,1,1,0,4,2,1,0,1,0,0000000,99,99,99,99,88,88,0,0,0,1,0
6,61433,2,2,0,0,0,2,2,37,1980,1,7,2012,1,6,35,1,11,1,I-405,,239,33.9688,-118.3724,0,12,7,0,1,1,0,1,1,10,0,10,0,0000000,99,99,99,99,99,99,0,0,0,1,0
6,61434,1,1,0,1,1,1,1,37,1970,24,8,2012,6,20,8,0,14,6,PACIFIC AVE,25TH ST,0,33.80254167,-118.1937833,0,8,0,0,3,2,0,1,3,1,0,1,0,0000000,99,99,99,99,99,99,0,0,0,1,0
6,61435,2,2,0,0,0,2,2,81,970,26,7,2012,5,11,52,0,12,3,SR-35,,288,37.4011,-122.2912,0,12,1,0,1,1,0,1,1,10,0,10,0,0000000,99,99,99,99,88,88,0,0,0,1,0
6,61436,1,1,0,0,0,1,1,41,0,21,8,2012,3,3,40,1,2,2,US-101,,239,38.11734444,-122.54725,0,31,0,0,1,1,0,4,2,1,0,1,0,0000000,99,99,99,99,88,88,0,0,0,1,0
6,61437,2,2,0,0,0,3,3,37,0,2,8,2012,5,17,0,0,3,3,SR-2,,297,34.25408889,-118.1987306,0,1,0,0,1,1,0,1,1,1,0,1,0,0000000,99,99,99,99,99,99,0,0,0,1,0
6,61438,2,2,0,0,0,2,2,59,0,30,5,2012,4,19,35,0,13,3,SR-1,EL MORO SCHOOL/STATE PARK,122,33.56433056,-117.8260806,0,12,6,0,2,3,0,1,1,1,0,1,0,0000000,99,99,99,99,99,99,0,0,0,1,0
6,61439,1,1,0,1,1,1,1,37,1980,20,8,2012,2,9,20,0,14,6,CHATSWORTH ST,ZELZAH AVE,0,34.264875,-118.523425,0,8,0,0,3,2,0,1,1,1,0,1,0,0000000,99,99,99,99,99,99,0,0,0,1,0
6,61440,1,1,0,1,1,1,1,73,3260,25,8,2012,7,13,18,0,14,6,TORREY PINES RD,HIDDEN VALLEY RD,0,32.85041667,-117.251325,0,8,0,0,3,2,0,1,1,10,0,10,0,0000000,99,99,99,99,99,99,0,0,0,1,0
6,61441,2,2,0,0,0,3,3,65,0,20,8,2012,2,3,34,1,1,1,I-10,,283,33.91038056,-116.5836917,0,12,1,0,1,1,0,1,2,1,0,1,0,0000000,99,99,99,99,99,99,0,0,0,1,0
6,61442,4,4,0,0,0,7,7,73,3260,15,8,2012,4,12,4,0,16,6,GENESE AVE,,0,32.79238611,-117.1567722,0,12,1,0,4,1,0,5,1,1,0,1,0,0000000,99,99,99,99,99,99,0,0,0,1,0
6,61443,1,1,0,1,1,1,1,37,1980,31,8,2012,6,5,38,0,13,6,WESTERN AVE,85TH STREET,0,33.96090833,-118.3090194,0,8,0,0,1,1,0,1,4,1,0,1,0,0000000,99,99,99,99,99,99,0,0,0,1,0
6,61444,4,4,0,0,0,6,6,65,0,30,5,2012,4,7,0,0,4,4,CR-EL SOBRANTE RD,,0,33.85792222,-117.4081194,0,12,8,0,1,1,0,1,1,1,0,1,0,0000000,99,99,99,99,99,99,0,0,0,1,0
6,61445,2,2,0,0,0,3,3,47,2150,18,8,2012,7,19,8,1,12,3,SR-99,,163,37.30378889,-120.5029389,0,12,7,1,18,1,0,1,1,1,0,1,0,0000000,99,99,99,99,99,99,0,0,0,1,1
6,61446,2,2,0,0,0,2,2,37,0,16,5,2012,4,14,40,1,12,3,SR-91,,107,33.87341944,-118.2091611,0,12,7,0,1,1,0,1,1,1,0,1,0,0000000,99,99,99,99,99,99,0,0,0,1,0
6,61447,1,1,0,0,0,2,2,65,3070,27,8,2012,2,2,5,1,12,3,SR-91,,125,33.90238889,-117.46555,0,42,0,0,1,1,0,4,3,1,0,1,0,0000000,99,99,99,99,99,99,0,0,0,1,1
6,61448,2,2,0,0,0,8,8,37,2458,19,8,2012,1,22,21,0,13,6,ROSECRANS AVE,PIONEER AVE,0,33.90225556,-118.0825806,0,12,6,0,2,7,0,1,3,1,0,1,0,0000000,99,99,99,99,99,99,0,0,0,1,1
6,61449,1,1,0,1,1,1,1,67,0,18,8,2012,7,16,0,0,4,4,CR-AUBURN BLVD,,0,38.66043056,-121.3473944,0,8,0,0,1,1,0,1,1,10,0,10,0,0000000,99,99,99,99,99,99,0,0,0,1,0
6,61450,1,1,0,0,0,1,1,65,0,16,8,2012,5,19,23,1,2,3,SR-79,,133,33.481,-117.0384611,0,35,0,0,1,1,0,5,1,1,0,1,0,0000000,99,99,99,99,99,99,0,0,0,1,1
6,61451,1,1,0,0,0,1,1,105,0,27,8,2012,2,99,99,0,6,4,CR-FOREST RT IN44,,0,40.29431111,-123.32225,0,1,0,0,1,1,0,4,2,1,0,1,0,0000000,99,99,99,99,88,88,0,0,0,1,1
6,61452,2,1,1,0,1,1,2,37,1980,29,5,2012,3,0,12,1,11,1,I-105,,78,33.92783889,-118.2737611,0,14,0,1,18,1,0,2,3,1,0,1,0,0000000,99,99,99,99,99,99,0,0,0,1,1
6,61453,2,1,1,1,2,2,3,37,1980,4,4,2012,4,11,40,0,13,6,VENTURA BLVD,TOPANGA CYN BLVD,0,34.16845,-118.6058028,0,8,0,0,3,2,0,1,1,1,0,1,0,0000000,99,99,99,99,99,99,0,0,0,1,0
6,61454,1,1,0,0,0,1,1,71,0,28,8,2012,3,14,50,0,2,3,SR-247,,458,34.45403333,-116.9458194,0,33,0,0,1,1,0,4,1,1,0,1,0,0000000,99,99,99,99,88,88,0,0,0,1,1
6,61455,1,1,0,0,0,1,1,73,3260,19,8,2012,1,1,59,0,13,6,MIRA MESA BLVD,,0,32.91353889,-117.1334472,0,59,0,0,1,1,0,3,2,1,0,1,0,0000000,99,99,99,99,88,88,0,0,0,1,1
6,61456,2,2,0,0,0,3,3,71,0,17,8,2012,6,16,40,1,2,3,SR-18,,588,34.289575,-116.8056583,0,12,2,0,1,1,0,1,1,1,0,1,0,0000000,99,99,99,99,88,88,0,0,0,1,0
6,61457,1,1,0,0,0,1,1,77,0,18,8,2012,7,99,99,0,2,3,SR-4,,61,37.90893889,-121.4544111,0,42,0,0,1,1,0,2,1,1,0,1,0,0000000,99,99,99,99,88,88,0,0,0,1,1
6,61458,2,2,0,0,0,2,2,99,1650,5,7,2012,5,14,21,0,15,6,HATCH RD,TULLY RD,0,37.60927222,-120.8701389,0,12,6,0,2,3,0,1,1,1,0,1,0,0000000,99,99,99,99,99,99,0,0,0,1,0
6,61459,2,1,1,0,2,3,5,25,0,10,8,2012,6,14,50,1,1,1,I-8,,208,32.76006111,-115.8461611,0,14,0,0,1,1,0,2,1,1,0,1,0,0000000,99,99,99,99,99,99,0,0,0,1,0
6,61460,2,2,0,0,0,5,5,67,0,30,8,2012,5,0,55,0,2,4,CR-S WATT AVENUE,,0,38.50706944,-121.3718889,0,12,2,0,1,1,0,1,2,1,0,1,0,0000000,99,99,99,99,99,99,0,0,0,3,1
6,61461,1,1,0,1,1,1,1,111,3641,10,8,2012,6,4,34,0,14,6,1ST ST,,0,34.27477778,-118.7787833,0,9,0,0,4,1,0,1,3,1,0,1,0,0000000,99,99,99,99,99,99,0,0,0,1,0
6,61462,2,2,0,0,0,2,2,73,1200,28,7,2012,7,12,30,1,11,1,I-15,,269,33.06761111,-117.0694472,0,12,2,0,1,1,0,1,1,1,0,1,0,0000000,99,99,99,99,88,88,0,0,0,1,1
6,61463,5,5,0,0,0,5,5,99,0,9,8,2012,5,11,0,1,12,3,SR-99,,175,37.65265,-121.0242806,0,12,7,0,1,1,0,1,1,1,0,1,0,0000000,99,99,99,99,88,88,14,0,0,1,0
6,61464,1,1,0,1,1,1,1,73,3260,7,7,2012,7,18,24,0,14,6,MORENA BLVD,,0,32.77308611,-117.2034833,0,9,0,0,1,1,0,1,1,1,0,1,0,0000000,99,99,99,99,99,99,0,0,0,1,0
6,61465,1,1,0,0,0,1,1,23,0,18,8,2012,7,13,8,1,2,2,US-101,,108,40.03272778,-123.7932389,0,59,0,0,1,1,0,5,1,1,0,1,0,0000000,99,99,99,99,88,88,0,0,0,1,1
6,61466,2,1,1,1,2,4,5,67,0,12,8,2012,1,19,48,1,1,1,I-80,,113,38.64958889,-121.3723028,0,8,0,1,18,1,0,2,1,1,0,1,0,0000000,99,99,99,99,88,88,0,0,0,1,0
6,61467,1,1,0,0,0,1,1,73,3260,7,7,2012,7,23,32,1,12,3,SR-94 RAMP,,56,32.727075,-117.0723667,0,1,0,1,5,1,0,1,2,10,0,10,0,0000000,99,99,99,99,88,88,0,0,0,1,1
6,61468,2,2,0,0,0,2,2,65,2650,18,8,2012,7,20,16,1,11,1,I-10,,320,33.90638056,-116.5647611,0,12,1,0,1,1,0,1,2,1,0,1,0,0000000,99,99,99,99,88,88,0,0,0,1,0
6,61469,1,1,0,0,0,2,2,37,3445,19,8,2012,1,1,23,0,14,6,MCBEAN PARKWAY,,0,34.39807778,-118.5514833,0,42,0,0,1,1,0,3,3,1,0,1,0,0000000,99,99,99,99,99,99,0,0,0,1,0
6,61470,1,1,0,0,0,1,1,65,9997,31,3,2012,7,20,10,0,14,6,RUBIDOUX BL,,0,34.01765,-117.3890833,0,38,0,0,1,1,0,4,2,10,0,10,0,0000000,99,99,99,99,88,88,0,0,0,1,1
6,61471,1,1,0,0,0,1,1,73,0,8,7,2012,1,5,31,0,4,4,CR-LYONS VALLEY RD,,0,32.72003889,-116.8785806,0,59,0,0,1,1,0,4,4,10,0,10,0,0000000,99,99,99,99,88,88,0,0,0,1,1
6,61472,1,1,0,0,0,4,4,13,0,24,5,2012,5,16,25,0,13,4,CR-KIRKER PASS RD,,0,37.97456944,-121.91435,0,39,0,0,1,1,0,3,1,1,0,1,0,0000000,99,99,99,99,99,99,0,0,0,1,0
6,61473,1,1,0,0,0,3,3,37,1980,12,7,2012,5,12,5,1,11,1,I-5,,383,34.25393056,-118.4325611,0,39,0,0,1,1,0,4,1,10,0,10,0,0000000,99,99,99,99,99,99,0,0,0,1,0
6,61474,1,1,0,1,1,1,1,95,4020,16,6,2012,7,22,26,0,15,6,MEADOWS DR,OBRIEN CIR,0,38.14814444,-122.2636444,0,8,0,0,3,3,0,1,3,1,0,1,0,0000000,99,99,99,99,99,99,0,0,0,1,0
6,61475,1,1,0,0,0,1,1,53,2250,10,9,2012,2,18,8,0,15,6,ALVARADO ST,PEARL ST,0,36.59779167,-121.8948611,0,18,0,0,3,4,0,5,1,1,0,1,0,0000000,99,99,99,99,99,99,0,0,0,1,0
6,61476,2,2,0,0,0,4,4,71,0,6,7,2012,6,12,29,0,13,3,SR-38,GREENWAY DR,495,34.270325,-116.8467722,0,12,2,0,2,2,0,1,1,1,0,1,0,0000000,99,99,99,99,99,99,0,0,0,1,1
6,61477,1,1,0,0,0,1,1,57,0,29,8,2012,4,0,57,1,12,3,SR-20,,137,39.22371111,-121.0503611,0,42,0,0,1,1,0,4,2,1,0,1,0,0000000,99,99,99,99,99,99,0,0,0,1,0
6,61478,1,1,0,1,1,1,1,15,0,9,3,2012,6,23,24,0,4,4,CR-HUMBOLDT RD,,0,41.74391944,-124.1565333,0,8,0,0,1,1,0,1,2,10,0,10,0,0000000,99,99,99,99,88,88,0,0,0,1,0
6,61479,1,1,0,1,1,1,1,65,1580,11,9,2012,3,2,37,0,13,6,FLORIDA AVE,JUANITA ST,0,33.74753611,-116.9684167,0,8,0,0,3,2,0,1,3,1,0,1,0,0000000,99,99,99,99,88,88,0,0,0,1,0
6,61480,1,1,0,1,1,1,1,79,0,9,7,2012,2,10,32,0,3,4,CR-NACIMIENTO LAKE DR,,0,35.68338889,-120.7592306,0,9,0,0,8,1,0,1,1,1,0,1,0,0000000,99,99,99,99,99,99,0,0,0,1,0
6,61481,1,1,0,0,0,2,2,39,0,29,8,2012,4,1,45,0,3,4,CR-AVENUE 12,,0,36.92346111,-119.7748,0,38,0,0,1,1,0,4,2,1,0,1,0,0000000,99,99,99,99,99,99,0,0,0,1,1
6,61482,2,2,0,0,0,2,2,59,80,21,7,2012,7,18,20,1,11,1,I-5 RAMP,,362,33.80356111,-117.9011111,0,42,0,1,5,1,0,5,1,1,0,1,0,0000000,99,99,99,99,88,88,14,0,0,1,1
6,61483,2,2,0,0,0,3,3,67,0,12,7,2012,5,21,50,0,13,4,CR-HOWE AVE,,0,38.59968889,-121.4154083,0,12,6,0,1,1,0,1,3,1,0,1,0,0000000,99,99,99,99,88,88,0,0,0,1,0
6,61484,1,1,0,0,0,1,1,67,0,27,7,2012,6,21,5,0,2,4,CR-FAIR OAKS BLVD,,0,38.63643889,-121.3026083,0,38,0,0,1,1,0,5,3,1,0,1,0,0000000,99,99,99,99,99,99,0,0,0,1,1
6,61485,1,1,0,0,0,2,2,47,0,24,8,2012,6,17,15,1,2,3,SR-152,,313,37.05691111,-120.8374972,0,34,0,0,1,1,0,3,1,1,0,1,0,0000000,99,99,99,99,99,99,0,0,0,1,0
6,61486,1,1,0,0,0,1,1,65,0,30,7,2012,2,8,45,0,3,4,CR-REDLANDS BLVD,,0,33.96856111,-117.15815,0,33,0,0,1,1,0,4,1,1,0,1,0,0000000,99,99,99,99,88,88,0,0,0,1,0
6,61487,1,1,0,1,1,1,1,59,1410,11,9,2012,3,10,5,0,14,6,ORANGEWOOD AVE,NINTH ST,0,33.79589722,-117.9326111,0,8,0,0,3,2,0,1,1,1,0,1,0,0000000,99,99,99,99,99,99,0,0,0,1,0
6,61488,2,2,0,0,0,3,3,13,0,24,8,2012,6,22,43,1,12,3,SR-4,,136,38.00066111,-122.0539056,0,12,1,0,1,1,0,1,3,1,0,1,0,0000000,99,99,99,99,99,99,0,0,0,1,1
6,61489,1,1,0,0,0,4,4,81,970,12,7,2012,5,21,50,1,11,1,I-280,,240,37.66098889,-122.4647806,0,35,0,1,18,1,0,3,2,1,0,1,0,0000000,99,99,99,99,99,99,0,0,0,1,0
6,61490,1,1,0,0,0,1,1,23,0,30,8,2012,5,9,25,0,4,4,CR-REDWOOD DR,,0,40.13605278,-123.8159056,0,43,0,0,1,1,0,5,1,1,0,1,0,0000000,99,99,99,99,88,88,0,0,0,1,0
6,61491,1,1,0,1,1,1,1,79,3370,29,8,2012,4,16,40,0,16,6,MILL ST,GROVE ST,0,35.28833056,-120.6547333,0,15,0,0,3,2,0,1,1,1,0,1,0,0000000,99,99,99,99,99,99,0,0,0,1,0
6,61492,1,1,0,0,0,1,1,109,0,31,8,2012,6,16,55,0,2,3,SR-108 RAMP,,75,37.99611111,-120.2676694,0,59,0,1,5,1,0,8,1,1,0,1,0,0000000,99,99,99,99,99,99,0,0,0,1,1
6,61493,2,1,1,0,0,1,1,85,940,11,9,2012,3,11,2,1,11,1,I-280,,83,37.32918889,-122.0121111,0,14,0,0,1,1,0,2,1,1,0,1,0,0000000,99,99,99,99,88,88,0,0,0,1,0
6,61494,1,1,0,1,1,1,1,97,3490,31,7,2012,3,6,56,0,14,6,FOUNTAINGROVE PKWY,THOMAS LAKE HARRIS DR,0,38.49165278,-122.7090778,0,9,0,0,2,3,0,1,1,1,0,1,0,0000000,99,99,99,99,88,88,0,0,0,1,0
6,61495,1,1,0,0,0,1,1,79,3370,15,7,2012,1,3,55,0,14,6,S HIGUEROA ST,,0,35.24534444,-120.6745778,0,59,0,0,1,1,0,3,3,1,0,1,0,0000000,99,99,99,99,99,99,0,0,0,1,1
6,61496,1,1,0,0,0,2,2,23,0,1,9,2012,7,16,45,0,2,3,SR-36,,403,40.488475,-123.6300972,0,1,0,0,1,1,0,1,1,1,0,1,0,0000000,99,99,99,99,88,88,0,0,0,1,0
6,61497,1,1,0,0,0,4,4,29,0,11,9,2012,3,22,5,1,2,3,SR-99,,78,35.12623056,-118.9894694,0,24,0,1,18,1,0,3,3,1,0,1,0,0000000,99,99,99,99,99,99,0,0,0,1,0
6,61498,1,1,0,0,0,1,1,53,0,4,8,2012,7,23,44,1,1,2,US-101,,826,36.62851944,-121.5884389,0,59,0,0,1,1,0,3,2,10,0,10,0,0000000,99,99,99,99,88,88,0,0,0,1,0
6,61499,1,1,0,0,0,1,1,5,0,2,9,2012,1,18,40,1,2,3,SR-88,,38,38.30908889,-120.9675,0,1,0,0,1,1,0,1,1,1,0,1,0,0000000,99,99,99,99,88,88,0,0,0,1,1
6,61500,1,1,0,1,1,1,1,37,810,12,9,2012,4,5,7,0,14,6,CALDWELL ST,LONG BEACH BLVD,0,33.88495,-118.2058667,0,8,0,0,3,4,0,1,2,1,0,1,0,0000000,99,99,99,99,99,99,0,0,0,1,0
6,61501,1,1,0,0,0,1,1,85,0,6,8,2012,2,22,45,0,2,3,SR-9,,3,37.25645,-122.1172556,0,42,0,0,1,1,0,4,2,1,0,1,0,0000000,99,99,99,99,88,88,0,0,0,1,1
6,61502,1,1,0,0,0,1,1,29,0,31,8,2012,6,15,12,0,2,4,CR-S. UNION AVE,,0,35.2233,-119.0030389,0,42,0,0,1,1,0,4,1,1,0,1,0,0000000,99,99,99,99,88,88,0,0,0,1,0
6,61503,1,1,0,0,0,4,4,29,240,2,9,2012,1,1,17,1,2,3,SR-99 RAMP,,244,35.36486111,-119.0401194,0,42,0,1,5,1,0,8,3,1,0,1,0,0000000,99,99,99,99,99,99,0,0,0,2,1
6,61504,3,3,0,0,0,4,4,111,0,18,8,2012,7,5,33,0,13,3,SR-232,,33,34.26461111,-119.1453,0,12,2,0,1,1,0,1,2,1,0,1,0,0000000,99,99,99,99,99,99,0,0,0,1,0
6,61505,1,1,0,0,0,1,1,59,3420,2,9,2012,1,5,20,1,11,1,I-5,,333,33.7693,-117.8683611,0,25,0,1,18,1,0,3,2,1,0,1,0,0000000,99,99,99,99,99,99,0,0,0,1,0
6,61506,1,1,0,1,1,3,3,89,0,2,9,2012,1,5,30,0,6,4,CR-MCARTHUR RD,,0,41.05958056,-121.46315,0,8,0,0,1,1,0,1,2,1,0,1,0,0000000,99,99,99,99,88,88,0,0,0,1,0
6,61507,2,1,1,0,0,1,1,25,0,12,9,2012,4,6,0,1,2,3,SR-86,,622,33.35378889,-116.0177806,0,14,0,0,1,1,0,2,2,1,0,1,0,0000000,99,99,99,99,88,88,0,0,0,1,1
6,61508,2,2,0,0,0,5,5,29,0,2,9,2012,1,17,20,0,2,4,CR-90TH ST,AVE A,0,34.82010278,-118.2904778,0,12,6,0,2,2,0,1,1,1,0,1,0,0000000,99,99,99,99,88,88,0,0,0,4,0
6,61509,2,2,0,0,0,7,7,29,0,30,7,2012,2,5,4,0,3,4,CR-WHEELER RIDGE RD,,0,35.16640556,-118.9145944,0,12,2,0,1,1,0,1,4,1,0,1,0,0000000,99,99,99,99,99,99,0,0,0,1,1
6,61510,1,1,0,1,1,1,1,71,1605,12,9,2012,4,6,9,0,14,6,GREENSPOT RD,ORANGE ST,0,34.10824167,-117.1824861,0,8,0,0,3,2,0,1,4,1,0,1,0,0000000,99,99,99,99,99,99,0,0,0,1,0
6,61511,1,1,0,0,0,1,1,37,1980,3,9,2012,2,8,5,0,14,6,BRANFORD ST,WOODMAN AVE,0,34.22648056,-118.4329833,0,30,0,0,3,3,0,4,1,1,0,1,0,0000000,99,99,99,99,99,99,0,0,0,1,1
6,61512,2,2,0,0,0,2,2,71,0,1,8,2012,4,2,50,1,2,3,SR-62,,246,34.13510833,-116.2054444,0,12,2,0,1,1,0,1,2,10,0,10,0,0000000,99,99,99,99,99,99,0,0,0,1,1
6,61513,1,1,0,0,0,4,4,107,0,31,8,2012,6,23,49,0,4,4,CR-ROAD 140,,0,36.46838889,-119.2594194,0,34,0,0,1,1,0,4,2,1,0,1,0,0000000,99,99,99,99,99,99,20,0,0,1,1
6,61514,1,1,0,1,1,1,1,85,3340,12,9,2012,4,6,21,0,14,6,N JACKSON AVE,,0,37.36116944,-121.8461722,0,8,0,0,1,1,0,1,3,1,0,1,0,0000000,99,99,99,99,88,88,0,0,0,1,0
6,61515,1,1,0,0,0,1,1,37,3445,26,8,2012,1,1,13,1,11,1,I-5,,519,34.40336111,-118.5738889,0,59,0,0,1,1,0,4,2,1,0,1,0,0000000,99,99,99,99,88,88,0,0,0,1,1
6,61516,3,3,0,0,0,3,3,61,0,7,9,2012,6,8,15,0,2,3,SR-49,,98,38.99133611,-121.1106083,0,12,6,0,1,1,0,1,1,1,0,1,0,0000000,8,16,99,99,99,99,14,0,0,1,0
6,61517,1,1,0,0,0,5,5,37,2020,3,9,2012,2,8,55,1,11,1,I-710,,166,33.9256,-118.1779,0,42,0,0,1,1,0,5,1,1,0,1,0,0000000,99,99,99,99,99,99,0,0,0,3,1
6,61518,1,1,0,0,0,3,3,99,0,3,9,2012,2,12,34,0,4,4,CR-LAKE RD,,0,37.61546111,-120.62845,0,1,0,0,1,1,0,2,1,1,0,1,0,0000000,99,99,99,99,99,99,0,0,0,2,0
6,61519,1,1,0,0,0,3,3,113,0,3,9,2012,2,16,45,0,2,3,SR-16,,22,38.91088056,-122.3084306,0,1,0,0,1,1,0,1,1,1,0,1,0,0000000,99,99,99,99,99,99,0,0,0,2,1
6,61520,2,2,0,0,0,9,9,73,0,28,8,2012,3,15,15,0,2,3,SR-78,,495,33.09808889,-116.6993194,0,12,2,0,1,1,0,1,1,1,0,1,0,0000000,99,99,99,99,99,99,0,0,0,4,0
6,61521,1,1,0,0,0,1,1,97,0,3,9,2012,2,16,45,0,6,4,CR-SWEETWATER SPRINGS RD,,0,38.53446944,-122.8807111,0,1,0,0,1,1,0,5,1,1,0,1,0,0000000,99,99,99,99,88,88,0,0,0,1,0
6,61522,2,1,1,0,0,1,1,73,3260,7,9,2012,6,10,54,0,14,6,PARK BLVD,,0,32.74911389,-117.1462472,0,33,0,0,1,1,0,7,1,1,0,1,0,0000000,99,99,99,99,99,99,0,0,0,1,0
6,61523,2,2,0,0,0,2,2,37,1980,3,9,2012,2,21,30,0,13,6,WESTERN AVE,29TH ST,0,34.02908889,-118.3089361,0,12,1,0,2,2,0,1,3,1,0,1,0,0000000,99,99,99,99,99,99,0,0,0,1,0
6,61524,2,2,0,0,0,6,6,57,0,3,9,2012,2,22,20,1,3,3,SR-20,,214,39.28609167,-120.9502556,0,12,2,0,1,1,0,1,2,1,0,1,0,0000000,99,99,99,99,99,99,14,0,0,1,1
6,61525,1,1,0,1,1,1,1,111,2270,30,8,2012,5,9,55,0,13,3,SR-23,1ST ST,133,34.28414167,-118.8821528,0,9,0,0,2,2,0,1,1,1,0,1,0,0000000,99,99,99,99,99,99,0,0,0,1,0
6,61526,3,3,0,0,0,4,4,73,1200,8,9,2012,7,8,27,0,15,6,FELICITA AVE,REDWOOD ST,0,33.10183889,-117.078625,0,12,6,0,2,2,0,1,1,1,0,1,0,0000000,99,99,99,99,99,99,0,0,0,1,0
6,61527,3,3,0,0,0,4,4,71,0,26,9,2012,4,15,11,0,2,3,SR-18,,588,34.28973889,-116.80445,0,12,1,0,1,1,0,1,1,1,0,1,0,0000000,99,99,99,99,99,99,0,0,0,1,1
6,61528,2,2,0,0,0,3,3,45,0,4,9,2012,3,20,55,1,2,2,US-101,,265,39.17817222,-123.2123778,0,12,7,0,1,1,0,1,2,1,0,1,0,0000000,99,99,99,99,99,99,0,0,0,1,0
6,61529,1,1,0,0,0,1,1,65,0,6,9,2012,5,14,15,0,6,4,CR-KNABE RD,CAMINO LIMON RD,0,33.77770278,-117.5026444,0,42,0,0,3,3,0,5,1,1,0,1,0,0000000,99,99,99,99,99,99,0,0,0,1,0
6,61530,1,1,0,0,0,1,1,37,0,18,7,2012,4,9,5,0,6,4,CR-LAS FLORES CYN RD,,0,34.06673056,-118.64065,0,24,0,0,1,1,0,4,1,1,0,1,0,0000000,99,99,99,99,88,88,0,0,0,1,0
6,61531,7,7,0,0,0,16,16,37,0,4,9,2012,3,5,5,1,1,1,I-5,,830,34.77583056,-118.8095611,0,24,0,0,1,1,0,3,2,1,0,1,0,0000000,99,99,99,99,99,99,0,0,0,2,0
6,61532,1,1,0,1,1,1,1,85,3790,6,9,2012,5,17,11,0,13,6,EL CAMINO REAL,,0,37.36954444,-122.038375,0,8,0,0,1,1,0,1,1,1,0,1,0,0000000,99,99,99,99,99,99,0,0,0,1,0
6,61533,1,1,0,0,0,1,1,19,0,6,9,2012,5,20,9,0,15,4,CR-BETHEL AVE,,0,36.72995556,-119.5741361,0,1,0,0,1,1,0,1,2,10,0,10,0,0000000,99,99,99,99,99,99,0,0,0,1,1
6,61534,2,2,0,0,0,2,2,37,2870,17,4,2012,3,13,55,1,12,3,SR-57,,67,34.05206944,-117.8023194,0,12,1,0,1,1,2,1,1,1,0,1,0,0000000,99,99,99,99,88,88,3,0,0,1,0
6,61535,2,2,0,0,0,2,2,31,0,7,9,2012,6,4,33,0,4,4,CR-HOUSTON AVE,CR-9TH AVE,0,36.29837778,-119.6189639,0,12,6,0,2,2,0,1,2,1,0,1,0,0000000,99,99,99,99,88,88,0,0,0,1,0
6,61536,2,2,0,0,0,4,4,37,1980,29,8,2012,4,7,20,0,14,6,HIGHLAND AVE,WILLOUGHBY AVE,0,34.087075,-118.3386,0,12,6,0,2,2,0,1,1,1,0,1,0,0000000,99,99,99,99,99,99,0,0,0,3,0