STATE,ST_CASE,VE_TOTAL,VE_FORMS,PVH_INVL,PEDS,PERNOTMVIT,PERMVIT,PERSONS,COUNTY,CITY,DAY,MONTH,YEAR,DAY_WEEK,HOUR,MINUTE,NHS,ROAD_FNC,ROUTE,TWAY_ID,TWAY_ID2,MILEPT,LATITUDE,LONGITUD,SP_JUR,HARM_EV,MAN_COLL,RELJCT1,RELJCT2,TYP_INT,WRK_ZONE,REL_ROAD,LGT_COND,WEATHER1,WEATHER2,WEATHER,SCH_BUS,RAIL,NOT_HOUR,NOT_MIN,ARR_HOUR,ARR_MIN,HOSP_HR,HOSP_MN,CF1,CF2,CF3,FATALS,DRUNK_DR
6,61537,1,1,0,0,0,1,1,25,0,12,9,2012,4,15,51,1,2,3,SR-86,,668,33.41143056,-116.0473694,0,1,0,0,1,1,0,3,1,1,0,1,0,0000000,99,99,99,99,88,88,0,0,0,1,1
6,61538,1,1,0,1,1,3,3,71,0,13,9,2012,5,6,0,0,4,4,CR-BALDY MESA RD,,0,34.40110556,-117.4508861,0,15,0,0,1,1,0,1,4,1,0,1,0,0000000,99,99,99,99,99,99,0,0,0,1,0
6,61539,2,2,0,0,0,2,2,37,1870,13,9,2012,5,6,55,1,12,3,SR-210,,483,34.11971111,-117.7575889,0,12,1,1,18,1,0,1,1,1,0,1,0,0000000,99,99,99,99,99,99,0,0,0,1,0
6,61540,1,1,0,1,1,2,2,37,0,13,9,2012,5,18,15,0,3,4,CR-PACIFIC BLVD,,0,33.96564167,-118.2252167,0,8,0,0,1,1,0,1,1,1,0,1,0,0000000,99,99,99,99,99,99,0,0,0,1,0
6,61541,1,1,0,0,0,1,1,37,1980,13,9,2012,5,13,4,0,13,6,WESTERN AVE,,0,34.01451667,-118.3089361,0,30,0,0,1,1,0,4,1,1,0,1,0,0000000,99,99,99,99,99,99,0,0,0,1,0
6,61542,2,2,0,0,0,2,2,67,3150,13,9,2012,5,19,10,0,13,6,24TH ST,45TH AVE,0,38.51195,-121.4831028,0,12,1,0,3,3,0,1,1,1,0,1,0,0000000,99,99,99,99,99,99,0,0,0,1,0
6,61543,1,1,0,1,1,1,1,37,1980,13,9,2012,5,19,50,0,13,6,FIGUEROA ST,84TH ST,0,33.963175,-118.2827194,0,8,0,0,3,2,0,1,3,1,0,1,0,0000000,99,99,99,99,99,99,0,0,0,1,0
6,61544,2,2,0,0,0,3,3,19,0,7,9,2012,6,5,35,0,4,4,CR-MOUNTAIN VIEW AVE,GOLDEN STATE BLVD,0,36.547,-119.5910639,0,12,6,0,2,2,0,1,4,1,0,1,0,0000000,99,99,99,99,88,88,0,0,0,1,0
6,61545,5,5,0,0,0,5,5,37,2870,13,8,2012,2,11,13,1,12,3,SR-71,PHILLIPS DR,23,34.04651111,-117.7738917,0,12,6,0,2,3,0,1,1,1,0,1,0,0000000,99,99,99,99,99,99,14,0,0,1,0
6,61546,2,2,0,0,0,5,5,61,0,28,7,2012,7,18,5,0,2,3,SR-193,,46,38.88655,-121.2067111,0,12,2,0,1,1,0,1,1,1,0,1,0,0000000,99,99,99,99,88,88,0,0,0,1,0
6,61547,1,1,0,0,0,1,1,59,1713,27,7,2012,6,0,44,0,13,6,IRVINE CENTER DR,LION COUNTRY/HUBBLE,0,33.64050556,-117.7424806,0,46,0,0,3,2,0,4,3,1,0,1,0,0000000,99,99,99,99,88,88,0,0,0,1,0
6,61548,2,2,0,0,0,3,3,37,4120,7,9,2012,6,12,1,1,11,1,I-10,,350,34.07268889,-117.9336611,0,12,1,1,18,1,0,1,1,1,0,1,0,0000000,99,99,99,99,99,99,23,0,0,1,0
6,61549,5,5,0,1,1,6,6,67,3150,15,8,2012,4,0,14,0,12,3,SR-51,,44,38.607525,-121.4305944,0,8,0,0,1,1,0,1,3,10,0,10,0,0000000,99,99,99,99,88,88,0,0,0,1,0
6,61550,2,1,1,0,2,1,3,37,3686,24,7,2012,3,4,7,1,11,1,I-10,,301,34.0662,-118.0175889,0,45,0,0,1,1,2,5,3,1,0,1,0,0000000,99,99,99,99,99,99,3,0,0,1,0
6,61551,1,1,0,1,1,2,2,37,1980,10,9,2012,2,5,10,0,13,6,WESTERN AVE,,0,34.08825,-118.3091611,0,33,0,0,1,1,0,4,3,1,0,1,0,0000000,99,99,99,99,88,88,0,0,0,1,0
6,61552,2,2,0,0,0,3,3,31,0,10,9,2012,2,5,18,0,3,4,CR-KANSAS AVE,,0,36.21108889,-119.6186806,0,12,2,0,1,1,0,1,2,1,0,1,0,0000000,99,99,99,99,99,99,0,0,0,1,0
6,61553,1,1,0,0,0,1,1,19,0,14,8,2012,3,20,55,0,4,4,CR-MT WHITNEY AVE,,0,36.42888056,-120.2657889,0,18,0,0,1,1,0,2,2,1,0,1,0,0000000,99,99,99,99,88,88,0,0,0,1,0
6,61554,1,1,0,1,1,1,1,37,0,10,9,2012,2,10,15,1,2,3,SR-58,AVENUE G,28,34.73331944,-118.1421889,0,9,0,0,2,2,0,1,1,1,0,1,1,0000000,99,99,99,99,99,99,0,0,0,1,0
6,61555,1,1,0,1,1,1,1,107,3920,16,8,2012,5,6,44,0,13,6,TULARE AVE,K ST,0,36.20802778,-119.3461361,0,8,0,0,3,2,0,1,1,1,0,1,0,0000000,99,99,99,99,99,99,0,0,0,1,0
6,61556,2,2,0,0,0,2,2,17,0,10,9,2012,2,11,40,0,2,3,SR-89,MOUNTAIN DR,234,39.02205,-120.1229222,0,12,6,0,2,3,0,1,1,1,0,1,0,0000000,99,99,99,99,99,99,14,0,0,1,0
6,61557,2,2,0,0,0,3,3,65,0,27,8,2012,2,0,32,0,4,4,CR-CAJALCO RD,,0,33.83231111,-117.3629806,0,12,2,0,1,1,0,1,2,1,0,1,0,0000000,99,99,99,99,99,99,0,0,0,1,1
6,61558,1,1,0,0,0,1,1,47,0,17,9,2012,2,19,10,0,5,4,CR-GOLF LINK RD,,0,37.43081111,-120.8313611,0,3,0,0,1,1,0,5,1,1,0,1,0,0000000,99,99,99,99,99,99,0,0,0,1,0
6,61559,1,1,0,1,1,1,1,59,1410,27,8,2012,2,6,41,0,14,6,LAMPSON AVE,STRATHMORE ST,0,33.78154722,-117.9273,0,8,0,0,3,2,0,1,4,1,0,1,0,0000000,99,99,99,99,88,88,0,0,0,1,0
6,61560,1,1,0,1,1,1,1,73,3260,17,9,2012,2,23,34,0,14,6,ROSECRANS ST,SPORTS ARENA BLVD,0,32.75079722,-117.2050639,0,8,0,0,3,2,0,1,3,1,0,1,0,0000000,99,99,99,99,99,99,0,0,0,1,0
6,61561,5,1,4,0,0,3,3,67,0,26,8,2012,1,3,50,0,2,4,CR-FULTON AVE,ECHO WY,0,38.62277778,-121.4014361,0,33,0,0,3,2,0,3,3,1,0,1,0,0000000,99,99,99,99,99,99,0,0,0,1,1
6,61562,3,3,0,0,0,3,3,37,1980,21,9,2012,6,14,10,0,13,3,SR-1,FIGUEROA PLACE,117,33.79067778,-118.2830556,0,12,7,0,3,2,0,1,1,1,0,1,0,0000000,99,99,99,99,99,99,14,0,0,1,0
6,61563,1,1,0,1,1,1,1,25,0,21,9,2012,6,19,15,1,2,3,SR-86,,218,32.97913611,-115.5617667,0,8,0,0,1,1,0,1,2,1,0,1,0,0000000,99,99,99,99,88,88,0,0,0,1,0
6,61564,2,2,0,0,0,2,2,19,0,18,9,2012,3,6,20,0,4,4,CR-LINCOLN AVE,,368,36.64861944,-119.85055,0,12,2,0,1,1,0,1,4,1,0,1,0,0000000,99,99,99,99,99,99,0,0,0,1,0
6,61565,1,1,0,0,0,1,1,29,0,18,9,2012,3,11,55,1,2,3,SR-178,,844,35.62798889,-117.9610111,0,35,0,0,1,1,0,4,1,1,0,1,0,0000000,99,99,99,99,88,88,0,0,0,1,0
6,61566,1,1,0,1,1,1,1,7,0,21,9,2012,6,22,19,1,2,3,SR-99,,391,39.80026944,-121.9049389,0,8,0,0,1,1,0,1,2,1,0,1,0,0000000,99,99,99,99,99,99,0,0,0,1,0
6,61567,2,2,0,0,0,4,4,61,0,22,9,2012,7,8,41,0,2,3,SR-267,,137,39.25843889,-120.0647306,0,12,6,0,8,1,0,1,1,1,0,1,0,0000000,99,99,99,99,88,88,0,0,0,1,0
6,61568,1,1,0,1,1,1,1,37,0,31,8,2012,6,5,29,0,2,4,CR-TELEGRAPH RD,,0,33.93341111,-118.0366,0,8,0,0,1,1,0,1,2,1,0,1,0,0000000,99,99,99,99,99,99,0,0,0,1,0
6,61569,1,1,0,0,0,1,1,103,0,19,9,2012,4,23,35,0,2,3,SR-36,,553,40.3138,-122.0707,0,38,0,0,1,1,0,5,2,1,0,1,0,0000000,99,99,99,99,88,88,0,0,0,1,1
6,61570,1,1,0,1,1,2,2,37,1980,19,9,2012,4,14,0,0,13,6,HOLLYWOOD BLVD,GRAMERCY PL,0,34.1017,-118.3123361,0,8,0,0,3,3,0,1,1,1,0,1,0,0000000,99,99,99,99,99,99,0,0,0,1,0
6,61571,1,1,0,1,1,1,1,13,110,22,9,2012,7,9,53,0,13,6,W 10TH ST,,0,38.01119167,-121.8180389,0,9,0,0,1,1,0,1,1,1,0,1,0,0000000,99,99,99,99,99,99,0,0,0,1,0
6,61572,1,1,0,0,0,1,1,103,0,18,9,2012,3,19,40,0,3,4,CR-BOWMAN RD,,0,40.33863056,-122.3706389,0,42,0,0,1,1,0,4,2,1,0,1,0,0000000,99,99,99,99,88,88,0,0,0,1,0
6,61573,1,1,0,1,1,1,1,67,0,19,9,2012,4,17,45,0,3,4,CR-16TH ST,ELVERTA RD,0,38.71443333,-121.4295222,0,9,0,0,2,2,0,1,1,1,0,1,0,0000000,99,99,99,99,99,99,16,0,0,1,0
6,61574,1,1,0,0,0,3,3,71,0,19,9,2012,4,1,23,1,2,3,SR-62,,211,34.13512778,-116.2664639,0,43,0,0,1,1,0,4,2,1,0,1,0,0000000,99,99,99,99,99,99,0,0,0,1,1
6,61575,2,2,0,0,0,2,2,71,3210,31,8,2012,6,6,3,0,13,6,N WATERMAN AVE,E PARKDALE ST,0,34.15871944,-117.2786639,0,12,1,0,3,2,0,1,4,1,0,1,0,0000000,99,99,99,99,99,99,0,0,0,1,0
6,61576,3,3,0,0,0,3,3,77,3770,17,9,2012,2,17,20,1,12,3,SR-4,,188,37.95950278,-121.2538611,0,12,1,1,18,1,0,1,1,1,0,1,0,0000000,99,99,99,99,99,99,0,0,0,1,0
6,61577,2,2,0,0,0,3,3,1,1920,17,9,2012,2,10,6,0,13,3,SR-84,E JACK LONDON BLVD,273,37.68910556,-121.8056917,0,12,6,0,2,2,1,1,1,1,0,1,0,0000000,99,99,99,99,99,99,0,0,0,1,0
6,61578,2,2,0,0,0,3,3,29,0,16,9,2012,1,20,30,0,3,4,CR-7TH STANDARD RD,,0,35.44168889,-119.2445306,0,12,6,0,1,1,0,1,3,1,0,1,0,0000000,99,99,99,99,88,88,0,0,0,1,0
6,61579,1,1,0,0,0,5,5,71,0,23,9,2012,1,3,35,1,1,1,I-40,,1052,34.80891111,-115.2286194,0,1,0,0,1,1,0,3,2,1,0,1,0,0000000,99,99,99,99,99,99,0,0,0,1,0
6,61580,2,2,0,0,0,3,3,71,0,19,9,2012,4,4,20,1,2,3,SR-58,,28,34.96985556,-117.4580778,0,12,2,0,1,1,0,1,2,1,0,1,0,0000000,99,99,99,99,88,88,0,0,0,1,0
6,61581,1,1,0,0,0,1,1,37,0,22,9,2012,7,11,20,0,3,3,SR-2,,270,34.2253,-118.1876306,0,39,0,0,1,1,0,4,1,1,0,1,0,0000000,99,99,99,99,99,99,0,0,0,1,0
6,61582,2,2,0,0,0,3,3,29,0,31,8,2012,6,6,47,0,2,3,SR-119,,155,35.26767222,-119.3004028,0,12,2,0,1,1,0,2,1,1,0,1,0,0000000,99,99,99,99,99,99,0,0,0,1,0
6,61583,2,2,0,0,0,2,2,107,0,22,9,2012,7,18,14,0,2,3,SR-137,ROAD 168,239,36.21073889,-119.1988278,0,12,7,0,2,3,0,1,1,1,0,1,0,0000000,99,99,99,99,88,88,0,0,0,1,1
6,61584,1,1,0,0,0,1,1,99,0,19,9,2012,4,16,19,0,2,4,CR-OAKDALE WATERFORD HWY,,0,37.73248889,-120.8368694,0,1,0,0,1,1,0,5,1,1,0,1,0,0000000,99,99,99,99,99,99,0,0,0,1,0
6,61585,1,1,0,1,1,1,1,29,240,16,9,2012,1,19,39,0,13,6,UNION AVE,,0,35.36955278,-119.0028611,0,8,0,0,1,1,0,1,3,1,0,1,0,0000000,99,99,99,99,99,99,0,0,0,1,0
6,61586,2,2,0,0,0,2,2,115,0,16,9,2012,1,19,25,0,4,4,CR-LOMA RICA RD,,0,39.31328056,-121.4070389,0,12,2,0,1,1,0,1,1,1,0,1,0,0000000,99,99,99,99,99,99,0,0,0,1,1
6,61587,1,1,0,1,1,1,1,71,3210,23,9,2012,1,3,53,0,12,3,SR-18,,87,34.19767222,-117.2797389,0,8,0,0,1,1,0,2,2,1,0,1,0,0000000,99,99,99,99,88,88,0,0,0,1,1
6,61588,1,1,0,0,0,1,1,37,1970,16,9,2012,1,1,24,0,14,6,SPRING ST,,0,33.81278611,-118.1409333,0,33,0,0,1,1,0,3,3,1,0,1,0,0000000,99,99,99,99,88,88,0,0,0,1,1
6,61589,1,1,0,1,1,1,1,71,1305,18,8,2012,7,3,28,1,12,3,SR-210,,0,34.136225,-117.4562472,0,8,0,0,5,1,0,1,2,1,0,1,0,0000000,99,99,99,99,88,88,19,0,0,1,0
6,61590,1,1,0,1,1,1,1,37,305,23,9,2012,1,6,2,0,14,6,BELLFLOWER BLVD,RAMONA ST,0,33.87302222,-118.1252111,0,8,0,0,3,2,0,1,3,1,0,1,0,0000000,99,99,99,99,99,99,0,0,0,1,0
6,61591,2,2,0,0,0,2,2,71,0,15,9,2012,7,21,55,0,2,4,CR-OLD HIGHWAY 58,,0,34.90972778,-117.0571056,0,12,2,0,1,1,0,1,2,1,0,1,0,0000000,99,99,99,99,99,99,0,0,0,1,0
6,61592,1,1,0,1,1,2,2,37,480,18,2,2012,7,15,45,0,14,6,EMPIRE AVE,,0,34.19333333,-118.3542194,0,8,0,0,1,1,0,1,1,1,0,1,0,0000000,99,99,99,99,88,88,0,0,0,1,0
6,61593,2,2,0,0,0,6,6,59,1410,23,9,2012,1,17,0,0,13,6,BROOKHURST ST,DEWEY DR,0,33.80008889,-117.9587361,0,42,0,0,3,3,0,3,1,1,0,1,0,0000000,99,99,99,99,99,99,0,0,0,1,0
6,61594,1,1,0,0,0,1,1,65,0,21,8,2012,3,99,99,1,2,3,SR-79,,58,33.45746944,-116.9003389,0,1,0,0,1,1,0,4,2,1,0,1,0,0000000,99,99,99,99,88,88,0,0,0,1,1
6,61595,1,1,0,1,1,1,1,53,0,7,9,2012,6,7,32,1,13,3,SR-1,FLANDERS DR,739,36.55773889,-121.9114389,0,8,0,0,3,3,0,1,1,1,0,1,0,0000000,99,99,99,99,99,99,0,0,0,1,0
6,61596,2,2,0,0,0,2,2,31,1540,15,9,2012,7,14,20,0,13,6,GRANGEVILLE BLVD,VINTAGE ST,0,36.34264167,-119.6782667,0,12,6,0,2,3,0,1,1,1,0,1,0,0000000,99,99,99,99,99,99,0,0,0,1,0
6,61597,1,1,0,1,1,1,1,37,2870,26,8,2012,1,20,38,0,13,6,HOLT AVE,,0,34.06286667,-117.7302889,0,8,0,0,1,1,0,1,3,1,0,1,0,0000000,99,99,99,99,88,88,0,0,0,1,0
6,61598,2,2,0,0,0,3,3,37,2260,9,8,2012,5,22,16,1,12,3,SR-60,,48,34.03351944,-118.1458306,0,12,6,1,18,1,0,1,3,1,0,1,0,0000000,99,99,99,99,99,99,19,23,0,2,1
6,61599,2,2,0,0,0,4,4,79,0,23,9,2012,1,23,51,1,2,3,SR-46,,453,35.6614,-120.4167,0,12,2,0,1,1,0,1,2,1,0,1,0,0000000,99,99,99,99,99,99,0,0,0,1,0
6,61600,2,1,1,0,2,1,3,59,1660,10,5,2012,5,1,56,0,15,6,SPRINGDALE ST,,0,33.70568056,-118.0237833,0,14,0,0,1,1,0,7,3,10,0,10,0,0000000,99,99,99,99,99,99,0,0,0,1,0
6,61601,1,1,0,1,1,1,1,19,1370,29,8,2012,4,23,9,0,15,6,GETTYSBURG AVE,,0,36.80132222,-119.7706361,0,8,0,0,1,1,0,1,3,1,0,1,0,0000000,99,99,99,99,99,99,0,0,0,1,1
6,61602,2,2,0,0,0,2,2,37,1840,24,9,2012,2,6,55,0,14,6,AVENUE L,CHALLENGER WAY,0,34.66048056,-118.1122583,0,12,2,0,2,3,0,1,1,1,0,1,0,0000000,99,99,99,99,99,99,0,0,0,1,0
6,61603,1,1,0,2,2,1,1,37,1970,30,8,2012,5,20,22,0,13,6,LONG BEACH BL,19TH ST,0,33.79172222,-118.1892667,0,10,0,0,6,1,0,1,3,1,0,1,0,9999999,99,99,99,99,99,99,0,0,0,1,1
6,61604,2,2,0,0,0,2,2,37,1980,24,9,2012,2,17,5,0,14,6,KESTER AVE,GILMORE ST,0,34.18756944,-118.4574722,0,12,7,0,2,3,0,1,1,1,0,1,0,0000000,99,99,99,99,99,99,0,0,0,1,0
6,61605,3,1,2,1,1,1,1,59,1660,28,7,2012,7,16,19,0,13,3,SR-1,,303,33.65943889,-118.0050917,0,9,0,0,1,1,0,1,1,1,0,1,0,0000000,99,99,99,99,88,88,0,0,0,1,0
6,61606,2,2,0,0,0,2,2,29,0,24,9,2012,2,23,18,1,1,1,I-5,,72,35.23314722,-119.1882028,0,12,1,0,1,1,1,1,2,1,0,1,0,0000000,99,99,99,99,88,88,3,0,0,1,0
6,61607,1,1,0,0,0,1,1,37,1980,25,9,2012,3,9,40,0,14,6,EXPOSITION BLVD,,0,34.01830833,-118.2844222,0,30,0,0,1,1,0,4,1,1,0,1,0,0000000,99,99,99,99,88,88,0,0,0,1,0
6,61608,1,1,0,1,1,1,1,37,1980,14,9,2012,6,8,55,0,13,6,VERMONT AVE,VERNON AVE,0,34.00364167,-118.2915194,0,9,0,0,3,2,0,1,1,1,0,1,0,0000000,99,99,99,99,88,88,0,0,0,1,0
6,61609,1,1,0,1,1,1,1,37,1980,25,9,2012,3,18,0,0,14,6,PICO BLVD,POINT VIEW ST,0,34.05218056,-118.3701056,0,8,0,0,3,2,0,1,1,1,0,1,0,0000000,99,99,99,99,99,99,0,0,0,1,0
6,61610,1,1,0,1,1,1,1,111,0,26,9,2012,4,14,55,0,15,6,WOODLAND ST,BROOKSHIRE AVE,0,34.27595833,-119.2118361,0,8,0,0,3,3,0,1,1,1,0,1,1,0000000,99,99,99,99,88,88,0,0,0,1,0
6,61611,1,1,0,1,1,1,1,73,0,6,7,2012,6,1,0,0,4,4,CR-VIA DE LA VALLE,,0,33.01956944,-117.19905,0,18,0,0,1,1,0,2,2,10,0,10,0,0000000,99,99,99,99,88,88,0,0,0,1,0
6,61612,2,2,0,0,0,3,3,81,490,7,9,2012,6,9,44,0,13,3,SR-82,TROUSDALE DR,156,37.59453333,-122.3830333,0,12,1,0,3,2,0,1,1,1,0,1,0,0000000,99,99,99,99,99,99,0,0,0,1,0
6,61613,1,1,0,1,1,1,1,79,0,12,9,2012,4,7,57,0,3,4,CR-HIGUERA ST,ONTARIO RD,0,35.22313056,-120.6929806,0,9,0,0,2,3,0,1,1,10,0,10,0,0000000,99,99,99,99,99,99,0,0,0,1,0
6,61614,1,1,0,0,0,1,1,73,2904,27,9,2012,5,16,42,0,14,6,COMMUNITY RD,,0,32.9687,-117.040575,0,1,0,0,1,1,0,1,1,1,0,1,0,0000000,99,99,99,99,99,99,0,0,0,1,0
6,61615,4,4,0,0,0,4,4,37,1980,27,9,2012,5,22,25,1,11,1,I-405,,375,34.13023889,-118.4736556,0,12,7,0,1,1,1,1,2,1,0,1,0,0000000,99,99,99,99,99,99,0,0,0,1,0
6,61616,1,1,0,0,0,3,3,73,0,8,7,2012,1,16,45,0,6,4,CR-D ST,13TH ST,0,33.0385,-116.8724611,0,5,0,0,3,2,0,1,1,1,0,1,0,0000000,99,99,99,99,99,99,0,0,0,1,1
6,61617,1,1,0,0,0,1,1,37,4190,20,9,2012,5,4,17,0,14,6,MAR VISTA ST,,0,33.97178611,-118.0252139,0,43,0,0,1,1,0,3,3,1,0,1,0,0000000,99,99,99,99,88,88,0,0,0,1,1
6,61618,1,1,0,0,0,2,2,71,1603,28,9,2012,6,0,30,1,11,1,I-15 RAMP,,374,34.46921111,-117.3457611,0,1,0,1,5,1,0,8,2,1,0,1,0,0000000,99,99,99,99,99,99,0,0,0,1,1
6,61619,3,3,0,1,1,7,7,37,1980,9,9,2012,1,21,7,1,11,1,I-405,,446,34.23356667,-118.4731556,0,8,0,0,1,1,0,1,3,1,0,1,0,0000000,99,99,99,99,88,88,0,0,0,1,0
6,61620,1,1,0,0,0,1,1,81,3220,8,9,2012,7,23,6,1,11,1,I-280,,200,37.61889167,-122.4249028,0,39,0,0,1,1,0,4,2,10,0,10,0,0000000,99,99,99,99,99,99,0,0,0,1,1
6,61621,1,1,0,0,0,2,2,7,2680,20,9,2012,5,23,11,0,15,6,PENTZ RD,,0,39.76932222,-121.5787028,0,32,0,0,1,1,0,4,3,1,0,1,0,0000000,99,99,99,99,99,99,0,0,0,1,0
6,61622,1,1,0,0,0,2,2,71,0,28,9,2012,6,19,24,1,2,3,SR-18,,266,34.23106944,-117.1669694,0,24,0,0,1,1,0,4,2,1,0,1,0,0000000,99,99,99,99,99,99,0,0,0,1,0
6,61623,1,1,0,1,1,1,1,41,2460,27,9,2012,5,14,59,0,13,6,NOVATO BLVD,,0,38.11966389,-122.6145111,0,9,0,0,1,1,0,1,1,1,0,1,0,0000000,99,99,99,99,99,99,0,0,0,1,0
6,61624,1,1,0,0,0,3,3,37,1980,9,9,2012,1,3,35,0,13,6,VENTURA BLVD,,0,34.13965,-118.3798694,0,43,0,0,1,1,0,4,3,1,0,1,0,0000000,99,99,99,99,88,88,0,0,0,3,1
6,61625,1,1,0,1,1,0,0,37,1980,21,9,2012,6,0,40,0,15,6,ARCHWOOD ST,,0,34.19292222,-118.4925778,0,8,0,0,1,1,0,1,3,1,0,1,0,0000000,99,99,99,99,88,88,0,0,0,1,0
6,61626,1,1,0,0,0,1,1,93,0,8,9,2012,7,22,15,0,5,4,CR-EASTSIDE RD,,0,41.47275,-122.8290611,0,30,0,0,1,1,0,4,2,1,0,1,0,0000000,99,99,99,99,88,88,0,0,0,1,1
6,61627,1,1,0,1,1,1,1,71,2238,10,9,2012,2,6,0,0,14,6,BENSON AVE,,0,34.08827222,-117.6808583,0,15,0,0,1,1,0,1,3,1,0,1,0,0000000,99,99,99,99,88,88,0,0,0,1,0
6,61628,2,2,0,0,0,3,3,37,4190,29,9,2012,7,20,6,0,13,3,SR-72,SANTA GERTRUDES AVE,10,33.94466944,-117.9943806,0,12,6,0,2,2,0,1,3,1,0,1,0,0000000,99,99,99,99,88,88,0,0,0,1,0
6,61629,1,1,0,1,1,1,1,1,0,12,9,2012,4,15,20,1,1,1,I-580,,327,37.70806111,-122.1224194,0,8,0,1,18,1,0,1,1,1,0,1,0,0000000,99,99,99,99,99,99,0,0,0,1,0
6,61630,2,2,0,0,0,2,2,73,560,10,9,2012,2,20,14,0,15,6,TAMARACK AVE,HIGH RIDGE AVE,0,33.15462222,-117.3185083,0,12,6,0,2,2,0,1,3,1,0,1,0,0000000,99,99,99,99,88,88,0,0,0,1,1
6,61631,2,2,0,0,0,4,4,29,0,14,9,2012,6,18,12,1,2,3,SR-65,,104,35.58161944,-119.0890306,0,12,2,0,1,1,0,2,1,1,0,1,0,0000000,99,99,99,99,99,99,0,0,0,1,0
6,61632,1,1,0,0,0,7,7,19,0,15,9,2012,7,10,20,1,1,1,I-5,,278,36.41066944,-120.3718194,0,1,0,0,1,1,0,3,1,1,0,1,0,0000000,99,99,99,99,99,99,0,0,0,1,0
6,61633,1,1,0,0,0,1,1,73,3260,3,10,2012,4,0,7,0,15,6,EUCLID AVE,,0,32.73683889,-117.0892278,0,1,0,0,1,1,0,4,2,1,0,1,0,0000000,99,99,99,99,88,88,20,0,0,1,1
6,61634,1,1,0,0,0,1,1,47,0,14,9,2012,6,23,38,0,4,4,CR-SANTA FE AVE,CHILDS AVE,0,37.288,-120.3199194,0,31,0,0,3,4,0,4,2,1,0,1,0,0000000,99,99,99,99,88,88,0,0,0,1,1
6,61635,1,1,0,1,1,2,2,59,1345,30,9,2012,1,0,13,0,14,6,NEWHOPE ST,SOUTHPARK AVE,0,33.70375,-117.9345,0,15,0,0,3,2,0,1,3,1,0,1,0,0000000,99,99,99,99,88,88,0,0,0,1,0
6,61636,2,1,1,0,0,2,2,53,3180,18,9,2012,3,19,15,0,16,6,VAN BUREN AVE,,0,36.72840278,-121.6499833,0,1,0,0,1,1,0,1,3,10,0,10,0,0000000,99,99,19,18,99,99,0,0,0,1,1
6,61637,1,1,0,0,0,1,1,71,0,14,9,2012,6,99,99,0,6,4,CR-RANCHO RD,,0,34.44851944,-117.5426,0,1,0,0,1,1,0,1,1,1,0,1,0,0000000,99,99,99,99,99,99,0,0,0,1,0
6,61638,2,2,0,0,0,2,2,59,80,30,9,2012,1,8,46,0,13,6,E ORANGETHROPE AVE,,0,33.85955,-117.9114278,0,12,6,0,8,1,0,1,1,1,0,1,0,0000000,99,99,99,99,99,99,0,0,0,1,0
6,61639,1,1,0,1,1,1,1,111,3860,24,9,2012,2,8,5,0,16,6,MONTE CARLO DR,ERBES RD,0,34.22401944,-118.8426778,0,8,0,0,3,2,0,1,1,1,0,1,0,0000000,99,99,99,99,99,99,0,0,0,1,0
6,61640,1,1,0,0,0,1,1,39,0,30,9,2012,1,3,30,1,2,3,SR-99 RAMP,,38,36.88151944,-119.9788806,0,1,0,1,5,1,0,5,3,1,0,1,0,0000000,99,99,99,99,88,88,0,0,0,1,1
6,61641,1,1,0,0,0,1,1,15,0,30,9,2012,1,11,15,0,6,4,CR-SOURDOUGH RD,,0,41.99546667,-123.9436556,0,18,0,0,1,1,0,4,1,1,0,1,0,0000000,99,99,99,99,99,99,0,0,0,1,0
6,61642,3,3,0,0,0,4,4,65,1580,30,9,2012,1,14,3,1,13,3,SR-74,STATE ST,406,33.74754167,-116.9716944,0,12,6,0,2,2,0,1,1,1,0,1,0,0000000,99,99,99,99,99,99,0,0,0,1,1
6,61643,2,2,0,0,0,2,2,107,3920,5,10,2012,6,13,59,0,13,6,K ST,,0,36.18367778,-119.3406389,0,43,0,0,1,1,0,1,1,1,0,1,0,9999999,99,99,99,99,88,88,0,0,0,1,1
6,61644,1,1,0,0,0,1,1,85,3340,6,10,2012,7,6,45,0,12,3,SR-237 RAMP,,82,37.42123056,-121.9379694,0,5,0,1,5,1,0,8,4,1,0,1,0,0000000,99,99,99,99,99,99,0,0,0,1,0
6,61645,1,1,0,0,0,1,1,27,0,6,10,2012,7,9,5,1,2,2,US-395,,1249,37.40378056,-118.5386194,0,42,0,0,1,1,0,3,1,1,0,1,0,0000000,99,99,99,99,88,88,0,0,0,1,0
6,61646,3,3,0,0,0,8,8,37,4120,2,10,2012,3,23,20,1,11,1,I-10,,344,34.07218056,-117.94455,0,12,1,0,1,1,0,1,2,1,0,1,0,0000000,99,99,99,99,99,99,0,0,0,1,1
6,61647,1,1,0,0,0,2,2,107,0,1,10,2012,2,7,0,0,5,4,CR-RD 40,,0,35.97186111,-119.4828806,0,1,0,0,1,1,0,5,4,1,0,1,0,0000000,99,99,99,99,99,99,0,0,0,1,0
6,61648,3,2,1,0,0,2,2,37,1980,4,10,2012,5,12,5,0,15,6,GAFFEY ST,,0,33.72661667,-118.2924,0,12,7,0,1,1,0,1,1,1,0,1,0,0000000,99,99,99,99,99,99,0,0,0,1,0