STATE,ST_CASE,VE_TOTAL,VE_FORMS,PVH_INVL,PEDS,PERNOTMVIT,PERMVIT,PERSONS,COUNTY,CITY,DAY,MONTH,YEAR,DAY_WEEK,HOUR,MINUTE,NHS,ROAD_FNC,ROUTE,TWAY_ID,TWAY_ID2,MILEPT,LATITUDE,LONGITUD,SP_JUR,HARM_EV,MAN_COLL,RELJCT1,RELJCT2,TYP_INT,WRK_ZONE,REL_ROAD,LGT_COND,WEATHER1,WEATHER2,WEATHER,SCH_BUS,RAIL,NOT_HOUR,NOT_MIN,ARR_HOUR,ARR_MIN,HOSP_HR,HOSP_MN,CF1,CF2,CF3,FATALS,DRUNK_DR
6,61649,1,1,0,0,0,2,2,37,2645,1,10,2012,2,6,40,0,13,6,50TH ST E,,0,34.64955,-118.041,0,1,0,0,1,1,0,5,1,1,0,1,0,0000000,99,99,99,99,99,99,0,0,0,1,0
6,61650,1,1,0,1,1,2,2,41,3410,6,10,2012,7,17,23,0,16,6,MEDWAY RD,CANAL ST,0,37.96508056,-122.5083889,0,8,0,0,3,3,0,1,5,1,0,1,0,0000000,99,99,99,99,99,99,0,0,0,1,0
6,61651,1,1,0,0,0,1,1,15,0,6,10,2012,7,18,55,1,2,2,US-199,,268,41.8952,-123.787575,0,1,0,0,1,1,0,1,5,1,0,1,0,0000000,99,99,99,99,88,88,0,0,0,1,0
6,61652,2,1,1,1,2,1,2,59,1345,1,10,2012,2,7,16,0,16,6,LAWSON RIVER AVE,,0,33.69671944,-117.9443111,0,14,0,0,1,1,0,2,1,1,0,1,0,0000000,99,99,99,99,88,88,15,0,0,1,0
6,61653,1,1,0,1,1,1,1,67,3150,8,10,2012,2,4,30,0,15,6,W STOCKTON BLVD,,0,38.44403333,-121.4048694,0,8,0,0,1,1,0,1,3,1,0,1,0,0000000,99,99,99,99,88,88,0,0,0,1,0
6,61654,2,2,0,0,0,2,2,37,1980,9,10,2012,3,18,40,0,15,6,N MISSION RD,SUPREME CT,0,34.07713889,-118.1943528,0,12,6,0,2,2,0,1,3,1,0,1,0,0000000,99,99,99,99,99,99,0,0,0,1,0
6,61655,2,2,0,0,0,2,2,37,1980,1,10,2012,2,15,45,0,13,6,WESTERN AVE,254TH ST,0,33.79381667,-118.3076611,0,12,6,0,2,2,0,1,1,1,0,1,0,0000000,99,99,99,99,99,99,0,0,0,1,0
6,61656,2,2,0,0,0,6,6,19,0,2,10,2012,3,7,5,0,2,4,CR-SOUTH AVE,MC CALL AVE,0,36.61983333,-119.6106583,0,12,6,0,2,2,0,1,1,1,0,1,0,0000000,99,99,99,99,99,99,0,0,0,4,0
6,61657,1,1,0,1,1,1,1,107,2880,10,10,2012,4,17,11,0,13,6,OLIVE AVE,DAMERON ST,0,36.06590556,-119.0447083,0,8,0,0,3,3,0,1,1,1,0,1,0,0000000,99,99,99,99,99,99,0,0,0,1,0
6,61658,1,1,0,1,1,1,1,29,0,11,10,2012,5,11,40,0,14,4,CR-JACKS RANCH ROAD,,0,35.63943889,-117.7230389,0,9,0,0,1,1,0,4,1,1,0,1,0,0000000,99,99,99,99,99,99,0,0,0,1,0
6,61659,1,1,0,1,1,2,2,37,1980,12,10,2012,6,5,50,0,14,6,OXNARD ST,RADFORD AVE,0,34.17943611,-118.3921722,0,9,0,0,3,2,0,1,3,10,0,10,0,0000000,99,99,99,99,88,88,0,0,0,1,0
6,61660,2,2,0,0,0,2,2,107,0,12,10,2012,6,11,35,0,2,3,SR-63,,134,36.40333056,-119.29625,0,12,2,0,1,1,0,1,1,10,0,10,0,0000000,99,99,99,99,88,88,0,0,0,2,0
6,61661,1,1,0,1,1,1,1,73,3260,13,10,2012,7,1,24,0,13,6,LA JOLLA VILLAGE DR,I5 OFFRAMP,286,32.87188333,-117.2305778,0,8,0,1,2,3,0,1,3,1,0,1,0,0000000,99,99,99,99,88,88,0,0,0,1,0
6,61662,1,1,0,1,1,1,1,37,1980,12,10,2012,6,22,30,0,14,6,RAMPART BLVD,,0,34.06726667,-118.2770306,0,8,0,0,1,1,0,1,2,1,0,1,0,0000000,99,99,99,99,99,99,0,0,0,1,0
6,61663,2,2,0,0,0,7,7,37,810,13,10,2012,7,0,57,0,14,6,EL SEGUNDO BL,WILMINGTON AVE,0,33.91618333,-118.23915,0,12,6,0,2,2,0,1,3,1,0,1,0,0000000,99,99,99,99,99,99,0,0,0,2,0
6,61664,1,1,0,1,1,1,1,37,1980,12,10,2012,6,23,50,0,14,6,TOPANGA CANYON BLVD,SATICOY RD,0,34.20833333,-118.605975,0,8,0,0,3,2,0,1,3,1,0,1,0,0000000,99,99,99,99,99,99,0,0,0,1,0
6,61665,1,1,0,1,1,2,2,37,30,13,10,2012,7,12,15,0,13,6,MAIN ST,PALM AVE,0,34.09149722,-118.1450472,0,9,0,0,3,7,0,1,1,1,0,1,0,0000000,99,99,99,99,99,99,0,0,0,1,0
6,61666,1,1,0,0,0,2,2,71,0,14,10,2012,1,0,40,1,1,1,I-40,,857,34.73582778,-115.5453556,0,1,0,0,1,1,0,5,2,1,0,1,0,0000000,99,99,99,99,99,99,0,0,0,1,0
6,61667,1,1,0,0,0,1,1,99,0,14,10,2012,1,19,15,0,5,4,CR-SERVICE RD,,0,37.58053056,-121.0183,0,1,0,0,1,1,0,1,2,1,0,1,0,0000000,99,99,99,99,88,88,0,0,0,1,1
6,61668,3,1,2,2,2,1,1,89,0,29,2,2012,4,6,14,1,1,1,I-5,,19,40.40389722,-122.2816333,0,23,0,1,18,1,0,3,4,10,0,10,0,0000000,99,99,99,99,99,99,19,0,0,1,0
6,61669,1,1,0,0,0,1,1,37,1700,7,1,2012,7,2,32,0,13,6,CENTURY BLVD,,0,33.94548056,-118.3340361,0,30,0,0,1,1,0,4,3,5,0,5,0,0000000,99,99,99,99,88,88,0,0,0,1,1
6,61670,1,1,0,1,1,1,1,1,2480,30,1,2012,2,6,6,0,12,3,SR-61,,175,37.74231667,-122.2177528,0,8,0,0,1,1,0,1,2,10,0,10,0,0000000,99,99,99,99,88,88,0,0,0,1,0
6,61671,2,2,0,0,0,4,4,65,0,16,5,2012,4,0,1,0,3,4,CR-IOWA AVE,,0,34.01896667,-117.3395417,0,12,2,0,1,1,0,1,2,1,0,1,0,0000000,99,99,99,99,99,99,0,0,0,1,1
6,61672,1,1,0,0,0,1,1,37,1700,15,8,2012,4,17,5,1,11,1,I-405 ON RAMP,,224,33.94710833,-118.3673278,0,24,0,1,5,1,0,4,1,1,0,1,0,0000000,99,99,99,99,99,99,0,0,0,1,0
6,61673,1,1,0,0,0,1,1,1,2480,1,3,2012,5,3,0,1,11,1,I-880 RAMP,,350,37.82525556,-122.2906528,0,39,0,1,5,1,0,4,3,1,0,1,0,0000000,99,99,99,99,88,88,0,0,0,1,1
6,61674,1,1,0,1,1,2,2,59,2400,14,9,2012,6,10,40,0,15,6,BAYSIDE DR,SR-1,181,33.61618889,-117.9008417,0,9,0,0,3,2,0,1,1,1,0,1,0,0000000,99,99,99,99,88,88,0,0,0,1,0
6,61675,1,1,0,0,0,2,2,103,0,28,6,2012,5,2,4,1,1,1,I-5,,387,40.32660556,-122.2809,0,24,0,1,18,1,4,4,2,1,0,1,0,0000000,99,99,99,99,99,99,0,0,0,1,0
6,61676,1,1,0,0,0,1,1,73,710,8,7,2012,1,23,28,0,16,6,CRESTED BUTTE,BROADWAY,0,32.61198333,-117.0820306,0,17,0,0,3,1,0,4,3,1,0,1,0,0000000,99,99,99,99,99,99,0,0,0,1,1
6,61677,1,1,0,0,0,2,2,37,720,2,7,2012,2,10,28,0,12,3,SR-210,,498,34.12007778,-117.7316361,0,39,0,1,17,1,0,4,1,1,0,1,0,0000000,99,99,99,99,99,99,0,0,0,1,0
6,61678,1,1,0,0,0,1,1,73,0,28,7,2012,7,9,53,0,4,4,CR-CASTLE RD,,0,33.25626944,-117.0778806,0,1,0,0,1,1,0,1,1,1,0,1,0,0000000,99,99,99,99,88,88,0,0,0,1,0
6,61679,2,2,0,0,0,2,2,59,9997,15,8,2012,4,12,5,0,16,6,PEACHWOOD,PALMWOOD CIR,0,33.65223333,-117.688275,0,1,0,0,2,3,0,1,1,1,0,1,0,0000000,99,99,99,99,99,99,14,0,0,1,0
6,61680,3,3,0,1,1,3,3,73,3260,8,9,2012,7,23,45,1,11,1,I-5,,166,32.72435,-117.1648389,0,8,0,0,1,1,0,1,2,1,0,1,0,0000000,99,99,99,99,99,99,14,0,0,1,0
6,61681,2,1,1,0,1,1,2,65,9997,7,7,2012,7,22,31,1,12,3,SR-60,,82,34.00793889,-117.4212389,0,14,0,0,1,1,0,2,2,1,0,1,0,0000000,99,99,99,99,88,88,0,0,0,1,0
6,61682,1,1,0,1,1,1,1,31,0,19,8,2012,1,3,10,1,2,3,SR-198,,221,36.32811944,-119.5850306,0,8,0,0,1,1,0,1,2,1,0,1,0,0000000,99,99,99,99,88,88,0,0,0,1,0
6,61683,4,1,3,0,0,3,3,37,1980,13,7,2012,6,22,10,0,16,6,HERRICK AVE,,0,34.281925,-118.4262528,0,14,0,0,1,1,0,2,3,1,0,1,0,0000000,99,99,99,99,99,99,20,0,0,1,0
6,61684,1,1,0,1,1,1,1,83,0,11,9,2012,3,20,45,0,2,4,CR-HOLLISTER AVE,,0,34.43961944,-119.7730139,0,8,0,0,1,1,0,1,2,10,0,10,0,0000000,99,99,99,99,99,99,0,0,0,1,0
6,61685,1,1,0,0,0,1,1,59,3960,3,8,2012,6,7,54,1,12,3,SR-55,,110,33.74833056,-117.8319694,0,1,0,0,1,1,0,1,1,1,0,1,0,0000000,99,99,99,99,99,99,0,0,0,1,0
6,61686,1,1,0,0,0,2,2,37,0,14,9,2012,6,8,50,1,1,1,I-5,,849,34.79247778,-118.835725,0,24,0,0,1,1,1,3,1,1,0,1,0,0000000,99,99,99,99,99,99,0,0,0,1,0
6,61687,3,3,0,0,0,3,3,1,0,6,8,2012,2,5,15,1,1,1,I-238,,159,37.69021667,-122.1227778,0,12,1,0,1,1,0,1,2,10,0,10,0,0000000,99,99,99,99,88,88,0,0,0,1,0
6,61688,1,1,0,0,0,1,1,81,0,6,8,2012,2,18,32,0,4,4,CR-PESCADERO RD,,0,37.26076944,-122.3391,0,1,0,0,1,1,0,4,1,1,0,1,0,0000000,99,99,99,99,88,88,0,0,0,1,1
6,61689,3,3,0,0,0,5,5,65,0,14,9,2012,6,16,14,0,2,3,SR-60,,289,33.93351667,-117.0093694,0,12,2,0,1,1,0,1,1,1,0,1,0,0000000,99,99,99,99,99,99,0,0,0,1,0
6,61690,1,1,0,0,0,1,1,59,0,23,4,2012,2,3,26,1,2,3,SR-133,,48,33.60251111,-117.76225,0,1,0,0,1,1,0,3,2,2,0,2,0,0000000,99,99,99,99,88,88,0,0,0,1,1
6,61691,3,3,0,0,0,3,3,59,9997,7,8,2012,3,12,59,0,13,6,EL TORO RD,,0,33.62766111,-117.6917389,0,12,2,0,1,1,0,1,1,1,0,1,0,0000000,99,99,99,99,99,99,0,0,0,1,0
6,61692,2,2,0,0,0,4,4,37,0,5,5,2012,7,16,42,0,6,4,CR-93RD ST,,0,33.95,-118.29,0,12,6,0,8,1,0,1,1,1,0,1,0,0000000,99,99,99,99,99,99,0,0,0,1,1
6,61693,1,1,0,0,0,1,1,55,0,8,8,2012,4,11,15,0,4,4,CR-BUTTS CANYON RD,,0,38.68321944,-122.4458889,0,35,0,0,1,1,0,4,1,1,0,1,0,0000000,99,99,99,99,99,99,0,0,0,1,0
6,61694,3,3,0,0,0,3,3,67,0,8,8,2012,4,12,25,0,2,3,SR-16,,80,38.520475,-121.3037111,0,12,2,0,1,1,0,1,1,1,0,1,0,0000000,99,99,99,99,99,99,0,0,0,1,0
6,61695,1,1,0,1,1,5,5,85,3340,14,9,2012,6,19,45,0,16,6,FARM DR,,0,37.27970278,-121.8702972,0,15,0,0,1,1,0,1,5,1,0,1,0,0000000,99,99,99,99,99,99,0,0,0,1,0
6,61696,1,1,0,0,0,3,3,93,0,26,8,2012,1,21,11,1,1,1,I-5,,618,41.5403,-122.5661111,0,43,0,0,1,1,0,4,2,1,0,1,0,0000000,99,99,99,99,99,99,0,0,0,1,0
6,61697,1,1,0,0,0,2,2,71,0,5,10,2012,6,14,0,1,1,1,I-40,,96,34.84716111,-116.8486,0,1,0,0,1,1,0,3,1,1,0,1,0,0000000,99,99,99,99,99,99,0,0,0,2,0
6,61698,1,1,0,0,0,2,2,73,0,18,6,2012,2,23,50,0,6,4,CR-CALAVO DR,,0,33.1389,-117.1132194,0,43,0,0,1,1,0,4,2,1,0,1,0,0000000,99,99,99,99,99,99,0,0,0,1,1
6,61699,2,2,0,0,0,4,4,59,3420,16,7,2012,2,8,21,0,13,6,WESTMINSTER AVE,SEABOARD CIR,0,33.75983611,-117.9226056,0,12,6,0,2,3,0,1,1,10,0,10,0,0000000,99,99,99,99,99,99,0,0,0,1,0
6,61700,1,1,0,0,0,1,1,71,0,6,10,2012,7,12,55,0,2,4,CR-AMBOY RD,,0,34.2473,-115.7239111,0,5,0,0,1,1,0,5,1,1,0,1,0,0000000,99,99,99,99,88,88,0,0,0,1,0
6,61701,3,1,2,0,0,3,3,73,1200,6,10,2012,7,2,36,0,14,6,BROADWAY,,0,33.14595833,-117.0904361,0,14,0,0,1,1,0,4,3,1,0,1,0,0000000,99,99,99,99,99,99,0,0,0,2,1
6,61702,1,1,0,0,0,1,1,27,0,8,10,2012,2,7,9,1,2,2,US-395,,970,37.12326944,-118.2639194,0,1,0,0,1,1,0,5,4,1,0,1,0,0000000,99,99,99,99,99,99,0,0,0,1,1
6,61703,2,2,0,0,0,5,5,103,0,12,10,2012,6,15,14,1,2,3,SR-99,,198,40.13185,-122.1236889,0,12,6,0,8,1,0,1,1,10,0,10,0,0000000,99,99,99,99,99,99,0,0,0,1,0
6,61704,3,3,0,0,0,3,3,47,0,16,7,2012,2,18,6,0,4,4,CR-EL CAPITAN WY,,0,37.43388333,-120.7512583,0,1,0,0,8,1,0,1,1,1,0,1,0,0000000,99,99,99,99,99,99,0,0,0,1,0
6,61705,1,1,0,0,0,1,1,37,1980,21,6,2012,5,2,35,1,11,1,I-10,,82,34.03265,-118.3883889,0,42,0,0,1,1,0,4,3,10,0,10,0,0000000,99,99,99,99,88,88,0,0,0,1,1
6,61706,2,2,0,0,0,2,2,37,1980,4,10,2012,5,19,35,0,15,6,WESTWOOD BLVD,ASHTON AVE,0,34.05783889,-118.4432861,0,1,0,0,2,3,0,1,3,1,0,1,0,0000000,99,99,99,99,88,88,0,0,0,1,0
6,61707,2,2,0,1,1,2,2,37,0,28,7,2012,7,21,11,0,2,4,CR-WESTERN AVE,,0,33.93756944,-118.3090694,0,8,0,0,1,1,0,1,3,1,0,1,0,0000000,99,99,99,99,88,88,0,0,0,1,0
6,61708,1,1,0,0,0,3,3,77,0,15,9,2012,7,5,45,1,2,3,SR-88,,133,38.15350278,-121.1559861,0,42,0,0,1,1,0,4,3,1,0,1,0,0000000,99,99,99,99,99,99,0,0,0,1,1
6,61709,3,3,0,0,0,4,4,99,0,16,8,2012,5,18,22,1,2,3,SR-132,HART RD,84,37.637875,-121.1221583,0,12,6,0,2,2,0,1,1,1,0,1,0,0000000,99,99,99,99,99,99,0,0,0,1,0
6,61710,3,3,0,0,0,4,4,37,0,23,8,2012,5,13,15,1,2,3,SR-60,,117,34.03396944,-118.0274306,0,12,6,1,5,1,0,1,1,1,0,1,0,0000000,99,99,99,99,88,88,0,0,0,2,0
6,61711,1,1,0,1,1,1,1,59,2400,15,9,2012,7,9,47,0,14,6,NEWPORT COAST DR,,0,33.59887222,-117.8339917,0,9,0,0,1,1,0,1,1,1,0,1,0,0000000,99,99,99,99,99,99,0,0,0,1,0
6,61712,1,1,0,0,0,1,1,37,1970,4,9,2012,3,0,19,1,11,1,I-710,,61,33.86106389,-118.2001722,0,1,0,0,1,1,0,1,3,1,0,1,0,0000000,99,99,99,99,99,99,0,0,0,1,1
6,61713,1,1,0,1,1,1,1,13,110,17,8,2012,6,5,20,0,13,6,E 18TH ST,,0,38.00491667,-121.7780278,0,9,0,0,1,1,0,1,3,1,0,1,0,0000000,99,99,99,99,99,99,0,0,0,1,0
6,61714,2,2,0,0,0,2,2,111,3860,25,9,2012,3,15,42,0,12,3,SR-23,,6,34.13411944,-118.8514972,0,1,0,0,1,1,0,1,1,1,0,1,0,0000000,99,99,99,99,99,99,0,0,0,1,0
6,61715,1,1,0,0,0,1,1,111,0,30,9,2012,1,7,5,1,2,3,SR-126,,292,34.4111,-118.7817,0,43,0,0,1,1,0,2,1,1,0,1,0,0000000,99,99,99,99,88,88,0,0,0,1,0
6,61716,2,2,0,0,0,2,2,37,0,1,9,2012,7,18,48,0,3,4,CR-ELIZABETH LAKE RD,MESQUITE RD,0,34.58720278,-118.1547306,0,12,6,0,2,3,0,1,5,1,0,1,0,0000000,99,99,99,99,99,99,0,0,0,1,0
6,61717,3,2,1,0,0,2,2,73,3260,10,10,2012,4,12,0,0,15,6,E MISSION BAY DR,,0,32.77189167,-117.2077944,0,12,6,0,8,1,0,1,1,1,0,1,0,0000000,99,99,99,99,99,99,0,0,0,1,0
6,61718,1,1,0,1,1,1,1,85,2311,15,9,2012,7,22,20,0,14,6,CALIFORNIA ST,PETTIS AVE,0,37.39440278,-122.0881861,0,8,0,0,3,2,0,1,3,1,0,1,0,0000000,99,99,99,99,99,99,0,0,0,1,0
6,61719,1,1,0,1,1,1,1,37,930,30,6,2012,7,22,10,0,12,3,SR-90 RAMP,,28,33.98916944,-118.3992806,0,8,0,1,5,1,0,1,2,1,0,1,0,0000000,99,99,99,99,88,88,0,0,0,1,0
6,61720,1,1,0,0,0,2,2,73,3499,8,9,2012,7,15,1,0,12,3,SR-67,,32,32.84688889,-116.9562389,0,1,0,0,1,1,0,1,1,1,0,1,0,0000000,99,99,99,99,99,99,0,0,0,1,0
6,61721,3,3,0,0,0,6,6,71,4040,12,10,2012,6,21,45,1,11,1,I-15,,408,34.50668889,-117.3232,0,12,6,1,5,1,0,1,2,1,0,1,0,0000000,99,99,99,99,99,99,0,0,0,1,0
6,61722,1,1,0,1,1,2,2,67,0,23,9,2012,1,20,30,0,4,4,CR-32ND ST,,0,38.67909167,-121.3920861,0,8,0,0,1,1,0,1,2,1,0,1,0,0000000,99,99,99,99,88,88,0,0,0,1,0
6,61723,1,1,0,1,1,1,1,65,2278,20,8,2012,2,14,20,0,15,6,GRAHAM ST,,0,33.94469722,-117.2527361,0,33,0,0,1,1,0,4,1,1,0,1,0,0000000,99,99,99,99,88,88,0,0,0,1,0
6,61724,1,1,0,0,0,1,1,1,1560,3,9,2012,2,11,30,1,12,3,SR-92,,47,37.62908056,-122.1177,0,42,0,0,1,1,0,5,1,1,0,1,0,0000000,99,99,99,99,88,88,0,0,0,1,1
6,61725,3,3,0,0,0,3,3,37,306,19,9,2012,4,21,31,0,13,6,FLORENCE AVE,DARWELL AVE,0,33.966875,-118.1549806,0,12,6,0,2,3,0,1,3,1,0,1,0,0000000,99,99,99,99,99,99,0,0,0,1,2
6,61726,1,1,0,0,0,3,3,73,0,9,9,2012,1,16,54,1,1,1,I-15,,427,33.27678889,-117.1530194,0,33,0,0,1,1,0,4,1,2,0,2,0,0000000,99,99,99,99,99,99,0,0,0,1,0
6,61727,1,1,0,1,1,1,1,81,2980,28,9,2012,6,0,31,1,12,2,US-101,,43,37.48601111,-122.1926389,0,8,0,0,1,1,0,1,2,1,0,1,0,0000000,99,99,99,99,99,99,19,0,0,1,0
6,61728,2,2,0,0,0,7,7,45,0,23,8,2012,5,11,48,1,2,2,US-101,,19,38.8362,-123.0208583,0,12,6,0,1,1,0,1,1,1,0,1,0,0000000,99,99,99,99,99,99,0,0,0,3,0
6,61729,1,1,0,1,1,1,1,65,2278,27,7,2012,6,23,43,0,13,6,PERRIS BLVD,,0,33.89843611,-117.2263278,0,8,0,0,1,1,0,1,3,1,0,1,0,0000000,99,99,99,99,99,99,0,0,0,1,0
6,61730,2,2,0,0,0,4,4,65,0,29,9,2012,7,23,22,1,2,3,SR-74,,347,33.73978889,-117.0695,0,12,2,0,1,1,0,1,2,1,0,1,0,0000000,99,99,99,99,99,99,0,0,0,1,1
6,61731,3,3,0,0,0,7,7,65,0,26,9,2012,4,15,36,0,15,4,CR-DILLON RD,HOT SPRINGS RD,0,33.90014722,-116.3536194,0,12,6,0,2,3,0,1,1,1,0,1,0,0000000,99,99,99,99,99,99,14,0,0,2,0
6,61732,2,2,0,0,0,2,2,37,1980,30,9,2012,1,3,29,1,11,1,I-5,,186,34.05608056,-118.2142694,0,12,1,0,1,1,0,1,3,1,0,1,0,0000000,99,99,99,99,99,99,0,0,0,1,1
6,61733,2,2,0,0,0,2,2,73,0,14,9,2012,6,13,15,0,2,3,SR-76,SR-79,523,33.19931944,-116.7102194,0,12,6,0,2,3,0,1,1,1,0,1,0,0000000,99,99,99,99,88,88,0,0,0,1,0
6,61734,1,1,0,1,1,2,2,13,2583,16,9,2012,1,2,29,1,12,3,SR-24,,22,37.85367778,-122.2211,0,8,0,0,1,1,0,1,2,1,0,1,0,0000000,99,99,99,99,88,88,23,0,0,1,0
6,61735,2,2,0,0,0,2,2,67,0,12,10,2012,6,6,20,1,1,1,I-5,,34,38.30229167,-121.4612361,0,12,6,0,1,1,4,2,2,10,0,10,0,0000000,99,99,99,99,99,99,0,0,0,1,0
6,61736,6,6,0,0,0,21,21,71,0,17,8,2012,6,12,48,1,1,1,I-15,,874,34.91268889,-116.7964361,0,12,1,0,1,1,0,1,1,1,0,1,0,0000000,99,99,99,99,99,99,0,0,0,1,0
6,61737,1,1,0,0,0,1,1,107,4050,27,9,2012,5,0,35,0,14,6,WALNUT AVE,,0,36.31291667,-119.3064861,0,42,0,0,1,1,0,4,3,1,0,1,0,0000000,99,99,99,99,99,99,0,0,0,1,0
6,61738,4,4,0,0,0,6,6,37,639,5,10,2012,6,18,50,1,12,3,SR-91,,198,33.86953889,-118.0549639,0,1,0,1,18,1,0,1,5,1,0,1,0,0000000,99,99,99,99,88,88,0,0,0,1,1
6,61739,1,1,0,1,1,1,1,73,1876,11,8,2012,7,21,47,0,14,6,FEDERAL BLVD,,0,32.74291667,-117.0481444,0,9,0,0,1,1,0,1,3,1,0,1,0,0000000,99,99,99,99,99,99,0,0,0,1,1
6,61740,1,1,0,3,3,1,1,83,3460,22,9,2012,7,20,27,1,12,3,SR-135,,153,34.94670833,-120.4359417,0,8,0,0,1,1,0,1,3,1,0,1,0,0000000,99,99,99,99,99,99,0,0,0,1,1
6,61741,1,1,0,0,0,1,1,13,1779,7,10,2012,1,13,27,0,14,6,PLEASANT HILL RD,,0,37.90682778,-122.1004611,0,38,0,0,1,1,0,4,1,1,0,1,0,0000000,13,30,13,36,99,99,0,0,0,1,0
6,61742,2,2,0,0,0,2,2,71,0,4,10,2012,5,18,2,0,4,4,CR-SHEEP CREEK RD,GOSS RD,0,34.45541389,-117.5727306,0,12,6,0,2,2,0,1,1,1,0,1,0,0000000,99,99,99,99,99,99,0,0,0,1,0
6,61743,1,1,0,0,0,1,1,115,0,16,9,2012,1,22,44,1,2,3,SR-20,,45,39.17606944,-121.5486,0,59,0,0,1,1,0,4,2,1,0,1,0,0000000,99,99,99,99,88,88,0,0,0,1,1
6,61744,1,1,0,1,1,1,1,19,1370,4,10,2012,5,19,46,0,12,3,SR-99,,646,36.77306667,-119.8394,0,8,0,0,1,1,0,1,3,1,0,1,0,0000000,99,99,99,99,88,88,0,0,0,1,0
6,61745,2,2,0,0,0,4,4,19,0,12,10,2012,6,8,5,0,4,4,CR-BETHEL AVE,CR-ADAMS AVE,0,36.63416667,-119.574725,0,12,6,0,2,2,0,1,1,10,0,10,0,0000000,99,99,99,99,99,99,0,0,0,1,0
6,61746,1,1,0,1,1,2,2,83,1950,7,10,2012,1,18,16,0,14,6,NORTH AVE,R ST,0,34.65348333,-120.4704,0,15,0,0,3,2,0,1,1,1,0,1,0,0000000,99,99,18,22,99,99,0,0,0,1,0
6,61747,1,1,0,1,1,1,1,37,2458,16,9,2012,1,19,35,0,15,6,BOMBARDIER AVE,CYCLOPS STREET,0,33.92285,-118.0771944,0,8,0,0,3,2,0,1,3,1,0,1,0,0000000,99,99,99,99,99,99,0,0,0,1,0
6,61748,2,2,0,0,0,2,2,73,0,5,10,2012,6,7,45,0,4,4,CR-SAN DIEGUITO RD,,0,32.98537222,-117.1963861,0,12,6,0,1,1,0,1,1,1,0,1,0,0000000,99,99,99,99,99,99,0,0,0,1,0
6,61749,2,2,0,0,0,3,3,99,0,3,9,2012,2,14,48,0,2,3,SR-33,,228,37.58203889,-121.2346611,0,12,6,0,1,1,0,1,1,1,0,1,0,0000000,99,99,99,99,99,99,0,0,0,1,0
6,61750,2,2,0,0,0,3,3,19,0,21,9,2012,6,7,35,0,4,4,CR-TEMPERANCE AVE,CR-AMERICAN AVE,0,36.66348889,-119.6639139,0,12,6,0,2,2,0,1,1,1,0,1,0,0000000,99,99,99,99,99,99,0,0,0,1,0
6,61751,1,1,0,0,0,1,1,85,2182,5,10,2012,6,10,49,1,11,1,I-880 RAMP,,80,37.42380278,-121.9162194,0,52,0,1,5,1,0,4,1,1,0,1,0,0000000,99,99,99,99,88,88,0,0,0,1,0
6,61752,3,3,0,0,0,3,3,1,2480,10,9,2012,2,22,5,1,11,1,I-580,,362,37.75189167,-122.1520167,0,1,0,1,18,1,0,1,2,1,0,1,0,0000000,99,99,99,99,88,88,14,0,0,1,1
6,61753,1,1,0,0,0,8,8,23,0,12,10,2012,6,21,40,0,3,3,SR-96,,45,40.99661111,-123.6288611,0,1,0,0,1,1,0,5,2,10,0,10,0,0000000,99,99,99,99,99,99,0,0,0,1,1
6,61754,2,2,0,0,0,2,2,29,0,15,10,2012,2,6,30,1,2,3,SR-14,PURDY RD,144,35.02470833,-118.1659778,0,12,6,0,2,2,0,1,4,1,0,1,0,0000000,99,99,99,99,99,99,0,0,0,1,0
6,61755,1,1,0,1,1,1,1,65,2278,21,9,2012,6,16,58,0,16,6,CLIMBING ROSE DR,SCARLET SAGE WY,0,33.94781667,-117.2679806,0,15,0,0,2,3,0,1,1,1,0,1,0,0000000,99,99,99,99,99,99,0,0,0,1,0
6,61756,3,3,0,0,0,4,4,97,0,4,10,2012,5,20,5,0,3,4,CR-ARNOLD DR,AVENIDA SEBASTIANI,0,38.26384722,-122.4863694,0,12,1,0,3,3,0,1,3,1,0,1,0,0000000,99,99,99,99,99,99,0,0,0,1,1
6,61757,1,1,0,0,0,1,1,19,0,5,10,2012,6,13,0,0,4,4,CR-JAMESON AVE,,0,36.59413889,-119.9900694,0,38,0,0,1,1,0,5,1,1,0,1,0,0000000,99,99,99,99,88,88,0,0,0,1,0
6,61758,1,1,0,1,1,2,2,59,960,3,4,2012,3,17,42,0,14,6,CERRITOS AVE,,0,33.81025278,-118.0398583,0,8,0,0,1,1,0,1,1,1,0,1,0,0000000,99,99,99,99,99,99,0,0,0,1,0
6,61759,1,1,0,0,0,4,4,59,0,6,10,2012,7,3,15,0,2,4,CR-SANTIAGO CANYON RD,,0,33.77485,-117.7440111,0,31,0,0,1,1,0,5,2,1,0,1,0,0000000,99,99,99,99,99,99,0,0,0,1,0
6,61760,1,1,0,0,0,1,1,85,0,21,9,2012,6,23,15,0,2,3,SR-9,,0,37.26853056,-122.1209389,0,42,0,0,1,1,0,4,2,1,0,1,0,0000000,99,99,99,99,99,99,0,0,0,1,0
6,61761,1,1,0,0,0,1,1,33,0,7,10,2012,1,14,25,0,4,4,CR-BUTTS CANYON RD,,0,38.71236111,-122.4801806,0,1,0,0,1,1,0,5,1,1,0,1,0,0000000,99,99,99,99,88,88,0,0,0,1,1