STATE,ST_CASE,VE_TOTAL,VE_FORMS,PVH_INVL,PEDS,PERNOTMVIT,PERMVIT,PERSONS,COUNTY,CITY,DAY,MONTH,YEAR,DAY_WEEK,HOUR,MINUTE,NHS,ROAD_FNC,ROUTE,TWAY_ID,TWAY_ID2,MILEPT,LATITUDE,LONGITUD,SP_JUR,HARM_EV,MAN_COLL,RELJCT1,RELJCT2,TYP_INT,WRK_ZONE,REL_ROAD,LGT_COND,WEATHER1,WEATHER2,WEATHER,SCH_BUS,RAIL,NOT_HOUR,NOT_MIN,ARR_HOUR,ARR_MIN,HOSP_HR,HOSP_MN,CF1,CF2,CF3,FATALS,DRUNK_DR
6,61762,2,2,0,0,0,3,3,67,0,18,9,2012,3,15,50,0,2,3,SR-16,SUNRISE BLVD,115,38.50582778,-121.242475,0,12,6,0,2,2,0,1,1,1,0,1,1,0000000,99,99,99,99,99,99,0,0,0,1,1
6,61763,1,1,0,1,1,1,1,83,0,13,5,2012,1,0,59,1,12,2,US-101 RAMP,,885,34.99498056,-120.4341389,0,8,0,1,5,1,0,1,3,1,0,1,0,0000000,99,99,99,99,88,88,0,0,0,1,0
6,61764,2,2,0,0,0,3,3,19,0,7,10,2012,1,20,23,0,3,4,CR-JENSEN AVE,,0,36.70668333,-119.8346722,0,12,6,0,1,1,0,1,2,1,0,1,0,0000000,99,99,99,99,99,99,0,0,0,1,0
6,61765,1,1,0,1,1,1,1,65,2278,1,10,2012,2,19,56,0,16,6,HEMLOCK AVE,OBISPO DR,0,33.94266667,-117.2331889,0,8,0,0,3,3,0,1,3,1,0,1,0,0000000,99,99,99,99,99,99,0,0,0,1,0
6,61766,1,1,0,0,0,4,4,83,0,6,6,2012,4,5,20,0,13,3,SR-192,,108,34.43611111,-119.5979222,0,5,0,0,1,1,0,1,9,99,0,99,0,0000000,88,88,88,88,88,88,0,0,0,1,1
6,61767,1,1,0,0,0,2,2,59,3420,17,6,2012,1,2,16,0,13,6,FAIRVIEW ST,,0,33.7293,-117.9057889,0,42,0,0,1,1,0,3,2,1,0,1,0,0000000,99,99,99,99,99,99,0,0,0,1,1
6,61768,1,1,0,1,1,2,2,45,0,1,10,2012,2,20,0,0,2,3,SR-1,,552,39.36536944,-123.8099306,0,8,0,0,1,1,0,1,2,1,0,1,0,0000000,99,99,99,99,88,88,0,0,0,1,0
6,61769,2,2,0,0,0,4,4,59,3250,13,6,2012,4,2,39,0,14,6,AVENIDA PICO,AVENIDA VISTA HERMOSA,0,33.45888333,-117.5921444,0,12,6,0,2,2,0,1,3,10,0,10,0,0000000,99,99,99,99,99,99,20,0,0,1,0
6,61770,1,1,0,1,1,1,1,37,1980,8,10,2012,2,20,55,0,13,6,WESTERN AVE,71ST ST,0,33.97522778,-118.3089806,0,8,0,0,3,2,0,1,3,1,0,1,0,0000000,99,99,99,99,99,99,0,0,0,1,0
6,61771,1,1,0,0,0,3,3,85,2000,27,7,2012,6,23,49,0,12,3,SR-17,,72,37.22746944,-121.9744722,0,5,0,0,1,1,0,1,2,1,0,1,0,0000000,99,99,99,99,99,99,0,0,0,1,0
6,61772,1,1,0,1,1,1,1,59,3420,4,10,2012,5,21,34,0,13,6,17TH ST,,0,33.75989444,-117.9000722,0,8,0,0,1,1,0,1,3,1,0,1,0,0000000,99,99,99,99,88,88,0,0,0,1,0
6,61773,2,2,0,0,0,5,5,47,0,9,10,2012,3,1,7,1,2,3,SR-152,,112,37.05831111,-121.0518694,0,12,2,0,1,1,0,1,2,1,0,1,0,0000000,99,99,99,99,99,99,0,0,0,2,0
6,61774,2,2,0,0,0,3,3,37,1980,9,10,2012,3,1,34,1,11,1,I-10,,120,34.03578056,-118.3256111,0,12,1,0,1,1,0,1,3,1,0,1,0,0000000,99,99,99,99,99,99,0,0,0,1,1
6,61775,1,1,0,0,0,2,2,111,4027,9,10,2012,3,16,32,0,14,6,SEAWARD AVE,,0,34.26686389,-119.2684667,0,24,0,0,1,1,0,4,1,1,0,1,0,0000000,99,99,99,99,99,99,0,0,0,1,1
6,61776,1,1,0,0,0,1,1,113,0,30,9,2012,1,99,99,0,6,4,CR-S NETHERLANDS RD,,0,38.37076111,-121.57965,0,42,0,0,1,1,0,4,2,1,0,1,0,0000000,99,99,99,99,88,88,0,0,0,1,1
6,61777,4,3,1,0,0,9,9,1,3993,6,10,2012,7,1,4,1,11,1,I-880,,132,37.60078056,-122.0626611,0,12,6,0,1,1,0,1,2,1,0,1,0,0000000,99,99,99,99,99,99,19,0,0,1,1
6,61778,1,1,0,1,1,1,1,37,1980,10,10,2012,4,14,50,0,16,6,MONROE ST,VIRGIL AVE,0,34.08561389,-118.2868139,0,8,0,0,3,2,0,1,1,10,0,10,0,0000000,99,99,99,99,99,99,0,0,0,1,0
6,61779,2,1,1,0,0,4,4,37,1980,26,9,2012,4,10,40,0,16,6,CALIFA ST,OSO AVE,0,34.176325,-118.5770611,0,33,0,0,2,2,0,4,1,1,0,1,0,0000000,99,99,99,99,99,99,0,0,0,2,0
6,61780,1,1,0,0,0,1,1,65,0,11,10,2012,5,6,15,0,4,4,CR-SAGE RD,,0,33.64316944,-116.9402694,0,17,0,0,1,1,0,4,4,10,0,10,0,0000000,99,99,99,99,99,99,0,0,0,1,0
6,61781,1,1,0,1,1,1,1,37,2645,1,10,2012,2,21,13,1,12,3,SR-138,,468,34.58021944,-118.0758167,0,9,0,0,8,1,0,1,3,1,0,1,0,0000000,99,99,99,99,99,99,0,0,0,1,0
6,61782,2,2,0,0,0,2,2,67,1300,13,10,2012,7,0,28,0,16,6,FOLSOM LAKE CROSSING,,0,38.69941111,-121.1443444,0,12,2,0,1,1,0,1,2,1,0,1,0,0000000,99,99,99,99,88,88,0,0,0,2,2
6,61783,1,1,0,0,0,1,1,99,0,2,10,2012,3,3,30,0,4,4,CR-KEYES RD,,0,37.55141944,-121.0077389,0,38,0,0,1,1,0,4,2,1,0,1,0,0000000,99,99,99,99,99,99,0,0,0,1,0
6,61784,1,1,0,0,0,5,5,73,0,13,10,2012,7,8,15,1,1,1,I-5,,658,33.33933611,-117.5065861,0,1,0,0,1,1,0,1,1,1,0,1,0,0000000,99,99,99,99,99,99,0,0,0,1,0
6,61785,2,1,1,0,1,1,2,71,681,28,9,2012,6,23,12,1,12,3,SR-71,,78,33.93286389,-117.6614917,0,14,0,0,1,1,0,2,3,1,0,1,0,0000000,99,99,99,99,99,99,0,0,0,1,0
6,61786,2,2,0,0,0,5,5,13,2090,21,8,2012,3,18,53,1,12,3,SR-4,,104,37.99196389,-122.1005056,0,24,0,0,1,1,0,3,1,1,0,1,0,0000000,99,99,99,99,99,99,0,0,0,1,1
6,61787,1,1,0,0,0,1,1,93,0,5,9,2012,4,21,20,1,2,2,US-97,,464,41.91018056,-121.9533,0,31,0,0,1,1,0,5,2,1,0,1,0,0000000,99,99,99,99,88,88,0,0,0,1,0
6,61788,1,1,0,0,0,1,1,99,0,6,10,2012,7,1,46,0,4,4,CR-KEYES RD,,0,37.55141944,-121.0077389,0,38,0,0,1,1,0,4,2,1,0,1,0,0000000,99,99,99,99,99,99,0,0,0,1,0
6,61789,1,1,0,0,0,1,1,45,0,28,9,2012,6,18,45,0,6,4,CR-FELIZ CREEK RD,CR-110,0,38.97228889,-123.1400417,0,1,0,0,2,4,0,1,5,1,0,1,0,0000000,99,99,99,99,99,99,0,0,0,1,0
6,61790,1,1,0,1,1,1,1,37,1400,10,10,2012,4,5,16,0,14,6,135TH ST,WILTON PL,0,33.90916111,-118.3140472,0,9,0,0,3,3,0,1,4,1,0,1,0,0000000,99,99,99,99,88,88,0,0,0,1,0
6,61791,1,1,0,1,1,1,1,47,0,10,10,2012,4,2,27,0,3,4,CR-GOLDEN STATE BLVD,,0,37.46188056,-120.8106389,0,8,0,0,1,1,0,1,2,1,0,1,0,0000000,99,99,99,99,99,99,0,0,0,1,0
6,61792,1,1,0,1,1,1,1,1,1560,13,10,2012,7,20,54,0,13,6,JACKSON ST,SILVA AVENUE,0,37.66441111,-122.0831194,0,8,0,0,3,2,0,1,3,1,0,1,0,0000000,99,99,99,99,99,99,0,0,0,1,1
6,61793,2,2,0,0,0,2,2,71,0,10,9,2012,2,5,55,0,3,4,CR-KENDALL DR,,0,34.20385833,-117.3809917,0,12,6,0,8,1,0,4,2,1,0,1,0,0000000,99,99,99,99,99,99,0,0,0,1,0
6,61794,1,1,0,0,0,1,1,37,1980,23,8,2012,5,6,5,1,12,3,SR-60,,5,34.02900556,-118.2171667,0,23,0,1,19,1,0,4,4,10,0,10,0,0000000,99,99,99,99,88,88,0,0,0,1,0
6,61795,1,1,0,0,0,2,2,71,2960,30,9,2012,1,19,5,1,11,1,I-10,,319,34.05351944,-117.1621194,0,1,0,0,1,1,0,1,2,1,0,1,0,0000000,99,99,99,99,99,99,0,0,0,1,1
6,61796,2,2,0,0,0,3,3,9,0,29,9,2012,7,12,55,0,2,3,SR-49,,149,38.14223889,-120.6360389,0,12,2,0,1,1,0,1,1,1,0,1,0,0000000,99,99,99,99,99,99,0,0,0,2,0
6,61797,1,1,0,0,0,1,1,67,0,15,10,2012,2,20,40,0,3,3,SR-160,,312,38.43303056,-121.5294389,0,24,0,0,1,1,0,4,2,1,0,1,0,0000000,99,99,99,99,88,88,0,0,0,1,0
6,61798,3,3,0,1,1,4,4,67,3150,16,10,2012,3,4,48,1,11,1,I-5,,244,38.59615556,-121.5035583,0,8,0,0,1,1,0,1,3,1,0,1,0,0000000,99,99,99,99,88,88,0,0,0,1,0
6,61799,1,1,0,2,2,3,3,65,250,25,8,2012,7,20,55,0,14,6,W WILSON ST,,0,33.93268889,-116.9340694,0,8,0,0,1,1,0,1,3,1,0,1,0,0000000,99,99,99,99,99,99,0,0,0,1,0
6,61800,1,1,0,0,0,1,1,71,2960,18,7,2012,4,16,29,1,11,1,I-10,,298,34.06526111,-117.2005889,0,21,0,0,1,1,0,4,1,1,0,1,0,0000000,99,99,99,99,99,99,0,0,0,1,0
6,61801,3,3,0,0,0,5,5,111,4027,6,10,2012,7,0,37,0,13,6,VICTORIA AVE,OLIVAS PARK DR,0,34.24408611,-119.2150333,0,12,6,0,2,2,0,1,3,1,0,1,0,0000000,99,99,99,99,99,99,0,0,0,2,1
6,61802,1,1,0,1,1,2,2,73,0,14,10,2012,1,19,10,0,2,3,SR-67,,241,33.03973333,-116.8728417,0,8,0,0,1,1,0,1,3,1,0,1,0,0000000,99,99,99,99,99,99,0,0,0,1,0
6,61803,2,2,0,0,0,2,2,25,0,18,10,2012,5,7,0,0,5,4,CR-ALBRIGHT RD,,0,33.1038,-115.4861389,0,12,6,0,1,1,0,1,1,1,0,1,0,0000000,99,99,99,99,99,99,0,0,0,1,0
6,61804,1,1,0,0,0,3,3,71,3210,8,9,2012,7,23,20,1,11,1,I-10,,298,34.13513056,-117.3029611,0,33,0,0,1,1,0,4,3,1,0,1,0,0000000,99,99,99,99,99,99,0,0,0,1,1
6,61805,2,2,0,0,0,3,3,19,0,19,10,2012,6,15,10,0,3,4,CR-EXCELSIOR AVE,MARKS AVE,0,36.40201944,-119.8512806,0,12,6,0,2,2,0,1,1,1,0,1,0,0000000,99,99,99,99,99,99,0,0,0,1,0
6,61806,1,1,0,0,0,1,1,37,0,29,9,2012,7,14,35,0,2,3,SR-2,,576,34.35041944,-117.9260389,0,59,0,0,1,1,0,4,1,1,0,1,0,0000000,99,99,99,99,88,88,0,0,0,1,0
6,61807,1,1,0,1,1,1,1,59,1786,7,9,2012,6,3,48,0,13,6,GOLDEN LANTERN,MARINA HILLS DR,0,33.5249,-117.6856944,0,15,0,0,2,2,0,1,3,1,0,1,0,0000000,99,99,99,99,99,99,0,0,0,1,0
6,61808,1,1,0,1,1,2,2,113,4258,19,10,2012,6,19,26,0,12,3,SR-113,,95,38.66935,-121.7510889,0,8,0,0,1,1,0,1,3,1,0,1,0,0000000,99,99,99,99,88,88,0,0,0,1,0
6,61809,1,1,0,1,1,1,1,97,3490,15,10,2012,2,5,19,0,13,6,COLLEGE AVE,MENDOCINO AVE,0,38.44579722,-122.7178361,0,8,0,0,3,2,0,1,3,5,2,2,0,0000000,99,99,99,99,99,99,0,0,0,1,0
6,61810,2,2,0,1,1,2,2,19,1370,11,10,2012,5,19,16,0,14,6,CLINTON AVE,WARREN AVE,0,36.77198333,-119.8289,0,8,0,0,3,1,0,1,3,1,0,1,0,0000000,99,99,99,99,88,88,0,0,0,1,0
6,61811,2,2,0,0,0,2,2,77,0,13,9,2012,5,5,58,1,2,3,SR-12,,75,38.11543056,-121.4521889,0,12,2,0,1,1,0,1,2,1,0,1,0,0000000,99,99,99,99,99,99,0,0,0,1,0
6,61812,3,3,0,0,0,6,6,65,3070,13,10,2012,7,19,24,1,12,3,SR-91,,160,33.93000833,-117.4153361,0,12,1,0,1,1,0,1,2,1,0,1,0,0000000,99,99,99,99,88,88,14,0,0,1,0
6,61813,1,1,0,0,0,1,1,9,0,15,10,2012,2,14,0,0,4,4,CR-BURSON RD,,0,38.19641111,-120.8922389,0,38,0,0,1,1,0,4,1,1,0,1,0,0000000,99,99,99,99,88,88,0,0,0,1,1
6,61814,2,2,0,0,0,3,3,73,3260,19,10,2012,6,19,27,0,13,3,SR-78,,231,33.09889444,-117.0160972,0,18,0,0,1,1,0,1,2,10,0,10,0,0000000,99,99,99,99,99,99,0,0,0,1,0
6,61815,2,2,0,1,1,4,4,71,3210,16,9,2012,1,0,25,1,12,3,SR-210,,246,34.14498056,-117.2723806,0,8,0,0,1,1,0,1,2,1,0,1,0,0000000,99,99,99,99,88,88,0,0,0,1,0
6,61816,2,2,0,0,0,2,2,37,1980,7,9,2012,6,13,40,1,11,1,I-5 RAMP,,160,34.02788889,-118.2109194,0,1,0,1,5,1,0,1,1,1,0,1,0,0000000,99,99,99,99,88,88,14,0,0,1,0
6,61817,1,1,0,1,1,1,1,37,2054,13,10,2012,7,13,50,0,12,3,SR-1,,492,34.03373611,-118.7170778,0,9,0,0,1,1,0,1,1,1,0,1,0,0000000,99,99,99,99,88,88,0,0,0,1,0
6,61818,1,1,0,1,1,4,4,59,2400,29,9,2012,7,19,48,0,12,3,SR-1,,125,33.56741389,-117.8311139,0,8,0,0,1,1,0,1,2,1,0,1,0,0000000,99,99,99,99,99,99,0,0,0,1,0
6,61819,2,2,0,0,0,7,7,37,1840,19,10,2012,6,20,0,0,14,6,20TH ST E,LANCASTER BLVD,0,34.6969,-118.0948194,0,12,6,0,2,2,0,1,3,1,0,1,0,0000000,99,99,99,99,99,99,0,0,0,1,0
6,61820,1,1,0,1,1,1,1,73,3260,15,10,2012,2,21,28,0,15,6,CARMEL MNT RD,SUNDANCE AVENUE,0,32.96311389,-117.1300972,0,8,0,0,3,2,0,1,1,1,0,1,0,0000000,99,99,99,99,88,88,0,0,0,2,0
6,61821,2,2,0,0,0,5,5,111,0,7,9,2012,6,19,30,0,2,3,SR-1,,89,34.09891111,-119.0781306,0,12,6,0,1,1,0,1,2,1,0,1,0,0000000,99,99,99,99,88,88,0,0,0,1,0
6,61822,1,1,0,0,0,1,1,29,2080,19,10,2012,6,23,10,0,12,3,SR-33,,121,35.06576111,-119.40175,0,30,0,0,1,1,0,2,3,1,0,1,0,0000000,99,99,99,99,88,88,0,0,0,1,1
6,61823,1,1,0,0,0,2,2,71,0,20,10,2012,7,2,40,1,1,1,I-15 RAMP,,431,34.54318056,-117.3027111,0,43,0,1,5,1,0,8,3,1,0,1,0,0000000,99,99,99,99,99,99,0,0,0,2,1
6,61824,5,5,0,1,1,8,8,85,3340,5,10,2012,6,20,12,1,12,3,SR-87,,59,37.33158889,-121.896625,0,8,0,0,1,1,0,1,3,1,0,1,0,0000000,99,99,99,99,88,88,0,0,0,1,0
6,61825,2,2,0,0,0,3,3,37,1980,14,10,2012,1,23,45,0,15,6,SUNLAND BL,,0,34.24064444,-118.3676833,0,12,6,0,1,1,0,1,3,1,0,1,0,0000000,99,99,99,99,88,88,0,0,0,1,1
6,61826,1,1,0,1,1,1,1,37,1980,29,9,2012,7,21,0,0,13,6,VICTORY BL,SYLMAR AVE,0,34.18669167,-118.4465083,0,8,0,0,3,2,0,1,3,1,0,1,0,0000000,99,99,99,99,88,88,0,0,0,1,0
6,61827,1,1,0,0,0,1,1,29,0,20,10,2012,7,17,0,0,15,4,CR-SIERRA WAY,,0,35.784,-118.4458,0,1,0,0,1,1,0,5,1,1,0,1,0,0000000,99,99,99,99,99,99,0,0,0,1,1
6,61828,1,1,0,0,0,1,1,99,0,7,9,2012,6,23,30,0,4,4,CR-ROGERS RD,CR-33,0,37.53015,-121.1771,0,43,0,0,3,3,0,5,3,1,0,1,0,0000000,99,99,99,99,88,88,18,0,0,1,1
6,61829,2,2,0,0,0,4,4,107,0,15,10,2012,2,10,49,0,4,4,CR-AVENUE 152,ROAD 168,0,36.0657,-119.1967528,0,12,6,0,2,2,0,1,1,1,0,1,0,0000000,99,99,99,99,99,99,0,0,0,1,0
6,61830,1,1,0,1,1,1,1,97,3490,20,10,2012,7,19,10,0,14,6,MISSION BLVD,RANDALL LN,0,38.46145,-122.6762833,0,8,0,0,3,3,0,1,3,1,0,1,0,0000000,99,99,99,99,99,99,0,0,0,1,0
6,61831,1,1,0,1,1,1,1,37,1970,16,10,2012,3,5,35,0,13,3,SR-1,,73,33.78984722,-118.1438833,0,8,0,0,1,1,0,1,3,1,0,1,0,0000000,99,99,99,99,88,88,0,0,0,1,0
6,61832,1,1,0,1,1,1,1,37,720,15,10,2012,2,15,20,0,13,6,FOOTHILL BL,REGIS AVE,0,34.106975,-117.734475,0,8,0,0,2,3,0,1,1,1,0,1,0,0000000,99,99,99,99,99,99,0,0,0,1,0
6,61833,1,1,0,1,1,1,1,37,1980,22,10,2012,2,5,35,0,16,6,CANOGA AVE,,0,34.15449167,-118.5962944,0,8,0,0,1,1,0,1,2,10,0,10,0,0000000,99,99,99,99,88,88,0,0,0,1,0
6,61834,1,1,0,1,1,1,1,59,2800,29,9,2012,7,21,19,0,13,6,ROSE DR,,0,33.87416944,-117.8432444,0,8,0,0,1,1,0,1,3,1,0,1,0,0000000,99,99,99,99,99,99,0,0,0,1,0
6,61835,1,1,0,0,0,1,1,31,0,24,10,2012,4,17,35,0,4,4,CR-2ND AVE,,0,36.29043056,-119.4921,0,30,0,0,1,1,0,4,1,10,0,10,0,0000000,99,99,99,99,88,88,0,0,0,1,1
6,61836,1,1,0,0,0,2,2,59,1713,19,10,2012,6,19,30,1,11,1,I-405 RAMP,,58,33.66975,-117.8252611,0,42,0,1,5,1,0,5,3,1,0,1,0,0000000,99,99,99,99,99,99,0,0,0,1,1
6,61837,2,2,0,0,0,5,5,59,3420,21,10,2012,1,0,25,0,13,6,MAIN ST,HIGHLAND ST,0,33.73706944,-117.8677194,0,12,6,0,2,3,0,1,3,10,0,10,0,0000000,99,99,99,99,99,99,0,0,0,1,1
6,61838,1,1,0,1,1,2,2,109,0,27,10,2012,7,18,35,0,3,3,SR-49,,144,37.95151111,-120.4246389,0,8,0,0,1,1,0,1,2,1,0,1,0,0000000,99,99,99,99,88,88,0,0,0,1,0
6,61839,1,1,0,1,1,1,1,37,306,21,10,2012,1,19,9,0,13,6,EASTERN AVE,SHULL ST,0,33.95563333,-118.1638972,0,8,0,0,3,3,0,1,3,1,0,1,0,0000000,99,99,99,99,99,99,0,0,0,1,0
6,61840,1,1,0,1,1,1,1,37,1970,24,10,2012,4,18,45,0,15,6,LAKEWOOD BL,,0,33.79286389,-118.1426111,0,8,0,0,1,1,0,1,3,1,0,1,0,0000000,99,99,99,99,99,99,0,0,0,1,0
6,61841,2,2,0,0,0,4,4,65,0,21,10,2012,1,21,0,0,4,4,CR-CAJALCO RD,CR-SMITH RD,0,33.83436944,-117.3536806,0,12,6,0,2,2,0,1,3,10,0,10,0,0000000,99,99,99,99,99,99,0,0,0,1,0
6,61842,1,1,0,1,1,1,1,83,3430,23,10,2012,3,19,30,0,14,6,N MILPAS ST,QUINIENTOS ST,0,34.42174722,-119.6790194,0,9,0,0,3,1,0,1,3,1,0,1,0,0000000,99,99,99,99,99,99,0,0,0,1,0
6,61843,1,1,0,0,0,1,1,29,0,22,10,2012,2,11,5,0,4,4,CR-BURLANDO RD,,0,35.76635,-118.4327389,0,1,0,0,1,1,0,5,1,1,0,1,0,0000000,99,99,99,99,88,88,0,0,0,1,0
6,61844,2,2,0,0,0,2,2,59,2560,16,10,2012,3,16,35,0,6,6,E WHITECAP AVE,N ORANGE-OLIVE ST,0,33.83523333,-117.8466528,0,12,6,0,2,3,0,1,1,1,0,1,0,0000000,99,99,99,99,99,99,0,0,0,1,0
6,61845,2,2,0,0,0,2,2,59,470,24,10,2012,4,18,52,0,14,6,WESTERN AVE,FILMORE DR,0,33.87680278,-118.002675,0,12,1,0,2,3,0,1,3,1,0,1,0,0000000,99,99,99,99,99,99,0,0,0,1,0
6,61846,1,1,0,0,0,1,1,31,0,23,10,2012,3,21,39,0,4,4,CR-FLINT AVE,,0,36.37221944,-119.5413833,0,30,0,0,1,1,0,5,2,1,0,1,0,0000000,99,99,99,99,88,88,0,0,0,1,1
6,61847,1,1,0,0,0,1,1,59,3420,22,10,2012,2,13,25,0,13,6,MACARTHUR BLVD,,0,33.70210278,-117.9182444,0,1,0,0,1,1,0,1,1,10,0,10,0,0000000,99,99,99,99,99,99,0,0,0,1,0
6,61848,2,2,0,0,0,2,2,37,1970,24,10,2012,4,6,55,0,13,6,CARSON ST,CONQUISTA AVE,0,33.832325,-118.1088806,0,12,6,0,2,3,0,1,4,1,0,1,0,0000000,99,99,99,99,88,88,0,0,0,1,0
6,61849,1,1,0,0,0,1,1,65,0,24,10,2012,4,99,99,0,2,3,SR-177,,258,34.0339,-115.2333,0,35,0,0,1,1,0,4,2,1,0,1,0,0000000,99,99,99,99,88,88,0,0,0,1,0
6,61850,1,1,0,1,1,1,1,73,3375,18,9,2012,3,1,30,0,13,6,W SAN MARCOS BLVD,,0,33.13460556,-117.1889278,0,8,0,0,1,1,0,1,2,1,0,1,0,0000000,99,99,99,99,88,88,0,0,0,1,0
6,61851,1,1,0,0,0,1,1,97,0,17,10,2012,4,1,50,0,4,4,CR-WESTSIDE RD,,0,38.51983056,-122.8851389,0,30,0,0,1,1,0,4,2,1,0,1,0,0000000,99,99,99,99,99,99,0,0,0,1,1
6,61852,5,2,3,1,1,2,2,37,1980,22,10,2012,2,6,21,0,14,6,VENICE BL,HAUSER BL,0,34.04396944,-118.3585917,0,12,6,0,2,2,0,1,3,1,0,1,0,0000000,6,22,99,99,99,99,0,0,0,1,1
6,61853,1,1,0,1,1,1,1,57,0,16,10,2012,3,12,36,0,2,3,SR-49,,107,39.15786944,-121.0609694,0,8,0,0,1,1,1,1,1,1,0,1,0,0000000,99,99,99,99,88,88,0,0,0,1,0
6,61854,1,1,0,0,0,2,2,99,2200,4,11,2012,1,15,37,1,12,3,SR-99,,206,37.68883889,-121.0600389,0,1,0,0,1,1,0,3,1,1,0,1,0,0000000,99,99,99,99,99,99,0,0,0,1,0
6,61855,2,2,0,0,0,10,10,59,4130,28,10,2012,1,2,27,0,13,3,SR-39,BOLSA AVE,66,33.74466389,-117.9896167,0,12,6,0,2,2,0,1,3,1,0,1,0,0000000,99,99,99,99,99,99,0,0,0,1,1
6,61856,2,2,0,0,0,2,2,71,0,19,9,2012,4,17,31,1,3,3,SR-18,,300,34.21511944,-117.1273306,0,12,6,0,1,1,0,1,1,1,0,1,0,0000000,99,99,99,99,88,88,0,0,0,1,0
6,61857,1,1,0,1,1,1,1,37,1970,4,11,2012,1,0,43,0,13,3,SR-1,,48,33.78986389,-118.1636861,0,8,0,0,1,1,0,1,3,1,0,1,0,0000000,99,99,99,99,88,88,0,0,0,1,0
6,61858,2,2,0,0,0,2,2,73,2510,2,10,2012,3,19,39,0,16,6,LAUREL RD,,0,33.19240556,-117.3412889,0,12,6,0,8,1,0,1,3,1,0,1,0,0000000,99,99,99,99,99,99,0,0,0,1,1
6,61859,1,1,0,1,1,1,1,37,713,17,10,2012,4,6,50,0,14,6,VINELAND AVE,TEMPLE AVE,0,34.05380556,-117.9868417,0,9,0,0,3,2,0,1,1,1,0,1,0,0000000,99,99,99,99,99,99,0,0,0,1,0
6,61860,1,1,0,1,1,1,1,37,810,17,10,2012,4,6,18,0,13,6,ALONDRA BL,BUTLER AVENUE,0,33.88236389,-118.1956,0,8,0,0,3,3,0,1,3,5,0,5,0,0000000,99,99,99,99,99,99,0,0,0,1,0
6,61861,1,1,0,0,0,6,6,31,0,31,10,2012,4,20,22,0,4,4,CR-SANTA FE AVE,,0,36.0807,-119.5437389,0,1,0,0,1,1,0,4,2,1,0,1,0,0000000,99,99,99,99,99,99,0,0,0,1,0
6,61862,2,2,0,0,0,4,4,37,0,24,10,2012,4,15,5,0,2,4,CR-MILLS AVE,CR-REIS ST,0,33.93978889,-118.0344389,0,12,6,0,2,3,0,1,1,1,0,1,0,0000000,99,99,99,99,99,99,0,0,0,1,0
6,61863,1,1,0,0,0,2,2,11,0,21,9,2012,6,17,20,0,4,4,CR-LONE STAR RD,,0,39.12433333,-122.0787056,0,1,0,0,1,1,0,1,1,1,0,1,0,0000000,99,99,99,99,99,99,0,0,0,1,0
6,61864,1,1,0,1,1,1,1,37,1980,17,10,2012,4,21,0,0,13,6,FIGUEROA ST,51ST ST,0,33.99650278,-118.2827167,0,8,0,0,3,2,0,1,3,1,0,1,0,0000000,99,99,99,99,99,99,0,0,0,1,0
6,61865,1,1,0,0,0,1,1,19,0,1,11,2012,5,17,55,0,4,4,CR-PARLIER AVE,,0,36.61088056,-119.3852889,1,43,0,0,1,1,0,4,1,10,0,10,0,0000000,99,99,99,99,88,88,0,0,0,1,1
6,61866,1,1,0,0,0,3,3,39,0,5,11,2012,2,16,31,0,5,4,CR-ROAD 800,,0,37.30461111,-119.8684694,0,42,0,0,1,1,0,5,5,1,0,1,0,0000000,99,99,99,99,99,99,4,0,0,1,1
6,61867,1,1,0,2,2,5,5,37,1980,28,10,2012,1,0,1,0,15,6,CROCKER ST,4TH ST,0,34.04485833,-118.2415611,0,33,0,0,3,2,0,4,3,1,0,1,0,0000000,99,99,99,99,88,88,0,0,0,2,1
6,61868,2,2,0,0,0,4,4,19,1370,18,10,2012,5,0,27,0,14,6,CLINTON AVENUE,PALM AVENUE,0,36.77214167,-119.8086611,0,12,6,0,2,2,0,1,3,1,0,1,0,0000000,99,99,99,99,99,99,0,0,0,1,2
6,61869,1,1,0,0,0,1,1,37,0,5,11,2012,2,17,0,1,1,1,I-5,,0,34.63778889,-118.7448694,0,24,0,0,1,1,0,3,5,1,0,1,0,0000000,99,99,99,99,88,88,0,0,0,1,1
6,61870,1,1,0,0,0,1,1,69,0,6,11,2012,3,11,25,0,2,3,SR-25,,233,36.53866111,-121.1522111,0,35,0,0,1,1,0,4,1,1,0,1,0,0000000,99,99,99,99,88,88,0,0,0,1,0
6,61871,1,1,0,0,0,4,4,65,0,6,11,2012,3,9,16,0,4,4,CR-THOUSAND PALMS CANYON RD,,0,33.81886944,-116.3268611,0,1,0,0,1,1,0,1,1,1,0,1,0,0000000,99,99,99,99,88,88,0,0,0,1,0
6,61872,3,3,0,0,0,3,3,59,80,26,11,2012,2,12,32,0,13,6,N KRAEMER BLVD,,0,33.846175,-117.8543917,0,12,7,0,5,1,0,1,1,1,0,1,0,0000000,99,99,99,99,99,99,0,0,0,1,0
6,61873,1,1,0,0,0,3,3,107,0,2,11,2012,6,8,15,0,3,3,SR-216,,41,36.34921111,-119.22615,0,59,0,0,1,1,0,4,1,10,0,10,0,0000000,99,99,99,99,99,99,0,0,0,1,0