STATE,ST_CASE,VE_TOTAL,VE_FORMS,PVH_INVL,PEDS,PERNOTMVIT,PERMVIT,PERSONS,COUNTY,CITY,DAY,MONTH,YEAR,DAY_WEEK,HOUR,MINUTE,NHS,ROAD_FNC,ROUTE,TWAY_ID,TWAY_ID2,MILEPT,LATITUDE,LONGITUD,SP_JUR,HARM_EV,MAN_COLL,RELJCT1,RELJCT2,TYP_INT,WRK_ZONE,REL_ROAD,LGT_COND,WEATHER1,WEATHER2,WEATHER,SCH_BUS,RAIL,NOT_HOUR,NOT_MIN,ARR_HOUR,ARR_MIN,HOSP_HR,HOSP_MN,CF1,CF2,CF3,FATALS,DRUNK_DR
6,61874,1,1,0,1,1,1,1,39,0,7,11,2012,4,7,0,0,3,4,CR-AVENUE 9,,0,36.88031111,-119.9108389,0,8,0,0,1,1,0,1,1,1,0,1,0,0000000,99,99,99,99,99,99,0,0,0,1,0
6,61875,1,1,0,0,0,1,1,37,0,7,11,2012,4,12,40,0,2,4,CR-ANGELES FOREST HWY,,0,34.33203611,-118.1158222,0,1,0,0,1,1,0,1,1,1,0,1,0,0000000,99,99,99,99,88,88,0,0,0,1,0
6,61876,1,1,0,0,0,1,1,19,0,18,10,2012,5,2,40,0,4,4,CR-AUBERRY RD,,0,36.95995,-119.6491833,0,35,0,0,1,1,0,4,2,1,0,1,0,0000000,99,99,99,99,88,88,0,0,0,1,1
6,61877,1,1,0,0,0,1,1,37,1980,7,11,2012,4,13,25,0,14,6,182ND ST,,0,33.865675,-118.299825,0,1,0,0,1,1,0,1,1,1,0,1,0,0000000,99,99,99,99,99,99,0,0,0,1,0
6,61878,2,2,0,0,0,2,2,71,0,27,11,2012,3,0,55,0,2,2,US-95,,10,34.17626944,-114.563125,0,12,8,0,1,1,0,1,2,1,0,1,0,0000000,99,99,99,99,88,88,0,0,0,1,0
6,61879,2,2,0,0,0,3,3,97,3490,7,11,2012,4,14,29,0,14,6,KAWANA SPRINGS RD,,0,38.41646667,-122.7111139,0,12,6,0,8,1,0,1,1,1,0,1,0,0000000,99,99,99,99,99,99,0,0,0,1,0
6,61880,1,1,0,0,0,2,2,59,9997,18,10,2012,5,13,12,0,13,6,MOULTON PKWY,,0,33.60612222,-117.7207333,0,30,0,0,1,1,0,3,1,1,0,1,0,0000000,99,99,99,99,99,99,0,0,0,1,0
6,61881,3,3,0,0,0,4,4,37,1970,2,11,2012,6,21,58,0,13,6,SHORELINE DR,,0,33.77476111,-118.2031556,0,12,2,0,1,1,0,1,3,1,0,1,0,0000000,99,99,99,99,99,99,0,0,0,1,1
6,61882,2,2,0,0,0,2,2,89,0,28,11,2012,4,9,17,1,2,3,SR-299,,559,40.83101111,-121.9274528,0,12,2,0,1,1,0,1,1,2,0,2,0,0000000,99,99,99,99,88,88,0,0,0,1,0
6,61883,2,2,0,0,0,3,3,45,0,8,11,2012,5,13,20,1,2,2,US-101,,833,39.84961111,-123.7109028,0,12,6,0,1,1,0,1,1,2,3,3,0,0000000,99,99,99,99,99,99,0,0,0,1,0
6,61884,1,1,0,0,0,1,1,33,0,8,11,2012,5,22,20,0,3,4,CR-NICE LUCERNE CUTOFF RD,,0,39.1179,-122.8873194,0,42,0,0,1,1,0,4,2,2,10,2,0,0000000,99,99,99,99,99,99,0,0,0,1,1
6,61885,1,1,0,0,0,1,1,53,0,18,10,2012,5,16,35,0,6,4,CR-LOS COCHES RD,,0,36.34011944,-121.2973111,0,35,0,0,1,1,0,4,1,1,0,1,0,0000000,99,99,99,99,88,88,0,0,0,1,1
6,61886,1,1,0,0,0,3,3,89,0,19,11,2012,2,14,55,1,12,3,SR-299,,504,40.77752222,-121.9825972,0,42,0,0,1,1,0,4,1,10,0,10,0,0000000,99,99,99,99,99,99,0,0,0,2,0
6,61887,1,1,0,1,1,1,1,13,820,3,11,2012,7,8,39,0,13,6,CLAYTON RD,DENKINGER CT,0,37.96550556,-121.9943722,0,8,0,0,3,3,0,1,1,1,0,1,0,0000000,99,99,99,99,99,99,0,0,0,1,0
6,61888,1,1,0,1,1,1,1,37,1980,2,11,2012,6,16,40,0,16,6,CLARINGTON AVE,,0,34.02583611,-118.4028917,0,8,0,0,1,1,0,1,1,1,0,1,0,0000000,99,99,99,99,99,99,0,0,0,1,0
6,61889,2,2,0,0,0,6,6,107,0,3,11,2012,7,15,5,0,3,4,CR-SUCCESS VALLEY DR,,0,36.03362778,-118.8580611,0,12,2,0,1,1,0,1,1,1,0,1,0,0000000,99,99,99,99,99,99,0,0,0,1,0
6,61890,2,2,0,0,0,2,2,65,0,9,11,2012,6,4,43,0,2,4,CR-GILMAN SPRINGS RD,,0,33.82631111,-116.9776,0,12,6,0,1,1,0,1,2,2,10,2,0,0000000,99,99,99,99,99,99,0,0,0,1,0
6,61891,3,3,0,1,1,3,3,65,2935,18,4,2012,4,12,13,0,15,6,DA VALL DR,RAMON RD,0,33.81606389,-116.440675,0,12,6,0,2,2,0,1,1,1,0,1,0,0000000,99,99,99,99,99,99,0,0,0,1,0
6,61892,1,1,0,1,1,1,1,111,0,26,10,2012,6,8,50,0,4,4,CR-CASITAS VISTA RD,CR-SANTA ANA RD,0,34.35701389,-119.3140139,0,9,0,0,2,3,0,1,1,1,0,1,0,0000000,99,99,99,99,88,88,0,0,0,1,0
6,61893,2,2,0,0,0,3,3,37,1430,5,11,2012,2,7,15,0,14,6,CENTRAL AVE,CHEVY CHASE DR,0,34.13351111,-118.257825,0,12,6,0,2,2,0,1,1,1,0,1,0,0000000,99,99,99,99,99,99,0,0,0,1,0
6,61894,1,1,0,1,1,1,1,97,3660,7,11,2012,4,15,53,0,14,6,5TH ST,STUDLEY ST,0,38.29198611,-122.4682611,0,15,0,0,3,3,0,1,1,1,0,1,0,0000000,99,99,99,99,99,99,0,0,0,1,0
6,61895,2,2,0,0,0,3,3,37,1045,20,10,2012,7,22,38,0,15,6,FIRESTONE BLVD,STONEWOOD CENTER,0,33.93398611,-118.1205389,0,12,6,0,2,3,0,1,3,1,0,1,0,0000000,99,99,99,99,99,99,0,0,0,1,1
6,61896,1,1,0,1,1,1,1,73,1200,24,11,2012,7,18,25,0,13,6,WASHINGTON AVE,,0,33.12744167,-117.0823556,0,8,0,0,1,1,0,1,3,1,0,1,0,0000000,99,99,99,99,88,88,0,0,0,1,1
6,61897,2,2,0,0,0,3,3,79,0,27,10,2012,7,19,45,0,4,4,CR-DIVISION ST,,0,35.00726944,-120.5022694,0,12,2,0,1,1,0,1,2,1,0,1,0,0000000,99,99,99,99,99,99,0,0,0,1,0
6,61898,2,2,0,0,0,4,4,85,0,22,10,2012,2,18,50,1,2,3,SR-152,,149,37.06031944,-121.2355611,0,12,1,0,1,1,0,1,5,10,0,10,0,0000000,99,99,99,99,99,99,0,0,0,1,0
6,61899,1,1,0,1,1,1,1,19,0,22,10,2012,2,21,50,0,3,4,CR-ACADEMY AVE,,0,36.757,-119.5558306,0,8,0,0,1,1,0,1,2,10,0,10,0,0000000,99,99,99,99,99,99,0,0,0,1,0
6,61900,4,4,0,0,0,8,8,81,3390,8,7,2012,1,0,54,1,12,2,US-101,,143,37.57907222,-122.3235389,0,12,1,1,18,1,0,1,3,1,0,1,0,0000000,99,99,99,99,99,99,19,23,0,1,0
6,61901,1,1,0,0,0,2,2,85,0,29,10,2012,2,8,35,0,2,3,SR-152,,57,37.01345,-121.6391306,0,42,0,0,1,1,0,4,1,1,0,1,0,0000000,99,99,99,99,99,99,0,0,0,1,0
6,61902,2,2,0,0,0,3,3,11,0,16,10,2012,3,21,20,1,1,1,I-5,,147,39.1142,-122.1209306,0,12,2,0,1,1,0,1,2,1,0,1,0,0000000,99,99,99,99,88,88,0,0,0,1,0
6,61903,1,1,0,0,0,1,1,65,1003,18,10,2012,5,20,18,0,15,6,LITTLE MORONGO RD,,0,33.97612222,-116.5275028,0,1,0,0,1,1,0,1,2,1,0,1,0,0000000,99,99,99,99,99,99,0,0,0,1,1
6,61904,1,1,0,0,0,2,2,65,0,18,10,2012,5,14,31,1,1,1,I-10,,836,33.66031111,-115.7517389,0,38,0,0,1,1,0,5,1,1,0,1,0,0000000,99,99,99,99,99,99,0,0,0,1,0
6,61905,1,1,0,0,0,1,1,37,0,19,10,2012,6,15,7,1,1,1,I-5,,579,34.47498889,-118.6149889,0,1,0,0,1,1,0,2,1,1,0,1,0,0000000,99,99,99,99,99,99,0,0,0,1,0
6,61906,1,1,0,0,0,3,3,45,0,25,10,2012,5,8,14,1,2,2,US-101,,855,39.8394,-123.6893,0,35,0,0,1,1,0,4,1,1,0,1,0,0000000,99,99,99,99,99,99,0,0,0,2,0
6,61907,3,3,0,0,0,4,4,19,0,3,11,2012,7,17,46,0,2,3,SR-43,,23,36.47476944,-119.6361611,0,12,2,0,1,1,0,1,2,1,0,1,0,0000000,99,99,99,99,99,99,0,0,0,2,0
6,61908,2,2,0,0,0,2,2,65,850,1,10,2012,2,23,5,1,12,3,SR-91,,16,33.88138889,-117.6496889,0,25,0,0,1,1,0,3,2,1,0,1,0,0000000,99,99,99,99,99,99,0,0,0,1,1
6,61909,2,2,0,0,0,2,2,37,0,3,11,2012,7,20,25,1,2,3,SR-14 RAMP,,542,34.50821667,-118.1131417,0,33,0,1,5,1,0,4,2,1,0,1,0,0000000,99,99,99,99,88,88,0,0,0,1,0
6,61910,1,1,0,1,1,3,3,71,0,3,11,2012,7,21,23,1,3,3,SR-62,,184,34.13498611,-116.3130806,0,8,0,0,1,1,0,1,3,1,0,1,0,0000000,99,99,99,99,88,88,0,0,0,1,0
6,61911,1,1,0,1,1,3,3,59,3960,25,10,2012,5,7,34,0,16,6,WHEELER PL,,0,33.76593611,-117.8243361,0,8,0,0,4,1,0,1,1,1,0,1,0,0000000,99,99,99,99,99,99,0,0,0,1,1
6,61912,2,2,0,0,0,2,2,107,0,5,11,2012,2,3,30,0,2,3,SR-216,,51,36.35745556,-119.2161944,0,12,2,0,1,1,0,1,2,1,0,1,0,0000000,99,99,99,99,99,99,0,0,0,1,1
6,61913,1,1,0,0,0,1,1,19,740,9,11,2012,6,3,47,0,13,3,SR-168 RAMP,,83,36.84185,-119.6842,0,1,0,1,18,1,0,5,3,5,0,5,0,0000000,99,99,99,99,88,88,0,0,0,1,1
6,61914,2,2,0,0,0,4,4,65,0,21,10,2012,1,21,47,0,2,3,SR-111,SR-195,184,33.56968333,-116.0784111,0,12,6,0,2,3,0,1,3,1,0,1,0,0000000,99,99,99,99,99,99,0,0,0,1,0
6,61915,2,2,0,1,1,4,4,39,0,3,11,2012,7,21,30,1,2,3,SR-99,,73,36.92173056,-120.0193,0,8,0,0,1,1,0,1,2,1,0,1,0,0000000,99,99,99,99,88,88,0,0,0,1,0
6,61916,3,3,0,0,0,4,4,79,0,7,11,2012,4,8,53,1,2,3,SR-46,,419,35.65908056,-120.4767889,0,12,1,0,1,1,1,1,1,1,0,1,0,0000000,99,99,99,99,99,99,0,0,0,1,0
6,61917,1,1,0,0,0,3,3,33,0,3,7,2012,3,2,40,1,2,3,SR-29,,247,38.91615556,-122.6935861,0,42,0,0,1,1,0,5,2,1,0,1,0,0000000,99,99,99,99,99,99,0,0,0,2,0
6,61918,2,2,0,0,0,9,9,73,0,15,7,2012,1,14,28,1,1,1,I-15,,370,33.20131944,-117.1282194,0,12,7,0,1,1,0,1,1,1,0,1,0,0000000,99,99,99,99,99,99,0,0,0,2,0
6,61919,1,1,0,0,0,2,2,29,0,29,10,2012,2,11,10,1,1,1,I-5,,584,35.45971944,-119.4807111,0,1,0,0,1,1,0,1,1,1,0,1,0,0000000,99,99,99,99,99,99,0,0,0,1,1
6,61920,3,3,0,0,0,6,6,37,1980,7,11,2012,4,16,55,0,14,6,BUNDY DR,MISSOURI AVE,0,34.03525,-118.4570528,0,1,0,0,2,3,0,1,1,1,0,1,0,0000000,99,99,99,99,88,88,0,0,0,1,0
6,61921,1,1,0,0,0,1,1,57,0,20,10,2012,7,13,50,0,2,3,SR-89,,81,39.4373,-120.2084,0,42,0,0,1,1,0,4,1,1,0,1,0,0000000,99,99,99,99,88,88,0,0,0,1,0
6,61922,1,1,0,1,1,1,1,73,0,21,7,2012,7,3,0,0,2,3,SR-76,,144,33.27904444,-117.2292556,0,8,0,0,1,1,1,1,2,10,0,10,0,0000000,99,99,99,99,99,99,0,0,0,1,0
6,61923,3,3,0,0,0,1,1,65,850,11,11,2012,1,1,17,1,12,3,SR-91,,71,33.87958056,-117.5545,0,12,2,0,1,1,0,1,3,1,0,1,0,0000000,99,99,99,99,88,88,19,23,0,1,1
6,61924,1,1,0,0,0,1,1,59,880,10,9,2012,2,18,35,1,11,1,I-405 RAMP,,280,33.68705833,-117.8988972,0,23,0,1,5,1,0,4,3,1,0,1,0,0000000,99,99,99,99,88,88,0,0,0,1,1
6,61925,1,1,0,0,0,1,1,97,0,29,10,2012,2,20,45,0,2,3,SR-1,,546,38.72350556,-123.4625806,0,35,0,0,1,1,0,4,2,1,0,1,0,0000000,99,99,99,99,88,88,0,0,0,1,0
6,61926,1,1,0,1,1,1,1,85,2182,2,11,2012,6,18,40,0,13,6,MONTAGUE EXPWY,,0,37.41304167,-121.8852361,0,8,0,0,1,1,0,1,2,1,0,1,0,0000000,99,99,99,99,99,99,0,0,0,1,0
6,61927,1,1,0,1,1,1,1,37,1980,12,11,2012,2,7,5,0,14,6,SANTA FE AVE,E OLYMPIC BLVD,0,34.02556944,-118.2299389,0,8,0,0,3,2,0,1,1,1,0,1,0,0000000,99,99,99,99,99,99,0,0,0,1,0
6,61928,1,1,0,1,1,1,1,15,0,2,11,2012,6,20,25,0,4,4,CR-KLAMATH BL,,0,41.52694167,-124.0365028,0,8,0,0,1,1,0,1,2,10,0,10,0,0000000,99,99,99,99,88,88,0,0,0,1,0
6,61929,1,1,0,0,0,2,2,65,0,30,10,2012,3,9,20,1,1,1,I-10,,217,33.9247,-116.7375111,0,24,0,0,1,1,0,3,1,1,0,1,0,0000000,99,99,99,99,88,88,0,0,0,1,0
6,61930,2,2,0,0,0,2,2,65,0,18,11,2012,1,15,0,0,2,3,SR-74,TRUELSON AVE,346,33.73923056,-117.0726333,0,12,6,0,2,2,0,1,1,1,0,1,0,0000000,99,99,99,99,99,99,0,0,0,1,1
6,61931,1,1,0,0,0,1,1,65,0,2,11,2012,6,21,35,0,3,4,CR-RAMONA EXPWY,,0,33.82809722,-117.1674139,0,1,0,0,1,1,0,4,3,1,0,1,0,0000000,99,99,99,99,88,88,0,0,0,1,1
6,61932,2,2,0,0,0,2,2,23,0,30,10,2012,3,19,58,0,2,3,SR-299,,33,40.90625,-124.0315694,0,12,2,0,1,1,0,1,2,1,0,1,0,0000000,99,99,99,99,88,88,0,0,0,2,0
6,61933,1,1,0,0,0,1,1,85,3340,4,11,2012,1,99,99,1,11,1,I-880 RAMP,,22,37.34366111,-121.9258,0,42,0,1,5,1,0,4,2,1,0,1,0,0000000,99,99,99,99,88,88,0,0,0,1,0
6,61934,1,1,0,1,1,3,3,65,410,16,4,2012,2,19,30,0,16,6,E DONLON RD,,0,33.60720556,-114.5632222,0,8,0,0,1,1,0,1,5,1,0,1,0,0000000,99,99,99,99,99,99,0,0,0,1,1
6,61935,1,1,0,1,1,0,0,37,1980,13,11,2012,3,14,45,0,14,6,N SOTO ST,CESAR E CHAVEZ AVE,0,34.0468,-118.2078111,0,8,0,0,3,2,0,1,1,1,0,1,0,0000000,99,99,99,99,99,99,23,0,0,1,0
6,61936,1,1,0,1,1,1,1,37,1980,18,11,2012,1,17,40,0,14,6,11TH ST,EDLEN AVE,0,34.0508,-118.2877417,0,8,0,0,3,2,0,1,3,1,0,1,0,0000000,99,99,99,99,99,99,0,0,0,1,0
6,61937,2,2,0,0,0,2,2,97,2740,31,10,2012,4,16,9,0,14,6,N MCDOWELL BLVD,,0,38.25845278,-122.6424194,0,12,1,0,1,1,0,1,1,2,0,2,0,0000000,99,99,99,99,99,99,0,0,0,1,0
6,61938,3,2,1,0,0,5,5,29,240,20,4,2012,6,20,29,0,14,6,FAIRFAX RD,,0,35.405925,-118.9310306,0,12,6,0,1,1,0,1,3,1,0,1,0,0000000,99,99,99,99,99,99,0,0,0,2,1
6,61939,4,4,0,0,0,6,6,85,0,14,9,2012,6,5,40,0,2,3,SR-25,,15,36.95956111,-121.5343111,0,12,2,0,1,1,0,1,2,1,0,1,0,0000000,99,99,99,99,99,99,0,0,0,1,0
6,61940,1,1,0,1,1,4,4,103,0,2,11,2012,6,23,54,0,3,4,CR-RAWSON RD,OLD RAWSON RD,0,40.1159,-122.2329,0,8,0,0,1,1,0,1,2,10,0,10,0,0000000,99,99,99,99,88,88,0,0,0,1,0
6,61941,1,1,0,0,0,1,1,57,0,13,11,2012,3,99,99,1,2,3,SR-20,,10,39.2041,-121.2647389,0,52,0,0,1,1,0,4,2,1,0,1,0,0000000,99,99,99,99,88,88,0,0,0,1,0
6,61942,1,1,0,0,0,1,1,85,1420,22,9,2012,7,4,15,1,12,2,US-101,,67,37.00996389,-121.56025,0,42,0,0,1,1,0,5,2,1,0,1,0,0000000,99,99,99,99,88,88,0,0,0,1,1
6,61943,1,1,0,0,0,2,2,37,2458,5,10,2012,6,1,50,0,14,6,FIRESTONE BLVD,,0,33.90416667,-118.06625,0,38,0,0,1,1,0,4,3,1,0,1,0,0000000,99,99,99,99,99,99,0,0,0,1,1
6,61944,1,1,0,0,0,1,1,17,0,6,10,2012,7,2,15,0,3,4,CR-CARSON RD,,0,38.73943889,-120.7188389,0,43,0,0,1,1,0,4,3,1,0,1,0,0000000,99,99,99,99,99,99,0,0,0,1,1
6,61945,2,2,0,0,0,2,2,73,3260,31,10,2012,4,16,30,0,14,6,EL CAMINO REAL,HALF MILE DR,0,32.96205278,-117.2342083,0,12,6,0,2,2,0,1,1,1,0,1,0,0000000,99,99,99,99,99,99,0,0,0,1,1
6,61946,2,2,0,0,0,2,2,73,0,18,10,2012,5,11,10,0,3,4,CR-VALLEY CENTER RD,,0,33.23593611,-116.9657389,0,12,2,0,1,1,0,1,1,10,0,10,0,0000000,99,99,99,99,99,99,0,0,0,1,0
6,61947,1,1,0,0,0,1,1,115,0,20,10,2012,7,19,50,0,4,4,CR-FEATHER RIVER BLVD,,0,39.10138889,-121.5793611,0,35,0,0,1,1,0,5,2,1,0,1,0,0000000,99,99,99,99,88,88,0,0,0,1,1
6,61948,1,1,0,0,0,1,1,1,1560,25,10,2012,5,18,25,1,11,1,I-880 RAMP,,174,37.65213889,-122.098725,0,1,0,1,5,1,0,1,5,1,0,1,0,0000000,99,99,99,99,99,99,0,0,0,1,1
6,61949,1,1,0,0,0,3,3,7,0,27,10,2012,7,21,30,0,4,4,CR-SOUTH PARK DR,,0,39.81118056,-121.5973111,0,30,0,0,1,1,0,4,2,1,0,1,0,0000000,99,99,99,99,99,99,0,0,0,2,0
6,61950,1,1,0,0,0,1,1,97,0,31,10,2012,4,19,25,0,4,6,TODD RD,,0,38.38713889,-122.7359194,0,32,0,0,1,1,0,4,2,10,2,2,0,0000000,99,99,99,99,88,88,0,0,0,1,0
6,61951,1,1,0,1,1,1,1,59,470,16,9,2012,1,19,41,0,14,6,ARTESIA BLVD,,0,33.87348611,-117.9936528,0,9,0,0,1,1,0,1,3,1,0,1,0,0000000,99,99,99,99,88,88,0,0,0,1,0
6,61952,1,1,0,1,1,1,1,7,0,14,11,2012,4,15,0,0,4,4,CR-MIDWAY,ROBLE RD,0,39.66228889,-121.8059611,0,9,0,0,1,1,0,2,1,1,0,1,0,0000000,99,99,99,99,99,99,0,0,0,1,0
6,61953,1,1,0,1,1,1,1,37,1980,14,11,2012,4,23,30,0,14,6,WHITSETT AVE,,0,34.190075,-118.4053778,0,8,0,0,1,1,0,1,3,1,0,1,0,0000000,99,99,99,99,88,88,0,0,0,1,1
6,61954,2,2,0,0,0,2,2,37,1980,15,11,2012,5,18,50,0,13,6,DEVONSHIRE ST,ETON AVE,0,34.25723056,-118.5951389,0,12,2,0,2,2,0,1,3,10,0,10,0,0000000,99,99,99,99,99,99,0,0,0,1,0
6,61955,2,2,0,0,0,2,2,71,0,16,11,2012,6,0,51,0,4,4,CR-PHELAN RD,CENTOLA RD,0,34.42646389,-117.5448194,0,12,2,0,3,2,0,1,2,2,0,2,0,0000000,99,99,99,99,99,99,0,0,0,1,2
6,61956,1,1,0,1,1,0,0,81,3390,12,10,2012,6,8,45,0,14,6,ALAMEDA DE LAS PULGAS,MADERA DR,0,37.54425,-122.3192361,0,8,0,0,2,3,0,1,1,10,0,10,0,0000000,99,99,99,99,99,99,0,0,0,1,0
6,61957,5,5,0,0,0,8,8,59,2560,22,9,2012,7,11,4,0,13,6,E TAFT AVE,N TUSTIN ST,0,33.81745833,-117.8359222,0,12,6,0,2,3,0,1,1,1,0,1,0,0000000,99,99,99,99,99,99,14,0,0,1,0
6,61958,1,1,0,1,1,2,2,109,0,26,10,2012,6,6,30,0,4,4,CR-JAMESTOWN RD,,0,38.00458056,-120.4059889,0,8,0,0,1,1,0,1,2,1,0,1,0,0000000,99,99,99,99,88,88,0,0,0,1,0
6,61959,1,1,0,0,0,1,1,85,0,28,10,2012,1,10,47,0,13,3,SR-130,,45,37.37716111,-121.8026111,0,42,0,0,1,1,0,5,1,1,0,1,0,0000000,99,99,99,99,88,88,0,0,0,1,0
6,61960,1,1,0,0,0,1,1,83,0,28,10,2012,1,12,46,0,3,4,CR-PURISIMA RD,,0,34.67093056,-120.4268111,0,42,0,0,1,1,0,2,1,1,0,1,0,0000000,99,99,99,99,99,99,0,0,0,1,1
6,61961,1,1,0,0,0,2,2,59,3420,25,10,2012,5,17,13,1,11,1,I-5 RAMP,,342,33.77721944,-117.8758889,0,39,0,1,5,1,0,5,1,1,0,1,0,0000000,99,99,99,99,99,99,0,0,0,1,0
6,61962,1,1,0,0,0,2,2,67,3150,22,11,2012,5,6,20,0,14,6,14TH AVE,,0,38.53946944,-121.4415611,0,30,0,0,1,1,0,4,3,1,0,1,0,0000000,99,99,99,99,99,99,0,0,0,1,0
6,61963,2,2,0,0,0,2,2,37,1840,25,10,2012,5,19,30,0,14,6,20TH ST W,AVENUE K-4,0,34.671325,-118.1657222,0,12,6,0,2,2,0,1,3,1,0,1,0,0000000,99,99,99,99,99,99,0,0,0,1,0
6,61964,1,1,0,0,0,2,2,29,0,26,10,2012,6,1,30,0,6,4,CR-SADDLE SPRING RD,,0,35.56803056,-118.5065806,0,1,0,0,1,1,0,5,2,1,0,1,0,0000000,99,99,99,99,99,99,4,0,0,1,1
6,61965,1,1,0,0,0,1,1,25,0,27,10,2012,7,1,4,0,2,4,CR-EVAN HEWES HWY,,0,32.80303056,-115.4848611,0,1,0,0,1,1,0,2,2,1,0,1,0,0000000,99,99,99,99,88,88,0,0,0,1,0
6,61966,1,1,0,0,0,1,1,53,0,27,10,2012,7,16,35,0,4,4,CR-E CARMEL VALLEY RD,,0,36.46028889,-121.70895,0,1,0,0,1,1,0,1,1,1,0,1,0,0000000,99,99,99,99,99,99,0,0,0,1,1
6,61967,1,1,0,0,0,1,1,7,0,27,10,2012,7,22,10,0,4,4,CR-PENTZ RD,,0,39.66801944,-121.5717889,0,42,0,0,1,1,0,5,2,1,0,1,0,0000000,99,99,99,99,88,88,0,0,0,1,1
6,61968,1,1,0,0,0,5,5,23,0,11,11,2012,1,2,50,0,2,3,SR-254,,77,40.25354444,-123.8208194,0,35,0,0,1,1,0,4,2,10,0,10,0,0000000,99,99,99,99,99,99,0,0,0,1,0
6,61969,1,1,0,0,0,1,1,41,0,12,11,2012,2,17,45,0,13,4,CR-POINT REYES PETALUMA RD,,0,38.09123889,-122.7529028,0,24,0,0,1,1,0,4,2,1,0,1,0,0000000,99,99,99,99,88,88,0,0,0,1,1
6,61970,2,2,0,0,0,3,3,29,0,10,11,2012,7,6,10,0,4,4,CR-EDISON RD,DAVID RD,0,35.09281944,-118.8777611,0,12,6,0,2,3,0,1,4,10,0,10,0,0000000,99,99,99,99,99,99,0,0,0,2,1
6,61971,1,1,0,0,0,1,1,71,0,12,11,2012,2,11,35,1,1,1,I-40,,209,34.82348889,-116.6486889,0,1,0,0,1,1,0,3,1,1,0,1,0,0000000,99,99,99,99,88,88,0,0,0,1,0
6,61972,1,1,0,0,0,1,1,95,4010,12,11,2012,2,12,26,1,11,1,I-80,,257,38.34876111,-121.9901806,0,42,0,0,1,1,0,4,1,1,0,1,0,0000000,99,99,99,99,88,88,0,0,0,1,0
6,61973,1,1,0,0,0,1,1,63,0,22,11,2012,5,13,10,0,2,3,SR-49,,34,39.75519722,-120.2109861,0,1,0,0,1,1,0,5,1,1,0,1,0,0000000,99,99,99,99,88,88,0,0,0,1,0
6,61974,1,1,0,1,1,1,1,67,3150,11,11,2012,1,17,48,0,15,6,STOCKTON BLVD,,0,38.52788611,-121.4439222,0,9,0,0,1,1,0,1,5,1,0,1,0,0000000,99,99,99,99,99,99,0,0,0,1,0
6,61975,1,1,0,1,1,2,2,107,2880,10,11,2012,7,20,49,0,14,6,HENDERSON AVE,2ND ST,0,36.08016111,-119.0149583,0,8,0,0,3,2,0,1,3,1,0,1,0,0000000,99,99,99,99,99,99,0,0,0,1,0
6,61976,1,1,0,1,1,1,1,37,1980,17,11,2012,7,19,0,0,14,6,BROADWAY AVE,,0,33.93515833,-118.2783722,0,8,0,0,1,1,0,1,3,2,10,2,0,0000000,99,99,99,99,99,99,0,0,0,1,0
6,61977,1,1,0,1,1,2,2,37,1980,17,11,2012,7,19,50,0,13,6,VAN NUYS BLVD,,0,34.26508611,-118.4234917,0,8,0,0,1,1,0,1,3,2,10,2,0,0000000,99,99,99,99,88,88,0,0,0,1,0
6,61978,2,2,0,0,0,3,3,71,4040,7,5,2012,2,5,1,0,12,3,SR-18,2ND ST,961,34.53968889,-117.2972389,0,12,6,0,2,2,0,1,3,1,0,1,0,0000000,99,99,99,99,99,99,0,0,0,1,0
6,61979,1,1,0,1,1,1,1,61,0,23,11,2012,6,22,30,0,13,3,SR-49,,61,38.93706111,-121.0951194,0,8,0,0,1,1,0,1,2,1,0,1,0,0000000,99,99,99,99,99,99,0,0,0,1,1
6,61980,1,1,0,1,1,1,1,107,2880,21,11,2012,4,18,20,1,12,3,SR-65,PIONEER AVE,209,36.09114444,-119.0393667,0,8,0,0,2,2,0,1,2,1,0,1,0,0000000,99,99,99,99,99,99,0,0,0,1,0
6,61981,1,1,0,0,0,1,1,89,0,11,11,2012,1,18,10,0,3,4,CR-CLEAR CREEK RD,,0,40.50079722,-122.4433556,0,42,0,0,1,1,0,5,2,1,0,1,0,0000000,99,99,99,99,99,99,0,0,0,1,0
6,61982,1,1,0,0,0,1,1,17,0,4,6,2012,2,16,10,0,6,4,CR-BUCKS BAR RD,,0,38.67190556,-120.7179194,0,59,0,0,1,1,0,4,1,10,0,10,0,0000000,99,99,99,99,88,88,0,0,0,1,0
6,61983,1,1,0,1,1,1,1,37,1980,22,11,2012,5,18,30,0,16,6,REMICK AVE,,0,34.25782222,-118.4340333,0,8,0,0,1,1,0,1,3,1,0,1,0,0000000,99,99,99,99,99,99,0,0,0,1,0
6,61984,1,1,0,1,1,1,1,85,1975,21,6,2012,5,8,54,0,13,6,SAN ANTONIO RD,,0,37.39979167,-122.1143,0,8,0,0,4,1,0,1,1,1,0,1,0,0000000,99,99,99,99,99,99,0,0,0,1,0
6,61985,1,1,0,0,0,1,1,29,3840,17,11,2012,7,9,50,0,16,6,N LOWER VALLEY RD,,0,35.16963889,-118.6522278,0,42,0,0,1,1,0,5,1,1,0,1,0,0000000,99,99,99,99,88,88,0,0,0,1,0