STATE,ST_CASE,VE_TOTAL,VE_FORMS,PVH_INVL,PEDS,PERNOTMVIT,PERMVIT,PERSONS,COUNTY,CITY,DAY,MONTH,YEAR,DAY_WEEK,HOUR,MINUTE,NHS,ROAD_FNC,ROUTE,TWAY_ID,TWAY_ID2,MILEPT,LATITUDE,LONGITUD,SP_JUR,HARM_EV,MAN_COLL,RELJCT1,RELJCT2,TYP_INT,WRK_ZONE,REL_ROAD,LGT_COND,WEATHER1,WEATHER2,WEATHER,SCH_BUS,RAIL,NOT_HOUR,NOT_MIN,ARR_HOUR,ARR_MIN,HOSP_HR,HOSP_MN,CF1,CF2,CF3,FATALS,DRUNK_DR
6,61986,1,1,0,0,0,1,1,73,3260,22,6,2012,6,20,36,1,11,1,I-8,,67,32.78063056,-117.0918806,0,24,0,0,1,1,0,3,2,1,0,1,0,0000000,99,99,99,99,88,88,0,0,0,1,0
6,61987,2,2,0,0,0,2,2,65,2420,19,5,2012,7,8,0,0,14,6,RIVER RD,TRAIL ST,0,33.91775278,-117.5920806,0,1,0,0,2,3,0,1,1,1,0,1,0,0000000,99,99,99,99,99,99,0,0,0,1,0
6,61988,1,1,0,0,0,1,1,65,2730,21,10,2012,1,2,0,1,11,1,I-215,,234,33.75058889,-117.1892694,0,33,0,0,1,1,0,4,2,10,0,10,0,0000000,99,99,99,99,88,88,0,0,0,1,1
6,61989,1,1,0,0,0,1,1,89,0,23,9,2012,1,19,58,1,2,3,SR-44,,271,40.49217778,-121.8999028,0,1,0,0,1,1,0,1,2,1,0,1,0,0000000,99,99,99,99,88,88,0,0,0,1,1
6,61990,2,2,0,0,0,8,8,37,0,28,5,2012,2,7,10,0,3,4,CR-MONA BLVD,119TH ST,0,33.92460278,-118.2293556,0,12,6,0,2,3,0,1,1,1,0,1,0,0000000,99,99,99,99,99,99,0,0,0,3,1
6,61991,1,1,0,1,1,1,1,83,3430,15,10,2012,2,22,26,1,12,2,US-101 RAMP,STATE ST,179,34.44022778,-119.7541417,0,8,0,1,3,2,0,1,3,1,0,1,0,0000000,99,99,99,99,88,88,0,0,0,1,0
6,61992,3,3,0,0,0,7,7,107,0,18,11,2012,1,16,58,0,5,4,CR-AVENUE 424,ROAD 104,0,36.55973333,-119.3405722,0,12,6,0,2,2,0,1,1,10,0,10,0,0000000,99,99,99,99,99,99,0,0,0,1,0
6,61993,1,1,0,0,0,2,2,97,0,23,11,2012,6,16,35,0,4,4,CR-TODD RD,,0,38.38686944,-122.7557611,0,43,0,0,1,1,0,4,1,1,0,1,0,0000000,99,99,99,99,99,99,0,0,0,1,0
6,61994,1,1,0,0,0,1,1,13,0,3,6,2012,1,13,45,0,4,4,CR-BEAR CREEK RD,,0,37.93166944,-122.1744056,0,44,0,0,1,1,0,1,1,1,0,1,0,0000000,99,99,99,99,88,88,0,0,0,1,0
6,61995,1,1,0,0,0,1,1,67,712,8,3,2012,5,13,2,0,13,6,MADISON AVE,,0,38.66405278,-121.2679639,0,42,0,0,1,1,0,4,1,1,0,1,0,0000000,99,99,99,99,99,99,0,0,0,1,0
6,61996,1,1,0,1,1,1,1,73,3260,19,5,2012,7,22,9,1,11,1,I-8,,18,32.75833056,-117.2146306,0,8,0,0,1,1,0,1,2,10,0,10,0,0000000,99,99,99,99,88,88,0,0,0,1,0
6,61997,1,1,0,0,0,2,2,7,2680,20,11,2012,3,3,58,0,15,6,PENTZ RD,,0,39.7521,-121.5724722,0,38,0,0,1,1,0,4,2,2,0,2,0,0000000,99,99,99,99,99,99,0,0,0,1,0
6,61998,2,2,0,0,0,4,4,73,3260,21,10,2012,1,5,0,1,11,1,I-805,,112,32.688,-117.0931611,0,35,0,1,19,1,1,4,3,2,0,2,0,0000000,99,99,99,99,99,99,0,0,0,1,1
6,61999,2,2,0,0,0,3,3,71,4040,22,2,2012,4,17,40,0,15,6,BEAR VALLEY RD,MESA VIEW DR,0,34.47031111,-117.4083306,0,12,6,0,2,2,0,1,1,1,0,1,0,0000000,99,99,99,99,99,99,0,0,0,1,1
6,62000,1,1,0,1,1,1,1,71,0,19,3,2012,2,20,49,1,2,3,SR-62,VALLEY VIEW ST,185,34.13511111,-116.1683833,0,8,0,0,3,1,0,1,2,1,0,1,0,0000000,99,99,99,99,99,99,0,0,0,1,0
6,62001,2,2,0,0,0,3,3,65,2730,31,3,2012,7,6,15,0,14,6,RAMONA EXPRESSWAY,EVANS RD,0,33.84450278,-117.2087111,0,12,1,0,3,2,0,1,3,5,0,5,0,0000000,99,99,99,99,88,88,0,0,0,1,1
6,62002,2,2,0,0,0,2,2,37,810,20,11,2012,3,16,46,0,13,6,ALONDRA BL,ESSEY AVE,0,33.88870278,-118.2041222,0,12,6,0,3,2,0,1,3,1,0,1,0,0000000,99,99,99,99,99,99,0,0,0,1,1
6,62003,3,3,0,0,0,8,8,73,0,25,5,2012,6,9,59,0,2,3,SR-67,,177,33.00053056,-116.9583194,0,12,6,0,1,1,0,1,1,2,10,2,0,0000000,99,99,99,99,99,99,0,0,0,4,0
6,62004,1,1,0,1,1,1,1,1,2480,9,1,2012,2,23,17,0,13,6,73RD AVE,BANCROFT AVE,0,37.76598333,-122.1770667,0,8,0,0,3,2,0,1,3,1,0,1,0,0000000,99,99,99,99,99,99,0,0,0,1,0
6,62005,1,1,0,1,1,2,2,77,0,7,4,2012,7,15,16,0,14,6,WASHINGTON ST,CALIFORNIA ST,0,37.95161389,-121.2840417,0,9,0,0,3,2,0,1,1,1,0,1,0,0000000,99,99,99,99,99,99,0,0,0,1,0
6,62006,1,1,0,1,1,2,2,29,240,30,4,2012,2,13,50,0,13,6,WHITE LANE,,0,35.31774167,-119.0253528,0,8,0,0,1,1,0,1,1,1,0,1,0,0000000,99,99,99,99,88,88,0,0,0,1,0
6,62007,1,1,0,0,0,1,1,53,0,20,11,2012,3,99,99,0,6,4,CR-EAST GARZAS RD,,0,36.49514722,-121.7551444,0,59,0,0,1,1,0,3,2,1,0,1,0,0000000,99,99,99,99,88,88,0,0,0,1,0
6,62008,2,2,0,0,0,3,3,51,0,14,6,2012,5,11,30,1,2,2,US-395,,937,38.34798333,-119.4526778,0,12,1,0,1,1,1,1,1,1,0,1,0,0000000,99,99,99,99,88,88,0,0,0,1,0
6,62009,2,1,1,2,5,1,4,37,1980,16,6,2012,7,23,22,1,11,1,I-5 RAMP,CAESAR E CHAVEZ AVE,181,34.04943889,-118.2135306,0,8,0,1,3,3,0,5,3,1,0,1,0,0000000,99,99,99,99,99,99,20,0,0,2,1
6,62010,3,2,1,1,1,2,2,1,3360,2,8,2012,5,17,42,0,14,6,SAN LEANDRO BL,,0,37.72116667,-122.1595861,0,14,0,0,1,1,0,7,1,1,0,1,0,0000000,99,99,99,99,99,99,0,0,0,1,0
6,62011,1,1,0,0,0,5,5,71,2550,2,9,2012,1,1,41,0,13,6,HAVEN AVE,,0,34.02201389,-117.5755028,0,42,0,0,1,1,0,4,3,1,0,1,0,0000000,99,99,99,99,99,99,0,0,0,5,1
6,62012,1,1,0,1,1,1,1,1,2480,4,7,2012,4,21,35,0,12,3,SR-185,,82,37.75536111,-122.1791333,0,9,0,0,1,1,0,1,3,1,0,1,0,0000000,99,99,99,99,88,88,0,0,0,1,1
6,62013,2,1,1,0,2,1,3,71,0,22,4,2012,1,6,42,1,1,1,I-15 RAMP,,284,34.35986111,-117.4351111,0,14,0,1,5,1,0,2,1,1,0,1,0,0000000,99,99,99,99,99,99,19,0,0,1,0
6,62014,3,3,0,0,0,3,3,77,3770,8,5,2012,3,17,17,0,13,6,HAMMER LANE,AMBER WAY,0,38.02104444,-121.3321417,0,12,1,0,3,3,1,1,1,1,0,1,0,0000000,99,99,99,99,99,99,0,0,0,1,0
6,62015,1,1,0,1,1,1,1,37,480,22,5,2012,3,20,17,0,14,6,OLIVE AVE,GRIFFITH PARK DR,0,34.16964722,-118.3206611,0,8,0,0,3,3,0,1,3,1,0,1,0,0000000,99,99,99,99,99,99,0,0,0,1,0
6,62016,2,2,0,0,0,2,2,37,2020,7,6,2012,5,23,37,0,16,6,BURTON AVE,,0,33.91625,-118.2116167,0,12,2,0,1,1,0,1,2,1,0,1,0,0000000,99,99,99,99,99,99,0,0,0,1,1
6,62017,1,1,0,1,1,1,1,59,1660,11,6,2012,2,18,27,0,13,6,WARNER AVE,SIMS LANE,0,33.71535278,-118.0480167,0,8,0,0,3,2,0,1,1,1,0,1,0,0000000,99,99,99,99,88,88,0,0,0,1,0
6,62018,1,1,0,0,0,2,2,1,2480,4,7,2012,4,7,17,0,14,6,SAN LEANDRO ST,,0,37.77133611,-122.21865,0,31,0,0,1,1,0,4,1,1,0,1,0,0000000,99,99,99,99,99,99,20,0,0,1,0
6,62019,3,2,1,0,0,3,3,37,245,17,6,2012,1,19,46,0,16,6,PATRITTI AVE,,0,34.07492778,-117.9975944,0,12,6,0,8,1,0,1,1,1,0,1,0,0000000,99,99,99,99,99,99,14,0,0,1,0
6,62020,2,2,0,0,0,5,5,13,0,17,8,2012,6,17,44,0,2,4,CR-BYRON HWY,,0,37.82175556,-121.5937472,0,12,2,0,1,1,0,1,1,1,0,1,0,0000000,99,99,99,99,99,99,0,0,0,1,0
6,62021,2,2,0,0,0,2,2,65,3070,18,6,2012,2,14,38,0,14,6,RAMONA EXPRESSWAY,,0,33.82176944,-116.9984111,0,12,2,0,1,1,0,1,1,1,0,1,0,0000000,99,99,99,99,99,99,0,0,0,1,1
6,62022,2,2,0,0,0,2,2,59,1660,16,7,2012,2,16,6,0,14,6,HAMILTON AVE,,0,33.65059722,-117.9545667,0,12,6,0,8,1,0,1,1,1,0,1,0,0000000,99,99,99,99,99,99,0,0,0,1,0
6,62023,1,1,0,1,1,1,1,65,2327,29,6,2012,6,21,6,0,14,6,KALMIA ST,,0,33.56061667,-117.2099417,0,8,0,0,1,1,0,1,2,1,0,1,0,0000000,99,99,99,99,99,99,0,0,0,1,0
6,62024,2,2,0,0,0,3,3,85,3340,19,8,2012,1,23,51,0,13,6,SNELL AVE,BRANHAM LN,0,37.26604444,-121.8311472,0,12,6,0,2,2,0,1,3,1,0,1,0,0000000,99,99,99,99,99,99,0,0,0,2,1
6,62025,1,1,0,0,0,1,1,17,0,8,7,2012,1,1,40,0,2,3,SR-49,,351,38.89188056,-121.0157111,0,35,0,0,1,1,0,4,2,1,0,1,0,0000000,99,99,99,99,88,88,0,0,0,1,1
6,62026,2,2,0,0,0,10,10,113,0,11,7,2012,4,14,42,0,3,4,CR-102,,0,38.59933056,-121.7301694,0,12,2,0,1,1,0,1,1,1,0,1,0,0000000,99,99,99,99,99,99,0,0,0,3,1
6,62027,2,2,0,0,0,2,2,71,681,19,7,2012,5,20,18,0,13,6,PEYTON DR,SKYVIEW RIDGE,0,34.007325,-117.7385278,0,12,6,0,2,3,0,1,5,1,0,1,0,0000000,99,99,99,99,99,99,0,0,0,1,1
6,62028,2,1,1,0,0,1,1,81,1530,16,7,2012,2,3,24,0,14,6,KELLY AVE,,0,37.46451389,-122.4386222,0,14,0,0,1,1,0,2,3,8,10,8,0,0000000,99,99,99,99,99,99,0,0,0,1,1
6,62029,4,1,3,2,2,1,1,37,0,4,7,2012,4,20,58,0,6,4,CR-64TH ST,,0,33.98161111,-118.2526278,0,14,0,0,1,1,0,7,2,1,0,1,0,0000000,99,99,99,99,99,99,0,0,0,1,1
6,62030,1,1,0,0,0,1,1,37,3870,29,7,2012,1,6,20,0,16,6,171ST ST,TAYLOR CT,0,33.87519722,-118.3154,0,33,0,0,3,3,0,4,1,1,0,1,0,0000000,99,99,99,99,99,99,0,0,0,1,1
6,62031,1,1,0,0,0,1,1,71,2550,19,8,2012,1,15,4,0,16,6,LEMON AVE,,0,34.05574167,-117.6495417,0,30,0,0,1,1,0,4,1,1,0,1,0,0000000,99,99,99,99,99,99,0,0,0,1,1
6,62032,2,2,0,0,0,6,6,59,3420,15,7,2012,1,14,24,0,14,6,MCFADDEN AVE,PACIFIC AVE,0,33.73821111,-117.9352083,0,12,6,0,3,3,0,1,1,1,0,1,0,0000000,99,99,99,99,99,99,0,0,0,1,0
6,62033,1,1,0,2,2,1,1,73,3260,7,9,2012,6,13,45,1,11,1,I-805 RAMP,,137,32.72261111,-117.1021083,0,8,0,1,5,1,0,2,1,1,0,1,0,0000000,99,99,99,99,99,99,0,0,0,1,0
6,62034,2,1,1,0,1,1,2,37,1716,16,7,2012,2,8,55,1,11,1,I-605,,254,34.12971111,-117.9613,0,14,0,0,1,1,0,2,1,1,0,1,0,0000000,99,99,99,99,88,88,0,0,0,1,0
6,62035,2,2,0,0,0,2,2,59,1660,16,7,2012,2,10,52,0,14,6,OAKRIDGE LANE,INDIANAPOLIS AVE,0,33.66497222,-117.9753833,0,12,6,0,2,2,0,1,1,1,0,1,0,0000000,99,99,99,99,99,99,0,0,0,1,0
6,62036,1,1,0,1,1,1,1,85,3340,27,7,2012,6,22,7,0,13,6,W HAMILTON AVE,W CAMPBELL AVE,0,37.28990556,-121.9892778,0,9,0,0,2,3,0,1,3,10,0,10,0,0000000,99,99,99,99,99,99,0,0,0,1,0
6,62037,1,1,0,1,1,1,1,73,0,16,9,2012,1,6,5,0,5,4,CR-WOODS VALLEY RD,CR-COOL WATER RANCH RD,0,33.2037,-116.9912694,0,9,0,0,2,3,0,1,2,1,0,1,0,0000000,99,99,99,99,99,99,16,0,0,1,0
6,62038,2,2,0,0,0,2,2,17,0,23,8,2012,5,15,43,0,2,3,SR-193,,66,38.90543056,-120.9174139,0,12,2,0,1,1,0,1,1,1,0,1,0,0000000,99,99,99,99,99,99,0,0,0,1,0
6,62039,2,2,0,3,3,2,2,37,3870,22,7,2012,1,3,35,1,11,1,I-405,,165,33.87156944,-118.3412111,0,12,1,0,1,1,1,1,3,1,0,1,0,0000000,99,99,99,99,99,99,0,0,0,2,2
6,62040,1,1,0,0,0,1,1,73,1182,28,7,2012,7,23,16,1,11,1,I-5,,411,33.04206944,-117.2854611,0,58,0,0,1,1,0,5,2,1,0,1,0,0000000,99,99,99,99,88,88,0,0,0,1,1
6,62041,1,1,0,1,1,6,6,71,790,30,7,2012,2,15,22,1,11,1,I-10,,247,34.06363889,-117.2886889,0,8,0,0,1,1,0,1,1,1,0,1,0,0000000,99,99,99,99,88,88,0,0,0,1,0
6,62042,1,1,0,0,0,1,1,37,0,18,9,2012,3,2,5,0,2,4,CR-CRENSHAW BLVD,,0,33.78454722,-118.3492167,0,11,0,0,1,1,0,1,2,1,0,1,0,0000000,99,99,99,99,99,99,0,0,0,1,1
6,62043,2,2,0,0,0,2,2,77,3770,21,3,2012,4,6,19,0,13,6,MARTIN LUTHER KING BL,,0,37.94916944,-121.2477222,0,12,2,0,1,1,0,1,4,1,0,1,0,0000000,99,99,99,99,99,99,0,0,0,1,0
6,62044,1,1,0,1,1,1,1,71,2550,23,8,2012,5,20,2,0,12,3,SR-83,GEYER CT,71,34.02876389,-117.6510306,0,9,0,0,2,3,0,1,3,1,0,1,0,0000000,99,99,99,99,99,99,0,0,0,1,0
6,62045,1,1,0,0,0,1,1,37,1980,1,9,2012,7,3,15,1,11,1,I-110,,140,33.93131944,-118.2800889,0,35,0,0,1,1,0,5,2,1,0,1,0,0000000,99,99,99,99,99,99,0,0,0,1,0
6,62046,1,1,0,0,0,1,1,65,2327,31,7,2012,3,18,35,0,16,6,WHITEWOOD DR,,0,33.58811111,-117.1723972,0,30,0,0,1,1,0,4,1,1,0,1,0,0000000,99,99,99,99,99,99,0,0,0,1,0
6,62047,2,2,0,0,0,6,6,65,3070,25,8,2012,7,17,50,0,14,6,TRAUTWEIN RD,JOHN F KENNEDY DR,0,33.901975,-117.3261806,0,12,6,0,2,2,0,1,1,1,0,1,0,0000000,99,99,99,99,99,99,0,0,0,1,0
6,62048,2,2,0,0,0,7,7,65,0,21,9,2012,6,18,42,0,2,3,SR-74,,268,33.75465,-117.2741389,0,12,2,0,1,1,0,1,5,1,0,1,0,0000000,99,99,99,99,99,99,0,0,0,2,1
6,62049,2,2,0,0,0,2,2,71,1605,22,9,2012,7,20,50,0,14,6,GREENSPOT RD,SAN BENITO ST,0,34.10885,-117.1369306,0,12,6,0,2,3,0,1,3,1,0,1,0,0000000,99,99,99,99,99,99,0,0,0,1,0
6,62050,2,2,0,0,0,5,5,59,0,6,10,2012,7,12,18,0,2,3,SR-74,,139,33.59259722,-117.491825,0,1,0,0,1,1,0,1,1,1,0,1,0,0000000,99,99,99,99,99,99,19,0,0,1,1
6,62051,2,2,0,0,0,3,3,37,1700,26,8,2012,1,1,47,0,13,6,LA CIENEGA BL,GLENWAY DR,0,33.97229722,-118.3701639,0,12,2,0,2,3,0,1,3,1,0,1,0,0000000,99,99,99,99,99,99,0,0,0,1,1
6,62052,2,2,0,0,0,2,2,71,2922,27,9,2012,5,18,14,0,15,6,ARCHIBALD AVE,,0,34.14636667,-117.5934139,0,12,6,0,1,1,0,1,1,1,0,1,0,0000000,18,16,18,22,19,8,0,0,0,1,0
6,62053,1,1,0,1,1,2,2,37,1980,7,10,2012,1,0,45,1,11,1,I-110,,165,33.96696944,-118.2805389,0,8,0,0,1,1,0,1,3,1,0,1,0,0000000,99,99,99,99,88,88,19,0,0,1,0
6,62054,1,1,0,0,0,1,1,61,1890,28,8,2012,3,14,1,0,13,3,SR-65,,132,38.86993056,-121.2994444,0,25,0,0,1,1,1,3,1,1,0,1,0,0000000,99,99,99,99,99,99,0,0,0,1,1
6,62055,1,1,0,0,0,2,2,61,3110,1,8,2012,4,17,2,0,15,6,INDUSTRIAL AVE,,0,38.77791389,-121.3055667,0,38,0,0,1,1,0,5,1,1,0,1,0,0000000,99,99,99,99,99,99,0,0,0,1,0
6,62056,1,1,0,1,1,1,1,59,9997,8,8,2012,4,20,54,0,13,6,MOULTON PAKRWAY,,0,33.60956389,-117.72485,0,8,0,0,1,1,0,1,3,1,0,1,0,0000000,99,99,99,99,88,88,0,0,0,1,0
6,62057,3,3,0,0,0,3,3,71,2550,4,8,2012,7,15,20,0,13,6,GROVE AVE,,0,34.03463056,-117.6284722,0,12,7,0,1,1,0,1,1,1,0,1,0,0000000,99,99,99,99,99,99,0,0,0,1,0
6,62058,1,1,0,1,1,5,5,85,3340,7,10,2012,1,2,40,0,13,6,MONTAGUE EXPY,,0,37.396525,-121.9146278,0,9,0,0,1,1,0,1,2,1,0,1,0,0000000,99,99,99,99,99,99,0,0,0,1,0
6,62059,2,2,0,0,0,3,3,73,1182,7,10,2012,1,12,26,0,14,6,S COAST HWY 101,K ST,0,33.03685278,-117.29235,0,12,6,0,2,3,0,1,1,1,0,1,0,0000000,99,99,99,99,88,88,0,0,0,1,0
6,62060,2,2,0,0,0,2,2,13,2485,28,9,2012,6,15,0,0,14,6,LAUREL RD,EMPIRE AVE,0,37.98318056,-121.7322972,0,12,1,0,3,2,0,1,1,1,0,1,0,0000000,99,99,99,99,99,99,0,0,0,1,0
6,62061,1,1,0,1,1,1,1,59,1660,31,7,2012,3,8,26,0,16,6,ST ANDREWS LANE,,0,33.712425,-118.0331722,0,8,0,0,1,1,0,1,1,1,0,1,0,0000000,99,99,99,99,99,99,0,0,0,1,0
6,62062,2,2,0,0,0,2,2,13,0,10,8,2012,6,21,19,0,2,4,CR-VASCO RD,,0,37.86879167,-121.6734639,0,12,6,0,1,1,0,1,2,1,0,1,0,0000000,99,99,99,99,99,99,0,0,0,1,1
6,62063,1,1,0,0,0,1,1,1,0,7,10,2012,1,3,25,1,1,1,I-680,,124,37.59953056,-121.8726694,0,33,0,0,1,1,0,4,2,1,0,1,0,0000000,99,99,99,99,88,88,0,0,0,1,1
6,62064,1,1,0,1,1,1,1,73,710,12,10,2012,6,7,42,0,15,6,E ST,,0,32.63936667,-117.1004139,0,8,0,0,1,1,0,1,1,1,0,1,0,0000000,99,99,99,99,99,99,0,0,0,1,0
6,62065,1,1,0,0,0,3,3,27,0,11,8,2012,7,16,38,0,6,4,CR-BARTELL AVE,,0,37.15908889,-118.27735,0,1,0,0,1,1,0,5,1,10,0,10,0,0000000,99,99,99,99,99,99,4,0,0,1,1
6,62066,4,4,0,0,0,8,8,37,3686,30,9,2012,1,1,40,1,12,3,SR-60,,112,34.03596944,-118.0320889,0,25,0,0,1,1,0,3,2,1,0,1,0,0000000,99,99,99,99,99,99,0,0,0,1,1
6,62067,2,2,0,0,0,2,2,21,0,1,11,2012,5,2,3,1,1,1,I-5,,246,39.7373,-122.20595,0,12,1,0,1,1,0,1,3,10,0,10,0,0000000,99,99,99,99,99,99,0,0,0,1,0
6,62068,1,1,0,0,0,1,1,73,0,10,10,2012,4,19,0,0,3,4,CR-BONITA RD,,0,32.64805833,-117.05615,0,42,0,0,1,1,0,3,3,1,0,1,0,0000000,99,99,99,99,99,99,0,0,0,1,1
6,62069,1,1,0,1,1,1,1,29,240,19,10,2012,6,19,2,0,14,6,BRUNDAGE LN,,0,35.35397222,-119.0221222,0,8,0,0,1,1,0,1,3,1,0,1,0,0000000,99,99,99,99,99,99,0,0,0,1,0
6,62070,1,1,0,0,0,4,4,45,0,12,10,2012,6,3,0,0,2,3,SR-128,,80,38.95015833,-123.3268167,0,42,0,0,1,1,0,5,2,10,0,10,0,0000000,99,99,99,99,99,99,0,0,0,1,1
6,62071,1,1,0,1,1,1,1,65,850,30,9,2012,1,20,48,0,14,6,GRAND BLVD,GARRETSON AVE,0,33.87009167,-117.5620278,0,9,0,0,3,2,0,1,3,1,0,1,0,0000000,99,99,99,99,88,88,0,0,0,1,0
6,62072,1,1,0,0,0,2,2,65,850,19,10,2012,6,23,25,0,15,6,HARRINGTON ST,,0,33.89358611,-117.5734972,0,30,0,0,1,1,0,4,3,1,0,1,0,0000000,99,99,99,99,99,99,0,0,0,1,0
6,62073,2,2,0,1,1,6,6,81,0,17,10,2012,4,16,25,0,2,3,SR-1,,231,37.38668611,-122.4054389,0,9,0,0,1,1,0,1,1,1,0,1,0,0000000,99,99,99,99,99,99,0,0,0,1,0
6,62074,1,1,0,0,0,3,3,37,1980,1,12,2012,7,20,20,0,13,6,LA TUNA CYN RD,,0,34.23350556,-118.3050667,0,39,0,0,1,1,0,5,2,2,0,2,0,0000000,99,99,99,99,99,99,0,0,0,1,0
6,62075,1,1,0,1,1,1,1,47,0,8,11,2012,5,20,10,0,12,3,SR-59,,138,37.28263056,-120.4878,0,8,0,0,1,1,0,1,2,10,0,10,0,0000000,99,99,99,99,88,88,0,0,0,1,0
6,62076,2,2,0,0,0,2,2,83,0,27,10,2012,7,7,57,0,2,3,SR-166,,704,35.03759722,-119.8831,0,12,2,0,1,1,0,1,1,1,0,1,0,0000000,99,99,99,99,99,99,0,0,0,1,0
6,62077,2,2,0,0,0,2,2,65,1580,20,10,2012,7,21,9,0,15,6,DOMENIGONI PKWY,,0,33.710425,-116.9940944,0,1,0,0,1,1,0,4,2,10,0,10,0,0000000,99,99,99,99,99,99,14,0,0,1,1
6,62078,2,2,0,0,0,2,2,11,0,2,10,2012,3,10,20,0,4,4,CR-HILLGATE RD,,0,39.01217222,-122.1208028,0,12,6,0,8,1,0,1,1,1,0,1,0,0000000,99,99,99,99,88,88,0,0,0,2,0
6,62079,2,2,0,0,0,2,2,37,639,25,10,2012,5,1,40,1,12,3,SR-91,,185,33.87635,-118.0746306,0,12,1,0,1,1,0,1,3,1,0,1,0,0000000,99,99,99,99,88,88,0,0,0,1,1
6,62080,1,1,0,1,1,1,1,29,240,1,11,2012,5,8,39,0,15,6,AKERS RD,JASPER AVE,0,35.314525,-119.0478222,0,8,0,0,3,3,0,1,1,1,0,1,0,0000000,99,99,99,99,99,99,0,0,0,1,0
6,62081,2,2,0,0,0,5,5,85,1420,1,11,2012,5,11,30,1,12,2,US-101,,78,37.02281111,-121.5665111,0,12,7,0,1,1,0,1,1,10,2,2,0,0000000,99,99,99,99,99,99,0,0,0,1,0
6,62082,1,1,0,1,1,1,1,71,2922,3,10,2012,4,19,31,0,13,6,ETIWANDA AVE,ARROW RTE,0,34.09899722,-117.5236806,0,8,0,0,3,2,0,1,3,1,0,1,0,0000000,99,99,99,99,99,99,0,0,0,1,0
6,62083,1,1,0,1,1,1,1,37,1970,14,10,2012,1,1,37,0,16,6,TERMINO AVE,,0,33.76288333,-118.1459083,0,8,0,0,1,1,0,1,3,1,0,1,0,0000000,99,99,99,99,88,88,0,0,0,1,1
6,62084,1,1,0,1,1,1,1,85,3340,26,10,2012,6,17,8,0,14,6,E TAYLOR ST,N 6TH ST,0,37.35160833,-121.8949111,0,8,0,0,3,2,0,1,1,1,0,1,0,0000000,99,99,99,99,88,88,0,0,0,1,0
6,62085,1,1,0,1,1,1,1,47,2150,19,10,2012,6,14,46,0,13,6,W 16TH ST,,0,37.30345278,-120.49215,0,8,0,0,1,1,0,1,1,1,0,1,0,0000000,99,99,99,99,99,99,0,0,0,1,0
6,62086,1,1,0,1,1,1,1,99,2200,4,10,2012,5,14,2,0,14,6,E ORANGEBURG AVE,,0,37.66355556,-120.9596139,0,8,0,0,1,1,0,1,1,1,0,1,1,0000000,99,99,99,99,99,99,0,0,0,1,0
6,62087,1,1,0,0,0,1,1,67,0,19,10,2012,6,17,52,1,11,1,I-80,,127,38.66243611,-121.3591222,0,31,0,1,5,1,0,4,1,1,0,1,0,0000000,99,99,99,99,99,99,0,0,0,1,1
6,62088,1,1,0,1,1,1,1,37,1716,2,11,2012,6,5,57,0,14,6,LIVE OAK AVE,STEWART AVE,0,34.10669167,-117.9693333,0,8,0,0,3,2,0,1,3,1,0,1,0,0000000,99,99,99,99,88,88,0,0,0,1,0
6,62089,1,1,0,0,0,1,1,73,710,2,11,2012,6,12,35,1,11,1,I-805,,79,32.64886944,-117.0626111,0,43,0,0,1,1,1,3,1,1,0,1,0,0000000,99,99,99,99,88,88,0,0,0,1,1
6,62090,2,2,0,0,0,2,2,37,1550,4,10,2012,5,20,57,0,14,6,135TH ST,,0,33.90914444,-118.3355972,0,1,0,0,8,1,0,1,3,1,0,1,0,0000000,99,99,99,99,99,99,14,0,0,1,1
6,62091,1,1,0,0,0,2,2,99,3950,3,11,2012,7,3,29,0,14,6,LANDER AVE,W F ST,0,37.48185833,-120.8490389,0,42,0,0,3,3,0,4,3,10,0,10,0,0000000,99,99,99,99,99,99,20,0,0,1,0
6,62092,1,1,0,0,0,3,3,81,0,20,10,2012,7,0,5,0,2,3,SR-1,,127,37.20351111,-122.4013528,0,35,0,0,1,1,0,4,2,5,0,5,0,0000000,99,99,99,99,99,99,0,0,0,2,0
6,62093,2,2,0,0,0,3,3,85,3340,20,10,2012,7,13,31,0,14,6,LEIGH AVE,HARRIS AVE,0,37.27834722,-121.9235167,0,12,6,0,2,2,0,1,1,1,0,1,0,0000000,99,99,99,99,99,99,0,0,0,1,0
6,62094,1,1,0,0,0,2,2,19,0,7,11,2012,4,15,22,0,2,3,SR-168,,0,37.04083056,-119.5011111,0,42,0,0,1,1,0,5,1,1,0,1,0,0000000,99,99,99,99,99,99,0,0,0,1,0
6,62095,2,2,0,0,0,6,6,29,240,29,10,2012,2,3,47,0,2,6,COFFEE RD,,0,35.35586389,-119.0921667,0,12,2,0,1,1,0,1,3,1,0,1,0,0000000,99,99,99,99,99,99,0,0,0,1,2
6,62096,1,1,0,0,0,1,1,37,1970,4,11,2012,1,6,0,1,11,1,I-710 RAMP,,98,33.82280833,-118.1981778,0,1,0,0,5,1,0,1,3,1,0,1,0,0000000,99,99,99,99,99,99,0,0,0,1,0
6,62097,2,2,0,0,0,3,3,73,3375,2,11,2012,6,7,15,0,14,6,NORDAHL AVE,CENTER DR,0,33.13524722,-117.1195333,0,12,6,0,2,3,0,1,4,10,0,10,0,0000000,99,99,99,99,88,88,14,0,0,1,0