STATE,ST_CASE,VE_TOTAL,VE_FORMS,PVH_INVL,PEDS,PERNOTMVIT,PERMVIT,PERSONS,COUNTY,CITY,DAY,MONTH,YEAR,DAY_WEEK,HOUR,MINUTE,NHS,ROAD_FNC,ROUTE,TWAY_ID,TWAY_ID2,MILEPT,LATITUDE,LONGITUD,SP_JUR,HARM_EV,MAN_COLL,RELJCT1,RELJCT2,TYP_INT,WRK_ZONE,REL_ROAD,LGT_COND,WEATHER1,WEATHER2,WEATHER,SCH_BUS,RAIL,NOT_HOUR,NOT_MIN,ARR_HOUR,ARR_MIN,HOSP_HR,HOSP_MN,CF1,CF2,CF3,FATALS,DRUNK_DR
6,62098,1,1,0,1,1,1,1,37,120,20,10,2012,7,21,54,0,13,6,SANTA ANITA AVE,DUARTE RD,0,34.12951111,-118.0313056,0,9,0,0,2,2,0,1,3,2,10,2,0,0000000,99,99,99,99,99,99,0,0,0,1,0
6,62099,2,2,0,0,0,2,2,71,0,26,10,2012,6,4,41,1,1,1,I-15,,256,34.3454,-117.4526306,0,12,6,0,1,1,0,1,2,1,0,1,0,0000000,99,99,99,99,99,99,19,0,0,1,0
6,62100,1,1,0,1,1,2,2,37,2458,29,10,2012,2,19,50,0,14,6,STUDEBAKER RD,,0,33.92056389,-118.0991861,0,8,0,0,1,1,0,1,3,1,0,1,0,0000000,99,99,99,99,88,88,0,0,0,1,0
6,62101,2,2,0,0,0,3,3,89,2950,8,11,2012,5,1,55,0,12,3,SR-273,BUENAVENTURA BL,145,40.55453333,-122.3881444,0,12,6,0,2,3,0,1,3,1,0,1,0,0000000,99,99,99,99,99,99,0,0,0,2,1
6,62102,2,2,0,0,0,2,2,93,0,29,9,2012,7,13,28,1,1,1,I-5,,671,41.97478889,-122.6042806,0,12,1,0,1,1,0,1,1,1,0,1,0,0000000,99,99,99,99,88,88,0,0,0,1,0
6,62103,1,1,0,0,0,1,1,73,0,13,11,2012,3,11,40,0,4,4,CR-MONTEZUMA VALLEY RD,,0,33.23835556,-116.4061472,0,1,0,0,1,1,0,4,1,1,0,1,0,0000000,99,99,99,99,99,99,0,0,0,1,0
6,62104,2,2,0,0,0,3,3,33,719,19,12,2012,4,8,15,0,2,3,SR-29,,185,38.81638889,-122.5736,0,12,2,0,1,1,0,1,1,1,0,1,0,0000000,99,99,99,99,99,99,0,0,0,1,0
6,62105,1,1,0,1,1,1,1,77,3770,9,10,2012,3,9,33,1,12,3,SR-99 RAMP,SR-26,193,37.96991944,-121.2456083,0,9,0,1,3,2,0,1,1,1,0,1,0,0000000,99,99,99,99,88,88,0,0,0,1,0
6,62106,2,1,1,0,4,1,5,85,3340,20,10,2012,7,0,46,1,12,2,US-101,,295,37.27038056,-121.8033389,0,14,0,0,1,1,0,2,2,10,0,10,0,0000000,99,99,99,99,99,99,0,0,0,3,0
6,62107,1,1,0,0,0,4,4,29,240,6,10,2012,7,2,31,0,13,6,E CALIFORNIA ST,,0,35.36845833,-118.9795222,0,33,0,0,1,1,0,5,3,1,0,1,0,0000000,99,99,99,99,99,99,0,0,0,1,1
6,62108,3,3,0,0,0,6,6,59,4130,3,11,2012,7,22,20,1,11,1,I-405 RAMP,,164,33.73256111,-117.989,0,12,6,1,5,1,0,1,3,1,0,1,0,0000000,99,99,99,99,99,99,0,0,0,1,0
6,62109,1,1,0,0,0,1,1,73,0,2,11,2012,6,23,15,0,3,4,CR-VESPER RD,,0,33.23573333,-116.9941944,0,42,0,0,1,1,0,4,2,1,0,1,0,0000000,99,99,99,99,88,88,0,0,0,1,0
6,62110,1,1,0,0,0,1,1,9,0,13,11,2012,3,22,30,0,2,3,SR-4,,399,38.23638889,-120.3647694,0,59,0,0,1,1,0,4,2,1,0,1,0,0000000,99,99,99,99,99,99,0,0,0,1,0
6,62111,1,1,0,1,1,1,1,59,470,5,11,2012,2,18,3,0,13,6,LA PALMA AVE,KNOTT AVE,0,33.84653889,-118.0113028,0,9,0,0,3,2,0,1,3,1,0,1,0,0000000,99,99,99,99,99,99,0,0,0,1,0
6,62112,2,2,0,0,0,2,2,19,0,4,11,2012,1,22,45,0,6,4,CR-MODOC AVE,CR-MCKINLEY AVE,0,36.76405278,-120.0872167,0,12,6,0,2,2,0,1,2,1,0,1,0,0000000,99,99,99,99,99,99,0,0,0,1,0
6,62113,1,1,0,0,0,2,2,115,0,7,11,2012,4,23,39,1,2,3,SR-20,,206,39.20423056,-121.29865,0,35,0,0,1,1,0,4,2,10,0,10,0,0000000,99,99,99,99,99,99,0,0,0,1,1
6,62114,2,2,0,0,0,2,2,37,0,9,11,2012,6,22,0,0,2,4,CR-TELEGRAPH RD,CR-BRAMBLEBUSH AVE,0,33.93161944,-118.0341111,0,12,6,0,2,3,0,1,3,1,0,1,0,0000000,99,99,99,99,99,99,0,0,0,1,1
6,62115,1,1,0,1,1,1,1,29,1000,14,11,2012,4,7,32,0,14,6,BROWNING RD,SUMMER DR,0,35.78683889,-119.2231667,0,8,0,0,3,2,0,1,1,1,0,1,0,0000000,99,99,99,99,99,99,0,0,0,1,0
6,62116,2,2,0,0,0,3,3,37,0,8,11,2012,5,14,30,0,3,4,CR-TEMPLE AVE,CR-MILLBURY AVE,0,34.05198889,-117.9839167,0,12,6,0,2,2,0,1,1,10,0,10,0,0000000,99,99,99,99,88,88,0,0,0,1,1
6,62117,1,1,0,1,1,1,1,113,0,11,11,2012,1,1,12,1,1,1,I-5,,110,38.72225,-121.8032611,0,8,0,0,1,1,0,1,2,1,0,1,0,0000000,99,99,99,99,88,88,0,0,0,1,0
6,62118,5,5,0,1,1,12,12,83,3430,3,11,2012,7,23,4,1,12,2,US-101,,129,34.42011111,-119.67945,0,8,0,0,1,1,0,1,3,1,0,1,0,0000000,99,99,99,99,88,88,0,0,0,1,0
6,62119,1,1,0,0,0,1,1,65,2650,11,11,2012,1,2,39,0,16,6,TOLEDO AVE,VIA ESTRELLA,0,33.78643611,-116.5286028,0,33,0,0,3,3,0,4,2,1,0,1,0,0000000,99,99,99,99,88,88,0,0,0,1,1
6,62120,1,1,0,1,1,1,1,67,0,9,11,2012,6,23,15,0,3,4,CR-MLK BLVD,CR-40TH AVE,0,38.51671944,-121.4646111,0,8,0,0,2,2,0,1,3,1,0,1,0,0000000,99,99,99,99,88,88,0,0,0,1,0
6,62121,2,2,0,0,0,5,5,73,0,10,11,2012,7,17,50,0,4,4,CR-SAN VICENTE RD,,0,32.99935,-116.8369,0,12,2,0,1,1,0,1,2,1,0,1,0,0000000,99,99,99,99,88,88,0,0,0,1,1
6,62122,1,1,0,1,1,1,1,79,0,11,11,2012,1,21,0,0,3,4,CR-N THOMPSON AVE,,0,35.05698889,-120.4914389,0,8,0,0,1,1,0,2,2,1,0,1,0,0000000,99,99,99,99,88,88,18,0,0,1,0
6,62123,1,1,0,0,0,2,2,101,0,17,11,2012,7,23,5,0,4,4,CR-GARDEN HIGHWAY,,0,39.07428056,-121.6069389,0,42,0,0,1,1,0,5,2,2,10,2,0,0000000,99,99,99,99,99,99,0,0,0,1,0
6,62124,1,1,0,1,1,1,1,95,4020,16,11,2012,6,17,19,0,15,6,ALAMEDA ST,VIRGINIA ST,0,38.10195556,-122.2482528,0,8,0,0,3,2,0,1,3,2,0,2,0,0000000,99,99,99,99,99,99,0,0,0,1,0
6,62125,2,2,0,0,0,2,2,47,0,8,11,2012,5,4,30,0,2,3,SR-165,,131,37.12601944,-120.8347889,0,12,2,0,1,1,0,1,2,1,0,1,0,0000000,99,99,99,99,88,88,0,0,0,1,0
6,62126,2,2,0,0,0,2,2,37,639,19,11,2012,2,14,40,0,13,6,CARMENITA RD,SR-91 RAMP,0,33.86206389,-118.0463361,0,12,6,1,2,3,0,1,1,1,0,1,0,0000000,99,99,99,99,99,99,0,0,0,1,0
6,62127,1,1,0,0,0,1,1,17,0,10,11,2012,7,20,15,0,5,4,CR-MOSQUITO RD,,0,38.7758,-120.7492,0,35,0,0,1,1,0,5,2,1,0,1,0,0000000,99,99,99,99,88,88,0,0,0,1,1
6,62128,1,1,0,0,0,2,2,37,1980,17,11,2012,7,9,23,1,12,3,SR-134 RAMP,,57,34.15205,-118.2807389,0,33,0,1,5,1,4,4,1,10,2,2,0,0000000,99,99,99,99,88,88,0,0,0,1,0
6,62129,2,2,0,0,0,2,2,37,2645,12,11,2012,2,0,50,1,12,3,SR-138,AVE R,490,34.57193333,-118.1336528,0,12,6,0,2,2,0,1,3,10,0,10,0,0000000,99,99,99,99,99,99,0,0,0,1,1
6,62130,1,1,0,1,1,2,2,99,0,8,11,2012,5,14,5,0,4,4,CR-KEYES RD,,0,37.55146111,-121.0184194,0,8,0,0,1,1,0,1,1,10,0,10,0,0000000,99,99,99,99,88,88,0,0,0,1,0
6,62131,2,2,0,0,0,2,2,37,1047,19,11,2012,2,19,33,1,11,1,I-210,,356,34.1355,-117.974,0,12,7,0,1,1,0,1,3,1,0,1,0,0000000,99,99,99,99,99,99,0,0,0,1,0
6,62132,2,2,0,0,0,10,10,71,0,10,11,2012,7,9,25,1,1,1,I-15,,1010,34.99366667,-116.5755389,0,12,7,0,1,1,0,1,1,1,0,1,0,0000000,99,99,99,99,99,99,0,0,0,1,1
6,62133,2,2,0,0,0,2,2,37,1980,20,11,2012,3,10,30,0,13,6,SUNSET BLVD,MARQUEZ AVE,0,34.04162222,-118.5496167,0,12,6,0,3,3,0,1,1,1,0,1,0,0000000,99,99,99,99,88,88,0,0,0,1,0
6,62134,2,2,0,0,0,6,6,47,1990,3,11,2012,7,23,22,0,14,6,PLACE RD,E B STREET,0,37.06669722,-120.8263722,0,12,6,0,2,2,0,1,3,1,0,1,0,0000000,99,99,99,99,99,99,0,0,0,1,1
6,62135,1,1,0,0,0,2,2,19,0,20,11,2012,3,19,10,0,3,4,CR-FLORAL AVE,,0,36.57633611,-119.6393444,0,30,0,0,1,1,0,5,2,1,0,1,0,0000000,99,99,99,99,99,99,0,0,0,1,1
6,62136,2,2,0,0,0,2,2,65,3070,12,11,2012,2,4,33,1,11,1,I-215,,348,33.89616389,-117.2744,0,12,6,0,1,1,1,1,2,1,0,1,0,0000000,99,99,99,99,99,99,23,0,0,1,0
6,62137,2,2,0,0,0,2,2,29,0,10,11,2012,7,23,33,1,2,3,SR-14,,505,35.50771944,-117.9458889,0,12,2,0,1,1,0,1,2,1,0,1,0,0000000,99,99,99,99,88,88,0,0,0,1,0
6,62138,1,1,0,1,1,1,1,65,0,24,11,2012,7,17,55,0,2,3,SR-74,MEADOWBROOK AVE,209,33.72499722,-117.2927361,0,15,0,0,3,2,0,1,2,1,0,1,0,0000000,99,99,99,99,88,88,0,0,0,1,0
6,62139,2,2,0,0,0,5,5,17,0,4,11,2012,1,20,50,0,3,4,CR-GREEN VALLEY RD,,0,38.70646111,-120.9750639,0,12,2,0,1,1,0,1,2,1,0,1,0,0000000,99,99,99,99,99,99,0,0,0,2,1
6,62140,1,1,0,1,1,1,1,101,4280,18,11,2012,1,17,20,0,14,6,GRAY AVE,FORBES AVE,0,39.13808056,-121.630075,0,8,0,0,3,3,0,1,3,1,0,1,0,0000000,99,99,99,99,88,88,0,0,0,1,0
6,62141,2,2,0,0,0,3,3,37,2870,9,11,2012,6,14,49,0,13,6,FAIRPLEX DR,VIA VERDE AVE,0,34.07903611,-117.7796611,0,1,0,0,2,2,0,1,1,1,0,1,0,0000000,99,99,99,99,99,99,0,0,0,1,0
6,62142,2,2,0,0,0,3,3,33,0,20,11,2012,3,14,9,1,2,3,SR-20,SR-53,316,39.00877778,-122.6138472,0,12,2,0,2,2,0,1,1,2,10,2,0,0000000,99,99,99,99,99,99,0,0,0,1,0
6,62143,1,1,0,1,1,2,2,61,0,12,11,2012,2,7,52,0,4,4,CR-DOUGLAS BLVD,CR-SEENO AVE,0,38.74371944,-121.2108806,0,8,0,0,3,3,0,1,1,1,0,1,0,0000000,99,99,99,99,99,99,0,0,0,1,0
6,62144,1,1,0,1,1,1,1,59,4130,12,11,2012,2,23,50,0,13,3,SR-39,,80,33.76394444,-117.9898389,0,8,0,0,1,1,0,1,3,1,0,1,0,0000000,99,99,99,99,88,88,0,0,0,1,0
6,62145,1,1,0,1,1,1,1,59,470,21,11,2012,4,18,54,0,14,6,ARTESIA BLVD,,0,33.87347778,-118.004175,0,8,0,0,1,1,0,1,3,1,0,1,0,0000000,99,99,99,99,88,88,0,0,0,1,0
6,62146,1,1,0,0,0,1,1,73,0,22,11,2012,5,2,4,0,3,4,CR-VIA RANCHO PARKWAY,CR-DEL RIOS HIGHWAY,0,33.08953889,-117.1143694,0,35,0,0,3,3,0,4,3,1,0,1,0,0000000,99,99,99,99,88,88,0,0,0,1,1
6,62147,1,1,0,0,0,2,2,37,0,18,11,2012,1,19,20,0,4,4,CR-SIERRA HWY,,0,34.48750556,-118.1394972,0,24,0,0,1,1,0,4,2,1,0,1,0,0000000,99,99,99,99,99,99,0,0,0,1,1
6,62148,3,3,0,0,0,3,3,61,0,14,11,2012,4,6,15,0,4,4,CR-SIERRA COLLEGE BLVD,,0,38.86391111,-121.2235111,0,12,2,0,1,1,0,1,4,1,0,1,0,0000000,99,99,99,99,99,99,0,0,0,1,1
6,62149,1,1,0,1,1,1,1,19,1370,23,11,2012,6,4,42,0,15,6,HAZELWOOD BLVD,EL MONTE WAY,0,36.73519167,-119.77485,0,8,0,0,1,1,0,1,3,5,0,5,0,0000000,99,99,99,99,88,88,0,0,0,1,0
6,62150,1,1,0,1,1,1,1,37,1980,24,11,2012,7,2,45,0,14,6,92ND ST,,0,33.95324444,-118.2447667,0,8,0,0,8,1,0,1,3,5,0,5,0,0000000,99,99,99,99,99,99,0,0,0,1,0
6,62151,2,2,0,0,0,2,2,31,220,5,11,2012,2,9,47,0,13,3,SR-269,OLD SKYLINE RD,0,36.04432778,-120.1112472,0,12,6,0,2,3,0,1,1,1,0,1,0,0000000,99,99,99,99,88,88,0,0,0,1,0
6,62152,3,3,0,0,0,3,3,29,0,5,11,2012,2,22,13,1,1,1,I-5,,486,35.36463333,-119.3495583,0,12,2,0,1,1,0,1,2,1,0,1,0,0000000,99,99,99,99,88,88,0,0,0,3,1
6,62153,1,1,0,1,1,2,2,19,1370,16,11,2012,6,23,11,0,14,6,SHEPERD AVE,CEDAR AVE,0,36.86642222,-119.7569056,0,8,0,0,3,2,0,1,3,2,0,2,0,0000000,99,99,99,99,99,99,0,0,0,1,0
6,62154,1,1,0,0,0,1,1,65,0,24,11,2012,7,1,32,0,2,4,CR-VAN BUREN BLVD,WHISPERING SPUR ST,0,33.88226389,-117.3882861,0,30,0,0,3,2,0,4,3,1,0,1,0,0000000,99,99,99,99,88,88,0,0,0,1,1
6,62155,2,2,0,0,0,3,3,37,1980,16,11,2012,6,15,45,0,14,6,FOOTHILL BL,FILMORE ST,0,34.28380556,-118.4049806,0,12,6,0,2,2,0,1,1,1,0,1,0,0000000,99,99,99,99,99,99,0,0,0,2,0
6,62156,1,1,0,1,1,1,1,57,3900,24,11,2012,7,13,42,0,16,6,DONNER PASS RD,MCIVER CROSSING,0,39.34083611,-120.1724139,0,9,0,0,3,6,0,1,1,1,0,1,0,0000000,99,99,99,99,99,99,0,0,0,1,0
6,62157,1,1,0,1,1,1,1,7,0,26,11,2012,2,12,51,0,3,4,CR-SKYWAY RD,CR-WYCLIFF WY,0,39.83397778,-121.5970861,0,8,0,0,3,2,0,1,1,1,0,1,0,0000000,99,99,99,99,88,88,0,0,0,1,0
6,62158,1,1,0,0,0,1,1,115,0,23,11,2012,6,20,45,0,4,4,CR-FEATHER RIVER BLVD,,0,39.05635,-121.5789694,0,1,0,0,1,1,0,5,2,1,0,1,0,0000000,99,99,99,99,88,88,0,0,0,1,1
6,62159,1,1,0,1,1,1,1,59,3420,13,9,2012,5,1,28,0,13,6,1ST ST,,0,33.4443,-117.5321,0,8,0,0,1,1,0,1,3,1,0,1,0,0000000,99,99,99,99,88,88,0,0,0,1,1
6,62160,2,2,0,0,0,2,2,65,2650,5,11,2012,2,16,42,0,13,3,SR-111,SEVEN LAKES DR,481,33.79777222,-116.4952056,0,12,6,0,2,3,0,1,5,1,0,1,0,0000000,99,99,99,99,99,99,0,0,0,1,0
6,62161,2,2,0,1,1,1,1,19,1370,24,11,2012,7,6,0,1,12,3,SR-99,,276,36.80406944,-119.8813472,0,12,2,0,1,1,0,1,2,5,0,5,0,0000000,99,99,99,99,88,88,19,0,0,1,0
6,62162,2,2,0,0,0,4,4,9,0,18,11,2012,1,13,25,0,2,3,SR-4,,386,38.21958889,-120.369875,0,12,6,0,1,1,0,1,1,2,10,2,0,0000000,99,99,99,99,99,99,0,0,0,1,0
6,62163,1,1,0,0,0,1,1,85,3340,24,11,2012,7,17,46,0,15,6,LEIGH AVE,,0,37.27056111,-121.9208194,0,42,0,0,1,1,0,4,3,1,0,1,0,0000000,99,99,99,99,88,88,0,0,0,1,1
6,62164,2,2,0,0,0,2,2,85,2311,26,11,2012,2,17,10,0,12,3,SR-85,,226,37.39188889,-122.0686694,0,12,1,0,1,1,0,1,5,1,0,1,0,0000000,99,99,99,99,88,88,0,0,0,1,0
6,62165,1,1,0,2,2,2,2,37,2260,17,11,2012,7,10,3,0,14,6,W GARVEY AVE,BALTIMORE AVE,0,34.06255556,-118.1244361,0,8,0,0,3,3,0,1,1,2,0,2,0,0000000,99,99,99,99,99,99,0,0,0,1,0
6,62166,1,1,0,1,1,1,1,29,240,27,11,2012,3,22,10,0,14,6,ROBERTS LN,,0,35.40863889,-119.0325083,0,8,0,0,1,1,0,1,2,1,0,1,0,0000000,99,99,99,99,99,99,0,0,0,1,0
6,62167,1,1,0,1,1,2,2,81,3390,24,11,2012,7,11,37,0,14,6,DELAWARE ST,CHARLES LN,0,37.55533611,-122.3071556,0,43,0,0,8,1,0,4,1,1,0,1,0,0000000,99,99,99,99,99,99,0,0,0,1,0
6,62168,1,1,0,1,1,2,2,67,2934,20,8,2012,2,20,40,0,13,6,FOLSOM BLVD,,0,38.58479444,-121.3116917,0,9,0,0,1,1,0,1,3,1,0,1,0,0000000,99,99,99,99,99,99,0,0,0,1,0
6,62169,2,2,0,0,0,4,4,53,0,24,11,2012,7,15,36,1,2,2,US-101,DUNBARTON RD,1004,36.83668056,-121.6305611,0,12,6,0,2,3,0,1,1,1,0,1,0,0000000,99,99,99,99,99,99,0,0,0,1,0
6,62170,2,2,0,0,0,3,3,73,0,9,11,2012,6,6,46,0,3,4,CR-DEHESA RD,,0,32.78836111,-116.8887,0,1,0,0,1,1,0,1,1,2,10,2,0,0000000,99,99,99,99,88,88,0,0,0,1,0
6,62171,1,1,0,0,0,3,3,47,0,9,11,2012,6,8,40,0,4,4,CR-RIVER RD,,0,37.34648889,-120.9494194,0,42,0,0,1,1,0,5,1,10,0,10,0,0000000,99,99,99,99,99,99,0,0,0,2,0
6,62172,3,3,0,0,0,3,3,37,2870,21,11,2012,4,14,29,0,14,6,FAIRPLEX DR,,0,34.08768889,-117.7756833,0,12,2,0,1,1,0,1,1,1,0,1,0,0000000,99,99,99,99,99,99,0,0,0,2,0
6,62173,1,1,0,1,1,1,1,95,4020,24,11,2012,7,17,39,0,13,3,SR-29,WINCHESTER ST,9,38.08644444,-122.2422167,0,8,0,0,3,2,0,1,5,1,0,1,0,0000000,99,99,99,99,88,88,0,0,0,1,1
6,62174,1,1,0,0,0,3,3,37,1970,17,11,2012,7,18,22,0,14,6,REDONDO AVE,,0,33.80671667,-118.1513111,0,33,0,0,1,1,0,4,3,2,0,2,0,0000000,99,99,99,99,99,99,0,0,0,3,1
6,62175,1,1,0,0,0,1,1,37,1980,27,11,2012,3,22,23,1,11,1,I-110,,199,34.0163,-118.2809444,0,25,0,0,1,1,0,4,3,1,0,1,0,0000000,99,99,99,99,99,99,0,0,0,1,0
6,62176,1,1,0,0,0,2,2,37,0,25,11,2012,1,0,1,1,1,1,I-605,,196,34.05661111,-118.0026389,0,42,0,0,1,1,0,5,3,1,0,1,0,0000000,99,99,99,99,99,99,0,0,0,1,0
6,62177,1,1,0,1,1,1,1,97,3490,26,11,2012,2,17,52,0,13,6,COLLEGE AVE,,0,38.44566944,-122.7185611,0,8,0,0,1,1,0,1,2,1,0,1,0,0000000,99,99,99,99,99,99,0,0,0,1,0
6,62178,1,1,0,1,1,1,1,71,4040,13,9,2012,5,0,48,0,14,6,HESPERIA RD,,0,34.51538889,-117.2987417,0,8,0,0,1,1,0,1,3,1,0,1,0,0000000,99,99,99,99,88,88,0,0,0,1,0
6,62179,1,1,0,1,1,2,2,59,1410,26,11,2012,2,18,58,0,13,6,EUCLID ST,,0,33.79923611,-117.9414389,0,9,0,0,1,1,0,1,3,1,0,1,0,0000000,99,99,99,99,99,99,0,0,0,1,0
6,62180,1,1,0,0,0,1,1,73,0,25,11,2012,1,12,55,0,2,3,SR-79,,461,33.37618056,-116.7448806,0,1,0,0,1,1,0,5,1,1,0,1,0,0000000,99,99,99,99,99,99,0,0,0,1,0
6,62181,2,2,0,0,0,2,2,115,0,27,11,2012,3,17,20,1,2,3,SR-70,,178,39.19251111,-121.5948139,0,12,6,0,8,1,0,1,2,10,0,10,0,0000000,99,99,99,99,99,99,0,0,0,1,0
6,62182,1,1,0,0,0,4,4,37,2870,28,11,2012,4,4,14,0,14,6,GAREY AVE,,0,34.03848056,-117.7495,0,33,0,0,1,1,0,3,3,1,0,1,0,0000000,99,99,99,99,99,99,0,0,0,1,1
6,62183,1,1,0,0,0,2,2,19,0,25,11,2012,1,17,12,0,4,4,CR-FRIANT RD,,0,36.94785,-119.7300694,0,1,0,0,1,1,0,5,2,1,0,1,0,0000000,99,99,99,99,99,99,0,0,0,1,0
6,62184,2,2,0,0,0,4,4,73,0,28,11,2012,4,2,37,0,2,3,SR-76,,219,33.36231111,-117.1024889,0,12,2,0,1,1,0,1,2,10,0,10,0,0000000,99,99,99,99,99,99,0,0,0,1,1
6,62185,1,1,0,0,0,1,1,37,0,25,11,2012,1,19,12,1,11,1,I-605,,164,34.02581111,-118.0405889,0,38,0,0,1,1,0,5,3,1,0,1,0,0000000,99,99,99,99,88,88,0,0,0,1,0
6,62186,2,2,0,0,0,2,2,19,0,27,11,2012,3,7,38,0,5,4,CR-ZEDIKER AVE,CR-ROSE AVE,0,36.56849722,-119.5212472,0,12,6,0,2,2,0,1,1,5,0,5,0,0000000,99,99,99,99,99,99,0,0,0,1,0
6,62187,1,1,0,0,0,2,2,81,0,14,9,2012,6,23,15,0,2,3,SR-1,,164,37.27654722,-122.4081278,0,35,0,0,1,1,0,4,2,1,0,1,0,0000000,99,99,99,99,99,99,0,0,0,1,1
6,62188,1,1,0,0,0,2,2,73,1876,3,12,2012,2,2,4,0,14,6,FEDERAL BL,SAN MIGUEL AVE,0,32.73434167,-117.0564222,0,59,0,0,3,3,0,4,3,10,0,10,0,0000000,99,99,99,99,99,99,0,0,0,1,1
6,62189,2,2,0,0,0,2,2,85,3340,24,11,2012,7,20,59,0,13,6,SAN TOMAS EXPRESSWAY,,0,37.31311944,-121.9633694,0,12,2,0,1,1,0,1,2,1,0,1,0,0000000,99,99,99,99,99,99,0,0,0,1,1
6,62190,1,1,0,0,0,2,2,83,0,24,11,2012,7,21,19,0,2,3,SR-246,,278,34.60246111,-120.1673194,0,42,0,0,1,1,0,4,2,1,0,1,0,0000000,99,99,99,99,99,99,0,0,0,1,1
6,62191,2,2,0,0,0,4,4,71,0,28,11,2012,4,14,5,0,4,4,CR-HELENDALE RD,,0,34.77716944,-117.3301389,0,12,6,0,1,1,0,1,1,1,0,1,0,0000000,99,99,99,99,88,88,0,0,0,1,1
6,62192,2,2,0,0,0,4,4,39,0,27,11,2012,3,7,57,1,2,3,SR-152,,130,37.0839,-120.2579222,0,18,0,0,1,1,0,1,1,5,0,5,0,0000000,99,99,99,99,99,99,19,0,0,3,0
6,62193,2,2,0,0,0,3,3,19,0,28,11,2012,4,5,40,0,5,4,CR-MCCALL AVE,CR-MOUNTAIN VIEW AVE,0,36.54702778,-119.6109,0,12,6,0,2,2,0,1,2,1,0,1,0,0000000,99,99,99,99,99,99,0,0,0,1,0
6,62194,1,1,0,1,1,1,1,37,1700,19,11,2012,2,22,2,0,13,6,MANCHESTER BLVD,CEDAR AVE,0,33.96158333,-118.3637944,0,8,0,0,3,2,0,1,3,1,0,1,0,0000000,99,99,99,99,99,99,0,0,0,1,0
6,62195,1,1,0,1,1,2,2,73,3260,28,11,2012,4,6,0,0,14,6,CARMEL MNT RD,,0,32.92132222,-117.2158389,0,8,0,0,1,1,0,1,3,10,0,10,0,0000000,99,99,99,99,99,99,0,0,0,1,0
6,62196,2,2,0,0,0,2,2,37,1980,1,12,2012,7,11,40,0,13,6,VERMONT AVE,,0,34.04078333,-118.2915583,0,12,1,0,1,1,0,1,1,10,0,10,0,0000000,99,99,99,99,99,99,0,0,0,1,1
6,62197,2,2,0,0,0,7,7,39,0,25,11,2012,1,8,0,1,2,3,SR-152,ROAD 6,31,37.08350556,-120.4370389,0,12,6,0,2,2,0,1,1,5,0,5,0,0000000,99,99,99,99,88,88,0,0,0,1,0
6,62198,1,1,0,1,1,1,1,59,2400,27,11,2012,3,19,40,0,14,6,SAN JOAQUIN HILLS RD,,0,33.61380556,-117.8663417,0,8,0,0,1,1,0,1,3,1,0,1,0,0000000,99,99,99,99,99,99,0,0,0,1,0
6,62199,1,1,0,0,0,2,2,35,0,26,11,2012,2,1,30,1,2,3,SR-44,,68,40.65448056,-121.2006,0,43,0,0,1,1,0,5,2,1,0,1,0,0000000,99,99,99,99,88,88,0,0,0,2,0
6,62200,1,1,0,0,0,1,1,21,0,22,11,2012,5,2,55,0,4,4,CR-COUNTY RD 24,,0,39.70983889,-122.07785,0,1,0,0,1,1,0,5,2,1,0,1,0,0000000,99,99,99,99,88,88,0,0,0,1,0
6,62201,2,2,0,0,0,3,3,107,0,28,11,2012,4,7,30,0,4,4,CR-ROAD 140,AVE 248,0,36.24033056,-119.2605389,0,12,6,0,2,2,0,1,1,10,0,10,0,0000000,99,99,99,99,99,99,0,0,0,1,0
6,62202,1,1,0,1,1,1,1,81,2980,26,11,2012,2,8,33,0,14,6,JEFFERSON AVE,ALAMEDA DE LAS PULGAS,0,37.46975278,-122.2471944,0,9,0,0,2,2,0,1,4,5,0,5,0,0000000,99,99,99,99,99,99,0,0,0,1,0
6,62203,2,2,0,0,0,3,3,67,3150,21,11,2012,4,9,35,1,11,1,I-5,,260,38.61516944,-121.5127361,0,12,6,0,1,1,0,1,1,10,2,2,0,0000000,99,99,99,99,99,99,0,0,0,1,0
6,62204,2,2,0,0,0,2,2,59,1790,2,12,2012,1,22,23,0,13,6,HARBOR BL,,0,33.94469444,-117.9327028,0,12,7,0,1,1,0,1,3,2,0,2,0,0000000,99,99,99,99,88,88,0,0,0,1,1
6,62205,2,2,0,0,0,3,3,19,0,29,11,2012,5,16,45,0,4,4,CR-REED AVE,,0,36.65383056,-119.4575806,0,12,6,0,1,1,0,1,1,10,0,10,0,0000000,99,99,99,99,99,99,0,0,0,1,1
6,62206,1,1,0,0,0,1,1,41,3863,23,11,2012,6,10,35,0,12,3,SR-131,AVENIDA MIRAFLORES,0,37.89250278,-122.4826889,0,35,0,0,3,3,0,5,1,1,0,1,0,0000000,99,99,99,99,99,99,0,0,0,1,0
6,62207,1,1,0,0,0,1,1,37,4030,24,11,2012,7,2,24,0,14,6,DOWNEY RD,,0,34.00929444,-118.2049583,0,33,0,0,1,1,0,4,3,5,0,5,0,0000000,99,99,99,99,88,88,0,0,0,1,1