STATE,ST_CASE,VE_TOTAL,VE_FORMS,PVH_INVL,PEDS,PERNOTMVIT,PERMVIT,PERSONS,COUNTY,CITY,DAY,MONTH,YEAR,DAY_WEEK,HOUR,MINUTE,NHS,ROAD_FNC,ROUTE,TWAY_ID,TWAY_ID2,MILEPT,LATITUDE,LONGITUD,SP_JUR,HARM_EV,MAN_COLL,RELJCT1,RELJCT2,TYP_INT,WRK_ZONE,REL_ROAD,LGT_COND,WEATHER1,WEATHER2,WEATHER,SCH_BUS,RAIL,NOT_HOUR,NOT_MIN,ARR_HOUR,ARR_MIN,HOSP_HR,HOSP_MN,CF1,CF2,CF3,FATALS,DRUNK_DR
6,62208,1,1,0,0,0,1,1,37,0,29,11,2012,5,21,25,0,4,4,CR-AVENUE O,,0,34.6166,-117.8676694,0,35,0,0,1,1,0,4,2,1,0,1,0,0000000,99,99,99,99,88,88,0,0,0,1,0
6,62209,1,1,0,0,0,1,1,83,0,3,12,2012,2,4,35,1,2,2,US-101,,657,34.71376944,-120.18815,0,35,0,0,1,1,0,4,2,10,0,10,0,0000000,99,99,99,99,88,88,0,0,0,1,0
6,62210,1,1,0,1,1,1,1,37,1980,30,11,2012,6,18,15,0,13,6,PICO BL,GATEWAY BL,0,34.03372778,-118.4417389,0,8,0,0,3,7,0,1,3,10,0,10,0,0000000,99,99,99,99,99,99,0,0,0,1,0
6,62211,1,1,0,0,0,1,1,29,0,3,12,2012,2,10,14,0,4,4,CR-SIERRA WY,,0,35.76586944,-118.4241111,0,42,0,0,1,1,0,4,1,10,0,10,0,0000000,99,99,99,99,99,99,0,0,0,1,1
6,62212,1,1,0,0,0,1,1,69,0,11,12,2012,3,17,34,0,2,3,SR-25,,578,36.91816944,-121.4493306,0,1,0,0,1,1,0,4,2,10,0,10,0,0000000,99,99,99,99,88,88,0,0,0,1,0
6,62213,3,3,0,0,0,4,4,69,0,27,11,2012,3,15,20,1,2,3,SR-156,SAN FELIPE RD,132,36.90786944,-121.4039194,0,12,6,0,2,2,0,1,1,1,0,1,0,0000000,99,99,99,99,99,99,0,0,0,2,0
6,62214,1,1,0,0,0,1,1,79,2705,10,12,2012,2,22,5,1,2,2,US-101,,640,35.72428889,-120.6988889,0,1,0,0,1,1,0,2,2,10,0,10,0,0000000,99,99,99,99,88,88,0,0,0,1,1
6,62215,3,3,0,0,0,6,6,37,0,22,11,2012,5,17,40,0,4,4,CR-87TH ST EAST,AVENUE S-8,0,34.55005278,-117.9748306,0,12,1,0,3,2,0,1,2,1,0,1,0,0000000,99,99,99,99,99,99,14,0,0,1,1
6,62216,1,1,0,0,0,1,1,23,130,12,12,2012,4,7,26,0,16,6,ERICSON WAY,,0,40.90760556,-124.0690139,0,38,0,0,1,1,0,5,2,2,10,2,0,0000000,99,99,99,99,88,88,0,0,0,1,1
6,62217,2,2,0,0,0,2,2,1,340,12,12,2012,4,15,11,0,14,6,SHATTUCK AVE,SHATTUCK PLACE,0,37.88135833,-122.2695556,0,12,6,0,2,4,0,1,1,10,0,10,0,0000000,99,99,99,99,99,99,0,0,0,1,1
6,62218,2,2,0,0,0,3,3,57,0,3,12,2012,2,19,25,0,2,3,SR-174,,82,39.20039722,-121.0356722,0,12,6,0,1,1,0,1,2,10,0,10,0,0000000,99,99,99,99,99,99,0,0,0,1,1
6,62219,1,1,0,0,0,3,3,47,0,12,12,2012,4,17,51,0,2,4,CR-SANTA FE DR,,0,37.3317,-120.5268611,0,34,0,0,1,1,0,5,2,1,0,1,0,0000000,99,99,99,99,99,99,0,0,0,1,0
6,62220,1,1,0,0,0,1,1,71,0,13,12,2012,5,11,38,1,2,3,SR-62,,76,34.10370556,-116.4922667,0,35,0,0,1,1,0,4,1,2,10,2,0,0000000,99,99,99,99,99,99,0,0,0,1,0
6,62221,2,2,0,2,2,2,2,37,1980,8,12,2012,7,9,20,0,13,6,VINELAND AVE,VANOWEN ST,0,34.19395,-118.3702944,0,12,8,0,2,2,0,1,1,1,0,1,0,0000000,99,99,99,99,99,99,0,0,0,1,0
6,62222,1,1,0,0,0,1,1,17,0,14,9,2012,6,99,99,0,2,3,SR-193,,51,38.90496944,-120.9334,0,42,0,0,1,1,0,4,2,1,0,1,0,0000000,99,99,99,99,88,88,0,0,0,1,0
6,62223,1,1,0,1,1,1,1,29,0,30,11,2012,6,19,47,0,3,4,CR-ROBERTS LN,,0,35.40863056,-119.0238,0,8,0,0,1,1,0,1,2,10,2,2,0,0000000,99,99,99,99,99,99,0,0,0,1,0
6,62224,1,1,0,1,1,1,1,65,2650,30,11,2012,6,21,7,0,15,6,S PALM CANYON DR,,0,33.80430833,-116.5456194,0,9,0,0,1,1,0,1,3,1,0,1,0,0000000,99,99,99,99,88,88,0,0,0,1,0
6,62225,1,1,0,1,1,1,1,31,0,13,12,2012,5,17,55,0,6,4,CR-17TH AVE,,0,36.23181944,-119.7626611,0,8,0,0,1,1,0,1,2,1,0,1,0,0000000,99,99,99,99,99,99,0,0,0,1,0
6,62226,1,1,0,1,1,1,1,73,0,4,12,2012,3,3,18,0,6,4,CR-OLD HIGHWAY 101,,0,33.38346111,-117.5807611,0,8,0,0,1,1,0,1,2,10,0,10,0,0000000,99,99,99,99,88,88,0,0,0,1,0
6,62227,1,1,0,0,0,2,2,41,0,5,12,2012,4,20,15,0,2,3,SR-1,,174,37.93779722,-122.7025333,0,42,0,0,1,1,0,5,2,10,0,10,0,0000000,99,99,99,99,99,99,0,0,0,1,0
6,62228,1,1,0,1,1,1,1,71,4040,15,9,2012,7,2,49,0,14,6,MOJAVE,,0,34.52854444,-117.3607472,0,8,0,0,1,1,0,1,2,1,0,1,0,0000000,99,99,99,99,88,88,0,0,0,1,0
6,62229,3,3,0,0,0,3,3,79,0,11,12,2012,3,16,30,1,2,2,US-101,,242,35.22381111,-120.69165,0,12,7,1,18,1,0,1,5,1,0,1,0,0000000,99,99,99,99,99,99,0,0,0,1,0
6,62230,1,1,0,1,1,3,3,59,80,4,12,2012,3,21,36,0,14,6,S DALE AVE,W BROADWAY,0,33.82851667,-117.9846639,0,8,0,0,2,3,0,1,3,10,0,10,0,0000000,99,99,99,99,99,99,0,0,0,1,0
6,62231,2,2,0,0,0,5,5,47,0,8,12,2012,7,9,55,0,12,3,SR-59,MISSION AVE,131,37.27368889,-120.4878806,0,12,6,0,2,2,0,1,1,1,0,1,0,0000000,99,99,99,99,99,99,0,0,0,1,0
6,62232,1,1,0,0,0,1,1,57,0,10,12,2012,2,8,0,1,1,1,I-80,,587,39.31628889,-120.43515,0,1,0,0,1,1,0,3,1,1,0,1,0,0000000,99,99,99,99,88,88,0,0,0,1,0
6,62233,1,1,0,0,0,1,1,21,0,7,12,2012,6,3,40,1,1,1,I-5,,205,39.67727222,-122.204325,0,1,0,0,1,1,0,1,2,1,0,1,0,0000000,99,99,99,99,88,88,0,0,0,1,0
6,62234,1,1,0,0,0,1,1,85,3440,15,9,2012,7,11,47,0,12,3,SR-9,CONGRESS SPRINGS LN,58,37.25187222,-122.0558278,0,1,0,0,3,9,0,1,1,1,0,1,0,0000000,99,99,99,99,99,99,0,0,0,1,0
6,62235,2,2,0,1,1,3,3,37,2645,8,12,2012,7,15,23,0,16,6,AVENUE S,50TH ST E,0,34.55812778,-118.0407667,0,8,0,0,3,3,0,1,1,1,0,1,0,0000000,99,99,99,99,99,99,0,0,0,1,0
6,62236,1,1,0,0,0,1,1,21,0,14,12,2012,6,23,45,0,6,4,CR-Z,CR-70,0,39.39111944,-121.9292694,0,30,0,0,3,3,0,4,2,5,0,5,0,0000000,99,99,99,99,88,88,0,0,0,1,0
6,62237,2,2,0,0,0,2,2,37,1980,5,12,2012,4,14,15,0,16,6,ALAMEDA ST,,0,33.79960556,-118.2377639,0,12,2,0,1,1,0,1,1,1,0,1,0,0000000,99,99,99,99,88,88,0,0,0,1,0
6,62238,2,2,0,0,0,4,4,17,3697,15,12,2012,7,1,37,0,14,6,PIONEER TRAIL,SKI RUN BLVD,0,38.94115556,-119.9521694,0,12,6,0,2,2,0,1,3,4,10,4,0,0000000,99,99,99,99,99,99,0,0,0,1,1
6,62239,1,1,0,0,0,1,1,73,0,6,12,2012,5,17,25,0,4,4,CR-SOUTH GRADE RD,,0,32.8158,-116.7672222,0,53,0,0,1,1,0,5,2,1,0,1,0,0000000,99,99,99,99,88,88,0,0,0,1,1
6,62240,1,1,0,0,0,1,1,107,0,10,12,2012,2,14,13,0,2,4,CR-AVENUE 220,,0,36.18903056,-119.0417806,0,42,0,0,1,1,0,4,1,1,0,1,0,0000000,99,99,99,99,88,88,0,0,0,1,1
6,62241,1,1,0,0,0,2,2,73,1820,15,12,2012,7,7,45,1,12,3,SR-125 RAMP,,152,32.778025,-117.0034722,0,25,0,1,5,1,0,4,1,2,10,2,0,0000000,99,99,99,99,99,99,0,0,0,1,0
6,62242,2,2,0,0,0,4,4,13,0,25,11,2012,1,2,20,1,11,1,I-80,,108,38.01209167,-122.272225,0,12,1,0,1,1,0,1,3,10,0,10,0,0000000,99,99,99,99,99,99,0,0,0,1,1
6,62243,2,2,0,0,0,4,4,81,3730,15,12,2012,7,12,35,1,11,1,I-280 RAMP,,225,37.64431944,-122.4488722,0,35,0,1,5,1,0,4,1,2,10,2,0,0000000,99,99,99,99,88,88,0,0,0,1,0
6,62244,1,1,0,1,1,2,2,65,3070,6,12,2012,5,17,26,0,13,6,MAGNOLIA AVE,MCCRAY ST,0,33.94851667,-117.3996306,0,8,0,0,2,2,0,1,3,1,0,1,0,0000000,99,99,99,99,99,99,0,0,0,1,0
6,62245,2,2,0,0,0,2,2,37,1980,7,12,2012,6,16,35,0,13,6,PACIFIC COAST HWY,,0,33.79103611,-118.2458389,0,12,2,0,1,1,0,1,3,1,0,1,0,0000000,99,99,99,99,99,99,0,0,0,1,0
6,62246,1,1,0,0,0,2,2,73,0,16,12,2012,1,99,99,0,3,4,CR-LA CRESTA RD,,0,32.81003056,-116.9072111,0,43,0,0,1,1,0,5,2,10,0,10,0,0000000,99,99,99,99,99,99,0,0,0,1,1
6,62247,1,1,0,1,1,2,2,67,3150,26,12,2012,4,4,15,0,15,6,VALLEY HI DR,,0,38.46542778,-121.4374528,0,8,0,0,1,1,0,1,3,10,2,2,0,0000000,99,99,99,99,88,88,0,0,0,1,0
6,62248,1,1,0,2,2,2,2,79,0,8,12,2012,7,18,35,0,3,4,CR-OCEAN AVE,,0,35.44431111,-120.8950611,0,8,0,0,1,1,0,1,3,1,0,1,0,0000000,99,99,99,99,99,99,0,0,0,1,0
6,62249,1,1,0,1,1,2,2,29,0,17,12,2012,2,17,22,0,3,4,CR-E TEHACHAPI BLVD,,0,35.12485,-118.3942194,0,8,0,0,1,1,0,1,2,10,0,10,0,0000000,99,99,99,99,88,88,0,0,0,1,0
6,62250,2,1,1,1,1,1,1,37,1980,13,12,2012,5,3,0,0,13,6,FIGUEROA ST,,0,34.09906111,-118.2042028,0,8,0,0,1,1,0,1,3,2,0,2,0,0000000,99,99,99,99,99,99,0,0,0,1,1
6,62251,1,1,0,1,1,1,1,67,0,17,12,2012,2,21,3,0,2,4,CR-POWER INN ROAD,,0,38.49153056,-121.4089611,0,43,0,0,1,1,0,4,3,1,0,1,0,0000000,99,99,99,99,99,99,0,0,0,1,1
6,62252,1,1,0,0,0,1,1,29,0,9,12,2012,1,1,50,1,12,3,SR-58,,564,35.35276111,-118.9680889,0,52,0,0,1,1,0,4,3,1,0,1,0,0000000,99,99,99,99,88,88,0,0,0,1,0
6,62253,1,1,0,1,1,1,1,37,1980,18,12,2012,3,4,50,0,14,6,VANOWEN ST,NOBLE AVE,0,34.19392778,-118.4618583,0,8,0,0,2,3,0,1,2,2,10,2,0,0000000,99,99,99,99,99,99,0,0,0,1,0
6,62254,3,3,0,0,0,8,8,67,0,9,12,2012,1,11,40,0,2,3,SR-99,,84,38.35781111,-121.3434806,0,12,1,0,1,1,1,1,1,1,0,1,0,0000000,99,99,99,99,99,99,0,0,0,1,0
6,62255,1,1,0,0,0,3,3,37,1980,18,12,2012,3,2,15,1,13,6,E 4TH STREET,,0,34.04311944,-118.2179417,0,30,0,0,1,1,0,4,3,10,0,10,0,0000000,99,99,99,99,99,99,0,0,0,1,1
6,62256,2,2,0,0,0,2,2,17,0,13,9,2012,5,22,14,0,4,4,CR-PONY EXPRESS TRL,,0,38.73906944,-120.6648889,0,12,2,0,1,1,0,1,2,1,0,1,0,0000000,99,99,99,99,99,99,0,0,0,1,1
6,62257,1,1,0,1,1,1,1,59,80,18,12,2012,3,5,25,0,13,6,E LINCOLN AVE,ANAHEIM BLVD,0,33.83660278,-117.9140528,0,8,0,0,2,2,0,1,3,2,10,2,0,0000000,99,99,99,99,88,88,0,0,0,1,0
6,62258,1,1,0,0,0,1,1,19,1370,10,12,2012,2,10,30,0,12,3,SR-180,,602,36.75451111,-119.7438306,0,1,0,0,1,1,0,1,1,1,0,1,0,0000000,99,99,99,99,99,99,0,0,0,1,0
6,62259,1,1,0,1,1,5,5,71,1603,8,7,2012,1,20,33,0,14,6,HICKORY AVE,,0,34.41765278,-117.3288944,0,9,0,0,1,1,0,1,5,1,0,1,0,0000000,99,99,99,99,88,88,0,0,0,1,0
6,62260,1,1,0,1,1,1,1,107,0,19,12,2012,4,9,18,0,4,4,CR-RD 144,,0,36.50973056,-119.25065,0,8,0,0,1,1,0,1,1,1,0,1,0,0000000,99,99,99,99,88,88,0,0,0,1,0
6,62261,1,1,0,1,1,1,1,37,1970,9,12,2012,1,17,29,0,14,6,ARTESIA BLVD,ROSE AVE,0,33.874575,-118.1708806,0,15,0,0,3,2,0,1,3,1,0,1,0,0000000,99,99,99,99,99,99,0,0,0,1,0
6,62262,1,1,0,1,1,1,1,67,2934,24,12,2012,2,17,10,1,12,2,US-50,SUNRISE BLVD,124,38.60910556,-121.2703222,0,8,0,0,5,1,0,1,5,1,0,1,0,0000000,99,99,99,99,88,88,0,0,0,1,0
6,62263,1,1,0,0,0,1,1,29,0,19,12,2012,4,13,7,0,6,4,CR-S VINELAND RD,,0,35.24658056,-118.8962,0,42,0,0,1,1,0,5,1,1,0,1,0,0000000,99,99,99,99,88,88,0,0,0,1,0
6,62264,3,3,0,0,0,3,3,37,4030,19,12,2012,4,13,44,1,13,6,BANDINI BLVD,,0,34.00365556,-118.1910306,0,12,6,0,8,1,0,1,1,1,0,1,0,0000000,99,99,99,99,99,99,0,0,0,1,0
6,62265,1,1,0,1,1,1,1,37,1980,19,12,2012,4,15,25,0,13,6,WESTERN AVE,VERNON AVE,0,34.00374167,-118.3089306,0,8,0,0,2,2,0,1,1,1,0,1,0,0000000,99,99,99,99,99,99,0,0,0,1,0
6,62266,2,2,0,0,0,2,2,59,1790,19,12,2012,4,17,55,0,13,6,WHITTIER BLVD,CYPRESS ST,0,33.93911944,-117.9418528,0,12,6,0,2,2,0,1,3,1,0,1,0,0000000,99,99,99,99,88,88,0,0,0,1,0
6,62267,1,1,0,0,0,3,3,37,3455,21,12,2012,6,17,53,0,14,6,LOS NIETOS RD,,0,33.95246389,-118.0641,0,30,0,0,1,1,0,4,2,1,0,1,0,0000000,99,99,99,99,99,99,0,0,0,2,0
6,62268,3,3,0,0,0,8,8,65,0,5,2,2012,1,18,45,1,1,1,I-10,,452,33.80633889,-116.3879889,0,12,1,0,1,1,0,1,3,10,0,10,0,0000000,99,99,99,99,99,99,0,0,0,1,0
6,62269,2,1,1,0,0,2,2,73,2510,16,11,2012,6,0,55,0,14,6,MESA DR,,0,33.20575278,-117.3536361,0,14,0,0,1,1,0,4,3,10,0,10,0,0000000,99,99,99,99,99,99,20,0,0,1,1
6,62270,2,2,0,0,0,2,2,29,0,7,12,2012,6,16,35,0,2,4,CR-PANAMA LN,,0,35.29615,-119.1985694,0,12,6,0,8,1,0,1,5,10,0,10,0,0000000,99,99,99,99,99,99,0,0,0,1,0
6,62271,2,2,0,0,0,10,10,65,0,21,12,2012,6,23,45,0,16,4,CR-NUEVO RD,CR-ROSARY AVE,0,33.80126389,-117.1432528,0,12,1,0,3,2,0,1,3,1,0,1,0,0000000,99,99,99,99,99,99,0,0,0,1,1
6,62272,1,1,0,0,0,1,1,79,0,22,12,2012,7,8,15,0,4,4,CR-ADELAIDA RD,,0,35.64955,-120.7207694,0,42,0,0,1,1,0,5,1,2,10,2,0,0000000,99,99,99,99,88,88,0,0,0,1,1
6,62273,1,1,0,0,0,1,1,29,3600,7,12,2012,6,19,50,0,16,6,E LERDO HWY,,0,35.49973611,-119.2249583,0,44,0,0,1,1,1,1,2,1,0,1,0,0000000,99,99,99,99,88,88,0,0,0,1,0
6,62274,1,1,0,0,0,2,2,61,0,26,11,2012,2,7,40,0,2,3,SR-89,,102,39.16485833,-120.1731278,0,35,0,0,1,1,0,5,4,1,0,1,0,0000000,99,99,99,99,99,99,0,0,0,1,0
6,62275,1,1,0,0,0,2,2,85,0,7,12,2012,6,20,30,0,6,4,CR-CENTER AVE,CR-OMAR AVE,0,37.05098056,-121.5635694,0,30,0,0,2,8,0,5,2,10,0,10,0,0000000,99,99,99,99,99,99,0,0,0,1,1
6,62276,1,1,0,1,1,1,1,29,240,27,3,2012,3,19,42,0,13,6,OWENS ST,NILES ST,0,35.38099167,-118.9864167,0,9,0,0,3,3,0,1,3,1,0,1,0,0000000,99,99,99,99,99,99,19,0,0,1,0
6,62277,1,1,0,0,0,2,2,37,1550,9,12,2012,1,3,52,0,16,6,TRURO AVE,IMPERIAL HWY,0,33.93094167,-118.3580778,0,5,0,0,3,2,0,1,3,1,0,1,0,0000000,99,99,99,99,88,88,0,0,0,1,1
6,62278,1,1,0,1,1,1,1,19,0,7,12,2012,6,99,99,0,4,4,CR-GOLDEN STATE BLVD,,0,36.65421944,-119.7085806,0,8,0,0,1,1,0,2,2,10,0,10,0,0000000,99,99,99,99,88,88,0,0,0,1,0
6,62279,1,1,0,0,0,1,1,71,4040,10,4,2012,3,14,22,0,14,6,HESPERIA RD,COAD RD,0,34.49911944,-117.2926306,0,1,0,0,3,1,0,4,1,1,0,1,0,0000000,99,99,99,99,99,99,0,0,0,1,0
6,62280,1,1,0,0,0,3,3,87,4100,9,12,2012,1,20,46,0,13,6,GREEN VALLEY RD,,0,36.92409167,-121.7807083,0,33,0,0,1,1,0,4,3,1,0,1,0,0000000,99,99,99,99,99,99,0,0,0,1,0
6,62281,2,2,0,0,0,2,2,73,1200,2,8,2012,5,17,38,0,13,6,CENTRE CITY PARKWAY,IRIS LANE,0,33.15145278,-117.0963278,0,12,6,0,2,2,0,1,1,1,0,1,0,0000000,99,99,99,99,99,99,0,0,0,1,0
6,62282,1,1,0,1,1,1,1,65,9997,19,8,2012,1,8,2,0,13,6,LIMONITE AVE,HAMNER AVE,0,33.97523056,-117.5584444,0,15,0,0,3,2,0,1,1,1,0,1,0,0000000,99,99,99,99,99,99,0,0,0,1,0
6,62283,2,2,0,0,0,2,2,65,1801,17,5,2012,5,14,40,0,15,6,GRAPE ST,,0,33.65936389,-117.2948167,0,1,0,0,8,1,0,1,1,1,0,1,0,0000000,99,99,99,99,99,99,0,0,0,1,1
6,62284,1,1,0,1,1,1,1,67,0,17,8,2012,6,15,18,0,2,4,CR-FLORIN RD,LINDALE RD,0,38.49609167,-121.4267556,0,9,0,0,2,2,0,1,1,1,0,1,0,0000000,99,99,99,99,99,99,0,0,0,1,0
6,62285,1,1,0,0,0,1,1,13,110,25,7,2012,4,19,5,0,16,6,CANADA VALLEY RD,,0,37.96591944,-121.7472,0,42,0,0,1,1,0,4,1,1,0,1,0,0000000,99,99,99,99,99,99,0,0,0,1,0
6,62286,1,1,0,2,2,1,1,67,0,16,7,2012,2,22,0,0,15,4,CR-GARFIELD AVE,ENGLE RD,0,38.63181667,-121.3367306,0,59,0,0,3,2,0,4,3,10,0,10,0,0000000,99,99,99,99,99,99,0,0,0,1,0
6,62287,1,1,0,1,1,1,1,37,1980,3,9,2012,2,10,55,0,13,6,FLORENCE AVE,,0,33.97475,-118.257375,0,9,0,0,1,1,0,1,1,1,0,1,0,0000000,99,99,99,99,99,99,0,0,0,1,0
6,62288,1,1,0,0,0,1,1,101,0,14,11,2012,4,7,50,0,5,4,CR-MIDDELTON RD,,0,39.10476944,-121.84175,0,1,0,0,1,1,0,4,1,1,0,1,0,0000000,99,99,99,99,88,88,0,0,0,1,0
6,62289,1,1,0,1,1,1,1,73,1080,3,9,2012,2,21,32,0,13,6,FLETCHER PARKWAY,N JOHNSON AVE,0,32.80756389,-116.970975,0,8,0,0,3,2,0,1,3,1,0,1,0,0000000,99,99,99,99,99,99,0,0,0,1,0
6,62290,1,1,0,0,0,4,4,65,2116,6,6,2012,4,15,27,0,15,6,MCCALL BLVD,JUNIPERO RD,0,33.721425,-117.1584083,0,46,0,0,3,2,0,4,1,1,0,1,0,0000000,99,99,99,99,99,99,0,0,0,1,1
6,62291,1,1,0,1,1,1,1,71,681,4,6,2012,2,22,10,0,16,6,LOS SERRANOS BLVD,,0,33.969825,-117.7070528,0,8,0,0,1,1,0,1,3,10,0,10,0,0000000,99,99,99,99,99,99,0,0,0,1,0
6,62292,2,2,0,0,0,2,2,71,3210,5,9,2012,4,8,40,1,1,1,I-15,,148,34.23479722,-117.4223083,0,12,1,1,18,1,0,1,1,10,0,10,0,0000000,99,99,99,99,88,88,0,0,0,1,0
6,62293,1,1,0,2,2,1,1,13,4070,8,9,2012,7,18,15,0,14,6,N MAIN ST,,0,37.91220556,-122.0654472,0,8,0,0,1,1,0,4,1,1,0,1,0,0000000,99,99,99,99,99,99,0,0,0,1,0
6,62294,1,1,0,0,0,2,2,71,360,16,7,2012,2,22,12,0,13,3,SR-18,,514,34.25914444,-116.8795083,0,1,0,0,1,1,0,4,2,10,0,10,0,0000000,99,99,99,99,99,99,0,0,0,1,1
6,62295,1,1,0,0,0,1,1,59,0,17,11,2012,7,9,27,0,6,4,CR-CARRIAGE LN,,0,33.75968056,-117.81185,0,38,0,0,1,1,0,4,1,10,0,10,0,0000000,99,99,99,99,99,99,0,0,0,1,0
6,62296,1,1,0,0,0,1,1,51,0,11,6,2012,2,21,30,1,12,3,SR-120,,49,37.93999444,-119.2391778,0,18,0,0,1,1,0,1,2,1,0,1,0,0000000,99,99,99,99,88,88,0,0,0,1,0
6,62297,2,2,0,0,0,2,2,71,4040,30,7,2012,2,14,6,0,14,6,AIR EXPRESS WY,PHANTOM EAST ST,0,34.56869722,-117.3484639,0,12,1,0,3,3,0,1,1,1,0,1,0,0000000,99,99,99,99,88,88,23,0,0,1,0
6,62298,1,1,0,0,0,1,1,37,602,29,6,2012,6,2,22,1,12,3,SR-91 RAMP,,71,33.87336944,-118.2739611,0,1,0,1,5,1,0,1,2,1,0,1,0,0000000,99,99,99,99,88,88,0,0,0,1,1
6,62299,1,1,0,1,1,1,1,73,3260,23,12,2012,1,18,57,0,14,6,PICADOR BL,AREY DR,0,32.57853889,-117.0587833,0,8,0,0,3,3,0,1,3,1,0,1,0,0000000,99,99,99,99,88,88,0,0,0,1,0
6,62300,1,1,0,0,0,1,1,37,0,11,7,2012,4,0,36,0,2,3,SR-39,,290,34.26271944,-117.8510194,0,31,0,0,1,1,0,5,2,1,0,1,0,0000000,99,99,99,99,88,88,20,0,0,1,0
6,62301,2,2,0,0,0,2,2,37,1430,14,9,2012,6,7,0,0,12,3,SR-2 RAMP,,84,34.14926944,-118.2312806,0,12,6,1,5,1,0,1,1,1,0,1,0,0000000,99,99,99,99,88,88,0,0,0,1,0
6,62302,1,1,0,1,1,2,2,65,2116,21,9,2012,6,23,5,0,15,6,DOMENIGONI PARKWAY,,0,33.68591944,-117.1467194,0,8,0,0,1,1,0,1,2,1,0,1,0,0000000,99,99,99,99,99,99,0,0,0,1,0
6,62303,1,1,0,1,1,1,1,59,1780,26,9,2012,4,17,29,0,16,6,HIGH DRIVE,ALLVIEW TERRACE,0,33.54903889,-117.7916222,0,8,0,0,2,3,0,1,1,1,0,1,0,0000000,99,99,99,99,99,99,0,0,0,1,0
6,62304,4,2,2,0,0,3,3,71,4000,8,10,2012,2,22,48,0,14,6,CAMPUS AVE,ARROW HWY,0,34.09976389,-117.6414639,0,12,6,0,2,2,0,1,3,1,0,1,0,0000000,99,99,99,99,99,99,0,0,0,1,2
6,62305,1,1,0,1,1,5,5,37,1430,10,12,2012,2,15,49,0,14,6,BROADWAY,MAYNARD ST,0,34.14619722,-118.2304417,0,8,0,0,3,3,0,1,1,1,0,1,0,0000000,99,99,99,99,99,99,0,0,0,1,0
6,62306,1,1,0,1,1,3,3,99,2470,26,9,2012,4,19,46,0,13,3,SR-108,STANISLAUS AVE,374,37.76115278,-120.859925,0,8,0,0,3,2,0,1,3,1,0,1,0,0000000,99,99,99,99,99,99,0,0,0,1,0
6,62307,2,2,0,0,0,2,2,71,681,13,9,2012,5,16,28,0,13,3,SR-142,,47,33.98284167,-117.7275556,0,12,2,0,1,1,0,1,1,1,0,1,0,0000000,99,99,99,99,99,99,0,0,0,1,0
6,62308,1,1,0,1,1,2,2,65,850,28,10,2012,1,19,17,0,13,6,6TH ST,MERRILL ST,0,33.87588889,-117.5713167,0,8,0,0,3,2,0,1,3,1,0,1,0,0000000,99,99,99,99,88,88,0,0,0,1,0
6,62309,1,1,0,0,0,1,1,19,0,30,9,2012,1,22,22,0,6,4,CR-RUSSELL AVE,ALTHEA AVE,0,36.8907,-120.6542139,0,58,0,0,3,3,0,5,2,1,0,1,0,0000000,99,99,99,99,88,88,0,0,0,1,1
6,62310,2,2,0,0,0,2,2,73,710,2,10,2012,3,14,50,0,15,6,3RD AVE,MOSS ST,0,32.61711667,-117.0704306,0,12,6,0,2,2,0,1,1,1,0,1,0,0000000,99,99,99,99,99,99,0,0,0,1,1
6,62311,1,1,0,0,0,1,1,65,1801,17,8,2012,6,10,17,0,13,6,RAILROAD CYN RD,,0,33.66493333,-117.284575,0,31,0,0,1,1,0,5,1,1,0,1,0,0000000,99,99,99,99,88,88,0,0,0,1,0
6,62312,1,1,0,0,0,1,1,67,0,5,10,2012,6,99,99,0,2,4,CR-FLORIN RD,,0,38.49618889,-121.3552972,0,1,0,0,1,1,0,1,3,1,0,1,0,0000000,99,99,99,99,88,88,0,0,0,1,1
6,62313,1,1,0,0,0,2,2,65,2730,12,10,2012,6,1,25,0,15,6,NUEVO RD,,0,33.80113889,-117.2059611,0,18,0,0,1,1,1,5,2,1,0,1,0,0000000,99,99,99,99,99,99,0,0,0,1,1
6,62314,1,1,0,0,0,1,1,59,3420,21,10,2012,1,19,59,0,13,6,FAIRVIEW ST,,0,33.73264722,-117.9065861,0,25,0,0,1,1,0,3,3,1,0,1,0,0000000,99,99,99,99,88,88,0,0,0,1,1
6,62315,1,1,0,0,0,4,4,65,2116,5,5,2012,7,23,50,0,16,6,GARBANI RD,,0,33.65605833,-117.2019722,0,1,0,0,1,1,0,5,3,1,0,1,0,0000000,99,99,99,99,99,99,0,0,0,1,0
6,62316,1,1,0,1,1,1,1,65,4197,15,9,2012,7,5,56,0,14,6,CLINTON KEITH RD,IODINE SPRINGS RD,0,33.59776111,-117.2383,0,8,0,0,3,3,0,1,3,1,0,1,0,0000000,99,99,99,99,99,99,0,0,0,1,1
6,62317,1,1,0,0,0,2,2,59,470,12,10,2012,6,2,41,1,12,3,SR-91,,8,33.85708056,-118.0292111,0,25,0,0,1,1,0,3,3,1,0,1,0,0000000,99,99,99,99,99,99,0,0,0,1,1
6,62318,1,1,0,0,0,1,1,65,564,16,4,2012,2,22,51,0,13,6,GOETZ RD,CYN LAKE DR,0,33.68075833,-117.2350444,0,46,0,0,3,3,0,4,3,1,0,1,0,0000000,99,99,99,99,88,88,0,0,0,1,0