STATE,ST_CASE,VE_TOTAL,VE_FORMS,PVH_INVL,PEDS,PERNOTMVIT,PERMVIT,PERSONS,COUNTY,CITY,DAY,MONTH,YEAR,DAY_WEEK,HOUR,MINUTE,NHS,ROAD_FNC,ROUTE,TWAY_ID,TWAY_ID2,MILEPT,LATITUDE,LONGITUD,SP_JUR,HARM_EV,MAN_COLL,RELJCT1,RELJCT2,TYP_INT,WRK_ZONE,REL_ROAD,LGT_COND,WEATHER1,WEATHER2,WEATHER,SCH_BUS,RAIL,NOT_HOUR,NOT_MIN,ARR_HOUR,ARR_MIN,HOSP_HR,HOSP_MN,CF1,CF2,CF3,FATALS,DRUNK_DR
6,62319,2,2,0,0,0,3,3,71,0,22,10,2012,2,14,50,0,2,3,SR-330,,346,34.18361111,-117.1704611,0,35,0,0,1,1,0,4,1,1,0,1,0,0000000,99,99,99,99,99,99,0,0,0,2,0
6,62320,1,1,0,1,1,2,2,67,0,29,10,2012,2,19,0,0,2,4,CR-FRANKLIN BL,,0,38.50638889,-121.4647389,0,8,0,0,1,1,0,1,3,1,0,1,0,0000000,99,99,99,99,99,99,0,0,0,1,0
6,62321,1,1,0,0,0,1,1,13,820,26,10,2012,6,10,12,0,16,6,HURON DR,,0,37.99282778,-122.0287667,0,5,0,0,1,1,0,1,1,1,0,1,0,0000000,99,99,99,99,99,99,0,0,0,1,1
6,62322,1,1,0,1,1,1,1,73,710,24,10,2012,4,18,46,0,15,6,NACION AVE,,0,32.63140833,-117.0465917,0,15,0,0,1,1,0,1,2,1,0,1,0,0000000,99,99,99,99,99,99,0,0,0,1,0
6,62323,2,2,0,1,1,1,1,37,1980,30,9,2012,1,5,30,1,11,1,I-10,,174,34.02632222,-118.2350333,0,12,6,0,1,1,0,1,2,1,0,1,0,0000000,99,99,99,99,99,99,19,15,0,1,0
6,62324,2,2,0,0,0,2,2,111,3860,3,11,2012,7,14,31,0,13,3,SR-23,BAY DR,24,34.14978611,-118.8365528,0,12,6,0,2,3,0,1,1,1,0,1,0,0000000,99,99,99,99,99,99,0,0,0,1,0
6,62325,1,1,0,1,1,1,1,59,3420,4,11,2012,1,18,18,0,14,6,RAITT ST,MONTA VISTA AVE,0,33.73825278,-117.8938194,0,8,0,0,2,2,0,1,3,1,0,1,0,0000000,99,99,99,99,99,99,0,0,0,1,0
6,62326,1,1,0,1,1,1,1,59,3420,4,11,2012,1,10,21,0,13,6,17TH ST,FAIRVIEW ST,0,33.75983056,-117.9028361,0,9,0,0,2,2,0,1,1,1,0,1,0,0000000,99,99,99,99,99,99,0,0,0,1,0
6,62327,2,2,0,0,0,2,2,73,3260,21,10,2012,1,20,35,0,12,3,SR-163,,56,32.78853889,-117.1599611,0,12,1,0,1,1,0,1,3,10,0,10,0,0000000,99,99,99,99,88,88,0,0,0,1,0
6,62328,4,1,3,0,0,1,1,55,2330,9,11,2012,6,9,38,0,14,6,3RD ST,,0,38.29635278,-122.2994611,0,14,0,0,1,1,0,2,1,1,0,1,0,0000000,99,99,99,99,99,99,14,0,0,1,1
6,62329,2,2,0,0,0,3,3,59,1660,31,10,2012,4,20,55,0,14,6,MAIN ST,13TH ST,56,33.67022222,-118.0015361,0,33,0,0,3,3,0,4,3,1,0,1,0,0000000,99,99,99,99,99,99,0,0,0,1,1
6,62330,1,1,0,0,0,1,1,73,3260,28,10,2012,1,2,35,1,11,1,I-15 RAMP,,67,32.84231111,-117.1303389,0,33,0,1,5,1,0,4,3,1,0,1,0,0000000,99,99,99,99,88,88,0,0,0,1,1
6,62331,1,1,0,0,0,1,1,37,1980,28,10,2012,1,19,40,1,11,1,I-110 RAMP,,138,33.92829167,-118.2806694,0,20,0,1,5,1,0,8,2,1,0,1,0,0000000,99,99,99,99,88,88,0,0,0,1,1
6,62332,1,1,0,1,1,2,2,67,1108,18,11,2012,1,11,38,0,13,6,BOND RD,ELKCREST  DRIVE,0,38.42345278,-121.387975,0,8,0,0,3,2,0,1,1,1,0,1,0,0000000,99,99,99,99,99,99,0,0,0,1,0
6,62333,1,1,0,0,0,2,2,77,0,13,11,2012,3,14,50,1,2,3,SR-99,,344,38.18741944,-121.2627389,0,38,0,0,1,1,0,5,1,1,0,1,0,0000000,99,99,99,99,99,99,20,0,0,1,0
6,62334,1,1,0,0,0,1,1,77,0,1,11,2012,5,3,20,0,2,3,SR-4,,71,37.91081111,-121.4514889,0,42,0,0,1,1,0,4,2,2,0,2,0,0000000,99,99,99,99,88,88,0,0,0,1,1
6,62335,2,2,0,1,1,2,2,85,3340,21,11,2012,4,6,0,0,13,6,ALUM ROCK AVE,JACKSON AVE,0,37.35865278,-121.8432972,0,8,0,0,3,1,0,1,3,2,0,2,0,0000000,99,99,99,99,88,88,0,0,0,1,0
6,62336,1,1,0,1,1,1,1,71,681,4,12,2012,3,17,20,0,14,6,PINE AVE,MESA OAK AVE,0,33.94763056,-117.6774472,0,8,0,0,3,2,0,1,5,1,0,1,0,0000000,99,99,99,99,99,99,0,0,0,1,0
6,62337,1,1,0,1,1,1,1,67,0,22,9,2012,7,20,5,0,2,4,CR-POWER INN RD,,0,38.50298056,-121.4089889,0,9,0,0,1,1,0,1,3,1,0,1,0,0000000,99,99,99,99,99,99,0,0,0,1,0
6,62338,2,2,0,0,0,4,4,67,3150,3,11,2012,7,19,24,0,13,6,65TH ST EXPWY,LEMON HILL AVE,0,38.515975,-121.4273861,0,12,6,0,2,2,0,1,3,1,0,1,0,0000000,99,99,99,99,99,99,0,0,0,1,0
6,62339,1,1,0,0,0,3,3,67,3150,11,2,2012,7,16,18,1,11,1,I-5,,256,38.60884722,-121.5093972,0,33,0,1,5,1,0,4,1,10,0,10,0,0000000,99,99,99,99,99,99,0,0,0,1,0
6,62340,2,2,0,0,0,2,2,25,520,14,10,2012,1,16,12,0,13,3,SR-98,ANDRADE AVE,333,32.679275,-115.4825444,0,12,6,0,2,2,0,1,1,1,0,1,0,0000000,99,99,99,99,88,88,0,0,0,1,1
6,62341,1,1,0,1,1,1,1,99,2200,14,11,2012,4,18,29,0,14,6,W ORANGEBURG AVE,MARTIN AVE,0,37.66413333,-121.0256528,0,8,0,0,2,2,0,1,3,1,0,1,0,0000000,99,99,99,99,99,99,0,0,0,1,0
6,62342,1,1,0,0,0,2,2,1,2480,27,6,2012,4,9,25,0,13,6,PARK BLVD,MACARTHUR BLVD,0,37.80415556,-122.2335611,0,21,0,1,3,2,0,5,1,1,0,1,0,0000000,99,99,99,99,99,99,0,0,0,2,0
6,62343,2,2,0,0,0,2,2,13,0,5,11,2012,2,16,15,0,6,4,CR-BRUNS RD,,0,37.81876111,-121.5982806,0,12,6,0,1,1,0,1,1,1,0,1,0,0000000,99,99,99,99,88,88,0,0,0,1,0
6,62344,2,2,0,0,0,12,12,19,1370,17,11,2012,7,7,41,1,1,1,I-5,,145,36.24121389,-120.2354972,0,12,6,0,1,1,0,1,1,1,0,1,0,0000000,99,99,99,99,99,99,0,0,0,3,0
6,62345,1,1,0,1,1,1,1,95,0,4,12,2012,3,23,55,0,2,4,CR-PEABODY RD,,0,38.30656111,-121.9710306,0,8,0,0,1,1,0,1,2,10,0,10,0,0000000,99,99,99,99,88,88,0,0,0,1,1
6,62346,1,1,0,1,1,1,1,99,2200,17,11,2012,7,17,25,1,12,3,SR-99,,214,37.69531111,-121.0674389,0,8,0,0,1,1,0,1,2,10,0,10,0,0000000,99,99,99,99,88,88,0,0,0,1,0
6,62347,1,1,0,0,0,1,1,67,1108,17,11,2012,7,19,43,0,15,6,VINEYARD RD,CALVINE RD,0,38.45259167,-121.3160278,0,43,0,0,3,3,0,5,3,2,10,2,0,0000000,99,99,99,99,88,88,0,0,0,1,1
6,62348,2,2,0,0,0,3,3,59,1660,27,6,2012,4,8,16,0,14,6,YORKTOWN AVE,,0,33.67944444,-117.988025,0,12,1,0,1,1,0,1,1,1,0,1,0,0000000,99,99,99,99,99,99,0,0,0,1,0
6,62349,3,3,0,0,0,6,6,77,3770,7,11,2012,4,10,30,1,12,3,SR-99,,145,37.90331944,-121.2223806,0,12,1,0,1,1,1,1,1,1,0,1,0,0000000,99,99,99,99,99,99,0,0,0,1,0
6,62350,1,1,0,1,1,1,1,37,1980,12,12,2012,4,23,15,1,11,1,I-110,,167,33.97071944,-118.28065,0,8,0,0,1,1,0,1,3,2,0,2,0,0000000,99,99,99,99,88,88,0,0,0,1,0
6,62351,1,1,0,1,1,1,1,67,0,20,4,2012,6,22,30,0,6,4,CR-DUDLEY BLVD,,0,38.64832778,-121.3978611,0,9,0,0,1,1,0,1,2,1,0,1,0,0000000,99,99,99,99,88,88,0,0,0,1,0
6,62352,2,2,0,0,0,4,4,37,1980,18,11,2012,1,19,0,1,12,3,SR-118,,118,34.26781944,-118.4374694,0,12,7,1,18,1,0,1,2,1,0,1,0,0000000,99,99,99,99,99,99,0,0,0,1,0
6,62353,4,4,0,0,0,6,6,71,4000,17,7,2012,3,13,31,0,13,6,MOUNTAIN AVE,,0,34.09431389,-117.6702278,0,33,0,0,1,1,0,3,1,1,0,1,0,0000000,99,99,99,99,99,99,0,0,0,1,0
6,62354,2,2,0,0,0,7,7,71,4040,8,7,2012,1,12,51,0,15,6,CYPRESS AVE,LINDERO ST,0,34.47510556,-117.3255278,0,12,6,0,2,2,0,1,1,1,0,1,0,0000000,99,99,99,99,99,99,0,0,0,1,0
6,62355,1,1,0,1,1,2,2,37,1980,19,11,2012,2,0,5,1,11,1,I-5,,265,34.1511,-118.2814389,0,8,0,1,18,1,0,1,2,1,0,1,0,0000000,99,99,99,99,88,88,19,0,0,1,0
6,62356,2,2,0,0,0,3,3,71,4000,19,11,2012,2,4,9,1,11,1,I-10,,29,34.08741389,-117.6615389,0,12,1,0,1,1,0,1,3,10,0,10,0,0000000,99,99,99,99,99,99,19,0,0,1,0
6,62357,2,2,0,1,1,9,9,35,0,29,11,2012,5,17,38,1,2,2,US-395,,80,40.34436111,-120.5596194,0,8,0,0,1,1,0,1,2,2,0,2,0,0000000,99,99,99,99,88,88,0,0,0,1,0
6,62358,2,1,1,1,1,1,1,37,1980,24,11,2012,7,8,30,1,11,1,I-5,,211,34.08691389,-118.2336722,0,14,0,0,1,1,0,2,1,1,0,1,0,0000000,99,99,99,99,99,99,15,23,0,1,0
6,62359,2,1,1,0,2,1,3,13,1590,20,11,2012,3,14,15,1,11,1,I-80,,104,38.02005833,-122.2644417,0,14,0,0,1,1,0,2,1,10,0,10,0,0000000,99,99,99,99,99,99,0,0,0,1,0
6,62360,1,1,0,1,1,1,1,65,2278,17,10,2012,4,19,52,0,14,6,ALESSANDRO BLVD,,0,33.91735556,-117.2358917,0,8,0,0,1,1,0,1,3,1,0,1,0,0000000,99,99,99,99,88,88,0,0,0,1,0
6,62361,2,2,0,1,1,2,2,37,1980,18,7,2012,4,5,45,0,13,6,LA CIENEGA BL,18TH ST,0,34.04451111,-118.3768194,0,12,6,0,2,2,0,1,1,1,0,1,0,0000000,99,99,99,99,99,99,0,0,0,1,0
6,62362,1,1,0,1,1,1,1,65,3070,21,11,2012,4,17,29,0,14,6,CHICAGO AVE,,0,33.98866389,-117.348425,0,8,0,0,1,1,0,1,3,1,0,1,0,0000000,99,99,99,99,99,99,0,0,0,1,0
6,62363,1,1,0,0,0,1,1,59,2199,19,10,2012,6,18,58,0,13,6,ALICIA PKWY,,0,33.61306944,-117.6819722,0,33,0,0,1,1,0,3,3,1,0,1,0,0000000,99,99,99,99,88,88,0,0,0,1,1
6,62364,1,1,0,0,0,2,2,29,0,29,11,2012,5,14,45,1,12,3,SR-58,,922,35.13516944,-118.4417611,0,38,0,0,1,1,0,2,1,10,0,10,0,0000000,99,99,99,99,99,99,0,0,0,1,0
6,62365,2,2,0,0,0,2,2,15,0,21,12,2012,6,20,54,1,2,2,US-101,,383,41.88444444,-124.1366944,0,12,2,0,1,1,0,1,2,10,0,10,0,0000000,99,99,99,99,99,99,0,0,0,1,1
6,62366,2,2,0,0,0,3,3,29,240,29,11,2012,5,20,44,0,13,6,WHITE LN,AKERS RD,0,35.31784167,-119.0477778,0,12,6,0,2,2,0,1,3,1,0,1,0,0000000,99,99,99,99,99,99,0,0,0,1,0
6,62367,1,1,0,1,1,1,1,45,3990,24,8,2012,6,7,57,0,15,6,S ORCHARD AVE,E GOBBI ST,0,39.14463611,-123.19845,0,9,0,0,2,2,0,1,1,1,0,1,0,0000000,99,99,99,99,88,88,0,0,0,1,0
6,62368,1,1,0,0,0,4,4,105,0,25,10,2012,5,2,27,0,5,4,CR-MORGAN HILL RD,,0,40.54241667,-123.1607806,0,42,0,0,1,1,0,4,2,1,0,1,0,0000000,99,99,99,99,99,99,0,0,0,1,1
6,62369,1,1,0,1,1,1,1,59,0,5,12,2012,4,5,55,0,13,4,CR-KATELLA AVE,CR-GILBERT ST,0,33.80313056,-117.9677111,0,8,0,0,3,3,0,1,3,5,0,5,0,0000000,99,99,99,99,99,99,0,0,0,1,0
6,62370,3,3,0,0,0,5,5,37,3870,4,12,2012,3,11,18,0,14,6,LOMITA BLVD,OCEAN AVE,0,33.81763056,-118.3544333,0,12,6,0,2,2,0,1,1,10,0,10,0,0000000,99,99,99,99,99,99,0,0,0,1,0
6,62371,2,2,0,0,0,3,3,65,3851,30,9,2012,1,15,34,0,15,6,RANCHO CALIFORNIA RD,ASTEROID WY,0,33.508625,-117.1283972,0,12,6,0,2,2,0,1,1,1,0,1,0,0000000,99,99,99,99,99,99,0,0,0,1,0
6,62372,2,2,0,0,0,3,3,13,0,7,12,2012,6,15,15,0,2,4,CR-J4,,0,37.82383889,-121.5971028,0,12,2,0,1,1,0,1,1,1,0,1,0,0000000,99,99,99,99,99,99,0,0,0,2,0
6,62373,1,1,0,1,1,1,1,59,80,17,12,2012,2,22,24,1,12,3,SR-91 RAMP,,114,33.85571111,-117.7907889,0,8,0,0,5,1,0,1,9,1,0,1,0,0000000,99,99,99,99,88,88,0,0,0,1,0
6,62374,2,2,0,0,0,2,2,71,2550,11,12,2012,3,9,8,0,14,6,FRANCIS ST,PARCO AVE,0,34.04124722,-117.6238917,0,12,6,0,2,2,0,1,1,1,0,1,0,0000000,99,99,99,99,99,99,0,0,0,1,0
6,62375,3,3,0,0,0,3,3,93,0,6,10,2012,7,14,57,0,2,3,SR-3,,317,41.67474722,-122.6924778,0,12,2,0,1,1,0,1,1,1,0,1,0,0000000,99,99,99,99,99,99,0,0,0,1,0
6,62376,1,1,0,1,1,1,1,53,2630,18,12,2012,3,18,0,0,14,6,PINE AVE,,0,36.61938333,-121.9206639,0,8,0,0,1,1,0,1,3,1,0,1,0,0000000,99,99,99,99,99,99,0,0,0,1,0
6,62377,1,1,0,0,0,1,1,37,810,13,12,2012,5,0,46,0,15,6,ELM ST,,0,33.90064722,-118.224525,0,10,0,0,6,1,0,1,3,1,0,1,0,9999999,99,99,99,99,99,99,0,0,0,1,0
6,62378,2,2,0,0,0,2,2,99,0,31,10,2012,4,18,15,0,4,4,CR-CLARIBEL RD,WELLSFORD RD,0,37.71098056,-120.8758694,0,1,0,0,3,3,0,1,2,10,0,10,0,0000000,99,99,99,99,88,88,0,0,0,1,0
6,62379,1,1,0,0,0,1,1,71,3210,5,12,2012,4,7,22,0,15,6,W BELMONT AVE,,0,34.19963611,-117.3571833,0,18,0,0,1,1,0,4,1,10,1,10,0,0000000,99,99,99,99,99,99,0,0,0,1,0
6,62380,3,3,0,0,0,5,5,31,0,21,11,2012,4,18,46,1,1,1,I-5,,238,36.04666389,-120.0517139,0,12,7,0,1,1,0,1,2,1,0,1,0,0000000,99,99,99,99,99,99,0,0,0,1,0
6,62381,2,2,0,0,0,2,2,37,804,11,12,2012,3,5,35,0,13,6,OLYMPIC BLVD,GOODRICH BLVD,0,34.01575556,-118.1559167,0,12,6,0,2,2,0,1,3,1,0,1,0,0000000,99,99,99,99,99,99,0,0,0,1,0
6,62382,1,1,0,1,1,1,1,65,0,13,12,2012,5,5,40,1,2,3,SR-74,,324,33.74332778,-117.1091417,0,8,0,0,1,1,0,1,2,2,0,2,0,0000000,99,99,99,99,88,88,0,0,0,1,0
6,62383,1,1,0,0,0,2,2,73,3260,15,12,2012,7,6,4,0,12,3,SR-163 RAMP,,36,32.76225278,-117.16195,0,39,0,0,5,1,0,4,3,2,0,2,0,0000000,99,99,99,99,88,88,0,0,0,1,0
6,62384,2,1,1,1,1,1,1,73,3260,13,12,2012,5,6,55,1,11,1,I-805,,164,32.75528056,-117.1252028,0,14,0,0,1,1,0,4,1,2,0,2,1,0000000,99,99,99,99,99,99,15,23,0,1,0
6,62385,1,1,0,0,0,1,1,17,0,10,5,2012,5,99,99,1,2,2,US-50,,676,38.82566111,-120.0290611,0,17,0,0,1,1,0,5,9,99,0,99,0,0000000,99,99,99,99,88,88,0,0,0,1,1
6,62386,1,1,0,1,1,2,2,37,1980,24,11,2012,7,1,50,1,11,1,I-405,,436,34.21858889,-118.4730389,0,8,0,0,1,1,0,1,2,1,0,1,0,0000000,99,99,99,99,99,99,19,0,0,1,0
6,62387,1,1,0,1,1,1,1,89,0,29,11,2012,5,15,3,0,6,4,CR-REDDING RANCHERIA RD,,0,40.50668889,-122.3834333,3,8,0,0,1,1,0,1,1,2,10,2,0,0000000,99,99,99,99,99,99,0,0,0,1,0
6,62388,1,1,0,1,1,1,1,99,2470,20,12,2012,5,20,51,1,12,3,SR-120,,46,37.77528056,-120.8213833,0,8,0,0,1,1,0,1,3,1,0,1,0,0000000,99,99,99,99,99,99,0,0,0,1,0
6,62389,1,1,0,0,0,1,1,113,4163,30,11,2012,6,1,52,0,13,6,LAKE WASHINGTON BLVD,SOUTHPORT PARKWAY,0,38.55635833,-121.5406472,0,30,0,0,2,2,0,4,3,2,10,2,0,0000000,99,99,99,99,88,88,0,0,0,1,0
6,62390,2,2,0,0,0,2,2,37,1980,17,12,2012,2,13,55,0,13,6,DEVONSHIRE ST,HAYVENHURST AVE,0,34.25746667,-118.4935861,0,12,6,0,2,2,0,1,1,10,0,10,0,0000000,99,99,99,99,99,99,0,0,0,1,0
6,62391,1,1,0,0,0,1,1,73,3260,28,12,2012,6,3,17,1,12,3,SR-94 RAMP,,31,32.716675,-117.1193139,0,23,0,1,5,1,0,4,2,1,0,1,0,0000000,99,99,99,99,88,88,0,0,0,1,1
6,62392,1,1,0,1,1,1,1,37,0,29,11,2012,5,17,15,0,2,4,CR-EL SEGUNDO BLVD,,0,33.91648889,-118.2929833,0,8,0,0,1,1,0,1,3,10,0,10,0,0000000,99,99,99,99,88,88,0,0,0,1,0
6,62393,1,1,0,1,1,1,1,71,2550,20,12,2012,5,18,6,0,13,6,HOLT BLVD,,0,34.06334722,-117.6574722,0,8,0,0,1,1,0,1,3,1,0,1,0,0000000,99,99,99,99,99,99,0,0,0,1,1
6,62394,1,1,0,1,1,1,1,71,2550,2,12,2012,1,20,38,0,13,6,MOUNTAIN AVE,,0,34.06753056,-117.6700528,0,9,0,0,1,1,0,1,3,2,0,2,0,0000000,99,99,99,99,99,99,0,0,0,1,0
6,62395,2,2,0,0,0,3,3,97,0,22,12,2012,7,14,25,0,2,3,SR-121,,45,38.20958889,-122.4544611,0,12,6,0,1,1,0,1,1,2,0,2,0,0000000,99,99,99,99,99,99,0,0,0,1,0
6,62396,1,1,0,0,0,1,1,71,0,22,12,2012,7,21,20,1,11,1,I-40,,1420,34.84628056,-114.6148306,0,1,0,0,1,1,0,1,2,10,0,10,0,0000000,99,99,99,99,99,99,0,0,0,1,0
6,62397,4,4,0,0,0,4,4,31,0,8,9,2012,7,7,54,1,2,3,SR-41,HANFORD-ARMONA RD,422,36.31339444,-119.8081194,0,12,1,0,3,2,1,1,1,1,0,1,0,0000000,99,99,99,99,88,88,0,0,0,1,0
6,62398,2,2,0,0,0,2,2,37,0,13,12,2012,5,7,15,1,2,3,SR-126,CHIQUITO CANYON ROAD,24,34.41978056,-118.6568222,0,12,6,0,2,3,0,1,1,10,0,10,0,0000000,99,99,99,99,88,88,0,0,0,1,0
6,62399,2,2,0,0,0,3,3,107,1900,15,12,2012,7,1,6,1,12,3,SR-65,,303,36.21082222,-119.1343278,0,12,2,0,1,1,0,1,2,1,0,1,0,0000000,99,99,99,99,99,99,0,0,0,1,0
6,62400,1,1,0,0,0,2,2,95,3780,15,12,2012,7,2,12,1,12,3,SR-12,,50,38.24498889,-122.0342833,0,24,0,0,1,1,0,4,3,1,0,1,0,0000000,99,99,99,99,99,99,0,0,0,1,1
6,62401,1,1,0,0,0,1,1,59,0,23,12,2012,1,3,53,0,4,4,CR-LIVE OAK CANYON RD,,0,33.68188889,-117.6031,0,42,0,0,1,1,0,5,2,1,0,1,0,0000000,99,99,99,99,99,99,0,0,0,1,0
6,62402,1,1,0,1,1,1,1,37,1840,30,11,2012,6,7,30,0,13,6,AVENUE I,,0,34.68974444,-118.0852833,0,8,0,0,8,1,0,1,1,10,0,10,0,0000000,99,99,99,99,99,99,0,0,0,1,0
6,62403,1,1,0,1,1,2,2,71,4040,21,11,2012,4,17,26,0,13,3,SR-18,,973,34.50681389,-117.3355889,0,8,0,0,1,1,0,1,3,1,0,1,0,0000000,99,99,99,99,88,88,0,0,0,1,0
6,62404,1,1,0,1,1,1,1,37,1980,26,12,2012,4,14,0,0,14,6,JEFFERSON BLVD,CRENSHAW BLVD,0,34.02560556,-118.3351306,0,8,0,0,3,2,0,1,1,1,0,1,0,0000000,99,99,99,99,99,99,0,0,0,1,0
6,62405,1,1,0,1,1,1,1,71,4290,3,12,2012,2,6,8,0,14,6,CALIMESA BL,,0,34.01248611,-117.0724278,0,8,0,0,1,1,0,1,2,2,0,2,0,0000000,99,99,99,99,99,99,19,0,0,1,0
6,62406,1,1,0,1,1,1,1,37,1550,3,12,2012,2,6,2,0,13,6,EL SEGUNDO BLVD,CEDAR AVE,0,33.91642222,-118.3492806,0,8,0,0,3,3,0,1,3,2,10,2,0,0000000,99,99,99,99,99,99,0,0,0,1,0
6,62407,1,1,0,0,0,5,5,71,0,23,12,2012,1,12,55,1,1,1,I-15,,1099,35.065675,-116.4205972,0,1,0,0,1,1,0,3,1,1,0,1,0,0000000,99,99,99,99,99,99,0,0,0,1,0
6,62408,5,2,3,0,0,4,4,37,1980,14,12,2012,6,17,30,0,16,6,WALL ST,62ND ST,0,33.98331667,-118.2718083,0,12,6,0,2,3,0,1,3,2,0,2,0,0000000,99,99,99,99,99,99,0,0,0,1,1
6,62409,4,4,0,0,0,4,4,73,3260,12,12,2012,4,7,50,1,12,3,SR-15,,48,32.75018333,-117.1086278,0,12,1,0,1,1,0,1,1,1,0,1,0,0000000,99,99,99,99,99,99,0,0,0,1,0
6,62410,3,3,0,0,0,4,4,37,1840,6,12,2012,5,16,56,0,13,6,AVENUE 1,10TH ST,0,34.70423611,-118.1126389,0,12,6,0,2,2,0,1,3,1,0,1,0,0000000,99,99,99,99,99,99,20,0,0,1,1
6,62411,1,1,0,1,1,1,1,13,820,7,12,2012,6,16,30,0,13,6,MONUMENT BLVD,ERICKSON RD,0,37.95770556,-122.0370806,0,15,0,0,3,2,0,1,1,1,0,1,0,0000000,99,99,99,99,99,99,0,0,0,1,0
6,62412,1,1,0,1,1,1,1,71,3210,7,12,2012,6,17,43,0,15,6,NORTH D STREET,,0,34.12604722,-117.2919083,0,8,0,0,1,1,0,1,3,1,0,1,0,0000000,99,99,99,99,99,99,0,0,0,1,0
6,62413,1,1,0,0,0,1,1,37,1980,18,12,2012,3,11,20,1,11,1,I-10,,2,34.05263056,-118.2237806,0,25,0,1,5,1,0,4,1,1,0,1,0,0000000,99,99,99,99,99,99,0,0,0,1,0
6,62414,2,2,0,1,1,2,2,89,2950,21,12,2012,6,6,31,0,14,6,VICTOR AVE,CONIFER AVE,0,40.55962222,-122.3388111,0,8,0,0,2,2,0,1,3,4,10,4,0,0000000,99,99,99,99,99,99,0,0,0,1,0
6,62415,1,1,0,0,0,2,2,71,2960,26,12,2012,4,1,55,1,11,1,I-10,,278,34.0668,-117.2363194,0,59,0,0,1,1,0,4,3,1,0,1,0,0000000,99,99,99,99,99,99,0,0,0,1,0
6,62416,1,1,0,0,0,2,2,81,2170,17,12,2012,2,9,55,1,11,1,I-280,,180,37.58868333,-122.41215,0,43,0,0,1,1,0,4,1,2,10,2,0,0000000,99,99,99,99,99,99,0,0,0,1,0
6,62417,2,2,0,1,1,5,5,67,0,7,12,2012,6,22,50,1,1,1,I-80,,107,38.64016389,-121.3826778,0,8,0,0,1,1,0,1,2,1,0,1,0,0000000,99,99,99,99,88,88,0,0,0,1,0
6,62418,1,1,0,2,2,1,1,73,710,9,12,2012,1,18,1,0,15,6,4TH AVENUE,,0,32.64971389,-117.0876667,0,8,0,0,1,1,0,1,3,1,0,1,0,0000000,99,99,99,99,99,99,0,0,0,2,0
6,62419,4,4,0,2,2,6,6,83,0,21,12,2012,6,23,44,0,2,3,SR-154,,201,34.54511944,-119.8781694,0,8,0,0,1,1,0,1,2,1,0,1,0,0000000,99,99,99,99,88,88,0,0,0,2,0
6,62420,1,1,0,1,1,1,1,71,4000,10,12,2012,2,17,16,0,14,6,ARROW HIGHWAY,,0,34.09966111,-117.6714694,0,8,0,0,1,1,0,1,2,1,0,1,0,0000000,99,99,99,99,99,99,0,0,0,1,0
6,62421,3,3,0,0,0,8,8,95,4010,7,12,2012,6,18,20,1,11,1,I-80,,251,38.34378611,-122.0047,0,12,7,0,1,1,0,1,3,1,0,1,0,0000000,99,99,99,99,99,99,0,0,0,1,0
6,62422,2,2,0,0,0,4,4,37,2749,16,12,2012,1,14,18,0,13,6,PARAMOUNT BLVD,,0,33.99656667,-118.0932,0,12,6,0,1,1,0,1,1,2,10,2,0,0000000,99,99,99,99,99,99,0,0,0,1,0
6,62423,1,1,0,0,0,1,1,97,0,20,12,2012,5,17,45,0,4,4,CR-BODEGA AVE,,0,38.25194722,-122.6990278,0,43,0,0,1,1,0,4,2,10,0,10,0,0000000,99,99,99,99,88,88,0,0,0,1,0
6,62424,1,1,0,1,1,2,2,37,1980,20,12,2012,5,15,40,0,14,6,WHITSETT AVE,STAGG ST,0,34.21208889,-118.40525,0,8,0,0,3,2,0,1,1,1,0,1,0,0000000,99,99,99,99,99,99,0,0,0,1,0
6,62425,1,1,0,0,0,1,1,65,2646,13,11,2012,3,19,40,0,16,6,ELKHORN TRL,,0,33.73504722,-116.3171417,0,31,0,0,1,1,0,5,3,1,0,1,0,0000000,99,99,99,99,99,99,0,0,0,1,1
6,62426,2,2,0,0,0,3,3,71,680,15,3,2012,5,17,13,0,14,6,SCHAEFER AVE,MONTE VISTA AVE,0,34.00445278,-117.6978806,0,12,6,0,2,2,0,1,1,1,0,1,0,0000000,99,99,99,99,99,99,0,0,0,1,0
6,62427,2,2,0,0,0,3,3,71,680,23,3,2012,6,7,4,0,14,6,SCHAEFER AVE,,0,34.00442778,-117.7129056,0,12,2,0,1,1,0,1,1,1,0,1,0,0000000,99,99,99,99,99,99,0,0,0,2,0
6,62428,2,2,0,0,0,2,2,67,3150,26,4,2012,5,4,30,0,12,3,SR-51,SR-160,37,38.60044722,-121.4392139,0,1,0,0,1,1,0,1,2,2,10,2,0,0000000,99,99,99,99,88,88,14,0,0,1,0