STATE,ST_CASE,VE_TOTAL,VE_FORMS,PVH_INVL,PEDS,PERNOTMVIT,PERMVIT,PERSONS,COUNTY,CITY,DAY,MONTH,YEAR,DAY_WEEK,HOUR,MINUTE,NHS,ROAD_FNC,ROUTE,TWAY_ID,TWAY_ID2,MILEPT,LATITUDE,LONGITUD,SP_JUR,HARM_EV,MAN_COLL,RELJCT1,RELJCT2,TYP_INT,WRK_ZONE,REL_ROAD,LGT_COND,WEATHER1,WEATHER2,WEATHER,SCH_BUS,RAIL,NOT_HOUR,NOT_MIN,ARR_HOUR,ARR_MIN,HOSP_HR,HOSP_MN,CF1,CF2,CF3,FATALS,DRUNK_DR
6,62429,1,1,0,1,1,2,2,89,2950,18,12,2012,3,18,39,0,14,6,HILLTOP DR,,0,40.57831944,-122.3578917,0,8,0,0,1,1,0,1,2,1,0,1,0,0000000,99,99,99,99,99,99,0,0,0,1,0
6,62430,1,1,0,0,0,1,1,73,2510,1,9,2012,7,18,0,1,11,1,I-5 RAMP,,532,33.20078056,-117.3721389,0,1,0,1,5,1,0,1,1,1,0,1,0,0000000,99,99,99,99,99,99,0,0,0,1,1
6,62431,2,2,0,0,0,2,2,77,1940,20,12,2012,5,5,47,1,12,3,SR-99,,303,38.12686944,-121.2576306,0,12,1,0,1,1,0,1,3,1,0,1,0,0000000,99,99,99,99,88,88,0,0,0,1,0
6,62432,1,1,0,1,1,1,1,71,1603,10,9,2012,2,5,44,0,13,6,BEAR VALLEY RD,,0,34.4709,-117.2967056,0,8,0,0,1,1,0,1,2,1,0,1,0,0000000,99,99,99,99,88,88,0,0,0,1,0
6,62433,1,1,0,1,1,1,1,71,0,23,10,2012,3,18,40,0,12,3,SR-38,,41,34.06983056,-117.12115,0,8,0,0,1,1,0,1,2,1,0,1,0,0000000,99,99,99,99,88,88,0,0,0,1,0
6,62434,1,1,0,0,0,1,1,59,3558,25,10,2012,5,12,0,1,11,1,I-605 RAMP,,30,33.77443056,-118.0938111,0,33,0,1,5,1,0,4,1,1,0,1,0,0000000,99,99,99,99,88,88,0,0,0,1,0
6,62435,3,3,0,0,0,13,13,67,0,4,11,2012,1,15,39,1,1,1,I-5,,88,38.38026944,-121.47705,0,1,0,0,1,1,0,1,1,10,0,10,0,0000000,99,99,99,99,99,99,0,0,0,4,0
6,62436,1,1,0,1,1,1,1,65,2327,13,11,2012,3,18,25,0,16,6,JACKSON AVE,ROBARDS WAY,0,33.58797778,-117.2221167,0,8,0,0,3,2,0,1,3,1,0,1,0,0000000,99,99,99,99,99,99,0,0,0,1,0
6,62437,2,2,0,0,0,2,2,37,0,22,12,2012,7,0,11,0,3,4,CR-GLADSTONE ST,JACKSON AVE,0,34.11433056,-117.9203806,0,12,6,0,2,2,0,1,3,1,0,1,0,0000000,99,99,99,99,99,99,0,0,0,1,1
6,62438,1,1,0,0,0,1,1,85,3440,28,11,2012,4,10,15,0,13,6,DE LA CRUZ BLVD,,0,37.35479167,-121.9435444,0,30,0,0,1,1,0,5,1,2,0,2,0,0000000,99,99,99,99,99,99,0,0,0,1,0
6,62439,3,1,2,1,1,1,1,37,1550,14,12,2012,6,23,3,0,15,6,HAWTHORNE BLVD,,0,33.91395556,-118.3527444,0,8,0,0,1,1,0,1,3,2,0,2,0,0000000,99,99,99,99,99,99,0,0,0,1,1
6,62440,1,1,0,0,0,2,2,53,0,17,11,2012,7,10,5,0,5,4,CR-CARMEL VALLEY RD,,0,36.33978056,-121.51245,0,38,0,0,1,1,0,4,1,2,10,2,0,0000000,99,99,99,99,99,99,4,0,0,1,1
6,62441,2,2,0,0,0,2,2,71,1305,19,11,2012,2,0,39,1,12,3,SR-210,,164,34.13609167,-117.4086944,0,12,6,0,1,1,0,1,2,10,0,10,0,0000000,99,99,99,99,88,88,19,0,0,2,2
6,62442,3,3,0,0,0,6,6,41,3410,22,12,2012,7,15,5,1,12,2,US-101,,112,37.97276944,-122.5217111,0,31,0,0,1,1,0,4,1,10,0,10,0,0000000,99,99,99,99,99,99,0,0,0,1,0
6,62443,3,3,0,0,0,6,6,73,0,23,12,2012,1,15,22,0,2,3,SR-76,,156,33.31558056,-117.1800389,0,12,2,0,1,1,0,1,1,10,0,10,0,0000000,99,99,99,99,99,99,0,0,0,1,0
6,62444,1,1,0,1,1,1,1,65,750,24,11,2012,7,17,11,0,16,6,AVENUE 49,,0,33.69286667,-116.1894,0,8,0,0,1,1,0,1,3,1,0,1,0,0000000,99,99,99,99,99,99,20,0,0,1,0
6,62445,2,2,0,0,0,4,4,29,160,23,12,2012,1,19,42,0,12,3,SR-223,DERBY ST,212,35.20905833,-118.8242444,0,12,6,0,2,2,0,1,3,1,0,1,0,0000000,99,99,99,99,99,99,0,0,0,1,2
6,62446,1,1,0,0,0,2,2,67,0,24,11,2012,7,3,57,0,3,4,CR-DON JULIO BLVD,,0,38.70154722,-121.3463389,0,39,0,0,1,1,0,4,3,1,0,1,0,0000000,99,99,99,99,99,99,0,0,0,2,1
6,62447,1,1,0,1,1,1,1,111,2620,16,12,2012,1,2,22,0,13,6,HARBOR BLVD,WOOLEY RD,0,34.19053333,-119.2385917,0,8,0,0,3,2,0,1,3,10,0,10,0,0000000,99,99,99,99,88,88,0,0,0,1,0
6,62448,2,2,0,0,0,5,5,37,2645,23,12,2012,1,16,21,0,14,6,AVENUE Q,40TH ST EAST,0,34.58740278,-118.0584944,0,12,6,0,2,2,0,1,1,10,0,10,0,0000000,99,99,99,99,99,99,0,0,0,1,1
6,62449,1,1,0,1,1,2,2,37,1812,23,12,2012,1,17,43,0,14,6,BLOOMFIELD AVE,DEL AMO BLVD,0,33.84608611,-118.0635139,0,8,0,0,3,2,0,1,3,1,0,1,0,0000000,99,99,99,99,88,88,0,0,0,1,0
6,62450,1,1,0,0,0,1,1,71,0,23,12,2012,1,20,0,0,4,4,CR-AMBOY RD,,0,34.21008333,-115.7200556,0,33,0,0,1,1,0,4,2,1,0,1,0,0000000,99,99,99,99,88,88,0,0,0,1,0
6,62451,2,2,0,0,0,5,5,33,0,21,11,2012,4,18,0,0,2,3,SR-20,,315,39.00875,-122.6157694,0,12,6,0,8,1,0,1,2,1,0,1,0,0000000,99,99,99,99,99,99,0,0,0,2,0
6,62452,2,2,0,0,0,4,4,37,4120,25,12,2012,3,20,59,0,14,6,LARK ELLEN AVE,MERCED AVE,0,34.05392222,-117.9168306,0,12,6,0,2,2,0,1,3,10,0,10,0,0000000,99,99,99,99,99,99,0,0,0,1,1
6,62453,2,2,0,0,0,3,3,37,1980,26,12,2012,4,15,30,0,15,6,YOLANDA AVE,INGOMAR ST,0,34.21199722,-118.5404417,0,12,6,0,2,3,0,1,1,10,0,10,0,0000000,99,99,99,99,99,99,0,0,0,1,0
6,62454,1,1,0,1,1,1,1,39,0,20,5,2012,1,99,99,0,3,4,CR-LAKE ST,,0,36.98838056,-120.0562194,0,8,0,0,1,1,0,2,2,1,0,1,0,0000000,99,99,99,99,88,88,0,0,0,1,0
6,62455,1,1,0,0,0,1,1,65,2116,24,12,2012,2,1,45,1,11,1,I-215,,168,33.66015,-117.1709111,0,43,0,0,1,1,0,4,2,1,0,1,0,0000000,99,99,99,99,88,88,0,0,0,1,1
6,62456,2,2,0,0,0,4,4,77,0,31,12,2012,2,21,10,1,2,3,SR-12,,16,38.11490278,-121.554475,0,12,2,0,1,1,0,1,2,1,0,1,0,0000000,99,99,99,99,88,88,0,0,0,4,0
6,62457,2,2,0,0,0,4,4,73,3260,24,12,2012,2,18,50,1,11,1,I-15 RAMP,,101,32.83641944,-117.1200389,0,52,0,1,5,1,0,4,2,1,0,1,0,0000000,99,99,99,99,99,99,14,0,0,1,0
6,62458,1,1,0,0,0,1,1,25,0,26,12,2012,4,9,35,1,1,1,I-8,,3,32.64818056,-116.10355,0,1,0,0,1,1,0,3,1,10,0,10,0,0000000,99,99,99,99,88,88,0,0,0,1,0
6,62459,3,3,0,0,0,5,5,29,0,26,12,2012,4,16,13,1,1,1,I-5,,638,35.51273056,-119.5490806,0,54,11,0,1,1,0,1,1,10,0,10,0,0000000,99,99,99,99,99,99,14,0,0,1,1
6,62460,1,1,0,1,1,1,1,37,1980,21,12,2012,6,8,5,0,15,6,43RD ST,,0,34.00573333,-118.2592306,0,9,0,0,1,1,0,1,1,1,0,1,0,0000000,99,99,99,99,99,99,0,0,0,1,0
6,62461,1,1,0,0,0,1,1,37,0,22,12,2012,7,2,0,0,3,4,CR-SAN BERNARDINO RD,,0,34.08996111,-117.94015,0,59,0,0,1,1,0,4,3,1,0,1,0,0000000,99,99,99,99,99,99,0,0,0,1,1
6,62462,2,2,0,0,0,2,2,73,0,21,12,2012,6,13,7,0,6,4,CR-SANDIA CREEK DR,,0,33.42283889,-117.2488389,0,1,0,0,1,1,0,1,1,1,0,1,0,0000000,99,99,99,99,88,88,0,0,0,1,0
6,62463,3,3,0,0,0,5,5,79,2705,26,12,2012,4,9,0,1,12,3,SR-46,GOLDENHILL RD,313,35.64465278,-120.6580556,0,12,1,0,3,2,0,1,1,5,0,5,0,0000000,99,99,99,99,99,99,0,0,0,1,0
6,62464,3,3,0,0,0,9,9,37,1980,12,8,2012,1,18,50,1,12,3,SR-134,,114,34.14363889,-118.1875194,0,25,0,0,1,1,0,3,1,1,0,1,0,0000000,99,99,99,99,99,99,14,0,0,4,0
6,62465,1,1,0,1,1,1,1,47,2150,21,12,2012,6,18,43,0,16,6,W 23RD ST,H ST,0,37.30521111,-120.4738833,0,8,0,0,2,2,0,1,3,2,10,2,0,0000000,99,99,99,99,99,99,0,0,0,1,0
6,62466,1,1,0,1,1,1,1,113,4163,22,12,2012,7,7,7,0,13,6,W CAPITOL AVE,,0,38.57993611,-121.5357528,0,9,0,0,1,1,0,1,3,2,10,2,0,0000000,99,99,99,99,88,88,0,0,0,1,1
6,62467,1,1,0,1,1,1,1,37,2870,22,12,2012,7,17,15,0,14,6,GAREY AVE,FRANKLIN AVE,0,34.04056389,-117.7494667,0,8,0,0,3,2,0,1,3,1,0,1,0,0000000,99,99,99,99,88,88,0,0,0,1,0
6,62468,1,1,0,1,1,1,1,37,1670,31,12,2012,2,23,51,0,13,6,SANTA FE AVE,GAGE AVE,0,33.98164167,-118.2303167,0,8,0,0,3,2,0,1,3,1,0,1,0,0000000,99,99,99,99,99,99,0,0,0,1,1
6,62469,2,2,0,0,0,2,2,53,0,22,12,2012,7,20,0,0,4,4,CR-BLANCO RD,,0,36.67838056,-121.7058194,0,12,6,0,1,1,0,1,2,1,0,1,0,0000000,99,99,99,99,99,99,0,0,0,1,0
6,62470,2,2,0,0,0,9,9,37,2700,25,12,2012,3,20,1,0,14,6,MARENGO AVE,MAPLE ST,0,34.15246667,-118.146,0,12,6,0,2,2,0,1,3,10,0,10,0,0000000,99,99,99,99,99,99,20,0,0,2,1
6,62471,1,1,0,0,0,1,1,89,0,23,12,2012,1,0,1,0,3,4,CR-PLATINA RD,,0,40.48621389,-122.5623889,0,38,0,0,1,1,0,4,2,10,0,10,0,0000000,99,99,99,99,88,88,0,0,0,1,1
6,62472,1,1,0,1,1,1,1,67,712,31,12,2012,2,17,29,0,13,6,SUNRISE BLVD,,0,38.68723611,-121.2716278,0,8,0,0,1,1,0,1,3,1,0,1,0,0000000,99,99,99,99,99,99,0,0,0,1,0
6,62473,1,1,0,1,1,5,5,99,0,18,12,2012,3,18,23,1,12,3,SR-99,,134,37.61013056,-120.9776,0,8,0,0,1,1,0,1,2,1,0,1,0,0000000,99,99,99,99,88,88,0,0,0,1,1
6,62474,1,1,0,1,1,1,1,37,1980,22,8,2012,4,13,45,0,13,6,WESTERN AVE,81ST ST,0,33.96548611,-118.3090222,0,9,0,0,3,2,0,1,1,1,0,1,0,0000000,99,99,99,99,99,99,0,0,0,1,0
6,62475,1,1,0,1,1,1,1,37,1980,31,8,2012,6,15,0,0,16,6,VICTORIA AVE,54TH ST,0,33.99298056,-118.332175,0,9,0,0,3,2,0,1,1,1,0,1,0,0000000,99,99,99,99,99,99,16,0,0,1,0
6,62476,2,2,0,1,1,2,2,73,4060,31,12,2012,2,19,58,0,13,6,NORTH MELROSE DR,,0,33.20074167,-117.255525,0,8,0,0,1,1,0,1,3,1,0,1,0,0000000,99,99,99,99,99,99,0,0,0,1,0
6,62477,1,1,0,1,1,1,1,73,4060,27,12,2012,5,19,30,0,14,6,E VISTA WY,,0,33.21931667,-117.2261194,0,8,0,0,1,1,0,1,3,1,0,1,0,0000000,99,99,99,99,88,88,0,0,0,1,0
6,62478,2,2,0,0,0,3,3,37,0,26,12,2012,4,21,0,0,4,4,CR-AVE O,,0,34.6165,-117.8572111,0,12,2,0,1,1,0,1,2,1,0,1,0,0000000,99,99,99,99,99,99,0,0,0,1,0
6,62479,1,1,0,0,0,1,1,67,712,14,8,2012,3,15,40,0,16,6,GINGERBLOSSOM DR,CAMOMILE WY,0,38.705675,-121.3044722,0,41,0,0,3,3,0,5,1,1,0,1,0,0000000,99,99,99,99,99,99,0,0,0,1,0
6,62480,3,3,0,0,0,7,7,1,1560,26,12,2012,4,21,27,0,13,6,HESPERIAN BLVD,INDUSTRIAL PKWY W,0,37.61726667,-122.088325,0,12,6,0,2,2,0,1,3,1,0,1,0,0000000,99,99,99,99,88,88,14,0,0,1,0
6,62481,3,3,0,0,0,6,6,29,240,23,10,2012,3,19,30,1,12,3,SR-99,,252,35.37516944,-119.0445,0,54,11,0,1,1,0,1,3,1,0,1,0,0000000,99,99,99,99,99,99,14,0,0,1,0
6,62482,1,1,0,1,1,1,1,71,2922,12,7,2012,5,23,55,0,15,6,WILSON AVE,,0,34.15047222,-117.4922694,0,9,0,0,1,1,0,1,3,1,0,1,0,0000000,99,99,99,99,99,99,0,0,0,1,1
6,62483,1,1,0,1,1,1,1,19,1370,26,11,2012,2,10,23,0,14,6,NIELSEN AVE,,0,36.743075,-119.8208528,0,9,0,0,1,1,1,5,1,1,0,1,0,0000000,99,99,99,99,99,99,0,0,0,1,0
6,62484,1,1,0,0,0,4,4,77,0,24,8,2012,6,12,30,0,4,4,CR-MARIPOSA RD,,0,37.91284167,-121.1767778,0,24,0,0,1,1,0,4,1,1,0,1,0,0000000,99,99,99,99,99,99,0,0,0,1,0
6,62485,3,3,0,0,0,3,3,59,1410,7,11,2012,4,5,47,1,12,3,SR-22,,35,33.7713,-117.994,0,12,7,0,1,1,0,1,3,10,0,10,0,0000000,99,99,99,99,88,88,0,0,0,1,0
6,62486,2,2,0,0,0,2,2,37,1695,27,12,2012,5,8,57,1,14,6,FULLERTON RD,ARENTH AVE,0,34.00330278,-117.9041556,0,1,0,0,2,2,0,1,1,1,0,1,0,0000000,99,99,99,99,88,88,0,0,0,1,0
6,62487,1,1,0,0,0,1,1,71,1605,3,9,2012,2,3,28,0,16,6,GREENSPOT RD,SANTA ANA CANYON RD,0,34.10391667,-117.1068111,0,17,0,0,3,3,0,4,2,1,0,1,0,0000000,99,99,99,99,88,88,0,0,0,1,1
6,62488,6,6,0,0,0,9,9,37,1970,12,12,2012,4,14,20,0,14,6,WARDLOW RD,CEDAR AVE,0,33.818975,-118.1951556,0,12,1,0,3,2,0,1,1,1,0,1,0,0000000,99,99,99,99,99,99,0,0,0,1,0
6,62489,1,1,0,1,1,1,1,59,80,27,12,2012,5,15,33,0,13,6,W BALL RD,,0,33.81764167,-117.9711472,0,8,0,0,1,1,0,1,1,1,0,1,0,0000000,99,99,99,99,99,99,0,0,0,1,0
6,62490,2,2,0,0,0,2,2,73,0,12,12,2012,4,13,15,1,11,1,I-8,,278,32.8414,-116.7931306,0,12,1,0,1,1,0,1,1,1,0,1,0,0000000,99,99,99,99,99,99,0,0,0,1,0
6,62491,1,1,0,0,0,1,1,1,10,15,11,2012,5,6,45,0,13,6,CONSTITUTION WY,,0,37.78270278,-122.275275,0,33,0,0,1,1,0,4,1,1,0,1,0,0000000,99,99,99,99,88,88,0,0,0,1,0
6,62492,1,1,0,0,0,1,1,61,0,15,12,2012,7,23,30,0,6,4,CR-SYLVAN VISTA DR,,0,38.92755556,-121.0539528,0,41,0,0,1,1,0,5,2,10,0,10,0,0000000,99,99,99,99,88,88,0,0,0,1,1
6,62493,1,1,0,1,1,1,1,29,0,30,12,2012,1,3,50,0,4,4,CR-COMANCHE DR,,0,35.26668889,-118.8427667,0,8,0,0,1,1,0,1,2,10,0,10,0,0000000,99,99,99,99,88,88,0,0,0,1,0
6,62494,1,1,0,1,1,1,1,59,470,14,12,2012,6,7,45,0,13,6,MALVERN AVE,CAJON AVE,0,33.87869167,-117.9916694,0,9,0,0,3,2,0,1,1,1,0,1,0,0000000,99,99,99,99,99,99,0,0,0,1,0
6,62495,5,3,2,0,0,8,8,85,3440,18,11,2012,1,14,38,0,14,6,DUANE AVE,,0,37.38826944,-122.0094917,0,12,1,0,1,1,0,1,1,10,0,10,0,0000000,99,99,99,99,99,99,0,0,0,1,0
6,62496,1,1,0,0,0,1,1,83,0,27,12,2012,5,21,50,0,2,3,SR-166,,281,35.06091111,-120.1777694,0,1,0,0,1,1,0,4,2,1,0,1,0,0000000,99,99,99,99,88,88,0,0,0,1,1
6,62497,1,1,0,0,0,1,1,107,4050,28,12,2012,6,13,27,0,14,6,BEN MADDOX WY,,0,36.31783889,-119.2754333,0,30,0,0,1,1,0,4,1,10,0,10,0,0000000,99,99,99,99,99,99,0,0,0,1,1
6,62498,1,1,0,1,1,1,1,95,4020,20,12,2012,5,8,33,0,15,6,LOUISIANA ST,SUTTER ST,0,38.10797222,-122.2531278,0,8,0,0,3,2,0,1,1,10,0,10,0,0000000,99,99,99,99,99,99,0,0,0,1,0
6,62499,1,1,0,0,0,2,2,29,0,28,12,2012,6,0,35,0,6,4,CR-SIDDING RD,,0,35.38348611,-119.2530472,0,42,0,0,1,1,0,5,3,1,0,1,0,0000000,99,99,99,99,99,99,0,0,0,1,1
6,62500,2,2,0,0,0,4,4,31,830,28,12,2012,6,8,50,0,2,3,SR-43,ORANGE AVE,148,36.10867778,-119.5587611,0,12,6,0,2,2,0,1,1,5,0,5,0,0000000,99,99,99,99,99,99,0,0,0,1,0
6,62501,2,2,0,0,0,3,3,81,1343,13,12,2012,5,3,35,1,12,3,SR-92,,145,37.57338056,-122.262,0,12,1,0,1,1,0,1,3,1,0,1,0,0000000,99,99,99,99,0,0,0,0,0,1,0
6,62502,1,1,0,4,4,1,1,65,3070,28,12,2012,6,12,58,0,13,6,MAGNOLIA AVE,,0,33.91182778,-117.4618806,0,30,0,0,1,1,0,4,1,1,0,1,0,0000000,99,99,99,99,99,99,0,0,0,2,0
6,62503,1,1,0,1,1,2,2,13,3400,30,12,2012,1,7,57,0,13,6,SAN PABLO AVE,VALE RD,0,37.95560278,-122.3357667,0,15,0,0,3,2,0,1,1,1,0,1,0,0000000,99,99,99,99,99,99,0,0,0,1,0
6,62504,1,1,0,0,0,1,1,109,0,29,12,2012,7,16,5,0,2,3,SR-120,SHAWMUT RD,163,37.86543056,-120.4282694,0,1,0,0,3,3,0,1,1,1,0,1,0,0000000,99,99,99,99,88,88,0,0,0,1,1
6,62505,2,2,0,0,0,2,2,73,3260,29,12,2012,7,0,59,0,12,3,SR-52,,133,32.84455833,-117.026425,0,12,2,1,18,1,0,1,2,1,0,1,0,0000000,99,99,99,99,99,99,0,0,0,1,1
6,62506,3,3,0,0,0,3,3,65,3320,10,10,2012,4,7,5,0,14,6,RAMONA EXPRESSWAY,,0,33.81465,-116.9895889,0,11,0,0,1,1,0,1,1,10,0,10,0,0000000,99,99,99,99,99,99,0,0,0,1,0
6,62507,1,1,0,1,1,1,1,37,1980,11,11,2012,1,5,0,0,13,6,LANKERSHIM BLVD,,0,34.21915,-118.3878,0,8,0,0,1,1,0,1,6,1,0,1,0,0000000,99,99,99,99,99,99,0,0,0,1,0
6,62508,1,1,0,1,1,2,2,111,4027,28,12,2012,6,17,15,0,14,6,THOMPSON BLVD,PALM ST,0,34.27826667,-119.2961194,0,8,0,0,3,2,0,1,5,1,0,1,0,0000000,99,99,99,99,0,0,0,0,0,1,0
6,62509,2,2,0,1,1,2,2,73,1080,14,3,2012,4,20,8,0,14,6,E MAIN ST,,0,32.79494444,-116.944125,0,8,0,0,1,1,0,1,3,1,0,1,0,0000000,99,99,99,99,88,88,0,0,0,1,0
6,62511,1,1,0,1,1,1,1,73,1080,1,9,2012,7,12,7,0,16,6,ORLANDO AVE,,0,32.79955556,-116.9401278,0,8,0,0,1,1,0,1,1,1,0,1,0,0000000,99,99,99,99,88,88,0,0,0,1,1
6,62512,1,1,0,1,1,1,1,59,3420,27,12,2012,5,1,51,0,13,6,MACARTHUR B LVD,,0,33.70009167,-117.8686139,0,8,0,0,1,1,0,1,3,1,0,1,0,0000000,99,99,99,99,88,88,0,0,0,1,1
6,62513,2,2,0,0,0,6,6,107,0,29,12,2012,7,1,5,0,3,4,CR-AVE 416,,0,36.54491111,-119.2998889,0,12,6,0,1,1,0,1,3,1,0,1,0,0000000,99,99,99,99,99,99,0,0,0,1,0
6,62514,2,2,0,0,0,2,2,71,1603,15,9,2012,7,0,50,0,13,6,BEAR VALLEY RD,11TH AVE,0,34.47063056,-117.3211306,0,12,6,0,2,2,0,1,3,1,0,1,0,0000000,99,99,99,99,99,99,0,0,0,1,1
6,62515,1,1,0,0,0,2,2,47,0,13,9,2012,5,18,0,0,5,4,CR-BUCHANAN HOLLOW RD,,0,37.20013056,-120.3407,0,30,0,0,1,1,0,4,1,1,0,1,0,0000000,99,99,99,99,99,99,0,0,0,1,0
6,62516,2,2,0,0,0,2,2,107,4050,29,12,2012,7,18,29,0,14,6,WALNUT AVE,,0,36.31286389,-119.289125,0,12,1,0,1,1,0,1,3,1,0,1,0,0000000,99,99,99,99,99,99,0,0,0,1,0
6,62517,4,4,0,0,0,8,8,71,115,28,9,2012,6,16,19,0,13,6,BEAR VALLEY RD,,0,34.4714,-117.2148417,0,12,2,0,1,1,0,1,1,1,0,1,0,0000000,16,21,16,32,99,99,0,0,0,1,0
6,62518,3,3,0,0,0,3,3,77,0,23,10,2012,3,6,58,0,4,4,CR-MARIPOSA RD,,0,37.87191389,-121.0735833,0,12,8,0,1,1,0,1,2,10,0,10,0,0000000,99,99,99,99,88,88,0,0,0,1,0
6,62519,1,1,0,0,0,1,1,13,0,30,12,2012,1,18,25,0,2,4,CR-KIRKER PASS RD,,0,37.96518889,-121.9279306,0,1,0,0,1,1,0,4,3,1,0,1,0,0000000,99,99,99,99,88,88,0,0,0,1,1
6,62520,2,2,0,0,0,4,4,65,3070,29,12,2012,7,20,30,0,14,6,CENTRAL AVE,FAIRVIEW AVE,0,33.95341667,-117.3603722,0,33,0,0,3,3,0,3,3,10,0,10,0,0000000,99,99,99,99,99,99,0,0,0,1,0
6,62521,1,1,0,0,0,1,1,43,0,30,12,2012,1,99,99,0,2,3,SR-140,,454,37.65679444,-119.893375,0,1,0,0,1,1,0,4,2,1,10,10,0,0000000,99,99,99,99,88,88,0,0,0,1,1
6,62522,1,1,0,0,0,1,1,67,3150,31,12,2012,2,15,34,0,14,6,DEL PASO BLVD,,0,38.60163056,-121.4674694,0,10,0,0,1,1,0,1,1,1,0,1,0,9999999,99,99,99,99,99,99,0,0,0,1,0
6,62523,1,1,0,0,0,1,1,29,240,30,12,2012,1,11,48,1,12,3,SR-99,,213,35.32118611,-119.0369556,0,30,0,0,1,1,0,4,1,1,0,1,0,0000000,99,99,99,99,88,88,0,0,0,1,1
6,62524,4,4,0,0,0,8,8,65,750,28,12,2012,6,12,40,1,12,3,SR-86,,206,33.68838056,-116.1818639,0,12,1,0,1,1,0,1,1,1,0,1,0,0000000,99,99,99,99,99,99,0,0,0,1,0
6,62525,2,2,0,0,0,5,5,47,0,30,12,2012,1,10,45,1,2,3,SR-152,,37,37.10141944,-121.1232778,0,12,6,0,1,1,0,1,1,10,0,10,0,0000000,99,99,99,99,99,99,0,0,0,1,0
6,62526,1,1,0,1,1,1,1,23,0,31,12,2012,2,5,5,1,12,2,US-101,,848,40.84541111,-124.082025,0,8,0,0,1,1,0,1,2,1,0,1,0,0000000,99,99,99,99,99,99,0,0,0,1,0
6,62527,3,3,0,0,0,5,5,13,0,5,11,2012,2,13,48,0,2,4,CR-VASCO RD,,0,37.85078333,-121.6474278,0,12,6,0,1,1,0,1,1,1,0,1,0,0000000,99,99,99,99,99,99,0,0,0,1,0
6,62528,1,1,0,1,1,1,1,19,0,11,6,2012,2,23,5,0,3,3,SR-145,,53,36.34933611,-120.2027472,0,8,0,0,1,1,0,1,2,1,0,1,0,0000000,99,99,99,99,88,88,0,0,0,1,0
6,62529,1,1,0,0,0,1,1,73,3260,28,10,2012,1,2,25,1,11,1,I-5,,350,32.96256944,-117.2462611,0,1,0,0,1,1,0,4,2,1,0,1,0,0000000,99,99,99,99,88,88,0,0,0,1,0
6,62530,2,1,1,0,0,1,1,81,970,2,12,2012,1,5,0,1,11,1,I-280,,246,37.66936944,-122.46575,0,14,0,0,1,1,0,2,2,10,0,10,0,0000000,99,99,99,99,88,88,14,0,0,1,0
6,62531,2,2,0,0,0,2,2,37,1980,19,11,2012,2,2,16,1,12,3,SR-134 RAMP,,53,34.15171944,-118.2829889,0,12,1,1,5,1,0,1,3,1,0,1,0,0000000,99,99,99,99,99,99,0,0,0,1,2
6,62532,1,1,0,0,0,1,1,73,2510,3,11,2012,7,18,45,0,15,6,SHADOWRIDGE DR,OCEAN HILLS DR,0,33.16264722,-117.2574167,0,33,0,0,3,3,0,4,3,1,0,1,0,0000000,99,99,99,99,88,88,0,0,0,1,1
6,62533,1,1,0,1,1,1,1,71,2922,28,8,2012,3,18,40,0,13,6,FOOTHILL BLVD,,0,34.10670278,-117.5885667,0,9,0,0,1,1,0,1,1,1,0,1,0,0000000,99,99,99,99,99,99,0,0,0,1,1
6,62534,1,1,0,1,1,1,1,37,1970,12,12,2012,4,22,42,0,14,6,ATLANTIC AVE,BURLINGHALL DR,0,33.83433889,-118.1850639,0,8,0,0,3,3,0,1,3,2,0,2,0,0000000,99,99,99,99,99,99,0,0,0,1,0
6,62535,1,1,0,0,0,1,1,71,3000,28,12,2012,6,20,40,1,12,3,SR-210,,173,34.13551667,-117.3944167,0,35,0,0,1,1,0,4,2,1,0,1,0,0000000,99,99,99,99,88,88,0,0,0,1,0
6,62536,1,1,0,0,0,2,2,71,1603,11,11,2012,1,1,36,0,13,6,BEAR VALLEY RD,FIFTH AVE,0,34.47081111,-117.3080056,0,33,0,0,3,2,0,4,3,1,0,1,0,0000000,99,99,99,99,88,88,0,0,0,1,1
6,62537,2,2,0,0,0,4,4,71,1305,29,12,2012,7,20,14,0,13,6,RIVERSIDE AVE,,0,34.177125,-117.433425,0,12,6,0,1,1,0,1,2,2,0,2,0,0000000,99,99,99,99,99,99,0,0,0,2,0
6,62538,2,2,0,0,0,4,4,1,2480,21,4,2012,7,1,58,0,13,6,INTERNATIONAL BL,,0,37.76890556,-122.2075472,0,12,2,0,1,1,0,1,3,1,0,1,0,0000000,99,99,99,99,99,99,0,0,0,1,1
6,62539,2,2,0,0,0,9,9,17,0,24,11,2012,7,18,5,1,2,2,US-50,,222,38.73828056,-120.7305389,0,12,2,0,1,1,0,1,2,1,0,1,0,0000000,99,99,99,99,99,99,0,0,0,4,0
6,62540,3,3,0,0,0,4,4,13,3010,4,8,2012,7,12,7,0,13,6,CUTTING BLVD,HARBOR WY,0,37.9252,-122.3600611,0,12,6,0,2,2,0,1,1,10,0,10,0,0000000,99,99,99,99,88,88,0,0,0,1,0