STATE,ST_CASE,VE_TOTAL,VE_FORMS,PVH_INVL,PEDS,PERNOTMVIT,PERMVIT,PERSONS,COUNTY,CITY,DAY,MONTH,YEAR,DAY_WEEK,HOUR,MINUTE,NHS,ROAD_FNC,ROUTE,TWAY_ID,TWAY_ID2,MILEPT,LATITUDE,LONGITUD,SP_JUR,HARM_EV,MAN_COLL,RELJCT1,RELJCT2,TYP_INT,WRK_ZONE,REL_ROAD,LGT_COND,WEATHER1,WEATHER2,WEATHER,SCH_BUS,RAIL,NOT_HOUR,NOT_MIN,ARR_HOUR,ARR_MIN,HOSP_HR,HOSP_MN,CF1,CF2,CF3,FATALS,DRUNK_DR
6,62541,1,1,0,1,1,1,1,19,1370,11,7,2012,4,2,7,1,12,3,SR-99,,247,36.7757,-119.8418,0,8,0,0,1,1,1,4,2,1,0,1,0,0000000,99,99,99,99,88,88,0,0,0,1,1
6,62542,3,3,0,0,0,3,3,71,3210,1,8,2012,4,17,4,1,12,3,SR-210,,255,34.14338889,-117.25685,0,12,1,0,1,1,0,1,1,1,0,1,0,0000000,99,99,99,99,88,88,19,0,0,1,0
6,62543,1,1,0,0,0,2,2,1,2480,17,8,2012,6,1,55,0,14,6,7TH ST,,0,37.8088,-122.3111222,0,42,0,0,1,1,0,3,3,1,0,1,0,0000000,99,99,99,99,99,99,20,0,0,1,0
6,62544,3,3,0,0,0,3,3,37,1980,29,11,2012,5,4,26,1,12,3,SR-134,,17,34.15413889,-118.3458694,0,12,1,0,1,1,0,1,3,10,2,2,0,0000000,99,99,99,99,88,88,19,0,0,1,0
6,62545,1,1,0,0,0,1,1,65,2327,27,12,2012,5,5,20,0,15,6,ADAMS AVE,,0,33.56204167,-117.217275,0,42,0,0,1,1,0,4,2,10,0,10,0,0000000,99,99,99,99,99,99,0,0,0,1,0
6,62546,4,4,0,1,1,5,5,61,3110,14,8,2012,3,20,3,0,14,6,WASHINGTON BL,MAIN ST,0,38.75195556,-121.2875194,0,30,0,0,3,2,0,10,3,1,0,1,0,0000000,99,99,99,99,99,99,20,0,0,1,1
6,62547,1,1,0,0,0,4,4,75,3290,6,7,2012,6,19,58,0,15,6,GRIFFITH ST,THOMAS AVE,0,37.72512222,-122.3820444,0,33,0,0,3,3,0,4,5,1,0,1,0,0000000,99,99,99,99,88,88,0,0,0,1,1
6,62548,1,1,0,0,0,5,5,75,3290,31,3,2012,7,1,10,0,13,6,EMBARCADERO SOUTH ST,FOLSOM ST,0,37.79072222,-122.3902028,0,42,0,0,1,1,0,5,3,1,0,1,0,0000000,99,99,99,99,99,99,0,0,0,1,1
6,62549,2,2,0,0,0,3,3,75,3290,29,10,2012,2,12,3,0,14,6,STANYON ST,,0,37.75702778,-122.44175,0,12,1,0,8,1,0,1,1,98,0,98,0,0000000,99,99,99,99,88,88,0,0,0,1,0
6,62550,2,2,0,0,0,3,3,77,3770,4,7,2012,4,21,10,0,13,6,MLK BLVD,,0,37.95061389,-121.2452833,0,12,6,0,1,1,0,1,2,1,0,1,0,0000000,99,99,99,99,99,99,0,0,0,1,1
6,62551,1,1,0,1,1,1,1,75,3290,5,4,2012,5,18,17,0,13,6,MISSION ST,ITALY AVE,0,37.71840556,-122.4395833,0,8,0,0,3,2,0,1,1,1,0,1,0,0000000,99,99,99,99,99,99,0,0,0,1,0
6,62552,1,1,0,1,1,1,1,75,3290,10,12,2012,2,14,30,0,14,6,BEALE ST,,0,37.79239167,-122.3972472,0,8,0,0,1,1,0,1,1,1,0,1,0,0000000,99,99,99,99,88,88,0,0,0,1,0
6,62553,3,3,0,0,0,3,3,75,3290,21,7,2012,7,9,0,0,13,6,CESAR CHAVEZ ST,,0,37.74990278,-122.3938028,0,12,7,0,1,1,0,1,1,1,0,1,0,0000000,99,99,99,99,88,88,0,0,0,1,1
6,62554,2,1,1,1,4,1,4,81,0,14,12,2012,6,15,10,1,1,1,I-280,,71,37.473125,-122.2963861,0,8,0,0,1,1,0,4,1,10,0,10,0,0000000,99,99,99,99,99,99,23,0,0,3,0
6,62555,1,1,0,1,1,1,1,75,3290,22,4,2012,1,17,51,0,15,6,WINSTON DR,20TH AVE,0,37.72693056,-122.4760528,0,8,0,0,3,2,0,1,1,1,0,1,0,0000000,99,99,99,99,99,99,0,0,0,1,0
6,62556,3,2,1,1,1,3,3,75,3290,11,8,2012,7,18,52,0,14,6,LARKIN ST,EDDY ST,0,37.78330278,-122.4175194,0,12,6,0,2,2,0,1,1,1,0,1,0,0000000,99,99,99,99,99,99,0,0,0,1,0
6,62557,1,1,0,3,3,4,4,75,3290,20,12,2012,5,20,50,0,16,6,TWIN PEAKS BLVD,,0,37.75386111,-122.4469722,0,8,0,0,1,1,0,4,2,1,0,1,0,0000000,99,99,99,99,99,99,0,0,0,1,1
6,62558,3,1,2,1,1,1,1,75,3290,6,5,2012,1,17,20,0,13,6,MASONIC AVE,,0,37.78410278,-122.447375,0,8,0,0,1,1,0,1,1,1,0,1,0,0000000,99,99,99,99,99,99,14,0,0,1,0
6,62559,1,1,0,1,1,1,1,75,3290,17,5,2012,5,12,55,0,14,6,13TH ST,FOLSOM ST,0,37.76952778,-122.4154972,0,8,0,0,3,2,0,1,1,1,0,1,0,0000000,99,99,99,99,99,99,0,0,0,1,0
6,62560,1,1,0,0,0,1,1,85,2660,3,9,2012,2,8,4,0,14,6,MIDDLEFIELD RD,,0,37.41528333,-122.1014639,0,42,0,0,1,1,0,4,1,1,0,1,0,0000000,99,99,99,99,88,88,0,0,0,1,0
6,62561,2,2,0,0,0,2,2,85,3340,24,12,2012,2,14,8,0,14,6,HELLYER AVE,SILVER CREEK VLY RD,0,37.26029722,-121.7836528,0,12,6,0,2,2,0,1,1,1,0,1,0,0000000,99,99,99,99,99,99,0,0,0,1,0
6,62562,4,2,2,0,0,3,3,75,3290,12,8,2012,1,18,59,0,16,6,THORNTON AVE,VENUS ST,0,37.73143889,-122.3977278,0,12,6,0,2,2,0,1,1,1,0,1,0,0000000,99,99,99,99,99,99,14,0,0,1,0
6,62563,2,2,0,0,0,4,4,75,3290,10,6,2012,1,18,41,0,13,6,FULTON ST,30TH AVE,0,37.77228889,-122.4895611,0,12,6,0,2,2,0,1,1,1,0,1,0,0000000,99,99,99,99,99,99,0,0,0,1,1
6,62564,1,1,0,1,1,1,1,19,1370,26,12,2012,4,99,99,0,14,6,MCKINLEY AVE,,0,36.76459167,-119.8659833,0,8,0,0,1,1,0,1,2,10,2,2,0,0000000,99,99,99,99,88,88,0,0,0,1,0
6,62565,2,2,0,0,0,3,3,37,602,3,9,2012,2,18,38,0,15,6,WATSONCENTER RD,BONITA ST,0,33.82014167,-118.2590583,0,12,6,0,2,3,0,1,1,1,0,1,0,0000000,99,99,99,99,99,99,0,0,0,1,0
6,62566,1,1,0,0,0,2,2,39,0,27,11,2012,3,20,45,0,6,4,CR-DOUGLAS RANGER STN RD,,0,37.24728889,-119.4886306,0,1,0,0,1,1,0,4,2,1,0,1,0,0000000,99,99,99,99,88,88,0,0,0,1,1
6,62567,1,1,0,0,0,1,1,75,3290,1,9,2012,7,21,49,0,13,6,KEZAR DR.,,0,37.76817222,-122.4554694,0,33,0,0,1,1,0,3,3,10,0,10,0,0000000,99,99,99,99,88,88,0,0,0,1,1
6,62568,2,2,0,0,0,5,5,11,4200,22,12,2012,7,18,30,1,2,3,SR-20,,232,39.16753056,-122.1479528,0,12,6,0,1,1,0,1,2,10,0,10,0,0000000,99,99,99,99,99,99,0,0,0,1,0
6,62569,2,2,0,1,1,5,5,65,1690,26,1,2012,5,19,59,0,13,6,INDIO BLVD,,0,33.72546111,-116.2251083,0,8,0,0,1,1,0,1,3,1,0,1,0,0000000,99,99,99,99,99,99,0,0,0,1,0
6,62570,1,1,0,0,0,3,3,115,0,21,11,2012,4,20,35,0,12,3,SR-65,,92,39.09138056,-121.5408611,0,43,0,1,18,1,0,4,3,1,0,1,0,0000000,99,99,99,99,99,99,0,0,0,1,0
6,62571,2,2,0,0,0,2,2,115,0,6,9,2012,5,7,31,0,2,3,SR-65,,3,39.00580278,-121.41635,0,12,2,0,1,1,0,1,1,1,0,1,0,0000000,99,99,99,99,99,99,0,0,0,1,0
6,62572,6,2,4,2,2,4,4,85,3340,17,5,2012,5,21,27,0,16,6,S 33RD ST,,0,37.35066944,-121.8586972,0,58,0,0,1,1,0,4,3,1,0,1,0,0000000,99,99,99,99,99,99,20,0,0,1,0
6,62573,1,1,0,1,1,1,1,85,3340,5,12,2012,4,17,45,0,14,6,S WHITE ST,,0,37.32377778,-121.7966111,0,8,0,0,1,1,0,1,3,2,10,2,0,0000000,99,99,99,99,99,99,0,0,0,1,0
6,62574,1,1,0,2,2,4,4,75,3290,8,12,2012,7,9,40,0,14,6,VISITACION AVE,CORA ST,0,37.71168611,-122.4087917,0,8,0,0,3,2,0,1,1,1,0,1,0,0000000,99,99,99,99,99,99,0,0,0,1,0
6,62575,1,1,0,1,1,2,2,29,240,22,11,2012,5,18,45,0,14,6,E BRUDAGE LN,,0,35.35405278,-118.9709417,0,8,0,0,1,1,0,1,3,1,0,1,0,0000000,99,99,99,99,99,99,0,0,0,1,0
6,62576,1,1,0,1,1,1,1,37,3870,24,11,2012,7,23,20,0,13,6,TORRANCE BLVD,MADRID AVE,0,33.83639167,-118.3251528,0,8,0,0,3,2,0,1,3,1,0,1,0,0000000,99,99,99,99,99,99,0,0,0,1,1
6,62577,2,2,0,0,0,2,2,37,1670,17,2,2012,6,10,53,0,13,6,FLORENCE AVE,BISSELL ST,0,33.97211111,-118.205175,0,12,1,0,3,3,0,1,1,1,0,1,0,0000000,99,99,99,99,88,88,0,0,0,1,0
6,62578,2,2,0,0,0,2,2,13,0,26,12,2012,4,12,5,0,2,4,CR-SAN PABLO DAM RD,,0,37.94209444,-122.2646306,0,12,2,0,1,1,0,1,1,1,0,1,0,0000000,99,99,99,99,99,99,0,0,0,1,0
6,62579,2,2,0,0,0,4,4,115,0,7,2,2012,3,17,40,1,2,3,SR-20,,212,39.215,-121.3257,0,12,6,0,1,1,0,1,2,2,10,2,0,0000000,99,99,99,99,99,99,0,0,0,1,0
6,62580,1,1,0,1,1,1,1,85,3340,26,2,2012,1,22,45,0,13,6,HAMILTON AVE,BASCOM AVE,0,37.29433333,-121.9318194,0,8,0,0,2,2,0,1,3,1,0,1,0,0000000,99,99,99,99,99,99,0,0,0,1,0
6,62581,1,1,0,0,0,1,1,65,612,12,9,2012,4,99,99,0,13,6,E PALM CANYON DR,,0,33.77796389,-116.4581194,0,42,0,0,1,1,0,3,3,1,0,1,0,0000000,99,99,99,99,99,99,0,0,0,1,0
6,62582,2,2,0,0,0,3,3,67,1108,17,7,2012,3,11,57,0,14,6,BRADSHAW RD,RIDGEROCK DR,0,38.40334444,-121.3346694,0,12,2,0,3,3,0,1,1,1,0,1,0,0000000,99,99,99,99,99,99,0,0,0,1,1
6,62583,1,1,0,1,1,1,1,37,1550,6,10,2012,7,6,34,0,13,6,CRENSHAW BLVD,,0,33.91346389,-118.3265417,0,8,0,0,1,1,0,1,4,10,0,10,0,0000000,99,99,99,99,99,99,0,0,0,1,0
6,62584,3,3,0,0,0,3,3,85,3340,3,1,2012,3,7,29,0,14,6,CURTNER AVE,DUMBARTON AVE,0,37.27820556,-121.9162667,0,12,6,0,2,3,0,1,1,5,0,5,0,0000000,99,99,99,99,99,99,0,0,0,1,0
6,62585,2,2,0,0,0,4,4,59,1842,15,9,2012,7,2,40,1,12,3,SR-91,,3,33.86026667,-118.0371139,0,12,7,0,1,1,0,1,2,1,0,1,0,0000000,99,99,99,99,99,99,0,0,0,1,1
6,62586,1,1,0,0,0,1,1,83,3430,19,1,2012,5,6,10,0,13,6,LAS POSITAS,,0,34.41202778,-119.7403639,0,42,0,0,1,1,0,98,2,1,0,1,0,0000000,99,99,99,99,88,88,0,0,0,1,0
6,62587,1,1,0,0,0,4,4,65,0,22,1,2012,1,2,55,0,6,4,CR-BOREL RD,,0,33.57155,-117.0754389,0,1,0,0,1,1,0,98,2,98,0,98,0,0000000,99,99,99,99,99,99,0,0,0,1,1
6,62588,1,1,0,0,0,1,1,79,0,25,8,2012,7,4,30,0,4,4,CR-ONTARIO RD,,0,35.21689722,-120.6960083,0,11,0,0,1,1,0,1,2,10,0,10,0,0000000,99,99,99,99,99,99,0,0,0,1,0
6,62589,2,2,0,0,0,2,2,75,3290,18,8,2012,7,7,50,0,13,6,VAN NESS AVE,POST ST,0,37.7866,-122.4216806,0,12,6,0,2,2,0,1,1,1,0,1,0,0000000,99,99,99,99,99,99,0,0,0,1,0
6,62590,1,1,0,1,1,1,1,85,3340,10,2,2012,6,20,34,0,13,6,MERIDIAN AVE,,0,37.32173889,-121.9137361,0,8,0,0,1,1,0,1,3,1,0,1,0,0000000,99,99,99,99,88,88,0,0,0,1,0
6,62591,1,1,0,1,1,1,1,37,930,12,11,2012,2,21,25,0,13,6,OVERLAND AVE,BARMAN AVE,0,34.01211111,-118.4008528,0,8,0,0,3,3,0,1,3,1,0,1,0,0000000,99,99,99,99,99,99,0,0,0,1,0
6,62592,2,2,0,0,0,2,2,65,850,21,6,2012,5,18,25,0,15,6,VICTORIA AVE,W FIFTH ST,0,33.87616667,-117.5637417,0,12,6,0,2,2,0,1,1,1,0,1,0,0000000,99,99,99,99,99,98,0,0,0,1,0
6,62593,1,1,0,1,1,2,2,85,3340,11,2,2012,7,6,47,0,13,6,OAKLAND RD,ROCK AVE,0,37.39366944,-121.9015556,0,8,0,0,2,2,0,1,4,10,0,10,0,0000000,99,99,99,99,99,99,0,0,0,1,0
6,62594,3,3,0,0,0,4,4,65,0,7,12,2012,6,16,45,0,13,3,SR-74,SPRING ST,268,33.744425,-117.2796333,0,12,6,0,2,3,0,1,5,1,0,1,0,0000000,99,99,99,99,99,99,0,0,0,1,1
6,62595,2,1,1,0,0,1,1,113,4258,13,2,2012,2,16,8,0,15,6,COLLEGE ST,,0,38.65981944,-121.7743,0,42,0,0,1,1,0,5,1,1,0,1,0,0000000,99,99,99,99,88,88,0,0,0,1,1
6,62596,1,1,0,0,0,1,1,99,2390,18,2,2012,7,16,13,0,15,6,N ST,KERN ST,0,37.31746667,-121.0220556,0,38,0,0,3,2,0,4,1,1,0,1,0,0000000,99,99,99,99,88,88,0,0,0,1,0
6,62597,1,1,0,0,0,1,1,85,3340,19,2,2012,1,18,36,0,13,6,CAMDEN AVE,,0,37.26588056,-121.9408083,0,30,0,0,1,1,0,4,3,1,0,1,0,0000000,99,99,99,99,88,88,0,0,0,1,0
6,62598,1,1,0,0,0,1,1,71,0,9,6,2012,7,15,50,1,11,1,I-15,,735,34.7581,-117.1601889,0,1,0,0,1,1,0,4,1,1,0,1,0,0000000,99,99,99,99,88,88,0,0,0,1,0
6,62599,1,1,0,1,1,1,1,37,1980,2,12,2012,1,2,15,0,14,6,RESEDA BLVD,BESSEMER STREET,0,34.18101389,-118.5360833,0,8,0,0,3,2,0,1,3,2,0,2,0,0000000,99,99,99,99,99,99,0,0,0,1,0
6,62600,1,1,0,0,0,3,3,65,2116,19,6,2012,3,12,9,1,11,1,I-215,,208,33.71081667,-117.187675,0,1,0,0,1,1,0,5,1,1,0,1,0,0000000,99,99,99,99,99,99,0,0,0,2,0
6,62601,2,2,0,0,0,4,4,111,2620,16,12,2012,1,1,1,0,13,6,VICTORIA AVE,,0,34.20886111,-119.2208611,0,12,1,0,1,1,0,1,3,1,0,1,0,0000000,99,99,99,99,88,88,0,0,0,1,1
6,62602,1,1,0,1,1,1,1,75,3290,9,9,2012,1,5,3,0,13,6,MISSION ST,,0,37.77789722,-122.4126333,0,8,0,0,1,1,0,1,3,1,0,1,0,0000000,99,99,99,99,99,99,0,0,0,1,0
6,62604,2,2,0,0,0,8,8,29,0,19,2,2012,1,21,46,1,12,3,SR-14,,30,34.86356944,-118.1715694,0,12,1,0,1,1,0,1,3,1,0,1,0,0000000,99,99,99,99,99,99,0,0,0,1,0
6,62605,1,1,0,1,1,4,4,29,240,18,9,2012,3,6,10,0,14,6,DR MLK BL,,0,35.358025,-118.98525,0,8,0,0,1,1,0,1,3,1,0,1,0,0000000,99,99,99,99,88,88,0,0,0,1,0
6,62606,3,3,0,0,0,3,3,19,1370,9,7,2012,2,13,46,0,13,6,CEDAR AVE,ROBERTS AVE,0,36.82043056,-119.7542028,0,12,6,0,2,3,0,1,1,1,0,1,0,0000000,99,99,99,99,99,99,0,0,0,1,0
6,62607,1,1,0,1,1,1,1,65,3070,24,2,2012,6,12,29,0,13,6,ARLINGTON AVE,,0,33.94669444,-117.5048139,0,8,0,0,1,1,0,2,1,1,0,1,0,0000000,99,99,99,99,99,99,0,0,0,1,0
6,62608,1,1,0,1,1,1,1,113,4163,4,9,2012,3,20,27,0,13,6,WEST CAPITOL AVE,,0,38.57884444,-121.5554083,0,8,0,0,1,1,0,1,2,1,0,1,0,0000000,99,99,99,99,99,99,0,0,0,1,0
6,62609,2,2,0,0,0,2,2,89,0,21,9,2012,6,23,13,0,13,6,GAS POINT RD,,0,40.38933889,-122.2870111,0,12,2,0,1,1,0,1,3,1,0,1,0,0000000,99,99,99,99,88,88,20,0,0,1,1
6,62610,1,1,0,1,1,1,1,75,3290,25,3,2012,1,20,42,0,13,6,LOMBARD ST,,0,37.80124167,-122.4252556,0,8,0,0,1,1,0,1,3,1,0,1,0,0000000,99,99,99,99,88,88,0,0,0,1,0
6,62611,2,2,0,0,0,2,2,111,2620,22,10,2012,2,15,57,0,13,6,PLEASANT VALLEY RD,OLDS RD,0,34.16191389,-119.1514806,0,12,6,0,2,2,0,1,1,1,0,1,1,0000000,99,99,99,99,88,88,0,0,0,1,0
6,62612,1,1,0,0,0,2,2,79,0,18,4,2012,4,2,14,0,2,3,SR-1,,211,35.36283889,-120.8128389,0,43,0,0,1,1,0,98,2,10,0,10,0,0000000,99,99,99,99,99,99,0,0,0,1,0
6,62613,1,1,0,1,1,1,1,75,3290,30,6,2012,7,0,31,1,11,1,I-280 RAMP,GENEVA AVE,17,37.72121389,-122.4477667,0,8,0,1,5,1,0,1,3,5,0,5,0,0000000,99,99,99,99,99,99,0,0,0,1,0
6,62614,1,1,0,1,1,1,1,83,3430,7,5,2012,2,20,50,0,13,6,CABRILLO BLVD,GARDEN ST,0,34.41410278,-119.6870389,0,9,0,0,3,2,0,1,3,1,0,1,0,0000000,99,99,99,99,99,99,0,0,0,1,0
6,62615,1,1,0,0,0,2,2,65,850,24,12,2012,2,17,29,0,13,6,GREEN RIVER RD,,0,33.88098333,-117.6426667,0,33,0,0,1,1,0,3,3,2,0,2,0,0000000,99,99,99,99,99,99,0,0,0,1,0
6,62616,2,2,0,0,0,4,4,37,1970,14,5,2012,2,9,11,0,13,6,PACIFIC COAST HIGHWAY,MARTIN LUTHER KING JR AVE,0,33.78985,-118.180675,0,12,6,0,2,2,0,1,1,1,0,1,0,0000000,99,99,99,99,99,99,0,0,0,1,0
6,62617,1,1,0,1,1,2,2,29,240,2,9,2012,1,20,47,0,13,6,CHESTER AVE,3RD ST,0,35.35885556,-119.0189111,0,8,0,0,3,3,0,1,3,1,0,1,0,0000000,99,99,99,99,88,88,0,0,0,1,0
6,62618,1,1,0,0,0,1,1,113,0,11,11,2012,1,18,10,0,5,4,CR-89,,0,38.57453056,-121.9713389,0,35,0,0,1,1,0,4,2,1,0,1,0,0000000,99,99,99,99,88,88,0,0,0,1,1
6,62619,2,2,0,0,0,3,3,75,3290,4,7,2012,4,19,59,0,13,6,PARK PRESIDIO BYPASS,,0,37.77274722,-122.471825,0,12,7,0,1,1,0,1,1,1,0,1,0,0000000,99,99,99,99,99,99,0,0,0,1,1
6,62620,1,1,0,1,1,1,1,75,3290,29,5,2012,3,14,31,0,13,6,FRANKLIN ST,OAK ST,0,37.77520833,-122.4209472,0,9,0,0,2,2,0,1,1,1,0,1,0,0000000,99,99,99,99,99,99,0,0,0,1,0
6,62621,1,1,0,1,1,4,4,75,3290,7,6,2012,5,23,39,0,13,6,VAN NESS AVE,VALLEJO ST,0,37.79665556,-122.4236889,0,8,0,0,3,2,0,1,3,1,0,1,0,0000000,99,99,99,99,99,99,0,0,0,1,1
6,62622,1,1,0,0,0,1,1,71,2350,27,8,2012,2,20,17,1,2,2,US-95,,572,34.77029444,-114.5961056,0,1,0,0,1,1,0,4,2,1,0,1,0,0000000,99,99,99,99,88,88,0,0,0,1,1
6,62623,3,3,0,0,0,6,6,65,1690,25,12,2012,3,1,46,0,2,3,SR-111,INDIO BL,634,33.71508889,-116.2070278,0,12,6,0,2,3,0,1,3,1,0,1,0,0000000,99,99,99,99,99,99,0,0,0,1,1
6,62624,2,2,0,0,0,2,2,29,240,12,7,2012,5,3,14,0,16,6,HARRIS RD,OLD RIVER RD,0,35.30345556,-119.1100194,0,12,6,0,2,2,1,1,3,1,0,1,0,0000000,99,99,99,99,88,88,0,0,0,1,0
6,62625,3,3,0,0,0,5,5,37,2054,27,10,2012,7,8,0,0,13,3,SR-1,,442,34.03708611,-118.6375639,0,12,2,0,1,1,0,1,1,1,0,1,0,0000000,99,99,99,99,99,99,0,0,0,1,1
6,62626,2,2,0,0,0,2,2,65,3320,18,9,2012,3,22,40,0,14,6,STATE ST,ESPLANADE AVE,0,33.77293056,-116.9718667,0,12,6,0,2,2,0,1,3,1,0,1,0,0000000,99,99,99,99,99,99,0,0,0,1,1
6,62627,1,1,0,1,1,2,2,75,3290,21,9,2012,6,0,39,0,14,6,BAYSHORE BL,POTRERO AVE,0,37.74858056,-122.404325,0,8,0,1,2,4,0,1,2,1,0,1,0,0000000,99,99,99,99,88,88,0,0,0,1,1
6,62628,2,2,0,0,0,3,3,29,240,31,7,2012,3,20,35,0,13,6,CHESTER AVE,1ST ST,0,35.35508056,-119.0189222,0,12,6,0,2,2,0,1,5,1,0,1,0,0000000,99,99,99,99,99,99,0,0,0,1,1
6,62629,2,2,0,0,0,2,2,75,3290,9,10,2012,3,18,9,0,16,6,GARFIELD ST,BYXBEE ST,0,37.71963611,-122.4698556,0,12,6,0,2,2,0,1,3,1,0,1,0,0000000,99,99,99,99,88,88,0,0,0,1,0
6,62630,1,1,0,0,0,1,1,13,2583,2,8,2012,5,1,36,1,12,3,SR-24,,23,37.88170833,-122.1817694,0,7,0,0,1,1,0,1,3,1,0,1,0,0000000,99,99,99,99,88,88,0,0,0,1,1
6,62631,2,1,1,1,1,1,1,71,680,10,9,2012,2,12,35,1,12,3,SR-60,,36,34.03030833,-117.6680778,0,8,0,0,1,1,0,2,1,1,0,1,0,0000000,99,99,99,99,88,88,23,0,0,1,0
6,62632,2,2,0,0,0,3,3,71,0,25,10,2012,5,5,40,1,2,3,SR-58,,263,34.92177778,-117.2222361,0,12,8,0,1,1,0,1,4,1,0,1,0,0000000,99,99,99,99,99,99,0,0,0,1,0
6,62633,1,1,0,0,0,1,1,89,0,19,11,2012,2,16,19,0,14,4,CR-DESCHUTES RD,,0,40.49244167,-122.2387556,0,42,0,0,1,1,0,4,1,10,0,10,0,0000000,99,99,99,99,88,88,0,0,0,1,0
6,62634,1,1,0,0,0,1,1,65,0,28,11,2012,4,15,36,0,4,4,CR-DE PORTOLO RD,,0,33.53038056,-117.0145611,0,1,0,0,1,1,0,4,1,1,0,1,0,0000000,99,99,99,99,99,99,0,0,0,1,0
6,62636,1,1,0,2,2,1,1,67,1300,25,5,2012,6,14,33,0,14,6,NATOMA ST,,0,38.68063333,-121.16495,0,9,0,0,8,1,0,1,1,1,0,1,0,0000000,99,99,99,99,99,99,0,0,0,1,0
6,62638,2,2,0,0,0,4,4,65,1846,9,9,2012,1,22,38,0,14,6,AVE 50,,0,33.68546667,-116.2798444,0,12,6,0,1,1,0,1,2,10,0,10,0,0000000,99,99,22,45,99,99,0,0,0,1,1
6,62639,1,1,0,1,1,1,1,65,9997,6,9,2012,5,20,37,0,13,6,MARKET ST,,0,34.00884722,-117.3816417,0,8,0,0,1,1,0,1,2,1,0,1,0,0000000,99,99,99,99,88,88,0,0,0,1,0
6,62640,2,1,1,1,2,6,7,85,2660,23,11,2012,6,6,49,1,12,2,US-101,,520,37.44710833,-122.1209417,0,14,0,0,1,1,0,2,1,1,0,1,0,0000000,99,99,99,99,99,99,15,23,0,2,0
6,62641,1,1,0,0,0,1,1,1,2480,5,8,2012,1,3,45,0,13,6,MACARTHUR BL,84TH AVE,0,37.76155556,-122.1638694,0,33,0,0,1,1,0,3,3,10,0,10,0,0000000,99,99,99,99,99,99,0,0,0,1,1
6,62642,1,1,0,1,1,0,0,13,110,28,12,2012,6,14,2,0,14,6,WILBUR AVE,,0,38.01236111,-121.7929111,0,8,0,0,8,1,0,1,1,10,0,10,0,0000000,99,99,99,99,88,88,23,0,0,1,0
6,62643,1,1,0,0,0,1,1,71,4290,25,3,2012,1,3,8,1,11,1,I-10,,389,34.00958056,-117.0683194,0,1,0,0,1,1,0,3,2,1,0,1,0,0000000,99,99,99,99,88,88,20,0,0,1,1
6,62644,1,1,0,1,1,1,1,1,2480,25,9,2012,3,11,40,0,14,6,LAKESIDE DR,JACKSON ST,0,37.80601389,-122.2627083,0,8,0,0,2,3,0,1,1,1,0,1,0,0000000,99,99,99,99,99,99,0,0,0,1,0
6,62645,1,1,0,1,1,1,1,71,2922,2,10,2012,3,19,18,0,15,6,HELLMAN AVE,,0,34.10498333,-117.6022806,0,8,0,0,1,1,0,1,3,1,0,1,0,0000000,99,99,99,99,99,99,0,0,0,1,0
6,62646,1,1,0,1,1,1,1,65,3070,13,5,2012,1,7,49,0,15,6,MADISON ST,EMERALD ST,0,33.93095556,-117.4008917,0,8,0,0,3,2,0,1,1,1,0,1,0,0000000,99,99,99,99,99,99,0,0,0,1,0
6,62647,2,1,1,1,1,1,1,71,1603,5,10,2012,6,19,56,0,14,6,SUMMIT VLY RD,,0,34.37993333,-117.3117306,0,14,0,0,1,1,0,2,2,1,0,1,0,0000000,99,99,99,99,88,88,23,0,0,1,0
6,62648,1,1,0,1,1,1,1,65,9997,4,12,2012,3,19,31,0,13,6,LIMONITE AVE,,0,33.99356389,-117.4221972,0,9,0,0,1,1,0,1,2,1,0,1,0,0000000,99,99,99,99,99,99,0,0,0,1,0
6,62649,2,2,0,0,0,2,2,37,1700,9,12,2012,1,12,19,0,13,6,LA CIENEGA BL,INDUSTRIAL AVE,0,33.96848056,-118.3701667,0,12,6,0,2,2,0,1,1,1,0,1,0,0000000,99,99,99,99,99,99,0,0,0,1,0
6,62650,1,1,0,2,2,1,1,1,2480,17,12,2012,2,18,40,0,14,6,GRAND AVE,BELLEVUE AVE,0,37.80980833,-122.2594056,0,8,0,0,2,2,0,1,3,1,0,1,0,0000000,99,99,99,99,99,99,0,0,0,1,0
6,62651,1,1,0,1,1,1,1,59,1974,11,12,2012,3,0,42,0,13,6,KATELLA AVE,REAGAN ST,0,33.80308889,-118.0693361,0,8,0,0,2,2,0,1,3,10,0,10,0,0000000,99,99,99,99,99,99,0,0,0,1,0
6,62652,2,2,0,0,0,2,2,37,720,19,12,2012,4,2,41,0,12,3,SR-210,,500,34.120125,-117.729,0,12,1,0,1,1,0,1,2,1,0,1,0,0000000,99,99,99,99,99,99,23,0,0,1,1
6,62653,1,1,0,2,2,1,1,71,0,9,10,2012,3,21,25,0,14,4,CR-HIGHLAND AVE,,0,34.13612778,-117.3318444,0,8,0,0,1,1,0,1,3,10,0,10,0,0000000,99,99,99,99,99,99,0,0,0,1,0
6,62654,1,1,0,1,1,1,1,37,1700,8,10,2012,2,1,28,0,16,6,107TH ST,,0,33.93879722,-118.3415306,0,9,0,0,8,1,0,1,3,1,0,1,0,0000000,99,99,99,99,99,99,16,20,0,1,0