STATE,ST_CASE,VE_TOTAL,VE_FORMS,PVH_INVL,PEDS,PERNOTMVIT,PERMVIT,PERSONS,COUNTY,CITY,DAY,MONTH,YEAR,DAY_WEEK,HOUR,MINUTE,NHS,ROAD_FNC,ROUTE,TWAY_ID,TWAY_ID2,MILEPT,LATITUDE,LONGITUD,SP_JUR,HARM_EV,MAN_COLL,RELJCT1,RELJCT2,TYP_INT,WRK_ZONE,REL_ROAD,LGT_COND,WEATHER1,WEATHER2,WEATHER,SCH_BUS,RAIL,NOT_HOUR,NOT_MIN,ARR_HOUR,ARR_MIN,HOSP_HR,HOSP_MN,CF1,CF2,CF3,FATALS,DRUNK_DR
6,62655,3,3,0,0,0,4,4,71,1603,17,12,2012,2,16,33,0,13,6,MAIN ST,ROCK SPRINGS RD,0,34.41313611,-117.2546722,0,12,8,0,2,3,0,1,5,10,0,10,0,0000000,99,99,99,99,99,99,0,0,0,2,1
6,62656,3,3,0,0,0,3,3,73,0,19,12,2012,4,18,33,1,1,1,I-115,,408,33.25265,-117.1560528,0,25,0,0,1,1,0,4,2,1,0,1,0,0000000,99,99,99,99,99,99,0,0,0,1,0
6,62657,1,1,0,1,1,2,2,65,9997,19,12,2012,4,19,4,0,14,6,MISSION BL,OPAL ST,0,34.00603889,-117.4248111,0,8,0,0,2,4,0,1,3,1,0,1,0,0000000,99,99,99,99,88,88,0,0,0,1,0
6,62658,1,1,0,1,1,1,1,85,537,22,12,2012,7,99,99,0,13,6,SAN TOMAS EXPY,,0,37.28216111,-121.9596111,0,8,0,0,1,1,0,2,2,10,2,2,0,0000000,99,99,99,99,88,88,0,0,0,1,0
6,62659,1,1,0,1,1,1,1,71,0,4,11,2012,1,21,15,0,14,4,CR-CEDAR AVE,,0,34.05406944,-117.3964139,0,8,0,0,1,1,0,1,3,1,0,1,0,0000000,99,99,99,99,99,99,0,0,0,1,0
6,62660,3,1,2,3,3,1,1,37,1015,19,10,2012,6,11,3,1,12,3,SR-210,,270,34.02571667,-117.788975,0,14,0,0,1,1,0,4,1,1,0,1,0,0000000,99,99,99,99,99,99,0,0,0,2,0
6,62661,1,1,0,1,1,1,1,1,2480,13,6,2012,4,10,0,0,14,6,HIGH ST,BOND ST,0,37.77409722,-122.2125111,0,8,0,0,3,2,0,1,1,1,0,1,0,0000000,99,99,99,99,88,88,0,0,0,1,0
6,62662,2,2,0,1,1,2,2,37,0,21,12,2012,6,6,39,0,4,4,CR-MENDOCINO ST,,0,34.18583056,-118.1196833,0,8,0,0,1,1,0,2,4,1,0,1,0,0000000,6,45,99,99,99,99,0,0,0,1,0
6,62663,1,1,0,0,0,1,1,71,3970,19,11,2012,2,15,39,0,14,6,LARREA AVE,,0,34.13644167,-116.0883556,0,35,0,0,1,1,0,5,1,1,0,1,0,0000000,99,99,99,99,88,88,0,0,0,1,0
6,62664,3,3,0,0,0,5,5,61,3080,17,6,2012,1,20,30,1,11,1,I-80,,59,38.78703889,-121.2240889,0,12,7,0,1,1,0,1,5,1,0,1,0,0000000,99,99,99,99,99,99,0,0,0,1,0
6,62665,1,1,0,0,0,3,3,71,3000,30,12,2012,1,1,52,1,11,1,I-10 RAMP,,201,34.06904444,-117.3670083,0,33,0,1,5,1,0,5,2,1,0,1,0,0000000,99,99,99,99,99,99,0,0,0,1,1
6,62666,1,1,0,1,1,1,1,85,537,26,7,2012,5,18,24,0,14,6,CAMPBELL AVE,LA PRADERA DR,0,37.28596667,-121.9798389,0,9,0,0,3,3,0,1,1,1,0,1,0,0000000,99,99,99,99,88,88,0,0,0,1,0
6,62667,4,4,0,0,0,11,11,77,3770,31,8,2012,6,14,58,1,12,3,SR-4,,186,37.95865556,-121.2572917,0,12,1,0,1,1,0,1,1,1,0,1,0,0000000,99,99,99,99,99,99,0,0,0,1,0
6,62668,2,2,0,0,0,3,3,67,0,12,9,2012,4,19,30,0,4,4,CR-AUBURN BL,,0,38.671425,-121.3305444,0,12,6,0,1,1,0,1,1,1,0,1,0,0000000,99,99,99,99,99,99,0,0,0,1,0
6,62669,2,2,0,0,0,2,2,59,1780,23,9,2012,1,11,23,1,13,3,SR-133,RAQUEL RD,26,33.56967778,-117.7633889,0,12,6,0,2,3,0,1,1,1,0,1,0,0000000,99,99,99,99,99,99,0,0,0,1,0
6,62670,3,3,0,0,0,4,4,71,4040,14,9,2012,6,17,40,0,14,6,HESPERIA RD,COMANCHE ST,0,34.481825,-117.2905778,0,12,6,0,2,2,0,1,1,1,0,1,0,0000000,99,99,99,99,99,99,0,0,0,1,0
6,62671,1,1,0,0,0,1,1,65,750,30,10,2012,3,7,38,0,13,6,HARRISON ST,,0,33.68975278,-116.1814861,0,35,0,0,1,1,0,4,2,1,0,1,0,0000000,99,99,99,99,88,88,0,0,0,1,0
6,62672,1,1,0,1,1,1,1,37,0,17,11,2012,7,16,49,0,2,4,CR-VERMONT AVE,CR-CENTURY BL,0,33.94553889,-118.2919083,0,8,0,0,2,2,0,1,3,10,2,2,0,0000000,99,99,99,99,88,88,0,0,0,1,1
6,62673,1,1,0,1,1,1,1,1,2480,10,8,2012,6,22,4,0,13,6,W MACARTHUR BL,,0,37.82719167,-122.2691694,0,8,0,0,1,1,0,1,3,1,0,1,0,0000000,99,99,99,99,99,99,0,0,0,1,0
6,62674,1,1,0,0,0,2,2,77,0,9,9,2012,1,0,30,0,6,4,CR-PLYMOUTH RD,BRISTOL AVE,0,37.96664167,-121.3357528,0,59,0,0,3,3,0,4,3,1,0,1,0,0000000,99,99,99,99,99,99,20,0,0,1,1
6,62675,1,1,0,0,0,1,1,59,3351,8,1,2012,1,18,35,1,11,1,I-5,,68,33.47995,-117.6709111,0,30,0,0,1,1,0,4,3,1,0,1,0,0000000,99,99,99,99,99,99,0,0,0,1,0
6,62676,1,1,0,1,1,1,1,1,2480,8,4,2012,1,21,49,0,14,6,BANCROFT AVE,,0,37.76325556,-122.1739139,0,9,0,0,1,1,0,1,3,10,0,10,0,0000000,99,99,99,99,99,99,0,0,0,1,0
6,62677,1,1,0,1,1,1,1,1,2480,11,8,2012,7,19,12,0,16,6,E 9TH ST,,0,37.77294444,-122.22645,0,15,0,0,1,1,0,1,5,1,0,1,0,0000000,99,99,99,99,99,99,0,0,0,1,0
6,62678,3,3,0,0,0,3,3,29,1000,22,10,2012,2,12,35,0,14,6,CECIL AVE,HIGH ST,0,35.77590833,-119.2489889,0,33,0,0,3,2,0,3,1,2,10,2,0,0000000,99,99,99,99,99,99,0,0,0,1,0
6,62679,2,2,0,0,0,2,2,37,3870,10,11,2012,7,23,40,0,13,6,ARTESIA BLVD,,0,33.87288611,-118.3180528,0,18,0,0,1,1,0,1,3,1,0,1,0,0000000,99,99,99,99,99,99,0,0,0,1,0
6,62680,1,1,0,1,1,1,1,71,115,2,12,2012,1,7,45,0,14,6,APPLE VALLEY RD,,0,34.54021667,-117.269825,0,8,0,0,1,1,0,1,1,1,0,1,0,0000000,99,99,99,99,99,99,0,0,0,1,0
6,62681,1,1,0,0,0,1,1,103,0,11,1,2012,4,21,0,1,11,1,I-5,,323,40.2501,-122.2613,0,1,0,0,1,1,0,3,2,1,0,1,0,0000000,99,99,99,99,99,99,0,0,0,1,0
6,62682,3,3,0,0,0,3,3,39,0,31,1,2012,3,3,50,1,2,3,SR-41,,177,37.11113889,-119.74445,0,12,2,0,1,1,0,1,2,1,0,1,0,0000000,99,99,99,99,99,99,0,0,0,1,0
6,62683,2,2,0,0,0,6,6,37,1716,28,4,2012,7,16,40,1,11,1,I-605,,222,34.09491111,-117.9873361,0,12,7,0,1,1,0,1,1,1,0,1,0,0000000,99,99,99,99,99,99,0,0,0,1,0
6,62684,1,1,0,0,0,1,1,73,3260,22,7,2012,1,5,45,1,12,3,SR-15,,34,32.7359,-117.1124611,0,33,0,0,1,1,0,4,1,1,0,1,0,0000000,99,99,99,99,99,99,0,0,0,1,1
6,62685,1,1,0,1,1,1,1,67,0,27,9,2012,5,20,47,0,3,4,CR-FULTON AVE,,0,38.59017778,-121.4015083,0,8,0,0,1,1,0,1,3,1,0,1,0,0000000,99,99,99,99,99,99,19,0,0,1,0
6,62686,1,1,0,1,1,1,1,29,240,7,11,2012,4,19,3,0,14,6,STINE RD,,0,35.30512778,-119.0566861,0,8,0,0,1,1,0,1,3,1,0,1,0,0000000,99,99,99,99,99,99,0,0,0,1,0
6,62687,2,2,0,0,0,2,2,37,1700,31,3,2012,7,4,5,1,11,1,I-405,,234,33.95881944,-118.3690889,0,12,7,0,1,1,0,1,3,2,0,2,0,0000000,99,99,99,99,99,99,0,0,0,1,0
6,62688,2,2,0,0,0,5,5,37,480,2,12,2012,1,5,32,0,14,6,ALAMEDA AVE,BUENA VISTA ST,0,34.15828333,-118.3281306,0,12,6,0,2,2,0,1,3,10,0,10,0,0000000,99,99,99,99,99,99,0,0,0,1,1
6,62689,1,1,0,1,1,1,1,19,1370,9,9,2012,1,17,26,0,14,6,BLACKSTONE AVE,,0,36.77507222,-119.7906306,0,8,0,0,1,1,0,1,1,1,0,1,0,0000000,99,99,99,99,99,99,0,0,0,1,0
6,62690,1,1,0,1,1,1,1,67,1108,17,3,2012,7,3,55,0,14,6,ELK GROVE BLVD,SCHOOL ST,0,38.40902222,-121.3622694,0,8,0,0,2,3,0,1,3,1,0,1,0,0000000,99,99,99,99,88,88,0,0,0,1,0
6,62691,3,3,0,0,0,4,4,37,0,17,11,2012,7,2,0,0,4,4,CR-VASQUEZ CANYON RD,,0,34.46695,-118.4245611,0,12,2,0,1,1,0,1,2,10,0,10,0,0000000,99,99,99,99,99,99,0,0,0,1,1
6,62692,1,1,0,1,1,1,1,19,1370,3,10,2012,4,20,12,0,14,6,ASHLAN AVE,,0,36.79354167,-119.8734583,0,8,0,0,1,1,0,1,3,1,0,1,0,0000000,99,99,20,21,99,99,0,0,0,1,0
6,62693,4,4,0,0,0,4,4,37,1980,16,10,2012,3,16,30,1,11,1,I-405,,285,34.01715,-118.4227306,0,12,7,0,1,1,0,1,1,1,0,1,0,0000000,99,99,99,99,88,88,0,0,0,1,0
6,62694,2,2,0,0,0,4,4,37,1980,27,11,2012,3,12,55,1,11,1,I-5,,181,34.04698056,-118.2148806,0,12,1,0,1,1,0,1,1,1,0,1,0,0000000,99,99,99,99,99,99,0,0,0,1,0
6,62695,1,1,0,0,0,1,1,65,1690,11,12,2012,3,14,34,0,14,6,AVENUE 42,,0,33.74413889,-116.2192194,0,30,0,0,1,1,0,4,1,1,0,1,0,0000000,99,99,99,99,99,99,0,0,0,1,0
6,62696,3,1,2,1,3,1,3,37,1970,9,12,2012,1,2,0,1,11,1,I-405,,51,33.81439444,-118.1694333,0,8,0,0,1,1,0,2,3,1,0,1,0,0000000,99,99,99,99,88,88,23,0,0,1,1
6,62697,1,1,0,0,0,1,1,37,1970,12,12,2012,4,9,20,1,11,1,I-710,,120,33.86479167,-118.1976833,0,33,0,0,1,1,0,4,1,10,0,10,0,0000000,99,99,99,99,99,99,0,0,0,1,0
6,62698,1,1,0,1,1,1,1,37,0,21,12,2012,6,20,33,0,6,4,CR-EL SEGUNDO BLVD,,0,33.91648056,-118.2742806,0,8,0,0,1,1,0,1,2,1,0,1,0,0000000,99,99,99,99,88,88,0,0,0,1,1
6,62699,1,1,0,1,1,1,1,19,1370,25,12,2012,3,20,47,0,15,6,H ST,,0,36.74517778,-119.8066111,0,8,0,0,1,1,0,1,3,1,0,1,0,0000000,99,99,20,49,99,99,0,0,0,1,0
6,62700,3,3,0,0,0,4,4,95,0,14,12,2012,6,17,45,1,2,3,SR-12,,237,38.20768056,-122.1656111,0,12,6,0,4,1,0,1,2,1,0,1,0,0000000,99,99,99,99,88,88,14,0,0,1,0
6,62701,1,1,0,1,1,1,1,37,1980,30,11,2012,6,6,10,0,16,6,VERMONT AVE,,0,33.94008889,-118.291625,0,15,0,0,1,1,0,1,3,2,0,2,0,0000000,99,99,99,99,99,99,0,0,0,1,0
6,62702,2,2,0,0,0,3,3,37,1980,22,12,2012,7,3,40,1,11,1,I-110,,152,33.94018056,-118.2796806,0,12,7,0,1,1,0,1,3,1,0,1,0,0000000,99,99,99,99,99,99,0,0,0,1,0
6,62703,2,1,1,0,0,1,1,37,3105,5,12,2012,4,10,20,0,14,6,GARVEY AVE,,0,34.06261111,-118.1027917,0,14,0,0,1,1,0,7,1,1,0,1,0,0000000,99,99,99,99,99,99,0,0,0,1,1
6,62704,1,1,0,1,1,1,1,77,3770,7,12,2012,6,13,23,0,15,6,WATERLOO RD,,0,37.97215,-121.2685889,0,8,0,0,1,1,0,1,1,1,0,1,0,0000000,99,99,99,99,99,99,0,0,0,1,0
6,62705,1,1,0,1,1,2,2,65,2730,5,5,2012,7,18,17,0,16,6,EL NIDO AVE,,0,33.80246111,-117.1952806,0,8,0,0,8,1,0,1,1,1,0,1,0,0000000,99,99,99,99,99,99,0,0,0,1,0
6,62706,2,2,0,0,0,3,3,65,0,18,12,2012,3,12,18,0,4,4,CR-42ND AVE,CR-CAMBRIDGE AVE,0,33.74383333,-116.2775972,0,12,6,0,2,3,0,1,1,10,0,10,0,0000000,99,99,99,99,99,99,0,0,0,1,0
6,62707,2,2,0,0,0,2,2,47,0,18,11,2012,1,14,4,0,2,4,CR-WINTON WY,CR-GERTRUDE AVE,0,37.37496944,-120.6136444,0,12,6,0,2,2,0,1,1,1,10,10,0,0000000,99,99,99,99,99,99,0,0,0,1,1
6,62708,1,1,0,0,0,4,4,65,1846,29,12,2012,7,1,10,0,14,6,AVE 52,,0,33.67099444,-116.2457611,0,42,0,0,1,1,0,3,2,1,0,1,0,0000000,99,99,99,99,99,99,0,0,0,3,1
6,62709,1,1,0,1,1,1,1,37,1946,23,12,2012,1,0,9,0,13,3,SR-1,,131,33.78954167,-118.3147139,0,8,0,0,1,1,0,1,3,2,0,2,0,0000000,99,99,99,99,99,99,0,0,0,1,0
6,62710,1,1,0,1,1,1,1,107,3920,3,1,2012,3,18,42,0,14,6,BARDSLEY AVE,J ST,0,36.19650833,-119.3435611,0,8,0,0,3,3,0,1,5,1,0,1,0,0000000,99,99,99,99,99,99,0,0,0,1,0
6,62711,3,3,0,1,1,3,3,19,2690,31,1,2012,3,18,17,0,15,6,ACADEMY AVE,PARLIER AVE,0,36.61237222,-119.5567056,0,8,0,0,3,3,0,1,3,1,0,1,0,0000000,99,99,99,99,88,88,0,0,0,1,0
6,62712,1,1,0,1,1,2,2,85,940,17,7,2012,3,19,17,0,16,6,VISTA CT,,0,37.32513889,-122.0275806,0,15,0,0,1,1,0,1,1,1,0,1,0,0000000,99,99,99,99,99,99,0,0,0,1,0
6,62713,2,2,0,0,0,2,2,19,1370,6,11,2012,3,18,3,1,12,3,SR-41,,250,36.76048056,-119.7757806,0,12,1,0,1,1,0,1,2,1,0,1,0,0000000,99,99,99,99,99,99,0,0,0,1,0
6,62714,3,3,0,0,0,8,8,65,3851,20,10,2012,7,15,3,0,14,6,RANCHO CALIFORNIA RD,JEFFERSON AVE,0,33.49915556,-117.153875,0,12,6,0,2,2,0,1,1,1,0,1,0,0000000,99,99,99,99,99,99,0,0,0,2,0
6,62715,1,1,0,1,1,2,2,65,564,8,12,2012,7,22,35,0,13,6,RAILROAD CANYON DR,,0,33.67344444,-117.25045,0,8,0,0,1,1,4,1,2,1,0,1,0,0000000,99,99,99,99,88,88,0,0,0,1,0
6,62716,1,1,0,1,1,1,1,1,2480,2,12,2012,1,5,42,0,13,6,TELEGRAPH AVE,,0,37.83213611,-122.2636444,0,8,0,0,1,1,0,1,3,2,0,2,0,0000000,99,99,99,99,88,88,0,0,0,1,0
6,62717,2,2,0,0,0,4,4,65,2116,13,12,2012,5,12,30,0,15,6,MCCALL BL,ENCANTO DR,0,33.71509722,-117.1859583,0,12,6,0,2,2,0,1,1,10,0,10,0,0000000,99,99,99,99,99,99,0,0,0,1,1
6,62718,1,1,0,1,1,1,1,37,1808,23,12,2012,1,19,22,0,14,6,BELLFLOWER BLVD,HEDDA ST,0,33.86425,-118.12535,0,8,0,0,3,2,0,1,2,1,0,1,0,0000000,99,99,99,99,99,99,0,0,0,1,0
6,62719,2,2,0,0,0,6,6,1,2480,27,12,2012,5,23,23,1,13,3,SR-580,98TH AVE,357,37.75408611,-122.1521667,0,12,6,0,2,3,0,1,3,1,0,1,0,0000000,99,99,99,99,99,99,20,0,0,1,1
6,62720,6,1,5,1,1,1,1,37,1980,31,12,2012,2,17,9,0,14,6,RESEDA BLVD,,0,34.20962222,-118.5360556,0,14,0,0,1,1,0,7,5,1,0,1,0,0000000,99,99,99,99,99,99,14,0,0,1,0
6,62721,1,1,0,1,1,3,3,81,3730,27,10,2012,7,20,52,0,14,6,GRAND AVE,,0,37.65551389,-122.4116556,0,8,0,0,1,1,0,1,3,1,0,1,0,0000000,99,99,99,99,99,99,0,0,0,1,0
6,62722,2,2,0,0,0,2,2,37,1980,12,12,2012,4,11,25,0,14,6,MAIN ST,49TH ST,0,33.99830833,-118.2739556,0,12,6,0,2,2,0,1,1,10,0,10,0,0000000,99,99,99,99,99,99,0,0,0,1,0
6,62723,1,1,0,1,1,1,1,19,1370,26,7,2012,5,7,20,0,14,6,FRESNO ST,,0,36.73378611,-119.795275,0,8,0,0,1,1,0,1,1,1,0,1,0,0000000,99,99,99,99,99,99,0,0,0,1,0
6,62724,1,1,0,2,2,1,1,37,0,27,10,2012,7,7,55,0,6,4,CR-SINGINGWOOD DR,,0,33.99185,-117.8847889,0,19,0,0,8,1,0,5,1,1,0,1,0,0000000,99,99,99,99,99,99,15,0,0,1,0
6,62725,1,1,0,1,1,2,2,19,1370,28,10,2012,1,0,31,0,13,6,W SHAW AVE,,0,36.80818611,-119.8515583,0,8,0,0,1,1,0,1,3,1,0,1,0,0000000,99,99,99,99,88,88,0,0,0,1,1
6,62726,3,3,0,0,0,6,6,93,4266,26,12,2012,4,9,18,1,1,2,US-97,,402,41.97826111,-121.9077528,0,12,2,0,1,1,0,1,1,10,0,10,0,0000000,99,99,99,99,99,99,0,0,0,1,0
6,62727,1,1,0,0,0,4,4,77,3770,11,12,2012,3,21,47,1,11,1,I-5 RAMP,,273,37.95608056,-121.3132611,0,1,0,0,5,1,0,5,3,10,0,10,0,0000000,99,99,99,99,99,99,20,0,0,1,0
6,62728,2,2,0,0,0,6,6,39,0,28,10,2012,1,21,43,0,5,4,CR-ROAD 29,CR-AVENUE 7,0,36.85126944,-120.0192111,0,12,6,0,2,2,0,1,2,1,0,1,0,0000000,99,99,99,99,99,99,0,0,0,2,0
6,62729,1,1,0,1,1,1,1,59,1660,22,6,2012,6,11,41,0,12,3,SR-1,,298,33.71316111,-118.0647472,0,9,0,0,1,1,0,2,1,1,0,1,0,0000000,99,99,99,99,88,88,0,0,0,1,0
6,62730,3,3,0,0,0,6,6,71,4040,9,9,2012,1,20,0,0,14,6,AIR EXPWY,,0,34.57051389,-117.3535083,0,12,1,0,1,1,0,1,2,1,0,1,0,0000000,99,99,99,99,99,99,0,0,0,1,0
6,62731,1,1,0,0,0,1,1,73,1080,22,9,2012,7,20,21,0,14,6,W MAIN ST,,0,32.79516111,-116.9824472,0,33,0,0,1,1,0,6,3,1,0,1,0,0000000,99,99,99,99,99,99,0,0,0,1,1
6,62732,1,1,0,1,1,1,1,25,520,21,11,2012,4,7,10,0,14,6,ROCKWOOD AVE,ROBERT KENNEDY ST,0,32.68907222,-115.4951889,0,8,0,0,2,3,0,1,1,1,0,1,0,0000000,99,99,99,99,99,99,0,0,0,1,0
6,62733,1,1,0,1,1,1,1,73,2510,21,9,2012,6,18,0,0,15,6,HORNE ST,,0,33.20053056,-117.3777056,0,8,0,0,1,1,0,1,1,1,0,1,0,0000000,99,99,99,99,99,99,0,0,0,1,0
6,62734,1,1,0,0,0,2,2,75,3290,30,9,2012,1,8,21,0,15,6,OCEAN AVE,SUNSET BLVD,0,37.73186111,-122.4938583,0,30,0,0,3,2,0,4,1,1,0,1,0,0000000,99,99,99,99,99,99,0,0,0,1,0
6,62735,2,2,0,0,0,2,2,65,3851,24,6,2012,1,5,20,0,14,6,RANCHO CALIFORNIA RD,MORAGA RD,0,33.50751667,-117.1401167,0,12,6,0,2,2,0,1,4,1,0,1,0,0000000,99,99,99,99,99,99,0,0,0,1,1
6,62736,1,1,0,1,1,3,3,37,2645,18,5,2012,6,0,29,0,13,6,SIERRA HWY,,0,34.63629444,-118.1268194,0,8,0,0,1,1,0,1,2,1,0,1,0,0000000,99,99,99,99,99,99,0,0,0,1,0
6,62737,1,1,0,1,1,1,1,73,2510,26,8,2012,1,1,45,0,14,6,MISSION AVE,,0,33.21454167,-117.34655,0,8,0,0,1,1,0,1,3,1,0,1,0,0000000,99,99,99,99,88,88,0,0,0,1,0
6,62738,4,3,1,1,1,3,3,99,0,8,11,2012,5,12,13,1,2,3,SR-132,,84,37.63776944,-121.1347611,0,12,1,0,1,1,1,1,1,1,0,1,0,0000000,99,99,99,99,99,99,0,0,0,1,0
6,62739,1,1,0,1,1,1,1,1,2840,24,9,2012,2,3,33,1,11,1,I-680,,197,37.6951,-121.9204389,0,8,0,0,1,1,0,1,2,1,0,1,0,0000000,99,99,99,99,88,88,0,0,0,1,0
6,62740,2,2,0,0,0,4,4,73,2510,29,9,2012,7,1,53,0,13,6,EL CAMINO REAL,,0,33.193575,-117.3280806,0,12,2,0,1,1,0,1,3,1,0,1,0,0000000,99,99,99,99,88,88,0,0,0,1,1
6,62741,2,2,0,0,0,2,2,71,1605,12,9,2012,4,4,29,1,12,3,SR-210,,99999,34.12826944,-117.2034889,0,12,7,0,1,1,0,1,2,1,0,1,0,0000000,99,99,99,99,88,88,20,0,0,1,0
6,62742,2,1,1,0,0,1,1,1,0,19,7,2012,5,12,45,0,4,4,CR-SAN MIGUEL AVE,,0,37.69707222,-122.0808861,0,14,0,0,1,1,0,4,1,1,0,1,0,0000000,99,99,99,99,99,99,0,0,0,1,0
6,62743,1,1,0,0,0,1,1,67,2934,30,10,2012,3,21,30,0,13,6,SUNRISE BLVD,,0,38.56401667,-121.2471389,0,33,0,0,1,1,0,3,3,1,0,1,0,0000000,88,88,88,88,88,88,0,0,0,1,0
6,62744,1,1,0,0,0,3,3,77,3770,4,5,2012,6,5,34,0,16,6,SAMPSON RD,,0,38.01855,-121.2677056,0,5,0,0,1,1,0,1,8,10,0,10,0,0000000,99,99,99,99,99,99,0,0,0,1,0
6,62745,1,1,0,0,0,2,2,65,0,12,8,2012,1,11,5,1,1,1,I-15,,319,33.79043611,-117.4964806,0,1,0,0,1,1,0,4,1,1,0,1,0,0000000,99,99,99,99,99,99,0,0,0,1,0
6,62746,2,2,0,0,0,4,4,99,3950,13,6,2012,4,14,51,0,15,6,N OLIVE AVE,E TUOLUMNE,0,37.51461111,-120.8398222,0,12,6,0,2,2,0,1,1,1,0,1,0,0000000,99,99,99,99,99,99,0,0,0,1,0
32,320001,2,2,0,1,1,2,2,5,0,1,1,2012,1,0,40,1,2,2,US-50,,10,38.96582222,-119.9375917,0,8,0,0,1,1,0,1,2,1,0,1,0,0000000,0,44,0,44,88,88,0,0,0,1,0
32,320002,2,2,0,0,0,6,6,3,120,1,1,2012,1,2,15,0,14,6,EASTERN AVE,,0,36.14950556,-115.1189028,0,12,1,0,1,1,0,1,3,1,0,1,0,0000000,2,16,2,22,2,46,0,0,0,1,0
32,320003,1,1,0,0,0,1,1,3,0,1,1,2012,1,8,27,0,14,6,WESTERN AVE,,0,36.12863889,-115.17715,0,18,0,0,1,1,0,5,1,1,0,1,0,0000000,8,27,99,99,88,88,0,0,0,1,1
32,320004,1,1,0,0,0,2,2,13,0,4,1,2012,4,6,30,1,2,2,US-95,,6021,41.30130556,-117.6935278,0,31,0,0,1,1,0,4,4,1,0,1,0,0000000,6,29,6,50,7,36,0,0,0,1,1
32,320005,2,2,0,0,0,2,2,3,0,4,1,2012,4,18,29,0,14,6,RAINBOW BLVD,DESERT INN RD,0,36.12948333,-115.2429194,0,12,6,0,2,2,0,1,3,1,0,1,0,0000000,18,30,18,36,19,8,0,0,0,1,0
32,320006,2,2,0,0,0,7,7,23,0,5,1,2012,5,18,0,1,2,3,SR-318 SUNNYSIDE CUTOFF RD,,693,38.45111667,-115.0115083,0,12,1,0,1,1,0,1,2,1,0,1,0,0000000,18,10,18,52,20,10,0,0,0,1,0
32,320007,2,2,0,0,0,2,2,3,0,5,1,2012,5,18,26,1,12,2,US-95,,869,36.27553611,-115.2647917,0,1,0,1,18,1,0,3,3,1,0,1,0,0000000,18,26,18,32,18,52,14,0,0,1,1
32,320008,2,2,0,0,0,6,6,3,0,8,1,2012,1,21,41,1,12,2,US-95,,572,35.99204444,-114.9284528,0,12,7,0,1,1,0,1,2,1,0,1,0,0000000,21,44,21,51,22,18,0,0,0,1,1
32,320009,2,2,0,0,0,4,4,3,0,11,1,2012,4,7,0,0,4,3,SR-169 N MOAPA VALLEY BLVD,GUBLER AVE,180,36.59338333,-114.4764694,0,12,6,0,2,3,0,1,4,1,0,1,0,0000000,7,7,7,26,99,99,0,0,0,1,0
32,320010,1,1,0,0,0,2,2,3,0,12,1,2012,5,1,35,0,13,3,SR-215,W CHEYENNE AVE,300,36.21926944,-115.3267361,0,25,0,1,5,1,0,4,3,1,0,1,0,0000000,1,39,1,50,88,88,0,0,0,2,0
32,320011,1,1,0,1,1,1,1,23,158,15,1,2012,1,7,5,0,6,5,PAHRUMP VALLEY BLVD,,0,36.14348889,-115.9928389,0,9,0,0,1,1,0,1,9,99,0,99,0,0000000,88,88,88,88,88,88,0,0,0,1,0
32,320012,2,1,1,1,1,2,2,3,0,17,1,2012,3,0,50,1,11,1,I-15,,387,36.12325,-115.1807556,0,31,0,0,1,1,2,1,3,1,0,1,0,0000000,0,54,1,0,1,25,0,0,0,1,1
32,320013,1,1,0,1,1,2,2,3,0,7,1,2012,7,8,58,0,14,6,JONES BLVD,,0,36.10006111,-115.2250444,0,8,0,0,1,1,0,1,1,1,0,1,0,0000000,8,58,9,3,9,18,0,0,0,1,0
32,320014,1,1,0,1,1,1,1,3,0,17,1,2012,3,19,36,0,14,6,TROPICANA AVE,POLARIS AVE,0,36.10081944,-115.1856417,0,8,0,0,3,2,0,1,3,1,0,1,0,0000000,19,36,99,99,19,56,0,0,0,1,0
32,320015,1,1,0,1,1,1,1,31,170,20,1,2012,6,20,16,0,14,6,VIRGINIA LN,BAILEY DR,0,39.57158056,-119.8267778,0,8,0,0,3,3,0,1,3,2,0,2,0,0000000,20,17,20,22,20,40,0,0,0,1,0
32,320016,1,1,0,0,0,5,5,7,0,22,1,2012,1,9,0,1,2,2,US-93,,4365,40.88518056,-114.9676444,0,31,0,0,1,1,0,4,1,10,0,10,0,0000000,9,35,10,22,11,10,0,0,0,1,0
32,320017,2,2,0,1,1,3,3,23,0,24,1,2012,3,20,5,0,4,3,SR-160 BLUE DIAMOND,,477,36.19559722,-115.969825,0,8,0,0,1,1,0,1,2,1,0,1,0,0000000,20,13,20,39,88,88,0,0,0,1,0
32,320018,2,2,0,0,0,2,2,3,0,28,1,2012,7,5,9,0,4,3,SR-170 BUNKERVILLE RD,WEST HAFEN LN,110,36.79662222,-114.09355,0,12,6,0,2,2,0,1,3,1,0,1,0,0000000,5,14,5,15,5,37,0,0,0,1,1
32,320019,2,2,0,1,1,4,4,3,0,1,2,2012,4,20,27,0,16,6,FORT APACHE RD,FLAMINGO RD,0,36.11494444,-115.2970139,0,9,0,0,2,2,0,1,3,1,0,1,0,0000000,20,27,20,28,88,88,0,0,0,1,0