STATE,ST_CASE,VE_TOTAL,VE_FORMS,PVH_INVL,PEDS,PERNOTMVIT,PERMVIT,PERSONS,COUNTY,CITY,DAY,MONTH,YEAR,DAY_WEEK,HOUR,MINUTE,NHS,ROAD_FNC,ROUTE,TWAY_ID,TWAY_ID2,MILEPT,LATITUDE,LONGITUD,SP_JUR,HARM_EV,MAN_COLL,RELJCT1,RELJCT2,TYP_INT,WRK_ZONE,REL_ROAD,LGT_COND,WEATHER1,WEATHER2,WEATHER,SCH_BUS,RAIL,NOT_HOUR,NOT_MIN,ARR_HOUR,ARR_MIN,HOSP_HR,HOSP_MN,CF1,CF2,CF3,FATALS,DRUNK_DR
32,320020,1,1,0,0,0,2,2,31,0,3,2,2012,6,19,13,1,11,1,I-80,,10,39.47913889,-119.9951028,0,1,0,0,1,1,0,3,2,1,0,1,0,0000000,19,14,19,39,20,38,0,0,0,1,0
32,320021,1,1,0,0,0,1,1,3,0,3,2,2012,6,22,31,0,14,6,N LAS VEGAS BLVD,,0,35.82003889,-115.294125,0,1,0,0,1,1,0,5,2,1,0,1,0,0000000,22,31,99,99,88,88,0,0,0,1,1
32,320022,1,1,0,1,1,1,1,3,120,10,1,2012,3,7,27,0,16,6,CEDAR AVE,EASTERN AVE,0,36.17019444,-115.1160722,0,8,0,0,3,2,0,1,1,1,0,1,0,0000000,7,29,7,30,88,88,0,0,0,1,0
32,320023,1,1,0,0,0,1,1,3,120,4,2,2012,7,22,36,0,14,6,RAINBOW BLVD,,0,36.17795,-115.2423167,0,33,0,0,1,1,0,4,3,1,0,1,0,0000000,22,39,22,42,23,18,0,0,0,1,1
32,320024,3,3,0,0,0,3,3,3,0,5,2,2012,1,20,48,0,14,6,RAINBOW BLVD,,0,36.03524722,-115.243425,0,12,6,0,1,1,0,1,3,1,0,1,0,0000000,20,50,20,56,21,30,0,0,0,1,2
32,320025,1,1,0,0,0,1,1,3,0,11,2,2012,7,21,45,0,14,6,HOLLYWOOD BLVD,,0,36.15492222,-115.0258889,0,33,0,0,1,1,0,4,3,1,0,1,0,0000000,21,47,21,54,22,24,0,0,0,1,1
32,320026,1,1,0,0,0,1,1,3,150,5,2,2012,1,15,7,0,14,6,CLAYTON ST,RANCH HOUSE RD,0,36.27306667,-115.1709833,0,33,0,0,3,3,0,3,1,1,0,1,0,0000000,99,99,99,99,99,99,0,0,0,1,1
32,320027,2,2,0,0,0,2,2,3,0,15,2,2012,4,10,0,1,1,1,I-15,,167,35.83714722,-115.2814333,0,12,1,0,1,1,0,1,1,10,0,10,0,0000000,10,4,10,12,88,88,0,0,0,1,0
32,320028,2,1,1,0,0,1,1,3,120,16,2,2012,5,12,32,0,14,6,SWEENEY AVE,,0,36.15386667,-115.1472722,0,14,0,0,1,1,1,4,1,1,0,1,0,0000000,12,21,12,26,12,30,0,0,0,1,0
32,320029,1,1,0,0,0,1,1,7,0,17,2,2012,6,10,25,1,2,2,US-93,,4331,40.82285833,-115.0012361,0,38,0,0,1,1,0,4,1,1,0,1,0,0000000,10,21,10,47,88,88,0,0,0,1,1
32,320030,2,2,0,0,0,4,4,3,110,18,2,2012,7,14,52,0,14,6,WINDMILL PKWY,THAYER AVE,0,36.04206389,-115.0887722,0,12,6,0,2,2,0,1,1,1,0,1,0,0000000,14,52,14,59,15,54,0,0,0,3,1
32,320031,1,1,0,2,2,1,1,3,0,18,2,2012,7,17,53,0,13,6,SAHARA AVE,,0,36.14445,-115.2059639,0,8,0,0,1,1,0,1,3,1,0,1,0,0000000,17,53,17,57,18,30,0,0,0,1,0
32,320032,1,1,0,0,0,1,1,3,120,19,2,2012,1,11,58,0,16,6,RIO VISTA ST,,0,36.29799722,-115.2466778,0,1,0,0,1,1,0,2,1,10,0,10,0,0000000,12,0,12,4,12,27,0,0,0,1,0
32,320033,1,1,0,0,0,4,4,15,0,3,3,2012,7,1,17,0,4,3,SR-305 AUSTIN RD,,529,39.79173056,-117.1163833,0,1,0,0,1,1,0,4,2,1,0,1,0,0000000,1,0,2,13,4,1,0,0,0,1,0
32,320034,4,4,0,0,0,4,4,3,0,6,1,2012,6,20,51,0,14,6,SAHARA AVE,GRAND CANYON DR,0,36.14433056,-115.3069528,0,12,1,0,3,2,0,1,3,1,0,1,0,0000000,20,51,20,57,21,16,0,0,0,1,0
32,320035,2,2,0,1,1,2,2,3,0,24,1,2012,3,18,3,0,13,3,SR-582 BOULDER HWY,,0,36.12340556,-115.0761,0,8,0,0,1,1,0,1,3,1,0,1,0,0000000,18,3,18,14,88,88,0,0,0,1,0
32,320036,2,2,0,0,0,4,4,3,120,5,2,2012,1,11,51,0,13,6,ALEXANDER RD,TORREY PINES DR,0,36.23234167,-115.2338556,0,1,0,0,2,2,0,1,1,1,0,1,0,0000000,11,52,11,56,12,15,0,0,0,1,0
32,320037,3,3,0,0,0,6,6,3,120,11,2,2012,7,10,47,0,14,6,MARTIN LUTHER KING BLVD,SYMPHONY PARK AVE,0,36.17171944,-115.1607833,0,12,6,1,2,2,0,1,1,1,0,1,0,0000000,10,48,10,52,11,0,0,0,0,2,0
32,320038,1,1,0,0,0,1,1,3,0,18,2,2012,7,5,16,0,15,6,WALNUT RD,,0,36.21028889,-115.0892972,0,1,0,0,1,1,0,4,2,1,0,1,0,0000000,5,18,5,26,5,47,0,0,0,1,0
32,320039,3,3,0,0,0,4,4,3,0,18,2,2012,7,17,26,0,15,6,ROBINDALE ROAD,TORREY PINES DE,0,36.04888889,-115.2342583,0,12,6,0,2,2,0,1,3,1,0,1,0,0000000,17,27,17,32,18,3,0,0,0,1,1
32,320041,1,1,0,0,0,1,1,3,0,3,3,2012,7,17,52,0,4,3,SR-164 COTTONWOOD COVE DR,,30,35.47031111,-114.8798583,0,1,0,0,1,1,0,4,2,1,0,1,0,0000000,17,52,99,99,88,88,0,0,0,1,1
32,320042,2,2,0,0,0,3,3,3,120,5,3,2012,2,19,38,0,14,6,ANN RD,RIO VISTA ST,0,36.26314167,-115.2469778,0,12,6,0,2,2,0,1,3,1,0,1,0,0000000,19,40,19,47,20,3,0,0,0,1,0
32,320043,2,2,0,0,0,3,3,3,120,9,3,2012,6,13,51,0,15,6,ALEXANDER ROAD,BRADLEY ROAD,0,36.23184167,-115.2166056,0,12,6,0,2,2,0,1,1,1,0,1,0,0000000,13,51,99,99,88,88,0,0,0,1,0
32,320044,2,2,0,0,0,4,4,3,0,11,3,2012,1,6,35,0,14,6,DECATUR BLVD,US-95,0,36.17249167,-115.2058056,0,12,6,1,2,3,0,1,4,1,0,1,0,0000000,6,40,6,50,7,36,0,0,0,1,2
32,320045,2,2,0,0,0,2,2,21,0,15,3,2012,5,23,5,1,2,2,US-95,,3688,38.50191944,-118.174875,0,12,8,0,1,1,0,1,2,1,0,1,0,0000000,23,4,23,46,88,88,0,0,0,1,0
32,320046,1,1,0,1,1,1,1,3,120,21,3,2012,4,12,35,0,14,6,BUFFALO DRIVE,,0,36.10776389,-115.2610806,0,8,0,0,1,1,0,1,1,1,0,1,0,0000000,12,35,12,38,12,56,0,0,0,1,0
32,320047,1,1,0,0,0,1,1,3,0,24,3,2012,7,18,46,0,13,3,SR-160 BLUE DIAMOND RD,,168,36.01429722,-115.5009389,0,24,0,0,1,1,0,4,5,1,0,1,0,0000000,18,48,19,0,88,88,0,0,0,1,1
32,320048,1,1,0,1,1,4,4,3,120,16,3,2012,6,15,35,0,16,6,FALL CLIFF RD,PEBBLE ROCK DR,0,36.263475,-115.2649667,0,8,0,0,3,3,0,1,1,1,0,1,1,0000000,15,34,15,39,88,88,0,0,0,1,0
32,320049,1,1,0,1,1,1,1,3,110,14,3,2012,4,0,11,0,13,3,SR-582 BOULDER HWY,WARM SPRINGS RD,0,36.05067778,-114.9946778,0,8,0,0,3,2,0,1,3,1,0,1,0,0000000,99,99,99,99,88,88,0,0,0,1,0
32,320050,2,1,1,0,1,1,2,11,0,1,3,2012,5,99,99,1,1,1,I-80,,2678,40.63702222,-116.334075,0,45,0,0,1,1,2,2,2,10,0,10,0,0000000,4,26,4,54,6,0,0,0,0,1,0
32,320051,2,2,0,0,0,2,2,7,0,24,3,2012,7,14,50,1,1,1,I-80,,3428,41.09318056,-115.1420972,0,12,1,0,1,1,0,1,1,1,0,1,0,0000000,15,2,15,23,17,22,0,0,0,1,0
32,320052,2,2,0,0,0,2,2,3,0,8,2,2012,4,16,0,0,14,6,JONES BLVD,ROBINDALE RD,0,36.04926944,-115.2253167,0,1,0,0,2,2,0,1,1,1,0,1,0,0000000,16,0,99,99,88,88,0,0,0,1,0
32,320053,1,1,0,0,0,9,9,15,0,4,4,2012,4,11,45,0,3,3,SR-304,,68,40.63093611,-116.9228139,0,59,0,0,1,1,0,2,1,1,0,1,0,0000000,11,27,11,33,12,0,0,0,0,1,0
32,320054,3,3,0,0,0,4,4,3,120,17,5,2012,5,4,49,1,11,1,I-515/US-95,,690,36.11687778,-115.0828583,0,12,2,0,1,1,0,2,2,1,0,1,0,0000000,99,99,4,52,5,11,14,0,0,2,1
32,320055,2,2,0,0,0,3,3,3,120,3,5,2012,5,12,9,0,16,6,S 4TH STREET,GASS AVENUE,0,36.16160556,-115.1471278,0,12,6,0,2,2,0,1,1,1,0,1,0,0000000,12,9,12,14,12,23,0,0,0,1,0
32,320056,1,1,0,1,1,1,1,31,170,9,5,2012,4,22,33,0,13,3,SR-667 KIETZKE LANE,GENTRY WAY,0,39.49493889,-119.7890583,0,8,0,0,3,2,0,1,3,1,0,1,0,0000000,22,34,22,38,22,55,0,0,0,1,0
32,320057,2,2,0,0,0,5,5,13,0,6,5,2012,1,15,53,1,1,1,I-80,,116,40.89005833,-117.9067139,0,31,0,0,1,1,0,3,1,1,0,1,0,0000000,15,50,15,57,99,99,0,0,0,1,0
32,320058,2,2,0,0,0,2,2,15,0,12,5,2012,7,0,35,0,9,8,FR 402,MULESHOE ROAD,10,40.61731111,-116.8989028,0,12,2,0,3,3,0,1,2,1,0,1,0,0000000,0,38,0,48,1,21,0,0,0,1,1
32,320059,1,1,0,0,0,1,1,3,0,12,5,2012,7,19,42,0,16,6,LILLIAN CONDIE ROAD,,0,36.55291389,-114.4508972,0,33,0,0,1,1,0,4,5,1,0,1,0,0000000,19,42,19,55,99,96,0,0,0,1,0
32,320060,2,2,0,0,0,5,5,3,120,13,5,2012,1,3,39,0,14,3,SR-592 FLAMINGO ROAD,KOVAL LANE,0,36.11445833,-115.1641583,0,12,2,0,3,2,0,1,3,1,0,1,0,0000000,3,45,99,99,4,10,0,0,0,1,0
32,320061,2,1,1,0,0,1,1,3,156,13,5,2012,1,21,31,0,16,6,MORNING SPRINGS DRIVE,TROMBONE LANE,0,36.02457222,-115.1032194,0,1,0,0,3,8,0,1,3,1,0,1,0,0000000,21,32,21,43,22,7,0,0,0,1,1
32,320062,1,1,0,0,0,3,3,3,0,14,5,2012,2,6,5,1,11,1,I-215 TO S I-15 RAMP,,112,36.0636,-115.18435,0,18,0,1,5,1,1,2,1,1,0,1,0,0000000,6,17,6,24,6,43,0,0,0,1,1
32,320063,1,1,0,1,1,1,1,3,120,15,5,2012,3,23,2,0,13,3,SR-612 NELLIS BOULEVARD,,0,36.11674444,-115.0646944,0,8,0,0,1,1,0,1,3,1,0,1,0,0000000,23,3,23,5,88,88,0,0,0,1,1
32,320064,3,3,0,0,0,3,3,3,0,17,5,2012,5,16,35,0,14,6,N DURANGO DRIVE,CR-215 OFF RAMP,0,36.27905278,-115.2879972,0,12,6,1,2,2,0,1,1,6,1,6,0,0000000,16,37,16,43,17,23,0,0,0,1,0
32,320065,1,1,0,0,0,2,2,3,0,22,5,2012,3,13,43,1,12,2,US-95,,770,36.17541389,-115.1831583,0,39,0,0,1,1,0,4,1,1,0,1,0,0000000,13,44,13,48,99,99,0,0,0,1,0
32,320066,1,1,0,0,0,3,3,23,0,28,5,2012,2,4,10,1,2,2,US-95,,1379,36.58553889,-115.9146917,0,1,0,0,1,1,0,1,2,1,0,1,0,0000000,4,22,99,99,99,99,0,0,0,1,0
32,320067,1,1,0,0,0,3,3,3,0,29,5,2012,3,12,5,1,11,1,I-15,,310,36.02118611,-115.1804222,0,1,0,0,1,1,4,1,1,1,0,1,0,0000000,12,9,12,16,12,53,0,0,0,1,0
32,320068,1,1,0,1,1,1,1,3,0,30,5,2012,4,22,10,0,13,3,SR-582 BOULDER HIGHWAY,SUN VALLEY DRIVE,99998,36.10635278,-115.0569111,0,8,0,0,3,2,0,1,3,1,0,1,0,0000000,22,12,22,18,22,29,0,0,0,1,0
32,320069,1,1,0,0,0,1,1,31,0,31,5,2012,5,20,35,1,1,1,I-80,,380,39.59014722,-119.3744333,0,24,0,0,1,1,0,3,5,1,0,1,0,0000000,20,39,20,51,88,88,0,0,0,1,1
32,320070,1,1,0,1,1,1,1,3,120,2,4,2012,2,5,33,0,16,6,HARMON AVENUE,LAS VEGAS BOULEVARD,0,36.10891667,-115.1731222,0,8,0,0,2,2,0,1,4,1,0,1,0,0000000,5,34,5,40,5,57,0,0,0,1,1
32,320071,1,1,0,0,0,2,2,3,120,2,4,2012,2,9,39,0,16,6,LAKE MEAD BOULEVARD,TONOPAH DRIVE,0,36.19572222,-115.1698306,0,33,0,0,2,3,0,4,1,1,0,1,0,0000000,9,44,9,49,99,99,0,0,0,1,1
32,320072,2,2,0,0,0,6,6,3,0,4,4,2012,4,14,32,0,13,3,SR-582 BOULDER HIGHWAY,HARMON AVENUE,0,36.10707222,-115.0577472,0,12,1,0,3,2,0,1,1,1,0,1,0,0000000,14,34,14,49,15,2,0,0,0,1,1
32,320073,2,2,0,0,0,2,2,3,120,7,4,2012,7,10,44,0,16,6,CHEYENNE AVENUE,GRAND CANYON DRIVE,0,36.21849444,-115.3063722,0,12,6,0,2,3,0,1,1,1,0,1,0,0000000,10,46,10,49,11,1,0,0,0,1,0
32,320074,3,3,0,0,0,5,5,3,110,7,4,2012,7,23,19,0,16,3,SR-562 W SUNSET ROAD,EASTGATE ROAD,0,36.06381667,-115.020175,0,12,6,0,2,2,0,1,3,1,0,1,0,0000000,23,20,23,24,0,4,0,0,0,2,0
32,320075,1,1,0,1,1,1,1,3,120,8,4,2012,1,4,55,0,13,3,SR-589 W SAHARA AVENUE,ARVILLE STREET,0,36.14456944,-115.1999,0,8,0,0,3,2,0,1,3,1,0,1,0,0000000,4,56,5,1,5,18,0,0,0,1,0
32,320076,1,1,0,1,1,1,1,3,128,14,4,2012,7,20,48,0,16,6,S CASINO DRIVE,,0,35.15986389,-114.5749278,0,8,0,0,1,1,0,1,3,1,0,1,0,0000000,20,48,20,53,88,88,0,0,0,1,0
32,320077,3,3,0,0,0,3,3,3,0,8,4,2012,1,3,45,1,12,2,US-95,,870,36.25501111,-115.2472361,0,12,2,0,1,1,1,1,3,1,0,1,0,0000000,3,47,3,55,4,43,0,0,0,1,2
32,320078,1,1,0,0,0,1,1,3,0,21,4,2012,7,18,56,1,12,2,US-95,,810,36.17374167,-115.2356333,0,39,0,1,18,1,0,4,5,1,0,1,0,0000000,19,1,19,1,19,18,0,0,0,1,0
32,320079,1,1,0,1,1,1,1,3,0,16,4,2012,2,3,51,0,13,3,SR-582 BOULDER HIGHWAY,,0,36.13241389,-115.0862444,0,8,0,0,1,1,0,1,3,1,0,1,0,0000000,3,57,4,2,4,16,0,0,0,1,0
32,320080,1,1,0,0,0,7,7,3,0,20,4,2012,6,18,54,1,1,1,I-15 S,,1020,36.74618056,-114.4141167,0,1,0,0,1,1,0,1,1,1,0,1,0,0000000,19,5,19,25,20,40,0,0,0,1,0
32,320081,2,2,0,0,0,4,4,3,0,9,4,2012,2,9,29,1,2,2,US-93,,670,36.56210833,-114.9283083,0,12,6,0,98,1,0,1,1,1,0,1,0,0000000,88,88,88,88,88,88,0,0,0,1,0
32,320082,1,1,0,0,0,2,2,3,120,14,4,2012,7,4,0,0,16,6,CENTENNIAL CENTER BOULEVARD,,0,36.26662778,-115.2606,0,42,0,0,1,1,0,3,3,10,0,10,0,0000000,4,2,4,9,4,48,0,0,0,1,1
32,320083,1,1,0,0,0,1,1,7,0,15,4,2012,1,3,0,1,2,2,US-93,,4285,40.76366944,-115.0328083,0,11,0,0,1,1,0,1,2,1,0,1,0,0000000,3,12,99,99,99,99,0,0,0,1,0
32,320084,1,1,0,0,0,1,1,31,113,23,4,2012,2,14,47,0,16,3,SR-431 (RUNAWAY TRUCK RAMP),,0,39.25398611,-119.9703917,0,18,0,0,1,1,0,4,1,10,0,10,0,0000000,7,47,7,52,88,88,0,0,0,1,0
32,320085,1,1,0,0,0,1,1,17,0,25,4,2012,4,18,20,1,2,2,US-93,,1598,37.61192778,-114.6675639,0,31,0,0,1,1,0,4,1,1,0,1,0,0000000,18,35,18,55,88,88,0,0,0,1,1
32,320086,2,2,0,0,0,3,3,3,120,27,4,2012,6,12,38,0,14,3,SR-592 FLAMINGO ROAD,PEARL STREET,0,36.11524167,-115.0966472,0,12,6,0,2,2,0,1,1,1,0,1,0,0000000,12,40,12,46,13,6,0,0,0,1,0
32,320087,2,2,0,0,0,3,3,3,120,15,4,2012,1,0,28,0,16,6,TOWN CENTER DRIVE,FLAMINGO ROAD,0,36.11564444,-115.3292333,0,12,6,0,2,2,0,1,3,1,0,1,0,0000000,0,30,0,41,1,18,0,0,0,2,1
32,320088,1,1,0,0,0,2,2,27,0,25,4,2012,4,13,45,1,1,1,I-80,,897,40.02035833,-118.6749833,0,31,0,0,1,1,0,3,1,10,0,10,0,0000000,14,2,14,40,15,41,0,0,0,1,0
32,320089,1,1,0,2,2,2,2,3,0,28,4,2012,7,23,11,1,13,3,SR-573 CRAIG ROAD,,0,36.24066944,-115.0563083,0,8,0,0,1,1,0,1,3,1,0,1,0,0000000,23,13,23,20,23,34,0,0,0,1,1
32,320090,1,1,0,0,0,1,1,33,0,1,6,2012,6,12,0,0,4,3,SR-487 BAKER AVE,,40,38.98305,-114.109275,0,11,0,0,1,1,0,1,1,1,0,1,0,0000000,12,3,12,55,13,41,0,0,0,1,0
32,320091,1,1,0,0,0,1,1,7,0,2,6,2012,7,19,30,0,4,3,SR-228 JIGGS HGWY,,250,40.757825,-115.6923861,0,31,0,0,1,1,0,4,1,10,0,10,0,0000000,19,28,19,39,20,5,0,0,0,1,1
32,320092,2,2,0,0,0,2,2,19,0,7,6,2012,5,21,27,1,2,2,US-50,,642,39.42751944,-119.1759917,0,24,0,0,1,1,0,4,2,1,0,1,0,0000000,21,38,21,48,88,88,14,0,0,1,1
32,320093,1,1,0,0,0,2,2,3,0,2,6,2012,7,15,50,1,11,1,I-15,,940,36.67061111,-114.5215083,0,25,0,1,18,1,0,4,1,1,0,1,0,0000000,16,8,16,35,99,99,0,0,0,1,0
32,320094,1,1,0,0,0,6,6,3,0,20,6,2012,4,12,15,1,11,1,I-15,,270,35.95191111,-115.1816806,0,1,0,0,1,1,0,4,1,1,0,1,0,0000000,12,27,12,47,13,1,0,0,0,2,0
32,320095,1,1,0,1,1,1,1,3,156,29,6,2012,6,23,6,1,13,3,SR-593 TROPICANA AVENUE,ROGERS STREET,0,36.10089167,-115.2013,0,8,0,0,1,1,0,1,3,1,0,1,0,0000000,23,7,23,12,23,28,0,0,0,1,0
32,320096,1,1,0,0,0,1,1,7,0,22,6,2012,6,10,0,1,1,1,I-80 WEST,,2940,40.77699444,-115.8929167,0,31,0,0,1,1,1,4,1,1,0,1,0,0000000,10,2,10,14,88,88,0,0,0,1,1
32,320097,1,1,0,1,1,1,1,31,170,13,6,2012,4,22,51,1,13,2,US-395(BRANCH) VIRGINIA STREET,CRUMMER LANE,99998,39.47298056,-119.7872444,0,8,0,0,1,1,0,1,3,1,0,1,0,0000000,22,52,22,56,23,18,0,0,0,1,0
32,320098,2,2,0,0,0,3,3,3,0,9,6,2012,7,21,53,1,1,1,I-15 SOUTH,,140,35.75200556,-115.3538556,0,12,1,0,1,1,0,1,2,1,0,1,0,0000000,22,22,22,45,23,8,0,0,0,1,1
32,320099,1,1,0,0,0,1,1,3,110,6,6,2012,4,1,27,0,16,6,MARKS STREET,,0,36.06977778,-115.0362889,0,30,0,0,1,1,0,4,3,1,0,1,0,0000000,1,30,1,35,88,88,0,0,0,1,1
32,320100,1,1,0,1,1,2,2,3,0,11,6,2012,2,4,31,0,14,3,SR-604 N LAS VEGAS BLVD,,0,36.268625,-115.0062833,0,8,0,0,1,1,0,1,2,1,0,1,0,0000000,4,31,4,35,5,0,0,0,0,1,0
32,320101,3,1,2,3,4,2,3,3,156,10,6,2012,1,14,43,0,15,6,HACIENDA AVENUE,ALFALFA STREET,0,36.09336389,-115.0987389,0,8,0,0,3,3,0,5,1,1,0,1,0,0000000,14,43,15,0,15,26,0,0,0,1,0
32,320102,2,2,0,0,0,4,4,3,120,7,4,2012,7,20,52,0,14,3,SR-592 FLAMINGO ROAD,PARADISE,99998,36.11420556,-115.1547583,0,12,1,0,3,2,0,1,3,1,0,1,0,0000000,20,54,20,59,21,25,0,0,0,1,0
32,320103,1,1,0,0,0,1,1,3,0,14,7,2012,7,0,10,0,13,3,SR-215 BRUCE WOODBURY BELTWAY,,330,36.2556,-115.3152972,0,1,0,0,1,1,0,4,2,99,0,99,0,0000000,6,1,6,8,88,88,0,0,0,1,0
32,320104,2,2,0,0,0,2,2,3,0,10,7,2012,3,12,40,0,16,6,SUNSET ROAD,WEST RAPHAEL RIVERA WAY,0,36.07027222,-115.2872806,0,12,6,1,2,2,0,1,1,1,0,1,0,0000000,12,42,12,57,99,99,0,0,0,1,0
32,320105,3,3,0,0,0,6,6,3,0,16,3,2012,6,22,17,0,13,3,SR-589 W SAHARA AVENUE,SR-596 S JONES BOULEVARD,99998,36.14432222,-115.2253556,0,12,6,0,2,2,0,1,3,1,0,1,0,0000000,22,17,99,99,99,99,14,0,0,1,1
32,320106,1,1,0,0,0,2,2,31,190,16,6,2012,7,6,10,0,16,6,SPARKS BOULEVARD,EAGLE PASS DRIVE,0,39.6005,-119.7287333,0,31,0,0,3,2,0,4,4,1,0,1,0,0000000,6,14,6,19,6,58,0,0,0,1,1
32,320107,1,1,0,1,1,2,2,31,190,6,6,2012,4,0,9,1,13,3,SR-659 MCCARRAN BOULEVARD,,0,39.55639167,-119.7441639,0,8,0,0,1,1,0,1,2,1,0,1,0,0000000,0,11,0,15,88,88,0,0,0,1,0
32,320108,1,1,0,1,1,1,1,3,150,3,7,2012,3,22,58,0,13,3,SR-582 BOULDER HIGHWAY,SUN VALLEY DRIVE,99998,36.10641111,-115.0569722,0,8,0,0,3,4,0,1,3,1,0,1,0,0000000,23,1,23,10,23,20,0,0,0,1,1
32,320109,3,3,0,0,0,5,5,3,120,29,3,2012,5,9,22,0,14,3,SR-592 E FLAMINGO ROAD,S SWENSON STREET,99998,36.11463056,-115.1463472,0,12,6,0,2,2,0,1,1,1,0,1,0,0000000,9,24,9,32,9,46,0,0,0,2,0
32,320110,1,1,0,0,0,4,4,7,0,15,5,2012,3,5,42,1,2,2,US-93,,3965,40.35296667,-114.7972472,0,31,0,0,1,1,0,4,4,10,0,10,0,0000000,5,36,7,28,9,7,0,0,0,1,0
32,320111,1,1,0,0,0,3,3,3,120,10,7,2012,3,17,21,0,16,6,S DECATUR BLVD,,0,36.13324722,-115.2081972,0,30,0,0,1,1,0,4,1,1,0,1,0,0000000,17,21,17,27,17,44,0,0,0,1,0
32,320112,2,2,0,0,0,2,2,31,170,7,7,2012,7,22,54,1,13,3,SR-659 MCCARRAN BLVD N,,99998,39.55659444,-119.78435,0,12,1,0,1,1,0,1,3,1,0,1,0,0000000,22,57,23,0,23,17,0,0,0,1,0
32,320113,2,2,0,0,0,5,5,21,0,11,7,2012,4,13,45,1,2,2,US-95 VETERAN'S MEMORIAL HWY,,3819,38.54920833,-118.4337917,0,1,0,0,1,1,0,2,1,1,0,1,0,0000000,13,47,14,0,14,28,0,0,0,1,0
32,320114,2,2,0,0,0,2,2,3,0,10,7,2012,3,23,30,1,11,1,I-15 S,,1230,36.81711667,-114.053325,0,12,1,0,1,1,0,1,2,10,0,10,0,0000000,23,42,23,45,88,88,0,0,0,1,0
32,320115,1,1,0,0,0,5,5,3,0,18,7,2012,4,16,3,1,11,1,I-15 S,,630,36.36078333,-114.9031889,0,31,0,0,1,1,1,3,1,1,0,1,0,0000000,16,5,16,27,99,99,0,0,0,2,0
32,320116,1,1,0,0,0,2,2,3,120,19,7,2012,5,3,22,0,16,6,ALTA DRIVE,,0,36.16817222,-115.328425,0,42,0,0,1,1,0,3,3,1,0,1,0,0000000,3,31,3,38,4,3,0,0,0,1,1
32,320117,1,1,0,0,0,1,1,3,0,23,7,2012,2,3,8,0,13,3,SR-215 BRUCE WOODBURY BELTWAY,,480,36.29024722,-115.1018139,0,1,0,0,1,1,0,5,2,10,0,10,0,0000000,3,8,99,97,99,97,0,0,0,1,1
32,320118,1,1,0,0,0,1,1,17,0,21,7,2012,7,20,0,0,2,3,SR-318,,260,37.84831389,-115.0225806,0,31,0,0,1,1,0,4,5,1,0,1,0,0000000,20,3,20,48,88,88,0,0,0,1,1
32,320119,1,1,0,0,0,1,1,31,190,5,8,2012,1,5,51,0,16,6,SPARKS BLVD,,0,39.60777778,-119.7305667,0,17,0,0,1,1,0,3,1,10,0,10,0,0000000,5,50,5,55,6,19,0,0,0,1,1
32,320120,1,1,0,0,0,1,1,15,0,23,7,2012,2,14,24,1,2,2,US-50,,2222,39.45010556,-116.7367444,0,31,0,0,1,1,0,4,1,1,0,1,0,0000000,14,23,14,57,99,96,0,0,0,1,0
32,320121,3,3,0,0,0,9,9,3,110,18,7,2012,4,17,22,0,16,6,EASTGATE ROAD,W WARM SPRINGS ROAD,0,36.05647222,-115.0199444,0,12,6,0,2,2,0,1,1,1,0,1,0,0000000,17,24,17,24,17,55,0,0,0,1,0
32,320122,2,2,0,0,0,3,3,3,120,19,7,2012,5,16,47,0,16,6,S FORT APACHE,W LAKE SOUTH DRIVE,0,36.13346944,-115.2971889,0,12,6,0,2,2,0,1,1,1,0,1,0,0000000,16,52,17,0,17,28,0,0,0,1,0
32,320123,1,1,0,1,1,1,1,3,120,15,3,2012,5,6,21,0,14,3,SR-604 LAS VEGAS BLVD,,0,36.18034167,-115.1407556,0,8,0,0,1,1,0,4,4,1,0,1,0,0000000,6,21,6,36,88,88,0,0,0,1,0
32,320124,1,1,0,0,0,1,1,31,0,27,8,2012,2,17,53,0,3,2,US-395 (OLD),,60,39.29150833,-119.8305,0,35,0,0,1,1,0,5,1,1,0,1,0,0000000,17,54,18,10,88,88,0,0,0,1,1
32,320125,1,1,0,0,0,2,2,9,0,25,8,2012,7,11,17,1,2,2,US-6,,191,38.01115833,-118.1001694,0,1,0,0,1,1,0,4,1,1,0,1,0,0000000,12,34,99,99,88,88,0,0,0,1,0
32,320126,1,1,0,0,0,2,2,5,0,3,9,2012,2,15,13,1,2,2,US-50,,90,39.06740278,-119.94125,0,31,0,0,1,1,0,4,1,1,0,1,0,0000000,15,15,15,39,16,14,0,0,0,1,0
32,320127,1,1,0,0,0,1,1,5,0,16,9,2012,1,4,35,1,13,2,US-395,LUCERNE ST,230,38.95766667,-119.7724417,0,33,0,0,2,2,0,4,3,1,0,1,0,0000000,4,43,4,49,6,21,0,0,0,1,1
32,320128,1,1,0,0,0,1,1,19,0,19,8,2012,1,13,44,0,3,3,SR-828 FARM DISTRICT RD,,70,39.57979444,-119.1256389,0,42,0,0,1,1,0,4,1,10,0,10,0,0000000,99,99,99,99,99,99,0,0,0,1,0