STATE,ST_CASE,VE_TOTAL,VE_FORMS,PVH_INVL,PEDS,PERNOTMVIT,PERMVIT,PERSONS,COUNTY,CITY,DAY,MONTH,YEAR,DAY_WEEK,HOUR,MINUTE,NHS,ROAD_FNC,ROUTE,TWAY_ID,TWAY_ID2,MILEPT,LATITUDE,LONGITUD,SP_JUR,HARM_EV,MAN_COLL,RELJCT1,RELJCT2,TYP_INT,WRK_ZONE,REL_ROAD,LGT_COND,WEATHER1,WEATHER2,WEATHER,SCH_BUS,RAIL,NOT_HOUR,NOT_MIN,ARR_HOUR,ARR_MIN,HOSP_HR,HOSP_MN,CF1,CF2,CF3,FATALS,DRUNK_DR
32,320130,1,1,0,0,0,1,1,13,0,25,8,2012,7,15,15,0,4,3,SR-140 DENIO ADEL ORE RD,,110,41.40900556,-118.0030528,0,1,0,0,1,1,0,2,1,1,0,1,0,0000000,99,99,99,99,88,88,0,0,0,1,0
32,320131,1,1,0,0,0,1,1,3,0,24,8,2012,6,5,55,1,1,1,I-15,,240,35.91210833,-115.2065,0,25,0,0,1,1,0,3,4,1,0,1,0,0000000,5,59,6,15,88,88,0,0,0,1,0
32,320133,1,1,0,0,0,2,2,3,0,2,9,2012,1,17,58,0,6,3,SR-147 NORTH SHORE ROAD,,220,36.12494444,-114.9038278,1,1,0,0,1,1,0,4,1,1,0,1,0,0000000,18,7,18,43,19,14,0,0,0,1,1
32,320134,3,3,0,0,0,7,7,19,0,14,8,2012,3,8,49,1,2,2,US-50 WEST,,470,39.33105833,-119.45675,0,12,2,0,1,1,1,1,1,1,0,1,0,0000000,8,52,9,22,9,45,0,0,0,4,1
32,320135,2,2,0,0,0,2,2,31,0,3,9,2012,2,15,25,0,3,3,SR-431 MT ROSE HWY,,130,39.34025833,-119.87695,0,12,2,0,1,1,0,1,1,1,0,1,0,0000000,15,21,15,41,88,88,0,0,0,1,0
32,320136,5,5,0,0,0,7,7,3,0,21,9,2012,6,18,50,0,9,4,CR-215,,250,36.14241667,-115.3363722,0,12,1,1,18,1,0,1,5,1,0,1,0,0000000,19,3,19,12,19,33,0,0,0,1,0
32,320137,1,1,0,0,0,2,2,3,150,16,2,2012,5,10,48,0,13,3,SR-573 CRAIG RD,,0,36.23949167,-115.1726667,0,42,0,0,1,1,0,3,1,1,0,1,0,0000000,10,49,10,53,11,21,0,0,0,1,0
32,320138,3,3,0,0,0,4,4,31,0,27,10,2012,7,8,38,1,11,1,I-580/US-395,,341,39.52647778,-119.7838889,0,12,6,1,18,1,0,1,1,1,0,1,0,0000000,8,36,8,37,8,43,0,0,0,1,0
32,320139,1,1,0,1,1,1,1,13,0,13,8,2012,2,20,11,1,2,2,US-95,,5888,41.12667222,-117.6942083,0,8,0,0,1,1,0,1,2,5,10,5,0,0000000,21,29,21,32,22,4,0,0,0,1,0
32,320140,1,1,0,1,1,1,1,31,190,8,11,2012,5,4,10,0,13,6,SPARKS BLVD,,0,39.54629444,-119.7154333,0,8,0,0,1,1,0,1,2,1,0,1,0,0000000,4,14,4,22,88,88,0,0,0,1,0
32,320141,1,1,0,0,0,1,1,31,190,6,11,2012,3,17,9,0,16,6,VISTA BLVD,,0,39.60823889,-119.6779028,0,43,0,0,1,1,0,3,3,1,0,1,0,0000000,17,9,17,10,88,88,0,0,0,1,1
32,320142,1,1,0,0,0,1,1,5,0,6,10,2012,7,17,15,0,3,3,SR-207 MOTTSVILLE LANE,,99998,38.93153611,-119.8265917,0,31,0,0,1,1,0,4,1,1,0,1,0,0000000,17,21,17,31,88,88,0,0,0,1,1
32,320143,2,2,0,0,0,2,2,3,0,10,10,2012,4,11,0,0,13,3,SR-160,,0,36.02263611,-115.516675,0,12,2,0,1,1,0,1,1,10,0,10,0,0000000,11,5,11,36,12,22,0,0,0,1,0
32,320144,1,1,0,0,0,3,3,3,120,19,8,2012,1,6,34,0,16,6,CENTENNIAL CENTER BLVD,,0,36.27640556,-115.2718389,0,42,0,0,1,1,0,3,4,1,0,1,0,0000000,6,36,6,45,7,41,0,0,0,2,1
32,320145,1,1,0,0,0,1,1,23,0,24,11,2012,7,21,0,1,2,2,US-95,,1910,36.89254167,-116.7516833,0,31,0,0,1,1,0,4,2,1,0,1,0,0000000,21,14,21,17,88,88,0,0,0,1,1
32,320146,1,1,0,0,0,1,1,3,120,4,7,2012,4,12,31,0,16,6,SHAWNEE AVE,,0,36.16726111,-115.2377889,0,1,0,0,1,1,0,1,1,10,0,10,0,0000000,12,30,12,34,12,47,0,0,0,1,0
32,320147,1,1,0,0,0,1,1,3,0,14,9,2012,6,4,1,0,16,6,POST ROAD,ENSWORTH ROAD,0,36.07484444,-115.1800778,0,39,0,0,2,9,0,5,3,1,0,1,0,0000000,4,4,4,8,4,59,0,0,0,1,1
32,320148,2,2,0,0,0,3,3,5,0,15,9,2012,7,23,55,1,2,2,US-395,,80,38.788,-119.5950944,0,12,2,0,1,1,0,1,2,1,0,1,0,0000000,23,59,0,11,88,88,0,0,0,3,1
32,320149,1,1,0,0,0,5,5,7,75,17,8,2012,6,20,0,1,1,1,I-80,,3460,41.10320833,-115.0797472,0,1,0,0,1,1,0,3,5,1,0,1,0,0000000,20,7,20,53,0,48,0,0,0,1,0
32,320150,1,1,0,0,0,3,3,3,0,20,8,2012,2,20,17,0,6,6,W CASINO DRIVE,,0,35.12622778,-114.6312083,0,1,0,0,1,1,0,1,2,10,0,10,0,0000000,20,17,99,99,99,99,0,0,0,1,1
32,320151,2,2,0,0,0,2,2,3,150,4,9,2012,3,15,2,0,16,6,ANN ROAD,ALLEN LANE,0,36.26141389,-115.1889333,0,12,6,0,2,2,0,1,1,1,0,1,0,0000000,99,99,99,99,99,99,0,0,0,1,0
32,320152,1,1,0,1,1,1,1,3,110,18,8,2012,7,2,11,0,13,3,SR-582 N BOULDER HWY,W CORN ST,99998,36.06002778,-115.0051222,0,8,0,0,2,2,0,1,3,1,0,1,0,0000000,99,99,99,99,99,99,0,0,0,1,0
32,320153,1,1,0,0,0,4,4,3,0,9,9,2012,1,7,30,1,1,1,I-15,,690,36.44048333,-114.8547528,0,1,0,0,1,1,0,3,1,1,0,1,0,0000000,7,35,7,55,9,24,0,0,0,1,0
32,320154,1,1,0,0,0,2,2,3,0,21,7,2012,7,3,12,0,14,3,SR-604 LAS VEGAS BLVD,,99998,36.22891111,-115.0742194,0,17,0,0,1,1,0,4,3,1,0,1,0,0000000,3,15,3,26,4,5,0,0,0,1,1
32,320155,2,2,0,0,0,3,3,7,0,10,8,2012,6,15,28,1,2,2,US-93,,4650,41.40347778,-114.7562667,0,1,0,0,1,1,0,1,1,2,6,2,0,0000000,99,99,15,44,99,99,0,0,0,2,0
32,320156,2,2,0,1,1,2,2,3,110,8,8,2012,4,13,12,0,13,6,S EASTERN AVENUE,WIGWAM PKWY,0,36.03488333,-115.1182639,0,12,6,0,2,2,0,1,1,1,0,1,0,0000000,13,14,13,18,99,99,0,0,0,1,0
32,320157,3,3,0,0,0,4,4,3,0,15,3,2012,5,21,52,0,14,3,SR-159 CHARLESTON BLVD,,0,36.15941389,-115.0520722,0,12,1,0,1,1,0,1,3,1,0,1,0,0000000,21,54,22,1,22,46,0,0,0,1,0
32,320158,1,1,0,1,1,2,2,3,0,16,3,2012,6,4,34,0,13,6,TROPICANA AVE,,0,36.10104444,-115.2035667,0,8,0,0,1,1,0,1,3,1,0,1,0,0000000,4,37,4,43,5,23,0,0,0,1,0
32,320159,2,2,0,0,0,2,2,3,120,25,11,2012,1,14,14,0,13,3,SR-612 NELLIS BLVD,,0,36.22074444,-115.0622444,0,12,2,0,1,1,0,1,1,1,0,1,0,0000000,14,22,14,27,88,88,0,0,0,1,1
32,320160,1,1,0,0,0,1,1,3,120,21,9,2012,6,3,35,0,16,6,OSO BLANCA ROAD,,0,36.28979444,-115.2789639,0,1,0,0,1,1,0,5,2,1,0,1,0,0000000,3,35,99,99,88,88,0,0,0,1,1
32,320161,1,1,0,0,0,2,2,3,0,22,10,2012,2,8,55,0,16,6,MCLEOD DRIVE,,0,36.13345,-115.1098083,0,39,0,0,1,1,0,4,1,10,0,10,0,0000000,8,58,9,2,9,14,0,0,0,1,0
32,320162,1,1,0,0,0,1,1,3,150,22,10,2012,2,19,30,0,16,6,ALIANTE PKWY,,0,36.30815,-115.1890083,0,38,0,0,1,1,0,5,3,7,0,7,0,0000000,19,32,19,40,20,8,0,0,0,1,1
32,320163,1,1,0,0,0,4,4,7,0,29,9,2012,7,5,10,1,1,1,I-80,,3460,41.10313889,-115.0799778,0,1,0,0,1,1,0,3,2,1,0,1,0,0000000,99,99,99,99,99,99,0,0,0,1,0
32,320164,2,2,0,0,0,2,2,3,120,16,5,2012,4,14,49,0,13,3,SR-582 BOULDER HWY,,0,36.11280556,-115.0641556,0,12,7,0,1,1,0,1,1,1,0,1,0,0000000,14,52,14,56,88,88,0,0,0,1,0
32,320165,2,2,0,0,0,2,2,3,110,16,6,2012,7,15,51,0,16,6,WHITNEY RANCH DR,PLAIN SIGHT AVE,0,36.07524444,-115.052525,0,12,6,0,2,2,0,1,1,1,0,1,0,0000000,15,51,15,56,99,99,0,0,0,1,0
32,320166,1,1,0,1,1,1,1,3,120,13,4,2012,6,17,40,0,14,6,OWENS AVE,,0,36.18831111,-115.1040639,0,8,0,0,1,1,0,4,1,10,0,10,0,0000000,17,41,17,44,18,1,0,0,0,1,0
32,320167,1,1,0,0,0,1,1,3,0,21,4,2012,7,11,30,0,16,6,MAGIC MOMENT LN,,0,36.06123889,-115.1268583,0,33,0,0,1,1,0,4,1,1,0,1,0,0000000,11,30,11,42,12,10,0,0,0,1,1
32,320168,4,4,0,0,0,7,7,3,120,23,7,2012,2,13,57,0,16,6,FORT APACHE RD,RED HILLS RD,0,36.15105833,-115.2952333,0,12,6,0,2,2,0,1,1,1,0,1,0,0000000,14,18,14,31,88,88,14,0,0,1,0
32,320169,1,1,0,1,1,2,2,3,120,3,12,2012,2,13,6,0,16,3,SR-599 RANCHERO DRIVE,PALOMINO LANE,99998,36.16243611,-115.1728111,0,8,0,0,2,2,0,1,1,1,0,1,0,0000000,13,7,13,11,13,18,0,0,0,1,0
32,320170,1,1,0,2,2,1,1,3,0,26,5,2012,7,21,15,0,14,3,SR-604 LAS VEGAS BLVD,,0,36.05003333,-115.1723278,0,8,0,0,1,1,0,1,3,1,0,1,0,0000000,21,23,21,27,21,43,0,0,0,2,0
32,320171,2,2,0,0,0,3,3,3,0,19,10,2012,6,19,1,0,13,3,SR-582 BOULDER HWY,BOULDER RANCH AVE,0,36.0812,-115.0290306,0,12,6,0,2,3,0,1,3,1,0,1,0,0000000,19,2,19,23,19,35,0,0,0,1,0
32,320172,1,1,0,1,1,1,1,3,0,6,12,2012,5,16,49,0,14,6,S JONES BLVD,MOBERLY AVE,0,36.04748056,-115.2253778,0,15,0,0,2,3,0,1,3,1,0,1,0,0000000,16,51,16,59,17,23,0,0,0,1,0
32,320173,1,1,0,0,0,2,2,9,0,10,11,2012,7,8,50,1,2,2,US-6,,630,38.13575278,-117.4411611,0,32,0,0,1,1,0,4,1,10,0,10,0,0000000,99,99,99,99,99,99,0,0,0,1,0
32,320174,2,2,0,0,0,2,2,3,120,19,9,2012,4,10,32,0,13,3,SR-589 W SAHARA AVE,S VALLEY VIEW BLVD,99998,36.14436389,-115.1933833,0,12,1,0,3,2,0,1,1,1,0,1,0,0000000,10,33,10,37,10,47,0,0,0,1,0
32,320175,1,1,0,1,1,1,1,3,120,20,10,2012,7,20,40,0,14,3,SR-604 LAS VEGAS AVE,MESQUITE AVE,99998,36.17268056,-115.1384361,0,8,0,0,3,3,0,1,3,1,0,1,0,0000000,20,45,20,50,20,56,0,0,0,1,0
32,320176,2,2,0,0,0,5,5,3,120,7,10,2012,1,13,54,0,16,6,N DURANGO DRIVE,N EL CAPITAN WAY,0,36.30133056,-115.2826889,0,12,6,0,2,2,0,1,1,10,0,10,0,0000000,13,56,14,0,14,37,0,0,0,1,0
32,320177,1,1,0,0,0,1,1,3,0,2,8,2012,5,7,10,1,2,2,US-95 N,,900,36.29606667,-115.2833556,0,1,0,1,19,1,0,4,1,1,0,1,0,0000000,7,15,7,22,88,88,0,0,0,1,0
32,320178,1,1,0,0,0,2,2,3,0,4,8,2012,7,8,15,1,1,1,I-15,,978,36.72064444,-114.4586444,0,1,0,0,1,1,0,4,1,1,0,1,0,0000000,8,30,8,45,99,99,0,0,0,1,0
32,320179,1,1,0,0,0,1,1,23,0,7,8,2012,3,14,52,0,5,3,SR-160 BLUE DIAMOND RD,,700,36.43154167,-116.0716056,0,52,0,0,1,1,0,4,1,8,0,8,0,0000000,14,54,15,9,88,88,0,0,0,1,0
32,320180,1,1,0,0,0,2,2,3,150,20,10,2012,7,23,14,0,13,3,SR-215,,495,36.28330278,-115.0663722,0,1,0,0,1,1,0,1,2,1,0,1,0,0000000,23,16,23,26,23,55,0,0,0,1,0
32,320181,1,1,0,0,0,1,1,3,0,10,11,2012,7,2,43,1,11,1,I-215,,90,36.04361111,-115.1337778,0,1,0,1,5,1,1,8,3,1,0,1,0,0000000,2,41,2,48,3,3,0,0,0,1,1
32,320182,2,2,0,0,0,3,3,510,0,30,10,2012,3,16,49,0,15,3,SR-513 CARSON RIVER RD,N CAMBALLERIA DR,0,39.156925,-119.7250389,0,12,2,0,3,3,0,1,1,1,0,1,0,0000000,16,49,16,56,99,99,0,0,0,1,0
32,320183,1,1,0,1,1,1,1,3,0,12,11,2012,2,14,18,0,14,3,SR-596 JONES BLVD,US-95 NB OFF RAMP,0,36.17445833,-115.2240861,0,9,0,0,3,2,0,1,1,1,0,1,0,0000000,99,99,99,99,99,99,0,0,0,1,0
32,320184,1,1,0,1,1,2,2,3,110,20,11,2012,3,23,9,0,13,3,SR-582 S BOULDER HWY,S MAJOR AVE,99998,36.02996389,-114.9714556,0,8,0,0,3,2,0,1,3,1,0,1,0,0000000,23,11,23,16,99,99,0,0,0,1,0
32,320185,2,2,0,0,0,2,2,3,120,28,10,2012,1,2,42,0,14,3,SR-159 CHARLESTON BLVD,SHADOW LANE,99998,36.15883889,-115.1654139,0,12,6,0,2,2,0,1,3,1,0,1,0,0000000,2,45,2,48,99,99,0,0,0,1,1
32,320186,1,1,0,0,0,3,3,3,0,2,12,2012,1,6,47,0,2,3,SR-160,,250,36.00879444,-115.5827222,0,38,0,0,1,1,0,3,1,10,0,10,0,0000000,99,99,99,99,99,99,0,0,0,1,1
32,320187,1,1,0,0,0,2,2,3,0,3,12,2012,2,23,32,0,16,6,RIDGEDALE AVENUE,,0,36.13521389,-115.0792361,0,39,0,0,1,1,0,5,3,1,0,1,0,0000000,23,36,99,99,99,99,0,0,0,1,1
32,320188,2,2,0,0,0,2,2,3,120,14,12,2012,6,15,36,0,14,6,S DURANGO DR,W RUSSELL RD,0,36.08522222,-115.279175,0,12,6,0,2,2,0,1,1,1,0,1,0,0000000,15,37,15,43,16,13,0,0,0,1,0
32,320189,1,1,0,1,1,1,1,3,150,14,12,2012,6,21,35,0,16,6,W OWENS AVE,STOCKER ST,0,36.18844167,-115.1397389,0,8,0,0,2,3,0,1,3,2,0,2,0,0000000,21,35,21,41,99,99,0,0,0,1,0
32,320190,1,1,0,1,1,2,2,31,170,29,10,2012,2,19,43,1,11,1,I-80,,172,39.53403333,-119.7673889,0,8,0,0,1,1,0,1,3,1,0,1,0,0000000,19,43,19,50,88,88,0,0,0,1,0
32,320191,2,2,0,0,0,2,2,1,0,5,11,2012,2,23,57,0,2,3,SR-116,,30,39.49836944,-118.5844833,0,12,2,0,1,1,0,1,2,1,0,1,0,0000000,0,3,0,43,1,18,0,0,0,1,1
32,320192,2,2,0,0,0,3,3,3,120,10,11,2012,7,22,55,0,2,3,SR-595,,99998,36.17542778,-115.2442917,0,12,2,0,1,1,0,1,2,1,0,1,0,0000000,22,57,23,2,23,19,0,0,0,1,1
32,320193,5,5,0,0,0,10,10,3,0,7,7,2012,7,23,43,0,13,3,SR-582 BOULDER HWY,RUSSELL RD,99998,36.08459722,-115.0328694,0,12,6,0,2,2,0,1,3,1,0,1,0,0000000,23,44,23,52,0,21,0,0,0,1,0
32,320194,1,1,0,0,0,4,4,23,0,7,4,2012,7,5,4,1,2,2,US-95,,1870,36.81711111,-116.7347639,0,31,0,0,1,1,0,4,2,1,0,1,0,0000000,5,11,5,52,6,56,0,0,0,1,0
32,320195,2,2,0,0,0,4,4,3,128,16,11,2012,6,16,4,0,3,3,SR-163,,70,35.17299167,-114.7262306,0,12,6,0,1,1,0,1,1,1,0,1,0,0000000,16,23,16,51,17,32,0,0,0,1,0
32,320196,2,2,0,0,0,6,6,3,120,4,9,2012,3,10,38,0,13,3,SR-573 W CRAIG ROAD,N DECATUR BLVD,0,36.23881667,-115.2076056,0,12,6,0,2,2,0,1,1,1,0,1,0,0000000,10,40,11,15,11,45,0,0,0,1,0
32,320197,1,1,0,7,7,5,5,3,0,13,9,2012,5,6,24,0,16,6,SPRING MOUNTAIN ROAD,,0,36.12627778,-115.2071861,0,31,0,0,1,1,0,4,1,1,0,1,0,0000000,6,25,6,30,6,49,0,0,0,4,1
32,320198,1,1,0,0,0,3,3,3,120,30,11,2012,6,21,17,0,14,6,N MARYLAND PKWY,,0,36.17249444,-115.1300139,0,30,0,0,1,1,0,3,3,1,0,1,0,0000000,21,19,21,23,21,46,0,0,0,1,0
32,320199,1,1,0,1,1,1,1,3,110,26,12,2012,4,18,5,0,14,3,SR-562 W SUNSET ROAD,,99998,36.06365278,-115.035675,0,8,0,0,1,1,0,1,3,10,0,10,0,0000000,18,7,18,13,88,88,0,0,0,1,0
32,320200,1,1,0,1,1,1,1,31,190,26,12,2012,4,17,29,0,16,6,ODDIE BLVD,MALL DR,0,39.54546111,-119.7810111,0,8,0,0,2,2,0,1,3,10,0,10,0,0000000,17,30,17,35,17,49,0,0,0,1,0
32,320201,1,1,0,0,0,1,1,1,0,26,12,2012,4,14,31,1,2,2,US-50,,820,39.48616667,-118.8696861,0,18,0,0,1,1,0,4,1,10,0,10,0,0000000,14,36,14,43,99,99,0,0,0,1,0
32,320202,2,2,0,0,0,3,3,3,110,31,12,2012,2,10,4,0,13,3,SR-582 N BOULDER HWY,,99998,36.07167222,-115.0178556,0,12,2,0,1,1,0,1,1,1,0,1,0,0000000,10,6,10,10,10,38,0,0,0,2,0
32,320203,2,2,0,0,0,3,3,3,110,31,12,2012,2,14,7,0,13,3,SR-382 S BOULDER HWY,,99998,36.02545833,-114.966375,0,12,6,0,8,1,0,1,1,1,0,1,0,0000000,14,11,14,14,14,43,0,0,0,1,0
32,320204,1,1,0,2,2,1,1,3,120,16,11,2012,6,19,29,0,16,6,13TH ST,,0,36.16316667,-115.132925,0,8,0,0,1,1,0,1,2,1,0,1,0,0000000,19,30,19,33,19,44,0,0,0,2,0
32,320205,2,2,0,0,0,5,5,31,190,17,11,2012,7,15,49,0,13,6,LOS ALTOS PKWY,COLINA DR,0,39.58780833,-119.721325,0,12,6,0,2,2,0,1,1,2,0,2,0,0000000,15,50,15,55,99,99,0,0,0,1,0
32,320206,2,2,0,0,0,3,3,31,190,22,11,2012,5,19,13,0,13,6,SPARKS BLVD,,0,39.57655833,-119.72395,0,1,0,0,1,1,0,1,2,10,0,10,0,0000000,19,13,19,16,88,88,0,0,0,1,1
32,320207,2,2,0,0,0,3,3,3,120,8,12,2012,7,22,45,0,14,3,SR-596 JONES BLVD,EMPIRE CIRCLE,99998,36.17726667,-115.2239667,0,12,7,0,3,3,0,1,3,1,0,1,0,0000000,22,45,22,59,23,15,0,0,0,1,0
32,320208,1,1,0,1,1,2,2,33,80,5,12,2012,4,17,25,0,3,2,US-50,8TH ST,3440,39.25393611,-114.8723472,0,8,0,0,3,2,0,1,2,10,0,10,0,0000000,99,99,99,99,99,99,0,0,0,1,0
32,320209,2,2,0,0,0,6,6,19,0,15,12,2012,7,8,54,1,1,1,I-80,,503,39.62570833,-119.1979528,0,1,0,0,1,1,0,3,1,10,0,10,0,0000000,9,10,9,16,99,99,0,0,0,1,0
32,320210,1,1,0,1,1,1,1,3,110,25,5,2012,6,7,16,0,16,6,HAMPTON RD,,0,35.95606944,-115.1074611,0,8,0,0,1,1,0,4,1,1,0,1,0,0000000,7,18,7,22,88,88,0,0,0,1,0
32,320211,1,1,0,0,0,1,1,3,141,13,4,2012,6,20,29,0,16,6,MESA BLVD,,0,36.81626944,-114.0633417,0,1,0,0,1,1,0,4,3,10,0,10,0,0000000,99,99,99,99,99,99,0,0,0,1,0
32,320212,1,1,0,0,0,1,1,3,0,21,12,2012,6,13,5,1,13,3,SR-215,,99998,36.14980833,-115.337025,0,1,0,0,1,1,0,4,1,1,0,1,0,0000000,13,5,13,6,13,40,0,0,0,1,0
32,320213,4,4,0,0,0,5,5,31,0,1,12,2012,7,20,58,1,11,1,I-80,,387,39.59101111,-119.3834583,0,12,8,0,1,1,0,1,2,1,0,1,0,0000000,21,15,21,44,99,99,0,0,0,1,1
32,320214,1,1,0,0,0,1,1,1,0,23,12,2012,1,8,3,1,1,1,I-80/ALT US-95,,788,39.91069722,-118.8237278,0,31,0,0,1,1,0,3,1,10,0,10,0,0000000,8,30,9,16,88,88,0,0,0,1,0
32,320215,2,2,0,0,0,3,3,31,0,21,12,2012,6,13,50,0,3,3,SR-431,,187,39.37351111,-119.8428389,0,12,6,0,1,1,0,1,1,4,0,4,0,0000000,13,51,13,59,14,43,0,0,0,1,0
32,320216,2,2,0,0,0,2,2,3,110,30,5,2012,4,3,17,0,13,3,SR-582 N BOULDER HWY,,99998,36.04252778,-114.9851889,0,12,1,0,1,1,0,1,3,1,0,1,0,0000000,3,26,3,32,4,21,0,0,0,1,1
32,320217,1,1,0,1,1,3,3,23,0,30,11,2012,6,21,31,0,6,6,LINDA ST,MORGAN LANE,0,36.22432778,-116.0324306,0,8,0,0,2,2,0,1,2,1,0,1,0,0000000,21,32,99,97,99,97,0,0,0,1,0
32,320218,1,1,0,1,1,2,2,3,120,20,7,2012,6,18,39,0,14,3,SR-574 CHEYENNE,MAVERICK ST,99998,36.21736389,-115.2319556,0,15,0,0,3,3,0,1,1,10,0,10,0,0000000,18,41,18,44,19,0,0,0,0,1,0
32,320219,1,1,0,1,1,1,1,3,120,10,8,2012,6,7,55,0,16,6,SUTTER HILLS AVE,,0,36.17901389,-115.3358222,0,8,0,0,1,1,0,1,1,1,0,1,0,0000000,7,55,7,59,8,18,0,0,0,1,0
32,320220,2,1,1,0,0,1,1,3,120,11,8,2012,7,6,42,0,15,6,GOWAN RD,,0,36.22535556,-115.2386056,0,14,0,0,1,1,0,4,1,1,0,1,0,0000000,6,42,99,99,88,88,0,0,0,1,1
32,320221,2,2,0,0,0,4,4,3,120,11,8,2012,7,17,35,0,14,6,MARTIN L KING BLVD,,0,36.17137222,-115.1607944,0,1,0,0,1,1,0,1,1,1,0,1,0,0000000,17,35,17,40,17,46,0,0,0,1,0
32,320222,2,2,0,0,0,2,2,3,110,4,12,2012,3,18,51,0,14,6,GREEN VALLEY PKWY,,0,36.068375,-115.0823583,0,12,6,0,8,1,0,1,3,1,0,1,0,0000000,18,52,18,56,19,18,0,0,0,1,0
32,320223,2,2,0,1,1,2,2,31,170,30,11,2012,6,17,50,0,16,6,W 7TH ST,,0,39.53797222,-119.8682167,0,18,0,0,8,1,0,1,3,2,10,2,0,0000000,17,50,17,54,88,88,0,0,0,1,0
32,320224,1,1,0,1,1,1,1,3,120,1,9,2012,7,23,21,0,14,6,TROPICANA AVE,,0,36.09980556,-115.2433806,0,8,0,0,1,1,0,1,2,1,0,1,0,0000000,23,23,23,32,23,47,0,0,0,1,0
32,320225,1,1,0,0,0,2,2,3,156,27,9,2012,5,0,50,0,16,6,SPENCER ST,,0,36.10565556,-115.1276694,0,39,0,0,1,1,0,5,2,1,0,1,0,0000000,0,58,1,7,1,21,0,0,0,1,1
32,320226,1,1,0,0,0,1,1,31,170,21,6,2012,5,13,47,0,16,6,CAUGHLIN CROSSING RD,,0,39.50268056,-119.8591139,0,5,0,0,1,1,0,1,1,1,0,1,0,0000000,99,99,99,99,88,88,0,0,0,1,0
32,320227,7,7,0,0,0,14,14,3,120,2,10,2012,3,14,50,0,14,6,N DECATUR BLVD,SR-574,0,36.217325,-115.2074778,0,12,7,0,3,2,0,1,1,1,0,1,0,0000000,14,50,14,55,15,30,0,0,0,1,0
32,320228,1,1,0,1,1,1,1,3,120,17,10,2012,4,20,22,0,14,3,SR-592 FLAMINGO RD,,99998,36.11457222,-115.2276417,0,8,0,0,1,1,0,1,2,1,0,1,0,0000000,20,23,20,31,20,47,0,0,0,1,1
32,320229,1,1,0,0,0,2,2,31,170,15,5,2012,3,19,31,0,15,6,SKY VISTA PKWY,,0,39.61495,-119.8570361,0,1,0,0,1,1,0,5,5,1,0,1,0,0000000,19,31,19,40,20,24,0,0,0,1,1
32,320230,1,1,0,1,1,1,1,31,170,11,11,2012,1,20,31,1,13,3,SR-659 S MCCARRAN BLVD,PLUMAS ST,99998,39.47665278,-119.8117389,0,8,0,0,2,2,0,1,3,1,0,1,0,0000000,20,32,20,38,20,52,0,0,0,1,1
32,320231,3,2,1,0,0,2,2,31,170,6,10,2012,7,20,45,0,16,6,SUTRO ST,,0,39.552325,-119.7985694,0,1,0,0,8,1,0,1,3,1,0,1,0,0000000,20,47,20,53,88,88,0,0,0,1,0
32,320232,1,1,0,1,1,3,3,31,170,24,9,2012,2,17,11,0,16,6,SIVERADA BLVD,PARADISE DR,0,39.54456389,-119.7828194,0,15,0,0,3,3,0,1,1,1,0,1,0,0000000,17,12,17,20,17,25,0,0,0,1,0
32,320233,2,2,0,0,0,2,2,31,170,24,8,2012,6,7,59,0,16,6,PARR BLVD,,0,39.56948056,-119.8189222,0,5,0,0,8,1,0,1,1,1,0,1,0,0000000,8,0,8,7,8,25,0,0,0,1,0
32,320234,2,2,0,0,0,2,2,31,170,23,9,2012,1,9,17,0,16,6,E PLUMB LANE,MATLEY LANE,0,39.50589167,-119.7808472,0,12,6,1,2,2,0,1,1,1,0,1,0,0000000,9,18,9,24,9,34,0,0,0,1,0
32,320235,1,1,0,1,1,1,1,31,170,8,4,2012,1,21,58,0,16,6,N CENTER ST,5TH ST,0,39.531475,-119.8133306,0,15,0,0,3,2,1,1,3,1,0,1,0,0000000,22,0,22,9,22,19,0,0,0,1,0
32,320236,2,2,0,0,0,4,4,31,170,19,6,2012,3,8,40,0,16,6,AIRWAY DRIVE,QUAIL MANOR COURT,0,39.46888889,-119.7703639,0,12,6,0,8,1,0,1,1,1,0,1,0,0000000,8,45,8,50,99,99,14,0,0,1,0
32,320237,2,2,0,0,0,3,3,31,0,13,12,2012,5,21,25,1,2,2,US-395,,99998,39.62367778,-119.903475,0,31,0,0,1,1,0,4,2,1,0,1,0,0000000,21,29,21,35,88,88,14,0,0,1,1
32,320238,1,1,0,0,0,1,1,3,120,22,9,2012,7,14,24,0,13,3,SR-159 CHARLESTON BLVD,,0,36.15923056,-115.2296917,0,1,0,0,1,1,0,1,1,10,0,10,0,0000000,14,24,14,32,14,50,0,0,0,1,0
32,320239,1,1,0,1,1,4,4,3,120,28,9,2012,6,19,58,0,13,3,SR-159 CHARLESTON BLVD,,0,36.15893611,-115.1641694,0,8,0,0,1,1,0,1,3,1,0,1,0,0000000,19,59,20,4,20,10,0,0,0,1,0